Hour,Load,P_WT,P_PV,P_ST_Charge,P_ST_Discharge,SOC,P_Grid_Buy,P_Grid_Sell
0,35.0,7.03,0.0,3.22,0.0,0.0,31.19,0.0
1,35.0,7.03,0.0,3.22,0.0,0.0192,31.19,0.0
2,35.0,8.2,0.0,0.16,0.0,0.0384,26.96,0.0
3,35.0,8.2,0.0,0.0,0.0,0.0393,26.8,0.0
4,35.0,7.03,0.0,0.0,0.0,0.0393,27.97,0.0
5,35.0,5.04,0.0,1.23,0.0,0.0393,31.19,0.0
6,35.0,3.46,0.0,0.0,0.35,0.0467,31.19,0.0
7,36.95,3.46,0.0,0.0,2.3,0.0443,31.19,0.0
8,38.83,1.03,2.21,0.0,4.41,0.0291,31.19,0.0
9,40.56,8.2,32.6,0.0,0.0,0.0,0.0,0.24
10,42.07,25.01,59.77,11.53,0.0,0.0,0.0,31.19
11,43.31,36.82,77.04,39.36,0.0,0.0687,0.0,31.19
12,44.24,36.82,85.97,47.37,0.0,0.3033,0.0,31.19
13,44.81,36.82,56.08,16.9,0.0,0.5857,0.0,31.19
14,45.0,36.82,75.6,36.24,0.0,0.6864,0.0,31.19
15,44.81,36.82,55.54,16.37,0.0,0.9024,0.0,31.19
16,44.24,25.01,28.5,0.0,0.0,1.0,0.0,9.27
17,43.31,2.81,0.99,0.0,8.32,1.0,31.19,0.0
18,42.07,0.75,0.0,0.0,10.14,0.945,31.19,0.0
19,40.56,0.75,0.0,0.0,19.16,0.8781,20.65,0.0
20,38.83,1.03,0.0,0.0,6.61,0.7516,31.19,0.0
21,36.95,1.37,0.0,0.0,4.4,0.7079,31.19,0.0
22,35.0,1.37,0.0,0.0,2.45,0.6788,31.19,0.0
23,35.0,1.03,0.0,0.0,2.79,0.6626,31.19,0.0
24,35.04,0.53,0.0,0.0,3.33,0.6442,31.19,0.0
25,35.04,0.35,0.0,0.0,3.5,0.6222,31.19,0.0
26,35.04,0.35,0.0,0.0,3.5,0.5991,31.19,0.0
27,35.04,0.22,0.0,0.0,3.63,0.5759,31.19,0.0
28,35.04,0.13,0.0,0.0,34.91,0.5519,0.0,0.0
29,35.04,0.07,0.0,0.0,3.79,0.3213,31.19,0.0
30,35.04,0.01,0.0,0.0,35.03,0.2963,0.0,0.0
31,36.99,0.0,0.0,0.0,5.81,0.0649,31.19,0.0
32,38.87,0.0,3.67,0.0,4.02,0.0265,31.19,0.0
33,40.6,0.13,21.01,0.0,0.0,0.0,19.46,0.0
34,42.11,0.75,38.41,0.0,0.0,0.0,2.96,0.0
35,43.36,2.25,83.53,42.43,0.0,0.0,0.0,0.0
36,44.28,4.2,91.63,50.0,0.0,0.2529,0.0,1.55
37,44.85,5.04,62.81,23.0,0.0,0.551,0.0,0.0
38,45.04,5.98,82.98,43.92,0.0,0.688,0.0,0.0
39,44.85,7.03,45.36,7.54,0.0,0.9498,0.0,0.0
40,44.28,2.25,35.78,0.0,0.0,0.9948,6.25,0.0
41,43.36,0.07,2.69,0.0,40.61,0.9948,0.0,0.0
42,42.11,0.01,0.0,0.0,10.92,0.7266,31.19,0.0
43,40.6,0.01,0.0,0.0,9.4,0.6544,31.19,0.0
44,38.87,0.01,0.0,0.0,9.59,0.5923,29.27,0.0
45,36.99,0.01,0.0,0.0,5.8,0.529,31.19,0.0
46,35.04,0.01,0.0,0.0,3.85,0.4907,31.19,0.0
47,35.04,0.01,0.0,0.0,3.85,0.4653,31.19,0.0
48,35.09,0.01,0.0,0.0,3.89,0.4398,31.19,0.0
49,35.09,0.01,0.0,0.0,3.89,0.4141,31.19,0.0
50,35.09,0.0,0.0,0.0,3.9,0.3884,31.19,0.0
51,35.09,0.0,0.0,0.0,3.9,0.3627,31.19,0.0
52,35.09,0.0,0.0,0.0,3.9,0.3369,31.19,0.0
53,35.09,0.0,0.0,0.0,3.9,0.3112,31.19,0.0
54,35.09,0.0,0.0,0.0,3.9,0.2854,31.19,0.0
55,37.04,0.0,0.0,0.0,5.85,0.2597,31.19,0.0
56,38.91,0.0,5.45,0.0,33.46,0.221,0.0,0.0
57,40.64,0.0,43.35,0.0,0.0,0.0,0.0,2.71
58,42.16,0.0,71.87,0.0,0.0,0.0,0.0,29.71
59,43.4,0.03,89.31,14.75,0.0,0.0,0.0,31.19
60,44.32,0.13,97.39,50.0,0.0,0.0879,0.0,3.19
61,44.89,0.13,97.21,50.0,0.0,0.386,0.0,2.45
62,45.09,0.07,88.44,43.42,0.0,0.684,0.0,0.0
63,44.89,0.03,71.35,9.59,0.0,0.9429,0.0,16.9
64,44.32,0.0,42.82,0.0,0.0,1.0,1.51,0.0
65,43.4,0.0,7.38,0.0,4.84,1.0,31.19,0.0
66,42.16,0.0,0.0,0.0,17.29,0.9681,24.86,0.0
67,40.64,0.0,0.0,0.0,9.46,0.8538,31.19,0.0
68,38.91,0.0,0.0,0.0,7.73,0.7914,31.19,0.0
69,37.04,0.0,0.0,0.0,37.04,0.7404,0.0,0.0
70,35.09,0.0,0.0,0.0,3.9,0.4957,31.19,0.0
71,35.09,0.0,0.0,0.0,3.9,0.47,31.19,0.0
72,35.13,0.0,0.0,0.0,3.94,0.4442,31.19,0.0
73,35.13,0.0,0.0,0.0,3.94,0.4182,31.19,0.0
74,35.13,0.0,0.0,0.0,3.94,0.3922,31.19,0.0
75,35.13,0.0,0.0,0.0,35.13,0.3661,0.0,0.0
76,35.13,0.0,0.0,0.0,3.94,0.1341,31.19,0.0
77,35.13,0.0,0.0,0.0,3.94,0.1081,31.19,0.0
78,35.13,0.0,0.0,0.0,3.94,0.082,31.19,0.0
79,37.08,0.0,0.0,0.0,5.89,0.056,31.19,0.0
80,38.96,0.01,5.18,0.0,2.58,0.0171,31.19,0.0
81,40.68,0.22,43.06,0.0,0.0,0.0,0.0,2.6
82,42.2,0.75,71.79,0.0,0.0,0.0,0.0,30.34
83,43.44,1.77,87.63,14.77,0.0,0.0,0.0,31.19
84,44.37,1.77,95.91,50.0,0.0,0.0881,0.0,3.31
85,44.94,1.37,93.13,49.56,0.0,0.3861,0.0,0.0
86,45.13,1.03,83.85,31.41,0.0,0.6815,0.0,8.34
87,44.94,0.75,66.21,22.02,0.0,0.8687,0.0,0.0
88,44.37,0.07,38.12,0.0,0.0,1.0,6.18,0.0
89,43.44,0.0,5.03,0.0,38.42,1.0,0.0,0.0
90,42.2,0.03,0.0,0.0,42.17,0.7463,0.0,0.0
91,40.68,0.07,0.0,0.0,10.79,0.4677,29.83,0.0
92,38.96,0.07,0.0,0.0,7.7,0.3965,31.19,0.0
93,37.08,0.03,0.0,0.0,5.87,0.3456,31.19,0.0
94,35.13,0.01,0.0,0.0,3.93,0.3069,31.19,0.0
95,35.13,0.01,0.0,0.0,3.93,0.2809,31.19,0.0
96,35.17,0.0,0.0,0.0,3.98,0.2549,31.19,0.0
97,35.17,0.0,0.0,0.0,3.99,0.2286,31.19,0.0
98,35.17,0.0,0.0,0.0,3.99,0.2022,31.19,0.0
99,35.17,0.0,0.0,0.0,3.99,0.1759,31.19,0.0
100,35.17,0.0,0.0,0.0,3.99,0.1496,31.19,0.0
101,35.17,0.0,0.0,0.0,3.99,0.1233,31.19,0.0
102,35.17,0.0,0.0,0.0,3.99,0.097,31.19,0.0
103,37.12,0.0,0.0,0.0,5.94,0.0706,31.19,0.0
104,39.0,0.0,3.06,0.0,4.76,0.0314,31.19,0.0
105,40.73,0.0,34.62,0.0,0.0,0.0,6.11,0.0
106,42.24,0.0,61.56,19.31,0.0,0.0,0.0,0.0
107,43.49,0.0,78.98,15.4,0.0,0.1151,0.0,20.09
108,44.41,0.03,87.45,43.07,0.0,0.2069,0.0,0.0
109,44.98,0.0,86.85,41.87,0.0,0.4637,0.0,0.0
110,45.17,0.0,77.68,32.51,0.0,0.7132,0.0,0.0
111,44.98,0.0,60.58,15.6,0.0,0.907,0.0,0.0
112,44.41,0.0,34.47,0.0,9.94,1.0,0.0,0.0
113,43.49,0.0,4.0,0.0,8.3,0.9343,31.19,0.0
114,42.24,0.0,0.0,0.0,42.24,0.8795,0.0,0.0
115,40.73,0.0,0.0,0.0,9.54,0.6005,31.19,0.0
116,39.0,0.0,0.0,0.0,27.51,0.5375,11.49,0.0
117,37.12,0.0,0.0,0.0,5.94,0.3558,31.19,0.0
118,35.17,0.0,0.0,0.0,3.99,0.3166,31.19,0.0
119,35.17,0.0,0.0,0.0,3.99,0.2903,31.19,0.0
120,35.21,0.0,0.0,0.0,4.03,0.264,31.19,0.0
121,35.21,0.0,0.0,0.0,4.03,0.2374,31.19,0.0
122,35.21,0.0,0.0,0.0,4.03,0.2108,31.19,0.0
123,35.21,0.0,0.0,0.0,4.03,0.1841,31.19,0.0
124,35.21,0.0,0.0,0.0,4.03,0.1575,31.19,0.0
125,35.21,0.0,0.0,0.0,4.03,0.1309,31.19,0.0
126,35.21,0.0,0.0,0.0,4.03,0.1043,31.19,0.0
127,37.17,0.0,0.0,0.0,5.98,0.0777,31.19,0.0
128,39.04,0.0,2.07,0.0,5.79,0.0382,31.19,0.0
129,40.77,0.0,31.3,0.0,0.0,0.0,9.47,0.0
130,42.29,0.0,57.4,15.11,0.0,0.0,0.0,0.0
131,43.53,0.22,76.62,33.31,0.0,0.0901,0.0,0.0
132,44.45,0.75,85.2,41.5,0.0,0.2886,0.0,0.0
133,45.02,0.75,83.96,39.69,0.0,0.536,0.0,0.0
134,45.21,0.22,47.34,2.35,0.0,0.7726,0.0,0.0
135,45.02,0.13,54.75,9.86,0.0,0.7866,0.0,0.0
136,44.45,0.0,28.78,0.0,0.0,0.8453,15.67,0.0
137,43.53,0.0,2.1,0.0,41.43,0.8453,0.0,0.0
138,42.29,0.0,0.0,0.0,14.81,0.5717,27.48,0.0
139,40.77,0.0,0.0,0.0,9.58,0.4739,31.19,0.0
140,39.04,0.0,0.0,0.0,7.85,0.4106,31.19,0.0
141,37.17,0.0,0.0,0.0,5.98,0.3587,31.19,0.0
142,35.21,0.0,0.0,0.0,4.03,0.3192,31.19,0.0
143,35.21,0.0,0.0,0.0,4.03,0.2926,31.19,0.0
144,35.26,0.0,0.0,0.0,4.07,0.266,31.19,0.0
145,35.26,0.0,0.0,0.0,4.07,0.2391,31.19,0.0
146,35.26,0.0,0.0,0.0,4.07,0.2123,31.19,0.0
147,35.26,0.0,0.0,0.0,4.07,0.1854,31.19,0.0
148,35.26,0.0,0.0,0.0,4.07,0.1585,31.19,0.0
149,35.26,0.0,0.0,0.0,4.07,0.1316,31.19,0.0
150,35.26,0.0,0.0,0.0,4.07,0.1047,31.19,0.0
151,37.21,0.0,0.0,0.0,6.02,0.0778,31.19,0.0
152,39.08,0.01,2.13,0.0,5.76,0.038,31.19,0.0
153,40.81,1.03,32.76,0.0,0.0,0.0,7.03,0.0
154,42.33,5.04,60.77,0.0,0.0,0.0,0.0,23.48
155,43.57,16.02,79.47,20.73,0.0,0.0,0.0,31.19
156,44.5,27.69,89.29,41.3,0.0,0.1236,0.0,31.19
157,45.07,36.82,63.46,49.46,0.0,0.3697,0.0,5.75
158,45.26,36.82,46.74,38.31,0.0,0.6646,0.0,0.0
159,45.07,30.55,63.67,17.97,0.0,0.8929,0.0,31.19
160,44.5,5.98,35.96,0.0,0.0,1.0,2.56,0.0
161,43.57,0.13,4.59,0.0,37.52,1.0,1.34,0.0
162,42.33,0.0,0.0,0.0,42.33,0.7522,0.0,0.0
163,40.81,0.0,0.0,0.0,9.63,0.4726,31.19,0.0
164,39.08,0.0,0.0,0.0,7.9,0.4091,31.19,0.0
165,37.21,0.0,0.0,0.0,6.02,0.3569,31.19,0.0
166,35.26,0.0,0.0,0.0,4.07,0.3171,31.19,0.0
167,35.26,0.0,0.0,0.0,4.07,0.2902,31.19,0.0
168,35.3,0.0,0.0,0.0,4.11,0.2633,31.19,0.0
169,35.3,0.0,0.0,0.0,4.11,0.2362,31.19,0.0
170,35.3,0.0,0.0,0.0,4.11,0.209,31.19,0.0
171,35.3,0.0,0.0,0.0,4.11,0.1818,31.19,0.0
172,35.3,0.0,0.0,0.0,4.11,0.1547,31.19,0.0
173,35.3,0.0,0.0,0.0,4.11,0.1275,31.19,0.0
174,35.3,0.0,0.0,0.0,4.11,0.1003,31.19,0.0
175,37.25,0.0,0.0,0.0,6.07,0.0731,31.19,0.0
176,39.13,0.0,2.93,0.0,5.01,0.0331,31.19,0.0
177,40.86,0.0,33.75,0.0,0.0,0.0,7.1,0.0
178,42.37,0.0,60.27,17.9,0.0,0.0,0.0,0.0
179,43.62,0.0,77.21,18.82,0.0,0.1067,0.0,14.77
180,44.54,0.03,86.01,41.5,0.0,0.2189,0.0,0.0
181,45.11,0.03,86.54,41.46,0.0,0.4663,0.0,0.0
182,45.3,0.01,77.85,32.56,0.0,0.7134,0.0,0.0
183,45.11,0.0,60.63,15.52,0.0,0.9075,0.0,0.0
184,44.54,0.0,34.1,0.0,10.44,1.0,0.0,0.0
185,43.62,0.0,4.26,0.0,8.16,0.931,31.19,0.0
186,42.37,0.0,0.0,0.0,42.37,0.8771,0.0,0.0
187,40.86,0.0,0.0,0.0,9.67,0.5973,31.19,0.0
188,39.13,0.0,0.0,0.0,7.94,0.5334,31.19,0.0
189,37.25,0.0,0.0,0.0,6.07,0.4809,31.19,0.0
190,35.3,0.0,0.0,0.0,4.11,0.4409,31.19,0.0
191,35.3,0.0,0.0,0.0,4.11,0.4137,31.19,0.0
192,35.34,0.0,0.0,0.0,4.16,0.3865,31.19,0.0
193,35.34,0.0,0.0,0.0,4.16,0.3591,31.19,0.0
194,35.34,0.0,0.0,0.0,4.16,0.3316,31.19,0.0
195,35.34,0.0,0.0,0.0,22.61,0.3042,12.73,0.0
196,35.34,0.01,0.0,0.0,4.15,0.1548,31.19,0.0
197,35.34,0.01,0.0,0.0,4.15,0.1274,31.19,0.0
198,35.34,0.01,0.0,0.0,4.15,0.1,31.19,0.0
199,37.29,0.01,0.0,0.0,6.1,0.0726,31.19,0.0
200,39.17,0.0,3.09,0.0,4.89,0.0323,31.19,0.0
201,40.9,0.35,35.93,0.0,0.0,0.0,4.61,0.0
202,42.41,2.81,64.57,0.0,0.0,0.0,0.0,24.97
203,43.66,5.98,81.95,13.09,0.0,0.0,0.0,31.19
204,44.58,9.5,90.59,50.0,0.0,0.078,0.0,5.51
205,45.15,12.48,90.36,50.0,0.0,0.376,0.0,7.69
206,45.34,14.18,81.55,40.31,0.0,0.6741,0.0,10.08
207,45.15,9.5,50.02,14.37,0.0,0.9143,0.0,0.0
208,44.58,1.37,37.01,0.0,0.0,1.0,6.2,0.0
209,43.66,0.03,5.27,0.0,7.18,1.0,31.19,0.0
210,42.41,0.01,0.0,0.0,11.22,0.9526,31.19,0.0
211,40.9,0.03,0.0,0.0,39.44,0.8785,1.43,0.0
212,39.17,0.03,0.0,0.0,7.96,0.618,31.19,0.0
213,37.29,0.01,0.0,0.0,6.1,0.5654,31.19,0.0
214,35.34,0.01,0.0,0.0,4.15,0.5252,31.19,0.0
215,35.34,0.01,0.0,0.0,4.15,0.4978,31.19,0.0
216,35.39,0.03,0.0,0.0,4.17,0.4704,31.19,0.0
217,35.39,0.03,0.0,0.0,4.17,0.4428,31.19,0.0
218,35.39,0.03,0.0,0.0,4.17,0.4153,31.19,0.0
219,35.39,0.01,0.0,0.0,35.38,0.3877,0.0,0.0
220,35.39,0.0,0.0,0.0,4.2,0.154,31.19,0.0
221,35.39,0.0,0.0,0.0,4.2,0.1263,31.19,0.0
222,35.39,0.0,0.0,0.0,4.2,0.0986,31.19,0.0
223,37.34,0.0,0.0,0.0,6.15,0.0708,31.19,0.0
224,39.21,0.0,3.45,0.0,4.57,0.0302,31.19,0.0
225,40.94,0.0,36.48,0.0,0.0,0.0,4.46,0.0
226,42.46,0.0,64.25,4.03,0.0,0.0,0.0,17.77
227,43.7,0.22,59.85,0.0,0.0,0.024,0.0,16.37
228,44.62,2.25,92.36,49.98,0.0,0.024,0.0,0.0
229,45.19,5.98,93.75,50.0,0.0,0.3219,0.0,4.54
230,45.39,8.2,86.08,48.9,0.0,0.62,0.0,0.0
231,45.19,7.03,53.01,14.85,0.0,0.9115,0.0,0.0
232,44.62,1.03,41.96,0.0,1.64,1.0,0.0,0.0
233,43.7,0.0,7.34,0.0,36.36,0.9892,0.0,0.0
234,42.46,0.0,0.0,0.0,42.05,0.749,0.41,0.0
235,40.94,0.0,0.0,0.0,9.76,0.4713,31.19,0.0
236,39.21,0.0,0.0,0.0,8.03,0.4069,31.19,0.0
237,37.34,0.0,0.0,0.0,6.15,0.3539,31.19,0.0
238,35.39,0.0,0.0,0.0,4.2,0.3132,31.19,0.0
239,35.39,0.0,0.0,0.0,4.2,0.2855,31.19,0.0
240,35.43,0.0,0.0,0.0,4.24,0.2578,31.19,0.0
241,35.43,0.0,0.0,0.0,4.24,0.2297,31.19,0.0
242,35.43,0.0,0.0,0.0,4.24,0.2017,31.19,0.0
243,35.43,0.0,0.0,0.0,4.24,0.1737,31.19,0.0
244,35.43,0.0,0.0,0.0,4.24,0.1457,31.19,0.0
245,35.43,0.0,0.0,0.0,4.24,0.1177,31.19,0.0
246,35.43,0.0,0.0,0.0,4.24,0.0897,31.19,0.0
247,37.38,0.0,0.0,0.0,6.19,0.0616,31.19,0.0
248,39.26,0.03,4.9,0.0,3.14,0.0207,31.19,0.0
249,40.98,0.53,41.98,0.0,0.0,0.0,0.0,1.52
250,42.5,3.46,70.75,0.53,0.0,0.0,0.0,31.19
251,43.74,7.03,86.13,18.23,0.0,0.0031,0.0,31.19
252,44.67,5.98,94.97,50.0,0.0,0.1118,0.0,6.28
253,45.24,3.46,94.81,34.45,0.0,0.4099,0.0,18.59
254,45.43,1.77,86.03,42.37,0.0,0.6152,0.0,0.0
255,45.24,0.35,67.07,22.18,0.0,0.8678,0.0,0.0
256,44.67,0.01,40.09,0.0,4.57,1.0,0.0,0.0
257,43.74,0.0,6.93,0.0,30.99,0.9698,5.83,0.0
258,42.5,0.01,0.0,0.0,42.49,0.7652,0.0,0.0
259,40.98,0.01,0.0,0.0,9.79,0.4845,31.19,0.0
260,39.26,0.0,0.0,0.0,8.07,0.4199,31.19,0.0
261,37.38,0.0,0.0,0.0,6.19,0.3666,31.19,0.0
262,35.43,0.0,0.0,0.0,4.24,0.3257,31.19,0.0
263,35.43,0.0,0.0,0.0,4.24,0.2977,31.19,0.0
264,35.47,0.0,0.0,0.0,4.28,0.2696,31.19,0.0
265,35.47,0.0,0.0,0.0,4.28,0.2413,31.19,0.0
266,35.47,0.0,0.0,0.0,4.28,0.213,31.19,0.0
267,35.47,0.0,0.0,0.0,4.28,0.1848,31.19,0.0
268,35.47,0.0,0.0,0.0,4.28,0.1565,31.19,0.0
269,35.47,0.0,0.0,0.0,4.28,0.1282,31.19,0.0
270,35.47,0.01,0.0,0.0,4.28,0.0999,31.19,0.0
271,37.42,0.01,0.0,0.0,6.23,0.0716,31.19,0.0
272,39.3,0.0,3.49,0.0,4.62,0.0305,31.19,0.0
273,41.03,0.0,36.3,0.0,0.0,0.0,4.72,0.0
274,42.54,0.13,64.46,1.71,0.0,0.0,0.0,20.33
275,43.79,0.22,82.61,7.86,0.0,0.0102,0.0,31.19
276,44.71,0.53,91.68,47.5,0.0,0.057,0.0,0.0
277,45.28,0.53,92.41,47.65,0.0,0.3402,0.0,0.0
278,45.47,0.53,84.76,39.81,0.0,0.6242,0.0,0.0
279,45.28,0.22,68.29,23.23,0.0,0.8615,0.0,0.0
280,44.71,0.0,41.57,0.0,3.14,1.0,0.0,0.0
281,43.79,0.0,7.77,0.0,21.36,0.9792,14.65,0.0
282,42.54,0.0,0.0,0.0,42.54,0.8382,0.0,0.0
283,41.03,0.0,0.0,0.0,9.84,0.5572,31.19,0.0
284,39.3,0.0,0.0,0.0,8.11,0.4922,31.19,0.0
285,37.42,0.0,0.0,0.0,6.24,0.4386,31.19,0.0
286,35.47,0.0,0.0,0.0,4.28,0.3975,31.19,0.0
287,35.47,0.0,0.0,0.0,4.28,0.3692,31.19,0.0
288,35.51,0.0,0.0,0.0,4.33,0.3409,31.19,0.0
289,35.51,0.0,0.0,0.0,4.33,0.3123,31.19,0.0
290,35.51,0.0,0.0,0.0,4.33,0.2837,31.19,0.0
291,35.51,0.0,0.0,0.0,4.33,0.2551,31.19,0.0
292,35.51,0.0,0.0,0.0,4.33,0.2266,31.19,0.0
293,35.51,0.0,0.0,0.0,4.33,0.198,31.19,0.0
294,35.51,0.0,0.0,0.0,4.33,0.1694,31.19,0.0
295,37.46,0.0,0.0,0.0,6.28,0.1408,31.19,0.0
296,39.34,0.0,3.68,0.0,4.47,0.0994,31.19,0.0
297,41.07,0.0,36.94,0.0,0.0,0.0698,4.13,0.0
298,42.58,0.0,64.06,21.47,0.0,0.0698,0.0,0.0
299,43.83,0.0,78.94,35.11,0.0,0.1978,0.0,0.0
300,44.75,0.0,86.94,42.18,0.0,0.4071,0.0,0.0
301,45.32,0.0,86.7,41.38,0.0,0.6586,0.0,0.0
302,45.51,0.0,59.18,13.66,0.0,0.9052,0.0,0.0
303,45.32,0.0,47.56,2.24,0.0,0.9867,0.0,0.0
304,44.75,0.0,24.01,0.0,0.0,1.0,20.75,0.0
305,43.83,0.0,4.64,0.0,8.0,1.0,31.19,0.0
306,42.58,0.0,0.0,0.0,11.4,0.9471,31.19,0.0
307,41.07,0.0,0.0,0.0,9.88,0.8719,31.19,0.0
308,39.34,0.0,0.0,0.0,8.15,0.8066,31.19,0.0
309,37.46,0.0,0.0,0.0,6.28,0.7527,31.19,0.0
310,35.51,0.0,0.0,0.0,4.33,0.7113,31.19,0.0
311,35.51,0.0,0.0,0.0,4.33,0.6827,31.19,0.0
312,35.55,0.0,0.0,0.0,4.37,0.6541,31.19,0.0
313,35.55,0.0,0.0,0.0,4.37,0.6253,31.19,0.0
314,35.55,0.0,0.0,0.0,4.37,0.5964,31.19,0.0
315,35.55,0.0,0.0,0.0,4.37,0.5676,31.19,0.0
316,35.55,0.0,0.0,0.0,4.37,0.5387,31.19,0.0
317,35.55,0.0,0.0,0.0,4.37,0.5099,31.19,0.0
318,35.55,0.0,0.0,0.0,4.37,0.481,31.19,0.0
319,37.51,0.0,0.0,0.0,6.32,0.4522,31.19,0.0
320,39.38,0.0,1.03,0.0,7.17,0.4104,31.19,0.0
321,41.11,0.0,14.7,4.77,0.0,0.3631,31.19,0.0
322,42.63,0.07,31.07,19.69,0.0,0.3915,31.19,0.0
323,43.87,0.22,41.02,28.56,0.0,0.5089,31.19,0.0
324,44.79,0.13,23.02,9.54,0.0,0.6791,31.19,0.0
325,45.36,0.03,10.62,0.0,3.53,0.736,31.19,0.0
326,45.55,0.0,11.66,0.0,2.71,0.7127,31.19,0.0
327,45.36,0.0,21.06,6.89,0.0,0.6948,31.19,0.0
328,44.79,0.0,1.46,0.0,12.15,0.7358,31.19,0.0
329,43.87,0.0,0.06,0.0,12.63,0.6556,31.19,0.0
330,42.63,0.0,0.0,0.0,11.44,0.5722,31.19,0.0
331,41.11,0.0,0.0,0.0,9.92,0.4967,31.19,0.0
332,39.38,0.0,0.0,0.0,8.2,0.4311,31.19,0.0
333,37.51,0.0,0.0,0.0,6.32,0.377,31.19,0.0
334,35.55,0.0,0.0,0.0,4.37,0.3352,31.19,0.0
335,35.55,0.0,0.0,0.0,4.37,0.3064,31.19,0.0
336,35.6,0.03,0.0,0.0,4.38,0.2775,31.19,0.0
337,35.6,0.07,0.0,0.0,4.34,0.2486,31.19,0.0
338,35.6,0.03,0.0,0.0,4.38,0.2199,31.19,0.0
339,35.6,0.03,0.0,0.0,4.38,0.191,31.19,0.0
340,35.6,0.0,0.0,0.0,4.41,0.162,31.19,0.0
341,35.6,0.0,0.0,0.0,4.41,0.1329,31.19,0.0
342,35.6,0.0,0.0,0.0,4.41,0.1038,31.19,0.0
343,37.55,0.0,0.0,0.0,6.36,0.0746,31.19,0.0
344,39.42,0.0,3.3,0.0,4.94,0.0326,31.19,0.0
345,41.15,0.0,34.64,0.0,0.0,0.0,6.51,0.0
346,42.67,0.35,62.48,0.0,0.0,0.0,0.0,20.17
347,43.91,1.37,81.42,21.58,0.0,0.0,0.0,17.29
348,44.84,1.37,90.34,46.87,0.0,0.1287,0.0,0.0
349,45.4,0.75,90.05,45.39,0.0,0.408,0.0,0.0
350,45.6,0.07,81.03,35.5,0.0,0.6786,0.0,0.0
351,45.4,0.0,63.82,18.42,0.0,0.8902,0.0,0.0
352,44.84,0.0,38.18,0.0,0.0,1.0,6.66,0.0
353,43.91,0.0,7.55,0.0,32.58,1.0,3.78,0.0
354,42.67,0.0,0.0,0.0,11.48,0.7848,31.19,0.0
355,41.15,0.01,0.0,0.0,41.14,0.709,0.0,0.0
356,39.42,0.01,0.0,0.0,8.23,0.4372,31.19,0.0
357,37.55,0.0,0.0,0.0,6.36,0.3829,31.19,0.0
358,35.6,0.0,0.0,0.0,4.41,0.3409,31.19,0.0
359,35.6,0.0,0.0,0.0,4.41,0.3118,31.19,0.0
360,35.64,0.0,0.0,0.0,4.45,0.2826,31.19,0.0
361,35.64,0.0,0.0,0.0,4.45,0.2532,31.19,0.0
362,35.64,0.0,0.0,0.0,4.45,0.2238,31.19,0.0
363,35.64,0.0,0.0,0.0,4.45,0.1944,31.19,0.0
364,35.64,0.0,0.0,0.0,4.45,0.165,31.19,0.0
365,35.64,0.0,0.0,0.0,4.45,0.1356,31.19,0.0
366,35.64,0.0,0.0,0.0,4.45,0.1062,31.19,0.0
367,37.59,0.0,0.0,0.0,6.4,0.0768,31.19,0.0
368,39.47,0.0,3.05,0.0,5.22,0.0345,31.19,0.0
369,41.19,0.0,33.43,0.0,0.0,0.0,7.76,0.0
370,42.71,0.22,60.96,0.0,0.0,0.0,0.0,18.48
371,43.95,2.81,79.7,7.37,0.0,0.0,0.0,31.19
372,44.88,10.92,90.73,27.19,0.0,0.0439,0.0,29.59
373,45.45,22.51,91.64,37.52,0.0,0.206,0.0,31.19
374,45.64,33.6,83.55,50.0,0.0,0.4297,0.0,21.51
375,45.45,25.01,66.12,45.68,0.0,0.7277,0.0,0.0
376,44.88,4.2,39.62,0.0,0.0,1.0,1.05,0.0
377,43.95,0.13,7.72,0.0,4.92,1.0,31.19,0.0
378,42.71,0.07,0.0,0.0,11.46,0.9675,31.19,0.0
379,41.19,0.07,0.0,0.0,9.94,0.8918,31.19,0.0
380,39.47,0.03,0.0,0.0,8.25,0.8262,31.19,0.0
381,37.59,0.03,0.0,0.0,6.38,0.7717,31.19,0.0
382,35.64,0.01,0.0,0.0,4.44,0.7296,31.19,0.0
383,35.64,0.01,0.0,0.0,4.44,0.7002,31.19,0.0
384,35.68,0.01,0.0,0.0,4.49,0.6709,31.19,0.0
385,35.68,0.03,0.0,0.0,4.47,0.6412,31.19,0.0
386,35.68,0.03,0.0,0.0,4.47,0.6117,31.19,0.0
387,35.68,0.01,0.0,0.0,4.49,0.5823,31.19,0.0
388,35.68,0.01,0.0,0.0,4.49,0.5526,31.19,0.0
389,35.68,0.0,0.0,0.0,4.49,0.523,31.19,0.0
390,35.68,0.0,0.0,0.0,4.49,0.4933,31.19,0.0
391,37.63,0.0,0.0,0.0,6.44,0.4636,31.19,0.0
392,39.51,0.0,1.6,0.0,6.73,0.4211,31.19,0.0
393,41.24,0.0,16.57,0.0,0.0,0.3767,24.66,0.0
394,42.75,0.13,32.82,1.85,0.0,0.3767,11.66,0.0
395,43.99,1.03,43.84,0.87,0.0,0.3877,0.0,0.0
396,44.92,1.77,53.59,10.45,0.0,0.3929,0.0,0.0
397,45.49,1.37,51.96,39.02,0.0,0.4552,31.19,0.0
398,45.68,0.35,37.8,0.0,0.0,0.6878,7.53,0.0
399,45.49,0.01,35.55,0.0,0.0,0.6878,9.93,0.0
400,44.92,0.0,19.38,0.0,0.0,0.6878,25.54,0.0
401,43.99,0.0,3.95,0.0,8.86,0.6878,31.19,0.0
402,42.75,0.0,0.0,0.0,11.56,0.6293,31.19,0.0
403,41.24,0.0,0.0,0.0,10.05,0.5529,31.19,0.0
404,39.51,0.0,0.0,0.0,8.32,0.4865,31.19,0.0
405,37.63,0.0,0.0,0.0,6.44,0.4316,31.19,0.0
406,35.68,0.0,0.0,0.0,4.49,0.389,31.19,0.0
407,35.68,0.0,0.0,0.0,4.49,0.3593,31.19,0.0
408,35.72,0.0,0.0,0.0,4.53,0.3297,31.19,0.0
409,35.72,0.0,0.0,0.0,4.53,0.2997,31.19,0.0
410,35.72,0.0,0.0,0.0,4.53,0.2698,31.19,0.0
411,35.72,0.0,0.0,0.0,4.53,0.2398,31.19,0.0
412,35.72,0.0,0.0,0.0,4.53,0.2099,31.19,0.0
413,35.72,0.0,0.0,0.0,4.53,0.1799,31.19,0.0
414,35.72,0.0,0.0,0.0,4.53,0.15,31.19,0.0
415,37.67,0.0,0.0,0.0,6.49,0.12,31.19,0.0
416,39.55,0.0,0.47,0.0,7.89,0.0772,31.19,0.0
417,41.28,0.0,6.3,0.0,3.79,0.025,31.19,0.0
418,42.79,0.0,18.67,7.06,0.0,0.0,31.19,0.0
419,44.04,0.0,35.35,0.0,0.0,0.0421,8.69,0.0
420,44.96,0.0,47.41,33.64,0.0,0.0421,31.19,0.0
421,45.53,0.0,51.97,37.63,0.0,0.2426,31.19,0.0
422,45.72,0.0,58.43,12.71,0.0,0.4669,0.0,0.0
423,45.53,0.0,53.03,10.66,0.0,0.5427,3.16,0.0
424,44.96,0.0,29.72,0.0,0.0,0.6063,15.24,0.0
425,44.04,0.0,1.14,0.0,11.71,0.6063,31.19,0.0
426,42.79,0.01,0.0,0.0,11.6,0.5289,31.19,0.0
427,41.28,0.22,0.0,0.0,9.87,0.4523,31.19,0.0
428,39.55,1.37,0.0,0.0,7.0,0.3871,31.19,0.0
429,37.67,2.25,0.0,0.0,4.23,0.3409,31.19,0.0
430,35.72,2.25,0.0,0.0,2.28,0.3129,31.19,0.0
431,35.72,1.77,0.0,0.0,2.76,0.2979,31.19,0.0
432,35.76,1.03,0.0,0.0,3.55,0.2796,31.19,0.0
433,35.76,0.75,0.0,0.0,3.83,0.2562,31.19,0.0
434,35.76,0.75,0.0,0.0,3.83,0.2309,31.19,0.0
435,35.76,0.53,0.0,0.0,4.05,0.2056,31.19,0.0
436,35.76,0.22,0.0,0.0,4.35,0.1789,31.19,0.0
437,35.76,0.03,0.0,0.0,4.55,0.1501,31.19,0.0
438,35.76,0.01,0.0,0.0,4.57,0.1201,31.19,0.0
439,37.71,0.01,0.0,0.0,6.52,0.0899,31.19,0.0
440,39.59,0.75,0.56,0.0,7.09,0.0468,31.19,0.0
441,41.32,2.25,9.55,0.0,0.0,0.0,29.51,0.0
442,42.83,2.25,55.01,14.43,0.0,0.0,0.0,0.0
443,44.08,1.77,73.54,31.24,0.0,0.086,0.0,0.0
444,45.0,2.25,83.19,40.44,0.0,0.2722,0.0,0.0
445,45.57,5.04,84.46,43.93,0.0,0.5133,0.0,0.0
446,45.76,10.92,31.38,0.0,3.46,0.7751,0.0,0.0
447,45.57,14.18,53.81,22.41,0.0,0.7523,0.0,0.0
448,45.0,12.48,28.18,0.0,0.0,0.8859,4.34,0.0
449,44.08,9.5,4.4,0.0,0.0,0.8859,30.18,0.0
450,42.83,9.5,0.0,0.0,2.15,0.8859,31.19,0.0
451,41.32,12.48,0.0,0.0,0.0,0.8717,28.84,0.0
452,39.59,20.18,0.0,0.0,0.0,0.8717,19.41,0.0
453,37.71,27.69,0.0,0.0,10.03,0.8717,0.0,0.0
454,35.76,30.55,0.0,0.0,5.21,0.8055,0.0,0.0
455,35.76,27.69,0.0,0.0,0.0,0.771,8.08,0.0
456,35.8,20.18,0.0,0.0,0.0,0.771,15.62,0.0
457,35.8,18.02,0.0,0.0,17.78,0.771,0.0,0.0
458,35.8,18.02,0.0,0.0,17.78,0.6536,0.0,0.0
459,35.8,18.02,0.0,0.0,0.0,0.5362,17.78,0.0
460,35.8,18.02,0.0,0.0,0.0,0.5362,17.78,0.0
461,35.8,16.02,0.0,0.0,19.78,0.5362,0.0,0.0
462,35.8,14.18,0.0,0.0,21.63,0.4055,0.0,0.0
463,37.75,12.48,0.0,0.0,25.28,0.2627,0.0,0.0
464,39.63,22.51,0.22,0.0,0.0,0.0957,16.89,0.0
465,41.36,33.6,1.62,0.0,0.0,0.0957,6.13,0.0
466,42.87,30.55,29.17,16.84,0.0,0.0957,0.0,0.0
467,44.12,27.69,48.56,32.13,0.0,0.1961,0.0,0.0
468,45.04,25.01,54.87,34.84,0.0,0.3876,0.0,0.0
469,45.61,25.01,39.38,18.77,0.0,0.5953,0.0,0.0
470,45.8,25.01,53.37,32.58,0.0,0.7072,0.0,0.0
471,45.61,25.01,31.89,11.29,0.0,0.9014,0.0,0.0
472,45.04,22.51,1.85,0.0,20.68,0.9687,0.0,0.0
473,44.12,18.02,4.19,0.0,21.9,0.8321,0.0,0.0
474,42.87,14.18,0.0,0.0,0.0,0.6874,28.7,0.0
475,41.36,12.48,0.0,0.0,25.96,0.6874,2.92,0.0
476,39.63,9.5,0.0,0.0,30.13,0.516,0.0,0.0
477,37.75,8.2,0.0,0.0,0.0,0.3169,29.55,0.0
478,35.8,10.92,0.0,0.0,0.0,0.3169,24.88,0.0
479,35.8,18.02,0.0,0.0,0.0,0.3169,17.78,0.0
480,35.84,22.51,0.0,0.0,13.33,0.3169,0.0,0.0
481,35.84,27.69,0.0,0.0,8.16,0.2289,0.0,0.0
482,35.84,25.01,0.0,0.0,0.0,0.175,10.83,0.0
483,35.84,25.01,0.0,0.0,0.0,0.175,10.83,0.0
484,35.84,25.01,0.0,0.0,10.83,0.175,0.0,0.0
485,35.84,25.01,0.0,0.0,0.0,0.1034,10.83,0.0
486,35.84,20.18,0.0,0.0,15.66,0.1034,0.0,0.0
487,37.79,18.02,0.0,0.0,0.0,0.0,19.77,0.0
488,39.67,18.02,1.61,0.0,0.0,0.0,20.04,0.0
489,41.4,20.18,24.43,0.0,0.0,0.0,0.0,3.21
490,42.91,18.02,50.16,0.0,0.0,0.0,0.0,25.27
491,44.16,16.02,62.68,3.36,0.0,0.0,0.0,31.19
492,45.08,14.18,66.91,36.0,0.0,0.02,0.0,0.0
493,45.65,16.02,71.89,42.26,0.0,0.2346,0.0,0.0
494,45.84,18.02,83.35,41.01,0.0,0.4866,0.0,14.52
495,45.65,18.02,65.18,37.56,0.0,0.731,0.0,0.0
496,45.08,14.18,38.48,7.57,0.0,0.9549,0.0,0.0
497,44.16,7.03,7.85,0.0,29.27,1.0,0.0,0.0
498,42.91,2.81,0.0,0.0,8.91,0.8066,31.19,0.0
499,41.4,1.03,0.0,0.0,9.19,0.7478,31.19,0.0
500,39.67,0.22,0.0,0.0,8.26,0.6871,31.19,0.0
501,37.79,0.0,0.0,0.0,6.61,0.6325,31.19,0.0
502,35.84,0.0,0.0,0.0,4.66,0.5889,31.19,0.0
503,35.84,0.0,0.0,0.0,4.66,0.5581,31.19,0.0
504,35.88,0.03,0.0,0.0,4.67,0.5274,31.19,0.0
505,35.88,0.22,0.0,0.0,4.48,0.4965,31.19,0.0
506,35.88,0.35,0.0,0.0,9.71,0.4669,25.83,0.0
507,35.88,0.53,0.0,0.0,4.17,0.4028,31.19,0.0
508,35.88,0.35,0.0,0.0,4.35,0.3753,31.19,0.0
509,35.88,0.13,0.0,0.0,4.57,0.3466,31.19,0.0
510,35.88,0.03,0.0,0.0,35.86,0.3164,0.0,0.0
511,37.84,0.01,0.0,0.0,6.64,0.0796,31.19,0.0
512,39.71,0.0,3.12,0.0,5.41,0.0357,31.19,0.0
513,41.44,0.0,35.33,0.0,0.0,0.0,6.11,0.0
514,42.96,0.0,65.25,17.32,0.0,0.0,0.0,4.97
515,44.2,0.01,42.38,0.0,1.81,0.1032,0.0,0.0
516,45.12,0.22,68.93,24.03,0.0,0.0913,0.0,0.0
517,45.69,1.03,97.6,50.0,0.0,0.2345,0.0,2.94
518,45.88,2.81,89.38,46.31,0.0,0.5326,0.0,0.0
519,45.69,4.2,71.65,30.16,0.0,0.8086,0.0,0.0
520,45.12,2.81,44.26,1.95,0.0,0.9884,0.0,0.0
521,44.2,0.53,11.08,0.0,1.41,1.0,31.19,0.0
522,42.96,0.07,0.0,0.0,11.7,0.9907,31.19,0.0
523,41.44,0.03,0.0,0.0,10.23,0.9134,31.19,0.0
524,39.71,0.13,0.0,0.0,8.4,0.8458,31.19,0.0
525,37.84,0.35,0.0,0.0,6.3,0.7904,31.19,0.0
526,35.88,0.35,0.0,0.0,4.35,0.7488,31.19,0.0
527,35.88,0.35,0.0,0.0,4.35,0.7201,31.19,0.0
528,35.92,0.35,0.0,0.0,4.39,0.6914,31.19,0.0
529,35.92,0.35,0.0,0.0,35.39,0.6624,0.18,0.0
530,35.92,0.22,0.0,0.0,35.7,0.4287,0.0,0.0
531,35.92,0.07,0.0,0.0,4.67,0.1929,31.19,0.0
532,35.92,0.01,0.0,0.0,4.73,0.162,31.19,0.0
533,35.92,0.0,0.0,0.0,4.74,0.1308,31.19,0.0
534,35.92,0.0,0.0,0.0,4.74,0.0995,31.19,0.0
535,37.88,0.0,0.0,0.0,6.69,0.0682,31.19,0.0
536,39.75,1.03,3.91,0.0,3.63,0.024,31.19,0.0
537,41.48,5.04,38.0,0.0,0.0,0.0,0.0,1.55
538,43.0,8.2,67.99,2.01,0.0,0.0,0.0,31.19
539,44.24,12.48,53.41,0.0,1.82,0.012,0.0,23.47
540,45.16,18.02,69.8,15.85,0.0,0.0,0.0,26.81
541,45.73,20.18,69.35,43.8,0.0,0.0945,0.0,0.0
542,45.92,22.51,91.95,50.0,0.0,0.3556,0.0,18.53
543,45.73,20.18,74.07,48.52,0.0,0.6536,0.0,0.0
544,45.16,8.2,46.55,9.59,0.0,0.9428,0.0,0.0
545,44.24,1.03,6.8,0.0,5.23,1.0,31.19,0.0
546,43.0,0.07,0.0,0.0,11.74,0.9655,31.19,0.0
547,41.48,0.01,0.0,0.0,41.47,0.8879,0.0,0.0
548,39.75,0.01,0.0,0.0,20.7,0.614,19.05,0.0
549,37.88,0.01,0.0,0.0,6.68,0.4773,31.19,0.0
550,35.92,0.01,0.0,0.0,4.73,0.4332,31.19,0.0
551,35.92,0.03,0.0,0.0,4.71,0.4019,31.19,0.0
552,35.96,0.13,0.0,0.0,4.65,0.3708,31.19,0.0
553,35.96,0.13,0.0,0.0,4.65,0.3401,31.19,0.0
554,35.96,0.22,0.0,0.0,4.56,0.3094,31.19,0.0
555,35.96,0.35,0.0,0.0,4.43,0.2793,31.19,0.0
556,35.96,0.35,0.0,0.0,4.43,0.2501,31.19,0.0
557,35.96,0.75,0.0,0.0,4.03,0.2209,31.19,0.0
558,35.96,1.03,0.0,0.0,3.75,0.1942,31.19,0.0
559,37.92,1.37,0.0,0.0,5.36,0.1695,31.19,0.0
560,39.79,14.18,5.32,0.0,20.29,0.134,0.0,0.0
561,41.52,36.82,42.37,6.49,0.0,0.0,0.0,31.19
562,43.04,36.82,37.4,0.0,0.0,0.0387,0.0,31.19
563,44.28,36.82,88.64,50.0,0.0,0.0387,0.0,31.19
564,45.2,36.82,62.5,22.94,0.0,0.3367,0.0,31.19
565,45.77,36.82,40.13,0.0,0.0,0.4734,0.0,31.19
566,45.96,36.82,90.33,50.0,0.0,0.4734,0.0,31.19
567,45.77,36.82,78.47,38.34,0.0,0.7715,0.0,31.19
568,45.2,12.48,50.47,0.0,0.0,1.0,0.0,17.74
569,44.28,0.53,14.67,0.0,0.0,1.0,29.08,0.0
570,43.04,0.03,0.0,0.0,43.01,1.0,0.0,0.0
571,41.52,0.03,0.0,0.0,10.31,0.7159,31.19,0.0
572,39.79,0.07,0.0,0.0,26.41,0.6479,13.31,0.0
573,37.92,0.22,0.0,0.0,37.69,0.4734,0.0,0.0
574,35.96,0.75,0.0,0.0,4.03,0.2245,31.19,0.0
575,35.96,1.77,0.0,0.0,3.01,0.1978,31.19,0.0
576,36.0,2.81,0.0,0.0,2.0,0.178,31.19,0.0
577,36.0,2.81,0.0,0.0,2.0,0.1648,31.19,0.0
578,36.0,2.25,0.0,0.0,2.56,0.1515,31.19,0.0
579,36.0,1.77,0.0,0.0,3.04,0.1346,31.19,0.0
580,36.0,1.37,0.0,0.0,3.45,0.1145,31.19,0.0
581,36.0,1.03,0.0,0.0,3.79,0.0917,31.19,0.0
582,36.0,0.75,0.0,0.0,4.07,0.0666,31.19,0.0
583,37.95,0.75,0.0,0.0,6.02,0.0398,31.19,0.0
584,39.83,3.46,5.86,0.0,0.0,0.0,30.51,0.0
585,41.56,7.03,42.91,0.0,0.0,0.0,0.0,8.39
586,43.07,8.2,72.81,6.75,0.0,0.0,0.0,31.19
587,44.32,14.18,90.25,28.92,0.0,0.0402,0.0,31.19
588,45.24,20.18,99.97,43.72,0.0,0.2127,0.0,31.19
589,45.81,18.02,100.5,41.53,0.0,0.4733,0.0,31.19
590,46.0,16.02,90.29,29.12,0.0,0.7208,0.0,31.19
591,45.81,8.2,72.58,17.71,0.0,0.8944,0.0,17.26
592,45.24,1.37,45.65,0.0,0.0,1.0,0.0,1.77
593,44.32,0.03,12.69,0.0,0.42,1.0,31.19,0.0
594,43.07,0.03,0.0,0.0,43.05,0.9972,0.0,0.0
595,41.56,0.07,0.0,0.0,10.31,0.7129,31.19,0.0
596,39.83,0.22,0.0,0.0,8.42,0.6448,31.19,0.0
597,37.95,0.75,0.0,0.0,37.21,0.5892,0.0,0.0
598,36.0,1.37,0.0,0.0,3.45,0.3435,31.19,0.0
599,36.0,1.77,0.0,0.0,3.04,0.3207,31.19,0.0
600,36.04,2.25,0.0,0.0,2.6,0.3006,31.19,0.0
601,36.04,2.25,0.0,0.0,2.6,0.2834,31.19,0.0
602,36.04,1.37,0.0,0.0,3.49,0.2662,31.19,0.0
603,36.04,1.37,0.0,0.0,3.49,0.2431,31.19,0.0
604,36.04,1.37,0.0,0.0,3.49,0.2201,31.19,0.0
605,36.04,1.37,0.0,0.0,3.49,0.197,31.19,0.0
606,36.04,1.37,0.0,0.0,20.89,0.1739,13.78,0.0
607,37.99,1.37,0.0,0.0,5.44,0.0359,31.19,0.0
608,39.87,16.02,4.16,0.0,0.0,0.0,19.69,0.0
609,41.6,36.82,37.0,1.04,0.0,0.0,0.0,31.19
610,43.11,36.82,64.97,27.5,0.0,0.0062,0.0,31.19
611,44.36,36.82,85.96,47.24,0.0,0.1701,0.0,31.19
612,45.28,36.82,48.47,8.83,0.0,0.4517,0.0,31.19
613,45.85,36.82,40.21,0.0,0.0,0.5043,0.0,31.19
614,46.04,36.82,90.4,50.0,0.0,0.5043,0.0,31.19
615,45.85,36.82,73.37,33.15,0.0,0.8024,0.0,31.19
616,45.28,8.2,46.98,0.0,0.0,1.0,0.0,9.9
617,44.36,0.22,13.63,0.0,0.0,1.0,30.5,0.0
618,43.11,0.01,0.0,0.0,11.92,1.0,31.19,0.0
619,41.6,0.0,0.0,0.0,10.41,0.9213,31.19,0.0
620,39.87,0.01,0.0,0.0,8.68,0.8525,31.19,0.0
621,37.99,0.03,0.0,0.0,6.78,0.7952,31.19,0.0
622,36.04,0.07,0.0,0.0,4.79,0.7504,31.19,0.0
623,36.04,0.13,0.0,0.0,4.73,0.7188,31.19,0.0
624,36.08,0.13,0.0,0.0,4.77,0.6876,31.19,0.0
625,36.08,0.13,0.0,0.0,4.77,0.6561,31.19,0.0
626,36.08,0.07,0.0,0.0,4.83,0.6246,31.19,0.0
627,36.08,0.03,0.0,0.0,4.87,0.5927,31.19,0.0
628,36.08,0.0,0.0,0.0,4.89,0.5605,31.19,0.0
629,36.08,0.0,0.0,0.0,36.08,0.5282,0.0,0.0
630,36.08,0.0,0.0,0.0,32.61,0.2899,3.48,0.0
631,38.03,0.0,0.0,0.0,6.85,0.0745,31.19,0.0
632,39.91,0.0,4.28,0.0,4.44,0.0293,31.19,0.0
633,41.64,0.0,13.12,0.0,0.0,0.0,28.51,0.0
634,43.15,0.01,63.29,12.15,0.0,0.0,0.0,8.0
635,44.4,0.13,81.4,5.95,0.0,0.0724,0.0,31.19
636,45.32,0.22,90.76,45.66,0.0,0.1079,0.0,0.0
637,45.89,0.13,91.39,45.63,0.0,0.38,0.0,0.0
638,46.08,0.01,83.29,37.22,0.0,0.652,0.0,0.0
639,45.89,0.0,67.05,21.16,0.0,0.8738,0.0,0.0
640,45.32,0.0,42.35,0.0,2.97,1.0,0.0,0.0
641,44.4,0.0,4.32,0.0,8.89,0.9804,31.19,0.0
642,43.15,0.0,0.0,0.0,11.97,0.9216,31.19,0.0
643,41.64,0.0,0.0,0.0,10.45,0.8426,31.19,0.0
644,39.91,0.03,0.0,0.0,8.69,0.7736,31.19,0.0
645,38.03,0.22,0.0,0.0,6.62,0.7162,31.19,0.0
646,36.08,0.75,0.0,0.0,4.15,0.6724,31.19,0.0
647,36.08,2.25,0.0,0.0,2.64,0.645,31.19,0.0
648,36.12,4.2,0.0,0.0,0.73,0.6276,31.19,0.0
649,36.12,3.46,0.0,0.0,32.66,0.6227,0.0,0.0
650,36.12,0.53,0.0,0.0,4.41,0.407,31.19,0.0
651,36.12,0.01,0.0,0.0,4.93,0.3779,31.19,0.0
652,36.12,0.0,0.0,0.0,31.46,0.3453,4.66,0.0
653,36.12,0.0,0.0,0.0,4.93,0.1376,31.19,0.0
654,36.12,0.0,0.0,0.0,4.93,0.105,31.19,0.0
655,38.07,0.0,0.0,0.0,6.89,0.0724,31.19,0.0
656,39.95,0.0,4.69,0.0,4.08,0.0269,31.19,0.0
657,41.68,0.01,36.32,0.0,0.0,0.0,5.35,0.0
658,43.19,0.13,63.69,5.05,0.0,0.0,0.0,15.57
659,44.44,0.53,82.04,6.95,0.0,0.0301,0.0,31.19
660,45.36,0.75,91.9,47.29,0.0,0.0715,0.0,0.0
661,45.93,0.35,92.94,47.37,0.0,0.3534,0.0,0.0
662,46.12,0.03,84.89,38.8,0.0,0.6358,0.0,0.0
663,45.93,0.0,68.23,22.3,0.0,0.8671,0.0,0.0
664,45.36,0.0,43.42,0.0,0.0,1.0,1.94,0.0
665,44.44,0.0,12.33,0.0,0.92,1.0,31.19,0.0
666,43.19,0.0,0.0,0.0,43.19,0.9939,0.0,0.0
667,41.68,0.0,0.0,0.0,35.84,0.7086,5.84,0.0
668,39.95,0.0,0.0,0.0,8.76,0.4719,31.19,0.0
669,38.07,0.0,0.0,0.0,6.89,0.4141,31.19,0.0
670,36.12,0.0,0.0,0.0,4.93,0.3686,31.19,0.0
671,36.12,0.0,0.0,0.0,4.93,0.336,31.19,0.0
672,36.16,0.0,0.0,0.0,4.97,0.3034,31.19,0.0
673,36.16,0.0,0.0,0.0,4.97,0.2706,31.19,0.0
674,36.16,0.0,0.0,0.0,4.97,0.2377,31.19,0.0
675,36.16,0.0,0.0,0.0,4.97,0.2049,31.19,0.0
676,36.16,0.0,0.0,0.0,4.97,0.172,31.19,0.0
677,36.16,0.0,0.0,0.0,4.97,0.1392,31.19,0.0
678,36.16,0.0,0.0,0.0,4.97,0.1064,31.19,0.0
679,38.11,0.0,0.0,0.0,6.92,0.0735,31.19,0.0
680,39.99,0.01,4.58,0.0,4.21,0.0278,31.19,0.0
681,41.71,0.75,36.27,0.0,0.0,0.0,4.7,0.0
682,43.23,2.25,64.37,0.0,0.0,0.0,0.0,23.4
683,44.47,3.46,79.51,7.31,0.0,0.0,0.0,31.19
684,45.4,4.2,90.24,49.04,0.0,0.0436,0.0,0.0
685,45.97,4.2,92.1,50.0,0.0,0.3359,0.0,0.34
686,46.16,3.46,84.88,36.68,0.0,0.6339,0.0,5.51
687,45.97,1.77,68.93,24.74,0.0,0.8526,0.0,0.0
688,45.4,0.13,44.17,0.0,0.0,1.0,1.1,0.0
689,44.47,0.0,13.3,0.0,0.0,1.0,31.17,0.0
690,43.23,0.0,0.0,0.0,12.04,1.0,31.19,0.0
691,41.71,0.0,0.0,0.0,41.71,0.9205,0.0,0.0
692,39.99,0.0,0.0,0.0,8.8,0.6449,31.19,0.0
693,38.11,0.0,0.0,0.0,37.05,0.5868,1.06,0.0
694,36.16,0.0,0.0,0.0,4.97,0.3421,31.19,0.0
695,36.16,0.03,0.0,0.0,4.94,0.3093,31.19,0.0
696,36.2,0.07,0.0,0.0,4.94,0.2766,31.19,0.0
697,36.2,0.13,0.0,0.0,4.88,0.244,31.19,0.0
698,36.2,0.13,0.0,0.0,4.88,0.2117,31.19,0.0
699,36.2,0.13,0.0,0.0,4.88,0.1795,31.19,0.0
700,36.2,0.13,0.0,0.0,4.88,0.1473,31.19,0.0
701,36.2,0.07,0.0,0.0,4.94,0.115,31.19,0.0
702,36.2,0.03,0.0,0.0,4.98,0.0823,31.19,0.0
703,38.15,0.03,0.0,0.0,6.93,0.0494,31.19,0.0
704,40.02,1.03,7.26,0.0,0.55,0.0036,31.19,0.0
705,41.75,7.03,42.07,0.0,0.0,0.0,0.0,7.35
706,43.27,18.02,69.9,13.47,0.0,0.0,0.0,31.19
707,44.51,36.82,45.48,6.61,0.0,0.0803,0.0,31.19
708,45.44,36.82,89.8,50.0,0.0,0.1197,0.0,31.19
709,46.0,36.82,90.37,50.0,0.0,0.4177,0.0,31.19
710,46.2,33.6,86.24,42.45,0.0,0.7158,0.0,31.19
711,46.0,12.48,69.95,5.23,0.0,0.9688,0.0,31.19
712,45.44,1.37,46.07,0.0,0.0,1.0,0.0,2.0
713,44.51,0.35,15.17,0.0,0.0,1.0,28.99,0.0
714,43.27,0.35,0.0,0.0,11.73,1.0,31.19,0.0
715,41.75,0.35,0.0,0.0,10.21,0.9225,31.19,0.0
716,40.02,0.53,0.0,0.0,39.5,0.8551,0.0,0.0
717,38.15,1.37,0.0,0.0,5.6,0.5942,31.19,0.0
718,36.2,2.25,0.0,0.0,2.76,0.5572,31.19,0.0
719,36.2,2.25,0.0,0.0,2.76,0.539,31.19,0.0
720,36.23,2.25,0.0,0.0,33.98,0.5208,0.0,0.0
721,36.23,1.77,0.0,0.0,3.28,0.2964,31.19,0.0
722,36.23,1.37,0.0,0.0,3.68,0.2747,31.19,0.0
723,36.23,1.03,0.0,0.0,4.02,0.2504,31.19,0.0
724,36.23,0.75,0.0,0.0,16.04,0.2238,19.45,0.0
725,36.23,0.53,0.0,0.0,4.52,0.1179,31.19,0.0
726,36.23,0.35,0.0,0.0,4.7,0.0881,31.19,0.0
727,38.19,0.22,0.0,0.0,6.78,0.057,31.19,0.0
728,40.06,0.22,6.79,0.0,1.86,0.0123,31.19,0.0
729,41.79,1.37,39.4,0.0,0.0,0.0,1.02,0.0
730,43.31,7.03,66.89,0.0,0.0,0.0,0.0,30.62
731,44.55,18.02,85.07,27.36,0.0,0.0,0.0,31.19
732,45.47,36.82,54.36,14.52,0.0,0.1631,0.0,31.19
733,46.04,36.82,90.4,50.0,0.0,0.2496,0.0,31.19
734,46.23,36.82,88.37,47.77,0.0,0.5477,0.0,31.19
735,46.04,33.6,71.74,28.11,0.0,0.8324,0.0,31.19
736,45.47,8.2,46.4,0.0,0.0,1.0,0.0,9.13
737,44.55,1.77,14.51,0.0,0.0,1.0,28.27,0.0
738,43.31,1.37,0.0,0.0,10.75,1.0,31.19,0.0
739,41.79,3.46,0.0,0.0,38.33,0.929,0.0,0.0
740,40.06,5.04,0.0,0.0,3.84,0.6758,31.19,0.0
741,38.19,2.81,0.0,0.0,4.18,0.6505,31.19,0.0
742,36.23,1.37,0.0,0.0,25.17,0.6228,9.7,0.0
743,36.23,1.37,0.0,0.0,34.87,0.4566,0.0,0.0
744,36.27,1.37,0.0,0.0,3.72,0.2263,31.19,0.0
745,36.27,1.37,0.0,0.0,3.72,0.2017,31.19,0.0
746,36.27,1.77,0.0,0.0,3.31,0.1772,31.19,0.0
747,36.27,1.77,0.0,0.0,3.31,0.1553,31.19,0.0
748,36.27,2.25,0.0,0.0,2.83,0.1334,31.19,0.0
749,36.27,2.25,0.0,0.0,2.83,0.1147,31.19,0.0
750,36.27,1.37,0.0,0.0,3.72,0.096,31.19,0.0
751,38.22,1.03,0.0,0.0,6.01,0.0714,31.19,0.0
752,40.1,0.01,4.1,0.0,4.8,0.0317,31.19,0.0
753,41.83,0.01,32.02,0.0,0.0,0.0,9.8,0.0
754,43.34,0.07,59.13,8.32,0.0,0.0,0.0,7.53
755,44.59,1.03,78.33,3.58,0.0,0.0496,0.0,31.19
756,45.51,2.25,89.15,45.89,0.0,0.0709,0.0,0.0
757,46.08,2.81,91.01,47.74,0.0,0.3445,0.0,0.0
758,46.27,1.77,83.86,39.36,0.0,0.6291,0.0,0.0
759,46.08,1.03,67.92,22.86,0.0,0.8637,0.0,0.0
760,45.51,0.13,43.78,0.0,1.61,1.0,0.0,0.0
761,44.59,0.0,13.48,0.0,0.0,0.9894,31.1,0.0
762,43.34,0.01,0.0,0.0,12.15,0.9894,31.19,0.0
763,41.83,0.07,0.0,0.0,10.58,0.9091,31.19,0.0
764,40.1,0.07,0.0,0.0,40.03,0.8393,0.0,0.0
765,38.22,0.22,0.0,0.0,6.81,0.5749,31.19,0.0
766,36.27,0.53,0.0,0.0,29.6,0.5299,6.14,0.0
767,36.27,1.03,0.0,0.0,4.06,0.3344,31.19,0.0
768,36.31,0.75,0.0,0.0,4.37,0.3076,31.19,0.0
769,36.31,0.07,0.0,0.0,5.06,0.2787,31.19,0.0
770,36.31,0.0,0.0,0.0,5.12,0.2453,31.19,0.0
771,36.31,0.0,0.0,0.0,5.12,0.2114,31.19,0.0
772,36.31,0.0,0.0,0.0,5.12,0.1776,31.19,0.0
773,36.31,0.0,0.0,0.0,5.12,0.1438,31.19,0.0
774,36.31,0.0,0.0,0.0,5.12,0.1099,31.19,0.0
775,38.26,0.0,0.0,0.0,7.07,0.0761,31.19,0.0
776,40.14,0.13,4.37,0.0,4.45,0.0294,31.19,0.0
777,41.86,2.25,32.42,0.0,0.0,0.0,7.19,0.0
778,43.38,7.03,59.24,0.0,0.0,0.0,0.0,22.89
779,44.62,12.48,77.59,18.86,0.0,0.0,0.0,26.58
780,45.55,16.02,88.39,50.0,0.0,0.1124,0.0,8.87
781,46.12,20.18,91.89,50.0,0.0,0.4104,0.0,15.95
782,46.31,20.18,75.03,48.9,0.0,0.7085,0.0,0.0
783,46.12,16.02,28.38,0.0,0.0,1.0,1.71,0.0
784,45.55,5.04,25.71,0.0,0.0,1.0,14.8,0.0
785,44.62,0.35,8.15,0.0,4.93,1.0,31.19,0.0
786,43.38,0.03,0.0,0.0,12.17,0.9674,31.19,0.0
787,41.86,0.0,0.0,0.0,10.68,0.8871,31.19,0.0
788,40.14,0.0,0.0,0.0,8.95,0.8166,31.19,0.0
789,38.26,0.0,0.0,0.0,7.07,0.7575,31.19,0.0
790,36.31,0.0,0.0,0.0,5.12,0.7107,31.19,0.0
791,36.31,0.0,0.0,0.0,5.12,0.6769,31.19,0.0
792,36.35,0.0,0.0,0.0,5.16,0.6431,31.19,0.0
793,36.35,0.0,0.0,0.0,5.16,0.609,31.19,0.0
794,36.35,0.0,0.0,0.0,5.16,0.5749,31.19,0.0
795,36.35,0.0,0.0,0.0,5.16,0.5409,31.19,0.0
796,36.35,0.0,0.0,0.0,5.16,0.5068,31.19,0.0
797,36.35,0.0,0.0,0.0,5.16,0.4727,31.19,0.0
798,36.35,0.0,0.0,0.0,5.16,0.4386,31.19,0.0
799,38.3,0.0,0.0,0.0,7.11,0.4046,31.19,0.0
800,40.17,0.0,0.49,0.0,8.5,0.3576,31.19,0.0
801,41.9,0.03,2.57,0.0,8.12,0.3015,31.19,0.0
802,43.42,0.03,8.87,0.0,3.33,0.2479,31.19,0.0
803,44.66,0.07,32.5,12.97,0.0,0.2259,25.06,0.0
804,45.58,0.35,27.31,13.26,0.0,0.3032,31.19,0.0
805,46.15,1.03,42.24,28.3,0.0,0.3823,31.19,0.0
806,46.35,2.25,31.03,18.12,0.0,0.5509,31.19,0.0
807,46.15,4.2,3.26,0.0,7.5,0.6589,31.19,0.0
808,45.58,2.81,10.2,0.0,1.38,0.6094,31.19,0.0
809,44.66,0.53,14.36,1.41,0.0,0.6003,31.19,0.0
810,43.42,0.13,0.0,0.0,12.1,0.6087,31.19,0.0
811,41.9,0.13,0.0,0.0,10.59,0.5287,31.19,0.0
812,40.17,0.22,0.0,0.0,8.76,0.4588,31.19,0.0
813,38.3,0.13,0.0,0.0,6.98,0.4009,31.19,0.0
814,36.35,0.07,0.0,0.0,5.09,0.3548,31.19,0.0
815,36.35,0.03,0.0,0.0,5.13,0.3212,31.19,0.0
816,36.38,0.01,0.0,0.0,5.19,0.2873,31.19,0.0
817,36.38,0.0,0.0,0.0,5.19,0.253,31.19,0.0
818,36.38,0.0,0.0,0.0,5.19,0.2187,31.19,0.0
819,36.38,0.0,0.0,0.0,5.19,0.1844,31.19,0.0
820,36.38,0.0,0.0,0.0,5.19,0.1501,31.19,0.0
821,36.38,0.0,0.0,0.0,5.19,0.1158,31.19,0.0
822,36.38,0.0,0.0,0.0,5.19,0.0815,31.19,0.0
823,38.33,0.0,0.0,0.0,7.15,0.0472,31.19,0.0
824,40.21,0.0,11.67,0.0,0.0,0.0,28.53,0.0
825,41.94,0.01,49.13,0.0,0.0,0.0,0.0,7.2
826,43.45,1.77,78.35,5.48,0.0,0.0,0.0,31.19
827,44.7,5.04,96.77,25.92,0.0,0.0327,0.0,31.19
828,45.62,8.2,107.14,38.54,0.0,0.1872,0.0,31.19
829,46.19,9.5,108.48,40.6,0.0,0.417,0.0,31.19
830,46.38,9.5,101.07,33.0,0.0,0.659,0.0,31.19
831,46.19,7.03,84.73,14.39,0.0,0.8557,0.0,31.19
832,45.62,2.25,59.8,9.82,0.0,0.9415,0.0,6.61
833,44.7,0.03,24.07,0.0,0.0,1.0,20.6,0.0
834,43.45,0.0,0.0,0.0,43.45,1.0,0.0,0.0
835,41.94,0.0,0.0,0.0,37.61,0.713,4.33,0.0
836,40.21,0.0,0.0,0.0,9.02,0.4646,31.19,0.0
837,38.33,0.0,0.0,0.0,7.15,0.405,31.19,0.0
838,36.38,0.0,0.0,0.0,5.19,0.3579,31.19,0.0
839,36.38,0.0,0.0,0.0,5.19,0.3235,31.19,0.0
840,36.42,0.0,0.0,0.0,5.23,0.2892,31.19,0.0
841,36.42,0.0,0.0,0.0,5.23,0.2547,31.19,0.0
842,36.42,0.0,0.0,0.0,5.23,0.2202,31.19,0.0
843,36.42,0.0,0.0,0.0,5.23,0.1856,31.19,0.0
844,36.42,0.0,0.0,0.0,5.23,0.1511,31.19,0.0
845,36.42,0.0,0.0,0.0,5.23,0.1165,31.19,0.0
846,36.42,0.0,0.0,0.0,5.23,0.082,31.19,0.0
847,38.37,0.0,0.0,0.0,7.18,0.0474,31.19,0.0
848,40.24,0.0,12.12,0.0,0.0,0.0,28.13,0.0
849,41.97,0.01,47.48,0.0,0.0,0.0,0.0,5.51
850,43.49,0.53,74.66,0.51,0.0,0.0,0.0,31.19
851,44.73,1.37,92.38,17.83,0.0,0.003,0.0,31.19
852,45.66,1.77,102.24,27.17,0.0,0.1093,0.0,31.19
853,46.22,1.77,103.38,50.0,0.0,0.2713,0.0,8.93
854,46.42,2.25,96.02,50.0,0.0,0.5694,0.0,1.86
855,46.22,2.81,78.55,22.25,0.0,0.8674,0.0,12.9
856,45.66,0.53,52.71,0.0,0.0,1.0,0.0,7.58
857,44.73,0.01,19.33,0.0,0.0,1.0,25.39,0.0
858,43.49,0.0,0.0,0.0,38.75,1.0,4.74,0.0
859,41.97,0.03,0.0,0.0,10.76,0.7441,31.19,0.0
860,40.24,0.03,0.0,0.0,40.22,0.673,0.0,0.0
861,38.37,0.03,0.0,0.0,7.15,0.4074,31.19,0.0
862,36.42,0.01,0.0,0.0,5.22,0.3602,31.19,0.0
863,36.42,0.0,0.0,0.0,5.23,0.3257,31.19,0.0
864,36.45,0.0,0.0,0.0,5.27,0.2911,31.19,0.0
865,36.45,0.0,0.0,0.0,5.27,0.2563,31.19,0.0
866,36.45,0.0,0.0,0.0,5.27,0.2216,31.19,0.0
867,36.45,0.0,0.0,0.0,5.27,0.1868,31.19,0.0
868,36.45,0.0,0.0,0.0,5.27,0.152,31.19,0.0
869,36.45,0.0,0.0,0.0,5.27,0.1172,31.19,0.0
870,36.45,0.0,0.0,0.0,5.27,0.0824,31.19,0.0
871,38.4,0.0,0.0,0.0,7.22,0.0477,31.19,0.0
872,40.28,0.13,10.45,0.0,0.0,0.0,29.7,0.0
873,42.01,2.25,35.18,0.0,0.0,0.0,4.57,0.0
874,43.52,4.2,36.89,0.0,0.0,0.0,2.43,0.0
875,44.77,3.46,43.22,1.91,0.0,0.0,0.0,0.0
876,45.69,2.81,74.6,31.72,0.0,0.0114,0.0,0.0
877,46.26,4.2,14.31,0.0,0.0,0.2005,27.75,0.0
878,46.45,9.5,54.88,17.92,0.0,0.2005,0.0,0.0
879,46.26,14.18,24.03,0.0,0.0,0.3073,8.06,0.0
880,45.69,12.48,8.88,0.0,6.69,0.3073,17.64,0.0
881,44.77,7.03,2.93,0.0,3.62,0.2631,31.19,0.0
882,43.52,5.98,0.0,0.0,6.36,0.2392,31.19,0.0
883,42.01,7.03,0.0,0.0,3.79,0.1972,31.19,0.0
884,40.28,9.5,0.0,0.0,0.0,0.1722,30.78,0.0
885,38.4,14.18,0.0,0.0,0.0,0.1722,24.23,0.0
886,36.45,20.18,0.0,0.0,0.0,0.1722,16.27,0.0
887,36.45,25.01,0.0,0.0,0.0,0.1722,11.44,0.0
888,36.49,25.01,0.0,0.0,0.0,0.1722,11.48,0.0
889,36.49,16.02,0.0,0.0,0.0,0.1722,20.46,0.0
890,36.49,7.03,0.0,0.0,0.0,0.1722,29.45,0.0
891,36.49,1.77,0.0,0.0,3.53,0.1722,31.19,0.0
892,36.49,0.53,0.0,0.0,4.78,0.1489,31.19,0.0
893,36.49,0.13,0.0,0.0,5.17,0.1174,31.19,0.0
894,36.49,0.03,0.0,0.0,5.27,0.0832,31.19,0.0
895,38.44,0.01,0.0,0.0,7.24,0.0484,31.19,0.0
896,40.31,0.53,8.52,0.0,0.09,0.0006,31.19,0.0
897,42.04,0.75,39.13,0.0,0.0,0.0,2.16,0.0
898,43.56,0.35,66.48,0.0,0.0,0.0,0.0,23.27
899,44.8,0.75,86.65,11.41,0.0,0.0,0.0,31.19
900,45.73,1.37,97.71,50.0,0.0,0.068,0.0,3.35
901,46.29,2.25,100.3,42.53,0.0,0.366,0.0,13.73
902,46.49,2.25,94.22,18.8,0.0,0.6195,0.0,31.19
903,46.29,1.77,79.25,34.72,0.0,0.7316,0.0,0.0
904,45.73,0.22,55.81,10.3,0.0,0.9386,0.0,0.0
905,44.8,0.0,23.01,0.0,0.0,1.0,21.79,0.0
906,43.56,0.0,0.0,0.0,43.56,1.0,0.0,0.0
907,42.04,0.0,0.0,0.0,41.12,0.7123,0.92,0.0
908,40.31,0.0,0.0,0.0,9.13,0.4407,31.19,0.0
909,38.44,0.0,0.0,0.0,7.25,0.3804,31.19,0.0
910,36.49,0.03,0.0,0.0,5.27,0.3326,31.19,0.0
911,36.49,0.13,0.0,0.0,5.17,0.2977,31.19,0.0
912,36.52,0.35,0.0,0.0,4.98,0.2636,31.19,0.0
913,36.52,1.03,0.0,0.0,4.31,0.2307,31.19,0.0
914,36.52,1.03,0.0,0.0,4.31,0.2022,31.19,0.0
915,36.52,1.03,0.0,0.0,4.31,0.1737,31.19,0.0
916,36.52,0.75,0.0,0.0,4.59,0.1453,31.19,0.0
917,36.52,0.35,0.0,0.0,4.98,0.115,31.19,0.0
918,36.52,0.13,0.0,0.0,5.21,0.0821,31.19,0.0
919,38.47,0.07,0.0,0.0,7.22,0.0477,31.19,0.0
920,40.35,1.37,12.87,0.0,0.0,0.0,26.12,0.0
921,42.08,3.46,48.1,0.0,0.0,0.0,0.0,9.49
922,43.59,9.5,75.55,10.27,0.0,0.0,0.0,31.19
923,44.84,14.18,91.32,29.48,0.0,0.0612,0.0,31.19
924,45.76,7.03,99.31,29.4,0.0,0.2369,0.0,31.19
925,46.33,2.81,99.32,24.62,0.0,0.4121,0.0,31.19
926,46.52,0.75,91.29,45.51,0.0,0.5589,0.0,0.0
927,46.33,0.53,75.42,22.7,0.0,0.8302,0.0,6.91
928,45.76,0.07,51.48,5.78,0.0,0.9655,0.0,0.0
929,44.84,0.0,19.66,0.0,24.91,1.0,0.26,0.0
930,43.59,0.01,0.0,0.0,43.58,0.8355,0.0,0.0
931,42.08,0.0,0.0,0.0,10.89,0.5476,31.19,0.0
932,40.35,0.0,0.0,0.0,9.16,0.4757,31.19,0.0
933,38.47,0.0,0.0,0.0,7.29,0.4152,31.19,0.0
934,36.52,0.0,0.0,0.0,5.33,0.367,31.19,0.0
935,36.52,0.0,0.0,0.0,5.33,0.3318,31.19,0.0
936,36.56,0.0,0.0,0.0,5.37,0.2966,31.19,0.0
937,36.56,0.0,0.0,0.0,5.37,0.2611,31.19,0.0
938,36.56,0.0,0.0,0.0,5.37,0.2256,31.19,0.0
939,36.56,0.0,0.0,0.0,5.37,0.1902,31.19,0.0
940,36.56,0.0,0.0,0.0,5.37,0.1547,31.19,0.0
941,36.56,0.0,0.0,0.0,5.37,0.1193,31.19,0.0
942,36.56,0.0,0.0,0.0,5.37,0.0838,31.19,0.0
943,38.51,0.0,0.0,0.0,7.32,0.0483,31.19,0.0
944,40.38,0.0,11.85,0.0,0.0,0.0,28.53,0.0
945,42.11,0.0,44.92,0.0,0.0,0.0,0.0,2.81
946,43.63,0.13,71.82,0.0,0.0,0.0,0.0,28.32
947,44.87,1.77,89.44,15.15,0.0,0.0,0.0,31.19
948,45.79,3.46,98.88,50.0,0.0,0.0903,0.0,6.55
949,46.36,2.81,99.83,25.1,0.0,0.3884,0.0,31.19
950,46.56,1.37,91.65,46.46,0.0,0.538,0.0,0.0
951,46.36,0.13,76.14,24.31,0.0,0.8149,0.0,5.59
952,45.79,0.0,52.54,6.75,0.0,0.9598,0.0,0.0
953,44.87,0.0,20.79,0.0,24.08,1.0,0.0,0.0
954,43.63,0.0,0.0,0.0,41.84,0.841,1.79,0.0
955,42.11,0.0,0.0,0.0,10.92,0.5646,31.19,0.0
956,40.38,0.0,0.0,0.0,9.2,0.4925,31.19,0.0
957,38.51,0.0,0.0,0.0,7.32,0.4317,31.19,0.0
958,36.56,0.0,0.0,0.0,5.37,0.3834,31.19,0.0
959,36.56,0.0,0.0,0.0,5.37,0.3479,31.19,0.0
960,36.59,0.0,0.0,0.0,5.4,0.3125,31.19,0.0
961,36.59,0.0,0.0,0.0,5.4,0.2768,31.19,0.0
962,36.59,0.0,0.0,0.0,5.4,0.2411,31.19,0.0
963,36.59,0.07,0.0,0.0,5.34,0.2054,31.19,0.0
964,36.59,0.13,0.0,0.0,5.27,0.1702,31.19,0.0
965,36.59,0.13,0.0,0.0,5.27,0.1354,31.19,0.0
966,36.59,0.22,0.0,0.0,5.18,0.1005,31.19,0.0
967,38.54,0.22,0.0,0.0,7.13,0.0663,31.19,0.0
968,40.42,5.98,0.34,0.0,2.91,0.0192,31.19,0.0
969,42.14,27.69,1.78,0.0,0.0,0.0,12.68,0.0
970,43.66,36.82,7.26,0.0,0.0,0.0,0.0,0.43
971,44.9,36.82,8.24,0.0,0.0,0.0,0.0,0.16
972,45.83,36.82,20.83,11.83,0.0,0.0,0.0,0.0
973,46.4,36.82,55.55,20.61,0.0,0.0705,0.0,25.37
974,46.59,36.82,55.78,46.02,0.0,0.1934,0.0,0.0
975,46.4,36.82,75.23,50.0,0.0,0.4677,0.0,15.66
976,45.83,36.82,48.31,39.3,0.0,0.7657,0.0,0.0
977,44.9,36.82,16.17,0.0,0.0,1.0,0.0,8.09
978,43.66,25.01,0.0,0.0,0.0,1.0,18.65,0.0
979,42.14,14.18,0.0,0.0,27.97,1.0,0.0,0.0
980,40.42,5.98,0.0,0.0,3.25,0.8153,31.19,0.0
981,38.54,1.77,0.0,0.0,5.58,0.7938,31.19,0.0
982,36.59,0.53,0.0,0.0,5.13,0.757,30.93,0.0
983,36.59,0.35,0.0,0.0,36.24,0.7231,0.0,0.0
984,36.62,0.22,0.0,0.0,36.4,0.4837,0.0,0.0
985,36.62,0.35,0.0,0.0,5.08,0.2433,31.19,0.0
986,36.62,0.35,0.0,0.0,5.08,0.2097,31.19,0.0
987,36.62,0.35,0.0,0.0,5.08,0.1762,31.19,0.0
988,36.62,0.53,0.0,0.0,4.91,0.1426,31.19,0.0
989,36.62,0.53,0.0,0.0,4.91,0.1102,31.19,0.0
990,36.62,0.53,0.0,0.0,4.91,0.0777,31.19,0.0
991,38.57,0.53,0.0,0.0,6.86,0.0453,31.19,0.0
992,40.45,9.5,10.98,0.0,0.0,0.0,19.97,0.0
993,42.18,20.18,44.24,0.0,0.0,0.0,0.0,22.25
994,43.69,33.6,72.15,30.87,0.0,0.0,0.0,31.19
995,44.94,36.82,39.3,0.0,0.0,0.184,0.0,31.19
996,45.86,25.29,101.75,50.0,0.0,0.184,0.0,31.19
997,46.43,36.82,40.79,0.0,0.0,0.4821,0.0,31.19
998,46.62,36.82,90.98,50.0,0.0,0.4821,0.0,31.19
999,46.43,36.82,77.68,36.89,0.0,0.7801,0.0,31.19
1000,45.86,16.02,53.98,0.0,0.0,1.0,0.0,24.14
1001,44.94,1.37,21.18,0.0,22.39,1.0,0.0,0.0
1002,43.69,0.75,0.0,0.0,11.76,0.8521,31.19,0.0
1003,42.18,0.53,0.0,0.0,10.47,0.7745,31.19,0.0
1004,40.45,0.75,0.0,0.0,8.51,0.7054,31.19,0.0
1005,38.57,1.03,0.0,0.0,6.36,0.6491,31.19,0.0
1006,36.62,1.77,0.0,0.0,19.81,0.6071,15.04,0.0
1007,36.62,2.25,0.0,0.0,3.18,0.4763,31.19,0.0
1008,36.65,1.37,0.0,0.0,35.29,0.4553,0.0,0.0
1009,36.65,0.35,0.0,0.0,5.12,0.2222,31.19,0.0
1010,36.65,0.22,0.0,0.0,5.25,0.1884,31.19,0.0
1011,36.65,0.35,0.0,0.0,5.12,0.1538,31.19,0.0
1012,36.65,0.75,0.0,0.0,4.72,0.12,31.19,0.0
1013,36.65,1.37,0.0,0.0,4.1,0.0888,31.19,0.0
1014,36.65,1.77,0.0,0.0,3.7,0.0617,31.19,0.0
1015,38.6,1.77,0.0,0.0,5.65,0.0373,31.19,0.0
1016,40.48,12.48,15.24,0.0,0.0,0.0,12.77,0.0
1017,42.21,36.82,50.65,14.08,0.0,0.0,0.0,31.19
1018,43.73,36.82,79.29,41.2,0.0,0.0839,0.0,31.19
1019,44.97,36.82,89.33,50.0,0.0,0.3295,0.0,31.19
1020,45.89,36.82,40.26,0.0,0.0,0.6276,0.0,31.19
1021,46.46,36.82,73.68,32.86,0.0,0.6276,0.0,31.19
1022,46.65,36.82,41.02,0.0,0.0,0.8234,0.0,31.19
1023,46.46,22.51,84.76,29.62,0.0,0.8234,0.0,31.19
1024,45.89,2.25,59.86,0.0,0.0,1.0,0.0,16.22
1025,44.97,0.01,25.77,0.0,19.19,1.0,0.0,0.0
1026,43.73,0.0,0.0,0.0,25.43,0.8732,18.3,0.0
1027,42.21,0.0,0.0,0.0,11.02,0.7053,31.19,0.0
1028,40.48,0.0,0.0,0.0,9.29,0.6325,31.19,0.0
1029,38.6,0.0,0.0,0.0,7.42,0.5711,31.19,0.0
1030,36.65,0.0,0.0,0.0,5.47,0.5221,31.19,0.0
1031,36.65,0.01,0.0,0.0,5.46,0.486,31.19,0.0
1032,36.69,0.07,0.0,0.0,5.43,0.4499,31.19,0.0
1033,36.69,0.13,0.0,0.0,5.37,0.414,31.19,0.0
1034,36.69,0.22,0.0,0.0,5.28,0.3786,31.19,0.0
1035,36.69,0.22,0.0,0.0,5.28,0.3437,31.19,0.0
1036,36.69,0.22,0.0,0.0,5.28,0.3088,31.19,0.0
1037,36.69,0.13,0.0,0.0,5.37,0.274,31.19,0.0
1038,36.69,0.22,0.0,0.0,5.28,0.2385,31.19,0.0
1039,38.64,0.22,0.0,0.0,7.23,0.2036,31.19,0.0
1040,40.51,2.81,14.1,0.0,23.6,0.1559,0.0,0.0
1041,42.24,8.2,48.54,0.0,0.0,0.0,0.0,14.5
1042,43.76,12.48,62.47,0.0,0.0,0.0,0.0,31.19
1043,45.0,20.18,77.04,21.04,0.0,0.0,0.0,31.19
1044,45.92,25.85,101.26,50.0,0.0,0.1254,0.0,31.19
1045,46.49,33.6,94.08,50.0,0.0,0.4234,0.0,31.19
1046,46.69,22.51,96.01,40.65,0.0,0.7215,0.0,31.19
1047,46.49,3.46,80.3,6.08,0.0,0.9638,0.0,31.19
1048,45.92,0.13,56.84,0.0,0.0,1.0,0.0,11.05
1049,45.0,0.22,17.87,0.0,0.0,1.0,26.91,0.0
1050,43.76,0.53,0.0,0.0,12.05,1.0,31.19,0.0
1051,42.24,1.03,0.0,0.0,10.03,0.9204,31.19,0.0
1052,40.51,2.25,0.0,0.0,14.79,0.8542,23.47,0.0
1053,38.64,5.04,0.0,0.0,2.41,0.7565,31.19,0.0
1054,36.69,9.5,0.0,0.0,0.0,0.7406,27.19,0.0
1055,36.69,16.02,0.0,0.0,0.0,0.7406,20.66,0.0
1056,36.72,16.02,0.0,0.0,20.69,0.7406,0.0,0.0
1057,36.72,9.5,0.0,0.0,0.0,0.6039,27.22,0.0
1058,36.72,4.2,0.0,0.0,32.52,0.6039,0.0,0.0
1059,36.72,1.37,0.0,0.0,4.17,0.3891,31.19,0.0
1060,36.72,0.35,0.0,0.0,5.18,0.3616,31.19,0.0
1061,36.72,0.13,0.0,0.0,5.4,0.3274,31.19,0.0
1062,36.72,0.03,0.0,0.0,36.69,0.2917,0.0,0.0
1063,38.67,0.01,0.0,0.0,7.47,0.0494,31.19,0.0
1064,40.54,0.07,13.74,0.0,0.0,0.0,26.74,0.0
1065,42.27,1.03,46.42,0.0,0.0,0.0,0.0,5.17
1066,43.79,5.04,69.94,0.0,0.0,0.0,0.0,31.19
1067,45.03,12.48,89.53,25.79,0.0,0.0,0.0,31.19
1068,45.96,30.55,94.47,47.88,0.0,0.1537,0.0,31.19
1069,46.53,36.82,40.89,0.0,0.0,0.4391,0.0,31.19
1070,46.72,36.82,91.08,50.0,0.0,0.4391,0.0,31.19
1071,46.53,36.82,75.78,34.89,0.0,0.7371,0.0,31.19
1072,45.96,36.82,49.53,9.21,0.0,0.9451,0.0,31.19
1073,45.03,18.02,17.62,0.0,0.0,1.0,9.39,0.0
1074,43.79,7.03,0.0,0.0,36.75,1.0,0.0,0.0
1075,42.27,5.04,0.0,0.0,6.05,0.7572,31.19,0.0
1076,40.54,4.2,0.0,0.0,5.16,0.7173,31.19,0.0
1077,38.67,4.2,0.0,0.0,34.47,0.6832,0.0,0.0
1078,36.72,7.03,0.0,0.0,0.0,0.4556,29.68,0.0
1079,36.72,9.5,0.0,0.0,14.75,0.4556,12.47,0.0
1080,36.75,9.5,0.0,0.0,0.0,0.3581,27.25,0.0
1081,36.75,7.03,0.0,0.0,0.0,0.3581,29.71,0.0
1082,36.75,5.98,0.0,0.0,0.0,0.3581,30.77,0.0
1083,36.75,4.2,0.0,0.0,1.36,0.3581,31.19,0.0
1084,36.75,2.25,0.0,0.0,34.5,0.3491,0.0,0.0
1085,36.75,0.53,0.0,0.0,5.04,0.1213,31.19,0.0
1086,36.75,0.22,0.0,0.0,5.34,0.088,31.19,0.0
1087,38.7,0.22,0.0,0.0,7.29,0.0528,31.19,0.0
1088,40.58,27.69,12.19,0.0,0.7,0.0046,0.0,0.0
1089,42.3,36.82,46.26,9.59,0.0,0.0,0.0,31.19
1090,43.82,36.82,76.5,38.32,0.0,0.0572,0.0,31.19
1091,45.06,29.73,96.52,50.0,0.0,0.2856,0.0,31.19
1092,45.99,0.0,106.44,29.26,0.0,0.5836,0.0,31.19
1093,46.56,0.0,78.13,0.39,0.0,0.7581,0.0,31.19
1094,46.75,36.82,41.11,0.0,0.0,0.7604,0.0,31.19
1095,46.56,36.82,81.11,40.19,0.0,0.7604,0.0,31.19
1096,45.99,22.25,54.92,0.0,0.0,1.0,0.0,31.19
1097,45.06,33.6,21.17,0.0,0.0,1.0,0.0,9.7
1098,43.82,5.04,0.0,0.0,7.59,1.0,31.19,0.0
1099,42.3,1.77,0.0,0.0,9.35,0.9498,31.19,0.0
1100,40.58,0.35,0.0,0.0,40.22,0.8881,0.0,0.0
1101,38.7,0.13,0.0,0.0,7.38,0.6224,31.19,0.0
1102,36.75,0.07,0.0,0.0,5.5,0.5737,31.19,0.0
1103,36.75,0.03,0.0,0.0,5.53,0.5374,31.19,0.0
1104,36.78,0.07,0.0,0.0,36.04,0.5008,0.67,0.0
1105,36.78,0.07,0.0,0.0,5.53,0.2628,31.19,0.0
1106,36.78,0.13,0.0,0.0,5.46,0.2263,31.19,0.0
1107,36.78,0.35,0.0,0.0,5.24,0.1902,31.19,0.0
1108,36.78,0.35,0.0,0.0,5.24,0.1556,31.19,0.0
1109,36.78,0.22,0.0,0.0,5.37,0.121,31.19,0.0
1110,36.78,0.13,0.0,0.0,5.46,0.0855,31.19,0.0
1111,38.73,0.07,0.0,0.0,7.48,0.0494,31.19,0.0
1112,40.61,1.37,17.04,0.0,0.0,0.0,22.2,0.0
1113,42.33,1.77,52.29,0.0,0.0,0.0,0.0,11.72
1114,43.85,2.81,78.54,6.32,0.0,0.0,0.0,31.19
1115,45.09,5.04,96.13,24.89,0.0,0.0377,0.0,31.19
1116,46.02,3.46,105.03,31.29,0.0,0.186,0.0,31.19
1117,46.59,2.25,105.92,50.0,0.0,0.3725,0.0,11.59
1118,46.78,0.53,98.0,50.0,0.0,0.6706,0.0,1.75
1119,46.59,0.0,82.38,4.61,0.0,0.9686,0.0,31.19
1120,46.02,0.0,58.27,0.66,0.0,0.9961,0.0,11.59
1121,45.09,0.0,26.57,0.0,0.0,1.0,18.52,0.0
1122,43.85,0.03,0.0,0.0,12.64,1.0,31.19,0.0
1123,42.33,0.13,0.0,0.0,42.21,0.9165,0.0,0.0
1124,40.61,0.07,0.0,0.0,9.35,0.6378,31.19,0.0
1125,38.73,0.03,0.0,0.0,7.52,0.576,31.19,0.0
1126,36.78,0.01,0.0,0.0,5.58,0.5264,31.19,0.0
1127,36.78,0.0,0.0,0.0,27.27,0.4895,9.51,0.0
1128,36.81,0.0,0.0,0.0,5.62,0.3094,31.19,0.0
1129,36.81,0.0,0.0,0.0,5.62,0.2722,31.19,0.0
1130,36.81,0.0,0.0,0.0,5.62,0.2351,31.19,0.0
1131,36.81,0.0,0.0,0.0,5.62,0.1979,31.19,0.0
1132,36.81,0.0,0.0,0.0,5.62,0.1608,31.19,0.0
1133,36.81,0.0,0.0,0.0,5.62,0.1237,31.19,0.0
1134,36.81,0.03,0.0,0.0,5.6,0.0865,31.19,0.0
1135,38.76,0.07,0.0,0.0,7.51,0.0496,31.19,0.0
1136,40.64,3.46,16.58,0.0,0.0,0.0,20.6,0.0
1137,42.36,16.02,51.19,0.0,0.0,0.0,0.0,24.85
1138,43.88,25.01,77.78,27.73,0.0,0.0,0.0,31.19
1139,45.12,22.51,67.28,13.48,0.0,0.1653,0.0,31.19
1140,46.05,18.02,103.75,44.54,0.0,0.2456,0.0,31.19
1141,46.62,12.48,105.0,39.67,0.0,0.5111,0.0,31.19
1142,46.81,10.92,97.76,30.68,0.0,0.7476,0.0,31.19
1143,46.62,7.03,82.43,11.66,0.0,0.9305,0.0,31.19
1144,46.05,1.03,58.95,0.0,0.0,1.0,0.0,13.92
1145,45.12,0.22,26.59,0.0,18.31,1.0,0.0,0.0
1146,43.88,0.53,0.0,0.0,12.17,0.879,31.19,0.0
1147,42.36,0.75,0.0,0.0,10.43,0.7987,31.19,0.0
1148,40.64,1.03,0.0,0.0,8.42,0.7298,31.19,0.0
1149,38.76,1.03,0.0,0.0,6.55,0.6741,31.19,0.0
1150,36.81,1.03,0.0,0.0,4.6,0.6309,31.19,0.0
1151,36.81,0.75,0.0,0.0,4.87,0.6005,31.19,0.0
1152,36.84,0.75,0.0,0.0,4.9,0.5683,31.19,0.0
1153,36.84,0.53,0.0,0.0,5.13,0.5359,31.19,0.0
1154,36.84,0.53,0.0,0.0,5.13,0.5021,31.19,0.0
1155,36.84,0.53,0.0,0.0,31.26,0.4682,5.05,0.0
1156,36.84,0.53,0.0,0.0,5.13,0.2617,31.19,0.0
1157,36.84,0.53,0.0,0.0,5.13,0.2279,31.19,0.0
1158,36.84,0.53,0.0,0.0,5.13,0.194,31.19,0.0
1159,38.79,0.53,0.0,0.0,7.08,0.1601,31.19,0.0
1160,40.67,9.5,14.0,0.0,17.17,0.1134,0.0,0.0
1161,42.39,20.18,44.72,0.0,0.0,0.0,0.0,22.51
1162,43.91,36.82,70.2,31.93,0.0,0.0,0.0,31.19
1163,45.15,36.82,81.34,41.82,0.0,0.1903,0.0,31.19
1164,46.08,36.82,63.82,23.38,0.0,0.4396,0.0,31.19
1165,46.65,36.82,83.91,42.9,0.0,0.579,0.0,31.19
1166,46.84,36.82,41.2,0.0,0.0,0.8347,0.0,31.19
1167,46.65,36.82,68.74,27.73,0.0,0.8347,0.0,31.19
1168,46.08,36.82,28.83,0.0,0.0,1.0,0.0,19.58
1169,45.15,14.18,15.83,0.0,0.0,1.0,15.15,0.0
1170,43.91,9.5,0.0,0.0,3.23,1.0,31.19,0.0
1171,42.39,12.48,0.0,0.0,29.92,0.9787,0.0,0.0
1172,40.67,14.18,0.0,0.0,0.0,0.7811,26.49,0.0
1173,38.79,10.92,0.0,0.0,0.0,0.7811,27.87,0.0
1174,36.84,8.2,0.0,0.0,28.63,0.7811,0.0,0.0
1175,36.84,10.92,0.0,0.0,25.92,0.592,0.0,0.0
1176,36.87,25.01,0.0,0.0,11.86,0.4208,0.0,0.0
1177,36.87,30.55,0.0,0.0,6.32,0.3425,0.0,0.0
1178,36.87,25.01,0.0,0.0,0.0,0.3007,11.86,0.0
1179,36.87,22.51,0.0,0.0,0.0,0.3007,14.36,0.0
1180,36.87,16.02,0.0,0.0,20.84,0.3007,0.0,0.0
1181,36.87,9.5,0.0,0.0,0.0,0.163,27.37,0.0
1182,36.87,5.04,0.0,0.0,0.64,0.163,31.19,0.0
1183,38.82,3.46,0.0,0.0,24.04,0.1588,11.31,0.0
1184,40.69,14.18,11.27,0.0,0.0,0.0,15.25,0.0
1185,42.42,16.02,39.04,0.0,0.0,0.0,0.0,12.64
1186,43.94,12.48,55.13,12.95,0.0,0.0,0.0,10.72
1187,45.18,4.2,80.31,8.14,0.0,0.0772,0.0,31.19
1188,46.11,1.03,89.19,44.11,0.0,0.1258,0.0,0.0
1189,46.68,0.22,89.98,43.53,0.0,0.3887,0.0,0.0
1190,46.87,0.03,83.03,36.19,0.0,0.6481,0.0,0.0
1191,46.68,0.0,68.52,21.84,0.0,0.8638,0.0,0.0
1192,46.11,0.0,47.11,1.0,0.0,0.994,0.0,0.0
1193,45.18,0.0,19.18,0.0,0.0,1.0,26.0,0.0
1194,43.94,0.0,0.0,0.0,12.75,1.0,31.19,0.0
1195,42.42,0.0,0.0,0.0,11.24,0.9158,31.19,0.0
1196,40.69,0.0,0.0,0.0,9.51,0.8416,31.19,0.0
1197,38.82,0.0,0.0,0.0,7.63,0.7788,31.19,0.0
1198,36.87,0.0,0.0,0.0,23.55,0.7284,13.32,0.0
1199,36.87,0.01,0.0,0.0,5.67,0.5728,31.19,0.0
1200,36.9,0.53,0.0,0.0,5.18,0.5353,31.19,0.0
1201,36.9,2.81,0.0,0.0,2.9,0.5011,31.19,0.0
1202,36.9,5.98,0.0,0.0,30.91,0.482,0.0,0.0
1203,36.9,5.04,0.0,0.0,0.67,0.2778,31.19,0.0
1204,36.9,3.46,0.0,0.0,33.43,0.2734,0.0,0.0
1205,36.9,3.46,0.0,0.0,2.25,0.0525,31.19,0.0
1206,36.9,3.46,0.0,0.0,2.25,0.0377,31.19,0.0
1207,38.85,4.2,0.0,0.0,3.46,0.0228,31.19,0.0
1208,40.72,16.02,3.96,0.0,0.0,0.0,20.74,0.0
1209,42.45,27.69,13.45,0.0,0.0,0.0,1.31,0.0
1210,43.97,36.82,20.29,0.0,0.0,0.0,0.0,13.14
1211,45.21,36.82,79.06,39.49,0.0,0.0,0.0,31.19
1212,46.13,36.82,82.58,42.08,0.0,0.2354,0.0,31.19
1213,46.7,36.82,41.07,0.0,0.0,0.4862,0.0,31.19
1214,46.9,36.82,91.26,50.0,0.0,0.4862,0.0,31.19
1215,46.7,33.6,80.48,36.19,0.0,0.7843,0.0,31.19
1216,46.13,10.92,55.69,0.0,0.0,1.0,0.0,20.47
1217,45.21,0.75,7.25,0.0,37.22,1.0,0.0,0.0
1218,43.97,0.35,0.0,0.0,43.61,0.7542,0.0,0.0
1219,42.45,1.77,0.0,0.0,40.68,0.4661,0.0,0.0
1220,40.72,8.2,0.0,0.0,1.33,0.1974,31.19,0.0
1221,38.85,20.18,0.0,0.0,7.69,0.1886,10.97,0.0
1222,36.9,25.01,0.0,0.0,0.0,0.1379,11.89,0.0
1223,36.9,16.02,0.0,0.0,20.87,0.1379,0.0,0.0
1224,36.92,8.2,0.0,0.0,0.0,0.0,28.72,0.0
1225,36.92,12.48,0.0,0.0,0.0,0.0,24.45,0.0
1226,36.92,27.69,0.0,0.0,0.0,0.0,9.24,0.0
1227,36.92,36.82,0.0,0.0,0.0,0.0,0.1,0.0
1228,36.92,36.82,0.0,0.0,0.0,0.0,0.1,0.0
1229,36.92,36.82,0.0,0.0,0.0,0.0,0.1,0.0
1230,36.92,36.82,0.0,0.0,0.0,0.0,0.1,0.0
1231,38.87,36.82,0.0,0.0,0.0,0.0,2.05,0.0
1232,40.75,36.82,14.82,0.0,0.0,0.0,0.0,10.89
1233,42.48,26.49,47.17,0.0,0.0,0.0,0.0,31.19
1234,43.99,36.82,75.12,36.77,0.0,0.0,0.0,31.19
1235,45.24,36.82,54.2,14.6,0.0,0.2192,0.0,31.19
1236,46.16,36.82,90.52,50.0,0.0,0.3062,0.0,31.19
1237,46.73,36.82,41.09,0.0,0.0,0.6042,0.0,31.19
1238,46.92,36.82,41.29,0.0,0.0,0.6042,0.0,31.19
1239,46.73,36.82,86.59,45.49,0.0,0.6042,0.0,31.19
1240,46.16,36.82,61.43,20.9,0.0,0.8754,0.0,31.19
1241,45.24,22.51,27.75,0.0,0.0,1.0,0.0,5.02
1242,43.99,1.77,0.4,0.0,41.83,1.0,0.0,0.0
1243,42.48,0.07,0.0,0.0,11.23,0.7238,31.19,0.0
1244,40.75,0.0,0.0,0.0,9.56,0.6496,31.19,0.0
1245,38.87,0.0,0.0,0.0,7.69,0.5864,31.19,0.0
1246,36.92,0.0,0.0,0.0,34.17,0.5357,2.75,0.0
1247,36.92,0.0,0.0,0.0,5.74,0.3099,31.19,0.0
1248,36.95,0.13,0.0,0.0,5.64,0.2721,31.19,0.0
1249,36.95,0.35,0.0,0.0,5.41,0.2348,31.19,0.0
1250,36.95,0.53,0.0,0.0,5.24,0.1991,31.19,0.0
1251,36.95,0.75,0.0,0.0,5.02,0.1645,31.19,0.0
1252,36.95,1.03,0.0,0.0,4.74,0.1313,31.19,0.0
1253,36.95,1.37,0.0,0.0,4.4,0.1001,31.19,0.0
1254,36.95,1.37,0.0,0.0,4.4,0.071,31.19,0.0
1255,38.9,1.37,0.0,0.0,6.35,0.0419,31.19,0.0
1256,40.78,1.03,16.83,0.0,0.0,0.0,22.92,0.0
1257,42.51,0.75,49.24,0.0,0.0,0.0,0.0,7.49
1258,44.02,1.03,74.91,0.73,0.0,0.0,0.0,31.19
1259,45.27,2.25,93.98,19.78,0.0,0.0043,0.0,31.19
1260,46.19,2.81,103.99,33.66,0.0,0.1222,0.0,26.96
1261,46.76,0.75,104.06,50.0,0.0,0.3229,0.0,8.05
1262,46.95,0.0,95.95,17.81,0.0,0.6209,0.0,31.19
1263,46.76,0.0,80.41,33.65,0.0,0.7271,0.0,0.0
1264,46.19,0.0,58.32,12.13,0.0,0.9277,0.0,0.0
1265,45.27,0.01,26.78,0.0,18.47,1.0,0.0,0.0
1266,44.02,0.13,0.6,0.0,43.29,0.878,0.0,0.0
1267,42.51,1.03,0.0,0.0,21.09,0.592,20.39,0.0
1268,40.78,2.25,0.0,0.0,7.34,0.4527,31.19,0.0
1269,38.9,2.25,0.0,0.0,5.46,0.4043,31.19,0.0
1270,36.95,0.53,0.0,0.0,5.24,0.3682,31.19,0.0
1271,36.95,0.03,0.0,0.0,5.74,0.3336,31.19,0.0
1272,36.98,0.01,0.0,0.0,5.78,0.2957,31.19,0.0
1273,36.98,0.13,0.0,0.0,5.66,0.2575,31.19,0.0
1274,36.98,0.53,0.0,0.0,5.27,0.2201,31.19,0.0
1275,36.98,0.53,0.0,0.0,5.27,0.1853,31.19,0.0
1276,36.98,0.53,0.0,0.0,5.27,0.1505,31.19,0.0
1277,36.98,0.53,0.0,0.0,5.27,0.1158,31.19,0.0
1278,36.98,0.53,0.0,0.0,5.27,0.081,31.19,0.0
1279,38.93,0.75,0.0,0.0,6.99,0.0462,31.19,0.0
1280,40.8,22.51,20.13,0.0,0.0,0.0,0.0,1.84
1281,42.53,24.1,55.33,5.71,0.0,0.0,0.0,31.19
1282,44.05,36.82,38.41,0.0,0.0,0.034,0.0,31.19
1283,45.29,36.82,39.65,0.0,0.0,0.034,0.0,31.19
1284,46.22,36.82,90.58,50.0,0.0,0.034,0.0,31.19
1285,46.79,36.82,91.15,50.0,0.0,0.3321,0.0,31.19
1286,46.98,36.82,41.34,0.0,0.0,0.6301,0.0,31.19
1287,46.79,36.82,87.5,46.35,0.0,0.6301,0.0,31.19
1288,46.22,30.55,62.55,15.7,0.0,0.9064,0.0,31.19
1289,45.29,2.25,28.97,0.0,0.0,1.0,14.06,0.0
1290,44.05,0.35,0.95,0.0,11.56,1.0,31.19,0.0
1291,42.53,0.22,0.0,0.0,11.13,0.9236,31.19,0.0
1292,40.8,0.22,0.0,0.0,32.2,0.8501,8.39,0.0
1293,38.93,0.22,0.0,0.0,7.52,0.6375,31.19,0.0
1294,36.98,0.22,0.0,0.0,5.57,0.5878,31.19,0.0
1295,36.98,0.35,0.0,0.0,36.63,0.551,0.0,0.0
1296,37.0,0.22,0.0,0.0,5.6,0.3091,31.19,0.0
1297,37.0,0.07,0.0,0.0,5.75,0.2722,31.19,0.0
1298,37.0,0.01,0.0,0.0,5.81,0.2342,31.19,0.0
1299,37.0,0.0,0.0,0.0,5.82,0.1958,31.19,0.0
1300,37.0,0.0,0.0,0.0,5.82,0.1574,31.19,0.0
1301,37.0,0.01,0.0,0.0,5.81,0.119,31.19,0.0
1302,37.0,0.35,0.0,0.0,5.47,0.0806,31.19,0.0
1303,38.95,1.03,0.0,0.0,6.74,0.0445,31.19,0.0
1304,40.83,25.01,3.0,0.0,0.0,0.0,12.82,0.0
1305,42.56,36.82,9.1,0.0,0.0,0.0,0.0,3.37
1306,44.07,36.82,49.93,11.49,0.0,0.0,0.0,31.19
1307,45.32,36.82,39.68,0.0,0.0,0.0685,0.0,31.19
1308,46.24,36.82,90.6,50.0,0.0,0.0685,0.0,31.19
1309,46.81,36.82,45.8,4.63,0.0,0.3666,0.0,31.19
1310,47.0,36.82,91.37,50.0,0.0,0.3941,0.0,31.19
1311,46.81,36.82,79.34,38.17,0.0,0.6922,0.0,31.19
1312,46.24,36.82,54.07,13.47,0.0,0.9197,0.0,31.19
1313,45.32,36.82,22.66,0.0,0.0,1.0,0.0,14.17
1314,44.07,36.82,0.0,0.0,7.25,1.0,0.0,0.0
1315,42.56,36.82,0.0,0.0,5.74,0.9521,0.0,0.0
1316,40.83,30.55,0.0,0.0,4.11,0.9142,6.17,0.0
1317,38.95,16.02,0.0,0.0,22.93,0.8871,0.0,0.0
1318,37.0,7.03,0.0,0.0,29.97,0.7356,0.0,0.0
1319,37.0,2.81,0.0,0.0,34.19,0.5377,0.0,0.0
1320,37.03,1.03,0.0,0.0,4.82,0.3119,31.19,0.0
1321,37.03,0.22,0.0,0.0,5.62,0.2801,31.19,0.0
1322,37.03,0.13,0.0,0.0,5.71,0.2429,31.19,0.0
1323,37.03,0.07,0.0,0.0,5.78,0.2052,31.19,0.0
1324,37.03,0.03,0.0,0.0,5.81,0.167,31.19,0.0
1325,37.03,0.0,0.0,0.0,5.84,0.1286,31.19,0.0
1326,37.03,0.0,0.0,0.0,5.84,0.0901,31.19,0.0
1327,38.98,0.0,0.0,0.0,7.79,0.0515,31.19,0.0
1328,40.86,0.13,19.4,0.0,0.0,0.0,21.33,0.0
1329,42.58,1.37,53.45,0.0,0.0,0.0,0.0,12.23
1330,44.1,4.2,71.09,0.0,0.0,0.0,0.0,31.19
1331,45.34,12.48,64.05,0.0,0.0,0.0,0.0,31.19
1332,46.27,25.01,73.51,21.07,0.0,0.0,0.0,31.19
1333,46.84,36.82,91.2,50.0,0.0,0.1256,0.0,31.19
1334,47.03,36.82,91.39,50.0,0.0,0.4236,0.0,31.19
1335,46.84,36.82,87.89,46.69,0.0,0.7217,0.0,31.19
1336,46.27,36.82,40.63,0.0,0.0,1.0,0.0,31.19
1337,45.34,12.48,29.88,0.0,0.0,1.0,2.99,0.0
1338,44.1,2.81,1.36,0.0,39.93,1.0,0.0,0.0
1339,42.58,2.25,0.0,0.0,22.05,0.7363,18.28,0.0
1340,40.86,1.37,0.0,0.0,8.3,0.5907,31.19,0.0
1341,38.98,1.03,0.0,0.0,37.95,0.5358,0.0,0.0
1342,37.03,0.53,0.0,0.0,5.32,0.2851,31.19,0.0
1343,37.03,0.35,0.0,0.0,5.49,0.25,31.19,0.0
1344,37.05,0.13,0.0,0.0,5.74,0.2138,31.19,0.0
1345,37.05,0.07,0.0,0.0,5.8,0.1759,31.19,0.0
1346,37.05,0.07,0.0,0.0,5.8,0.1375,31.19,0.0
1347,37.05,0.35,0.0,0.0,5.52,0.0992,31.19,0.0
1348,37.05,1.03,0.0,0.0,4.84,0.0628,31.19,0.0
1349,37.05,2.81,0.0,0.0,3.05,0.0308,31.19,0.0
1350,37.05,5.04,0.0,0.0,0.83,0.0107,31.19,0.0
1351,39.0,7.03,0.0,0.0,0.78,0.0052,31.19,0.0
1352,40.88,36.82,21.27,0.0,0.0,0.0,0.0,17.22
1353,42.61,36.82,55.64,18.67,0.0,0.0,0.0,31.19
1354,44.12,36.82,38.49,0.0,0.0,0.1113,0.0,31.19
1355,45.37,36.82,89.73,50.0,0.0,0.1113,0.0,31.19
1356,46.29,36.82,74.97,34.31,0.0,0.4093,0.0,31.19
1357,46.86,36.82,41.22,0.0,0.0,0.6139,0.0,31.19
1358,47.05,36.82,85.42,44.0,0.0,0.6139,0.0,31.19
1359,46.86,36.82,62.0,20.78,0.0,0.8761,0.0,31.19
1360,46.29,36.82,0.76,0.0,8.7,1.0,0.0,0.0
1361,45.37,14.18,5.07,0.0,19.46,0.9425,6.66,0.0
1362,44.12,14.18,0.1,0.0,29.85,0.814,0.0,0.0
1363,42.61,20.18,0.0,0.0,22.43,0.6169,0.0,0.0
1364,40.88,14.18,0.0,0.0,0.0,0.4688,26.7,0.0
1365,39.0,8.2,0.0,0.0,30.8,0.4688,0.0,0.0
1366,37.05,8.2,0.0,0.0,0.0,0.2653,28.85,0.0
1367,37.05,8.2,0.0,0.0,0.0,0.2653,28.85,0.0
1368,37.08,8.2,0.0,0.0,0.0,0.2653,28.87,0.0
1369,37.08,7.03,0.0,0.0,0.0,0.2653,30.04,0.0
1370,37.08,3.46,0.0,0.0,2.43,0.2653,31.19,0.0
1371,37.08,2.25,0.0,0.0,3.64,0.2493,31.19,0.0
1372,37.08,0.75,0.0,0.0,5.14,0.2253,31.19,0.0
1373,37.08,0.0,0.0,0.0,5.89,0.1913,31.19,0.0
1374,37.08,0.0,0.0,0.0,5.89,0.1524,31.19,0.0
1375,39.03,0.0,0.0,0.0,7.84,0.1135,31.19,0.0
1376,40.9,0.13,0.25,0.0,9.34,0.0617,31.19,0.0
1377,42.63,7.03,10.56,0.0,0.0,0.0,25.04,0.0
1378,44.15,27.69,16.38,0.0,0.0,0.0,0.08,0.0
1379,45.39,36.82,21.81,13.24,0.0,0.0,0.0,0.0
1380,46.32,36.82,15.05,5.55,0.0,0.0789,0.0,0.0
1381,46.89,36.82,28.44,18.38,0.0,0.112,0.0,0.0
1382,47.08,30.55,61.92,45.39,0.0,0.2216,0.0,0.0
1383,46.89,22.51,47.41,23.04,0.0,0.4922,0.0,0.0
1384,46.32,9.5,43.41,6.59,0.0,0.6295,0.0,0.0
1385,45.39,1.03,23.54,0.0,0.0,0.6688,20.83,0.0
1386,44.15,0.07,0.39,0.0,43.02,0.6688,0.68,0.0
1387,42.63,0.07,0.0,0.0,11.38,0.3846,31.19,0.0
1388,40.9,0.01,0.0,0.0,9.71,0.3095,31.19,0.0
1389,39.03,0.0,0.0,0.0,7.84,0.2453,31.19,0.0
1390,37.08,0.07,0.0,0.0,5.83,0.1935,31.19,0.0
1391,37.08,1.03,0.0,0.0,4.87,0.1551,31.19,0.0
1392,37.1,2.81,0.0,0.0,3.1,0.1229,31.19,0.0
1393,37.1,4.2,0.0,0.0,1.71,0.1024,31.19,0.0
1394,37.1,5.04,0.0,0.0,0.88,0.0911,31.19,0.0
1395,37.1,5.04,0.0,0.0,0.88,0.0853,31.19,0.0
1396,37.1,2.81,0.0,0.0,3.1,0.0795,31.19,0.0
1397,37.1,2.25,0.0,0.0,3.66,0.0591,31.19,0.0
1398,37.1,3.46,0.0,0.0,2.45,0.0349,31.19,0.0
1399,39.05,5.04,0.0,0.0,2.83,0.0187,31.19,0.0
1400,40.93,36.82,19.51,0.0,0.0,0.0,0.0,15.41
1401,42.66,24.93,48.92,0.0,0.0,0.0,0.0,31.19
1402,44.17,36.82,38.54,0.0,0.0,0.0,0.0,31.19
1403,45.42,36.82,39.78,0.0,0.0,0.0,0.0,31.19
1404,46.34,36.82,87.23,46.53,0.0,0.0,0.0,31.19
1405,46.91,36.82,91.27,50.0,0.0,0.2774,0.0,31.19
1406,47.1,36.82,41.46,0.0,0.0,0.5754,0.0,31.19
1407,46.91,36.82,89.45,48.18,0.0,0.5754,0.0,31.19
1408,46.34,36.82,63.75,23.05,0.0,0.8626,0.0,31.19
1409,45.42,12.48,30.32,0.0,2.62,1.0,0.0,0.0
1410,44.17,0.53,1.61,0.0,10.85,0.9827,31.19,0.0
1411,42.66,0.07,0.0,0.0,42.59,0.911,0.0,0.0
1412,40.93,0.03,0.0,0.0,9.71,0.6297,31.19,0.0
1413,39.05,0.03,0.0,0.0,7.84,0.5656,31.19,0.0
1414,37.1,0.07,0.0,0.0,22.94,0.5138,14.1,0.0
1415,37.1,0.07,0.0,0.0,5.85,0.3623,31.19,0.0
1416,37.12,0.07,0.0,0.0,5.87,0.3236,31.19,0.0
1417,37.12,0.07,0.0,0.0,5.87,0.2849,31.19,0.0
1418,37.12,0.07,0.0,0.0,5.87,0.2461,31.19,0.0
1419,37.12,0.03,0.0,0.0,5.91,0.2073,31.19,0.0
1420,37.12,0.01,0.0,0.0,5.93,0.1682,31.19,0.0
1421,37.12,0.03,0.0,0.0,5.91,0.1291,31.19,0.0
1422,37.12,0.07,0.0,0.0,5.87,0.09,31.19,0.0
1423,39.08,0.13,0.0,0.0,7.76,0.0513,31.19,0.0
1424,40.95,4.2,23.69,0.0,0.0,0.0,13.06,0.0
1425,42.68,14.18,58.4,0.0,0.0,0.0,0.0,29.9
1426,44.2,30.55,44.83,0.0,0.0,0.0,0.0,31.19
1427,45.44,36.82,88.57,48.76,0.0,0.0,0.0,31.19
1428,46.36,36.82,40.73,0.0,0.0,0.2907,0.0,31.19
1429,46.93,36.82,91.29,50.0,0.0,0.2907,0.0,31.19
1430,47.12,36.82,41.49,0.0,0.0,0.5887,0.0,31.19
1431,46.93,36.82,88.92,47.63,0.0,0.5887,0.0,31.19
1432,46.36,36.82,62.1,21.37,0.0,0.8726,0.0,31.19
1433,45.44,9.5,28.32,0.0,0.0,1.0,7.63,0.0
1434,44.2,2.25,1.11,0.0,40.83,1.0,0.0,0.0
1435,42.68,2.81,0.0,0.0,39.56,0.7303,0.31,0.0
1436,40.95,2.81,0.0,0.0,6.95,0.4691,31.19,0.0
1437,39.08,2.25,0.0,0.0,5.64,0.4231,31.19,0.0
1438,37.12,1.37,0.0,0.0,4.57,0.3859,31.19,0.0
1439,37.12,0.75,0.0,0.0,5.19,0.3557,31.19,0.0
1440,37.15,0.35,0.0,0.0,5.61,0.3214,31.19,0.0
1441,37.15,0.22,0.0,0.0,5.74,0.2844,31.19,0.0
1442,37.15,0.07,0.0,0.0,5.89,0.2465,31.19,0.0
1443,37.15,0.07,0.0,0.0,5.89,0.2076,31.19,0.0
1444,37.15,0.07,0.0,0.0,5.89,0.1686,31.19,0.0
1445,37.15,0.07,0.0,0.0,5.89,0.1297,31.19,0.0
1446,37.15,0.07,0.0,0.0,5.89,0.0908,31.19,0.0
1447,39.1,0.07,0.0,0.0,7.85,0.0518,31.19,0.0
1448,40.97,5.98,18.43,0.0,0.0,0.0,16.56,0.0
1449,42.7,36.82,49.59,43.71,0.0,0.0,0.0,0.0
1450,44.22,36.82,47.3,39.91,0.0,0.2605,0.0,0.0
1451,45.46,36.82,44.71,36.07,0.0,0.4984,0.0,0.0
1452,46.39,0.0,28.87,0.0,17.51,0.7134,0.0,0.0
1453,46.95,0.0,25.75,0.0,21.2,0.5978,0.0,0.0
1454,47.15,0.0,25.13,0.0,22.02,0.4577,0.0,0.0
1455,46.95,0.0,59.68,12.72,0.0,0.3123,0.0,0.0
1456,46.39,0.0,51.87,5.48,0.0,0.3881,0.0,0.0
1457,45.46,0.0,22.52,0.0,0.0,0.4208,22.94,0.0
1458,44.22,36.82,0.03,0.0,0.0,0.4208,7.36,0.0
1459,42.7,36.82,0.0,0.0,5.88,0.4208,0.0,0.0
1460,40.97,36.82,0.0,0.0,4.15,0.382,0.0,0.0
1461,39.1,36.82,0.0,0.0,0.0,0.3546,2.27,0.0
1462,37.15,12.48,0.0,0.0,22.55,0.3546,2.12,0.0
1463,37.15,4.2,0.0,0.0,1.76,0.2056,31.19,0.0
1464,37.17,3.46,0.0,0.0,2.52,0.194,31.19,0.0
1465,37.17,3.46,0.0,0.0,2.52,0.1774,31.19,0.0
1466,37.17,3.46,0.0,0.0,2.52,0.1607,31.19,0.0
1467,37.17,2.25,0.0,0.0,3.73,0.1441,31.19,0.0
1468,37.17,1.37,0.0,0.0,4.62,0.1194,31.19,0.0
1469,37.17,1.37,0.0,0.0,4.62,0.0889,31.19,0.0
1470,37.17,2.25,0.0,0.0,3.73,0.0584,31.19,0.0
1471,39.12,2.81,0.0,0.0,5.12,0.0338,31.19,0.0
1472,41.0,25.01,29.0,0.0,0.0,0.0,0.0,13.02
1473,42.72,25.01,65.89,16.99,0.0,0.0,0.0,31.19
1474,44.24,22.51,81.62,28.71,0.0,0.1013,0.0,31.19
1475,45.48,22.51,54.16,0.0,0.0,0.2724,0.0,31.19
1476,46.41,18.02,59.57,0.0,0.0,0.2724,0.0,31.19
1477,46.98,14.18,113.99,50.0,0.0,0.2724,0.0,31.19
1478,47.17,12.48,111.41,45.53,0.0,0.5704,0.0,31.19
1479,46.98,10.92,93.47,26.22,0.0,0.8419,0.0,31.19
1480,46.41,8.2,69.7,0.31,0.0,0.9982,0.0,31.19
1481,45.48,2.25,35.88,0.0,7.35,1.0,0.0,0.0
1482,44.24,0.53,3.95,0.0,39.77,0.9515,0.0,0.0
1483,42.72,1.03,0.0,0.0,10.51,0.6888,31.19,0.0
1484,41.0,1.77,0.0,0.0,25.11,0.6194,14.12,0.0
1485,39.12,1.77,0.0,0.0,6.16,0.4536,31.19,0.0
1486,37.17,1.77,0.0,0.0,4.21,0.4129,31.19,0.0
1487,37.17,1.77,0.0,0.0,4.21,0.3851,31.19,0.0
1488,37.19,1.77,0.0,0.0,4.23,0.3573,31.19,0.0
1489,37.19,2.25,0.0,0.0,3.75,0.3293,31.19,0.0
1490,37.19,2.81,0.0,0.0,3.19,0.3046,31.19,0.0
1491,37.19,2.81,0.0,0.0,3.19,0.2835,31.19,0.0
1492,37.19,2.81,0.0,0.0,3.19,0.2624,31.19,0.0
1493,37.19,2.81,0.0,0.0,3.19,0.2414,31.19,0.0
1494,37.19,2.81,0.0,0.0,3.19,0.2203,31.19,0.0
1495,39.14,3.46,0.0,0.0,4.49,0.1992,31.19,0.0
1496,41.02,12.48,9.13,0.0,0.0,0.1696,19.41,0.0
1497,42.75,10.92,20.2,0.0,0.0,0.1696,11.63,0.0
1498,44.26,7.03,40.55,3.32,0.0,0.1696,0.0,0.0
1499,45.5,4.2,81.91,40.61,0.0,0.1894,0.0,0.0
1500,46.43,1.77,85.47,40.81,0.0,0.4314,0.0,0.0
1501,47.0,1.03,64.9,18.93,0.0,0.6747,0.0,0.0
1502,47.19,0.53,26.23,0.0,0.0,0.7876,20.43,0.0
1503,47.0,0.07,50.04,3.11,0.0,0.7876,0.0,0.0
1504,46.43,0.0,6.2,0.0,9.04,0.8061,31.19,0.0
1505,45.5,0.0,3.84,0.0,10.48,0.7464,31.19,0.0
1506,44.26,0.0,0.32,0.0,12.76,0.6771,31.19,0.0
1507,42.75,0.0,0.0,0.0,11.56,0.5929,31.19,0.0
1508,41.02,0.01,0.0,0.0,9.82,0.5165,31.19,0.0
1509,39.14,0.13,0.0,0.0,7.83,0.4517,31.19,0.0
1510,37.19,0.35,0.0,0.0,5.65,0.4,31.19,0.0
1511,37.19,0.35,0.0,0.0,5.65,0.3627,31.19,0.0
1512,37.21,0.35,0.0,0.0,5.67,0.3253,31.19,0.0
1513,37.21,0.13,0.0,0.0,5.9,0.2879,31.19,0.0
1514,37.21,0.01,0.0,0.0,6.02,0.2489,31.19,0.0
1515,37.21,0.0,0.0,0.0,6.02,0.2092,31.19,0.0
1516,37.21,0.0,0.0,0.0,6.02,0.1694,31.19,0.0
1517,37.21,0.0,0.0,0.0,6.02,0.1296,31.19,0.0
1518,37.21,0.07,0.0,0.0,5.96,0.0899,31.19,0.0
1519,39.16,0.22,0.11,0.0,7.65,0.0505,31.19,0.0
1520,41.04,2.81,23.87,0.0,0.0,0.0,14.35,0.0
1521,42.77,4.2,57.23,0.0,0.0,0.0,0.0,18.67
1522,44.28,5.04,82.75,12.32,0.0,0.0,0.0,31.19
1523,45.52,7.03,100.08,30.41,0.0,0.0734,0.0,31.19
1524,46.45,9.5,89.48,21.34,0.0,0.2547,0.0,31.19
1525,47.02,12.48,110.86,45.14,0.0,0.3819,0.0,31.19
1526,47.21,14.18,104.84,40.62,0.0,0.6509,0.0,31.19
1527,47.02,12.48,83.66,17.93,0.0,0.8931,0.0,31.19
1528,46.45,4.2,65.97,0.0,0.0,1.0,0.0,23.72
1529,45.52,0.22,33.59,0.0,11.71,1.0,0.0,0.0
1530,44.28,0.03,3.79,0.0,21.66,0.9227,18.81,0.0
1531,42.77,0.01,0.0,0.0,42.76,0.7796,0.0,0.0
1532,41.04,0.01,0.0,0.0,9.84,0.4972,31.19,0.0
1533,39.16,0.03,0.0,0.0,7.95,0.4322,31.19,0.0
1534,37.21,0.07,0.0,0.0,5.96,0.3797,31.19,0.0
1535,37.21,0.13,0.0,0.0,5.9,0.3404,31.19,0.0
1536,37.23,0.22,0.0,0.0,5.82,0.3014,31.19,0.0
1537,37.23,0.35,0.0,0.0,5.69,0.263,31.19,0.0
1538,37.23,0.53,0.0,0.0,5.52,0.2254,31.19,0.0
1539,37.23,0.75,0.0,0.0,5.3,0.1889,31.19,0.0
1540,37.23,0.53,0.0,0.0,5.52,0.154,31.19,0.0
1541,37.23,0.53,0.0,0.0,5.52,0.1175,31.19,0.0
1542,37.23,0.53,0.0,0.0,5.52,0.0811,31.19,0.0
1543,39.18,0.75,0.49,0.0,6.76,0.0446,31.19,0.0
1544,41.06,18.02,21.18,0.0,0.0,0.0,1.85,0.0
1545,42.79,36.82,58.26,21.11,0.0,0.0,0.0,31.19
1546,44.3,36.82,38.66,0.0,0.0,0.1258,0.0,31.19
1547,45.54,36.82,89.91,50.0,0.0,0.1258,0.0,31.19
1548,46.47,36.82,40.83,0.0,0.0,0.4239,0.0,31.19
1549,47.04,36.82,88.08,46.68,0.0,0.4239,0.0,31.19
1550,47.23,36.82,41.59,0.0,0.0,0.7021,0.0,31.19
1551,47.04,36.82,83.0,41.6,0.0,0.7021,0.0,31.19
1552,46.47,27.69,58.35,8.38,0.0,0.9501,0.0,31.19
1553,45.54,1.37,28.21,0.0,15.97,1.0,0.0,0.0
1554,44.3,0.22,2.31,0.0,12.54,0.8945,29.22,0.0
1555,42.79,0.07,0.0,0.0,11.53,0.8116,31.19,0.0
1556,41.06,0.01,0.0,0.0,9.86,0.7355,31.19,0.0
1557,39.18,0.0,0.0,0.0,39.18,0.6703,0.0,0.0
1558,37.23,0.0,0.0,0.0,6.04,0.4116,31.19,0.0
1559,37.23,0.0,0.0,0.0,6.04,0.3716,31.19,0.0
1560,37.25,0.0,0.0,0.0,6.06,0.3317,31.19,0.0
1561,37.25,0.01,0.0,0.0,6.05,0.2917,31.19,0.0
1562,37.25,0.03,0.0,0.0,6.03,0.2517,31.19,0.0
1563,37.25,0.01,0.0,0.0,6.05,0.2118,31.19,0.0
1564,37.25,0.0,0.0,0.0,6.06,0.1719,31.19,0.0
1565,37.25,0.0,0.0,0.0,6.06,0.1318,31.19,0.0
1566,37.25,0.0,0.0,0.0,6.06,0.0918,31.19,0.0
1567,39.2,0.0,0.18,0.0,7.83,0.0517,31.19,0.0
1568,41.08,1.03,23.68,0.0,0.0,0.0,16.37,0.0
1569,42.8,7.03,55.68,0.0,0.0,0.0,0.0,19.91
1570,44.32,16.02,59.48,0.0,0.0,0.0,0.0,31.19
1571,45.56,27.69,49.06,0.0,0.0,0.0,0.0,31.19
1572,46.49,36.82,90.85,50.0,0.0,0.0,0.0,31.19
1573,47.06,36.82,91.42,50.0,0.0,0.298,0.0,31.19
1574,47.25,36.82,67.33,25.72,0.0,0.5961,0.0,31.19
1575,47.06,36.82,83.47,42.05,0.0,0.7494,0.0,31.19
1576,46.49,27.69,38.38,0.0,0.0,1.0,0.0,19.58
1577,45.56,3.46,25.0,0.0,0.0,1.0,17.1,0.0
1578,44.32,0.75,2.6,0.0,40.97,1.0,0.0,0.0
1579,42.8,0.75,0.0,0.0,10.87,0.7294,31.19,0.0
1580,41.08,0.53,0.0,0.0,9.36,0.6576,31.19,0.0
1581,39.2,0.35,0.0,0.0,27.62,0.5958,11.22,0.0
1582,37.25,0.22,0.0,0.0,5.84,0.4133,31.19,0.0
1583,37.25,0.07,0.0,0.0,6.0,0.3747,31.19,0.0
1584,37.27,0.01,0.0,0.0,6.07,0.3351,31.19,0.0
1585,37.27,0.0,0.0,0.0,6.08,0.295,31.19,0.0
1586,37.27,0.0,0.0,0.0,6.08,0.2548,31.19,0.0
1587,37.27,0.0,0.0,0.0,6.08,0.2147,31.19,0.0
1588,37.27,0.0,0.0,0.0,6.08,0.1745,31.19,0.0
1589,37.27,0.0,0.0,0.0,6.08,0.1344,31.19,0.0
1590,37.27,0.0,0.0,0.0,6.08,0.0942,31.19,0.0
1591,39.22,0.0,0.0,0.0,8.03,0.054,31.19,0.0
1592,41.09,0.0,9.76,0.0,0.15,0.001,31.19,0.0
1593,42.82,0.03,25.96,0.0,0.0,0.0,16.84,0.0
1594,44.34,0.07,20.81,0.0,0.0,0.0,23.46,0.0
1595,45.58,0.35,88.73,12.31,0.0,0.0,0.0,31.19
1596,46.51,2.25,98.43,50.0,0.0,0.0734,0.0,4.17
1597,47.08,4.2,99.27,44.41,0.0,0.3714,0.0,11.99
1598,47.27,9.5,91.61,50.0,0.0,0.6362,0.0,3.84
1599,47.08,25.01,8.19,0.0,13.88,0.9342,0.0,0.0
1600,46.51,36.82,36.1,26.42,0.0,0.8425,0.0,0.0
1601,45.58,36.82,19.05,0.0,0.0,1.0,0.0,10.29
1602,44.34,36.82,2.46,0.0,5.06,1.0,0.0,0.0
1603,42.82,36.82,0.0,0.0,6.0,0.9666,0.0,0.0
1604,41.09,27.69,0.0,0.0,13.41,0.927,0.0,0.0
1605,39.22,14.18,0.0,0.0,25.04,0.8384,0.0,0.0
1606,37.27,18.02,0.0,0.0,19.24,0.673,0.0,0.0
1607,37.27,33.6,0.0,0.0,3.67,0.5459,0.0,0.0
1608,37.29,36.82,0.0,0.0,0.46,0.5217,0.0,0.0
1609,37.29,36.82,0.0,0.0,0.46,0.5186,0.0,0.0
1610,37.29,36.82,0.0,0.0,0.46,0.5156,0.0,0.0
1611,37.29,30.55,0.0,0.0,6.74,0.5125,0.0,0.0
1612,37.29,22.51,0.0,0.0,14.45,0.468,0.33,0.0
1613,37.29,18.02,0.0,0.0,19.26,0.3726,0.0,0.0
1614,37.29,18.02,0.0,0.0,19.26,0.2454,0.0,0.0
1615,39.24,20.18,1.16,0.0,17.89,0.1182,0.0,0.0
1616,41.11,22.51,27.77,0.0,0.0,0.0,0.0,9.17
1617,42.84,14.18,62.07,2.22,0.0,0.0,0.0,31.19
1618,44.36,10.92,64.62,0.0,0.0,0.0132,0.0,31.19
1619,45.6,9.5,99.69,32.4,0.0,0.0132,0.0,31.19
1620,46.52,7.03,113.72,43.04,0.0,0.2064,0.0,31.19
1621,47.09,5.04,113.98,40.74,0.0,0.4629,0.0,31.19
1622,47.29,3.46,107.39,32.38,0.0,0.7057,0.0,31.19
1623,47.09,3.46,91.81,16.99,0.0,0.8987,0.0,31.19
1624,46.52,2.81,68.47,0.0,0.0,1.0,0.0,24.76
1625,45.6,0.53,36.19,0.0,8.88,1.0,0.0,0.0
1626,44.36,0.03,5.21,0.0,7.94,0.9413,31.19,0.0
1627,42.84,0.07,0.0,0.0,42.78,0.8889,0.0,0.0
1628,41.11,0.13,0.0,0.0,9.8,0.6064,31.19,0.0
1629,39.24,0.13,0.0,0.0,22.34,0.5417,16.77,0.0
1630,37.29,0.13,0.0,0.0,5.97,0.3941,31.19,0.0
1631,37.29,0.22,0.0,0.0,5.88,0.3547,31.19,0.0
1632,37.3,0.22,0.0,0.0,5.89,0.3159,31.19,0.0
1633,37.3,0.22,0.0,0.0,5.89,0.277,31.19,0.0
1634,37.3,0.13,0.0,0.0,5.99,0.238,31.19,0.0
1635,37.3,0.13,0.0,0.0,5.99,0.1985,31.19,0.0
1636,37.3,0.13,0.0,0.0,5.99,0.1589,31.19,0.0
1637,37.3,0.07,0.0,0.0,6.05,0.1194,31.19,0.0
1638,37.3,0.35,0.0,0.0,5.76,0.0794,31.19,0.0
1639,39.25,1.03,0.78,0.0,6.26,0.0413,31.19,0.0
1640,41.13,0.07,16.14,0.0,0.0,0.0,24.93,0.0
1641,42.86,0.0,59.18,0.0,0.0,0.0,0.0,16.32
1642,44.37,0.07,75.49,0.0,0.0,0.0,0.0,31.19
1643,45.62,1.03,75.78,0.0,0.0,0.0,0.0,31.19
1644,46.54,4.2,110.17,36.64,0.0,0.0,0.0,31.19
1645,47.11,10.92,87.93,20.55,0.0,0.2184,0.0,31.19
1646,47.3,22.51,105.02,49.04,0.0,0.3409,0.0,31.19
1647,47.11,36.82,89.83,48.36,0.0,0.6332,0.0,31.19
1648,46.54,25.01,65.89,13.17,0.0,0.9215,0.0,31.19
1649,45.62,2.81,34.22,0.0,0.0,1.0,8.59,0.0
1650,44.37,0.07,4.9,0.0,28.58,1.0,10.82,0.0
1651,42.86,0.01,0.0,0.0,42.85,0.8112,0.0,0.0
1652,41.13,0.0,0.0,0.0,9.94,0.5282,31.19,0.0
1653,39.25,0.0,0.0,0.0,8.07,0.4625,31.19,0.0
1654,37.3,0.0,0.0,0.0,6.12,0.4092,31.19,0.0
1655,37.3,0.0,0.0,0.0,6.12,0.3688,31.19,0.0
1656,37.32,0.0,0.0,0.0,6.13,0.3284,31.19,0.0
1657,37.32,0.0,0.0,0.0,6.13,0.2879,31.19,0.0
1658,37.32,0.0,0.0,0.0,6.13,0.2474,31.19,0.0
1659,37.32,0.0,0.0,0.0,6.13,0.2069,31.19,0.0
1660,37.32,0.0,0.0,0.0,6.13,0.1664,31.19,0.0
1661,37.32,0.0,0.0,0.0,6.13,0.1259,31.19,0.0
1662,37.32,0.01,0.0,0.0,6.12,0.0854,31.19,0.0
1663,39.27,0.01,1.26,0.0,6.81,0.045,31.19,0.0
1664,41.15,5.04,26.49,0.0,0.0,0.0,9.62,0.0
1665,42.87,9.5,58.25,0.0,0.0,0.0,0.0,24.87
1666,44.39,16.02,59.55,0.0,0.0,0.0,0.0,31.19
1667,45.63,27.69,49.15,0.01,0.0,0.0,0.0,31.19
1668,46.56,36.82,40.92,0.0,0.0,0.0001,0.0,31.19
1669,47.13,36.82,91.49,50.0,0.0,0.0001,0.0,31.19
1670,47.32,36.82,91.68,50.0,0.0,0.2981,0.0,31.19
1671,47.13,36.82,89.48,47.99,0.0,0.5962,0.0,31.19
1672,46.56,30.55,66.96,19.76,0.0,0.8822,0.0,31.19
1673,45.63,2.25,35.13,0.0,8.25,1.0,0.0,0.0
1674,44.39,0.07,5.26,0.0,21.25,0.9455,17.81,0.0
1675,42.87,0.0,0.0,0.0,42.87,0.8051,0.0,0.0
1676,41.15,0.0,0.0,0.0,9.96,0.5219,31.19,0.0
1677,39.27,0.0,0.0,0.0,8.08,0.4561,31.19,0.0
1678,37.32,0.0,0.0,0.0,6.13,0.4028,31.19,0.0
1679,37.32,0.0,0.0,0.0,6.13,0.3623,31.19,0.0
1680,37.33,0.03,0.0,0.0,6.12,0.3218,31.19,0.0
1681,37.33,0.07,0.0,0.0,6.08,0.2813,31.19,0.0
1682,37.33,0.13,0.0,0.0,6.02,0.2412,31.19,0.0
1683,37.33,0.13,0.0,0.0,6.02,0.2014,31.19,0.0
1684,37.33,0.07,0.0,0.0,6.08,0.1616,31.19,0.0
1685,37.33,0.07,0.0,0.0,6.08,0.1215,31.19,0.0
1686,37.33,0.03,0.0,0.0,6.12,0.0813,31.19,0.0
1687,39.29,0.01,1.9,0.0,6.19,0.0409,31.19,0.0
1688,41.16,0.35,28.18,0.0,0.0,0.0,12.63,0.0
1689,42.89,1.03,59.88,0.0,0.0,0.0,0.0,18.02
1690,44.41,3.46,83.91,11.78,0.0,0.0,0.0,31.19
1691,45.65,5.04,99.21,27.41,0.0,0.0702,0.0,31.19
1692,46.57,4.2,106.15,32.59,0.0,0.2336,0.0,31.19
1693,47.14,4.2,77.0,2.88,0.0,0.4279,0.0,31.19
1694,47.33,5.98,99.97,27.43,0.0,0.445,0.0,31.19
1695,47.14,10.92,85.59,42.32,0.0,0.6086,0.0,7.05
1696,46.57,7.03,62.89,23.35,0.0,0.8608,0.0,0.0
1697,45.65,1.03,32.34,0.0,12.29,1.0,0.0,0.0
1698,44.41,0.22,4.44,0.0,39.74,0.9189,0.0,0.0
1699,42.89,0.35,0.0,0.0,11.35,0.6564,31.19,0.0
1700,41.16,0.22,0.0,0.0,22.1,0.5814,18.84,0.0
1701,39.29,0.07,0.0,0.0,8.03,0.4354,31.19,0.0
1702,37.33,0.01,0.0,0.0,6.14,0.3823,31.19,0.0
1703,37.33,0.0,0.0,0.0,6.15,0.3418,31.19,0.0
1704,37.35,0.0,0.0,0.0,6.16,0.3012,31.19,0.0
1705,37.35,0.0,0.0,0.0,6.16,0.2605,31.19,0.0
1706,37.35,0.0,0.0,0.0,6.16,0.2197,31.19,0.0
1707,37.35,0.13,0.0,0.0,6.03,0.179,31.19,0.0
1708,37.35,0.53,0.0,0.0,5.64,0.1392,31.19,0.0
1709,37.35,1.03,0.0,0.0,5.14,0.1019,31.19,0.0
1710,37.35,1.37,0.0,0.0,4.8,0.068,31.19,0.0
1711,39.3,1.37,1.25,0.0,5.5,0.0363,31.19,0.0
1712,41.18,3.46,17.01,0.0,0.0,0.0,20.7,0.0
1713,42.91,5.98,54.1,0.0,0.0,0.0,0.0,17.17
1714,44.42,16.02,77.63,18.04,0.0,0.0,0.0,31.19
1715,45.66,22.51,94.62,40.28,0.0,0.1076,0.0,31.19
1716,46.59,27.69,100.09,50.0,0.0,0.3476,0.0,31.19
1717,47.16,30.55,80.77,32.97,0.0,0.6457,0.0,31.19
1718,47.35,36.82,9.67,0.0,9.98,0.8422,0.0,9.13
1719,47.16,36.82,79.05,37.53,0.0,0.7763,0.0,31.19
1720,46.59,36.82,32.64,0.0,0.0,1.0,0.0,22.87
1721,45.66,10.92,27.4,0.0,7.35,1.0,0.0,0.0
1722,44.42,2.81,2.34,0.0,8.08,0.9515,31.19,0.0
1723,42.91,7.03,0.0,0.0,35.87,0.8981,0.0,0.0
1724,41.18,12.48,0.0,0.0,28.7,0.6612,0.0,0.0
1725,39.3,9.5,0.0,0.0,27.72,0.4716,2.08,0.0
1726,37.35,5.04,0.0,0.0,1.12,0.2885,31.19,0.0
1727,37.35,2.81,0.0,0.0,3.35,0.2811,31.19,0.0
1728,37.36,1.03,0.0,0.0,5.15,0.259,31.19,0.0
1729,37.36,0.35,0.0,0.0,5.83,0.2249,31.19,0.0
1730,37.36,0.35,0.0,0.0,5.83,0.1865,31.19,0.0
1731,37.36,0.53,0.0,0.0,5.65,0.148,31.19,0.0
1732,37.36,1.03,0.0,0.0,5.15,0.1107,31.19,0.0
1733,37.36,1.37,0.0,0.0,4.81,0.0766,31.19,0.0
1734,37.36,2.25,0.0,0.0,3.92,0.0448,31.19,0.0
1735,39.31,3.46,1.8,0.0,2.87,0.0189,31.19,0.0
1736,41.19,36.82,27.6,0.0,0.0,0.0,0.0,23.23
1737,42.92,36.82,37.28,0.0,0.0,0.0,0.0,31.19
1738,44.44,36.82,38.8,0.0,0.0,0.0,0.0,31.19
1739,45.68,36.82,40.04,0.0,0.0,0.0,0.0,31.19
1740,46.6,36.82,40.97,0.0,0.0,0.0,0.0,31.19
1741,47.17,36.82,88.19,46.65,0.0,0.0,0.0,31.19
1742,47.36,36.82,91.73,50.0,0.0,0.2781,0.0,31.19
1743,47.17,36.82,88.69,47.15,0.0,0.5761,0.0,31.19
1744,46.6,36.82,64.92,23.96,0.0,0.8572,0.0,31.19
1745,45.68,5.98,33.91,0.0,5.78,1.0,0.0,0.0
1746,44.44,0.07,5.18,0.0,8.0,0.9618,31.19,0.0
1747,42.92,0.01,0.0,0.0,42.91,0.909,0.0,0.0
1748,41.19,0.0,0.0,0.0,25.49,0.6255,15.7,0.0
1749,39.31,0.0,0.0,0.0,8.13,0.4572,31.19,0.0
1750,37.36,0.0,0.0,0.0,6.18,0.4035,31.19,0.0
1751,37.36,0.0,0.0,0.0,6.18,0.3627,31.19,0.0
1752,37.38,0.0,0.0,0.0,6.19,0.3219,31.19,0.0
1753,37.38,0.0,0.0,0.0,6.19,0.281,31.19,0.0
1754,37.38,0.0,0.0,0.0,6.19,0.2401,31.19,0.0
1755,37.38,0.0,0.0,0.0,6.19,0.1992,31.19,0.0
1756,37.38,0.0,0.0,0.0,6.19,0.1583,31.19,0.0
1757,37.38,0.0,0.0,0.0,6.19,0.1174,31.19,0.0
1758,37.38,0.0,0.0,0.0,6.19,0.0766,31.19,0.0
1759,39.33,0.0,2.74,0.0,5.4,0.0357,31.19,0.0
1760,41.2,5.98,18.62,0.0,0.0,0.0,16.6,0.0
1761,42.93,18.02,54.04,0.0,0.0,0.0,0.0,29.13
1762,44.45,36.82,56.29,17.48,0.0,0.0,0.0,31.19
1763,45.69,36.82,40.05,0.0,0.0,0.1042,0.0,31.19
1764,46.62,36.82,90.98,50.0,0.0,0.1042,0.0,31.19
1765,47.19,27.69,100.69,50.0,0.0,0.4022,0.0,31.19
1766,47.38,14.18,98.28,33.89,0.0,0.7003,0.0,31.19
1767,47.19,10.92,83.85,16.4,0.0,0.9023,0.0,31.19
1768,46.62,2.81,49.72,0.0,0.0,1.0,0.0,5.92
1769,45.69,0.07,31.9,0.0,0.0,1.0,13.73,0.0
1770,44.45,0.0,4.85,0.0,8.41,1.0,31.19,0.0
1771,42.93,0.0,0.0,0.0,42.93,0.9445,0.0,0.0
1772,41.2,0.03,0.0,0.0,9.99,0.6609,31.19,0.0
1773,39.33,0.13,0.0,0.0,28.94,0.5949,10.26,0.0
1774,37.38,0.22,0.0,0.0,5.97,0.4038,31.19,0.0
1775,37.38,0.13,0.0,0.0,6.06,0.3644,31.19,0.0
1776,37.39,0.03,0.0,0.0,6.18,0.3243,31.19,0.0
1777,37.39,0.0,0.0,0.0,6.2,0.2835,31.19,0.0
1778,37.39,0.0,0.0,0.0,6.2,0.2425,31.19,0.0
1779,37.39,0.0,0.0,0.0,6.2,0.2016,31.19,0.0
1780,37.39,0.0,0.0,0.0,6.2,0.1606,31.19,0.0
1781,37.39,0.0,0.0,0.0,6.2,0.1196,31.19,0.0
1782,37.39,0.0,0.0,0.0,6.2,0.0786,31.19,0.0
1783,39.34,0.0,2.45,0.0,5.7,0.0377,31.19,0.0
1784,41.22,0.0,27.08,0.0,0.0,0.0,14.14,0.0
1785,42.95,2.25,50.36,0.0,0.0,0.0,0.0,9.67
1786,44.46,16.02,55.45,0.0,0.0,0.0,0.0,27.01
1787,45.71,27.69,55.03,5.83,0.0,0.0,0.0,31.19
1788,46.63,25.01,83.28,30.47,0.0,0.0347,0.0,31.19
1789,47.2,27.69,81.29,30.59,0.0,0.2164,0.0,31.19
1790,47.39,30.55,92.57,44.54,0.0,0.3987,0.0,31.19
1791,47.2,36.82,67.13,25.57,0.0,0.6642,0.0,31.19
1792,46.63,33.6,58.76,30.76,0.0,0.8166,0.0,14.97
1793,45.71,7.03,2.18,0.0,24.27,1.0,12.22,0.0
1794,44.46,0.53,0.37,0.0,12.38,0.8397,31.19,0.0
1795,42.95,0.75,0.0,0.0,42.2,0.7579,0.0,0.0
1796,41.22,1.37,0.0,0.0,8.67,0.4792,31.19,0.0
1797,39.34,1.77,0.0,0.0,6.38,0.422,31.19,0.0
1798,37.39,1.37,0.0,0.0,4.84,0.3798,31.19,0.0
1799,37.39,0.75,0.0,0.0,5.46,0.3479,31.19,0.0
1800,37.4,0.53,0.0,0.0,5.69,0.3118,31.19,0.0
1801,37.4,0.35,0.0,0.0,5.86,0.2743,31.19,0.0
1802,37.4,0.22,0.0,0.0,5.99,0.2355,31.19,0.0
1803,37.4,0.13,0.0,0.0,6.09,0.1959,31.19,0.0
1804,37.4,0.03,0.0,0.0,6.19,0.1557,31.19,0.0
1805,37.4,0.01,0.0,0.0,6.21,0.1148,31.19,0.0
1806,37.4,0.01,0.0,0.0,6.21,0.0738,31.19,0.0
1807,39.35,0.01,3.19,0.0,4.97,0.0328,31.19,0.0
1808,41.23,4.2,29.55,0.0,0.0,0.0,7.48,0.0
1809,42.96,14.18,59.51,30.73,0.0,0.0,0.0,0.0
1810,44.47,20.18,67.28,42.99,0.0,0.1832,0.0,0.0
1811,45.72,12.48,79.98,46.73,0.0,0.4394,0.0,0.0
1812,46.64,5.04,69.67,28.06,0.0,0.718,0.0,0.0
1813,47.21,1.77,54.76,9.32,0.0,0.8853,0.0,0.0
1814,47.4,0.22,36.46,0.0,0.0,0.9408,10.72,0.0
1815,47.21,0.0,22.79,0.0,0.0,0.9408,24.42,0.0
1816,46.64,0.0,7.72,0.0,25.87,0.9408,13.05,0.0
1817,45.72,0.01,0.52,0.0,14.0,0.77,31.19,0.0
1818,44.47,0.01,0.0,0.0,13.28,0.6775,31.19,0.0
1819,42.96,0.0,0.0,0.0,11.77,0.5898,31.19,0.0
1820,41.23,0.0,0.0,0.0,10.04,0.512,31.19,0.0
1821,39.35,0.0,0.0,0.0,8.17,0.4457,31.19,0.0
1822,37.4,0.0,0.0,0.0,6.22,0.3917,31.19,0.0
1823,37.4,0.13,0.0,0.0,6.09,0.3507,31.19,0.0
1824,37.41,0.53,0.0,0.0,5.7,0.3105,31.19,0.0
1825,37.41,0.75,0.0,0.0,5.48,0.2728,31.19,0.0
1826,37.41,0.53,0.0,0.0,5.7,0.2366,31.19,0.0
1827,37.41,0.22,0.0,0.0,6.01,0.199,31.19,0.0
1828,37.41,0.03,0.0,0.0,6.2,0.1593,31.19,0.0
1829,37.41,0.0,0.0,0.0,6.23,0.1183,31.19,0.0
1830,37.41,0.0,0.0,0.0,6.23,0.0772,31.19,0.0
1831,39.37,0.0,2.72,0.0,5.46,0.0361,31.19,0.0
1832,41.24,0.0,17.53,0.0,0.0,0.0,23.71,0.0
1833,42.97,0.0,54.58,0.0,0.0,0.0,0.0,11.61
1834,44.49,0.0,76.4,0.73,0.0,0.0,0.0,31.19
1835,45.73,0.35,92.37,15.81,0.0,0.0043,0.0,31.19
1836,46.65,1.37,100.34,28.57,0.0,0.0986,0.0,26.48
1837,47.22,2.81,100.84,25.24,0.0,0.2689,0.0,31.19
1838,47.41,5.04,94.76,50.0,0.0,0.4194,0.0,2.38
1839,47.22,8.2,70.27,31.25,0.0,0.7174,0.0,0.0
1840,46.65,8.2,54.61,16.16,0.0,0.9037,0.0,0.0
1841,45.73,1.77,22.3,0.0,0.0,1.0,21.66,0.0
1842,44.49,0.07,3.68,0.0,9.55,1.0,31.19,0.0
1843,42.97,0.07,0.0,0.0,42.9,0.9369,0.0,0.0
1844,41.24,0.07,0.0,0.0,9.99,0.6535,31.19,0.0
1845,39.37,0.13,0.0,0.0,30.78,0.5876,8.46,0.0
1846,37.41,0.22,0.0,0.0,6.01,0.3843,31.19,0.0
1847,37.41,0.35,0.0,0.0,5.88,0.3446,31.19,0.0
1848,37.43,0.75,0.0,0.0,5.49,0.3058,31.19,0.0
1849,37.43,0.75,0.0,0.0,5.49,0.2695,31.19,0.0
1850,37.43,0.53,0.0,0.0,5.71,0.2333,31.19,0.0
1851,37.43,0.22,0.0,0.0,6.02,0.1955,31.19,0.0
1852,37.43,0.01,0.0,0.0,6.23,0.1558,31.19,0.0
1853,37.43,0.0,0.0,0.0,6.24,0.1146,31.19,0.0
1854,37.43,0.0,0.0,0.0,6.24,0.0734,31.19,0.0
1855,39.38,0.0,3.31,0.0,4.88,0.0322,31.19,0.0
1856,41.25,0.22,27.82,0.0,0.0,0.0,13.21,0.0
1857,42.98,1.03,50.2,0.0,0.0,0.0,0.0,8.24
1858,44.5,4.2,63.89,0.0,0.0,0.0,0.0,23.6
1859,45.74,12.48,64.45,0.0,0.0,0.0,0.0,31.19
1860,46.66,33.6,94.25,50.0,0.0,0.0,0.0,31.19
1861,47.23,36.82,91.6,50.0,0.0,0.298,0.0,31.19
1862,47.43,36.82,46.66,4.88,0.0,0.5961,0.0,31.19
1863,47.23,36.82,84.25,42.66,0.0,0.6251,0.0,31.19
1864,46.66,36.82,61.26,20.23,0.0,0.8794,0.0,31.19
1865,45.74,33.6,10.69,0.0,1.45,1.0,0.0,0.0
1866,44.5,3.46,1.8,0.0,8.05,0.9904,31.19,0.0
1867,42.98,0.75,0.0,0.0,42.23,0.9373,0.0,0.0
1868,41.25,0.53,0.0,0.0,9.54,0.6583,31.19,0.0
1869,39.38,0.35,0.0,0.0,32.21,0.5953,6.81,0.0
1870,37.43,0.22,0.0,0.0,6.02,0.3826,31.19,0.0
1871,37.43,0.07,0.0,0.0,6.17,0.3428,31.19,0.0
1872,37.44,0.01,0.0,0.0,6.24,0.3021,31.19,0.0
1873,37.44,0.0,0.0,0.0,6.25,0.2608,31.19,0.0
1874,37.44,0.0,0.0,0.0,6.25,0.2196,31.19,0.0
1875,37.44,0.0,0.0,0.0,6.25,0.1783,31.19,0.0
1876,37.44,0.03,0.0,0.0,6.22,0.137,31.19,0.0
1877,37.44,0.13,0.0,0.0,6.12,0.0959,31.19,0.0
1878,37.44,0.75,0.0,0.0,5.5,0.0555,31.19,0.0
1879,39.39,1.37,3.93,0.0,2.9,0.0192,31.19,0.0
1880,41.26,36.82,28.93,0.0,0.0,0.0,0.0,24.49
1881,42.99,36.82,37.35,0.0,0.0,0.0,0.0,31.19
1882,44.51,36.82,38.87,0.0,0.0,0.0,0.0,31.19
1883,45.75,36.82,40.11,0.0,0.0,0.0,0.0,31.19
1884,46.67,0.0,98.51,20.65,0.0,0.0,0.0,31.19
1885,47.24,36.82,91.61,50.0,0.0,0.1231,0.0,31.19
1886,47.44,36.82,91.8,50.0,0.0,0.4211,0.0,31.19
1887,47.24,36.82,88.72,47.11,0.0,0.7192,0.0,31.19
1888,46.67,36.82,41.04,0.0,0.0,1.0,0.0,31.19
1889,45.75,36.82,35.02,0.0,0.0,1.0,0.0,26.1
1890,44.51,3.46,6.5,0.0,31.61,1.0,2.93,0.0
1891,42.99,0.53,0.0,0.0,42.47,0.7912,0.0,0.0
1892,41.26,0.22,0.0,0.0,9.85,0.5107,31.19,0.0
1893,39.39,0.13,0.0,0.0,8.07,0.4456,31.19,0.0
1894,37.44,0.07,0.0,0.0,6.18,0.3923,31.19,0.0
1895,37.44,0.01,0.0,0.0,6.24,0.3515,31.19,0.0
1896,37.44,0.0,0.0,0.0,6.26,0.3103,31.19,0.0
1897,37.44,0.0,0.0,0.0,6.26,0.2689,31.19,0.0
1898,37.44,0.0,0.0,0.0,6.26,0.2276,31.19,0.0
1899,37.44,0.0,0.0,0.0,6.26,0.1863,31.19,0.0
1900,37.44,0.0,0.0,0.0,6.26,0.1449,31.19,0.0
1901,37.44,0.01,0.0,0.0,6.25,0.1036,31.19,0.0
1902,37.44,0.0,0.0,0.0,6.26,0.0623,31.19,0.0
1903,39.4,0.0,5.03,0.0,3.18,0.021,31.19,0.0
1904,41.27,0.35,31.58,0.0,0.0,0.0,9.34,0.0
1905,43.0,0.35,60.47,0.0,0.0,0.0,0.0,17.82
1906,44.52,0.13,81.63,6.05,0.0,0.0,0.0,31.19
1907,45.76,0.0,92.0,15.05,0.0,0.0361,0.0,31.19
1908,46.68,0.0,97.42,19.55,0.0,0.1258,0.0,31.19
1909,47.25,0.0,97.2,49.94,0.0,0.2423,0.0,0.0
1910,47.44,0.0,91.32,34.08,0.0,0.54,0.0,9.79
1911,47.25,0.53,77.62,30.89,0.0,0.7432,0.0,0.0
1912,46.68,1.77,57.11,12.2,0.0,0.9273,0.0,0.0
1913,45.76,0.75,29.92,0.0,15.09,1.0,0.0,0.0
1914,44.52,0.35,5.35,0.0,7.63,0.9003,31.19,0.0
1915,43.0,0.75,0.0,0.0,42.25,0.8499,0.0,0.0
1916,41.27,1.03,0.0,0.0,9.06,0.5709,31.19,0.0
1917,39.4,0.53,0.0,0.0,7.68,0.511,31.19,0.0
1918,37.44,0.35,0.0,0.0,5.91,0.4603,31.19,0.0
1919,37.44,0.13,0.0,0.0,16.69,0.4213,20.62,0.0
1920,37.45,0.07,0.0,0.0,6.2,0.311,31.19,0.0
1921,37.45,0.01,0.0,0.0,6.26,0.2701,31.19,0.0
1922,37.45,0.0,0.0,0.0,6.27,0.2287,31.19,0.0
1923,37.45,0.0,0.0,0.0,6.27,0.1873,31.19,0.0
1924,37.45,0.0,0.0,0.0,6.27,0.1459,31.19,0.0
1925,37.45,0.0,0.0,0.0,6.27,0.1046,31.19,0.0
1926,37.45,0.03,0.0,0.0,6.24,0.0632,31.19,0.0
1927,39.4,0.13,4.77,0.0,3.32,0.022,31.19,0.0
1928,41.28,9.5,30.73,0.0,0.0,0.0,1.05,0.0
1929,43.01,10.92,51.15,0.0,0.0,0.0,0.0,19.06
1930,44.52,14.18,67.44,5.9,0.0,0.0,0.0,31.19
1931,45.77,16.02,70.17,9.24,0.0,0.0352,0.0,31.19
1932,46.69,16.02,91.37,29.51,0.0,0.0902,0.0,31.19
1933,47.26,20.18,89.22,45.74,0.0,0.2662,0.0,16.4
1934,47.45,25.01,65.84,12.21,0.0,0.5388,0.0,31.19
1935,47.26,33.6,73.32,50.0,0.0,0.6116,0.0,9.66
1936,46.69,33.6,28.26,15.16,0.0,0.9096,0.0,0.0
1937,45.77,9.5,22.04,0.0,14.23,1.0,0.0,0.0
1938,44.52,1.37,4.54,0.0,38.62,0.906,0.0,0.0
1939,43.01,0.53,0.0,0.0,24.44,0.6509,18.04,0.0
1940,41.28,0.35,0.0,0.0,9.74,0.4895,31.19,0.0
1941,39.4,0.22,0.0,0.0,8.0,0.4252,31.19,0.0
1942,37.45,0.22,0.0,0.0,6.05,0.3724,31.19,0.0
1943,37.45,0.22,0.0,0.0,6.05,0.3324,31.19,0.0
1944,37.46,0.13,0.0,0.0,6.15,0.2925,31.19,0.0
1945,37.46,0.07,0.0,0.0,6.21,0.2519,31.19,0.0
1946,37.46,0.03,0.0,0.0,6.25,0.2109,31.19,0.0
1947,37.46,0.03,0.0,0.0,6.25,0.1697,31.19,0.0
1948,37.46,0.07,0.0,0.0,6.21,0.1284,31.19,0.0
1949,37.46,0.13,0.0,0.0,6.15,0.0874,31.19,0.0
1950,37.46,1.03,0.0,0.0,5.25,0.0468,31.19,0.0
1951,39.41,2.81,3.58,0.0,1.83,0.0121,31.19,0.0
1952,41.29,14.18,18.62,0.0,0.0,0.0,8.49,0.0
1953,43.02,18.02,47.16,0.0,0.0,0.0,0.0,22.17
1954,44.53,18.02,67.96,10.26,0.0,0.0,0.0,31.19
1955,45.78,12.48,54.11,0.0,9.26,0.0612,0.0,30.07
1956,46.7,9.5,97.12,28.73,0.0,0.0,0.0,31.19
1957,47.27,8.2,90.6,20.35,0.0,0.1713,0.0,31.19
1958,47.46,9.5,103.21,34.06,0.0,0.2926,0.0,31.19
1959,47.27,12.48,88.44,46.79,0.0,0.4956,0.0,6.86
1960,46.7,18.02,66.51,37.83,0.0,0.7745,0.0,0.0
1961,45.78,9.5,36.59,0.0,0.0,1.0,0.0,0.31
1962,44.53,2.25,7.25,0.0,33.99,1.0,1.04,0.0
1963,43.02,1.37,0.0,0.0,41.65,0.7755,0.0,0.0
1964,41.29,0.75,0.0,0.0,9.35,0.5004,31.19,0.0
1965,39.41,0.35,0.0,0.0,7.87,0.4386,31.19,0.0
1966,37.46,0.13,0.0,0.0,6.15,0.3866,31.19,0.0
1967,37.46,0.07,0.0,0.0,6.21,0.346,31.19,0.0
1968,37.47,0.03,0.0,0.0,6.25,0.305,31.19,0.0
1969,37.47,0.01,0.0,0.0,6.27,0.2637,31.19,0.0
1970,37.47,0.0,0.0,0.0,6.28,0.2223,31.19,0.0
1971,37.47,0.0,0.0,0.0,6.28,0.1808,31.19,0.0
1972,37.47,0.0,0.0,0.0,6.28,0.1393,31.19,0.0
1973,37.47,0.0,0.0,0.0,6.28,0.0978,31.19,0.0
1974,37.47,0.0,0.0,0.0,6.28,0.0563,31.19,0.0
1975,39.42,0.0,5.99,0.0,2.24,0.0148,31.19,0.0
1976,41.3,0.0,32.47,0.0,0.0,0.0,8.83,0.0
1977,43.02,0.0,61.28,0.0,0.0,0.0,0.0,18.26
1978,44.54,0.0,82.36,6.64,0.0,0.0,0.0,31.19
1979,45.78,0.0,97.86,20.89,0.0,0.0396,0.0,31.19
1980,46.71,0.07,105.7,27.87,0.0,0.1641,0.0,31.19
1981,47.28,0.35,106.62,49.39,0.0,0.3302,0.0,10.31
1982,47.47,0.75,100.49,22.59,0.0,0.6246,0.0,31.19
1983,47.28,1.37,86.29,40.38,0.0,0.7593,0.0,0.0
1984,46.71,2.25,64.5,0.0,0.0,1.0,0.0,20.04
1985,45.78,0.53,35.48,0.0,9.78,1.0,0.0,0.0
1986,44.54,0.13,7.05,0.0,26.42,0.9354,10.94,0.0
1987,43.02,2.25,0.0,0.0,40.77,0.7609,0.0,0.0
1988,41.3,12.48,0.0,0.0,28.82,0.4916,0.0,0.0
1989,39.42,18.02,0.0,0.0,21.4,0.3013,0.0,0.0
1990,37.47,16.02,0.0,0.0,0.0,0.16,21.45,0.0
1991,37.47,12.48,0.0,0.0,0.0,0.16,24.99,0.0
1992,37.47,8.2,0.0,0.0,0.0,0.16,29.27,0.0
1993,37.47,5.04,0.0,0.0,1.25,0.16,31.19,0.0
1994,37.47,2.81,0.0,0.0,3.47,0.1517,31.19,0.0
1995,37.47,1.77,0.0,0.0,4.52,0.1288,31.19,0.0
1996,37.47,1.37,0.0,0.0,4.92,0.0989,31.19,0.0
1997,37.47,0.75,0.0,0.0,5.54,0.0664,31.19,0.0
1998,37.47,1.77,0.0,0.0,4.52,0.0298,31.19,0.0
1999,39.43,4.2,6.25,0.0,0.0,0.0,28.97,0.0
2000,41.3,22.51,32.5,0.0,0.0,0.0,0.0,13.71
2001,43.03,27.69,46.53,0.0,0.0,0.0,0.0,31.19
2002,44.55,36.82,38.91,0.0,0.0,0.0,0.0,31.19
2003,45.79,36.82,47.66,7.51,0.0,0.0,0.0,31.19
2004,46.71,36.82,91.08,50.0,0.0,0.0447,0.0,31.19
2005,47.28,36.82,91.65,50.0,0.0,0.3428,0.0,31.19
2006,47.47,36.82,41.84,0.0,0.0,0.6408,0.0,31.19
2007,47.28,33.6,84.26,39.39,0.0,0.6408,0.0,31.19
2008,46.71,36.82,61.94,20.86,0.0,0.8756,0.0,31.19
2009,45.79,20.18,33.83,0.0,0.0,1.0,0.0,8.22
2010,44.55,8.2,7.11,0.0,29.23,1.0,0.0,0.0
2011,43.03,9.5,0.0,0.0,33.53,0.807,0.0,0.0
2012,41.3,14.18,0.0,0.0,0.0,0.5855,27.13,0.0
2013,39.43,14.18,0.0,0.0,25.25,0.5855,0.0,0.0
2014,37.47,12.48,0.0,0.0,25.0,0.4187,0.0,0.0
2015,37.47,7.03,0.0,0.0,2.75,0.2536,27.69,0.0
2016,37.48,3.46,0.0,0.0,2.83,0.2355,31.19,0.0
2017,37.48,1.03,0.0,0.0,5.27,0.2167,31.19,0.0
2018,37.48,0.53,0.0,0.0,5.77,0.1819,31.19,0.0
2019,37.48,0.35,0.0,0.0,5.94,0.1438,31.19,0.0
2020,37.48,0.53,0.0,0.0,5.77,0.1046,31.19,0.0
2021,37.48,0.75,0.0,0.0,5.55,0.0665,31.19,0.0
2022,37.48,1.77,0.0,0.0,4.52,0.0299,31.19,0.0
2023,39.43,3.46,7.4,0.0,0.0,0.0,28.57,0.0
2024,41.31,20.18,35.88,0.0,0.0,0.0,0.0,14.76
2025,43.04,33.6,40.62,0.0,0.0,0.0,0.0,31.19
2026,44.55,36.82,38.91,0.0,0.0,0.0,0.0,31.19
2027,45.8,30.55,87.92,41.49,0.0,0.0,0.0,31.19
2028,46.72,20.18,107.72,50.0,0.0,0.2473,0.0,31.19
2029,47.29,10.92,111.07,43.51,0.0,0.5453,0.0,31.19
2030,47.48,5.04,103.2,29.57,0.0,0.8047,0.0,31.19
2031,47.29,2.81,78.85,3.19,0.0,0.981,0.0,31.19
2032,46.72,1.37,66.02,0.0,0.0,1.0,0.0,20.66
2033,45.8,0.07,16.95,0.0,0.0,1.0,28.78,0.0
2034,44.55,0.0,7.9,0.0,5.46,1.0,31.19,0.0
2035,43.04,0.0,0.0,0.0,43.04,0.9639,0.0,0.0
2036,41.31,0.01,0.0,0.0,36.07,0.6797,5.23,0.0
2037,39.43,0.01,0.0,0.0,8.24,0.4414,31.19,0.0
2038,37.48,0.07,0.0,0.0,6.23,0.387,31.19,0.0
2039,37.48,0.22,0.0,0.0,6.07,0.3459,31.19,0.0
2040,37.49,0.35,0.0,0.0,5.95,0.3058,31.19,0.0
2041,37.49,0.35,0.0,0.0,5.95,0.2665,31.19,0.0
2042,37.49,0.22,0.0,0.0,6.08,0.2272,31.19,0.0
2043,37.49,0.13,0.0,0.0,6.17,0.1871,31.19,0.0
2044,37.49,0.07,0.0,0.0,6.23,0.1463,31.19,0.0
2045,37.49,0.07,0.0,0.0,6.23,0.1052,31.19,0.0
2046,37.49,0.07,0.0,0.0,6.23,0.064,31.19,0.0
2047,39.44,0.07,4.73,0.0,3.45,0.0228,31.19,0.0
2048,41.31,5.04,20.59,0.0,0.0,0.0,15.69,0.0
2049,43.04,7.03,42.91,0.0,0.0,0.0,0.0,6.91
2050,44.56,9.5,66.25,0.0,0.0,0.0,0.0,31.19
2051,45.8,12.48,98.69,34.18,0.0,0.0,0.0,31.19
2052,46.72,22.51,88.99,33.59,0.0,0.2037,0.0,31.19
2053,47.29,36.82,91.66,50.0,0.0,0.4039,0.0,31.19
2054,47.49,36.82,91.85,50.0,0.0,0.702,0.0,31.19
2055,47.29,36.82,23.6,0.0,0.0,1.0,0.0,13.13
2056,46.72,36.82,19.96,0.0,0.0,1.0,0.0,10.06
2057,45.8,36.82,1.02,0.0,0.0,1.0,7.96,0.0
2058,44.56,12.48,0.1,0.0,31.98,1.0,0.0,0.0
2059,43.04,0.35,0.0,0.0,40.39,0.7888,2.3,0.0
2060,41.31,0.13,0.0,0.0,10.0,0.522,31.19,0.0
2061,39.44,0.13,0.0,0.0,8.12,0.456,31.19,0.0
2062,37.49,0.13,0.0,0.0,6.17,0.4024,31.19,0.0
2063,37.49,0.13,0.0,0.0,6.17,0.3616,31.19,0.0
2064,37.49,0.07,0.0,0.0,6.24,0.3208,31.19,0.0
2065,37.49,0.03,0.0,0.0,6.28,0.2796,31.19,0.0
2066,37.49,0.0,0.0,0.0,6.3,0.2382,31.19,0.0
2067,37.49,0.0,0.0,0.0,6.3,0.1966,31.19,0.0
2068,37.49,0.0,0.0,0.0,6.3,0.1549,31.19,0.0
2069,37.49,0.0,0.0,0.0,6.3,0.1133,31.19,0.0
2070,37.49,0.0,0.0,0.0,6.3,0.0717,31.19,0.0
2071,39.44,0.0,3.71,0.0,4.55,0.03,31.19,0.0
2072,41.32,2.81,14.82,0.0,0.0,0.0,23.68,0.0
2073,43.05,9.5,36.99,0.0,0.0,0.0,0.0,3.44
2074,44.56,27.69,48.06,0.0,0.0,0.0,0.0,31.19
2075,45.8,33.6,57.47,14.08,0.0,0.0,0.0,31.19
2076,46.73,33.6,94.31,50.0,0.0,0.0839,0.0,31.19
2077,47.3,36.82,84.38,42.72,0.0,0.382,0.0,31.19
2078,47.49,36.82,71.45,29.6,0.0,0.6366,0.0,31.19
2079,47.3,36.82,66.25,24.59,0.0,0.8131,0.0,31.19
2080,46.73,36.82,47.86,6.77,0.0,0.9596,0.0,31.19
2081,45.8,5.98,34.19,0.0,0.0,1.0,5.64,0.0
2082,44.56,0.53,7.39,0.0,5.46,1.0,31.19,0.0
2083,43.05,0.75,0.0,0.0,11.11,0.9639,31.19,0.0
2084,41.32,1.37,0.0,0.0,39.95,0.8905,0.0,0.0
2085,39.44,1.77,0.0,0.0,37.67,0.6267,0.0,0.0
2086,37.49,2.25,0.0,0.0,4.05,0.3779,31.19,0.0
2087,37.49,3.46,0.0,0.0,2.84,0.3511,31.19,0.0
2088,37.49,4.2,0.0,0.0,33.29,0.3324,0.0,0.0
2089,37.49,5.04,0.0,0.0,1.27,0.1125,31.19,0.0
2090,37.49,5.04,0.0,0.0,1.27,0.1041,31.19,0.0
2091,37.49,5.04,0.0,0.0,6.79,0.0957,25.67,0.0
2092,37.49,4.2,0.0,0.0,2.11,0.0509,31.19,0.0
2093,37.49,2.81,0.0,0.0,3.49,0.037,31.19,0.0
2094,37.49,4.2,0.0,0.0,2.11,0.0139,31.19,0.0
2095,39.44,8.2,7.79,0.0,0.0,0.0,23.45,0.0
2096,41.32,27.69,34.9,0.0,0.0,0.0,0.0,21.26
2097,43.05,33.6,51.12,10.48,0.0,0.0,0.0,31.19
2098,44.56,30.55,76.27,31.07,0.0,0.0625,0.0,31.19
2099,45.81,25.01,92.87,40.89,0.0,0.2477,0.0,31.19
2100,46.73,16.02,105.81,43.91,0.0,0.4914,0.0,31.19
2101,47.3,5.04,98.36,24.91,0.0,0.7532,0.0,31.19
2102,47.49,0.01,93.91,15.23,0.0,0.9017,0.0,31.19
2103,47.3,0.0,79.75,1.26,0.0,0.9925,0.0,31.19
2104,46.73,1.03,60.93,0.0,0.0,1.0,0.0,15.22
2105,45.81,1.77,30.51,0.0,13.52,1.0,0.0,0.0
2106,44.56,1.37,7.6,0.0,4.41,0.9107,31.19,0.0
2107,43.05,2.81,0.0,0.0,9.05,0.8815,31.19,0.0
2108,41.32,1.77,0.0,0.0,8.36,0.8218,31.19,0.0
2109,39.44,0.53,0.0,0.0,7.73,0.7666,31.19,0.0
2110,37.49,0.03,0.0,0.0,24.98,0.7155,12.48,0.0
2111,37.49,0.0,0.0,0.0,37.49,0.5505,0.0,0.0
2112,37.5,0.0,0.0,0.0,6.31,0.3028,31.19,0.0
2113,37.5,0.03,0.0,0.0,6.28,0.2612,31.19,0.0
2114,37.5,0.03,0.0,0.0,6.28,0.2197,31.19,0.0
2115,37.5,0.03,0.0,0.0,6.28,0.1782,31.19,0.0
2116,37.5,0.0,0.0,0.0,6.31,0.1367,31.19,0.0
2117,37.5,0.0,0.0,0.0,6.31,0.095,31.19,0.0
2118,37.5,0.03,0.0,0.0,6.28,0.0534,31.19,0.0
2119,39.45,0.13,6.34,0.0,1.8,0.0119,31.19,0.0
2120,41.32,5.04,25.66,0.0,0.0,0.0,10.62,0.0
2121,43.05,2.81,52.78,12.54,0.0,0.0,0.0,0.0
2122,44.57,2.25,78.08,4.58,0.0,0.0748,0.0,31.19
2123,45.81,4.2,81.74,27.69,0.0,0.1021,0.0,12.44
2124,46.73,2.81,98.27,50.0,0.0,0.2671,0.0,4.35
2125,47.3,0.53,96.38,49.6,0.0,0.5652,0.0,0.0
2126,47.5,0.35,56.3,9.15,0.0,0.8608,0.0,0.0
2127,47.3,2.25,41.12,0.0,3.93,0.9154,0.0,0.0
2128,46.73,9.5,55.79,18.55,0.0,0.8894,0.0,0.0
2129,45.81,5.04,25.1,0.0,15.67,1.0,0.0,0.0
2130,44.57,0.53,6.96,0.0,37.08,0.8965,0.0,0.0
2131,43.05,0.35,0.0,0.0,42.7,0.6516,0.0,0.0
2132,41.32,0.75,0.0,0.0,15.65,0.3696,24.93,0.0
2133,39.45,0.75,0.0,0.0,7.51,0.2662,31.19,0.0
2134,37.5,1.37,0.0,0.0,4.94,0.2166,31.19,0.0
2135,37.5,5.04,0.0,0.0,1.27,0.1839,31.19,0.0
2136,37.5,8.2,0.0,0.0,0.0,0.1755,29.29,0.0
2137,37.5,9.5,0.0,0.0,0.0,0.1755,28.0,0.0
2138,37.5,10.92,0.0,0.0,26.58,0.1755,0.0,0.0
2139,37.5,9.5,0.0,0.0,0.0,0.0,28.0,0.0
2140,37.5,8.2,0.0,0.0,0.0,0.0,29.29,0.0
2141,37.5,10.92,0.0,0.0,0.0,0.0,26.58,0.0
2142,37.5,25.01,0.0,0.0,0.0,0.0,12.49,0.0
2143,39.45,36.82,7.72,4.66,0.0,0.0,0.0,0.44
2144,41.32,36.82,31.48,0.0,4.2,0.0278,0.0,31.19
2145,43.05,36.82,56.47,19.05,0.0,0.0,0.0,31.19
2146,44.57,36.82,48.09,9.16,0.0,0.1136,0.0,31.19
2147,45.81,36.82,54.42,14.25,0.0,0.1682,0.0,31.19
2148,46.74,36.82,52.32,16.09,0.0,0.2531,0.0,26.32
2149,47.31,36.82,76.22,34.55,0.0,0.349,0.0,31.19
2150,47.5,36.82,57.63,15.77,0.0,0.5549,0.0,31.19
2151,47.31,36.82,53.48,43.0,0.0,0.6489,0.0,0.0
2152,46.74,36.82,25.81,15.9,0.0,0.9052,0.0,0.0
2153,45.81,36.82,6.38,0.0,14.2,1.0,0.0,11.59
2154,44.57,36.82,1.75,0.0,37.18,0.9062,0.0,31.19
2155,43.05,36.82,0.0,0.0,37.42,0.6607,0.0,31.19
2156,41.32,36.82,0.0,0.0,35.69,0.4135,0.0,31.19
2157,39.45,36.82,0.0,0.0,2.63,0.1778,0.0,0.0
2158,37.5,36.82,0.0,0.0,0.67,0.1605,0.0,0.0
2159,37.5,36.82,0.0,0.0,0.67,0.156,0.0,0.0
2160,37.5,36.82,0.0,0.0,0.68,0.1516,0.0,0.0
2161,37.5,36.82,0.0,0.0,0.68,0.1471,0.0,0.0
2162,37.5,36.82,0.0,0.0,0.68,0.1427,0.0,0.0
2163,37.5,36.82,0.0,0.0,0.68,0.1382,0.0,0.0
2164,37.5,36.82,0.0,0.0,0.68,0.1337,0.0,0.0
2165,37.5,36.82,0.0,0.0,0.68,0.1293,0.0,0.0
2166,37.5,36.82,0.0,0.0,0.68,0.1248,0.0,0.0
2167,39.45,36.82,0.11,0.0,2.52,0.1204,0.0,0.0
2168,41.33,36.82,19.98,0.0,15.71,0.1037,0.0,31.19
2169,43.06,36.82,31.86,0.0,0.0,0.0,0.0,25.63
2170,44.57,36.82,45.66,6.73,0.0,0.0,0.0,31.19
2171,45.81,36.82,64.85,24.67,0.0,0.0401,0.0,31.19
2172,46.74,36.82,89.03,47.93,0.0,0.1872,0.0,31.19
2173,47.31,36.82,80.35,38.68,0.0,0.4729,0.0,31.19
2174,47.5,36.82,69.91,28.04,0.0,0.7035,0.0,31.19
2175,47.31,36.82,25.68,0.0,0.0,0.8707,0.0,15.2
2176,46.74,36.82,49.61,21.7,0.0,0.8707,0.0,18.0
2177,45.81,14.18,28.9,0.0,2.74,1.0,0.0,0.0
2178,44.57,0.35,6.68,0.0,37.54,0.9819,0.0,0.0
2179,43.06,0.13,0.0,0.0,13.64,0.734,29.29,0.0
2180,41.33,0.13,0.0,0.0,41.2,0.6439,0.0,0.0
2181,39.45,0.13,0.0,0.0,8.14,0.3718,31.19,0.0
2182,37.5,0.07,0.0,0.0,37.43,0.3181,0.0,0.0
2183,37.5,0.13,0.0,0.0,6.18,0.0708,31.19,0.0
2184,37.5,1.77,0.0,0.0,4.54,0.03,31.19,0.0
2185,37.5,18.02,0.0,0.0,0.0,0.0,19.48,0.0
2186,37.5,30.55,0.0,0.0,0.0,0.0,6.95,0.0
2187,37.5,18.02,0.0,0.0,0.0,0.0,19.48,0.0
2188,37.5,20.18,0.0,0.0,0.0,0.0,17.32,0.0
2189,37.5,25.01,0.0,0.0,0.0,0.0,12.49,0.0
2190,37.5,36.82,0.0,0.0,0.0,0.0,0.68,0.0
2191,39.45,36.82,8.64,1.01,0.0,0.0,0.0,5.01
2192,41.33,36.82,34.78,0.0,0.91,0.006,0.0,31.19
2193,43.06,36.82,37.42,0.0,0.0,0.0,0.0,31.19
2194,44.57,36.82,54.26,15.32,0.0,0.0,0.0,31.19
2195,45.81,36.82,40.18,0.0,0.0,0.0913,0.0,31.19
2196,46.74,36.82,91.1,50.0,0.0,0.0913,0.0,31.19
2197,47.31,36.82,91.67,50.0,0.0,0.3894,0.0,31.19
2198,47.5,36.82,41.86,0.0,0.0,0.6874,0.0,31.19
2199,47.31,36.82,67.85,26.18,0.0,0.6874,0.0,31.19
2200,46.74,36.82,67.36,26.26,0.0,0.8435,0.0,31.19
2201,45.81,36.82,37.71,0.0,0.0,1.0,0.0,28.72
2202,44.57,9.5,9.33,0.0,25.75,1.0,0.0,0.0
2203,43.06,0.35,0.0,0.0,19.49,0.83,23.21,0.0
2204,41.33,0.13,0.0,0.0,41.2,0.7012,0.0,0.0
2205,39.45,0.07,0.0,0.0,8.2,0.4291,31.19,0.0
2206,37.5,0.01,0.0,0.0,6.31,0.3749,31.19,0.0
2207,37.5,0.0,0.0,0.0,6.31,0.3333,31.19,0.0
2208,37.5,0.0,0.0,0.0,6.31,0.2916,31.19,0.0
2209,37.5,0.0,0.0,0.0,6.31,0.2499,31.19,0.0
2210,37.5,0.0,0.0,0.0,6.31,0.2082,31.19,0.0
2211,37.5,0.0,0.0,0.0,6.31,0.1665,31.19,0.0
2212,37.5,0.01,0.0,0.0,6.31,0.1248,31.19,0.0
2213,37.5,0.01,0.0,0.0,6.31,0.0832,31.19,0.0
2214,37.5,0.03,0.0,0.0,6.29,0.0415,31.19,0.0
2215,39.45,0.07,8.63,0.0,0.0,0.0,30.75,0.0
2216,41.33,1.37,39.88,0.0,0.0,0.0,0.08,0.0
2217,43.06,1.03,68.01,0.0,0.0,0.0,0.0,25.98
2218,44.57,0.22,88.64,13.1,0.0,0.0,0.0,31.19
2219,45.81,0.03,103.85,26.87,0.0,0.0781,0.0,31.19
2220,46.74,0.13,110.57,32.77,0.0,0.2383,0.0,31.19
2221,47.31,1.03,111.06,50.0,0.0,0.4336,0.0,14.78
2222,47.5,3.46,78.26,4.53,0.0,0.7317,0.0,29.7
2223,47.31,5.98,65.53,24.21,0.0,0.7587,0.0,0.0
2224,46.74,7.03,55.98,16.28,0.0,0.903,0.0,0.0
2225,45.81,1.77,32.19,0.0,0.0,1.0,11.86,0.0
2226,44.57,0.07,9.28,0.0,4.04,1.0,31.19,0.0
2227,43.06,0.03,0.0,0.0,43.03,0.9733,0.0,0.0
2228,41.33,0.01,0.0,0.0,40.91,0.6891,0.4,0.0
2229,39.45,0.0,0.0,0.0,8.26,0.4189,31.19,0.0
2230,37.5,0.0,0.0,0.0,6.31,0.3643,31.19,0.0
2231,37.5,0.0,0.0,0.0,6.31,0.3226,31.19,0.0
2232,37.5,0.03,0.0,0.0,6.28,0.2809,31.19,0.0
2233,37.5,0.13,0.0,0.0,6.18,0.2394,31.19,0.0
2234,37.5,0.22,0.0,0.0,6.09,0.1986,31.19,0.0
2235,37.5,0.35,0.0,0.0,5.96,0.1583,31.19,0.0
2236,37.5,0.35,0.0,0.0,5.96,0.119,31.19,0.0
2237,37.5,0.35,0.0,0.0,5.96,0.0796,31.19,0.0
2238,37.5,0.22,0.0,0.0,6.09,0.0402,31.19,0.0
2239,39.45,0.13,11.31,0.0,0.0,0.0,28.01,0.0
2240,41.33,9.5,40.86,0.0,0.0,0.0,0.0,9.03
2241,43.05,20.18,54.06,0.0,0.0,0.0,0.0,31.19
2242,44.57,36.82,38.93,0.0,0.0,0.0,0.0,31.19
2243,45.81,36.82,64.83,24.66,0.0,0.0,0.0,31.19
2244,46.74,36.82,91.1,50.0,0.0,0.147,0.0,31.19
2245,47.31,36.82,41.67,0.0,0.0,0.445,0.0,31.19
2246,47.5,36.82,91.86,50.0,0.0,0.445,0.0,31.19
2247,47.31,36.82,71.52,29.85,0.0,0.743,0.0,31.19
2248,46.74,36.82,54.36,13.26,0.0,0.921,0.0,31.19
2249,45.81,18.02,25.79,0.0,2.0,1.0,0.0,0.0
2250,44.57,4.2,7.42,0.0,32.95,0.9868,0.0,0.0
2251,43.05,9.5,0.0,0.0,33.56,0.7692,0.0,0.0
2252,41.33,30.55,0.0,0.0,10.78,0.5475,0.0,0.0
2253,39.45,36.82,0.0,0.0,2.63,0.4763,0.0,0.0
2254,37.5,25.01,0.0,0.0,0.0,0.459,12.49,0.0
2255,37.5,10.92,0.0,0.0,0.0,0.459,26.58,0.0
2256,37.5,3.46,0.0,0.0,2.85,0.459,31.19,0.0
2257,37.5,1.03,0.0,0.0,5.29,0.4402,31.19,0.0
2258,37.5,0.35,0.0,0.0,36.27,0.4053,0.87,0.0
2259,37.5,0.13,0.0,0.0,6.18,0.1657,31.19,0.0
2260,37.5,0.03,0.0,0.0,6.28,0.1248,31.19,0.0
2261,37.5,0.0,0.0,0.0,6.31,0.0834,31.19,0.0
2262,37.5,0.0,0.0,0.0,6.31,0.0417,31.19,0.0
2263,39.45,0.01,11.75,0.0,0.0,0.0,27.69,0.0
2264,41.32,1.03,41.28,0.0,0.0,0.0,0.0,0.99
2265,43.05,2.81,68.92,0.0,0.0,0.0,0.0,28.68
2266,44.57,5.04,89.83,19.11,0.0,0.0,0.0,31.19
2267,45.81,9.5,103.73,36.23,0.0,0.1139,0.0,31.19
2268,46.74,16.02,88.77,26.87,0.0,0.3299,0.0,31.19
2269,47.31,22.51,86.49,30.51,0.0,0.4901,0.0,31.19
2270,47.5,25.01,76.45,22.77,0.0,0.672,0.0,31.19
2271,47.31,30.55,73.16,25.22,0.0,0.8077,0.0,31.19
2272,46.74,36.82,48.14,7.04,0.0,0.958,0.0,31.19
2273,45.81,20.18,38.28,0.0,0.0,1.0,0.0,12.66
2274,44.57,4.2,9.68,0.0,30.69,1.0,0.0,0.0
2275,43.05,0.75,0.0,0.0,14.67,0.7973,27.64,0.0
2276,41.32,0.22,0.0,0.0,41.1,0.7005,0.0,0.0
2277,39.45,0.07,0.0,0.0,8.2,0.429,31.19,0.0
2278,37.5,0.01,0.0,0.0,6.3,0.3748,31.19,0.0
2279,37.5,0.0,0.0,0.0,6.31,0.3332,31.19,0.0
2280,37.49,0.0,0.0,0.0,6.31,0.2915,31.19,0.0
2281,37.49,0.0,0.0,0.0,6.31,0.2499,31.19,0.0
2282,37.49,0.0,0.0,0.0,6.31,0.2082,31.19,0.0
2283,37.49,0.0,0.0,0.0,6.31,0.1665,31.19,0.0
2284,37.49,0.0,0.0,0.0,6.31,0.1249,31.19,0.0
2285,37.49,0.01,0.0,0.0,6.3,0.0832,31.19,0.0
2286,37.49,0.01,0.0,0.0,6.3,0.0416,31.19,0.0
2287,39.45,0.01,10.67,0.0,0.0,0.0,28.77,0.0
2288,41.32,3.46,31.08,0.0,0.0,0.0,6.78,0.0
2289,43.05,3.46,66.67,0.0,0.0,0.0,0.0,27.09
2290,44.57,2.25,87.25,13.75,0.0,0.0,0.0,31.19
2291,45.81,1.77,100.37,25.14,0.0,0.082,0.0,31.19
2292,46.73,1.77,106.78,50.0,0.0,0.2318,0.0,11.82
2293,47.3,2.25,80.02,34.97,0.0,0.5299,0.0,0.0
2294,47.49,4.2,77.14,31.21,0.0,0.7383,0.0,2.63
2295,47.3,8.2,51.78,12.68,0.0,0.9244,0.0,0.0
2296,46.73,12.48,23.76,0.0,10.5,1.0,0.0,0.0
2297,45.81,5.98,33.45,0.0,0.0,0.9306,6.38,0.0
2298,44.57,0.75,7.97,0.0,35.84,0.9306,0.0,0.0
2299,43.05,0.35,0.0,0.0,11.51,0.6939,31.19,0.0
2300,41.32,0.35,0.0,0.0,30.73,0.6179,10.24,0.0
2301,39.45,0.22,0.0,0.0,8.04,0.4149,31.19,0.0
2302,37.49,0.13,0.0,0.0,6.18,0.3618,31.19,0.0
2303,37.49,0.13,0.0,0.0,6.18,0.321,31.19,0.0
2304,37.49,0.13,0.0,0.0,6.18,0.2802,31.19,0.0
2305,37.49,0.22,0.0,0.0,6.08,0.2394,31.19,0.0
2306,37.49,0.22,0.0,0.0,6.08,0.1992,31.19,0.0
2307,37.49,0.35,0.0,0.0,5.95,0.159,31.19,0.0
2308,37.49,0.22,0.0,0.0,6.08,0.1197,31.19,0.0
2309,37.49,0.22,0.0,0.0,6.08,0.0795,31.19,0.0
2310,37.49,0.35,0.0,0.0,5.95,0.0393,31.19,0.0
2311,39.44,0.75,12.37,0.0,0.0,0.0,26.32,0.0
2312,41.32,2.81,42.17,0.0,0.0,0.0,0.0,3.67
2313,43.05,1.37,69.42,0.0,0.0,0.0,0.0,27.74
2314,44.56,1.03,89.41,14.69,0.0,0.0,0.0,31.19
2315,45.81,1.03,102.57,26.61,0.0,0.0876,0.0,31.19
2316,46.73,0.75,108.74,31.57,0.0,0.2462,0.0,31.19
2317,47.3,0.75,108.25,30.52,0.0,0.4343,0.0,31.19
2318,47.49,1.03,100.71,23.05,0.0,0.6162,0.0,31.19
2319,47.3,0.75,86.26,22.81,0.0,0.7537,0.0,16.89
2320,46.73,0.22,65.02,18.51,0.0,0.8896,0.0,0.0
2321,45.81,0.0,37.36,0.0,8.45,1.0,0.0,0.0
2322,44.56,0.0,9.74,0.0,34.82,0.9442,0.0,0.0
2323,43.05,0.0,0.0,0.0,11.86,0.7142,31.19,0.0
2324,41.32,0.0,0.0,0.0,31.78,0.6359,9.53,0.0
2325,39.44,0.01,0.0,0.0,8.25,0.4259,31.19,0.0
2326,37.49,0.07,0.0,0.0,6.24,0.3715,31.19,0.0
2327,37.49,0.13,0.0,0.0,6.18,0.3302,31.19,0.0
2328,37.49,0.13,0.0,0.0,6.17,0.2895,31.19,0.0
2329,37.49,0.13,0.0,0.0,6.17,0.2487,31.19,0.0
2330,37.49,0.03,0.0,0.0,6.27,0.2079,31.19,0.0
2331,37.49,0.0,0.0,0.0,6.3,0.1665,31.19,0.0
2332,37.49,0.0,0.0,0.0,6.3,0.1249,31.19,0.0
2333,37.49,0.0,0.0,0.0,6.3,0.0832,31.19,0.0
2334,37.49,0.0,0.0,0.0,6.3,0.0416,31.19,0.0
2335,39.44,0.0,12.54,0.0,0.0,0.0,26.9,0.0
2336,41.31,0.01,41.14,0.0,0.0,0.0,0.17,0.0
2337,43.04,0.35,67.2,0.0,0.0,0.0,0.0,24.51
2338,44.56,3.46,87.28,15.0,0.0,0.0,0.0,31.19
2339,45.8,9.5,96.69,29.2,0.0,0.0894,0.0,31.19
2340,46.73,12.48,107.95,42.52,0.0,0.2635,0.0,31.19
2341,47.3,12.48,106.7,40.69,0.0,0.5169,0.0,31.19
2342,47.49,8.2,99.06,28.59,0.0,0.7595,0.0,31.19
2343,47.3,5.98,84.27,11.76,0.0,0.9299,0.0,31.19
2344,46.73,3.46,63.41,0.0,0.0,1.0,0.0,20.15
2345,45.8,0.35,32.87,0.0,12.58,1.0,0.0,0.0
2346,44.56,0.0,9.87,0.0,19.51,0.9169,15.18,0.0
2347,43.04,0.03,0.0,0.0,43.02,0.788,0.0,0.0
2348,41.31,0.22,0.0,0.0,9.91,0.5039,31.19,0.0
2349,39.44,0.75,0.0,0.0,7.5,0.4385,31.19,0.0
2350,37.49,3.46,0.0,0.0,2.84,0.3889,31.19,0.0
2351,37.49,8.2,0.0,0.0,0.0,0.3702,29.28,0.0
2352,37.48,10.92,0.0,0.0,0.0,0.3702,26.56,0.0
2353,37.48,10.92,0.0,0.0,0.0,0.3702,26.56,0.0
2354,37.48,5.98,0.0,0.0,31.5,0.3702,0.0,0.0
2355,37.48,1.37,0.0,0.0,4.93,0.1621,31.19,0.0
2356,37.48,0.35,0.0,0.0,5.94,0.1295,31.19,0.0
2357,37.48,0.13,0.0,0.0,6.17,0.0903,31.19,0.0
2358,37.48,0.07,0.0,0.0,6.23,0.0495,31.19,0.0
2359,39.43,0.07,6.92,0.0,1.27,0.0084,31.19,0.0
2360,41.31,4.2,20.25,0.0,0.0,0.0,16.86,0.0
2361,43.04,9.5,40.03,6.49,0.0,0.0,0.0,0.0
2362,44.55,12.48,56.47,24.39,0.0,0.0387,0.0,0.0
2363,45.8,7.03,52.92,14.15,0.0,0.184,0.0,0.0
2364,46.72,5.04,75.26,33.58,0.0,0.2684,0.0,0.0
2365,47.29,5.04,76.32,34.07,0.0,0.4685,0.0,0.0
2366,47.48,5.04,71.0,28.55,0.0,0.6716,0.0,0.0
2367,47.29,2.81,7.09,0.0,6.2,0.8418,31.19,0.0
2368,46.72,0.75,2.08,0.0,12.71,0.8009,31.19,0.0
2369,45.8,0.07,0.9,0.0,28.14,0.7169,16.69,0.0
2370,44.55,0.03,0.11,0.0,13.23,0.5311,31.19,0.0
2371,43.04,0.13,0.0,0.0,11.72,0.4437,31.19,0.0
2372,41.31,0.53,0.0,0.0,9.6,0.3663,31.19,0.0
2373,39.43,1.03,0.0,0.0,7.22,0.3029,31.19,0.0
2374,37.48,1.77,0.0,0.0,4.52,0.2552,31.19,0.0
2375,37.48,2.25,0.0,0.0,4.04,0.2253,31.19,0.0
2376,37.48,2.81,0.0,0.0,3.48,0.1986,31.19,0.0
2377,37.48,3.46,0.0,0.0,2.83,0.1756,31.19,0.0
2378,37.48,2.81,0.0,0.0,3.48,0.1569,31.19,0.0
2379,37.48,2.81,0.0,0.0,3.48,0.134,31.19,0.0
2380,37.48,1.37,0.0,0.0,4.93,0.111,31.19,0.0
2381,37.48,0.35,0.0,0.0,5.94,0.0785,31.19,0.0
2382,37.48,0.35,0.0,0.0,5.94,0.0392,31.19,0.0
2383,39.43,0.75,12.3,0.0,0.0,0.0,26.38,0.0
2384,41.3,3.46,37.3,0.0,0.0,0.0,0.54,0.0
2385,43.03,2.81,62.35,20.25,0.0,0.0,0.0,1.89
2386,44.55,2.81,82.69,9.77,0.0,0.1207,0.0,31.19
2387,45.79,2.81,96.8,22.63,0.0,0.1789,0.0,31.19
2388,46.72,4.2,104.06,50.0,0.0,0.3138,0.0,11.55
2389,47.29,5.98,103.85,50.0,0.0,0.6118,0.0,12.54
2390,47.48,8.2,54.39,15.12,0.0,0.9099,0.0,0.0
2391,47.29,10.92,6.05,0.0,30.32,1.0,0.0,0.0
2392,46.72,18.02,23.34,0.0,5.35,0.7998,0.0,0.0
2393,45.79,27.69,34.1,16.0,0.0,0.7644,0.0,0.0
2394,44.55,36.82,9.6,1.88,0.0,0.8598,0.0,0.0
2395,43.03,36.82,0.0,0.0,6.21,0.871,0.0,0.0
2396,41.3,36.82,0.0,0.0,4.48,0.8299,0.0,0.0
2397,39.43,36.82,0.0,0.0,2.6,0.8003,0.0,0.0
2398,37.48,36.82,0.0,0.0,0.65,0.7831,0.0,0.0
2399,37.48,36.82,0.0,0.0,0.65,0.7788,0.0,0.0
2400,37.47,36.82,0.0,0.0,0.65,0.7745,0.0,0.0
2401,37.47,36.82,0.0,0.0,0.65,0.7702,0.0,0.0
2402,37.47,36.82,0.0,0.0,0.65,0.7659,0.0,0.0
2403,37.47,36.82,0.0,0.0,0.65,0.7617,0.0,0.0
2404,37.47,36.82,0.0,0.0,0.65,0.7574,0.0,0.0
2405,37.47,36.82,0.0,0.0,0.65,0.7531,0.0,0.0
2406,37.47,36.82,0.0,0.0,0.65,0.7488,0.0,0.0
2407,39.42,36.82,0.25,0.0,2.35,0.7446,0.0,0.0
2408,41.3,36.82,1.09,0.0,3.39,0.729,0.0,0.0
2409,43.03,36.82,3.6,0.0,2.6,0.7067,0.0,0.0
2410,44.54,33.6,9.2,0.0,1.74,0.6895,0.0,0.0
2411,45.79,27.69,27.96,9.86,0.0,0.678,0.0,0.0
2412,46.71,30.55,18.02,1.86,0.0,0.7367,0.0,0.0
2413,47.28,36.82,13.39,2.93,0.0,0.7478,0.0,0.0
2414,47.47,36.82,16.02,5.37,0.0,0.7653,0.0,0.0
2415,47.28,36.82,15.37,4.92,0.0,0.7973,0.0,0.0
2416,46.71,36.82,3.29,0.0,6.6,0.8266,0.0,0.0
2417,45.79,27.69,1.08,0.0,7.07,0.783,9.95,0.0
2418,44.54,5.98,0.35,0.0,38.22,0.7363,0.0,0.0
2419,43.03,0.35,0.0,0.0,11.49,0.4839,31.19,0.0
2420,41.3,0.07,0.0,0.0,10.05,0.408,31.19,0.0
2421,39.42,0.13,0.0,0.0,8.11,0.3417,31.19,0.0
2422,37.47,0.53,0.0,0.0,5.76,0.2881,31.19,0.0
2423,37.47,0.75,0.0,0.0,5.54,0.2501,31.19,0.0
2424,37.46,0.75,0.0,0.0,5.53,0.2135,31.19,0.0
2425,37.46,0.53,0.0,0.0,5.75,0.177,31.19,0.0
2426,37.46,0.53,0.0,0.0,5.75,0.139,31.19,0.0
2427,37.46,0.75,0.0,0.0,5.53,0.101,31.19,0.0
2428,37.46,1.03,0.0,0.0,5.25,0.0645,31.19,0.0
2429,37.46,1.77,0.0,0.0,4.51,0.0298,31.19,0.0
2430,37.46,9.5,0.0,0.0,0.0,0.0,27.97,0.0
2431,39.42,20.18,14.94,0.0,0.0,0.0,4.29,0.0
2432,41.29,26.38,46.1,0.0,0.0,0.0,0.0,31.19
2433,43.02,36.82,37.38,0.0,0.0,0.0,0.0,31.19
2434,44.54,36.82,38.9,0.0,0.0,0.0,0.0,31.19
2435,45.78,36.82,54.53,14.39,0.0,0.0,0.0,31.19
2436,46.7,36.82,41.07,0.0,0.0,0.0858,0.0,31.19
2437,47.27,36.82,91.64,50.0,0.0,0.0858,0.0,31.19
2438,47.46,36.82,91.83,50.0,0.0,0.3838,0.0,31.19
2439,47.27,30.55,91.76,43.85,0.0,0.6818,0.0,31.19
2440,46.7,18.02,69.39,9.52,0.0,0.9432,0.0,31.19
2441,45.78,2.25,40.39,0.0,3.14,1.0,0.0,0.0
2442,44.54,0.03,11.06,0.0,2.26,0.9793,31.19,0.0
2443,43.02,0.01,0.0,0.0,43.01,0.9644,0.0,0.0
2444,41.29,0.03,0.0,0.0,14.01,0.6803,27.25,0.0
2445,39.42,0.07,0.0,0.0,39.35,0.5877,0.0,0.0
2446,37.46,0.22,0.0,0.0,6.06,0.3278,31.19,0.0
2447,37.46,0.35,0.0,0.0,5.93,0.2878,31.19,0.0
2448,37.46,0.75,0.0,0.0,5.52,0.2487,31.19,0.0
2449,37.46,0.75,0.0,0.0,5.52,0.2122,31.19,0.0
2450,37.46,0.75,0.0,0.0,5.52,0.1757,31.19,0.0
2451,37.46,1.03,0.0,0.0,5.25,0.1392,31.19,0.0
2452,37.46,1.03,0.0,0.0,5.25,0.1046,31.19,0.0
2453,37.46,0.75,0.0,0.0,5.52,0.0699,31.19,0.0
2454,37.46,1.03,0.18,0.0,5.07,0.0335,31.19,0.0
2455,39.41,2.25,15.93,0.0,0.0,0.0,21.23,0.0
2456,41.28,7.03,47.77,0.0,0.0,0.0,0.0,13.52
2457,43.01,9.5,75.64,10.93,0.0,0.0,0.0,31.19
2458,44.53,8.2,76.53,9.02,0.0,0.0652,0.0,31.19
2459,45.77,4.2,108.12,35.36,0.0,0.1189,0.0,31.19
2460,46.7,2.25,113.2,37.57,0.0,0.3297,0.0,31.19
2461,47.27,1.37,111.94,34.86,0.0,0.5536,0.0,31.19
2462,47.46,1.37,104.93,27.65,0.0,0.7614,0.0,31.19
2463,47.27,0.75,90.08,12.38,0.0,0.9262,0.0,31.19
2464,46.7,0.35,69.1,0.0,0.0,1.0,0.0,22.75
2465,45.77,0.0,41.03,0.0,0.0,1.0,4.74,0.0
2466,44.53,0.0,2.56,0.0,33.71,1.0,8.26,0.0
2467,43.01,0.0,0.0,0.0,43.01,0.7773,0.0,0.0
2468,41.28,0.0,0.0,0.0,10.1,0.4932,31.19,0.0
2469,39.41,0.0,0.0,0.0,8.22,0.4265,31.19,0.0
2470,37.46,0.0,0.0,0.0,6.27,0.3722,31.19,0.0
2471,37.46,0.0,0.0,0.0,6.27,0.3308,31.19,0.0
2472,37.45,0.01,0.0,0.0,6.25,0.2894,31.19,0.0
2473,37.45,0.01,0.0,0.0,6.25,0.2481,31.19,0.0
2474,37.45,0.0,0.0,0.0,6.26,0.2068,31.19,0.0
2475,37.45,0.0,0.0,0.0,6.26,0.1654,31.19,0.0
2476,37.45,0.0,0.0,0.0,6.26,0.1241,31.19,0.0
2477,37.45,0.0,0.0,0.0,6.26,0.0827,31.19,0.0
2478,37.45,0.0,0.0,0.0,6.26,0.0413,31.19,0.0
2479,39.4,0.0,13.54,0.0,0.0,0.0,25.86,0.0
2480,41.28,0.0,35.1,0.0,0.0,0.0,6.18,0.0
2481,43.0,0.53,55.32,12.84,0.0,0.0,0.0,0.0
2482,44.52,2.81,31.6,0.0,10.11,0.0765,0.0,0.0
2483,45.76,8.2,54.27,16.71,0.0,0.0097,0.0,0.0
2484,46.69,16.02,41.99,11.33,0.0,0.1094,0.0,0.0
2485,47.26,22.51,58.15,33.41,0.0,0.1769,0.0,0.0
2486,47.45,22.51,55.69,30.75,0.0,0.376,0.0,0.0
2487,47.26,16.02,63.36,32.13,0.0,0.5593,0.0,0.0
2488,46.69,8.2,61.88,23.4,0.0,0.7508,0.0,0.0
2489,45.76,0.53,36.79,0.0,8.45,0.8903,0.0,0.0
2490,44.52,0.0,10.54,0.0,33.98,0.8345,0.0,0.0
2491,43.0,0.03,0.0,0.0,27.64,0.61,15.34,0.0
2492,41.28,0.22,0.0,0.0,9.87,0.4275,31.19,0.0
2493,39.4,0.35,0.0,0.0,7.86,0.3623,31.19,0.0
2494,37.45,0.53,0.0,0.0,5.74,0.3104,31.19,0.0
2495,37.45,0.53,0.0,0.0,5.74,0.2725,31.19,0.0
2496,37.44,0.75,0.0,0.0,5.51,0.2346,31.19,0.0
2497,37.44,1.03,0.0,0.0,5.23,0.1982,31.19,0.0
2498,37.44,1.37,0.0,0.0,4.89,0.1637,31.19,0.0
2499,37.44,1.37,0.0,0.0,4.89,0.1314,31.19,0.0
2500,37.44,1.37,0.0,0.0,4.89,0.0991,31.19,0.0
2501,37.44,1.37,0.0,0.0,4.89,0.0668,31.19,0.0
2502,37.44,1.03,0.0,0.0,5.23,0.0345,31.19,0.0
2503,39.39,1.03,11.18,0.0,0.0,0.0,27.19,0.0
2504,41.27,20.18,29.49,0.0,0.0,0.0,0.0,8.4
2505,43.0,36.82,55.55,18.2,0.0,0.0,0.0,31.19
2506,44.51,36.82,43.14,4.26,0.0,0.1085,0.0,31.19
2507,45.75,36.82,40.12,0.0,0.0,0.1339,0.0,31.19
2508,46.68,36.82,91.04,50.0,0.0,0.1339,0.0,31.19
2509,47.25,33.6,84.52,39.69,0.0,0.4319,0.0,31.19
2510,47.44,25.01,84.74,31.12,0.0,0.6685,0.0,31.19
2511,47.25,20.18,82.75,24.49,0.0,0.854,0.0,31.19
2512,46.68,12.48,54.22,0.0,0.0,1.0,0.0,20.02
2513,45.75,2.25,18.24,0.0,25.26,1.0,0.0,0.0
2514,44.51,0.13,2.9,0.0,41.49,0.8331,0.0,0.0
2515,43.0,0.13,0.0,0.0,11.68,0.5591,31.19,0.0
2516,41.27,0.35,0.0,0.0,9.73,0.482,31.19,0.0
2517,39.39,0.75,0.0,0.0,7.46,0.4177,31.19,0.0
2518,37.44,0.75,0.0,0.0,7.68,0.3685,29.02,0.0
2519,37.44,0.75,0.0,0.0,5.51,0.3178,31.19,0.0
2520,37.43,0.53,0.0,0.0,5.72,0.2814,31.19,0.0
2521,37.43,0.22,0.0,0.0,6.02,0.2436,31.19,0.0
2522,37.43,0.13,0.0,0.0,6.12,0.2039,31.19,0.0
2523,37.43,0.03,0.0,0.0,6.22,0.1635,31.19,0.0
2524,37.43,0.01,0.0,0.0,6.24,0.1224,31.19,0.0
2525,37.43,0.0,0.0,0.0,6.24,0.0812,31.19,0.0
2526,37.43,0.01,0.18,0.0,6.05,0.04,31.19,0.0
2527,39.38,0.03,15.46,0.0,0.0,0.0,23.9,0.0
2528,41.26,0.0,42.84,0.0,0.0,0.0,0.0,1.58
2529,42.99,0.0,67.06,0.0,0.0,0.0,0.0,24.08
2530,44.5,0.0,84.91,9.22,0.0,0.0,0.0,31.19
2531,45.74,0.0,95.47,18.54,0.0,0.0549,0.0,31.19
2532,46.67,0.01,102.02,24.18,0.0,0.1655,0.0,31.19
2533,47.24,0.13,101.76,32.95,0.0,0.3096,0.0,21.71
2534,47.43,0.22,95.77,48.56,0.0,0.506,0.0,0.0
2535,47.24,0.22,81.34,34.32,0.0,0.7954,0.0,0.0
2536,46.67,0.13,61.14,0.0,0.0,1.0,0.0,14.6
2537,45.74,0.0,35.76,0.0,9.99,1.0,0.0,0.0
2538,44.5,0.0,10.91,0.0,33.59,0.934,0.0,0.0
2539,42.99,0.0,0.0,0.0,34.31,0.7122,8.67,0.0
2540,41.26,0.0,0.0,0.0,10.07,0.4855,31.19,0.0
2541,39.38,0.0,0.0,0.0,8.19,0.419,31.19,0.0
2542,37.43,0.0,0.0,0.0,6.24,0.3649,31.19,0.0
2543,37.43,0.01,0.0,0.0,6.24,0.3236,31.19,0.0
2544,37.42,0.03,0.0,0.0,6.21,0.2825,31.19,0.0
2545,37.42,0.07,0.0,0.0,6.17,0.2415,31.19,0.0
2546,37.42,0.03,0.0,0.0,6.21,0.2007,31.19,0.0
2547,37.42,0.03,0.0,0.0,6.21,0.1597,31.19,0.0
2548,37.42,0.07,0.0,0.0,6.17,0.1188,31.19,0.0
2549,37.42,0.13,0.0,0.0,6.11,0.078,31.19,0.0
2550,37.42,0.53,0.0,0.0,5.71,0.0377,31.19,0.0
2551,39.37,1.03,9.11,0.0,0.0,0.0,29.24,0.0
2552,41.25,16.02,23.46,0.0,0.0,0.0,1.76,0.0
2553,42.98,30.55,34.51,7.36,0.0,0.0,0.0,14.72
2554,44.49,36.82,52.45,44.78,0.0,0.0439,0.0,0.0
2555,45.73,33.6,52.01,39.88,0.0,0.3108,0.0,0.0
2556,46.66,20.18,53.56,27.09,0.0,0.5485,0.0,0.0
2557,47.23,10.92,60.97,24.66,0.0,0.71,0.0,0.0
2558,47.42,5.98,65.43,23.99,0.0,0.857,0.0,0.0
2559,47.23,4.2,37.75,0.0,5.28,1.0,0.0,0.0
2560,46.66,4.2,34.69,0.0,7.77,0.9651,0.0,0.0
2561,45.73,2.81,17.11,0.0,25.81,0.9138,0.0,0.0
2562,44.49,1.37,10.88,0.0,32.24,0.7433,0.0,0.0
2563,42.98,1.03,0.0,0.0,10.76,0.5303,31.19,0.0
2564,41.25,1.03,0.0,0.0,9.03,0.4592,31.19,0.0
2565,39.37,1.03,0.0,0.0,7.16,0.3996,31.19,0.0
2566,37.42,0.75,0.0,0.0,7.68,0.3523,28.99,0.0
2567,37.42,0.53,0.0,0.0,5.71,0.3016,31.19,0.0
2568,37.41,0.35,0.0,0.0,5.87,0.2639,31.19,0.0
2569,37.41,0.35,0.0,0.0,5.87,0.2251,31.19,0.0
2570,37.41,0.35,0.0,0.0,5.87,0.1863,31.19,0.0
2571,37.41,0.35,0.0,0.0,5.87,0.1475,31.19,0.0
2572,37.41,0.35,0.0,0.0,5.87,0.1088,31.19,0.0
2573,37.41,0.22,0.0,0.0,6.0,0.07,31.19,0.0
2574,37.41,1.37,0.26,0.0,4.6,0.0304,31.19,0.0
2575,39.36,4.2,15.71,0.0,0.0,0.0,19.45,0.0
2576,41.24,14.18,40.07,0.0,0.0,0.0,0.0,13.01
2577,42.96,25.01,49.14,0.0,0.0,0.0,0.0,31.19
2578,44.48,27.69,47.98,0.0,0.0,0.0,0.0,31.19
2579,45.72,33.6,93.31,50.0,0.0,0.0,0.0,31.19
2580,46.65,36.82,91.01,50.0,0.0,0.298,0.0,31.19
2581,47.22,36.82,66.73,25.15,0.0,0.5961,0.0,31.19
2582,47.41,36.82,84.38,42.61,0.0,0.746,0.0,31.19
2583,47.22,36.82,33.51,0.0,6.05,1.0,0.0,29.16
2584,46.65,36.82,47.71,6.7,0.0,0.9601,0.0,31.19
2585,45.72,18.02,35.26,0.0,0.0,1.0,0.0,7.56
2586,44.48,1.03,10.85,0.0,1.41,1.0,31.19,0.0
2587,42.96,0.13,0.0,0.0,42.84,0.9907,0.0,0.0
2588,41.24,0.07,0.0,0.0,41.17,0.7077,0.0,0.0
2589,39.36,0.13,0.0,0.0,8.04,0.4358,31.19,0.0
2590,37.41,0.35,0.0,0.0,5.87,0.3827,31.19,0.0
2591,37.41,5.98,0.0,0.0,31.43,0.3439,0.0,0.0
2592,37.4,27.69,0.0,0.0,6.51,0.1363,3.2,0.0
2593,37.4,36.82,0.0,0.0,0.0,0.0933,0.57,0.0
2594,37.4,25.01,0.0,0.0,0.0,0.0933,12.39,0.0
2595,37.4,9.5,0.0,0.0,0.0,0.0933,27.9,0.0
2596,37.4,2.81,0.0,0.0,3.4,0.0933,31.19,0.0
2597,37.4,0.75,0.0,0.0,5.46,0.0709,31.19,0.0
2598,37.4,0.53,0.41,0.0,5.27,0.0348,31.19,0.0
2599,39.35,0.53,16.57,0.0,0.0,0.0,22.25,0.0
2600,41.22,25.01,44.05,0.0,0.0,0.0,0.0,27.83
2601,42.95,36.82,37.31,0.0,0.0,0.0,0.0,31.19
2602,44.47,36.82,38.83,0.0,0.0,0.0,0.0,31.19
2603,45.71,36.82,90.07,50.0,0.0,0.0,0.0,31.19
2604,46.64,36.82,69.27,28.28,0.0,0.298,0.0,31.19
2605,47.2,36.82,84.77,43.21,0.0,0.4666,0.0,31.19
2606,47.4,22.51,84.65,28.58,0.0,0.7241,0.0,31.19
2607,47.2,9.5,86.6,17.71,0.0,0.8945,0.0,31.19
2608,46.64,2.25,65.82,0.0,0.0,1.0,0.0,21.43
2609,45.71,0.13,38.36,0.0,0.0,1.0,7.22,0.0
2610,44.47,0.0,8.27,0.0,36.2,1.0,0.0,0.0
2611,42.95,0.03,0.0,0.0,42.92,0.7609,0.0,0.0
2612,41.22,0.22,0.0,0.0,9.82,0.4774,31.19,0.0
2613,39.35,1.03,0.0,0.0,7.14,0.4126,31.19,0.0
2614,37.4,1.37,0.0,0.0,8.92,0.3655,27.12,0.0
2615,37.4,1.03,0.0,0.0,5.18,0.3066,31.19,0.0
2616,37.38,0.22,0.0,0.0,5.98,0.2723,31.19,0.0
2617,37.38,0.03,0.0,0.0,6.17,0.2329,31.19,0.0
2618,37.38,0.01,0.0,0.0,6.19,0.1921,31.19,0.0
2619,37.38,0.03,0.0,0.0,6.17,0.1512,31.19,0.0
2620,37.38,0.07,0.0,0.0,6.13,0.1105,31.19,0.0
2621,37.38,0.07,0.0,0.0,6.13,0.07,31.19,0.0
2622,37.38,0.75,0.99,0.0,4.46,0.0295,31.19,0.0
2623,39.34,3.46,17.52,0.0,0.0,0.0,18.36,0.0
2624,41.21,25.78,46.62,0.0,0.0,0.0,0.0,31.19
2625,42.94,36.82,37.3,0.0,0.0,0.0,0.0,31.19
2626,44.46,36.82,48.94,10.12,0.0,0.0,0.0,31.19
2627,45.7,36.82,90.06,50.0,0.0,0.0603,0.0,31.19
2628,46.62,36.82,40.99,0.0,0.0,0.3584,0.0,31.19
2629,47.19,36.82,41.55,0.0,0.0,0.3584,0.0,31.19
2630,47.38,36.82,78.5,36.75,0.0,0.3584,0.0,31.19
2631,47.19,36.82,87.95,46.39,0.0,0.5774,0.0,31.19
2632,46.62,36.82,65.48,24.5,0.0,0.854,0.0,31.19
2633,45.7,36.82,37.7,0.0,0.0,1.0,0.0,28.83
2634,44.46,16.02,11.68,0.0,16.75,1.0,0.0,0.0
2635,42.94,2.25,0.0,0.0,37.67,0.8894,3.02,0.0
2636,41.21,2.81,0.0,0.0,38.4,0.6406,0.0,0.0
2637,39.34,2.81,0.0,0.0,5.33,0.387,31.19,0.0
2638,37.38,1.37,0.0,0.0,4.83,0.3517,31.19,0.0
2639,37.38,0.53,0.0,0.0,5.67,0.3198,31.19,0.0
2640,37.37,0.22,0.0,0.0,5.96,0.2824,31.19,0.0
2641,37.37,0.07,0.0,0.0,6.12,0.243,31.19,0.0
2642,37.37,0.01,0.0,0.0,6.18,0.2026,31.19,0.0
2643,37.37,0.0,0.0,0.0,6.18,0.1618,31.19,0.0
2644,37.37,0.0,0.0,0.0,6.18,0.1209,31.19,0.0
2645,37.37,0.0,0.0,0.0,6.18,0.0801,31.19,0.0
2646,37.37,0.0,0.24,0.0,5.94,0.0392,31.19,0.0
2647,39.32,0.0,16.17,0.0,0.0,0.0,23.15,0.0
2648,41.2,0.0,42.31,0.0,0.0,0.0,0.0,1.11
2649,42.93,0.0,57.83,0.0,0.0,0.0,0.0,14.9
2650,44.44,0.22,87.76,12.35,0.0,0.0,0.0,31.19
2651,45.69,1.03,100.74,24.89,0.0,0.0736,0.0,31.19
2652,46.61,1.77,107.41,31.39,0.0,0.222,0.0,31.19
2653,47.18,2.25,106.05,29.94,0.0,0.4091,0.0,31.19
2654,47.37,1.77,97.74,20.95,0.0,0.5876,0.0,31.19
2655,47.18,1.03,84.07,30.39,0.0,0.7125,0.0,7.52
2656,46.61,0.35,64.1,17.84,0.0,0.8936,0.0,0.0
2657,45.69,0.0,38.23,0.0,7.46,1.0,0.0,0.0
2658,44.44,0.0,11.73,0.0,32.71,0.9508,0.0,0.0
2659,42.93,0.0,0.0,0.0,42.93,0.7347,0.0,0.0
2660,41.2,0.0,0.0,0.0,10.01,0.4512,31.19,0.0
2661,39.32,0.07,0.0,0.0,9.12,0.3851,30.14,0.0
2662,37.37,0.22,0.0,0.0,5.96,0.3248,31.19,0.0
2663,37.37,0.53,0.0,0.0,5.66,0.2854,31.19,0.0
2664,37.36,0.75,0.0,0.0,5.42,0.2481,31.19,0.0
2665,37.36,1.03,0.0,0.0,5.14,0.2122,31.19,0.0
2666,37.36,0.75,0.0,0.0,5.42,0.1783,31.19,0.0
2667,37.36,0.53,0.0,0.0,5.65,0.1424,31.19,0.0
2668,37.36,0.22,0.0,0.0,5.95,0.1052,31.19,0.0
2669,37.36,0.22,0.0,0.0,5.95,0.0659,31.19,0.0
2670,37.36,1.03,1.12,0.0,4.02,0.0266,31.19,0.0
2671,39.31,2.81,17.55,0.0,0.0,0.0,18.95,0.0
2672,41.18,10.92,46.23,0.0,0.0,0.0,0.0,15.96
2673,42.91,20.18,53.92,0.0,0.0,0.0,0.0,31.19
2674,44.43,33.6,42.01,0.0,0.0,0.0,0.0,31.19
2675,45.67,36.82,40.03,0.0,0.0,0.0,0.0,31.19
2676,46.6,36.82,81.33,40.37,0.0,0.0,0.0,31.19
2677,47.16,36.82,91.53,50.0,0.0,0.2407,0.0,31.19
2678,47.36,30.55,98.0,50.0,0.0,0.5387,0.0,31.19
2679,47.16,22.51,83.23,27.39,0.0,0.8367,0.0,31.19
2680,46.6,12.48,54.22,0.0,0.0,1.0,0.0,20.1
2681,45.67,1.37,36.5,0.0,0.0,1.0,7.81,0.0
2682,44.43,0.0,11.49,0.0,32.94,1.0,0.0,0.0
2683,42.91,0.0,0.0,0.0,42.91,0.7824,0.0,0.0
2684,41.18,0.0,0.0,0.0,28.18,0.499,13.0,0.0
2685,39.31,0.03,0.0,0.0,8.09,0.3129,31.19,0.0
2686,37.36,0.35,0.0,0.0,5.82,0.2594,31.19,0.0
2687,37.36,1.37,0.0,0.0,4.81,0.221,31.19,0.0
2688,37.34,4.2,0.0,0.0,1.95,0.1892,31.19,0.0
2689,37.34,5.98,0.0,0.0,0.17,0.1763,31.19,0.0
2690,37.34,2.81,0.0,0.0,3.34,0.1752,31.19,0.0
2691,37.34,0.35,0.0,0.0,5.8,0.1531,31.19,0.0
2692,37.34,0.01,0.0,0.0,6.15,0.1148,31.19,0.0
2693,37.34,0.0,0.0,0.0,6.15,0.0742,31.19,0.0
2694,37.34,0.13,0.95,0.0,5.07,0.0335,31.19,0.0
2695,39.29,0.75,16.43,0.0,0.0,0.0,22.11,0.0
2696,41.17,10.92,42.18,0.0,0.0,0.0,0.0,11.93
2697,42.9,9.5,65.83,1.24,0.0,0.0,0.0,31.19
2698,44.41,14.18,61.42,0.0,0.0,0.0074,0.0,31.19
2699,45.66,36.82,82.36,42.34,0.0,0.0074,0.0,31.19
2700,46.58,36.82,54.07,13.12,0.0,0.2598,0.0,31.19
2701,47.15,36.82,84.68,43.17,0.0,0.338,0.0,31.19
2702,47.34,36.82,85.18,43.47,0.0,0.5953,0.0,31.19
2703,47.15,36.82,63.6,22.09,0.0,0.8545,0.0,31.19
2704,46.58,36.82,43.27,2.33,0.0,0.9861,0.0,31.19
2705,45.66,36.82,32.27,0.0,0.0,1.0,0.0,23.44
2706,44.41,36.82,6.38,0.0,1.21,1.0,0.0,0.0
2707,42.9,12.48,0.0,0.0,30.42,0.992,0.0,0.0
2708,41.17,9.5,0.0,0.0,0.49,0.7911,31.19,0.0
2709,39.29,20.18,0.0,0.0,19.11,0.7879,0.0,0.0
2710,37.34,36.82,0.0,0.0,0.52,0.6617,0.0,0.0
2711,37.34,36.82,0.0,0.0,0.52,0.6583,0.0,0.0
2712,37.33,36.82,0.0,0.0,0.5,0.6549,0.0,0.0
2713,37.33,20.18,0.0,0.0,17.14,0.6515,0.0,0.0
2714,37.33,9.5,0.0,0.0,27.83,0.5383,0.0,0.0
2715,37.33,4.2,0.0,0.0,20.37,0.3545,12.75,0.0
2716,37.33,2.25,0.0,0.0,3.89,0.2199,31.19,0.0
2717,37.33,2.25,0.0,0.0,3.89,0.1943,31.19,0.0
2718,37.33,10.92,0.88,0.0,25.53,0.1686,0.0,0.0
2719,39.28,30.55,17.56,0.0,0.0,0.0,0.0,8.83
2720,41.15,35.82,36.52,0.0,0.0,0.0,0.0,31.19
2721,42.88,16.44,57.62,0.0,0.0,0.0,0.0,31.19
2722,44.4,36.82,38.76,0.0,0.0,0.0,0.0,31.19
2723,45.64,36.82,66.59,26.58,0.0,0.0,0.0,31.19
2724,46.57,36.82,86.4,45.48,0.0,0.1585,0.0,31.19
2725,47.13,36.82,84.61,43.11,0.0,0.4295,0.0,31.19
2726,47.33,36.82,68.59,26.9,0.0,0.6865,0.0,31.19
2727,47.13,36.82,56.14,14.65,0.0,0.8468,0.0,31.19
2728,46.57,36.82,51.97,11.05,0.0,0.9342,0.0,31.19
2729,45.64,36.82,26.06,0.0,0.0,1.0,0.0,17.24
2730,44.4,36.82,7.18,0.0,0.39,1.0,0.0,0.0
2731,42.88,36.82,0.0,0.0,6.06,0.9974,0.0,0.0
2732,41.15,36.82,0.0,0.0,0.0,0.9574,4.33,0.0
2733,39.28,36.82,0.0,0.0,2.45,0.9574,0.0,0.0
2734,37.33,25.01,0.0,0.0,12.32,0.9412,0.0,0.0
2735,37.33,8.2,0.0,0.0,29.12,0.8598,0.0,0.0
2736,37.31,2.25,0.0,0.0,35.06,0.6675,0.0,0.0
2737,37.31,0.53,0.0,0.0,11.64,0.4359,25.15,0.0
2738,37.31,0.22,0.0,0.0,5.9,0.3591,31.19,0.0
2739,37.31,0.22,0.0,0.0,5.9,0.3201,31.19,0.0
2740,37.31,0.35,0.0,0.0,36.96,0.2811,0.0,0.0
2741,37.31,0.53,0.0,0.0,5.6,0.037,31.19,0.0
2742,37.31,7.03,1.74,0.0,0.0,0.0,28.54,0.0
2743,39.26,25.01,20.45,0.0,0.0,0.0,0.0,6.2
2744,41.14,19.66,52.67,0.0,0.0,0.0,0.0,31.19
2745,42.87,36.82,37.23,0.0,0.0,0.0,0.0,31.19
2746,44.38,36.82,38.74,0.0,0.0,0.0,0.0,31.19
2747,45.63,36.82,39.99,0.0,0.0,0.0,0.0,31.19
2748,46.55,36.82,77.55,36.64,0.0,0.0,0.0,31.19
2749,47.12,36.82,41.48,0.0,0.0,0.2184,0.0,31.19
2750,47.31,36.82,91.67,50.0,0.0,0.2184,0.0,31.19
2751,47.12,36.82,91.48,50.0,0.0,0.5164,0.0,31.19
2752,46.55,36.82,72.03,31.12,0.0,0.8145,0.0,31.19
2753,45.63,27.69,43.26,0.0,0.0,1.0,0.0,25.32
2754,44.38,1.77,13.55,0.0,29.06,1.0,0.0,0.0
2755,42.87,0.03,0.44,0.0,42.39,0.8081,0.0,0.0
2756,41.14,0.07,0.0,0.0,9.89,0.528,31.19,0.0
2757,39.26,0.13,0.0,0.0,39.13,0.4628,0.0,0.0
2758,37.31,0.35,0.0,0.0,5.77,0.2043,31.19,0.0
2759,37.31,0.53,0.0,0.0,5.6,0.1662,31.19,0.0
2760,37.29,1.37,0.0,0.0,4.74,0.1292,31.19,0.0
2761,37.29,3.46,0.0,0.0,2.65,0.0979,31.19,0.0
2762,37.29,5.04,0.0,0.0,1.07,0.0804,31.19,0.0
2763,37.29,5.04,0.0,0.0,11.1,0.0733,21.15,0.0
2764,37.29,7.03,0.0,0.0,0.0,0.0,30.26,0.0
2765,37.29,14.18,0.0,0.0,0.0,0.0,23.12,0.0
2766,37.29,36.82,1.72,1.25,0.0,0.0,0.0,0.0
2767,39.24,36.82,20.01,0.0,1.12,0.0074,0.0,18.72
2768,41.12,21.43,50.88,0.0,0.0,0.0,0.0,31.19
2769,42.85,36.82,37.21,0.0,0.0,0.0,0.0,31.19
2770,44.37,36.82,38.73,0.0,0.0,0.0,0.0,31.19
2771,45.61,36.82,39.97,0.0,0.0,0.0,0.0,31.19
2772,46.53,36.82,56.76,15.87,0.0,0.0,0.0,31.19
2773,47.1,36.82,78.83,37.36,0.0,0.0946,0.0,31.19
2774,47.29,36.82,91.66,50.0,0.0,0.3173,0.0,31.19
2775,47.1,36.82,85.15,43.68,0.0,0.6153,0.0,31.19
2776,46.53,36.82,61.74,20.85,0.0,0.8757,0.0,31.19
2777,45.61,36.82,31.59,0.0,0.0,1.0,0.0,22.8
2778,44.37,36.82,11.13,0.0,0.0,1.0,0.0,3.59
2779,42.85,27.69,0.0,0.0,15.16,1.0,0.0,0.0
2780,41.12,18.02,0.0,0.0,23.1,0.8998,0.0,0.0
2781,39.24,14.18,0.0,0.0,25.07,0.7473,0.0,0.0
2782,37.29,8.2,0.0,0.0,29.09,0.5817,0.0,0.0
2783,37.29,5.04,0.0,0.0,1.07,0.3896,31.19,0.0
2784,37.28,3.46,0.0,0.0,25.31,0.3825,8.51,0.0
2785,37.28,1.77,0.0,0.0,4.32,0.2154,31.19,0.0
2786,37.28,0.53,0.0,0.0,5.56,0.1869,31.19,0.0
2787,37.28,0.13,0.0,0.0,5.96,0.1501,31.19,0.0
2788,37.28,0.0,0.0,0.0,6.09,0.1107,31.19,0.0
2789,37.28,0.0,0.0,0.0,6.09,0.0705,31.19,0.0
2790,37.28,0.0,1.5,0.0,4.59,0.0303,31.19,0.0
2791,39.23,0.0,18.34,0.0,0.0,0.0,20.88,0.0
2792,41.1,0.01,43.3,0.0,0.0,0.0,0.0,2.21
2793,42.83,1.37,67.02,0.0,0.0,0.0,0.0,25.55
2794,44.35,10.92,64.61,0.0,0.0,0.0,0.0,31.19
2795,45.59,36.82,39.95,0.0,0.0,0.0,0.0,31.19
2796,46.52,36.82,90.88,50.0,0.0,0.0,0.0,31.19
2797,47.08,36.82,41.45,0.0,0.0,0.298,0.0,31.19
2798,47.28,36.82,91.64,50.0,0.0,0.298,0.0,31.19
2799,47.08,36.82,84.48,43.03,0.0,0.5961,0.0,31.19
2800,46.52,36.82,65.61,24.73,0.0,0.8526,0.0,31.19
2801,45.59,33.6,39.08,0.0,0.0,1.0,0.0,27.09
2802,44.35,2.81,13.22,0.0,28.31,1.0,0.0,0.0
2803,42.83,0.22,0.13,0.0,42.48,0.813,0.0,0.0
2804,41.1,0.22,0.0,0.0,20.48,0.5324,20.41,0.0
2805,39.23,0.22,0.0,0.0,7.82,0.3972,31.19,0.0
2806,37.28,0.22,0.0,0.0,5.87,0.3456,31.19,0.0
2807,37.28,0.13,0.0,0.0,5.96,0.3068,31.19,0.0
2808,37.26,0.03,0.0,0.0,6.04,0.2674,31.19,0.0
2809,37.26,0.0,0.0,0.0,6.07,0.2275,31.19,0.0
2810,37.26,0.0,0.0,0.0,6.07,0.1874,31.19,0.0
2811,37.26,0.0,0.0,0.0,6.07,0.1473,31.19,0.0
2812,37.26,0.0,0.0,0.0,6.07,0.1072,31.19,0.0
2813,37.26,0.0,0.0,0.0,6.07,0.0671,31.19,0.0
2814,37.26,0.0,1.99,0.0,4.09,0.027,31.19,0.0
2815,39.21,0.0,18.64,0.0,0.0,0.0,20.57,0.0
2816,41.09,0.0,44.31,0.0,0.0,0.0,0.0,3.22
2817,42.81,0.0,66.74,0.0,0.0,0.0,0.0,23.93
2818,44.33,0.01,84.53,9.02,0.0,0.0,0.0,31.19
2819,45.57,0.22,71.11,5.32,0.0,0.0538,0.0,20.43
2820,46.5,0.53,79.25,33.28,0.0,0.0855,0.0,0.0
2821,47.07,0.75,78.09,31.77,0.0,0.2838,0.0,0.0
2822,47.26,0.53,91.27,44.54,0.0,0.4732,0.0,0.0
2823,47.07,0.53,77.63,31.09,0.0,0.7387,0.0,0.0
2824,46.5,0.35,58.89,12.74,0.0,0.924,0.0,0.0
2825,45.57,0.01,35.38,0.0,0.0,1.0,10.19,0.0
2826,44.33,0.0,12.42,0.0,31.9,1.0,0.0,0.0
2827,42.81,0.0,0.0,0.0,18.71,0.7893,24.1,0.0
2828,41.09,0.03,0.0,0.0,41.06,0.6657,0.0,0.0
2829,39.21,0.07,0.0,0.0,7.96,0.3945,31.19,0.0
2830,37.26,0.13,0.0,0.0,5.94,0.3419,31.19,0.0
2831,37.26,0.22,0.0,0.0,5.85,0.3027,31.19,0.0
2832,37.24,0.22,0.0,0.0,5.83,0.264,31.19,0.0
2833,37.24,0.22,0.0,0.0,5.83,0.2255,31.19,0.0
2834,37.24,0.22,0.0,0.0,5.83,0.187,31.19,0.0
2835,37.24,0.07,0.0,0.0,5.99,0.1485,31.19,0.0
2836,37.24,0.01,0.0,0.0,6.04,0.1089,31.19,0.0
2837,37.24,0.0,0.0,0.0,6.05,0.069,31.19,0.0
2838,37.24,0.03,1.63,0.0,4.4,0.029,31.19,0.0
2839,39.19,0.35,17.97,0.0,0.0,0.0,20.87,0.0
2840,41.07,5.04,42.54,0.0,0.0,0.0,0.0,6.51
2841,42.8,16.02,57.96,0.0,0.0,0.0,0.0,31.19
2842,44.31,27.69,47.81,0.0,0.0,0.0,0.0,31.19
2843,45.55,30.55,46.19,0.0,0.0,0.0,0.0,31.19
2844,46.48,36.82,79.21,38.37,0.0,0.0,0.0,31.19
2845,47.05,36.82,91.41,50.0,0.0,0.2287,0.0,31.19
2846,47.24,36.82,91.6,50.0,0.0,0.5268,0.0,31.19
2847,47.05,36.82,65.55,24.14,0.0,0.8248,0.0,31.19
2848,46.48,36.82,46.09,5.25,0.0,0.9687,0.0,31.19
2849,45.55,36.82,16.82,0.0,0.0,1.0,0.0,8.09
2850,44.31,33.6,10.49,0.0,0.22,1.0,0.0,0.0
2851,42.8,12.48,0.2,0.0,30.12,0.9985,0.0,0.0
2852,41.07,18.02,0.0,0.0,23.04,0.7996,0.0,0.0
2853,39.19,25.01,0.0,0.0,14.18,0.6474,0.0,0.0
2854,37.24,33.6,0.0,0.0,3.64,0.5538,0.0,0.0
2855,37.24,36.82,0.0,0.0,0.42,0.5297,0.0,0.0
2856,37.22,36.82,0.0,0.0,0.4,0.527,0.0,0.0
2857,37.22,36.82,0.0,0.0,0.4,0.5244,0.0,0.0
2858,37.22,36.82,0.0,0.0,0.4,0.5217,0.0,0.0
2859,37.22,36.82,0.0,0.0,0.4,0.5191,0.0,0.0
2860,37.22,18.02,0.0,0.0,19.2,0.5165,0.0,0.0
2861,37.22,3.46,0.0,0.0,33.76,0.3897,0.0,0.0
2862,37.22,0.53,1.33,0.0,4.18,0.1667,31.19,0.0
2863,39.17,0.22,8.18,0.0,0.0,0.1391,30.77,0.0
2864,41.05,0.0,21.39,0.0,19.65,0.1391,0.0,0.0
2865,42.78,0.01,15.71,0.0,1.41,0.0093,25.64,0.0
2866,44.29,0.07,35.98,0.0,0.0,0.0,8.25,0.0
2867,45.53,0.22,72.34,27.02,0.0,0.0,0.0,0.0
2868,46.46,2.25,48.73,4.53,0.0,0.1611,0.0,0.0
2869,47.03,18.02,27.65,0.0,0.0,0.1881,1.36,0.0
2870,47.22,36.82,23.56,13.17,0.0,0.1881,0.0,0.0
2871,47.03,36.82,8.48,0.0,1.72,0.2665,0.0,0.0
2872,46.46,36.82,21.68,12.04,0.0,0.2552,0.0,0.0
2873,45.53,36.82,4.99,0.0,0.0,0.327,3.72,0.0
2874,44.29,36.82,0.31,0.0,0.0,0.327,7.16,0.0
2875,42.78,36.82,0.0,0.0,0.0,0.327,5.95,0.0
2876,41.05,36.82,0.0,0.0,0.0,0.327,4.22,0.0
2877,39.17,18.02,0.0,0.0,15.8,0.327,5.35,0.0
2878,37.22,8.2,0.0,0.0,0.0,0.2226,29.02,0.0
2879,37.22,5.04,0.0,0.0,1.0,0.2226,31.19,0.0
2880,37.2,3.46,0.0,0.0,2.55,0.216,31.19,0.0
2881,37.2,1.37,0.0,0.0,4.65,0.1992,31.19,0.0
2882,37.2,0.35,0.0,0.0,5.66,0.1685,31.19,0.0
2883,37.2,0.35,0.0,0.0,5.66,0.1311,31.19,0.0
2884,37.2,0.35,0.0,0.0,5.66,0.0937,31.19,0.0
2885,37.2,0.35,0.0,0.0,5.66,0.0563,31.19,0.0
2886,37.2,1.37,1.79,0.0,2.86,0.0189,31.19,0.0
2887,39.15,4.2,18.81,0.0,0.0,0.0,16.14,0.0
2888,41.03,36.82,5.15,0.0,0.0,0.0,0.0,0.95
2889,42.76,36.82,37.12,0.0,0.0,0.0,0.0,31.19
2890,44.27,36.82,38.63,0.0,0.0,0.0,0.0,31.19
2891,45.51,36.82,41.89,2.01,0.0,0.0,0.0,31.19
2892,46.44,36.82,40.8,0.0,0.0,0.012,0.0,31.19
2893,47.01,36.82,91.37,50.0,0.0,0.012,0.0,31.19
2894,47.2,36.82,91.56,50.0,0.0,0.31,0.0,31.19
2895,47.01,36.82,80.64,39.27,0.0,0.6081,0.0,31.19
2896,46.44,36.82,66.8,26.0,0.0,0.8422,0.0,31.19
2897,45.51,36.82,40.36,0.48,0.0,0.9971,0.0,31.19
2898,44.27,36.82,13.87,0.0,0.0,1.0,0.0,6.42
2899,42.76,18.02,0.59,0.0,24.14,1.0,0.0,0.0
2900,41.03,2.81,0.0,0.0,38.21,0.8405,0.0,0.0
2901,39.15,0.53,0.0,0.0,7.44,0.5882,31.19,0.0
2902,37.2,0.13,0.0,0.0,5.89,0.539,31.19,0.0
2903,37.2,0.07,0.0,0.0,36.44,0.5002,0.69,0.0
2904,37.18,0.03,0.0,0.0,5.97,0.2595,31.19,0.0
2905,37.18,0.01,0.0,0.0,5.98,0.2201,31.19,0.0
2906,37.18,0.0,0.0,0.0,5.99,0.1805,31.19,0.0
2907,37.18,0.0,0.0,0.0,5.99,0.141,31.19,0.0
2908,37.18,0.0,0.0,0.0,5.99,0.1014,31.19,0.0
2909,37.18,0.0,0.0,0.0,5.99,0.0618,31.19,0.0
2910,37.18,0.22,2.41,0.0,3.36,0.0222,31.19,0.0
2911,39.13,1.77,22.25,0.0,0.0,0.0,15.11,0.0
2912,41.01,8.2,52.71,0.0,0.0,0.0,0.0,19.91
2913,42.73,7.03,66.89,0.0,0.0,0.0,0.0,31.19
2914,44.25,5.98,74.45,5.0,0.0,0.0,0.0,31.19
2915,45.49,5.04,108.01,36.36,0.0,0.0298,0.0,31.19
2916,46.42,5.04,113.51,40.94,0.0,0.2466,0.0,31.19
2917,46.99,5.04,109.61,36.48,0.0,0.4906,0.0,31.19
2918,47.18,5.98,102.48,30.1,0.0,0.7081,0.0,31.19
2919,46.99,7.03,89.96,18.82,0.0,0.8875,0.0,31.19
2920,46.42,8.2,69.46,0.06,0.0,0.9997,0.0,31.19
2921,45.49,8.2,42.63,0.0,0.0,1.0,0.0,5.34
2922,44.25,1.77,14.06,0.0,16.27,1.0,12.14,0.0
2923,42.73,0.22,0.6,0.0,10.73,0.8925,31.19,0.0
2924,41.01,0.35,0.0,0.0,9.47,0.8217,31.19,0.0
2925,39.13,0.35,0.0,0.0,7.59,0.7591,31.19,0.0
2926,37.18,0.53,0.0,0.0,36.65,0.709,0.0,0.0
2927,37.18,0.75,0.0,0.0,36.43,0.4669,0.0,0.0
2928,37.16,1.03,0.0,0.0,4.95,0.2263,31.19,0.0
2929,37.16,0.75,0.0,0.0,5.22,0.1936,31.19,0.0
2930,37.16,0.53,0.0,0.0,5.45,0.1591,31.19,0.0
2931,37.16,0.35,0.0,0.0,5.62,0.1231,31.19,0.0
2932,37.16,0.22,0.0,0.0,5.75,0.086,31.19,0.0
2933,37.16,0.13,0.0,0.0,5.84,0.048,31.19,0.0
2934,37.16,1.77,2.77,0.0,1.43,0.0094,31.19,0.0
2935,39.11,7.03,21.06,0.0,0.0,0.0,11.01,0.0
2936,40.98,22.85,49.32,0.0,0.0,0.0,0.0,31.19
2937,42.71,36.82,37.08,0.0,0.0,0.0,0.0,31.19
2938,44.23,36.82,88.59,50.0,0.0,0.0,0.0,31.19
2939,45.47,36.82,39.84,0.0,0.0,0.298,0.0,31.19
2940,46.4,36.82,90.76,50.0,0.0,0.298,0.0,31.19
2941,46.97,36.82,44.09,2.76,0.0,0.5961,0.0,31.19
2942,47.16,36.82,41.52,0.0,0.0,0.6126,0.0,31.19
2943,46.97,36.82,83.59,42.26,0.0,0.6126,0.0,31.19
2944,46.4,36.82,63.5,22.74,0.0,0.8645,0.0,31.19
2945,45.47,27.69,38.4,0.0,0.0,1.0,0.0,20.62
2946,44.23,10.92,12.99,0.0,20.32,1.0,0.0,0.0
2947,42.71,7.03,0.6,0.0,35.08,0.8658,0.0,0.0
2948,40.98,10.92,0.0,0.0,30.07,0.6341,0.0,0.0
2949,39.11,12.48,0.0,0.0,0.0,0.4355,26.63,0.0
2950,37.16,12.48,0.0,0.0,0.0,0.4355,24.68,0.0
2951,37.16,14.18,0.0,0.0,22.98,0.4355,0.0,0.0
2952,37.14,12.48,0.0,0.0,24.66,0.2838,0.0,0.0
2953,37.14,7.03,0.0,0.0,0.0,0.1209,30.1,0.0
2954,37.14,4.2,0.0,0.0,1.75,0.1209,31.19,0.0
2955,37.14,3.46,0.0,0.0,3.99,0.1093,29.68,0.0
2956,37.14,1.77,0.0,0.0,4.18,0.083,31.19,0.0
2957,37.14,0.53,0.0,0.0,5.42,0.0554,31.19,0.0
2958,37.14,0.35,2.64,0.0,2.96,0.0196,31.19,0.0
2959,39.09,0.53,19.51,0.0,0.0,0.0,19.06,0.0
2960,40.96,2.25,43.02,0.0,0.0,0.0,0.0,4.31
2961,42.69,18.02,55.85,0.0,0.0,0.0,0.0,31.19
2962,44.21,36.82,38.57,0.0,0.0,0.0,0.0,31.19
2963,45.45,36.82,89.81,50.0,0.0,0.0,0.0,31.19
2964,46.37,36.82,90.74,50.0,0.0,0.298,0.0,31.19
2965,46.94,36.82,78.15,36.84,0.0,0.5961,0.0,31.19
2966,47.14,36.82,71.7,30.2,0.0,0.8157,0.0,31.19
2967,46.94,36.82,42.03,0.72,0.0,0.9957,0.0,31.19
2968,46.37,36.82,35.04,0.0,0.0,1.0,0.0,25.49
2969,45.45,36.82,8.48,0.0,0.15,1.0,0.0,0.0
2970,44.21,36.82,0.36,0.0,7.02,0.999,0.0,0.0
2971,42.69,36.82,0.0,0.0,19.04,0.9526,0.0,13.18
2972,40.96,36.82,0.0,0.0,4.14,0.8268,0.0,0.0
2973,39.09,33.6,0.0,0.0,5.49,0.7995,0.0,0.0
2974,37.14,30.55,0.0,0.0,6.59,0.7633,0.0,0.0
2975,37.14,27.69,0.0,0.0,9.45,0.7198,0.0,0.0
2976,37.11,27.69,0.0,0.0,9.43,0.6574,0.0,0.0
2977,37.11,30.55,0.0,0.0,6.56,0.5951,0.0,0.0
2978,37.11,36.82,0.0,0.0,0.29,0.5517,0.0,0.0
2979,37.11,36.82,0.0,0.0,0.29,0.5498,0.0,0.0
2980,37.11,36.82,0.0,0.0,0.29,0.5479,0.0,0.0
2981,37.11,36.82,0.0,0.0,0.29,0.546,0.0,0.0
2982,37.11,36.82,2.97,2.68,0.0,0.5441,0.0,0.0
2983,39.06,36.82,6.48,4.24,0.0,0.56,0.0,0.0
2984,40.94,36.82,28.48,0.0,0.0,0.5853,0.0,24.36
2985,42.67,36.82,40.09,3.06,0.0,0.5853,0.0,31.19
2986,44.18,36.82,38.23,0.0,0.0,0.6035,0.0,30.87
2987,45.43,36.82,41.83,2.03,0.0,0.6035,0.0,31.19
2988,46.35,27.69,54.0,35.34,0.0,0.6156,0.0,0.0
2989,46.92,18.02,48.15,19.25,0.0,0.8263,0.0,0.0
2990,47.11,12.48,39.14,4.51,0.0,0.941,0.0,0.0
2991,46.92,8.2,44.11,5.39,0.0,0.9679,0.0,0.0
2992,46.35,5.98,27.85,0.0,12.52,1.0,0.0,0.0
2993,45.43,2.81,12.51,0.0,0.0,0.9173,30.1,0.0
2994,44.18,0.07,8.58,0.0,29.7,0.9173,5.84,0.0
2995,42.67,0.0,0.72,0.0,41.95,0.7212,0.0,0.0
2996,40.94,0.0,0.0,0.0,9.75,0.4441,31.19,0.0
2997,39.06,0.0,0.0,0.0,7.88,0.3797,31.19,0.0
2998,37.11,0.0,0.0,0.0,5.93,0.3276,31.19,0.0
2999,37.11,0.0,0.0,0.0,5.93,0.2885,31.19,0.0
3000,37.09,0.01,0.0,0.0,5.9,0.2493,31.19,0.0
3001,37.09,0.01,0.0,0.0,5.9,0.2104,31.19,0.0
3002,37.09,0.03,0.0,0.0,5.88,0.1715,31.19,0.0
3003,37.09,0.03,0.0,0.0,5.88,0.1327,31.19,0.0
3004,37.09,0.03,0.0,0.0,5.88,0.0939,31.19,0.0
3005,37.09,0.0,0.0,0.0,5.9,0.055,31.19,0.0
3006,37.09,0.0,3.47,0.0,2.43,0.0161,31.19,0.0
3007,39.04,0.0,22.08,0.0,0.0,0.0,16.96,0.0
3008,40.92,1.37,49.98,0.0,0.0,0.0,0.0,10.43
3009,42.65,3.46,74.17,3.8,0.0,0.0,0.0,31.19
3010,44.16,5.98,88.78,19.41,0.0,0.0226,0.0,31.19
3011,45.4,7.03,104.93,35.38,0.0,0.1383,0.0,31.19
3012,46.33,7.03,109.06,38.57,0.0,0.3492,0.0,31.19
3013,46.9,8.2,87.88,18.0,0.0,0.5792,0.0,31.19
3014,47.09,10.92,86.98,19.62,0.0,0.6864,0.0,31.19
3015,46.9,12.48,88.24,22.63,0.0,0.8034,0.0,31.19
3016,46.33,14.18,68.55,10.35,0.0,0.9383,0.0,26.05
3017,45.4,10.92,42.13,0.0,0.0,1.0,0.0,7.64
3018,44.16,1.77,14.72,0.0,27.67,1.0,0.0,0.0
3019,42.65,0.07,1.21,0.0,27.6,0.8173,13.77,0.0
3020,40.92,0.07,0.0,0.0,9.66,0.635,31.19,0.0
3021,39.04,0.07,0.0,0.0,38.98,0.5711,0.0,0.0
3022,37.09,0.07,0.0,0.0,5.84,0.3137,31.19,0.0
3023,37.09,0.22,0.0,0.0,5.68,0.2752,31.19,0.0
3024,37.07,0.53,0.0,0.0,5.35,0.2376,31.19,0.0
3025,37.07,0.53,0.0,0.0,5.35,0.2023,31.19,0.0
3026,37.07,0.35,0.0,0.0,5.53,0.1669,31.19,0.0
3027,37.07,0.13,0.0,0.0,5.75,0.1304,31.19,0.0
3028,37.07,0.01,0.0,0.0,5.87,0.0924,31.19,0.0
3029,37.07,0.0,0.0,0.0,5.88,0.0536,31.19,0.0
3030,37.07,0.07,3.57,0.0,2.24,0.0148,31.19,0.0
3031,39.02,0.35,21.5,0.0,0.0,0.0,17.17,0.0
3032,40.89,9.5,46.49,0.0,0.0,0.0,0.0,15.09
3033,42.62,36.82,36.98,0.0,0.0,0.0,0.0,31.19
3034,44.14,36.82,38.5,0.0,0.0,0.0,0.0,31.19
3035,45.38,36.82,39.74,0.0,0.0,0.0,0.0,31.19
3036,46.3,36.82,90.47,49.8,0.0,0.0,0.0,31.19
3037,46.87,36.82,41.24,0.0,0.0,0.2969,0.0,31.19
3038,47.07,36.82,91.43,50.0,0.0,0.2969,0.0,31.19
3039,46.87,36.82,85.07,43.83,0.0,0.5949,0.0,31.19
3040,46.3,36.82,64.8,24.13,0.0,0.8562,0.0,31.19
3041,45.38,36.82,39.37,0.0,0.0,1.0,0.0,30.81
3042,44.14,18.02,14.17,0.0,11.94,1.0,0.0,0.0
3043,42.62,5.98,1.11,0.0,35.53,0.9211,0.0,0.0
3044,40.89,14.18,0.0,0.0,26.72,0.6865,0.0,0.0
3045,39.02,27.69,0.0,0.0,11.33,0.51,0.0,0.0
3046,37.07,30.55,0.0,0.0,6.52,0.4352,0.0,0.0
3047,37.07,25.01,0.0,0.0,12.06,0.3921,0.0,0.0
3048,37.04,18.02,0.0,0.0,0.0,0.3125,19.02,0.0
3049,37.04,9.5,0.0,0.0,27.54,0.3125,0.0,0.0
3050,37.04,5.04,0.0,0.0,0.82,0.1306,31.19,0.0
3051,37.04,4.2,0.0,0.0,1.65,0.1252,31.19,0.0
3052,37.04,2.25,0.0,0.0,13.7,0.1143,21.09,0.0
3053,37.04,2.25,0.0,0.0,3.6,0.0238,31.19,0.0
3054,37.04,8.2,3.49,0.0,0.0,0.0,25.35,0.0
3055,38.99,20.18,17.59,0.0,0.0,0.0,1.22,0.0
3056,40.87,36.82,37.23,2.0,0.0,0.0,0.0,31.19
3057,42.6,36.82,36.96,0.0,0.0,0.0119,0.0,31.19
3058,44.11,36.82,79.4,40.93,0.0,0.0119,0.0,31.19
3059,45.36,36.82,89.22,49.5,0.0,0.2559,0.0,31.19
3060,46.28,36.82,40.64,0.0,0.0,0.5509,0.0,31.19
3061,46.85,36.82,91.21,50.0,0.0,0.5509,0.0,31.19
3062,47.04,36.82,60.28,18.87,0.0,0.849,0.0,31.19
3063,46.85,33.6,44.43,0.0,0.0,0.9615,0.0,31.19
3064,46.28,27.69,56.24,6.46,0.0,0.9615,0.0,31.19
3065,45.36,27.69,33.22,0.0,0.0,1.0,0.0,15.55
3066,44.11,16.02,14.08,0.0,14.01,1.0,0.0,0.0
3067,42.6,12.48,1.09,0.0,29.03,0.9074,0.0,0.0
3068,40.87,25.01,0.0,0.0,15.86,0.7157,0.0,0.0
3069,38.99,36.82,0.0,0.0,2.17,0.611,0.0,0.0
3070,37.04,36.82,0.0,0.0,0.22,0.5967,0.0,0.0
3071,37.04,30.55,0.0,0.0,6.49,0.5952,0.0,0.0
3072,37.02,18.02,0.0,0.0,18.99,0.5523,0.0,0.0
3073,37.02,8.2,0.0,0.0,12.34,0.4269,16.47,0.0
3074,37.02,3.46,0.0,0.0,33.55,0.3454,0.0,0.0
3075,37.02,1.03,0.0,0.0,4.8,0.1238,31.19,0.0
3076,37.02,0.07,0.0,0.0,5.76,0.0921,31.19,0.0
3077,37.02,0.03,0.0,0.0,5.8,0.054,31.19,0.0
3078,37.02,0.22,3.24,0.0,2.37,0.0157,31.19,0.0
3079,38.97,0.53,17.88,0.0,0.0,0.0,20.56,0.0
3080,40.84,2.25,42.8,4.21,0.0,0.0,0.0,0.0
3081,42.57,7.03,61.43,20.17,0.0,0.0251,0.0,5.73
3082,44.09,14.18,50.88,20.97,0.0,0.1453,0.0,0.0
3083,45.33,20.18,33.75,8.6,0.0,0.2703,0.0,0.0
3084,46.25,14.18,51.59,19.51,0.0,0.3216,0.0,0.0
3085,46.82,5.04,64.75,22.97,0.0,0.4379,0.0,0.0
3086,47.02,0.53,85.23,38.74,0.0,0.5748,0.0,0.0
3087,46.82,0.0,71.47,24.65,0.0,0.8057,0.0,0.0
3088,46.25,0.0,54.21,7.95,0.0,0.9526,0.0,0.0
3089,45.33,0.0,33.24,0.0,12.09,1.0,0.0,0.0
3090,44.09,0.0,13.04,0.0,0.0,0.9201,31.05,0.0
3091,42.57,0.01,0.32,0.0,42.17,0.9201,0.07,0.0
3092,40.84,0.22,0.0,0.0,9.43,0.6416,31.19,0.0
3093,38.97,2.25,0.0,0.0,5.53,0.5793,31.19,0.0
3094,37.02,5.04,0.0,0.0,0.79,0.5428,31.19,0.0
3095,37.02,7.03,0.0,0.0,0.0,0.5376,29.98,0.0
3096,36.99,5.98,0.0,0.0,0.0,0.5376,31.01,0.0
3097,36.99,2.81,0.0,0.0,2.99,0.5376,31.19,0.0
3098,36.99,1.03,0.0,0.0,4.78,0.5178,31.19,0.0
3099,36.99,0.13,0.0,0.0,5.68,0.4863,31.19,0.0
3100,36.99,0.03,0.0,0.0,5.78,0.4488,31.19,0.0
3101,36.99,0.03,0.0,0.0,5.78,0.4106,31.19,0.0
3102,36.99,0.0,0.0,0.0,5.8,0.3725,31.19,0.0
3103,38.94,0.0,4.36,0.0,3.4,0.3341,31.19,0.0
3104,40.82,0.0,10.7,0.0,0.0,0.3117,30.12,0.0
3105,42.55,0.22,13.76,0.0,0.0,0.3117,28.56,0.0
3106,44.06,1.03,14.93,0.0,0.0,0.3117,28.11,0.0
3107,45.31,0.75,25.47,0.0,0.0,0.3117,19.09,0.0
3108,46.23,0.35,33.86,0.0,0.0,0.3117,12.02,0.0
3109,46.8,1.03,33.52,0.0,0.0,0.3117,12.25,0.0
3110,46.99,5.98,23.98,0.0,0.0,0.3117,17.03,0.0
3111,46.8,22.51,18.59,0.0,0.0,0.3117,5.7,0.0
3112,46.23,36.82,33.75,24.34,0.0,0.3117,0.0,0.0
3113,45.31,36.82,5.28,0.0,0.0,0.4568,3.2,0.0
3114,44.06,27.69,0.51,0.0,0.0,0.4568,15.86,0.0
3115,42.55,4.2,0.0,0.0,7.16,0.4568,31.19,0.0
3116,40.82,0.07,0.0,0.0,9.57,0.4095,31.19,0.0
3117,38.94,0.0,0.0,0.0,7.75,0.3463,31.19,0.0
3118,36.99,0.0,0.0,0.0,5.8,0.2951,31.19,0.0
3119,36.99,0.03,0.0,0.0,5.78,0.2568,31.19,0.0
3120,36.96,0.07,0.0,0.0,5.71,0.2186,31.19,0.0
3121,36.96,0.22,0.0,0.0,5.56,0.1809,31.19,0.0
3122,36.96,0.35,0.0,0.0,5.43,0.1442,31.19,0.0
3123,36.96,0.35,0.0,0.0,5.43,0.1084,31.19,0.0
3124,36.96,0.22,0.0,0.0,5.56,0.0725,31.19,0.0
3125,36.96,0.35,0.0,0.0,5.43,0.0358,31.19,0.0
3126,36.96,3.46,4.03,0.0,0.0,0.0,29.47,0.0
3127,38.92,10.92,22.9,0.0,0.0,0.0,5.09,0.0
3128,40.79,2.81,51.14,0.0,0.0,0.0,0.0,13.17
3129,42.52,0.35,73.83,0.47,0.0,0.0,0.0,31.19
3130,44.04,0.07,89.6,14.44,0.0,0.0028,0.0,31.19
3131,45.28,0.22,101.88,25.64,0.0,0.0889,0.0,31.19
3132,46.2,1.37,107.86,31.84,0.0,0.2417,0.0,31.19
3133,46.77,3.46,102.27,27.78,0.0,0.4315,0.0,31.19
3134,46.96,5.98,96.67,24.5,0.0,0.5971,0.0,31.19
3135,46.77,8.2,85.72,16.37,0.0,0.7431,0.0,30.78
3136,46.2,7.03,65.9,26.73,0.0,0.8407,0.0,0.0
3137,45.28,2.81,35.59,0.0,6.88,1.0,0.0,0.0
3138,44.04,0.22,15.11,0.0,28.71,0.9546,0.0,0.0
3139,42.52,0.07,1.49,0.0,9.78,0.765,31.19,0.0
3140,40.79,0.22,0.0,0.0,9.38,0.7004,31.19,0.0
3141,38.92,0.53,0.0,0.0,7.2,0.6384,31.19,0.0
3142,36.96,1.03,0.0,0.0,4.75,0.5908,31.19,0.0
3143,36.96,1.03,0.0,0.0,35.94,0.5595,0.0,0.0
3144,36.94,1.37,0.0,0.0,35.57,0.3221,0.0,0.0
3145,36.94,2.81,0.0,0.0,13.08,0.0871,21.04,0.0
3146,36.94,8.2,0.0,0.0,0.0,0.0007,28.73,0.0
3147,36.94,22.51,0.0,0.0,0.0,0.0007,14.43,0.0
3148,36.94,36.82,0.0,0.0,0.0,0.0007,0.11,0.0
3149,36.94,36.82,0.0,0.0,0.11,0.0007,0.0,0.0
3150,36.94,36.82,1.57,1.46,0.0,0.0,0.0,0.0
3151,38.89,36.82,18.91,0.0,1.32,0.0087,0.0,18.16
3152,40.76,26.72,45.23,0.0,0.0,0.0,0.0,31.19
3153,42.49,36.82,36.86,0.0,0.0,0.0,0.0,31.19
3154,44.01,36.82,38.37,0.0,0.0,0.0,0.0,31.19
3155,45.25,36.82,50.44,10.82,0.0,0.0,0.0,31.19
3156,46.18,36.82,40.54,0.0,0.0,0.0645,0.0,31.19
3157,46.75,36.82,91.11,50.0,0.0,0.0645,0.0,31.19
3158,46.94,36.82,91.3,50.0,0.0,0.3626,0.0,31.19
3159,46.75,36.82,80.65,39.54,0.0,0.6606,0.0,31.19
3160,46.18,36.82,57.93,17.39,0.0,0.8963,0.0,31.19
3161,45.25,33.6,36.49,0.0,0.0,1.0,0.0,24.84
3162,44.01,2.81,14.38,0.0,0.0,1.0,26.82,0.0
3163,42.49,0.07,0.7,0.0,41.73,1.0,0.0,0.0
3164,40.76,0.03,0.0,0.0,9.55,0.7244,31.19,0.0
3165,38.89,0.03,0.0,0.0,7.67,0.6613,31.19,0.0
3166,36.94,0.03,0.0,0.0,36.91,0.6107,0.0,0.0
3167,36.94,0.07,0.0,0.0,5.69,0.3669,31.19,0.0
3168,36.91,0.07,0.0,0.0,23.72,0.3293,13.12,0.0
3169,36.91,0.13,0.0,0.0,5.6,0.1727,31.19,0.0
3170,36.91,0.22,0.0,0.0,5.5,0.1357,31.19,0.0
3171,36.91,0.35,0.0,0.0,5.37,0.0994,31.19,0.0
3172,36.91,0.75,0.0,0.0,4.98,0.0639,31.19,0.0
3173,36.91,1.03,0.0,0.0,4.7,0.031,31.19,0.0
3174,36.91,4.2,2.36,0.0,0.0,0.0,30.35,0.0
3175,38.86,9.5,18.87,0.0,0.0,0.0,10.5,0.0
3176,40.74,9.5,40.66,0.0,0.0,0.0,0.0,9.42
3177,42.47,20.18,53.47,0.0,0.0,0.0,0.0,31.19
3178,43.98,33.6,41.57,0.0,0.0,0.0,0.0,31.19
3179,45.22,27.69,92.03,43.3,0.0,0.0,0.0,31.19
3180,46.15,25.01,97.82,45.5,0.0,0.2581,0.0,31.19
3181,46.72,22.51,61.09,5.7,0.0,0.5293,0.0,31.19
3182,46.91,25.01,92.2,39.11,0.0,0.5633,0.0,31.19
3183,46.72,25.01,79.89,27.0,0.0,0.7964,0.0,31.19
3184,46.15,22.51,61.98,7.15,0.0,0.9574,0.0,31.19
3185,45.22,7.03,38.64,0.0,0.0,1.0,0.0,0.45
3186,43.98,0.53,14.45,0.0,29.01,1.0,0.0,0.0
3187,42.47,0.53,1.73,0.0,9.03,0.8084,31.19,0.0
3188,40.74,2.81,0.0,0.0,6.74,0.7488,31.19,0.0
3189,38.86,10.92,0.0,0.0,27.94,0.7043,0.0,0.0
3190,36.91,22.51,0.0,0.0,0.0,0.5198,14.4,0.0
3191,36.91,20.18,0.0,0.0,0.0,0.5198,16.73,0.0
3192,36.88,12.48,0.0,0.0,0.0,0.5198,24.4,0.0
3193,36.88,5.04,0.0,0.0,31.84,0.5198,0.0,0.0
3194,36.88,1.77,0.0,0.0,31.22,0.3094,3.89,0.0
3195,36.88,0.75,0.0,0.0,4.95,0.1033,31.19,0.0
3196,36.88,0.35,0.0,0.0,5.34,0.0706,31.19,0.0
3197,36.88,0.35,0.0,0.0,5.34,0.0353,31.19,0.0
3198,36.88,4.2,4.04,0.0,0.0,0.0,28.64,0.0
3199,38.83,14.18,22.27,0.0,0.0,0.0,2.39,0.0
3200,40.71,20.18,49.04,0.0,0.0,0.0,0.0,28.52
3201,42.44,25.01,60.17,11.56,0.0,0.0,0.0,31.19
3202,43.95,27.69,88.32,40.87,0.0,0.0689,0.0,31.19
3203,45.2,20.18,99.39,43.19,0.0,0.3125,0.0,31.19
3204,46.12,10.92,103.57,37.18,0.0,0.5699,0.0,31.19
3205,46.69,5.04,101.42,28.58,0.0,0.7916,0.0,31.19
3206,46.88,3.46,74.61,0.0,0.0,0.9619,0.0,31.19
3207,46.69,3.46,80.8,6.39,0.0,0.9619,0.0,31.19
3208,46.12,3.46,62.68,0.0,0.0,1.0,0.0,20.02
3209,45.2,1.77,39.28,0.0,4.14,1.0,0.0,0.0
3210,43.95,0.35,14.27,0.0,29.33,0.9726,0.0,0.0
3211,42.44,2.25,1.71,0.0,19.22,0.7789,19.26,0.0
3212,40.71,10.92,0.0,0.0,29.79,0.652,0.0,0.0
3213,38.83,10.92,0.0,0.0,0.0,0.4552,27.91,0.0
3214,36.88,3.46,0.0,0.0,33.42,0.4552,0.0,0.0
3215,36.88,1.37,0.0,0.0,4.33,0.2345,31.19,0.0
3216,36.85,0.75,0.0,0.0,4.92,0.2059,31.19,0.0
3217,36.85,0.53,0.0,0.0,5.14,0.1734,31.19,0.0
3218,36.85,0.53,0.0,0.0,5.14,0.1395,31.19,0.0
3219,36.85,0.35,0.0,0.0,5.31,0.1055,31.19,0.0
3220,36.85,0.35,0.0,0.0,5.31,0.0704,31.19,0.0
3221,36.85,0.35,0.0,0.0,5.31,0.0353,31.19,0.0
3222,36.85,1.77,3.87,0.0,0.03,0.0002,31.19,0.0
3223,38.8,4.2,21.67,0.0,0.0,0.0,12.94,0.0
3224,40.68,2.25,47.07,0.0,0.0,0.0,0.0,8.64
3225,42.41,0.22,67.43,0.0,0.0,0.0,0.0,25.24
3226,43.92,0.0,82.22,7.11,0.0,0.0,0.0,31.19
3227,45.17,0.0,90.94,14.59,0.0,0.0424,0.0,31.19
3228,46.09,0.0,93.35,18.6,0.0,0.1293,0.0,28.66
3229,46.66,0.0,91.48,44.82,0.0,0.2402,0.0,0.0
3230,46.85,0.0,86.42,39.57,0.0,0.5074,0.0,0.0
3231,46.66,0.01,75.82,29.17,0.0,0.7432,0.0,0.0
3232,46.09,0.75,59.25,13.9,0.0,0.9171,0.0,0.0
3233,45.17,1.37,36.74,0.0,7.06,1.0,0.0,0.0
3234,43.92,0.35,14.05,0.0,29.52,0.9534,0.0,0.0
3235,42.41,0.01,1.58,0.0,40.82,0.7584,0.0,0.0
3236,40.68,0.01,0.0,0.0,40.67,0.4888,0.0,0.0
3237,38.8,0.0,0.0,0.0,7.62,0.2202,31.19,0.0
3238,36.85,0.0,0.0,0.0,20.4,0.1699,16.45,0.0
3239,36.85,0.35,0.0,0.0,5.31,0.0351,31.19,0.0
3240,36.82,16.02,0.0,0.0,0.0,0.0,20.8,0.0
3241,36.82,36.82,0.0,0.0,0.0,0.0,0.0,0.0
3242,36.82,36.82,0.0,0.0,0.0,0.0,0.0,0.0
3243,36.82,36.82,0.0,0.0,0.0,0.0,0.0,0.0
3244,36.82,36.82,0.0,0.0,0.0,0.0,0.0,0.0
3245,36.82,36.82,0.0,0.0,0.0,0.0,0.0,0.0
3246,36.82,36.82,4.49,4.49,0.0,0.0,0.0,0.0
3247,38.77,36.82,15.91,0.0,4.05,0.0267,0.0,18.01
3248,40.65,25.56,46.28,0.0,0.0,0.0,0.0,31.19
3249,42.38,36.82,36.74,0.0,0.0,0.0,0.0,31.19
3250,43.89,36.82,40.81,2.55,0.0,0.0,0.0,31.19
3251,45.14,36.82,39.5,0.0,0.0,0.0152,0.0,31.19
3252,46.06,36.82,74.18,33.75,0.0,0.0152,0.0,31.19
3253,46.63,36.82,90.99,50.0,0.0,0.2164,0.0,31.19
3254,46.82,36.82,87.47,46.28,0.0,0.5144,0.0,31.19
3255,46.63,36.82,76.01,35.01,0.0,0.7903,0.0,31.19
3256,46.06,36.82,40.59,0.17,0.0,0.999,0.0,31.19
3257,45.14,36.82,30.49,0.0,0.0,1.0,0.0,22.18
3258,43.89,36.82,3.7,0.0,3.37,1.0,0.0,0.0
3259,42.38,36.82,1.19,0.0,4.37,0.9777,0.0,0.0
3260,40.65,20.18,0.0,0.0,20.47,0.9489,0.0,0.0
3261,38.77,3.46,0.0,0.0,35.31,0.8137,0.0,0.0
3262,36.82,0.13,0.0,0.0,17.42,0.5805,19.28,0.0
3263,36.82,0.0,0.0,0.0,36.82,0.4654,0.0,0.0
3264,36.79,0.0,0.0,0.0,5.61,0.2222,31.19,0.0
3265,36.79,0.0,0.0,0.0,5.61,0.1852,31.19,0.0
3266,36.79,0.0,0.0,0.0,5.61,0.1481,31.19,0.0
3267,36.79,0.0,0.0,0.0,5.61,0.1111,31.19,0.0
3268,36.79,0.0,0.0,0.0,5.61,0.0741,31.19,0.0
3269,36.79,0.0,0.0,0.0,5.61,0.037,31.19,0.0
3270,36.79,1.03,4.77,0.0,0.0,0.0,31.0,0.0
3271,38.75,5.04,22.02,0.0,0.0,0.0,11.68,0.0
3272,40.62,25.01,45.76,0.0,0.0,0.0,0.0,30.15
3273,42.35,25.01,66.26,17.73,0.0,0.0,0.0,31.19
3274,43.87,16.02,82.46,23.43,0.0,0.1057,0.0,31.19
3275,45.11,9.5,93.43,26.63,0.0,0.2454,0.0,31.19
3276,46.03,7.03,98.1,27.91,0.0,0.4041,0.0,31.19
3277,46.6,5.04,91.56,18.81,0.0,0.5705,0.0,31.19
3278,46.79,3.46,88.8,28.79,0.0,0.6826,0.0,16.68
3279,46.6,2.81,51.1,7.31,0.0,0.8543,0.0,0.0
3280,46.03,5.98,57.19,17.14,0.0,0.8978,0.0,0.0
3281,45.11,12.48,36.97,0.0,0.0,1.0,0.0,4.34
3282,43.87,10.92,15.1,0.0,17.84,1.0,0.0,0.0
3283,42.35,5.04,1.9,0.0,35.42,0.8822,0.0,0.0
3284,40.62,5.98,0.0,0.0,3.45,0.6482,31.19,0.0
3285,38.75,5.04,0.0,0.0,2.52,0.6254,31.19,0.0
3286,36.79,2.81,0.0,0.0,33.98,0.6088,0.0,0.0
3287,36.79,1.77,0.0,0.0,31.29,0.3844,3.74,0.0
3288,36.76,1.37,0.0,0.0,4.21,0.1777,31.19,0.0
3289,36.76,1.03,0.0,0.0,4.55,0.1499,31.19,0.0
3290,36.76,1.03,0.0,0.0,4.55,0.1198,31.19,0.0
3291,36.76,1.03,0.0,0.0,4.55,0.0898,31.19,0.0
3292,36.76,0.75,0.0,0.0,4.83,0.0597,31.19,0.0
3293,36.76,1.37,0.0,0.0,4.21,0.0278,31.19,0.0
3294,36.76,8.2,4.92,0.0,0.0,0.0,23.64,0.0
3295,38.71,16.02,22.69,0.0,0.0,0.0,0.0,0.0
3296,40.59,24.19,47.58,0.0,0.0,0.0,0.0,31.19
3297,42.32,36.82,36.68,0.0,0.0,0.0,0.0,31.19
3298,43.84,36.82,87.48,49.28,0.0,0.0,0.0,31.19
3299,45.08,36.82,39.44,0.0,0.0,0.2937,0.0,31.19
3300,46.0,36.82,90.37,50.0,0.0,0.2937,0.0,31.19
3301,46.57,36.82,53.98,13.04,0.0,0.5918,0.0,31.19
3302,46.76,36.82,91.13,50.0,0.0,0.6695,0.0,31.19
3303,46.57,36.82,34.81,0.0,6.12,0.9676,0.0,31.19
3304,46.0,36.82,52.59,12.22,0.0,0.9272,0.0,31.19
3305,45.08,36.82,20.25,0.0,0.0,1.0,0.0,12.0
3306,43.84,18.02,11.07,0.0,14.74,1.0,0.0,0.0
3307,42.32,1.37,1.88,0.0,41.31,0.9027,0.0,2.23
3308,40.59,0.75,0.0,0.0,39.84,0.6298,0.0,0.0
3309,38.71,1.77,0.0,0.0,36.94,0.3667,0.0,0.0
3310,36.76,20.18,0.0,0.0,16.58,0.1227,0.0,0.0
3311,36.76,36.82,0.0,0.06,0.0,0.0132,0.0,0.0
3312,36.73,36.82,0.0,0.09,0.0,0.0135,0.0,0.0
3313,36.73,36.82,0.0,0.09,0.0,0.0141,0.0,0.0
3314,36.73,36.82,0.0,0.09,0.0,0.0146,0.0,0.0
3315,36.73,36.82,0.0,0.09,0.0,0.0152,0.0,0.0
3316,36.73,36.82,0.0,0.09,0.0,0.0157,0.0,0.0
3317,36.73,36.82,0.0,0.09,0.0,0.0162,0.0,0.0
3318,36.73,30.55,3.64,0.0,2.54,0.0168,0.0,0.0
3319,38.68,30.55,17.66,0.0,0.0,0.0,0.0,9.52
3320,40.56,30.55,45.94,4.74,0.0,0.0,0.0,31.19
3321,42.29,22.51,68.55,17.58,0.0,0.0283,0.0,31.19
3322,43.8,12.48,86.23,23.71,0.0,0.1331,0.0,31.19
3323,45.05,5.04,97.42,26.22,0.0,0.2744,0.0,31.19
3324,45.97,1.37,101.49,37.64,0.0,0.4307,0.0,19.24
3325,46.54,0.53,98.78,21.58,0.0,0.6551,0.0,31.19
3326,46.73,1.03,92.98,16.08,0.0,0.7837,0.0,31.19
3327,46.54,2.25,78.79,3.32,0.0,0.8796,0.0,31.19
3328,45.97,4.2,58.65,16.88,0.0,0.8994,0.0,0.0
3329,45.05,3.46,36.14,0.0,5.44,1.0,0.0,0.0
3330,43.8,0.35,14.73,0.0,28.73,0.964,0.0,0.0
3331,42.29,0.0,2.19,0.0,40.1,0.7743,0.0,0.0
3332,40.56,0.03,0.0,0.0,9.35,0.5095,31.19,0.0
3333,38.68,0.13,0.0,0.0,7.37,0.4477,31.19,0.0
3334,36.73,0.22,0.0,0.0,21.36,0.3991,15.15,0.0
3335,36.73,0.13,0.0,0.0,5.42,0.258,31.19,0.0
3336,36.7,0.07,0.0,0.0,5.45,0.2222,31.19,0.0
3337,36.7,0.03,0.0,0.0,5.49,0.1862,31.19,0.0
3338,36.7,0.0,0.0,0.0,5.51,0.1499,31.19,0.0
3339,36.7,0.0,0.0,0.0,5.51,0.1135,31.19,0.0
3340,36.7,0.0,0.0,0.0,5.52,0.0771,31.19,0.0
3341,36.7,0.0,0.0,0.0,5.52,0.0407,31.19,0.0
3342,36.7,0.03,4.85,0.0,0.64,0.0042,31.19,0.0
3343,38.65,0.53,22.35,0.0,0.0,0.0,15.78,0.0
3344,40.53,20.18,46.63,0.0,0.0,0.0,0.0,26.29
3345,42.26,30.55,67.39,24.5,0.0,0.0,0.0,31.19
3346,43.77,27.69,82.59,35.32,0.0,0.146,0.0,31.19
3347,45.02,22.51,92.27,38.58,0.0,0.3566,0.0,31.19
3348,45.94,18.02,79.8,20.7,0.0,0.5865,0.0,31.19
3349,46.51,12.48,81.6,30.18,0.0,0.7099,0.0,17.39
3350,46.7,8.2,78.6,8.91,0.0,0.8898,0.0,31.19
3351,46.51,7.03,49.06,9.58,0.0,0.9429,0.0,0.0
3352,45.94,7.03,34.04,0.0,4.87,1.0,0.0,0.0
3353,45.02,5.98,7.25,0.0,31.79,0.9678,0.0,0.0
3354,43.77,0.53,7.72,0.0,35.53,0.7579,0.0,0.0
3355,42.26,0.0,2.0,0.0,9.07,0.5232,31.19,0.0
3356,40.53,0.07,0.0,0.0,9.28,0.4633,31.19,0.0
3357,38.65,0.53,0.0,0.0,6.94,0.402,31.19,0.0
3358,36.7,1.03,0.0,0.0,16.69,0.3562,18.99,0.0
3359,36.7,0.75,0.0,0.0,4.77,0.2459,31.19,0.0
3360,36.67,0.35,0.0,0.0,5.13,0.2144,31.19,0.0
3361,36.67,0.07,0.0,0.0,5.42,0.1806,31.19,0.0
3362,36.67,0.01,0.0,0.0,5.48,0.1448,31.19,0.0
3363,36.67,0.0,0.0,0.0,5.48,0.1086,31.19,0.0
3364,36.67,0.0,0.0,0.0,5.48,0.0724,31.19,0.0
3365,36.67,0.01,0.0,0.0,5.48,0.0362,31.19,0.0
3366,36.67,1.03,4.76,0.0,0.0,0.0,30.88,0.0
3367,38.62,4.2,21.49,0.0,0.0,0.0,12.93,0.0
3368,40.5,36.82,31.75,28.08,0.0,0.0,0.0,0.0
3369,42.23,36.82,22.07,16.67,0.0,0.1674,0.0,0.0
3370,43.74,36.82,20.35,13.43,0.0,0.2667,0.0,0.0
3371,44.98,36.82,17.98,9.82,0.0,0.3468,0.0,0.0
3372,45.91,0.0,13.27,0.0,1.45,0.4053,31.19,0.0
3373,46.48,0.0,15.56,0.0,0.0,0.3957,30.92,0.0
3374,46.67,0.0,23.62,0.0,0.0,0.3957,23.05,0.0
3375,46.48,36.82,8.0,0.0,1.65,0.3957,0.0,0.0
3376,45.91,36.82,5.76,0.0,0.0,0.3848,3.33,0.0
3377,44.98,36.82,8.49,0.33,0.0,0.3848,0.0,0.0
3378,43.74,20.18,1.94,0.0,0.0,0.3867,21.62,0.0
3379,42.23,3.46,0.0,0.0,7.58,0.3867,31.19,0.0
3380,40.5,3.46,0.0,0.0,5.85,0.3367,31.19,0.0
3381,38.62,3.46,0.0,0.0,9.82,0.2981,25.34,0.0
3382,36.67,2.81,0.0,0.0,2.67,0.2332,31.19,0.0
3383,36.67,2.25,0.0,0.0,3.23,0.2156,31.19,0.0
3384,36.64,1.37,0.0,0.0,4.09,0.1942,31.19,0.0
3385,36.64,1.03,0.0,0.0,4.43,0.1672,31.19,0.0
3386,36.64,0.75,0.0,0.0,4.7,0.138,31.19,0.0
3387,36.64,0.35,0.0,0.0,5.1,0.1069,31.19,0.0
3388,36.64,0.07,0.0,0.0,5.39,0.0733,31.19,0.0
3389,36.64,0.03,0.0,0.0,5.42,0.0377,31.19,0.0
3390,36.64,0.75,4.42,0.0,0.28,0.0019,31.19,0.0
3391,38.59,3.46,26.87,0.0,0.0,0.0,8.25,0.0
3392,40.46,18.02,57.52,3.89,0.0,0.0,0.0,31.19
3393,42.19,36.82,36.56,0.0,0.0,0.0232,0.0,31.19
3394,43.71,36.82,43.6,5.53,0.0,0.0232,0.0,31.19
3395,44.95,36.82,39.32,0.0,0.0,0.0561,0.0,31.19
3396,45.88,30.55,96.51,50.0,0.0,0.0561,0.0,31.19
3397,46.45,22.51,105.12,50.0,0.0,0.3542,0.0,31.19
3398,46.64,12.48,104.57,39.23,0.0,0.6522,0.0,31.19
3399,46.45,5.98,90.77,19.12,0.0,0.886,0.0,31.19
3400,45.88,1.77,70.71,0.0,0.0,1.0,0.0,26.61
3401,44.95,0.35,45.36,0.0,0.0,1.0,0.0,0.75
3402,43.71,0.0,17.31,0.0,26.4,1.0,0.0,0.0
3403,42.19,0.0,2.6,0.0,39.59,0.8256,0.0,0.0
3404,40.46,0.0,0.0,0.0,9.28,0.5641,31.19,0.0
3405,38.59,0.01,0.0,0.0,32.85,0.5028,5.73,0.0
3406,36.64,0.07,0.0,0.0,5.39,0.2859,31.19,0.0
3407,36.64,0.13,0.0,0.0,5.32,0.2503,31.19,0.0
3408,36.61,0.22,0.0,0.0,5.2,0.2151,31.19,0.0
3409,36.61,0.22,0.0,0.0,5.2,0.1808,31.19,0.0
3410,36.61,0.22,0.0,0.0,5.2,0.1465,31.19,0.0
3411,36.61,0.13,0.0,0.0,5.29,0.1121,31.19,0.0
3412,36.61,0.01,0.0,0.0,5.41,0.0772,31.19,0.0
3413,36.61,0.0,0.0,0.0,5.42,0.0415,31.19,0.0
3414,36.61,0.0,4.56,0.0,0.86,0.0057,31.19,0.0
3415,38.56,0.0,24.73,0.0,0.0,0.0,13.82,0.0
3416,40.43,0.0,51.03,0.0,0.0,0.0,0.0,10.59
3417,42.16,0.0,72.42,0.0,0.0,0.0,0.0,30.26
3418,43.68,0.22,88.99,14.35,0.0,0.0,0.0,31.19
3419,44.92,0.75,99.8,24.44,0.0,0.0856,0.0,31.19
3420,45.84,0.75,104.74,28.45,0.0,0.2313,0.0,31.19
3421,46.41,1.03,103.84,27.27,0.0,0.4009,0.0,31.19
3422,46.61,1.37,97.07,48.01,0.0,0.5634,0.0,3.82
3423,46.41,1.77,83.84,8.02,0.0,0.8495,0.0,31.19
3424,45.84,2.25,60.81,17.22,0.0,0.8973,0.0,0.0
3425,44.92,1.77,31.4,0.0,11.75,1.0,0.0,0.0
3426,43.68,0.13,15.7,0.0,27.84,0.9224,0.0,0.0
3427,42.16,0.01,2.58,0.0,39.57,0.7385,0.0,0.0
3428,40.43,0.13,0.0,0.0,23.37,0.4772,16.93,0.0
3429,38.56,0.22,0.0,0.0,7.15,0.3228,31.19,0.0
3430,36.61,0.35,0.0,0.0,5.07,0.2756,31.19,0.0
3431,36.61,0.75,0.0,0.0,4.67,0.2421,31.19,0.0
3432,36.57,0.75,0.0,0.0,4.64,0.2113,31.19,0.0
3433,36.57,0.35,0.0,0.0,5.03,0.1806,31.19,0.0
3434,36.57,0.07,0.0,0.0,5.32,0.1474,31.19,0.0
3435,36.57,0.01,0.0,0.0,5.38,0.1123,31.19,0.0
3436,36.57,0.0,0.0,0.0,5.38,0.0767,31.19,0.0
3437,36.57,0.01,0.0,0.0,5.38,0.0412,31.19,0.0
3438,36.57,0.35,4.18,0.0,0.86,0.0057,31.19,0.0
3439,38.52,1.03,22.69,0.0,0.0,0.0,14.81,0.0
3440,40.4,0.22,47.23,0.0,0.0,0.0,0.0,7.05
3441,42.13,0.75,68.45,0.0,0.0,0.0,0.0,27.07
3442,43.64,2.81,85.89,13.87,0.0,0.0,0.0,31.19
3443,44.89,2.25,97.54,23.72,0.0,0.0827,0.0,31.19
3444,45.81,1.77,97.86,50.0,0.0,0.2241,0.0,3.82
3445,46.38,4.2,90.15,19.5,0.0,0.5222,0.0,28.47
3446,46.57,1.77,87.86,43.06,0.0,0.6384,0.0,0.0
3447,46.38,0.75,50.37,4.73,0.0,0.8951,0.0,0.0
3448,45.81,3.46,55.22,12.87,0.0,0.9233,0.0,0.0
3449,44.89,4.2,38.74,0.0,1.94,1.0,0.0,0.0
3450,43.64,0.75,16.28,0.0,26.62,0.9872,0.0,0.0
3451,42.13,0.53,2.78,0.0,38.83,0.8114,0.0,0.0
3452,40.4,1.37,0.0,0.0,39.03,0.5549,0.0,0.0
3453,38.52,0.03,0.0,0.0,8.01,0.2971,30.48,0.0
3454,36.57,0.0,0.0,0.0,5.39,0.2442,31.19,0.0
3455,36.57,0.0,0.0,0.0,5.39,0.2086,31.19,0.0
3456,36.54,0.0,0.0,0.0,5.35,0.1731,31.19,0.0
3457,36.54,0.03,0.0,0.0,5.32,0.1377,31.19,0.0
3458,36.54,0.13,0.0,0.0,5.22,0.1026,31.19,0.0
3459,36.54,0.53,0.0,0.0,4.83,0.0681,31.19,0.0
3460,36.54,1.03,0.0,0.0,4.33,0.0362,31.19,0.0
3461,36.54,4.2,0.0,0.0,1.15,0.0076,31.19,0.0
3462,36.54,16.02,5.21,0.0,0.0,0.0,15.3,0.0
3463,38.49,25.01,22.69,0.0,0.0,0.0,0.0,9.21
3464,40.37,36.82,47.31,12.58,0.0,0.0,0.0,31.19
3465,42.09,33.6,55.92,16.24,0.0,0.075,0.0,31.19
3466,43.61,33.6,61.76,20.56,0.0,0.1718,0.0,31.19
3467,44.85,22.51,53.53,0.0,0.0,0.2944,0.0,31.19
3468,45.78,30.55,64.04,17.63,0.0,0.2944,0.0,31.19
3469,46.35,36.82,90.02,49.32,0.0,0.3994,0.0,31.19
3470,46.54,36.82,79.43,38.53,0.0,0.6934,0.0,31.19
3471,46.35,36.82,53.62,12.91,0.0,0.9231,0.0,31.19
3472,45.78,36.82,33.5,0.0,0.0,1.0,0.0,24.54
3473,44.85,36.82,19.0,0.0,0.0,1.0,0.0,10.97
3474,43.61,36.82,10.94,0.0,0.0,1.0,0.0,4.16
3475,42.09,0.0,0.0,0.0,42.09,1.0,0.0,0.0
3476,40.37,0.0,0.0,0.0,40.37,0.722,0.0,0.0
3477,38.49,0.0,0.0,0.0,38.49,0.4554,0.0,0.0
3478,36.54,36.82,0.0,0.29,0.0,0.2012,0.0,0.0
3479,36.54,36.82,0.0,0.29,0.0,0.2029,0.0,0.0
3480,36.5,36.82,0.0,0.32,0.0,0.2046,0.0,0.0
3481,36.5,36.82,0.0,0.32,0.0,0.2065,0.0,0.0
3482,36.5,36.82,0.0,0.32,0.0,0.2084,0.0,0.0
3483,36.5,14.18,0.0,0.0,0.0,0.2103,22.33,0.0
3484,36.5,4.2,0.0,0.0,29.98,0.2103,2.32,0.0
3485,36.5,3.46,0.0,0.0,1.86,0.0123,31.19,0.0
3486,36.5,9.5,5.35,0.0,0.0,0.0,21.66,0.0
3487,38.45,18.02,17.57,0.0,0.0,0.0,2.87,0.0
3488,40.33,31.47,40.05,0.0,0.0,0.0,0.0,31.19
3489,42.06,22.79,50.46,0.0,0.0,0.0,0.0,31.19
3490,43.58,36.82,37.94,0.0,0.0,0.0,0.0,31.19
3491,44.82,36.82,88.76,49.58,0.0,0.0,0.0,31.19
3492,45.74,36.82,40.11,0.0,0.0,0.2956,0.0,31.19
3493,46.31,36.82,89.52,48.85,0.0,0.2956,0.0,31.19
3494,46.5,36.82,82.72,41.85,0.0,0.5867,0.0,31.19
3495,46.31,36.82,58.09,17.41,0.0,0.8362,0.0,31.19
3496,45.74,36.82,50.18,10.07,0.0,0.94,0.0,31.19
3497,44.82,33.6,32.22,0.0,0.0,1.0,0.0,21.01
3498,43.58,5.98,7.9,0.0,29.69,1.0,0.0,0.0
3499,42.06,0.13,1.4,0.0,9.35,0.8039,31.19,0.0
3500,40.33,0.03,0.0,0.0,40.3,0.7422,0.0,0.0
3501,38.45,0.01,0.0,0.0,7.26,0.476,31.19,0.0
3502,36.5,0.03,0.0,0.0,28.4,0.428,8.08,0.0
3503,36.5,0.03,0.0,0.0,5.29,0.2405,31.19,0.0
3504,36.47,0.07,0.0,0.0,5.22,0.2055,31.19,0.0
3505,36.47,0.07,0.0,0.0,5.22,0.1711,31.19,0.0
3506,36.47,0.07,0.0,0.0,5.22,0.1366,31.19,0.0
3507,36.47,0.13,0.0,0.0,5.15,0.1021,31.19,0.0
3508,36.47,0.13,0.0,0.0,5.15,0.0681,31.19,0.0
3509,36.47,0.13,0.0,0.0,5.15,0.034,31.19,0.0
3510,36.47,2.25,5.41,0.0,0.0,0.0,28.81,0.0
3511,38.42,10.92,24.7,0.0,0.0,0.0,2.8,0.0
3512,40.3,19.87,51.61,0.0,0.0,0.0,0.0,31.19
3513,42.03,27.69,45.53,0.0,0.0,0.0,0.0,31.19
3514,43.54,30.55,44.18,0.0,0.0,0.0,0.0,31.19
3515,44.78,33.6,80.87,38.5,0.0,0.0,0.0,31.19
3516,45.71,33.6,43.29,0.0,0.0,0.2295,0.0,31.19
3517,46.28,30.55,96.92,50.0,0.0,0.2295,0.0,31.19
3518,46.47,27.69,97.64,47.67,0.0,0.5275,0.0,31.19
3519,46.28,20.18,85.85,28.57,0.0,0.8117,0.0,31.19
3520,45.71,14.18,65.75,3.03,0.0,0.9819,0.0,31.19
3521,44.78,7.03,41.74,0.0,0.0,1.0,0.0,3.99
3522,43.54,0.75,17.24,0.0,25.55,1.0,0.0,0.0
3523,42.03,0.01,3.09,0.0,38.92,0.8312,0.0,0.0
3524,40.3,0.03,0.0,0.0,37.86,0.5742,2.41,0.0
3525,38.42,0.03,0.0,0.0,7.21,0.3241,31.19,0.0
3526,36.47,0.03,0.0,0.0,5.26,0.2765,31.19,0.0
3527,36.47,0.07,0.0,0.0,5.22,0.2418,31.19,0.0
3528,36.43,0.07,0.0,0.0,5.18,0.2073,31.19,0.0
3529,36.43,0.13,0.0,0.0,5.12,0.1731,31.19,0.0
3530,36.43,0.07,0.0,0.0,5.18,0.1393,31.19,0.0
3531,36.43,0.03,0.0,0.0,5.22,0.1051,31.19,0.0
3532,36.43,0.03,0.0,0.0,5.22,0.0706,31.19,0.0
3533,36.43,0.0,0.0,0.0,5.25,0.0361,31.19,0.0
3534,36.43,0.0,5.03,0.0,0.22,0.0015,31.19,0.0
3535,38.39,0.0,24.24,0.0,0.0,0.0,14.15,0.0
3536,40.26,0.01,50.43,0.0,0.0,0.0,0.0,10.18
3537,41.99,0.0,71.57,0.0,0.0,0.0,0.0,29.58
3538,43.51,0.0,85.05,10.36,0.0,0.0,0.0,31.19
3539,44.75,0.0,95.74,19.81,0.0,0.0617,0.0,31.19
3540,45.67,0.0,99.96,23.1,0.0,0.1798,0.0,31.19
3541,46.24,0.0,93.79,47.55,0.0,0.3175,0.0,0.0
3542,46.43,0.0,88.38,16.26,0.0,0.601,0.0,25.68
3543,46.24,0.0,79.69,33.45,0.0,0.6979,0.0,0.0
3544,45.67,0.0,62.91,17.23,0.0,0.8973,0.0,0.0
3545,44.75,0.22,38.17,0.0,6.35,1.0,0.0,0.0
3546,43.51,0.53,15.97,0.0,27.01,0.958,0.0,0.0
3547,41.99,0.35,3.01,0.0,13.6,0.7797,25.03,0.0
3548,40.26,0.75,0.0,0.0,39.51,0.6898,0.0,0.0
3549,38.39,1.37,0.0,0.0,37.02,0.4289,0.0,0.0
3550,36.43,2.81,0.0,0.0,2.43,0.1844,31.19,0.0
3551,36.43,5.98,0.0,0.0,0.0,0.1683,30.45,0.0
3552,36.4,10.92,0.0,0.0,25.48,0.1683,0.0,0.0
3553,36.4,10.92,0.0,0.0,0.0,0.0,25.48,0.0
3554,36.4,8.2,0.0,0.0,0.0,0.0,28.19,0.0
3555,36.4,7.03,0.0,0.0,0.0,0.0,29.36,0.0
3556,36.4,5.98,0.0,0.0,0.0,0.0,30.42,0.0
3557,36.4,8.2,0.0,0.0,0.0,0.0,28.19,0.0
3558,36.4,14.18,5.11,0.0,0.0,0.0,17.11,0.0
3559,38.35,18.02,24.38,0.0,0.0,0.0,0.0,4.06
3560,40.23,22.54,48.87,0.0,0.0,0.0,0.0,31.19
3561,41.95,36.82,47.81,11.49,0.0,0.0,0.0,31.19
3562,43.47,30.55,90.92,46.81,0.0,0.0685,0.0,31.19
3563,44.71,20.18,98.87,43.15,0.0,0.3475,0.0,31.19
3564,45.64,14.18,91.0,28.36,0.0,0.6047,0.0,31.19
3565,46.21,9.5,87.85,19.95,0.0,0.7738,0.0,31.19
3566,46.4,7.03,88.55,18.0,0.0,0.8927,0.0,31.19
3567,46.21,5.98,62.96,0.0,0.0,1.0,0.0,22.73
3568,45.64,5.98,54.83,0.0,0.0,1.0,0.0,15.17
3569,44.71,5.98,41.54,0.0,0.0,1.0,0.0,2.8
3570,43.47,1.77,15.08,0.0,26.62,1.0,0.0,0.0
3571,41.95,0.22,2.23,0.0,39.5,0.8242,0.0,0.0
3572,40.23,0.35,0.0,0.0,9.6,0.5633,30.27,0.0
3573,38.35,0.75,0.0,0.0,6.42,0.4999,31.19,0.0
3574,36.4,0.75,0.0,0.0,4.46,0.4575,31.19,0.0
3575,36.4,0.75,0.0,0.0,4.46,0.428,31.19,0.0
3576,36.36,0.53,0.0,0.0,4.65,0.3985,31.19,0.0
3577,36.36,0.53,0.0,0.0,35.84,0.3678,0.0,0.0
3578,36.36,0.35,0.0,0.0,4.82,0.1311,31.19,0.0
3579,36.36,0.22,0.0,0.0,4.96,0.0992,31.19,0.0
3580,36.36,0.07,0.0,0.0,5.11,0.0665,31.19,0.0
3581,36.36,0.22,0.0,0.0,4.96,0.0327,31.19,0.0
3582,36.36,1.37,4.43,0.0,0.0,0.0,30.57,0.0
3583,38.31,2.81,24.38,0.0,0.0,0.0,11.12,0.0
3584,40.19,22.51,53.14,4.27,0.0,0.0,0.0,31.19
3585,41.92,30.55,42.56,0.0,0.0,0.0255,0.0,31.19
3586,43.43,16.02,58.6,0.0,0.0,0.0255,0.0,31.19
3587,44.68,10.92,102.25,37.31,0.0,0.0255,0.0,31.19
3588,45.6,9.5,76.51,9.22,0.0,0.2479,0.0,31.19
3589,46.17,10.92,106.16,39.72,0.0,0.3028,0.0,31.19
3590,46.36,14.18,99.22,35.85,0.0,0.5396,0.0,31.19
3591,46.17,18.02,86.76,27.42,0.0,0.7533,0.0,31.19
3592,45.6,22.51,68.24,13.96,0.0,0.9168,0.0,31.19
3593,44.68,25.01,44.07,0.0,0.0,1.0,0.0,24.4
3594,43.43,9.5,17.35,0.0,16.59,1.0,0.0,0.0
3595,41.92,1.77,2.64,0.0,37.51,0.8904,0.0,0.0
3596,40.19,2.25,0.0,0.0,37.94,0.6427,0.0,0.0
3597,38.31,4.2,0.0,0.0,34.11,0.3921,0.0,0.0
3598,36.36,5.04,0.0,0.0,0.14,0.1668,31.19,0.0
3599,36.36,5.04,0.0,0.0,0.14,0.1659,31.19,0.0
3600,36.33,3.46,0.0,0.0,5.6,0.165,27.26,0.0
3601,36.33,2.25,0.0,0.0,2.89,0.128,31.19,0.0
3602,36.33,1.03,0.0,0.0,4.11,0.1089,31.19,0.0
3603,36.33,0.75,0.0,0.0,4.39,0.0817,31.19,0.0
3604,36.33,0.53,0.0,0.0,4.62,0.0527,31.19,0.0
3605,36.33,1.77,0.0,0.0,3.37,0.0222,31.19,0.0
3606,36.33,9.5,5.11,0.0,0.0,0.0,21.72,0.0
3607,38.28,16.02,23.7,0.0,0.0,0.0,0.0,1.45
3608,40.15,36.82,49.5,14.99,0.0,0.0,0.0,31.19
3609,41.88,36.82,71.91,35.66,0.0,0.0893,0.0,31.19
3610,43.4,36.82,37.76,0.0,0.0,0.3019,0.0,31.19
3611,44.64,36.82,39.0,0.0,0.0,0.3019,0.0,31.19
3612,45.57,36.82,89.93,50.0,0.0,0.3019,0.0,31.19
3613,46.13,36.82,45.0,4.51,0.0,0.6,0.0,31.19
3614,46.33,36.82,40.69,0.0,0.0,0.6268,0.0,31.19
3615,46.13,36.82,77.96,37.46,0.0,0.6268,0.0,31.19
3616,45.57,36.82,61.41,21.48,0.0,0.8501,0.0,31.19
3617,44.64,36.82,42.67,3.67,0.0,0.9781,0.0,31.19
3618,43.4,36.82,17.26,0.0,0.0,1.0,0.0,10.69
3619,41.88,10.92,3.08,0.0,27.88,1.0,0.0,0.0
3620,40.15,9.5,0.0,0.0,30.66,0.8159,0.0,0.0
3621,38.28,25.01,0.0,0.0,13.27,0.6134,0.0,0.0
3622,36.33,33.6,0.0,0.0,2.73,0.5257,0.0,0.0
3623,36.33,20.18,0.0,0.0,16.14,0.5077,0.0,0.0
3624,36.29,14.18,0.0,0.0,22.11,0.4011,0.0,0.0
3625,36.29,18.02,0.0,0.0,18.27,0.2551,0.0,0.0
3626,36.29,18.02,0.0,0.0,18.27,0.1344,0.0,0.0
3627,36.29,12.48,0.0,0.0,0.0,0.0138,23.81,0.0
3628,36.29,7.03,0.0,0.0,0.0,0.0138,29.26,0.0
3629,36.29,5.98,0.0,0.0,0.0,0.0138,30.31,0.0
3630,36.29,10.92,5.49,0.0,0.0,0.0138,19.88,0.0
3631,38.24,16.02,19.71,0.0,2.08,0.0138,0.42,0.0
3632,40.12,0.03,47.64,0.0,0.0,0.0,0.0,7.55
3633,41.85,0.13,68.3,0.0,0.0,0.0,0.0,26.59
3634,43.36,0.53,84.87,10.85,0.0,0.0,0.0,31.19
3635,44.6,1.77,96.06,22.04,0.0,0.0647,0.0,31.19
3636,45.53,4.2,100.63,28.11,0.0,0.196,0.0,31.19
3637,46.1,8.2,100.8,31.72,0.0,0.3636,0.0,31.19
3638,46.29,12.48,94.19,29.19,0.0,0.5527,0.0,31.19
3639,46.1,16.02,78.1,16.84,0.0,0.7267,0.0,31.19
3640,45.53,16.02,63.15,29.01,0.0,0.8271,0.0,4.63
3641,44.6,9.5,40.31,0.0,0.0,1.0,0.0,5.21
3642,43.36,1.37,17.21,0.0,0.0,1.0,24.79,0.0
3643,41.85,0.03,3.48,0.0,38.34,1.0,0.0,0.0
3644,40.12,0.03,0.0,0.0,40.09,0.7468,0.0,0.0
3645,38.24,0.03,0.0,0.0,37.44,0.482,0.77,0.0
3646,36.29,0.07,0.0,0.0,5.04,0.2347,31.19,0.0
3647,36.29,0.22,0.0,0.0,4.88,0.2015,31.19,0.0
3648,36.25,1.03,0.0,0.0,4.04,0.1692,31.19,0.0
3649,36.25,2.25,0.0,0.0,2.81,0.1425,31.19,0.0
3650,36.25,1.37,0.0,0.0,3.7,0.1239,31.19,0.0
3651,36.25,0.13,0.0,0.0,4.94,0.0995,31.19,0.0
3652,36.25,0.0,0.0,0.0,5.07,0.0669,31.19,0.0
3653,36.25,0.01,0.0,0.0,5.06,0.0334,31.19,0.0
3654,36.25,5.04,5.52,0.0,0.0,0.0,25.7,0.0
3655,38.2,18.02,21.94,0.0,0.0,0.0,0.0,1.76
3656,40.08,30.55,43.57,2.85,0.0,0.0,0.0,31.19
3657,41.81,25.01,66.68,18.7,0.0,0.017,0.0,31.19
3658,43.32,25.01,73.99,24.49,0.0,0.1284,0.0,31.19
3659,44.57,27.69,48.07,0.0,0.0,0.2744,0.0,31.19
3660,45.49,36.82,89.85,50.0,0.0,0.2745,0.0,31.19
3661,46.06,36.82,78.8,38.37,0.0,0.5725,0.0,31.19
3662,46.25,36.82,63.08,22.47,0.0,0.8012,0.0,31.19
3663,46.06,36.82,51.3,10.88,0.0,0.9352,0.0,31.19
3664,45.49,36.82,24.23,0.0,0.0,1.0,0.0,15.56
3665,44.57,36.82,29.35,0.0,0.0,1.0,0.0,21.6
3666,43.32,36.82,11.51,0.0,0.0,1.0,0.0,5.01
3667,41.81,12.48,1.62,0.0,27.71,1.0,0.0,0.0
3668,40.08,8.2,0.0,0.0,31.88,0.817,0.0,0.0
3669,38.2,10.92,0.0,0.0,0.0,0.6064,27.28,0.0
3670,36.25,8.2,0.0,0.0,28.05,0.6064,0.0,0.0
3671,36.25,5.98,0.0,0.0,0.0,0.4212,30.27,0.0
3672,36.22,9.5,0.0,0.0,26.72,0.4212,0.0,0.0
3673,36.22,16.02,0.0,0.0,20.19,0.2447,0.0,0.0
3674,36.22,18.02,0.0,0.0,0.0,0.1113,18.19,0.0
3675,36.22,14.18,0.0,0.0,16.86,0.1113,5.18,0.0
3676,36.22,7.03,0.0,0.0,0.0,0.0,29.18,0.0
3677,36.22,5.98,0.0,0.0,0.0,0.0,30.23,0.0
3678,36.22,14.18,4.77,0.0,0.0,0.0,17.27,0.0
3679,38.17,22.51,19.46,3.8,0.0,0.0,0.0,0.0
3680,40.04,20.18,27.57,0.0,3.43,0.0227,0.0,11.14
3681,41.77,9.5,60.59,0.0,0.0,0.0,0.0,28.31
3682,43.29,7.03,73.98,6.54,0.0,0.0,0.0,31.19
3683,44.53,12.48,80.49,17.25,0.0,0.039,0.0,31.19
3684,45.45,20.18,88.44,31.99,0.0,0.1418,0.0,31.19
3685,46.02,22.51,89.17,50.0,0.0,0.3325,0.0,15.65
3686,46.22,20.18,80.11,40.1,0.0,0.6306,0.0,13.98
3687,46.02,18.02,65.22,6.03,0.0,0.8696,0.0,31.19
3688,45.45,14.18,47.12,15.84,0.0,0.9056,0.0,0.0
3689,44.53,14.18,24.3,0.0,6.06,1.0,0.0,0.0
3690,43.29,9.5,8.15,0.0,8.42,0.96,17.22,0.0
3691,41.77,4.2,3.48,0.0,34.09,0.9044,0.0,0.0
3692,40.04,2.81,0.0,0.0,37.23,0.6792,0.0,0.0
3693,38.17,2.81,0.0,0.0,35.35,0.4333,0.0,0.0
3694,36.22,2.25,0.0,0.0,2.78,0.1999,31.19,0.0
3695,36.22,2.25,0.0,0.0,2.78,0.1815,31.19,0.0
3696,36.18,2.25,0.0,0.0,2.74,0.1632,31.19,0.0
3697,36.18,1.37,0.0,0.0,3.63,0.1451,31.19,0.0
3698,36.18,0.75,0.0,0.0,4.24,0.1212,31.19,0.0
3699,36.18,0.53,0.0,0.0,4.47,0.0931,31.19,0.0
3700,36.18,0.22,0.0,0.0,4.77,0.0636,31.19,0.0
3701,36.18,0.13,0.0,0.0,4.86,0.0321,31.19,0.0
3702,36.18,0.35,4.81,0.0,0.0,0.0,31.02,0.0
3703,38.13,0.53,20.98,0.0,0.0,0.0,16.62,0.0
3704,40.0,5.98,44.94,10.92,0.0,0.0,0.0,0.0
3705,41.73,10.92,57.89,27.07,0.0,0.0651,0.0,0.0
3706,43.25,14.18,68.1,39.03,0.0,0.2265,0.0,0.0
3707,44.49,18.02,64.64,38.17,0.0,0.4591,0.0,0.0
3708,45.42,25.01,33.58,13.17,0.0,0.6867,0.0,0.0
3709,45.99,27.69,26.53,8.23,0.0,0.7652,0.0,0.0
3710,46.18,27.69,18.55,0.06,0.0,0.8142,0.0,0.0
3711,45.99,25.01,15.95,0.0,5.03,0.8146,0.0,0.0
3712,45.42,22.51,22.92,0.02,0.0,0.7813,0.0,0.0
3713,44.49,18.02,12.35,0.0,11.7,0.7814,2.42,0.0
3714,43.25,9.5,2.63,0.0,0.0,0.7041,31.12,0.0
3715,41.73,4.2,0.66,0.0,36.88,0.7041,0.0,0.0
3716,40.0,2.25,0.0,0.0,6.56,0.4606,31.19,0.0
3717,38.13,2.25,0.0,0.0,35.88,0.4172,0.0,0.0
3718,36.18,2.81,0.0,0.0,2.18,0.1803,31.19,0.0
3719,36.18,3.46,0.0,0.0,1.53,0.1659,31.19,0.0
3720,36.14,3.46,0.0,0.0,1.49,0.1558,31.19,0.0
3721,36.14,2.81,0.0,0.0,2.14,0.1459,31.19,0.0
3722,36.14,1.77,0.0,0.0,3.18,0.1318,31.19,0.0
3723,36.14,1.03,0.0,0.0,3.93,0.1108,31.19,0.0
3724,36.14,0.53,0.0,0.0,4.43,0.0848,31.19,0.0
3725,36.14,0.35,0.0,0.0,4.6,0.0556,31.19,0.0
3726,36.14,0.53,1.6,0.0,2.83,0.0252,31.19,0.0
3727,38.09,0.75,5.17,0.0,0.98,0.0065,31.19,0.0
3728,39.97,2.25,10.33,0.0,0.0,0.0,27.38,0.0
3729,41.7,3.46,29.21,0.0,0.0,0.0,9.03,0.0
3730,43.21,5.98,32.42,0.0,0.0,0.0,4.81,0.0
3731,44.45,12.48,52.64,0.0,0.0,0.0,0.0,20.66
3732,45.38,33.6,53.04,26.18,0.0,0.0,0.0,15.08
3733,45.95,36.82,83.47,43.16,0.0,0.1561,0.0,31.19
3734,46.14,36.82,80.23,39.72,0.0,0.4134,0.0,31.19
3735,45.95,36.82,47.08,37.96,0.0,0.6502,0.0,0.0
3736,45.38,36.82,59.15,19.41,0.0,0.8764,0.0,31.19
3737,44.45,36.82,40.14,1.32,0.0,0.9921,0.0,31.19
3738,43.21,36.82,18.11,0.0,0.0,1.0,0.0,11.73
3739,41.7,25.01,3.75,0.0,12.94,1.0,0.0,0.0
3740,39.97,4.2,0.0,0.0,35.77,0.9146,0.0,0.0
3741,38.09,1.03,0.0,0.0,37.06,0.6783,0.0,0.0
3742,36.14,1.03,0.0,0.0,3.93,0.4335,31.19,0.0
3743,36.14,2.81,0.0,0.0,2.14,0.4076,31.19,0.0
3744,36.1,4.2,0.0,0.0,31.9,0.3935,0.0,0.0
3745,36.1,5.04,0.0,0.0,19.05,0.1828,12.01,0.0
3746,36.1,4.2,0.0,0.0,0.71,0.0569,31.19,0.0
3747,36.1,2.81,0.0,0.0,2.1,0.0522,31.19,0.0
3748,36.1,1.77,0.0,0.0,3.14,0.0383,31.19,0.0
3749,36.1,2.25,0.0,0.0,2.66,0.0176,31.19,0.0
3750,36.1,5.04,2.64,0.0,0.0,0.0,28.42,0.0
3751,38.05,5.98,16.75,0.0,0.0,0.0,15.32,0.0
3752,39.93,9.5,47.19,0.0,0.0,0.0,0.0,16.76
3753,41.66,12.48,70.17,9.8,0.0,0.0,0.0,31.19
3754,43.17,16.02,76.71,18.37,0.0,0.0584,0.0,31.19
3755,44.42,20.18,97.27,41.85,0.0,0.1679,0.0,31.19
3756,45.34,25.01,51.52,0.0,0.0,0.4174,0.0,31.19
3757,45.91,27.69,99.41,50.0,0.0,0.4174,0.0,31.19
3758,46.1,33.6,91.43,47.74,0.0,0.7154,0.0,31.19
3759,45.91,33.6,5.64,0.0,6.67,1.0,0.0,0.0
3760,45.34,27.69,5.72,0.0,11.94,0.956,0.0,0.0
3761,44.42,14.18,38.27,8.03,0.0,0.8771,0.0,0.0
3762,43.17,1.77,17.32,0.0,24.08,0.925,0.0,0.0
3763,41.66,0.01,3.06,0.0,38.59,0.766,0.0,0.0
3764,39.93,0.0,0.0,0.0,31.43,0.5111,8.5,0.0
3765,38.05,0.0,0.0,0.0,6.87,0.3035,31.19,0.0
3766,36.1,0.0,0.0,0.0,4.91,0.2582,31.19,0.0
3767,36.1,0.0,0.0,0.0,4.91,0.2257,31.19,0.0
3768,36.06,0.0,0.0,0.0,4.88,0.1932,31.19,0.0
3769,36.06,0.0,0.0,0.0,4.88,0.161,31.19,0.0
3770,36.06,0.0,0.0,0.0,4.88,0.1288,31.19,0.0
3771,36.06,0.0,0.0,0.0,4.88,0.0966,31.19,0.0
3772,36.06,0.0,0.0,0.0,4.88,0.0644,31.19,0.0
3773,36.06,0.0,0.0,0.0,4.88,0.0322,31.19,0.0
3774,36.06,0.03,5.11,0.0,0.0,0.0,30.93,0.0
3775,38.01,0.53,24.38,0.0,0.0,0.0,13.11,0.0
3776,39.89,0.53,50.14,0.0,0.0,0.0,0.0,10.77
3777,41.62,0.53,71.33,0.0,0.0,0.0,0.0,30.24
3778,43.13,0.75,87.75,14.18,0.0,0.0,0.0,31.19
3779,44.38,1.03,98.61,24.07,0.0,0.0845,0.0,31.19
3780,45.3,1.37,103.59,28.47,0.0,0.228,0.0,31.19
3781,45.87,1.77,103.06,43.39,0.0,0.3977,0.0,15.57
3782,46.06,2.25,96.89,21.89,0.0,0.6563,0.0,31.19
3783,45.87,2.81,84.72,10.48,0.0,0.7868,0.0,31.19
3784,45.3,3.46,67.13,25.29,0.0,0.8493,0.0,0.0
3785,44.38,2.81,44.15,0.0,0.0,1.0,0.0,2.58
3786,43.13,0.53,17.93,0.0,24.67,1.0,0.0,0.0
3787,41.62,0.0,3.07,0.0,38.55,0.837,0.0,0.0
3788,39.89,0.0,0.0,0.0,11.76,0.5824,28.13,0.0
3789,38.01,0.0,0.0,0.0,6.83,0.5048,31.19,0.0
3790,36.06,0.0,0.0,0.0,36.06,0.4597,0.0,0.0
3791,36.06,0.01,0.0,0.0,4.87,0.2215,31.19,0.0
3792,36.02,0.07,0.0,0.0,4.77,0.1894,31.19,0.0
3793,36.02,0.13,0.0,0.0,4.71,0.1579,31.19,0.0
3794,36.02,0.13,0.0,0.0,4.71,0.1268,31.19,0.0
3795,36.02,0.03,0.0,0.0,4.81,0.0957,31.19,0.0
3796,36.02,0.0,0.0,0.0,4.84,0.0639,31.19,0.0
3797,36.02,0.0,0.0,0.0,4.84,0.0319,31.19,0.0
3798,36.02,0.03,5.54,0.0,0.0,0.0,30.45,0.0
3799,37.97,0.13,23.64,0.0,0.0,0.0,14.2,0.0
3800,39.85,0.01,48.28,0.0,0.0,0.0,0.0,8.43
3801,41.58,0.0,68.02,0.0,0.0,0.0,0.0,26.44
3802,43.09,0.0,82.36,8.08,0.0,0.0,0.0,31.19
3803,44.34,0.0,92.86,17.34,0.0,0.0482,0.0,31.19
3804,45.26,0.0,98.21,21.76,0.0,0.1515,0.0,31.19
3805,45.83,0.07,97.86,31.32,0.0,0.2812,0.0,20.77
3806,46.02,0.13,91.35,45.46,0.0,0.4679,0.0,0.0
3807,45.83,0.35,77.94,32.46,0.0,0.7389,0.0,0.0
3808,45.26,1.03,55.58,11.35,0.0,0.9324,0.0,0.0
3809,44.34,1.37,38.59,0.0,4.39,1.0,0.0,0.0
3810,43.09,0.22,18.23,0.0,24.65,0.971,0.0,0.0
3811,41.58,0.0,3.63,0.0,37.94,0.8082,0.0,0.0
3812,39.85,0.0,0.0,0.0,8.66,0.5576,31.19,0.0
3813,37.97,0.0,0.0,0.0,37.25,0.5004,0.72,0.0
3814,36.02,0.0,0.0,0.0,4.84,0.2544,31.19,0.0
3815,36.02,0.0,0.0,0.0,4.84,0.2224,31.19,0.0
3816,35.98,0.01,0.0,0.0,4.79,0.1905,31.19,0.0
3817,35.98,0.0,0.0,0.0,4.8,0.1588,31.19,0.0
3818,35.98,0.0,0.0,0.0,4.8,0.1272,31.19,0.0
3819,35.98,0.0,0.0,0.0,4.8,0.0955,31.19,0.0
3820,35.98,0.0,0.0,0.0,4.8,0.0638,31.19,0.0
3821,35.98,0.0,0.0,0.0,4.8,0.0321,31.19,0.0
3822,35.98,0.0,4.74,0.0,0.06,0.0004,31.19,0.0
3823,37.93,0.0,18.72,0.0,0.0,0.0,19.21,0.0
3824,39.81,0.01,30.98,0.0,0.0,0.0,8.82,0.0
3825,41.54,0.53,19.03,0.0,0.0,0.0,21.98,0.0
3826,43.06,1.77,47.51,6.22,0.0,0.0,0.0,0.0
3827,44.3,5.04,38.38,0.0,0.88,0.0371,0.0,0.0
3828,45.22,9.5,67.09,31.37,0.0,0.0313,0.0,0.0
3829,45.79,12.48,55.58,22.27,0.0,0.2183,0.0,0.0
3830,45.98,10.92,75.35,40.28,0.0,0.351,0.0,0.0
3831,45.79,5.04,8.88,0.0,0.69,0.5911,31.19,0.0
3832,45.22,1.77,14.86,0.0,18.58,0.5866,10.01,0.0
3833,44.3,1.03,7.62,0.0,4.46,0.4639,31.19,0.0
3834,43.06,0.35,6.75,0.0,4.77,0.4344,31.19,0.0
3835,41.54,0.01,2.85,0.0,7.5,0.4029,31.19,0.0
3836,39.81,0.0,0.0,0.0,8.62,0.3534,31.19,0.0
3837,37.93,0.0,0.0,0.0,6.75,0.2964,31.19,0.0
3838,35.98,0.0,0.0,0.0,4.8,0.2519,31.19,0.0
3839,35.98,0.0,0.0,0.0,4.8,0.2202,31.19,0.0
3840,35.94,0.0,0.0,0.0,4.76,0.1885,31.19,0.0
3841,35.94,0.0,0.0,0.0,4.76,0.1571,31.19,0.0
3842,35.94,0.0,0.0,0.0,4.76,0.1256,31.19,0.0
3843,35.94,0.0,0.0,0.0,4.76,0.0942,31.19,0.0
3844,35.94,0.0,0.0,0.0,4.76,0.0628,31.19,0.0
3845,35.94,0.01,0.0,0.0,4.75,0.0314,31.19,0.0
3846,35.94,0.75,6.21,0.0,0.0,0.0,28.99,0.0
3847,37.9,1.77,23.33,0.0,0.0,0.0,12.79,0.0
3848,39.77,0.75,46.07,0.0,0.0,0.0,0.0,7.04
3849,41.5,0.75,66.37,0.0,0.0,0.0,0.0,25.61
3850,43.02,1.37,82.85,10.01,0.0,0.0,0.0,31.19
3851,44.26,2.25,94.21,21.01,0.0,0.0597,0.0,31.19
3852,45.18,3.46,99.37,26.46,0.0,0.1849,0.0,31.19
3853,45.75,4.2,98.68,25.94,0.0,0.3427,0.0,31.19
3854,45.94,5.98,92.25,50.0,0.0,0.4973,0.0,2.29
3855,45.75,8.2,79.08,10.35,0.0,0.7954,0.0,31.19
3856,45.18,9.5,60.04,23.99,0.0,0.857,0.0,0.37
3857,44.26,5.04,37.32,0.0,1.9,1.0,0.0,0.0
3858,43.02,0.35,14.67,0.0,27.99,0.9874,0.0,0.0
3859,41.5,0.0,3.94,0.0,6.37,0.8026,31.19,0.0
3860,39.77,0.0,0.0,0.0,39.77,0.7605,0.0,0.0
3861,37.9,0.0,0.0,0.0,6.71,0.4978,31.19,0.0
3862,35.94,0.0,0.0,0.0,35.6,0.4535,0.34,0.0
3863,35.94,0.0,0.0,0.0,4.76,0.2184,31.19,0.0
3864,35.9,0.0,0.0,0.0,4.72,0.1869,31.19,0.0
3865,35.9,0.0,0.0,0.0,4.72,0.1558,31.19,0.0
3866,35.9,0.0,0.0,0.0,4.72,0.1246,31.19,0.0
3867,35.9,0.0,0.0,0.0,4.72,0.0935,31.19,0.0
3868,35.9,0.0,0.0,0.0,4.72,0.0623,31.19,0.0
3869,35.9,0.0,0.0,0.0,4.72,0.0312,31.19,0.0
3870,35.9,0.03,5.95,0.0,0.0,0.0,29.92,0.0
3871,37.86,0.22,20.8,0.0,0.0,0.0,16.83,0.0
3872,39.73,0.53,42.86,3.65,0.0,0.0,0.0,0.0
3873,41.46,2.25,61.9,3.97,0.0,0.0218,0.0,18.72
3874,42.98,4.2,77.47,7.51,0.0,0.0454,0.0,31.19
3875,44.22,2.81,88.58,47.18,0.0,0.0902,0.0,0.0
3876,45.14,2.25,93.15,50.0,0.0,0.3714,0.0,0.26
3877,45.71,1.77,86.06,42.12,0.0,0.6695,0.0,0.0
3878,45.9,1.77,55.54,11.41,0.0,0.9205,0.0,0.0
3879,45.71,1.77,40.49,0.0,3.44,0.9886,0.0,0.0
3880,45.14,1.37,49.51,5.74,0.0,0.9658,0.0,0.0
3881,44.22,0.75,34.95,0.0,8.52,1.0,0.0,0.0
3882,42.98,0.03,17.99,0.0,24.95,0.9437,0.0,0.0
3883,41.46,0.0,3.97,0.0,6.31,0.7789,31.19,0.0
3884,39.73,0.22,0.0,0.0,39.51,0.7373,0.0,0.0
3885,37.86,1.77,0.0,0.0,36.08,0.4763,0.0,0.0
3886,35.9,3.46,0.0,0.0,9.59,0.238,22.86,0.0
3887,35.9,3.46,0.0,0.0,1.26,0.1747,31.19,0.0
3888,35.86,1.77,0.0,0.0,2.91,0.1664,31.19,0.0
3889,35.86,0.53,0.0,0.0,4.15,0.1472,31.19,0.0
3890,35.86,0.22,0.0,0.0,4.46,0.1198,31.19,0.0
3891,35.86,0.07,0.0,0.0,4.61,0.0904,31.19,0.0
3892,35.86,0.07,0.0,0.0,4.61,0.0599,31.19,0.0
3893,35.86,0.22,0.0,0.0,4.46,0.0294,31.19,0.0
3894,35.86,0.53,5.66,0.0,0.0,0.0,29.67,0.0
3895,37.81,0.75,22.62,0.0,0.0,0.0,14.45,0.0
3896,39.69,1.03,45.58,0.0,0.0,0.0,0.0,6.91
3897,41.42,0.53,65.46,0.0,0.0,0.0,0.0,24.57
3898,42.94,0.35,80.61,6.84,0.0,0.0,0.0,31.19
3899,44.18,0.75,89.22,14.6,0.0,0.0408,0.0,31.19
3900,45.1,1.77,95.97,50.0,0.0,0.1278,0.0,2.64
3901,45.67,2.81,95.84,41.25,0.0,0.4259,0.0,11.74
3902,45.86,2.81,90.16,47.11,0.0,0.6717,0.0,0.0
3903,45.67,1.77,76.32,1.24,0.0,0.9525,0.0,31.19
3904,45.1,0.53,51.3,6.73,0.0,0.9599,0.0,0.0
3905,44.18,0.07,39.35,0.0,4.77,1.0,0.0,0.0
3906,42.94,0.0,18.59,0.0,24.35,0.9685,0.0,0.0
3907,41.42,0.0,4.17,0.0,37.25,0.8077,0.0,0.0
3908,39.69,0.0,0.0,0.0,39.69,0.5616,0.0,0.0
3909,37.81,0.0,0.0,0.0,6.63,0.2995,31.19,0.0
3910,35.86,0.0,0.0,0.0,6.04,0.2557,29.83,0.0
3911,35.86,0.0,0.0,0.0,4.68,0.2158,31.19,0.0
3912,35.82,0.0,0.0,0.0,4.64,0.185,31.19,0.0
3913,35.82,0.0,0.0,0.0,4.64,0.1543,31.19,0.0
3914,35.82,0.0,0.0,0.0,4.64,0.1237,31.19,0.0
3915,35.82,0.0,0.0,0.0,4.64,0.0931,31.19,0.0
3916,35.82,0.0,0.0,0.0,4.64,0.0624,31.19,0.0
3917,35.82,0.0,0.0,0.0,4.64,0.0318,31.19,0.0
3918,35.82,0.0,4.46,0.0,0.18,0.0012,31.19,0.0
3919,37.77,0.0,21.67,0.0,0.0,0.0,16.11,0.0
3920,39.65,0.03,39.54,0.0,0.0,0.0,0.08,0.0
3921,41.38,0.53,48.3,0.0,0.0,0.0,0.0,7.45
3922,42.89,2.81,61.14,0.0,0.0,0.0,0.0,21.06
3923,44.14,4.2,80.81,9.69,0.0,0.0,0.0,31.19
3924,45.06,4.2,98.2,50.0,0.0,0.0578,0.0,7.33
3925,45.63,4.2,94.44,50.0,0.0,0.3558,0.0,3.01
3926,45.82,4.2,82.08,38.27,0.0,0.6538,0.0,2.19
3927,45.63,5.04,57.53,16.94,0.0,0.8819,0.0,0.0
3928,45.06,5.04,42.89,2.87,0.0,0.9829,0.0,0.0
3929,44.14,3.46,30.45,0.0,10.22,1.0,0.0,0.0
3930,42.89,0.53,14.26,0.0,0.0,0.9325,28.11,0.0
3931,41.38,0.01,2.64,0.0,7.55,0.9325,31.19,0.0
3932,39.65,0.03,0.0,0.0,39.62,0.8826,0.0,0.0
3933,37.77,0.03,0.0,0.0,17.01,0.6209,20.74,0.0
3934,35.82,0.01,0.0,0.0,35.82,0.5086,0.0,0.0
3935,35.82,0.0,0.0,0.0,4.64,0.272,31.19,0.0
3936,35.78,0.0,0.0,0.0,4.6,0.2414,31.19,0.0
3937,35.78,0.01,0.0,0.0,4.59,0.211,31.19,0.0
3938,35.78,0.13,0.0,0.0,4.47,0.1807,31.19,0.0
3939,35.78,0.53,0.0,0.0,4.07,0.1512,31.19,0.0
3940,35.78,0.53,0.0,0.0,4.07,0.1243,31.19,0.0
3941,35.78,1.37,0.0,0.0,3.23,0.0975,31.19,0.0
3942,35.78,2.81,5.55,0.0,0.0,0.0761,27.42,0.0
3943,37.73,3.46,22.75,0.0,11.52,0.0761,0.0,0.0
3944,39.61,7.03,35.53,0.0,0.0,0.0,0.0,2.96
3945,41.34,8.2,51.39,0.0,0.0,0.0,0.0,18.26
3946,42.85,10.92,69.51,6.39,0.0,0.0,0.0,31.19
3947,44.1,16.02,81.55,22.29,0.0,0.0381,0.0,31.19
3948,45.02,20.18,90.91,34.89,0.0,0.171,0.0,31.19
3949,45.59,20.18,92.82,36.23,0.0,0.3789,0.0,31.19
3950,45.78,20.18,90.99,34.21,0.0,0.5949,0.0,31.19
3951,45.59,20.18,78.65,22.55,0.0,0.7988,0.0,30.69
3952,45.02,22.51,33.72,11.21,0.0,0.9332,0.0,0.0
3953,44.1,22.51,33.75,0.0,0.0,1.0,0.0,12.16
3954,42.85,20.18,15.68,0.0,0.0,1.0,6.99,0.0
3955,41.34,16.02,4.02,0.0,21.3,1.0,0.0,0.0
3956,39.61,12.48,0.0,0.0,27.13,0.8593,0.0,0.0
3957,37.73,7.03,0.0,0.0,30.7,0.6801,0.0,0.0
3958,35.78,3.46,0.0,0.0,32.32,0.4774,0.0,0.0
3959,35.78,1.77,0.0,0.0,2.82,0.2639,31.19,0.0
3960,35.74,0.75,0.0,0.0,14.61,0.2453,20.39,0.0
3961,35.74,0.22,0.0,0.0,4.33,0.1488,31.19,0.0
3962,35.74,0.03,0.0,0.0,4.53,0.1202,31.19,0.0
3963,35.74,0.0,0.0,0.0,4.55,0.0903,31.19,0.0
3964,35.74,0.0,0.0,0.0,4.56,0.0602,31.19,0.0
3965,35.74,0.0,0.0,0.0,4.56,0.0301,31.19,0.0
3966,35.74,0.0,5.03,0.0,0.0,0.0,30.71,0.0
3967,37.69,0.0,19.48,0.0,0.0,0.0,18.21,0.0
3968,39.57,0.0,44.19,0.0,0.0,0.0,0.0,4.63
3969,41.3,0.35,63.36,0.0,0.0,0.0,0.0,22.41
3970,42.81,1.37,82.1,9.46,0.0,0.0,0.0,31.19
3971,44.06,4.2,95.49,24.45,0.0,0.0564,0.0,31.19
3972,44.98,10.92,99.91,34.67,0.0,0.2021,0.0,31.19
3973,45.55,20.18,83.85,27.3,0.0,0.4088,0.0,31.19
3974,45.74,27.69,61.52,12.28,0.0,0.5715,0.0,31.19
3975,45.55,30.55,66.83,21.83,0.0,0.6447,0.0,30.0
3976,44.98,22.51,60.25,37.78,0.0,0.7748,0.0,0.0
3977,44.06,16.02,43.84,0.0,0.0,1.0,0.0,15.8
3978,42.81,4.2,18.73,0.0,19.89,1.0,0.0,0.0
3979,41.3,0.22,3.54,0.0,6.35,0.8687,31.19,0.0
3980,39.57,0.01,0.0,0.0,39.56,0.8267,0.0,0.0
3981,37.69,0.01,0.0,0.0,6.5,0.5654,31.19,0.0
3982,35.74,0.01,0.0,0.0,35.73,0.5225,0.0,0.0
3983,35.74,0.01,0.0,0.0,4.55,0.2865,31.19,0.0
3984,35.7,0.0,0.0,0.0,4.51,0.2565,31.19,0.0
3985,35.7,0.0,0.0,0.0,16.26,0.2267,19.44,0.0
3986,35.7,0.0,0.0,0.0,4.51,0.1193,31.19,0.0
3987,35.7,0.0,0.0,0.0,4.51,0.0894,31.19,0.0
3988,35.7,0.0,0.0,0.0,4.51,0.0596,31.19,0.0
3989,35.7,0.0,0.0,0.0,4.51,0.0298,31.19,0.0
3990,35.7,0.0,4.87,0.0,0.0,0.0,30.83,0.0
3991,37.65,0.03,23.49,0.0,0.0,0.0,14.14,0.0
3992,39.53,1.37,48.63,0.0,0.0,0.0,0.0,10.47
3993,41.26,4.2,70.36,2.12,0.0,0.0,0.0,31.19
3994,42.77,7.03,87.06,20.13,0.0,0.0126,0.0,31.19
3995,44.02,7.03,97.45,29.28,0.0,0.1326,0.0,31.19
3996,44.94,5.98,102.53,32.39,0.0,0.3072,0.0,31.19
3997,45.51,4.2,101.25,28.76,0.0,0.5002,0.0,31.19
3998,45.7,3.46,94.57,24.26,0.0,0.6717,0.0,28.07
3999,45.51,2.81,82.57,8.69,0.0,0.8163,0.0,31.19
4000,44.94,1.77,65.31,22.14,0.0,0.868,0.0,0.0
4001,44.02,1.37,43.29,0.0,0.0,1.0,0.0,0.64
4002,42.77,0.35,18.72,0.0,23.7,1.0,0.0,0.0
4003,41.26,0.01,3.65,0.0,37.6,0.8434,0.0,0.0
4004,39.53,0.01,0.0,0.0,8.33,0.5951,31.19,0.0
4005,37.65,0.03,0.0,0.0,20.44,0.5401,17.18,0.0
4006,35.7,0.22,0.0,0.0,35.48,0.4051,0.0,0.0
4007,35.7,0.75,0.0,0.0,3.77,0.1708,31.19,0.0
4008,35.66,1.37,0.0,0.0,3.11,0.1459,31.19,0.0
4009,35.66,1.37,0.0,0.0,3.11,0.1253,31.19,0.0
4010,35.66,0.75,0.0,0.0,3.72,0.1048,31.19,0.0
4011,35.66,0.53,0.0,0.0,3.95,0.0802,31.19,0.0
4012,35.66,0.22,0.0,0.0,4.25,0.0542,31.19,0.0
4013,35.66,0.53,0.0,0.0,3.95,0.0261,31.19,0.0
4014,35.66,2.25,4.86,0.0,0.0,0.0,28.55,0.0
4015,37.61,3.46,20.61,0.0,0.0,0.0,13.54,0.0
4016,39.49,5.98,43.27,0.0,0.0,0.0,0.0,9.77
4017,41.21,3.46,62.8,0.0,0.0,0.0,0.0,25.05
4018,42.73,1.37,77.45,4.9,0.0,0.0,0.0,31.19
4019,43.97,0.53,90.56,15.93,0.0,0.0292,0.0,31.19
4020,44.9,0.22,96.83,40.72,0.0,0.1241,0.0,11.44
4021,45.47,0.35,89.64,44.53,0.0,0.3669,0.0,0.0
4022,45.66,0.35,72.41,27.1,0.0,0.6323,0.0,0.0
4023,45.47,0.13,66.84,21.5,0.0,0.7939,0.0,0.0
4024,44.9,0.13,57.85,13.08,0.0,0.922,0.0,0.0
4025,43.97,0.22,38.52,0.0,5.23,1.0,0.0,0.0
4026,42.73,0.03,18.46,0.0,0.0,0.9654,24.24,0.0
4027,41.21,0.0,3.93,0.0,37.28,0.9654,0.0,0.0
4028,39.49,0.22,0.0,0.0,28.5,0.7192,10.77,0.0
4029,37.61,2.81,0.0,0.0,34.8,0.531,0.0,0.0
4030,35.66,7.03,0.0,0.0,28.62,0.3012,0.0,0.0
4031,35.66,8.2,0.0,0.0,0.0,0.1121,27.45,0.0
4032,35.62,5.04,0.0,0.0,0.0,0.1121,30.58,0.0
4033,35.62,2.25,0.0,0.0,2.18,0.1121,31.19,0.0
4034,35.62,1.03,0.0,0.0,3.41,0.0977,31.19,0.0
4035,35.62,0.53,0.0,0.0,3.91,0.0752,31.19,0.0
4036,35.62,0.35,0.0,0.0,4.08,0.0494,31.19,0.0
4037,35.62,1.03,0.0,0.0,3.41,0.0225,31.19,0.0
4038,35.62,2.25,4.23,0.0,0.0,0.0,29.13,0.0
4039,37.57,2.81,16.16,0.0,0.0,0.0,18.59,0.0
4040,39.44,0.53,39.34,0.0,0.0,0.0,0.0,0.42
4041,41.17,0.35,56.38,0.0,0.0,0.0,0.0,15.56
4042,42.69,0.53,70.82,0.0,0.0,0.0,0.0,28.66
4043,43.93,0.22,77.48,31.37,0.0,0.0,0.0,2.41
4044,44.86,0.01,90.4,45.55,0.0,0.187,0.0,0.0
4045,45.43,0.0,88.99,43.57,0.0,0.4585,0.0,0.0
4046,45.62,0.0,85.8,40.19,0.0,0.7182,0.0,0.0
4047,45.43,0.0,38.68,0.0,6.75,0.9577,0.0,0.0
4048,44.86,0.0,59.42,14.56,0.0,0.9132,0.0,0.0
4049,43.93,0.0,4.86,0.0,39.08,1.0,0.0,0.0
4050,42.69,0.0,13.48,0.0,29.21,0.7419,0.0,0.0
4051,41.17,0.0,4.01,0.0,37.16,0.549,0.0,0.0
4052,39.44,0.0,0.0,0.0,29.23,0.3036,10.22,0.0
4053,37.57,0.01,0.0,0.0,6.37,0.1105,31.19,0.0
4054,35.62,0.35,0.0,0.0,4.08,0.0684,31.19,0.0
4055,35.62,1.77,0.0,0.0,2.66,0.0415,31.19,0.0
4056,35.58,3.46,0.0,0.0,0.93,0.0239,31.19,0.0
4057,35.58,3.46,0.0,0.0,0.93,0.0178,31.19,0.0
4058,35.58,2.81,0.0,0.0,1.58,0.0116,31.19,0.0
4059,35.58,4.2,0.0,0.0,0.19,0.0012,31.19,0.0
4060,35.58,20.18,0.0,0.0,0.0,0.0,15.39,0.0
4061,35.58,36.82,0.0,1.25,0.0,0.0,0.0,0.0
4062,35.58,36.82,5.39,6.64,0.0,0.0074,0.0,0.0
4063,37.53,36.82,19.26,18.56,0.0,0.047,0.0,0.0
4064,39.4,36.82,34.87,32.29,0.0,0.1576,0.0,0.0
4065,41.13,27.69,34.93,21.49,0.0,0.3501,0.0,0.0
4066,42.65,2.81,19.61,0.0,20.23,0.4782,0.0,0.0
4067,43.89,0.03,12.45,0.0,31.41,0.3446,0.0,0.0
4068,44.81,0.13,75.05,30.36,0.0,0.1371,0.0,0.0
4069,45.38,3.46,13.91,0.0,28.01,0.3181,0.0,0.0
4070,45.58,7.03,93.03,50.0,0.0,0.1331,0.0,4.49
4071,45.38,9.5,83.05,47.16,0.0,0.4311,0.0,0.0
4072,44.81,9.5,66.05,30.73,0.0,0.7123,0.0,0.0
4073,43.89,8.2,43.38,7.69,0.0,0.8955,0.0,0.0
4074,42.65,1.37,19.54,0.0,21.75,0.9413,0.0,0.0
4075,41.13,0.0,4.66,0.0,36.47,0.7977,0.0,0.0
4076,39.4,0.0,0.0,0.0,39.4,0.5568,0.0,0.0
4077,37.53,0.0,0.0,0.0,10.04,0.2965,27.49,0.0
4078,35.58,0.0,0.0,0.0,4.39,0.2302,31.19,0.0
4079,35.58,0.0,0.0,0.0,4.39,0.2012,31.19,0.0
4080,35.53,0.0,0.0,0.0,4.35,0.1722,31.19,0.0
4081,35.53,0.0,0.0,0.0,4.35,0.1435,31.19,0.0
4082,35.53,0.0,0.0,0.0,4.35,0.1148,31.19,0.0
4083,35.53,0.0,0.0,0.0,4.35,0.0861,31.19,0.0
4084,35.53,0.01,0.0,0.0,4.34,0.0574,31.19,0.0
4085,35.53,0.0,0.0,0.0,4.35,0.0287,31.19,0.0
4086,35.53,0.13,5.3,0.0,0.0,0.0,30.11,0.0
4087,37.48,1.37,23.14,0.0,0.0,0.0,12.98,0.0
4088,39.36,3.46,47.84,0.0,0.0,0.0,0.0,11.94
4089,41.09,3.4,68.87,0.0,0.0,0.0,0.0,31.19
4090,42.6,9.5,64.92,0.63,0.0,0.0,0.0,31.19
4091,43.85,16.02,59.01,0.0,0.0,0.0037,0.0,31.19
4092,44.77,22.51,101.49,48.04,0.0,0.0037,0.0,31.19
4093,45.34,27.69,92.99,44.15,0.0,0.2901,0.0,31.19
4094,45.53,30.55,83.01,36.84,0.0,0.5533,0.0,31.19
4095,45.34,30.55,72.36,26.38,0.0,0.7729,0.0,31.19
4096,44.77,22.51,65.18,11.73,0.0,0.9301,0.0,31.19
4097,43.85,9.5,43.49,0.0,0.0,1.0,0.0,9.14
4098,42.6,1.03,18.49,0.0,23.09,1.0,0.0,0.0
4099,41.09,0.13,4.0,0.0,36.96,0.8475,0.0,0.0
4100,39.36,0.22,0.0,0.0,39.14,0.6034,0.0,0.0
4101,37.48,0.53,0.0,0.0,18.98,0.3449,17.98,0.0
4102,35.53,0.53,0.0,0.0,3.82,0.2196,31.19,0.0
4103,35.53,0.22,0.0,0.0,4.13,0.1943,31.19,0.0
4104,35.49,0.22,0.0,0.0,4.08,0.1671,31.19,0.0
4105,35.49,0.13,0.0,0.0,4.18,0.1401,31.19,0.0
4106,35.49,0.07,0.0,0.0,4.24,0.1125,31.19,0.0
4107,35.49,0.03,0.0,0.0,4.28,0.0845,31.19,0.0
4108,35.49,0.03,0.0,0.0,4.28,0.0563,31.19,0.0
4109,35.49,0.07,0.0,0.0,4.24,0.028,31.19,0.0
4110,35.49,0.35,4.69,0.0,0.0,0.0,30.44,0.0
4111,37.44,0.35,16.15,0.0,0.0,0.0,20.94,0.0
4112,39.32,0.03,15.4,0.0,0.0,0.0,23.89,0.0
4113,41.05,0.53,43.15,2.63,0.0,0.0,0.0,0.0
4114,42.56,2.81,46.72,6.97,0.0,0.0157,0.0,0.0
4115,43.81,5.04,75.08,36.31,0.0,0.0572,0.0,0.0
4116,44.73,5.04,98.2,50.0,0.0,0.2737,0.0,8.51
4117,45.3,5.98,69.5,30.18,0.0,0.5717,0.0,0.0
4118,45.49,7.03,43.23,4.77,0.0,0.7517,0.0,0.0
4119,45.3,10.92,24.93,0.0,9.45,0.7801,0.0,0.0
4120,44.73,12.48,31.58,0.0,0.67,0.7177,0.0,0.0
4121,43.81,10.92,34.12,1.23,0.0,0.7133,0.0,0.0
4122,42.56,3.46,19.37,0.0,19.73,0.7206,0.0,0.0
4123,41.05,0.22,4.38,0.0,36.44,0.5903,0.0,0.0
4124,39.32,0.0,0.0,0.0,12.39,0.3496,26.93,0.0
4125,37.44,0.0,0.0,0.0,6.26,0.2678,31.19,0.0
4126,35.49,0.0,0.0,0.0,4.3,0.2265,31.19,0.0
4127,35.49,0.0,0.0,0.0,4.3,0.1981,31.19,0.0
4128,35.45,0.0,0.0,0.0,4.26,0.1696,31.19,0.0
4129,35.45,0.0,0.0,0.0,4.26,0.1415,31.19,0.0
4130,35.45,0.0,0.0,0.0,4.26,0.1133,31.19,0.0
4131,35.45,0.0,0.0,0.0,4.26,0.0852,31.19,0.0
4132,35.45,0.0,0.0,0.0,4.26,0.057,31.19,0.0
4133,35.45,0.0,0.0,0.0,4.26,0.0289,31.19,0.0
4134,35.45,0.0,4.15,0.0,0.11,0.0007,31.19,0.0
4135,37.4,0.0,22.48,0.0,0.0,0.0,14.92,0.0
4136,39.28,1.03,47.82,0.0,0.0,0.0,0.0,9.57
4137,41.01,8.2,69.65,5.66,0.0,0.0,0.0,31.19
4138,42.52,27.69,46.02,0.0,0.0,0.0337,0.0,31.19
4139,43.76,36.82,38.13,0.0,0.0,0.0337,0.0,31.19
4140,44.69,36.82,82.67,43.62,0.0,0.0337,0.0,31.19
4141,45.26,36.82,43.63,4.01,0.0,0.2938,0.0,31.19
4142,45.45,36.82,85.6,45.79,0.0,0.3177,0.0,31.19
4143,45.26,36.82,79.5,39.88,0.0,0.5906,0.0,31.19
4144,44.69,36.82,65.64,26.59,0.0,0.8283,0.0,31.19
4145,43.76,36.82,40.34,2.21,0.0,0.9868,0.0,31.19
4146,42.52,36.82,19.44,0.0,0.0,1.0,0.0,13.74
4147,41.01,22.51,4.55,0.0,13.95,1.0,0.0,0.0
4148,39.28,5.04,0.0,0.0,34.24,0.9079,0.0,0.0
4149,37.4,1.77,0.0,0.0,35.63,0.6817,0.0,0.0
4150,35.45,0.53,0.0,0.0,34.92,0.4464,0.0,0.0
4151,35.45,0.13,0.0,0.0,4.13,0.2158,31.19,0.0
4152,35.41,0.07,0.0,0.0,4.15,0.1885,31.19,0.0
4153,35.41,0.07,0.0,0.0,4.15,0.161,31.19,0.0
4154,35.41,0.22,0.0,0.0,4.0,0.1336,31.19,0.0
4155,35.41,0.75,0.0,0.0,3.47,0.1072,31.19,0.0
4156,35.41,1.03,0.0,0.0,3.19,0.0842,31.19,0.0
4157,35.41,4.2,0.0,0.0,0.02,0.0631,31.19,0.0
4158,35.41,20.18,5.31,0.0,9.54,0.063,0.38,0.0
4159,37.36,30.55,22.74,0.0,0.0,0.0,0.0,15.93
4160,39.23,28.86,41.56,0.0,0.0,0.0,0.0,31.19
4161,40.96,19.15,53.0,0.0,0.0,0.0,0.0,31.19
4162,42.48,36.82,36.84,0.0,0.0,0.0,0.0,31.19
4163,43.72,36.82,73.42,35.34,0.0,0.0,0.0,31.19
4164,44.65,36.82,45.96,6.95,0.0,0.2106,0.0,31.19
4165,45.21,36.82,73.23,33.66,0.0,0.2521,0.0,31.19
4166,45.41,36.82,50.15,10.38,0.0,0.4527,0.0,31.19
4167,45.21,36.82,86.58,47.0,0.0,0.5145,0.0,31.19
4168,44.65,36.82,68.33,29.32,0.0,0.7947,0.0,31.19
4169,43.72,36.82,43.2,5.12,0.0,0.9695,0.0,31.19
4170,42.48,36.82,19.68,0.0,0.0,1.0,0.0,14.02
4171,40.96,12.48,3.93,0.0,24.56,1.0,0.0,0.0
4172,39.23,0.75,0.0,0.0,38.49,0.8378,0.0,0.0
4173,37.36,0.13,0.0,0.0,25.01,0.5836,12.22,0.0
4174,35.41,0.03,0.0,0.0,4.19,0.4184,31.19,0.0
4175,35.41,0.03,0.0,0.0,35.38,0.3907,0.0,0.0
4176,35.36,0.07,0.0,0.0,4.11,0.157,31.19,0.0
4177,35.36,0.13,0.0,0.0,4.05,0.1299,31.19,0.0
4178,35.36,0.13,0.0,0.0,4.05,0.1031,31.19,0.0
4179,35.36,0.22,0.0,0.0,3.96,0.0764,31.19,0.0
4180,35.36,0.22,0.0,0.0,3.96,0.0503,31.19,0.0
4181,35.36,0.53,0.0,0.0,3.65,0.0241,31.19,0.0
4182,35.36,5.04,3.8,0.0,0.0,0.0,26.52,0.0
4183,37.32,14.18,22.97,0.0,0.0,0.0,0.17,0.0
4184,39.19,20.26,50.12,0.0,0.0,0.0,0.0,31.19
4185,40.92,36.82,35.28,0.0,0.0,0.0,0.0,31.19
4186,42.44,36.82,36.8,0.0,0.0,0.0,0.0,31.19
4187,43.68,36.82,38.04,0.0,0.0,0.0,0.0,31.19
4188,44.6,36.82,38.97,0.0,0.0,0.0,0.0,31.19
4189,45.17,36.82,84.41,44.88,0.0,0.0,0.0,31.19
4190,45.36,36.82,89.73,50.0,0.0,0.2675,0.0,31.19
4191,45.17,36.82,76.21,36.67,0.0,0.5656,0.0,31.19
4192,44.6,36.82,67.78,28.81,0.0,0.7841,0.0,31.19
4193,43.68,36.82,45.44,7.4,0.0,0.9559,0.0,31.19
4194,42.44,16.02,19.11,0.0,7.3,1.0,0.0,0.0
4195,40.92,0.53,2.67,0.0,37.73,0.9518,0.0,0.0
4196,39.19,0.0,0.0,0.0,39.19,0.7026,0.0,0.0
4197,37.32,0.0,0.0,0.0,6.13,0.4438,31.19,0.0
4198,35.36,0.0,0.0,0.0,31.49,0.4033,3.88,0.0
4199,35.36,0.0,0.0,0.0,4.18,0.1953,31.19,0.0
4200,35.32,0.0,0.0,0.0,4.14,0.1677,31.19,0.0
4201,35.32,0.0,0.0,0.0,4.14,0.1404,31.19,0.0
4202,35.32,0.0,0.0,0.0,4.14,0.1131,31.19,0.0
4203,35.32,0.0,0.0,0.0,4.14,0.0858,31.19,0.0
4204,35.32,0.0,0.0,0.0,4.14,0.0584,31.19,0.0
4205,35.32,0.0,0.0,0.0,4.14,0.0311,31.19,0.0
4206,35.32,0.0,3.56,0.0,0.58,0.0038,31.19,0.0
4207,37.27,0.0,22.44,0.0,0.0,0.0,14.83,0.0
4208,39.15,0.07,48.96,0.0,0.0,0.0,0.0,9.87
4209,40.88,1.37,71.48,0.78,0.0,0.0,0.0,31.19
4210,42.39,2.81,88.04,17.28,0.0,0.0047,0.0,31.19
4211,43.64,4.2,99.07,28.45,0.0,0.1076,0.0,31.19
4212,44.56,5.04,104.38,33.67,0.0,0.2772,0.0,31.19
4213,45.13,7.03,103.74,34.46,0.0,0.4779,0.0,31.19
4214,45.32,8.2,97.28,28.98,0.0,0.6834,0.0,31.19
4215,45.13,9.5,85.4,18.58,0.0,0.8561,0.0,31.19
4216,44.56,9.5,68.25,5.56,0.0,0.9669,0.0,27.62
4217,43.64,8.2,45.58,0.0,0.0,1.0,0.0,10.14
4218,42.39,1.37,19.57,0.0,21.46,1.0,0.0,0.0
4219,40.88,0.03,3.11,0.0,37.74,0.8582,0.0,0.0
4220,39.15,0.01,0.0,0.0,39.14,0.609,0.0,0.0
4221,37.27,0.03,0.0,0.0,6.06,0.3505,31.19,0.0
4222,35.32,0.07,0.0,0.0,4.07,0.3104,31.19,0.0
4223,35.32,0.13,0.0,0.0,18.54,0.2836,16.65,0.0
4224,35.28,0.13,0.0,0.0,3.96,0.1611,31.19,0.0
4225,35.28,0.07,0.0,0.0,4.03,0.1349,31.19,0.0
4226,35.28,0.07,0.0,0.0,4.03,0.1083,31.19,0.0
4227,35.28,0.03,0.0,0.0,4.07,0.0817,31.19,0.0
4228,35.28,0.03,0.0,0.0,4.07,0.0548,31.19,0.0
4229,35.28,0.07,0.0,0.0,4.03,0.028,31.19,0.0
4230,35.28,0.22,3.66,0.0,0.21,0.0014,31.19,0.0
4231,37.23,0.22,22.55,0.0,0.0,0.0,14.46,0.0
4232,39.11,2.25,48.89,0.0,0.0,0.0,0.0,12.04
4233,40.83,1.13,70.89,0.0,0.0,0.0,0.0,31.19
4234,42.35,14.18,59.36,0.0,0.0,0.0,0.0,31.19
4235,43.59,20.18,88.08,33.48,0.0,0.0,0.0,31.19
4236,44.52,25.01,50.7,0.0,0.0,0.1996,0.0,31.19
4237,45.09,30.55,45.73,0.0,0.0,0.1996,0.0,31.19
4238,45.28,33.6,92.86,50.0,0.0,0.1996,0.0,31.19
4239,45.09,36.82,85.86,46.42,0.0,0.4976,0.0,31.19
4240,44.52,36.82,68.63,29.75,0.0,0.7743,0.0,31.19
4241,43.59,36.82,46.07,8.12,0.0,0.9516,0.0,31.19
4242,42.35,10.92,19.52,0.0,11.91,1.0,0.0,0.0
4243,40.83,0.75,3.01,0.0,37.07,0.9213,0.0,0.0
4244,39.11,0.22,0.0,0.0,34.98,0.6765,3.9,0.0
4245,37.23,0.35,0.0,0.0,5.69,0.4454,31.19,0.0
4246,35.28,0.35,0.0,0.0,34.93,0.4078,0.0,0.0
4247,35.28,0.35,0.0,0.0,3.74,0.1772,31.19,0.0
4248,35.24,0.22,0.0,0.0,3.83,0.1524,31.19,0.0
4249,35.24,0.13,0.0,0.0,3.92,0.1272,31.19,0.0
4250,35.24,0.03,0.0,0.0,4.02,0.1013,31.19,0.0
4251,35.24,0.03,0.0,0.0,4.02,0.0747,31.19,0.0
4252,35.24,0.07,0.0,0.0,3.98,0.0481,31.19,0.0
4253,35.24,0.75,0.0,0.0,3.3,0.0218,31.19,0.0
4254,35.24,3.46,3.78,0.0,0.0,0.0,28.0,0.0
4255,37.19,4.2,21.63,0.0,0.0,0.0,11.36,0.0
4256,39.06,23.46,46.79,0.0,0.0,0.0,0.0,31.19
4257,40.79,13.65,68.17,9.84,0.0,0.0,0.0,31.19
4258,42.31,36.82,84.61,47.94,0.0,0.0587,0.0,31.19
4259,43.55,36.82,37.91,0.0,0.0,0.3444,0.0,31.19
4260,44.48,36.82,38.84,0.0,0.0,0.3444,0.0,31.19
4261,45.04,36.82,39.41,0.0,0.0,0.3444,0.0,31.19
4262,45.24,36.82,84.4,44.8,0.0,0.3444,0.0,31.19
4263,45.04,36.82,83.44,44.03,0.0,0.6115,0.0,31.19
4264,44.48,36.82,59.98,21.14,0.0,0.874,0.0,31.19
4265,43.55,30.55,41.75,0.0,0.0,1.0,0.0,28.75
4266,42.31,8.2,18.94,0.0,15.16,1.0,0.0,0.0
4267,40.79,1.03,3.15,0.0,27.64,0.8999,8.98,0.0
4268,39.06,1.03,0.0,0.0,38.04,0.7173,0.0,0.0
4269,37.19,2.81,0.0,0.0,34.37,0.4661,0.0,0.0
4270,35.24,7.03,0.0,0.0,28.2,0.2391,0.0,0.0
4271,35.24,10.92,0.0,0.0,0.0,0.0528,24.32,0.0
4272,35.19,10.92,0.0,0.0,0.0,0.0528,24.27,0.0
4273,35.19,7.03,0.0,0.0,0.0,0.0528,28.16,0.0
4274,35.19,4.2,0.0,0.0,0.0,0.0528,30.99,0.0
4275,35.19,2.25,0.0,0.0,1.75,0.0528,31.19,0.0
4276,35.19,0.75,0.0,0.0,3.26,0.0412,31.19,0.0
4277,35.19,1.03,0.0,0.0,2.98,0.0197,31.19,0.0
4278,35.19,3.46,4.31,0.0,0.0,0.0,27.42,0.0
4279,37.14,5.98,21.2,0.0,0.0,0.0,9.97,0.0
4280,39.02,16.02,45.63,0.0,0.0,0.0,0.0,22.63
4281,40.75,5.31,66.63,0.0,0.0,0.0,0.0,31.19
4282,42.26,12.48,60.97,0.0,0.0,0.0,0.0,31.19
4283,43.51,16.02,94.05,35.38,0.0,0.0,0.0,31.19
4284,44.43,22.51,53.11,0.0,0.0,0.2109,0.0,31.19
4285,45.0,33.6,51.99,9.4,0.0,0.2109,0.0,31.19
4286,45.19,36.82,89.56,50.0,0.0,0.2669,0.0,31.19
4287,45.0,36.82,81.52,42.16,0.0,0.565,0.0,31.19
4288,44.43,36.82,64.47,25.68,0.0,0.8163,0.0,31.19
4289,43.51,36.82,43.02,5.14,0.0,0.9693,0.0,31.19
4290,42.26,10.92,19.29,0.0,12.05,1.0,0.0,0.0
4291,40.75,0.35,3.94,0.0,32.59,0.9204,3.87,0.0
4292,39.02,0.01,0.0,0.0,39.01,0.7052,0.0,0.0
4293,37.14,0.01,0.0,0.0,5.95,0.4475,31.19,0.0
4294,35.19,0.03,0.0,0.0,3.98,0.4082,31.19,0.0
4295,35.19,0.13,0.0,0.0,35.07,0.3819,0.0,0.0
4296,35.15,0.35,0.0,0.0,3.61,0.1503,31.19,0.0
4297,35.15,0.35,0.0,0.0,3.61,0.1265,31.19,0.0
4298,35.15,0.22,0.0,0.0,3.74,0.1026,31.19,0.0
4299,35.15,0.03,0.0,0.0,3.94,0.0779,31.19,0.0
4300,35.15,0.01,0.0,0.0,3.96,0.0519,31.19,0.0
4301,35.15,0.07,0.0,0.0,3.9,0.0257,31.19,0.0
4302,35.15,0.75,5.28,0.0,0.0,0.0,29.12,0.0
4303,37.1,1.03,21.24,0.0,0.0,0.0,14.84,0.0
4304,38.98,4.2,42.87,0.0,0.0,0.0,0.0,8.09
4305,40.71,5.04,58.27,0.0,0.0,0.0,0.0,22.6
4306,42.22,5.98,71.42,3.99,0.0,0.0,0.0,31.19
4307,43.47,7.03,77.12,9.5,0.0,0.0238,0.0,31.19
4308,44.39,7.03,84.42,15.88,0.0,0.0804,0.0,31.19
4309,44.96,7.03,87.72,49.79,0.0,0.1751,0.0,0.0
4310,45.15,8.2,79.48,25.76,0.0,0.4719,0.0,16.77
4311,44.96,8.2,74.12,37.37,0.0,0.6254,0.0,0.0
4312,44.39,9.5,60.36,25.47,0.0,0.8482,0.0,0.0
4313,43.47,12.48,41.42,0.0,0.0,1.0,0.0,10.43
4314,42.22,7.03,19.49,0.0,15.69,1.0,0.0,0.0
4315,40.71,2.25,4.35,0.0,2.92,0.8963,31.19,0.0
4316,38.98,2.81,0.0,0.0,36.16,0.8771,0.0,0.0
4317,37.1,4.2,0.0,0.0,6.44,0.6382,26.46,0.0
4318,35.15,2.81,0.0,0.0,32.34,0.5957,0.0,0.0
4319,35.15,0.75,0.0,0.0,34.4,0.3821,0.0,0.0
4320,35.11,0.07,0.0,0.0,3.86,0.1549,31.19,0.0
4321,35.11,0.01,0.0,0.0,3.91,0.1294,31.19,0.0
4322,35.11,0.0,0.0,0.0,3.92,0.1036,31.19,0.0
4323,35.11,0.0,0.0,0.0,3.92,0.0777,31.19,0.0
4324,35.11,0.0,0.0,0.0,3.92,0.0518,31.19,0.0
4325,35.11,0.0,0.0,0.0,3.92,0.0259,31.19,0.0
4326,35.11,0.07,5.02,0.0,0.0,0.0,30.02,0.0
4327,37.06,0.35,20.87,0.0,0.0,0.0,15.83,0.0
4328,38.93,7.03,38.4,0.0,0.0,0.0,0.0,6.5
4329,40.66,14.18,62.02,4.35,0.0,0.0,0.0,31.19
4330,42.18,16.02,79.0,21.66,0.0,0.0259,0.0,31.19
4331,43.42,14.18,91.25,30.82,0.0,0.155,0.0,31.19
4332,44.35,12.48,96.66,33.61,0.0,0.3387,0.0,31.19
4333,44.92,10.92,96.12,30.94,0.0,0.5391,0.0,31.19
4334,45.11,10.92,89.86,24.48,0.0,0.7235,0.0,31.19
4335,44.92,10.92,78.4,13.22,0.0,0.8694,0.0,31.19
4336,44.35,12.48,61.94,8.69,0.0,0.9482,0.0,21.38
4337,43.42,12.48,40.93,0.0,0.0,1.0,0.0,9.99
4338,42.18,5.98,18.09,0.0,18.11,1.0,0.0,0.0
4339,40.66,1.37,4.55,0.0,3.57,0.8804,31.19,0.0
4340,38.93,1.37,0.0,0.0,37.57,0.8568,0.0,0.0
4341,37.06,1.37,0.0,0.0,30.56,0.6087,5.14,0.0
4342,35.11,0.53,0.0,0.0,34.58,0.4069,0.0,0.0
4343,35.11,0.13,0.0,0.0,3.79,0.1785,31.19,0.0
4344,35.06,0.01,0.0,0.0,3.87,0.1534,31.19,0.0
4345,35.06,0.0,0.0,0.0,3.88,0.1279,31.19,0.0
4346,35.06,0.0,0.0,0.0,3.88,0.1023,31.19,0.0
4347,35.06,0.0,0.0,0.0,3.88,0.0767,31.19,0.0
4348,35.06,0.0,0.0,0.0,3.88,0.051,31.19,0.0
4349,35.06,0.03,0.0,0.0,3.85,0.0254,31.19,0.0
4350,35.06,0.35,4.19,0.0,0.0,0.0,30.52,0.0
4351,37.02,0.75,20.92,0.0,0.0,0.0,15.35,0.0
4352,38.89,36.82,21.77,19.7,0.0,0.0,0.0,0.0
4353,40.62,36.82,36.2,32.4,0.0,0.1174,0.0,0.0
4354,42.14,18.02,38.79,14.68,0.0,0.3106,0.0,0.0
4355,43.38,10.92,33.43,0.97,0.0,0.3981,0.0,0.0
4356,44.3,7.03,40.39,3.12,0.0,0.4038,0.0,0.0
4357,44.87,5.04,37.1,0.0,2.73,0.4224,0.0,0.0
4358,45.06,3.46,22.68,0.0,18.92,0.4044,0.0,0.0
4359,44.87,1.77,15.04,0.0,0.0,0.2794,28.06,0.0
4360,44.3,0.75,60.05,16.49,0.0,0.2794,0.0,0.0
4361,43.38,0.13,41.58,0.0,0.0,0.3777,1.67,0.0
4362,42.14,0.0,19.35,0.0,7.72,0.3777,15.06,0.0
4363,40.62,0.0,4.27,0.0,5.17,0.3267,31.19,0.0
4364,38.89,0.0,0.0,0.0,7.71,0.2926,31.19,0.0
4365,37.02,0.0,0.0,0.0,5.83,0.2417,31.19,0.0
4366,35.06,0.0,0.0,0.0,3.88,0.2032,31.19,0.0
4367,35.06,0.0,0.0,0.0,3.88,0.1776,31.19,0.0
4368,35.02,0.0,0.0,0.0,3.84,0.152,31.19,0.0
4369,35.02,0.0,0.0,0.0,3.84,0.1267,31.19,0.0
4370,35.02,0.0,0.0,0.0,3.84,0.1013,31.19,0.0
4371,35.02,0.0,0.0,0.0,3.84,0.076,31.19,0.0
4372,35.02,0.0,0.0,0.0,3.84,0.0507,31.19,0.0
4373,35.02,0.0,0.0,0.0,3.84,0.0253,31.19,0.0
4374,35.02,0.0,4.28,0.0,0.0,0.0,30.75,0.0
4375,36.97,0.0,19.53,0.0,0.0,0.0,17.44,0.0
4376,38.85,0.0,38.71,0.0,0.0,0.0,0.14,0.0
4377,40.58,0.0,62.83,0.0,0.0,0.0,0.0,22.25
4378,42.09,0.0,72.23,0.0,0.0,0.0,0.0,30.13
4379,43.34,0.0,74.38,0.0,0.0,0.0,0.0,31.04
4380,44.26,0.0,88.14,43.88,0.0,0.0,0.0,0.0
4381,44.83,0.0,90.65,45.82,0.0,0.2616,0.0,0.0
4382,45.02,0.0,85.58,40.56,0.0,0.5347,0.0,0.0
4383,44.83,0.0,75.21,22.11,0.0,0.7765,0.0,8.27
4384,44.26,0.03,59.62,15.38,0.0,0.9083,0.0,0.0
4385,43.34,0.22,40.16,0.0,2.95,1.0,0.0,0.0
4386,42.09,0.13,19.03,0.0,22.93,0.9805,0.0,0.0
4387,40.58,0.01,4.56,0.0,4.82,0.829,31.19,0.0
4388,38.85,0.03,0.0,0.0,24.23,0.7972,14.59,0.0
4389,36.97,0.13,0.0,0.0,5.66,0.6371,31.19,0.0
4390,35.02,0.07,0.0,0.0,3.77,0.5998,31.19,0.0
4391,35.02,0.03,0.0,0.0,3.81,0.5749,31.19,0.0
4392,34.98,0.01,0.0,0.0,3.78,0.5497,31.19,0.0
4393,34.98,0.0,0.0,0.0,3.79,0.5247,31.19,0.0
4394,34.98,0.0,0.0,0.0,3.79,0.4997,31.19,0.0
4395,34.98,0.0,0.0,0.0,3.79,0.4747,31.19,0.0
4396,34.98,0.0,0.0,0.0,3.79,0.4496,31.19,0.0
4397,34.98,0.0,0.0,0.0,3.79,0.4246,31.19,0.0
4398,34.98,0.03,3.44,0.0,0.32,0.3995,31.19,0.0
4399,36.93,0.22,8.74,0.0,0.0,0.3974,27.96,0.0
4400,38.81,0.75,18.57,0.0,0.0,0.3974,19.48,0.0
4401,40.53,1.77,27.29,0.0,0.0,0.3974,11.48,0.0
4402,42.05,1.37,40.01,0.0,0.0,0.3974,0.67,0.0
4403,43.29,0.13,36.43,0.0,0.0,0.3974,6.74,0.0
4404,44.22,0.0,36.73,0.0,0.0,0.3974,7.48,0.0
4405,44.79,0.0,26.91,0.0,0.0,0.3974,17.87,0.0
4406,44.98,0.0,29.55,0.0,0.0,0.3974,15.42,0.0
4407,44.79,0.0,27.62,0.0,0.0,0.3974,17.17,0.0
4408,44.22,0.0,27.4,0.0,0.0,0.3974,16.81,0.0
4409,43.29,0.01,7.48,0.0,4.62,0.3974,31.19,0.0
4410,42.05,0.0,6.71,0.0,4.15,0.3669,31.19,0.0
4411,40.53,0.0,0.25,0.0,9.1,0.3395,31.19,0.0
4412,38.81,0.07,0.0,0.0,7.55,0.2794,31.19,0.0
4413,36.93,0.53,0.0,0.0,5.22,0.2295,31.19,0.0
4414,34.98,0.53,0.0,0.0,3.27,0.195,31.19,0.0
4415,34.98,0.03,0.0,0.0,3.76,0.1734,31.19,0.0
4416,34.94,0.0,0.0,0.0,3.75,0.1486,31.19,0.0
4417,34.94,0.0,0.0,0.0,3.75,0.1238,31.19,0.0
4418,34.94,0.0,0.0,0.0,3.75,0.099,31.19,0.0
4419,34.94,0.0,0.0,0.0,3.75,0.0743,31.19,0.0
4420,34.94,0.0,0.0,0.0,3.75,0.0495,31.19,0.0
4421,34.94,0.0,0.0,0.0,3.75,0.0248,31.19,0.0
4422,34.94,0.13,4.87,0.0,0.0,0.0,29.94,0.0
4423,36.89,0.22,19.18,0.0,0.0,0.0,17.48,0.0
4424,38.76,0.01,39.29,0.0,0.0,0.0,0.0,0.54
4425,40.49,0.01,62.19,0.0,0.0,0.0,0.0,21.71
4426,42.01,0.07,79.23,6.1,0.0,0.0,0.0,31.19
4427,43.25,0.22,91.81,17.6,0.0,0.0364,0.0,31.19
4428,44.17,0.22,97.2,29.98,0.0,0.1413,0.0,23.27
4429,44.74,0.22,89.29,44.77,0.0,0.32,0.0,0.0
4430,44.94,0.13,90.16,14.17,0.0,0.5868,0.0,31.19
4431,44.74,0.07,80.03,35.35,0.0,0.6713,0.0,0.0
4432,44.17,0.03,63.94,19.79,0.0,0.882,0.0,0.0
4433,43.25,0.0,42.96,0.0,0.29,1.0,0.0,0.0
4434,42.01,0.0,19.62,0.0,22.39,0.9981,0.0,0.0
4435,40.49,0.0,4.23,0.0,36.26,0.8502,0.0,0.0
4436,38.76,0.0,0.0,0.0,7.58,0.6107,31.19,0.0
4437,36.89,0.01,0.0,0.0,36.88,0.5606,0.0,0.0
4438,34.94,0.07,0.0,0.0,31.57,0.3171,3.3,0.0
4439,34.94,0.22,0.0,0.0,3.53,0.1085,31.19,0.0
4440,34.89,0.75,0.0,0.0,2.96,0.0852,31.19,0.0
4441,34.89,1.37,0.0,0.0,2.34,0.0657,31.19,0.0
4442,34.89,1.37,0.0,0.0,2.34,0.0502,31.19,0.0
4443,34.89,1.37,0.0,0.0,2.34,0.0348,31.19,0.0
4444,34.89,1.03,0.0,0.0,2.68,0.0193,31.19,0.0
4445,34.89,3.46,0.0,0.0,0.24,0.0016,31.19,0.0
4446,34.89,10.92,4.58,0.0,0.0,0.0,19.39,0.0
4447,36.84,16.02,20.57,0.0,0.0,0.0,0.25,0.0
4448,38.72,20.18,44.21,0.0,0.0,0.0,0.0,25.67
4449,40.45,16.02,65.62,10.01,0.0,0.0,0.0,31.19
4450,41.96,10.92,82.33,20.1,0.0,0.0596,0.0,31.19
4451,43.21,7.03,94.06,26.7,0.0,0.1795,0.0,31.19
4452,44.13,8.2,99.8,32.69,0.0,0.3386,0.0,31.19
4453,44.7,9.5,100.09,33.7,0.0,0.5335,0.0,31.19
4454,44.89,8.2,94.13,26.26,0.0,0.7344,0.0,31.19
4455,44.7,7.03,82.22,13.37,0.0,0.8909,0.0,31.19
4456,44.13,4.2,64.22,4.94,0.0,0.9706,0.0,19.35
4457,43.21,2.81,43.94,0.0,0.0,1.0,0.0,3.55
4458,41.96,0.35,19.34,0.0,0.0,1.0,22.27,0.0
4459,40.45,0.0,3.95,0.0,36.5,1.0,0.0,0.0
4460,38.72,0.01,0.0,0.0,17.54,0.7589,21.17,0.0
4461,36.84,0.03,0.0,0.0,5.63,0.6431,31.19,0.0
4462,34.89,0.03,0.0,0.0,34.86,0.6059,0.0,0.0
4463,34.89,0.0,0.0,0.0,34.89,0.3756,0.0,0.0
4464,34.85,0.0,0.0,0.0,3.66,0.1452,31.19,0.0
4465,34.85,0.0,0.0,0.0,3.66,0.121,31.19,0.0
4466,34.85,0.0,0.0,0.0,3.66,0.0968,31.19,0.0
4467,34.85,0.0,0.0,0.0,3.66,0.0726,31.19,0.0
4468,34.85,0.0,0.0,0.0,3.66,0.0484,31.19,0.0
4469,34.85,0.0,0.0,0.0,3.66,0.0242,31.19,0.0
4470,34.85,0.0,4.13,0.0,0.0,0.0,30.72,0.0
4471,36.8,0.0,19.9,0.0,0.0,0.0,16.9,0.0
4472,38.68,0.07,40.34,0.0,0.0,0.0,0.0,1.73
4473,40.41,0.07,63.29,0.0,0.0,0.0,0.0,22.95
4474,41.92,0.07,76.12,3.08,0.0,0.0,0.0,31.19
4475,43.16,0.35,84.4,10.4,0.0,0.0184,0.0,31.19
4476,44.09,1.37,89.03,15.12,0.0,0.0804,0.0,31.19
4477,44.66,4.2,90.04,18.4,0.0,0.1705,0.0,31.19
4478,44.85,9.5,84.9,34.01,0.0,0.2802,0.0,15.54
4479,44.66,14.18,79.05,48.56,0.0,0.4829,0.0,0.0
4480,44.09,18.02,64.25,38.19,0.0,0.7724,0.0,0.0
4481,43.16,16.02,42.18,0.0,0.0,1.0,0.0,15.04
4482,41.92,3.46,18.88,0.0,19.57,1.0,0.0,0.0
4483,40.41,0.07,3.51,0.0,36.83,0.8707,0.0,0.0
4484,38.68,0.07,0.0,0.0,7.42,0.6274,31.19,0.0
4485,36.8,0.22,0.0,0.0,5.39,0.5784,31.19,0.0
4486,34.85,0.53,0.0,0.0,26.37,0.5428,7.96,0.0
4487,34.85,0.53,0.0,0.0,34.32,0.3686,0.0,0.0
4488,34.81,0.22,0.0,0.0,3.4,0.1419,31.19,0.0
4489,34.81,0.01,0.0,0.0,3.61,0.1195,31.19,0.0
4490,34.81,0.0,0.0,0.0,3.62,0.0956,31.19,0.0
4491,34.81,0.0,0.0,0.0,3.62,0.0717,31.19,0.0
4492,34.81,0.0,0.0,0.0,3.62,0.0478,31.19,0.0
4493,34.81,0.0,0.0,0.0,3.62,0.0239,31.19,0.0
4494,34.81,0.07,3.85,0.0,0.0,0.0,30.89,0.0
4495,36.76,0.35,19.57,0.0,0.0,0.0,16.84,0.0
4496,38.63,1.77,34.85,0.0,0.0,0.0,2.01,0.0
4497,40.36,5.04,42.67,0.0,0.0,0.0,0.0,7.35
4498,41.88,9.5,69.78,6.21,0.0,0.0,0.0,31.19
4499,43.12,12.48,89.05,27.22,0.0,0.037,0.0,31.19
4500,44.05,12.48,78.01,46.45,0.0,0.1993,0.0,0.0
4501,44.61,12.48,54.2,22.06,0.0,0.4761,0.0,0.0
4502,44.81,12.48,61.33,0.0,0.0,0.6077,0.0,29.0
4503,44.61,16.02,70.76,32.77,0.0,0.6077,0.0,9.4
4504,44.05,18.02,59.07,33.05,0.0,0.803,0.0,0.0
4505,43.12,16.02,41.5,0.0,0.0,1.0,0.0,14.41
4506,41.88,4.2,18.95,0.0,18.73,1.0,0.0,0.0
4507,40.36,0.22,3.63,0.0,5.32,0.8763,31.19,0.0
4508,38.63,0.07,0.0,0.0,7.38,0.8411,31.19,0.0
4509,36.76,0.07,0.0,0.0,36.69,0.7924,0.0,0.0
4510,34.81,0.07,0.0,0.0,3.55,0.55,31.19,0.0
4511,34.81,0.07,0.0,0.0,3.55,0.5266,31.19,0.0
4512,34.76,0.13,0.0,0.0,34.0,0.5031,0.64,0.0
4513,34.76,0.22,0.0,0.0,3.36,0.2785,31.19,0.0
4514,34.76,0.75,0.0,0.0,2.83,0.2564,31.19,0.0
4515,34.76,1.77,0.0,0.0,1.8,0.2377,31.19,0.0
4516,34.76,1.37,0.0,0.0,2.21,0.2258,31.19,0.0
4517,34.76,1.37,0.0,0.0,2.21,0.2112,31.19,0.0
4518,34.76,4.2,3.6,0.0,0.0,0.1966,26.96,0.0
4519,36.71,5.98,16.51,0.0,0.0,0.1966,14.22,0.0
4520,38.59,8.2,16.2,0.0,0.0,0.1966,14.18,0.0
4521,40.32,8.2,13.11,0.0,0.0,0.1966,19.01,0.0
4522,41.83,5.04,18.21,0.0,0.0,0.1966,18.58,0.0
4523,43.08,1.77,16.96,0.0,0.0,0.1966,24.34,0.0
4524,44.0,0.75,39.58,0.0,0.0,0.1966,3.68,0.0
4525,44.57,0.22,8.63,0.0,4.53,0.1966,31.19,0.0
4526,44.76,0.13,17.15,0.0,0.0,0.1666,27.49,0.0
4527,44.57,0.53,48.97,4.92,0.0,0.1666,0.0,0.0
4528,44.0,1.37,62.18,19.54,0.0,0.196,0.0,0.0
4529,43.08,1.37,40.86,0.0,0.0,0.3125,0.86,0.0
4530,41.83,0.03,14.15,0.0,0.0,0.3125,27.66,0.0
4531,40.32,0.0,3.12,0.0,6.01,0.3125,31.19,0.0
4532,38.59,0.0,0.0,0.0,7.4,0.2727,31.19,0.0
4533,36.71,0.0,0.0,0.0,5.53,0.2238,31.19,0.0
4534,34.76,0.0,0.0,0.0,3.58,0.1873,31.19,0.0
4535,34.76,0.0,0.0,0.0,3.58,0.1637,31.19,0.0
4536,34.72,0.0,0.0,0.0,3.53,0.1401,31.19,0.0
4537,34.72,0.0,0.0,0.0,3.53,0.1167,31.19,0.0
4538,34.72,0.0,0.0,0.0,3.53,0.0934,31.19,0.0
4539,34.72,0.0,0.0,0.0,3.53,0.07,31.19,0.0
4540,34.72,0.0,0.0,0.0,3.53,0.0467,31.19,0.0
4541,34.72,0.0,0.0,0.0,3.53,0.0233,31.19,0.0
4542,34.72,0.0,4.6,0.0,0.0,0.0,30.12,0.0
4543,36.67,0.03,18.05,0.0,0.0,0.0,18.6,0.0
4544,38.55,0.03,41.89,0.0,0.0,0.0,0.0,3.37
4545,40.28,0.75,59.54,0.0,0.0,0.0,0.0,20.01
4546,41.79,2.81,77.84,7.67,0.0,0.0,0.0,31.19
4547,43.04,14.18,85.98,25.93,0.0,0.0457,0.0,31.19
4548,43.96,36.82,87.83,49.5,0.0,0.2003,0.0,31.19
4549,44.53,36.82,19.27,0.0,0.0,0.4954,0.0,11.57
4550,44.72,36.82,55.52,33.82,0.0,0.4954,0.0,13.81
4551,44.53,36.82,72.17,33.28,0.0,0.697,0.0,31.19
4552,43.96,36.82,55.88,17.56,0.0,0.8954,0.0,31.19
4553,43.04,27.69,15.65,0.0,0.0,1.0,0.0,0.3
4554,41.79,25.01,10.55,0.0,6.24,1.0,0.0,0.0
4555,40.28,27.69,4.21,0.0,8.38,0.9588,0.0,0.0
4556,38.55,30.55,0.0,0.0,8.0,0.9034,0.0,0.0
4557,36.67,36.82,0.0,0.15,0.0,0.8506,0.0,0.0
4558,34.72,36.82,0.0,2.1,0.0,0.8515,0.0,0.0
4559,34.72,36.82,0.0,2.1,0.0,0.864,0.0,0.0
4560,34.68,30.55,0.0,0.0,4.13,0.8766,0.0,0.0
4561,34.68,12.48,0.0,0.0,22.2,0.8493,0.0,0.0
4562,34.68,3.46,0.0,0.0,31.22,0.7027,0.0,0.0
4563,34.68,0.75,0.0,0.0,6.47,0.4965,27.46,0.0
4564,34.68,0.13,0.0,0.0,34.55,0.4538,0.0,0.0
4565,34.68,0.53,0.0,0.0,34.15,0.2256,0.0,0.0
4566,34.68,5.98,4.56,0.0,0.0,0.0,24.13,0.0
4567,36.63,12.48,19.58,0.0,0.0,0.0,4.57,0.0
4568,38.5,22.51,42.62,0.0,0.0,0.0,0.0,26.62
4569,40.23,14.18,63.8,6.56,0.0,0.0,0.0,31.19
4570,41.75,7.03,80.16,14.26,0.0,0.0391,0.0,31.19
4571,42.99,2.81,90.93,19.57,0.0,0.1241,0.0,31.19
4572,43.92,2.81,95.26,22.97,0.0,0.2407,0.0,31.19
4573,44.49,4.2,89.52,49.24,0.0,0.3777,0.0,0.0
4574,44.68,7.03,86.36,19.6,0.0,0.6712,0.0,29.12
4575,44.49,9.5,76.45,10.28,0.0,0.788,0.0,31.19
4576,43.92,10.92,58.28,25.28,0.0,0.8493,0.0,0.0
4577,42.99,10.92,41.47,0.0,0.0,1.0,0.0,9.4
4578,41.75,5.04,19.45,0.0,17.26,1.0,0.0,0.0
4579,40.23,1.37,4.09,0.0,34.78,0.886,0.0,0.0
4580,38.5,2.81,0.0,0.0,35.69,0.6563,0.0,0.0
4581,36.63,9.5,0.0,0.0,27.13,0.4206,0.0,0.0
4582,34.68,18.02,0.0,0.0,16.65,0.2414,0.0,0.0
4583,34.68,16.02,0.0,0.0,0.0,0.1314,18.66,0.0
4584,34.64,7.03,0.0,0.0,9.7,0.1314,17.9,0.0
4585,34.64,2.81,0.0,0.0,0.63,0.0673,31.19,0.0
4586,34.64,1.37,0.0,0.0,2.08,0.0631,31.19,0.0
4587,34.64,0.75,0.0,0.0,2.7,0.0494,31.19,0.0
4588,34.64,0.35,0.0,0.0,3.1,0.0315,31.19,0.0
4589,34.64,1.77,0.0,0.0,1.68,0.0111,31.19,0.0
4590,34.64,7.03,3.71,0.0,0.0,0.0,23.89,0.0
4591,36.59,12.48,17.21,0.0,0.0,0.0,6.9,0.0
4592,38.46,16.02,41.17,18.73,0.0,0.0,0.0,0.0
4593,40.19,16.02,59.77,35.6,0.0,0.1117,0.0,0.0
4594,41.71,18.02,65.18,41.49,0.0,0.3239,0.0,0.0
4595,42.95,20.18,67.95,32.24,0.0,0.5712,0.0,12.94
4596,43.87,16.02,67.55,39.69,0.0,0.7634,0.0,0.0
4597,44.44,4.2,29.44,0.0,10.8,1.0,0.0,0.0
4598,44.64,0.22,14.52,0.0,29.9,0.9286,0.0,0.0
4599,44.44,0.03,23.35,0.0,0.0,0.7312,21.07,0.0
4600,43.87,0.53,20.76,0.0,22.59,0.7312,0.0,0.0
4601,42.95,1.77,5.55,0.0,35.62,0.582,0.0,0.0
4602,41.71,1.37,2.77,0.0,11.29,0.3467,26.28,0.0
4603,40.19,0.75,1.09,0.0,7.17,0.2721,31.19,0.0
4604,38.46,1.37,0.0,0.0,5.91,0.2248,31.19,0.0
4605,36.59,2.25,0.0,0.0,3.15,0.1857,31.19,0.0
4606,34.64,1.77,0.0,0.0,1.68,0.1649,31.19,0.0
4607,34.64,0.53,0.0,0.0,2.92,0.1539,31.19,0.0
4608,34.59,0.07,0.0,0.0,3.34,0.1346,31.19,0.0
4609,34.59,0.0,0.0,0.0,3.41,0.1125,31.19,0.0
4610,34.59,0.0,0.0,0.0,3.41,0.09,31.19,0.0
4611,34.59,0.0,0.0,0.0,3.41,0.0675,31.19,0.0
4612,34.59,0.0,0.0,0.0,3.41,0.045,31.19,0.0
4613,34.59,0.0,0.0,0.0,3.41,0.0225,31.19,0.0
4614,34.59,0.0,3.98,0.0,0.0,0.0,30.61,0.0
4615,36.54,0.0,16.37,0.0,0.0,0.0,20.17,0.0
4616,38.42,0.75,29.66,0.0,0.0,0.0,8.01,0.0
4617,40.15,3.46,51.05,0.0,0.0,0.0,0.0,14.36
4618,41.66,5.04,80.77,12.96,0.0,0.0,0.0,31.19
4619,42.91,5.04,75.04,5.99,0.0,0.0773,0.0,31.19
4620,43.83,3.46,80.63,40.26,0.0,0.113,0.0,0.0
4621,44.4,2.81,96.14,23.37,0.0,0.3529,0.0,31.19
4622,44.59,2.25,85.08,18.55,0.0,0.4922,0.0,24.2
4623,44.4,2.81,82.09,40.5,0.0,0.6028,0.0,0.0
4624,43.83,4.2,65.76,26.13,0.0,0.8442,0.0,0.0
4625,42.91,3.46,44.35,0.0,0.0,1.0,0.0,4.9
4626,41.66,1.03,19.63,0.0,21.01,1.0,0.0,0.0
4627,40.15,0.01,3.5,0.0,36.65,0.8612,0.0,0.0
4628,38.42,0.0,0.0,0.0,7.23,0.6192,31.19,0.0
4629,36.54,0.0,0.0,0.0,5.36,0.5714,31.19,0.0
4630,34.59,0.0,0.0,0.0,3.41,0.536,31.19,0.0
4631,34.59,0.0,0.0,0.0,26.34,0.5135,8.26,0.0
4632,34.55,0.0,0.0,0.0,34.55,0.3396,0.0,0.0
4633,34.55,0.0,0.0,0.0,3.36,0.1114,31.19,0.0
4634,34.55,0.0,0.0,0.0,3.36,0.0892,31.19,0.0
4635,34.55,0.0,0.0,0.0,3.36,0.0669,31.19,0.0
4636,34.55,0.0,0.0,0.0,3.36,0.0447,31.19,0.0
4637,34.55,0.0,0.0,0.0,3.36,0.0225,31.19,0.0
4638,34.55,0.03,3.29,0.0,0.04,0.0003,31.19,0.0
4639,36.5,0.03,19.35,0.0,0.0,0.0,17.12,0.0
4640,38.38,1.37,44.26,0.0,0.0,0.0,0.0,7.24
4641,40.11,5.04,66.54,0.29,0.0,0.0,0.0,31.19
4642,41.62,9.5,84.01,20.7,0.0,0.0017,0.0,31.19
4643,42.87,14.18,95.85,35.97,0.0,0.1251,0.0,31.19
4644,43.79,20.18,78.17,23.38,0.0,0.3395,0.0,31.19
4645,44.36,25.01,84.72,34.18,0.0,0.4789,0.0,31.19
4646,44.55,30.55,77.73,32.54,0.0,0.6827,0.0,31.19
4647,44.36,33.6,62.64,20.7,0.0,0.8766,0.0,31.19
4648,43.79,30.55,29.36,0.0,0.0,1.0,0.0,16.12
4649,42.87,18.02,17.04,0.0,7.81,1.0,0.0,0.0
4650,41.62,3.46,1.0,0.0,37.17,0.9484,0.0,0.0
4651,40.11,0.07,0.23,0.0,8.62,0.703,31.19,0.0
4652,38.38,0.0,0.0,0.0,38.38,0.646,0.0,0.0
4653,36.5,0.0,0.0,0.0,33.98,0.3926,2.52,0.0
4654,34.55,0.03,0.0,0.0,3.34,0.1681,31.19,0.0
4655,34.55,0.35,0.0,0.0,3.01,0.1461,31.19,0.0
4656,34.51,0.53,0.0,0.0,2.8,0.1262,31.19,0.0
4657,34.51,0.22,0.0,0.0,3.1,0.1077,31.19,0.0
4658,34.51,0.07,0.0,0.0,3.26,0.0873,31.19,0.0
4659,34.51,0.01,0.0,0.0,3.31,0.0658,31.19,0.0
4660,34.51,0.0,0.0,0.0,3.32,0.0439,31.19,0.0
4661,34.51,0.0,0.0,0.0,3.32,0.0219,31.19,0.0
4662,34.51,0.35,3.43,0.0,0.0,0.0,30.73,0.0
4663,36.46,1.03,17.1,0.0,0.0,0.0,18.33,0.0
4664,38.34,1.03,36.42,0.0,0.0,0.0,0.89,0.0
4665,40.06,1.03,63.34,0.0,0.0,0.0,0.0,24.3
4666,41.58,1.77,78.96,7.96,0.0,0.0,0.0,31.19
4667,42.82,2.81,92.11,20.91,0.0,0.0475,0.0,31.19
4668,43.75,4.2,98.28,46.07,0.0,0.1721,0.0,12.67
4669,44.32,5.04,98.42,27.96,0.0,0.4467,0.0,31.19
4670,44.51,5.98,92.74,23.03,0.0,0.6134,0.0,31.19
4671,44.32,7.03,81.86,13.39,0.0,0.7506,0.0,31.19
4672,43.75,7.03,65.15,28.44,0.0,0.8305,0.0,0.0
4673,42.82,5.98,32.66,0.0,4.18,1.0,0.0,0.0
4674,41.58,2.81,15.36,0.0,23.41,0.9724,0.0,0.0
4675,40.06,0.53,3.48,0.0,8.58,0.8178,27.47,0.0
4676,38.34,0.75,0.0,0.0,6.4,0.7611,31.19,0.0
4677,36.46,2.25,0.0,0.0,34.21,0.7188,0.0,0.0
4678,34.51,3.46,0.0,0.0,0.0,0.4929,31.05,0.0
4679,34.51,4.2,0.0,0.0,30.31,0.4929,0.0,0.0
4680,34.47,3.46,0.0,0.0,31.0,0.2927,0.0,0.0
4681,34.47,1.37,0.0,0.0,1.91,0.088,31.19,0.0
4682,34.47,0.75,0.0,0.0,2.53,0.0753,31.19,0.0
4683,34.47,0.53,0.0,0.0,2.75,0.0586,31.19,0.0
4684,34.47,0.22,0.0,0.0,3.06,0.0404,31.19,0.0
4685,34.47,0.22,0.0,0.0,3.06,0.0202,31.19,0.0
4686,34.47,1.03,3.0,0.0,0.0,0.0,30.44,0.0
4687,36.42,1.37,19.15,0.0,0.0,0.0,15.91,0.0
4688,38.29,9.5,44.16,0.0,0.0,0.0,0.0,15.36
4689,40.02,14.09,66.29,9.18,0.0,0.0,0.0,31.19
4690,41.54,22.51,74.81,24.6,0.0,0.0547,0.0,31.19
4691,42.78,22.51,94.31,42.85,0.0,0.2013,0.0,31.19
4692,43.7,20.18,86.54,31.83,0.0,0.4567,0.0,31.19
4693,44.27,18.02,91.25,33.81,0.0,0.6465,0.0,31.19
4694,44.47,18.02,57.63,0.0,0.0,0.848,0.0,31.19
4695,44.27,16.02,82.34,22.9,0.0,0.848,0.0,31.19
4696,43.7,12.48,65.01,2.6,0.0,0.9845,0.0,31.19
4697,42.78,7.03,43.62,0.0,0.0,1.0,0.0,7.88
4698,41.54,1.37,18.9,0.0,21.28,1.0,0.0,0.0
4699,40.02,0.07,3.25,0.0,36.7,0.8595,0.0,0.0
4700,38.29,0.35,0.0,0.0,37.94,0.6171,0.0,0.0
4701,36.42,2.25,0.0,0.0,2.98,0.3665,31.19,0.0
4702,34.47,5.04,0.0,0.0,0.0,0.3468,29.43,0.0
4703,34.47,5.98,0.0,0.0,8.88,0.3468,19.6,0.0
4704,34.42,4.2,0.0,0.0,0.0,0.2881,30.22,0.0
4705,34.42,1.77,0.0,0.0,1.47,0.2881,31.19,0.0
4706,34.42,0.53,0.0,0.0,33.9,0.2785,0.0,0.0
4707,34.42,0.35,0.0,0.0,2.89,0.0546,31.19,0.0
4708,34.42,0.35,0.0,0.0,2.89,0.0355,31.19,0.0
4709,34.42,0.75,0.0,0.0,2.49,0.0164,31.19,0.0
4710,34.42,1.37,2.14,0.0,0.0,0.0,30.92,0.0
4711,36.38,1.77,15.88,0.0,0.0,0.0,18.72,0.0
4712,38.25,2.25,29.75,0.0,0.0,0.0,6.25,0.0
4713,39.98,0.53,42.13,2.67,0.0,0.0,0.0,0.0
4714,41.5,0.0,56.59,15.1,0.0,0.0159,0.0,0.0
4715,42.74,0.0,29.57,0.0,0.0,0.1059,13.17,0.0
4716,43.66,0.0,39.54,0.0,4.13,0.1059,0.0,0.0
4717,44.23,0.0,40.97,0.0,3.26,0.0787,0.0,0.0
4718,44.42,0.13,56.62,12.33,0.0,0.0571,0.0,0.0
4719,44.23,1.77,69.3,26.84,0.0,0.1306,0.0,0.0
4720,43.66,5.98,31.9,0.0,0.0,0.2906,5.78,0.0
4721,42.74,10.92,42.44,10.62,0.0,0.2906,0.0,0.0
4722,41.5,14.18,15.72,0.0,11.6,0.3539,0.0,0.0
4723,39.98,9.5,3.58,0.0,7.26,0.2773,19.64,0.0
4724,38.25,2.81,0.0,0.0,4.25,0.2294,31.19,0.0
4725,36.38,0.35,0.0,0.0,4.84,0.2013,31.19,0.0
4726,34.42,0.0,0.0,0.0,3.24,0.1694,31.19,0.0
4727,34.42,0.0,0.0,0.0,3.24,0.148,31.19,0.0
4728,34.38,0.0,0.0,0.0,3.2,0.1266,31.19,0.0
4729,34.38,0.01,0.0,0.0,3.19,0.1055,31.19,0.0
4730,34.38,0.0,0.0,0.0,3.2,0.0844,31.19,0.0
4731,34.38,0.0,0.0,0.0,3.2,0.0633,31.19,0.0
4732,34.38,0.0,0.0,0.0,3.2,0.0422,31.19,0.0
4733,34.38,0.0,0.0,0.0,3.2,0.0211,31.19,0.0
4734,34.38,0.0,3.45,0.0,0.0,0.0,30.93,0.0
4735,36.33,0.0,15.43,0.0,0.0,0.0,20.9,0.0
4736,38.21,0.0,39.85,1.65,0.0,0.0,0.0,0.0
4737,39.94,0.0,32.25,0.0,1.49,0.0098,6.2,0.0
4738,41.45,0.01,78.65,37.2,0.0,0.0,0.0,0.0
4739,42.7,0.35,91.32,47.6,0.0,0.2218,0.0,1.37
4740,43.62,0.75,92.45,49.58,0.0,0.5055,0.0,0.0
4741,44.19,1.37,76.21,33.38,0.0,0.801,0.0,0.0
4742,44.38,2.25,28.21,0.0,13.92,1.0,0.0,0.0
4743,44.19,4.2,7.81,0.0,32.18,0.9081,0.0,0.0
4744,43.62,7.03,26.59,0.0,9.99,0.6955,0.0,0.0
4745,42.7,9.5,32.5,0.0,0.7,0.6295,0.0,0.0
4746,41.45,4.2,9.02,0.0,28.23,0.6249,0.0,0.0
4747,39.94,0.35,3.34,0.0,36.25,0.4384,0.0,0.0
4748,38.21,0.01,0.0,0.0,7.01,0.199,31.19,0.0
4749,36.33,0.0,0.0,0.0,5.15,0.1527,31.19,0.0
4750,34.38,0.0,0.0,0.0,3.2,0.1187,31.19,0.0
4751,34.38,0.0,0.0,0.0,3.2,0.0976,31.19,0.0
4752,34.34,0.22,0.0,0.0,6.28,0.0765,27.84,0.0
4753,34.34,1.77,0.0,0.0,1.38,0.035,31.19,0.0
4754,34.34,5.04,0.0,0.0,0.0,0.0259,29.3,0.0
4755,34.34,4.2,0.0,0.0,0.0,0.0259,30.14,0.0
4756,34.34,1.37,0.0,0.0,1.79,0.0259,31.19,0.0
4757,34.34,1.03,0.0,0.0,2.13,0.0141,31.19,0.0
4758,34.34,2.81,3.16,0.0,0.0,0.0,28.36,0.0
4759,36.29,4.2,13.05,0.0,0.0,0.0,19.05,0.0
4760,38.17,5.98,36.59,0.0,0.0,0.0,0.0,4.4
4761,39.9,4.2,53.44,0.0,0.0,0.0,0.0,17.75
4762,41.41,3.46,70.31,1.17,0.0,0.0,0.0,31.19
4763,42.66,4.2,74.38,4.74,0.0,0.007,0.0,31.19
4764,43.58,7.03,77.93,41.39,0.0,0.0352,0.0,0.0
4765,44.15,9.5,90.7,24.86,0.0,0.2819,0.0,31.19
4766,44.34,12.48,85.48,22.43,0.0,0.4301,0.0,31.19
4767,44.15,12.48,83.8,40.44,0.0,0.5638,0.0,11.69
4768,43.58,9.5,66.82,32.74,0.0,0.8048,0.0,0.0
4769,42.66,5.04,44.33,0.0,0.0,1.0,0.0,6.71
4770,41.41,0.75,19.69,0.0,20.97,1.0,0.0,0.0
4771,39.9,0.0,3.16,0.0,5.55,0.8615,31.19,0.0
4772,38.17,0.0,0.0,0.0,38.17,0.8248,0.0,0.0
4773,36.29,0.0,0.0,0.0,36.29,0.5727,0.0,0.0
4774,34.34,0.0,0.0,0.0,3.15,0.333,31.19,0.0
4775,34.34,0.0,0.0,0.0,27.76,0.3122,6.58,0.0
4776,34.3,0.0,0.0,0.0,3.11,0.1288,31.19,0.0
4777,34.3,0.0,0.0,0.0,3.11,0.1083,31.19,0.0
4778,34.3,0.0,0.0,0.0,3.11,0.0877,31.19,0.0
4779,34.3,0.0,0.0,0.0,3.11,0.0672,31.19,0.0
4780,34.3,0.0,0.0,0.0,3.11,0.0466,31.19,0.0
4781,34.3,0.0,0.0,0.0,3.11,0.026,31.19,0.0
4782,34.3,0.0,2.28,0.0,0.83,0.0055,31.19,0.0
4783,36.25,0.0,19.18,0.0,0.0,0.0,17.07,0.0
4784,38.13,0.0,45.64,0.0,0.0,0.0,0.0,7.51
4785,39.86,0.0,67.32,0.0,0.0,0.0,0.0,27.46
4786,41.37,0.0,83.25,10.69,0.0,0.0,0.0,31.19
4787,42.61,0.0,93.81,20.01,0.0,0.0637,0.0,31.19
4788,43.54,0.0,99.14,50.0,0.0,0.183,0.0,5.6
4789,44.11,0.0,99.74,24.44,0.0,0.481,0.0,31.19
4790,44.3,0.13,95.45,20.09,0.0,0.6267,0.0,31.19
4791,44.11,0.75,84.85,16.56,0.0,0.7465,0.0,24.93
4792,43.54,1.37,68.14,25.96,0.0,0.8452,0.0,0.0
4793,42.61,1.37,46.1,0.0,0.0,1.0,0.0,4.85
4794,41.37,0.22,19.36,0.0,17.1,1.0,4.69,0.0
4795,39.86,0.0,2.41,0.0,37.45,0.887,0.0,0.0
4796,38.13,0.0,0.0,0.0,38.13,0.6397,0.0,0.0
4797,36.25,0.0,0.0,0.0,5.06,0.3879,31.19,0.0
4798,34.3,0.01,0.0,0.0,3.1,0.3545,31.19,0.0
4799,34.3,0.01,0.0,0.0,34.29,0.3339,0.0,0.0
4800,34.26,0.03,0.0,0.0,3.04,0.1075,31.19,0.0
4801,34.26,0.07,0.0,0.0,3.01,0.0874,31.19,0.0
4802,34.26,0.13,0.0,0.0,2.94,0.0675,31.19,0.0
4803,34.26,0.22,0.0,0.0,2.85,0.0481,31.19,0.0
4804,34.26,0.35,0.0,0.0,2.72,0.0292,31.19,0.0
4805,34.26,1.37,0.0,0.0,1.71,0.0113,31.19,0.0
4806,34.26,5.98,2.4,0.0,0.0,0.0,25.88,0.0
4807,36.21,9.5,18.81,0.0,0.0,0.0,7.9,0.0
4808,38.09,20.18,45.65,0.0,0.0,0.0,0.0,27.75
4809,39.81,27.69,43.31,0.0,0.0,0.0,0.0,31.19
4810,41.33,0.0,72.52,0.0,0.0,0.0,0.0,31.19
4811,42.57,36.82,66.55,29.62,0.0,0.0,0.0,31.19
4812,43.5,36.82,58.79,20.93,0.0,0.1766,0.0,31.19
4813,44.07,36.82,77.85,39.42,0.0,0.3013,0.0,31.19
4814,44.26,36.82,80.31,41.69,0.0,0.5363,0.0,31.19
4815,44.07,36.82,74.53,36.1,0.0,0.7848,0.0,31.19
4816,43.5,36.82,31.85,0.0,0.0,1.0,0.0,25.17
4817,42.57,36.82,25.48,0.0,0.0,1.0,0.0,19.73
4818,41.33,36.82,9.62,0.0,0.0,1.0,0.0,5.11
4819,39.81,20.18,2.98,0.0,16.65,1.0,0.0,0.0
4820,38.09,10.92,0.0,0.0,27.17,0.89,0.0,0.0
4821,36.21,9.5,0.0,0.0,26.71,0.7106,0.0,0.0
4822,34.26,8.2,0.0,0.0,4.94,0.5342,21.11,0.0
4823,34.26,9.5,0.0,0.0,0.0,0.5015,24.76,0.0
4824,34.22,10.92,0.0,0.0,23.3,0.5015,0.0,0.0
4825,34.22,12.48,0.0,0.0,21.74,0.3476,0.0,0.0
4826,34.22,5.98,0.0,0.0,28.24,0.2041,0.0,0.0
4827,34.22,2.25,0.0,0.0,0.78,0.0176,31.19,0.0
4828,34.22,1.37,0.0,0.0,1.67,0.0124,31.19,0.0
4829,34.22,2.81,0.0,0.0,0.22,0.0014,31.19,0.0
4830,34.22,10.92,2.57,0.0,0.0,0.0,20.72,0.0
4831,36.17,18.02,17.4,0.0,0.0,0.0,0.74,0.0
4832,38.04,24.93,44.3,0.0,0.0,0.0,0.0,31.19
4833,39.77,36.82,34.14,0.0,0.0,0.0,0.0,31.19
4834,41.29,0.0,72.47,0.0,0.0,0.0,0.0,31.19
4835,42.53,36.82,36.89,0.0,0.0,0.0,0.0,31.19
4836,43.46,36.82,87.82,50.0,0.0,0.0,0.0,31.19
4837,44.03,36.82,88.39,50.0,0.0,0.298,0.0,31.19
4838,44.22,36.82,63.01,24.43,0.0,0.5961,0.0,31.19
4839,44.03,36.82,71.39,33.0,0.0,0.7417,0.0,31.19
4840,43.46,36.82,47.78,9.96,0.0,0.9384,0.0,31.19
4841,42.53,36.82,37.26,0.37,0.0,0.9978,0.0,31.19
4842,41.29,36.82,18.76,0.0,16.89,1.0,0.0,31.19
4843,39.77,27.69,2.74,0.0,32.99,0.8884,0.0,23.64
4844,38.04,30.55,0.0,0.0,7.5,0.6706,0.0,0.0
4845,36.17,36.82,0.0,0.66,0.0,0.6211,0.0,0.0
4846,34.22,36.82,0.0,2.61,0.0,0.625,0.0,0.0
4847,34.22,36.82,0.0,2.61,0.0,0.6405,0.0,0.0
4848,34.18,33.6,0.0,0.0,0.58,0.656,0.0,0.0
4849,34.18,25.01,0.0,0.0,9.17,0.6522,0.0,0.0
4850,34.18,20.18,0.0,0.0,13.99,0.5917,0.0,0.0
4851,34.18,16.02,0.0,0.0,18.15,0.4993,0.0,0.0
4852,34.18,9.5,0.0,0.0,24.68,0.3794,0.0,0.0
4853,34.18,10.92,0.0,0.0,23.26,0.2164,0.0,0.0
4854,34.18,22.51,2.16,0.0,9.5,0.0628,0.0,0.0
4855,36.13,27.69,16.76,3.75,0.0,0.0,0.0,4.57
4856,38.0,22.51,43.29,0.0,3.38,0.0224,0.0,31.19
4857,39.73,5.09,65.83,0.0,0.0,0.0,0.0,31.19
4858,41.25,20.18,52.25,0.0,0.0,0.0,0.0,31.19
4859,42.49,25.01,48.67,0.0,0.0,0.0,0.0,31.19
4860,43.42,33.6,69.83,28.83,0.0,0.0,0.0,31.19
4861,43.98,36.82,88.35,50.0,0.0,0.1718,0.0,31.19
4862,44.18,36.82,84.55,46.01,0.0,0.4699,0.0,31.19
4863,43.98,36.82,66.34,27.99,0.0,0.7441,0.0,31.19
4864,43.42,36.82,52.71,14.93,0.0,0.911,0.0,31.19
4865,42.49,36.82,27.81,0.0,0.0,1.0,0.0,22.14
4866,41.25,36.82,8.57,0.0,0.0,1.0,0.0,4.14
4867,39.73,36.82,1.66,0.0,1.25,1.0,0.0,0.0
4868,38.0,36.82,0.0,0.0,1.18,0.9918,0.0,0.0
4869,36.13,27.69,0.0,0.0,8.44,0.984,0.0,0.0
4870,34.18,20.18,0.0,0.0,13.99,0.9282,0.0,0.0
4871,34.18,20.18,0.0,0.0,13.99,0.8358,0.0,0.0
4872,34.14,16.02,0.0,0.0,18.11,0.7434,0.0,0.0
4873,34.14,9.5,0.0,0.0,0.0,0.6237,24.64,0.0
4874,34.14,5.04,0.0,0.0,29.1,0.6237,0.0,0.0
4875,34.14,1.77,0.0,0.0,1.18,0.4316,31.19,0.0
4876,34.14,1.03,0.0,0.0,20.83,0.4238,12.28,0.0
4877,34.14,2.25,0.0,0.0,0.7,0.2862,31.19,0.0
4878,34.14,8.2,2.45,0.0,0.0,0.2816,23.48,0.0
4879,36.09,10.92,15.37,0.0,0.0,0.2816,9.8,0.0
4880,37.96,5.04,28.96,0.0,0.0,0.2816,3.96,0.0
4881,39.69,2.81,29.39,0.0,0.0,0.2816,7.49,0.0
4882,41.21,2.25,34.0,0.0,0.0,0.2816,4.96,0.0
4883,42.45,1.77,36.24,0.0,0.0,0.2816,4.44,0.0
4884,43.37,0.75,50.89,8.27,0.0,0.2816,0.0,0.0
4885,43.94,0.07,46.17,2.29,0.0,0.3309,0.0,0.0
4886,44.14,0.07,57.27,13.2,0.0,0.3445,0.0,0.0
4887,43.94,1.03,52.27,9.35,0.0,0.4232,0.0,0.0
4888,43.37,2.25,17.89,0.0,0.0,0.4789,23.23,0.0
4889,42.45,2.25,16.44,0.0,0.0,0.4789,23.75,0.0
4890,41.21,0.75,10.89,0.0,0.0,0.4789,29.57,0.0
4891,39.69,0.0,1.33,0.0,7.17,0.4789,31.19,0.0
4892,37.96,0.0,0.0,0.0,6.78,0.4316,31.19,0.0
4893,36.09,0.0,0.0,0.0,4.9,0.3868,31.19,0.0
4894,34.14,0.0,0.0,0.0,2.95,0.3544,31.19,0.0
4895,34.14,0.07,0.0,0.0,2.88,0.335,31.19,0.0
4896,34.1,0.13,0.0,0.0,2.78,0.3159,31.19,0.0
4897,34.1,0.07,0.0,0.0,2.84,0.2975,31.19,0.0
4898,34.1,0.01,0.0,0.0,2.9,0.2788,31.19,0.0
4899,34.1,0.0,0.0,0.0,2.91,0.2596,31.19,0.0
4900,34.1,0.0,0.0,0.0,2.91,0.2404,31.19,0.0
4901,34.1,0.01,0.0,0.0,2.9,0.2212,31.19,0.0
4902,34.1,0.75,2.84,0.0,0.0,0.202,30.5,0.0
4903,36.05,1.77,12.59,0.0,0.0,0.202,21.69,0.0
4904,37.92,1.77,23.26,0.0,0.0,0.202,12.89,0.0
4905,39.65,1.37,39.03,0.74,0.0,0.202,0.0,0.0
4906,41.17,1.77,27.06,0.0,0.0,0.2064,12.34,0.0
4907,42.41,1.77,44.51,3.87,0.0,0.2064,0.0,0.0
4908,43.33,1.03,37.47,0.0,0.0,0.2295,4.83,0.0
4909,43.9,0.22,26.49,0.0,0.0,0.2295,17.2,0.0
4910,44.1,0.0,18.24,0.0,0.0,0.2295,25.85,0.0
4911,43.9,0.0,36.43,0.0,0.0,0.2295,7.47,0.0
4912,43.33,0.0,24.42,0.0,0.0,0.2295,18.91,0.0
4913,42.41,0.0,19.9,0.0,0.0,0.2295,22.51,0.0
4914,41.17,0.0,11.13,0.0,0.0,0.2295,30.03,0.0
4915,39.65,0.0,1.8,0.0,6.67,0.2295,31.19,0.0
4916,37.92,0.0,0.0,0.0,6.74,0.1855,31.19,0.0
4917,36.05,0.0,0.0,0.0,4.86,0.141,31.19,0.0
4918,34.1,0.03,0.0,0.0,2.88,0.1089,31.19,0.0
4919,34.1,0.53,0.0,0.0,2.38,0.0898,31.19,0.0
4920,34.06,1.37,0.0,0.0,1.5,0.0741,31.19,0.0
4921,34.06,1.77,0.0,0.0,1.1,0.0642,31.19,0.0
4922,34.06,1.37,0.0,0.0,1.5,0.0569,31.19,0.0
4923,34.06,0.75,0.0,0.0,2.12,0.047,31.19,0.0
4924,34.06,0.22,0.0,0.0,2.65,0.033,31.19,0.0
4925,34.06,0.53,0.0,0.0,2.34,0.0155,31.19,0.0
4926,34.06,2.81,2.56,0.0,0.0,0.0,28.68,0.0
4927,36.01,5.04,11.35,0.0,0.0,0.0,19.62,0.0
4928,37.88,7.03,17.72,0.0,0.0,0.0,13.13,0.0
4929,39.61,8.2,42.02,0.0,0.0,0.0,0.0,10.61
4930,41.13,8.93,63.38,0.0,0.0,0.0,0.0,31.19
4931,42.37,22.51,51.05,0.0,0.0,0.0,0.0,31.19
4932,43.29,36.82,87.66,50.0,0.0,0.0,0.0,31.19
4933,43.86,36.82,88.23,50.0,0.0,0.298,0.0,31.19
4934,44.06,36.82,54.08,15.66,0.0,0.5961,0.0,31.19
4935,43.86,36.82,83.71,45.49,0.0,0.6894,0.0,31.19
4936,43.29,36.82,37.66,0.0,0.0,0.9606,0.0,31.19
4937,42.37,36.82,43.35,6.62,0.0,0.9606,0.0,31.19
4938,41.13,30.55,18.28,0.0,0.0,1.0,0.0,7.7
4939,39.61,2.25,3.22,0.0,34.14,1.0,0.0,0.0
4940,37.88,0.35,0.0,0.0,37.53,0.7745,0.0,0.0
4941,36.01,0.22,0.0,0.0,4.6,0.5266,31.19,0.0
4942,34.06,0.13,0.0,0.0,2.74,0.4962,31.19,0.0
4943,34.06,0.13,0.0,0.0,2.74,0.4781,31.19,0.0
4944,34.02,0.07,0.0,0.0,2.76,0.46,31.19,0.0
4945,34.02,0.07,0.0,0.0,2.76,0.4418,31.19,0.0
4946,34.02,0.07,0.0,0.0,2.76,0.4235,31.19,0.0
4947,34.02,0.13,0.0,0.0,26.51,0.4053,7.38,0.0
4948,34.02,0.22,0.0,0.0,33.79,0.2302,0.0,0.0
4949,34.02,1.77,0.0,0.0,1.06,0.007,31.19,0.0
4950,34.02,12.48,2.49,0.0,0.0,0.0,19.05,0.0
4951,35.97,22.51,17.76,0.0,0.0,0.0,0.0,4.31
4952,37.84,25.55,43.48,0.0,0.0,0.0,0.0,31.19
4953,39.57,36.82,67.32,33.38,0.0,0.0,0.0,31.19
4954,41.09,36.82,39.6,4.15,0.0,0.199,0.0,31.19
4955,42.33,36.82,36.69,0.0,0.0,0.2237,0.0,31.19
4956,43.25,36.82,37.62,0.0,0.0,0.2237,0.0,31.19
4957,43.82,36.82,38.19,0.0,0.0,0.2237,0.0,31.19
4958,44.02,36.82,88.38,50.0,0.0,0.2237,0.0,31.19
4959,43.82,36.82,81.59,43.4,0.0,0.5218,0.0,31.19
4960,43.25,36.82,67.18,29.56,0.0,0.7805,0.0,31.19
4961,42.33,36.82,43.96,7.26,0.0,0.9567,0.0,31.19
4962,41.09,10.92,18.25,0.0,11.92,1.0,0.0,0.0
4963,39.57,0.22,2.9,0.0,36.45,0.9213,0.0,0.0
4964,37.84,0.01,0.0,0.0,37.83,0.6805,0.0,0.0
4965,35.97,0.0,0.0,0.0,4.78,0.4306,31.19,0.0
4966,34.02,0.0,0.0,0.0,2.83,0.399,31.19,0.0
4967,34.02,0.0,0.0,0.0,34.02,0.3803,0.0,0.0
4968,33.98,0.0,0.0,0.0,2.79,0.1557,31.19,0.0
4969,33.98,0.0,0.0,0.0,9.65,0.1372,24.33,0.0
4970,33.98,0.0,0.0,0.0,2.79,0.0735,31.19,0.0
4971,33.98,0.0,0.0,0.0,2.79,0.0551,31.19,0.0
4972,33.98,0.0,0.0,0.0,2.79,0.0367,31.19,0.0
4973,33.98,0.03,0.0,0.0,2.76,0.0182,31.19,0.0
4974,33.98,1.03,2.64,0.0,0.0,0.0,30.31,0.0
4975,35.93,3.46,17.46,0.0,0.0,0.0,15.01,0.0
4976,37.8,5.98,38.93,0.0,0.0,0.0,0.0,7.1
4977,39.53,8.2,59.88,0.0,0.0,0.0,0.0,28.55
4978,41.05,12.48,59.76,0.0,0.0,0.0,0.0,31.19
4979,42.29,16.02,57.45,0.0,0.0,0.0,0.0,31.19
4980,43.22,20.18,99.13,44.91,0.0,0.0,0.0,31.19
4981,43.78,27.69,97.28,50.0,0.0,0.2677,0.0,31.19
4982,43.98,36.82,38.42,0.08,0.0,0.5658,0.0,31.19
4983,43.78,36.82,82.98,44.83,0.0,0.5662,0.0,31.19
4984,43.22,36.82,65.52,27.94,0.0,0.8335,0.0,31.19
4985,42.29,22.51,37.65,0.0,0.0,1.0,0.0,17.87
4986,41.05,2.25,15.97,0.0,18.15,1.0,4.67,0.0
4987,39.53,0.0,2.53,0.0,37.0,0.8801,0.0,0.0
4988,37.8,0.0,0.0,0.0,37.8,0.6357,0.0,0.0
4989,35.93,0.0,0.0,0.0,4.74,0.386,31.19,0.0
4990,33.98,0.0,0.0,0.0,2.79,0.3547,31.19,0.0
4991,33.98,0.0,0.0,0.0,2.79,0.3363,31.19,0.0
4992,33.94,0.0,0.0,0.0,2.75,0.3179,31.19,0.0
4993,33.94,0.0,0.0,0.0,2.75,0.2997,31.19,0.0
4994,33.94,0.0,0.0,0.0,33.94,0.2815,0.0,0.0
4995,33.94,0.0,0.0,0.0,2.75,0.0574,31.19,0.0
4996,33.94,0.0,0.0,0.0,2.75,0.0392,31.19,0.0
4997,33.94,0.0,0.0,0.0,2.75,0.021,31.19,0.0
4998,33.94,0.03,2.29,0.0,0.43,0.0029,31.19,0.0
4999,35.89,0.35,14.73,0.0,0.0,0.0,20.81,0.0
5000,37.76,0.75,41.02,0.0,0.0,0.0,0.0,4.01
5001,39.49,0.35,63.06,0.0,0.0,0.0,0.0,23.92
5002,41.01,0.13,79.24,7.17,0.0,0.0,0.0,31.19
5003,42.25,0.07,90.26,16.89,0.0,0.0428,0.0,31.19
5004,43.18,0.07,95.77,21.47,0.0,0.1434,0.0,31.19
5005,43.75,0.13,96.2,21.4,0.0,0.2714,0.0,31.19
5006,43.94,0.35,91.49,39.08,0.0,0.3989,0.0,8.82
5007,43.75,1.03,80.76,38.04,0.0,0.6319,0.0,0.0
5008,43.18,2.25,64.63,23.71,0.0,0.8587,0.0,0.0
5009,42.25,2.81,42.99,0.0,0.0,1.0,0.0,3.55
5010,41.01,0.75,17.77,0.0,22.49,1.0,0.0,0.0
5011,39.49,0.07,2.36,0.0,37.06,0.8514,0.0,0.0
5012,37.76,0.22,0.0,0.0,37.54,0.6066,0.0,0.0
5013,35.89,0.22,0.0,0.0,32.68,0.3587,2.99,0.0
5014,33.94,0.07,0.0,0.0,2.69,0.1428,31.19,0.0
5015,33.94,0.0,0.0,0.0,2.75,0.1251,31.19,0.0
5016,33.9,0.0,0.0,0.0,2.71,0.1069,31.19,0.0
5017,33.9,0.0,0.0,0.0,2.71,0.089,31.19,0.0
5018,33.9,0.0,0.0,0.0,2.71,0.0711,31.19,0.0
5019,33.9,0.01,0.0,0.0,2.7,0.0532,31.19,0.0
5020,33.9,0.01,0.0,0.0,2.7,0.0353,31.19,0.0
5021,33.9,0.07,0.0,0.0,2.65,0.0175,31.19,0.0
5022,33.9,1.77,2.11,0.0,0.0,0.0,30.01,0.0
5023,35.85,5.98,17.03,0.0,0.0,0.0,12.84,0.0
5024,37.73,16.02,42.49,0.0,0.0,0.0,0.0,20.79
5025,39.45,5.15,65.49,0.0,0.0,0.0,0.0,31.19
5026,40.97,0.0,72.16,0.0,0.0,0.0,0.0,31.19
5027,42.21,36.82,36.58,0.0,0.0,0.0,0.0,31.19
5028,43.14,36.82,37.5,0.0,0.0,0.0,0.0,31.19
5029,43.71,36.82,88.07,50.0,0.0,0.0,0.0,31.19
5030,43.9,36.82,88.26,50.0,0.0,0.298,0.0,31.19
5031,43.71,36.82,70.6,32.54,0.0,0.5961,0.0,31.19
5032,43.14,36.82,66.58,29.08,0.0,0.79,0.0,31.19
5033,42.21,36.82,42.72,6.15,0.0,0.9634,0.0,31.19
5034,40.97,36.82,17.65,0.0,0.0,1.0,0.0,13.51
5035,39.45,33.6,1.95,0.0,3.9,1.0,0.0,0.0
5036,37.73,25.01,0.0,0.0,12.72,0.9742,0.0,0.0
5037,35.85,22.51,0.0,0.0,13.34,0.8902,0.0,0.0
5038,33.9,20.18,0.0,0.0,13.71,0.8021,0.0,0.0
5039,33.9,22.51,0.0,0.0,11.39,0.7115,0.0,0.0
5040,33.86,22.51,0.0,0.0,11.35,0.6363,0.0,0.0
5041,33.86,20.18,0.0,0.0,13.68,0.5614,0.0,0.0
5042,33.86,20.18,0.0,0.0,13.68,0.471,0.0,0.0
5043,33.86,16.02,0.0,0.0,17.84,0.3807,0.0,0.0
5044,33.86,9.5,0.0,0.0,24.36,0.2629,0.0,0.0
5045,33.86,9.5,0.0,0.0,15.44,0.102,8.92,0.0
5046,33.86,18.02,2.2,0.0,0.0,0.0,13.64,0.0
5047,35.81,27.69,16.37,7.15,0.0,0.0,0.0,1.09
5048,37.69,36.82,25.6,0.0,6.45,0.0426,0.0,31.19
5049,39.42,33.6,43.68,6.68,0.0,0.0,0.0,31.19
5050,40.93,27.69,61.84,17.41,0.0,0.0398,0.0,31.19
5051,42.17,22.51,67.18,16.33,0.0,0.1436,0.0,31.19
5052,43.1,14.18,63.44,3.33,0.0,0.241,0.0,31.19
5053,43.67,8.2,65.28,29.82,0.0,0.2608,0.0,0.0
5054,43.86,4.2,74.08,34.03,0.0,0.4386,0.0,0.4
5055,43.67,2.81,79.27,38.42,0.0,0.6414,0.0,0.0
5056,43.1,1.77,63.06,21.74,0.0,0.8704,0.0,0.0
5057,42.17,1.03,41.38,0.0,0.0,1.0,0.0,0.23
5058,40.93,0.22,17.19,0.0,23.52,1.0,0.0,0.0
5059,39.42,0.0,2.3,0.0,5.93,0.8447,31.19,0.0
5060,37.69,0.0,0.0,0.0,37.69,0.8055,0.0,0.0
5061,35.81,0.01,0.0,0.0,4.62,0.5566,31.19,0.0
5062,33.86,0.01,0.0,0.0,2.67,0.5261,31.19,0.0
5063,33.86,0.01,0.0,0.0,2.67,0.5085,31.19,0.0
5064,33.82,0.01,0.0,0.0,2.63,0.4909,31.19,0.0
5065,33.82,0.0,0.0,0.0,2.63,0.4735,31.19,0.0
5066,33.82,0.0,0.0,0.0,33.82,0.4561,0.0,0.0
5067,33.82,0.0,0.0,0.0,2.64,0.2328,31.19,0.0
5068,33.82,0.0,0.0,0.0,2.64,0.2153,31.19,0.0
5069,33.82,0.0,0.0,0.0,2.64,0.1979,31.19,0.0
5070,33.82,0.03,1.96,0.0,27.33,0.1805,4.5,0.0
5071,35.77,0.07,16.77,0.0,0.0,0.0,18.93,0.0
5072,37.65,0.0,40.72,0.21,0.0,0.0,0.0,2.86
5073,39.38,0.0,60.97,0.0,0.0,0.0013,0.0,21.59
5074,40.89,0.0,75.83,34.94,0.0,0.0013,0.0,0.0
5075,42.14,0.0,85.42,12.09,0.0,0.2095,0.0,31.19
5076,43.06,0.0,88.42,45.36,0.0,0.2816,0.0,0.0
5077,43.63,0.0,72.22,28.59,0.0,0.552,0.0,0.0
5078,43.82,0.0,74.57,30.75,0.0,0.7224,0.0,0.0
5079,43.63,0.0,59.46,15.83,0.0,0.9057,0.0,0.0
5080,43.06,0.0,39.47,0.0,3.59,1.0,0.0,0.0
5081,42.14,0.0,18.79,0.0,23.35,0.9763,0.0,0.0
5082,40.89,0.0,4.27,0.0,36.62,0.8221,0.0,0.0
5083,39.38,0.0,0.37,0.0,39.01,0.5802,0.0,0.0
5084,37.65,0.0,0.0,0.0,22.78,0.3225,14.87,0.0
5085,35.77,0.0,0.0,0.0,4.59,0.1721,31.19,0.0
5086,33.82,0.0,0.0,0.0,2.64,0.1418,31.19,0.0
5087,33.82,0.0,0.0,0.0,2.64,0.1244,31.19,0.0
5088,33.78,0.0,0.0,0.0,2.6,0.107,31.19,0.0
5089,33.78,0.0,0.0,0.0,2.6,0.0898,31.19,0.0
5090,33.78,0.0,0.0,0.0,2.6,0.0727,31.19,0.0
5091,33.78,0.0,0.0,0.0,2.6,0.0555,31.19,0.0
5092,33.78,0.0,0.0,0.0,2.6,0.0383,31.19,0.0
5093,33.78,0.0,0.0,0.0,2.6,0.0212,31.19,0.0
5094,33.78,0.0,1.99,0.0,0.61,0.004,31.19,0.0
5095,35.74,0.07,15.69,0.0,0.0,0.0,19.98,0.0
5096,37.61,0.22,30.08,0.0,0.0,0.0,7.31,0.0
5097,39.34,1.37,52.16,0.0,0.0,0.0,0.0,14.18
5098,40.86,4.2,84.74,16.9,0.0,0.0,0.0,31.19
5099,42.1,7.03,78.11,11.86,0.0,0.1007,0.0,31.19
5100,43.02,12.48,78.26,16.53,0.0,0.1714,0.0,31.19
5101,43.59,18.02,78.25,21.5,0.0,0.27,0.0,31.19
5102,43.78,25.01,72.27,22.31,0.0,0.3981,0.0,31.19
5103,43.59,36.82,69.59,31.64,0.0,0.5311,0.0,31.19
5104,43.02,36.82,57.34,45.7,0.0,0.7197,0.0,5.44
5105,42.1,33.6,41.01,1.33,0.0,0.9921,0.0,31.19
5106,40.86,10.92,18.7,0.0,11.23,1.0,0.0,0.0
5107,39.34,0.53,2.77,0.0,14.96,0.9258,21.08,0.0
5108,37.61,0.07,0.0,0.0,37.55,0.827,0.0,0.0
5109,35.74,0.03,0.0,0.0,4.52,0.579,31.19,0.0
5110,33.78,0.07,0.0,0.0,2.53,0.5492,31.19,0.0
5111,33.78,0.07,0.0,0.0,33.72,0.5324,0.0,0.0
5112,33.75,0.07,0.0,0.0,2.49,0.3097,31.19,0.0
5113,33.75,0.03,0.0,0.0,2.53,0.2932,31.19,0.0
5114,33.75,0.01,0.0,0.0,33.74,0.2765,0.0,0.0
5115,33.75,0.0,0.0,0.0,2.56,0.0537,31.19,0.0
5116,33.75,0.0,0.0,0.0,2.56,0.0368,31.19,0.0
5117,33.75,0.0,0.0,0.0,2.56,0.0199,31.19,0.0
5118,33.75,0.0,2.11,0.0,0.45,0.003,31.19,0.0
5119,35.7,0.0,16.93,0.0,0.0,0.0,18.77,0.0
5120,37.57,1.37,41.26,0.0,0.0,0.0,0.0,5.06
5121,39.3,4.2,63.57,0.0,0.0,0.0,0.0,28.47
5122,40.82,5.04,80.74,13.78,0.0,0.0,0.0,31.19
5123,42.06,8.2,94.75,29.71,0.0,0.0821,0.0,31.19
5124,42.99,16.02,89.13,30.98,0.0,0.2592,0.0,31.19
5125,43.55,25.01,99.73,50.0,0.0,0.4439,0.0,31.19
5126,43.75,27.69,47.25,0.0,0.0,0.7419,0.0,31.19
5127,43.55,25.01,83.51,33.77,0.0,0.7419,0.0,31.19
5128,42.99,18.02,65.67,9.52,0.0,0.9433,0.0,31.19
5129,42.06,12.48,42.99,0.0,0.0,1.0,0.0,13.41
5130,40.82,2.81,17.52,0.0,20.48,1.0,0.0,0.0
5131,39.3,0.07,2.45,0.0,36.79,0.8647,0.0,0.0
5132,37.57,0.07,0.0,0.0,25.78,0.6217,11.73,0.0
5133,35.7,0.35,0.0,0.0,4.16,0.4515,31.19,0.0
5134,33.75,1.37,0.0,0.0,1.2,0.424,31.19,0.0
5135,33.75,3.46,0.0,0.0,30.29,0.4161,0.0,0.0
5136,33.71,5.04,0.0,0.0,28.67,0.2161,0.0,0.0
5137,33.71,5.04,0.0,0.0,0.0,0.0267,28.67,0.0
5138,33.71,4.2,0.0,0.0,0.0,0.0267,29.51,0.0
5139,33.71,2.25,0.0,0.0,0.27,0.0267,31.19,0.0
5140,33.71,0.75,0.0,0.0,1.78,0.0249,31.19,0.0
5141,33.71,0.53,0.0,0.0,2.0,0.0132,31.19,0.0
5142,33.71,1.77,1.89,0.0,0.0,0.0,30.05,0.0
5143,35.66,3.46,17.2,0.0,0.0,0.0,15.0,0.0
5144,37.54,16.02,43.36,0.0,0.0,0.0,0.0,21.84
5145,39.27,36.82,57.96,24.33,0.0,0.0,0.0,31.19
5146,40.78,0.0,72.01,0.05,0.0,0.145,0.0,31.19
5147,42.02,36.82,36.39,0.0,0.0,0.1453,0.0,31.19
5148,42.95,36.82,87.31,50.0,0.0,0.1453,0.0,31.19
5149,43.52,36.82,37.88,0.0,0.0,0.4433,0.0,31.19
5150,43.71,36.82,64.29,26.22,0.0,0.4433,0.0,31.19
5151,43.52,36.82,74.67,36.79,0.0,0.5996,0.0,31.19
5152,42.95,36.82,60.41,23.1,0.0,0.8189,0.0,31.19
5153,42.02,36.82,43.67,7.28,0.0,0.9566,0.0,31.19
5154,40.78,16.02,17.42,0.0,7.34,1.0,0.0,0.0
5155,39.27,1.03,2.56,0.0,35.68,0.9515,0.0,0.0
5156,37.54,0.35,0.0,0.0,37.18,0.7158,0.0,0.0
5157,35.66,0.75,0.0,0.0,34.91,0.4702,0.0,0.0
5158,33.71,1.37,0.0,0.0,19.42,0.2396,12.92,0.0
5159,33.71,1.03,0.0,0.0,1.5,0.1114,31.19,0.0
5160,33.67,0.53,0.0,0.0,1.96,0.1015,31.19,0.0
5161,33.67,0.22,0.0,0.0,2.27,0.0885,31.19,0.0
5162,33.67,0.03,0.0,0.0,2.46,0.0735,31.19,0.0
5163,33.67,0.0,0.0,0.0,2.49,0.0573,31.19,0.0
5164,33.67,0.0,0.0,0.0,2.49,0.0409,31.19,0.0
5165,33.67,0.0,0.0,0.0,2.49,0.0245,31.19,0.0
5166,33.67,0.07,1.2,0.0,1.22,0.008,31.19,0.0
5167,35.62,0.75,6.63,0.0,0.0,0.0,28.25,0.0
5168,37.5,3.46,12.96,0.0,0.0,0.0,21.08,0.0
5169,39.23,8.2,21.32,0.0,0.0,0.0,9.7,0.0
5170,40.74,12.48,31.19,2.92,0.0,0.0,0.0,0.0
5171,41.99,16.02,42.83,11.99,0.0,0.0174,0.0,4.87
5172,42.91,22.51,51.15,30.75,0.0,0.0889,0.0,0.0
5173,43.48,25.01,53.39,34.92,0.0,0.2722,0.0,0.0
5174,43.67,25.01,54.38,35.72,0.0,0.4803,0.0,0.0
5175,43.48,20.18,54.01,30.71,0.0,0.6932,0.0,0.0
5176,42.91,18.02,43.34,18.46,0.0,0.8763,0.0,0.0
5177,41.99,18.02,26.26,2.29,0.0,0.9863,0.0,0.0
5178,40.74,9.5,10.37,0.0,20.87,1.0,0.0,0.0
5179,39.23,8.2,1.44,0.0,29.59,0.8621,0.0,0.0
5180,37.5,18.02,0.0,0.0,19.48,0.6667,0.0,0.0
5181,35.62,30.55,0.0,0.0,5.08,0.5381,0.0,0.0
5182,33.67,25.01,0.0,0.0,8.66,0.5046,0.0,0.0
5183,33.67,18.02,0.0,0.0,0.0,0.4473,15.65,0.0
5184,33.64,14.18,0.0,0.0,0.0,0.4473,19.46,0.0
5185,33.64,5.98,0.0,0.0,15.89,0.4473,11.76,0.0
5186,33.64,1.03,0.0,0.0,32.61,0.3424,0.0,0.0
5187,33.64,0.07,0.0,0.0,2.38,0.127,31.19,0.0
5188,33.64,0.0,0.0,0.0,2.45,0.1112,31.19,0.0
5189,33.64,0.01,0.0,0.0,2.44,0.0951,31.19,0.0
5190,33.64,1.77,1.9,0.0,0.0,0.0789,29.97,0.0
5191,35.59,9.5,14.14,0.0,11.95,0.0789,0.0,0.0
5192,37.46,30.55,34.75,27.84,0.0,0.0,0.0,0.0
5193,39.19,27.69,54.88,43.37,0.0,0.1659,0.0,0.0
5194,40.71,16.02,55.42,30.74,0.0,0.4245,0.0,0.0
5195,41.95,5.98,36.7,0.73,0.0,0.6077,0.0,0.0
5196,42.88,1.03,23.8,0.0,18.05,0.6121,0.0,0.0
5197,43.44,0.03,18.14,0.0,25.27,0.4929,0.0,0.0
5198,43.64,0.0,18.78,0.0,0.0,0.326,24.86,0.0
5199,43.44,0.0,17.51,0.0,0.0,0.326,25.93,0.0
5200,42.88,0.0,13.51,0.0,0.0,0.326,29.37,0.0
5201,41.95,0.0,11.79,0.0,17.16,0.326,13.0,0.0
5202,40.71,0.0,7.34,0.0,2.18,0.2126,31.19,0.0
5203,39.19,0.0,1.06,0.0,6.95,0.1982,31.19,0.0
5204,37.46,0.22,0.0,0.0,6.06,0.1523,31.19,0.0
5205,35.59,2.25,0.0,0.0,2.15,0.1123,31.19,0.0
5206,33.64,2.25,0.0,0.0,0.2,0.0981,31.19,0.0
5207,33.64,1.37,0.0,0.0,1.09,0.0968,31.19,0.0
5208,33.6,0.53,0.0,0.0,1.89,0.0897,31.19,0.0
5209,33.6,0.22,0.0,0.0,2.19,0.0772,31.19,0.0
5210,33.6,0.07,0.0,0.0,2.35,0.0627,31.19,0.0
5211,33.6,0.03,0.0,0.0,2.39,0.0472,31.19,0.0
5212,33.6,0.01,0.0,0.0,2.41,0.0314,31.19,0.0
5213,33.6,0.07,0.0,0.0,2.35,0.0155,31.19,0.0
5214,33.6,0.75,1.74,0.0,0.0,0.0,31.12,0.0
5215,35.55,1.77,16.26,0.0,0.0,0.0,17.52,0.0
5216,37.43,1.03,41.43,0.0,0.0,0.0,0.0,5.03
5217,39.16,0.13,63.2,0.0,0.0,0.0,0.0,24.17
5218,40.67,0.0,79.11,7.25,0.0,0.0,0.0,31.19
5219,41.92,0.0,88.93,15.83,0.0,0.0432,0.0,31.19
5220,42.84,0.0,93.54,19.52,0.0,0.1376,0.0,31.19
5221,43.41,0.0,93.62,50.0,0.0,0.2539,0.0,0.21
5222,43.6,0.0,88.16,28.98,0.0,0.5519,0.0,15.58
5223,43.41,0.0,70.72,27.31,0.0,0.7247,0.0,0.0
5224,42.84,0.0,61.72,18.88,0.0,0.8875,0.0,0.0
5225,41.92,0.0,40.24,0.0,1.67,1.0,0.0,0.0
5226,40.67,0.0,17.33,0.0,23.34,0.989,0.0,0.0
5227,39.16,0.0,1.8,0.0,37.36,0.8348,0.0,0.0
5228,37.43,0.07,0.0,0.0,37.36,0.588,0.0,0.0
5229,35.55,0.35,0.0,0.0,4.01,0.3413,31.19,0.0
5230,33.6,0.75,0.0,0.0,1.67,0.3148,31.19,0.0
5231,33.6,0.75,0.0,0.0,32.85,0.3038,0.0,0.0
5232,33.57,0.75,0.0,0.0,1.63,0.0868,31.19,0.0
5233,33.57,0.75,0.0,0.0,1.63,0.076,31.19,0.0
5234,33.57,0.53,0.0,0.0,3.57,0.0652,29.47,0.0
5235,33.57,0.35,0.0,0.0,2.03,0.0416,31.19,0.0
5236,33.57,0.13,0.0,0.0,2.25,0.0283,31.19,0.0
5237,33.57,0.35,0.0,0.0,2.03,0.0134,31.19,0.0
5238,33.57,2.81,1.62,0.0,0.0,0.0,29.13,0.0
5239,35.52,5.98,15.94,0.0,0.0,0.0,13.6,0.0
5240,37.39,10.92,41.17,0.05,0.0,0.0,0.0,14.65
5241,39.12,12.48,63.77,5.94,0.0,0.0003,0.0,31.19
5242,40.64,9.5,80.25,17.93,0.0,0.0357,0.0,31.19
5243,41.88,5.98,76.65,9.56,0.0,0.1426,0.0,31.19
5244,42.8,5.04,76.09,38.32,0.0,0.1996,0.0,0.0
5245,43.37,5.04,75.93,37.59,0.0,0.428,0.0,0.0
5246,43.57,5.98,74.87,37.29,0.0,0.6521,0.0,0.0
5247,43.37,7.03,57.42,21.08,0.0,0.8743,0.0,0.0
5248,42.8,7.03,34.27,0.0,1.5,1.0,0.0,0.0
5249,41.88,7.03,18.9,0.0,15.94,0.9901,0.0,0.0
5250,40.64,1.77,8.79,0.0,25.68,0.8848,4.4,0.0
5251,39.12,0.75,1.19,0.0,5.99,0.7152,31.19,0.0
5252,37.39,4.2,0.0,0.0,33.19,0.6756,0.0,0.0
5253,35.52,8.2,0.0,0.0,27.31,0.4564,0.0,0.0
5254,33.57,5.04,0.0,0.0,28.53,0.276,0.0,0.0
5255,33.57,1.77,0.0,0.0,0.61,0.0876,31.19,0.0
5256,33.53,0.75,0.0,0.0,1.6,0.0835,31.19,0.0
5257,33.53,0.35,0.0,0.0,1.99,0.073,31.19,0.0
5258,33.53,0.22,0.0,0.0,2.12,0.0598,31.19,0.0
5259,33.53,0.07,0.0,0.0,2.28,0.0458,31.19,0.0
5260,33.53,0.03,0.0,0.0,2.32,0.0308,31.19,0.0
5261,33.53,0.13,0.0,0.0,2.22,0.0155,31.19,0.0
5262,33.53,0.75,1.47,0.0,0.13,0.0008,31.19,0.0
5263,35.48,1.77,15.75,0.0,0.0,0.0,17.96,0.0
5264,37.36,7.03,34.87,4.55,0.0,0.0,0.0,0.0
5265,39.09,10.92,54.31,26.15,0.0,0.0271,0.0,0.0
5266,40.6,7.03,68.55,34.98,0.0,0.183,0.0,0.0
5267,41.85,3.46,76.49,14.73,0.0,0.3915,0.0,23.38
5268,42.77,1.03,75.4,33.66,0.0,0.4793,0.0,0.0
5269,43.34,0.53,73.8,30.98,0.0,0.6799,0.0,0.0
5270,43.53,0.53,65.72,22.71,0.0,0.8646,0.0,0.0
5271,43.34,1.03,39.38,0.0,2.94,1.0,0.0,0.0
5272,42.77,1.77,27.69,0.0,13.31,0.9806,0.0,0.0
5273,41.85,2.25,19.98,0.0,19.62,0.8927,0.0,0.0
5274,40.6,0.35,8.46,0.0,0.6,0.7631,31.19,0.0
5275,39.09,0.03,1.0,0.0,38.06,0.7592,0.0,0.0
5276,37.36,0.22,0.0,0.0,37.14,0.5078,0.0,0.0
5277,35.48,0.53,0.0,0.0,21.56,0.2625,13.4,0.0
5278,33.53,0.53,0.0,0.0,1.82,0.1201,31.19,0.0
5279,33.53,0.35,0.0,0.0,1.99,0.1081,31.19,0.0
5280,33.5,0.22,0.0,0.0,2.09,0.095,31.19,0.0
5281,33.5,0.07,0.0,0.0,2.24,0.0812,31.19,0.0
5282,33.5,0.01,0.0,0.0,2.3,0.0663,31.19,0.0
5283,33.5,0.0,0.0,0.0,2.31,0.0511,31.19,0.0
5284,33.5,0.0,0.0,0.0,2.31,0.0359,31.19,0.0
5285,33.5,0.0,0.0,0.0,2.31,0.0206,31.19,0.0
5286,33.5,0.07,1.43,0.0,0.82,0.0054,31.19,0.0
5287,35.45,0.75,15.52,0.0,0.0,0.0,19.17,0.0
5288,37.32,5.04,39.62,0.0,0.0,0.0,0.0,7.34
5289,39.05,12.48,62.15,4.39,0.0,0.0,0.0,31.19
5290,40.57,0.0,71.75,0.0,0.0,0.0262,0.0,31.19
5291,41.81,25.01,47.99,0.0,0.0,0.0262,0.0,31.19
5292,42.73,33.6,40.32,0.0,0.0,0.0262,0.0,31.19
5293,43.3,36.82,87.67,50.0,0.0,0.0262,0.0,31.19
5294,43.5,36.82,77.27,39.41,0.0,0.3242,0.0,31.19
5295,43.3,36.82,81.17,43.5,0.0,0.5592,0.0,31.19
5296,42.73,36.82,63.28,26.18,0.0,0.8185,0.0,31.19
5297,41.81,36.82,40.44,4.27,0.0,0.9745,0.0,31.19
5298,40.57,16.02,15.67,0.0,8.88,1.0,0.0,0.0
5299,39.05,1.77,1.48,0.0,35.8,0.9414,0.0,0.0
5300,37.32,1.37,0.0,0.0,34.39,0.7049,1.56,0.0
5301,35.45,3.46,0.0,0.0,31.99,0.4777,0.0,0.0
5302,33.5,5.04,0.0,0.0,28.46,0.2665,0.0,0.0
5303,33.5,4.2,0.0,0.0,0.0,0.0785,29.3,0.0
5304,33.46,1.77,0.0,0.0,0.5,0.0785,31.19,0.0
5305,33.46,0.53,0.0,0.0,1.75,0.0752,31.19,0.0
5306,33.46,0.13,0.0,0.0,2.15,0.0636,31.19,0.0
5307,33.46,0.03,0.0,0.0,2.25,0.0494,31.19,0.0
5308,33.46,0.01,0.0,0.0,2.27,0.0346,31.19,0.0
5309,33.46,0.0,0.0,0.0,2.27,0.0196,31.19,0.0
5310,33.46,0.35,1.23,0.0,0.7,0.0046,31.19,0.0
5311,35.41,1.77,15.61,0.0,0.0,0.0,18.03,0.0
5312,37.29,27.69,39.55,0.0,0.0,0.0,0.0,29.95
5313,39.02,36.82,62.26,28.88,0.0,0.0,0.0,31.19
5314,40.53,36.82,80.38,45.49,0.0,0.1721,0.0,31.19
5315,41.78,36.82,54.39,18.25,0.0,0.4433,0.0,31.19
5316,42.7,36.82,37.06,0.0,0.0,0.5521,0.0,31.19
5317,43.27,36.82,66.95,29.31,0.0,0.5521,0.0,31.19
5318,43.46,36.82,64.63,26.81,0.0,0.7268,0.0,31.19
5319,43.27,36.82,56.34,18.71,0.0,0.8866,0.0,31.19
5320,42.7,36.82,37.38,0.32,0.0,0.9981,0.0,31.19
5321,41.78,36.82,25.73,0.0,0.0,1.0,0.0,20.78
5322,40.53,18.02,15.28,0.0,7.23,1.0,0.0,0.0
5323,39.02,5.98,1.34,0.0,31.7,0.9522,0.0,0.0
5324,37.29,7.03,0.0,0.0,30.25,0.7429,0.0,0.0
5325,35.41,9.5,0.0,0.0,25.92,0.543,0.0,0.0
5326,33.46,8.2,0.0,0.0,20.75,0.3719,4.51,0.0
5327,33.46,5.04,0.0,0.0,28.42,0.2349,0.0,0.0
5328,33.43,2.25,0.0,0.0,0.0,0.0471,31.17,0.0
5329,33.43,1.03,0.0,0.0,1.22,0.0471,31.19,0.0
5330,33.43,0.75,0.0,0.0,1.49,0.0391,31.19,0.0
5331,33.43,1.03,0.0,0.0,1.22,0.0292,31.19,0.0
5332,33.43,0.75,0.0,0.0,1.49,0.0212,31.19,0.0
5333,33.43,0.53,0.0,0.0,1.72,0.0113,31.19,0.0
5334,33.43,2.81,1.0,0.0,0.0,0.0,29.61,0.0
5335,35.38,5.98,14.15,0.0,0.0,0.0,15.25,0.0
5336,37.25,7.03,36.71,0.0,0.0,0.0,0.0,6.49
5337,38.98,5.04,59.33,0.0,0.0,0.0,0.0,25.38
5338,40.5,7.03,69.07,4.42,0.0,0.0,0.0,31.19
5339,41.74,12.48,89.34,28.89,0.0,0.0264,0.0,31.19
5340,42.67,16.02,96.08,38.25,0.0,0.1986,0.0,31.19
5341,43.24,18.02,95.84,39.44,0.0,0.4265,0.0,31.19
5342,43.43,20.18,89.19,34.76,0.0,0.6616,0.0,31.19
5343,43.24,22.51,64.77,13.46,0.0,0.8688,0.0,30.58
5344,42.67,22.51,59.89,8.55,0.0,0.9491,0.0,31.19
5345,41.74,20.18,38.24,0.0,0.0,1.0,0.0,16.68
5346,40.5,5.98,14.97,0.0,19.55,1.0,0.0,0.0
5347,38.98,0.75,1.09,0.0,37.15,0.8709,0.0,0.0
5348,37.25,0.75,0.0,0.0,36.51,0.6255,0.0,0.0
5349,35.38,1.37,0.0,0.0,34.01,0.3844,0.0,0.0
5350,33.43,1.77,0.0,0.0,0.47,0.1598,31.19,0.0
5351,33.43,1.37,0.0,0.0,0.88,0.1567,31.19,0.0
5352,33.39,1.03,0.0,0.0,1.18,0.1509,31.19,0.0
5353,33.39,0.75,0.0,0.0,1.46,0.1431,31.19,0.0
5354,33.39,0.75,0.0,0.0,15.2,0.1334,17.45,0.0
5355,33.39,0.53,0.0,0.0,1.68,0.033,31.19,0.0
5356,33.39,0.35,0.0,0.0,1.86,0.0219,31.19,0.0
5357,33.39,0.75,0.0,0.0,1.46,0.0096,31.19,0.0
5358,33.39,5.98,0.78,0.0,0.0,0.0,26.63,0.0
5359,35.35,14.18,14.82,0.0,0.0,0.0,6.35,0.0
5360,37.22,31.31,37.09,0.0,0.0,0.0,0.0,31.19
5361,38.95,36.82,58.82,25.51,0.0,0.0,0.0,31.19
5362,40.47,36.82,34.83,0.0,0.0,0.152,0.0,31.19
5363,41.71,36.82,36.07,0.0,0.0,0.152,0.0,31.19
5364,42.63,36.82,37.0,0.0,0.0,0.152,0.0,31.19
5365,43.2,36.82,87.57,50.0,0.0,0.152,0.0,31.19
5366,43.39,36.82,76.97,39.21,0.0,0.4501,0.0,31.19
5367,43.2,36.82,69.19,31.62,0.0,0.6838,0.0,31.19
5368,42.63,36.82,58.42,21.42,0.0,0.8723,0.0,31.19
5369,41.71,33.6,36.55,0.0,0.0,1.0,0.0,28.44
5370,40.47,9.5,14.08,0.0,16.89,1.0,0.0,0.0
5371,38.95,1.37,0.74,0.0,18.36,0.8884,18.48,0.0
5372,37.22,1.37,0.0,0.0,35.86,0.7672,0.0,0.0
5373,35.35,2.25,0.0,0.0,1.91,0.5303,31.19,0.0
5374,33.39,2.25,0.0,0.0,31.14,0.5178,0.0,0.0
5375,33.39,1.37,0.0,0.0,0.84,0.3121,31.19,0.0
5376,33.36,1.03,0.0,0.0,32.34,0.3065,0.0,0.0
5377,33.36,0.75,0.0,0.0,1.43,0.0929,31.19,0.0
5378,33.36,1.03,0.0,0.0,1.15,0.0835,31.19,0.0
5379,33.36,1.37,0.0,0.0,0.81,0.0759,31.19,0.0
5380,33.36,1.77,0.0,0.0,0.4,0.0706,31.19,0.0
5381,33.36,2.25,0.0,0.0,0.0,0.0679,31.11,0.0
5382,33.36,5.98,0.23,0.0,0.0,0.0679,27.15,0.0
5383,35.31,10.92,13.1,0.0,0.0,0.0679,11.29,0.0
5384,37.19,8.2,29.41,0.42,0.0,0.0679,0.0,0.0
5385,38.92,5.98,39.68,6.74,0.0,0.0704,0.0,0.0
5386,40.43,5.98,45.43,10.98,0.0,0.1106,0.0,0.0
5387,41.68,7.03,46.47,11.83,0.0,0.176,0.0,0.0
5388,42.6,5.98,48.79,12.17,0.0,0.2465,0.0,0.0
5389,43.17,3.46,48.32,8.61,0.0,0.3191,0.0,0.0
5390,43.36,1.77,38.85,0.0,0.0,0.3704,2.74,0.0
5391,43.17,0.75,29.85,0.0,0.0,0.3704,12.57,0.0
5392,42.6,0.22,23.64,0.0,0.0,0.3704,18.74,0.0
5393,41.68,0.07,17.7,0.0,0.0,0.3704,23.91,0.0
5394,40.43,0.0,7.09,0.0,2.16,0.3704,31.19,0.0
5395,38.92,0.0,0.2,0.0,7.53,0.3562,31.19,0.0
5396,37.19,0.0,0.0,0.0,6.0,0.3064,31.19,0.0
5397,35.31,0.01,0.0,0.0,4.12,0.2668,31.19,0.0
5398,33.36,2.81,0.0,0.0,0.0,0.2396,30.55,0.0
5399,33.36,14.18,0.0,0.0,0.0,0.2396,19.19,0.0
5400,33.33,25.01,0.0,0.0,0.0,0.2396,8.32,0.0
5401,33.33,25.01,0.0,0.0,0.0,0.2396,8.32,0.0
5402,33.33,22.51,0.0,0.0,0.0,0.2396,10.82,0.0
5403,33.33,18.02,0.0,0.0,0.0,0.2396,15.31,0.0
5404,33.33,12.48,0.0,0.0,0.0,0.2396,20.85,0.0
5405,33.33,9.5,0.0,0.0,0.0,0.2396,23.83,0.0
5406,33.33,8.2,0.07,0.0,0.0,0.2396,25.05,0.0
5407,35.28,8.2,2.17,0.0,0.0,0.2396,24.91,0.0
5408,37.16,3.46,4.39,0.0,0.0,0.2396,29.3,0.0
5409,38.89,2.25,8.36,0.0,0.0,0.2396,28.27,0.0
5410,40.4,2.25,12.0,0.0,0.0,0.2396,26.15,0.0
5411,41.64,2.25,13.53,0.0,0.0,0.2396,25.86,0.0
5412,42.57,1.37,15.72,0.0,0.0,0.2396,25.48,0.0
5413,43.14,1.03,19.56,0.0,0.0,0.2396,22.55,0.0
5414,43.33,0.53,21.09,0.0,0.0,0.2396,21.71,0.0
5415,43.14,0.53,18.74,0.0,0.0,0.2396,23.87,0.0
5416,42.57,0.53,13.82,0.0,0.0,0.2396,28.22,0.0
5417,41.64,0.75,7.2,0.0,2.51,0.2396,31.19,0.0
5418,40.4,0.22,2.21,0.0,6.78,0.223,31.19,0.0
5419,38.89,0.03,0.0,0.0,7.67,0.1783,31.19,0.0
5420,37.16,0.03,0.0,0.0,5.94,0.1276,31.19,0.0
5421,35.28,0.07,0.0,0.0,4.03,0.0883,31.19,0.0
5422,33.33,0.07,0.0,0.0,2.08,0.0617,31.19,0.0
5423,33.33,0.03,0.0,0.0,2.12,0.048,31.19,0.0
5424,33.3,0.03,0.0,0.0,2.08,0.034,31.19,0.0
5425,33.3,0.13,0.0,0.0,1.98,0.0203,31.19,0.0
5426,33.3,1.03,0.0,0.0,1.09,0.0072,31.19,0.0
5427,33.3,5.04,0.0,0.0,0.0,0.0,28.26,0.0
5428,33.3,14.18,0.0,0.0,0.0,0.0,19.12,0.0
5429,33.3,25.01,0.0,0.0,0.0,0.0,8.29,0.0
5430,33.3,36.82,0.0,3.53,0.0,0.0,0.0,0.0
5431,35.25,36.82,0.38,1.96,0.0,0.021,0.0,0.0
5432,37.12,36.82,1.45,1.15,0.0,0.0327,0.0,0.0
5433,38.85,36.82,3.0,0.97,0.0,0.0395,0.0,0.0
5434,40.37,36.82,5.09,1.55,0.0,0.0453,0.0,0.0
5435,41.61,36.82,7.01,2.22,0.0,0.0545,0.0,0.0
5436,42.54,36.82,8.97,3.26,0.0,0.0678,0.0,0.0
5437,43.11,36.82,11.08,4.8,0.0,0.0872,0.0,0.0
5438,43.3,36.82,14.37,7.9,0.0,0.1158,0.0,0.0
5439,43.11,36.82,17.23,10.95,0.0,0.1629,0.0,0.0
5440,42.54,36.82,17.05,11.34,0.0,0.2281,0.0,0.0
5441,41.61,22.51,14.28,0.0,0.0,0.2957,4.82,0.0
5442,40.37,5.04,8.98,0.0,0.0,0.2957,26.35,0.0
5443,38.85,0.35,0.98,0.0,17.05,0.2957,20.47,0.0
5444,37.12,0.07,0.0,0.0,5.87,0.1831,31.19,0.0
5445,35.25,0.01,0.0,0.0,4.05,0.1443,31.19,0.0
5446,33.3,0.01,0.0,0.0,2.1,0.1175,31.19,0.0
5447,33.3,0.01,0.0,0.0,2.1,0.1036,31.19,0.0
5448,33.27,0.0,0.0,0.0,2.08,0.0897,31.19,0.0
5449,33.27,0.0,0.0,0.0,2.08,0.076,31.19,0.0
5450,33.27,0.0,0.0,0.0,2.08,0.0623,31.19,0.0
5451,33.27,0.0,0.0,0.0,2.08,0.0485,31.19,0.0
5452,33.27,0.0,0.0,0.0,2.08,0.0348,31.19,0.0
5453,33.27,0.0,0.0,0.0,2.08,0.021,31.19,0.0
5454,33.27,0.01,0.97,0.0,1.11,0.0073,31.19,0.0
5455,35.22,0.22,16.75,0.0,0.0,0.0,18.24,0.0
5456,37.09,0.53,38.66,0.0,0.0,0.0,0.0,2.09
5457,38.82,1.77,65.39,0.0,0.0,0.0,0.0,28.34
5458,40.34,1.77,57.79,0.0,0.0,0.0,0.0,19.22
5459,41.58,1.03,94.02,22.28,0.0,0.0,0.0,31.19
5460,42.51,0.35,98.8,49.28,0.0,0.1328,0.0,7.37
5461,43.07,0.13,97.85,23.71,0.0,0.4265,0.0,31.19
5462,43.27,0.22,90.71,16.48,0.0,0.5679,0.0,31.19
5463,43.07,0.35,79.15,36.43,0.0,0.6661,0.0,0.0
5464,42.51,0.53,61.57,19.59,0.0,0.8833,0.0,0.0
5465,41.58,0.75,38.66,0.0,2.18,1.0,0.0,0.0
5466,40.34,0.07,13.3,0.0,0.72,0.9856,26.25,0.0
5467,38.82,0.0,0.73,0.0,38.09,0.9809,0.0,0.0
5468,37.09,0.0,0.0,0.0,37.09,0.7293,0.0,0.0
5469,35.22,0.0,0.0,0.0,4.03,0.4843,31.19,0.0
5470,33.27,0.0,0.0,0.0,33.27,0.4577,0.0,0.0
5471,33.27,0.07,0.0,0.0,2.01,0.2379,31.19,0.0
5472,33.24,0.53,0.0,0.0,32.71,0.2246,0.0,0.0
5473,33.24,1.03,0.0,0.0,1.02,0.0086,31.19,0.0
5474,33.24,1.77,0.0,0.0,0.28,0.0018,31.19,0.0
5475,33.24,2.81,0.0,0.0,0.0,0.0,30.42,0.0
5476,33.24,4.2,0.0,0.0,0.0,0.0,29.04,0.0
5477,33.24,8.2,0.0,0.0,0.0,0.0,25.03,0.0
5478,33.24,14.18,0.0,0.0,0.0,0.0,19.06,0.0
5479,35.19,18.02,0.29,0.0,0.0,0.0,16.88,0.0
5480,37.06,36.82,1.14,0.91,0.0,0.0,0.0,0.0
5481,38.79,36.82,2.49,0.52,0.0,0.0054,0.0,0.0
5482,40.31,36.82,7.73,4.25,0.0,0.0085,0.0,0.0
5483,41.55,36.82,12.45,7.72,0.0,0.0338,0.0,0.0
5484,42.47,36.82,6.67,1.02,0.0,0.0798,0.0,0.0
5485,43.04,36.82,23.94,17.72,0.0,0.0859,0.0,0.0
5486,43.24,36.82,16.01,9.59,0.0,0.1915,0.0,0.0
5487,43.04,36.82,7.09,0.87,0.0,0.2487,0.0,0.0
5488,42.47,36.82,16.7,11.05,0.0,0.2539,0.0,0.0
5489,41.55,30.55,4.88,0.0,0.0,0.3197,6.13,0.0
5490,40.31,12.48,1.78,0.0,16.12,0.3197,9.92,0.0
5491,38.79,2.25,0.0,0.0,5.35,0.2132,31.19,0.0
5492,37.06,0.35,0.0,0.0,5.52,0.1779,31.19,0.0
5493,35.19,0.07,0.0,0.0,3.93,0.1414,31.19,0.0
5494,33.24,0.0,0.0,0.0,2.05,0.1154,31.19,0.0
5495,33.24,0.0,0.0,0.0,2.05,0.1019,31.19,0.0
5496,33.21,0.0,0.0,0.0,2.02,0.0883,31.19,0.0
5497,33.21,0.0,0.0,0.0,2.02,0.075,31.19,0.0
5498,33.21,0.0,0.0,0.0,2.02,0.0617,31.19,0.0
5499,33.21,0.0,0.0,0.0,2.02,0.0483,31.19,0.0
5500,33.21,0.0,0.0,0.0,2.02,0.035,31.19,0.0
5501,33.21,0.0,0.0,0.0,2.02,0.0217,31.19,0.0
5502,33.21,0.22,0.54,0.0,1.26,0.0083,31.19,0.0
5503,35.16,0.53,9.12,0.0,0.0,0.0,25.52,0.0
5504,37.03,4.2,22.73,0.0,0.0,0.0,10.1,0.0
5505,38.76,12.48,42.32,0.0,0.0,0.0,0.0,16.04
5506,40.28,18.02,38.16,5.74,0.0,0.0,0.0,10.17
5507,41.52,18.02,52.93,29.44,0.0,0.0342,0.0,0.0
5508,42.44,16.02,63.45,37.03,0.0,0.2097,0.0,0.0
5509,43.01,16.02,65.43,38.44,0.0,0.4304,0.0,0.0
5510,43.21,18.02,67.94,42.76,0.0,0.6595,0.0,0.0
5511,43.01,20.18,37.19,14.36,0.0,0.9144,0.0,0.0
5512,42.44,14.18,16.54,0.0,11.72,1.0,0.0,0.0
5513,41.52,5.98,1.05,0.0,34.49,0.9226,0.0,0.0
5514,40.28,0.75,0.19,0.0,39.34,0.6947,0.0,0.0
5515,38.76,0.01,0.0,0.0,7.57,0.4349,31.19,0.0
5516,37.03,0.0,0.0,0.0,5.85,0.3849,31.19,0.0
5517,35.16,0.0,0.0,0.0,3.97,0.3463,31.19,0.0
5518,33.21,0.0,0.0,0.0,2.02,0.3201,31.19,0.0
5519,33.21,0.0,0.0,0.0,2.02,0.3067,31.19,0.0
5520,33.18,0.0,0.0,0.0,27.48,0.2934,5.7,0.0
5521,33.18,0.0,0.0,0.0,1.99,0.1119,31.19,0.0
5522,33.18,0.0,0.0,0.0,1.99,0.0988,31.19,0.0
5523,33.18,0.0,0.0,0.0,1.99,0.0856,31.19,0.0
5524,33.18,0.0,0.0,0.0,1.99,0.0725,31.19,0.0
5525,33.18,0.0,0.0,0.0,1.99,0.0593,31.19,0.0
5526,33.18,0.35,0.0,0.0,1.64,0.0462,31.19,0.0
5527,35.13,1.37,2.01,0.0,0.57,0.0354,31.19,0.0
5528,37.0,1.37,5.53,0.0,0.0,0.0316,30.1,0.0
5529,38.73,2.81,18.81,0.0,0.0,0.0316,17.11,0.0
5530,40.25,5.98,29.31,0.0,0.0,0.0316,4.96,0.0
5531,41.49,5.98,34.92,0.0,0.0,0.0316,0.59,0.0
5532,42.41,5.04,36.82,0.0,0.0,0.0316,0.55,0.0
5533,42.98,4.2,54.54,15.75,0.0,0.0316,0.0,0.0
5534,43.18,3.46,53.3,13.58,0.0,0.1256,0.0,0.0
5535,42.98,3.46,30.0,0.0,0.0,0.2065,9.52,0.0
5536,42.41,4.2,27.51,0.0,0.0,0.2065,10.7,0.0
5537,41.49,3.46,30.16,0.0,0.0,0.2065,7.87,0.0
5538,40.25,1.03,8.43,0.0,0.0,0.2065,30.79,0.0
5539,38.73,0.22,0.28,0.0,7.05,0.2065,31.19,0.0
5540,37.0,0.22,0.0,0.0,5.59,0.16,31.19,0.0
5541,35.13,0.22,0.0,0.0,3.72,0.123,31.19,0.0
5542,33.18,0.07,0.0,0.0,1.92,0.0984,31.19,0.0
5543,33.18,0.03,0.0,0.0,1.96,0.0857,31.19,0.0
5544,33.15,0.01,0.0,0.0,1.95,0.0728,31.19,0.0
5545,33.15,0.01,0.0,0.0,1.95,0.0599,31.19,0.0
5546,33.15,0.01,0.0,0.0,1.95,0.047,31.19,0.0
5547,33.15,0.07,0.0,0.0,1.89,0.0341,31.19,0.0
5548,33.15,0.13,0.0,0.0,1.83,0.0216,31.19,0.0
5549,33.15,0.53,0.0,0.0,1.44,0.0095,31.19,0.0
5550,33.15,2.81,0.5,0.0,0.0,0.0,29.83,0.0
5551,35.1,5.04,2.21,0.0,0.0,0.0,27.85,0.0
5552,36.97,12.48,11.33,0.0,0.0,0.0,13.17,0.0
5553,38.7,16.02,8.44,0.0,0.0,0.0,14.24,0.0
5554,40.22,16.02,19.11,0.0,0.0,0.0,5.08,0.0
5555,41.46,12.48,49.43,20.45,0.0,0.0,0.0,0.0
5556,42.39,8.2,79.59,45.41,0.0,0.1219,0.0,0.0
5557,42.95,5.04,76.4,38.48,0.0,0.3926,0.0,0.0
5558,43.15,1.77,43.36,1.98,0.0,0.622,0.0,0.0
5559,42.95,0.35,52.14,9.54,0.0,0.6338,0.0,0.0
5560,42.39,0.07,37.26,0.0,5.06,0.6906,0.0,0.0
5561,41.46,0.07,34.19,0.0,7.2,0.6572,0.0,0.0
5562,40.22,0.01,13.82,0.0,26.39,0.6097,0.0,0.0
5563,38.7,0.0,0.19,0.0,38.51,0.4353,0.0,0.0
5564,36.97,0.01,0.0,0.0,7.05,0.181,29.92,0.0
5565,35.1,0.03,0.0,0.0,3.88,0.1344,31.19,0.0
5566,33.15,0.03,0.0,0.0,1.93,0.1088,31.19,0.0
5567,33.15,0.07,0.0,0.0,1.89,0.096,31.19,0.0
5568,33.12,0.07,0.0,0.0,1.87,0.0835,31.19,0.0
5569,33.12,0.07,0.0,0.0,1.87,0.0712,31.19,0.0
5570,33.12,0.03,0.0,0.0,1.9,0.0589,31.19,0.0
5571,33.12,0.01,0.0,0.0,1.92,0.0463,31.19,0.0
5572,33.12,0.0,0.0,0.0,1.93,0.0336,31.19,0.0
5573,33.12,0.01,0.0,0.0,1.92,0.0208,31.19,0.0
5574,33.12,0.35,0.35,0.0,1.23,0.0081,31.19,0.0
5575,35.07,0.75,13.9,0.0,0.0,0.0,20.42,0.0
5576,36.95,0.03,38.58,0.0,0.0,0.0,0.0,1.66
5577,38.67,0.0,61.01,0.0,0.0,0.0,0.0,22.34
5578,40.19,0.0,77.65,6.27,0.0,0.0,0.0,31.19
5579,41.43,0.0,89.23,16.61,0.0,0.0374,0.0,31.19
5580,42.36,0.03,95.51,22.0,0.0,0.1364,0.0,31.19
5581,42.93,0.13,95.95,41.0,0.0,0.2675,0.0,12.16
5582,43.12,0.35,89.65,46.88,0.0,0.5119,0.0,0.0
5583,42.93,0.35,77.58,35.0,0.0,0.7914,0.0,0.0
5584,42.36,0.22,10.76,0.0,0.19,1.0,31.19,0.0
5585,41.43,0.01,14.25,0.0,27.18,0.9988,0.0,0.0
5586,40.19,0.0,3.69,0.0,36.5,0.8193,0.0,0.0
5587,38.67,0.0,0.0,0.0,38.67,0.5782,0.0,0.0
5588,36.95,0.0,0.0,0.0,28.21,0.3228,8.74,0.0
5589,35.07,0.0,0.0,0.0,3.88,0.1364,31.19,0.0
5590,33.12,0.0,0.0,0.0,1.93,0.1108,31.19,0.0
5591,33.12,0.0,0.0,0.0,1.93,0.098,31.19,0.0
5592,33.09,0.0,0.0,0.0,1.9,0.0853,31.19,0.0
5593,33.09,0.0,0.0,0.0,1.9,0.0727,31.19,0.0
5594,33.09,0.0,0.0,0.0,1.9,0.0601,31.19,0.0
5595,33.09,0.0,0.0,0.0,1.9,0.0476,31.19,0.0
5596,33.09,0.0,0.0,0.0,1.9,0.035,31.19,0.0
5597,33.09,0.0,0.0,0.0,1.9,0.0224,31.19,0.0
5598,33.09,0.0,0.42,0.0,1.49,0.0098,31.19,0.0
5599,35.04,0.0,10.67,0.0,0.0,0.0,24.38,0.0
5600,36.92,0.0,32.92,0.0,0.0,0.0,4.0,0.0
5601,38.65,0.0,50.62,11.98,0.0,0.0,0.0,0.0
5602,40.16,0.0,55.71,15.55,0.0,0.0714,0.0,0.0
5603,41.4,0.0,69.1,27.7,0.0,0.1641,0.0,0.0
5604,42.33,0.0,71.04,28.71,0.0,0.3292,0.0,0.0
5605,42.9,0.0,73.28,30.38,0.0,0.5003,0.0,0.0
5606,43.09,0.0,67.73,24.64,0.0,0.6814,0.0,0.0
5607,42.9,0.0,59.57,16.67,0.0,0.8283,0.0,0.0
5608,42.33,0.0,50.89,8.56,0.0,0.9277,0.0,0.0
5609,41.4,0.0,34.55,0.0,6.86,0.9787,0.0,0.0
5610,40.16,0.0,11.85,0.0,28.31,0.9334,0.0,0.0
5611,38.65,0.0,0.0,0.0,38.65,0.7464,0.0,0.0
5612,36.92,0.0,0.0,0.0,36.92,0.4911,0.0,0.0
5613,35.04,0.03,0.0,0.0,3.83,0.2473,31.19,0.0
5614,33.09,0.03,0.0,0.0,1.88,0.222,31.19,0.0
5615,33.09,0.03,0.0,0.0,19.14,0.2096,13.92,0.0
5616,33.06,0.03,0.0,0.0,1.85,0.0832,31.19,0.0
5617,33.06,0.03,0.0,0.0,1.85,0.071,31.19,0.0
5618,33.06,0.03,0.0,0.0,1.85,0.0588,31.19,0.0
5619,33.06,0.03,0.0,0.0,1.85,0.0466,31.19,0.0
5620,33.06,0.01,0.0,0.0,1.87,0.0344,31.19,0.0
5621,33.06,0.0,0.0,0.0,1.88,0.022,31.19,0.0
5622,33.06,0.07,0.35,0.0,1.46,0.0097,31.19,0.0
5623,35.01,0.53,14.02,0.0,0.0,0.0,20.47,0.0
5624,36.89,0.13,40.34,0.0,0.0,0.0,0.0,3.58
5625,38.62,0.03,63.46,3.69,0.0,0.0,0.0,21.18
5626,40.13,0.03,36.79,0.0,3.31,0.022,0.0,0.0
5627,41.38,0.07,67.36,0.0,0.0,0.0001,0.0,26.05
5628,42.3,0.13,96.88,50.0,0.0,0.0001,0.0,4.7
5629,42.87,0.22,96.39,50.0,0.0,0.2981,0.0,3.74
5630,43.06,0.53,90.41,47.87,0.0,0.5962,0.0,0.0
5631,42.87,0.75,57.19,15.07,0.0,0.8815,0.0,0.0
5632,42.3,1.03,46.08,4.8,0.0,0.9714,0.0,0.0
5633,41.38,0.22,10.21,0.0,30.94,1.0,0.0,0.0
5634,40.13,0.0,0.53,0.0,28.35,0.7956,11.25,0.0
5635,38.62,0.0,0.0,0.0,7.43,0.6083,31.19,0.0
5636,36.89,0.03,0.0,0.0,36.86,0.5593,0.0,0.0
5637,35.01,0.53,0.0,0.0,3.3,0.3158,31.19,0.0
5638,33.06,4.2,0.0,0.0,0.0,0.294,28.86,0.0
5639,33.06,10.92,0.0,0.0,22.14,0.294,0.0,0.0
5640,33.04,12.48,0.0,0.0,20.56,0.1477,0.0,0.0
5641,33.04,7.03,0.0,0.0,0.0,0.0119,26.0,0.0
5642,33.04,3.46,0.0,0.0,0.0,0.0119,29.57,0.0
5643,33.04,2.81,0.0,0.0,0.0,0.0119,30.22,0.0
5644,33.04,1.37,0.0,0.0,0.48,0.0119,31.19,0.0
5645,33.04,0.53,0.0,0.0,1.32,0.0087,31.19,0.0
5646,33.04,1.77,0.14,0.0,0.0,0.0,31.13,0.0
5647,34.99,5.04,13.88,0.0,0.0,0.0,16.07,0.0
5648,36.86,9.5,39.51,0.0,0.0,0.0,0.0,12.15
5649,38.59,5.98,64.04,0.24,0.0,0.0,0.0,31.19
5650,40.11,4.2,82.86,15.77,0.0,0.0014,0.0,31.19
5651,41.35,2.81,96.08,26.36,0.0,0.0954,0.0,31.19
5652,42.27,1.77,101.67,29.99,0.0,0.2525,0.0,31.19
5653,42.84,1.03,100.59,27.59,0.0,0.4313,0.0,31.19
5654,43.04,0.75,93.36,41.97,0.0,0.5957,0.0,9.1
5655,42.84,0.35,80.15,6.47,0.0,0.8459,0.0,31.19
5656,42.27,0.22,61.44,19.39,0.0,0.8844,0.0,0.0
5657,41.35,0.03,37.03,0.0,4.3,1.0,0.0,0.0
5658,40.11,0.0,11.51,0.0,28.6,0.9716,0.0,0.0
5659,38.59,0.0,0.0,0.0,38.59,0.7827,0.0,0.0
5660,36.86,0.0,0.0,0.0,36.86,0.5278,0.0,0.0
5661,34.99,0.0,0.0,0.0,3.8,0.2844,31.19,0.0
5662,33.04,0.0,0.0,0.0,24.98,0.2593,8.06,0.0
5663,33.04,0.0,0.0,0.0,1.85,0.0943,31.19,0.0
5664,33.01,0.0,0.0,0.0,1.82,0.0821,31.19,0.0
5665,33.01,0.0,0.0,0.0,1.82,0.0701,31.19,0.0
5666,33.01,0.0,0.0,0.0,1.82,0.058,31.19,0.0
5667,33.01,0.0,0.0,0.0,1.82,0.046,31.19,0.0
5668,33.01,0.0,0.0,0.0,1.82,0.0339,31.19,0.0
5669,33.01,0.0,0.0,0.0,1.82,0.0219,31.19,0.0
5670,33.01,0.13,0.2,0.0,1.49,0.0098,31.19,0.0
5671,34.96,0.75,10.29,0.0,0.0,0.0,23.93,0.0
5672,36.84,1.77,14.25,0.0,0.0,0.0,20.81,0.0
5673,38.57,1.37,50.67,0.0,0.0,0.0,0.0,13.47
5674,40.08,1.03,81.07,42.02,0.0,0.0,0.0,0.0
5675,41.32,0.75,73.4,1.83,0.0,0.2504,0.0,31.0
5676,42.25,0.53,99.51,50.0,0.0,0.2614,0.0,7.79
5677,42.82,0.22,98.45,50.0,0.0,0.5594,0.0,5.85
5678,43.01,0.13,66.8,23.92,0.0,0.8574,0.0,0.0
5679,42.82,0.03,34.24,0.0,8.55,1.0,0.0,0.0
5680,42.25,0.0,2.18,0.0,40.07,0.9435,0.0,0.0
5681,41.32,0.0,6.58,0.0,34.75,0.6789,0.0,0.0
5682,40.08,0.0,9.99,0.0,0.0,0.4494,30.09,0.0
5683,38.57,0.03,0.0,0.0,7.35,0.4494,31.19,0.0
5684,36.84,0.35,0.0,0.0,36.48,0.4008,0.0,0.0
5685,34.96,0.22,0.0,0.0,3.55,0.1598,31.19,0.0
5686,33.01,0.07,0.0,0.0,6.4,0.1364,26.54,0.0
5687,33.01,0.01,0.0,0.0,1.81,0.0941,31.19,0.0
5688,32.98,0.0,0.0,0.0,1.8,0.0821,31.19,0.0
5689,32.98,0.0,0.0,0.0,1.8,0.0703,31.19,0.0
5690,32.98,0.0,0.0,0.0,1.8,0.0584,31.19,0.0
5691,32.98,0.0,0.0,0.0,1.8,0.0465,31.19,0.0
5692,32.98,0.0,0.0,0.0,1.8,0.0347,31.19,0.0
5693,32.98,0.0,0.0,0.0,1.8,0.0228,31.19,0.0
5694,32.98,0.0,0.15,0.0,1.65,0.0109,31.19,0.0
5695,34.93,0.01,11.93,0.0,0.0,0.0,23.0,0.0
5696,36.81,0.13,30.87,0.0,0.0,0.0,5.81,0.0
5697,38.54,0.35,50.17,0.0,0.0,0.0,0.0,11.98
5698,40.05,0.53,82.25,11.53,0.0,0.0,0.0,31.19
5699,41.3,0.53,74.99,3.03,0.0,0.0687,0.0,31.19
5700,42.22,0.22,99.23,33.04,0.0,0.0868,0.0,24.19
5701,42.79,0.07,75.77,33.04,0.0,0.2837,0.0,0.0
5702,42.98,0.03,91.27,48.32,0.0,0.4807,0.0,0.0
5703,42.79,0.03,63.12,20.36,0.0,0.7687,0.0,0.0
5704,42.22,0.07,60.6,18.45,0.0,0.89,0.0,0.0
5705,41.3,0.03,33.55,0.0,0.0,1.0,7.72,0.0
5706,40.05,0.01,11.03,0.0,29.02,1.0,0.0,0.0
5707,38.54,0.13,0.0,0.0,7.22,0.8083,31.19,0.0
5708,36.81,1.77,0.0,0.0,35.04,0.7606,0.0,0.0
5709,34.93,5.98,0.0,0.0,0.0,0.5292,28.95,0.0
5710,32.98,5.98,0.0,0.0,27.0,0.5292,0.0,0.0
5711,32.98,2.25,0.0,0.0,12.94,0.3508,17.79,0.0
5712,32.96,0.75,0.0,0.0,32.21,0.2653,0.0,0.0
5713,32.96,0.75,0.0,0.0,1.02,0.0526,31.19,0.0
5714,32.96,0.75,0.0,0.0,1.02,0.0458,31.19,0.0
5715,32.96,0.53,0.0,0.0,1.25,0.0391,31.19,0.0
5716,32.96,0.13,0.0,0.0,1.64,0.0308,31.19,0.0
5717,32.96,0.03,0.0,0.0,1.74,0.02,31.19,0.0
5718,32.96,0.35,0.14,0.0,1.28,0.0084,31.19,0.0
5719,34.91,1.77,13.83,0.0,0.0,0.0,19.3,0.0
5720,36.79,1.77,40.98,0.0,0.0,0.0,0.0,5.96
5721,38.51,1.03,64.95,0.0,0.0,0.0,0.0,27.46
5722,40.03,1.37,82.63,12.78,0.0,0.0,0.0,31.19
5723,41.27,2.25,95.43,25.22,0.0,0.0762,0.0,31.19
5724,42.2,3.46,101.01,31.09,0.0,0.2265,0.0,31.19
5725,42.77,4.2,100.65,32.7,0.0,0.4119,0.0,29.38
5726,42.96,5.04,94.51,25.4,0.0,0.6068,0.0,31.19
5727,42.77,5.98,81.29,13.32,0.0,0.7582,0.0,31.19
5728,42.2,7.03,62.41,27.24,0.0,0.8376,0.0,0.0
5729,41.27,3.46,37.49,0.0,0.32,1.0,0.0,0.0
5730,40.03,0.35,11.05,0.0,0.0,0.9979,28.63,0.0
5731,38.51,0.22,0.0,0.0,38.29,0.9979,0.0,0.0
5732,36.79,1.03,0.0,0.0,35.76,0.745,0.0,0.0
5733,34.91,2.25,0.0,0.0,32.66,0.5088,0.0,0.0
5734,32.96,2.25,0.0,0.0,30.71,0.2931,0.0,0.0
5735,32.96,2.25,0.0,0.0,0.0,0.0903,30.71,0.0
5736,32.93,2.81,0.0,0.0,10.2,0.0903,19.92,0.0
5737,32.93,2.25,0.0,0.0,0.0,0.0229,30.68,0.0
5738,32.93,1.77,0.0,0.0,0.0,0.0229,31.16,0.0
5739,32.93,1.03,0.0,0.0,0.72,0.0229,31.19,0.0
5740,32.93,0.53,0.0,0.0,1.22,0.0182,31.19,0.0
5741,32.93,0.22,0.0,0.0,1.53,0.0101,31.19,0.0
5742,32.93,1.77,0.12,0.0,0.0,0.0,31.04,0.0
5743,34.89,5.98,13.78,0.0,0.0,0.0,15.13,0.0
5744,36.76,22.51,40.21,0.0,0.0,0.0,0.0,25.96
5745,38.49,4.7,64.98,0.0,0.0,0.0,0.0,31.19
5746,40.01,0.0,71.19,0.0,0.0,0.0,0.0,31.19
5747,41.25,0.0,92.34,19.91,0.0,0.0,0.0,31.19
5748,42.17,36.82,36.54,0.0,0.0,0.1187,0.0,31.19
5749,42.74,36.82,87.1,50.0,0.0,0.1187,0.0,31.19
5750,42.93,36.82,87.3,50.0,0.0,0.4167,0.0,31.19
5751,42.74,36.82,83.22,46.11,0.0,0.7148,0.0,31.19
5752,42.17,36.82,36.54,0.0,0.0,0.9896,0.0,31.19
5753,41.25,36.82,37.35,1.74,0.0,0.9896,0.0,31.19
5754,40.01,9.5,10.68,0.0,19.82,1.0,0.0,0.0
5755,38.49,3.46,0.0,0.0,35.03,0.8691,0.0,0.0
5756,36.76,5.98,0.0,0.0,30.78,0.6377,0.0,0.0
5757,34.89,8.2,0.0,0.0,26.68,0.4344,0.0,0.0
5758,32.93,8.2,0.0,0.0,7.11,0.2582,17.62,0.0
5759,32.93,7.03,0.0,0.0,0.0,0.2112,25.9,0.0
5760,32.91,4.2,0.0,0.0,28.71,0.2112,0.0,0.0
5761,32.91,2.81,0.0,0.0,0.0,0.0216,30.1,0.0
5762,32.91,1.77,0.0,0.0,0.0,0.0216,31.14,0.0
5763,32.91,1.03,0.0,0.0,0.7,0.0216,31.19,0.0
5764,32.91,0.53,0.0,0.0,1.2,0.017,31.19,0.0
5765,32.91,0.35,0.0,0.0,1.37,0.0091,31.19,0.0
5766,32.91,2.81,0.0,0.0,0.0,0.0,30.1,0.0
5767,34.86,9.5,13.29,0.0,0.0,0.0,12.07,0.0
5768,36.74,30.21,37.72,0.0,0.0,0.0,0.0,31.19
5769,38.47,7.65,62.0,0.0,0.0,0.0,0.0,31.19
5770,39.98,36.82,34.34,0.0,0.0,0.0,0.0,31.19
5771,41.22,36.82,37.97,2.39,0.0,0.0,0.0,31.19
5772,42.15,36.82,36.51,0.0,0.0,0.0142,0.0,31.19
5773,42.72,36.82,87.08,50.0,0.0,0.0142,0.0,31.19
5774,42.91,36.82,87.27,50.0,0.0,0.3123,0.0,31.19
5775,42.72,36.82,79.45,42.37,0.0,0.6103,0.0,31.19
5776,42.15,36.82,59.52,23.01,0.0,0.8629,0.0,31.19
5777,41.22,22.51,34.41,0.0,0.0,1.0,0.0,15.7
5778,39.98,4.2,9.94,0.0,0.0,1.0,25.84,0.0
5779,38.47,1.77,0.0,0.0,36.69,1.0,0.0,0.0
5780,36.74,2.25,0.0,0.0,3.3,0.7576,31.19,0.0
5781,34.86,2.25,0.0,0.0,12.19,0.7359,20.41,0.0
5782,32.91,1.37,0.0,0.0,31.54,0.6553,0.0,0.0
5783,32.91,1.03,0.0,0.0,31.88,0.447,0.0,0.0
5784,32.89,1.03,0.0,0.0,0.67,0.2364,31.19,0.0
5785,32.89,0.75,0.0,0.0,0.95,0.2319,31.19,0.0
5786,32.89,0.75,0.0,0.0,32.14,0.2256,0.0,0.0
5787,32.89,1.03,0.0,0.0,0.67,0.0134,31.19,0.0
5788,32.89,1.03,0.0,0.0,0.67,0.0089,31.19,0.0
5789,32.89,1.03,0.0,0.0,0.67,0.0045,31.19,0.0
5790,32.89,4.2,0.0,0.0,0.0,0.0,28.69,0.0
5791,34.84,9.5,12.08,0.0,0.0,0.0,13.26,0.0
5792,36.71,16.02,34.51,0.0,0.0,0.0,0.0,13.81
5793,38.44,10.92,56.21,0.0,0.0,0.0,0.0,28.68
5794,39.96,4.2,73.81,6.87,0.0,0.0,0.0,31.19
5795,41.2,1.03,84.98,13.61,0.0,0.0409,0.0,31.19
5796,42.13,0.07,89.55,47.49,0.0,0.1221,0.0,0.0
5797,42.69,0.0,87.99,45.29,0.0,0.4052,0.0,0.0
5798,42.89,0.0,80.25,19.06,0.0,0.6752,0.0,18.31
5799,42.69,0.0,68.45,25.75,0.0,0.7888,0.0,0.0
5800,42.13,0.0,51.81,9.68,0.0,0.9423,0.0,0.0
5801,41.2,0.01,29.86,0.0,0.0,1.0,11.33,0.0
5802,39.96,0.0,8.61,0.0,31.35,1.0,0.0,0.0
5803,38.44,0.0,0.0,0.0,38.44,0.793,0.0,0.0
5804,36.71,0.0,0.0,0.0,31.63,0.5391,5.08,0.0
5805,34.84,0.0,0.0,0.0,34.84,0.3301,0.0,0.0
5806,32.89,0.0,0.0,0.0,1.7,0.1,31.19,0.0
5807,32.89,0.0,0.0,0.0,1.7,0.0888,31.19,0.0
5808,32.86,0.0,0.0,0.0,1.68,0.0776,31.19,0.0
5809,32.86,0.0,0.0,0.0,1.68,0.0665,31.19,0.0
5810,32.86,0.0,0.0,0.0,1.68,0.0554,31.19,0.0
5811,32.86,0.0,0.0,0.0,1.68,0.0443,31.19,0.0
5812,32.86,0.0,0.0,0.0,1.68,0.0332,31.19,0.0
5813,32.86,0.0,0.0,0.0,1.68,0.0222,31.19,0.0
5814,32.86,0.0,0.0,0.0,1.68,0.0111,31.19,0.0
5815,34.82,0.0,11.86,0.0,0.0,0.0,22.95,0.0
5816,36.69,2.81,34.66,0.78,0.0,0.0,0.0,0.0
5817,38.42,5.04,56.97,23.59,0.0,0.0047,0.0,0.0
5818,39.94,2.81,39.11,1.99,0.0,0.1453,0.0,0.0
5819,41.18,1.77,68.69,29.29,0.0,0.1571,0.0,0.0
5820,42.1,1.37,70.91,30.17,0.0,0.3317,0.0,0.0
5821,42.67,1.03,42.53,0.89,0.0,0.5116,0.0,0.0
5822,42.86,1.03,52.11,10.27,0.0,0.5168,0.0,0.0
5823,42.67,1.03,42.26,0.62,0.0,0.5781,0.0,0.0
5824,42.1,1.37,17.57,0.0,23.17,0.5817,0.0,0.0
5825,41.18,0.35,24.23,0.0,16.6,0.4287,0.0,0.0
5826,39.94,0.0,7.6,0.0,1.15,0.3191,31.19,0.0
5827,38.42,0.0,0.0,0.0,24.16,0.3115,14.26,0.0
5828,36.69,0.0,0.0,0.0,5.5,0.1519,31.19,0.0
5829,34.82,0.0,0.0,0.0,3.63,0.1156,31.19,0.0
5830,32.86,0.0,0.0,0.0,1.68,0.0916,31.19,0.0
5831,32.86,0.01,0.0,0.0,1.67,0.0805,31.19,0.0
5832,32.84,0.03,0.0,0.0,1.63,0.0695,31.19,0.0
5833,32.84,0.07,0.0,0.0,1.59,0.0587,31.19,0.0
5834,32.84,0.13,0.0,0.0,1.53,0.0482,31.19,0.0
5835,32.84,0.13,0.0,0.0,1.53,0.0381,31.19,0.0
5836,32.84,0.13,0.0,0.0,1.53,0.0281,31.19,0.0
5837,32.84,0.07,0.0,0.0,1.59,0.018,31.19,0.0
5838,32.84,0.53,0.0,0.0,1.13,0.0075,31.19,0.0
5839,34.79,1.77,2.74,0.0,0.0,0.0,30.28,0.0
5840,36.67,20.18,22.15,0.0,0.0,0.0,0.0,5.67
5841,38.4,27.69,19.34,0.0,0.0,0.0,0.0,8.63
5842,39.91,25.01,56.15,10.06,0.0,0.0,0.0,31.19
5843,41.16,22.51,58.19,37.57,0.0,0.06,0.0,1.97
5844,42.08,20.18,78.16,50.0,0.0,0.284,0.0,6.26
5845,42.65,18.02,37.21,12.58,0.0,0.582,0.0,0.0
5846,42.84,16.02,68.97,42.15,0.0,0.657,0.0,0.0
5847,42.65,14.18,35.27,6.79,0.0,0.9083,0.0,0.0
5848,42.08,10.92,39.75,8.59,0.0,0.9488,0.0,0.0
5849,41.16,1.77,27.1,0.0,0.0,1.0,12.28,0.0
5850,39.91,0.0,8.93,0.0,30.98,1.0,0.0,0.0
5851,38.4,0.0,0.0,0.0,38.4,0.7954,0.0,0.0
5852,36.67,0.0,0.0,0.0,32.6,0.5418,4.07,0.0
5853,34.79,0.0,0.0,0.0,34.79,0.3264,0.0,0.0
5854,32.84,0.01,0.0,0.0,1.65,0.0966,31.19,0.0
5855,32.84,0.03,0.0,0.0,1.63,0.0858,31.19,0.0
5856,32.82,0.03,0.0,0.0,1.61,0.075,31.19,0.0
5857,32.82,0.03,0.0,0.0,1.61,0.0644,31.19,0.0
5858,32.82,0.03,0.0,0.0,1.61,0.0538,31.19,0.0
5859,32.82,0.0,0.0,0.0,1.63,0.0432,31.19,0.0
5860,32.82,0.0,0.0,0.0,1.63,0.0324,31.19,0.0
5861,32.82,0.0,0.0,0.0,1.63,0.0216,31.19,0.0
5862,32.82,0.0,0.0,0.0,1.63,0.0108,31.19,0.0
5863,34.77,0.0,14.24,0.0,0.0,0.0,20.53,0.0
5864,36.65,0.0,43.96,0.0,0.0,0.0,0.0,7.32
5865,38.38,0.35,69.6,0.39,0.0,0.0,0.0,31.19
5866,39.89,1.03,88.04,17.99,0.0,0.0023,0.0,31.19
5867,41.14,1.37,99.9,28.94,0.0,0.1096,0.0,31.19
5868,42.06,1.77,105.56,34.08,0.0,0.2821,0.0,31.19
5869,42.63,2.25,104.82,33.26,0.0,0.4853,0.0,31.19
5870,42.82,2.81,97.57,26.37,0.0,0.6836,0.0,31.19
5871,42.63,2.81,83.75,12.75,0.0,0.8408,0.0,31.19
5872,42.06,2.81,64.1,13.96,0.0,0.9168,0.0,10.89
5873,41.14,0.53,37.14,0.0,3.47,1.0,0.0,0.0
5874,39.89,0.0,9.15,0.0,30.75,0.9771,0.0,0.0
5875,38.38,0.0,0.0,0.0,7.19,0.774,31.19,0.0
5876,36.65,0.0,0.0,0.0,36.65,0.7265,0.0,0.0
5877,34.77,0.0,0.0,0.0,3.59,0.4845,31.19,0.0
5878,32.82,0.0,0.0,0.0,25.66,0.4608,7.17,0.0
5879,32.82,0.0,0.0,0.0,1.63,0.2913,31.19,0.0
5880,32.8,0.0,0.0,0.0,32.8,0.2805,0.0,0.0
5881,32.8,0.0,0.0,0.0,1.61,0.0639,31.19,0.0
5882,32.8,0.0,0.0,0.0,1.61,0.0533,31.19,0.0
5883,32.8,0.0,0.0,0.0,1.61,0.0426,31.19,0.0
5884,32.8,0.0,0.0,0.0,1.61,0.032,31.19,0.0
5885,32.8,0.0,0.0,0.0,1.61,0.0213,31.19,0.0
5886,32.8,0.0,0.0,0.0,1.61,0.0107,31.19,0.0
5887,34.75,0.01,13.8,0.0,0.0,0.0,20.94,0.0
5888,36.63,0.22,40.3,0.0,0.0,0.0,0.0,3.89
5889,38.36,0.0,56.0,0.0,0.0,0.0,0.0,17.64
5890,39.87,0.0,74.11,3.05,0.0,0.0,0.0,31.19
5891,41.11,0.0,91.5,19.2,0.0,0.0182,0.0,31.19
5892,42.04,0.0,98.69,25.46,0.0,0.1326,0.0,31.19
5893,42.61,0.0,98.45,50.0,0.0,0.2844,0.0,5.84
5894,42.8,0.0,92.82,18.83,0.0,0.5824,0.0,31.19
5895,42.61,0.0,80.46,31.34,0.0,0.6947,0.0,6.51
5896,42.04,0.0,61.92,19.88,0.0,0.8815,0.0,0.0
5897,41.11,0.0,36.04,0.0,5.07,1.0,0.0,0.0
5898,39.87,0.0,8.68,0.0,31.19,0.9665,0.0,0.0
5899,38.36,0.0,0.0,0.0,7.17,0.7605,31.19,0.0
5900,36.63,0.0,0.0,0.0,28.91,0.7132,7.72,0.0
5901,34.75,0.0,0.0,0.0,34.75,0.5222,0.0,0.0
5902,32.8,0.01,0.0,0.0,32.79,0.2927,0.0,0.0
5903,32.8,0.07,0.0,0.0,1.55,0.0761,31.19,0.0
5904,32.78,0.13,0.0,0.0,1.47,0.0659,31.19,0.0
5905,32.78,0.13,0.0,0.0,1.47,0.0562,31.19,0.0
5906,32.78,0.22,0.0,0.0,1.37,0.0465,31.19,0.0
5907,32.78,0.22,0.0,0.0,1.37,0.0375,31.19,0.0
5908,32.78,0.13,0.0,0.0,1.47,0.0284,31.19,0.0
5909,32.78,0.13,0.0,0.0,1.47,0.0187,31.19,0.0
5910,32.78,0.22,0.0,0.0,1.37,0.0091,31.19,0.0
5911,34.73,0.75,13.84,0.0,0.0,0.0,20.14,0.0
5912,36.61,2.25,43.62,0.0,0.0,0.0,0.0,9.27
5913,38.34,1.77,68.58,0.83,0.0,0.0,0.0,31.19
5914,39.85,0.53,85.96,15.45,0.0,0.005,0.0,31.19
5915,41.09,0.22,97.48,25.42,0.0,0.0971,0.0,31.19
5916,42.02,0.35,103.04,50.0,0.0,0.2486,0.0,11.37
5917,42.59,0.22,101.57,28.02,0.0,0.5466,0.0,31.19
5918,42.78,0.22,94.47,43.66,0.0,0.7136,0.0,8.24
5919,42.59,0.22,77.93,4.38,0.0,0.9739,0.0,31.19
5920,42.02,0.22,61.85,0.0,0.0,1.0,0.0,20.05
5921,41.09,0.0,35.34,0.0,5.75,1.0,0.0,0.0
5922,39.85,0.0,4.65,0.0,21.78,0.962,13.42,0.0
5923,38.34,0.0,0.0,0.0,38.34,0.8182,0.0,0.0
5924,36.61,0.0,0.0,0.0,36.61,0.565,0.0,0.0
5925,34.73,0.0,0.0,0.0,3.54,0.3232,31.19,0.0
5926,32.78,0.0,0.0,0.0,32.78,0.2998,0.0,0.0
5927,32.78,0.0,0.0,0.0,1.59,0.0833,31.19,0.0
5928,32.76,0.0,0.0,0.0,1.57,0.0728,31.19,0.0
5929,32.76,0.0,0.0,0.0,1.57,0.0624,31.19,0.0
5930,32.76,0.0,0.0,0.0,1.57,0.052,31.19,0.0
5931,32.76,0.0,0.0,0.0,1.57,0.0416,31.19,0.0
5932,32.76,0.0,0.0,0.0,1.57,0.0312,31.19,0.0
5933,32.76,0.0,0.0,0.0,1.57,0.0208,31.19,0.0
5934,32.76,0.0,0.0,0.0,1.57,0.0104,31.19,0.0
5935,34.71,0.0,6.59,0.0,0.0,0.0,28.13,0.0
5936,36.59,0.13,21.75,0.0,0.0,0.0,14.71,0.0
5937,38.32,0.22,34.32,0.0,0.0,0.0,3.77,0.0
5938,39.83,0.75,44.58,0.0,0.0,0.0,0.0,5.5
5939,41.08,2.25,67.02,0.0,0.0,0.0,0.0,28.2
5940,42.0,4.2,65.14,11.13,0.0,0.0,0.0,16.21
5941,42.57,5.98,89.81,50.0,0.0,0.0663,0.0,3.22
5942,42.76,7.03,88.35,50.0,0.0,0.3644,0.0,2.62
5943,42.57,7.03,73.88,38.34,0.0,0.6624,0.0,0.0
5944,42.0,5.98,54.31,18.29,0.0,0.891,0.0,0.0
5945,41.08,0.53,31.2,0.0,9.35,1.0,0.0,0.0
5946,39.83,0.0,7.51,0.0,32.32,0.9383,0.0,0.0
5947,38.32,0.01,0.0,0.0,38.31,0.7248,0.0,0.0
5948,36.59,0.01,0.0,0.0,36.58,0.4717,0.0,0.0
5949,34.71,0.03,0.0,0.0,3.5,0.2301,31.19,0.0
5950,32.76,0.07,0.0,0.0,1.51,0.207,31.19,0.0
5951,32.76,0.03,0.0,0.0,1.55,0.1971,31.19,0.0
5952,32.74,0.01,0.0,0.0,1.55,0.1869,31.19,0.0
5953,32.74,0.01,0.0,0.0,1.55,0.1767,31.19,0.0
5954,32.74,0.0,0.0,0.0,19.03,0.1664,13.71,0.0
5955,32.74,0.01,0.0,0.0,1.55,0.0407,31.19,0.0
5956,32.74,0.01,0.0,0.0,1.55,0.0305,31.19,0.0
5957,32.74,0.01,0.0,0.0,1.55,0.0203,31.19,0.0
5958,32.74,0.03,0.0,0.0,1.53,0.0101,31.19,0.0
5959,34.69,0.07,11.55,0.0,0.0,0.0,23.08,0.0
5960,36.57,5.04,38.03,0.0,0.0,0.0,0.0,6.5
5961,38.3,8.2,63.87,2.59,0.0,0.0,0.0,31.19
5962,39.81,8.2,83.55,20.75,0.0,0.0155,0.0,31.19
5963,41.06,5.98,96.58,30.31,0.0,0.1392,0.0,31.19
5964,41.98,5.04,101.84,33.72,0.0,0.3199,0.0,31.19
5965,42.55,3.46,100.23,29.95,0.0,0.5208,0.0,31.19
5966,42.74,3.46,91.86,21.4,0.0,0.6994,0.0,31.19
5967,42.55,3.46,78.32,9.25,0.0,0.8269,0.0,29.98
5968,41.98,2.25,59.51,19.78,0.0,0.8821,0.0,0.0
5969,41.06,0.07,32.65,0.0,8.34,1.0,0.0,0.0
5970,39.81,0.0,7.37,0.0,32.44,0.9449,0.0,0.0
5971,38.3,0.0,0.0,0.0,38.3,0.7306,0.0,0.0
5972,36.57,0.0,0.0,0.0,36.57,0.4777,0.0,0.0
5973,34.69,0.0,0.0,0.0,3.51,0.2362,31.19,0.0
5974,32.74,0.0,0.0,0.0,1.56,0.213,31.19,0.0
5975,32.74,0.0,0.0,0.0,1.56,0.2027,31.19,0.0
5976,32.72,0.0,0.0,0.0,19.92,0.1925,12.81,0.0
5977,32.72,0.0,0.0,0.0,1.54,0.0609,31.19,0.0
5978,32.72,0.0,0.0,0.0,1.54,0.0508,31.19,0.0
5979,32.72,0.0,0.0,0.0,1.54,0.0406,31.19,0.0
5980,32.72,0.0,0.0,0.0,1.54,0.0305,31.19,0.0
5981,32.72,0.0,0.0,0.0,1.54,0.0203,31.19,0.0
5982,32.72,0.0,0.0,0.0,1.54,0.0102,31.19,0.0
5983,34.67,0.0,12.08,0.0,0.0,0.0,22.6,0.0
5984,36.55,0.75,39.38,0.0,0.0,0.0,0.0,3.57
5985,38.28,2.25,63.81,0.0,0.0,0.0,0.0,27.78
5986,39.79,2.81,82.33,14.17,0.0,0.0,0.0,31.19
5987,41.04,2.81,95.31,25.9,0.0,0.0844,0.0,31.19
5988,41.96,4.2,101.3,32.35,0.0,0.2389,0.0,31.19
5989,42.53,5.98,100.16,32.42,0.0,0.4317,0.0,31.19
5990,42.72,9.5,93.94,29.53,0.0,0.625,0.0,31.19
5991,42.53,14.18,79.96,28.78,0.0,0.801,0.0,22.83
5992,41.96,18.02,59.74,4.61,0.0,0.9725,0.0,31.19
5993,41.04,9.5,32.69,0.0,0.0,1.0,0.0,1.15
5994,39.79,1.77,7.17,0.0,30.86,1.0,0.0,0.0
5995,38.28,1.77,0.0,0.0,36.51,0.7962,0.0,0.0
5996,36.55,4.2,0.0,0.0,32.35,0.5551,0.0,0.0
5997,34.67,4.2,0.0,0.0,14.35,0.3414,16.12,0.0
5998,32.72,4.2,0.0,0.0,28.52,0.2466,0.0,0.0
5999,32.72,2.81,0.0,0.0,0.0,0.0582,29.91,0.0
6000,32.71,1.37,0.0,0.0,0.15,0.0582,31.19,0.0
6001,32.71,0.35,0.0,0.0,1.17,0.0572,31.19,0.0
6002,32.71,0.07,0.0,0.0,1.45,0.0495,31.19,0.0
6003,32.71,0.01,0.0,0.0,1.51,0.0399,31.19,0.0
6004,32.71,0.0,0.0,0.0,1.52,0.0299,31.19,0.0
6005,32.71,0.0,0.0,0.0,1.52,0.0199,31.19,0.0
6006,32.71,0.03,0.0,0.0,1.49,0.0099,31.19,0.0
6007,34.66,0.22,12.67,0.0,0.0,0.0,21.77,0.0
6008,36.53,2.25,40.9,0.0,0.0,0.0,0.0,6.62
6009,38.26,4.2,65.94,0.69,0.0,0.0,0.0,31.19
6010,39.78,3.46,83.88,16.38,0.0,0.0041,0.0,31.19
6011,41.02,1.37,95.09,24.25,0.0,0.1018,0.0,31.19
6012,41.94,0.75,84.34,11.95,0.0,0.2463,0.0,31.19
6013,42.51,0.53,91.24,49.25,0.0,0.3176,0.0,0.0
6014,42.71,0.53,83.61,16.89,0.0,0.6111,0.0,24.54
6015,42.51,1.03,76.82,35.33,0.0,0.7118,0.0,0.0
6016,41.94,1.03,53.94,13.02,0.0,0.9224,0.0,0.0
6017,41.02,0.03,19.67,0.0,21.33,1.0,0.0,0.0
6018,39.78,0.0,4.57,0.0,35.21,0.8591,0.0,0.0
6019,38.26,0.0,0.0,0.0,7.08,0.6266,31.19,0.0
6020,36.53,0.0,0.0,0.0,5.35,0.5799,31.19,0.0
6021,34.66,0.0,0.0,0.0,3.47,0.5446,31.19,0.0
6022,32.71,0.0,0.0,0.0,1.52,0.5217,31.19,0.0
6023,32.71,0.0,0.0,0.0,32.71,0.5116,0.0,0.0
6024,32.69,0.0,0.0,0.0,22.52,0.2956,10.17,0.0
6025,32.69,0.0,0.0,0.0,1.5,0.1469,31.19,0.0
6026,32.69,0.0,0.0,0.0,1.5,0.137,31.19,0.0
6027,32.69,0.0,0.0,0.0,1.5,0.127,31.19,0.0
6028,32.69,0.0,0.0,0.0,1.5,0.1171,31.19,0.0
6029,32.69,0.01,0.0,0.0,1.49,0.1072,31.19,0.0
6030,32.69,0.53,0.0,0.0,0.98,0.0973,31.19,0.0
6031,34.64,1.77,9.17,0.0,0.0,0.0909,23.7,0.0
6032,36.52,7.03,13.24,0.0,0.0,0.0909,16.24,0.0
6033,38.24,10.92,20.58,0.0,0.0,0.0909,6.74,0.0
6034,39.76,16.02,14.21,0.0,0.0,0.0909,9.53,0.0
6035,41.0,20.18,21.05,0.23,0.0,0.0909,0.0,0.0
6036,41.93,22.51,9.12,0.0,0.0,0.0922,10.3,0.0
6037,42.5,25.01,24.36,6.87,0.0,0.0922,0.0,0.0
6038,42.69,27.69,32.05,17.05,0.0,0.1332,0.0,0.0
6039,42.5,33.6,7.87,0.0,0.0,0.2348,1.03,0.0
6040,41.93,30.55,5.91,0.0,0.0,0.2348,5.47,0.0
6041,41.0,16.02,2.79,0.0,0.0,0.2348,22.19,0.0
6042,39.76,2.25,0.0,0.0,6.32,0.2348,31.19,0.0
6043,38.24,0.03,0.0,0.0,7.03,0.193,31.19,0.0
6044,36.52,0.0,0.0,0.0,5.33,0.1466,31.19,0.0
6045,34.64,0.0,0.0,0.0,3.45,0.1114,31.19,0.0
6046,32.69,0.0,0.0,0.0,1.5,0.0886,31.19,0.0
6047,32.69,0.0,0.0,0.0,1.5,0.0787,31.19,0.0
6048,32.67,0.0,0.0,0.0,1.49,0.0687,31.19,0.0
6049,32.67,0.0,0.0,0.0,1.49,0.0589,31.19,0.0
6050,32.67,0.0,0.0,0.0,1.49,0.0491,31.19,0.0
6051,32.67,0.0,0.0,0.0,1.49,0.0393,31.19,0.0
6052,32.67,0.0,0.0,0.0,1.49,0.0295,31.19,0.0
6053,32.67,0.0,0.0,0.0,1.49,0.0196,31.19,0.0
6054,32.67,0.0,0.0,0.0,1.49,0.0098,31.19,0.0
6055,34.62,0.0,11.86,0.0,0.0,0.0,22.77,0.0
6056,36.5,0.0,38.31,0.0,0.0,0.0,0.0,1.81
6057,38.23,0.13,63.42,0.0,0.0,0.0,0.0,25.32
6058,39.74,0.22,82.24,11.53,0.0,0.0,0.0,31.19
6059,40.99,0.22,95.08,23.12,0.0,0.0687,0.0,31.19
6060,41.91,0.22,100.69,27.82,0.0,0.2065,0.0,31.19
6061,42.48,0.22,99.58,36.42,0.0,0.3724,0.0,20.9
6062,42.67,0.13,91.67,17.94,0.0,0.5894,0.0,31.19
6063,42.48,0.13,77.57,35.22,0.0,0.6964,0.0,0.0
6064,41.91,0.22,57.4,15.71,0.0,0.9063,0.0,0.0
6065,40.99,0.13,31.65,0.0,9.21,1.0,0.0,0.0
6066,39.74,0.0,6.25,0.0,33.49,0.9392,0.0,0.0
6067,38.23,0.0,0.0,0.0,38.23,0.718,0.0,0.0
6068,36.5,0.0,0.0,0.0,22.58,0.4655,13.92,0.0
6069,34.62,0.0,0.0,0.0,3.44,0.3163,31.19,0.0
6070,32.67,0.0,0.0,0.0,1.49,0.2936,31.19,0.0
6071,32.67,0.0,0.0,0.0,1.49,0.2838,31.19,0.0
6072,32.66,0.0,0.0,0.0,1.47,0.274,31.19,0.0
6073,32.66,0.0,0.0,0.0,32.66,0.2643,0.0,0.0
6074,32.66,0.0,0.0,0.0,1.47,0.0486,31.19,0.0
6075,32.66,0.0,0.0,0.0,1.47,0.0389,31.19,0.0
6076,32.66,0.0,0.0,0.0,1.47,0.0292,31.19,0.0
6077,32.66,0.0,0.0,0.0,1.47,0.0194,31.19,0.0
6078,32.66,0.0,0.0,0.0,1.47,0.0097,31.19,0.0
6079,34.61,0.0,8.55,0.0,0.0,0.0,26.05,0.0
6080,36.48,0.07,25.96,0.0,0.0,0.0,10.46,0.0
6081,38.21,0.35,53.58,0.0,0.0,0.0,0.0,15.72
6082,39.73,1.03,83.25,13.36,0.0,0.0,0.0,31.19
6083,40.97,2.25,88.75,18.85,0.0,0.0797,0.0,31.19
6084,41.9,4.2,82.12,13.24,0.0,0.192,0.0,31.19
6085,42.47,5.98,95.01,27.34,0.0,0.2709,0.0,31.19
6086,42.66,5.98,88.59,42.63,0.0,0.4339,0.0,9.28
6087,42.47,7.03,75.17,39.74,0.0,0.688,0.0,0.0
6088,41.9,5.98,48.52,12.61,0.0,0.9248,0.0,0.0
6089,40.97,1.03,26.99,0.0,12.96,1.0,0.0,0.0
6090,39.73,0.01,5.59,0.0,34.13,0.9144,0.0,0.0
6091,38.21,0.03,0.0,0.0,7.0,0.689,31.19,0.0
6092,36.48,0.13,0.0,0.0,36.36,0.6427,0.0,0.0
6093,34.61,0.13,0.0,0.0,3.29,0.4026,31.19,0.0
6094,32.66,0.03,0.0,0.0,32.63,0.3809,0.0,0.0
6095,32.66,0.01,0.0,0.0,1.46,0.1653,31.19,0.0
6096,32.64,0.01,0.0,0.0,1.45,0.1557,31.19,0.0
6097,32.64,0.01,0.0,0.0,14.85,0.1461,17.79,0.0
6098,32.64,0.0,0.0,0.0,1.46,0.048,31.19,0.0
6099,32.64,0.0,0.0,0.0,1.46,0.0384,31.19,0.0
6100,32.64,0.0,0.0,0.0,1.46,0.0288,31.19,0.0
6101,32.64,0.0,0.0,0.0,1.46,0.0192,31.19,0.0
6102,32.64,0.01,0.0,0.0,1.45,0.0096,31.19,0.0
6103,34.59,0.22,7.34,0.0,0.0,0.0,27.03,0.0
6104,36.47,0.75,26.79,0.0,0.0,0.0,8.93,0.0
6105,38.2,0.53,53.63,1.06,0.0,0.0,0.0,14.9
6106,39.71,0.07,66.56,0.0,0.0,0.0063,0.0,26.92
6107,40.96,0.0,75.88,34.92,0.0,0.0063,0.0,0.0
6108,41.88,0.0,82.03,40.15,0.0,0.2145,0.0,0.0
6109,42.45,0.0,80.06,37.61,0.0,0.4538,0.0,0.0
6110,42.64,0.0,76.39,33.75,0.0,0.678,0.0,0.0
6111,42.45,0.0,59.95,17.5,0.0,0.8791,0.0,0.0
6112,41.88,0.07,44.6,2.78,0.0,0.9834,0.0,0.0
6113,40.96,0.03,22.85,0.0,0.0,1.0,18.08,0.0
6114,39.71,0.0,4.29,0.0,35.42,1.0,0.0,0.0
6115,38.2,0.0,0.0,0.0,38.2,0.766,0.0,0.0
6116,36.47,0.0,0.0,0.0,25.75,0.5137,10.72,0.0
6117,34.59,0.0,0.0,0.0,34.59,0.3437,0.0,0.0
6118,32.64,0.0,0.0,0.0,1.46,0.1152,31.19,0.0
6119,32.64,0.0,0.0,0.0,1.46,0.1056,31.19,0.0
6120,32.63,0.0,0.0,0.0,1.44,0.0959,31.19,0.0
6121,32.63,0.0,0.0,0.0,1.44,0.0864,31.19,0.0
6122,32.63,0.0,0.0,0.0,1.44,0.0769,31.19,0.0
6123,32.63,0.0,0.0,0.0,1.44,0.0674,31.19,0.0
6124,32.63,0.0,0.0,0.0,1.44,0.0578,31.19,0.0
6125,32.63,0.0,0.0,0.0,1.44,0.0483,31.19,0.0
6126,32.63,0.0,0.0,0.0,1.44,0.0388,31.19,0.0
6127,34.58,0.0,0.78,0.0,2.61,0.0292,31.19,0.0
6128,36.46,1.77,1.68,0.0,1.81,0.012,31.19,0.0
6129,38.18,5.98,3.36,0.0,0.0,0.0,28.84,0.0
6130,39.7,12.48,6.37,0.0,0.0,0.0,20.85,0.0
6131,40.94,18.02,10.87,0.0,0.0,0.0,12.05,0.0
6132,41.87,18.02,22.35,0.0,0.0,0.0,1.49,0.0
6133,42.44,12.48,32.34,2.38,0.0,0.0,0.0,0.0
6134,42.63,8.2,74.67,40.24,0.0,0.0142,0.0,0.0
6135,42.44,5.04,73.3,35.9,0.0,0.2541,0.0,0.0
6136,41.87,1.77,55.0,14.9,0.0,0.4681,0.0,0.0
6137,40.94,0.07,24.85,0.0,16.03,0.5569,0.0,0.0
6138,39.7,0.0,5.14,0.0,34.56,0.451,0.0,0.0
6139,38.18,0.0,0.0,0.0,12.17,0.2228,26.01,0.0
6140,36.46,0.0,0.0,0.0,5.27,0.1424,31.19,0.0
6141,34.58,0.0,0.0,0.0,3.39,0.1075,31.19,0.0
6142,32.63,0.0,0.0,0.0,1.44,0.0851,31.19,0.0
6143,32.63,0.0,0.0,0.0,1.44,0.0756,31.19,0.0
6144,32.62,0.0,0.0,0.0,1.43,0.0661,31.19,0.0
6145,32.62,0.0,0.0,0.0,1.43,0.0566,31.19,0.0
6146,32.62,0.0,0.0,0.0,1.43,0.0472,31.19,0.0
6147,32.62,0.0,0.0,0.0,1.43,0.0378,31.19,0.0
6148,32.62,0.0,0.0,0.0,1.43,0.0283,31.19,0.0
6149,32.62,0.0,0.0,0.0,1.43,0.0189,31.19,0.0
6150,32.62,0.0,0.0,0.0,1.43,0.0094,31.19,0.0
6151,34.57,0.0,10.73,0.0,0.0,0.0,23.84,0.0
6152,36.44,0.22,34.36,0.0,0.0,0.0,1.86,0.0
6153,38.17,2.81,48.58,0.0,0.0,0.0,0.0,13.23
6154,39.69,4.2,78.31,11.64,0.0,0.0,0.0,31.19
6155,40.93,3.46,70.5,9.14,0.0,0.0694,0.0,23.9
6156,41.85,2.25,77.62,38.02,0.0,0.1239,0.0,0.0
6157,42.42,0.75,71.12,29.45,0.0,0.3505,0.0,0.0
6158,42.62,0.03,75.9,33.31,0.0,0.526,0.0,0.0
6159,42.42,0.0,75.46,33.03,0.0,0.7246,0.0,0.0
6160,41.85,0.0,55.03,13.17,0.0,0.9215,0.0,0.0
6161,40.93,0.0,28.67,0.0,12.26,1.0,0.0,0.0
6162,39.69,0.0,4.27,0.0,35.42,0.919,0.0,0.0
6163,38.17,0.0,0.0,0.0,24.5,0.6851,13.67,0.0
6164,36.44,0.0,0.0,0.0,36.44,0.5233,0.0,0.0
6165,34.57,0.13,0.0,0.0,34.44,0.2826,0.0,0.0
6166,32.62,0.75,0.0,0.0,0.68,0.0551,31.19,0.0
6167,32.62,0.75,0.0,0.0,0.68,0.0506,31.19,0.0
6168,32.6,0.53,0.0,0.0,0.89,0.0461,31.19,0.0
6169,32.6,0.53,0.0,0.0,0.89,0.0402,31.19,0.0
6170,32.6,0.53,0.0,0.0,0.89,0.0344,31.19,0.0
6171,32.6,0.53,0.0,0.0,0.89,0.0285,31.19,0.0
6172,32.6,0.35,0.0,0.0,1.06,0.0226,31.19,0.0
6173,32.6,0.13,0.0,0.0,1.29,0.0155,31.19,0.0
6174,32.6,0.35,0.0,0.0,1.06,0.007,31.19,0.0
6175,34.55,0.75,11.28,0.0,0.0,0.0,22.53,0.0
6176,36.43,20.18,40.45,0.0,0.0,0.0,0.0,24.21
6177,38.16,36.82,68.12,35.59,0.0,0.0,0.0,31.19
6178,39.67,36.82,34.04,0.0,0.0,0.2122,0.0,31.19
6179,40.92,36.82,35.28,0.0,0.0,0.2122,0.0,31.19
6180,41.84,36.82,36.2,0.0,0.0,0.2122,0.0,31.19
6181,42.41,36.82,49.16,12.39,0.0,0.2122,0.0,31.19
6182,42.6,36.82,86.97,50.0,0.0,0.286,0.0,31.19
6183,42.41,36.82,82.89,46.11,0.0,0.5841,0.0,31.19
6184,41.84,36.82,59.87,23.67,0.0,0.8589,0.0,31.19
6185,40.92,25.01,29.71,0.0,0.0,1.0,0.0,13.8
6186,39.67,1.37,4.65,0.0,33.66,1.0,0.0,0.0
6187,38.16,0.13,0.0,0.0,6.84,0.7777,31.19,0.0
6188,36.43,0.07,0.0,0.0,32.6,0.7325,3.77,0.0
6189,34.55,0.03,0.0,0.0,3.34,0.5172,31.19,0.0
6190,32.6,0.03,0.0,0.0,32.58,0.4951,0.0,0.0
6191,32.6,0.03,0.0,0.0,1.39,0.2799,31.19,0.0
6192,32.59,0.01,0.0,0.0,32.58,0.2708,0.0,0.0
6193,32.59,0.01,0.0,0.0,1.4,0.0556,31.19,0.0
6194,32.59,0.01,0.0,0.0,1.4,0.0463,31.19,0.0
6195,32.59,0.0,0.0,0.0,1.4,0.0371,31.19,0.0
6196,32.59,0.0,0.0,0.0,1.4,0.0278,31.19,0.0
6197,32.59,0.0,0.0,0.0,1.4,0.0186,31.19,0.0
6198,32.59,0.0,0.0,0.0,1.4,0.0093,31.19,0.0
6199,34.54,0.0,11.53,0.0,0.0,0.0,23.01,0.0
6200,36.42,0.0,31.77,0.0,0.0,0.0,4.65,0.0
6201,38.15,0.0,53.72,0.0,0.0,0.0,0.0,15.57
6202,39.66,0.03,74.59,3.77,0.0,0.0,0.0,31.19
6203,40.91,0.13,88.57,16.6,0.0,0.0225,0.0,31.19
6204,41.83,0.75,90.66,46.35,0.0,0.1215,0.0,3.23
6205,42.4,1.77,87.75,47.12,0.0,0.3977,0.0,0.0
6206,42.59,2.25,60.51,20.17,0.0,0.6786,0.0,0.0
6207,42.4,3.46,61.96,23.02,0.0,0.7989,0.0,0.0
6208,41.83,3.46,49.09,10.72,0.0,0.9361,0.0,0.0
6209,40.91,0.53,21.29,0.0,19.09,1.0,0.0,0.0
6210,39.66,0.01,4.15,0.0,35.5,0.8739,0.0,0.0
6211,38.15,0.01,0.0,0.0,38.14,0.6394,0.0,0.0
6212,36.42,0.01,0.0,0.0,5.22,0.3875,31.19,0.0
6213,34.54,0.01,0.0,0.0,9.7,0.353,24.83,0.0
6214,32.59,0.0,0.0,0.0,1.4,0.289,31.19,0.0
6215,32.59,0.0,0.0,0.0,1.4,0.2797,31.19,0.0
6216,32.58,0.0,0.0,0.0,1.39,0.2704,31.19,0.0
6217,32.58,0.0,0.0,0.0,1.39,0.2612,31.19,0.0
6218,32.58,0.0,0.0,0.0,32.58,0.252,0.0,0.0
6219,32.58,0.0,0.0,0.0,1.39,0.0368,31.19,0.0
6220,32.58,0.0,0.0,0.0,1.39,0.0276,31.19,0.0
6221,32.58,0.0,0.0,0.0,1.39,0.0184,31.19,0.0
6222,32.58,0.0,0.0,0.0,1.39,0.0092,31.19,0.0
6223,34.53,0.0,10.22,0.0,0.0,0.0,24.31,0.0
6224,36.41,0.13,38.06,0.0,0.0,0.0,0.0,1.78
6225,38.14,0.0,64.37,0.0,0.0,0.0,0.0,26.24
6226,39.65,0.0,83.53,12.69,0.0,0.0,0.0,31.19
6227,40.89,0.0,96.2,24.12,0.0,0.0756,0.0,31.19
6228,41.82,0.0,101.98,28.97,0.0,0.2194,0.0,31.19
6229,42.39,0.03,101.42,27.88,0.0,0.3921,0.0,31.19
6230,42.58,0.03,93.07,21.85,0.0,0.5583,0.0,28.66
6231,42.39,0.03,78.76,36.4,0.0,0.6885,0.0,0.0
6232,41.82,0.0,57.67,15.86,0.0,0.9055,0.0,0.0
6233,40.89,0.0,29.15,0.0,11.75,1.0,0.0,0.0
6234,39.65,0.0,3.86,0.0,35.79,0.9224,0.0,0.0
6235,38.14,0.0,0.0,0.0,6.95,0.686,31.19,0.0
6236,36.41,0.0,0.0,0.0,36.41,0.6401,0.0,0.0
6237,34.53,0.0,0.0,0.0,34.53,0.3996,0.0,0.0
6238,32.58,0.0,0.0,0.0,14.92,0.1716,17.66,0.0
6239,32.58,0.0,0.0,0.0,1.39,0.073,31.19,0.0
6240,32.57,0.01,0.0,0.0,1.38,0.0638,31.19,0.0
6241,32.57,0.01,0.0,0.0,1.38,0.0547,31.19,0.0
6242,32.57,0.01,0.0,0.0,1.38,0.0456,31.19,0.0
6243,32.57,0.0,0.0,0.0,1.38,0.0365,31.19,0.0
6244,32.57,0.0,0.0,0.0,1.38,0.0274,31.19,0.0
6245,32.57,0.0,0.0,0.0,1.38,0.0183,31.19,0.0
6246,32.57,0.0,0.0,0.0,1.38,0.0091,31.19,0.0
6247,34.52,0.0,11.19,0.0,0.0,0.0,23.33,0.0
6248,36.4,0.13,40.89,0.0,0.0,0.0,0.0,4.63
6249,38.13,0.53,67.1,0.0,0.0,0.0,0.0,29.5
6250,39.64,2.25,86.53,17.96,0.0,0.0,0.0,31.19
6251,40.88,4.2,98.71,30.84,0.0,0.1071,0.0,31.19
6252,41.81,3.46,103.9,34.37,0.0,0.2909,0.0,31.19
6253,42.38,2.81,102.31,31.56,0.0,0.4958,0.0,31.19
6254,42.57,2.25,93.68,22.17,0.0,0.6839,0.0,31.19
6255,42.38,2.25,79.25,13.07,0.0,0.8161,0.0,26.05
6256,41.81,1.77,57.82,17.78,0.0,0.894,0.0,0.0
6257,40.88,0.13,29.24,0.0,11.51,1.0,0.0,0.0
6258,39.64,0.0,3.77,0.0,35.87,0.924,0.0,0.0
6259,38.13,0.01,0.0,0.0,38.12,0.687,0.0,0.0
6260,36.4,0.03,0.0,0.0,36.37,0.4353,0.0,0.0
6261,34.52,0.13,0.0,0.0,3.21,0.1951,31.19,0.0
6262,32.57,0.53,0.0,0.0,0.86,0.1739,31.19,0.0
6263,32.57,1.77,0.0,0.0,0.0,0.1682,30.8,0.0
6264,32.56,2.81,0.0,0.0,0.0,0.1682,29.75,0.0
6265,32.56,2.25,0.0,0.0,0.0,0.1682,30.31,0.0
6266,32.56,1.03,0.0,0.0,20.4,0.1682,11.13,0.0
6267,32.56,0.35,0.0,0.0,1.02,0.0335,31.19,0.0
6268,32.56,0.07,0.0,0.0,1.31,0.0267,31.19,0.0
6269,32.56,0.0,0.0,0.0,1.37,0.0181,31.19,0.0
6270,32.56,0.01,0.0,0.0,1.37,0.009,31.19,0.0
6271,34.51,0.03,10.7,0.0,0.0,0.0,23.79,0.0
6272,36.39,5.04,39.58,0.0,0.0,0.0,0.0,8.23
6273,38.12,16.02,53.28,0.0,0.0,0.0,0.0,31.19
6274,39.63,0.0,85.85,15.03,0.0,0.0,0.0,31.19
6275,40.87,33.6,38.46,0.0,0.0,0.0896,0.0,31.19
6276,41.8,36.82,86.16,50.0,0.0,0.0896,0.0,31.19
6277,42.37,36.82,86.73,50.0,0.0,0.3876,0.0,31.19
6278,42.56,36.82,41.82,4.9,0.0,0.6857,0.0,31.19
6279,42.37,33.6,78.82,38.86,0.0,0.7149,0.0,31.19
6280,41.8,25.01,56.94,8.97,0.0,0.9465,0.0,31.19
6281,40.87,4.2,27.84,0.0,8.83,1.0,0.0,0.0
6282,39.63,0.13,3.37,0.0,36.13,0.9417,0.0,0.0
6283,38.12,0.07,0.0,0.0,38.05,0.703,0.0,0.0
6284,36.39,0.13,0.0,0.0,25.29,0.4517,10.97,0.0
6285,34.51,0.35,0.0,0.0,2.97,0.2847,31.19,0.0
6286,32.56,0.75,0.0,0.0,0.63,0.2651,31.19,0.0
6287,32.56,1.03,0.0,0.0,31.53,0.2609,0.0,0.0
6288,32.55,0.35,0.0,0.0,1.01,0.0527,31.19,0.0
6289,32.55,0.07,0.0,0.0,1.3,0.046,31.19,0.0
6290,32.55,0.07,0.0,0.0,1.3,0.0374,31.19,0.0
6291,32.55,0.13,0.0,0.0,1.24,0.0288,31.19,0.0
6292,32.55,0.22,0.0,0.0,1.14,0.0206,31.19,0.0
6293,32.55,0.22,0.0,0.0,1.14,0.0131,31.19,0.0
6294,32.55,0.53,0.0,0.0,0.84,0.0055,31.19,0.0
6295,34.5,1.77,6.95,0.0,0.0,0.0,25.78,0.0
6296,36.38,16.02,21.16,0.0,0.0,0.0,0.0,0.81
6297,38.11,36.82,35.69,3.22,0.0,0.0,0.0,31.19
6298,39.62,36.82,47.01,13.02,0.0,0.0192,0.0,31.19
6299,40.87,36.82,79.17,43.94,0.0,0.0968,0.0,31.19
6300,41.79,36.82,63.28,27.13,0.0,0.3587,0.0,31.19
6301,42.36,36.82,36.62,21.59,0.0,0.5204,0.0,9.49
6302,42.55,36.82,44.18,7.27,0.0,0.6491,0.0,31.19
6303,42.36,36.82,47.27,41.74,0.0,0.6925,0.0,0.0
6304,41.79,36.82,14.82,9.86,0.0,0.9412,0.0,0.0
6305,40.87,27.69,3.8,0.0,9.38,1.0,0.0,0.0
6306,39.62,9.5,0.12,0.0,30.0,0.9381,0.0,0.0
6307,38.11,5.04,0.0,0.0,1.88,0.7399,31.19,0.0
6308,36.38,3.46,0.0,0.0,32.92,0.7275,0.0,0.0
6309,34.5,2.81,0.0,0.0,31.69,0.51,0.0,0.0
6310,32.55,3.46,0.0,0.0,6.03,0.3008,23.06,0.0
6311,32.55,2.81,0.0,0.0,0.0,0.2609,29.74,0.0
6312,32.54,1.03,0.0,0.0,31.52,0.2609,0.0,0.0
6313,32.54,0.13,0.0,0.0,1.23,0.0528,31.19,0.0
6314,32.54,0.01,0.0,0.0,1.35,0.0447,31.19,0.0
6315,32.54,0.0,0.0,0.0,1.36,0.0358,31.19,0.0
6316,32.54,0.0,0.0,0.0,1.36,0.0268,31.19,0.0
6317,32.54,0.0,0.0,0.0,1.36,0.0179,31.19,0.0
6318,32.54,0.01,0.0,0.0,1.35,0.0089,31.19,0.0
6319,34.49,0.07,4.21,0.0,0.0,0.0,30.22,0.0
6320,36.37,5.04,27.02,0.0,0.0,0.0,4.31,0.0
6321,38.1,12.48,33.66,0.0,0.0,0.0,0.0,8.04
6322,39.61,18.02,68.9,16.12,0.0,0.0,0.0,31.19
6323,40.86,20.18,88.69,36.83,0.0,0.0961,0.0,31.19
6324,41.78,20.18,81.57,28.79,0.0,0.3156,0.0,31.19
6325,42.35,20.18,87.3,33.95,0.0,0.4872,0.0,31.19
6326,42.54,22.51,75.19,23.97,0.0,0.6896,0.0,31.19
6327,42.35,25.01,54.5,28.1,0.0,0.8325,0.0,9.06
6328,41.78,25.01,22.32,0.0,0.0,1.0,0.0,5.55
6329,40.86,10.92,9.46,0.0,20.48,1.0,0.0,0.0
6330,39.61,1.03,0.74,0.0,6.66,0.8647,31.19,0.0
6331,38.1,0.13,0.0,0.0,37.97,0.8207,0.0,0.0
6332,36.37,0.07,0.0,0.0,27.97,0.57,8.34,0.0
6333,34.49,0.0,0.0,0.0,3.31,0.3852,31.19,0.0
6334,32.54,0.0,0.0,0.0,1.36,0.3634,31.19,0.0
6335,32.54,0.0,0.0,0.0,1.36,0.3544,31.19,0.0
6336,32.54,0.0,0.0,0.0,1.35,0.3455,31.19,0.0
6337,32.54,0.0,0.0,0.0,1.35,0.3366,31.19,0.0
6338,32.54,0.0,0.0,0.0,1.35,0.3277,31.19,0.0
6339,32.54,0.0,0.0,0.0,1.35,0.3188,31.19,0.0
6340,32.54,0.0,0.0,0.0,1.35,0.3099,31.19,0.0
6341,32.54,0.0,0.0,0.0,1.35,0.3009,31.19,0.0
6342,32.54,0.0,0.0,0.0,1.35,0.292,31.19,0.0
6343,34.49,0.0,3.99,0.0,0.0,0.2831,30.49,0.0
6344,36.36,0.0,14.59,0.0,0.0,0.2831,21.77,0.0
6345,38.09,0.22,9.67,0.0,0.0,0.2831,28.19,0.0
6346,39.61,0.53,5.68,0.0,2.22,0.2831,31.19,0.0
6347,40.85,0.13,16.59,0.0,0.0,0.2685,24.13,0.0
6348,41.77,0.01,31.75,0.0,0.0,0.2685,10.01,0.0
6349,42.34,0.07,29.42,0.0,0.0,0.2685,12.85,0.0
6350,42.54,0.35,33.89,0.0,0.0,0.2685,8.3,0.0
6351,42.34,1.03,18.04,0.0,0.0,0.2685,23.28,0.0
6352,41.77,1.37,12.29,0.0,0.0,0.2685,28.12,0.0
6353,40.85,0.22,4.08,0.0,5.36,0.2685,31.19,0.0
6354,39.61,0.0,0.6,0.0,7.82,0.2331,31.19,0.0
6355,38.09,0.0,0.0,0.0,6.9,0.1814,31.19,0.0
6356,36.36,0.0,0.0,0.0,5.18,0.1358,31.19,0.0
6357,34.49,0.0,0.0,0.0,3.3,0.1017,31.19,0.0
6358,32.54,0.0,0.0,0.0,1.35,0.0799,31.19,0.0
6359,32.54,0.0,0.0,0.0,1.35,0.071,31.19,0.0
6360,32.53,0.0,0.0,0.0,1.34,0.062,31.19,0.0
6361,32.53,0.0,0.0,0.0,1.34,0.0532,31.19,0.0
6362,32.53,0.0,0.0,0.0,1.34,0.0443,31.19,0.0
6363,32.53,0.0,0.0,0.0,1.34,0.0355,31.19,0.0
6364,32.53,0.0,0.0,0.0,1.34,0.0266,31.19,0.0
6365,32.53,0.0,0.0,0.0,1.34,0.0177,31.19,0.0
6366,32.53,0.0,0.0,0.0,1.34,0.0089,31.19,0.0
6367,34.48,0.0,8.18,0.0,0.0,0.0,26.3,0.0
6368,36.36,0.0,34.24,0.0,0.0,0.0,2.11,0.0
6369,38.08,0.0,28.0,0.0,0.0,0.0,10.09,0.0
6370,39.6,0.0,46.86,0.0,0.0,0.0,0.0,7.26
6371,40.84,0.0,90.97,18.94,0.0,0.0,0.0,31.19
6372,41.77,0.0,96.07,23.12,0.0,0.1129,0.0,31.19
6373,42.34,0.0,91.26,40.89,0.0,0.2507,0.0,8.03
6374,42.53,0.0,87.26,44.74,0.0,0.4945,0.0,0.0
6375,42.34,0.0,72.44,30.1,0.0,0.7612,0.0,0.0
6376,41.77,0.0,51.73,9.96,0.0,0.9406,0.0,0.0
6377,40.84,0.0,23.94,0.0,16.91,1.0,0.0,0.0
6378,39.6,0.0,2.09,0.0,37.51,0.8883,0.0,0.0
6379,38.08,0.01,0.0,0.0,6.89,0.6406,31.19,0.0
6380,36.36,0.03,0.0,0.0,36.33,0.5951,0.0,0.0
6381,34.48,0.03,0.0,0.0,10.61,0.3552,23.84,0.0
6382,32.53,0.03,0.0,0.0,1.31,0.2851,31.19,0.0
6383,32.53,0.01,0.0,0.0,32.52,0.2764,0.0,0.0
6384,32.52,0.01,0.0,0.0,1.33,0.0616,31.19,0.0
6385,32.52,0.01,0.0,0.0,1.33,0.0529,31.19,0.0
6386,32.52,0.0,0.0,0.0,1.33,0.0441,31.19,0.0
6387,32.52,0.0,0.0,0.0,1.33,0.0353,31.19,0.0
6388,32.52,0.0,0.0,0.0,1.34,0.0265,31.19,0.0
6389,32.52,0.0,0.0,0.0,1.34,0.0176,31.19,0.0
6390,32.52,0.0,0.0,0.0,1.34,0.0088,31.19,0.0
6391,34.47,0.0,9.06,0.0,0.0,0.0,25.41,0.0
6392,36.35,0.53,35.93,0.0,0.0,0.0,0.0,0.1
6393,38.08,2.25,62.12,0.0,0.0,0.0,0.0,26.3
6394,39.59,5.04,71.09,5.35,0.0,0.0,0.0,31.19
6395,40.84,5.04,87.73,20.74,0.0,0.0319,0.0,31.19
6396,41.76,4.2,94.24,25.49,0.0,0.1555,0.0,31.19
6397,42.33,2.81,93.75,50.0,0.0,0.3075,0.0,4.23
6398,42.52,2.81,79.43,36.46,0.0,0.6055,0.0,3.26
6399,42.33,2.81,63.68,24.17,0.0,0.8228,0.0,0.0
6400,41.76,2.25,45.06,5.55,0.0,0.9669,0.0,0.0
6401,40.84,0.22,19.69,0.0,0.0,1.0,20.93,0.0
6402,39.59,0.0,0.73,0.0,38.86,1.0,0.0,0.0
6403,38.08,0.01,0.0,0.0,38.07,0.7433,0.0,0.0
6404,36.35,0.01,0.0,0.0,36.34,0.4919,0.0,0.0
6405,34.47,0.01,0.0,0.0,26.16,0.2519,8.31,0.0
6406,32.52,0.01,0.0,0.0,1.33,0.0791,31.19,0.0
6407,32.52,0.0,0.0,0.0,1.33,0.0703,31.19,0.0
6408,32.52,0.0,0.0,0.0,1.33,0.0615,31.19,0.0
6409,32.52,0.0,0.0,0.0,1.33,0.0527,31.19,0.0
6410,32.52,0.0,0.0,0.0,1.33,0.0439,31.19,0.0
6411,32.52,0.0,0.0,0.0,1.33,0.0352,31.19,0.0
6412,32.52,0.0,0.0,0.0,1.33,0.0264,31.19,0.0
6413,32.52,0.0,0.0,0.0,1.33,0.0176,31.19,0.0
6414,32.52,0.0,0.0,0.0,1.33,0.0088,31.19,0.0
6415,34.47,0.0,6.99,0.0,0.0,0.0,27.48,0.0
6416,36.34,0.13,30.57,0.0,0.0,0.0,5.65,0.0
6417,38.07,0.53,55.0,0.0,0.0,0.0,0.0,17.45
6418,39.59,0.53,75.05,4.8,0.0,0.0,0.0,31.19
6419,40.83,0.53,90.54,19.05,0.0,0.0286,0.0,31.19
6420,41.76,0.53,95.63,50.0,0.0,0.1421,0.0,4.4
6421,42.32,0.53,94.02,27.1,0.0,0.4402,0.0,25.13
6422,42.52,0.53,85.54,43.54,0.0,0.6017,0.0,0.0
6423,42.32,0.75,64.86,23.28,0.0,0.8612,0.0,0.0
6424,41.76,0.53,40.45,0.0,0.78,1.0,0.0,0.0
6425,40.83,0.07,13.7,0.0,0.0,0.9948,27.07,0.0
6426,39.59,0.01,1.07,0.0,38.51,0.9948,0.0,0.0
6427,38.07,0.35,0.0,0.0,37.72,0.7405,0.0,0.0
6428,36.34,1.77,0.0,0.0,3.38,0.4914,31.19,0.0
6429,34.47,1.77,0.0,0.0,32.7,0.469,0.0,0.0
6430,32.52,1.03,0.0,0.0,0.3,0.2531,31.19,0.0
6431,32.52,0.53,0.0,0.0,0.81,0.251,31.19,0.0
6432,32.51,0.22,0.0,0.0,1.1,0.2457,31.19,0.0
6433,32.51,0.07,0.0,0.0,29.77,0.2384,2.68,0.0
6434,32.51,0.07,0.0,0.0,1.26,0.0418,31.19,0.0
6435,32.51,0.13,0.0,0.0,1.2,0.0335,31.19,0.0
6436,32.51,0.07,0.0,0.0,1.26,0.0256,31.19,0.0
6437,32.51,0.01,0.0,0.0,1.32,0.0173,31.19,0.0
6438,32.51,0.03,0.0,0.0,1.3,0.0086,31.19,0.0
6439,34.46,0.13,8.03,0.0,0.0,0.0,26.31,0.0
6440,36.34,4.2,31.51,0.0,0.0,0.0,0.63,0.0
6441,38.07,5.04,61.8,0.0,0.0,0.0,0.0,28.77
6442,39.58,5.98,82.15,17.36,0.0,0.0,0.0,31.19
6443,40.83,5.98,95.32,29.29,0.0,0.1035,0.0,31.19
6444,41.75,5.98,100.73,33.78,0.0,0.2781,0.0,31.19
6445,42.32,7.03,99.07,32.6,0.0,0.4794,0.0,31.19
6446,42.51,7.03,90.36,23.69,0.0,0.6737,0.0,31.19
6447,42.32,7.03,74.61,13.11,0.0,0.8149,0.0,26.21
6448,41.75,7.03,52.66,17.94,0.0,0.8931,0.0,0.0
6449,40.83,2.81,18.56,0.0,19.45,1.0,0.0,0.0
6450,39.58,1.03,1.0,0.0,37.56,0.8715,0.0,0.0
6451,38.07,7.03,0.0,0.0,31.03,0.6235,0.0,0.0
6452,36.34,22.51,0.0,0.0,13.83,0.4185,0.0,0.0
6453,34.46,33.6,0.0,0.0,0.86,0.3272,0.0,0.0
6454,32.51,33.6,0.0,1.09,0.0,0.3215,0.0,0.0
6455,32.51,25.01,0.0,0.0,7.5,0.328,0.0,0.0
6456,32.51,20.18,0.0,0.0,12.32,0.2784,0.0,0.0
6457,32.51,20.18,0.0,0.0,12.32,0.197,0.0,0.0
6458,32.51,22.51,0.0,0.0,10.0,0.1156,0.0,0.0
6459,32.51,22.51,0.0,0.0,0.0,0.0496,10.0,0.0
6460,32.51,12.48,0.0,0.0,0.0,0.0496,20.03,0.0
6461,32.51,5.04,0.0,0.0,0.0,0.0496,27.47,0.0
6462,32.51,3.46,0.0,0.0,0.0,0.0496,29.05,0.0
6463,34.46,5.98,1.97,0.0,7.51,0.0496,19.0,0.0
6464,36.34,36.82,17.9,0.0,0.0,0.0,0.0,18.39
6465,38.06,36.82,21.3,20.06,0.0,0.0,0.0,0.0
6466,39.58,36.82,22.95,20.2,0.0,0.1195,0.0,0.0
6467,40.82,36.82,19.51,8.75,0.0,0.24,0.0,6.76
6468,41.75,36.82,17.85,12.93,0.0,0.2921,0.0,0.0
6469,42.32,36.82,55.28,49.79,0.0,0.3691,0.0,0.0
6470,42.51,36.82,32.99,27.31,0.0,0.6659,0.0,0.0
6471,42.32,36.82,24.86,19.37,0.0,0.8287,0.0,0.0
6472,41.75,36.82,14.29,9.37,0.0,0.9442,0.0,0.0
6473,40.82,33.6,1.65,0.0,5.57,1.0,0.0,0.0
6474,39.58,20.18,0.0,0.0,19.4,0.9632,0.0,0.0
6475,38.06,27.69,0.0,0.0,10.38,0.8351,0.0,0.0
6476,36.34,27.69,0.0,0.0,8.65,0.7666,0.0,0.0
6477,34.46,25.01,0.0,0.0,9.45,0.7095,0.0,0.0
6478,32.51,18.02,0.0,0.0,14.48,0.647,0.0,0.0
6479,32.51,14.18,0.0,0.0,18.33,0.5514,0.0,0.0
6480,32.51,16.02,0.0,0.0,16.48,0.4303,0.0,0.0
6481,32.51,9.5,0.0,0.0,0.0,0.3214,23.01,0.0
6482,32.51,3.46,0.0,0.0,7.66,0.3214,21.39,0.0
6483,32.51,0.35,0.0,0.0,32.15,0.2708,0.0,0.0
6484,32.51,0.0,0.0,0.0,1.32,0.0585,31.19,0.0
6485,32.51,0.0,0.0,0.0,1.32,0.0498,31.19,0.0
6486,32.51,0.03,0.0,0.0,1.29,0.0411,31.19,0.0
6487,34.46,0.07,0.77,0.0,2.43,0.0325,31.19,0.0
6488,36.33,1.77,6.43,0.0,0.0,0.0165,28.13,0.0
6489,38.06,1.03,16.02,0.0,0.0,0.0165,21.02,0.0
6490,39.58,0.13,5.77,0.0,2.49,0.0165,31.19,0.0
6491,40.82,0.03,16.19,0.0,0.0,0.0,24.6,0.0
6492,41.74,0.03,63.09,21.38,0.0,0.0,0.0,0.0
6493,42.31,0.53,45.31,3.53,0.0,0.1274,0.0,0.0
6494,42.51,2.81,51.45,11.75,0.0,0.1484,0.0,0.0
6495,42.31,7.03,11.45,0.0,3.78,0.2185,20.04,0.0
6496,41.74,7.03,41.39,6.68,0.0,0.1935,0.0,0.0
6497,40.82,2.81,15.74,0.0,22.27,0.2333,0.0,0.0
6498,39.58,1.37,0.17,0.0,6.85,0.0863,31.19,0.0
6499,38.06,4.2,0.0,0.0,2.67,0.041,31.19,0.0
6500,36.33,9.5,0.0,0.0,0.0,0.0234,26.83,0.0
6501,34.46,12.48,0.0,0.0,0.0,0.0234,21.98,0.0
6502,32.51,9.5,0.0,0.0,0.0,0.0234,23.01,0.0
6503,32.51,7.03,0.0,0.0,0.0,0.0234,25.47,0.0
6504,32.5,5.98,0.0,0.0,0.0,0.0234,26.52,0.0
6505,32.5,5.98,0.0,0.0,0.0,0.0234,26.52,0.0
6506,32.5,3.46,0.0,0.0,0.0,0.0234,29.04,0.0
6507,32.5,1.03,0.0,0.0,0.29,0.0234,31.19,0.0
6508,32.5,0.35,0.0,0.0,0.96,0.0214,31.19,0.0
6509,32.5,0.13,0.0,0.0,1.19,0.0151,31.19,0.0
6510,32.5,0.22,0.0,0.0,1.09,0.0072,31.19,0.0
6511,34.45,0.35,3.81,0.0,0.0,0.0,30.29,0.0
6512,36.33,1.03,14.94,0.0,0.0,0.0,20.36,0.0
6513,38.06,0.75,35.69,0.0,0.0,0.0,1.62,0.0
6514,39.57,0.53,47.5,8.45,0.0,0.0,0.0,0.0
6515,40.82,0.35,90.76,50.0,0.0,0.0504,0.0,0.29
6516,41.74,0.22,69.15,27.63,0.0,0.3484,0.0,0.0
6517,42.31,0.13,37.69,0.0,4.49,0.5131,0.0,0.0
6518,42.5,0.22,52.46,10.18,0.0,0.4834,0.0,0.0
6519,42.31,0.53,30.66,0.0,0.0,0.5441,11.12,0.0
6520,41.74,0.75,35.6,0.0,0.0,0.5441,5.39,0.0
6521,40.82,0.22,18.61,0.0,0.0,0.5441,21.99,0.0
6522,39.57,0.0,0.38,0.0,34.72,0.5441,4.47,0.0
6523,38.06,0.0,0.0,0.0,6.87,0.3148,31.19,0.0
6524,36.33,0.01,0.0,0.0,5.14,0.2694,31.19,0.0
6525,34.45,0.13,0.0,0.0,3.14,0.2355,31.19,0.0
6526,32.5,0.13,0.0,0.0,1.19,0.2148,31.19,0.0
6527,32.5,0.01,0.0,0.0,1.31,0.2069,31.19,0.0
6528,32.5,0.0,0.0,0.0,1.31,0.1983,31.19,0.0
6529,32.5,0.0,0.0,0.0,1.31,0.1896,31.19,0.0
6530,32.5,0.0,0.0,0.0,1.31,0.1809,31.19,0.0
6531,32.5,0.0,0.0,0.0,1.31,0.1723,31.19,0.0
6532,32.5,0.0,0.0,0.0,1.31,0.1636,31.19,0.0
6533,32.5,0.0,0.0,0.0,1.31,0.1549,31.19,0.0
6534,32.5,0.0,0.0,0.0,1.31,0.1462,31.19,0.0
6535,34.45,0.03,4.65,0.0,0.0,0.1375,29.77,0.0
6536,36.33,0.75,17.9,0.0,0.0,0.1375,17.69,0.0
6537,38.06,3.46,36.44,1.85,0.0,0.1375,0.0,0.0
6538,39.57,9.5,32.18,2.11,0.0,0.1485,0.0,0.0
6539,40.82,14.18,15.84,0.0,0.0,0.1611,10.8,0.0
6540,41.74,18.02,6.62,0.0,0.0,0.1611,17.09,0.0
6541,42.31,27.69,6.02,0.0,0.0,0.1611,8.6,0.0
6542,42.5,36.82,5.65,0.0,0.0,0.1611,0.02,0.0
6543,42.31,36.82,6.74,1.25,0.0,0.1611,0.0,0.0
6544,41.74,30.55,14.92,3.72,0.0,0.1686,0.0,0.0
6545,40.82,8.2,1.6,0.0,0.0,0.1908,31.01,0.0
6546,39.57,2.25,0.0,0.0,6.13,0.1908,31.19,0.0
6547,38.06,1.77,0.0,0.0,5.1,0.1503,31.19,0.0
6548,36.33,0.75,0.0,0.0,4.39,0.1166,31.19,0.0
6549,34.45,0.35,0.0,0.0,2.91,0.0876,31.19,0.0
6550,32.5,0.35,0.0,0.0,0.96,0.0683,31.19,0.0
6551,32.5,0.35,0.0,0.0,0.96,0.062,31.19,0.0
6552,32.5,0.53,0.0,0.0,0.79,0.0556,31.19,0.0
6553,32.5,0.22,0.0,0.0,1.09,0.0504,31.19,0.0
6554,32.5,0.03,0.0,0.0,1.29,0.0432,31.19,0.0
6555,32.5,0.0,0.0,0.0,1.31,0.0347,31.19,0.0
6556,32.5,0.0,0.0,0.0,1.31,0.026,31.19,0.0
6557,32.5,0.0,0.0,0.0,1.31,0.0174,31.19,0.0
6558,32.5,0.0,0.0,0.0,1.31,0.0087,31.19,0.0
6559,34.45,0.0,3.94,0.0,0.0,0.0,30.51,0.0
6560,36.33,5.98,7.24,0.0,0.0,0.0,23.11,0.0
6561,38.06,14.18,2.78,0.0,0.0,0.0,21.1,0.0
6562,39.57,30.55,18.49,0.0,0.0,0.0,0.0,9.47
6563,40.81,36.82,56.78,21.6,0.0,0.0,0.0,31.19
6564,41.74,36.82,78.14,42.04,0.0,0.1288,0.0,31.19
6565,42.31,36.82,86.67,50.0,0.0,0.3794,0.0,31.19
6566,42.5,36.82,55.15,18.29,0.0,0.6774,0.0,31.19
6567,42.31,36.82,66.86,30.19,0.0,0.7864,0.0,31.19
6568,41.74,36.82,41.74,5.64,0.0,0.9664,0.0,31.19
6569,40.81,36.82,15.08,0.0,0.0,1.0,0.0,11.09
6570,39.57,5.98,0.0,0.0,33.59,1.0,0.0,0.0
6571,38.06,1.03,0.0,0.0,37.03,0.7781,0.0,0.0
6572,36.33,0.53,0.0,0.0,4.62,0.5336,31.19,0.0
6573,34.45,0.22,0.0,0.0,3.04,0.5031,31.19,0.0
6574,32.5,0.07,0.0,0.0,32.43,0.483,0.0,0.0
6575,32.5,0.03,0.0,0.0,31.55,0.2688,0.93,0.0
6576,32.5,0.01,0.0,0.0,1.31,0.0604,31.19,0.0
6577,32.5,0.01,0.0,0.0,1.31,0.0518,31.19,0.0
6578,32.5,0.0,0.0,0.0,1.31,0.0432,31.19,0.0
6579,32.5,0.01,0.0,0.0,1.31,0.0345,31.19,0.0
6580,32.5,0.01,0.0,0.0,1.31,0.0259,31.19,0.0
6581,32.5,0.01,0.0,0.0,1.31,0.0172,31.19,0.0
6582,32.5,0.01,0.0,0.0,1.31,0.0086,31.19,0.0
6583,34.45,0.01,7.73,0.0,0.0,0.0,26.71,0.0
6584,36.33,1.77,35.39,0.0,0.0,0.0,0.0,0.84
6585,38.06,3.46,62.01,0.0,0.0,0.0,0.0,27.42
6586,39.57,5.04,81.11,15.39,0.0,0.0,0.0,31.19
6587,40.81,4.2,91.69,23.89,0.0,0.0917,0.0,31.19
6588,41.74,3.46,95.98,26.52,0.0,0.2341,0.0,31.19
6589,42.31,1.77,93.26,21.54,0.0,0.3922,0.0,31.19
6590,42.5,1.03,87.24,45.77,0.0,0.5206,0.0,0.0
6591,42.31,0.35,71.4,27.94,0.0,0.7934,0.0,1.51
6592,41.74,0.0,48.46,6.72,0.0,0.9599,0.0,0.0
6593,40.81,0.0,19.37,0.0,21.45,1.0,0.0,0.0
6594,39.57,0.0,0.0,0.0,9.3,0.8583,30.27,0.0
6595,38.06,0.0,0.0,0.0,6.87,0.7969,31.19,0.0
6596,36.33,0.0,0.0,0.0,36.33,0.7516,0.0,0.0
6597,34.45,0.0,0.0,0.0,34.45,0.5116,0.0,0.0
6598,32.5,0.0,0.0,0.0,32.5,0.2841,0.0,0.0
6599,32.5,0.0,0.0,0.0,1.31,0.0694,31.19,0.0
6600,32.5,0.0,0.0,0.0,1.31,0.0608,31.19,0.0
6601,32.5,0.0,0.0,0.0,1.31,0.0521,31.19,0.0
6602,32.5,0.0,0.0,0.0,1.31,0.0434,31.19,0.0
6603,32.5,0.0,0.0,0.0,1.31,0.0347,31.19,0.0
6604,32.5,0.0,0.0,0.0,1.31,0.026,31.19,0.0
6605,32.5,0.0,0.0,0.0,1.31,0.0174,31.19,0.0
6606,32.5,0.0,0.0,0.0,1.31,0.0087,31.19,0.0
6607,34.45,0.0,6.68,0.0,0.0,0.0,27.77,0.0
6608,36.33,0.75,32.99,0.0,0.0,0.0,2.59,0.0
6609,38.06,0.75,57.77,20.46,0.0,0.0,0.0,0.0
6610,39.57,0.03,74.98,35.44,0.0,0.122,0.0,0.0
6611,40.82,0.0,67.11,26.3,0.0,0.3332,0.0,0.0
6612,41.74,0.35,4.0,0.0,37.38,0.49,0.0,0.0
6613,42.31,3.46,37.34,0.0,1.51,0.2431,0.0,0.0
6614,42.5,10.92,45.14,13.56,0.0,0.2331,0.0,0.0
6615,42.31,27.69,68.54,50.0,0.0,0.3139,0.0,3.92
6616,41.74,36.82,44.96,40.04,0.0,0.6119,0.0,0.0
6617,40.82,12.48,16.61,0.0,11.72,0.8506,0.0,0.0
6618,39.57,1.03,0.0,0.0,38.55,0.7732,0.0,0.0
6619,38.06,0.22,0.0,0.0,37.83,0.5186,0.0,0.0
6620,36.33,0.75,0.0,0.0,4.39,0.2687,31.19,0.0
6621,34.45,1.03,0.0,0.0,2.24,0.2397,31.19,0.0
6622,32.5,0.75,0.0,0.0,0.57,0.2249,31.19,0.0
6623,32.5,0.75,0.0,0.0,0.57,0.2212,31.19,0.0
6624,32.5,0.35,0.0,0.0,25.17,0.2174,6.98,0.0
6625,32.5,0.07,0.0,0.0,1.25,0.0512,31.19,0.0
6626,32.5,0.03,0.0,0.0,1.29,0.0429,31.19,0.0
6627,32.5,0.01,0.0,0.0,1.31,0.0344,31.19,0.0
6628,32.5,0.01,0.0,0.0,1.31,0.0258,31.19,0.0
6629,32.5,0.01,0.0,0.0,1.31,0.0171,31.19,0.0
6630,32.5,0.03,0.0,0.0,1.29,0.0085,31.19,0.0
6631,34.45,0.03,7.51,0.0,0.0,0.0,26.92,0.0
6632,36.33,10.92,35.59,0.0,0.0,0.0,0.0,10.18
6633,38.06,30.55,63.64,24.94,0.0,0.0,0.0,31.19
6634,39.57,0.0,85.17,14.41,0.0,0.1487,0.0,31.19
6635,40.82,36.82,35.18,0.0,0.0,0.2345,0.0,31.19
6636,41.74,36.82,36.1,0.0,0.0,0.2345,0.0,31.19
6637,42.31,36.82,86.67,50.0,0.0,0.2345,0.0,31.19
6638,42.5,36.82,78.89,42.03,0.0,0.5326,0.0,31.19
6639,42.31,33.6,76.28,36.39,0.0,0.7831,0.0,31.19
6640,41.74,14.18,51.77,0.0,0.0,1.0,0.0,24.21
6641,40.82,1.03,20.54,0.0,19.25,1.0,0.0,0.0
6642,39.57,0.01,0.0,0.0,39.56,0.8729,0.0,0.0
6643,38.06,0.01,0.0,0.0,38.05,0.6115,0.0,0.0
6644,36.33,0.03,0.0,0.0,5.11,0.3602,31.19,0.0
6645,34.45,0.07,0.0,0.0,3.2,0.3264,31.19,0.0
6646,32.5,0.07,0.0,0.0,1.25,0.3053,31.19,0.0
6647,32.5,0.07,0.0,0.0,1.25,0.297,31.19,0.0
6648,32.5,0.03,0.0,0.0,4.66,0.2888,27.82,0.0
6649,32.5,0.01,0.0,0.0,32.5,0.258,0.0,0.0
6650,32.5,0.01,0.0,0.0,1.31,0.0434,31.19,0.0
6651,32.5,0.0,0.0,0.0,1.32,0.0347,31.19,0.0
6652,32.5,0.0,0.0,0.0,1.32,0.026,31.19,0.0
6653,32.5,0.0,0.0,0.0,1.32,0.0173,31.19,0.0
6654,32.5,0.01,0.0,0.0,1.31,0.0086,31.19,0.0
6655,34.45,0.03,8.07,0.0,0.0,0.0,26.36,0.0
6656,36.33,8.2,38.21,0.0,0.0,0.0,0.0,10.09
6657,38.06,12.48,66.44,9.67,0.0,0.0,0.0,31.19
6658,39.57,12.48,86.18,27.89,0.0,0.0576,0.0,31.19
6659,40.82,8.2,98.78,34.98,0.0,0.2239,0.0,31.19
6660,41.74,5.98,102.94,35.99,0.0,0.4324,0.0,31.19
6661,42.31,4.2,100.66,31.36,0.0,0.6469,0.0,31.19
6662,42.5,3.46,89.89,19.66,0.0,0.8339,0.0,31.19
6663,42.31,4.2,73.08,3.78,0.0,0.951,0.0,31.19
6664,41.74,4.2,48.84,4.43,0.0,0.9736,0.0,6.87
6665,40.82,1.37,18.54,0.0,20.91,1.0,0.0,0.0
6666,39.57,1.03,0.0,0.0,38.55,0.8619,0.0,0.0
6667,38.06,4.2,0.0,0.0,33.86,0.6073,0.0,0.0
6668,36.33,5.04,0.0,0.0,0.11,0.3836,31.19,0.0
6669,34.45,3.46,0.0,0.0,18.34,0.3829,12.65,0.0
6670,32.5,1.77,0.0,0.0,0.0,0.2618,30.73,0.0
6671,32.5,1.03,0.0,0.0,0.29,0.2618,31.19,0.0
6672,32.51,0.35,0.0,0.0,32.15,0.2599,0.0,0.0
6673,32.51,0.22,0.0,0.0,1.1,0.0475,31.19,0.0
6674,32.51,0.22,0.0,0.0,1.1,0.0402,31.19,0.0
6675,32.51,0.13,0.0,0.0,1.19,0.033,31.19,0.0
6676,32.51,0.07,0.0,0.0,1.25,0.0251,31.19,0.0
6677,32.51,0.07,0.0,0.0,1.25,0.0168,31.19,0.0
6678,32.51,0.03,0.0,0.0,1.29,0.0085,31.19,0.0
6679,34.46,0.03,6.3,0.0,0.0,0.0,28.13,0.0
6680,36.33,5.98,33.57,0.0,0.0,0.0,0.0,3.22
6681,38.06,4.2,60.38,0.0,0.0,0.0,0.0,26.52
6682,39.58,0.22,78.74,8.2,0.0,0.0,0.0,31.19
6683,40.82,0.0,90.39,18.38,0.0,0.0489,0.0,31.19
6684,41.75,0.0,93.72,50.0,0.0,0.1584,0.0,1.98
6685,42.31,0.0,90.99,48.67,0.0,0.4565,0.0,0.0
6686,42.51,0.0,80.95,19.25,0.0,0.7466,0.0,19.2
6687,42.31,0.0,65.58,23.26,0.0,0.8613,0.0,0.0
6688,41.75,0.0,30.8,0.0,10.95,1.0,0.0,0.0
6689,40.82,0.0,15.77,0.0,25.05,0.9277,0.0,0.0
6690,39.58,0.01,0.0,0.0,39.57,0.7622,0.0,0.0
6691,38.06,0.13,0.0,0.0,24.93,0.5009,13.0,0.0
6692,36.33,0.22,0.0,0.0,36.11,0.3362,0.0,0.0
6693,34.46,0.22,0.0,0.0,3.05,0.0977,31.19,0.0
6694,32.51,0.13,0.0,0.0,1.19,0.0775,31.19,0.0
6695,32.51,0.03,0.0,0.0,1.29,0.0697,31.19,0.0
6696,32.51,0.01,0.0,0.0,1.32,0.0611,31.19,0.0
6697,32.51,0.0,0.0,0.0,1.32,0.0524,31.19,0.0
6698,32.51,0.0,0.0,0.0,1.32,0.0437,31.19,0.0
6699,32.51,0.0,0.0,0.0,1.32,0.035,31.19,0.0
6700,32.51,0.0,0.0,0.0,1.32,0.0262,31.19,0.0
6701,32.51,0.0,0.0,0.0,1.32,0.0175,31.19,0.0
6702,32.51,0.0,0.0,0.0,1.32,0.0087,31.19,0.0
6703,34.46,0.0,5.25,0.0,0.0,0.0,29.21,0.0
6704,36.34,0.0,23.79,0.0,0.0,0.0,12.54,0.0
6705,38.07,0.01,56.6,18.54,0.0,0.0,0.0,0.0
6706,39.58,0.13,43.34,3.89,0.0,0.1105,0.0,0.0
6707,40.82,0.22,13.28,0.0,0.0,0.1337,27.32,0.0
6708,41.75,0.22,8.46,0.0,15.14,0.1337,17.92,0.0
6709,42.32,0.22,68.09,25.99,0.0,0.0337,0.0,0.0
6710,42.51,0.53,26.96,0.0,0.0,0.1886,15.03,0.0
6711,42.32,1.37,46.55,5.59,0.0,0.1886,0.0,0.0
6712,41.75,1.37,42.57,2.19,0.0,0.222,0.0,0.0
6713,40.82,0.13,15.28,0.0,0.0,0.235,25.42,0.0
6714,39.58,0.03,0.0,0.0,8.37,0.235,31.19,0.0
6715,38.07,0.03,0.0,0.0,6.85,0.1797,31.19,0.0
6716,36.34,0.01,0.0,0.0,5.14,0.1345,31.19,0.0
6717,34.46,0.0,0.0,0.0,3.27,0.1005,31.19,0.0
6718,32.51,0.0,0.0,0.0,1.32,0.0789,31.19,0.0
6719,32.51,0.0,0.0,0.0,1.32,0.0701,31.19,0.0
6720,32.51,0.0,0.0,0.0,1.33,0.0614,31.19,0.0
6721,32.51,0.0,0.0,0.0,1.33,0.0526,31.19,0.0
6722,32.51,0.0,0.0,0.0,1.33,0.0439,31.19,0.0
6723,32.51,0.0,0.0,0.0,1.33,0.0351,31.19,0.0
6724,32.51,0.0,0.0,0.0,1.33,0.0263,31.19,0.0
6725,32.51,0.0,0.0,0.0,1.33,0.0175,31.19,0.0
6726,32.51,0.0,0.0,0.0,1.33,0.0088,31.19,0.0
6727,34.47,0.0,4.45,0.0,0.0,0.0,30.02,0.0
6728,36.34,0.22,28.16,0.0,0.0,0.0,7.96,0.0
6729,38.07,0.35,40.23,0.0,0.0,0.0,0.0,2.51
6730,39.59,0.75,72.98,2.96,0.0,0.0,0.0,31.19
6731,40.83,2.25,88.65,18.89,0.0,0.0176,0.0,31.19
6732,41.75,5.04,94.48,50.0,0.0,0.1302,0.0,7.77
6733,42.32,7.03,92.64,26.17,0.0,0.4282,0.0,31.19
6734,42.51,9.5,81.71,48.69,0.0,0.5842,0.0,0.0
6735,42.32,12.48,65.79,10.51,0.0,0.8745,0.0,25.43
6736,41.75,9.5,42.8,10.55,0.0,0.9371,0.0,0.0
6737,40.83,1.77,15.44,0.0,23.62,1.0,0.0,0.0
6738,39.59,0.35,0.0,0.0,39.23,0.844,0.0,0.0
6739,38.07,1.03,0.0,0.0,15.85,0.5849,21.2,0.0
6740,36.34,1.77,0.0,0.0,34.57,0.4802,0.0,0.0
6741,34.47,2.25,0.0,0.0,32.21,0.2519,0.0,0.0
6742,32.51,1.77,0.0,0.0,0.0,0.0392,30.74,0.0
6743,32.51,1.03,0.0,0.0,0.3,0.0392,31.19,0.0
6744,32.52,0.53,0.0,0.0,0.81,0.0372,31.19,0.0
6745,32.52,0.53,0.0,0.0,0.81,0.0318,31.19,0.0
6746,32.52,0.35,0.0,0.0,0.98,0.0265,31.19,0.0
6747,32.52,0.22,0.0,0.0,1.11,0.02,31.19,0.0
6748,32.52,0.22,0.0,0.0,1.11,0.0127,31.19,0.0
6749,32.52,0.53,0.0,0.0,0.81,0.0053,31.19,0.0
6750,32.52,1.77,0.0,0.0,0.0,0.0,30.75,0.0
6751,34.47,3.46,5.22,0.0,0.0,0.0,25.78,0.0
6752,36.35,36.82,29.55,0.0,0.0,0.0,0.0,30.03
6753,38.08,13.72,55.54,0.0,0.0,0.0,0.0,31.19
6754,39.59,36.82,33.95,0.0,0.0,0.0,0.0,31.19
6755,40.83,3.5,68.52,0.0,0.0,0.0,0.0,31.19
6756,41.76,36.82,86.12,50.0,0.0,0.0,0.0,31.19
6757,42.33,36.82,79.31,42.62,0.0,0.298,0.0,31.19
6758,42.52,36.82,79.69,42.81,0.0,0.5521,0.0,31.19
6759,42.33,36.82,63.93,27.24,0.0,0.8073,0.0,31.19
6760,41.76,36.82,41.21,5.09,0.0,0.9697,0.0,31.19
6761,40.83,36.82,13.63,0.0,0.0,1.0,0.0,9.62
6762,39.59,30.55,0.0,0.0,9.04,1.0,0.0,0.0
6763,38.08,33.6,0.0,0.0,15.25,0.9403,0.0,10.78
6764,36.35,36.82,0.0,0.0,30.71,0.8396,0.0,31.19
6765,34.47,36.82,0.0,2.35,0.0,0.6367,0.0,0.0
6766,32.52,36.82,0.0,4.3,0.0,0.6508,0.0,0.0
6767,32.52,36.82,0.0,4.3,0.0,0.6764,0.0,0.0
6768,32.53,36.82,0.0,4.3,0.0,0.7021,0.0,0.0
6769,32.53,33.6,0.0,1.08,0.0,0.7277,0.0,0.0
6770,32.53,33.6,0.0,1.08,0.0,0.7341,0.0,0.0
6771,32.53,27.69,0.0,0.0,4.84,0.7405,0.0,0.0
6772,32.53,16.02,0.0,0.0,16.5,0.7086,0.0,0.0
6773,32.53,5.04,0.0,0.0,27.49,0.5996,0.0,0.0
6774,32.53,2.25,0.0,0.0,30.27,0.418,0.0,0.0
6775,34.48,2.25,2.95,0.0,29.27,0.2181,0.0,0.0
6776,36.35,16.02,16.58,0.0,3.75,0.0247,0.0,0.0
6777,38.08,22.51,41.46,0.0,0.0,0.0,0.0,25.89
6778,39.6,36.82,68.91,34.95,0.0,0.0,0.0,31.19
6779,40.84,36.82,77.86,42.66,0.0,0.2084,0.0,31.19
6780,41.76,36.82,84.2,49.96,0.0,0.4626,0.0,29.3
6781,42.33,36.82,19.47,13.97,0.0,0.7605,0.0,0.0
6782,42.53,36.82,5.23,0.0,0.47,0.8437,0.0,0.0
6783,42.33,36.82,15.39,9.89,0.0,0.8406,0.0,0.0
6784,41.76,36.82,21.8,16.86,0.0,0.8995,0.0,0.0
6785,40.84,36.82,2.92,0.0,32.28,1.0,0.0,31.19
6786,39.6,36.82,0.0,0.0,33.96,0.7868,0.0,31.19
6787,38.08,36.82,0.0,0.0,32.44,0.5625,0.0,31.19
6788,36.35,36.82,0.0,0.0,30.71,0.3482,0.0,31.19
6789,34.48,36.82,0.0,2.35,0.0,0.1453,0.0,0.0
6790,32.53,36.82,0.0,4.3,0.0,0.1593,0.0,0.0
6791,32.53,36.82,0.0,4.3,0.0,0.185,0.0,0.0
6792,32.53,36.82,0.0,4.29,0.0,0.2106,0.0,0.0
6793,32.53,36.82,0.0,4.29,0.0,0.2362,0.0,0.0
6794,32.53,36.82,0.0,4.29,0.0,0.2618,0.0,0.0
6795,32.53,36.82,0.0,4.29,0.0,0.2873,0.0,0.0
6796,32.53,36.82,0.0,4.29,0.0,0.3129,0.0,0.0
6797,32.53,36.82,0.0,4.29,0.0,0.3385,0.0,0.0
6798,32.53,36.82,0.0,4.29,0.0,0.3641,0.0,0.0
6799,34.48,36.82,0.0,2.34,0.0,0.3897,0.0,0.0
6800,36.36,36.82,0.56,0.0,30.16,0.4036,0.0,31.19
6801,38.09,36.82,2.99,0.0,17.2,0.2044,0.0,18.92
6802,39.6,30.55,23.38,0.0,0.0,0.0909,0.0,14.33
6803,40.85,22.51,56.23,6.7,0.0,0.0909,0.0,31.19
6804,41.77,22.51,47.57,28.31,0.0,0.1308,0.0,0.0
6805,42.34,22.51,73.34,50.0,0.0,0.2996,0.0,3.51
6806,42.53,18.02,73.59,49.08,0.0,0.5976,0.0,0.0
6807,42.34,12.48,42.16,12.3,0.0,0.8902,0.0,0.0
6808,41.77,2.81,45.08,6.13,0.0,0.9635,0.0,0.0
6809,40.85,0.07,14.94,0.0,20.92,1.0,4.92,0.0
6810,39.6,0.0,0.0,0.0,39.6,0.8618,0.0,0.0
6811,38.09,0.0,0.0,0.0,38.09,0.6003,0.0,0.0
6812,36.36,0.0,0.0,0.0,5.17,0.3487,31.19,0.0
6813,34.48,0.0,0.0,0.0,34.48,0.3145,0.0,0.0
6814,32.53,0.0,0.0,0.0,1.35,0.0868,31.19,0.0
6815,32.53,0.0,0.0,0.0,1.35,0.0779,31.19,0.0
6816,32.54,0.0,0.0,0.0,1.35,0.069,31.19,0.0
6817,32.54,0.0,0.0,0.0,1.35,0.0601,31.19,0.0
6818,32.54,0.0,0.0,0.0,1.35,0.0512,31.19,0.0
6819,32.54,0.0,0.0,0.0,1.35,0.0422,31.19,0.0
6820,32.54,0.0,0.0,0.0,1.35,0.0333,31.19,0.0
6821,32.54,0.0,0.0,0.0,1.35,0.0244,31.19,0.0
6822,32.54,0.0,0.0,0.0,1.35,0.0154,31.19,0.0
6823,34.49,0.0,2.32,0.0,0.98,0.0065,31.19,0.0
6824,36.37,0.0,14.29,0.0,0.0,0.0,22.07,0.0
6825,38.09,0.0,38.23,0.0,0.0,0.0,0.0,0.13
6826,39.61,0.0,60.75,0.0,0.0,0.0,0.0,21.14
6827,40.85,0.01,69.77,0.0,0.0,0.0,0.0,28.92
6828,41.78,0.01,96.44,50.0,0.0,0.0,0.0,4.67
6829,42.35,0.01,93.88,50.0,0.0,0.298,0.0,1.54
6830,42.54,0.07,84.3,41.82,0.0,0.5961,0.0,0.0
6831,42.35,0.22,67.17,25.05,0.0,0.8454,0.0,0.0
6832,41.78,0.22,42.45,0.89,0.0,0.9947,0.0,0.0
6833,40.85,0.01,11.16,0.0,29.69,1.0,0.0,0.0
6834,39.61,0.0,0.0,0.0,31.77,0.8039,7.84,0.0
6835,38.09,0.0,0.0,0.0,6.91,0.5941,31.19,0.0
6836,36.37,0.0,0.0,0.0,36.36,0.5485,0.0,0.0
6837,34.49,0.01,0.0,0.0,34.48,0.3083,0.0,0.0
6838,32.54,0.01,0.0,0.0,1.34,0.0805,31.19,0.0
6839,32.54,0.01,0.0,0.0,1.34,0.0717,31.19,0.0
6840,32.55,0.01,0.0,0.0,1.35,0.0628,31.19,0.0
6841,32.55,0.01,0.0,0.0,1.35,0.0538,31.19,0.0
6842,32.55,0.0,0.0,0.0,1.36,0.0449,31.19,0.0
6843,32.55,0.0,0.0,0.0,1.36,0.0359,31.19,0.0
6844,32.55,0.0,0.0,0.0,1.36,0.027,31.19,0.0
6845,32.55,0.0,0.0,0.0,1.36,0.018,31.19,0.0
6846,32.55,0.0,0.0,0.0,1.36,0.009,31.19,0.0
6847,34.5,0.0,4.59,0.0,0.0,0.0,29.9,0.0
6848,36.37,0.53,31.38,0.0,0.0,0.0,4.46,0.0
6849,38.1,2.25,58.45,0.0,0.0,0.0,0.0,22.6
6850,39.62,3.46,78.66,11.32,0.0,0.0,0.0,31.19
6851,40.86,3.46,90.92,29.62,0.0,0.0675,0.0,23.9
6852,41.79,2.25,95.41,50.0,0.0,0.244,0.0,5.88
6853,42.35,1.37,91.89,50.0,0.0,0.5421,0.0,0.9
6854,42.55,1.03,64.55,23.03,0.0,0.8401,0.0,0.0
6855,42.35,0.75,45.4,3.79,0.0,0.9774,0.0,0.0
6856,41.79,0.13,32.71,0.0,8.94,1.0,0.0,0.0
6857,40.86,0.0,10.94,0.0,0.0,0.9409,29.92,0.0
6858,39.62,0.0,0.0,0.0,8.43,0.9409,31.19,0.0
6859,38.1,0.0,0.0,0.0,6.92,0.8852,31.19,0.0
6860,36.37,0.0,0.0,0.0,5.19,0.8396,31.19,0.0
6861,34.5,0.0,0.0,0.0,34.5,0.8053,0.0,0.0
6862,32.55,0.01,0.0,0.0,32.54,0.5775,0.0,0.0
6863,32.55,0.03,0.0,0.0,32.52,0.3625,0.0,0.0
6864,32.56,0.07,0.0,0.0,15.05,0.1478,17.44,0.0
6865,32.56,0.13,0.0,0.0,1.24,0.0483,31.19,0.0
6866,32.56,0.13,0.0,0.0,1.24,0.0402,31.19,0.0
6867,32.56,0.22,0.0,0.0,1.15,0.032,31.19,0.0
6868,32.56,0.22,0.0,0.0,1.15,0.0244,31.19,0.0
6869,32.56,0.13,0.0,0.0,1.24,0.0168,31.19,0.0
6870,32.56,0.07,0.0,0.0,1.3,0.0086,31.19,0.0
6871,34.51,0.07,6.0,0.0,0.0,0.0,28.44,0.0
6872,36.38,3.46,36.72,0.0,0.0,0.0,0.0,3.8
6873,38.11,3.61,65.69,0.0,0.0,0.0,0.0,31.19
6874,39.63,14.18,56.64,0.0,0.0,0.0,0.0,31.19
6875,40.87,0.0,97.9,25.84,0.0,0.0,0.0,31.19
6876,41.79,36.82,36.16,0.0,0.0,0.154,0.0,31.19
6877,42.36,36.82,84.32,47.59,0.0,0.154,0.0,31.19
6878,42.56,36.82,86.92,50.0,0.0,0.4377,0.0,31.19
6879,42.36,36.82,71.74,35.02,0.0,0.7358,0.0,31.19
6880,41.79,36.82,45.47,9.32,0.0,0.9445,0.0,31.19
6881,40.87,8.2,14.15,0.0,18.52,1.0,0.0,0.0
6882,39.63,1.37,0.0,0.0,38.26,0.8777,0.0,0.0
6883,38.11,1.37,0.0,0.0,36.75,0.625,0.0,0.0
6884,36.38,1.37,0.0,0.0,35.02,0.3823,0.0,0.0
6885,34.51,1.77,0.0,0.0,13.51,0.151,19.22,0.0
6886,32.56,1.37,0.0,0.0,0.0,0.0618,31.19,0.0
6887,32.56,1.03,0.0,0.0,0.34,0.0618,31.19,0.0
6888,32.56,0.35,0.0,0.0,1.03,0.0595,31.19,0.0
6889,32.56,0.22,0.0,0.0,1.16,0.0527,31.19,0.0
6890,32.56,0.07,0.0,0.0,1.31,0.0451,31.19,0.0
6891,32.56,0.0,0.0,0.0,1.38,0.0364,31.19,0.0
6892,32.56,0.0,0.0,0.0,1.38,0.0273,31.19,0.0
6893,32.56,0.0,0.0,0.0,1.38,0.0182,31.19,0.0
6894,32.56,0.0,0.0,0.0,1.38,0.0091,31.19,0.0
6895,34.52,0.0,4.28,0.0,0.0,0.0,30.24,0.0
6896,36.39,0.0,31.82,0.0,0.0,0.0,4.57,0.0
6897,38.12,0.75,60.44,0.0,0.0,0.0,0.0,23.07
6898,39.64,4.2,81.44,14.82,0.0,0.0,0.0,31.19
6899,40.88,8.2,95.04,31.18,0.0,0.0883,0.0,31.19
6900,41.8,8.2,100.11,35.32,0.0,0.2742,0.0,31.19
6901,42.37,8.2,97.6,44.37,0.0,0.4847,0.0,19.07
6902,42.56,7.03,62.67,27.14,0.0,0.7492,0.0,0.0
6903,42.37,4.2,52.17,14.0,0.0,0.9109,0.0,0.0
6904,41.8,0.53,42.22,0.94,0.0,0.9944,0.0,0.0
6905,40.88,0.0,12.87,0.0,28.01,1.0,0.0,0.0
6906,39.64,0.0,0.0,0.0,39.64,0.815,0.0,0.0
6907,38.12,0.0,0.0,0.0,38.12,0.5532,0.0,0.0
6908,36.39,0.0,0.0,0.0,29.34,0.3015,7.05,0.0
6909,34.52,0.0,0.0,0.0,3.33,0.1077,31.19,0.0
6910,32.56,0.01,0.0,0.0,1.37,0.0857,31.19,0.0
6911,32.56,0.01,0.0,0.0,1.37,0.0766,31.19,0.0
6912,32.57,0.01,0.0,0.0,1.38,0.0676,31.19,0.0
6913,32.57,0.01,0.0,0.0,1.38,0.0585,31.19,0.0
6914,32.57,0.0,0.0,0.0,1.39,0.0493,31.19,0.0
6915,32.57,0.0,0.0,0.0,1.39,0.0402,31.19,0.0
6916,32.57,0.0,0.0,0.0,1.39,0.031,31.19,0.0
6917,32.57,0.0,0.0,0.0,1.39,0.0218,31.19,0.0
6918,32.57,0.0,0.0,0.0,1.39,0.0127,31.19,0.0
6919,34.53,0.0,2.81,0.0,0.53,0.0035,31.19,0.0
6920,36.4,0.07,18.81,0.0,0.0,0.0,17.53,0.0
6921,38.13,0.53,34.07,0.0,0.0,0.0,3.54,0.0
6922,39.65,2.25,76.93,8.35,0.0,0.0,0.0,31.19
6923,40.89,5.04,88.92,21.89,0.0,0.0498,0.0,31.19
6924,41.81,3.46,93.1,32.94,0.0,0.1802,0.0,21.8
6925,42.38,1.77,89.35,48.74,0.0,0.3766,0.0,0.0
6926,42.57,0.75,78.79,36.96,0.0,0.6671,0.0,0.0
6927,42.38,0.35,60.92,18.89,0.0,0.8874,0.0,0.0
6928,41.81,0.07,30.28,0.0,11.47,1.0,0.0,0.0
6929,40.89,0.0,9.32,0.0,31.57,0.9243,0.0,0.0
6930,39.65,0.0,0.0,0.0,39.65,0.7158,0.0,0.0
6931,38.13,0.0,0.0,0.0,6.94,0.4539,31.19,0.0
6932,36.4,0.0,0.0,0.0,36.4,0.408,0.0,0.0
6933,34.53,0.0,0.0,0.0,13.01,0.1676,21.51,0.0
6934,32.57,0.0,0.0,0.0,1.39,0.0817,31.19,0.0
6935,32.57,0.0,0.0,0.0,1.39,0.0725,31.19,0.0
6936,32.59,0.0,0.0,0.0,1.4,0.0633,31.19,0.0
6937,32.59,0.01,0.0,0.0,1.39,0.0541,31.19,0.0
6938,32.59,0.01,0.0,0.0,1.39,0.0449,31.19,0.0
6939,32.59,0.03,0.0,0.0,1.37,0.0357,31.19,0.0
6940,32.59,0.03,0.0,0.0,1.37,0.0267,31.19,0.0
6941,32.59,0.07,0.0,0.0,1.33,0.0176,31.19,0.0
6942,32.59,0.07,0.0,0.0,1.33,0.0088,31.19,0.0
6943,34.54,0.07,4.19,0.0,0.0,0.0,30.28,0.0
6944,36.41,5.04,33.26,0.0,0.0,0.0,0.0,1.88
6945,38.14,10.92,58.41,0.0,0.0,0.0,0.0,31.19
6946,39.66,0.0,70.84,0.0,0.0,0.0,0.0,31.19
6947,40.9,22.51,95.5,45.93,0.0,0.0,0.0,31.19
6948,41.82,22.51,99.04,48.54,0.0,0.2738,0.0,31.19
6949,42.39,20.18,98.39,44.99,0.0,0.5631,0.0,31.19
6950,42.59,12.48,86.85,25.55,0.0,0.8313,0.0,31.19
6951,42.39,7.03,69.29,2.74,0.0,0.9836,0.0,31.19
6952,41.82,0.75,43.66,0.0,0.0,1.0,0.0,2.59
6953,40.9,0.0,12.98,0.0,25.58,1.0,2.33,0.0
6954,39.66,0.0,0.0,0.0,8.47,0.831,31.19,0.0
6955,38.14,0.0,0.0,0.0,38.14,0.7751,0.0,0.0
6956,36.41,0.0,0.0,0.0,5.23,0.5232,31.19,0.0
6957,34.54,0.0,0.0,0.0,3.35,0.4887,31.19,0.0
6958,32.59,0.0,0.0,0.0,1.4,0.4665,31.19,0.0
6959,32.59,0.0,0.0,0.0,1.4,0.4573,31.19,0.0
6960,32.6,0.0,0.0,0.0,1.41,0.448,31.19,0.0
6961,32.6,0.0,0.0,0.0,1.41,0.4387,31.19,0.0
6962,32.6,0.0,0.0,0.0,1.41,0.4294,31.19,0.0
6963,32.6,0.0,0.0,0.0,1.41,0.4201,31.19,0.0
6964,32.6,0.0,0.0,0.0,1.41,0.4108,31.19,0.0
6965,32.6,0.0,0.0,0.0,1.41,0.4015,31.19,0.0
6966,32.6,0.0,0.0,0.0,1.41,0.3921,31.19,0.0
6967,34.55,0.0,2.9,0.0,0.46,0.3828,31.19,0.0
6968,36.42,0.0,5.36,0.0,0.0,0.3798,31.07,0.0
6969,38.15,0.22,20.81,0.0,0.0,0.3798,17.12,0.0
6970,39.67,3.46,2.46,0.0,2.56,0.3798,31.19,0.0
6971,40.91,9.5,5.23,0.0,0.0,0.3629,26.18,0.0
6972,41.84,8.2,3.21,0.0,0.0,0.3629,30.42,0.0
6973,42.41,5.04,10.63,0.0,0.0,0.3629,26.74,0.0
6974,42.6,1.77,9.49,0.0,0.15,0.3629,31.19,0.0
6975,42.41,0.13,5.39,0.0,5.7,0.3619,31.19,0.0
6976,41.84,0.0,5.18,0.0,5.47,0.3242,31.19,0.0
6977,40.91,0.0,1.26,0.0,8.46,0.2881,31.19,0.0
6978,39.67,0.0,0.0,0.0,8.48,0.2322,31.19,0.0
6979,38.15,0.0,0.0,0.0,6.97,0.1762,31.19,0.0
6980,36.42,0.0,0.0,0.0,5.24,0.1302,31.19,0.0
6981,34.55,0.0,0.0,0.0,3.36,0.0956,31.19,0.0
6982,32.6,0.0,0.0,0.0,1.41,0.0734,31.19,0.0
6983,32.6,0.0,0.0,0.0,1.41,0.0641,31.19,0.0
6984,32.61,0.01,0.0,0.0,1.41,0.0547,31.19,0.0
6985,32.61,0.03,0.0,0.0,1.4,0.0454,31.19,0.0
6986,32.61,0.07,0.0,0.0,1.36,0.0362,31.19,0.0
6987,32.61,0.07,0.0,0.0,1.36,0.0272,31.19,0.0
6988,32.61,0.13,0.0,0.0,1.29,0.0183,31.19,0.0
6989,32.61,0.35,0.0,0.0,1.07,0.0097,31.19,0.0
6990,32.61,1.03,0.0,0.0,0.4,0.0026,31.19,0.0
6991,34.56,1.03,4.23,0.0,0.0,0.0,29.31,0.0
6992,36.44,3.46,32.83,0.0,0.0,0.0,0.14,0.0
6993,38.17,5.98,61.46,0.0,0.0,0.0,0.0,29.28
6994,39.68,5.98,81.07,16.19,0.0,0.0,0.0,31.19
6995,40.92,4.2,93.36,25.45,0.0,0.0965,0.0,31.19
6996,41.85,2.81,97.74,27.52,0.0,0.2482,0.0,31.19
6997,42.42,2.81,95.12,50.0,0.0,0.4123,0.0,5.51
6998,42.61,2.25,84.96,44.61,0.0,0.7103,0.0,0.0
6999,42.42,1.37,67.53,3.84,0.0,0.9762,0.0,22.64
7000,41.85,0.07,41.94,0.16,0.0,0.9991,0.0,0.0
7001,40.92,0.0,11.61,0.0,29.32,1.0,0.0,0.0
7002,39.68,0.0,0.0,0.0,39.68,0.8064,0.0,0.0
7003,38.17,0.0,0.0,0.0,27.19,0.5443,10.98,0.0
7004,36.44,0.0,0.0,0.0,36.44,0.3647,0.0,0.0
7005,34.56,0.0,0.0,0.0,3.37,0.1241,31.19,0.0
7006,32.61,0.0,0.0,0.0,1.42,0.1018,31.19,0.0
7007,32.61,0.0,0.0,0.0,1.42,0.0924,31.19,0.0
7008,32.62,0.0,0.0,0.0,1.44,0.083,31.19,0.0
7009,32.62,0.0,0.0,0.0,1.44,0.0735,31.19,0.0
7010,32.62,0.0,0.0,0.0,1.44,0.064,31.19,0.0
7011,32.62,0.0,0.0,0.0,1.44,0.0545,31.19,0.0
7012,32.62,0.0,0.0,0.0,1.44,0.045,31.19,0.0
7013,32.62,0.0,0.0,0.0,1.44,0.0356,31.19,0.0
7014,32.62,0.0,0.0,0.0,1.44,0.0261,31.19,0.0
7015,34.57,0.0,2.79,0.0,0.6,0.0166,31.19,0.0
7016,36.45,0.0,17.97,0.0,0.0,0.0126,18.48,0.0
7017,38.18,0.0,37.11,0.0,0.0,0.0126,1.07,0.0
7018,39.69,0.01,51.41,11.73,0.0,0.0126,0.0,0.0
7019,40.94,0.03,42.99,2.08,0.0,0.0825,0.0,0.0
7020,41.86,0.0,54.98,13.12,0.0,0.0949,0.0,0.0
7021,42.43,0.0,51.61,9.18,0.0,0.1732,0.0,0.0
7022,42.62,0.0,51.06,8.44,0.0,0.2279,0.0,0.0
7023,42.43,0.0,44.29,1.86,0.0,0.2782,0.0,0.0
7024,41.86,0.0,34.48,0.0,0.0,0.2893,7.38,0.0
7025,40.94,0.0,3.8,0.0,5.95,0.2893,31.19,0.0
7026,39.69,0.0,0.0,0.0,8.51,0.25,31.19,0.0
7027,38.18,0.0,0.0,0.0,6.99,0.1938,31.19,0.0
7028,36.45,0.0,0.0,0.0,5.26,0.1476,31.19,0.0
7029,34.57,0.0,0.0,0.0,3.39,0.1129,31.19,0.0
7030,32.62,0.0,0.0,0.0,1.44,0.0905,31.19,0.0
7031,32.62,0.0,0.0,0.0,1.44,0.081,31.19,0.0
7032,32.64,0.0,0.0,0.0,1.45,0.0715,31.19,0.0
7033,32.64,0.0,0.0,0.0,1.45,0.0619,31.19,0.0
7034,32.64,0.0,0.0,0.0,1.45,0.0524,31.19,0.0
7035,32.64,0.0,0.0,0.0,1.45,0.0428,31.19,0.0
7036,32.64,0.01,0.0,0.0,1.44,0.0332,31.19,0.0
7037,32.64,0.0,0.0,0.0,1.45,0.0237,31.19,0.0
7038,32.64,0.0,0.0,0.0,1.45,0.0141,31.19,0.0
7039,34.59,0.0,2.71,0.0,0.69,0.0046,31.19,0.0
7040,36.46,0.0,29.58,0.0,0.0,0.0,6.88,0.0
7041,38.19,0.01,57.56,0.0,0.0,0.0,0.0,19.38
7042,39.71,0.22,77.26,6.59,0.0,0.0,0.0,31.19
7043,40.95,1.37,89.27,18.5,0.0,0.0393,0.0,31.19
7044,41.87,3.46,94.42,50.0,0.0,0.1496,0.0,6.0
7045,42.44,4.2,91.8,25.32,0.0,0.4476,0.0,28.23
7046,42.64,2.81,82.91,43.09,0.0,0.5985,0.0,0.0
7047,42.44,1.37,65.35,24.27,0.0,0.8553,0.0,0.0
7048,41.87,0.07,39.71,0.0,2.1,1.0,0.0,0.0
7049,40.95,0.0,10.25,0.0,30.7,0.9861,0.0,0.0
7050,39.71,0.0,0.0,0.0,8.52,0.7834,31.19,0.0
7051,38.19,0.0,0.0,0.0,7.01,0.7271,31.19,0.0
7052,36.46,0.0,0.0,0.0,24.59,0.6808,11.88,0.0
7053,34.59,0.0,0.0,0.0,34.59,0.5184,0.0,0.0
7054,32.64,0.0,0.0,0.0,1.45,0.29,31.19,0.0
7055,32.64,0.0,0.0,0.0,32.63,0.2804,0.0,0.0
7056,32.65,0.03,0.0,0.0,1.44,0.0648,31.19,0.0
7057,32.65,0.13,0.0,0.0,1.34,0.0554,31.19,0.0
7058,32.65,0.13,0.0,0.0,1.34,0.0465,31.19,0.0
7059,32.65,0.22,0.0,0.0,1.24,0.0377,31.19,0.0
7060,32.65,0.22,0.0,0.0,1.24,0.0295,31.19,0.0
7061,32.65,0.22,0.0,0.0,1.24,0.0213,31.19,0.0
7062,32.65,0.35,0.0,0.0,1.11,0.0131,31.19,0.0
7063,34.6,0.35,2.19,0.0,0.87,0.0058,31.19,0.0
7064,36.48,5.98,24.05,0.0,0.0,0.0,6.45,0.0
7065,38.21,14.1,55.29,0.0,0.0,0.0,0.0,31.19
7066,39.72,27.69,74.9,31.68,0.0,0.0,0.0,31.19
7067,40.97,30.86,91.29,50.0,0.0,0.1888,0.0,31.19
7068,41.89,36.82,86.25,50.0,0.0,0.4869,0.0,31.19
7069,42.46,36.82,36.82,0.0,0.0,0.7849,0.0,31.19
7070,42.65,36.82,48.38,11.36,0.0,0.7849,0.0,31.19
7071,42.46,36.82,61.54,24.72,0.0,0.8526,0.0,31.19
7072,41.89,18.02,35.21,0.0,0.0,1.0,0.0,11.34
7073,40.97,0.75,7.24,0.0,32.97,1.0,0.0,0.0
7074,39.72,0.13,0.0,0.0,29.3,0.7822,10.29,0.0
7075,38.21,0.07,0.0,0.0,6.95,0.5887,31.19,0.0
7076,36.48,0.13,0.0,0.0,5.16,0.5427,31.19,0.0
7077,34.6,0.13,0.0,0.0,34.47,0.5086,0.0,0.0
7078,32.65,0.13,0.0,0.0,32.52,0.281,0.0,0.0
7079,32.65,0.13,0.0,0.0,1.34,0.0662,31.19,0.0
7080,32.67,0.22,0.0,0.0,1.26,0.0573,31.19,0.0
7081,32.67,0.35,0.0,0.0,1.13,0.049,31.19,0.0
7082,32.67,0.53,0.0,0.0,0.95,0.0416,31.19,0.0
7083,32.67,0.53,0.0,0.0,0.95,0.0353,31.19,0.0
7084,32.67,0.53,0.0,0.0,0.95,0.029,31.19,0.0
7085,32.67,0.35,0.0,0.0,1.13,0.0227,31.19,0.0
7086,32.67,0.35,0.0,0.0,1.13,0.0152,31.19,0.0
7087,34.62,0.35,1.9,0.0,1.18,0.0078,31.19,0.0
7088,36.49,5.04,28.81,0.0,0.0,0.0,2.64,0.0
7089,38.22,12.2,57.21,0.0,0.0,0.0,0.0,31.19
7090,39.74,22.51,48.41,0.0,0.0,0.0,0.0,31.19
7091,40.98,36.82,85.34,50.0,0.0,0.0,0.0,31.19
7092,41.9,36.82,75.35,39.09,0.0,0.298,0.0,31.19
7093,42.47,36.82,86.84,50.0,0.0,0.531,0.0,31.19
7094,42.67,36.82,37.03,0.0,0.0,0.8291,0.0,31.19
7095,42.47,36.82,65.51,28.67,0.0,0.8291,0.0,31.19
7096,41.9,12.48,39.56,0.0,0.0,1.0,0.0,10.13
7097,40.98,0.53,9.52,0.0,30.94,1.0,0.0,0.0
7098,39.74,0.13,0.0,0.0,39.61,0.7957,0.0,0.0
7099,38.22,0.13,0.0,0.0,6.91,0.5341,31.19,0.0
7100,36.49,0.13,0.0,0.0,36.36,0.4884,0.0,0.0
7101,34.62,0.13,0.0,0.0,3.3,0.2483,31.19,0.0
7102,32.67,0.13,0.0,0.0,1.35,0.2265,31.19,0.0
7103,32.67,0.13,0.0,0.0,1.35,0.2175,31.19,0.0
7104,32.68,0.22,0.0,0.0,23.21,0.2086,9.25,0.0
7105,32.68,0.22,0.0,0.0,1.27,0.0554,31.19,0.0
7106,32.68,0.22,0.0,0.0,1.27,0.0469,31.19,0.0
7107,32.68,0.35,0.0,0.0,1.14,0.0385,31.19,0.0
7108,32.68,0.35,0.0,0.0,1.14,0.031,31.19,0.0
7109,32.68,0.35,0.0,0.0,1.14,0.0234,31.19,0.0
7110,32.68,0.53,0.0,0.0,0.97,0.0159,31.19,0.0
7111,34.63,0.53,1.48,0.0,1.44,0.0095,31.19,0.0
7112,36.51,4.2,27.8,0.0,0.0,0.0,4.5,0.0
7113,38.24,9.5,56.46,0.0,0.0,0.0,0.0,27.72
7114,39.75,10.92,76.8,16.79,0.0,0.0,0.0,31.19
7115,41.0,16.02,90.87,34.71,0.0,0.1001,0.0,31.19
7116,41.92,20.18,95.64,42.71,0.0,0.307,0.0,31.19
7117,42.49,20.18,93.07,39.58,0.0,0.5616,0.0,31.19
7118,42.68,18.02,82.25,26.41,0.0,0.7975,0.0,31.19
7119,42.49,14.18,64.65,7.56,0.0,0.9549,0.0,28.78
7120,41.92,2.25,38.86,0.0,0.81,1.0,0.0,0.0
7121,41.0,0.07,9.3,0.0,31.63,0.9947,0.0,0.0
7122,39.75,0.07,0.0,0.0,39.69,0.7858,0.0,0.0
7123,38.24,0.07,0.0,0.0,25.22,0.5237,12.95,0.0
7124,36.51,0.03,0.0,0.0,5.29,0.3571,31.19,0.0
7125,34.63,0.01,0.0,0.0,3.44,0.3221,31.19,0.0
7126,32.68,0.0,0.0,0.0,1.49,0.2994,31.19,0.0
7127,32.68,0.0,0.0,0.0,32.68,0.2895,0.0,0.0
7128,32.7,0.03,0.0,0.0,1.48,0.0737,31.19,0.0
7129,32.7,0.07,0.0,0.0,1.45,0.0639,31.19,0.0
7130,32.7,0.13,0.0,0.0,1.38,0.0543,31.19,0.0
7131,32.7,0.13,0.0,0.0,1.38,0.0452,31.19,0.0
7132,32.7,0.13,0.0,0.0,1.38,0.0361,31.19,0.0
7133,32.7,0.13,0.0,0.0,1.38,0.0269,31.19,0.0
7134,32.7,0.07,0.0,0.0,1.45,0.0178,31.19,0.0
7135,34.65,0.07,2.15,0.0,1.25,0.0083,31.19,0.0
7136,36.52,0.13,29.81,0.0,0.0,0.0,6.58,0.0
7137,38.25,0.53,58.15,0.0,0.0,0.0,0.0,20.42
7138,39.77,0.35,77.07,6.47,0.0,0.0,0.0,31.19
7139,41.01,0.22,87.51,15.54,0.0,0.0386,0.0,31.19
7140,41.94,0.07,91.45,49.58,0.0,0.1312,0.0,0.0
7141,42.51,0.01,88.3,40.11,0.0,0.4267,0.0,5.69
7142,42.7,0.0,79.02,36.32,0.0,0.6658,0.0,0.0
7143,42.51,0.0,62.26,19.75,0.0,0.8823,0.0,0.0
7144,41.94,0.0,37.55,0.0,4.39,1.0,0.0,0.0
7145,41.01,0.0,8.62,0.0,32.39,0.971,0.0,0.0
7146,39.77,0.0,0.0,0.0,39.77,0.7571,0.0,0.0
7147,38.25,0.0,0.0,0.0,20.05,0.4944,18.21,0.0
7148,36.52,0.0,0.0,0.0,36.52,0.362,0.0,0.0
7149,34.65,0.03,0.0,0.0,3.43,0.1208,31.19,0.0
7150,32.7,0.03,0.0,0.0,1.48,0.0981,31.19,0.0
7151,32.7,0.07,0.0,0.0,1.45,0.0883,31.19,0.0
7152,32.71,0.07,0.0,0.0,1.46,0.0788,31.19,0.0
7153,32.71,0.07,0.0,0.0,1.46,0.0691,31.19,0.0
7154,32.71,0.03,0.0,0.0,1.5,0.0594,31.19,0.0
7155,32.71,0.03,0.0,0.0,1.5,0.0495,31.19,0.0
7156,32.71,0.03,0.0,0.0,1.5,0.0396,31.19,0.0
7157,32.71,0.07,0.0,0.0,1.46,0.0297,31.19,0.0
7158,32.71,0.13,0.0,0.0,1.4,0.02,31.19,0.0
7159,34.67,0.13,1.72,0.0,1.63,0.0108,31.19,0.0
7160,36.54,10.92,28.96,0.0,0.0,0.0,0.0,3.34
7161,38.27,16.02,58.31,4.88,0.0,0.0,0.0,31.19
7162,39.79,18.02,78.7,25.75,0.0,0.0291,0.0,31.19
7163,41.03,20.18,90.72,38.68,0.0,0.1826,0.0,31.19
7164,41.95,18.02,94.85,39.73,0.0,0.4132,0.0,31.19
7165,42.52,16.02,91.41,33.72,0.0,0.65,0.0,31.19
7166,42.71,14.18,54.72,22.43,0.0,0.851,0.0,3.75
7167,42.52,14.18,62.1,2.57,0.0,0.9847,0.0,31.19
7168,41.95,4.2,36.58,0.0,1.17,1.0,0.0,0.0
7169,41.03,0.75,7.81,0.0,32.47,0.9923,0.0,0.0
7170,39.79,1.77,0.0,0.0,38.01,0.7778,0.0,0.0
7171,38.27,4.2,0.0,0.0,34.07,0.5267,0.0,0.0
7172,36.54,5.98,0.0,0.0,30.56,0.3017,0.0,0.0
7173,34.67,8.2,0.0,0.0,5.56,0.0999,20.9,0.0
7174,32.71,10.92,0.0,0.0,0.0,0.0632,21.8,0.0
7175,32.71,10.92,0.0,0.0,0.0,0.0632,21.8,0.0
7176,32.73,4.2,0.0,0.0,0.0,0.0632,28.53,0.0
7177,32.73,1.03,0.0,0.0,0.52,0.0632,31.19,0.0
7178,32.73,0.35,0.0,0.0,1.19,0.0597,31.19,0.0
7179,32.73,0.22,0.0,0.0,1.32,0.0518,31.19,0.0
7180,32.73,0.13,0.0,0.0,1.42,0.0431,31.19,0.0
7181,32.73,0.13,0.0,0.0,1.42,0.0337,31.19,0.0
7182,32.73,0.13,0.0,0.0,1.42,0.0244,31.19,0.0
7183,34.68,0.13,1.1,0.0,2.27,0.015,31.19,0.0
7184,36.56,20.18,23.45,0.0,0.0,0.0,0.0,7.08
7185,38.29,36.82,49.07,16.42,0.0,0.0,0.0,31.19
7186,39.8,36.82,67.63,33.46,0.0,0.0979,0.0,31.19
7187,41.05,36.82,77.57,42.16,0.0,0.2973,0.0,31.19
7188,41.97,36.82,82.58,50.0,0.0,0.5487,0.0,27.44
7189,42.54,36.82,43.32,8.0,0.0,0.8467,0.0,29.61
7190,42.73,36.82,17.22,11.31,0.0,0.8944,0.0,0.0
7191,42.54,36.82,11.51,5.8,0.0,0.9618,0.0,0.0
7192,41.97,36.82,5.76,0.62,0.0,0.9963,0.0,0.0
7193,41.05,33.6,0.61,0.0,6.84,1.0,0.0,0.0
7194,39.8,8.2,0.0,0.0,31.6,0.9548,0.0,0.0
7195,38.29,8.2,0.0,0.0,30.08,0.7461,0.0,0.0
7196,36.56,10.92,0.0,0.0,25.64,0.5474,0.0,0.0
7197,34.68,10.92,0.0,0.0,23.76,0.3781,0.0,0.0
7198,32.73,14.18,0.0,0.0,18.56,0.2211,0.0,0.0
7199,32.73,18.02,0.0,0.0,0.0,0.0986,14.71,0.0
7200,32.75,16.02,0.0,0.0,0.0,0.0986,16.73,0.0
7201,32.75,12.48,0.0,0.0,0.0,0.0986,20.27,0.0
7202,32.75,7.03,0.0,0.0,0.0,0.0986,25.72,0.0
7203,32.75,7.03,0.0,0.0,0.0,0.0986,25.72,0.0
7204,32.75,10.92,0.0,0.0,12.68,0.0986,9.15,0.0
7205,32.75,10.92,0.0,0.0,0.0,0.0148,21.83,0.0
7206,32.75,7.03,0.0,0.0,0.0,0.0148,25.72,0.0
7207,34.7,4.2,0.0,0.0,0.0,0.0148,30.5,0.0
7208,36.58,20.18,3.41,0.0,0.0,0.0148,12.98,0.0
7209,38.31,36.82,1.13,0.0,0.0,0.0148,0.36,0.0
7210,39.82,36.82,7.51,4.51,0.0,0.0148,0.0,0.0
7211,41.07,36.82,22.08,17.84,0.0,0.0417,0.0,0.0
7212,41.99,36.82,17.29,12.12,0.0,0.1481,0.0,0.0
7213,42.56,22.51,11.26,0.0,0.0,0.2203,8.79,0.0
7214,42.75,12.48,3.65,0.0,0.0,0.2203,26.62,0.0
7215,42.56,9.5,0.91,0.0,0.96,0.2203,31.19,0.0
7216,41.99,5.04,0.22,0.0,5.55,0.2139,31.19,0.0
7217,41.07,1.03,1.48,0.0,7.38,0.1773,31.19,0.0
7218,39.82,0.53,0.0,0.0,8.11,0.1286,31.19,0.0
7219,38.31,1.37,0.0,0.0,5.75,0.075,31.19,0.0
7220,36.58,2.25,0.0,0.0,3.14,0.037,31.19,0.0
7221,34.7,2.81,0.0,0.0,0.7,0.0163,31.19,0.0
7222,32.75,2.25,0.0,0.0,0.0,0.0116,30.5,0.0
7223,32.75,2.25,0.0,0.0,0.0,0.0116,30.5,0.0
7224,32.77,2.25,0.0,0.0,0.0,0.0116,30.52,0.0
7225,32.77,2.25,0.0,0.0,0.0,0.0116,30.52,0.0
7226,32.77,2.25,0.0,0.0,0.0,0.0116,30.52,0.0
7227,32.77,2.81,0.0,0.0,0.0,0.0116,29.96,0.0
7228,32.77,2.81,0.0,0.0,0.0,0.0116,29.96,0.0
7229,32.77,2.25,0.0,0.0,0.0,0.0116,30.52,0.0
7230,32.77,1.77,0.0,0.0,0.0,0.0116,31.0,0.0
7231,34.72,1.77,0.0,0.0,1.76,0.0116,31.19,0.0
7232,36.6,8.2,8.72,0.0,0.0,0.0,19.67,0.0
7233,38.33,12.48,40.94,0.0,0.0,0.0,0.0,15.1
7234,39.84,16.02,32.49,0.0,0.0,0.0,0.0,8.68
7235,41.08,20.18,77.21,25.13,0.0,0.0,0.0,31.19
7236,42.01,27.69,84.08,38.57,0.0,0.1498,0.0,31.19
7237,42.58,30.55,82.65,39.44,0.0,0.3797,0.0,31.19
7238,42.77,30.55,74.28,30.88,0.0,0.6148,0.0,31.19
7239,42.58,25.01,56.29,33.75,0.0,0.7988,0.0,4.97
7240,42.01,9.5,30.45,0.0,2.06,1.0,0.0,0.0
7241,41.08,1.03,4.72,0.0,9.66,0.9864,25.69,0.0
7242,39.84,0.07,0.0,0.0,39.78,0.9226,0.0,0.0
7243,38.33,0.07,0.0,0.0,7.07,0.6599,31.19,0.0
7244,36.6,0.03,0.0,0.0,36.57,0.6132,0.0,0.0
7245,34.72,0.01,0.0,0.0,3.53,0.3716,31.19,0.0
7246,32.77,0.0,0.0,0.0,1.58,0.3484,31.19,0.0
7247,32.77,0.0,0.0,0.0,32.77,0.3379,0.0,0.0
7248,32.79,0.0,0.0,0.0,1.6,0.1215,31.19,0.0
7249,32.79,0.0,0.0,0.0,1.6,0.1109,31.19,0.0
7250,32.79,0.0,0.0,0.0,1.6,0.1003,31.19,0.0
7251,32.79,0.0,0.0,0.0,1.6,0.0897,31.19,0.0
7252,32.79,0.0,0.0,0.0,1.6,0.0791,31.19,0.0
7253,32.79,0.0,0.0,0.0,1.6,0.0685,31.19,0.0
7254,32.79,0.0,0.0,0.0,1.6,0.0579,31.19,0.0
7255,34.74,0.0,0.06,0.0,3.49,0.0473,31.19,0.0
7256,36.62,0.03,20.79,0.0,0.0,0.0242,15.8,0.0
7257,38.35,0.22,3.27,0.0,3.67,0.0242,31.19,0.0
7258,39.86,0.35,22.23,0.0,0.0,0.0,17.28,0.0
7259,41.1,0.22,81.28,40.4,0.0,0.0,0.0,0.0
7260,42.03,0.03,86.41,44.41,0.0,0.2408,0.0,0.0
7261,42.6,0.01,59.12,16.53,0.0,0.5055,0.0,0.0
7262,42.79,0.0,55.35,12.56,0.0,0.6041,0.0,0.0
7263,42.6,0.0,13.7,0.0,28.89,0.6789,0.0,0.0
7264,42.03,0.0,2.94,0.0,19.62,0.4881,19.47,0.0
7265,41.1,0.0,0.41,0.0,40.7,0.3585,0.0,0.0
7266,39.86,0.0,0.0,0.0,8.67,0.0897,31.19,0.0
7267,38.35,2.25,0.0,0.0,4.91,0.0324,31.19,0.0
7268,36.62,25.01,0.0,0.0,0.0,0.0,11.61,0.0
7269,34.74,36.82,0.0,2.08,0.0,0.0,0.0,0.0
7270,32.79,36.82,0.0,4.03,0.0,0.0124,0.0,0.0
7271,32.79,36.82,0.0,4.03,0.0,0.0365,0.0,0.0
7272,32.81,36.82,0.0,4.01,0.0,0.0605,0.0,0.0
7273,32.81,33.6,0.0,0.79,0.0,0.0844,0.0,0.0
7274,32.81,16.02,0.0,0.0,12.18,0.0891,4.61,0.0
7275,32.81,8.2,0.0,0.0,0.0,0.0087,24.61,0.0
7276,32.81,5.04,0.0,0.0,0.0,0.0087,27.77,0.0
7277,32.81,2.81,0.0,0.0,0.0,0.0087,30.0,0.0
7278,32.81,2.25,0.0,0.0,0.0,0.0087,30.56,0.0
7279,34.76,2.25,0.0,0.0,1.32,0.0087,31.19,0.0
7280,36.64,7.03,23.01,0.0,0.0,0.0,6.59,0.0
7281,38.37,9.5,31.18,2.31,0.0,0.0,0.0,0.0
7282,39.88,14.18,46.04,20.34,0.0,0.0138,0.0,0.0
7283,41.12,22.51,40.82,22.2,0.0,0.135,0.0,0.0
7284,42.05,25.01,37.73,20.69,0.0,0.2674,0.0,0.0
7285,42.62,22.51,32.98,12.87,0.0,0.3907,0.0,0.0
7286,42.81,25.01,28.83,11.03,0.0,0.4674,0.0,0.0
7287,42.62,27.69,37.34,22.41,0.0,0.5331,0.0,0.0
7288,42.05,12.48,25.96,0.0,3.61,0.6667,0.0,0.0
7289,41.12,0.53,5.15,0.0,4.26,0.6428,31.19,0.0
7290,39.88,0.0,0.0,0.0,8.69,0.6147,31.19,0.0
7291,38.37,0.0,0.0,0.0,29.09,0.5573,9.28,0.0
7292,36.64,0.0,0.0,0.0,36.64,0.3652,0.0,0.0
7293,34.76,0.0,0.0,0.0,3.57,0.1232,31.19,0.0
7294,32.81,0.0,0.0,0.0,1.62,0.0996,31.19,0.0
7295,32.81,0.13,0.0,0.0,1.5,0.0889,31.19,0.0
7296,32.83,0.53,0.0,0.0,1.12,0.079,31.19,0.0
7297,32.83,0.75,0.0,0.0,0.9,0.0716,31.19,0.0
7298,32.83,0.53,0.0,0.0,1.12,0.0657,31.19,0.0
7299,32.83,0.22,0.0,0.0,1.42,0.0583,31.19,0.0
7300,32.83,0.13,0.0,0.0,1.52,0.0489,31.19,0.0
7301,32.83,0.13,0.0,0.0,1.52,0.0388,31.19,0.0
7302,32.83,0.35,0.0,0.0,1.29,0.0288,31.19,0.0
7303,34.78,0.53,0.0,0.0,3.07,0.0203,31.19,0.0
7304,36.66,1.77,12.19,0.0,0.0,0.0,22.7,0.0
7305,38.39,1.77,53.35,0.0,0.0,0.0,0.0,16.74
7306,39.9,1.37,74.47,4.75,0.0,0.0,0.0,31.19
7307,41.15,2.25,87.93,17.86,0.0,0.0283,0.0,31.19
7308,42.07,3.46,93.67,31.84,0.0,0.1347,0.0,23.22
7309,42.64,4.2,91.13,50.0,0.0,0.3245,0.0,2.69
7310,42.83,4.2,80.36,41.73,0.0,0.6226,0.0,0.0
7311,42.64,2.81,61.42,21.59,0.0,0.8713,0.0,0.0
7312,42.07,0.35,33.93,0.0,7.79,1.0,0.0,0.0
7313,41.15,0.0,4.86,0.0,36.28,0.9486,0.0,0.0
7314,39.9,0.0,0.0,0.0,8.72,0.7089,31.19,0.0
7315,38.39,0.0,0.0,0.0,38.39,0.6514,0.0,0.0
7316,36.66,0.0,0.0,0.0,5.47,0.3978,31.19,0.0
7317,34.78,0.0,0.0,0.0,3.6,0.3617,31.19,0.0
7318,32.83,0.0,0.0,0.0,32.83,0.3379,0.0,0.0
7319,32.83,0.0,0.0,0.0,1.64,0.1211,31.19,0.0
7320,32.85,0.0,0.0,0.0,3.36,0.1102,29.49,0.0
7321,32.85,0.0,0.0,0.0,1.67,0.088,31.19,0.0
7322,32.85,0.0,0.0,0.0,1.67,0.077,31.19,0.0
7323,32.85,0.03,0.0,0.0,1.64,0.066,31.19,0.0
7324,32.85,0.07,0.0,0.0,1.6,0.0552,31.19,0.0
7325,32.85,0.07,0.0,0.0,1.6,0.0446,31.19,0.0
7326,32.85,0.07,0.0,0.0,1.6,0.034,31.19,0.0
7327,34.8,0.07,0.0,0.0,3.55,0.0235,31.19,0.0
7328,36.68,0.35,24.85,0.0,0.0,0.0,11.48,0.0
7329,38.41,3.46,54.69,0.0,0.0,0.0,0.0,19.74
7330,39.92,12.48,76.26,17.63,0.0,0.0,0.0,31.19
7331,41.17,22.51,89.35,39.5,0.0,0.1051,0.0,31.19
7332,42.09,30.55,49.51,6.78,0.0,0.3405,0.0,31.19
7333,42.66,33.6,90.25,50.0,0.0,0.381,0.0,31.19
7334,42.85,33.6,81.51,41.07,0.0,0.679,0.0,31.19
7335,42.66,25.01,61.62,12.78,0.0,0.9238,0.0,31.19
7336,42.09,5.04,33.59,0.0,3.46,1.0,0.0,0.0
7337,41.17,0.22,4.54,0.0,5.22,0.9771,31.19,0.0
7338,39.92,0.07,0.0,0.0,39.86,0.9427,0.0,0.0
7339,38.41,0.13,0.0,0.0,38.28,0.6794,0.0,0.0
7340,36.68,0.13,0.0,0.0,5.37,0.4266,31.19,0.0
7341,34.8,0.22,0.0,0.0,3.4,0.3911,31.19,0.0
7342,32.85,0.22,0.0,0.0,8.18,0.3687,24.45,0.0
7343,32.85,0.22,0.0,0.0,32.63,0.3147,0.0,0.0
7344,32.88,0.22,0.0,0.0,1.47,0.0991,31.19,0.0
7345,32.88,0.13,0.0,0.0,1.56,0.0894,31.19,0.0
7346,32.88,0.07,0.0,0.0,1.62,0.0791,31.19,0.0
7347,32.88,0.03,0.0,0.0,1.66,0.0684,31.19,0.0
7348,32.88,0.01,0.0,0.0,1.68,0.0574,31.19,0.0
7349,32.88,0.0,0.0,0.0,1.69,0.0463,31.19,0.0
7350,32.88,0.0,0.0,0.0,1.69,0.0352,31.19,0.0
7351,34.83,0.0,0.0,0.0,3.64,0.024,31.19,0.0
7352,36.7,0.22,28.35,0.0,0.0,0.0,8.13,0.0
7353,38.43,1.77,59.24,0.0,0.0,0.0,0.0,22.58
7354,39.95,2.81,79.98,11.66,0.0,0.0,0.0,31.19
7355,41.19,1.77,91.93,21.33,0.0,0.0695,0.0,31.19
7356,42.11,1.37,96.62,50.0,0.0,0.1966,0.0,5.87
7357,42.68,1.77,93.64,41.53,0.0,0.4947,0.0,11.19
7358,42.88,2.81,83.3,43.24,0.0,0.7422,0.0,0.0
7359,42.68,5.04,64.92,0.0,0.0,1.0,0.0,27.27
7360,42.11,1.77,37.07,0.0,3.27,1.0,0.0,0.0
7361,41.19,0.22,5.71,0.0,25.89,0.9784,9.37,0.0
7362,39.95,0.53,0.0,0.0,39.42,0.8074,0.0,0.0
7363,38.43,1.03,0.0,0.0,6.22,0.547,31.19,0.0
7364,36.7,1.03,0.0,0.0,4.49,0.5059,31.19,0.0
7365,34.83,0.75,0.0,0.0,2.89,0.4763,31.19,0.0
7366,32.88,0.35,0.0,0.0,1.34,0.4572,31.19,0.0
7367,32.88,0.13,0.0,0.0,1.56,0.4483,31.19,0.0
7368,32.9,0.07,0.0,0.0,1.65,0.438,31.19,0.0
7369,32.9,0.07,0.0,0.0,1.65,0.4272,31.19,0.0
7370,32.9,0.03,0.0,0.0,1.68,0.4163,31.19,0.0
7371,32.9,0.03,0.0,0.0,1.68,0.4052,31.19,0.0
7372,32.9,0.03,0.0,0.0,1.68,0.394,31.19,0.0
7373,32.9,0.01,0.0,0.0,1.7,0.3829,31.19,0.0
7374,32.9,0.01,0.0,0.0,1.7,0.3717,31.19,0.0
7375,34.85,0.0,0.0,0.0,3.66,0.3604,31.19,0.0
7376,36.73,1.37,8.08,0.0,0.0,0.3362,27.28,0.0
7377,38.45,5.04,14.22,0.0,0.0,0.3362,19.2,0.0
7378,39.97,9.5,19.44,0.0,0.0,0.3362,11.03,0.0
7379,41.21,16.02,24.43,0.0,0.0,0.3362,0.76,0.0
7380,42.14,16.02,20.73,0.0,0.0,0.3362,5.38,0.0
7381,42.71,16.02,14.37,0.0,0.0,0.3362,12.31,0.0
7382,42.9,14.18,10.72,0.0,0.0,0.3362,18.0,0.0
7383,42.71,18.02,8.03,0.0,0.0,0.3362,16.65,0.0
7384,42.14,8.2,3.73,0.0,0.0,0.3362,30.21,0.0
7385,41.21,1.03,0.29,0.0,8.71,0.3362,31.19,0.0
7386,39.97,0.35,0.0,0.0,8.43,0.2787,31.19,0.0
7387,38.45,0.22,0.0,0.0,7.05,0.223,31.19,0.0
7388,36.73,0.07,0.0,0.0,5.47,0.1765,31.19,0.0
7389,34.85,0.03,0.0,0.0,3.64,0.1403,31.19,0.0
7390,32.9,0.03,0.0,0.0,1.68,0.1163,31.19,0.0
7391,32.9,0.03,0.0,0.0,1.68,0.1052,31.19,0.0
7392,32.92,0.07,0.0,0.0,1.67,0.094,31.19,0.0
7393,32.92,0.13,0.0,0.0,1.61,0.083,31.19,0.0
7394,32.92,0.13,0.0,0.0,1.61,0.0724,31.19,0.0
7395,32.92,0.13,0.0,0.0,1.61,0.0618,31.19,0.0
7396,32.92,0.22,0.0,0.0,1.51,0.0512,31.19,0.0
7397,32.92,0.22,0.0,0.0,1.51,0.0412,31.19,0.0
7398,32.92,0.35,0.0,0.0,1.38,0.0312,31.19,0.0
7399,34.87,0.35,0.0,0.0,3.33,0.022,31.19,0.0
7400,36.75,8.2,24.21,0.0,0.0,0.0,4.33,0.0
7401,38.48,25.01,54.86,10.21,0.0,0.0,0.0,31.19
7402,39.99,36.82,76.76,42.41,0.0,0.0608,0.0,31.19
7403,41.24,36.82,85.6,50.0,0.0,0.3136,0.0,31.19
7404,42.16,36.82,47.76,11.23,0.0,0.6117,0.0,31.19
7405,42.73,36.82,37.09,0.0,0.0,0.6786,0.0,31.19
7406,42.92,36.82,78.56,41.28,0.0,0.6786,0.0,31.19
7407,42.73,27.69,58.87,12.64,0.0,0.9247,0.0,31.19
7408,42.16,5.98,31.87,0.0,4.31,1.0,0.0,0.0
7409,41.24,0.35,3.39,0.0,37.49,0.9715,0.0,0.0
7410,39.99,0.13,0.0,0.0,11.68,0.7239,28.19,0.0
7411,38.48,0.13,0.0,0.0,38.35,0.6468,0.0,0.0
7412,36.75,0.07,0.0,0.0,36.68,0.3935,0.0,0.0
7413,34.87,0.07,0.0,0.0,3.62,0.1512,31.19,0.0
7414,32.92,0.07,0.0,0.0,1.67,0.1273,31.19,0.0
7415,32.92,0.07,0.0,0.0,1.67,0.1163,31.19,0.0
7416,32.95,0.03,0.0,0.0,1.73,0.1052,31.19,0.0
7417,32.95,0.01,0.0,0.0,1.75,0.0938,31.19,0.0
7418,32.95,0.01,0.0,0.0,1.75,0.0822,31.19,0.0
7419,32.95,0.01,0.0,0.0,1.75,0.0707,31.19,0.0
7420,32.95,0.03,0.0,0.0,1.73,0.0591,31.19,0.0
7421,32.95,0.01,0.0,0.0,1.75,0.0476,31.19,0.0
7422,32.95,0.01,0.0,0.0,1.75,0.0361,31.19,0.0
7423,34.9,0.0,0.0,0.0,3.71,0.0245,31.19,0.0
7424,36.77,0.13,23.67,0.0,0.0,0.0,12.97,0.0
7425,38.5,4.2,54.14,0.0,0.0,0.0,0.0,19.84
7426,40.02,0.0,71.2,0.0,0.0,0.0,0.0,31.19
7427,41.26,0.0,77.51,5.06,0.0,0.0,0.0,31.19
7428,42.19,36.82,86.55,50.0,0.0,0.0302,0.0,31.19
7429,42.75,36.82,87.12,50.0,0.0,0.3282,0.0,31.19
7430,42.95,36.82,82.89,45.58,0.0,0.6262,0.0,31.19
7431,42.75,27.69,63.38,17.12,0.0,0.8979,0.0,31.19
7432,42.19,3.46,34.66,0.0,4.06,1.0,0.0,0.0
7433,41.26,0.03,4.15,0.0,37.09,0.9732,0.0,0.0
7434,40.02,0.01,0.0,0.0,40.01,0.7282,0.0,0.0
7435,38.5,0.0,0.0,0.0,10.02,0.464,28.48,0.0
7436,36.77,0.0,0.0,0.0,36.77,0.3978,0.0,0.0
7437,34.9,0.0,0.0,0.0,3.71,0.1549,31.19,0.0
7438,32.95,0.0,0.0,0.0,1.76,0.1304,31.19,0.0
7439,32.95,0.0,0.0,0.0,1.76,0.1188,31.19,0.0
7440,32.97,0.0,0.0,0.0,1.78,0.1072,31.19,0.0
7441,32.97,0.0,0.0,0.0,1.78,0.0954,31.19,0.0
7442,32.97,0.0,0.0,0.0,1.78,0.0836,31.19,0.0
7443,32.97,0.0,0.0,0.0,1.78,0.0718,31.19,0.0
7444,32.97,0.0,0.0,0.0,1.78,0.06,31.19,0.0
7445,32.97,0.0,0.0,0.0,1.78,0.0483,31.19,0.0
7446,32.97,0.0,0.0,0.0,1.78,0.0365,31.19,0.0
7447,34.92,0.0,0.0,0.0,3.74,0.0247,31.19,0.0
7448,36.8,0.0,23.58,0.0,0.0,0.0,13.22,0.0
7449,38.53,0.07,53.19,14.72,0.0,0.0,0.0,0.0
7450,40.04,0.22,56.58,16.76,0.0,0.0878,0.0,0.0
7451,41.29,0.75,62.95,22.41,0.0,0.1877,0.0,0.0
7452,42.21,0.75,60.94,19.48,0.0,0.3213,0.0,0.0
7453,42.78,0.35,51.29,8.86,0.0,0.4374,0.0,0.0
7454,42.97,0.01,40.41,0.0,2.55,0.4902,0.0,0.0
7455,42.78,0.0,31.86,0.0,10.92,0.4733,0.0,0.0
7456,42.21,0.0,18.36,0.0,8.56,0.4012,15.28,0.0
7457,41.29,0.0,3.45,0.0,6.65,0.3447,31.19,0.0
7458,40.04,0.0,0.0,0.0,8.86,0.3008,31.19,0.0
7459,38.53,0.0,0.0,0.0,7.34,0.2423,31.19,0.0
7460,36.8,0.0,0.0,0.0,5.61,0.1938,31.19,0.0
7461,34.92,0.0,0.0,0.0,3.74,0.1567,31.19,0.0
7462,32.97,0.0,0.0,0.0,1.78,0.132,31.19,0.0
7463,32.97,0.0,0.0,0.0,1.78,0.1203,31.19,0.0
7464,33.0,0.0,0.0,0.0,1.81,0.1085,31.19,0.0
7465,33.0,0.0,0.0,0.0,1.81,0.0965,31.19,0.0
7466,33.0,0.01,0.0,0.0,1.8,0.0846,31.19,0.0
7467,33.0,0.0,0.0,0.0,1.81,0.0727,31.19,0.0
7468,33.0,0.0,0.0,0.0,1.81,0.0607,31.19,0.0
7469,33.0,0.0,0.0,0.0,1.81,0.0488,31.19,0.0
7470,33.0,0.0,0.0,0.0,1.81,0.0368,31.19,0.0
7471,34.95,0.0,0.0,0.0,3.76,0.0248,31.19,0.0
7472,36.82,0.0,23.69,0.0,0.0,0.0,13.14,0.0
7473,38.55,0.0,52.55,14.0,0.0,0.0,0.0,0.0
7474,40.07,0.01,72.41,32.35,0.0,0.0834,0.0,0.0
7475,41.31,0.0,61.96,20.65,0.0,0.2763,0.0,0.0
7476,42.24,0.0,58.94,16.71,0.0,0.3994,0.0,0.0
7477,42.8,0.0,43.7,0.9,0.0,0.499,0.0,0.0
7478,43.0,0.13,25.42,0.0,4.38,0.5043,13.07,0.0
7479,42.8,0.53,16.55,0.0,0.0,0.4754,25.73,0.0
7480,42.24,0.35,9.85,0.0,0.85,0.4754,31.19,0.0
7481,41.31,0.35,0.49,0.0,9.28,0.4698,31.19,0.0
7482,40.07,1.37,0.0,0.0,38.7,0.4085,0.0,0.0
7483,38.55,2.25,0.0,0.0,5.11,0.1529,31.19,0.0
7484,36.82,2.81,0.0,0.0,2.82,0.1191,31.19,0.0
7485,34.95,2.25,0.0,0.0,1.51,0.1005,31.19,0.0
7486,33.0,1.77,0.0,0.0,0.04,0.0905,31.19,0.0
7487,33.0,2.25,0.0,0.0,0.0,0.0903,30.74,0.0
7488,33.02,2.25,0.0,0.0,0.0,0.0903,30.77,0.0
7489,33.02,1.37,0.0,0.0,0.47,0.0903,31.19,0.0
7490,33.02,0.53,0.0,0.0,1.31,0.0871,31.19,0.0
7491,33.02,0.22,0.0,0.0,1.61,0.0785,31.19,0.0
7492,33.02,0.07,0.0,0.0,1.77,0.0678,31.19,0.0
7493,33.02,0.01,0.0,0.0,1.83,0.0561,31.19,0.0
7494,33.02,0.0,0.0,0.0,1.84,0.044,31.19,0.0
7495,34.97,0.0,0.0,0.0,3.79,0.0319,31.19,0.0
7496,36.85,0.07,4.55,0.0,1.05,0.0069,31.19,0.0
7497,38.58,1.03,11.21,0.0,0.0,0.0,26.35,0.0
7498,40.09,2.25,12.89,0.0,0.0,0.0,24.96,0.0
7499,41.34,5.98,13.23,0.0,0.0,0.0,22.12,0.0
7500,42.26,12.48,17.82,0.0,0.0,0.0,11.96,0.0
7501,42.83,22.51,26.41,6.09,0.0,0.0,0.0,0.0
7502,43.02,30.55,35.88,23.4,0.0,0.0363,0.0,0.0
7503,42.83,36.82,29.61,23.61,0.0,0.1758,0.0,0.0
7504,42.26,25.01,19.68,2.43,0.0,0.3165,0.0,0.0
7505,41.34,10.92,2.26,0.0,6.89,0.331,21.26,0.0
7506,40.09,14.18,0.0,0.0,0.0,0.2854,25.92,0.0
7507,38.58,27.69,0.0,0.0,0.0,0.2854,10.89,0.0
7508,36.85,36.82,0.0,0.0,0.0,0.2854,0.03,0.0
7509,34.97,33.6,0.0,0.0,0.0,0.2854,1.37,0.0
7510,33.02,33.6,0.0,0.58,0.0,0.2854,0.0,0.0
7511,33.02,36.82,0.0,3.8,0.0,0.2889,0.0,0.0
7512,33.05,36.82,0.0,3.77,0.0,0.3115,0.0,0.0
7513,33.05,36.82,0.0,3.77,0.0,0.334,0.0,0.0
7514,33.05,18.02,0.0,0.0,0.0,0.3565,15.03,0.0
7515,33.05,9.5,0.0,0.0,0.0,0.3565,23.55,0.0
7516,33.05,7.03,0.0,0.0,0.0,0.3565,26.02,0.0
7517,33.05,5.04,0.0,0.0,0.0,0.3565,28.01,0.0
7518,33.05,4.2,0.0,0.0,0.0,0.3565,28.85,0.0
7519,35.0,3.46,0.0,0.0,0.35,0.3565,31.19,0.0
7520,36.88,4.2,4.19,0.0,0.0,0.3542,28.48,0.0
7521,38.6,5.04,10.76,0.0,0.0,0.3542,22.81,0.0
7522,40.12,5.04,16.5,0.0,0.0,0.3542,18.58,0.0
7523,41.36,5.98,19.32,0.0,0.0,0.3542,16.06,0.0
7524,42.29,5.98,21.84,0.0,0.0,0.3542,14.46,0.0
7525,42.86,7.03,23.92,0.0,0.0,0.3542,11.9,0.0
7526,43.05,5.98,20.28,0.0,0.0,0.3542,16.78,0.0
7527,42.86,5.98,15.33,0.0,0.0,0.3542,21.54,0.0
7528,42.29,4.2,8.36,0.0,0.0,0.3542,29.73,0.0
7529,41.36,0.75,0.44,0.0,8.99,0.3542,31.19,0.0
7530,40.12,0.22,0.0,0.0,8.71,0.2949,31.19,0.0
7531,38.6,0.35,0.0,0.0,7.07,0.2373,31.19,0.0
7532,36.88,0.35,0.0,0.0,5.34,0.1906,31.19,0.0
7533,35.0,0.22,0.0,0.0,3.59,0.1554,31.19,0.0
7534,33.05,0.07,0.0,0.0,1.8,0.1317,31.19,0.0
7535,33.05,0.07,0.0,0.0,1.8,0.1198,31.19,0.0
7536,33.08,0.07,0.0,0.0,1.82,0.1079,31.19,0.0
7537,33.08,0.07,0.0,0.0,1.82,0.0959,31.19,0.0
7538,33.08,0.13,0.0,0.0,1.76,0.0838,31.19,0.0
7539,33.08,0.22,0.0,0.0,1.67,0.0722,31.19,0.0
7540,33.08,0.13,0.0,0.0,1.76,0.0612,31.19,0.0
7541,33.08,0.07,0.0,0.0,1.82,0.0495,31.19,0.0
7542,33.08,0.03,0.0,0.0,1.86,0.0375,31.19,0.0
7543,35.03,0.03,0.0,0.0,3.81,0.0252,31.19,0.0
7544,36.9,1.77,15.94,0.0,0.0,0.0,19.19,0.0
7545,38.63,5.04,31.46,0.0,0.0,0.0,2.13,0.0
7546,40.15,5.98,43.41,9.24,0.0,0.0,0.0,0.0
7547,41.39,5.04,52.08,15.73,0.0,0.0551,0.0,0.0
7548,42.32,4.2,56.14,18.03,0.0,0.1489,0.0,0.0
7549,42.88,4.2,54.99,16.3,0.0,0.2563,0.0,0.0
7550,43.08,4.2,47.14,8.26,0.0,0.3535,0.0,0.0
7551,42.88,2.81,33.52,0.0,4.92,0.4028,1.63,0.0
7552,42.32,0.35,16.28,0.0,0.0,0.3703,25.68,0.0
7553,41.39,0.01,1.08,0.0,9.12,0.3703,31.19,0.0
7554,40.15,0.03,0.0,0.0,8.93,0.3101,31.19,0.0
7555,38.63,0.03,0.0,0.0,7.42,0.2511,31.19,0.0
7556,36.9,0.03,0.0,0.0,5.69,0.2021,31.19,0.0
7557,35.03,0.01,0.0,0.0,3.83,0.1645,31.19,0.0
7558,33.08,0.0,0.0,0.0,1.89,0.1392,31.19,0.0
7559,33.08,0.0,0.0,0.0,1.89,0.1267,31.19,0.0
7560,33.1,0.0,0.0,0.0,1.92,0.1142,31.19,0.0
7561,33.1,0.0,0.0,0.0,1.92,0.1016,31.19,0.0
7562,33.1,0.0,0.0,0.0,1.92,0.0889,31.19,0.0
7563,33.1,0.0,0.0,0.0,1.92,0.0762,31.19,0.0
7564,33.1,0.0,0.0,0.0,1.92,0.0636,31.19,0.0
7565,33.1,0.0,0.0,0.0,1.92,0.0509,31.19,0.0
7566,33.1,0.0,0.0,0.0,1.92,0.0382,31.19,0.0
7567,35.06,0.0,0.0,0.0,3.87,0.0256,31.19,0.0
7568,36.93,0.0,9.54,0.0,0.0,0.0,27.39,0.0
7569,38.66,0.0,32.44,0.0,0.0,0.0,6.22,0.0
7570,40.18,0.0,70.72,0.0,0.0,0.0,0.0,30.54
7571,41.42,1.37,85.75,29.29,0.0,0.0,0.0,16.41
7572,42.34,5.04,91.09,50.0,0.0,0.1746,0.0,3.78
7573,42.91,5.04,87.82,49.95,0.0,0.4726,0.0,0.0
7574,43.1,4.2,57.97,19.07,0.0,0.7704,0.0,0.0
7575,42.91,5.98,56.39,19.46,0.0,0.884,0.0,0.0
7576,42.34,1.77,17.86,0.0,22.71,1.0,0.0,0.0
7577,41.42,0.07,0.34,0.0,19.2,0.85,21.81,0.0
7578,40.18,0.03,0.0,0.0,40.15,0.7232,0.0,0.0
7579,38.66,0.01,0.0,0.0,38.65,0.458,0.0,0.0
7580,36.93,0.0,0.0,0.0,5.74,0.2027,31.19,0.0
7581,35.06,0.0,0.0,0.0,3.87,0.1648,31.19,0.0
7582,33.1,0.0,0.0,0.0,1.92,0.1393,31.19,0.0
7583,33.1,0.0,0.0,0.0,1.92,0.1266,31.19,0.0
7584,33.13,0.01,0.0,0.0,1.94,0.1139,31.19,0.0
7585,33.13,0.07,0.0,0.0,1.88,0.1011,31.19,0.0
7586,33.13,0.07,0.0,0.0,1.88,0.0887,31.19,0.0
7587,33.13,0.07,0.0,0.0,1.88,0.0763,31.19,0.0
7588,33.13,0.07,0.0,0.0,1.88,0.0639,31.19,0.0
7589,33.13,0.0,0.0,0.0,1.95,0.0514,31.19,0.0
7590,33.13,0.0,0.0,0.0,1.95,0.0386,31.19,0.0
7591,35.08,0.0,0.0,0.0,3.9,0.0257,31.19,0.0
7592,36.96,0.0,7.33,0.0,0.0,0.0,29.63,0.0
7593,38.69,0.22,20.05,0.0,0.0,0.0,18.42,0.0
7594,40.2,3.46,33.89,0.0,0.0,0.0,2.85,0.0
7595,41.45,18.02,45.51,0.0,0.0,0.0,0.0,22.09
7596,42.37,36.82,52.73,47.18,0.0,0.0,0.0,0.0
7597,42.94,36.82,54.29,48.18,0.0,0.2813,0.0,0.0
7598,43.13,36.82,48.36,27.45,0.0,0.5684,0.0,14.6
7599,42.94,36.82,36.25,30.13,0.0,0.7321,0.0,0.0
7600,42.37,36.82,20.36,14.81,0.0,0.9117,0.0,0.0
7601,41.45,9.5,0.21,0.0,31.74,1.0,0.0,0.0
7602,40.2,2.25,0.0,0.0,6.76,0.7903,31.19,0.0
7603,38.69,1.37,0.0,0.0,37.32,0.7457,0.0,0.0
7604,36.96,1.37,0.0,0.0,35.59,0.4992,0.0,0.0
7605,35.08,1.37,0.0,0.0,33.72,0.2641,0.0,0.0
7606,33.13,1.77,0.0,0.0,0.17,0.0414,31.19,0.0
7607,33.13,1.37,0.0,0.0,0.58,0.0402,31.19,0.0
7608,33.16,0.53,0.0,0.0,1.45,0.0364,31.19,0.0
7609,33.16,0.53,0.0,0.0,1.45,0.0268,31.19,0.0
7610,33.16,1.03,0.0,0.0,0.95,0.0172,31.19,0.0
7611,33.16,3.46,0.0,0.0,0.0,0.011,29.7,0.0
7612,33.16,8.2,0.0,0.0,1.66,0.011,23.3,0.0
7613,33.16,9.5,0.0,0.0,0.0,0.0,23.66,0.0
7614,33.16,7.03,0.0,0.0,0.0,0.0,26.13,0.0
7615,35.11,7.03,0.0,0.0,0.0,0.0,28.08,0.0
7616,36.99,25.01,21.31,0.0,0.0,0.0,0.0,9.33
7617,38.72,15.45,54.45,0.0,0.0,0.0,0.0,31.19
7618,40.23,0.0,78.28,6.86,0.0,0.0,0.0,31.19
7619,41.48,36.82,79.94,44.1,0.0,0.0409,0.0,31.19
7620,42.4,36.82,36.76,0.0,0.0,0.3038,0.0,31.19
7621,42.97,36.82,87.33,50.0,0.0,0.3038,0.0,31.19
7622,43.16,36.82,81.87,44.35,0.0,0.6018,0.0,31.19
7623,42.97,36.82,59.79,22.46,0.0,0.8661,0.0,31.19
7624,42.4,36.82,28.72,0.0,0.0,1.0,0.0,23.14
7625,41.48,5.04,0.64,0.0,35.8,1.0,0.0,0.0
7626,40.23,1.37,0.0,0.0,38.87,0.7636,0.0,0.0
7627,38.72,1.03,0.0,0.0,7.44,0.5069,30.25,0.0
7628,36.99,1.03,0.0,0.0,35.96,0.4577,0.0,0.0
7629,35.11,1.77,0.0,0.0,33.34,0.2202,0.0,0.0
7630,33.16,2.81,0.0,0.0,0.0,0.0,30.35,0.0
7631,33.16,4.2,0.0,0.0,0.0,0.0,28.96,0.0
7632,33.19,5.98,0.0,0.0,0.0,0.0,27.21,0.0
7633,33.19,7.03,0.0,0.0,0.0,0.0,26.16,0.0
7634,33.19,7.03,0.0,0.0,0.0,0.0,26.16,0.0
7635,33.19,7.03,0.0,0.0,0.0,0.0,26.16,0.0
7636,33.19,5.98,0.0,0.0,0.0,0.0,27.21,0.0
7637,33.19,5.98,0.0,0.0,0.0,0.0,27.21,0.0
7638,33.19,7.03,0.0,0.0,0.0,0.0,26.16,0.0
7639,35.14,8.2,0.0,0.0,0.0,0.0,26.94,0.0
7640,37.02,36.82,15.5,0.0,0.0,0.0,0.0,15.31
7641,38.75,24.23,45.7,0.0,0.0,0.0,0.0,31.19
7642,40.26,36.82,34.62,0.0,0.0,0.0,0.0,31.19
7643,41.51,36.82,85.16,49.29,0.0,0.0,0.0,31.19
7644,42.43,36.82,67.29,30.5,0.0,0.2938,0.0,31.19
7645,43.0,36.82,83.24,45.88,0.0,0.4756,0.0,31.19
7646,43.19,36.82,69.76,32.21,0.0,0.7491,0.0,31.19
7647,43.0,36.82,47.25,9.89,0.0,0.9411,0.0,31.19
7648,42.43,36.82,20.04,0.0,0.0,1.0,0.0,14.43
7649,41.51,36.82,0.0,0.0,4.68,1.0,0.0,0.0
7650,40.26,33.6,0.0,0.0,6.66,0.9691,0.0,0.0
7651,38.75,36.82,0.0,0.0,1.92,0.9251,0.0,0.0
7652,37.02,36.82,0.0,0.0,0.19,0.9124,0.0,0.0
7653,35.14,36.82,0.0,1.68,0.0,0.9111,0.0,0.0
7654,33.19,36.82,0.0,3.63,0.0,0.9211,0.0,0.0
7655,33.19,36.82,0.0,3.63,0.0,0.9428,0.0,0.0
7656,33.22,36.82,0.0,3.6,0.0,0.9644,0.0,0.0
7657,33.22,27.69,0.0,0.0,5.53,0.9859,0.0,0.0
7658,33.22,9.5,0.0,0.0,23.72,0.9494,0.0,0.0
7659,33.22,2.81,0.0,0.0,30.41,0.7927,0.0,0.0
7660,33.22,1.03,0.0,0.0,32.2,0.5918,0.0,0.0
7661,33.22,0.22,0.0,0.0,33.0,0.3792,0.0,0.0
7662,33.22,0.03,0.0,0.0,20.43,0.1613,12.76,0.0
7663,35.17,0.0,0.0,0.0,3.98,0.0263,31.19,0.0
7664,37.05,0.01,21.13,0.0,0.0,0.0,15.91,0.0
7665,38.78,0.13,52.73,0.0,0.0,0.0,0.0,14.08
7666,40.29,2.25,75.27,6.04,0.0,0.0,0.0,31.19
7667,41.54,10.92,91.69,29.89,0.0,0.036,0.0,31.19
7668,42.46,22.51,96.94,45.81,0.0,0.2142,0.0,31.19
7669,43.03,33.6,57.04,16.43,0.0,0.4872,0.0,31.19
7670,43.22,36.82,83.68,46.09,0.0,0.5852,0.0,31.19
7671,43.03,33.6,64.11,23.5,0.0,0.8599,0.0,31.19
7672,42.46,5.98,33.95,0.0,2.53,1.0,0.0,0.0
7673,41.54,0.13,2.27,0.0,39.14,0.9833,0.0,0.0
7674,40.29,0.01,0.0,0.0,40.28,0.7248,0.0,0.0
7675,38.78,0.0,0.0,0.0,7.59,0.4588,31.19,0.0
7676,37.05,0.0,0.0,0.0,35.34,0.4086,1.7,0.0
7677,35.17,0.0,0.0,0.0,3.99,0.1752,31.19,0.0
7678,33.22,0.0,0.0,0.0,2.03,0.1489,31.19,0.0
7679,33.22,0.0,0.0,0.0,2.03,0.1354,31.19,0.0
7680,33.25,0.0,0.0,0.0,2.06,0.122,31.19,0.0
7681,33.25,0.0,0.0,0.0,2.06,0.1084,31.19,0.0
7682,33.25,0.0,0.0,0.0,2.06,0.0947,31.19,0.0
7683,33.25,0.0,0.0,0.0,2.06,0.0811,31.19,0.0
7684,33.25,0.0,0.0,0.0,2.06,0.0674,31.19,0.0
7685,33.25,0.0,0.0,0.0,2.06,0.0538,31.19,0.0
7686,33.25,0.0,0.0,0.0,2.06,0.0402,31.19,0.0
7687,35.2,0.0,0.0,0.0,4.02,0.0265,31.19,0.0
7688,37.08,0.01,19.63,0.0,0.0,0.0,17.44,0.0
7689,38.81,0.07,51.48,0.0,0.0,0.0,0.0,12.74
7690,40.32,0.0,73.26,7.36,0.0,0.0,0.0,25.58
7691,41.57,0.0,85.43,12.68,0.0,0.0439,0.0,31.19
7692,42.49,0.0,91.2,48.71,0.0,0.1194,0.0,0.0
7693,43.06,0.13,88.97,46.03,0.0,0.4098,0.0,0.0
7694,43.25,0.53,78.77,36.05,0.0,0.6842,0.0,0.0
7695,43.06,0.35,59.64,16.93,0.0,0.8991,0.0,0.0
7696,42.49,0.01,30.8,0.0,11.69,1.0,0.0,0.0
7697,41.57,0.0,1.38,0.0,9.0,0.9228,31.19,0.0
7698,40.32,0.0,0.0,0.0,40.32,0.8633,0.0,0.0
7699,38.81,0.0,0.0,0.0,26.45,0.597,12.35,0.0
7700,37.08,0.0,0.0,0.0,5.89,0.4223,31.19,0.0
7701,35.2,0.0,0.0,0.0,4.02,0.3834,31.19,0.0
7702,33.25,0.0,0.0,0.0,33.25,0.3569,0.0,0.0
7703,33.25,0.0,0.0,0.0,2.06,0.1372,31.19,0.0
7704,33.28,0.0,0.0,0.0,2.1,0.1236,31.19,0.0
7705,33.28,0.0,0.0,0.0,2.1,0.1098,31.19,0.0
7706,33.28,0.0,0.0,0.0,2.1,0.0959,31.19,0.0
7707,33.28,0.0,0.0,0.0,2.09,0.0821,31.19,0.0
7708,33.28,0.0,0.0,0.0,2.09,0.0682,31.19,0.0
7709,33.28,0.0,0.0,0.0,2.09,0.0544,31.19,0.0
7710,33.28,0.0,0.0,0.0,2.09,0.0406,31.19,0.0
7711,35.23,0.0,0.0,0.0,4.05,0.0267,31.19,0.0
7712,37.11,0.03,17.4,0.0,0.0,0.0,19.69,0.0
7713,38.84,0.35,48.23,0.0,0.0,0.0,0.0,9.75
7714,40.35,0.53,70.68,0.0,0.0,0.0,0.0,30.85
7715,41.6,1.37,84.84,13.42,0.0,0.0,0.0,31.19
7716,42.52,2.25,90.52,46.34,0.0,0.08,0.0,3.91
7717,43.09,3.46,87.89,48.26,0.0,0.3562,0.0,0.0
7718,43.28,3.46,80.57,40.75,0.0,0.6439,0.0,0.0
7719,43.09,1.03,61.06,18.99,0.0,0.8868,0.0,0.0
7720,42.52,0.03,31.64,0.0,10.86,1.0,0.0,0.0
7721,41.6,0.0,1.41,0.0,40.19,0.9283,0.0,0.0
7722,40.35,0.0,0.0,0.0,40.35,0.6628,0.0,0.0
7723,38.84,0.0,0.0,0.0,26.88,0.3963,11.96,0.0
7724,37.11,0.0,0.0,0.0,5.92,0.2188,31.19,0.0
7725,35.23,0.0,0.0,0.0,4.05,0.1796,31.19,0.0
7726,33.28,0.0,0.0,0.0,2.1,0.1529,31.19,0.0
7727,33.28,0.0,0.0,0.0,2.1,0.1391,31.19,0.0
7728,33.31,0.0,0.0,0.0,2.13,0.1252,31.19,0.0
7729,33.31,0.0,0.0,0.0,2.13,0.1112,31.19,0.0
7730,33.31,0.0,0.0,0.0,2.13,0.0971,31.19,0.0
7731,33.31,0.01,0.0,0.0,2.12,0.0831,31.19,0.0
7732,33.31,0.0,0.0,0.0,2.13,0.0691,31.19,0.0
7733,33.31,0.0,0.0,0.0,2.13,0.055,31.19,0.0
7734,33.31,0.0,0.0,0.0,2.13,0.041,31.19,0.0
7735,35.26,0.0,0.0,0.0,4.08,0.0269,31.19,0.0
7736,37.14,0.01,17.14,0.0,0.0,0.0,19.99,0.0
7737,38.87,0.35,48.05,0.0,0.0,0.0,0.0,9.53
7738,40.38,2.25,70.7,1.38,0.0,0.0,0.0,31.19
7739,41.63,8.2,65.29,4.26,0.0,0.0082,0.0,27.61
7740,42.55,14.18,69.82,41.45,0.0,0.0336,0.0,0.0
7741,43.12,22.51,67.96,47.35,0.0,0.2807,0.0,0.0
7742,43.31,22.51,76.95,50.0,0.0,0.5629,0.0,6.15
7743,43.12,9.5,56.96,23.33,0.0,0.8609,0.0,0.0
7744,42.55,0.75,27.95,0.0,13.86,1.0,0.0,0.0
7745,41.63,0.07,0.54,0.0,41.02,0.9085,0.0,0.0
7746,40.38,0.03,0.0,0.0,9.17,0.6376,31.19,0.0
7747,38.87,0.01,0.0,0.0,23.35,0.577,15.51,0.0
7748,37.14,0.0,0.0,0.0,37.14,0.4228,0.0,0.0
7749,35.26,0.0,0.0,0.0,4.08,0.1775,31.19,0.0
7750,33.31,0.01,0.0,0.0,2.12,0.1505,31.19,0.0
7751,33.31,0.07,0.0,0.0,2.06,0.1365,31.19,0.0
7752,33.35,0.07,0.0,0.0,2.09,0.1229,31.19,0.0
7753,33.35,0.13,0.0,0.0,2.03,0.1091,31.19,0.0
7754,33.35,0.13,0.0,0.0,2.03,0.0957,31.19,0.0
7755,33.35,0.13,0.0,0.0,2.03,0.0823,31.19,0.0
7756,33.35,0.13,0.0,0.0,2.03,0.0688,31.19,0.0
7757,33.35,0.03,0.0,0.0,2.13,0.0554,31.19,0.0
7758,33.35,0.01,0.0,0.0,2.15,0.0414,31.19,0.0
7759,35.3,0.0,0.0,0.0,4.11,0.0271,31.19,0.0
7760,37.17,0.0,14.67,0.0,0.0,0.0,22.51,0.0
7761,38.9,0.0,44.31,5.41,0.0,0.0,0.0,0.0
7762,40.42,0.0,65.44,25.02,0.0,0.0323,0.0,0.0
7763,41.66,0.0,80.63,11.02,0.0,0.1814,0.0,27.95
7764,42.58,0.0,85.92,43.34,0.0,0.2471,0.0,0.0
7765,43.15,0.0,83.37,40.21,0.0,0.5054,0.0,0.0
7766,43.35,0.0,74.01,30.66,0.0,0.7451,0.0,0.0
7767,43.15,0.0,55.25,12.1,0.0,0.9279,0.0,0.0
7768,42.58,0.0,27.43,0.0,0.0,1.0,15.16,0.0
7769,41.66,0.0,0.55,0.0,9.92,1.0,31.19,0.0
7770,40.42,0.0,0.0,0.0,37.49,0.9345,2.93,0.0
7771,38.9,0.0,0.0,0.0,7.72,0.6868,31.19,0.0
7772,37.17,0.0,0.0,0.0,37.17,0.6359,0.0,0.0
7773,35.3,0.0,0.0,0.0,4.11,0.3904,31.19,0.0
7774,33.35,0.0,0.0,0.0,33.35,0.3632,0.0,0.0
7775,33.35,0.0,0.0,0.0,2.16,0.143,31.19,0.0
7776,33.38,0.0,0.0,0.0,2.19,0.1287,31.19,0.0
7777,33.38,0.0,0.0,0.0,2.19,0.1142,31.19,0.0
7778,33.38,0.0,0.0,0.0,2.19,0.0998,31.19,0.0
7779,33.38,0.0,0.0,0.0,2.19,0.0853,31.19,0.0
7780,33.38,0.0,0.0,0.0,2.19,0.0708,31.19,0.0
7781,33.38,0.0,0.0,0.0,2.19,0.0563,31.19,0.0
7782,33.38,0.0,0.0,0.0,2.19,0.0418,31.19,0.0
7783,35.33,0.0,0.0,0.0,4.14,0.0274,31.19,0.0
7784,37.21,0.03,17.62,0.0,0.0,0.0,19.55,0.0
7785,38.93,1.03,49.75,0.0,0.0,0.0,0.0,11.85
7786,40.45,5.04,73.05,6.45,0.0,0.0,0.0,31.19
7787,41.69,10.92,86.96,25.0,0.0,0.0384,0.0,31.19
7788,42.62,12.48,91.63,30.31,0.0,0.1875,0.0,31.19
7789,43.19,12.48,88.85,35.96,0.0,0.3681,0.0,22.18
7790,43.38,12.48,79.23,48.33,0.0,0.5825,0.0,0.0
7791,43.19,5.04,59.86,21.72,0.0,0.8706,0.0,0.0
7792,42.62,0.53,30.6,0.0,11.49,1.0,0.0,0.0
7793,41.69,0.22,1.03,0.0,40.44,0.9241,0.0,0.0
7794,40.45,0.35,0.0,0.0,8.91,0.657,31.19,0.0
7795,38.93,0.22,0.0,0.0,38.71,0.5982,0.0,0.0
7796,37.21,0.07,0.0,0.0,13.08,0.3425,24.06,0.0
7797,35.33,0.01,0.0,0.0,4.13,0.2561,31.19,0.0
7798,33.38,0.0,0.0,0.0,2.19,0.2288,31.19,0.0
7799,33.38,0.0,0.0,0.0,2.19,0.2143,31.19,0.0
7800,33.41,0.0,0.0,0.0,2.23,0.1998,31.19,0.0
7801,33.41,0.0,0.0,0.0,2.23,0.1851,31.19,0.0
7802,33.41,0.0,0.0,0.0,2.23,0.1704,31.19,0.0
7803,33.41,0.0,0.0,0.0,2.23,0.1558,31.19,0.0
7804,33.41,0.0,0.0,0.0,2.23,0.1411,31.19,0.0
7805,33.41,0.0,0.0,0.0,2.23,0.1264,31.19,0.0
7806,33.41,0.0,0.0,0.0,2.23,0.1117,31.19,0.0
7807,35.36,0.0,0.0,0.0,4.18,0.097,31.19,0.0
7808,37.24,0.07,5.51,0.0,0.47,0.0694,31.19,0.0
7809,38.97,2.25,19.36,0.0,0.0,0.0663,17.36,0.0
7810,40.48,8.2,35.72,3.45,0.0,0.0663,0.0,0.0
7811,41.73,9.5,47.13,14.9,0.0,0.0868,0.0,0.0
7812,42.65,8.2,51.96,17.51,0.0,0.1756,0.0,0.0
7813,43.22,8.2,48.46,13.45,0.0,0.28,0.0,0.0
7814,43.41,7.03,35.87,0.0,0.0,0.3602,0.51,0.0
7815,43.22,2.25,21.52,0.0,0.0,0.3602,19.45,0.0
7816,42.65,0.22,9.24,0.0,2.0,0.3602,31.19,0.0
7817,41.73,0.01,0.0,0.0,10.53,0.3469,31.19,0.0
7818,40.48,0.01,0.0,0.0,9.29,0.2774,31.19,0.0
7819,38.97,0.03,0.0,0.0,7.75,0.216,31.19,0.0
7820,37.24,0.07,0.0,0.0,5.99,0.1648,31.19,0.0
7821,35.36,0.13,0.0,0.0,4.05,0.1253,31.19,0.0
7822,33.41,0.35,0.0,0.0,1.87,0.0986,31.19,0.0
7823,33.41,0.75,0.0,0.0,1.48,0.0862,31.19,0.0
7824,33.44,1.03,0.0,0.0,1.23,0.0764,31.19,0.0
7825,33.44,1.37,0.0,0.0,0.89,0.0683,31.19,0.0
7826,33.44,1.37,0.0,0.0,0.89,0.0624,31.19,0.0
7827,33.44,1.03,0.0,0.0,1.23,0.0565,31.19,0.0
7828,33.44,0.53,0.0,0.0,1.73,0.0484,31.19,0.0
7829,33.44,0.75,0.0,0.0,1.51,0.0369,31.19,0.0
7830,33.44,1.37,0.0,0.0,0.89,0.0269,31.19,0.0
7831,35.4,1.03,0.0,0.0,3.18,0.021,31.19,0.0
7832,37.27,14.18,8.74,0.0,0.0,0.0,14.35,0.0
7833,39.0,36.82,19.59,17.41,0.0,0.0,0.0,0.0
7834,40.52,36.82,19.21,15.52,0.0,0.1038,0.0,0.0
7835,41.76,36.82,21.63,16.7,0.0,0.1963,0.0,0.0
7836,42.68,36.82,24.05,18.19,0.0,0.2958,0.0,0.0
7837,43.25,36.82,19.88,13.45,0.0,0.4042,0.0,0.0
7838,43.44,36.82,15.85,9.23,0.0,0.4844,0.0,0.0
7839,43.25,36.82,11.23,4.8,0.0,0.5394,0.0,0.0
7840,42.68,36.82,4.42,0.0,1.44,0.5681,0.0,0.0
7841,41.76,36.82,0.0,0.0,4.94,0.5586,0.0,0.0
7842,40.52,36.82,0.0,0.0,3.69,0.526,0.0,0.0
7843,39.0,36.82,0.0,0.0,2.18,0.5016,0.0,0.0
7844,37.27,36.82,0.0,0.0,0.45,0.4872,0.0,0.0
7845,35.4,36.82,0.0,1.43,0.0,0.4842,0.0,0.0
7846,33.44,36.82,0.0,3.38,0.0,0.4927,0.0,0.0
7847,33.44,36.82,0.0,3.38,0.0,0.5129,0.0,0.0
7848,33.48,36.82,0.0,3.35,0.0,0.533,0.0,0.0
7849,33.48,27.69,0.0,0.0,5.79,0.553,0.0,0.0
7850,33.48,22.51,0.0,0.0,10.97,0.5147,0.0,0.0
7851,33.48,20.18,0.0,0.0,0.0,0.4423,13.29,0.0
7852,33.48,14.18,0.0,0.0,19.3,0.4423,0.0,0.0
7853,33.48,9.5,0.0,0.0,20.12,0.3148,3.86,0.0
7854,33.48,5.98,0.0,0.0,27.5,0.1819,0.0,0.0
7855,35.43,4.2,0.0,0.0,0.04,0.0003,31.19,0.0
7856,37.31,18.02,10.5,0.0,0.0,0.0,8.78,0.0
7857,39.03,36.82,40.96,7.56,0.0,0.0,0.0,31.19
7858,40.55,36.82,65.54,30.63,0.0,0.0451,0.0,31.19
7859,41.79,36.82,83.33,47.17,0.0,0.2276,0.0,31.19
7860,42.72,36.82,37.08,0.0,0.0,0.5088,0.0,31.19
7861,43.29,36.82,73.38,35.73,0.0,0.5088,0.0,31.19
7862,43.48,36.82,72.04,34.2,0.0,0.7218,0.0,31.19
7863,43.29,36.82,50.13,12.48,0.0,0.9256,0.0,31.19
7864,42.72,36.82,21.01,0.0,0.0,1.0,0.0,15.12
7865,41.79,20.18,0.0,0.0,21.61,1.0,0.0,0.0
7866,40.55,5.04,0.0,0.0,35.51,0.8573,0.0,0.0
7867,39.03,1.37,0.0,0.0,6.48,0.6227,31.19,0.0
7868,37.31,0.22,0.0,0.0,27.72,0.5799,9.37,0.0
7869,35.43,0.01,0.0,0.0,4.24,0.3968,31.19,0.0
7870,33.48,0.0,0.0,0.0,2.29,0.3689,31.19,0.0
7871,33.48,0.0,0.0,0.0,33.48,0.3537,0.0,0.0
7872,33.51,0.0,0.0,0.0,2.33,0.1326,31.19,0.0
7873,33.51,0.0,0.0,0.0,2.33,0.1172,31.19,0.0
7874,33.51,0.0,0.0,0.0,2.33,0.1019,31.19,0.0
7875,33.51,0.0,0.0,0.0,2.33,0.0865,31.19,0.0
7876,33.51,0.0,0.0,0.0,2.33,0.0711,31.19,0.0
7877,33.51,0.01,0.0,0.0,2.32,0.0558,31.19,0.0
7878,33.51,0.13,0.0,0.0,2.2,0.0405,31.19,0.0
7879,35.46,0.35,0.0,0.0,3.93,0.0259,31.19,0.0
7880,37.34,8.2,14.44,0.0,0.0,0.0,14.7,0.0
7881,39.07,24.5,45.76,0.0,0.0,0.0,0.0,31.19
7882,40.58,36.82,69.69,34.74,0.0,0.0,0.0,31.19
7883,41.83,36.82,36.19,0.0,0.0,0.2071,0.0,31.19
7884,42.75,36.82,87.11,50.0,0.0,0.2071,0.0,31.19
7885,43.32,36.82,70.0,32.31,0.0,0.5051,0.0,31.19
7886,43.51,36.82,73.59,35.71,0.0,0.6978,0.0,31.19
7887,43.32,36.82,52.68,14.99,0.0,0.9106,0.0,31.19
7888,42.75,36.82,23.24,0.0,0.0,1.0,0.0,17.32
7889,41.83,2.81,0.0,0.0,39.01,1.0,0.0,0.0
7890,40.58,0.53,0.0,0.0,40.06,0.7423,0.0,0.0
7891,39.07,0.22,0.0,0.0,25.03,0.4777,13.82,0.0
7892,37.34,0.13,0.0,0.0,6.03,0.3124,31.19,0.0
7893,35.46,0.13,0.0,0.0,4.15,0.2726,31.19,0.0
7894,33.51,0.13,0.0,0.0,33.38,0.2452,0.0,0.0
7895,33.51,0.35,0.0,0.0,1.97,0.0247,31.19,0.0
7896,33.55,1.03,0.0,0.0,1.34,0.0117,31.19,0.0
7897,33.55,2.25,0.0,0.0,0.11,0.0029,31.19,0.0
7898,33.55,2.25,0.0,0.0,0.11,0.0021,31.19,0.0
7899,33.55,2.25,0.0,0.0,0.11,0.0014,31.19,0.0
7900,33.55,2.25,0.0,0.0,0.11,0.0007,31.19,0.0
7901,33.55,3.46,0.0,0.0,0.0,0.0,30.09,0.0
7902,33.55,7.03,0.0,0.0,0.0,0.0,26.51,0.0
7903,35.5,10.92,0.0,0.0,0.0,0.0,24.58,0.0
7904,37.37,36.82,15.55,0.0,0.0,0.0,0.0,15.0
7905,39.1,20.2,50.09,0.0,0.0,0.0,0.0,31.19
7906,40.62,6.94,74.64,9.77,0.0,0.0,0.0,31.19
7907,41.86,36.82,36.23,0.0,0.0,0.0583,0.0,31.19
7908,42.79,36.82,87.15,50.0,0.0,0.0583,0.0,31.19
7909,43.36,36.82,87.72,50.0,0.0,0.3563,0.0,31.19
7910,43.55,36.82,78.07,40.16,0.0,0.6543,0.0,31.19
7911,43.36,36.82,55.54,17.82,0.0,0.8938,0.0,31.19
7912,42.79,36.82,25.83,0.0,0.0,1.0,0.0,19.86
7913,41.86,36.82,0.0,0.0,5.04,1.0,0.0,0.0
7914,40.62,36.82,0.0,0.0,3.8,0.9667,0.0,0.0
7915,39.1,16.02,0.0,0.0,23.08,0.9417,0.0,0.0
7916,37.37,2.81,0.0,0.0,34.56,0.7892,0.0,0.0
7917,35.5,0.13,0.0,0.0,35.37,0.5609,0.0,0.0
7918,33.55,0.0,0.0,0.0,2.36,0.3273,31.19,0.0
7919,33.55,0.0,0.0,0.0,26.37,0.3117,7.18,0.0
7920,33.58,0.0,0.0,0.0,2.4,0.1376,31.19,0.0
7921,33.58,0.0,0.0,0.0,2.4,0.1217,31.19,0.0
7922,33.58,0.0,0.0,0.0,2.4,0.1059,31.19,0.0
7923,33.58,0.07,0.0,0.0,2.33,0.0901,31.19,0.0
7924,33.58,0.13,0.0,0.0,2.27,0.0747,31.19,0.0
7925,33.58,0.07,0.0,0.0,2.33,0.0597,31.19,0.0
7926,33.58,0.03,0.0,0.0,2.37,0.0443,31.19,0.0
7927,35.53,0.01,0.0,0.0,4.34,0.0287,31.19,0.0
7928,37.41,0.22,19.67,0.0,0.0,0.0,17.52,0.0
7929,39.14,1.37,55.85,0.0,0.0,0.0,0.0,18.07
7930,40.65,1.77,80.13,10.06,0.0,0.0,0.0,31.19
7931,41.9,1.77,95.17,23.86,0.0,0.06,0.0,31.19
7932,42.82,2.25,100.9,32.47,0.0,0.2022,0.0,27.85
7933,43.39,4.2,98.47,50.0,0.0,0.3958,0.0,9.28
7934,43.58,7.03,87.67,19.93,0.0,0.6938,0.0,31.19
7935,43.39,8.2,66.62,31.43,0.0,0.8126,0.0,0.0
7936,42.82,3.46,35.6,0.0,3.76,1.0,0.0,0.0
7937,41.9,0.53,0.0,0.0,31.93,0.9752,9.44,0.0
7938,40.65,0.35,0.0,0.0,40.3,0.7643,0.0,0.0
7939,39.14,0.22,0.0,0.0,7.73,0.4981,31.19,0.0
7940,37.41,0.13,0.0,0.0,37.28,0.447,0.0,0.0
7941,35.53,0.07,0.0,0.0,4.28,0.2008,31.19,0.0
7942,33.58,0.03,0.0,0.0,2.37,0.1725,31.19,0.0
7943,33.58,0.01,0.0,0.0,2.39,0.1569,31.19,0.0
7944,33.62,0.01,0.0,0.0,2.42,0.1411,31.19,0.0
7945,33.62,0.0,0.0,0.0,2.43,0.1251,31.19,0.0
7946,33.62,0.0,0.0,0.0,2.43,0.109,31.19,0.0
7947,33.62,0.01,0.0,0.0,2.42,0.0929,31.19,0.0
7948,33.62,0.01,0.0,0.0,2.42,0.0769,31.19,0.0
7949,33.62,0.01,0.0,0.0,2.42,0.0609,31.19,0.0
7950,33.62,0.01,0.0,0.0,2.42,0.0449,31.19,0.0
7951,35.57,0.01,0.0,0.0,4.38,0.0289,31.19,0.0
7952,37.45,0.01,19.5,0.0,0.0,0.0,17.93,0.0
7953,39.17,0.13,55.08,0.0,0.0,0.0,0.0,16.04
7954,40.69,0.22,77.87,6.22,0.0,0.0,0.0,31.19
7955,41.93,0.22,90.86,17.96,0.0,0.0371,0.0,31.19
7956,42.86,0.22,96.69,31.66,0.0,0.1441,0.0,22.39
7957,43.43,0.22,94.25,50.0,0.0,0.3328,0.0,1.04
7958,43.62,0.22,83.77,40.37,0.0,0.6309,0.0,0.0
7959,43.43,0.03,64.95,21.55,0.0,0.8715,0.0,0.0
7960,42.86,0.0,35.57,0.0,7.29,1.0,0.0,0.0
7961,41.93,0.0,0.0,0.0,41.93,0.9519,0.0,0.0
7962,40.69,0.0,0.0,0.0,25.88,0.6749,14.81,0.0
7963,39.17,0.0,0.0,0.0,39.17,0.504,0.0,0.0
7964,37.45,0.0,0.0,0.0,6.26,0.2452,31.19,0.0
7965,35.57,0.0,0.0,0.0,4.38,0.2039,31.19,0.0
7966,33.62,0.0,0.0,0.0,2.43,0.175,31.19,0.0
7967,33.62,0.01,0.0,0.0,2.42,0.1589,31.19,0.0
7968,33.65,0.01,0.0,0.0,2.46,0.1429,31.19,0.0
7969,33.65,0.01,0.0,0.0,2.46,0.1266,31.19,0.0
7970,33.65,0.01,0.0,0.0,2.46,0.1104,31.19,0.0
7971,33.65,0.01,0.0,0.0,2.46,0.0941,31.19,0.0
7972,33.65,0.01,0.0,0.0,2.46,0.0779,31.19,0.0
7973,33.65,0.01,0.0,0.0,2.46,0.0616,31.19,0.0
7974,33.65,0.01,0.0,0.0,2.46,0.0454,31.19,0.0
7975,35.61,0.01,0.0,0.0,4.41,0.0291,31.19,0.0
7976,37.48,0.53,16.4,0.0,0.0,0.0,20.55,0.0
7977,39.21,2.81,49.87,0.0,0.0,0.0,0.0,13.47
7978,40.73,0.0,72.87,0.96,0.0,0.0,0.0,31.19
7979,41.97,20.18,91.22,38.25,0.0,0.0057,0.0,31.19
7980,42.89,36.82,51.26,14.01,0.0,0.2337,0.0,31.19
7981,43.46,36.82,87.83,50.0,0.0,0.3172,0.0,31.19
7982,43.65,36.82,80.31,42.29,0.0,0.6152,0.0,31.19
7983,43.46,36.82,60.08,22.26,0.0,0.8673,0.0,31.19
7984,42.89,10.92,29.06,0.0,2.91,1.0,0.0,0.0
7985,41.97,1.77,0.0,0.0,40.2,0.9808,0.0,0.0
7986,40.73,0.75,0.0,0.0,8.79,0.7153,31.19,0.0
7987,39.21,0.53,0.0,0.0,7.5,0.6572,31.19,0.0
7988,37.48,0.35,0.0,0.0,29.88,0.6077,7.25,0.0
7989,35.61,0.22,0.0,0.0,4.2,0.4103,31.19,0.0
7990,33.65,0.13,0.0,0.0,33.53,0.3826,0.0,0.0
7991,33.65,0.03,0.0,0.0,2.44,0.1611,31.19,0.0
7992,33.69,0.01,0.0,0.0,2.5,0.145,31.19,0.0
7993,33.69,0.0,0.0,0.0,2.5,0.1285,31.19,0.0
7994,33.69,0.0,0.0,0.0,2.5,0.112,31.19,0.0
7995,33.69,0.0,0.0,0.0,2.5,0.0954,31.19,0.0
7996,33.69,0.0,0.0,0.0,2.5,0.0789,31.19,0.0
7997,33.69,0.01,0.0,0.0,2.5,0.0624,31.19,0.0
7998,33.69,0.01,0.0,0.0,2.5,0.0459,31.19,0.0
7999,35.64,0.01,0.0,0.0,4.45,0.0294,31.19,0.0
8000,37.52,0.03,13.23,0.0,0.0,0.0,24.26,0.0
8001,39.25,0.53,47.29,0.0,0.0,0.0,0.0,8.57
8002,40.76,2.81,71.77,2.64,0.0,0.0,0.0,31.19
8003,42.01,5.98,86.57,19.36,0.0,0.0157,0.0,31.19
8004,42.93,8.2,91.85,50.0,0.0,0.1311,0.0,7.12
8005,43.5,8.2,89.18,39.55,0.0,0.4291,0.0,14.34
8006,43.69,5.98,77.63,39.92,0.0,0.6649,0.0,0.0
8007,43.5,1.37,58.44,16.3,0.0,0.9028,0.0,0.0
8008,42.93,0.03,29.05,0.0,0.0,1.0,13.85,0.0
8009,42.01,0.0,0.0,0.0,37.41,1.0,4.59,0.0
8010,40.76,0.0,0.0,0.0,9.58,0.7529,31.19,0.0
8011,39.25,0.0,0.0,0.0,8.06,0.6897,31.19,0.0
8012,37.52,0.0,0.0,0.0,6.33,0.6364,31.19,0.0
8013,35.64,0.0,0.0,0.0,4.46,0.5946,31.19,0.0
8014,33.69,0.0,0.0,0.0,2.51,0.5652,31.19,0.0
8015,33.69,0.01,0.0,0.0,2.5,0.5486,31.19,0.0
8016,33.73,0.03,0.0,0.0,2.51,0.5321,31.19,0.0
8017,33.73,0.07,0.0,0.0,2.48,0.5155,31.19,0.0
8018,33.73,0.13,0.0,0.0,2.41,0.4992,31.19,0.0
8019,33.73,0.13,0.0,0.0,2.41,0.4832,31.19,0.0
8020,33.73,0.13,0.0,0.0,2.41,0.4673,31.19,0.0
8021,33.73,0.13,0.0,0.0,2.41,0.4513,31.19,0.0
8022,33.73,0.13,0.0,0.0,2.41,0.4354,31.19,0.0
8023,35.68,0.07,0.0,0.0,4.43,0.4195,31.19,0.0
8024,37.56,1.77,1.47,0.0,3.13,0.3902,31.19,0.0
8025,39.28,5.04,4.04,0.0,0.0,0.3695,30.2,0.0
8026,40.8,5.98,9.61,0.0,0.0,0.3695,25.21,0.0
8027,42.04,7.03,24.71,0.0,0.0,0.3695,10.3,0.0
8028,42.97,7.03,28.06,0.0,0.0,0.3695,7.87,0.0
8029,43.54,5.98,36.09,0.0,0.0,0.3695,1.46,0.0
8030,43.73,5.98,29.15,0.0,0.0,0.3695,8.6,0.0
8031,43.54,8.2,4.23,0.0,0.0,0.3695,31.1,0.0
8032,42.97,5.98,3.88,0.0,1.92,0.3695,31.19,0.0
8033,42.04,1.03,0.0,0.0,9.83,0.3569,31.19,0.0
8034,40.8,0.03,0.0,0.0,9.59,0.2919,31.19,0.0
8035,39.28,0.0,0.0,0.0,8.1,0.2286,31.19,0.0
8036,37.56,0.0,0.0,0.0,6.37,0.1751,31.19,0.0
8037,35.68,0.0,0.0,0.0,4.49,0.1331,31.19,0.0
8038,33.73,0.0,0.0,0.0,2.54,0.1034,31.19,0.0
8039,33.73,0.03,0.0,0.0,2.51,0.0866,31.19,0.0
8040,33.77,0.22,0.0,0.0,2.36,0.07,31.19,0.0
8041,33.77,1.03,0.0,0.0,1.55,0.0545,31.19,0.0
8042,33.77,2.25,0.0,0.0,0.33,0.0442,31.19,0.0
8043,33.77,2.81,0.0,0.0,0.0,0.042,30.95,0.0
8044,33.77,3.46,0.0,0.0,0.0,0.042,30.3,0.0
8045,33.77,1.77,0.0,0.0,0.81,0.042,31.19,0.0
8046,33.77,1.03,0.0,0.0,1.55,0.0367,31.19,0.0
8047,35.72,0.53,0.0,0.0,4.0,0.0265,31.19,0.0
8048,37.59,0.75,9.42,0.0,0.0,0.0,27.43,0.0
8049,39.32,2.81,42.11,0.0,0.0,0.0,0.0,5.6
8050,40.84,5.98,68.84,8.99,0.0,0.0,0.0,25.0
8051,42.08,9.5,77.43,13.66,0.0,0.0536,0.0,31.19
8052,43.0,12.48,95.29,50.0,0.0,0.135,0.0,14.76
8053,43.57,14.18,93.72,50.0,0.0,0.433,0.0,14.32
8054,43.77,14.18,74.7,45.11,0.0,0.7311,0.0,0.0
8055,43.57,10.92,13.88,0.0,0.0,1.0,18.77,0.0
8056,43.0,3.46,11.03,0.0,28.52,1.0,0.0,0.0
8057,42.08,0.53,0.0,0.0,10.37,0.8117,31.19,0.0
8058,40.84,0.07,0.0,0.0,34.23,0.7432,6.54,0.0
8059,39.32,0.01,0.0,0.0,8.13,0.5171,31.19,0.0
8060,37.59,0.0,0.0,0.0,6.4,0.4634,31.19,0.0
8061,35.72,0.0,0.0,0.0,35.72,0.4211,0.0,0.0
8062,33.77,0.0,0.0,0.0,2.58,0.1852,31.19,0.0
8063,33.77,0.0,0.0,0.0,2.58,0.1682,31.19,0.0
8064,33.8,0.0,0.0,0.0,2.62,0.1512,31.19,0.0
8065,33.8,0.0,0.0,0.0,2.62,0.1339,31.19,0.0
8066,33.8,0.0,0.0,0.0,2.62,0.1166,31.19,0.0
8067,33.8,0.0,0.0,0.0,2.62,0.0993,31.19,0.0
8068,33.8,0.0,0.0,0.0,2.62,0.082,31.19,0.0
8069,33.8,0.0,0.0,0.0,2.62,0.0647,31.19,0.0
8070,33.8,0.0,0.0,0.0,2.62,0.0475,31.19,0.0
8071,35.75,0.0,0.0,0.0,4.57,0.0302,31.19,0.0
8072,37.63,0.01,11.14,0.0,0.0,0.0,26.48,0.0
8073,39.36,0.07,44.1,0.0,0.0,0.0,0.0,4.8
8074,40.87,0.07,68.76,0.0,0.0,0.0,0.0,27.95
8075,42.12,0.07,84.23,33.37,0.0,0.0,0.0,8.81
8076,43.04,0.01,90.2,47.16,0.0,0.1989,0.0,0.0
8077,43.61,0.0,87.21,43.6,0.0,0.48,0.0,0.0
8078,43.8,0.01,75.49,31.69,0.0,0.7399,0.0,0.0
8079,43.61,0.03,55.52,11.94,0.0,0.9288,0.0,0.0
8080,43.04,0.01,26.1,0.0,16.94,1.0,0.0,0.0
8081,42.12,0.0,0.17,0.0,41.95,0.8881,0.0,0.0
8082,40.87,0.0,0.0,0.0,40.87,0.611,0.0,0.0
8083,39.36,0.0,0.0,0.0,12.21,0.3411,27.15,0.0
8084,37.63,0.0,0.0,0.0,6.44,0.2605,31.19,0.0
8085,35.75,0.0,0.0,0.0,4.57,0.2179,31.19,0.0
8086,33.8,0.0,0.0,0.0,2.62,0.1877,31.19,0.0
8087,33.8,0.0,0.0,0.0,2.62,0.1704,31.19,0.0
8088,33.84,0.0,0.0,0.0,2.65,0.1532,31.19,0.0
8089,33.84,0.0,0.0,0.0,2.65,0.1356,31.19,0.0
8090,33.84,0.0,0.0,0.0,2.65,0.1181,31.19,0.0
8091,33.84,0.0,0.0,0.0,2.65,0.1006,31.19,0.0
8092,33.84,0.0,0.0,0.0,2.65,0.083,31.19,0.0
8093,33.84,0.0,0.0,0.0,2.65,0.0655,31.19,0.0
8094,33.84,0.0,0.0,0.0,2.65,0.048,31.19,0.0
8095,35.79,0.0,0.0,0.0,4.61,0.0304,31.19,0.0
8096,37.67,0.0,9.12,0.0,0.0,0.0,28.54,0.0
8097,39.4,0.0,40.68,1.28,0.0,0.0,0.0,0.0
8098,40.91,0.0,65.49,13.23,0.0,0.0077,0.0,11.35
8099,42.16,0.03,81.16,39.03,0.0,0.0865,0.0,0.0
8100,43.08,0.22,87.86,45.0,0.0,0.3192,0.0,0.0
8101,43.65,0.22,83.71,40.28,0.0,0.5874,0.0,0.0
8102,43.84,0.07,72.71,28.94,0.0,0.8275,0.0,0.0
8103,43.65,0.0,36.71,0.0,6.94,1.0,0.0,0.0
8104,43.08,0.0,18.41,0.0,24.67,0.9541,0.0,0.0
8105,42.16,0.0,0.01,0.0,42.14,0.7912,0.0,0.0
8106,40.91,0.0,0.0,0.0,29.55,0.5129,11.36,0.0
8107,39.4,0.0,0.0,0.0,8.21,0.3177,31.19,0.0
8108,37.67,0.0,0.0,0.0,6.48,0.2635,31.19,0.0
8109,35.79,0.0,0.0,0.0,4.61,0.2207,31.19,0.0
8110,33.84,0.0,0.0,0.0,2.65,0.1903,31.19,0.0
8111,33.84,0.0,0.0,0.0,2.65,0.1727,31.19,0.0
8112,33.88,0.0,0.0,0.0,2.69,0.1552,31.19,0.0
8113,33.88,0.0,0.0,0.0,2.69,0.1374,31.19,0.0
8114,33.88,0.0,0.0,0.0,2.69,0.1196,31.19,0.0
8115,33.88,0.0,0.0,0.0,2.69,0.1018,31.19,0.0
8116,33.88,0.0,0.0,0.0,2.69,0.084,31.19,0.0
8117,33.88,0.0,0.0,0.0,2.69,0.0662,31.19,0.0
8118,33.88,0.0,0.0,0.0,2.69,0.0485,31.19,0.0
8119,35.83,0.0,0.0,0.0,4.64,0.0307,31.19,0.0
8120,37.71,0.0,7.59,0.0,0.0,0.0,30.11,0.0
8121,39.44,0.13,26.69,0.0,0.0,0.0,12.61,0.0
8122,40.95,2.25,62.89,0.0,0.0,0.0,0.0,24.19
8123,42.19,8.2,69.43,4.25,0.0,0.0,0.0,31.19
8124,43.12,16.02,83.19,50.0,0.0,0.0254,0.0,6.09
8125,43.69,22.51,80.24,46.77,0.0,0.3234,0.0,12.29
8126,43.88,25.01,57.62,38.75,0.0,0.6022,0.0,0.0
8127,43.69,16.02,55.65,27.99,0.0,0.8332,0.0,0.0
8128,43.12,3.46,26.77,0.0,12.89,1.0,0.0,0.0
8129,42.19,0.35,0.24,0.0,23.17,0.9149,18.43,0.0
8130,40.95,0.07,0.0,0.0,9.7,0.7618,31.19,0.0
8131,39.44,0.01,0.0,0.0,8.24,0.6978,31.19,0.0
8132,37.71,0.0,0.0,0.0,37.71,0.6434,0.0,0.0
8133,35.83,0.03,0.0,0.0,4.62,0.3943,31.19,0.0
8134,33.88,0.35,0.0,0.0,2.34,0.3638,31.19,0.0
8135,33.88,1.03,0.0,0.0,1.67,0.3484,31.19,0.0
8136,33.92,1.77,0.0,0.0,32.15,0.3374,0.0,0.0
8137,33.92,1.37,0.0,0.0,1.37,0.125,31.19,0.0
8138,33.92,0.53,0.0,0.0,2.21,0.116,31.19,0.0
8139,33.92,0.22,0.0,0.0,2.51,0.1014,31.19,0.0
8140,33.92,0.03,0.0,0.0,2.7,0.0849,31.19,0.0
8141,33.92,0.0,0.0,0.0,2.73,0.067,31.19,0.0
8142,33.92,0.0,0.0,0.0,2.73,0.049,31.19,0.0
8143,35.87,0.0,0.0,0.0,4.68,0.0309,31.19,0.0
8144,37.74,0.0,9.51,0.0,0.0,0.0,28.24,0.0
8145,39.47,0.13,42.74,0.0,0.0,0.0,0.0,3.39
8146,40.99,0.35,66.76,17.67,0.0,0.0,0.0,8.45
8147,42.23,2.25,76.68,36.7,0.0,0.1053,0.0,0.0
8148,43.16,8.2,76.55,41.59,0.0,0.3241,0.0,0.0
8149,43.73,14.18,66.53,36.98,0.0,0.572,0.0,0.0
8150,43.92,18.02,60.71,34.82,0.0,0.7925,0.0,0.0
8151,43.73,18.02,24.28,0.0,1.42,1.0,0.0,0.0
8152,43.16,8.2,23.84,0.0,11.11,0.9906,0.0,0.0
8153,42.23,1.37,0.23,0.0,40.64,0.9172,0.0,0.0
8154,40.99,0.35,0.0,0.0,40.64,0.6488,0.0,0.0
8155,39.47,0.03,0.0,0.0,8.26,0.3804,31.19,0.0
8156,37.74,0.0,0.0,0.0,15.08,0.3259,22.67,0.0
8157,35.87,0.0,0.0,0.0,4.68,0.2263,31.19,0.0
8158,33.92,0.0,0.0,0.0,2.73,0.1954,31.19,0.0
8159,33.92,0.0,0.0,0.0,2.73,0.1773,31.19,0.0
8160,33.96,0.0,0.0,0.0,2.77,0.1593,31.19,0.0
8161,33.96,0.0,0.0,0.0,2.77,0.141,31.19,0.0
8162,33.96,0.0,0.0,0.0,2.77,0.1227,31.19,0.0
8163,33.96,0.0,0.0,0.0,2.77,0.1044,31.19,0.0
8164,33.96,0.0,0.0,0.0,2.77,0.0861,31.19,0.0
8165,33.96,0.0,0.0,0.0,2.77,0.0678,31.19,0.0
8166,33.96,0.0,0.0,0.0,2.77,0.0495,31.19,0.0
8167,35.91,0.0,0.0,0.0,4.72,0.0312,31.19,0.0
8168,37.78,0.0,9.14,0.0,0.0,0.0,28.64,0.0
8169,39.51,0.03,46.52,0.0,0.0,0.0,0.0,7.04
8170,41.03,0.01,71.95,0.0,0.0,0.0,0.0,30.93
8171,42.27,0.03,86.75,21.31,0.0,0.0,0.0,23.2
8172,43.2,0.03,92.87,49.7,0.0,0.127,0.0,0.0
8173,43.76,0.01,90.34,46.59,0.0,0.4233,0.0,0.0
8174,43.96,0.0,78.99,35.03,0.0,0.701,0.0,0.0
8175,43.76,0.0,58.9,15.13,0.0,0.9098,0.0,0.0
8176,43.2,0.0,28.63,0.0,14.56,1.0,0.0,0.0
8177,42.27,0.0,0.38,0.0,41.9,0.9038,0.0,0.0
8178,41.03,0.0,0.0,0.0,9.84,0.6271,31.19,0.0
8179,39.51,0.01,0.0,0.0,12.83,0.5621,26.68,0.0
8180,37.78,0.07,0.0,0.0,37.72,0.4774,0.0,0.0
8181,35.91,0.03,0.0,0.0,4.69,0.2283,31.19,0.0
8182,33.96,0.0,0.0,0.0,2.77,0.1973,31.19,0.0
8183,33.96,0.0,0.0,0.0,2.77,0.179,31.19,0.0
8184,34.0,0.0,0.0,0.0,2.81,0.1607,31.19,0.0
8185,34.0,0.0,0.0,0.0,2.81,0.1421,31.19,0.0
8186,34.0,0.0,0.0,0.0,2.81,0.1236,31.19,0.0
8187,34.0,0.03,0.0,0.0,2.78,0.105,31.19,0.0
8188,34.0,0.07,0.0,0.0,2.74,0.0866,31.19,0.0
8189,34.0,0.01,0.0,0.0,2.8,0.0685,31.19,0.0
8190,34.0,0.0,0.0,0.0,2.81,0.05,31.19,0.0
8191,35.95,0.0,0.0,0.0,4.76,0.0314,31.19,0.0
8192,37.82,0.13,6.93,0.0,0.0,0.0,30.77,0.0
8193,39.55,0.75,38.86,0.06,0.0,0.0,0.0,0.0
8194,41.07,1.37,64.32,0.43,0.0,0.0003,0.0,24.19
8195,42.31,1.03,80.26,38.98,0.0,0.0029,0.0,0.0
8196,43.24,0.35,87.22,44.34,0.0,0.2352,0.0,0.0
8197,43.8,0.35,85.16,41.71,0.0,0.4995,0.0,0.0
8198,44.0,1.77,73.04,30.82,0.0,0.7481,0.0,0.0
8199,43.8,2.25,52.99,11.44,0.0,0.9318,0.0,0.0
8200,43.24,0.75,24.45,0.0,18.04,1.0,0.0,0.0
8201,42.31,0.22,0.06,0.0,10.85,0.8809,31.19,0.0
8202,41.07,0.22,0.0,0.0,40.85,0.8092,0.0,0.0
8203,39.55,0.35,0.0,0.0,8.01,0.5394,31.19,0.0
8204,37.82,1.03,0.0,0.0,35.15,0.4865,1.64,0.0
8205,35.95,3.46,0.0,0.0,1.3,0.2543,31.19,0.0
8206,34.0,5.98,0.0,0.0,28.02,0.2457,0.0,0.0
8207,34.0,8.2,0.0,0.0,0.0,0.0607,25.79,0.0
8208,34.04,8.2,0.0,0.0,0.0,0.0607,25.83,0.0
8209,34.04,5.98,0.0,0.0,0.0,0.0607,28.05,0.0
8210,34.04,5.04,0.0,0.0,0.0,0.0607,29.0,0.0
8211,34.04,4.2,0.0,0.0,0.0,0.0607,29.83,0.0
8212,34.04,2.25,0.0,0.0,0.6,0.0607,31.19,0.0
8213,34.04,1.03,0.0,0.0,1.82,0.0568,31.19,0.0
8214,34.04,0.53,0.0,0.0,2.32,0.0447,31.19,0.0
8215,35.99,0.35,0.0,0.0,4.45,0.0294,31.19,0.0
8216,37.86,2.81,6.23,0.0,0.0,0.0,28.81,0.0
8217,39.59,12.48,38.9,0.0,0.0,0.0,0.0,11.79
8218,41.11,25.01,55.57,8.28,0.0,0.0,0.0,31.19
8219,42.35,36.82,83.16,46.45,0.0,0.0494,0.0,31.19
8220,43.27,36.82,87.64,50.0,0.0,0.3262,0.0,31.19
8221,43.84,36.82,38.21,0.0,0.0,0.6243,0.0,31.19
8222,44.04,36.82,79.82,41.42,0.0,0.6243,0.0,31.19
8223,43.84,36.82,59.81,21.61,0.0,0.8712,0.0,31.19
8224,43.27,9.5,29.67,0.0,4.11,1.0,0.0,0.0
8225,42.35,0.75,0.44,0.0,41.16,0.9729,0.0,0.0
8226,41.11,0.13,0.0,0.0,40.98,0.701,0.0,0.0
8227,39.59,0.07,0.0,0.0,8.34,0.4304,31.19,0.0
8228,37.86,0.03,0.0,0.0,27.88,0.3753,9.96,0.0
8229,35.99,0.07,0.0,0.0,4.73,0.1912,31.19,0.0
8230,34.04,0.13,0.0,0.0,2.72,0.1599,31.19,0.0
8231,34.04,0.35,0.0,0.0,2.5,0.1419,31.19,0.0
8232,34.08,0.75,0.0,0.0,2.14,0.1254,31.19,0.0
8233,34.08,1.03,0.0,0.0,1.86,0.1113,31.19,0.0
8234,34.08,1.37,0.0,0.0,1.52,0.099,31.19,0.0
8235,34.08,1.37,0.0,0.0,1.52,0.0889,31.19,0.0
8236,34.08,1.03,0.0,0.0,1.86,0.0788,31.19,0.0
8237,34.08,0.35,0.0,0.0,2.54,0.0665,31.19,0.0
8238,34.08,0.13,0.0,0.0,2.76,0.0498,31.19,0.0
8239,36.03,0.07,0.0,0.0,4.77,0.0315,31.19,0.0
8240,37.9,0.35,7.32,0.0,0.0,0.0,30.23,0.0
8241,39.63,1.77,36.92,0.0,0.0,0.0,0.94,0.0
8242,41.15,4.2,66.91,0.0,0.0,0.0,0.0,29.97
8243,42.39,16.02,67.39,9.84,0.0,0.0,0.0,31.19
8244,43.31,36.82,65.39,27.72,0.0,0.0587,0.0,31.19
8245,43.88,36.82,87.55,49.31,0.0,0.2239,0.0,31.19
8246,44.08,36.82,78.12,39.68,0.0,0.5178,0.0,31.19
8247,43.88,30.55,57.55,41.22,0.0,0.7543,0.0,3.0
8248,43.31,4.2,26.44,0.0,12.68,1.0,0.0,0.0
8249,42.39,0.13,0.48,0.0,41.79,0.9163,0.0,0.0
8250,41.15,0.03,0.0,0.0,41.12,0.6403,0.0,0.0
8251,39.63,0.01,0.0,0.0,14.18,0.3687,25.45,0.0
8252,37.9,0.03,0.0,0.0,6.69,0.2751,31.19,0.0
8253,36.03,0.03,0.0,0.0,4.81,0.2309,31.19,0.0
8254,34.08,0.03,0.0,0.0,2.86,0.1991,31.19,0.0
8255,34.08,0.03,0.0,0.0,2.86,0.1802,31.19,0.0
8256,34.12,0.07,0.0,0.0,2.86,0.1613,31.19,0.0
8257,34.12,0.13,0.0,0.0,2.8,0.1424,31.19,0.0
8258,34.12,0.13,0.0,0.0,2.8,0.1239,31.19,0.0
8259,34.12,0.13,0.0,0.0,2.8,0.1054,31.19,0.0
8260,34.12,0.13,0.0,0.0,2.8,0.0869,31.19,0.0
8261,34.12,0.13,0.0,0.0,2.8,0.0684,31.19,0.0
8262,34.12,0.13,0.0,0.0,2.8,0.0499,31.19,0.0
8263,36.07,0.13,0.0,0.0,4.75,0.0314,31.19,0.0
8264,37.94,1.77,6.28,0.0,0.0,0.0,29.89,0.0
8265,39.67,12.48,39.0,0.0,0.0,0.0,0.0,11.81
8266,41.19,36.82,29.27,0.0,0.0,0.0,0.0,24.9
8267,42.43,36.82,67.6,30.81,0.0,0.0,0.0,31.19
8268,43.35,36.82,87.72,50.0,0.0,0.1837,0.0,31.19
8269,43.92,36.82,87.78,49.49,0.0,0.4817,0.0,31.19
8270,44.12,36.82,59.0,20.52,0.0,0.7767,0.0,31.19
8271,43.92,22.51,46.91,16.94,0.0,0.899,0.0,8.56
8272,43.35,1.77,27.41,0.0,14.17,1.0,0.0,0.0
8273,42.43,0.03,0.28,0.0,42.12,0.9064,0.0,0.0
8274,41.19,0.0,0.0,0.0,41.19,0.6282,0.0,0.0
8275,39.67,0.0,0.0,0.0,8.48,0.3562,31.19,0.0
8276,37.94,0.0,0.0,0.0,11.82,0.3001,26.12,0.0
8277,36.07,0.0,0.0,0.0,4.88,0.2221,31.19,0.0
8278,34.12,0.0,0.0,0.0,2.93,0.1898,31.19,0.0
8279,34.12,0.01,0.0,0.0,2.92,0.1705,31.19,0.0
8280,34.16,0.03,0.0,0.0,2.94,0.1512,31.19,0.0
8281,34.16,0.07,0.0,0.0,2.9,0.1318,31.19,0.0
8282,34.16,0.13,0.0,0.0,2.84,0.1126,31.19,0.0
8283,34.16,0.22,0.0,0.0,2.75,0.0938,31.19,0.0
8284,34.16,0.35,0.0,0.0,2.62,0.0757,31.19,0.0
8285,34.16,0.53,0.0,0.0,2.44,0.0584,31.19,0.0
8286,34.16,0.75,0.0,0.0,2.22,0.0422,31.19,0.0
8287,36.11,0.75,0.0,0.0,4.17,0.0276,31.19,0.0
8288,37.98,9.5,3.57,0.0,0.0,0.0,24.91,0.0
8289,39.71,36.82,33.51,0.0,0.0,0.0,0.0,30.62
8290,41.23,36.82,38.67,3.08,0.0,0.0,0.0,31.19
8291,42.47,36.82,53.29,27.99,0.0,0.0184,0.0,19.65
8292,43.39,36.82,65.46,50.0,0.0,0.1853,0.0,8.89
8293,43.96,36.82,53.3,46.16,0.0,0.4833,0.0,0.0
8294,44.16,36.82,27.77,20.44,0.0,0.7585,0.0,0.0
8295,43.96,36.82,19.86,12.72,0.0,0.8803,0.0,0.0
8296,43.39,36.82,13.93,7.36,0.0,0.9561,0.0,0.0
8297,42.47,36.82,0.0,0.0,5.65,1.0,0.0,0.0
8298,41.23,36.82,0.0,0.0,4.4,0.9627,0.0,0.0
8299,39.71,36.82,0.0,0.0,2.89,0.9336,0.0,0.0
8300,37.98,36.82,0.0,0.0,1.16,0.9145,0.0,0.0
8301,36.11,25.01,0.0,0.0,11.1,0.9069,0.0,0.0
8302,34.16,12.48,0.0,0.0,21.68,0.8336,0.0,0.0
8303,34.16,5.04,0.0,0.0,29.12,0.6904,0.0,0.0
8304,34.2,1.03,0.0,0.0,33.17,0.4981,0.0,0.0
8305,34.2,0.07,0.0,0.0,2.94,0.279,31.19,0.0
8306,34.2,0.0,0.0,0.0,3.01,0.2596,31.19,0.0
8307,34.2,0.0,0.0,0.0,3.01,0.2397,31.19,0.0
8308,34.2,0.0,0.0,0.0,21.72,0.2198,12.48,0.0
8309,34.2,0.0,0.0,0.0,3.01,0.0763,31.19,0.0
8310,34.2,0.0,0.0,0.0,3.01,0.0565,31.19,0.0
8311,36.15,0.0,0.0,0.0,4.96,0.0366,31.19,0.0
8312,38.02,0.0,6.26,0.0,0.58,0.0038,31.19,0.0
8313,39.75,0.03,34.02,0.0,0.0,0.0,5.7,0.0
8314,41.27,0.22,69.99,0.0,0.0,0.0,0.0,28.95
8315,42.51,1.03,75.51,2.84,0.0,0.0,0.0,31.19
8316,43.44,2.81,94.52,49.63,0.0,0.0169,0.0,4.27
8317,44.0,5.04,91.48,50.0,0.0,0.3128,0.0,2.52
8318,44.2,5.98,83.15,44.94,0.0,0.6108,0.0,0.0
8319,44.0,5.04,59.31,20.35,0.0,0.8787,0.0,0.0
8320,43.44,0.75,32.13,0.0,0.0,1.0,10.56,0.0
8321,42.51,0.0,0.65,0.0,41.86,1.0,0.0,0.0
8322,41.27,0.0,0.0,0.0,25.61,0.7235,15.66,0.0
8323,39.75,0.0,0.0,0.0,8.57,0.5544,31.19,0.0
8324,38.02,0.0,0.0,0.0,38.02,0.4978,0.0,0.0
8325,36.15,0.0,0.0,0.0,4.96,0.2466,31.19,0.0
8326,34.2,0.0,0.0,0.0,3.01,0.2139,31.19,0.0
8327,34.2,0.0,0.0,0.0,3.01,0.194,31.19,0.0
8328,34.24,0.0,0.0,0.0,3.05,0.1741,31.19,0.0
8329,34.24,0.0,0.0,0.0,3.05,0.154,31.19,0.0
8330,34.24,0.0,0.0,0.0,3.05,0.1338,31.19,0.0
8331,34.24,0.0,0.0,0.0,3.05,0.1137,31.19,0.0
8332,34.24,0.0,0.0,0.0,3.05,0.0935,31.19,0.0
8333,34.24,0.0,0.0,0.0,3.05,0.0733,31.19,0.0
8334,34.24,0.0,0.0,0.0,3.05,0.0532,31.19,0.0
8335,36.19,0.0,0.0,0.0,5.0,0.033,31.19,0.0
8336,38.06,0.0,7.27,0.0,0.0,0.0,30.8,0.0
8337,39.79,0.0,44.87,0.0,0.0,0.0,0.0,5.07
8338,41.31,0.0,69.55,0.0,0.0,0.0,0.0,28.24
8339,42.55,0.0,85.04,22.73,0.0,0.0,0.0,19.76
8340,43.48,0.03,92.24,48.79,0.0,0.1355,0.0,0.0
8341,44.05,0.35,89.33,45.63,0.0,0.4263,0.0,0.0
8342,44.24,0.53,78.63,34.92,0.0,0.6984,0.0,0.0
8343,44.05,0.22,59.51,15.69,0.0,0.9065,0.0,0.0
8344,43.48,0.0,29.73,0.0,13.75,1.0,0.0,0.0
8345,42.55,0.0,0.53,0.0,42.03,0.9092,0.0,0.0
8346,41.31,0.0,0.0,0.0,41.31,0.6316,0.0,0.0
8347,39.79,0.0,0.0,0.0,8.61,0.3588,31.19,0.0
8348,38.06,0.0,0.0,0.0,7.04,0.3019,31.02,0.0
8349,36.19,0.0,0.0,0.0,5.0,0.2554,31.19,0.0
8350,34.24,0.0,0.0,0.0,3.05,0.2224,31.19,0.0
8351,34.24,0.03,0.0,0.0,3.02,0.2022,31.19,0.0
8352,34.28,0.07,0.0,0.0,3.03,0.1823,31.19,0.0
8353,34.28,0.13,0.0,0.0,2.96,0.1623,31.19,0.0
8354,34.28,0.13,0.0,0.0,2.96,0.1427,31.19,0.0
8355,34.28,0.13,0.0,0.0,2.96,0.1231,31.19,0.0
8356,34.28,0.07,0.0,0.0,3.03,0.1035,31.19,0.0
8357,34.28,0.03,0.0,0.0,3.06,0.0836,31.19,0.0
8358,34.28,0.03,0.0,0.0,3.06,0.0633,31.19,0.0
8359,36.23,0.03,0.0,0.0,5.02,0.0431,31.19,0.0
8360,38.11,0.22,5.19,0.0,1.51,0.0099,31.19,0.0
8361,39.83,1.03,40.4,0.0,0.0,0.0,0.0,1.59
8362,41.35,2.25,67.04,0.0,0.0,0.0,0.0,27.95
8363,42.59,4.2,84.27,14.69,0.0,0.0,0.0,31.19
8364,43.52,5.98,92.14,50.0,0.0,0.0876,0.0,4.6
8365,44.09,5.98,90.96,50.0,0.0,0.3856,0.0,2.85
8366,44.28,5.04,81.29,32.65,0.0,0.6837,0.0,9.39
8367,44.09,1.77,62.73,20.41,0.0,0.8783,0.0,0.0
8368,43.52,0.03,34.48,0.0,9.01,1.0,0.0,0.0
8369,42.59,0.0,1.81,0.0,9.6,0.9405,31.19,0.0
8370,41.35,0.0,0.0,0.0,15.83,0.8771,25.52,0.0
8371,39.83,0.0,0.0,0.0,39.83,0.7725,0.0,0.0
8372,38.11,0.0,0.0,0.0,6.92,0.5094,31.19,0.0
8373,36.23,0.0,0.0,0.0,36.23,0.4637,0.0,0.0
8374,34.28,0.0,0.0,0.0,3.09,0.2244,31.19,0.0
8375,34.28,0.0,0.0,0.0,3.09,0.204,31.19,0.0
8376,34.32,0.0,0.0,0.0,3.13,0.1835,31.19,0.0
8377,34.32,0.0,0.0,0.0,3.13,0.1628,31.19,0.0
8378,34.32,0.0,0.0,0.0,3.13,0.1421,31.19,0.0
8379,34.32,0.0,0.0,0.0,3.13,0.1214,31.19,0.0
8380,34.32,0.0,0.0,0.0,3.13,0.1008,31.19,0.0
8381,34.32,0.0,0.0,0.0,3.13,0.0801,31.19,0.0
8382,34.32,0.0,0.0,0.0,3.13,0.0594,31.19,0.0
8383,36.27,0.0,0.0,0.0,5.08,0.0387,31.19,0.0
8384,38.15,0.03,6.16,0.0,0.77,0.0051,31.19,0.0
8385,39.88,0.53,43.51,0.0,0.0,0.0,0.0,4.16
8386,41.39,1.77,69.37,0.0,0.0,0.0,0.0,29.76
8387,42.63,1.37,84.65,22.24,0.0,0.0,0.0,21.14
8388,43.56,1.37,91.4,49.2,0.0,0.1326,0.0,0.0
8389,44.13,0.75,89.21,45.83,0.0,0.4258,0.0,0.0
8390,44.32,0.35,78.71,34.74,0.0,0.699,0.0,0.0
8391,44.13,0.07,59.81,15.75,0.0,0.9061,0.0,0.0
8392,43.56,0.0,27.97,0.0,15.59,1.0,0.0,0.0
8393,42.63,0.0,0.69,0.0,41.95,0.897,0.0,0.0
8394,41.39,0.0,0.0,0.0,10.2,0.62,31.19,0.0
8395,39.88,0.0,0.0,0.0,8.69,0.5526,31.19,0.0
8396,38.15,0.0,0.0,0.0,6.96,0.4952,31.19,0.0
8397,36.27,0.0,0.0,0.0,31.91,0.4492,4.36,0.0
8398,34.32,0.0,0.0,0.0,3.13,0.2384,31.19,0.0
8399,34.32,0.0,0.0,0.0,3.13,0.2177,31.19,0.0
8400,34.36,0.0,0.0,0.0,3.18,0.197,31.19,0.0
8401,34.36,0.0,0.0,0.0,3.18,0.1761,31.19,0.0
8402,34.36,0.0,0.0,0.0,3.18,0.1551,31.19,0.0
8403,34.36,0.0,0.0,0.0,3.18,0.1341,31.19,0.0
8404,34.36,0.0,0.0,0.0,3.18,0.1131,31.19,0.0
8405,34.36,0.0,0.0,0.0,3.18,0.0922,31.19,0.0
8406,34.36,0.0,0.0,0.0,3.18,0.0712,31.19,0.0
8407,36.31,0.0,0.0,0.0,5.13,0.0502,31.19,0.0
8408,38.19,0.13,4.4,0.0,2.48,0.0164,31.19,0.0
8409,39.92,2.81,41.25,0.0,0.0,0.0,0.0,4.15
8410,41.43,8.2,68.16,3.75,0.0,0.0,0.0,31.19
8411,42.68,12.48,84.32,22.93,0.0,0.0223,0.0,31.19
8412,43.6,18.02,92.07,35.3,0.0,0.159,0.0,31.19
8413,44.17,22.51,90.82,37.97,0.0,0.3695,0.0,31.19
8414,44.36,27.69,80.77,33.79,0.0,0.5958,0.0,30.31
8415,44.17,20.18,58.0,34.02,0.0,0.7972,0.0,0.0
8416,43.6,4.2,27.14,0.0,12.26,1.0,0.0,0.0
8417,42.68,0.13,0.0,0.0,11.36,0.919,31.19,0.0
8418,41.43,0.01,0.0,0.0,36.91,0.844,4.51,0.0
8419,39.92,0.0,0.0,0.0,8.73,0.6002,31.19,0.0
8420,38.19,0.0,0.0,0.0,7.0,0.5426,31.19,0.0
8421,36.31,0.0,0.0,0.0,36.31,0.4963,0.0,0.0
8422,34.36,0.0,0.0,0.0,3.17,0.2565,31.19,0.0
8423,34.36,0.01,0.0,0.0,3.17,0.2355,31.19,0.0
8424,34.4,0.01,0.0,0.0,3.21,0.2146,31.19,0.0
8425,34.4,0.01,0.0,0.0,3.21,0.1934,31.19,0.0
8426,34.4,0.01,0.0,0.0,3.21,0.1722,31.19,0.0
8427,34.4,0.0,0.0,0.0,3.22,0.151,31.19,0.0
8428,34.4,0.0,0.0,0.0,3.22,0.1298,31.19,0.0
8429,34.4,0.0,0.0,0.0,3.22,0.1085,31.19,0.0
8430,34.4,0.0,0.0,0.0,3.22,0.0873,31.19,0.0
8431,36.35,0.0,0.0,0.0,5.17,0.066,31.19,0.0
8432,38.23,0.0,2.21,0.0,4.83,0.0319,31.19,0.0
8433,39.96,0.0,22.55,0.0,0.0,0.0,17.4,0.0
8434,41.47,0.0,51.32,9.84,0.0,0.0,0.0,0.0
8435,42.72,0.03,62.02,19.33,0.0,0.0587,0.0,0.0
8436,43.64,0.35,63.96,20.67,0.0,0.1739,0.0,0.0
8437,44.21,1.03,80.41,37.22,0.0,0.2971,0.0,0.0
8438,44.4,1.03,66.98,23.6,0.0,0.519,0.0,0.0
8439,44.21,0.53,61.3,17.62,0.0,0.6597,0.0,0.0
8440,43.64,0.03,31.07,0.0,4.85,0.7647,7.69,0.0
8441,42.72,0.0,0.89,0.0,41.83,0.7327,0.0,0.0
8442,41.47,0.0,0.0,0.0,10.29,0.4564,31.19,0.0
8443,39.96,0.0,0.0,0.0,8.77,0.3885,31.19,0.0
8444,38.23,0.0,0.0,0.0,7.04,0.3305,31.19,0.0
8445,36.35,0.0,0.0,0.0,5.17,0.284,31.19,0.0
8446,34.4,0.0,0.0,0.0,3.22,0.2499,31.19,0.0
8447,34.4,0.0,0.0,0.0,3.22,0.2286,31.19,0.0
8448,34.45,0.01,0.0,0.0,3.25,0.2074,31.19,0.0
8449,34.45,0.01,0.0,0.0,3.25,0.1859,31.19,0.0
8450,34.45,0.01,0.0,0.0,3.25,0.1644,31.19,0.0
8451,34.45,0.01,0.0,0.0,3.25,0.143,31.19,0.0
8452,34.45,0.01,0.0,0.0,3.25,0.1215,31.19,0.0
8453,34.45,0.01,0.0,0.0,3.25,0.1,31.19,0.0
8454,34.45,0.01,0.0,0.0,3.25,0.0786,31.19,0.0
8455,36.4,0.01,0.0,0.0,5.2,0.0571,31.19,0.0
8456,38.27,0.13,3.52,0.0,3.44,0.0227,31.19,0.0
8457,40.0,2.25,28.72,0.0,0.0,0.0,9.03,0.0
8458,41.52,5.98,40.55,0.0,0.0,0.0,0.0,5.01
8459,42.76,10.92,79.4,16.37,0.0,0.0,0.0,31.19
8460,43.68,14.18,89.52,30.92,0.0,0.0976,0.0,29.08
8461,44.25,16.02,88.22,50.0,0.0,0.2819,0.0,9.99
8462,44.45,14.18,77.95,47.68,0.0,0.58,0.0,0.0
8463,44.25,8.2,58.83,22.78,0.0,0.8642,0.0,0.0
8464,43.68,0.75,29.6,0.0,13.34,1.0,0.0,0.0
8465,42.76,0.01,0.95,0.0,41.8,0.9119,0.0,0.0
8466,41.52,0.0,0.0,0.0,10.33,0.6358,31.19,0.0
8467,40.0,0.0,0.0,0.0,35.91,0.5676,4.09,0.0
8468,38.27,0.0,0.0,0.0,7.09,0.3304,31.19,0.0
8469,36.4,0.0,0.0,0.0,5.21,0.2836,31.19,0.0
8470,34.45,0.0,0.0,0.0,3.26,0.2492,31.19,0.0
8471,34.45,0.0,0.0,0.0,3.26,0.2277,31.19,0.0
8472,34.49,0.01,0.0,0.0,3.29,0.2062,31.19,0.0
8473,34.49,0.03,0.0,0.0,3.27,0.1844,31.19,0.0
8474,34.49,0.03,0.0,0.0,3.27,0.1628,31.19,0.0
8475,34.49,0.03,0.0,0.0,3.27,0.1412,31.19,0.0
8476,34.49,0.03,0.0,0.0,3.27,0.1196,31.19,0.0
8477,34.49,0.01,0.0,0.0,3.29,0.098,31.19,0.0
8478,34.49,0.0,0.0,0.0,3.3,0.0762,31.19,0.0
8479,36.44,0.0,0.0,0.0,5.25,0.0544,31.19,0.0
8480,38.31,0.0,4.14,0.0,2.99,0.0197,31.19,0.0
8481,40.04,0.13,36.14,0.0,0.0,0.0,3.78,0.0
8482,41.56,1.77,63.0,0.0,0.0,0.0,0.0,23.22
8483,42.8,7.03,80.28,13.32,0.0,0.0,0.0,31.19
8484,43.73,14.18,88.74,49.05,0.0,0.0794,0.0,10.14
8485,44.3,20.18,88.2,50.0,0.0,0.3718,0.0,14.09
8486,44.49,22.51,79.41,26.25,0.0,0.6698,0.0,31.19
8487,44.3,12.48,60.96,29.14,0.0,0.8263,0.0,0.0
8488,43.73,1.03,32.06,0.0,0.0,1.0,10.64,0.0
8489,42.8,0.0,1.26,0.0,41.54,1.0,0.0,0.0
8490,41.56,0.0,0.0,0.0,41.56,0.7256,0.0,0.0
8491,40.04,0.0,0.0,0.0,8.86,0.4511,31.19,0.0
8492,38.31,0.01,0.0,0.0,7.12,0.3927,31.19,0.0
8493,36.44,0.03,0.0,0.0,16.51,0.3456,19.9,0.0
8494,34.49,0.13,0.0,0.0,3.17,0.2366,31.19,0.0
8495,34.49,0.13,0.0,0.0,3.17,0.2157,31.19,0.0
8496,34.53,0.22,0.0,0.0,3.12,0.1947,31.19,0.0
8497,34.53,0.22,0.0,0.0,3.12,0.1741,31.19,0.0
8498,34.53,0.13,0.0,0.0,3.21,0.1535,31.19,0.0
8499,34.53,0.13,0.0,0.0,3.21,0.1322,31.19,0.0
8500,34.53,0.13,0.0,0.0,3.21,0.111,31.19,0.0
8501,34.53,0.07,0.0,0.0,3.28,0.0898,31.19,0.0
8502,34.53,0.07,0.0,0.0,3.28,0.0681,31.19,0.0
8503,36.48,0.07,0.0,0.0,5.23,0.0465,31.19,0.0
8504,38.36,0.53,4.84,0.0,1.81,0.0119,31.19,0.0
8505,40.09,2.81,42.81,0.0,0.0,0.0,0.0,5.54
8506,41.6,7.03,70.26,4.51,0.0,0.0,0.0,31.19
8507,42.84,14.18,87.11,27.25,0.0,0.0269,0.0,31.19
8508,43.77,25.01,94.2,44.25,0.0,0.1893,0.0,31.19
8509,44.34,27.69,93.29,45.45,0.0,0.4531,0.0,31.19
8510,44.53,20.18,85.78,30.25,0.0,0.7241,0.0,31.19
8511,44.34,5.04,66.54,16.04,0.0,0.9044,0.0,11.2
8512,43.77,0.07,36.62,0.0,7.09,1.0,0.0,0.0
8513,42.84,0.0,1.89,0.0,40.95,0.9532,0.0,0.0
8514,41.6,0.0,0.0,0.0,41.6,0.6827,0.0,0.0
8515,40.09,0.0,0.0,0.0,8.9,0.4079,31.19,0.0
8516,38.36,0.0,0.0,0.0,7.17,0.3492,31.19,0.0
8517,36.48,0.03,0.0,0.0,10.72,0.3018,25.73,0.0
8518,34.53,0.13,0.0,0.0,3.21,0.231,31.19,0.0
8519,34.53,0.13,0.0,0.0,3.21,0.2098,31.19,0.0
8520,34.57,0.22,0.0,0.0,3.16,0.1885,31.19,0.0
8521,34.57,0.13,0.0,0.0,3.26,0.1676,31.19,0.0
8522,34.57,0.13,0.0,0.0,3.26,0.1461,31.19,0.0
8523,34.57,0.13,0.0,0.0,3.26,0.1246,31.19,0.0
8524,34.57,0.07,0.0,0.0,3.32,0.1031,31.19,0.0
8525,34.57,0.03,0.0,0.0,3.36,0.0812,31.19,0.0
8526,34.57,0.03,0.0,0.0,3.36,0.059,31.19,0.0
8527,36.52,0.07,0.0,0.0,5.27,0.0368,31.19,0.0
8528,38.4,2.25,4.66,0.0,0.3,0.002,31.19,0.0
8529,40.13,18.02,40.12,0.0,0.0,0.0,0.0,18.02
8530,41.64,36.82,36.01,0.0,0.0,0.0,0.0,31.19
8531,42.89,36.82,61.36,24.11,0.0,0.0,0.0,31.19
8532,43.81,36.82,88.17,50.0,0.0,0.1437,0.0,31.19
8533,44.38,36.82,86.07,47.33,0.0,0.4418,0.0,31.19
8534,44.57,36.82,73.46,34.52,0.0,0.7239,0.0,31.19
8535,44.38,36.82,50.54,11.8,0.0,0.9297,0.0,31.19
8536,43.81,36.82,21.13,0.0,0.0,1.0,0.0,14.14
8537,42.89,5.04,0.06,0.0,37.78,1.0,0.0,0.0
8538,41.64,0.22,0.0,0.0,41.42,0.7504,0.0,0.0
8539,40.13,0.22,0.0,0.0,8.72,0.4769,31.19,0.0
8540,38.4,0.35,0.0,0.0,6.86,0.4193,31.19,0.0
8541,36.52,0.75,0.0,0.0,4.59,0.374,31.19,0.0
8542,34.57,1.03,0.0,0.0,23.08,0.3437,10.46,0.0
8543,34.57,1.37,0.0,0.0,2.02,0.1912,31.19,0.0
8544,34.61,1.37,0.0,0.0,2.06,0.1779,31.19,0.0
8545,34.61,1.03,0.0,0.0,2.4,0.1642,31.19,0.0
8546,34.61,0.75,0.0,0.0,2.68,0.1484,31.19,0.0
8547,34.61,0.75,0.0,0.0,2.68,0.1307,31.19,0.0
8548,34.61,0.53,0.0,0.0,2.9,0.113,31.19,0.0
8549,34.61,0.35,0.0,0.0,3.08,0.0938,31.19,0.0
8550,34.61,0.22,0.0,0.0,3.21,0.0735,31.19,0.0
8551,36.57,0.22,0.0,0.0,5.16,0.0523,31.19,0.0
8552,38.44,0.75,3.74,0.0,2.76,0.0183,31.19,0.0
8553,40.17,3.46,37.02,0.0,0.0,0.0,0.0,0.31
8554,41.69,7.03,64.08,0.0,0.0,0.0,0.0,29.43
8555,42.93,10.92,80.9,17.7,0.0,0.0,0.0,31.19
8556,43.85,20.18,89.05,34.2,0.0,0.1055,0.0,31.19
8557,44.42,33.6,88.32,46.31,0.0,0.3094,0.0,31.19
8558,44.61,36.82,78.63,39.65,0.0,0.5854,0.0,31.19
8559,44.42,36.82,59.67,29.9,0.0,0.8218,0.0,22.17
8560,43.85,9.5,30.52,0.0,3.84,1.0,0.0,0.0
8561,42.93,1.03,0.97,0.0,40.93,0.9747,0.0,0.0
8562,41.69,0.35,0.0,0.0,41.33,0.7043,0.0,0.0
8563,40.17,0.22,0.0,0.0,8.76,0.4313,31.19,0.0
8564,38.44,0.35,0.0,0.0,23.77,0.3735,14.32,0.0
8565,36.57,0.35,0.0,0.0,5.03,0.2165,31.19,0.0
8566,34.61,0.53,0.0,0.0,2.9,0.1833,31.19,0.0
8567,34.61,0.53,0.0,0.0,2.9,0.1641,31.19,0.0
8568,34.66,0.75,0.0,0.0,2.72,0.1449,31.19,0.0
8569,34.66,0.75,0.0,0.0,2.72,0.1269,31.19,0.0
8570,34.66,0.75,0.0,0.0,2.72,0.109,31.19,0.0
8571,34.66,0.75,0.0,0.0,2.72,0.091,31.19,0.0
8572,34.66,1.03,0.0,0.0,2.44,0.073,31.19,0.0
8573,34.66,1.03,0.0,0.0,2.44,0.0568,31.19,0.0
8574,34.66,1.37,0.0,0.0,2.11,0.0407,31.19,0.0
8575,36.61,1.37,0.0,0.0,4.06,0.0268,31.19,0.0
8576,38.48,3.46,4.9,0.0,0.0,0.0,30.12,0.0
8577,40.21,9.5,41.0,0.0,0.0,0.0,0.0,10.28
8578,41.73,12.48,62.38,1.94,0.0,0.0,0.0,31.19
8579,42.97,22.51,83.69,32.04,0.0,0.0116,0.0,31.19
8580,43.9,36.82,88.26,50.0,0.0,0.2026,0.0,31.19
8581,44.46,36.82,88.83,50.0,0.0,0.5006,0.0,31.19
8582,44.66,27.69,81.94,33.78,0.0,0.7986,0.0,31.19
8583,44.46,9.5,64.46,0.0,0.0,1.0,0.0,29.49
8584,43.9,0.53,36.17,0.0,7.2,1.0,0.0,0.0
8585,42.97,0.0,3.57,0.0,8.22,0.9524,31.19,0.0
8586,41.73,0.0,0.0,0.0,41.73,0.8982,0.0,0.0
8587,40.21,0.0,0.0,0.0,9.03,0.6226,31.19,0.0
8588,38.48,0.0,0.0,0.0,38.48,0.5629,0.0,0.0
8589,36.61,0.0,0.0,0.0,5.42,0.3088,31.19,0.0
8590,34.66,0.01,0.0,0.0,6.78,0.273,27.87,0.0
8591,34.66,0.07,0.0,0.0,3.4,0.2282,31.19,0.0
8592,34.7,0.13,0.0,0.0,3.38,0.2057,31.19,0.0
8593,34.7,0.22,0.0,0.0,3.29,0.1834,31.19,0.0
8594,34.7,0.22,0.0,0.0,3.29,0.1616,31.19,0.0
8595,34.7,0.13,0.0,0.0,3.38,0.1399,31.19,0.0
8596,34.7,0.07,0.0,0.0,3.45,0.1175,31.19,0.0
8597,34.7,0.03,0.0,0.0,3.49,0.0948,31.19,0.0
8598,34.7,0.0,0.0,0.0,3.51,0.0717,31.19,0.0
8599,36.65,0.0,0.0,0.0,5.46,0.0485,31.19,0.0
8600,38.53,0.0,5.46,0.0,1.88,0.0124,31.19,0.0
8601,40.26,0.0,42.18,0.0,0.0,0.0,0.0,1.93
8602,41.77,0.01,68.77,0.0,0.0,0.0,0.0,27.01
8603,43.01,0.35,84.97,17.89,0.0,0.0,0.0,24.42
8604,43.94,1.37,91.84,49.27,0.0,0.1067,0.0,0.0
8605,44.51,0.75,90.23,46.47,0.0,0.4004,0.0,0.0
8606,44.7,0.22,80.37,35.89,0.0,0.6774,0.0,0.0
8607,44.51,0.01,62.73,18.23,0.0,0.8913,0.0,0.0
8608,43.94,0.0,34.74,0.0,9.2,1.0,0.0,0.0
8609,43.01,0.0,3.51,0.0,8.32,0.9392,31.19,0.0
8610,41.77,0.03,0.0,0.0,41.74,0.8843,0.0,0.0
8611,40.26,0.13,0.0,0.0,8.94,0.6086,31.19,0.0
8612,38.53,0.22,0.0,0.0,38.3,0.5496,0.0,0.0
8613,36.65,0.53,0.0,0.0,4.94,0.2966,31.19,0.0
8614,34.7,1.37,0.0,0.0,2.15,0.2639,31.19,0.0
8615,34.7,2.25,0.0,0.0,1.26,0.2498,31.19,0.0
8616,34.74,3.46,0.0,0.0,0.09,0.2414,31.19,0.0
8617,34.74,3.46,0.0,0.0,17.04,0.2408,14.25,0.0
8618,34.74,2.81,0.0,0.0,0.74,0.1283,31.19,0.0
8619,34.74,1.77,0.0,0.0,1.78,0.1234,31.19,0.0
8620,34.74,1.03,0.0,0.0,2.53,0.1116,31.19,0.0
8621,34.74,0.53,0.0,0.0,3.03,0.0949,31.19,0.0
8622,34.74,0.35,0.0,0.0,3.2,0.0749,31.19,0.0
8623,36.69,0.35,0.0,0.0,5.15,0.0537,31.19,0.0
8624,38.57,0.35,4.05,0.0,2.98,0.0197,31.19,0.0
8625,40.3,2.25,39.96,1.91,0.0,0.0,0.0,0.0
8626,41.81,5.04,66.04,0.0,0.0,0.0114,0.0,29.27
8627,43.06,5.04,81.74,17.82,0.0,0.0114,0.0,25.9
8628,43.98,5.04,89.28,50.0,0.0,0.1176,0.0,0.33
8629,44.55,2.81,88.33,46.59,0.0,0.4157,0.0,0.0
8630,44.74,0.75,78.82,34.83,0.0,0.6934,0.0,0.0
8631,44.55,0.0,61.15,16.6,0.0,0.901,0.0,0.0
8632,43.98,0.0,33.48,0.0,0.0,1.0,10.5,0.0
8633,43.06,0.0,2.81,0.0,9.06,1.0,31.19,0.0
8634,41.81,0.0,0.0,0.0,41.81,0.9402,0.0,0.0
8635,40.3,0.0,0.0,0.0,9.11,0.664,31.19,0.0
8636,38.57,0.0,0.0,0.0,7.38,0.6038,31.19,0.0
8637,36.69,0.03,0.0,0.0,36.67,0.5551,0.0,0.0
8638,34.74,0.07,0.0,0.0,9.89,0.3129,24.79,0.0
8639,34.74,0.07,0.0,0.0,3.49,0.2476,31.19,0.0
8640,34.79,0.07,0.0,0.0,3.53,0.2245,31.19,0.0
8641,34.79,0.07,0.0,0.0,3.53,0.2012,31.19,0.0
8642,34.79,0.07,0.0,0.0,3.53,0.1779,31.19,0.0
8643,34.79,0.07,0.0,0.0,3.53,0.1545,31.19,0.0
8644,34.79,0.07,0.0,0.0,3.53,0.1312,31.19,0.0
8645,34.79,0.03,0.0,0.0,3.57,0.1078,31.19,0.0
8646,34.79,0.01,0.0,0.0,3.59,0.0843,31.19,0.0
8647,36.74,0.01,0.0,0.0,5.54,0.0605,31.19,0.0
8648,38.61,0.0,3.8,0.0,3.63,0.024,31.19,0.0
8649,40.34,0.13,37.59,0.0,0.0,0.0,2.62,0.0
8650,41.86,1.77,63.69,1.04,0.0,0.0,0.0,22.56
8651,43.1,5.98,79.72,11.41,0.0,0.0062,0.0,31.19
8652,44.02,10.92,87.88,50.0,0.0,0.0742,0.0,4.78
8653,44.59,10.92,87.36,50.0,0.0,0.3723,0.0,3.69
8654,44.79,5.98,77.9,39.1,0.0,0.6703,0.0,0.0
8655,44.59,0.53,60.28,16.21,0.0,0.9034,0.0,0.0
8656,44.02,0.0,32.4,0.0,0.0,1.0,11.63,0.0
8657,43.1,0.0,2.54,0.0,9.37,1.0,31.19,0.0
8658,41.86,0.0,0.0,0.0,41.86,0.9381,0.0,0.0
8659,40.34,0.0,0.0,0.0,40.34,0.6616,0.0,0.0
8660,38.61,0.0,0.0,0.0,12.94,0.3952,25.67,0.0
8661,36.74,0.0,0.0,0.0,5.55,0.3097,31.19,0.0
8662,34.79,0.0,0.0,0.0,3.6,0.2731,31.19,0.0
8663,34.79,0.07,0.0,0.0,3.53,0.2493,31.19,0.0
8664,34.83,0.22,0.0,0.0,3.42,0.226,31.19,0.0
8665,34.83,0.35,0.0,0.0,3.29,0.2034,31.19,0.0
8666,34.83,0.35,0.0,0.0,3.29,0.1817,31.19,0.0
8667,34.83,0.22,0.0,0.0,3.42,0.1599,31.19,0.0
8668,34.83,0.07,0.0,0.0,3.58,0.1373,31.19,0.0
8669,34.83,0.0,0.0,0.0,3.64,0.1137,31.19,0.0
8670,34.83,0.0,0.0,0.0,3.64,0.0897,31.19,0.0
8671,36.78,0.0,0.0,0.0,5.59,0.0656,31.19,0.0
8672,38.65,0.03,3.1,0.0,4.34,0.0287,31.19,0.0
8673,40.38,1.37,35.79,0.0,0.0,0.0,3.23,0.0
8674,41.9,7.03,63.41,0.0,0.0,0.0,0.0,28.54
8675,43.14,20.18,76.62,22.47,0.0,0.0,0.0,31.19
8676,44.07,36.82,88.11,49.68,0.0,0.134,0.0,31.19
8677,44.64,36.82,77.33,38.33,0.0,0.4301,0.0,31.19
8678,44.83,36.82,64.24,43.07,0.0,0.6586,0.0,13.17
8679,44.64,36.82,41.67,2.67,0.0,0.9153,0.0,31.19
8680,44.07,36.82,18.78,11.54,0.0,0.9312,0.0,0.0
8681,43.14,25.01,0.86,0.0,17.28,1.0,0.0,0.0
8682,41.9,12.48,0.0,0.0,29.42,0.8859,0.0,0.0
8683,40.38,20.18,0.0,0.0,20.2,0.6916,0.0,0.0
8684,38.65,27.69,0.0,0.0,10.97,0.5582,0.0,0.0
8685,36.78,30.55,0.0,0.0,6.23,0.4857,0.0,0.0
8686,34.83,30.55,0.0,0.0,4.28,0.4446,0.0,0.0
8687,34.83,30.55,0.0,0.0,4.28,0.4163,0.0,0.0
8688,34.87,33.6,0.0,0.0,1.27,0.388,0.0,0.0
8689,34.87,30.55,0.0,0.0,4.32,0.3796,0.0,0.0
8690,34.87,30.55,0.0,0.0,4.32,0.3511,0.0,0.0
8691,34.87,27.69,0.0,0.0,7.18,0.3225,0.0,0.0
8692,34.87,22.51,0.0,0.0,12.36,0.2751,0.0,0.0
8693,34.87,16.02,0.0,0.0,0.82,0.1934,18.03,0.0
8694,34.87,8.2,0.0,0.0,26.67,0.1881,0.0,0.0
8695,36.82,5.04,0.0,0.0,0.6,0.0119,31.19,0.0
8696,38.7,2.25,4.05,0.0,1.21,0.008,31.19,0.0
8697,40.43,1.37,41.74,0.0,0.0,0.0,0.0,2.68
8698,41.94,1.37,70.1,0.0,0.0,0.0,0.0,29.52
8699,43.19,3.46,87.8,16.89,0.0,0.0,0.0,31.19
8700,44.11,8.2,91.22,46.68,0.0,0.1007,0.0,8.63
8701,44.68,18.02,80.97,23.12,0.0,0.379,0.0,31.19
8702,44.87,36.82,71.91,32.68,0.0,0.5168,0.0,31.19
8703,44.68,36.82,40.92,33.06,0.0,0.7116,0.0,0.0
8704,44.11,36.82,22.61,15.32,0.0,0.9087,0.0,0.0
8705,43.19,25.01,3.39,0.0,14.79,1.0,0.0,0.0
8706,41.94,5.98,0.0,0.0,4.77,0.9023,31.19,0.0
8707,40.43,0.13,0.0,0.0,9.11,0.8708,31.19,0.0
8708,38.7,0.0,0.0,0.0,38.7,0.8106,0.0,0.0
8709,36.82,0.0,0.0,0.0,5.64,0.555,31.19,0.0
8710,34.87,0.0,0.0,0.0,7.63,0.5178,27.24,0.0
8711,34.87,0.0,0.0,0.0,3.68,0.4674,31.19,0.0
8712,34.91,0.0,0.0,0.0,3.73,0.4431,31.19,0.0
8713,34.91,0.0,0.0,0.0,3.73,0.4185,31.19,0.0
8714,34.91,0.0,0.0,0.0,3.73,0.3938,31.19,0.0
8715,34.91,0.0,0.0,0.0,3.73,0.3692,31.19,0.0
8716,34.91,0.0,0.0,0.0,3.73,0.3446,31.19,0.0
8717,34.91,0.0,0.0,0.0,3.73,0.32,31.19,0.0
8718,34.91,0.0,0.0,0.0,34.91,0.2954,0.0,0.0
8719,36.86,0.0,0.0,0.0,5.68,0.0648,31.19,0.0
8720,38.74,0.0,3.43,0.0,4.13,0.0273,31.19,0.0
8721,40.47,0.13,39.73,0.0,0.0,0.0,0.61,0.0
8722,41.99,0.13,73.47,0.42,0.0,0.0,0.0,31.19
8723,43.23,0.03,90.36,15.98,0.0,0.0025,0.0,31.19
8724,44.15,0.01,98.4,31.31,0.0,0.0978,0.0,22.95
8725,44.72,0.0,97.6,50.0,0.0,0.2844,0.0,2.88
8726,44.91,0.0,88.43,43.51,0.0,0.5824,0.0,0.0
8727,44.72,0.0,71.26,26.54,0.0,0.8418,0.0,0.0
8728,44.15,0.0,41.07,0.0,3.08,1.0,0.0,0.0
8729,43.23,0.0,6.13,0.0,37.1,0.9797,0.0,0.0
8730,41.99,0.0,0.0,0.0,41.99,0.7346,0.0,0.0
8731,40.47,0.0,0.0,0.0,13.24,0.4573,27.22,0.0
8732,38.74,0.0,0.0,0.0,7.55,0.3698,31.19,0.0
8733,36.86,0.0,0.0,0.0,5.68,0.32,31.19,0.0
8734,34.91,0.0,0.0,0.0,3.73,0.2824,31.19,0.0
8735,34.91,0.0,0.0,0.0,3.73,0.2578,31.19,0.0
8736,34.96,0.0,0.0,0.0,3.77,0.2332,31.19,0.0
8737,34.96,0.0,0.0,0.0,3.77,0.2083,31.19,0.0
8738,34.96,0.01,0.0,0.0,3.76,0.1834,31.19,0.0
8739,34.96,0.01,0.0,0.0,3.76,0.1586,31.19,0.0
8740,34.96,0.01,0.0,0.0,3.76,0.1337,31.19,0.0
8741,34.96,0.0,0.0,0.0,3.77,0.1089,31.19,0.0
8742,34.96,0.0,0.0,0.0,3.77,0.084,31.19,0.0
8743,36.91,0.0,0.0,0.0,5.72,0.0591,31.19,0.0
8744,38.78,0.13,4.25,0.0,3.22,0.0213,31.19,0.0
8745,40.51,1.77,42.11,0.0,0.0,0.0,0.0,3.37
8746,42.03,8.2,67.43,2.42,0.0,0.0,0.0,31.19
8747,43.27,25.01,84.5,35.05,0.0,0.0144,0.0,31.19
8748,44.2,36.82,83.31,44.75,0.0,0.2233,0.0,31.19
8749,44.76,36.82,69.04,29.91,0.0,0.4901,0.0,31.19
8750,44.96,36.82,61.61,22.29,0.0,0.6684,0.0,31.19
8751,44.76,36.82,67.95,28.83,0.0,0.8013,0.0,31.19
8752,44.2,16.02,37.73,4.51,0.0,0.9731,0.0,5.04
8753,43.27,1.37,3.89,0.0,38.02,1.0,0.0,0.0
8754,42.03,0.75,0.0,0.0,37.59,0.7489,3.69,0.0
8755,40.51,1.37,0.0,0.0,39.15,0.5006,0.0,0.0
8756,38.78,2.81,0.0,0.0,35.97,0.2421,0.0,0.0
8757,36.91,5.04,0.0,0.0,0.68,0.0045,31.19,0.0
8758,34.96,5.98,0.0,0.0,0.0,0.0,28.98,0.0
8759,34.96,7.03,0.0,0.0,0.0,0.0,27.92,0.0
