Hour,Load,P_WT,P_PV,P_ST_Charge,P_ST_Discharge,SOC,P_Grid_Buy,P_Grid_Sell
0,35.0,18.63,0.0,0.0,16.37,0.5,0.0,0.0
1,35.0,15.86,0.0,0.0,0.0,0.3262,19.14,0.0
2,35.0,18.7,0.0,0.0,5.91,0.3262,10.39,0.0
3,35.0,21.67,0.0,16.67,0.0,0.2635,30.0,0.0
4,35.0,13.53,0.0,8.53,0.0,0.4233,30.0,0.0
5,35.0,12.53,0.0,7.53,0.0,0.505,30.0,0.0
6,35.0,18.97,0.0,13.97,0.0,0.5772,30.0,0.0
7,36.95,14.54,12.13,19.72,0.0,0.7111,30.0,0.0
8,38.83,8.41,27.62,0.0,32.79,0.9,0.0,30.0
9,40.56,11.75,40.49,0.0,18.31,0.5518,0.0,30.0
10,42.07,6.92,50.28,0.0,11.78,0.3574,0.0,26.91
11,43.31,6.5,54.35,0.0,12.46,0.2323,0.0,30.0
12,44.24,9.29,57.84,22.89,0.0,0.1,0.0,0.0
13,44.81,0.5,57.68,13.37,0.0,0.3194,0.0,0.0
14,45.0,1.69,50.0,25.06,0.0,0.4475,18.36,0.0
15,44.81,7.17,38.77,1.14,0.0,0.6876,0.0,0.0
16,44.24,6.16,29.1,21.03,0.0,0.6985,30.0,0.0
17,43.31,12.66,14.66,0.0,45.99,0.9,0.0,30.0
18,42.07,8.67,0.0,0.0,3.4,0.4117,30.0,0.0
19,40.56,7.65,0.0,0.0,25.96,0.3756,6.95,0.0
20,38.83,20.57,0.0,11.75,0.0,0.1,30.0,0.0
21,36.95,14.42,0.0,0.0,10.6,0.2126,11.92,0.0
22,35.0,16.3,0.0,3.49,0.0,0.1,22.19,0.0
23,35.0,10.53,0.0,5.53,0.0,0.1334,30.0,0.0
24,35.04,14.32,0.0,0.0,0.0,0.1864,20.73,0.0
25,35.04,16.89,0.0,11.85,0.0,0.1864,30.0,0.0
26,35.04,11.25,0.0,6.21,0.0,0.2999,30.0,0.0
27,35.04,16.92,0.0,11.87,0.0,0.3594,30.0,0.0
28,35.04,12.01,0.0,6.97,0.0,0.4731,30.0,0.0
29,35.04,12.29,0.0,7.25,0.0,0.5399,30.0,0.0
30,35.04,9.94,0.0,4.89,0.0,0.6094,30.0,0.0
31,36.99,19.03,13.4,25.44,0.0,0.6563,30.0,0.0
32,38.87,10.3,27.9,0.0,30.66,0.9,0.0,30.0
33,40.6,5.12,40.04,0.0,25.44,0.5744,0.0,30.0
34,42.11,12.25,49.92,0.0,9.94,0.3043,0.0,30.0
35,43.36,3.37,56.49,0.0,9.3,0.1988,0.0,25.81
36,44.28,9.15,57.97,22.84,0.0,0.1,0.0,0.0
37,44.85,0.31,53.6,9.06,0.0,0.3189,0.0,0.0
38,45.04,3.34,47.35,5.64,0.0,0.4057,0.0,0.0
39,44.85,10.32,40.0,35.46,0.0,0.4598,30.0,0.0
40,44.28,13.42,26.94,0.0,0.0,0.7995,3.92,0.0
41,43.36,12.07,14.98,10.48,0.0,0.7995,26.8,0.0
42,42.11,11.95,0.0,0.0,0.16,0.9,30.0,0.0
43,40.6,12.25,0.0,0.0,50.0,0.8983,0.0,21.66
44,38.87,8.38,0.0,0.0,0.49,0.3674,30.0,0.0
45,36.99,12.38,0.0,5.38,0.0,0.3622,30.0,0.0
46,35.04,14.11,0.0,9.07,0.0,0.4137,30.0,0.0
47,35.04,20.81,0.0,15.77,0.0,0.5006,30.0,0.0
48,35.09,18.0,0.0,0.0,17.09,0.6517,0.0,0.0
49,35.09,9.13,0.0,0.0,25.96,0.4703,0.0,0.0
50,35.09,17.36,0.0,12.27,0.0,0.1946,30.0,0.0
51,35.09,13.76,0.0,8.68,0.0,0.3122,30.0,0.0
52,35.09,11.69,0.0,6.61,0.0,0.3954,30.0,0.0
53,35.09,16.03,0.0,10.95,0.0,0.4587,30.0,0.0
54,35.09,16.7,0.0,11.61,0.0,0.5636,30.0,0.0
55,37.04,15.21,14.06,22.24,0.0,0.6749,30.0,0.0
56,38.91,6.88,28.01,0.0,34.02,0.8879,0.0,30.0
57,40.64,8.22,39.16,0.0,23.27,0.5267,0.0,30.0
58,42.16,10.21,47.75,0.0,11.57,0.2797,0.0,27.38
59,43.4,12.47,55.58,0.0,5.35,0.1568,0.0,30.0
60,44.32,6.3,56.84,18.81,0.0,0.1,0.0,0.0
61,44.89,7.66,55.2,17.97,0.0,0.2803,0.0,0.0
62,45.09,4.26,49.0,8.17,0.0,0.4524,0.0,0.0
63,44.89,4.54,39.19,13.25,0.0,0.5307,14.41,0.0
64,44.32,13.72,25.9,25.29,0.0,0.6576,30.0,0.0
65,43.4,16.97,15.16,0.0,41.27,0.9,0.0,30.0
66,42.16,12.13,0.0,0.0,0.03,0.4619,30.0,0.0
67,40.64,17.66,0.0,0.0,34.06,0.4616,0.0,11.07
68,38.91,16.0,0.0,7.09,0.0,0.1,30.0,0.0
69,37.04,12.68,0.0,0.0,0.0,0.1679,24.35,0.0
70,35.09,17.51,0.0,0.0,0.0,0.1679,17.57,0.0
71,35.09,22.8,0.0,17.72,0.0,0.1679,30.0,0.0
72,35.13,16.42,0.0,11.29,0.0,0.3376,30.0,0.0
73,35.13,22.91,0.0,0.0,0.0,0.4458,12.22,0.0
74,35.13,5.16,0.0,0.0,0.0,0.4458,29.97,0.0
75,35.13,18.76,0.0,0.0,0.0,0.4458,16.37,0.0
76,35.13,14.86,0.0,0.0,0.0,0.4458,20.27,0.0
77,35.13,12.26,0.0,0.0,0.0,0.4458,22.87,0.0
78,35.13,12.8,0.0,0.0,0.0,0.4458,22.32,0.0
79,37.08,3.12,12.14,0.0,0.0,0.4458,21.83,0.0
80,38.96,9.44,28.54,0.0,0.0,0.4458,0.97,0.0
81,40.68,10.97,39.16,0.0,20.55,0.4458,0.0,30.0
82,42.2,14.96,49.42,22.18,0.0,0.2277,0.0,0.0
83,43.44,6.28,56.26,0.0,10.91,0.4402,0.0,30.0
84,44.37,4.93,55.65,16.21,0.0,0.3244,0.0,0.0
85,44.94,6.34,54.01,15.42,0.0,0.4797,0.0,0.0
86,45.13,12.63,50.4,17.9,0.0,0.6274,0.0,0.0
87,44.94,10.86,42.38,8.3,0.0,0.7989,0.0,0.0
88,44.37,8.16,28.61,2.24,0.0,0.8785,9.85,0.0
89,43.44,13.48,13.61,0.0,0.0,0.9,16.35,0.0
90,42.2,12.83,0.0,0.0,0.0,0.9,29.37,0.0
91,40.68,17.51,0.0,0.0,50.0,0.9,0.0,26.83
92,38.96,11.59,0.0,0.0,25.35,0.3692,2.02,0.0
93,37.08,14.0,0.0,6.92,0.0,0.1,30.0,0.0
94,35.13,14.39,0.0,0.0,0.0,0.1663,20.74,0.0
95,35.13,10.36,0.0,0.0,6.24,0.1663,18.52,0.0
96,35.17,17.79,0.0,12.62,0.0,0.1,30.0,0.0
97,35.17,17.5,0.0,0.0,0.0,0.2209,17.67,0.0
98,35.17,16.03,0.0,10.86,0.0,0.2209,30.0,0.0
99,35.17,14.38,0.0,9.21,0.0,0.3249,30.0,0.0
100,35.17,8.63,0.0,3.46,0.0,0.4132,30.0,0.0
101,35.17,11.75,0.0,6.58,0.0,0.4463,30.0,0.0
102,35.17,11.0,0.0,5.83,0.0,0.5093,30.0,0.0
103,37.12,8.02,14.96,15.87,0.0,0.5651,30.0,0.0
104,39.0,9.68,28.57,0.0,30.75,0.7172,0.0,30.0
105,40.73,11.16,39.37,0.0,20.19,0.3907,0.0,30.0
106,42.24,16.65,48.04,22.45,0.0,0.1763,0.0,0.0
107,43.49,9.14,55.53,0.0,8.82,0.3914,0.0,30.0
108,44.41,9.34,56.09,21.02,0.0,0.2978,0.0,0.0
109,44.98,8.11,56.36,19.49,0.0,0.4992,0.0,0.0
110,45.17,0.88,50.68,6.38,0.0,0.686,0.0,0.0
111,44.98,9.38,40.9,5.3,0.0,0.7471,0.0,0.0
112,44.41,10.6,29.32,10.65,0.0,0.7979,15.15,0.0
113,43.49,21.55,11.49,0.0,25.35,0.9,0.0,14.91
114,42.24,11.62,0.0,0.0,50.0,0.6308,0.0,19.38
115,40.73,14.74,0.0,4.01,0.0,0.1,30.0,0.0
116,39.0,14.35,0.0,5.35,0.0,0.1385,30.0,0.0
117,37.12,10.51,0.0,0.0,0.0,0.1897,26.61,0.0
118,35.17,20.74,0.0,0.0,0.0,0.1897,14.43,0.0
119,35.17,19.54,0.0,0.0,0.0,0.1897,15.63,0.0
120,35.21,19.84,0.0,0.0,0.0,0.1897,15.38,0.0
121,35.21,12.65,0.0,0.0,0.0,0.1897,22.57,0.0
122,35.21,21.82,0.0,16.6,0.0,0.1897,30.0,0.0
123,35.21,9.54,0.0,0.0,10.99,0.3488,14.69,0.0
124,35.21,16.92,0.0,11.7,0.0,0.2321,30.0,0.0
125,35.21,22.56,0.0,17.35,0.0,0.3442,30.0,0.0
126,35.21,8.31,0.0,3.1,0.0,0.5105,30.0,0.0
127,37.17,9.0,12.83,14.66,0.0,0.5401,30.0,0.0
128,39.04,10.76,26.2,0.0,32.08,0.6806,0.0,30.0
129,40.77,7.4,40.77,0.0,22.61,0.34,0.0,30.0
130,42.29,2.4,48.7,8.81,0.0,0.1,0.0,0.0
131,43.53,8.7,57.56,0.0,7.27,0.1844,0.0,30.0
132,44.45,3.87,57.44,16.85,0.0,0.1073,0.0,0.0
133,45.02,10.38,54.06,19.41,0.0,0.2688,0.0,0.0
134,45.21,5.02,47.44,7.24,0.0,0.4548,0.0,0.0
135,45.02,15.91,42.33,18.5,0.0,0.5242,5.28,0.0
136,44.45,7.1,28.08,20.73,0.0,0.7014,30.0,0.0
137,43.53,10.01,14.62,0.0,46.47,0.9,0.0,27.57
138,42.29,15.79,0.0,0.0,26.5,0.4067,0.0,0.0
139,40.77,8.39,0.0,0.0,2.38,0.1253,30.0,0.0
140,39.04,15.43,0.0,6.39,0.0,0.1,30.0,0.0
141,37.17,20.76,0.0,13.6,0.0,0.1612,30.0,0.0
142,35.21,9.34,0.0,4.13,0.0,0.2915,30.0,0.0
143,35.21,17.18,0.0,0.0,0.0,0.331,18.03,0.0
144,35.26,17.63,0.0,12.37,0.0,0.331,30.0,0.0
145,35.26,19.65,0.0,14.39,0.0,0.4496,30.0,0.0
146,35.26,10.87,0.0,5.61,0.0,0.5875,30.0,0.0
147,35.26,9.87,0.0,4.61,0.0,0.6412,30.0,0.0
148,35.26,16.64,0.0,11.38,0.0,0.6854,30.0,0.0
149,35.26,14.71,0.0,2.82,0.0,0.7945,23.37,0.0
150,35.26,13.45,0.0,8.19,0.0,0.8215,30.0,0.0
151,37.21,12.77,11.78,0.0,0.0,0.9,12.66,0.0
152,39.08,7.52,28.84,0.0,32.73,0.9,0.0,30.0
153,40.81,10.44,41.27,0.0,19.1,0.5525,0.0,30.0
154,42.33,10.03,49.11,0.0,13.19,0.3497,0.0,30.0
155,43.57,5.45,57.91,0.0,10.22,0.2097,0.0,30.0
156,44.5,16.0,57.22,28.72,0.0,0.1012,0.0,0.0
157,45.07,10.37,54.05,19.35,0.0,0.3763,0.0,0.0
158,45.26,3.88,48.95,7.58,0.0,0.5618,0.0,0.0
159,45.07,12.2,40.61,27.72,0.0,0.6344,19.98,0.0
160,44.5,6.3,28.08,0.0,0.0,0.9,10.12,0.0
161,43.57,14.6,11.86,0.0,0.0,0.9,17.11,0.0
162,42.33,17.21,0.0,0.0,50.0,0.9,0.0,24.88
163,40.81,10.08,0.0,0.0,25.35,0.3692,5.38,0.0
164,39.08,18.47,0.0,0.0,0.0,0.1,20.61,0.0
165,37.21,17.05,0.0,9.84,0.0,0.1,30.0,0.0
166,35.26,19.4,0.0,14.14,0.0,0.1943,30.0,0.0
167,35.26,24.27,0.0,0.0,0.0,0.3298,10.99,0.0
168,35.3,15.53,0.0,0.0,19.77,0.3298,0.0,0.0
169,35.3,13.28,0.0,3.91,0.0,0.1199,25.93,0.0
170,35.3,12.3,0.0,7.0,0.0,0.1574,30.0,0.0
171,35.3,11.95,0.0,0.0,0.0,0.2245,23.35,0.0
172,35.3,14.15,0.0,8.85,0.0,0.2245,30.0,0.0
173,35.3,14.89,0.0,9.59,0.0,0.3093,30.0,0.0
174,35.3,13.55,0.0,8.25,0.0,0.4011,30.0,0.0
175,37.25,14.76,15.05,22.56,0.0,0.4801,30.0,0.0
176,39.13,10.38,29.91,0.0,28.84,0.6963,0.0,30.0
177,40.86,15.49,42.18,0.0,13.18,0.3901,0.0,30.0
178,42.37,7.72,50.52,0.0,14.14,0.2501,0.0,30.0
179,43.62,19.67,56.45,2.5,0.0,0.1,0.0,30.0
180,44.54,10.85,57.83,24.14,0.0,0.124,0.0,0.0
181,45.11,4.85,57.95,17.69,0.0,0.3553,0.0,0.0
182,45.3,4.37,51.5,10.58,0.0,0.5248,0.0,0.0
183,45.11,11.47,38.83,5.73,0.0,0.6261,0.54,0.0
184,44.54,9.4,27.99,22.85,0.0,0.6811,30.0,0.0
185,43.62,14.29,11.67,0.0,47.65,0.9,0.0,30.0
186,42.37,14.36,0.0,0.0,27.7,0.3941,0.31,0.0
187,40.86,13.17,0.0,0.0,0.0,0.1,27.69,0.0
188,39.13,10.96,0.0,0.0,0.0,0.1,28.16,0.0
189,37.25,9.05,0.0,0.0,0.0,0.1,28.2,0.0
190,35.3,14.14,0.0,0.0,0.0,0.1,21.16,0.0
191,35.3,19.95,0.0,0.0,0.0,0.1,15.35,0.0
192,35.34,17.42,0.0,12.08,0.0,0.1,30.0,0.0
193,35.34,11.23,0.0,5.89,0.0,0.2157,30.0,0.0
194,35.34,16.7,0.0,11.35,0.0,0.2722,30.0,0.0
195,35.34,16.92,0.0,11.57,0.0,0.3809,30.0,0.0
196,35.34,10.8,0.0,5.46,0.0,0.4918,30.0,0.0
197,35.34,14.1,0.0,8.76,0.0,0.5441,30.0,0.0
198,35.34,12.63,0.0,7.29,0.0,0.628,30.0,0.0
199,37.29,6.58,15.11,14.4,0.0,0.6979,30.0,0.0
200,39.17,11.8,27.67,0.0,29.7,0.8359,0.0,30.0
201,40.9,11.78,42.61,0.0,16.5,0.5206,0.0,30.0
202,42.41,13.29,49.35,0.0,9.78,0.3454,0.0,30.0
203,43.66,12.76,53.71,0.0,7.19,0.2416,0.0,30.0
204,44.58,2.54,56.91,14.87,0.0,0.1653,0.0,0.0
205,45.15,4.5,55.81,15.16,0.0,0.3077,0.0,0.0
206,45.34,10.94,52.09,17.68,0.0,0.453,0.0,0.0
207,45.15,11.59,39.47,28.97,0.0,0.6224,23.07,0.0
208,44.58,12.45,27.08,0.0,0.0,0.9,5.05,0.0
209,43.66,27.28,15.47,0.0,25.35,0.9,0.0,24.45
210,42.41,14.76,0.0,0.0,50.0,0.6308,0.0,22.34
211,40.9,18.17,0.0,0.15,0.0,0.1,22.88,0.0
212,39.17,18.42,0.0,9.25,0.0,0.1015,30.0,0.0
213,37.29,18.02,0.0,0.0,0.0,0.19,19.27,0.0
214,35.34,14.67,0.0,0.0,0.0,0.19,20.67,0.0
215,35.34,19.54,0.0,0.0,0.0,0.19,15.81,0.0
216,35.39,13.32,0.0,7.94,0.0,0.19,30.0,0.0
217,35.39,15.4,0.0,10.02,0.0,0.2661,30.0,0.0
218,35.39,13.96,0.0,8.57,0.0,0.3621,30.0,0.0
219,35.39,15.65,0.0,10.26,0.0,0.4442,30.0,0.0
220,35.39,24.04,0.0,18.66,0.0,0.5425,30.0,0.0
221,35.39,5.72,0.0,0.33,0.0,0.7213,30.0,0.0
222,35.39,15.22,0.0,9.84,0.0,0.7245,30.0,0.0
223,37.34,4.63,11.19,8.48,0.0,0.8187,30.0,0.0
224,39.21,8.35,25.86,0.0,35.0,0.9,0.0,30.0
225,40.94,13.96,42.57,0.0,13.83,0.5284,0.0,29.43
226,42.46,9.06,50.39,0.0,13.01,0.3815,0.0,30.0
227,43.7,3.91,56.28,0.0,13.51,0.2434,0.0,30.0
228,44.62,5.27,59.29,19.94,0.0,0.1,0.0,0.0
229,45.19,11.19,58.54,24.54,0.0,0.291,0.0,0.0
230,45.39,5.77,51.49,11.87,0.0,0.5262,0.0,0.0
231,45.19,10.35,42.55,7.7,0.0,0.6399,0.0,0.0
232,44.62,10.5,29.24,19.44,0.0,0.7138,24.32,0.0
233,43.7,8.61,11.73,0.0,22.2,0.9,1.16,0.0
234,42.46,21.26,0.0,0.0,50.0,0.6643,0.0,28.81
235,40.94,16.08,0.0,0.0,0.0,0.1335,24.86,0.0
236,39.21,6.06,0.0,0.0,3.15,0.1335,30.0,0.0
237,37.34,16.08,0.0,8.75,0.0,0.1,30.0,0.0
238,35.39,13.23,0.0,7.84,0.0,0.1838,30.0,0.0
239,35.39,19.91,0.0,1.07,0.0,0.2589,16.54,0.0
240,35.43,13.23,0.0,0.0,0.0,0.2692,22.2,0.0
241,35.43,15.9,0.0,10.47,0.0,0.2692,30.0,0.0
242,35.43,18.05,0.0,12.62,0.0,0.3695,30.0,0.0
243,35.43,18.89,0.0,13.46,0.0,0.4905,30.0,0.0
244,35.43,9.47,0.0,4.04,0.0,0.6194,30.0,0.0
245,35.43,12.06,0.0,6.63,0.0,0.6581,30.0,0.0
246,35.43,10.4,0.0,4.97,0.0,0.7216,30.0,0.0
247,37.38,8.59,14.08,0.0,0.0,0.7693,14.71,0.0
248,39.26,17.61,26.51,0.0,25.13,0.7693,0.0,30.0
249,40.98,11.12,39.14,0.0,20.73,0.5024,0.0,30.0
250,42.5,3.56,51.76,0.0,17.18,0.2824,0.0,30.0
251,43.74,12.17,56.69,25.11,0.0,0.1,0.0,0.0
252,44.67,17.02,57.41,29.76,0.0,0.3406,0.0,0.0
253,45.24,12.64,56.85,24.26,0.0,0.6258,0.0,0.0
254,45.43,2.49,51.85,4.36,0.0,0.8582,0.0,4.55
255,45.24,7.43,38.3,0.0,0.0,0.9,0.0,0.5
256,44.67,15.55,27.25,0.0,0.0,0.9,1.87,0.0
257,43.74,8.36,11.48,0.0,47.06,0.9,0.0,23.16
258,42.5,14.21,0.0,0.0,28.29,0.4004,0.0,0.0
259,40.98,16.65,0.0,5.67,0.0,0.1,30.0,0.0
260,39.26,10.6,0.0,0.0,0.0,0.1543,28.65,0.0
261,37.38,15.05,0.0,0.0,0.0,0.1543,22.33,0.0
262,35.43,2.53,0.0,0.0,5.11,0.1543,27.79,0.0
263,35.43,12.13,0.0,0.0,0.0,0.1,23.3,0.0
264,35.47,15.45,0.0,9.98,0.0,0.1,30.0,0.0
265,35.47,11.19,0.0,5.72,0.0,0.1957,30.0,0.0
266,35.47,22.71,0.0,17.24,0.0,0.2504,30.0,0.0
267,35.47,9.36,0.0,3.89,0.0,0.4156,30.0,0.0
268,35.47,12.6,0.0,7.13,0.0,0.4529,30.0,0.0
269,35.47,13.97,0.0,8.5,0.0,0.5212,30.0,0.0
270,35.47,18.33,0.0,12.86,0.0,0.6027,30.0,0.0
271,37.42,5.33,14.01,10.39,0.0,0.7259,28.47,0.0
272,39.3,15.1,30.52,0.0,23.68,0.8254,0.0,30.0
273,41.03,9.47,41.38,0.0,20.18,0.5741,0.0,30.0
274,42.54,4.7,50.25,0.0,17.59,0.3599,0.0,30.0
275,43.79,10.27,58.21,0.0,5.31,0.1731,0.0,30.0
276,44.71,9.04,58.12,22.45,0.0,0.1167,0.0,0.0
277,45.28,5.87,57.55,18.14,0.0,0.3319,0.0,0.0
278,45.47,9.06,49.77,13.35,0.0,0.5057,0.0,0.0
279,45.28,7.83,43.07,5.62,0.0,0.6336,0.0,0.0
280,44.71,10.75,26.13,22.18,0.0,0.6875,30.0,0.0
281,43.79,14.03,15.73,0.0,44.03,0.9,0.0,30.0
282,42.54,18.93,0.0,0.0,28.6,0.4326,0.0,4.99
283,41.03,8.3,0.0,0.0,2.73,0.1289,30.0,0.0
284,39.3,23.27,0.0,13.97,0.0,0.1,30.0,0.0
285,37.42,7.2,0.0,0.0,12.61,0.2338,17.62,0.0
286,35.47,15.32,0.0,9.85,0.0,0.1,30.0,0.0
287,35.47,18.8,0.0,0.0,0.0,0.1943,16.67,0.0
288,35.51,17.65,0.0,0.0,0.0,0.1943,17.86,0.0
289,35.51,13.76,0.0,8.25,0.0,0.1943,30.0,0.0
290,35.51,15.07,0.0,9.56,0.0,0.2734,30.0,0.0
291,35.51,13.23,0.0,7.72,0.0,0.365,30.0,0.0
292,35.51,11.97,0.0,6.46,0.0,0.4389,30.0,0.0
293,35.51,16.93,0.0,11.42,0.0,0.5008,30.0,0.0
294,35.51,13.82,0.0,8.31,0.0,0.6102,30.0,0.0
295,37.46,8.4,11.17,12.11,0.0,0.6898,30.0,0.0
296,39.34,14.0,26.47,0.0,28.87,0.8059,0.0,30.0
297,41.07,10.69,39.09,0.0,21.3,0.4993,0.0,30.0
298,42.58,12.12,52.4,0.0,8.06,0.2732,0.0,30.0
299,43.83,10.95,56.17,0.0,6.71,0.1877,0.0,30.0
300,44.75,4.76,61.14,21.15,0.0,0.1165,0.0,0.0
301,45.32,6.02,55.55,16.25,0.0,0.3192,0.0,0.0
302,45.51,11.85,52.98,34.88,0.0,0.4749,15.56,0.0
303,45.32,11.94,42.87,9.49,0.0,0.8091,0.0,0.0
304,44.75,10.18,29.49,0.0,0.0,0.9,5.08,0.0
305,43.83,11.76,11.5,0.0,0.0,0.9,20.58,0.0
306,42.58,17.64,0.0,0.0,50.0,0.9,0.0,25.05
307,41.07,10.96,0.0,0.0,25.35,0.3692,4.75,0.0
308,39.34,16.68,0.0,0.0,0.0,0.1,22.66,0.0
309,37.46,14.43,0.0,0.0,0.0,0.1,23.03,0.0
310,35.51,15.03,0.0,0.0,0.0,0.1,20.48,0.0
311,35.51,20.9,0.0,6.82,0.0,0.1,21.43,0.0
312,35.55,19.89,0.0,14.34,0.0,0.1653,30.0,0.0
313,35.55,19.7,0.0,0.0,15.85,0.3027,0.0,0.0
314,35.55,21.32,0.0,15.77,0.0,0.1344,30.0,0.0
315,35.55,15.34,0.0,9.79,0.0,0.2855,30.0,0.0
316,35.55,17.22,0.0,11.67,0.0,0.3793,30.0,0.0
317,35.55,12.11,0.0,6.56,0.0,0.4911,30.0,0.0
318,35.55,13.67,0.0,8.12,0.0,0.5539,30.0,0.0
319,37.51,10.72,13.39,16.6,0.0,0.6317,30.0,0.0
320,39.38,10.66,30.66,0.0,28.06,0.7908,0.0,30.0
321,41.11,11.86,41.0,0.0,18.25,0.4928,0.0,30.0
322,42.63,5.35,48.53,0.0,18.75,0.2991,0.0,30.0
323,43.87,16.99,58.28,1.41,0.0,0.1,0.0,30.0
324,44.79,4.02,61.1,20.32,0.0,0.1135,0.0,0.0
325,45.36,3.29,57.25,15.18,0.0,0.3082,0.0,0.0
326,45.55,13.54,51.29,19.27,0.0,0.4536,0.0,0.0
327,45.36,12.68,39.13,6.44,0.0,0.6383,0.0,0.0
328,44.79,12.84,30.55,20.87,0.0,0.7,22.28,0.0
329,43.87,13.86,11.31,0.0,48.7,0.9,0.0,30.0
330,42.63,12.28,0.0,0.0,25.22,0.3829,5.13,0.0
331,41.11,9.68,0.0,0.0,1.43,0.1152,30.0,0.0
332,39.38,14.71,0.0,0.0,0.0,0.1,24.67,0.0
333,37.51,12.45,0.0,0.0,0.0,0.1,25.05,0.0
334,35.55,19.96,0.0,0.93,0.0,0.1,16.53,0.0
335,35.55,15.72,0.0,10.17,0.0,0.1089,30.0,0.0
336,35.6,13.03,0.0,7.44,0.0,0.2063,30.0,0.0
337,35.6,14.98,0.0,9.38,0.0,0.2776,30.0,0.0
338,35.6,17.61,0.0,12.01,0.0,0.3675,30.0,0.0
339,35.6,12.9,0.0,7.31,0.0,0.4826,30.0,0.0
340,35.6,10.98,0.0,5.38,0.0,0.5526,30.0,0.0
341,35.6,14.39,0.0,8.8,0.0,0.6041,30.0,0.0
342,35.6,13.33,0.0,7.73,0.0,0.6884,30.0,0.0
343,37.55,9.14,12.76,14.35,0.0,0.7625,30.0,0.0
344,39.42,8.29,29.39,0.0,31.75,0.9,0.0,30.0
345,41.15,10.34,42.46,0.0,18.35,0.5629,0.0,30.0
346,42.67,2.72,51.59,0.0,18.36,0.3681,0.0,30.0
347,43.91,2.48,57.78,0.0,6.9,0.1733,0.0,23.24
348,44.84,5.19,57.11,17.47,0.0,0.1,0.0,0.0
349,45.4,7.42,55.32,17.34,0.0,0.2674,0.0,0.0
350,45.6,10.01,49.73,14.15,0.0,0.4335,0.0,0.0
351,45.4,15.49,38.72,8.81,0.0,0.5691,0.0,0.0
352,44.84,13.79,28.65,25.73,0.0,0.6535,28.12,0.0
353,43.91,10.58,14.7,0.0,0.0,0.9,18.64,0.0
354,42.67,12.23,0.0,0.0,50.0,0.9,0.0,19.56
355,41.15,9.23,0.0,0.0,25.35,0.3692,6.57,0.0
356,39.42,14.31,0.0,4.88,0.0,0.1,30.0,0.0
357,37.55,14.04,0.0,6.5,0.0,0.1468,30.0,0.0
358,35.6,17.24,0.0,11.64,0.0,0.209,30.0,0.0
359,35.6,12.89,0.0,7.29,0.0,0.3206,30.0,0.0
360,35.64,18.59,0.0,3.33,0.0,0.3904,20.38,0.0
361,35.64,22.65,0.0,0.0,12.99,0.4223,0.0,0.0
362,35.64,15.43,0.0,9.79,0.0,0.2844,30.0,0.0
363,35.64,16.89,0.0,11.25,0.0,0.3782,30.0,0.0
364,35.64,17.22,0.0,11.59,0.0,0.486,30.0,0.0
365,35.64,11.7,0.0,6.06,0.0,0.597,30.0,0.0
366,35.64,13.22,0.0,7.58,0.0,0.6551,30.0,0.0
367,37.59,11.27,14.29,17.97,0.0,0.7278,30.0,0.0
368,39.47,10.63,28.12,0.0,30.71,0.9,0.0,30.0
369,41.19,6.16,40.14,0.0,24.89,0.5739,0.0,30.0
370,42.71,8.81,48.85,0.0,15.05,0.3096,0.0,30.0
371,43.95,10.35,56.66,0.0,4.7,0.1498,0.0,27.76
372,44.88,14.16,60.49,29.78,0.0,0.1,0.0,0.0
373,45.45,12.27,55.83,22.65,0.0,0.3853,0.0,0.0
374,45.64,17.63,49.52,21.51,0.0,0.6024,0.0,0.0
375,45.45,6.18,42.6,9.55,0.0,0.8085,6.22,0.0
376,44.88,13.84,26.74,0.0,4.3,0.9,0.0,0.0
377,43.95,11.98,13.64,0.0,48.33,0.8544,0.0,30.0
378,42.71,21.37,0.0,0.0,0.0,0.3413,21.34,0.0
379,41.19,10.02,0.0,0.0,22.73,0.3413,8.45,0.0
380,39.47,10.89,0.0,0.0,0.0,0.1,28.58,0.0
381,37.59,12.74,0.0,5.15,0.0,0.1,30.0,0.0
382,35.64,7.08,0.0,1.44,0.0,0.1493,30.0,0.0
383,35.64,14.12,0.0,8.48,0.0,0.1632,30.0,0.0
384,35.68,13.27,0.0,0.0,0.0,0.2444,22.41,0.0
385,35.68,16.9,0.0,3.77,0.0,0.2444,22.55,0.0
386,35.68,17.28,0.0,11.6,0.0,0.2806,30.0,0.0
387,35.68,22.98,0.0,17.3,0.0,0.3917,30.0,0.0
388,35.68,18.28,0.0,0.0,0.0,0.5574,17.4,0.0
389,35.68,10.96,0.0,5.28,0.0,0.5574,30.0,0.0
390,35.68,8.55,0.0,2.87,0.0,0.608,30.0,0.0
391,37.63,13.24,14.27,19.88,0.0,0.6355,30.0,0.0
392,39.51,4.73,26.21,0.0,38.57,0.826,0.0,30.0
393,41.24,16.93,41.26,0.0,13.05,0.4165,0.0,30.0
394,42.75,13.57,52.18,0.0,7.0,0.278,0.0,30.0
395,43.99,6.33,57.9,0.0,9.76,0.2037,0.0,30.0
396,44.92,1.03,60.75,16.87,0.0,0.1,0.0,0.0
397,45.49,13.88,57.6,25.99,0.0,0.2616,0.0,0.0
398,45.68,8.21,52.44,14.97,0.0,0.5107,0.0,0.0
399,45.49,14.47,39.49,8.48,0.0,0.6541,0.0,0.0
400,44.92,3.6,28.63,17.19,0.0,0.7353,29.88,0.0
401,43.99,8.72,14.6,0.0,50.0,0.9,0.0,29.33
402,42.75,12.3,0.0,0.0,25.35,0.3692,5.1,0.0
403,41.24,13.54,0.0,0.0,0.0,0.1,27.69,0.0
404,39.51,12.48,0.0,0.0,0.0,0.1,27.03,0.0
405,37.63,17.78,0.0,10.15,0.0,0.1,30.0,0.0
406,35.68,11.44,0.0,5.76,0.0,0.1973,30.0,0.0
407,35.68,15.69,0.0,10.01,0.0,0.2525,30.0,0.0
408,35.72,16.9,0.0,0.0,0.0,0.3484,18.83,0.0
409,35.72,18.39,0.0,0.0,0.0,0.3484,17.33,0.0
410,35.72,18.79,0.0,0.0,0.0,0.3484,16.93,0.0
411,35.72,10.52,0.0,2.78,0.0,0.3484,27.97,0.0
412,35.72,7.97,0.0,2.25,0.0,0.3749,30.0,0.0
413,35.72,18.62,0.0,12.9,0.0,0.3965,30.0,0.0
414,35.72,13.63,0.0,7.91,0.0,0.5201,30.0,0.0
415,37.67,8.08,12.99,13.4,0.0,0.5959,30.0,0.0
416,39.55,16.61,29.95,0.0,22.98,0.7243,0.0,30.0
417,41.28,9.8,42.99,0.0,18.48,0.4803,0.0,30.0
418,42.79,13.55,51.86,0.0,7.38,0.284,0.0,30.0
419,44.04,8.53,55.55,0.0,9.95,0.2056,0.0,30.0
420,44.96,16.65,59.42,31.11,0.0,0.1,0.0,0.0
421,45.53,15.53,58.37,28.37,0.0,0.3981,0.0,0.0
422,45.72,7.63,48.93,10.85,0.0,0.6699,0.0,0.0
423,45.53,13.35,39.75,7.57,0.0,0.7738,0.0,0.0
424,44.96,12.86,29.37,0.0,0.0,0.8464,2.73,0.0
425,44.04,16.85,11.2,3.27,0.0,0.8464,19.25,0.0
426,42.79,8.26,0.0,0.0,4.54,0.8778,30.0,0.0
427,41.28,16.17,0.0,0.0,0.0,0.8296,25.11,0.0
428,39.55,18.71,0.0,0.0,0.0,0.8296,20.84,0.0
429,37.67,7.9,0.0,0.0,29.78,0.8296,0.0,0.0
430,35.72,10.94,0.0,5.22,0.0,0.5135,30.0,0.0
431,35.72,7.81,0.0,0.0,27.91,0.5635,0.0,0.0
432,35.76,15.26,0.0,9.5,0.0,0.2671,30.0,0.0
433,35.76,19.21,0.0,13.45,0.0,0.3581,30.0,0.0
434,35.76,22.05,0.0,16.28,0.0,0.487,30.0,0.0
435,35.76,15.47,0.0,9.71,0.0,0.643,30.0,0.0
436,35.76,21.05,0.0,15.29,0.0,0.736,30.0,0.0
437,35.76,7.59,0.0,1.82,0.0,0.8825,30.0,0.0
438,35.76,5.18,0.0,0.0,15.43,0.9,15.16,0.0
439,37.71,10.93,13.88,17.1,0.0,0.7362,30.0,0.0
440,39.59,11.75,28.95,0.0,28.88,0.9,0.0,30.0
441,41.32,9.17,42.08,0.0,20.07,0.5934,0.0,30.0
442,42.83,0.08,49.48,0.0,23.27,0.3802,0.0,30.0
443,44.08,7.86,58.61,0.0,3.12,0.1331,0.0,25.51
444,45.0,2.68,62.02,19.7,0.0,0.1,0.0,0.0
445,45.57,11.01,55.44,20.87,0.0,0.2888,0.0,0.0
446,45.76,10.16,49.5,19.04,0.0,0.4888,5.14,0.0
447,45.57,5.41,42.55,2.39,0.0,0.6712,0.0,0.0
448,45.0,8.03,28.46,21.49,0.0,0.6941,30.0,0.0
449,44.08,6.77,15.54,0.0,0.0,0.9,21.77,0.0
450,42.83,11.97,0.0,0.0,25.35,0.9,5.51,0.0
451,41.32,17.26,0.0,0.0,50.0,0.6308,0.0,25.94
452,39.59,10.22,0.0,0.0,0.0,0.1,29.37,0.0
453,37.71,17.25,0.0,0.0,0.0,0.1,20.46,0.0
454,35.76,13.62,0.0,0.0,0.0,0.1,22.14,0.0
455,35.76,12.95,0.0,7.19,0.0,0.1,30.0,0.0
456,35.8,15.91,0.0,10.11,0.0,0.1689,30.0,0.0
457,35.8,11.92,0.0,6.12,0.0,0.2657,30.0,0.0
458,35.8,13.5,0.0,7.7,0.0,0.3244,30.0,0.0
459,35.8,10.18,0.0,4.37,0.0,0.3982,30.0,0.0
460,35.8,22.42,0.0,16.62,0.0,0.4401,30.0,0.0
461,35.8,13.43,0.0,7.63,0.0,0.5993,30.0,0.0
462,35.8,9.31,0.0,3.51,0.0,0.6724,30.0,0.0
463,37.75,12.02,11.85,16.12,0.0,0.706,30.0,0.0
464,39.63,9.67,27.9,0.0,32.05,0.8605,0.0,30.0
465,41.36,8.37,42.89,0.0,20.11,0.5202,0.0,30.0
466,42.87,11.17,50.09,0.0,11.62,0.3067,0.0,30.0
467,44.12,11.35,59.5,0.0,3.28,0.1834,0.0,30.0
468,45.04,5.87,61.46,22.29,0.0,0.1486,0.0,0.0
469,45.61,5.82,57.12,17.33,0.0,0.3622,0.0,0.0
470,45.8,7.48,52.76,14.43,0.0,0.5282,0.0,0.0
471,45.61,0.0,40.54,6.14,0.0,0.6665,11.21,0.0
472,45.04,3.86,29.41,18.22,0.0,0.7254,30.0,0.0
473,44.12,16.8,14.74,0.0,42.57,0.9,0.0,30.0
474,42.87,19.03,0.0,0.0,32.78,0.448,0.0,8.93
475,41.36,12.25,0.0,0.0,0.0,0.1,29.11,0.0
476,39.63,16.67,0.0,5.35,0.0,0.1,28.31,0.0
477,37.75,16.43,0.0,0.0,0.0,0.1513,21.32,0.0
478,35.8,28.56,0.0,22.75,0.0,0.1513,30.0,0.0
479,35.8,20.85,0.0,0.0,0.0,0.3693,14.95,0.0
480,35.84,15.8,0.0,0.0,0.0,0.3693,20.04,0.0
481,35.84,12.23,0.0,0.0,0.0,0.3693,23.61,0.0
482,35.84,9.12,0.0,0.0,0.0,0.3693,26.72,0.0
483,35.84,15.96,0.0,0.0,0.0,0.3693,19.88,0.0
484,35.84,11.12,0.0,0.0,0.0,0.3693,24.72,0.0
485,35.84,7.37,0.0,0.0,0.0,0.3693,28.48,0.0
486,35.84,9.51,0.0,0.0,0.0,0.3693,26.34,0.0
487,37.79,6.63,14.74,0.0,0.0,0.3693,16.42,0.0
488,39.67,17.11,27.2,0.0,25.36,0.3693,0.0,30.0
489,41.4,12.91,43.51,15.02,0.0,0.1,0.0,0.0
490,42.91,8.31,51.05,0.0,13.56,0.244,0.0,30.0
491,44.16,14.32,55.42,25.58,0.0,0.1,0.0,0.0
492,45.08,8.36,57.97,21.26,0.0,0.3451,0.0,0.0
493,45.65,4.62,59.23,18.19,0.0,0.5487,0.0,0.0
494,45.84,14.91,54.09,18.47,0.0,0.723,0.0,4.69
495,45.65,11.49,39.29,0.0,0.0,0.9,0.0,5.13
496,45.08,5.82,26.84,0.0,0.0,0.9,12.42,0.0
497,44.16,10.33,11.6,0.0,50.0,0.9,0.0,27.76
498,42.91,8.56,0.0,0.0,4.36,0.3692,30.0,0.0
499,41.4,7.53,0.0,0.0,21.0,0.3229,12.87,0.0
500,39.67,18.1,0.0,0.0,0.0,0.1,21.57,0.0
501,37.79,23.03,0.0,15.23,0.0,0.1,30.0,0.0
502,35.84,9.98,0.0,0.0,0.0,0.246,25.86,0.0
503,35.84,18.52,0.0,0.0,0.0,0.246,17.32,0.0
504,35.88,13.61,0.0,0.0,0.0,0.246,22.27,0.0
505,35.88,14.15,0.0,8.26,0.0,0.246,30.0,0.0
506,35.88,13.3,0.0,7.41,0.0,0.3251,30.0,0.0
507,35.88,11.51,0.0,5.63,0.0,0.3962,30.0,0.0
508,35.88,14.44,0.0,8.55,0.0,0.4501,30.0,0.0
509,35.88,9.79,0.0,3.91,0.0,0.532,30.0,0.0
510,35.88,13.28,0.0,7.4,0.0,0.5695,30.0,0.0
511,37.84,10.88,11.95,15.0,0.0,0.6404,30.0,0.0
512,39.71,9.1,26.73,0.0,33.88,0.784,0.0,30.0
513,41.44,5.47,42.78,0.0,23.18,0.4244,0.0,30.0
514,42.96,6.18,52.56,15.79,0.0,0.1782,0.0,0.0
515,44.2,11.29,57.55,0.0,5.36,0.3295,0.0,30.0
516,45.12,10.09,60.44,25.42,0.0,0.2725,0.0,0.0
517,45.69,4.11,55.87,14.28,0.0,0.5161,0.0,0.0
518,45.88,8.99,52.27,15.37,0.0,0.6529,0.0,0.0
519,45.69,12.35,41.92,8.57,0.0,0.8002,0.0,0.0
520,45.12,3.17,28.25,0.0,0.0,0.8823,13.7,0.0
521,44.2,13.34,14.2,1.84,0.0,0.8823,18.5,0.0
522,42.96,9.42,0.0,0.0,3.54,0.9,30.0,0.0
523,41.44,15.6,0.0,0.0,50.0,0.8624,0.0,24.16
524,39.71,11.07,0.0,0.0,13.25,0.3316,15.39,0.0
525,37.84,7.61,0.0,0.0,0.22,0.1909,30.0,0.0
526,35.88,9.01,0.0,3.12,0.0,0.1886,30.0,0.0
527,35.88,16.36,0.0,10.48,0.0,0.2185,30.0,0.0
528,35.92,17.36,0.0,11.43,0.0,0.3189,30.0,0.0
529,35.92,12.39,0.0,6.47,0.0,0.4285,30.0,0.0
530,35.92,18.37,0.0,12.45,0.0,0.4904,30.0,0.0
531,35.92,8.18,0.0,2.26,0.0,0.6097,30.0,0.0
532,35.92,13.93,0.0,8.01,0.0,0.6313,30.0,0.0
533,35.92,8.19,0.0,2.27,0.0,0.7081,30.0,0.0
534,35.92,9.44,0.0,0.0,0.0,0.7298,26.49,0.0
535,37.88,11.26,14.38,17.76,0.0,0.7298,30.0,0.0
536,39.75,6.5,30.74,0.0,32.47,0.9,0.0,29.95
537,41.48,7.61,41.62,0.0,22.25,0.5553,0.0,30.0
538,43.0,12.72,50.79,0.0,9.49,0.3191,0.0,30.0
539,44.24,5.74,57.34,0.0,11.15,0.2184,0.0,30.0
540,45.16,11.46,61.59,27.88,0.0,0.1,0.0,0.0
541,45.73,3.45,58.07,15.79,0.0,0.3672,0.0,0.0
542,45.92,10.74,51.73,16.55,0.0,0.5185,0.0,0.0
543,45.73,15.18,40.86,10.31,0.0,0.6771,0.0,0.0
544,45.16,0.0,29.62,12.96,0.0,0.7758,28.5,0.0
545,44.24,7.76,12.29,0.0,50.0,0.9,0.0,25.82
546,43.0,14.53,0.0,0.0,25.35,0.3692,3.12,0.0
547,41.48,12.37,0.0,0.0,0.0,0.1,29.11,0.0
548,39.75,15.75,0.0,0.0,0.0,0.1,24.0,0.0
549,37.88,12.56,0.0,4.69,0.0,0.1,30.0,0.0
550,35.92,16.08,0.0,10.16,0.0,0.1449,30.0,0.0
551,35.92,15.49,0.0,9.57,0.0,0.2423,30.0,0.0
552,35.96,21.09,0.0,15.13,0.0,0.334,30.0,0.0
553,35.96,17.17,0.0,0.0,0.0,0.4789,18.8,0.0
554,35.96,17.1,0.0,0.0,0.0,0.4789,18.87,0.0
555,35.96,13.33,0.0,0.0,0.0,0.4789,22.63,0.0
556,35.96,12.16,0.0,0.0,0.0,0.4789,23.8,0.0
557,35.96,11.39,0.0,0.0,0.0,0.4789,24.57,0.0
558,35.96,13.74,0.0,0.0,0.0,0.4789,22.22,0.0
559,37.92,9.29,15.07,12.29,0.0,0.4789,25.84,0.0
560,39.79,11.24,28.29,0.0,30.27,0.5967,0.0,30.0
561,41.52,17.78,44.37,20.63,0.0,0.2754,0.0,0.0
562,43.04,12.13,50.79,0.0,10.12,0.473,0.0,30.0
563,44.28,6.76,58.24,0.0,9.28,0.3656,0.0,30.0
564,45.2,12.94,58.66,26.4,0.0,0.2671,0.0,0.0
565,45.77,6.42,58.27,18.92,0.0,0.52,0.0,0.0
566,45.96,0.08,54.39,8.51,0.0,0.7013,0.0,0.0
567,45.77,5.0,43.84,3.07,0.0,0.7828,0.0,0.0
568,45.2,2.29,27.55,0.0,0.0,0.8122,15.37,0.0
569,44.28,9.58,13.86,9.16,0.0,0.8122,30.0,0.0
570,43.04,12.19,0.0,0.0,7.77,0.9,23.08,0.0
571,41.52,20.13,0.0,8.61,0.0,0.8175,30.0,0.0
572,39.79,15.54,0.0,0.0,50.0,0.9,0.0,25.75
573,37.92,14.13,0.0,6.22,0.0,0.3692,30.0,0.0
574,35.96,19.13,0.0,13.17,0.0,0.4287,30.0,0.0
575,35.96,6.95,0.0,0.0,29.01,0.5549,0.0,0.0
576,36.0,17.2,0.0,11.2,0.0,0.2469,30.0,0.0
577,36.0,19.28,0.0,13.27,0.0,0.3542,30.0,0.0
578,36.0,9.54,0.0,3.54,0.0,0.4814,30.0,0.0
579,36.0,19.75,0.0,13.75,0.0,0.5153,30.0,0.0
580,36.0,15.56,0.0,9.55,0.0,0.647,30.0,0.0
581,36.0,11.43,0.0,0.0,24.57,0.7385,0.0,0.0
582,36.0,14.7,0.0,8.7,0.0,0.4777,30.0,0.0
583,37.95,20.42,13.35,25.81,0.0,0.561,30.0,0.0
584,39.83,10.76,28.03,0.0,31.03,0.8084,0.0,30.0
585,41.56,10.18,41.13,0.0,20.25,0.4789,0.0,30.0
586,43.07,6.59,54.53,0.0,11.95,0.2639,0.0,30.0
587,44.32,4.56,58.48,0.0,0.0,0.137,0.0,18.72
588,45.24,11.38,59.26,25.4,0.0,0.137,0.0,0.0
589,45.81,4.53,59.84,18.56,0.0,0.3804,0.0,0.0
590,46.0,8.79,52.42,17.96,0.0,0.5582,2.75,0.0
591,45.81,7.17,42.53,3.89,0.0,0.7303,0.0,0.0
592,45.24,11.99,29.6,0.0,0.0,0.7675,3.65,0.0
593,44.32,12.39,15.75,13.83,0.0,0.7675,30.0,0.0
594,43.07,16.38,0.0,0.0,50.0,0.9,0.0,23.31
595,41.56,11.04,0.0,0.0,8.78,0.3692,21.74,0.0
596,39.83,13.04,0.0,3.2,0.0,0.276,30.0,0.0
597,37.95,10.96,0.0,3.0,0.0,0.3067,30.0,0.0
598,36.0,13.83,0.0,0.0,22.17,0.3354,0.0,0.0
599,36.0,17.65,0.0,0.0,0.0,0.1,18.36,0.0
600,36.04,19.33,0.0,0.0,0.0,0.1,16.71,0.0
601,36.04,12.23,0.0,6.19,0.0,0.1,30.0,0.0
602,36.04,19.24,0.0,13.2,0.0,0.1593,30.0,0.0
603,36.04,20.6,0.0,14.56,0.0,0.2858,30.0,0.0
604,36.04,15.84,0.0,9.79,0.0,0.4253,30.0,0.0
605,36.04,20.9,0.0,14.86,0.0,0.5191,30.0,0.0
606,36.04,8.85,0.0,2.8,0.0,0.6615,30.0,0.0
607,37.99,5.82,15.3,13.13,0.0,0.6884,30.0,0.0
608,39.87,2.61,29.83,0.0,37.43,0.8142,0.0,30.0
609,41.6,15.32,44.31,0.0,11.96,0.4168,0.0,30.0
610,43.11,11.18,51.59,0.0,10.35,0.2897,0.0,30.0
611,44.36,7.82,60.28,0.0,6.25,0.1799,0.0,30.0
612,45.28,9.07,61.04,24.82,0.0,0.1135,0.0,0.0
613,45.85,3.39,56.43,13.97,0.0,0.3513,0.0,0.0
614,46.04,18.6,54.75,27.3,0.0,0.4851,0.0,0.0
615,45.85,9.66,44.08,7.88,0.0,0.7468,0.0,0.0
616,45.28,10.43,30.22,8.11,0.0,0.8223,12.74,0.0
617,44.36,13.99,11.73,0.0,48.64,0.9,0.0,30.0
618,43.11,14.05,0.0,0.0,26.71,0.3836,2.36,0.0
619,41.6,14.05,0.0,0.0,0.0,0.1,27.55,0.0
620,39.87,10.85,0.0,0.0,0.0,0.1,29.02,0.0
621,37.99,16.94,0.0,0.0,0.0,0.1,21.06,0.0
622,36.04,23.44,0.0,0.0,0.0,0.1,12.6,0.0
623,36.04,21.63,0.0,2.2,0.0,0.1,16.61,0.0
624,36.08,22.77,0.0,16.68,0.0,0.1211,30.0,0.0
625,36.08,13.91,0.0,7.82,0.0,0.2809,30.0,0.0
626,36.08,11.51,0.0,5.43,0.0,0.3559,30.0,0.0
627,36.08,14.43,0.0,8.35,0.0,0.4079,30.0,0.0
628,36.08,14.32,0.0,8.24,0.0,0.4879,30.0,0.0
629,36.08,17.63,0.0,11.55,0.0,0.5669,30.0,0.0
630,36.08,5.01,0.0,0.0,1.07,0.6775,30.0,0.0
631,38.03,17.29,15.15,24.41,0.0,0.6661,30.0,0.0
632,39.91,9.3,30.04,0.0,30.58,0.9,0.0,30.0
633,41.64,7.32,40.23,0.0,24.08,0.5754,0.0,30.0
634,43.15,4.24,52.79,0.0,16.12,0.3197,0.0,30.0
635,44.4,1.16,58.03,0.0,4.57,0.1485,0.0,19.36
636,45.32,11.29,61.93,27.9,0.0,0.1,0.0,0.0
637,45.89,8.32,56.48,18.92,0.0,0.3673,0.0,0.0
638,46.08,3.09,51.81,34.84,0.0,0.5486,26.03,0.0
639,45.89,3.73,44.0,1.84,0.0,0.8824,0.0,0.0
640,45.32,8.56,31.31,0.0,0.0,0.9,5.45,0.0
641,44.4,17.87,11.77,0.0,0.0,0.9,14.76,0.0
642,43.15,10.95,0.0,0.0,2.21,0.9,30.0,0.0
643,41.64,6.87,0.0,0.0,50.0,0.8766,0.0,15.23
644,39.91,13.08,0.0,0.0,23.15,0.3457,3.69,0.0
645,38.03,13.82,0.0,5.79,0.0,0.1,30.0,0.0
646,36.08,4.44,0.0,0.0,1.65,0.1555,30.0,0.0
647,36.08,15.8,0.0,0.0,3.58,0.138,16.7,0.0
648,36.12,15.18,0.0,8.4,0.0,0.1,29.34,0.0
649,36.12,18.88,0.0,0.0,0.0,0.1805,17.24,0.0
650,36.12,23.24,0.0,17.12,0.0,0.1805,30.0,0.0
651,36.12,19.59,0.0,13.47,0.0,0.3445,30.0,0.0
652,36.12,12.95,0.0,6.83,0.0,0.4736,30.0,0.0
653,36.12,8.48,0.0,2.36,0.0,0.539,30.0,0.0
654,36.12,22.65,0.0,16.53,0.0,0.5616,30.0,0.0
655,38.07,11.16,15.7,18.79,0.0,0.72,30.0,0.0
656,39.95,9.98,30.87,0.0,29.1,0.9,0.0,30.0
657,41.68,8.96,41.86,0.0,20.85,0.5911,0.0,30.0
658,43.19,9.22,51.46,0.0,12.51,0.3697,0.0,30.0
659,44.44,7.39,57.61,0.0,9.44,0.2369,0.0,30.0
660,45.36,5.47,63.0,23.11,0.0,0.1367,0.0,0.0
661,45.93,5.72,56.74,16.54,0.0,0.3581,0.0,0.0
662,46.12,8.27,54.13,16.27,0.0,0.5165,0.0,0.0
663,45.93,6.81,42.19,3.07,0.0,0.6724,0.0,0.0
664,45.36,6.97,28.98,12.05,0.0,0.7019,21.46,0.0
665,44.44,11.36,11.71,8.63,0.0,0.8173,30.0,0.0
666,43.19,10.93,0.0,0.0,50.0,0.9,0.0,17.74
667,41.68,19.29,0.0,0.0,18.48,0.3692,3.9,0.0
668,39.95,3.08,0.0,0.0,6.87,0.1729,30.0,0.0
669,38.07,19.44,0.0,11.37,0.0,0.1,30.0,0.0
670,36.12,20.74,0.0,0.0,0.0,0.209,15.38,0.0
671,36.12,7.4,0.0,1.28,0.0,0.209,30.0,0.0
672,36.16,14.68,0.0,8.52,0.0,0.2212,30.0,0.0
673,36.16,14.42,0.0,8.26,0.0,0.3029,30.0,0.0
674,36.16,9.71,0.0,3.56,0.0,0.3821,30.0,0.0
675,36.16,11.67,0.0,5.51,0.0,0.4161,30.0,0.0
676,36.16,9.43,0.0,3.27,0.0,0.4689,30.0,0.0
677,36.16,20.29,0.0,14.13,0.0,0.5002,30.0,0.0
678,36.16,15.84,0.0,9.68,0.0,0.6356,30.0,0.0
679,38.11,16.15,14.38,17.91,0.0,0.7284,25.49,0.0
680,39.99,12.88,27.81,0.0,29.29,0.9,0.0,30.0
681,41.71,4.35,44.89,0.0,22.47,0.589,0.0,30.0
682,43.23,6.2,53.05,0.0,13.98,0.3504,0.0,30.0
683,44.47,9.98,59.52,0.0,4.97,0.2019,0.0,30.0
684,45.4,2.75,62.71,20.06,0.0,0.1491,0.0,0.0
685,45.97,10.91,57.15,22.09,0.0,0.3414,0.0,0.0
686,46.16,7.37,50.94,12.16,0.0,0.553,0.0,0.0
687,45.97,7.48,43.06,24.05,0.0,0.6695,19.48,0.0
688,45.4,12.83,31.53,0.0,1.04,0.9,0.0,0.0
689,44.47,12.73,15.54,0.0,46.21,0.889,0.0,30.0
690,43.23,10.46,0.0,0.0,2.77,0.3984,30.0,0.0
691,41.71,17.83,0.0,0.0,24.91,0.369,0.0,1.03
692,39.99,9.55,0.0,0.0,0.44,0.1046,30.0,0.0
693,38.11,17.44,0.0,4.2,0.0,0.1,24.86,0.0
694,36.16,18.0,0.0,0.0,0.0,0.1402,18.15,0.0
695,36.16,14.68,0.0,8.52,0.0,0.1402,30.0,0.0
696,36.2,17.42,0.0,11.22,0.0,0.2218,30.0,0.0
697,36.2,10.74,0.0,4.55,0.0,0.3294,30.0,0.0
698,36.2,19.34,0.0,13.14,0.0,0.3729,30.0,0.0
699,36.2,14.09,0.0,7.89,0.0,0.4989,30.0,0.0
700,36.2,11.83,0.0,5.63,0.0,0.5745,30.0,0.0
701,36.2,17.34,0.0,11.15,0.0,0.6285,30.0,0.0
702,36.2,9.01,0.0,2.81,0.0,0.7353,30.0,0.0
703,38.15,5.02,16.55,13.42,0.0,0.7622,30.0,0.0
704,40.02,3.4,27.75,0.0,38.87,0.8908,0.0,30.0
705,41.75,11.51,45.1,0.0,15.14,0.4781,0.0,30.0
706,43.27,3.03,51.98,0.0,18.25,0.3173,0.0,30.0
707,44.51,15.19,57.1,0.0,2.21,0.1235,0.0,30.0
708,45.44,0.0,61.75,16.31,0.0,0.1,0.0,0.0
709,46.0,14.95,61.01,29.95,0.0,0.2563,0.0,0.0
710,46.2,9.21,52.67,15.69,0.0,0.5433,0.0,0.0
711,46.0,8.59,42.32,4.91,0.0,0.6936,0.0,0.0
712,45.44,7.6,28.8,16.63,0.0,0.7406,25.67,0.0
713,44.51,12.51,15.77,0.0,0.0,0.9,16.24,0.0
714,43.27,11.77,0.0,0.0,1.5,0.9,30.0,0.0
715,41.75,17.57,0.0,0.0,0.0,0.8841,24.18,0.0
716,40.02,14.47,0.0,0.0,50.0,0.8841,0.0,24.45
717,38.15,15.48,0.0,7.33,0.0,0.3532,30.0,0.0
718,36.2,14.01,0.0,7.81,0.0,0.4235,30.0,0.0
719,36.2,15.69,0.0,0.0,0.0,0.4983,20.51,0.0
720,36.23,17.31,0.0,0.0,18.93,0.4983,0.0,0.0
721,36.23,8.81,0.0,2.57,0.0,0.2974,30.0,0.0
722,36.23,9.89,0.0,3.66,0.0,0.322,30.0,0.0
723,36.23,17.9,0.0,11.67,0.0,0.3571,30.0,0.0
724,36.23,14.67,0.0,8.44,0.0,0.4688,30.0,0.0
725,36.23,12.2,0.0,5.97,0.0,0.5496,30.0,0.0
726,36.23,11.97,0.0,5.73,0.0,0.6068,30.0,0.0
727,38.19,12.26,11.85,15.93,0.0,0.6617,30.0,0.0
728,40.06,7.58,30.84,0.0,31.64,0.8143,0.0,30.0
729,41.79,5.74,45.23,0.0,20.82,0.4785,0.0,30.0
730,43.31,9.11,53.24,0.0,2.92,0.2574,0.0,21.96
731,44.55,3.83,58.81,0.0,11.91,0.2264,0.0,30.0
732,45.47,9.44,63.24,27.21,0.0,0.1,0.0,0.0
733,46.04,0.83,60.58,15.37,0.0,0.3607,0.0,0.0
734,46.23,12.57,53.02,19.35,0.0,0.5079,0.0,0.0
735,46.04,10.92,41.17,6.05,0.0,0.6934,0.0,0.0
736,45.47,10.88,28.51,0.0,0.0,0.7513,6.08,0.0
737,44.55,14.89,15.64,10.03,0.0,0.7513,24.05,0.0
738,43.31,18.79,0.0,5.49,0.0,0.8474,30.0,0.0
739,41.79,17.17,0.0,0.0,48.28,0.9,0.0,23.65
740,40.06,6.33,0.0,0.0,3.73,0.3874,30.0,0.0
741,38.19,9.52,0.0,0.0,0.0,0.3479,28.67,0.0
742,36.23,12.89,0.0,0.0,23.35,0.3479,0.0,0.0
743,36.23,16.0,0.0,0.0,0.0,0.1,20.23,0.0
744,36.27,18.14,0.0,0.0,0.0,0.1,18.13,0.0
745,36.27,12.85,0.0,6.58,0.0,0.1,30.0,0.0
746,36.27,16.22,0.0,2.54,0.0,0.163,22.59,0.0
747,36.27,11.65,0.0,5.38,0.0,0.1874,30.0,0.0
748,36.27,11.39,0.0,5.12,0.0,0.2389,30.0,0.0
749,36.27,7.1,0.0,0.83,0.0,0.288,30.0,0.0
750,36.27,8.03,0.0,1.76,0.0,0.2959,30.0,0.0
751,38.22,5.18,14.83,11.78,0.0,0.3127,30.0,0.0
752,40.1,5.74,30.95,0.0,0.0,0.4257,3.41,0.0
753,41.83,13.29,42.47,0.0,16.07,0.4257,0.0,30.0
754,43.34,4.33,54.41,0.0,14.61,0.2551,0.0,30.0
755,44.59,18.76,58.73,2.9,0.0,0.1,0.0,30.0
756,45.51,9.75,64.12,28.36,0.0,0.1278,0.0,0.0
757,46.08,8.62,58.62,21.16,0.0,0.3996,0.0,0.0
758,46.27,4.71,53.1,11.54,0.0,0.6023,0.0,0.0
759,46.08,11.83,41.58,7.33,0.0,0.7129,0.0,0.0
760,45.51,7.4,30.2,12.19,0.0,0.7832,20.11,0.0
761,44.59,11.29,13.63,0.0,25.35,0.9,0.0,5.69
762,43.34,22.46,0.0,0.0,50.0,0.6308,0.0,29.12
763,41.83,12.53,0.0,0.7,0.0,0.1,30.0,0.0
764,40.1,18.69,0.0,8.59,0.0,0.1067,30.0,0.0
765,38.22,11.87,0.0,0.0,0.0,0.189,26.35,0.0
766,36.27,15.3,0.0,0.0,0.0,0.189,20.97,0.0
767,36.27,23.19,0.0,0.0,0.0,0.189,13.08,0.0
768,36.31,13.36,0.0,7.05,0.0,0.189,30.0,0.0
769,36.31,23.33,0.0,0.0,12.98,0.2566,0.0,0.0
770,36.31,18.34,0.0,0.0,0.0,0.1188,17.97,0.0
771,36.31,12.42,0.0,0.0,0.0,0.1188,23.89,0.0
772,36.31,16.51,0.0,4.06,0.0,0.1188,23.86,0.0
773,36.31,16.92,0.0,10.61,0.0,0.1577,30.0,0.0
774,36.31,14.39,0.0,8.09,0.0,0.2594,30.0,0.0
775,38.26,4.24,15.05,11.03,0.0,0.3368,30.0,0.0
776,40.14,6.73,31.14,0.0,32.26,0.4425,0.0,30.0
777,41.86,7.86,45.27,21.99,0.0,0.1,10.72,0.0
778,43.38,7.92,51.3,0.0,14.15,0.3107,0.0,30.0
779,44.62,10.39,58.55,0.0,5.69,0.1604,0.0,30.0
780,45.55,8.41,60.44,23.3,0.0,0.1,0.0,0.0
781,46.12,2.28,60.15,16.31,0.0,0.3233,0.0,0.0
782,46.31,9.8,55.65,32.93,0.0,0.4796,13.79,0.0
783,46.12,11.42,45.64,10.94,0.0,0.7952,0.0,0.0
784,45.55,12.07,30.81,0.0,0.0,0.9,2.67,0.0
785,44.62,15.22,12.23,0.0,0.0,0.9,17.17,0.0
786,43.38,15.27,0.0,0.0,0.0,0.9,28.11,0.0
787,41.86,14.79,0.0,0.0,50.0,0.9,0.0,22.93
788,40.14,13.6,0.0,0.0,24.96,0.3692,1.58,0.0
789,38.26,7.87,0.0,0.0,0.39,0.1042,30.0,0.0
790,36.31,17.19,0.0,10.88,0.0,0.1,30.0,0.0
791,36.31,16.68,0.0,10.37,0.0,0.2042,30.0,0.0
792,36.35,17.05,0.0,10.7,0.0,0.3036,30.0,0.0
793,36.35,10.49,0.0,4.15,0.0,0.4062,30.0,0.0
794,36.35,10.89,0.0,0.0,25.46,0.4459,0.0,0.0
795,36.35,19.07,0.0,0.0,0.0,0.1756,17.27,0.0
796,36.35,13.69,0.0,7.34,0.0,0.1756,30.0,0.0
797,36.35,15.68,0.0,0.0,13.75,0.246,6.92,0.0
798,36.35,11.9,0.0,0.0,0.0,0.1,24.45,0.0
799,38.3,10.83,15.32,10.75,0.0,0.1,22.9,0.0
800,40.17,13.6,30.65,34.07,0.0,0.203,30.0,0.0
801,41.9,6.71,43.3,0.0,21.89,0.5294,0.0,30.0
802,43.42,8.59,56.35,0.0,8.48,0.2971,0.0,30.0
803,44.66,5.86,58.71,0.0,10.08,0.2071,0.0,30.0
804,45.58,5.84,60.56,20.82,0.0,0.1,0.0,0.0
805,46.15,6.5,60.19,20.53,0.0,0.2995,0.0,0.0
806,46.35,9.11,55.09,17.85,0.0,0.4962,0.0,0.0
807,46.15,6.87,41.14,1.86,0.0,0.6673,0.0,0.0
808,45.58,14.91,30.67,22.43,0.0,0.685,22.44,0.0
809,44.66,7.0,13.41,0.0,50.0,0.9,0.0,25.75
810,43.42,11.01,0.0,0.0,2.41,0.3692,30.0,0.0
811,41.9,11.03,0.0,0.0,22.94,0.3436,7.93,0.0
812,40.17,19.85,0.0,0.0,0.0,0.1,20.33,0.0
813,38.3,15.52,0.0,0.0,0.0,0.1,22.77,0.0
814,36.35,19.64,0.0,0.0,0.0,0.1,16.7,0.0
815,36.35,9.63,0.0,0.0,0.0,0.1,26.72,0.0
816,36.38,16.99,0.0,10.61,0.0,0.1,30.0,0.0
817,36.38,19.43,0.0,13.05,0.0,0.2017,30.0,0.0
818,36.38,15.67,0.0,0.0,0.0,0.3267,20.71,0.0
819,36.38,19.09,0.0,12.7,0.0,0.3267,30.0,0.0
820,36.38,11.67,0.0,5.29,0.0,0.4484,30.0,0.0
821,36.38,18.65,0.0,12.27,0.0,0.4991,30.0,0.0
822,36.38,21.27,0.0,5.96,0.0,0.6167,21.08,0.0
823,38.33,9.16,12.07,12.9,0.0,0.6738,30.0,0.0
824,40.21,7.82,31.36,0.0,31.02,0.7974,0.0,30.0
825,41.94,14.83,42.88,0.0,14.23,0.468,0.0,30.0
826,43.45,14.7,56.22,0.0,2.53,0.317,0.0,30.0
827,44.7,5.57,59.56,0.0,9.56,0.2901,0.0,30.0
828,45.62,5.86,63.31,23.55,0.0,0.1885,0.0,0.0
829,46.19,6.57,58.59,18.97,0.0,0.4142,0.0,0.0
830,46.38,2.58,55.08,11.28,0.0,0.596,0.0,0.0
831,46.19,5.0,41.55,0.37,0.0,0.7041,0.0,0.0
832,45.62,5.51,30.19,20.08,0.0,0.7076,30.0,0.0
833,44.7,7.49,15.19,0.0,50.0,0.9,0.0,27.98
834,43.45,11.6,0.0,0.0,25.35,0.3692,6.5,0.0
835,41.94,13.78,0.0,0.0,0.0,0.1,28.15,0.0
836,40.21,20.24,0.0,0.0,0.0,0.1,19.97,0.0
837,38.33,10.53,0.0,0.0,0.0,0.1,27.8,0.0
838,36.38,19.41,0.0,0.0,0.0,0.1,16.97,0.0
839,36.38,14.86,0.0,0.0,0.0,0.1,21.52,0.0
840,36.42,15.64,0.0,0.0,0.0,0.1,20.78,0.0
841,36.42,18.5,0.0,0.0,0.0,0.1,17.92,0.0
842,36.42,10.64,0.0,0.0,0.0,0.1,25.78,0.0
843,36.42,16.22,0.0,0.0,0.0,0.1,20.2,0.0
844,36.42,14.46,0.0,0.0,0.0,0.1,21.95,0.0
845,36.42,14.81,0.0,0.0,0.0,0.1,21.6,0.0
846,36.42,12.9,0.0,5.59,0.0,0.1,29.11,0.0
847,38.37,20.8,16.91,29.34,0.0,0.1536,30.0,0.0
848,40.24,6.99,31.73,0.0,31.53,0.4348,0.0,30.0
849,41.97,6.57,44.14,25.55,0.0,0.1,16.81,0.0
850,43.49,5.53,54.88,0.0,13.08,0.3448,0.0,30.0
851,44.73,5.4,59.35,0.0,9.98,0.206,0.0,30.0
852,45.66,4.92,61.72,20.98,0.0,0.1,0.0,0.0
853,46.22,12.63,62.95,29.35,0.0,0.3011,0.0,0.0
854,46.42,14.0,52.1,19.68,0.0,0.5823,0.0,0.0
855,46.22,6.41,43.78,3.97,0.0,0.7709,0.0,0.0
856,45.66,6.18,29.85,0.0,0.0,0.8089,9.63,0.0
857,44.73,12.58,14.97,9.51,0.0,0.8089,26.69,0.0
858,43.49,9.41,0.0,0.0,50.0,0.9,0.0,15.92
859,41.97,15.4,0.0,0.0,25.33,0.3692,1.24,0.0
860,40.24,14.61,0.0,0.0,0.0,0.1002,25.63,0.0
861,38.37,8.35,0.0,0.0,0.02,0.1002,30.0,0.0
862,36.42,21.7,0.0,0.0,0.0,0.1,14.72,0.0
863,36.42,23.14,0.0,3.26,0.0,0.1,16.54,0.0
864,36.45,13.26,0.0,0.0,0.0,0.1313,23.19,0.0
865,36.45,14.06,0.0,7.6,0.0,0.1313,30.0,0.0
866,36.45,16.43,0.0,9.98,0.0,0.2041,30.0,0.0
867,36.45,15.98,0.0,9.52,0.0,0.2997,30.0,0.0
868,36.45,16.46,0.0,10.01,0.0,0.391,30.0,0.0
869,36.45,21.06,0.0,14.61,0.0,0.4869,30.0,0.0
870,36.45,10.93,0.0,4.47,0.0,0.6269,30.0,0.0
871,38.4,7.28,14.09,12.97,0.0,0.6698,30.0,0.0
872,40.28,3.87,30.56,0.0,35.85,0.794,0.0,30.0
873,42.01,5.7,45.42,0.0,20.89,0.4135,0.0,30.0
874,43.52,7.93,56.95,0.0,8.64,0.1917,0.0,30.0
875,44.77,15.09,61.81,2.14,0.0,0.1,0.0,30.0
876,45.69,5.37,62.79,22.47,0.0,0.1205,0.0,0.0
877,46.26,8.58,61.99,24.32,0.0,0.3358,0.0,0.0
878,46.45,8.0,55.52,17.07,0.0,0.5688,0.0,0.0
879,46.26,13.65,42.85,10.24,0.0,0.7324,0.0,0.0
880,45.69,20.06,29.17,7.25,0.0,0.8305,3.72,0.0
881,44.77,8.39,13.48,0.0,50.0,0.9,0.0,27.1
882,43.52,9.63,0.0,0.0,25.35,0.3692,8.54,0.0
883,42.01,17.06,0.0,0.0,0.0,0.1,24.95,0.0
884,40.28,16.56,0.0,0.0,0.0,0.1,23.72,0.0
885,38.4,22.24,0.0,13.84,0.0,0.1,30.0,0.0
886,36.45,17.67,0.0,11.22,0.0,0.2326,30.0,0.0
887,36.45,14.17,0.0,7.72,0.0,0.3401,30.0,0.0
888,36.49,18.21,0.0,11.72,0.0,0.414,30.0,0.0
889,36.49,20.21,0.0,0.0,0.0,0.5264,16.27,0.0
890,36.49,18.61,0.0,0.0,0.0,0.5264,17.88,0.0
891,36.49,16.65,0.0,0.0,0.0,0.5264,19.84,0.0
892,36.49,18.11,0.0,0.0,0.0,0.5264,18.38,0.0
893,36.49,17.54,0.0,0.0,0.0,0.5264,18.95,0.0
894,36.49,17.34,0.0,10.86,0.0,0.5264,30.0,0.0
895,38.44,13.23,16.71,17.44,0.0,0.6304,25.93,0.0
896,40.31,8.85,32.66,0.0,28.8,0.7975,0.0,30.0
897,42.04,9.3,42.55,0.0,20.19,0.4917,0.0,30.0
898,43.56,13.03,55.36,0.0,5.17,0.2773,0.0,30.0
899,44.8,4.23,63.57,0.0,7.0,0.2224,0.0,30.0
900,45.73,9.0,61.67,24.95,0.0,0.1481,0.0,0.0
901,46.29,5.99,62.76,22.45,0.0,0.3871,0.0,0.0
902,46.49,8.15,55.93,17.59,0.0,0.6022,0.0,0.0
903,46.29,13.99,45.79,13.48,0.0,0.7708,0.0,0.0
904,45.73,10.34,28.25,0.0,0.0,0.9,7.13,0.0
905,44.8,10.74,16.55,0.0,47.51,0.9,0.0,30.0
906,43.56,5.98,0.0,0.0,27.84,0.3956,9.73,0.0
907,42.04,15.78,0.0,0.0,0.0,0.1,26.26,0.0
908,40.31,16.36,0.0,0.0,0.0,0.1,23.95,0.0
909,38.44,23.51,0.0,15.07,0.0,0.1,30.0,0.0
910,36.49,13.93,0.0,7.44,0.0,0.2444,30.0,0.0
911,36.49,16.53,0.0,0.0,0.0,0.3158,19.96,0.0
912,36.52,16.75,0.0,0.0,0.0,0.3158,19.77,0.0
913,36.52,22.11,0.0,0.0,0.0,0.3158,14.41,0.0
914,36.52,14.77,0.0,2.74,0.0,0.3158,24.5,0.0
915,36.52,15.66,0.0,9.14,0.0,0.342,30.0,0.0
916,36.52,16.17,0.0,9.64,0.0,0.4296,30.0,0.0
917,36.52,13.42,0.0,6.9,0.0,0.522,30.0,0.0
918,36.52,9.73,0.0,3.2,0.0,0.5881,30.0,0.0
919,38.47,11.31,14.7,17.54,0.0,0.6188,30.0,0.0
920,40.35,13.95,30.93,0.0,25.46,0.7869,0.0,30.0
921,42.08,4.39,46.83,0.0,20.86,0.5165,0.0,30.0
922,43.59,8.54,54.83,0.0,10.23,0.2951,0.0,30.0
923,44.84,4.67,62.02,0.0,8.15,0.1865,0.0,30.0
924,45.76,12.38,65.6,32.22,0.0,0.1,0.0,0.0
925,46.33,1.26,63.53,18.46,0.0,0.4087,0.0,0.0
926,46.52,5.67,55.25,14.4,0.0,0.5856,0.0,0.0
927,46.33,10.21,46.74,10.62,0.0,0.7236,0.0,0.0
928,45.76,15.99,28.29,0.0,1.48,0.8253,0.0,0.0
929,44.84,10.23,15.3,0.0,19.31,0.8096,0.0,0.0
930,43.59,9.27,0.0,0.0,34.32,0.6046,0.0,0.0
931,42.08,20.44,0.0,0.0,7.43,0.2403,14.2,0.0
932,40.35,7.65,0.0,0.0,2.7,0.1614,30.0,0.0
933,38.47,5.39,0.0,0.0,3.08,0.1327,30.0,0.0
934,36.52,16.99,0.0,0.0,0.0,0.1,19.53,0.0
935,36.52,13.5,0.0,0.0,0.0,0.1,23.02,0.0
936,36.56,11.44,0.0,0.0,0.0,0.1,25.11,0.0
937,36.56,18.47,0.0,0.0,0.0,0.1,18.09,0.0
938,36.56,16.13,0.0,0.0,0.0,0.1,20.43,0.0
939,36.56,12.12,0.0,0.0,0.0,0.1,24.43,0.0
940,36.56,8.3,0.0,0.0,0.0,0.1,28.26,0.0
941,36.56,16.22,0.0,0.0,0.0,0.1,20.34,0.0
942,36.56,14.23,0.0,0.0,0.0,0.1,22.33,0.0
943,38.51,10.05,15.5,0.0,0.0,0.1,12.96,0.0
944,40.38,17.11,31.57,8.3,0.0,0.1,0.0,0.0
945,42.11,4.17,43.13,5.19,0.0,0.1795,0.0,0.0
946,43.63,1.62,55.73,13.73,0.0,0.2292,0.0,0.0
947,44.87,4.66,60.75,20.54,0.0,0.3608,0.0,0.0
948,45.79,0.0,63.75,17.96,0.0,0.5576,0.0,0.0
949,46.36,1.58,62.56,17.78,0.0,0.7297,0.0,0.0
950,46.56,0.0,37.31,0.0,9.24,0.9,0.0,0.0
951,46.36,10.06,46.54,10.24,0.0,0.8019,0.0,0.0
952,45.79,4.27,28.9,0.0,12.62,0.9,0.0,0.0
953,44.87,16.44,15.0,0.0,13.43,0.766,0.0,0.0
954,43.63,11.19,0.0,0.0,32.44,0.6234,0.0,0.0
955,42.11,17.23,0.0,0.0,16.86,0.279,8.02,0.0
956,40.38,15.02,0.0,0.0,0.0,0.1,25.36,0.0
957,38.51,16.35,0.0,0.0,0.0,0.1,22.15,0.0
958,36.56,17.48,0.0,0.0,0.0,0.1,19.07,0.0
959,36.56,17.39,0.0,0.0,0.0,0.1,19.17,0.0
960,36.59,18.29,0.0,0.0,0.0,0.1,18.3,0.0
961,36.59,21.0,0.0,0.0,0.0,0.1,15.59,0.0
962,36.59,15.89,0.0,0.0,0.0,0.1,20.7,0.0
963,36.59,17.35,0.0,0.0,0.0,0.1,19.23,0.0
964,36.59,13.19,0.0,0.0,0.0,0.1,23.4,0.0
965,36.59,18.53,0.0,0.0,0.0,0.1,18.06,0.0
966,36.59,8.68,0.0,0.0,0.0,0.1,27.9,0.0
967,38.54,17.88,15.6,0.0,0.0,0.1,5.07,0.0
968,40.42,9.25,31.17,0.0,0.0,0.1,0.0,0.0
969,42.14,0.0,45.29,3.15,0.0,0.1,0.0,0.0
970,43.66,8.43,55.36,20.13,0.0,0.1302,0.0,0.0
971,44.9,4.66,61.52,21.28,0.0,0.3231,0.0,0.0
972,45.83,0.0,65.7,19.88,0.0,0.527,0.0,0.0
973,46.4,0.0,62.09,15.7,0.0,0.7174,0.0,0.0
974,46.59,6.05,43.9,3.36,0.0,0.8678,0.0,0.0
975,46.4,0.73,45.67,0.0,0.0,0.9,0.0,0.0
976,45.83,7.54,30.86,0.0,7.42,0.9,0.0,0.0
977,44.9,0.37,16.13,0.0,28.41,0.8212,0.0,0.0
978,43.66,4.92,0.0,0.0,38.74,0.5196,0.0,0.0
979,42.14,15.71,0.0,0.0,0.0,0.1083,26.43,0.0
980,40.42,16.81,0.0,0.0,0.78,0.1083,22.82,0.0
981,38.54,16.18,0.0,0.0,0.0,0.1,22.36,0.0
982,36.59,11.07,0.0,0.0,0.0,0.1,25.52,0.0
983,36.59,15.29,0.0,0.0,0.0,0.1,21.3,0.0
984,36.62,15.57,0.0,0.0,0.0,0.1,21.05,0.0
985,36.62,10.64,0.0,0.0,0.0,0.1,25.98,0.0
986,36.62,21.26,0.0,0.0,0.0,0.1,15.36,0.0
987,36.62,18.01,0.0,0.0,0.0,0.1,18.62,0.0
988,36.62,12.6,0.0,0.0,0.0,0.1,24.02,0.0
989,36.62,12.62,0.0,0.0,0.0,0.1,24.0,0.0
990,36.62,12.3,0.0,0.0,0.0,0.1,24.32,0.0
991,38.57,1.91,17.09,0.0,0.0,0.1,19.57,0.0
992,40.45,8.34,30.91,0.0,0.0,0.1,1.2,0.0
993,42.18,5.68,46.77,10.28,0.0,0.1,0.0,0.0
994,43.69,3.7,55.02,15.03,0.0,0.1985,0.0,0.0
995,44.94,0.0,44.94,0.0,0.0,0.3424,0.0,0.0
996,45.86,14.75,63.73,32.62,0.0,0.3424,0.0,0.0
997,46.43,8.85,63.15,25.57,0.0,0.655,0.0,0.0
998,46.62,5.49,29.44,0.0,11.7,0.9,0.0,0.0
999,46.43,10.88,46.03,10.48,0.0,0.7758,0.0,0.0
1000,45.86,15.17,33.18,2.48,0.0,0.8762,0.0,0.0
1001,44.94,14.2,14.92,0.0,11.0,0.9,4.81,0.0
1002,43.69,11.69,0.0,0.0,32.01,0.7832,0.0,0.0
1003,42.18,9.83,0.0,0.0,32.34,0.4434,0.0,0.0
1004,40.45,16.41,0.0,0.0,0.0,0.1,24.04,0.0
1005,38.57,16.0,0.0,0.0,0.0,0.1,22.57,0.0
1006,36.62,18.74,0.0,0.0,0.0,0.1,17.88,0.0
1007,36.62,18.07,0.0,0.0,0.0,0.1,18.55,0.0
1008,36.65,19.89,0.0,0.0,0.0,0.1,16.77,0.0
1009,36.65,13.18,0.0,0.0,0.0,0.1,23.48,0.0
1010,36.65,20.44,0.0,0.0,0.0,0.1,16.21,0.0
1011,36.65,15.14,0.0,0.0,0.0,0.1,21.51,0.0
1012,36.65,22.06,0.0,0.0,0.0,0.1,14.59,0.0
1013,36.65,9.61,0.0,0.0,0.0,0.1,27.04,0.0
1014,36.65,18.59,0.0,0.0,0.0,0.1,18.07,0.0
1015,38.6,11.14,12.83,0.0,0.0,0.1,14.63,0.0
1016,40.48,6.62,30.21,0.0,0.0,0.1,3.65,0.0
1017,42.21,6.46,45.32,9.57,0.0,0.1,0.0,0.0
1018,43.73,6.48,58.35,21.1,0.0,0.1917,0.0,0.0
1019,44.97,0.0,50.62,5.65,0.0,0.3939,0.0,0.0
1020,45.89,9.42,64.23,27.75,0.0,0.448,0.0,0.0
1021,46.46,5.01,60.87,19.42,0.0,0.7139,0.0,0.0
1022,46.65,0.0,29.81,0.0,16.85,0.9,0.0,0.0
1023,46.46,17.34,45.71,16.59,0.0,0.7211,0.0,0.0
1024,45.89,16.48,31.49,2.08,0.0,0.8801,0.0,0.0
1025,44.97,12.13,13.11,0.0,19.73,0.9,0.0,0.0
1026,43.73,11.55,0.0,0.0,32.17,0.6906,0.0,0.0
1027,42.21,12.96,0.0,0.0,23.45,0.349,5.8,0.0
1028,40.48,16.01,0.0,0.0,0.0,0.1,24.47,0.0
1029,38.6,10.09,0.0,1.48,0.0,0.1,30.0,0.0
1030,36.65,13.92,0.0,0.0,0.0,0.1142,22.74,0.0
1031,36.65,8.48,0.0,0.0,0.0,0.1142,28.17,0.0
1032,36.69,17.14,0.0,0.0,0.0,0.1142,19.54,0.0
1033,36.69,18.03,0.0,0.0,0.0,0.1142,18.66,0.0
1034,36.69,12.93,0.0,0.0,0.0,0.1142,23.75,0.0
1035,36.69,20.8,0.0,0.0,0.0,0.1142,15.89,0.0
1036,36.69,8.34,0.0,0.0,0.0,0.1142,28.35,0.0
1037,36.69,6.35,0.0,0.0,1.34,0.1142,29.0,0.0
1038,36.69,12.28,0.0,0.0,0.0,0.1,24.41,0.0
1039,38.64,14.61,16.35,0.0,0.0,0.1,7.67,0.0
1040,40.51,16.25,33.11,8.85,0.0,0.1,0.0,0.0
1041,42.24,6.51,45.24,9.51,0.0,0.1848,0.0,0.0
1042,43.76,0.0,55.27,11.51,0.0,0.276,0.0,0.0
1043,45.0,0.0,52.24,7.23,0.0,0.3863,0.0,0.0
1044,45.92,6.49,39.44,0.0,0.0,0.4556,0.0,0.0
1045,46.49,11.01,63.94,28.45,0.0,0.4556,0.0,0.0
1046,46.69,10.46,54.15,17.93,0.0,0.7282,0.0,0.0
1047,46.49,0.31,43.5,0.0,2.68,0.9,0.0,0.0
1048,45.92,15.39,33.5,2.97,0.0,0.8716,0.0,0.0
1049,45.0,15.99,16.78,0.0,0.0,0.9,12.23,0.0
1050,43.76,8.75,0.0,0.0,35.0,0.9,0.0,0.0
1051,42.24,14.06,0.0,0.0,28.18,0.5284,0.0,0.0
1052,40.51,15.46,0.0,0.0,0.0,0.2292,25.05,0.0
1053,38.64,15.36,0.0,0.0,0.0,0.2292,23.28,0.0
1054,36.69,12.65,0.0,5.97,0.0,0.2292,30.0,0.0
1055,36.69,12.57,0.0,0.0,0.0,0.2863,24.12,0.0
1056,36.72,15.34,0.0,8.62,0.0,0.2863,30.0,0.0
1057,36.72,20.16,0.0,0.0,0.0,0.3689,16.56,0.0
1058,36.72,17.14,0.0,0.0,0.0,0.3689,19.58,0.0
1059,36.72,12.69,0.0,0.0,0.0,0.3689,24.03,0.0
1060,36.72,16.57,0.0,0.0,0.0,0.3689,20.15,0.0
1061,36.72,0.57,0.0,0.0,25.33,0.3689,10.82,0.0
1062,36.72,16.06,0.0,0.0,0.0,0.1,20.66,0.0
1063,38.67,3.02,14.08,0.0,0.0,0.1,21.57,0.0
1064,40.54,7.72,33.59,0.76,0.0,0.1,0.0,0.0
1065,42.27,3.73,46.65,8.1,0.0,0.1073,0.0,0.0
1066,43.79,2.34,53.95,12.5,0.0,0.185,0.0,0.0
1067,45.03,12.11,62.88,29.96,0.0,0.3048,0.0,0.0
1068,45.96,5.22,64.07,23.33,0.0,0.5918,0.0,0.0
1069,46.53,0.0,55.36,8.83,0.0,0.8154,0.0,0.0
1070,46.72,0.0,36.47,0.0,10.24,0.9,0.0,0.0
1071,46.53,10.34,47.53,11.35,0.0,0.7912,0.0,0.0
1072,45.96,9.54,33.92,0.0,0.0,0.9,2.49,0.0
1073,45.03,4.91,13.01,0.0,15.2,0.9,11.91,0.0
1074,43.79,15.43,0.0,0.0,28.36,0.7386,0.0,0.0
1075,42.27,10.32,0.0,0.0,1.95,0.4375,30.0,0.0
1076,40.54,6.92,0.0,0.0,3.62,0.4168,30.0,0.0
1077,38.67,12.45,0.0,0.0,26.22,0.3783,0.0,0.0
1078,36.72,21.1,0.0,0.0,0.0,0.1,15.61,0.0
1079,36.72,18.82,0.0,0.0,0.0,0.1,17.9,0.0
1080,36.75,13.95,0.0,0.0,0.0,0.1,22.8,0.0
1081,36.75,13.8,0.0,0.0,0.0,0.1,22.95,0.0
1082,36.75,13.5,0.0,0.0,0.0,0.1,23.24,0.0
1083,36.75,22.78,0.0,0.0,0.0,0.1,13.97,0.0
1084,36.75,14.9,0.0,0.0,0.0,0.1,21.85,0.0
1085,36.75,14.1,0.0,0.0,0.0,0.1,22.65,0.0
1086,36.75,15.52,0.0,0.0,0.0,0.1,21.23,0.0
1087,38.7,11.17,12.95,0.0,0.0,0.1,14.58,0.0
1088,40.58,8.1,31.66,0.0,0.0,0.1,0.82,0.0
1089,42.3,7.5,45.42,10.62,0.0,0.1,0.0,0.0
1090,43.82,7.36,57.78,21.32,0.0,0.2018,0.0,0.0
1091,45.06,7.09,63.75,25.78,0.0,0.4061,0.0,0.0
1092,45.99,10.12,61.63,25.77,0.0,0.6531,0.0,0.0
1093,46.56,7.46,39.1,0.0,0.0,0.9,0.0,0.0
1094,46.75,0.0,38.21,0.0,8.54,0.9,0.0,0.0
1095,46.56,7.98,48.03,9.46,0.0,0.8094,0.0,0.0
1096,45.99,9.5,30.76,0.0,5.73,0.9,0.0,0.0
1097,45.06,1.9,17.4,0.0,25.77,0.8392,0.0,0.0
1098,43.82,15.04,0.0,0.0,14.21,0.5656,14.57,0.0
1099,42.3,13.76,0.0,0.0,0.0,0.4147,28.55,0.0
1100,40.58,17.45,0.0,0.0,23.12,0.4147,0.0,0.0
1101,38.7,2.18,0.0,0.0,6.52,0.1692,30.0,0.0
1102,36.75,23.49,0.0,0.0,0.0,0.1,13.26,0.0
1103,36.75,14.67,0.0,0.0,0.0,0.1,22.08,0.0
1104,36.78,19.93,0.0,0.0,0.0,0.1,16.85,0.0
1105,36.78,10.89,0.0,0.0,0.0,0.1,25.89,0.0
1106,36.78,17.33,0.0,0.0,0.0,0.1,19.45,0.0
1107,36.78,9.76,0.0,0.0,0.0,0.1,27.02,0.0
1108,36.78,10.68,0.0,0.0,0.0,0.1,26.09,0.0
1109,36.78,20.2,0.0,0.0,0.0,0.1,16.58,0.0
1110,36.78,10.41,0.0,0.0,0.0,0.1,26.37,0.0
1111,38.73,11.03,12.98,0.0,0.0,0.1,14.72,0.0
1112,40.61,12.73,33.44,5.56,0.0,0.1,0.0,0.0
1113,42.33,10.32,47.8,15.79,0.0,0.1533,0.0,0.0
1114,43.85,8.23,57.03,21.41,0.0,0.3046,0.0,0.0
1115,45.09,0.0,50.09,5.0,0.0,0.5097,0.0,0.0
1116,46.02,17.01,64.74,35.73,0.0,0.5576,0.0,0.0
1117,46.59,6.96,39.63,0.0,0.0,0.9,0.0,0.0
1118,46.78,8.44,27.0,0.0,11.34,0.9,0.0,0.0
1119,46.59,12.62,46.53,12.56,0.0,0.7796,0.0,0.0
1120,46.02,13.71,30.7,0.0,1.61,0.9,0.0,0.0
1121,45.09,15.04,15.89,0.0,14.16,0.8829,0.0,0.0
1122,43.85,13.84,0.0,0.0,30.01,0.7325,0.0,0.0
1123,42.33,7.53,0.0,0.0,29.57,0.4139,5.23,0.0
1124,40.61,20.04,0.0,0.0,0.0,0.1,20.57,0.0
1125,38.73,9.38,0.0,0.0,0.0,0.1,29.35,0.0
1126,36.78,16.04,0.0,0.0,0.0,0.1,20.74,0.0
1127,36.78,12.07,0.0,0.0,0.0,0.1,24.7,0.0
1128,36.81,15.02,0.0,0.0,0.0,0.1,21.78,0.0
1129,36.81,16.51,0.0,0.0,0.0,0.1,20.3,0.0
1130,36.81,16.07,0.0,0.0,0.0,0.1,20.74,0.0
1131,36.81,15.82,0.0,0.0,0.0,0.1,20.98,0.0
1132,36.81,19.9,0.0,0.0,0.0,0.1,16.9,0.0
1133,36.81,14.1,0.0,0.0,0.0,0.1,22.71,0.0
1134,36.81,10.13,0.0,0.0,0.0,0.1,26.67,0.0
1135,38.76,14.07,15.8,0.0,0.0,0.1,8.89,0.0
1136,40.64,10.83,29.81,0.0,0.0,0.1,0.0,0.0
1137,42.36,0.0,42.36,0.0,0.0,0.1,0.0,0.0
1138,43.88,10.03,36.77,2.92,0.0,0.1,0.0,0.0
1139,45.12,10.05,62.18,27.11,0.0,0.128,0.0,0.0
1140,46.05,5.77,65.49,25.21,0.0,0.3878,0.0,0.0
1141,46.62,12.84,62.02,28.25,0.0,0.6293,0.0,0.0
1142,46.81,0.0,38.06,0.0,8.75,0.9,0.0,0.0
1143,46.62,8.74,47.58,9.7,0.0,0.8071,0.0,0.0
1144,46.05,8.36,30.98,0.0,0.0,0.9,6.71,0.0
1145,45.12,10.14,13.25,0.0,0.0,0.9,21.74,0.0
1146,43.88,6.6,0.0,0.0,37.28,0.9,0.0,0.0
1147,42.36,6.25,0.0,0.0,36.11,0.5042,0.0,0.0
1148,40.64,19.82,0.0,0.0,0.0,0.1208,20.81,0.0
1149,38.76,10.57,0.0,0.0,0.0,0.1208,28.19,0.0
1150,36.81,10.63,0.0,0.0,0.0,0.1208,26.18,0.0
1151,36.81,6.23,0.0,0.0,0.58,0.1208,30.0,0.0
1152,36.84,12.59,0.0,5.75,0.0,0.1147,30.0,0.0
1153,36.84,9.61,0.0,0.0,0.0,0.1698,27.22,0.0
1154,36.84,21.49,0.0,11.07,0.0,0.1698,26.42,0.0
1155,36.84,18.21,0.0,0.0,0.0,0.2758,18.63,0.0
1156,36.84,10.31,0.0,0.0,0.0,0.2758,26.52,0.0
1157,36.84,21.5,0.0,0.0,0.0,0.2758,15.34,0.0
1158,36.84,15.16,0.0,0.0,0.0,0.2758,21.68,0.0
1159,38.79,8.68,13.55,0.0,16.56,0.2758,0.0,0.0
1160,40.67,0.0,30.74,0.0,0.0,0.1,9.92,0.0
1161,42.39,17.66,44.64,19.9,0.0,0.1,0.0,0.0
1162,43.91,1.75,57.53,15.37,0.0,0.2907,0.0,0.0
1163,45.15,0.27,56.01,11.13,0.0,0.438,0.0,0.0
1164,46.08,0.0,46.08,0.0,0.0,0.5446,0.0,0.0
1165,46.65,17.2,66.54,37.09,0.0,0.5446,0.0,0.0
1166,46.84,0.0,35.35,0.0,11.49,0.9,0.0,0.0
1167,46.65,10.5,48.87,12.73,0.0,0.778,0.0,0.0
1168,46.08,11.49,32.76,0.0,0.0,0.9,1.83,0.0
1169,45.15,13.56,15.44,0.0,0.0,0.9,16.16,0.0
1170,43.91,14.24,0.0,0.0,29.67,0.9,0.0,0.0
1171,42.39,13.33,0.0,0.0,0.55,0.585,28.52,0.0
1172,40.67,13.6,0.0,0.0,0.0,0.5792,27.07,0.0
1173,38.79,13.77,0.0,0.0,0.0,0.5792,25.02,0.0
1174,36.84,11.56,0.0,0.0,0.0,0.5792,25.28,0.0
1175,36.84,13.93,0.0,0.0,22.9,0.5792,0.0,0.0
1176,36.87,8.17,0.0,0.0,0.0,0.336,28.7,0.0
1177,36.87,14.64,0.0,0.0,22.23,0.336,0.0,0.0
1178,36.87,10.53,0.0,0.0,0.0,0.1,26.33,0.0
1179,36.87,9.4,0.0,0.0,0.0,0.1,27.47,0.0
1180,36.87,13.86,0.0,0.0,0.0,0.1,23.01,0.0
1181,36.87,17.88,0.0,0.0,0.0,0.1,18.99,0.0
1182,36.87,14.85,0.0,0.0,0.0,0.1,22.02,0.0
1183,38.82,3.46,17.95,0.0,0.0,0.1,17.41,0.0
1184,40.69,4.87,33.29,0.0,0.0,0.1,2.53,0.0
1185,42.42,5.42,48.27,11.27,0.0,0.1,0.0,0.0
1186,43.94,0.0,43.94,0.0,0.0,0.208,0.0,0.0
1187,45.18,6.11,65.29,26.22,0.0,0.208,0.0,0.0
1188,46.11,9.18,65.32,28.39,0.0,0.4592,0.0,0.0
1189,46.68,3.03,43.65,0.0,0.0,0.7312,0.0,0.0
1190,46.87,7.89,56.59,17.61,0.0,0.7312,0.0,0.0
1191,46.68,1.21,45.47,0.0,0.0,0.9,0.0,0.0
1192,46.11,6.48,34.58,0.0,0.0,0.9,5.04,0.0
1193,45.18,11.29,13.19,0.0,20.7,0.9,0.0,0.0
1194,43.94,4.44,0.0,0.0,9.5,0.6802,30.0,0.0
1195,42.42,13.94,0.0,0.0,0.0,0.5794,28.48,0.0
1196,40.69,13.03,0.0,0.0,0.0,0.5794,27.66,0.0
1197,38.82,16.26,0.0,0.0,0.0,0.5794,22.56,0.0
1198,36.87,15.56,0.0,0.0,14.56,0.5794,6.75,0.0
1199,36.87,20.7,0.0,0.0,0.0,0.4248,16.17,0.0
1200,36.9,15.65,0.0,0.0,0.0,0.4248,21.25,0.0
1201,36.9,13.21,0.0,0.0,0.0,0.4248,23.68,0.0
1202,36.9,15.08,0.0,0.0,0.0,0.4248,21.81,0.0
1203,36.9,16.17,0.0,0.0,0.0,0.4248,20.73,0.0
1204,36.9,13.26,0.0,0.0,23.63,0.4248,0.0,0.0
1205,36.9,12.23,0.0,0.0,0.0,0.1739,24.67,0.0
1206,36.9,8.08,0.0,0.0,0.0,0.1739,28.82,0.0
1207,38.85,7.17,16.61,0.0,0.0,0.1739,15.07,0.0
1208,40.72,3.1,30.65,0.0,6.96,0.1739,0.0,0.0
1209,42.45,15.31,44.44,17.3,0.0,0.1,0.0,0.0
1210,43.97,2.25,60.34,18.62,0.0,0.2657,0.0,0.0
1211,45.21,4.11,62.6,21.5,0.0,0.4441,0.0,0.0
1212,46.13,3.87,67.94,25.67,0.0,0.6501,0.0,0.0
1213,46.7,10.69,36.42,0.41,0.0,0.8961,0.0,0.0
1214,46.9,0.0,36.1,0.0,10.8,0.9,0.0,0.0
1215,46.7,13.23,45.44,11.96,0.0,0.7854,0.0,0.0
1216,46.13,6.13,33.65,0.0,0.0,0.9,6.36,0.0
1217,45.21,11.07,17.56,0.0,0.0,0.9,16.58,0.0
1218,43.97,7.53,0.0,0.0,6.44,0.9,30.0,0.0
1219,42.45,20.95,0.0,0.0,21.5,0.8316,0.0,0.0
1220,40.72,8.14,0.0,0.0,2.58,0.6033,30.0,0.0
1221,38.85,15.2,0.0,0.0,22.21,0.5759,1.43,0.0
1222,36.9,17.2,0.0,0.0,0.0,0.3401,19.69,0.0
1223,36.9,16.7,0.0,0.0,0.0,0.3401,20.19,0.0
1224,36.92,14.31,0.0,0.0,22.61,0.3401,0.0,0.0
1225,36.92,14.4,0.0,0.0,0.0,0.1,22.53,0.0
1226,36.92,14.7,0.0,0.0,0.0,0.1,22.22,0.0
1227,36.92,13.25,0.0,0.0,0.0,0.1,23.67,0.0
1228,36.92,17.0,0.0,0.0,0.0,0.1,19.92,0.0
1229,36.92,21.17,0.0,0.0,0.0,0.1,15.76,0.0
1230,36.92,8.62,0.0,0.0,0.0,0.1,28.3,0.0
1231,38.87,4.19,16.47,0.0,0.0,0.1,18.22,0.0
1232,40.75,8.5,31.48,0.0,0.0,0.1,0.78,0.0
1233,42.48,18.69,44.67,20.89,0.0,0.1,0.0,0.0
1234,43.99,4.02,48.8,8.82,0.0,0.3001,0.0,0.0
1235,45.24,13.72,62.8,31.29,0.0,0.3847,0.0,0.0
1236,46.16,0.0,46.16,0.0,0.0,0.6844,0.0,0.0
1237,46.73,4.64,64.59,22.5,0.0,0.6844,0.0,0.0
1238,46.92,0.0,32.21,0.0,14.71,0.9,0.0,0.0
1239,46.73,14.75,48.28,16.3,0.0,0.7438,0.0,0.0
1240,46.16,7.29,30.81,0.0,0.0,0.9,8.06,0.0
1241,45.24,9.02,14.39,0.0,21.83,0.9,0.0,0.0
1242,43.99,8.52,0.0,0.0,5.47,0.6683,30.0,0.0
1243,42.48,7.8,0.0,0.0,4.68,0.6102,30.0,0.0
1244,40.75,10.31,0.0,0.0,30.44,0.5605,0.0,0.0
1245,38.87,8.79,0.0,0.0,0.08,0.2374,30.0,0.0
1246,36.92,14.66,0.0,0.0,0.0,0.2365,22.26,0.0
1247,36.92,11.75,0.0,0.0,0.0,0.2365,25.18,0.0
1248,36.95,15.99,0.0,0.0,0.0,0.2365,20.96,0.0
1249,36.95,8.43,0.0,0.0,12.86,0.2365,15.66,0.0
1250,36.95,15.84,0.0,2.51,0.0,0.1,23.62,0.0
1251,36.95,17.26,0.0,0.0,0.0,0.124,19.69,0.0
1252,36.95,4.69,0.0,0.0,2.26,0.124,30.0,0.0
1253,36.95,13.5,0.0,0.0,0.0,0.1,23.45,0.0
1254,36.95,15.96,0.0,0.0,0.0,0.1,20.99,0.0
1255,38.9,4.79,15.23,0.0,0.0,0.1,18.88,0.0
1256,40.78,15.74,34.54,9.5,0.0,0.1,0.0,0.0
1257,42.51,9.68,48.54,15.71,0.0,0.191,0.0,0.0
1258,44.02,4.37,56.19,16.54,0.0,0.3416,0.0,0.0
1259,45.27,6.64,66.83,28.21,0.0,0.5001,0.0,0.0
1260,46.19,0.0,59.72,13.53,0.0,0.7704,0.0,0.0
1261,46.76,7.19,39.57,0.0,0.0,0.9,0.0,0.0
1262,46.95,9.52,33.69,0.0,3.73,0.9,0.0,0.0
1263,46.76,4.13,46.76,4.14,0.0,0.8603,0.0,0.0
1264,46.19,9.51,34.49,0.0,0.0,0.9,2.19,0.0
1265,45.27,3.95,15.79,0.0,25.52,0.9,0.0,0.0
1266,44.02,10.42,0.0,0.0,3.6,0.629,30.0,0.0
1267,42.51,8.21,0.0,0.0,4.3,0.5907,30.0,0.0
1268,40.78,9.9,0.0,0.0,0.88,0.5451,30.0,0.0
1269,38.9,18.93,0.0,0.0,19.97,0.5358,0.0,0.0
1270,36.95,18.99,0.0,0.0,0.0,0.3237,17.96,0.0
1271,36.95,17.4,0.0,0.0,0.0,0.3237,19.55,0.0
1272,36.98,10.44,0.0,0.0,21.07,0.3237,5.46,0.0
1273,36.98,13.51,0.0,0.0,0.0,0.1,23.46,0.0
1274,36.98,19.44,0.0,0.0,0.0,0.1,17.54,0.0
1275,36.98,14.34,0.0,0.0,0.0,0.1,22.64,0.0
1276,36.98,22.5,0.0,0.0,0.0,0.1,14.47,0.0
1277,36.98,13.52,0.0,0.0,0.0,0.1,23.45,0.0
1278,36.98,11.62,0.0,0.0,0.0,0.1,25.36,0.0
1279,38.93,8.47,13.31,0.0,0.0,0.1,17.15,0.0
1280,40.8,6.93,33.88,0.0,0.0,0.1,0.0,0.0
1281,42.53,7.26,35.27,0.0,0.0,0.1,0.0,0.0
1282,44.05,10.17,37.63,3.75,0.0,0.1,0.0,0.0
1283,45.29,10.78,67.46,32.95,0.0,0.1359,0.0,0.0
1284,46.22,3.42,68.23,25.44,0.0,0.4516,0.0,0.0
1285,46.79,1.3,66.84,21.36,0.0,0.6953,0.0,0.0
1286,46.98,0.0,36.67,0.0,10.31,0.9,0.0,0.0
1287,46.79,10.0,48.21,11.42,0.0,0.7905,0.0,0.0
1288,46.22,4.18,34.91,0.0,0.0,0.9,7.13,0.0
1289,45.29,0.83,18.23,0.0,0.0,0.9,26.23,0.0
1290,44.05,12.43,0.0,0.0,1.62,0.9,30.0,0.0
1291,42.53,22.22,0.0,0.0,20.31,0.8828,0.0,0.0
1292,40.8,12.87,0.0,0.0,0.0,0.6672,27.94,0.0
1293,38.93,17.23,0.0,0.0,0.0,0.6672,21.7,0.0
1294,36.98,14.75,0.0,0.0,22.23,0.6672,0.0,0.0
1295,36.98,14.41,0.0,0.0,0.0,0.4312,22.56,0.0
1296,37.0,18.72,0.0,0.0,0.0,0.4312,18.29,0.0
1297,37.0,13.56,0.0,0.0,0.0,0.4312,23.44,0.0
1298,37.0,15.46,0.0,0.0,4.26,0.4312,17.28,0.0
1299,37.0,15.03,0.0,0.0,0.0,0.386,21.98,0.0
1300,37.0,10.07,0.0,0.0,26.93,0.386,0.0,0.0
1301,37.0,15.95,0.0,0.0,0.0,0.1,21.06,0.0
1302,37.0,10.04,0.0,0.0,0.0,0.1,26.96,0.0
1303,38.95,6.56,17.46,0.0,0.0,0.1,14.93,0.0
1304,40.83,6.47,34.36,0.0,0.0,0.1,0.0,0.0
1305,42.56,4.11,46.68,8.23,0.0,0.1,0.0,0.0
1306,44.07,7.29,57.48,20.7,0.0,0.1789,0.0,0.0
1307,45.32,6.73,63.77,25.18,0.0,0.3772,0.0,0.0
1308,46.24,11.12,64.5,29.38,0.0,0.6185,0.0,0.0
1309,46.81,8.73,38.08,0.0,0.0,0.9,0.0,0.0
1310,47.0,7.07,28.74,0.0,11.19,0.9,0.0,0.0
1311,46.81,11.22,47.98,12.4,0.0,0.7812,0.0,0.0
1312,46.24,12.08,34.17,0.0,0.0,0.9,0.0,0.0
1313,45.32,12.0,16.62,0.0,0.0,0.9,16.69,0.0
1314,44.07,10.81,0.0,0.0,3.27,0.9,30.0,0.0
1315,42.56,6.4,0.0,0.0,6.16,0.8653,30.0,0.0
1316,40.83,8.42,0.0,0.0,32.41,0.8,0.0,0.0
1317,38.95,12.43,0.0,0.0,0.0,0.4559,26.52,0.0
1318,37.0,11.83,0.0,0.0,25.18,0.4559,0.0,0.0
1319,37.0,13.99,0.0,0.0,0.0,0.1886,23.01,0.0
1320,37.03,15.09,0.0,0.0,0.0,0.1886,21.94,0.0
1321,37.03,16.9,0.0,0.0,0.0,0.1886,20.12,0.0
1322,37.03,14.0,0.0,0.0,0.0,0.1886,23.02,0.0
1323,37.03,15.65,0.0,0.0,0.0,0.1886,21.38,0.0
1324,37.03,13.05,0.0,0.0,4.7,0.1886,19.28,0.0
1325,37.03,3.6,0.0,0.0,3.43,0.1387,30.0,0.0
1326,37.03,6.82,0.0,0.0,0.21,0.1023,30.0,0.0
1327,38.98,9.04,16.61,0.0,0.0,0.1,13.33,0.0
1328,40.86,3.62,30.93,0.0,0.0,0.1,6.31,0.0
1329,42.58,10.26,32.32,0.0,0.0,0.1,0.0,0.0
1330,44.1,13.46,61.59,30.95,0.0,0.1,0.0,0.0
1331,45.34,0.91,64.79,20.35,0.0,0.3966,0.0,0.0
1332,46.27,0.0,46.27,0.0,0.0,0.5916,0.0,0.0
1333,46.84,12.88,66.14,32.19,0.0,0.5916,0.0,0.0
1334,47.03,7.74,31.14,0.0,8.15,0.9,0.0,0.0
1335,46.84,6.38,49.48,9.03,0.0,0.8135,0.0,0.0
1336,46.27,6.09,34.25,0.0,0.0,0.9,5.92,0.0
1337,45.34,8.38,18.34,0.0,0.0,0.9,18.62,0.0
1338,44.1,9.1,0.0,0.0,5.0,0.9,30.0,0.0
1339,42.58,12.49,0.0,0.0,0.1,0.8469,30.0,0.0
1340,40.86,13.44,0.0,0.0,25.99,0.8459,1.43,0.0
1341,38.98,13.65,0.0,0.0,0.0,0.57,25.33,0.0
1342,37.03,16.11,0.0,0.0,0.0,0.57,20.92,0.0
1343,37.03,19.64,0.0,0.0,0.0,0.57,17.39,0.0
1344,37.05,18.73,0.0,0.0,0.0,0.57,18.33,0.0
1345,37.05,8.5,0.0,0.0,0.0,0.57,28.55,0.0
1346,37.05,3.66,0.0,0.0,3.4,0.57,30.0,0.0
1347,37.05,17.45,0.0,0.0,0.0,0.5339,19.6,0.0
1348,37.05,7.06,0.0,0.0,0.0,0.5339,30.0,0.0
1349,37.05,10.79,0.0,0.0,26.26,0.5339,0.0,0.0
1350,37.05,5.8,0.0,0.0,1.25,0.2551,30.0,0.0
1351,39.0,2.11,14.92,0.0,0.0,0.2418,21.98,0.0
1352,40.88,10.82,31.85,1.79,0.0,0.2418,0.0,0.0
1353,42.61,10.87,46.77,0.0,14.97,0.2589,0.0,30.0
1354,44.12,4.67,57.21,17.76,0.0,0.1,0.0,0.0
1355,45.37,0.0,65.06,19.69,0.0,0.2701,0.0,0.0
1356,46.29,4.24,70.22,28.17,0.0,0.4588,0.0,0.0
1357,46.86,0.0,64.74,17.88,0.0,0.7287,0.0,0.0
1358,47.05,0.93,36.05,0.0,10.07,0.9,0.0,0.0
1359,46.86,8.48,49.54,11.15,0.0,0.7931,0.0,0.0
1360,46.29,8.51,34.74,0.0,0.0,0.9,3.04,0.0
1361,45.37,11.98,13.87,0.0,0.0,0.9,19.52,0.0
1362,44.12,11.15,0.0,0.0,2.98,0.9,30.0,0.0
1363,42.61,7.69,0.0,0.0,4.92,0.8684,30.0,0.0
1364,40.88,17.68,0.0,0.0,0.0,0.8161,23.2,0.0
1365,39.0,12.92,0.0,0.0,18.71,0.8161,7.37,0.0
1366,37.05,14.12,0.0,0.0,0.0,0.6175,22.93,0.0
1367,37.05,10.78,0.0,0.0,0.0,0.6175,26.27,0.0
1368,37.08,12.9,0.0,0.0,0.0,0.6175,24.18,0.0
1369,37.08,10.93,0.0,0.0,26.15,0.6175,0.0,0.0
1370,37.08,13.46,0.0,0.0,0.0,0.3399,23.62,0.0
1371,37.08,20.61,0.0,0.0,0.0,0.3399,16.47,0.0
1372,37.08,6.98,0.0,0.0,0.1,0.3399,30.0,0.0
1373,37.08,4.98,0.0,0.0,2.1,0.3388,30.0,0.0
1374,37.08,16.69,0.0,0.0,20.39,0.3165,0.0,0.0
1375,39.03,8.65,18.16,0.0,0.0,0.1,12.22,0.0
1376,40.9,5.75,33.0,0.0,0.0,0.1,2.16,0.0
1377,42.63,0.0,50.18,7.54,0.0,0.1,0.0,0.0
1378,44.15,4.49,57.93,18.27,0.0,0.1723,0.0,0.0
1379,45.39,14.15,66.07,34.84,0.0,0.3474,0.0,0.0
1380,46.32,9.26,38.1,1.03,0.0,0.6811,0.0,0.0
1381,46.89,0.0,68.69,21.81,0.0,0.691,0.0,0.0
1382,47.08,15.94,24.77,0.0,6.37,0.9,0.0,0.0
1383,46.89,5.15,48.12,6.38,0.0,0.8324,0.0,0.0
1384,46.32,11.59,35.39,0.67,0.0,0.8936,0.0,0.0
1385,45.39,10.76,15.24,0.0,19.4,0.9,0.0,0.0
1386,44.15,15.98,0.0,0.0,0.0,0.694,28.16,0.0
1387,42.63,18.13,0.0,0.0,0.0,0.694,24.5,0.0
1388,40.9,12.8,0.0,0.0,0.0,0.694,28.11,0.0
1389,39.03,10.4,0.0,0.0,0.0,0.694,28.63,0.0
1390,37.08,16.08,0.0,0.0,0.0,0.694,20.99,0.0
1391,37.08,11.78,0.0,0.0,0.0,0.694,25.29,0.0
1392,37.1,23.02,0.0,0.0,0.0,0.694,14.08,0.0
1393,37.1,15.1,0.0,0.0,0.0,0.694,22.0,0.0
1394,37.1,12.61,0.0,0.0,0.0,0.694,24.5,0.0
1395,37.1,14.23,0.0,0.0,22.88,0.694,0.0,0.0
1396,37.1,7.02,0.0,0.0,0.08,0.4512,30.0,0.0
1397,37.1,7.58,0.0,0.0,9.96,0.4503,19.57,0.0
1398,37.1,15.5,0.0,0.0,0.0,0.3446,21.6,0.0
1399,39.05,6.74,14.54,0.0,17.77,0.3446,0.0,0.0
1400,40.93,4.12,31.54,0.0,5.27,0.1559,0.0,0.0
1401,42.66,0.0,46.46,3.81,0.0,0.1,0.0,0.0
1402,44.17,11.45,61.42,28.7,0.0,0.1365,0.0,0.0
1403,45.42,9.51,65.06,29.16,0.0,0.4115,0.0,0.0
1404,46.34,0.0,46.34,0.0,0.0,0.6909,0.0,0.0
1405,46.91,3.39,65.34,21.83,0.0,0.6909,0.0,0.0
1406,47.1,1.05,33.58,0.0,12.47,0.9,0.0,0.0
1407,46.91,13.82,46.91,13.82,0.0,0.7676,0.0,0.0
1408,46.34,7.12,34.73,0.0,0.0,0.9,4.48,0.0
1409,45.42,8.42,14.93,0.0,22.07,0.9,0.0,0.0
1410,44.17,16.03,0.0,0.0,0.0,0.6657,28.14,0.0
1411,42.66,13.91,0.0,0.0,1.06,0.6657,27.69,0.0
1412,40.93,14.49,0.0,0.0,0.0,0.6544,26.44,0.0
1413,39.05,22.43,0.0,0.0,0.0,0.6544,16.62,0.0
1414,37.1,11.45,0.0,0.0,25.65,0.6544,0.0,0.0
1415,37.1,18.38,0.0,0.0,0.0,0.3821,18.72,0.0
1416,37.12,14.85,0.0,0.0,22.27,0.3821,0.0,0.0
1417,37.12,15.59,0.0,0.0,0.0,0.1456,21.54,0.0
1418,37.12,20.39,0.0,0.0,0.0,0.1456,16.73,0.0
1419,37.12,15.5,0.0,0.0,0.0,0.1456,21.62,0.0
1420,37.12,14.77,0.0,0.0,0.0,0.1456,22.35,0.0
1421,37.12,15.99,0.0,0.0,0.0,0.1456,21.14,0.0
1422,37.12,8.96,0.0,0.0,0.0,0.1456,28.17,0.0
1423,39.08,5.92,14.64,0.0,0.0,0.1456,18.51,0.0
1424,40.95,4.07,32.58,0.0,4.3,0.1456,0.0,0.0
1425,42.68,0.0,44.98,2.3,0.0,0.1,0.0,0.0
1426,44.2,15.4,58.79,30.0,0.0,0.1221,0.0,0.0
1427,45.44,1.9,65.73,22.19,0.0,0.4095,0.0,0.0
1428,46.36,5.41,69.96,29.0,0.0,0.6221,0.0,0.0
1429,46.93,5.32,41.61,0.0,0.0,0.9,0.0,0.0
1430,47.12,8.16,28.92,0.0,10.05,0.9,0.0,0.0
1431,46.93,10.92,47.15,11.14,0.0,0.7933,0.0,0.0
1432,46.36,10.13,36.23,0.0,0.0,0.9,0.0,0.0
1433,45.44,6.98,17.06,0.0,0.0,0.9,21.4,0.0
1434,44.2,9.78,0.0,0.0,4.42,0.9,30.0,0.0
1435,42.68,12.71,0.0,0.0,0.0,0.8531,29.97,0.0
1436,40.95,11.51,0.0,0.0,0.0,0.8531,29.44,0.0
1437,39.08,20.06,0.0,0.0,0.0,0.8531,19.01,0.0
1438,37.12,16.09,0.0,0.0,0.0,0.8531,21.03,0.0
1439,37.12,17.52,0.0,0.0,0.0,0.8531,19.61,0.0
1440,37.15,17.3,0.0,0.0,0.0,0.8531,19.85,0.0
1441,37.15,19.27,0.0,0.0,17.87,0.8531,0.0,0.0
1442,37.15,14.75,0.0,0.0,0.0,0.6634,22.4,0.0
1443,37.15,7.97,0.0,0.0,24.7,0.6634,4.48,0.0
1444,37.15,14.14,0.0,0.0,0.0,0.4011,23.01,0.0
1445,37.15,8.78,0.0,0.0,28.36,0.4011,0.0,0.0
1446,37.15,8.22,0.0,0.0,0.0,0.1,28.93,0.0
1447,39.1,11.77,15.74,0.0,0.0,0.1,11.59,0.0
1448,40.97,13.47,27.5,0.0,0.0,0.1,0.0,0.0
1449,42.7,0.0,42.7,0.0,0.0,0.1,0.0,0.0
1450,44.22,8.1,62.8,26.69,0.0,0.1,0.0,0.0
1451,45.46,11.55,69.35,35.45,0.0,0.3557,0.0,0.0
1452,46.39,7.26,39.12,0.0,0.0,0.6953,0.0,0.0
1453,46.95,0.0,68.31,21.36,0.0,0.6953,0.0,0.0
1454,47.15,0.0,47.15,0.0,0.0,0.9,0.0,0.0
1455,46.95,0.18,46.77,0.0,0.0,0.9,0.0,0.0
1456,46.39,11.46,32.75,0.0,2.17,0.9,0.0,0.0
1457,45.46,10.92,14.21,0.0,0.0,0.8769,20.34,0.0
1458,44.22,15.75,0.0,0.0,0.0,0.8769,28.46,0.0
1459,42.7,14.27,0.0,0.0,0.0,0.8769,28.43,0.0
1460,40.97,11.91,0.0,0.0,0.0,0.8769,29.07,0.0
1461,39.1,8.27,0.0,0.0,22.91,0.8769,7.93,0.0
1462,37.15,13.13,0.0,0.0,24.01,0.6338,0.0,0.0
1463,37.15,10.89,0.0,0.0,26.26,0.3788,0.0,0.0
1464,37.17,12.09,0.0,0.0,0.0,0.1,25.08,0.0
1465,37.17,16.79,0.0,0.0,0.0,0.1,20.38,0.0
1466,37.17,20.86,0.0,0.0,0.0,0.1,16.31,0.0
1467,37.17,14.91,0.0,0.0,0.0,0.1,22.26,0.0
1468,37.17,7.46,0.0,0.0,0.0,0.1,29.7,0.0
1469,37.17,13.26,0.0,0.0,0.0,0.1,23.91,0.0
1470,37.17,15.31,0.0,0.0,0.0,0.1,21.86,0.0
1471,39.12,6.75,14.69,0.0,0.0,0.1,17.68,0.0
1472,41.0,6.26,34.73,0.0,0.0,0.1,0.0,0.0
1473,42.72,0.0,42.72,0.0,0.0,0.1,0.0,0.0
1474,44.24,3.51,60.07,19.33,0.0,0.1,0.0,0.0
1475,45.48,9.03,69.99,33.54,0.0,0.2852,0.0,0.0
1476,46.41,5.7,71.33,30.62,0.0,0.6066,0.0,0.0
1477,46.98,8.08,38.89,0.0,0.0,0.9,0.0,0.0
1478,47.17,0.0,39.91,0.0,7.26,0.9,0.0,0.0
1479,46.98,5.61,49.41,8.04,0.0,0.823,0.0,0.0
1480,46.41,11.27,33.84,0.0,0.0,0.9,1.29,0.0
1481,45.48,7.73,17.62,0.0,20.13,0.9,0.0,0.0
1482,44.24,17.5,0.0,0.0,0.0,0.6863,26.74,0.0
1483,42.72,9.76,0.0,0.0,23.73,0.6863,9.23,0.0
1484,41.0,13.35,0.0,0.0,0.0,0.4344,27.64,0.0
1485,39.12,17.14,0.0,0.0,0.0,0.4344,21.98,0.0
1486,37.17,8.06,0.0,0.0,0.0,0.4344,29.11,0.0
1487,37.17,7.05,0.0,0.0,0.11,0.4344,30.0,0.0
1488,37.19,8.11,0.0,0.0,0.0,0.4332,29.08,0.0
1489,37.19,19.52,0.0,0.0,0.0,0.4332,17.67,0.0
1490,37.19,11.59,0.0,0.0,25.6,0.4332,0.0,0.0
1491,37.19,23.82,0.0,0.0,0.0,0.1614,13.37,0.0
1492,37.19,10.02,0.0,0.0,0.0,0.1614,27.17,0.0
1493,37.19,12.12,0.0,0.0,0.0,0.1614,25.07,0.0
1494,37.19,16.68,0.0,0.0,0.0,0.1614,20.51,0.0
1495,39.14,17.53,15.83,0.0,5.78,0.1614,0.0,0.0
1496,41.02,16.76,35.78,11.52,0.0,0.1,0.0,0.0
1497,42.75,0.0,42.75,0.0,0.0,0.2104,0.0,0.0
1498,44.26,10.94,58.97,25.65,0.0,0.2104,0.0,0.0
1499,45.5,8.74,69.2,32.44,0.0,0.4561,0.0,0.0
1500,46.43,9.37,50.95,13.89,0.0,0.7669,0.0,0.0
1501,47.0,4.0,43.0,0.0,0.0,0.9,0.0,0.0
1502,47.19,3.31,35.78,0.0,8.1,0.9,0.0,0.0
1503,47.0,7.34,48.63,8.98,0.0,0.814,0.0,0.0
1504,46.43,7.51,34.2,0.0,0.0,0.9,4.72,0.0
1505,45.5,7.34,16.87,0.0,0.0,0.9,21.3,0.0
1506,44.26,13.17,0.0,0.0,17.59,0.9,13.5,0.0
1507,42.75,15.32,0.0,0.0,0.0,0.7133,27.43,0.0
1508,41.02,12.72,0.0,0.0,0.0,0.7133,28.29,0.0
1509,39.14,19.34,0.0,0.0,0.0,0.7133,19.8,0.0
1510,37.19,9.14,0.0,0.0,0.0,0.7133,28.05,0.0
1511,37.19,13.49,0.0,0.0,0.0,0.7133,23.7,0.0
1512,37.21,11.4,0.0,0.0,25.81,0.7133,0.0,0.0
1513,37.21,6.49,0.0,0.0,0.72,0.4392,30.0,0.0
1514,37.21,13.47,0.0,0.0,0.0,0.4316,23.74,0.0
1515,37.21,12.65,0.0,0.0,0.0,0.4316,24.56,0.0
1516,37.21,18.57,0.0,0.0,0.0,0.4316,18.64,0.0
1517,37.21,13.91,0.0,0.0,0.0,0.4316,23.3,0.0
1518,37.21,5.98,0.0,0.0,31.23,0.4316,0.0,0.0
1519,39.16,16.83,15.61,0.0,0.0,0.1,6.72,0.0
1520,41.04,6.09,34.95,0.0,0.0,0.1,0.0,0.0
1521,42.77,0.49,50.85,8.57,0.0,0.1,0.0,0.0
1522,44.28,5.7,59.16,20.58,0.0,0.1821,0.0,0.0
1523,45.52,0.0,71.06,25.53,0.0,0.3792,0.0,0.0
1524,46.45,4.54,70.73,28.81,0.0,0.6239,0.0,0.0
1525,47.02,10.73,36.29,0.0,0.0,0.9,0.0,0.0
1526,47.21,0.0,34.59,0.0,12.62,0.9,0.0,0.0
1527,47.02,13.69,47.32,13.99,0.0,0.766,0.0,0.0
1528,46.45,6.13,32.5,0.0,7.83,0.9,0.0,0.0
1529,45.52,4.51,18.11,0.0,0.0,0.8169,22.9,0.0
1530,44.28,10.81,0.0,0.0,3.47,0.8169,30.0,0.0
1531,42.77,3.97,0.0,0.0,31.76,0.78,7.04,0.0
1532,41.04,13.63,0.0,0.0,0.0,0.4428,27.4,0.0
1533,39.16,12.54,0.0,0.0,26.62,0.4428,0.0,0.0
1534,37.21,11.88,0.0,0.0,0.0,0.1602,25.33,0.0
1535,37.21,7.62,0.0,0.41,0.0,0.1602,30.0,0.0
1536,37.23,16.43,0.0,0.0,0.0,0.1641,20.8,0.0
1537,37.23,11.96,0.0,0.0,0.0,0.1641,25.27,0.0
1538,37.23,8.9,0.0,0.0,0.0,0.1641,28.33,0.0
1539,37.23,1.19,0.0,0.0,6.04,0.1641,30.0,0.0
1540,37.23,12.12,0.0,0.0,0.0,0.1,25.11,0.0
1541,37.23,18.58,0.0,0.0,0.0,0.1,18.65,0.0
1542,37.23,17.04,0.0,0.0,0.0,0.1,20.19,0.0
1543,39.18,7.19,14.88,0.0,0.0,0.1,17.1,0.0
1544,41.06,5.45,35.61,0.0,0.0,0.1,0.0,0.0
1545,42.79,0.0,42.79,0.0,0.0,0.1,0.0,0.0
1546,44.3,0.0,44.3,0.0,0.0,0.1,0.0,0.0
1547,45.54,7.41,70.92,32.78,0.0,0.1,0.0,0.0
1548,46.47,0.0,73.82,27.35,0.0,0.4141,0.0,0.0
1549,47.04,0.72,69.68,23.36,0.0,0.6762,0.0,0.0
1550,47.23,0.0,36.97,0.0,10.26,0.9,0.0,0.0
1551,47.04,6.39,52.02,11.37,0.0,0.7911,0.0,0.0
1552,46.47,4.45,34.14,0.0,7.88,0.9,0.0,0.0
1553,45.54,5.66,18.27,0.0,0.0,0.8163,21.61,0.0
1554,44.3,9.22,0.0,0.0,29.12,0.8163,5.96,0.0
1555,42.79,12.75,0.0,0.0,0.03,0.5072,30.0,0.0
1556,41.06,16.02,0.0,0.0,25.04,0.5069,0.0,0.0
1557,39.18,9.76,0.0,0.0,0.0,0.241,29.42,0.0
1558,37.23,19.93,0.0,0.0,0.0,0.241,17.3,0.0
1559,37.23,13.04,0.0,0.0,0.0,0.241,24.19,0.0
1560,37.25,14.15,0.0,0.0,0.0,0.241,23.1,0.0
1561,37.25,11.0,0.0,0.0,0.0,0.241,26.25,0.0
1562,37.25,3.64,0.0,0.0,3.61,0.241,30.0,0.0
1563,37.25,16.69,0.0,0.0,0.0,0.2027,20.56,0.0
1564,37.25,15.22,0.0,0.0,0.0,0.2027,22.03,0.0
1565,37.25,10.0,0.0,0.0,0.0,0.2027,27.25,0.0
1566,37.25,10.37,0.0,0.0,0.0,0.2027,26.88,0.0
1567,39.2,11.16,18.37,0.0,9.67,0.2027,0.0,0.0
1568,41.08,1.55,34.86,0.0,0.0,0.1,4.67,0.0
1569,42.8,4.97,49.23,11.4,0.0,0.1,0.0,0.0
1570,44.32,0.0,44.32,0.0,0.0,0.2092,0.0,0.0
1571,45.56,0.9,68.76,24.09,0.0,0.2092,0.0,0.0
1572,46.49,0.0,73.49,27.0,0.0,0.4401,0.0,0.0
1573,47.06,0.47,67.58,21.0,0.0,0.6988,0.0,0.0
1574,47.25,0.0,37.53,0.0,9.72,0.9,0.0,0.0
1575,47.06,7.02,50.81,10.77,0.0,0.7968,0.0,0.0
1576,46.49,1.33,34.45,0.0,0.0,0.9,10.7,0.0
1577,45.56,13.85,15.0,0.0,0.0,0.9,16.71,0.0
1578,44.32,7.05,0.0,0.0,7.27,0.9,30.0,0.0
1579,42.8,7.81,0.0,0.0,13.49,0.8228,21.5,0.0
1580,41.08,13.0,0.0,0.0,0.0,0.6796,28.08,0.0
1581,39.2,17.79,0.0,0.0,0.0,0.6796,21.41,0.0
1582,37.25,9.48,0.0,0.0,0.0,0.6796,27.77,0.0
1583,37.25,14.35,0.0,0.0,0.0,0.6796,22.9,0.0
1584,37.27,15.95,0.0,0.0,0.0,0.6796,21.32,0.0
1585,37.27,16.91,0.0,0.0,0.0,0.6796,20.36,0.0
1586,37.27,14.35,0.0,0.0,22.92,0.6796,0.0,0.0
1587,37.27,11.44,0.0,0.0,0.0,0.4363,25.83,0.0
1588,37.27,8.67,0.0,0.0,0.0,0.4363,28.59,0.0
1589,37.27,11.46,0.0,0.0,0.0,0.4363,25.81,0.0
1590,37.27,5.59,0.0,0.0,31.68,0.4363,0.0,0.0
1591,39.22,0.0,15.76,0.0,0.0,0.1,23.46,0.0
1592,41.09,6.79,34.3,0.0,0.0,0.1,0.0,0.0
1593,42.82,0.0,48.54,5.72,0.0,0.1,0.0,0.0
1594,44.34,0.0,63.15,18.81,0.0,0.1548,0.0,0.0
1595,45.58,1.85,68.93,25.19,0.0,0.3351,0.0,0.0
1596,46.51,0.0,55.72,9.22,0.0,0.5765,0.0,0.0
1597,47.08,0.0,71.63,24.55,0.0,0.6648,0.0,0.0
1598,47.27,0.0,41.17,0.0,6.09,0.9,0.0,0.0
1599,47.08,4.09,49.74,6.75,0.0,0.8353,0.0,0.0
1600,46.51,7.2,35.04,0.0,4.26,0.9,0.0,0.0
1601,45.58,14.66,18.73,0.0,0.0,0.8548,12.19,0.0
1602,44.34,7.36,0.0,0.0,24.35,0.8548,12.63,0.0
1603,42.82,7.79,0.0,0.0,5.03,0.5962,30.0,0.0
1604,41.09,10.1,0.0,0.0,0.99,0.5428,30.0,0.0
1605,39.22,9.01,0.0,0.0,0.21,0.5323,30.0,0.0
1606,37.27,14.13,0.0,0.0,23.14,0.5301,0.0,0.0
1607,37.27,20.77,0.0,0.0,16.5,0.2844,0.0,0.0
1608,37.29,15.45,0.0,0.0,0.0,0.1092,21.84,0.0
1609,37.29,12.92,0.0,0.0,0.0,0.1092,24.36,0.0
1610,37.29,12.35,0.0,0.0,0.0,0.1092,24.94,0.0
1611,37.29,6.42,0.0,0.0,0.87,0.1092,30.0,0.0
1612,37.29,15.7,0.0,0.0,0.0,0.1,21.59,0.0
1613,37.29,10.72,0.0,0.0,0.0,0.1,26.57,0.0
1614,37.29,9.22,0.0,0.0,0.0,0.1,28.07,0.0
1615,39.24,22.12,18.18,1.07,0.0,0.1,0.0,0.0
1616,41.11,9.13,31.02,0.0,0.96,0.1102,0.0,0.0
1617,42.84,3.92,52.34,13.42,0.0,0.1,0.0,0.0
1618,44.36,4.61,61.62,21.87,0.0,0.2286,0.0,0.0
1619,45.6,10.72,68.93,34.06,0.0,0.4381,0.0,0.0
1620,46.52,0.0,60.67,14.15,0.0,0.7645,0.0,0.0
1621,47.09,0.0,15.5,0.0,31.6,0.9,0.0,0.0
1622,47.29,10.19,61.48,24.38,0.0,0.5645,0.0,0.0
1623,47.09,4.27,48.58,5.75,0.0,0.7982,0.0,0.0
1624,46.52,15.66,35.74,4.87,0.0,0.8533,0.0,0.0
1625,45.6,13.37,15.67,0.0,16.56,0.9,0.0,0.0
1626,44.36,8.11,0.0,0.0,36.24,0.7242,0.0,0.0
1627,42.84,16.35,0.0,0.0,0.0,0.3394,26.49,0.0
1628,41.11,12.32,0.0,0.0,22.55,0.3394,6.24,0.0
1629,39.24,16.43,0.0,0.0,0.0,0.1,22.81,0.0
1630,37.29,15.56,0.0,0.0,0.0,0.1,21.72,0.0
1631,37.29,10.46,0.0,0.0,0.0,0.1,26.82,0.0
1632,37.3,11.38,0.0,0.0,0.0,0.1,25.92,0.0
1633,37.3,18.17,0.0,0.0,0.0,0.1,19.13,0.0
1634,37.3,12.1,0.0,0.0,0.0,0.1,25.2,0.0
1635,37.3,11.16,0.0,0.0,0.0,0.1,26.14,0.0
1636,37.3,8.02,0.0,0.0,0.0,0.1,29.29,0.0
1637,37.3,12.73,0.0,0.0,0.0,0.1,24.57,0.0
1638,37.3,18.45,0.0,0.0,0.0,0.1,18.86,0.0
1639,39.25,4.41,15.33,0.0,0.0,0.1,19.52,0.0
1640,41.13,4.59,36.54,0.0,0.0,0.1,0.0,0.0
1641,42.86,0.0,42.86,0.0,0.0,0.1,0.0,0.0
1642,44.37,0.0,44.37,0.0,0.0,0.1,0.0,0.0
1643,45.62,0.28,72.23,26.9,0.0,0.1,0.0,0.0
1644,46.54,1.36,72.49,27.31,0.0,0.3577,0.0,0.0
1645,47.11,7.67,68.72,29.29,0.0,0.6194,0.0,0.0
1646,47.3,0.0,32.25,0.0,15.05,0.9,0.0,0.0
1647,47.11,11.06,48.96,12.91,0.0,0.7402,0.0,0.0
1648,46.54,12.75,37.57,3.77,0.0,0.8638,0.0,0.0
1649,45.62,19.56,16.09,0.0,9.97,0.9,0.0,0.0
1650,44.37,12.3,0.0,0.0,32.07,0.7942,0.0,0.0
1651,42.86,12.32,0.0,0.0,30.53,0.4537,0.0,0.0
1652,41.13,12.78,0.0,0.0,2.78,0.1295,25.57,0.0
1653,39.25,11.37,0.0,0.0,0.0,0.1,27.89,0.0
1654,37.3,14.89,0.0,0.0,0.0,0.1,22.41,0.0
1655,37.3,12.68,0.0,0.0,0.0,0.1,24.62,0.0
1656,37.32,14.68,0.0,0.0,0.0,0.1,22.64,0.0
1657,37.32,19.3,0.0,0.0,0.0,0.1,18.02,0.0
1658,37.32,9.25,0.0,0.0,0.0,0.1,28.07,0.0
1659,37.32,17.49,0.0,0.0,0.0,0.1,19.83,0.0
1660,37.32,17.36,0.0,3.85,0.0,0.1,23.81,0.0
1661,37.32,10.42,0.0,3.1,0.0,0.1369,30.0,0.0
1662,37.32,1.04,0.0,0.0,6.28,0.1666,30.0,0.0
1663,39.27,6.24,19.33,0.0,0.0,0.1,13.7,0.0
1664,41.15,13.14,33.07,5.06,0.0,0.1,0.0,0.0
1665,42.87,1.69,53.0,11.81,0.0,0.1485,0.0,0.0
1666,44.39,2.11,61.25,18.96,0.0,0.2617,0.0,0.0
1667,45.63,0.0,45.63,0.0,0.0,0.4434,0.0,0.0
1668,46.56,0.0,73.0,26.44,0.0,0.4434,0.0,0.0
1669,47.13,0.0,68.34,21.21,0.0,0.6968,0.0,0.0
1670,47.32,0.0,40.2,0.0,7.11,0.9,0.0,0.0
1671,47.13,5.39,49.62,7.88,0.0,0.8245,0.0,0.0
1672,46.56,6.14,34.66,0.0,5.76,0.9,0.0,0.0
1673,45.63,4.94,16.25,0.0,24.44,0.8388,0.0,0.0
1674,44.39,16.53,0.0,0.0,27.86,0.5793,0.0,0.0
1675,42.87,9.57,0.0,0.0,17.29,0.2835,16.02,0.0
1676,41.15,16.95,0.0,0.0,0.0,0.1,24.2,0.0
1677,39.27,19.07,0.0,0.0,0.0,0.1,20.2,0.0
1678,37.32,17.56,0.0,3.77,0.0,0.1,23.53,0.0
1679,37.32,12.05,0.0,0.0,0.0,0.1361,25.27,0.0
1680,37.33,15.59,0.0,8.25,0.0,0.1361,30.0,0.0
1681,37.33,13.67,0.0,6.34,0.0,0.2152,30.0,0.0
1682,37.33,9.61,0.0,2.28,0.0,0.2759,30.0,0.0
1683,37.33,14.04,0.0,6.71,0.0,0.2977,30.0,0.0
1684,37.33,6.96,0.0,0.0,0.38,0.362,30.0,0.0
1685,37.33,15.76,0.0,8.43,0.0,0.358,30.0,0.0
1686,37.33,7.84,0.0,0.51,0.0,0.4387,30.0,0.0
1687,39.29,9.53,15.64,15.88,0.0,0.4436,30.0,0.0
1688,41.16,8.87,37.93,0.0,24.36,0.5958,0.0,30.0
1689,42.89,5.77,49.28,0.0,17.85,0.3372,0.0,30.0
1690,44.41,8.61,64.25,0.0,1.55,0.1477,0.0,30.0
1691,45.65,3.8,68.9,0.0,2.95,0.1313,0.0,30.0
1692,46.57,9.24,75.81,19.21,0.0,0.1,0.0,19.26
1693,47.14,0.19,71.98,25.03,0.0,0.2841,0.0,0.0
1694,47.33,6.7,62.98,22.35,0.0,0.5239,0.0,0.0
1695,47.14,14.87,49.17,16.9,0.0,0.7381,0.0,0.0
1696,46.57,3.55,37.62,0.0,0.0,0.9,5.4,0.0
1697,45.65,5.89,15.68,0.0,50.0,0.9,0.0,25.92
1698,44.41,11.9,0.0,0.0,2.51,0.3692,30.0,0.0
1699,42.89,11.59,0.0,0.0,22.84,0.3425,8.46,0.0
1700,41.16,13.29,0.0,0.0,0.0,0.1,27.87,0.0
1701,39.29,14.73,0.0,0.0,0.0,0.1,24.56,0.0
1702,37.33,15.99,0.0,0.0,0.0,0.1,21.35,0.0
1703,37.33,18.37,0.0,0.0,0.0,0.1,18.97,0.0
1704,37.35,15.54,0.0,6.21,0.0,0.1,28.02,0.0
1705,37.35,12.7,0.0,5.36,0.0,0.1595,30.0,0.0
1706,37.35,16.08,0.0,8.73,0.0,0.2108,30.0,0.0
1707,37.35,20.5,0.0,13.15,0.0,0.2945,30.0,0.0
1708,37.35,11.22,0.0,3.87,0.0,0.4205,30.0,0.0
1709,37.35,6.74,0.0,0.0,0.61,0.4576,30.0,0.0
1710,37.35,14.29,0.0,6.94,0.0,0.4511,30.0,0.0
1711,39.3,8.13,15.08,13.91,0.0,0.5176,30.0,0.0
1712,41.18,0.0,34.41,0.0,36.76,0.6509,0.0,30.0
1713,42.91,10.28,53.21,0.0,9.41,0.2606,0.0,30.0
1714,44.42,3.9,64.81,0.0,5.71,0.1607,0.0,30.0
1715,45.66,5.14,70.53,0.0,0.0,0.1,0.0,30.0
1716,46.59,6.93,74.93,16.44,0.0,0.1,0.0,18.83
1717,47.16,6.49,71.84,31.17,0.0,0.2575,0.0,0.0
1718,47.35,9.05,64.95,26.65,0.0,0.5562,0.0,0.0
1719,47.16,4.97,51.41,9.23,0.0,0.8116,0.0,0.0
1720,46.59,9.76,33.91,0.0,0.0,0.9,2.92,0.0
1721,45.66,7.55,18.6,0.0,0.0,0.9,19.51,0.0
1722,44.42,12.76,0.0,0.0,25.35,0.9,6.31,0.0
1723,42.91,13.32,0.0,0.0,0.0,0.6308,29.58,0.0
1724,41.18,7.9,0.0,0.0,50.0,0.6308,0.0,16.72
1725,39.3,17.13,0.0,7.83,0.0,0.1,30.0,0.0
1726,37.35,11.07,0.0,3.72,0.0,0.175,30.0,0.0
1727,37.35,17.05,0.0,9.7,0.0,0.2107,30.0,0.0
1728,37.36,15.3,0.0,7.94,0.0,0.3037,30.0,0.0
1729,37.36,21.25,0.0,13.89,0.0,0.3797,30.0,0.0
1730,37.36,12.3,0.0,4.93,0.0,0.5128,30.0,0.0
1731,37.36,11.12,0.0,0.0,24.65,0.56,1.6,0.0
1732,37.36,11.63,0.0,4.26,0.0,0.2984,30.0,0.0
1733,37.36,9.45,0.0,2.09,0.0,0.3392,30.0,0.0
1734,37.36,12.95,0.0,0.0,24.41,0.3592,0.0,0.0
1735,39.31,1.87,19.31,0.0,0.0,0.1,18.14,0.0
1736,41.19,3.2,37.9,23.38,0.0,0.1,23.47,0.0
1737,42.92,2.28,49.93,0.0,20.71,0.324,0.0,30.0
1738,44.44,9.98,64.06,0.0,0.39,0.1042,0.0,30.0
1739,45.68,12.72,70.85,7.89,0.0,0.1,0.0,30.0
1740,46.6,5.06,74.87,33.31,0.0,0.1756,0.0,0.02
1741,47.17,4.93,70.31,28.07,0.0,0.4948,0.0,0.0
1742,47.36,6.34,62.42,0.0,0.0,0.7637,0.0,21.39
1743,47.17,11.52,49.87,14.22,0.0,0.7637,0.0,0.0
1744,46.6,3.72,35.21,0.0,0.0,0.9,7.67,0.0
1745,45.68,9.55,15.44,0.0,0.0,0.9,20.68,0.0
1746,44.44,13.68,0.0,0.0,0.76,0.9,30.0,0.0
1747,42.92,12.78,0.0,0.0,6.0,0.8919,24.14,0.0
1748,41.19,12.49,0.0,0.0,50.0,0.8282,0.0,21.3
1749,39.31,16.71,0.0,7.4,0.0,0.2974,30.0,0.0
1750,37.36,2.02,0.0,0.0,5.34,0.3683,30.0,0.0
1751,37.36,16.45,0.0,9.08,0.0,0.3116,30.0,0.0
1752,37.38,11.0,0.0,3.62,0.0,0.3986,30.0,0.0
1753,37.38,5.98,0.0,0.0,31.39,0.4333,0.0,0.0
1754,37.38,15.27,0.0,7.9,0.0,0.1,30.0,0.0
1755,37.38,18.19,0.0,10.81,0.0,0.1757,30.0,0.0
1756,37.38,11.07,0.0,3.69,0.0,0.2792,30.0,0.0
1757,37.38,14.59,0.0,7.21,0.0,0.3146,30.0,0.0
1758,37.38,16.25,0.0,8.87,0.0,0.3837,30.0,0.0
1759,39.33,13.94,15.89,2.46,0.0,0.4687,11.96,0.0
1760,41.2,14.29,37.95,0.0,18.96,0.4923,0.0,30.0
1761,42.93,9.71,52.49,0.0,10.73,0.291,0.0,30.0
1762,44.45,6.29,65.78,0.0,2.37,0.1771,0.0,30.0
1763,45.69,0.0,70.81,0.0,4.89,0.1519,0.0,30.0
1764,46.62,4.4,75.13,8.73,0.0,0.1,0.0,24.19
1765,47.19,2.07,74.52,29.4,0.0,0.1836,0.0,0.0
1766,47.38,14.97,65.5,33.1,0.0,0.4653,0.0,0.0
1767,47.19,5.91,53.54,12.26,0.0,0.7825,0.0,0.0
1768,46.62,8.01,38.2,0.0,0.0,0.9,0.41,0.0
1769,45.69,10.78,17.33,0.0,0.0,0.9,17.58,0.0
1770,44.45,9.75,0.0,0.0,4.7,0.9,30.0,0.0
1771,42.93,17.66,0.0,0.0,50.0,0.8501,0.0,24.73
1772,41.2,9.06,0.0,0.0,3.19,0.3192,28.95,0.0
1773,39.33,13.3,0.0,3.97,0.0,0.2854,30.0,0.0
1774,37.38,10.08,0.0,2.7,0.0,0.3234,30.0,0.0
1775,37.38,8.1,0.0,0.72,0.0,0.3493,30.0,0.0
1776,37.39,11.11,0.0,0.0,0.0,0.3562,26.28,0.0
1777,37.39,13.35,0.0,5.96,0.0,0.3562,30.0,0.0
1778,37.39,11.31,0.0,3.92,0.0,0.4133,30.0,0.0
1779,37.39,9.56,0.0,2.17,0.0,0.4509,30.0,0.0
1780,37.39,5.74,0.0,0.0,1.65,0.4717,30.0,0.0
1781,37.39,10.23,0.0,2.84,0.0,0.4542,30.0,0.0
1782,37.39,3.26,0.0,0.0,4.13,0.4814,30.0,0.0
1783,39.34,11.58,19.21,21.45,0.0,0.4376,30.0,0.0
1784,41.22,7.77,36.48,0.0,26.97,0.6431,0.0,30.0
1785,42.95,0.53,51.75,0.0,20.67,0.3567,0.0,30.0
1786,44.46,4.63,66.32,0.0,3.52,0.1373,0.0,30.0
1787,45.71,2.38,74.72,31.4,0.0,0.1,0.0,0.0
1788,46.63,6.68,55.85,0.0,14.1,0.4009,0.0,30.0
1789,47.2,11.05,71.61,35.46,0.0,0.2512,0.0,0.0
1790,47.39,0.0,66.29,18.9,0.0,0.591,0.0,0.0
1791,47.2,7.05,53.5,13.35,0.0,0.7721,0.0,0.0
1792,46.63,6.76,35.38,0.0,0.0,0.9,4.48,0.0
1793,45.71,11.21,15.72,0.0,0.0,0.9,18.77,0.0
1794,44.46,10.38,0.0,0.0,16.33,0.9,17.75,0.0
1795,42.95,7.46,0.0,0.0,5.49,0.7266,30.0,0.0
1796,41.22,10.25,0.0,0.0,50.0,0.6683,0.0,19.03
1797,39.34,9.13,0.0,0.0,0.21,0.1375,30.0,0.0
1798,37.39,17.55,0.0,10.16,0.0,0.1352,30.0,0.0
1799,37.39,13.59,0.0,6.2,0.0,0.2325,30.0,0.0
1800,37.4,21.45,0.0,14.05,0.0,0.2919,30.0,0.0
1801,37.4,13.18,0.0,5.78,0.0,0.4265,30.0,0.0
1802,37.4,10.08,0.0,2.68,0.0,0.4819,30.0,0.0
1803,37.4,6.09,0.0,0.0,1.31,0.5076,30.0,0.0
1804,37.4,4.03,0.0,0.0,3.37,0.4937,30.0,0.0
1805,37.4,3.94,0.0,0.0,3.46,0.4579,30.0,0.0
1806,37.4,10.54,0.0,3.13,0.0,0.4211,30.0,0.0
1807,39.35,10.47,16.29,17.41,0.0,0.4511,30.0,0.0
1808,41.23,0.81,37.52,0.0,32.91,0.6179,0.0,30.0
1809,42.96,10.21,50.45,0.0,12.3,0.2686,0.0,30.0
1810,44.47,3.84,67.05,0.0,3.58,0.138,0.0,30.0
1811,45.72,6.04,74.04,4.36,0.0,0.1,0.0,30.0
1812,46.64,11.97,76.36,41.69,0.0,0.1417,0.0,0.0
1813,47.21,9.14,74.73,7.23,0.0,0.5412,0.0,29.44
1814,47.4,4.73,66.18,23.51,0.0,0.6104,0.0,0.0
1815,47.21,2.81,51.12,6.72,0.0,0.8356,0.0,0.0
1816,46.64,0.0,37.58,0.0,0.0,0.9,9.06,0.0
1817,45.72,5.38,17.62,0.0,50.0,0.9,0.0,27.29
1818,44.47,8.56,0.0,0.0,5.92,0.3692,30.0,0.0
1819,42.96,6.41,0.0,0.0,6.55,0.3063,30.0,0.0
1820,41.23,10.96,0.0,0.0,12.89,0.2368,17.38,0.0
1821,39.35,12.68,0.0,0.0,0.0,0.1,26.67,0.0
1822,37.4,12.09,0.0,0.35,0.0,0.1,25.67,0.0
1823,37.4,10.74,0.0,0.0,0.0,0.1034,26.66,0.0
1824,37.41,14.2,0.0,0.0,0.0,0.1034,23.21,0.0
1825,37.41,15.2,0.0,0.0,0.0,0.1034,22.22,0.0
1826,37.41,8.43,0.0,1.02,0.0,0.1034,30.0,0.0
1827,37.41,18.14,0.0,0.0,0.0,0.1131,19.28,0.0
1828,37.41,11.03,0.0,0.0,0.0,0.1131,26.39,0.0
1829,37.41,10.51,0.0,3.1,0.0,0.1131,30.0,0.0
1830,37.41,12.3,0.0,4.88,0.0,0.1428,30.0,0.0
1831,39.37,9.26,19.44,19.33,0.0,0.1896,30.0,0.0
1832,41.24,11.24,34.12,0.0,25.88,0.3748,0.0,30.0
1833,42.97,7.62,53.4,18.05,0.0,0.1,0.0,0.0
1834,44.49,3.24,55.31,0.0,15.93,0.273,0.0,30.0
1835,45.73,6.86,70.81,1.94,0.0,0.1038,0.0,30.0
1836,46.65,0.48,75.17,28.99,0.0,0.1224,0.0,0.0
1837,47.22,5.81,71.18,29.77,0.0,0.4001,0.0,0.0
1838,47.41,5.64,64.18,22.4,0.0,0.6854,0.0,0.0
1839,47.22,5.57,51.02,0.0,0.0,0.9,0.0,9.37
1840,46.65,6.76,36.75,0.0,0.0,0.9,3.15,0.0
1841,45.73,0.49,15.51,0.0,50.0,0.9,0.0,20.28
1842,44.49,7.09,0.0,0.0,7.4,0.3692,30.0,0.0
1843,42.97,10.82,0.0,0.0,16.62,0.2906,15.53,0.0
1844,41.24,12.1,0.0,0.0,0.0,0.1141,29.14,0.0
1845,39.37,8.03,0.0,0.0,1.33,0.1141,30.0,0.0
1846,37.41,18.19,0.0,0.0,0.0,0.1,19.22,0.0
1847,37.41,9.78,0.0,0.0,0.0,0.1,27.64,0.0
1848,37.43,17.45,0.0,1.06,0.0,0.1,21.04,0.0
1849,37.43,15.07,0.0,0.0,0.0,0.1102,22.36,0.0
1850,37.43,10.2,0.0,2.78,0.0,0.1102,30.0,0.0
1851,37.43,19.58,0.0,12.15,0.0,0.1368,30.0,0.0
1852,37.43,6.42,0.0,0.0,1.01,0.2533,30.0,0.0
1853,37.43,14.17,0.0,6.75,0.0,0.2426,30.0,0.0
1854,37.43,13.44,0.0,6.01,0.0,0.3073,30.0,0.0
1855,39.38,5.44,20.08,16.15,0.0,0.3649,30.0,0.0
1856,41.25,12.99,35.35,0.0,22.91,0.5196,0.0,30.0
1857,42.98,5.33,51.45,0.0,16.2,0.2764,0.0,30.0
1858,44.5,6.9,67.18,0.0,0.41,0.1044,0.0,30.0
1859,45.74,6.37,71.82,2.45,0.0,0.1,0.0,30.0
1860,46.66,4.59,76.88,34.81,0.0,0.1235,0.0,0.0
1861,47.23,8.65,72.99,34.41,0.0,0.457,0.0,0.0
1862,47.43,8.99,65.0,11.82,0.0,0.7867,0.0,14.75
1863,47.23,0.0,50.97,0.0,0.0,0.9,0.0,3.74
1864,46.66,12.63,36.42,0.0,0.0,0.9,0.0,2.38
1865,45.74,1.33,16.0,0.0,0.0,0.9,28.41,0.0
1866,44.5,13.57,0.0,0.0,50.0,0.9,0.0,19.08
1867,42.98,15.03,0.0,2.05,0.0,0.3692,30.0,0.0
1868,41.25,6.84,0.0,0.0,8.26,0.3888,26.15,0.0
1869,39.38,10.52,0.0,1.14,0.0,0.3011,30.0,0.0
1870,37.43,8.3,0.0,0.87,0.0,0.3121,30.0,0.0
1871,37.43,12.4,0.0,4.98,0.0,0.3205,30.0,0.0
1872,37.44,12.09,0.0,4.66,0.0,0.3682,30.0,0.0
1873,37.44,16.46,0.0,9.02,0.0,0.4128,30.0,0.0
1874,37.44,18.24,0.0,0.0,19.19,0.4993,0.0,0.0
1875,37.44,17.94,0.0,10.5,0.0,0.2955,30.0,0.0
1876,37.44,8.97,0.0,1.53,0.0,0.3961,30.0,0.0
1877,37.44,9.43,0.0,1.99,0.0,0.4108,30.0,0.0
1878,37.44,2.25,0.0,0.0,5.19,0.4299,30.0,0.0
1879,39.39,4.81,18.66,14.09,0.0,0.3748,30.0,0.0
1880,41.26,11.15,36.81,0.0,23.3,0.5098,0.0,30.0
1881,42.99,12.99,54.54,0.0,5.46,0.2624,0.0,30.0
1882,44.51,0.52,64.15,0.0,9.84,0.2044,0.0,30.0
1883,45.75,2.77,74.7,1.71,0.0,0.1,0.0,30.0
1884,46.67,4.97,77.83,36.13,0.0,0.1164,0.0,0.0
1885,47.24,6.38,75.3,34.44,0.0,0.4626,0.0,0.0
1886,47.44,2.28,64.68,11.21,0.0,0.7926,0.0,8.32
1887,47.24,8.05,53.04,0.0,0.0,0.9,0.0,13.85
1888,46.67,5.19,35.97,0.0,0.0,0.9,5.52,0.0
1889,45.75,8.09,18.96,0.0,48.69,0.9,0.0,30.0
1890,44.51,11.49,0.0,0.0,3.02,0.383,30.0,0.0
1891,42.99,10.32,0.0,0.0,2.67,0.351,30.0,0.0
1892,41.26,9.49,0.0,0.0,20.97,0.3226,10.8,0.0
1893,39.39,11.7,0.0,0.0,0.0,0.1,27.69,0.0
1894,37.44,12.45,0.0,0.0,0.0,0.1,24.99,0.0
1895,37.44,11.69,0.0,4.26,0.0,0.1,30.0,0.0
1896,37.44,12.23,0.0,4.78,0.0,0.1408,30.0,0.0
1897,37.44,19.78,0.0,9.56,0.0,0.1866,27.22,0.0
1898,37.44,15.07,0.0,7.62,0.0,0.2782,30.0,0.0
1899,37.44,10.86,0.0,3.42,0.0,0.3512,30.0,0.0
1900,37.44,14.11,0.0,6.67,0.0,0.3839,30.0,0.0
1901,37.44,8.84,0.0,1.4,0.0,0.4478,30.0,0.0
1902,37.44,14.01,0.0,0.0,0.0,0.4612,23.43,0.0
1903,39.4,9.61,19.19,19.41,0.0,0.4612,30.0,0.0
1904,41.27,6.64,35.73,0.0,28.9,0.6472,0.0,30.0
1905,43.0,8.08,53.3,0.0,11.62,0.3403,0.0,30.0
1906,44.52,0.0,66.93,0.0,7.58,0.217,0.0,30.0
1907,45.76,0.48,71.85,0.0,3.43,0.1364,0.0,30.0
1908,46.68,0.06,74.34,0.0,0.0,0.1,0.0,27.72
1909,47.25,5.74,75.59,34.08,0.0,0.1,0.0,0.0
1910,47.44,12.74,63.72,29.02,0.0,0.4265,0.0,0.0
1911,47.25,15.47,53.08,20.39,0.0,0.7046,0.0,0.9
1912,46.68,9.73,35.25,0.0,0.0,0.9,1.71,0.0
1913,45.76,10.16,19.05,0.0,0.0,0.9,16.55,0.0
1914,44.52,1.69,0.0,0.0,50.0,0.9,0.0,7.18
1915,43.0,7.98,0.0,0.0,5.02,0.3692,30.0,0.0
1916,41.27,7.96,0.0,0.0,20.33,0.3158,12.98,0.0
1917,39.4,9.51,0.0,0.0,0.0,0.1,29.88,0.0
1918,37.44,12.05,0.0,3.23,0.0,0.1,28.63,0.0
1919,37.44,11.2,0.0,3.76,0.0,0.1309,30.0,0.0
1920,37.45,5.03,0.0,0.0,2.43,0.1669,30.0,0.0
1921,37.45,16.19,0.0,8.73,0.0,0.1411,30.0,0.0
1922,37.45,8.23,0.0,0.77,0.0,0.2248,30.0,0.0
1923,37.45,13.01,0.0,5.55,0.0,0.2322,30.0,0.0
1924,37.45,19.75,0.0,12.3,0.0,0.2854,30.0,0.0
1925,37.45,6.35,0.0,0.0,1.11,0.4033,30.0,0.0
1926,37.45,0.0,0.0,0.0,7.45,0.3915,30.0,0.0
1927,39.4,6.83,20.57,17.99,0.0,0.3124,30.0,0.0
1928,41.28,11.57,37.62,0.0,22.08,0.4848,0.0,30.0
1929,43.01,14.27,52.88,0.0,5.86,0.2503,0.0,30.0
1930,44.52,0.4,65.82,0.0,8.3,0.1881,0.0,30.0
1931,45.77,7.14,71.91,3.28,0.0,0.1,0.0,30.0
1932,46.69,3.01,76.25,32.57,0.0,0.1314,0.0,0.0
1933,47.26,4.64,73.76,31.14,0.0,0.4435,0.0,0.0
1934,47.45,16.45,64.27,12.01,0.0,0.7419,0.0,21.27
1935,47.26,0.0,51.76,4.49,0.0,0.8569,0.0,0.0
1936,46.69,8.06,35.62,0.0,0.0,0.9,3.01,0.0
1937,45.77,9.95,18.56,0.0,0.0,0.9,17.26,0.0
1938,44.52,13.58,0.0,0.0,22.91,0.9,8.04,0.0
1939,43.01,10.56,0.0,0.0,2.45,0.6568,30.0,0.0
1940,41.28,12.43,0.0,0.0,50.0,0.6308,0.0,21.15
1941,39.4,10.39,0.0,0.0,0.0,0.1,29.01,0.0
1942,37.45,13.79,0.0,0.35,0.0,0.1,24.01,0.0
1943,37.45,11.66,0.0,4.21,0.0,0.1033,30.0,0.0
1944,37.46,15.73,0.0,8.27,0.0,0.1437,30.0,0.0
1945,37.46,11.48,0.0,4.02,0.0,0.2229,30.0,0.0
1946,37.46,14.16,0.0,6.7,0.0,0.2615,30.0,0.0
1947,37.46,11.82,0.0,4.36,0.0,0.3257,30.0,0.0
1948,37.46,15.75,0.0,8.29,0.0,0.3675,30.0,0.0
1949,37.46,9.87,0.0,2.41,0.0,0.447,30.0,0.0
1950,37.46,1.67,0.0,0.0,5.79,0.4701,30.0,0.0
1951,39.41,13.17,20.21,23.97,0.0,0.4086,30.0,0.0
1952,41.29,3.19,37.5,0.0,30.6,0.6383,0.0,30.0
1953,43.02,3.38,55.48,0.0,14.17,0.3134,0.0,30.0
1954,44.53,2.96,65.64,0.0,5.93,0.163,0.0,30.0
1955,45.78,10.71,74.38,9.31,0.0,0.1,0.0,30.0
1956,46.7,0.0,76.89,0.19,0.0,0.1892,0.0,30.0
1957,47.27,18.01,74.2,44.0,0.0,0.191,0.0,0.94
1958,47.46,9.8,67.65,29.99,0.0,0.6126,0.0,0.0
1959,47.27,7.01,56.07,0.0,0.0,0.9,0.0,15.81
1960,46.7,6.72,37.89,0.0,0.0,0.9,2.1,0.0
1961,45.78,9.12,19.19,0.0,47.46,0.9,0.0,30.0
1962,44.53,11.17,0.0,0.0,3.36,0.3962,30.0,0.0
1963,43.02,12.76,0.0,0.0,24.54,0.3605,5.72,0.0
1964,41.29,13.39,0.0,0.0,0.0,0.1,27.9,0.0
1965,39.41,12.32,0.0,0.0,0.0,0.1,27.1,0.0
1966,37.46,11.78,0.0,0.0,0.0,0.1,25.68,0.0
1967,37.46,12.39,0.0,0.0,0.0,0.1,25.07,0.0
1968,37.47,12.28,0.0,0.0,0.0,0.1,25.19,0.0
1969,37.47,17.64,0.0,9.9,0.0,0.1,29.73,0.0
1970,37.47,14.99,0.0,7.52,0.0,0.1949,30.0,0.0
1971,37.47,0.0,0.0,0.0,7.47,0.267,30.0,0.0
1972,37.47,13.73,0.0,6.26,0.0,0.1877,30.0,0.0
1973,37.47,10.82,0.0,3.35,0.0,0.2477,30.0,0.0
1974,37.47,8.87,0.0,1.4,0.0,0.2799,30.0,0.0
1975,39.42,6.26,17.25,14.09,0.0,0.2933,30.0,0.0
1976,41.3,11.53,39.01,0.0,20.75,0.4283,0.0,30.0
1977,43.02,9.94,56.19,0.0,6.89,0.208,0.0,30.0
1978,44.54,2.15,69.11,0.0,3.28,0.1348,0.0,30.0
1979,45.78,6.63,76.55,7.4,0.0,0.1,0.0,30.0
1980,46.71,0.77,78.25,32.32,0.0,0.1709,0.0,0.0
1981,47.28,0.0,73.75,0.86,0.0,0.4806,0.0,25.62
1982,47.47,2.76,68.77,24.06,0.0,0.4888,0.0,0.0
1983,47.28,9.59,56.54,18.85,0.0,0.7193,0.0,0.0
1984,46.71,10.82,35.68,0.0,0.0,0.9,0.21,0.0
1985,45.78,10.0,19.1,0.0,46.69,0.9,0.0,30.0
1986,44.54,11.95,0.0,0.0,24.85,0.4043,7.74,0.0
1987,43.02,12.15,0.0,0.0,0.87,0.1404,30.0,0.0
1988,41.3,8.36,0.0,0.0,2.94,0.1312,30.0,0.0
1989,39.42,13.66,0.0,0.0,0.0,0.1,25.76,0.0
1990,37.47,15.85,0.0,0.0,0.0,0.1,21.62,0.0
1991,37.47,16.07,0.0,0.0,0.0,0.1,21.4,0.0
1992,37.47,17.94,0.0,0.0,0.0,0.1,19.53,0.0
1993,37.47,15.81,0.0,0.0,0.0,0.1,21.66,0.0
1994,37.47,13.92,0.0,5.08,0.0,0.1,28.63,0.0
1995,37.47,16.24,0.0,8.76,0.0,0.1487,30.0,0.0
1996,37.47,10.84,0.0,3.36,0.0,0.2326,30.0,0.0
1997,37.47,6.29,0.0,0.0,1.18,0.2648,30.0,0.0
1998,37.47,8.2,0.0,0.72,0.0,0.2522,30.0,0.0
1999,39.43,4.71,20.36,15.65,0.0,0.2592,30.0,0.0
2000,41.3,4.0,38.18,0.0,29.12,0.4092,0.0,30.0
2001,43.03,5.34,55.01,17.33,0.0,0.1,0.0,0.0
2002,44.55,2.0,56.91,0.0,15.64,0.266,0.0,30.0
2003,45.79,3.6,73.42,1.23,0.0,0.1,0.0,30.0
2004,46.71,0.0,77.2,15.03,0.0,0.1118,0.0,15.45
2005,47.28,5.75,73.95,32.42,0.0,0.2558,0.0,0.0
2006,47.47,5.29,66.46,24.27,0.0,0.5665,0.0,0.0
2007,47.28,2.56,55.26,10.54,0.0,0.799,0.0,0.0
2008,46.71,9.53,37.76,0.0,0.0,0.9,0.0,0.58
2009,45.79,11.69,20.21,0.0,43.89,0.9,0.0,30.0
2010,44.55,2.21,0.0,0.0,13.72,0.434,28.62,0.0
2011,43.03,6.79,0.0,0.0,6.25,0.2884,30.0,0.0
2012,41.3,7.76,0.0,0.0,3.54,0.2221,30.0,0.0
2013,39.43,7.91,0.0,0.0,1.52,0.1844,30.0,0.0
2014,37.47,15.9,0.0,8.42,0.0,0.1683,30.0,0.0
2015,37.47,12.07,0.0,4.6,0.0,0.2491,30.0,0.0
2016,37.48,11.85,0.0,4.37,0.0,0.2931,30.0,0.0
2017,37.48,4.5,0.0,0.0,2.98,0.335,30.0,0.0
2018,37.48,15.02,0.0,7.54,0.0,0.3034,30.0,0.0
2019,37.48,6.6,0.0,0.0,0.88,0.3756,30.0,0.0
2020,37.48,11.12,0.0,3.64,0.0,0.3663,30.0,0.0
2021,37.48,11.02,0.0,3.54,0.0,0.4012,30.0,0.0
2022,37.48,14.44,0.0,6.96,0.0,0.4351,30.0,0.0
2023,39.43,2.31,18.25,11.13,0.0,0.5018,30.0,0.0
2024,41.31,0.0,36.28,0.0,35.02,0.6084,0.0,30.0
2025,43.04,6.63,53.54,0.0,12.86,0.2366,0.0,30.0
2026,44.55,12.67,68.78,6.9,0.0,0.1,0.0,30.0
2027,45.8,9.93,59.63,0.0,6.23,0.1661,0.0,30.0
2028,46.72,5.53,79.73,38.54,0.0,0.1,0.0,0.0
2029,47.29,2.76,75.34,5.28,0.0,0.4693,0.0,25.53
2030,47.48,8.56,67.24,28.32,0.0,0.5199,0.0,0.0
2031,47.29,1.84,56.79,11.34,0.0,0.7913,0.0,0.0
2032,46.72,8.7,37.31,0.0,0.0,0.9,0.71,0.0
2033,45.8,9.82,20.46,0.0,0.0,0.9,15.51,0.0
2034,44.55,13.2,0.0,0.0,50.0,0.9,0.0,18.64
2035,43.04,21.31,0.0,8.27,0.0,0.3692,30.0,0.0
2036,41.31,12.5,0.0,1.19,0.0,0.4484,30.0,0.0
2037,39.43,9.62,0.0,0.19,0.0,0.4599,30.0,0.0
2038,37.48,12.28,0.0,0.0,0.0,0.4617,25.2,0.0
2039,37.48,5.47,0.0,0.0,2.01,0.4617,30.0,0.0
2040,37.49,10.0,0.0,2.51,0.0,0.4404,30.0,0.0
2041,37.49,11.04,0.0,0.0,26.45,0.4645,0.0,0.0
2042,37.49,10.15,0.0,2.66,0.0,0.1837,30.0,0.0
2043,37.49,12.29,0.0,4.81,0.0,0.2092,30.0,0.0
2044,37.49,7.4,0.0,0.0,0.09,0.2553,30.0,0.0
2045,37.49,14.45,0.0,6.96,0.0,0.2543,30.0,0.0
2046,37.49,8.73,0.0,1.25,0.0,0.321,30.0,0.0
2047,39.44,7.62,19.15,17.34,0.0,0.333,30.0,0.0
2048,41.31,5.3,38.06,0.0,26.17,0.4991,0.0,28.22
2049,43.04,6.44,55.17,0.0,11.42,0.2213,0.0,30.0
2050,44.56,8.28,66.27,0.0,0.0,0.1,0.0,30.0
2051,45.8,1.14,74.88,0.22,0.0,0.1,0.0,30.0
2052,46.72,1.86,76.61,31.75,0.0,0.1021,0.0,0.0
2053,47.29,3.47,77.36,33.54,0.0,0.4063,0.0,0.0
2054,47.49,0.0,69.58,17.98,0.0,0.7277,0.0,4.11
2055,47.29,2.41,56.44,0.0,0.0,0.9,0.0,11.55
2056,46.72,4.69,37.36,0.0,0.0,0.9,4.68,0.0
2057,45.8,11.28,19.78,0.0,22.92,0.9,0.0,8.18
2058,44.56,9.82,0.0,0.0,50.0,0.6567,0.0,15.26
2059,43.04,10.61,0.0,0.0,2.43,0.1259,30.0,0.0
2060,41.31,14.33,0.0,0.0,0.0,0.1,26.98,0.0
2061,39.44,11.09,0.0,1.66,0.0,0.1,30.0,0.0
2062,37.49,13.94,0.0,0.0,0.0,0.1159,23.55,0.0
2063,37.49,12.31,0.0,0.0,0.0,0.1159,25.18,0.0
2064,37.49,13.9,0.0,1.91,0.0,0.1159,25.49,0.0
2065,37.49,10.25,0.0,2.76,0.0,0.1341,30.0,0.0
2066,37.49,2.14,0.0,0.0,5.35,0.1606,30.0,0.0
2067,37.49,11.03,0.0,3.54,0.0,0.1038,30.0,0.0
2068,37.49,16.63,0.0,9.14,0.0,0.1378,30.0,0.0
2069,37.49,13.57,0.0,6.08,0.0,0.2253,30.0,0.0
2070,37.49,12.66,0.0,5.17,0.0,0.2836,30.0,0.0
2071,39.44,12.71,19.42,22.69,0.0,0.3331,30.0,0.0
2072,41.32,6.96,36.75,0.0,27.61,0.5506,0.0,30.0
2073,43.05,6.55,56.7,0.0,9.8,0.2575,0.0,30.0
2074,44.56,2.51,67.01,0.0,5.03,0.1534,0.0,30.0
2075,45.8,3.35,78.22,5.77,0.0,0.1,0.0,30.0
2076,46.73,7.07,77.5,37.84,0.0,0.1553,0.0,0.0
2077,47.3,9.65,75.46,37.81,0.0,0.5178,0.0,0.0
2078,47.49,4.49,62.13,0.0,10.86,0.8801,0.0,30.0
2079,47.3,3.87,57.54,14.11,0.0,0.7648,0.0,0.0
2080,46.73,6.59,40.14,0.0,0.0,0.9,0.0,0.0
2081,45.8,10.08,20.98,0.0,0.0,0.9,14.74,0.0
2082,44.56,2.68,0.0,0.0,11.88,0.9,30.0,0.0
2083,43.05,0.22,0.0,0.0,12.83,0.7738,30.0,0.0
2084,41.32,8.45,0.0,0.0,47.73,0.6377,0.0,14.87
2085,39.44,6.53,0.0,0.0,2.91,0.1309,30.0,0.0
2086,37.49,10.14,0.0,2.65,0.0,0.1,30.0,0.0
2087,37.49,12.05,0.0,4.56,0.0,0.1254,30.0,0.0
2088,37.49,10.86,0.0,0.68,0.0,0.1691,27.32,0.0
2089,37.49,18.61,0.0,11.12,0.0,0.1756,30.0,0.0
2090,37.49,13.53,0.0,6.04,0.0,0.2822,30.0,0.0
2091,37.49,12.76,0.0,5.27,0.0,0.34,30.0,0.0
2092,37.49,13.24,0.0,5.75,0.0,0.3905,30.0,0.0
2093,37.49,4.94,0.0,0.0,32.55,0.4456,0.0,0.0
2094,37.49,12.9,0.0,0.0,0.0,0.1,24.6,0.0
2095,39.44,7.2,18.58,16.33,0.0,0.1,30.0,0.0
2096,41.32,9.3,36.87,8.58,0.0,0.2565,3.73,0.0
2097,43.05,1.22,56.23,0.0,15.6,0.3387,0.0,30.0
2098,44.56,0.0,67.68,0.0,6.88,0.1731,0.0,30.0
2099,45.81,7.98,74.87,37.04,0.0,0.1,0.0,0.0
2100,46.73,6.01,78.76,38.04,0.0,0.4549,0.0,0.0
2101,47.3,0.85,45.97,0.0,30.49,0.8193,0.0,30.0
2102,47.49,1.4,68.21,22.11,0.0,0.4957,0.0,0.0
2103,47.3,10.32,57.06,20.08,0.0,0.7076,0.0,0.0
2104,46.73,1.59,36.99,0.0,0.0,0.9,8.16,0.0
2105,45.81,14.32,19.15,0.0,42.33,0.9,0.0,30.0
2106,44.56,4.86,0.0,0.0,30.26,0.4506,9.45,0.0
2107,43.05,12.31,0.0,0.0,0.74,0.1293,30.0,0.0
2108,41.32,9.3,0.0,0.0,2.02,0.1214,30.0,0.0
2109,39.44,14.02,0.0,4.57,0.0,0.1,30.0,0.0
2110,37.49,9.92,0.0,2.43,0.0,0.1438,30.0,0.0
2111,37.49,11.92,0.0,4.42,0.0,0.1671,30.0,0.0
2112,37.5,12.83,0.0,5.34,0.0,0.2095,30.0,0.0
2113,37.5,8.37,0.0,0.87,0.0,0.2606,30.0,0.0
2114,37.5,15.18,0.0,0.0,0.0,0.269,22.32,0.0
2115,37.5,9.32,0.0,1.83,0.0,0.269,30.0,0.0
2116,37.5,9.64,0.0,2.15,0.0,0.2865,30.0,0.0
2117,37.5,5.47,0.0,0.0,12.01,0.3071,20.02,0.0
2118,37.5,0.0,0.0,0.0,7.5,0.1796,30.0,0.0
2119,39.45,6.65,16.56,0.0,0.0,0.1,16.23,0.0
2120,41.32,16.44,38.66,13.78,0.0,0.1,0.0,0.0
2121,43.05,6.95,55.73,0.0,10.37,0.232,0.0,30.0
2122,44.57,4.85,67.65,0.0,2.07,0.122,0.0,30.0
2123,45.81,3.43,78.47,6.08,0.0,0.1,0.0,30.0
2124,46.73,4.47,80.44,19.77,0.0,0.1583,0.0,18.4
2125,47.3,6.78,77.89,37.37,0.0,0.3478,0.0,0.0
2126,47.5,0.04,66.29,0.0,0.0,0.7058,0.0,18.83
2127,47.3,10.21,57.37,20.27,0.0,0.7058,0.0,0.0
2128,46.73,9.41,40.27,0.0,0.0,0.9,0.0,2.94
2129,45.81,10.42,19.0,0.0,46.39,0.9,0.0,30.0
2130,44.57,10.34,0.0,0.0,25.58,0.4075,8.65,0.0
2131,43.05,9.67,0.0,0.0,3.38,0.1359,30.0,0.0
2132,41.32,13.38,0.0,0.0,0.0,0.1,27.94,0.0
2133,39.45,13.9,0.0,2.97,0.0,0.1,28.51,0.0
2134,37.5,10.64,0.0,0.0,0.0,0.1284,26.86,0.0
2135,37.5,10.14,0.0,2.65,0.0,0.1284,30.0,0.0
2136,37.5,13.01,0.0,5.51,0.0,0.1538,30.0,0.0
2137,37.5,18.87,0.0,11.37,0.0,0.2066,30.0,0.0
2138,37.5,6.9,0.0,0.0,0.6,0.3156,30.0,0.0
2139,37.5,5.3,0.0,0.0,2.2,0.3092,30.0,0.0
2140,37.5,11.2,0.0,3.7,0.0,0.2859,30.0,0.0
2141,37.5,9.73,0.0,2.23,0.0,0.3214,30.0,0.0
2142,37.5,9.17,0.0,1.67,0.0,0.3428,30.0,0.0
2143,39.45,8.39,16.9,15.83,0.0,0.3587,30.0,0.0
2144,41.32,5.45,38.13,0.0,27.74,0.5104,0.0,30.0
2145,43.05,11.69,53.7,0.0,7.66,0.2159,0.0,30.0
2146,44.57,0.0,71.32,0.0,3.25,0.1345,0.0,30.0
2147,45.81,1.01,79.21,4.41,0.0,0.1,0.0,30.0
2148,46.74,3.88,78.24,35.38,0.0,0.1422,0.0,0.0
2149,47.31,0.0,77.54,30.24,0.0,0.4813,0.0,0.0
2150,47.5,4.13,69.22,13.46,0.0,0.771,0.0,12.38
2151,47.31,12.4,57.3,0.0,0.0,0.9,0.0,22.4
2152,46.74,6.46,38.87,0.0,0.0,0.9,1.4,0.0
2153,45.81,8.33,19.2,0.0,0.0,0.9,18.28,0.0
2154,44.57,3.23,0.0,0.0,22.99,0.9,18.35,0.0
2155,43.05,6.97,0.0,0.0,50.0,0.6559,0.0,13.91
2156,41.32,8.96,0.0,0.0,2.36,0.1251,30.0,0.0
2157,39.45,10.06,0.0,0.0,0.0,0.1,29.39,0.0
2158,37.5,17.35,0.0,0.0,0.0,0.1,20.15,0.0
2159,37.5,14.76,0.0,0.0,0.0,0.1,22.74,0.0
2160,37.5,7.91,0.0,0.0,0.0,0.1,29.59,0.0
2161,37.5,13.4,0.0,0.0,0.0,0.1,24.1,0.0
2162,37.5,14.03,0.0,1.21,0.0,0.1,24.68,0.0
2163,37.5,16.03,0.0,8.53,0.0,0.1116,30.0,0.0
2164,37.5,17.0,0.0,9.5,0.0,0.1934,30.0,0.0
2165,37.5,5.24,0.0,0.0,2.26,0.2844,30.0,0.0
2166,37.5,5.02,0.0,0.0,2.48,0.2604,30.0,0.0
2167,39.45,2.09,20.67,13.31,0.0,0.234,30.0,0.0
2168,41.33,5.33,41.35,0.0,24.64,0.3616,0.0,30.0
2169,43.06,7.38,57.4,21.72,0.0,0.1,0.0,0.0
2170,44.57,8.88,46.09,0.0,19.6,0.3081,0.0,30.0
2171,45.81,4.06,78.64,6.88,0.0,0.1,0.0,30.0
2172,46.74,2.91,78.6,34.77,0.0,0.1659,0.0,0.0
2173,47.31,5.0,77.24,21.36,0.0,0.4991,0.0,13.57
2174,47.5,1.33,67.83,0.0,0.0,0.7038,0.0,21.66
2175,47.31,14.1,53.68,20.48,0.0,0.7038,0.0,0.0
2176,46.74,0.0,38.29,0.0,0.0,0.9,8.45,0.0
2177,45.81,8.07,19.77,0.0,47.97,0.9,0.0,30.0
2178,44.57,16.76,0.0,0.0,22.13,0.3907,5.68,0.0
2179,43.06,9.48,0.0,0.0,3.58,0.1557,30.0,0.0
2180,41.33,9.66,0.0,0.0,1.67,0.1177,30.0,0.0
2181,39.45,9.82,0.0,0.08,0.0,0.1,29.7,0.0
2182,37.5,11.22,0.0,3.72,0.0,0.1007,30.0,0.0
2183,37.5,18.07,0.0,10.57,0.0,0.1364,30.0,0.0
2184,37.5,3.28,0.0,0.0,4.22,0.2376,30.0,0.0
2185,37.5,18.66,0.0,11.16,0.0,0.1929,30.0,0.0
2186,37.5,5.99,0.0,0.0,1.51,0.2998,30.0,0.0
2187,37.5,10.13,0.0,2.63,0.0,0.2838,30.0,0.0
2188,37.5,8.6,0.0,1.1,0.0,0.309,30.0,0.0
2189,37.5,11.82,0.0,4.32,0.0,0.3195,30.0,0.0
2190,37.5,1.68,0.0,0.0,5.82,0.3609,30.0,0.0
2191,39.45,9.15,19.84,19.54,0.0,0.2991,30.0,0.0
2192,41.33,14.62,37.36,0.0,19.35,0.4863,0.0,30.0
2193,43.06,0.0,56.02,0.0,17.04,0.2809,0.0,30.0
2194,44.57,5.5,69.07,0.0,0.0,0.1,0.0,30.0
2195,45.81,1.56,78.02,3.77,0.0,0.1,0.0,30.0
2196,46.74,5.93,79.89,39.08,0.0,0.1361,0.0,0.0
2197,47.31,4.38,78.18,35.25,0.0,0.5105,0.0,0.0
2198,47.5,2.06,57.48,0.0,17.96,0.8483,0.0,30.0
2199,47.31,7.4,57.45,17.54,0.0,0.6576,0.0,0.0
2200,46.74,13.71,40.78,7.76,0.0,0.8257,0.0,0.0
2201,45.81,6.44,17.48,0.0,0.0,0.9,21.9,0.0
2202,44.57,11.29,0.0,0.0,16.31,0.9,16.97,0.0
2203,43.06,4.02,0.0,0.0,9.04,0.7268,30.0,0.0
2204,41.33,6.41,0.0,0.0,50.0,0.6308,0.0,15.09
2205,39.45,13.19,0.0,3.74,0.0,0.1,30.0,0.0
2206,37.5,18.04,0.0,0.0,0.0,0.1358,19.46,0.0
2207,37.5,13.78,0.0,6.28,0.0,0.1358,30.0,0.0
2208,37.5,11.08,0.0,3.58,0.0,0.196,30.0,0.0
2209,37.5,12.23,0.0,0.0,0.0,0.2303,25.27,0.0
2210,37.5,6.64,0.0,0.0,12.28,0.2303,18.58,0.0
2211,37.5,13.67,0.0,5.23,0.0,0.1,29.06,0.0
2212,37.5,13.96,0.0,6.46,0.0,0.1501,30.0,0.0
2213,37.5,7.43,0.0,0.0,0.07,0.2121,30.0,0.0
2214,37.5,6.29,0.0,0.0,1.21,0.2113,30.0,0.0
2215,39.45,8.26,19.19,18.0,0.0,0.1984,30.0,0.0
2216,41.33,4.35,41.46,0.0,25.52,0.3709,0.0,30.0
2217,43.06,5.03,57.58,19.56,0.0,0.1,0.0,0.0
2218,44.57,13.35,43.58,0.0,17.65,0.2874,0.0,30.0
2219,45.81,3.21,78.66,6.06,0.0,0.1,0.0,30.0
2220,46.74,2.61,81.99,37.86,0.0,0.158,0.0,0.0
2221,47.31,1.55,79.3,9.67,0.0,0.5208,0.0,23.87
2222,47.5,7.73,69.68,29.91,0.0,0.6134,0.0,0.0
2223,47.31,4.55,56.88,0.0,0.0,0.9,0.0,14.12
2224,46.74,3.47,39.94,0.0,0.0,0.9,3.32,0.0
2225,45.81,12.64,19.54,0.0,43.64,0.9,0.0,30.0
2226,44.57,14.12,0.0,0.0,0.46,0.4367,30.0,0.0
2227,43.06,6.82,0.0,0.0,22.5,0.4318,13.74,0.0
2228,41.33,2.57,0.0,0.0,8.76,0.193,30.0,0.0
2229,39.45,15.34,0.0,0.0,0.0,0.1,24.11,0.0
2230,37.5,8.98,0.0,0.89,0.0,0.1,29.4,0.0
2231,37.5,15.51,0.0,8.01,0.0,0.1085,30.0,0.0
2232,37.5,4.14,0.0,0.0,3.36,0.1853,30.0,0.0
2233,37.5,15.86,0.0,8.36,0.0,0.1496,30.0,0.0
2234,37.5,6.73,0.0,0.0,0.77,0.2298,30.0,0.0
2235,37.5,14.12,0.0,6.62,0.0,0.2216,30.0,0.0
2236,37.5,10.29,0.0,2.79,0.0,0.2851,30.0,0.0
2237,37.5,5.28,0.0,0.0,2.22,0.3118,30.0,0.0
2238,37.5,6.48,0.0,0.0,1.02,0.2883,30.0,0.0
2239,39.45,9.93,19.07,19.55,0.0,0.2774,30.0,0.0
2240,41.33,6.53,41.3,0.0,23.49,0.4648,0.0,30.0
2241,43.05,7.65,54.54,0.0,10.86,0.2153,0.0,30.0
2242,44.57,12.76,71.45,9.65,0.0,0.1,0.0,30.0
2243,45.81,0.0,67.11,0.0,8.7,0.1924,0.0,30.0
2244,46.74,10.72,83.4,47.38,0.0,0.1,0.0,0.0
2245,47.31,4.59,79.4,36.11,0.0,0.554,0.0,0.58
2246,47.5,0.85,72.09,0.0,0.0,0.9,0.0,25.44
2247,47.31,0.0,54.83,0.0,0.0,0.9,0.0,7.52
2248,46.74,5.31,37.25,0.0,0.0,0.9,4.18,0.0
2249,45.81,10.91,19.04,0.0,0.0,0.9,15.87,0.0
2250,44.57,7.63,0.0,0.0,25.35,0.9,11.58,0.0
2251,43.05,15.5,0.0,0.0,0.0,0.6308,27.56,0.0
2252,41.33,4.22,0.0,0.0,50.0,0.6308,0.0,12.9
2253,39.45,11.04,0.0,1.59,0.0,0.1,30.0,0.0
2254,37.5,6.56,0.0,0.0,0.94,0.1153,30.0,0.0
2255,37.5,13.67,0.0,6.17,0.0,0.1053,30.0,0.0
2256,37.5,15.91,0.0,8.41,0.0,0.1644,30.0,0.0
2257,37.5,10.35,0.0,2.85,0.0,0.245,30.0,0.0
2258,37.5,0.89,0.0,0.0,9.37,0.2724,27.24,0.0
2259,37.5,11.84,0.0,4.35,0.0,0.1729,30.0,0.0
2260,37.5,11.97,0.0,4.47,0.0,0.2145,30.0,0.0
2261,37.5,10.84,0.0,3.34,0.0,0.2574,30.0,0.0
2262,37.5,13.21,0.0,5.71,0.0,0.2894,30.0,0.0
2263,39.45,2.58,18.07,11.2,0.0,0.3442,30.0,0.0
2264,41.32,8.84,41.58,0.0,20.91,0.4515,0.0,30.0
2265,43.05,10.1,54.76,0.0,8.19,0.2295,0.0,30.0
2266,44.57,0.0,70.56,0.0,4.01,0.1426,0.0,30.0
2267,45.81,5.41,81.1,10.7,0.0,0.1,0.0,30.0
2268,46.74,1.86,68.78,0.0,6.1,0.2025,0.0,30.0
2269,47.31,3.75,80.06,36.5,0.0,0.1378,0.0,0.0
2270,47.5,5.94,71.45,29.9,0.0,0.4875,0.0,0.0
2271,47.31,3.14,57.31,13.15,0.0,0.774,0.0,0.0
2272,46.74,3.22,40.53,0.0,0.0,0.9,2.99,0.0
2273,45.81,7.16,20.93,0.0,47.72,0.9,0.0,30.0
2274,44.57,3.59,0.0,0.0,16.05,0.3933,24.93,0.0
2275,43.05,4.66,0.0,0.0,8.39,0.2229,30.0,0.0
2276,41.32,12.98,0.0,0.0,0.0,0.1338,28.35,0.0
2277,39.45,6.26,0.0,0.0,3.19,0.1338,30.0,0.0
2278,37.5,14.44,0.0,0.0,0.0,0.1,23.06,0.0
2279,37.5,14.01,0.0,2.75,0.0,0.1,26.24,0.0
2280,37.49,5.01,0.0,0.0,2.48,0.1264,30.0,0.0
2281,37.49,9.21,0.0,1.72,0.0,0.1,30.0,0.0
2282,37.49,16.56,0.0,9.06,0.0,0.1165,30.0,0.0
2283,37.49,6.88,0.0,0.0,0.61,0.2033,30.0,0.0
2284,37.49,8.17,0.0,0.67,0.0,0.1968,30.0,0.0
2285,37.49,11.01,0.0,3.51,0.0,0.2033,30.0,0.0
2286,37.49,11.27,0.0,3.77,0.0,0.2369,30.0,0.0
2287,39.45,5.9,17.79,14.25,0.0,0.273,30.0,0.0
2288,41.32,3.47,38.69,0.0,29.16,0.4096,0.0,30.0
2289,43.05,10.98,55.49,0.0,0.0,0.1,0.0,23.42
2290,44.57,11.64,70.97,8.04,0.0,0.1,0.0,30.0
2291,45.81,8.07,60.48,0.0,7.25,0.177,0.0,30.0
2292,46.73,4.23,81.48,8.98,0.0,0.1,0.0,30.0
2293,47.3,0.67,79.92,33.28,0.0,0.186,0.0,0.0
2294,47.49,0.99,72.94,25.7,0.0,0.505,0.0,0.74
2295,47.3,7.25,55.58,15.53,0.0,0.7512,0.0,0.0
2296,46.73,7.68,38.16,0.0,0.89,0.9,0.0,0.0
2297,45.81,12.75,19.43,0.99,0.0,0.8905,14.61,0.0
2298,44.57,10.71,0.0,0.0,50.0,0.9,0.0,16.15
2299,43.05,2.86,0.0,0.0,22.72,0.3692,17.47,0.0
2300,41.32,14.45,0.0,0.0,0.0,0.1279,26.87,0.0
2301,39.45,6.81,0.0,0.0,2.63,0.1279,30.0,0.0
2302,37.49,10.02,0.0,2.52,0.0,0.1,30.0,0.0
2303,37.49,13.06,0.0,5.56,0.0,0.1242,30.0,0.0
2304,37.49,20.36,0.0,12.87,0.0,0.1775,30.0,0.0
2305,37.49,24.84,0.0,0.0,0.0,0.3008,12.66,0.0
2306,37.49,14.05,0.0,0.0,0.0,0.3008,23.44,0.0
2307,37.49,10.12,0.0,2.63,0.0,0.3008,30.0,0.0
2308,37.49,12.23,0.0,4.74,0.0,0.326,30.0,0.0
2309,37.49,12.7,0.0,5.21,0.0,0.3714,30.0,0.0
2310,37.49,6.62,0.0,0.0,16.65,0.4213,14.22,0.0
2311,39.44,14.31,17.8,22.67,0.0,0.2446,30.0,0.0
2312,41.32,6.83,37.51,0.0,26.98,0.4618,0.0,30.0
2313,43.05,7.08,58.86,0.0,7.1,0.1754,0.0,30.0
2314,44.56,7.12,71.57,4.13,0.0,0.1,0.0,30.0
2315,45.81,5.69,78.56,8.45,0.0,0.1396,0.0,30.0
2316,46.73,7.28,81.64,42.19,0.0,0.2205,0.0,0.0
2317,47.3,1.39,78.15,2.24,0.0,0.6247,0.0,30.0
2318,47.49,2.05,69.02,13.75,0.0,0.6462,0.0,9.82
2319,47.3,0.46,58.75,11.91,0.0,0.778,0.0,0.0
2320,46.73,7.7,39.85,0.82,0.0,0.8922,0.0,0.0
2321,45.81,10.1,21.29,0.0,0.0,0.9,14.42,0.0
2322,44.56,9.85,0.0,0.0,4.72,0.9,30.0,0.0
2323,43.05,15.96,0.0,0.0,50.0,0.8499,0.0,22.91
2324,41.32,10.0,0.0,0.0,20.63,0.3191,10.69,0.0
2325,39.44,13.65,0.0,0.53,0.0,0.1,26.32,0.0
2326,37.49,7.01,0.0,0.0,0.48,0.1051,30.0,0.0
2327,37.49,10.35,0.0,0.0,0.0,0.1,27.14,0.0
2328,37.49,14.9,0.0,3.26,0.0,0.1,25.85,0.0
2329,37.49,15.4,0.0,7.91,0.0,0.1313,30.0,0.0
2330,37.49,10.25,0.0,2.76,0.0,0.2071,30.0,0.0
2331,37.49,10.51,0.0,3.02,0.0,0.2335,30.0,0.0
2332,37.49,3.66,0.0,0.0,3.83,0.2625,30.0,0.0
2333,37.49,7.47,0.0,0.0,0.02,0.2218,30.0,0.0
2334,37.49,11.57,0.0,4.08,0.0,0.2217,30.0,0.0
2335,39.44,9.19,20.53,20.28,0.0,0.2607,30.0,0.0
2336,41.31,7.88,38.39,0.0,25.04,0.455,0.0,30.0
2337,43.04,5.15,59.49,0.0,8.4,0.1892,0.0,30.0
2338,44.56,4.32,71.92,1.67,0.0,0.1,0.0,30.0
2339,45.8,1.14,79.61,4.95,0.0,0.116,0.0,30.0
2340,46.73,6.63,84.39,14.29,0.0,0.1635,0.0,30.0
2341,47.3,5.62,78.88,33.78,0.0,0.3004,0.0,3.43
2342,47.49,6.33,69.96,28.8,0.0,0.624,0.0,0.0
2343,47.3,2.77,57.14,0.0,0.0,0.9,0.0,12.61
2344,46.73,0.0,38.35,0.0,0.0,0.9,8.37,0.0
2345,45.8,11.35,21.42,0.0,43.03,0.9,0.0,30.0
2346,44.56,5.89,0.0,0.0,8.67,0.4431,30.0,0.0
2347,43.04,5.37,0.0,0.0,23.4,0.3511,14.27,0.0
2348,41.31,12.82,0.0,0.0,0.0,0.1027,28.49,0.0
2349,39.44,9.18,0.0,0.0,0.26,0.1027,30.0,0.0
2350,37.49,15.86,0.0,6.62,0.0,0.1,28.25,0.0
2351,37.49,14.44,0.0,6.95,0.0,0.1634,30.0,0.0
2352,37.48,14.78,0.0,7.3,0.0,0.23,30.0,0.0
2353,37.48,6.15,0.0,0.0,1.33,0.3,30.0,0.0
2354,37.48,16.42,0.0,8.93,0.0,0.2858,30.0,0.0
2355,37.48,11.82,0.0,4.34,0.0,0.3714,30.0,0.0
2356,37.48,8.35,0.0,0.0,0.0,0.4129,29.14,0.0
2357,37.48,9.47,0.0,1.99,0.0,0.4129,30.0,0.0
2358,37.48,0.45,0.0,0.0,7.04,0.432,30.0,0.0
2359,39.43,8.43,21.71,20.71,0.0,0.3573,30.0,0.0
2360,41.31,1.47,41.43,0.0,28.41,0.5557,0.0,30.0
2361,43.04,0.0,60.15,0.0,12.89,0.254,0.0,30.0
2362,44.55,0.0,72.94,0.0,1.61,0.1171,0.0,30.0
2363,45.8,8.41,78.24,10.86,0.0,0.1,0.0,30.0
2364,46.72,1.06,85.45,39.78,0.0,0.2041,0.0,0.0
2365,47.29,10.16,80.21,32.85,0.0,0.5852,0.0,10.23
2366,47.48,2.0,64.82,0.0,10.66,0.9,0.0,30.0
2367,47.29,0.0,59.11,11.82,0.0,0.7868,0.0,0.0
2368,46.72,1.11,38.91,0.0,0.0,0.9,6.7,0.0
2369,45.8,11.85,19.22,0.0,0.0,0.9,14.72,0.0
2370,44.55,7.16,0.0,0.0,17.7,0.9,19.69,0.0
2371,43.04,6.61,0.0,0.0,6.43,0.7121,30.0,0.0
2372,41.31,10.54,0.0,0.0,50.0,0.6438,0.0,19.23
2373,39.43,12.82,0.0,0.0,0.0,0.1129,26.62,0.0
2374,37.48,16.02,0.0,8.54,0.0,0.1129,30.0,0.0
2375,37.48,17.81,0.0,10.33,0.0,0.1948,30.0,0.0
2376,37.48,10.39,0.0,2.91,0.0,0.2937,30.0,0.0
2377,37.48,6.24,0.0,0.0,1.23,0.3216,30.0,0.0
2378,37.48,9.61,0.0,2.13,0.0,0.3085,30.0,0.0
2379,37.48,11.74,0.0,4.27,0.0,0.329,30.0,0.0
2380,37.48,5.81,0.0,0.0,1.66,0.3698,30.0,0.0
2381,37.48,4.84,0.0,0.0,2.64,0.3522,30.0,0.0
2382,37.48,9.16,0.0,1.68,0.0,0.3242,30.0,0.0
2383,39.43,6.46,17.88,14.91,0.0,0.3403,30.0,0.0
2384,41.3,5.8,42.54,0.0,22.96,0.4832,0.0,30.0
2385,43.03,1.66,58.24,0.0,13.13,0.2394,0.0,30.0
2386,44.55,3.19,71.39,0.04,0.0,0.1,0.0,30.0
2387,45.79,0.0,79.77,3.97,0.0,0.1003,0.0,30.0
2388,46.72,7.28,82.81,37.58,0.0,0.1384,0.0,5.8
2389,47.29,8.02,81.17,41.9,0.0,0.4985,0.0,0.0
2390,47.48,0.0,74.26,0.0,0.0,0.9,0.0,26.78
2391,47.29,0.95,57.21,0.0,0.0,0.9,0.0,10.88
2392,46.72,0.0,42.74,0.0,0.0,0.9,3.97,0.0
2393,45.79,3.97,19.9,0.0,0.0,0.9,21.92,0.0
2394,44.55,7.39,0.0,0.0,26.88,0.9,10.28,0.0
2395,43.03,2.8,0.0,0.0,10.23,0.6146,30.0,0.0
2396,41.3,5.99,0.0,0.0,5.32,0.506,30.0,0.0
2397,39.43,6.51,0.0,0.0,32.92,0.4495,0.0,0.0
2398,37.48,12.18,0.0,0.08,0.0,0.1,25.38,0.0
2399,37.48,12.03,0.0,0.0,0.0,0.1008,25.45,0.0
2400,37.47,8.82,0.0,0.0,0.0,0.1008,28.65,0.0
2401,37.47,12.4,0.0,4.93,0.0,0.1008,30.0,0.0
2402,37.47,8.99,0.0,0.0,0.0,0.148,28.48,0.0
2403,37.47,9.47,0.0,2.0,0.0,0.148,30.0,0.0
2404,37.47,16.67,0.0,9.2,0.0,0.1672,30.0,0.0
2405,37.47,14.29,0.0,6.82,0.0,0.2553,30.0,0.0
2406,37.47,2.28,0.0,0.0,5.19,0.3207,30.0,0.0
2407,39.42,10.03,21.94,22.55,0.0,0.2655,30.0,0.0
2408,41.3,8.96,38.68,0.0,23.66,0.4816,0.0,30.0
2409,43.03,0.0,60.74,0.0,12.28,0.2304,0.0,30.0
2410,44.54,7.47,70.65,3.58,0.0,0.1,0.0,30.0
2411,45.79,10.04,82.33,16.58,0.0,0.1343,0.0,30.0
2412,46.71,0.0,86.13,21.28,0.0,0.2932,0.0,18.14
2413,47.28,0.0,79.82,2.54,0.0,0.4971,0.0,30.0
2414,47.47,8.29,74.68,35.5,0.0,0.5214,0.0,0.0
2415,47.28,5.86,59.51,0.0,0.0,0.8616,0.0,18.09
2416,46.71,7.88,42.84,4.01,0.0,0.8616,0.0,0.0
2417,45.79,8.0,21.72,0.0,0.0,0.9,16.06,0.0
2418,44.54,9.28,0.0,0.0,25.35,0.9,9.91,0.0
2419,43.03,3.24,0.0,0.0,50.0,0.6308,0.0,10.21
2420,41.3,14.08,0.0,0.0,0.0,0.1,27.22,0.0
2421,39.42,15.44,0.0,0.0,0.0,0.1,23.98,0.0
2422,37.47,10.3,0.0,0.0,0.0,0.1,27.17,0.0
2423,37.47,11.49,0.0,3.76,0.0,0.1,29.74,0.0
2424,37.46,5.39,0.0,0.0,2.07,0.136,30.0,0.0
2425,37.46,13.73,0.0,6.26,0.0,0.114,30.0,0.0
2426,37.46,13.55,0.0,6.09,0.0,0.174,30.0,0.0
2427,37.46,10.27,0.0,2.8,0.0,0.2324,30.0,0.0
2428,37.46,14.33,0.0,6.86,0.0,0.2592,30.0,0.0
2429,37.46,7.28,0.0,0.0,0.18,0.325,30.0,0.0
2430,37.46,9.93,0.0,2.47,0.0,0.323,30.0,0.0
2431,39.42,2.3,19.73,12.61,0.0,0.3467,30.0,0.0
2432,41.29,5.43,40.23,0.0,25.63,0.4675,0.0,30.0
2433,43.02,3.94,60.1,0.0,8.98,0.1953,0.0,30.0
2434,44.54,4.94,70.77,1.18,0.0,0.1,0.0,30.0
2435,45.78,2.06,83.01,9.29,0.0,0.1113,0.0,30.0
2436,46.7,2.91,82.19,8.39,0.0,0.2003,0.0,30.0
2437,47.27,7.02,80.57,27.1,0.0,0.2807,0.0,13.22
2438,47.46,2.2,70.3,25.03,0.0,0.5404,0.0,0.0
2439,47.27,0.0,59.78,12.51,0.0,0.7802,0.0,0.0
2440,46.7,12.77,38.63,0.0,0.0,0.9,0.0,4.7
2441,45.78,12.25,19.23,0.0,0.0,0.9,14.3,0.0
2442,44.54,2.24,0.0,0.0,50.0,0.9,0.0,7.7
2443,43.02,11.52,0.0,0.0,1.5,0.3692,30.0,0.0
2444,41.29,7.58,0.0,0.0,21.87,0.3533,11.84,0.0
2445,39.42,11.62,0.0,2.2,0.0,0.1211,30.0,0.0
2446,37.46,12.4,0.0,4.94,0.0,0.1422,30.0,0.0
2447,37.46,10.63,0.0,3.16,0.0,0.1895,30.0,0.0
2448,37.46,8.42,0.0,0.96,0.0,0.2198,30.0,0.0
2449,37.46,8.67,0.0,1.21,0.0,0.229,30.0,0.0
2450,37.46,7.32,0.0,0.0,0.14,0.2406,30.0,0.0
2451,37.46,7.01,0.0,0.0,0.45,0.2391,30.0,0.0
2452,37.46,9.32,0.0,1.86,0.0,0.2343,30.0,0.0
2453,37.46,5.63,0.0,0.0,1.83,0.2522,30.0,0.0
2454,37.46,10.35,0.0,2.89,0.0,0.2328,30.0,0.0
2455,39.41,12.61,20.52,23.72,0.0,0.2605,30.0,0.0
2456,41.28,3.05,40.98,0.0,27.25,0.4878,0.0,30.0
2457,43.01,5.59,58.15,0.0,9.28,0.1985,0.0,30.0
2458,44.53,6.01,70.86,2.34,0.0,0.1,0.0,30.0
2459,45.77,5.48,81.66,11.36,0.0,0.1224,0.0,30.0
2460,46.7,3.7,60.64,0.0,12.36,0.2313,0.0,30.0
2461,47.27,6.6,80.96,40.29,0.0,0.1,0.0,0.0
2462,47.46,5.93,74.89,33.36,0.0,0.4861,0.0,0.0
2463,47.27,0.0,58.29,4.26,0.0,0.8058,0.0,6.76
2464,46.7,9.05,43.21,5.57,0.0,0.8466,0.0,0.0
2465,45.77,10.13,19.97,0.0,45.67,0.9,0.0,30.0
2466,44.53,4.36,0.0,0.0,25.42,0.4151,14.74,0.0
2467,43.01,8.75,0.0,0.0,4.26,0.1452,30.0,0.0
2468,41.28,12.43,0.0,0.0,0.0,0.1,28.86,0.0
2469,39.41,9.59,0.0,0.0,0.0,0.1,29.82,0.0
2470,37.46,15.56,0.0,0.0,0.0,0.1,21.9,0.0
2471,37.46,21.32,0.0,1.01,0.0,0.1,17.14,0.0
2472,37.45,8.34,0.0,0.89,0.0,0.1097,30.0,0.0
2473,37.45,5.73,0.0,0.0,1.71,0.1182,30.0,0.0
2474,37.45,12.3,0.0,0.0,0.0,0.1,25.15,0.0
2475,37.45,13.37,0.0,5.13,0.0,0.1,29.21,0.0
2476,37.45,8.57,0.0,1.12,0.0,0.1492,30.0,0.0
2477,37.45,14.55,0.0,7.1,0.0,0.1599,30.0,0.0
2478,37.45,1.91,0.0,0.0,5.54,0.228,30.0,0.0
2479,39.4,9.25,20.95,20.8,0.0,0.1691,30.0,0.0
2480,41.28,2.87,43.12,0.0,25.28,0.3684,0.0,30.0
2481,43.0,11.65,58.27,26.92,0.0,0.1,0.0,0.0
2482,44.52,12.12,74.46,12.06,0.0,0.3579,0.0,30.0
2483,45.76,0.28,79.99,4.5,0.0,0.4735,0.0,30.0
2484,46.69,1.03,84.17,38.52,0.0,0.5167,0.0,0.0
2485,47.26,7.01,31.64,0.0,38.61,0.8857,0.0,30.0
2486,47.45,2.26,75.22,30.03,0.0,0.4758,0.0,0.0
2487,47.26,4.34,56.73,13.81,0.0,0.7636,0.0,0.0
2488,46.69,5.49,41.62,0.42,0.0,0.8959,0.0,0.0
2489,45.76,0.0,19.86,0.0,10.89,0.9,15.01,0.0
2490,44.52,7.4,0.0,0.0,7.12,0.7844,30.0,0.0
2491,43.0,5.67,0.0,0.0,7.34,0.7087,30.0,0.0
2492,41.28,7.48,0.0,0.0,50.0,0.6308,0.0,16.21
2493,39.4,16.37,0.0,4.39,0.0,0.1,27.42,0.0
2494,37.45,5.84,0.0,0.0,1.61,0.142,30.0,0.0
2495,37.45,14.83,0.0,7.38,0.0,0.1249,30.0,0.0
2496,37.44,10.37,0.0,2.93,0.0,0.1956,30.0,0.0
2497,37.44,10.23,0.0,2.79,0.0,0.2237,30.0,0.0
2498,37.44,14.25,0.0,6.81,0.0,0.2504,30.0,0.0
2499,37.44,11.72,0.0,4.28,0.0,0.3156,30.0,0.0
2500,37.44,11.82,0.0,4.38,0.0,0.3567,30.0,0.0
2501,37.44,12.47,0.0,5.03,0.0,0.3987,30.0,0.0
2502,37.44,6.01,0.0,0.0,1.43,0.4468,30.0,0.0
2503,39.39,3.78,18.87,13.25,0.0,0.4317,30.0,0.0
2504,41.27,0.82,39.56,0.0,30.89,0.5587,0.0,30.0
2505,43.0,1.03,59.65,0.0,12.31,0.2307,0.0,30.0
2506,44.51,16.02,73.04,14.54,0.0,0.1,0.0,30.0
2507,45.75,8.54,54.09,0.0,13.12,0.2393,0.0,30.0
2508,46.68,0.0,82.69,36.01,0.0,0.1,0.0,0.0
2509,47.25,0.0,84.45,7.2,0.0,0.4451,0.0,30.0
2510,47.44,5.79,75.15,23.21,0.0,0.5141,0.0,10.29
2511,47.25,6.72,57.59,17.06,0.0,0.7365,0.0,0.0
2512,46.68,7.59,40.39,0.0,0.0,0.9,0.0,1.29
2513,45.75,5.26,21.3,0.0,0.0,0.9,19.2,0.0
2514,44.51,6.86,0.0,0.0,50.0,0.9,0.0,12.35
2515,43.0,9.82,0.0,0.0,15.63,0.3692,17.55,0.0
2516,41.27,9.81,0.0,0.0,1.45,0.2033,30.0,0.0
2517,39.39,1.12,0.0,0.0,8.27,0.1878,30.0,0.0
2518,37.44,10.02,0.0,0.0,0.0,0.1,27.42,0.0
2519,37.44,7.86,0.0,0.42,0.0,0.1,30.0,0.0
2520,37.43,12.18,0.0,0.0,0.38,0.104,24.87,0.0
2521,37.43,23.69,0.0,0.0,0.0,0.1,13.74,0.0
2522,37.43,12.43,0.0,0.0,0.0,0.1,25.0,0.0
2523,37.43,8.95,0.0,0.0,0.0,0.1,28.48,0.0
2524,37.43,13.21,0.0,0.0,0.0,0.1,24.22,0.0
2525,37.43,10.39,0.0,0.0,0.0,0.1,27.04,0.0
2526,37.43,9.06,0.0,0.27,0.0,0.1,28.65,0.0
2527,39.38,8.76,18.08,17.46,0.0,0.1026,30.0,0.0
2528,41.26,13.76,41.49,0.0,16.01,0.2699,0.0,30.0
2529,42.99,0.0,57.54,0.0,0.0,0.1,0.0,14.56
2530,44.5,5.69,72.43,3.62,0.0,0.1,0.0,30.0
2531,45.74,0.0,80.17,4.43,0.0,0.1347,0.0,30.0
2532,46.67,5.47,84.06,42.87,0.0,0.1771,0.0,0.0
2533,47.24,0.0,62.29,0.0,14.95,0.5879,0.0,30.0
2534,47.43,2.0,72.64,27.2,0.0,0.4292,0.0,0.0
2535,47.24,3.16,60.92,16.85,0.0,0.6898,0.0,0.0
2536,46.67,9.29,42.47,5.09,0.0,0.8512,0.0,0.0
2537,45.74,10.05,21.63,0.0,44.07,0.9,0.0,30.0
2538,44.5,2.15,0.0,0.0,17.76,0.4322,24.59,0.0
2539,42.99,8.62,0.0,0.0,4.37,0.2437,30.0,0.0
2540,41.26,6.45,0.0,0.0,4.81,0.1973,30.0,0.0
2541,39.38,5.03,0.0,0.0,4.35,0.1462,30.0,0.0
2542,37.43,10.0,0.0,2.57,0.0,0.1,30.0,0.0
2543,37.43,10.04,0.0,0.0,0.0,0.1247,27.39,0.0
2544,37.42,21.44,0.0,3.68,0.0,0.1247,19.65,0.0
2545,37.42,13.04,0.0,5.62,0.0,0.1599,30.0,0.0
2546,37.42,5.13,0.0,0.0,2.29,0.2138,30.0,0.0
2547,37.42,7.84,0.0,0.42,0.0,0.1894,30.0,0.0
2548,37.42,13.55,0.0,6.13,0.0,0.1934,30.0,0.0
2549,37.42,16.97,0.0,9.55,0.0,0.2522,30.0,0.0
2550,37.42,0.67,0.0,0.0,6.75,0.3437,30.0,0.0
2551,39.37,0.0,17.87,8.5,0.0,0.2721,30.0,0.0
2552,41.25,12.93,43.32,0.0,15.0,0.3535,0.0,30.0
2553,42.98,5.93,60.71,0.0,6.33,0.1942,0.0,30.0
2554,44.49,0.06,71.89,0.0,2.54,0.127,0.0,30.0
2555,45.73,5.46,81.98,11.7,0.0,0.1,0.0,30.0
2556,46.66,0.0,66.1,0.0,10.56,0.2121,0.0,30.0
2557,47.23,3.26,84.32,40.35,0.0,0.1,0.0,0.0
2558,47.42,5.02,72.4,21.55,0.0,0.4867,0.0,8.45
2559,47.23,8.15,60.67,21.59,0.0,0.6932,0.0,0.0
2560,46.66,0.97,40.33,0.0,0.0,0.9,5.36,0.0
2561,45.73,6.53,19.92,0.0,0.0,0.9,19.29,0.0
2562,44.49,3.41,0.0,0.0,11.08,0.9,30.0,0.0
2563,42.98,9.38,0.0,0.0,3.6,0.7824,30.0,0.0
2564,41.25,5.61,0.0,0.0,45.27,0.7442,0.0,9.64
2565,39.37,8.48,0.0,0.0,0.89,0.2635,30.0,0.0
2566,37.42,6.71,0.0,0.0,0.71,0.2541,30.0,0.0
2567,37.42,13.95,0.0,6.53,0.0,0.2465,30.0,0.0
2568,37.41,14.88,0.0,7.47,0.0,0.3091,30.0,0.0
2569,37.41,10.21,0.0,2.8,0.0,0.3806,30.0,0.0
2570,37.41,10.92,0.0,3.52,0.0,0.4074,30.0,0.0
2571,37.41,4.1,0.0,0.0,3.3,0.4411,30.0,0.0
2572,37.41,8.01,0.0,0.6,0.0,0.4061,30.0,0.0
2573,37.41,8.04,0.0,0.0,29.37,0.4118,0.0,0.0
2574,37.41,18.04,0.0,10.63,0.0,0.1,30.0,0.0
2575,39.36,1.5,22.67,10.44,0.0,0.2018,25.63,0.0
2576,41.24,11.17,43.15,0.0,16.91,0.3018,0.0,30.0
2577,42.96,8.38,62.48,0.0,2.1,0.1223,0.0,30.0
2578,44.48,4.75,72.53,2.8,0.0,0.1,0.0,30.0
2579,45.72,10.46,82.51,17.25,0.0,0.1269,0.0,30.0
2580,46.65,4.58,85.73,43.66,0.0,0.2921,0.0,0.0
2581,47.22,4.79,85.41,12.98,0.0,0.7105,0.0,30.0
2582,47.41,3.37,72.37,0.0,0.0,0.8348,0.0,28.33
2583,47.22,9.32,62.54,6.8,0.0,0.8348,0.0,17.84
2584,46.65,9.65,40.31,0.0,0.0,0.9,0.0,3.31
2585,45.72,3.51,21.8,0.0,0.0,0.9,20.41,0.0
2586,44.48,1.71,0.0,0.0,12.77,0.9,30.0,0.0
2587,42.96,7.41,0.0,0.0,40.75,0.7644,0.0,5.19
2588,41.24,5.93,0.0,0.0,5.3,0.3318,30.0,0.0
2589,39.36,9.84,0.0,0.48,0.0,0.2756,30.0,0.0
2590,37.41,15.89,0.0,8.48,0.0,0.2802,30.0,0.0
2591,37.41,9.28,0.0,1.88,0.0,0.3615,30.0,0.0
2592,37.4,11.07,0.0,0.0,26.32,0.3795,0.0,0.0
2593,37.4,11.35,0.0,3.95,0.0,0.1,30.0,0.0
2594,37.4,14.21,0.0,6.82,0.0,0.1379,30.0,0.0
2595,37.4,0.73,0.0,0.0,6.67,0.2032,30.0,0.0
2596,37.4,6.67,0.0,0.0,0.73,0.1324,30.0,0.0
2597,37.4,9.06,0.0,1.66,0.0,0.1246,30.0,0.0
2598,37.4,12.08,0.0,4.68,0.0,0.1406,30.0,0.0
2599,39.35,4.0,22.66,17.31,0.0,0.1854,30.0,0.0
2600,41.22,0.0,42.43,0.0,23.67,0.3513,0.0,24.88
2601,42.95,6.75,61.95,0.0,0.0,0.1,0.0,25.74
2602,44.47,0.89,74.37,0.79,0.0,0.1,0.0,30.0
2603,45.71,0.0,84.54,8.83,0.0,0.1075,0.0,30.0
2604,46.64,0.38,86.71,10.45,0.0,0.1922,0.0,30.0
2605,47.2,2.34,83.9,39.03,0.0,0.2923,0.0,0.0
2606,47.4,1.01,73.43,24.39,0.0,0.6663,0.0,2.66
2607,47.2,0.0,59.07,0.0,0.0,0.9,0.0,11.86
2608,46.64,8.75,42.27,0.0,0.0,0.9,0.0,4.38
2609,45.71,11.32,21.76,0.0,42.63,0.9,0.0,30.0
2610,44.47,9.81,0.0,0.0,4.66,0.4473,30.0,0.0
2611,42.95,3.47,0.0,0.0,25.18,0.3979,14.31,0.0
2612,41.22,8.35,0.0,0.0,2.88,0.1306,30.0,0.0
2613,39.35,10.01,0.0,0.0,0.0,0.1,29.34,0.0
2614,37.4,13.18,0.0,0.0,0.0,0.1,24.22,0.0
2615,37.4,13.88,0.0,0.0,0.0,0.1,23.52,0.0
2616,37.38,8.14,0.0,0.0,0.0,0.1,29.24,0.0
2617,37.38,11.38,0.0,0.0,0.0,0.1,26.0,0.0
2618,37.38,12.52,0.0,0.0,0.0,0.1,24.86,0.0
2619,37.38,16.0,0.0,7.71,0.0,0.1,29.09,0.0
2620,37.38,12.03,0.0,4.65,0.0,0.1739,30.0,0.0
2621,37.38,11.38,0.0,4.0,0.0,0.2184,30.0,0.0
2622,37.38,7.39,0.0,0.0,0.0,0.2567,30.0,0.0
2623,39.34,11.81,20.15,22.63,0.0,0.2567,30.0,0.0
2624,41.21,6.67,42.44,0.0,22.11,0.4736,0.0,30.0
2625,42.94,0.54,59.32,0.0,13.08,0.2389,0.0,30.0
2626,44.46,9.27,73.06,7.87,0.0,0.1,0.0,30.0
2627,45.7,5.93,82.4,12.64,0.0,0.1754,0.0,30.0
2628,46.62,0.0,58.12,0.0,18.51,0.2965,0.0,30.0
2629,47.19,1.05,82.32,36.18,0.0,0.1,0.0,0.0
2630,47.38,4.68,76.38,33.68,0.0,0.4466,0.0,0.0
2631,47.19,6.03,59.13,13.64,0.0,0.7693,0.0,4.33
2632,46.62,5.79,43.58,0.0,0.0,0.9,0.0,2.74
2633,45.7,7.26,22.56,0.0,45.73,0.9,0.0,29.84
2634,44.46,14.08,0.0,0.0,0.37,0.4145,30.0,0.0
2635,42.94,12.55,0.0,0.0,0.39,0.4106,30.0,0.0
2636,41.21,9.9,0.0,0.0,1.31,0.4065,30.0,0.0
2637,39.34,13.87,0.0,4.54,0.0,0.3926,30.0,0.0
2638,37.38,6.35,0.0,0.0,1.03,0.436,30.0,0.0
2639,37.38,12.69,0.0,5.31,0.0,0.4251,30.0,0.0
2640,37.37,18.61,0.0,0.0,0.0,0.4759,18.76,0.0
2641,37.37,10.07,0.0,2.7,0.0,0.4759,30.0,0.0
2642,37.37,7.05,0.0,0.0,0.32,0.5018,30.0,0.0
2643,37.37,7.2,0.0,0.0,30.17,0.4984,0.0,0.0
2644,37.37,4.53,0.0,0.0,2.84,0.1781,30.0,0.0
2645,37.37,4.79,0.0,0.0,2.58,0.1479,30.0,0.0
2646,37.37,5.44,0.0,0.0,1.93,0.1205,30.0,0.0
2647,39.32,0.08,23.01,13.77,0.0,0.1,30.0,0.0
2648,41.2,4.97,41.92,0.0,12.43,0.2319,0.0,18.12
2649,42.93,7.78,61.64,26.49,0.0,0.1,0.0,0.0
2650,44.44,0.0,50.53,0.0,23.91,0.3538,0.0,30.0
2651,45.69,9.27,82.52,16.1,0.0,0.1,0.0,30.0
2652,46.61,4.95,86.93,45.26,0.0,0.2543,0.0,0.0
2653,47.18,7.24,42.32,0.0,27.62,0.688,0.0,30.0
2654,47.37,0.66,77.02,30.31,0.0,0.3948,0.0,0.0
2655,47.18,7.58,62.02,22.42,0.0,0.6852,0.0,0.0
2656,46.61,0.38,41.16,0.0,0.0,0.9,5.07,0.0
2657,45.69,9.59,22.8,0.0,0.0,0.9,13.3,0.0
2658,44.44,7.68,0.0,0.0,12.83,0.9,23.93,0.0
2659,42.93,10.34,0.0,0.0,2.59,0.7638,30.0,0.0
2660,41.2,4.17,0.0,0.0,50.0,0.7363,0.0,12.98
2661,39.32,6.19,0.0,0.0,3.13,0.2055,30.0,0.0
2662,37.37,13.04,0.0,5.66,0.0,0.1723,30.0,0.0
2663,37.37,7.05,0.0,0.0,0.33,0.2266,30.0,0.0
2664,37.36,12.97,0.0,5.61,0.0,0.2231,30.0,0.0
2665,37.36,5.24,0.0,0.0,2.11,0.2769,30.0,0.0
2666,37.36,14.01,0.0,6.65,0.0,0.2544,30.0,0.0
2667,37.36,4.73,0.0,0.0,2.63,0.3182,30.0,0.0
2668,37.36,11.27,0.0,3.91,0.0,0.2902,30.0,0.0
2669,37.36,10.57,0.0,3.21,0.0,0.3277,30.0,0.0
2670,37.36,4.02,0.0,0.0,3.34,0.3585,30.0,0.0
2671,39.31,8.24,19.53,18.46,0.0,0.323,30.0,0.0
2672,41.18,5.91,39.98,0.0,25.29,0.4999,0.0,30.0
2673,42.91,1.74,58.79,0.0,12.38,0.2315,0.0,30.0
2674,44.43,0.0,77.04,2.61,0.0,0.1,0.0,30.0
2675,45.67,0.0,84.56,8.89,0.0,0.125,0.0,30.0
2676,46.6,4.21,62.01,0.0,10.38,0.2102,0.0,30.0
2677,47.16,0.0,82.95,35.79,0.0,0.1,0.0,0.0
2678,47.36,3.71,74.98,31.33,0.0,0.4429,0.0,0.0
2679,47.16,2.88,60.16,15.88,0.0,0.7432,0.0,0.0
2680,46.6,7.65,44.24,0.48,0.0,0.8954,0.0,4.81
2681,45.67,4.58,21.18,0.0,0.0,0.9,19.91,0.0
2682,44.43,5.54,0.0,0.0,50.0,0.9,0.0,11.11
2683,42.91,11.01,0.0,0.0,1.9,0.3692,30.0,0.0
2684,41.18,10.37,0.0,0.0,23.45,0.349,7.37,0.0
2685,39.31,11.14,0.0,0.0,0.0,0.1,28.16,0.0
2686,37.36,12.44,0.0,3.12,0.0,0.1,28.03,0.0
2687,37.36,4.54,0.0,0.0,2.81,0.1299,30.0,0.0
2688,37.34,14.12,0.0,4.59,0.0,0.1,27.81,0.0
2689,37.34,13.38,0.0,6.04,0.0,0.144,30.0,0.0
2690,37.34,6.21,0.0,0.0,1.13,0.2018,30.0,0.0
2691,37.34,8.76,0.0,1.41,0.0,0.1898,30.0,0.0
2692,37.34,8.75,0.0,1.4,0.0,0.2034,30.0,0.0
2693,37.34,7.35,0.0,0.01,0.0,0.2168,30.0,0.0
2694,37.34,8.22,0.0,0.88,0.0,0.2169,30.0,0.0
2695,39.29,11.7,21.94,24.34,0.0,0.2254,30.0,0.0
2696,41.17,9.25,40.39,0.0,21.53,0.4586,0.0,30.0
2697,42.9,0.0,60.65,0.0,12.24,0.23,0.0,30.0
2698,44.41,5.83,77.22,8.64,0.0,0.1,0.0,30.0
2699,45.66,8.34,59.52,0.0,7.8,0.1828,0.0,30.0
2700,46.58,4.3,89.47,47.19,0.0,0.1,0.0,0.0
2701,47.15,0.0,48.57,0.0,28.58,0.5522,0.0,30.0
2702,47.34,11.59,76.79,41.03,0.0,0.2488,0.0,0.0
2703,47.15,8.15,62.39,23.39,0.0,0.6419,0.0,0.0
2704,46.58,5.8,44.32,3.54,0.0,0.8661,0.0,0.0
2705,45.66,10.1,20.3,0.0,0.0,0.9,15.26,0.0
2706,44.41,7.44,0.0,0.0,6.97,0.9,30.0,0.0
2707,42.9,8.01,0.0,0.0,18.38,0.8259,16.51,0.0
2708,41.17,7.45,0.0,0.0,50.0,0.6308,0.0,16.28
2709,39.29,16.25,0.0,6.95,0.0,0.1,30.0,0.0
2710,37.34,7.04,0.0,0.0,0.31,0.1666,30.0,0.0
2711,37.34,17.19,0.0,9.85,0.0,0.1634,30.0,0.0
2712,37.33,12.99,0.0,5.66,0.0,0.2577,30.0,0.0
2713,37.33,4.98,0.0,0.0,2.35,0.3119,30.0,0.0
2714,37.33,11.88,0.0,0.0,9.23,0.287,16.21,0.0
2715,37.33,1.0,0.0,0.0,6.33,0.189,30.0,0.0
2716,37.33,11.43,0.0,4.11,0.0,0.1218,30.0,0.0
2717,37.33,11.51,0.0,4.19,0.0,0.1612,30.0,0.0
2718,37.33,4.32,0.0,0.0,3.01,0.2013,30.0,0.0
2719,39.28,6.21,21.25,18.18,0.0,0.1693,30.0,0.0
2720,41.15,12.8,44.02,0.0,14.34,0.3436,0.0,30.0
2721,42.88,1.75,62.53,0.0,8.61,0.1914,0.0,30.0
2722,44.4,0.0,75.08,0.68,0.0,0.1,0.0,30.0
2723,45.64,8.91,83.99,17.26,0.0,0.1065,0.0,30.0
2724,46.57,10.76,49.62,0.0,16.19,0.2718,0.0,30.0
2725,47.13,2.78,86.94,42.59,0.0,0.1,0.0,0.0
2726,47.33,7.37,73.78,33.83,0.0,0.5081,0.0,0.0
2727,47.13,9.4,62.59,7.07,0.0,0.8323,0.0,17.79
2728,46.57,1.62,42.23,0.0,0.0,0.9,2.71,0.0
2729,45.64,3.69,19.68,0.0,0.0,0.9,22.27,0.0
2730,44.4,11.87,0.0,0.0,50.0,0.9,0.0,17.47
2731,42.88,14.83,0.0,0.0,22.13,0.3692,5.93,0.0
2732,41.15,11.18,0.0,0.0,0.0,0.1342,29.98,0.0
2733,39.28,6.06,0.0,0.0,3.22,0.1342,30.0,0.0
2734,37.33,18.59,0.0,11.27,0.0,0.1,30.0,0.0
2735,37.33,8.57,0.0,1.25,0.0,0.208,30.0,0.0
2736,37.31,9.46,0.0,2.15,0.0,0.2199,30.0,0.0
2737,37.31,12.13,0.0,0.0,0.0,0.2405,25.18,0.0
2738,37.31,16.73,0.0,9.42,0.0,0.2405,30.0,0.0
2739,37.31,13.17,0.0,0.0,0.0,0.3308,24.14,0.0
2740,37.31,10.5,0.0,0.0,0.0,0.3308,26.81,0.0
2741,37.31,9.7,0.0,2.39,0.0,0.3308,30.0,0.0
2742,37.31,6.89,0.0,0.0,0.43,0.3536,30.0,0.0
2743,39.26,7.95,19.71,18.04,0.0,0.3491,29.65,0.0
2744,41.14,0.0,42.33,0.0,28.81,0.522,0.0,30.0
2745,42.87,2.55,59.38,0.0,10.94,0.2161,0.0,30.0
2746,44.38,4.12,75.2,4.94,0.0,0.1,0.0,30.0
2747,45.63,0.0,82.63,7.01,0.0,0.1473,0.0,30.0
2748,46.55,4.16,61.61,0.0,10.78,0.2144,0.0,30.0
2749,47.12,1.86,83.49,38.23,0.0,0.1,0.0,0.0
2750,47.31,10.39,73.66,36.74,0.0,0.4663,0.0,0.0
2751,47.12,10.29,60.94,8.52,0.0,0.8184,0.0,15.59
2752,46.55,2.7,43.66,0.0,0.0,0.9,0.19,0.0
2753,45.63,5.01,22.91,0.0,0.0,0.9,17.7,0.0
2754,44.38,6.4,0.0,0.0,7.98,0.9,30.0,0.0
2755,42.87,5.91,0.0,0.0,6.96,0.8152,30.0,0.0
2756,41.14,9.59,0.0,0.0,5.84,0.7414,25.71,0.0
2757,39.26,6.49,0.0,0.0,2.77,0.6793,30.0,0.0
2758,37.31,5.61,0.0,0.0,1.7,0.6499,30.0,0.0
2759,37.31,13.29,0.0,0.0,24.02,0.6319,0.0,0.0
2760,37.29,13.39,0.0,6.1,0.0,0.3768,30.0,0.0
2761,37.29,7.31,0.0,0.02,0.0,0.4352,30.0,0.0
2762,37.29,13.94,0.0,6.64,0.0,0.4354,30.0,0.0
2763,37.29,6.95,0.0,0.0,0.34,0.4991,30.0,0.0
2764,37.29,9.76,0.0,0.0,27.53,0.4954,0.0,0.0
2765,37.29,11.11,0.0,3.82,0.0,0.2031,30.0,0.0
2766,37.29,6.5,0.0,0.0,0.79,0.2397,30.0,0.0
2767,39.24,7.45,19.43,0.0,12.36,0.2313,0.0,0.0
2768,41.12,2.43,44.21,10.48,0.0,0.1,4.97,0.0
2769,42.85,2.9,60.5,0.0,9.46,0.2004,0.0,30.0
2770,44.37,2.2,73.8,31.63,0.0,0.1,0.0,0.0
2771,45.61,0.0,82.95,7.34,0.0,0.4031,0.0,30.0
2772,46.53,1.76,39.6,0.0,35.17,0.4734,0.0,30.0
2773,47.1,0.0,83.42,36.31,0.0,0.1,0.0,0.0
2774,47.29,1.02,75.87,29.59,0.0,0.4479,0.0,0.0
2775,47.1,2.53,61.4,16.4,0.0,0.7315,0.0,0.43
2776,46.53,3.51,44.21,1.19,0.0,0.8886,0.0,0.0
2777,45.61,4.57,21.59,0.0,49.45,0.9,0.0,30.0
2778,44.37,6.38,0.0,0.0,7.98,0.375,30.0,0.0
2779,42.85,9.7,0.0,0.0,3.15,0.2903,30.0,0.0
2780,41.12,12.33,0.0,1.21,0.0,0.2568,30.0,0.0
2781,39.24,6.88,0.0,0.0,2.37,0.2684,30.0,0.0
2782,37.29,5.24,0.0,0.0,2.05,0.2433,30.0,0.0
2783,37.29,6.32,0.0,0.0,0.97,0.2215,30.0,0.0
2784,37.28,8.7,0.0,1.42,0.0,0.2112,30.0,0.0
2785,37.28,9.12,0.0,1.84,0.0,0.2249,30.0,0.0
2786,37.28,6.97,0.0,0.0,0.3,0.2425,30.0,0.0
2787,37.28,4.13,0.0,0.0,3.14,0.2393,30.0,0.0
2788,37.28,6.76,0.0,0.0,0.52,0.2059,30.0,0.0
2789,37.28,8.4,0.0,1.12,0.0,0.2004,30.0,0.0
2790,37.28,9.04,0.0,1.76,0.0,0.2111,30.0,0.0
2791,39.23,3.19,23.2,17.17,0.0,0.228,30.0,0.0
2792,41.1,2.79,41.65,0.0,26.66,0.3925,0.0,30.0
2793,42.83,0.0,63.46,0.0,0.89,0.1095,0.0,21.52
2794,44.35,2.86,75.68,4.19,0.0,0.1,0.0,30.0
2795,45.59,0.0,86.64,11.05,0.0,0.1401,0.0,30.0
2796,46.52,4.81,87.68,27.99,0.0,0.246,0.0,17.98
2797,47.08,0.0,87.35,40.27,0.0,0.5142,0.0,0.0
2798,47.28,1.5,54.98,0.0,20.8,0.9,0.0,30.0
2799,47.08,4.89,63.45,21.26,0.0,0.6792,0.0,0.0
2800,46.52,5.26,43.04,1.79,0.0,0.8829,0.0,0.0
2801,45.59,16.66,19.24,0.0,39.69,0.9,0.0,30.0
2802,44.35,8.02,0.0,0.0,6.32,0.4786,30.0,0.0
2803,42.83,3.49,0.0,0.0,19.4,0.4114,19.95,0.0
2804,41.1,8.25,0.0,0.0,2.85,0.2055,30.0,0.0
2805,39.23,2.14,0.0,0.0,7.08,0.1752,30.0,0.0
2806,37.28,9.83,0.0,2.55,0.0,0.1,30.0,0.0
2807,37.28,7.13,0.0,0.0,0.15,0.1245,30.0,0.0
2808,37.26,14.45,0.0,7.19,0.0,0.1228,30.0,0.0
2809,37.26,8.24,0.0,0.98,0.0,0.1917,30.0,0.0
2810,37.26,9.61,0.0,0.0,0.0,0.2011,27.64,0.0
2811,37.26,6.81,0.0,0.0,9.52,0.2011,20.93,0.0
2812,37.26,15.79,0.0,1.12,0.0,0.1,22.59,0.0
2813,37.26,6.25,0.0,0.0,1.01,0.1107,30.0,0.0
2814,37.26,14.1,0.0,0.0,0.0,0.1,23.16,0.0
2815,39.21,8.81,22.08,0.0,0.0,0.1,8.32,0.0
2816,41.09,6.44,43.65,9.0,0.0,0.1,0.0,0.0
2817,42.81,1.18,63.52,0.0,8.12,0.1862,0.0,30.0
2818,44.33,4.55,76.92,7.15,0.0,0.1,0.0,30.0
2819,45.57,0.0,85.79,40.21,0.0,0.1685,0.0,0.0
2820,46.5,1.21,32.54,0.0,42.74,0.5538,0.0,30.0
2821,47.07,6.01,86.11,45.05,0.0,0.1,0.0,0.0
2822,47.26,2.72,74.83,30.3,0.0,0.5317,0.0,0.0
2823,47.07,0.0,63.77,7.45,0.0,0.822,0.0,9.26
2824,46.5,4.22,42.97,0.69,0.0,0.8933,0.0,0.0
2825,45.57,12.5,20.71,0.0,42.37,0.9,0.0,30.0
2826,44.33,11.68,0.0,0.0,2.65,0.4502,30.0,0.0
2827,42.81,7.33,0.0,0.0,24.25,0.422,11.24,0.0
2828,41.09,12.52,0.0,0.0,0.0,0.1646,28.56,0.0
2829,39.21,7.92,0.0,0.0,1.29,0.1646,30.0,0.0
2830,37.26,3.04,0.0,0.0,4.22,0.1509,30.0,0.0
2831,37.26,6.68,0.0,0.0,0.58,0.1061,30.0,0.0
2832,37.24,17.06,0.0,0.0,0.0,0.1,20.17,0.0
2833,37.24,9.31,0.0,0.0,0.0,0.1,27.93,0.0
2834,37.24,9.03,0.0,0.0,0.0,0.1,28.21,0.0
2835,37.24,8.13,0.0,0.0,0.0,0.1,29.11,0.0
2836,37.24,16.41,0.0,3.31,0.0,0.1,24.14,0.0
2837,37.24,14.26,0.0,7.02,0.0,0.1317,30.0,0.0
2838,37.24,15.64,0.0,8.4,0.0,0.1989,30.0,0.0
2839,39.19,4.71,19.35,14.88,0.0,0.2794,30.0,0.0
2840,41.07,5.6,43.94,0.0,21.53,0.422,0.0,30.0
2841,42.8,0.0,64.0,0.0,8.79,0.1934,0.0,30.0
2842,44.31,8.98,78.36,13.03,0.0,0.1,0.0,30.0
2843,45.55,0.0,63.79,0.0,11.76,0.2248,0.0,30.0
2844,46.48,3.2,88.35,15.07,0.0,0.1,0.0,30.0
2845,47.05,0.0,85.68,36.41,0.0,0.2444,0.0,2.23
2846,47.24,0.42,78.84,32.01,0.0,0.5933,0.0,0.0
2847,47.05,0.05,61.18,0.0,0.0,0.9,0.0,14.18
2848,46.48,1.86,41.9,0.0,0.0,0.9,2.73,0.0
2849,45.55,3.14,23.57,0.0,8.09,0.9,10.76,0.0
2850,44.31,4.17,0.0,0.0,10.14,0.8141,30.0,0.0
2851,42.8,10.97,0.0,0.0,50.0,0.7065,0.0,18.18
2852,41.07,3.94,0.0,0.0,7.13,0.1757,30.0,0.0
2853,39.19,10.29,0.0,1.1,0.0,0.1,30.0,0.0
2854,37.24,15.08,0.0,7.84,0.0,0.1105,30.0,0.0
2855,37.24,8.32,0.0,1.08,0.0,0.1857,30.0,0.0
2856,37.22,7.55,0.0,0.33,0.0,0.196,30.0,0.0
2857,37.22,9.43,0.0,2.21,0.0,0.1992,30.0,0.0
2858,37.22,14.86,0.0,0.0,0.0,0.2204,22.36,0.0
2859,37.22,10.12,0.0,2.9,0.0,0.2204,30.0,0.0
2860,37.22,6.25,0.0,0.0,1.7,0.2481,29.27,0.0
2861,37.22,9.46,0.0,2.24,0.0,0.2301,30.0,0.0
2862,37.22,1.81,0.0,0.0,5.41,0.2515,30.0,0.0
2863,39.17,8.13,22.88,21.85,0.0,0.1941,30.0,0.0
2864,41.05,6.0,43.62,0.0,21.43,0.4035,0.0,30.0
2865,42.78,2.18,63.44,0.0,7.16,0.176,0.0,30.0
2866,44.29,0.0,74.68,0.39,0.0,0.1,0.0,30.0
2867,45.53,0.0,88.7,13.16,0.0,0.1037,0.0,30.0
2868,46.46,4.45,59.78,0.0,12.23,0.2298,0.0,30.0
2869,47.03,7.47,85.82,31.61,0.0,0.1,0.0,14.65
2870,47.22,0.15,77.9,30.83,0.0,0.4029,0.0,0.0
2871,47.03,5.35,62.72,21.04,0.0,0.6984,0.0,0.0
2872,46.46,0.0,43.84,0.0,2.62,0.9,0.0,0.0
2873,45.53,2.89,23.36,2.9,0.0,0.8722,22.19,0.0
2874,44.29,6.25,0.0,0.0,8.04,0.9,30.0,0.0
2875,42.78,3.69,0.0,0.0,35.83,0.8147,3.26,0.0
2876,41.05,4.57,0.0,0.0,6.47,0.4343,30.0,0.0
2877,39.17,6.54,0.0,0.0,2.63,0.3655,30.0,0.0
2878,37.22,11.18,0.0,3.96,0.0,0.3377,30.0,0.0
2879,37.22,9.61,0.0,2.39,0.0,0.3756,30.0,0.0
2880,37.2,1.19,0.0,0.0,6.01,0.3985,30.0,0.0
2881,37.2,1.53,0.0,0.0,5.67,0.3347,30.0,0.0
2882,37.2,7.39,0.0,0.19,0.0,0.2745,30.0,0.0
2883,37.2,11.15,0.0,3.95,0.0,0.2764,30.0,0.0
2884,37.2,0.0,0.0,0.0,7.2,0.3142,30.0,0.0
2885,37.2,5.32,0.0,0.0,1.88,0.2377,30.0,0.0
2886,37.2,4.14,0.0,0.0,3.06,0.2178,30.0,0.0
2887,39.15,11.0,23.78,25.63,0.0,0.1853,30.0,0.0
2888,41.03,2.65,42.39,0.0,25.99,0.4308,0.0,30.0
2889,42.76,4.98,62.61,0.0,5.17,0.1549,0.0,30.0
2890,44.27,3.32,76.07,5.11,0.0,0.1,0.0,30.0
2891,45.51,0.0,86.1,10.58,0.0,0.149,0.0,30.0
2892,46.44,5.36,56.92,0.0,14.17,0.2504,0.0,30.0
2893,47.01,3.21,85.12,12.37,0.0,0.1,0.0,28.95
2894,47.2,4.84,79.67,37.3,0.0,0.2186,0.0,0.0
2895,47.01,19.66,61.17,33.81,0.0,0.576,0.0,0.0
2896,46.44,0.0,42.78,0.0,0.0,0.9,3.66,0.0
2897,45.51,12.39,20.51,0.0,42.61,0.9,0.0,30.0
2898,44.27,5.13,0.0,0.0,9.14,0.4476,30.0,0.0
2899,42.76,8.58,0.0,0.0,13.52,0.3505,20.66,0.0
2900,41.03,8.2,0.0,0.0,2.82,0.207,30.0,0.0
2901,39.15,7.49,0.0,0.0,1.66,0.177,30.0,0.0
2902,37.2,7.55,0.0,0.35,0.0,0.1594,30.0,0.0
2903,37.2,11.69,0.0,4.49,0.0,0.1627,30.0,0.0
2904,37.18,4.11,0.0,0.0,3.07,0.2057,30.0,0.0
2905,37.18,13.37,0.0,6.19,0.0,0.1732,30.0,0.0
2906,37.18,8.12,0.0,0.94,0.0,0.2325,30.0,0.0
2907,37.18,4.5,0.0,0.0,2.68,0.2415,30.0,0.0
2908,37.18,6.46,0.0,0.0,0.72,0.2131,30.0,0.0
2909,37.18,12.54,0.0,5.36,0.0,0.2055,30.0,0.0
2910,37.18,4.04,0.0,0.0,3.14,0.2568,30.0,0.0
2911,39.13,6.67,20.42,17.96,0.0,0.2235,30.0,0.0
2912,41.01,1.16,44.31,0.0,25.54,0.3956,0.0,30.0
2913,42.73,6.47,63.97,0.0,2.3,0.1244,0.0,30.0
2914,44.25,5.51,78.68,9.94,0.0,0.1,0.0,30.0
2915,45.49,9.91,84.72,19.14,0.0,0.1952,0.0,30.0
2916,46.42,1.39,89.23,44.2,0.0,0.3786,0.0,0.0
2917,46.99,0.0,34.71,0.0,42.27,0.8021,0.0,30.0
2918,47.18,3.07,77.23,33.12,0.0,0.3533,0.0,0.0
2919,46.99,8.7,62.23,23.93,0.0,0.6707,0.0,0.0
2920,46.42,1.21,44.84,0.0,0.0,0.9,0.37,0.0
2921,45.49,8.27,19.49,0.0,0.0,0.9,17.74,0.0
2922,44.25,5.45,0.0,0.0,8.8,0.9,30.0,0.0
2923,42.73,7.06,0.0,0.0,5.67,0.8066,30.0,0.0
2924,41.01,8.71,0.0,0.0,2.3,0.7463,30.0,0.0
2925,39.13,10.23,0.0,1.1,0.0,0.722,30.0,0.0
2926,37.18,9.36,0.0,0.0,27.82,0.7325,0.0,0.0
2927,37.18,11.15,0.0,3.97,0.0,0.4372,30.0,0.0
2928,37.16,16.88,0.0,9.72,0.0,0.4752,30.0,0.0
2929,37.16,14.28,0.0,7.12,0.0,0.5683,30.0,0.0
2930,37.16,13.38,0.0,6.23,0.0,0.6366,30.0,0.0
2931,37.16,7.24,0.0,0.0,29.92,0.6962,0.0,0.0
2932,37.16,4.58,0.0,0.0,2.58,0.3786,30.0,0.0
2933,37.16,11.23,0.0,4.07,0.0,0.3512,30.0,0.0
2934,37.16,9.82,0.0,0.0,27.33,0.3902,0.0,0.0
2935,39.11,11.22,23.27,25.39,0.0,0.1,30.0,0.0
2936,40.98,1.62,45.82,0.0,22.91,0.3433,0.0,29.37
2937,42.71,2.31,64.38,0.0,0.0,0.1,0.0,23.98
2938,44.23,0.0,77.68,3.45,0.0,0.1,0.0,30.0
2939,45.47,0.57,86.32,11.41,0.0,0.1331,0.0,30.0
2940,46.4,6.18,88.86,48.64,0.0,0.2424,0.0,0.0
2941,46.97,0.0,41.41,0.0,35.56,0.7085,0.0,30.0
2942,47.16,5.26,79.72,37.82,0.0,0.331,0.0,0.0
2943,46.97,2.48,61.2,16.71,0.0,0.6934,0.0,0.0
2944,46.4,5.47,45.79,4.86,0.0,0.8535,0.0,0.0
2945,45.47,0.37,19.53,0.0,2.41,0.9,23.17,0.0
2946,44.23,6.55,0.0,0.0,50.0,0.8745,0.0,12.32
2947,42.71,0.0,0.0,0.0,12.71,0.3436,30.0,0.0
2948,40.98,7.49,0.0,0.0,3.49,0.2086,30.0,0.0
2949,39.11,2.37,0.0,0.0,6.74,0.1716,30.0,0.0
2950,37.16,14.78,0.0,0.0,0.0,0.1,22.38,0.0
2951,37.16,13.42,0.0,3.58,0.0,0.1,27.32,0.0
2952,37.14,12.21,0.0,0.0,0.0,0.1343,24.93,0.0
2953,37.14,16.44,0.0,9.3,0.0,0.1343,30.0,0.0
2954,37.14,5.79,0.0,0.0,1.35,0.2234,30.0,0.0
2955,37.14,16.3,0.0,9.17,0.0,0.2091,30.0,0.0
2956,37.14,12.07,0.0,4.93,0.0,0.2969,30.0,0.0
2957,37.14,6.23,0.0,0.0,0.91,0.3442,30.0,0.0
2958,37.14,10.84,0.0,3.7,0.0,0.3345,30.0,0.0
2959,39.09,0.48,21.05,12.44,0.0,0.37,30.0,0.0
2960,40.96,0.65,44.58,0.0,25.73,0.4892,0.0,30.0
2961,42.69,0.68,61.09,0.0,10.92,0.216,0.0,30.0
2962,44.21,0.35,79.51,5.66,0.0,0.1,0.0,30.0
2963,45.45,0.0,87.28,11.83,0.0,0.1542,0.0,30.0
2964,46.37,7.06,53.53,0.0,15.78,0.2676,0.0,30.0
2965,46.94,1.06,85.8,39.91,0.0,0.1,0.0,0.0
2966,47.14,4.01,79.15,36.02,0.0,0.4824,0.0,0.0
2967,46.94,0.84,60.98,7.57,0.0,0.8275,0.0,7.31
2968,46.37,0.0,41.88,0.0,4.5,0.9,0.0,0.0
2969,45.45,6.18,21.69,4.98,0.0,0.8523,22.56,0.0
2970,44.21,0.0,0.0,0.0,14.21,0.9,30.0,0.0
2971,42.69,6.92,0.0,0.0,9.29,0.7492,26.48,0.0
2972,40.96,2.54,0.0,0.0,38.43,0.6506,0.0,0.0
2973,39.09,17.3,0.0,8.21,0.0,0.2426,30.0,0.0
2974,37.14,13.5,0.0,6.36,0.0,0.3212,30.0,0.0
2975,37.14,10.57,0.0,3.44,0.0,0.3822,30.0,0.0
2976,37.11,15.45,0.0,8.34,0.0,0.4151,30.0,0.0
2977,37.11,6.57,0.0,0.0,0.54,0.4951,30.0,0.0
2978,37.11,11.91,0.0,4.8,0.0,0.4893,30.0,0.0
2979,37.11,9.83,0.0,2.72,0.0,0.5353,30.0,0.0
2980,37.11,9.24,0.0,2.13,0.0,0.5613,30.0,0.0
2981,37.11,12.42,0.0,5.3,0.0,0.5817,30.0,0.0
2982,37.11,9.11,0.0,0.0,28.01,0.6325,0.0,0.0
2983,39.06,6.2,20.17,17.31,0.0,0.3352,30.0,0.0
2984,40.94,0.0,42.88,0.0,28.06,0.501,0.0,30.0
2985,42.67,0.0,62.96,0.0,9.7,0.203,0.0,30.0
2986,44.18,1.98,72.21,0.0,0.0,0.1,0.0,30.0
2987,45.43,0.0,89.98,44.55,0.0,0.1,0.0,0.0
2988,46.35,0.0,46.35,0.0,0.0,0.5269,0.0,0.0
2989,46.92,12.06,73.8,38.94,0.0,0.5269,0.0,0.0
2990,47.11,8.77,45.98,0.0,22.36,0.9,0.0,30.0
2991,46.92,5.64,63.38,22.1,0.0,0.6626,0.0,0.0
2992,46.35,4.3,44.73,2.68,0.0,0.8743,0.0,0.0
2993,45.43,4.12,21.62,0.0,0.0,0.9,19.69,0.0
2994,44.18,2.13,0.0,0.0,50.0,0.9,0.0,7.94
2995,42.67,7.47,0.0,0.0,13.01,0.3692,22.19,0.0
2996,40.94,9.21,0.0,0.0,1.73,0.231,30.0,0.0
2997,39.06,3.86,0.0,0.0,5.21,0.2127,30.0,0.0
2998,37.11,11.05,0.0,3.93,0.0,0.1574,30.0,0.0
2999,37.11,9.43,0.0,2.32,0.0,0.1951,30.0,0.0
3000,37.09,2.25,0.0,0.0,4.84,0.2173,30.0,0.0
3001,37.09,6.45,0.0,0.0,0.64,0.1659,30.0,0.0
3002,37.09,7.89,0.0,0.8,0.0,0.1592,30.0,0.0
3003,37.09,16.76,0.0,9.67,0.0,0.1668,30.0,0.0
3004,37.09,10.39,0.0,3.3,0.0,0.2595,30.0,0.0
3005,37.09,1.55,0.0,0.0,5.54,0.2911,30.0,0.0
3006,37.09,8.03,0.0,0.94,0.0,0.2323,30.0,0.0
3007,39.04,0.0,24.1,15.06,0.0,0.2413,30.0,0.0
3008,40.92,8.43,45.56,0.0,16.93,0.3856,0.0,30.0
3009,42.65,1.13,61.55,0.0,9.97,0.2058,0.0,30.0
3010,44.16,2.04,77.1,4.97,0.0,0.1,0.0,30.0
3011,45.4,7.5,89.59,21.69,0.0,0.1477,0.0,30.0
3012,46.33,0.0,92.39,46.06,0.0,0.3554,0.0,0.0
3013,46.9,0.0,34.27,0.0,42.62,0.7968,0.0,30.0
3014,47.09,0.01,79.54,32.46,0.0,0.3442,0.0,0.0
3015,46.9,7.39,65.06,25.55,0.0,0.6552,0.0,0.0
3016,46.33,0.0,41.83,0.0,0.0,0.9,4.5,0.0
3017,45.4,0.0,21.91,0.0,50.0,0.9,0.0,26.5
3018,44.16,4.14,0.0,0.0,10.02,0.3692,30.0,0.0
3019,42.65,9.37,0.0,0.0,3.27,0.2628,30.0,0.0
3020,40.92,13.06,0.0,2.14,0.0,0.228,30.0,0.0
3021,39.04,7.02,0.0,0.0,2.02,0.2486,30.0,0.0
3022,37.09,7.9,0.0,0.81,0.0,0.2271,30.0,0.0
3023,37.09,14.8,0.0,7.71,0.0,0.2349,30.0,0.0
3024,37.07,2.35,0.0,0.0,4.72,0.3087,30.0,0.0
3025,37.07,8.35,0.0,1.28,0.0,0.2586,30.0,0.0
3026,37.07,10.33,0.0,3.26,0.0,0.2709,30.0,0.0
3027,37.07,10.74,0.0,3.68,0.0,0.3022,30.0,0.0
3028,37.07,5.91,0.0,0.0,1.15,0.3374,30.0,0.0
3029,37.07,7.17,0.0,0.1,0.0,0.3252,30.0,0.0
3030,37.07,0.0,0.0,0.0,7.07,0.3262,30.0,0.0
3031,39.02,2.15,24.23,17.36,0.0,0.2512,30.0,0.0
3032,40.89,5.76,44.33,0.0,18.65,0.4175,0.0,27.85
3033,42.62,0.0,61.36,0.0,11.26,0.2196,0.0,30.0
3034,44.14,2.61,76.33,4.8,0.0,0.1,0.0,30.0
3035,45.38,3.8,87.44,15.86,0.0,0.146,0.0,30.0
3036,46.3,0.39,92.77,45.0,0.0,0.298,0.0,1.86
3037,46.87,2.66,90.45,16.23,0.0,0.7291,0.0,30.0
3038,47.07,0.0,78.67,1.6,0.0,0.8847,0.0,30.0
3039,46.87,2.17,64.74,0.0,0.0,0.9,0.0,20.04
3040,46.3,6.41,45.17,0.0,0.0,0.9,0.0,5.27
3041,45.38,5.53,20.11,0.0,6.2,0.9,13.55,0.0
3042,44.14,3.52,0.0,0.0,10.61,0.8342,30.0,0.0
3043,42.62,7.95,0.0,0.0,50.0,0.7215,0.0,15.33
3044,40.89,10.99,0.0,0.09,0.0,0.1907,30.0,0.0
3045,39.02,0.39,0.0,0.0,8.63,0.1916,30.0,0.0
3046,37.07,14.34,0.0,6.75,0.0,0.1,29.48,0.0
3047,37.07,8.56,0.0,1.5,0.0,0.1647,30.0,0.0
3048,37.04,11.8,0.0,4.76,0.0,0.1791,30.0,0.0
3049,37.04,14.86,0.0,7.82,0.0,0.2247,30.0,0.0
3050,37.04,3.8,0.0,0.0,3.24,0.2996,30.0,0.0
3051,37.04,5.89,0.0,0.0,1.16,0.2652,30.0,0.0
3052,37.04,6.77,0.0,0.0,0.27,0.2529,30.0,0.0
3053,37.04,3.72,0.0,0.0,3.32,0.25,30.0,0.0
3054,37.04,13.08,0.0,6.04,0.0,0.2147,30.0,0.0
3055,38.99,1.27,19.5,11.79,0.0,0.2726,30.0,0.0
3056,40.87,1.52,42.45,0.0,26.9,0.3856,0.0,30.0
3057,42.6,3.81,64.22,25.43,0.0,0.1,0.0,0.0
3058,44.11,0.0,80.99,6.88,0.0,0.3437,0.0,30.0
3059,45.36,0.25,87.52,42.42,0.0,0.4096,0.0,0.0
3060,46.28,0.0,26.28,0.0,50.0,0.816,0.0,30.0
3061,46.85,0.51,90.61,44.27,0.0,0.2851,0.0,0.0
3062,47.04,1.92,77.28,19.9,0.0,0.7093,0.0,12.26
3063,46.85,0.77,63.78,0.0,0.0,0.9,0.0,17.71
3064,46.28,0.0,44.79,0.0,0.0,0.9,1.49,0.0
3065,45.36,6.15,20.71,0.0,48.49,0.9,0.0,30.0
3066,44.11,13.17,0.0,0.0,0.95,0.3852,30.0,0.0
3067,42.6,7.04,0.0,0.0,23.57,0.3752,11.98,0.0
3068,40.87,8.9,0.0,0.0,1.97,0.1249,30.0,0.0
3069,38.99,11.69,0.0,2.7,0.0,0.104,30.0,0.0
3070,37.04,4.22,0.0,0.0,2.82,0.1299,30.0,0.0
3071,37.04,16.95,0.0,0.0,0.0,0.1,20.09,0.0
3072,37.02,10.82,0.0,0.0,0.0,0.1,26.2,0.0
3073,37.02,16.6,0.0,9.58,0.0,0.1,30.0,0.0
3074,37.02,6.39,0.0,0.0,0.63,0.1918,30.0,0.0
3075,37.02,16.3,0.0,9.28,0.0,0.1852,30.0,0.0
3076,37.02,11.12,0.0,4.1,0.0,0.2741,30.0,0.0
3077,37.02,9.2,0.0,0.0,0.0,0.3134,27.82,0.0
3078,37.02,6.81,0.0,0.0,20.1,0.3134,10.1,0.0
3079,38.97,3.73,22.67,0.0,0.0,0.1,12.56,0.0
3080,40.84,8.74,42.74,10.64,0.0,0.1,0.0,0.0
3081,42.57,3.49,61.26,0.0,7.82,0.2019,0.0,30.0
3082,44.09,0.0,79.96,5.87,0.0,0.1189,0.0,30.0
3083,45.33,0.0,87.0,11.67,0.0,0.1752,0.0,30.0
3084,46.25,0.92,92.89,17.56,0.0,0.287,0.0,30.0
3085,46.82,3.12,88.22,44.51,0.0,0.4553,0.0,0.0
3086,47.02,2.01,76.9,1.9,0.0,0.8818,0.0,30.0
3087,46.82,7.96,64.41,0.0,0.0,0.9,0.0,25.55
3088,46.25,0.0,44.31,0.0,0.0,0.9,1.94,0.0
3089,45.33,5.36,20.51,0.0,49.46,0.9,0.0,30.0
3090,44.09,0.0,0.0,0.0,14.09,0.3749,30.0,0.0
3091,42.57,10.06,0.0,0.0,2.51,0.2253,30.0,0.0
3092,40.84,7.52,0.0,0.0,9.29,0.1986,24.04,0.0
3093,38.97,10.51,0.0,1.54,0.0,0.1,30.0,0.0
3094,37.02,5.85,0.0,0.0,1.17,0.1147,30.0,0.0
3095,37.02,15.14,0.0,8.12,0.0,0.1023,30.0,0.0
3096,36.99,14.24,0.0,7.25,0.0,0.1802,30.0,0.0
3097,36.99,12.2,0.0,0.0,0.0,0.2496,24.79,0.0
3098,36.99,8.83,0.0,0.0,0.0,0.2496,28.16,0.0
3099,36.99,11.11,0.0,0.0,0.0,0.2496,25.88,0.0
3100,36.99,4.92,0.0,0.0,14.09,0.2496,17.98,0.0
3101,36.99,10.4,0.0,0.72,0.0,0.1,27.31,0.0
3102,36.99,12.61,0.0,5.62,0.0,0.1069,30.0,0.0
3103,38.94,9.14,20.76,20.96,0.0,0.1607,30.0,0.0
3104,40.82,0.69,45.49,0.0,24.64,0.3616,0.0,30.0
3105,42.55,4.35,66.16,27.96,0.0,0.1,0.0,0.0
3106,44.06,0.0,81.64,7.58,0.0,0.3679,0.0,30.0
3107,45.31,4.15,39.08,0.0,32.07,0.4405,0.0,30.0
3108,46.23,3.5,94.22,21.5,0.0,0.1,0.0,30.0
3109,46.8,0.0,88.74,31.63,0.0,0.306,0.0,10.32
3110,46.99,0.0,77.35,30.36,0.0,0.6091,0.0,0.0
3111,46.8,1.68,62.65,0.0,0.0,0.9,0.0,17.52
3112,46.23,2.46,43.62,0.0,0.0,0.9,0.15,0.0
3113,45.31,0.0,20.16,0.0,50.0,0.9,0.0,24.85
3114,44.06,7.39,0.0,0.0,6.67,0.3692,30.0,0.0
3115,42.55,7.89,0.0,0.0,11.55,0.2983,23.1,0.0
3116,40.82,7.05,0.0,0.0,3.77,0.1757,30.0,0.0
3117,38.94,5.58,0.0,0.0,3.36,0.1357,30.0,0.0
3118,36.99,13.71,0.0,0.0,0.0,0.1,23.28,0.0
3119,36.99,16.64,0.0,2.59,0.0,0.1,22.93,0.0
3120,36.96,7.86,0.0,0.9,0.0,0.1248,30.0,0.0
3121,36.96,7.19,0.0,0.23,0.0,0.1334,30.0,0.0
3122,36.96,11.35,0.0,4.38,0.0,0.1355,30.0,0.0
3123,36.96,7.17,0.0,0.21,0.0,0.1775,30.0,0.0
3124,36.96,7.22,0.0,0.25,0.0,0.1795,30.0,0.0
3125,36.96,9.86,0.0,2.9,0.0,0.1819,30.0,0.0
3126,36.96,0.0,0.0,0.0,6.96,0.2097,30.0,0.0
3127,38.92,10.11,24.36,25.56,0.0,0.1358,30.0,0.0
3128,40.79,3.95,45.07,0.0,21.77,0.3806,0.0,30.0
3129,42.52,1.09,66.77,0.0,4.66,0.1495,0.0,30.0
3130,44.04,1.77,80.01,7.74,0.0,0.1,0.0,30.0
3131,45.28,1.57,88.37,14.66,0.0,0.1741,0.0,30.0
3132,46.2,0.0,55.99,0.0,20.22,0.3146,0.0,30.0
3133,46.77,7.92,88.64,48.77,0.0,0.1,0.0,1.01
3134,46.96,2.31,79.38,34.72,0.0,0.5673,0.0,0.0
3135,46.77,4.63,66.67,0.0,0.0,0.9,0.0,24.52
3136,46.2,7.59,45.45,0.0,0.0,0.9,0.0,6.84
3137,45.28,0.42,22.53,0.0,50.0,0.9,0.0,27.67
3138,44.04,7.69,0.0,0.0,6.35,0.3692,30.0,0.0
3139,42.52,5.69,0.0,0.0,6.83,0.3017,30.0,0.0
3140,40.79,11.3,0.0,0.51,0.0,0.2292,30.0,0.0
3141,38.92,0.0,0.0,0.0,8.92,0.2341,30.0,0.0
3142,36.96,8.9,0.0,1.94,0.0,0.1395,30.0,0.0
3143,36.96,7.23,0.0,0.26,0.0,0.158,30.0,0.0
3144,36.94,11.6,0.0,4.67,0.0,0.1605,30.0,0.0
3145,36.94,11.62,0.0,4.68,0.0,0.2052,30.0,0.0
3146,36.94,6.32,0.0,0.0,0.61,0.2501,30.0,0.0
3147,36.94,5.65,0.0,0.0,1.29,0.2436,30.0,0.0
3148,36.94,7.28,0.0,0.34,0.0,0.2299,30.0,0.0
3149,36.94,3.03,0.0,0.0,3.91,0.2332,30.0,0.0
3150,36.94,9.16,0.0,2.22,0.0,0.1916,30.0,0.0
3151,38.89,3.07,20.24,14.42,0.0,0.2129,30.0,0.0
3152,40.76,0.0,45.2,0.0,23.65,0.3511,0.0,28.09
3153,42.49,1.18,64.25,0.0,0.0,0.1,0.0,22.94
3154,44.01,0.0,80.19,6.19,0.0,0.1,0.0,30.0
3155,45.25,0.0,88.55,13.3,0.0,0.1593,0.0,30.0
3156,46.18,0.0,92.23,46.05,0.0,0.2867,0.0,0.0
3157,46.75,2.12,34.48,0.0,40.15,0.728,0.0,30.0
3158,46.94,7.58,77.32,37.97,0.0,0.3018,0.0,0.0
3159,46.75,4.04,65.62,22.91,0.0,0.6656,0.0,0.0
3160,46.18,1.08,46.65,1.56,0.0,0.8851,0.0,0.0
3161,45.25,6.48,22.92,0.0,0.0,0.9,15.85,0.0
3162,44.01,3.77,0.0,0.0,10.24,0.9,30.0,0.0
3163,42.49,3.86,0.0,0.0,49.75,0.7913,0.0,11.12
3164,40.76,2.96,0.0,0.0,7.81,0.263,30.0,0.0
3165,38.89,1.34,0.0,0.0,7.55,0.1801,30.0,0.0
3166,36.94,7.64,0.0,0.7,0.0,0.1,30.0,0.0
3167,36.94,10.32,0.0,3.39,0.0,0.1067,30.0,0.0
3168,36.91,9.36,0.0,2.45,0.0,0.1392,30.0,0.0
3169,36.91,7.89,0.0,0.98,0.0,0.1626,30.0,0.0
3170,36.91,5.28,0.0,0.0,1.63,0.172,30.0,0.0
3171,36.91,11.06,0.0,4.15,0.0,0.1548,30.0,0.0
3172,36.91,2.23,0.0,0.0,4.68,0.1946,30.0,0.0
3173,36.91,9.9,0.0,2.99,0.0,0.1449,30.0,0.0
3174,36.91,1.46,0.0,0.0,5.45,0.1735,30.0,0.0
3175,38.86,1.42,22.5,15.06,0.0,0.1157,30.0,0.0
3176,40.74,0.0,45.97,0.0,15.06,0.2599,0.0,20.29
3177,42.47,0.61,64.01,0.0,0.0,0.1,0.0,22.15
3178,43.98,6.07,78.21,10.29,0.0,0.1,0.0,30.0
3179,45.22,0.0,73.32,28.09,0.0,0.1986,0.0,0.0
3180,46.15,0.0,91.26,45.11,0.0,0.4678,0.0,0.0
3181,46.72,0.0,46.57,0.0,30.15,0.9,0.0,30.0
3182,46.91,0.0,80.31,33.4,0.0,0.5799,0.0,0.0
3183,46.72,1.31,67.03,0.0,0.0,0.9,0.0,21.63
3184,46.15,0.31,46.81,0.0,0.0,0.9,0.0,0.97
3185,45.22,10.05,24.04,0.0,41.13,0.9,0.0,30.0
3186,43.98,0.65,0.0,0.0,13.33,0.4633,30.0,0.0
3187,42.47,10.39,0.0,0.0,2.08,0.3219,30.0,0.0
3188,40.74,11.38,0.0,0.0,18.82,0.2998,10.53,0.0
3189,38.86,16.12,0.0,7.26,0.0,0.1,30.0,0.0
3190,36.91,7.5,0.0,0.59,0.0,0.1696,30.0,0.0
3191,36.91,12.57,0.0,5.66,0.0,0.1753,30.0,0.0
3192,36.88,19.16,0.0,12.27,0.0,0.2295,30.0,0.0
3193,36.88,7.0,0.0,0.12,0.0,0.3471,30.0,0.0
3194,36.88,2.79,0.0,0.0,4.09,0.3482,30.0,0.0
3195,36.88,0.7,0.0,0.0,8.61,0.3048,27.57,0.0
3196,36.88,10.58,0.0,3.7,0.0,0.2133,30.0,0.0
3197,36.88,0.0,0.0,0.0,6.88,0.2488,30.0,0.0
3198,36.88,4.02,0.0,0.0,2.87,0.1757,30.0,0.0
3199,38.83,6.3,20.31,17.78,0.0,0.1453,30.0,0.0
3200,40.71,4.25,46.14,0.0,20.31,0.3157,0.0,30.0
3201,42.44,4.39,63.63,0.0,0.0,0.1,0.0,25.58
3202,43.95,2.89,81.05,9.99,0.0,0.1,0.0,30.0
3203,45.2,6.86,89.45,21.11,0.0,0.1957,0.0,30.0
3204,46.12,0.0,92.84,16.72,0.0,0.398,0.0,30.0
3205,46.69,0.0,82.37,35.68,0.0,0.5582,0.0,0.0
3206,46.88,0.0,49.47,0.0,27.42,0.9,0.0,30.0
3207,46.69,6.07,64.85,24.23,0.0,0.6089,0.0,0.0
3208,46.12,7.22,45.05,6.15,0.0,0.8411,0.0,0.0
3209,45.2,6.36,24.5,0.0,0.0,0.9,14.34,0.0
3210,43.95,10.46,0.0,0.0,25.35,0.9,8.14,0.0
3211,42.44,1.75,0.0,0.0,50.0,0.6308,0.0,9.31
3212,40.71,14.54,0.0,0.0,0.0,0.1,26.17,0.0
3213,38.83,14.8,0.0,0.0,0.0,0.1,24.03,0.0
3214,36.88,12.2,0.0,0.0,0.0,0.1,24.69,0.0
3215,36.88,16.94,0.0,4.92,0.0,0.1,24.86,0.0
3216,36.85,2.78,0.0,0.0,4.07,0.1471,30.0,0.0
3217,36.85,7.33,0.0,0.48,0.0,0.1039,30.0,0.0
3218,36.85,6.05,0.0,0.0,0.81,0.1086,30.0,0.0
3219,36.85,11.42,0.0,4.02,0.0,0.1,29.45,0.0
3220,36.85,3.23,0.0,0.0,3.63,0.1385,30.0,0.0
3221,36.85,9.72,0.0,0.0,0.0,0.1,27.14,0.0
3222,36.85,11.18,0.0,3.09,0.0,0.1,28.76,0.0
3223,38.8,7.31,24.29,22.8,0.0,0.1296,30.0,0.0
3224,40.68,4.61,47.61,0.0,18.46,0.3481,0.0,30.0
3225,42.41,0.0,67.5,0.0,4.91,0.1522,0.0,30.0
3226,43.92,0.0,82.03,8.11,0.0,0.1,0.0,30.0
3227,45.17,6.68,91.16,22.68,0.0,0.1777,0.0,30.0
3228,46.09,4.59,43.72,0.0,27.78,0.395,0.0,30.0
3229,46.66,1.34,90.06,44.74,0.0,0.1,0.0,0.0
3230,46.85,0.19,79.44,32.77,0.0,0.5287,0.0,0.0
3231,46.66,0.0,62.69,5.98,0.0,0.8427,0.0,10.05
3232,46.09,0.0,45.54,0.0,0.0,0.9,0.55,0.0
3233,45.17,12.35,20.74,0.0,6.06,0.9,6.02,0.0
3234,43.92,0.2,0.0,0.0,13.72,0.8357,30.0,0.0
3235,42.41,7.36,0.0,0.0,50.0,0.69,0.0,14.95
3236,40.68,11.75,0.0,0.0,0.0,0.1591,28.93,0.0
3237,38.8,3.24,0.0,0.0,5.57,0.1591,30.0,0.0
3238,36.85,9.86,0.0,0.0,0.0,0.1,26.99,0.0
3239,36.85,13.39,0.0,0.0,0.0,0.1,23.46,0.0
3240,36.82,9.65,0.0,0.0,0.0,0.1,27.18,0.0
3241,36.82,21.34,0.0,14.01,0.0,0.1,29.49,0.0
3242,36.82,2.13,0.0,0.0,4.7,0.2342,30.0,0.0
3243,36.82,12.77,0.0,5.95,0.0,0.1844,30.0,0.0
3244,36.82,6.81,0.0,0.0,0.02,0.2413,30.0,0.0
3245,36.82,9.72,0.0,2.9,0.0,0.2412,30.0,0.0
3246,36.82,7.28,0.0,0.46,0.0,0.269,30.0,0.0
3247,38.77,1.34,22.15,14.71,0.0,0.2734,30.0,0.0
3248,40.65,4.33,43.01,0.0,23.31,0.4143,0.0,30.0
3249,42.38,0.0,66.08,0.0,6.3,0.1669,0.0,30.0
3250,43.89,4.36,80.65,41.12,0.0,0.1,0.0,0.0
3251,45.14,2.69,90.11,17.66,0.0,0.494,0.0,30.0
3252,46.06,3.96,49.29,0.0,22.82,0.6631,0.0,30.0
3253,46.63,5.84,91.28,50.0,0.0,0.4209,0.0,0.49
3254,46.82,3.39,52.47,0.0,20.97,0.9,0.0,30.0
3255,46.63,3.14,66.73,23.23,0.0,0.6774,0.0,0.0
3256,46.06,0.0,42.98,0.0,0.0,0.9,3.08,0.0
3257,45.14,1.43,20.03,0.0,50.0,0.9,0.0,26.32
3258,43.89,10.37,0.0,0.0,3.52,0.3692,30.0,0.0
3259,42.38,12.48,0.0,0.0,0.0,0.3317,29.9,0.0
3260,40.65,6.54,0.0,0.0,20.09,0.3317,14.02,0.0
3261,38.77,8.57,0.0,0.0,0.2,0.1184,30.0,0.0
3262,36.82,5.29,0.0,0.0,1.53,0.1163,30.0,0.0
3263,36.82,14.31,0.0,0.0,0.0,0.1,22.51,0.0
3264,36.79,12.3,0.0,5.33,0.0,0.1,29.83,0.0
3265,36.79,17.45,0.0,0.0,0.0,0.1511,19.35,0.0
3266,36.79,5.35,0.0,0.0,1.44,0.1511,30.0,0.0
3267,36.79,6.77,0.0,0.0,0.03,0.1358,30.0,0.0
3268,36.79,8.43,0.0,1.64,0.0,0.1355,30.0,0.0
3269,36.79,9.15,0.0,2.36,0.0,0.1512,30.0,0.0
3270,36.79,4.51,0.0,0.0,2.29,0.1738,30.0,0.0
3271,38.75,0.71,24.49,16.46,0.0,0.1495,30.0,0.0
3272,40.62,6.98,45.36,0.0,18.28,0.3072,0.0,30.0
3273,42.35,5.46,65.66,0.0,1.23,0.1131,0.0,30.0
3274,43.87,0.0,80.4,6.54,0.0,0.1,0.0,30.0
3275,45.11,7.02,88.09,50.0,0.0,0.1627,0.0,0.0
3276,46.03,6.11,94.06,26.95,0.0,0.6417,0.0,27.18
3277,46.6,1.96,48.49,0.0,26.15,0.9,0.0,30.0
3278,46.79,2.14,79.67,5.02,0.0,0.6223,0.0,30.0
3279,46.6,4.77,65.8,23.96,0.0,0.6704,0.0,0.0
3280,46.03,0.0,43.79,0.0,0.0,0.9,2.24,0.0
3281,45.11,4.45,21.02,0.0,0.0,0.9,19.63,0.0
3282,43.87,0.0,0.0,0.0,13.87,0.9,30.0,0.0
3283,42.35,10.11,0.0,0.0,11.49,0.7528,20.76,0.0
3284,40.62,1.0,0.0,0.0,50.0,0.6308,0.0,10.38
3285,38.75,14.56,0.0,5.82,0.0,0.1,30.0,0.0
3286,36.79,7.62,0.0,0.83,0.0,0.1557,30.0,0.0
3287,36.79,8.53,0.0,1.73,0.0,0.1637,30.0,0.0
3288,36.76,6.89,0.0,0.13,0.0,0.1803,30.0,0.0
3289,36.76,8.16,0.0,1.4,0.0,0.1815,30.0,0.0
3290,36.76,14.82,0.0,8.05,0.0,0.1949,30.0,0.0
3291,36.76,0.0,0.0,0.0,6.76,0.272,30.0,0.0
3292,36.76,12.71,0.0,5.95,0.0,0.2002,30.0,0.0
3293,36.76,7.82,0.0,1.06,0.0,0.2572,30.0,0.0
3294,36.76,0.35,0.0,0.0,8.21,0.2674,28.21,0.0
3295,38.71,0.0,21.75,13.04,0.0,0.1802,30.0,0.0
3296,40.59,10.23,47.97,0.0,12.4,0.3052,0.0,30.0
3297,42.32,0.0,65.39,0.0,6.93,0.1736,0.0,30.0
3298,43.84,0.0,78.31,4.48,0.0,0.1,0.0,30.0
3299,45.08,6.06,91.63,22.62,0.0,0.1429,0.0,30.0
3300,46.0,2.61,93.8,50.0,0.0,0.3596,0.0,0.4
3301,46.57,0.0,26.57,0.0,50.0,0.8387,0.0,30.0
3302,46.76,2.66,81.87,36.03,0.0,0.3078,0.0,1.73
3303,46.57,0.0,65.9,19.33,0.0,0.6531,0.0,0.0
3304,46.0,7.84,44.6,6.44,0.0,0.8383,0.0,0.0
3305,45.08,8.68,22.63,0.0,43.78,0.9,0.0,30.0
3306,43.84,7.56,0.0,0.0,6.28,0.4352,30.0,0.0
3307,42.32,7.92,0.0,0.0,22.14,0.3686,12.26,0.0
3308,40.59,14.72,0.0,0.0,0.0,0.1335,25.87,0.0
3309,38.71,8.28,0.0,0.0,0.44,0.1335,30.0,0.0
3310,36.76,4.04,0.0,0.0,2.72,0.1289,30.0,0.0
3311,36.76,11.22,0.0,0.0,0.0,0.1,25.55,0.0
3312,36.73,18.09,0.0,6.16,0.0,0.1,24.8,0.0
3313,36.73,5.1,0.0,0.0,1.63,0.159,30.0,0.0
3314,36.73,7.39,0.0,0.66,0.0,0.1417,30.0,0.0
3315,36.73,9.96,0.0,3.22,0.0,0.148,30.0,0.0
3316,36.73,7.15,0.0,0.42,0.0,0.1789,30.0,0.0
3317,36.73,2.3,0.0,0.0,4.43,0.1828,30.0,0.0
3318,36.73,9.95,0.0,3.22,0.0,0.1358,30.0,0.0
3319,38.68,13.84,22.29,27.45,0.0,0.1666,30.0,0.0
3320,40.56,4.04,43.74,0.0,22.77,0.4296,0.0,30.0
3321,42.29,0.0,64.02,0.0,8.27,0.1878,0.0,30.0
3322,43.8,0.0,78.54,4.74,0.0,0.1,0.0,30.0
3323,45.05,2.37,88.82,16.14,0.0,0.1454,0.0,30.0
3324,45.97,5.73,91.32,21.08,0.0,0.3001,0.0,30.0
3325,46.54,3.27,90.36,41.53,0.0,0.5021,0.0,5.56
3326,46.73,1.7,55.92,0.0,19.11,0.9,0.0,30.0
3327,46.54,0.0,67.71,21.17,0.0,0.6971,0.0,0.0
3328,45.97,0.0,46.17,0.0,0.0,0.9,0.0,0.19
3329,45.05,7.69,23.34,0.0,44.02,0.9,0.0,30.0
3330,43.8,9.09,0.0,0.0,19.05,0.4327,15.67,0.0
3331,42.29,0.0,0.0,0.0,12.29,0.2305,30.0,0.0
3332,40.56,13.96,0.0,0.0,0.0,0.1,26.6,0.0
3333,38.68,10.61,0.0,0.0,0.0,0.1,28.07,0.0
3334,36.73,14.69,0.0,7.96,0.0,0.1,30.0,0.0
3335,36.73,3.74,0.0,0.0,2.99,0.1762,30.0,0.0
3336,36.7,3.74,0.0,0.0,2.97,0.1445,30.0,0.0
3337,36.7,8.64,0.0,1.93,0.0,0.113,30.0,0.0
3338,36.7,10.92,0.0,0.0,0.0,0.1315,25.78,0.0
3339,36.7,15.62,0.0,6.63,0.0,0.1315,27.71,0.0
3340,36.7,10.25,0.0,0.0,0.0,0.1951,26.45,0.0
3341,36.7,5.32,0.0,0.0,1.38,0.1951,30.0,0.0
3342,36.7,1.0,0.0,0.0,5.7,0.1804,30.0,0.0
3343,38.65,9.28,23.25,23.87,0.0,0.1198,30.0,0.0
3344,40.53,0.0,47.12,0.0,23.41,0.3486,0.0,30.0
3345,42.26,9.07,67.83,4.64,0.0,0.1,0.0,30.0
3346,43.77,0.49,79.33,6.04,0.0,0.1445,0.0,30.0
3347,45.02,7.84,57.53,0.0,9.64,0.2024,0.0,30.0
3348,45.94,3.92,92.86,50.0,0.0,0.1,0.0,0.84
3349,46.51,0.68,52.86,0.0,22.97,0.5791,0.0,30.0
3350,46.7,0.0,79.31,32.6,0.0,0.3353,0.0,0.0
3351,46.51,0.91,65.29,19.69,0.0,0.6476,0.0,0.0
3352,45.94,4.95,47.63,6.65,0.0,0.8363,0.0,0.0
3353,45.02,4.5,22.48,0.0,0.0,0.9,18.04,0.0
3354,43.77,2.79,0.0,0.0,10.98,0.9,30.0,0.0
3355,42.26,5.64,0.0,0.0,6.62,0.7834,30.0,0.0
3356,40.53,7.65,0.0,0.0,2.88,0.7131,30.0,0.0
3357,38.65,0.0,0.0,0.0,38.65,0.6826,0.0,0.0
3358,36.7,10.74,0.0,4.04,0.0,0.2722,30.0,0.0
3359,36.7,5.19,0.0,0.0,1.51,0.3109,30.0,0.0
3360,36.67,4.57,0.0,0.0,2.1,0.2949,30.0,0.0
3361,36.67,2.21,0.0,0.0,4.46,0.2725,30.0,0.0
3362,36.67,1.36,0.0,0.0,5.31,0.2252,30.0,0.0
3363,36.67,2.52,0.0,0.0,4.15,0.1689,30.0,0.0
3364,36.67,4.34,0.0,0.0,2.33,0.1248,30.0,0.0
3365,36.67,14.37,0.0,7.7,0.0,0.1,30.0,0.0
3366,36.67,3.02,0.0,0.0,3.65,0.1738,30.0,0.0
3367,38.62,4.87,20.61,16.86,0.0,0.1351,30.0,0.0
3368,40.5,4.79,45.09,0.0,18.52,0.2966,0.0,27.91
3369,42.23,2.82,64.4,0.0,0.0,0.1,0.0,24.99
3370,43.74,1.29,79.7,7.25,0.0,0.1,0.0,30.0
3371,44.98,0.0,92.51,17.53,0.0,0.1695,0.0,30.0
3372,45.91,7.07,46.47,0.0,22.36,0.3374,0.0,30.0
3373,46.48,8.69,90.15,50.0,0.0,0.1,0.0,2.36
3374,46.67,0.0,81.99,9.23,0.0,0.5791,0.0,26.09
3375,46.48,0.0,67.02,20.54,0.0,0.6675,0.0,0.0
3376,45.91,1.97,47.66,3.72,0.0,0.8643,0.0,0.0
3377,44.98,0.13,20.73,0.0,50.0,0.9,0.0,25.88
3378,43.74,7.3,0.0,0.0,6.44,0.3692,30.0,0.0
3379,42.23,3.26,0.0,0.0,18.91,0.3008,20.06,0.0
3380,40.5,16.25,0.0,0.0,0.0,0.1,24.25,0.0
3381,38.62,13.07,0.0,0.29,0.0,0.1,25.84,0.0
3382,36.67,9.67,0.0,3.0,0.0,0.1028,30.0,0.0
3383,36.67,13.46,0.0,6.79,0.0,0.1315,30.0,0.0
3384,36.64,13.88,0.0,7.24,0.0,0.1966,30.0,0.0
3385,36.64,6.82,0.0,0.18,0.0,0.266,30.0,0.0
3386,36.64,5.36,0.0,0.0,1.27,0.2678,30.0,0.0
3387,36.64,8.41,0.0,1.77,0.0,0.2542,30.0,0.0
3388,36.64,10.8,0.0,4.16,0.0,0.2712,30.0,0.0
3389,36.64,6.81,0.0,0.17,0.0,0.3111,30.0,0.0
3390,36.64,0.0,0.0,0.0,6.64,0.3127,30.0,0.0
3391,38.59,0.76,20.99,13.16,0.0,0.2422,30.0,0.0
3392,40.46,2.78,45.86,0.0,21.83,0.3683,0.0,30.0
3393,42.19,1.91,66.84,0.0,3.44,0.1366,0.0,30.0
3394,43.71,9.74,82.75,18.78,0.0,0.1,0.0,30.0
3395,44.95,0.0,88.72,13.77,0.0,0.28,0.0,30.0
3396,45.88,3.11,93.93,21.16,0.0,0.4119,0.0,30.0
3397,46.45,7.32,31.94,0.0,37.18,0.6146,0.0,30.0
3398,46.64,10.98,81.36,45.71,0.0,0.2199,0.0,0.0
3399,46.45,0.55,66.57,20.68,0.0,0.6578,0.0,0.0
3400,45.88,5.12,45.35,4.6,0.0,0.8559,0.0,0.0
3401,44.95,6.44,20.11,0.0,48.39,0.9,0.0,30.0
3402,43.71,5.97,0.0,0.0,7.74,0.3862,30.0,0.0
3403,42.19,5.82,0.0,0.0,6.37,0.304,30.0,0.0
3404,40.46,9.03,0.0,0.0,4.25,0.2363,27.18,0.0
3405,38.59,0.0,0.0,0.0,8.59,0.1912,30.0,0.0
3406,36.64,11.57,0.0,0.0,0.0,0.1,25.07,0.0
3407,36.64,9.68,0.0,0.0,0.0,0.1,26.96,0.0
3408,36.61,8.33,0.0,1.73,0.0,0.1,30.0,0.0
3409,36.61,17.59,0.0,1.3,0.0,0.1165,20.31,0.0
3410,36.61,5.9,0.0,0.0,0.7,0.129,30.0,0.0
3411,36.61,6.37,0.0,0.0,0.24,0.1216,30.0,0.0
3412,36.61,15.43,0.0,8.83,0.0,0.1191,30.0,0.0
3413,36.61,2.74,0.0,0.0,3.87,0.2037,30.0,0.0
3414,36.61,2.83,0.0,0.0,3.77,0.1626,30.0,0.0
3415,38.56,3.43,23.29,18.16,0.0,0.1225,30.0,0.0
3416,40.43,6.52,48.07,0.0,15.84,0.2965,0.0,30.0
3417,42.16,3.04,66.45,0.0,2.67,0.1284,0.0,30.0
3418,43.68,0.0,81.51,37.83,0.0,0.1,0.0,0.0
3419,44.92,0.0,65.03,0.0,9.89,0.4625,0.0,30.0
3420,45.84,0.0,92.85,47.0,0.0,0.3575,0.0,0.0
3421,46.41,0.79,25.62,0.0,50.0,0.8079,0.0,30.0
3422,46.61,3.29,82.78,39.46,0.0,0.277,0.0,0.0
3423,46.41,3.91,68.06,25.56,0.0,0.6551,0.0,0.0
3424,45.84,0.0,45.6,0.0,0.0,0.9,0.24,0.0
3425,44.92,8.45,22.71,0.0,43.76,0.9,0.0,30.0
3426,43.68,6.16,0.0,0.0,7.52,0.4354,30.0,0.0
3427,42.16,11.92,0.0,0.0,22.66,0.3556,7.58,0.0
3428,40.43,9.02,0.0,0.0,1.41,0.115,30.0,0.0
3429,38.56,12.6,0.0,4.05,0.0,0.1,30.0,0.0
3430,36.61,10.63,0.0,4.03,0.0,0.1388,30.0,0.0
3431,36.61,14.69,0.0,8.09,0.0,0.1774,30.0,0.0
3432,36.57,11.37,0.0,0.0,0.0,0.2548,25.2,0.0
3433,36.57,8.66,0.0,0.0,9.62,0.2548,18.29,0.0
3434,36.57,18.07,0.0,11.5,0.0,0.1527,30.0,0.0
3435,36.57,11.68,0.0,5.11,0.0,0.2629,30.0,0.0
3436,36.57,9.51,0.0,2.94,0.0,0.3118,30.0,0.0
3437,36.57,0.85,0.0,0.0,5.72,0.34,30.0,0.0
3438,36.57,0.0,0.0,0.0,6.57,0.2792,30.0,0.0
3439,38.52,5.21,22.79,19.47,0.0,0.2095,30.0,0.0
3440,40.4,3.6,45.28,0.0,21.52,0.396,0.0,30.0
3441,42.13,0.0,65.77,0.0,6.36,0.1675,0.0,30.0
3442,43.64,2.06,79.41,7.83,0.0,0.1,0.0,30.0
3443,44.89,7.65,91.19,23.95,0.0,0.175,0.0,30.0
3444,45.81,3.8,94.1,22.09,0.0,0.4045,0.0,30.0
3445,46.38,0.0,91.17,14.79,0.0,0.6161,0.0,30.0
3446,46.57,1.01,82.39,14.84,0.0,0.7578,0.0,21.99
3447,46.38,0.0,67.86,0.0,0.0,0.9,0.0,21.48
3448,45.81,1.39,48.48,0.0,0.0,0.9,0.0,4.05
3449,44.89,2.28,24.03,0.0,0.0,0.9,18.58,0.0
3450,43.64,3.09,0.0,0.0,10.56,0.9,30.0,0.0
3451,42.13,0.94,0.0,0.0,50.0,0.7879,0.0,8.81
3452,40.4,6.61,0.0,0.0,3.79,0.2571,30.0,0.0
3453,38.52,5.67,0.0,0.0,4.43,0.2168,28.42,0.0
3454,36.57,0.0,0.0,0.0,6.57,0.1698,30.0,0.0
3455,36.57,17.57,0.0,0.0,0.0,0.1,19.0,0.0
3456,36.54,13.68,0.0,0.74,0.0,0.1,23.6,0.0
3457,36.54,7.46,0.0,0.93,0.0,0.1071,30.0,0.0
3458,36.54,8.69,0.0,2.15,0.0,0.116,30.0,0.0
3459,36.54,3.1,0.0,0.0,3.44,0.1365,30.0,0.0
3460,36.54,14.12,0.0,2.66,0.0,0.1,25.08,0.0
3461,36.54,13.95,0.0,7.42,0.0,0.1254,30.0,0.0
3462,36.54,5.67,0.0,0.0,0.87,0.1965,30.0,0.0
3463,38.49,8.19,23.17,22.87,0.0,0.1873,30.0,0.0
3464,40.37,3.68,45.82,0.0,20.87,0.4064,0.0,30.0
3465,42.09,0.0,64.1,0.0,7.99,0.1848,0.0,30.0
3466,43.61,0.0,79.3,5.69,0.0,0.1,0.0,30.0
3467,44.85,1.56,68.15,0.0,5.14,0.1546,0.0,30.0
3468,45.78,0.0,96.95,50.0,0.0,0.1,0.0,1.17
3469,46.35,0.0,48.1,0.0,28.24,0.5791,0.0,30.0
3470,46.54,1.05,83.65,38.17,0.0,0.2792,0.0,0.0
3471,46.35,1.76,68.66,24.07,0.0,0.6449,0.0,0.0
3472,45.78,3.17,45.16,2.55,0.0,0.8756,0.0,0.0
3473,44.85,0.0,20.95,0.0,3.28,0.9,20.62,0.0
3474,43.61,2.05,0.0,0.0,50.0,0.8652,0.0,8.44
3475,42.09,0.77,0.0,0.0,11.32,0.3343,30.0,0.0
3476,40.37,11.14,0.0,0.0,0.0,0.2141,29.22,0.0
3477,38.49,0.0,0.0,0.0,8.49,0.2141,30.0,0.0
3478,36.54,13.39,0.0,6.85,0.0,0.124,30.0,0.0
3479,36.54,14.77,0.0,8.23,0.0,0.1896,30.0,0.0
3480,36.5,7.87,0.0,1.36,0.0,0.2685,30.0,0.0
3481,36.5,0.0,0.0,0.0,6.5,0.2816,30.0,0.0
3482,36.5,7.07,0.0,0.56,0.0,0.2125,30.0,0.0
3483,36.5,7.64,0.0,1.14,0.0,0.2179,30.0,0.0
3484,36.5,2.86,0.0,0.0,3.64,0.2288,30.0,0.0
3485,36.5,3.91,0.0,0.0,2.59,0.1901,30.0,0.0
3486,36.5,11.32,0.0,4.81,0.0,0.1626,30.0,0.0
3487,38.45,6.66,22.01,20.21,0.0,0.2088,30.0,0.0
3488,40.33,0.0,45.5,0.0,24.83,0.4024,0.0,30.0
3489,42.06,0.0,68.4,0.0,3.66,0.1388,0.0,30.0
3490,43.58,0.03,83.68,10.14,0.0,0.1,0.0,30.0
3491,44.82,0.09,93.67,18.94,0.0,0.1972,0.0,30.0
3492,45.74,2.89,46.61,0.0,26.25,0.3787,0.0,30.0
3493,46.31,0.0,91.5,42.13,0.0,0.1,0.0,3.06
3494,46.5,3.51,84.36,41.36,0.0,0.5037,0.0,0.0
3495,46.31,10.07,65.0,0.0,0.0,0.9,0.0,28.75
3496,45.74,6.28,45.89,0.0,0.0,0.9,0.0,6.43
3497,44.82,3.71,21.63,0.0,0.0,0.9,19.48,0.0
3498,43.58,4.22,0.0,0.0,45.18,0.9,0.0,5.82
3499,42.06,4.57,0.0,0.0,7.49,0.4203,30.0,0.0
3500,40.33,11.94,0.0,1.61,0.0,0.3408,30.0,0.0
3501,38.45,5.31,0.0,0.0,3.15,0.3562,30.0,0.0
3502,36.5,8.75,0.0,2.25,0.0,0.3228,30.0,0.0
3503,36.5,9.19,0.0,2.69,0.0,0.3444,30.0,0.0
3504,36.47,7.0,0.0,0.53,0.0,0.3701,30.0,0.0
3505,36.47,3.25,0.0,0.0,3.22,0.3752,30.0,0.0
3506,36.47,9.86,0.0,3.39,0.0,0.341,30.0,0.0
3507,36.47,7.61,0.0,1.14,0.0,0.3735,30.0,0.0
3508,36.47,9.08,0.0,2.61,0.0,0.3845,30.0,0.0
3509,36.47,3.8,0.0,0.0,2.67,0.4095,30.0,0.0
3510,36.47,9.99,0.0,0.0,26.48,0.3811,0.0,0.0
3511,38.42,0.23,21.58,13.39,0.0,0.1,30.0,0.0
3512,40.3,9.96,44.69,0.0,4.82,0.2283,0.0,19.17
3513,42.03,0.0,64.77,0.0,7.26,0.177,0.0,30.0
3514,43.54,3.15,81.78,11.39,0.0,0.1,0.0,30.0
3515,44.78,2.9,61.6,0.0,10.28,0.2091,0.0,30.0
3516,45.71,0.0,94.56,48.85,0.0,0.1,0.0,0.0
3517,46.28,2.69,42.34,0.0,31.24,0.5681,0.0,30.0
3518,46.47,6.65,80.56,40.74,0.0,0.2364,0.0,0.0
3519,46.28,0.0,68.4,22.12,0.0,0.6267,0.0,0.0
3520,45.71,4.95,47.16,6.4,0.0,0.8387,0.0,0.0
3521,44.78,0.0,25.06,0.0,7.33,0.9,12.39,0.0
3522,43.54,0.93,0.0,0.0,12.61,0.8222,30.0,0.0
3523,42.03,12.76,0.0,0.0,0.0,0.6884,29.27,0.0
3524,40.3,4.6,0.0,0.0,50.0,0.6884,0.0,14.3
3525,38.42,3.0,0.0,0.0,5.42,0.1575,30.0,0.0
3526,36.47,7.7,0.0,1.23,0.0,0.1,30.0,0.0
3527,36.47,17.51,0.0,11.04,0.0,0.1118,30.0,0.0
3528,36.43,1.45,0.0,0.0,4.99,0.2176,30.0,0.0
3529,36.43,4.54,0.0,0.0,1.89,0.1646,30.0,0.0
3530,36.43,14.69,0.0,0.0,0.0,0.1445,21.75,0.0
3531,36.43,15.52,0.0,1.46,0.0,0.1445,22.38,0.0
3532,36.43,6.54,0.0,0.1,0.0,0.1585,30.0,0.0
3533,36.43,0.83,0.0,0.0,5.6,0.1595,30.0,0.0
3534,36.43,13.58,0.0,7.14,0.0,0.1,30.0,0.0
3535,38.39,10.43,21.53,17.63,0.0,0.1684,24.06,0.0
3536,40.26,5.63,47.12,0.0,17.51,0.3374,0.0,30.0
3537,41.99,0.0,67.14,0.0,4.85,0.1515,0.0,30.0
3538,43.51,1.1,80.94,38.53,0.0,0.1,0.0,0.0
3539,44.75,0.0,56.68,0.0,18.07,0.4692,0.0,30.0
3540,45.67,2.12,94.27,50.0,0.0,0.2773,0.0,0.72
3541,46.24,0.0,26.24,0.0,50.0,0.7564,0.0,30.0
3542,46.43,4.95,80.42,38.94,0.0,0.2256,0.0,0.0
3543,46.24,0.0,66.02,19.78,0.0,0.5987,0.0,0.0
3544,45.67,8.53,48.82,11.67,0.0,0.7882,0.0,0.0
3545,44.75,5.12,24.63,0.0,29.46,0.9,0.0,14.46
3546,43.51,7.74,0.0,0.0,5.77,0.5872,30.0,0.0
3547,41.99,12.04,0.0,0.05,0.0,0.526,30.0,0.0
3548,40.26,2.36,0.0,0.0,7.9,0.5265,30.0,0.0
3549,38.39,7.67,0.0,0.0,0.71,0.4426,30.0,0.0
3550,36.43,6.28,0.0,0.0,0.15,0.4351,30.0,0.0
3551,36.43,2.4,0.0,0.0,4.04,0.4334,30.0,0.0
3552,36.4,10.43,0.0,4.03,0.0,0.3906,30.0,0.0
3553,36.4,19.26,0.0,12.86,0.0,0.4292,30.0,0.0
3554,36.4,0.82,0.0,0.0,35.58,0.5525,0.0,0.0
3555,36.4,7.65,0.0,1.25,0.0,0.1747,30.0,0.0
3556,36.4,9.58,0.0,0.0,0.0,0.1867,26.82,0.0
3557,36.4,6.44,0.0,0.04,0.0,0.1867,30.0,0.0
3558,36.4,4.38,0.0,0.0,2.01,0.187,30.0,0.0
3559,38.35,0.0,22.98,14.63,0.0,0.1656,30.0,0.0
3560,40.23,3.75,47.09,0.0,19.39,0.3058,0.0,30.0
3561,41.95,0.0,67.29,0.0,0.0,0.1,0.0,25.34
3562,43.47,0.0,82.21,8.74,0.0,0.1,0.0,30.0
3563,44.71,5.8,92.9,23.99,0.0,0.1838,0.0,30.0
3564,45.64,4.68,94.46,23.5,0.0,0.4136,0.0,30.0
3565,46.21,1.06,94.39,27.26,0.0,0.6388,0.0,21.99
3566,46.4,2.21,45.14,0.0,29.04,0.9,0.0,30.0
3567,46.21,6.37,67.4,27.56,0.0,0.5916,0.0,0.0
3568,45.64,3.71,46.54,4.62,0.0,0.8558,0.0,0.0
3569,44.71,7.53,21.58,0.0,0.0,0.9,15.61,0.0
3570,43.47,3.62,0.0,0.0,9.85,0.9,30.0,0.0
3571,41.95,11.36,0.0,0.0,28.75,0.7954,1.85,0.0
3572,40.23,8.25,0.0,0.0,1.97,0.4902,30.0,0.0
3573,38.35,8.59,0.0,0.24,0.0,0.4693,30.0,0.0
3574,36.4,3.18,0.0,0.0,3.22,0.4716,30.0,0.0
3575,36.4,10.04,0.0,0.0,26.35,0.4374,0.0,0.0
3576,36.36,5.51,0.0,0.0,0.85,0.1576,30.0,0.0
3577,36.36,6.17,0.0,0.0,0.19,0.1485,30.0,0.0
3578,36.36,5.02,0.0,0.0,1.34,0.1465,30.0,0.0
3579,36.36,3.33,0.0,0.0,3.04,0.1323,30.0,0.0
3580,36.36,15.69,0.0,1.04,0.0,0.1,21.71,0.0
3581,36.36,11.4,0.0,5.04,0.0,0.11,30.0,0.0
3582,36.36,12.77,0.0,6.41,0.0,0.1582,30.0,0.0
3583,38.31,0.0,22.25,13.93,0.0,0.2196,30.0,0.0
3584,40.19,3.04,47.22,0.0,19.93,0.3531,0.0,30.0
3585,41.92,0.0,68.01,0.0,3.91,0.1415,0.0,30.0
3586,43.43,0.0,83.6,10.17,0.0,0.1,0.0,30.0
3587,44.68,0.0,93.06,18.38,0.0,0.1974,0.0,30.0
3588,45.6,5.81,44.03,0.0,25.77,0.3736,0.0,30.0
3589,46.17,0.0,91.75,29.83,0.0,0.1,0.0,15.74
3590,46.36,5.65,81.56,40.85,0.0,0.3859,0.0,0.0
3591,46.17,4.39,69.16,0.0,0.0,0.7773,0.0,27.38
3592,45.6,12.29,46.12,12.81,0.0,0.7773,0.0,0.0
3593,44.68,0.0,22.47,0.0,50.0,0.9,0.0,27.79
3594,43.43,10.03,0.0,0.0,16.73,0.3692,16.67,0.0
3595,41.92,10.64,0.0,0.0,1.28,0.1915,30.0,0.0
3596,40.19,2.85,0.0,0.0,7.34,0.1779,30.0,0.0
3597,38.31,11.92,0.0,2.09,0.0,0.1,28.49,0.0
3598,36.36,9.79,0.0,3.43,0.0,0.1201,30.0,0.0
3599,36.36,7.87,0.0,1.51,0.0,0.1529,30.0,0.0
3600,36.33,5.5,0.0,0.0,0.82,0.1674,30.0,0.0
3601,36.33,5.8,0.0,0.0,0.53,0.1587,30.0,0.0
3602,36.33,16.86,0.0,10.53,0.0,0.1531,30.0,0.0
3603,36.33,7.71,0.0,1.38,0.0,0.254,30.0,0.0
3604,36.33,10.09,0.0,3.76,0.0,0.2672,30.0,0.0
3605,36.33,2.57,0.0,0.0,3.76,0.3032,30.0,0.0
3606,36.33,1.54,0.0,0.0,4.78,0.2633,30.0,0.0
3607,38.28,8.19,22.87,22.78,0.0,0.2126,30.0,0.0
3608,40.15,0.0,46.15,0.0,24.0,0.4308,0.0,30.0
3609,41.88,0.12,64.6,0.0,7.15,0.176,0.0,30.0
3610,43.4,1.33,80.43,8.36,0.0,0.1,0.0,30.0
3611,44.64,1.23,90.09,16.68,0.0,0.1801,0.0,30.0
3612,45.57,0.0,52.97,0.0,22.59,0.3399,0.0,30.0
3613,46.13,2.41,91.57,47.84,0.0,0.1,0.0,0.0
3614,46.33,4.06,81.56,35.65,0.0,0.5584,0.0,3.64
3615,46.13,4.89,69.13,0.0,0.0,0.9,0.0,27.88
3616,45.57,0.0,47.74,0.0,0.0,0.9,0.0,2.17
3617,44.64,2.53,24.13,0.0,0.0,0.9,17.99,0.0
3618,43.4,9.73,0.0,0.0,50.0,0.9,0.0,16.33
3619,41.88,9.55,0.0,0.0,10.99,0.3692,21.33,0.0
3620,40.15,1.16,0.0,0.0,9.0,0.2524,30.0,0.0
3621,38.28,9.16,0.0,0.88,0.0,0.1569,30.0,0.0
3622,36.33,0.17,0.0,0.0,6.16,0.1654,30.0,0.0
3623,36.33,8.97,0.0,2.65,0.0,0.1,30.0,0.0
3624,36.29,16.74,0.0,10.45,0.0,0.1253,30.0,0.0
3625,36.29,4.81,0.0,0.0,1.48,0.2255,30.0,0.0
3626,36.29,4.87,0.0,0.0,1.42,0.2098,30.0,0.0
3627,36.29,10.83,0.0,4.54,0.0,0.1947,30.0,0.0
3628,36.29,0.42,0.0,0.0,7.03,0.2383,28.85,0.0
3629,36.29,3.19,0.0,0.0,3.1,0.1637,30.0,0.0
3630,36.29,7.21,0.0,0.92,0.0,0.1308,30.0,0.0
3631,38.24,1.04,24.54,17.34,0.0,0.1396,30.0,0.0
3632,40.12,1.69,49.06,0.0,19.37,0.3057,0.0,30.0
3633,41.85,4.89,66.39,0.0,0.0,0.1,0.0,29.44
3634,43.36,2.9,84.44,13.97,0.0,0.1,0.0,30.0
3635,44.6,1.84,60.15,0.0,12.61,0.2339,0.0,30.0
3636,45.53,0.0,94.67,36.15,0.0,0.1,0.0,12.99
3637,46.1,2.27,91.17,47.34,0.0,0.4464,0.0,0.0
3638,46.29,0.0,54.47,0.0,21.82,0.9,0.0,30.0
3639,46.1,3.7,64.94,22.55,0.0,0.6684,0.0,0.0
3640,45.53,0.61,46.55,1.63,0.0,0.8844,0.0,0.0
3641,44.6,2.91,20.72,0.0,0.0,0.9,20.97,0.0
3642,43.36,0.64,0.0,0.0,12.73,0.9,30.0,0.0
3643,41.85,5.67,0.0,0.0,50.0,0.7649,0.0,13.82
3644,40.12,3.45,0.0,0.0,7.44,0.2341,29.23,0.0
3645,38.24,3.05,0.0,0.0,5.19,0.1551,30.0,0.0
3646,36.29,9.4,0.0,3.11,0.0,0.1,30.0,0.0
3647,36.29,9.62,0.0,3.33,0.0,0.1298,30.0,0.0
3648,36.25,12.09,0.0,5.84,0.0,0.1617,30.0,0.0
3649,36.25,6.92,0.0,0.66,0.0,0.2176,30.0,0.0
3650,36.25,9.98,0.0,3.73,0.0,0.224,30.0,0.0
3651,36.25,9.91,0.0,1.14,0.0,0.2597,27.48,0.0
3652,36.25,8.62,0.0,0.0,0.0,0.2706,27.64,0.0
3653,36.25,2.35,0.0,0.0,3.9,0.2706,30.0,0.0
3654,36.25,5.32,0.0,0.0,0.93,0.2292,30.0,0.0
3655,38.2,5.14,22.37,19.3,0.0,0.2193,30.0,0.0
3656,40.08,2.66,45.64,0.0,21.78,0.4042,0.0,30.0
3657,41.81,0.0,64.93,0.0,6.87,0.173,0.0,30.0
3658,43.32,0.0,73.32,0.0,0.0,0.1,0.0,30.0
3659,44.57,0.0,78.06,33.49,0.0,0.1,0.0,0.0
3660,45.49,0.0,95.49,50.0,0.0,0.4209,0.0,0.0
3661,46.06,0.0,26.06,0.0,50.0,0.9,0.0,30.0
3662,46.25,2.66,82.44,38.85,0.0,0.3692,0.0,0.0
3663,46.06,3.07,67.81,16.56,0.0,0.7414,0.0,8.26
3664,45.49,7.57,44.55,0.0,0.0,0.9,0.0,6.63
3665,44.57,0.0,23.92,0.0,50.0,0.9,0.0,29.35
3666,43.32,7.73,0.0,0.0,5.59,0.3692,30.0,0.0
3667,41.81,8.22,0.0,0.0,3.59,0.3098,30.0,0.0
3668,40.08,6.18,0.0,0.0,16.17,0.2717,17.72,0.0
3669,38.2,9.03,0.0,0.0,0.0,0.1,29.17,0.0
3670,36.25,12.56,0.0,0.0,0.0,0.1,23.7,0.0
3671,36.25,12.32,0.0,2.43,0.0,0.1,26.37,0.0
3672,36.22,4.07,0.0,0.0,2.14,0.1233,30.0,0.0
3673,36.22,12.07,0.0,5.85,0.0,0.1005,30.0,0.0
3674,36.22,7.99,0.0,1.77,0.0,0.1566,30.0,0.0
3675,36.22,7.9,0.0,1.68,0.0,0.1736,30.0,0.0
3676,36.22,7.04,0.0,0.83,0.0,0.1897,30.0,0.0
3677,36.22,5.12,0.0,0.0,1.1,0.1976,30.0,0.0
3678,36.22,9.6,0.0,3.39,0.0,0.1859,30.0,0.0
3679,38.17,3.25,24.03,19.11,0.0,0.2184,30.0,0.0
3680,40.04,0.0,46.28,0.0,23.76,0.4016,0.0,30.0
3681,41.77,0.11,67.03,0.0,4.64,0.1493,0.0,30.0
3682,43.29,1.82,83.97,42.5,0.0,0.1,0.0,0.0
3683,44.53,5.76,30.42,0.0,38.36,0.5072,0.0,30.0
3684,45.45,3.02,96.69,36.01,0.0,0.1,0.0,18.24
3685,46.02,0.0,93.51,47.48,0.0,0.445,0.0,0.0
3686,46.22,11.38,36.52,0.0,28.32,0.9,0.0,30.0
3687,46.02,2.83,65.57,22.38,0.0,0.5994,0.0,0.0
3688,45.45,7.88,46.57,9.0,0.0,0.8138,0.0,0.0
3689,44.53,2.97,20.64,0.0,0.0,0.9,20.93,0.0
3690,43.29,6.88,0.0,0.0,6.41,0.9,30.0,0.0
3691,41.77,9.22,0.0,0.0,50.0,0.8319,0.0,17.45
3692,40.04,11.79,0.0,0.0,18.94,0.3011,9.32,0.0
3693,38.17,11.98,0.0,0.0,0.0,0.1,26.19,0.0
3694,36.22,11.87,0.0,2.84,0.0,0.1,27.18,0.0
3695,36.22,7.36,0.0,0.0,0.0,0.1272,28.85,0.0
3696,36.18,6.41,0.0,0.23,0.0,0.1272,30.0,0.0
3697,36.18,10.01,0.0,0.0,0.0,0.1294,26.17,0.0
3698,36.18,12.09,0.0,5.91,0.0,0.1294,30.0,0.0
3699,36.18,6.64,0.0,0.46,0.0,0.186,30.0,0.0
3700,36.18,11.12,0.0,4.94,0.0,0.1904,30.0,0.0
3701,36.18,11.72,0.0,5.55,0.0,0.2377,30.0,0.0
3702,36.18,0.84,0.0,0.0,5.34,0.2909,30.0,0.0
3703,38.13,0.09,22.25,14.22,0.0,0.2341,30.0,0.0
3704,40.0,1.98,45.61,0.0,22.41,0.3704,0.0,30.0
3705,41.73,2.98,65.7,0.0,3.06,0.1324,0.0,30.0
3706,43.25,0.0,81.4,8.15,0.0,0.1,0.0,30.0
3707,44.49,6.23,90.83,22.57,0.0,0.1781,0.0,30.0
3708,45.42,2.25,45.45,0.0,27.73,0.3944,0.0,30.0
3709,45.99,0.79,91.16,45.56,0.0,0.1,0.0,0.41
3710,46.18,0.0,84.11,37.93,0.0,0.5366,0.0,0.0
3711,45.99,0.0,65.33,0.0,4.66,0.9,0.0,24.01
3712,45.42,3.72,46.86,5.17,0.0,0.8505,0.0,0.0
3713,44.49,0.0,24.83,0.0,49.66,0.9,0.0,30.0
3714,43.25,8.83,0.0,0.0,19.01,0.3728,15.41,0.0
3715,41.73,5.05,0.0,0.0,6.68,0.171,30.0,0.0
3716,40.0,20.14,0.0,10.14,0.0,0.1,30.0,0.0
3717,38.13,17.12,0.0,0.0,0.0,0.1971,21.0,0.0
3718,36.18,7.47,0.0,0.0,0.0,0.1971,28.71,0.0
3719,36.18,8.19,0.0,0.0,0.0,0.1971,27.98,0.0
3720,36.14,12.87,0.0,0.0,0.0,0.1971,23.27,0.0
3721,36.14,15.66,0.0,9.52,0.0,0.1971,30.0,0.0
3722,36.14,1.4,0.0,0.0,8.74,0.2883,26.0,0.0
3723,36.14,0.13,0.0,0.0,6.01,0.1956,30.0,0.0
3724,36.14,4.09,0.0,0.0,2.05,0.1317,30.0,0.0
3725,36.14,8.09,0.0,1.95,0.0,0.11,30.0,0.0
3726,36.14,6.66,0.0,0.52,0.0,0.1287,30.0,0.0
3727,38.09,7.96,24.92,24.79,0.0,0.1336,30.0,0.0
3728,39.97,0.0,48.73,0.0,21.24,0.3711,0.0,30.0
3729,41.7,0.0,67.39,0.0,4.3,0.1457,0.0,30.0
3730,43.21,4.57,82.41,13.77,0.0,0.1,0.0,30.0
3731,44.45,0.0,94.45,19.99,0.0,0.2319,0.0,30.0
3732,45.38,0.0,97.88,49.73,0.0,0.4235,0.0,2.77
3733,45.95,1.2,24.75,0.0,50.0,0.9,0.0,30.0
3734,46.14,4.3,80.87,29.67,0.0,0.3692,0.0,9.36
3735,45.95,1.16,69.75,24.96,0.0,0.6534,0.0,0.0
3736,45.38,0.63,45.52,0.77,0.0,0.8926,0.0,0.0
3737,44.45,2.87,25.48,0.0,46.11,0.9,0.0,30.0
3738,43.21,3.06,0.0,0.0,10.3,0.4104,29.85,0.0
3739,41.7,0.09,0.0,0.0,11.61,0.3011,30.0,0.0
3740,39.97,3.71,0.0,0.0,6.26,0.1779,30.0,0.0
3741,38.09,9.69,0.0,1.6,0.0,0.1114,30.0,0.0
3742,36.14,9.52,0.0,3.38,0.0,0.1268,30.0,0.0
3743,36.14,9.3,0.0,3.16,0.0,0.1592,30.0,0.0
3744,36.1,4.59,0.0,0.0,1.51,0.1894,30.0,0.0
3745,36.1,7.82,0.0,1.72,0.0,0.1733,30.0,0.0
3746,36.1,0.0,0.0,0.0,6.1,0.1898,30.0,0.0
3747,36.1,8.24,0.0,2.14,0.0,0.125,30.0,0.0
3748,36.1,12.56,0.0,6.46,0.0,0.1455,30.0,0.0
3749,36.1,0.0,0.0,0.0,6.1,0.2073,30.0,0.0
3750,36.1,2.14,0.0,0.0,3.96,0.1426,30.0,0.0
3751,38.05,4.86,22.13,18.94,0.0,0.1005,30.0,0.0
3752,39.93,7.69,48.95,0.0,13.29,0.2819,0.0,30.0
3753,41.66,0.0,67.81,0.0,3.85,0.1408,0.0,30.0
3754,43.17,0.0,81.44,8.27,0.0,0.1,0.0,30.0
3755,44.42,0.0,93.46,19.05,0.0,0.1792,0.0,30.0
3756,45.34,0.0,50.69,0.0,24.65,0.3617,0.0,30.0
3757,45.91,9.03,95.28,41.86,0.0,0.1,0.0,16.54
3758,46.1,2.13,81.0,37.03,0.0,0.5011,0.0,0.0
3759,45.91,1.54,65.74,0.0,0.0,0.8558,0.0,21.38
3760,45.34,3.83,46.12,4.61,0.0,0.8558,0.0,0.0
3761,44.42,3.45,25.51,0.0,0.0,0.9,15.45,0.0
3762,43.17,1.2,0.0,0.0,50.0,0.9,0.0,8.03
3763,41.66,9.05,0.0,0.0,11.91,0.3692,20.69,0.0
3764,39.93,7.57,0.0,0.0,2.35,0.2427,30.0,0.0
3765,38.05,7.57,0.0,0.0,0.48,0.2177,30.0,0.0
3766,36.1,4.11,0.0,0.0,1.99,0.2126,30.0,0.0
3767,36.1,13.97,0.0,7.87,0.0,0.1915,30.0,0.0
3768,36.06,11.43,0.0,5.37,0.0,0.2669,30.0,0.0
3769,36.06,6.25,0.0,0.19,0.0,0.3183,30.0,0.0
3770,36.06,12.28,0.0,0.0,0.0,0.3201,23.79,0.0
3771,36.06,5.4,0.0,0.0,0.66,0.3201,30.0,0.0
3772,36.06,3.37,0.0,0.0,2.69,0.3131,30.0,0.0
3773,36.06,2.46,0.0,0.0,3.6,0.2845,30.0,0.0
3774,36.06,0.0,0.0,0.0,6.06,0.2463,30.0,0.0
3775,38.01,5.42,22.72,20.12,0.0,0.1819,30.0,0.0
3776,39.89,0.0,49.18,0.0,20.71,0.3747,0.0,30.0
3777,41.62,0.0,66.46,0.0,5.16,0.1548,0.0,30.0
3778,43.13,0.0,85.33,12.2,0.0,0.1,0.0,30.0
3779,44.38,0.18,92.67,18.47,0.0,0.2169,0.0,30.0
3780,45.3,0.0,98.61,23.31,0.0,0.3938,0.0,30.0
3781,45.87,0.0,91.54,29.52,0.0,0.6171,0.0,16.15
3782,46.06,0.0,50.97,0.0,25.09,0.9,0.0,30.0
3783,45.87,0.0,69.54,23.67,0.0,0.6336,0.0,0.0
3784,45.3,4.39,45.04,4.13,0.0,0.8604,0.0,0.0
3785,44.38,1.18,21.68,0.0,0.0,0.9,21.51,0.0
3786,43.13,5.85,0.0,0.0,7.29,0.9,30.0,0.0
3787,41.62,1.94,0.0,0.0,9.68,0.8226,30.0,0.0
3788,39.89,7.36,0.0,0.0,50.0,0.7199,0.0,17.47
3789,38.01,12.87,0.0,4.85,0.0,0.1891,30.0,0.0
3790,36.06,10.55,0.0,4.49,0.0,0.2355,30.0,0.0
3791,36.06,6.83,0.0,0.77,0.0,0.2786,30.0,0.0
3792,36.02,9.72,0.0,3.69,0.0,0.2859,30.0,0.0
3793,36.02,7.51,0.0,1.49,0.0,0.3213,30.0,0.0
3794,36.02,8.13,0.0,2.1,0.0,0.3356,30.0,0.0
3795,36.02,6.09,0.0,0.06,0.0,0.3557,30.0,0.0
3796,36.02,5.9,0.0,0.0,0.13,0.3563,30.0,0.0
3797,36.02,6.46,0.0,0.43,0.0,0.355,30.0,0.0
3798,36.02,0.39,0.0,0.0,8.19,0.3592,27.44,0.0
3799,37.97,0.0,22.38,14.4,0.0,0.2722,30.0,0.0
3800,39.85,0.0,46.57,0.0,23.28,0.4102,0.0,30.0
3801,41.58,0.0,65.64,0.0,5.94,0.163,0.0,30.0
3802,43.09,0.0,84.69,11.59,0.0,0.1,0.0,30.0
3803,44.34,1.16,91.76,48.59,0.0,0.2111,0.0,0.0
3804,45.26,0.0,25.26,0.0,50.0,0.6766,0.0,30.0
3805,45.83,2.63,95.33,22.13,0.0,0.1458,0.0,30.0
3806,46.02,1.06,83.58,34.21,0.0,0.3578,0.0,4.41
3807,45.83,0.0,68.21,22.38,0.0,0.6856,0.0,0.0
3808,45.26,5.15,49.34,0.0,0.0,0.9,0.0,9.23
3809,44.34,6.79,21.76,0.0,5.43,0.9,10.36,0.0
3810,43.09,0.39,0.0,0.0,12.71,0.8424,30.0,0.0
3811,41.58,7.32,0.0,0.0,4.26,0.7075,30.0,0.0
3812,39.85,3.03,0.0,0.0,6.82,0.6623,30.0,0.0
3813,37.97,7.84,0.0,0.0,0.13,0.5899,30.0,0.0
3814,36.02,2.86,0.0,0.0,3.17,0.5884,30.0,0.0
3815,36.02,1.08,0.0,0.0,4.94,0.5548,30.0,0.0
3816,35.98,7.04,0.0,1.05,0.0,0.5023,30.0,0.0
3817,35.98,7.97,0.0,1.98,0.0,0.5124,30.0,0.0
3818,35.98,6.42,0.0,0.0,29.57,0.5314,0.0,0.0
3819,35.98,2.5,0.0,0.0,3.48,0.2175,30.0,0.0
3820,35.98,4.89,0.0,0.0,1.09,0.1805,30.0,0.0
3821,35.98,6.67,0.0,0.68,0.0,0.1689,30.0,0.0
3822,35.98,4.29,0.0,0.0,1.69,0.1755,30.0,0.0
3823,37.93,4.16,22.01,18.24,0.0,0.1575,30.0,0.0
3824,39.81,0.0,47.93,0.0,21.88,0.3323,0.0,30.0
3825,41.54,6.4,66.36,1.22,0.0,0.1,0.0,30.0
3826,43.06,0.0,82.93,9.88,0.0,0.1117,0.0,30.0
3827,44.3,2.5,61.79,0.0,10.02,0.2063,0.0,30.0
3828,45.22,5.23,96.63,50.0,0.0,0.1,0.0,6.64
3829,45.79,2.47,42.19,0.0,31.13,0.5791,0.0,30.0
3830,45.98,0.05,82.6,36.66,0.0,0.2486,0.0,0.0
3831,45.79,0.0,67.8,22.01,0.0,0.5999,0.0,0.0
3832,45.22,6.7,47.84,9.32,0.0,0.8107,0.0,0.0
3833,44.3,0.0,22.61,0.0,0.0,0.9,21.69,0.0
3834,43.06,0.46,0.0,0.0,12.6,0.9,30.0,0.0
3835,41.54,3.9,0.0,0.0,31.87,0.7663,5.76,0.0
3836,39.81,11.68,0.0,0.0,0.0,0.4279,28.13,0.0
3837,37.93,8.98,0.0,0.0,28.95,0.4279,0.0,0.0
3838,35.98,4.06,0.0,0.0,1.93,0.1205,30.0,0.0
3839,35.98,7.19,0.0,0.38,0.0,0.1,29.16,0.0
3840,35.94,6.05,0.0,0.1,0.0,0.1036,30.0,0.0
3841,35.94,5.51,0.0,0.0,0.43,0.1046,30.0,0.0
3842,35.94,12.09,0.0,5.82,0.0,0.1,29.67,0.0
3843,35.94,1.7,0.0,0.0,4.25,0.1557,30.0,0.0
3844,35.94,13.19,0.0,7.24,0.0,0.1106,30.0,0.0
3845,35.94,8.95,0.0,3.01,0.0,0.1801,30.0,0.0
3846,35.94,8.97,0.0,3.03,0.0,0.2089,30.0,0.0
3847,37.9,1.46,21.17,14.74,0.0,0.2379,30.0,0.0
3848,39.77,1.76,45.51,0.0,22.5,0.3791,0.0,30.0
3849,41.5,0.0,67.71,0.0,3.79,0.1402,0.0,30.0
3850,43.02,0.0,81.06,8.05,0.0,0.1,0.0,30.0
3851,44.26,2.49,64.5,0.0,7.26,0.1771,0.0,30.0
3852,45.18,5.27,96.9,26.98,0.0,0.1,0.0,30.0
3853,45.75,0.0,91.26,15.51,0.0,0.3585,0.0,30.0
3854,45.94,0.0,83.15,37.2,0.0,0.5072,0.0,0.0
3855,45.75,0.89,67.26,0.0,0.0,0.8636,0.0,22.4
3856,45.18,0.0,48.98,3.8,0.0,0.8636,0.0,0.0
3857,44.26,5.83,21.19,0.0,0.0,0.9,17.24,0.0
3858,43.02,1.45,0.0,0.0,11.56,0.9,30.0,0.0
3859,41.5,4.71,0.0,0.0,6.79,0.7772,30.0,0.0
3860,39.77,4.65,0.0,0.0,6.26,0.7052,28.86,0.0
3861,37.9,4.11,0.0,0.0,3.79,0.6387,30.0,0.0
3862,35.94,8.01,0.0,2.07,0.0,0.5985,30.0,0.0
3863,35.94,7.56,0.0,1.61,0.0,0.6183,30.0,0.0
3864,35.9,7.03,0.0,0.0,28.88,0.6338,0.0,0.0
3865,35.9,5.41,0.0,0.0,0.5,0.3272,30.0,0.0
3866,35.9,9.34,0.0,3.43,0.0,0.3219,30.0,0.0
3867,35.9,14.21,0.0,8.3,0.0,0.3548,30.0,0.0
3868,35.9,7.08,0.0,1.17,0.0,0.4343,30.0,0.0
3869,35.9,9.62,0.0,3.72,0.0,0.4456,30.0,0.0
3870,35.9,0.0,0.0,0.0,35.9,0.4812,0.0,0.0
3871,37.86,4.01,23.66,0.0,0.0,0.1,10.19,0.0
3872,39.73,0.0,44.88,5.15,0.0,0.1,0.0,0.0
3873,41.46,0.0,66.81,0.0,4.65,0.1493,0.0,30.0
3874,42.98,0.0,82.25,9.27,0.0,0.1,0.0,30.0
3875,44.22,5.36,93.07,24.22,0.0,0.1889,0.0,30.0
3876,45.14,4.22,96.37,48.92,0.0,0.4209,0.0,6.52
3877,45.71,1.43,24.28,0.0,50.0,0.8897,0.0,30.0
3878,45.9,0.0,81.56,35.65,0.0,0.3588,0.0,0.0
3879,45.71,0.68,65.86,20.83,0.0,0.7004,0.0,0.0
3880,45.14,3.6,49.3,0.0,0.0,0.9,0.0,7.76
3881,44.22,4.08,20.74,0.0,0.0,0.9,19.4,0.0
3882,42.98,0.0,0.0,0.0,12.98,0.9,30.0,0.0
3883,41.46,1.81,0.0,0.0,29.46,0.7622,10.19,0.0
3884,39.73,6.23,0.0,0.0,3.5,0.4494,30.0,0.0
3885,37.86,9.58,0.0,1.72,0.0,0.4122,30.0,0.0
3886,35.9,0.0,0.0,0.0,5.9,0.4287,30.0,0.0
3887,35.9,7.75,0.0,1.85,0.0,0.3661,30.0,0.0
3888,35.86,9.13,0.0,0.0,26.73,0.3838,0.0,0.0
3889,35.86,11.92,0.0,6.06,0.0,0.1,30.0,0.0
3890,35.86,10.86,0.0,4.99,0.0,0.158,30.0,0.0
3891,35.86,9.74,0.0,3.88,0.0,0.2059,30.0,0.0
3892,35.86,3.16,0.0,0.0,2.71,0.2431,30.0,0.0
3893,35.86,0.0,0.0,0.0,7.67,0.2143,28.19,0.0
3894,35.86,2.77,0.0,0.0,3.09,0.1328,30.0,0.0
3895,37.81,7.48,21.82,13.57,0.0,0.1,22.09,0.0
3896,39.69,8.1,49.34,0.0,12.25,0.23,0.0,30.0
3897,41.42,3.21,68.21,0.0,0.0,0.1,0.0,30.0
3898,42.94,2.59,84.9,14.56,0.0,0.1,0.0,30.0
3899,44.18,1.97,94.51,22.3,0.0,0.2395,0.0,30.0
3900,45.1,0.0,97.12,46.63,0.0,0.4532,0.0,5.39
3901,45.67,0.0,25.67,0.0,50.0,0.9,0.0,30.0
3902,45.86,7.73,82.84,44.7,0.0,0.3692,0.0,0.0
3903,45.67,0.0,69.17,10.7,0.0,0.7975,0.0,12.8
3904,45.1,9.02,49.16,0.0,0.0,0.9,0.0,13.08
3905,44.18,1.99,23.45,0.0,0.0,0.9,18.74,0.0
3906,42.94,9.89,0.0,0.0,3.04,0.9,30.0,0.0
3907,41.42,0.0,0.0,0.0,11.42,0.8677,30.0,0.0
3908,39.69,8.9,0.0,0.0,11.26,0.7464,19.53,0.0
3909,37.81,4.28,0.0,0.0,3.54,0.6269,30.0,0.0
3910,35.86,2.12,0.0,0.0,3.74,0.5893,30.0,0.0
3911,35.86,9.31,0.0,3.44,0.0,0.5496,30.0,0.0
3912,35.82,12.7,0.0,6.88,0.0,0.5826,30.0,0.0
3913,35.82,4.88,0.0,0.0,0.95,0.6485,30.0,0.0
3914,35.82,1.75,0.0,0.0,4.07,0.6384,30.0,0.0
3915,35.82,6.92,0.0,1.1,0.0,0.5952,30.0,0.0
3916,35.82,6.08,0.0,0.26,0.0,0.6057,30.0,0.0
3917,35.82,7.72,0.0,1.9,0.0,0.6082,30.0,0.0
3918,35.82,8.31,0.0,0.0,27.51,0.6264,0.0,0.0
3919,37.77,3.06,25.42,0.0,9.3,0.3343,0.0,0.0
3920,39.65,9.99,46.89,0.0,12.77,0.2356,0.0,30.0
3921,41.38,2.37,69.71,0.7,0.0,0.1,0.0,30.0
3922,42.89,0.0,82.91,10.01,0.0,0.1067,0.0,30.0
3923,44.14,0.0,66.18,0.0,7.96,0.2027,0.0,30.0
3924,45.06,0.0,95.8,20.74,0.0,0.1182,0.0,30.0
3925,45.63,0.0,94.0,18.37,0.0,0.317,0.0,30.0
3926,45.82,4.77,82.24,41.18,0.0,0.493,0.0,0.0
3927,45.63,3.36,69.21,0.0,0.0,0.8876,0.0,26.94
3928,45.06,0.0,46.36,1.3,0.0,0.8876,0.0,0.0
3929,44.14,4.02,20.85,0.0,39.61,0.9,0.0,20.34
3930,42.89,7.16,0.0,0.0,35.74,0.4794,0.0,0.0
3931,41.38,11.78,0.0,0.4,0.0,0.1,30.0,0.0
3932,39.65,10.12,0.0,0.47,0.0,0.1038,30.0,0.0
3933,37.77,10.46,0.0,0.0,0.0,0.1084,27.32,0.0
3934,35.82,8.21,0.0,2.39,0.0,0.1084,30.0,0.0
3935,35.82,9.99,0.0,2.0,0.0,0.1312,27.84,0.0
3936,35.78,13.67,0.0,7.89,0.0,0.1504,30.0,0.0
3937,35.78,2.83,0.0,0.0,2.95,0.226,30.0,0.0
3938,35.78,6.49,0.0,0.71,0.0,0.1947,30.0,0.0
3939,35.78,4.08,0.0,0.0,1.7,0.2015,30.0,0.0
3940,35.78,7.99,0.0,2.21,0.0,0.1834,30.0,0.0
3941,35.78,10.52,0.0,4.74,0.0,0.2046,30.0,0.0
3942,35.78,1.88,0.0,0.0,3.9,0.25,30.0,0.0
3943,37.73,0.0,21.49,13.76,0.0,0.2085,30.0,0.0
3944,39.61,0.57,46.4,0.0,22.64,0.3403,0.0,30.0
3945,41.34,5.21,69.39,3.26,0.0,0.1,0.0,30.0
3946,42.85,2.99,85.79,15.93,0.0,0.1312,0.0,30.0
3947,44.1,2.12,94.64,22.67,0.0,0.2838,0.0,30.0
3948,45.02,0.0,95.72,20.7,0.0,0.501,0.0,30.0
3949,45.59,0.0,93.67,18.07,0.0,0.6993,0.0,30.0
3950,45.78,0.0,45.24,0.0,30.54,0.8725,0.0,30.0
3951,45.59,0.0,67.53,21.94,0.0,0.5483,0.0,0.0
3952,45.02,11.33,48.46,14.77,0.0,0.7585,0.0,0.0
3953,44.1,5.64,24.85,0.0,0.0,0.9,13.6,0.0
3954,42.85,1.95,0.0,0.0,50.0,0.9,0.0,9.09
3955,41.34,2.89,0.0,0.0,8.45,0.3692,30.0,0.0
3956,39.61,6.04,0.0,0.0,15.46,0.2795,18.11,0.0
3957,37.73,6.29,0.0,0.0,1.44,0.1153,30.0,0.0
3958,35.78,12.57,0.0,0.0,0.0,0.1,23.22,0.0
3959,35.78,9.13,0.0,0.33,0.0,0.1,26.99,0.0
3960,35.74,5.44,0.0,0.0,0.3,0.1032,30.0,0.0
3961,35.74,16.17,0.0,0.0,0.0,0.1,19.58,0.0
3962,35.74,8.12,0.0,0.0,0.0,0.1,27.62,0.0
3963,35.74,10.45,0.0,2.06,0.0,0.1,27.36,0.0
3964,35.74,3.88,0.0,0.0,1.86,0.1197,30.0,0.0
3965,35.74,6.91,0.0,0.14,0.0,0.1,28.97,0.0
3966,35.74,5.62,0.0,0.0,0.12,0.1013,30.0,0.0
3967,37.69,0.0,24.82,10.39,0.0,0.1,23.27,0.0
3968,39.57,10.61,49.58,0.0,9.38,0.1996,0.0,30.0
3969,41.3,6.75,69.3,4.75,0.0,0.1,0.0,30.0
3970,42.81,0.0,83.74,10.93,0.0,0.1456,0.0,30.0
3971,44.06,0.0,93.28,19.23,0.0,0.2503,0.0,30.0
3972,44.98,1.63,98.47,31.09,0.0,0.4345,0.0,24.03
3973,45.55,0.69,92.36,17.5,0.0,0.7324,0.0,30.0
3974,45.74,0.0,47.48,0.0,28.26,0.9,0.0,30.0
3975,45.55,2.19,67.23,23.88,0.0,0.5999,0.0,0.0
3976,44.98,4.36,48.06,7.44,0.0,0.8287,0.0,0.0
3977,44.06,9.25,24.71,0.0,0.0,0.9,10.09,0.0
3978,42.81,6.68,0.0,0.0,50.0,0.9,0.0,13.87
3979,41.3,1.05,0.0,0.0,10.24,0.3692,30.0,0.0
3980,39.57,12.05,0.0,0.0,15.11,0.2604,12.41,0.0
3981,37.69,14.06,0.0,5.36,0.0,0.1,29.0,0.0
3982,35.74,20.98,0.0,15.24,0.0,0.1514,30.0,0.0
3983,35.74,3.68,0.0,0.0,2.06,0.2974,30.0,0.0
3984,35.7,9.46,0.0,0.0,0.0,0.2755,26.24,0.0
3985,35.7,0.0,0.0,0.0,5.7,0.2755,30.0,0.0
3986,35.7,10.19,0.0,0.0,0.0,0.2149,25.51,0.0
3987,35.7,4.97,0.0,0.0,0.73,0.2149,30.0,0.0
3988,35.7,14.35,0.0,8.65,0.0,0.2072,30.0,0.0
3989,35.7,2.17,0.0,0.0,3.53,0.29,30.0,0.0
3990,35.7,0.0,0.0,0.0,5.7,0.2526,30.0,0.0
3991,37.65,1.28,21.91,15.55,0.0,0.1921,30.0,0.0
3992,39.53,0.0,46.83,0.0,22.7,0.341,0.0,30.0
3993,41.26,4.49,67.17,0.41,0.0,0.1,0.0,30.0
3994,42.77,0.0,85.2,12.42,0.0,0.1039,0.0,30.0
3995,44.02,0.43,93.21,19.62,0.0,0.2229,0.0,30.0
3996,44.94,0.0,94.94,50.0,0.0,0.4109,0.0,0.0
3997,45.51,0.0,25.51,0.0,50.0,0.89,0.0,30.0
3998,45.7,7.53,82.53,44.36,0.0,0.3592,0.0,0.0
3999,45.51,2.87,67.15,12.08,0.0,0.7843,0.0,12.43
4000,44.94,0.0,48.88,0.0,0.0,0.9,0.0,3.94
4001,44.02,3.11,20.89,0.0,0.0,0.9,20.01,0.0
4002,42.77,4.38,0.0,0.0,22.2,0.9,16.18,0.0
4003,41.26,7.34,0.0,0.0,3.92,0.6643,30.0,0.0
4004,39.53,0.72,0.0,0.0,8.81,0.6227,30.0,0.0
4005,37.65,9.69,0.0,2.04,0.0,0.5292,30.0,0.0
4006,35.7,0.0,0.0,0.0,5.7,0.5487,30.0,0.0
4007,35.7,5.7,0.0,0.0,0.0,0.4882,30.0,0.0
4008,35.66,6.41,0.0,0.75,0.0,0.4882,30.0,0.0
4009,35.66,10.92,0.0,5.26,0.0,0.4954,30.0,0.0
4010,35.66,7.97,0.0,0.0,27.69,0.5458,0.0,0.0
4011,35.66,1.4,0.0,0.0,4.26,0.2518,30.0,0.0
4012,35.66,2.28,0.0,0.0,3.38,0.2066,30.0,0.0
4013,35.66,6.19,0.0,0.53,0.0,0.1707,30.0,0.0
4014,35.66,3.96,0.0,0.0,1.7,0.1758,30.0,0.0
4015,37.61,0.82,22.84,16.05,0.0,0.1577,30.0,0.0
4016,39.49,0.23,49.34,0.0,19.92,0.3115,0.0,30.0
4017,41.21,4.24,68.23,1.26,0.0,0.1,0.0,30.0
4018,42.73,0.0,84.2,11.47,0.0,0.112,0.0,30.0
4019,43.97,0.0,95.26,21.28,0.0,0.2219,0.0,30.0
4020,44.9,9.14,35.07,0.0,30.69,0.4258,0.0,30.0
4021,45.47,0.0,95.05,22.57,0.0,0.1,0.0,27.01
4022,45.66,0.0,81.84,36.18,0.0,0.3163,0.0,0.0
4023,45.47,4.61,65.6,24.74,0.0,0.6629,0.0,0.0
4024,44.9,0.0,49.25,0.0,0.0,0.9,0.0,4.35
4025,43.97,1.9,22.43,0.0,14.36,0.9,5.28,0.0
4026,42.73,1.05,0.0,0.0,50.0,0.7475,0.0,8.32
4027,41.21,4.29,0.0,0.0,6.93,0.2167,30.0,0.0
4028,39.49,12.99,0.0,0.0,0.0,0.1431,26.5,0.0
4029,37.61,10.54,0.0,2.93,0.0,0.1431,30.0,0.0
4030,35.66,11.45,0.0,5.79,0.0,0.1712,30.0,0.0
4031,35.66,2.42,0.0,0.0,3.23,0.2267,30.0,0.0
4032,35.62,3.65,0.0,0.0,1.97,0.1924,30.0,0.0
4033,35.62,0.0,0.0,0.0,5.62,0.1714,30.0,0.0
4034,35.62,4.51,0.0,0.0,1.11,0.1118,30.0,0.0
4035,35.62,11.17,0.0,4.16,0.0,0.1,28.61,0.0
4036,35.62,8.49,0.0,2.87,0.0,0.1398,30.0,0.0
4037,35.62,4.43,0.0,0.0,1.19,0.1673,30.0,0.0
4038,35.62,4.18,0.0,0.0,1.44,0.1547,30.0,0.0
4039,37.57,0.35,25.62,18.39,0.0,0.1394,30.0,0.0
4040,39.44,3.05,46.08,0.0,20.31,0.3157,0.0,30.0
4041,41.17,4.52,70.25,3.59,0.0,0.1,0.0,30.0
4042,42.69,0.0,81.5,8.81,0.0,0.1344,0.0,30.0
4043,43.93,1.51,91.17,18.75,0.0,0.2189,0.0,30.0
4044,44.86,3.99,98.22,27.36,0.0,0.3985,0.0,30.0
4045,45.43,0.0,29.31,0.0,46.11,0.6607,0.0,30.0
4046,45.62,3.59,81.28,39.25,0.0,0.1711,0.0,0.0
4047,45.43,13.0,69.24,36.82,0.0,0.5472,0.0,0.0
4048,44.86,1.77,47.03,0.0,0.0,0.9,0.0,3.94
4049,43.93,4.83,22.5,0.0,0.0,0.9,16.61,0.0
4050,42.69,1.21,0.0,0.0,41.01,0.9,0.47,0.0
4051,41.17,6.1,0.0,0.0,5.08,0.4646,30.0,0.0
4052,39.44,8.25,0.0,0.0,1.19,0.4107,30.0,0.0
4053,37.57,8.01,0.0,0.44,0.0,0.3981,30.0,0.0
4054,35.62,3.64,0.0,0.0,1.98,0.4023,30.0,0.0
4055,35.62,9.13,0.0,0.0,26.49,0.3812,0.0,0.0
4056,35.58,14.46,0.0,8.88,0.0,0.1,30.0,0.0
4057,35.58,10.12,0.0,0.0,0.0,0.1851,25.46,0.0
4058,35.58,11.83,0.0,0.0,0.0,0.1851,23.75,0.0
4059,35.58,6.2,0.0,0.0,0.0,0.1851,29.37,0.0
4060,35.58,9.43,0.0,0.0,2.75,0.1851,23.39,0.0
4061,35.58,6.48,0.0,0.0,0.0,0.1559,29.09,0.0
4062,35.58,0.31,0.0,0.0,5.26,0.1559,30.0,0.0
4063,37.53,4.5,22.94,0.0,0.0,0.1,10.09,0.0
4064,39.4,0.0,49.49,10.09,0.0,0.1,0.0,0.0
4065,41.13,0.0,62.02,0.0,9.11,0.1967,0.0,30.0
4066,42.65,1.45,83.21,12.01,0.0,0.1,0.0,30.0
4067,43.89,1.48,91.7,19.3,0.0,0.2151,0.0,30.0
4068,44.81,0.0,97.99,41.53,0.0,0.4,0.0,11.64
4069,45.38,4.62,20.76,0.0,50.0,0.7979,0.0,30.0
4070,45.58,3.04,85.09,42.55,0.0,0.2671,0.0,0.0
4071,45.38,0.0,68.89,23.5,0.0,0.6748,0.0,0.0
4072,44.81,0.0,48.98,0.0,0.0,0.9,0.0,4.17
4073,43.89,2.58,25.04,0.0,0.0,0.9,16.27,0.0
4074,42.65,2.41,0.0,0.0,50.0,0.9,0.0,9.76
4075,41.13,5.8,0.0,0.0,5.34,0.3692,30.0,0.0
4076,39.4,4.82,0.0,0.0,12.49,0.3125,22.09,0.0
4077,37.53,0.0,0.0,0.0,7.53,0.1799,30.0,0.0
4078,35.58,6.23,0.0,0.66,0.0,0.1,30.0,0.0
4079,35.58,6.99,0.0,1.41,0.0,0.1063,30.0,0.0
4080,35.53,11.01,0.0,5.47,0.0,0.1199,30.0,0.0
4081,35.53,5.35,0.0,0.0,0.19,0.1723,30.0,0.0
4082,35.53,14.78,0.0,0.0,0.0,0.1703,20.75,0.0
4083,35.53,0.0,0.0,0.0,6.63,0.1703,28.91,0.0
4084,35.53,11.74,0.0,1.67,0.0,0.1,25.46,0.0
4085,35.53,4.38,0.0,0.0,1.15,0.116,30.0,0.0
4086,35.53,7.8,0.0,2.27,0.0,0.1038,30.0,0.0
4087,37.48,3.5,24.33,20.34,0.0,0.1255,30.0,0.0
4088,39.36,6.89,46.06,0.0,16.42,0.3204,0.0,30.0
4089,41.09,0.0,66.74,0.0,4.35,0.1461,0.0,30.0
4090,42.6,0.0,82.13,9.53,0.0,0.1,0.0,30.0
4091,43.85,6.12,93.32,25.59,0.0,0.1913,0.0,30.0
4092,44.77,0.0,96.43,25.9,0.0,0.4365,0.0,25.76
4093,45.34,0.0,25.34,0.0,50.0,0.6847,0.0,30.0
4094,45.53,5.77,84.19,44.42,0.0,0.1538,0.0,0.0
4095,45.34,0.0,69.82,24.48,0.0,0.5794,0.0,0.0
4096,44.77,4.63,49.12,8.98,0.0,0.814,0.0,0.0
4097,43.85,0.72,22.26,0.0,0.0,0.9,20.86,0.0
4098,42.6,3.69,0.0,0.0,12.54,0.9,26.37,0.0
4099,41.09,5.61,0.0,0.0,50.0,0.7668,0.0,14.52
4100,39.36,0.09,0.0,0.0,9.27,0.236,30.0,0.0
4101,37.48,3.94,0.0,0.0,3.54,0.1376,30.0,0.0
4102,35.53,13.43,0.0,0.0,0.0,0.1,22.11,0.0
4103,35.53,11.91,0.0,0.0,0.0,0.1,23.62,0.0
4104,35.49,8.11,0.0,0.0,0.0,0.1,27.38,0.0
4105,35.49,9.23,0.0,3.74,0.0,0.1,30.0,0.0
4106,35.49,6.59,0.0,0.0,0.0,0.1359,28.9,0.0
4107,35.49,12.78,0.0,0.0,0.0,0.1359,22.72,0.0
4108,35.49,5.47,0.0,0.0,0.03,0.1359,30.0,0.0
4109,35.49,6.26,0.0,0.0,0.0,0.1356,29.23,0.0
4110,35.49,8.97,0.0,0.0,0.0,0.1356,26.52,0.0
4111,37.44,0.0,22.43,14.08,0.0,0.1356,29.09,0.0
4112,39.32,8.61,49.62,0.0,11.09,0.2705,0.0,30.0
4113,41.05,0.0,66.08,0.0,4.97,0.1528,0.0,30.0
4114,42.56,7.39,84.13,18.96,0.0,0.1,0.0,30.0
4115,43.81,0.0,91.83,18.03,0.0,0.2816,0.0,30.0
4116,44.73,0.0,98.43,37.53,0.0,0.4543,0.0,16.17
4117,45.3,0.0,26.95,0.0,48.35,0.814,0.0,30.0
4118,45.49,0.0,85.08,39.59,0.0,0.3006,0.0,0.0
4119,45.3,0.0,67.87,22.57,0.0,0.68,0.0,0.0
4120,44.73,0.0,45.13,0.4,0.0,0.8962,0.0,0.0
4121,43.81,2.58,23.22,0.0,0.0,0.9,18.0,0.0
4122,42.56,8.19,0.0,0.0,4.37,0.9,30.0,0.0
4123,41.05,6.16,0.0,0.0,50.0,0.8536,0.0,15.11
4124,39.32,7.57,0.0,0.0,3.84,0.3228,27.91,0.0
4125,37.44,2.61,0.0,0.0,4.83,0.282,30.0,0.0
4126,35.49,4.16,0.0,0.0,1.33,0.2308,30.0,0.0
4127,35.49,15.68,0.0,10.19,0.0,0.2167,30.0,0.0
4128,35.45,5.31,0.0,0.0,0.14,0.3143,30.0,0.0
4129,35.45,15.08,0.0,9.63,0.0,0.3128,30.0,0.0
4130,35.45,6.79,0.0,0.0,28.66,0.405,0.0,0.0
4131,35.45,7.15,0.0,1.7,0.0,0.1008,30.0,0.0
4132,35.45,10.72,0.0,5.27,0.0,0.1171,30.0,0.0
4133,35.45,10.55,0.0,5.1,0.0,0.1676,30.0,0.0
4134,35.45,3.75,0.0,0.0,1.7,0.2165,30.0,0.0
4135,37.4,1.53,20.83,14.96,0.0,0.1984,30.0,0.0
4136,39.28,1.91,44.78,0.0,22.59,0.3418,0.0,30.0
4137,41.01,2.68,68.14,0.0,0.18,0.1019,0.0,30.0
4138,42.52,4.32,83.53,15.32,0.0,0.1,0.0,30.0
4139,43.76,0.0,59.93,0.0,13.83,0.2468,0.0,30.0
4140,44.69,2.63,95.61,50.0,0.0,0.1,0.0,3.56
4141,45.26,7.0,40.03,0.0,28.23,0.5791,0.0,30.0
4142,45.45,2.2,83.33,40.08,0.0,0.2793,0.0,0.0
4143,45.26,2.57,67.38,24.7,0.0,0.6634,0.0,0.0
4144,44.69,0.0,45.52,0.0,0.0,0.9,0.0,0.83
4145,43.76,0.0,21.04,0.0,0.0,0.9,22.72,0.0
4146,42.52,5.82,0.0,0.0,6.7,0.9,30.0,0.0
4147,41.01,4.89,0.0,0.0,50.0,0.8289,0.0,13.89
4148,39.28,4.15,0.0,0.0,18.65,0.298,16.48,0.0
4149,37.4,8.15,0.0,0.0,0.0,0.1,29.25,0.0
4150,35.45,7.55,0.0,0.0,0.0,0.1,27.9,0.0
4151,35.45,12.89,0.0,0.0,0.0,0.1,22.56,0.0
4152,35.41,8.7,0.0,2.48,0.0,0.1,29.18,0.0
4153,35.41,5.11,0.0,0.0,0.3,0.1237,30.0,0.0
4154,35.41,11.89,0.0,6.48,0.0,0.1205,30.0,0.0
4155,35.41,6.23,0.0,0.82,0.0,0.1827,30.0,0.0
4156,35.41,8.45,0.0,3.05,0.0,0.1905,30.0,0.0
4157,35.41,3.29,0.0,0.0,2.11,0.2197,30.0,0.0
4158,35.41,1.51,0.0,0.0,3.9,0.1973,30.0,0.0
4159,37.36,3.48,21.94,18.06,0.0,0.1558,30.0,0.0
4160,39.23,2.18,46.22,0.0,20.84,0.3289,0.0,30.0
4161,40.96,3.26,66.98,0.0,0.72,0.1077,0.0,30.0
4162,42.48,0.0,83.52,41.04,0.0,0.1,0.0,0.0
4163,43.72,0.0,95.72,22.0,0.0,0.4932,0.0,30.0
4164,44.65,0.0,94.55,20.45,0.0,0.704,0.0,29.45
4165,45.21,0.0,25.21,0.0,50.0,0.9,0.0,30.0
4166,45.41,0.0,81.69,36.29,0.0,0.3692,0.0,0.0
4167,45.21,0.25,66.51,19.11,0.0,0.7169,0.0,2.42
4168,44.65,6.21,45.9,0.0,0.0,0.9,0.0,7.47
4169,43.72,0.18,22.77,0.0,18.97,0.9,1.81,0.0
4170,42.48,0.0,0.0,0.0,12.48,0.6986,30.0,0.0
4171,40.96,4.61,0.0,0.0,6.36,0.5661,30.0,0.0
4172,39.23,4.26,0.0,0.0,4.97,0.4987,30.0,0.0
4173,37.36,3.12,0.0,0.0,4.23,0.4459,30.0,0.0
4174,35.41,7.06,0.0,0.0,28.35,0.401,0.0,0.0
4175,35.41,10.24,0.0,4.83,0.0,0.1,30.0,0.0
4176,35.36,8.29,0.0,0.0,0.0,0.1463,27.07,0.0
4177,35.36,9.46,0.0,0.0,0.0,0.1463,25.9,0.0
4178,35.36,15.29,0.0,9.93,0.0,0.1463,30.0,0.0
4179,35.36,5.7,0.0,0.33,0.0,0.2414,30.0,0.0
4180,35.36,7.41,0.0,2.05,0.0,0.2446,30.0,0.0
4181,35.36,3.15,0.0,0.0,2.21,0.2642,30.0,0.0
4182,35.36,0.68,0.0,0.0,4.68,0.2407,30.0,0.0
4183,37.32,0.69,22.33,13.66,0.0,0.191,27.96,0.0
4184,39.19,0.13,48.16,0.0,20.9,0.3219,0.0,30.0
4185,40.92,2.75,69.1,30.93,0.0,0.1,0.0,0.0
4186,42.44,10.33,84.0,21.9,0.0,0.3964,0.0,30.0
4187,43.68,0.0,36.66,0.0,37.02,0.6062,0.0,30.0
4188,44.6,0.0,95.97,50.0,0.0,0.2131,0.0,1.37
4189,45.17,0.0,25.17,0.0,50.0,0.6922,0.0,30.0
4190,45.36,2.24,83.34,40.22,0.0,0.1613,0.0,0.0
4191,45.17,2.35,68.18,25.36,0.0,0.5467,0.0,0.0
4192,44.6,7.44,48.68,11.51,0.0,0.7897,0.0,0.0
4193,43.68,0.0,23.05,0.0,2.32,0.9,18.31,0.0
4194,42.44,0.0,0.0,0.0,12.44,0.8753,30.0,0.0
4195,40.92,3.21,0.0,0.0,50.0,0.7433,0.0,12.29
4196,39.19,10.81,0.0,1.61,0.0,0.2125,30.0,0.0
4197,37.32,0.63,0.0,0.0,6.69,0.2279,30.0,0.0
4198,35.36,0.0,0.0,0.0,5.36,0.157,30.0,0.0
4199,35.36,10.56,0.0,3.69,0.0,0.1,28.5,0.0
4200,35.32,9.33,0.0,4.01,0.0,0.1353,30.0,0.0
4201,35.32,3.66,0.0,0.0,1.66,0.1737,30.0,0.0
4202,35.32,3.68,0.0,0.0,1.64,0.1561,30.0,0.0
4203,35.32,3.09,0.0,0.0,2.23,0.1387,30.0,0.0
4204,35.32,6.71,0.0,1.39,0.0,0.115,30.0,0.0
4205,35.32,2.66,0.0,0.0,2.67,0.1283,30.0,0.0
4206,35.32,6.23,0.0,0.0,0.0,0.1,29.1,0.0
4207,37.27,0.0,24.76,0.0,0.0,0.1,12.52,0.0
4208,39.15,0.0,47.1,7.95,0.0,0.1,0.0,0.0
4209,40.88,0.0,63.7,0.0,7.18,0.1762,0.0,30.0
4210,42.39,0.0,83.49,11.1,0.0,0.1,0.0,30.0
4211,43.64,0.0,63.62,0.0,10.02,0.2064,0.0,30.0
4212,44.56,3.34,98.28,50.0,0.0,0.1,0.0,7.06
4213,45.13,0.0,93.52,33.49,0.0,0.5791,0.0,14.9
4214,45.32,0.78,39.68,0.0,34.86,0.9,0.0,30.0
4215,45.13,3.56,66.78,25.21,0.0,0.5299,0.0,0.0
4216,44.56,9.8,48.18,13.41,0.0,0.7715,0.0,0.0
4217,43.64,1.11,24.29,0.0,0.0,0.9,18.24,0.0
4218,42.39,5.52,0.0,0.0,39.9,0.9,0.0,3.03
4219,40.88,0.0,0.0,0.0,10.88,0.4764,30.0,0.0
4220,39.15,0.0,0.0,0.0,9.15,0.3609,30.0,0.0
4221,37.27,10.61,0.0,3.34,0.0,0.2638,30.0,0.0
4222,35.32,7.74,0.0,2.42,0.0,0.2958,30.0,0.0
4223,35.32,13.06,0.0,7.74,0.0,0.319,30.0,0.0
4224,35.28,2.62,0.0,0.0,2.66,0.3931,30.0,0.0
4225,35.28,10.33,0.0,0.0,24.95,0.3649,0.0,0.0
4226,35.28,15.5,0.0,10.22,0.0,0.1,30.0,0.0
4227,35.28,8.84,0.0,3.56,0.0,0.1979,30.0,0.0
4228,35.28,7.39,0.0,0.0,0.0,0.232,27.89,0.0
4229,35.28,5.28,0.0,0.0,0.0,0.232,30.0,0.0
4230,35.28,0.0,0.0,0.0,9.48,0.232,25.8,0.0
4231,37.23,8.71,22.03,23.52,0.0,0.1314,30.0,0.0
4232,39.11,0.0,44.93,0.0,24.18,0.3567,0.0,30.0
4233,40.83,3.33,68.55,1.05,0.0,0.1,0.0,30.0
4234,42.35,0.0,81.21,8.86,0.0,0.11,0.0,30.0
4235,43.59,0.0,92.99,19.4,0.0,0.1949,0.0,30.0
4236,44.52,5.97,42.1,0.0,26.44,0.3807,0.0,30.0
4237,45.09,0.0,95.28,20.2,0.0,0.1,0.0,30.0
4238,45.28,6.6,83.47,41.03,0.0,0.2935,0.0,3.77
4239,45.09,0.92,65.47,21.3,0.0,0.6866,0.0,0.0
4240,44.52,0.0,45.49,0.98,0.0,0.8907,0.0,0.0
4241,43.59,6.79,22.0,0.0,0.0,0.9,14.8,0.0
4242,42.35,1.73,0.0,0.0,10.63,0.9,30.0,0.0
4243,40.83,8.14,0.0,0.0,7.32,0.7872,25.38,0.0
4244,39.11,6.35,0.0,0.0,50.0,0.7095,0.0,17.24
4245,37.23,0.71,0.0,0.0,6.52,0.1787,30.0,0.0
4246,35.28,8.44,0.0,3.16,0.0,0.1094,30.0,0.0
4247,35.28,17.27,0.0,11.99,0.0,0.1397,30.0,0.0
4248,35.24,10.35,0.0,5.11,0.0,0.2546,30.0,0.0
4249,35.24,7.93,0.0,2.69,0.0,0.3036,30.0,0.0
4250,35.24,12.21,0.0,6.97,0.0,0.3293,30.0,0.0
4251,35.24,7.96,0.0,2.73,0.0,0.3961,30.0,0.0
4252,35.24,7.1,0.0,1.87,0.0,0.4222,30.0,0.0
4253,35.24,0.71,0.0,0.0,4.53,0.4401,30.0,0.0
4254,35.24,5.13,0.0,0.0,0.11,0.3921,30.0,0.0
4255,37.19,7.38,25.65,0.0,4.15,0.391,0.0,0.0
4256,39.06,0.0,45.81,0.0,23.25,0.3469,0.0,30.0
4257,40.79,7.13,65.66,2.0,0.0,0.1,0.0,30.0
4258,42.31,0.19,85.85,13.74,0.0,0.1191,0.0,30.0
4259,43.55,0.0,91.98,18.43,0.0,0.2508,0.0,30.0
4260,44.48,4.15,97.95,27.63,0.0,0.4274,0.0,30.0
4261,45.04,0.0,93.38,18.33,0.0,0.6921,0.0,30.0
4262,45.24,3.72,53.3,0.0,18.21,0.8678,0.0,30.0
4263,45.04,0.02,68.57,23.55,0.0,0.6744,0.0,0.0
4264,44.48,1.84,44.78,0.0,0.0,0.9,0.0,2.14
4265,43.55,5.13,20.81,0.0,0.0,0.9,17.61,0.0
4266,42.31,5.37,0.0,0.0,6.94,0.9,30.0,0.0
4267,40.79,0.0,0.0,0.0,10.79,0.8263,30.0,0.0
4268,39.06,1.59,0.0,0.0,48.84,0.7117,0.0,11.36
4269,37.19,10.94,0.0,3.76,0.0,0.1933,30.0,0.0
4270,35.24,7.2,0.0,1.97,0.0,0.2292,30.0,0.0
4271,35.24,5.99,0.0,0.76,0.0,0.2481,30.0,0.0
4272,35.19,2.67,0.0,0.0,2.52,0.2554,30.0,0.0
4273,35.19,3.68,0.0,0.0,1.51,0.2286,30.0,0.0
4274,35.19,0.0,0.0,0.0,5.19,0.2125,30.0,0.0
4275,35.19,6.67,0.0,1.47,0.0,0.1574,30.0,0.0
4276,35.19,3.75,0.0,0.0,1.45,0.1715,30.0,0.0
4277,35.19,1.22,0.0,0.0,3.97,0.1562,30.0,0.0
4278,35.19,3.87,0.0,0.0,1.32,0.114,30.0,0.0
4279,37.14,4.59,24.04,12.65,0.0,0.1,21.16,0.0
4280,39.02,10.76,46.85,0.0,11.42,0.2212,0.0,30.0
4281,40.75,0.0,65.91,0.0,0.0,0.1,0.0,25.17
4282,42.26,5.37,84.19,17.29,0.0,0.1,0.0,30.0
4283,43.51,4.19,94.51,25.18,0.0,0.2657,0.0,30.0
4284,44.43,0.0,96.86,35.94,0.0,0.507,0.0,16.49
4285,45.0,0.0,25.0,0.0,50.0,0.8513,0.0,30.0
4286,45.19,0.0,81.49,36.3,0.0,0.3205,0.0,0.0
4287,45.0,2.0,67.19,24.18,0.0,0.6683,0.0,0.0
4288,44.43,8.34,45.96,0.0,0.0,0.9,0.0,9.86
4289,43.51,5.59,25.55,0.0,13.87,0.9,0.0,1.5
4290,42.26,6.26,0.0,0.0,6.0,0.7527,30.0,0.0
4291,40.75,3.45,0.0,0.0,7.3,0.689,30.0,0.0
4292,39.02,0.08,0.0,0.0,8.94,0.6114,30.0,0.0
4293,37.14,6.22,0.0,0.0,0.92,0.5165,30.0,0.0
4294,35.19,12.74,0.0,7.55,0.0,0.5067,30.0,0.0
4295,35.19,1.83,0.0,0.0,3.36,0.5791,30.0,0.0
4296,35.15,3.92,0.0,0.0,1.23,0.5434,30.0,0.0
4297,35.15,8.68,0.0,3.53,0.0,0.5303,30.0,0.0
4298,35.15,3.66,0.0,0.0,1.49,0.5641,30.0,0.0
4299,35.15,3.8,0.0,0.0,1.35,0.5483,30.0,0.0
4300,35.15,4.47,0.0,0.0,0.68,0.5339,30.0,0.0
4301,35.15,0.0,0.0,0.0,5.15,0.5267,30.0,0.0
4302,35.15,0.11,0.0,0.0,35.04,0.472,0.0,0.0
4303,37.1,5.99,24.98,23.88,0.0,0.1,30.0,0.0
4304,38.98,0.0,47.68,0.0,21.29,0.3288,0.0,30.0
4305,40.71,0.0,69.95,0.0,0.25,0.1027,0.0,29.5
4306,42.22,0.0,85.68,13.45,0.0,0.1,0.0,30.0
4307,43.47,0.16,93.3,50.0,0.0,0.2289,0.0,0.0
4308,44.39,0.0,24.39,0.0,50.0,0.708,0.0,30.0
4309,44.96,0.0,94.66,38.35,0.0,0.1772,0.0,11.35
4310,45.15,0.75,81.49,37.09,0.0,0.5446,0.0,0.0
4311,44.96,0.0,66.15,0.0,0.0,0.9,0.0,21.19
4312,44.39,4.13,45.35,0.0,0.0,0.9,0.0,5.09
4313,43.47,4.67,23.41,0.0,0.0,0.9,15.38,0.0
4314,42.22,2.46,0.0,0.0,9.77,0.9,30.0,0.0
4315,40.71,9.39,0.0,0.0,50.0,0.7963,0.0,18.69
4316,38.98,1.55,0.0,0.0,15.59,0.2655,21.84,0.0
4317,37.1,11.75,0.0,4.65,0.0,0.1,30.0,0.0
4318,35.15,8.38,0.0,3.23,0.0,0.1446,30.0,0.0
4319,35.15,6.76,0.0,0.0,7.11,0.1755,21.28,0.0
4320,35.11,8.21,0.0,3.1,0.0,0.1,30.0,0.0
4321,35.11,7.71,0.0,2.6,0.0,0.1297,30.0,0.0
4322,35.11,12.79,0.0,0.0,0.0,0.1546,22.32,0.0
4323,35.11,2.62,0.0,0.0,2.49,0.1546,30.0,0.0
4324,35.11,3.06,0.0,0.0,2.65,0.1281,29.4,0.0
4325,35.11,9.51,0.0,3.8,0.0,0.1,29.39,0.0
4326,35.11,1.68,0.0,0.0,3.43,0.1364,30.0,0.0
4327,37.06,6.81,22.62,18.23,0.0,0.1,25.86,0.0
4328,38.93,9.12,45.22,0.0,14.59,0.2747,0.0,30.0
4329,40.66,0.0,68.81,0.0,1.86,0.1197,0.0,30.0
4330,42.18,3.38,85.43,16.63,0.0,0.1,0.0,30.0
4331,43.42,0.0,58.41,0.0,15.01,0.2594,0.0,30.0
4332,44.35,3.13,96.02,36.58,0.0,0.1,0.0,18.22
4333,44.92,0.97,90.86,46.91,0.0,0.4505,0.0,0.0
4334,45.11,2.52,49.73,0.0,22.86,0.9,0.0,30.0
4335,44.92,0.0,66.11,21.19,0.0,0.6573,0.0,0.0
4336,44.35,0.0,48.48,4.13,0.0,0.8604,0.0,0.0
4337,43.42,5.16,23.12,0.0,45.15,0.9,0.0,30.0
4338,42.18,0.0,0.0,0.0,12.18,0.4207,30.0,0.0
4339,40.66,3.9,0.0,0.0,18.03,0.2914,18.73,0.0
4340,38.93,10.12,0.0,1.18,0.0,0.1,30.0,0.0
4341,37.06,7.87,0.0,0.81,0.0,0.1113,30.0,0.0
4342,35.11,15.81,0.0,10.7,0.0,0.1191,30.0,0.0
4343,35.11,12.4,0.0,7.29,0.0,0.2217,30.0,0.0
4344,35.06,5.58,0.0,0.51,0.0,0.2915,30.0,0.0
4345,35.06,8.26,0.0,3.2,0.0,0.2965,30.0,0.0
4346,35.06,7.54,0.0,2.47,0.0,0.3271,30.0,0.0
4347,35.06,0.52,0.0,0.0,7.18,0.3508,27.36,0.0
4348,35.06,2.32,0.0,0.0,2.74,0.2745,30.0,0.0
4349,35.06,2.89,0.0,0.0,2.17,0.2453,30.0,0.0
4350,35.06,0.0,0.0,0.0,5.06,0.2223,30.0,0.0
4351,37.02,3.27,20.84,17.1,0.0,0.1685,30.0,0.0
4352,38.89,1.04,49.39,0.0,18.46,0.3324,0.0,30.0
4353,40.62,0.0,67.19,0.0,3.43,0.1364,0.0,30.0
4354,42.14,2.23,82.82,12.91,0.0,0.1,0.0,30.0
4355,43.38,3.11,95.71,25.44,0.0,0.2237,0.0,30.0
4356,44.3,0.94,95.33,21.97,0.0,0.4675,0.0,30.0
4357,44.87,0.0,94.47,19.6,0.0,0.678,0.0,30.0
4358,45.06,3.01,42.43,0.0,29.63,0.8658,0.0,30.0
4359,44.87,4.03,69.06,28.22,0.0,0.5513,0.0,0.0
4360,44.3,3.35,49.13,8.18,0.0,0.8216,0.0,0.0
4361,43.38,0.0,24.41,0.0,48.97,0.9,0.0,30.0
4362,42.14,5.29,0.0,0.0,6.84,0.3801,30.0,0.0
4363,40.62,10.17,0.0,0.0,0.45,0.3075,30.0,0.0
4364,38.89,3.74,0.0,0.0,19.09,0.3027,16.06,0.0
4365,37.02,15.77,0.0,0.68,0.0,0.1,21.93,0.0
4366,35.06,5.56,0.0,0.49,0.0,0.1066,30.0,0.0
4367,35.06,8.28,0.0,3.22,0.0,0.1113,30.0,0.0
4368,35.02,5.5,0.0,0.48,0.0,0.1421,30.0,0.0
4369,35.02,9.07,0.0,4.05,0.0,0.1467,30.0,0.0
4370,35.02,0.51,0.0,0.0,4.51,0.1855,30.0,0.0
4371,35.02,4.81,0.0,0.0,0.21,0.1376,30.0,0.0
4372,35.02,1.69,0.0,0.0,3.33,0.1354,30.0,0.0
4373,35.02,5.78,0.0,0.0,0.0,0.1,29.24,0.0
4374,35.02,8.26,0.0,0.0,0.0,0.1,26.76,0.0
4375,36.97,5.75,23.3,0.0,0.0,0.1,7.93,0.0
4376,38.85,0.0,48.96,10.12,0.0,0.1,0.0,0.0
4377,40.58,9.67,68.63,7.73,0.0,0.1969,0.0,30.0
4378,42.09,1.78,84.02,13.7,0.0,0.271,0.0,30.0
4379,43.34,0.0,44.86,0.0,28.47,0.4023,0.0,30.0
4380,44.26,0.65,96.8,33.49,0.0,0.1,0.0,19.7
4381,44.83,0.87,93.96,50.0,0.0,0.4209,0.0,0.0
4382,45.02,0.0,51.02,0.0,24.0,0.9,0.0,30.0
4383,44.83,2.03,67.71,24.91,0.0,0.6452,0.0,0.0
4384,44.26,0.0,45.94,1.68,0.0,0.8839,0.0,0.0
4385,43.34,1.4,23.73,0.0,12.75,0.9,5.47,0.0
4386,42.09,1.3,0.0,0.0,50.0,0.7647,0.0,9.21
4387,40.58,0.0,0.0,0.0,10.58,0.2338,30.0,0.0
4388,38.85,6.82,0.0,0.0,2.03,0.1215,30.0,0.0
4389,36.97,9.5,0.0,2.53,0.0,0.1,30.0,0.0
4390,35.02,9.87,0.0,4.84,0.0,0.1242,30.0,0.0
4391,35.02,11.54,0.0,6.52,0.0,0.1706,30.0,0.0
4392,34.98,9.63,0.0,0.0,0.0,0.2331,25.35,0.0
4393,34.98,5.94,0.0,0.96,0.0,0.2331,30.0,0.0
4394,34.98,11.21,0.0,6.23,0.0,0.2423,30.0,0.0
4395,34.98,1.45,0.0,0.0,12.78,0.302,20.75,0.0
4396,34.98,2.48,0.0,0.0,2.5,0.1664,30.0,0.0
4397,34.98,1.22,0.0,0.0,3.76,0.1399,30.0,0.0
4398,34.98,8.62,0.0,0.23,0.0,0.1,26.59,0.0
4399,36.93,6.98,20.79,20.84,0.0,0.1022,30.0,0.0
4400,38.81,4.09,45.7,0.0,19.02,0.3019,0.0,30.0
4401,40.53,5.66,67.96,3.08,0.0,0.1,0.0,30.0
4402,42.05,0.0,81.41,9.36,0.0,0.1295,0.0,30.0
4403,43.29,1.59,93.02,21.31,0.0,0.2192,0.0,30.0
4404,44.22,0.0,43.75,0.0,30.46,0.4234,0.0,30.0
4405,44.79,3.65,90.81,37.35,0.0,0.1,0.0,12.33
4406,44.98,0.08,85.61,40.71,0.0,0.4579,0.0,0.0
4407,44.79,0.0,69.15,0.0,0.0,0.8479,0.0,24.36
4408,44.22,4.31,45.34,5.43,0.0,0.8479,0.0,0.0
4409,43.29,6.7,23.82,0.0,0.0,0.9,12.78,0.0
4410,42.05,1.37,0.0,0.0,12.85,0.9,27.82,0.0
4411,40.53,4.96,0.0,0.0,5.57,0.7636,30.0,0.0
4412,38.81,1.83,0.0,0.0,50.0,0.7044,0.0,13.02
4413,36.93,0.0,0.0,0.0,6.93,0.1736,30.0,0.0
4414,34.98,8.56,0.0,3.58,0.0,0.1,30.0,0.0
4415,34.98,10.67,0.0,5.69,0.0,0.1343,30.0,0.0
4416,34.94,9.37,0.0,4.44,0.0,0.1889,30.0,0.0
4417,34.94,0.07,0.0,0.0,4.87,0.2314,30.0,0.0
4418,34.94,6.28,0.0,1.34,0.0,0.1797,30.0,0.0
4419,34.94,0.0,0.0,0.0,8.72,0.1926,26.21,0.0
4420,34.94,11.89,0.0,4.67,0.0,0.1,27.72,0.0
4421,34.94,0.72,0.0,0.0,4.22,0.1448,30.0,0.0
4422,34.94,9.35,0.0,1.62,0.0,0.1,27.21,0.0
4423,36.89,6.99,20.77,20.87,0.0,0.1156,30.0,0.0
4424,38.76,0.0,48.46,0.0,20.3,0.3156,0.0,30.0
4425,40.49,0.0,65.06,0.0,0.0,0.1,0.0,24.57
4426,42.01,2.01,84.09,14.09,0.0,0.1,0.0,30.0
4427,43.25,0.0,90.96,17.71,0.0,0.235,0.0,30.0
4428,44.17,0.0,45.47,0.0,28.7,0.4048,0.0,30.0
4429,44.74,0.0,95.09,44.02,0.0,0.1,0.0,6.33
4430,44.94,0.0,84.41,39.48,0.0,0.5217,0.0,0.0
4431,44.74,0.0,68.01,0.0,5.61,0.9,0.0,28.89
4432,44.17,3.01,47.38,6.22,0.0,0.8404,0.0,0.0
4433,43.25,0.75,22.8,0.0,0.0,0.9,19.7,0.0
4434,42.01,1.85,0.0,0.0,24.41,0.9,15.74,0.0
4435,40.49,8.1,0.0,0.0,50.0,0.6408,0.0,17.61
4436,38.76,11.08,0.0,0.0,0.0,0.11,27.68,0.0
4437,36.89,5.95,0.0,0.0,0.94,0.11,30.0,0.0
4438,34.94,6.32,0.0,1.39,0.0,0.1,30.0,0.0
4439,34.94,10.22,0.0,1.08,0.0,0.1133,25.79,0.0
4440,34.89,2.67,0.0,0.0,2.22,0.1236,30.0,0.0
4441,34.89,9.07,0.0,4.18,0.0,0.1,30.0,0.0
4442,34.89,10.02,0.0,5.13,0.0,0.1401,30.0,0.0
4443,34.89,9.9,0.0,4.1,0.0,0.1892,29.1,0.0
4444,34.89,0.0,0.0,0.0,4.89,0.2285,30.0,0.0
4445,34.89,2.07,0.0,0.0,2.83,0.1766,30.0,0.0
4446,34.89,0.51,0.0,0.0,4.38,0.1465,30.0,0.0
4447,36.84,3.49,23.47,19.2,0.0,0.1,29.09,0.0
4448,38.72,4.07,47.32,0.0,17.33,0.284,0.0,30.0
4449,40.45,7.42,68.93,5.9,0.0,0.1,0.0,30.0
4450,41.96,0.0,66.64,0.0,5.33,0.1566,0.0,30.0
4451,43.21,0.0,95.26,22.05,0.0,0.1,0.0,30.0
4452,44.13,4.77,95.59,26.23,0.0,0.3113,0.0,30.0
4453,44.7,1.37,90.73,17.41,0.0,0.5626,0.0,30.0
4454,44.89,5.81,81.02,17.8,0.0,0.7294,0.0,24.13
4455,44.7,2.41,68.91,0.0,0.0,0.9,0.0,26.63
4456,44.13,0.0,44.13,0.0,0.0,0.9,0.0,0.0
4457,43.21,0.0,21.64,0.0,0.0,0.9,21.57,0.0
4458,41.96,0.0,0.0,0.0,25.35,0.9,16.61,0.0
4459,40.45,7.96,0.0,0.0,50.0,0.6308,0.0,17.51
4460,38.72,11.14,0.0,0.0,0.0,0.1,27.58,0.0
4461,36.84,14.74,0.0,7.9,0.0,0.1,30.0,0.0
4462,34.89,11.23,0.0,0.0,0.0,0.1757,23.66,0.0
4463,34.89,12.97,0.0,0.0,0.0,0.1757,21.92,0.0
4464,34.85,5.89,0.0,1.04,0.0,0.1757,30.0,0.0
4465,34.85,3.36,0.0,0.0,8.07,0.1856,23.42,0.0
4466,34.85,11.26,0.0,6.41,0.0,0.1,30.0,0.0
4467,34.85,8.81,0.0,3.12,0.0,0.1614,29.15,0.0
4468,34.85,6.67,0.0,1.82,0.0,0.1913,30.0,0.0
4469,34.85,6.83,0.0,1.98,0.0,0.2087,30.0,0.0
4470,34.85,5.49,0.0,0.0,0.0,0.2277,29.36,0.0
4471,36.8,8.4,21.93,0.0,0.0,0.2277,6.47,0.0
4472,38.68,7.44,49.21,0.0,12.03,0.2277,0.0,30.0
4473,40.41,3.48,69.11,2.19,0.0,0.1,0.0,30.0
4474,41.92,4.07,83.44,15.59,0.0,0.1209,0.0,30.0
4475,43.16,2.28,90.59,19.7,0.0,0.2703,0.0,30.0
4476,44.09,0.0,40.27,0.0,33.82,0.4591,0.0,30.0
4477,44.66,3.28,95.11,40.07,0.0,0.1,0.0,13.66
4478,44.85,0.0,84.97,10.12,0.0,0.484,0.0,30.0
4479,44.66,5.59,68.37,29.3,0.0,0.5809,0.0,0.0
4480,44.09,0.0,48.09,4.0,0.0,0.8617,0.0,0.0
4481,43.16,4.26,24.72,0.0,4.86,0.9,9.32,0.0
4482,41.92,0.65,0.0,0.0,11.27,0.8484,30.0,0.0
4483,40.41,7.52,0.0,0.0,2.89,0.7287,30.0,0.0
4484,38.68,6.08,0.0,0.0,50.0,0.698,0.0,17.41
4485,36.8,0.47,0.0,0.0,6.33,0.1672,30.0,0.0
4486,34.85,9.48,0.0,0.0,0.0,0.1,25.37,0.0
4487,34.85,5.76,0.0,0.06,0.0,0.1,29.16,0.0
4488,34.81,11.95,0.0,0.0,0.0,0.1006,22.86,0.0
4489,34.81,8.16,0.0,0.0,0.0,0.1006,26.64,0.0
4490,34.81,9.38,0.0,4.58,0.0,0.1006,30.0,0.0
4491,34.81,3.12,0.0,0.0,1.69,0.1445,30.0,0.0
4492,34.81,3.79,0.0,0.0,1.02,0.1265,30.0,0.0
4493,34.81,3.33,0.0,0.0,1.48,0.1157,30.0,0.0
4494,34.81,7.71,0.0,0.0,0.0,0.1,27.1,0.0
4495,36.76,10.03,24.82,26.35,0.0,0.1,28.26,0.0
4496,38.63,0.0,44.85,0.0,23.79,0.3525,0.0,30.0
4497,40.36,5.69,68.84,4.17,0.0,0.1,0.0,30.0
4498,41.88,0.0,85.15,13.27,0.0,0.1399,0.0,30.0
4499,43.12,0.0,95.31,22.19,0.0,0.2671,0.0,30.0
4500,44.05,0.0,94.88,20.83,0.0,0.4797,0.0,30.0
4501,44.61,0.0,38.8,0.0,35.81,0.6793,0.0,30.0
4502,44.81,0.0,84.24,39.43,0.0,0.2991,0.0,0.0
4503,44.61,2.94,64.95,23.28,0.0,0.677,0.0,0.0
4504,44.05,1.2,48.83,0.0,0.0,0.9,0.0,5.98
4505,43.12,4.66,22.62,0.0,0.0,0.9,15.85,0.0
4506,41.88,7.02,0.0,0.0,50.0,0.9,0.0,15.14
4507,40.36,6.33,0.0,0.0,23.41,0.3692,10.63,0.0
4508,38.63,8.95,0.0,0.0,0.0,0.1206,29.68,0.0
4509,36.76,6.8,0.0,0.04,0.0,0.1206,30.0,0.0
4510,34.81,2.83,0.0,0.0,1.98,0.121,30.0,0.0
4511,34.81,12.54,0.0,3.65,0.0,0.1,25.91,0.0
4512,34.76,5.86,0.0,0.0,0.0,0.135,28.9,0.0
4513,34.76,4.29,0.0,0.0,0.48,0.135,30.0,0.0
4514,34.76,7.01,0.0,2.25,0.0,0.1299,30.0,0.0
4515,34.76,3.31,0.0,0.0,1.45,0.1515,30.0,0.0
4516,34.76,4.5,0.0,0.0,0.26,0.136,30.0,0.0
4517,34.76,6.66,0.0,1.9,0.0,0.1333,30.0,0.0
4518,34.76,5.61,0.0,0.84,0.0,0.1514,30.0,0.0
4519,36.71,0.0,23.36,16.65,0.0,0.1595,30.0,0.0
4520,38.59,0.07,47.89,0.0,20.63,0.319,0.0,30.0
4521,40.32,5.68,68.78,34.14,0.0,0.1,0.0,0.0
4522,41.83,2.63,63.54,0.0,5.66,0.4271,0.0,30.0
4523,43.08,8.76,91.86,27.54,0.0,0.367,0.0,30.0
4524,44.0,0.0,24.0,0.0,50.0,0.6308,0.0,30.0
4525,44.57,4.9,94.66,40.72,0.0,0.1,0.0,14.27
4526,44.76,0.0,84.6,39.84,0.0,0.4902,0.0,0.0
4527,44.57,4.4,65.22,0.0,0.0,0.8719,0.0,25.05
4528,44.0,1.87,45.07,2.93,0.0,0.8719,0.0,0.0
4529,43.08,0.81,20.8,0.0,50.0,0.9,0.0,28.53
4530,41.83,4.86,0.0,0.0,20.64,0.3692,16.34,0.0
4531,40.32,9.15,0.0,0.0,1.17,0.15,30.0,0.0
4532,38.59,8.31,0.0,0.0,0.28,0.1376,30.0,0.0
4533,36.71,3.45,0.0,0.0,3.26,0.1346,30.0,0.0
4534,34.76,10.83,0.0,0.0,0.0,0.1,23.94,0.0
4535,34.76,5.52,0.0,0.0,0.0,0.1,29.24,0.0
4536,34.72,9.21,0.0,0.0,0.0,0.1,25.51,0.0
4537,34.72,6.91,0.0,2.19,0.0,0.1,30.0,0.0
4538,34.72,6.85,0.0,2.13,0.0,0.121,30.0,0.0
4539,34.72,10.27,0.0,5.55,0.0,0.1414,30.0,0.0
4540,34.72,1.93,0.0,0.0,2.79,0.1946,30.0,0.0
4541,34.72,13.3,0.0,8.58,0.0,0.165,30.0,0.0
4542,34.72,0.0,0.0,0.0,11.42,0.2472,23.3,0.0
4543,36.67,0.62,24.42,18.37,0.0,0.126,30.0,0.0
4544,38.55,3.63,45.89,0.0,19.03,0.302,0.0,30.0
4545,40.28,3.66,67.63,1.01,0.0,0.1,0.0,30.0
4546,41.79,0.16,81.46,9.83,0.0,0.1097,0.0,30.0
4547,43.04,0.0,92.49,49.45,0.0,0.2039,0.0,0.0
4548,43.96,1.73,22.23,0.0,50.0,0.6777,0.0,30.0
4549,44.53,0.0,91.85,17.32,0.0,0.1469,0.0,30.0
4550,44.72,6.35,80.58,33.98,0.0,0.3129,0.0,8.23
4551,44.53,4.72,67.1,27.29,0.0,0.6385,0.0,0.0
4552,43.96,5.71,44.87,0.0,0.0,0.9,0.0,6.63
4553,43.04,0.0,20.66,0.0,0.0,0.9,22.37,0.0
4554,41.79,3.84,0.0,0.0,7.95,0.9,30.0,0.0
4555,40.28,4.0,0.0,0.0,50.0,0.8156,0.0,13.72
4556,38.55,2.07,0.0,0.0,9.63,0.2847,26.84,0.0
4557,36.67,8.59,0.0,1.92,0.0,0.1825,30.0,0.0
4558,34.72,5.53,0.0,0.81,0.0,0.2009,30.0,0.0
4559,34.72,10.89,0.0,6.17,0.0,0.2086,30.0,0.0
4560,34.68,3.89,0.0,0.0,0.79,0.2677,30.0,0.0
4561,34.68,15.3,0.0,10.62,0.0,0.2593,30.0,0.0
4562,34.68,4.05,0.0,0.0,0.63,0.3611,30.0,0.0
4563,34.68,8.02,0.0,3.34,0.0,0.3545,30.0,0.0
4564,34.68,9.53,0.0,0.0,25.15,0.3864,0.0,0.0
4565,34.68,2.89,0.0,0.0,1.79,0.1195,30.0,0.0
4566,34.68,7.71,0.0,3.03,0.0,0.1004,30.0,0.0
4567,36.63,0.0,22.45,15.82,0.0,0.1295,30.0,0.0
4568,38.5,8.12,46.42,0.0,13.96,0.2811,0.0,30.0
4569,40.23,1.31,65.83,0.0,3.1,0.1329,0.0,30.0
4570,41.75,0.0,83.47,11.72,0.0,0.1,0.0,30.0
4571,42.99,0.0,90.34,17.35,0.0,0.2123,0.0,30.0
4572,43.92,3.39,95.02,24.49,0.0,0.3786,0.0,30.0
4573,44.49,0.0,44.81,0.0,29.67,0.6132,0.0,30.0
4574,44.68,0.0,84.9,40.22,0.0,0.2982,0.0,0.0
4575,44.49,0.33,66.74,22.58,0.0,0.6836,0.0,0.0
4576,43.92,0.0,45.13,0.0,0.0,0.9,0.0,1.21
4577,42.99,10.65,23.77,0.0,38.57,0.9,0.0,30.0
4578,41.75,1.83,0.0,0.0,24.62,0.4905,15.3,0.0
4579,40.23,8.7,0.0,0.0,1.54,0.2291,30.0,0.0
4580,38.5,7.12,0.0,0.0,1.39,0.2128,30.0,0.0
4581,36.63,3.03,0.0,0.0,3.6,0.198,30.0,0.0
4582,34.68,7.74,0.0,3.06,0.0,0.1598,30.0,0.0
4583,34.68,11.43,0.0,6.75,0.0,0.1891,30.0,0.0
4584,34.64,7.55,0.0,2.92,0.0,0.2538,30.0,0.0
4585,34.64,13.13,0.0,8.5,0.0,0.2818,30.0,0.0
4586,34.64,12.01,0.0,7.37,0.0,0.3632,30.0,0.0
4587,34.64,10.93,0.0,6.29,0.0,0.4338,30.0,0.0
4588,34.64,4.35,0.0,0.0,30.28,0.4941,0.0,0.0
4589,34.64,0.79,0.0,0.0,3.85,0.1726,30.0,0.0
4590,34.64,1.65,0.0,0.0,2.99,0.1317,30.0,0.0
4591,36.59,3.93,23.5,18.62,0.0,0.1,27.78,0.0
4592,38.46,4.38,48.28,0.0,15.8,0.2785,0.0,30.0
4593,40.19,0.0,69.19,0.0,1.0,0.1107,0.0,30.0
4594,41.71,0.57,80.21,9.07,0.0,0.1,0.0,30.0
4595,42.95,0.84,93.06,20.96,0.0,0.1869,0.0,30.0
4596,43.87,0.0,94.1,50.0,0.0,0.3877,0.0,0.23
4597,44.44,5.54,18.91,0.0,50.0,0.8668,0.0,30.0
4598,44.64,2.35,82.64,40.35,0.0,0.3359,0.0,0.0
4599,44.44,6.69,67.51,13.35,0.0,0.7225,0.0,16.4
4600,43.87,1.22,47.82,5.17,0.0,0.8505,0.0,0.0
4601,42.95,7.0,21.74,0.0,0.0,0.9,14.21,0.0
4602,41.71,10.96,0.0,0.0,50.0,0.9,0.0,19.26
4603,40.19,10.7,0.0,0.0,0.0,0.3692,29.5,0.0
4604,38.46,1.73,0.0,0.0,6.73,0.3692,30.0,0.0
4605,36.59,6.07,0.0,0.0,18.62,0.2977,11.9,0.0
4606,34.64,6.35,0.0,0.0,0.0,0.1,28.29,0.0
4607,34.64,10.22,0.0,5.58,0.0,0.1,30.0,0.0
4608,34.59,11.19,0.0,6.59,0.0,0.1535,30.0,0.0
4609,34.59,4.73,0.0,0.13,0.0,0.2167,30.0,0.0
4610,34.59,8.07,0.0,0.0,0.0,0.2179,26.52,0.0
4611,34.59,0.0,0.0,0.0,11.11,0.2179,23.49,0.0
4612,34.59,12.25,0.0,1.78,0.0,0.1,24.13,0.0
4613,34.59,3.15,0.0,0.0,1.44,0.1171,30.0,0.0
4614,34.59,4.43,0.0,0.0,0.16,0.1017,30.0,0.0
4615,36.54,1.84,20.46,0.0,0.0,0.1,14.24,0.0
4616,38.42,6.88,47.5,15.96,0.0,0.1,0.0,0.0
4617,40.15,0.0,55.74,0.0,14.4,0.2529,0.0,30.0
4618,41.66,0.54,84.42,13.3,0.0,0.1,0.0,30.0
4619,42.91,0.0,90.49,17.58,0.0,0.2274,0.0,30.0
4620,43.83,0.0,45.97,0.0,27.87,0.3958,0.0,30.0
4621,44.4,7.35,93.22,26.17,0.0,0.1,0.0,30.0
4622,44.59,0.0,83.5,38.91,0.0,0.3508,0.0,0.0
4623,44.4,4.47,65.68,13.91,0.0,0.7235,0.0,11.84
4624,43.83,3.6,44.73,4.5,0.0,0.8568,0.0,0.0
4625,42.91,8.35,24.11,0.0,0.0,0.9,10.44,0.0
4626,41.66,1.43,0.0,0.0,10.23,0.9,30.0,0.0
4627,40.15,2.23,0.0,0.0,7.91,0.7914,30.0,0.0
4628,38.42,10.81,0.0,0.51,0.0,0.7074,28.12,0.0
4629,36.54,8.89,0.0,2.35,0.0,0.7122,30.0,0.0
4630,34.59,1.39,0.0,0.0,3.21,0.7347,30.0,0.0
4631,34.59,5.97,0.0,1.37,0.0,0.7007,30.0,0.0
4632,34.55,9.96,0.0,5.4,0.0,0.7138,30.0,0.0
4633,34.55,11.68,0.0,7.13,0.0,0.7656,30.0,0.0
4634,34.55,4.98,0.0,0.43,0.0,0.834,30.0,0.0
4635,34.55,0.0,0.0,0.0,34.55,0.8381,0.0,0.0
4636,34.55,8.45,0.0,0.0,26.1,0.4713,0.0,0.0
4637,34.55,0.23,0.0,0.0,4.32,0.1942,30.0,0.0
4638,34.55,0.0,0.0,0.0,4.55,0.1483,30.0,0.0
4639,36.5,0.0,24.67,17.85,0.0,0.1,29.68,0.0
4640,38.38,5.51,46.76,0.0,16.11,0.271,0.0,30.0
4641,40.11,1.81,68.32,0.02,0.0,0.1,0.0,30.0
4642,41.62,0.0,84.15,12.53,0.0,0.1002,0.0,30.0
4643,42.87,5.96,94.17,27.27,0.0,0.2203,0.0,30.0
4644,43.79,2.71,35.14,0.0,35.95,0.4816,0.0,30.0
4645,44.36,6.91,90.54,45.57,0.0,0.1,0.0,7.52
4646,44.55,0.0,82.47,37.92,0.0,0.5366,0.0,0.0
4647,44.36,1.14,66.27,0.0,0.0,0.9,0.0,23.05
4648,43.79,0.0,47.87,0.0,0.0,0.9,0.0,4.08
4649,42.87,2.19,20.82,0.0,49.86,0.9,0.0,30.0
4650,41.62,3.18,0.0,0.0,21.36,0.3706,17.08,0.0
4651,40.11,7.88,0.0,0.0,2.23,0.1439,30.0,0.0
4652,38.38,6.47,0.0,0.0,1.91,0.1202,30.0,0.0
4653,36.5,9.72,0.0,0.0,0.0,0.1,26.78,0.0
4654,34.55,10.71,0.0,0.0,0.0,0.1,23.84,0.0
4655,34.55,17.14,0.0,0.2,0.0,0.1,17.61,0.0
4656,34.51,7.06,0.0,0.0,0.0,0.1019,27.45,0.0
4657,34.51,4.33,0.0,0.0,0.18,0.1019,30.0,0.0
4658,34.51,8.83,0.0,0.75,0.0,0.1,26.43,0.0
4659,34.51,3.83,0.0,0.0,0.68,0.1072,30.0,0.0
4660,34.51,12.44,0.0,6.38,0.0,0.1,28.46,0.0
4661,34.51,4.12,0.0,0.0,0.39,0.1612,30.0,0.0
4662,34.51,1.88,0.0,0.0,2.63,0.1571,30.0,0.0
4663,36.46,1.2,25.15,19.89,0.0,0.1292,30.0,0.0
4664,38.34,5.13,46.04,0.0,17.16,0.3197,0.0,30.0
4665,40.06,0.64,65.89,0.0,3.53,0.1375,0.0,30.0
4666,41.58,0.0,80.27,8.7,0.0,0.1,0.0,30.0
4667,42.82,5.74,91.88,24.8,0.0,0.1833,0.0,30.0
4668,43.75,0.0,93.75,50.0,0.0,0.4209,0.0,0.0
4669,44.32,0.37,38.43,0.0,35.52,0.9,0.0,30.0
4670,44.51,3.34,80.53,39.36,0.0,0.5229,0.0,0.0
4671,44.32,0.0,65.89,0.0,4.64,0.9,0.0,26.22
4672,43.75,4.14,44.75,5.14,0.0,0.8507,0.0,0.0
4673,42.82,0.0,24.67,0.0,0.0,0.9,18.15,0.0
4674,41.58,7.63,0.0,0.0,3.95,0.9,30.0,0.0
4675,40.06,1.31,0.0,0.0,21.41,0.8581,17.35,0.0
4676,38.34,9.17,0.0,0.0,50.0,0.6308,0.0,20.83
4677,36.46,11.74,0.0,5.28,0.0,0.1,30.0,0.0
4678,34.51,11.38,0.0,2.55,0.0,0.1506,25.67,0.0
4679,34.51,9.27,0.0,0.0,0.0,0.175,25.24,0.0
4680,34.47,7.42,0.0,0.0,0.0,0.175,27.04,0.0
4681,34.47,5.85,0.0,0.0,0.0,0.175,28.61,0.0
4682,34.47,13.92,0.0,9.46,0.0,0.175,30.0,0.0
4683,34.47,4.27,0.0,0.0,0.2,0.2656,30.0,0.0
4684,34.47,2.01,0.0,0.0,2.45,0.2635,30.0,0.0
4685,34.47,8.07,0.0,3.6,0.0,0.2374,30.0,0.0
4686,34.47,0.94,0.0,0.0,3.53,0.272,30.0,0.0
4687,36.42,0.0,21.92,15.5,0.0,0.2345,30.0,0.0
4688,38.29,0.0,44.31,0.0,23.98,0.383,0.0,30.0
4689,40.02,0.0,67.35,0.0,2.68,0.1284,0.0,30.0
4690,41.54,0.31,83.44,12.21,0.0,0.1,0.0,30.0
4691,42.78,1.24,93.95,22.41,0.0,0.217,0.0,30.0
4692,43.7,4.04,38.42,0.0,31.25,0.4318,0.0,30.0
4693,44.27,2.42,90.92,49.07,0.0,0.1,0.0,0.0
4694,44.47,0.0,81.51,13.1,0.0,0.5701,0.0,23.95
4695,44.27,0.49,65.12,21.33,0.0,0.6956,0.0,0.0
4696,43.7,4.28,46.66,0.0,0.0,0.9,0.0,7.24
4697,42.78,8.44,24.72,0.0,0.0,0.9,9.62,0.0
4698,41.54,4.76,0.0,0.0,6.77,0.9,30.0,0.0
4699,40.02,3.37,0.0,0.0,13.34,0.8281,23.31,0.0
4700,38.29,2.2,0.0,0.0,50.0,0.6864,0.0,13.9
4701,36.42,1.18,0.0,0.0,5.24,0.1556,30.0,0.0
4702,34.47,10.59,0.0,6.12,0.0,0.1,30.0,0.0
4703,34.47,10.64,0.0,0.0,0.0,0.1587,23.83,0.0
4704,34.42,10.79,0.0,0.0,0.0,0.1587,23.63,0.0
4705,34.42,7.72,0.0,0.0,0.0,0.1587,26.7,0.0
4706,34.42,13.67,0.0,0.0,0.0,0.1587,20.75,0.0
4707,34.42,5.18,0.0,0.0,0.0,0.1587,29.25,0.0
4708,34.42,10.28,0.0,0.0,0.0,0.1587,24.14,0.0
4709,34.42,5.17,0.0,0.74,0.0,0.1587,30.0,0.0
4710,34.42,1.73,0.0,0.0,6.19,0.1658,26.5,0.0
4711,36.38,5.64,20.41,1.18,0.0,0.1,11.51,0.0
4712,38.25,3.88,45.36,0.0,0.0,0.1113,0.0,10.99
4713,39.98,2.8,66.11,0.0,1.07,0.1113,0.0,30.0
4714,41.5,1.0,80.7,10.21,0.0,0.1,0.0,30.0
4715,42.74,0.0,63.52,0.0,9.22,0.1978,0.0,30.0
4716,43.66,10.01,93.31,50.0,0.0,0.1,0.0,9.65
4717,44.23,5.16,92.0,33.49,0.0,0.5791,0.0,19.43
4718,44.42,3.66,39.26,0.0,31.5,0.9,0.0,30.0
4719,44.23,1.79,68.06,25.62,0.0,0.5655,0.0,0.0
4720,43.66,6.36,46.6,9.29,0.0,0.811,0.0,0.0
4721,42.74,5.33,23.08,0.0,0.0,0.9,14.33,0.0
4722,41.5,4.36,0.0,0.0,50.0,0.9,0.0,12.87
4723,39.98,4.07,0.0,0.0,5.91,0.3692,30.0,0.0
4724,38.25,5.99,0.0,0.0,13.07,0.3064,19.19,0.0
4725,36.38,0.0,0.0,0.0,6.38,0.1677,30.0,0.0
4726,34.42,8.72,0.0,0.0,0.0,0.1,25.71,0.0
4727,34.42,6.23,0.0,0.0,0.0,0.1,28.19,0.0
4728,34.38,15.01,0.0,0.0,0.0,0.1,19.37,0.0
4729,34.38,8.35,0.0,1.62,0.0,0.1,27.65,0.0
4730,34.38,2.93,0.0,0.0,1.45,0.1155,30.0,0.0
4731,34.38,7.0,0.0,2.61,0.0,0.1002,30.0,0.0
4732,34.38,2.01,0.0,0.0,2.37,0.1252,30.0,0.0
4733,34.38,7.31,0.0,2.92,0.0,0.1,30.0,0.0
4734,34.38,5.48,0.0,1.09,0.0,0.128,30.0,0.0
4735,36.33,7.17,24.8,23.05,0.0,0.1385,27.42,0.0
4736,38.21,0.0,46.32,0.0,21.89,0.3593,0.0,30.0
4737,39.94,1.48,65.92,0.0,2.53,0.1269,0.0,30.0
4738,41.45,0.0,80.14,8.68,0.0,0.1,0.0,30.0
4739,42.7,3.18,94.1,24.58,0.0,0.1832,0.0,30.0
4740,43.62,2.28,93.55,22.2,0.0,0.4187,0.0,30.0
4741,44.19,2.32,91.81,19.94,0.0,0.6315,0.0,30.0
4742,44.38,0.69,44.74,0.0,28.95,0.8225,0.0,30.0
4743,44.19,3.06,68.46,27.33,0.0,0.5151,0.0,0.0
4744,43.62,8.85,47.61,12.84,0.0,0.777,0.0,0.0
4745,42.7,2.02,22.79,0.0,0.0,0.9,17.89,0.0
4746,41.45,4.85,0.0,0.0,50.0,0.9,0.0,13.39
4747,39.94,0.84,0.0,0.0,9.09,0.3692,30.0,0.0
4748,38.21,2.75,0.0,0.0,5.46,0.2726,30.0,0.0
4749,36.33,7.61,0.0,1.27,0.0,0.2146,30.0,0.0
4750,34.38,12.43,0.0,8.05,0.0,0.2268,30.0,0.0
4751,34.38,7.21,0.0,2.83,0.0,0.304,30.0,0.0
4752,34.34,7.46,0.0,3.12,0.0,0.3311,30.0,0.0
4753,34.34,6.61,0.0,2.27,0.0,0.3609,30.0,0.0
4754,34.34,5.66,0.0,1.32,0.0,0.3826,30.0,0.0
4755,34.34,8.44,0.0,4.1,0.0,0.3953,30.0,0.0
4756,34.34,0.16,0.0,0.0,4.18,0.4346,30.0,0.0
4757,34.34,10.67,0.0,0.0,23.67,0.3902,0.0,0.0
4758,34.34,1.53,0.0,0.0,2.81,0.1389,30.0,0.0
4759,36.29,6.21,21.65,21.57,0.0,0.1091,30.0,0.0
4760,38.17,0.0,47.22,0.0,20.32,0.3157,0.0,29.37
4761,39.9,4.13,65.44,0.0,0.0,0.1,0.0,29.67
4762,41.41,3.49,79.54,11.61,0.0,0.1,0.0,30.0
4763,42.66,0.0,62.18,0.0,10.48,0.2113,0.0,30.0
4764,43.58,0.0,93.09,49.51,0.0,0.1,0.0,0.0
4765,44.15,1.32,40.18,0.0,32.65,0.5744,0.0,30.0
4766,44.34,0.0,81.84,37.5,0.0,0.2277,0.0,0.0
4767,44.15,0.31,67.84,24.0,0.0,0.587,0.0,0.0
4768,43.58,6.48,45.76,8.66,0.0,0.817,0.0,0.0
4769,42.66,6.52,22.07,0.0,0.0,0.9,14.06,0.0
4770,41.41,4.35,0.0,0.0,13.35,0.9,23.71,0.0
4771,39.9,1.32,0.0,0.0,8.57,0.7583,30.0,0.0
4772,38.17,9.04,0.0,0.0,50.0,0.6673,0.0,20.87
4773,36.29,7.3,0.0,1.01,0.0,0.1364,30.0,0.0
4774,34.34,0.0,0.0,0.0,4.34,0.1461,30.0,0.0
4775,34.34,11.54,0.0,5.81,0.0,0.1,28.61,0.0
4776,34.3,8.35,0.0,0.0,0.0,0.1556,25.95,0.0
4777,34.3,13.29,0.0,0.0,0.0,0.1556,21.01,0.0
4778,34.3,3.36,0.0,0.0,0.94,0.1556,30.0,0.0
4779,34.3,0.0,0.0,0.0,4.3,0.1456,30.0,0.0
4780,34.3,7.54,0.0,3.24,0.0,0.1,30.0,0.0
4781,34.3,6.59,0.0,1.53,0.0,0.131,29.24,0.0
4782,34.3,0.0,0.0,0.0,4.3,0.1456,30.0,0.0
4783,36.25,0.0,24.86,16.72,0.0,0.1,28.11,0.0
4784,38.13,13.65,45.02,0.0,9.45,0.2602,0.0,30.0
4785,39.86,0.11,64.11,0.0,5.63,0.1598,0.0,30.0
4786,41.37,3.75,82.02,14.4,0.0,0.1,0.0,30.0
4787,42.61,0.0,92.56,19.95,0.0,0.238,0.0,30.0
4788,43.54,0.0,42.54,0.0,31.0,0.4291,0.0,30.0
4789,44.11,0.0,89.99,45.88,0.0,0.1,0.0,0.0
4790,44.3,0.0,80.93,15.8,0.0,0.5396,0.0,20.83
4791,44.11,0.0,63.82,19.72,0.0,0.691,0.0,0.0
4792,43.54,1.76,43.87,2.09,0.0,0.88,0.0,0.0
4793,42.61,4.33,24.79,0.0,0.0,0.9,13.49,0.0
4794,41.37,3.69,0.0,0.0,7.68,0.9,30.0,0.0
4795,39.86,0.14,0.0,0.0,9.71,0.8184,30.0,0.0
4796,38.13,8.4,0.0,0.0,47.41,0.7153,0.0,17.68
4797,36.25,0.0,0.0,0.0,6.25,0.212,30.0,0.0
4798,34.3,0.0,0.0,0.0,4.3,0.1456,30.0,0.0
4799,34.3,11.37,0.0,0.0,0.0,0.1,22.92,0.0
4800,34.26,10.57,0.0,6.32,0.0,0.1,30.0,0.0
4801,34.26,8.09,0.0,3.84,0.0,0.1605,30.0,0.0
4802,34.26,2.14,0.0,0.0,2.12,0.1973,30.0,0.0
4803,34.26,4.33,0.0,0.07,0.0,0.1747,30.0,0.0
4804,34.26,5.31,0.0,0.16,0.0,0.1754,29.11,0.0
4805,34.26,0.0,0.0,0.0,4.26,0.177,30.0,0.0
4806,34.26,1.27,0.0,0.0,2.99,0.1317,30.0,0.0
4807,36.21,5.96,20.4,17.7,0.0,0.1,27.55,0.0
4808,38.09,8.17,47.23,0.0,12.68,0.2696,0.0,30.0
4809,39.81,0.0,66.52,0.0,3.29,0.135,0.0,30.0
4810,41.33,3.88,82.0,14.54,0.0,0.1,0.0,30.0
4811,42.57,0.0,89.5,16.92,0.0,0.2393,0.0,30.0
4812,43.5,2.92,42.18,0.0,28.4,0.4015,0.0,30.0
4813,44.07,0.0,89.49,45.42,0.0,0.1,0.0,0.0
4814,44.26,2.02,80.93,14.4,0.0,0.5352,0.0,24.28
4815,44.07,0.37,67.36,23.67,0.0,0.6732,0.0,0.0
4816,43.5,7.73,47.54,0.0,0.0,0.9,0.0,11.77
4817,42.57,0.0,24.52,0.0,0.0,0.9,18.05,0.0
4818,41.33,6.93,0.0,0.0,23.01,0.9,11.39,0.0
4819,39.81,4.24,0.0,0.0,50.0,0.6557,0.0,14.43
4820,38.09,5.75,0.0,0.0,2.34,0.1248,30.0,0.0
4821,36.21,6.5,0.0,0.29,0.0,0.1,30.0,0.0
4822,34.26,4.41,0.0,0.16,0.0,0.1028,30.0,0.0
4823,34.26,8.27,0.0,4.02,0.0,0.1043,30.0,0.0
4824,34.22,8.24,0.0,4.02,0.0,0.1427,30.0,0.0
4825,34.22,9.35,0.0,5.14,0.0,0.1812,30.0,0.0
4826,34.22,8.29,0.0,4.07,0.0,0.2305,30.0,0.0
4827,34.22,10.59,0.0,0.0,12.82,0.2695,10.81,0.0
4828,34.22,10.25,0.0,0.0,0.0,0.1334,23.97,0.0
4829,34.22,1.07,0.0,0.0,3.15,0.1334,30.0,0.0
4830,34.22,7.95,0.0,0.0,0.0,0.1,26.27,0.0
4831,36.17,0.0,23.19,16.65,0.0,0.1,29.63,0.0
4832,38.04,4.72,48.3,0.0,15.03,0.2595,0.0,30.0
4833,39.77,3.99,65.78,0.0,0.0,0.1,0.0,30.0
4834,41.29,0.0,81.08,9.79,0.0,0.1,0.0,30.0
4835,42.53,0.0,63.7,0.0,8.84,0.1938,0.0,30.0
4836,43.46,0.0,96.11,36.1,0.0,0.1,0.0,16.56
4837,44.03,0.0,91.42,47.4,0.0,0.4459,0.0,0.0
4838,44.22,6.36,48.22,0.0,19.64,0.9,0.0,30.0
4839,44.03,0.0,63.61,19.58,0.0,0.6915,0.0,0.0
4840,43.46,0.0,45.63,2.18,0.0,0.8792,0.0,0.0
4841,42.53,3.59,22.8,0.0,0.0,0.9,16.14,0.0
4842,41.29,7.19,0.0,0.0,4.1,0.9,30.0,0.0
4843,39.77,4.84,0.0,0.0,50.0,0.8565,0.0,15.06
4844,38.04,11.26,0.0,0.0,20.03,0.3257,6.76,0.0
4845,36.17,9.48,0.0,3.31,0.0,0.113,30.0,0.0
4846,34.22,0.0,0.0,0.0,4.22,0.1448,30.0,0.0
4847,34.22,6.16,0.0,1.94,0.0,0.1,30.0,0.0
4848,34.18,6.19,0.0,2.01,0.0,0.1186,30.0,0.0
4849,34.18,10.36,0.0,6.19,0.0,0.1379,30.0,0.0
4850,34.18,0.0,0.0,0.0,9.15,0.1972,25.02,0.0
4851,34.18,17.87,0.0,13.21,0.0,0.1,29.52,0.0
4852,34.18,8.65,0.0,4.47,0.0,0.2266,30.0,0.0
4853,34.18,6.06,0.0,0.0,0.0,0.2694,28.11,0.0
4854,34.18,9.27,0.0,0.0,0.0,0.2694,24.91,0.0
4855,36.13,13.01,23.07,0.0,0.0,0.2694,0.04,0.0
4856,38.0,5.91,46.14,0.0,15.96,0.2694,0.0,30.0
4857,39.73,5.38,64.36,0.0,0.0,0.1,0.0,30.0
4858,41.25,1.33,80.92,11.0,0.0,0.1,0.0,30.0
4859,42.49,0.0,89.14,16.65,0.0,0.2054,0.0,30.0
4860,43.42,0.0,93.29,49.87,0.0,0.3649,0.0,0.0
4861,43.98,0.0,73.28,0.0,0.71,0.8428,0.0,30.0
4862,44.18,0.0,80.93,6.75,0.0,0.8353,0.0,30.0
4863,43.98,0.0,65.74,0.0,0.0,0.9,0.0,21.76
4864,43.42,1.99,43.54,0.0,0.0,0.9,0.0,2.12
4865,42.49,0.0,22.97,0.0,49.52,0.9,0.0,30.0
4866,41.25,5.17,0.0,0.0,6.08,0.3743,30.0,0.0
4867,39.73,5.3,0.0,0.0,17.82,0.3097,16.62,0.0
4868,38.0,7.06,0.0,0.0,0.95,0.1205,30.0,0.0
4869,36.13,5.14,0.0,0.0,0.99,0.1105,30.0,0.0
4870,34.18,20.71,0.0,0.83,0.0,0.1,14.3,0.0
4871,34.18,14.01,0.0,0.0,0.0,0.108,20.16,0.0
4872,34.14,3.39,0.0,0.0,0.75,0.108,30.0,0.0
4873,34.14,9.37,0.0,3.35,0.0,0.1,28.12,0.0
4874,34.14,5.47,0.0,1.33,0.0,0.1321,30.0,0.0
4875,34.14,3.13,0.0,0.0,1.01,0.1449,30.0,0.0
4876,34.14,0.92,0.0,0.0,3.22,0.1342,30.0,0.0
4877,34.14,7.26,0.0,2.84,0.0,0.1,29.71,0.0
4878,34.14,1.58,0.0,0.0,2.56,0.1272,30.0,0.0
4879,36.09,7.34,23.49,16.43,0.0,0.1,21.69,0.0
4880,37.96,6.44,46.69,0.0,14.83,0.2575,0.0,30.0
4881,39.69,7.16,67.57,5.04,0.0,0.1,0.0,30.0
4882,41.21,0.0,79.97,8.77,0.0,0.1483,0.0,30.0
4883,42.45,2.37,91.38,21.3,0.0,0.2323,0.0,30.0
4884,43.37,0.0,41.7,0.0,31.68,0.4363,0.0,30.0
4885,43.94,0.0,90.84,46.9,0.0,0.1,0.0,0.0
4886,44.14,0.0,83.02,36.59,0.0,0.5494,0.0,2.3
4887,43.94,8.14,63.28,0.0,0.0,0.9,0.0,27.48
4888,43.37,3.27,44.2,0.0,0.0,0.9,0.0,4.09
4889,42.45,5.96,23.64,0.0,0.0,0.9,12.85,0.0
4890,41.21,0.99,0.0,0.0,50.0,0.9,0.0,9.79
4891,39.69,0.42,0.0,0.0,9.27,0.3692,30.0,0.0
4892,37.96,4.11,0.0,0.0,16.08,0.2707,17.77,0.0
4893,36.09,6.81,0.0,0.73,0.0,0.1,30.0,0.0
4894,34.14,3.58,0.0,0.0,0.56,0.107,30.0,0.0
4895,34.14,8.36,0.0,4.22,0.0,0.101,30.0,0.0
4896,34.1,1.57,0.0,0.0,2.52,0.1415,30.0,0.0
4897,34.1,3.79,0.0,0.0,0.31,0.1147,30.0,0.0
4898,34.1,10.79,0.0,6.7,0.0,0.1114,30.0,0.0
4899,34.1,9.86,0.0,5.76,0.0,0.1756,30.0,0.0
4900,34.1,4.87,0.0,0.78,0.0,0.2308,30.0,0.0
4901,34.1,1.28,0.0,0.0,2.82,0.2382,30.0,0.0
4902,34.1,0.17,0.0,0.0,9.28,0.2083,24.65,0.0
4903,36.05,1.8,21.82,17.58,0.0,0.1098,30.0,0.0
4904,37.92,5.02,46.11,0.0,16.79,0.2782,0.0,30.0
4905,39.65,5.34,64.13,29.82,0.0,0.1,0.0,0.0
4906,41.17,0.0,71.17,0.0,0.0,0.3858,0.0,30.0
4907,42.41,0.0,88.81,16.4,0.0,0.3858,0.0,30.0
4908,43.33,0.0,31.62,0.0,41.72,0.5429,0.0,30.0
4909,43.9,0.0,90.16,46.26,0.0,0.1,0.0,0.0
4910,44.1,0.0,79.81,35.71,0.0,0.5432,0.0,0.0
4911,43.9,6.99,61.44,0.0,5.48,0.8854,0.0,30.0
4912,43.33,5.78,45.15,7.6,0.0,0.8272,0.0,0.0
4913,42.41,4.01,23.14,0.0,45.26,0.9,0.0,30.0
4914,41.17,0.0,0.0,0.0,11.17,0.4195,30.0,0.0
4915,39.65,6.37,0.0,0.0,18.68,0.3009,14.6,0.0
4916,37.92,10.9,0.0,0.0,0.0,0.1026,27.02,0.0
4917,36.05,5.8,0.0,0.0,0.25,0.1026,30.0,0.0
4918,34.1,13.61,0.0,0.0,0.0,0.1,20.49,0.0
4919,34.1,13.78,0.0,0.0,0.0,0.1,20.31,0.0
4920,34.06,15.49,0.0,0.0,0.0,0.1,18.57,0.0
4921,34.06,9.72,0.0,0.0,0.0,0.1,24.34,0.0
4922,34.06,10.47,0.0,0.0,0.0,0.1,23.58,0.0
4923,34.06,13.24,0.0,8.23,0.0,0.1,29.05,0.0
4924,34.06,8.38,0.0,4.32,0.0,0.1789,30.0,0.0
4925,34.06,3.45,0.0,0.0,0.61,0.2203,30.0,0.0
4926,34.06,2.59,0.0,0.0,1.46,0.2138,30.0,0.0
4927,36.01,4.37,22.1,20.46,0.0,0.1982,30.0,0.0
4928,37.88,0.0,43.59,0.0,24.29,0.3943,0.0,30.0
4929,39.61,0.93,65.26,0.0,3.43,0.1364,0.0,30.0
4930,41.13,5.41,78.8,13.08,0.0,0.1,0.0,30.0
4931,42.37,0.0,91.69,19.32,0.0,0.2253,0.0,30.0
4932,43.29,6.66,94.01,36.43,0.0,0.4104,0.0,20.95
4933,43.86,0.0,23.86,0.0,50.0,0.7595,0.0,30.0
4934,44.06,0.0,81.54,37.48,0.0,0.2286,0.0,0.0
4935,43.86,3.77,66.3,26.21,0.0,0.5878,0.0,0.0
4936,43.29,2.39,47.28,6.38,0.0,0.8389,0.0,0.0
4937,42.37,8.47,24.03,0.0,39.87,0.9,0.0,30.0
4938,41.13,8.52,0.0,0.0,2.6,0.4767,30.0,0.0
4939,39.61,0.0,0.0,0.0,9.61,0.4491,30.0,0.0
4940,37.88,8.96,0.0,0.0,23.27,0.3471,5.66,0.0
4941,36.01,6.53,0.0,0.0,0.0,0.1,29.48,0.0
4942,34.06,8.38,0.0,4.33,0.0,0.1,30.0,0.0
4943,34.06,5.44,0.0,1.38,0.0,0.1415,30.0,0.0
4944,34.02,15.86,0.0,11.85,0.0,0.1547,30.0,0.0
4945,34.02,12.79,0.0,0.33,0.0,0.2682,21.55,0.0
4946,34.02,5.0,0.0,0.0,0.0,0.2713,29.02,0.0
4947,34.02,1.88,0.0,0.0,2.14,0.2713,30.0,0.0
4948,34.02,4.95,0.0,0.0,0.0,0.2486,29.06,0.0
4949,34.02,7.35,0.0,0.0,0.0,0.2486,26.67,0.0
4950,34.02,5.47,0.0,1.46,0.0,0.2486,30.0,0.0
4951,35.97,8.6,22.15,0.0,0.0,0.2626,5.22,0.0
4952,37.84,5.68,46.85,0.0,15.31,0.2626,0.0,30.0
4953,39.57,5.57,67.69,3.68,0.0,0.1,0.0,30.0
4954,41.09,2.24,82.83,13.99,0.0,0.1353,0.0,30.0
4955,42.33,0.0,90.7,18.37,0.0,0.2693,0.0,30.0
4956,43.25,0.0,91.75,18.5,0.0,0.4454,0.0,30.0
4957,43.82,4.87,89.26,28.95,0.0,0.6226,0.0,21.35
4958,44.02,0.0,52.08,0.0,21.93,0.9,0.0,30.0
4959,43.82,3.63,63.12,22.93,0.0,0.6672,0.0,0.0
4960,43.25,1.09,43.54,1.37,0.0,0.8869,0.0,0.0
4961,42.33,0.0,22.71,0.0,49.62,0.9,0.0,30.0
4962,41.09,3.97,0.0,0.0,18.98,0.3731,18.14,0.0
4963,39.57,6.83,0.0,0.0,2.74,0.1717,30.0,0.0
4964,37.84,3.83,0.0,0.0,4.01,0.1426,30.0,0.0
4965,35.97,6.43,0.0,0.0,0.0,0.1,29.54,0.0
4966,34.02,4.17,0.0,0.0,0.0,0.1,29.84,0.0
4967,34.02,13.12,0.0,0.0,0.0,0.1,20.9,0.0
4968,33.98,7.43,0.0,0.0,0.0,0.1,26.55,0.0
4969,33.98,14.53,0.0,0.0,0.0,0.1,19.45,0.0
4970,33.98,14.43,0.0,9.47,0.0,0.1,29.02,0.0
4971,33.98,7.1,0.0,3.12,0.0,0.1908,30.0,0.0
4972,33.98,2.4,0.0,0.0,1.58,0.2207,30.0,0.0
4973,33.98,0.0,0.0,0.0,3.98,0.204,30.0,0.0
4974,33.98,0.0,0.0,0.0,3.98,0.1618,30.0,0.0
4975,35.93,0.0,22.3,16.37,0.0,0.1195,30.0,0.0
4976,37.8,8.15,47.25,0.0,12.41,0.2764,0.0,30.0
4977,39.53,2.06,63.27,0.0,4.21,0.1447,0.0,30.0
4978,41.05,2.53,80.1,11.59,0.0,0.1,0.0,30.0
4979,42.29,0.0,89.09,16.8,0.0,0.211,0.0,30.0
4980,43.22,0.0,47.6,0.0,25.62,0.372,0.0,30.0
4981,43.78,4.18,88.25,48.65,0.0,0.1,0.0,0.0
4982,43.98,2.11,79.85,12.99,0.0,0.5661,0.0,24.99
4983,43.78,0.97,64.67,21.85,0.0,0.6906,0.0,0.0
4984,43.22,4.78,46.2,0.0,0.0,0.9,0.0,7.76
4985,42.29,10.21,20.19,0.0,0.0,0.9,11.89,0.0
4986,41.05,3.59,0.0,0.0,7.46,0.9,30.0,0.0
4987,39.53,5.87,0.0,0.0,17.89,0.8208,15.77,0.0
4988,37.8,7.38,0.0,0.0,50.0,0.6308,0.0,19.57
4989,35.93,17.35,0.0,11.42,0.0,0.1,30.0,0.0
4990,33.98,0.0,0.0,0.0,10.31,0.2094,23.67,0.0
4991,33.98,11.34,0.0,0.0,0.0,0.1,22.64,0.0
4992,33.94,8.2,0.0,4.27,0.0,0.1,30.0,0.0
4993,33.94,10.89,0.0,0.0,3.85,0.1409,19.2,0.0
4994,33.94,5.4,0.0,0.0,0.0,0.1,28.54,0.0
4995,33.94,7.26,0.0,0.0,0.0,0.1,26.67,0.0
4996,33.94,9.56,0.0,0.0,0.0,0.1,24.38,0.0
4997,33.94,18.51,0.0,5.12,0.0,0.1,20.55,0.0
4998,33.94,7.88,0.0,3.95,0.0,0.149,30.0,0.0
4999,35.89,0.0,24.52,18.63,0.0,0.1869,30.0,0.0
5000,37.76,0.71,45.09,0.0,21.96,0.3654,0.0,30.0
5001,39.49,0.0,66.46,0.0,3.03,0.1322,0.0,30.0
5002,41.01,0.0,78.6,37.59,0.0,0.1,0.0,0.0
5003,42.25,0.0,38.32,0.0,33.93,0.4602,0.0,30.0
5004,43.18,3.43,93.12,23.37,0.0,0.1,0.0,30.0
5005,43.75,0.0,89.3,15.56,0.0,0.324,0.0,30.0
5006,43.94,5.29,81.1,21.1,0.0,0.473,0.0,21.36
5007,43.75,3.63,63.58,23.46,0.0,0.6752,0.0,0.0
5008,43.18,0.0,44.85,0.0,0.0,0.9,0.0,1.67
5009,42.25,2.88,20.51,0.0,0.0,0.9,18.86,0.0
5010,41.01,11.16,0.0,0.0,50.0,0.9,0.0,20.15
5011,39.49,8.65,0.0,0.0,24.23,0.3692,6.61,0.0
5012,37.76,6.64,0.0,0.0,1.12,0.1119,30.0,0.0
5013,35.89,6.48,0.0,0.59,0.0,0.1,30.0,0.0
5014,33.94,8.44,0.0,1.25,0.0,0.1057,26.74,0.0
5015,33.94,6.42,0.0,2.48,0.0,0.1176,30.0,0.0
5016,33.9,0.0,0.0,0.0,3.9,0.1414,30.0,0.0
5017,33.9,17.03,0.0,0.0,0.0,0.1,16.87,0.0
5018,33.9,8.8,0.0,0.0,0.0,0.1,25.1,0.0
5019,33.9,9.15,0.0,3.97,0.0,0.1,28.72,0.0
5020,33.9,6.4,0.0,2.5,0.0,0.138,30.0,0.0
5021,33.9,2.59,0.0,0.0,1.31,0.162,30.0,0.0
5022,33.9,3.8,0.0,0.0,0.1,0.1481,30.0,0.0
5023,35.85,0.0,21.76,15.91,0.0,0.147,30.0,0.0
5024,37.73,11.93,42.89,0.0,12.9,0.2995,0.0,30.0
5025,39.45,0.0,63.57,0.0,5.89,0.1625,0.0,30.0
5026,40.97,0.0,80.42,9.45,0.0,0.1,0.0,30.0
5027,42.21,0.0,87.77,15.56,0.0,0.1905,0.0,30.0
5028,43.14,0.0,50.57,0.0,22.57,0.3396,0.0,30.0
5029,43.71,0.62,89.41,17.79,0.0,0.1,0.0,28.54
5030,43.9,0.0,80.84,36.94,0.0,0.2704,0.0,0.0
5031,43.71,6.83,65.63,28.76,0.0,0.6244,0.0,0.0
5032,43.14,5.52,44.94,0.0,0.0,0.9,0.0,7.33
5033,42.21,5.73,20.35,0.0,0.0,0.9,16.14,0.0
5034,40.97,7.53,0.0,0.0,3.44,0.9,30.0,0.0
5035,39.45,15.56,0.0,0.0,20.72,0.8635,3.18,0.0
5036,37.73,15.69,0.0,0.0,50.0,0.6436,0.0,27.97
5037,35.85,4.65,0.0,0.0,1.2,0.1127,30.0,0.0
5038,33.9,14.88,0.0,10.99,0.0,0.1,30.0,0.0
5039,33.9,10.16,0.0,6.26,0.0,0.2053,30.0,0.0
5040,33.86,10.81,0.0,0.0,13.29,0.2652,9.76,0.0
5041,33.86,1.59,0.0,0.0,2.27,0.1241,30.0,0.0
5042,33.86,7.48,0.0,3.62,0.0,0.1,30.0,0.0
5043,33.86,4.16,0.0,0.0,3.27,0.1347,26.43,0.0
5044,33.86,10.1,0.0,0.0,0.0,0.1,23.76,0.0
5045,33.86,10.11,0.0,5.95,0.0,0.1,29.7,0.0
5046,33.86,0.0,0.0,0.0,3.86,0.157,30.0,0.0
5047,35.81,3.44,24.44,22.06,0.0,0.116,30.0,0.0
5048,37.69,7.18,44.1,0.0,16.42,0.3274,0.0,30.0
5049,39.42,0.9,63.51,0.0,5.01,0.1532,0.0,30.0
5050,40.93,2.34,79.45,10.86,0.0,0.1,0.0,30.0
5051,42.17,2.05,89.8,49.67,0.0,0.2041,0.0,0.0
5052,43.1,1.87,94.18,22.96,0.0,0.68,0.0,30.0
5053,43.67,0.0,41.89,0.0,31.78,0.9,0.0,30.0
5054,43.86,0.0,79.07,35.21,0.0,0.5626,0.0,0.0
5055,43.67,0.0,64.87,0.0,6.05,0.9,0.0,27.25
5056,43.1,5.47,44.34,6.71,0.0,0.8357,0.0,0.0
5057,42.17,3.61,20.07,0.0,0.0,0.9,18.5,0.0
5058,40.93,4.03,0.0,0.0,18.23,0.9,18.68,0.0
5059,39.42,3.92,0.0,0.0,5.5,0.7064,30.0,0.0
5060,37.69,5.41,0.0,0.0,50.0,0.648,0.0,17.72
5061,35.81,11.87,0.0,6.06,0.0,0.1172,30.0,0.0
5062,33.86,6.8,0.0,2.94,0.0,0.1752,30.0,0.0
5063,33.86,3.04,0.0,0.0,0.82,0.2034,30.0,0.0
5064,33.82,11.86,0.0,8.03,0.0,0.1947,30.0,0.0
5065,33.82,7.79,0.0,3.96,0.0,0.2717,30.0,0.0
5066,33.82,8.35,0.0,4.53,0.0,0.3097,30.0,0.0
5067,33.82,14.22,0.0,0.0,19.6,0.3531,0.0,0.0
5068,33.82,6.62,0.0,2.8,0.0,0.145,30.0,0.0
5069,33.82,6.9,0.0,3.08,0.0,0.1718,30.0,0.0
5070,33.82,0.0,0.0,0.0,3.82,0.2013,30.0,0.0
5071,35.77,2.65,23.72,20.59,0.0,0.1607,30.0,0.0
5072,37.65,5.09,43.71,0.0,18.85,0.358,0.0,30.0
5073,39.38,0.0,63.92,0.0,5.46,0.1579,0.0,30.0
5074,40.89,1.88,79.33,10.32,0.0,0.1,0.0,30.0
5075,42.14,1.05,89.43,18.34,0.0,0.1988,0.0,30.0
5076,43.06,0.66,94.13,43.29,0.0,0.3746,0.0,8.44
5077,43.63,4.93,18.7,0.0,50.0,0.7894,0.0,30.0
5078,43.82,2.43,78.11,36.71,0.0,0.2585,0.0,0.0
5079,43.63,7.83,66.04,30.23,0.0,0.6103,0.0,0.0
5080,43.06,0.0,42.95,0.0,0.0,0.9,0.11,0.0
5081,42.14,4.12,23.81,0.0,0.0,0.9,14.2,0.0
5082,40.89,4.98,0.0,0.0,50.0,0.9,0.0,14.09
5083,39.38,1.27,0.0,0.0,25.35,0.3692,12.75,0.0
5084,37.65,10.67,0.0,0.0,0.0,0.1,26.98,0.0
5085,35.77,17.19,0.0,11.42,0.0,0.1,30.0,0.0
5086,33.82,8.15,0.0,4.33,0.0,0.2094,30.0,0.0
5087,33.82,10.73,0.0,6.9,0.0,0.2509,30.0,0.0
5088,33.78,9.16,0.0,5.38,0.0,0.3171,30.0,0.0
5089,33.78,5.71,0.0,0.0,0.0,0.3686,28.07,0.0
5090,33.78,0.71,0.0,0.0,3.07,0.3686,30.0,0.0
5091,33.78,4.67,0.0,0.89,0.0,0.3359,30.0,0.0
5092,33.78,0.97,0.0,0.0,23.02,0.3444,9.79,0.0
5093,33.78,12.8,0.0,1.78,0.0,0.1,22.77,0.0
5094,33.78,4.19,0.0,0.41,0.0,0.1171,30.0,0.0
5095,35.74,2.16,23.65,20.08,0.0,0.121,30.0,0.0
5096,37.61,6.28,46.02,0.0,15.32,0.3133,0.0,30.0
5097,39.34,0.0,64.56,0.0,4.78,0.1507,0.0,30.0
5098,40.86,0.0,77.38,6.52,0.0,0.1,0.0,30.0
5099,42.1,0.0,66.21,0.0,5.89,0.1625,0.0,30.0
5100,43.02,4.79,92.95,50.0,0.0,0.1,0.0,4.71
5101,43.59,2.74,87.95,33.49,0.0,0.5791,0.0,13.61
5102,43.78,2.11,42.92,0.0,28.75,0.9,0.0,30.0
5103,43.59,2.06,65.58,24.04,0.0,0.5947,0.0,0.0
5104,43.02,4.25,46.59,7.82,0.0,0.8251,0.0,0.0
5105,42.1,4.43,24.32,0.0,43.35,0.9,0.0,30.0
5106,40.86,0.4,0.0,0.0,10.46,0.4398,30.0,0.0
5107,39.34,5.93,0.0,0.0,3.41,0.3288,30.0,0.0
5108,37.61,2.29,0.0,0.0,18.14,0.2926,17.18,0.0
5109,35.74,7.93,0.0,2.2,0.0,0.1,30.0,0.0
5110,33.78,6.26,0.0,2.48,0.0,0.1211,30.0,0.0
5111,33.78,19.19,0.0,15.41,0.0,0.1448,30.0,0.0
5112,33.75,8.68,0.0,4.93,0.0,0.2924,30.0,0.0
5113,33.75,2.89,0.0,0.0,0.86,0.3397,30.0,0.0
5114,33.75,7.73,0.0,3.99,0.0,0.3305,30.0,0.0
5115,33.75,9.78,0.0,6.04,0.0,0.3687,30.0,0.0
5116,33.75,13.71,0.0,3.99,0.0,0.4266,24.03,0.0
5117,33.75,3.33,0.0,0.0,30.42,0.4648,0.0,0.0
5118,33.75,0.0,0.0,0.0,3.75,0.1419,30.0,0.0
5119,35.7,7.01,22.24,23.55,0.0,0.1021,30.0,0.0
5120,37.57,0.0,46.11,0.0,21.46,0.3278,0.0,30.0
5121,39.3,0.0,64.25,24.95,0.0,0.1,0.0,0.0
5122,40.82,0.05,80.6,9.83,0.0,0.339,0.0,30.0
5123,42.06,0.41,88.21,16.56,0.0,0.4332,0.0,30.0
5124,42.99,3.41,90.42,24.41,0.0,0.5919,0.0,26.43
5125,43.55,0.0,23.55,0.0,50.0,0.8259,0.0,30.0
5126,43.75,0.0,78.18,34.43,0.0,0.295,0.0,0.0
5127,43.55,1.71,63.88,22.04,0.0,0.6249,0.0,0.0
5128,42.99,3.25,46.41,6.67,0.0,0.8361,0.0,0.0
5129,42.06,4.03,23.39,0.0,0.0,0.9,14.63,0.0
5130,40.82,6.51,0.0,0.0,50.0,0.9,0.0,15.69
5131,39.3,9.27,0.0,0.0,0.03,0.3692,30.0,0.0
5132,37.57,8.4,0.0,0.0,11.26,0.3688,17.92,0.0
5133,35.7,9.51,0.0,3.81,0.0,0.2493,30.0,0.0
5134,33.75,1.73,0.0,0.0,2.01,0.2858,30.0,0.0
5135,33.75,8.91,0.0,0.0,0.0,0.2644,24.84,0.0
5136,33.71,10.87,0.0,7.16,0.0,0.2644,30.0,0.0
5137,33.71,11.76,0.0,0.0,21.95,0.333,0.0,0.0
5138,33.71,5.46,0.0,1.75,0.0,0.1,30.0,0.0
5139,33.71,4.94,0.0,1.23,0.0,0.1167,30.0,0.0
5140,33.71,4.43,0.0,0.72,0.0,0.1285,30.0,0.0
5141,33.71,8.03,0.0,4.32,0.0,0.1354,30.0,0.0
5142,33.71,9.02,0.0,0.0,0.0,0.1768,24.69,0.0
5143,35.66,1.98,21.55,11.86,0.0,0.1768,23.99,0.0
5144,37.54,6.43,43.57,0.0,17.54,0.2905,0.0,30.0
5145,39.27,2.32,66.55,0.0,0.4,0.1042,0.0,30.0
5146,40.78,0.63,77.76,7.61,0.0,0.1,0.0,30.0
5147,42.02,0.0,89.92,17.9,0.0,0.1729,0.0,30.0
5148,42.95,3.69,93.51,50.0,0.0,0.3444,0.0,4.25
5149,43.52,2.08,38.9,0.0,32.53,0.8235,0.0,30.0
5150,43.71,10.58,77.16,44.03,0.0,0.4782,0.0,0.0
5151,43.52,0.0,63.93,0.0,0.0,0.9,0.0,20.41
5152,42.95,4.81,45.98,0.0,0.0,0.9,0.0,7.84
5153,42.02,1.47,20.73,0.0,0.0,0.9,19.83,0.0
5154,40.78,1.14,0.0,0.0,11.46,0.9,28.18,0.0
5155,39.27,5.77,0.0,0.0,3.5,0.7783,30.0,0.0
5156,37.54,7.38,0.0,0.0,50.0,0.7412,0.0,19.84
5157,35.66,19.76,0.0,14.1,0.0,0.2103,30.0,0.0
5158,33.71,7.56,0.0,0.0,0.0,0.3454,26.15,0.0
5159,33.71,4.06,0.0,0.35,0.0,0.3454,30.0,0.0
5160,33.67,10.05,0.0,6.38,0.0,0.3487,30.0,0.0
5161,33.67,0.18,0.0,0.0,3.49,0.4098,30.0,0.0
5162,33.67,7.98,0.0,0.0,25.69,0.3728,0.0,0.0
5163,33.67,7.77,0.0,3.56,0.0,0.1,29.46,0.0
5164,33.67,10.14,0.0,6.47,0.0,0.1341,30.0,0.0
5165,33.67,9.88,0.0,6.21,0.0,0.196,30.0,0.0
5166,33.67,2.69,0.0,0.0,0.98,0.2555,30.0,0.0
5167,35.62,3.08,21.46,18.92,0.0,0.2451,30.0,0.0
5168,37.5,0.0,43.55,0.0,23.95,0.4263,0.0,30.0
5169,39.23,0.0,62.45,0.0,6.78,0.172,0.0,30.0
5170,40.74,2.47,78.67,10.4,0.0,0.1,0.0,30.0
5171,41.99,0.0,68.57,0.0,3.42,0.1996,0.0,30.0
5172,42.91,0.0,91.44,18.53,0.0,0.1634,0.0,30.0
5173,43.48,0.0,89.88,46.4,0.0,0.3409,0.0,0.0
5174,43.67,3.46,81.1,10.89,0.0,0.7855,0.0,30.0
5175,43.48,9.31,65.23,1.05,0.0,0.8899,0.0,30.0
5176,42.91,0.0,42.98,0.0,0.0,0.9,0.0,0.06
5177,41.99,0.0,23.74,0.0,48.25,0.9,0.0,30.0
5178,40.74,4.26,0.0,0.0,12.46,0.3877,24.02,0.0
5179,39.23,5.91,0.0,0.0,3.32,0.2554,30.0,0.0
5180,37.5,7.75,0.0,0.0,0.0,0.2202,29.75,0.0
5181,35.62,5.86,0.0,0.23,0.0,0.2202,30.0,0.0
5182,33.67,7.53,0.0,3.86,0.0,0.2224,30.0,0.0
5183,33.67,10.3,0.0,6.63,0.0,0.2594,30.0,0.0
5184,33.64,13.27,0.0,9.63,0.0,0.3229,30.0,0.0
5185,33.64,0.72,0.0,0.0,2.92,0.4152,30.0,0.0
5186,33.64,6.87,0.0,0.0,26.76,0.3841,0.0,0.0
5187,33.64,8.63,0.0,0.62,0.0,0.1,25.62,0.0
5188,33.64,3.08,0.0,0.0,0.56,0.1059,30.0,0.0
5189,33.64,13.06,0.0,4.53,0.0,0.1,25.11,0.0
5190,33.64,2.18,0.0,0.0,1.46,0.1434,30.0,0.0
5191,35.59,3.57,23.04,21.02,0.0,0.1279,30.0,0.0
5192,37.46,5.05,43.88,0.0,18.54,0.3293,0.0,30.0
5193,39.19,0.0,66.13,0.0,3.06,0.1325,0.0,30.0
5194,40.71,0.0,79.63,8.92,0.0,0.1,0.0,30.0
5195,41.95,0.0,63.9,0.0,8.05,0.1854,0.0,30.0
5196,42.88,4.94,92.78,50.0,0.0,0.1,0.0,4.84
5197,43.44,0.0,45.44,0.0,28.0,0.5791,0.0,30.0
5198,43.64,0.0,79.41,35.77,0.0,0.2818,0.0,0.0
5199,43.44,5.72,65.4,27.67,0.0,0.6245,0.0,0.0
5200,42.88,1.37,42.58,1.08,0.0,0.8897,0.0,0.0
5201,41.95,1.63,23.28,0.0,0.0,0.9,17.04,0.0
5202,40.71,5.43,0.0,0.0,5.28,0.9,30.0,0.0
5203,39.19,9.08,0.0,0.0,0.11,0.844,30.0,0.0
5204,37.46,16.75,0.0,0.0,49.53,0.8428,0.0,28.82
5205,35.59,11.17,0.0,0.0,0.0,0.3169,24.42,0.0
5206,33.64,13.21,0.0,0.0,20.43,0.3169,0.0,0.0
5207,33.64,6.72,0.0,3.08,0.0,0.1,30.0,0.0
5208,33.6,4.75,0.0,0.0,0.0,0.1295,28.86,0.0
5209,33.6,9.11,0.0,0.0,0.0,0.1295,24.49,0.0
5210,33.6,8.89,0.0,0.0,0.0,0.1295,24.72,0.0
5211,33.6,3.31,0.0,0.0,2.78,0.1295,27.51,0.0
5212,33.6,6.2,0.0,0.0,0.0,0.1,27.4,0.0
5213,33.6,7.58,0.0,1.59,0.0,0.1,27.61,0.0
5214,33.6,6.35,0.0,2.75,0.0,0.1152,30.0,0.0
5215,35.55,5.87,21.14,21.46,0.0,0.1415,30.0,0.0
5216,37.43,3.99,45.43,0.0,18.01,0.3471,0.0,30.0
5217,39.16,0.0,63.89,0.0,5.26,0.1559,0.0,30.0
5218,40.67,0.0,76.86,6.19,0.0,0.1,0.0,30.0
5219,41.92,0.0,89.33,17.42,0.0,0.1593,0.0,30.0
5220,42.84,8.1,90.03,50.0,0.0,0.3262,0.0,5.29
5221,43.41,0.0,48.59,0.0,24.82,0.8053,0.0,30.0
5222,43.6,0.33,80.66,37.39,0.0,0.5418,0.0,0.0
5223,43.41,0.0,58.41,0.0,15.0,0.9,0.0,30.0
5224,42.84,14.94,44.52,16.62,0.0,0.7407,0.0,0.0
5225,41.92,0.0,23.31,0.0,0.0,0.9,18.6,0.0
5226,40.67,3.08,0.0,0.0,50.0,0.9,0.0,12.4
5227,39.16,7.65,0.0,0.0,1.51,0.3692,30.0,0.0
5228,37.43,9.41,0.0,0.0,23.84,0.3531,4.17,0.0
5229,35.55,11.75,0.0,6.2,0.0,0.1,30.0,0.0
5230,33.6,15.93,0.0,12.33,0.0,0.1594,30.0,0.0
5231,33.6,10.95,0.0,7.35,0.0,0.2775,30.0,0.0
5232,33.57,4.66,0.0,1.1,0.0,0.348,30.0,0.0
5233,33.57,7.83,0.0,4.27,0.0,0.3585,30.0,0.0
5234,33.57,9.76,0.0,6.19,0.0,0.3994,30.0,0.0
5235,33.57,16.39,0.0,0.66,0.0,0.4587,17.83,0.0
5236,33.57,1.17,0.0,0.0,32.39,0.465,0.0,0.0
5237,33.57,10.95,0.0,7.38,0.0,0.1211,30.0,0.0
5238,33.57,5.64,0.0,2.07,0.0,0.1918,30.0,0.0
5239,35.52,7.29,19.98,21.75,0.0,0.2117,30.0,0.0
5240,37.39,2.4,41.82,0.0,23.18,0.4201,0.0,30.0
5241,39.12,0.0,62.14,0.0,6.98,0.1741,0.0,30.0
5242,40.64,4.42,78.72,12.5,0.0,0.1,0.0,30.0
5243,41.88,3.6,85.56,17.28,0.0,0.2197,0.0,30.0
5244,42.8,0.0,46.14,0.0,26.66,0.3853,0.0,30.0
5245,43.37,0.84,89.64,47.1,0.0,0.1023,0.0,0.0
5246,43.57,0.0,79.72,36.15,0.0,0.5536,0.0,0.0
5247,43.37,0.0,61.12,0.0,8.28,0.9,0.0,26.03
5248,42.8,6.22,45.76,9.17,0.0,0.8121,0.0,0.0
5249,41.88,5.58,22.19,0.0,9.41,0.9,4.71,0.0
5250,40.64,0.89,0.0,0.0,9.74,0.8001,30.0,0.0
5251,39.12,3.73,0.0,0.0,50.0,0.6967,0.0,14.61
5252,37.39,5.03,0.0,0.0,2.36,0.1658,30.0,0.0
5253,35.52,1.68,0.0,0.0,3.84,0.1407,30.0,0.0
5254,33.57,5.09,0.0,1.53,0.0,0.1,30.0,0.0
5255,33.57,4.2,0.0,0.0,0.0,0.1146,29.37,0.0
5256,33.53,7.37,0.0,0.0,0.0,0.1146,26.16,0.0
5257,33.53,5.88,0.0,2.35,0.0,0.1146,30.0,0.0
5258,33.53,1.78,0.0,0.0,3.5,0.1371,28.25,0.0
5259,33.53,16.25,0.0,12.71,0.0,0.1,30.0,0.0
5260,33.53,12.2,0.0,0.0,0.0,0.2218,21.33,0.0
5261,33.53,2.78,0.0,0.0,8.35,0.2218,22.4,0.0
5262,33.53,6.06,0.0,2.53,0.0,0.1332,30.0,0.0
5263,35.48,5.59,19.98,20.09,0.0,0.1575,30.0,0.0
5264,37.36,7.8,42.64,0.0,16.92,0.3499,0.0,30.0
5265,39.09,0.0,62.47,0.0,6.62,0.1703,0.0,30.0
5266,40.6,5.87,77.49,12.76,0.0,0.1,0.0,30.0
5267,41.85,0.0,87.87,16.02,0.0,0.2223,0.0,30.0
5268,42.77,0.0,89.9,47.13,0.0,0.3758,0.0,0.0
5269,43.34,0.0,23.34,0.0,50.0,0.8274,0.0,30.0
5270,43.53,6.69,77.77,29.36,0.0,0.2965,0.0,11.57
5271,43.34,12.73,62.92,32.31,0.0,0.5779,0.0,0.0
5272,42.77,0.0,44.07,1.3,0.0,0.8875,0.0,0.0
5273,41.85,6.76,20.1,0.0,0.0,0.9,14.99,0.0
5274,40.6,3.24,0.0,0.0,16.06,0.9,21.31,0.0
5275,39.09,9.25,0.0,0.0,50.0,0.7295,0.0,20.17
5276,37.36,0.91,0.0,0.0,6.44,0.1987,30.0,0.0
5277,35.48,2.63,0.0,0.0,2.85,0.1302,30.0,0.0
5278,33.53,5.31,0.0,1.78,0.0,0.1,30.0,0.0
5279,33.53,9.26,0.0,0.0,0.0,0.117,24.27,0.0
5280,33.5,6.46,0.0,0.0,0.0,0.117,27.03,0.0
5281,33.5,11.71,0.0,8.21,0.0,0.117,30.0,0.0
5282,33.5,12.82,0.0,0.0,0.0,0.1957,20.68,0.0
5283,33.5,10.39,0.0,0.0,0.0,0.1957,23.1,0.0
5284,33.5,13.76,0.0,0.0,0.0,0.1957,19.74,0.0
5285,33.5,7.77,0.0,4.28,0.0,0.1957,30.0,0.0
5286,33.5,0.0,0.0,0.0,9.16,0.2367,24.33,0.0
5287,35.45,9.55,19.1,23.21,0.0,0.1394,30.0,0.0
5288,37.32,0.4,42.26,0.0,24.66,0.3618,0.0,30.0
5289,39.05,5.82,65.29,2.06,0.0,0.1,0.0,30.0
5290,40.57,7.91,79.83,17.17,0.0,0.1197,0.0,30.0
5291,41.81,2.87,86.99,18.05,0.0,0.2843,0.0,30.0
5292,42.73,0.0,39.09,0.0,33.65,0.4572,0.0,30.0
5293,43.3,0.0,86.12,18.72,0.0,0.1,0.0,24.09
5294,43.5,6.87,77.85,41.22,0.0,0.2794,0.0,0.0
5295,43.3,1.35,65.51,23.55,0.0,0.6744,0.0,0.0
5296,42.73,3.24,41.51,0.0,0.0,0.9,0.0,2.01
5297,41.81,7.05,20.24,0.0,0.0,0.9,14.52,0.0
5298,40.57,7.86,0.0,0.0,24.21,0.9,8.49,0.0
5299,39.05,7.2,0.0,0.0,50.0,0.6429,0.0,18.15
5300,37.32,6.18,0.0,0.0,1.14,0.1121,30.0,0.0
5301,35.45,6.61,0.0,0.0,0.0,0.1,28.84,0.0
5302,33.5,12.12,0.0,0.0,0.0,0.1,21.38,0.0
5303,33.5,11.27,0.0,0.0,0.0,0.1,22.22,0.0
5304,33.46,8.1,0.0,0.0,0.0,0.1,25.36,0.0
5305,33.46,13.51,0.0,0.0,0.0,0.1,19.96,0.0
5306,33.46,8.07,0.0,2.67,0.0,0.1,28.06,0.0
5307,33.46,4.42,0.0,0.96,0.0,0.1256,30.0,0.0
5308,33.46,3.95,0.0,0.49,0.0,0.1348,30.0,0.0
5309,33.46,2.04,0.0,0.0,1.42,0.1395,30.0,0.0
5310,33.46,3.89,0.0,0.43,0.0,0.1244,30.0,0.0
5311,35.41,9.06,22.31,25.96,0.0,0.1285,30.0,0.0
5312,37.29,0.0,46.28,0.0,21.01,0.3772,0.0,30.0
5313,39.02,2.87,61.05,0.0,5.1,0.1541,0.0,30.0
5314,40.53,0.0,79.5,8.97,0.0,0.1,0.0,30.0
5315,41.78,0.0,85.47,13.69,0.0,0.1859,0.0,30.0
5316,42.7,0.0,88.84,46.14,0.0,0.3172,0.0,0.0
5317,43.27,0.1,25.19,0.0,47.97,0.7592,0.0,30.0
5318,43.46,0.63,80.07,37.24,0.0,0.2499,0.0,0.0
5319,43.27,4.33,63.75,24.81,0.0,0.6068,0.0,0.0
5320,42.7,3.87,44.62,5.8,0.0,0.8445,0.0,0.0
5321,41.78,0.0,21.36,0.0,50.0,0.9,0.0,29.59
5322,40.53,9.51,0.0,0.0,23.3,0.3692,7.72,0.0
5323,39.02,6.96,0.0,0.0,2.05,0.1218,30.0,0.0
5324,37.29,7.91,0.0,0.0,0.0,0.1,29.37,0.0
5325,35.41,7.91,0.0,2.5,0.0,0.1,30.0,0.0
5326,33.46,6.46,0.0,3.0,0.0,0.124,30.0,0.0
5327,33.46,9.93,0.0,6.46,0.0,0.1527,30.0,0.0
5328,33.43,11.18,0.0,0.0,0.0,0.2146,22.25,0.0
5329,33.43,1.83,0.0,0.0,1.6,0.2146,30.0,0.0
5330,33.43,6.42,0.0,0.0,0.0,0.1977,27.01,0.0
5331,33.43,6.94,0.0,3.51,0.0,0.1977,30.0,0.0
5332,33.43,8.2,0.0,4.77,0.0,0.2313,30.0,0.0
5333,33.43,11.08,0.0,7.65,0.0,0.277,30.0,0.0
5334,33.43,1.87,0.0,0.0,10.29,0.3503,21.28,0.0
5335,35.38,1.93,19.55,16.1,0.0,0.2411,30.0,0.0
5336,37.25,0.87,44.14,0.0,22.25,0.3954,0.0,30.0
5337,38.98,0.0,63.41,0.0,5.58,0.1592,0.0,30.0
5338,40.5,0.04,74.68,34.22,0.0,0.1,0.0,0.0
5339,41.74,4.26,86.76,49.27,0.0,0.4279,0.0,0.0
5340,42.67,0.0,22.67,0.0,50.0,0.9,0.0,30.0
5341,43.24,2.84,85.02,44.62,0.0,0.3692,0.0,0.0
5342,43.43,0.0,74.98,1.55,0.0,0.7967,0.0,30.0
5343,43.24,0.0,63.52,4.88,0.0,0.8115,0.0,15.4
5344,42.67,1.63,45.39,4.35,0.0,0.8583,0.0,0.0
5345,41.74,10.93,23.61,0.0,9.11,0.9,0.0,1.91
5346,40.5,3.93,0.0,0.0,50.0,0.8032,0.0,13.43
5347,38.98,0.0,0.0,0.0,8.98,0.2724,30.0,0.0
5348,37.25,0.0,0.0,0.0,7.25,0.177,30.0,0.0
5349,35.38,8.14,0.0,2.76,0.0,0.1,30.0,0.0
5350,33.43,11.2,0.0,0.0,0.0,0.1264,22.23,0.0
5351,33.43,10.62,0.0,0.0,0.0,0.1264,22.81,0.0
5352,33.39,9.95,0.0,6.55,0.0,0.1264,30.0,0.0
5353,33.39,13.93,0.0,0.85,0.0,0.1892,20.32,0.0
5354,33.39,6.46,0.0,3.07,0.0,0.1974,30.0,0.0
5355,33.39,11.75,0.0,8.35,0.0,0.2268,30.0,0.0
5356,33.39,0.42,0.0,0.0,2.98,0.3068,30.0,0.0
5357,33.39,2.43,0.0,0.0,0.96,0.2752,30.0,0.0
5358,33.39,0.0,0.0,0.0,3.39,0.265,30.0,0.0
5359,35.35,2.9,20.88,18.43,0.0,0.229,30.0,0.0
5360,37.22,2.85,41.71,0.0,22.66,0.4056,0.0,30.0
5361,38.95,2.65,60.17,0.0,6.12,0.165,0.0,30.0
5362,40.47,1.78,76.0,37.32,0.0,0.1,0.0,0.0
5363,41.71,0.0,64.68,0.0,7.03,0.4575,0.0,30.0
5364,42.63,0.18,90.25,47.79,0.0,0.3829,0.0,0.0
5365,43.2,0.0,23.2,0.0,50.0,0.8408,0.0,30.0
5366,43.39,7.17,76.92,40.7,0.0,0.31,0.0,0.0
5367,43.2,0.92,63.16,20.88,0.0,0.6999,0.0,0.0
5368,42.63,1.01,43.92,0.0,0.0,0.9,0.0,2.3
5369,41.71,10.62,23.68,0.0,37.41,0.9,0.0,30.0
5370,40.47,0.0,0.0,0.0,10.47,0.5028,30.0,0.0
5371,38.95,1.52,0.0,0.0,22.89,0.3917,14.54,0.0
5372,37.22,2.64,0.0,0.0,4.58,0.1486,30.0,0.0
5373,35.35,7.76,0.0,2.41,0.0,0.1,30.0,0.0
5374,33.39,10.49,0.0,7.09,0.0,0.1231,30.0,0.0
5375,33.39,12.18,0.0,8.78,0.0,0.1911,30.0,0.0
5376,33.36,19.96,0.0,12.6,0.0,0.2752,26.0,0.0
5377,33.36,0.0,0.0,0.0,3.36,0.3959,30.0,0.0
5378,33.36,11.27,0.0,7.9,0.0,0.3602,30.0,0.0
5379,33.36,5.78,0.0,0.0,0.0,0.436,27.58,0.0
5380,33.36,4.8,0.0,0.0,28.56,0.436,0.0,0.0
5381,33.36,3.66,0.0,0.3,0.0,0.1327,30.0,0.0
5382,33.36,1.39,0.0,0.0,1.97,0.1356,30.0,0.0
5383,35.31,11.06,19.16,24.91,0.0,0.1147,30.0,0.0
5384,37.19,6.57,43.28,0.0,17.33,0.3533,0.0,30.0
5385,38.92,2.32,60.07,0.0,6.53,0.1693,0.0,30.0
5386,40.43,7.17,76.18,12.91,0.0,0.1,0.0,30.0
5387,41.68,0.0,84.58,12.9,0.0,0.2237,0.0,30.0
5388,42.6,0.0,49.31,0.0,23.3,0.3473,0.0,30.0
5389,43.17,0.0,86.14,25.7,0.0,0.1,0.0,17.26
5390,43.36,0.0,76.64,33.28,0.0,0.3463,0.0,0.0
5391,43.17,2.9,60.79,20.52,0.0,0.6651,0.0,0.0
5392,42.6,3.51,43.08,3.99,0.0,0.8618,0.0,0.0
5393,41.68,4.7,19.16,0.0,0.0,0.9,17.81,0.0
5394,40.43,0.0,0.0,0.0,25.93,0.9,14.5,0.0
5395,38.92,9.56,0.0,0.64,0.0,0.6247,30.0,0.0
5396,37.19,8.22,0.0,0.0,50.0,0.6308,0.0,21.03
5397,35.31,11.12,0.0,5.81,0.0,0.1,30.0,0.0
5398,33.36,0.9,0.0,0.0,2.46,0.1557,30.0,0.0
5399,33.36,10.45,0.0,0.0,0.0,0.1296,22.91,0.0
5400,33.33,4.43,0.0,1.1,0.0,0.1296,30.0,0.0
5401,33.33,7.56,0.0,0.0,3.77,0.1401,22.0,0.0
5402,33.33,11.01,0.0,7.68,0.0,0.1,30.0,0.0
5403,33.33,8.51,0.0,0.0,0.0,0.1736,24.82,0.0
5404,33.33,3.75,0.0,0.0,0.0,0.1736,29.58,0.0
5405,33.33,6.3,0.0,2.97,0.0,0.1736,30.0,0.0
5406,33.33,0.0,0.0,0.0,3.33,0.202,30.0,0.0
5407,35.28,8.9,19.68,14.9,0.0,0.1667,21.61,0.0
5408,37.16,2.28,45.14,0.0,19.73,0.3095,0.0,30.0
5409,38.89,6.91,62.15,0.18,0.0,0.1,0.0,30.0
5410,40.4,0.0,74.69,34.29,0.0,0.1017,0.0,0.0
5411,41.64,0.0,71.64,0.0,0.0,0.4302,0.0,30.0
5412,42.57,0.0,88.29,45.72,0.0,0.4302,0.0,0.0
5413,43.14,4.83,19.69,0.0,48.62,0.8683,0.0,30.0
5414,43.33,0.0,74.71,31.38,0.0,0.3522,0.0,0.0
5415,43.14,4.94,61.75,23.56,0.0,0.6528,0.0,0.0
5416,42.57,1.55,43.26,2.24,0.0,0.8785,0.0,0.0
5417,41.64,0.0,21.37,0.0,0.0,0.9,20.27,0.0
5418,40.4,2.84,0.0,0.0,15.78,0.9,21.78,0.0
5419,38.89,1.39,0.0,0.0,7.49,0.7325,30.0,0.0
5420,37.16,7.42,0.0,0.0,50.0,0.6529,0.0,20.26
5421,35.28,3.2,0.0,0.0,2.08,0.1221,30.0,0.0
5422,33.33,12.63,0.0,0.0,0.0,0.1,20.7,0.0
5423,33.33,8.83,0.0,0.0,0.0,0.1,24.5,0.0
5424,33.3,8.66,0.0,5.36,0.0,0.1,30.0,0.0
5425,33.3,11.97,0.0,8.67,0.0,0.1514,30.0,0.0
5426,33.3,12.83,0.0,9.54,0.0,0.2345,30.0,0.0
5427,33.3,8.1,0.0,0.0,0.0,0.3259,25.2,0.0
5428,33.3,4.13,0.0,0.83,0.0,0.3259,30.0,0.0
5429,33.3,0.0,0.0,0.0,12.97,0.3338,20.33,0.0
5430,33.3,2.41,0.0,0.0,0.89,0.1961,30.0,0.0
5431,35.25,1.62,22.26,18.63,0.0,0.1867,30.0,0.0
5432,37.12,3.62,43.21,0.0,20.29,0.3652,0.0,30.0
5433,38.85,0.89,63.27,0.0,4.69,0.1498,0.0,30.0
5434,40.37,4.51,78.28,12.43,0.0,0.1,0.0,30.0
5435,41.61,0.0,85.21,13.6,0.0,0.2191,0.0,30.0
5436,42.54,0.87,87.39,45.72,0.0,0.3493,0.0,0.0
5437,43.11,6.16,27.83,0.0,39.12,0.7875,0.0,30.0
5438,43.3,3.08,75.34,35.12,0.0,0.3722,0.0,0.0
5439,43.11,2.07,61.0,19.97,0.0,0.7087,0.0,0.0
5440,42.54,0.69,43.36,0.0,0.0,0.9,0.0,1.51
5441,41.61,1.56,19.9,0.0,50.0,0.9,0.0,29.84
5442,40.37,1.73,0.0,0.0,20.58,0.3692,18.06,0.0
5443,38.85,4.08,0.0,0.0,4.77,0.1507,30.0,0.0
5444,37.12,10.45,0.0,0.0,0.0,0.1,26.67,0.0
5445,35.25,7.26,0.0,2.01,0.0,0.1,30.0,0.0
5446,33.3,3.25,0.0,0.0,0.05,0.1193,30.0,0.0
5447,33.3,16.58,0.0,13.28,0.0,0.1188,30.0,0.0
5448,33.27,10.77,0.0,7.5,0.0,0.246,30.0,0.0
5449,33.27,3.47,0.0,0.21,0.0,0.3179,30.0,0.0
5450,33.27,7.06,0.0,0.0,0.0,0.3199,26.21,0.0
5451,33.27,8.69,0.0,0.0,20.71,0.3199,3.86,0.0
5452,33.27,14.44,0.0,5.98,0.0,0.1,24.81,0.0
5453,33.27,1.78,0.0,0.0,1.48,0.1573,30.0,0.0
5454,33.27,9.34,0.0,6.08,0.0,0.1416,30.0,0.0
5455,35.22,10.03,18.74,23.55,0.0,0.1998,30.0,0.0
5456,37.09,0.62,41.99,0.0,24.48,0.4255,0.0,30.0
5457,38.82,1.22,61.42,0.0,6.18,0.1656,0.0,30.0
5458,40.34,0.0,75.84,5.51,0.0,0.1,0.0,30.0
5459,41.58,0.0,66.61,0.0,4.97,0.1527,0.0,30.0
5460,42.51,1.01,89.13,47.63,0.0,0.1,0.0,0.0
5461,43.07,4.03,44.73,0.0,24.31,0.5563,0.0,30.0
5462,43.27,6.23,78.71,41.67,0.0,0.2982,0.0,0.0
5463,43.07,0.0,64.21,21.14,0.0,0.6975,0.0,0.0
5464,42.51,0.0,44.11,0.0,0.0,0.9,0.0,1.6
5465,41.58,4.14,20.38,0.0,0.0,0.9,17.06,0.0
5466,40.34,6.52,0.0,0.0,11.71,0.9,22.11,0.0
5467,38.82,7.41,0.0,0.0,1.42,0.7757,30.0,0.0
5468,37.09,6.02,0.0,0.0,50.0,0.7606,0.0,18.93
5469,35.22,8.75,0.0,3.53,0.0,0.2298,30.0,0.0
5470,33.27,15.17,0.0,11.9,0.0,0.2636,30.0,0.0
5471,33.27,10.88,0.0,7.62,0.0,0.3777,30.0,0.0
5472,33.24,7.95,0.0,0.0,25.29,0.4506,0.0,0.0
5473,33.24,7.28,0.0,4.04,0.0,0.1822,30.0,0.0
5474,33.24,8.24,0.0,5.0,0.0,0.2209,30.0,0.0
5475,33.24,15.06,0.0,11.83,0.0,0.2688,30.0,0.0
5476,33.24,6.66,0.0,0.0,26.57,0.3821,0.0,0.0
5477,33.24,6.34,0.0,0.0,0.0,0.1,26.89,0.0
5478,33.24,3.35,0.0,0.0,0.0,0.1,29.88,0.0
5479,35.19,8.83,22.69,0.0,0.0,0.1,3.66,0.0
5480,37.06,11.4,41.59,15.92,0.0,0.1,0.0,0.0
5481,38.79,4.29,63.51,0.0,0.99,0.2526,0.0,30.0
5482,40.31,2.11,77.33,9.13,0.0,0.242,0.0,30.0
5483,41.55,0.0,49.93,0.0,21.62,0.3295,0.0,30.0
5484,42.47,0.0,89.23,35.0,0.0,0.1,0.0,11.75
5485,43.04,4.44,87.1,48.5,0.0,0.4353,0.0,0.0
5486,43.24,2.32,49.69,0.0,21.23,0.9,0.0,30.0
5487,43.04,4.2,62.37,23.52,0.0,0.6746,0.0,0.0
5488,42.47,0.33,43.13,0.0,0.0,0.9,0.0,0.98
5489,41.55,2.69,22.59,0.0,46.27,0.9,0.0,30.0
5490,40.31,3.65,0.0,0.0,27.87,0.4087,8.79,0.0
5491,38.79,10.66,0.0,0.0,0.0,0.1128,28.14,0.0
5492,37.06,5.85,0.0,0.0,1.21,0.1128,30.0,0.0
5493,35.19,16.91,0.0,11.72,0.0,0.1,30.0,0.0
5494,33.24,10.72,0.0,7.49,0.0,0.2123,30.0,0.0
5495,33.24,4.07,0.0,0.83,0.0,0.2841,30.0,0.0
5496,33.21,9.01,0.0,5.81,0.0,0.292,30.0,0.0
5497,33.21,6.7,0.0,3.5,0.0,0.3477,30.0,0.0
5498,33.21,0.0,0.0,0.0,26.49,0.3812,6.72,0.0
5499,33.21,14.96,0.0,0.0,0.0,0.1,18.25,0.0
5500,33.21,10.39,0.0,0.84,0.0,0.1,23.66,0.0
5501,33.21,8.68,0.0,5.48,0.0,0.108,30.0,0.0
5502,33.21,6.09,0.0,2.88,0.0,0.1605,30.0,0.0
5503,35.16,0.0,19.89,14.73,0.0,0.1881,30.0,0.0
5504,37.03,1.33,44.12,0.0,21.59,0.3292,0.0,30.0
5505,38.76,5.96,63.9,1.1,0.0,0.1,0.0,30.0
5506,40.28,0.0,73.89,33.62,0.0,0.1105,0.0,0.0
5507,41.52,0.0,40.19,0.0,31.33,0.4326,0.0,30.0
5508,42.44,0.32,88.98,46.85,0.0,0.1,0.0,0.0
5509,43.01,0.81,85.6,30.73,0.0,0.5489,0.0,12.66
5510,43.21,2.37,76.74,5.91,0.0,0.8434,0.0,30.0
5511,43.01,5.49,60.7,0.0,5.93,0.9,0.0,29.11
5512,42.44,5.97,43.05,6.58,0.0,0.837,0.0,0.0
5513,41.52,5.4,23.01,0.0,43.11,0.9,0.0,30.0
5514,40.28,10.36,0.0,0.0,23.66,0.4423,6.26,0.0
5515,38.76,0.18,0.0,0.0,8.58,0.1911,30.0,0.0
5516,37.03,9.56,0.0,0.0,0.0,0.1,27.47,0.0
5517,35.16,10.93,0.0,0.0,0.0,0.1,24.23,0.0
5518,33.21,3.85,0.0,0.65,0.0,0.1,30.0,0.0
5519,33.21,3.18,0.0,0.0,0.58,0.1062,29.44,0.0
5520,33.18,6.51,0.0,3.33,0.0,0.1,30.0,0.0
5521,33.18,6.71,0.0,3.54,0.0,0.1319,30.0,0.0
5522,33.18,12.16,0.0,0.0,0.0,0.1658,21.01,0.0
5523,33.18,5.84,0.0,0.0,0.0,0.1658,27.34,0.0
5524,33.18,3.98,0.0,0.0,0.0,0.1658,29.2,0.0
5525,33.18,3.99,0.0,0.0,0.0,0.1658,29.18,0.0
5526,33.18,10.09,0.0,0.0,0.0,0.1658,23.09,0.0
5527,35.13,4.43,21.76,20.86,0.0,0.1658,29.79,0.0
5528,37.0,2.64,44.43,0.0,19.93,0.3656,0.0,30.0
5529,38.73,2.07,61.58,0.0,5.09,0.154,0.0,30.0
5530,40.25,7.22,75.21,12.18,0.0,0.1,0.0,30.0
5531,41.49,0.0,84.73,13.24,0.0,0.2167,0.0,30.0
5532,42.41,0.0,49.47,0.0,22.94,0.3436,0.0,30.0
5533,42.98,2.32,86.21,45.55,0.0,0.1,0.0,0.0
5534,43.18,1.2,74.44,6.91,0.0,0.5364,0.0,25.56
5535,42.98,12.89,61.14,31.04,0.0,0.6026,0.0,0.0
5536,42.41,0.0,41.32,0.0,0.0,0.9,1.09,0.0
5537,41.49,2.92,20.24,0.0,48.34,0.9,0.0,30.0
5538,40.25,0.35,0.0,0.0,9.9,0.3868,30.0,0.0
5539,38.73,10.47,0.0,1.74,0.0,0.2817,30.0,0.0
5540,37.0,14.52,0.0,0.0,18.69,0.2984,3.79,0.0
5541,35.13,15.3,0.0,10.18,0.0,0.1,30.0,0.0
5542,33.18,14.11,0.0,10.94,0.0,0.1975,30.0,0.0
5543,33.18,8.64,0.0,5.46,0.0,0.3023,30.0,0.0
5544,33.15,8.14,0.0,4.99,0.0,0.3546,30.0,0.0
5545,33.15,2.58,0.0,0.0,5.72,0.4024,24.85,0.0
5546,33.15,17.53,0.0,0.0,0.0,0.3417,15.62,0.0
5547,33.15,10.38,0.0,0.0,22.77,0.3417,0.0,0.0
5548,33.15,5.54,0.0,0.1,0.0,0.1,27.7,0.0
5549,33.15,12.08,0.0,8.93,0.0,0.1009,30.0,0.0
5550,33.15,1.47,0.0,0.0,1.67,0.1865,30.0,0.0
5551,35.1,6.12,22.07,23.09,0.0,0.1688,30.0,0.0
5552,36.97,2.72,40.77,0.0,23.49,0.39,0.0,30.0
5553,38.7,5.22,59.66,0.0,3.82,0.1406,0.0,30.0
5554,40.22,1.65,74.48,5.92,0.0,0.1,0.0,30.0
5555,41.46,0.0,66.12,0.0,5.34,0.1567,0.0,30.0
5556,42.39,1.68,85.67,35.74,0.0,0.1,0.0,9.22
5557,42.95,5.85,84.86,47.76,0.0,0.4424,0.0,0.0
5558,43.15,1.8,48.94,0.0,22.41,0.9,0.0,30.0
5559,42.95,5.79,62.0,24.83,0.0,0.6621,0.0,0.0
5560,42.39,0.0,40.23,0.0,0.0,0.9,2.15,0.0
5561,41.46,4.32,21.62,0.0,45.52,0.9,0.0,30.0
5562,40.22,2.92,0.0,0.0,29.83,0.4167,7.47,0.0
5563,38.7,9.67,0.0,0.0,0.0,0.1,29.03,0.0
5564,36.97,7.71,0.0,0.0,0.0,0.1,29.27,0.0
5565,35.1,11.29,0.0,6.2,0.0,0.1,30.0,0.0
5566,33.15,13.6,0.0,0.0,0.0,0.1594,19.55,0.0
5567,33.15,12.37,0.0,0.0,0.0,0.1594,20.77,0.0
5568,33.12,10.83,0.0,5.83,0.0,0.1594,28.11,0.0
5569,33.12,5.43,0.0,2.31,0.0,0.2152,30.0,0.0
5570,33.12,9.14,0.0,6.02,0.0,0.2373,30.0,0.0
5571,33.12,6.28,0.0,3.16,0.0,0.295,30.0,0.0
5572,33.12,6.2,0.0,3.09,0.0,0.3253,30.0,0.0
5573,33.12,5.08,0.0,1.96,0.0,0.3549,30.0,0.0
5574,33.12,1.5,0.0,0.0,1.62,0.3737,30.0,0.0
5575,35.07,0.0,21.23,0.0,0.0,0.3565,13.84,0.0
5576,36.95,0.72,44.04,0.0,22.19,0.3565,0.0,30.0
5577,38.67,3.43,63.28,0.0,1.97,0.1209,0.0,30.0
5578,40.19,0.0,75.67,5.48,0.0,0.1,0.0,30.0
5579,41.43,1.62,64.86,0.0,4.95,0.1525,0.0,30.0
5580,42.36,9.29,89.21,50.0,0.0,0.1,0.0,6.14
5581,42.93,5.8,84.39,21.42,0.0,0.5791,0.0,25.84
5582,43.12,8.78,76.41,12.07,0.0,0.7843,0.0,30.0
5583,42.93,4.25,60.96,0.0,6.25,0.9,0.0,28.53
5584,42.36,8.32,40.95,6.92,0.0,0.8337,0.0,0.0
5585,41.43,1.49,21.04,0.0,0.0,0.9,18.9,0.0
5586,40.19,2.89,0.0,0.0,50.0,0.9,0.0,12.7
5587,38.67,0.0,0.0,0.0,25.35,0.3692,13.32,0.0
5588,36.95,12.55,0.0,0.0,0.0,0.1,24.4,0.0
5589,35.07,14.87,0.0,9.8,0.0,0.1,30.0,0.0
5590,33.12,6.86,0.0,3.74,0.0,0.1939,30.0,0.0
5591,33.12,8.51,0.0,5.39,0.0,0.2297,30.0,0.0
5592,33.09,6.63,0.0,3.54,0.0,0.2814,30.0,0.0
5593,33.09,11.2,0.0,8.11,0.0,0.3153,30.0,0.0
5594,33.09,13.86,0.0,0.0,0.0,0.393,19.23,0.0
5595,33.09,1.32,0.0,0.0,27.6,0.393,4.17,0.0
5596,33.09,9.38,0.0,2.68,0.0,0.1,26.39,0.0
5597,33.09,5.54,0.0,2.45,0.0,0.1257,30.0,0.0
5598,33.09,6.08,0.0,2.99,0.0,0.1491,30.0,0.0
5599,35.04,6.44,20.14,21.54,0.0,0.1778,30.0,0.0
5600,36.92,2.76,42.87,0.0,21.28,0.3842,0.0,30.0
5601,38.65,2.25,60.91,0.0,5.48,0.1582,0.0,30.0
5602,40.16,1.14,74.48,5.46,0.0,0.1,0.0,30.0
5603,41.4,0.0,66.48,0.0,4.93,0.1523,0.0,30.0
5604,42.33,3.2,85.86,46.74,0.0,0.1,0.0,0.0
5605,42.9,2.52,84.29,36.03,0.0,0.5478,0.0,7.89
5606,43.09,0.0,73.82,0.73,0.0,0.893,0.0,30.0
5607,42.9,1.11,61.37,0.0,6.1,0.9,0.0,25.69
5608,42.33,7.26,41.83,6.76,0.0,0.8352,0.0,0.0
5609,41.4,4.7,19.01,0.0,0.0,0.9,17.7,0.0
5610,40.16,8.35,0.0,0.0,17.39,0.9,14.43,0.0
5611,38.65,14.0,0.0,0.0,50.0,0.7154,0.0,25.36
5612,36.92,11.99,0.0,0.0,0.0,0.1845,24.93,0.0
5613,35.04,8.93,0.0,3.89,0.0,0.1845,30.0,0.0
5614,33.09,7.08,0.0,3.99,0.0,0.2218,30.0,0.0
5615,33.09,0.0,0.0,0.0,3.09,0.26,30.0,0.0
5616,33.06,9.11,0.0,6.05,0.0,0.2272,30.0,0.0
5617,33.06,8.32,0.0,5.26,0.0,0.2852,30.0,0.0
5618,33.06,10.87,0.0,0.0,22.19,0.3356,0.0,0.0
5619,33.06,7.96,0.0,1.47,0.0,0.1,26.58,0.0
5620,33.06,6.41,0.0,3.35,0.0,0.1141,30.0,0.0
5621,33.06,0.0,0.0,0.0,3.06,0.1462,30.0,0.0
5622,33.06,1.77,0.0,0.0,1.29,0.1137,30.0,0.0
5623,35.01,6.57,18.33,0.0,0.0,0.1,10.11,0.0
5624,36.89,10.71,41.65,15.47,0.0,0.1,0.0,0.0
5625,38.62,2.33,52.32,0.0,13.96,0.2482,0.0,30.0
5626,40.13,3.44,75.2,8.5,0.0,0.1,0.0,30.0
5627,41.38,5.61,85.21,19.45,0.0,0.1815,0.0,30.0
5628,42.3,0.0,88.28,45.98,0.0,0.3678,0.0,0.0
5629,42.87,3.19,49.49,0.0,20.19,0.8083,0.0,30.0
5630,43.06,0.0,75.0,31.94,0.0,0.594,0.0,0.0
5631,42.87,6.32,61.27,0.0,4.7,0.9,0.0,29.42
5632,42.3,4.22,43.29,5.21,0.0,0.8501,0.0,0.0
5633,41.38,5.83,19.14,0.0,0.0,0.9,16.4,0.0
5634,40.13,2.43,0.0,0.0,7.71,0.9,30.0,0.0
5635,38.62,9.67,0.0,1.05,0.0,0.8182,30.0,0.0
5636,36.89,16.38,0.0,0.0,50.0,0.8282,0.0,29.49
5637,35.01,4.42,0.0,0.0,0.59,0.2974,30.0,0.0
5638,33.06,7.85,0.0,0.0,0.0,0.2911,25.21,0.0
5639,33.06,10.63,0.0,2.2,0.0,0.2911,24.63,0.0
5640,33.04,13.13,0.0,10.09,0.0,0.3122,30.0,0.0
5641,33.04,7.41,0.0,4.37,0.0,0.4089,30.0,0.0
5642,33.04,0.0,0.0,0.0,33.04,0.4507,0.0,0.0
5643,33.04,14.29,0.0,11.25,0.0,0.1,30.0,0.0
5644,33.04,10.95,0.0,7.91,0.0,0.2078,30.0,0.0
5645,33.04,0.0,0.0,0.0,17.29,0.2836,15.74,0.0
5646,33.04,3.21,0.0,0.0,0.0,0.1,29.83,0.0
5647,34.99,11.15,19.28,16.94,0.0,0.1,21.5,0.0
5648,36.86,9.65,42.61,0.0,14.6,0.2623,0.0,30.0
5649,38.59,6.68,61.22,0.0,0.69,0.1073,0.0,30.0
5650,40.11,1.41,76.68,7.98,0.0,0.1,0.0,30.0
5651,41.35,2.07,62.09,0.0,7.2,0.1764,0.0,30.0
5652,42.27,1.04,83.77,42.53,0.0,0.1,0.0,0.0
5653,42.84,6.4,81.35,40.96,0.0,0.5075,0.0,3.93
5654,43.04,0.0,52.76,0.0,20.28,0.9,0.0,30.0
5655,42.84,0.0,58.47,15.62,0.0,0.6847,0.0,0.0
5656,42.27,7.84,41.29,6.85,0.0,0.8344,0.0,0.0
5657,41.35,4.47,22.47,0.0,44.42,0.9,0.0,30.0
5658,40.11,11.44,0.0,0.0,0.0,0.4284,28.67,0.0
5659,38.59,4.01,0.0,0.0,30.78,0.4284,3.8,0.0
5660,36.86,7.57,0.0,0.0,0.0,0.1017,29.29,0.0
5661,34.99,4.83,0.0,0.0,0.16,0.1017,30.0,0.0
5662,33.04,9.34,0.0,0.0,0.0,0.1,23.69,0.0
5663,33.04,3.6,0.0,0.56,0.0,0.1,30.0,0.0
5664,33.01,7.9,0.0,4.89,0.0,0.1054,30.0,0.0
5665,33.01,3.83,0.0,0.0,4.92,0.1523,24.25,0.0
5666,33.01,12.24,0.0,0.0,0.0,0.1,20.77,0.0
5667,33.01,11.68,0.0,8.67,0.0,0.1,30.0,0.0
5668,33.01,0.68,0.0,0.0,7.82,0.1831,24.5,0.0
5669,33.01,12.38,0.0,9.37,0.0,0.1,30.0,0.0
5670,33.01,16.13,0.0,0.0,0.0,0.1898,16.88,0.0
5671,34.96,4.9,20.5,16.27,0.0,0.1898,25.83,0.0
5672,36.84,1.05,42.64,0.0,23.14,0.3457,0.0,30.0
5673,38.57,14.55,60.86,6.85,0.0,0.1,0.0,30.0
5674,40.08,0.0,63.9,0.0,6.18,0.1656,0.0,30.0
5675,41.32,1.86,82.09,12.63,0.0,0.1,0.0,30.0
5676,42.25,2.38,58.47,0.0,11.4,0.221,0.0,30.0
5677,42.82,7.35,81.95,30.12,0.0,0.1,0.0,16.36
5678,43.01,3.68,75.42,36.09,0.0,0.3886,0.0,0.0
5679,42.82,0.78,59.31,17.28,0.0,0.7344,0.0,0.0
5680,42.25,0.0,39.75,0.0,0.0,0.9,2.5,0.0
5681,41.32,3.29,18.64,0.0,0.0,0.9,19.39,0.0
5682,40.08,1.61,0.0,0.0,8.47,0.9,30.0,0.0
5683,38.57,7.05,0.0,0.0,45.22,0.81,0.0,13.7
5684,36.84,5.51,0.0,0.0,1.32,0.33,30.0,0.0
5685,34.96,2.52,0.0,0.0,2.44,0.3159,30.0,0.0
5686,33.01,14.57,0.0,11.56,0.0,0.29,30.0,0.0
5687,33.01,7.72,0.0,0.0,25.29,0.4008,0.0,0.0
5688,32.98,4.73,0.0,1.74,0.0,0.1323,30.0,0.0
5689,32.98,9.14,0.0,6.16,0.0,0.149,30.0,0.0
5690,32.98,9.71,0.0,6.72,0.0,0.208,30.0,0.0
5691,32.98,1.53,0.0,0.0,1.45,0.2724,30.0,0.0
5692,32.98,9.28,0.0,6.3,0.0,0.257,30.0,0.0
5693,32.98,2.57,0.0,0.0,0.41,0.3173,30.0,0.0
5694,32.98,12.93,0.0,0.0,20.06,0.3129,0.0,0.0
5695,34.93,6.94,22.66,24.66,0.0,0.1,30.0,0.0
5696,36.81,2.11,42.05,0.0,13.26,0.3363,0.0,20.6
5697,38.54,0.0,59.54,0.0,9.0,0.1956,0.0,30.0
5698,40.05,1.81,72.49,4.25,0.0,0.1,0.0,30.0
5699,41.3,4.37,80.76,13.83,0.0,0.1407,0.0,30.0
5700,42.22,1.59,83.36,42.73,0.0,0.2733,0.0,0.0
5701,42.79,0.93,83.88,22.68,0.0,0.6827,0.0,19.34
5702,42.98,2.49,52.33,0.0,18.17,0.9,0.0,30.0
5703,42.79,0.41,59.94,17.56,0.0,0.7071,0.0,0.0
5704,42.22,2.34,42.45,2.57,0.0,0.8753,0.0,0.0
5705,41.3,0.0,22.22,0.0,0.0,0.9,19.08,0.0
5706,40.05,9.87,0.0,0.0,50.0,0.9,0.0,19.82
5707,38.54,8.15,0.0,0.0,23.24,0.3692,7.15,0.0
5708,36.81,4.7,0.0,0.0,2.11,0.1224,30.0,0.0
5709,34.93,16.63,0.0,11.7,0.0,0.1,30.0,0.0
5710,32.98,9.79,0.0,6.8,0.0,0.2121,30.0,0.0
5711,32.98,5.55,0.0,0.0,0.0,0.2773,27.44,0.0
5712,32.96,13.59,0.0,0.0,0.0,0.2773,19.37,0.0
5713,32.96,11.55,0.0,0.0,0.0,0.2773,21.41,0.0
5714,32.96,11.12,0.0,0.0,0.0,0.2773,21.84,0.0
5715,32.96,7.06,0.0,0.0,0.0,0.2773,25.9,0.0
5716,32.96,9.83,0.0,0.0,0.0,0.2773,23.13,0.0
5717,32.96,5.88,0.0,0.0,0.0,0.2773,27.08,0.0
5718,32.96,8.2,0.0,5.24,0.0,0.2773,30.0,0.0
5719,34.91,0.0,21.15,4.47,0.0,0.3275,18.23,0.0
5720,36.79,2.03,39.39,0.0,25.37,0.3703,0.0,30.0
5721,38.51,10.1,58.32,0.0,0.09,0.101,0.0,30.0
5722,40.03,0.0,71.33,1.3,0.0,0.1,0.0,30.0
5723,41.27,0.0,72.19,0.92,0.0,0.1125,0.0,30.0
5724,42.2,0.0,86.05,43.85,0.0,0.1212,0.0,0.0
5725,42.77,0.0,80.19,37.43,0.0,0.5414,0.0,0.0
5726,42.96,0.0,49.12,0.0,23.84,0.9,0.0,30.0
5727,42.77,2.01,61.37,20.62,0.0,0.6469,0.0,0.0
5728,42.2,4.39,43.61,5.8,0.0,0.8445,0.0,0.0
5729,41.27,4.6,18.74,0.0,47.93,0.9,0.0,30.0
5730,40.03,5.29,0.0,0.0,26.05,0.3912,8.68,0.0
5731,38.51,7.15,0.0,0.0,1.37,0.1145,30.0,0.0
5732,36.79,12.2,0.0,0.0,0.0,0.1,24.58,0.0
5733,34.91,8.04,0.0,0.0,0.0,0.1,26.87,0.0
5734,32.96,7.1,0.0,0.0,0.0,0.1,25.85,0.0
5735,32.96,8.73,0.0,0.0,0.0,0.1,24.23,0.0
5736,32.93,12.5,0.0,0.0,0.0,0.1,20.44,0.0
5737,32.93,15.81,0.0,0.0,0.0,0.1,17.13,0.0
5738,32.93,6.94,0.0,1.08,0.0,0.1,27.08,0.0
5739,32.93,9.29,0.0,6.36,0.0,0.1103,30.0,0.0
5740,32.93,9.43,0.0,6.49,0.0,0.1713,30.0,0.0
5741,32.93,2.91,0.0,0.0,0.02,0.2335,30.0,0.0
5742,32.93,6.04,0.0,3.1,0.0,0.2333,30.0,0.0
5743,34.89,0.0,19.09,14.2,0.0,0.263,30.0,0.0
5744,36.76,0.0,40.91,0.0,25.85,0.3991,0.0,30.0
5745,38.49,4.54,61.63,0.0,2.32,0.1246,0.0,30.0
5746,40.01,0.77,75.22,5.99,0.0,0.1,0.0,30.0
5747,41.25,2.79,83.49,15.03,0.0,0.1574,0.0,30.0
5748,42.17,1.74,85.61,45.17,0.0,0.3014,0.0,0.0
5749,42.74,0.0,34.92,0.0,37.82,0.7342,0.0,30.0
5750,42.93,2.18,73.77,33.01,0.0,0.3327,0.0,0.0
5751,42.74,0.0,61.54,18.8,0.0,0.649,0.0,0.0
5752,42.17,9.65,39.92,7.4,0.0,0.8291,0.0,0.0
5753,41.25,0.0,18.51,0.0,0.0,0.9,22.74,0.0
5754,40.01,5.14,0.0,0.0,50.0,0.9,0.0,15.14
5755,38.49,2.71,0.0,0.0,25.35,0.3692,10.43,0.0
5756,36.76,10.39,0.0,0.0,0.0,0.1,26.37,0.0
5757,34.89,7.51,0.0,0.0,0.0,0.1,27.37,0.0
5758,32.93,7.39,0.0,0.0,0.0,0.1,25.54,0.0
5759,32.93,13.49,0.0,0.17,0.0,0.1,19.62,0.0
5760,32.91,10.28,0.0,0.0,0.0,0.1017,22.63,0.0
5761,32.91,12.16,0.0,0.0,0.0,0.1017,20.75,0.0
5762,32.91,5.54,0.0,0.0,0.0,0.1017,27.38,0.0
5763,32.91,3.12,0.0,0.0,0.0,0.1017,29.79,0.0
5764,32.91,8.53,0.0,0.0,0.0,0.1017,24.38,0.0
5765,32.91,5.76,0.0,0.0,0.0,0.1017,27.15,0.0
5766,32.91,8.61,0.0,0.0,0.0,0.1017,24.3,0.0
5767,34.86,4.61,21.68,0.0,0.0,0.1017,8.57,0.0
5768,36.74,4.79,42.87,10.92,0.0,0.1017,0.0,0.0
5769,38.47,0.0,58.45,0.0,10.01,0.2063,0.0,30.0
5770,39.98,10.25,74.68,14.94,0.0,0.1,0.0,30.0
5771,41.22,1.33,56.41,0.0,13.49,0.2432,0.0,30.0
5772,42.15,4.76,85.36,32.77,0.0,0.1,0.0,15.2
5773,42.72,0.0,83.38,40.66,0.0,0.414,0.0,0.0
5774,42.91,3.7,73.95,4.74,0.0,0.8036,0.0,30.0
5775,42.72,0.0,60.46,0.0,0.0,0.849,0.0,17.74
5776,42.15,5.81,41.66,5.32,0.0,0.849,0.0,0.0
5777,41.22,3.47,19.33,0.0,48.43,0.9,0.0,30.0
5778,39.98,6.13,0.0,0.0,24.53,0.3859,9.32,0.0
5779,38.47,9.98,0.0,1.51,0.0,0.1254,30.0,0.0
5780,36.74,2.98,0.0,0.0,3.76,0.1399,30.0,0.0
5781,34.86,6.11,0.0,0.0,0.0,0.1,28.75,0.0
5782,32.91,11.5,0.0,8.59,0.0,0.1,30.0,0.0
5783,32.91,18.71,0.0,15.8,0.0,0.1823,30.0,0.0
5784,32.89,9.64,0.0,0.0,0.0,0.3336,23.24,0.0
5785,32.89,12.52,0.0,9.47,0.0,0.3336,29.84,0.0
5786,32.89,9.22,0.0,0.0,0.0,0.4244,23.67,0.0
5787,32.89,17.05,0.0,14.16,0.0,0.4244,30.0,0.0
5788,32.89,0.9,0.0,0.0,1.98,0.5601,30.0,0.0
5789,32.89,7.54,0.0,0.0,0.0,0.5391,25.35,0.0
5790,32.89,0.0,0.0,0.0,32.89,0.5391,0.0,0.0
5791,34.84,0.0,19.85,15.02,0.0,0.1899,30.0,0.0
5792,36.71,5.23,43.0,0.0,18.48,0.3338,0.0,30.0
5793,38.44,3.72,61.18,0.0,3.54,0.1376,0.0,30.0
5794,39.96,1.3,72.28,3.62,0.0,0.1,0.0,30.0
5795,41.2,1.63,81.34,11.77,0.0,0.1347,0.0,30.0
5796,42.13,14.77,85.49,50.0,0.0,0.2475,0.0,8.14
5797,42.69,0.0,40.54,0.0,32.16,0.7266,0.0,30.0
5798,42.89,4.6,71.16,32.87,0.0,0.3852,0.0,0.0
5799,42.69,0.45,57.96,15.72,0.0,0.7002,0.0,0.0
5800,42.13,5.22,42.04,5.13,0.0,0.8508,0.0,0.0
5801,41.2,4.01,19.4,0.0,39.77,0.9,0.0,21.98
5802,39.96,4.37,0.0,0.0,35.59,0.4778,0.0,0.0
5803,38.44,14.68,0.0,6.24,0.0,0.1,30.0,0.0
5804,36.71,13.02,0.0,6.31,0.0,0.1598,30.0,0.0
5805,34.84,9.57,0.0,0.0,0.0,0.2202,25.27,0.0
5806,32.89,0.11,0.0,0.0,11.32,0.2202,21.45,0.0
5807,32.89,8.58,0.0,0.0,0.0,0.1,24.31,0.0
5808,32.86,21.48,0.0,0.0,0.0,0.1,11.39,0.0
5809,32.86,9.18,0.0,0.0,0.0,0.1,23.68,0.0
5810,32.86,14.29,0.0,0.0,0.0,0.1,18.57,0.0
5811,32.86,15.04,0.0,8.25,0.0,0.1,26.08,0.0
5812,32.86,9.11,0.0,6.25,0.0,0.1791,30.0,0.0
5813,32.86,3.72,0.0,0.85,0.0,0.239,30.0,0.0
5814,32.86,0.0,0.0,0.0,2.86,0.2471,30.0,0.0
5815,34.82,7.9,21.35,24.43,0.0,0.2167,30.0,0.0
5816,36.69,0.69,40.48,0.0,25.53,0.4509,0.0,30.0
5817,38.42,3.93,56.97,0.0,7.52,0.1798,0.0,30.0
5818,39.94,0.0,71.15,1.22,0.0,0.1,0.0,30.0
5819,41.18,1.03,78.67,8.53,0.0,0.1117,0.0,30.0
5820,42.1,2.13,82.18,42.21,0.0,0.1934,0.0,0.0
5821,42.67,0.0,53.04,0.0,19.63,0.5978,0.0,30.0
5822,42.86,0.0,70.84,27.98,0.0,0.3894,0.0,0.0
5823,42.67,8.16,59.14,24.63,0.0,0.6575,0.0,0.0
5824,42.1,1.59,41.2,0.68,0.0,0.8935,0.0,0.0
5825,41.18,0.0,21.39,0.0,0.0,0.9,19.79,0.0
5826,39.94,5.68,0.0,0.0,25.35,0.9,8.9,0.0
5827,38.42,7.35,0.0,0.0,50.0,0.6308,0.0,18.93
5828,36.69,8.87,0.0,0.0,0.0,0.1,27.82,0.0
5829,34.82,14.71,0.0,9.89,0.0,0.1,30.0,0.0
5830,32.86,8.74,0.0,5.88,0.0,0.1948,30.0,0.0
5831,32.86,9.64,0.0,6.78,0.0,0.2511,30.0,0.0
5832,32.84,5.77,0.0,2.92,0.0,0.316,30.0,0.0
5833,32.84,13.6,0.0,10.75,0.0,0.3441,30.0,0.0
5834,32.84,10.55,0.0,0.0,4.32,0.4471,17.97,0.0
5835,32.84,7.38,0.0,4.54,0.0,0.4012,30.0,0.0
5836,32.84,0.37,0.0,0.0,32.47,0.4447,0.0,0.0
5837,32.84,13.25,0.0,1.92,0.0,0.1,21.51,0.0
5838,32.84,1.11,0.0,0.0,1.73,0.1184,30.0,0.0
5839,34.79,2.67,18.18,0.0,0.0,0.1,13.94,0.0
5840,36.67,5.61,39.15,12.74,0.0,0.1,4.65,0.0
5841,38.4,0.0,56.9,0.0,11.5,0.2221,0.0,30.0
5842,39.91,0.0,71.49,1.58,0.0,0.1,0.0,30.0
5843,41.16,0.0,82.63,11.47,0.0,0.1151,0.0,30.0
5844,42.08,5.04,85.18,48.14,0.0,0.2251,0.0,0.0
5845,42.65,0.0,79.73,22.3,0.0,0.6863,0.0,14.78
5846,42.84,14.74,42.92,0.0,15.18,0.9,0.0,30.0
5847,42.65,0.0,58.5,15.85,0.0,0.7388,0.0,0.0
5848,42.08,0.3,42.75,0.97,0.0,0.8907,0.0,0.0
5849,41.16,2.78,21.98,0.0,46.4,0.9,0.0,30.0
5850,39.91,7.2,0.0,0.0,2.71,0.4074,30.0,0.0
5851,38.4,5.32,0.0,0.0,3.08,0.3786,30.0,0.0
5852,36.67,10.8,0.0,0.0,22.78,0.3459,3.08,0.0
5853,34.79,5.07,0.0,0.28,0.0,0.1041,30.0,0.0
5854,32.84,4.06,0.0,1.22,0.0,0.1067,30.0,0.0
5855,32.84,2.75,0.0,0.0,0.1,0.1184,30.0,0.0
5856,32.82,1.19,0.0,0.0,1.63,0.1173,30.0,0.0
5857,32.82,8.11,0.0,0.0,0.0,0.1,24.71,0.0
5858,32.82,8.6,0.0,0.0,0.0,0.1,24.22,0.0
5859,32.82,6.57,0.0,0.0,0.0,0.1,26.25,0.0
5860,32.82,13.48,0.0,8.65,0.0,0.1,27.99,0.0
5861,32.82,12.42,0.0,9.6,0.0,0.1829,30.0,0.0
5862,32.82,4.87,0.0,2.05,0.0,0.2748,30.0,0.0
5863,34.77,0.0,20.9,16.13,0.0,0.2945,30.0,0.0
5864,36.65,1.84,39.63,0.0,25.18,0.449,0.0,30.0
5865,38.38,0.84,59.84,0.0,7.69,0.1817,0.0,30.0
5866,39.89,0.0,74.02,34.13,0.0,0.1,0.0,0.0
5867,41.14,0.0,79.71,8.57,0.0,0.427,0.0,30.0
5868,42.06,0.0,81.45,39.4,0.0,0.5091,0.0,0.0
5869,42.63,0.0,29.07,0.0,43.56,0.8866,0.0,30.0
5870,42.82,0.03,71.58,28.79,0.0,0.4242,0.0,0.0
5871,42.63,4.19,56.38,17.94,0.0,0.7,0.0,0.0
5872,42.06,5.68,39.31,2.92,0.0,0.872,0.0,0.0
5873,41.14,1.41,19.22,0.0,50.0,0.9,0.0,29.5
5874,39.89,11.52,0.0,1.63,0.0,0.3692,30.0,0.0
5875,38.38,3.27,0.0,0.0,5.11,0.3848,30.0,0.0
5876,36.65,1.62,0.0,0.0,5.02,0.3306,30.0,0.0
5877,34.77,10.76,0.0,5.99,0.0,0.2772,30.0,0.0
5878,32.82,6.46,0.0,3.64,0.0,0.3346,30.0,0.0
5879,32.82,11.59,0.0,8.77,0.0,0.3695,30.0,0.0
5880,32.8,0.5,0.0,0.0,32.3,0.4535,0.0,0.0
5881,32.8,16.09,0.0,13.29,0.0,0.1106,30.0,0.0
5882,32.8,12.69,0.0,9.89,0.0,0.238,30.0,0.0
5883,32.8,3.03,0.0,0.23,0.0,0.3328,30.0,0.0
5884,32.8,2.26,0.0,0.0,15.22,0.335,15.31,0.0
5885,32.8,14.32,0.0,11.52,0.0,0.1733,30.0,0.0
5886,32.8,3.26,0.0,0.46,0.0,0.2837,30.0,0.0
5887,34.75,1.79,20.53,17.57,0.0,0.2882,30.0,0.0
5888,36.63,0.0,40.57,0.0,26.06,0.4566,0.0,30.0
5889,38.36,1.94,58.9,0.0,7.52,0.1799,0.0,30.0
5890,39.87,1.79,69.92,1.83,0.0,0.1,0.0,30.0
5891,41.11,5.28,80.43,14.59,0.0,0.1176,0.0,30.0
5892,42.04,0.0,82.1,40.06,0.0,0.2574,0.0,0.0
5893,42.61,0.0,44.66,0.0,27.95,0.6412,0.0,30.0
5894,42.8,4.6,73.69,35.49,0.0,0.3445,0.0,0.0
5895,42.61,7.56,57.53,22.48,0.0,0.6846,0.0,0.0
5896,42.04,0.0,39.99,0.0,0.0,0.9,2.05,0.0
5897,41.11,9.73,18.92,0.0,0.0,0.9,12.47,0.0
5898,39.87,6.47,0.0,0.0,50.0,0.9,0.0,16.6
5899,38.36,11.92,0.0,3.56,0.0,0.3692,30.0,0.0
5900,36.63,8.1,0.0,0.0,0.0,0.4033,28.53,0.0
5901,34.75,0.0,0.0,0.0,28.56,0.4033,6.19,0.0
5902,32.8,9.28,0.0,6.48,0.0,0.1,30.0,0.0
5903,32.8,14.71,0.0,11.91,0.0,0.1621,30.0,0.0
5904,32.78,6.82,0.0,4.04,0.0,0.2762,30.0,0.0
5905,32.78,8.78,0.0,6.0,0.0,0.315,30.0,0.0
5906,32.78,9.24,0.0,6.46,0.0,0.3724,30.0,0.0
5907,32.78,0.0,0.0,0.0,31.49,0.4343,1.29,0.0
5908,32.78,15.38,0.0,1.27,0.0,0.1,18.67,0.0
5909,32.78,3.72,0.0,0.0,0.0,0.1121,29.06,0.0
5910,32.78,8.48,0.0,5.7,0.0,0.1121,30.0,0.0
5911,34.73,4.95,17.57,17.79,0.0,0.1667,30.0,0.0
5912,36.61,9.52,38.6,0.0,18.48,0.3372,0.0,30.0
5913,38.34,5.13,59.34,0.0,3.86,0.141,0.0,30.0
5914,39.85,1.82,73.65,5.62,0.0,0.1,0.0,30.0
5915,41.09,0.0,66.02,0.0,5.07,0.1539,0.0,30.0
5916,42.02,5.54,84.56,47.67,0.0,0.1,0.0,0.42
5917,42.59,0.0,78.41,35.83,0.0,0.5567,0.0,0.0
5918,42.78,5.47,45.97,0.0,21.34,0.9,0.0,30.0
5919,42.59,0.0,58.34,15.76,0.0,0.6735,0.0,0.0
5920,42.02,9.5,40.4,7.88,0.0,0.8245,0.0,0.0
5921,41.09,5.98,18.34,0.0,0.0,0.9,16.78,0.0
5922,39.85,9.05,0.0,0.0,0.8,0.9,30.0,0.0
5923,38.34,7.79,0.0,0.0,24.55,0.8915,5.99,0.0
5924,36.61,1.19,0.0,0.0,50.0,0.6308,0.0,14.59
5925,34.73,5.75,0.0,1.01,0.0,0.1,30.0,0.0
5926,32.78,12.76,0.0,9.98,0.0,0.1097,30.0,0.0
5927,32.78,11.07,0.0,8.29,0.0,0.2053,30.0,0.0
5928,32.76,15.48,0.0,0.0,0.0,0.2848,17.28,0.0
5929,32.76,12.12,0.0,4.25,0.0,0.2848,24.89,0.0
5930,32.76,6.03,0.0,3.27,0.0,0.3255,30.0,0.0
5931,32.76,6.08,0.0,3.32,0.0,0.3568,30.0,0.0
5932,32.76,8.94,0.0,6.18,0.0,0.3886,30.0,0.0
5933,32.76,0.0,0.0,0.0,32.76,0.4478,0.0,0.0
5934,32.76,13.38,0.0,8.79,0.0,0.1,28.17,0.0
5935,34.71,7.2,18.31,20.8,0.0,0.1842,30.0,0.0
5936,36.59,9.46,40.49,0.0,16.64,0.3836,0.0,30.0
5937,38.32,0.0,58.24,0.0,10.07,0.2069,0.0,30.0
5938,39.83,8.01,69.11,7.29,0.0,0.1,0.0,30.0
5939,41.08,11.69,80.51,21.12,0.0,0.1699,0.0,30.0
5940,42.0,0.0,46.36,0.0,25.64,0.3723,0.0,30.0
5941,42.57,5.64,81.76,44.83,0.0,0.1,0.0,0.0
5942,42.76,2.86,70.9,31.0,0.0,0.5296,0.0,0.0
5943,42.57,0.0,58.89,5.79,0.0,0.8267,0.0,10.53
5944,42.0,6.42,37.45,1.87,0.0,0.8821,0.0,0.0
5945,41.08,8.83,21.18,0.0,0.0,0.9,11.06,0.0
5946,39.83,3.95,0.0,0.0,5.88,0.9,30.0,0.0
5947,38.32,12.35,0.0,4.03,0.0,0.8376,30.0,0.0
5948,36.59,1.61,0.0,0.0,42.04,0.8763,0.0,7.06
5949,34.71,3.18,0.0,0.0,1.53,0.4299,30.0,0.0
5950,32.76,10.6,0.0,7.84,0.0,0.4137,30.0,0.0
5951,32.76,10.55,0.0,0.0,22.21,0.4888,0.0,0.0
5952,32.74,7.68,0.0,4.94,0.0,0.253,30.0,0.0
5953,32.74,13.87,0.0,0.0,18.88,0.3004,0.0,0.0
5954,32.74,12.3,0.0,0.0,0.0,0.1,20.44,0.0
5955,32.74,13.0,0.0,10.25,0.0,0.1,30.0,0.0
5956,32.74,8.07,0.0,5.33,0.0,0.1982,30.0,0.0
5957,32.74,10.08,0.0,0.0,0.0,0.2493,22.66,0.0
5958,32.74,4.66,0.0,1.92,0.0,0.2493,30.0,0.0
5959,34.69,13.95,21.3,12.0,0.0,0.2677,11.45,0.0
5960,36.57,1.07,38.86,0.0,26.63,0.3828,0.0,30.0
5961,38.3,12.3,59.59,3.6,0.0,0.1,0.0,30.0
5962,39.81,3.07,70.39,3.64,0.0,0.1345,0.0,30.0
5963,41.06,0.0,77.69,6.64,0.0,0.1694,0.0,30.0
5964,41.98,8.03,83.84,49.9,0.0,0.2329,0.0,0.0
5965,42.55,0.0,35.12,0.0,37.43,0.7111,0.0,30.0
5966,42.74,6.45,72.35,36.06,0.0,0.3137,0.0,0.0
5967,42.55,8.65,59.03,25.13,0.0,0.6592,0.0,0.0
5968,41.98,5.84,38.5,0.0,0.0,0.9,0.0,2.35
5969,41.06,2.98,20.18,0.0,0.0,0.9,17.9,0.0
5970,39.81,10.55,0.0,0.0,21.17,0.9,8.09,0.0
5971,38.3,7.59,0.0,0.0,50.0,0.6752,0.0,19.29
5972,36.57,11.42,0.0,0.0,0.0,0.1443,25.15,0.0
5973,34.69,0.52,0.0,0.0,4.18,0.1443,30.0,0.0
5974,32.74,11.95,0.0,0.0,0.0,0.1,20.79,0.0
5975,32.74,7.87,0.0,0.0,0.0,0.1,24.88,0.0
5976,32.72,17.57,0.0,0.0,0.0,0.1,15.16,0.0
5977,32.72,13.16,0.0,0.0,0.0,0.1,19.57,0.0
5978,32.72,11.16,0.0,0.0,0.0,0.1,21.57,0.0
5979,32.72,11.52,0.0,0.0,0.0,0.1,21.2,0.0
5980,32.72,4.51,0.0,0.0,0.0,0.1,28.21,0.0
5981,32.72,14.37,0.0,0.0,0.0,0.1,18.35,0.0
5982,32.72,14.83,0.0,4.84,0.0,0.1,22.74,0.0
5983,34.67,7.13,20.67,23.13,0.0,0.1464,30.0,0.0
5984,36.55,11.09,38.71,0.0,16.75,0.368,0.0,30.0
5985,38.28,1.29,58.49,0.0,8.5,0.1902,0.0,30.0
5986,39.79,0.0,72.61,2.81,0.0,0.1,0.0,30.0
5987,41.04,2.74,78.58,10.28,0.0,0.127,0.0,30.0
5988,41.96,0.0,60.15,0.0,11.82,0.2255,0.0,30.0
5989,42.53,0.94,76.78,35.19,0.0,0.1,0.0,0.0
5990,42.72,5.21,68.73,31.22,0.0,0.4372,0.0,0.0
5991,42.53,4.91,55.71,17.08,0.0,0.7363,0.0,1.01
5992,41.96,0.37,37.92,0.0,0.0,0.9,3.67,0.0
5993,41.04,7.65,17.79,0.0,45.59,0.9,0.0,30.0
5994,39.79,10.15,0.0,0.0,29.76,0.4159,0.0,0.11
5995,38.28,8.36,0.0,0.08,0.0,0.1,30.0,0.0
5996,36.55,13.42,0.0,6.87,0.0,0.1007,30.0,0.0
5997,34.67,4.46,0.0,0.0,6.27,0.1666,23.94,0.0
5998,32.72,12.1,0.0,0.0,0.0,0.1,20.62,0.0
5999,32.72,5.73,0.0,0.0,0.0,0.1,27.0,0.0
6000,32.71,6.17,0.0,0.0,0.0,0.1,26.54,0.0
6001,32.71,8.03,0.0,0.0,0.0,0.1,24.68,0.0
6002,32.71,6.32,0.0,0.0,0.0,0.1,26.38,0.0
6003,32.71,7.3,0.0,0.58,0.0,0.1,25.99,0.0
6004,32.71,7.82,0.0,5.12,0.0,0.1056,30.0,0.0
6005,32.71,11.18,0.0,8.47,0.0,0.1546,30.0,0.0
6006,32.71,5.31,0.0,2.6,0.0,0.2358,30.0,0.0
6007,34.66,0.0,17.97,13.31,0.0,0.2607,30.0,0.0
6008,36.53,9.29,40.59,0.0,16.65,0.3883,0.0,30.0
6009,38.26,0.24,57.52,0.0,10.5,0.2115,0.0,30.0
6010,39.78,2.81,71.25,34.28,0.0,0.1,0.0,0.0
6011,41.02,4.49,35.59,0.0,30.94,0.4285,0.0,30.0
6012,41.94,3.32,82.39,13.77,0.0,0.1,0.0,30.0
6013,42.51,7.17,79.12,43.78,0.0,0.232,0.0,0.0
6014,42.71,5.04,71.62,25.94,0.0,0.6514,0.0,8.01
6015,42.51,0.14,54.96,0.0,0.0,0.9,0.0,12.58
6016,41.94,13.59,41.63,0.0,0.0,0.9,0.0,13.28
6017,41.02,6.37,18.36,0.0,46.29,0.9,0.0,30.0
6018,39.78,6.03,0.0,0.0,3.75,0.4086,30.0,0.0
6019,38.26,11.71,0.0,3.44,0.0,0.3688,30.0,0.0
6020,36.53,9.74,0.0,0.0,28.43,0.4018,0.0,1.64
6021,34.66,11.22,0.0,1.11,0.0,0.1,24.55,0.0
6022,32.71,20.55,0.0,17.85,0.0,0.1107,30.0,0.0
6023,32.71,9.5,0.0,6.8,0.0,0.2817,30.0,0.0
6024,32.69,9.53,0.0,6.84,0.0,0.3468,30.0,0.0
6025,32.69,11.19,0.0,8.5,0.0,0.4124,30.0,0.0
6026,32.69,14.73,0.0,12.04,0.0,0.4938,30.0,0.0
6027,32.69,3.39,0.0,0.7,0.0,0.6092,30.0,0.0
6028,32.69,0.63,0.0,0.0,2.06,0.616,30.0,0.0
6029,32.69,5.35,0.0,2.66,0.0,0.5941,30.0,0.0
6030,32.69,0.0,0.0,0.0,32.69,0.6196,0.0,0.0
6031,34.64,3.87,18.65,17.88,0.0,0.2725,30.0,0.0
6032,36.52,6.72,39.01,0.0,20.79,0.4439,0.0,30.0
6033,38.24,0.08,56.56,0.0,11.6,0.2232,0.0,30.0
6034,39.76,0.0,69.76,0.0,0.0,0.1,0.0,30.0
6035,41.0,2.99,77.97,9.95,0.0,0.1,0.0,30.0
6036,41.93,0.0,62.94,0.0,8.98,0.1954,0.0,30.0
6037,42.5,0.0,77.36,34.87,0.0,0.1,0.0,0.0
6038,42.69,6.52,70.63,26.1,0.0,0.4341,0.0,8.35
6039,42.5,7.16,57.86,22.52,0.0,0.6842,0.0,0.0
6040,41.93,8.59,38.11,0.0,0.0,0.9,0.0,4.77
6041,41.0,10.68,18.13,0.0,42.19,0.9,0.0,30.0
6042,39.76,15.83,0.0,0.0,31.22,0.452,0.0,7.28
6043,38.24,6.3,0.0,0.0,1.94,0.1206,30.0,0.0
6044,36.52,9.23,0.0,0.0,0.0,0.1,27.29,0.0
6045,34.64,7.91,0.0,0.0,0.0,0.1,26.73,0.0
6046,32.69,10.3,0.0,7.59,0.0,0.1,29.97,0.0
6047,32.69,17.06,0.0,14.37,0.0,0.1727,30.0,0.0
6048,32.67,5.34,0.0,2.67,0.0,0.3104,30.0,0.0
6049,32.67,7.21,0.0,4.53,0.0,0.3359,30.0,0.0
6050,32.67,16.07,0.0,0.0,0.0,0.3794,16.61,0.0
6051,32.67,13.93,0.0,0.0,0.0,0.3794,18.75,0.0
6052,32.67,7.34,0.0,0.0,0.0,0.3794,25.33,0.0
6053,32.67,11.38,0.0,0.0,0.0,0.3794,21.29,0.0
6054,32.67,8.19,0.0,0.0,0.0,0.3794,24.49,0.0
6055,34.62,11.92,21.02,0.0,0.0,0.3794,1.69,0.0
6056,36.5,5.01,38.22,0.0,23.27,0.3794,0.0,30.0
6057,38.23,8.09,57.1,0.0,3.04,0.1323,0.0,30.0
6058,39.74,14.13,70.5,44.88,0.0,0.1,0.0,0.0
6059,40.99,5.25,62.48,0.0,3.26,0.53,0.0,30.0
6060,41.91,2.83,81.3,42.22,0.0,0.4954,0.0,0.0
6061,42.48,5.76,17.29,0.0,49.43,0.9,0.0,30.0
6062,42.67,1.67,68.15,27.14,0.0,0.3753,0.0,0.0
6063,42.48,13.74,56.37,27.62,0.0,0.6353,0.0,0.0
6064,41.91,5.45,37.87,0.0,0.0,0.9,0.0,1.41
6065,40.99,4.57,20.03,0.0,0.0,0.9,16.39,0.0
6066,39.74,3.31,0.0,0.0,50.0,0.9,0.0,13.56
6067,38.23,12.39,0.0,4.16,0.0,0.3692,30.0,0.0
6068,36.5,12.44,0.0,0.0,29.11,0.409,0.0,5.04
6069,34.62,7.64,0.0,0.0,0.0,0.1,26.98,0.0
6070,32.67,12.75,0.0,10.08,0.0,0.1,30.0,0.0
6071,32.67,4.52,0.0,0.0,0.0,0.1965,28.15,0.0
6072,32.66,11.75,0.0,0.0,0.0,0.1965,20.91,0.0
6073,32.66,12.72,0.0,0.0,0.0,0.1965,19.94,0.0
6074,32.66,17.5,0.0,14.84,0.0,0.1965,30.0,0.0
6075,32.66,6.57,0.0,0.0,21.58,0.3388,4.5,0.0
6076,32.66,3.61,0.0,0.96,0.0,0.1096,30.0,0.0
6077,32.66,4.2,0.0,1.54,0.0,0.1188,30.0,0.0
6078,32.66,1.3,0.0,0.0,1.36,0.1335,30.0,0.0
6079,34.61,11.3,19.84,26.53,0.0,0.1191,30.0,0.0
6080,36.48,11.18,37.64,0.0,17.67,0.3733,0.0,30.0
6081,38.21,5.24,54.9,0.0,8.08,0.1858,0.0,30.0
6082,39.73,8.31,66.78,5.36,0.0,0.1,0.0,30.0
6083,40.97,0.0,66.13,0.0,4.84,0.1514,0.0,30.0
6084,41.9,2.3,82.45,42.86,0.0,0.1,0.0,0.0
6085,42.47,1.46,76.64,10.64,0.0,0.5107,0.0,25.0
6086,42.66,1.96,68.18,27.48,0.0,0.6126,0.0,0.0
6087,42.47,0.0,55.43,0.0,0.0,0.8759,0.0,12.96
6088,41.9,5.86,38.55,2.52,0.0,0.8759,0.0,0.0
6089,40.97,5.6,20.04,0.0,45.33,0.9,0.0,30.0
6090,39.73,9.93,0.0,0.2,0.0,0.4187,30.0,0.0
6091,38.21,8.3,0.0,0.08,0.0,0.4206,30.0,0.0
6092,36.48,8.24,0.0,0.0,30.27,0.4214,0.0,2.03
6093,34.61,6.16,0.0,0.0,0.0,0.1,28.45,0.0
6094,32.66,10.73,0.0,0.0,0.0,0.1,21.93,0.0
6095,32.66,13.9,0.0,0.0,0.0,0.1,18.76,0.0
6096,32.64,6.31,0.0,0.0,0.0,0.1,26.33,0.0
6097,32.64,11.27,0.0,0.0,0.0,0.1,21.37,0.0
6098,32.64,11.46,0.0,0.0,0.0,0.1,21.18,0.0
6099,32.64,6.86,0.0,4.22,0.0,0.1,30.0,0.0
6100,32.64,6.54,0.0,3.12,0.0,0.1404,29.23,0.0
6101,32.64,8.93,0.0,6.29,0.0,0.1703,30.0,0.0
6102,32.64,2.21,0.0,0.0,0.43,0.2306,30.0,0.0
6103,34.59,7.28,19.46,22.15,0.0,0.226,30.0,0.0
6104,36.47,1.12,38.75,0.0,26.6,0.4382,0.0,30.0
6105,38.2,8.38,54.56,0.0,5.26,0.1558,0.0,30.0
6106,39.71,13.0,66.81,10.1,0.0,0.1,0.0,30.0
6107,40.96,0.0,76.7,5.74,0.0,0.1967,0.0,30.0
6108,41.88,4.98,80.74,43.84,0.0,0.2517,0.0,0.0
6109,42.45,0.0,49.49,0.0,22.97,0.6718,0.0,30.0
6110,42.64,7.63,67.08,32.06,0.0,0.428,0.0,0.0
6111,42.45,0.0,55.54,13.09,0.0,0.7352,0.0,0.0
6112,41.88,6.82,39.17,4.11,0.0,0.8606,0.0,0.0
6113,40.96,2.22,19.11,0.0,0.0,0.9,19.63,0.0
6114,39.71,6.05,0.0,0.0,50.0,0.9,0.0,16.33
6115,38.2,3.71,0.0,0.0,25.35,0.3692,9.14,0.0
6116,36.47,12.38,0.0,0.0,0.0,0.1,24.09,0.0
6117,34.59,6.37,0.0,1.77,0.0,0.1,30.0,0.0
6118,32.64,12.78,0.0,10.14,0.0,0.117,30.0,0.0
6119,32.64,9.48,0.0,6.84,0.0,0.2141,30.0,0.0
6120,32.63,10.64,0.0,8.01,0.0,0.2796,30.0,0.0
6121,32.63,11.59,0.0,0.0,21.04,0.3564,0.0,0.0
6122,32.63,7.4,0.0,0.0,3.11,0.133,22.11,0.0
6123,32.63,10.77,0.0,0.0,0.0,0.1,21.86,0.0
6124,32.63,15.39,0.0,2.74,0.0,0.1,19.98,0.0
6125,32.63,4.82,0.0,2.19,0.0,0.1263,30.0,0.0
6126,32.63,11.83,0.0,9.2,0.0,0.1473,30.0,0.0
6127,34.58,12.11,20.21,27.74,0.0,0.2354,30.0,0.0
6128,36.46,1.52,40.85,0.0,24.08,0.5012,0.0,30.0
6129,38.18,0.0,54.48,0.0,13.7,0.2455,0.0,30.0
6130,39.7,4.64,69.06,4.0,0.0,0.1,0.0,30.0
6131,40.94,0.7,75.01,4.77,0.0,0.1383,0.0,30.0
6132,41.87,10.57,78.37,35.96,0.0,0.184,0.0,11.11
6133,42.44,3.11,78.09,38.76,0.0,0.5286,0.0,0.0
6134,42.63,0.06,69.59,0.0,0.0,0.9,0.0,27.03
6135,42.44,0.0,57.62,0.0,0.0,0.9,0.0,15.18
6136,41.87,9.42,37.47,0.0,0.0,0.9,0.0,5.02
6137,40.94,3.53,17.18,0.0,50.0,0.9,0.0,29.77
6138,39.7,7.15,0.0,0.0,25.35,0.3692,7.19,0.0
6139,38.18,12.01,0.0,0.0,0.0,0.1,26.18,0.0
6140,36.46,7.04,0.0,0.0,0.0,0.1,29.42,0.0
6141,34.58,9.71,0.0,5.13,0.0,0.1,30.0,0.0
6142,32.63,10.49,0.0,0.0,0.0,0.1492,22.14,0.0
6143,32.63,13.81,0.0,0.0,0.0,0.1492,18.82,0.0
6144,32.62,13.63,0.0,11.02,0.0,0.1492,30.0,0.0
6145,32.62,10.13,0.0,7.51,0.0,0.2547,30.0,0.0
6146,32.62,10.89,0.0,0.0,0.0,0.3267,21.72,0.0
6147,32.62,8.43,0.0,0.0,0.0,0.3267,24.19,0.0
6148,32.62,2.99,0.0,0.0,0.0,0.3267,29.63,0.0
6149,32.62,9.18,0.0,0.0,0.0,0.3267,23.44,0.0
6150,32.62,14.88,0.0,6.86,0.0,0.3267,24.6,0.0
6151,34.57,2.31,17.4,15.14,0.0,0.3925,30.0,0.0
6152,36.44,1.77,37.9,0.0,26.78,0.5376,0.0,30.0
6153,38.17,0.5,53.23,0.0,14.44,0.2533,0.0,30.0
6154,39.69,6.45,67.38,4.14,0.0,0.1,0.0,30.0
6155,40.93,4.9,76.57,10.53,0.0,0.1397,0.0,30.0
6156,41.85,2.24,80.3,40.69,0.0,0.2406,0.0,0.0
6157,42.42,0.0,59.83,0.0,12.59,0.6305,0.0,30.0
6158,42.62,3.83,69.54,30.76,0.0,0.4968,0.0,0.0
6159,42.42,0.0,53.75,11.32,0.0,0.7915,0.0,0.0
6160,41.85,5.56,36.23,0.0,0.0,0.9,0.06,0.0
6161,40.93,9.58,16.94,0.0,18.94,0.9,0.0,4.53
6162,39.69,1.86,0.0,0.0,50.0,0.6989,0.0,12.17
6163,38.17,1.76,0.0,0.0,6.41,0.168,30.0,0.0
6164,36.44,15.66,0.0,0.5,0.0,0.1,21.29,0.0
6165,34.57,7.44,0.0,2.87,0.0,0.1048,30.0,0.0
6166,32.62,15.34,0.0,12.72,0.0,0.1323,30.0,0.0
6167,32.62,10.4,0.0,7.79,0.0,0.2542,30.0,0.0
6168,32.6,10.58,0.0,0.0,0.0,0.3288,22.02,0.0
6169,32.6,12.93,0.0,0.0,0.0,0.3288,19.68,0.0
6170,32.6,7.03,0.0,0.0,0.0,0.3288,25.57,0.0
6171,32.6,10.59,0.0,0.0,0.0,0.3288,22.02,0.0
6172,32.6,7.6,0.0,0.0,0.0,0.3288,25.0,0.0
6173,32.6,2.71,0.0,0.0,0.0,0.3288,29.89,0.0
6174,32.6,8.51,0.0,0.0,0.0,0.3288,24.1,0.0
6175,34.55,4.95,18.33,18.72,0.0,0.3288,30.0,0.0
6176,36.43,4.39,36.59,0.0,25.45,0.5082,0.0,30.0
6177,38.16,0.0,55.17,0.0,12.99,0.238,0.0,30.0
6178,39.67,10.11,66.08,6.52,0.0,0.1,0.0,30.0
6179,40.92,6.74,74.47,10.29,0.0,0.1625,0.0,30.0
6180,41.84,6.96,81.13,46.25,0.0,0.2611,0.0,0.0
6181,42.41,0.0,48.02,0.0,24.39,0.7042,0.0,30.0
6182,42.6,0.0,67.42,24.82,0.0,0.4452,0.0,0.0
6183,42.41,12.27,52.77,22.63,0.0,0.683,0.0,0.0
6184,41.84,4.78,37.07,0.01,0.0,0.8999,0.0,0.0
6185,40.92,2.93,17.15,0.0,50.0,0.9,0.0,29.17
6186,39.67,8.84,0.0,0.0,25.35,0.3692,5.49,0.0
6187,38.16,13.02,0.0,0.0,0.0,0.1,25.14,0.0
6188,36.43,9.08,0.0,0.0,0.0,0.1,27.35,0.0
6189,34.55,15.34,0.0,0.0,0.0,0.1,19.22,0.0
6190,32.6,15.18,0.0,0.0,0.0,0.1,17.42,0.0
6191,32.6,6.65,0.0,0.0,0.0,0.1,25.95,0.0
6192,32.59,8.53,0.0,0.0,0.0,0.1,24.06,0.0
6193,32.59,15.15,0.0,2.87,0.0,0.1,20.32,0.0
6194,32.59,0.0,0.0,0.0,2.59,0.1275,30.0,0.0
6195,32.59,9.49,0.0,0.0,0.0,0.1,23.1,0.0
6196,32.59,3.32,0.0,0.0,0.0,0.1,29.27,0.0
6197,32.59,6.28,0.0,3.68,0.0,0.1,30.0,0.0
6198,32.59,5.94,0.0,2.59,0.0,0.1353,29.24,0.0
6199,34.54,4.62,19.47,19.55,0.0,0.1601,30.0,0.0
6200,36.42,2.82,40.29,0.0,23.31,0.3474,0.0,30.0
6201,38.15,0.0,52.41,14.26,0.0,0.1,0.0,0.0
6202,39.66,13.09,43.71,0.0,12.87,0.2366,0.0,30.0
6203,40.91,10.91,74.4,14.41,0.0,0.1,0.0,30.0
6204,41.83,0.0,78.87,37.04,0.0,0.2381,0.0,0.0
6205,42.4,9.73,75.48,12.81,0.0,0.593,0.0,30.0
6206,42.59,1.93,66.36,0.0,0.0,0.7157,0.0,25.71
6207,42.4,4.78,56.23,16.77,0.0,0.7157,0.0,1.84
6208,41.83,4.84,39.45,2.46,0.0,0.8764,0.0,0.0
6209,40.91,3.37,18.19,0.0,49.34,0.9,0.0,30.0
6210,39.66,11.25,0.0,0.0,0.0,0.3761,28.41,0.0
6211,38.15,8.77,0.0,0.0,21.07,0.3761,8.3,0.0
6212,36.42,7.27,0.0,0.86,0.0,0.1524,30.0,0.0
6213,34.54,4.7,0.0,0.16,0.0,0.1606,30.0,0.0
6214,32.59,7.06,0.0,4.47,0.0,0.1621,30.0,0.0
6215,32.59,4.38,0.0,1.79,0.0,0.205,30.0,0.0
6216,32.58,11.44,0.0,8.86,0.0,0.2221,30.0,0.0
6217,32.58,6.29,0.0,3.71,0.0,0.307,30.0,0.0
6218,32.58,9.73,0.0,0.0,22.85,0.3426,0.0,0.0
6219,32.58,15.85,0.0,0.0,0.0,0.1,16.73,0.0
6220,32.58,14.29,0.0,11.71,0.0,0.1,30.0,0.0
6221,32.58,8.18,0.0,5.6,0.0,0.2122,30.0,0.0
6222,32.58,6.89,0.0,4.31,0.0,0.2659,30.0,0.0
6223,34.53,13.96,16.52,2.16,0.0,0.3071,6.21,0.0
6224,36.41,7.33,37.62,0.0,21.46,0.3278,0.0,30.0
6225,38.14,2.96,56.9,21.72,0.0,0.1,0.0,0.0
6226,39.65,0.0,50.05,0.0,19.6,0.3081,0.0,30.0
6227,40.89,4.88,74.28,8.27,0.0,0.1,0.0,30.0
6228,41.82,6.54,76.49,41.21,0.0,0.1792,0.0,0.0
6229,42.39,0.63,74.94,5.09,0.0,0.574,0.0,28.09
6230,42.58,4.86,66.65,28.93,0.0,0.6228,0.0,0.0
6231,42.39,2.81,53.19,0.0,0.0,0.9,0.0,13.61
6232,41.82,4.41,38.26,0.0,0.0,0.9,0.0,0.86
6233,40.89,0.0,20.21,0.0,50.0,0.9,0.0,29.31
6234,39.65,6.33,0.0,0.0,25.35,0.3692,7.97,0.0
6235,38.14,12.33,0.0,0.0,0.0,0.1,25.8,0.0
6236,36.41,6.7,0.0,0.0,0.0,0.1,29.71,0.0
6237,34.53,10.39,0.0,5.86,0.0,0.1,30.0,0.0
6238,32.58,7.7,0.0,5.12,0.0,0.1562,30.0,0.0
6239,32.58,12.74,0.0,10.16,0.0,0.2053,30.0,0.0
6240,32.57,10.56,0.0,0.0,19.08,0.3026,2.92,0.0
6241,32.57,7.43,0.0,0.0,0.0,0.1,25.14,0.0
6242,32.57,16.42,0.0,0.0,0.0,0.1,16.14,0.0
6243,32.57,14.09,0.0,0.0,0.0,0.1,18.48,0.0
6244,32.57,6.88,0.0,3.51,0.0,0.1,29.2,0.0
6245,32.57,10.45,0.0,7.88,0.0,0.1336,30.0,0.0
6246,32.57,9.54,0.0,6.97,0.0,0.2091,30.0,0.0
6247,34.52,8.9,20.2,24.58,0.0,0.2759,30.0,0.0
6248,36.4,0.0,36.18,0.0,30.21,0.5114,0.0,30.0
6249,38.13,8.56,54.46,0.0,5.11,0.1907,0.0,30.0
6250,39.64,1.37,64.85,0.0,3.43,0.1364,0.0,30.0
6251,40.88,1.83,76.44,7.39,0.0,0.1,0.0,30.0
6252,41.81,14.1,77.03,32.17,0.0,0.1708,0.0,17.15
6253,42.38,4.56,75.78,37.96,0.0,0.479,0.0,0.0
6254,42.57,2.13,64.74,0.0,0.0,0.8428,0.0,24.3
6255,42.38,0.0,53.71,0.0,0.0,0.8428,0.0,11.34
6256,41.81,11.0,36.78,5.97,0.0,0.8428,0.0,0.0
6257,40.88,0.67,20.1,0.0,0.0,0.9,20.11,0.0
6258,39.64,3.16,0.0,0.0,25.35,0.9,11.13,0.0
6259,38.13,7.01,0.0,0.0,50.0,0.6308,0.0,18.89
6260,36.4,15.26,0.0,0.0,0.0,0.1,21.14,0.0
6261,34.52,13.45,0.0,0.0,0.0,0.1,21.07,0.0
6262,32.57,10.25,0.0,7.68,0.0,0.1,30.0,0.0
6263,32.57,12.59,0.0,0.0,0.0,0.1736,19.97,0.0
6264,32.56,9.04,0.0,6.48,0.0,0.1736,30.0,0.0
6265,32.56,11.97,0.0,0.0,0.0,0.2357,20.59,0.0
6266,32.56,11.28,0.0,0.0,0.0,0.2357,21.28,0.0
6267,32.56,14.33,0.0,0.0,0.0,0.2357,18.23,0.0
6268,32.56,13.46,0.0,0.0,0.0,0.2357,19.1,0.0
6269,32.56,10.5,0.0,1.67,0.0,0.2357,23.73,0.0
6270,32.56,5.88,0.0,3.32,0.0,0.2517,30.0,0.0
6271,34.51,9.39,17.97,22.84,0.0,0.2835,30.0,0.0
6272,36.39,4.93,35.53,0.0,25.92,0.5024,0.0,30.0
6273,38.12,0.0,56.41,0.0,11.71,0.2272,0.0,30.0
6274,39.63,2.13,67.23,0.0,0.28,0.1029,0.0,30.0
6275,40.87,3.73,76.47,9.32,0.0,0.1,0.0,30.0
6276,41.8,7.01,79.87,45.08,0.0,0.1893,0.0,0.0
6277,42.37,2.62,77.1,29.08,0.0,0.6213,0.0,8.27
6278,42.56,0.0,66.68,0.0,0.0,0.9,0.0,24.12
6279,42.37,4.69,54.0,0.0,0.0,0.9,0.0,16.32
6280,41.8,5.78,38.62,0.0,0.0,0.9,0.0,2.6
6281,40.87,7.08,17.4,0.0,0.0,0.9,16.4,0.0
6282,39.63,11.2,0.0,0.0,25.35,0.9,3.08,0.0
6283,38.12,12.68,0.0,0.0,0.0,0.6308,25.44,0.0
6284,36.39,6.99,0.0,0.0,50.0,0.6308,0.0,20.61
6285,34.51,7.76,0.0,0.0,0.0,0.1,26.75,0.0
6286,32.56,6.66,0.0,0.0,0.0,0.1,25.9,0.0
6287,32.56,14.28,0.0,0.0,0.0,0.1,18.28,0.0
6288,32.55,17.6,0.0,0.0,0.0,0.1,14.95,0.0
6289,32.55,10.15,0.0,0.0,0.0,0.1,22.4,0.0
6290,32.55,10.04,0.0,7.49,0.0,0.1,30.0,0.0
6291,32.55,16.46,0.0,0.0,0.0,0.1718,16.09,0.0
6292,32.55,11.62,0.0,9.07,0.0,0.1718,30.0,0.0
6293,32.55,10.33,0.0,7.78,0.0,0.2587,30.0,0.0
6294,32.55,2.52,0.0,0.0,2.14,0.3333,27.89,0.0
6295,34.5,9.19,18.76,23.45,0.0,0.3106,30.0,0.0
6296,36.38,1.53,36.98,0.0,27.86,0.5353,0.0,30.0
6297,38.11,0.0,54.97,0.0,13.13,0.2394,0.0,30.0
6298,39.62,2.43,67.19,0.0,0.0,0.1,0.0,30.0
6299,40.87,1.03,74.45,4.61,0.0,0.1,0.0,30.0
6300,41.79,2.39,76.59,37.2,0.0,0.1442,0.0,0.0
6301,42.36,0.0,73.17,0.82,0.0,0.5006,0.0,30.0
6302,42.55,7.84,65.18,30.47,0.0,0.5084,0.0,0.0
6303,42.36,9.2,55.44,10.4,0.0,0.8003,0.0,11.88
6304,41.79,0.0,39.54,0.0,0.0,0.9,2.25,0.0
6305,40.87,10.44,17.57,0.0,42.86,0.9,0.0,30.0
6306,39.62,4.1,0.0,0.0,5.53,0.445,30.0,0.0
6307,38.11,12.08,0.0,0.0,26.97,0.3863,0.0,0.94
6308,36.38,9.24,0.0,2.86,0.0,0.1,30.0,0.0
6309,34.5,10.5,0.0,6.0,0.0,0.1274,30.0,0.0
6310,32.55,10.28,0.0,7.72,0.0,0.185,30.0,0.0
6311,32.55,16.48,0.0,13.93,0.0,0.259,30.0,0.0
6312,32.54,6.53,0.0,0.0,0.0,0.3924,26.01,0.0
6313,32.54,14.05,0.0,0.0,0.0,0.3924,18.5,0.0
6314,32.54,15.68,0.0,0.0,0.0,0.3924,16.87,0.0
6315,32.54,13.42,0.0,0.0,0.0,0.3924,19.12,0.0
6316,32.54,19.23,0.0,0.0,0.0,0.3924,13.31,0.0
6317,32.54,6.41,0.0,0.0,0.0,0.3924,26.14,0.0
6318,32.54,11.49,0.0,0.0,0.0,0.3924,21.05,0.0
6319,34.49,6.01,17.24,5.3,0.0,0.3924,16.55,0.0
6320,36.37,10.56,35.67,0.0,20.14,0.4433,0.0,30.0
6321,38.1,4.56,52.56,0.0,10.98,0.2295,0.0,30.0
6322,39.61,2.33,66.07,0.0,1.22,0.1129,0.0,30.0
6323,40.86,8.93,72.51,10.59,0.0,0.1,0.0,30.0
6324,41.78,1.34,74.66,34.22,0.0,0.2014,0.0,0.0
6325,42.35,0.0,72.03,29.68,0.0,0.5294,0.0,0.0
6326,42.54,1.79,56.94,0.0,13.8,0.8138,0.0,30.0
6327,42.35,7.16,54.2,19.01,0.0,0.6672,0.0,0.0
6328,41.78,11.22,35.84,5.28,0.0,0.8494,0.0,0.0
6329,40.86,6.91,17.08,0.0,46.87,0.9,0.0,30.0
6330,39.61,12.99,0.0,0.0,23.35,0.4024,3.27,0.0
6331,38.1,2.97,0.0,0.0,5.13,0.1545,30.0,0.0
6332,36.37,7.76,0.0,0.0,0.0,0.1,28.61,0.0
6333,34.49,9.26,0.0,0.0,0.0,0.1,25.23,0.0
6334,32.54,10.64,0.0,8.1,0.0,0.1,30.0,0.0
6335,32.54,11.88,0.0,9.33,0.0,0.1776,30.0,0.0
6336,32.54,14.6,0.0,12.07,0.0,0.267,30.0,0.0
6337,32.54,9.75,0.0,0.0,22.78,0.3826,0.0,0.0
6338,32.54,11.76,0.0,0.0,0.0,0.1407,20.78,0.0
6339,32.54,10.34,0.0,7.8,0.0,0.1407,30.0,0.0
6340,32.54,5.83,0.0,0.0,0.0,0.2155,26.71,0.0
6341,32.54,8.2,0.0,5.66,0.0,0.2155,30.0,0.0
6342,32.54,7.0,0.0,4.46,0.0,0.2697,30.0,0.0
6343,34.49,5.84,17.68,16.79,0.0,0.3125,27.75,0.0
6344,36.36,5.65,36.23,0.0,24.48,0.4734,0.0,30.0
6345,38.09,4.98,54.8,0.0,8.31,0.2134,0.0,30.0
6346,39.61,2.22,65.01,0.0,2.38,0.1252,0.0,30.0
6347,40.85,8.87,71.4,9.41,0.0,0.1,0.0,30.0
6348,41.77,0.0,63.28,0.0,8.49,0.1902,0.0,30.0
6349,42.34,0.61,75.35,30.73,0.0,0.1,0.0,2.88
6350,42.54,15.52,66.99,39.98,0.0,0.3945,0.0,0.0
6351,42.34,0.36,54.76,12.78,0.0,0.7775,0.0,0.0
6352,41.77,0.0,36.66,0.0,0.0,0.9,5.11,0.0
6353,40.85,9.57,15.75,0.0,0.0,0.9,15.53,0.0
6354,39.61,0.0,0.0,0.0,9.61,0.9,30.0,0.0
6355,38.09,7.69,0.0,0.0,0.4,0.798,30.0,0.0
6356,36.36,18.56,0.0,0.0,34.98,0.7938,0.0,17.18
6357,34.49,4.12,0.0,0.0,30.36,0.4224,0.0,0.0
6358,32.54,2.97,0.0,0.0,0.0,0.1,29.56,0.0
6359,32.54,5.39,0.0,2.85,0.0,0.1,30.0,0.0
6360,32.53,15.53,0.0,0.0,0.0,0.1273,17.0,0.0
6361,32.53,16.33,0.0,13.8,0.0,0.1273,30.0,0.0
6362,32.53,9.13,0.0,6.6,0.0,0.2595,30.0,0.0
6363,32.53,13.43,0.0,0.0,12.82,0.3228,6.29,0.0
6364,32.53,15.5,0.0,12.97,0.0,0.1867,30.0,0.0
6365,32.53,16.14,0.0,0.0,0.0,0.311,16.39,0.0
6366,32.53,6.64,0.0,4.12,0.0,0.311,30.0,0.0
6367,34.48,0.0,19.28,14.8,0.0,0.3504,30.0,0.0
6368,36.36,2.19,38.8,0.0,25.36,0.4923,0.0,30.0
6369,38.08,2.97,53.69,0.0,11.43,0.223,0.0,30.0
6370,39.6,3.0,66.44,0.0,0.16,0.1017,0.0,30.0
6371,40.84,2.88,75.43,7.47,0.0,0.1,0.0,30.0
6372,41.77,8.16,76.18,42.57,0.0,0.1715,0.0,0.0
6373,42.34,8.94,72.19,12.66,0.0,0.5794,0.0,26.14
6374,42.53,3.37,67.04,0.0,0.0,0.7008,0.0,27.88
6375,42.34,9.29,53.84,20.79,0.0,0.7008,0.0,0.0
6376,41.77,7.08,39.16,0.0,0.0,0.9,0.0,4.47
6377,40.84,6.86,18.05,0.0,0.0,0.9,15.93,0.0
6378,39.6,11.42,0.0,0.0,25.35,0.9,2.83,0.0
6379,38.08,9.04,0.0,0.0,50.0,0.6308,0.0,20.95
6380,36.36,18.26,0.0,0.0,0.0,0.1,18.09,0.0
6381,34.48,4.64,0.0,0.0,0.0,0.1,29.84,0.0
6382,32.53,9.12,0.0,6.59,0.0,0.1,30.0,0.0
6383,32.53,11.14,0.0,8.61,0.0,0.1631,30.0,0.0
6384,32.52,13.7,0.0,0.0,0.0,0.2457,18.82,0.0
6385,32.52,16.99,0.0,0.0,0.0,0.2457,15.53,0.0
6386,32.52,11.22,0.0,0.0,0.0,0.2457,21.3,0.0
6387,32.52,4.77,0.0,0.0,0.0,0.2457,27.75,0.0
6388,32.52,13.3,0.0,10.78,0.0,0.2457,30.0,0.0
6389,32.52,11.94,0.0,5.24,0.0,0.3489,25.83,0.0
6390,32.52,0.0,0.0,0.0,2.52,0.3992,30.0,0.0
6391,34.47,6.65,18.87,21.04,0.0,0.3724,30.0,0.0
6392,36.35,0.0,36.89,0.0,29.45,0.574,0.0,30.0
6393,38.08,2.05,50.83,0.0,15.19,0.2613,0.0,30.0
6394,39.59,0.41,66.24,27.06,0.0,0.1,0.0,0.0
6395,40.84,7.09,70.92,37.17,0.0,0.3592,0.0,0.0
6396,41.76,4.08,17.68,0.0,50.0,0.7154,0.0,30.0
6397,42.33,0.0,72.44,30.11,0.0,0.1845,0.0,0.0
6398,42.52,7.79,67.39,32.66,0.0,0.473,0.0,0.0
6399,42.33,0.0,53.49,11.16,0.0,0.786,0.0,0.0
6400,41.76,7.03,37.94,0.75,0.0,0.8929,0.0,2.47
6401,40.84,3.29,17.86,0.0,49.69,0.9,0.0,30.0
6402,39.59,6.22,0.0,0.0,3.37,0.3724,30.0,0.0
6403,38.08,10.9,0.0,0.0,22.29,0.3366,4.89,0.0
6404,36.35,11.97,0.0,0.0,0.0,0.1,24.38,0.0
6405,34.47,16.21,0.0,0.0,0.0,0.1,18.27,0.0
6406,32.52,10.98,0.0,0.0,0.0,0.1,21.54,0.0
6407,32.52,13.01,0.0,10.49,0.0,0.1,30.0,0.0
6408,32.52,10.14,0.0,7.62,0.0,0.2005,30.0,0.0
6409,32.52,12.56,0.0,0.0,16.34,0.2735,3.61,0.0
6410,32.52,13.22,0.0,1.06,0.0,0.1,20.36,0.0
6411,32.52,10.33,0.0,7.81,0.0,0.1102,30.0,0.0
6412,32.52,2.4,0.0,0.0,0.11,0.185,30.0,0.0
6413,32.52,10.25,0.0,7.74,0.0,0.1839,30.0,0.0
6414,32.52,9.32,0.0,6.8,0.0,0.258,30.0,0.0
6415,34.47,3.92,16.82,16.27,0.0,0.3231,30.0,0.0
6416,36.34,0.41,34.71,0.0,31.22,0.479,0.0,30.0
6417,38.07,10.99,52.6,0.0,4.48,0.1476,0.0,30.0
6418,39.59,6.25,63.33,0.0,0.0,0.1,0.0,30.0
6419,40.83,2.86,73.81,5.83,0.0,0.1,0.0,30.0
6420,41.76,0.0,76.07,34.32,0.0,0.1558,0.0,0.0
6421,42.32,0.4,74.96,3.03,0.0,0.4847,0.0,30.0
6422,42.52,9.62,64.3,31.4,0.0,0.5137,0.0,0.0
6423,42.32,5.45,51.89,8.92,0.0,0.8146,0.0,6.09
6424,41.76,3.45,38.69,0.0,0.0,0.9,0.0,0.39
6425,40.83,8.85,18.2,0.0,0.0,0.9,13.79,0.0
6426,39.59,4.43,0.0,0.0,25.35,0.9,9.8,0.0
6427,38.07,15.1,0.0,0.0,50.0,0.6308,0.0,27.02
6428,36.34,15.48,0.0,9.14,0.0,0.1,30.0,0.0
6429,34.47,8.8,0.0,4.34,0.0,0.1876,30.0,0.0
6430,32.52,8.79,0.0,0.0,0.0,0.2291,23.73,0.0
6431,32.52,0.96,0.0,0.0,12.16,0.2291,19.39,0.0
6432,32.51,5.88,0.0,3.37,0.0,0.1,30.0,0.0
6433,32.51,6.33,0.0,0.0,0.0,0.1323,26.18,0.0
6434,32.51,12.03,0.0,1.96,0.0,0.1323,22.45,0.0
6435,32.51,9.46,0.0,6.94,0.0,0.1511,30.0,0.0
6436,32.51,4.37,0.0,1.86,0.0,0.2176,30.0,0.0
6437,32.51,7.78,0.0,5.27,0.0,0.2355,30.0,0.0
6438,32.51,9.97,0.0,7.46,0.0,0.286,30.0,0.0
6439,34.46,8.99,19.59,24.12,0.0,0.3574,30.0,0.0
6440,36.34,0.0,37.59,0.0,28.75,0.5885,0.0,30.0
6441,38.07,4.42,52.58,0.0,11.07,0.2833,0.0,30.0
6442,39.58,0.0,63.39,0.0,6.19,0.1657,0.0,30.0
6443,40.83,7.61,72.92,9.71,0.0,0.1,0.0,30.0
6444,41.75,6.98,76.16,41.39,0.0,0.193,0.0,0.0
6445,42.32,0.15,74.07,31.91,0.0,0.5896,0.0,0.0
6446,42.51,1.12,65.38,0.49,0.0,0.8953,0.0,23.5
6447,42.32,3.04,54.72,0.0,0.0,0.9,0.0,15.44
6448,41.75,0.0,37.0,0.0,0.0,0.9,4.76,0.0
6449,40.83,8.2,18.76,0.0,0.0,0.9,13.87,0.0
6450,39.58,6.75,0.0,0.0,50.0,0.9,0.0,17.16
6451,38.07,12.97,0.0,4.9,0.0,0.3692,30.0,0.0
6452,36.34,5.4,0.0,0.0,3.55,0.4161,27.39,0.0
6453,34.46,8.24,0.0,0.0,26.22,0.3784,0.0,0.0
6454,32.51,5.22,0.0,0.0,0.0,0.1,27.29,0.0
6455,32.51,7.72,0.0,0.0,0.0,0.1,24.79,0.0
6456,32.51,7.19,0.0,0.0,0.0,0.1,25.31,0.0
6457,32.51,16.08,0.0,1.75,0.0,0.1,18.18,0.0
6458,32.51,8.64,0.0,6.14,0.0,0.1167,30.0,0.0
6459,32.51,11.39,0.0,8.88,0.0,0.1755,30.0,0.0
6460,32.51,8.44,0.0,5.93,0.0,0.2606,30.0,0.0
6461,32.51,3.76,0.0,1.25,0.0,0.3175,30.0,0.0
6462,32.51,7.25,0.0,4.74,0.0,0.3295,30.0,0.0
6463,34.46,9.36,16.37,21.27,0.0,0.3749,30.0,0.0
6464,36.34,0.87,34.35,0.0,31.11,0.5787,0.0,30.0
6465,38.06,8.37,50.82,0.0,8.87,0.2484,0.0,30.0
6466,39.58,0.84,63.63,0.0,5.11,0.1542,0.0,30.0
6467,40.82,1.94,72.69,3.81,0.0,0.1,0.0,30.0
6468,41.75,6.0,75.32,39.58,0.0,0.1365,0.0,0.0
6469,42.32,1.2,71.26,30.14,0.0,0.5157,0.0,0.0
6470,42.51,4.52,62.83,9.96,0.0,0.8045,0.0,14.87
6471,42.32,3.71,54.33,0.0,0.0,0.9,0.0,15.73
6472,41.75,6.41,34.32,0.0,0.0,0.9,1.01,0.0
6473,40.82,0.0,17.37,0.0,50.0,0.9,0.0,26.54
6474,39.58,0.37,0.0,0.0,16.13,0.3692,23.08,0.0
6475,38.06,11.57,0.0,3.51,0.0,0.1979,30.0,0.0
6476,36.34,14.32,0.0,7.98,0.0,0.2315,30.0,0.0
6477,34.46,7.11,0.0,2.65,0.0,0.308,30.0,0.0
6478,32.51,10.53,0.0,0.0,21.98,0.3334,0.0,0.0
6479,32.51,13.17,0.0,10.66,0.0,0.1,30.0,0.0
6480,32.51,15.04,0.0,0.0,9.62,0.2022,7.85,0.0
6481,32.51,3.62,0.0,0.0,0.0,0.1,28.88,0.0
6482,32.51,7.94,0.0,0.0,0.0,0.1,24.57,0.0
6483,32.51,9.57,0.0,0.0,0.0,0.1,22.93,0.0
6484,32.51,13.0,0.0,10.5,0.0,0.1,30.0,0.0
6485,32.51,19.44,0.0,0.68,0.0,0.2006,13.74,0.0
6486,32.51,7.07,0.0,4.57,0.0,0.2071,30.0,0.0
6487,34.46,1.12,18.19,14.85,0.0,0.2509,30.0,0.0
6488,36.33,7.61,37.1,0.0,21.62,0.3932,0.0,30.0
6489,38.06,10.56,51.5,0.0,5.99,0.1636,0.0,30.0
6490,39.58,4.88,64.86,0.16,0.0,0.1,0.0,30.0
6491,40.82,0.26,72.25,1.69,0.0,0.1015,0.0,30.0
6492,41.74,7.85,76.46,42.56,0.0,0.1177,0.0,0.0
6493,42.31,6.77,73.83,38.28,0.0,0.5255,0.0,0.0
6494,42.51,0.18,62.12,0.0,0.0,0.8923,0.0,19.8
6495,42.31,6.67,53.54,0.81,0.0,0.8923,0.0,17.09
6496,41.74,10.08,34.36,0.0,0.0,0.9,0.0,2.7
6497,40.82,11.84,16.37,0.0,23.52,0.9,0.0,10.91
6498,39.58,7.74,0.0,0.0,1.83,0.6503,30.0,0.0
6499,38.06,7.61,0.0,0.0,50.0,0.6308,0.0,19.55
6500,36.33,15.18,0.0,8.84,0.0,0.1,30.0,0.0
6501,34.46,5.94,0.0,1.48,0.0,0.1847,30.0,0.0
6502,32.51,13.43,0.0,10.92,0.0,0.1989,30.0,0.0
6503,32.51,6.35,0.0,0.0,0.0,0.3035,26.16,0.0
6504,32.5,16.65,0.0,0.0,0.0,0.3035,15.85,0.0
6505,32.5,11.02,0.0,0.0,0.0,0.3035,21.48,0.0
6506,32.5,16.94,0.0,0.0,0.0,0.3035,15.57,0.0
6507,32.5,13.06,0.0,0.0,0.0,0.3035,19.45,0.0
6508,32.5,5.09,0.0,0.0,0.0,0.3035,27.41,0.0
6509,32.5,15.07,0.0,0.0,0.0,0.3035,17.44,0.0
6510,32.5,14.52,0.0,0.0,0.0,0.3035,17.98,0.0
6511,34.45,10.67,18.79,24.25,0.0,0.3035,29.24,0.0
6512,36.33,2.86,33.85,0.0,29.62,0.5359,0.0,30.0
6513,38.06,3.89,52.72,0.0,11.44,0.2215,0.0,30.0
6514,39.57,5.11,66.02,1.55,0.0,0.1,0.0,30.0
6515,40.82,1.17,70.92,1.28,0.0,0.1148,0.0,30.0
6516,41.74,10.96,72.35,27.13,0.0,0.127,0.0,14.44
6517,42.31,4.69,73.81,36.18,0.0,0.387,0.0,0.0
6518,42.5,0.0,65.57,0.0,0.0,0.7337,0.0,23.06
6519,42.31,6.57,53.1,17.36,0.0,0.7337,0.0,0.0
6520,41.74,4.58,34.87,0.0,0.0,0.9,2.29,0.0
6521,40.82,6.71,18.41,0.0,45.7,0.9,0.0,30.0
6522,39.57,6.56,0.0,0.0,29.65,0.4148,3.36,0.0
6523,38.06,12.51,0.0,0.0,0.0,0.1,25.55,0.0
6524,36.33,14.8,0.0,0.0,0.0,0.1,21.53,0.0
6525,34.45,12.19,0.0,0.0,0.0,0.1,22.26,0.0
6526,32.5,10.27,0.0,0.0,0.0,0.1,22.23,0.0
6527,32.5,11.92,0.0,2.81,0.0,0.1,23.39,0.0
6528,32.5,12.39,0.0,0.0,0.0,0.1269,20.11,0.0
6529,32.5,8.84,0.0,6.34,0.0,0.1269,30.0,0.0
6530,32.5,14.15,0.0,0.0,0.0,0.1877,18.35,0.0
6531,32.5,13.0,0.0,0.0,0.0,0.1877,19.5,0.0
6532,32.5,16.62,0.0,0.0,0.0,0.1877,15.88,0.0
6533,32.5,14.44,0.0,0.0,0.0,0.1877,18.07,0.0
6534,32.5,5.32,0.0,0.0,0.0,0.1877,27.18,0.0
6535,34.45,10.49,16.95,0.0,0.0,0.1877,7.02,0.0
6536,36.33,2.15,33.56,0.0,0.0,0.1877,0.62,0.0
6537,38.06,8.12,51.68,0.0,8.26,0.1877,0.0,30.0
6538,39.57,2.43,61.49,24.35,0.0,0.1,0.0,0.0
6539,40.82,0.0,48.84,0.0,21.98,0.3333,0.0,30.0
6540,41.74,5.18,75.45,16.81,0.0,0.1,0.0,22.08
6541,42.31,0.0,70.83,28.52,0.0,0.2611,0.0,0.0
6542,42.5,0.0,62.41,19.91,0.0,0.5344,0.0,0.0
6543,42.31,4.5,53.78,15.96,0.0,0.7252,0.0,0.0
6544,41.74,6.43,37.59,2.28,0.0,0.8781,0.0,0.0
6545,40.82,5.56,15.24,0.0,0.0,0.9,20.01,0.0
6546,39.57,1.62,0.0,0.0,7.95,0.9,30.0,0.0
6547,38.06,5.85,0.0,0.0,50.0,0.8155,0.0,17.79
6548,36.33,11.85,0.0,0.0,17.4,0.2847,7.08,0.0
6549,34.45,13.5,0.0,0.0,0.0,0.1,20.95,0.0
6550,32.5,11.68,0.0,0.0,0.0,0.1,20.82,0.0
6551,32.5,16.96,0.0,14.46,0.0,0.1,30.0,0.0
6552,32.5,14.02,0.0,11.52,0.0,0.2385,30.0,0.0
6553,32.5,9.14,0.0,0.0,0.0,0.3489,23.36,0.0
6554,32.5,10.66,0.0,0.0,0.0,0.3489,21.84,0.0
6555,32.5,5.35,0.0,0.0,0.0,0.3489,27.15,0.0
6556,32.5,9.86,0.0,0.0,0.0,0.3489,22.64,0.0
6557,32.5,13.91,0.0,11.41,0.0,0.3489,30.0,0.0
6558,32.5,11.07,0.0,0.0,0.0,0.4583,21.43,0.0
6559,34.45,12.97,15.77,0.65,0.0,0.4583,6.36,0.0
6560,36.33,4.91,37.92,0.0,23.5,0.4645,0.0,30.0
6561,38.06,10.88,49.64,0.0,7.54,0.2151,0.0,30.0
6562,39.57,3.84,62.42,0.0,3.3,0.1351,0.0,30.0
6563,40.81,10.33,68.47,7.99,0.0,0.1,0.0,30.0
6564,41.74,4.0,75.23,7.49,0.0,0.1765,0.0,30.0
6565,42.31,7.16,71.09,21.09,0.0,0.2483,0.0,14.85
6566,42.5,10.76,63.69,31.95,0.0,0.4504,0.0,0.0
6567,42.31,4.5,52.78,14.97,0.0,0.7565,0.0,0.0
6568,41.74,7.07,35.96,0.0,0.0,0.9,0.0,1.29
6569,40.81,12.5,18.55,0.0,39.77,0.9,0.0,30.0
6570,39.57,7.68,0.0,0.0,1.89,0.4778,30.0,0.0
6571,38.06,3.83,0.0,0.0,4.22,0.4577,30.0,0.0
6572,36.33,19.18,0.0,0.0,29.47,0.4129,0.0,12.33
6573,34.45,9.22,0.0,0.0,0.0,0.1,25.23,0.0
6574,32.5,12.48,0.0,0.0,0.0,0.1,20.02,0.0
6575,32.5,17.03,0.0,0.0,0.0,0.1,15.47,0.0
6576,32.5,9.93,0.0,0.0,0.0,0.1,22.57,0.0
6577,32.5,8.13,0.0,0.0,0.0,0.1,24.37,0.0
6578,32.5,12.94,0.0,1.57,0.0,0.1,21.12,0.0
6579,32.5,3.81,0.0,0.0,0.0,0.115,28.69,0.0
6580,32.5,9.18,0.0,6.68,0.0,0.115,30.0,0.0
6581,32.5,10.39,0.0,7.89,0.0,0.1791,30.0,0.0
6582,32.5,7.19,0.0,4.69,0.0,0.2547,30.0,0.0
6583,34.45,0.84,16.52,12.9,0.0,0.2996,30.0,0.0
6584,36.33,12.84,34.39,0.0,19.1,0.4232,0.0,30.0
6585,38.06,5.8,50.91,0.0,11.34,0.2204,0.0,30.0
6586,39.57,10.65,63.3,4.37,0.0,0.1,0.0,30.0
6587,40.81,3.23,68.2,0.61,0.0,0.1419,0.0,30.0
6588,41.74,0.51,70.77,8.28,0.0,0.1478,0.0,21.26
6589,42.31,5.42,69.75,32.86,0.0,0.2271,0.0,0.0
6590,42.5,3.82,61.41,22.74,0.0,0.542,0.0,0.0
6591,42.31,0.49,49.14,7.33,0.0,0.7598,0.0,0.0
6592,41.74,12.32,36.72,7.31,0.0,0.83,0.0,0.0
6593,40.81,4.65,15.57,0.0,13.99,0.9,6.6,0.0
6594,39.57,0.68,0.0,0.0,8.89,0.7515,30.0,0.0
6595,38.06,14.88,0.0,0.0,50.0,0.6571,0.0,26.82
6596,36.33,8.29,0.0,1.96,0.0,0.1262,30.0,0.0
6597,34.45,8.72,0.0,4.27,0.0,0.145,30.0,0.0
6598,32.5,4.58,0.0,2.08,0.0,0.1859,30.0,0.0
6599,32.5,19.52,0.0,17.02,0.0,0.2058,30.0,0.0
6600,32.5,7.18,0.0,0.0,25.32,0.3689,0.0,0.0
6601,32.5,12.62,0.0,2.55,0.0,0.1,22.43,0.0
6602,32.5,15.75,0.0,0.0,0.0,0.1244,16.75,0.0
6603,32.5,13.05,0.0,10.55,0.0,0.1244,30.0,0.0
6604,32.5,10.2,0.0,7.7,0.0,0.2255,30.0,0.0
6605,32.5,2.4,0.0,0.0,0.1,0.2993,30.0,0.0
6606,32.5,5.02,0.0,2.52,0.0,0.2982,30.0,0.0
6607,34.45,8.08,14.81,18.44,0.0,0.3223,30.0,0.0
6608,36.33,3.04,35.16,0.0,28.13,0.499,0.0,30.0
6609,38.06,6.29,52.31,0.0,9.45,0.2004,0.0,30.0
6610,39.57,7.61,64.82,2.86,0.0,0.1,0.0,30.0
6611,40.82,8.36,70.51,8.06,0.0,0.1274,0.0,30.0
6612,41.74,0.0,75.18,33.44,0.0,0.2047,0.0,0.0
6613,42.31,13.48,68.28,21.15,0.0,0.5251,0.0,18.29
6614,42.5,7.97,62.01,0.0,0.0,0.7278,0.0,27.48
6615,42.31,5.44,49.6,12.73,0.0,0.7278,0.0,0.0
6616,41.74,10.82,36.16,5.24,0.0,0.8498,0.0,0.0
6617,40.82,17.1,16.22,0.0,0.0,0.9,7.49,0.0
6618,39.57,2.41,0.0,0.0,19.62,0.9,17.54,0.0
6619,38.06,8.52,0.0,0.0,50.0,0.6917,0.0,20.46
6620,36.33,0.59,0.0,0.0,5.73,0.1609,30.0,0.0
6621,34.45,12.1,0.0,0.0,0.0,0.1,22.35,0.0
6622,32.5,13.48,0.0,0.0,0.0,0.1,19.02,0.0
6623,32.5,12.22,0.0,9.72,0.0,0.1,30.0,0.0
6624,32.5,9.88,0.0,7.38,0.0,0.1931,30.0,0.0
6625,32.5,3.96,0.0,0.0,0.0,0.2638,28.54,0.0
6626,32.5,13.58,0.0,0.0,0.0,0.2638,18.92,0.0
6627,32.5,17.41,0.0,14.91,0.0,0.2638,30.0,0.0
6628,32.5,8.07,0.0,5.57,0.0,0.4066,30.0,0.0
6629,32.5,11.34,0.0,8.84,0.0,0.46,30.0,0.0
6630,32.5,1.95,0.0,0.0,12.04,0.5447,18.51,0.0
6631,34.45,9.27,15.82,20.64,0.0,0.4168,30.0,0.0
6632,36.33,4.75,35.26,0.0,26.32,0.6146,0.0,30.0
6633,38.06,2.36,51.23,0.0,14.47,0.3351,0.0,30.0
6634,39.57,1.71,60.19,0.0,7.67,0.1815,0.0,30.0
6635,40.82,2.81,70.82,2.81,0.0,0.1,0.0,30.0
6636,41.74,5.89,70.93,35.08,0.0,0.127,0.0,0.0
6637,42.31,0.0,70.59,11.24,0.0,0.4631,0.0,17.04
6638,42.5,3.21,62.38,23.09,0.0,0.5708,0.0,0.0
6639,42.31,5.35,48.23,11.27,0.0,0.7921,0.0,0.0
6640,41.74,1.82,34.31,0.0,0.0,0.9,5.61,0.0
6641,40.82,14.82,17.75,0.0,24.04,0.9,0.0,15.79
6642,39.57,4.91,0.0,0.0,50.0,0.6448,0.0,15.34
6643,38.06,6.75,0.0,0.0,1.31,0.1139,30.0,0.0
6644,36.33,6.47,0.0,0.14,0.0,0.1,30.0,0.0
6645,34.45,18.83,0.0,14.38,0.0,0.1013,30.0,0.0
6646,32.5,14.33,0.0,0.0,0.0,0.2391,18.18,0.0
6647,32.5,8.57,0.0,0.0,0.0,0.2391,23.93,0.0
6648,32.5,17.25,0.0,14.74,0.0,0.2391,30.0,0.0
6649,32.5,13.35,0.0,0.0,0.0,0.3803,19.15,0.0
6650,32.5,13.17,0.0,10.67,0.0,0.3803,30.0,0.0
6651,32.5,10.02,0.0,0.0,22.48,0.4825,0.0,0.0
6652,32.5,7.49,0.0,0.0,0.0,0.2438,25.02,0.0
6653,32.5,10.99,0.0,0.0,0.0,0.2438,21.51,0.0
6654,32.5,6.26,0.0,0.0,0.0,0.2438,26.24,0.0
6655,34.45,14.97,17.88,27.5,0.0,0.2438,29.1,0.0
6656,36.33,1.19,33.58,0.0,31.56,0.5073,0.0,30.0
6657,38.06,11.95,49.8,0.0,6.3,0.1722,0.0,30.0
6658,39.57,4.47,64.6,0.0,0.5,0.1053,0.0,30.0
6659,40.82,5.76,69.42,4.35,0.0,0.1,0.0,30.0
6660,41.74,7.83,72.76,38.84,0.0,0.1417,0.0,0.0
6661,42.31,1.9,70.28,29.88,0.0,0.5139,0.0,0.0
6662,42.5,8.51,60.65,10.42,0.0,0.8001,0.0,16.24
6663,42.31,0.0,50.28,0.0,0.0,0.9,0.0,7.97
6664,41.74,3.46,36.47,0.0,0.0,0.9,1.81,0.0
6665,40.82,3.62,18.22,0.0,48.98,0.9,0.0,30.0
6666,39.57,3.32,0.0,0.0,6.25,0.38,30.0,0.0
6667,38.06,8.7,0.0,0.0,20.12,0.3136,9.24,0.0
6668,36.33,12.19,0.0,0.0,0.0,0.1,24.14,0.0
6669,34.45,14.36,0.0,9.91,0.0,0.1,30.0,0.0
6670,32.5,13.1,0.0,10.6,0.0,0.1949,30.0,0.0
6671,32.5,9.76,0.0,7.26,0.0,0.2965,30.0,0.0
6672,32.51,14.26,0.0,0.0,0.0,0.366,18.24,0.0
6673,32.51,13.11,0.0,0.0,0.0,0.366,19.4,0.0
6674,32.51,16.06,0.0,0.0,0.0,0.366,16.45,0.0
6675,32.51,14.74,0.0,0.0,0.0,0.366,17.77,0.0
6676,32.51,10.79,0.0,0.0,0.0,0.366,21.72,0.0
6677,32.51,5.94,0.0,0.0,0.0,0.366,26.56,0.0
6678,32.51,5.88,0.0,0.0,0.0,0.366,26.62,0.0
6679,34.46,5.24,19.21,15.47,0.0,0.366,25.48,0.0
6680,36.33,5.21,35.59,0.0,25.54,0.5143,0.0,30.0
6681,38.06,6.77,47.8,0.0,13.49,0.2432,0.0,30.0
6682,39.58,7.96,63.64,2.03,0.0,0.1,0.0,30.0
6683,40.82,4.38,71.71,5.27,0.0,0.1195,0.0,30.0
6684,41.75,4.51,74.28,16.14,0.0,0.1699,0.0,20.9
6685,42.31,5.18,68.22,31.08,0.0,0.3246,0.0,0.0
6686,42.51,2.86,61.51,21.87,0.0,0.6224,0.0,0.0
6687,42.31,1.83,47.59,7.1,0.0,0.832,0.0,0.0
6688,41.75,0.0,35.5,0.0,0.0,0.9,6.25,0.0
6689,40.82,4.64,18.47,0.0,47.72,0.9,0.0,30.0
6690,39.58,10.55,0.0,0.0,26.32,0.3934,2.71,0.0
6691,38.06,6.75,0.0,0.0,1.31,0.1139,30.0,0.0
6692,36.33,9.68,0.0,0.0,0.0,0.1,26.66,0.0
6693,34.46,13.45,0.0,8.99,0.0,0.1,30.0,0.0
6694,32.51,14.34,0.0,0.0,0.0,0.1862,18.17,0.0
6695,32.51,8.12,0.0,5.61,0.0,0.1862,30.0,0.0
6696,32.51,16.94,0.0,14.43,0.0,0.24,30.0,0.0
6697,32.51,17.33,0.0,14.82,0.0,0.3782,30.0,0.0
6698,32.51,7.57,0.0,5.06,0.0,0.5202,30.0,0.0
6699,32.51,8.18,0.0,5.67,0.0,0.5687,30.0,0.0
6700,32.51,15.67,0.0,13.16,0.0,0.623,30.0,0.0
6701,32.51,9.12,0.0,6.61,0.0,0.749,30.0,0.0
6702,32.51,0.0,0.0,0.0,26.73,0.8124,5.78,0.0
6703,34.46,1.79,18.64,0.0,14.03,0.5286,0.0,0.0
6704,36.34,5.56,34.44,0.0,26.34,0.3796,0.0,30.0
6705,38.07,0.91,50.13,12.97,0.0,0.1,0.0,0.0
6706,39.58,3.36,62.92,0.0,3.3,0.2243,0.0,30.0
6707,40.82,0.57,70.26,0.0,0.0,0.1893,0.0,30.0
6708,41.75,10.58,72.14,40.97,0.0,0.1893,0.0,0.0
6709,42.32,3.46,49.74,0.0,19.13,0.5818,0.0,30.0
6710,42.51,9.52,63.42,30.43,0.0,0.3787,0.0,0.0
6711,42.32,11.65,49.05,18.38,0.0,0.6703,0.0,0.0
6712,41.75,12.53,34.81,5.59,0.0,0.8464,0.0,0.0
6713,40.82,8.77,15.9,0.0,46.15,0.9,0.0,30.0
6714,39.58,0.53,0.0,0.0,9.06,0.41,30.0,0.0
6715,38.07,11.64,0.0,3.58,0.0,0.3138,30.0,0.0
6716,36.34,15.08,0.0,0.0,23.37,0.3481,0.0,2.11
6717,34.46,11.25,0.0,6.79,0.0,0.1,30.0,0.0
6718,32.51,19.48,0.0,16.97,0.0,0.1651,30.0,0.0
6719,32.51,16.23,0.0,5.83,0.0,0.3277,22.11,0.0
6720,32.51,15.23,0.0,12.72,0.0,0.3835,30.0,0.0
6721,32.51,17.24,0.0,14.72,0.0,0.5054,30.0,0.0
6722,32.51,13.7,0.0,11.19,0.0,0.6464,30.0,0.0
6723,32.51,1.33,0.0,0.0,1.18,0.7536,30.0,0.0
6724,32.51,8.74,0.0,0.0,0.0,0.7411,23.78,0.0
6725,32.51,14.76,0.0,0.0,17.75,0.7411,0.0,0.0
6726,32.51,5.39,0.0,0.0,27.13,0.5526,0.0,0.0
6727,34.47,6.73,18.17,20.44,0.0,0.2646,30.0,0.0
6728,36.34,2.33,33.57,0.0,30.44,0.4604,0.0,30.0
6729,38.07,13.19,51.37,0.0,3.5,0.1372,0.0,30.0
6730,39.59,12.11,61.97,4.49,0.0,0.1,0.0,30.0
6731,40.83,1.07,66.29,0.0,0.0,0.143,0.0,26.52
6732,41.75,5.2,70.43,25.6,0.0,0.143,0.0,8.27
6733,42.32,1.91,67.49,27.08,0.0,0.3883,0.0,0.0
6734,42.51,7.69,58.92,24.1,0.0,0.6478,0.0,0.0
6735,42.32,7.91,51.21,0.0,0.0,0.8787,0.0,16.8
6736,41.75,10.02,33.95,2.22,0.0,0.8787,0.0,0.0
6737,40.83,9.03,18.73,0.0,0.0,0.9,13.07,0.0
6738,39.59,20.89,0.0,0.0,48.69,0.9,0.0,30.0
6739,38.07,5.55,0.0,0.0,24.04,0.3831,8.49,0.0
6740,36.34,3.72,0.0,0.0,2.63,0.1279,30.0,0.0
6741,34.47,10.03,0.0,0.0,0.0,0.1,24.43,0.0
6742,32.51,5.82,0.0,0.0,0.0,0.1,26.69,0.0
6743,32.51,6.55,0.0,0.0,0.0,0.1,25.96,0.0
6744,32.52,8.8,0.0,2.72,0.0,0.1,26.44,0.0
6745,32.52,8.98,0.0,6.46,0.0,0.126,30.0,0.0
6746,32.52,8.44,0.0,0.0,0.0,0.188,24.08,0.0
6747,32.52,13.88,0.0,11.36,0.0,0.188,30.0,0.0
6748,32.52,8.78,0.0,6.26,0.0,0.2968,30.0,0.0
6749,32.52,9.13,0.0,6.61,0.0,0.3568,30.0,0.0
6750,32.52,12.51,0.0,9.99,0.0,0.4201,30.0,0.0
6751,34.47,4.56,14.12,14.2,0.0,0.5158,30.0,0.0
6752,36.35,5.63,32.81,0.0,27.9,0.6519,0.0,30.0
6753,38.08,7.39,47.63,0.0,13.06,0.3557,0.0,30.0
6754,39.59,0.0,58.56,0.0,11.03,0.2171,0.0,30.0
6755,40.83,0.0,70.67,29.84,0.0,0.1,0.0,0.0
6756,41.76,6.09,72.75,22.97,0.0,0.3859,0.0,14.12
6757,42.33,6.84,66.18,30.69,0.0,0.6059,0.0,0.0
6758,42.52,13.77,42.33,0.0,16.42,0.9,0.0,30.0
6759,42.33,6.53,49.74,13.94,0.0,0.7257,0.0,0.0
6760,41.76,10.13,35.89,4.26,0.0,0.8592,0.0,0.0
6761,40.83,6.92,18.8,0.0,0.0,0.9,15.11,0.0
6762,39.59,10.03,0.0,0.0,50.0,0.9,0.0,20.44
6763,38.08,16.78,0.0,0.0,21.08,0.3692,0.21,0.0
6764,36.35,2.07,0.0,0.0,4.27,0.1454,30.0,0.0
6765,34.47,13.45,0.0,0.0,0.0,0.1,21.02,0.0
6766,32.52,21.24,0.0,18.72,0.0,0.1,30.0,0.0
6767,32.52,13.97,0.0,11.45,0.0,0.2794,30.0,0.0
6768,32.53,19.86,0.0,0.0,0.0,0.3891,12.67,0.0
6769,32.53,10.27,0.0,7.74,0.0,0.3891,30.0,0.0
6770,32.53,12.33,0.0,6.15,0.0,0.4633,26.34,0.0
6771,32.53,11.94,0.0,0.0,0.0,0.5222,20.58,0.0
6772,32.53,1.76,0.0,0.0,30.77,0.5222,0.0,0.0
6773,32.53,5.11,0.0,2.58,0.0,0.1956,30.0,0.0
6774,32.53,4.33,0.0,1.8,0.0,0.2203,30.0,0.0
6775,34.48,11.21,15.39,22.12,0.0,0.2376,30.0,0.0
6776,36.35,10.42,35.11,0.0,20.82,0.4496,0.0,30.0
6777,38.08,7.29,48.99,0.0,11.8,0.2285,0.0,30.0
6778,39.6,8.7,60.6,0.0,0.3,0.1031,0.0,30.0
6779,40.84,4.19,68.57,1.92,0.0,0.1,0.0,30.0
6780,41.76,9.71,72.01,39.96,0.0,0.1184,0.0,0.0
6781,42.33,4.91,67.33,29.74,0.0,0.5013,0.0,0.16
6782,42.53,5.52,58.47,0.0,0.0,0.7862,0.0,21.47
6783,42.33,4.84,49.36,11.87,0.0,0.7862,0.0,0.0
6784,41.76,9.64,35.93,0.0,0.0,0.9,0.0,3.8
6785,40.84,6.06,17.13,0.0,47.65,0.9,0.0,30.0
6786,39.6,12.92,0.0,0.0,24.87,0.3941,1.81,0.0
6787,38.08,5.25,0.0,0.0,2.83,0.13,30.0,0.0
6788,36.35,6.39,0.0,0.0,0.0,0.1,29.96,0.0
6789,34.48,14.65,0.0,10.18,0.0,0.1,30.0,0.0
6790,32.53,12.09,0.0,9.57,0.0,0.1975,30.0,0.0
6791,32.53,10.99,0.0,8.47,0.0,0.2892,30.0,0.0
6792,32.53,16.78,0.0,0.0,0.0,0.3703,15.76,0.0
6793,32.53,10.43,0.0,0.0,0.0,0.3703,22.1,0.0
6794,32.53,11.7,0.0,0.0,0.0,0.3703,20.83,0.0
6795,32.53,17.67,0.0,0.0,0.0,0.3703,14.86,0.0
6796,32.53,17.39,0.0,0.0,0.0,0.3703,15.14,0.0
6797,32.53,16.53,0.0,14.0,0.0,0.3703,30.0,0.0
6798,32.53,7.77,0.0,5.24,0.0,0.5045,30.0,0.0
6799,34.48,12.97,16.42,19.94,0.0,0.5547,25.03,0.0
6800,36.36,2.94,32.76,0.0,30.66,0.7458,0.0,30.0
6801,38.09,2.26,46.79,0.0,19.04,0.4203,0.0,30.0
6802,39.6,0.0,58.47,0.0,11.13,0.2181,0.0,30.0
6803,40.85,11.87,69.85,10.88,0.0,0.1,0.0,30.0
6804,41.77,1.22,67.75,27.2,0.0,0.2042,0.0,0.0
6805,42.34,4.42,67.96,30.04,0.0,0.4648,0.0,0.0
6806,42.53,1.58,61.89,2.3,0.0,0.7527,0.0,18.64
6807,42.34,8.89,46.52,13.08,0.0,0.7747,0.0,0.0
6808,41.77,5.32,32.03,0.0,0.0,0.9,4.43,0.0
6809,40.85,2.47,15.62,0.0,0.0,0.9,22.76,0.0
6810,39.6,10.77,0.0,0.0,0.0,0.9,28.83,0.0
6811,38.09,4.08,0.0,0.0,50.0,0.9,0.0,15.99
6812,36.36,7.55,0.0,0.0,0.0,0.3692,28.81,0.0
6813,34.48,3.14,0.0,0.0,1.34,0.3692,30.0,0.0
6814,32.53,6.63,0.0,0.0,24.01,0.3549,1.89,0.0
6815,32.53,13.69,0.0,0.0,0.0,0.1,18.85,0.0
6816,32.54,5.02,0.0,0.0,0.0,0.1,27.52,0.0
6817,32.54,6.88,0.0,0.0,0.0,0.1,25.66,0.0
6818,32.54,12.59,0.0,0.0,0.0,0.1,19.95,0.0
6819,32.54,9.69,0.0,7.15,0.0,0.1,30.0,0.0
6820,32.54,19.34,0.0,16.8,0.0,0.1685,30.0,0.0
6821,32.54,17.69,0.0,15.15,0.0,0.3295,30.0,0.0
6822,32.54,5.42,0.0,2.88,0.0,0.4746,30.0,0.0
6823,34.49,10.25,17.16,14.24,0.0,0.5022,21.32,0.0
6824,36.37,10.05,33.07,0.0,23.25,0.6387,0.0,30.0
6825,38.09,3.61,47.91,0.0,16.58,0.3919,0.0,30.0
6826,39.61,0.0,58.69,0.0,10.92,0.2159,0.0,30.0
6827,40.85,4.96,66.25,0.36,0.0,0.1,0.0,30.0
6828,41.78,4.15,68.82,31.2,0.0,0.1035,0.0,0.0
6829,42.35,3.21,66.36,17.5,0.0,0.4024,0.0,9.73
6830,42.54,7.26,60.76,25.48,0.0,0.57,0.0,0.0
6831,42.35,2.97,48.33,8.95,0.0,0.8142,0.0,0.0
6832,41.78,2.17,32.25,0.0,0.0,0.9,7.36,0.0
6833,40.85,8.39,17.48,0.0,44.98,0.9,0.0,30.0
6834,39.61,10.61,0.0,1.0,0.0,0.4224,30.0,0.0
6835,38.09,5.21,0.0,0.0,31.28,0.432,1.61,0.0
6836,36.37,14.93,0.0,0.0,0.0,0.1,21.43,0.0
6837,34.49,4.61,0.0,0.0,0.0,0.1,29.88,0.0
6838,32.54,10.21,0.0,7.67,0.0,0.1,30.0,0.0
6839,32.54,11.95,0.0,9.41,0.0,0.1735,30.0,0.0
6840,32.55,10.59,0.0,8.04,0.0,0.2636,30.0,0.0
6841,32.55,10.75,0.0,8.2,0.0,0.3407,30.0,0.0
6842,32.55,20.43,0.0,0.0,0.0,0.4193,12.12,0.0
6843,32.55,8.49,0.0,0.0,0.0,0.4193,24.06,0.0
6844,32.55,21.27,0.0,0.0,11.28,0.4193,0.0,0.0
6845,32.55,11.97,0.0,9.42,0.0,0.2996,30.0,0.0
6846,32.55,9.47,0.0,6.92,0.0,0.3898,30.0,0.0
6847,34.5,9.99,17.39,14.5,0.0,0.4561,21.62,0.0
6848,36.37,17.5,31.56,0.0,17.32,0.595,0.0,30.0
6849,38.1,2.04,49.25,0.0,16.82,0.4112,0.0,30.0
6850,39.62,0.85,58.16,0.0,10.61,0.2326,0.0,30.0
6851,40.86,1.95,67.03,0.0,1.88,0.12,0.0,30.0
6852,41.79,5.07,69.18,32.46,0.0,0.1,0.0,0.0
6853,42.35,0.0,67.24,9.56,0.0,0.4111,0.0,15.33
6854,42.55,5.59,58.62,21.66,0.0,0.5027,0.0,0.0
6855,42.35,13.17,48.99,19.81,0.0,0.7102,0.0,0.0
6856,41.79,7.64,32.8,0.0,0.0,0.9,1.35,0.0
6857,40.86,6.8,15.66,0.0,42.26,0.9,0.0,23.86
6858,39.62,6.52,0.0,0.0,33.09,0.4514,0.0,0.0
6859,38.1,13.88,0.0,0.0,0.0,0.1,24.22,0.0
6860,36.37,7.73,0.0,1.36,0.0,0.1,30.0,0.0
6861,34.5,19.66,0.0,0.0,0.0,0.113,14.83,0.0
6862,32.55,20.68,0.0,0.0,0.0,0.113,11.86,0.0
6863,32.55,14.15,0.0,0.0,0.0,0.113,18.4,0.0
6864,32.56,13.25,0.0,0.0,0.0,0.113,19.31,0.0
6865,32.56,17.43,0.0,4.44,0.0,0.113,19.57,0.0
6866,32.56,17.28,0.0,14.72,0.0,0.1556,30.0,0.0
6867,32.56,8.74,0.0,6.19,0.0,0.2966,30.0,0.0
6868,32.56,9.04,0.0,6.49,0.0,0.3559,30.0,0.0
6869,32.56,4.75,0.0,2.19,0.0,0.4181,30.0,0.0
6870,32.56,10.85,0.0,8.29,0.0,0.4391,30.0,0.0
6871,34.51,10.84,15.1,21.44,0.0,0.5186,30.0,0.0
6872,36.38,1.49,35.22,0.0,29.68,0.724,0.0,30.0
6873,38.11,4.34,47.34,0.0,16.43,0.409,0.0,30.0
6874,39.63,0.0,60.19,0.0,9.44,0.2345,0.0,30.0
6875,40.87,1.43,66.21,0.0,3.23,0.1343,0.0,30.0
6876,41.79,7.29,70.55,36.05,0.0,0.1,0.0,0.0
6877,42.36,2.11,66.2,24.04,0.0,0.4454,0.0,1.91
6878,42.56,4.32,61.64,23.4,0.0,0.6758,0.0,0.0
6879,42.36,0.0,45.92,0.0,0.0,0.9,0.0,3.56
6880,41.79,7.86,31.58,0.0,0.0,0.9,2.36,0.0
6881,40.87,7.9,17.25,0.0,41.86,0.9,0.0,26.13
6882,39.63,6.13,0.0,0.0,33.49,0.4556,0.0,0.0
6883,38.11,9.44,0.0,0.33,0.0,0.1,29.0,0.0
6884,36.38,11.97,0.0,5.59,0.0,0.1032,30.0,0.0
6885,34.51,8.71,0.0,4.2,0.0,0.1568,30.0,0.0
6886,32.56,6.63,0.0,4.07,0.0,0.197,30.0,0.0
6887,32.56,20.64,0.0,18.08,0.0,0.236,30.0,0.0
6888,32.56,10.74,0.0,0.0,0.0,0.4093,21.82,0.0
6889,32.56,12.83,0.0,0.0,0.0,0.4093,19.74,0.0
6890,32.56,17.0,0.0,0.0,0.0,0.4093,15.56,0.0
6891,32.56,26.78,0.0,0.0,0.0,0.4093,5.79,0.0
6892,32.56,6.14,0.0,0.0,0.0,0.4093,26.43,0.0
6893,32.56,12.16,0.0,0.0,0.0,0.4093,20.4,0.0
6894,32.56,6.29,0.0,0.0,0.0,0.4093,26.27,0.0
6895,34.52,5.92,13.72,0.0,0.0,0.4093,14.88,0.0
6896,36.39,4.17,31.63,0.0,0.0,0.4093,0.59,0.0
6897,38.12,1.63,45.63,0.0,20.86,0.4093,0.0,30.0
6898,39.64,5.46,59.05,0.0,5.12,0.1878,0.0,30.0
6899,40.88,0.0,67.73,0.0,3.15,0.1334,0.0,30.0
6900,41.8,9.0,67.03,34.23,0.0,0.1,0.0,0.0
6901,42.37,5.45,65.6,16.5,0.0,0.428,0.0,12.18
6902,42.56,7.39,57.09,21.91,0.0,0.5861,0.0,0.0
6903,42.37,4.36,48.86,10.85,0.0,0.7961,0.0,0.0
6904,41.8,5.63,32.02,0.0,0.0,0.9,4.16,0.0
6905,40.88,9.34,16.38,0.0,0.0,0.9,15.16,0.0
6906,39.64,4.4,0.0,0.0,5.24,0.9,30.0,0.0
6907,38.12,8.81,0.0,0.0,46.4,0.8444,0.0,17.09
6908,36.39,7.73,0.0,1.34,0.0,0.3518,30.0,0.0
6909,34.52,8.46,0.0,3.95,0.0,0.3647,30.0,0.0
6910,32.56,4.07,0.0,0.0,28.49,0.4025,0.0,0.0
6911,32.56,18.78,0.0,16.21,0.0,0.1,30.0,0.0
6912,32.57,10.59,0.0,8.02,0.0,0.2553,30.0,0.0
6913,32.57,18.12,0.0,0.0,0.0,0.3321,14.46,0.0
6914,32.57,17.31,0.0,0.0,0.0,0.3321,15.26,0.0
6915,32.57,6.89,0.0,0.0,0.0,0.3321,25.68,0.0
6916,32.57,6.86,0.0,4.28,0.0,0.3321,30.0,0.0
6917,32.57,20.97,0.0,0.0,0.0,0.3732,11.6,0.0
6918,32.57,16.55,0.0,13.97,0.0,0.3732,30.0,0.0
6919,34.53,8.09,16.79,11.62,0.0,0.507,21.26,0.0
6920,36.4,8.29,33.33,0.0,24.79,0.6184,0.0,30.0
6921,38.13,3.75,47.43,0.0,16.95,0.3552,0.0,30.0
6922,39.65,7.5,57.47,0.0,4.68,0.1753,0.0,30.0
6923,40.89,2.32,66.16,0.0,2.41,0.1256,0.0,30.0
6924,41.81,0.0,70.09,28.27,0.0,0.1,0.0,0.0
6925,42.38,0.0,67.12,25.43,0.0,0.3709,0.7,0.0
6926,42.57,5.79,58.35,21.57,0.0,0.6146,0.0,0.0
6927,42.38,1.68,48.92,8.22,0.0,0.8213,0.0,0.0
6928,41.81,6.94,34.45,0.0,0.0,0.9,0.42,0.0
6929,40.89,3.77,16.95,0.0,0.0,0.9,20.17,0.0
6930,39.65,6.05,0.0,0.0,25.35,0.9,8.24,0.0
6931,38.13,13.9,0.0,0.0,0.0,0.6308,24.23,0.0
6932,36.4,12.39,0.0,0.0,50.0,0.6308,0.0,25.99
6933,34.53,12.18,0.0,0.0,0.0,0.1,22.34,0.0
6934,32.57,16.52,0.0,0.0,0.0,0.1,16.05,0.0
6935,32.57,15.29,0.0,12.71,0.0,0.1,30.0,0.0
6936,32.59,19.5,0.0,12.77,0.0,0.2218,25.86,0.0
6937,32.59,11.46,0.0,0.0,21.13,0.3442,0.0,0.0
6938,32.59,11.17,0.0,8.58,0.0,0.1199,30.0,0.0
6939,32.59,6.9,0.0,0.0,0.0,0.2022,25.68,0.0
6940,32.59,9.66,0.0,7.07,0.0,0.2022,30.0,0.0
6941,32.59,14.43,0.0,11.85,0.0,0.2699,30.0,0.0
6942,32.59,14.75,0.0,12.16,0.0,0.3834,30.0,0.0
6943,34.54,12.27,13.45,21.18,0.0,0.5,30.0,0.0
6944,36.41,0.0,30.59,0.0,35.82,0.7029,0.0,30.0
6945,38.14,10.92,48.29,0.0,8.93,0.3226,0.0,30.0
6946,39.66,0.0,57.62,0.0,12.03,0.2277,0.0,30.0
6947,40.9,9.08,64.32,2.5,0.0,0.1,0.0,30.0
6948,41.82,3.69,68.44,30.31,0.0,0.1239,0.0,0.0
6949,42.39,8.27,66.77,32.64,0.0,0.4144,0.0,0.0
6950,42.59,0.25,56.65,14.32,0.0,0.7272,0.0,0.0
6951,42.39,11.28,49.81,3.72,0.0,0.8644,0.0,14.98
6952,41.82,1.22,33.41,0.0,0.0,0.9,7.19,0.0
6953,40.9,5.52,13.46,0.0,0.0,0.9,21.92,0.0
6954,39.66,5.23,0.0,0.0,25.35,0.9,9.08,0.0
6955,38.14,3.17,0.0,0.0,50.0,0.6308,0.0,15.02
6956,36.41,11.83,0.0,0.0,0.0,0.1,24.59,0.0
6957,34.54,19.78,0.0,0.0,0.0,0.1,14.76,0.0
6958,32.59,24.0,0.0,21.41,0.0,0.1,30.0,0.0
6959,32.59,13.77,0.0,11.18,0.0,0.3052,30.0,0.0
6960,32.6,18.2,0.0,0.0,0.0,0.4123,14.4,0.0
6961,32.6,14.39,0.0,0.0,0.0,0.4123,18.2,0.0
6962,32.6,15.09,0.0,12.49,0.0,0.4123,30.0,0.0
6963,32.6,10.94,0.0,0.0,0.0,0.532,21.65,0.0
6964,32.6,12.31,0.0,9.71,0.0,0.532,30.0,0.0
6965,32.6,12.73,0.0,1.59,0.0,0.6251,21.46,0.0
6966,32.6,7.03,0.0,0.0,0.0,0.6403,25.56,0.0
6967,34.55,8.04,15.18,0.0,0.0,0.6403,11.33,0.0
6968,36.42,7.12,34.31,0.0,25.0,0.6403,0.0,30.0
6969,38.15,9.93,45.26,0.0,12.97,0.3749,0.0,30.0
6970,39.67,1.43,56.2,0.0,12.04,0.2373,0.0,30.0
6971,40.91,5.22,64.81,0.0,0.89,0.1094,0.0,30.0
6972,41.84,13.21,67.73,39.11,0.0,0.1,0.0,0.0
6973,42.41,10.25,67.4,35.24,0.0,0.4747,0.0,0.0
6974,42.6,11.43,57.14,9.14,0.0,0.8124,0.0,16.84
6975,42.41,6.6,45.79,0.0,0.0,0.9,0.0,9.99
6976,41.84,8.69,33.15,0.0,0.0,0.9,0.0,0.0
6977,40.91,12.51,15.04,0.0,43.36,0.9,0.0,30.0
6978,39.67,15.9,0.0,0.0,0.0,0.4396,23.77,0.0
6979,38.15,2.42,0.0,0.0,31.62,0.4396,4.12,0.0
6980,36.42,6.05,0.0,0.0,0.37,0.1039,30.0,0.0
6981,34.55,17.79,0.0,0.0,0.0,0.1,16.76,0.0
6982,32.6,11.87,0.0,0.0,0.0,0.1,20.73,0.0
6983,32.6,10.65,0.0,8.05,0.0,0.1,30.0,0.0
6984,32.61,8.45,0.0,5.84,0.0,0.1772,30.0,0.0
6985,32.61,11.2,0.0,0.0,0.0,0.2331,21.41,0.0
6986,32.61,7.28,0.0,0.0,0.0,0.2331,25.33,0.0
6987,32.61,21.09,0.0,9.52,0.0,0.2331,21.04,0.0
6988,32.61,11.48,0.0,0.0,21.13,0.3243,0.0,0.0
6989,32.61,10.33,0.0,1.24,0.0,0.1,23.52,0.0
6990,32.61,11.94,0.0,0.0,0.0,0.1119,20.67,0.0
6991,34.56,12.41,17.62,25.48,0.0,0.1119,30.0,0.0
6992,36.44,11.35,30.98,0.0,24.11,0.356,0.0,30.0
6993,38.17,11.02,47.2,20.05,0.0,0.1,0.0,0.0
6994,39.68,1.29,56.68,0.0,11.71,0.2921,0.0,30.0
6995,40.92,0.0,64.54,0.0,6.39,0.1678,0.0,30.0
6996,41.85,8.54,65.59,32.28,0.0,0.1,0.0,0.0
6997,42.42,3.31,63.59,24.49,0.0,0.4093,0.0,0.0
6998,42.61,5.89,59.39,22.67,0.0,0.644,0.0,0.0
6999,42.42,8.22,46.12,4.05,0.0,0.8611,0.0,7.87
7000,41.85,10.68,30.62,0.0,0.0,0.9,0.55,0.0
7001,40.92,1.06,15.57,0.0,0.0,0.9,24.29,0.0
7002,39.68,12.46,0.0,0.0,25.35,0.9,1.87,0.0
7003,38.17,9.6,0.0,0.0,50.0,0.6308,0.0,21.44
7004,36.44,14.5,0.0,0.0,0.0,0.1,21.93,0.0
7005,34.56,15.65,0.0,0.0,0.0,0.1,18.91,0.0
7006,32.61,19.75,0.0,17.14,0.0,0.1,30.0,0.0
7007,32.61,19.11,0.0,16.5,0.0,0.2642,30.0,0.0
7008,32.62,19.29,0.0,0.0,0.0,0.4223,13.33,0.0
7009,32.62,19.55,0.0,0.0,0.0,0.4223,13.07,0.0
7010,32.62,14.36,0.0,0.0,0.0,0.4223,18.26,0.0
7011,32.62,12.63,0.0,0.0,0.0,0.4223,19.99,0.0
7012,32.62,15.26,0.0,0.0,0.0,0.4223,17.37,0.0
7013,32.62,13.67,0.0,11.05,0.0,0.4223,30.0,0.0
7014,32.62,8.29,0.0,1.87,0.0,0.5282,26.2,0.0
7015,34.57,10.17,13.53,0.0,0.0,0.5461,10.87,0.0
7016,36.45,7.35,33.66,0.0,25.44,0.5461,0.0,30.0
7017,38.18,3.1,48.7,0.0,16.38,0.2761,0.0,30.0
7018,39.69,11.33,58.16,0.0,0.21,0.1022,0.0,30.0
7019,40.94,5.79,63.79,28.65,0.0,0.1,0.0,0.0
7020,41.86,13.91,69.66,41.71,0.0,0.3745,0.0,0.0
7021,42.43,0.0,63.91,0.0,0.0,0.7741,0.0,21.48
7022,42.62,3.67,57.94,0.87,0.0,0.7741,0.0,18.12
7023,42.43,6.77,46.04,10.38,0.0,0.7824,0.0,0.0
7024,41.86,12.21,31.54,1.89,0.0,0.8819,0.0,0.0
7025,40.94,10.15,16.52,0.0,0.0,0.9,14.27,0.0
7026,39.69,10.85,0.0,0.0,25.35,0.9,3.49,0.0
7027,38.18,5.97,0.0,0.0,50.0,0.6308,0.0,17.79
7028,36.45,6.85,0.0,0.0,0.0,0.1,29.6,0.0
7029,34.57,13.83,0.0,9.26,0.0,0.1,30.0,0.0
7030,32.62,7.5,0.0,4.88,0.0,0.1887,30.0,0.0
7031,32.62,11.37,0.0,8.74,0.0,0.2355,30.0,0.0
7032,32.64,15.85,0.0,13.22,0.0,0.3193,30.0,0.0
7033,32.64,9.57,0.0,6.93,0.0,0.4459,30.0,0.0
7034,32.64,19.87,0.0,17.24,0.0,0.5123,30.0,0.0
7035,32.64,17.64,0.0,15.0,0.0,0.6775,30.0,0.0
7036,32.64,5.2,0.0,0.0,13.78,0.8212,13.66,0.0
7037,32.64,6.84,0.0,4.21,0.0,0.6749,30.0,0.0
7038,32.64,0.16,0.0,0.0,32.47,0.7153,0.0,0.0
7039,34.59,5.32,14.32,15.06,0.0,0.3705,30.0,0.0
7040,36.46,10.74,34.69,0.0,21.04,0.5148,0.0,30.0
7041,38.19,4.99,45.17,0.0,18.03,0.2914,0.0,30.0
7042,39.71,7.96,56.89,25.14,0.0,0.1,0.0,0.0
7043,40.95,0.0,50.45,0.0,20.5,0.3409,0.0,30.0
7044,41.87,8.8,66.48,33.41,0.0,0.1232,0.0,0.0
7045,42.44,3.33,64.22,25.11,0.0,0.4433,0.0,0.0
7046,42.64,6.1,59.1,22.56,0.0,0.6839,0.0,0.0
7047,42.44,6.32,47.12,0.0,0.0,0.9,0.0,11.0
7048,41.87,2.29,30.89,0.0,0.0,0.9,8.69,0.0
7049,40.95,3.78,15.48,0.0,50.0,0.9,0.0,28.31
7050,39.71,13.64,0.0,3.94,0.0,0.3692,30.0,0.0
7051,38.19,12.36,0.0,4.17,0.0,0.4069,30.0,0.0
7052,36.46,16.06,0.0,0.0,32.67,0.4468,0.0,12.26
7053,34.59,13.91,0.0,0.0,0.0,0.1,20.68,0.0
7054,32.64,13.82,0.0,11.18,0.0,0.1,30.0,0.0
7055,32.64,6.49,0.0,0.0,0.0,0.2071,26.15,0.0
7056,32.65,12.73,0.0,10.07,0.0,0.2071,30.0,0.0
7057,32.65,13.59,0.0,10.94,0.0,0.3037,30.0,0.0
7058,32.65,21.38,0.0,0.0,0.0,0.4085,11.27,0.0
7059,32.65,15.48,0.0,0.0,0.0,0.4085,17.17,0.0
7060,32.65,18.14,0.0,0.0,14.51,0.4085,0.0,0.0
7061,32.65,13.25,0.0,0.0,0.0,0.2544,19.4,0.0
7062,32.65,6.75,0.0,4.1,0.0,0.2544,30.0,0.0
7063,34.6,9.12,15.97,7.34,0.0,0.2937,16.86,0.0
7064,36.48,8.61,33.09,0.0,24.78,0.3641,0.0,30.0
7065,38.21,2.88,46.7,11.38,0.0,0.101,0.0,0.0
7066,39.72,4.52,57.16,0.0,8.04,0.2101,0.0,30.0
7067,40.97,4.85,63.79,0.0,2.32,0.1247,0.0,30.0
7068,41.89,12.21,68.62,27.58,0.0,0.1,0.0,11.36
7069,42.46,0.0,63.84,21.38,0.0,0.3643,0.0,0.0
7070,42.65,11.11,57.29,25.75,0.0,0.5691,0.0,0.0
7071,42.46,2.89,48.35,8.79,0.0,0.8158,0.0,0.0
7072,41.89,1.95,33.62,0.0,0.0,0.9,6.32,0.0
7073,40.97,13.52,15.29,0.0,42.16,0.9,0.0,30.0
7074,39.72,12.73,0.0,3.01,0.0,0.4524,30.0,0.0
7075,38.21,15.97,0.0,0.0,35.91,0.4813,0.0,13.68
7076,36.48,15.09,0.0,8.61,0.0,0.1,30.0,0.0
7077,34.6,21.17,0.0,0.0,0.0,0.1825,13.43,0.0
7078,32.65,15.61,0.0,0.0,0.0,0.1825,17.04,0.0
7079,32.65,13.06,0.0,10.41,0.0,0.1825,30.0,0.0
7080,32.67,15.33,0.0,12.67,0.0,0.2822,30.0,0.0
7081,32.67,18.92,0.0,0.0,0.0,0.4036,13.74,0.0
7082,32.67,10.13,0.0,7.46,0.0,0.4036,30.0,0.0
7083,32.67,10.0,0.0,7.33,0.0,0.4751,30.0,0.0
7084,32.67,10.56,0.0,7.9,0.0,0.5454,30.0,0.0
7085,32.67,2.12,0.0,0.0,17.47,0.621,13.08,0.0
7086,32.67,10.34,0.0,7.68,0.0,0.4356,30.0,0.0
7087,34.62,0.88,14.4,10.66,0.0,0.5092,30.0,0.0
7088,36.49,7.92,32.56,0.0,26.02,0.6113,0.0,30.0
7089,38.22,10.42,45.1,0.0,12.7,0.3351,0.0,30.0
7090,39.74,4.2,56.09,0.0,9.45,0.2003,0.0,30.0
7091,40.98,12.72,66.02,7.76,0.0,0.1,0.0,30.0
7092,41.9,0.0,67.83,6.85,0.0,0.1743,0.0,19.08
7093,42.47,10.7,63.1,31.33,0.0,0.24,0.0,0.0
7094,42.67,8.98,57.91,24.23,0.0,0.5401,0.0,0.0
7095,42.47,0.0,46.76,4.28,0.0,0.7723,0.0,0.0
7096,41.9,18.93,32.02,9.05,0.0,0.8133,0.0,0.0
7097,40.98,8.43,13.98,0.0,38.54,0.9,0.0,19.97
7098,39.74,6.13,0.0,0.0,33.6,0.4908,0.0,0.0
7099,38.22,5.01,0.0,0.0,3.21,0.1341,30.0,0.0
7100,36.49,10.93,0.0,4.44,0.0,0.1,30.0,0.0
7101,34.62,12.17,0.0,7.55,0.0,0.1425,30.0,0.0
7102,32.67,13.78,0.0,11.12,0.0,0.2149,30.0,0.0
7103,32.67,12.54,0.0,0.0,20.13,0.3214,0.0,0.0
7104,32.68,16.6,0.0,0.0,0.0,0.1077,16.08,0.0
7105,32.68,12.23,0.0,0.0,0.0,0.1077,20.45,0.0
7106,32.68,5.41,0.0,2.73,0.0,0.1077,30.0,0.0
7107,32.68,12.15,0.0,9.47,0.0,0.1338,30.0,0.0
7108,32.68,2.1,0.0,0.0,0.58,0.2245,30.0,0.0
7109,32.68,12.37,0.0,0.0,11.15,0.2183,9.16,0.0
7110,32.68,5.78,0.0,0.76,0.0,0.1,27.66,0.0
7111,34.63,9.44,15.48,20.28,0.0,0.1073,30.0,0.0
7112,36.51,13.21,34.31,0.0,18.99,0.3016,0.0,30.0
7113,38.24,2.97,44.9,9.63,0.0,0.1,0.0,0.0
7114,39.75,10.64,55.41,0.0,3.7,0.1923,0.0,30.0
7115,41.0,3.76,62.24,0.0,5.0,0.1531,0.0,30.0
7116,41.92,12.96,64.68,22.81,0.0,0.1,0.0,12.91
7117,42.49,4.32,66.08,27.91,0.0,0.3185,0.0,0.0
7118,42.68,2.76,58.04,18.13,0.0,0.586,0.0,0.0
7119,42.49,9.75,47.38,14.65,0.0,0.7597,0.0,0.0
7120,41.92,5.96,31.97,0.0,0.0,0.9,3.99,0.0
7121,41.0,5.28,13.21,0.0,24.42,0.9,0.0,1.9
7122,39.75,7.86,0.0,0.0,1.9,0.6408,30.0,0.0
7123,38.24,10.72,0.0,0.0,0.0,0.6206,27.51,0.0
7124,36.51,17.47,0.0,0.0,49.04,0.6206,0.0,30.0
7125,34.63,4.75,0.0,0.12,0.0,0.1,30.0,0.0
7126,32.68,13.52,0.0,0.0,0.0,0.1011,19.16,0.0
7127,32.68,16.43,0.0,0.0,0.0,0.1011,16.25,0.0
7128,32.7,14.85,0.0,0.0,0.0,0.1011,17.85,0.0
7129,32.7,19.33,0.0,0.0,0.0,0.1011,13.37,0.0
7130,32.7,13.18,0.0,0.0,0.0,0.1011,19.52,0.0
7131,32.7,12.07,0.0,8.84,0.0,0.1011,29.48,0.0
7132,32.7,14.43,0.0,11.73,0.0,0.1859,30.0,0.0
7133,32.7,11.39,0.0,8.69,0.0,0.2983,30.0,0.0
7134,32.7,8.28,0.0,5.59,0.0,0.3815,30.0,0.0
7135,34.65,10.97,14.3,20.62,0.0,0.4351,30.0,0.0
7136,36.52,5.13,31.0,0.0,30.39,0.6326,0.0,30.0
7137,38.25,4.44,44.04,0.0,19.77,0.3099,0.0,30.0
7138,39.77,4.13,58.12,22.48,0.0,0.1,0.0,0.0
7139,41.01,11.51,64.48,4.97,0.0,0.3154,0.0,30.0
7140,41.94,0.0,65.61,23.67,0.0,0.363,0.0,0.0
7141,42.51,7.54,65.34,30.37,0.0,0.5898,0.0,0.0
7142,42.7,6.45,56.65,2.0,0.0,0.8809,0.0,18.41
7143,42.51,0.01,45.34,0.0,0.0,0.9,0.0,2.84
7144,41.94,9.11,31.86,0.0,0.0,0.9,0.97,0.0
7145,41.01,10.8,13.82,0.0,0.0,0.9,16.39,0.0
7146,39.77,12.34,0.0,0.0,50.0,0.9,0.0,22.58
7147,38.25,0.0,0.0,0.0,8.25,0.3692,30.0,0.0
7148,36.52,17.63,0.0,0.0,10.69,0.2815,8.2,0.0
7149,34.65,9.77,0.0,5.13,0.0,0.1681,30.0,0.0
7150,32.7,16.33,0.0,13.64,0.0,0.2172,30.0,0.0
7151,32.7,16.97,0.0,14.28,0.0,0.3478,30.0,0.0
7152,32.71,10.48,0.0,0.0,22.24,0.4846,0.0,0.0
7153,32.71,16.71,0.0,13.99,0.0,0.2485,30.0,0.0
7154,32.71,11.96,0.0,9.24,0.0,0.3826,30.0,0.0
7155,32.71,4.31,0.0,1.6,0.0,0.4712,30.0,0.0
7156,32.71,16.88,0.0,0.0,15.84,0.4865,0.0,0.0
7157,32.71,7.83,0.0,5.11,0.0,0.3183,30.0,0.0
7158,32.71,6.43,0.0,3.71,0.0,0.3673,30.0,0.0
7159,34.67,7.22,16.77,19.33,0.0,0.4029,30.0,0.0
7160,36.54,9.02,32.97,0.0,24.55,0.5881,0.0,30.0
7161,38.27,6.8,44.46,0.0,17.01,0.3275,0.0,30.0
7162,39.79,8.65,56.72,0.0,4.41,0.1468,0.0,30.0
7163,41.03,0.41,62.94,22.32,0.0,0.1,0.0,0.0
7164,41.95,2.75,64.59,0.0,0.0,0.3139,0.0,25.38
7165,42.52,5.48,64.89,27.85,0.0,0.3139,0.0,0.0
7166,42.71,14.24,54.88,26.4,0.0,0.5807,0.0,0.0
7167,42.52,6.57,47.97,6.92,0.0,0.8337,0.0,5.09
7168,41.95,12.39,33.31,0.0,0.0,0.9,0.0,3.74
7169,41.03,9.05,13.16,0.0,48.82,0.9,0.0,30.0
7170,39.79,7.96,0.0,0.0,26.53,0.3817,5.29,0.0
7171,38.27,10.02,0.0,0.0,0.0,0.1,28.25,0.0
7172,36.54,11.34,0.0,0.0,0.0,0.1,25.2,0.0
7173,34.67,15.4,0.0,0.0,0.0,0.1,19.27,0.0
7174,32.71,19.25,0.0,0.0,0.0,0.1,13.46,0.0
7175,32.71,15.46,0.0,0.0,0.0,0.1,17.26,0.0
7176,32.73,19.09,0.0,0.0,0.0,0.1,13.64,0.0
7177,32.73,10.04,0.0,2.06,0.0,0.1,24.76,0.0
7178,32.73,11.9,0.0,9.17,0.0,0.1198,30.0,0.0
7179,32.73,9.96,0.0,7.23,0.0,0.2076,30.0,0.0
7180,32.73,13.41,0.0,10.67,0.0,0.2769,30.0,0.0
7181,32.73,9.62,0.0,6.88,0.0,0.3792,30.0,0.0
7182,32.73,13.06,0.0,10.32,0.0,0.4451,30.0,0.0
7183,34.68,5.1,16.1,16.52,0.0,0.544,30.0,0.0
7184,36.56,8.14,30.11,0.0,28.31,0.7023,0.0,30.0
7185,38.29,9.95,44.19,0.0,14.15,0.4018,0.0,30.0
7186,39.8,0.0,55.53,0.0,14.27,0.2515,0.0,30.0
7187,41.05,14.82,65.19,8.96,0.0,0.1,0.0,30.0
7188,41.97,4.72,65.52,28.27,0.0,0.1859,0.0,0.0
7189,42.54,0.0,62.23,19.69,0.0,0.4567,0.0,0.0
7190,42.73,7.1,54.76,18.1,0.0,0.6454,0.0,1.02
7191,42.54,7.24,43.78,8.48,0.0,0.8188,0.0,0.0
7192,41.97,7.62,30.47,0.0,0.0,0.9,3.88,0.0
7193,41.05,13.07,14.7,0.0,0.0,0.9,13.28,0.0
7194,39.8,13.13,0.0,0.0,50.0,0.9,0.0,23.33
7195,38.29,12.34,0.0,0.0,25.35,0.3692,0.6,0.0
7196,36.56,13.97,0.0,0.0,0.0,0.1,22.59,0.0
7197,34.68,12.53,0.0,7.85,0.0,0.1,30.0,0.0
7198,32.73,20.98,0.0,18.24,0.0,0.1752,30.0,0.0
7199,32.73,7.9,0.0,0.0,0.0,0.35,24.83,0.0
7200,32.75,14.82,0.0,0.0,0.0,0.35,17.93,0.0
7201,32.75,14.37,0.0,0.0,0.0,0.35,18.38,0.0
7202,32.75,17.05,0.0,0.0,0.0,0.35,15.7,0.0
7203,32.75,9.53,0.0,0.0,0.0,0.35,23.22,0.0
7204,32.75,4.94,0.0,2.19,0.0,0.35,30.0,0.0
7205,32.75,11.82,0.0,9.07,0.0,0.371,30.0,0.0
7206,32.75,11.26,0.0,8.51,0.0,0.4579,30.0,0.0
7207,34.7,15.2,14.79,0.12,0.0,0.5394,4.83,0.0
7208,36.58,2.76,32.14,0.0,31.68,0.5406,0.0,30.0
7209,38.31,11.95,46.53,0.0,9.82,0.2043,0.0,30.0
7210,39.82,16.32,54.66,31.16,0.0,0.1,0.0,0.0
7211,41.07,0.0,42.95,0.0,28.12,0.3986,0.0,30.0
7212,41.99,0.6,67.48,25.89,0.0,0.1,0.0,0.21
7213,42.56,4.41,61.54,23.39,0.0,0.348,0.0,0.0
7214,42.75,6.57,57.04,20.85,0.0,0.5721,0.0,0.0
7215,42.56,9.5,46.42,13.37,0.0,0.7719,0.0,0.0
7216,41.99,5.57,31.9,0.0,0.0,0.9,4.52,0.0
7217,41.07,15.47,15.19,0.0,21.01,0.9,0.0,10.6
7218,39.82,5.48,0.0,0.0,50.0,0.677,0.0,15.66
7219,38.31,3.96,0.0,0.0,4.34,0.1461,30.0,0.0
7220,36.58,16.75,0.0,10.18,0.0,0.1,30.0,0.0
7221,34.7,3.6,0.0,0.0,9.18,0.1975,21.92,0.0
7222,32.75,12.84,0.0,10.09,0.0,0.1,30.0,0.0
7223,32.75,27.02,0.0,0.0,0.0,0.1967,5.73,0.0
7224,32.77,14.25,0.0,11.48,0.0,0.1967,30.0,0.0
7225,32.77,9.52,0.0,0.0,0.0,0.3067,23.25,0.0
7226,32.77,13.51,0.0,10.74,0.0,0.3067,30.0,0.0
7227,32.77,12.88,0.0,0.0,0.0,0.4096,19.89,0.0
7228,32.77,12.9,0.0,0.0,0.0,0.4096,19.87,0.0
7229,32.77,13.98,0.0,0.0,0.0,0.4096,18.79,0.0
7230,32.77,5.85,0.0,3.08,0.0,0.4096,30.0,0.0
7231,34.72,16.08,16.82,17.5,0.0,0.4392,19.33,0.0
7232,36.6,9.1,30.73,0.0,26.76,0.6069,0.0,30.0
7233,38.33,10.24,46.72,0.0,11.37,0.3228,0.0,30.0
7234,39.84,3.97,56.26,0.0,9.62,0.2021,0.0,30.0
7235,41.08,11.49,63.56,3.96,0.0,0.1,0.0,30.0
7236,42.01,4.95,66.48,29.42,0.0,0.138,0.0,0.0
7237,42.58,7.31,63.35,27.69,0.0,0.4199,0.0,0.39
7238,42.77,2.71,54.73,14.66,0.0,0.6852,0.0,0.0
7239,42.58,3.1,46.71,7.23,0.0,0.8257,0.0,0.0
7240,42.01,10.94,31.59,0.52,0.0,0.895,0.0,0.0
7241,41.08,7.25,14.47,0.0,49.37,0.9,0.0,30.0
7242,39.84,6.62,0.0,0.0,25.98,0.3759,7.23,0.0
7243,38.33,8.57,0.0,0.0,0.0,0.1,29.76,0.0
7244,36.6,15.13,0.0,0.0,0.0,0.1,21.47,0.0
7245,34.72,10.48,0.0,5.76,0.0,0.1,30.0,0.0
7246,32.77,13.26,0.0,0.0,5.2,0.1552,14.31,0.0
7247,32.77,14.22,0.0,10.51,0.0,0.1,29.06,0.0
7248,32.79,6.42,0.0,3.63,0.0,0.2007,30.0,0.0
7249,32.79,8.13,0.0,5.34,0.0,0.2355,30.0,0.0
7250,32.79,15.2,0.0,0.0,17.58,0.2867,0.0,0.0
7251,32.79,10.1,0.0,7.31,0.0,0.1,30.0,0.0
7252,32.79,16.67,0.0,12.61,0.0,0.17,28.72,0.0
7253,32.79,15.3,0.0,0.0,0.0,0.2908,17.49,0.0
7254,32.79,13.2,0.0,10.41,0.0,0.2908,30.0,0.0
7255,34.74,16.69,14.99,26.94,0.0,0.3906,30.0,0.0
7256,36.62,7.81,29.84,0.0,28.97,0.6488,0.0,30.0
7257,38.35,9.98,44.71,0.0,13.65,0.3412,0.0,30.0
7258,39.86,4.21,56.58,0.0,9.07,0.1963,0.0,30.0
7259,41.1,16.38,60.54,5.82,0.0,0.1,0.0,30.0
7260,42.03,14.3,63.14,35.41,0.0,0.1557,0.0,0.0
7261,42.6,6.27,60.29,23.96,0.0,0.495,0.0,0.0
7262,42.79,8.24,55.13,18.3,0.0,0.7246,0.0,2.28
7263,42.6,12.93,45.18,0.0,0.0,0.9,0.0,15.51
7264,42.03,7.54,29.49,0.0,0.0,0.9,5.0,0.0
7265,41.1,6.43,13.95,0.0,0.0,0.9,20.72,0.0
7266,39.86,13.84,0.0,0.0,50.0,0.9,0.0,23.98
7267,38.35,11.62,0.0,3.28,0.0,0.3692,30.0,0.0
7268,36.62,13.05,0.0,0.0,28.31,0.4005,0.0,4.74
7269,34.74,9.7,0.0,4.96,0.0,0.1,30.0,0.0
7270,32.79,6.69,0.0,3.9,0.0,0.1475,30.0,0.0
7271,32.79,15.2,0.0,12.41,0.0,0.1849,30.0,0.0
7272,32.81,18.18,0.0,15.37,0.0,0.3038,30.0,0.0
7273,32.81,13.35,0.0,10.54,0.0,0.4511,30.0,0.0
7274,32.81,19.83,0.0,17.02,0.0,0.5521,30.0,0.0
7275,32.81,10.3,0.0,0.0,22.51,0.7152,0.0,0.0
7276,32.81,7.99,0.0,5.18,0.0,0.4762,30.0,0.0
7277,32.81,11.08,0.0,8.27,0.0,0.5258,30.0,0.0
7278,32.81,9.94,0.0,0.0,22.87,0.605,0.0,0.0
7279,34.76,12.4,15.62,23.26,0.0,0.3622,30.0,0.0
7280,36.64,5.0,30.26,0.0,31.37,0.5851,0.0,30.0
7281,38.37,13.02,45.12,0.0,10.22,0.2521,0.0,30.0
7282,39.88,14.85,54.15,0.0,0.42,0.1436,0.0,29.54
7283,41.12,6.12,61.32,0.0,3.68,0.1391,0.0,30.0
7284,42.05,11.32,63.76,24.73,0.0,0.1,0.0,8.3
7285,42.62,1.91,63.57,22.86,0.0,0.337,0.0,0.0
7286,42.81,11.15,54.37,22.71,0.0,0.556,0.0,0.0
7287,42.62,11.7,44.11,13.19,0.0,0.7736,0.0,0.0
7288,42.05,11.79,31.33,0.0,0.0,0.9,0.0,1.07
7289,41.12,9.15,15.64,0.0,15.47,0.9,0.86,0.0
7290,39.88,0.0,0.0,0.0,9.88,0.7358,30.0,0.0
7291,38.37,8.7,0.0,0.0,50.0,0.6308,0.0,20.33
7292,36.64,9.76,0.0,0.0,0.0,0.1,26.87,0.0
7293,34.76,9.16,0.0,0.0,0.0,0.1,25.6,0.0
7294,32.81,14.38,0.0,11.57,0.0,0.1,30.0,0.0
7295,32.81,12.55,0.0,0.0,0.0,0.2109,20.26,0.0
7296,32.83,11.07,0.0,0.0,0.0,0.2109,21.76,0.0
7297,32.83,9.96,0.0,0.0,0.0,0.2109,22.87,0.0
7298,32.83,10.97,0.0,0.0,0.0,0.2109,21.86,0.0
7299,32.83,17.92,0.0,1.45,0.0,0.2109,16.35,0.0
7300,32.83,9.68,0.0,6.85,0.0,0.2247,30.0,0.0
7301,32.83,9.29,0.0,6.46,0.0,0.2904,30.0,0.0
7302,32.83,8.46,0.0,5.62,0.0,0.3522,30.0,0.0
7303,34.78,10.68,13.49,19.39,0.0,0.4061,30.0,0.0
7304,36.66,10.17,33.23,0.0,23.26,0.5919,0.0,30.0
7305,38.39,0.0,45.32,0.0,23.07,0.3449,0.0,30.0
7306,39.9,10.99,55.89,0.0,0.0,0.1,0.0,26.98
7307,41.15,12.3,64.18,35.33,0.0,0.1,0.0,0.0
7308,42.07,1.85,65.59,25.38,0.0,0.4386,0.0,0.0
7309,42.64,2.32,61.87,21.55,0.0,0.6817,0.0,0.0
7310,42.83,4.89,56.71,1.23,0.0,0.8882,0.0,17.55
7311,42.64,4.29,46.1,0.0,0.0,0.9,0.0,7.75
7312,42.07,9.2,30.23,0.0,0.0,0.9,2.64,0.0
7313,41.15,1.21,15.79,0.0,21.17,0.9,2.98,0.0
7314,39.9,5.72,0.0,0.0,4.19,0.6753,30.0,0.0
7315,38.39,17.8,0.0,0.0,50.0,0.6308,0.0,29.41
7316,36.66,8.57,0.0,0.0,0.0,0.1,28.08,0.0
7317,34.78,18.43,0.0,0.0,0.0,0.1,16.35,0.0
7318,32.83,15.41,0.0,12.58,0.0,0.1,30.0,0.0
7319,32.83,6.85,0.0,0.0,0.0,0.2205,25.98,0.0
7320,32.85,17.19,0.0,0.0,0.0,0.2205,15.67,0.0
7321,32.85,13.92,0.0,0.0,0.0,0.2205,18.93,0.0
7322,32.85,12.11,0.0,0.0,0.0,0.2205,20.74,0.0
7323,32.85,14.35,0.0,0.0,0.0,0.2205,18.5,0.0
7324,32.85,14.45,0.0,0.0,0.0,0.2205,18.4,0.0
7325,32.85,14.41,0.0,11.56,0.0,0.2205,30.0,0.0
7326,32.85,15.29,0.0,12.44,0.0,0.3313,30.0,0.0
7327,34.8,11.03,14.96,17.85,0.0,0.4505,26.67,0.0
7328,36.68,2.64,31.86,0.0,32.18,0.6215,0.0,30.0
7329,38.41,5.52,45.95,0.0,16.94,0.2799,0.0,30.0
7330,39.92,19.02,57.04,6.13,0.0,0.1,0.0,30.0
7331,41.17,9.41,56.23,0.0,5.53,0.1587,0.0,30.0
7332,42.09,16.08,63.11,37.11,0.0,0.1,0.0,0.0
7333,42.66,12.19,60.17,29.7,0.0,0.4555,0.0,0.0
7334,42.85,7.82,53.64,7.9,0.0,0.7401,0.0,10.72
7335,42.66,8.73,42.73,8.79,0.0,0.8157,0.0,0.0
7336,42.09,8.19,31.99,0.0,0.0,0.9,1.91,0.0
7337,41.17,2.14,13.29,0.0,25.35,0.9,0.39,0.0
7338,39.92,10.48,0.0,0.0,0.0,0.6308,29.44,0.0
7339,38.41,16.5,0.0,0.0,50.0,0.6308,0.0,28.09
7340,36.68,10.0,0.0,0.0,0.0,0.1,26.68,0.0
7341,34.8,15.05,0.0,10.24,0.0,0.1,30.0,0.0
7342,32.85,17.53,0.0,14.67,0.0,0.1981,30.0,0.0
7343,32.85,10.64,0.0,0.15,0.0,0.3387,22.36,0.0
7344,32.88,12.74,0.0,0.0,0.0,0.3402,20.13,0.0
7345,32.88,10.26,0.0,0.0,22.62,0.3402,0.0,0.0
7346,32.88,10.65,0.0,7.78,0.0,0.1,30.0,0.0
7347,32.88,8.07,0.0,0.0,0.0,0.1745,24.81,0.0
7348,32.88,8.81,0.0,5.94,0.0,0.1745,30.0,0.0
7349,32.88,17.42,0.0,14.55,0.0,0.2314,30.0,0.0
7350,32.88,6.68,0.0,3.8,0.0,0.3708,30.0,0.0
7351,34.83,9.92,15.81,17.32,0.0,0.4072,26.41,0.0
7352,36.7,6.32,30.11,0.0,30.27,0.5731,0.0,30.0
7353,38.43,12.43,46.55,0.0,9.45,0.2518,0.0,30.0
7354,39.95,12.32,52.79,0.0,4.84,0.1514,0.0,30.0
7355,41.19,10.05,61.14,0.0,0.0,0.1,0.0,30.0
7356,42.11,7.6,64.77,30.25,0.0,0.1,0.0,0.0
7357,42.68,5.51,61.51,24.34,0.0,0.3898,0.0,0.0
7358,42.88,1.94,56.41,15.48,0.0,0.6231,0.0,0.0
7359,42.68,15.59,42.21,13.42,0.0,0.7714,0.0,1.7
7360,42.11,5.25,28.07,0.0,0.0,0.9,8.8,0.0
7361,41.19,12.15,15.16,0.0,43.88,0.9,0.0,30.0
7362,39.95,14.86,0.0,0.0,31.47,0.4341,0.0,6.38
7363,38.43,9.24,0.0,0.81,0.0,0.1,30.0,0.0
7364,36.7,16.84,0.0,0.0,0.73,0.1078,19.13,0.0
7365,34.83,16.57,0.0,0.0,0.0,0.1,18.26,0.0
7366,32.88,21.22,0.0,0.0,0.0,0.1,11.66,0.0
7367,32.88,12.53,0.0,9.65,0.0,0.1,30.0,0.0
7368,32.9,9.35,0.0,6.45,0.0,0.1925,30.0,0.0
7369,32.9,12.44,0.0,0.0,0.0,0.2543,20.46,0.0
7370,32.9,14.98,0.0,0.0,0.0,0.2543,17.91,0.0
7371,32.9,13.7,0.0,0.0,0.0,0.2543,19.2,0.0
7372,32.9,10.97,0.0,8.07,0.0,0.2543,30.0,0.0
7373,32.9,3.69,0.0,0.79,0.0,0.3316,30.0,0.0
7374,32.9,12.48,0.0,9.58,0.0,0.3393,30.0,0.0
7375,34.85,17.63,12.26,25.04,0.0,0.4311,30.0,0.0
7376,36.73,10.38,28.45,0.0,27.9,0.671,0.0,30.0
7377,38.45,10.13,42.23,0.0,16.1,0.3748,0.0,30.0
7378,39.97,9.31,54.31,0.0,6.35,0.2039,0.0,30.0
7379,41.21,8.17,62.7,0.0,0.34,0.1365,0.0,30.0
7380,42.14,10.25,63.76,31.87,0.0,0.1329,0.0,0.0
7381,42.71,8.17,59.65,25.11,0.0,0.4383,0.0,0.0
7382,42.9,5.65,52.82,15.57,0.0,0.6789,0.0,0.0
7383,42.71,4.3,41.8,7.51,0.0,0.8281,4.12,0.0
7384,42.14,7.43,30.46,0.0,0.0,0.9,4.25,0.0
7385,41.21,10.76,13.75,0.0,24.6,0.9,0.0,7.9
7386,39.97,9.22,0.0,0.0,0.75,0.6388,30.0,0.0
7387,38.45,12.91,0.0,0.0,50.0,0.6308,0.0,24.45
7388,36.73,14.42,0.0,7.7,0.0,0.1,30.0,0.0
7389,34.85,16.91,0.0,0.0,0.0,0.1738,17.94,0.0
7390,32.9,19.43,0.0,6.5,0.0,0.1738,19.97,0.0
7391,32.9,14.86,0.0,11.96,0.0,0.236,30.0,0.0
7392,32.92,9.32,0.0,0.0,23.61,0.3506,0.0,0.0
7393,32.92,13.16,0.0,0.0,0.0,0.1,19.76,0.0
7394,32.92,14.36,0.0,11.44,0.0,0.1,30.0,0.0
7395,32.92,5.91,0.0,2.99,0.0,0.2096,30.0,0.0
7396,32.92,18.42,0.0,15.49,0.0,0.2383,30.0,0.0
7397,32.92,12.25,0.0,9.33,0.0,0.3867,30.0,0.0
7398,32.92,12.17,0.0,9.25,0.0,0.4761,30.0,0.0
7399,34.87,15.18,15.56,21.44,0.0,0.5648,25.57,0.0
7400,36.75,5.91,27.94,0.0,32.9,0.7702,0.0,30.0
7401,38.48,10.04,44.69,0.0,13.75,0.4209,0.0,30.0
7402,39.99,6.55,52.51,0.0,10.93,0.2749,0.0,30.0
7403,41.24,5.83,59.87,0.0,5.54,0.1588,0.0,30.0
7404,42.16,3.25,63.45,24.53,0.0,0.1,0.0,0.0
7405,42.73,13.49,61.62,32.38,0.0,0.3351,0.0,0.0
7406,42.92,5.45,53.71,16.23,0.0,0.6453,0.0,0.0
7407,42.73,10.56,45.17,10.35,0.0,0.8008,0.0,2.65
7408,42.16,0.75,30.49,0.0,0.0,0.9,10.92,0.0
7409,41.24,14.41,14.01,0.0,0.0,0.9,12.82,0.0
7410,39.99,14.95,0.0,0.0,50.0,0.9,0.0,24.96
7411,38.48,12.07,0.0,3.59,0.0,0.3692,30.0,0.0
7412,36.75,11.72,0.0,0.0,28.59,0.4035,0.0,3.56
7413,34.87,15.18,0.0,10.3,0.0,0.1,30.0,0.0
7414,32.92,23.66,0.0,8.68,0.0,0.1987,17.94,0.0
7415,32.92,7.29,0.0,4.37,0.0,0.2819,30.0,0.0
7416,32.95,18.03,0.0,15.09,0.0,0.3237,30.0,0.0
7417,32.95,10.87,0.0,0.0,0.0,0.4683,22.07,0.0
7418,32.95,14.16,0.0,0.0,18.79,0.4683,0.0,0.0
7419,32.95,12.55,0.0,9.61,0.0,0.2688,30.0,0.0
7420,32.95,10.95,0.0,8.0,0.0,0.3608,30.0,0.0
7421,32.95,11.68,0.0,8.73,0.0,0.4375,30.0,0.0
7422,32.95,5.95,0.0,3.0,0.0,0.5211,30.0,0.0
7423,34.9,13.84,13.25,22.19,0.0,0.5499,30.0,0.0
7424,36.77,1.14,32.33,0.0,33.3,0.7626,0.0,30.0
7425,38.5,9.96,44.77,0.0,13.77,0.409,0.0,30.0
7426,40.02,5.71,56.35,0.0,7.96,0.2628,0.0,30.0
7427,41.26,1.8,62.08,0.0,7.38,0.1784,0.0,30.0
7428,42.19,7.34,62.19,27.35,0.0,0.1,0.0,0.0
7429,42.75,0.2,60.87,18.31,0.0,0.3621,0.0,0.0
7430,42.95,7.23,55.29,19.57,0.0,0.5375,0.0,0.0
7431,42.75,1.82,44.78,3.85,0.0,0.725,0.0,0.0
7432,42.19,10.49,32.0,14.41,0.0,0.7619,14.1,0.0
7433,41.26,5.75,13.72,0.0,50.0,0.9,0.0,28.21
7434,40.02,8.78,0.0,0.0,25.35,0.3692,5.88,0.0
7435,38.5,12.94,0.0,0.0,0.0,0.1,25.56,0.0
7436,36.77,9.52,0.0,0.0,0.0,0.1,27.25,0.0
7437,34.9,13.34,0.0,8.44,0.0,0.1,30.0,0.0
7438,32.95,7.97,0.0,3.08,0.0,0.1809,28.06,0.0
7439,32.95,17.27,0.0,14.32,0.0,0.2104,30.0,0.0
7440,32.97,22.16,0.0,0.0,0.0,0.3476,10.81,0.0
7441,32.97,26.28,0.0,0.0,0.0,0.3476,6.69,0.0
7442,32.97,14.67,0.0,0.0,0.0,0.3476,18.3,0.0
7443,32.97,16.9,0.0,13.93,0.0,0.3476,30.0,0.0
7444,32.97,5.4,0.0,0.0,0.0,0.4811,27.57,0.0
7445,32.97,18.01,0.0,0.0,0.0,0.4811,14.96,0.0
7446,32.97,13.92,0.0,0.0,0.0,0.4811,19.05,0.0
7447,34.92,7.63,14.73,0.0,0.0,0.4811,12.56,0.0
7448,36.8,13.76,32.18,9.15,0.0,0.4811,0.0,0.0
7449,38.53,6.72,45.83,0.0,15.97,0.5687,0.0,30.0
7450,40.04,5.22,51.65,0.0,13.17,0.3991,0.0,30.0
7451,41.29,8.68,60.48,0.0,2.13,0.2593,0.0,30.0
7452,42.21,2.16,60.52,20.47,0.0,0.2367,0.0,0.0
7453,42.78,10.94,60.77,28.93,0.0,0.4329,0.0,0.0
7454,42.97,2.74,54.79,14.56,0.0,0.71,0.0,0.0
7455,42.78,3.43,44.62,5.26,0.0,0.8496,0.0,0.0
7456,42.21,4.87,29.98,0.0,0.0,0.9,7.36,0.0
7457,41.29,12.78,13.11,0.0,0.0,0.9,15.39,0.0
7458,40.04,8.15,0.0,0.0,25.35,0.9,6.54,0.0
7459,38.53,6.19,0.0,0.0,50.0,0.6308,0.0,17.67
7460,36.8,10.27,0.0,0.0,0.0,0.1,26.53,0.0
7461,34.92,13.5,0.0,8.58,0.0,0.1,30.0,0.0
7462,32.97,9.4,0.0,0.0,7.75,0.1822,15.82,0.0
7463,32.97,9.94,0.0,0.0,0.0,0.1,23.03,0.0
7464,33.0,23.66,0.0,0.0,0.0,0.1,9.34,0.0
7465,33.0,11.2,0.0,0.0,0.0,0.1,21.79,0.0
7466,33.0,13.02,0.0,3.17,0.0,0.1,23.15,0.0
7467,33.0,12.17,0.0,9.18,0.0,0.1303,30.0,0.0
7468,33.0,11.09,0.0,8.09,0.0,0.2183,30.0,0.0
7469,33.0,14.41,0.0,11.42,0.0,0.2958,30.0,0.0
7470,33.0,14.69,0.0,11.7,0.0,0.4052,30.0,0.0
7471,34.95,8.43,14.81,18.29,0.0,0.5173,30.0,0.0
7472,36.82,3.57,31.47,0.0,31.78,0.6926,0.0,30.0
7473,38.55,13.12,43.48,0.0,11.96,0.3551,0.0,30.0
7474,40.07,6.78,51.22,0.0,12.07,0.2282,0.0,30.0
7475,41.31,13.93,57.8,0.42,0.0,0.1,0.0,30.0
7476,42.24,0.0,63.97,21.74,0.0,0.104,0.0,0.0
7477,42.8,7.57,58.95,23.72,0.0,0.3123,0.0,0.0
7478,43.0,15.13,54.96,27.09,0.0,0.5396,0.0,0.0
7479,42.8,6.37,41.07,4.64,0.0,0.7991,0.0,0.0
7480,42.24,7.76,30.33,5.89,0.0,0.8436,10.04,0.0
7481,41.31,10.92,14.88,0.0,45.51,0.9,0.0,30.0
7482,40.07,8.45,0.0,0.0,29.84,0.4168,1.77,0.0
7483,38.55,10.54,0.0,0.0,0.0,0.1,28.01,0.0
7484,36.82,11.44,0.0,0.0,0.0,0.1,25.39,0.0
7485,34.95,11.1,0.0,0.0,0.0,0.1,23.85,0.0
7486,33.0,19.45,0.0,0.0,0.0,0.1,13.55,0.0
7487,33.0,16.68,0.0,13.68,0.0,0.1,30.0,0.0
7488,33.02,16.0,0.0,12.98,0.0,0.2311,30.0,0.0
7489,33.02,18.17,0.0,0.0,0.0,0.3555,14.85,0.0
7490,33.02,13.32,0.0,0.0,0.0,0.3555,19.71,0.0
7491,33.02,10.54,0.0,5.54,0.0,0.3555,28.02,0.0
7492,33.02,10.4,0.0,7.37,0.0,0.4086,30.0,0.0
7493,33.02,11.9,0.0,8.88,0.0,0.4793,30.0,0.0
7494,33.02,6.43,0.0,3.41,0.0,0.5643,30.0,0.0
7495,34.97,7.68,14.89,17.59,0.0,0.597,30.0,0.0
7496,36.85,6.61,29.2,0.0,31.04,0.7656,0.0,30.0
7497,38.58,16.7,43.62,0.0,8.26,0.436,0.0,30.0
7498,40.09,0.0,52.3,0.0,17.8,0.3483,0.0,30.0
7499,41.34,6.08,59.67,0.0,5.6,0.1594,0.0,30.0
7500,42.26,13.83,60.89,32.34,0.0,0.1,0.0,0.12
7501,42.83,7.32,58.47,22.96,0.0,0.4099,0.0,0.0
7502,43.02,10.36,53.4,20.73,0.0,0.6299,0.0,0.0
7503,42.83,8.31,41.98,7.46,0.0,0.8285,0.0,0.0
7504,42.26,5.99,31.43,0.0,0.0,0.9,4.84,0.0
7505,41.34,0.46,14.86,0.0,50.0,0.9,0.0,23.98
7506,40.09,11.67,0.0,0.0,0.0,0.3692,28.42,0.0
7507,38.58,8.68,0.0,0.0,0.0,0.3692,29.9,0.0
7508,36.85,9.58,0.0,0.0,25.35,0.3692,1.92,0.0
7509,34.97,11.68,0.0,0.0,0.0,0.1,23.29,0.0
7510,33.02,21.64,0.0,0.0,0.0,0.1,11.38,0.0
7511,33.02,24.79,0.0,0.0,0.0,0.1,8.23,0.0
7512,33.05,15.92,0.0,0.0,0.0,0.1,17.13,0.0
7513,33.05,12.95,0.0,9.91,0.0,0.1,30.0,0.0
7514,33.05,9.59,0.0,6.54,0.0,0.1949,30.0,0.0
7515,33.05,15.75,0.0,12.7,0.0,0.2576,30.0,0.0
7516,33.05,20.34,0.0,17.29,0.0,0.3793,30.0,0.0
7517,33.05,10.93,0.0,7.88,0.0,0.5449,30.0,0.0
7518,33.05,1.02,0.0,0.0,4.33,0.6204,27.7,0.0
7519,35.0,12.58,15.01,22.59,0.0,0.5744,30.0,0.0
7520,36.88,12.89,28.59,0.0,25.39,0.7908,0.0,30.0
7521,38.6,1.38,40.64,0.0,26.58,0.5212,0.0,30.0
7522,40.12,8.02,52.64,0.0,9.46,0.239,0.0,30.0
7523,41.36,8.75,58.99,0.0,3.63,0.1386,0.0,30.0
7524,42.29,6.43,64.09,28.23,0.0,0.1,0.0,0.0
7525,42.86,3.6,59.0,19.74,0.0,0.3705,0.0,0.0
7526,43.05,11.5,53.52,21.97,0.0,0.5597,0.0,0.0
7527,42.86,6.28,44.9,8.32,0.0,0.7702,0.0,0.0
7528,42.29,2.65,27.66,5.23,0.0,0.8499,17.2,0.0
7529,41.36,1.31,14.38,0.0,25.67,0.9,0.0,0.0
7530,40.12,16.1,0.0,0.0,49.68,0.6274,0.0,25.66
7531,38.6,14.51,0.0,5.9,0.0,0.1,30.0,0.0
7532,36.88,13.31,0.0,6.44,0.0,0.1565,30.0,0.0
7533,35.0,11.98,0.0,6.98,0.0,0.2182,30.0,0.0
7534,33.05,12.27,0.0,9.23,0.0,0.2851,30.0,0.0
7535,33.05,10.42,0.0,7.37,0.0,0.3735,30.0,0.0
7536,33.08,13.29,0.0,0.0,0.0,0.4442,19.79,0.0
7537,33.08,6.15,0.0,0.0,0.0,0.4442,26.93,0.0
7538,33.08,11.47,0.0,0.0,0.0,0.4442,21.6,0.0
7539,33.08,12.57,0.0,0.0,0.0,0.4442,20.5,0.0
7540,33.08,15.53,0.0,0.0,0.0,0.4442,17.54,0.0
7541,33.08,11.84,0.0,8.76,0.0,0.4442,30.0,0.0
7542,33.08,14.23,0.0,11.15,0.0,0.5282,30.0,0.0
7543,35.03,15.45,14.86,12.41,0.0,0.635,17.13,0.0
7544,36.9,13.25,31.32,0.0,22.33,0.7539,0.0,30.0
7545,38.63,9.95,42.69,0.0,15.98,0.5168,0.0,30.0
7546,40.15,7.39,50.88,0.0,11.88,0.3471,0.0,30.0
7547,41.39,2.87,57.13,0.0,11.4,0.221,0.0,30.0
7548,42.32,9.86,62.87,30.41,0.0,0.1,0.0,0.0
7549,42.88,13.89,59.88,30.88,0.0,0.3914,0.0,0.0
7550,43.08,8.76,54.58,20.27,0.0,0.6873,0.0,0.0
7551,42.88,15.95,42.89,1.93,0.0,0.8816,0.0,14.03
7552,42.32,2.54,29.18,0.0,0.0,0.9,10.59,0.0
7553,41.39,5.08,14.41,0.0,50.0,0.9,0.0,28.1
7554,40.15,14.48,0.0,0.0,0.0,0.3692,25.67,0.0
7555,38.63,13.1,0.0,0.0,25.35,0.3692,0.18,0.0
7556,36.9,18.45,0.0,0.0,0.0,0.1,18.45,0.0
7557,35.03,13.8,0.0,0.0,0.0,0.1,21.23,0.0
7558,33.08,10.93,0.0,0.0,0.0,0.1,22.15,0.0
7559,33.08,14.05,0.0,0.0,0.0,0.1,19.03,0.0
7560,33.1,8.78,0.0,5.68,0.0,0.1,30.0,0.0
7561,33.1,10.31,0.0,3.61,0.0,0.1544,26.4,0.0
7562,33.1,18.61,0.0,15.5,0.0,0.189,30.0,0.0
7563,33.1,17.53,0.0,14.43,0.0,0.3375,30.0,0.0
7564,33.1,14.56,0.0,11.46,0.0,0.4758,30.0,0.0
7565,33.1,4.93,0.0,1.82,0.0,0.5856,30.0,0.0
7566,33.1,9.5,0.0,6.4,0.0,0.6031,30.0,0.0
7567,35.06,4.84,12.1,11.88,0.0,0.6644,30.0,0.0
7568,36.93,13.79,29.0,0.0,24.14,0.7783,0.0,30.0
7569,38.66,5.64,42.1,0.0,20.92,0.522,0.0,30.0
7570,40.18,2.9,51.18,0.0,16.09,0.2998,0.0,30.0
7571,41.42,7.11,61.58,0.0,2.73,0.129,0.0,30.0
7572,42.34,4.19,60.33,22.18,0.0,0.1,0.0,0.0
7573,42.91,13.13,61.3,31.53,0.0,0.3125,0.0,0.0
7574,43.1,4.36,53.45,14.7,0.0,0.6146,0.0,0.0
7575,42.91,2.26,42.65,2.0,0.0,0.7554,0.0,0.0
7576,42.34,0.0,28.53,13.09,0.0,0.7746,26.9,0.0
7577,41.42,9.79,16.2,0.0,45.43,0.9,0.0,30.0
7578,40.18,8.66,0.0,0.0,1.52,0.4177,30.0,0.0
7579,38.66,6.14,0.0,0.0,28.4,0.4016,4.12,0.0
7580,36.93,17.99,0.0,0.0,0.0,0.1,18.94,0.0
7581,35.06,16.68,0.0,11.63,0.0,0.1,30.0,0.0
7582,33.1,14.46,0.0,0.0,0.0,0.2114,18.64,0.0
7583,33.1,20.64,0.0,0.0,0.0,0.2114,12.46,0.0
7584,33.13,17.93,0.0,14.8,0.0,0.2114,30.0,0.0
7585,33.13,11.63,0.0,8.5,0.0,0.3532,30.0,0.0
7586,33.13,10.32,0.0,7.19,0.0,0.4347,30.0,0.0
7587,33.13,17.36,0.0,14.23,0.0,0.5036,30.0,0.0
7588,33.13,14.76,0.0,11.62,0.0,0.6399,30.0,0.0
7589,33.13,12.82,0.0,9.68,0.0,0.7513,30.0,0.0
7590,33.13,7.53,0.0,0.0,25.6,0.8441,0.0,0.0
7591,35.08,12.49,14.31,21.72,0.0,0.5723,30.0,0.0
7592,36.96,5.84,29.16,0.0,31.96,0.7804,0.0,30.0
7593,38.69,7.69,44.53,0.0,16.47,0.441,0.0,30.0
7594,40.2,13.45,53.72,0.0,3.03,0.2662,0.0,30.0
7595,41.45,4.3,57.99,0.0,9.16,0.234,0.0,30.0
7596,42.37,0.38,61.3,19.31,0.0,0.1368,0.0,0.0
7597,42.94,2.68,57.49,28.97,0.0,0.3218,11.74,0.0
7598,43.13,11.57,53.79,22.23,0.0,0.5994,0.0,0.0
7599,42.94,9.17,42.92,9.14,0.0,0.8124,0.0,0.0
7600,42.37,8.44,27.81,0.0,0.0,0.9,6.13,0.0
7601,41.45,7.86,12.26,0.0,50.0,0.9,0.0,28.67
7602,40.2,13.05,0.0,0.0,25.26,0.3692,1.89,0.0
7603,38.69,8.6,0.0,0.0,0.09,0.101,30.0,0.0
7604,36.96,14.38,0.0,0.0,0.0,0.1,22.58,0.0
7605,35.08,10.94,0.0,5.86,0.0,0.1,30.0,0.0
7606,33.13,10.91,0.0,7.78,0.0,0.1561,30.0,0.0
7607,33.13,12.4,0.0,9.27,0.0,0.2307,30.0,0.0
7608,33.16,13.68,0.0,0.0,19.48,0.3195,0.0,0.0
7609,33.16,14.89,0.0,11.73,0.0,0.1127,30.0,0.0
7610,33.16,15.66,0.0,12.5,0.0,0.2251,30.0,0.0
7611,33.16,0.0,0.0,0.0,23.06,0.3448,10.1,0.0
7612,33.16,9.82,0.0,0.0,0.0,0.1,23.34,0.0
7613,33.16,10.54,0.0,0.0,0.0,0.1,22.62,0.0
7614,33.16,17.33,0.0,0.0,0.0,0.1,15.83,0.0
7615,35.11,5.55,14.03,14.46,0.0,0.1,30.0,0.0
7616,36.99,9.7,30.66,17.41,0.0,0.2386,14.04,0.0
7617,38.72,14.36,43.42,0.0,10.94,0.4054,0.0,30.0
7618,40.23,2.07,54.04,0.0,14.13,0.2893,0.0,30.0
7619,41.48,8.72,59.05,0.0,3.7,0.1393,0.0,30.0
7620,42.4,3.63,61.71,22.93,0.0,0.1,0.0,0.0
7621,42.97,5.0,59.61,21.64,0.0,0.3197,0.0,0.0
7622,43.16,4.18,50.56,11.58,0.0,0.5271,0.0,0.0
7623,42.97,5.13,43.43,5.59,0.0,0.638,0.0,0.0
7624,42.4,20.3,30.75,21.75,0.0,0.6916,13.1,0.0
7625,41.48,13.52,15.67,0.0,42.28,0.9,0.0,30.0
7626,40.23,15.66,0.0,0.0,33.07,0.4511,0.0,8.49
7627,38.72,14.21,0.0,5.49,0.0,0.1,30.0,0.0
7628,36.99,6.51,0.0,0.0,4.95,0.1526,25.52,0.0
7629,35.11,15.66,0.0,0.0,0.0,0.1,19.45,0.0
7630,33.16,19.13,0.0,0.0,0.0,0.1,14.03,0.0
7631,33.16,11.56,0.0,0.0,0.0,0.1,21.6,0.0
7632,33.19,19.29,0.0,2.37,0.0,0.1,16.27,0.0
7633,33.19,18.07,0.0,14.88,0.0,0.1227,30.0,0.0
7634,33.19,22.41,0.0,19.22,0.0,0.2653,30.0,0.0
7635,33.19,12.35,0.0,9.15,0.0,0.4494,30.0,0.0
7636,33.19,8.67,0.0,5.48,0.0,0.5371,30.0,0.0
7637,33.19,10.72,0.0,7.53,0.0,0.5896,30.0,0.0
7638,33.19,17.09,0.0,13.9,0.0,0.6618,30.0,0.0
7639,35.14,2.5,12.39,9.74,0.0,0.795,30.0,0.0
7640,37.02,0.5,26.82,0.0,39.69,0.8884,0.0,30.0
7641,38.75,8.59,40.66,0.0,19.5,0.4669,0.0,30.0
7642,40.26,5.72,53.72,0.0,10.82,0.2599,0.0,30.0
7643,41.51,7.18,60.08,0.0,4.25,0.1451,0.0,30.0
7644,42.43,10.92,61.67,30.16,0.0,0.1,0.0,0.0
7645,43.0,4.85,56.88,18.74,0.0,0.389,0.0,0.0
7646,43.19,0.0,51.5,8.3,0.0,0.5685,0.0,0.0
7647,43.0,16.69,42.67,16.36,0.0,0.6481,0.0,0.0
7648,42.43,4.94,30.05,0.0,0.0,0.8048,7.43,0.0
7649,41.51,5.69,14.67,8.85,0.0,0.8048,30.0,0.0
7650,40.26,15.72,0.0,1.08,0.0,0.8896,25.62,0.0
7651,38.75,10.63,0.0,0.0,28.12,0.9,0.0,0.0
7652,37.02,12.96,0.0,0.0,47.23,0.6014,0.0,23.17
7653,35.14,16.08,0.0,5.49,0.0,0.1,24.55,0.0
7654,33.19,19.22,0.0,16.03,0.0,0.1526,30.0,0.0
7655,33.19,13.77,0.0,0.0,19.42,0.3062,0.0,0.0
7656,33.22,21.64,0.0,18.42,0.0,0.1,30.0,0.0
7657,33.22,6.35,0.0,3.13,0.0,0.2765,30.0,0.0
7658,33.22,17.93,0.0,11.43,0.0,0.3065,26.72,0.0
7659,33.22,10.65,0.0,0.0,22.57,0.416,0.0,0.0
7660,33.22,18.96,0.0,15.73,0.0,0.1763,30.0,0.0
7661,33.22,12.86,0.0,9.64,0.0,0.3271,30.0,0.0
7662,33.22,8.41,0.0,5.19,0.0,0.4194,30.0,0.0
7663,35.17,12.87,11.9,19.6,0.0,0.4692,30.0,0.0
7664,37.05,12.83,28.25,0.0,25.97,0.657,0.0,30.0
7665,38.78,10.93,44.42,0.0,13.43,0.3813,0.0,30.0
7666,40.29,3.34,53.88,0.0,13.07,0.2387,0.0,30.0
7667,41.54,5.19,57.27,20.92,0.0,0.1,0.0,0.0
7668,42.46,7.04,58.7,22.68,0.0,0.3005,0.0,0.6
7669,43.03,7.02,58.55,22.54,0.0,0.5178,0.0,0.0
7670,43.22,10.72,49.85,17.34,0.0,0.7338,0.0,0.0
7671,43.03,0.0,42.54,0.0,0.49,0.9,0.0,0.0
7672,42.46,10.51,26.89,0.54,0.0,0.8948,5.6,0.0
7673,41.54,8.92,14.75,0.0,47.86,0.9,0.0,30.0
7674,40.29,7.72,0.0,0.0,2.57,0.3918,30.0,0.0
7675,38.78,9.19,0.0,0.0,19.75,0.3646,9.84,0.0
7676,37.05,12.38,0.0,0.0,0.0,0.1549,24.67,0.0
7677,35.17,0.0,0.0,0.0,5.17,0.1549,30.0,0.0
7678,33.22,11.88,0.0,0.0,0.0,0.1,21.34,0.0
7679,33.22,11.57,0.0,0.0,0.0,0.1,21.65,0.0
7680,33.25,17.6,0.0,13.9,0.0,0.1,29.55,0.0
7681,33.25,11.91,0.0,8.66,0.0,0.2332,30.0,0.0
7682,33.25,13.95,0.0,10.69,0.0,0.3162,30.0,0.0
7683,33.25,20.57,0.0,17.32,0.0,0.4186,30.0,0.0
7684,33.25,17.44,0.0,14.19,0.0,0.5846,30.0,0.0
7685,33.25,16.06,0.0,12.81,0.0,0.7205,30.0,0.0
7686,33.25,9.18,0.0,5.93,0.0,0.8432,30.0,0.0
7687,35.2,12.43,11.82,0.0,10.95,0.9,0.0,0.0
7688,37.08,8.21,26.55,0.0,32.32,0.7837,0.0,30.0
7689,38.81,7.51,40.68,0.0,20.62,0.4406,0.0,30.0
7690,40.32,9.36,49.61,0.0,11.35,0.2217,0.0,30.0
7691,41.57,4.77,57.66,0.0,0.11,0.1012,0.0,20.98
7692,42.49,13.29,61.98,32.78,0.0,0.1,0.0,0.0
7693,43.06,6.58,56.45,19.97,0.0,0.4141,0.0,0.0
7694,43.25,10.22,50.24,17.22,0.0,0.6055,0.0,0.0
7695,43.06,14.35,42.22,13.51,0.0,0.7704,0.0,0.0
7696,42.49,13.45,28.52,0.02,0.0,0.8998,0.53,0.0
7697,41.57,4.34,13.58,0.0,50.0,0.9,0.0,26.36
7698,40.32,13.09,0.0,0.0,25.35,0.3692,1.88,0.0
7699,38.81,15.85,0.0,0.0,0.0,0.1,22.96,0.0
7700,37.08,17.02,0.0,0.0,0.0,0.1,20.06,0.0
7701,35.2,9.57,0.0,4.36,0.0,0.1,30.0,0.0
7702,33.25,12.11,0.0,8.86,0.0,0.1418,30.0,0.0
7703,33.25,19.37,0.0,1.73,0.0,0.2267,15.61,0.0
7704,33.28,12.28,0.0,9.0,0.0,0.2433,30.0,0.0
7705,33.28,14.06,0.0,0.0,19.22,0.3296,0.0,0.0
7706,33.28,21.42,0.0,18.13,0.0,0.1255,30.0,0.0
7707,33.28,14.03,0.0,10.75,0.0,0.2992,30.0,0.0
7708,33.28,10.36,0.0,7.08,0.0,0.4022,30.0,0.0
7709,33.28,8.73,0.0,5.45,0.0,0.47,30.0,0.0
7710,33.28,12.68,0.0,9.39,0.0,0.5222,30.0,0.0
7711,35.23,4.7,14.17,13.64,0.0,0.6122,30.0,0.0
7712,37.11,8.2,26.62,0.0,32.28,0.7429,0.0,30.0
7713,38.84,9.75,39.54,0.0,19.55,0.4002,0.0,30.0
7714,40.35,13.09,53.1,0.0,4.16,0.1926,0.0,30.0
7715,41.6,10.06,56.98,0.0,4.56,0.1484,0.0,30.0
7716,42.52,4.2,62.17,23.85,0.0,0.1,0.0,0.0
7717,43.09,12.18,56.09,25.18,0.0,0.3285,0.0,0.0
7718,43.28,6.47,53.67,16.86,0.0,0.5698,0.0,0.0
7719,43.09,3.25,43.72,3.88,0.0,0.7313,0.0,0.0
7720,42.52,8.51,27.22,13.73,0.0,0.7685,20.52,0.0
7721,41.6,16.18,15.28,0.0,40.13,0.9,0.0,30.0
7722,40.35,11.98,0.0,0.0,35.22,0.4739,0.0,6.85
7723,38.84,12.42,0.0,3.58,0.0,0.1,30.0,0.0
7724,37.11,20.15,0.0,0.0,0.0,0.1343,16.96,0.0
7725,35.23,8.3,0.0,3.06,0.0,0.1343,30.0,0.0
7726,33.28,9.56,0.0,6.28,0.0,0.1637,30.0,0.0
7727,33.28,8.6,0.0,5.32,0.0,0.2238,30.0,0.0
7728,33.31,17.03,0.0,13.72,0.0,0.2748,30.0,0.0
7729,33.31,16.04,0.0,0.0,0.0,0.4063,17.28,0.0
7730,33.31,21.33,0.0,0.0,0.0,0.4063,11.99,0.0
7731,33.31,15.28,0.0,6.0,0.0,0.4063,24.03,0.0
7732,33.31,11.74,0.0,0.0,0.0,0.4638,21.57,0.0
7733,33.31,12.43,0.0,9.11,0.0,0.4638,30.0,0.0
7734,33.31,11.83,0.0,8.52,0.0,0.5511,30.0,0.0
7735,35.26,3.35,12.7,0.0,0.0,0.6327,19.22,0.0
7736,37.14,20.5,26.62,0.0,20.01,0.6327,0.0,30.0
7737,38.87,10.57,42.55,0.0,15.75,0.4203,0.0,30.0
7738,40.38,8.63,52.15,0.0,9.6,0.253,0.0,30.0
7739,41.63,9.89,56.93,0.0,4.81,0.1511,0.0,30.0
7740,42.55,10.14,60.74,28.33,0.0,0.1,0.0,0.0
7741,43.12,6.76,57.03,20.67,0.0,0.3714,0.0,0.0
7742,43.31,5.14,51.4,13.23,0.0,0.5695,0.0,0.0
7743,43.12,10.9,43.51,11.29,0.0,0.6962,0.0,0.0
7744,42.55,10.87,29.22,0.0,0.0,0.8044,2.46,0.0
7745,41.63,6.92,16.01,9.98,0.0,0.8044,28.69,0.0
7746,40.38,17.23,0.0,0.0,0.0,0.9,23.16,0.0
7747,38.87,13.63,0.0,0.0,25.35,0.9,0.0,0.12
7748,37.14,16.44,0.0,0.0,50.0,0.6308,0.0,29.3
7749,35.26,20.04,0.0,14.78,0.0,0.1,30.0,0.0
7750,33.31,15.03,0.0,11.71,0.0,0.2416,30.0,0.0
7751,33.31,16.66,0.0,0.0,0.0,0.3538,16.65,0.0
7752,33.35,18.89,0.0,15.55,0.0,0.3538,30.0,0.0
7753,33.35,12.39,0.0,9.05,0.0,0.5028,30.0,0.0
7754,33.35,15.21,0.0,0.0,0.0,0.5895,18.14,0.0
7755,33.35,14.84,0.0,11.5,0.0,0.5895,30.0,0.0
7756,33.35,9.5,0.0,6.16,0.0,0.6996,30.0,0.0
7757,33.35,22.07,0.0,11.07,0.0,0.7586,22.34,0.0
7758,33.35,5.56,0.0,0.0,27.78,0.8647,0.0,0.0
7759,35.3,4.94,15.61,15.25,0.0,0.5697,30.0,0.0
7760,37.17,14.77,29.4,0.0,23.0,0.7159,0.0,30.0
7761,38.9,11.42,42.2,0.0,15.29,0.4717,0.0,30.0
7762,40.42,3.55,50.01,0.0,16.86,0.3094,0.0,30.0
7763,41.66,9.91,58.88,0.0,2.87,0.1305,0.0,30.0
7764,42.58,13.33,59.78,30.52,0.0,0.1,0.0,0.0
7765,43.15,7.27,56.22,20.33,0.0,0.3925,0.0,0.0
7766,43.35,18.57,49.32,24.54,0.0,0.5873,0.0,0.0
7767,43.15,1.32,42.28,0.45,0.0,0.8225,0.0,0.0
7768,42.58,12.2,29.14,7.64,0.0,0.8267,8.9,0.0
7769,41.66,15.15,15.88,0.0,40.62,0.9,0.0,30.0
7770,40.42,15.09,0.0,4.67,0.0,0.4687,30.0,0.0
7771,38.9,11.62,0.0,0.0,38.94,0.5134,0.0,11.66
7772,37.17,12.26,0.0,5.09,0.0,0.1,30.0,0.0
7773,35.3,16.16,0.0,0.0,0.0,0.1488,19.13,0.0
7774,33.35,18.36,0.0,15.02,0.0,0.1488,30.0,0.0
7775,33.35,17.89,0.0,14.55,0.0,0.2926,30.0,0.0
7776,33.38,19.89,0.0,16.51,0.0,0.432,30.0,0.0
7777,33.38,11.22,0.0,7.84,0.0,0.5903,30.0,0.0
7778,33.38,14.09,0.0,0.0,19.29,0.6654,0.0,0.0
7779,33.38,10.48,0.0,7.1,0.0,0.4606,30.0,0.0
7780,33.38,11.91,0.0,8.53,0.0,0.5286,30.0,0.0
7781,33.38,16.72,0.0,13.34,0.0,0.6103,30.0,0.0
7782,33.38,11.89,0.0,8.51,0.0,0.7382,30.0,0.0
7783,35.33,21.17,15.97,1.82,0.0,0.8197,0.0,0.0
7784,37.21,10.17,26.89,0.0,30.15,0.8371,0.0,30.0
7785,38.93,8.76,40.62,0.0,19.56,0.517,0.0,30.0
7786,40.45,8.29,53.08,0.0,9.07,0.3094,0.0,30.0
7787,41.69,4.8,59.36,0.0,7.54,0.2131,0.0,30.0
7788,42.62,7.06,61.96,26.4,0.0,0.1331,0.0,0.0
7789,43.19,12.11,58.24,27.16,0.0,0.386,0.0,0.0
7790,43.38,8.32,51.31,16.26,0.0,0.6463,0.0,0.0
7791,43.19,5.22,41.02,3.06,0.0,0.8021,0.0,0.0
7792,42.62,5.54,29.11,7.16,0.0,0.8314,15.13,0.0
7793,41.69,8.5,15.6,0.0,0.0,0.9,17.59,0.0
7794,40.45,11.75,0.0,0.0,50.0,0.9,0.0,21.3
7795,38.93,17.46,0.0,0.0,0.0,0.3692,21.48,0.0
7796,37.21,7.96,0.0,0.0,25.35,0.3692,3.9,0.0
7797,35.33,13.05,0.0,7.72,0.0,0.1,30.0,0.0
7798,33.38,15.63,0.0,12.25,0.0,0.1739,30.0,0.0
7799,33.38,7.84,0.0,4.47,0.0,0.2913,30.0,0.0
7800,33.41,12.18,0.0,0.46,0.0,0.3341,21.7,0.0
7801,33.41,12.67,0.0,0.0,20.74,0.3385,0.0,0.0
7802,33.41,11.78,0.0,8.37,0.0,0.1183,30.0,0.0
7803,33.41,15.21,0.0,11.8,0.0,0.1985,30.0,0.0
7804,33.41,12.89,0.0,9.48,0.0,0.3115,30.0,0.0
7805,33.41,10.26,0.0,6.85,0.0,0.4024,30.0,0.0
7806,33.41,13.26,0.0,9.85,0.0,0.468,30.0,0.0
7807,35.36,17.55,11.39,23.58,0.0,0.5623,30.0,0.0
7808,37.24,16.21,30.51,0.0,20.53,0.7883,0.0,30.0
7809,38.97,0.59,39.14,0.0,29.23,0.5704,0.0,30.0
7810,40.48,10.29,52.64,0.0,7.55,0.26,0.0,30.0
7811,41.73,6.75,57.46,0.0,7.52,0.1798,0.0,30.0
7812,42.65,7.99,57.66,23.0,0.0,0.1,0.0,0.0
7813,43.22,5.83,58.27,20.89,0.0,0.3204,0.0,0.0
7814,43.41,8.39,52.13,17.1,0.0,0.5205,0.0,0.0
7815,43.22,9.18,40.9,6.86,0.0,0.6844,0.0,0.0
7816,42.65,7.02,30.47,15.64,0.0,0.7501,20.81,0.0
7817,41.73,6.7,11.13,0.0,50.0,0.9,0.0,26.1
7818,40.48,9.63,0.0,0.0,25.35,0.3692,5.5,0.0
7819,38.97,13.53,0.0,0.0,0.0,0.1,25.44,0.0
7820,37.24,16.04,0.0,0.0,0.0,0.1,21.2,0.0
7821,35.36,17.95,0.0,12.59,0.0,0.1,30.0,0.0
7822,33.41,13.03,0.0,0.0,0.0,0.2206,20.38,0.0
7823,33.41,16.66,0.0,0.0,0.0,0.2206,16.75,0.0
7824,33.44,19.66,0.0,0.0,0.0,0.2206,13.78,0.0
7825,33.44,20.36,0.0,0.0,0.0,0.2206,13.08,0.0
7826,33.44,14.88,0.0,1.27,0.0,0.2206,19.84,0.0
7827,33.44,13.55,0.0,10.1,0.0,0.2328,30.0,0.0
7828,33.44,14.39,0.0,10.95,0.0,0.3296,30.0,0.0
7829,33.44,7.84,0.0,4.39,0.0,0.4345,30.0,0.0
7830,33.44,10.73,0.0,7.28,0.0,0.4766,30.0,0.0
7831,35.4,13.54,12.4,20.54,0.0,0.5464,30.0,0.0
7832,37.27,12.12,29.24,0.0,25.91,0.7432,0.0,30.0
7833,39.0,7.48,43.75,0.0,17.77,0.4681,0.0,30.0
7834,40.52,8.84,53.5,0.0,8.17,0.2795,0.0,30.0
7835,41.76,4.11,58.92,0.0,8.73,0.1927,0.0,30.0
7836,42.68,10.3,58.88,26.49,0.0,0.1,0.0,0.0
7837,43.25,7.21,58.52,22.47,0.0,0.3539,0.0,0.0
7838,43.44,6.8,52.19,31.71,0.0,0.5692,16.17,0.0
7839,43.25,7.1,38.97,2.82,0.0,0.873,0.0,0.0
7840,42.68,9.2,26.47,0.0,0.0,0.9,7.02,0.0
7841,41.76,8.6,15.39,0.0,0.0,0.9,17.77,0.0
7842,40.52,14.26,0.0,0.0,25.35,0.9,0.91,0.0
7843,39.0,10.97,0.0,0.0,50.0,0.6308,0.0,21.97
7844,37.27,20.2,0.0,0.0,0.0,0.1,17.07,0.0
7845,35.4,20.53,0.0,15.14,0.0,0.1,30.0,0.0
7846,33.44,11.43,0.0,0.0,0.0,0.245,22.02,0.0
7847,33.44,15.82,0.0,0.0,0.0,0.245,17.62,0.0
7848,33.48,13.02,0.0,9.54,0.0,0.245,30.0,0.0
7849,33.48,14.22,0.0,0.0,0.0,0.3365,19.26,0.0
7850,33.48,23.46,0.0,19.98,0.0,0.3365,30.0,0.0
7851,33.48,13.23,0.0,0.0,0.0,0.5279,20.25,0.0
7852,33.48,15.14,0.0,11.66,0.0,0.5279,30.0,0.0
7853,33.48,14.89,0.0,0.0,0.0,0.6397,18.59,0.0
7854,33.48,7.43,0.0,3.95,0.0,0.6397,30.0,0.0
7855,35.43,6.96,13.81,11.18,0.0,0.6775,25.84,0.0
7856,37.31,4.51,29.0,0.0,33.8,0.7846,0.0,30.0
7857,39.03,4.97,40.55,0.0,23.51,0.4257,0.0,30.0
7858,40.55,0.0,52.83,12.28,0.0,0.1762,0.0,0.0
7859,41.79,9.83,59.04,0.0,2.92,0.2938,0.0,30.0
7860,42.72,15.94,60.05,33.28,0.0,0.2628,0.0,0.0
7861,43.29,8.19,59.16,24.06,0.0,0.5817,0.0,0.0
7862,43.48,2.12,49.11,7.75,0.0,0.8122,0.0,0.0
7863,43.29,5.98,38.72,1.41,0.0,0.8865,0.0,0.0
7864,42.72,7.6,26.07,0.0,0.0,0.9,9.05,0.0
7865,41.79,6.29,13.35,0.0,50.0,0.9,0.0,27.84
7866,40.55,15.14,0.0,0.0,0.0,0.3692,25.41,0.0
7867,39.03,16.0,0.0,0.0,0.0,0.3692,23.03,0.0
7868,37.31,8.86,0.0,0.0,25.35,0.3692,3.09,0.0
7869,35.43,17.51,0.0,0.0,0.0,0.1,17.92,0.0
7870,33.48,21.49,0.0,18.01,0.0,0.1,30.0,0.0
7871,33.48,23.46,0.0,19.98,0.0,0.2726,30.0,0.0
7872,33.51,27.63,0.0,0.0,0.0,0.464,5.88,0.0
7873,33.51,11.88,0.0,0.0,0.0,0.464,21.63,0.0
7874,33.51,26.91,0.0,3.11,0.0,0.464,9.72,0.0
7875,33.51,13.08,0.0,0.0,0.0,0.4939,20.43,0.0
7876,33.51,11.23,0.0,7.72,0.0,0.4939,30.0,0.0
7877,33.51,14.05,0.0,10.53,0.0,0.5678,30.0,0.0
7878,33.51,9.21,0.0,5.69,0.0,0.6688,30.0,0.0
7879,35.46,12.2,11.7,18.44,0.0,0.7233,30.0,0.0
7880,37.34,4.08,28.94,0.0,34.32,0.9,0.0,30.0
7881,39.07,7.7,38.99,0.0,22.38,0.5356,0.0,30.0
7882,40.58,13.36,52.61,0.0,0.0,0.2979,0.0,25.38
7883,41.83,7.38,59.31,0.0,5.14,0.2979,0.0,30.0
7884,42.75,8.06,59.56,24.87,0.0,0.2434,0.0,0.0
7885,43.32,9.58,56.85,23.11,0.0,0.4816,0.0,0.0
7886,43.51,12.88,48.75,18.12,0.0,0.7031,0.0,0.0
7887,43.32,1.83,39.1,0.0,2.4,0.8767,0.0,0.0
7888,42.75,11.97,28.64,5.09,0.0,0.8513,7.23,0.0
7889,41.83,9.43,11.64,0.0,50.0,0.9,0.0,29.25
7890,40.58,12.31,0.0,0.0,0.0,0.3692,28.28,0.0
7891,39.07,17.08,0.0,8.01,0.0,0.3692,30.0,0.0
7892,37.34,8.74,0.0,0.0,32.58,0.4459,0.0,3.99
7893,35.46,10.35,0.0,0.0,0.0,0.1,25.11,0.0
7894,33.51,7.19,0.0,0.0,0.0,0.1,26.33,0.0
7895,33.51,13.34,0.0,0.0,0.0,0.1,20.17,0.0
7896,33.55,21.32,0.0,10.3,0.0,0.1,22.53,0.0
7897,33.55,15.16,0.0,11.61,0.0,0.1987,30.0,0.0
7898,33.55,9.7,0.0,6.15,0.0,0.3099,30.0,0.0
7899,33.55,12.58,0.0,9.03,0.0,0.3688,30.0,0.0
7900,33.55,7.57,0.0,4.02,0.0,0.4554,30.0,0.0
7901,33.55,8.07,0.0,4.52,0.0,0.4939,30.0,0.0
7902,33.55,13.27,0.0,9.72,0.0,0.5372,30.0,0.0
7903,35.5,5.72,15.77,16.0,0.0,0.6304,30.0,0.0
7904,37.37,14.2,27.54,0.0,25.64,0.7836,0.0,30.0
7905,39.1,8.44,41.74,0.0,18.93,0.5115,0.0,30.0
7906,40.62,8.43,49.84,0.0,12.35,0.3105,0.0,30.0
7907,41.86,6.5,57.88,0.0,7.48,0.1794,0.0,30.0
7908,42.79,10.72,56.94,24.87,0.0,0.1,0.0,0.0
7909,43.36,10.9,57.84,25.39,0.0,0.3383,0.0,0.0
7910,43.55,9.46,48.99,14.91,0.0,0.5815,0.0,0.0
7911,43.36,11.07,42.58,10.29,0.0,0.7243,0.0,0.0
7912,42.79,8.71,25.84,8.04,0.0,0.8229,16.28,0.0
7913,41.86,12.83,14.1,0.0,44.93,0.9,0.0,30.0
7914,40.62,10.26,0.0,0.0,0.36,0.423,30.0,0.0
7915,39.1,12.74,0.0,3.64,0.0,0.4192,30.0,0.0
7916,37.37,12.59,0.0,0.0,33.34,0.454,0.0,8.56
7917,35.5,12.7,0.0,0.0,0.0,0.1,22.8,0.0
7918,33.55,12.39,0.0,0.0,0.0,0.1,21.16,0.0
7919,33.55,17.6,0.0,0.0,0.0,0.1,15.95,0.0
7920,33.58,21.27,0.0,1.17,0.0,0.1,13.48,0.0
7921,33.58,20.56,0.0,16.97,0.0,0.1112,30.0,0.0
7922,33.58,10.08,0.0,6.5,0.0,0.2739,30.0,0.0
7923,33.58,19.97,0.0,0.0,0.0,0.3361,13.61,0.0
7924,33.58,12.45,0.0,8.87,0.0,0.3361,30.0,0.0
7925,33.58,15.26,0.0,11.68,0.0,0.4211,30.0,0.0
7926,33.58,7.95,0.0,4.36,0.0,0.533,30.0,0.0
7927,35.53,11.22,14.96,20.64,0.0,0.5748,30.0,0.0
7928,37.41,10.93,28.28,0.0,28.2,0.7726,0.0,30.0
7929,39.14,2.62,39.45,0.0,27.07,0.4732,0.0,30.0
7930,40.65,10.63,51.94,0.0,8.08,0.1858,0.0,30.0
7931,41.9,13.28,55.17,0.0,0.0,0.1,0.0,26.54
7932,42.82,6.83,57.9,21.91,0.0,0.1,0.0,0.0
7933,43.39,13.33,55.29,25.23,0.0,0.31,0.0,0.0
7934,43.58,7.33,52.56,16.3,0.0,0.5517,0.0,0.0
7935,43.39,12.29,40.58,20.05,0.0,0.7079,10.57,0.0
7936,42.82,0.44,26.97,0.0,15.41,0.9,0.0,0.0
7937,41.9,20.65,13.13,0.0,38.12,0.7364,0.0,30.0
7938,40.65,17.9,0.0,0.0,20.01,0.3316,2.75,0.0
7939,39.14,11.59,0.0,0.0,0.0,0.1192,27.55,0.0
7940,37.41,5.6,0.0,0.0,1.81,0.1192,30.0,0.0
7941,35.53,15.82,0.0,10.29,0.0,0.1,30.0,0.0
7942,33.58,9.31,0.0,5.72,0.0,0.1986,30.0,0.0
7943,33.58,17.55,0.0,13.96,0.0,0.2534,30.0,0.0
7944,33.62,17.59,0.0,0.0,0.0,0.3872,16.03,0.0
7945,33.62,11.84,0.0,0.0,0.0,0.3872,21.78,0.0
7946,33.62,19.97,0.0,0.0,0.0,0.3872,13.65,0.0
7947,33.62,18.01,0.0,14.39,0.0,0.3872,30.0,0.0
7948,33.62,17.86,0.0,14.24,0.0,0.5251,30.0,0.0
7949,33.62,12.85,0.0,7.34,0.0,0.6615,28.11,0.0
7950,33.62,5.88,0.0,0.0,0.0,0.7318,27.74,0.0
7951,35.57,14.72,13.26,0.0,0.0,0.7318,7.59,0.0
7952,37.45,8.55,26.92,0.0,31.98,0.7318,0.0,30.0
7953,39.17,3.05,38.59,0.0,27.54,0.3923,0.0,30.0
7954,40.69,13.75,52.68,25.75,0.0,0.1,0.0,0.0
7955,41.93,16.44,43.43,0.0,12.07,0.3467,0.0,30.0
7956,42.86,7.43,57.19,21.76,0.0,0.2186,0.0,0.0
7957,43.43,16.68,56.65,29.91,0.0,0.4271,0.0,0.0
7958,43.62,8.53,49.44,14.35,0.0,0.7137,0.0,0.0
7959,43.43,7.23,41.28,5.09,0.0,0.8512,0.0,0.0
7960,42.86,7.06,29.91,0.0,0.0,0.9,5.89,0.0
7961,41.93,17.45,15.54,0.0,25.35,0.9,0.0,16.41
7962,40.69,8.51,0.0,0.0,50.0,0.6308,0.0,17.82
7963,39.17,15.86,0.0,6.68,0.0,0.1,30.0,0.0
7964,37.45,11.5,0.0,0.0,6.03,0.1641,19.92,0.0
7965,35.57,12.76,0.0,7.19,0.0,0.1,30.0,0.0
7966,33.62,19.6,0.0,15.98,0.0,0.1689,30.0,0.0
7967,33.62,14.17,0.0,10.55,0.0,0.322,30.0,0.0
7968,33.65,14.25,0.0,0.0,0.0,0.4231,19.41,0.0
7969,33.65,20.48,0.0,0.0,0.0,0.4231,13.18,0.0
7970,33.65,21.99,0.0,0.0,0.0,0.4231,11.67,0.0
7971,33.65,17.38,0.0,0.0,0.0,0.4231,16.27,0.0
7972,33.65,11.14,0.0,0.0,0.0,0.4231,22.52,0.0
7973,33.65,10.74,0.0,0.0,0.0,0.4231,22.92,0.0
7974,33.65,12.11,0.0,0.0,0.0,0.4231,21.54,0.0
7975,35.61,12.04,13.99,6.69,0.0,0.4231,16.27,0.0
7976,37.48,5.61,28.48,26.61,0.0,0.4872,30.0,0.0
7977,39.21,11.85,38.97,0.0,18.4,0.7422,0.0,30.0
7978,40.73,8.55,52.71,0.0,9.47,0.5469,0.0,30.0
7979,41.97,0.67,55.73,0.0,15.57,0.4464,0.0,30.0
7980,42.89,3.79,56.57,17.46,0.0,0.2811,0.0,0.0
7981,43.46,5.69,55.68,17.91,0.0,0.4483,0.0,0.0
7982,43.65,7.89,50.93,15.17,0.0,0.62,0.0,0.0
7983,43.46,16.68,40.84,14.06,0.0,0.7653,0.0,0.0
7984,42.89,10.69,25.9,0.0,0.0,0.9,6.3,0.0
7985,41.97,7.22,15.43,0.0,47.32,0.9,0.0,28.0
7986,40.73,12.69,0.0,0.0,28.03,0.3976,0.0,0.0
7987,39.21,11.39,0.0,2.18,0.0,0.1,30.0,0.0
7988,37.48,15.2,0.0,7.72,0.0,0.1209,30.0,0.0
7989,35.61,17.11,0.0,11.51,0.0,0.1948,30.0,0.0
7990,33.65,20.38,0.0,0.0,0.0,0.3051,13.28,0.0
7991,33.65,15.68,0.0,0.0,0.0,0.3051,17.97,0.0
7992,33.69,22.75,0.0,19.06,0.0,0.3051,30.0,0.0
7993,33.69,19.58,0.0,15.89,0.0,0.4877,30.0,0.0
7994,33.69,12.47,0.0,0.0,0.0,0.64,21.22,0.0
7995,33.69,23.9,0.0,0.0,0.0,0.64,9.79,0.0
7996,33.69,15.24,0.0,0.0,0.0,0.64,18.45,0.0
7997,33.69,9.43,0.0,0.0,0.0,0.64,24.26,0.0
7998,33.69,18.67,0.0,14.97,0.0,0.64,30.0,0.0
7999,35.64,19.35,13.61,4.16,0.0,0.7835,6.84,0.0
8000,37.52,9.61,28.95,0.0,28.96,0.8234,0.0,30.0
8001,39.25,6.8,40.98,0.0,21.46,0.5159,0.0,30.0
8002,40.76,7.51,50.72,0.0,12.52,0.288,0.0,30.0
8003,42.01,10.78,56.04,0.0,5.19,0.1551,0.0,30.0
8004,42.93,12.97,60.11,30.15,0.0,0.1,0.0,0.0
8005,43.5,10.18,58.54,22.35,0.0,0.3889,0.0,2.87
8006,43.69,8.65,52.74,17.7,0.0,0.603,0.0,0.0
8007,43.5,15.09,41.7,13.29,0.0,0.7726,0.0,0.0
8008,42.93,8.45,28.87,0.0,0.0,0.9,5.61,0.0
8009,42.01,15.02,10.95,0.0,0.0,0.9,16.04,0.0
8010,40.76,10.62,0.0,0.0,0.14,0.9,30.0,0.0
8011,39.25,14.68,0.0,0.0,50.0,0.8985,0.0,25.43
8012,37.52,13.42,0.0,0.0,25.21,0.3677,0.0,1.11
8013,35.64,14.52,0.0,0.0,0.0,0.1,21.13,0.0
8014,33.69,13.84,0.0,6.61,0.0,0.1,26.46,0.0
8015,33.69,21.39,0.0,0.0,0.0,0.1634,12.3,0.0
8016,33.73,12.96,0.0,9.23,0.0,0.1634,30.0,0.0
8017,33.73,12.79,0.0,9.06,0.0,0.2518,30.0,0.0
8018,33.73,24.23,0.0,20.5,0.0,0.3387,30.0,0.0
8019,33.73,18.84,0.0,15.11,0.0,0.5351,30.0,0.0
8020,33.73,4.04,0.0,0.32,0.0,0.6799,30.0,0.0
8021,33.73,10.58,0.0,6.86,0.0,0.6829,30.0,0.0
8022,33.73,4.35,0.0,0.62,0.0,0.7486,30.0,0.0
8023,35.68,6.84,14.02,15.19,0.0,0.7545,30.0,0.0
8024,37.56,0.0,29.84,0.0,37.71,0.9,0.0,30.0
8025,39.28,8.36,41.79,0.0,19.14,0.4996,0.0,30.0
8026,40.8,3.53,50.2,0.0,17.06,0.2964,0.0,30.0
8027,42.04,8.1,55.88,0.0,1.43,0.1152,0.0,23.37
8028,42.97,0.98,56.65,14.66,0.0,0.1,0.0,0.0
8029,43.54,8.2,57.47,22.13,0.0,0.2404,0.0,0.0
8030,43.73,6.55,48.75,11.56,0.0,0.4525,0.0,0.0
8031,43.54,15.15,38.1,9.72,0.0,0.5633,0.0,0.0
8032,42.97,15.63,25.77,8.36,0.0,0.6564,9.92,0.0
8033,42.04,14.04,15.08,17.07,0.0,0.7364,30.0,0.0
8034,40.8,10.5,0.0,0.0,27.16,0.9,3.14,0.0
8035,39.28,21.15,0.0,0.0,48.13,0.6117,0.0,30.0
8036,37.56,7.49,0.0,0.0,0.06,0.1007,30.0,0.0
8037,35.68,8.97,0.0,0.0,0.0,0.1,26.71,0.0
8038,33.73,15.1,0.0,0.0,0.0,0.1,18.63,0.0
8039,33.73,25.2,0.0,0.0,0.0,0.1,8.53,0.0
8040,33.77,15.2,0.0,5.06,0.0,0.1,23.63,0.0
8041,33.77,15.13,0.0,11.37,0.0,0.1485,30.0,0.0
8042,33.77,9.5,0.0,5.74,0.0,0.2574,30.0,0.0
8043,33.77,18.74,0.0,14.97,0.0,0.3124,30.0,0.0
8044,33.77,17.91,0.0,14.15,0.0,0.4558,30.0,0.0
8045,33.77,16.23,0.0,12.47,0.0,0.5914,30.0,0.0
8046,33.77,9.28,0.0,5.52,0.0,0.7108,30.0,0.0
8047,35.72,7.89,12.05,14.23,0.0,0.7637,30.0,0.0
8048,37.59,4.46,26.04,0.0,37.09,0.9,0.0,30.0
8049,39.32,9.31,40.23,0.0,19.78,0.5062,0.0,30.0
8050,40.84,3.83,51.67,0.0,15.34,0.2962,0.0,30.0
8051,42.08,3.01,53.95,0.0,3.14,0.1333,0.0,18.02
8052,43.0,5.99,58.42,21.41,0.0,0.1,0.0,0.0
8053,43.57,5.86,54.85,17.14,0.0,0.3051,0.0,0.0
8054,43.77,6.07,48.53,11.33,0.0,0.4693,0.5,0.0
8055,43.57,10.89,39.57,6.89,0.0,0.5779,0.0,0.0
8056,43.0,10.15,29.58,26.73,0.0,0.6439,30.0,0.0
8057,42.08,9.62,11.11,0.0,0.0,0.9,21.34,0.0
8058,40.84,12.65,0.0,0.0,0.0,0.9,28.19,0.0
8059,39.32,8.85,0.0,0.0,25.35,0.9,5.12,0.0
8060,37.59,14.4,0.0,0.0,50.0,0.6308,0.0,26.81
8061,35.72,15.44,0.0,2.82,0.0,0.1,23.09,0.0
8062,33.77,9.25,0.0,5.48,0.0,0.127,30.0,0.0
8063,33.77,20.02,0.0,16.25,0.0,0.1796,30.0,0.0
8064,33.8,12.42,0.0,8.61,0.0,0.3353,30.0,0.0
8065,33.8,16.3,0.0,0.0,0.0,0.4178,17.5,0.0
8066,33.8,20.34,0.0,0.0,0.0,0.4178,13.47,0.0
8067,33.8,18.69,0.0,0.0,0.0,0.4178,15.11,0.0
8068,33.8,14.14,0.0,10.34,0.0,0.4178,30.0,0.0
8069,33.8,11.5,0.0,7.69,0.0,0.5169,30.0,0.0
8070,33.8,15.85,0.0,12.05,0.0,0.5906,30.0,0.0
8071,35.75,13.65,12.35,20.25,0.0,0.706,30.0,0.0
8072,37.63,7.29,27.29,0.0,33.05,0.9,0.0,30.0
8073,39.36,5.7,40.56,0.0,23.1,0.5491,0.0,30.0
8074,40.87,0.0,48.38,0.0,19.2,0.3039,0.0,26.71
8075,42.12,8.56,57.78,0.0,0.0,0.1,0.0,24.22
8076,43.04,7.44,56.64,21.04,0.0,0.1,0.0,0.0
8077,43.61,12.63,57.31,26.33,0.0,0.3016,0.0,0.0
8078,43.8,9.82,51.98,18.0,0.0,0.5539,0.0,0.0
8079,43.61,14.52,38.16,9.07,0.0,0.7264,0.0,0.0
8080,43.04,6.96,27.25,0.0,0.0,0.8133,8.83,0.0
8081,42.12,15.57,12.61,9.05,0.0,0.8133,22.99,0.0
8082,40.87,9.73,0.0,0.0,31.14,0.9,0.0,0.0
8083,39.36,16.22,0.0,0.0,44.21,0.5694,0.0,21.07
8084,37.63,7.95,0.0,0.0,0.0,0.1,29.68,0.0
8085,35.75,15.83,0.0,10.07,0.0,0.1,30.0,0.0
8086,33.8,7.29,0.0,3.49,0.0,0.1965,30.0,0.0
8087,33.8,14.82,0.0,11.02,0.0,0.2299,30.0,0.0
8088,33.84,17.93,0.0,14.09,0.0,0.3355,30.0,0.0
8089,33.84,13.8,0.0,0.0,0.0,0.4705,20.04,0.0
8090,33.84,11.19,0.0,7.35,0.0,0.4705,30.0,0.0
8091,33.84,18.39,0.0,14.55,0.0,0.5409,30.0,0.0
8092,33.84,13.6,0.0,9.76,0.0,0.6804,30.0,0.0
8093,33.84,11.0,0.0,0.0,22.84,0.7739,0.0,0.0
8094,33.84,12.13,0.0,8.29,0.0,0.5314,30.0,0.0
8095,35.79,21.81,13.21,20.68,0.0,0.6108,21.45,0.0
8096,37.67,14.67,27.69,0.0,25.31,0.8089,0.0,30.0
8097,39.4,13.85,40.06,0.0,15.49,0.5402,0.0,30.0
8098,40.91,10.17,51.44,0.0,9.29,0.3758,0.0,30.0
8099,42.16,8.65,57.24,0.0,6.27,0.2771,0.0,30.0
8100,43.08,0.0,56.01,12.93,0.0,0.2105,0.0,0.0
8101,43.65,5.14,55.8,17.29,0.0,0.3344,0.0,0.0
8102,43.84,6.38,49.69,12.22,0.0,0.5001,0.0,0.0
8103,43.65,1.26,41.91,29.52,0.0,0.6172,30.0,0.0
8104,43.08,5.09,26.28,0.0,0.0,0.9,11.71,0.0
8105,42.16,2.68,11.98,0.0,25.35,0.9,2.15,0.0
8106,40.91,11.8,0.0,0.0,0.0,0.6308,29.11,0.0
8107,39.4,16.42,0.0,0.0,50.0,0.6308,0.0,27.03
8108,37.67,18.62,0.0,10.95,0.0,0.1,30.0,0.0
8109,35.79,16.61,0.0,10.81,0.0,0.2049,30.0,0.0
8110,33.84,11.55,0.0,7.71,0.0,0.3085,30.0,0.0
8111,33.84,7.96,0.0,4.11,0.0,0.3824,30.0,0.0
8112,33.88,8.85,0.0,4.98,0.0,0.4219,30.0,0.0
8113,33.88,10.74,0.0,6.86,0.0,0.4695,30.0,0.0
8114,33.88,11.9,0.0,0.0,21.98,0.5352,0.0,0.0
8115,33.88,14.26,0.0,10.38,0.0,0.3018,30.0,0.0
8116,33.88,9.86,0.0,5.98,0.0,0.4013,30.0,0.0
8117,33.88,14.47,0.0,1.48,0.0,0.4586,20.89,0.0
8118,33.88,11.03,0.0,7.15,0.0,0.4727,30.0,0.0
8119,35.83,10.96,13.74,18.87,0.0,0.5412,30.0,0.0
8120,37.71,14.64,30.14,0.0,22.92,0.722,0.0,30.0
8121,39.44,4.17,42.51,0.0,22.75,0.4786,0.0,30.0
8122,40.95,10.14,47.9,0.0,12.91,0.2371,0.0,30.0
8123,42.19,7.93,57.77,23.5,0.0,0.1,0.0,0.0
8124,43.12,6.47,56.55,13.37,0.0,0.3252,0.0,6.53
8125,43.69,11.66,57.87,25.84,0.0,0.4533,0.0,0.0
8126,43.88,12.04,49.46,17.62,0.0,0.7008,0.0,0.0
8127,43.69,5.14,41.71,3.16,0.0,0.8697,0.0,0.0
8128,43.12,9.16,25.46,0.0,0.0,0.9,8.5,0.0
8129,42.19,12.08,10.78,0.0,49.33,0.9,0.0,30.0
8130,40.95,10.86,0.0,0.0,26.02,0.3763,4.07,0.0
8131,39.44,15.49,0.0,0.0,0.0,0.1,23.95,0.0
8132,37.71,15.23,0.0,0.0,0.0,0.1,22.48,0.0
8133,35.83,22.51,0.0,0.0,0.0,0.1,13.32,0.0
8134,33.88,9.24,0.0,0.0,0.0,0.1,24.64,0.0
8135,33.88,15.49,0.0,0.0,0.0,0.1,18.39,0.0
8136,33.92,12.4,0.0,8.48,0.0,0.1,30.0,0.0
8137,33.92,18.53,0.0,1.29,0.0,0.1813,16.68,0.0
8138,33.92,8.91,0.0,4.99,0.0,0.1936,30.0,0.0
8139,33.92,16.39,0.0,12.47,0.0,0.2415,30.0,0.0
8140,33.92,11.48,0.0,7.57,0.0,0.3609,30.0,0.0
8141,33.92,10.05,0.0,6.13,0.0,0.4334,30.0,0.0
8142,33.92,6.03,0.0,2.11,0.0,0.4922,30.0,0.0
8143,35.87,9.02,15.46,18.62,0.0,0.5124,30.0,0.0
8144,37.74,14.44,28.34,0.0,24.96,0.6908,0.0,30.0
8145,39.47,8.99,38.97,0.0,21.51,0.4258,0.0,30.0
8146,40.99,11.03,50.78,0.0,9.17,0.1974,0.0,30.0
8147,42.23,14.92,56.0,28.68,0.0,0.1,0.0,0.0
8148,43.16,8.97,59.37,16.35,0.0,0.3748,0.0,8.83
8149,43.73,5.7,54.73,16.71,0.0,0.5315,0.0,0.0
8150,43.92,10.37,50.02,16.48,0.0,0.6916,0.0,0.0
8151,43.73,6.84,42.17,5.28,0.0,0.8494,0.0,0.0
8152,43.16,7.86,28.5,0.0,0.0,0.9,6.8,0.0
8153,42.23,4.65,12.01,0.0,50.0,0.9,0.0,24.43
8154,40.99,15.86,0.0,0.0,0.0,0.3692,25.13,0.0
8155,39.47,11.5,0.0,0.0,25.35,0.3692,2.63,0.0
8156,37.74,14.85,0.0,0.0,0.0,0.1,22.9,0.0
8157,35.87,10.66,0.0,0.0,0.0,0.1,25.21,0.0
8158,33.92,17.42,0.0,0.0,0.0,0.1,16.5,0.0
8159,33.92,12.87,0.0,0.0,0.0,0.1,21.05,0.0
8160,33.96,15.61,0.0,0.0,0.0,0.1,18.35,0.0
8161,33.96,19.69,0.0,0.0,0.0,0.1,14.27,0.0
8162,33.96,18.92,0.0,4.73,0.0,0.1,19.77,0.0
8163,33.96,14.89,0.0,10.93,0.0,0.1453,30.0,0.0
8164,33.96,6.8,0.0,2.84,0.0,0.2501,30.0,0.0
8165,33.96,25.53,0.0,21.57,0.0,0.2773,30.0,0.0
8166,33.96,19.29,0.0,15.33,0.0,0.484,30.0,0.0
8167,35.91,13.97,14.11,22.18,0.0,0.6309,30.0,0.0
8168,37.78,6.86,28.63,0.0,32.29,0.8434,0.0,30.0
8169,39.51,8.65,40.59,0.0,20.27,0.5006,0.0,30.0
8170,41.03,6.21,48.88,0.0,15.94,0.2853,0.0,30.0
8171,42.27,13.29,57.47,0.0,1.52,0.1161,0.0,30.0
8172,43.2,9.0,57.31,23.11,0.0,0.1,0.0,0.0
8173,43.76,4.8,53.93,14.97,0.0,0.3214,0.0,0.0
8174,43.96,6.51,48.98,11.54,0.0,0.4649,0.0,0.0
8175,43.76,13.77,40.04,12.11,0.0,0.5754,2.07,0.0
8176,43.2,16.61,28.6,2.02,0.0,0.6914,0.0,0.0
8177,42.27,17.31,14.71,19.75,0.0,0.7108,30.0,0.0
8178,41.03,15.19,0.0,0.0,50.0,0.9,0.0,24.16
8179,39.51,12.08,0.0,0.0,18.26,0.3692,9.17,0.0
8180,37.78,0.69,0.0,0.0,7.09,0.1753,30.0,0.0
8181,35.91,16.21,0.0,10.31,0.0,0.1,30.0,0.0
8182,33.96,15.63,0.0,11.68,0.0,0.1987,30.0,0.0
8183,33.96,16.63,0.0,0.0,0.0,0.3106,17.32,0.0
8184,34.0,16.45,0.0,0.0,17.55,0.3106,0.0,0.0
8185,34.0,10.59,0.0,0.0,0.0,0.1243,23.41,0.0
8186,34.0,17.98,0.0,0.0,0.0,0.1243,16.02,0.0
8187,34.0,17.63,0.0,3.82,0.0,0.1243,20.18,0.0
8188,34.0,16.98,0.0,0.0,0.0,0.1609,17.02,0.0
8189,34.0,17.08,0.0,13.08,0.0,0.1609,30.0,0.0
8190,34.0,14.58,0.0,10.59,0.0,0.2862,30.0,0.0
8191,35.95,9.31,15.29,18.65,0.0,0.3877,30.0,0.0
8192,37.82,9.72,27.36,0.0,30.75,0.5664,0.0,30.0
8193,39.55,9.53,39.04,0.0,0.0,0.24,0.0,9.01
8194,41.07,8.94,48.94,0.0,13.19,0.24,0.0,30.0
8195,42.31,12.22,54.64,24.54,0.0,0.1,0.0,0.0
8196,43.24,10.61,55.27,22.64,0.0,0.3351,0.0,0.0
8197,43.8,16.69,57.52,30.4,0.0,0.5521,0.0,0.0
8198,44.0,17.64,48.5,1.88,0.0,0.8434,0.0,20.25
8199,43.8,9.48,38.35,4.03,0.0,0.8614,0.0,0.0
8200,43.24,0.0,26.06,0.0,0.0,0.9,17.17,0.0
8201,42.31,16.13,12.6,0.0,0.0,0.9,13.58,0.0
8202,41.07,9.84,0.0,0.0,50.0,0.9,0.0,18.78
8203,39.55,9.83,0.0,0.0,16.07,0.3692,13.65,0.0
8204,37.82,12.5,0.0,0.0,0.0,0.1985,25.32,0.0
8205,35.95,13.16,0.0,7.21,0.0,0.1985,30.0,0.0
8206,34.0,18.21,0.0,0.0,15.79,0.2676,0.0,0.0
8207,34.0,9.62,0.0,5.63,0.0,0.1,30.0,0.0
8208,34.04,11.79,0.0,0.0,0.0,0.1539,22.25,0.0
8209,34.04,17.53,0.0,13.5,0.0,0.1539,30.0,0.0
8210,34.04,18.28,0.0,14.24,0.0,0.2832,30.0,0.0
8211,34.04,17.7,0.0,13.66,0.0,0.4197,30.0,0.0
8212,34.04,10.92,0.0,6.88,0.0,0.5506,30.0,0.0
8213,34.04,9.13,0.0,5.09,0.0,0.6166,30.0,0.0
8214,34.04,10.01,0.0,5.97,0.0,0.6654,30.0,0.0
8215,35.99,12.03,11.27,17.32,0.0,0.7226,30.0,0.0
8216,37.86,16.19,26.88,0.0,24.79,0.8886,0.0,30.0
8217,39.59,0.7,38.82,0.0,30.08,0.6254,0.0,30.0
8218,41.11,7.61,48.17,0.0,15.33,0.3061,0.0,30.0
8219,42.35,2.59,54.75,14.99,0.0,0.1433,0.0,0.0
8220,43.27,1.12,57.06,14.91,0.0,0.2869,0.0,0.0
8221,43.84,12.11,55.33,23.6,0.0,0.4298,0.0,0.0
8222,44.04,10.78,48.25,14.99,0.0,0.6559,0.0,0.0
8223,43.84,11.04,39.5,6.7,0.0,0.7995,0.0,0.0
8224,43.27,13.85,27.56,3.79,0.0,0.8637,5.65,0.0
8225,42.35,9.05,11.79,0.0,50.0,0.9,0.0,28.48
8226,41.11,10.32,0.0,0.0,25.35,0.3692,5.44,0.0
8227,39.59,22.24,0.0,0.0,0.0,0.1,17.35,0.0
8228,37.86,13.16,0.0,0.0,0.0,0.1,24.7,0.0
8229,35.99,18.09,0.0,0.0,0.0,0.1,17.9,0.0
8230,34.04,15.72,0.0,0.0,0.0,0.1,18.31,0.0
8231,34.04,8.45,0.0,0.0,0.0,0.1,25.58,0.0
8232,34.08,7.81,0.0,0.0,0.0,0.1,26.27,0.0
8233,34.08,13.74,0.0,0.0,0.0,0.1,20.34,0.0
8234,34.08,20.1,0.0,16.03,0.0,0.1,30.0,0.0
8235,34.08,18.33,0.0,14.26,0.0,0.2535,30.0,0.0
8236,34.08,18.0,0.0,13.92,0.0,0.3902,30.0,0.0
8237,34.08,9.12,0.0,5.04,0.0,0.5235,30.0,0.0
8238,34.08,18.83,0.0,14.76,0.0,0.5719,30.0,0.0
8239,36.03,7.07,12.95,13.99,0.0,0.7133,30.0,0.0
8240,37.9,10.95,28.85,0.0,28.11,0.8473,0.0,30.0
8241,39.63,9.16,37.58,0.0,22.88,0.5489,0.0,30.0
8242,41.15,7.83,48.22,0.0,15.1,0.3059,0.0,30.0
8243,42.39,13.68,54.42,0.0,4.29,0.1457,0.0,30.0
8244,43.31,5.07,56.99,18.75,0.0,0.1001,0.0,0.0
8245,43.88,2.54,54.11,12.77,0.0,0.2797,0.0,0.0
8246,44.08,8.63,51.35,15.91,0.0,0.4021,0.0,0.0
8247,43.88,7.55,37.91,1.57,0.0,0.5545,0.0,0.0
8248,43.31,24.06,26.0,34.48,0.0,0.5696,27.74,0.0
8249,42.39,13.87,10.84,0.0,42.36,0.9,0.0,24.68
8250,41.15,10.44,0.0,0.0,0.71,0.4502,30.0,0.0
8251,39.63,8.83,0.0,0.0,30.8,0.4427,0.0,0.0
8252,37.9,6.42,0.0,0.0,1.48,0.1158,30.0,0.0
8253,36.03,10.82,0.0,0.0,0.0,0.1,25.21,0.0
8254,34.08,16.2,0.0,0.0,0.0,0.1,17.87,0.0
8255,34.08,22.05,0.0,0.0,0.0,0.1,12.02,0.0
8256,34.12,20.95,0.0,16.84,0.0,0.1,30.0,0.0
8257,34.12,17.11,0.0,7.45,0.0,0.2613,24.45,0.0
8258,34.12,14.41,0.0,0.0,0.0,0.3327,19.7,0.0
8259,34.12,16.21,0.0,12.09,0.0,0.3327,30.0,0.0
8260,34.12,12.09,0.0,7.97,0.0,0.4486,30.0,0.0
8261,34.12,20.35,0.0,16.24,0.0,0.5249,30.0,0.0
8262,34.12,11.38,0.0,7.26,0.0,0.6805,30.0,0.0
8263,36.07,10.73,10.98,15.64,0.0,0.7501,30.0,0.0
8264,37.94,0.91,25.41,0.0,41.62,0.9,0.0,30.0
8265,39.67,8.42,37.62,0.0,23.63,0.4581,0.0,30.0
8266,41.19,12.04,47.85,0.0,10.1,0.2073,0.0,28.81
8267,42.43,3.74,55.58,0.0,0.0,0.1,0.0,16.89
8268,43.35,4.91,57.23,18.78,0.0,0.1,0.0,0.0
8269,43.92,11.44,54.08,21.6,0.0,0.28,0.0,0.0
8270,44.12,2.46,49.36,7.7,0.0,0.4869,0.0,0.0
8271,43.92,13.62,39.36,23.42,0.0,0.5607,14.36,0.0
8272,43.35,7.89,25.75,0.0,0.0,0.785,9.72,0.0
8273,42.43,9.48,14.95,12.0,0.0,0.785,30.0,0.0
8274,41.19,7.51,0.0,0.0,50.0,0.9,0.0,16.32
8275,39.67,14.8,0.0,5.13,0.0,0.3692,30.0,0.0
8276,37.94,24.43,0.0,0.0,29.98,0.4183,0.0,16.47
8277,36.07,18.33,0.0,0.0,0.0,0.1,17.74,0.0
8278,34.12,12.17,0.0,0.0,0.0,0.1,21.95,0.0
8279,34.12,20.87,0.0,0.0,0.0,0.1,13.25,0.0
8280,34.16,15.02,0.0,0.0,0.0,0.1,19.14,0.0
8281,34.16,21.88,0.0,17.73,0.0,0.1,30.0,0.0
8282,34.16,19.12,0.0,8.23,0.0,0.2699,23.27,0.0
8283,34.16,2.92,0.0,0.0,1.23,0.3488,30.0,0.0
8284,34.16,10.1,0.0,5.94,0.0,0.3357,30.0,0.0
8285,34.16,17.17,0.0,13.02,0.0,0.3926,30.0,0.0
8286,34.16,12.82,0.0,8.66,0.0,0.5173,30.0,0.0
8287,36.11,6.87,13.87,14.64,0.0,0.6003,30.0,0.0
8288,37.98,7.49,28.77,0.0,31.72,0.7405,0.0,30.0
8289,39.71,1.36,39.74,0.0,28.61,0.4037,0.0,30.0
8290,41.23,8.23,49.3,16.3,0.0,0.1,0.0,0.0
8291,42.47,17.34,43.15,0.0,11.98,0.2562,0.0,30.0
8292,43.39,11.38,57.16,25.14,0.0,0.129,0.0,0.0
8293,43.96,17.26,53.89,27.18,0.0,0.37,0.0,0.0
8294,44.16,12.25,47.89,15.99,0.0,0.6304,0.0,0.0
8295,43.96,13.51,39.12,8.67,0.0,0.7836,0.0,0.0
8296,43.39,18.29,28.58,3.48,0.0,0.8667,0.0,0.0
8297,42.47,12.68,11.2,0.0,48.59,0.9,0.0,30.0
8298,41.23,11.41,0.0,0.18,0.0,0.3841,30.0,0.0
8299,39.71,17.54,0.0,0.0,26.92,0.3858,0.0,4.75
8300,37.98,20.28,0.0,12.3,0.0,0.1,30.0,0.0
8301,36.11,13.13,0.0,7.02,0.0,0.2179,30.0,0.0
8302,34.16,12.79,0.0,8.63,0.0,0.2851,30.0,0.0
8303,34.16,16.76,0.0,12.61,0.0,0.3678,30.0,0.0
8304,34.2,19.8,0.0,0.0,0.0,0.4886,14.4,0.0
8305,34.2,19.52,0.0,0.0,0.0,0.4886,14.68,0.0
8306,34.2,9.9,0.0,0.0,24.3,0.4886,0.0,0.0
8307,34.2,23.06,0.0,18.86,0.0,0.2306,30.0,0.0
8308,34.2,11.63,0.0,7.43,0.0,0.4114,30.0,0.0
8309,34.2,12.18,0.0,7.99,0.0,0.4826,30.0,0.0
8310,34.2,8.47,0.0,4.27,0.0,0.5591,30.0,0.0
8311,36.15,22.32,14.52,30.69,0.0,0.6001,30.0,0.0
8312,38.02,11.14,26.43,0.0,30.46,0.8941,0.0,30.0
8313,39.75,5.75,38.58,0.0,25.42,0.5708,0.0,30.0
8314,41.27,12.2,50.06,0.0,9.01,0.3008,0.0,30.0
8315,42.51,11.4,55.99,0.0,5.12,0.2052,0.0,30.0
8316,43.44,7.29,57.69,21.54,0.0,0.1508,0.0,0.0
8317,44.0,11.69,57.53,25.22,0.0,0.3572,0.0,0.0
8318,44.2,5.2,49.84,10.85,0.0,0.5989,0.0,0.0
8319,44.0,7.24,40.97,4.2,0.0,0.7028,0.0,0.0
8320,43.44,1.81,28.58,16.38,0.0,0.7431,29.42,0.0
8321,42.51,5.65,14.78,0.0,50.0,0.9,0.0,27.92
8322,41.27,19.7,0.0,0.0,25.35,0.3692,0.0,3.78
8323,39.75,20.08,0.0,10.33,0.0,0.1,30.0,0.0
8324,38.02,14.55,0.0,4.5,0.0,0.199,27.97,0.0
8325,36.15,22.03,0.0,0.0,0.0,0.2421,14.12,0.0
8326,34.2,15.14,0.0,10.94,0.0,0.2421,30.0,0.0
8327,34.2,15.2,0.0,0.0,0.0,0.3469,18.99,0.0
8328,34.24,16.61,0.0,12.37,0.0,0.3469,30.0,0.0
8329,34.24,15.72,0.0,11.48,0.0,0.4655,30.0,0.0
8330,34.24,14.93,0.0,0.0,0.0,0.5754,19.31,0.0
8331,34.24,19.9,0.0,0.0,0.0,0.5754,14.34,0.0
8332,34.24,14.93,0.0,0.0,0.0,0.5754,19.31,0.0
8333,34.24,16.26,0.0,0.0,0.0,0.5754,17.98,0.0
8334,34.24,16.51,0.0,12.27,0.0,0.5754,30.0,0.0
8335,36.19,12.77,15.02,21.6,0.0,0.693,30.0,0.0
8336,38.06,6.14,29.83,0.0,32.1,0.9,0.0,30.0
8337,39.79,3.7,38.74,0.0,27.36,0.5592,0.0,30.0
8338,41.31,9.26,50.69,0.0,11.36,0.2688,0.0,30.0
8339,42.55,7.52,53.45,18.42,0.0,0.1482,0.0,0.0
8340,43.48,8.45,59.38,24.36,0.0,0.3246,0.0,0.0
8341,44.05,8.16,55.0,0.0,0.0,0.558,0.0,19.11
8342,44.24,19.35,49.38,24.49,0.0,0.558,0.0,0.0
8343,44.05,3.79,38.44,0.0,0.0,0.7926,1.81,0.0
8344,43.48,1.92,25.45,0.0,0.0,0.7926,16.11,0.0
8345,42.55,12.54,13.78,11.21,0.0,0.7926,27.44,0.0
8346,41.31,10.67,0.0,0.0,30.64,0.9,0.0,0.0
8347,39.79,14.61,0.0,0.0,44.72,0.5747,0.0,19.54
8348,38.06,16.72,0.0,0.0,0.0,0.1,21.34,0.0
8349,36.19,20.48,0.0,14.29,0.0,0.1,30.0,0.0
8350,34.24,9.58,0.0,5.34,0.0,0.237,30.0,0.0
8351,34.24,13.93,0.0,9.69,0.0,0.2881,30.0,0.0
8352,34.28,18.17,0.0,0.0,16.1,0.381,0.0,0.0
8353,34.28,19.45,0.0,0.0,0.0,0.21,14.83,0.0
8354,34.28,24.93,0.0,20.65,0.0,0.21,30.0,0.0
8355,34.28,19.14,0.0,14.87,0.0,0.4079,30.0,0.0
8356,34.28,14.09,0.0,9.81,0.0,0.5503,30.0,0.0
8357,34.28,9.64,0.0,5.36,0.0,0.6443,30.0,0.0
8358,34.28,9.92,0.0,5.64,0.0,0.6957,30.0,0.0
8359,36.23,8.73,14.68,15.69,0.0,0.7497,28.51,0.0
8360,38.11,12.9,27.38,0.0,27.83,0.9,0.0,30.0
8361,39.83,10.39,37.66,0.0,21.78,0.6045,0.0,30.0
8362,41.35,3.18,50.78,0.0,17.39,0.3733,0.0,30.0
8363,42.59,6.45,56.18,0.0,8.35,0.1887,0.0,28.38
8364,43.52,11.75,58.03,26.26,0.0,0.1,0.0,0.0
8365,44.09,9.71,52.99,18.61,0.0,0.3516,0.0,0.0
8366,44.28,11.02,48.58,15.32,0.0,0.53,0.0,0.0
8367,44.09,10.91,40.98,7.8,0.0,0.6768,0.0,0.0
8368,43.52,16.92,26.21,15.5,0.0,0.7515,15.88,0.0
8369,42.59,12.16,14.55,0.0,44.35,0.9,0.0,28.47
8370,41.35,10.65,0.0,0.0,0.7,0.4291,30.0,0.0
8371,39.83,9.53,0.0,0.0,30.3,0.4217,0.0,0.0
8372,38.11,15.36,0.0,7.25,0.0,0.1,30.0,0.0
8373,36.23,5.07,0.0,0.0,6.55,0.1695,24.61,0.0
8374,34.28,15.08,0.0,10.8,0.0,0.1,30.0,0.0
8375,34.28,15.4,0.0,11.12,0.0,0.2035,30.0,0.0
8376,34.32,10.76,0.0,6.44,0.0,0.3101,30.0,0.0
8377,34.32,12.43,0.0,0.0,0.0,0.3718,21.89,0.0
8378,34.32,19.22,0.0,14.02,0.0,0.3718,29.12,0.0
8379,34.32,16.16,0.0,0.0,0.0,0.5061,18.16,0.0
8380,34.32,14.77,0.0,0.0,0.0,0.5061,19.55,0.0
8381,34.32,14.62,0.0,10.3,0.0,0.5061,30.0,0.0
8382,34.32,12.66,0.0,8.34,0.0,0.6048,30.0,0.0
8383,36.27,16.35,12.39,22.47,0.0,0.6847,30.0,0.0
8384,38.15,10.71,26.96,0.0,30.48,0.9,0.0,30.0
8385,39.88,3.3,38.72,0.0,27.85,0.5764,0.0,30.0
8386,41.39,15.44,46.89,0.0,9.06,0.2807,0.0,30.0
8387,42.63,9.81,53.27,0.0,7.96,0.1846,0.0,28.41
8388,43.56,5.69,58.37,20.5,0.0,0.1,0.0,0.0
8389,44.13,3.08,56.08,15.03,0.0,0.2964,0.0,0.0
8390,44.32,10.33,50.07,16.07,0.0,0.4404,0.0,0.0
8391,44.13,8.86,38.08,2.81,0.0,0.5944,0.0,0.0
8392,43.56,16.72,29.85,29.08,0.0,0.6214,26.06,0.0
8393,42.63,9.77,14.99,0.0,47.88,0.9,0.0,30.0
8394,41.39,8.8,0.0,0.0,27.47,0.3917,5.11,0.0
8395,39.88,17.06,0.0,0.0,0.0,0.1,22.82,0.0
8396,38.15,18.18,0.0,0.0,0.0,0.1,19.97,0.0
8397,36.27,15.9,0.0,9.63,0.0,0.1,30.0,0.0
8398,34.32,18.66,0.0,14.34,0.0,0.1923,30.0,0.0
8399,34.32,16.12,0.0,0.0,0.0,0.3297,18.2,0.0
8400,34.36,17.41,0.0,0.0,0.0,0.3297,16.96,0.0
8401,34.36,21.12,0.0,0.0,0.0,0.3297,13.24,0.0
8402,34.36,18.47,0.0,14.11,0.0,0.3297,30.0,0.0
8403,34.36,14.52,0.0,10.16,0.0,0.4649,30.0,0.0
8404,34.36,19.97,0.0,15.61,0.0,0.5623,30.0,0.0
8405,34.36,3.57,0.0,0.0,15.53,0.7118,15.27,0.0
8406,34.36,20.8,0.0,16.43,0.0,0.547,30.0,0.0
8407,36.31,4.15,12.96,10.8,0.0,0.7044,30.0,0.0
8408,38.19,7.62,29.09,0.0,31.48,0.8079,0.0,30.0
8409,39.92,9.19,40.84,0.0,19.88,0.4737,0.0,30.0
8410,41.43,8.1,48.02,0.0,15.32,0.2626,0.0,30.0
8411,42.68,12.46,55.75,25.53,0.0,0.1,0.0,0.0
8412,43.6,3.77,58.85,19.01,0.0,0.3446,0.0,0.0
8413,44.17,9.37,53.7,18.91,0.0,0.5268,0.0,0.0
8414,44.36,6.31,48.53,10.48,0.0,0.708,0.0,0.0
8415,44.17,10.59,39.09,9.56,0.0,0.8084,4.05,0.0
8416,43.6,9.95,29.44,0.0,0.0,0.9,4.21,0.0
8417,42.68,11.61,13.41,0.0,47.66,0.9,0.0,30.0
8418,41.43,10.01,0.0,0.0,27.69,0.394,3.73,0.0
8419,39.92,11.25,0.0,0.0,0.0,0.1,28.67,0.0
8420,38.19,15.55,0.0,0.0,0.0,0.1,22.63,0.0
8421,36.31,19.13,0.0,0.0,0.0,0.1,17.18,0.0
8422,34.36,13.4,0.0,0.0,0.0,0.1,20.96,0.0
8423,34.36,12.7,0.0,0.0,0.0,0.1,21.67,0.0
8424,34.4,19.0,0.0,0.0,0.0,0.1,15.41,0.0
8425,34.4,16.18,0.0,0.0,0.0,0.1,18.23,0.0
8426,34.4,19.34,0.0,0.0,0.0,0.1,15.06,0.0
8427,34.4,11.49,0.0,0.0,0.0,0.1,22.92,0.0
8428,34.4,7.01,0.0,0.0,0.0,0.1,27.39,0.0
8429,34.4,11.17,0.0,0.0,0.0,0.1,23.23,0.0
8430,34.4,9.14,0.0,4.73,0.0,0.1,30.0,0.0
8431,36.35,10.91,12.72,17.27,0.0,0.1453,30.0,0.0
8432,38.23,7.6,27.43,21.01,0.0,0.3109,24.21,0.0
8433,39.96,12.45,38.98,0.0,18.53,0.5122,0.0,30.0
8434,41.47,7.53,50.13,0.0,13.82,0.3155,0.0,30.0
8435,42.72,8.93,57.31,0.0,6.48,0.1688,0.0,30.0
8436,43.64,8.82,58.48,23.66,0.0,0.1,0.0,0.0
8437,44.21,9.12,54.04,18.95,0.0,0.3267,0.0,0.0
8438,44.4,8.62,50.42,14.64,0.0,0.5082,0.0,0.0
8439,44.21,11.5,38.3,26.25,0.0,0.6485,20.66,0.0
8440,43.64,6.94,28.21,0.0,0.0,0.9,8.49,0.0
8441,42.72,17.04,14.94,0.0,23.34,0.9,0.0,12.6
8442,41.47,11.33,0.0,0.0,50.0,0.6522,0.0,19.86
8443,39.96,7.95,0.0,0.0,2.01,0.1213,30.0,0.0
8444,38.23,15.16,0.0,6.93,0.0,0.1,30.0,0.0
8445,36.35,11.71,0.0,5.36,0.0,0.1664,30.0,0.0
8446,34.4,18.66,0.0,0.0,0.0,0.2178,15.75,0.0
8447,34.4,25.47,0.0,0.0,0.0,0.2178,8.94,0.0
8448,34.45,13.21,0.0,0.0,0.0,0.2178,21.23,0.0
8449,34.45,17.71,0.0,13.26,0.0,0.2178,30.0,0.0
8450,34.45,8.64,0.0,4.2,0.0,0.3448,30.0,0.0
8451,34.45,17.14,0.0,12.69,0.0,0.385,30.0,0.0
8452,34.45,10.73,0.0,6.28,0.0,0.5067,30.0,0.0
8453,34.45,10.81,0.0,6.37,0.0,0.5669,30.0,0.0
8454,34.45,7.76,0.0,3.32,0.0,0.6279,30.0,0.0
8455,36.4,14.29,12.35,20.24,0.0,0.6597,30.0,0.0
8456,38.27,14.43,28.53,0.0,25.31,0.8536,0.0,30.0
8457,40.0,9.49,40.78,0.0,19.73,0.5848,0.0,30.0
8458,41.52,5.16,47.35,0.0,19.01,0.3754,0.0,30.0
8459,42.76,14.91,52.77,0.0,5.08,0.1736,0.0,30.0
8460,43.68,5.07,54.99,16.38,0.0,0.1197,0.0,0.0
8461,44.25,0.0,55.31,21.85,0.0,0.2766,10.79,0.0
8462,44.45,10.64,48.38,14.57,0.0,0.4859,0.0,0.0
8463,44.25,4.82,38.07,28.64,0.0,0.6256,30.0,0.0
8464,43.68,14.35,26.1,0.0,0.0,0.9,3.23,0.0
8465,42.76,9.68,12.42,0.0,0.0,0.9,20.66,0.0
8466,41.52,14.83,0.0,0.0,50.0,0.9,0.0,23.31
8467,40.0,19.21,0.0,0.0,0.0,0.3692,20.79,0.0
8468,38.27,9.39,0.0,0.0,25.35,0.3692,3.53,0.0
8469,36.4,12.91,0.0,6.52,0.0,0.1,30.0,0.0
8470,34.45,15.6,0.0,7.68,0.0,0.1624,26.52,0.0
8471,34.45,22.7,0.0,18.25,0.0,0.236,30.0,0.0
8472,34.49,13.76,0.0,9.27,0.0,0.4109,30.0,0.0
8473,34.49,13.88,0.0,9.39,0.0,0.4998,30.0,0.0
8474,34.49,17.91,0.0,13.42,0.0,0.5898,30.0,0.0
8475,34.49,12.88,0.0,8.39,0.0,0.7184,30.0,0.0
8476,34.49,15.05,0.0,10.56,0.0,0.7988,30.0,0.0
8477,34.49,6.99,0.0,0.0,27.5,0.9,0.0,0.0
8478,34.49,21.52,0.0,17.03,0.0,0.608,30.0,0.0
8479,36.44,5.69,11.89,11.13,0.0,0.7712,30.0,0.0
8480,38.31,8.94,25.81,0.0,33.57,0.8779,0.0,30.0
8481,40.04,9.28,40.6,0.0,17.99,0.5215,0.0,27.83
8482,41.56,16.68,48.88,0.0,6.0,0.3304,0.0,30.0
8483,42.8,2.85,54.25,0.0,15.7,0.2667,0.0,30.0
8484,43.73,16.42,55.0,27.7,0.0,0.1,0.0,0.0
8485,44.3,11.48,54.84,22.02,0.0,0.3654,0.0,0.0
8486,44.49,10.48,47.29,13.29,0.0,0.5764,0.0,0.0
8487,44.3,5.33,39.05,0.09,0.0,0.7037,0.0,0.0
8488,43.73,12.64,29.17,20.4,0.0,0.7046,22.32,0.0
8489,42.8,8.27,13.56,0.0,24.7,0.9,0.0,3.73
8490,41.56,17.59,0.0,0.0,50.0,0.6378,0.0,26.03
8491,40.04,9.39,0.0,0.0,0.65,0.1069,30.0,0.0
8492,38.31,13.95,0.0,5.63,0.0,0.1,30.0,0.0
8493,36.44,12.97,0.0,0.0,0.0,0.154,23.47,0.0
8494,34.49,11.84,0.0,0.0,0.0,0.154,22.65,0.0
8495,34.49,19.42,0.0,14.93,0.0,0.154,30.0,0.0
8496,34.53,18.72,0.0,14.19,0.0,0.297,30.0,0.0
8497,34.53,21.37,0.0,0.0,0.0,0.433,13.16,0.0
8498,34.53,8.57,0.0,0.0,0.0,0.433,25.96,0.0
8499,34.53,19.7,0.0,0.0,0.0,0.433,14.83,0.0
8500,34.53,24.81,0.0,20.28,0.0,0.433,30.0,0.0
8501,34.53,11.56,0.0,7.03,0.0,0.6273,30.0,0.0
8502,34.53,20.21,0.0,15.68,0.0,0.6946,30.0,0.0
8503,36.48,10.19,10.72,5.25,0.0,0.8448,20.82,0.0
8504,38.36,4.6,29.52,0.0,34.24,0.8952,0.0,30.0
8505,40.09,8.16,41.71,0.0,20.22,0.5316,0.0,30.0
8506,41.6,13.11,50.67,0.0,7.82,0.317,0.0,30.0
8507,42.84,4.88,55.34,0.0,12.62,0.234,0.0,30.0
8508,43.77,5.73,55.78,24.99,0.0,0.1,7.25,0.0
8509,44.34,10.81,57.15,23.62,0.0,0.3394,0.0,0.0
8510,44.53,8.78,47.4,11.65,0.0,0.5658,0.0,0.0
8511,44.34,11.85,41.28,8.79,0.0,0.6775,0.0,0.0
8512,43.77,11.27,25.11,0.0,0.0,0.7617,7.39,0.0
8513,42.84,13.27,14.0,14.43,0.0,0.7617,30.0,0.0
8514,41.6,10.57,0.0,0.0,22.55,0.9,8.48,0.0
8515,40.09,14.39,0.0,0.0,0.0,0.6606,25.7,0.0
8516,38.36,10.59,0.0,0.0,50.0,0.6606,0.0,22.23
8517,36.48,20.62,0.0,14.14,0.0,0.1297,30.0,0.0
8518,34.53,13.32,0.0,8.79,0.0,0.2653,30.0,0.0
8519,34.53,21.04,0.0,16.51,0.0,0.3495,30.0,0.0
8520,34.57,15.54,0.0,10.97,0.0,0.5076,30.0,0.0
8521,34.57,17.21,0.0,12.64,0.0,0.6128,30.0,0.0
8522,34.57,13.91,0.0,9.33,0.0,0.7338,30.0,0.0
8523,34.57,11.09,0.0,6.52,0.0,0.8233,30.0,0.0
8524,34.57,7.21,0.0,0.0,27.36,0.8857,0.0,0.0
8525,34.57,9.07,0.0,4.5,0.0,0.5952,30.0,0.0
8526,34.57,11.03,0.0,6.46,0.0,0.6383,30.0,0.0
8527,36.52,12.17,15.2,20.85,0.0,0.7002,30.0,0.0
8528,38.4,14.48,28.02,0.0,25.9,0.9,0.0,30.0
8529,40.13,7.59,40.21,0.0,22.32,0.6251,0.0,30.0
8530,41.64,5.13,48.55,0.0,17.97,0.388,0.0,30.0
8531,42.89,2.39,56.38,0.0,9.16,0.1973,0.0,25.05
8532,43.81,10.21,59.59,25.99,0.0,0.1,0.0,0.0
8533,44.38,14.1,56.95,26.67,0.0,0.349,0.0,0.0
8534,44.57,14.03,50.43,19.89,0.0,0.6046,0.0,0.0
8535,44.38,12.38,37.5,10.94,0.0,0.7951,5.44,0.0
8536,43.81,12.94,28.44,0.0,0.0,0.9,2.42,0.0
8537,42.89,18.33,10.96,0.0,43.6,0.9,0.0,30.0
8538,41.64,13.75,0.0,2.1,0.0,0.4371,30.0,0.0
8539,40.13,16.12,0.0,0.0,33.65,0.4573,0.0,9.64
8540,38.4,13.11,0.0,0.0,0.0,0.1,25.29,0.0
8541,36.52,9.66,0.0,3.13,0.0,0.1,30.0,0.0
8542,34.57,13.12,0.0,8.55,0.0,0.13,30.0,0.0
8543,34.57,16.33,0.0,11.76,0.0,0.212,30.0,0.0
8544,34.61,16.78,0.0,0.0,0.0,0.3247,17.84,0.0
8545,34.61,24.36,0.0,0.0,0.0,0.3247,10.25,0.0
8546,34.61,16.31,0.0,11.69,0.0,0.3247,30.0,0.0
8547,34.61,20.19,0.0,15.58,0.0,0.4367,30.0,0.0
8548,34.61,12.65,0.0,8.04,0.0,0.586,30.0,0.0
8549,34.61,12.16,0.0,7.55,0.0,0.663,30.0,0.0
8550,34.61,6.87,0.0,2.26,0.0,0.7353,30.0,0.0
8551,36.57,8.23,13.9,5.96,0.0,0.7569,20.4,0.0
8552,38.44,12.49,27.17,0.0,28.78,0.814,0.0,30.0
8553,40.17,9.48,40.27,0.0,20.42,0.5085,0.0,30.0
8554,41.69,12.7,48.32,0.0,10.67,0.2917,0.0,30.0
8555,42.93,9.13,56.41,0.0,7.39,0.1784,0.0,30.0
8556,43.85,6.78,59.16,22.09,0.0,0.1,0.0,0.0
8557,44.42,17.28,56.6,29.46,0.0,0.3116,0.0,0.0
8558,44.61,8.4,49.48,13.27,0.0,0.5939,0.0,0.0
8559,44.42,14.27,39.64,9.49,0.0,0.721,0.0,0.0
8560,43.85,8.65,26.74,0.0,0.0,0.8119,8.47,0.0
8561,42.93,14.25,10.83,9.19,0.0,0.8119,27.04,0.0
8562,41.69,16.23,0.0,0.0,0.0,0.9,25.46,0.0
8563,40.17,14.32,0.0,0.0,13.76,0.9,12.1,0.0
8564,38.44,4.7,0.0,0.0,50.0,0.754,0.0,16.26
8565,36.57,15.39,0.0,8.82,0.0,0.2231,30.0,0.0
8566,34.61,21.07,0.0,16.45,0.0,0.3076,30.0,0.0
8567,34.61,18.57,0.0,13.95,0.0,0.4653,30.0,0.0
8568,34.66,18.38,0.0,0.0,16.27,0.599,0.0,0.0
8569,34.66,9.26,0.0,4.6,0.0,0.4262,30.0,0.0
8570,34.66,12.99,0.0,0.0,0.0,0.4703,21.66,0.0
8571,34.66,17.03,0.0,12.37,0.0,0.4703,30.0,0.0
8572,34.66,16.16,0.0,11.51,0.0,0.5888,30.0,0.0
8573,34.66,18.5,0.0,13.84,0.0,0.699,30.0,0.0
8574,34.66,11.79,0.0,7.13,0.0,0.8316,30.0,0.0
8575,36.61,13.0,14.86,0.0,8.75,0.9,0.0,0.0
8576,38.48,10.39,25.81,0.0,21.98,0.8071,0.0,19.69
8577,40.21,5.37,41.58,0.0,23.26,0.5737,0.0,30.0
8578,41.73,0.0,50.37,0.0,21.36,0.3267,0.0,30.0
8579,42.97,10.17,53.17,0.0,0.0,0.1,0.0,20.37
8580,43.9,8.97,58.7,23.77,0.0,0.1,0.0,0.0
8581,44.46,5.83,56.55,17.91,0.0,0.3277,0.0,0.0
8582,44.66,2.09,51.36,12.99,0.0,0.4994,4.19,0.0
8583,44.46,12.07,38.05,5.66,0.0,0.6239,0.0,0.0
8584,43.9,9.22,27.84,23.16,0.0,0.6781,30.0,0.0
8585,42.97,13.63,13.33,0.0,46.01,0.9,0.0,30.0
8586,41.73,20.11,0.0,8.39,0.0,0.4115,30.0,0.0
8587,40.21,4.59,0.0,0.0,5.62,0.4919,30.0,0.0
8588,38.48,11.56,0.0,0.0,31.29,0.4322,0.0,4.37
8589,36.61,14.45,0.0,0.0,0.0,0.1,22.15,0.0
8590,34.66,22.01,0.0,0.0,0.0,0.1,12.65,0.0
8591,34.66,9.61,0.0,0.0,0.0,0.1,25.04,0.0
8592,34.7,24.56,0.0,0.0,0.0,0.1,10.13,0.0
8593,34.7,16.97,0.0,12.27,0.0,0.1,30.0,0.0
8594,34.7,15.59,0.0,0.0,0.0,0.2175,19.11,0.0
8595,34.7,14.51,0.0,0.0,11.07,0.2175,9.12,0.0
8596,34.7,12.66,0.0,1.19,0.0,0.1,23.23,0.0
8597,34.7,17.82,0.0,13.12,0.0,0.1114,30.0,0.0
8598,34.7,7.97,0.0,3.27,0.0,0.2371,30.0,0.0
8599,36.65,12.76,11.08,17.19,0.0,0.2685,30.0,0.0
8600,38.53,8.74,28.41,0.0,31.38,0.4331,0.0,30.0
8601,40.26,6.31,40.23,15.48,0.0,0.1,9.19,0.0
8602,41.77,19.53,47.25,0.0,5.0,0.2483,0.0,30.0
8603,43.01,10.13,53.91,0.0,8.97,0.1953,0.0,30.0
8604,43.94,10.8,55.88,22.74,0.0,0.1,0.0,0.0
8605,44.51,13.11,55.95,41.8,0.0,0.3179,17.25,0.0
8606,44.7,2.92,47.61,5.83,0.0,0.7184,0.0,0.0
8607,44.51,16.73,40.9,13.12,0.0,0.7743,0.0,0.0
8608,43.94,0.0,28.37,0.0,0.0,0.9,15.57,0.0
8609,43.01,8.14,12.52,0.0,0.0,0.9,22.35,0.0
8610,41.77,10.5,0.0,0.0,25.35,0.9,5.92,0.0
8611,40.26,15.88,0.0,0.0,50.0,0.6308,0.0,25.63
8612,38.53,15.38,0.0,0.0,0.0,0.1,23.15,0.0
8613,36.65,14.64,0.0,3.7,0.0,0.1,25.71,0.0
8614,34.7,15.94,0.0,11.24,0.0,0.1354,30.0,0.0
8615,34.7,12.35,0.0,7.65,0.0,0.2431,30.0,0.0
8616,34.74,10.35,0.0,5.61,0.0,0.3164,30.0,0.0
8617,34.74,19.42,0.0,0.0,15.32,0.3701,0.0,0.0
8618,34.74,18.87,0.0,14.13,0.0,0.2075,30.0,0.0
8619,34.74,21.9,0.0,0.0,0.0,0.3428,12.84,0.0
8620,34.74,11.21,0.0,6.46,0.0,0.3428,30.0,0.0
8621,34.74,16.35,0.0,0.0,0.0,0.4048,18.39,0.0
8622,34.74,11.23,0.0,6.49,0.0,0.4048,30.0,0.0
8623,36.69,16.27,11.32,20.89,0.0,0.467,30.0,0.0
8624,38.57,14.57,26.82,0.0,27.18,0.6672,0.0,30.0
8625,40.3,10.35,37.52,0.0,22.42,0.3786,0.0,30.0
8626,41.81,7.41,50.23,0.0,0.0,0.1405,0.0,15.83
8627,43.06,12.39,57.55,0.0,3.12,0.1405,0.0,30.0
8628,43.98,10.95,55.97,22.93,0.0,0.1074,0.0,0.0
8629,44.55,5.57,57.11,18.13,0.0,0.3271,0.0,0.0
8630,44.74,3.32,48.04,36.61,0.0,0.5008,30.0,0.0
8631,44.55,8.28,41.31,5.05,0.0,0.8517,0.0,0.0
8632,43.98,16.62,26.68,0.0,0.0,0.9,0.68,0.0
8633,43.06,16.09,13.67,0.0,43.3,0.9,0.0,30.0
8634,41.81,7.8,0.0,0.0,30.39,0.4403,3.62,0.0
8635,40.3,8.64,0.0,0.0,1.66,0.1176,30.0,0.0
8636,38.57,19.76,0.0,0.0,0.0,0.1,18.81,0.0
8637,36.69,10.63,0.0,0.0,0.0,0.1,26.06,0.0
8638,34.74,18.11,0.0,13.36,0.0,0.1,30.0,0.0
8639,34.74,13.86,0.0,0.0,0.0,0.2281,20.88,0.0
8640,34.79,23.26,0.0,9.22,0.0,0.2281,20.75,0.0
8641,34.79,13.23,0.0,8.44,0.0,0.3164,30.0,0.0
8642,34.79,20.74,0.0,15.96,0.0,0.3973,30.0,0.0
8643,34.79,16.11,0.0,11.33,0.0,0.5502,30.0,0.0
8644,34.79,15.53,0.0,10.75,0.0,0.6587,30.0,0.0
8645,34.79,5.32,0.0,0.54,0.0,0.7616,30.0,0.0
8646,34.79,3.29,0.0,0.0,1.5,0.7668,30.0,0.0
8647,36.74,10.43,11.87,15.56,0.0,0.7509,30.0,0.0
8648,38.61,11.37,29.46,0.0,27.79,0.9,0.0,30.0
8649,40.34,4.82,39.49,0.0,26.03,0.605,0.0,30.0
8650,41.86,4.32,48.53,0.0,19.01,0.3286,0.0,30.0
8651,43.1,10.74,53.11,0.0,2.53,0.1268,0.0,23.27
8652,44.02,10.6,54.92,25.78,0.0,0.1,4.28,0.0
8653,44.59,7.84,54.73,17.98,0.0,0.347,0.0,0.0
8654,44.79,12.06,50.54,17.82,0.0,0.5193,0.0,0.0
8655,44.59,4.62,37.29,0.0,0.0,0.69,2.68,0.0
8656,44.02,8.87,27.07,21.91,0.0,0.69,30.0,0.0
8657,43.1,18.17,14.65,0.0,0.0,0.9,10.28,0.0
8658,41.86,12.7,0.0,0.0,50.0,0.9,0.0,20.84
8659,40.34,14.01,0.0,0.0,25.35,0.3692,0.98,0.0
8660,38.61,24.04,0.0,0.0,0.0,0.1,14.57,0.0
8661,36.74,9.55,0.0,2.81,0.0,0.1,30.0,0.0
8662,34.79,19.3,0.0,7.42,0.0,0.1269,22.91,0.0
8663,34.79,23.31,0.0,18.53,0.0,0.1981,30.0,0.0
8664,34.83,15.22,0.0,10.39,0.0,0.3756,30.0,0.0
8665,34.83,19.98,0.0,15.16,0.0,0.4751,30.0,0.0
8666,34.83,11.94,0.0,0.0,22.89,0.6204,0.0,0.0
8667,34.83,12.5,0.0,0.0,22.32,0.3774,0.0,0.0
8668,34.83,16.09,0.0,11.26,0.0,0.1404,30.0,0.0
8669,34.83,16.8,0.0,11.97,0.0,0.2482,30.0,0.0
8670,34.83,17.07,0.0,12.24,0.0,0.363,30.0,0.0
8671,36.78,17.85,14.34,0.0,4.59,0.4802,0.0,0.0
8672,38.65,10.07,27.36,0.0,31.23,0.4315,0.0,30.0
8673,40.38,14.44,38.37,22.14,0.0,0.1,9.72,0.0
8674,41.9,7.41,50.94,0.0,13.55,0.3121,0.0,30.0
8675,43.14,12.16,54.56,0.0,6.43,0.1683,0.0,30.0
8676,44.07,9.14,58.1,23.17,0.0,0.1,0.0,0.0
8677,44.64,10.26,56.07,21.7,0.0,0.322,0.0,0.0
8678,44.83,10.59,51.32,17.08,0.0,0.5299,0.0,0.0
8679,44.64,2.84,39.24,3.55,0.0,0.6936,6.1,0.0
8680,44.07,5.69,26.37,17.99,0.0,0.7276,30.0,0.0
8681,43.14,11.77,14.55,0.0,46.82,0.9,0.0,30.0
8682,41.9,5.43,0.0,0.0,28.54,0.403,7.93,0.0
8683,40.38,16.94,0.0,0.0,0.0,0.1,23.45,0.0
8684,38.65,18.1,0.0,0.0,0.0,0.1,20.55,0.0
8685,36.78,16.71,0.0,9.93,0.0,0.1,30.0,0.0
8686,34.83,11.36,0.0,6.54,0.0,0.1951,30.0,0.0
8687,34.83,22.14,0.0,17.31,0.0,0.2577,30.0,0.0
8688,34.87,25.01,0.0,0.0,0.0,0.4236,9.86,0.0
8689,34.87,17.04,0.0,0.0,0.0,0.4236,17.83,0.0
8690,34.87,18.13,0.0,13.26,0.0,0.4236,30.0,0.0
8691,34.87,16.19,0.0,1.09,0.0,0.5507,19.77,0.0
8692,34.87,16.69,0.0,0.0,0.0,0.5611,18.18,0.0
8693,34.87,13.0,0.0,8.13,0.0,0.5611,30.0,0.0
8694,34.87,12.28,0.0,7.41,0.0,0.639,30.0,0.0
8695,36.82,15.11,10.83,19.11,0.0,0.71,30.0,0.0
8696,38.7,20.07,25.31,0.0,23.31,0.8931,0.0,30.0
8697,40.43,3.69,42.21,0.0,24.52,0.6456,0.0,30.0
8698,41.94,8.41,51.39,0.0,12.15,0.3852,0.0,30.0
8699,43.19,3.53,54.94,0.0,14.71,0.2562,0.0,30.0
8700,44.11,14.88,57.99,28.76,0.0,0.1,0.0,0.0
8701,44.68,5.99,56.25,17.56,0.0,0.3756,0.0,0.0
8702,44.87,2.86,49.64,7.63,0.0,0.5438,0.0,0.0
8703,44.68,12.14,38.1,5.56,0.0,0.6169,0.0,0.0
8704,44.11,17.58,28.57,11.59,0.0,0.6702,9.56,0.0
8705,43.19,14.1,11.47,12.39,0.0,0.7813,30.0,0.0
8706,41.94,13.27,0.0,0.0,31.31,0.9,0.0,2.65
8707,40.43,15.19,0.0,4.77,0.0,0.5675,30.0,0.0
8708,38.7,20.36,0.0,0.0,48.34,0.6132,0.0,30.0
8709,36.82,11.73,0.0,0.0,0.0,0.1,25.09,0.0
8710,34.87,15.55,0.0,0.0,0.0,0.1,19.32,0.0
8711,34.87,14.55,0.0,0.0,0.0,0.1,20.32,0.0
8712,34.91,11.73,0.0,6.82,0.0,0.1,30.0,0.0
8713,34.91,15.07,0.0,0.0,0.0,0.1653,19.84,0.0
8714,34.91,20.61,0.0,15.69,0.0,0.1653,30.0,0.0
8715,34.91,17.71,0.0,12.79,0.0,0.3157,30.0,0.0
8716,34.91,17.17,0.0,12.26,0.0,0.4383,30.0,0.0
8717,34.91,14.11,0.0,9.19,0.0,0.5557,30.0,0.0
8718,34.91,14.6,0.0,9.68,0.0,0.6438,30.0,0.0
8719,36.86,8.04,15.24,16.41,0.0,0.7365,30.0,0.0
8720,38.74,9.07,27.78,0.0,31.89,0.8938,0.0,30.0
8721,40.47,10.29,41.58,0.0,18.6,0.5553,0.0,30.0
8722,41.99,9.99,51.08,0.0,10.91,0.3578,0.0,30.0
8723,43.23,9.75,53.7,0.0,9.77,0.2419,0.0,30.0
8724,44.15,7.71,55.42,18.98,0.0,0.1382,0.0,0.0
8725,44.72,6.86,53.5,15.64,0.0,0.32,0.0,0.0
8726,44.91,21.92,48.22,25.23,0.0,0.4699,0.0,0.0
8727,44.72,13.26,38.85,7.38,0.0,0.7117,0.0,0.0
8728,44.15,12.07,28.05,12.27,0.0,0.7824,16.31,0.0
8729,43.23,10.39,12.38,0.0,50.0,0.9,0.0,29.54
8730,41.99,10.56,0.0,0.0,25.35,0.3692,6.08,0.0
8731,40.47,12.96,0.0,0.0,0.0,0.1,27.51,0.0
8732,38.74,15.71,0.0,0.0,0.0,0.1,23.03,0.0
8733,36.86,7.57,0.0,0.0,0.0,0.1,29.3,0.0
8734,34.91,9.51,0.0,4.6,0.0,0.1,30.0,0.0
8735,34.91,13.79,0.0,0.0,0.0,0.1441,21.12,0.0
8736,34.96,17.43,0.0,0.0,0.0,0.1441,17.53,0.0
8737,34.96,15.44,0.0,0.0,0.0,0.1441,19.52,0.0
8738,34.96,22.14,0.0,0.0,0.0,0.1441,12.81,0.0
8739,34.96,9.22,0.0,0.0,0.0,0.1441,25.74,0.0
8740,34.96,11.39,0.0,0.0,0.0,0.1441,23.57,0.0
8741,34.96,19.8,0.0,0.0,0.0,0.1441,15.16,0.0
8742,34.96,12.97,0.0,8.02,0.0,0.1441,30.0,0.0
8743,36.91,15.02,13.79,21.9,0.0,0.2209,30.0,0.0
8744,38.78,18.86,28.52,0.0,21.41,0.4308,0.0,30.0
8745,40.51,6.63,38.06,12.49,0.0,0.2035,8.32,0.0
8746,42.03,8.43,51.18,0.0,12.42,0.3231,0.0,30.0
8747,43.27,7.3,57.38,0.0,8.6,0.1913,0.0,30.0
8748,44.2,0.19,57.37,13.36,0.0,0.1,0.0,0.0
8749,44.76,7.14,57.01,19.38,0.0,0.228,0.0,0.0
8750,44.96,12.49,49.05,16.59,0.0,0.4137,0.0,0.0
8751,44.76,11.74,39.24,8.96,0.0,0.5726,2.74,0.0
8752,44.2,12.92,26.48,25.21,0.0,0.6585,30.0,0.0
8753,43.27,9.8,11.73,0.0,50.0,0.9,0.0,28.26
8754,42.03,9.71,0.0,0.0,22.82,0.3692,9.5,0.0
8755,40.51,18.76,0.0,0.0,0.0,0.1269,21.75,0.0
8756,38.78,12.44,0.0,0.0,0.0,0.1269,26.34,0.0
8757,36.91,16.58,0.0,9.67,0.0,0.1269,30.0,0.0
8758,34.96,16.69,0.0,11.74,0.0,0.2195,30.0,0.0
8759,34.96,22.49,0.0,17.53,0.0,0.332,30.0,0.0
