Hour,Load,P_WT,P_PV,P_ST_Charge,P_ST_Discharge,SOC,P_Grid_Buy,P_Grid_Sell
0,35.0,14.55,0.0,2.54,0.0,0.5,22.99,0.0
1,35.0,12.38,0.0,0.0,0.0,0.5123,22.62,0.0
2,35.0,14.6,0.0,2.59,0.0,0.5123,22.99,0.0
3,35.0,16.92,0.0,4.91,0.0,0.5248,22.99,0.0
4,35.0,10.56,0.0,0.0,1.44,0.5485,22.99,0.0
5,35.0,9.78,0.0,0.0,2.22,0.5408,22.99,0.0
6,35.0,14.81,0.0,0.0,0.0,0.5289,20.19,0.0
7,36.95,11.35,9.0,0.0,0.0,0.5289,16.6,0.0
8,38.83,6.57,20.49,0.0,11.77,0.5289,0.0,0.0
9,40.56,9.17,30.03,21.64,0.0,0.4659,22.99,0.0
10,42.07,5.4,37.29,23.61,0.0,0.5704,22.99,0.0
11,43.31,5.07,40.31,0.0,20.92,0.6844,0.0,22.99
12,44.24,7.25,42.9,28.91,0.0,0.5725,22.99,0.0
13,44.81,0.39,42.78,21.23,0.0,0.7121,22.86,0.0
14,45.0,1.32,37.08,0.0,0.0,0.8146,6.59,0.0
15,44.81,5.6,28.76,12.54,0.0,0.8146,22.99,0.0
16,44.24,4.81,21.59,5.15,0.0,0.8751,22.99,0.0
17,43.31,9.88,0.0,0.0,10.44,0.9,22.99,0.0
18,42.07,6.77,0.0,0.0,12.31,0.8442,22.99,0.0
19,40.56,5.97,0.0,0.0,11.59,0.7783,22.99,0.0
20,38.83,16.06,0.0,0.0,0.0,0.7163,22.76,0.0
21,36.95,11.26,0.0,0.0,2.7,0.7163,22.99,0.0
22,35.0,12.72,0.0,0.72,0.0,0.7019,22.99,0.0
23,35.0,8.22,0.0,0.0,3.79,0.7053,22.99,0.0
24,35.04,11.18,0.0,0.0,0.87,0.6851,22.99,0.0
25,35.04,13.19,0.0,1.14,0.0,0.6804,22.99,0.0
26,35.04,8.78,0.0,0.0,3.27,0.6859,22.99,0.0
27,35.04,13.21,0.0,1.16,0.0,0.6684,22.99,0.0
28,35.04,9.38,0.0,0.0,2.67,0.674,22.99,0.0
29,35.04,9.6,0.0,0.0,2.45,0.6597,22.99,0.0
30,35.04,3.85,0.0,0.0,8.2,0.6466,22.99,0.0
31,36.99,14.86,9.94,10.79,0.0,0.6027,22.99,0.0
32,38.87,8.04,20.7,0.0,0.0,0.6548,10.13,0.0
33,40.6,3.99,29.69,0.0,0.0,0.6548,6.91,0.0
34,42.11,9.56,37.03,0.0,18.52,0.6548,0.0,22.99
35,43.36,2.63,41.9,0.0,21.82,0.5557,0.0,22.99
36,44.28,7.14,43.0,28.85,0.0,0.439,22.99,0.0
37,44.85,0.24,39.75,18.14,0.0,0.5783,22.99,0.0
38,45.04,2.61,35.12,15.67,0.0,0.6659,22.99,0.0
39,44.85,8.05,29.66,15.86,0.0,0.7416,22.99,0.0
40,44.28,10.47,19.98,9.17,0.0,0.8181,22.99,0.0
41,43.36,9.42,10.94,0.0,0.0,0.8624,22.99,0.0
42,42.11,9.33,0.0,0.0,9.79,0.8624,22.99,0.0
43,40.6,9.57,0.0,0.0,8.04,0.81,22.99,0.0
44,38.87,0.0,0.0,0.0,15.88,0.767,22.99,0.0
45,36.99,9.66,0.0,0.0,50.0,0.6821,0.0,22.67
46,35.04,11.01,0.0,0.0,1.03,0.4146,22.99,0.0
47,35.04,16.25,0.0,4.2,0.0,0.409,22.99,0.0
48,35.09,12.09,0.0,0.0,0.0,0.4293,22.99,0.0
49,35.09,7.12,0.0,0.0,4.97,0.4293,22.99,0.0
50,35.09,13.55,0.0,0.0,0.0,0.4027,21.53,0.0
51,35.09,10.74,0.0,0.0,1.35,0.4027,22.99,0.0
52,35.09,9.13,0.0,0.0,2.96,0.3955,22.99,0.0
53,35.09,12.09,0.0,0.0,0.0,0.3796,22.99,0.0
54,35.09,12.09,0.0,0.0,0.0,0.3796,22.99,0.0
55,37.04,11.88,10.43,8.26,0.0,0.3796,22.99,0.0
56,38.91,5.37,20.77,10.22,0.0,0.4195,22.99,0.0
57,40.64,6.41,29.04,17.81,0.0,0.4689,22.99,0.0
58,42.16,7.97,35.42,0.0,21.76,0.5549,0.0,22.99
59,43.4,9.73,41.22,0.0,0.0,0.4385,0.0,7.55
60,44.32,4.92,42.15,25.74,0.0,0.4385,22.99,0.0
61,44.89,5.98,40.94,25.02,0.0,0.5628,22.99,0.0
62,45.09,3.32,36.34,17.57,0.0,0.6836,22.99,0.0
63,44.89,3.55,29.07,10.71,0.0,0.7684,22.99,0.0
64,44.32,10.71,19.21,8.59,0.0,0.8202,22.99,0.0
65,43.4,13.25,11.24,4.09,0.0,0.8616,22.99,0.0
66,42.16,9.47,0.0,0.0,9.69,0.8814,22.99,0.0
67,40.64,13.79,0.0,0.0,3.86,0.8295,22.99,0.0
68,38.91,12.49,0.0,0.0,49.42,0.8088,0.0,22.99
69,37.04,9.9,0.0,0.0,4.14,0.5444,22.99,0.0
70,35.09,13.67,0.0,1.58,0.0,0.5223,22.99,0.0
71,35.09,17.8,0.0,5.71,0.0,0.5299,22.99,0.0
72,35.13,12.82,0.0,0.68,0.0,0.5575,22.99,0.0
73,35.13,17.89,0.0,5.75,0.0,0.5608,22.99,0.0
74,35.13,4.03,0.0,0.0,8.11,0.5885,22.99,0.0
75,35.13,14.65,0.0,2.51,0.0,0.5451,22.99,0.0
76,35.13,11.6,0.0,0.0,0.54,0.5573,22.99,0.0
77,35.13,9.57,0.0,0.0,2.57,0.5544,22.99,0.0
78,35.13,10.0,0.0,0.0,48.13,0.5407,0.0,22.99
79,37.08,2.43,9.0,0.0,2.65,0.2832,22.99,0.0
80,38.96,7.37,21.17,12.58,0.0,0.269,22.99,0.0
81,40.68,8.57,29.04,0.0,26.07,0.3297,0.0,22.99
82,42.2,11.68,36.65,0.0,16.86,0.1902,0.0,22.99
83,43.44,4.9,41.73,3.18,0.0,0.1,0.0,0.0
84,44.37,3.85,41.27,23.75,0.0,0.1154,22.99,0.0
85,44.94,4.95,40.06,23.07,0.0,0.23,22.99,0.0
86,45.13,9.86,37.38,25.1,0.0,0.3414,22.99,0.0
87,44.94,8.48,31.43,17.97,0.0,0.4626,22.99,0.0
88,44.37,6.37,21.22,0.0,0.0,0.5494,16.78,0.0
89,43.44,10.52,10.1,0.0,0.0,0.5494,22.82,0.0
90,42.2,10.01,0.0,0.0,9.19,0.5494,22.99,0.0
91,40.68,13.67,0.0,0.0,13.09,0.5002,13.92,0.0
92,38.96,9.05,0.0,0.0,6.92,0.4302,22.99,0.0
93,37.08,10.93,0.0,0.0,3.16,0.3931,22.99,0.0
94,35.13,11.23,0.0,0.0,0.9,0.3762,22.99,0.0
95,35.13,8.09,0.0,0.0,4.04,0.3714,22.99,0.0
96,35.17,13.89,0.0,0.0,0.0,0.3498,21.28,0.0
97,35.17,13.67,0.0,1.49,0.0,0.3498,22.99,0.0
98,35.17,12.18,0.0,0.0,0.0,0.357,22.99,0.0
99,35.17,11.22,0.0,0.0,0.95,0.357,22.99,0.0
100,35.17,6.74,0.0,0.0,5.44,0.3519,22.99,0.0
101,35.17,9.17,0.0,0.0,3.01,0.3227,22.99,0.0
102,35.17,8.59,0.0,0.0,3.59,0.3067,22.99,0.0
103,37.12,6.26,11.1,3.23,0.0,0.2874,22.99,0.0
104,39.0,7.56,21.19,0.0,10.26,0.3031,0.0,0.0
105,40.73,8.72,29.2,0.0,0.0,0.2482,2.81,0.0
106,42.24,13.0,35.63,0.0,16.61,0.2482,0.0,22.99
107,43.49,7.14,41.18,27.83,0.0,0.1593,22.99,0.0
108,44.41,0.0,41.6,0.0,0.0,0.2937,2.82,0.0
109,44.98,6.33,41.8,26.15,0.0,0.2937,22.99,0.0
110,45.17,0.69,37.58,0.0,0.0,0.4199,6.9,0.0
111,44.98,7.32,30.33,15.67,0.0,0.4199,22.99,0.0
112,44.41,8.27,21.74,8.6,0.0,0.4956,22.99,0.0
113,43.49,16.83,8.52,4.86,0.0,0.5371,22.99,0.0
114,42.24,9.07,0.0,0.0,10.18,0.5606,22.99,0.0
115,40.73,11.51,0.0,0.0,6.22,0.5062,22.99,0.0
116,39.0,11.2,0.0,0.0,4.8,0.4728,22.99,0.0
117,37.12,8.2,0.0,0.0,5.93,0.4471,22.99,0.0
118,35.17,16.19,0.0,4.02,0.0,0.4154,22.99,0.0
119,35.17,12.18,0.0,0.0,0.0,0.4348,22.99,0.0
120,35.21,12.22,0.0,0.0,0.0,0.4348,22.99,0.0
121,35.21,9.87,0.0,0.0,2.35,0.4348,22.99,0.0
122,35.21,17.03,0.0,4.81,0.0,0.4223,22.99,0.0
123,35.21,7.44,0.0,0.0,4.78,0.4455,22.99,0.0
124,35.21,13.21,0.0,0.99,0.0,0.4199,22.99,0.0
125,35.21,17.61,0.0,5.39,0.0,0.4247,22.99,0.0
126,35.21,6.49,0.0,0.0,5.73,0.4508,22.99,0.0
127,37.17,7.02,9.52,2.37,0.0,0.4201,22.99,0.0
128,39.04,8.4,19.43,0.0,34.21,0.4315,0.0,22.99
129,40.77,5.78,30.23,0.0,27.75,0.2485,0.0,22.99
130,42.29,0.0,32.88,13.59,0.0,0.1,22.99,0.0
131,43.53,6.79,42.69,0.0,0.0,0.1656,0.0,5.95
132,44.45,3.02,42.6,24.16,0.0,0.1656,22.99,0.0
133,45.02,8.1,40.09,26.17,0.0,0.2823,22.99,0.0
134,45.21,3.92,35.18,16.88,0.0,0.4086,22.99,0.0
135,45.02,12.42,31.4,21.78,0.0,0.4901,22.99,0.0
136,44.45,5.54,20.83,4.91,0.0,0.5953,22.99,0.0
137,43.53,7.81,10.84,0.0,1.88,0.619,22.99,0.0
138,42.29,12.32,0.0,0.0,6.97,0.609,22.99,0.0
139,40.77,6.55,0.0,0.0,11.23,0.5717,22.99,0.0
140,39.04,12.05,0.0,0.0,4.0,0.5116,22.99,0.0
141,37.17,16.21,0.0,2.04,0.0,0.4902,22.99,0.0
142,35.21,7.29,0.0,0.0,4.93,0.5,22.99,0.0
143,35.21,13.41,0.0,1.19,0.0,0.4737,22.99,0.0
144,35.26,12.26,0.0,0.0,0.0,0.4794,22.99,0.0
145,35.26,15.34,0.0,0.0,0.0,0.4794,19.92,0.0
146,35.26,8.49,0.0,0.0,3.78,0.4794,22.99,0.0
147,35.26,7.7,0.0,0.0,4.56,0.4592,22.99,0.0
148,35.26,12.99,0.0,0.73,0.0,0.4348,22.99,0.0
149,35.26,11.48,0.0,0.0,0.78,0.4383,22.99,0.0
150,35.26,10.5,0.0,0.0,1.77,0.4342,22.99,0.0
151,37.21,9.97,8.74,4.49,0.0,0.4247,22.99,0.0
152,39.08,5.87,21.39,0.0,34.82,0.4464,0.0,22.99
153,40.81,8.15,30.61,0.0,25.05,0.2601,0.0,22.99
154,42.33,7.83,36.42,24.92,0.0,0.1261,22.99,0.0
155,43.57,4.25,42.95,0.0,19.37,0.2464,0.0,22.99
156,44.5,12.49,42.43,33.42,0.0,0.1428,22.99,0.0
157,45.07,8.09,40.08,26.11,0.0,0.3042,22.99,0.0
158,45.26,3.03,36.31,17.07,0.0,0.4302,22.99,0.0
159,45.07,9.52,30.12,17.57,0.0,0.5127,22.99,0.0
160,44.5,4.92,20.83,4.24,0.0,0.5975,22.99,0.0
161,43.57,11.4,8.8,0.0,0.39,0.618,22.99,0.0
162,42.33,13.43,0.0,0.0,5.9,0.6159,22.99,0.0
163,40.81,7.87,0.0,0.0,9.95,0.5843,22.99,0.0
164,39.08,14.42,0.0,0.0,1.67,0.5311,22.99,0.0
165,37.21,13.31,0.0,0.0,0.91,0.5222,22.99,0.0
166,35.26,15.15,0.0,2.88,0.0,0.5173,22.99,0.0
167,35.26,18.95,0.0,6.68,0.0,0.5312,22.99,0.0
168,35.3,12.12,0.0,0.0,0.19,0.5635,22.99,0.0
169,35.3,10.37,0.0,0.0,1.94,0.5625,22.99,0.0
170,35.3,9.6,0.0,0.0,2.7,0.5521,22.99,0.0
171,35.3,9.33,0.0,0.0,2.98,0.5377,22.99,0.0
172,35.3,11.05,0.0,0.0,1.26,0.5217,22.99,0.0
173,35.3,11.62,0.0,0.0,0.69,0.515,22.99,0.0
174,35.3,10.58,0.0,0.0,1.73,0.5113,22.99,0.0
175,37.25,11.52,11.16,0.0,37.56,0.5021,0.0,22.99
176,39.13,8.11,22.18,14.15,0.0,0.3011,22.99,0.0
177,40.86,12.09,31.28,0.0,20.47,0.3694,0.0,22.99
178,42.37,6.02,36.35,0.0,0.0,0.2599,0.0,0.0
179,43.62,15.35,41.87,36.6,0.0,0.2599,22.99,0.0
180,44.54,8.47,42.89,29.81,0.0,0.4366,22.99,0.0
181,45.11,3.78,42.98,24.65,0.0,0.5806,22.99,0.0
182,45.3,3.42,38.2,19.3,0.0,0.6996,22.99,0.0
183,45.11,8.95,28.8,15.64,0.0,0.7928,22.99,0.0
184,44.54,7.34,20.76,6.55,0.0,0.8684,22.99,0.0
185,43.62,11.15,8.66,0.0,0.81,0.9,22.99,0.0
186,42.37,11.21,0.0,0.0,8.17,0.8957,22.99,0.0
187,40.86,10.28,0.0,0.0,7.58,0.852,22.99,0.0
188,39.13,8.56,0.0,0.0,7.57,0.8114,22.99,0.0
189,37.25,7.07,0.0,0.0,7.19,0.7709,22.99,0.0
190,35.3,11.04,0.0,0.0,1.27,0.7324,22.99,0.0
191,35.3,15.58,0.0,3.27,0.0,0.7256,22.99,0.0
192,35.34,12.35,0.0,0.0,0.0,0.7414,22.99,0.0
193,35.34,8.77,0.0,0.0,3.58,0.7414,22.99,0.0
194,35.34,13.03,0.0,0.69,0.0,0.7222,22.99,0.0
195,35.34,13.21,0.0,0.86,0.0,0.7256,22.99,0.0
196,35.34,8.43,0.0,0.0,3.92,0.7297,22.99,0.0
197,35.34,11.01,0.0,0.0,1.34,0.7087,22.99,0.0
198,35.34,9.86,0.0,0.0,2.49,0.7016,22.99,0.0
199,37.29,5.14,11.21,2.05,0.0,0.6883,22.99,0.0
200,39.17,9.21,20.52,0.0,0.0,0.6981,9.44,0.0
201,40.9,9.2,31.6,0.0,23.09,0.6981,0.0,22.99
202,42.41,10.38,36.6,0.0,13.56,0.5746,0.0,18.12
203,43.66,9.96,39.84,0.0,16.86,0.502,0.0,22.99
204,44.58,1.98,42.21,0.0,0.39,0.4118,0.0,0.0
205,45.15,3.52,41.39,22.75,0.0,0.4097,22.99,0.0
206,45.34,8.54,38.63,24.82,0.0,0.5196,22.99,0.0
207,45.15,9.05,29.27,16.16,0.0,0.6394,22.99,0.0
208,44.58,9.72,20.08,8.22,0.0,0.7175,22.99,0.0
209,43.66,21.3,11.48,0.0,33.88,0.7572,0.0,22.99
210,42.41,11.52,0.0,0.0,7.9,0.5759,22.99,0.0
211,40.9,14.18,0.0,0.0,3.72,0.5336,22.99,0.0
212,39.17,14.38,0.0,0.0,1.8,0.5137,22.99,0.0
213,37.29,14.07,0.0,0.0,0.23,0.5041,22.99,0.0
214,35.34,11.45,0.0,0.0,0.89,0.5029,22.99,0.0
215,35.34,15.25,0.0,0.0,0.0,0.4981,20.09,0.0
216,35.39,10.4,0.0,0.0,1.99,0.4981,22.99,0.0
217,35.39,12.02,0.0,0.0,0.37,0.4874,22.99,0.0
218,35.39,10.9,0.0,0.0,1.5,0.4854,22.99,0.0
219,35.39,12.22,0.0,0.0,0.17,0.4774,22.99,0.0
220,35.39,18.77,0.0,0.0,0.0,0.4765,16.62,0.0
221,35.39,4.46,0.0,0.0,7.93,0.4765,22.99,0.0
222,35.39,11.89,0.0,0.0,0.51,0.4341,22.99,0.0
223,37.34,3.61,8.3,0.0,25.43,0.4314,0.0,0.0
224,39.21,6.52,19.18,0.0,36.51,0.2953,0.0,22.99
225,40.94,10.9,31.57,1.53,0.0,0.1,0.0,0.0
226,42.46,7.07,37.37,5.81,0.0,0.1074,3.82,0.0
227,43.7,3.05,41.74,24.09,0.0,0.1354,22.99,0.0
228,44.62,4.12,43.97,26.46,0.0,0.2518,22.99,0.0
229,45.19,8.74,43.42,29.95,0.0,0.3795,22.99,0.0
230,45.39,4.5,38.19,20.3,0.0,0.5242,22.99,0.0
231,45.19,0.0,31.56,9.36,0.0,0.6222,22.99,0.0
232,44.62,8.2,21.69,8.25,0.0,0.6674,22.99,0.0
233,43.7,0.0,8.7,0.0,12.0,0.7072,22.99,0.0
234,42.46,16.6,0.0,0.0,2.86,0.643,22.99,0.0
235,40.94,12.55,0.0,0.0,5.39,0.6277,22.99,0.0
236,39.21,4.73,0.0,0.0,11.49,0.5988,22.99,0.0
237,37.34,12.56,0.0,0.0,1.79,0.5373,22.99,0.0
238,35.39,10.33,0.0,0.0,2.07,0.5278,22.99,0.0
239,35.39,15.55,0.0,3.16,0.0,0.5167,22.99,0.0
240,35.43,10.33,0.0,0.0,25.1,0.532,0.0,0.0
241,35.43,12.41,0.0,0.0,0.02,0.3977,22.99,0.0
242,35.43,12.43,0.0,0.0,0.0,0.3975,22.99,0.0
243,35.43,12.43,0.0,0.0,0.0,0.3975,22.99,0.0
244,35.43,7.39,0.0,0.0,5.04,0.3975,22.99,0.0
245,35.43,9.41,0.0,0.0,3.02,0.3705,22.99,0.0
246,35.43,8.12,0.0,0.0,4.31,0.3544,22.99,0.0
247,37.38,6.71,10.44,0.0,43.22,0.3313,0.0,22.99
248,39.26,13.75,19.66,12.75,0.0,0.1,18.59,0.0
249,40.98,8.68,29.03,19.72,0.0,0.1616,22.99,0.0
250,42.5,2.78,38.39,0.0,24.33,0.2568,0.0,22.99
251,43.74,9.5,42.04,30.79,0.0,0.1266,22.99,0.0
252,44.67,13.29,42.58,34.19,0.0,0.2753,22.99,0.0
253,45.24,9.87,42.16,0.0,0.0,0.4404,0.0,6.8
254,45.43,1.94,38.45,17.96,0.0,0.4404,22.99,0.0
255,45.24,5.8,28.41,11.97,0.0,0.5271,22.99,0.0
256,44.67,12.14,20.21,10.67,0.0,0.5849,22.99,0.0
257,43.74,6.53,8.51,0.0,5.71,0.6365,22.99,0.0
258,42.5,11.09,0.0,0.0,8.41,0.6059,22.99,0.0
259,40.98,13.0,0.0,0.0,4.99,0.5609,22.99,0.0
260,39.26,8.28,0.0,0.0,7.99,0.5342,22.99,0.0
261,37.38,11.75,0.0,0.0,2.63,0.4915,22.99,0.0
262,35.43,1.97,0.0,0.0,10.46,0.4774,22.99,0.0
263,35.43,9.47,0.0,0.0,2.97,0.4214,22.99,0.0
264,35.47,12.06,0.0,0.0,0.41,0.4055,22.99,0.0
265,35.47,8.73,0.0,0.0,3.74,0.4033,22.99,0.0
266,35.47,17.73,0.0,5.25,0.0,0.3833,22.99,0.0
267,35.47,7.31,0.0,0.0,5.17,0.4086,22.99,0.0
268,35.47,9.84,0.0,0.0,2.64,0.381,22.99,0.0
269,35.47,10.91,0.0,0.0,1.57,0.3669,22.99,0.0
270,35.47,14.31,0.0,1.83,0.0,0.3585,22.99,0.0
271,37.42,4.16,10.39,0.0,0.0,0.3673,22.87,0.0
272,39.3,11.79,22.63,0.0,27.87,0.3673,0.0,22.99
273,41.03,7.39,30.69,20.05,0.0,0.2182,22.99,0.0
274,42.54,3.67,37.27,0.0,24.6,0.315,0.0,22.99
275,43.79,8.02,43.17,0.0,15.59,0.1834,0.0,22.99
276,44.71,7.06,43.11,28.45,0.0,0.1,22.99,0.0
277,45.28,4.58,42.68,24.98,0.0,0.2374,22.99,0.0
278,45.47,7.07,36.91,21.5,0.0,0.358,22.99,0.0
279,45.28,6.11,31.94,15.77,0.0,0.4618,22.99,0.0
280,44.71,8.4,19.38,6.06,0.0,0.538,22.99,0.0
281,43.79,10.95,9.84,0.0,0.0,0.5672,22.99,0.0
282,42.54,14.78,0.0,0.0,4.77,0.5672,22.99,0.0
283,41.03,6.48,0.0,0.0,11.55,0.5417,22.99,0.0
284,39.3,18.16,0.0,0.0,0.0,0.4799,21.13,0.0
285,37.42,5.62,0.0,0.0,8.81,0.4799,22.99,0.0
286,35.47,3.73,0.0,0.0,8.75,0.4328,22.99,0.0
287,35.47,14.67,0.0,2.2,0.0,0.386,22.99,0.0
288,35.51,13.78,0.0,0.0,0.0,0.3966,21.73,0.0
289,35.51,10.75,0.0,0.0,1.77,0.3966,22.99,0.0
290,35.51,11.76,0.0,0.0,0.76,0.3871,22.99,0.0
291,35.51,10.33,0.0,0.0,2.19,0.383,22.99,0.0
292,35.51,9.35,0.0,0.0,3.17,0.3713,22.99,0.0
293,35.51,13.22,0.0,0.7,0.0,0.3543,22.99,0.0
294,35.51,10.79,0.0,0.0,1.73,0.3577,22.99,0.0
295,37.46,6.18,8.29,0.0,0.0,0.3485,22.99,0.0
296,39.34,0.0,19.63,0.0,42.7,0.3485,0.0,22.99
297,41.07,8.34,28.99,0.0,3.74,0.12,0.0,0.0
298,42.58,9.46,38.87,28.74,0.0,0.1,22.99,0.0
299,43.83,8.55,41.66,0.0,16.61,0.2388,0.0,22.99
300,44.75,3.72,45.35,27.31,0.0,0.1499,22.99,0.0
301,45.32,4.7,41.2,23.57,0.0,0.2817,22.99,0.0
302,45.51,9.25,39.29,26.03,0.0,0.3956,22.99,0.0
303,45.32,9.32,31.79,18.79,0.0,0.5212,22.99,0.0
304,44.75,7.95,21.87,8.06,0.0,0.612,22.99,0.0
305,43.83,9.18,8.53,0.0,3.13,0.6509,22.99,0.0
306,42.58,13.77,0.0,0.0,5.82,0.6342,22.99,0.0
307,41.07,8.56,0.0,0.0,9.52,0.603,22.99,0.0
308,39.34,13.02,0.0,0.0,3.32,0.5521,22.99,0.0
309,37.46,11.27,0.0,0.0,15.68,0.5343,10.52,0.0
310,35.51,11.73,0.0,0.0,0.79,0.4504,22.99,0.0
311,35.51,16.31,0.0,3.79,0.0,0.4462,22.99,0.0
312,35.55,15.53,0.0,2.97,0.0,0.4645,22.99,0.0
313,35.55,15.38,0.0,2.82,0.0,0.4789,22.99,0.0
314,35.55,16.65,0.0,4.09,0.0,0.4925,22.99,0.0
315,35.55,11.98,0.0,0.0,0.58,0.5122,22.99,0.0
316,35.55,12.56,0.0,0.0,0.0,0.5091,22.99,0.0
317,35.55,9.46,0.0,0.0,3.1,0.5091,22.99,0.0
318,35.55,10.67,0.0,0.0,1.89,0.4925,22.99,0.0
319,37.51,8.37,9.93,3.79,0.0,0.4824,22.99,0.0
320,39.38,8.32,22.74,14.67,0.0,0.5007,22.99,0.0
321,41.11,9.26,30.41,0.0,24.44,0.5715,0.0,22.99
322,42.63,4.18,35.99,0.0,25.45,0.4408,0.0,22.99
323,43.87,13.27,43.22,35.62,0.0,0.3046,22.99,0.0
324,44.79,3.13,45.31,0.0,19.34,0.4766,0.0,22.99
325,45.36,2.57,42.46,22.66,0.0,0.3731,22.99,0.0
326,45.55,10.57,38.04,26.04,0.0,0.4825,22.99,0.0
327,45.36,9.9,29.02,16.55,0.0,0.6083,22.99,0.0
328,44.79,10.02,22.66,10.88,0.0,0.6882,22.99,0.0
329,43.87,10.82,8.39,0.0,1.67,0.7407,22.99,0.0
330,42.63,9.58,0.0,0.0,10.05,0.7318,22.99,0.0
331,41.11,7.56,0.0,0.0,10.56,0.678,22.99,0.0
332,39.38,11.49,0.0,0.0,4.9,0.6215,22.99,0.0
333,37.51,9.72,0.0,0.0,4.79,0.5953,22.99,0.0
334,35.55,15.58,0.0,3.02,0.0,0.5697,22.99,0.0
335,35.55,12.27,0.0,0.0,0.29,0.5842,22.99,0.0
336,35.6,10.17,0.0,0.0,2.43,0.5827,22.99,0.0
337,35.6,11.7,0.0,0.0,0.91,0.5697,22.99,0.0
338,35.6,13.75,0.0,1.14,0.0,0.5648,22.99,0.0
339,35.6,10.07,0.0,0.0,2.53,0.5704,22.99,0.0
340,35.6,8.57,0.0,0.0,4.03,0.5568,22.99,0.0
341,35.6,11.24,0.0,0.0,1.37,0.5352,22.99,0.0
342,35.6,10.4,0.0,0.0,2.2,0.5279,22.99,0.0
343,37.55,7.13,9.47,2.05,0.0,0.5162,22.99,0.0
344,39.42,6.47,21.8,11.84,0.0,0.526,22.99,0.0
345,41.15,8.07,31.49,0.0,24.58,0.5832,0.0,22.99
346,42.67,2.13,38.26,0.0,25.28,0.4517,0.0,22.99
347,43.91,1.93,42.85,0.0,22.12,0.3164,0.0,22.99
348,44.84,4.05,42.36,24.57,0.0,0.1981,22.99,0.0
349,45.4,5.8,41.03,24.41,0.0,0.3167,22.99,0.0
350,45.6,7.81,36.88,22.1,0.0,0.4346,22.99,0.0
351,45.4,12.1,28.72,18.4,0.0,0.5413,22.99,0.0
352,44.84,10.77,21.25,10.17,0.0,0.6302,22.99,0.0
353,43.91,8.26,10.9,0.0,1.76,0.6793,22.99,0.0
354,42.67,9.55,0.0,0.0,10.12,0.6699,22.99,0.0
355,41.15,7.2,0.0,0.0,10.95,0.6157,22.99,0.0
356,39.42,11.17,0.0,0.0,5.26,0.5571,22.99,0.0
357,37.55,10.96,0.0,0.0,3.59,0.5289,22.99,0.0
358,35.6,13.46,0.0,0.85,0.0,0.5097,22.99,0.0
359,35.6,10.06,0.0,0.0,2.54,0.5139,22.99,0.0
360,35.64,14.51,0.0,1.87,0.0,0.5002,22.99,0.0
361,35.64,17.68,0.0,5.03,0.0,0.5093,22.99,0.0
362,35.64,12.05,0.0,0.0,0.6,0.5336,22.99,0.0
363,35.64,13.18,0.0,0.54,0.0,0.5304,22.99,0.0
364,35.64,12.64,0.0,0.0,0.0,0.533,22.99,0.0
365,35.64,9.14,0.0,0.0,3.51,0.533,22.99,0.0
366,35.64,10.32,0.0,0.0,48.31,0.5142,0.0,22.99
367,37.59,8.8,10.6,0.0,0.0,0.2557,18.19,0.0
368,39.47,8.3,20.86,12.68,0.0,0.2557,22.99,0.0
369,41.19,4.81,29.77,0.0,29.61,0.317,0.0,22.99
370,42.71,6.87,36.23,0.0,0.0,0.1585,0.0,0.4
371,43.95,8.08,42.02,0.0,0.0,0.1585,0.0,6.15
372,44.88,11.06,44.86,34.04,0.0,0.1585,22.99,0.0
373,45.45,9.58,41.41,0.0,0.0,0.3229,0.0,5.54
374,45.64,13.76,36.73,27.84,0.0,0.3229,22.99,0.0
375,45.45,4.83,31.59,13.97,0.0,0.4573,22.99,0.0
376,44.88,10.8,19.84,8.75,0.0,0.5248,22.99,0.0
377,43.95,9.35,10.12,0.0,1.49,0.567,22.99,0.0
378,42.71,16.68,0.0,0.0,3.04,0.5591,22.99,0.0
379,41.19,7.82,0.0,0.0,10.38,0.5428,22.99,0.0
380,39.47,8.5,0.0,0.0,7.97,0.4873,22.99,0.0
381,37.59,9.95,0.0,0.0,4.65,0.4446,22.99,0.0
382,35.64,5.53,0.0,0.0,7.12,0.4198,22.99,0.0
383,35.64,11.02,0.0,0.0,1.62,0.3817,22.99,0.0
384,35.68,10.36,0.0,0.0,2.32,0.373,22.99,0.0
385,35.68,13.19,0.0,0.51,0.0,0.3606,22.99,0.0
386,35.68,13.49,0.0,0.0,45.19,0.363,0.0,22.99
387,35.68,17.94,0.0,5.25,0.0,0.1212,22.99,0.0
388,35.68,14.27,0.0,1.59,0.0,0.1466,22.99,0.0
389,35.68,8.55,0.0,0.0,4.13,0.1543,22.99,0.0
390,35.68,6.68,0.0,0.0,6.01,0.1322,22.99,0.0
391,37.63,10.34,10.58,0.0,0.0,0.1,16.71,0.0
392,39.51,3.69,19.44,0.0,0.0,0.1,16.38,0.0
393,41.24,10.64,30.6,0.0,0.0,0.1,0.0,0.0
394,42.75,10.6,38.7,29.54,0.0,0.1,22.99,0.0
395,43.99,4.94,42.94,12.41,0.0,0.2426,8.52,0.0
396,44.92,0.81,45.06,23.94,0.0,0.3025,22.99,0.0
397,45.49,10.84,42.72,31.06,0.0,0.4181,22.99,0.0
398,45.68,6.41,38.89,0.0,0.0,0.5681,0.38,0.0
399,45.49,11.3,29.29,18.1,0.0,0.5681,22.99,0.0
400,44.92,2.81,21.23,2.12,0.0,0.6555,22.99,0.0
401,43.99,6.81,10.83,0.0,3.36,0.6657,22.99,0.0
402,42.75,9.6,0.0,0.0,50.0,0.6477,0.0,16.85
403,41.24,10.57,0.0,0.0,7.67,0.3802,22.99,0.0
404,39.51,9.74,0.0,0.0,6.77,0.3392,22.99,0.0
405,37.63,13.88,0.0,0.0,0.75,0.303,22.99,0.0
406,35.68,8.93,0.0,0.0,3.76,0.2989,22.99,0.0
407,35.68,12.25,0.0,0.0,0.44,0.2788,22.99,0.0
408,35.72,13.19,0.0,0.0,0.0,0.2765,22.53,0.0
409,35.72,14.35,0.0,1.63,0.0,0.2765,22.99,0.0
410,35.72,14.67,0.0,1.94,0.0,0.2843,22.99,0.0
411,35.72,8.22,0.0,0.0,4.51,0.2937,22.99,0.0
412,35.72,6.22,0.0,0.0,6.51,0.2696,22.99,0.0
413,35.72,14.54,0.0,1.81,0.0,0.2348,22.99,0.0
414,35.72,10.64,0.0,0.0,2.09,0.2435,22.99,0.0
415,37.67,6.31,8.37,0.0,0.0,0.2323,22.99,0.0
416,39.55,0.0,16.55,0.0,0.0,0.2323,22.99,0.0
417,41.28,7.65,31.88,0.0,24.73,0.2323,0.0,22.99
418,42.79,10.58,38.46,29.24,0.0,0.1,22.99,0.0
419,44.04,6.66,41.2,3.83,0.0,0.2412,0.0,0.0
420,44.96,13.0,44.07,35.1,0.0,0.2597,22.99,0.0
421,45.53,12.12,43.29,32.87,0.0,0.4292,22.99,0.0
422,45.72,5.96,36.29,1.22,0.0,0.5879,4.69,0.0
423,45.53,10.42,29.48,17.37,0.0,0.5938,22.99,0.0
424,44.96,10.04,21.78,9.85,0.0,0.6777,22.99,0.0
425,44.04,13.16,7.89,0.0,0.0,0.7253,22.99,0.0
426,42.79,6.45,0.0,0.0,13.35,0.7253,22.99,0.0
427,41.28,12.62,0.0,0.0,5.66,0.6538,22.99,0.0
428,39.55,14.61,0.0,0.0,1.95,0.6235,22.99,0.0
429,37.67,6.16,0.0,0.0,8.51,0.6131,22.99,0.0
430,35.72,8.54,0.0,0.0,4.19,0.5676,22.99,0.0
431,35.72,6.09,0.0,0.0,6.63,0.5452,22.99,0.0
432,35.76,11.91,0.0,0.0,0.86,0.5097,22.99,0.0
433,35.76,15.0,0.0,2.23,0.0,0.5051,22.99,0.0
434,35.76,17.21,0.0,4.44,0.0,0.5159,22.99,0.0
435,35.76,12.08,0.0,0.0,0.69,0.5373,22.99,0.0
436,35.76,16.44,0.0,3.67,0.0,0.5336,22.99,0.0
437,35.76,5.92,0.0,0.0,6.85,0.5513,22.99,0.0
438,35.76,4.04,0.0,0.0,8.73,0.5147,22.99,0.0
439,37.71,8.53,10.3,4.11,0.0,0.468,22.99,0.0
440,39.59,9.17,21.47,0.0,0.0,0.4878,8.94,0.0
441,41.32,7.16,31.21,0.0,25.95,0.4878,0.0,22.99
442,42.83,0.06,36.7,0.0,29.07,0.349,0.0,22.99
443,44.08,6.14,43.47,0.0,17.47,0.1935,0.0,22.99
444,45.0,2.1,45.99,24.05,0.0,0.1,20.96,0.0
445,45.57,8.59,41.12,4.14,0.0,0.2161,0.0,0.0
446,45.76,7.93,36.71,21.88,0.0,0.2361,22.99,0.0
447,45.57,4.22,31.56,13.2,0.0,0.3417,22.99,0.0
448,45.0,6.27,21.11,5.37,0.0,0.4055,22.99,0.0
449,44.08,5.29,11.52,0.0,4.27,0.4314,22.99,0.0
450,42.83,9.35,0.0,0.0,10.49,0.4085,22.99,0.0
451,41.32,13.48,0.0,0.0,4.85,0.3524,22.99,0.0
452,39.59,7.98,0.0,0.0,8.62,0.3265,22.99,0.0
453,37.71,13.47,0.0,0.0,1.25,0.2804,22.99,0.0
454,35.76,10.64,0.0,0.0,2.13,0.2737,22.99,0.0
455,35.76,10.11,0.0,0.0,2.66,0.2623,22.99,0.0
456,35.8,12.42,0.0,0.0,0.39,0.248,22.99,0.0
457,35.8,9.31,0.0,0.0,3.5,0.246,22.99,0.0
458,35.8,10.54,0.0,0.0,2.27,0.2272,22.99,0.0
459,35.8,7.95,0.0,0.0,4.86,0.2151,22.99,0.0
460,35.8,17.51,0.0,4.7,0.0,0.1891,22.99,0.0
461,35.8,10.48,0.0,0.0,2.33,0.2118,22.99,0.0
462,35.8,7.27,0.0,0.0,5.54,0.1993,22.99,0.0
463,37.75,9.39,8.79,3.42,0.0,0.1697,22.99,0.0
464,39.63,7.55,20.69,0.0,0.0,0.1862,11.38,0.0
465,41.36,6.53,31.81,19.97,0.0,0.1862,22.99,0.0
466,42.87,8.72,37.15,0.0,20.0,0.2826,0.0,22.99
467,44.12,8.86,44.12,0.0,14.13,0.1756,0.0,22.99
468,45.04,4.58,45.58,28.12,0.0,0.1,22.99,0.0
469,45.61,0.0,42.36,19.75,0.0,0.2358,22.99,0.0
470,45.8,0.0,39.13,16.32,0.0,0.3311,22.99,0.0
471,45.61,0.0,30.07,7.45,0.0,0.4099,22.99,0.0
472,45.04,0.99,21.81,0.75,0.0,0.4459,22.99,0.0
473,44.12,13.12,10.93,0.0,0.0,0.4495,20.07,0.0
474,42.87,0.0,0.0,0.0,19.88,0.4495,22.99,0.0
475,41.36,9.56,0.0,0.0,8.8,0.3431,22.99,0.0
476,39.63,0.0,0.0,0.0,16.64,0.296,22.99,0.0
477,37.75,12.83,0.0,0.0,1.93,0.207,22.99,0.0
478,35.8,22.29,0.0,9.48,0.0,0.1967,22.99,0.0
479,35.8,12.81,0.0,0.0,0.0,0.2425,22.99,0.0
480,35.84,12.34,0.0,0.0,0.51,0.2425,22.99,0.0
481,35.84,9.55,0.0,0.0,3.3,0.2397,22.99,0.0
482,35.84,7.12,0.0,0.0,5.73,0.2221,22.99,0.0
483,35.84,12.46,0.0,0.0,0.39,0.1914,22.99,0.0
484,35.84,8.68,0.0,0.0,4.16,0.1893,22.99,0.0
485,35.84,5.75,0.0,0.0,7.1,0.167,22.99,0.0
486,35.84,7.42,0.0,0.0,5.43,0.129,22.99,0.0
487,37.79,5.18,10.93,0.0,0.0,0.1,21.69,0.0
488,39.67,13.35,20.17,0.0,0.0,0.1,6.14,0.0
489,41.4,10.08,32.27,0.0,0.0,0.1,0.0,0.95
490,42.91,6.69,37.86,24.63,0.0,0.1,22.99,0.0
491,44.16,11.18,41.1,31.11,0.0,0.2189,22.99,0.0
492,45.08,6.53,43.0,0.0,0.0,0.3692,0.0,4.44
493,45.65,3.6,43.93,15.79,0.0,0.3692,13.92,0.0
494,45.84,11.64,40.12,28.91,0.0,0.4454,22.99,0.0
495,45.65,8.97,29.14,15.45,0.0,0.585,22.99,0.0
496,45.08,4.54,19.91,0.0,0.0,0.6596,20.63,0.0
497,44.16,8.06,8.6,0.0,4.5,0.6596,22.99,0.0
498,42.91,6.68,0.0,0.0,13.24,0.6355,22.99,0.0
499,41.4,5.88,0.0,0.0,12.53,0.5647,22.99,0.0
500,39.67,14.13,0.0,0.0,2.55,0.4977,22.99,0.0
501,37.79,17.98,0.0,3.18,0.0,0.484,22.99,0.0
502,35.84,7.79,0.0,0.0,5.06,0.4994,22.99,0.0
503,35.84,14.46,0.0,1.61,0.0,0.4723,22.99,0.0
504,35.88,10.62,0.0,0.0,2.27,0.4801,22.99,0.0
505,35.88,11.04,0.0,0.0,1.85,0.468,22.99,0.0
506,35.88,10.38,0.0,0.0,2.51,0.4581,22.99,0.0
507,35.88,8.99,0.0,0.0,3.9,0.4446,22.99,0.0
508,35.88,11.27,0.0,0.0,1.62,0.4238,22.99,0.0
509,35.88,7.64,0.0,0.0,5.25,0.4151,22.99,0.0
510,35.88,10.37,0.0,0.0,2.52,0.387,22.99,0.0
511,37.84,8.5,8.86,2.52,0.0,0.3735,22.99,0.0
512,39.71,7.1,19.83,0.0,35.77,0.3857,0.0,22.99
513,41.44,4.27,31.73,17.56,0.0,0.1943,22.99,0.0
514,42.96,4.83,38.98,23.85,0.0,0.2791,22.99,0.0
515,44.2,8.81,42.68,0.0,0.0,0.3942,0.0,7.29
516,45.12,7.88,44.83,30.58,0.0,0.3942,22.99,0.0
517,45.69,3.21,41.43,21.94,0.0,0.5419,22.99,0.0
518,45.88,7.01,38.77,22.89,0.0,0.6478,22.99,0.0
519,45.69,9.64,31.09,18.03,0.0,0.7584,22.99,0.0
520,45.12,2.48,20.95,1.3,0.0,0.8454,22.99,0.0
521,44.2,10.42,10.53,0.0,0.26,0.8517,22.99,0.0
522,42.96,7.35,0.0,0.0,12.61,0.8503,22.99,0.0
523,41.44,12.18,0.0,0.0,6.27,0.7828,22.99,0.0
524,39.71,8.64,0.0,0.0,8.07,0.7493,22.99,0.0
525,37.84,5.94,0.0,0.0,8.9,0.7061,22.99,0.0
526,35.88,7.03,0.0,0.0,5.86,0.6585,22.99,0.0
527,35.88,12.77,0.0,0.0,0.12,0.6272,22.99,0.0
528,35.92,13.55,0.0,0.62,0.0,0.6265,22.99,0.0
529,35.92,9.67,0.0,0.0,3.26,0.6295,22.99,0.0
530,35.92,14.34,0.0,1.41,0.0,0.6121,22.99,0.0
531,35.92,6.39,0.0,0.0,6.54,0.6189,22.99,0.0
532,35.92,10.88,0.0,0.0,2.05,0.5839,22.99,0.0
533,35.92,6.39,0.0,0.0,6.54,0.5729,22.99,0.0
534,35.92,7.37,0.0,0.0,5.56,0.538,22.99,0.0
535,37.88,8.79,10.66,0.0,41.41,0.5082,0.0,22.99
536,39.75,5.07,22.8,0.0,34.88,0.2866,0.0,22.99
537,41.48,0.0,18.49,0.0,0.0,0.1,22.99,0.0
538,43.0,9.93,37.67,27.6,0.0,0.1,22.99,0.0
539,44.24,4.48,42.53,0.0,20.22,0.2333,0.0,22.99
540,45.16,8.94,45.68,32.45,0.0,0.1251,22.99,0.0
541,45.73,2.7,43.07,23.03,0.0,0.2818,22.99,0.0
542,45.92,8.39,38.37,23.82,0.0,0.393,22.99,0.0
543,45.73,11.85,30.3,0.0,0.0,0.508,3.58,0.0
544,45.16,0.0,21.97,0.0,0.2,0.508,22.99,0.0
545,44.24,6.06,9.12,0.0,6.07,0.5069,22.99,0.0
546,43.0,11.34,0.0,0.0,8.66,0.4745,22.99,0.0
547,41.48,6.58,0.0,0.0,11.9,0.4281,22.99,0.0
548,39.75,12.29,0.0,0.0,4.46,0.3644,22.99,0.0
549,37.88,9.81,0.0,0.0,5.07,0.3406,22.99,0.0
550,35.92,12.56,0.0,0.0,0.37,0.3134,22.99,0.0
551,35.92,12.1,0.0,0.0,0.83,0.3114,22.99,0.0
552,35.96,16.47,0.0,3.5,0.0,0.3069,22.99,0.0
553,35.96,13.4,0.0,0.43,0.0,0.3238,22.99,0.0
554,35.96,13.35,0.0,0.0,0.0,0.3259,22.62,0.0
555,35.96,10.41,0.0,0.0,2.56,0.3259,22.99,0.0
556,35.96,9.49,0.0,0.0,3.48,0.3122,22.99,0.0
557,35.96,8.89,0.0,0.0,4.08,0.2936,22.99,0.0
558,35.96,10.73,0.0,0.0,2.24,0.2718,22.99,0.0
559,37.92,7.25,11.18,3.51,0.0,0.2598,22.99,0.0
560,39.79,8.77,20.98,0.0,33.03,0.2767,0.0,22.99
561,41.52,13.88,32.91,28.26,0.0,0.1,22.99,0.0
562,43.04,9.47,37.67,0.0,18.89,0.2365,0.0,22.99
563,44.28,5.27,43.2,27.19,0.0,0.1354,22.99,0.0
564,45.2,10.1,43.5,31.4,0.0,0.2667,22.99,0.0
565,45.77,5.01,43.22,25.45,0.0,0.4183,22.99,0.0
566,45.96,0.06,40.34,17.43,0.0,0.5412,22.99,0.0
567,45.77,3.91,32.51,0.0,0.0,0.6253,9.35,0.0
568,45.2,1.78,20.43,0.0,0.0,0.6253,22.99,0.0
569,44.28,7.48,10.28,0.0,3.52,0.6253,22.99,0.0
570,43.04,9.51,0.0,0.0,10.53,0.6065,22.99,0.0
571,41.52,15.71,0.0,0.0,2.81,0.5501,22.99,0.0
572,39.79,12.13,0.0,0.0,27.66,0.5351,0.0,0.0
573,37.92,11.03,0.0,0.0,3.89,0.3871,22.99,0.0
574,35.96,14.94,0.0,1.97,0.0,0.3663,22.99,0.0
575,35.96,5.43,0.0,0.0,7.54,0.3758,22.99,0.0
576,36.0,13.43,0.0,0.42,0.0,0.3354,22.99,0.0
577,36.0,15.05,0.0,2.04,0.0,0.3374,22.99,0.0
578,36.0,7.45,0.0,0.0,5.56,0.3473,22.99,0.0
579,36.0,15.42,0.0,0.0,0.0,0.3175,20.58,0.0
580,36.0,12.14,0.0,0.0,23.86,0.3175,0.0,0.0
581,36.0,8.93,0.0,0.0,4.08,0.1899,22.99,0.0
582,36.0,11.48,0.0,0.0,7.52,0.168,17.0,0.0
583,37.95,15.94,9.9,0.0,0.0,0.1278,12.11,0.0
584,39.83,8.4,20.79,0.0,0.0,0.1278,10.64,0.0
585,41.56,7.95,30.51,19.89,0.0,0.1278,22.99,0.0
586,43.07,5.14,40.44,25.51,0.0,0.2238,22.99,0.0
587,44.32,3.56,43.37,25.61,0.0,0.347,22.99,0.0
588,45.24,8.88,43.95,0.0,15.4,0.4706,0.0,22.99
589,45.81,3.54,44.38,25.1,0.0,0.3882,22.99,0.0
590,46.0,6.86,38.88,22.73,0.0,0.5094,22.99,0.0
591,45.81,5.6,31.54,14.32,0.0,0.6192,22.99,0.0
592,45.24,9.36,21.95,9.07,0.0,0.6883,22.99,0.0
593,44.32,9.64,11.68,0.0,0.0,0.7321,22.99,0.0
594,43.07,12.79,0.0,0.0,7.29,0.7321,22.99,0.0
595,41.56,8.62,0.0,0.0,9.95,0.6931,22.99,0.0
596,39.83,10.18,0.0,0.0,6.66,0.6399,22.99,0.0
597,37.95,8.55,0.0,0.0,6.41,0.6042,22.99,0.0
598,36.0,10.8,0.0,0.0,2.21,0.57,22.99,0.0
599,36.0,13.78,0.0,0.77,0.0,0.5581,22.99,0.0
600,36.04,15.09,0.0,2.04,0.0,0.5618,22.99,0.0
601,36.04,9.55,0.0,0.0,3.5,0.5717,22.99,0.0
602,36.04,15.02,0.0,1.97,0.0,0.553,22.99,0.0
603,36.04,16.08,0.0,0.0,0.0,0.5625,19.96,0.0
604,36.04,12.36,0.0,0.0,0.69,0.5625,22.99,0.0
605,36.04,16.32,0.0,3.27,0.0,0.5588,22.99,0.0
606,36.04,6.91,0.0,0.0,50.0,0.5746,0.0,20.86
607,37.99,4.55,10.45,0.0,0.0,0.3071,22.99,0.0
608,39.87,2.04,22.12,0.0,38.7,0.3071,0.0,22.99
609,41.6,11.96,32.86,26.22,0.0,0.1,22.99,0.0
610,43.11,8.72,38.26,26.87,0.0,0.2266,22.99,0.0
611,44.36,6.1,15.26,0.0,0.0,0.3564,22.99,0.0
612,45.28,7.08,45.27,30.06,0.0,0.3564,22.99,0.0
613,45.85,2.64,41.85,21.64,0.0,0.5015,22.99,0.0
614,46.04,14.52,40.6,32.07,0.0,0.606,22.99,0.0
615,45.85,7.54,32.69,16.54,0.0,0.7609,22.16,0.0
616,45.28,8.15,22.41,8.27,0.0,0.8407,22.99,0.0
617,44.36,10.92,8.7,0.0,1.75,0.8807,22.99,0.0
618,43.11,10.96,0.0,0.0,9.16,0.8713,22.99,0.0
619,41.6,0.0,0.0,0.0,18.6,0.8223,22.99,0.0
620,39.87,8.47,0.0,0.0,31.4,0.7228,0.0,0.0
621,37.99,13.22,0.0,0.0,1.78,0.5548,22.99,0.0
622,36.04,18.3,0.0,5.25,0.0,0.5453,22.99,0.0
623,36.04,16.89,0.0,3.84,0.0,0.5706,22.99,0.0
624,36.08,17.77,0.0,0.0,0.0,0.5891,18.31,0.0
625,36.08,10.86,0.0,0.0,2.23,0.5891,22.99,0.0
626,36.08,8.99,0.0,0.0,4.1,0.5772,22.99,0.0
627,36.08,11.27,0.0,0.0,1.82,0.5552,22.99,0.0
628,36.08,11.18,0.0,0.0,1.91,0.5455,22.99,0.0
629,36.08,13.76,0.0,0.0,0.0,0.5353,22.32,0.0
630,36.08,3.91,0.0,0.0,9.18,0.5353,22.99,0.0
631,38.03,13.5,11.24,0.0,36.29,0.4862,0.0,22.99
632,39.91,7.26,22.28,12.62,0.0,0.292,22.99,0.0
633,41.64,5.72,29.84,0.0,29.08,0.3529,0.0,22.99
634,43.15,3.31,39.15,22.3,0.0,0.1974,22.99,0.0
635,44.4,0.91,43.04,0.0,23.45,0.305,0.0,22.99
636,45.32,8.81,45.93,32.42,0.0,0.1796,22.99,0.0
637,45.89,6.5,41.89,25.49,0.0,0.3361,22.99,0.0
638,46.08,2.41,38.42,0.0,28.24,0.4592,0.0,22.99
639,45.89,2.91,32.63,12.64,0.0,0.3081,22.99,0.0
640,45.32,6.68,23.22,7.58,0.0,0.3692,22.99,0.0
641,44.4,13.95,8.73,1.28,0.0,0.4058,22.99,0.0
642,43.15,8.55,0.0,0.0,11.61,0.4119,22.99,0.0
643,41.64,5.36,0.0,0.0,13.28,0.3498,22.99,0.0
644,39.91,10.21,0.0,0.0,6.71,0.2787,22.99,0.0
645,38.03,10.79,0.0,0.0,4.25,0.2428,22.99,0.0
646,36.08,3.46,0.0,0.0,9.62,0.2201,22.99,0.0
647,36.08,12.33,0.0,0.0,0.75,0.1686,22.99,0.0
648,36.12,11.85,0.0,0.0,1.28,0.1646,22.99,0.0
649,36.12,14.74,0.0,1.61,0.0,0.1577,22.99,0.0
650,36.12,18.14,0.0,5.02,0.0,0.1655,22.99,0.0
651,36.12,15.29,0.0,2.17,0.0,0.1897,22.99,0.0
652,36.12,10.11,0.0,0.0,3.02,0.2002,22.99,0.0
653,36.12,6.62,0.0,0.0,6.51,0.184,22.99,0.0
654,36.12,17.68,0.0,0.0,0.0,0.1492,18.44,0.0
655,38.07,8.72,11.64,0.0,0.0,0.1492,17.72,0.0
656,39.95,7.79,22.9,13.73,0.0,0.1492,22.99,0.0
657,41.68,7.0,31.05,0.0,0.0,0.2155,3.63,0.0
658,43.19,7.2,38.16,0.0,20.82,0.2155,0.0,22.99
659,44.44,5.77,42.72,27.05,0.0,0.1041,22.99,0.0
660,45.36,4.27,46.72,28.63,0.0,0.2348,22.99,0.0
661,45.93,4.47,42.08,23.62,0.0,0.373,22.99,0.0
662,46.12,6.45,40.14,23.47,0.0,0.487,22.99,0.0
663,45.93,5.32,31.29,13.67,0.0,0.6004,22.99,0.0
664,45.36,5.44,21.5,4.57,0.0,0.6664,22.99,0.0
665,44.44,8.87,8.68,0.0,3.89,0.6884,22.99,0.0
666,43.19,8.54,0.0,0.0,11.66,0.6676,22.99,0.0
667,41.68,15.06,0.0,0.0,3.62,0.6052,22.99,0.0
668,39.95,2.4,0.0,0.0,14.55,0.5859,22.99,0.0
669,38.07,15.18,0.0,0.0,0.0,0.508,22.89,0.0
670,36.12,16.19,0.0,3.07,0.0,0.508,22.99,0.0
671,36.12,5.78,0.0,0.0,7.35,0.5228,22.99,0.0
672,36.16,11.46,0.0,0.0,1.7,0.4835,22.99,0.0
673,36.16,11.26,0.0,0.0,1.91,0.4744,22.99,0.0
674,36.16,7.58,0.0,0.0,5.58,0.4642,22.99,0.0
675,36.16,9.11,0.0,0.0,4.06,0.4343,22.99,0.0
676,36.16,7.36,0.0,0.0,5.8,0.4126,22.99,0.0
677,36.16,15.84,0.0,0.0,43.31,0.3816,0.0,22.99
678,36.16,12.36,0.0,0.0,0.8,0.1498,22.99,0.0
679,38.11,12.61,10.66,8.16,0.0,0.1455,22.99,0.0
680,39.99,10.05,20.63,0.0,0.0,0.1849,9.3,0.0
681,41.71,3.4,33.29,17.97,0.0,0.1849,22.99,0.0
682,43.23,4.84,39.35,23.95,0.0,0.2717,22.99,0.0
683,44.47,7.79,44.14,0.0,15.53,0.3873,0.0,22.99
684,45.4,2.15,46.51,26.25,0.0,0.3042,22.99,0.0
685,45.97,8.52,42.38,27.93,0.0,0.431,22.99,0.0
686,46.16,5.76,37.78,20.37,0.0,0.5658,22.99,0.0
687,45.97,5.84,31.94,14.8,0.0,0.6642,22.99,0.0
688,45.4,10.02,23.38,11.0,0.0,0.7357,22.99,0.0
689,44.47,9.94,11.53,0.0,0.02,0.7888,22.99,0.0
690,43.23,8.17,0.0,0.0,12.07,0.7887,22.99,0.0
691,41.71,13.92,0.0,0.0,4.8,0.7241,22.99,0.0
692,39.99,7.46,0.0,0.0,9.54,0.6985,22.99,0.0
693,38.11,13.62,0.0,0.0,1.5,0.6474,22.99,0.0
694,36.16,14.06,0.0,0.89,0.0,0.6394,22.99,0.0
695,36.16,11.46,0.0,0.0,1.71,0.6437,22.99,0.0
696,36.2,13.6,0.0,0.4,0.0,0.6346,22.99,0.0
697,36.2,8.39,0.0,0.0,4.82,0.6365,22.99,0.0
698,36.2,15.1,0.0,1.9,0.0,0.6107,22.99,0.0
699,36.2,11.0,0.0,0.0,2.2,0.6199,22.99,0.0
700,36.2,9.24,0.0,0.0,3.97,0.6081,22.99,0.0
701,36.2,13.2,0.0,0.0,0.0,0.5869,22.99,0.0
702,36.2,7.03,0.0,0.0,6.17,0.5869,22.99,0.0
703,38.15,3.92,12.28,1.04,0.0,0.5538,22.99,0.0
704,40.02,2.66,20.58,6.21,0.0,0.5588,22.99,0.0
705,41.75,8.98,33.45,0.0,22.31,0.5888,0.0,22.99
706,43.27,2.37,38.55,0.0,25.34,0.4694,0.0,22.99
707,44.51,11.86,42.35,0.0,13.29,0.3338,0.0,22.99
708,45.44,0.0,45.79,23.35,0.0,0.2627,22.99,0.0
709,46.0,11.67,45.25,33.91,0.0,0.3755,22.99,0.0
710,46.2,7.19,39.07,23.05,0.0,0.5392,22.99,0.0
711,46.0,6.71,31.39,15.08,0.0,0.6505,22.99,0.0
712,45.44,5.93,21.36,4.85,0.0,0.7234,22.99,0.0
713,44.51,9.76,11.69,0.0,0.06,0.7468,22.99,0.0
714,43.27,9.19,0.0,0.0,11.09,0.7464,22.99,0.0
715,41.75,13.72,0.0,0.0,5.04,0.6871,22.99,0.0
716,40.02,11.3,0.0,0.0,5.73,0.6601,22.99,0.0
717,38.15,12.08,0.0,0.0,3.07,0.6295,22.99,0.0
718,36.2,10.93,0.0,0.0,2.27,0.613,22.99,0.0
719,36.2,12.25,0.0,0.0,0.95,0.6009,22.99,0.0
720,36.23,13.51,0.0,0.0,0.0,0.5958,22.72,0.0
721,36.23,6.87,0.0,0.0,6.37,0.5958,22.99,0.0
722,36.23,7.72,0.0,0.0,5.52,0.5617,22.99,0.0
723,36.23,13.97,0.0,0.73,0.0,0.5322,22.99,0.0
724,36.23,11.45,0.0,0.0,1.79,0.5357,22.99,0.0
725,36.23,9.52,0.0,0.0,3.72,0.5262,22.99,0.0
726,36.23,9.34,0.0,0.0,3.9,0.5063,22.99,0.0
727,38.19,9.57,8.79,3.17,0.0,0.4854,22.99,0.0
728,40.06,5.92,22.87,0.0,34.26,0.5007,0.0,22.99
729,41.79,4.48,33.55,0.0,0.0,0.3174,3.77,0.0
730,43.31,7.11,39.49,0.0,19.7,0.3174,0.0,22.99
731,44.55,2.99,43.62,0.0,20.93,0.212,0.0,22.99
732,45.47,7.37,46.9,31.79,0.0,0.1,22.99,0.0
733,46.04,0.65,44.93,22.53,0.0,0.2535,22.99,0.0
734,46.23,9.81,39.32,25.89,0.0,0.3623,22.99,0.0
735,46.04,8.52,30.53,16.01,0.0,0.4873,22.99,0.0
736,45.47,8.49,21.15,7.16,0.0,0.5646,22.99,0.0
737,44.55,9.96,11.6,0.0,0.0,0.5992,22.99,0.0
738,43.31,14.67,0.0,0.0,5.64,0.5992,22.99,0.0
739,41.79,13.4,0.0,0.0,5.4,0.569,22.99,0.0
740,40.06,4.94,0.0,0.0,12.12,0.5402,22.99,0.0
741,38.19,7.43,0.0,0.0,7.76,0.4753,22.99,0.0
742,36.23,10.06,0.0,0.0,3.18,0.4338,22.99,0.0
743,36.23,12.49,0.0,0.0,0.75,0.4168,22.99,0.0
744,36.27,13.28,0.0,0.0,0.0,0.4128,22.99,0.0
745,36.27,10.03,0.0,0.0,3.25,0.4128,22.99,0.0
746,36.27,12.66,0.0,0.0,0.62,0.3954,22.99,0.0
747,36.27,9.1,0.0,0.0,4.18,0.3921,22.99,0.0
748,36.27,8.89,0.0,0.0,4.38,0.3697,22.99,0.0
749,36.27,5.54,0.0,0.0,7.74,0.3463,22.99,0.0
750,36.27,6.27,0.0,0.0,7.01,0.3049,22.99,0.0
751,38.22,4.04,11.0,0.0,0.19,0.2674,22.99,0.0
752,40.1,0.0,22.95,2.03,0.0,0.2664,19.17,0.0
753,41.83,10.38,31.5,23.04,0.0,0.2761,22.99,0.0
754,43.34,2.99,40.35,0.0,0.0,0.3874,0.0,0.0
755,44.59,14.64,43.56,36.61,0.0,0.3874,22.99,0.0
756,45.51,7.62,47.55,0.0,0.0,0.5642,0.0,9.66
757,46.08,6.73,43.48,27.12,0.0,0.5642,22.99,0.0
758,46.27,3.68,39.38,19.78,0.0,0.6951,22.99,0.0
759,46.08,9.23,30.84,16.99,0.0,0.7907,22.99,0.0
760,45.51,5.77,22.4,5.66,0.0,0.8727,22.99,0.0
761,44.59,8.81,10.11,0.0,2.67,0.9,22.99,0.0
762,43.34,17.54,0.0,0.0,2.81,0.8857,22.99,0.0
763,41.83,9.78,0.0,0.0,9.05,0.8707,22.99,0.0
764,40.1,14.59,0.0,0.0,2.52,0.8222,22.99,0.0
765,38.22,9.27,0.0,0.0,5.96,0.8088,22.99,0.0
766,36.27,11.94,0.0,0.0,1.34,0.7769,22.99,0.0
767,36.27,18.11,0.0,4.83,0.0,0.7697,22.99,0.0
768,36.31,10.43,0.0,0.0,2.88,0.793,22.99,0.0
769,36.31,18.21,0.0,4.9,0.0,0.7776,22.99,0.0
770,36.31,14.32,0.0,1.0,0.0,0.8013,22.99,0.0
771,36.31,9.69,0.0,0.0,3.62,0.8061,22.99,0.0
772,36.31,12.89,0.0,0.0,0.43,0.7867,22.99,0.0
773,36.31,13.21,0.0,0.0,0.11,0.7845,22.99,0.0
774,36.31,11.24,0.0,0.0,2.08,0.7839,22.99,0.0
775,38.26,3.31,11.16,0.0,0.79,0.7728,22.99,0.0
776,40.14,5.26,23.09,0.0,34.78,0.7685,0.0,22.99
777,41.86,6.14,33.57,0.0,25.15,0.5824,0.0,22.99
778,43.38,6.18,38.05,0.0,22.14,0.4479,0.0,22.99
779,44.62,8.11,43.42,0.0,16.09,0.3294,0.0,22.99
780,45.55,6.57,44.83,28.84,0.0,0.2434,22.99,0.0
781,46.12,1.78,44.61,23.27,0.0,0.3826,22.99,0.0
782,46.31,7.65,41.27,25.61,0.0,0.495,22.99,0.0
783,46.12,8.91,33.85,19.64,0.0,0.6186,22.99,0.0
784,45.55,9.42,22.85,9.72,0.0,0.7135,22.99,0.0
785,44.62,11.88,9.07,0.0,0.68,0.7604,22.99,0.0
786,43.38,11.92,0.0,0.0,8.46,0.7568,22.99,0.0
787,41.86,11.55,0.0,0.0,7.32,0.7115,22.99,0.0
788,40.14,10.62,0.0,0.0,6.53,0.6723,22.99,0.0
789,38.26,6.14,0.0,0.0,9.13,0.6374,22.99,0.0
790,36.31,13.42,0.0,0.0,0.0,0.5886,22.89,0.0
791,36.31,13.02,0.0,0.0,0.29,0.5886,22.99,0.0
792,36.35,13.31,0.0,0.0,0.04,0.587,22.99,0.0
793,36.35,8.19,0.0,0.0,5.16,0.5868,22.99,0.0
794,36.35,8.5,0.0,0.0,4.85,0.5592,22.99,0.0
795,36.35,14.89,0.0,1.54,0.0,0.5332,22.99,0.0
796,36.35,10.69,0.0,0.0,2.67,0.5406,22.99,0.0
797,36.35,12.24,0.0,0.0,1.11,0.5264,22.99,0.0
798,36.35,9.29,0.0,0.0,4.06,0.5204,22.99,0.0
799,38.3,8.46,11.36,4.51,0.0,0.4987,22.99,0.0
800,40.17,10.61,22.73,0.0,29.82,0.5205,0.0,22.99
801,41.9,5.24,32.12,0.0,27.54,0.3609,0.0,22.99
802,43.42,6.71,41.79,28.07,0.0,0.2136,22.99,0.0
803,44.66,4.58,43.54,0.0,19.53,0.3491,0.0,22.99
804,45.58,4.56,44.92,26.88,0.0,0.2446,22.99,0.0
805,46.15,5.07,44.64,26.55,0.0,0.3744,22.99,0.0
806,46.35,7.11,40.85,24.62,0.0,0.5026,22.99,0.0
807,46.15,5.36,30.51,12.71,0.0,0.6215,22.99,0.0
808,45.58,11.64,22.75,11.8,0.0,0.6829,22.99,0.0
809,44.66,5.47,9.95,0.0,6.25,0.7399,22.99,0.0
810,43.42,8.59,0.0,0.0,11.83,0.7064,22.99,0.0
811,41.9,8.61,0.0,0.0,10.3,0.6431,22.99,0.0
812,40.17,15.49,0.0,0.0,1.68,0.588,22.99,0.0
813,38.3,12.12,0.0,0.0,3.18,0.579,22.99,0.0
814,36.35,15.33,0.0,1.98,0.0,0.562,22.99,0.0
815,36.35,7.52,0.0,0.0,5.84,0.5716,22.99,0.0
816,36.38,13.26,0.0,0.0,0.12,0.5403,22.99,0.0
817,36.38,15.17,0.0,1.78,0.0,0.5397,22.99,0.0
818,36.38,12.23,0.0,0.0,1.15,0.5483,22.99,0.0
819,36.38,14.9,0.0,1.51,0.0,0.5421,22.99,0.0
820,36.38,9.11,0.0,0.0,4.28,0.5494,22.99,0.0
821,36.38,13.39,0.0,0.0,0.0,0.5265,22.99,0.0
822,36.38,16.6,0.0,3.21,0.0,0.5265,22.99,0.0
823,38.33,7.15,8.95,0.0,45.22,0.542,0.0,22.99
824,40.21,6.11,23.26,12.15,0.0,0.3001,22.99,0.0
825,41.94,11.58,31.8,0.0,21.55,0.3588,0.0,22.99
826,43.45,11.47,41.7,32.71,0.0,0.2434,22.99,0.0
827,44.7,4.35,44.17,26.82,0.0,0.4014,22.99,0.0
828,45.62,4.57,46.96,28.9,0.0,0.5309,22.99,0.0
829,46.19,5.13,43.46,0.0,17.09,0.6705,0.0,19.48
830,46.38,2.02,40.85,19.48,0.0,0.5791,22.99,0.0
831,46.19,3.91,30.82,11.53,0.0,0.6731,22.99,0.0
832,45.62,4.3,22.39,4.07,0.0,0.7288,22.99,0.0
833,44.7,5.84,11.26,0.0,4.59,0.7484,22.99,0.0
834,43.45,9.05,0.0,0.0,11.4,0.7238,22.99,0.0
835,41.94,10.76,0.0,0.0,8.18,0.6628,22.99,0.0
836,40.21,15.8,0.0,0.0,1.42,0.619,22.99,0.0
837,38.33,8.22,0.0,0.0,7.11,0.6115,22.99,0.0
838,36.38,13.39,0.0,0.0,0.0,0.5734,22.99,0.0
839,36.38,11.6,0.0,0.0,1.79,0.5734,22.99,0.0
840,36.42,12.21,0.0,0.0,1.21,0.5638,22.99,0.0
841,36.42,13.42,0.0,0.0,0.0,0.5573,22.99,0.0
842,36.42,8.3,0.0,0.0,5.12,0.5573,22.99,0.0
843,36.42,12.66,0.0,0.0,0.76,0.5299,22.99,0.0
844,36.42,11.29,0.0,0.0,2.13,0.5259,22.99,0.0
845,36.42,11.56,0.0,0.0,1.86,0.5144,22.99,0.0
846,36.42,10.07,0.0,0.0,26.35,0.5045,0.0,0.0
847,38.37,16.24,12.54,13.41,0.0,0.3635,22.99,0.0
848,40.24,5.45,23.53,0.0,34.25,0.4283,0.0,22.99
849,41.97,5.13,32.74,0.0,27.1,0.245,0.0,22.99
850,43.49,4.32,40.7,24.52,0.0,0.1,22.99,0.0
851,44.73,4.21,44.02,0.0,19.49,0.2184,0.0,22.99
852,45.66,3.84,45.78,26.95,0.0,0.1141,22.99,0.0
853,46.22,9.86,46.69,33.31,0.0,0.2443,22.99,0.0
854,46.42,0.0,38.64,0.0,0.0,0.4051,7.77,0.0
855,46.22,5.0,32.47,14.24,0.0,0.4051,22.99,0.0
856,45.66,4.82,22.14,4.3,0.0,0.4739,22.99,0.0
857,44.73,5.47,11.1,0.0,5.16,0.4947,22.99,0.0
858,43.49,7.35,0.0,0.0,13.15,0.4671,22.99,0.0
859,41.97,12.02,0.0,0.0,6.96,0.3967,22.99,0.0
860,40.24,0.0,0.0,0.0,17.25,0.3595,22.99,0.0
861,38.37,6.52,0.0,0.0,8.85,0.2672,22.99,0.0
862,36.42,16.94,0.0,3.52,0.0,0.2198,22.99,0.0
863,36.42,18.07,0.0,0.0,0.0,0.2368,18.35,0.0
864,36.45,10.35,0.0,0.0,3.1,0.2368,22.99,0.0
865,36.45,10.97,0.0,0.0,2.49,0.2202,22.99,0.0
866,36.45,0.0,0.0,0.0,13.46,0.2069,22.99,0.0
867,36.45,12.47,0.0,0.0,0.99,0.1349,22.99,0.0
868,36.45,12.85,0.0,0.0,0.61,0.1296,22.99,0.0
869,36.45,13.46,0.0,0.0,0.0,0.1264,22.99,0.0
870,36.45,8.53,0.0,0.0,4.93,0.1264,22.99,0.0
871,38.4,5.68,9.73,0.0,0.0,0.1,22.99,0.0
872,40.28,3.02,22.66,0.0,0.0,0.1,14.59,0.0
873,42.01,4.45,33.69,17.43,0.0,0.1,21.3,0.0
874,43.52,6.19,42.24,27.9,0.0,0.1842,22.99,0.0
875,44.77,11.78,45.84,35.85,0.0,0.3189,22.99,0.0
876,45.69,4.19,46.57,28.07,0.0,0.492,22.99,0.0
877,46.26,6.7,45.98,29.41,0.0,0.6275,22.99,0.0
878,46.45,6.25,41.18,0.0,22.02,0.7696,0.0,22.99
879,46.26,10.66,31.78,19.17,0.0,0.6518,22.99,0.0
880,45.69,15.66,21.63,0.0,0.0,0.7443,8.4,0.0
881,44.77,6.55,9.99,0.0,50.0,0.7443,0.0,21.78
882,43.52,7.52,0.0,0.0,13.01,0.4768,22.99,0.0
883,42.01,13.32,0.0,0.0,5.7,0.4072,22.99,0.0
884,40.28,12.93,0.0,0.0,4.36,0.3767,22.99,0.0
885,38.4,15.41,0.0,0.0,0.0,0.3534,22.99,0.0
886,36.45,13.79,0.0,0.33,0.0,0.3534,22.99,0.0
887,36.45,11.06,0.0,0.0,2.39,0.355,22.99,0.0
888,36.49,14.21,0.0,0.0,45.27,0.3422,0.0,22.99
889,36.49,15.78,0.0,2.29,0.0,0.1,22.99,0.0
890,36.49,14.53,0.0,1.03,0.0,0.111,22.99,0.0
891,36.49,10.5,0.0,0.0,3.0,0.116,22.99,0.0
892,36.49,14.14,0.0,0.64,0.0,0.1,22.99,0.0
893,36.49,13.49,0.0,0.0,0.0,0.1031,22.99,0.0
894,36.49,13.49,0.0,0.0,0.0,0.1031,22.99,0.0
895,38.44,10.33,12.39,7.28,0.0,0.1031,22.99,0.0
896,40.31,6.91,3.26,0.0,7.15,0.1383,22.99,0.0
897,42.04,7.26,31.56,0.0,0.0,0.1,3.23,0.0
898,43.56,10.17,41.06,30.66,0.0,0.1,22.99,0.0
899,44.8,3.3,47.15,0.0,17.35,0.2481,0.0,22.99
900,45.73,7.03,45.74,30.03,0.0,0.1553,22.99,0.0
901,46.29,4.67,46.55,27.92,0.0,0.3003,22.99,0.0
902,46.49,6.36,41.48,24.35,0.0,0.4351,22.99,0.0
903,46.29,10.92,33.96,21.58,0.0,0.5527,22.99,0.0
904,45.73,8.07,20.95,6.29,0.0,0.6569,22.99,0.0
905,44.8,8.38,12.28,0.0,1.15,0.6873,22.99,0.0
906,43.56,4.67,0.0,0.0,15.89,0.6811,22.99,0.0
907,42.04,12.32,0.0,0.0,6.73,0.5961,22.99,0.0
908,40.31,12.77,0.0,0.0,4.54,0.5601,22.99,0.0
909,38.44,18.35,0.0,2.91,0.0,0.5358,22.99,0.0
910,36.49,10.88,0.0,0.0,2.62,0.5498,22.99,0.0
911,36.49,12.9,0.0,0.0,0.59,0.5358,22.99,0.0
912,36.52,13.08,0.0,0.0,0.45,0.5327,22.99,0.0
913,36.52,13.53,0.0,0.0,0.0,0.5303,22.99,0.0
914,36.52,11.53,0.0,0.0,2.0,0.5303,22.99,0.0
915,36.52,0.05,0.0,0.0,13.48,0.5196,22.99,0.0
916,36.52,12.62,0.0,0.0,0.91,0.4475,22.99,0.0
917,36.52,10.48,0.0,0.0,3.05,0.4426,22.99,0.0
918,36.52,7.59,0.0,0.0,5.94,0.4263,22.99,0.0
919,38.47,8.83,10.9,4.25,0.0,0.3946,22.99,0.0
920,40.35,10.89,22.94,0.0,29.51,0.4151,0.0,22.99
921,42.08,3.43,34.73,19.08,0.0,0.2572,22.99,0.0
922,43.59,6.67,40.66,3.73,0.0,0.3493,0.0,0.0
923,44.84,3.65,45.99,0.0,18.19,0.3674,0.0,22.99
924,45.76,9.67,48.65,35.55,0.0,0.27,22.99,0.0
925,46.33,0.98,47.11,24.76,0.0,0.4417,22.99,0.0
926,46.52,4.43,40.98,21.88,0.0,0.5613,22.99,0.0
927,46.33,7.97,34.66,19.3,0.0,0.6669,22.99,0.0
928,45.76,12.48,20.98,10.69,0.0,0.7601,22.99,0.0
929,44.84,7.99,11.35,0.0,2.51,0.8118,22.99,0.0
930,43.59,7.24,0.0,0.0,13.36,0.7983,22.99,0.0
931,42.08,15.96,0.0,0.0,3.12,0.7269,22.99,0.0
932,40.35,5.97,0.0,0.0,11.38,0.7101,22.99,0.0
933,38.47,4.21,0.0,0.0,11.27,0.6492,22.99,0.0
934,36.52,13.26,0.0,0.0,0.27,0.5889,22.99,0.0
935,36.52,10.54,0.0,0.0,2.99,0.5875,22.99,0.0
936,36.56,8.93,0.0,0.0,4.63,0.5715,22.99,0.0
937,36.56,14.42,0.0,0.86,0.0,0.5468,22.99,0.0
938,36.56,12.59,0.0,0.0,0.97,0.5509,22.99,0.0
939,36.56,9.46,0.0,0.0,4.1,0.5457,22.99,0.0
940,36.56,6.48,0.0,0.0,7.08,0.5238,22.99,0.0
941,36.56,12.66,0.0,0.0,0.9,0.4859,22.99,0.0
942,36.56,11.11,0.0,0.0,2.46,0.4811,22.99,0.0
943,38.51,7.84,11.49,0.0,42.16,0.4679,0.0,22.99
944,40.38,13.36,23.41,0.0,26.61,0.2424,0.0,22.99
945,42.11,3.25,31.99,0.0,0.0,0.1,6.87,0.0
946,43.63,0.0,41.33,0.0,0.0,0.1,2.29,0.0
947,44.87,3.64,45.06,26.82,0.0,0.1,22.99,0.0
948,45.79,5.62,47.28,30.1,0.0,0.2295,22.99,0.0
949,46.36,6.66,46.39,29.69,0.0,0.3749,22.99,0.0
950,46.56,5.42,42.51,24.37,0.0,0.5182,22.99,0.0
951,46.36,7.85,34.52,19.0,0.0,0.6359,22.99,0.0
952,45.79,3.34,21.43,0.0,0.0,0.7276,21.03,0.0
953,44.87,12.83,11.12,0.0,0.0,0.7276,20.91,0.0
954,43.63,8.74,0.0,0.0,11.9,0.7276,22.99,0.0
955,42.11,13.45,0.0,0.0,50.0,0.664,0.0,21.34
956,40.38,11.73,0.0,0.0,5.66,0.3965,22.99,0.0
957,38.51,12.77,0.0,0.0,2.75,0.3662,22.99,0.0
958,36.56,13.56,0.0,0.0,0.0,0.3515,22.99,0.0
959,36.56,0.0,0.0,0.0,13.56,0.3515,22.99,0.0
960,36.59,14.28,0.0,0.69,0.0,0.2789,22.99,0.0
961,36.59,13.59,0.0,0.0,0.0,0.2823,22.99,0.0
962,36.59,12.4,0.0,0.0,1.19,0.2823,22.99,0.0
963,36.59,13.55,0.0,0.0,0.05,0.2759,22.99,0.0
964,36.59,10.29,0.0,0.0,8.43,0.2756,17.87,0.0
965,36.59,14.46,0.0,0.87,0.0,0.2305,22.99,0.0
966,36.59,6.78,0.0,0.0,6.82,0.2347,22.99,0.0
967,38.54,13.96,11.57,9.98,0.0,0.1983,22.99,0.0
968,40.42,7.22,23.14,12.94,0.0,0.2464,22.99,0.0
969,42.14,2.05,33.59,0.0,29.49,0.3089,0.0,22.99
970,43.66,6.58,41.06,26.97,0.0,0.1511,22.99,0.0
971,44.9,3.64,45.63,27.36,0.0,0.2813,22.99,0.0
972,45.83,8.45,48.73,34.35,0.0,0.4134,22.99,0.0
973,46.4,3.73,46.05,26.38,0.0,0.5793,22.99,0.0
974,46.59,4.72,40.78,21.9,0.0,0.7067,22.99,0.0
975,46.4,0.57,35.02,12.19,0.0,0.8125,22.99,0.0
976,45.83,5.89,22.89,5.94,0.0,0.8713,22.99,0.0
977,44.9,0.29,11.96,0.0,9.66,0.9,22.99,0.0
978,43.66,3.84,0.0,0.0,16.82,0.8483,22.99,0.0
979,42.14,12.26,0.0,0.0,6.89,0.7583,22.99,0.0
980,40.42,13.13,0.0,0.0,4.3,0.7215,22.99,0.0
981,38.54,12.63,0.0,0.0,2.92,0.6985,22.99,0.0
982,36.59,8.64,0.0,0.0,4.95,0.6829,22.99,0.0
983,36.59,11.94,0.0,0.0,1.66,0.6564,22.99,0.0
984,36.62,12.15,0.0,0.0,1.47,0.6475,22.99,0.0
985,36.62,8.31,0.0,0.0,5.32,0.6396,22.99,0.0
986,36.62,16.6,0.0,0.0,26.26,0.6112,0.0,6.24
987,36.62,14.06,0.0,0.43,0.0,0.4706,22.99,0.0
988,36.62,9.83,0.0,0.0,3.79,0.4727,22.99,0.0
989,36.62,9.86,0.0,0.0,49.76,0.4524,0.0,22.99
990,36.62,9.61,0.0,0.0,4.02,0.1862,22.99,0.0
991,38.57,1.49,12.68,0.0,1.41,0.1647,22.99,0.0
992,40.45,6.51,22.92,0.0,0.0,0.1571,11.01,0.0
993,42.18,4.44,34.69,0.0,0.0,0.1571,3.05,0.0
994,43.69,2.89,40.8,0.0,0.0,0.1571,0.0,0.0
995,44.94,4.9,47.14,30.1,0.0,0.1571,22.99,0.0
996,45.86,11.51,47.27,35.91,0.0,0.3024,22.99,0.0
997,46.43,7.88,46.84,31.28,0.0,0.4758,22.99,0.0
998,46.62,4.28,43.12,23.78,0.0,0.6269,22.99,0.0
999,46.43,8.5,34.14,19.2,0.0,0.7417,22.99,0.0
1000,45.86,11.84,24.61,13.58,0.0,0.8344,22.99,0.0
1001,44.94,11.08,10.86,0.0,0.0,0.9,22.99,0.0
1002,43.69,9.12,0.0,0.0,11.57,0.9,22.99,0.0
1003,42.18,7.68,0.0,0.0,11.51,0.8381,22.99,0.0
1004,40.45,12.81,0.0,0.0,4.65,0.7765,22.99,0.0
1005,38.57,12.49,0.0,0.0,3.09,0.7516,22.99,0.0
1006,36.62,14.63,0.0,1.0,0.0,0.7351,22.99,0.0
1007,36.62,14.11,0.0,0.0,0.0,0.7399,22.51,0.0
1008,36.65,15.52,0.0,1.86,0.0,0.7399,22.99,0.0
1009,36.65,10.29,0.0,0.0,3.37,0.7489,22.99,0.0
1010,36.65,15.96,0.0,0.0,20.7,0.7309,0.0,0.0
1011,36.65,11.82,0.0,0.0,32.0,0.6202,0.0,7.17
1012,36.65,17.22,0.0,3.56,0.0,0.4489,22.99,0.0
1013,36.65,7.5,0.0,0.0,6.16,0.4662,22.99,0.0
1014,36.65,14.51,0.0,0.85,0.0,0.4332,22.99,0.0
1015,38.6,8.7,9.52,2.6,0.0,0.4373,22.99,0.0
1016,40.48,5.17,22.4,10.09,0.0,0.4499,22.99,0.0
1017,42.21,5.04,33.61,0.0,0.0,0.4986,3.56,0.0
1018,43.73,5.06,43.27,27.6,0.0,0.4986,22.99,0.0
1019,44.97,7.14,46.87,0.0,13.95,0.6319,0.0,22.99
1020,45.89,7.35,47.63,32.09,0.0,0.5572,22.99,0.0
1021,46.46,3.91,45.14,0.0,20.4,0.7122,0.0,22.99
1022,46.65,6.01,41.04,23.39,0.0,0.603,22.99,0.0
1023,46.46,13.54,33.9,23.97,0.0,0.716,22.99,0.0
1024,45.89,12.87,23.36,13.32,0.0,0.8317,22.99,0.0
1025,44.97,9.47,9.73,0.0,2.78,0.8961,22.99,0.0
1026,43.73,9.02,0.0,0.0,11.71,0.8812,22.99,0.0
1027,42.21,10.12,0.0,0.0,32.09,0.8185,0.0,0.0
1028,40.48,12.5,0.0,0.0,4.99,0.6468,22.99,0.0
1029,38.6,7.87,0.0,0.0,7.74,0.6201,22.99,0.0
1030,36.65,10.86,0.0,0.0,2.8,0.5787,22.99,0.0
1031,36.65,6.62,0.0,0.0,7.04,0.5637,22.99,0.0
1032,36.69,13.38,0.0,0.0,23.3,0.5261,0.0,0.0
1033,36.69,14.08,0.0,0.38,0.0,0.4014,22.99,0.0
1034,36.69,10.1,0.0,0.0,3.6,0.4033,22.99,0.0
1035,36.69,16.24,0.0,2.54,0.0,0.384,22.99,0.0
1036,36.69,6.51,0.0,0.0,7.18,0.3963,22.99,0.0
1037,36.69,4.96,0.0,0.0,8.73,0.3579,22.99,0.0
1038,36.69,9.58,0.0,0.0,4.11,0.3111,22.99,0.0
1039,38.64,11.41,12.13,7.89,0.0,0.2892,22.99,0.0
1040,40.51,12.69,24.56,0.0,26.26,0.3273,0.0,22.99
1041,42.24,5.09,33.55,0.0,0.0,0.1868,3.6,0.0
1042,43.76,9.55,40.99,0.0,16.21,0.1868,0.0,22.99
1043,45.0,5.61,47.37,30.97,0.0,0.1,22.99,0.0
1044,45.92,5.06,47.75,29.88,0.0,0.2496,22.99,0.0
1045,46.49,8.59,47.42,32.51,0.0,0.3939,22.99,0.0
1046,46.69,8.17,40.16,24.64,0.0,0.5509,22.99,0.0
1047,46.49,1.47,32.26,10.23,0.0,0.6698,22.99,0.0
1048,45.92,12.02,24.85,13.93,0.0,0.7193,22.99,0.0
1049,45.0,12.48,9.52,0.0,0.0,0.7865,22.99,0.0
1050,43.76,6.83,0.0,0.0,13.93,0.7865,22.99,0.0
1051,42.24,10.98,0.0,0.0,8.27,0.712,22.99,0.0
1052,40.51,12.07,0.0,0.0,50.0,0.6677,0.0,21.56
1053,38.64,11.99,0.0,0.0,3.66,0.4002,22.99,0.0
1054,36.69,9.88,0.0,0.0,3.81,0.3806,22.99,0.0
1055,36.69,9.81,0.0,0.0,3.88,0.3602,22.99,0.0
1056,36.72,11.97,0.0,0.0,1.75,0.3395,22.99,0.0
1057,36.72,13.72,0.0,0.0,0.0,0.3301,22.99,0.0
1058,36.72,13.38,0.0,0.0,0.34,0.3301,22.99,0.0
1059,36.72,9.91,0.0,0.0,3.82,0.3283,22.99,0.0
1060,36.72,12.93,0.0,0.0,0.79,0.3078,22.99,0.0
1061,36.72,0.44,0.0,0.0,33.99,0.3036,2.28,0.0
1062,36.72,12.54,0.0,0.0,1.19,0.1217,22.99,0.0
1063,38.67,2.36,10.45,0.0,2.87,0.1154,22.99,0.0
1064,40.54,6.03,24.91,0.0,0.0,0.1,9.61,0.0
1065,42.27,2.91,34.6,0.0,0.0,0.1,4.77,0.0
1066,43.79,1.83,40.01,21.05,0.0,0.1,22.99,0.0
1067,45.03,9.45,46.64,34.05,0.0,0.2016,22.99,0.0
1068,45.96,4.07,47.52,28.63,0.0,0.3661,22.99,0.0
1069,46.53,6.82,48.58,31.87,0.0,0.5043,22.99,0.0
1070,46.72,5.87,43.36,25.5,0.0,0.6582,22.99,0.0
1071,46.53,8.08,35.25,0.0,26.19,0.7813,0.0,22.99
1072,45.96,7.45,25.15,9.64,0.0,0.6412,22.99,0.0
1073,45.03,3.83,9.65,0.0,8.55,0.6877,22.99,0.0
1074,43.79,12.04,0.0,0.0,8.75,0.642,22.99,0.0
1075,42.27,8.06,0.0,0.0,11.22,0.5951,22.99,0.0
1076,40.54,5.4,0.0,0.0,12.15,0.5351,22.99,0.0
1077,38.67,9.72,0.0,0.0,5.95,0.4701,22.99,0.0
1078,36.72,16.48,0.0,2.75,0.0,0.4383,22.99,0.0
1079,36.72,14.69,0.0,0.97,0.0,0.4515,22.99,0.0
1080,36.75,10.89,0.0,0.0,2.87,0.4562,22.99,0.0
1081,36.75,10.78,0.0,0.0,2.98,0.4409,22.99,0.0
1082,36.75,10.54,0.0,0.0,3.21,0.4249,22.99,0.0
1083,36.75,17.79,0.0,4.03,0.0,0.4078,22.99,0.0
1084,36.75,11.63,0.0,0.0,2.12,0.4272,22.99,0.0
1085,36.75,2.35,0.0,0.0,11.41,0.4159,22.99,0.0
1086,36.75,12.11,0.0,0.0,47.63,0.3548,0.0,22.99
1087,38.7,8.72,9.61,0.0,0.0,0.1,20.38,0.0
1088,40.58,6.33,23.48,0.0,0.0,0.1,10.77,0.0
1089,42.3,5.86,33.69,0.0,0.0,0.1,2.76,0.0
1090,43.82,5.75,42.85,27.78,0.0,0.1,22.99,0.0
1091,45.06,5.54,47.28,30.75,0.0,0.2341,22.99,0.0
1092,45.99,7.9,50.14,0.0,10.94,0.3826,0.0,22.99
1093,46.56,5.82,47.0,29.26,0.0,0.3241,22.99,0.0
1094,46.75,8.35,43.65,28.24,0.0,0.4654,22.99,0.0
1095,46.56,6.23,35.62,0.0,0.0,0.6018,4.7,0.0
1096,45.99,7.42,22.81,7.23,0.0,0.6018,22.99,0.0
1097,45.06,1.48,12.9,0.0,7.69,0.6367,22.99,0.0
1098,43.82,11.75,0.0,0.0,9.08,0.5955,22.99,0.0
1099,42.3,10.74,0.0,0.0,8.57,0.547,22.99,0.0
1100,40.58,13.63,0.0,0.0,6.27,0.5011,20.68,0.0
1101,38.7,1.7,0.0,0.0,14.01,0.4675,22.99,0.0
1102,36.75,18.34,0.0,4.58,0.0,0.3926,22.99,0.0
1103,36.75,11.45,0.0,0.0,2.3,0.4147,22.99,0.0
1104,36.78,15.56,0.0,1.78,0.0,0.4024,22.99,0.0
1105,36.78,8.5,0.0,0.0,5.28,0.411,22.99,0.0
1106,36.78,13.53,0.0,0.0,0.26,0.3827,22.99,0.0
1107,36.78,7.62,0.0,0.0,6.16,0.3813,22.99,0.0
1108,36.78,8.34,0.0,0.0,5.44,0.3484,22.99,0.0
1109,36.78,15.77,0.0,1.98,0.0,0.3192,22.99,0.0
1110,36.78,8.12,0.0,0.0,5.66,0.3288,22.99,0.0
1111,38.73,8.61,9.63,2.5,0.0,0.2985,22.99,0.0
1112,40.61,9.94,24.8,0.0,0.0,0.3106,5.87,0.0
1113,42.33,8.06,35.45,24.17,0.0,0.3106,22.99,0.0
1114,43.85,6.43,42.3,0.0,18.12,0.4273,0.0,22.99
1115,45.09,6.8,45.93,0.0,15.36,0.3303,0.0,22.99
1116,46.02,13.28,48.01,38.27,0.0,0.2482,22.99,0.0
1117,46.59,5.43,47.05,28.89,0.0,0.433,22.99,0.0
1118,46.78,6.59,43.45,26.26,0.0,0.5725,22.99,0.0
1119,46.59,9.85,34.51,20.77,0.0,0.6993,22.99,0.0
1120,46.02,10.7,22.77,10.44,0.0,0.7996,22.99,0.0
1121,45.09,11.74,11.78,1.43,0.0,0.85,22.99,0.0
1122,43.85,10.81,0.0,0.0,10.05,0.8569,22.99,0.0
1123,42.33,5.88,0.0,0.0,13.46,0.8031,22.99,0.0
1124,40.61,15.64,0.0,0.0,1.97,0.7311,22.99,0.0
1125,38.73,7.32,0.0,0.0,8.42,0.7206,22.99,0.0
1126,36.78,12.52,0.0,0.0,1.26,0.6755,22.99,0.0
1127,36.78,9.43,0.0,0.0,4.36,0.6688,22.99,0.0
1128,36.81,11.73,0.0,0.0,2.09,0.6455,22.99,0.0
1129,36.81,12.89,0.0,0.0,0.93,0.6343,22.99,0.0
1130,36.81,12.54,0.0,0.0,1.27,0.6293,22.99,0.0
1131,36.81,12.35,0.0,0.0,1.46,0.6225,22.99,0.0
1132,36.81,13.82,0.0,0.0,0.0,0.6147,22.99,0.0
1133,36.81,11.01,0.0,0.0,2.81,0.6147,22.99,0.0
1134,36.81,7.91,0.0,0.0,50.0,0.5997,0.0,21.1
1135,38.76,10.98,11.72,6.94,0.0,0.3322,22.99,0.0
1136,40.64,10.93,22.11,15.4,0.0,0.3657,22.99,0.0
1137,42.36,2.44,33.9,0.0,29.02,0.44,0.0,22.99
1138,43.88,7.83,40.62,0.0,18.42,0.2847,0.0,22.99
1139,45.12,7.85,46.12,31.83,0.0,0.1862,22.99,0.0
1140,46.05,4.5,48.57,30.02,0.0,0.3399,22.99,0.0
1141,46.62,10.03,46.0,32.4,0.0,0.4849,22.99,0.0
1142,46.81,5.42,40.56,22.16,0.0,0.6413,22.99,0.0
1143,46.62,6.82,35.29,18.48,0.0,0.7483,22.99,0.0
1144,46.05,6.52,22.98,6.45,0.0,0.8376,22.99,0.0
1145,45.12,7.91,9.83,0.0,4.39,0.8687,22.99,0.0
1146,43.88,5.16,0.0,0.0,15.73,0.8452,22.99,0.0
1147,42.36,4.88,0.0,0.0,14.49,0.7611,22.99,0.0
1148,40.64,15.48,0.0,0.0,2.17,0.6835,22.99,0.0
1149,38.76,8.25,0.0,0.0,7.52,0.672,22.99,0.0
1150,36.81,8.3,0.0,0.0,5.52,0.6317,22.99,0.0
1151,36.81,4.86,0.0,0.0,8.95,0.6022,22.99,0.0
1152,36.84,9.83,0.0,0.0,50.0,0.5543,0.0,22.99
1153,36.84,7.51,0.0,0.0,6.34,0.2868,22.99,0.0
1154,36.84,16.77,0.0,2.93,0.0,0.2529,22.99,0.0
1155,36.84,14.21,0.0,0.37,0.0,0.267,22.99,0.0
1156,36.84,8.05,0.0,0.0,5.79,0.2688,22.99,0.0
1157,36.84,16.78,0.0,2.94,0.0,0.2378,22.99,0.0
1158,36.84,11.84,0.0,0.0,2.01,0.252,22.99,0.0
1159,38.79,6.77,10.05,1.03,0.0,0.2413,22.99,0.0
1160,40.67,0.0,22.8,5.13,0.0,0.2462,22.99,0.0
1161,42.39,13.78,33.11,0.0,0.0,0.271,0.0,4.5
1162,43.91,1.24,42.67,0.0,0.0,0.271,0.0,0.0
1163,45.15,0.21,46.89,0.0,0.0,0.271,0.0,1.95
1164,46.08,8.73,50.09,35.74,0.0,0.271,22.99,0.0
1165,46.65,13.43,49.35,39.12,0.0,0.4436,22.99,0.0
1166,46.84,10.34,43.54,30.04,0.0,0.6325,22.99,0.0
1167,46.65,8.2,36.25,0.0,25.19,0.7776,0.0,22.99
1168,46.08,8.97,24.3,10.18,0.0,0.6428,22.99,0.0
1169,45.15,10.58,11.45,0.0,0.13,0.6919,22.99,0.0
1170,43.91,11.12,0.0,0.0,9.8,0.6912,22.99,0.0
1171,42.39,10.41,0.0,0.0,8.99,0.6388,22.99,0.0
1172,40.67,10.62,0.0,0.0,7.06,0.5907,22.99,0.0
1173,38.79,10.75,0.0,0.0,5.05,0.5529,22.99,0.0
1174,36.84,9.02,0.0,0.0,4.82,0.5259,22.99,0.0
1175,36.84,10.88,0.0,0.0,2.97,0.5001,22.99,0.0
1176,36.87,6.38,0.0,0.0,7.5,0.4843,22.99,0.0
1177,36.87,11.43,0.0,0.0,2.45,0.4442,22.99,0.0
1178,36.87,8.22,0.0,0.0,50.0,0.4311,0.0,21.36
1179,36.87,7.34,0.0,0.0,6.54,0.1635,22.99,0.0
1180,36.87,10.82,0.0,0.0,3.05,0.1286,22.99,0.0
1181,36.87,13.87,0.0,0.0,0.0,0.1122,22.99,0.0
1182,36.87,11.59,0.0,0.0,2.28,0.1122,22.99,0.0
1183,38.82,2.7,13.31,0.0,0.0,0.1,22.8,0.0
1184,40.69,3.8,24.69,0.0,0.0,0.1,12.2,0.0
1185,42.42,9.38,35.8,17.3,0.0,0.1,14.55,0.0
1186,43.94,0.0,44.52,23.58,0.0,0.1836,22.99,0.0
1187,45.18,4.77,48.42,8.01,0.0,0.2974,0.0,0.0
1188,46.11,7.16,48.44,32.49,0.0,0.3361,22.99,0.0
1189,46.68,2.36,48.61,0.0,18.69,0.493,0.0,22.99
1190,46.87,0.0,41.97,18.1,0.0,0.393,22.99,0.0
1191,46.68,2.02,33.72,12.06,0.0,0.4804,22.99,0.0
1192,46.11,5.06,25.65,7.59,0.0,0.5386,22.99,0.0
1193,45.18,8.82,9.78,0.0,3.59,0.5752,22.99,0.0
1194,43.94,3.47,0.0,0.0,17.48,0.556,22.99,0.0
1195,42.42,10.88,0.0,0.0,8.55,0.4625,22.99,0.0
1196,40.69,10.17,0.0,0.0,7.53,0.4168,22.99,0.0
1197,38.82,12.69,0.0,0.0,3.13,0.3765,22.99,0.0
1198,36.87,12.15,0.0,0.0,1.73,0.3598,22.99,0.0
1199,36.87,16.16,0.0,0.0,0.0,0.3505,20.71,0.0
1200,36.9,12.22,0.0,0.0,1.68,0.3505,22.99,0.0
1201,36.9,10.31,0.0,0.0,3.59,0.3415,22.99,0.0
1202,36.9,11.77,0.0,0.0,2.13,0.3223,22.99,0.0
1203,36.9,12.62,0.0,0.0,1.28,0.3109,22.99,0.0
1204,36.9,10.35,0.0,0.0,3.55,0.3041,22.99,0.0
1205,36.9,9.55,0.0,0.0,4.36,0.2851,22.99,0.0
1206,36.9,6.31,0.0,0.0,7.59,0.2618,22.99,0.0
1207,38.85,5.6,12.32,0.0,0.0,0.2212,20.93,0.0
1208,40.72,2.42,22.73,7.43,0.0,0.2212,22.99,0.0
1209,42.45,11.95,32.96,0.0,20.54,0.257,0.0,22.99
1210,43.97,1.75,44.75,25.53,0.0,0.1472,22.99,0.0
1211,45.21,3.21,46.42,0.0,18.57,0.2704,0.0,22.99
1212,46.13,3.02,50.38,30.26,0.0,0.1711,22.99,0.0
1213,46.7,8.35,48.14,32.78,0.0,0.3172,22.99,0.0
1214,46.9,4.82,41.37,22.29,0.0,0.4755,22.99,0.0
1215,46.7,10.33,33.7,0.0,25.67,0.5832,0.0,22.99
1216,46.13,4.78,24.96,6.6,0.0,0.4458,22.99,0.0
1217,45.21,8.64,13.03,0.0,0.55,0.4777,22.99,0.0
1218,43.97,5.88,0.0,0.0,15.1,0.4748,22.99,0.0
1219,42.45,16.35,0.0,0.0,3.1,0.394,22.99,0.0
1220,40.72,6.35,0.0,0.0,11.37,0.3774,22.99,0.0
1221,38.85,11.87,0.0,0.0,3.99,0.3165,22.99,0.0
1222,36.9,13.43,0.0,0.0,0.47,0.2952,22.99,0.0
1223,36.9,13.04,0.0,0.0,0.86,0.2927,22.99,0.0
1224,36.92,11.17,0.0,0.0,2.76,0.288,22.99,0.0
1225,36.92,11.24,0.0,0.0,2.69,0.2733,22.99,0.0
1226,36.92,11.48,0.0,0.0,2.45,0.2589,22.99,0.0
1227,36.92,10.35,0.0,0.0,3.58,0.2458,22.99,0.0
1228,36.92,13.27,0.0,0.0,0.66,0.2266,22.99,0.0
1229,36.92,16.52,0.0,2.59,0.0,0.2231,22.99,0.0
1230,36.92,6.73,0.0,0.0,7.2,0.2356,22.99,0.0
1231,38.87,3.27,12.21,0.0,0.4,0.1971,22.99,0.0
1232,40.75,6.63,23.35,0.0,0.0,0.195,10.77,0.0
1233,42.48,14.59,33.13,0.0,17.75,0.195,0.0,22.99
1234,43.99,3.13,41.59,23.73,0.0,0.1,22.99,0.0
1235,45.24,10.71,46.58,12.05,0.0,0.2146,0.0,0.0
1236,46.16,10.73,51.79,39.35,0.0,0.2728,22.99,0.0
1237,46.73,3.62,47.9,15.5,0.0,0.4628,10.71,0.0
1238,46.92,7.57,44.18,27.82,0.0,0.5377,22.99,0.0
1239,46.73,11.52,35.81,23.59,0.0,0.672,22.99,0.0
1240,46.16,5.69,22.85,5.38,0.0,0.7859,22.99,0.0
1241,45.24,7.04,10.67,0.0,4.53,0.8119,22.99,0.0
1242,43.99,6.65,0.0,0.0,14.35,0.7876,22.99,0.0
1243,42.48,6.09,0.0,0.0,13.4,0.7109,22.99,0.0
1244,40.75,8.05,0.0,0.0,9.7,0.6392,22.99,0.0
1245,38.87,6.86,0.0,0.0,9.02,0.5873,22.99,0.0
1246,36.92,11.45,0.0,0.0,2.48,0.539,22.99,0.0
1247,36.92,9.17,0.0,0.0,4.76,0.5257,22.99,0.0
1248,36.95,12.48,0.0,0.0,1.47,0.5003,22.99,0.0
1249,36.95,6.58,0.0,0.0,7.37,0.4924,22.99,0.0
1250,36.95,12.36,0.0,0.0,1.59,0.4529,22.99,0.0
1251,36.95,13.48,0.0,0.0,0.48,0.4444,22.99,0.0
1252,36.95,3.66,0.0,0.0,10.3,0.4418,22.99,0.0
1253,36.95,10.54,0.0,0.0,3.42,0.3867,22.99,0.0
1254,36.95,12.46,0.0,0.0,1.49,0.3685,22.99,0.0
1255,38.9,3.74,11.3,0.0,0.87,0.3605,22.99,0.0
1256,40.78,12.29,25.62,0.0,25.87,0.3558,0.0,22.99
1257,42.51,7.56,36.0,0.0,21.94,0.2174,0.0,22.99
1258,44.02,3.41,41.68,24.06,0.0,0.1,22.99,0.0
1259,45.27,5.19,49.57,32.48,0.0,0.2162,22.99,0.0
1260,46.19,7.06,49.34,33.2,0.0,0.373,22.99,0.0
1261,46.76,5.61,48.17,30.02,0.0,0.5334,22.99,0.0
1262,46.95,7.43,43.64,0.0,18.87,0.6783,0.0,22.99
1263,46.76,3.23,34.68,14.14,0.0,0.5773,22.99,0.0
1264,46.19,7.42,25.58,9.81,0.0,0.6457,22.99,0.0
1265,45.27,3.08,11.71,0.0,7.48,0.693,22.99,0.0
1266,44.02,8.13,0.0,0.0,12.9,0.653,22.99,0.0
1267,42.51,6.41,0.0,0.0,13.11,0.584,22.99,0.0
1268,40.78,7.73,0.0,0.0,10.05,0.5139,22.99,0.0
1269,38.9,6.61,0.0,0.0,9.3,0.4601,22.99,0.0
1270,36.95,14.82,0.0,0.87,0.0,0.4103,22.99,0.0
1271,36.95,13.59,0.0,0.0,0.37,0.4145,22.99,0.0
1272,36.98,8.15,0.0,0.0,5.83,0.4126,22.99,0.0
1273,36.98,10.55,0.0,0.0,3.43,0.3813,22.99,0.0
1274,36.98,15.17,0.0,1.19,0.0,0.363,22.99,0.0
1275,36.98,11.19,0.0,0.0,2.79,0.3687,22.99,0.0
1276,36.98,17.57,0.0,3.58,0.0,0.3538,22.99,0.0
1277,36.98,10.56,0.0,0.0,3.43,0.3711,22.99,0.0
1278,36.98,9.07,0.0,0.0,4.91,0.3528,22.99,0.0
1279,38.93,6.61,9.87,0.0,0.0,0.3265,22.44,0.0
1280,40.8,7.26,25.12,14.58,0.0,0.3265,22.99,0.0
1281,42.53,5.67,35.38,0.0,24.48,0.3969,0.0,22.99
1282,44.05,7.94,43.36,0.0,15.75,0.2659,0.0,22.99
1283,45.29,8.42,50.03,36.15,0.0,0.1817,22.99,0.0
1284,46.22,2.67,50.6,0.0,0.0,0.3562,0.0,7.06
1285,46.79,1.02,49.57,26.8,0.0,0.3562,22.99,0.0
1286,46.98,0.0,42.27,18.29,0.0,0.4856,22.99,0.0
1287,46.79,7.8,35.76,19.77,0.0,0.574,22.99,0.0
1288,46.22,3.26,25.89,5.93,0.0,0.6694,22.99,0.0
1289,45.29,0.65,13.52,0.0,8.13,0.698,22.99,0.0
1290,44.05,9.71,0.0,0.0,11.35,0.6545,22.99,0.0
1291,42.53,17.35,0.0,0.0,2.19,0.5938,22.99,0.0
1292,40.8,10.05,0.0,0.0,7.76,0.5821,22.99,0.0
1293,38.93,13.45,0.0,0.0,2.49,0.5406,22.99,0.0
1294,36.98,11.51,0.0,0.0,2.47,0.5273,22.99,0.0
1295,36.98,11.25,0.0,0.0,2.73,0.514,22.99,0.0
1296,37.0,14.61,0.0,0.6,0.0,0.4994,22.99,0.0
1297,37.0,10.59,0.0,0.0,3.42,0.5023,22.99,0.0
1298,37.0,12.07,0.0,0.0,1.94,0.484,22.99,0.0
1299,37.0,11.73,0.0,0.0,2.28,0.4737,22.99,0.0
1300,37.0,7.86,0.0,0.0,6.15,0.4615,22.99,0.0
1301,37.0,12.45,0.0,0.0,1.56,0.4286,22.99,0.0
1302,37.0,7.84,0.0,0.0,6.17,0.4202,22.99,0.0
1303,38.95,5.12,12.95,0.0,0.0,0.3872,20.88,0.0
1304,40.83,8.52,25.48,0.0,29.82,0.3872,0.0,22.99
1305,42.56,3.21,34.62,18.26,0.0,0.2277,22.99,0.0
1306,44.07,5.69,42.63,0.0,18.75,0.3159,0.0,22.99
1307,45.32,5.25,47.3,0.0,15.76,0.2156,0.0,22.99
1308,46.24,8.68,51.47,36.9,0.0,0.1312,22.99,0.0
1309,46.81,6.82,48.79,31.79,0.0,0.3094,22.99,0.0
1310,47.0,5.52,45.02,26.53,0.0,0.4629,22.99,0.0
1311,46.81,8.76,35.59,20.53,0.0,0.591,22.99,0.0
1312,46.24,11.28,25.34,13.38,0.0,0.6902,22.99,0.0
1313,45.32,9.37,12.33,0.0,0.62,0.7548,22.99,0.0
1314,44.07,8.44,0.0,0.0,50.0,0.7514,0.0,14.36
1315,42.56,5.0,0.0,0.0,14.57,0.4839,22.99,0.0
1316,40.83,6.58,0.0,0.0,11.26,0.406,22.99,0.0
1317,38.95,9.7,0.0,0.0,6.26,0.3457,22.99,0.0
1318,37.0,9.23,0.0,0.0,4.78,0.3122,22.99,0.0
1319,37.0,10.92,0.0,0.0,3.09,0.2867,22.99,0.0
1320,37.03,11.78,0.0,0.0,2.26,0.2702,22.99,0.0
1321,37.03,13.2,0.0,0.0,0.84,0.2581,22.99,0.0
1322,37.03,10.93,0.0,0.0,3.1,0.2536,22.99,0.0
1323,37.03,12.22,0.0,0.0,1.81,0.237,22.99,0.0
1324,37.03,10.19,0.0,0.0,3.85,0.2273,22.99,0.0
1325,37.03,2.81,0.0,0.0,11.23,0.2067,22.99,0.0
1326,37.03,5.32,0.0,0.0,8.71,0.1466,22.99,0.0
1327,38.98,7.06,12.32,0.0,0.0,0.1,19.61,0.0
1328,40.86,2.83,22.94,0.0,0.0,0.1,15.09,0.0
1329,42.58,8.01,36.44,24.86,0.0,0.1,22.99,0.0
1330,44.1,10.51,45.68,0.0,10.91,0.2201,0.0,22.99
1331,45.34,9.18,48.05,34.88,0.0,0.1617,22.99,0.0
1332,46.27,4.43,49.7,30.86,0.0,0.3301,22.99,0.0
1333,46.84,10.06,49.06,35.27,0.0,0.4792,22.99,0.0
1334,47.03,6.04,42.46,3.4,0.0,0.6495,1.93,0.0
1335,46.84,4.98,36.7,17.84,0.0,0.6659,22.99,0.0
1336,46.27,4.76,25.4,6.89,0.0,0.7521,22.99,0.0
1337,45.34,6.54,13.6,0.0,2.21,0.7853,22.99,0.0
1338,44.1,7.1,0.0,0.0,14.0,0.7735,22.99,0.0
1339,42.58,9.75,0.0,0.0,9.84,0.6986,22.99,0.0
1340,40.86,10.5,0.0,0.0,7.37,0.6459,22.99,0.0
1341,38.98,10.66,0.0,0.0,5.33,0.6065,22.99,0.0
1342,37.03,12.57,0.0,0.0,1.46,0.578,22.99,0.0
1343,37.03,15.34,0.0,1.3,0.0,0.5702,22.99,0.0
1344,37.05,14.62,0.0,0.56,0.0,0.5765,22.99,0.0
1345,37.05,6.64,0.0,0.0,7.42,0.5792,22.99,0.0
1346,37.05,2.85,0.0,0.0,11.21,0.5395,22.99,0.0
1347,37.05,13.62,0.0,0.0,0.44,0.4795,22.99,0.0
1348,37.05,5.51,0.0,0.0,8.55,0.4772,22.99,0.0
1349,37.05,8.42,0.0,0.0,5.64,0.4314,22.99,0.0
1350,37.05,4.53,0.0,0.0,9.53,0.4013,22.99,0.0
1351,39.0,1.65,11.06,0.0,3.3,0.3503,22.99,0.0
1352,40.88,8.45,9.44,0.0,0.0,0.3326,22.99,0.0
1353,42.61,8.48,34.69,0.0,22.43,0.3326,0.0,22.99
1354,44.12,3.65,42.43,0.0,21.04,0.2126,0.0,22.99
1355,45.37,0.0,48.25,25.87,0.0,0.1,22.99,0.0
1356,46.29,3.31,52.08,32.09,0.0,0.2249,22.99,0.0
1357,46.86,6.46,50.41,29.83,0.0,0.3799,19.83,0.0
1358,47.05,0.73,45.06,21.73,0.0,0.524,22.99,0.0
1359,46.86,6.62,36.74,19.49,0.0,0.6289,22.99,0.0
1360,46.29,6.65,25.77,9.11,0.0,0.723,22.99,0.0
1361,45.37,9.35,10.29,0.0,2.73,0.767,22.99,0.0
1362,44.12,8.7,0.0,0.0,12.43,0.7524,22.99,0.0
1363,42.61,6.0,0.0,0.0,36.61,0.6859,0.0,0.0
1364,40.88,13.8,0.0,0.0,4.08,0.49,22.99,0.0
1365,39.0,10.09,0.0,0.0,5.92,0.4682,22.99,0.0
1366,37.05,11.03,0.0,0.0,3.03,0.4365,22.99,0.0
1367,37.05,8.42,0.0,0.0,5.64,0.4203,22.99,0.0
1368,37.08,10.07,0.0,0.0,4.02,0.3901,22.99,0.0
1369,37.08,8.53,0.0,0.0,5.55,0.3686,22.99,0.0
1370,37.08,10.51,0.0,0.0,3.57,0.3389,22.99,0.0
1371,37.08,16.09,0.0,2.01,0.0,0.3198,22.99,0.0
1372,37.08,5.45,0.0,0.0,8.64,0.3295,22.99,0.0
1373,37.08,3.89,0.0,0.0,10.2,0.2833,22.99,0.0
1374,37.08,13.03,0.0,0.0,24.05,0.2287,0.0,0.0
1375,39.03,6.75,13.47,0.0,0.0,0.1,18.81,0.0
1376,40.9,4.49,23.23,9.81,0.0,0.1,22.99,0.0
1377,42.63,9.34,37.21,26.92,0.0,0.1474,22.99,0.0
1378,44.15,3.51,42.96,0.0,20.67,0.2773,0.0,22.99
1379,45.39,11.05,49.0,0.0,8.33,0.1667,0.0,22.99
1380,46.32,7.23,49.83,33.73,0.0,0.1222,22.99,0.0
1381,46.89,3.57,50.95,30.62,0.0,0.285,22.99,0.0
1382,47.08,12.44,44.49,32.85,0.0,0.4329,22.99,0.0
1383,46.89,4.02,35.68,15.81,0.0,0.5915,22.99,0.0
1384,46.32,9.05,26.25,0.0,0.0,0.6679,11.02,0.0
1385,45.39,8.4,11.3,0.0,2.7,0.6679,22.99,0.0
1386,44.15,12.48,0.0,0.0,8.68,0.6534,22.99,0.0
1387,42.63,14.16,0.0,0.0,5.48,0.607,22.99,0.0
1388,40.9,9.99,0.0,0.0,7.92,0.5777,22.99,0.0
1389,39.03,8.12,0.0,0.0,50.0,0.5353,0.0,19.09
1390,37.08,12.56,0.0,0.0,1.53,0.2677,22.99,0.0
1391,37.08,9.2,0.0,0.0,4.88,0.2596,22.99,0.0
1392,37.1,17.97,0.0,3.86,0.0,0.2334,22.99,0.0
1393,37.1,11.79,0.0,0.0,2.32,0.2521,22.99,0.0
1394,37.1,9.84,0.0,0.0,4.27,0.2397,22.99,0.0
1395,37.1,11.11,0.0,0.0,3.0,0.2168,22.99,0.0
1396,37.1,5.48,0.0,0.0,8.63,0.2008,22.99,0.0
1397,37.1,5.92,0.0,0.0,8.19,0.1546,22.99,0.0
1398,37.1,12.1,0.0,0.0,2.0,0.1108,22.99,0.0
1399,39.05,5.26,10.79,0.0,0.01,0.1001,22.99,0.0
1400,40.93,3.22,23.39,0.0,0.0,0.1,14.32,0.0
1401,42.66,7.67,34.46,22.47,0.0,0.1,22.99,0.0
1402,44.17,9.26,45.56,33.63,0.0,0.2085,22.99,0.0
1403,45.42,7.42,48.26,33.26,0.0,0.3709,22.99,0.0
1404,46.34,8.21,53.36,0.0,0.0,0.5315,0.0,15.23
1405,46.91,2.65,48.46,27.19,0.0,0.5315,22.99,0.0
1406,47.1,0.82,44.68,21.39,0.0,0.6628,22.99,0.0
1407,46.91,10.79,34.79,19.76,0.0,0.7661,21.08,0.0
1408,46.34,5.56,25.76,7.97,0.0,0.8615,22.99,0.0
1409,45.42,6.57,11.07,0.0,4.78,0.9,22.99,0.0
1410,44.17,12.52,0.0,0.0,8.66,0.8744,22.99,0.0
1411,42.66,10.86,0.0,0.0,8.81,0.8281,22.99,0.0
1412,40.93,11.31,0.0,0.0,6.62,0.781,22.99,0.0
1413,39.05,17.51,0.0,0.0,44.53,0.7456,0.0,22.99
1414,37.1,8.94,0.0,0.0,5.17,0.5073,22.99,0.0
1415,37.1,14.11,0.0,0.0,0.0,0.4796,22.99,0.0
1416,37.12,11.59,0.0,0.0,2.54,0.4796,22.99,0.0
1417,37.12,4.1,0.0,0.0,10.03,0.4661,22.99,0.0
1418,37.12,15.92,0.0,1.79,0.0,0.4124,22.99,0.0
1419,37.12,12.1,0.0,0.0,2.03,0.421,22.99,0.0
1420,37.12,11.53,0.0,0.0,2.6,0.4102,22.99,0.0
1421,37.12,12.48,0.0,0.0,1.65,0.3963,22.99,0.0
1422,37.12,6.99,0.0,0.0,7.14,0.3875,22.99,0.0
1423,39.08,4.62,10.86,0.0,46.59,0.3493,0.0,22.99
1424,40.95,0.0,24.17,0.0,0.0,0.1,16.79,0.0
1425,42.68,0.0,37.88,0.0,0.0,0.1,4.8,0.0
1426,44.2,12.02,43.6,34.42,0.0,0.1,22.99,0.0
1427,45.44,1.48,48.75,27.79,0.0,0.2662,22.99,0.0
1428,46.36,4.22,51.88,9.74,0.0,0.4004,0.0,0.0
1429,46.93,4.15,50.54,0.0,0.0,0.4474,0.0,7.77
1430,47.12,6.37,46.26,28.5,0.0,0.4474,22.99,0.0
1431,46.93,8.53,34.97,19.56,0.0,0.585,22.99,0.0
1432,46.36,9.34,26.87,12.84,0.0,0.6795,22.99,0.0
1433,45.44,5.45,12.65,0.0,4.34,0.7415,22.99,0.0
1434,44.2,7.63,0.0,0.0,13.57,0.7183,22.99,0.0
1435,42.68,9.93,0.0,0.0,9.76,0.6457,22.99,0.0
1436,40.95,8.99,0.0,0.0,11.67,0.5934,20.3,0.0
1437,39.08,15.66,0.0,0.0,0.42,0.531,22.99,0.0
1438,37.12,12.56,0.0,0.0,1.57,0.5288,22.99,0.0
1439,37.12,13.68,0.0,0.0,0.45,0.5204,22.99,0.0
1440,37.15,13.51,0.0,0.0,0.65,0.518,22.99,0.0
1441,37.15,15.05,0.0,0.89,0.0,0.5145,22.99,0.0
1442,37.15,11.51,0.0,0.0,2.64,0.5188,22.99,0.0
1443,37.15,6.22,0.0,0.0,7.93,0.5047,22.99,0.0
1444,37.15,11.04,0.0,0.0,3.12,0.4622,22.99,0.0
1445,37.15,6.86,0.0,0.0,7.3,0.4456,22.99,0.0
1446,37.15,6.42,0.0,0.0,7.74,0.4065,22.99,0.0
1447,39.1,9.19,11.67,4.76,0.0,0.3651,22.99,0.0
1448,40.97,10.51,24.5,0.0,28.96,0.3881,0.0,22.99
1449,42.7,5.91,34.9,0.0,24.89,0.2332,0.0,22.99
1450,44.22,0.0,46.58,2.36,0.0,0.1,0.0,0.0
1451,45.46,10.51,51.44,39.48,0.0,0.1114,22.99,0.0
1452,46.39,5.67,51.34,33.62,0.0,0.302,22.99,0.0
1453,46.95,13.42,50.66,40.12,0.0,0.4644,22.99,0.0
1454,47.15,0.0,44.38,19.64,0.0,0.6581,22.41,0.0
1455,46.95,0.14,34.88,11.06,0.0,0.7529,22.99,0.0
1456,46.39,8.95,24.29,0.0,0.0,0.8064,13.15,0.0
1457,45.46,8.52,10.54,0.0,3.41,0.8064,22.99,0.0
1458,44.22,12.3,0.0,0.0,8.93,0.7881,22.99,0.0
1459,42.7,11.14,0.0,0.0,8.57,0.7404,22.99,0.0
1460,40.97,9.3,0.0,0.0,50.0,0.6945,0.0,18.32
1461,39.1,6.45,0.0,0.0,9.65,0.427,22.99,0.0
1462,37.15,10.25,0.0,0.0,3.9,0.3754,22.99,0.0
1463,37.15,8.5,0.0,0.0,5.65,0.3545,22.99,0.0
1464,37.17,9.44,0.0,0.0,4.74,0.3243,22.99,0.0
1465,37.17,13.11,0.0,0.0,1.07,0.2989,22.99,0.0
1466,37.17,16.28,0.0,2.11,0.0,0.2932,22.99,0.0
1467,37.17,11.64,0.0,0.0,2.53,0.3034,22.99,0.0
1468,37.17,5.83,0.0,0.0,8.35,0.2898,22.99,0.0
1469,37.17,10.35,0.0,0.0,3.82,0.2452,22.99,0.0
1470,37.17,11.95,0.0,0.0,2.23,0.2247,22.99,0.0
1471,39.12,5.27,10.89,0.0,0.0,0.2128,22.96,0.0
1472,41.0,6.03,25.76,0.0,0.0,0.2128,9.21,0.0
1473,42.72,5.84,36.44,0.0,0.0,0.2128,0.45,0.0
1474,44.24,2.74,45.18,26.67,0.0,0.2128,22.99,0.0
1475,45.48,7.05,51.91,0.0,0.0,0.3416,0.0,13.47
1476,46.41,4.45,52.9,33.94,0.0,0.3416,22.99,0.0
1477,46.98,6.31,48.72,31.04,0.0,0.5055,22.99,0.0
1478,47.17,2.41,44.9,23.13,0.0,0.6554,22.99,0.0
1479,46.98,4.38,36.65,17.04,0.0,0.7671,22.99,0.0
1480,46.41,8.8,25.1,10.48,0.0,0.8494,22.99,0.0
1481,45.48,6.04,13.07,0.0,3.38,0.9,22.99,0.0
1482,44.24,13.66,0.0,0.0,50.0,0.8819,0.0,19.43
1483,42.72,7.62,0.0,0.0,12.11,0.6144,22.99,0.0
1484,41.0,10.42,0.0,0.0,7.58,0.5496,22.99,0.0
1485,39.12,13.38,0.0,0.0,2.74,0.509,22.99,0.0
1486,37.17,6.29,0.0,0.0,7.88,0.4944,22.99,0.0
1487,37.17,5.51,0.0,0.0,8.67,0.4522,22.99,0.0
1488,37.19,6.33,0.0,0.0,44.63,0.4058,0.0,13.77
1489,37.19,15.24,0.0,1.04,0.0,0.167,22.99,0.0
1490,37.19,9.05,0.0,0.0,5.15,0.172,22.99,0.0
1491,37.19,18.59,0.0,4.4,0.0,0.1445,22.99,0.0
1492,37.19,7.82,0.0,0.0,6.37,0.1657,22.99,0.0
1493,37.19,9.46,0.0,0.0,4.73,0.1316,22.99,0.0
1494,37.19,13.02,0.0,0.0,1.18,0.1063,22.99,0.0
1495,39.14,13.68,11.74,0.0,0.0,0.1,13.72,0.0
1496,41.02,13.08,26.54,2.31,0.0,0.1,3.71,0.0
1497,42.75,9.65,38.04,27.94,0.0,0.1112,22.99,0.0
1498,44.26,8.54,43.73,31.01,0.0,0.2461,22.99,0.0
1499,45.5,6.82,51.32,0.0,10.35,0.3958,0.0,22.99
1500,46.43,7.31,52.79,36.67,0.0,0.3404,22.99,0.0
1501,47.0,3.12,52.28,31.4,0.0,0.5175,22.99,0.0
1502,47.19,2.58,43.83,22.22,0.0,0.6691,22.99,0.0
1503,47.0,5.73,36.07,17.8,0.0,0.7764,22.99,0.0
1504,46.43,5.86,25.37,7.79,0.0,0.8624,22.99,0.0
1505,45.5,0.61,12.51,0.0,9.39,0.9,22.99,0.0
1506,44.26,10.28,0.0,0.0,10.98,0.8498,22.99,0.0
1507,42.75,11.96,0.0,0.0,7.79,0.791,22.99,0.0
1508,41.02,9.93,0.0,0.0,31.08,0.7493,0.0,0.0
1509,39.14,15.1,0.0,0.0,1.05,0.583,22.99,0.0
1510,37.19,7.14,0.0,0.0,7.06,0.5774,22.99,0.0
1511,37.19,10.53,0.0,0.0,3.67,0.5396,22.99,0.0
1512,37.21,8.9,0.0,0.0,5.32,0.52,22.99,0.0
1513,37.21,5.07,0.0,0.0,9.15,0.4915,22.99,0.0
1514,37.21,10.51,0.0,0.0,26.7,0.4426,0.0,0.0
1515,37.21,9.87,0.0,0.0,4.34,0.2997,22.99,0.0
1516,37.21,14.49,0.0,0.0,0.0,0.2765,22.72,0.0
1517,37.21,10.86,0.0,0.0,3.36,0.2765,22.99,0.0
1518,37.21,4.67,0.0,0.0,9.55,0.2585,22.99,0.0
1519,39.16,13.14,11.58,8.55,0.0,0.2074,22.99,0.0
1520,41.04,10.31,25.92,0.0,27.8,0.2487,0.0,22.99
1521,42.77,7.58,37.71,25.51,0.0,0.1,22.99,0.0
1522,44.28,4.45,43.88,16.16,0.0,0.2232,12.12,0.0
1523,45.52,0.0,52.7,30.17,0.0,0.3012,22.99,0.0
1524,46.45,3.54,52.45,32.54,0.0,0.4469,22.99,0.0
1525,47.02,8.38,49.75,34.1,0.0,0.6041,22.99,0.0
1526,47.21,11.28,12.94,0.0,0.0,0.7687,22.99,0.0
1527,47.02,10.69,35.09,21.76,0.0,0.7687,22.99,0.0
1528,46.45,4.78,24.1,5.43,0.0,0.8738,22.99,0.0
1529,45.52,3.52,13.43,0.0,5.58,0.9,22.99,0.0
1530,44.28,8.44,0.0,0.0,12.85,0.8702,22.99,0.0
1531,42.77,3.1,0.0,0.0,16.67,0.8014,22.99,0.0
1532,41.04,10.64,0.0,0.0,7.4,0.7122,22.99,0.0
1533,39.16,9.79,0.0,0.0,6.38,0.6726,22.99,0.0
1534,37.21,9.27,0.0,0.0,4.94,0.6385,22.99,0.0
1535,37.21,5.95,0.0,0.0,8.27,0.612,22.99,0.0
1536,37.23,12.83,0.0,0.0,1.41,0.5678,22.99,0.0
1537,37.23,9.33,0.0,0.0,4.9,0.5603,22.99,0.0
1538,37.23,6.95,0.0,0.0,30.28,0.534,0.0,0.0
1539,37.23,0.93,0.0,0.0,13.31,0.372,22.99,0.0
1540,37.23,9.46,0.0,0.0,4.78,0.3008,22.99,0.0
1541,37.23,14.5,0.0,0.0,0.0,0.2752,22.73,0.0
1542,37.23,13.31,0.0,0.0,32.75,0.2752,0.0,8.83
1543,39.18,5.62,11.04,0.0,0.0,0.1,22.53,0.0
1544,41.06,4.37,26.41,0.0,0.0,0.1,10.28,0.0
1545,42.79,7.16,37.59,16.28,0.0,0.1,14.32,0.0
1546,44.3,1.9,44.72,2.32,0.0,0.1786,0.0,0.0
1547,45.54,5.78,52.6,12.84,0.0,0.1898,0.0,0.0
1548,46.47,7.17,54.75,0.0,0.0,0.2518,0.0,15.46
1549,47.04,8.78,51.68,36.41,0.0,0.2518,22.99,0.0
1550,47.23,4.81,47.13,27.7,0.0,0.4276,22.99,0.0
1551,47.04,4.99,38.58,0.0,0.0,0.5614,3.47,0.0
1552,46.47,3.47,25.32,5.32,0.0,0.5614,22.99,0.0
1553,45.54,4.42,13.55,0.0,4.58,0.5871,22.99,0.0
1554,44.3,7.2,0.0,0.0,14.11,0.5625,22.99,0.0
1555,42.79,9.96,0.0,0.0,9.83,0.4871,22.99,0.0
1556,41.06,12.5,0.0,0.0,5.56,0.4344,22.99,0.0
1557,39.18,7.62,0.0,0.0,8.57,0.4047,22.99,0.0
1558,37.23,15.56,0.0,1.33,0.0,0.3589,22.99,0.0
1559,37.23,10.18,0.0,0.0,4.06,0.3653,22.99,0.0
1560,37.25,11.05,0.0,0.0,3.21,0.3436,22.99,0.0
1561,37.25,8.59,0.0,0.0,5.67,0.3264,22.99,0.0
1562,37.25,2.84,0.0,0.0,11.41,0.2961,22.99,0.0
1563,37.25,13.03,0.0,0.0,1.23,0.235,22.99,0.0
1564,37.25,11.88,0.0,0.0,2.37,0.2284,22.99,0.0
1565,37.25,7.81,0.0,0.0,6.45,0.2158,22.99,0.0
1566,37.25,8.1,0.0,0.0,6.16,0.1813,22.99,0.0
1567,39.2,8.71,13.62,6.13,0.0,0.1483,22.99,0.0
1568,41.08,1.21,25.85,0.0,0.0,0.1779,14.01,0.0
1569,42.8,3.88,36.51,0.0,0.0,0.1779,2.41,0.0
1570,44.32,7.65,45.1,0.0,14.56,0.1779,0.0,22.99
1571,45.56,0.7,51.0,29.13,0.0,0.1,22.99,0.0
1572,46.49,5.6,54.5,36.61,0.0,0.2406,22.99,0.0
1573,47.06,0.37,50.14,26.45,0.0,0.4174,22.99,0.0
1574,47.25,6.59,46.76,29.09,0.0,0.5451,22.99,0.0
1575,47.06,5.48,37.68,0.0,0.0,0.6856,3.89,0.0
1576,46.49,1.04,25.55,3.1,0.0,0.6856,22.99,0.0
1577,45.56,10.81,11.12,0.0,23.63,0.7006,0.0,0.0
1578,44.32,5.51,0.0,0.0,15.82,0.5741,22.99,0.0
1579,42.8,6.1,0.0,0.0,13.71,0.4895,22.99,0.0
1580,41.08,10.15,0.0,0.0,7.93,0.4161,22.99,0.0
1581,39.2,13.88,0.0,0.0,2.32,0.3737,22.99,0.0
1582,37.25,7.4,0.0,0.0,6.86,0.3612,22.99,0.0
1583,37.25,11.21,0.0,0.0,3.05,0.3246,22.99,0.0
1584,37.27,12.45,0.0,0.0,1.82,0.3082,22.99,0.0
1585,37.27,13.2,0.0,0.0,1.08,0.2985,22.99,0.0
1586,37.27,11.2,0.0,0.0,3.4,0.2927,22.66,0.0
1587,37.27,8.93,0.0,0.0,5.34,0.2745,22.99,0.0
1588,37.27,6.77,0.0,0.0,7.5,0.2459,22.99,0.0
1589,37.27,8.95,0.0,0.0,5.33,0.2058,22.99,0.0
1590,37.27,4.36,0.0,0.0,9.91,0.1773,22.99,0.0
1591,39.22,0.0,11.69,0.0,4.54,0.1243,22.99,0.0
1592,41.09,7.63,25.44,0.0,0.0,0.1,8.03,0.0
1593,42.82,8.47,36.0,24.64,0.0,0.1,22.99,0.0
1594,44.34,0.0,46.84,0.0,20.5,0.219,0.0,22.99
1595,45.58,1.44,51.12,9.33,0.0,0.1093,2.35,0.0
1596,46.51,6.6,53.74,36.83,0.0,0.1544,22.99,0.0
1597,47.08,11.36,53.12,40.4,0.0,0.3322,22.99,0.0
1598,47.27,5.1,46.04,26.87,0.0,0.5273,22.99,0.0
1599,47.08,3.19,36.89,16.0,0.0,0.657,22.99,0.0
1600,46.51,5.62,25.99,8.1,0.0,0.7343,22.99,0.0
1601,45.58,11.44,13.89,2.75,0.0,0.7734,22.99,0.0
1602,44.34,5.74,0.0,0.0,15.6,0.7867,22.99,0.0
1603,42.82,6.08,0.0,0.0,13.75,0.7032,22.99,0.0
1604,41.09,7.89,0.0,0.0,10.21,0.6297,22.99,0.0
1605,39.22,7.03,0.0,0.0,9.19,0.575,22.99,0.0
1606,37.27,11.03,0.0,0.0,3.24,0.5258,22.99,0.0
1607,37.27,16.21,0.0,1.94,0.0,0.5085,22.99,0.0
1608,37.29,12.06,0.0,0.0,2.23,0.5178,22.99,0.0
1609,37.29,10.09,0.0,0.0,4.2,0.5059,22.99,0.0
1610,37.29,9.64,0.0,0.0,4.65,0.4834,22.99,0.0
1611,37.29,5.01,0.0,0.0,9.28,0.4585,22.99,0.0
1612,37.29,12.25,0.0,0.0,2.04,0.4089,22.99,0.0
1613,37.29,8.37,0.0,0.0,28.92,0.398,0.0,0.0
1614,37.29,7.2,0.0,0.0,7.09,0.2432,22.99,0.0
1615,39.24,17.27,13.48,14.51,0.0,0.2053,22.99,0.0
1616,41.11,7.13,25.17,0.0,8.82,0.2753,0.0,0.0
1617,42.84,3.06,38.82,0.0,23.96,0.2282,0.0,22.99
1618,44.36,3.6,45.7,27.94,0.0,0.1,22.99,0.0
1619,45.6,8.37,51.12,28.53,0.0,0.2349,14.63,0.0
1620,46.52,4.91,54.02,35.4,0.0,0.3726,22.99,0.0
1621,47.09,0.0,53.38,29.29,0.0,0.5436,22.99,0.0
1622,47.29,7.95,45.6,29.26,0.0,0.685,22.99,0.0
1623,47.09,3.33,36.03,15.26,0.0,0.8263,22.99,0.0
1624,46.52,12.22,11.31,0.0,0.0,0.9,22.99,0.0
1625,45.6,10.44,11.62,0.0,0.55,0.9,22.99,0.0
1626,44.36,6.33,0.0,0.0,50.0,0.8971,0.0,11.98
1627,42.84,12.76,0.0,0.0,7.09,0.6296,22.99,0.0
1628,41.11,9.62,0.0,0.0,8.5,0.5916,22.99,0.0
1629,39.24,12.83,0.0,0.0,3.42,0.5462,22.99,0.0
1630,37.29,12.15,0.0,0.0,2.14,0.5279,22.99,0.0
1631,37.29,8.17,0.0,0.0,6.12,0.5164,22.99,0.0
1632,37.3,8.88,0.0,0.0,5.43,0.4837,22.99,0.0
1633,37.3,14.19,0.0,0.0,0.12,0.4546,22.99,0.0
1634,37.3,9.45,0.0,0.0,4.86,0.454,22.99,0.0
1635,37.3,8.71,0.0,0.0,47.42,0.428,0.0,18.83
1636,37.3,6.26,0.0,0.0,8.05,0.1742,22.99,0.0
1637,37.3,9.94,0.0,0.0,4.37,0.1311,22.99,0.0
1638,37.3,14.4,0.0,0.0,0.0,0.1078,22.9,0.0
1639,39.25,3.44,11.37,0.0,1.45,0.1078,22.99,0.0
1640,41.13,6.19,27.1,0.0,0.0,0.1,7.84,0.0
1641,42.86,10.01,37.62,27.77,0.0,0.1,22.99,0.0
1642,44.37,4.67,45.41,28.7,0.0,0.2341,22.99,0.0
1643,45.62,6.07,53.57,37.01,0.0,0.3727,22.99,0.0
1644,46.54,1.06,53.76,13.93,0.0,0.5514,5.65,0.0
1645,47.11,5.99,50.97,32.84,0.0,0.6187,22.99,0.0
1646,47.3,4.32,45.65,0.0,0.0,0.7773,0.0,2.67
1647,47.11,8.63,36.31,20.83,0.0,0.7773,22.99,0.0
1648,46.54,9.95,13.59,0.0,0.0,0.8779,22.99,0.0
1649,45.62,15.27,11.94,4.58,0.0,0.8779,22.99,0.0
1650,44.37,9.6,0.0,0.0,11.78,0.9,22.99,0.0
1651,42.86,9.62,0.0,0.0,10.24,0.837,22.99,0.0
1652,41.13,9.98,0.0,0.0,8.16,0.7822,22.99,0.0
1653,39.25,8.87,0.0,0.0,7.38,0.7385,22.99,0.0
1654,37.3,11.63,0.0,0.0,48.67,0.699,0.0,22.99
1655,37.3,9.9,0.0,0.0,4.41,0.4386,22.99,0.0
1656,37.32,11.46,0.0,0.0,2.87,0.415,22.99,0.0
1657,37.32,15.06,0.0,0.74,0.0,0.3997,22.99,0.0
1658,37.32,7.22,0.0,0.0,35.53,0.4032,0.0,5.44
1659,37.32,13.65,0.0,0.0,0.67,0.2131,22.99,0.0
1660,37.32,13.56,0.0,0.0,0.77,0.2095,22.99,0.0
1661,37.32,8.13,0.0,0.0,6.19,0.2054,22.99,0.0
1662,37.32,0.81,0.0,0.0,13.51,0.1723,22.99,0.0
1663,39.27,4.87,14.34,0.0,0.0,0.1,20.06,0.0
1664,41.15,10.26,24.52,0.0,0.0,0.1,6.36,0.0
1665,42.87,5.32,39.31,0.0,0.0,0.1,0.0,1.75
1666,44.39,1.64,45.42,25.67,0.0,0.1,22.99,0.0
1667,45.63,2.92,52.3,32.58,0.0,0.224,22.99,0.0
1668,46.56,7.16,54.14,37.74,0.0,0.3813,22.99,0.0
1669,47.13,6.32,50.68,32.87,0.0,0.5636,22.99,0.0
1670,47.32,4.1,45.17,19.93,0.0,0.7223,17.97,0.0
1671,47.13,4.2,36.8,16.87,0.0,0.8185,22.99,0.0
1672,46.56,4.79,25.7,0.0,39.05,0.9,0.0,22.99
1673,45.63,3.86,12.05,0.0,6.73,0.691,22.99,0.0
1674,44.39,12.9,0.0,0.0,8.49,0.655,22.99,0.0
1675,42.87,7.47,0.0,0.0,12.41,0.6096,22.99,0.0
1676,41.15,13.23,0.0,0.0,4.92,0.5432,22.99,0.0
1677,39.27,14.89,0.0,0.0,1.39,0.5169,22.99,0.0
1678,37.32,13.71,0.0,0.0,0.62,0.5094,22.99,0.0
1679,37.32,9.41,0.0,0.0,4.92,0.5061,22.99,0.0
1680,37.33,12.17,0.0,0.0,2.17,0.4798,22.99,0.0
1681,37.33,10.67,0.0,0.0,39.44,0.4682,0.0,12.77
1682,37.33,7.5,0.0,0.0,6.84,0.2572,22.99,0.0
1683,37.33,10.96,0.0,0.0,3.38,0.2206,22.99,0.0
1684,37.33,5.43,0.0,0.0,8.91,0.2025,22.99,0.0
1685,37.33,12.31,0.0,0.0,2.04,0.1549,22.99,0.0
1686,37.33,6.12,0.0,0.0,8.22,0.144,22.99,0.0
1687,39.29,7.44,11.6,2.75,0.0,0.1,22.99,0.0
1688,41.16,6.93,28.13,0.0,0.0,0.1133,6.11,0.0
1689,42.89,4.5,27.08,11.69,0.0,0.1133,22.99,0.0
1690,44.41,6.72,47.65,0.0,13.03,0.1697,0.0,22.99
1691,45.65,2.97,51.1,31.41,0.0,0.1,22.99,0.0
1692,46.57,7.21,56.23,39.86,0.0,0.2517,22.99,0.0
1693,47.14,0.15,53.38,29.38,0.0,0.4441,22.99,0.0
1694,47.33,5.23,46.71,27.6,0.0,0.586,22.99,0.0
1695,47.14,11.61,36.47,23.93,0.0,0.7193,22.99,0.0
1696,46.57,0.0,27.9,4.32,0.0,0.8349,22.99,0.0
1697,45.65,4.6,11.63,0.0,6.43,0.8557,22.99,0.0
1698,44.41,9.29,0.0,0.0,12.12,0.8213,22.99,0.0
1699,42.89,9.04,0.0,0.0,10.85,0.7565,22.99,0.0
1700,41.16,10.38,0.0,0.0,7.79,0.6984,22.99,0.0
1701,39.29,11.5,0.0,0.0,4.8,0.6567,22.99,0.0
1702,37.33,12.48,0.0,0.0,1.86,0.6311,22.99,0.0
1703,37.33,14.34,0.0,0.0,45.99,0.6211,0.0,22.99
1704,37.35,9.57,0.0,0.0,4.79,0.3751,22.99,0.0
1705,37.35,9.92,0.0,0.0,4.44,0.3494,22.99,0.0
1706,37.35,12.55,0.0,0.0,1.8,0.3257,22.99,0.0
1707,37.35,16.01,0.0,1.65,0.0,0.316,22.99,0.0
1708,37.35,8.76,0.0,0.0,5.59,0.324,22.99,0.0
1709,37.35,5.26,0.0,0.0,9.1,0.2941,22.99,0.0
1710,37.35,11.16,0.0,0.0,3.2,0.2454,22.99,0.0
1711,39.3,6.35,11.18,0.0,0.0,0.2283,21.77,0.0
1712,41.18,0.0,25.52,7.34,0.0,0.2283,22.99,0.0
1713,42.91,8.03,39.46,0.0,0.0,0.2637,0.0,4.59
1714,44.42,3.04,48.07,0.0,16.31,0.2637,0.0,22.99
1715,45.66,4.16,52.3,33.79,0.0,0.1765,22.99,0.0
1716,46.59,5.41,55.57,0.0,0.0,0.3397,0.0,14.4
1717,47.16,5.07,53.28,34.18,0.0,0.3397,22.99,0.0
1718,47.35,7.07,48.17,30.88,0.0,0.5047,22.99,0.0
1719,47.16,3.88,38.13,17.85,0.0,0.6538,22.99,0.0
1720,46.59,7.62,25.15,0.0,0.0,0.74,13.82,0.0
1721,45.66,5.9,13.79,0.0,2.98,0.74,22.99,0.0
1722,44.42,9.96,0.0,0.0,11.46,0.7241,22.99,0.0
1723,42.91,10.4,0.0,0.0,9.51,0.6628,22.99,0.0
1724,41.18,6.17,0.0,0.0,12.02,0.6119,22.99,0.0
1725,39.3,13.37,0.0,0.0,48.92,0.5476,0.0,22.99
1726,37.35,8.64,0.0,0.0,5.71,0.2858,22.99,0.0
1727,37.35,13.31,0.0,0.0,1.04,0.2553,22.99,0.0
1728,37.36,11.94,0.0,0.0,2.43,0.2497,22.99,0.0
1729,37.36,16.59,0.0,2.22,0.0,0.2367,22.99,0.0
1730,37.36,9.6,0.0,0.0,4.77,0.2474,22.99,0.0
1731,37.36,8.68,0.0,0.0,5.69,0.2219,22.99,0.0
1732,37.36,9.08,0.0,0.0,5.29,0.1915,22.99,0.0
1733,37.36,7.38,0.0,0.0,6.99,0.1631,22.99,0.0
1734,37.36,10.11,0.0,0.0,4.26,0.1257,22.99,0.0
1735,39.31,1.46,14.32,0.0,0.55,0.1029,22.99,0.0
1736,41.19,2.5,15.7,0.0,0.0,0.1,22.99,0.0
1737,42.92,1.78,37.03,0.0,0.0,0.1,4.11,0.0
1738,44.44,7.79,47.51,33.39,0.0,0.1,22.52,0.0
1739,45.68,0.0,52.55,29.86,0.0,0.2612,22.99,0.0
1740,46.6,3.95,55.52,35.87,0.0,0.4054,22.99,0.0
1741,47.17,3.85,52.15,31.82,0.0,0.5786,22.99,0.0
1742,47.36,0.0,46.29,21.92,0.0,0.7323,22.99,0.0
1743,47.17,0.0,36.99,12.81,0.0,0.8381,22.99,0.0
1744,46.6,2.9,26.12,0.0,0.0,0.9,17.58,0.0
1745,45.68,7.46,11.45,0.0,3.78,0.9,22.99,0.0
1746,44.44,10.68,0.0,0.0,50.0,0.8798,0.0,16.24
1747,42.92,9.98,0.0,0.0,9.95,0.6123,22.99,0.0
1748,41.19,9.75,0.0,0.0,8.44,0.5591,22.99,0.0
1749,39.31,13.05,0.0,0.0,3.27,0.5139,22.99,0.0
1750,37.36,1.58,0.0,0.0,12.79,0.4964,22.99,0.0
1751,37.36,12.84,0.0,0.0,1.53,0.4279,22.99,0.0
1752,37.38,8.59,0.0,0.0,25.57,0.4197,3.22,0.0
1753,37.38,4.67,0.0,0.0,9.71,0.2829,22.99,0.0
1754,37.38,11.92,0.0,0.0,2.46,0.2309,22.99,0.0
1755,37.38,14.2,0.0,0.0,0.18,0.2178,22.99,0.0
1756,37.38,8.64,0.0,0.0,5.74,0.2168,22.99,0.0
1757,37.38,0.0,0.0,0.0,14.38,0.1861,22.99,0.0
1758,37.38,12.68,0.0,0.0,1.7,0.1091,22.99,0.0
1759,39.33,10.88,11.79,0.0,0.0,0.1,16.66,0.0
1760,41.2,11.16,28.15,0.0,0.0,0.1,1.9,0.0
1761,42.93,7.58,38.93,22.49,0.0,0.1,18.92,0.0
1762,44.45,4.91,48.79,32.24,0.0,0.2086,22.99,0.0
1763,45.69,0.0,52.51,6.82,0.0,0.3643,0.0,0.0
1764,46.62,3.44,55.72,35.53,0.0,0.3973,22.99,0.0
1765,47.19,1.62,55.26,32.69,0.0,0.5689,22.99,0.0
1766,47.38,11.69,48.58,35.89,0.0,0.7267,22.99,0.0
1767,47.19,4.61,39.71,0.0,0.0,0.9,2.87,0.0
1768,46.62,6.25,28.33,0.0,0.0,0.9,12.03,0.0
1769,45.69,8.42,12.85,0.0,1.43,0.9,22.99,0.0
1770,44.45,7.61,0.0,0.0,13.84,0.8923,22.99,0.0
1771,42.93,13.79,0.0,0.0,6.15,0.8183,22.99,0.0
1772,41.2,7.07,0.0,0.0,11.14,0.7854,22.99,0.0
1773,39.33,10.39,0.0,0.0,5.95,0.7258,22.99,0.0
1774,37.38,7.87,0.0,0.0,6.52,0.6939,22.99,0.0
1775,37.38,6.32,0.0,0.0,8.06,0.6591,22.99,0.0
1776,37.39,8.67,0.0,0.0,5.73,0.6159,22.99,0.0
1777,37.39,10.42,0.0,0.0,3.98,0.5853,22.99,0.0
1778,37.39,8.83,0.0,0.0,5.57,0.564,22.99,0.0
1779,37.39,7.46,0.0,0.0,6.93,0.5342,22.99,0.0
1780,37.39,4.48,0.0,0.0,32.91,0.4971,0.0,0.0
1781,37.39,7.98,0.0,0.0,6.41,0.3211,22.99,0.0
1782,37.39,2.55,0.0,0.0,11.85,0.2868,22.99,0.0
1783,39.34,9.04,14.25,6.94,0.0,0.2234,22.99,0.0
1784,41.22,6.07,27.06,0.0,29.32,0.2569,0.0,21.22
1785,42.95,0.41,38.38,0.0,0.0,0.1,4.15,0.0
1786,44.46,3.61,49.18,31.33,0.0,0.1,22.99,0.0
1787,45.71,1.86,55.42,34.57,0.0,0.2513,22.99,0.0
1788,46.63,5.21,57.12,16.5,0.0,0.4182,0.8,0.0
1789,47.2,8.63,53.11,37.53,0.0,0.4979,22.99,0.0
1790,47.39,0.0,49.17,24.77,0.0,0.6791,22.99,0.0
1791,47.2,5.5,39.68,20.98,0.0,0.7987,22.99,0.0
1792,46.63,5.28,26.24,0.0,0.0,0.9,15.11,0.0
1793,45.71,8.75,11.66,0.0,2.3,0.9,22.99,0.0
1794,44.46,8.11,0.0,0.0,13.36,0.8877,22.99,0.0
1795,42.95,5.82,0.0,0.0,37.13,0.8162,0.0,0.0
1796,41.22,8.0,0.0,0.0,10.22,0.6176,22.99,0.0
1797,39.34,7.13,0.0,0.0,9.22,0.5629,22.99,0.0
1798,37.39,13.7,0.0,0.0,0.7,0.5135,22.99,0.0
1799,37.39,10.61,0.0,0.0,3.79,0.5098,22.99,0.0
1800,37.4,16.75,0.0,2.34,0.0,0.4895,22.99,0.0
1801,37.4,10.29,0.0,0.0,27.11,0.5008,0.0,0.0
1802,37.4,7.87,0.0,0.0,6.54,0.3558,22.99,0.0
1803,37.4,4.75,0.0,0.0,9.66,0.3208,22.99,0.0
1804,37.4,3.15,0.0,0.0,11.26,0.2691,22.99,0.0
1805,37.4,0.25,0.0,0.0,14.16,0.2089,22.99,0.0
1806,37.4,8.23,0.0,0.0,6.18,0.1331,22.99,0.0
1807,39.35,8.17,12.08,0.0,0.0,0.1,19.1,0.0
1808,41.23,0.63,27.82,0.0,0.0,0.1,12.78,0.0
1809,42.96,7.97,37.42,25.42,0.0,0.1,22.99,0.0
1810,44.47,3.0,49.73,31.25,0.0,0.2228,22.99,0.0
1811,45.72,4.71,54.91,36.9,0.0,0.3737,22.99,0.0
1812,46.64,9.34,56.63,0.0,3.66,0.5518,0.0,22.99
1813,47.21,7.14,55.42,38.34,0.0,0.5323,22.99,0.0
1814,47.4,3.69,49.08,28.37,0.0,0.7174,22.99,0.0
1815,47.21,2.19,37.91,0.0,30.1,0.8544,0.0,22.99
1816,46.64,0.0,27.87,4.23,0.0,0.6933,22.99,0.0
1817,45.72,4.2,13.07,0.0,5.45,0.7137,22.99,0.0
1818,44.47,6.68,0.0,0.0,14.8,0.6846,22.99,0.0
1819,42.96,5.01,0.0,0.0,14.96,0.6054,22.99,0.0
1820,41.23,8.56,0.0,0.0,9.68,0.5253,22.99,0.0
1821,39.35,9.9,0.0,0.0,6.46,0.4735,22.99,0.0
1822,37.4,9.44,0.0,0.0,4.97,0.439,22.99,0.0
1823,37.4,8.38,0.0,0.0,6.02,0.4124,22.99,0.0
1824,37.41,11.09,0.0,0.0,3.33,0.3801,22.99,0.0
1825,37.41,11.86,0.0,0.0,2.56,0.3623,22.99,0.0
1826,37.41,0.71,0.0,0.0,13.71,0.3486,22.99,0.0
1827,37.41,14.16,0.0,0.0,0.26,0.2753,22.99,0.0
1828,37.41,8.61,0.0,0.0,5.81,0.2739,22.99,0.0
1829,37.41,8.21,0.0,0.0,6.21,0.2428,22.99,0.0
1830,37.41,9.6,0.0,0.0,4.82,0.2095,22.99,0.0
1831,39.37,7.23,14.42,5.27,0.0,0.1837,22.99,0.0
1832,41.24,8.77,25.3,0.0,0.0,0.2092,7.16,0.0
1833,42.97,5.95,39.6,0.0,20.41,0.2092,0.0,22.99
1834,44.49,2.53,48.14,29.18,0.0,0.1,22.99,0.0
1835,45.73,5.35,52.51,25.4,0.0,0.2409,13.26,0.0
1836,46.65,0.37,55.75,32.46,0.0,0.3635,22.99,0.0
1837,47.22,4.54,52.79,33.1,0.0,0.5203,22.99,0.0
1838,47.41,4.4,47.6,27.58,0.0,0.6801,22.99,0.0
1839,47.22,4.35,37.84,17.96,0.0,0.8133,22.99,0.0
1840,46.65,5.28,27.25,0.0,0.0,0.9,14.12,0.0
1841,45.73,0.38,0.0,0.0,22.35,0.9,22.99,0.0
1842,44.49,5.53,0.0,0.0,15.96,0.7804,22.99,0.0
1843,42.97,8.45,0.0,0.0,11.53,0.695,22.99,0.0
1844,41.24,9.44,0.0,0.0,8.8,0.6333,22.99,0.0
1845,39.37,6.27,0.0,0.0,10.1,0.5862,22.99,0.0
1846,37.41,14.2,0.0,0.0,4.88,0.5322,18.33,0.0
1847,37.41,7.63,0.0,0.0,50.0,0.5061,0.0,20.22
1848,37.43,13.63,0.0,0.0,0.81,0.2386,22.99,0.0
1849,37.43,11.76,0.0,0.0,2.67,0.2343,22.99,0.0
1850,37.43,7.97,0.0,0.0,6.47,0.22,22.99,0.0
1851,37.43,15.28,0.0,0.85,0.0,0.1854,22.99,0.0
1852,37.43,5.01,0.0,0.0,9.42,0.1895,22.99,0.0
1853,37.43,11.07,0.0,0.0,3.37,0.1391,22.99,0.0
1854,37.43,10.49,0.0,0.0,3.94,0.1211,22.99,0.0
1855,39.38,4.25,14.89,0.0,0.0,0.1,20.23,0.0
1856,41.25,0.0,26.22,0.0,0.0,0.1,15.03,0.0
1857,42.98,4.16,15.83,0.0,0.0,0.1,22.99,0.0
1858,44.5,5.39,49.83,33.71,0.0,0.1,22.99,0.0
1859,45.74,4.97,53.27,0.0,0.0,0.2628,0.0,12.5
1860,46.66,3.59,57.02,36.93,0.0,0.2628,22.99,0.0
1861,47.23,6.75,54.14,36.65,0.0,0.4411,22.99,0.0
1862,47.43,7.02,48.21,30.8,0.0,0.6181,22.99,0.0
1863,47.23,0.0,37.8,13.56,0.0,0.7668,22.99,0.0
1864,46.66,9.86,27.01,13.2,0.0,0.8323,22.99,0.0
1865,45.74,1.04,11.87,0.0,9.84,0.896,22.99,0.0
1866,44.5,10.59,0.0,0.0,10.91,0.8434,22.99,0.0
1867,42.98,11.74,0.0,0.0,8.25,0.785,22.99,0.0
1868,41.25,5.34,0.0,0.0,12.91,0.7409,22.99,0.0
1869,39.38,8.21,0.0,0.0,8.17,0.6718,22.99,0.0
1870,37.43,5.09,0.0,0.0,9.35,0.6281,22.99,0.0
1871,37.43,9.68,0.0,0.0,4.75,0.5781,22.99,0.0
1872,37.44,9.44,0.0,0.0,5.0,0.5527,22.99,0.0
1873,37.44,10.43,0.0,0.0,50.0,0.5259,0.0,22.99
1874,37.44,14.24,0.0,0.0,0.2,0.2584,22.99,0.0
1875,37.44,14.0,0.0,0.0,0.44,0.2573,22.99,0.0
1876,37.44,7.0,0.0,0.0,7.44,0.255,22.99,0.0
1877,37.44,7.36,0.0,0.0,7.08,0.2152,22.99,0.0
1878,37.44,0.0,0.0,0.0,14.44,0.1773,22.99,0.0
1879,39.39,3.76,13.84,0.0,0.0,0.1,21.79,0.0
1880,41.26,8.7,9.56,0.0,0.0,0.1,22.99,0.0
1881,42.99,10.14,36.86,27.0,0.0,0.1,22.99,0.0
1882,44.51,0.41,47.58,0.0,19.52,0.2304,0.0,22.99
1883,45.75,2.16,55.4,34.8,0.0,0.1259,22.99,0.0
1884,46.67,3.88,57.72,37.92,0.0,0.294,22.99,0.0
1885,47.24,4.98,55.85,36.58,0.0,0.4771,22.99,0.0
1886,47.44,1.78,22.66,0.0,0.0,0.6538,22.99,0.0
1887,47.24,6.29,39.34,21.37,0.0,0.6538,22.99,0.0
1888,46.67,4.05,26.67,7.04,0.0,0.757,22.99,0.0
1889,45.75,0.0,14.07,0.0,8.69,0.791,22.99,0.0
1890,44.51,8.97,0.0,0.0,12.54,0.7445,22.99,0.0
1891,42.99,8.06,0.0,0.0,11.94,0.6774,22.99,0.0
1892,41.26,7.41,0.0,0.0,10.86,0.6135,22.99,0.0
1893,39.39,9.13,0.0,0.0,7.26,0.5554,22.99,0.0
1894,37.44,9.72,0.0,0.0,4.73,0.5166,22.99,0.0
1895,37.44,9.13,0.0,0.0,5.31,0.4913,22.99,0.0
1896,37.44,9.54,0.0,0.0,4.91,0.4628,22.99,0.0
1897,37.44,15.44,0.0,0.99,0.0,0.4366,22.99,0.0
1898,37.44,11.76,0.0,0.0,2.69,0.4414,22.99,0.0
1899,37.44,8.48,0.0,0.0,5.97,0.427,22.99,0.0
1900,37.44,11.02,0.0,0.0,3.43,0.395,22.99,0.0
1901,37.44,6.9,0.0,0.0,7.55,0.3767,22.99,0.0
1902,37.44,10.94,0.0,0.0,3.51,0.3363,22.99,0.0
1903,39.4,7.5,14.23,0.0,40.65,0.3175,0.0,22.99
1904,41.27,5.18,13.1,0.0,0.0,0.1,22.99,0.0
1905,43.0,6.31,39.53,25.83,0.0,0.1,22.99,0.0
1906,44.52,0.0,49.64,28.12,0.0,0.2247,22.99,0.0
1907,45.76,0.38,53.28,0.0,15.09,0.3605,0.0,22.99
1908,46.68,0.05,55.14,31.5,0.0,0.2798,22.99,0.0
1909,47.25,4.48,56.06,36.29,0.0,0.4318,22.99,0.0
1910,47.44,9.95,47.26,32.76,0.0,0.6071,22.99,0.0
1911,47.25,12.08,39.36,17.86,0.0,0.7652,13.68,0.0
1912,46.68,7.59,26.14,10.04,0.0,0.8515,22.99,0.0
1913,45.76,7.93,14.13,0.0,0.71,0.9,22.99,0.0
1914,44.52,1.32,0.0,0.0,20.2,0.8962,22.99,0.0
1915,43.0,6.23,0.0,0.0,13.78,0.7881,22.99,0.0
1916,41.27,6.22,0.0,0.0,12.06,0.7144,22.99,0.0
1917,39.4,7.43,0.0,0.0,8.98,0.6499,22.99,0.0
1918,37.44,9.4,0.0,0.0,5.05,0.6018,22.99,0.0
1919,37.44,8.74,0.0,0.0,17.95,0.5748,10.75,0.0
1920,37.45,3.92,0.0,0.0,10.54,0.4788,22.99,0.0
1921,37.45,12.64,0.0,0.0,1.82,0.4224,22.99,0.0
1922,37.45,6.42,0.0,0.0,8.04,0.4127,22.99,0.0
1923,37.45,10.15,0.0,0.0,4.31,0.3697,22.99,0.0
1924,37.45,15.42,0.0,0.96,0.0,0.3466,22.99,0.0
1925,37.45,4.96,0.0,0.0,32.5,0.3512,0.0,0.0
1926,37.45,0.0,0.0,0.0,14.46,0.1774,22.99,0.0
1927,39.4,5.33,15.25,4.17,0.0,0.1,22.99,0.0
1928,41.28,9.04,27.9,13.16,0.0,0.1202,17.5,0.0
1929,43.01,11.14,39.22,0.0,15.65,0.1837,0.0,22.99
1930,44.52,0.31,44.21,0.0,0.0,0.1,0.0,0.0
1931,45.77,5.57,53.33,36.13,0.0,0.1,22.99,0.0
1932,46.69,2.35,56.55,35.21,0.0,0.2745,22.99,0.0
1933,47.26,3.62,54.7,34.06,0.0,0.4445,22.99,0.0
1934,47.45,12.84,47.67,36.05,0.0,0.6089,22.99,0.0
1935,47.26,0.0,38.38,0.0,0.0,0.783,8.88,0.0
1936,46.69,6.3,26.42,0.0,0.0,0.783,13.98,0.0
1937,45.77,7.77,13.77,0.0,17.61,0.783,6.62,0.0
1938,44.52,10.6,0.0,0.0,10.93,0.6888,22.99,0.0
1939,43.01,8.25,0.0,0.0,11.77,0.6303,22.99,0.0
1940,41.28,9.71,0.0,0.0,8.58,0.5674,22.99,0.0
1941,39.4,8.11,0.0,0.0,8.3,0.5215,22.99,0.0
1942,37.45,10.76,0.0,0.0,3.7,0.4771,22.99,0.0
1943,37.45,9.11,0.0,0.0,5.35,0.4573,22.99,0.0
1944,37.46,12.28,0.0,0.0,2.18,0.4286,22.99,0.0
1945,37.46,8.97,0.0,0.0,5.5,0.4169,22.99,0.0
1946,37.46,11.06,0.0,0.0,3.41,0.3875,22.99,0.0
1947,37.46,9.23,0.0,0.0,5.24,0.3693,22.99,0.0
1948,37.46,12.3,0.0,0.0,25.16,0.3412,0.0,0.0
1949,37.46,7.71,0.0,0.0,6.76,0.2066,22.99,0.0
1950,37.46,1.3,0.0,0.0,13.17,0.1704,22.99,0.0
1951,39.41,10.28,14.99,8.85,0.0,0.1,22.99,0.0
1952,41.29,2.49,27.81,0.0,7.65,0.1428,3.34,0.0
1953,43.02,2.64,41.14,23.76,0.0,0.1018,22.99,0.0
1954,44.53,2.31,48.68,0.0,16.53,0.2165,0.0,22.99
1955,45.78,8.36,55.16,0.0,5.25,0.1281,0.0,22.99
1956,46.7,0.0,57.03,33.32,0.0,0.1,22.99,0.0
1957,47.27,14.06,55.03,44.81,0.0,0.2609,22.99,0.0
1958,47.46,7.65,50.18,33.36,0.0,0.4773,22.99,0.0
1959,47.27,5.47,41.58,22.78,0.0,0.6384,22.99,0.0
1960,46.7,5.24,28.1,9.63,0.0,0.7484,22.99,0.0
1961,45.78,7.12,14.24,0.0,1.42,0.7949,22.99,0.0
1962,44.53,8.72,0.0,0.0,12.82,0.7873,22.99,0.0
1963,43.02,9.96,0.0,0.0,10.06,0.7187,22.99,0.0
1964,41.29,10.45,0.0,0.0,7.84,0.6649,22.99,0.0
1965,39.41,9.61,0.0,0.0,6.8,0.6229,22.99,0.0
1966,37.46,9.2,0.0,0.0,5.27,0.5865,22.99,0.0
1967,37.46,9.67,0.0,0.0,4.8,0.5583,22.99,0.0
1968,37.47,9.59,0.0,0.0,4.89,0.5327,22.99,0.0
1969,37.47,13.77,0.0,0.0,18.41,0.5065,5.29,0.0
1970,37.47,11.7,0.0,0.0,2.77,0.408,22.99,0.0
1971,37.47,0.0,0.0,0.0,14.47,0.3932,22.99,0.0
1972,37.47,10.72,0.0,0.0,26.75,0.3158,0.0,0.0
1973,37.47,8.45,0.0,0.0,6.03,0.1726,22.99,0.0
1974,37.47,6.92,0.0,0.0,7.55,0.1404,22.99,0.0
1975,39.42,4.89,11.54,0.0,0.0,0.1,22.99,0.0
1976,41.3,9.0,28.94,0.0,0.0,0.1,3.36,0.0
1977,43.02,7.76,41.68,29.41,0.0,0.1,22.99,0.0
1978,44.54,1.68,51.25,0.0,14.6,0.242,0.0,22.99
1979,45.78,5.17,56.77,39.16,0.0,0.1639,22.99,0.0
1980,46.71,0.6,58.04,34.93,0.0,0.353,22.99,0.0
1981,47.28,0.0,54.7,30.42,0.0,0.5216,22.99,0.0
1982,47.47,0.0,51.0,3.54,0.0,0.6685,0.0,0.0
1983,47.28,7.48,41.93,25.14,0.0,0.6856,22.99,0.0
1984,46.71,8.45,26.46,11.19,0.0,0.807,22.99,0.0
1985,45.78,7.8,8.14,0.0,6.84,0.861,22.99,0.0
1986,44.54,0.0,0.0,0.0,21.55,0.8244,22.99,0.0
1987,43.02,9.49,0.0,0.0,10.54,0.7091,22.99,0.0
1988,41.3,6.52,0.0,0.0,11.78,0.6527,22.99,0.0
1989,39.42,10.67,0.0,0.0,5.76,0.5897,22.99,0.0
1990,37.47,12.37,0.0,0.0,2.1,0.5589,22.99,0.0
1991,37.47,12.55,0.0,0.0,1.93,0.5477,22.99,0.0
1992,37.47,14.01,0.0,0.0,0.47,0.5374,22.99,0.0
1993,37.47,12.34,0.0,0.0,2.14,0.5348,22.99,0.0
1994,37.47,10.87,0.0,0.0,3.62,0.5234,22.99,0.0
1995,37.47,12.68,0.0,0.0,1.8,0.504,22.99,0.0
1996,37.47,8.46,0.0,0.0,6.02,0.4944,22.99,0.0
1997,37.47,4.91,0.0,0.0,9.57,0.4622,22.99,0.0
1998,37.47,0.0,0.0,0.0,14.48,0.411,22.99,0.0
1999,39.43,3.68,15.1,0.0,43.64,0.3335,0.0,22.99
2000,41.3,3.13,28.31,0.0,0.0,0.1,9.86,0.0
2001,43.03,4.17,40.8,24.94,0.0,0.1,22.99,0.0
2002,44.55,1.56,51.61,31.62,0.0,0.2204,22.99,0.0
2003,45.79,2.81,54.45,0.0,11.52,0.3731,0.0,22.99
2004,46.71,0.0,57.25,0.0,12.45,0.3114,0.0,22.99
2005,47.28,4.49,54.84,35.05,0.0,0.2448,22.99,0.0
2006,47.47,4.13,49.29,28.94,0.0,0.414,22.99,0.0
2007,47.28,2.0,40.98,18.69,0.0,0.5538,22.99,0.0
2008,46.71,7.44,28.01,11.73,0.0,0.644,22.99,0.0
2009,45.79,9.12,14.99,0.0,0.0,0.7007,21.68,0.0
2010,44.55,1.73,0.0,0.0,19.82,0.7007,22.99,0.0
2011,43.03,5.3,0.0,0.0,14.74,0.5946,22.99,0.0
2012,41.3,6.06,0.0,0.0,12.25,0.5157,22.99,0.0
2013,39.43,6.17,0.0,0.0,10.26,0.4502,22.99,0.0
2014,37.47,12.41,0.0,0.0,2.07,0.3953,22.99,0.0
2015,37.47,9.42,0.0,0.0,5.06,0.3842,22.99,0.0
2016,37.48,9.25,0.0,0.0,5.24,0.3572,22.99,0.0
2017,37.48,3.51,0.0,0.0,10.97,0.3292,22.99,0.0
2018,37.48,11.73,0.0,0.0,2.76,0.2705,22.99,0.0
2019,37.48,5.15,0.0,0.0,9.34,0.2557,22.99,0.0
2020,37.48,8.68,0.0,0.0,5.8,0.2058,22.99,0.0
2021,37.48,4.84,0.0,0.0,9.65,0.1747,22.99,0.0
2022,37.48,11.27,0.0,0.0,3.21,0.1231,22.99,0.0
2023,39.43,1.8,13.54,0.0,1.1,0.1059,22.99,0.0
2024,41.31,0.0,26.91,0.0,0.0,0.1,14.4,0.0
2025,43.04,5.18,39.71,24.84,0.0,0.1,22.99,0.0
2026,44.55,9.89,51.01,0.0,6.64,0.22,0.0,22.99
2027,45.8,7.76,38.04,0.0,0.0,0.1844,0.0,0.0
2028,46.72,4.32,59.13,39.72,0.0,0.1844,22.99,0.0
2029,47.29,2.16,55.88,33.74,0.0,0.3763,22.99,0.0
2030,47.48,6.68,49.87,32.07,0.0,0.5392,22.99,0.0
2031,47.29,1.44,22.86,0.0,0.0,0.694,22.99,0.0
2032,46.72,6.8,27.67,10.74,0.0,0.694,22.99,0.0
2033,45.8,7.63,15.17,0.0,0.0,0.7459,22.99,0.0
2034,44.55,10.3,0.0,0.0,11.26,0.7459,22.99,0.0
2035,43.04,16.64,0.0,0.0,3.41,0.6856,22.99,0.0
2036,41.31,9.76,0.0,0.0,8.55,0.6674,22.99,0.0
2037,39.43,7.51,0.0,0.0,8.92,0.6216,22.99,0.0
2038,37.48,9.59,0.0,0.0,4.9,0.5739,22.99,0.0
2039,37.48,4.27,0.0,0.0,10.21,0.5477,22.99,0.0
2040,37.49,7.8,0.0,0.0,6.69,0.4931,22.99,0.0
2041,37.49,8.62,0.0,0.0,5.87,0.4573,22.99,0.0
2042,37.49,7.92,0.0,0.0,6.57,0.4258,22.99,0.0
2043,37.49,9.6,0.0,0.0,4.89,0.3907,22.99,0.0
2044,37.49,5.77,0.0,0.0,8.72,0.3645,22.99,0.0
2045,37.49,11.28,0.0,0.0,3.21,0.3179,22.99,0.0
2046,37.49,6.82,0.0,0.0,8.92,0.3007,21.75,0.0
2047,39.44,5.95,14.21,3.71,0.0,0.253,22.99,0.0
2048,41.31,4.14,28.23,0.0,31.94,0.2709,0.0,22.99
2049,43.04,5.03,40.92,25.9,0.0,0.1,22.99,0.0
2050,44.56,6.68,49.15,0.0,11.71,0.2251,0.0,22.99
2051,45.8,0.89,55.54,33.62,0.0,0.1624,22.99,0.0
2052,46.72,1.45,56.82,34.54,0.0,0.3247,22.99,0.0
2053,47.29,2.71,57.38,35.79,0.0,0.4915,22.99,0.0
2054,47.49,0.0,51.61,27.11,0.0,0.6643,22.99,0.0
2055,47.29,1.88,41.86,19.44,0.0,0.7953,22.99,0.0
2056,46.72,3.66,27.71,2.25,0.0,0.8891,17.61,0.0
2057,45.8,8.81,14.0,0.0,0.0,0.9,22.99,0.0
2058,44.56,7.67,0.0,0.0,13.9,0.9,22.99,0.0
2059,43.04,0.0,0.0,0.0,20.05,0.8256,22.99,0.0
2060,41.31,11.19,0.0,0.0,7.13,0.7184,22.99,0.0
2061,39.44,8.66,0.0,0.0,7.78,0.6802,22.99,0.0
2062,37.49,10.88,0.0,0.0,3.61,0.6386,22.99,0.0
2063,37.49,9.61,0.0,0.0,4.88,0.6193,22.99,0.0
2064,37.49,0.0,0.0,0.0,14.5,0.5931,22.99,0.0
2065,37.49,8.0,0.0,0.0,6.5,0.5156,22.99,0.0
2066,37.49,1.67,0.0,0.0,12.82,0.4808,22.99,0.0
2067,37.49,0.0,0.0,0.0,14.5,0.4122,22.99,0.0
2068,37.49,12.98,0.0,0.0,1.52,0.3346,22.99,0.0
2069,37.49,10.59,0.0,0.0,3.9,0.3265,22.99,0.0
2070,37.49,9.88,0.0,0.0,26.67,0.3057,0.93,0.0
2071,39.44,9.92,14.41,7.88,0.0,0.163,22.99,0.0
2072,41.32,5.43,27.26,0.0,0.0,0.201,8.63,0.0
2073,43.05,5.11,42.05,0.0,18.88,0.201,0.0,22.99
2074,44.56,1.96,49.7,0.0,0.0,0.1,0.0,7.1
2075,45.8,2.61,58.02,37.82,0.0,0.1,22.99,0.0
2076,46.73,5.52,57.48,39.26,0.0,0.2826,22.99,0.0
2077,47.3,7.53,55.97,39.19,0.0,0.4722,22.99,0.0
2078,47.49,3.51,48.87,27.88,0.0,0.6615,22.99,0.0
2079,47.3,3.02,42.68,0.0,0.0,0.7961,1.6,0.0
2080,46.73,5.15,29.77,11.18,0.0,0.7961,22.99,0.0
2081,45.8,7.87,14.94,0.0,0.0,0.8501,22.99,0.0
2082,44.56,2.09,0.0,0.0,19.48,0.8501,22.99,0.0
2083,43.05,0.17,0.0,0.0,19.88,0.7459,22.99,0.0
2084,41.32,6.6,0.0,0.0,11.72,0.6395,22.99,0.0
2085,39.44,5.1,0.0,0.0,11.35,0.5768,22.99,0.0
2086,37.49,7.92,0.0,0.0,6.58,0.5161,22.99,0.0
2087,37.49,9.41,0.0,0.0,5.09,0.4809,22.99,0.0
2088,37.49,8.47,0.0,0.0,6.03,0.4537,22.99,0.0
2089,37.49,14.53,0.0,0.0,4.42,0.4214,18.55,0.0
2090,37.49,10.56,0.0,0.0,3.94,0.3978,22.99,0.0
2091,37.49,9.96,0.0,0.0,4.53,0.3767,22.99,0.0
2092,37.49,10.34,0.0,0.0,4.16,0.3525,22.99,0.0
2093,37.49,3.86,0.0,0.0,10.64,0.3302,22.99,0.0
2094,37.49,10.07,0.0,0.0,27.43,0.2733,0.0,0.0
2095,39.44,5.62,13.78,0.0,0.0,0.1265,20.04,0.0
2096,41.32,7.26,27.35,0.0,0.0,0.1265,6.72,0.0
2097,43.05,0.95,19.1,0.0,0.0,0.1265,22.99,0.0
2098,44.56,0.0,50.2,28.63,0.0,0.1265,22.99,0.0
2099,45.81,6.23,55.53,38.94,0.0,0.2647,22.99,0.0
2100,46.73,4.69,58.41,39.36,0.0,0.4528,22.99,0.0
2101,47.3,0.66,58.67,0.0,0.0,0.6429,0.0,12.03
2102,47.49,1.09,50.59,27.18,0.0,0.6429,22.99,0.0
2103,47.3,8.06,42.32,26.07,0.0,0.7741,22.99,0.0
2104,46.73,1.24,27.43,0.0,18.06,0.9,0.0,0.0
2105,45.81,11.18,14.21,2.57,0.0,0.8034,22.99,0.0
2106,44.56,3.79,0.0,0.0,17.78,0.8158,22.99,0.0
2107,43.05,9.61,0.0,0.0,10.45,0.7207,22.99,0.0
2108,41.32,7.26,0.0,0.0,11.07,0.6648,22.99,0.0
2109,39.44,10.94,0.0,0.0,5.51,0.6056,22.99,0.0
2110,37.49,7.75,0.0,0.0,6.75,0.5761,22.99,0.0
2111,37.49,9.3,0.0,0.0,28.19,0.54,0.0,0.0
2112,37.5,10.02,0.0,0.0,4.48,0.3891,22.99,0.0
2113,37.5,6.53,0.0,0.0,7.97,0.3651,22.99,0.0
2114,37.5,11.85,0.0,0.0,2.65,0.3225,22.99,0.0
2115,37.5,7.28,0.0,0.0,7.22,0.3083,22.99,0.0
2116,37.5,7.53,0.0,0.0,6.97,0.2697,22.99,0.0
2117,37.5,4.27,0.0,0.0,10.23,0.2323,22.99,0.0
2118,37.5,0.0,0.0,0.0,14.5,0.1776,22.99,0.0
2119,39.45,5.2,12.28,0.0,0.0,0.1,21.97,0.0
2120,41.32,12.84,28.67,23.18,0.0,0.1,22.99,0.0
2121,43.05,0.0,41.33,12.84,0.0,0.2119,14.56,0.0
2122,44.57,3.79,50.17,32.38,0.0,0.2739,22.99,0.0
2123,45.81,2.68,58.2,0.0,7.93,0.4303,0.0,22.99
2124,46.73,3.49,59.66,39.41,0.0,0.3879,22.99,0.0
2125,47.3,5.3,57.76,38.75,0.0,0.5781,22.99,0.0
2126,47.5,0.03,49.17,1.7,0.0,0.7653,0.0,0.0
2127,47.3,7.97,42.55,26.2,0.0,0.7735,22.99,0.0
2128,46.73,7.35,16.39,0.0,0.0,0.9,22.99,0.0
2129,45.81,8.14,14.09,0.0,0.59,0.9,22.99,0.0
2130,44.57,8.07,0.0,0.0,13.5,0.8968,22.99,0.0
2131,43.05,7.55,0.0,0.0,12.51,0.8246,22.99,0.0
2132,41.32,10.44,0.0,0.0,7.88,0.7577,22.99,0.0
2133,39.45,10.85,0.0,0.0,35.41,0.7155,0.0,6.82
2134,37.5,8.31,0.0,0.0,6.2,0.526,22.99,0.0
2135,37.5,7.92,0.0,0.0,6.58,0.4929,22.99,0.0
2136,37.5,10.16,0.0,0.0,4.35,0.4576,22.99,0.0
2137,37.5,14.73,0.0,0.0,0.0,0.4344,22.77,0.0
2138,37.5,5.39,0.0,0.0,9.12,0.4344,22.99,0.0
2139,37.5,4.13,0.0,0.0,10.37,0.3856,22.99,0.0
2140,37.5,8.74,0.0,0.0,5.76,0.3301,22.99,0.0
2141,37.5,7.6,0.0,0.0,29.9,0.2993,0.0,0.0
2142,37.5,7.16,0.0,0.0,7.35,0.1393,22.99,0.0
2143,39.45,6.55,12.53,0.38,0.0,0.1,20.75,0.0
2144,41.32,4.26,14.08,0.0,0.0,0.1018,22.99,0.0
2145,43.05,9.13,39.83,28.89,0.0,0.1018,22.99,0.0
2146,44.57,0.0,52.89,31.32,0.0,0.2414,22.99,0.0
2147,45.81,0.79,58.75,0.0,9.27,0.3926,0.0,22.99
2148,46.74,3.03,58.03,37.31,0.0,0.343,22.99,0.0
2149,47.31,0.0,57.51,0.0,0.0,0.5232,0.0,10.2
2150,47.5,3.22,51.33,30.05,0.0,0.5232,22.99,0.0
2151,47.31,9.68,42.5,27.87,0.0,0.6683,22.99,0.0
2152,46.74,5.04,28.83,10.13,0.0,0.8028,22.99,0.0
2153,45.81,6.5,14.24,0.0,2.08,0.8518,22.99,0.0
2154,44.57,2.52,0.0,0.0,19.06,0.8407,22.99,0.0
2155,43.05,5.44,0.0,0.0,14.62,0.7387,22.99,0.0
2156,41.32,7.0,0.0,0.0,11.33,0.6605,22.99,0.0
2157,39.45,7.85,0.0,0.0,8.6,0.5998,22.99,0.0
2158,37.5,13.54,0.0,0.0,0.96,0.5538,22.99,0.0
2159,37.5,11.52,0.0,0.0,2.98,0.5487,22.99,0.0
2160,37.5,6.18,0.0,0.0,31.32,0.5327,0.0,0.0
2161,37.5,10.46,0.0,0.0,4.04,0.3651,22.99,0.0
2162,37.5,10.95,0.0,0.0,3.55,0.3435,22.99,0.0
2163,37.5,12.51,0.0,0.0,1.99,0.3245,22.99,0.0
2164,37.5,13.27,0.0,0.0,1.24,0.3138,22.99,0.0
2165,37.5,4.09,0.0,0.0,10.41,0.3072,22.99,0.0
2166,37.5,3.92,0.0,0.0,10.59,0.2515,22.99,0.0
2167,39.45,1.63,15.33,0.0,0.0,0.1948,22.49,0.0
2168,41.33,4.16,30.67,0.0,0.0,0.1948,6.49,0.0
2169,43.06,5.76,42.57,0.0,17.72,0.1948,0.0,22.99
2170,44.57,6.93,50.35,35.7,0.0,0.1,22.99,0.0
2171,45.81,3.17,58.32,0.0,0.0,0.2724,0.0,15.68
2172,46.74,2.27,58.29,36.82,0.0,0.2724,22.99,0.0
2173,47.31,3.91,57.28,35.15,0.0,0.4502,21.27,0.0
2174,47.5,1.04,50.31,26.84,0.0,0.6199,22.99,0.0
2175,47.31,11.01,39.81,26.51,0.0,0.7495,22.99,0.0
2176,46.74,0.0,28.4,4.65,0.0,0.8775,22.99,0.0
2177,45.81,6.3,14.66,0.0,1.86,0.9,22.99,0.0
2178,44.57,10.34,0.0,0.0,11.23,0.8901,22.99,0.0
2179,43.06,7.4,0.0,0.0,12.66,0.83,22.99,0.0
2180,41.33,7.54,0.0,0.0,10.79,0.7622,22.99,0.0
2181,39.45,7.67,0.0,0.0,8.79,0.7045,22.99,0.0
2182,37.5,8.76,0.0,0.0,5.75,0.6575,22.99,0.0
2183,37.5,14.1,0.0,0.0,0.4,0.6267,22.99,0.0
2184,37.5,2.56,0.0,0.0,11.94,0.6246,22.99,0.0
2185,37.5,14.51,0.0,0.0,0.0,0.5607,22.99,0.0
2186,37.5,4.68,0.0,0.0,9.83,0.5607,22.99,0.0
2187,37.5,7.91,0.0,0.0,50.0,0.5081,0.0,20.41
2188,37.5,6.71,0.0,0.0,7.79,0.2405,22.99,0.0
2189,37.5,9.22,0.0,0.0,5.28,0.1988,22.99,0.0
2190,37.5,1.31,0.0,0.0,13.19,0.1706,22.99,0.0
2191,39.45,7.14,14.72,5.4,0.0,0.1,22.99,0.0
2192,41.33,11.41,27.71,0.0,0.0,0.1261,2.21,0.0
2193,43.06,0.0,41.54,21.48,0.0,0.1261,22.99,0.0
2194,44.57,4.3,51.63,34.35,0.0,0.2298,22.99,0.0
2195,45.81,1.22,57.87,0.0,9.73,0.3957,0.0,22.99
2196,46.74,4.63,59.25,25.56,0.0,0.3436,8.42,0.0
2197,47.31,3.42,57.98,37.09,0.0,0.4671,22.99,0.0
2198,47.5,1.61,51.4,28.5,0.0,0.6462,22.99,0.0
2199,47.31,5.77,42.61,24.07,0.0,0.7838,22.99,0.0
2200,46.74,10.7,30.25,0.0,0.0,0.9,5.79,0.0
2201,45.81,5.03,12.96,0.0,11.31,0.9,16.51,0.0
2202,44.57,8.81,0.0,0.0,12.77,0.8395,22.99,0.0
2203,43.06,3.14,0.0,0.0,16.92,0.7712,22.99,0.0
2204,41.33,5.01,0.0,0.0,36.32,0.6806,0.0,0.0
2205,39.45,10.3,0.0,0.0,6.16,0.4863,22.99,0.0
2206,37.5,14.09,0.0,0.0,0.42,0.4533,22.99,0.0
2207,37.5,10.76,0.0,0.0,3.75,0.4511,22.99,0.0
2208,37.5,8.65,0.0,0.0,5.86,0.431,22.99,0.0
2209,37.5,9.55,0.0,0.0,4.96,0.3997,22.99,0.0
2210,37.5,5.18,0.0,0.0,9.32,0.3732,22.99,0.0
2211,37.5,10.67,0.0,0.0,3.84,0.3233,22.99,0.0
2212,37.5,10.9,0.0,0.0,3.61,0.3028,22.99,0.0
2213,37.5,5.8,0.0,0.0,8.7,0.2835,22.99,0.0
2214,37.5,4.91,0.0,0.0,9.6,0.2369,22.99,0.0
2215,39.45,6.45,14.23,4.22,0.0,0.1856,22.99,0.0
2216,41.33,3.4,30.75,15.81,0.0,0.206,22.99,0.0
2217,43.06,3.93,42.71,0.0,19.42,0.2823,0.0,22.99
2218,44.57,10.42,50.45,0.0,6.69,0.1784,0.0,22.99
2219,45.81,2.5,58.34,0.0,7.96,0.1426,0.0,22.99
2220,46.74,2.03,60.81,39.1,0.0,0.1,22.99,0.0
2221,47.31,1.21,58.81,35.7,0.0,0.2888,22.99,0.0
2222,47.5,6.03,51.68,33.21,0.0,0.4612,22.99,0.0
2223,47.31,3.55,42.18,21.42,0.0,0.6215,22.99,0.0
2224,46.74,2.71,29.62,8.59,0.0,0.725,22.99,0.0
2225,45.81,8.33,14.49,0.0,0.0,0.7665,22.99,0.0
2226,44.57,11.02,0.0,0.0,10.56,0.7665,22.99,0.0
2227,43.06,5.32,0.0,0.0,14.74,0.71,22.99,0.0
2228,41.33,2.01,0.0,0.0,16.33,0.6311,22.99,0.0
2229,39.45,11.97,0.0,0.0,4.48,0.5438,22.99,0.0
2230,37.5,7.01,0.0,0.0,7.49,0.5198,22.99,0.0
2231,37.5,12.11,0.0,0.0,2.4,0.4797,22.99,0.0
2232,37.5,3.23,0.0,0.0,12.7,0.4669,21.57,0.0
2233,37.5,12.38,0.0,0.0,2.12,0.3989,22.99,0.0
2234,37.5,5.26,0.0,0.0,9.25,0.3876,22.99,0.0
2235,37.5,11.02,0.0,0.0,3.48,0.3381,22.99,0.0
2236,37.5,8.04,0.0,0.0,6.47,0.3195,22.99,0.0
2237,37.5,4.12,0.0,0.0,10.38,0.2848,22.99,0.0
2238,37.5,5.06,0.0,0.0,9.45,0.2293,22.99,0.0
2239,39.45,7.75,14.14,5.44,0.0,0.1787,22.99,0.0
2240,41.33,5.1,30.63,0.0,0.0,0.205,5.6,0.0
2241,43.05,5.98,40.45,0.0,19.63,0.205,0.0,22.99
2242,44.57,9.96,52.99,0.0,0.0,0.1,0.0,18.39
2243,45.81,0.0,58.18,35.36,0.0,0.1,22.99,0.0
2244,46.74,8.37,61.86,46.48,0.0,0.2707,22.99,0.0
2245,47.31,3.59,58.89,38.16,0.0,0.4952,22.99,0.0
2246,47.5,0.66,53.46,21.29,0.0,0.6795,14.66,0.0
2247,47.31,0.0,40.66,16.35,0.0,0.7823,22.99,0.0
2248,46.74,4.14,27.63,8.03,0.0,0.8612,22.99,0.0
2249,45.81,8.52,14.12,0.0,0.19,0.9,22.99,0.0
2250,44.57,5.96,0.0,0.0,15.62,0.899,22.99,0.0
2251,43.05,12.1,0.0,0.0,7.96,0.8155,22.99,0.0
2252,41.33,0.0,0.0,0.0,18.33,0.7728,22.99,0.0
2253,39.45,8.62,0.0,0.0,7.84,0.6748,22.99,0.0
2254,37.5,5.12,0.0,0.0,9.38,0.6328,22.99,0.0
2255,37.5,10.67,0.0,0.0,3.83,0.5826,22.99,0.0
2256,37.5,12.42,0.0,0.0,2.08,0.5621,22.99,0.0
2257,37.5,8.08,0.0,0.0,6.42,0.551,22.99,0.0
2258,37.5,0.69,0.0,0.0,13.81,0.5166,22.99,0.0
2259,37.5,9.25,0.0,0.0,5.26,0.4427,22.99,0.0
2260,37.5,9.35,0.0,0.0,5.16,0.4146,22.99,0.0
2261,37.5,8.46,0.0,0.0,6.04,0.387,22.99,0.0
2262,37.5,10.31,0.0,0.0,4.19,0.3547,22.99,0.0
2263,39.45,2.01,13.4,0.0,1.04,0.3323,22.99,0.0
2264,41.32,6.9,11.43,0.0,0.0,0.3267,22.99,0.0
2265,43.05,7.89,40.61,0.0,17.55,0.3267,0.0,22.99
2266,44.57,0.0,52.33,30.76,0.0,0.2328,22.99,0.0
2267,45.81,4.23,60.15,0.0,4.43,0.3813,0.0,22.99
2268,46.74,1.45,45.29,0.0,0.0,0.3576,0.0,0.0
2269,47.31,2.93,59.38,37.99,0.0,0.3576,22.99,0.0
2270,47.5,4.64,52.99,33.13,0.0,0.5411,22.99,0.0
2271,47.31,2.45,21.86,0.0,0.0,0.701,22.99,0.0
2272,46.74,2.51,30.06,8.83,0.0,0.701,22.99,0.0
2273,45.81,5.59,15.52,0.0,1.71,0.7437,22.99,0.0
2274,44.57,2.8,0.0,0.0,18.77,0.7346,22.99,0.0
2275,43.05,3.64,0.0,0.0,16.42,0.6341,22.99,0.0
2276,41.32,10.13,0.0,0.0,8.2,0.5463,22.99,0.0
2277,39.45,4.89,0.0,0.0,11.57,0.5024,22.99,0.0
2278,37.5,11.27,0.0,0.0,3.23,0.4405,22.99,0.0
2279,37.5,5.45,0.0,0.0,9.05,0.4232,22.99,0.0
2280,37.49,3.91,0.0,0.0,10.59,0.3748,22.99,0.0
2281,37.49,7.19,0.0,0.0,7.31,0.3181,22.99,0.0
2282,37.49,12.92,0.0,0.0,1.58,0.279,22.99,0.0
2283,37.49,5.37,0.0,0.0,9.13,0.2706,22.99,0.0
2284,37.49,6.38,0.0,0.0,8.13,0.2218,22.99,0.0
2285,37.49,8.59,0.0,0.0,5.91,0.1783,22.99,0.0
2286,37.49,8.79,0.0,0.0,5.71,0.1467,22.99,0.0
2287,39.45,4.61,13.2,1.36,0.0,0.1162,22.99,0.0
2288,41.32,2.71,28.69,13.07,0.0,0.1227,22.99,0.0
2289,43.05,8.57,41.15,29.67,0.0,0.1858,22.99,0.0
2290,44.57,9.08,52.63,40.15,0.0,0.3291,22.99,0.0
2291,45.81,6.3,59.6,0.0,2.91,0.523,0.0,22.99
2292,46.73,3.3,60.43,39.99,0.0,0.5074,22.99,0.0
2293,47.3,0.52,59.27,0.0,10.5,0.7006,0.0,22.99
2294,47.49,0.77,54.1,30.37,0.0,0.6444,22.99,0.0
2295,47.3,5.66,41.22,22.57,0.0,0.791,22.99,0.0
2296,46.73,6.0,28.3,0.0,21.58,0.9,0.0,9.14
2297,45.81,9.96,14.41,0.0,44.43,0.7845,0.0,22.99
2298,44.57,8.36,0.0,0.0,13.21,0.5468,22.99,0.0
2299,43.05,2.24,0.0,0.0,17.82,0.4761,22.99,0.0
2300,41.32,11.28,0.0,0.0,7.05,0.3808,22.99,0.0
2301,39.45,5.32,0.0,0.0,11.13,0.3431,22.99,0.0
2302,37.49,7.82,0.0,0.0,6.68,0.2835,22.99,0.0
2303,37.49,10.19,0.0,0.0,4.31,0.2478,22.99,0.0
2304,37.49,15.9,0.0,1.4,0.0,0.2247,22.99,0.0
2305,37.49,19.39,0.0,4.89,0.0,0.2315,22.99,0.0
2306,37.49,10.97,0.0,0.0,3.53,0.2551,22.99,0.0
2307,37.49,7.9,0.0,0.0,6.6,0.2362,22.99,0.0
2308,37.49,9.55,0.0,0.0,4.95,0.2009,22.99,0.0
2309,37.49,9.91,0.0,0.0,4.58,0.1744,22.99,0.0
2310,37.49,5.17,0.0,0.0,9.33,0.1499,22.99,0.0
2311,39.44,11.17,13.2,7.93,0.0,0.1,22.99,0.0
2312,41.32,5.33,27.82,0.0,7.16,0.1383,1.01,0.0
2313,43.05,5.53,43.66,29.13,0.0,0.1,22.99,0.0
2314,44.56,5.56,53.08,0.0,8.92,0.2407,0.0,22.99
2315,45.81,4.44,58.26,0.0,6.09,0.193,0.0,22.99
2316,46.73,5.68,60.55,42.49,0.0,0.1604,22.99,0.0
2317,47.3,1.08,57.96,34.74,0.0,0.3656,22.99,0.0
2318,47.49,1.6,51.19,28.29,0.0,0.5333,22.99,0.0
2319,47.3,0.36,43.57,19.63,0.0,0.6699,22.99,0.0
2320,46.73,6.01,29.56,11.83,0.0,0.7647,22.99,0.0
2321,45.81,7.03,15.79,0.0,0.0,0.8218,22.99,0.0
2322,44.56,7.69,0.0,0.0,13.88,0.8218,22.99,0.0
2323,43.05,12.46,0.0,0.0,7.59,0.7475,22.99,0.0
2324,41.32,7.8,0.0,0.0,10.52,0.7069,22.99,0.0
2325,39.44,10.66,0.0,0.0,5.79,0.6506,22.99,0.0
2326,37.49,5.48,0.0,0.0,23.82,0.6196,8.2,0.0
2327,37.49,8.08,0.0,0.0,6.42,0.4921,22.99,0.0
2328,37.49,11.63,0.0,0.0,2.86,0.4578,22.99,0.0
2329,37.49,12.02,0.0,0.0,2.47,0.4425,22.99,0.0
2330,37.49,8.0,0.0,0.0,6.49,0.4293,22.99,0.0
2331,37.49,8.21,0.0,0.0,29.28,0.3945,0.0,0.0
2332,37.49,2.86,0.0,0.0,11.64,0.2378,22.99,0.0
2333,37.49,5.83,0.0,0.0,8.66,0.1756,22.99,0.0
2334,37.49,9.03,0.0,0.0,5.46,0.1292,22.99,0.0
2335,39.44,7.17,15.22,0.0,0.0,0.1,17.04,0.0
2336,41.31,6.15,28.47,0.0,0.0,0.1,6.69,0.0
2337,43.04,4.02,44.12,28.1,0.0,0.1,22.99,0.0
2338,44.56,3.37,53.34,35.14,0.0,0.2357,22.99,0.0
2339,45.8,0.89,59.04,0.0,0.0,0.4054,0.0,14.13
2340,46.73,5.18,62.59,21.03,0.0,0.4054,0.0,0.0
2341,47.3,4.39,58.5,38.59,0.0,0.5069,22.99,0.0
2342,47.49,4.94,51.89,17.86,0.0,0.6933,8.52,0.0
2343,47.3,2.16,42.38,20.24,0.0,0.7795,22.99,0.0
2344,46.73,0.0,28.44,4.71,0.0,0.8773,22.99,0.0
2345,45.8,8.86,15.89,0.0,0.0,0.9,21.05,0.0
2346,44.56,4.6,0.0,0.0,16.96,0.9,22.99,0.0
2347,43.04,4.2,0.0,0.0,15.85,0.8092,22.99,0.0
2348,41.31,10.01,0.0,0.0,8.31,0.7244,22.99,0.0
2349,39.44,7.17,0.0,0.0,9.28,0.6799,22.99,0.0
2350,37.49,12.38,0.0,0.0,2.11,0.6303,22.99,0.0
2351,37.49,11.27,0.0,0.0,3.22,0.619,22.99,0.0
2352,37.48,11.54,0.0,0.0,2.95,0.6018,22.99,0.0
2353,37.48,4.8,0.0,0.0,9.69,0.586,22.99,0.0
2354,37.48,12.82,0.0,0.0,1.67,0.5341,22.99,0.0
2355,37.48,9.23,0.0,0.0,5.26,0.5252,22.99,0.0
2356,37.48,6.52,0.0,0.0,7.97,0.497,22.99,0.0
2357,37.48,7.4,0.0,0.0,7.09,0.4544,22.99,0.0
2358,37.48,0.35,0.0,0.0,14.14,0.4164,22.99,0.0
2359,39.43,6.58,12.4,2.54,0.0,0.3408,22.99,0.0
2360,41.31,1.15,17.17,0.0,0.0,0.353,22.99,0.0
2361,43.04,0.0,44.61,0.0,21.43,0.353,0.0,22.99
2362,44.55,0.0,54.1,32.54,0.0,0.2384,22.99,0.0
2363,45.8,6.57,58.03,0.0,4.19,0.3955,0.0,22.99
2364,46.72,0.82,63.37,40.47,0.0,0.373,22.99,0.0
2365,47.29,7.93,59.49,43.12,0.0,0.5685,22.99,0.0
2366,47.48,1.56,53.05,0.0,0.0,0.7767,0.0,7.13
2367,47.29,0.0,43.84,19.54,0.0,0.7767,22.99,0.0
2368,46.72,0.87,28.86,6.0,0.0,0.871,22.99,0.0
2369,45.8,9.25,14.26,0.0,0.0,0.9,22.29,0.0
2370,44.55,5.59,0.0,0.0,15.97,0.9,22.99,0.0
2371,43.04,5.16,0.0,0.0,14.89,0.8146,22.99,0.0
2372,41.31,8.23,0.0,0.0,10.09,0.7349,22.99,0.0
2373,39.43,10.0,0.0,0.0,6.44,0.6809,22.99,0.0
2374,37.48,12.51,0.0,0.0,1.98,0.6465,22.99,0.0
2375,37.48,13.9,0.0,0.0,0.59,0.6359,22.99,0.0
2376,37.48,8.11,0.0,0.0,6.37,0.6328,22.99,0.0
2377,37.48,4.87,0.0,0.0,43.41,0.5987,0.0,10.8
2378,37.48,7.5,0.0,0.0,6.98,0.3664,22.99,0.0
2379,37.48,9.17,0.0,0.0,5.32,0.3291,22.99,0.0
2380,37.48,4.54,0.0,0.0,9.94,0.3006,22.99,0.0
2381,37.48,3.78,0.0,0.0,10.7,0.2474,22.99,0.0
2382,37.48,7.15,0.0,0.0,7.33,0.1901,22.99,0.0
2383,39.43,5.04,13.26,1.87,0.0,0.1509,22.99,0.0
2384,41.3,4.53,31.55,17.77,0.0,0.1599,22.99,0.0
2385,43.03,1.3,43.19,24.45,0.0,0.2457,22.99,0.0
2386,44.55,2.49,52.95,0.0,0.0,0.3638,0.0,10.89
2387,45.79,0.0,59.16,0.0,9.63,0.3638,0.0,22.99
2388,46.72,5.68,61.42,43.38,0.0,0.3123,22.99,0.0
2389,47.29,6.26,60.2,42.17,0.0,0.5218,22.99,0.0
2390,47.48,0.0,55.07,0.0,15.4,0.7254,0.0,22.99
2391,47.29,0.75,42.43,18.88,0.0,0.643,22.99,0.0
2392,46.72,0.0,31.7,7.98,0.0,0.7342,22.99,0.0
2393,45.79,3.1,14.76,0.0,4.94,0.7727,22.99,0.0
2394,44.55,5.77,0.0,0.0,15.79,0.7463,22.99,0.0
2395,43.03,2.19,0.0,0.0,17.85,0.6618,22.99,0.0
2396,41.3,4.67,0.0,0.0,13.64,0.5663,22.99,0.0
2397,39.43,5.08,0.0,0.0,11.36,0.4933,22.99,0.0
2398,37.48,9.51,0.0,0.0,4.97,0.4326,22.99,0.0
2399,37.48,9.39,0.0,0.0,5.1,0.406,22.99,0.0
2400,37.47,6.88,0.0,0.0,7.59,0.3787,22.99,0.0
2401,37.47,9.68,0.0,0.0,4.8,0.3381,22.99,0.0
2402,37.47,7.02,0.0,0.0,7.46,0.3124,22.99,0.0
2403,37.47,7.39,0.0,0.0,7.09,0.2725,22.99,0.0
2404,37.47,13.01,0.0,0.0,1.46,0.2346,22.99,0.0
2405,37.47,11.16,0.0,0.0,3.32,0.2267,22.99,0.0
2406,37.47,1.78,0.0,0.0,12.7,0.209,22.99,0.0
2407,39.42,7.83,16.27,7.68,0.0,0.141,22.99,0.0
2408,41.3,6.99,28.69,17.37,0.0,0.1781,22.99,0.0
2409,43.03,0.0,45.05,0.0,20.97,0.262,0.0,22.99
2410,44.54,5.83,52.4,0.0,9.31,0.1498,0.0,22.99
2411,45.79,7.83,61.06,0.12,0.0,0.1,0.0,22.99
2412,46.71,0.0,63.88,40.16,0.0,0.1006,22.99,0.0
2413,47.28,0.0,59.2,34.91,0.0,0.2945,22.99,0.0
2414,47.47,6.47,55.39,37.38,0.0,0.4631,22.99,0.0
2415,47.28,4.57,44.13,24.42,0.0,0.6436,22.99,0.0
2416,46.71,6.15,31.77,14.21,0.0,0.7615,22.99,0.0
2417,45.79,6.25,16.11,0.0,0.44,0.8301,22.99,0.0
2418,44.54,7.25,0.0,0.0,14.3,0.8278,22.99,0.0
2419,43.03,2.53,0.0,0.0,34.03,0.7513,6.47,0.0
2420,41.3,10.99,0.0,0.0,7.32,0.5692,22.99,0.0
2421,39.42,12.05,0.0,0.0,4.37,0.5301,22.99,0.0
2422,37.47,8.04,0.0,0.0,6.43,0.5067,22.99,0.0
2423,37.47,8.97,0.0,0.0,5.51,0.4722,22.99,0.0
2424,37.46,4.21,0.0,0.0,10.26,0.4428,22.99,0.0
2425,37.46,10.72,0.0,0.0,3.75,0.3879,22.99,0.0
2426,37.46,10.58,0.0,0.0,3.89,0.3678,22.99,0.0
2427,37.46,8.02,0.0,0.0,6.46,0.347,22.99,0.0
2428,37.46,11.18,0.0,0.0,3.29,0.3124,22.99,0.0
2429,37.46,5.69,0.0,0.0,8.79,0.2948,22.99,0.0
2430,37.46,7.76,0.0,0.0,6.72,0.2478,22.99,0.0
2431,39.42,1.79,14.63,0.0,0.0,0.2119,22.99,0.0
2432,41.29,4.24,29.84,15.78,0.0,0.2119,22.99,0.0
2433,43.02,3.08,44.57,0.0,18.37,0.2881,0.0,22.99
2434,44.54,3.86,52.49,0.0,11.18,0.1898,0.0,22.99
2435,45.78,1.61,61.56,0.0,5.6,0.13,0.0,22.99
2436,46.7,2.27,60.95,39.51,0.0,0.1,22.99,0.0
2437,47.27,5.48,59.75,40.95,0.0,0.2908,22.99,0.0
2438,47.46,1.71,52.13,29.38,0.0,0.4886,22.99,0.0
2439,47.27,0.0,44.34,15.49,0.0,0.6304,18.42,0.0
2440,46.7,9.97,28.65,14.91,0.0,0.7052,22.99,0.0
2441,45.78,9.56,13.23,0.0,0.0,0.7772,22.99,0.0
2442,44.54,1.75,0.0,0.0,19.79,0.7772,22.99,0.0
2443,43.02,9.0,0.0,0.0,11.03,0.6713,22.99,0.0
2444,41.29,5.92,0.0,0.0,12.38,0.6123,22.99,0.0
2445,39.42,9.07,0.0,0.0,7.35,0.5461,22.99,0.0
2446,37.46,9.68,0.0,0.0,4.79,0.5067,22.99,0.0
2447,37.46,8.3,0.0,0.0,6.18,0.4811,22.99,0.0
2448,37.46,6.57,0.0,0.0,7.89,0.4481,22.99,0.0
2449,37.46,6.76,0.0,0.0,7.7,0.4058,22.99,0.0
2450,37.46,5.71,0.0,0.0,8.75,0.3647,22.99,0.0
2451,37.46,5.47,0.0,0.0,8.99,0.3178,22.99,0.0
2452,37.46,7.27,0.0,0.0,7.19,0.2697,22.99,0.0
2453,37.46,4.4,0.0,0.0,10.07,0.2313,22.99,0.0
2454,37.46,0.0,0.0,0.0,14.46,0.1774,22.99,0.0
2455,39.41,9.85,15.22,0.0,0.0,0.1,14.34,0.0
2456,41.28,2.38,30.39,0.0,0.0,0.1,8.51,0.0
2457,43.01,0.0,43.13,23.11,0.0,0.1,22.99,0.0
2458,44.53,4.69,52.55,0.0,10.28,0.2116,0.0,22.99
2459,45.77,4.28,60.56,42.06,0.0,0.1566,22.99,0.0
2460,46.7,2.89,62.03,41.21,0.0,0.3597,22.99,0.0
2461,47.27,5.15,60.04,40.92,0.0,0.5587,22.99,0.0
2462,47.46,4.63,49.59,29.76,0.0,0.7563,22.99,0.0
2463,47.27,0.0,43.23,0.0,0.0,0.9,4.03,0.0
2464,46.7,7.07,16.63,0.0,0.0,0.9,22.99,0.0
2465,45.77,7.91,14.81,0.0,46.04,0.9,0.0,22.99
2466,44.53,3.41,0.0,0.0,18.13,0.6536,22.99,0.0
2467,43.01,6.83,0.0,0.0,13.19,0.5566,22.99,0.0
2468,41.28,9.7,0.0,0.0,8.59,0.4861,22.99,0.0
2469,39.41,7.48,0.0,0.0,8.93,0.4401,22.99,0.0
2470,37.46,12.15,0.0,0.0,2.32,0.3924,22.99,0.0
2471,37.46,16.64,0.0,2.18,0.0,0.38,22.99,0.0
2472,37.45,6.51,0.0,0.0,7.94,0.3905,22.99,0.0
2473,37.45,4.48,0.0,0.0,9.98,0.348,22.99,0.0
2474,37.45,9.6,0.0,0.0,4.85,0.2946,22.99,0.0
2475,37.45,10.44,0.0,0.0,4.01,0.2686,22.99,0.0
2476,37.45,6.69,0.0,0.0,7.77,0.2472,22.99,0.0
2477,37.45,11.36,0.0,0.0,3.1,0.2056,22.99,0.0
2478,37.45,1.49,0.0,0.0,12.97,0.189,22.99,0.0
2479,39.4,7.22,15.53,6.35,0.0,0.1197,22.99,0.0
2480,41.28,2.24,31.98,0.0,9.41,0.1503,0.0,2.36
2481,43.0,9.09,43.22,0.0,0.0,0.1,0.0,9.31
2482,44.52,9.46,55.22,0.0,0.0,0.1,0.0,20.17
2483,45.76,0.22,59.33,0.0,0.0,0.1,0.0,13.78
2484,46.69,0.81,62.42,39.54,0.0,0.1,22.99,0.0
2485,47.26,5.48,59.11,40.32,0.0,0.2909,22.99,0.0
2486,47.45,1.77,50.89,28.2,0.0,0.4856,22.99,0.0
2487,47.26,3.39,42.08,21.2,0.0,0.6218,22.99,0.0
2488,46.69,4.28,30.87,11.46,0.0,0.7242,22.99,0.0
2489,45.76,0.0,14.73,0.0,8.04,0.7795,22.99,0.0
2490,44.52,5.77,0.0,0.0,15.75,0.7365,22.99,0.0
2491,43.0,4.43,0.0,0.0,15.59,0.6522,22.99,0.0
2492,41.28,5.84,0.0,0.0,12.44,0.5688,22.99,0.0
2493,39.4,12.78,0.0,0.0,3.63,0.5023,22.99,0.0
2494,37.45,4.56,0.0,0.0,9.9,0.4828,22.99,0.0
2495,37.45,11.57,0.0,0.0,2.88,0.4299,22.99,0.0
2496,37.44,8.1,0.0,0.0,6.35,0.4145,22.99,0.0
2497,37.44,7.98,0.0,0.0,6.46,0.3805,22.99,0.0
2498,37.44,11.12,0.0,0.0,3.32,0.3459,22.99,0.0
2499,37.44,9.15,0.0,0.0,5.29,0.3281,22.99,0.0
2500,37.44,9.23,0.0,0.0,5.22,0.2998,22.99,0.0
2501,37.44,9.73,0.0,0.0,4.71,0.2719,22.99,0.0
2502,37.44,4.69,0.0,0.0,9.75,0.2467,22.99,0.0
2503,39.39,2.95,13.99,0.0,0.0,0.1945,22.45,0.0
2504,41.27,0.64,29.34,11.71,0.0,0.1945,22.99,0.0
2505,43.0,0.81,44.24,25.04,0.0,0.251,22.99,0.0
2506,44.51,12.5,54.17,0.0,0.0,0.372,0.0,22.16
2507,45.75,6.67,59.61,0.0,0.0,0.372,0.0,20.52
2508,46.68,0.0,61.33,37.64,0.0,0.372,22.99,0.0
2509,47.25,0.0,62.63,0.0,0.0,0.5537,0.0,15.38
2510,47.44,4.52,55.73,35.81,0.0,0.5537,22.99,0.0
2511,47.25,5.25,42.71,23.71,0.0,0.7267,22.99,0.0
2512,46.68,5.92,29.95,12.19,0.0,0.8411,22.99,0.0
2513,45.75,4.1,15.8,0.0,2.86,0.9,22.99,0.0
2514,44.51,5.36,0.0,0.0,16.16,0.8847,22.99,0.0
2515,43.0,7.66,0.0,0.0,12.34,0.7982,22.99,0.0
2516,41.27,7.66,0.0,0.0,33.61,0.7322,0.0,0.0
2517,39.39,0.87,0.0,0.0,15.52,0.5524,22.99,0.0
2518,37.44,7.82,0.0,0.0,6.62,0.4693,22.99,0.0
2519,37.44,6.14,0.0,0.0,8.31,0.4339,22.99,0.0
2520,37.43,9.51,0.0,0.0,4.92,0.3894,22.99,0.0
2521,37.43,18.49,0.0,0.0,0.0,0.3631,18.94,0.0
2522,37.43,9.7,0.0,0.0,4.74,0.3631,22.99,0.0
2523,37.43,6.98,0.0,0.0,7.45,0.3378,22.99,0.0
2524,37.43,10.31,0.0,0.0,4.13,0.2979,22.99,0.0
2525,37.43,8.11,0.0,0.0,6.33,0.2758,22.99,0.0
2526,37.43,7.07,0.0,0.0,7.37,0.2419,22.99,0.0
2527,39.38,6.84,13.41,3.86,0.0,0.2025,22.99,0.0
2528,41.26,10.75,30.77,0.0,0.0,0.2212,0.0,0.26
2529,42.99,0.0,42.68,0.0,22.65,0.2212,0.0,22.34
2530,44.5,4.44,53.72,36.65,0.0,0.1,22.99,0.0
2531,45.74,0.0,59.46,0.0,9.28,0.277,0.0,22.99
2532,46.67,4.27,62.35,42.94,0.0,0.2273,22.99,0.0
2533,47.24,0.0,62.09,37.85,0.0,0.4347,22.99,0.0
2534,47.43,1.56,53.87,20.03,0.0,0.6175,12.03,0.0
2535,47.24,2.47,45.18,23.41,0.0,0.7142,22.99,0.0
2536,46.67,7.25,31.5,15.07,0.0,0.8272,22.99,0.0
2537,45.74,6.71,16.04,0.0,0.0,0.9,22.99,0.0
2538,44.5,1.68,0.0,0.0,19.83,0.9,22.99,0.0
2539,42.99,6.73,0.0,0.0,13.27,0.7939,22.99,0.0
2540,41.26,5.03,0.0,0.0,13.23,0.7229,22.99,0.0
2541,39.38,3.93,0.0,0.0,12.46,0.6521,22.99,0.0
2542,37.43,7.81,0.0,0.0,41.2,0.5855,0.0,11.58
2543,37.43,7.84,0.0,0.0,6.6,0.365,22.99,0.0
2544,37.42,16.74,0.0,2.32,0.0,0.3297,22.99,0.0
2545,37.42,10.18,0.0,0.0,4.24,0.3409,22.99,0.0
2546,37.42,4.0,0.0,0.0,10.42,0.3182,22.99,0.0
2547,37.42,6.12,0.0,0.0,8.31,0.2624,22.99,0.0
2548,37.42,10.58,0.0,0.0,3.85,0.218,22.99,0.0
2549,37.42,13.25,0.0,0.0,1.18,0.1974,22.99,0.0
2550,37.42,0.53,0.0,0.0,13.9,0.1911,22.99,0.0
2551,39.37,0.0,13.25,0.0,3.13,0.1167,22.99,0.0
2552,41.25,10.09,32.12,23.96,0.0,0.1,22.99,0.0
2553,42.98,4.63,45.03,0.0,16.31,0.2157,0.0,22.99
2554,44.49,0.05,53.32,31.87,0.0,0.1284,22.99,0.0
2555,45.73,4.26,60.8,0.0,3.67,0.2823,0.0,22.99
2556,46.66,0.0,63.55,39.88,0.0,0.2627,22.99,0.0
2557,47.23,2.54,62.54,40.85,0.0,0.4553,22.99,0.0
2558,47.42,3.92,37.63,17.12,0.0,0.6525,22.99,0.0
2559,47.23,6.36,45.0,27.12,0.0,0.7352,22.99,0.0
2560,46.66,0.76,29.91,7.0,0.0,0.8662,22.99,0.0
2561,45.73,5.1,14.77,0.0,2.87,0.9,22.99,0.0
2562,44.49,2.66,0.0,0.0,18.83,0.8846,22.99,0.0
2563,42.98,7.32,0.0,0.0,12.66,0.7839,22.99,0.0
2564,41.25,4.38,0.0,0.0,13.87,0.7161,22.99,0.0
2565,39.37,6.62,0.0,0.0,42.81,0.6419,0.0,10.07
2566,37.42,5.24,0.0,0.0,9.19,0.4128,22.99,0.0
2567,37.42,10.89,0.0,0.0,3.54,0.3636,22.99,0.0
2568,37.41,11.61,0.0,0.0,2.8,0.3447,22.99,0.0
2569,37.41,7.97,0.0,0.0,6.45,0.3297,22.99,0.0
2570,37.41,8.53,0.0,0.0,5.89,0.2952,22.99,0.0
2571,37.41,3.2,0.0,0.0,11.21,0.2637,22.99,0.0
2572,37.41,6.25,0.0,0.0,8.16,0.2038,22.99,0.0
2573,37.41,6.28,0.0,0.0,8.14,0.1601,22.99,0.0
2574,37.41,14.08,0.0,0.0,0.33,0.1165,22.99,0.0
2575,39.36,1.17,16.81,0.0,0.0,0.1147,21.38,0.0
2576,41.24,8.72,32.0,22.49,0.0,0.1147,22.99,0.0
2577,42.96,6.54,46.34,0.0,13.08,0.2233,0.0,22.99
2578,44.48,3.71,53.79,0.0,9.97,0.1534,0.0,22.99
2579,45.72,8.17,61.2,46.63,0.0,0.1,22.99,0.0
2580,46.65,3.57,63.58,32.97,0.0,0.3252,12.47,0.0
2581,47.22,3.74,63.34,42.86,0.0,0.4844,22.99,0.0
2582,47.41,2.63,53.67,0.0,0.0,0.6913,0.0,8.9
2583,47.22,7.27,46.38,29.44,0.0,0.6913,22.99,0.0
2584,46.65,7.53,29.9,13.77,0.0,0.8335,22.99,0.0
2585,45.72,2.74,16.17,0.0,3.82,0.9,22.99,0.0
2586,44.48,1.34,0.0,0.0,20.15,0.8796,22.99,0.0
2587,42.96,5.78,0.0,0.0,14.19,0.7718,22.99,0.0
2588,41.24,4.63,0.0,0.0,13.61,0.6959,22.99,0.0
2589,39.36,7.68,0.0,0.0,8.68,0.623,22.99,0.0
2590,37.41,12.41,0.0,0.0,2.01,0.5766,22.99,0.0
2591,37.41,7.25,0.0,0.0,7.17,0.5659,22.99,0.0
2592,37.4,8.65,0.0,0.0,5.76,0.5275,22.99,0.0
2593,37.4,1.9,0.0,0.0,12.5,0.4967,22.99,0.0
2594,37.4,11.1,0.0,0.0,3.31,0.4298,22.99,0.0
2595,37.4,0.57,0.0,0.0,13.83,0.4121,22.99,0.0
2596,37.4,5.2,0.0,0.0,9.2,0.3381,22.99,0.0
2597,37.4,7.07,0.0,0.0,30.33,0.2889,0.0,0.0
2598,37.4,9.43,0.0,0.0,4.97,0.1266,22.99,0.0
2599,39.35,3.12,13.23,0.0,0.0,0.1,22.99,0.0
2600,41.22,0.0,18.23,0.0,0.0,0.1,22.99,0.0
2601,42.95,5.27,45.94,31.25,0.0,0.1,22.99,0.0
2602,44.47,0.69,55.15,0.0,0.0,0.2509,0.0,11.38
2603,45.71,0.0,62.7,0.0,6.0,0.2509,0.0,22.99
2604,46.64,0.3,64.31,40.96,0.0,0.2188,22.99,0.0
2605,47.2,1.83,62.22,39.84,0.0,0.4166,22.99,0.0
2606,47.4,0.79,30.07,6.46,0.0,0.609,22.99,0.0
2607,47.2,0.0,43.81,19.6,0.0,0.6402,22.99,0.0
2608,46.64,6.83,31.35,0.0,0.0,0.7348,8.46,0.0
2609,45.71,8.84,13.88,0.0,0.0,0.7348,22.99,0.0
2610,44.47,7.66,0.0,0.0,13.82,0.7348,22.99,0.0
2611,42.95,2.71,0.0,0.0,17.25,0.6609,22.99,0.0
2612,41.22,6.52,0.0,0.0,11.71,0.5686,22.99,0.0
2613,39.35,7.82,0.0,0.0,8.54,0.5059,22.99,0.0
2614,37.4,10.29,0.0,0.0,4.12,0.4602,22.99,0.0
2615,37.4,10.84,0.0,0.0,3.57,0.4382,22.99,0.0
2616,37.38,6.36,0.0,0.0,8.03,0.4191,22.99,0.0
2617,37.38,8.89,0.0,0.0,5.5,0.3761,22.99,0.0
2618,37.38,9.78,0.0,0.0,4.61,0.3466,22.99,0.0
2619,37.38,12.49,0.0,0.0,1.9,0.322,22.99,0.0
2620,37.38,9.39,0.0,0.0,5.0,0.3118,22.99,0.0
2621,37.38,8.89,0.0,0.0,5.5,0.2851,22.99,0.0
2622,37.38,5.77,0.0,0.0,8.62,0.2556,22.99,0.0
2623,39.34,9.22,14.95,7.83,0.0,0.2095,22.99,0.0
2624,41.21,5.2,31.47,0.0,27.53,0.2473,0.0,22.99
2625,42.94,0.42,38.76,19.24,0.0,0.1,22.99,0.0
2626,44.46,7.23,54.18,0.0,6.03,0.1929,0.0,22.99
2627,45.7,4.63,61.12,43.04,0.0,0.1606,22.99,0.0
2628,46.62,0.83,63.05,40.25,0.0,0.3684,22.99,0.0
2629,47.19,0.82,61.05,0.0,0.0,0.5628,0.0,14.68
2630,47.38,0.0,56.65,32.26,0.0,0.5628,22.99,0.0
2631,47.19,4.71,43.85,24.36,0.0,0.7186,22.99,0.0
2632,46.62,4.52,32.32,13.21,0.0,0.8362,22.99,0.0
2633,45.7,5.67,16.73,0.0,0.31,0.9,22.99,0.0
2634,44.46,11.0,0.0,0.0,10.47,0.8983,22.99,0.0
2635,42.94,9.8,0.0,0.0,10.15,0.8423,22.99,0.0
2636,41.21,7.73,0.0,0.0,10.49,0.7881,22.99,0.0
2637,39.34,10.83,0.0,0.0,5.51,0.7319,22.99,0.0
2638,37.38,4.96,0.0,0.0,9.43,0.7024,22.99,0.0
2639,37.38,9.91,0.0,0.0,4.48,0.652,22.99,0.0
2640,37.37,14.53,0.0,0.0,42.93,0.628,0.0,20.09
2641,37.37,7.86,0.0,0.0,6.51,0.3983,22.99,0.0
2642,37.37,5.5,0.0,0.0,8.87,0.3634,22.99,0.0
2643,37.37,5.62,0.0,0.0,8.76,0.316,22.99,0.0
2644,37.37,3.54,0.0,0.0,10.84,0.2691,22.99,0.0
2645,37.37,3.74,0.0,0.0,10.63,0.2111,22.99,0.0
2646,37.37,4.24,0.0,0.0,10.13,0.1542,22.99,0.0
2647,39.32,0.06,16.27,0.0,0.0,0.1,22.99,0.0
2648,41.2,3.88,31.09,9.68,0.0,0.1,15.91,0.0
2649,42.93,0.0,42.93,0.0,0.0,0.1467,0.0,0.0
2650,44.44,0.0,54.32,32.87,0.0,0.1467,22.99,0.0
2651,45.69,7.23,61.2,0.0,0.24,0.3055,0.0,22.99
2652,46.61,3.86,64.47,44.72,0.0,0.3042,22.99,0.0
2653,47.18,5.65,62.27,43.74,0.0,0.5201,22.99,0.0
2654,47.37,0.51,57.12,0.0,0.0,0.7313,0.0,10.26
2655,47.18,5.92,45.99,27.73,0.0,0.7313,22.99,0.0
2656,46.61,0.29,30.53,7.21,0.0,0.8652,22.99,0.0
2657,45.69,5.78,16.91,0.0,0.0,0.9,22.99,0.0
2658,44.44,6.0,0.0,0.0,15.45,0.9,22.99,0.0
2659,42.93,8.07,0.0,0.0,11.86,0.8173,22.99,0.0
2660,41.2,3.26,0.0,0.0,14.95,0.7539,22.99,0.0
2661,39.32,4.84,0.0,0.0,11.49,0.6739,22.99,0.0
2662,37.37,10.18,0.0,0.0,4.2,0.6124,22.99,0.0
2663,37.37,5.5,0.0,0.0,40.05,0.5899,0.0,8.18
2664,37.36,10.12,0.0,0.0,4.24,0.3756,22.99,0.0
2665,37.36,4.09,0.0,0.0,10.27,0.3529,22.99,0.0
2666,37.36,10.94,0.0,0.0,3.43,0.298,22.99,0.0
2667,37.36,3.69,0.0,0.0,10.67,0.2797,22.99,0.0
2668,37.36,8.79,0.0,0.0,5.57,0.2226,22.99,0.0
2669,37.36,8.25,0.0,0.0,6.11,0.1928,22.99,0.0
2670,37.36,3.14,0.0,0.0,11.23,0.1601,22.99,0.0
2671,39.31,6.44,9.88,0.0,0.0,0.1,22.99,0.0
2672,41.18,0.0,29.65,0.0,0.0,0.1,11.53,0.0
2673,42.91,1.36,18.56,0.0,0.0,0.1,22.99,0.0
2674,44.43,0.0,57.13,19.2,0.0,0.1,6.5,0.0
2675,45.67,0.0,62.71,40.04,0.0,0.1927,22.99,0.0
2676,46.6,3.29,64.29,43.97,0.0,0.3861,22.99,0.0
2677,47.16,0.0,61.52,0.0,8.64,0.5984,0.0,22.99
2678,47.36,2.9,55.61,34.14,0.0,0.5522,22.99,0.0
2679,47.16,2.25,44.62,22.7,0.0,0.7171,22.99,0.0
2680,46.6,5.97,32.81,15.18,0.0,0.8267,22.99,0.0
2681,45.67,3.58,15.71,0.0,3.39,0.9,22.99,0.0
2682,44.43,4.33,0.0,0.0,17.11,0.8819,22.99,0.0
2683,42.91,8.6,0.0,0.0,11.32,0.7903,22.99,0.0
2684,41.18,8.09,0.0,0.0,10.1,0.7297,22.99,0.0
2685,39.31,8.7,0.0,0.0,7.61,0.6757,22.99,0.0
2686,37.36,9.71,0.0,0.0,4.65,0.635,22.99,0.0
2687,37.36,3.55,0.0,0.0,10.81,0.6101,22.99,0.0
2688,37.34,11.02,0.0,0.0,3.33,0.5522,22.99,0.0
2689,37.34,10.44,0.0,0.0,3.9,0.5344,22.99,0.0
2690,37.34,4.85,0.0,0.0,9.5,0.5135,22.99,0.0
2691,37.34,6.84,0.0,0.0,7.51,0.4627,22.99,0.0
2692,37.34,6.83,0.0,0.0,7.52,0.4225,22.99,0.0
2693,37.34,5.74,0.0,0.0,8.61,0.3823,22.99,0.0
2694,37.34,6.42,0.0,0.0,7.93,0.3362,22.99,0.0
2695,39.29,9.13,16.27,9.1,0.0,0.2938,22.99,0.0
2696,41.17,7.22,29.96,0.0,26.99,0.3377,0.0,22.99
2697,42.9,0.0,44.98,0.0,11.86,0.1933,0.0,13.94
2698,44.41,4.55,57.27,0.0,5.59,0.1299,0.0,22.99
2699,45.66,6.51,62.14,0.0,0.0,0.1,0.0,22.99
2700,46.58,3.35,66.36,38.55,0.0,0.1,15.42,0.0
2701,47.15,5.74,61.59,43.18,0.0,0.2862,22.99,0.0
2702,47.34,9.05,56.95,41.65,0.0,0.4947,22.99,0.0
2703,47.15,6.36,46.27,28.48,0.0,0.6958,22.99,0.0
2704,46.58,4.53,32.87,13.81,0.0,0.8333,22.99,0.0
2705,45.66,7.88,15.05,0.0,0.0,0.9,22.72,0.0
2706,44.41,5.81,0.0,0.0,15.61,0.9,22.99,0.0
2707,42.9,6.25,0.0,0.0,13.65,0.8165,22.99,0.0
2708,41.17,5.82,0.0,0.0,50.0,0.7434,0.0,14.65
2709,39.29,12.68,0.0,0.0,3.62,0.4759,22.99,0.0
2710,37.34,5.49,0.0,0.0,8.86,0.4565,22.99,0.0
2711,37.34,13.42,0.0,0.0,0.93,0.4092,22.99,0.0
2712,37.33,10.14,0.0,0.0,4.19,0.4042,22.99,0.0
2713,37.33,3.88,0.0,0.0,10.45,0.3817,22.99,0.0
2714,37.33,9.28,0.0,0.0,5.06,0.3258,22.99,0.0
2715,37.33,0.78,0.0,0.0,13.55,0.2988,22.99,0.0
2716,37.33,8.93,0.0,0.0,5.41,0.2263,22.99,0.0
2717,37.33,8.99,0.0,0.0,5.35,0.1974,22.99,0.0
2718,37.33,3.37,0.0,0.0,10.96,0.1688,22.99,0.0
2719,39.28,4.85,15.76,4.32,0.0,0.1101,22.99,0.0
2720,41.15,9.99,32.65,0.0,5.79,0.131,0.0,7.28
2721,42.88,1.36,46.38,9.48,0.0,0.1,4.63,0.0
2722,44.4,0.0,55.68,34.28,0.0,0.1458,22.99,0.0
2723,45.64,6.95,62.29,0.61,0.0,0.3113,0.0,22.99
2724,46.57,8.4,65.17,50.0,0.0,0.3142,22.99,0.0
2725,47.13,2.17,64.48,19.52,0.0,0.5557,0.0,0.0
2726,47.33,5.76,54.72,13.15,0.0,0.6499,0.0,0.0
2727,47.13,7.34,46.42,29.62,0.0,0.7135,22.99,0.0
2728,46.57,1.27,31.32,9.01,0.0,0.8565,22.99,0.0
2729,45.64,2.88,14.6,0.0,5.17,0.9,22.99,0.0
2730,44.4,9.27,0.0,0.0,12.14,0.8723,22.99,0.0
2731,42.88,11.57,0.0,0.0,8.31,0.8074,22.99,0.0
2732,41.15,8.72,0.0,0.0,50.0,0.7629,0.0,17.57
2733,39.28,4.73,0.0,0.0,11.56,0.4954,22.99,0.0
2734,37.33,14.52,0.0,0.0,0.0,0.4336,22.81,0.0
2735,37.33,6.69,0.0,0.0,7.64,0.4336,22.99,0.0
2736,37.31,7.39,0.0,0.0,6.93,0.3927,22.99,0.0
2737,37.31,9.47,0.0,0.0,4.85,0.3556,22.99,0.0
2738,37.31,5.12,0.0,0.0,9.2,0.3296,22.99,0.0
2739,37.31,10.28,0.0,0.0,4.03,0.2804,22.99,0.0
2740,37.31,8.19,0.0,0.0,6.12,0.2588,22.99,0.0
2741,37.31,7.57,0.0,0.0,6.75,0.2261,22.99,0.0
2742,37.31,5.38,0.0,0.0,8.94,0.19,22.99,0.0
2743,39.26,6.2,14.62,0.0,0.0,0.1421,18.44,0.0
2744,41.14,0.0,31.39,13.25,0.0,0.1421,22.99,0.0
2745,42.87,1.99,44.04,0.0,19.83,0.2061,0.0,22.99
2746,44.38,3.21,55.77,14.6,0.0,0.1,0.0,0.0
2747,45.63,0.0,61.28,0.0,7.34,0.1705,0.0,22.99
2748,46.55,3.25,64.09,43.78,0.0,0.1313,22.99,0.0
2749,47.12,1.45,61.92,39.24,0.0,0.3427,22.99,0.0
2750,47.31,8.11,54.63,38.43,0.0,0.5322,22.99,0.0
2751,47.12,8.04,45.2,26.81,0.0,0.7178,20.69,0.0
2752,46.55,2.11,32.38,10.93,0.0,0.8472,22.99,0.0
2753,45.63,3.91,16.99,0.0,1.73,0.9,22.99,0.0
2754,44.38,5.0,0.0,0.0,16.39,0.8908,22.99,0.0
2755,42.87,4.61,0.0,0.0,15.26,0.803,22.99,0.0
2756,41.14,7.48,0.0,0.0,10.66,0.7214,22.99,0.0
2757,39.26,5.07,0.0,0.0,11.2,0.6643,22.99,0.0
2758,37.31,0.0,0.0,0.0,14.32,0.6044,22.99,0.0
2759,37.31,10.37,0.0,0.0,3.94,0.5278,22.99,0.0
2760,37.29,10.45,0.0,0.0,3.85,0.5067,22.99,0.0
2761,37.29,5.71,0.0,0.0,8.59,0.4861,22.99,0.0
2762,37.29,0.0,0.0,0.0,14.3,0.4402,22.99,0.0
2763,37.29,5.43,0.0,0.0,8.87,0.3637,22.99,0.0
2764,37.29,7.62,0.0,0.0,20.48,0.3162,9.2,0.0
2765,37.29,8.67,0.0,0.0,5.63,0.2066,22.99,0.0
2766,37.29,0.0,0.0,0.0,14.3,0.1765,22.99,0.0
2767,39.24,5.82,14.41,0.0,0.0,0.1,19.02,0.0
2768,41.12,1.9,16.23,0.0,0.0,0.1,22.99,0.0
2769,42.85,2.26,44.87,27.27,0.0,0.1,22.99,0.0
2770,44.37,1.72,54.73,0.0,10.91,0.2317,0.0,22.99
2771,45.61,0.0,61.52,0.0,0.0,0.1733,0.0,15.91
2772,46.53,1.38,65.71,43.54,0.0,0.1733,22.99,0.0
2773,47.1,0.0,61.86,37.76,0.0,0.3836,22.99,0.0
2774,47.29,0.79,56.27,32.76,0.0,0.5659,22.99,0.0
2775,47.1,1.97,45.54,23.4,0.0,0.7241,22.99,0.0
2776,46.53,2.74,32.79,0.0,0.0,0.8371,11.01,0.0
2777,45.61,3.57,16.01,0.0,3.04,0.8371,22.99,0.0
2778,44.37,4.98,0.0,0.0,16.39,0.8209,22.99,0.0
2779,42.85,7.57,0.0,0.0,12.28,0.7332,22.99,0.0
2780,41.12,9.63,0.0,0.0,8.5,0.6675,22.99,0.0
2781,39.24,5.37,0.0,0.0,10.88,0.622,22.99,0.0
2782,37.29,4.09,0.0,0.0,10.21,0.5638,22.99,0.0
2783,37.29,4.94,0.0,0.0,9.36,0.5092,22.99,0.0
2784,37.28,0.0,0.0,0.0,14.28,0.4591,22.99,0.0
2785,37.28,7.12,0.0,0.0,7.16,0.3826,22.99,0.0
2786,37.28,5.44,0.0,0.0,8.84,0.3443,22.99,0.0
2787,37.28,1.42,0.0,0.0,12.86,0.297,22.99,0.0
2788,37.28,5.27,0.0,0.0,9.01,0.2282,22.99,0.0
2789,37.28,6.56,0.0,0.0,7.73,0.18,22.99,0.0
2790,37.28,7.06,0.0,0.0,7.23,0.1387,22.99,0.0
2791,39.23,0.0,17.21,0.0,0.0,0.1,22.02,0.0
2792,41.1,2.18,30.89,0.0,0.0,0.1,8.03,0.0
2793,42.83,0.0,47.06,27.22,0.0,0.1,22.99,0.0
2794,44.35,2.23,56.13,0.0,0.0,0.2315,0.0,14.01
2795,45.59,0.0,64.26,41.66,0.0,0.2315,22.99,0.0
2796,46.52,3.75,65.03,0.0,0.0,0.4326,0.0,22.26
2797,47.08,0.0,64.79,40.7,0.0,0.4326,22.99,0.0
2798,47.28,1.17,56.2,12.12,0.0,0.6291,2.03,0.0
2799,47.08,3.82,47.06,26.79,0.0,0.6877,22.99,0.0
2800,46.52,4.11,31.92,12.51,0.0,0.817,22.99,0.0
2801,45.59,13.01,14.27,4.68,0.0,0.8774,22.99,0.0
2802,44.35,6.26,0.0,0.0,15.09,0.9,22.99,0.0
2803,42.83,2.72,0.0,0.0,28.71,0.8193,11.4,0.0
2804,41.1,6.44,0.0,0.0,11.67,0.6657,22.99,0.0
2805,39.23,1.67,0.0,0.0,14.56,0.6032,22.99,0.0
2806,37.28,7.67,0.0,0.0,6.61,0.5253,22.99,0.0
2807,37.28,5.56,0.0,0.0,8.72,0.49,22.99,0.0
2808,37.26,11.28,0.0,0.0,2.99,0.4433,22.99,0.0
2809,37.26,6.43,0.0,0.0,7.84,0.4273,22.99,0.0
2810,37.26,7.51,0.0,0.0,6.76,0.3854,22.99,0.0
2811,37.26,5.31,0.0,0.0,8.95,0.3492,22.99,0.0
2812,37.26,12.32,0.0,0.0,1.94,0.3013,22.99,0.0
2813,37.26,4.88,0.0,0.0,9.38,0.291,22.99,0.0
2814,37.26,11.01,0.0,0.0,26.25,0.2408,0.0,0.0
2815,39.21,6.88,16.38,0.0,0.0,0.1003,15.96,0.0
2816,41.09,5.02,32.37,19.3,0.0,0.1003,22.99,0.0
2817,42.81,3.99,38.83,0.0,0.0,0.1935,0.0,0.0
2818,44.33,3.55,57.05,39.27,0.0,0.1935,22.99,0.0
2819,45.57,0.0,63.62,0.0,4.94,0.3831,0.0,22.99
2820,46.5,0.95,64.29,41.73,0.0,0.3567,22.99,0.0
2821,47.07,4.69,63.86,0.0,0.0,0.5582,0.0,21.49
2822,47.26,2.12,55.5,33.36,0.0,0.5582,22.99,0.0
2823,47.07,0.0,47.3,23.22,0.0,0.7193,22.99,0.0
2824,46.5,3.3,31.87,11.66,0.0,0.8314,22.99,0.0
2825,45.57,9.76,15.36,2.54,0.0,0.8878,22.99,0.0
2826,44.33,9.12,0.0,0.0,12.22,0.9,22.99,0.0
2827,42.81,5.72,0.0,0.0,14.1,0.8346,22.99,0.0
2828,41.09,9.78,0.0,0.0,8.31,0.7592,22.99,0.0
2829,39.21,6.18,0.0,0.0,10.03,0.7147,22.99,0.0
2830,37.26,2.37,0.0,0.0,11.89,0.661,22.99,0.0
2831,37.26,5.22,0.0,0.0,9.05,0.5974,22.99,0.0
2832,37.24,13.32,0.0,0.0,0.92,0.549,22.99,0.0
2833,37.24,7.27,0.0,0.0,6.98,0.544,22.99,0.0
2834,37.24,7.05,0.0,0.0,7.2,0.5067,22.99,0.0
2835,37.24,6.35,0.0,0.0,7.9,0.4682,22.99,0.0
2836,37.24,12.81,0.0,0.0,1.44,0.4259,22.99,0.0
2837,37.24,11.13,0.0,0.0,3.12,0.4182,22.99,0.0
2838,37.24,12.21,0.0,0.0,2.04,0.4016,22.99,0.0
2839,39.19,3.68,14.35,1.84,0.0,0.3907,22.99,0.0
2840,41.07,4.37,32.59,0.0,27.1,0.3995,0.0,22.99
2841,42.8,0.0,47.47,0.0,8.36,0.2545,0.0,13.03
2842,44.31,7.01,58.12,0.0,2.18,0.2098,0.0,22.99
2843,45.55,0.0,63.8,0.0,4.75,0.1981,0.0,22.99
2844,46.48,2.5,65.52,21.54,0.0,0.1727,0.0,0.0
2845,47.05,0.0,63.55,39.49,0.0,0.2767,22.99,0.0
2846,47.24,0.33,58.47,34.55,0.0,0.4674,22.99,0.0
2847,47.05,0.04,45.37,21.36,0.0,0.6343,22.99,0.0
2848,46.48,1.45,31.07,9.04,0.0,0.7374,22.99,0.0
2849,45.55,2.45,17.48,0.0,2.63,0.781,22.99,0.0
2850,44.31,3.26,0.0,0.0,18.06,0.767,22.99,0.0
2851,42.8,8.56,0.0,0.0,11.24,0.6703,22.99,0.0
2852,41.07,3.08,0.0,0.0,15.0,0.6102,22.99,0.0
2853,39.19,8.03,0.0,0.0,8.16,0.53,22.99,0.0
2854,37.24,11.77,0.0,0.0,2.47,0.4863,22.99,0.0
2855,37.24,6.5,0.0,0.0,7.75,0.4731,22.99,0.0
2856,37.22,5.89,0.0,0.0,8.33,0.4316,22.99,0.0
2857,37.22,7.36,0.0,0.0,6.87,0.387,22.99,0.0
2858,37.22,11.6,0.0,0.0,2.63,0.3503,22.99,0.0
2859,37.22,7.9,0.0,0.0,6.33,0.3362,22.99,0.0
2860,37.22,4.88,0.0,0.0,9.34,0.3024,22.99,0.0
2861,37.22,7.38,0.0,0.0,6.84,0.2524,22.99,0.0
2862,37.22,1.42,0.0,0.0,12.81,0.2158,22.99,0.0
2863,39.17,6.35,16.97,7.14,0.0,0.1472,22.99,0.0
2864,41.05,4.69,32.35,18.98,0.0,0.1817,22.99,0.0
2865,42.78,1.7,47.05,0.0,17.02,0.2734,0.0,22.99
2866,44.29,0.0,55.38,0.0,11.9,0.1823,0.0,22.99
2867,45.53,0.0,65.78,0.0,0.0,0.1187,0.0,20.25
2868,46.46,3.48,66.98,46.99,0.0,0.1187,22.99,0.0
2869,47.03,5.83,63.65,45.44,0.0,0.3455,22.99,0.0
2870,47.22,0.12,57.78,33.67,0.0,0.565,22.99,0.0
2871,47.03,4.18,46.52,26.66,0.0,0.7276,22.99,0.0
2872,46.46,0.0,32.51,9.05,0.0,0.8563,22.99,0.0
2873,45.53,2.25,17.32,0.0,2.96,0.9,22.99,0.0
2874,44.29,4.88,0.0,0.0,16.42,0.8841,22.99,0.0
2875,42.78,2.88,0.0,0.0,16.9,0.7963,22.99,0.0
2876,41.05,3.57,0.0,0.0,14.48,0.7059,22.99,0.0
2877,39.17,5.11,0.0,0.0,11.07,0.6284,22.99,0.0
2878,37.22,8.73,0.0,0.0,5.5,0.5692,22.99,0.0
2879,37.22,7.5,0.0,0.0,6.73,0.5397,22.99,0.0
2880,37.2,0.93,0.0,0.0,13.28,0.5038,22.99,0.0
2881,37.2,1.2,0.0,0.0,13.01,0.4327,22.99,0.0
2882,37.2,5.77,0.0,0.0,8.43,0.3631,22.99,0.0
2883,37.2,8.7,0.0,0.0,5.51,0.318,22.99,0.0
2884,37.2,0.0,0.0,0.0,14.21,0.2885,22.99,0.0
2885,37.2,4.15,0.0,0.0,10.05,0.2125,22.99,0.0
2886,37.2,3.23,0.0,0.0,10.98,0.1587,22.99,0.0
2887,39.15,8.59,17.64,0.0,0.0,0.1,12.93,0.0
2888,41.03,2.07,31.44,0.0,0.0,0.1,7.52,0.0
2889,42.76,3.88,46.43,30.55,0.0,0.1,22.99,0.0
2890,44.27,2.59,56.41,0.0,0.0,0.2475,0.0,14.73
2891,45.51,0.0,63.85,0.0,4.65,0.2475,0.0,22.99
2892,46.44,4.18,67.5,25.25,0.0,0.2226,0.0,0.0
2893,47.01,2.51,63.13,18.63,0.0,0.3445,0.0,0.0
2894,47.2,3.78,59.09,38.66,0.0,0.4345,22.99,0.0
2895,47.01,15.35,45.36,34.65,0.0,0.6212,20.95,0.0
2896,46.44,0.0,31.73,0.0,0.0,0.7885,14.71,0.0
2897,45.51,9.67,15.21,2.36,0.0,0.7885,22.99,0.0
2898,44.27,4.0,0.0,0.0,17.27,0.7999,22.99,0.0
2899,42.76,6.7,0.0,0.0,13.06,0.7075,22.99,0.0
2900,41.03,6.4,0.0,0.0,11.63,0.6376,22.99,0.0
2901,39.15,5.85,0.0,0.0,10.31,0.5754,22.99,0.0
2902,37.2,0.0,0.0,0.0,14.21,0.5202,22.99,0.0
2903,37.2,9.12,0.0,0.0,5.08,0.4442,22.99,0.0
2904,37.18,3.21,0.0,0.0,10.97,0.417,22.99,0.0
2905,37.18,10.44,0.0,0.0,3.75,0.3583,22.99,0.0
2906,37.18,6.34,0.0,0.0,7.85,0.3382,22.99,0.0
2907,37.18,3.52,0.0,0.0,10.67,0.2962,22.99,0.0
2908,37.18,5.05,0.0,0.0,9.14,0.2392,22.99,0.0
2909,37.18,9.79,0.0,0.0,4.4,0.1903,22.99,0.0
2910,37.18,3.15,0.0,0.0,11.03,0.1667,22.99,0.0
2911,39.13,5.21,15.15,4.22,0.0,0.1077,22.99,0.0
2912,41.01,0.9,32.86,15.75,0.0,0.1281,22.99,0.0
2913,42.73,5.05,47.44,0.0,13.24,0.2041,0.0,22.99
2914,44.25,4.3,58.35,41.4,0.0,0.1333,22.99,0.0
2915,45.49,7.74,62.83,2.08,0.0,0.3332,0.0,22.99
2916,46.42,1.08,66.18,43.83,0.0,0.3433,22.99,0.0
2917,46.99,3.92,63.44,43.37,0.0,0.5549,22.99,0.0
2918,47.18,2.4,57.27,0.0,10.5,0.7644,0.0,22.99
2919,46.99,6.79,46.15,28.95,0.0,0.7082,22.99,0.0
2920,46.42,0.94,33.26,10.77,0.0,0.848,22.99,0.0
2921,45.49,6.46,14.45,0.0,1.59,0.9,22.99,0.0
2922,44.25,4.25,0.0,0.0,17.0,0.8915,22.99,0.0
2923,42.73,5.51,0.0,0.0,14.23,0.8005,22.99,0.0
2924,41.01,6.8,0.0,0.0,11.21,0.7244,22.99,0.0
2925,39.13,7.99,0.0,0.0,8.15,0.6644,22.99,0.0
2926,37.18,7.31,0.0,0.0,6.88,0.6208,22.99,0.0
2927,37.18,8.7,0.0,0.0,5.48,0.584,22.99,0.0
2928,37.16,13.18,0.0,0.0,0.99,0.5547,22.99,0.0
2929,37.16,11.15,0.0,0.0,3.02,0.5494,22.99,0.0
2930,37.16,10.45,0.0,0.0,3.72,0.5332,22.99,0.0
2931,37.16,5.65,0.0,0.0,8.51,0.5134,22.99,0.0
2932,37.16,3.58,0.0,0.0,10.59,0.4678,22.99,0.0
2933,37.16,8.76,0.0,0.0,5.4,0.4112,22.99,0.0
2934,37.16,7.67,0.0,0.0,32.97,0.3823,0.0,3.48
2935,39.11,8.76,17.26,9.91,0.0,0.2059,22.99,0.0
2936,40.98,1.26,33.98,0.0,28.73,0.2537,0.0,22.99
2937,42.71,1.81,47.75,29.84,0.0,0.1,22.99,0.0
2938,44.23,0.0,57.61,0.0,9.61,0.2441,0.0,22.99
2939,45.47,0.44,64.02,20.29,0.0,0.1927,1.3,0.0
2940,46.4,4.82,65.9,47.32,0.0,0.2906,22.99,0.0
2941,46.97,0.2,63.58,39.81,0.0,0.5191,22.99,0.0
2942,47.16,4.11,59.12,39.06,0.0,0.7114,22.99,0.0
2943,46.97,1.93,45.39,0.0,16.56,0.9,0.0,16.91
2944,46.4,4.27,33.96,14.82,0.0,0.8114,22.99,0.0
2945,45.47,0.29,14.48,0.0,7.71,0.883,22.99,0.0
2946,44.23,5.11,0.0,0.0,16.12,0.8417,22.99,0.0
2947,42.71,0.0,0.0,0.0,19.72,0.7554,22.99,0.0
2948,40.98,5.85,0.0,0.0,12.14,0.6499,22.99,0.0
2949,39.11,1.85,0.0,0.0,14.27,0.585,22.99,0.0
2950,37.16,11.54,0.0,0.0,2.63,0.5086,22.99,0.0
2951,37.16,10.48,0.0,0.0,3.69,0.4946,22.99,0.0
2952,37.14,9.53,0.0,0.0,4.61,0.4749,22.99,0.0
2953,37.14,12.83,0.0,0.0,1.31,0.4502,22.99,0.0
2954,37.14,4.52,0.0,0.0,9.62,0.4432,22.99,0.0
2955,37.14,12.73,0.0,0.0,1.41,0.3917,22.99,0.0
2956,37.14,9.42,0.0,0.0,4.72,0.3841,22.99,0.0
2957,37.14,4.86,0.0,0.0,9.28,0.3589,22.99,0.0
2958,37.14,8.46,0.0,0.0,5.68,0.3092,22.99,0.0
2959,39.09,0.37,15.61,0.0,0.11,0.2788,22.99,0.0
2960,40.96,0.5,33.07,0.0,0.0,0.2782,7.39,0.0
2961,42.69,0.53,45.3,0.0,19.85,0.2782,0.0,22.99
2962,44.21,0.28,58.97,0.0,7.96,0.172,0.0,22.99
2963,45.45,0.0,64.73,42.28,0.0,0.1295,22.99,0.0
2964,46.37,5.51,67.87,50.0,0.0,0.3336,22.99,0.0
2965,46.94,0.83,63.63,0.0,0.0,0.575,0.0,17.51
2966,47.14,3.13,58.7,37.68,0.0,0.575,22.99,0.0
2967,46.94,0.66,45.23,21.93,0.0,0.757,22.99,0.0
2968,46.37,0.0,31.06,7.68,0.0,0.8629,22.99,0.0
2969,45.45,4.82,16.09,0.0,1.54,0.9,22.99,0.0
2970,44.21,0.0,0.0,0.0,21.21,0.8917,22.99,0.0
2971,42.69,5.4,0.0,0.0,14.29,0.7782,22.99,0.0
2972,40.96,1.98,0.0,0.0,15.99,0.7018,22.99,0.0
2973,39.09,13.5,0.0,0.0,46.33,0.6162,0.0,20.75
2974,37.14,10.54,0.0,0.0,3.6,0.3683,22.99,0.0
2975,37.14,8.25,0.0,0.0,5.89,0.349,22.99,0.0
2976,37.11,12.06,0.0,0.0,2.06,0.3175,22.99,0.0
2977,37.11,5.13,0.0,0.0,8.99,0.3065,22.99,0.0
2978,37.11,9.3,0.0,0.0,4.82,0.2584,22.99,0.0
2979,37.11,7.67,0.0,0.0,6.44,0.2326,22.99,0.0
2980,37.11,7.21,0.0,0.0,6.91,0.1981,22.99,0.0
2981,37.11,9.69,0.0,0.0,4.43,0.1612,22.99,0.0
2982,37.11,7.11,0.0,0.0,7.01,0.1375,22.99,0.0
2983,39.06,4.84,14.96,3.73,0.0,0.1,22.99,0.0
2984,40.94,0.0,31.8,3.48,0.0,0.118,12.62,0.0
2985,42.67,0.0,42.67,0.0,0.0,0.1348,0.0,0.0
2986,44.18,1.54,59.13,0.0,6.5,0.1348,0.0,22.99
2987,45.43,1.92,66.74,46.22,0.0,0.1,22.99,0.0
2988,46.35,0.0,67.43,0.0,0.0,0.3232,0.0,21.08
2989,46.92,9.42,65.88,50.0,0.0,0.3232,21.63,0.0
2990,47.11,6.84,59.02,41.75,0.0,0.5646,22.99,0.0
2991,46.92,4.4,47.01,0.0,0.0,0.7662,0.0,4.49
2992,46.35,3.36,33.18,13.17,0.0,0.7662,22.99,0.0
2993,45.43,3.22,16.03,0.0,3.19,0.8298,22.99,0.0
2994,44.18,1.66,0.0,0.0,19.53,0.8128,22.99,0.0
2995,42.67,5.83,0.0,0.0,13.85,0.7083,22.99,0.0
2996,40.94,7.19,0.0,0.0,10.75,0.6342,22.99,0.0
2997,39.06,3.01,0.0,0.0,13.06,0.5767,22.99,0.0
2998,37.11,8.62,0.0,0.0,5.5,0.5068,22.99,0.0
2999,37.11,7.36,0.0,0.0,6.76,0.4774,22.99,0.0
3000,37.09,0.0,0.0,0.0,14.1,0.4413,22.99,0.0
3001,37.09,5.04,0.0,0.0,9.06,0.3658,22.99,0.0
3002,37.09,6.16,0.0,0.0,7.94,0.3174,22.99,0.0
3003,37.09,13.09,0.0,0.0,1.01,0.2749,22.99,0.0
3004,37.09,8.11,0.0,0.0,5.98,0.2695,22.99,0.0
3005,37.09,1.21,0.0,0.0,12.88,0.2375,22.99,0.0
3006,37.09,6.27,0.0,0.0,7.83,0.1685,22.99,0.0
3007,39.04,0.0,17.87,0.0,4.98,0.1266,16.19,0.0
3008,40.92,6.58,33.79,0.0,0.0,0.1,0.55,0.0
3009,42.65,0.88,45.65,18.18,0.0,0.1,14.3,0.0
3010,44.16,1.59,57.18,0.0,8.39,0.1878,0.0,22.99
3011,45.4,5.86,66.44,3.9,0.0,0.1429,0.0,22.99
3012,46.33,0.0,68.52,45.18,0.0,0.1618,22.99,0.0
3013,46.9,0.0,64.66,40.76,0.0,0.38,22.99,0.0
3014,47.09,0.0,58.99,34.9,0.0,0.5768,22.99,0.0
3015,46.9,0.0,48.25,24.35,0.0,0.7453,22.99,0.0
3016,46.33,0.0,31.03,7.69,0.0,0.8629,22.99,0.0
3017,45.4,0.0,16.25,0.0,6.16,0.9,22.99,0.0
3018,44.16,3.23,0.0,0.0,17.93,0.867,22.99,0.0
3019,42.65,7.32,0.0,0.0,12.34,0.7711,22.99,0.0
3020,40.92,10.19,0.0,0.0,7.73,0.7051,22.99,0.0
3021,39.04,5.48,0.0,0.0,10.56,0.6637,22.99,0.0
3022,37.09,6.16,0.0,0.0,7.93,0.6072,22.99,0.0
3023,37.09,11.55,0.0,0.0,2.54,0.5648,22.99,0.0
3024,37.07,1.83,0.0,0.0,12.24,0.5511,22.99,0.0
3025,37.07,6.52,0.0,0.0,7.56,0.4857,22.99,0.0
3026,37.07,8.06,0.0,0.0,6.01,0.4452,22.99,0.0
3027,37.07,8.39,0.0,0.0,5.68,0.4131,22.99,0.0
3028,37.07,4.62,0.0,0.0,9.46,0.3827,22.99,0.0
3029,37.07,5.6,0.0,0.0,8.48,0.3321,22.99,0.0
3030,37.07,0.0,0.0,0.0,14.07,0.2867,22.99,0.0
3031,39.02,1.68,17.97,3.63,0.0,0.2114,22.99,0.0
3032,40.89,4.5,32.88,19.48,0.0,0.2289,22.99,0.0
3033,42.62,0.0,45.51,0.0,20.11,0.323,0.0,22.99
3034,44.14,2.04,56.61,0.0,8.49,0.2154,0.0,22.99
3035,45.38,2.97,64.85,0.0,0.0,0.17,0.0,22.44
3036,46.3,0.31,68.8,45.8,0.0,0.17,22.99,0.0
3037,46.87,2.07,67.08,45.28,0.0,0.3911,22.99,0.0
3038,47.07,0.0,58.34,34.27,0.0,0.6098,22.99,0.0
3039,46.87,1.69,48.02,25.83,0.0,0.7753,22.99,0.0
3040,46.3,5.0,33.5,0.0,0.0,0.9,7.8,0.0
3041,45.38,4.32,14.91,0.0,3.16,0.9,22.99,0.0
3042,44.14,2.75,0.0,0.0,18.39,0.8831,22.99,0.0
3043,42.62,6.21,0.0,0.0,13.42,0.7847,22.99,0.0
3044,40.89,8.58,0.0,0.0,9.32,0.7129,22.99,0.0
3045,39.02,0.3,0.0,0.0,15.72,0.663,22.99,0.0
3046,37.07,11.2,0.0,0.0,2.87,0.5789,22.99,0.0
3047,37.07,6.68,0.0,0.0,7.39,0.5635,22.99,0.0
3048,37.04,9.21,0.0,0.0,4.83,0.524,22.99,0.0
3049,37.04,11.6,0.0,0.0,2.45,0.4982,22.99,0.0
3050,37.04,2.97,0.0,0.0,11.08,0.4851,22.99,0.0
3051,37.04,4.59,0.0,0.0,9.45,0.4258,22.99,0.0
3052,37.04,5.29,0.0,0.0,31.76,0.3752,0.0,0.0
3053,37.04,2.9,0.0,0.0,11.14,0.2053,22.99,0.0
3054,37.04,10.21,0.0,0.0,3.83,0.1457,22.99,0.0
3055,38.99,0.99,14.47,0.0,0.54,0.1251,22.99,0.0
3056,40.87,0.0,31.48,0.0,0.0,0.1223,9.39,0.0
3057,42.6,2.98,47.63,0.0,0.0,0.1223,0.0,8.01
3058,44.11,0.0,60.06,0.0,4.16,0.1223,0.0,20.11
3059,45.36,0.2,64.91,42.74,0.0,0.1,22.99,0.0
3060,46.28,2.39,68.12,44.42,0.0,0.3064,20.19,0.0
3061,46.85,0.4,67.2,43.74,0.0,0.5209,22.99,0.0
3062,47.04,1.5,57.31,34.76,0.0,0.7321,22.99,0.0
3063,46.85,0.6,47.31,0.0,19.2,0.9,0.0,20.26
3064,46.28,0.0,33.22,9.93,0.0,0.7973,22.99,0.0
3065,45.36,4.81,15.36,0.0,2.2,0.8452,22.99,0.0
3066,44.11,10.28,0.0,0.0,10.84,0.8335,22.99,0.0
3067,42.6,5.5,0.0,0.0,14.1,0.7755,22.99,0.0
3068,40.87,6.95,0.0,0.0,10.93,0.7,22.99,0.0
3069,38.99,9.13,0.0,0.0,6.87,0.6415,22.99,0.0
3070,37.04,3.3,0.0,0.0,10.75,0.6048,22.99,0.0
3071,37.04,13.23,0.0,0.0,23.81,0.5473,0.0,0.0
3072,37.02,8.45,0.0,0.0,5.58,0.4199,22.99,0.0
3073,37.02,12.96,0.0,0.0,1.06,0.39,22.99,0.0
3074,37.02,4.99,0.0,0.0,9.04,0.3844,22.99,0.0
3075,37.02,12.72,0.0,0.0,1.3,0.336,22.99,0.0
3076,37.02,8.68,0.0,0.0,5.34,0.3291,22.99,0.0
3077,37.02,7.18,0.0,0.0,6.84,0.3005,22.99,0.0
3078,37.02,5.31,0.0,0.0,8.71,0.2639,22.99,0.0
3079,38.97,2.92,16.82,3.76,0.0,0.2173,22.99,0.0
3080,40.84,6.82,31.7,0.0,25.32,0.2355,0.0,22.99
3081,42.57,2.72,46.69,29.84,0.0,0.1,22.99,0.0
3082,44.09,0.0,59.3,0.0,7.78,0.2441,0.0,22.99
3083,45.33,0.0,64.52,0.0,0.0,0.2025,0.0,19.19
3084,46.25,0.72,68.89,46.35,0.0,0.2025,22.99,0.0
3085,46.82,2.44,65.43,44.03,0.0,0.4263,22.99,0.0
3086,47.02,0.0,57.03,33.01,0.0,0.6389,22.99,0.0
3087,46.82,6.21,47.77,11.45,0.0,0.7983,4.29,0.0
3088,46.25,0.0,32.87,9.6,0.0,0.8536,22.99,0.0
3089,45.33,4.18,15.21,0.0,2.94,0.9,22.99,0.0
3090,44.09,0.0,0.0,0.0,21.09,0.8843,22.99,0.0
3091,42.57,7.85,0.0,0.0,31.12,0.7714,3.6,0.0
3092,40.84,5.87,0.0,0.0,34.97,0.6049,0.0,0.0
3093,38.97,8.2,0.0,0.0,7.77,0.4178,22.99,0.0
3094,37.02,4.56,0.0,0.0,9.46,0.3762,22.99,0.0
3095,37.02,11.82,0.0,0.0,2.2,0.3256,22.99,0.0
3096,36.99,11.12,0.0,0.0,2.88,0.3138,22.99,0.0
3097,36.99,9.52,0.0,0.0,4.47,0.2984,22.99,0.0
3098,36.99,6.89,0.0,0.0,7.1,0.2745,22.99,0.0
3099,36.99,8.68,0.0,0.0,5.32,0.2365,22.99,0.0
3100,36.99,3.84,0.0,0.0,10.15,0.208,22.99,0.0
3101,36.99,8.12,0.0,0.0,5.88,0.1537,22.99,0.0
3102,36.99,9.85,0.0,0.0,4.15,0.1222,22.99,0.0
3103,38.94,7.14,15.4,6.59,0.0,0.1,22.99,0.0
3104,40.82,0.53,27.0,9.71,0.0,0.1318,22.99,0.0
3105,42.55,3.39,49.07,32.91,0.0,0.1787,22.99,0.0
3106,44.06,0.0,60.55,0.0,0.0,0.3376,0.0,16.49
3107,45.31,3.15,65.15,0.0,0.0,0.3376,0.0,22.99
3108,46.23,2.74,69.88,49.38,0.0,0.3376,22.99,0.0
3109,46.8,0.0,65.82,0.0,0.0,0.5761,0.0,19.02
3110,46.99,0.0,57.37,33.37,0.0,0.5761,22.99,0.0
3111,46.8,1.31,46.46,23.97,0.0,0.7372,22.99,0.0
3112,46.23,1.92,32.35,0.0,0.0,0.853,11.96,0.0
3113,45.31,0.0,14.95,0.0,7.36,0.853,22.99,0.0
3114,44.06,5.77,0.0,0.0,15.3,0.8136,22.99,0.0
3115,42.55,6.16,0.0,0.0,13.39,0.7317,22.99,0.0
3116,40.82,5.5,0.0,0.0,12.32,0.6601,22.99,0.0
3117,38.94,4.35,0.0,0.0,11.59,0.5941,22.99,0.0
3118,36.99,10.71,0.0,0.0,3.29,0.5321,22.99,0.0
3119,36.99,12.99,0.0,0.0,1.01,0.5145,22.99,0.0
3120,36.96,6.14,0.0,0.0,7.83,0.5091,22.99,0.0
3121,36.96,5.61,0.0,0.0,8.36,0.4672,22.99,0.0
3122,36.96,8.86,0.0,0.0,5.11,0.4225,22.99,0.0
3123,36.96,5.6,0.0,0.0,8.37,0.3952,22.99,0.0
3124,36.96,5.63,0.0,0.0,8.34,0.3504,22.99,0.0
3125,36.96,7.7,0.0,0.0,6.27,0.3058,22.99,0.0
3126,36.96,0.0,0.0,0.0,13.97,0.2722,22.99,0.0
3127,38.92,7.9,18.06,10.04,0.0,0.1974,22.99,0.0
3128,40.79,3.09,33.43,0.0,27.27,0.2459,0.0,22.99
3129,42.52,0.85,49.52,30.84,0.0,0.1,22.99,0.0
3130,44.04,1.38,59.34,0.0,6.31,0.2489,0.0,22.99
3131,45.28,1.22,65.54,44.48,0.0,0.2152,22.99,0.0
3132,46.2,0.0,66.81,0.0,0.0,0.4299,0.0,20.61
3133,46.77,6.18,65.74,48.14,0.0,0.4299,22.99,0.0
3134,46.96,1.8,58.87,36.7,0.0,0.6624,22.99,0.0
3135,46.77,3.61,49.44,0.0,16.71,0.8396,0.0,22.99
3136,46.2,5.93,33.71,16.42,0.0,0.7502,22.99,0.0
3137,45.28,0.33,16.71,0.0,5.25,0.8295,22.99,0.0
3138,44.04,6.0,0.0,0.0,15.04,0.8015,22.99,0.0
3139,42.52,4.44,0.0,0.0,15.09,0.721,22.99,0.0
3140,40.79,8.82,0.0,0.0,8.97,0.6403,22.99,0.0
3141,38.92,0.0,0.0,0.0,15.92,0.5923,22.99,0.0
3142,36.96,6.95,0.0,0.0,7.02,0.5071,22.99,0.0
3143,36.96,5.64,0.0,0.0,8.33,0.4695,22.99,0.0
3144,36.94,9.06,0.0,0.0,4.89,0.4249,22.99,0.0
3145,36.94,9.07,0.0,0.0,4.87,0.3988,22.99,0.0
3146,36.94,4.94,0.0,0.0,9.01,0.3727,22.99,0.0
3147,36.94,4.41,0.0,0.0,9.53,0.3245,22.99,0.0
3148,36.94,5.68,0.0,0.0,8.26,0.2735,22.99,0.0
3149,36.94,2.36,0.0,0.0,11.58,0.2293,22.99,0.0
3150,36.94,7.15,0.0,0.0,6.8,0.1674,22.99,0.0
3151,38.89,0.88,15.01,0.0,0.0,0.131,22.99,0.0
3152,40.76,0.0,33.52,0.0,0.0,0.131,7.24,0.0
3153,42.49,0.93,47.65,29.08,0.0,0.131,22.99,0.0
3154,44.01,0.0,59.48,0.0,7.53,0.2714,0.0,22.99
3155,45.25,0.0,65.68,43.42,0.0,0.2311,22.99,0.0
3156,46.18,0.0,68.4,0.0,0.0,0.4408,0.0,22.23
3157,46.75,1.65,30.33,8.23,0.0,0.4408,22.99,0.0
3158,46.94,5.92,57.34,39.32,0.0,0.4805,22.99,0.0
3159,46.75,3.15,48.67,28.07,0.0,0.6704,22.99,0.0
3160,46.18,0.85,34.6,12.26,0.0,0.806,22.99,0.0
3161,45.25,5.06,17.0,0.0,0.2,0.8652,22.99,0.0
3162,44.01,2.94,0.0,0.0,18.07,0.8641,22.99,0.0
3163,42.49,3.02,0.0,0.0,16.48,0.7674,22.99,0.0
3164,40.76,2.31,0.0,0.0,15.46,0.6792,22.99,0.0
3165,38.89,1.05,0.0,0.0,14.85,0.5965,22.99,0.0
3166,36.94,5.96,0.0,0.0,7.98,0.517,22.99,0.0
3167,36.94,8.06,0.0,0.0,5.88,0.4743,22.99,0.0
3168,36.91,7.3,0.0,0.0,6.61,0.4428,22.99,0.0
3169,36.91,6.16,0.0,0.0,7.76,0.4075,22.99,0.0
3170,36.91,4.12,0.0,0.0,9.79,0.366,22.99,0.0
3171,36.91,8.64,0.0,0.0,5.28,0.3136,22.99,0.0
3172,36.91,1.74,0.0,0.0,12.18,0.2853,22.99,0.0
3173,36.91,7.73,0.0,0.0,6.19,0.2202,22.99,0.0
3174,36.91,1.14,0.0,0.0,12.78,0.1871,22.99,0.0
3175,38.86,0.0,16.68,0.82,0.0,0.1187,22.99,0.0
3176,40.74,0.0,34.09,0.0,0.0,0.1227,6.65,0.0
3177,42.47,0.47,47.47,0.0,0.0,0.1227,0.0,5.48
3178,43.98,4.74,58.0,0.0,4.24,0.1227,0.0,22.99
3179,45.22,2.93,66.77,43.19,0.0,0.1,18.72,0.0
3180,46.15,4.31,67.68,48.84,0.0,0.3086,22.99,0.0
3181,46.72,2.95,67.06,46.28,0.0,0.5444,22.99,0.0
3182,46.91,0.0,59.56,0.0,10.34,0.7679,0.0,22.99
3183,46.72,1.02,49.72,27.02,0.0,0.7126,22.99,0.0
3184,46.15,0.24,34.71,11.8,0.0,0.843,22.99,0.0
3185,45.22,7.85,17.83,0.0,30.6,0.9,0.0,11.06
3186,43.98,0.51,0.0,0.0,20.48,0.7363,22.99,0.0
3187,42.47,8.11,0.0,0.0,11.36,0.6267,22.99,0.0
3188,40.74,8.89,0.0,0.0,8.86,0.5659,22.99,0.0
3189,38.86,12.59,0.0,0.0,3.28,0.5185,22.99,0.0
3190,36.91,5.86,0.0,0.0,8.06,0.501,22.99,0.0
3191,36.91,9.81,0.0,0.0,4.11,0.4579,22.99,0.0
3192,36.88,14.95,0.0,1.07,0.0,0.4359,22.99,0.0
3193,36.88,5.47,0.0,0.0,8.42,0.441,22.99,0.0
3194,36.88,2.18,0.0,0.0,11.71,0.396,22.99,0.0
3195,36.88,0.55,0.0,0.0,13.34,0.3333,22.99,0.0
3196,36.88,8.26,0.0,0.0,5.63,0.2619,22.99,0.0
3197,36.88,0.0,0.0,0.0,13.89,0.2318,22.99,0.0
3198,36.88,3.14,0.0,0.0,10.75,0.1575,22.99,0.0
3199,38.83,4.92,15.07,0.0,0.0,0.1,18.85,0.0
3200,40.71,3.32,14.39,0.0,0.0,0.1,22.99,0.0
3201,42.44,3.43,47.19,31.18,0.0,0.1,22.99,0.0
3202,43.95,2.26,60.11,41.41,0.0,0.2505,22.99,0.0
3203,45.2,5.35,66.34,49.49,0.0,0.4505,22.99,0.0
3204,46.12,0.0,68.85,33.31,0.0,0.6895,10.58,0.0
3205,46.69,0.0,68.07,0.0,0.0,0.8503,0.0,21.38
3206,46.88,0.0,23.89,0.0,0.0,0.8503,22.99,0.0
3207,46.69,4.74,18.96,0.0,0.0,0.8503,22.99,0.0
3208,46.12,0.0,33.41,10.29,0.0,0.8503,22.99,0.0
3209,45.2,4.96,18.17,0.0,0.0,0.9,22.07,0.0
3210,43.95,8.17,0.0,0.0,12.79,0.9,22.99,0.0
3211,42.44,1.37,0.0,0.0,18.08,0.8316,22.99,0.0
3212,40.71,11.35,0.0,0.0,6.36,0.7348,22.99,0.0
3213,38.83,11.55,0.0,0.0,4.28,0.7008,22.99,0.0
3214,36.88,9.52,0.0,0.0,4.37,0.6779,22.99,0.0
3215,36.88,13.23,0.0,0.0,46.65,0.6545,0.0,22.99
3216,36.85,2.17,0.0,0.0,11.69,0.4049,22.99,0.0
3217,36.85,5.73,0.0,0.0,8.13,0.3424,22.99,0.0
3218,36.85,4.72,0.0,0.0,9.14,0.2989,22.99,0.0
3219,36.85,8.92,0.0,0.0,4.94,0.25,22.99,0.0
3220,36.85,2.52,0.0,0.0,11.34,0.2235,22.99,0.0
3221,36.85,7.59,0.0,0.0,6.27,0.1629,22.99,0.0
3222,36.85,8.73,0.0,0.0,5.47,0.1293,22.65,0.0
3223,38.8,5.71,18.02,7.92,0.0,0.1,22.99,0.0
3224,40.68,3.6,23.58,9.49,0.0,0.1382,22.99,0.0
3225,42.41,0.0,50.06,0.0,0.0,0.1841,0.0,7.65
3226,43.92,0.0,60.84,0.0,6.08,0.1841,0.0,22.99
3227,45.17,5.22,67.61,4.66,0.0,0.1515,0.0,22.99
3228,46.09,3.58,67.65,48.13,0.0,0.1741,22.99,0.0
3229,46.66,1.05,66.79,44.18,0.0,0.4065,22.99,0.0
3230,46.85,0.14,58.91,35.2,0.0,0.6198,22.99,0.0
3231,46.66,0.0,46.49,22.82,0.0,0.7898,22.99,0.0
3232,46.09,0.0,33.77,0.0,0.0,0.9,12.32,0.0
3233,45.17,9.64,15.38,0.0,0.0,0.9,20.14,0.0
3234,43.92,0.16,0.0,0.0,20.77,0.9,22.99,0.0
3235,42.41,5.75,0.0,0.0,13.67,0.7888,22.99,0.0
3236,40.68,9.17,0.0,0.0,8.51,0.7157,22.99,0.0
3237,38.8,2.53,0.0,0.0,13.28,0.6702,22.99,0.0
3238,36.85,7.7,0.0,0.0,6.16,0.5991,22.99,0.0
3239,36.85,10.46,0.0,0.0,44.45,0.5661,0.0,18.05
3240,36.82,7.53,0.0,0.0,6.3,0.3283,22.99,0.0
3241,36.82,16.66,0.0,2.83,0.0,0.2946,22.99,0.0
3242,36.82,1.66,0.0,0.0,12.17,0.3083,22.99,0.0
3243,36.82,9.97,0.0,0.0,3.86,0.2432,22.99,0.0
3244,36.82,5.32,0.0,0.0,8.51,0.2225,22.99,0.0
3245,36.82,7.59,0.0,0.0,6.24,0.177,22.99,0.0
3246,36.82,5.68,0.0,0.0,8.15,0.1436,22.99,0.0
3247,38.77,0.0,16.29,0.51,0.0,0.1,22.99,0.0
3248,40.65,3.38,31.9,17.62,0.0,0.1025,22.99,0.0
3249,42.38,0.0,49.01,0.0,16.37,0.1876,0.0,22.99
3250,43.89,0.0,59.81,38.91,0.0,0.1,22.99,0.0
3251,45.14,2.1,66.83,46.78,0.0,0.2879,22.99,0.0
3252,46.06,0.0,68.36,22.29,0.0,0.5138,0.0,0.0
3253,46.63,4.56,67.7,25.62,0.0,0.6214,0.0,0.0
3254,46.82,2.64,58.66,32.06,0.0,0.7452,17.58,0.0
3255,46.63,2.45,49.49,0.0,7.95,0.9,0.0,13.25
3256,46.06,0.0,31.88,8.81,0.0,0.8575,22.99,0.0
3257,45.14,1.12,14.85,0.0,6.18,0.9,22.99,0.0
3258,43.89,8.1,0.0,0.0,12.81,0.867,22.99,0.0
3259,42.38,9.74,0.0,0.0,9.65,0.7984,22.99,0.0
3260,40.65,5.1,0.0,0.0,12.55,0.7468,22.99,0.0
3261,38.77,6.69,0.0,0.0,9.09,0.6797,22.99,0.0
3262,36.82,4.13,0.0,0.0,32.69,0.631,0.0,0.0
3263,36.82,11.17,0.0,0.0,2.65,0.4561,22.99,0.0
3264,36.79,9.6,0.0,0.0,4.2,0.4419,22.99,0.0
3265,36.79,13.62,0.0,0.0,0.18,0.4195,22.99,0.0
3266,36.79,4.18,0.0,0.0,9.62,0.4185,22.99,0.0
3267,36.79,5.28,0.0,0.0,8.52,0.367,22.99,0.0
3268,36.79,6.58,0.0,0.0,7.22,0.3214,22.99,0.0
3269,36.79,7.15,0.0,0.0,6.66,0.2828,22.99,0.0
3270,36.79,3.52,0.0,0.0,10.28,0.2472,22.99,0.0
3271,38.75,0.56,18.16,2.97,0.0,0.1922,22.99,0.0
3272,40.62,5.45,33.64,0.0,19.91,0.2065,0.0,18.38
3273,42.35,4.26,48.7,0.0,0.0,0.1,0.0,10.61
3274,43.87,0.0,59.63,38.76,0.0,0.1,22.99,0.0
3275,45.11,5.48,66.42,3.79,0.0,0.2872,0.0,22.99
3276,46.03,4.77,69.76,5.5,0.0,0.3055,0.0,22.99
3277,46.6,1.53,67.55,45.47,0.0,0.332,22.99,0.0
3278,46.79,1.67,59.08,36.96,0.0,0.5516,22.99,0.0
3279,46.6,3.72,48.8,28.91,0.0,0.73,22.99,0.0
3280,46.03,0.0,32.48,0.0,0.0,0.8697,13.55,0.0
3281,45.11,3.48,15.59,0.0,3.05,0.8697,22.99,0.0
3282,43.87,0.0,0.0,0.0,20.87,0.8534,22.99,0.0
3283,42.35,7.89,0.0,0.0,11.47,0.7417,22.99,0.0
3284,40.62,0.78,0.0,0.0,16.84,0.6803,22.99,0.0
3285,38.75,11.37,0.0,0.0,4.38,0.5902,22.99,0.0
3286,36.79,5.95,0.0,0.0,7.85,0.5667,22.99,0.0
3287,36.79,6.66,0.0,0.0,7.14,0.5247,22.99,0.0
3288,36.76,5.38,0.0,0.0,21.73,0.4865,9.65,0.0
3289,36.76,6.37,0.0,0.0,7.4,0.3703,22.99,0.0
3290,36.76,11.57,0.0,0.0,2.2,0.3307,22.99,0.0
3291,36.76,0.0,0.0,0.0,13.77,0.3189,22.99,0.0
3292,36.76,9.93,0.0,0.0,3.84,0.2452,22.99,0.0
3293,36.76,6.11,0.0,0.0,7.66,0.2246,22.99,0.0
3294,36.76,0.27,0.0,0.0,13.5,0.1836,22.99,0.0
3295,38.71,0.0,15.72,0.0,0.0,0.1114,22.99,0.0
3296,40.59,7.98,35.58,25.96,0.0,0.1114,22.99,0.0
3297,42.32,0.0,48.5,0.0,16.82,0.2368,0.0,22.99
3298,43.84,0.0,58.08,0.0,8.75,0.1468,0.0,22.99
3299,45.08,4.73,67.96,50.0,0.0,0.1,22.39,0.0
3300,46.0,2.04,69.56,30.61,0.0,0.3414,5.01,0.0
3301,46.57,0.0,65.84,19.27,0.0,0.4892,0.0,0.0
3302,46.76,2.08,60.72,39.02,0.0,0.5823,22.99,0.0
3303,46.57,0.0,48.88,25.3,0.0,0.7707,22.99,0.0
3304,46.0,6.12,33.08,0.0,0.0,0.8929,6.81,0.0
3305,45.08,6.77,16.78,1.47,0.0,0.8929,22.99,0.0
3306,43.84,5.9,0.0,0.0,14.94,0.9,22.99,0.0
3307,42.32,6.18,0.0,0.0,13.14,0.82,22.99,0.0
3308,40.59,11.49,0.0,0.0,6.11,0.7497,22.99,0.0
3309,38.71,6.46,0.0,0.0,9.26,0.7171,22.99,0.0
3310,36.76,3.16,0.0,0.0,10.61,0.6675,22.99,0.0
3311,36.76,8.76,0.0,0.0,5.01,0.6107,22.99,0.0
3312,36.73,14.12,0.0,0.38,0.0,0.5839,22.99,0.0
3313,36.73,3.98,0.0,0.0,9.76,0.5857,22.99,0.0
3314,36.73,5.77,0.0,0.0,29.05,0.5335,1.91,0.0
3315,36.73,7.77,0.0,0.0,5.97,0.3781,22.99,0.0
3316,36.73,5.58,0.0,0.0,8.16,0.3462,22.99,0.0
3317,36.73,1.8,0.0,0.0,11.94,0.3025,22.99,0.0
3318,36.73,7.77,0.0,0.0,5.97,0.2386,22.99,0.0
3319,38.68,10.81,16.53,11.65,0.0,0.2067,22.99,0.0
3320,40.56,3.16,32.44,0.0,0.0,0.2629,4.96,0.0
3321,42.29,0.0,47.48,0.0,17.81,0.2629,0.0,22.99
3322,43.8,0.0,58.25,0.0,8.55,0.1676,0.0,22.99
3323,45.05,1.85,65.88,0.0,0.0,0.1219,0.0,22.68
3324,45.97,4.47,67.73,49.23,0.0,0.1219,22.99,0.0
3325,46.54,2.55,67.02,46.02,0.0,0.3596,22.99,0.0
3326,46.73,1.33,59.62,37.21,0.0,0.5818,22.99,0.0
3327,46.54,0.0,50.22,26.67,0.0,0.7615,22.99,0.0
3328,45.97,0.0,34.24,0.0,0.0,0.8903,11.73,0.0
3329,45.05,6.0,17.31,1.26,0.0,0.8903,22.99,0.0
3330,43.8,7.09,0.0,0.0,13.72,0.8964,22.99,0.0
3331,42.29,0.0,0.0,0.0,19.29,0.823,22.99,0.0
3332,40.56,10.9,0.0,0.0,6.67,0.7198,22.99,0.0
3333,38.68,8.28,0.0,0.0,7.41,0.6841,22.99,0.0
3334,36.73,11.47,0.0,0.0,2.27,0.6445,22.99,0.0
3335,36.73,2.92,0.0,0.0,10.82,0.6323,22.99,0.0
3336,36.7,2.92,0.0,0.0,10.79,0.5744,22.99,0.0
3337,36.7,6.74,0.0,0.0,6.97,0.5167,22.99,0.0
3338,36.7,8.53,0.0,0.0,5.18,0.4794,22.99,0.0
3339,36.7,12.2,0.0,0.0,1.51,0.4517,22.99,0.0
3340,36.7,8.0,0.0,0.0,5.71,0.4436,22.99,0.0
3341,36.7,4.15,0.0,0.0,9.56,0.4131,22.99,0.0
3342,36.7,0.78,0.0,0.0,12.93,0.362,22.99,0.0
3343,38.65,7.24,17.24,8.82,0.0,0.2928,22.99,0.0
3344,40.53,0.0,34.94,0.0,28.58,0.3354,0.0,22.99
3345,42.26,7.08,50.31,0.0,7.86,0.1825,0.0,22.99
3346,43.77,0.38,58.83,0.0,7.55,0.1404,0.0,22.99
3347,45.02,6.12,67.15,5.26,0.0,0.1,0.0,22.99
3348,45.94,3.06,68.87,48.98,0.0,0.1254,22.99,0.0
3349,46.51,0.53,68.85,45.86,0.0,0.362,22.99,0.0
3350,46.7,0.0,58.82,35.11,0.0,0.5834,22.99,0.0
3351,46.51,0.71,48.42,25.62,0.0,0.753,22.99,0.0
3352,45.94,3.87,35.33,4.83,0.0,0.8767,11.58,0.0
3353,45.02,3.51,16.67,0.0,1.84,0.9,22.99,0.0
3354,43.77,2.18,0.0,0.0,18.6,0.8902,22.99,0.0
3355,42.26,4.4,0.0,0.0,14.86,0.7906,22.99,0.0
3356,40.53,5.97,0.0,0.0,11.56,0.7111,22.99,0.0
3357,38.65,0.0,0.0,0.0,15.66,0.6493,22.99,0.0
3358,36.7,8.38,0.0,0.0,5.32,0.5655,22.99,0.0
3359,36.7,4.06,0.0,0.0,9.65,0.537,22.99,0.0
3360,36.67,3.57,0.0,0.0,10.11,0.4853,22.99,0.0
3361,36.67,1.73,0.0,0.0,11.95,0.4312,22.99,0.0
3362,36.67,1.06,0.0,0.0,12.62,0.3673,22.99,0.0
3363,36.67,1.97,0.0,0.0,11.71,0.2998,22.99,0.0
3364,36.67,3.39,0.0,0.0,10.29,0.2372,22.99,0.0
3365,36.67,11.22,0.0,0.0,2.46,0.1821,22.99,0.0
3366,36.67,2.36,0.0,0.0,11.31,0.169,22.99,0.0
3367,38.62,3.8,15.29,3.46,0.0,0.1084,22.99,0.0
3368,40.5,3.74,33.44,0.0,0.0,0.1251,3.31,0.0
3369,42.23,2.2,47.76,0.0,0.0,0.1251,0.0,7.74
3370,43.74,1.01,59.11,0.0,4.7,0.1251,0.0,21.07
3371,44.98,0.0,68.61,46.62,0.0,0.1,22.99,0.0
3372,45.91,5.52,71.42,37.55,0.0,0.3251,6.52,0.0
3373,46.48,6.78,66.86,4.17,0.0,0.5065,0.0,22.99
3374,46.67,0.0,60.81,37.13,0.0,0.5266,22.99,0.0
3375,46.48,0.0,49.7,26.22,0.0,0.7059,22.99,0.0
3376,45.91,1.54,35.35,13.97,0.0,0.8325,22.99,0.0
3377,44.98,0.11,15.38,0.0,6.51,0.9,22.99,0.0
3378,43.74,0.0,0.0,0.0,20.75,0.8652,22.99,0.0
3379,42.23,2.54,0.0,0.0,16.69,0.7542,22.99,0.0
3380,40.5,12.68,0.0,0.0,4.82,0.6649,22.99,0.0
3381,38.62,10.2,0.0,0.0,5.43,0.6391,22.99,0.0
3382,36.67,7.55,0.0,0.0,28.88,0.61,0.24,0.0
3383,36.67,10.51,0.0,0.0,3.17,0.4555,22.99,0.0
3384,36.64,10.84,0.0,0.0,2.81,0.4386,22.99,0.0
3385,36.64,5.33,0.0,0.0,8.32,0.4236,22.99,0.0
3386,36.64,4.19,0.0,0.0,9.46,0.3791,22.99,0.0
3387,36.64,6.57,0.0,0.0,7.08,0.3285,22.99,0.0
3388,36.64,0.0,0.0,0.0,13.64,0.2906,22.99,0.0
3389,36.64,5.31,0.0,0.0,8.33,0.2176,22.99,0.0
3390,36.64,0.0,0.0,0.0,13.64,0.173,22.99,0.0
3391,38.59,0.59,15.0,0.0,0.0,0.1,22.99,0.0
3392,40.46,2.17,34.01,0.11,0.0,0.1,4.39,0.0
3393,42.19,1.49,49.57,0.0,0.0,0.1005,0.0,8.87
3394,43.71,7.6,61.37,2.27,0.0,0.1005,0.0,22.99
3395,44.95,0.0,65.8,0.0,2.15,0.1115,0.0,22.99
3396,45.88,0.0,69.66,46.02,0.0,0.1,22.23,0.0
3397,46.45,5.72,65.76,48.03,0.0,0.3222,22.99,0.0
3398,46.64,8.57,60.34,45.27,0.0,0.5541,22.99,0.0
3399,46.45,0.43,49.37,26.35,0.0,0.7728,22.99,0.0
3400,45.88,4.0,33.64,0.0,12.17,0.9,0.0,3.93
3401,44.95,5.03,14.92,0.0,2.01,0.8349,22.99,0.0
3402,43.71,4.66,0.0,0.0,16.06,0.8241,22.99,0.0
3403,42.19,4.54,0.0,0.0,14.66,0.7382,22.99,0.0
3404,40.46,7.05,0.0,0.0,10.42,0.6598,22.99,0.0
3405,38.59,0.0,0.0,0.0,15.59,0.604,22.99,0.0
3406,36.64,9.03,0.0,0.0,4.61,0.5206,22.99,0.0
3407,36.64,7.56,0.0,0.0,6.09,0.4959,22.99,0.0
3408,36.61,6.5,0.0,0.0,7.11,0.4634,22.99,0.0
3409,36.61,13.73,0.0,0.0,0.0,0.4253,22.87,0.0
3410,36.61,4.61,0.0,0.0,9.0,0.4253,22.99,0.0
3411,36.61,4.97,0.0,0.0,8.64,0.3772,22.99,0.0
3412,36.61,12.05,0.0,0.0,1.56,0.3309,22.99,0.0
3413,36.61,2.14,0.0,0.0,11.48,0.3226,22.99,0.0
3414,36.61,2.21,0.0,0.0,11.4,0.2612,22.99,0.0
3415,38.56,2.68,17.27,4.39,0.0,0.2002,22.99,0.0
3416,40.43,5.09,35.65,0.0,22.68,0.2214,0.0,22.99
3417,42.16,2.37,49.28,22.58,0.0,0.1,13.08,0.0
3418,43.68,0.0,60.45,0.0,6.22,0.209,0.0,22.99
3419,44.92,0.0,68.65,46.72,0.0,0.1758,22.99,0.0
3420,45.84,0.0,68.84,0.0,0.0,0.4014,0.0,22.99
3421,46.41,0.62,67.63,21.83,0.0,0.4014,0.0,0.0
3422,46.61,2.57,61.39,40.35,0.0,0.5068,22.99,0.0
3423,46.41,3.05,50.47,30.11,0.0,0.7016,22.99,0.0
3424,45.84,0.0,33.82,10.97,0.0,0.847,22.99,0.0
3425,44.92,6.59,16.85,0.0,0.0,0.9,21.48,0.0
3426,43.68,4.81,0.0,0.0,15.88,0.9,22.99,0.0
3427,42.16,9.31,0.0,0.0,10.7,0.8151,22.15,0.0
3428,40.43,7.04,0.0,0.0,10.39,0.7578,22.99,0.0
3429,38.56,9.84,0.0,0.0,5.72,0.7022,22.99,0.0
3430,36.61,8.3,0.0,0.0,5.31,0.6716,22.99,0.0
3431,36.61,11.47,0.0,0.0,2.14,0.6431,22.99,0.0
3432,36.57,8.88,0.0,0.0,4.7,0.6317,22.99,0.0
3433,36.57,6.76,0.0,0.0,6.82,0.6065,22.99,0.0
3434,36.57,14.11,0.0,0.53,0.0,0.5701,22.99,0.0
3435,36.57,9.12,0.0,0.0,4.46,0.5726,22.99,0.0
3436,36.57,7.43,0.0,0.0,6.15,0.5487,22.99,0.0
3437,36.57,0.66,0.0,0.0,35.91,0.5158,0.0,0.0
3438,36.57,0.0,0.0,0.0,13.58,0.3237,22.99,0.0
3439,38.52,4.06,16.9,5.44,0.0,0.251,22.99,0.0
3440,40.4,2.81,33.58,0.0,27.0,0.2773,0.0,22.99
3441,42.13,0.0,48.78,0.0,0.0,0.1328,0.0,6.65
3442,43.64,1.61,58.9,0.0,6.13,0.1328,0.0,22.99
3443,44.89,0.25,67.63,0.0,0.0,0.1,0.0,22.99
3444,45.81,2.97,69.79,49.94,0.0,0.1,22.99,0.0
3445,46.38,0.0,67.61,36.25,0.0,0.3411,15.02,0.0
3446,46.57,0.79,61.1,38.32,0.0,0.5162,22.99,0.0
3447,46.38,0.0,50.33,26.95,0.0,0.7012,22.99,0.0
3448,45.81,1.08,35.95,14.22,0.0,0.8313,22.99,0.0
3449,44.89,1.78,17.82,0.0,2.29,0.9,22.99,0.0
3450,43.64,2.41,0.0,0.0,40.96,0.8877,0.27,0.0
3451,42.13,0.73,0.0,0.0,18.4,0.6686,22.99,0.0
3452,40.4,5.16,0.0,0.0,12.25,0.5701,22.99,0.0
3453,38.52,4.43,0.0,0.0,11.1,0.5046,22.99,0.0
3454,36.57,0.0,0.0,0.0,13.58,0.4452,22.99,0.0
3455,36.57,13.72,0.0,0.0,0.0,0.3726,22.85,0.0
3456,36.54,10.68,0.0,0.0,2.87,0.3726,22.99,0.0
3457,36.54,5.83,0.0,0.0,7.72,0.3572,22.99,0.0
3458,36.54,6.78,0.0,0.0,6.76,0.3159,22.99,0.0
3459,36.54,2.42,0.0,0.0,11.13,0.2797,22.99,0.0
3460,36.54,11.02,0.0,0.0,2.52,0.2202,22.99,0.0
3461,36.54,10.89,0.0,0.0,2.65,0.2067,22.99,0.0
3462,36.54,4.43,0.0,0.0,9.12,0.1925,22.99,0.0
3463,38.49,6.39,17.18,8.08,0.0,0.1437,22.99,0.0
3464,40.37,2.87,33.98,0.0,0.0,0.1828,3.51,0.0
3465,42.09,0.0,47.54,28.44,0.0,0.1828,22.99,0.0
3466,43.61,0.0,58.81,0.0,7.79,0.3201,0.0,22.99
3467,44.85,1.22,67.94,1.32,0.0,0.2784,0.0,22.99
3468,45.78,0.0,71.9,49.12,0.0,0.2848,22.99,0.0
3469,46.35,0.09,66.14,0.0,3.11,0.522,0.0,22.99
3470,46.54,0.82,62.04,39.32,0.0,0.5053,22.99,0.0
3471,46.35,1.37,50.92,28.94,0.0,0.6952,22.99,0.0
3472,45.78,2.47,33.49,13.18,0.0,0.835,22.99,0.0
3473,44.85,0.0,15.54,0.0,6.32,0.8986,22.99,0.0
3474,43.61,1.6,0.0,0.0,19.02,0.8648,22.99,0.0
3475,42.09,0.6,0.0,0.0,18.5,0.7631,22.99,0.0
3476,40.37,8.7,0.0,0.0,8.67,0.6641,22.99,0.0
3477,38.49,0.0,0.0,0.0,15.5,0.6177,22.99,0.0
3478,36.54,10.45,0.0,0.0,3.09,0.5348,22.99,0.0
3479,36.54,11.53,0.0,0.0,2.02,0.5182,22.99,0.0
3480,36.5,6.14,0.0,0.0,7.37,0.5075,22.99,0.0
3481,36.5,0.0,0.0,0.0,13.51,0.468,22.99,0.0
3482,36.5,5.52,0.0,0.0,7.99,0.3958,22.99,0.0
3483,36.5,5.97,0.0,0.0,7.54,0.353,22.99,0.0
3484,36.5,2.23,0.0,0.0,11.28,0.3126,22.99,0.0
3485,36.5,3.06,0.0,0.0,10.45,0.2523,22.99,0.0
3486,36.5,8.84,0.0,0.0,4.67,0.1964,22.99,0.0
3487,38.45,5.2,16.32,6.06,0.0,0.1713,22.99,0.0
3488,40.33,0.0,17.34,0.0,0.0,0.2006,22.99,0.0
3489,42.06,0.0,50.73,0.0,14.32,0.2006,0.0,22.99
3490,43.58,0.03,62.06,0.0,4.48,0.124,0.0,22.99
3491,44.82,0.07,69.47,47.72,0.0,0.1,22.99,0.0
3492,45.74,2.26,71.9,50.0,0.0,0.3304,21.59,0.0
3493,46.31,0.0,67.86,39.86,0.0,0.5719,18.31,0.0
3494,46.5,2.74,62.56,0.0,4.2,0.7643,0.0,22.99
3495,46.31,7.86,48.21,32.75,0.0,0.7419,22.99,0.0
3496,45.74,4.91,34.03,0.0,0.0,0.9,6.81,0.0
3497,44.82,2.89,16.04,0.0,2.89,0.9,22.99,0.0
3498,43.58,3.29,0.0,0.0,17.29,0.8845,22.99,0.0
3499,42.06,3.57,0.0,0.0,15.5,0.792,22.99,0.0
3500,40.33,9.32,0.0,0.0,8.02,0.7091,22.99,0.0
3501,38.45,4.14,0.0,0.0,11.32,0.6662,22.99,0.0
3502,36.5,6.83,0.0,0.0,6.68,0.6057,22.99,0.0
3503,36.5,7.18,0.0,0.0,6.33,0.57,22.99,0.0
3504,36.47,5.46,0.0,0.0,8.01,0.5361,22.99,0.0
3505,36.47,2.54,0.0,0.0,10.94,0.4932,22.99,0.0
3506,36.47,7.7,0.0,0.0,5.78,0.4347,22.99,0.0
3507,36.47,5.94,0.0,0.0,7.53,0.4038,22.99,0.0
3508,36.47,7.09,0.0,0.0,6.39,0.3635,22.99,0.0
3509,36.47,2.96,0.0,0.0,10.51,0.3293,22.99,0.0
3510,36.47,7.8,0.0,0.0,5.67,0.273,22.99,0.0
3511,38.42,0.18,10.95,0.0,4.29,0.2427,22.99,0.0
3512,40.3,7.77,33.14,0.0,22.37,0.2197,0.0,22.99
3513,42.03,0.0,42.03,0.0,0.0,0.1,0.0,0.0
3514,43.54,2.46,60.65,28.65,0.0,0.1,9.08,0.0
3515,44.78,2.27,68.95,3.43,0.0,0.2384,0.0,22.99
3516,45.71,0.0,70.13,47.42,0.0,0.2549,22.99,0.0
3517,46.28,2.1,68.8,47.61,0.0,0.4839,22.99,0.0
3518,46.47,5.19,59.74,0.0,4.53,0.7138,0.0,22.99
3519,46.28,0.0,50.73,27.45,0.0,0.6896,22.99,0.0
3520,45.71,3.86,34.98,16.13,0.0,0.8221,22.99,0.0
3521,44.78,0.0,18.59,0.0,3.2,0.9,22.99,0.0
3522,43.54,0.73,0.0,0.0,19.82,0.8829,22.99,0.0
3523,42.03,9.96,0.0,0.0,9.07,0.7768,22.99,0.0
3524,40.3,3.59,0.0,0.0,13.71,0.7283,22.99,0.0
3525,38.42,2.34,0.0,0.0,13.08,0.6549,22.99,0.0
3526,36.47,6.01,0.0,0.0,7.46,0.5849,22.99,0.0
3527,36.47,13.48,0.0,0.0,0.0,0.545,22.99,0.0
3528,36.43,1.13,0.0,0.0,12.31,0.545,22.99,0.0
3529,36.43,3.54,0.0,0.0,9.9,0.4791,22.99,0.0
3530,36.43,11.47,0.0,0.0,1.98,0.4262,22.99,0.0
3531,36.43,12.12,0.0,0.0,1.32,0.4156,22.99,0.0
3532,36.43,5.1,0.0,0.0,10.79,0.4085,20.54,0.0
3533,36.43,0.65,0.0,0.0,12.79,0.3508,22.99,0.0
3534,36.43,10.6,0.0,0.0,2.84,0.2823,22.99,0.0
3535,38.39,8.14,15.97,8.72,0.0,0.2671,22.99,0.0
3536,40.26,4.4,34.95,0.0,23.91,0.3092,0.0,22.99
3537,41.99,0.0,49.8,0.0,15.19,0.1813,0.0,22.99
3538,43.51,0.0,60.03,39.52,0.0,0.1,22.99,0.0
3539,44.75,0.0,69.49,1.75,0.0,0.2908,0.0,22.99
3540,45.67,1.66,69.91,48.89,0.0,0.2992,22.99,0.0
3541,46.24,5.39,68.81,39.31,0.0,0.5353,11.36,0.0
3542,46.43,0.0,59.65,36.21,0.0,0.7252,22.99,0.0
3543,46.24,0.0,23.25,0.0,0.0,0.9,22.99,0.0
3544,45.67,6.66,36.21,0.0,0.0,0.9,2.81,0.0
3545,44.75,4.0,18.27,0.0,32.24,0.9,0.0,9.76
3546,43.51,6.04,0.0,0.0,14.47,0.7275,22.99,0.0
3547,41.99,9.4,0.0,0.0,9.6,0.6501,22.99,0.0
3548,40.26,1.84,0.0,0.0,15.43,0.5987,22.99,0.0
3549,38.39,5.99,0.0,0.0,9.4,0.5162,22.99,0.0
3550,36.43,4.9,0.0,0.0,8.54,0.4659,22.99,0.0
3551,36.43,1.87,0.0,0.0,11.57,0.4202,22.99,0.0
3552,36.4,8.14,0.0,0.0,5.26,0.3583,22.99,0.0
3553,36.4,15.04,0.0,1.63,0.0,0.3302,22.99,0.0
3554,36.4,0.64,0.0,0.0,12.77,0.3381,22.99,0.0
3555,36.4,5.97,0.0,0.0,7.43,0.2697,22.99,0.0
3556,36.4,7.48,0.0,0.0,5.93,0.23,22.99,0.0
3557,36.4,5.02,0.0,0.0,8.38,0.1983,22.99,0.0
3558,36.4,3.42,0.0,0.0,9.98,0.1534,22.99,0.0
3559,38.35,0.0,17.04,1.69,0.0,0.1,22.99,0.0
3560,40.23,2.92,34.93,20.62,0.0,0.1081,22.99,0.0
3561,41.95,0.0,49.91,0.0,15.04,0.2077,0.0,22.99
3562,43.47,0.0,60.97,0.0,5.09,0.1272,0.0,22.59
3563,44.71,4.53,68.9,5.72,0.0,0.1,0.0,22.99
3564,45.64,3.65,70.06,50.0,0.0,0.1276,21.93,0.0
3565,46.21,0.0,69.2,0.0,0.0,0.3691,0.0,22.99
3566,46.4,1.73,60.64,38.97,0.0,0.3691,22.99,0.0
3567,46.21,4.98,49.98,31.75,0.0,0.5572,22.99,0.0
3568,45.64,2.9,34.52,14.77,0.0,0.7105,22.99,0.0
3569,44.71,5.71,16.01,0.0,0.0,0.7819,22.99,0.0
3570,43.47,2.83,0.0,0.0,17.65,0.7819,22.99,0.0
3571,41.95,8.87,0.0,0.0,10.09,0.6874,22.99,0.0
3572,40.23,6.44,0.0,0.0,10.79,0.6334,22.99,0.0
3573,38.35,6.7,0.0,0.0,8.65,0.5757,22.99,0.0
3574,36.4,2.48,0.0,0.0,10.92,0.5294,22.99,0.0
3575,36.4,7.84,0.0,0.0,5.56,0.471,22.99,0.0
3576,36.36,4.3,0.0,0.0,9.07,0.4412,22.99,0.0
3577,36.36,4.82,0.0,0.0,8.55,0.3927,22.99,0.0
3578,36.36,3.92,0.0,0.0,9.45,0.3469,22.99,0.0
3579,36.36,2.6,0.0,0.0,10.77,0.2964,22.99,0.0
3580,36.36,12.25,0.0,0.0,1.12,0.2387,22.99,0.0
3581,36.36,8.9,0.0,0.0,4.47,0.2327,22.99,0.0
3582,36.36,9.97,0.0,0.0,3.4,0.2088,22.99,0.0
3583,38.31,0.0,16.5,1.18,0.0,0.1906,22.99,0.0
3584,40.19,2.37,35.02,0.99,0.0,0.1963,3.79,0.0
3585,41.92,0.0,50.44,0.0,14.47,0.2011,0.0,22.99
3586,43.43,0.0,62.0,0.0,4.42,0.1237,0.0,22.99
3587,44.68,0.0,67.67,0.0,0.0,0.1,0.0,22.99
3588,45.6,4.53,70.62,50.0,0.0,0.1,20.45,0.0
3589,46.17,0.0,68.05,44.87,0.0,0.3414,22.99,0.0
3590,46.36,4.41,60.49,41.53,0.0,0.5581,22.99,0.0
3591,46.17,3.42,51.29,8.55,0.0,0.7587,0.0,0.0
3592,45.6,9.59,33.74,20.72,0.0,0.7999,22.99,0.0
3593,44.68,0.0,16.66,0.0,5.02,0.9,22.99,0.0
3594,43.43,7.83,0.0,0.0,30.41,0.8731,5.19,0.0
3595,41.92,8.3,0.0,0.0,10.62,0.7104,22.99,0.0
3596,40.19,2.23,0.0,0.0,14.97,0.6536,22.99,0.0
3597,38.31,9.3,0.0,0.0,6.02,0.5735,22.99,0.0
3598,36.36,7.65,0.0,0.0,5.72,0.5413,22.99,0.0
3599,36.36,6.15,0.0,0.0,7.22,0.5107,22.99,0.0
3600,36.33,4.3,0.0,0.0,9.04,0.4721,22.99,0.0
3601,36.33,4.53,0.0,0.0,8.81,0.4237,22.99,0.0
3602,36.33,13.16,0.0,0.0,0.17,0.3766,22.99,0.0
3603,36.33,6.02,0.0,0.0,7.32,0.3757,22.99,0.0
3604,36.33,7.88,0.0,0.0,5.46,0.3365,22.99,0.0
3605,36.33,2.01,0.0,0.0,11.33,0.3073,22.99,0.0
3606,36.33,1.21,0.0,0.0,12.13,0.2467,22.99,0.0
3607,38.28,6.39,16.96,8.07,0.0,0.1818,22.99,0.0
3608,40.15,0.0,34.23,0.0,0.0,0.2208,5.93,0.0
3609,41.88,0.1,47.91,0.0,16.87,0.2208,0.0,22.99
3610,43.4,1.04,59.65,0.0,5.71,0.1305,0.0,22.99
3611,44.64,0.96,66.81,0.14,0.0,0.1,0.0,22.99
3612,45.57,0.0,70.37,47.8,0.0,0.1007,22.99,0.0
3613,46.13,1.88,67.91,46.65,0.0,0.3315,22.99,0.0
3614,46.33,3.17,60.49,40.32,0.0,0.5568,22.99,0.0
3615,46.13,3.82,51.27,0.0,0.0,0.7515,0.0,8.95
3616,45.57,0.0,35.4,12.83,0.0,0.7515,22.99,0.0
3617,44.64,1.97,17.89,0.0,1.78,0.8135,22.99,0.0
3618,43.4,7.59,0.0,0.0,12.81,0.8039,22.99,0.0
3619,41.88,7.46,0.0,0.0,11.43,0.7354,22.99,0.0
3620,40.15,0.9,0.0,0.0,24.11,0.6742,15.14,0.0
3621,38.28,7.15,0.0,0.0,8.13,0.5452,22.99,0.0
3622,36.33,0.13,0.0,0.0,13.2,0.5017,22.99,0.0
3623,36.33,7.0,0.0,0.0,6.33,0.431,22.99,0.0
3624,36.29,13.07,0.0,0.0,0.22,0.3972,22.99,0.0
3625,36.29,3.76,0.0,0.0,9.54,0.396,22.99,0.0
3626,36.29,3.8,0.0,0.0,9.5,0.3449,22.99,0.0
3627,36.29,8.46,0.0,0.0,4.84,0.2941,22.99,0.0
3628,36.29,0.33,0.0,0.0,12.97,0.2683,22.99,0.0
3629,36.29,2.49,0.0,0.0,10.81,0.1989,22.99,0.0
3630,36.29,5.63,0.0,0.0,7.67,0.141,22.99,0.0
3631,38.24,0.81,18.2,3.76,0.0,0.1,22.99,0.0
3632,40.12,1.32,36.38,9.29,0.0,0.1182,11.71,0.0
3633,41.85,3.82,49.24,0.0,11.78,0.163,0.0,22.99
3634,43.36,2.26,62.62,0.0,0.0,0.1,0.0,21.52
3635,44.6,1.44,66.16,0.0,0.0,0.1,0.0,22.99
3636,45.53,0.0,70.21,47.68,0.0,0.1,22.99,0.0
3637,46.1,0.0,67.62,44.51,0.0,0.3302,22.99,0.0
3638,46.29,0.5,59.58,36.78,0.0,0.5452,22.99,0.0
3639,46.1,2.89,48.16,24.24,0.0,0.7228,19.28,0.0
3640,45.53,0.47,34.52,12.46,0.0,0.8398,22.99,0.0
3641,44.6,2.27,15.37,0.0,3.97,0.9,22.99,0.0
3642,43.36,0.5,0.0,0.0,19.87,0.8787,22.99,0.0
3643,41.85,4.42,0.0,0.0,14.43,0.7724,22.99,0.0
3644,40.12,2.69,0.0,0.0,14.43,0.6952,22.99,0.0
3645,38.24,2.38,0.0,0.0,12.86,0.618,22.99,0.0
3646,36.29,7.34,0.0,0.0,5.96,0.5492,22.99,0.0
3647,36.29,7.32,0.0,0.0,5.98,0.5173,22.99,0.0
3648,36.25,9.44,0.0,0.0,3.82,0.4853,22.99,0.0
3649,36.25,5.4,0.0,0.0,7.86,0.4649,22.99,0.0
3650,36.25,7.79,0.0,0.0,5.47,0.4228,22.99,0.0
3651,36.25,7.74,0.0,0.0,5.52,0.3936,22.99,0.0
3652,36.25,6.73,0.0,0.0,6.53,0.364,22.99,0.0
3653,36.25,1.84,0.0,0.0,11.42,0.3291,22.99,0.0
3654,36.25,4.15,0.0,0.0,9.11,0.268,22.99,0.0
3655,38.2,4.01,16.59,5.39,0.0,0.2192,22.99,0.0
3656,40.08,2.08,33.85,0.0,27.15,0.2453,0.0,22.99
3657,41.81,0.0,48.16,0.0,0.0,0.1,0.0,6.35
3658,43.32,1.39,61.89,0.0,0.0,0.1,0.0,19.96
3659,44.57,7.7,69.07,9.21,0.0,0.1,0.0,22.99
3660,45.49,0.0,70.93,2.44,0.0,0.1445,0.0,22.99
3661,46.06,0.0,69.53,46.46,0.0,0.1563,22.99,0.0
3662,46.25,2.08,61.14,39.96,0.0,0.3806,22.99,0.0
3663,46.06,2.39,50.29,29.61,0.0,0.5736,22.99,0.0
3664,45.49,5.91,33.04,16.45,0.0,0.7166,22.99,0.0
3665,44.57,0.0,17.74,0.0,3.83,0.796,22.99,0.0
3666,43.32,6.04,0.0,0.0,14.29,0.7755,22.99,0.0
3667,41.81,6.42,0.0,0.0,31.91,0.699,3.48,0.0
3668,40.08,4.83,0.0,0.0,12.26,0.5283,22.99,0.0
3669,38.2,7.05,0.0,0.0,8.16,0.4627,22.99,0.0
3670,36.25,9.8,0.0,0.0,3.46,0.4191,22.99,0.0
3671,36.25,9.62,0.0,0.0,3.64,0.4006,22.99,0.0
3672,36.22,3.18,0.0,0.0,10.04,0.3811,22.99,0.0
3673,36.22,9.42,0.0,0.0,3.8,0.3273,22.99,0.0
3674,36.22,6.23,0.0,0.0,6.99,0.307,22.99,0.0
3675,36.22,6.17,0.0,0.0,7.06,0.2696,22.99,0.0
3676,36.22,5.5,0.0,0.0,7.72,0.2319,22.99,0.0
3677,36.22,3.99,0.0,0.0,9.23,0.1905,22.99,0.0
3678,36.22,7.5,0.0,0.0,5.72,0.1412,22.99,0.0
3679,38.17,2.53,17.82,0.0,0.0,0.1105,17.81,0.0
3680,40.04,0.0,34.32,17.27,0.0,0.1105,22.99,0.0
3681,41.77,0.08,49.71,0.0,14.97,0.1939,0.0,22.99
3682,43.29,1.42,62.28,0.0,2.59,0.1138,0.0,22.99
3683,44.53,4.49,69.97,6.94,0.0,0.1,0.0,22.99
3684,45.45,2.36,71.71,5.62,0.0,0.1335,0.0,22.99
3685,46.02,0.0,69.35,46.32,0.0,0.1606,22.99,0.0
3686,46.22,8.88,61.9,47.56,0.0,0.3843,22.99,0.0
3687,46.02,2.21,48.63,27.81,0.0,0.614,22.99,0.0
3688,45.45,6.15,34.54,18.23,0.0,0.7483,22.99,0.0
3689,44.53,2.31,15.31,0.0,3.91,0.8363,22.99,0.0
3690,43.29,5.37,0.0,0.0,14.92,0.8154,22.99,0.0
3691,41.77,7.2,0.0,0.0,11.58,0.7355,22.99,0.0
3692,40.04,9.2,0.0,0.0,7.85,0.6736,22.99,0.0
3693,38.17,9.35,0.0,0.0,5.82,0.6316,22.99,0.0
3694,36.22,9.27,0.0,0.0,3.96,0.6004,22.99,0.0
3695,36.22,5.75,0.0,0.0,7.47,0.5792,22.99,0.0
3696,36.18,5.0,0.0,0.0,8.18,0.5393,22.99,0.0
3697,36.18,7.82,0.0,0.0,5.37,0.4955,22.99,0.0
3698,36.18,9.44,0.0,0.0,3.75,0.4668,22.99,0.0
3699,36.18,5.18,0.0,0.0,8.0,0.4467,22.99,0.0
3700,36.18,8.68,0.0,0.0,4.5,0.4039,22.99,0.0
3701,36.18,9.15,0.0,0.0,4.03,0.3798,22.99,0.0
3702,36.18,0.65,0.0,0.0,12.53,0.3582,22.99,0.0
3703,38.13,0.07,16.51,0.0,0.0,0.2912,21.55,0.0
3704,40.0,1.54,33.83,0.0,27.62,0.2912,0.0,22.99
3705,41.73,2.32,48.73,26.8,0.0,0.1434,17.48,0.0
3706,43.25,0.0,60.37,0.0,0.0,0.2728,0.0,17.12
3707,44.49,4.14,67.36,50.0,0.0,0.2728,22.99,0.0
3708,45.42,0.0,68.41,0.0,0.0,0.5142,0.0,22.99
3709,45.99,0.62,67.61,0.0,0.0,0.5142,0.0,22.25
3710,46.18,0.0,62.38,39.19,0.0,0.5142,22.99,0.0
3711,45.99,0.0,48.45,25.46,0.0,0.7035,22.99,0.0
3712,45.42,2.91,34.75,15.24,0.0,0.8264,22.99,0.0
3713,44.49,0.0,18.42,0.0,3.08,0.9,22.99,0.0
3714,43.25,6.89,0.0,0.0,13.36,0.8835,22.99,0.0
3715,41.73,3.94,0.0,0.0,14.8,0.812,22.99,0.0
3716,40.0,15.72,0.0,0.0,1.29,0.7328,22.99,0.0
3717,38.13,13.37,0.0,0.0,1.77,0.726,22.99,0.0
3718,36.18,5.83,0.0,0.0,7.35,0.7165,22.99,0.0
3719,36.18,6.4,0.0,0.0,6.79,0.6772,22.99,0.0
3720,36.14,10.05,0.0,0.0,3.1,0.6408,22.99,0.0
3721,36.14,12.22,0.0,0.0,0.92,0.6243,22.99,0.0
3722,36.14,0.47,0.0,0.0,12.68,0.6193,22.99,0.0
3723,36.14,0.1,0.0,0.0,13.05,0.5515,22.99,0.0
3724,36.14,3.2,0.0,0.0,9.95,0.4817,22.99,0.0
3725,36.14,6.31,0.0,0.0,6.83,0.4284,22.99,0.0
3726,36.14,5.2,0.0,0.0,30.94,0.3919,0.0,0.0
3727,38.09,6.21,18.48,9.6,0.0,0.2263,22.99,0.0
3728,39.97,0.0,36.14,0.0,26.82,0.2727,0.0,22.99
3729,41.7,0.0,49.98,31.28,0.0,0.1292,22.99,0.0
3730,43.21,3.56,61.12,0.0,0.0,0.2802,0.0,21.47
3731,44.45,0.0,70.05,2.6,0.0,0.2802,0.0,22.99
3732,45.38,0.0,72.38,50.0,0.0,0.2928,22.99,0.0
3733,45.95,0.94,68.09,46.07,0.0,0.5342,22.99,0.0
3734,46.14,3.35,59.98,0.0,0.0,0.7567,0.0,17.19
3735,45.95,0.91,51.73,29.68,0.0,0.7567,22.99,0.0
3736,45.38,0.49,33.76,0.0,0.0,0.9,11.13,0.0
3737,44.45,2.24,18.89,0.0,0.33,0.9,22.99,0.0
3738,43.21,2.39,0.0,0.0,17.83,0.8982,22.99,0.0
3739,41.7,0.07,0.0,0.0,18.63,0.8029,22.99,0.0
3740,39.97,2.9,0.0,0.0,14.08,0.7032,22.99,0.0
3741,38.09,7.56,0.0,0.0,7.53,0.6278,22.99,0.0
3742,36.14,7.43,0.0,0.0,5.71,0.5875,22.99,0.0
3743,36.14,7.26,0.0,0.0,5.89,0.557,22.99,0.0
3744,36.1,3.58,0.0,0.0,9.53,0.5255,22.99,0.0
3745,36.1,6.1,0.0,0.0,7.0,0.4745,22.99,0.0
3746,36.1,0.0,0.0,0.0,13.11,0.437,22.99,0.0
3747,36.1,6.43,0.0,0.0,6.68,0.3669,22.99,0.0
3748,36.1,9.8,0.0,0.0,3.3,0.3312,22.99,0.0
3749,36.1,0.0,0.0,0.0,13.11,0.3135,22.99,0.0
3750,36.1,1.67,0.0,0.0,11.44,0.2434,22.99,0.0
3751,38.05,3.79,16.41,5.15,0.0,0.1822,22.99,0.0
3752,39.93,6.0,36.3,0.0,20.0,0.207,0.0,22.38
3753,41.66,0.0,50.29,0.0,0.0,0.1,0.0,8.64
3754,43.17,0.0,60.4,33.24,0.0,0.1,16.01,0.0
3755,44.42,0.0,69.32,1.91,0.0,0.2605,0.0,22.99
3756,45.34,0.67,44.67,0.0,0.0,0.2697,0.0,0.0
3757,45.91,7.05,70.67,50.0,0.0,0.2697,18.2,0.0
3758,46.1,1.66,60.07,38.63,0.0,0.5112,22.99,0.0
3759,45.91,1.21,48.76,27.05,0.0,0.6977,22.99,0.0
3760,45.34,2.99,34.2,14.85,0.0,0.8283,22.99,0.0
3761,44.42,2.69,18.92,0.0,0.0,0.9,22.8,0.0
3762,43.17,0.0,0.0,0.0,20.18,0.9,22.99,0.0
3763,41.66,7.07,0.0,0.0,34.59,0.792,0.0,0.0
3764,39.93,5.91,0.0,0.0,11.02,0.607,22.99,0.0
3765,38.05,5.91,0.0,0.0,9.15,0.548,22.99,0.0
3766,36.1,3.21,0.0,0.0,9.9,0.499,22.99,0.0
3767,36.1,10.91,0.0,0.0,2.2,0.4461,22.99,0.0
3768,36.06,7.69,0.0,0.0,5.38,0.4343,22.99,0.0
3769,36.06,4.88,0.0,0.0,8.19,0.4055,22.99,0.0
3770,36.06,9.58,0.0,0.0,3.49,0.3617,22.99,0.0
3771,36.06,4.22,0.0,0.0,8.85,0.3431,22.99,0.0
3772,36.06,2.63,0.0,0.0,10.44,0.2957,22.99,0.0
3773,36.06,0.0,0.0,0.0,13.07,0.2398,22.99,0.0
3774,36.06,0.0,0.0,0.0,13.07,0.1699,22.99,0.0
3775,38.01,1.96,16.85,3.79,0.0,0.1,22.99,0.0
3776,39.89,0.0,36.47,0.0,3.42,0.1183,0.0,0.0
3777,41.62,0.0,49.29,7.67,0.0,0.1,0.0,0.0
3778,43.13,0.0,63.29,0.0,2.84,0.137,0.0,22.99
3779,44.38,0.14,68.73,34.52,0.0,0.1218,10.03,0.0
3780,45.3,0.0,73.13,50.0,0.0,0.2885,22.17,0.0
3781,45.87,0.0,67.89,0.0,0.0,0.5299,0.0,22.02
3782,46.06,0.0,59.9,36.84,0.0,0.5299,22.99,0.0
3783,45.87,0.0,51.58,28.7,0.0,0.7078,22.99,0.0
3784,45.3,0.0,33.41,11.1,0.0,0.8464,22.99,0.0
3785,44.38,0.92,16.08,0.0,4.38,0.9,22.99,0.0
3786,43.13,0.51,0.0,0.0,19.63,0.8766,22.99,0.0
3787,41.62,1.52,0.0,0.0,17.11,0.7715,22.99,0.0
3788,39.89,5.74,0.0,0.0,11.15,0.68,22.99,0.0
3789,38.01,10.04,0.0,0.0,4.98,0.6203,22.99,0.0
3790,36.06,8.24,0.0,0.0,27.82,0.5937,0.0,0.0
3791,36.06,5.33,0.0,0.0,7.74,0.4448,22.99,0.0
3792,36.02,7.58,0.0,0.0,5.44,0.4034,22.99,0.0
3793,36.02,5.86,0.0,0.0,7.17,0.3743,22.99,0.0
3794,36.02,6.34,0.0,0.0,6.68,0.336,22.99,0.0
3795,36.02,4.75,0.0,0.0,8.28,0.3002,22.99,0.0
3796,36.02,4.6,0.0,0.0,8.43,0.2559,22.99,0.0
3797,36.02,5.04,0.0,0.0,7.99,0.2108,22.99,0.0
3798,36.02,0.3,0.0,0.0,12.72,0.1681,22.99,0.0
3799,37.97,0.0,16.6,0.0,0.0,0.1,21.38,0.0
3800,39.85,0.0,34.54,0.0,0.0,0.1,5.31,0.0
3801,41.58,0.0,48.68,30.1,0.0,0.1,22.99,0.0
3802,43.09,0.0,62.81,0.0,3.28,0.2453,0.0,22.99
3803,44.34,0.0,68.05,0.72,0.0,0.2278,0.0,22.99
3804,45.26,0.0,70.13,25.69,0.0,0.2313,0.82,0.0
3805,45.83,2.06,70.7,49.92,0.0,0.3553,22.99,0.0
3806,46.02,0.83,61.99,39.79,0.0,0.5963,22.99,0.0
3807,45.83,0.0,50.59,4.76,0.0,0.7885,0.0,0.0
3808,45.26,4.02,36.59,18.34,0.0,0.8114,22.99,0.0
3809,44.34,5.3,16.14,0.0,0.0,0.9,22.9,0.0
3810,43.09,0.3,0.0,0.0,19.8,0.9,22.99,0.0
3811,41.58,5.71,0.0,0.0,12.87,0.7941,22.99,0.0
3812,39.85,2.36,0.0,0.0,25.12,0.7252,12.36,0.0
3813,37.97,6.12,0.0,0.0,8.86,0.5908,22.99,0.0
3814,36.02,2.23,0.0,0.0,10.8,0.5434,22.99,0.0
3815,36.02,0.84,0.0,0.0,12.19,0.4856,22.99,0.0
3816,35.98,5.49,0.0,0.0,7.5,0.4204,22.99,0.0
3817,35.98,6.22,0.0,0.0,6.77,0.3803,22.99,0.0
3818,35.98,5.01,0.0,0.0,7.98,0.3441,22.99,0.0
3819,35.98,1.95,0.0,0.0,11.04,0.3014,22.99,0.0
3820,35.98,3.82,0.0,0.0,9.17,0.2423,22.99,0.0
3821,35.98,5.2,0.0,0.0,7.79,0.1932,22.99,0.0
3822,35.98,3.35,0.0,0.0,9.64,0.1516,22.99,0.0
3823,37.93,3.25,16.33,4.63,0.0,0.1,22.99,0.0
3824,39.81,0.0,35.55,0.0,4.18,0.1224,0.08,0.0
3825,41.54,5.0,41.57,5.03,0.0,0.1,0.0,0.0
3826,43.06,0.0,61.51,0.0,4.54,0.1243,0.0,22.99
3827,44.3,1.95,67.29,1.94,0.0,0.1,0.0,22.99
3828,45.22,0.56,71.67,50.0,0.0,0.1094,22.99,0.0
3829,45.79,1.93,70.47,49.6,0.0,0.3508,22.99,0.0
3830,45.98,0.04,61.26,38.31,0.0,0.5903,22.99,0.0
3831,45.79,0.0,45.79,0.0,0.0,0.7753,0.0,0.0
3832,45.22,5.23,35.48,18.48,0.0,0.7753,22.99,0.0
3833,44.3,0.0,16.77,0.0,4.53,0.8645,22.99,0.0
3834,43.06,0.36,0.0,0.0,19.7,0.8403,22.99,0.0
3835,41.54,3.05,0.0,0.0,15.5,0.7349,22.99,0.0
3836,39.81,9.12,0.0,0.0,7.7,0.6519,22.99,0.0
3837,37.93,7.01,0.0,0.0,7.93,0.6107,22.99,0.0
3838,35.98,3.17,0.0,0.0,9.82,0.5683,22.99,0.0
3839,35.98,5.62,0.0,0.0,7.37,0.5157,22.99,0.0
3840,35.94,4.72,0.0,0.0,8.23,0.4763,22.99,0.0
3841,35.94,4.3,0.0,0.0,8.65,0.4323,22.99,0.0
3842,35.94,9.44,0.0,0.0,3.51,0.386,22.99,0.0
3843,35.94,1.32,0.0,0.0,11.63,0.3672,22.99,0.0
3844,35.94,10.3,0.0,0.0,8.0,0.305,17.65,0.0
3845,35.94,6.99,0.0,0.0,5.96,0.2622,22.99,0.0
3846,35.94,7.0,0.0,0.0,5.95,0.2303,22.99,0.0
3847,37.9,1.14,15.7,1.94,0.0,0.1985,22.99,0.0
3848,39.77,1.37,33.75,0.0,0.0,0.2079,4.65,0.0
3849,41.5,0.0,50.22,0.0,14.27,0.2079,0.0,22.99
3850,43.02,0.0,60.12,0.0,5.89,0.1315,0.0,22.99
3851,44.26,1.95,68.12,48.8,0.0,0.1,22.99,0.0
3852,45.18,4.43,71.86,50.0,0.0,0.3357,18.89,0.0
3853,45.75,0.0,67.69,0.0,0.0,0.5771,0.0,21.93
3854,45.94,0.0,61.67,24.91,0.0,0.5771,9.19,0.0
3855,45.75,0.7,49.88,27.82,0.0,0.6974,22.99,0.0
3856,45.18,0.0,36.32,14.14,0.0,0.8317,22.99,0.0
3857,44.26,4.55,15.72,0.0,1.0,0.9,22.99,0.0
3858,43.02,1.13,0.0,0.0,18.89,0.8947,22.99,0.0
3859,41.5,3.68,0.0,0.0,14.83,0.7936,22.99,0.0
3860,39.77,3.63,0.0,0.0,13.15,0.7143,22.99,0.0
3861,37.9,3.21,0.0,0.0,11.69,0.6439,22.99,0.0
3862,35.94,6.25,0.0,0.0,6.7,0.5814,22.99,0.0
3863,35.94,5.9,0.0,0.0,7.05,0.5455,22.99,0.0
3864,35.9,5.49,0.0,0.0,7.42,0.5078,22.99,0.0
3865,35.9,4.22,0.0,0.0,8.69,0.4681,22.99,0.0
3866,35.9,7.29,0.0,0.0,5.62,0.4216,22.99,0.0
3867,35.9,11.09,0.0,0.0,1.82,0.3915,22.99,0.0
3868,35.9,5.52,0.0,0.0,7.39,0.3818,22.99,0.0
3869,35.9,7.51,0.0,0.0,5.4,0.3423,22.99,0.0
3870,35.9,0.0,0.0,0.0,12.91,0.3134,22.99,0.0
3871,37.86,3.13,17.55,5.81,0.0,0.2443,22.99,0.0
3872,39.73,0.0,33.28,0.0,29.44,0.2724,0.0,22.99
3873,41.46,0.0,51.17,0.0,2.77,0.1148,0.0,12.48
3874,42.98,0.0,61.0,0.0,0.0,0.1,0.0,18.02
3875,44.22,4.18,69.03,6.0,0.0,0.1,0.0,22.99
3876,45.14,3.29,71.47,50.0,0.0,0.129,20.38,0.0
3877,45.71,1.12,67.49,45.89,0.0,0.3704,22.99,0.0
3878,45.9,0.0,60.49,37.58,0.0,0.592,22.99,0.0
3879,45.71,0.53,48.84,8.98,0.0,0.7735,5.32,0.0
3880,45.14,2.81,36.56,17.22,0.0,0.8168,22.99,0.0
3881,44.22,3.18,15.38,0.0,2.66,0.9,22.99,0.0
3882,42.98,0.0,0.0,0.0,19.98,0.8858,22.99,0.0
3883,41.46,1.41,0.0,0.0,17.06,0.7789,22.99,0.0
3884,39.73,4.86,0.0,0.0,11.87,0.6876,22.99,0.0
3885,37.86,7.48,0.0,0.0,7.39,0.6241,22.99,0.0
3886,35.9,0.0,0.0,0.0,12.91,0.5846,22.99,0.0
3887,35.9,6.05,0.0,0.0,6.86,0.5155,22.99,0.0
3888,35.86,7.13,0.0,0.0,5.74,0.4788,22.99,0.0
3889,35.86,9.31,0.0,0.0,3.56,0.4481,22.99,0.0
3890,35.86,8.48,0.0,0.0,4.39,0.429,22.99,0.0
3891,35.86,7.61,0.0,0.0,5.26,0.4055,22.99,0.0
3892,35.86,2.46,0.0,0.0,10.41,0.3773,22.99,0.0
3893,35.86,0.0,0.0,0.0,12.87,0.3217,22.99,0.0
3894,35.86,2.16,0.0,0.0,10.71,0.2528,22.99,0.0
3895,37.81,5.84,16.18,7.2,0.0,0.1955,22.99,0.0
3896,39.69,6.32,36.59,0.0,19.77,0.2303,0.0,22.99
3897,41.42,3.45,50.59,0.0,4.58,0.1245,0.0,17.2
3898,42.94,2.02,62.97,0.0,0.0,0.1,0.0,22.06
3899,44.18,1.54,65.64,0.0,0.0,0.1,0.0,22.99
3900,45.1,0.0,72.03,49.92,0.0,0.1,22.99,0.0
3901,45.67,0.0,70.84,48.16,0.0,0.3411,22.99,0.0
3902,45.86,6.03,61.44,38.97,0.0,0.5736,17.36,0.0
3903,45.67,0.0,51.3,28.62,0.0,0.7618,22.99,0.0
3904,45.1,7.04,36.46,0.0,0.0,0.9,1.6,0.0
3905,44.18,1.56,17.39,0.0,2.24,0.9,22.99,0.0
3906,42.94,7.72,0.0,0.0,12.22,0.888,22.99,0.0
3907,41.42,0.0,0.0,0.0,18.43,0.8226,22.99,0.0
3908,39.69,6.95,0.0,0.0,9.75,0.7241,22.99,0.0
3909,37.81,3.34,0.0,0.0,11.48,0.6719,22.99,0.0
3910,35.86,1.66,0.0,0.0,11.21,0.6104,22.99,0.0
3911,35.86,7.27,0.0,0.0,5.6,0.5504,22.99,0.0
3912,35.82,9.92,0.0,0.0,2.91,0.5205,22.99,0.0
3913,35.82,3.81,0.0,0.0,9.02,0.5049,22.99,0.0
3914,35.82,1.37,0.0,0.0,11.46,0.4566,22.99,0.0
3915,35.82,5.41,0.0,0.0,7.42,0.3953,22.99,0.0
3916,35.82,3.28,0.0,0.0,9.55,0.3555,22.99,0.0
3917,35.82,6.03,0.0,0.0,6.8,0.3044,22.99,0.0
3918,35.82,6.49,0.0,0.0,6.34,0.268,22.99,0.0
3919,37.77,2.39,18.86,6.46,0.0,0.2341,22.99,0.0
3920,39.65,7.8,34.78,0.0,20.07,0.2653,0.0,22.99
3921,41.38,1.85,51.7,0.0,10.82,0.1579,0.0,22.99
3922,42.89,0.0,61.49,0.0,0.0,0.1,0.0,18.59
3923,44.14,0.0,70.44,49.3,0.0,0.1,22.99,0.0
3924,45.06,0.0,71.05,48.98,0.0,0.338,22.99,0.0
3925,45.63,0.0,45.63,0.0,0.0,0.5746,0.0,0.0
3926,45.82,3.72,42.87,23.76,0.0,0.5746,22.99,0.0
3927,45.63,2.62,51.33,31.31,0.0,0.6893,22.99,0.0
3928,45.06,0.0,34.38,12.32,0.0,0.8405,22.99,0.0
3929,44.14,3.14,15.46,0.0,11.13,0.9,14.42,0.0
3930,42.89,5.59,0.0,0.0,14.31,0.8405,22.99,0.0
3931,41.38,9.2,0.0,0.0,9.19,0.7639,22.99,0.0
3932,39.65,7.9,0.0,0.0,8.75,0.7147,22.99,0.0
3933,37.77,8.16,0.0,0.0,6.62,0.6679,22.99,0.0
3934,35.82,6.41,0.0,0.0,6.42,0.6325,22.99,0.0
3935,35.82,7.8,0.0,0.0,5.03,0.5981,22.99,0.0
3936,35.78,10.67,0.0,0.0,2.12,0.5712,22.99,0.0
3937,35.78,2.21,0.0,0.0,10.58,0.5599,22.99,0.0
3938,35.78,5.07,0.0,0.0,7.72,0.5033,22.99,0.0
3939,35.78,3.19,0.0,0.0,9.6,0.462,22.99,0.0
3940,35.78,6.24,0.0,0.0,6.55,0.4106,22.99,0.0
3941,35.78,8.21,0.0,0.0,4.57,0.3756,22.99,0.0
3942,35.78,1.47,0.0,0.0,11.32,0.3511,22.99,0.0
3943,37.73,0.0,14.74,0.0,0.0,0.2905,22.99,0.0
3944,39.61,0.45,34.41,0.0,27.74,0.2905,0.0,22.99
3945,41.34,4.06,51.46,0.0,0.0,0.1421,0.0,14.19
3946,42.85,2.34,63.62,0.11,0.0,0.1421,0.0,22.99
3947,44.1,1.66,70.19,4.76,0.0,0.1426,0.0,22.99
3948,45.02,0.0,68.02,0.0,0.0,0.1656,0.0,22.99
3949,45.59,0.0,69.47,46.87,0.0,0.1656,22.99,0.0
3950,45.78,2.26,61.78,41.26,0.0,0.3919,22.99,0.0
3951,45.59,0.0,50.08,27.49,0.0,0.5911,22.99,0.0
3952,45.02,8.84,35.94,22.76,0.0,0.7238,22.99,0.0
3953,44.1,4.41,18.43,1.73,0.0,0.8337,22.99,0.0
3954,42.85,1.52,0.0,0.0,18.34,0.8421,22.99,0.0
3955,41.34,2.26,0.0,0.0,16.09,0.744,22.99,0.0
3956,39.61,4.71,0.0,0.0,11.9,0.6579,22.99,0.0
3957,37.73,4.91,0.0,0.0,9.83,0.5942,22.99,0.0
3958,35.78,9.81,0.0,0.0,2.98,0.5416,22.99,0.0
3959,35.78,7.12,0.0,0.0,5.66,0.5257,22.99,0.0
3960,35.74,4.25,0.0,0.0,8.5,0.4954,22.99,0.0
3961,35.74,12.62,0.0,0.0,0.13,0.4499,22.99,0.0
3962,35.74,6.34,0.0,0.0,6.41,0.4492,22.99,0.0
3963,35.74,8.15,0.0,0.0,4.59,0.4149,22.99,0.0
3964,35.74,3.03,0.0,0.0,9.72,0.3904,22.99,0.0
3965,35.74,5.39,0.0,0.0,7.36,0.3384,22.99,0.0
3966,35.74,4.39,0.0,0.0,8.36,0.299,22.99,0.0
3967,37.69,0.0,18.41,0.0,0.0,0.2543,19.29,0.0
3968,39.57,8.28,36.77,0.0,17.51,0.2543,0.0,22.99
3969,41.3,5.27,51.4,0.0,7.62,0.1606,0.0,22.99
3970,42.81,0.0,62.11,0.0,3.7,0.1198,0.0,22.99
3971,44.06,0.0,69.18,2.13,0.0,0.1,0.0,22.99
3972,44.98,0.0,73.03,50.0,0.0,0.1103,21.95,0.0
3973,45.55,0.54,68.5,26.67,0.0,0.3517,3.18,0.0
3974,45.74,1.73,61.81,40.79,0.0,0.4805,22.99,0.0
3975,45.55,1.71,49.86,29.02,0.0,0.6775,22.99,0.0
3976,44.98,3.4,35.65,17.06,0.0,0.8176,22.99,0.0
3977,44.06,7.22,18.33,0.0,41.5,0.9,0.0,22.99
3978,42.81,5.22,0.0,0.0,14.6,0.678,22.99,0.0
3979,41.3,0.82,0.0,0.0,17.48,0.5999,22.99,0.0
3980,39.57,9.41,0.0,0.0,7.17,0.5063,22.99,0.0
3981,37.69,10.97,0.0,0.0,3.72,0.468,22.99,0.0
3982,35.74,16.38,0.0,3.63,0.0,0.448,22.99,0.0
3983,35.74,2.87,0.0,0.0,9.88,0.4656,22.99,0.0
3984,35.7,7.38,0.0,0.0,5.32,0.4127,22.99,0.0
3985,35.7,0.0,0.0,0.0,12.71,0.3842,22.99,0.0
3986,35.7,7.95,0.0,0.0,4.75,0.3162,22.99,0.0
3987,35.7,3.88,0.0,0.0,8.83,0.2908,22.99,0.0
3988,35.7,11.2,0.0,0.0,1.5,0.2436,22.99,0.0
3989,35.7,1.7,0.0,0.0,11.01,0.2355,22.99,0.0
3990,35.7,0.0,0.0,0.0,12.71,0.1766,22.99,0.0
3991,37.65,0.0,16.25,0.0,0.0,0.1086,21.4,0.0
3992,39.53,0.0,26.85,10.32,0.0,0.1086,22.99,0.0
3993,41.26,3.51,49.82,0.0,10.93,0.1585,0.0,22.99
3994,42.77,0.0,63.19,43.41,0.0,0.1,22.99,0.0
3995,44.02,0.33,66.68,0.0,0.0,0.3096,0.0,22.99
3996,44.94,0.0,71.67,40.64,0.0,0.3096,13.91,0.0
3997,45.51,0.0,68.44,22.94,0.0,0.5058,0.0,0.0
3998,45.7,5.88,61.21,44.38,0.0,0.6166,22.99,0.0
3999,45.51,2.24,49.8,0.0,0.0,0.8309,0.0,6.53
4000,44.94,0.0,36.25,14.31,0.0,0.8309,22.99,0.0
4001,44.02,2.43,15.5,0.0,3.1,0.9,22.99,0.0
4002,42.77,3.42,0.0,0.0,16.36,0.8834,22.99,0.0
4003,41.26,5.73,0.0,0.0,12.53,0.7959,22.99,0.0
4004,39.53,0.56,0.0,0.0,15.97,0.7289,22.99,0.0
4005,37.65,7.57,0.0,0.0,7.09,0.6434,22.99,0.0
4006,35.7,0.0,0.0,0.0,12.71,0.6055,22.99,0.0
4007,35.7,4.45,0.0,0.0,23.65,0.5375,7.6,0.0
4008,35.66,5.0,0.0,0.0,7.66,0.4109,22.99,0.0
4009,35.66,8.52,0.0,0.0,4.14,0.37,22.99,0.0
4010,35.66,6.22,0.0,0.0,6.44,0.3478,22.99,0.0
4011,35.66,1.09,0.0,0.0,11.58,0.3133,22.99,0.0
4012,35.66,1.78,0.0,0.0,10.88,0.2514,22.99,0.0
4013,35.66,4.83,0.0,0.0,7.84,0.1931,22.99,0.0
4014,35.66,3.09,0.0,0.0,9.57,0.1512,22.99,0.0
4015,37.61,0.64,16.94,0.0,0.0,0.1,20.03,0.0
4016,39.49,0.18,36.59,0.0,0.0,0.1,2.72,0.0
4017,41.21,3.31,50.6,0.0,0.0,0.1,0.0,12.7
4018,42.73,0.0,62.3,19.57,0.0,0.1,0.0,0.0
4019,43.97,0.0,70.65,3.68,0.0,0.1945,0.0,22.99
4020,44.9,7.13,70.99,50.0,0.0,0.2123,16.77,0.0
4021,45.47,0.0,70.49,48.02,0.0,0.4537,22.99,0.0
4022,45.66,0.0,60.7,0.0,0.0,0.6856,0.0,15.04
4023,45.47,3.6,48.65,29.78,0.0,0.6856,22.99,0.0
4024,44.9,0.0,36.53,14.62,0.0,0.8294,22.99,0.0
4025,43.97,1.48,16.64,0.0,2.86,0.9,22.99,0.0
4026,42.73,0.82,0.0,0.0,18.91,0.8847,22.99,0.0
4027,41.21,3.35,0.0,0.0,14.87,0.7835,22.99,0.0
4028,39.49,10.14,0.0,0.0,6.35,0.7039,22.99,0.0
4029,37.61,8.23,0.0,0.0,6.39,0.6699,22.99,0.0
4030,35.66,8.94,0.0,0.0,3.73,0.6357,22.99,0.0
4031,35.66,1.89,0.0,0.0,10.77,0.6158,22.99,0.0
4032,35.62,2.85,0.0,0.0,9.78,0.5582,22.99,0.0
4033,35.62,0.0,0.0,0.0,12.62,0.5059,22.99,0.0
4034,35.62,3.52,0.0,0.0,9.11,0.4383,22.99,0.0
4035,35.62,8.72,0.0,0.0,3.91,0.3896,22.99,0.0
4036,35.62,6.62,0.0,0.0,6.0,0.3687,22.99,0.0
4037,35.62,3.46,0.0,0.0,9.17,0.3366,22.99,0.0
4038,35.62,3.26,0.0,0.0,9.36,0.2875,22.99,0.0
4039,37.57,0.27,19.0,4.69,0.0,0.2375,22.99,0.0
4040,39.44,2.38,34.18,0.0,25.88,0.2601,0.0,22.99
4041,41.17,3.53,52.1,0.0,4.05,0.1216,0.0,18.5
4042,42.69,0.0,60.44,0.0,0.0,0.1,0.0,17.75
4043,43.93,1.18,67.62,1.87,0.0,0.1,0.0,22.99
4044,44.86,3.12,72.85,44.25,0.0,0.109,13.14,0.0
4045,45.43,0.0,71.05,48.62,0.0,0.3227,22.99,0.0
4046,45.62,2.8,60.28,40.46,0.0,0.5575,22.99,0.0
4047,45.43,10.15,51.35,16.08,0.0,0.7528,0.0,0.0
4048,44.86,1.38,34.88,14.4,0.0,0.8305,22.99,0.0
4049,43.93,3.77,16.69,0.0,0.48,0.9,22.99,0.0
4050,42.69,0.95,0.0,0.0,18.75,0.8974,22.99,0.0
4051,41.17,4.76,0.0,0.0,13.42,0.7971,22.99,0.0
4052,39.44,6.44,0.0,0.0,10.01,0.7253,22.99,0.0
4053,37.57,6.25,0.0,0.0,8.32,0.6717,22.99,0.0
4054,35.62,2.84,0.0,0.0,12.69,0.6272,20.09,0.0
4055,35.62,7.13,0.0,0.0,5.5,0.5593,22.99,0.0
4056,35.58,11.29,0.0,0.0,1.3,0.5299,22.99,0.0
4057,35.58,7.9,0.0,0.0,4.68,0.523,22.99,0.0
4058,35.58,9.23,0.0,0.0,3.35,0.4979,22.99,0.0
4059,35.58,4.84,0.0,0.0,7.74,0.48,22.99,0.0
4060,35.58,7.36,0.0,0.0,5.22,0.4386,22.99,0.0
4061,35.58,5.06,0.0,0.0,7.52,0.4107,22.99,0.0
4062,35.58,0.25,0.0,0.0,12.34,0.3705,22.99,0.0
4063,37.53,3.51,17.01,5.99,0.0,0.3045,22.99,0.0
4064,39.4,0.0,36.71,0.0,25.69,0.3334,0.0,22.99
4065,41.13,0.0,48.99,0.0,15.13,0.1959,0.0,22.99
4066,42.65,1.13,61.71,0.0,2.8,0.115,0.0,22.99
4067,43.89,1.16,68.01,2.29,0.0,0.1,0.0,22.99
4068,44.81,0.0,72.68,50.0,0.0,0.111,22.14,0.0
4069,45.38,3.61,68.05,49.27,0.0,0.3525,22.99,0.0
4070,45.58,2.37,63.11,42.9,0.0,0.5904,22.99,0.0
4071,45.38,0.0,51.09,6.71,0.0,0.7975,1.01,0.0
4072,44.81,0.0,36.33,14.51,0.0,0.8299,22.99,0.0
4073,43.89,2.02,18.57,0.0,0.31,0.9,22.99,0.0
4074,42.65,1.88,0.0,0.0,17.77,0.8983,22.99,0.0
4075,41.13,4.52,0.0,0.0,13.61,0.8032,22.99,0.0
4076,39.4,3.76,0.0,0.0,12.64,0.7304,22.99,0.0
4077,37.53,0.0,0.0,0.0,14.53,0.6628,22.99,0.0
4078,35.58,4.87,0.0,0.0,7.72,0.585,22.99,0.0
4079,35.58,5.46,0.0,0.0,7.12,0.5437,22.99,0.0
4080,35.53,8.59,0.0,0.0,3.95,0.5056,22.99,0.0
4081,35.53,4.18,0.0,0.0,8.36,0.4845,22.99,0.0
4082,35.53,11.54,0.0,0.0,1.0,0.4397,22.99,0.0
4083,35.53,0.0,0.0,0.0,12.54,0.4344,22.99,0.0
4084,35.53,9.17,0.0,0.0,3.37,0.3673,22.99,0.0
4085,35.53,3.42,0.0,0.0,9.12,0.3492,22.99,0.0
4086,35.53,6.09,0.0,0.0,6.45,0.3004,22.99,0.0
4087,37.48,2.73,18.04,6.28,0.0,0.2659,22.99,0.0
4088,39.36,5.38,34.16,0.0,22.82,0.2963,0.0,22.99
4089,41.09,0.0,49.5,0.0,13.86,0.1742,0.0,22.28
4090,42.6,0.0,60.91,0.0,0.0,0.1,0.0,18.31
4091,43.85,4.78,62.06,0.0,0.0,0.1,0.0,22.99
4092,44.77,0.0,71.52,49.74,0.0,0.1,22.99,0.0
4093,45.34,0.9,69.95,48.5,0.0,0.3402,22.99,0.0
4094,45.53,4.5,62.44,44.4,0.0,0.5744,22.99,0.0
4095,45.34,0.0,51.78,23.03,0.0,0.7888,16.59,0.0
4096,44.77,3.62,36.43,0.0,0.0,0.9,4.73,0.0
4097,43.85,0.56,16.51,0.0,3.78,0.9,22.99,0.0
4098,42.6,2.88,0.0,0.0,16.73,0.8798,22.99,0.0
4099,41.09,4.38,0.0,0.0,13.72,0.7903,22.99,0.0
4100,39.36,0.07,0.0,0.0,16.29,0.7169,22.99,0.0
4101,37.48,3.08,0.0,0.0,11.41,0.6297,22.99,0.0
4102,35.53,10.48,0.0,0.0,2.06,0.5686,22.99,0.0
4103,35.53,9.3,0.0,0.0,3.24,0.5576,22.99,0.0
4104,35.49,0.53,0.0,0.0,11.96,0.5403,22.99,0.0
4105,35.49,7.21,0.0,0.0,5.29,0.4763,22.99,0.0
4106,35.49,5.15,0.0,0.0,7.35,0.448,22.99,0.0
4107,35.49,9.97,0.0,0.0,2.52,0.4087,22.99,0.0
4108,35.49,4.27,0.0,0.0,8.23,0.3951,22.99,0.0
4109,35.49,4.88,0.0,0.0,7.61,0.3511,22.99,0.0
4110,35.49,7.0,0.0,0.0,5.49,0.3104,22.99,0.0
4111,37.44,0.0,16.64,0.0,0.0,0.281,20.8,0.0
4112,39.32,6.72,36.8,0.0,18.79,0.281,0.0,22.99
4113,41.05,0.0,49.01,0.0,15.04,0.1804,0.0,22.99
4114,42.56,3.16,62.4,0.0,0.0,0.1,0.0,22.99
4115,43.81,0.0,68.11,1.31,0.0,0.1,0.0,22.99
4116,44.73,0.0,71.74,50.0,0.0,0.1063,22.99,0.0
4117,45.3,0.0,69.31,45.73,0.0,0.3478,21.72,0.0
4118,45.49,0.0,63.1,40.6,0.0,0.5686,22.99,0.0
4119,45.3,0.0,50.33,28.03,0.0,0.7647,22.99,0.0
4120,44.73,0.0,21.74,0.0,0.0,0.9,22.99,0.0
4121,43.81,2.02,17.22,0.0,47.56,0.9,0.0,22.99
4122,42.56,6.4,0.0,0.0,13.17,0.6455,22.99,0.0
4123,41.05,4.81,0.0,0.0,13.25,0.575,22.99,0.0
4124,39.32,5.91,0.0,0.0,10.41,0.5041,22.99,0.0
4125,37.44,2.04,0.0,0.0,12.41,0.4484,22.99,0.0
4126,35.49,3.25,0.0,0.0,9.25,0.382,22.99,0.0
4127,35.49,12.24,0.0,0.0,0.26,0.3326,22.99,0.0
4128,35.45,4.14,0.0,0.0,8.31,0.3312,22.99,0.0
4129,35.45,11.77,0.0,0.0,0.69,0.2867,22.99,0.0
4130,35.45,5.3,0.0,0.0,7.15,0.283,22.99,0.0
4131,35.45,5.58,0.0,0.0,6.87,0.2448,22.99,0.0
4132,35.45,8.37,0.0,0.0,4.09,0.208,22.99,0.0
4133,35.45,8.24,0.0,0.0,4.22,0.1861,22.99,0.0
4134,35.45,2.93,0.0,0.0,9.53,0.1636,22.99,0.0
4135,37.4,1.19,15.45,2.24,0.0,0.1126,22.99,0.0
4136,39.28,1.49,33.21,0.0,0.0,0.1234,4.58,0.0
4137,41.01,2.09,50.54,0.0,4.17,0.1234,0.0,15.8
4138,42.52,3.37,61.95,0.0,0.2,0.101,0.0,22.99
4139,43.76,0.0,66.76,0.0,0.0,0.1,0.0,22.99
4140,44.69,2.05,70.91,32.83,0.0,0.1,4.55,0.0
4141,45.26,5.46,68.36,50.0,0.0,0.2585,21.43,0.0
4142,45.45,1.72,61.8,41.06,0.0,0.5,22.99,0.0
4143,45.26,2.01,49.97,29.72,0.0,0.6982,22.99,0.0
4144,44.69,0.0,33.76,12.06,0.0,0.8418,22.99,0.0
4145,43.76,0.0,15.6,0.0,5.17,0.9,22.99,0.0
4146,42.52,4.54,0.0,0.0,14.98,0.8724,22.99,0.0
4147,41.01,3.82,0.0,0.0,14.19,0.7922,22.99,0.0
4148,39.28,3.24,0.0,0.0,13.04,0.7163,22.99,0.0
4149,37.4,6.36,0.0,0.0,8.04,0.6465,22.99,0.0
4150,35.45,5.89,0.0,0.0,6.56,0.6034,22.99,0.0
4151,35.45,10.06,0.0,0.0,2.4,0.5683,22.99,0.0
4152,35.41,6.79,0.0,0.0,5.62,0.5555,22.99,0.0
4153,35.41,3.99,0.0,0.0,8.43,0.5254,22.99,0.0
4154,35.41,9.28,0.0,0.0,29.07,0.4803,0.0,2.95
4155,35.41,4.86,0.0,0.0,7.55,0.3248,22.99,0.0
4156,35.41,6.6,0.0,0.0,5.81,0.2844,22.99,0.0
4157,35.41,2.57,0.0,0.0,9.84,0.2533,22.99,0.0
4158,35.41,1.18,0.0,0.0,11.24,0.2006,22.99,0.0
4159,37.36,2.71,16.27,4.62,0.0,0.1405,22.99,0.0
4160,39.23,1.7,34.28,0.0,0.0,0.1628,3.25,0.0
4161,40.96,2.54,49.68,0.0,11.74,0.1628,0.0,22.99
4162,42.48,0.0,61.94,26.67,0.0,0.1,7.21,0.0
4163,43.72,0.0,70.99,4.27,0.0,0.2288,0.0,22.99
4164,44.65,0.0,70.12,48.47,0.0,0.2494,22.99,0.0
4165,45.21,2.72,67.58,48.08,0.0,0.4835,22.99,0.0
4166,45.41,0.0,60.59,38.18,0.0,0.7157,22.99,0.0
4167,45.21,0.19,49.32,0.0,18.69,0.9,0.0,22.99
4168,44.65,4.85,34.04,17.24,0.0,0.8,22.99,0.0
4169,43.72,0.14,16.88,0.0,3.71,0.8832,22.99,0.0
4170,42.48,0.0,0.0,0.0,19.48,0.8634,22.99,0.0
4171,40.96,3.6,0.0,0.0,14.37,0.7592,22.99,0.0
4172,39.23,3.33,0.0,0.0,12.91,0.6823,22.99,0.0
4173,37.36,2.44,0.0,0.0,11.92,0.6132,22.99,0.0
4174,35.41,5.51,0.0,0.0,6.9,0.5494,22.99,0.0
4175,35.41,7.99,0.0,0.0,27.41,0.5124,0.0,0.0
4176,35.36,6.47,0.0,0.0,5.9,0.3658,22.99,0.0
4177,35.36,5.29,0.0,0.0,7.08,0.3342,22.99,0.0
4178,35.36,11.94,0.0,0.0,0.43,0.2963,22.99,0.0
4179,35.36,4.45,0.0,0.0,7.92,0.294,22.99,0.0
4180,35.36,5.79,0.0,0.0,6.58,0.2516,22.99,0.0
4181,35.36,2.46,0.0,0.0,9.91,0.2164,22.99,0.0
4182,35.36,0.53,0.0,0.0,11.84,0.1633,22.99,0.0
4183,37.32,0.54,16.56,0.0,0.0,0.1,20.22,0.0
4184,39.19,0.1,35.72,11.66,0.0,0.1,15.03,0.0
4185,40.92,2.14,51.25,0.0,10.52,0.1563,0.0,22.99
4186,42.44,8.07,57.36,0.0,0.0,0.1,0.0,22.99
4187,43.68,0.0,66.67,0.0,0.0,0.1,0.0,22.99
4188,44.6,0.0,71.18,49.57,0.0,0.1,22.99,0.0
4189,45.17,0.0,67.54,45.36,0.0,0.3393,22.99,0.0
4190,45.36,1.75,61.81,20.22,0.0,0.5584,2.02,0.0
4191,45.17,1.83,50.57,30.22,0.0,0.656,22.99,0.0
4192,44.6,5.81,36.1,20.3,0.0,0.802,22.99,0.0
4193,43.68,0.0,17.09,0.0,3.59,0.9,22.99,0.0
4194,42.44,0.0,0.0,0.0,19.44,0.8808,22.99,0.0
4195,40.92,2.5,0.0,0.0,15.42,0.7768,22.99,0.0
4196,39.19,8.44,0.0,0.0,7.76,0.6942,22.99,0.0
4197,37.32,0.49,0.0,0.0,13.83,0.6527,22.99,0.0
4198,35.36,0.0,0.0,0.0,12.37,0.5787,22.99,0.0
4199,35.36,8.24,0.0,0.0,6.6,0.5125,20.52,0.0
4200,35.32,7.28,0.0,0.0,5.04,0.4772,22.99,0.0
4201,35.32,2.86,0.0,0.0,9.47,0.4502,22.99,0.0
4202,35.32,2.87,0.0,0.0,9.45,0.3996,22.99,0.0
4203,35.32,2.41,0.0,0.0,9.92,0.349,22.99,0.0
4204,35.32,5.24,0.0,0.0,7.09,0.2959,22.99,0.0
4205,35.32,2.07,0.0,0.0,10.26,0.258,22.99,0.0
4206,35.32,4.86,0.0,0.0,7.47,0.2031,22.99,0.0
4207,37.27,0.0,18.36,4.08,0.0,0.1632,22.99,0.0
4208,39.15,0.0,34.93,0.0,0.0,0.1829,4.22,0.0
4209,40.88,0.0,51.85,0.0,12.03,0.1829,0.0,22.99
4210,42.39,0.0,61.92,0.0,3.46,0.1185,0.0,22.99
4211,43.64,0.0,70.35,3.72,0.0,0.1,0.0,22.99
4212,44.56,2.61,72.89,46.34,0.0,0.118,15.41,0.0
4213,45.13,0.0,69.36,24.23,0.0,0.3417,0.0,0.0
4214,45.32,0.0,61.72,39.39,0.0,0.4588,22.99,0.0
4215,45.13,2.78,49.53,30.17,0.0,0.649,22.99,0.0
4216,44.56,7.65,35.73,21.81,0.0,0.7947,22.99,0.0
4217,43.64,0.87,18.01,0.0,1.76,0.9,22.99,0.0
4218,42.39,4.31,0.0,0.0,15.09,0.8906,22.99,0.0
4219,40.88,0.0,0.0,0.0,17.88,0.8098,22.99,0.0
4220,39.15,0.0,0.0,0.0,16.15,0.7141,22.99,0.0
4221,37.27,8.28,0.0,0.0,6.0,0.6277,22.99,0.0
4222,35.32,6.04,0.0,0.0,6.28,0.5956,22.99,0.0
4223,35.32,10.2,0.0,0.0,2.13,0.562,22.99,0.0
4224,35.28,2.05,0.0,0.0,10.24,0.5506,22.99,0.0
4225,35.28,8.06,0.0,0.0,4.22,0.4958,22.99,0.0
4226,35.28,12.1,0.0,0.0,0.18,0.4732,22.99,0.0
4227,35.28,6.9,0.0,0.0,5.39,0.4722,22.99,0.0
4228,35.28,5.77,0.0,0.0,12.61,0.4434,16.9,0.0
4229,35.28,4.12,0.0,0.0,8.17,0.376,22.99,0.0
4230,35.28,0.0,0.0,0.0,12.29,0.3323,22.99,0.0
4231,37.23,6.8,16.34,8.91,0.0,0.2666,22.99,0.0
4232,39.11,0.0,33.32,0.0,28.78,0.3096,0.0,22.99
4233,40.83,2.6,50.84,0.0,10.39,0.1556,0.0,22.99
4234,42.35,0.0,60.23,0.0,0.0,0.1,0.0,17.88
4235,43.59,0.0,66.59,0.0,0.0,0.1,0.0,22.99
4236,44.52,4.66,72.54,50.0,0.0,0.1,17.31,0.0
4237,45.09,0.0,70.67,48.57,0.0,0.3414,22.99,0.0
4238,45.28,5.15,61.91,44.77,0.0,0.576,22.99,0.0
4239,45.09,0.71,48.55,10.11,0.0,0.7922,5.93,0.0
4240,44.52,0.0,33.74,12.22,0.0,0.841,22.99,0.0
4241,43.59,5.3,16.32,0.0,44.97,0.9,0.0,22.99
4242,42.35,1.35,0.0,0.0,18.01,0.6594,22.99,0.0
4243,40.83,6.35,0.0,0.0,11.49,0.563,22.99,0.0
4244,39.11,4.95,0.0,0.0,11.16,0.5016,22.99,0.0
4245,37.23,0.55,0.0,0.0,13.69,0.4419,22.99,0.0
4246,35.28,6.59,0.0,0.0,5.7,0.3686,22.99,0.0
4247,35.28,13.48,0.0,1.2,0.0,0.3382,22.99,0.0
4248,35.24,8.08,0.0,0.0,4.16,0.3439,22.99,0.0
4249,35.24,6.19,0.0,0.0,6.05,0.3217,22.99,0.0
4250,35.24,9.53,0.0,0.0,2.71,0.2893,22.99,0.0
4251,35.24,6.22,0.0,0.0,6.02,0.2748,22.99,0.0
4252,35.24,5.54,0.0,0.0,6.7,0.2425,22.99,0.0
4253,35.24,0.56,0.0,0.0,11.69,0.2067,22.99,0.0
4254,35.24,4.01,0.0,0.0,8.24,0.1441,22.99,0.0
4255,37.19,5.76,19.03,10.59,0.0,0.1001,22.99,0.0
4256,39.06,0.0,33.98,0.0,9.58,0.1512,0.0,4.49
4257,40.79,5.57,48.69,0.0,0.0,0.1,0.0,13.47
4258,42.31,0.15,63.67,0.0,0.0,0.1,0.0,21.51
4259,43.55,0.0,68.22,1.68,0.0,0.1,0.0,22.99
4260,44.48,0.0,72.64,50.0,0.0,0.1081,21.83,0.0
4261,45.04,0.0,69.25,47.2,0.0,0.3495,22.99,0.0
4262,45.24,2.9,61.24,41.9,0.0,0.5775,22.99,0.0
4263,45.04,0.02,46.92,24.89,0.0,0.7798,22.99,0.0
4264,44.48,1.44,33.21,0.0,0.0,0.9,9.83,0.0
4265,43.55,4.01,15.43,0.0,1.12,0.9,22.99,0.0
4266,42.31,4.19,0.0,0.0,15.12,0.894,22.99,0.0
4267,40.79,0.0,0.0,0.0,17.8,0.8131,22.99,0.0
4268,39.06,1.24,0.0,0.0,14.83,0.7179,22.99,0.0
4269,37.19,8.54,0.0,0.0,5.65,0.6385,22.99,0.0
4270,35.24,5.62,0.0,0.0,6.62,0.6083,22.99,0.0
4271,35.24,4.68,0.0,0.0,7.56,0.5729,22.99,0.0
4272,35.19,2.08,0.0,0.0,10.12,0.5324,22.99,0.0
4273,35.19,2.88,0.0,0.0,9.32,0.4783,22.99,0.0
4274,35.19,0.0,0.0,0.0,12.2,0.4284,22.99,0.0
4275,35.19,5.2,0.0,0.0,7.0,0.3631,22.99,0.0
4276,35.19,2.93,0.0,0.0,9.27,0.3257,22.99,0.0
4277,35.19,0.95,0.0,0.0,11.24,0.2761,22.99,0.0
4278,35.19,3.02,0.0,0.0,9.18,0.2159,22.99,0.0
4279,37.14,3.58,17.83,7.27,0.0,0.1668,22.99,0.0
4280,39.02,8.4,34.74,0.0,18.87,0.2019,0.0,22.99
4281,40.75,0.0,48.89,0.0,0.18,0.1009,0.0,8.31
4282,42.26,4.19,62.44,1.37,0.0,0.1,0.0,22.99
4283,43.51,0.0,70.09,3.59,0.0,0.1066,0.0,22.99
4284,44.43,0.0,71.83,50.0,0.0,0.1239,22.6,0.0
4285,45.0,0.78,69.94,46.93,0.0,0.3654,21.21,0.0
4286,45.19,0.0,60.44,38.24,0.0,0.592,22.99,0.0
4287,45.0,1.56,49.83,6.39,0.0,0.7767,0.0,0.0
4288,44.43,6.51,34.08,19.15,0.0,0.8075,22.99,0.0
4289,43.51,4.37,16.15,0.0,0.0,0.9,22.99,0.0
4290,42.26,4.89,0.0,0.0,14.38,0.9,22.99,0.0
4291,40.75,2.69,0.0,0.0,15.07,0.8231,22.99,0.0
4292,39.02,0.06,0.0,0.0,15.97,0.7424,22.99,0.0
4293,37.14,4.86,0.0,0.0,9.29,0.657,22.99,0.0
4294,35.19,9.95,0.0,0.0,2.25,0.6073,22.99,0.0
4295,35.19,1.43,0.0,0.0,10.77,0.5953,22.99,0.0
4296,35.15,3.06,0.0,0.0,9.09,0.5376,22.99,0.0
4297,35.15,6.77,0.0,0.0,5.38,0.489,22.99,0.0
4298,35.15,2.86,0.0,0.0,9.3,0.4602,22.99,0.0
4299,35.15,2.96,0.0,0.0,9.19,0.4104,22.99,0.0
4300,35.15,3.49,0.0,0.0,8.67,0.3612,22.99,0.0
4301,35.15,0.0,0.0,0.0,12.16,0.3148,22.99,0.0
4302,35.15,0.09,0.0,0.0,12.07,0.2498,22.99,0.0
4303,37.1,4.68,18.53,0.0,0.0,0.1852,13.89,0.0
4304,38.98,0.0,35.36,0.0,15.93,0.1852,0.0,12.32
4305,40.71,0.0,51.88,0.0,0.0,0.1,0.0,11.17
4306,42.22,0.0,63.54,0.0,0.0,0.1,0.0,21.32
4307,43.47,2.48,69.2,5.22,0.0,0.1,0.0,22.99
4308,44.39,0.0,71.34,49.95,0.0,0.1252,22.99,0.0
4309,44.96,0.0,70.2,48.24,0.0,0.3664,22.99,0.0
4310,45.15,0.58,60.44,38.87,0.0,0.5993,22.99,0.0
4311,44.96,0.0,45.37,23.4,0.0,0.787,22.99,0.0
4312,44.39,3.22,33.63,0.0,0.0,0.9,7.53,0.0
4313,43.47,3.64,17.37,0.0,0.0,0.9,22.46,0.0
4314,42.22,1.92,0.0,0.0,17.31,0.9,22.99,0.0
4315,40.71,7.33,0.0,0.0,10.38,0.8074,22.99,0.0
4316,38.98,1.21,0.0,0.0,14.77,0.7518,22.99,0.0
4317,37.1,9.18,0.0,0.0,4.93,0.6728,22.99,0.0
4318,35.15,6.54,0.0,0.0,5.62,0.6464,22.99,0.0
4319,35.15,5.28,0.0,0.0,6.88,0.6164,22.99,0.0
4320,35.11,6.41,0.0,0.0,5.71,0.5796,22.99,0.0
4321,35.11,6.02,0.0,0.0,6.1,0.549,22.99,0.0
4322,35.11,3.47,0.0,0.0,8.64,0.5164,22.99,0.0
4323,35.11,2.04,0.0,0.0,10.07,0.4702,22.99,0.0
4324,35.11,2.39,0.0,0.0,9.73,0.4163,22.99,0.0
4325,35.11,7.43,0.0,0.0,4.69,0.3642,22.99,0.0
4326,35.11,1.31,0.0,0.0,10.8,0.3392,22.99,0.0
4327,37.06,5.31,16.77,0.0,0.0,0.2814,14.97,0.0
4328,38.93,7.12,33.54,0.0,21.27,0.2814,0.0,22.99
4329,40.66,0.0,51.03,0.0,12.63,0.1676,0.0,22.99
4330,42.18,2.64,39.54,0.0,0.0,0.1,0.0,0.0
4331,43.42,0.0,69.86,49.43,0.0,0.1,22.99,0.0
4332,44.35,2.44,71.21,50.0,0.0,0.3387,20.69,0.0
4333,44.92,0.76,67.38,42.52,0.0,0.5801,19.3,0.0
4334,45.11,1.97,63.07,0.0,3.06,0.7855,0.0,22.99
4335,44.92,0.0,49.03,27.11,0.0,0.7691,22.99,0.0
4336,44.35,0.0,35.96,0.0,0.0,0.9,8.39,0.0
4337,43.42,4.03,16.4,0.0,0.0,0.9,22.99,0.0
4338,42.18,0.0,0.0,0.0,19.18,0.9,22.99,0.0
4339,40.66,3.05,0.0,0.0,14.62,0.7974,22.99,0.0
4340,38.93,7.9,0.0,0.0,8.04,0.7191,22.99,0.0
4341,37.06,6.15,0.0,0.0,7.92,0.6761,22.99,0.0
4342,35.11,12.34,0.0,0.0,0.0,0.6337,22.77,0.0
4343,35.11,9.68,0.0,0.0,2.44,0.6337,22.99,0.0
4344,35.06,4.36,0.0,0.0,7.72,0.6207,22.99,0.0
4345,35.06,6.45,0.0,0.0,5.62,0.5794,22.99,0.0
4346,35.06,5.88,0.0,0.0,6.19,0.5493,22.99,0.0
4347,35.06,0.41,0.0,0.0,11.67,0.5162,22.99,0.0
4348,35.06,1.81,0.0,0.0,10.26,0.4538,22.99,0.0
4349,35.06,2.26,0.0,0.0,9.81,0.3989,22.99,0.0
4350,35.06,0.0,0.0,0.0,12.07,0.3464,22.99,0.0
4351,37.02,2.55,15.46,3.99,0.0,0.2818,22.99,0.0
4352,38.89,0.81,36.63,0.0,24.44,0.3011,0.0,22.99
4353,40.62,0.0,49.83,0.0,11.18,0.1703,0.0,20.39
4354,42.14,1.74,61.42,0.0,1.97,0.1105,0.0,22.99
4355,43.38,0.0,66.37,0.0,0.0,0.1,0.0,22.99
4356,44.3,0.74,70.7,50.0,0.0,0.1,22.86,0.0
4357,44.87,0.0,70.06,48.19,0.0,0.3414,22.99,0.0
4358,45.06,2.35,61.27,41.55,0.0,0.5741,22.99,0.0
4359,44.87,3.15,49.92,8.19,0.0,0.7748,0.0,0.0
4360,44.3,2.61,36.44,17.74,0.0,0.8143,22.99,0.0
4361,43.38,0.0,18.11,0.0,2.28,0.9,22.99,0.0
4362,42.14,4.13,0.0,0.0,15.01,0.8878,22.99,0.0
4363,40.62,7.94,0.0,0.0,9.69,0.8075,22.99,0.0
4364,38.89,2.92,0.0,0.0,12.97,0.7557,22.99,0.0
4365,37.02,12.31,0.0,0.0,1.71,0.6862,22.99,0.0
4366,35.06,4.34,0.0,0.0,7.73,0.6771,22.99,0.0
4367,35.06,6.46,0.0,0.0,5.61,0.6357,22.99,0.0
4368,35.02,4.29,0.0,0.0,7.73,0.6057,22.99,0.0
4369,35.02,7.08,0.0,0.0,4.95,0.5643,22.99,0.0
4370,35.02,0.4,0.0,0.0,11.63,0.5379,22.99,0.0
4371,35.02,3.76,0.0,0.0,8.27,0.4757,22.99,0.0
4372,35.02,1.32,0.0,0.0,23.84,0.4314,9.86,0.0
4373,35.02,4.51,0.0,0.0,7.52,0.3038,22.99,0.0
4374,35.02,6.45,0.0,0.0,5.58,0.2636,22.99,0.0
4375,36.97,4.49,17.28,7.79,0.0,0.2338,22.99,0.0
4376,38.85,0.0,36.31,0.0,25.53,0.2714,0.0,22.99
4377,40.58,7.55,50.9,0.0,5.12,0.1348,0.0,22.99
4378,42.09,1.39,62.31,0.0,1.39,0.1074,0.0,22.99
4379,43.34,0.0,68.62,2.29,0.0,0.1,0.0,22.99
4380,44.26,0.51,71.79,32.74,0.0,0.1111,4.7,0.0
4381,44.83,0.68,69.93,48.77,0.0,0.2692,22.99,0.0
4382,45.02,0.0,61.12,39.09,0.0,0.5047,22.99,0.0
4383,44.83,1.59,50.22,29.97,0.0,0.6934,22.99,0.0
4384,44.26,0.0,34.07,12.81,0.0,0.8382,22.99,0.0
4385,43.34,1.09,17.6,0.0,1.66,0.9,22.99,0.0
4386,42.09,1.01,0.0,0.0,18.08,0.8911,22.99,0.0
4387,40.58,0.0,0.0,0.0,40.58,0.7944,0.0,0.0
4388,38.85,5.32,0.0,0.0,10.53,0.5773,22.99,0.0
4389,36.97,7.42,0.0,0.0,6.56,0.5209,22.99,0.0
4390,35.02,7.7,0.0,0.0,4.33,0.4858,22.99,0.0
4391,35.02,9.01,0.0,0.0,3.02,0.4627,22.99,0.0
4392,34.98,7.52,0.0,0.0,4.47,0.4465,22.99,0.0
4393,34.98,4.64,0.0,0.0,7.35,0.4226,22.99,0.0
4394,34.98,8.75,0.0,0.0,3.23,0.3833,22.99,0.0
4395,34.98,1.13,0.0,0.0,10.85,0.366,22.99,0.0
4396,34.98,1.94,0.0,0.0,10.05,0.3079,22.99,0.0
4397,34.98,0.95,0.0,0.0,11.03,0.2542,22.99,0.0
4398,34.98,6.73,0.0,0.0,5.26,0.1952,22.99,0.0
4399,36.93,5.45,15.42,6.93,0.0,0.1671,22.99,0.0
4400,38.81,3.19,33.89,0.0,18.79,0.2005,0.0,17.07
4401,40.53,4.41,50.4,0.0,0.0,0.1,0.0,14.28
4402,42.05,0.0,60.38,0.0,0.0,0.1,0.0,18.33
4403,43.29,1.24,68.99,3.94,0.0,0.1,0.0,22.99
4404,44.22,0.0,69.8,48.58,0.0,0.119,22.99,0.0
4405,44.79,2.85,67.35,48.41,0.0,0.3536,22.99,0.0
4406,44.98,0.06,63.49,41.57,0.0,0.5874,22.99,0.0
4407,44.79,0.0,44.79,0.0,0.0,0.7881,0.0,0.0
4408,44.22,3.37,33.63,15.77,0.0,0.7881,22.99,0.0
4409,43.29,5.23,17.66,0.0,0.0,0.8642,20.4,0.0
4410,42.05,1.07,0.0,0.0,17.98,0.8642,22.99,0.0
4411,40.53,3.87,0.0,0.0,13.67,0.768,22.99,0.0
4412,38.81,1.43,0.0,0.0,14.38,0.6949,22.99,0.0
4413,36.93,0.0,0.0,0.0,33.67,0.6179,3.26,0.0
4414,34.98,6.68,0.0,0.0,5.3,0.4378,22.99,0.0
4415,34.98,8.33,0.0,0.0,3.66,0.4094,22.99,0.0
4416,34.94,7.32,0.0,0.0,4.62,0.3899,22.99,0.0
4417,34.94,0.05,0.0,0.0,11.89,0.3651,22.99,0.0
4418,34.94,4.9,0.0,0.0,7.04,0.3015,22.99,0.0
4419,34.94,0.0,0.0,0.0,11.94,0.2639,22.99,0.0
4420,34.94,9.28,0.0,0.0,2.66,0.2,22.99,0.0
4421,34.94,0.56,0.0,0.0,11.38,0.1858,22.99,0.0
4422,34.94,7.3,0.0,0.0,4.64,0.1249,22.99,0.0
4423,36.89,5.46,15.4,6.97,0.0,0.1,22.99,0.0
4424,38.76,0.0,35.94,11.09,0.0,0.1337,13.92,0.0
4425,40.49,0.0,48.25,0.0,15.23,0.1872,0.0,22.99
4426,42.01,1.57,62.37,0.0,1.07,0.1057,0.0,22.99
4427,43.25,0.0,67.46,27.79,0.0,0.1,3.58,0.0
4428,44.17,0.33,71.04,50.0,0.0,0.2342,22.81,0.0
4429,44.74,0.0,70.53,48.78,0.0,0.4756,22.99,0.0
4430,44.94,0.0,62.6,0.0,5.33,0.7112,0.0,22.99
4431,44.74,0.0,50.44,28.69,0.0,0.6827,22.99,0.0
4432,44.17,2.35,35.14,16.31,0.0,0.8212,22.99,0.0
4433,43.25,0.58,16.91,0.0,2.76,0.9,22.99,0.0
4434,42.01,1.45,0.0,0.0,17.57,0.8852,22.99,0.0
4435,40.49,6.32,0.0,0.0,11.17,0.7912,22.99,0.0
4436,38.76,8.65,0.0,0.0,7.12,0.7315,22.99,0.0
4437,36.89,4.64,0.0,0.0,9.25,0.6934,22.99,0.0
4438,34.94,4.94,0.0,0.0,7.01,0.6439,22.99,0.0
4439,34.94,7.98,0.0,0.0,3.96,0.6064,22.99,0.0
4440,34.89,2.08,0.0,0.0,9.82,0.5852,22.99,0.0
4441,34.89,7.08,0.0,0.0,4.81,0.5327,22.99,0.0
4442,34.89,7.82,0.0,0.0,11.62,0.5069,15.45,0.0
4443,34.89,7.73,0.0,0.0,4.17,0.4447,22.99,0.0
4444,34.89,0.0,0.0,0.0,11.9,0.4224,22.99,0.0
4445,34.89,1.61,0.0,0.0,10.29,0.3587,22.99,0.0
4446,34.89,0.4,0.0,0.0,11.5,0.3037,22.99,0.0
4447,36.84,2.72,17.41,6.28,0.0,0.2421,22.99,0.0
4448,38.72,3.18,35.1,0.0,23.44,0.2725,0.0,22.99
4449,40.45,5.79,51.12,0.0,6.53,0.147,0.0,22.99
4450,41.96,0.0,62.69,0.0,2.27,0.1121,0.0,22.99
4451,43.21,0.0,66.2,0.0,0.0,0.1,0.0,22.99
4452,44.13,3.72,70.9,50.0,0.0,0.1,19.51,0.0
4453,44.7,1.07,67.29,0.67,0.0,0.3414,0.0,22.99
4454,44.89,4.54,60.08,42.72,0.0,0.3447,22.99,0.0
4455,44.7,1.88,51.11,31.29,0.0,0.551,22.99,0.0
4456,44.13,0.0,34.67,13.53,0.0,0.7021,22.99,0.0
4457,43.21,0.0,16.05,0.0,6.19,0.7674,20.97,0.0
4458,41.96,0.0,0.0,0.0,18.97,0.7343,22.99,0.0
4459,40.45,6.22,0.0,0.0,11.24,0.6328,22.99,0.0
4460,38.72,8.7,0.0,0.0,7.03,0.5727,22.99,0.0
4461,36.84,11.51,0.0,0.0,2.34,0.5351,22.99,0.0
4462,34.89,8.77,0.0,0.0,3.13,0.5225,22.99,0.0
4463,34.89,10.12,0.0,0.0,1.78,0.5058,22.99,0.0
4464,34.85,4.6,0.0,0.0,7.26,0.4963,22.99,0.0
4465,34.85,2.62,0.0,0.0,9.23,0.4575,22.99,0.0
4466,34.85,8.79,0.0,0.0,3.06,0.4081,22.99,0.0
4467,34.85,6.88,0.0,0.0,4.98,0.3917,22.99,0.0
4468,34.85,5.21,0.0,0.0,6.65,0.365,22.99,0.0
4469,34.85,5.33,0.0,0.0,6.52,0.3295,22.99,0.0
4470,34.85,4.29,0.0,0.0,7.57,0.2946,22.99,0.0
4471,36.8,0.0,13.81,0.0,0.0,0.2541,22.99,0.0
4472,38.68,5.81,36.49,0.0,19.36,0.2541,0.0,22.99
4473,40.41,2.71,51.26,0.0,9.43,0.1504,0.0,22.99
4474,41.92,3.03,61.89,0.0,0.0,0.1,0.0,22.99
4475,43.16,1.78,64.38,0.0,0.0,0.1,0.0,22.99
4476,44.09,0.0,73.14,50.0,0.0,0.1,20.95,0.0
4477,44.66,2.56,70.54,50.0,0.0,0.3414,21.56,0.0
4478,44.85,0.0,63.02,41.16,0.0,0.5829,22.99,0.0
4479,44.66,3.89,50.7,9.94,0.0,0.7817,0.0,0.0
4480,44.09,0.0,35.67,14.57,0.0,0.8296,22.99,0.0
4481,43.16,3.33,16.84,0.0,0.0,0.9,22.99,0.0
4482,41.92,0.51,0.0,0.0,18.42,0.9,22.99,0.0
4483,40.41,5.87,0.0,0.0,11.54,0.8014,22.99,0.0
4484,38.68,4.75,0.0,0.0,10.93,0.7397,22.99,0.0
4485,36.8,0.37,0.0,0.0,13.44,0.6812,22.99,0.0
4486,34.85,7.4,0.0,0.0,4.45,0.6093,22.99,0.0
4487,34.85,4.5,0.0,0.0,7.36,0.5855,22.99,0.0
4488,34.81,9.33,0.0,0.0,2.48,0.5461,22.99,0.0
4489,34.81,6.37,0.0,0.0,5.44,0.5328,22.99,0.0
4490,34.81,7.32,0.0,0.0,4.49,0.5037,22.99,0.0
4491,34.81,2.43,0.0,0.0,20.4,0.4797,11.97,0.0
4492,34.81,2.96,0.0,0.0,8.86,0.3705,22.99,0.0
4493,34.81,2.6,0.0,0.0,9.21,0.3231,22.99,0.0
4494,34.81,6.02,0.0,0.0,5.8,0.2738,22.99,0.0
4495,36.76,7.83,18.4,12.47,0.0,0.2428,22.99,0.0
4496,38.63,0.0,33.26,0.0,28.37,0.303,0.0,22.99
4497,40.36,4.44,51.05,0.0,7.86,0.1513,0.0,22.99
4498,41.88,0.0,63.15,0.0,1.72,0.1092,0.0,22.99
4499,43.12,0.0,70.69,4.57,0.0,0.1,0.0,22.99
4500,44.05,0.0,70.37,3.33,0.0,0.1221,0.0,22.99
4501,44.61,0.0,70.69,49.07,0.0,0.1382,22.99,0.0
4502,44.81,0.0,62.47,40.66,0.0,0.3751,22.99,0.0
4503,44.61,2.29,48.17,28.85,0.0,0.5714,22.99,0.0
4504,44.05,0.93,36.22,16.1,0.0,0.7107,22.99,0.0
4505,43.12,3.63,16.78,0.0,0.0,0.7885,22.71,0.0
4506,41.88,5.48,0.0,0.0,13.41,0.7885,22.99,0.0
4507,40.36,4.94,0.0,0.0,12.43,0.7168,22.99,0.0
4508,38.63,6.99,0.0,0.0,8.65,0.6503,22.99,0.0
4509,36.76,5.31,0.0,0.0,8.46,0.604,22.99,0.0
4510,34.81,2.21,0.0,0.0,9.61,0.5587,22.99,0.0
4511,34.81,9.79,0.0,0.0,2.02,0.5073,22.99,0.0
4512,34.76,4.58,0.0,0.0,7.19,0.4965,22.99,0.0
4513,34.76,3.35,0.0,0.0,8.42,0.458,22.99,0.0
4514,34.76,5.47,0.0,0.0,6.29,0.413,22.99,0.0
4515,34.76,2.58,0.0,0.0,9.19,0.3793,22.99,0.0
4516,34.76,3.52,0.0,0.0,8.25,0.3301,22.99,0.0
4517,34.76,5.2,0.0,0.0,19.5,0.286,10.07,0.0
4518,34.76,4.38,0.0,0.0,7.39,0.1817,22.99,0.0
4519,36.71,0.0,17.33,0.0,0.0,0.1421,19.39,0.0
4520,38.59,0.05,35.52,0.0,0.0,0.1421,3.02,0.0
4521,40.32,4.44,51.01,0.0,7.87,0.1421,0.0,22.99
4522,41.83,2.05,62.47,0.0,0.0,0.1,0.0,22.68
4523,43.08,6.84,68.13,8.89,0.0,0.1,0.0,22.99
4524,44.0,3.83,72.7,50.0,0.0,0.1429,17.47,0.0
4525,44.57,3.83,70.2,44.7,0.0,0.3844,15.24,0.0
4526,44.76,0.0,62.74,40.97,0.0,0.6002,22.99,0.0
4527,44.57,3.43,48.37,7.23,0.0,0.7981,0.0,0.0
4528,44.0,1.46,33.42,13.87,0.0,0.833,22.99,0.0
4529,43.08,0.63,15.43,0.0,4.03,0.9,22.99,0.0
4530,41.83,3.79,0.0,0.0,15.05,0.8784,22.99,0.0
4531,40.32,7.14,0.0,0.0,10.18,0.7979,22.99,0.0
4532,38.59,6.49,0.0,0.0,9.11,0.7435,22.99,0.0
4533,36.71,2.69,0.0,0.0,11.03,0.6947,22.99,0.0
4534,34.76,8.45,0.0,0.0,3.32,0.6357,22.99,0.0
4535,34.76,4.31,0.0,0.0,7.46,0.618,22.99,0.0
4536,34.72,7.19,0.0,0.0,49.65,0.5781,0.0,22.11
4537,34.72,5.4,0.0,0.0,6.33,0.3124,22.99,0.0
4538,34.72,5.35,0.0,0.0,6.38,0.2786,22.99,0.0
4539,34.72,8.02,0.0,0.0,3.71,0.2444,22.99,0.0
4540,34.72,1.51,0.0,0.0,10.22,0.2246,22.99,0.0
4541,34.72,10.38,0.0,0.0,1.34,0.1699,22.99,0.0
4542,34.72,0.0,0.0,0.0,11.73,0.1627,22.99,0.0
4543,36.67,0.48,13.19,0.0,0.0,0.1,22.99,0.0
4544,38.55,2.84,34.03,16.06,0.0,0.1,17.75,0.0
4545,40.28,2.86,50.16,0.0,10.26,0.1776,0.0,22.99
4546,41.79,0.13,60.41,0.0,4.24,0.1227,0.0,22.99
4547,43.04,0.0,68.59,48.55,0.0,0.1,22.99,0.0
4548,43.96,1.35,72.55,29.94,0.0,0.3344,0.0,0.0
4549,44.53,0.0,68.12,23.59,0.0,0.479,0.0,0.0
4550,44.72,4.96,59.76,37.89,0.0,0.593,17.89,0.0
4551,44.53,3.68,49.77,8.92,0.0,0.7759,0.0,0.0
4552,43.96,4.46,33.28,16.78,0.0,0.819,22.99,0.0
4553,43.04,0.0,15.33,0.0,4.72,0.9,22.99,0.0
4554,41.79,3.0,0.0,0.0,15.8,0.8748,22.99,0.0
4555,40.28,3.12,0.0,0.0,14.16,0.7902,22.99,0.0
4556,38.55,1.62,0.0,0.0,13.93,0.7145,22.99,0.0
4557,36.67,6.71,0.0,0.0,6.97,0.6399,22.99,0.0
4558,34.72,4.32,0.0,0.0,7.41,0.6026,22.99,0.0
4559,34.72,8.5,0.0,0.0,3.23,0.563,22.99,0.0
4560,34.68,3.03,0.0,0.0,8.65,0.5457,22.99,0.0
4561,34.68,11.95,0.0,0.0,0.0,0.4994,22.73,0.0
4562,34.68,3.16,0.0,0.0,8.52,0.4994,22.99,0.0
4563,34.68,6.26,0.0,0.0,5.43,0.4538,22.99,0.0
4564,34.68,7.44,0.0,0.0,4.24,0.4248,22.99,0.0
4565,34.68,2.25,0.0,0.0,9.43,0.4021,22.99,0.0
4566,34.68,6.02,0.0,0.0,5.67,0.3516,22.99,0.0
4567,36.63,0.0,16.65,0.0,20.63,0.3213,0.0,0.66
4568,38.5,6.34,34.43,0.0,20.73,0.2109,0.0,22.99
4569,40.23,1.02,48.82,29.98,0.0,0.1,20.38,0.0
4570,41.75,0.0,61.91,0.0,2.84,0.2448,0.0,22.99
4571,42.99,0.0,67.0,1.02,0.0,0.2296,0.0,22.99
4572,43.92,0.45,70.47,50.0,0.0,0.2345,22.99,0.0
4573,44.49,0.0,68.49,47.0,0.0,0.476,22.99,0.0
4574,44.68,0.0,62.97,0.0,0.0,0.7029,0.0,18.29
4575,44.49,0.26,49.5,28.26,0.0,0.7029,22.99,0.0
4576,43.92,0.0,33.47,12.55,0.0,0.8394,22.99,0.0
4577,42.99,8.31,17.63,0.0,0.0,0.9,17.05,0.0
4578,41.75,1.43,0.0,0.0,17.33,0.9,22.99,0.0
4579,40.23,6.79,0.0,0.0,10.45,0.8073,22.99,0.0
4580,38.5,5.56,0.0,0.0,9.95,0.7514,22.99,0.0
4581,36.63,2.36,0.0,0.0,11.27,0.6981,22.99,0.0
4582,34.68,6.04,0.0,0.0,5.64,0.6378,22.99,0.0
4583,34.68,8.92,0.0,0.0,2.76,0.6076,22.99,0.0
4584,34.64,5.89,0.0,0.0,5.75,0.5929,22.99,0.0
4585,34.64,10.25,0.0,0.0,1.39,0.5621,22.99,0.0
4586,34.64,9.37,0.0,0.0,2.27,0.5547,22.99,0.0
4587,34.64,8.53,0.0,0.0,3.11,0.5425,22.99,0.0
4588,34.64,3.4,0.0,0.0,24.28,0.5259,6.95,0.0
4589,34.64,0.61,0.0,0.0,11.03,0.396,22.99,0.0
4590,34.64,0.0,0.0,0.0,11.64,0.337,22.99,0.0
4591,36.59,3.07,17.43,6.9,0.0,0.2747,22.99,0.0
4592,38.46,3.42,35.81,0.0,22.23,0.308,0.0,22.99
4593,40.19,0.0,51.31,0.0,11.87,0.1891,0.0,22.99
4594,41.71,0.44,59.49,0.0,4.77,0.1255,0.0,22.99
4595,42.95,0.66,69.02,3.73,0.0,0.1,0.0,22.99
4596,43.87,0.0,69.79,48.91,0.0,0.118,22.99,0.0
4597,44.44,4.32,70.13,30.01,0.0,0.3542,0.0,0.0
4598,44.64,1.83,61.29,41.48,0.0,0.4991,22.99,0.0
4599,44.44,5.22,50.07,33.84,0.0,0.6994,22.99,0.0
4600,43.87,0.95,35.47,7.7,0.0,0.8628,15.16,0.0
4601,42.95,5.46,16.12,0.0,17.12,0.9,4.24,0.0
4602,41.71,8.56,0.0,0.0,10.15,0.8084,22.99,0.0
4603,40.19,8.35,0.0,0.0,8.85,0.7541,22.99,0.0
4604,38.46,1.35,0.0,0.0,14.11,0.7067,22.99,0.0
4605,36.59,4.74,0.0,0.0,8.86,0.6312,22.99,0.0
4606,34.64,4.95,0.0,0.0,6.69,0.5838,22.99,0.0
4607,34.64,7.98,0.0,0.0,3.67,0.548,22.99,0.0
4608,34.59,8.73,0.0,0.0,2.87,0.5284,22.99,0.0
4609,34.59,3.69,0.0,0.0,7.91,0.5131,22.99,0.0
4610,34.59,6.3,0.0,0.0,5.3,0.4708,22.99,0.0
4611,34.59,0.0,0.0,0.0,11.6,0.4424,22.99,0.0
4612,34.59,9.56,0.0,0.0,2.04,0.3803,22.99,0.0
4613,34.59,2.46,0.0,0.0,9.14,0.3694,22.99,0.0
4614,34.59,3.46,0.0,0.0,8.14,0.3205,22.99,0.0
4615,36.54,1.44,15.18,0.0,0.0,0.277,19.93,0.0
4616,38.42,5.37,35.23,0.0,20.81,0.277,0.0,22.99
4617,40.15,0.0,50.88,0.0,12.26,0.1656,0.0,22.99
4618,41.66,0.42,62.61,0.0,0.0,0.1,0.0,21.37
4619,42.91,0.0,67.11,1.21,0.0,0.1,0.0,22.99
4620,43.83,0.0,70.84,50.0,0.0,0.1058,22.99,0.0
4621,44.4,2.27,69.14,50.0,0.0,0.3473,22.99,0.0
4622,44.59,0.0,61.93,40.33,0.0,0.5887,22.99,0.0
4623,44.4,3.49,26.91,8.99,0.0,0.7834,22.99,0.0
4624,43.83,2.81,33.18,15.15,0.0,0.8268,22.99,0.0
4625,42.91,6.52,17.88,0.0,0.0,0.9,18.5,0.0
4626,41.66,1.12,0.0,0.0,17.55,0.9,22.99,0.0
4627,40.15,1.74,0.0,0.0,15.41,0.8061,22.99,0.0
4628,38.42,8.44,0.0,0.0,6.99,0.7236,22.99,0.0
4629,36.54,6.94,0.0,0.0,6.61,0.6863,22.99,0.0
4630,34.59,1.08,0.0,0.0,10.52,0.6509,22.99,0.0
4631,34.59,4.66,0.0,0.0,6.94,0.5946,22.99,0.0
4632,34.55,7.77,0.0,0.0,3.78,0.5575,22.99,0.0
4633,34.55,9.12,0.0,0.0,2.43,0.5372,22.99,0.0
4634,34.55,3.89,0.0,0.0,7.67,0.5242,22.99,0.0
4635,34.55,0.0,0.0,0.0,11.56,0.4832,22.99,0.0
4636,34.55,6.6,0.0,0.0,4.96,0.4214,22.99,0.0
4637,34.55,0.18,0.0,0.0,11.38,0.3948,22.99,0.0
4638,34.55,0.0,0.0,0.0,11.56,0.3339,22.99,0.0
4639,36.5,0.0,18.3,1.38,0.0,0.2721,19.58,0.0
4640,38.38,4.3,34.68,0.0,22.39,0.2788,0.0,22.99
4641,40.11,1.42,50.67,0.0,11.02,0.159,0.0,22.99
4642,41.62,0.0,62.41,24.03,0.0,0.1,3.24,0.0
4643,42.87,4.66,69.84,8.64,0.0,0.2161,0.0,22.99
4644,43.79,0.0,66.78,0.0,0.0,0.2578,0.0,22.99
4645,44.36,5.39,65.97,50.0,0.0,0.2578,22.99,0.0
4646,44.55,0.0,61.17,39.61,0.0,0.4992,22.99,0.0
4647,44.36,0.89,49.15,28.68,0.0,0.6905,22.99,0.0
4648,43.79,0.0,35.51,14.71,0.0,0.829,22.99,0.0
4649,42.87,1.71,15.44,0.0,2.72,0.9,22.99,0.0
4650,41.62,2.48,0.0,0.0,16.14,0.8854,22.99,0.0
4651,40.11,6.15,0.0,0.0,10.96,0.799,22.99,0.0
4652,38.38,5.05,0.0,0.0,10.33,0.7404,22.99,0.0
4653,36.5,7.59,0.0,0.0,5.92,0.6851,22.99,0.0
4654,34.55,8.36,0.0,0.0,21.28,0.6535,4.91,0.0
4655,34.55,13.38,0.0,1.83,0.0,0.5396,22.99,0.0
4656,34.51,5.51,0.0,0.0,6.0,0.5484,22.99,0.0
4657,34.51,3.38,0.0,0.0,8.14,0.5163,22.99,0.0
4658,34.51,6.9,0.0,0.0,4.62,0.4728,22.99,0.0
4659,34.51,2.99,0.0,0.0,8.52,0.4481,22.99,0.0
4660,34.51,9.71,0.0,0.0,1.81,0.4025,22.99,0.0
4661,34.51,3.22,0.0,0.0,8.3,0.3928,22.99,0.0
4662,34.51,1.47,0.0,0.0,10.05,0.3484,22.99,0.0
4663,36.46,0.94,18.65,6.12,0.0,0.2947,22.99,0.0
4664,38.34,4.0,34.15,0.0,23.18,0.3242,0.0,22.99
4665,40.06,0.5,48.87,0.0,13.69,0.2002,0.0,22.99
4666,41.58,0.0,59.54,0.0,5.04,0.127,0.0,22.99
4667,42.82,5.56,68.14,7.88,0.0,0.1,0.0,22.99
4668,43.75,0.0,70.52,26.78,0.0,0.1381,0.0,0.0
4669,44.32,0.29,68.02,46.98,0.0,0.2674,22.99,0.0
4670,44.51,2.61,59.72,40.81,0.0,0.4942,22.99,0.0
4671,44.32,0.0,48.87,27.55,0.0,0.6913,22.99,0.0
4672,43.75,3.23,33.19,15.67,0.0,0.8243,22.99,0.0
4673,42.82,0.0,18.3,0.0,47.52,0.9,0.0,22.99
4674,41.58,5.96,0.0,0.0,12.63,0.6457,22.99,0.0
4675,40.06,1.02,0.0,0.0,16.05,0.5782,22.99,0.0
4676,38.34,7.16,0.0,0.0,8.19,0.4923,22.99,0.0
4677,36.46,9.16,0.0,0.0,4.3,0.4485,22.99,0.0
4678,34.51,8.89,0.0,0.0,2.63,0.4255,22.99,0.0
4679,34.51,7.24,0.0,0.0,4.28,0.4114,22.99,0.0
4680,34.47,5.8,0.0,0.0,5.68,0.3885,22.99,0.0
4681,34.47,4.57,0.0,0.0,6.9,0.3582,22.99,0.0
4682,34.47,10.87,0.0,0.0,0.6,0.3212,22.99,0.0
4683,34.47,3.33,0.0,0.0,8.14,0.318,22.99,0.0
4684,34.47,1.57,0.0,0.0,9.9,0.2744,22.99,0.0
4685,34.47,6.3,0.0,0.0,5.17,0.2215,22.99,0.0
4686,34.47,0.73,0.0,0.0,10.74,0.1938,22.99,0.0
4687,36.42,0.0,16.25,2.83,0.0,0.1363,22.99,0.0
4688,38.29,0.0,32.86,7.04,0.0,0.15,12.47,0.0
4689,40.02,0.0,49.95,0.0,13.07,0.184,0.0,22.99
4690,41.54,0.24,61.89,0.0,2.41,0.1141,0.0,22.99
4691,42.78,0.97,69.68,4.87,0.0,0.1012,0.0,22.99
4692,43.7,3.15,69.81,6.27,0.0,0.1248,0.0,22.99
4693,44.27,1.89,67.43,48.04,0.0,0.155,22.99,0.0
4694,44.47,0.0,60.46,38.98,0.0,0.387,22.99,0.0
4695,44.27,0.38,48.29,27.39,0.0,0.5752,22.99,0.0
4696,43.7,3.34,34.61,17.24,0.0,0.7075,22.99,0.0
4697,42.78,6.59,18.34,5.14,0.0,0.7908,22.99,0.0
4698,41.54,3.72,0.0,0.0,14.83,0.8156,22.99,0.0
4699,40.02,2.63,0.0,0.0,14.4,0.7362,22.99,0.0
4700,38.29,1.72,0.0,0.0,13.58,0.6592,22.99,0.0
4701,36.42,0.92,0.0,0.0,12.5,0.5865,22.99,0.0
4702,34.47,8.27,0.0,0.0,3.21,0.5196,22.99,0.0
4703,34.47,8.3,0.0,0.0,3.17,0.5025,22.99,0.0
4704,34.42,8.42,0.0,0.0,3.01,0.4855,22.99,0.0
4705,34.42,6.03,0.0,0.0,5.4,0.4694,22.99,0.0
4706,34.42,10.67,0.0,0.0,0.76,0.4405,22.99,0.0
4707,34.42,4.04,0.0,0.0,7.39,0.4365,22.99,0.0
4708,34.42,8.03,0.0,0.0,3.4,0.397,22.99,0.0
4709,34.42,4.03,0.0,0.0,7.4,0.3788,22.99,0.0
4710,34.42,1.35,0.0,0.0,10.08,0.3392,22.99,0.0
4711,36.38,4.4,15.14,6.16,0.0,0.2853,22.99,0.0
4712,38.25,3.03,33.64,0.0,24.57,0.315,0.0,22.99
4713,39.98,2.19,49.03,0.0,11.76,0.1835,0.0,22.99
4714,41.5,0.78,59.85,0.0,3.85,0.1206,0.0,22.99
4715,42.74,0.07,65.66,0.0,0.0,0.1,0.0,22.99
4716,43.66,7.81,69.2,50.0,0.0,0.1,16.65,0.0
4717,44.23,4.03,68.23,50.0,0.0,0.3414,21.97,0.0
4718,44.42,0.0,62.33,40.9,0.0,0.5829,22.99,0.0
4719,44.23,1.4,50.48,7.64,0.0,0.7804,0.0,0.0
4720,43.66,3.24,34.56,17.13,0.0,0.8173,22.99,0.0
4721,42.74,4.16,17.12,0.0,0.0,0.9,21.46,0.0
4722,41.5,3.41,0.0,0.0,15.09,0.9,22.99,0.0
4723,39.98,3.18,0.0,0.0,13.81,0.8192,22.99,0.0
4724,38.25,4.68,0.0,0.0,10.58,0.7453,22.99,0.0
4725,36.38,0.0,0.0,0.0,13.38,0.6887,22.99,0.0
4726,34.42,6.8,0.0,0.0,4.63,0.6171,22.99,0.0
4727,34.42,4.87,0.0,0.0,6.56,0.5924,22.99,0.0
4728,34.38,11.72,0.0,0.0,0.0,0.5573,22.66,0.0
4729,34.38,6.52,0.0,0.0,4.87,0.5573,22.99,0.0
4730,34.38,2.29,0.0,0.0,9.1,0.5312,22.99,0.0
4731,34.38,5.46,0.0,0.0,5.93,0.4825,22.99,0.0
4732,34.38,1.57,0.0,0.0,22.65,0.4508,10.17,0.0
4733,34.38,5.7,0.0,0.0,5.69,0.3297,22.99,0.0
4734,34.38,4.28,0.0,0.0,7.11,0.2993,22.99,0.0
4735,36.33,5.6,18.39,10.65,0.0,0.2612,22.99,0.0
4736,38.21,0.0,34.35,0.0,26.85,0.3126,0.0,22.99
4737,39.94,1.16,48.89,0.0,12.88,0.1689,0.0,22.99
4738,41.45,0.0,59.43,0.0,0.0,0.1,0.0,17.98
4739,42.7,2.48,69.79,6.58,0.0,0.1,0.0,22.99
4740,43.62,0.0,69.38,48.75,0.0,0.1318,22.99,0.0
4741,44.19,0.0,68.09,39.91,0.0,0.3672,16.01,0.0
4742,44.38,0.54,59.32,38.47,0.0,0.5599,22.99,0.0
4743,44.19,2.39,50.77,31.96,0.0,0.7457,22.99,0.0
4744,43.62,6.91,35.31,0.0,0.0,0.9,1.4,0.0
4745,42.7,1.58,16.9,0.0,1.23,0.9,22.99,0.0
4746,41.45,3.78,0.0,0.0,23.2,0.8934,14.47,0.0
4747,39.94,0.66,0.0,0.0,16.29,0.7693,22.99,0.0
4748,38.21,2.14,0.0,0.0,13.07,0.6822,22.99,0.0
4749,36.33,5.94,0.0,0.0,7.4,0.6122,22.99,0.0
4750,34.38,9.71,0.0,0.0,1.68,0.5726,22.99,0.0
4751,34.38,5.63,0.0,0.0,5.76,0.5636,22.99,0.0
4752,34.34,5.82,0.0,0.0,5.53,0.5328,22.99,0.0
4753,34.34,5.16,0.0,0.0,6.19,0.5033,22.99,0.0
4754,34.34,4.42,0.0,0.0,6.93,0.4701,22.99,0.0
4755,34.34,6.59,0.0,0.0,4.76,0.4331,22.99,0.0
4756,34.34,0.12,0.0,0.0,11.22,0.4076,22.99,0.0
4757,34.34,8.33,0.0,0.0,3.02,0.3476,22.99,0.0
4758,34.34,1.2,0.0,0.0,10.15,0.3314,22.99,0.0
4759,36.29,4.85,16.06,7.61,0.0,0.2771,22.99,0.0
4760,38.17,0.0,35.02,0.0,26.14,0.3139,0.0,22.99
4761,39.9,3.23,48.53,0.0,11.13,0.174,0.0,22.99
4762,41.41,2.72,58.99,0.0,2.7,0.1144,0.0,22.99
4763,42.66,1.47,67.01,48.82,0.0,0.1,22.99,0.0
4764,43.58,0.0,69.04,25.46,0.0,0.3357,0.0,0.0
4765,44.15,1.03,69.2,49.07,0.0,0.4587,22.99,0.0
4766,44.34,0.0,60.7,39.35,0.0,0.6957,22.99,0.0
4767,44.15,0.24,46.87,2.97,0.0,0.8857,0.0,0.0
4768,43.58,5.06,33.93,0.0,0.0,0.9,4.58,0.0
4769,42.66,5.09,16.37,0.0,0.0,0.9,21.2,0.0
4770,41.41,3.4,0.0,0.0,15.02,0.9,22.99,0.0
4771,39.9,1.03,0.0,0.0,15.87,0.8196,22.99,0.0
4772,38.17,7.05,0.0,0.0,8.12,0.7347,22.99,0.0
4773,36.29,5.7,0.0,0.0,7.6,0.6913,22.99,0.0
4774,34.34,0.0,0.0,0.0,11.35,0.6506,22.99,0.0
4775,34.34,9.01,0.0,0.0,2.34,0.5899,22.99,0.0
4776,34.3,6.52,0.0,0.0,4.78,0.5774,22.99,0.0
4777,34.3,10.38,0.0,0.0,0.93,0.5518,22.99,0.0
4778,34.3,2.62,0.0,0.0,31.68,0.5468,0.0,0.0
4779,34.3,0.0,0.0,0.0,11.31,0.3773,22.99,0.0
4780,34.3,5.88,0.0,0.0,5.42,0.3168,22.99,0.0
4781,34.3,5.14,0.0,0.0,6.16,0.2878,22.99,0.0
4782,34.3,0.0,0.0,0.0,11.31,0.2549,22.99,0.0
4783,36.25,0.0,18.44,0.0,0.0,0.1944,17.81,0.0
4784,38.13,10.66,33.39,0.0,17.07,0.1944,0.0,22.99
4785,39.86,0.09,47.55,0.0,0.0,0.103,0.0,7.78
4786,41.37,2.93,60.83,0.0,0.57,0.103,0.0,22.96
4787,42.61,0.0,65.61,0.0,0.0,0.1,0.0,22.99
4788,43.54,0.0,70.54,50.0,0.0,0.1,22.99,0.0
4789,44.11,0.0,66.74,45.63,0.0,0.3414,22.99,0.0
4790,44.3,0.0,60.02,38.72,0.0,0.5618,22.99,0.0
4791,44.11,0.0,47.33,17.96,0.0,0.7487,14.74,0.0
4792,43.54,1.38,32.53,13.37,0.0,0.8355,22.99,0.0
4793,42.61,3.38,18.39,0.0,0.0,0.9,20.85,0.0
4794,41.37,2.88,0.0,0.0,15.5,0.9,22.99,0.0
4795,39.86,0.11,0.0,0.0,16.75,0.8171,22.99,0.0
4796,38.13,6.55,0.0,0.0,8.58,0.7275,22.99,0.0
4797,36.25,0.0,0.0,0.0,13.26,0.6816,22.99,0.0
4798,34.3,0.0,0.0,0.0,11.31,0.6106,22.99,0.0
4799,34.3,8.88,0.0,0.0,2.43,0.5501,22.99,0.0
4800,34.26,8.26,0.0,0.0,3.01,0.5372,22.99,0.0
4801,34.26,6.32,0.0,0.0,4.95,0.5211,22.99,0.0
4802,34.26,1.67,0.0,0.0,9.6,0.4946,22.99,0.0
4803,34.26,3.38,0.0,0.0,7.89,0.4433,22.99,0.0
4804,34.26,4.15,0.0,0.0,7.12,0.4011,22.99,0.0
4805,34.26,0.0,0.0,0.0,11.26,0.363,22.99,0.0
4806,34.26,0.99,0.0,0.0,10.27,0.3027,22.99,0.0
4807,36.21,4.65,15.13,0.0,0.0,0.2477,16.42,0.0
4808,38.09,6.38,35.03,0.0,19.67,0.2477,0.0,22.99
4809,39.81,0.0,49.34,0.0,7.94,0.1425,0.0,17.46
4810,41.33,3.03,60.81,0.0,0.0,0.1,0.0,22.51
4811,42.57,0.0,65.57,0.0,0.0,0.1,0.0,22.99
4812,43.5,0.0,68.95,48.45,0.0,0.1,22.99,0.0
4813,44.07,0.0,66.37,45.29,0.0,0.334,22.99,0.0
4814,44.26,1.57,60.02,40.33,0.0,0.5527,22.99,0.0
4815,44.07,0.29,49.96,10.81,0.0,0.7474,4.62,0.0
4816,43.5,6.03,35.26,20.79,0.0,0.7996,22.99,0.0
4817,42.57,0.0,18.19,0.0,47.38,0.9,0.0,22.99
4818,41.33,5.41,0.0,0.0,12.92,0.6465,22.99,0.0
4819,39.81,3.31,0.0,0.0,13.51,0.5773,22.99,0.0
4820,38.09,4.49,0.0,0.0,10.61,0.5051,22.99,0.0
4821,36.21,5.07,0.0,0.0,8.14,0.4483,22.99,0.0
4822,34.26,3.45,0.0,0.0,7.82,0.4048,22.99,0.0
4823,34.26,6.46,0.0,0.0,4.81,0.3629,22.99,0.0
4824,34.22,6.43,0.0,0.0,4.79,0.3372,22.99,0.0
4825,34.22,7.3,0.0,0.0,3.92,0.3116,22.99,0.0
4826,34.22,6.47,0.0,0.0,4.75,0.2906,22.99,0.0
4827,34.22,8.27,0.0,0.0,2.96,0.2652,22.99,0.0
4828,34.22,8.0,0.0,0.0,3.22,0.2493,22.99,0.0
4829,34.22,0.84,0.0,0.0,10.39,0.2321,22.99,0.0
4830,34.22,6.21,0.0,0.0,5.02,0.1765,22.99,0.0
4831,36.17,0.0,17.2,4.02,0.0,0.1497,22.99,0.0
4832,38.04,3.68,35.82,0.0,12.92,0.1691,0.0,14.38
4833,39.77,3.11,49.43,0.0,0.0,0.1,0.0,12.77
4834,41.29,0.0,60.13,0.0,0.0,0.1,0.0,18.84
4835,42.53,0.57,64.95,0.0,0.0,0.1,0.0,22.99
4836,43.46,0.0,71.28,34.73,0.0,0.1,6.91,0.0
4837,44.03,0.0,67.8,46.77,0.0,0.2677,22.99,0.0
4838,44.22,4.97,60.9,44.64,0.0,0.4936,22.99,0.0
4839,44.03,0.0,47.17,26.14,0.0,0.7091,22.99,0.0
4840,43.46,0.0,33.84,13.38,0.0,0.8354,22.99,0.0
4841,42.53,2.8,16.91,0.0,0.0,0.9,22.82,0.0
4842,41.29,5.61,0.0,0.0,12.68,0.9,22.99,0.0
4843,39.77,3.78,0.0,0.0,13.0,0.8322,22.99,0.0
4844,38.04,8.79,0.0,0.0,6.26,0.7626,22.99,0.0
4845,36.17,7.4,0.0,0.0,5.77,0.7291,22.99,0.0
4846,34.22,0.0,0.0,0.0,11.22,0.6982,22.99,0.0
4847,34.22,4.81,0.0,0.0,6.41,0.6381,22.99,0.0
4848,34.18,4.83,0.0,0.0,6.35,0.6038,22.99,0.0
4849,34.18,8.09,0.0,0.0,3.09,0.5698,22.99,0.0
4850,34.18,0.0,0.0,0.0,11.18,0.5533,22.99,0.0
4851,34.18,13.95,0.0,2.77,0.0,0.4935,22.99,0.0
4852,34.18,6.75,0.0,0.0,4.43,0.5068,22.99,0.0
4853,34.18,4.73,0.0,0.0,6.45,0.4831,22.99,0.0
4854,34.18,7.24,0.0,0.0,3.95,0.4486,22.99,0.0
4855,36.13,10.16,17.11,0.0,28.47,0.4275,0.0,19.61
4856,38.0,4.61,34.22,0.0,22.17,0.2752,0.0,22.99
4857,39.73,4.2,47.96,0.0,10.57,0.1566,0.0,22.99
4858,41.25,0.0,60.02,18.77,0.0,0.1,0.0,0.0
4859,42.49,0.0,65.49,0.0,0.0,0.1906,0.0,22.99
4860,43.42,0.0,69.19,48.77,0.0,0.1906,22.99,0.0
4861,43.98,0.0,66.26,45.27,0.0,0.4261,22.99,0.0
4862,44.18,0.0,60.02,25.1,0.0,0.6447,9.25,0.0
4863,43.98,0.0,48.76,27.77,0.0,0.7659,22.99,0.0
4864,43.42,1.55,18.87,0.0,0.0,0.9,22.99,0.0
4865,42.49,0.0,17.04,0.0,48.45,0.9,0.0,22.99
4866,41.25,4.03,0.0,0.0,14.22,0.6408,22.99,0.0
4867,39.73,2.47,0.0,0.0,14.27,0.5647,22.99,0.0
4868,38.0,5.51,0.0,0.0,9.5,0.4883,22.99,0.0
4869,36.13,4.01,0.0,0.0,9.12,0.4375,22.99,0.0
4870,34.18,11.18,0.0,0.0,0.0,0.3887,22.99,0.0
4871,34.18,10.94,0.0,0.0,0.24,0.3887,22.99,0.0
4872,34.14,2.64,0.0,0.0,8.5,0.3874,22.99,0.0
4873,34.14,7.31,0.0,0.0,3.83,0.3419,22.99,0.0
4874,34.14,4.27,0.0,0.0,6.87,0.3214,22.99,0.0
4875,34.14,2.44,0.0,0.0,8.7,0.2847,22.99,0.0
4876,34.14,0.72,0.0,0.0,10.43,0.2381,22.99,0.0
4877,34.14,5.67,0.0,0.0,5.47,0.1823,22.99,0.0
4878,34.14,1.23,0.0,0.0,9.91,0.153,22.99,0.0
4879,36.09,5.73,17.42,8.71,0.0,0.1,21.64,0.0
4880,37.96,5.03,34.62,24.69,0.0,0.142,22.99,0.0
4881,39.69,5.59,50.11,0.0,6.98,0.2613,0.0,22.99
4882,41.21,0.0,59.31,0.0,4.89,0.2239,0.0,22.99
4883,42.45,1.85,67.77,4.18,0.0,0.1977,0.0,22.99
4884,43.37,2.25,68.5,4.38,0.0,0.2179,0.0,22.99
4885,43.94,0.0,67.37,46.42,0.0,0.2391,22.99,0.0
4886,44.14,0.0,61.58,40.43,0.0,0.4632,22.99,0.0
4887,43.94,6.35,46.93,32.34,0.0,0.6585,22.99,0.0
4888,43.37,2.55,32.78,14.95,0.0,0.8146,22.99,0.0
4889,42.45,4.65,17.53,2.73,0.0,0.8868,22.99,0.0
4890,41.21,0.77,0.0,0.0,17.44,0.9,22.99,0.0
4891,39.69,0.33,0.0,0.0,16.37,0.8067,22.99,0.0
4892,37.96,3.21,0.0,0.0,11.76,0.7191,22.99,0.0
4893,36.09,5.32,0.0,0.0,7.77,0.6562,22.99,0.0
4894,34.14,2.79,0.0,0.0,8.35,0.6146,22.99,0.0
4895,34.14,6.53,0.0,0.0,4.62,0.5699,22.99,0.0
4896,34.1,1.23,0.0,0.0,9.88,0.5452,22.99,0.0
4897,34.1,2.96,0.0,0.0,8.15,0.4924,22.99,0.0
4898,34.1,8.43,0.0,0.0,2.68,0.4488,22.99,0.0
4899,34.1,7.69,0.0,0.0,3.41,0.4345,22.99,0.0
4900,34.1,3.8,0.0,0.0,7.3,0.4162,22.99,0.0
4901,34.1,1.0,0.0,0.0,10.1,0.3772,22.99,0.0
4902,34.1,0.13,0.0,0.0,10.97,0.3231,22.99,0.0
4903,36.05,1.41,16.18,4.54,0.0,0.2644,22.99,0.0
4904,37.92,3.92,34.2,0.0,22.8,0.2864,0.0,22.99
4905,39.65,4.17,47.56,0.0,10.91,0.1644,0.0,22.99
4906,41.17,0.0,59.11,0.0,1.12,0.106,0.0,19.07
4907,42.41,0.0,65.4,0.0,0.0,0.1,0.0,22.99
4908,43.33,1.09,71.1,28.96,0.0,0.1,0.11,0.0
4909,43.9,0.0,66.87,45.96,0.0,0.2399,22.99,0.0
4910,44.1,0.0,59.19,38.09,0.0,0.4618,22.99,0.0
4911,43.9,5.45,50.46,35.0,0.0,0.6457,22.99,0.0
4912,43.33,4.51,33.49,17.66,0.0,0.8147,22.99,0.0
4913,42.41,3.13,17.17,0.0,0.0,0.9,22.12,0.0
4914,41.17,0.0,0.0,0.0,18.17,0.9,22.99,0.0
4915,39.65,4.97,0.0,0.0,11.68,0.8028,22.99,0.0
4916,37.92,8.51,0.0,0.0,6.42,0.7403,22.99,0.0
4917,36.05,4.53,0.0,0.0,44.83,0.7059,0.0,13.31
4918,34.1,10.63,0.0,0.0,0.48,0.466,22.99,0.0
4919,34.1,10.76,0.0,0.0,0.34,0.4635,22.99,0.0
4920,34.06,12.09,0.0,1.03,0.0,0.4616,22.99,0.0
4921,34.06,7.59,0.0,0.0,3.48,0.4666,22.99,0.0
4922,34.06,8.18,0.0,0.0,2.89,0.448,22.99,0.0
4923,34.06,10.34,0.0,0.0,0.73,0.4326,22.99,0.0
4924,34.06,6.54,0.0,0.0,4.52,0.4287,22.99,0.0
4925,34.06,2.69,0.0,0.0,8.37,0.4045,22.99,0.0
4926,34.06,2.02,0.0,0.0,9.04,0.3597,22.99,0.0
4927,36.01,3.41,16.39,6.79,0.0,0.3113,22.99,0.0
4928,37.88,0.0,32.33,0.0,28.55,0.3441,0.0,22.99
4929,39.61,0.72,48.4,0.0,13.48,0.1914,0.0,22.99
4930,41.13,4.22,58.44,0.0,1.46,0.1192,0.0,22.99
4931,42.37,0.0,68.0,2.64,0.0,0.1114,0.0,22.99
4932,43.29,5.2,69.72,8.64,0.0,0.1241,0.0,22.99
4933,43.86,3.93,66.94,50.0,0.0,0.1658,22.99,0.0
4934,44.06,0.0,60.47,39.41,0.0,0.4073,22.99,0.0
4935,43.86,2.94,49.17,0.0,0.0,0.5976,0.0,8.25
4936,43.29,1.87,35.06,16.63,0.0,0.5976,22.99,0.0
4937,42.37,6.62,17.82,5.06,0.0,0.6779,22.99,0.0
4938,41.13,6.65,0.0,0.0,11.48,0.7023,22.99,0.0
4939,39.61,0.0,0.0,0.0,16.62,0.6409,22.99,0.0
4940,37.88,6.99,0.0,0.0,7.9,0.552,22.99,0.0
4941,36.01,5.1,0.0,0.0,7.92,0.5097,22.99,0.0
4942,34.06,6.54,0.0,0.0,4.52,0.4674,22.99,0.0
4943,34.06,4.24,0.0,0.0,6.82,0.4432,22.99,0.0
4944,34.02,12.39,0.0,1.36,0.0,0.4067,22.99,0.0
4945,34.02,9.98,0.0,0.0,1.04,0.4133,22.99,0.0
4946,34.02,3.9,0.0,0.0,7.12,0.4078,22.99,0.0
4947,34.02,1.47,0.0,0.0,9.56,0.3697,22.99,0.0
4948,34.02,3.87,0.0,0.0,7.16,0.3185,22.99,0.0
4949,34.02,5.74,0.0,0.0,5.28,0.2803,22.99,0.0
4950,34.02,4.27,0.0,0.0,6.75,0.252,22.99,0.0
4951,35.97,6.71,16.42,0.0,0.0,0.2159,12.83,0.0
4952,37.84,4.43,34.75,0.0,21.66,0.2159,0.0,22.99
4953,39.57,4.34,50.2,25.07,0.0,0.1,10.1,0.0
4954,41.09,1.75,61.43,0.0,0.0,0.2211,0.0,22.1
4955,42.33,0.0,67.27,1.95,0.0,0.2211,0.0,22.99
4956,43.25,0.0,68.05,47.79,0.0,0.2305,22.99,0.0
4957,43.82,3.8,66.2,49.17,0.0,0.4612,22.99,0.0
4958,44.02,0.53,59.27,0.0,0.0,0.6986,0.0,15.78
4959,43.82,2.84,46.81,28.82,0.0,0.6986,22.99,0.0
4960,43.25,0.85,32.29,12.88,0.0,0.8378,22.99,0.0
4961,42.33,0.0,16.84,0.0,2.5,0.9,22.99,0.0
4962,41.09,3.1,0.0,0.0,35.59,0.8866,2.41,0.0
4963,39.57,5.33,0.0,0.0,11.25,0.6962,22.99,0.0
4964,37.84,2.99,0.0,0.0,11.86,0.6361,22.99,0.0
4965,35.97,5.02,0.0,0.0,7.95,0.5726,22.99,0.0
4966,34.02,3.26,0.0,0.0,7.76,0.5301,22.99,0.0
4967,34.02,10.24,0.0,0.0,0.78,0.4885,22.99,0.0
4968,33.98,5.8,0.0,0.0,5.18,0.4844,22.99,0.0
4969,33.98,11.34,0.0,0.0,0.0,0.4566,22.63,0.0
4970,33.98,11.26,0.0,0.0,0.0,0.4566,22.71,0.0
4971,33.98,5.54,0.0,0.0,5.44,0.4566,22.99,0.0
4972,33.98,1.87,0.0,0.0,9.11,0.4275,22.99,0.0
4973,33.98,0.0,0.0,0.0,10.98,0.3788,22.99,0.0
4974,33.98,0.0,0.0,0.0,10.98,0.32,22.99,0.0
4975,35.93,0.0,16.54,3.61,0.0,0.2613,22.99,0.0
4976,37.8,6.36,35.04,0.0,19.4,0.2787,0.0,22.99
4977,39.53,1.61,46.92,0.0,14.0,0.1749,0.0,22.99
4978,41.05,1.98,59.41,0.0,0.0,0.1,0.0,20.34
4979,42.29,0.0,66.07,0.79,0.0,0.1,0.0,22.99
4980,43.22,0.0,69.7,49.48,0.0,0.1038,22.99,0.0
4981,43.78,0.0,65.45,44.66,0.0,0.3427,22.99,0.0
4982,43.98,1.64,59.22,39.88,0.0,0.5584,22.99,0.0
4983,43.78,0.75,47.96,13.09,0.0,0.751,8.16,0.0
4984,43.22,3.73,34.27,17.77,0.0,0.8142,22.99,0.0
4985,42.29,7.97,14.97,0.0,38.56,0.9,0.0,19.21
4986,41.05,2.8,0.0,0.0,15.25,0.6937,22.99,0.0
4987,39.53,4.58,0.0,0.0,50.0,0.6121,0.0,15.05
4988,37.8,5.76,0.0,0.0,9.05,0.3446,22.99,0.0
4989,35.93,13.54,0.0,0.61,0.0,0.2961,22.99,0.0
4990,33.98,0.0,0.0,0.0,10.98,0.2991,22.99,0.0
4991,33.98,8.85,0.0,0.0,2.13,0.2403,22.99,0.0
4992,33.94,6.4,0.0,0.0,4.54,0.2289,22.99,0.0
4993,33.94,8.5,0.0,0.0,2.44,0.2046,22.99,0.0
4994,33.94,4.22,0.0,0.0,6.73,0.1915,22.99,0.0
4995,33.94,5.67,0.0,0.0,5.27,0.1556,22.99,0.0
4996,33.94,7.46,0.0,0.0,3.48,0.1273,22.99,0.0
4997,33.94,14.45,0.0,3.5,0.0,0.1087,22.99,0.0
4998,33.94,6.16,0.0,0.0,4.79,0.1256,22.99,0.0
4999,35.89,0.0,18.18,0.0,0.0,0.1,17.71,0.0
5000,37.76,0.55,28.84,14.62,0.0,0.1,22.99,0.0
5001,39.49,0.0,49.29,0.0,13.2,0.1706,0.0,22.99
5002,41.01,0.0,58.3,0.0,0.0,0.1,0.0,17.29
5003,42.25,0.0,66.32,1.08,0.0,0.1,0.0,22.99
5004,43.18,2.68,69.06,50.0,0.0,0.1052,21.44,0.0
5005,43.75,0.0,66.23,45.48,0.0,0.3466,22.99,0.0
5006,43.94,4.13,60.15,43.34,0.0,0.5663,22.99,0.0
5007,43.75,2.83,47.15,25.77,0.0,0.7755,19.53,0.0
5008,43.18,0.0,33.26,0.0,0.0,0.9,9.91,0.0
5009,42.25,2.25,15.21,0.0,1.8,0.9,22.99,0.0
5010,41.01,8.71,0.0,0.0,9.3,0.8904,22.99,0.0
5011,39.49,6.75,0.0,0.0,9.75,0.8406,22.99,0.0
5012,37.76,5.19,0.0,0.0,9.58,0.7885,22.99,0.0
5013,35.89,5.06,0.0,0.0,7.83,0.7372,22.99,0.0
5014,33.94,6.59,0.0,0.0,4.35,0.6953,22.99,0.0
5015,33.94,5.01,0.0,0.0,5.93,0.672,22.99,0.0
5016,33.9,0.0,0.0,0.0,10.9,0.6402,22.99,0.0
5017,33.9,13.3,0.0,2.39,0.0,0.5819,22.99,0.0
5018,33.9,6.87,0.0,0.0,4.04,0.5934,22.99,0.0
5019,33.9,7.14,0.0,0.0,26.23,0.5718,0.52,0.0
5020,33.9,5.0,0.0,0.0,5.91,0.4315,22.99,0.0
5021,33.9,2.02,0.0,0.0,8.88,0.3998,22.99,0.0
5022,33.9,2.96,0.0,0.0,7.94,0.3523,22.99,0.0
5023,35.85,0.0,12.86,0.0,0.0,0.3098,22.99,0.0
5024,37.73,9.31,31.81,0.0,19.59,0.3098,0.0,22.99
5025,39.45,0.0,47.15,0.0,15.3,0.205,0.0,22.99
5026,40.97,0.0,59.64,0.0,4.32,0.1231,0.0,22.99
5027,42.21,0.0,65.1,0.0,0.0,0.1,0.0,22.88
5028,43.14,2.49,67.65,50.0,0.0,0.1,22.99,0.0
5029,43.71,0.49,46.04,25.82,0.0,0.3414,22.99,0.0
5030,43.9,0.0,59.96,39.05,0.0,0.4661,22.99,0.0
5031,43.71,5.34,48.68,33.3,0.0,0.6547,22.99,0.0
5032,43.14,4.31,33.33,17.5,0.0,0.8155,22.99,0.0
5033,42.21,4.47,15.09,0.0,0.0,0.9,22.65,0.0
5034,40.97,5.88,0.0,0.0,20.03,0.9,15.06,0.0
5035,39.45,12.15,0.0,0.0,4.31,0.7928,22.99,0.0
5036,37.73,12.25,0.0,0.0,48.47,0.7698,0.0,22.99
5037,35.85,3.63,0.0,0.0,9.22,0.5104,22.99,0.0
5038,33.9,11.62,0.0,0.0,0.0,0.4611,22.28,0.0
5039,33.9,7.93,0.0,0.0,2.98,0.4611,22.99,0.0
5040,33.86,8.44,0.0,0.0,2.43,0.4452,22.99,0.0
5041,33.86,1.24,0.0,0.0,9.63,0.4322,22.99,0.0
5042,33.86,5.84,0.0,0.0,5.03,0.3807,22.99,0.0
5043,33.86,3.25,0.0,0.0,7.62,0.3538,22.99,0.0
5044,33.86,7.89,0.0,0.0,25.97,0.313,0.0,0.0
5045,33.86,7.89,0.0,0.0,2.97,0.1741,22.99,0.0
5046,33.86,0.0,0.0,0.0,10.87,0.1581,22.99,0.0
5047,35.81,2.68,18.12,0.0,0.0,0.1,15.0,0.0
5048,37.69,5.6,32.7,18.24,0.0,0.1,17.62,0.0
5049,39.42,0.7,47.1,0.0,14.61,0.1881,0.0,22.99
5050,40.93,3.15,58.93,0.0,1.85,0.1099,0.0,22.99
5051,42.17,1.6,66.6,3.03,0.0,0.1,0.0,22.99
5052,43.1,1.46,69.85,50.0,0.0,0.1146,21.79,0.0
5053,43.67,0.0,67.45,46.78,0.0,0.3561,22.99,0.0
5054,43.86,0.0,58.64,37.78,0.0,0.582,22.99,0.0
5055,43.67,0.0,48.11,0.0,18.55,0.7644,0.0,22.99
5056,43.1,4.27,32.88,17.05,0.0,0.6651,22.99,0.0
5057,42.17,2.82,14.88,0.0,1.48,0.7474,22.99,0.0
5058,40.93,3.14,0.0,0.0,14.8,0.7395,22.99,0.0
5059,39.42,3.06,0.0,0.0,13.37,0.6603,22.99,0.0
5060,37.69,4.22,0.0,0.0,10.47,0.5888,22.99,0.0
5061,35.81,9.26,0.0,0.0,3.55,0.5328,22.99,0.0
5062,33.86,5.31,0.0,0.0,5.56,0.5138,22.99,0.0
5063,33.86,2.38,0.0,0.0,8.49,0.484,22.99,0.0
5064,33.82,9.26,0.0,0.0,1.57,0.4386,22.99,0.0
5065,33.82,6.08,0.0,0.0,4.75,0.4302,22.99,0.0
5066,33.82,6.52,0.0,0.0,4.31,0.4048,22.99,0.0
5067,33.82,11.1,0.0,0.0,5.57,0.3817,17.15,0.0
5068,33.82,5.17,0.0,0.0,5.66,0.352,22.99,0.0
5069,33.82,5.39,0.0,0.0,5.44,0.3217,22.99,0.0
5070,33.82,0.0,0.0,0.0,10.83,0.2926,22.99,0.0
5071,35.77,2.07,17.59,6.88,0.0,0.2346,22.99,0.0
5072,37.65,3.97,32.42,21.74,0.0,0.2678,22.99,0.0
5073,39.38,0.0,47.41,0.0,14.97,0.3728,0.0,22.99
5074,40.89,1.46,58.84,0.0,3.59,0.2927,0.0,22.99
5075,42.14,0.82,66.33,2.02,0.0,0.2735,0.0,22.99
5076,43.06,0.52,69.81,4.27,0.0,0.2833,0.0,22.99
5077,43.63,3.85,66.79,50.0,0.0,0.3039,22.99,0.0
5078,43.82,1.9,57.93,39.0,0.0,0.5453,22.99,0.0
5079,43.63,6.11,48.98,34.45,0.0,0.7336,22.99,0.0
5080,43.06,0.0,31.86,0.0,0.0,0.9,11.2,0.0
5081,42.14,3.22,17.66,0.0,44.25,0.9,0.0,22.99
5082,40.89,3.89,0.0,0.0,14.01,0.6632,22.99,0.0
5083,39.38,0.99,0.0,0.0,15.39,0.5883,22.99,0.0
5084,37.65,8.33,0.0,0.0,6.33,0.5059,22.99,0.0
5085,35.77,13.42,0.0,0.64,0.0,0.4721,22.99,0.0
5086,33.82,6.36,0.0,0.0,4.47,0.4752,22.99,0.0
5087,33.82,8.37,0.0,0.0,2.45,0.4513,22.99,0.0
5088,33.78,7.15,0.0,0.0,3.64,0.4382,22.99,0.0
5089,33.78,4.46,0.0,0.0,6.33,0.4187,22.99,0.0
5090,33.78,0.55,0.0,0.0,10.24,0.3848,22.99,0.0
5091,33.78,3.65,0.0,0.0,7.14,0.3301,22.99,0.0
5092,33.78,0.76,0.0,0.0,10.03,0.2918,22.99,0.0
5093,33.78,9.99,0.0,0.0,0.8,0.2381,22.99,0.0
5094,33.78,3.27,0.0,0.0,7.52,0.2339,22.99,0.0
5095,35.74,1.69,17.54,6.49,0.0,0.1936,22.99,0.0
5096,37.61,4.9,34.13,0.0,8.9,0.225,0.0,10.32
5097,39.34,0.0,47.88,0.0,14.45,0.1773,0.0,22.99
5098,40.86,0.0,57.39,0.0,0.0,0.1,0.0,16.53
5099,42.1,0.74,66.61,2.25,0.0,0.1,0.0,22.99
5100,43.02,3.74,68.94,50.0,0.0,0.1109,20.35,0.0
5101,43.59,2.14,65.23,0.78,0.0,0.3523,0.0,22.99
5102,43.78,1.64,59.05,39.91,0.0,0.3561,22.99,0.0
5103,43.59,1.61,48.63,29.64,0.0,0.5488,22.99,0.0
5104,43.02,3.32,34.55,17.84,0.0,0.6919,22.99,0.0
5105,42.1,3.46,18.04,2.39,0.0,0.7781,22.99,0.0
5106,40.86,0.31,0.0,0.0,17.55,0.7897,22.99,0.0
5107,39.34,4.63,0.0,0.0,11.72,0.6957,22.99,0.0
5108,37.61,1.79,0.0,0.0,12.83,0.6331,22.99,0.0
5109,35.74,6.19,0.0,0.0,6.55,0.5644,22.99,0.0
5110,33.78,4.89,0.0,0.0,5.9,0.5294,22.99,0.0
5111,33.78,14.98,0.0,4.19,0.0,0.4978,22.99,0.0
5112,33.75,6.78,0.0,0.0,16.47,0.518,10.5,0.0
5113,33.75,2.25,0.0,0.0,8.5,0.4299,22.99,0.0
5114,33.75,6.04,0.0,0.0,4.72,0.3844,22.99,0.0
5115,33.75,7.64,0.0,0.0,3.12,0.3592,22.99,0.0
5116,33.75,10.7,0.0,0.0,0.05,0.3425,22.99,0.0
5117,33.75,2.6,0.0,0.0,8.15,0.3422,22.99,0.0
5118,33.75,0.0,0.0,0.0,10.75,0.2986,22.99,0.0
5119,35.7,5.48,7.23,0.0,0.0,0.2411,22.99,0.0
5120,37.57,0.0,34.2,0.0,26.37,0.2411,0.0,22.99
5121,39.3,0.0,47.65,31.34,0.0,0.1,22.99,0.0
5122,40.82,0.04,59.78,0.0,4.0,0.2513,0.0,22.99
5123,42.06,0.32,65.42,0.69,0.0,0.23,0.0,22.99
5124,42.99,2.66,67.06,3.74,0.0,0.2333,0.0,22.99
5125,43.55,0.0,66.14,45.58,0.0,0.2514,22.99,0.0
5126,43.75,0.0,57.98,37.23,0.0,0.4715,22.99,0.0
5127,43.55,1.34,47.38,28.15,0.0,0.6512,22.99,0.0
5128,42.99,2.54,34.42,16.96,0.0,0.7872,22.99,0.0
5129,42.06,3.15,17.35,0.0,0.0,0.8691,21.56,0.0
5130,40.82,5.08,0.0,0.0,50.0,0.8691,0.0,14.26
5131,39.3,7.24,0.0,0.0,9.07,0.6016,22.99,0.0
5132,37.57,6.56,0.0,0.0,8.02,0.553,22.99,0.0
5133,35.7,7.42,0.0,0.0,5.28,0.5101,22.99,0.0
5134,33.75,1.35,0.0,0.0,9.4,0.4818,22.99,0.0
5135,33.75,6.96,0.0,0.0,3.8,0.4316,22.99,0.0
5136,33.71,8.48,0.0,0.0,2.23,0.4112,22.99,0.0
5137,33.71,9.18,0.0,0.0,1.53,0.3993,22.99,0.0
5138,33.71,4.26,0.0,0.0,6.46,0.3911,22.99,0.0
5139,33.71,3.85,0.0,0.0,13.76,0.3566,16.1,0.0
5140,33.71,3.46,0.0,0.0,7.26,0.2829,22.99,0.0
5141,33.71,6.27,0.0,0.0,4.44,0.2441,22.99,0.0
5142,33.71,7.04,0.0,0.0,3.67,0.2203,22.99,0.0
5143,35.66,1.54,15.98,4.86,0.0,0.2007,22.99,0.0
5144,37.54,5.02,32.31,0.0,23.2,0.2241,0.0,22.99
5145,39.27,1.81,49.35,0.0,0.0,0.1,0.0,11.9
5146,40.78,0.5,57.67,17.38,0.0,0.1,0.0,0.0
5147,42.02,0.0,66.69,1.67,0.0,0.1839,0.0,22.99
5148,42.95,2.88,69.35,33.87,0.0,0.192,4.58,0.0
5149,43.52,1.63,65.09,46.19,0.0,0.3556,22.99,0.0
5150,43.71,8.26,57.22,21.77,0.0,0.5786,0.0,0.0
5151,43.52,0.0,47.41,26.89,0.0,0.6837,22.99,0.0
5152,42.95,3.76,34.1,17.9,0.0,0.8136,22.99,0.0
5153,42.02,1.15,15.37,0.0,2.51,0.9,22.99,0.0
5154,40.78,0.89,0.0,0.0,16.9,0.8866,22.99,0.0
5155,39.27,4.5,0.0,0.0,50.0,0.7961,0.0,15.24
5156,37.54,5.76,0.0,0.0,8.78,0.5286,22.99,0.0
5157,35.66,15.43,0.0,2.76,0.0,0.4816,22.99,0.0
5158,33.71,5.9,0.0,0.0,4.81,0.4949,22.99,0.0
5159,33.71,3.17,0.0,0.0,7.55,0.4692,22.99,0.0
5160,33.67,7.85,0.0,0.0,2.83,0.4288,22.99,0.0
5161,33.67,0.14,0.0,0.0,24.48,0.4137,9.05,0.0
5162,33.67,6.23,0.0,0.0,4.45,0.2827,22.99,0.0
5163,33.67,6.07,0.0,0.0,4.61,0.2589,22.99,0.0
5164,33.67,7.92,0.0,0.0,2.76,0.2342,22.99,0.0
5165,33.67,7.71,0.0,0.0,2.96,0.2194,22.99,0.0
5166,33.67,2.1,0.0,0.0,8.58,0.2036,22.99,0.0
5167,35.62,2.4,15.92,5.69,0.0,0.1577,22.99,0.0
5168,37.5,0.0,32.3,0.0,0.0,0.1851,5.2,0.0
5169,39.23,0.0,46.31,0.0,15.91,0.1851,0.0,22.99
5170,40.74,1.93,58.35,0.0,0.0,0.1,0.0,19.53
5171,41.99,0.0,64.94,0.0,0.0,0.1,0.0,22.95
5172,42.91,0.0,67.82,47.9,0.0,0.1,22.99,0.0
5173,43.48,0.0,56.24,35.75,0.0,0.3313,22.99,0.0
5174,43.67,2.7,60.15,42.18,0.0,0.5039,22.99,0.0
5175,43.48,0.0,48.37,27.89,0.0,0.7076,22.99,0.0
5176,42.91,0.0,31.87,11.96,0.0,0.8423,22.99,0.0
5177,41.99,0.0,17.6,0.0,1.39,0.9,22.99,0.0
5178,40.74,3.32,0.0,0.0,50.0,0.8926,0.0,12.58
5179,39.23,4.62,0.0,0.0,11.62,0.625,22.99,0.0
5180,37.5,6.05,0.0,0.0,8.45,0.5629,22.99,0.0
5181,35.62,4.57,0.0,0.0,8.06,0.5176,22.99,0.0
5182,33.67,5.88,0.0,0.0,4.8,0.4745,22.99,0.0
5183,33.67,8.04,0.0,0.0,2.64,0.4488,22.99,0.0
5184,33.64,10.36,0.0,0.0,0.29,0.4347,22.99,0.0
5185,33.64,0.56,0.0,0.0,10.08,0.4332,22.99,0.0
5186,33.64,5.37,0.0,0.0,5.28,0.3792,22.99,0.0
5187,33.64,6.74,0.0,0.0,3.91,0.351,22.99,0.0
5188,33.64,2.41,0.0,0.0,8.24,0.3301,22.99,0.0
5189,33.64,10.19,0.0,0.0,0.45,0.286,22.99,0.0
5190,33.64,1.7,0.0,0.0,8.94,0.2836,22.99,0.0
5191,35.59,2.79,17.08,7.28,0.0,0.2358,22.99,0.0
5192,37.46,3.94,32.54,0.0,23.98,0.2709,0.0,22.99
5193,39.19,0.0,49.05,0.0,3.32,0.1427,0.0,13.18
5194,40.71,0.0,59.05,0.0,4.65,0.1249,0.0,22.99
5195,41.95,0.0,64.95,0.0,0.0,0.1,0.0,22.99
5196,42.88,3.85,68.81,50.0,0.0,0.1,20.21,0.0
5197,43.44,0.0,64.72,44.27,0.0,0.3414,22.99,0.0
5198,43.64,0.0,58.89,38.25,0.0,0.5552,22.99,0.0
5199,43.44,4.46,48.5,9.52,0.0,0.7399,0.0,0.0
5200,42.88,1.07,31.58,12.77,0.0,0.7859,22.99,0.0
5201,41.95,1.27,17.27,0.0,0.42,0.8476,22.99,0.0
5202,40.71,4.24,0.0,0.0,13.47,0.8453,22.99,0.0
5203,39.19,7.09,0.0,0.0,19.07,0.7732,13.03,0.0
5204,37.46,13.08,0.0,0.0,1.39,0.6712,22.99,0.0
5205,35.59,8.72,0.0,0.0,3.87,0.6637,22.99,0.0
5206,33.64,10.31,0.0,0.0,0.33,0.643,22.99,0.0
5207,33.64,5.25,0.0,0.0,5.4,0.6412,22.99,0.0
5208,33.6,3.7,0.0,0.0,6.9,0.6124,22.99,0.0
5209,33.6,7.11,0.0,0.0,3.49,0.5754,22.99,0.0
5210,33.6,6.94,0.0,0.0,3.67,0.5567,22.99,0.0
5211,33.6,2.59,0.0,0.0,8.02,0.5371,22.99,0.0
5212,33.6,4.84,0.0,0.0,5.77,0.4942,22.99,0.0
5213,33.6,5.92,0.0,0.0,4.69,0.4633,22.99,0.0
5214,33.6,4.95,0.0,0.0,5.65,0.4382,22.99,0.0
5215,35.55,4.58,15.68,7.7,0.0,0.408,22.99,0.0
5216,37.43,3.11,33.69,0.0,23.62,0.4452,0.0,22.99
5217,39.16,0.0,47.39,0.0,14.76,0.3188,0.0,22.99
5218,40.67,0.0,57.0,0.0,6.66,0.2398,0.0,22.99
5219,41.92,0.0,66.25,1.35,0.0,0.2042,0.0,22.99
5220,42.84,6.33,66.77,7.26,0.0,0.2107,0.0,22.99
5221,43.41,0.71,64.68,44.98,0.0,0.2457,22.99,0.0
5222,43.6,0.26,59.82,39.47,0.0,0.4629,22.99,0.0
5223,43.41,0.0,46.62,26.2,0.0,0.6535,22.99,0.0
5224,42.84,11.67,33.01,24.84,0.0,0.7801,22.99,0.0
5225,41.92,0.0,17.29,0.0,47.62,0.9,0.0,22.99
5226,40.67,2.4,0.0,0.0,15.28,0.6452,22.99,0.0
5227,39.16,5.97,0.0,0.0,10.19,0.5635,22.99,0.0
5228,37.43,7.35,0.0,0.0,7.09,0.5089,22.99,0.0
5229,35.55,9.17,0.0,0.0,3.38,0.471,22.99,0.0
5230,33.6,12.44,0.0,1.83,0.0,0.4529,22.99,0.0
5231,33.6,8.55,0.0,0.0,2.06,0.4617,22.99,0.0
5232,33.57,3.64,0.0,0.0,6.93,0.4507,22.99,0.0
5233,33.57,6.11,0.0,0.0,4.46,0.4136,22.99,0.0
5234,33.57,7.62,0.0,0.0,2.95,0.3898,22.99,0.0
5235,33.57,12.8,0.0,2.23,0.0,0.374,22.99,0.0
5236,33.57,0.92,0.0,0.0,9.66,0.3847,22.99,0.0
5237,33.57,8.55,0.0,0.0,2.02,0.3331,22.99,0.0
5238,33.57,4.4,0.0,0.0,6.17,0.3222,22.99,0.0
5239,35.52,5.69,14.82,7.99,0.0,0.2892,22.99,0.0
5240,37.39,1.87,31.01,0.0,27.5,0.3278,0.0,22.99
5241,39.12,0.0,46.09,0.0,15.07,0.1807,0.0,22.04
5242,40.64,3.45,58.38,0.0,0.0,0.1,0.0,21.19
5243,41.88,2.81,62.06,0.0,0.0,0.1,0.0,22.99
5244,42.8,3.73,66.08,50.0,0.0,0.1,22.99,0.0
5245,43.37,0.65,66.48,33.19,0.0,0.3414,9.43,0.0
5246,43.57,0.0,59.12,38.55,0.0,0.5017,22.99,0.0
5247,43.37,0.0,45.33,24.95,0.0,0.6879,22.99,0.0
5248,42.8,4.85,33.94,18.98,0.0,0.8084,22.99,0.0
5249,41.88,4.35,16.46,0.0,0.0,0.9,21.07,0.0
5250,40.64,0.7,0.0,0.0,16.95,0.9,22.99,0.0
5251,39.12,2.92,0.0,0.0,50.0,0.8093,0.0,13.79
5252,37.39,3.93,0.0,0.0,10.47,0.5418,22.99,0.0
5253,35.52,1.31,0.0,0.0,11.21,0.4858,22.99,0.0
5254,33.57,3.98,0.0,0.0,6.6,0.4258,22.99,0.0
5255,33.57,3.28,0.0,0.0,7.29,0.3905,22.99,0.0
5256,33.53,5.75,0.0,0.0,4.78,0.3515,22.99,0.0
5257,33.53,4.59,0.0,0.0,5.95,0.3259,22.99,0.0
5258,33.53,1.39,0.0,0.0,9.15,0.294,22.99,0.0
5259,33.53,12.68,0.0,2.15,0.0,0.2451,22.99,0.0
5260,33.53,9.52,0.0,0.0,1.02,0.2555,22.99,0.0
5261,33.53,2.17,0.0,0.0,8.37,0.25,22.99,0.0
5262,33.53,4.73,0.0,0.0,5.8,0.2053,22.99,0.0
5263,35.48,4.37,14.82,6.69,0.0,0.1742,22.99,0.0
5264,37.36,6.09,31.62,0.0,19.91,0.2065,0.0,20.27
5265,39.09,0.0,46.33,0.0,0.0,0.1,0.0,7.24
5266,40.6,4.58,57.47,0.0,0.0,0.1,0.0,21.45
5267,41.85,0.0,65.17,0.33,0.0,0.1,0.0,22.99
5268,42.77,0.0,65.76,0.0,0.0,0.1016,0.0,22.99
5269,43.34,3.07,66.24,48.97,0.0,0.1016,22.99,0.0
5270,43.53,5.23,57.68,42.37,0.0,0.338,22.99,0.0
5271,43.34,9.94,46.67,36.26,0.0,0.5426,22.99,0.0
5272,42.77,0.0,32.69,12.91,0.0,0.7177,22.99,0.0
5273,41.85,5.28,14.9,0.0,0.0,0.7801,21.67,0.0
5274,40.6,2.53,0.0,0.0,15.08,0.7801,22.99,0.0
5275,39.09,7.22,0.0,0.0,8.87,0.6994,22.99,0.0
5276,37.36,0.71,0.0,0.0,13.65,0.6519,22.99,0.0
5277,35.48,2.06,0.0,0.0,10.43,0.5789,22.99,0.0
5278,33.53,4.14,0.0,0.0,6.39,0.5231,22.99,0.0
5279,33.53,7.23,0.0,0.0,3.3,0.4889,22.99,0.0
5280,33.5,5.05,0.0,0.0,5.46,0.4712,22.99,0.0
5281,33.5,9.14,0.0,0.0,1.36,0.442,22.99,0.0
5282,33.5,10.01,0.0,0.0,15.77,0.4347,7.72,0.0
5283,33.5,8.11,0.0,0.0,2.39,0.3503,22.99,0.0
5284,33.5,10.5,0.0,0.0,0.0,0.3376,22.99,0.0
5285,33.5,6.07,0.0,0.0,4.43,0.3376,22.99,0.0
5286,33.5,0.0,0.0,0.0,10.5,0.3138,22.99,0.0
5287,35.45,7.46,14.17,9.17,0.0,0.2576,22.99,0.0
5288,37.32,0.31,31.34,0.0,28.66,0.3019,0.0,22.99
5289,39.05,4.54,48.42,0.0,9.08,0.1486,0.0,22.99
5290,40.57,4.35,59.21,0.0,0.0,0.1,0.0,22.99
5291,41.81,2.24,64.52,1.95,0.0,0.1,0.0,22.99
5292,42.73,0.0,65.96,46.22,0.0,0.1094,22.99,0.0
5293,43.3,0.0,63.87,43.56,0.0,0.3326,22.99,0.0
5294,43.5,5.36,57.74,42.6,0.0,0.543,22.99,0.0
5295,43.3,1.05,48.58,0.0,16.66,0.7486,0.0,22.99
5296,42.73,2.53,30.78,13.57,0.0,0.6595,22.99,0.0
5297,41.81,5.5,15.01,1.7,0.0,0.725,22.99,0.0
5298,40.57,6.14,0.0,0.0,11.44,0.7332,22.99,0.0
5299,39.05,5.62,0.0,0.0,10.43,0.672,22.99,0.0
5300,37.32,4.83,0.0,0.0,9.5,0.6162,22.99,0.0
5301,35.45,5.16,0.0,0.0,7.29,0.5654,22.99,0.0
5302,33.5,9.46,0.0,0.0,1.04,0.5264,22.99,0.0
5303,33.5,0.0,0.0,0.0,10.5,0.5208,22.99,0.0
5304,33.46,6.32,0.0,0.0,4.15,0.4646,22.99,0.0
5305,33.46,10.54,0.0,0.0,0.0,0.4424,22.92,0.0
5306,33.46,6.3,0.0,0.0,10.93,0.4424,16.23,0.0
5307,33.46,3.45,0.0,0.0,7.02,0.3839,22.99,0.0
5308,33.46,3.08,0.0,0.0,7.39,0.3464,22.99,0.0
5309,33.46,1.59,0.0,0.0,8.88,0.3069,22.99,0.0
5310,33.46,3.04,0.0,0.0,7.43,0.2594,22.99,0.0
5311,35.41,7.07,16.55,0.0,0.0,0.2196,11.79,0.0
5312,37.29,0.0,34.32,0.0,0.0,0.2196,2.96,0.0
5313,39.02,2.24,45.28,0.0,14.49,0.2196,0.0,22.99
5314,40.53,0.0,58.96,0.0,4.56,0.1421,0.0,22.99
5315,41.78,0.0,63.39,0.0,0.0,0.1176,0.0,21.61
5316,42.7,0.0,65.89,46.18,0.0,0.1176,22.99,0.0
5317,43.27,0.08,66.24,46.04,0.0,0.3406,22.99,0.0
5318,43.46,0.49,59.38,39.41,0.0,0.563,22.99,0.0
5319,43.27,3.38,47.28,30.38,0.0,0.7533,22.99,0.0
5320,42.7,0.0,33.09,0.0,0.0,0.9,9.61,0.0
5321,41.78,0.0,15.84,0.0,2.94,0.9,22.99,0.0
5322,40.53,7.43,0.0,0.0,10.11,0.8843,22.99,0.0
5323,39.02,5.44,0.0,0.0,10.59,0.8302,22.99,0.0
5324,37.29,6.18,0.0,0.0,50.0,0.7735,0.0,18.89
5325,35.41,6.18,0.0,0.0,6.24,0.506,22.99,0.0
5326,33.46,5.05,0.0,0.0,5.42,0.4726,22.99,0.0
5327,33.46,7.75,0.0,0.0,2.72,0.4436,22.99,0.0
5328,33.43,8.73,0.0,0.0,1.71,0.429,22.99,0.0
5329,33.43,1.43,0.0,0.0,9.01,0.4199,22.99,0.0
5330,33.43,5.01,0.0,0.0,5.42,0.3717,22.99,0.0
5331,33.43,5.42,0.0,0.0,5.02,0.3427,22.99,0.0
5332,33.43,6.4,0.0,0.0,4.03,0.3159,22.99,0.0
5333,33.43,8.65,0.0,0.0,1.78,0.2943,22.99,0.0
5334,33.43,1.46,0.0,0.0,8.98,0.2847,22.99,0.0
5335,35.38,1.51,14.5,3.62,0.0,0.2367,22.99,0.0
5336,37.25,0.68,32.73,0.0,26.84,0.2542,0.0,22.99
5337,38.98,0.0,47.03,0.0,0.0,0.1106,0.0,8.04
5338,40.5,0.03,58.57,0.0,1.98,0.1106,0.0,20.08
5339,41.74,3.32,64.34,25.92,0.0,0.1,0.0,0.0
5340,42.67,0.0,67.57,47.89,0.0,0.2252,22.99,0.0
5341,43.24,2.21,63.06,29.82,0.0,0.4564,7.78,0.0
5342,43.43,0.0,55.61,35.17,0.0,0.6004,22.99,0.0
5343,43.24,0.0,47.11,26.87,0.0,0.7703,22.99,0.0
5344,42.67,1.27,33.66,0.0,0.0,0.9,7.73,0.0
5345,41.74,8.53,17.51,0.0,38.69,0.9,0.0,22.99
5346,40.5,3.07,0.0,0.0,14.44,0.693,22.99,0.0
5347,38.98,0.0,0.0,0.0,15.99,0.6157,22.99,0.0
5348,37.25,0.0,0.0,0.0,14.26,0.5302,22.99,0.0
5349,35.38,6.35,0.0,0.0,6.03,0.4539,22.99,0.0
5350,33.43,8.74,0.0,0.0,1.69,0.4216,22.99,0.0
5351,33.43,8.29,0.0,0.0,2.14,0.4125,22.99,0.0
5352,33.39,7.77,0.0,0.0,2.63,0.4011,22.99,0.0
5353,33.39,10.87,0.0,0.0,0.0,0.387,22.52,0.0
5354,33.39,5.05,0.0,0.0,5.36,0.387,22.99,0.0
5355,33.39,9.17,0.0,0.0,1.23,0.3583,22.99,0.0
5356,33.39,0.33,0.0,0.0,10.07,0.3517,22.99,0.0
5357,33.39,1.9,0.0,0.0,8.5,0.2978,22.99,0.0
5358,33.39,0.0,0.0,0.0,10.4,0.2523,22.99,0.0
5359,35.35,2.26,15.49,5.4,0.0,0.1967,22.99,0.0
5360,37.22,2.22,30.94,0.0,22.94,0.2228,0.0,18.88
5361,38.95,2.07,44.63,0.0,0.0,0.1,0.0,7.75
5362,40.47,1.39,56.37,40.28,0.0,0.1,22.99,0.0
5363,41.71,0.0,63.48,0.0,0.0,0.2945,0.0,21.77
5364,42.63,0.14,66.93,47.43,0.0,0.2945,22.99,0.0
5365,43.2,0.0,62.45,28.37,0.0,0.5236,9.13,0.0
5366,43.39,0.0,57.05,36.65,0.0,0.6606,22.99,0.0
5367,43.2,0.72,46.84,0.0,0.0,0.8375,0.0,4.36
5368,42.63,0.0,32.58,12.94,0.0,0.8375,22.99,0.0
5369,41.71,8.29,17.56,0.0,26.67,0.9,0.0,10.81
5370,40.47,0.0,0.0,0.0,50.0,0.7573,0.0,9.53
5371,38.95,1.19,0.0,0.0,14.77,0.4898,22.99,0.0
5372,37.22,2.06,0.0,0.0,12.17,0.4108,22.99,0.0
5373,35.35,6.06,0.0,0.0,6.29,0.3457,22.99,0.0
5374,33.39,8.19,0.0,0.0,2.21,0.312,22.99,0.0
5375,33.39,9.51,0.0,0.0,0.89,0.3001,22.99,0.0
5376,33.36,15.58,0.0,5.21,0.0,0.2953,22.99,0.0
5377,33.36,0.0,0.0,0.0,10.37,0.3205,22.99,0.0
5378,33.36,8.8,0.0,0.0,1.57,0.265,22.99,0.0
5379,33.36,4.51,0.0,0.0,5.86,0.2566,22.99,0.0
5380,33.36,3.75,0.0,0.0,6.62,0.2253,22.99,0.0
5381,33.36,2.86,0.0,0.0,7.51,0.1898,22.99,0.0
5382,33.36,1.09,0.0,0.0,9.28,0.1497,22.99,0.0
5383,35.31,8.64,14.21,0.0,0.0,0.1,12.47,0.0
5384,37.19,5.13,32.1,0.0,0.0,0.1,0.0,0.04
5385,38.92,0.0,18.08,2.15,0.0,0.1,22.99,0.0
5386,40.43,5.59,56.5,0.0,0.0,0.1104,0.0,21.66
5387,41.68,0.0,62.73,0.0,1.94,0.1104,0.0,22.99
5388,42.6,0.0,65.71,46.1,0.0,0.1,22.99,0.0
5389,43.17,0.0,63.88,43.71,0.0,0.3226,22.99,0.0
5390,43.36,0.0,56.84,36.47,0.0,0.5337,22.99,0.0
5391,43.17,2.26,45.09,24.31,0.0,0.7098,20.13,0.0
5392,42.6,2.74,31.95,15.08,0.0,0.8272,22.99,0.0
5393,41.68,3.67,14.21,0.0,43.88,0.9,0.0,20.08
5394,40.43,0.0,0.0,0.0,17.44,0.6652,22.99,0.0
5395,38.92,7.46,0.0,0.0,8.46,0.5719,22.99,0.0
5396,37.19,6.42,0.0,0.0,7.78,0.5266,22.99,0.0
5397,35.31,8.68,0.0,0.0,3.64,0.485,22.99,0.0
5398,33.36,0.7,0.0,0.0,9.66,0.4656,22.99,0.0
5399,33.36,8.16,0.0,0.0,2.21,0.4139,22.99,0.0
5400,33.33,3.46,0.0,0.0,6.88,0.402,22.99,0.0
5401,33.33,5.9,0.0,0.0,4.43,0.3652,22.99,0.0
5402,33.33,8.59,0.0,0.0,1.74,0.3415,22.99,0.0
5403,33.33,6.64,0.0,0.0,3.69,0.3322,22.99,0.0
5404,33.33,2.93,0.0,0.0,7.41,0.3124,22.99,0.0
5405,33.33,4.92,0.0,0.0,5.42,0.2728,22.99,0.0
5406,33.33,0.0,0.0,0.0,10.34,0.2438,22.99,0.0
5407,35.28,6.95,14.59,9.25,0.0,0.1885,22.99,0.0
5408,37.16,1.78,33.48,0.0,24.89,0.2332,0.0,22.99
5409,38.89,5.39,46.1,0.0,0.0,0.1,0.0,12.6
5410,40.4,0.0,55.39,14.99,0.0,0.1,0.0,0.0
5411,41.64,0.0,65.02,0.38,0.0,0.1724,0.0,22.99
5412,42.57,0.0,65.48,45.91,0.0,0.1742,22.99,0.0
5413,43.14,3.77,62.8,43.67,0.0,0.3959,20.23,0.0
5414,43.33,0.0,55.41,35.07,0.0,0.6068,22.99,0.0
5415,43.14,0.0,45.8,25.65,0.0,0.7761,22.99,0.0
5416,42.57,1.21,32.08,0.0,0.0,0.9,9.28,0.0
5417,41.64,0.0,15.85,0.0,2.8,0.9,22.99,0.0
5418,40.4,2.22,0.0,0.0,50.0,0.885,0.0,11.82
5419,38.89,1.09,0.0,0.0,14.81,0.6175,22.99,0.0
5420,37.16,5.79,0.0,0.0,8.37,0.5383,22.99,0.0
5421,35.28,2.5,0.0,0.0,9.79,0.4935,22.99,0.0
5422,33.33,9.86,0.0,0.0,0.48,0.4411,22.99,0.0
5423,33.33,6.89,0.0,0.0,3.44,0.4386,22.99,0.0
5424,33.3,6.76,0.0,0.0,3.54,0.4201,22.99,0.0
5425,33.3,9.35,0.0,0.0,0.96,0.4012,22.99,0.0
5426,33.3,10.02,0.0,0.0,22.32,0.396,0.96,0.0
5427,33.3,6.32,0.0,0.0,3.98,0.2766,22.99,0.0
5428,33.3,0.0,0.0,0.0,10.3,0.2553,22.99,0.0
5429,33.3,0.0,0.0,0.0,10.3,0.2002,22.99,0.0
5430,33.3,1.88,0.0,0.0,8.42,0.1451,22.99,0.0
5431,35.25,1.27,16.51,0.0,0.0,0.1,17.48,0.0
5432,37.12,0.0,32.05,0.0,0.0,0.1,5.08,0.0
5433,38.85,0.0,46.93,8.07,0.0,0.1,0.0,0.0
5434,40.37,3.52,58.06,0.0,0.0,0.139,0.0,21.21
5435,41.61,0.0,63.2,0.0,0.0,0.139,0.0,21.58
5436,42.54,0.68,64.81,45.95,0.0,0.139,22.99,0.0
5437,43.11,4.81,63.73,48.42,0.0,0.3609,22.99,0.0
5438,43.3,2.4,55.87,37.98,0.0,0.5947,22.99,0.0
5439,43.11,1.62,43.75,25.25,0.0,0.7781,22.99,0.0
5440,42.54,0.54,32.16,0.0,0.0,0.9,9.84,0.0
5441,41.61,1.21,14.76,0.0,25.64,0.9,0.0,0.0
5442,40.37,1.35,0.0,0.0,16.03,0.7628,22.99,0.0
5443,38.85,3.19,0.0,0.0,16.04,0.6771,19.63,0.0
5444,37.12,8.16,0.0,0.0,5.97,0.5913,22.99,0.0
5445,35.25,5.67,0.0,0.0,6.59,0.5593,22.99,0.0
5446,33.3,2.54,0.0,0.0,7.77,0.5241,22.99,0.0
5447,33.3,12.94,0.0,2.64,0.0,0.4825,22.99,0.0
5448,33.27,8.41,0.0,0.0,1.87,0.4953,22.99,0.0
5449,33.27,2.71,0.0,0.0,7.56,0.4853,22.99,0.0
5450,33.27,5.51,0.0,0.0,50.0,0.4448,0.0,22.24
5451,33.27,6.78,0.0,0.0,3.49,0.1773,22.99,0.0
5452,33.27,11.27,0.0,1.0,0.0,0.1586,22.99,0.0
5453,33.27,1.39,0.0,0.0,8.88,0.1635,22.99,0.0
5454,33.27,7.3,0.0,0.0,2.98,0.1159,22.99,0.0
5455,35.22,7.83,13.9,9.51,0.0,0.1,22.99,0.0
5456,37.09,0.49,31.14,4.71,0.0,0.1459,10.17,0.0
5457,38.82,0.95,45.55,30.68,0.0,0.1686,22.99,0.0
5458,40.34,0.0,56.25,0.0,7.08,0.3168,0.0,22.99
5459,41.58,0.36,64.22,0.0,0.0,0.2789,0.0,22.99
5460,42.51,0.79,64.71,0.0,0.0,0.2789,0.0,22.99
5461,43.07,3.15,61.85,44.92,0.0,0.2789,22.99,0.0
5462,43.27,4.86,58.37,42.96,0.0,0.4958,22.99,0.0
5463,43.07,0.0,47.62,27.54,0.0,0.7033,22.99,0.0
5464,42.51,0.0,32.71,13.2,0.0,0.8363,22.99,0.0
5465,41.58,3.23,15.12,0.0,0.24,0.9,22.99,0.0
5466,40.34,5.09,0.0,0.0,50.0,0.8987,0.0,14.75
5467,38.82,5.78,0.0,0.0,10.05,0.6312,22.99,0.0
5468,37.09,4.7,0.0,0.0,9.4,0.5774,22.99,0.0
5469,35.22,6.83,0.0,0.0,5.39,0.5271,22.99,0.0
5470,33.27,11.84,0.0,1.57,0.0,0.4983,22.99,0.0
5471,33.27,8.5,0.0,0.0,1.78,0.5059,22.99,0.0
5472,33.24,6.2,0.0,0.0,4.04,0.4964,22.99,0.0
5473,33.24,5.68,0.0,0.0,4.56,0.4747,22.99,0.0
5474,33.24,6.43,0.0,0.0,3.81,0.4504,22.99,0.0
5475,33.24,11.76,0.0,1.52,0.0,0.43,22.99,0.0
5476,33.24,5.2,0.0,0.0,5.04,0.4373,22.99,0.0
5477,33.24,4.95,0.0,0.0,5.29,0.4103,22.99,0.0
5478,33.24,2.62,0.0,0.0,7.63,0.382,22.99,0.0
5479,35.19,6.89,16.83,0.0,13.43,0.3412,0.0,1.97
5480,37.06,8.9,30.84,0.0,20.32,0.2694,0.0,22.99
5481,38.79,3.35,47.1,0.0,11.34,0.1607,0.0,22.99
5482,40.31,1.64,57.35,41.68,0.0,0.1,22.99,0.0
5483,41.55,1.17,62.57,0.0,0.0,0.3013,0.0,22.19
5484,42.47,0.0,66.17,46.49,0.0,0.3013,22.79,0.0
5485,43.04,3.46,64.6,48.01,0.0,0.5258,22.99,0.0
5486,43.24,0.0,20.24,0.0,0.0,0.7576,22.99,0.0
5487,43.04,3.28,46.26,29.48,0.0,0.7576,22.99,0.0
5488,42.47,0.26,31.98,0.0,0.0,0.9,10.23,0.0
5489,41.55,2.1,16.75,0.0,35.07,0.9,0.0,12.37
5490,40.31,2.85,0.0,0.0,37.46,0.7123,0.0,0.0
5491,38.79,8.32,0.0,0.0,7.48,0.5119,22.99,0.0
5492,37.06,4.57,0.0,0.0,9.5,0.4719,22.99,0.0
5493,35.19,13.2,0.0,1.01,0.0,0.4211,22.99,0.0
5494,33.24,8.37,0.0,0.0,1.87,0.4259,22.99,0.0
5495,33.24,3.18,0.0,0.0,7.07,0.4159,22.99,0.0
5496,33.21,7.04,0.0,0.0,3.18,0.3781,22.99,0.0
5497,33.21,5.23,0.0,0.0,4.98,0.3611,22.99,0.0
5498,33.21,0.0,0.0,0.0,10.21,0.3345,22.99,0.0
5499,33.21,11.68,0.0,1.47,0.0,0.2798,22.99,0.0
5500,33.21,8.11,0.0,0.0,2.1,0.2869,22.99,0.0
5501,33.21,6.78,0.0,0.0,3.43,0.2757,22.99,0.0
5502,33.21,4.75,0.0,0.0,5.46,0.2573,22.99,0.0
5503,35.16,0.0,14.75,2.59,0.0,0.2281,22.99,0.0
5504,37.03,1.04,32.72,0.0,26.27,0.2406,0.0,22.99
5505,38.76,4.65,47.39,0.0,0.0,0.1,0.0,13.28
5506,40.28,0.0,54.8,37.52,0.0,0.1,22.99,0.0
5507,41.52,0.0,61.17,0.0,3.34,0.2812,0.0,22.99
5508,42.44,0.25,65.99,0.8,0.0,0.2633,0.0,22.99
5509,43.01,0.63,63.48,44.1,0.0,0.2671,22.99,0.0
5510,43.21,1.85,56.92,38.56,0.0,0.4801,22.99,0.0
5511,43.01,4.29,45.02,29.28,0.0,0.6663,22.99,0.0
5512,42.44,4.66,31.93,17.14,0.0,0.8077,22.99,0.0
5513,41.52,4.22,17.06,0.0,43.24,0.8904,0.0,22.99
5514,40.28,8.08,0.0,0.0,12.67,0.6591,19.52,0.0
5515,38.76,0.14,0.0,0.0,15.63,0.5913,22.99,0.0
5516,37.03,7.47,0.0,0.0,6.57,0.5077,22.99,0.0
5517,35.16,8.53,0.0,0.0,3.63,0.4725,22.99,0.0
5518,33.21,3.01,0.0,0.0,7.2,0.4531,22.99,0.0
5519,33.21,2.48,0.0,0.0,7.73,0.4145,22.99,0.0
5520,33.18,5.08,0.0,0.0,5.1,0.3732,22.99,0.0
5521,33.18,5.24,0.0,0.0,4.94,0.3459,22.99,0.0
5522,33.18,9.5,0.0,0.0,0.69,0.3194,22.99,0.0
5523,33.18,4.56,0.0,0.0,5.63,0.3158,22.99,0.0
5524,33.18,3.1,0.0,0.0,7.08,0.2857,22.99,0.0
5525,33.18,3.12,0.0,0.0,7.07,0.2478,22.99,0.0
5526,33.18,7.88,0.0,0.0,2.31,0.21,22.99,0.0
5527,35.13,3.46,16.14,7.46,0.0,0.1976,22.99,0.0
5528,37.0,2.06,32.95,0.0,24.98,0.2337,0.0,22.99
5529,38.73,1.61,45.67,31.54,0.0,0.1,22.99,0.0
5530,40.25,5.64,55.78,0.0,1.83,0.2523,0.0,22.99
5531,41.49,0.0,62.84,0.0,0.0,0.2426,0.0,21.35
5532,42.41,5.28,17.6,3.46,0.0,0.2426,22.99,0.0
5533,42.98,1.81,63.94,45.76,0.0,0.2593,22.99,0.0
5534,43.18,0.94,55.21,35.96,0.0,0.4802,22.99,0.0
5535,42.98,10.06,45.34,35.41,0.0,0.6539,22.99,0.0
5536,42.41,0.0,30.65,11.23,0.0,0.8249,22.99,0.0
5537,41.49,2.28,15.01,0.0,47.2,0.8791,0.0,22.99
5538,40.25,0.27,0.0,0.0,16.98,0.6265,22.99,0.0
5539,38.73,8.18,0.0,0.0,7.56,0.5357,22.99,0.0
5540,37.0,11.34,0.0,0.0,2.67,0.4952,22.99,0.0
5541,35.13,11.95,0.0,0.0,0.19,0.4809,22.99,0.0
5542,33.18,11.02,0.0,0.84,0.0,0.4799,22.99,0.0
5543,33.18,6.74,0.0,0.0,3.44,0.484,22.99,0.0
5544,33.15,6.35,0.0,0.0,3.8,0.4656,22.99,0.0
5545,33.15,2.02,0.0,0.0,8.14,0.4452,22.99,0.0
5546,33.15,13.68,0.0,3.53,0.0,0.4017,22.99,0.0
5547,33.15,8.1,0.0,0.0,2.05,0.4187,22.99,0.0
5548,33.15,4.32,0.0,0.0,5.83,0.4078,22.99,0.0
5549,33.15,9.43,0.0,0.0,0.72,0.3766,22.99,0.0
5550,33.15,1.15,0.0,0.0,9.0,0.3727,22.99,0.0
5551,35.1,4.78,16.37,9.04,0.0,0.3245,22.99,0.0
5552,36.97,2.12,30.23,0.0,27.61,0.3682,0.0,22.99
5553,38.7,4.08,44.24,0.0,13.38,0.2205,0.0,22.99
5554,40.22,1.29,55.24,0.0,6.68,0.1489,0.0,22.99
5555,41.46,0.0,62.0,0.0,2.46,0.1131,0.0,22.99
5556,42.39,1.31,63.54,45.45,0.0,0.1,22.99,0.0
5557,42.95,4.57,62.94,47.54,0.0,0.3195,22.99,0.0
5558,43.15,1.4,54.94,36.19,0.0,0.5491,22.99,0.0
5559,42.95,4.52,45.98,26.04,0.0,0.7238,18.5,0.0
5560,42.39,0.0,29.84,10.45,0.0,0.8496,22.99,0.0
5561,41.46,3.38,16.03,0.0,45.05,0.9,0.0,22.99
5562,40.22,2.28,0.0,0.0,14.95,0.659,22.99,0.0
5563,38.7,7.55,0.0,0.0,8.16,0.579,22.99,0.0
5564,36.97,6.02,0.0,0.0,7.96,0.5354,22.99,0.0
5565,35.1,8.82,0.0,0.0,3.29,0.4927,22.99,0.0
5566,33.15,10.15,0.0,0.0,0.0,0.4752,22.99,0.0
5567,33.15,9.66,0.0,0.0,0.49,0.4752,22.99,0.0
5568,33.12,8.46,0.0,0.0,1.67,0.4725,22.99,0.0
5569,33.12,4.24,0.0,0.0,5.89,0.4636,22.99,0.0
5570,33.12,7.13,0.0,0.0,2.99,0.4321,22.99,0.0
5571,33.12,4.9,0.0,0.0,5.22,0.4161,22.99,0.0
5572,33.12,4.84,0.0,0.0,5.28,0.3881,22.99,0.0
5573,33.12,3.97,0.0,0.0,6.16,0.3599,22.99,0.0
5574,33.12,1.17,0.0,0.0,8.95,0.3269,22.99,0.0
5575,35.07,0.0,15.75,0.0,0.0,0.279,19.32,0.0
5576,36.95,0.56,32.66,0.0,26.72,0.279,0.0,22.99
5577,38.67,2.68,46.93,0.0,0.0,0.1361,0.0,10.93
5578,40.19,0.0,56.12,0.0,6.74,0.1361,0.0,22.67
5579,41.43,1.27,62.26,0.0,0.0,0.1,0.0,22.1
5580,42.36,7.25,66.16,50.0,0.0,0.1,18.94,0.0
5581,42.93,4.52,62.58,26.17,0.0,0.3414,1.98,0.0
5582,43.12,6.85,56.67,43.4,0.0,0.4678,22.99,0.0
5583,42.93,3.32,45.21,28.59,0.0,0.6774,22.99,0.0
5584,42.36,6.5,30.37,17.51,0.0,0.8155,22.99,0.0
5585,41.43,1.16,15.61,0.0,41.73,0.9,0.0,17.07
5586,40.19,2.26,0.0,0.0,50.0,0.6767,0.0,12.07
5587,38.67,0.0,0.0,0.0,15.68,0.4092,22.99,0.0
5588,36.95,9.79,0.0,0.0,4.16,0.3253,22.99,0.0
5589,35.07,11.61,0.0,0.0,0.47,0.303,22.99,0.0
5590,33.12,5.35,0.0,0.0,4.77,0.3006,22.99,0.0
5591,33.12,6.64,0.0,0.0,3.48,0.275,22.99,0.0
5592,33.09,5.18,0.0,0.0,4.92,0.2564,22.99,0.0
5593,33.09,8.74,0.0,0.0,1.35,0.2301,22.99,0.0
5594,33.09,10.82,0.0,0.0,0.0,0.2228,22.27,0.0
5595,33.09,1.03,0.0,0.0,9.06,0.2228,22.99,0.0
5596,33.09,7.32,0.0,0.0,2.77,0.1743,22.99,0.0
5597,33.09,4.32,0.0,0.0,5.77,0.1595,22.99,0.0
5598,33.09,4.75,0.0,0.0,5.35,0.1286,22.99,0.0
5599,35.04,5.03,11.07,4.05,0.0,0.1,22.99,0.0
5600,36.92,2.16,31.8,20.03,0.0,0.1196,22.99,0.0
5601,38.65,1.76,45.17,0.0,14.71,0.2163,0.0,22.99
5602,40.16,0.89,55.24,0.0,7.03,0.1376,0.0,22.99
5603,41.4,2.18,62.22,0.0,0.0,0.1,0.0,22.99
5604,42.33,2.5,63.68,46.84,0.0,0.1,22.99,0.0
5605,42.9,1.97,62.52,40.34,0.0,0.3262,18.75,0.0
5606,43.09,0.0,54.75,34.65,0.0,0.521,22.99,0.0
5607,42.9,0.87,45.52,26.48,0.0,0.6883,22.99,0.0
5608,42.33,5.67,31.02,17.36,0.0,0.8162,22.99,0.0
5609,41.4,3.67,14.1,0.0,46.64,0.9,0.0,22.99
5610,40.16,6.52,0.0,0.0,10.65,0.6505,22.99,0.0
5611,38.65,10.93,0.0,0.0,4.72,0.5935,22.99,0.0
5612,36.92,9.36,0.0,0.0,4.56,0.5682,22.99,0.0
5613,35.04,6.97,0.0,0.0,5.08,0.5438,22.99,0.0
5614,33.09,5.53,0.0,0.0,4.57,0.5166,22.99,0.0
5615,33.09,0.0,0.0,0.0,10.1,0.4922,22.99,0.0
5616,33.06,7.11,0.0,0.0,2.95,0.4382,22.99,0.0
5617,33.06,6.49,0.0,0.0,3.57,0.4224,22.99,0.0
5618,33.06,8.49,0.0,0.0,1.58,0.4033,22.99,0.0
5619,33.06,6.21,0.0,0.0,3.85,0.3948,22.99,0.0
5620,33.06,5.01,0.0,0.0,5.06,0.3742,22.99,0.0
5621,33.06,0.0,0.0,0.0,10.07,0.3471,22.99,0.0
5622,33.06,1.38,0.0,0.0,8.68,0.2932,22.99,0.0
5623,35.01,5.13,13.59,0.0,0.0,0.2468,16.29,0.0
5624,36.89,8.36,30.89,0.0,20.63,0.2468,0.0,22.99
5625,38.62,1.82,44.73,0.0,2.12,0.1364,0.0,10.05
5626,40.13,2.68,55.77,0.0,4.67,0.125,0.0,22.99
5627,41.38,1.17,63.2,0.0,0.0,0.1,0.0,22.99
5628,42.3,0.0,65.47,46.16,0.0,0.1,22.99,0.0
5629,42.87,2.49,61.67,37.36,0.0,0.3229,16.08,0.0
5630,43.06,0.0,55.62,35.56,0.0,0.5033,22.99,0.0
5631,42.87,4.93,45.44,30.5,0.0,0.675,22.99,0.0
5632,42.3,3.3,32.1,16.09,0.0,0.8223,22.99,0.0
5633,41.38,4.55,14.2,0.0,22.63,0.9,0.0,0.0
5634,40.13,1.89,0.0,0.0,15.25,0.7789,22.99,0.0
5635,38.62,7.55,0.0,0.0,8.08,0.6974,22.99,0.0
5636,36.89,12.79,0.0,0.0,1.11,0.6541,22.99,0.0
5637,35.01,3.45,0.0,0.0,8.57,0.6482,22.99,0.0
5638,33.06,6.13,0.0,0.0,3.94,0.6024,22.99,0.0
5639,33.06,8.3,0.0,0.0,24.76,0.5813,0.0,0.0
5640,33.04,10.04,0.0,0.0,0.0,0.4488,22.99,0.0
5641,33.04,5.78,0.0,0.0,4.26,0.4488,22.99,0.0
5642,33.04,0.0,0.0,0.0,10.04,0.426,22.99,0.0
5643,33.04,11.15,0.0,1.11,0.0,0.3722,22.99,0.0
5644,33.04,8.55,0.0,0.0,1.5,0.3776,22.99,0.0
5645,33.04,0.0,0.0,0.0,15.96,0.3696,17.07,0.0
5646,33.04,2.5,0.0,0.0,7.54,0.2842,22.99,0.0
5647,34.99,8.7,14.3,11.01,0.0,0.2438,22.99,0.0
5648,36.86,7.53,31.6,0.0,20.72,0.297,0.0,22.99
5649,38.59,5.22,45.4,0.0,10.97,0.1861,0.0,22.99
5650,40.11,1.1,56.87,0.0,5.13,0.1275,0.0,22.99
5651,41.35,1.61,60.89,44.15,0.0,0.1,22.99,0.0
5652,42.27,0.81,62.12,43.65,0.0,0.3132,22.99,0.0
5653,42.84,4.99,60.33,0.0,0.0,0.524,0.0,22.48
5654,43.04,0.0,56.48,36.44,0.0,0.524,22.99,0.0
5655,42.84,0.0,43.36,23.51,0.0,0.6999,22.99,0.0
5656,42.27,6.12,30.62,17.46,0.0,0.8135,22.99,0.0
5657,41.35,3.49,16.66,0.46,0.0,0.8978,21.66,0.0
5658,40.11,8.93,0.0,0.0,50.0,0.9,0.0,18.82
5659,38.59,3.13,0.0,0.0,12.46,0.6325,22.99,0.0
5660,36.86,5.91,0.0,0.0,46.79,0.5658,0.0,15.84
5661,34.99,3.77,0.0,0.0,8.22,0.3154,22.99,0.0
5662,33.04,7.29,0.0,0.0,2.75,0.2714,22.99,0.0
5663,33.04,2.81,0.0,0.0,7.23,0.2567,22.99,0.0
5664,33.01,6.17,0.0,0.0,3.85,0.218,22.99,0.0
5665,33.01,2.99,0.0,0.0,7.02,0.1975,22.99,0.0
5666,33.01,9.56,0.0,0.0,0.46,0.1599,22.99,0.0
5667,33.01,9.12,0.0,0.0,0.9,0.1574,22.99,0.0
5668,33.01,0.53,0.0,0.0,9.48,0.1526,22.99,0.0
5669,33.01,9.66,0.0,0.0,0.35,0.1019,22.99,0.0
5670,33.01,12.59,0.0,2.57,0.0,0.1,22.99,0.0
5671,34.96,3.82,15.21,7.06,0.0,0.1124,22.99,0.0
5672,36.84,0.82,31.63,18.6,0.0,0.1465,22.99,0.0
5673,38.57,11.36,45.14,0.0,0.0,0.2364,0.0,17.93
5674,40.08,0.0,55.93,0.0,3.96,0.2364,0.0,19.81
5675,41.32,1.45,60.88,0.0,1.98,0.2152,0.0,22.99
5676,42.25,1.86,63.91,46.52,0.0,0.2046,22.99,0.0
5677,42.82,5.74,60.78,23.7,0.0,0.4292,0.0,0.0
5678,43.01,2.87,55.93,38.79,0.0,0.5437,22.99,0.0
5679,42.82,0.61,43.99,24.78,0.0,0.731,22.99,0.0
5680,42.25,0.0,29.48,10.22,0.0,0.8506,22.99,0.0
5681,41.32,2.57,13.83,0.0,1.93,0.9,22.99,0.0
5682,40.08,1.26,0.0,0.0,50.0,0.8897,0.0,11.17
5683,38.57,5.5,0.0,0.0,44.2,0.6221,0.0,11.14
5684,36.84,4.3,0.0,0.0,9.54,0.3856,22.99,0.0
5685,34.96,1.97,0.0,0.0,10.0,0.3346,22.99,0.0
5686,33.01,11.37,0.0,1.36,0.0,0.2811,22.99,0.0
5687,33.01,6.03,0.0,0.0,3.99,0.2877,22.99,0.0
5688,32.98,3.69,0.0,0.0,6.3,0.2663,22.99,0.0
5689,32.98,7.14,0.0,0.0,2.85,0.2326,22.99,0.0
5690,32.98,7.58,0.0,0.0,2.41,0.2173,22.99,0.0
5691,32.98,1.19,0.0,0.0,8.8,0.2044,22.99,0.0
5692,32.98,7.25,0.0,0.0,2.74,0.1574,22.99,0.0
5693,32.98,2.01,0.0,0.0,7.98,0.1427,22.99,0.0
5694,32.98,9.99,0.0,0.0,0.0,0.1,22.99,0.0
5695,34.93,5.41,16.81,10.28,0.0,0.1,22.99,0.0
5696,36.81,1.65,31.18,1.67,0.0,0.1497,5.65,0.0
5697,38.54,0.0,44.16,0.0,0.0,0.1577,0.0,5.62
5698,40.05,1.42,53.76,38.12,0.0,0.1577,22.99,0.0
5699,41.3,3.41,59.89,45.0,0.0,0.3418,22.99,0.0
5700,42.22,1.24,61.83,0.0,2.15,0.5591,0.0,22.99
5701,42.79,0.73,62.21,43.14,0.0,0.5476,22.99,0.0
5702,42.98,1.94,55.72,0.0,8.32,0.7559,0.0,22.99
5703,42.79,0.32,44.46,24.97,0.0,0.7114,22.99,0.0
5704,42.22,1.83,31.49,14.09,0.0,0.832,22.99,0.0
5705,41.3,0.0,16.48,0.0,47.81,0.9,0.0,22.99
5706,40.05,7.71,0.0,0.0,9.35,0.6442,22.99,0.0
5707,38.54,6.36,0.0,0.0,9.19,0.5941,22.99,0.0
5708,36.81,3.67,0.0,0.0,10.14,0.545,22.99,0.0
5709,34.93,12.99,0.0,1.05,0.0,0.4907,22.99,0.0
5710,32.98,7.64,0.0,0.0,2.35,0.4958,22.99,0.0
5711,32.98,4.33,0.0,0.0,28.65,0.4832,0.0,0.0
5712,32.96,10.61,0.0,0.64,0.0,0.3299,22.99,0.0
5713,32.96,9.01,0.0,0.0,0.95,0.333,22.99,0.0
5714,32.96,8.68,0.0,0.0,1.29,0.3279,22.99,0.0
5715,32.96,5.51,0.0,0.0,4.45,0.321,22.99,0.0
5716,32.96,7.68,0.0,0.0,2.29,0.2972,22.99,0.0
5717,32.96,4.59,0.0,0.0,5.37,0.2849,22.99,0.0
5718,32.96,6.4,0.0,0.0,3.56,0.2562,22.99,0.0
5719,34.91,0.0,15.69,3.77,0.0,0.2371,22.99,0.0
5720,36.79,1.58,29.22,0.0,28.98,0.2553,0.0,22.99
5721,38.51,7.89,43.25,0.0,0.05,0.1002,0.0,12.67
5722,40.03,0.0,52.9,0.0,0.0,0.1,0.0,12.87
5723,41.27,0.0,61.95,0.0,0.0,0.1,0.0,20.68
5724,42.2,0.0,63.82,44.61,0.0,0.1,22.99,0.0
5725,42.77,0.0,59.48,39.7,0.0,0.3154,22.99,0.0
5726,42.96,0.0,56.27,13.31,0.0,0.5071,0.0,0.0
5727,42.77,1.57,45.52,27.31,0.0,0.5714,22.99,0.0
5728,42.2,3.42,32.34,16.56,0.0,0.7033,22.99,0.0
5729,41.27,3.59,13.9,0.0,0.79,0.7833,22.99,0.0
5730,40.03,4.13,0.0,0.0,12.9,0.7791,22.99,0.0
5731,38.51,5.58,0.0,0.0,9.94,0.71,22.99,0.0
5732,36.79,9.53,0.0,0.0,50.0,0.6568,0.0,22.74
5733,34.91,6.27,0.0,0.0,13.57,0.3893,15.06,0.0
5734,32.96,5.55,0.0,0.0,4.42,0.3167,22.99,0.0
5735,32.96,6.82,0.0,0.0,3.15,0.293,22.99,0.0
5736,32.93,9.76,0.0,0.0,0.18,0.2762,22.99,0.0
5737,32.93,12.34,0.0,2.4,0.0,0.2752,22.99,0.0
5738,32.93,5.42,0.0,0.0,4.52,0.2868,22.99,0.0
5739,32.93,7.25,0.0,0.0,2.69,0.2626,22.99,0.0
5740,32.93,7.36,0.0,0.0,2.58,0.2482,22.99,0.0
5741,32.93,2.27,0.0,0.0,7.67,0.2344,22.99,0.0
5742,32.93,4.71,0.0,0.0,5.23,0.1934,22.99,0.0
5743,34.89,0.0,11.89,0.0,0.0,0.1655,22.99,0.0
5744,36.76,0.0,13.77,0.0,0.0,0.1655,22.99,0.0
5745,38.49,3.55,45.7,0.0,12.23,0.1655,0.0,22.99
5746,40.01,0.6,55.78,39.38,0.0,0.1,22.99,0.0
5747,41.25,2.18,61.92,0.0,0.0,0.2901,0.0,22.85
5748,42.17,1.36,63.49,45.67,0.0,0.2901,22.99,0.0
5749,42.74,0.0,62.49,30.6,0.0,0.5107,10.86,0.0
5750,42.93,1.7,54.71,0.0,9.52,0.6585,0.0,22.99
5751,42.74,0.0,45.64,25.89,0.0,0.6075,22.99,0.0
5752,42.17,7.53,29.61,17.96,0.0,0.7326,22.99,0.0
5753,41.25,0.0,13.73,0.0,4.53,0.8193,22.99,0.0
5754,40.01,4.01,0.0,0.0,13.0,0.7951,22.99,0.0
5755,38.49,2.11,0.0,0.0,13.38,0.7255,22.99,0.0
5756,36.76,8.11,0.0,0.0,5.66,0.6539,22.99,0.0
5757,34.89,5.86,0.0,0.0,6.03,0.6237,22.99,0.0
5758,32.93,5.77,0.0,0.0,27.16,0.5914,0.0,0.0
5759,32.93,9.94,0.0,0.0,0.0,0.4461,22.99,0.0
5760,32.91,8.02,0.0,0.0,24.89,0.4461,0.0,0.0
5761,32.91,9.49,0.0,0.0,0.43,0.3129,22.99,0.0
5762,32.91,4.32,0.0,0.0,5.6,0.3106,22.99,0.0
5763,32.91,2.44,0.0,0.0,7.48,0.2807,22.99,0.0
5764,32.91,6.66,0.0,0.0,3.26,0.2407,22.99,0.0
5765,32.91,4.5,0.0,0.0,5.42,0.2232,22.99,0.0
5766,32.91,6.72,0.0,0.0,3.2,0.1943,22.99,0.0
5767,34.86,3.6,16.08,7.81,0.0,0.1772,22.99,0.0
5768,36.74,3.74,31.79,0.0,0.0,0.2149,1.21,0.0
5769,38.47,0.0,43.35,0.0,18.11,0.2149,0.0,22.99
5770,39.98,8.0,55.38,0.41,0.0,0.118,0.0,22.99
5771,41.22,1.04,59.45,0.0,3.73,0.12,0.0,22.99
5772,42.15,3.72,63.3,47.86,0.0,0.1,22.99,0.0
5773,42.72,0.0,58.98,39.26,0.0,0.3311,22.99,0.0
5774,42.91,2.89,54.84,37.82,0.0,0.5207,22.99,0.0
5775,42.72,0.0,44.84,25.11,0.0,0.7033,22.99,0.0
5776,42.15,4.54,30.9,0.0,0.0,0.8246,6.71,0.0
5777,41.22,2.71,14.34,0.0,1.19,0.8246,22.99,0.0
5778,39.98,4.79,0.0,0.0,50.0,0.8182,0.0,14.81
5779,38.47,7.79,0.0,0.0,7.68,0.5507,22.99,0.0
5780,36.74,2.32,0.0,0.0,11.42,0.5096,22.99,0.0
5781,34.86,4.77,0.0,0.0,7.1,0.4485,22.99,0.0
5782,32.91,8.97,0.0,0.0,0.94,0.4105,22.99,0.0
5783,32.91,14.61,0.0,4.69,0.0,0.4055,22.99,0.0
5784,32.89,7.53,0.0,0.0,2.36,0.4281,22.99,0.0
5785,32.89,9.78,0.0,0.0,0.12,0.4155,22.99,0.0
5786,32.89,7.2,0.0,0.0,2.7,0.4149,22.99,0.0
5787,32.89,13.31,0.0,3.42,0.0,0.4004,22.99,0.0
5788,32.89,0.71,0.0,0.0,9.19,0.4169,22.99,0.0
5789,32.89,5.88,0.0,0.0,4.01,0.3678,22.99,0.0
5790,32.89,0.0,0.0,0.0,9.89,0.3463,22.99,0.0
5791,34.84,0.0,14.72,2.88,0.0,0.2934,22.99,0.0
5792,36.71,4.09,31.89,22.26,0.0,0.3073,22.99,0.0
5793,38.44,2.9,45.38,0.0,13.16,0.4148,0.0,22.99
5794,39.96,1.02,53.61,0.0,8.33,0.3444,0.0,22.99
5795,41.2,1.27,60.33,0.0,2.6,0.2998,0.0,22.99
5796,42.13,11.53,63.41,9.81,0.0,0.2859,0.0,22.99
5797,42.69,0.78,60.03,41.11,0.0,0.3333,22.99,0.0
5798,42.89,3.59,52.78,36.47,0.0,0.5319,22.99,0.0
5799,42.69,0.35,42.99,23.64,0.0,0.708,22.99,0.0
5800,42.13,4.08,31.18,16.12,0.0,0.8221,22.99,0.0
5801,41.2,3.13,14.39,0.0,46.67,0.9,0.0,22.99
5802,39.96,3.41,0.0,0.0,13.55,0.6503,22.99,0.0
5803,38.44,11.46,0.0,0.0,49.98,0.5778,0.0,22.99
5804,36.71,10.17,0.0,0.0,3.55,0.3104,22.99,0.0
5805,34.84,7.47,0.0,0.0,4.37,0.2914,22.99,0.0
5806,32.89,0.09,0.0,0.0,9.8,0.268,22.99,0.0
5807,32.89,6.7,0.0,0.0,3.2,0.2155,22.99,0.0
5808,32.86,16.77,0.0,6.9,0.0,0.1984,22.99,0.0
5809,32.86,7.17,0.0,0.0,2.7,0.2317,22.99,0.0
5810,32.86,11.16,0.0,1.29,0.0,0.2172,22.99,0.0
5811,32.86,11.74,0.0,1.87,0.0,0.2234,22.99,0.0
5812,32.86,7.11,0.0,0.0,2.76,0.2325,22.99,0.0
5813,32.86,2.9,0.0,0.0,6.97,0.2177,22.99,0.0
5814,32.86,0.0,0.0,0.0,9.87,0.1804,22.99,0.0
5815,34.82,6.16,15.84,10.18,0.0,0.1276,22.99,0.0
5816,36.69,0.54,30.02,16.86,0.0,0.1768,22.99,0.0
5817,38.42,3.07,42.25,29.89,0.0,0.2582,22.99,0.0
5818,39.94,0.0,52.77,0.0,10.16,0.4026,0.0,22.99
5819,41.18,0.81,58.35,0.0,5.02,0.3482,0.0,22.99
5820,42.1,1.66,60.95,43.5,0.0,0.3214,22.99,0.0
5821,42.67,2.53,59.01,0.0,4.13,0.5314,0.0,22.99
5822,42.86,0.0,52.54,32.67,0.0,0.5093,22.99,0.0
5823,42.67,6.37,43.86,30.55,0.0,0.6671,22.99,0.0
5824,42.1,1.24,30.55,12.68,0.0,0.8146,22.99,0.0
5825,41.18,0.0,15.87,0.0,2.32,0.8759,22.99,0.0
5826,39.94,4.44,0.0,0.0,12.51,0.8635,22.99,0.0
5827,38.42,5.74,0.0,0.0,9.69,0.7966,22.99,0.0
5828,36.69,6.92,0.0,0.0,6.77,0.7447,22.99,0.0
5829,34.82,11.48,0.0,0.0,0.34,0.7085,22.99,0.0
5830,32.86,6.82,0.0,0.0,3.05,0.7067,22.99,0.0
5831,32.86,7.53,0.0,0.0,2.34,0.6904,22.99,0.0
5832,32.84,4.5,0.0,0.0,5.35,0.6778,22.99,0.0
5833,32.84,9.85,0.0,0.0,0.0,0.6492,22.99,0.0
5834,32.84,8.23,0.0,0.0,1.61,0.6492,22.99,0.0
5835,32.84,5.76,0.0,0.0,27.08,0.6406,0.0,0.0
5836,32.84,0.29,0.0,0.0,9.56,0.4957,22.99,0.0
5837,32.84,10.35,0.0,0.0,0.0,0.4446,22.5,0.0
5838,32.84,0.86,0.0,0.0,8.98,0.4446,22.99,0.0
5839,34.79,2.09,13.48,3.77,0.0,0.3965,22.99,0.0
5840,36.67,4.38,29.04,0.0,26.25,0.4147,0.0,22.99
5841,38.4,0.0,42.2,0.0,19.19,0.2743,0.0,22.99
5842,39.91,0.0,53.02,36.1,0.0,0.1716,22.99,0.0
5843,41.16,0.0,61.28,43.12,0.0,0.3459,22.99,0.0
5844,42.08,3.93,63.17,48.02,0.0,0.5541,22.99,0.0
5845,42.65,0.0,59.14,0.0,6.51,0.786,0.0,22.99
5846,42.84,11.5,54.58,0.25,0.0,0.7512,0.0,22.99
5847,42.65,0.0,43.39,23.73,0.0,0.7524,22.99,0.0
5848,42.08,0.24,31.7,0.0,0.0,0.867,10.14,0.0
5849,41.16,2.17,16.3,0.0,0.0,0.867,22.69,0.0
5850,39.91,5.62,0.0,0.0,11.3,0.867,22.99,0.0
5851,38.4,4.15,0.0,0.0,11.25,0.8066,22.99,0.0
5852,36.67,8.43,0.0,0.0,5.24,0.7464,22.99,0.0
5853,34.79,3.96,0.0,0.0,7.84,0.7183,22.99,0.0
5854,32.84,3.17,0.0,0.0,6.68,0.6764,22.99,0.0
5855,32.84,2.14,0.0,0.0,7.7,0.6406,22.99,0.0
5856,32.82,0.93,0.0,0.0,11.72,0.5994,20.17,0.0
5857,32.82,6.33,0.0,0.0,3.49,0.5367,22.99,0.0
5858,32.82,6.71,0.0,0.0,3.11,0.518,22.99,0.0
5859,32.82,5.13,0.0,0.0,27.69,0.5013,0.0,0.0
5860,32.82,10.52,0.0,0.7,0.0,0.3532,22.99,0.0
5861,32.82,9.69,0.0,0.0,0.13,0.3565,22.99,0.0
5862,32.82,3.8,0.0,0.0,6.03,0.3558,22.99,0.0
5863,34.77,0.0,15.5,3.73,0.0,0.3236,22.99,0.0
5864,36.65,1.43,29.39,0.0,28.82,0.3416,0.0,22.99
5865,38.38,0.66,44.38,0.0,16.33,0.1874,0.0,22.99
5866,39.89,0.0,54.9,38.0,0.0,0.1,22.99,0.0
5867,41.14,0.0,59.11,26.91,0.0,0.2835,8.93,0.0
5868,42.06,0.0,60.41,0.0,0.0,0.4134,0.0,18.35
5869,42.63,0.51,61.15,42.03,0.0,0.4134,22.99,0.0
5870,42.82,0.03,53.08,33.28,0.0,0.6164,22.99,0.0
5871,42.63,3.27,41.82,25.45,0.0,0.7771,22.99,0.0
5872,42.06,4.43,29.15,0.0,0.0,0.9,8.48,0.0
5873,41.14,1.1,14.25,0.0,41.87,0.9,0.0,16.09
5874,39.89,9.0,0.0,0.0,7.9,0.676,22.99,0.0
5875,38.38,2.55,0.0,0.0,50.0,0.6337,0.0,14.17
5876,36.65,1.27,0.0,0.0,12.39,0.3662,22.99,0.0
5877,34.77,8.4,0.0,0.0,3.37,0.2999,22.99,0.0
5878,32.82,5.04,0.0,0.0,4.79,0.2819,22.99,0.0
5879,32.82,9.05,0.0,0.0,0.78,0.2562,22.99,0.0
5880,32.8,0.39,0.0,0.0,9.41,0.2521,22.99,0.0
5881,32.8,12.56,0.0,2.76,0.0,0.2017,22.99,0.0
5882,32.8,9.91,0.0,0.0,0.0,0.215,22.89,0.0
5883,32.8,2.37,0.0,0.0,7.44,0.215,22.99,0.0
5884,32.8,1.77,0.0,0.0,8.04,0.1752,22.99,0.0
5885,32.8,11.18,0.0,1.37,0.0,0.1322,22.99,0.0
5886,32.8,2.55,0.0,0.0,7.26,0.1388,22.99,0.0
5887,34.75,0.0,15.23,0.0,0.0,0.1,19.52,0.0
5888,36.63,0.0,30.09,16.45,0.0,0.1,22.99,0.0
5889,38.36,1.51,43.68,0.0,5.23,0.1794,0.0,12.07
5890,39.87,1.4,51.86,0.0,9.61,0.1514,0.0,22.99
5891,41.11,4.12,59.65,0.0,0.0,0.1,0.0,22.66
5892,42.04,0.0,60.89,41.84,0.0,0.1,22.99,0.0
5893,42.61,0.0,60.56,40.94,0.0,0.302,22.99,0.0
5894,42.8,3.59,54.65,38.44,0.0,0.4997,22.99,0.0
5895,42.61,5.9,42.67,28.96,0.0,0.6854,22.99,0.0
5896,42.04,0.0,29.66,10.61,0.0,0.8252,22.99,0.0
5897,41.11,7.59,14.03,0.0,42.48,0.8764,0.0,22.99
5898,39.87,5.05,0.0,0.0,11.82,0.6491,22.99,0.0
5899,38.36,9.3,0.0,0.0,6.06,0.5859,22.99,0.0
5900,36.63,6.32,0.0,0.0,7.31,0.5535,22.99,0.0
5901,34.75,0.0,0.0,0.0,11.76,0.5143,22.99,0.0
5902,32.8,7.24,0.0,0.0,2.56,0.4514,22.99,0.0
5903,32.8,11.49,0.0,1.68,0.0,0.4377,22.99,0.0
5904,32.78,5.33,0.0,0.0,4.46,0.4458,22.99,0.0
5905,32.78,6.85,0.0,0.0,2.93,0.422,22.99,0.0
5906,32.78,7.21,0.0,0.0,2.57,0.4063,22.99,0.0
5907,32.78,0.0,0.0,0.0,9.79,0.3925,22.99,0.0
5908,32.78,12.01,0.0,2.22,0.0,0.3402,22.99,0.0
5909,32.78,2.9,0.0,0.0,6.88,0.3509,22.99,0.0
5910,32.78,6.62,0.0,0.0,21.12,0.3141,5.04,0.0
5911,34.73,3.86,13.03,5.16,0.0,0.201,22.99,0.0
5912,36.61,7.43,28.63,0.0,23.54,0.2259,0.0,22.99
5913,38.34,4.01,44.01,11.49,0.0,0.1,1.81,0.0
5914,39.85,1.42,54.62,0.0,6.8,0.1555,0.0,22.99
5915,41.09,0.0,60.52,0.0,3.57,0.1191,0.0,22.99
5916,42.02,4.33,62.71,48.02,0.0,0.1,22.99,0.0
5917,42.59,0.0,58.15,38.56,0.0,0.3319,22.99,0.0
5918,42.78,4.27,53.16,37.06,0.0,0.5181,22.41,0.0
5919,42.59,0.0,43.27,23.68,0.0,0.697,22.99,0.0
5920,42.02,7.42,29.97,18.36,0.0,0.8114,22.99,0.0
5921,41.09,4.67,13.6,0.0,45.82,0.9,0.0,22.99
5922,39.85,7.07,0.0,0.0,9.79,0.6548,22.99,0.0
5923,38.34,6.08,0.0,0.0,50.0,0.6024,0.0,17.75
5924,36.61,0.93,0.0,0.0,12.68,0.3349,22.99,0.0
5925,34.73,4.49,0.0,0.0,7.25,0.2671,22.99,0.0
5926,32.78,9.79,0.0,0.0,0.0,0.2283,22.99,0.0
5927,32.78,8.65,0.0,0.0,1.14,0.2283,22.99,0.0
5928,32.76,12.09,0.0,2.32,0.0,0.2222,22.99,0.0
5929,32.76,9.46,0.0,0.0,0.31,0.2334,22.99,0.0
5930,32.76,4.71,0.0,0.0,5.06,0.2317,22.99,0.0
5931,32.76,4.74,0.0,0.0,5.02,0.2047,22.99,0.0
5932,32.76,6.98,0.0,0.0,2.78,0.1778,22.99,0.0
5933,32.76,0.0,0.0,0.0,9.77,0.1629,22.99,0.0
5934,32.76,9.77,0.0,0.0,0.0,0.1106,22.99,0.0
5935,34.71,5.62,13.58,7.49,0.0,0.1106,22.99,0.0
5936,36.59,7.38,30.03,0.0,8.74,0.1468,0.0,9.57
5937,38.32,0.0,43.2,5.89,0.0,0.1,1.01,0.0
5938,39.83,6.26,51.25,0.0,5.32,0.1284,0.0,22.99
5939,41.08,9.13,59.71,4.77,0.0,0.1,0.0,22.99
5940,42.0,0.0,61.73,42.73,0.0,0.123,22.99,0.0
5941,42.57,4.4,60.64,45.47,0.0,0.3293,22.99,0.0
5942,42.76,2.02,52.58,34.84,0.0,0.5489,22.99,0.0
5943,42.57,0.0,43.67,24.1,0.0,0.7171,22.99,0.0
5944,42.0,5.01,27.77,13.78,0.0,0.8335,22.99,0.0
5945,41.08,6.89,10.35,0.0,46.82,0.9,0.0,22.99
5946,39.83,3.09,0.0,0.0,13.75,0.6495,22.99,0.0
5947,38.32,9.64,0.0,0.0,50.0,0.5759,0.0,21.32
5948,36.59,1.26,0.0,0.0,12.34,0.3084,22.99,0.0
5949,34.71,2.48,0.0,0.0,9.23,0.2424,22.99,0.0
5950,32.76,8.28,0.0,0.0,1.49,0.193,22.99,0.0
5951,32.76,8.24,0.0,0.0,1.53,0.185,22.99,0.0
5952,32.74,6.0,0.0,0.0,3.75,0.1768,22.99,0.0
5953,32.74,10.83,0.0,1.08,0.0,0.1568,22.99,0.0
5954,32.74,9.6,0.0,0.0,0.15,0.162,22.99,0.0
5955,32.74,9.75,0.0,0.0,0.0,0.1612,22.99,0.0
5956,32.74,6.3,0.0,0.0,3.45,0.1612,22.99,0.0
5957,32.74,7.87,0.0,0.0,1.88,0.1427,22.99,0.0
5958,32.74,3.64,0.0,0.0,6.11,0.1327,22.99,0.0
5959,34.69,10.89,15.8,9.27,0.0,0.1,17.28,0.0
5960,36.57,0.0,28.82,15.25,0.0,0.1448,22.99,0.0
5961,38.3,9.6,44.2,0.0,7.49,0.2184,0.0,22.99
5962,39.81,2.39,52.2,0.0,8.21,0.1783,0.0,22.99
5963,41.06,0.0,57.62,0.0,6.43,0.1344,0.0,22.99
5964,41.98,6.27,56.52,20.81,0.0,0.1,0.0,0.0
5965,42.55,2.36,59.97,42.78,0.0,0.2005,22.99,0.0
5966,42.74,5.03,53.66,38.95,0.0,0.4071,22.99,0.0
5967,42.55,6.75,43.78,30.98,0.0,0.5951,22.99,0.0
5968,41.98,4.56,28.55,14.12,0.0,0.7447,22.99,0.0
5969,41.06,2.33,11.72,0.0,50.0,0.8129,0.0,22.99
5970,39.81,8.24,0.0,0.0,50.0,0.5454,0.0,18.43
5971,38.3,5.92,0.0,0.0,9.38,0.2778,22.99,0.0
5972,36.57,8.92,0.0,0.0,4.66,0.2276,22.99,0.0
5973,34.69,0.4,0.0,0.0,11.3,0.2027,22.99,0.0
5974,32.74,9.33,0.0,0.0,0.42,0.1423,22.99,0.0
5975,32.74,6.14,0.0,0.0,3.61,0.1401,22.99,0.0
5976,32.72,13.72,0.0,3.99,0.0,0.1208,22.99,0.0
5977,32.72,10.27,0.0,0.54,0.0,0.14,22.99,0.0
5978,32.72,8.71,0.0,0.0,1.02,0.1426,22.99,0.0
5979,32.72,8.99,0.0,0.0,0.74,0.1372,22.99,0.0
5980,32.72,3.52,0.0,0.0,6.21,0.1332,22.99,0.0
5981,32.72,11.22,0.0,1.49,0.0,0.1,22.99,0.0
5982,32.72,11.57,0.0,1.84,0.0,0.1072,22.99,0.0
5983,34.67,5.57,15.33,9.22,0.0,0.1161,22.99,0.0
5984,36.55,8.66,28.71,0.0,0.0,0.1606,0.0,0.82
5985,38.28,1.0,43.38,29.1,0.0,0.1606,22.99,0.0
5986,39.79,0.0,53.85,0.0,8.94,0.3011,0.0,22.99
5987,41.04,2.14,58.28,0.0,3.62,0.2533,0.0,22.99
5988,41.96,3.3,43.07,27.41,0.0,0.234,22.99,0.0
5989,42.53,0.73,56.95,38.14,0.0,0.3663,22.99,0.0
5990,42.72,4.07,50.97,35.31,0.0,0.5505,22.99,0.0
5991,42.53,3.84,41.32,25.61,0.0,0.721,22.99,0.0
5992,41.96,0.29,18.68,0.0,0.0,0.8447,22.99,0.0
5993,41.04,5.97,13.2,0.0,0.0,0.8447,21.87,0.0
5994,39.79,7.93,0.0,0.0,8.87,0.8447,22.99,0.0
5995,38.28,6.52,0.0,0.0,8.76,0.7972,22.99,0.0
5996,36.55,10.48,0.0,0.0,3.08,0.7503,22.99,0.0
5997,34.67,3.48,0.0,0.0,8.2,0.7339,22.99,0.0
5998,32.72,9.45,0.0,0.0,0.28,0.69,22.99,0.0
5999,32.72,4.47,0.0,0.0,5.26,0.6885,22.99,0.0
6000,32.71,4.81,0.0,0.0,4.9,0.6604,22.99,0.0
6001,32.71,6.27,0.0,0.0,3.45,0.6342,22.99,0.0
6002,32.71,4.94,0.0,0.0,4.77,0.6157,22.99,0.0
6003,32.71,5.7,0.0,0.0,4.01,0.5902,22.99,0.0
6004,32.71,6.11,0.0,0.0,3.6,0.5687,22.99,0.0
6005,32.71,8.73,0.0,0.0,0.98,0.5494,22.99,0.0
6006,32.71,4.14,0.0,0.0,5.57,0.5442,22.99,0.0
6007,34.66,0.0,13.33,0.0,0.0,0.5144,21.33,0.0
6008,36.53,7.25,30.1,0.0,22.17,0.5144,0.0,22.99
6009,38.26,0.19,42.66,0.0,18.41,0.3958,0.0,22.99
6010,39.78,2.19,52.84,0.0,7.73,0.2972,0.0,22.99
6011,41.02,3.5,59.24,0.0,0.0,0.2559,0.0,21.72
6012,41.94,2.59,61.11,44.75,0.0,0.2559,22.99,0.0
6013,42.51,5.6,58.68,44.76,0.0,0.472,22.99,0.0
6014,42.71,3.93,53.12,0.0,0.0,0.6881,0.0,14.34
6015,42.51,0.11,40.76,21.35,0.0,0.6881,22.99,0.0
6016,41.94,10.61,30.87,22.54,0.0,0.7912,22.99,0.0
6017,41.02,4.97,13.62,0.0,45.42,0.9,0.0,22.99
6018,39.78,4.71,0.0,0.0,12.08,0.657,22.99,0.0
6019,38.26,9.14,0.0,0.0,50.0,0.5924,0.0,20.88
6020,36.53,7.61,0.0,0.0,5.93,0.3248,22.99,0.0
6021,34.66,8.76,0.0,0.0,2.9,0.2931,22.99,0.0
6022,32.71,16.05,0.0,6.33,0.0,0.2776,22.99,0.0
6023,32.71,7.42,0.0,0.0,2.29,0.3082,22.99,0.0
6024,32.69,7.44,0.0,0.0,2.25,0.2959,22.99,0.0
6025,32.69,8.74,0.0,0.0,0.96,0.2838,22.99,0.0
6026,32.69,11.5,0.0,1.81,0.0,0.2787,22.99,0.0
6027,32.69,2.65,0.0,0.0,7.05,0.2874,22.99,0.0
6028,32.69,0.49,0.0,0.0,9.2,0.2497,22.99,0.0
6029,32.69,4.17,0.0,0.0,5.52,0.2005,22.99,0.0
6030,32.69,0.0,0.0,0.0,9.7,0.1709,22.99,0.0
6031,34.64,3.02,13.83,5.21,0.0,0.1191,22.99,0.0
6032,36.52,5.24,28.93,20.65,0.0,0.1442,22.99,0.0
6033,38.24,0.07,41.95,0.0,19.22,0.2439,0.0,22.99
6034,39.76,0.0,52.49,0.0,3.84,0.1411,0.0,16.57
6035,41.0,2.33,57.82,0.0,3.84,0.1205,0.0,22.99
6036,41.93,4.79,60.09,45.94,0.0,0.1,22.99,0.0
6037,42.5,0.0,56.42,36.92,0.0,0.3219,22.99,0.0
6038,42.69,5.09,52.38,37.77,0.0,0.5001,22.99,0.0
6039,42.5,5.59,42.91,29.0,0.0,0.6825,22.99,0.0
6040,41.93,6.7,28.27,16.04,0.0,0.8226,22.99,0.0
6041,41.0,8.34,13.45,0.0,42.21,0.9,0.0,22.99
6042,39.76,12.36,0.0,0.0,4.41,0.6741,22.99,0.0
6043,38.24,4.92,0.0,0.0,10.33,0.6505,22.99,0.0
6044,36.52,7.21,0.0,0.0,6.32,0.5953,22.99,0.0
6045,34.64,6.17,0.0,0.0,5.47,0.5615,22.99,0.0
6046,32.69,8.04,0.0,0.0,1.65,0.5322,22.99,0.0
6047,32.69,13.32,0.0,3.62,0.0,0.5234,22.99,0.0
6048,32.67,4.17,0.0,0.0,5.51,0.5408,22.99,0.0
6049,32.67,5.63,0.0,0.0,4.05,0.5114,22.99,0.0
6050,32.67,12.54,0.0,2.86,0.0,0.4897,22.99,0.0
6051,32.67,10.87,0.0,1.19,0.0,0.5035,22.99,0.0
6052,32.67,5.73,0.0,0.0,3.95,0.5093,22.99,0.0
6053,32.67,8.89,0.0,0.0,0.79,0.4881,22.99,0.0
6054,32.67,6.39,0.0,0.0,3.29,0.4839,22.99,0.0
6055,34.62,9.3,15.59,0.0,28.66,0.4663,0.0,18.93
6056,36.5,3.91,28.34,0.0,27.24,0.313,0.0,22.99
6057,38.23,6.32,42.35,0.0,12.56,0.1672,0.0,22.99
6058,39.74,11.03,52.28,0.58,0.0,0.1,0.0,22.99
6059,40.99,4.1,58.86,0.0,0.0,0.1028,0.0,21.97
6060,41.91,2.21,60.3,43.59,0.0,0.1028,22.99,0.0
6061,42.48,4.5,59.53,44.54,0.0,0.3133,22.99,0.0
6062,42.67,1.3,50.54,32.16,0.0,0.5283,22.99,0.0
6063,42.48,10.72,41.81,0.0,5.77,0.6837,0.0,15.82
6064,41.91,4.25,28.09,13.42,0.0,0.6528,22.99,0.0
6065,40.99,3.57,14.85,0.0,0.0,0.7176,22.57,0.0
6066,39.74,2.58,0.0,0.0,14.17,0.7176,22.99,0.0
6067,38.23,9.67,0.0,0.0,50.0,0.6418,0.0,21.44
6068,36.5,9.71,0.0,0.0,3.8,0.3743,22.99,0.0
6069,34.62,5.96,0.0,0.0,5.67,0.3539,22.99,0.0
6070,32.67,9.95,0.0,0.0,0.0,0.3236,22.72,0.0
6071,32.67,3.53,0.0,0.0,6.15,0.3236,22.99,0.0
6072,32.66,9.17,0.0,0.0,0.49,0.2907,22.99,0.0
6073,32.66,9.93,0.0,0.0,0.0,0.2881,22.73,0.0
6074,32.66,13.66,0.0,4.0,0.0,0.2881,22.99,0.0
6075,32.66,5.13,0.0,0.0,4.53,0.3074,22.99,0.0
6076,32.66,2.82,0.0,0.0,6.84,0.2831,22.99,0.0
6077,32.66,3.28,0.0,0.0,6.38,0.2465,22.99,0.0
6078,32.66,1.01,0.0,0.0,8.65,0.2124,22.99,0.0
6079,34.61,8.82,14.71,11.92,0.0,0.1661,22.99,0.0
6080,36.48,8.73,27.91,0.0,0.0,0.2237,0.0,0.16
6081,38.21,4.09,40.72,0.0,16.41,0.2237,0.0,22.99
6082,39.73,6.49,49.53,0.0,6.71,0.1359,0.0,22.99
6083,40.97,2.65,57.72,42.39,0.0,0.1,22.99,0.0
6084,41.9,1.8,61.15,44.05,0.0,0.3047,22.99,0.0
6085,42.47,1.14,42.12,23.79,0.0,0.5174,22.99,0.0
6086,42.66,1.53,50.56,32.43,0.0,0.6322,22.99,0.0
6087,42.47,0.0,41.11,0.0,0.0,0.7889,1.36,0.0
6088,41.9,4.58,28.59,14.26,0.0,0.7889,22.99,0.0
6089,40.97,4.37,14.86,0.0,44.73,0.8577,0.0,22.99
6090,39.73,7.75,0.0,0.0,8.99,0.6184,22.99,0.0
6091,38.21,6.48,0.0,0.0,8.74,0.5703,22.99,0.0
6092,36.48,6.43,0.0,0.0,7.06,0.5235,22.99,0.0
6093,34.61,4.81,0.0,0.0,6.81,0.4858,22.99,0.0
6094,32.66,8.37,0.0,0.0,1.29,0.4493,22.99,0.0
6095,32.66,10.85,0.0,1.19,0.0,0.4424,22.99,0.0
6096,32.64,4.93,0.0,0.0,4.72,0.4482,22.99,0.0
6097,32.64,8.8,0.0,0.0,0.85,0.4229,22.99,0.0
6098,32.64,8.95,0.0,0.0,0.7,0.4183,22.99,0.0
6099,32.64,5.36,0.0,0.0,4.29,0.4146,22.99,0.0
6100,32.64,5.11,0.0,0.0,4.54,0.3916,22.99,0.0
6101,32.64,6.97,0.0,0.0,2.68,0.3673,22.99,0.0
6102,32.64,1.72,0.0,0.0,7.92,0.353,22.99,0.0
6103,34.59,5.69,14.43,8.52,0.0,0.3106,22.99,0.0
6104,36.47,0.88,28.74,0.0,29.85,0.3517,0.0,22.99
6105,38.2,6.54,40.47,0.0,14.19,0.192,0.0,22.99
6106,39.71,10.15,49.55,0.0,3.01,0.1161,0.0,22.99
6107,40.96,0.0,56.88,38.92,0.0,0.1,22.99,0.0
6108,41.88,3.88,59.88,44.88,0.0,0.2879,22.99,0.0
6109,42.45,0.0,57.31,37.85,0.0,0.5047,22.99,0.0
6110,42.64,5.96,43.48,6.8,0.0,0.6874,0.0,0.0
6111,42.45,0.0,41.19,21.74,0.0,0.7202,22.99,0.0
6112,41.88,5.33,29.05,15.49,0.0,0.8252,22.99,0.0
6113,40.96,1.73,14.17,0.0,2.06,0.9,22.99,0.0
6114,39.71,4.72,0.0,0.0,12.0,0.889,22.99,0.0
6115,38.2,2.89,0.0,0.0,50.0,0.8248,0.0,14.69
6116,36.47,9.67,0.0,0.0,3.81,0.5572,22.99,0.0
6117,34.59,4.97,0.0,0.0,15.37,0.5369,14.26,0.0
6118,32.64,9.98,0.0,0.0,0.0,0.4547,22.67,0.0
6119,32.64,7.4,0.0,0.0,2.25,0.4547,22.99,0.0
6120,32.63,8.31,0.0,0.0,1.33,0.4426,22.99,0.0
6121,32.63,9.05,0.0,0.0,0.59,0.4355,22.99,0.0
6122,32.63,5.78,0.0,0.0,3.85,0.4324,22.99,0.0
6123,32.63,8.41,0.0,0.0,1.22,0.4118,22.99,0.0
6124,32.63,12.01,0.0,2.38,0.0,0.4052,22.99,0.0
6125,32.63,3.76,0.0,0.0,5.87,0.4167,22.99,0.0
6126,32.63,9.23,0.0,0.0,23.4,0.3853,0.0,0.0
6127,34.58,9.45,14.99,12.86,0.0,0.2601,22.99,0.0
6128,36.46,1.19,30.3,0.0,0.0,0.3222,4.97,0.0
6129,38.18,0.0,40.41,0.0,20.77,0.3222,0.0,22.99
6130,39.7,3.62,51.22,0.0,7.86,0.211,0.0,22.99
6131,40.94,0.55,55.63,0.0,7.76,0.169,0.0,22.99
6132,41.87,8.25,58.12,47.5,0.0,0.1275,22.99,0.0
6133,42.44,2.43,57.91,40.9,0.0,0.3568,22.99,0.0
6134,42.63,0.05,51.61,32.03,0.0,0.5543,22.99,0.0
6135,42.44,0.0,42.73,23.29,0.0,0.709,22.99,0.0
6136,41.87,7.35,27.79,16.27,0.0,0.8214,22.99,0.0
6137,40.94,2.76,12.74,0.0,2.45,0.9,22.99,0.0
6138,39.7,5.59,0.0,0.0,11.12,0.8869,22.99,0.0
6139,38.18,9.37,0.0,0.0,50.0,0.8274,0.0,21.19
6140,36.46,5.49,0.0,0.0,37.65,0.5599,0.0,6.69
6141,34.58,7.58,0.0,0.0,4.0,0.3584,22.99,0.0
6142,32.63,8.19,0.0,0.0,1.44,0.337,22.99,0.0
6143,32.63,9.64,0.0,0.0,0.0,0.3292,22.99,0.0
6144,32.62,10.64,0.0,1.02,0.0,0.3292,22.99,0.0
6145,32.62,7.91,0.0,0.0,1.71,0.3342,22.99,0.0
6146,32.62,8.5,0.0,0.0,1.12,0.325,22.99,0.0
6147,32.62,6.58,0.0,0.0,3.04,0.319,22.99,0.0
6148,32.62,2.33,0.0,0.0,7.29,0.3027,22.99,0.0
6149,32.62,7.17,0.0,0.0,2.46,0.2637,22.99,0.0
6150,32.62,11.62,0.0,2.0,0.0,0.2506,22.99,0.0
6151,34.57,1.8,12.91,0.0,0.0,0.2602,19.86,0.0
6152,36.44,1.38,28.11,0.0,29.95,0.2602,0.0,22.99
6153,38.17,0.39,39.48,0.0,0.0,0.1,0.0,1.7
6154,39.69,5.04,49.97,20.64,0.0,0.1,5.32,0.0
6155,40.93,3.82,56.78,0.0,3.32,0.1997,0.0,22.99
6156,41.85,1.75,59.56,42.44,0.0,0.1819,22.99,0.0
6157,42.42,0.0,57.96,38.53,0.0,0.3869,22.99,0.0
6158,42.62,2.99,51.57,34.94,0.0,0.573,22.99,0.0
6159,42.42,0.0,39.86,20.43,0.0,0.7417,22.99,0.0
6160,41.85,4.34,26.87,12.35,0.0,0.8404,22.99,0.0
6161,40.93,7.48,12.56,0.0,43.88,0.9,0.0,22.99
6162,39.69,1.45,0.0,0.0,50.0,0.6652,0.0,11.76
6163,38.17,1.38,0.0,0.0,13.8,0.3977,22.99,0.0
6164,36.44,12.22,0.0,0.0,1.23,0.3238,22.99,0.0
6165,34.57,5.8,0.0,0.0,5.77,0.3173,22.99,0.0
6166,32.62,11.97,0.0,2.35,0.0,0.2864,22.99,0.0
6167,32.62,8.12,0.0,0.0,1.5,0.2977,22.99,0.0
6168,32.6,8.26,0.0,0.0,1.35,0.2897,22.99,0.0
6169,32.6,10.09,0.0,0.0,0.0,0.2825,22.51,0.0
6170,32.6,5.49,0.0,0.0,4.12,0.2825,22.99,0.0
6171,32.6,8.27,0.0,0.0,1.34,0.2605,22.99,0.0
6172,32.6,5.93,0.0,0.0,3.68,0.2533,22.99,0.0
6173,32.6,2.12,0.0,0.0,7.49,0.2336,22.99,0.0
6174,32.6,6.64,0.0,0.0,2.97,0.1935,22.99,0.0
6175,34.55,3.86,13.59,5.89,0.0,0.1776,22.99,0.0
6176,36.43,3.42,27.14,0.0,0.0,0.2061,5.87,0.0
6177,38.16,0.0,40.91,0.0,14.06,0.2061,0.0,16.82
6178,39.67,7.9,49.01,0.0,5.77,0.1308,0.0,22.99
6179,40.92,5.26,55.23,0.0,0.0,0.1,0.0,19.57
6180,41.84,5.43,60.17,46.75,0.0,0.1,22.99,0.0
6181,42.41,1.44,55.02,37.04,0.0,0.3258,22.99,0.0
6182,42.6,0.0,50.0,30.39,0.0,0.5047,22.99,0.0
6183,42.41,9.58,39.14,29.3,0.0,0.6514,22.99,0.0
6184,41.84,3.73,27.49,12.38,0.0,0.7929,22.99,0.0
6185,40.92,2.29,6.05,0.0,9.58,0.8527,22.99,0.0
6186,39.67,6.9,0.0,0.0,9.78,0.8014,22.99,0.0
6187,38.16,10.16,0.0,0.0,50.0,0.7491,0.0,22.0
6188,36.43,7.09,0.0,0.0,6.34,0.4816,22.99,0.0
6189,34.55,11.56,0.0,0.0,0.0,0.4476,22.99,0.0
6190,32.6,11.85,0.0,2.24,0.0,0.4476,22.99,0.0
6191,32.6,5.19,0.0,0.0,4.42,0.4585,22.99,0.0
6192,32.59,6.66,0.0,0.0,2.94,0.4348,22.99,0.0
6193,32.59,11.82,0.0,2.23,0.0,0.4191,22.99,0.0
6194,32.59,0.0,0.0,0.0,9.6,0.4299,22.99,0.0
6195,32.59,7.41,0.0,0.0,2.19,0.3785,22.99,0.0
6196,32.59,2.59,0.0,0.0,7.01,0.3668,22.99,0.0
6197,32.59,0.0,0.0,0.0,9.6,0.3293,22.99,0.0
6198,32.59,0.0,0.0,0.0,9.6,0.2779,22.99,0.0
6199,34.54,3.61,14.44,6.5,0.0,0.2266,22.99,0.0
6200,36.42,0.0,29.88,0.0,29.53,0.258,0.0,22.99
6201,38.15,0.0,38.87,14.3,0.0,0.1,13.58,0.0
6202,39.66,10.22,48.51,0.0,3.93,0.1691,0.0,22.99
6203,40.91,8.52,55.18,0.0,0.0,0.1481,0.0,22.79
6204,41.83,0.0,58.49,39.66,0.0,0.1481,22.99,0.0
6205,42.4,7.6,55.98,44.17,0.0,0.3396,22.99,0.0
6206,42.59,1.51,49.22,31.13,0.0,0.5528,22.99,0.0
6207,42.4,3.73,41.7,26.03,0.0,0.7032,22.99,0.0
6208,41.83,3.78,29.26,14.2,0.0,0.8289,22.99,0.0
6209,40.91,2.63,13.49,0.0,47.78,0.8975,0.0,22.99
6210,39.66,8.79,0.0,0.0,7.88,0.6418,22.99,0.0
6211,38.15,6.85,0.0,0.0,8.31,0.5996,22.99,0.0
6212,36.42,5.68,0.0,0.0,50.0,0.5552,0.0,19.26
6213,34.54,3.67,0.0,0.0,7.88,0.2877,22.99,0.0
6214,32.59,5.51,0.0,0.0,4.08,0.2455,22.99,0.0
6215,32.59,3.42,0.0,0.0,6.18,0.2237,22.99,0.0
6216,32.58,8.93,0.0,0.0,0.66,0.1906,22.99,0.0
6217,32.58,4.91,0.0,0.0,4.68,0.1871,22.99,0.0
6218,32.58,7.6,0.0,0.0,1.99,0.1621,22.99,0.0
6219,32.58,12.38,0.0,2.79,0.0,0.1515,22.99,0.0
6220,32.58,11.15,0.0,1.57,0.0,0.1649,22.99,0.0
6221,32.58,6.39,0.0,0.0,3.2,0.1725,22.99,0.0
6222,32.58,5.38,0.0,0.0,4.21,0.1554,22.99,0.0
6223,34.53,10.9,12.25,11.61,0.0,0.1329,22.99,0.0
6224,36.41,5.72,27.9,0.0,0.0,0.1889,2.78,0.0
6225,38.14,2.31,42.2,0.0,16.62,0.1889,0.0,22.99
6226,39.65,0.0,50.75,34.1,0.0,0.1,22.99,0.0
6227,40.89,3.81,55.09,0.0,4.99,0.2647,0.0,22.99
6228,41.82,5.1,49.06,35.34,0.0,0.238,22.99,0.0
6229,42.39,0.49,55.58,36.67,0.0,0.4086,22.99,0.0
6230,42.58,0.0,49.43,29.84,0.0,0.5857,22.99,0.0
6231,42.39,2.19,39.45,22.25,0.0,0.7298,22.99,0.0
6232,41.82,3.44,28.38,13.0,0.0,0.8372,22.99,0.0
6233,40.89,0.0,14.99,0.0,48.9,0.9,0.0,22.99
6234,39.65,4.94,0.0,0.0,50.0,0.6383,0.0,15.29
6235,38.14,9.63,0.0,0.0,5.51,0.3708,22.99,0.0
6236,36.41,5.23,0.0,0.0,8.18,0.3413,22.99,0.0
6237,34.53,8.11,0.0,0.0,3.42,0.2976,22.99,0.0
6238,32.58,6.01,0.0,0.0,3.57,0.2792,22.99,0.0
6239,32.58,9.95,0.0,0.0,0.0,0.2601,22.63,0.0
6240,32.57,8.25,0.0,0.0,1.33,0.2601,22.99,0.0
6241,32.57,5.8,0.0,0.0,3.78,0.253,22.99,0.0
6242,32.57,12.82,0.0,3.25,0.0,0.2328,22.99,0.0
6243,32.57,11.0,0.0,1.43,0.0,0.2485,22.99,0.0
6244,32.57,2.22,0.0,0.0,7.35,0.2553,22.99,0.0
6245,32.57,8.16,0.0,0.0,1.42,0.216,22.99,0.0
6246,32.57,7.45,0.0,0.0,2.13,0.2084,22.99,0.0
6247,34.52,6.95,14.98,10.4,0.0,0.197,22.99,0.0
6248,36.4,0.0,26.84,0.0,0.0,0.2473,9.56,0.0
6249,38.13,6.68,40.39,0.0,14.05,0.2473,0.0,22.99
6250,39.64,1.07,48.09,0.0,13.48,0.1721,0.0,22.99
6251,40.88,1.43,56.69,40.23,0.0,0.1,22.99,0.0
6252,41.81,0.0,57.13,22.68,0.0,0.2943,7.36,0.0
6253,42.38,0.0,56.2,36.82,0.0,0.4038,22.99,0.0
6254,42.57,0.0,48.02,28.44,0.0,0.5816,22.99,0.0
6255,42.38,0.0,39.84,20.45,0.0,0.7189,22.99,0.0
6256,41.81,8.59,27.28,17.05,0.0,0.8177,22.99,0.0
6257,40.88,0.52,14.91,0.0,48.45,0.9,0.0,22.99
6258,39.64,2.47,0.0,0.0,50.0,0.6408,0.0,12.82
6259,38.13,5.48,0.0,0.0,9.66,0.3733,22.99,0.0
6260,36.4,11.91,0.0,0.0,1.49,0.3216,22.99,0.0
6261,34.52,10.5,0.0,0.0,1.03,0.3136,22.99,0.0
6262,32.57,8.0,0.0,0.0,1.57,0.3081,22.99,0.0
6263,32.57,9.83,0.0,0.0,0.0,0.2997,22.74,0.0
6264,32.56,7.06,0.0,0.0,2.51,0.2997,22.99,0.0
6265,32.56,9.34,0.0,0.0,0.22,0.2863,22.99,0.0
6266,32.56,8.8,0.0,0.0,0.76,0.2851,22.99,0.0
6267,32.56,11.19,0.0,1.62,0.0,0.281,22.99,0.0
6268,32.56,10.51,0.0,0.94,0.0,0.2888,22.99,0.0
6269,32.56,8.2,0.0,0.0,1.37,0.2934,22.99,0.0
6270,32.56,4.59,0.0,0.0,4.97,0.2861,22.99,0.0
6271,34.51,7.33,13.33,9.14,0.0,0.2595,22.99,0.0
6272,36.39,3.85,26.35,0.0,29.18,0.3036,0.0,22.99
6273,38.12,0.0,41.83,0.0,0.0,0.1475,0.0,3.72
6274,39.63,1.66,49.86,0.0,8.87,0.1475,0.0,20.76
6275,40.87,2.91,56.71,41.74,0.0,0.1,22.99,0.0
6276,41.8,5.47,59.24,45.91,0.0,0.3016,22.99,0.0
6277,42.37,2.05,57.18,39.86,0.0,0.5233,22.99,0.0
6278,42.56,0.0,49.46,29.89,0.0,0.7157,22.99,0.0
6279,42.37,3.66,23.99,8.27,0.0,0.86,22.99,0.0
6280,41.8,4.51,28.64,0.0,0.0,0.9,8.64,0.0
6281,40.87,5.53,12.9,0.0,45.44,0.9,0.0,22.99
6282,39.63,8.74,0.0,0.0,7.9,0.6569,22.99,0.0
6283,38.12,9.9,0.0,0.0,5.22,0.6146,22.99,0.0
6284,36.39,5.46,0.0,0.0,7.93,0.5867,22.99,0.0
6285,34.51,6.06,0.0,0.0,5.46,0.5442,22.99,0.0
6286,32.56,5.2,0.0,0.0,4.36,0.515,22.99,0.0
6287,32.56,11.15,0.0,1.58,0.0,0.4917,22.99,0.0
6288,32.55,13.74,0.0,4.18,0.0,0.4993,22.99,0.0
6289,32.55,7.92,0.0,0.0,1.63,0.5195,22.99,0.0
6290,32.55,7.84,0.0,0.0,1.72,0.5108,22.99,0.0
6291,32.55,12.85,0.0,3.29,0.0,0.5016,22.99,0.0
6292,32.55,9.07,0.0,0.0,0.48,0.5175,22.99,0.0
6293,32.55,8.07,0.0,0.0,1.49,0.5149,22.99,0.0
6294,32.55,1.97,0.0,0.0,7.59,0.507,22.99,0.0
6295,34.5,7.18,13.91,0.0,0.0,0.4663,13.41,0.0
6296,36.38,1.2,27.43,0.0,30.75,0.4663,0.0,22.99
6297,38.11,0.0,40.77,0.0,20.33,0.3018,0.0,22.99
6298,39.62,1.9,50.36,0.0,9.55,0.193,0.0,22.18
6299,40.87,0.8,55.21,0.0,7.84,0.142,0.0,22.99
6300,41.79,1.87,56.81,39.88,0.0,0.1,22.99,0.0
6301,42.36,0.0,54.27,34.9,0.0,0.2926,22.99,0.0
6302,42.55,6.12,48.34,34.9,0.0,0.4611,22.99,0.0
6303,42.36,7.18,41.12,28.93,0.0,0.6297,22.99,0.0
6304,41.79,0.0,29.33,10.53,0.0,0.7694,22.99,0.0
6305,40.87,8.15,13.03,0.0,42.68,0.8202,0.0,22.99
6306,39.62,3.2,0.0,0.0,13.43,0.5919,22.99,0.0
6307,38.11,9.43,0.0,0.0,5.68,0.52,22.99,0.0
6308,36.38,7.22,0.0,0.0,6.17,0.4896,22.99,0.0
6309,34.5,0.0,0.0,0.0,17.55,0.4566,16.95,0.0
6310,32.55,8.02,0.0,0.0,1.53,0.3627,22.99,0.0
6311,32.55,12.86,0.0,3.31,0.0,0.3545,22.99,0.0
6312,32.54,5.1,0.0,0.0,4.45,0.3705,22.99,0.0
6313,32.54,10.96,0.0,1.42,0.0,0.3467,22.99,0.0
6314,32.54,12.24,0.0,2.69,0.0,0.3535,22.99,0.0
6315,32.54,10.48,0.0,0.0,0.0,0.3665,22.06,0.0
6316,32.54,15.01,0.0,5.46,0.0,0.3665,22.99,0.0
6317,32.54,5.0,0.0,0.0,4.55,0.3929,22.99,0.0
6318,32.54,8.97,0.0,0.0,0.58,0.3685,22.99,0.0
6319,34.49,4.69,12.78,5.98,0.0,0.3654,22.99,0.0
6320,36.37,8.25,26.45,0.0,24.66,0.3943,0.0,22.99
6321,38.1,3.56,38.98,0.0,18.55,0.2623,0.0,22.99
6322,39.61,1.82,49.0,0.0,11.79,0.1631,0.0,22.99
6323,40.86,6.97,53.78,42.89,0.0,0.1,22.99,0.0
6324,41.78,1.05,55.37,37.63,0.0,0.3071,22.99,0.0
6325,42.35,0.0,53.42,27.01,0.0,0.4888,15.94,0.0
6326,42.54,1.4,49.85,31.71,0.0,0.6193,22.99,0.0
6327,42.35,5.59,40.2,26.43,0.0,0.7724,22.99,0.0
6328,41.78,8.76,10.03,0.0,0.0,0.9,22.99,0.0
6329,40.86,5.4,12.66,0.0,45.79,0.9,0.0,22.99
6330,39.61,10.14,0.0,0.0,6.48,0.655,22.99,0.0
6331,38.1,2.32,0.0,0.0,12.79,0.6203,22.99,0.0
6332,36.37,6.06,0.0,0.0,50.0,0.5519,0.0,19.69
6333,34.49,7.23,0.0,0.0,4.27,0.2844,22.99,0.0
6334,32.54,8.3,0.0,0.0,1.24,0.2615,22.99,0.0
6335,32.54,9.27,0.0,0.0,0.28,0.2549,22.99,0.0
6336,32.54,11.4,0.0,1.86,0.0,0.2534,22.99,0.0
6337,32.54,7.61,0.0,0.0,1.93,0.2623,22.99,0.0
6338,32.54,9.18,0.0,0.0,0.36,0.252,22.99,0.0
6339,32.54,8.07,0.0,0.0,1.47,0.2501,22.99,0.0
6340,32.54,4.55,0.0,0.0,4.99,0.2422,22.99,0.0
6341,32.54,6.4,0.0,0.0,3.14,0.2155,22.99,0.0
6342,32.54,5.46,0.0,0.0,4.08,0.1987,22.99,0.0
6343,34.49,4.56,13.12,6.18,0.0,0.1769,22.99,0.0
6344,36.36,4.41,26.87,0.0,0.0,0.2068,5.08,0.0
6345,38.09,3.89,40.65,0.0,7.3,0.2068,0.0,13.74
6346,39.61,1.73,48.22,0.0,12.65,0.1677,0.0,22.99
6347,40.85,6.92,52.95,0.0,0.0,0.1,0.0,19.02
6348,41.77,0.0,57.31,38.53,0.0,0.1,22.99,0.0
6349,42.34,0.47,55.88,37.0,0.0,0.2861,22.99,0.0
6350,42.54,12.12,49.68,42.26,0.0,0.4647,22.99,0.0
6351,42.34,0.28,29.92,10.86,0.0,0.6688,22.99,0.0
6352,41.77,0.0,27.19,8.41,0.0,0.7212,22.99,0.0
6353,40.85,7.47,10.39,0.0,0.0,0.7618,22.99,0.0
6354,39.61,0.0,0.0,0.0,16.61,0.7618,22.99,0.0
6355,38.09,6.01,0.0,0.0,9.09,0.673,22.99,0.0
6356,36.36,14.49,0.0,0.0,44.87,0.6243,0.0,22.99
6357,34.49,0.0,0.0,0.0,11.49,0.3842,22.99,0.0
6358,32.54,0.0,0.0,0.0,9.54,0.3228,22.99,0.0
6359,32.54,4.2,0.0,0.0,5.34,0.2717,22.99,0.0
6360,32.53,12.12,0.0,2.59,0.0,0.2431,22.99,0.0
6361,32.53,12.75,0.0,3.21,0.0,0.2557,22.99,0.0
6362,32.53,7.13,0.0,0.0,2.41,0.2712,22.99,0.0
6363,32.53,10.48,0.0,0.95,0.0,0.2583,22.99,0.0
6364,32.53,12.1,0.0,0.0,0.0,0.2629,20.43,0.0
6365,32.53,12.6,0.0,3.07,0.0,0.2629,22.99,0.0
6366,32.53,5.19,0.0,0.0,4.35,0.2777,22.99,0.0
6367,34.48,0.0,14.3,0.0,0.0,0.2544,20.18,0.0
6368,36.36,1.71,28.78,0.0,28.86,0.2544,0.0,22.99
6369,38.08,2.32,39.82,27.04,0.0,0.1,22.99,0.0
6370,39.6,2.35,49.27,35.01,0.0,0.2306,22.99,0.0
6371,40.84,2.25,55.94,0.0,5.65,0.3997,0.0,22.99
6372,41.77,6.37,56.5,21.1,0.0,0.3695,0.0,0.0
6373,42.34,6.98,53.54,0.0,0.0,0.4713,0.0,18.19
6374,42.53,2.63,49.72,32.82,0.0,0.4713,22.99,0.0
6375,42.34,7.25,39.93,27.84,0.0,0.6298,22.99,0.0
6376,41.77,5.52,29.04,15.79,0.0,0.7642,22.99,0.0
6377,40.84,5.36,13.39,0.0,0.0,0.8405,22.1,0.0
6378,39.6,8.92,0.0,0.0,50.0,0.8405,0.0,19.32
6379,38.08,7.05,0.0,0.0,8.04,0.573,22.99,0.0
6380,36.36,14.26,0.0,0.9,0.0,0.53,22.99,0.0
6381,34.48,3.62,0.0,0.0,7.87,0.5343,22.99,0.0
6382,32.53,7.12,0.0,0.0,2.42,0.4922,22.99,0.0
6383,32.53,8.7,0.0,0.0,0.84,0.4793,22.99,0.0
6384,32.52,10.7,0.0,1.17,0.0,0.4748,22.99,0.0
6385,32.52,13.26,0.0,3.74,0.0,0.4805,22.99,0.0
6386,32.52,8.76,0.0,0.0,19.42,0.4985,4.35,0.0
6387,32.52,3.73,0.0,0.0,5.8,0.3946,22.99,0.0
6388,32.52,10.38,0.0,0.0,0.0,0.3636,22.14,0.0
6389,32.52,9.32,0.0,0.0,0.21,0.3636,22.99,0.0
6390,32.52,0.0,0.0,0.0,9.53,0.3624,22.99,0.0
6391,34.47,5.19,13.99,7.7,0.0,0.3115,22.99,0.0
6392,36.35,0.0,27.36,0.0,31.98,0.3487,0.0,22.99
6393,38.08,1.6,37.7,24.22,0.0,0.1775,22.99,0.0
6394,39.59,0.32,49.13,0.0,13.14,0.2945,0.0,22.99
6395,40.84,5.53,52.6,0.0,5.7,0.2242,0.0,22.99
6396,41.76,3.18,55.74,40.16,0.0,0.1937,22.99,0.0
6397,42.33,0.0,53.72,34.39,0.0,0.3876,22.99,0.0
6398,42.52,6.08,49.98,36.54,0.0,0.5536,22.99,0.0
6399,42.33,0.0,39.67,20.33,0.0,0.7301,22.99,0.0
6400,41.76,5.49,28.14,14.86,0.0,0.8282,22.99,0.0
6401,40.84,2.57,13.24,0.0,2.03,0.9,22.99,0.0
6402,39.59,4.86,0.0,0.0,11.74,0.8891,22.99,0.0
6403,38.08,8.51,0.0,0.0,6.58,0.8263,22.99,0.0
6404,36.35,9.34,0.0,0.0,4.01,0.7911,22.99,0.0
6405,34.47,12.65,0.0,1.17,0.0,0.7696,22.99,0.0
6406,32.52,8.57,0.0,0.0,0.95,0.7753,22.99,0.0
6407,32.52,10.15,0.0,0.0,35.97,0.7702,0.0,13.61
6408,32.52,7.91,0.0,0.0,1.61,0.5777,22.99,0.0
6409,32.52,9.81,0.0,0.0,0.0,0.5691,22.71,0.0
6410,32.52,10.32,0.0,0.0,45.19,0.5691,0.0,22.99
6411,32.52,8.06,0.0,0.0,1.46,0.3273,22.99,0.0
6412,32.52,1.88,0.0,0.0,7.65,0.3195,22.99,0.0
6413,32.52,8.0,0.0,0.0,1.52,0.2786,22.99,0.0
6414,32.52,7.27,0.0,0.0,2.25,0.2705,22.99,0.0
6415,34.47,3.06,12.48,4.06,0.0,0.2584,22.99,0.0
6416,36.34,0.32,25.74,0.0,33.27,0.278,0.0,22.99
6417,38.07,8.58,39.01,32.51,0.0,0.1,22.99,0.0
6418,39.59,4.88,47.56,0.0,10.14,0.257,0.0,22.99
6419,40.83,2.23,54.74,0.0,6.86,0.2028,0.0,22.99
6420,41.76,0.0,56.42,37.66,0.0,0.1661,22.99,0.0
6421,42.32,0.31,55.59,36.57,0.0,0.3479,22.99,0.0
6422,42.52,7.51,47.69,0.0,10.31,0.5245,0.0,22.99
6423,42.32,4.25,38.48,23.4,0.0,0.4693,22.99,0.0
6424,41.76,2.7,28.69,12.63,0.0,0.5823,22.99,0.0
6425,40.83,6.91,13.5,0.0,43.42,0.6433,0.0,22.99
6426,39.59,3.46,0.0,0.0,13.13,0.411,22.99,0.0
6427,38.07,11.79,0.0,0.0,3.29,0.3407,22.99,0.0
6428,36.34,12.09,0.0,0.0,1.26,0.3231,22.99,0.0
6429,34.47,6.87,0.0,0.0,5.95,0.3163,21.64,0.0
6430,32.52,6.86,0.0,0.0,2.66,0.2845,22.99,0.0
6431,32.52,0.75,0.0,0.0,8.77,0.2703,22.99,0.0
6432,32.51,4.59,0.0,0.0,4.93,0.2233,22.99,0.0
6433,32.51,4.94,0.0,0.0,4.58,0.197,22.99,0.0
6434,32.51,9.39,0.0,0.0,0.13,0.1725,22.99,0.0
6435,32.51,7.38,0.0,0.0,2.14,0.1718,22.99,0.0
6436,32.51,3.42,0.0,0.0,6.1,0.1603,22.99,0.0
6437,32.51,6.08,0.0,0.0,3.44,0.1277,22.99,0.0
6438,32.51,7.78,0.0,0.0,1.73,0.1093,22.99,0.0
6439,34.46,7.02,14.53,10.08,0.0,0.1,22.99,0.0
6440,36.34,0.0,13.35,0.0,0.0,0.1487,22.99,0.0
6441,38.07,3.45,38.99,0.0,0.0,0.1487,0.0,4.37
6442,39.58,0.0,47.02,7.43,0.0,0.1487,0.0,0.0
6443,40.83,5.94,54.08,19.2,0.0,0.1846,0.0,0.0
6444,41.75,5.45,56.48,39.76,0.0,0.2773,19.58,0.0
6445,42.32,0.12,54.94,35.73,0.0,0.4692,22.99,0.0
6446,42.51,0.87,48.49,29.84,0.0,0.6418,22.99,0.0
6447,42.32,2.37,40.59,23.63,0.0,0.7859,22.99,0.0
6448,41.75,0.0,18.76,0.0,0.0,0.9,22.99,0.0
6449,40.83,6.4,11.43,0.0,0.0,0.9,22.99,0.0
6450,39.58,5.27,0.0,0.0,50.0,0.9,0.0,15.68
6451,38.07,10.13,0.0,0.0,4.95,0.6325,22.99,0.0
6452,36.34,4.21,0.0,0.0,9.13,0.606,22.99,0.0
6453,34.46,6.43,0.0,0.0,28.03,0.5571,0.0,0.0
6454,32.51,4.08,0.0,0.0,5.44,0.4072,22.99,0.0
6455,32.51,6.03,0.0,0.0,3.49,0.3781,22.99,0.0
6456,32.51,5.62,0.0,0.0,3.9,0.3594,22.99,0.0
6457,32.51,12.55,0.0,3.04,0.0,0.3385,22.99,0.0
6458,32.51,6.75,0.0,0.0,2.77,0.3532,22.99,0.0
6459,32.51,4.29,0.0,0.0,5.23,0.3384,22.99,0.0
6460,32.51,6.59,0.0,0.0,2.92,0.3104,22.99,0.0
6461,32.51,2.94,0.0,0.0,6.58,0.2948,22.99,0.0
6462,32.51,5.66,0.0,0.0,3.85,0.2596,22.99,0.0
6463,34.46,7.31,12.14,7.98,0.0,0.239,22.99,0.0
6464,36.34,0.68,25.47,0.0,33.17,0.2775,0.0,22.99
6465,38.06,6.54,37.69,29.16,0.0,0.1,22.99,0.0
6466,39.58,0.66,47.19,0.0,14.72,0.2408,0.0,22.99
6467,40.82,1.52,53.91,37.6,0.0,0.162,22.99,0.0
6468,41.75,4.69,55.86,0.0,0.0,0.3436,0.0,18.8
6469,42.32,0.93,52.85,34.46,0.0,0.3436,22.99,0.0
6470,42.51,3.53,46.59,30.61,0.0,0.51,22.99,0.0
6471,42.32,2.9,40.3,23.87,0.0,0.6578,22.99,0.0
6472,41.75,5.01,25.45,11.71,0.0,0.7731,22.99,0.0
6473,40.82,0.0,12.88,0.0,4.95,0.8296,22.99,0.0
6474,39.58,0.29,0.0,0.0,16.3,0.8031,22.99,0.0
6475,38.06,9.03,0.0,0.0,6.04,0.7159,22.99,0.0
6476,36.34,11.18,0.0,0.0,2.16,0.6836,22.99,0.0
6477,34.46,5.55,0.0,0.0,5.92,0.672,22.99,0.0
6478,32.51,8.22,0.0,0.0,1.3,0.6404,22.99,0.0
6479,32.51,10.28,0.0,0.77,0.0,0.6334,22.99,0.0
6480,32.51,11.74,0.0,2.23,0.0,0.6371,22.99,0.0
6481,32.51,2.83,0.0,0.0,6.69,0.6479,22.99,0.0
6482,32.51,6.2,0.0,0.0,24.22,0.6121,2.09,0.0
6483,32.51,7.47,0.0,0.0,2.04,0.4825,22.99,0.0
6484,32.51,10.15,0.0,0.64,0.0,0.4716,22.99,0.0
6485,32.51,15.18,0.0,5.67,0.0,0.4747,22.99,0.0
6486,32.51,5.52,0.0,0.0,3.99,0.5021,22.99,0.0
6487,34.46,0.87,13.49,2.9,0.0,0.4808,22.99,0.0
6488,36.33,5.94,27.51,0.0,25.87,0.4948,0.0,22.99
6489,38.06,8.25,38.2,0.0,14.61,0.3564,0.0,22.99
6490,39.58,3.81,48.1,0.0,10.66,0.2782,0.0,22.99
6491,40.82,0.2,53.58,0.0,10.03,0.2211,0.0,22.99
6492,41.74,6.12,56.7,44.08,0.0,0.1675,22.99,0.0
6493,42.31,5.28,54.75,40.72,0.0,0.3803,22.99,0.0
6494,42.51,0.14,46.07,26.7,0.0,0.5769,22.99,0.0
6495,42.31,5.21,39.7,25.59,0.0,0.7059,22.99,0.0
6496,41.74,7.87,25.49,14.61,0.0,0.8295,22.99,0.0
6497,40.82,9.25,12.14,0.0,42.43,0.9,0.0,22.99
6498,39.58,6.05,0.0,0.0,10.54,0.673,22.99,0.0
6499,38.06,5.94,0.0,0.0,50.0,0.6166,0.0,17.88
6500,36.33,11.85,0.0,0.0,1.49,0.3491,22.99,0.0
6501,34.46,4.63,0.0,0.0,6.83,0.3411,22.99,0.0
6502,32.51,10.48,0.0,0.97,0.0,0.3046,22.99,0.0
6503,32.51,4.95,0.0,0.0,4.56,0.3093,22.99,0.0
6504,32.5,13.0,0.0,3.49,0.0,0.2849,22.99,0.0
6505,32.5,8.61,0.0,0.0,0.9,0.3017,22.99,0.0
6506,32.5,13.22,0.0,3.71,0.0,0.2969,22.99,0.0
6507,32.5,10.19,0.0,0.68,0.0,0.3148,22.99,0.0
6508,32.5,3.98,0.0,0.0,5.53,0.3181,22.99,0.0
6509,32.5,11.76,0.0,2.25,0.0,0.2885,22.99,0.0
6510,32.5,11.33,0.0,1.83,0.0,0.2994,22.99,0.0
6511,34.45,8.33,13.94,10.81,0.0,0.3082,22.99,0.0
6512,36.33,2.24,25.1,0.0,31.98,0.3604,0.0,22.99
6513,38.06,3.04,39.1,0.0,2.22,0.1893,0.0,6.3
6514,39.57,3.99,48.96,0.0,9.62,0.1774,0.0,22.99
6515,40.82,0.92,52.6,0.0,0.0,0.1259,0.0,12.7
6516,41.74,8.56,53.66,43.47,0.0,0.1259,22.99,0.0
6517,42.31,3.66,54.74,39.08,0.0,0.3358,22.99,0.0
6518,42.5,0.0,48.63,29.12,0.0,0.5245,22.99,0.0
6519,42.31,5.13,39.38,25.19,0.0,0.6651,22.99,0.0
6520,41.74,3.57,25.86,10.69,0.0,0.7868,22.99,0.0
6521,40.82,5.24,13.65,0.0,44.92,0.8384,0.0,22.99
6522,39.57,5.12,0.0,0.0,11.46,0.598,22.99,0.0
6523,38.06,9.76,0.0,0.0,50.0,0.5367,0.0,21.71
6524,36.33,11.56,0.0,0.0,1.78,0.2692,22.99,0.0
6525,34.45,9.52,0.0,0.0,1.94,0.2597,22.99,0.0
6526,32.5,8.02,0.0,0.0,1.49,0.2493,22.99,0.0
6527,32.5,9.31,0.0,0.0,0.2,0.2413,22.99,0.0
6528,32.5,9.67,0.0,0.0,0.0,0.2403,22.83,0.0
6529,32.5,6.9,0.0,0.0,2.61,0.2403,22.99,0.0
6530,32.5,11.05,0.0,1.54,0.0,0.2263,22.99,0.0
6531,32.5,10.15,0.0,0.0,0.0,0.2337,22.35,0.0
6532,32.5,12.97,0.0,3.46,0.0,0.2337,22.99,0.0
6533,32.5,11.27,0.0,1.76,0.0,0.2505,22.99,0.0
6534,32.5,4.15,0.0,0.0,5.35,0.259,22.99,0.0
6535,34.45,8.19,12.57,9.3,0.0,0.2303,22.99,0.0
6536,36.33,1.68,24.89,0.0,32.75,0.2752,0.0,22.99
6537,38.06,6.34,38.33,0.0,0.0,0.1,0.0,6.61
6538,39.57,1.9,45.6,0.0,0.0,0.1,0.0,7.93
6539,40.82,0.0,51.71,0.0,0.0,0.1,0.0,10.9
6540,41.74,4.04,55.96,41.26,0.0,0.1,22.99,0.0
6541,42.31,0.0,52.53,33.22,0.0,0.2992,22.99,0.0
6542,42.5,0.0,46.29,26.78,0.0,0.4596,22.99,0.0
6543,42.31,3.51,39.88,24.08,0.0,0.5889,22.99,0.0
6544,41.74,5.02,27.88,14.15,0.0,0.7052,22.99,0.0
6545,40.82,4.34,11.31,0.0,2.18,0.7736,22.99,0.0
6546,39.57,1.26,0.0,0.0,15.32,0.7619,22.99,0.0
6547,38.06,4.56,0.0,0.0,50.0,0.68,0.0,16.51
6548,36.33,9.25,0.0,0.0,50.0,0.4124,0.0,22.93
6549,34.45,10.54,0.0,0.0,0.92,0.1449,22.99,0.0
6550,32.5,9.12,0.0,0.0,0.39,0.14,22.99,0.0
6551,32.5,13.24,0.0,3.73,0.0,0.1379,22.99,0.0
6552,32.5,10.95,0.0,1.44,0.0,0.156,22.99,0.0
6553,32.5,7.13,0.0,0.0,2.37,0.1629,22.99,0.0
6554,32.5,8.32,0.0,0.0,1.18,0.1502,22.99,0.0
6555,32.5,4.18,0.0,0.0,5.33,0.1439,22.99,0.0
6556,32.5,7.7,0.0,0.0,1.81,0.1154,22.99,0.0
6557,32.5,10.86,0.0,1.36,0.0,0.1057,22.99,0.0
6558,32.5,8.64,0.0,0.0,0.86,0.1122,22.99,0.0
6559,34.45,10.13,11.7,10.37,0.0,0.1076,22.99,0.0
6560,36.33,3.83,28.13,0.0,0.0,0.1577,4.37,0.0
6561,38.06,8.49,36.81,0.0,0.0,0.1577,0.0,7.25
6562,39.57,3.0,46.3,0.0,10.78,0.1577,0.0,20.5
6563,40.81,8.06,50.78,0.0,0.0,0.1,0.0,18.03
6564,41.74,3.12,55.79,40.17,0.0,0.1,22.99,0.0
6565,42.31,5.59,52.72,39.0,0.0,0.294,22.99,0.0
6566,42.5,8.4,47.24,36.13,0.0,0.4823,22.99,0.0
6567,42.31,3.51,39.14,23.34,0.0,0.6568,22.99,0.0
6568,41.74,5.52,26.67,13.44,0.0,0.7695,22.99,0.0
6569,40.81,9.76,13.76,0.0,40.29,0.8344,0.0,22.99
6570,39.57,6.0,0.0,0.0,10.58,0.6188,22.99,0.0
6571,38.06,2.99,0.0,0.0,12.07,0.5622,22.99,0.0
6572,36.33,14.98,0.0,0.0,44.34,0.4976,0.0,22.99
6573,34.45,7.2,0.0,0.0,4.26,0.2604,22.99,0.0
6574,32.5,9.74,0.0,0.0,0.0,0.2376,22.76,0.0
6575,32.5,13.29,0.0,3.79,0.0,0.2376,22.99,0.0
6576,32.5,7.75,0.0,0.0,1.76,0.2558,22.99,0.0
6577,32.5,6.35,0.0,0.0,3.16,0.2464,22.99,0.0
6578,32.5,10.11,0.0,0.6,0.0,0.2295,22.99,0.0
6579,32.5,2.97,0.0,0.0,6.54,0.2324,22.99,0.0
6580,32.5,7.17,0.0,0.0,2.34,0.1975,22.99,0.0
6581,32.5,8.11,0.0,0.0,1.39,0.185,22.99,0.0
6582,32.5,5.61,0.0,0.0,3.9,0.1775,22.99,0.0
6583,34.45,0.65,12.25,1.44,0.0,0.1567,22.99,0.0
6584,36.33,10.02,25.5,22.19,0.0,0.1636,22.99,0.0
6585,38.06,4.53,37.76,0.0,13.91,0.2708,0.0,18.14
6586,39.57,8.31,46.94,0.0,7.31,0.1964,0.0,22.99
6587,40.81,2.52,50.58,0.0,10.71,0.1573,0.0,22.99
6588,41.74,0.4,52.49,34.14,0.0,0.1,22.99,0.0
6589,42.31,4.23,51.73,36.64,0.0,0.2649,22.99,0.0
6590,42.5,2.98,45.55,29.03,0.0,0.4418,22.99,0.0
6591,42.31,0.39,36.44,17.52,0.0,0.582,22.99,0.0
6592,41.74,9.62,27.23,18.11,0.0,0.6666,22.99,0.0
6593,40.81,3.63,11.55,0.0,2.64,0.754,22.99,0.0
6594,39.57,0.53,0.0,0.0,16.05,0.7399,22.99,0.0
6595,38.06,11.62,0.0,0.0,49.43,0.654,0.0,22.99
6596,36.33,6.47,0.0,0.0,20.47,0.3895,9.39,0.0
6597,34.45,6.8,0.0,0.0,4.65,0.28,22.99,0.0
6598,32.5,3.57,0.0,0.0,5.93,0.2551,22.99,0.0
6599,32.5,15.24,0.0,5.73,0.0,0.2234,22.99,0.0
6600,32.5,5.6,0.0,0.0,3.9,0.2511,22.99,0.0
6601,32.5,9.85,0.0,0.0,0.0,0.2302,22.65,0.0
6602,32.5,12.29,0.0,2.79,0.0,0.2302,22.99,0.0
6603,32.5,10.19,0.0,0.0,0.0,0.2436,22.31,0.0
6604,32.5,7.96,0.0,0.0,1.54,0.2436,22.99,0.0
6605,32.5,1.87,0.0,0.0,7.63,0.2354,22.99,0.0
6606,32.5,3.92,0.0,0.0,5.59,0.1945,22.99,0.0
6607,34.45,6.31,10.98,5.83,0.0,0.1646,22.99,0.0
6608,36.33,2.38,26.07,0.0,0.0,0.1928,7.88,0.0
6609,38.06,4.91,38.8,0.0,17.34,0.1928,0.0,22.99
6610,39.57,0.0,48.08,31.5,0.0,0.1,22.99,0.0
6611,40.82,6.53,52.3,41.0,0.0,0.2521,22.99,0.0
6612,41.74,0.0,55.76,14.02,0.0,0.4501,0.0,0.0
6613,42.31,10.52,50.64,41.84,0.0,0.5178,22.99,0.0
6614,42.5,0.0,45.99,26.49,0.0,0.7198,22.99,0.0
6615,42.31,4.25,36.79,10.82,0.0,0.8477,12.1,0.0
6616,41.74,8.45,10.3,0.0,0.0,0.9,22.99,0.0
6617,40.82,13.35,12.03,0.0,0.0,0.9,15.44,0.0
6618,39.57,1.89,0.0,0.0,14.69,0.9,22.99,0.0
6619,38.06,6.65,0.0,0.0,50.0,0.8214,0.0,18.59
6620,36.33,0.46,0.0,0.0,50.0,0.5539,0.0,14.14
6621,34.45,9.45,0.0,0.0,2.01,0.2863,22.99,0.0
6622,32.5,10.52,0.0,0.0,0.0,0.2756,21.98,0.0
6623,32.5,9.54,0.0,0.0,0.0,0.2756,22.96,0.0
6624,32.5,7.71,0.0,0.0,1.8,0.2756,22.99,0.0
6625,32.5,3.09,0.0,0.0,6.42,0.266,22.99,0.0
6626,32.5,10.6,0.0,0.0,0.0,0.2316,21.9,0.0
6627,32.5,13.59,0.0,4.08,0.0,0.2316,22.99,0.0
6628,32.5,6.3,0.0,0.0,3.21,0.2513,22.99,0.0
6629,32.5,8.86,0.0,0.0,0.65,0.2342,22.99,0.0
6630,32.5,1.52,0.0,0.0,7.99,0.2307,22.99,0.0
6631,34.45,7.24,11.74,7.51,0.0,0.188,22.99,0.0
6632,36.33,3.7,26.15,7.21,0.0,0.2242,13.69,0.0
6633,38.06,1.84,37.99,24.77,0.0,0.2591,22.99,0.0
6634,39.57,1.33,44.64,0.0,16.59,0.3787,0.0,22.99
6635,40.82,2.2,52.52,0.0,9.09,0.2899,0.0,22.99
6636,41.74,4.6,52.61,38.46,0.0,0.2412,22.99,0.0
6637,42.31,0.0,52.36,33.04,0.0,0.427,22.99,0.0
6638,42.5,2.51,46.26,29.26,0.0,0.5865,22.99,0.0
6639,42.31,4.17,35.77,20.63,0.0,0.7278,22.99,0.0
6640,41.74,1.42,25.45,8.12,0.0,0.8274,22.99,0.0
6641,40.82,11.57,13.16,6.91,0.0,0.8666,22.99,0.0
6642,39.57,3.83,0.0,0.0,12.75,0.9,22.99,0.0
6643,38.06,5.27,0.0,0.0,50.0,0.8318,0.0,17.21
6644,36.33,5.05,0.0,0.0,50.0,0.5643,0.0,18.72
6645,34.45,14.7,0.0,3.24,0.0,0.2968,22.99,0.0
6646,32.5,11.18,0.0,1.68,0.0,0.3124,22.99,0.0
6647,32.5,6.69,0.0,0.0,2.82,0.3205,22.99,0.0
6648,32.5,13.46,0.0,3.95,0.0,0.3054,22.99,0.0
6649,32.5,10.42,0.0,0.91,0.0,0.3245,22.99,0.0
6650,32.5,10.28,0.0,0.0,0.0,0.3289,22.22,0.0
6651,32.5,7.82,0.0,0.0,1.69,0.3289,22.99,0.0
6652,32.5,5.84,0.0,0.0,3.67,0.3199,22.99,0.0
6653,32.5,8.58,0.0,0.0,0.93,0.3003,22.99,0.0
6654,32.5,4.89,0.0,0.0,4.62,0.2953,22.99,0.0
6655,34.45,11.69,13.26,13.49,0.0,0.2706,22.99,0.0
6656,36.33,0.93,24.9,0.18,0.0,0.3357,10.68,0.0
6657,38.06,9.33,36.94,0.0,0.0,0.3366,0.0,8.21
6658,39.57,3.49,47.91,0.0,11.17,0.3366,0.0,22.99
6659,40.82,4.49,51.48,0.0,7.84,0.2768,0.0,22.99
6660,41.74,6.11,53.96,41.32,0.0,0.2349,22.99,0.0
6661,42.31,1.49,52.12,34.29,0.0,0.4344,22.99,0.0
6662,42.5,6.64,44.98,32.12,0.0,0.6,22.99,0.0
6663,42.31,0.0,37.29,17.97,0.0,0.7551,22.99,0.0
6664,41.74,2.7,27.05,11.0,0.0,0.8419,22.99,0.0
6665,40.82,2.82,13.51,0.0,47.48,0.895,0.0,22.99
6666,39.57,2.6,0.0,0.0,13.99,0.641,22.99,0.0
6667,38.06,6.79,0.0,0.0,8.27,0.5662,22.99,0.0
6668,36.33,9.52,0.0,0.0,49.81,0.5219,0.0,22.99
6669,34.45,11.21,0.0,0.0,0.25,0.2554,22.99,0.0
6670,32.5,10.23,0.0,0.0,0.0,0.2541,22.27,0.0
6671,32.5,7.62,0.0,0.0,1.89,0.2541,22.99,0.0
6672,32.51,11.13,0.0,1.62,0.0,0.244,22.99,0.0
6673,32.51,10.23,0.0,0.72,0.0,0.2518,22.99,0.0
6674,32.51,12.53,0.0,3.02,0.0,0.2553,22.99,0.0
6675,32.51,11.51,0.0,1.99,0.0,0.2698,22.99,0.0
6676,32.51,8.42,0.0,0.0,1.09,0.2795,22.99,0.0
6677,32.51,4.64,0.0,0.0,4.87,0.2736,22.99,0.0
6678,32.51,4.59,0.0,0.0,4.92,0.2476,22.99,0.0
6679,34.46,4.09,14.25,6.88,0.0,0.2212,22.99,0.0
6680,36.33,4.07,26.39,0.0,28.87,0.2545,0.0,22.99
6681,38.06,5.29,35.45,25.67,0.0,0.1,22.99,0.0
6682,39.58,6.22,47.2,0.0,9.15,0.224,0.0,22.99
6683,40.82,3.42,53.18,0.0,7.21,0.175,0.0,22.99
6684,41.75,3.52,55.09,39.86,0.0,0.1364,22.99,0.0
6685,42.31,4.04,50.59,35.32,0.0,0.3289,22.99,0.0
6686,42.51,2.24,45.62,28.35,0.0,0.4994,22.99,0.0
6687,42.31,0.0,35.29,15.97,0.0,0.6363,22.99,0.0
6688,41.75,0.0,26.33,7.57,0.0,0.7134,22.99,0.0
6689,40.82,3.62,13.7,0.0,9.74,0.75,13.76,0.0
6690,39.58,8.24,0.0,0.0,50.0,0.6979,0.0,18.66
6691,38.06,5.27,0.0,0.0,9.8,0.4303,22.99,0.0
6692,36.33,7.55,0.0,0.0,5.79,0.3779,22.99,0.0
6693,34.46,10.5,0.0,0.0,0.96,0.3469,22.99,0.0
6694,32.51,11.19,0.0,1.68,0.0,0.3418,22.99,0.0
6695,32.51,6.34,0.0,0.0,3.17,0.3499,22.99,0.0
6696,32.51,9.52,0.0,0.0,0.0,0.3329,22.99,0.0
6697,32.51,9.52,0.0,0.0,0.0,0.3329,22.99,0.0
6698,32.51,5.91,0.0,0.0,3.61,0.3329,22.99,0.0
6699,32.51,6.38,0.0,0.0,3.13,0.3136,22.99,0.0
6700,32.51,12.23,0.0,2.72,0.0,0.2969,22.99,0.0
6701,32.51,7.12,0.0,0.0,2.39,0.31,22.99,0.0
6702,32.51,0.0,0.0,0.0,9.52,0.2972,22.99,0.0
6703,34.46,1.4,10.07,0.0,0.0,0.2462,22.99,0.0
6704,36.34,4.34,25.54,16.54,0.0,0.2462,22.99,0.0
6705,38.07,0.0,37.18,0.0,23.88,0.3261,0.0,22.99
6706,39.58,2.62,46.66,0.0,0.0,0.1983,0.0,9.71
6707,40.82,3.74,52.1,0.0,7.97,0.1983,0.0,22.99
6708,41.75,8.26,53.5,43.0,0.0,0.1557,22.99,0.0
6709,42.32,2.7,49.82,33.2,0.0,0.3633,22.99,0.0
6710,42.51,7.43,47.04,34.95,0.0,0.5236,22.99,0.0
6711,42.32,9.1,36.38,26.15,0.0,0.6924,22.99,0.0
6712,41.75,9.78,25.82,16.85,0.0,0.8187,22.99,0.0
6713,40.82,6.85,11.79,0.0,0.0,0.9,22.19,0.0
6714,39.58,0.41,0.0,0.0,16.18,0.9,22.99,0.0
6715,38.07,9.09,0.0,0.0,5.98,0.8134,22.99,0.0
6716,36.34,11.77,0.0,0.0,47.56,0.7814,0.0,22.99
6717,34.46,8.79,0.0,0.0,2.68,0.527,22.99,0.0
6718,32.51,15.21,0.0,5.69,0.0,0.5126,22.99,0.0
6719,32.51,12.67,0.0,3.15,0.0,0.5401,22.99,0.0
6720,32.51,11.89,0.0,2.37,0.0,0.5553,22.99,0.0
6721,32.51,13.46,0.0,3.93,0.0,0.5667,22.99,0.0
6722,32.51,10.7,0.0,1.18,0.0,0.5857,22.99,0.0
6723,32.51,0.0,0.0,0.0,9.52,0.5914,22.99,0.0
6724,32.51,6.82,0.0,0.0,2.7,0.5405,22.99,0.0
6725,32.51,11.53,0.0,0.0,0.0,0.526,20.99,0.0
6726,32.51,4.2,0.0,0.0,5.32,0.526,22.99,0.0
6727,34.47,5.26,13.47,7.26,0.0,0.4976,22.99,0.0
6728,36.34,1.82,24.89,0.0,32.62,0.5326,0.0,22.99
6729,38.07,10.3,38.1,0.0,12.66,0.3581,0.0,22.99
6730,39.59,9.45,45.96,0.0,7.17,0.2903,0.0,22.99
6731,40.83,0.83,49.16,0.0,13.83,0.252,0.0,22.99
6732,41.75,4.06,52.23,37.53,0.0,0.178,22.99,0.0
6733,42.32,1.49,50.06,0.0,13.77,0.3592,0.0,22.99
6734,42.51,6.0,43.7,30.18,0.0,0.2856,22.99,0.0
6735,42.32,6.18,37.98,24.83,0.0,0.4313,22.99,0.0
6736,41.75,7.82,25.18,14.25,0.0,0.5512,22.99,0.0
6737,40.83,7.05,13.89,0.0,0.0,0.62,19.89,0.0
6738,39.59,16.31,0.0,0.0,0.28,0.62,22.99,0.0
6739,38.07,4.33,0.0,0.0,10.75,0.6185,22.99,0.0
6740,36.34,2.9,0.0,0.0,50.0,0.561,0.0,16.56
6741,34.47,7.83,0.0,0.0,3.64,0.2935,22.99,0.0
6742,32.51,4.55,0.0,0.0,4.97,0.274,22.99,0.0
6743,32.51,5.11,0.0,0.0,4.41,0.2474,22.99,0.0
6744,32.52,6.87,0.0,0.0,2.66,0.2238,22.99,0.0
6745,32.52,7.01,0.0,0.0,13.65,0.2096,11.85,0.0
6746,32.52,6.59,0.0,0.0,2.94,0.1365,22.99,0.0
6747,32.52,10.84,0.0,1.31,0.0,0.1208,22.99,0.0
6748,32.52,6.85,0.0,0.0,2.67,0.1271,22.99,0.0
6749,32.52,7.13,0.0,0.0,2.4,0.1128,22.99,0.0
6750,32.52,9.53,0.0,0.0,0.0,0.1,22.99,0.0
6751,34.47,3.56,10.47,0.0,0.0,0.1,20.45,0.0
6752,36.35,0.0,16.08,2.73,0.0,0.1,22.99,0.0
6753,38.08,5.77,35.32,26.01,0.0,0.1132,22.99,0.0
6754,39.59,0.0,43.43,0.0,0.0,0.2388,0.0,3.84
6755,40.83,0.0,52.41,0.0,11.42,0.2388,0.0,22.99
6756,41.76,4.76,53.95,39.94,0.0,0.1777,22.99,0.0
6757,42.33,5.34,49.08,35.09,0.0,0.3706,22.99,0.0
6758,42.52,10.75,44.92,36.14,0.0,0.54,22.99,0.0
6759,42.33,5.1,36.89,22.65,0.0,0.7145,22.99,0.0
6760,41.76,7.91,26.62,15.76,0.0,0.8239,22.99,0.0
6761,40.83,5.4,13.94,0.0,44.48,0.9,0.0,22.99
6762,39.59,7.83,0.0,0.0,8.76,0.662,22.99,0.0
6763,38.08,13.1,0.0,0.0,1.98,0.6151,22.99,0.0
6764,36.35,1.62,0.0,0.0,11.73,0.6045,22.99,0.0
6765,34.47,10.5,0.0,0.0,0.98,0.5417,22.99,0.0
6766,32.52,16.58,0.0,7.06,0.0,0.5365,22.99,0.0
6767,32.52,10.91,0.0,1.38,0.0,0.5706,22.99,0.0
6768,32.53,15.5,0.0,5.97,0.0,0.5772,22.99,0.0
6769,32.53,8.02,0.0,0.0,1.51,0.6061,22.99,0.0
6770,32.53,9.62,0.0,0.0,0.0,0.598,22.9,0.0
6771,32.53,9.32,0.0,0.0,0.21,0.598,22.99,0.0
6772,32.53,1.37,0.0,0.0,8.16,0.5969,22.99,0.0
6773,32.53,3.99,0.0,0.0,5.55,0.5532,22.99,0.0
6774,32.53,3.38,0.0,0.0,42.76,0.5235,0.0,13.62
6775,34.48,8.75,11.42,8.68,0.0,0.2947,22.99,0.0
6776,36.35,8.13,26.04,0.0,25.17,0.3366,0.0,22.99
6777,38.08,5.69,36.33,0.0,19.05,0.2019,0.0,22.99
6778,39.6,6.79,44.94,35.13,0.0,0.1,22.99,0.0
6779,40.84,3.27,50.85,0.0,0.0,0.2697,0.0,13.28
6780,41.76,7.58,53.41,42.22,0.0,0.2697,22.99,0.0
6781,42.33,3.83,49.93,34.43,0.0,0.4735,22.99,0.0
6782,42.53,4.31,43.36,17.44,0.0,0.6398,12.29,0.0
6783,42.33,3.78,36.61,21.05,0.0,0.724,22.99,0.0
6784,41.76,7.52,26.64,15.4,0.0,0.8256,22.99,0.0
6785,40.84,4.73,12.7,0.0,46.4,0.9,0.0,22.99
6786,39.6,10.09,0.0,0.0,6.52,0.6517,22.99,0.0
6787,38.08,4.1,0.0,0.0,10.98,0.6169,22.99,0.0
6788,36.35,4.99,0.0,0.0,8.37,0.5581,22.99,0.0
6789,34.48,11.44,0.0,0.0,0.04,0.5133,22.99,0.0
6790,32.53,9.44,0.0,0.0,0.09,0.5131,22.99,0.0
6791,32.53,8.58,0.0,0.0,0.95,0.5126,22.99,0.0
6792,32.53,13.1,0.0,3.56,0.0,0.5075,22.99,0.0
6793,32.53,8.14,0.0,0.0,1.4,0.5247,22.99,0.0
6794,32.53,9.14,0.0,0.0,0.4,0.5172,22.99,0.0
6795,32.53,13.8,0.0,4.26,0.0,0.5151,22.99,0.0
6796,32.53,13.58,0.0,4.04,0.0,0.5357,22.99,0.0
6797,32.53,12.91,0.0,3.37,0.0,0.5552,22.99,0.0
6798,32.53,6.07,0.0,0.0,3.47,0.5714,22.99,0.0
6799,34.48,10.13,12.18,10.82,0.0,0.5529,22.99,0.0
6800,36.36,2.3,24.3,7.66,0.0,0.6051,17.42,0.0
6801,38.09,1.76,34.7,0.0,0.0,0.6421,1.62,0.0
6802,39.6,0.0,43.37,0.0,19.23,0.6421,0.0,22.99
6803,40.85,9.27,51.8,0.0,2.77,0.5392,0.0,22.99
6804,41.77,0.95,50.25,32.42,0.0,0.5244,22.99,0.0
6805,42.34,3.45,50.41,34.51,0.0,0.681,22.99,0.0
6806,42.53,1.24,45.9,0.0,18.39,0.8476,0.0,22.99
6807,42.34,6.94,34.5,22.1,0.0,0.7492,22.99,0.0
6808,41.77,4.15,23.75,9.13,0.0,0.8559,22.99,0.0
6809,40.85,1.92,11.59,0.0,4.34,0.9,22.99,0.0
6810,39.6,8.41,0.0,0.0,8.2,0.8768,22.99,0.0
6811,38.09,0.0,0.0,0.0,15.09,0.8329,22.99,0.0
6812,36.36,5.89,0.0,0.0,7.47,0.7521,22.99,0.0
6813,34.48,2.45,0.0,0.0,9.03,0.7122,22.99,0.0
6814,32.53,5.18,0.0,0.0,4.36,0.6638,22.99,0.0
6815,32.53,10.68,0.0,0.0,0.0,0.6405,21.85,0.0
6816,32.54,3.92,0.0,0.0,5.63,0.6405,22.99,0.0
6817,32.54,0.0,0.0,0.0,12.98,0.6104,19.56,0.0
6818,32.54,9.54,0.0,0.0,0.0,0.5409,22.99,0.0
6819,32.54,7.57,0.0,0.0,1.98,0.5409,22.99,0.0
6820,32.54,15.1,0.0,5.55,0.0,0.5303,22.99,0.0
6821,32.54,13.81,0.0,4.26,0.0,0.5571,22.99,0.0
6822,32.54,0.0,0.0,0.0,9.54,0.5777,22.99,0.0
6823,34.49,8.0,12.73,0.0,36.75,0.5267,0.0,22.99
6824,36.37,7.84,24.53,0.0,26.99,0.33,0.0,22.99
6825,38.09,2.82,35.53,23.25,0.0,0.1856,22.99,0.0
6826,39.61,0.0,43.53,0.0,0.0,0.2979,0.0,3.92
6827,40.85,3.87,49.14,0.0,0.0,0.2979,0.0,12.16
6828,41.78,3.24,51.04,35.5,0.0,0.2979,22.99,0.0
6829,42.35,2.5,49.22,32.37,0.0,0.4693,22.99,0.0
6830,42.54,5.67,45.07,31.19,0.0,0.6256,22.99,0.0
6831,42.35,2.32,35.84,18.81,0.0,0.7762,22.99,0.0
6832,41.78,1.69,23.92,6.83,0.0,0.867,22.99,0.0
6833,40.85,6.55,12.96,0.0,0.0,0.9,21.34,0.0
6834,39.61,8.29,0.0,0.0,8.33,0.9,22.99,0.0
6835,38.09,4.07,0.0,0.0,50.0,0.8554,0.0,15.97
6836,36.37,11.66,0.0,0.0,1.72,0.5879,22.99,0.0
6837,34.49,3.6,0.0,0.0,7.9,0.5787,22.99,0.0
6838,32.54,7.97,0.0,0.0,1.58,0.5365,22.99,0.0
6839,32.54,9.33,0.0,0.0,0.22,0.528,22.99,0.0
6840,32.55,8.27,0.0,0.0,32.63,0.5269,0.0,8.35
6841,32.55,8.39,0.0,0.0,47.15,0.3523,0.0,22.99
6842,32.55,15.95,0.0,6.39,0.0,0.1,22.99,0.0
6843,32.55,6.63,0.0,0.0,2.93,0.1309,22.99,0.0
6844,32.55,16.61,0.0,0.0,0.0,0.1152,15.94,0.0
6845,32.55,9.34,0.0,0.0,0.21,0.1152,22.99,0.0
6846,32.55,7.39,0.0,0.0,2.16,0.1141,22.99,0.0
6847,34.5,7.8,12.9,9.19,0.0,0.1025,22.99,0.0
6848,36.37,13.66,23.41,23.69,0.0,0.1469,22.99,0.0
6849,38.1,1.59,29.37,0.0,30.14,0.2613,0.0,22.99
6850,39.62,0.67,43.13,27.17,0.0,0.1,22.99,0.0
6851,40.86,1.53,49.71,0.0,12.62,0.2312,0.0,22.99
6852,41.79,3.96,51.3,36.47,0.0,0.1637,22.99,0.0
6853,42.35,0.0,49.87,30.51,0.0,0.3398,22.99,0.0
6854,42.55,4.36,43.47,28.28,0.0,0.4871,22.99,0.0
6855,42.35,10.28,36.34,27.26,0.0,0.6237,22.99,0.0
6856,41.79,5.96,24.32,11.5,0.0,0.7553,22.99,0.0
6857,40.86,5.31,11.62,0.0,46.93,0.8109,0.0,22.99
6858,39.62,5.09,0.0,0.0,11.53,0.5597,22.99,0.0
6859,38.1,10.84,0.0,0.0,4.27,0.498,22.99,0.0
6860,36.37,6.04,0.0,0.0,50.0,0.4752,0.0,19.66
6861,34.5,15.35,0.0,3.85,0.0,0.2077,22.99,0.0
6862,32.55,16.15,0.0,6.59,0.0,0.2262,22.99,0.0
6863,32.55,9.55,0.0,0.0,0.0,0.2581,22.99,0.0
6864,32.56,10.34,0.0,0.0,0.0,0.2581,22.21,0.0
6865,32.56,13.6,0.0,0.0,0.0,0.2581,18.95,0.0
6866,32.56,9.56,0.0,0.0,0.0,0.2581,22.99,0.0
6867,32.56,6.83,0.0,0.0,2.73,0.2581,22.99,0.0
6868,32.56,7.06,0.0,0.0,2.5,0.2434,22.99,0.0
6869,32.56,3.71,0.0,0.0,5.86,0.2301,22.99,0.0
6870,32.56,8.47,0.0,0.0,1.09,0.1987,22.99,0.0
6871,34.51,8.47,11.2,8.15,0.0,0.1929,22.99,0.0
6872,36.38,0.0,13.39,0.0,0.0,0.2323,22.99,0.0
6873,38.11,3.39,35.11,23.38,0.0,0.2323,22.99,0.0
6874,39.63,0.0,44.64,28.0,0.0,0.3452,22.99,0.0
6875,40.87,1.11,49.11,0.0,13.64,0.4804,0.0,22.99
6876,41.79,5.69,52.32,39.22,0.0,0.4074,22.99,0.0
6877,42.36,1.65,49.1,0.0,14.61,0.5968,0.0,22.99
6878,42.56,3.37,45.71,29.52,0.0,0.5186,22.99,0.0
6879,42.36,0.0,34.06,14.69,0.0,0.6612,22.99,0.0
6880,41.79,6.13,23.42,0.0,35.24,0.7321,0.0,22.99
6881,40.87,5.08,12.79,0.0,0.0,0.5436,22.99,0.0
6882,39.63,4.79,0.0,0.0,11.84,0.5436,22.99,0.0
6883,38.11,7.37,0.0,0.0,7.74,0.4802,22.99,0.0
6884,36.38,9.35,0.0,0.0,4.04,0.4388,22.99,0.0
6885,34.51,6.8,0.0,0.0,4.71,0.4171,22.99,0.0
6886,32.56,5.17,0.0,0.0,4.39,0.3919,22.99,0.0
6887,32.56,16.11,0.0,6.55,0.0,0.3684,22.99,0.0
6888,32.56,8.39,0.0,0.0,1.18,0.4001,22.99,0.0
6889,32.56,10.01,0.0,0.0,0.0,0.3937,22.55,0.0
6890,32.56,13.27,0.0,3.7,0.0,0.3937,22.99,0.0
6891,32.56,20.9,0.0,10.15,0.0,0.4116,21.81,0.0
6892,32.56,4.79,0.0,0.0,4.78,0.4606,22.99,0.0
6893,32.56,5.56,0.0,0.0,50.0,0.435,0.0,22.99
6894,32.56,4.91,0.0,0.0,4.66,0.1675,22.99,0.0
6895,34.52,4.62,10.17,0.0,0.0,0.1426,19.72,0.0
6896,36.39,3.25,23.46,0.0,0.0,0.1426,9.68,0.0
6897,38.12,1.27,33.84,0.0,0.0,0.1426,3.01,0.0
6898,39.64,4.27,43.8,31.42,0.0,0.1426,22.99,0.0
6899,40.88,0.0,50.23,0.0,13.64,0.2943,0.0,22.99
6900,41.8,7.03,49.71,37.93,0.0,0.2213,22.99,0.0
6901,42.37,4.25,48.65,33.53,0.0,0.4045,22.99,0.0
6902,42.56,5.77,42.34,28.54,0.0,0.5664,22.99,0.0
6903,42.37,3.41,36.24,20.26,0.0,0.7042,22.99,0.0
6904,41.8,4.4,23.74,9.33,0.0,0.802,22.99,0.0
6905,40.88,7.29,12.15,0.0,0.0,0.8471,21.44,0.0
6906,39.64,3.44,0.0,0.0,13.21,0.8471,22.99,0.0
6907,38.12,6.88,0.0,0.0,8.25,0.7764,22.99,0.0
6908,36.39,6.04,0.0,0.0,7.36,0.7323,22.99,0.0
6909,34.52,6.61,0.0,0.0,4.91,0.6929,22.99,0.0
6910,32.56,3.18,0.0,0.0,6.39,0.6666,22.99,0.0
6911,32.56,14.66,0.0,5.09,0.0,0.6324,22.99,0.0
6912,32.57,8.27,0.0,0.0,1.31,0.657,22.99,0.0
6913,32.57,14.14,0.0,4.56,0.0,0.65,22.99,0.0
6914,32.57,13.51,0.0,3.93,0.0,0.672,22.99,0.0
6915,32.57,5.38,0.0,0.0,4.2,0.691,22.99,0.0
6916,32.57,5.35,0.0,0.0,4.23,0.6685,22.99,0.0
6917,32.57,16.37,0.0,6.79,0.0,0.6459,22.99,0.0
6918,32.57,12.92,0.0,3.34,0.0,0.6787,22.99,0.0
6919,34.53,6.32,12.45,7.24,0.0,0.6948,22.99,0.0
6920,36.4,6.47,24.72,0.0,28.21,0.7298,0.0,22.99
6921,38.13,2.93,35.18,0.0,23.02,0.5788,0.0,22.99
6922,39.65,5.85,42.62,0.0,14.16,0.4557,0.0,22.99
6923,40.89,1.81,49.07,0.0,13.01,0.3799,0.0,22.99
6924,41.81,0.0,51.98,33.16,0.0,0.3103,22.99,0.0
6925,42.38,0.0,49.78,30.39,0.0,0.4704,22.99,0.0
6926,42.57,4.52,43.28,28.22,0.0,0.6172,22.99,0.0
6927,42.38,1.31,36.28,18.2,0.0,0.7534,22.99,0.0
6928,41.81,5.42,25.55,12.15,0.0,0.8413,22.99,0.0
6929,40.89,2.94,12.57,0.0,2.38,0.9,22.99,0.0
6930,39.65,4.72,0.0,0.0,11.93,0.8873,22.99,0.0
6931,38.13,10.85,0.0,0.0,4.28,0.8234,22.99,0.0
6932,36.4,9.67,0.0,0.0,49.72,0.8005,0.0,22.99
6933,34.53,9.51,0.0,0.0,2.02,0.5345,22.99,0.0
6934,32.57,12.9,0.0,0.0,34.2,0.5236,0.0,14.52
6935,32.57,11.93,0.0,2.35,0.0,0.3407,22.99,0.0
6936,32.59,15.22,0.0,5.63,0.0,0.352,22.99,0.0
6937,32.59,8.95,0.0,0.0,0.65,0.3792,22.99,0.0
6938,32.59,8.72,0.0,0.0,0.87,0.3758,22.99,0.0
6939,32.59,5.39,0.0,0.0,4.2,0.3711,22.99,0.0
6940,32.59,7.54,0.0,0.0,2.05,0.3486,22.99,0.0
6941,32.59,11.27,0.0,1.67,0.0,0.3376,22.99,0.0
6942,32.59,11.51,0.0,1.92,0.0,0.3457,22.99,0.0
6943,34.54,9.58,9.97,8.01,0.0,0.355,22.99,0.0
6944,36.41,0.0,22.69,0.0,36.72,0.3937,0.0,22.99
6945,38.14,8.53,35.81,0.0,16.8,0.1972,0.0,22.99
6946,39.66,0.0,42.74,0.0,0.0,0.1073,0.0,3.08
6947,40.9,7.09,47.7,36.88,0.0,0.1073,22.99,0.0
6948,41.82,2.88,50.76,34.81,0.0,0.2855,22.99,0.0
6949,42.39,6.46,49.52,36.57,0.0,0.4536,22.99,0.0
6950,42.59,0.2,42.02,22.62,0.0,0.6302,22.99,0.0
6951,42.39,8.81,36.94,26.35,0.0,0.7394,22.99,0.0
6952,41.82,0.95,24.78,6.9,0.0,0.8667,22.99,0.0
6953,40.9,4.31,9.98,0.0,49.6,0.9,0.0,22.99
6954,39.66,4.08,0.0,0.0,12.58,0.6346,22.99,0.0
6955,38.14,2.47,0.0,0.0,12.68,0.5673,22.99,0.0
6956,36.41,9.23,0.0,0.0,50.0,0.4995,0.0,22.82
6957,34.54,15.44,0.0,3.9,0.0,0.2319,22.99,0.0
6958,32.59,18.74,0.0,9.14,0.0,0.2507,22.99,0.0
6959,32.59,10.75,0.0,1.16,0.0,0.2949,22.99,0.0
6960,32.6,14.21,0.0,4.61,0.0,0.3005,22.99,0.0
6961,32.6,11.24,0.0,1.63,0.0,0.3227,22.99,0.0
6962,32.6,11.78,0.0,2.17,0.0,0.3306,22.99,0.0
6963,32.6,8.54,0.0,0.0,1.06,0.3411,22.99,0.0
6964,32.6,9.61,0.0,0.0,0.0,0.3354,22.99,0.0
6965,32.6,9.94,0.0,0.0,0.0,0.3354,22.66,0.0
6966,32.6,5.49,0.0,0.0,27.11,0.3354,0.0,0.0
6967,34.55,6.27,11.26,5.98,0.0,0.1904,22.99,0.0
6968,36.42,5.56,25.44,0.0,22.29,0.2193,0.0,16.87
6969,38.15,7.75,33.57,0.0,0.0,0.1,0.0,3.16
6970,39.67,1.11,41.68,26.12,0.0,0.1,22.99,0.0
6971,40.91,4.07,48.07,0.0,4.42,0.2261,0.0,15.65
6972,41.84,10.31,50.24,41.71,0.0,0.2025,22.99,0.0
6973,42.41,8.0,49.99,38.58,0.0,0.4038,22.99,0.0
6974,42.6,8.93,42.38,31.7,0.0,0.5901,22.99,0.0
6975,42.41,5.15,33.96,19.71,0.0,0.7432,22.99,0.0
6976,41.84,6.78,24.82,12.76,0.0,0.8384,22.99,0.0
6977,40.91,9.77,11.15,0.0,42.99,0.9,0.0,22.99
6978,39.67,12.41,0.0,0.0,50.0,0.67,0.0,22.74
6979,38.15,1.89,0.0,0.0,13.27,0.4025,22.99,0.0
6980,36.42,4.72,0.0,0.0,8.71,0.3315,22.99,0.0
6981,34.55,11.55,0.0,0.0,0.0,0.2849,22.99,0.0
6982,32.6,9.27,0.0,0.0,0.34,0.2849,22.99,0.0
6983,32.6,8.31,0.0,0.0,1.29,0.2831,22.99,0.0
6984,32.61,6.59,0.0,0.0,3.02,0.2762,22.99,0.0
6985,32.61,8.74,0.0,0.0,0.87,0.26,22.99,0.0
6986,32.61,5.68,0.0,0.0,3.93,0.2554,22.99,0.0
6987,32.61,16.47,0.0,6.85,0.0,0.2343,22.99,0.0
6988,32.61,8.96,0.0,0.0,0.65,0.2674,22.99,0.0
6989,32.61,8.07,0.0,0.0,1.55,0.2639,22.99,0.0
6990,32.61,9.32,0.0,0.0,0.3,0.2556,22.99,0.0
6991,34.56,9.69,13.07,11.19,0.0,0.254,22.99,0.0
6992,36.44,8.86,22.97,18.39,0.0,0.3081,22.99,0.0
6993,38.17,8.6,35.0,0.0,1.17,0.3969,0.0,6.61
6994,39.68,2.57,42.03,0.0,18.07,0.3906,0.0,22.99
6995,40.92,3.33,47.86,0.0,12.73,0.2939,0.0,22.99
6996,41.85,6.67,48.64,36.46,0.0,0.2258,22.99,0.0
6997,42.42,2.59,47.16,30.33,0.0,0.4019,22.99,0.0
6998,42.61,4.6,44.04,29.03,0.0,0.5483,22.99,0.0
6999,42.42,6.42,34.21,21.2,0.0,0.6885,22.99,0.0
7000,41.85,8.34,22.71,12.19,0.0,0.7909,22.99,0.0
7001,40.92,0.83,11.55,0.0,5.56,0.8498,22.99,0.0
7002,39.68,9.73,0.0,0.0,6.96,0.82,22.99,0.0
7003,38.17,7.5,0.0,0.0,50.0,0.7828,0.0,19.33
7004,36.44,11.32,0.0,0.0,48.11,0.5153,0.0,22.99
7005,34.56,12.22,0.0,0.65,0.0,0.2579,22.99,0.0
7006,32.61,15.42,0.0,5.8,0.0,0.261,22.99,0.0
7007,32.61,14.92,0.0,5.3,0.0,0.289,22.99,0.0
7008,32.62,15.06,0.0,5.43,0.0,0.3146,22.99,0.0
7009,32.62,15.26,0.0,5.63,0.0,0.3409,22.99,0.0
7010,32.62,11.21,0.0,1.58,0.0,0.3681,22.99,0.0
7011,32.62,9.86,0.0,0.0,0.0,0.3757,22.76,0.0
7012,32.62,11.91,0.0,2.28,0.0,0.3757,22.99,0.0
7013,32.62,10.67,0.0,1.05,0.0,0.3867,22.99,0.0
7014,32.62,6.47,0.0,0.0,3.16,0.3918,22.99,0.0
7015,34.57,7.94,10.04,0.0,0.0,0.3749,16.6,0.0
7016,36.45,5.74,24.97,0.0,28.74,0.3749,0.0,22.99
7017,38.18,2.42,36.12,0.0,22.63,0.2211,0.0,22.99
7018,39.69,8.84,43.14,0.0,0.0,0.1,0.0,12.28
7019,40.94,4.52,47.31,0.0,0.0,0.1,0.0,10.9
7020,41.86,10.86,51.66,43.66,0.0,0.1,22.99,0.0
7021,42.43,0.0,47.4,27.96,0.0,0.3108,22.99,0.0
7022,42.62,2.87,42.97,26.21,0.0,0.4458,22.99,0.0
7023,42.43,5.29,34.14,20.0,0.0,0.5724,22.99,0.0
7024,41.86,9.53,23.39,14.06,0.0,0.6689,22.99,0.0
7025,40.94,5.69,12.25,0.0,0.0,0.7368,22.99,0.0
7026,39.69,8.47,0.0,0.0,8.23,0.7368,22.99,0.0
7027,38.18,4.66,0.0,0.0,10.52,0.6928,22.99,0.0
7028,36.45,5.34,0.0,0.0,50.0,0.6365,0.0,18.89
7029,34.57,10.8,0.0,0.0,0.78,0.369,22.99,0.0
7030,32.62,5.86,0.0,0.0,3.77,0.3648,22.99,0.0
7031,32.62,8.87,0.0,0.0,0.76,0.3446,22.99,0.0
7032,32.64,12.38,0.0,2.73,0.0,0.3406,22.99,0.0
7033,32.64,7.47,0.0,0.0,2.17,0.3538,22.99,0.0
7034,32.64,15.52,0.0,5.87,0.0,0.3422,22.99,0.0
7035,32.64,13.77,0.0,4.13,0.0,0.3705,22.99,0.0
7036,32.64,4.06,0.0,0.0,5.59,0.3904,22.99,0.0
7037,32.64,5.34,0.0,0.0,17.76,0.3605,9.53,0.0
7038,32.64,0.13,0.0,0.0,9.51,0.2655,22.99,0.0
7039,34.59,4.15,10.62,0.0,0.0,0.2146,19.81,0.0
7040,36.46,8.38,5.09,0.0,0.0,0.2146,22.99,0.0
7041,38.19,0.0,15.2,0.0,0.0,0.2146,22.99,0.0
7042,39.71,6.21,42.19,0.0,14.3,0.2146,0.0,22.99
7043,40.95,0.0,46.63,28.67,0.0,0.1381,22.99,0.0
7044,41.87,6.87,49.31,37.29,0.0,0.2766,22.99,0.0
7045,42.44,2.6,47.63,30.78,0.0,0.4567,22.99,0.0
7046,42.64,4.76,43.83,0.0,17.04,0.6053,0.0,22.99
7047,42.44,4.93,34.95,20.43,0.0,0.5141,22.99,0.0
7048,41.87,1.79,22.91,5.82,0.0,0.6128,22.99,0.0
7049,40.95,2.95,11.48,0.0,3.52,0.6409,22.99,0.0
7050,39.71,10.65,0.0,0.0,6.06,0.622,22.99,0.0
7051,38.19,9.65,0.0,0.0,5.55,0.5896,22.99,0.0
7052,36.46,12.54,0.0,0.0,0.93,0.5599,22.99,0.0
7053,34.59,10.86,0.0,0.0,0.73,0.5549,22.99,0.0
7054,32.64,10.79,0.0,1.14,0.0,0.551,22.99,0.0
7055,32.64,5.06,0.0,0.0,4.58,0.5565,22.99,0.0
7056,32.65,9.93,0.0,0.0,0.0,0.532,22.72,0.0
7057,32.65,10.61,0.0,0.95,0.0,0.532,22.99,0.0
7058,32.65,16.69,0.0,7.04,0.0,0.5366,22.99,0.0
7059,32.65,12.08,0.0,2.43,0.0,0.5706,22.99,0.0
7060,32.65,14.16,0.0,4.5,0.0,0.5823,22.99,0.0
7061,32.65,10.34,0.0,0.69,0.0,0.6041,22.99,0.0
7062,32.65,5.27,0.0,0.0,4.38,0.6074,22.99,0.0
7063,34.6,0.0,11.84,0.24,0.0,0.584,22.99,0.0
7064,36.48,6.72,24.54,0.0,28.21,0.5851,0.0,22.99
7065,38.21,2.25,34.64,0.0,24.31,0.4342,0.0,22.99
7066,39.72,3.53,42.39,29.19,0.0,0.3041,22.99,0.0
7067,40.97,3.78,47.31,0.0,12.86,0.445,0.0,22.99
7068,41.89,9.53,50.89,41.53,0.0,0.3762,22.99,0.0
7069,42.46,0.0,47.34,27.88,0.0,0.5768,22.99,0.0
7070,42.65,8.67,42.49,31.5,0.0,0.7114,22.99,0.0
7071,42.46,2.26,17.21,0.0,0.0,0.8635,22.99,0.0
7072,41.89,1.52,24.93,7.56,0.0,0.8635,22.99,0.0
7073,40.97,10.55,11.34,0.0,42.07,0.9,0.0,22.99
7074,39.72,9.94,0.0,0.0,6.79,0.6749,22.99,0.0
7075,38.21,12.47,0.0,0.0,2.74,0.6386,22.99,0.0
7076,36.48,11.78,0.0,0.0,47.69,0.6239,0.0,22.99
7077,34.6,16.52,0.0,4.92,0.0,0.3688,22.99,0.0
7078,32.65,12.18,0.0,2.53,0.0,0.3925,22.99,0.0
7079,32.65,10.19,0.0,0.0,0.0,0.4047,22.46,0.0
7080,32.67,11.97,0.0,2.3,0.0,0.4047,22.99,0.0
7081,32.67,14.77,0.0,5.1,0.0,0.4158,22.99,0.0
7082,32.67,7.91,0.0,0.0,1.76,0.4405,22.99,0.0
7083,32.67,7.8,0.0,0.0,1.87,0.431,22.99,0.0
7084,32.67,8.24,0.0,0.0,1.43,0.421,22.99,0.0
7085,32.67,1.66,0.0,0.0,8.02,0.4134,22.99,0.0
7086,32.67,8.07,0.0,0.0,28.01,0.3705,0.0,3.41
7087,34.62,0.69,10.68,0.0,0.26,0.2207,22.99,0.0
7088,36.49,6.18,24.15,16.83,0.0,0.2193,22.99,0.0
7089,38.22,8.14,33.44,0.0,19.63,0.3006,0.0,22.99
7090,39.74,3.28,41.6,0.0,17.85,0.1955,0.0,22.99
7091,40.98,9.93,48.97,40.91,0.0,0.1,22.99,0.0
7092,41.9,0.0,50.31,23.99,0.0,0.2975,15.59,0.0
7093,42.47,8.36,46.8,35.67,0.0,0.4134,22.99,0.0
7094,42.67,7.01,42.95,30.29,0.0,0.5856,22.99,0.0
7095,42.47,0.0,34.68,15.2,0.0,0.7319,22.99,0.0
7096,41.9,14.78,23.75,19.62,0.0,0.8053,22.99,0.0
7097,40.98,6.58,7.39,0.0,50.0,0.9,0.0,22.99
7098,39.74,4.79,0.0,0.0,11.95,0.6325,22.99,0.0
7099,38.22,3.91,0.0,0.0,11.32,0.5685,22.99,0.0
7100,36.49,8.53,0.0,0.0,6.02,0.508,21.94,0.0
7101,34.62,9.5,0.0,0.0,2.12,0.4758,22.99,0.0
7102,32.67,9.67,0.0,0.0,0.0,0.4644,22.99,0.0
7103,32.67,9.79,0.0,0.0,0.0,0.4644,22.88,0.0
7104,32.68,9.69,0.0,0.0,0.0,0.4644,22.99,0.0
7105,32.68,9.55,0.0,0.0,0.14,0.4644,22.99,0.0
7106,32.68,0.0,0.0,0.0,9.69,0.4637,22.99,0.0
7107,32.68,9.48,0.0,0.0,0.2,0.4118,22.99,0.0
7108,32.68,1.64,0.0,0.0,8.05,0.4107,22.99,0.0
7109,32.68,9.66,0.0,0.0,0.03,0.3677,22.99,0.0
7110,32.68,4.51,0.0,0.0,50.0,0.3675,0.0,21.83
7111,34.63,7.37,11.48,7.21,0.0,0.1,22.99,0.0
7112,36.51,10.31,25.44,22.24,0.0,0.1348,22.99,0.0
7113,38.24,2.32,33.3,0.0,0.0,0.2422,2.62,0.0
7114,39.75,8.31,41.1,0.0,13.34,0.2422,0.0,22.99
7115,41.0,3.15,46.16,31.31,0.0,0.1708,22.99,0.0
7116,41.92,10.11,47.97,39.16,0.0,0.322,22.99,0.0
7117,42.49,3.37,49.01,32.88,0.0,0.5111,22.99,0.0
7118,42.68,2.16,43.05,14.96,0.0,0.6699,12.43,0.0
7119,42.49,7.61,35.14,23.26,0.0,0.7421,22.99,0.0
7120,41.92,4.65,23.71,9.43,0.0,0.8544,22.99,0.0
7121,41.0,4.12,9.8,0.0,5.21,0.9,21.87,0.0
7122,39.75,0.0,0.0,0.0,16.76,0.8721,22.99,0.0
7123,38.24,8.37,0.0,0.0,6.87,0.7824,22.99,0.0
7124,36.51,13.64,0.0,0.0,0.0,0.7457,22.87,0.0
7125,34.63,3.71,0.0,0.0,50.0,0.7457,0.0,19.08
7126,32.68,9.69,0.0,0.0,0.0,0.4782,22.99,0.0
7127,32.68,12.82,0.0,3.14,0.0,0.4782,22.99,0.0
7128,32.7,11.59,0.0,1.89,0.0,0.4933,22.99,0.0
7129,32.7,9.7,0.0,0.0,0.0,0.5024,22.99,0.0
7130,32.7,10.29,0.0,0.59,0.0,0.5024,22.99,0.0
7131,32.7,9.42,0.0,0.0,0.28,0.5052,22.99,0.0
7132,32.7,11.26,0.0,0.0,0.0,0.5037,21.43,0.0
7133,32.7,8.89,0.0,0.0,0.82,0.5037,22.99,0.0
7134,32.7,0.0,0.0,0.0,9.7,0.4994,22.99,0.0
7135,34.65,8.56,3.09,0.0,0.0,0.4474,22.99,0.0
7136,36.52,0.0,22.99,0.0,0.0,0.4474,13.53,0.0
7137,38.25,3.47,32.66,0.0,25.12,0.4474,0.0,22.99
7138,39.77,3.22,43.1,0.0,16.44,0.313,0.0,22.99
7139,41.01,8.98,47.82,38.78,0.0,0.2251,22.99,0.0
7140,41.94,0.0,48.66,29.72,0.0,0.4124,22.99,0.0
7141,42.51,5.88,48.46,34.83,0.0,0.5559,22.99,0.0
7142,42.7,0.0,42.01,22.31,0.0,0.7241,22.99,0.0
7143,42.51,0.01,33.63,14.12,0.0,0.8318,22.99,0.0
7144,41.94,7.11,23.63,0.0,0.0,0.9,11.19,0.0
7145,41.01,8.43,10.25,0.0,45.32,0.9,0.0,22.99
7146,39.77,9.64,0.0,0.0,7.14,0.6575,22.99,0.0
7147,38.25,0.0,0.0,0.0,15.26,0.6193,22.99,0.0
7148,36.52,13.77,0.0,0.0,45.75,0.5377,0.0,22.99
7149,34.65,7.63,0.0,0.0,4.02,0.2929,22.99,0.0
7150,32.7,12.75,0.0,3.05,0.0,0.2713,22.99,0.0
7151,32.7,13.25,0.0,3.55,0.0,0.286,22.99,0.0
7152,32.71,8.18,0.0,0.0,1.54,0.3032,22.99,0.0
7153,32.71,13.04,0.0,3.32,0.0,0.2949,22.99,0.0
7154,32.71,9.34,0.0,0.0,0.39,0.311,22.99,0.0
7155,32.71,3.37,0.0,0.0,6.35,0.3089,22.99,0.0
7156,32.71,13.18,0.0,3.45,0.0,0.2749,22.99,0.0
7157,32.71,6.11,0.0,0.0,3.61,0.2916,22.99,0.0
7158,32.71,5.02,0.0,0.0,4.7,0.2723,22.99,0.0
7159,34.67,5.64,12.44,6.41,0.0,0.2471,22.99,0.0
7160,36.54,7.04,24.45,0.0,28.04,0.278,0.0,22.99
7161,38.27,5.31,32.97,23.0,0.0,0.128,22.99,0.0
7162,39.79,6.75,42.07,0.0,13.96,0.2391,0.0,22.99
7163,41.03,0.32,46.68,0.0,0.0,0.1644,0.0,5.97
7164,41.95,2.14,47.9,31.09,0.0,0.1644,22.99,0.0
7165,42.52,4.28,48.12,32.87,0.0,0.3145,22.99,0.0
7166,42.71,11.12,40.7,0.0,0.0,0.4733,0.0,9.1
7167,42.52,5.13,35.58,21.18,0.0,0.4733,22.99,0.0
7168,41.95,9.67,24.7,15.41,0.0,0.5755,22.99,0.0
7169,41.03,7.07,9.76,0.0,1.21,0.65,22.99,0.0
7170,39.79,6.22,0.0,0.0,10.58,0.6435,22.99,0.0
7171,38.27,7.82,0.0,0.0,7.46,0.5869,22.99,0.0
7172,36.54,8.85,0.0,0.0,4.69,0.547,22.99,0.0
7173,34.67,11.67,0.0,0.0,0.0,0.5219,22.99,0.0
7174,32.71,15.03,0.0,5.31,0.0,0.5219,22.99,0.0
7175,32.71,9.72,0.0,0.0,0.0,0.5475,22.99,0.0
7176,32.73,14.91,0.0,0.0,0.0,0.5475,17.83,0.0
7177,32.73,7.84,0.0,0.0,1.9,0.5475,22.99,0.0
7178,32.73,9.29,0.0,0.0,0.45,0.5373,22.99,0.0
7179,32.73,7.78,0.0,0.0,1.96,0.5349,22.99,0.0
7180,32.73,10.47,0.0,0.0,45.26,0.5244,0.0,22.99
7181,32.73,7.51,0.0,0.0,2.23,0.2823,22.99,0.0
7182,32.73,10.19,0.0,0.0,0.0,0.2703,22.54,0.0
7183,34.68,3.98,11.94,4.23,0.0,0.2703,22.99,0.0
7184,36.56,3.22,22.33,11.99,0.0,0.2908,22.99,0.0
7185,38.29,7.77,32.77,0.0,20.74,0.3487,0.0,22.99
7186,39.8,0.0,41.18,0.0,21.61,0.2377,0.0,22.99
7187,41.05,11.57,48.35,0.0,4.12,0.1221,0.0,22.99
7188,41.97,3.68,48.59,33.3,0.0,0.1,22.99,0.0
7189,42.54,0.0,46.15,26.61,0.0,0.2608,22.99,0.0
7190,42.73,5.54,40.61,26.41,0.0,0.3893,22.99,0.0
7191,42.54,5.65,32.47,18.57,0.0,0.5168,22.99,0.0
7192,41.97,5.95,22.6,9.57,0.0,0.6065,22.99,0.0
7193,41.05,10.2,10.9,3.05,0.0,0.6527,22.99,0.0
7194,39.8,10.25,0.0,0.0,6.56,0.6675,22.99,0.0
7195,38.29,9.63,0.0,0.0,50.0,0.6324,0.0,21.34
7196,36.56,10.9,0.0,0.0,2.66,0.3648,22.99,0.0
7197,34.68,9.78,0.0,0.0,1.91,0.3506,22.99,0.0
7198,32.73,16.38,0.0,6.64,0.0,0.3404,22.99,0.0
7199,32.73,6.17,0.0,0.0,3.57,0.3724,22.99,0.0
7200,32.75,11.57,0.0,1.81,0.0,0.3533,22.99,0.0
7201,32.75,11.22,0.0,1.46,0.0,0.3621,22.99,0.0
7202,32.75,13.31,0.0,3.56,0.0,0.3691,22.99,0.0
7203,32.75,7.44,0.0,0.0,2.32,0.3863,22.99,0.0
7204,32.75,3.86,0.0,0.0,5.9,0.3739,22.99,0.0
7205,32.75,9.23,0.0,0.0,0.53,0.3424,22.99,0.0
7206,32.75,8.79,0.0,0.0,0.97,0.3395,22.99,0.0
7207,34.7,11.86,10.97,11.13,0.0,0.3344,22.99,0.0
7208,36.58,2.16,16.78,5.35,0.0,0.3881,22.99,0.0
7209,38.31,9.33,34.51,0.0,17.46,0.4139,0.0,22.99
7210,39.82,0.0,39.82,0.0,0.0,0.3205,0.0,0.0
7211,41.07,3.54,47.32,0.0,0.0,0.3205,0.0,9.79
7212,41.99,0.47,50.05,31.52,0.0,0.3205,22.99,0.0
7213,42.56,3.44,45.64,29.52,0.0,0.4727,22.99,0.0
7214,42.75,5.13,42.3,27.67,0.0,0.6153,22.99,0.0
7215,42.56,7.42,34.43,22.28,0.0,0.7489,22.99,0.0
7216,41.99,4.35,23.66,9.01,0.0,0.8565,22.99,0.0
7217,41.07,12.08,11.27,0.0,40.72,0.9,0.0,22.99
7218,39.82,4.28,0.0,0.0,12.55,0.6821,22.99,0.0
7219,38.31,3.09,0.0,0.0,12.22,0.615,22.99,0.0
7220,36.58,13.08,0.0,0.0,0.5,0.5496,22.99,0.0
7221,34.7,2.81,0.0,0.0,8.9,0.5469,22.99,0.0
7222,32.75,10.02,0.0,0.0,0.0,0.4993,22.73,0.0
7223,32.75,21.09,0.0,11.33,0.0,0.4993,22.99,0.0
7224,32.77,11.13,0.0,1.35,0.0,0.554,22.99,0.0
7225,32.77,7.43,0.0,0.0,2.35,0.5605,22.99,0.0
7226,32.77,10.55,0.0,0.77,0.0,0.548,22.99,0.0
7227,32.77,10.05,0.0,0.0,0.0,0.5517,22.72,0.0
7228,32.77,10.07,0.0,0.0,0.0,0.5517,22.7,0.0
7229,32.77,10.91,0.0,0.0,42.86,0.5517,0.0,21.0
7230,32.77,4.57,0.0,0.0,5.21,0.3224,22.99,0.0
7231,34.72,12.55,12.47,13.3,0.0,0.2946,22.99,0.0
7232,36.6,7.11,22.79,0.0,29.69,0.3588,0.0,22.99
7233,38.33,8.0,34.65,0.0,18.68,0.1999,0.0,22.99
7234,39.84,3.1,41.72,27.97,0.0,0.1,22.99,0.0
7235,41.08,8.97,47.14,0.0,7.97,0.2351,0.0,22.99
7236,42.01,3.87,49.31,34.16,0.0,0.1924,22.99,0.0
7237,42.58,5.7,46.98,33.11,0.0,0.3574,22.99,0.0
7238,42.77,0.0,40.59,20.81,0.0,0.5172,22.99,0.0
7239,42.58,2.42,34.64,17.48,0.0,0.6177,22.99,0.0
7240,42.01,8.54,23.43,12.95,0.0,0.7021,22.99,0.0
7241,41.08,5.66,10.73,0.0,1.7,0.7647,22.99,0.0
7242,39.84,5.17,0.0,0.0,11.68,0.7556,22.99,0.0
7243,38.33,6.69,0.0,0.0,8.64,0.6931,22.99,0.0
7244,36.6,11.81,0.0,0.0,1.79,0.6468,22.99,0.0
7245,34.72,8.18,0.0,0.0,3.54,0.6372,22.99,0.0
7246,32.77,10.35,0.0,0.58,0.0,0.6183,22.99,0.0
7247,32.77,9.78,0.0,0.0,0.0,0.6211,22.99,0.0
7248,32.79,5.01,0.0,0.0,50.0,0.6211,0.0,22.22
7249,32.79,6.35,0.0,0.0,3.45,0.3535,22.99,0.0
7250,32.79,11.87,0.0,2.07,0.0,0.3351,22.99,0.0
7251,32.79,7.88,0.0,0.0,1.91,0.3451,22.99,0.0
7252,32.79,13.02,0.0,0.0,0.0,0.3349,19.77,0.0
7253,32.79,11.95,0.0,2.15,0.0,0.3349,22.99,0.0
7254,32.79,10.31,0.0,0.51,0.0,0.3453,22.99,0.0
7255,34.74,13.03,11.12,12.4,0.0,0.3477,22.99,0.0
7256,36.62,6.09,22.13,0.0,0.0,0.4076,8.39,0.0
7257,38.35,7.79,33.16,0.0,20.38,0.4076,0.0,22.99
7258,39.86,3.29,41.96,0.0,17.61,0.2986,0.0,22.99
7259,41.1,12.79,44.9,0.0,0.0,0.2044,0.0,16.58
7260,42.03,11.16,46.83,38.96,0.0,0.2044,22.99,0.0
7261,42.6,4.9,44.71,30.01,0.0,0.3925,22.99,0.0
7262,42.79,6.43,40.89,27.52,0.0,0.5374,22.99,0.0
7263,42.6,10.09,33.51,24.0,0.0,0.6703,22.99,0.0
7264,42.03,5.89,21.87,8.72,0.0,0.7861,22.99,0.0
7265,41.1,5.02,10.35,0.0,2.74,0.8283,22.99,0.0
7266,39.86,3.32,0.0,0.0,13.55,0.8136,22.99,0.0
7267,38.35,9.07,0.0,0.0,6.28,0.7411,22.99,0.0
7268,36.62,0.0,0.0,0.0,13.62,0.7075,22.99,0.0
7269,34.74,7.57,0.0,0.0,4.18,0.6346,22.99,0.0
7270,32.79,5.23,0.0,0.0,4.57,0.6122,22.99,0.0
7271,32.79,11.87,0.0,2.07,0.0,0.5878,22.99,0.0
7272,32.81,9.82,0.0,0.0,0.0,0.5978,22.99,0.0
7273,32.81,10.42,0.0,0.0,0.0,0.5978,22.39,0.0
7274,32.81,15.48,0.0,5.66,0.0,0.5978,22.99,0.0
7275,32.81,8.04,0.0,0.0,1.78,0.6251,22.99,0.0
7276,32.81,6.24,0.0,0.0,3.58,0.6156,22.99,0.0
7277,32.81,8.65,0.0,0.0,1.17,0.5965,22.99,0.0
7278,32.81,7.76,0.0,0.0,2.05,0.5902,22.99,0.0
7279,34.76,0.18,11.58,0.0,0.0,0.5793,22.99,0.0
7280,36.64,3.91,22.44,0.0,33.28,0.5793,0.0,22.99
7281,38.37,10.17,33.47,28.26,0.0,0.4012,22.99,0.0
7282,39.88,11.59,40.16,0.0,11.13,0.5377,0.0,22.99
7283,41.12,4.78,45.48,0.0,13.86,0.4781,0.0,22.99
7284,42.05,0.0,47.29,28.23,0.0,0.404,22.99,0.0
7285,42.62,1.49,47.15,29.01,0.0,0.5403,22.99,0.0
7286,42.81,8.71,40.32,0.0,0.0,0.6804,0.0,6.22
7287,42.62,9.13,32.71,22.22,0.0,0.6804,22.99,0.0
7288,42.05,9.21,23.24,13.39,0.0,0.7877,22.99,0.0
7289,41.12,6.53,11.6,0.0,0.0,0.8523,22.99,0.0
7290,39.88,0.0,0.0,0.0,16.89,0.8523,22.99,0.0
7291,38.37,6.79,0.0,0.0,8.58,0.762,22.99,0.0
7292,36.64,7.62,0.0,0.0,6.02,0.7161,22.99,0.0
7293,34.76,7.15,0.0,0.0,4.61,0.6839,22.99,0.0
7294,32.81,11.23,0.0,1.41,0.0,0.6592,22.99,0.0
7295,32.81,9.8,0.0,0.0,0.02,0.666,22.99,0.0
7296,32.83,8.65,0.0,0.0,1.19,0.6659,22.99,0.0
7297,32.83,7.78,0.0,0.0,25.05,0.6595,0.0,0.0
7298,32.83,8.57,0.0,0.0,1.27,0.5255,22.99,0.0
7299,32.83,13.99,0.0,4.16,0.0,0.5187,22.99,0.0
7300,32.83,7.56,0.0,0.0,2.28,0.5387,22.99,0.0
7301,32.83,7.25,0.0,0.0,2.59,0.5265,22.99,0.0
7302,32.83,6.6,0.0,0.0,3.24,0.5127,22.99,0.0
7303,34.78,8.34,3.45,0.0,0.0,0.4954,22.99,0.0
7304,36.66,7.94,5.73,0.0,0.0,0.4954,22.99,0.0
7305,38.39,0.0,33.61,0.0,27.77,0.4954,0.0,22.99
7306,39.9,8.58,41.45,0.0,0.0,0.3468,0.0,10.13
7307,41.15,9.6,47.6,39.05,0.0,0.3468,22.99,0.0
7308,42.07,0.0,48.65,29.57,0.0,0.5353,22.99,0.0
7309,42.64,1.81,45.89,28.05,0.0,0.6781,22.99,0.0
7310,42.83,3.82,16.02,0.0,0.0,0.8136,22.99,0.0
7311,42.64,3.35,34.19,17.89,0.0,0.8136,22.99,0.0
7312,42.07,7.19,11.89,0.0,0.0,0.9,22.99,0.0
7313,41.15,0.95,11.71,0.0,5.5,0.9,22.99,0.0
7314,39.9,0.0,0.0,0.0,16.91,0.8706,22.99,0.0
7315,38.39,13.89,0.0,0.0,47.49,0.7801,0.0,22.99
7316,36.66,6.69,0.0,0.0,6.97,0.526,22.99,0.0
7317,34.78,14.39,0.0,2.6,0.0,0.4887,22.99,0.0
7318,32.83,9.84,0.0,0.0,0.0,0.5013,22.99,0.0
7319,32.83,5.35,0.0,0.0,4.49,0.5013,22.99,0.0
7320,32.85,13.34,0.0,0.0,42.51,0.4773,0.0,22.99
7321,32.85,10.87,0.0,1.01,0.0,0.2498,22.99,0.0
7322,32.85,9.45,0.0,0.0,0.4,0.2547,22.99,0.0
7323,32.85,11.21,0.0,1.35,0.0,0.2526,22.99,0.0
7324,32.85,9.86,0.0,0.0,0.0,0.2591,22.99,0.0
7325,32.85,11.25,0.0,1.39,0.0,0.2591,22.99,0.0
7326,32.85,11.94,0.0,2.08,0.0,0.2658,22.99,0.0
7327,34.8,8.61,11.1,7.89,0.0,0.2758,22.99,0.0
7328,36.68,2.06,11.63,0.0,0.0,0.314,22.99,0.0
7329,38.41,4.31,34.08,0.0,23.02,0.314,0.0,22.99
7330,39.92,14.85,42.3,0.0,5.77,0.1908,0.0,22.99
7331,41.17,7.35,45.62,0.0,11.2,0.1599,0.0,22.99
7332,42.09,12.56,46.81,40.27,0.0,0.1,22.99,0.0
7333,42.66,9.52,44.62,34.47,0.0,0.2944,22.99,0.0
7334,42.85,0.0,39.79,19.93,0.0,0.4609,22.99,0.0
7335,42.66,6.81,31.69,18.84,0.0,0.5571,22.99,0.0
7336,42.09,6.39,23.73,11.02,0.0,0.6481,22.99,0.0
7337,41.17,1.67,9.85,0.0,6.65,0.7013,22.99,0.0
7338,39.92,8.19,0.0,0.0,8.75,0.6657,22.99,0.0
7339,38.41,12.88,0.0,0.0,2.53,0.6189,22.99,0.0
7340,36.68,0.0,0.0,0.0,13.69,0.6053,22.99,0.0
7341,34.8,11.75,0.0,0.0,0.06,0.5321,22.99,0.0
7342,32.85,13.68,0.0,3.82,0.0,0.5318,22.99,0.0
7343,32.85,8.31,0.0,0.0,1.55,0.5502,22.99,0.0
7344,32.88,9.88,0.0,0.0,0.0,0.5419,22.99,0.0
7345,32.88,8.01,0.0,0.0,1.88,0.5419,22.99,0.0
7346,32.88,8.32,0.0,0.0,1.57,0.5319,22.99,0.0
7347,32.88,0.0,0.0,0.0,9.88,0.5235,22.99,0.0
7348,32.88,6.88,0.0,0.0,3.0,0.4707,22.99,0.0
7349,32.88,13.6,0.0,3.72,0.0,0.4546,22.99,0.0
7350,32.88,5.21,0.0,0.0,4.67,0.4726,22.99,0.0
7351,34.83,7.75,11.73,7.64,0.0,0.4476,22.99,0.0
7352,36.7,4.93,8.78,0.0,0.0,0.4845,22.99,0.0
7353,38.43,9.7,34.53,0.0,17.2,0.4845,0.0,22.99
7354,39.95,9.61,39.15,0.0,14.18,0.3925,0.0,22.99
7355,41.19,0.0,46.01,27.81,0.0,0.3166,22.99,0.0
7356,42.11,5.93,48.03,34.84,0.0,0.4509,22.99,0.0
7357,42.68,0.0,45.62,25.93,0.0,0.6192,22.99,0.0
7358,42.88,1.52,41.84,23.47,0.0,0.7444,22.99,0.0
7359,42.68,12.17,31.31,2.95,0.0,0.8578,2.16,0.0
7360,42.11,4.1,20.82,5.8,0.0,0.872,22.99,0.0
7361,41.19,6.95,11.24,0.0,0.0,0.9,22.99,0.0
7362,39.95,11.6,0.0,0.0,5.35,0.9,22.99,0.0
7363,38.43,7.22,0.0,0.0,8.22,0.8714,22.99,0.0
7364,36.7,13.15,0.0,0.0,46.55,0.8274,0.0,22.99
7365,34.83,12.93,0.0,1.1,0.0,0.5783,22.99,0.0
7366,32.88,16.56,0.0,0.0,39.3,0.5836,0.0,22.99
7367,32.88,9.78,0.0,0.0,0.1,0.3733,22.99,0.0
7368,32.9,7.3,0.0,0.0,2.61,0.3728,22.99,0.0
7369,32.9,9.71,0.0,0.0,0.19,0.3588,22.99,0.0
7370,32.9,11.7,0.0,1.79,0.0,0.3578,22.99,0.0
7371,32.9,10.7,0.0,0.79,0.0,0.3665,22.99,0.0
7372,32.9,8.57,0.0,0.0,1.34,0.3703,22.99,0.0
7373,32.9,2.88,0.0,0.0,7.02,0.3631,22.99,0.0
7374,32.9,9.74,0.0,0.0,0.16,0.3256,22.99,0.0
7375,34.85,13.76,9.09,0.0,18.32,0.3247,0.0,6.33
7376,36.73,8.11,21.1,15.47,0.0,0.2267,22.99,0.0
7377,38.45,7.9,31.32,0.0,22.22,0.3014,0.0,22.99
7378,39.97,7.27,40.28,0.0,15.42,0.1825,0.0,22.99
7379,41.21,6.38,46.5,34.66,0.0,0.1,22.99,0.0
7380,42.14,8.0,47.29,36.15,0.0,0.2674,22.99,0.0
7381,42.71,6.38,44.24,30.9,0.0,0.4419,22.99,0.0
7382,42.9,4.41,39.17,23.68,0.0,0.5911,22.99,0.0
7383,42.71,3.36,31.0,14.65,0.0,0.7055,22.99,0.0
7384,42.14,5.8,22.59,9.24,0.0,0.7762,22.99,0.0
7385,41.21,8.4,9.82,0.0,0.0,0.8208,22.99,0.0
7386,39.97,7.2,0.0,0.0,9.78,0.8208,22.99,0.0
7387,38.45,10.08,0.0,0.0,5.38,0.7685,22.99,0.0
7388,36.73,11.26,0.0,0.0,2.47,0.7397,22.99,0.0
7389,34.85,13.2,0.0,0.0,44.64,0.7265,0.0,22.99
7390,32.9,15.17,0.0,5.27,0.0,0.4876,22.99,0.0
7391,32.9,11.6,0.0,1.69,0.0,0.5131,22.99,0.0
7392,32.92,7.27,0.0,0.0,2.66,0.5212,22.99,0.0
7393,32.92,9.93,0.0,0.0,0.0,0.507,22.99,0.0
7394,32.92,11.21,0.0,1.28,0.0,0.507,22.99,0.0
7395,32.92,4.62,0.0,0.0,5.31,0.5132,22.99,0.0
7396,32.92,14.38,0.0,4.45,0.0,0.4848,22.99,0.0
7397,32.92,9.57,0.0,0.0,0.36,0.5063,22.99,0.0
7398,32.92,9.5,0.0,0.0,0.43,0.5044,22.99,0.0
7399,34.87,11.85,11.54,11.51,0.0,0.5021,22.99,0.0
7400,36.75,4.61,20.72,0.0,34.41,0.5577,0.0,22.99
7401,38.48,7.84,33.14,25.5,0.0,0.3736,22.99,0.0
7402,39.99,5.11,38.95,0.0,18.93,0.4967,0.0,22.99
7403,41.24,4.55,44.4,0.0,15.28,0.3954,0.0,22.99
7404,42.16,2.54,47.06,30.42,0.0,0.3136,22.99,0.0
7405,42.73,10.53,45.7,36.49,0.0,0.4606,22.99,0.0
7406,42.92,4.25,39.83,24.16,0.0,0.6368,22.99,0.0
7407,42.73,8.24,33.5,22.01,0.0,0.7534,22.99,0.0
7408,42.16,0.59,22.62,4.03,0.0,0.8597,22.99,0.0
7409,41.24,11.25,10.39,3.39,0.0,0.8792,22.99,0.0
7410,39.99,11.67,0.0,0.0,5.33,0.8956,22.99,0.0
7411,38.48,9.42,0.0,0.0,50.0,0.8671,0.0,20.94
7412,36.75,9.15,0.0,0.0,4.6,0.5995,22.99,0.0
7413,34.87,11.85,0.0,0.0,0.03,0.5749,22.99,0.0
7414,32.92,18.47,0.0,8.54,0.0,0.5747,22.99,0.0
7415,32.92,5.69,0.0,0.0,4.24,0.616,22.99,0.0
7416,32.95,14.08,0.0,4.13,0.0,0.5933,22.99,0.0
7417,32.95,8.49,0.0,0.0,1.46,0.6132,22.99,0.0
7418,32.95,11.05,0.0,1.1,0.0,0.6054,22.99,0.0
7419,32.95,9.8,0.0,0.0,0.15,0.6107,22.99,0.0
7420,32.95,8.55,0.0,0.0,1.41,0.6099,22.99,0.0
7421,32.95,9.12,0.0,0.0,0.84,0.6024,22.99,0.0
7422,32.95,4.65,0.0,0.0,32.65,0.5979,0.0,4.35
7423,34.9,10.81,9.82,0.0,0.0,0.4232,14.27,0.0
7424,36.77,0.89,23.98,11.09,0.0,0.4232,22.99,0.0
7425,38.5,7.77,33.21,0.0,20.52,0.4768,0.0,22.99
7426,40.02,4.46,41.79,0.0,16.76,0.367,0.0,22.99
7427,41.26,1.4,46.04,29.18,0.0,0.2773,22.99,0.0
7428,42.19,5.73,46.12,32.67,0.0,0.4182,22.99,0.0
7429,42.75,0.15,45.14,25.54,0.0,0.576,22.99,0.0
7430,42.95,5.64,41.01,26.69,0.0,0.6993,22.99,0.0
7431,42.75,1.42,33.21,14.88,0.0,0.8282,22.99,0.0
7432,42.19,8.19,23.74,0.0,0.0,0.9,10.26,0.0
7433,41.26,4.49,10.18,0.0,49.59,0.9,0.0,22.99
7434,40.02,6.86,0.0,0.0,10.17,0.6347,22.99,0.0
7435,38.5,10.1,0.0,0.0,5.41,0.5803,22.99,0.0
7436,36.77,7.43,0.0,0.0,50.0,0.5513,0.0,20.66
7437,34.9,10.41,0.0,0.0,1.49,0.2838,22.99,0.0
7438,32.95,6.22,0.0,0.0,3.73,0.2758,22.99,0.0
7439,32.95,13.48,0.0,3.53,0.0,0.2559,22.99,0.0
7440,32.97,17.3,0.0,7.33,0.0,0.2729,22.99,0.0
7441,32.97,20.52,0.0,0.0,12.46,0.3083,0.0,0.0
7442,32.97,11.46,0.0,1.48,0.0,0.2416,22.99,0.0
7443,32.97,13.2,0.0,3.22,0.0,0.2488,22.99,0.0
7444,32.97,4.22,0.0,0.0,5.76,0.2643,22.99,0.0
7445,32.97,14.06,0.0,4.08,0.0,0.2335,22.99,0.0
7446,32.97,10.87,0.0,0.0,0.0,0.2532,22.1,0.0
7447,34.92,5.96,10.92,0.0,0.0,0.2532,18.04,0.0
7448,36.8,10.74,23.87,20.81,0.0,0.2532,22.99,0.0
7449,38.53,5.25,33.99,0.0,22.28,0.3537,0.0,22.99
7450,40.04,4.08,38.3,25.33,0.0,0.2344,22.99,0.0
7451,41.29,6.77,44.86,0.0,12.65,0.3568,0.0,22.99
7452,42.21,1.69,44.89,27.36,0.0,0.2891,22.99,0.0
7453,42.78,8.54,45.07,33.82,0.0,0.4212,22.99,0.0
7454,42.97,2.14,40.64,22.8,0.0,0.5845,22.99,0.0
7455,42.78,2.68,33.09,15.98,0.0,0.6946,22.99,0.0
7456,42.21,3.8,22.23,6.82,0.0,0.7718,22.99,0.0
7457,41.29,8.57,9.72,0.0,0.0,0.8047,22.99,0.0
7458,40.04,6.36,0.0,0.0,10.68,0.8047,22.99,0.0
7459,38.53,4.84,0.0,0.0,10.7,0.7475,22.99,0.0
7460,36.8,8.02,0.0,0.0,5.79,0.6903,22.99,0.0
7461,34.92,10.54,0.0,0.0,27.87,0.6593,0.0,3.49
7462,32.97,7.34,0.0,0.0,2.64,0.5102,22.99,0.0
7463,32.97,7.76,0.0,0.0,2.22,0.4961,22.99,0.0
7464,33.0,18.47,0.0,8.47,0.0,0.4843,22.99,0.0
7465,33.0,8.75,0.0,0.0,1.26,0.5251,22.99,0.0
7466,33.0,10.16,0.0,0.0,0.0,0.5184,22.84,0.0
7467,33.0,9.5,0.0,0.0,0.5,0.5184,22.99,0.0
7468,33.0,8.66,0.0,0.0,1.34,0.5157,22.99,0.0
7469,33.0,11.25,0.0,1.25,0.0,0.5085,22.99,0.0
7470,33.0,11.47,0.0,1.47,0.0,0.5146,22.99,0.0
7471,34.95,6.58,10.99,5.61,0.0,0.5217,22.99,0.0
7472,36.82,2.79,23.34,0.0,33.69,0.5488,0.0,22.99
7473,38.55,10.24,32.24,26.92,0.0,0.3685,22.99,0.0
7474,40.07,5.29,37.98,0.0,19.78,0.4985,0.0,22.99
7475,41.31,10.88,42.87,0.0,10.56,0.3927,0.0,22.99
7476,42.24,0.0,47.44,28.2,0.0,0.3362,22.99,0.0
7477,42.8,5.91,43.72,29.82,0.0,0.4723,22.99,0.0
7478,43.0,11.81,40.76,32.57,0.0,0.6163,22.99,0.0
7479,42.8,4.97,30.46,15.62,0.0,0.7736,22.99,0.0
7480,42.24,6.06,22.49,9.31,0.0,0.849,22.99,0.0
7481,41.31,8.52,11.04,1.24,0.0,0.894,22.99,0.0
7482,40.07,6.6,0.0,0.0,10.48,0.9,22.99,0.0
7483,38.55,8.23,0.0,0.0,7.33,0.8439,22.99,0.0
7484,36.82,8.93,0.0,0.0,4.9,0.8047,22.99,0.0
7485,34.95,8.66,0.0,0.0,32.24,0.7785,0.0,5.95
7486,33.0,15.18,0.0,5.18,0.0,0.606,22.99,0.0
7487,33.0,13.02,0.0,3.02,0.0,0.631,22.99,0.0
7488,33.02,12.49,0.0,2.47,0.0,0.6456,22.99,0.0
7489,33.02,14.19,0.0,4.16,0.0,0.6575,22.99,0.0
7490,33.02,10.39,0.0,0.0,0.0,0.6776,22.63,0.0
7491,33.02,8.23,0.0,0.0,1.8,0.6776,22.99,0.0
7492,33.02,8.12,0.0,0.0,1.91,0.668,22.99,0.0
7493,33.02,9.29,0.0,0.0,0.74,0.6578,22.99,0.0
7494,33.02,5.02,0.0,0.0,5.01,0.6538,22.99,0.0
7495,34.97,5.99,11.04,5.06,0.0,0.627,22.99,0.0
7496,36.85,5.16,21.65,0.0,33.03,0.6514,0.0,22.99
7497,38.58,13.03,32.35,0.0,16.19,0.4747,0.0,22.99
7498,40.09,0.0,38.79,0.0,24.3,0.3881,0.0,22.99
7499,41.34,4.74,44.25,30.65,0.0,0.2581,22.99,0.0
7500,42.26,10.8,45.16,0.0,0.0,0.4061,0.0,13.69
7501,42.83,5.72,43.36,29.25,0.0,0.4061,22.99,0.0
7502,43.02,8.08,39.6,27.66,0.0,0.5473,22.99,0.0
7503,42.83,6.48,31.14,17.78,0.0,0.6809,22.99,0.0
7504,42.26,4.67,23.31,0.0,14.28,0.7668,0.0,0.0
7505,41.34,0.36,11.02,0.0,6.96,0.6904,22.99,0.0
7506,40.09,9.11,0.0,0.0,7.99,0.6531,22.99,0.0
7507,38.58,6.78,0.0,0.0,8.81,0.6104,22.99,0.0
7508,36.85,7.48,0.0,0.0,6.38,0.5633,22.99,0.0
7509,34.97,9.12,0.0,0.0,2.86,0.5291,22.99,0.0
7510,33.02,16.89,0.0,6.87,0.0,0.5138,22.99,0.0
7511,33.02,19.35,0.0,9.32,0.0,0.547,22.99,0.0
7512,33.05,12.43,0.0,2.37,0.0,0.592,22.99,0.0
7513,33.05,10.06,0.0,0.0,0.0,0.6035,22.99,0.0
7514,33.05,7.49,0.0,0.0,2.57,0.6035,22.99,0.0
7515,33.05,12.3,0.0,2.24,0.0,0.5897,22.99,0.0
7516,33.05,15.88,0.0,5.82,0.0,0.6006,22.99,0.0
7517,33.05,8.53,0.0,0.0,1.53,0.6287,22.99,0.0
7518,33.05,0.8,0.0,0.0,9.26,0.6205,22.99,0.0
7519,35.0,9.82,11.13,8.95,0.0,0.571,22.99,0.0
7520,36.88,10.06,21.21,0.0,28.6,0.6142,0.0,22.99
7521,38.6,1.08,30.14,0.0,30.38,0.4611,0.0,22.99
7522,40.12,6.26,39.04,0.0,17.81,0.2986,0.0,22.99
7523,41.36,6.83,43.75,0.0,13.78,0.2033,0.0,22.99
7524,42.29,5.02,47.53,33.26,0.0,0.1295,22.99,0.0
7525,42.86,2.81,43.76,26.7,0.0,0.2901,22.99,0.0
7526,43.05,8.98,39.69,28.62,0.0,0.4191,22.99,0.0
7527,42.86,4.9,33.3,18.34,0.0,0.5572,22.99,0.0
7528,42.29,2.07,20.52,0.0,0.0,0.6458,19.7,0.0
7529,41.36,1.03,10.66,0.0,6.68,0.6458,22.99,0.0
7530,40.12,12.57,0.0,0.0,4.56,0.61,22.99,0.0
7531,38.6,11.32,0.0,0.0,50.0,0.5857,0.0,22.72
7532,36.88,10.39,0.0,0.0,3.49,0.3181,22.99,0.0
7533,35.0,9.36,0.0,0.0,2.65,0.2995,22.99,0.0
7534,33.05,9.58,0.0,0.0,0.47,0.2853,22.99,0.0
7535,33.05,8.14,0.0,0.0,1.92,0.2828,22.99,0.0
7536,33.08,10.08,0.0,0.0,0.0,0.2725,22.99,0.0
7537,33.08,4.8,0.0,0.0,5.28,0.2725,22.99,0.0
7538,33.08,8.96,0.0,0.0,1.13,0.2442,22.99,0.0
7539,33.08,9.82,0.0,0.0,23.26,0.2382,0.0,0.0
7540,33.08,12.13,0.0,2.04,0.0,0.1138,22.99,0.0
7541,33.08,9.24,0.0,0.0,0.84,0.1236,22.99,0.0
7542,33.08,11.11,0.0,0.0,0.0,0.1191,21.97,0.0
7543,35.03,12.06,11.02,11.05,0.0,0.1191,22.99,0.0
7544,36.9,10.34,23.23,19.66,0.0,0.1725,22.99,0.0
7545,38.63,7.77,31.66,23.8,0.0,0.2674,22.99,0.0
7546,40.15,5.77,37.73,0.0,19.64,0.3823,0.0,22.99
7547,41.39,2.24,42.37,0.0,19.78,0.2773,0.0,22.99
7548,42.32,7.69,46.63,35.0,0.0,0.1714,22.99,0.0
7549,42.88,10.84,44.41,35.36,0.0,0.3405,22.99,0.0
7550,43.08,6.84,40.48,27.24,0.0,0.5112,22.99,0.0
7551,42.88,12.45,31.81,24.37,0.0,0.6428,22.99,0.0
7552,42.32,1.98,21.64,4.3,0.0,0.7604,22.99,0.0
7553,41.39,3.96,10.69,0.0,3.74,0.7812,22.99,0.0
7554,40.15,11.3,0.0,0.0,5.85,0.7612,22.99,0.0
7555,38.63,10.23,0.0,0.0,5.41,0.7299,22.99,0.0
7556,36.9,14.4,0.0,0.0,45.49,0.7009,0.0,22.99
7557,35.03,10.77,0.0,0.0,1.26,0.4575,22.99,0.0
7558,33.08,8.53,0.0,0.0,1.55,0.4507,22.99,0.0
7559,33.08,10.97,0.0,0.0,0.0,0.4424,22.11,0.0
7560,33.1,6.85,0.0,0.0,3.26,0.4424,22.99,0.0
7561,33.1,8.05,0.0,0.0,2.06,0.425,22.99,0.0
7562,33.1,14.52,0.0,4.41,0.0,0.414,22.99,0.0
7563,33.1,13.69,0.0,3.58,0.0,0.4353,22.99,0.0
7564,33.1,11.37,0.0,1.26,0.0,0.4526,22.99,0.0
7565,33.1,3.85,0.0,0.0,6.26,0.4587,22.99,0.0
7566,33.1,7.42,0.0,0.0,2.69,0.4252,22.99,0.0
7567,35.06,3.78,8.97,0.0,0.0,0.4108,22.3,0.0
7568,36.93,10.77,21.51,0.0,27.65,0.4108,0.0,22.99
7569,38.66,4.4,31.22,19.96,0.0,0.2628,22.99,0.0
7570,40.18,2.26,37.91,0.0,0.0,0.3592,0.0,0.0
7571,41.42,5.55,45.67,0.0,13.19,0.3592,0.0,22.99
7572,42.34,3.27,44.74,28.67,0.0,0.2886,22.99,0.0
7573,42.91,10.25,45.47,35.8,0.0,0.427,22.99,0.0
7574,43.1,3.4,39.64,22.93,0.0,0.5999,22.99,0.0
7575,42.91,1.76,31.63,13.48,0.0,0.7106,22.99,0.0
7576,42.34,0.0,21.16,0.0,0.0,0.7757,21.19,0.0
7577,41.42,7.64,12.01,1.23,0.0,0.7757,22.99,0.0
7578,40.18,6.76,0.0,0.0,10.42,0.7817,22.99,0.0
7579,38.66,4.79,0.0,0.0,10.87,0.7259,22.99,0.0
7580,36.93,14.04,0.0,0.0,45.88,0.6677,0.0,22.99
7581,35.06,13.02,0.0,0.96,0.0,0.4222,22.99,0.0
7582,33.1,11.29,0.0,1.18,0.0,0.4269,22.99,0.0
7583,33.1,16.12,0.0,6.01,0.0,0.4326,22.99,0.0
7584,33.13,14.0,0.0,3.86,0.0,0.4616,22.99,0.0
7585,33.13,9.08,0.0,0.0,1.06,0.4802,22.99,0.0
7586,33.13,8.06,0.0,0.0,2.08,0.4746,22.99,0.0
7587,33.13,13.55,0.0,3.41,0.0,0.4634,22.99,0.0
7588,33.13,11.52,0.0,1.38,0.0,0.4799,22.99,0.0
7589,33.13,10.01,0.0,0.0,0.13,0.4866,22.99,0.0
7590,33.13,5.88,0.0,0.0,4.26,0.4859,22.99,0.0
7591,35.08,9.75,10.61,8.27,0.0,0.4631,22.99,0.0
7592,36.96,4.56,21.62,12.22,0.0,0.5031,22.99,0.0
7593,38.69,6.0,33.03,0.0,22.65,0.562,0.0,22.99
7594,40.2,10.5,39.84,0.0,12.86,0.4408,0.0,22.99
7595,41.45,3.36,43.01,0.0,18.07,0.3721,0.0,22.99
7596,42.37,0.3,45.46,26.38,0.0,0.2754,22.99,0.0
7597,42.94,2.09,42.64,24.78,0.0,0.4027,22.99,0.0
7598,43.13,9.03,39.89,28.79,0.0,0.5224,22.99,0.0
7599,42.94,7.16,31.83,19.04,0.0,0.6614,22.99,0.0
7600,42.37,6.59,20.63,0.0,0.0,0.7534,15.16,0.0
7601,41.45,6.14,9.09,0.0,3.22,0.7534,22.99,0.0
7602,40.2,10.19,0.0,0.0,7.02,0.7361,22.99,0.0
7603,38.69,6.71,0.0,0.0,8.98,0.6986,22.99,0.0
7604,36.96,11.23,0.0,0.0,2.74,0.6505,22.99,0.0
7605,35.08,8.54,0.0,0.0,3.55,0.6358,22.99,0.0
7606,33.13,8.52,0.0,0.0,1.62,0.6169,22.99,0.0
7607,33.13,9.68,0.0,0.0,0.46,0.6082,22.99,0.0
7608,33.16,10.68,0.0,0.51,0.0,0.6057,22.99,0.0
7609,33.16,11.63,0.0,1.46,0.0,0.6082,22.99,0.0
7610,33.16,12.22,0.0,2.06,0.0,0.6153,22.99,0.0
7611,33.16,0.0,0.0,0.0,10.17,0.6252,22.99,0.0
7612,33.16,7.67,0.0,0.0,2.5,0.5708,22.99,0.0
7613,33.16,8.23,0.0,0.0,1.94,0.5574,22.99,0.0
7614,33.16,10.17,0.0,0.0,0.0,0.5471,22.99,0.0
7615,35.11,4.33,10.4,0.0,0.0,0.5471,20.38,0.0
7616,36.99,7.57,22.74,0.0,29.67,0.5471,0.0,22.99
7617,38.72,11.21,32.2,0.0,18.3,0.3883,0.0,22.99
7618,40.23,1.61,40.08,24.45,0.0,0.2904,22.99,0.0
7619,41.48,6.81,43.79,0.0,13.87,0.4085,0.0,22.99
7620,42.4,2.83,45.76,29.19,0.0,0.3343,22.99,0.0
7621,42.97,3.9,44.21,28.14,0.0,0.4752,22.99,0.0
7622,43.16,3.26,37.5,20.59,0.0,0.6111,22.99,0.0
7623,42.97,4.01,32.21,16.24,0.0,0.7106,22.99,0.0
7624,42.4,15.85,22.81,19.25,0.0,0.789,22.99,0.0
7625,41.48,10.56,11.62,0.0,0.0,0.8819,19.3,0.0
7626,40.23,12.22,0.0,0.0,5.01,0.8819,22.99,0.0
7627,38.72,11.09,0.0,0.0,4.63,0.8551,22.99,0.0
7628,36.99,5.08,0.0,0.0,50.0,0.8303,0.0,18.09
7629,35.11,12.12,0.0,0.0,0.0,0.5628,22.99,0.0
7630,33.16,14.93,0.0,4.77,0.0,0.5628,22.99,0.0
7631,33.16,9.03,0.0,0.0,1.14,0.5858,22.99,0.0
7632,33.19,15.06,0.0,4.86,0.0,0.5797,22.99,0.0
7633,33.19,14.1,0.0,3.91,0.0,0.6032,22.99,0.0
7634,33.19,17.49,0.0,7.3,0.0,0.622,22.99,0.0
7635,33.19,9.64,0.0,0.0,0.56,0.6573,22.99,0.0
7636,33.19,6.77,0.0,0.0,3.43,0.6543,22.99,0.0
7637,33.19,8.37,0.0,0.0,1.83,0.6359,22.99,0.0
7638,33.19,13.35,0.0,3.15,0.0,0.6261,22.99,0.0
7639,35.14,1.95,9.19,0.0,1.01,0.6414,22.99,0.0
7640,37.02,0.39,19.89,0.0,39.73,0.6359,0.0,22.99
7641,38.75,6.7,30.16,0.0,24.88,0.4234,0.0,22.99
7642,40.26,4.47,39.84,0.0,18.95,0.2903,0.0,22.99
7643,41.51,5.6,44.56,0.0,14.34,0.1889,0.0,22.99
7644,42.43,8.52,45.74,34.83,0.0,0.1122,22.99,0.0
7645,43.0,3.79,42.19,25.97,0.0,0.2804,22.99,0.0
7646,43.19,0.0,38.19,17.99,0.0,0.4058,22.99,0.0
7647,43.0,13.03,31.64,24.67,0.0,0.4927,22.99,0.0
7648,42.43,3.86,22.29,6.71,0.0,0.6118,22.99,0.0
7649,41.51,4.44,10.88,0.0,49.18,0.6442,0.0,22.99
7650,40.26,12.27,0.0,0.0,5.0,0.381,22.99,0.0
7651,38.75,8.3,0.0,0.0,7.46,0.3543,22.99,0.0
7652,37.02,10.11,0.0,0.0,3.91,0.3144,22.99,0.0
7653,35.14,12.55,0.0,0.0,0.0,0.2935,22.59,0.0
7654,33.19,15.01,0.0,4.81,0.0,0.2935,22.99,0.0
7655,33.19,10.75,0.0,0.55,0.0,0.3167,22.99,0.0
7656,33.22,16.89,0.0,6.67,0.0,0.3194,22.99,0.0
7657,33.22,4.96,0.0,0.0,5.27,0.3516,22.99,0.0
7658,33.22,14.0,0.0,3.77,0.0,0.3234,22.99,0.0
7659,33.22,8.31,0.0,0.0,1.91,0.3416,22.99,0.0
7660,33.22,14.8,0.0,4.57,0.0,0.3314,22.99,0.0
7661,33.22,10.04,0.0,0.0,0.19,0.3534,22.99,0.0
7662,33.22,6.57,0.0,0.0,3.66,0.3524,22.99,0.0
7663,35.17,10.05,8.83,6.7,0.0,0.3328,22.99,0.0
7664,37.05,10.01,20.95,16.91,0.0,0.3652,22.99,0.0
7665,38.78,8.53,32.94,0.0,20.3,0.4469,0.0,22.99
7666,40.29,2.61,39.96,0.0,20.71,0.3383,0.0,22.99
7667,41.54,4.05,42.47,0.0,18.0,0.2274,0.0,22.99
7668,42.46,5.49,43.53,29.56,0.0,0.1311,22.99,0.0
7669,43.03,5.48,43.42,28.87,0.0,0.2739,22.99,0.0
7670,43.22,8.37,36.97,0.0,0.0,0.4133,0.0,2.12
7671,43.03,0.0,31.55,11.51,0.0,0.4133,22.99,0.0
7672,42.46,8.21,19.95,8.69,0.0,0.4689,22.99,0.0
7673,41.54,6.97,10.94,0.0,0.64,0.5108,22.99,0.0
7674,40.29,6.03,0.0,0.0,11.27,0.5074,22.99,0.0
7675,38.78,7.18,0.0,0.0,8.61,0.4471,22.99,0.0
7676,37.05,9.67,0.0,0.0,4.39,0.4011,22.99,0.0
7677,35.17,0.0,0.0,0.0,12.18,0.3776,22.99,0.0
7678,33.22,9.27,0.0,0.0,0.95,0.3124,22.99,0.0
7679,33.22,9.03,0.0,0.0,1.19,0.3073,22.99,0.0
7680,33.25,13.74,0.0,3.48,0.0,0.301,22.99,0.0
7681,33.25,9.3,0.0,0.0,0.96,0.3178,22.99,0.0
7682,33.25,10.89,0.0,0.63,0.0,0.3126,22.99,0.0
7683,33.25,16.06,0.0,5.8,0.0,0.3157,22.99,0.0
7684,33.25,13.61,0.0,3.36,0.0,0.3437,22.99,0.0
7685,33.25,12.54,0.0,2.28,0.0,0.3599,22.99,0.0
7686,33.25,7.16,0.0,0.0,3.09,0.3709,22.99,0.0
7687,35.2,9.7,8.77,6.26,0.0,0.3544,22.99,0.0
7688,37.08,6.41,19.69,0.0,33.97,0.3846,0.0,22.99
7689,38.81,5.86,30.17,0.0,0.0,0.2028,2.77,0.0
7690,40.32,7.3,36.8,0.0,19.22,0.2028,0.0,22.99
7691,41.57,3.73,42.76,0.0,0.0,0.1,0.0,4.92
7692,42.49,10.38,45.97,36.84,0.0,0.1,22.99,0.0
7693,43.06,5.14,41.87,26.94,0.0,0.2779,22.99,0.0
7694,43.25,7.98,37.26,24.99,0.0,0.408,22.99,0.0
7695,43.06,11.2,31.31,14.52,0.0,0.5287,15.07,0.0
7696,42.49,10.5,21.15,12.16,0.0,0.5988,22.99,0.0
7697,41.57,3.39,10.07,0.0,5.11,0.6575,22.99,0.0
7698,40.32,10.22,0.0,0.0,7.11,0.6302,22.99,0.0
7699,38.81,12.37,0.0,0.0,3.44,0.5921,22.99,0.0
7700,37.08,13.28,0.0,0.0,0.8,0.5737,22.99,0.0
7701,35.2,7.47,0.0,0.0,4.74,0.5694,22.99,0.0
7702,33.25,9.46,0.0,0.0,0.8,0.544,22.99,0.0
7703,33.25,15.12,0.0,0.0,0.0,0.5398,18.13,0.0
7704,33.28,9.59,0.0,0.0,23.69,0.5398,0.0,0.0
7705,33.28,10.97,0.0,0.69,0.0,0.413,22.99,0.0
7706,33.28,16.72,0.0,6.43,0.0,0.4163,22.99,0.0
7707,33.28,10.29,0.0,0.0,0.0,0.4474,22.99,0.0
7708,33.28,8.09,0.0,0.0,2.2,0.4474,22.99,0.0
7709,33.28,6.82,0.0,0.0,3.47,0.4356,22.99,0.0
7710,33.28,9.9,0.0,0.0,0.39,0.417,22.99,0.0
7711,35.23,3.67,10.51,0.0,0.0,0.4149,21.05,0.0
7712,37.11,6.4,19.75,0.0,33.96,0.4149,0.0,22.99
7713,38.84,7.61,29.32,0.0,24.9,0.2332,0.0,22.99
7714,40.35,10.22,39.38,32.24,0.0,0.1,22.99,0.0
7715,41.6,0.0,42.26,23.66,0.0,0.2557,22.99,0.0
7716,42.52,3.28,46.11,29.86,0.0,0.3699,22.99,0.0
7717,43.09,9.51,41.6,19.92,0.0,0.5141,11.9,0.0
7718,43.28,5.05,39.8,24.57,0.0,0.6103,22.99,0.0
7719,43.09,2.54,32.42,0.0,31.12,0.7289,0.0,22.99
7720,42.52,6.65,20.18,7.3,0.0,0.5624,22.99,0.0
7721,41.6,12.63,11.33,0.0,40.62,0.5977,0.0,22.99
7722,40.35,0.0,0.0,0.0,17.36,0.3803,22.99,0.0
7723,38.84,9.7,0.0,0.0,6.15,0.2874,22.99,0.0
7724,37.11,15.73,0.0,0.0,0.0,0.2545,21.38,0.0
7725,35.23,6.48,0.0,0.0,5.76,0.2545,22.99,0.0
7726,33.28,7.46,0.0,0.0,2.83,0.2237,22.99,0.0
7727,33.28,6.72,0.0,0.0,3.57,0.2086,22.99,0.0
7728,33.31,13.3,0.0,2.98,0.0,0.1895,22.99,0.0
7729,33.31,12.52,0.0,2.2,0.0,0.2039,22.99,0.0
7730,33.31,16.65,0.0,6.33,0.0,0.2145,22.99,0.0
7731,33.31,11.93,0.0,1.61,0.0,0.245,22.99,0.0
7732,33.31,9.17,0.0,0.0,1.15,0.2528,22.99,0.0
7733,33.31,9.7,0.0,0.0,0.62,0.2467,22.99,0.0
7734,33.31,9.24,0.0,0.0,1.08,0.2433,22.99,0.0
7735,35.26,2.61,9.42,0.0,0.24,0.2376,22.99,0.0
7736,37.14,16.01,19.75,21.61,0.0,0.2363,22.99,0.0
7737,38.87,8.25,31.56,0.0,22.05,0.3406,0.0,22.99
7738,40.38,6.74,38.68,28.02,0.0,0.2226,22.99,0.0
7739,41.63,7.72,42.22,0.0,14.68,0.3579,0.0,22.99
7740,42.55,7.92,45.05,33.41,0.0,0.2794,22.99,0.0
7741,43.12,5.28,42.3,27.45,0.0,0.4407,22.99,0.0
7742,43.31,4.01,38.12,21.81,0.0,0.5732,22.99,0.0
7743,43.12,8.51,32.27,20.65,0.0,0.6785,22.99,0.0
7744,42.55,8.49,21.67,10.6,0.0,0.7783,22.99,0.0
7745,41.63,5.4,11.87,0.0,1.36,0.8295,22.99,0.0
7746,40.38,13.45,0.0,0.0,3.94,0.8222,22.99,0.0
7747,38.87,10.64,0.0,0.0,50.0,0.8011,0.0,21.77
7748,37.14,12.84,0.0,0.0,1.31,0.5335,22.99,0.0
7749,35.26,12.27,0.0,0.0,0.0,0.5265,22.99,0.0
7750,33.31,11.73,0.0,1.41,0.0,0.5265,22.99,0.0
7751,33.31,13.01,0.0,2.69,0.0,0.5333,22.99,0.0
7752,33.35,10.35,0.0,0.0,0.0,0.5463,22.99,0.0
7753,33.35,9.67,0.0,0.0,0.68,0.5463,22.99,0.0
7754,33.35,11.87,0.0,1.52,0.0,0.5427,22.99,0.0
7755,33.35,11.59,0.0,1.24,0.0,0.55,22.99,0.0
7756,33.35,7.42,0.0,0.0,2.93,0.556,22.99,0.0
7757,33.35,17.23,0.0,6.88,0.0,0.5403,22.99,0.0
7758,33.35,4.34,0.0,0.0,6.01,0.5735,22.99,0.0
7759,35.3,3.86,11.58,3.13,0.0,0.5413,22.99,0.0
7760,37.17,11.53,21.81,0.0,26.83,0.5565,0.0,22.99
7761,38.9,8.91,31.3,0.0,21.69,0.4129,0.0,22.99
7762,40.42,2.77,37.09,0.0,23.55,0.2969,0.0,22.99
7763,41.66,7.73,43.67,0.0,13.25,0.1709,0.0,22.99
7764,42.58,10.41,44.33,35.15,0.0,0.1,22.99,0.0
7765,43.15,5.67,41.7,27.21,0.0,0.2697,22.99,0.0
7766,43.35,14.5,36.58,0.0,0.0,0.4011,0.0,7.73
7767,43.15,1.03,31.36,12.23,0.0,0.4011,22.99,0.0
7768,42.58,9.52,21.61,11.54,0.0,0.4602,22.99,0.0
7769,41.66,11.83,11.78,4.94,0.0,0.5159,22.99,0.0
7770,40.42,0.0,0.0,0.0,17.42,0.5398,22.99,0.0
7771,38.9,9.07,0.0,0.0,6.84,0.4465,22.99,0.0
7772,37.17,9.57,0.0,0.0,50.0,0.41,0.0,22.4
7773,35.3,12.62,0.0,0.0,0.0,0.1424,22.68,0.0
7774,33.35,10.35,0.0,0.0,0.0,0.1424,22.99,0.0
7775,33.35,13.97,0.0,3.62,0.0,0.1424,22.99,0.0
7776,33.38,10.38,0.0,0.0,0.0,0.1599,22.99,0.0
7777,33.38,8.76,0.0,0.0,1.62,0.1599,22.99,0.0
7778,33.38,11.0,0.0,0.0,0.0,0.1512,22.38,0.0
7779,33.38,8.18,0.0,0.0,2.21,0.1512,22.99,0.0
7780,33.38,9.3,0.0,0.0,1.08,0.1394,22.99,0.0
7781,33.38,13.05,0.0,2.67,0.0,0.1336,22.99,0.0
7782,33.38,9.28,0.0,0.0,1.1,0.1465,22.99,0.0
7783,35.33,16.53,11.85,16.04,0.0,0.1406,22.99,0.0
7784,37.21,7.94,19.94,0.0,0.0,0.218,9.33,0.0
7785,38.93,6.84,30.13,21.02,0.0,0.218,22.99,0.0
7786,40.45,6.47,39.37,0.0,17.6,0.3195,0.0,22.99
7787,41.69,3.74,44.03,0.0,16.92,0.2254,0.0,22.99
7788,42.62,5.51,45.95,31.84,0.0,0.1348,22.99,0.0
7789,43.19,9.45,43.19,32.45,0.0,0.2886,22.99,0.0
7790,43.38,6.5,38.05,24.17,0.0,0.4453,22.99,0.0
7791,43.19,4.08,30.43,14.31,0.0,0.562,22.99,0.0
7792,42.62,4.32,21.59,6.28,0.0,0.6311,22.99,0.0
7793,41.69,6.64,11.57,0.0,0.49,0.6615,22.99,0.0
7794,40.45,9.17,0.0,0.0,8.29,0.6588,22.99,0.0
7795,38.93,13.63,0.0,0.0,2.31,0.6145,22.99,0.0
7796,37.21,6.21,0.0,0.0,8.0,0.6021,22.99,0.0
7797,35.33,10.18,0.0,0.0,2.15,0.5593,22.99,0.0
7798,33.38,12.2,0.0,1.81,0.0,0.5478,22.99,0.0
7799,33.38,6.12,0.0,0.0,4.26,0.5566,22.99,0.0
7800,33.41,9.51,0.0,0.0,0.91,0.5338,22.99,0.0
7801,33.41,9.89,0.0,0.0,0.53,0.5289,22.99,0.0
7802,33.41,0.0,0.0,0.0,10.42,0.5261,22.99,0.0
7803,33.41,11.87,0.0,1.46,0.0,0.4704,22.99,0.0
7804,33.41,10.06,0.0,0.0,0.35,0.4774,22.99,0.0
7805,33.41,8.01,0.0,0.0,2.41,0.4755,22.99,0.0
7806,33.41,10.35,0.0,0.0,0.07,0.4626,22.99,0.0
7807,35.36,13.7,8.45,9.78,0.0,0.4623,22.99,0.0
7808,37.24,12.65,22.62,0.0,24.96,0.5095,0.0,22.99
7809,38.97,0.46,29.03,0.0,32.47,0.376,0.0,22.99
7810,40.48,8.03,39.04,29.59,0.0,0.2023,22.99,0.0
7811,41.73,5.27,42.61,0.0,16.84,0.3451,0.0,22.99
7812,42.65,6.23,42.76,29.34,0.0,0.255,22.99,0.0
7813,43.22,4.55,19.58,3.91,0.0,0.3967,22.99,0.0
7814,43.41,6.55,38.66,24.79,0.0,0.4156,22.99,0.0
7815,43.22,0.0,30.33,10.11,0.0,0.5353,22.99,0.0
7816,42.65,5.48,22.6,8.42,0.0,0.5841,22.99,0.0
7817,41.73,5.23,0.0,0.0,13.5,0.6248,22.99,0.0
7818,40.48,7.52,0.0,0.0,50.0,0.5525,0.0,17.03
7819,38.97,10.56,0.0,0.0,5.41,0.285,22.99,0.0
7820,37.24,0.0,0.0,0.0,14.24,0.256,22.99,0.0
7821,35.36,14.01,0.0,1.65,0.0,0.1798,22.99,0.0
7822,33.41,10.17,0.0,0.0,0.25,0.1878,22.99,0.0
7823,33.41,13.01,0.0,2.59,0.0,0.1865,22.99,0.0
7824,33.44,10.45,0.0,0.0,0.0,0.199,22.99,0.0
7825,33.44,15.9,0.0,5.45,0.0,0.199,22.99,0.0
7826,33.44,11.61,0.0,1.16,0.0,0.2253,22.99,0.0
7827,33.44,10.45,0.0,0.0,0.0,0.2309,22.99,0.0
7828,33.44,11.24,0.0,0.79,0.0,0.2309,22.99,0.0
7829,33.44,6.12,0.0,0.0,4.33,0.2347,22.99,0.0
7830,33.44,8.38,0.0,0.0,2.08,0.2115,22.99,0.0
7831,35.4,10.57,9.19,7.36,0.0,0.2004,22.99,0.0
7832,37.27,9.46,21.68,16.87,0.0,0.236,22.99,0.0
7833,39.0,5.84,32.45,0.0,23.71,0.3174,0.0,22.99
7834,40.52,6.9,39.68,0.0,16.93,0.1906,0.0,22.99
7835,41.76,3.21,43.7,28.14,0.0,0.1,22.99,0.0
7836,42.68,8.04,43.67,32.02,0.0,0.2359,22.99,0.0
7837,43.25,5.63,43.4,28.77,0.0,0.3905,22.99,0.0
7838,43.44,5.31,38.71,23.56,0.0,0.5294,22.99,0.0
7839,43.25,5.54,28.9,0.0,0.0,0.6432,8.81,0.0
7840,42.68,7.18,19.63,7.12,0.0,0.6432,22.99,0.0
7841,41.76,6.72,11.41,0.0,0.64,0.6776,22.99,0.0
7842,40.52,11.13,0.0,0.0,6.39,0.6742,22.99,0.0
7843,39.0,8.56,0.0,0.0,7.45,0.64,22.99,0.0
7844,37.27,15.77,0.0,0.0,44.49,0.6001,0.0,22.99
7845,35.4,16.03,0.0,3.63,0.0,0.3621,22.99,0.0
7846,33.44,8.92,0.0,0.0,16.72,0.3796,7.81,0.0
7847,33.44,10.45,0.0,0.0,0.0,0.2901,22.99,0.0
7848,33.48,10.17,0.0,0.0,0.32,0.2901,22.99,0.0
7849,33.48,11.1,0.0,0.0,0.0,0.2884,22.37,0.0
7850,33.48,18.31,0.0,7.83,0.0,0.2884,22.99,0.0
7851,33.48,10.33,0.0,0.0,0.16,0.3262,22.99,0.0
7852,33.48,11.82,0.0,0.0,0.0,0.3254,21.66,0.0
7853,33.48,11.62,0.0,1.14,0.0,0.3254,22.99,0.0
7854,33.48,5.8,0.0,0.0,4.69,0.3309,22.99,0.0
7855,35.43,5.43,10.24,3.24,0.0,0.3058,22.99,0.0
7856,37.31,3.52,10.79,0.0,0.0,0.3215,22.99,0.0
7857,39.03,3.88,30.08,0.0,28.07,0.3215,0.0,22.99
7858,40.55,0.0,17.56,0.0,0.0,0.1713,22.99,0.0
7859,41.79,7.67,43.79,0.0,13.32,0.1713,0.0,22.99
7860,42.72,12.45,44.54,36.62,0.0,0.1,22.35,0.0
7861,43.29,6.39,43.88,29.97,0.0,0.2768,22.99,0.0
7862,43.48,1.65,36.42,17.59,0.0,0.4216,22.99,0.0
7863,43.29,4.67,28.71,13.09,0.0,0.5065,22.99,0.0
7864,42.72,5.93,19.33,0.0,0.0,0.5697,17.45,0.0
7865,41.79,4.91,9.9,0.0,49.98,0.5697,0.0,22.99
7866,40.55,11.82,0.0,0.0,5.74,0.3023,22.99,0.0
7867,39.03,12.49,0.0,0.0,3.55,0.2716,22.99,0.0
7868,37.31,6.92,0.0,0.0,7.4,0.2526,22.99,0.0
7869,35.43,13.67,0.0,0.0,0.0,0.2131,21.76,0.0
7870,33.48,16.78,0.0,6.29,0.0,0.2131,22.99,0.0
7871,33.48,18.31,0.0,7.83,0.0,0.2434,22.99,0.0
7872,33.51,21.57,0.0,11.05,0.0,0.2813,22.99,0.0
7873,33.51,9.28,0.0,0.0,1.24,0.3346,22.99,0.0
7874,33.51,21.01,0.0,10.49,0.0,0.328,22.99,0.0
7875,33.51,10.21,0.0,0.0,0.31,0.3786,22.99,0.0
7876,33.51,8.77,0.0,0.0,1.75,0.377,22.99,0.0
7877,33.51,10.52,0.0,0.0,0.0,0.3676,22.99,0.0
7878,33.51,7.19,0.0,0.0,3.33,0.3676,22.99,0.0
7879,35.46,9.52,8.68,5.73,0.0,0.3498,22.99,0.0
7880,37.34,3.18,21.46,0.0,0.0,0.3775,12.7,0.0
7881,39.07,6.01,28.91,0.0,27.14,0.3775,0.0,22.99
7882,40.58,10.43,39.02,0.0,14.14,0.2323,0.0,22.99
7883,41.83,5.76,43.99,0.0,0.0,0.1566,0.0,7.92
7884,42.75,6.29,44.17,30.71,0.0,0.1566,22.99,0.0
7885,43.32,7.48,42.16,29.32,0.0,0.3049,22.99,0.0
7886,43.51,10.06,36.15,25.69,0.0,0.4465,22.99,0.0
7887,43.32,1.43,29.0,10.1,0.0,0.5705,22.99,0.0
7888,42.75,9.34,21.24,10.82,0.0,0.6193,22.99,0.0
7889,41.83,7.37,8.63,0.0,2.83,0.6716,22.99,0.0
7890,40.58,9.61,0.0,0.0,7.98,0.6564,22.99,0.0
7891,39.07,13.34,0.0,0.0,2.74,0.6137,22.99,0.0
7892,37.34,6.82,0.0,0.0,7.52,0.599,22.99,0.0
7893,35.46,8.08,0.0,0.0,4.39,0.5588,22.99,0.0
7894,33.51,5.61,0.0,0.0,4.91,0.5353,22.99,0.0
7895,33.51,10.42,0.0,0.0,0.1,0.509,22.99,0.0
7896,33.55,16.64,0.0,6.09,0.0,0.5085,22.99,0.0
7897,33.55,11.84,0.0,1.28,0.0,0.5379,22.99,0.0
7898,33.55,7.57,0.0,0.0,2.99,0.5441,22.99,0.0
7899,33.55,9.82,0.0,0.0,0.74,0.5281,22.99,0.0
7900,33.55,5.91,0.0,0.0,4.65,0.5242,22.99,0.0
7901,33.55,6.3,0.0,0.0,4.25,0.4993,22.99,0.0
7902,33.55,10.36,0.0,0.0,0.19,0.4765,22.99,0.0
7903,35.5,4.47,11.7,3.66,0.0,0.4755,22.99,0.0
7904,37.37,11.08,20.42,0.0,28.86,0.4932,0.0,22.99
7905,39.1,6.59,30.96,0.0,24.56,0.3388,0.0,22.99
7906,40.62,6.58,36.97,0.0,20.07,0.2074,0.0,22.99
7907,41.86,5.08,42.93,0.0,0.0,0.1,0.0,6.14
7908,42.79,8.37,42.23,30.8,0.0,0.1,22.99,0.0
7909,43.36,8.51,42.9,31.05,0.0,0.2487,22.99,0.0
7910,43.55,7.38,15.26,2.09,0.0,0.3986,22.99,0.0
7911,43.36,8.64,31.58,19.86,0.0,0.4087,22.99,0.0
7912,42.79,6.8,19.16,6.17,0.0,0.5046,22.99,0.0
7913,41.86,8.41,10.46,0.0,0.0,0.5344,22.99,0.0
7914,40.62,8.01,0.0,0.0,9.62,0.5344,22.99,0.0
7915,39.1,9.95,0.0,0.0,6.16,0.483,22.99,0.0
7916,37.37,9.83,0.0,0.0,4.55,0.45,22.99,0.0
7917,35.5,9.91,0.0,0.0,25.59,0.4257,0.0,0.0
7918,33.55,9.67,0.0,0.0,0.88,0.2888,22.99,0.0
7919,33.55,13.74,0.0,3.19,0.0,0.284,22.99,0.0
7920,33.58,16.61,0.0,6.02,0.0,0.2994,22.99,0.0
7921,33.58,16.05,0.0,5.46,0.0,0.3285,22.99,0.0
7922,33.58,7.87,0.0,0.0,2.72,0.3548,22.99,0.0
7923,33.58,15.59,0.0,5.0,0.0,0.3403,22.99,0.0
7924,33.58,9.72,0.0,0.0,0.87,0.3645,22.99,0.0
7925,33.58,11.91,0.0,1.33,0.0,0.3598,22.99,0.0
7926,33.58,6.2,0.0,0.0,4.39,0.3662,22.99,0.0
7927,35.53,8.76,11.1,7.31,0.0,0.3428,22.99,0.0
7928,37.41,8.53,20.97,15.09,0.0,0.3781,22.99,0.0
7929,39.14,2.04,29.25,15.15,0.0,0.4509,22.99,0.0
7930,40.65,8.3,38.52,0.0,16.82,0.5241,0.0,22.99
7931,41.9,10.36,40.91,0.0,13.61,0.4341,0.0,22.99
7932,42.82,5.33,42.94,28.45,0.0,0.3613,22.99,0.0
7933,43.39,10.41,41.01,31.02,0.0,0.4986,22.99,0.0
7934,43.58,5.72,38.98,24.11,0.0,0.6484,22.99,0.0
7935,43.39,9.6,30.1,19.29,0.0,0.7648,22.99,0.0
7936,42.82,0.34,19.49,0.0,0.0,0.858,22.99,0.0
7937,41.9,16.12,9.73,6.95,0.0,0.858,22.99,0.0
7938,40.65,13.97,0.0,0.0,49.68,0.8916,0.0,22.99
7939,39.14,9.05,0.0,0.0,7.09,0.6258,22.99,0.0
7940,37.41,4.37,0.0,0.0,10.04,0.5878,22.99,0.0
7941,35.53,12.35,0.0,0.0,0.19,0.5341,22.99,0.0
7942,33.58,7.27,0.0,0.0,3.32,0.5331,22.99,0.0
7943,33.58,13.7,0.0,3.11,0.0,0.5153,22.99,0.0
7944,33.62,13.73,0.0,3.11,0.0,0.5303,22.99,0.0
7945,33.62,9.24,0.0,0.0,1.38,0.5453,22.99,0.0
7946,33.62,10.62,0.0,0.0,0.0,0.5379,22.99,0.0
7947,33.62,14.06,0.0,3.43,0.0,0.5379,22.99,0.0
7948,33.62,13.94,0.0,3.31,0.0,0.5545,22.99,0.0
7949,33.62,10.03,0.0,0.0,0.59,0.5705,22.99,0.0
7950,33.62,4.59,0.0,0.0,6.04,0.5673,22.99,0.0
7951,35.57,11.49,9.83,8.75,0.0,0.535,22.99,0.0
7952,37.45,6.67,19.97,12.19,0.0,0.5773,22.99,0.0
7953,39.17,2.38,28.62,0.0,31.17,0.6361,0.0,22.99
7954,40.69,10.74,39.07,0.0,13.87,0.4693,0.0,22.99
7955,41.93,12.83,43.8,0.0,8.29,0.3951,0.0,22.99
7956,42.86,5.8,42.42,28.35,0.0,0.3508,22.99,0.0
7957,43.43,13.03,42.02,34.61,0.0,0.4876,22.99,0.0
7958,43.62,6.66,36.67,22.7,0.0,0.6548,22.99,0.0
7959,43.43,5.65,30.62,15.83,0.0,0.7644,22.99,0.0
7960,42.86,5.51,22.19,7.83,0.0,0.8408,22.99,0.0
7961,41.93,13.62,11.52,0.0,0.0,0.8787,16.79,0.0
7962,40.69,6.64,0.0,0.0,50.0,0.8787,0.0,15.95
7963,39.17,12.38,0.0,0.0,3.8,0.6111,22.99,0.0
7964,37.45,8.97,0.0,0.0,5.48,0.5908,22.99,0.0
7965,35.57,9.96,0.0,0.0,2.61,0.5615,22.99,0.0
7966,33.62,15.3,0.0,4.67,0.0,0.5475,22.99,0.0
7967,33.62,11.06,0.0,0.0,0.0,0.5701,22.56,0.0
7968,33.65,10.66,0.0,0.0,0.0,0.5701,22.99,0.0
7969,33.65,15.98,0.0,5.32,0.0,0.5701,22.99,0.0
7970,33.65,17.16,0.0,6.5,0.0,0.5958,22.99,0.0
7971,33.65,13.57,0.0,2.91,0.0,0.6272,22.99,0.0
7972,33.65,8.7,0.0,0.0,1.97,0.6412,22.99,0.0
7973,33.65,8.38,0.0,0.0,2.28,0.6307,22.99,0.0
7974,33.65,9.45,0.0,0.0,1.21,0.6185,22.99,0.0
7975,35.61,9.4,10.37,7.16,0.0,0.6121,22.99,0.0
7976,37.48,4.38,21.12,0.0,34.97,0.6466,0.0,22.99
7977,39.21,9.25,28.9,0.0,0.0,0.4595,1.06,0.0
7978,40.73,6.67,39.1,0.0,17.95,0.4595,0.0,22.99
7979,41.97,0.52,41.33,0.0,0.0,0.3635,0.12,0.0
7980,42.89,2.96,41.95,0.0,0.0,0.3635,0.0,2.02
7981,43.46,4.44,41.3,0.0,20.72,0.3635,0.0,22.99
7982,43.65,6.16,37.78,23.27,0.0,0.2526,22.99,0.0
7983,43.46,13.02,30.29,22.84,0.0,0.365,22.99,0.0
7984,42.89,8.35,19.21,7.66,0.0,0.4753,22.99,0.0
7985,41.97,5.64,11.44,0.0,1.89,0.5123,22.99,0.0
7986,40.73,9.91,0.0,0.0,7.82,0.5021,22.99,0.0
7987,39.21,8.89,0.0,0.0,7.32,0.4603,22.99,0.0
7988,37.48,11.86,0.0,0.0,2.62,0.4211,22.99,0.0
7989,35.61,12.61,0.0,0.0,0.0,0.4071,22.99,0.0
7990,33.65,10.66,0.0,0.0,0.0,0.4071,22.99,0.0
7991,33.65,12.24,0.0,1.58,0.0,0.4071,22.99,0.0
7992,33.69,17.76,0.0,7.06,0.0,0.4147,22.99,0.0
7993,33.69,10.7,0.0,0.0,0.0,0.4488,22.99,0.0
7994,33.69,9.74,0.0,0.0,0.96,0.4488,22.99,0.0
7995,33.69,18.66,0.0,7.96,0.0,0.4437,22.99,0.0
7996,33.69,11.9,0.0,1.2,0.0,0.4821,22.99,0.0
7997,33.69,7.36,0.0,0.0,3.34,0.4879,22.99,0.0
7998,33.69,14.57,0.0,3.87,0.0,0.4701,22.99,0.0
7999,35.64,15.11,10.1,0.0,33.43,0.4888,0.0,22.99
8000,37.52,7.5,21.47,14.45,0.0,0.3099,22.99,0.0
8001,39.25,5.31,30.39,0.0,26.54,0.3797,0.0,22.99
8002,40.76,5.87,37.62,0.0,20.27,0.2377,0.0,22.99
8003,42.01,8.41,41.56,30.96,0.0,0.1293,22.99,0.0
8004,42.93,10.12,44.58,34.77,0.0,0.2788,22.99,0.0
8005,43.5,7.95,43.41,30.85,0.0,0.4467,22.99,0.0
8006,43.69,6.75,39.11,25.17,0.0,0.5957,22.99,0.0
8007,43.5,11.78,30.93,22.2,0.0,0.7172,22.99,0.0
8008,42.93,6.6,21.41,8.07,0.0,0.8244,22.99,0.0
8009,42.01,11.72,8.12,0.83,0.0,0.8634,22.99,0.0
8010,40.76,8.29,0.0,0.0,9.47,0.8674,22.99,0.0
8011,39.25,11.46,0.0,0.0,4.8,0.8167,22.99,0.0
8012,37.52,10.48,0.0,0.0,4.05,0.7911,22.99,0.0
8013,35.64,11.33,0.0,0.0,1.32,0.7694,22.99,0.0
8014,33.69,10.81,0.0,0.0,0.0,0.7624,22.89,0.0
8015,33.69,16.7,0.0,6.0,0.0,0.7624,22.99,0.0
8016,33.73,10.12,0.0,0.0,0.62,0.7913,22.99,0.0
8017,33.73,9.98,0.0,0.0,0.75,0.788,22.99,0.0
8018,33.73,18.92,0.0,8.18,0.0,0.784,22.99,0.0
8019,33.73,14.7,0.0,3.97,0.0,0.8235,22.99,0.0
8020,33.73,3.16,0.0,0.0,7.58,0.8427,22.99,0.0
8021,33.73,8.26,0.0,0.0,2.47,0.8022,22.99,0.0
8022,33.73,3.39,0.0,0.0,7.34,0.7889,22.99,0.0
8023,35.68,5.34,10.4,3.06,0.0,0.7497,22.99,0.0
8024,37.56,0.0,22.13,0.0,38.42,0.7644,0.0,22.99
8025,39.28,6.52,30.99,0.0,24.76,0.5589,0.0,22.99
8026,40.8,2.76,37.23,22.19,0.0,0.4264,22.99,0.0
8027,42.04,6.32,41.44,0.0,17.27,0.5335,0.0,22.99
8028,42.97,0.76,42.01,0.0,23.19,0.4411,0.0,22.99
8029,43.54,6.4,42.62,28.48,0.0,0.317,22.99,0.0
8030,43.73,5.11,36.15,20.53,0.0,0.4545,22.99,0.0
8031,43.54,11.83,28.26,19.54,0.0,0.5537,22.99,0.0
8032,42.97,12.2,19.11,11.34,0.0,0.6481,22.99,0.0
8033,42.04,10.96,11.18,0.0,42.9,0.7028,0.0,22.99
8034,40.8,8.2,0.0,0.0,9.61,0.4733,22.99,0.0
8035,39.28,16.51,0.0,0.0,45.76,0.4219,0.0,22.99
8036,37.56,5.85,0.0,0.0,8.71,0.177,22.99,0.0
8037,35.68,7.0,0.0,0.0,5.68,0.1304,22.99,0.0
8038,33.73,11.78,0.0,1.05,0.0,0.1,22.99,0.0
8039,33.73,19.67,0.0,8.94,0.0,0.1051,22.99,0.0
8040,33.77,11.86,0.0,0.0,0.0,0.1482,21.9,0.0
8041,33.77,11.81,0.0,0.0,0.0,0.1482,21.95,0.0
8042,33.77,7.42,0.0,0.0,3.35,0.1482,22.99,0.0
8043,33.77,14.63,0.0,3.86,0.0,0.1303,22.99,0.0
8044,33.77,13.98,0.0,3.21,0.0,0.1489,22.99,0.0
8045,33.77,12.67,0.0,1.9,0.0,0.1644,22.99,0.0
8046,33.77,7.25,0.0,0.0,13.75,0.1736,12.76,0.0
8047,35.72,6.16,8.94,2.38,0.0,0.1,22.99,0.0
8048,37.59,0.0,19.31,0.0,0.0,0.1115,18.28,0.0
8049,39.32,0.0,29.84,0.0,0.0,0.1115,9.48,0.0
8050,40.84,2.99,38.32,23.47,0.0,0.1115,22.99,0.0
8051,42.08,2.35,40.01,0.0,22.71,0.2248,0.0,22.99
8052,43.0,4.68,43.33,9.24,0.0,0.1033,4.24,0.0
8053,43.57,4.58,40.68,24.68,0.0,0.1479,22.99,0.0
8054,43.77,4.74,35.99,19.96,0.0,0.267,22.99,0.0
8055,43.57,8.5,29.35,0.0,28.71,0.3634,0.0,22.99
8056,43.0,7.92,21.94,9.85,0.0,0.2098,22.99,0.0
8057,42.08,7.51,8.24,0.0,3.33,0.2573,22.99,0.0
8058,40.84,9.87,0.0,0.0,7.97,0.2395,22.99,0.0
8059,39.32,6.91,0.0,0.0,9.42,0.1969,22.99,0.0
8060,37.59,11.24,0.0,0.0,3.36,0.1465,22.99,0.0
8061,35.72,12.06,0.0,0.0,0.67,0.1285,22.99,0.0
8062,33.77,7.22,0.0,0.0,3.55,0.125,22.99,0.0
8063,33.77,10.77,0.0,0.0,0.0,0.106,22.99,0.0
8064,33.8,9.69,0.0,0.0,1.12,0.106,22.99,0.0
8065,33.8,12.73,0.0,1.92,0.0,0.1,22.99,0.0
8066,33.8,15.88,0.0,5.07,0.0,0.1093,22.99,0.0
8067,33.8,14.59,0.0,0.0,0.0,0.1337,19.21,0.0
8068,33.8,10.81,0.0,0.0,0.0,0.1337,22.99,0.0
8069,33.8,8.97,0.0,0.0,1.84,0.1337,22.99,0.0
8070,33.8,12.37,0.0,0.0,0.0,0.1239,21.43,0.0
8071,35.75,10.65,9.16,0.0,0.0,0.1239,15.94,0.0
8072,37.63,5.69,8.94,0.0,0.0,0.1239,22.99,0.0
8073,39.36,4.45,30.08,18.16,0.0,0.1239,22.99,0.0
8074,40.87,0.0,35.88,0.0,0.0,0.2116,4.99,0.0
8075,42.12,6.68,42.85,30.41,0.0,0.2116,22.99,0.0
8076,43.04,5.81,42.01,27.77,0.0,0.3585,22.99,0.0
8077,43.61,9.86,42.51,0.0,14.24,0.4926,0.0,22.99
8078,43.8,7.67,38.55,25.41,0.0,0.4164,22.99,0.0
8079,43.61,11.34,28.3,19.02,0.0,0.5391,22.99,0.0
8080,43.04,5.44,20.21,5.6,0.0,0.6309,22.99,0.0
8081,42.12,9.77,9.35,0.0,0.0,0.658,22.99,0.0
8082,40.87,7.6,0.0,0.0,10.28,0.658,22.99,0.0
8083,39.36,12.66,0.0,0.0,3.7,0.6029,22.99,0.0
8084,37.63,6.21,0.0,0.0,8.43,0.5831,22.99,0.0
8085,35.75,12.36,0.0,0.0,2.26,0.538,21.14,0.0
8086,33.8,5.69,0.0,0.0,5.12,0.5259,22.99,0.0
8087,33.8,11.57,0.0,0.0,0.0,0.4986,22.23,0.0
8088,33.84,13.99,0.0,0.0,0.0,0.4986,19.85,0.0
8089,33.84,10.77,0.0,0.0,0.07,0.4986,22.99,0.0
8090,33.84,8.74,0.0,0.0,2.11,0.4982,22.99,0.0
8091,33.84,14.36,0.0,3.51,0.0,0.4869,22.99,0.0
8092,33.84,10.62,0.0,0.0,46.22,0.5038,0.0,22.99
8093,33.84,8.59,0.0,0.0,2.26,0.2566,22.99,0.0
8094,33.84,9.47,0.0,0.0,1.38,0.2445,22.99,0.0
8095,35.79,17.03,9.79,14.02,0.0,0.2371,22.99,0.0
8096,37.67,11.45,20.54,17.31,0.0,0.3048,22.99,0.0
8097,39.4,10.81,29.71,24.12,0.0,0.3884,22.99,0.0
8098,40.91,7.94,38.15,0.0,17.81,0.5049,0.0,22.99
8099,42.16,6.75,42.45,0.0,15.95,0.4096,0.0,22.99
8100,43.08,0.0,41.54,21.45,0.0,0.3243,22.99,0.0
8101,43.65,4.01,41.38,24.74,0.0,0.4278,22.99,0.0
8102,43.84,4.98,36.85,20.98,0.0,0.5473,22.99,0.0
8103,43.65,0.98,31.08,11.41,0.0,0.6486,22.99,0.0
8104,43.08,3.97,19.49,3.38,0.0,0.7037,22.99,0.0
8105,42.16,2.09,8.88,0.0,8.19,0.72,22.99,0.0
8106,40.91,9.21,0.0,0.0,8.71,0.6762,22.99,0.0
8107,39.4,12.82,0.0,0.0,26.58,0.6296,0.0,0.0
8108,37.67,14.53,0.0,0.0,0.14,0.4874,22.99,0.0
8109,35.79,12.96,0.0,0.0,0.0,0.4867,22.83,0.0
8110,33.84,9.02,0.0,0.0,1.83,0.4867,22.99,0.0
8111,33.84,6.21,0.0,0.0,4.64,0.4769,22.99,0.0
8112,33.88,6.91,0.0,0.0,3.97,0.4521,22.99,0.0
8113,33.88,8.38,0.0,0.0,2.5,0.4308,22.99,0.0
8114,33.88,9.29,0.0,0.0,1.6,0.4174,22.99,0.0
8115,33.88,10.89,0.0,0.0,0.0,0.4089,22.99,0.0
8116,33.88,7.7,0.0,0.0,3.19,0.4089,22.99,0.0
8117,33.88,10.89,0.0,0.0,0.0,0.3918,22.99,0.0
8118,33.88,8.61,0.0,0.0,2.28,0.3918,22.99,0.0
8119,35.83,8.56,10.19,0.0,0.0,0.3797,17.09,0.0
8120,37.71,11.43,22.35,0.0,26.91,0.3797,0.0,22.99
8121,39.44,3.26,31.53,18.35,0.0,0.2357,22.99,0.0
8122,40.95,7.91,35.52,0.0,20.51,0.3242,0.0,22.99
8123,42.19,6.19,42.84,0.0,16.15,0.2145,0.0,22.99
8124,43.12,5.05,41.94,26.86,0.0,0.1281,22.99,0.0
8125,43.69,9.1,42.92,31.32,0.0,0.2578,22.99,0.0
8126,43.88,9.4,36.68,25.2,0.0,0.4091,22.99,0.0
8127,43.69,4.01,30.93,14.25,0.0,0.5307,22.99,0.0
8128,43.12,7.15,18.88,5.91,0.0,0.5996,22.99,0.0
8129,42.19,9.43,8.0,0.0,1.77,0.6281,22.99,0.0
8130,40.95,8.48,0.0,0.0,9.48,0.6186,22.99,0.0
8131,39.44,12.09,0.0,0.0,4.35,0.5679,22.99,0.0
8132,37.71,11.89,0.0,0.0,2.82,0.5446,22.99,0.0
8133,35.83,17.58,0.0,4.74,0.0,0.5295,22.99,0.0
8134,33.88,7.21,0.0,0.0,3.67,0.5524,22.99,0.0
8135,33.88,12.09,0.0,0.0,0.0,0.5328,21.79,0.0
8136,33.92,9.68,0.0,0.0,1.24,0.5328,22.99,0.0
8137,33.92,14.46,0.0,3.54,0.0,0.5261,22.99,0.0
8138,33.92,6.96,0.0,0.0,3.97,0.5432,22.99,0.0
8139,33.92,10.92,0.0,0.0,0.0,0.522,22.99,0.0
8140,33.92,8.96,0.0,0.0,1.96,0.522,22.99,0.0
8141,33.92,7.85,0.0,0.0,3.08,0.5115,22.99,0.0
8142,33.92,4.71,0.0,0.0,6.22,0.495,22.99,0.0
8143,35.87,7.04,11.47,5.64,0.0,0.4618,22.99,0.0
8144,37.74,11.28,21.02,0.0,28.45,0.489,0.0,22.99
8145,39.47,7.02,28.9,0.0,26.55,0.3368,0.0,22.99
8146,40.99,8.61,37.66,0.0,17.71,0.1947,0.0,22.99
8147,42.23,0.0,41.53,22.29,0.0,0.1,22.99,0.0
8148,43.16,7.0,44.03,30.87,0.0,0.2076,22.99,0.0
8149,43.73,4.45,40.59,24.31,0.0,0.3567,22.99,0.0
8150,43.92,8.1,37.1,24.27,0.0,0.4741,22.99,0.0
8151,43.73,5.34,31.27,15.88,0.0,0.5913,22.99,0.0
8152,43.16,6.14,21.14,0.0,0.0,0.668,15.88,0.0
8153,42.23,3.63,8.91,0.0,6.7,0.668,22.99,0.0
8154,40.99,12.38,0.0,0.0,5.61,0.6321,22.99,0.0
8155,39.47,8.97,0.0,0.0,7.51,0.6021,22.99,0.0
8156,37.74,11.59,0.0,0.0,3.16,0.5619,22.99,0.0
8157,35.87,8.32,0.0,0.0,21.63,0.545,5.91,0.0
8158,33.92,13.6,0.0,2.67,0.0,0.4293,22.99,0.0
8159,33.92,10.05,0.0,0.0,0.88,0.4422,22.99,0.0
8160,33.96,12.19,0.0,1.22,0.0,0.4375,22.99,0.0
8161,33.96,15.37,0.0,4.41,0.0,0.4434,22.99,0.0
8162,33.96,14.77,0.0,0.0,0.0,0.4647,19.19,0.0
8163,33.96,10.96,0.0,0.0,0.0,0.4647,22.99,0.0
8164,33.96,5.31,0.0,0.0,5.66,0.4647,22.99,0.0
8165,33.96,19.93,0.0,8.96,0.0,0.4344,22.99,0.0
8166,33.96,15.06,0.0,4.09,0.0,0.4777,22.99,0.0
8167,35.91,10.91,10.47,0.0,37.53,0.4975,0.0,22.99
8168,37.78,5.36,21.24,11.8,0.0,0.2967,22.99,0.0
8169,39.51,6.75,30.1,20.34,0.0,0.3537,22.99,0.0
8170,41.03,4.85,36.25,0.0,0.0,0.4519,0.0,0.07
8171,42.27,10.37,42.62,0.0,12.27,0.4519,0.0,22.99
8172,43.2,7.02,42.5,29.32,0.0,0.3862,22.99,0.0
8173,43.76,3.75,40.0,22.98,0.0,0.5278,22.99,0.0
8174,43.96,5.09,36.33,20.45,0.0,0.6388,22.99,0.0
8175,43.76,10.75,29.69,19.67,0.0,0.7375,22.99,0.0
8176,43.2,12.97,21.21,13.98,0.0,0.8325,22.99,0.0
8177,42.27,13.52,10.91,0.0,0.0,0.9,17.85,0.0
8178,41.03,11.86,0.0,0.0,6.18,0.9,22.99,0.0
8179,39.51,9.43,0.0,0.0,7.09,0.867,22.99,0.0
8180,37.78,0.54,0.0,0.0,14.25,0.829,22.99,0.0
8181,35.91,12.66,0.0,0.0,0.26,0.7528,22.99,0.0
8182,33.96,12.2,0.0,1.24,0.0,0.7514,22.99,0.0
8183,33.96,12.99,0.0,2.02,0.0,0.7574,22.99,0.0
8184,34.0,12.84,0.0,1.84,0.0,0.7672,22.99,0.0
8185,34.0,8.27,0.0,0.0,2.74,0.7761,22.99,0.0
8186,34.0,14.04,0.0,3.03,0.0,0.7614,22.99,0.0
8187,34.0,13.76,0.0,2.76,0.0,0.7761,22.99,0.0
8188,34.0,13.26,0.0,2.25,0.0,0.7894,22.99,0.0
8189,34.0,13.33,0.0,2.33,0.0,0.8003,22.99,0.0
8190,34.0,11.39,0.0,0.0,0.0,0.8115,22.61,0.0
8191,35.95,7.27,11.34,0.0,40.33,0.8115,0.0,22.99
8192,37.82,7.59,20.29,13.05,0.0,0.5957,22.99,0.0
8193,39.55,7.44,28.95,0.0,26.16,0.6587,0.0,22.99
8194,41.07,6.98,36.3,0.0,20.79,0.5188,0.0,22.99
8195,42.31,9.54,40.52,0.0,15.25,0.4076,0.0,22.99
8196,43.24,8.28,40.99,29.03,0.0,0.326,22.99,0.0
8197,43.8,13.03,42.66,34.88,0.0,0.4662,22.99,0.0
8198,44.0,13.77,35.97,28.73,0.0,0.6346,22.99,0.0
8199,43.8,7.4,28.44,15.03,0.0,0.7733,22.99,0.0
8200,43.24,0.0,19.33,0.0,0.91,0.8459,22.99,0.0
8201,42.31,9.97,9.34,0.0,0.0,0.841,22.99,0.0
8202,41.07,7.68,0.0,0.0,10.39,0.841,22.99,0.0
8203,39.55,7.68,0.0,0.0,50.0,0.7854,0.0,18.12
8204,37.82,9.76,0.0,0.0,5.07,0.5179,22.99,0.0
8205,35.95,10.27,0.0,0.0,2.68,0.4908,22.99,0.0
8206,34.0,11.0,0.0,0.0,0.0,0.4765,22.99,0.0
8207,34.0,7.51,0.0,0.0,3.49,0.4765,22.99,0.0
8208,34.04,9.2,0.0,0.0,1.84,0.4578,22.99,0.0
8209,34.04,13.69,0.0,2.65,0.0,0.4479,22.99,0.0
8210,34.04,14.27,0.0,3.23,0.0,0.4607,22.99,0.0
8211,34.04,11.04,0.0,0.0,0.0,0.4763,22.99,0.0
8212,34.04,8.53,0.0,0.0,2.52,0.4763,22.99,0.0
8213,34.04,7.13,0.0,0.0,3.92,0.4628,22.99,0.0
8214,34.04,7.81,0.0,0.0,3.23,0.4419,22.99,0.0
8215,35.99,9.39,8.36,4.76,0.0,0.4246,22.99,0.0
8216,37.86,12.64,19.94,0.0,0.0,0.4476,5.28,0.0
8217,39.59,0.54,28.79,0.0,33.25,0.4476,0.0,22.99
8218,41.11,5.94,35.72,0.0,22.44,0.2697,0.0,22.99
8219,42.35,2.02,40.61,23.27,0.0,0.1496,22.99,0.0
8220,43.27,0.87,42.32,0.0,19.58,0.262,0.0,19.5
8221,43.84,9.46,41.04,29.64,0.0,0.1572,22.99,0.0
8222,44.04,8.41,35.78,23.15,0.0,0.3004,22.99,0.0
8223,43.84,8.62,29.29,17.06,0.0,0.4122,22.99,0.0
8224,43.27,10.82,20.44,10.98,0.0,0.4946,22.99,0.0
8225,42.35,7.06,8.74,0.0,3.55,0.5476,22.99,0.0
8226,41.11,8.05,0.0,0.0,50.0,0.5286,0.0,16.95
8227,39.59,17.36,0.0,0.76,0.0,0.261,22.99,0.0
8228,37.86,10.27,0.0,0.0,4.6,0.2647,22.99,0.0
8229,35.99,14.12,0.0,1.13,0.0,0.2401,22.99,0.0
8230,34.04,12.28,0.0,1.23,0.0,0.2456,22.99,0.0
8231,34.04,6.6,0.0,0.0,4.44,0.2515,22.99,0.0
8232,34.08,6.1,0.0,0.0,4.99,0.2278,22.99,0.0
8233,34.08,10.73,0.0,0.0,0.36,0.2011,22.99,0.0
8234,34.08,15.69,0.0,4.61,0.0,0.1992,22.99,0.0
8235,34.08,14.31,0.0,3.23,0.0,0.2215,22.99,0.0
8236,34.08,14.05,0.0,2.97,0.0,0.2371,22.99,0.0
8237,34.08,7.12,0.0,0.0,3.96,0.2514,22.99,0.0
8238,34.08,14.7,0.0,3.62,0.0,0.2302,22.99,0.0
8239,36.03,5.52,9.6,0.0,0.0,0.2477,20.91,0.0
8240,37.9,0.0,21.4,0.0,0.0,0.2477,16.51,0.0
8241,39.63,7.15,27.87,0.0,27.6,0.2477,0.0,22.99
8242,41.15,6.11,35.76,23.72,0.0,0.1,22.99,0.0
8243,42.39,10.68,40.36,31.64,0.0,0.2146,22.99,0.0
8244,43.31,3.96,42.27,25.91,0.0,0.3674,22.99,0.0
8245,43.88,1.98,40.13,21.23,0.0,0.4924,22.99,0.0
8246,44.08,6.74,38.09,23.74,0.0,0.5949,22.99,0.0
8247,43.88,5.89,28.11,0.0,0.0,0.7096,9.88,0.0
8248,43.31,18.78,19.28,17.74,0.0,0.7096,22.99,0.0
8249,42.39,10.83,8.04,0.0,0.53,0.7953,22.99,0.0
8250,41.15,8.15,0.0,0.0,10.0,0.7924,22.99,0.0
8251,39.63,6.9,0.0,0.0,9.74,0.7389,22.99,0.0
8252,37.9,5.01,0.0,0.0,9.9,0.6868,22.99,0.0
8253,36.03,3.78,0.0,0.0,9.25,0.6338,22.99,0.0
8254,34.08,12.65,0.0,0.0,0.0,0.5843,21.43,0.0
8255,34.08,17.22,0.0,6.13,0.0,0.5843,22.99,0.0
8256,34.12,16.36,0.0,5.24,0.0,0.614,22.99,0.0
8257,34.12,13.36,0.0,2.24,0.0,0.6392,22.99,0.0
8258,34.12,11.25,0.0,0.0,0.0,0.6501,22.86,0.0
8259,34.12,12.65,0.0,1.53,0.0,0.6501,22.99,0.0
8260,34.12,9.43,0.0,0.0,1.69,0.6574,22.99,0.0
8261,34.12,15.89,0.0,4.77,0.0,0.6484,22.99,0.0
8262,34.12,8.88,0.0,0.0,2.24,0.6714,22.99,0.0
8263,36.07,8.38,8.14,0.0,0.0,0.6595,19.55,0.0
8264,37.94,0.71,14.24,0.0,0.0,0.6595,22.99,0.0
8265,39.67,6.58,27.9,0.0,28.19,0.6595,0.0,22.99
8266,41.19,9.4,35.49,0.0,19.29,0.5086,0.0,22.99
8267,42.43,2.92,41.22,0.0,0.0,0.4054,0.0,1.71
8268,43.35,3.83,42.44,25.92,0.0,0.4054,22.99,0.0
8269,43.92,8.93,40.11,0.0,17.88,0.5305,0.0,22.99
8270,44.12,1.92,36.6,17.4,0.0,0.4349,22.99,0.0
8271,43.92,10.63,29.19,18.89,0.0,0.5189,22.99,0.0
8272,43.35,6.16,19.1,4.89,0.0,0.6101,22.99,0.0
8273,42.43,7.4,11.09,0.0,0.95,0.6338,22.99,0.0
8274,41.19,5.86,0.0,0.0,12.33,0.6287,22.99,0.0
8275,39.67,11.55,0.0,0.0,5.12,0.5627,22.99,0.0
8276,37.94,19.07,0.0,4.12,0.0,0.5353,22.99,0.0
8277,36.07,14.31,0.0,1.24,0.0,0.5552,22.99,0.0
8278,34.12,9.5,0.0,0.0,1.62,0.5612,22.99,0.0
8279,34.12,16.29,0.0,5.17,0.0,0.5525,22.99,0.0
8280,34.16,11.72,0.0,0.56,0.0,0.5775,22.99,0.0
8281,34.16,17.08,0.0,5.92,0.0,0.5802,22.99,0.0
8282,34.16,14.92,0.0,3.76,0.0,0.6088,22.99,0.0
8283,34.16,2.28,0.0,0.0,8.88,0.6269,22.99,0.0
8284,34.16,7.88,0.0,0.0,3.28,0.5794,22.99,0.0
8285,34.16,13.41,0.0,2.24,0.0,0.5619,22.99,0.0
8286,34.16,10.0,0.0,0.0,1.16,0.5727,22.99,0.0
8287,36.11,5.37,10.29,0.0,0.0,0.5665,20.45,0.0
8288,37.98,5.85,21.34,0.0,33.79,0.5665,0.0,22.99
8289,39.71,1.06,29.48,0.0,32.17,0.3857,0.0,22.99
8290,41.23,6.43,36.56,0.0,21.23,0.2136,0.0,22.99
8291,42.47,13.54,39.28,0.0,0.0,0.1,0.0,10.35
8292,43.39,8.88,42.39,30.88,0.0,0.1,22.99,0.0
8293,43.96,13.47,39.96,32.47,0.0,0.2491,22.99,0.0
8294,44.16,9.57,35.52,23.92,0.0,0.4059,22.99,0.0
8295,43.96,10.55,29.01,18.59,0.0,0.5214,22.99,0.0
8296,43.39,14.28,21.19,15.07,0.0,0.6112,22.99,0.0
8297,42.47,9.9,8.31,0.0,47.26,0.684,0.0,22.99
8298,41.23,0.44,0.0,0.0,17.8,0.4311,22.99,0.0
8299,39.71,13.69,0.0,0.0,3.03,0.3359,22.99,0.0
8300,37.98,15.83,0.0,0.0,0.0,0.3197,22.15,0.0
8301,36.11,10.25,0.0,0.0,2.86,0.3197,22.99,0.0
8302,34.16,9.98,0.0,0.0,1.18,0.3044,22.99,0.0
8303,34.16,13.09,0.0,1.93,0.0,0.298,22.99,0.0
8304,34.2,15.46,0.0,4.25,0.0,0.3073,22.99,0.0
8305,34.2,15.24,0.0,4.04,0.0,0.3279,22.99,0.0
8306,34.2,0.0,0.0,0.0,11.2,0.3474,22.99,0.0
8307,34.2,18.0,0.0,6.8,0.0,0.2874,22.99,0.0
8308,34.2,9.08,0.0,0.0,2.13,0.3203,22.99,0.0
8309,34.2,9.51,0.0,0.0,1.69,0.3089,22.99,0.0
8310,34.2,6.61,0.0,0.0,4.59,0.2998,22.99,0.0
8311,36.15,17.42,10.77,15.03,0.0,0.2753,22.99,0.0
8312,38.02,0.0,15.03,0.0,0.0,0.3479,22.99,0.0
8313,39.75,4.49,28.61,16.34,0.0,0.3479,22.99,0.0
8314,41.27,9.53,37.13,0.0,17.61,0.4268,0.0,22.99
8315,42.51,8.9,41.53,0.0,15.08,0.3326,0.0,22.99
8316,43.44,5.69,37.75,0.0,0.0,0.2519,0.0,0.0
8317,44.0,9.13,42.67,30.79,0.0,0.2519,22.99,0.0
8318,44.2,4.06,36.96,19.82,0.0,0.4005,22.99,0.0
8319,44.0,0.0,30.39,9.37,0.0,0.4963,22.99,0.0
8320,43.44,1.41,21.2,2.17,0.0,0.5415,22.99,0.0
8321,42.51,4.41,10.96,0.0,4.14,0.552,22.99,0.0
8322,41.27,15.38,0.0,0.0,2.89,0.5298,22.99,0.0
8323,39.75,15.68,0.0,0.0,1.08,0.5143,22.99,0.0
8324,38.02,0.0,0.0,0.0,15.03,0.5086,22.99,0.0
8325,36.15,17.2,0.0,4.04,0.0,0.4282,22.99,0.0
8326,34.2,11.2,0.0,0.0,0.0,0.4477,22.99,0.0
8327,34.2,11.2,0.0,0.0,0.0,0.4477,22.99,0.0
8328,34.24,12.97,0.0,1.72,0.0,0.4477,22.99,0.0
8329,34.24,12.27,0.0,1.03,0.0,0.456,22.99,0.0
8330,34.24,11.24,0.0,0.0,0.0,0.461,22.99,0.0
8331,34.24,15.54,0.0,4.29,0.0,0.461,22.99,0.0
8332,34.24,11.65,0.0,0.0,0.0,0.4817,22.58,0.0
8333,34.24,12.69,0.0,1.45,0.0,0.4817,22.99,0.0
8334,34.24,12.89,0.0,0.0,0.0,0.4887,21.35,0.0
8335,36.19,9.97,11.14,0.0,0.0,0.4887,15.08,0.0
8336,38.06,4.79,22.12,0.0,34.14,0.4887,0.0,22.99
8337,39.79,0.0,16.8,0.0,0.0,0.306,22.99,0.0
8338,41.31,7.23,37.59,0.0,19.48,0.306,0.0,22.99
8339,42.55,5.87,39.64,0.0,0.0,0.2018,0.0,2.96
8340,43.48,6.6,44.04,30.16,0.0,0.2018,22.99,0.0
8341,44.05,6.37,40.79,26.11,0.0,0.3474,22.99,0.0
8342,44.24,15.11,36.62,30.48,0.0,0.4735,22.99,0.0
8343,44.05,2.96,28.51,10.42,0.0,0.6207,22.99,0.0
8344,43.48,1.5,18.88,0.0,0.11,0.671,22.99,0.0
8345,42.55,9.79,10.22,0.45,0.0,0.6704,22.99,0.0
8346,41.31,8.33,0.0,0.0,9.98,0.6725,22.99,0.0
8347,39.79,11.41,0.0,0.0,5.39,0.6191,22.99,0.0
8348,38.06,13.06,0.0,0.0,2.01,0.5903,22.99,0.0
8349,36.19,13.19,0.0,0.0,0.0,0.5795,22.99,0.0
8350,34.24,7.48,0.0,0.0,3.77,0.5795,22.99,0.0
8351,34.24,10.87,0.0,0.0,0.37,0.5594,22.99,0.0
8352,34.28,14.19,0.0,0.0,0.0,0.5574,20.09,0.0
8353,34.28,15.18,0.0,3.9,0.0,0.5574,22.99,0.0
8354,34.28,19.46,0.0,0.0,0.0,0.5762,14.82,0.0
8355,34.28,14.95,0.0,0.0,0.0,0.5762,19.33,0.0
8356,34.28,11.0,0.0,0.0,0.28,0.5762,22.99,0.0
8357,34.28,7.52,0.0,0.0,3.76,0.5747,22.99,0.0
8358,34.28,7.74,0.0,0.0,3.54,0.5545,22.99,0.0
8359,36.23,6.81,10.89,0.0,0.0,0.5356,18.53,0.0
8360,38.11,10.07,20.31,0.0,30.72,0.5356,0.0,22.99
8361,39.83,8.11,27.93,19.2,0.0,0.3712,22.99,0.0
8362,41.35,2.48,37.66,0.0,24.2,0.4639,0.0,22.99
8363,42.59,5.03,41.66,0.0,18.89,0.3344,0.0,22.99
8364,43.52,9.17,43.04,31.68,0.0,0.2334,22.99,0.0
8365,44.09,7.58,39.3,25.79,0.0,0.3864,22.99,0.0
8366,44.28,8.6,36.03,23.35,0.0,0.5109,22.99,0.0
8367,44.09,8.52,30.39,17.81,0.0,0.6236,22.99,0.0
8368,43.52,13.21,19.44,0.0,33.86,0.7096,0.0,22.99
8369,42.59,9.49,10.11,0.0,0.0,0.5285,22.99,0.0
8370,41.35,8.32,0.0,0.0,10.04,0.5285,22.99,0.0
8371,39.83,7.44,0.0,0.0,9.4,0.4748,22.99,0.0
8372,38.11,11.99,0.0,0.0,3.12,0.4245,22.99,0.0
8373,36.23,3.96,0.0,0.0,9.28,0.4078,22.99,0.0
8374,34.28,11.77,0.0,0.49,0.0,0.3581,22.99,0.0
8375,34.28,12.03,0.0,0.74,0.0,0.3605,22.99,0.0
8376,34.32,8.4,0.0,0.0,2.92,0.3641,22.99,0.0
8377,34.32,9.7,0.0,0.0,1.62,0.3484,22.99,0.0
8378,34.32,15.0,0.0,3.68,0.0,0.3397,22.99,0.0
8379,34.32,12.62,0.0,1.29,0.0,0.3575,22.99,0.0
8380,34.32,11.53,0.0,0.0,0.0,0.3637,22.79,0.0
8381,34.32,11.33,0.0,0.0,0.0,0.3637,22.99,0.0
8382,34.32,9.88,0.0,0.0,1.44,0.3637,22.99,0.0
8383,36.27,12.77,9.19,8.68,0.0,0.356,22.99,0.0
8384,38.15,8.36,19.99,13.2,0.0,0.3979,22.99,0.0
8385,39.88,2.58,28.72,0.0,31.57,0.4617,0.0,22.99
8386,41.39,12.05,34.78,0.0,17.56,0.2927,0.0,22.99
8387,42.63,7.66,39.51,0.0,18.47,0.1988,0.0,22.99
8388,43.56,4.44,43.29,27.16,0.0,0.1,22.99,0.0
8389,44.13,2.4,41.59,0.0,0.0,0.2312,0.13,0.0
8390,44.32,8.06,37.13,23.87,0.0,0.2312,22.99,0.0
8391,44.13,6.92,28.24,14.02,0.0,0.3464,22.99,0.0
8392,43.56,13.06,22.14,5.64,0.0,0.4141,14.0,0.0
8393,42.63,7.63,11.12,0.0,0.9,0.4414,22.99,0.0
8394,41.39,6.87,0.0,0.0,11.52,0.4365,22.99,0.0
8395,39.88,13.32,0.0,0.0,26.56,0.3749,0.0,0.0
8396,38.15,14.19,0.0,0.0,23.95,0.2328,0.0,0.0
8397,36.27,12.41,0.0,0.0,0.86,0.1046,22.99,0.0
8398,34.32,14.57,0.0,3.24,0.0,0.1,22.99,0.0
8399,34.32,12.58,0.0,0.0,0.0,0.1157,21.74,0.0
8400,34.36,13.59,0.0,0.0,0.0,0.1157,20.77,0.0
8401,34.36,16.49,0.0,0.0,0.0,0.1157,17.87,0.0
8402,34.36,14.42,0.0,3.05,0.0,0.1157,22.99,0.0
8403,34.36,11.34,0.0,0.0,0.03,0.1304,22.99,0.0
8404,34.36,15.59,0.0,4.22,0.0,0.1302,22.99,0.0
8405,34.36,2.78,0.0,0.0,9.46,0.1506,22.12,0.0
8406,34.36,16.23,0.0,4.87,0.0,0.1,22.99,0.0
8407,36.31,0.0,9.61,0.0,4.39,0.1235,22.31,0.0
8408,38.19,5.95,21.57,0.0,0.0,0.1,10.66,0.0
8409,39.92,0.0,30.29,0.0,0.0,0.1,9.63,0.0
8410,41.43,6.32,35.61,23.5,0.0,0.1,22.99,0.0
8411,42.68,9.73,41.34,31.39,0.0,0.2135,22.99,0.0
8412,43.6,2.94,43.64,25.98,0.0,0.365,22.99,0.0
8413,44.17,7.32,39.83,25.97,0.0,0.4905,22.99,0.0
8414,44.36,4.93,35.99,19.55,0.0,0.6159,22.99,0.0
8415,44.17,8.26,28.99,16.08,0.0,0.7103,22.99,0.0
8416,43.6,7.77,21.83,0.0,0.0,0.7879,14.0,0.0
8417,42.68,9.06,9.95,0.0,0.68,0.7879,22.99,0.0
8418,41.43,7.82,0.0,0.0,10.62,0.7843,22.99,0.0
8419,39.92,8.78,0.0,0.0,8.14,0.7275,22.99,0.0
8420,38.19,12.14,0.0,0.0,3.05,0.684,22.99,0.0
8421,36.31,14.94,0.0,0.0,0.0,0.6676,21.38,0.0
8422,34.36,10.46,0.0,0.0,0.9,0.6676,22.99,0.0
8423,34.36,9.91,0.0,0.0,1.46,0.6628,22.99,0.0
8424,34.4,14.83,0.0,3.42,0.0,0.655,22.99,0.0
8425,34.4,12.63,0.0,0.0,0.0,0.6715,21.77,0.0
8426,34.4,15.1,0.0,3.69,0.0,0.6715,22.99,0.0
8427,34.4,8.97,0.0,0.0,2.44,0.6893,22.99,0.0
8428,34.4,5.47,0.0,0.0,28.57,0.6763,0.36,0.0
8429,34.4,8.72,0.0,0.0,2.69,0.5234,22.99,0.0
8430,34.4,7.13,0.0,0.0,4.28,0.509,22.99,0.0
8431,36.35,8.52,9.43,4.59,0.0,0.4862,22.99,0.0
8432,38.23,5.93,20.34,0.0,34.95,0.5083,0.0,22.99
8433,39.96,9.72,28.91,21.67,0.0,0.3213,22.99,0.0
8434,41.47,5.88,37.18,24.57,0.0,0.4259,22.99,0.0
8435,42.72,6.97,42.5,0.0,16.24,0.5446,0.0,22.99
8436,43.64,6.89,43.37,29.61,0.0,0.4577,22.99,0.0
8437,44.21,7.12,40.08,0.0,20.01,0.6007,0.0,22.99
8438,44.4,6.73,37.4,22.72,0.0,0.4937,22.99,0.0
8439,44.21,8.97,28.4,0.0,0.0,0.6034,6.83,0.0
8440,43.64,5.42,20.92,5.69,0.0,0.6034,22.99,0.0
8441,42.72,13.3,6.42,0.0,0.0,0.6308,22.99,0.0
8442,41.47,8.85,0.0,0.0,9.64,0.6308,22.99,0.0
8443,39.96,6.21,0.0,0.0,10.76,0.5793,22.99,0.0
8444,38.23,11.84,0.0,0.0,3.4,0.5217,22.99,0.0
8445,36.35,9.14,0.0,0.0,4.22,0.5035,22.99,0.0
8446,34.4,14.56,0.0,3.15,0.0,0.481,22.99,0.0
8447,34.4,19.88,0.0,8.47,0.0,0.4962,22.99,0.0
8448,34.45,10.31,0.0,0.0,1.14,0.5371,22.99,0.0
8449,34.45,13.82,0.0,2.37,0.0,0.531,22.99,0.0
8450,34.45,6.75,0.0,0.0,4.71,0.5425,22.99,0.0
8451,34.45,13.38,0.0,1.93,0.0,0.5173,22.99,0.0
8452,34.45,8.38,0.0,0.0,3.08,0.5266,22.99,0.0
8453,34.45,8.44,0.0,0.0,3.01,0.5102,22.99,0.0
8454,34.45,6.06,0.0,0.0,5.39,0.494,22.99,0.0
8455,36.4,11.15,9.16,6.91,0.0,0.4652,22.99,0.0
8456,38.27,11.26,21.16,17.14,0.0,0.4986,22.99,0.0
8457,40.0,7.41,30.24,0.0,25.34,0.5814,0.0,22.99
8458,41.52,4.03,35.12,20.62,0.0,0.4458,22.99,0.0
8459,42.76,11.64,39.14,0.0,14.98,0.5454,0.0,22.99
8460,43.68,3.96,40.78,0.0,0.0,0.4652,0.0,1.06
8461,44.25,0.0,41.02,19.76,0.0,0.4652,22.99,0.0
8462,44.45,8.3,35.88,22.74,0.0,0.5607,22.99,0.0
8463,44.25,3.76,28.24,10.74,0.0,0.6704,22.99,0.0
8464,43.68,11.2,19.36,9.87,0.0,0.7223,22.99,0.0
8465,42.76,7.55,9.21,0.0,3.0,0.77,22.99,0.0
8466,41.52,11.58,0.0,0.0,6.95,0.7539,22.99,0.0
8467,40.0,14.99,0.0,0.0,2.01,0.7168,22.99,0.0
8468,38.27,7.33,0.0,0.0,30.94,0.706,0.0,0.0
8469,36.4,10.08,0.0,0.0,3.32,0.5404,22.99,0.0
8470,34.45,12.18,0.0,0.73,0.0,0.5227,22.99,0.0
8471,34.45,17.72,0.0,6.27,0.0,0.5262,22.99,0.0
8472,34.49,10.74,0.0,0.0,0.75,0.5564,22.99,0.0
8473,34.49,10.84,0.0,0.0,0.66,0.5524,22.99,0.0
8474,34.49,13.98,0.0,2.49,0.0,0.5489,22.99,0.0
8475,34.49,10.06,0.0,0.0,1.44,0.5609,22.99,0.0
8476,34.49,11.75,0.0,0.0,0.0,0.5532,22.74,0.0
8477,34.49,5.45,0.0,0.0,6.04,0.5532,22.99,0.0
8478,34.49,16.8,0.0,5.3,0.0,0.5209,22.99,0.0
8479,36.44,4.44,8.82,0.0,0.19,0.5465,22.99,0.0
8480,38.31,6.98,19.14,10.8,0.0,0.5455,22.99,0.0
8481,40.04,7.24,30.11,0.0,25.68,0.5976,0.0,22.99
8482,41.56,13.02,36.25,0.0,15.28,0.4602,0.0,22.99
8483,42.8,2.23,40.23,0.0,23.34,0.3785,0.0,22.99
8484,43.73,12.82,40.79,32.88,0.0,0.2536,22.99,0.0
8485,44.3,8.96,40.67,28.33,0.0,0.4124,22.99,0.0
8486,44.49,8.18,35.07,21.76,0.0,0.5492,22.99,0.0
8487,44.3,4.16,28.96,11.83,0.0,0.6543,22.99,0.0
8488,43.73,9.87,21.63,10.77,0.0,0.7114,22.99,0.0
8489,42.8,6.46,10.06,0.0,3.29,0.7634,22.99,0.0
8490,41.56,13.73,0.0,0.0,4.83,0.7458,22.99,0.0
8491,40.04,7.33,0.0,0.0,50.0,0.7199,0.0,17.29
8492,38.31,10.89,0.0,0.0,4.43,0.4524,22.99,0.0
8493,36.44,10.13,0.0,0.0,3.32,0.4287,22.99,0.0
8494,34.49,9.24,0.0,0.0,2.25,0.4109,22.99,0.0
8495,34.49,15.16,0.0,3.66,0.0,0.3989,22.99,0.0
8496,34.53,14.61,0.0,3.08,0.0,0.4166,22.99,0.0
8497,34.53,16.68,0.0,5.15,0.0,0.4314,22.99,0.0
8498,34.53,6.69,0.0,0.0,4.85,0.4563,22.99,0.0
8499,34.53,15.38,0.0,3.84,0.0,0.4303,22.99,0.0
8500,34.53,11.54,0.0,0.0,0.0,0.4489,22.99,0.0
8501,34.53,9.02,0.0,0.0,2.51,0.4489,22.99,0.0
8502,34.53,15.78,0.0,4.24,0.0,0.4354,22.99,0.0
8503,36.48,7.96,7.95,2.43,0.0,0.4559,22.99,0.0
8504,38.36,3.59,21.89,0.0,35.87,0.4676,0.0,22.99
8505,40.09,6.37,30.93,0.0,25.78,0.2757,0.0,22.99
8506,41.6,10.24,37.58,29.21,0.0,0.1378,22.99,0.0
8507,42.84,3.81,41.04,0.0,20.98,0.2788,0.0,22.99
8508,43.77,4.47,41.37,25.07,0.0,0.1666,22.99,0.0
8509,44.34,8.44,42.38,29.48,0.0,0.2876,22.99,0.0
8510,44.53,6.85,35.16,20.48,0.0,0.43,22.99,0.0
8511,44.34,9.25,30.62,18.52,0.0,0.5288,22.99,0.0
8512,43.77,8.8,18.62,6.65,0.0,0.6183,22.99,0.0
8513,42.84,10.36,10.39,0.9,0.0,0.6504,22.99,0.0
8514,41.6,8.25,0.0,0.0,10.36,0.6547,22.99,0.0
8515,40.09,11.23,0.0,0.0,5.86,0.5993,22.99,0.0
8516,38.36,8.26,0.0,0.0,7.1,0.5679,22.99,0.0
8517,36.48,13.49,0.0,0.0,0.0,0.53,22.99,0.0
8518,34.53,10.4,0.0,0.0,47.13,0.53,0.0,22.99
8519,34.53,16.42,0.0,4.89,0.0,0.2778,22.99,0.0
8520,34.57,12.14,0.0,0.56,0.0,0.3014,22.99,0.0
8521,34.57,13.43,0.0,1.86,0.0,0.3041,22.99,0.0
8522,34.57,10.86,0.0,0.0,0.72,0.3131,22.99,0.0
8523,34.57,8.66,0.0,0.0,2.92,0.3092,22.99,0.0
8524,34.57,5.63,0.0,0.0,5.95,0.2936,22.99,0.0
8525,34.57,7.08,0.0,0.0,4.5,0.2617,22.99,0.0
8526,34.57,8.61,0.0,0.0,2.97,0.2377,22.99,0.0
8527,36.52,9.5,11.27,7.25,0.0,0.2218,22.99,0.0
8528,38.4,11.31,20.78,0.0,29.31,0.2568,0.0,22.99
8529,40.13,5.93,14.45,3.24,0.0,0.1,22.99,0.0
8530,41.64,4.0,36.0,21.36,0.0,0.1156,22.99,0.0
8531,42.89,1.87,41.82,0.0,22.2,0.2188,0.0,22.99
8532,43.81,7.97,44.19,31.35,0.0,0.1,22.99,0.0
8533,44.38,11.01,42.24,31.86,0.0,0.2514,22.99,0.0
8534,44.57,10.95,37.4,26.78,0.0,0.4052,22.99,0.0
8535,44.38,9.67,27.81,16.09,0.0,0.5345,22.99,0.0
8536,43.81,10.1,21.1,10.38,0.0,0.6122,22.99,0.0
8537,42.89,14.31,8.13,0.0,0.0,0.6624,20.45,0.0
8538,41.64,10.73,0.0,0.0,7.92,0.6624,22.99,0.0
8539,40.13,12.58,0.0,0.0,50.0,0.62,0.0,22.46
8540,38.4,10.24,0.0,0.0,5.17,0.3525,22.99,0.0
8541,36.52,7.54,0.0,0.0,5.99,0.3248,22.99,0.0
8542,34.57,10.25,0.0,0.0,1.33,0.2928,22.99,0.0
8543,34.57,12.75,0.0,1.17,0.0,0.2856,22.99,0.0
8544,34.61,13.1,0.0,1.48,0.0,0.2913,22.99,0.0
8545,34.61,19.02,0.0,7.4,0.0,0.2984,22.99,0.0
8546,34.61,12.73,0.0,1.11,0.0,0.3342,22.99,0.0
8547,34.61,15.77,0.0,4.15,0.0,0.3395,22.99,0.0
8548,34.61,9.88,0.0,0.0,17.09,0.3595,7.65,0.0
8549,34.61,9.49,0.0,0.0,2.13,0.2681,22.99,0.0
8550,34.61,5.37,0.0,0.0,6.25,0.2567,22.99,0.0
8551,36.57,6.43,10.31,3.16,0.0,0.2233,22.99,0.0
8552,38.44,9.75,20.15,0.0,0.0,0.2385,8.54,0.0
8553,40.17,7.4,29.87,0.0,25.89,0.2385,0.0,22.99
8554,41.69,9.91,35.83,27.06,0.0,0.1,22.99,0.0
8555,42.93,1.09,41.84,0.0,0.0,0.2307,0.0,0.0
8556,43.85,5.29,43.88,28.31,0.0,0.2307,22.99,0.0
8557,44.42,13.49,41.98,11.04,0.0,0.3674,0.0,0.0
8558,44.61,6.56,36.7,21.64,0.0,0.4207,22.99,0.0
8559,44.42,11.14,29.4,19.11,0.0,0.5252,22.99,0.0
8560,43.85,6.75,19.83,0.0,0.0,0.6175,17.27,0.0
8561,42.93,11.12,8.03,0.0,0.78,0.6175,22.99,0.0
8562,41.69,12.67,0.0,0.0,50.0,0.6133,0.0,20.98
8563,40.17,11.18,0.0,0.0,28.99,0.3458,0.0,0.0
8564,38.44,3.67,0.0,0.0,15.38,0.1906,19.4,0.0
8565,36.57,12.01,0.0,0.0,1.56,0.1083,22.99,0.0
8566,34.61,16.45,0.0,4.83,0.0,0.1,22.99,0.0
8567,34.61,14.5,0.0,2.88,0.0,0.1233,22.99,0.0
8568,34.66,14.35,0.0,2.69,0.0,0.1372,22.99,0.0
8569,34.66,7.23,0.0,0.0,4.44,0.1502,22.99,0.0
8570,34.66,10.14,0.0,0.0,1.52,0.1264,22.99,0.0
8571,34.66,13.29,0.0,1.63,0.0,0.1183,22.99,0.0
8572,34.66,12.62,0.0,0.96,0.0,0.1262,22.99,0.0
8573,34.66,14.44,0.0,2.78,0.0,0.1308,22.99,0.0
8574,34.66,9.2,0.0,0.0,2.46,0.1442,22.99,0.0
8575,36.61,10.15,11.02,7.55,0.0,0.131,22.99,0.0
8576,38.48,8.11,19.14,9.01,0.0,0.1675,20.24,0.0
8577,40.21,4.19,30.84,17.81,0.0,0.211,22.99,0.0
8578,41.73,0.0,37.36,18.62,0.0,0.297,22.99,0.0
8579,42.97,7.94,39.43,0.0,18.59,0.387,0.0,22.99
8580,43.9,7.0,43.53,29.63,0.0,0.2875,22.99,0.0
8581,44.46,4.55,41.94,25.02,0.0,0.4306,22.99,0.0
8582,44.66,1.63,38.09,18.06,0.0,0.5514,22.99,0.0
8583,44.46,9.42,28.22,16.17,0.0,0.6386,22.99,0.0
8584,43.9,7.2,20.65,6.94,0.0,0.7167,22.99,0.0
8585,42.97,10.64,9.89,0.55,0.0,0.7502,22.99,0.0
8586,41.73,15.7,0.0,0.0,3.03,0.7529,22.99,0.0
8587,40.21,3.58,0.0,0.0,13.63,0.7367,22.99,0.0
8588,38.48,9.03,0.0,0.0,6.46,0.6637,22.99,0.0
8589,36.61,11.28,0.0,0.0,2.33,0.6291,22.99,0.0
8590,34.66,17.18,0.0,5.52,0.0,0.6167,22.99,0.0
8591,34.66,7.5,0.0,0.0,4.16,0.6433,22.99,0.0
8592,34.7,11.71,0.0,0.0,0.0,0.6211,22.99,0.0
8593,34.7,11.71,0.0,0.0,0.0,0.6211,22.99,0.0
8594,34.7,12.17,0.0,0.47,0.0,0.6211,22.99,0.0
8595,34.7,11.33,0.0,0.0,0.38,0.6233,22.99,0.0
8596,34.7,9.89,0.0,0.0,1.82,0.6213,22.99,0.0
8597,34.7,13.91,0.0,2.2,0.0,0.6115,22.99,0.0
8598,34.7,6.22,0.0,0.0,5.48,0.6222,22.99,0.0
8599,36.65,9.96,8.22,4.52,0.0,0.5929,22.99,0.0
8600,38.53,6.82,21.07,0.0,33.63,0.6147,0.0,22.99
8601,40.26,4.93,29.84,0.0,28.48,0.4347,0.0,22.99
8602,41.77,15.24,35.04,0.0,14.48,0.2823,0.0,22.99
8603,43.01,7.91,39.98,27.87,0.0,0.2049,22.99,0.0
8604,43.94,8.43,41.44,28.93,0.0,0.3395,22.99,0.0
8605,44.51,10.24,41.49,30.22,0.0,0.4791,22.99,0.0
8606,44.7,2.28,35.31,15.89,0.0,0.625,22.99,0.0
8607,44.51,13.06,30.33,21.88,0.0,0.7018,22.99,0.0
8608,43.94,0.0,21.04,0.0,0.0,0.8074,22.9,0.0
8609,43.01,6.36,9.28,0.0,4.38,0.8074,22.99,0.0
8610,41.77,8.2,0.0,0.0,10.58,0.784,22.99,0.0
8611,40.26,12.4,0.0,0.0,50.0,0.7274,0.0,22.14
8612,38.53,12.01,0.0,0.0,3.53,0.4598,22.99,0.0
8613,36.65,11.43,0.0,0.0,2.23,0.441,22.99,0.0
8614,34.7,12.44,0.0,0.74,0.0,0.429,22.99,0.0
8615,34.7,9.64,0.0,0.0,2.06,0.4326,22.99,0.0
8616,34.74,8.08,0.0,0.0,3.67,0.4216,22.99,0.0
8617,34.74,15.16,0.0,3.41,0.0,0.4019,22.99,0.0
8618,34.74,14.73,0.0,2.98,0.0,0.4184,22.99,0.0
8619,34.74,11.75,0.0,0.0,0.0,0.4328,22.99,0.0
8620,34.74,8.75,0.0,0.0,3.0,0.4328,22.99,0.0
8621,34.74,12.76,0.0,1.02,0.0,0.4168,22.99,0.0
8622,34.74,8.77,0.0,0.0,2.98,0.4217,22.99,0.0
8623,36.69,12.7,8.39,7.4,0.0,0.4057,22.99,0.0
8624,38.57,11.38,19.89,15.69,0.0,0.4414,22.99,0.0
8625,40.3,8.08,27.83,18.61,0.0,0.5172,22.99,0.0
8626,41.81,5.79,37.25,0.0,21.77,0.6071,0.0,22.99
8627,43.06,9.67,42.68,0.0,13.7,0.4906,0.0,22.99
8628,43.98,8.54,41.51,29.06,0.0,0.4173,22.99,0.0
8629,44.55,4.35,42.35,25.15,0.0,0.5576,22.99,0.0
8630,44.74,2.59,35.63,0.0,0.0,0.6791,6.52,0.0
8631,44.55,6.47,30.64,15.55,0.0,0.6791,22.99,0.0
8632,43.98,12.97,19.79,11.77,0.0,0.7541,22.99,0.0
8633,43.06,12.56,10.14,2.63,0.0,0.811,22.99,0.0
8634,41.81,6.09,0.0,0.0,12.73,0.8237,22.99,0.0
8635,40.3,6.75,0.0,0.0,10.56,0.7556,22.99,0.0
8636,38.57,15.43,0.0,0.0,0.15,0.6991,22.99,0.0
8637,36.69,8.3,0.0,0.0,5.4,0.6983,22.99,0.0
8638,34.74,14.14,0.0,2.39,0.0,0.6694,22.99,0.0
8639,34.74,10.82,0.0,0.0,0.93,0.6809,22.99,0.0
8640,34.79,18.16,0.0,6.37,0.0,0.676,22.99,0.0
8641,34.79,10.32,0.0,0.0,1.47,0.7067,22.99,0.0
8642,34.79,16.19,0.0,4.4,0.0,0.6989,22.99,0.0
8643,34.79,12.58,0.0,0.0,0.0,0.7201,22.21,0.0
8644,34.79,11.79,0.0,0.0,0.0,0.7201,22.99,0.0
8645,34.79,4.16,0.0,0.0,7.64,0.7201,22.99,0.0
8646,34.79,2.57,0.0,0.0,9.22,0.6793,22.99,0.0
8647,36.74,8.14,8.8,3.2,0.0,0.6299,22.99,0.0
8648,38.61,8.87,21.85,15.1,0.0,0.6454,22.99,0.0
8649,40.34,3.77,29.29,0.0,30.28,0.7183,0.0,22.99
8650,41.86,3.37,35.99,20.5,0.0,0.5563,22.99,0.0
8651,43.1,8.38,39.39,0.0,18.32,0.6553,0.0,22.99
8652,44.02,8.28,40.73,27.98,0.0,0.5572,22.99,0.0
8653,44.59,6.12,40.59,0.0,0.0,0.6923,0.0,2.12
8654,44.79,9.41,37.49,25.11,0.0,0.6923,22.99,0.0
8655,44.59,3.61,27.66,9.67,0.0,0.8136,22.99,0.0
8656,44.02,6.92,20.07,5.97,0.0,0.8602,22.99,0.0
8657,43.1,14.19,10.87,0.0,41.04,0.8891,0.0,22.99
8658,41.86,9.91,0.0,0.0,8.95,0.6695,22.99,0.0
8659,40.34,10.94,0.0,0.0,6.41,0.6216,22.99,0.0
8660,38.61,18.77,0.0,3.15,0.0,0.5873,22.99,0.0
8661,36.74,7.45,0.0,0.0,6.29,0.6025,22.99,0.0
8662,34.79,15.07,0.0,3.28,0.0,0.5689,22.99,0.0
8663,34.79,18.2,0.0,6.41,0.0,0.5847,22.99,0.0
8664,34.83,11.83,0.0,0.0,0.0,0.6156,22.99,0.0
8665,34.83,15.6,0.0,0.0,42.22,0.6156,0.0,22.99
8666,34.83,9.32,0.0,0.0,2.51,0.3897,22.99,0.0
8667,34.83,9.76,0.0,0.0,2.07,0.3763,22.99,0.0
8668,34.83,12.56,0.0,0.72,0.0,0.3652,22.99,0.0
8669,34.83,13.12,0.0,1.28,0.0,0.3687,22.99,0.0
8670,34.83,11.83,0.0,0.0,0.0,0.3749,22.99,0.0
8671,36.78,13.94,10.64,10.79,0.0,0.3749,22.99,0.0
8672,38.65,7.86,20.29,0.0,0.0,0.427,10.5,0.0
8673,40.38,11.27,28.45,22.33,0.0,0.427,22.99,0.0
8674,41.9,5.79,37.78,0.0,21.33,0.5348,0.0,22.99
8675,43.14,9.49,40.46,0.0,16.18,0.4207,0.0,22.99
8676,44.07,7.13,43.09,29.15,0.0,0.3341,22.99,0.0
8677,44.64,8.01,41.59,27.96,0.0,0.4749,22.99,0.0
8678,44.83,8.26,38.06,24.49,0.0,0.6099,22.99,0.0
8679,44.64,2.22,29.1,9.68,0.0,0.7282,22.99,0.0
8680,44.07,4.44,19.55,2.92,0.0,0.7749,22.99,0.0
8681,43.14,9.19,10.79,0.0,0.16,0.789,22.99,0.0
8682,41.9,4.24,0.0,0.0,14.67,0.7881,22.99,0.0
8683,40.38,13.22,0.0,0.0,4.17,0.7097,22.99,0.0
8684,38.65,14.13,0.0,0.0,1.53,0.6874,22.99,0.0
8685,36.78,13.04,0.0,0.0,0.74,0.6792,22.99,0.0
8686,34.83,8.87,0.0,0.0,2.96,0.6752,22.99,0.0
8687,34.83,17.29,0.0,5.45,0.0,0.6594,22.99,0.0
8688,34.87,19.52,0.0,0.0,38.34,0.6857,0.0,22.99
8689,34.87,13.3,0.0,1.42,0.0,0.4805,22.99,0.0
8690,34.87,14.15,0.0,2.28,0.0,0.4874,22.99,0.0
8691,34.87,12.64,0.0,0.76,0.0,0.4984,22.99,0.0
8692,34.87,13.03,0.0,1.16,0.0,0.5021,22.99,0.0
8693,34.87,10.15,0.0,0.0,1.73,0.5077,22.99,0.0
8694,34.87,9.59,0.0,0.0,2.29,0.4984,22.99,0.0
8695,36.82,11.79,8.03,0.0,0.0,0.4862,17.0,0.0
8696,38.7,15.67,18.77,0.0,0.0,0.4862,4.25,0.0
8697,40.43,2.88,31.3,0.0,29.23,0.4862,0.0,22.99
8698,41.94,6.56,38.11,0.0,20.26,0.3298,0.0,22.99
8699,43.19,2.76,40.75,0.0,22.68,0.2213,0.0,22.99
8700,44.11,11.61,43.01,33.51,0.0,0.1,22.99,0.0
8701,44.68,4.67,41.72,24.7,0.0,0.2618,22.99,0.0
8702,44.87,2.23,36.82,17.17,0.0,0.3811,22.99,0.0
8703,44.68,9.48,28.26,16.05,0.0,0.464,22.99,0.0
8704,44.11,13.72,21.19,11.4,0.0,0.5415,20.6,0.0
8705,43.19,7.67,8.51,0.0,50.0,0.5966,0.0,22.99
8706,41.94,10.36,0.0,0.0,8.59,0.329,22.99,0.0
8707,40.43,11.86,0.0,0.0,5.57,0.2831,22.99,0.0
8708,38.7,15.89,0.0,0.0,0.0,0.2533,22.8,0.0
8709,36.82,9.16,0.0,0.0,4.67,0.2533,22.99,0.0
8710,34.87,11.88,0.0,0.0,0.0,0.2283,22.99,0.0
8711,34.87,11.36,0.0,0.0,0.52,0.2283,22.99,0.0
8712,34.91,9.16,0.0,0.0,2.76,0.2255,22.99,0.0
8713,34.91,11.76,0.0,0.0,0.16,0.2108,22.99,0.0
8714,34.91,16.09,0.0,4.17,0.0,0.2099,22.99,0.0
8715,34.91,13.82,0.0,1.9,0.0,0.2301,22.99,0.0
8716,34.91,13.4,0.0,0.0,0.0,0.2392,21.51,0.0
8717,34.91,11.01,0.0,0.0,0.91,0.2392,22.99,0.0
8718,34.91,11.39,0.0,0.0,0.53,0.2344,22.99,0.0
8719,36.86,6.28,11.3,0.0,0.0,0.2316,19.29,0.0
8720,38.74,7.08,20.6,0.0,0.0,0.2316,11.06,0.0
8721,40.47,8.04,30.84,0.0,24.59,0.2316,0.0,22.99
8722,41.99,7.8,37.89,26.69,0.0,0.1,22.99,0.0
8723,43.23,7.61,39.83,25.23,0.0,0.2289,21.02,0.0
8724,44.15,0.0,41.1,19.94,0.0,0.3507,22.99,0.0
8725,44.72,5.36,39.68,23.31,0.0,0.447,22.99,0.0
8726,44.91,17.12,27.8,0.0,0.0,0.5596,0.0,0.0
8727,44.72,0.0,28.81,7.08,0.0,0.5596,22.99,0.0
8728,44.15,0.36,20.8,0.0,0.0,0.5938,22.99,0.0
8729,43.23,8.11,9.18,0.0,2.94,0.5938,22.99,0.0
8730,41.99,8.24,0.0,0.0,10.75,0.5781,22.99,0.0
8731,40.47,10.12,0.0,0.0,7.36,0.5205,22.99,0.0
8732,38.74,12.27,0.0,0.0,3.48,0.4812,22.99,0.0
8733,36.86,5.91,0.0,0.0,7.96,0.4625,22.99,0.0
8734,34.91,7.43,0.0,0.0,27.49,0.4199,0.0,0.0
8735,34.91,10.77,0.0,0.0,1.15,0.2729,22.99,0.0
8736,34.96,13.61,0.0,0.0,0.0,0.2667,21.35,0.0
8737,34.96,12.05,0.0,0.0,0.0,0.2667,22.9,0.0
8738,34.96,17.29,0.0,5.32,0.0,0.2667,22.99,0.0
8739,34.96,7.2,0.0,0.0,4.77,0.2924,22.99,0.0
8740,34.96,8.89,0.0,0.0,3.07,0.2669,22.99,0.0
8741,34.96,15.46,0.0,3.49,0.0,0.2504,22.99,0.0
8742,34.96,10.13,0.0,0.0,1.84,0.2673,22.99,0.0
8743,36.91,11.73,10.23,8.04,0.0,0.2575,22.99,0.0
8744,38.78,14.72,21.15,20.08,0.0,0.2963,22.99,0.0
8745,40.51,5.17,28.23,0.0,30.11,0.3933,0.0,22.99
8746,42.03,6.58,37.95,25.5,0.0,0.2322,22.99,0.0
8747,43.27,5.7,42.55,0.0,18.01,0.3553,0.0,22.99
8748,44.2,0.15,42.55,21.49,0.0,0.259,22.99,0.0
8749,44.76,5.58,42.28,26.08,0.0,0.3627,22.99,0.0
8750,44.96,9.75,36.38,24.17,0.0,0.4887,22.99,0.0
8751,44.76,9.16,29.11,16.5,0.0,0.6054,22.99,0.0
8752,44.2,10.09,19.64,8.53,0.0,0.6851,22.99,0.0
8753,43.27,7.65,8.7,0.0,3.93,0.7262,22.99,0.0
8754,42.03,7.58,0.0,0.0,11.45,0.7052,22.99,0.0
8755,40.51,14.65,0.0,0.0,25.87,0.6439,0.0,0.0
8756,38.78,9.71,0.0,0.0,6.08,0.5055,22.99,0.0
8757,36.91,12.94,0.0,0.0,0.97,0.473,22.99,0.0
8758,34.96,13.03,0.0,1.07,0.0,0.4678,22.99,0.0
8759,34.96,17.56,0.0,5.59,0.0,0.473,22.99,0.0
