Hour,Load,P_WT,P_PV,P_ST_Charge,P_ST_Discharge,SOC,P_Grid_Buy,P_Grid_Sell
0,35.0,2.3,0.0,0.0,2.7,0.5,30.0,0.0
1,35.0,1.95,0.0,0.0,3.05,0.4791,30.0,0.0
2,35.0,2.3,0.0,0.0,2.7,0.4557,30.0,0.0
3,35.0,2.67,0.0,0.0,2.33,0.4349,30.0,0.0
4,35.0,1.67,0.0,0.0,3.33,0.4169,30.0,0.0
5,35.0,1.54,0.0,0.0,3.46,0.3912,30.0,0.0
6,35.0,2.34,0.0,0.0,2.66,0.3645,30.0,0.0
7,36.95,1.79,7.6,2.44,0.0,0.344,30.0,0.0
8,38.83,1.04,17.3,9.51,0.0,0.361,30.0,0.0
9,40.56,1.45,25.36,16.25,0.0,0.4271,30.0,0.0
10,42.07,0.85,31.48,0.0,3.94,0.5402,5.8,0.0
11,43.31,0.0,0.0,0.0,43.31,0.5099,0.0,0.0
12,44.24,1.14,36.22,23.13,0.0,0.1758,30.0,0.0
13,44.81,0.06,36.12,21.38,0.0,0.3368,30.0,0.0
14,45.0,0.21,31.31,16.52,0.0,0.4856,30.0,0.0
15,44.81,0.88,24.28,10.36,0.0,0.6006,30.0,0.0
16,44.24,0.76,18.23,4.75,0.0,0.6727,30.0,0.0
17,43.31,1.56,9.18,0.0,2.57,0.7057,30.0,0.0
18,42.07,1.07,0.0,0.0,11.0,0.6858,30.0,0.0
19,40.56,0.94,0.0,0.0,9.61,0.601,30.0,0.0
20,38.83,2.53,0.0,0.0,6.29,0.5269,30.0,0.0
21,36.95,1.78,0.0,0.0,5.17,0.4783,30.0,0.0
22,35.0,2.01,0.0,0.0,2.99,0.4384,30.0,0.0
23,35.0,1.3,0.0,0.0,3.7,0.4154,30.0,0.0
24,35.04,1.76,0.0,0.0,3.28,0.3868,30.0,0.0
25,35.04,2.08,0.0,0.0,2.96,0.3615,30.0,0.0
26,35.04,1.39,0.0,0.0,3.66,0.3387,30.0,0.0
27,35.04,2.08,0.0,0.0,2.96,0.3105,30.0,0.0
28,35.04,1.48,0.0,0.0,3.56,0.2877,30.0,0.0
29,35.04,1.51,0.0,0.0,3.53,0.2602,30.0,0.0
30,35.04,1.22,0.0,0.0,3.82,0.233,30.0,0.0
31,36.99,2.34,8.39,3.74,0.0,0.2035,30.0,0.0
32,38.87,1.27,17.47,9.87,0.0,0.2295,30.0,0.0
33,40.6,0.63,25.07,15.1,0.0,0.2983,30.0,0.0
34,42.11,1.51,31.26,0.0,39.34,0.4034,0.0,30.0
35,43.36,0.42,35.38,1.92,0.0,0.1,9.48,0.0
36,44.28,1.13,36.3,23.15,0.0,0.1133,30.0,0.0
37,44.85,0.04,33.57,18.75,0.0,0.2745,30.0,0.0
38,45.04,0.41,29.65,15.02,0.0,0.405,30.0,0.0
39,44.85,1.27,25.05,11.47,0.0,0.5095,30.0,0.0
40,44.28,1.65,16.87,4.24,0.0,0.5893,30.0,0.0
41,43.36,1.49,9.38,0.0,2.49,0.6189,30.0,0.0
42,42.11,1.47,0.0,0.0,10.64,0.5997,30.0,0.0
43,40.6,1.51,0.0,0.0,9.09,0.5176,30.0,0.0
44,38.87,1.03,0.0,0.0,7.84,0.4475,30.0,0.0
45,36.99,1.52,0.0,0.0,5.47,0.3871,30.0,0.0
46,35.04,1.74,0.0,0.0,3.3,0.3449,30.0,0.0
47,35.04,2.56,0.0,0.0,2.48,0.3194,30.0,0.0
48,35.09,2.22,0.0,0.0,2.87,0.3003,30.0,0.0
49,35.09,1.12,0.0,0.0,3.96,0.2781,30.0,0.0
50,35.09,2.14,0.0,0.0,2.95,0.2476,30.0,0.0
51,35.09,1.7,0.0,0.0,3.39,0.2249,30.0,0.0
52,35.09,1.44,0.0,0.0,3.65,0.1987,30.0,0.0
53,35.09,1.98,0.0,0.0,3.11,0.1706,30.0,0.0
54,35.09,2.06,0.0,0.0,3.03,0.1466,30.0,0.0
55,37.04,1.87,8.81,3.64,0.0,0.1233,30.0,0.0
56,38.91,0.85,17.54,9.48,0.0,0.1486,30.0,0.0
57,40.64,1.01,24.52,14.89,0.0,0.2146,30.0,0.0
58,42.16,1.26,29.9,0.0,0.0,0.3182,10.99,0.0
59,43.4,0.0,34.81,0.0,0.0,0.3182,8.6,0.0
60,44.32,0.78,35.59,22.05,0.0,0.3182,30.0,0.0
61,44.89,0.94,34.57,20.62,0.0,0.4716,30.0,0.0
62,45.09,0.52,30.68,16.12,0.0,0.6151,30.0,0.0
63,44.89,0.56,24.54,10.21,0.0,0.7274,30.0,0.0
64,44.32,1.69,16.22,3.58,0.0,0.7984,30.0,0.0
65,43.4,2.09,9.49,0.0,1.82,0.8233,30.0,0.0
66,42.16,1.49,0.0,0.0,10.66,0.8093,30.0,0.0
67,40.64,2.18,0.0,0.0,8.47,0.7271,30.0,0.0
68,38.91,1.97,0.0,0.0,6.94,0.6618,30.0,0.0
69,37.04,1.56,0.0,0.0,5.47,0.6083,30.0,0.0
70,35.09,2.16,0.0,0.0,2.93,0.5661,30.0,0.0
71,35.09,0.0,0.0,0.0,5.09,0.5435,30.0,0.0
72,35.13,2.02,0.0,0.0,3.11,0.5043,30.0,0.0
73,35.13,0.0,0.0,0.0,5.13,0.4803,30.0,0.0
74,35.13,0.0,0.0,0.0,5.13,0.4407,30.0,0.0
75,35.13,0.0,0.0,0.0,5.13,0.4012,30.0,0.0
76,35.13,0.0,0.0,0.0,5.13,0.3616,30.0,0.0
77,35.13,1.51,0.0,0.0,3.62,0.3221,30.0,0.0
78,35.13,1.58,0.0,0.0,3.55,0.2942,30.0,0.0
79,37.08,0.38,7.6,0.9,0.0,0.2668,30.0,0.0
80,38.96,1.16,17.87,0.0,0.0,0.2731,19.92,0.0
81,40.68,0.0,24.52,13.84,0.0,0.2731,30.0,0.0
82,42.2,0.0,12.2,0.0,0.0,0.3694,30.0,0.0
83,43.44,0.0,13.44,0.0,0.0,0.3694,30.0,0.0
84,44.37,0.61,34.85,21.09,0.0,0.3694,30.0,0.0
85,44.94,0.78,33.82,19.67,0.0,0.5162,30.0,0.0
86,45.13,1.56,31.56,17.99,0.0,0.653,30.0,0.0
87,44.94,1.34,26.54,12.94,0.0,0.7782,30.0,0.0
88,44.37,1.01,17.92,4.55,0.0,0.8683,30.0,0.0
89,43.44,1.66,8.53,0.0,3.26,0.9,30.0,0.0
90,42.2,1.58,0.0,0.0,10.62,0.8749,30.0,0.0
91,40.68,2.16,0.0,0.0,8.53,0.793,30.0,0.0
92,38.96,1.43,0.0,0.0,7.53,0.7272,30.0,0.0
93,37.08,1.72,0.0,0.0,5.36,0.6692,30.0,0.0
94,35.13,1.77,0.0,0.0,3.36,0.6279,30.0,0.0
95,35.13,1.28,0.0,0.0,3.85,0.602,30.0,0.0
96,35.17,2.19,0.0,0.0,2.98,0.5723,30.0,0.0
97,35.17,2.16,0.0,0.0,3.02,0.5493,30.0,0.0
98,35.17,1.97,0.0,0.0,3.2,0.526,30.0,0.0
99,35.17,1.77,0.0,0.0,3.4,0.5014,30.0,0.0
100,35.17,1.06,0.0,0.0,4.11,0.4751,30.0,0.0
101,35.17,1.45,0.0,0.0,3.72,0.4435,30.0,0.0
102,35.17,1.36,0.0,0.0,3.82,0.4147,30.0,0.0
103,37.12,0.99,9.37,3.24,0.0,0.3853,30.0,0.0
104,39.0,1.19,17.89,0.21,0.0,0.4078,20.13,0.0
105,40.73,1.38,24.66,0.0,0.0,0.4093,14.7,0.0
106,42.24,2.05,30.09,0.0,40.11,0.4093,0.0,30.0
107,43.49,1.13,34.77,0.0,0.0,0.1,7.59,0.0
108,44.41,1.15,35.12,21.86,0.0,0.1,30.0,0.0
109,44.98,1.0,35.3,21.32,0.0,0.2522,30.0,0.0
110,45.17,0.11,28.38,13.31,0.0,0.4005,30.0,0.0
111,44.98,1.16,25.61,11.79,0.0,0.4932,30.0,0.0
112,44.41,1.31,18.36,5.25,0.0,0.5752,30.0,0.0
113,43.49,2.66,7.2,0.0,3.63,0.6118,30.0,0.0
114,42.24,1.43,0.0,0.0,10.81,0.5838,30.0,0.0
115,40.73,0.0,0.0,0.0,10.73,0.5004,30.0,0.0
116,39.0,1.77,0.0,0.0,7.23,0.4177,30.0,0.0
117,37.12,1.29,0.0,0.0,5.83,0.3619,30.0,0.0
118,35.17,2.56,0.0,0.0,2.62,0.317,30.0,0.0
119,35.17,2.41,0.0,0.0,2.76,0.2968,30.0,0.0
120,35.21,2.44,0.0,0.0,2.77,0.2755,30.0,0.0
121,35.21,1.56,0.0,0.0,3.66,0.2541,30.0,0.0
122,35.21,2.69,0.0,0.0,2.53,0.2259,30.0,0.0
123,35.21,1.17,0.0,0.0,4.04,0.2064,30.0,0.0
124,35.21,2.08,0.0,0.0,3.13,0.1752,30.0,0.0
125,35.21,2.78,0.0,0.0,2.44,0.1511,30.0,0.0
126,35.21,1.02,0.0,0.0,4.19,0.1323,30.0,0.0
127,37.17,1.11,8.04,1.98,0.0,0.1,30.0,0.0
128,39.04,1.33,16.41,0.0,1.79,0.1138,19.52,0.0
129,40.77,0.91,25.53,0.0,0.0,0.1,14.33,0.0
130,42.29,0.3,30.49,0.0,0.0,0.1,11.5,0.0
131,43.53,1.07,36.05,23.59,0.0,0.1,30.0,0.0
132,44.45,0.48,35.97,21.99,0.0,0.2642,30.0,0.0
133,45.02,1.28,33.85,20.11,0.0,0.4173,30.0,0.0
134,45.21,0.62,29.71,15.11,0.0,0.5572,30.0,0.0
135,45.02,1.96,26.51,13.45,0.0,0.6624,30.0,0.0
136,44.45,0.87,17.59,4.01,0.0,0.756,30.0,0.0
137,43.53,1.23,9.16,0.0,3.14,0.7839,30.0,0.0
138,42.29,1.94,0.0,0.0,10.34,0.7596,30.0,0.0
139,40.77,1.03,0.0,0.0,9.74,0.6799,30.0,0.0
140,39.04,1.9,0.0,0.0,7.14,0.6048,30.0,0.0
141,37.17,2.56,0.0,0.0,4.61,0.5497,30.0,0.0
142,35.21,1.15,0.0,0.0,4.06,0.5142,30.0,0.0
143,35.21,2.12,0.0,0.0,3.1,0.4829,30.0,0.0
144,35.26,2.17,0.0,0.0,3.09,0.459,30.0,0.0
145,35.26,2.42,0.0,0.0,2.84,0.4352,30.0,0.0
146,35.26,1.34,0.0,0.0,23.15,0.4133,10.76,0.0
147,35.26,1.22,0.0,0.0,4.04,0.2347,30.0,0.0
148,35.26,2.05,0.0,0.0,3.21,0.2036,30.0,0.0
149,35.26,1.81,0.0,0.0,3.45,0.1788,30.0,0.0
150,35.26,1.66,0.0,0.0,3.6,0.1522,30.0,0.0
151,37.21,1.57,7.38,1.74,0.0,0.1245,30.0,0.0
152,39.08,0.93,18.06,9.9,0.0,0.1366,30.0,0.0
153,40.81,1.29,25.85,0.0,13.68,0.2055,0.0,0.0
154,42.33,1.24,30.75,19.66,0.0,0.1,30.0,0.0
155,43.57,0.67,36.26,23.36,0.0,0.2368,30.0,0.0
156,44.5,1.97,35.83,23.3,0.0,0.3994,30.0,0.0
157,45.07,1.28,33.85,0.0,0.0,0.5616,9.94,0.0
158,45.26,0.48,30.66,15.88,0.0,0.5616,30.0,0.0
159,45.07,1.5,25.43,11.87,0.0,0.6721,30.0,0.0
160,44.5,0.78,17.59,3.87,0.0,0.7547,30.0,0.0
161,43.57,1.8,7.43,0.0,4.35,0.7816,30.0,0.0
162,42.33,2.12,0.0,0.0,10.21,0.7481,30.0,0.0
163,40.81,1.24,0.0,0.0,31.46,0.6693,8.12,0.0
164,39.08,2.28,0.0,0.0,6.81,0.4268,30.0,0.0
165,37.21,2.1,0.0,0.0,5.11,0.3743,30.0,0.0
166,35.26,2.39,0.0,0.0,2.87,0.3349,30.0,0.0
167,35.26,2.99,0.0,0.0,2.27,0.3128,30.0,0.0
168,35.3,1.91,0.0,0.0,3.39,0.2953,30.0,0.0
169,35.3,1.64,0.0,0.0,3.66,0.2691,30.0,0.0
170,35.3,1.52,0.0,0.0,3.78,0.2409,30.0,0.0
171,35.3,1.47,0.0,0.0,3.83,0.2117,30.0,0.0
172,35.3,1.74,0.0,0.0,3.56,0.1822,30.0,0.0
173,35.3,1.83,0.0,0.0,3.47,0.1547,30.0,0.0
174,35.3,1.67,0.0,0.0,3.63,0.128,30.0,0.0
175,37.25,1.82,9.43,3.99,0.0,0.1,30.0,0.0
176,39.13,0.0,18.73,0.0,0.0,0.1278,20.4,0.0
177,40.86,1.91,26.41,17.47,0.0,0.1278,30.0,0.0
178,42.37,0.95,31.64,20.21,0.0,0.2494,30.0,0.0
179,43.62,2.42,35.35,0.0,5.84,0.39,0.0,0.0
180,44.54,1.34,36.21,23.01,0.0,0.345,30.0,0.0
181,45.11,0.6,36.29,21.78,0.0,0.5051,30.0,0.0
182,45.3,0.54,32.25,17.49,0.0,0.6567,30.0,0.0
183,45.11,1.41,24.32,10.62,0.0,0.7785,30.0,0.0
184,44.54,0.0,17.53,2.99,0.0,0.8524,30.0,0.0
185,43.62,1.76,7.31,0.0,4.54,0.8732,30.0,0.0
186,42.37,1.77,0.0,0.0,10.6,0.8381,30.0,0.0
187,40.86,1.62,0.0,0.0,9.23,0.7564,30.0,0.0
188,39.13,1.35,0.0,0.0,7.78,0.6852,30.0,0.0
189,37.25,1.12,0.0,0.0,6.14,0.6252,30.0,0.0
190,35.3,1.74,0.0,0.0,3.56,0.5779,30.0,0.0
191,35.3,2.46,0.0,0.0,2.84,0.5504,30.0,0.0
192,35.34,1.69,0.0,0.0,3.65,0.5285,30.0,0.0
193,35.34,1.38,0.0,0.0,3.96,0.5003,30.0,0.0
194,35.34,2.06,0.0,0.0,3.29,0.4698,30.0,0.0
195,35.34,2.08,0.0,0.0,3.26,0.4444,30.0,0.0
196,35.34,1.33,0.0,0.0,34.01,0.4193,0.0,0.0
197,35.34,1.74,0.0,0.0,3.61,0.157,30.0,0.0
198,35.34,1.56,0.0,0.0,3.79,0.1292,30.0,0.0
199,37.29,0.81,9.46,2.98,0.0,0.1,30.0,0.0
200,39.17,0.0,17.33,0.0,0.0,0.1208,21.84,0.0
201,40.9,0.62,26.69,16.41,0.0,0.1208,30.0,0.0
202,42.41,1.64,30.9,20.13,0.0,0.235,30.0,0.0
203,43.66,1.57,33.64,21.55,0.0,0.375,30.0,0.0
204,44.58,0.31,35.64,0.0,0.0,0.525,8.63,0.0
205,45.15,0.55,34.95,20.35,0.0,0.525,30.0,0.0
206,45.34,1.35,32.62,18.62,0.0,0.6667,30.0,0.0
207,45.15,1.43,24.71,10.99,0.0,0.7963,30.0,0.0
208,44.58,1.53,16.96,3.91,0.0,0.8728,30.0,0.0
209,43.66,3.36,9.69,0.0,0.61,0.9,30.0,0.0
210,42.41,1.82,0.0,0.0,10.6,0.8953,30.0,0.0
211,40.9,2.24,0.0,0.0,8.66,0.8136,30.0,0.0
212,39.17,2.27,0.0,0.0,6.9,0.7468,30.0,0.0
213,37.29,2.22,0.0,0.0,5.07,0.6936,30.0,0.0
214,35.34,1.81,0.0,0.0,3.54,0.6545,30.0,0.0
215,35.34,2.41,0.0,0.0,2.94,0.6272,30.0,0.0
216,35.39,1.64,0.0,0.0,3.74,0.6046,30.0,0.0
217,35.39,1.9,0.0,0.0,3.49,0.5757,30.0,0.0
218,35.39,1.72,0.0,0.0,3.67,0.5488,30.0,0.0
219,35.39,1.93,0.0,0.0,3.46,0.5205,30.0,0.0
220,35.39,2.96,0.0,0.0,2.42,0.4938,30.0,0.0
221,35.39,0.7,0.0,0.0,4.68,0.4752,30.0,0.0
222,35.39,1.88,0.0,0.0,3.51,0.439,30.0,0.0
223,37.34,0.57,7.01,0.24,0.0,0.412,30.0,0.0
224,39.21,0.0,0.0,0.0,39.21,0.4137,0.0,0.0
225,40.94,1.72,26.66,0.0,0.0,0.1113,12.56,0.0
226,42.46,1.12,31.56,20.22,0.0,0.1113,30.0,0.0
227,43.7,0.48,35.24,0.0,0.0,0.252,7.98,0.0
228,44.62,0.65,37.13,23.15,0.0,0.252,30.0,0.0
229,45.19,1.38,36.66,22.84,0.0,0.4131,30.0,0.0
230,45.39,0.71,32.25,17.57,0.0,0.5721,30.0,0.0
231,45.19,1.27,26.65,12.73,0.0,0.6944,30.0,0.0
232,44.62,1.29,18.31,4.98,0.0,0.783,30.0,0.0
233,43.7,1.06,7.35,0.0,5.29,0.8176,30.0,0.0
234,42.46,2.62,0.0,0.0,9.84,0.7768,30.0,0.0
235,40.94,1.98,0.0,0.0,8.96,0.7009,30.0,0.0
236,39.21,0.75,0.0,0.0,8.47,0.6318,30.0,0.0
237,37.34,1.98,0.0,0.0,5.36,0.5666,30.0,0.0
238,35.39,1.63,0.0,0.0,3.76,0.5253,30.0,0.0
239,35.39,2.45,0.0,0.0,2.93,0.4963,30.0,0.0
240,35.43,1.63,0.0,0.0,3.8,0.4737,30.0,0.0
241,35.43,1.96,0.0,0.0,3.47,0.4444,30.0,0.0
242,35.43,2.22,0.0,0.0,25.73,0.4176,7.47,0.0
243,35.43,2.33,0.0,0.0,3.1,0.2192,30.0,0.0
244,35.43,1.17,0.0,0.0,4.26,0.1953,30.0,0.0
245,35.43,1.49,0.0,0.0,3.94,0.1624,30.0,0.0
246,35.43,1.28,0.0,0.0,4.15,0.132,30.0,0.0
247,37.38,1.06,8.82,2.5,0.0,0.1,30.0,0.0
248,39.26,2.17,16.6,0.0,0.0,0.1174,20.48,0.0
249,40.98,1.37,24.51,14.9,0.0,0.1174,30.0,0.0
250,42.5,0.44,32.42,20.35,0.0,0.221,30.0,0.0
251,43.74,1.5,35.5,0.0,0.0,0.3627,6.75,0.0
252,44.67,2.1,35.95,23.38,0.0,0.3627,30.0,0.0
253,45.24,1.56,35.6,21.92,0.0,0.5254,30.0,0.0
254,45.43,0.31,32.47,17.35,0.0,0.678,30.0,0.0
255,45.24,0.92,23.99,9.66,0.0,0.7988,30.0,0.0
256,44.67,0.0,0.0,0.0,14.67,0.866,30.0,0.0
257,43.74,1.03,7.19,0.0,5.53,0.7529,30.0,0.0
258,42.5,1.75,0.0,0.0,10.75,0.7103,30.0,0.0
259,40.98,2.05,0.0,0.0,8.93,0.6274,30.0,0.0
260,39.26,1.31,0.0,0.0,7.95,0.5585,30.0,0.0
261,37.38,1.85,0.0,0.0,5.52,0.4972,30.0,0.0
262,35.43,0.31,0.0,0.0,5.12,0.4546,30.0,0.0
263,35.43,1.49,0.0,0.0,3.93,0.4152,30.0,0.0
264,35.47,1.9,0.0,0.0,3.57,0.3848,30.0,0.0
265,35.47,1.38,0.0,0.0,15.5,0.3573,18.6,0.0
266,35.47,2.8,0.0,0.0,2.67,0.2378,30.0,0.0
267,35.47,1.15,0.0,0.0,4.32,0.2172,30.0,0.0
268,35.47,1.55,0.0,0.0,3.92,0.1839,30.0,0.0
269,35.47,1.72,0.0,0.0,3.75,0.1537,30.0,0.0
270,35.47,2.26,0.0,0.0,3.21,0.1248,30.0,0.0
271,37.42,0.66,8.77,2.01,0.0,0.1,30.0,0.0
272,39.3,1.86,19.11,0.0,0.0,0.114,18.33,0.0
273,41.03,0.0,25.91,14.89,0.0,0.114,30.0,0.0
274,42.54,0.58,31.47,0.0,0.0,0.2176,10.49,0.0
275,43.79,1.27,36.45,23.93,0.0,0.2176,30.0,0.0
276,44.71,1.11,36.4,22.8,0.0,0.3841,30.0,0.0
277,45.28,0.72,36.04,21.49,0.0,0.5428,30.0,0.0
278,45.47,1.12,31.16,16.81,0.0,0.6924,30.0,0.0
279,45.28,0.96,26.97,12.66,0.0,0.8094,30.0,0.0
280,44.71,1.32,16.37,0.36,0.0,0.8975,27.38,0.0
281,43.79,1.73,9.85,0.0,2.21,0.9,30.0,0.0
282,42.54,2.33,0.0,0.0,36.6,0.883,3.61,0.0
283,41.03,1.02,0.0,0.0,10.0,0.6007,30.0,0.0
284,39.3,2.87,0.0,0.0,6.43,0.5236,30.0,0.0
285,37.42,0.89,0.0,0.0,6.53,0.474,30.0,0.0
286,35.47,1.89,0.0,0.0,3.58,0.4236,30.0,0.0
287,35.47,2.32,0.0,0.0,3.15,0.396,30.0,0.0
288,35.51,2.17,0.0,0.0,3.34,0.3716,30.0,0.0
289,35.51,1.7,0.0,0.0,3.82,0.3459,30.0,0.0
290,35.51,1.86,0.0,0.0,3.66,0.3164,30.0,0.0
291,35.51,1.63,0.0,0.0,3.88,0.2882,30.0,0.0
292,35.51,1.47,0.0,0.0,4.04,0.2583,30.0,0.0
293,35.51,2.09,0.0,0.0,3.43,0.2272,30.0,0.0
294,35.51,1.7,0.0,0.0,3.81,0.2007,30.0,0.0
295,37.46,1.03,7.0,0.57,0.0,0.1714,30.0,0.0
296,39.34,1.72,16.58,0.0,0.0,0.1753,21.04,0.0
297,41.07,1.32,24.48,0.0,0.0,0.1753,15.28,0.0
298,42.58,1.49,32.82,0.0,0.0,0.1753,8.27,0.0
299,43.83,1.35,35.18,22.7,0.0,0.1753,30.0,0.0
300,44.75,0.59,38.29,24.12,0.0,0.3333,30.0,0.0
301,45.32,0.74,34.79,20.21,0.0,0.5012,30.0,0.0
302,45.51,1.46,33.18,19.13,0.0,0.6418,30.0,0.0
303,45.32,1.47,26.85,13.0,0.0,0.7749,30.0,0.0
304,44.75,1.25,18.47,4.97,0.0,0.8654,30.0,0.0
305,43.83,1.45,7.2,0.0,5.18,0.9,30.0,0.0
306,42.58,2.17,0.0,0.0,10.41,0.86,30.0,0.0
307,41.07,1.35,0.0,0.0,9.72,0.7798,30.0,0.0
308,39.34,2.06,0.0,0.0,7.28,0.7048,30.0,0.0
309,37.46,1.78,0.0,0.0,5.69,0.6486,30.0,0.0
310,35.51,1.85,0.0,0.0,3.66,0.6048,30.0,0.0
311,35.51,2.57,0.0,0.0,2.94,0.5766,30.0,0.0
312,35.55,2.45,0.0,0.0,3.1,0.5539,30.0,0.0
313,35.55,2.43,0.0,0.0,3.13,0.53,30.0,0.0
314,35.55,2.63,0.0,0.0,2.93,0.5058,30.0,0.0
315,35.55,1.89,0.0,0.0,3.66,0.4833,30.0,0.0
316,35.55,2.12,0.0,0.0,3.43,0.455,30.0,0.0
317,35.55,1.49,0.0,0.0,4.06,0.4285,30.0,0.0
318,35.55,1.68,0.0,0.0,3.87,0.3972,30.0,0.0
319,37.51,1.32,0.0,0.0,34.67,0.3674,1.52,0.0
320,39.38,1.31,19.2,11.13,0.0,0.1,30.0,0.0
321,41.11,1.46,25.67,0.0,10.05,0.1775,3.93,0.0
322,42.63,0.66,30.39,18.42,0.0,0.1,30.0,0.0
323,43.87,2.09,36.5,24.72,0.0,0.2282,30.0,0.0
324,44.79,0.49,38.26,0.0,0.0,0.4003,6.04,0.0
325,45.36,0.41,35.85,20.89,0.0,0.4003,30.0,0.0
326,45.55,1.67,28.92,15.04,0.0,0.5457,30.0,0.0
327,45.36,1.56,24.5,10.7,0.0,0.6503,30.0,0.0
328,44.79,1.58,19.13,5.92,0.0,0.7248,30.0,0.0
329,43.87,1.71,7.08,0.0,5.08,0.766,30.0,0.0
330,42.63,1.51,0.0,0.0,11.11,0.7268,30.0,0.0
331,41.11,1.19,0.0,0.0,9.92,0.6411,30.0,0.0
332,39.38,1.81,0.0,0.0,7.57,0.5646,30.0,0.0
333,37.51,1.53,0.0,0.0,5.97,0.5063,30.0,0.0
334,35.55,0.0,0.0,0.0,5.55,0.4602,30.0,0.0
335,35.55,1.94,0.0,0.0,3.62,0.4174,30.0,0.0
336,35.6,0.0,0.0,0.0,5.6,0.3895,30.0,0.0
337,35.6,0.0,0.0,0.0,5.6,0.3463,30.0,0.0
338,35.6,0.0,0.0,0.0,5.6,0.3031,30.0,0.0
339,35.6,0.0,0.0,0.0,5.6,0.26,30.0,0.0
340,35.6,0.0,0.0,0.0,5.6,0.2168,30.0,0.0
341,35.6,0.0,0.0,0.0,5.6,0.1737,30.0,0.0
342,35.6,1.64,0.0,0.0,3.96,0.1305,30.0,0.0
343,37.55,1.13,7.99,1.57,0.0,0.1,30.0,0.0
344,39.42,1.02,18.4,10.0,0.0,0.1109,30.0,0.0
345,41.15,1.27,9.88,0.0,0.0,0.1805,30.0,0.0
346,42.67,0.34,32.31,19.97,0.0,0.1805,30.0,0.0
347,43.91,0.31,36.18,9.34,0.0,0.3196,16.76,0.0
348,44.84,0.64,35.77,21.57,0.0,0.3846,30.0,0.0
349,45.4,0.91,34.64,20.15,0.0,0.5347,30.0,0.0
350,45.6,1.23,31.14,16.78,0.0,0.6749,30.0,0.0
351,45.4,1.91,24.25,10.75,0.0,0.7917,30.0,0.0
352,44.84,1.7,17.94,4.8,0.0,0.8666,30.0,0.0
353,43.91,1.3,9.21,0.0,3.4,0.9,30.0,0.0
354,42.67,1.51,0.0,0.0,11.16,0.8738,30.0,0.0
355,41.15,1.14,0.0,0.0,10.02,0.7877,30.0,0.0
356,39.42,1.76,0.0,0.0,7.66,0.7104,30.0,0.0
357,37.55,1.73,0.0,0.0,5.82,0.6514,30.0,0.0
358,35.6,2.12,0.0,0.0,3.47,0.6065,30.0,0.0
359,35.6,1.59,0.0,0.0,4.01,0.5797,30.0,0.0
360,35.64,2.29,0.0,0.0,3.35,0.5488,30.0,0.0
361,35.64,2.79,0.0,0.0,2.85,0.523,30.0,0.0
362,35.64,1.9,0.0,0.0,3.74,0.501,30.0,0.0
363,35.64,2.08,0.0,0.0,3.56,0.4722,30.0,0.0
364,35.64,2.12,0.0,0.0,3.52,0.4448,30.0,0.0
365,35.64,1.44,0.0,0.0,4.2,0.4176,30.0,0.0
366,35.64,1.63,0.0,0.0,4.01,0.3853,30.0,0.0
367,37.59,1.39,0.0,0.0,32.98,0.3544,3.22,0.0
368,39.47,0.0,17.61,8.15,0.0,0.1,30.0,0.0
369,41.19,0.76,10.44,0.0,0.0,0.1567,30.0,0.0
370,42.71,0.0,30.59,17.88,0.0,0.1567,30.0,0.0
371,43.95,1.28,35.48,22.8,0.0,0.2812,30.0,0.0
372,44.88,1.74,37.88,24.75,0.0,0.4399,30.0,0.0
373,45.45,1.51,34.97,21.03,0.0,0.6121,30.0,0.0
374,45.64,0.0,15.64,0.0,0.0,0.7585,30.0,0.0
375,45.45,0.76,14.68,0.0,0.0,0.7585,30.0,0.0
376,44.88,1.7,13.17,0.0,0.0,0.7585,30.0,0.0
377,43.95,0.0,8.54,0.0,5.64,0.7585,29.77,0.0
378,42.71,0.0,0.0,0.0,12.71,0.715,30.0,0.0
379,41.19,0.0,0.0,0.0,11.19,0.617,30.0,0.0
380,39.47,0.0,0.0,0.0,9.47,0.5307,30.0,0.0
381,37.59,0.0,0.0,0.0,7.59,0.4577,30.0,0.0
382,35.64,0.0,0.0,0.0,5.64,0.3992,30.0,0.0
383,35.64,1.74,0.0,0.0,3.9,0.3557,30.0,0.0
384,35.68,1.64,0.0,0.0,4.04,0.3256,30.0,0.0
385,35.68,2.08,0.0,0.0,3.6,0.2944,30.0,0.0
386,35.68,2.13,0.0,0.0,3.55,0.2667,30.0,0.0
387,35.68,0.0,0.0,0.0,5.68,0.2393,30.0,0.0
388,35.68,2.25,0.0,0.0,3.43,0.1955,30.0,0.0
389,35.68,1.35,0.0,0.0,4.33,0.1691,30.0,0.0
390,35.68,1.05,0.0,0.0,4.63,0.1357,30.0,0.0
391,37.63,1.63,8.94,2.94,0.0,0.1,30.0,0.0
392,39.51,0.58,8.92,0.0,0.0,0.1204,30.0,0.0
393,41.24,0.0,25.84,14.6,0.0,0.1204,30.0,0.0
394,42.75,1.67,32.67,21.6,0.0,0.2221,30.0,0.0
395,43.99,0.0,0.0,0.0,13.99,0.3724,30.0,0.0
396,44.92,0.13,38.04,23.25,0.0,0.2644,30.0,0.0
397,45.49,1.71,36.07,22.29,0.0,0.4263,30.0,0.0
398,45.68,1.01,32.84,18.17,0.0,0.5814,30.0,0.0
399,45.49,1.78,24.73,11.03,0.0,0.7079,30.0,0.0
400,44.92,0.44,17.93,3.45,0.0,0.7846,30.0,0.0
401,43.99,0.0,9.15,0.0,4.85,0.8087,30.0,0.0
402,42.75,1.51,0.0,0.0,11.24,0.7713,30.0,0.0
403,41.24,1.67,0.0,0.0,9.57,0.6846,30.0,0.0
404,39.51,1.54,0.0,0.0,7.97,0.6109,30.0,0.0
405,37.63,2.19,0.0,0.0,5.44,0.5494,30.0,0.0
406,35.68,1.41,0.0,0.0,4.27,0.5074,30.0,0.0
407,35.68,1.93,0.0,0.0,3.75,0.4745,30.0,0.0
408,35.72,2.08,0.0,0.0,3.64,0.4456,30.0,0.0
409,35.72,2.27,0.0,0.0,3.46,0.4175,30.0,0.0
410,35.72,0.0,0.0,0.0,5.72,0.3909,30.0,0.0
411,35.72,1.3,0.0,0.0,4.42,0.3468,30.0,0.0
412,35.72,0.98,0.0,0.0,4.74,0.3127,30.0,0.0
413,35.72,0.0,0.0,0.0,5.72,0.2761,30.0,0.0
414,35.72,1.68,0.0,0.0,4.04,0.232,30.0,0.0
415,37.67,1.0,8.14,1.46,0.0,0.2008,30.0,0.0
416,39.55,2.05,18.76,11.26,0.0,0.211,30.0,0.0
417,41.28,1.21,26.92,16.85,0.0,0.2893,30.0,0.0
418,42.79,1.67,0.0,0.0,11.12,0.4066,30.0,0.0
419,44.04,0.0,0.0,0.0,23.67,0.3208,20.37,0.0
420,44.96,2.05,37.21,24.3,0.0,0.1383,30.0,0.0
421,45.53,1.91,36.55,22.94,0.0,0.3074,30.0,0.0
422,45.72,0.94,30.64,15.86,0.0,0.4671,30.0,0.0
423,45.53,1.64,24.89,11.01,0.0,0.5775,30.0,0.0
424,44.96,1.58,18.39,5.02,0.0,0.6541,30.0,0.0
425,44.04,2.08,7.02,0.0,4.94,0.689,30.0,0.0
426,42.79,1.02,0.0,0.0,11.78,0.6509,30.0,0.0
427,41.28,1.99,0.0,0.0,9.28,0.5601,30.0,0.0
428,39.55,2.31,0.0,0.0,7.24,0.4885,30.0,0.0
429,37.67,0.97,0.0,0.0,6.7,0.4326,30.0,0.0
430,35.72,1.35,0.0,0.0,4.37,0.381,30.0,0.0
431,35.72,0.96,0.0,0.0,4.76,0.3473,30.0,0.0
432,35.76,1.88,0.0,0.0,3.88,0.3105,30.0,0.0
433,35.76,2.37,0.0,0.0,3.4,0.2806,30.0,0.0
434,35.76,2.72,0.0,0.0,3.05,0.2544,30.0,0.0
435,35.76,1.91,0.0,0.0,3.86,0.2309,30.0,0.0
436,35.76,2.59,0.0,0.0,3.17,0.2012,30.0,0.0
437,35.76,0.93,0.0,0.0,4.83,0.1768,30.0,0.0
438,35.76,0.64,0.0,0.0,5.12,0.1395,30.0,0.0
439,37.71,1.35,6.37,0.0,0.0,0.1,30.0,0.0
440,39.59,1.45,18.13,9.99,0.0,0.1,30.0,0.0
441,41.32,1.13,10.19,0.0,0.0,0.1695,30.0,0.0
442,42.83,0.01,30.99,0.0,0.0,0.1695,11.84,0.0
443,44.08,0.97,36.7,0.0,0.0,0.1695,6.41,0.0
444,45.0,0.33,38.84,24.17,0.0,0.1695,30.0,0.0
445,45.57,1.36,34.72,20.5,0.0,0.3377,30.0,0.0
446,45.76,1.25,31.0,16.49,0.0,0.4804,30.0,0.0
447,45.57,0.67,26.65,11.74,0.0,0.5952,30.0,0.0
448,45.0,0.99,17.82,3.81,0.0,0.6769,30.0,0.0
449,44.08,0.78,9.73,0.0,3.57,0.7034,30.0,0.0
450,42.83,1.48,0.0,0.0,11.36,0.6759,30.0,0.0
451,41.32,2.13,0.0,0.0,9.19,0.5883,30.0,0.0
452,39.59,1.26,0.0,0.0,8.33,0.5174,30.0,0.0
453,37.71,2.13,0.0,0.0,5.59,0.4532,30.0,0.0
454,35.76,1.68,0.0,0.0,4.08,0.4101,30.0,0.0
455,35.76,0.0,0.0,0.0,5.76,0.3786,30.0,0.0
456,35.8,1.96,0.0,0.0,3.84,0.3342,30.0,0.0
457,35.8,1.47,0.0,0.0,4.33,0.3045,30.0,0.0
458,35.8,1.66,0.0,0.0,4.14,0.2711,30.0,0.0
459,35.8,1.25,0.0,0.0,4.55,0.2392,30.0,0.0
460,35.8,2.76,0.0,0.0,3.04,0.2041,30.0,0.0
461,35.8,0.0,0.0,0.0,5.8,0.1807,30.0,0.0
462,35.8,1.15,0.0,0.0,4.66,0.1359,30.0,0.0
463,37.75,1.48,7.42,1.15,0.0,0.1,30.0,0.0
464,39.63,1.19,8.44,0.0,0.0,0.108,30.0,0.0
465,41.36,1.03,26.86,0.0,0.0,0.108,13.47,0.0
466,42.87,1.38,31.37,19.87,0.0,0.108,30.0,0.0
467,44.12,1.4,37.26,17.1,0.0,0.2463,22.56,0.0
468,45.04,0.72,38.49,24.17,0.0,0.3653,30.0,0.0
469,45.61,0.72,35.77,20.88,0.0,0.5335,30.0,0.0
470,45.8,0.92,33.04,18.16,0.0,0.6788,30.0,0.0
471,45.61,0.0,25.39,9.78,0.0,0.8052,30.0,0.0
472,45.04,0.48,18.41,3.85,0.0,0.8732,30.0,0.0
473,44.12,2.07,9.23,0.0,2.82,0.9,30.0,0.0
474,42.87,2.34,0.0,0.0,10.53,0.8783,30.0,0.0
475,41.36,1.51,0.0,0.0,9.85,0.7971,30.0,0.0
476,39.63,2.05,0.0,0.0,7.58,0.7211,30.0,0.0
477,37.75,2.02,0.0,0.0,5.73,0.6627,30.0,0.0
478,35.8,3.52,0.0,0.0,2.29,0.6185,30.0,0.0
479,35.8,2.57,0.0,0.0,3.23,0.6009,30.0,0.0
480,35.84,1.95,0.0,0.0,3.9,0.5759,30.0,0.0
481,35.84,1.51,0.0,0.0,4.34,0.5459,30.0,0.0
482,35.84,1.12,0.0,0.0,4.72,0.5124,30.0,0.0
483,35.84,1.97,0.0,0.0,3.88,0.476,30.0,0.0
484,35.84,1.37,0.0,0.0,20.56,0.4461,13.92,0.0
485,35.84,0.91,0.0,0.0,4.94,0.2876,30.0,0.0
486,35.84,1.17,0.0,0.0,4.67,0.2495,30.0,0.0
487,37.79,0.82,9.23,2.25,0.0,0.2135,30.0,0.0
488,39.67,2.11,17.03,0.0,0.0,0.2292,20.53,0.0
489,41.4,1.59,27.25,0.0,0.0,0.2292,12.56,0.0
490,42.91,1.06,31.97,0.0,0.0,0.2292,9.89,0.0
491,44.16,1.76,34.71,0.0,0.0,0.2292,7.69,0.0
492,45.08,1.03,36.3,22.25,0.0,0.2292,30.0,0.0
493,45.65,0.57,37.09,22.01,0.0,0.384,30.0,0.0
494,45.84,1.84,33.87,19.87,0.0,0.5372,30.0,0.0
495,45.65,1.42,24.61,10.37,0.0,0.6755,30.0,0.0
496,45.08,0.72,16.81,2.44,0.0,0.7476,30.0,0.0
497,44.16,1.27,7.26,0.0,5.63,0.7647,30.0,0.0
498,42.91,1.05,0.0,0.0,11.86,0.7213,30.0,0.0
499,41.4,0.93,0.0,0.0,10.47,0.6298,30.0,0.0
500,39.67,2.23,0.0,0.0,7.44,0.5491,30.0,0.0
501,37.79,2.84,0.0,0.0,4.96,0.4917,30.0,0.0
502,35.84,1.23,0.0,0.0,4.61,0.4534,30.0,0.0
503,35.84,2.28,0.0,0.0,3.56,0.4179,30.0,0.0
504,35.88,1.68,0.0,0.0,4.21,0.3904,30.0,0.0
505,35.88,1.74,0.0,0.0,4.14,0.3579,30.0,0.0
506,35.88,1.64,0.0,0.0,4.25,0.326,30.0,0.0
507,35.88,0.0,0.0,0.0,5.88,0.2933,30.0,0.0
508,35.88,1.78,0.0,0.0,4.11,0.2479,30.0,0.0
509,35.88,1.21,0.0,0.0,4.68,0.2162,30.0,0.0
510,35.88,1.64,0.0,0.0,4.25,0.1801,30.0,0.0
511,37.84,1.34,7.48,0.99,0.0,0.1474,30.0,0.0
512,39.71,1.12,16.74,8.15,0.0,0.1543,30.0,0.0
513,41.44,0.67,26.79,0.0,0.0,0.211,13.97,0.0
514,42.96,0.76,32.91,0.0,0.0,0.211,9.28,0.0
515,44.2,1.39,36.04,0.0,0.0,0.211,6.77,0.0
516,45.12,1.24,37.85,23.97,0.0,0.211,30.0,0.0
517,45.69,0.51,34.99,19.8,0.0,0.3778,30.0,0.0
518,45.88,1.11,32.73,17.96,0.0,0.5156,30.0,0.0
519,45.69,1.52,26.25,12.08,0.0,0.6406,30.0,0.0
520,45.12,0.39,17.69,2.96,0.0,0.7247,30.0,0.0
521,44.2,1.64,8.89,0.0,3.66,0.7453,30.0,0.0
522,42.96,1.16,0.0,0.0,11.8,0.717,30.0,0.0
523,41.44,1.92,0.0,0.0,9.52,0.6261,30.0,0.0
524,39.71,1.36,0.0,0.0,8.35,0.5527,30.0,0.0
525,37.84,0.94,0.0,0.0,6.9,0.4883,30.0,0.0
526,35.88,1.11,0.0,0.0,4.77,0.4351,30.0,0.0
527,35.88,2.02,0.0,0.0,3.87,0.3983,30.0,0.0
528,35.92,2.14,0.0,0.0,3.79,0.3684,30.0,0.0
529,35.92,1.53,0.0,0.0,4.4,0.3392,30.0,0.0
530,35.92,2.26,0.0,0.0,3.66,0.3053,30.0,0.0
531,35.92,1.01,0.0,0.0,4.92,0.2771,30.0,0.0
532,35.92,1.72,0.0,0.0,4.21,0.2392,30.0,0.0
533,35.92,1.01,0.0,0.0,4.92,0.2067,30.0,0.0
534,35.92,1.16,0.0,0.0,4.76,0.1688,30.0,0.0
535,37.88,1.39,9.0,2.52,0.0,0.1321,30.0,0.0
536,39.75,0.8,19.25,0.0,0.0,0.1496,19.7,0.0
537,41.48,0.0,26.06,0.0,0.0,0.1496,15.42,0.0
538,43.0,1.57,31.81,0.0,0.0,0.1496,9.62,0.0
539,44.24,0.71,35.91,0.0,0.0,0.1496,7.62,0.0
540,45.16,1.41,38.57,24.82,0.0,0.1496,30.0,0.0
541,45.73,0.43,36.37,21.06,0.0,0.3223,30.0,0.0
542,45.92,1.32,32.4,17.79,0.0,0.4689,30.0,0.0
543,45.73,1.87,25.59,11.72,0.0,0.5928,30.0,0.0
544,45.16,0.0,18.55,3.39,0.0,0.6744,30.0,0.0
545,44.24,0.96,7.7,0.0,5.58,0.6979,30.0,0.0
546,43.0,1.79,0.0,0.0,11.21,0.6549,30.0,0.0
547,41.48,1.52,0.0,0.0,9.96,0.5685,30.0,0.0
548,39.75,1.94,0.0,0.0,7.81,0.4917,30.0,0.0
549,37.88,1.55,0.0,0.0,6.33,0.4314,30.0,0.0
550,35.92,1.98,0.0,0.0,3.94,0.3826,30.0,0.0
551,35.92,1.91,0.0,0.0,4.02,0.3522,30.0,0.0
552,35.96,2.6,0.0,0.0,3.37,0.3213,30.0,0.0
553,35.96,2.11,0.0,0.0,3.85,0.2953,30.0,0.0
554,35.96,2.11,0.0,0.0,3.86,0.2656,30.0,0.0
555,35.96,1.64,0.0,0.0,4.32,0.2359,30.0,0.0
556,35.96,1.5,0.0,0.0,4.47,0.2025,30.0,0.0
557,35.96,1.4,0.0,0.0,4.56,0.1681,30.0,0.0
558,35.96,1.69,0.0,0.0,4.27,0.1329,30.0,0.0
559,37.92,1.14,9.44,2.67,0.0,0.1,30.0,0.0
560,39.79,1.38,17.71,9.31,0.0,0.1186,30.0,0.0
561,41.52,2.19,27.78,0.0,0.0,0.1833,11.55,0.0
562,43.04,1.49,31.81,0.0,0.0,0.1833,9.74,0.0
563,44.28,0.83,36.47,0.0,0.0,0.1833,6.97,0.0
564,45.2,1.59,36.73,23.12,0.0,0.1833,30.0,0.0
565,45.77,0.79,31.96,16.98,0.0,0.3443,30.0,0.0
566,45.96,0.01,34.06,18.11,0.0,0.4624,30.0,0.0
567,45.77,0.62,27.45,12.3,0.0,0.5885,30.0,0.0
568,45.2,0.28,17.25,2.33,0.0,0.6741,30.0,0.0
569,44.28,1.18,8.68,0.0,4.42,0.6903,30.0,0.0
570,43.04,1.5,0.0,0.0,11.53,0.6562,30.0,0.0
571,41.52,2.48,0.0,0.0,9.04,0.5673,30.0,0.0
572,39.79,1.91,0.0,0.0,7.88,0.4976,30.0,0.0
573,37.92,1.74,0.0,0.0,6.17,0.4368,30.0,0.0
574,35.96,2.36,0.0,0.0,3.61,0.3892,30.0,0.0
575,35.96,0.86,0.0,0.0,5.11,0.3614,30.0,0.0
576,36.0,2.12,0.0,0.0,3.88,0.322,30.0,0.0
577,36.0,2.37,0.0,0.0,3.63,0.292,30.0,0.0
578,36.0,1.18,0.0,0.0,4.83,0.2641,30.0,0.0
579,36.0,2.43,0.0,0.0,3.57,0.2268,30.0,0.0
580,36.0,1.92,0.0,0.0,4.09,0.1993,30.0,0.0
581,36.0,1.41,0.0,0.0,4.6,0.1678,30.0,0.0
582,36.0,1.81,0.0,0.0,4.19,0.1323,30.0,0.0
583,37.95,0.0,8.36,0.4,0.0,0.1,30.0,0.0
584,39.83,0.0,17.56,7.73,0.0,0.1028,30.0,0.0
585,41.56,1.25,25.76,15.45,0.0,0.1566,30.0,0.0
586,43.07,0.81,34.15,21.89,0.0,0.2641,30.0,0.0
587,44.32,0.56,36.62,22.87,0.0,0.4165,30.0,0.0
588,45.24,1.4,37.11,23.27,0.0,0.5756,30.0,0.0
589,45.81,0.56,37.47,5.43,0.0,0.7376,13.21,0.0
590,46.0,1.08,32.83,17.91,0.0,0.7754,30.0,0.0
591,45.81,0.88,26.63,0.0,18.3,0.9,0.0,0.0
592,45.24,1.48,18.54,4.77,0.0,0.7589,30.0,0.0
593,44.32,1.53,9.86,0.0,2.93,0.7921,30.0,0.0
594,43.07,2.02,0.0,0.0,11.06,0.7695,30.0,0.0
595,41.56,1.36,0.0,0.0,10.2,0.6843,30.0,0.0
596,39.83,1.61,0.0,0.0,8.22,0.6056,30.0,0.0
597,37.95,1.35,0.0,0.0,6.6,0.5422,30.0,0.0
598,36.0,1.7,0.0,0.0,4.3,0.4912,30.0,0.0
599,36.0,2.17,0.0,0.0,3.83,0.4581,30.0,0.0
600,36.04,2.38,0.0,0.0,3.66,0.4286,30.0,0.0
601,36.04,1.51,0.0,0.0,4.54,0.4003,30.0,0.0
602,36.04,2.37,0.0,0.0,3.67,0.3653,30.0,0.0
603,36.04,2.54,0.0,0.0,3.51,0.337,30.0,0.0
604,36.04,1.95,0.0,0.0,4.09,0.31,30.0,0.0
605,36.04,2.57,0.0,0.0,3.47,0.2784,30.0,0.0
606,36.04,1.09,0.0,0.0,4.95,0.2517,30.0,0.0
607,37.99,0.72,9.58,2.31,0.0,0.2135,30.0,0.0
608,39.87,0.32,18.68,9.13,0.0,0.2295,30.0,0.0
609,41.6,1.89,27.75,18.04,0.0,0.2931,30.0,0.0
610,43.11,1.38,32.31,20.57,0.0,0.4186,30.0,0.0
611,44.36,0.96,37.75,24.36,0.0,0.5618,30.0,0.0
612,45.28,1.12,38.22,24.06,0.0,0.7313,30.0,0.0
613,45.85,0.42,35.34,0.0,0.0,0.8988,10.1,0.0
614,46.04,0.0,4.16,0.0,41.88,0.8988,0.0,0.0
615,45.85,1.19,27.6,12.94,0.0,0.5758,30.0,0.0
616,45.28,1.29,18.92,4.93,0.0,0.6659,30.0,0.0
617,44.36,1.72,7.34,0.0,5.29,0.7001,30.0,0.0
618,43.11,1.73,0.0,0.0,11.38,0.6593,30.0,0.0
619,41.6,1.73,0.0,0.0,9.87,0.5716,30.0,0.0
620,39.87,1.34,0.0,0.0,8.53,0.4955,30.0,0.0
621,37.99,2.09,0.0,0.0,5.91,0.4297,30.0,0.0
622,36.04,2.89,0.0,0.0,3.16,0.3841,30.0,0.0
623,36.04,2.66,0.0,0.0,3.38,0.3598,30.0,0.0
624,36.08,2.8,0.0,0.0,3.28,0.3337,30.0,0.0
625,36.08,1.71,0.0,0.0,4.37,0.3084,30.0,0.0
626,36.08,1.42,0.0,0.0,4.66,0.2748,30.0,0.0
627,36.08,1.78,0.0,0.0,4.3,0.2388,30.0,0.0
628,36.08,1.76,0.0,0.0,4.32,0.2056,30.0,0.0
629,36.08,2.17,0.0,0.0,3.91,0.1723,30.0,0.0
630,36.08,0.62,0.0,0.0,5.46,0.1421,30.0,0.0
631,38.03,2.13,9.49,3.59,0.0,0.1,30.0,0.0
632,39.91,0.0,18.81,8.9,0.0,0.125,30.0,0.0
633,41.64,0.0,11.64,0.0,0.0,0.1869,30.0,0.0
634,43.15,0.52,33.06,20.43,0.0,0.1869,30.0,0.0
635,44.4,0.14,36.34,22.09,0.0,0.3291,30.0,0.0
636,45.32,1.39,38.78,24.85,0.0,0.4828,30.0,0.0
637,45.89,1.03,35.37,20.51,0.0,0.6558,30.0,0.0
638,46.08,0.38,30.29,14.59,0.0,0.7985,30.0,0.0
639,45.89,0.0,16.99,0.0,28.9,0.9,0.0,0.0
640,45.32,1.05,19.61,5.34,0.0,0.6771,30.0,0.0
641,44.4,2.2,7.37,0.0,4.82,0.7143,30.0,0.0
642,43.15,1.35,0.0,0.0,11.8,0.6771,30.0,0.0
643,41.64,0.85,0.0,0.0,10.79,0.5861,30.0,0.0
644,39.91,1.61,0.0,0.0,8.3,0.5029,30.0,0.0
645,38.03,1.7,0.0,0.0,6.33,0.4389,30.0,0.0
646,36.08,0.55,0.0,0.0,5.54,0.3901,30.0,0.0
647,36.08,1.95,0.0,0.0,4.14,0.3474,30.0,0.0
648,36.12,1.87,0.0,0.0,4.25,0.3155,30.0,0.0
649,36.12,2.33,0.0,0.0,3.79,0.2827,30.0,0.0
650,36.12,2.86,0.0,0.0,3.26,0.2534,30.0,0.0
651,36.12,2.41,0.0,0.0,3.71,0.2283,30.0,0.0
652,36.12,1.6,0.0,0.0,4.53,0.1997,30.0,0.0
653,36.12,1.04,0.0,0.0,5.08,0.1648,30.0,0.0
654,36.12,2.79,0.0,0.0,3.33,0.1257,30.0,0.0
655,38.07,1.38,9.83,3.13,0.0,0.1,30.0,0.0
656,39.95,1.23,8.72,0.0,0.0,0.1218,30.0,0.0
657,41.68,1.1,26.21,15.64,0.0,0.1218,30.0,0.0
658,43.19,1.14,32.22,0.0,0.0,0.2307,9.83,0.0
659,44.44,0.0,36.07,18.7,0.0,0.2307,27.06,0.0
660,45.36,0.0,39.45,24.09,0.0,0.3608,30.0,0.0
661,45.93,0.0,35.53,19.61,0.0,0.5285,30.0,0.0
662,46.12,1.02,33.9,18.79,0.0,0.6649,30.0,0.0
663,45.93,0.84,26.42,11.33,0.0,0.7957,30.0,0.0
664,45.36,0.86,18.15,3.65,0.0,0.8746,30.0,0.0
665,44.44,1.4,7.33,0.0,5.71,0.9,30.0,0.0
666,43.19,1.35,0.0,0.0,11.84,0.856,30.0,0.0
667,41.68,2.38,0.0,0.0,9.3,0.7647,30.0,0.0
668,39.95,0.38,0.0,0.0,9.57,0.6929,30.0,0.0
669,38.07,2.4,0.0,0.0,5.68,0.6192,30.0,0.0
670,36.12,2.56,0.0,0.0,3.57,0.5754,30.0,0.0
671,36.12,0.91,0.0,0.0,5.21,0.5479,30.0,0.0
672,36.16,1.81,0.0,0.0,4.35,0.5077,30.0,0.0
673,36.16,1.78,0.0,0.0,4.38,0.4742,30.0,0.0
674,36.16,1.2,0.0,0.0,4.96,0.4404,30.0,0.0
675,36.16,1.44,0.0,0.0,4.72,0.4021,30.0,0.0
676,36.16,1.16,0.0,0.0,5.0,0.3657,30.0,0.0
677,36.16,2.5,0.0,0.0,3.66,0.3272,30.0,0.0
678,36.16,1.95,0.0,0.0,4.21,0.2989,30.0,0.0
679,38.11,0.0,9.01,0.0,21.59,0.2665,7.51,0.0
680,39.99,1.59,17.42,9.02,0.0,0.1,30.0,0.0
681,41.71,0.54,28.11,16.93,0.0,0.1628,30.0,0.0
682,43.23,0.76,33.22,0.0,0.0,0.2806,9.24,0.0
683,44.47,1.23,37.27,0.0,0.0,0.2806,5.97,0.0
684,45.4,0.34,39.27,24.21,0.0,0.2806,30.0,0.0
685,45.97,1.34,35.79,21.17,0.0,0.4491,30.0,0.0
686,46.16,0.91,31.9,16.65,0.0,0.5964,30.0,0.0
687,45.97,0.92,15.05,0.0,0.0,0.7123,30.0,0.0
688,45.4,1.58,19.74,5.93,0.0,0.7123,30.0,0.0
689,44.47,1.57,9.73,0.0,3.17,0.7536,30.0,0.0
690,43.23,1.29,0.0,0.0,11.94,0.7291,30.0,0.0
691,41.71,2.2,0.0,0.0,9.52,0.637,30.0,0.0
692,39.99,1.18,0.0,0.0,8.81,0.5636,30.0,0.0
693,38.11,2.15,0.0,0.0,5.96,0.4957,30.0,0.0
694,36.16,2.22,0.0,0.0,3.94,0.4497,30.0,0.0
695,36.16,1.81,0.0,0.0,4.35,0.4193,30.0,0.0
696,36.2,2.15,0.0,0.0,4.05,0.3858,30.0,0.0
697,36.2,1.32,0.0,0.0,4.87,0.3545,30.0,0.0
698,36.2,2.38,0.0,0.0,3.81,0.3169,30.0,0.0
699,36.2,1.74,0.0,0.0,4.46,0.2875,30.0,0.0
700,36.2,1.46,0.0,0.0,4.74,0.2531,30.0,0.0
701,36.2,2.14,0.0,0.0,4.06,0.2166,30.0,0.0
702,36.2,1.11,0.0,0.0,5.09,0.1853,30.0,0.0
703,38.15,0.62,10.36,2.83,0.0,0.146,30.0,0.0
704,40.02,0.42,17.38,7.77,0.0,0.1658,30.0,0.0
705,41.75,1.42,28.25,17.91,0.0,0.2199,30.0,0.0
706,43.27,0.37,32.55,0.0,0.0,0.3445,10.34,0.0
707,44.51,1.87,35.76,0.0,0.0,0.3445,6.88,0.0
708,45.44,0.0,38.67,23.23,0.0,0.3445,30.0,0.0
709,46.0,1.84,38.2,24.04,0.0,0.5062,30.0,0.0
710,46.2,1.13,32.51,17.45,0.0,0.6735,30.0,0.0
711,46.0,1.06,26.5,11.56,0.0,0.795,30.0,0.0
712,45.44,0.94,18.03,3.53,0.0,0.8754,30.0,0.0
713,44.51,1.54,9.87,0.0,3.1,0.9,30.0,0.0
714,43.27,1.45,0.0,0.0,11.82,0.8761,30.0,0.0
715,41.75,2.16,0.0,0.0,9.59,0.785,30.0,0.0
716,40.02,1.78,0.0,0.0,8.24,0.711,30.0,0.0
717,38.15,1.91,0.0,0.0,6.24,0.6475,30.0,0.0
718,36.2,1.73,0.0,0.0,4.47,0.5994,30.0,0.0
719,36.2,1.93,0.0,0.0,4.26,0.5649,30.0,0.0
720,36.23,2.13,0.0,0.0,4.1,0.532,30.0,0.0
721,36.23,1.08,0.0,0.0,5.15,0.5004,30.0,0.0
722,36.23,1.22,0.0,0.0,5.02,0.4606,30.0,0.0
723,36.23,2.21,0.0,0.0,4.03,0.422,30.0,0.0
724,36.23,1.81,0.0,0.0,4.43,0.3909,30.0,0.0
725,36.23,1.5,0.0,0.0,4.73,0.3568,30.0,0.0
726,36.23,1.47,0.0,0.0,4.76,0.3203,30.0,0.0
727,38.19,0.0,7.42,0.0,23.8,0.2836,6.96,0.0
728,40.06,0.93,19.31,10.19,0.0,0.1,30.0,0.0
729,41.79,0.71,28.32,0.25,0.0,0.1709,13.01,0.0
730,43.31,1.12,33.34,0.0,0.0,0.1726,8.84,0.0
731,44.55,0.47,36.83,0.0,0.0,0.1726,7.25,0.0
732,45.47,1.16,39.6,25.29,0.0,0.1726,30.0,0.0
733,46.04,0.1,37.94,22.0,0.0,0.3487,30.0,0.0
734,46.23,1.55,33.2,18.52,0.0,0.5018,30.0,0.0
735,46.04,1.35,25.78,11.08,0.0,0.6306,30.0,0.0
736,45.47,1.34,17.86,3.72,0.0,0.7078,30.0,0.0
737,44.55,1.83,9.79,0.0,2.92,0.7337,30.0,0.0
738,43.31,2.31,0.0,0.0,10.99,0.7112,30.0,0.0
739,41.79,2.11,0.0,0.0,9.68,0.6264,30.0,0.0
740,40.06,0.78,0.0,0.0,9.28,0.5518,30.0,0.0
741,38.19,1.17,0.0,0.0,7.01,0.4802,30.0,0.0
742,36.23,1.59,0.0,0.0,4.65,0.4262,30.0,0.0
743,36.23,1.97,0.0,0.0,4.26,0.3903,30.0,0.0
744,36.27,2.24,0.0,0.0,4.04,0.3574,30.0,0.0
745,36.27,1.58,0.0,0.0,4.69,0.3263,30.0,0.0
746,36.27,2.0,0.0,0.0,4.27,0.2902,30.0,0.0
747,36.27,1.44,0.0,0.0,4.84,0.2572,30.0,0.0
748,36.27,1.4,0.0,0.0,4.87,0.2199,30.0,0.0
749,36.27,0.87,0.0,0.0,5.4,0.1824,30.0,0.0
750,36.27,0.99,0.0,0.0,5.28,0.1407,30.0,0.0
751,38.22,0.64,9.28,1.7,0.0,0.1,30.0,0.0
752,40.1,0.71,9.39,0.0,0.0,0.1118,30.0,0.0
753,41.83,1.64,26.59,0.0,0.0,0.1118,13.6,0.0
754,43.34,0.53,34.07,0.0,1.53,0.1118,7.2,0.0
755,44.59,2.31,36.78,24.5,0.0,0.1,30.0,0.0
756,45.51,1.2,40.15,25.84,0.0,0.2705,30.0,0.0
757,46.08,1.06,36.71,21.69,0.0,0.4504,30.0,0.0
758,46.27,0.58,33.26,17.56,0.0,0.6014,30.0,0.0
759,46.08,1.46,26.04,11.42,0.0,0.7236,30.0,0.0
760,45.51,0.91,18.91,4.31,0.0,0.8031,30.0,0.0
761,44.59,1.39,8.54,0.0,4.66,0.8331,30.0,0.0
762,43.34,2.77,0.0,0.0,10.58,0.7972,30.0,0.0
763,41.83,1.54,0.0,0.0,10.28,0.7157,30.0,0.0
764,40.1,2.3,0.0,0.0,7.8,0.6363,30.0,0.0
765,38.22,1.46,0.0,0.0,6.76,0.5762,30.0,0.0
766,36.27,1.88,0.0,0.0,4.39,0.5241,30.0,0.0
767,36.27,2.86,0.0,0.0,3.41,0.4903,30.0,0.0
768,36.31,1.65,0.0,0.0,4.66,0.4639,30.0,0.0
769,36.31,2.87,0.0,0.0,3.43,0.428,30.0,0.0
770,36.31,2.26,0.0,0.0,4.05,0.4015,30.0,0.0
771,36.31,1.53,0.0,0.0,4.78,0.3703,30.0,0.0
772,36.31,2.03,0.0,0.0,4.27,0.3334,30.0,0.0
773,36.31,2.08,0.0,0.0,4.22,0.3004,30.0,0.0
774,36.31,1.77,0.0,0.0,4.54,0.2679,30.0,0.0
775,38.26,0.52,9.43,1.69,0.0,0.2329,30.0,0.0
776,40.14,0.83,19.5,10.19,0.0,0.2446,30.0,0.0
777,41.86,0.97,28.35,0.0,0.0,0.3156,12.55,0.0
778,43.38,0.98,32.13,0.0,0.0,0.3156,10.28,0.0
779,44.62,1.28,36.66,0.0,6.68,0.3156,0.0,0.0
780,45.55,1.04,37.85,23.34,0.0,0.2641,30.0,0.0
781,46.12,0.28,37.67,21.83,0.0,0.4265,30.0,0.0
782,46.31,1.21,34.85,19.75,0.0,0.5785,30.0,0.0
783,46.12,1.41,28.58,13.87,0.0,0.7159,30.0,0.0
784,45.55,1.49,19.3,5.23,0.0,0.8124,30.0,0.0
785,44.62,1.88,7.66,0.0,5.09,0.8489,30.0,0.0
786,43.38,1.88,0.0,0.0,11.5,0.8096,30.0,0.0
787,41.86,1.82,0.0,0.0,24.07,0.7209,15.97,0.0
788,40.14,1.68,0.0,0.0,8.46,0.5353,30.0,0.0
789,38.26,0.97,0.0,0.0,7.29,0.47,30.0,0.0
790,36.31,2.12,0.0,0.0,4.19,0.4138,30.0,0.0
791,36.31,2.05,0.0,0.0,4.25,0.3815,30.0,0.0
792,36.35,2.1,0.0,0.0,4.24,0.3487,30.0,0.0
793,36.35,1.29,0.0,0.0,5.05,0.316,30.0,0.0
794,36.35,1.34,0.0,0.0,5.0,0.277,30.0,0.0
795,36.35,2.35,0.0,0.0,4.0,0.2384,30.0,0.0
796,36.35,1.69,0.0,0.0,4.66,0.2076,30.0,0.0
797,36.35,1.93,0.0,0.0,4.41,0.1717,30.0,0.0
798,36.35,1.47,0.0,0.0,4.88,0.1376,30.0,0.0
799,38.3,1.33,9.59,2.63,0.0,0.1,30.0,0.0
800,40.17,0.0,19.19,9.02,0.0,0.1183,30.0,0.0
801,41.9,0.83,27.12,0.0,0.0,0.1811,13.96,0.0
802,43.42,1.06,35.29,6.39,0.0,0.1811,13.46,0.0
803,44.66,0.72,36.77,0.0,7.17,0.2256,0.0,0.0
804,45.58,0.72,37.93,23.06,0.0,0.1703,30.0,0.0
805,46.15,0.8,37.69,22.34,0.0,0.3308,30.0,0.0
806,46.35,1.12,34.5,19.27,0.0,0.4863,30.0,0.0
807,46.15,0.85,25.76,10.46,0.0,0.6204,30.0,0.0
808,45.58,1.84,19.21,5.46,0.0,0.6932,30.0,0.0
809,44.66,0.86,8.4,0.0,5.4,0.7312,30.0,0.0
810,43.42,1.36,0.0,0.0,12.06,0.6896,30.0,0.0
811,41.9,1.36,0.0,0.0,10.54,0.5966,30.0,0.0
812,40.17,2.45,0.0,0.0,7.73,0.5153,30.0,0.0
813,38.3,1.91,0.0,0.0,6.38,0.4557,30.0,0.0
814,36.35,2.42,0.0,0.0,3.93,0.4064,30.0,0.0
815,36.35,1.19,0.0,0.0,5.16,0.3762,30.0,0.0
816,36.38,2.09,0.0,0.0,4.29,0.3364,30.0,0.0
817,36.38,2.39,0.0,0.0,3.99,0.3033,30.0,0.0
818,36.38,1.93,0.0,0.0,4.45,0.2726,30.0,0.0
819,36.38,2.35,0.0,0.0,4.03,0.2382,30.0,0.0
820,36.38,1.44,0.0,0.0,4.94,0.2072,30.0,0.0
821,36.38,2.3,0.0,0.0,4.08,0.169,30.0,0.0
822,36.38,2.62,0.0,0.0,3.76,0.1376,30.0,0.0
823,38.33,1.13,7.56,0.35,0.0,0.1086,30.0,0.0
824,40.21,0.96,19.64,10.39,0.0,0.111,30.0,0.0
825,41.94,1.83,26.85,0.0,0.0,0.1834,13.26,0.0
826,43.45,1.81,35.21,0.0,0.0,0.1834,6.43,0.0
827,44.7,0.69,37.3,0.0,0.0,0.1834,6.71,0.0
828,45.62,0.72,39.65,24.75,0.0,0.1834,30.0,0.0
829,46.19,0.81,36.69,21.31,0.0,0.3556,30.0,0.0
830,46.38,0.32,34.49,18.43,0.0,0.504,30.0,0.0
831,46.19,0.62,26.02,10.45,0.0,0.6322,30.0,0.0
832,45.62,0.68,18.91,3.97,0.0,0.7049,30.0,0.0
833,44.7,0.92,9.51,0.0,4.26,0.7325,30.0,0.0
834,43.45,1.43,0.0,0.0,12.02,0.6997,30.0,0.0
835,41.94,1.7,0.0,0.0,10.24,0.6069,30.0,0.0
836,40.21,2.49,0.0,0.0,7.71,0.528,30.0,0.0
837,38.33,1.3,0.0,0.0,7.03,0.4685,30.0,0.0
838,36.38,2.39,0.0,0.0,3.99,0.4142,30.0,0.0
839,36.38,1.83,0.0,0.0,4.55,0.3835,30.0,0.0
840,36.42,1.93,0.0,0.0,4.49,0.3484,30.0,0.0
841,36.42,2.28,0.0,0.0,4.14,0.3138,30.0,0.0
842,36.42,1.31,0.0,0.0,5.11,0.2818,30.0,0.0
843,36.42,2.0,0.0,0.0,4.42,0.2425,30.0,0.0
844,36.42,1.78,0.0,0.0,4.64,0.2084,30.0,0.0
845,36.42,1.82,0.0,0.0,4.59,0.1726,30.0,0.0
846,36.42,1.59,0.0,0.0,4.83,0.1372,30.0,0.0
847,38.37,2.56,10.59,0.0,0.0,0.1,25.22,0.0
848,40.24,0.0,19.87,0.0,0.0,0.1,20.38,0.0
849,41.97,0.81,27.64,15.9,0.0,0.1,29.42,0.0
850,43.49,0.68,34.37,21.56,0.0,0.2107,30.0,0.0
851,44.73,0.66,37.17,0.0,0.0,0.3607,6.9,0.0
852,45.66,0.61,38.65,23.6,0.0,0.3607,30.0,0.0
853,46.22,1.56,39.42,24.75,0.0,0.525,30.0,0.0
854,46.42,1.72,32.63,17.94,0.0,0.6973,30.0,0.0
855,46.22,0.0,27.42,11.19,0.0,0.8221,30.0,0.0
856,45.66,0.0,18.69,0.0,0.0,0.9,26.96,0.0
857,44.73,1.55,9.38,0.0,3.81,0.9,30.0,0.0
858,43.49,1.16,0.0,0.0,34.93,0.8707,7.4,0.0
859,41.97,1.9,0.0,0.0,10.08,0.6013,30.0,0.0
860,40.24,1.8,0.0,0.0,8.44,0.5236,30.0,0.0
861,38.37,1.03,0.0,0.0,7.34,0.4585,30.0,0.0
862,36.42,2.67,0.0,0.0,3.74,0.4019,30.0,0.0
863,36.42,2.85,0.0,0.0,3.57,0.373,30.0,0.0
864,36.45,1.63,0.0,0.0,4.82,0.3455,30.0,0.0
865,36.45,1.73,0.0,0.0,4.72,0.3084,30.0,0.0
866,36.45,2.02,0.0,0.0,4.43,0.272,30.0,0.0
867,36.45,1.97,0.0,0.0,4.48,0.2378,30.0,0.0
868,36.45,2.03,0.0,0.0,4.42,0.2032,30.0,0.0
869,36.45,2.59,0.0,0.0,3.86,0.1691,30.0,0.0
870,36.45,1.35,0.0,0.0,5.11,0.1394,30.0,0.0
871,38.4,0.9,8.83,1.32,0.0,0.1,30.0,0.0
872,40.28,0.48,19.14,0.0,0.0,0.1092,20.66,0.0
873,42.01,0.7,28.44,0.0,1.19,0.1092,11.67,0.0
874,43.52,0.98,35.66,23.12,0.0,0.1,30.0,0.0
875,44.77,1.86,38.71,25.8,0.0,0.2609,30.0,0.0
876,45.69,0.0,39.32,23.63,0.0,0.4405,30.0,0.0
877,46.26,1.06,38.82,23.62,0.0,0.6049,30.0,0.0
878,46.45,0.99,23.67,8.2,0.0,0.7693,30.0,0.0
879,46.26,0.0,26.83,10.57,0.0,0.8264,30.0,0.0
880,45.69,0.0,18.26,0.0,0.0,0.9,27.43,0.0
881,44.77,1.03,8.44,0.0,5.29,0.9,30.0,0.0
882,43.52,1.19,0.0,0.0,35.85,0.8592,6.49,0.0
883,42.01,2.1,0.0,0.0,9.91,0.5827,30.0,0.0
884,40.28,2.04,0.0,0.0,8.24,0.5063,30.0,0.0
885,38.4,2.74,0.0,0.0,5.66,0.4428,30.0,0.0
886,36.45,2.18,0.0,0.0,4.28,0.3991,30.0,0.0
887,36.45,1.75,0.0,0.0,4.71,0.3661,30.0,0.0
888,36.49,2.24,0.0,0.0,4.24,0.3298,30.0,0.0
889,36.49,2.49,0.0,0.0,4.0,0.2971,30.0,0.0
890,36.49,2.29,0.0,0.0,4.19,0.2663,30.0,0.0
891,36.49,2.05,0.0,0.0,4.44,0.2339,30.0,0.0
892,36.49,2.23,0.0,0.0,4.26,0.1997,30.0,0.0
893,36.49,2.16,0.0,0.0,4.33,0.1669,30.0,0.0
894,36.49,2.14,0.0,0.0,4.35,0.1335,30.0,0.0
895,38.44,1.63,10.46,3.66,0.0,0.1,30.0,0.0
896,40.31,1.09,20.45,0.0,3.3,0.1254,15.47,0.0
897,42.04,1.15,26.65,0.0,0.0,0.1,14.25,0.0
898,43.56,1.61,34.67,22.71,0.0,0.1,30.0,0.0
899,44.8,0.52,39.81,7.59,0.0,0.2581,12.07,0.0
900,45.73,1.11,38.62,24.0,0.0,0.3109,30.0,0.0
901,46.29,0.74,39.3,23.75,0.0,0.478,30.0,0.0
902,46.49,1.0,35.03,19.54,0.0,0.6433,30.0,0.0
903,46.29,1.72,28.68,14.1,0.0,0.7793,30.0,0.0
904,45.73,1.27,17.69,3.24,0.0,0.8774,30.0,0.0
905,44.8,1.32,10.37,0.0,3.11,0.9,30.0,0.0
906,43.56,0.74,0.0,0.0,12.82,0.876,30.0,0.0
907,42.04,1.94,0.0,0.0,10.1,0.7771,30.0,0.0
908,40.31,2.02,0.0,0.0,8.3,0.6993,30.0,0.0
909,38.44,2.9,0.0,0.0,5.54,0.6353,30.0,0.0
910,36.49,1.72,0.0,0.0,4.77,0.5925,30.0,0.0
911,36.49,2.04,0.0,0.0,4.45,0.5557,30.0,0.0
912,36.52,2.06,0.0,0.0,4.46,0.5214,30.0,0.0
913,36.52,2.72,0.0,0.0,3.8,0.4871,30.0,0.0
914,36.52,1.82,0.0,0.0,27.08,0.4578,7.62,0.0
915,36.52,1.93,0.0,0.0,4.59,0.2489,30.0,0.0
916,36.52,1.99,0.0,0.0,4.53,0.2135,30.0,0.0
917,36.52,1.65,0.0,0.0,4.87,0.1786,30.0,0.0
918,36.52,1.2,0.0,0.0,5.32,0.1411,30.0,0.0
919,38.47,1.39,9.21,2.13,0.0,0.1,30.0,0.0
920,40.35,1.72,19.37,0.0,0.0,0.1148,19.26,0.0
921,42.08,0.54,29.33,17.79,0.0,0.1148,30.0,0.0
922,43.59,1.05,34.33,0.0,0.0,0.2386,8.21,0.0
923,44.84,0.58,38.84,0.0,0.0,0.2386,5.42,0.0
924,45.76,1.53,41.08,26.84,0.0,0.2386,30.0,0.0
925,46.33,0.16,39.78,23.61,0.0,0.4255,30.0,0.0
926,46.52,0.7,34.6,18.78,0.0,0.5898,30.0,0.0
927,46.33,1.26,29.27,14.2,0.0,0.7205,30.0,0.0
928,45.76,1.97,17.71,3.92,0.0,0.8193,30.0,0.0
929,44.84,1.26,9.58,0.0,3.99,0.8466,30.0,0.0
930,43.59,1.14,0.0,0.0,12.45,0.8158,30.0,0.0
931,42.08,2.52,0.0,0.0,9.56,0.7198,30.0,0.0
932,40.35,0.94,0.0,0.0,9.41,0.6461,30.0,0.0
933,38.47,0.66,0.0,0.0,7.81,0.5735,30.0,0.0
934,36.52,2.09,0.0,0.0,4.43,0.5133,30.0,0.0
935,36.52,1.66,0.0,0.0,4.86,0.4792,30.0,0.0
936,36.56,1.41,0.0,0.0,5.15,0.4417,30.0,0.0
937,36.56,2.28,0.0,0.0,4.28,0.402,30.0,0.0
938,36.56,1.99,0.0,0.0,4.57,0.369,30.0,0.0
939,36.56,1.49,0.0,0.0,5.06,0.3338,30.0,0.0
940,36.56,1.02,0.0,0.0,5.53,0.2947,30.0,0.0
941,36.56,2.0,0.0,0.0,10.3,0.2521,24.25,0.0
942,36.56,1.75,0.0,0.0,4.8,0.1726,30.0,0.0
943,38.51,1.24,9.71,2.44,0.0,0.1356,30.0,0.0
944,40.38,2.11,19.77,0.0,0.0,0.1525,18.51,0.0
945,42.11,0.51,27.01,0.0,0.0,0.1525,14.59,0.0
946,43.63,0.2,34.9,21.47,0.0,0.1525,30.0,0.0
947,44.87,0.57,38.04,0.0,0.0,0.302,6.25,0.0
948,45.79,0.89,39.92,25.01,0.0,0.302,30.0,0.0
949,46.36,1.05,39.17,23.86,0.0,0.4761,30.0,0.0
950,46.56,0.86,35.89,20.19,0.0,0.6422,30.0,0.0
951,46.36,1.24,29.15,14.02,0.0,0.7827,30.0,0.0
952,45.79,0.53,18.1,2.83,0.0,0.8803,30.0,0.0
953,44.87,2.03,5.99,0.0,6.85,0.9,30.0,0.0
954,43.63,1.38,0.0,0.0,12.25,0.8471,30.0,0.0
955,42.11,2.12,0.0,0.0,9.99,0.7527,30.0,0.0
956,40.38,1.85,0.0,0.0,8.53,0.6757,30.0,0.0
957,38.51,2.01,0.0,0.0,6.49,0.6099,30.0,0.0
958,36.56,2.15,0.0,0.0,4.4,0.5598,30.0,0.0
959,36.56,2.14,0.0,0.0,4.41,0.5259,30.0,0.0
960,36.59,2.25,0.0,0.0,4.33,0.4918,30.0,0.0
961,36.59,2.59,0.0,0.0,4.0,0.4584,30.0,0.0
962,36.59,0.0,0.0,0.0,6.59,0.4275,30.0,0.0
963,36.59,2.14,0.0,0.0,4.45,0.3767,30.0,0.0
964,36.59,1.62,0.0,0.0,4.96,0.3424,30.0,0.0
965,36.59,2.28,0.0,0.0,4.31,0.3041,30.0,0.0
966,36.59,1.07,0.0,0.0,5.52,0.2709,30.0,0.0
967,38.54,2.2,9.77,3.43,0.0,0.2284,30.0,0.0
968,40.42,1.14,19.54,0.0,19.74,0.2522,0.0,0.0
969,42.14,0.32,28.36,16.54,0.0,0.1,30.0,0.0
970,43.66,1.04,34.67,0.0,0.0,0.2151,7.95,0.0
971,44.9,0.57,38.53,24.2,0.0,0.2151,30.0,0.0
972,45.83,1.33,41.14,26.65,0.0,0.3836,30.0,0.0
973,46.4,0.59,38.88,23.08,0.0,0.569,30.0,0.0
974,46.59,0.75,27.05,11.21,0.0,0.7297,30.0,0.0
975,46.4,0.09,29.57,13.26,0.0,0.8077,30.0,0.0
976,45.83,0.93,19.33,0.0,0.0,0.9,25.57,0.0
977,44.9,0.05,10.1,0.0,4.76,0.9,30.0,0.0
978,43.66,0.61,0.0,0.0,13.05,0.8633,30.0,0.0
979,42.14,1.94,0.0,0.0,10.21,0.7626,30.0,0.0
980,40.42,2.07,0.0,0.0,8.34,0.6839,30.0,0.0
981,38.54,1.99,0.0,0.0,6.55,0.6196,30.0,0.0
982,36.59,1.36,0.0,0.0,5.23,0.5691,30.0,0.0
983,36.59,1.88,0.0,0.0,4.7,0.5288,30.0,0.0
984,36.62,1.92,0.0,0.0,4.7,0.4925,30.0,0.0
985,36.62,1.31,0.0,0.0,5.31,0.4562,30.0,0.0
986,36.62,2.62,0.0,0.0,4.0,0.4153,30.0,0.0
987,36.62,2.22,0.0,0.0,4.4,0.3844,30.0,0.0
988,36.62,1.55,0.0,0.0,5.07,0.3504,30.0,0.0
989,36.62,1.56,0.0,0.0,5.07,0.3114,30.0,0.0
990,36.62,1.52,0.0,0.0,5.11,0.2723,30.0,0.0
991,38.57,0.24,10.7,2.37,0.0,0.2329,30.0,0.0
992,40.45,1.03,19.35,0.0,19.37,0.2494,0.7,0.0
993,42.18,0.7,29.29,0.0,0.0,0.1,12.19,0.0
994,43.69,0.46,34.45,0.0,0.0,0.1,8.78,0.0
995,44.94,0.77,39.81,25.64,0.0,0.1,30.0,0.0
996,45.86,1.82,39.91,25.87,0.0,0.2785,30.0,0.0
997,46.43,0.01,39.55,23.12,0.0,0.4585,30.0,0.0
998,46.62,0.0,36.41,19.79,0.0,0.6194,30.0,0.0
999,46.43,1.34,28.82,13.74,0.0,0.7572,30.0,0.0
1000,45.86,1.87,20.78,6.78,0.0,0.8528,30.0,0.0
1001,44.94,1.75,9.35,0.0,3.84,0.9,30.0,0.0
1002,43.69,1.44,0.0,0.0,12.25,0.8704,30.0,0.0
1003,42.18,1.21,0.0,0.0,10.97,0.7759,30.0,0.0
1004,40.45,2.02,0.0,0.0,8.43,0.6913,30.0,0.0
1005,38.57,1.97,0.0,0.0,6.6,0.6263,30.0,0.0
1006,36.62,2.31,0.0,0.0,4.31,0.5754,30.0,0.0
1007,36.62,2.23,0.0,0.0,4.39,0.5422,30.0,0.0
1008,36.65,2.45,0.0,0.0,4.2,0.5083,30.0,0.0
1009,36.65,1.62,0.0,0.0,5.03,0.4758,30.0,0.0
1010,36.65,2.52,0.0,0.0,4.14,0.437,30.0,0.0
1011,36.65,1.87,0.0,0.0,4.79,0.4052,30.0,0.0
1012,36.65,2.72,0.0,0.0,8.68,0.3682,25.26,0.0
1013,36.65,1.18,0.0,0.0,5.47,0.3013,30.0,0.0
1014,36.65,2.29,0.0,0.0,4.36,0.2591,30.0,0.0
1015,38.6,1.37,8.04,0.8,0.0,0.2255,30.0,0.0
1016,40.48,0.82,18.92,9.25,0.0,0.231,30.0,0.0
1017,42.21,0.8,28.38,0.0,0.0,0.2954,13.03,0.0
1018,43.73,0.8,36.54,0.0,0.0,0.2954,6.39,0.0
1019,44.97,1.13,39.58,0.0,0.0,0.2954,4.26,0.0
1020,45.89,1.16,40.22,25.49,0.0,0.2954,30.0,0.0
1021,46.46,0.62,38.12,22.27,0.0,0.4728,30.0,0.0
1022,46.65,0.95,34.65,18.94,0.0,0.6279,30.0,0.0
1023,46.46,2.14,28.62,14.3,0.0,0.7597,30.0,0.0
1024,45.89,2.03,19.72,5.86,0.0,0.8592,30.0,0.0
1025,44.97,1.49,8.21,0.0,5.26,0.9,30.0,0.0
1026,43.73,1.42,0.0,0.0,12.3,0.8594,30.0,0.0
1027,42.21,1.6,0.0,0.0,10.61,0.7645,30.0,0.0
1028,40.48,1.97,0.0,0.0,8.51,0.6827,30.0,0.0
1029,38.6,1.24,0.0,0.0,7.36,0.6171,30.0,0.0
1030,36.65,1.71,0.0,0.0,19.09,0.5603,15.85,0.0
1031,36.65,1.04,0.0,0.0,5.61,0.4131,30.0,0.0
1032,36.69,2.11,0.0,0.0,4.57,0.3699,30.0,0.0
1033,36.69,2.22,0.0,0.0,4.46,0.3346,30.0,0.0
1034,36.69,1.59,0.0,0.0,5.09,0.3001,30.0,0.0
1035,36.69,2.56,0.0,0.0,4.12,0.2609,30.0,0.0
1036,36.69,1.03,0.0,0.0,5.66,0.2291,30.0,0.0
1037,36.69,0.78,0.0,0.0,5.9,0.1854,30.0,0.0
1038,36.69,1.51,0.0,0.0,5.17,0.1399,30.0,0.0
1039,38.64,1.8,10.24,3.4,0.0,0.1,30.0,0.0
1040,40.51,2.0,20.74,0.0,3.07,0.1237,14.7,0.0
1041,42.24,0.8,28.33,16.89,0.0,0.1,30.0,0.0
1042,43.76,1.51,34.61,0.0,7.64,0.2176,0.0,0.0
1043,45.0,0.89,40.0,25.88,0.0,0.1586,30.0,0.0
1044,45.92,0.8,40.32,25.19,0.0,0.3388,30.0,0.0
1045,46.49,1.36,40.04,19.0,0.0,0.5141,24.09,0.0
1046,46.69,1.29,33.91,18.52,0.0,0.6463,30.0,0.0
1047,46.49,0.23,27.24,10.98,0.0,0.7752,30.0,0.0
1048,45.92,1.9,20.98,6.95,0.0,0.8516,30.0,0.0
1049,45.0,1.97,10.51,0.0,2.52,0.9,30.0,0.0
1050,43.76,1.08,0.0,0.0,12.68,0.8805,30.0,0.0
1051,42.24,1.73,0.0,0.0,10.51,0.7828,30.0,0.0
1052,40.51,1.91,0.0,0.0,8.61,0.7017,30.0,0.0
1053,38.64,1.89,0.0,0.0,6.75,0.6353,30.0,0.0
1054,36.69,1.56,0.0,0.0,5.13,0.5833,30.0,0.0
1055,36.69,1.55,0.0,0.0,12.04,0.5438,23.09,0.0
1056,36.72,1.89,0.0,0.0,4.83,0.4509,30.0,0.0
1057,36.72,2.48,0.0,0.0,4.23,0.4137,30.0,0.0
1058,36.72,2.11,0.0,0.0,4.61,0.381,30.0,0.0
1059,36.72,1.56,0.0,0.0,5.15,0.3455,30.0,0.0
1060,36.72,2.04,0.0,0.0,4.68,0.3057,30.0,0.0
1061,36.72,0.07,0.0,0.0,6.65,0.2697,30.0,0.0
1062,36.72,1.98,0.0,0.0,4.74,0.2184,30.0,0.0
1063,38.67,0.37,8.82,0.52,0.0,0.1819,30.0,0.0
1064,40.54,0.0,21.03,10.49,0.0,0.1855,30.0,0.0
1065,42.27,0.46,29.21,0.0,0.0,0.2585,12.6,0.0
1066,43.79,0.29,13.5,0.0,0.0,0.2585,30.0,0.0
1067,45.03,1.49,13.54,0.0,0.0,0.2585,30.0,0.0
1068,45.96,0.64,40.12,24.81,0.0,0.2585,30.0,0.0
1069,46.53,1.08,41.02,25.57,0.0,0.4312,30.0,0.0
1070,46.72,0.93,36.61,20.82,0.0,0.6091,30.0,0.0
1071,46.53,1.27,29.77,14.51,0.0,0.754,30.0,0.0
1072,45.96,1.18,21.24,6.46,0.0,0.855,30.0,0.0
1073,45.03,0.6,8.15,0.0,6.28,0.9,30.0,0.0
1074,43.79,1.9,0.0,0.0,11.89,0.8516,30.0,0.0
1075,42.27,1.27,0.0,0.0,11.0,0.7599,30.0,0.0
1076,40.54,0.85,0.0,0.0,12.78,0.6751,26.91,0.0
1077,38.67,0.0,0.0,0.0,8.67,0.5765,30.0,0.0
1078,36.72,2.6,0.0,0.0,4.12,0.5096,30.0,0.0
1079,36.72,2.32,0.0,0.0,4.4,0.4779,30.0,0.0
1080,36.75,1.72,0.0,0.0,5.03,0.4439,30.0,0.0
1081,36.75,1.7,0.0,0.0,5.05,0.4051,30.0,0.0
1082,36.75,1.66,0.0,0.0,5.09,0.3662,30.0,0.0
1083,36.75,2.81,0.0,0.0,3.94,0.327,30.0,0.0
1084,36.75,1.84,0.0,0.0,4.91,0.2966,30.0,0.0
1085,36.75,1.74,0.0,0.0,5.01,0.2587,30.0,0.0
1086,36.75,1.91,0.0,0.0,4.84,0.2201,30.0,0.0
1087,38.7,1.38,8.11,0.79,0.0,0.1828,30.0,0.0
1088,40.58,1.0,19.82,10.25,0.0,0.1883,30.0,0.0
1089,42.3,0.0,12.3,0.0,0.0,0.2596,30.0,0.0
1090,43.82,0.91,36.18,0.0,0.0,0.2596,6.73,0.0
1091,45.06,0.0,15.06,0.0,0.0,0.2596,30.0,0.0
1092,45.99,1.25,42.34,27.6,0.0,0.2596,30.0,0.0
1093,46.56,0.92,39.69,24.05,0.0,0.4516,30.0,0.0
1094,46.75,1.32,36.86,21.42,0.0,0.619,30.0,0.0
1095,46.56,0.98,30.08,14.51,0.0,0.7681,30.0,0.0
1096,45.99,1.17,19.26,4.44,0.0,0.8691,30.0,0.0
1097,45.06,0.23,10.89,0.0,3.94,0.9,30.0,0.0
1098,43.82,1.85,0.0,0.0,11.97,0.8696,30.0,0.0
1099,42.3,1.69,0.0,0.0,10.61,0.7774,30.0,0.0
1100,40.58,2.15,0.0,0.0,8.43,0.6955,30.0,0.0
1101,38.7,0.27,0.0,0.0,8.43,0.6306,30.0,0.0
1102,36.75,2.89,0.0,0.0,3.85,0.5656,30.0,0.0
1103,36.75,1.81,0.0,0.0,4.94,0.5358,30.0,0.0
1104,36.78,2.46,0.0,0.0,4.32,0.4977,30.0,0.0
1105,36.78,1.34,0.0,0.0,5.44,0.4644,30.0,0.0
1106,36.78,2.13,0.0,0.0,4.64,0.4224,30.0,0.0
1107,36.78,1.2,0.0,0.0,5.58,0.3866,30.0,0.0
1108,36.78,1.32,0.0,0.0,5.46,0.3436,30.0,0.0
1109,36.78,2.49,0.0,0.0,4.29,0.3015,30.0,0.0
1110,36.78,1.28,0.0,0.0,5.5,0.2684,30.0,0.0
1111,38.73,1.36,8.13,0.0,16.34,0.226,12.9,0.0
1112,40.61,1.57,20.94,11.9,0.0,0.1,30.0,0.0
1113,42.33,1.27,29.93,0.0,0.0,0.1828,11.13,0.0
1114,43.85,1.01,35.71,17.37,0.0,0.1828,24.49,0.0
1115,45.09,0.0,15.09,0.0,0.0,0.3037,30.0,0.0
1116,46.02,2.1,40.54,26.62,0.0,0.3037,30.0,0.0
1117,46.59,0.86,39.73,24.0,0.0,0.489,30.0,0.0
1118,46.78,1.04,36.69,20.95,0.0,0.656,30.0,0.0
1119,46.59,1.55,29.14,14.1,0.0,0.8018,30.0,0.0
1120,46.02,1.69,14.33,0.0,0.0,0.9,30.0,0.0
1121,45.09,1.85,9.95,0.0,3.29,0.9,30.0,0.0
1122,43.85,1.71,0.0,0.0,12.14,0.8746,30.0,0.0
1123,42.33,0.93,0.0,0.0,11.41,0.781,30.0,0.0
1124,40.61,2.47,0.0,0.0,8.14,0.693,30.0,0.0
1125,38.73,1.16,0.0,0.0,7.57,0.6302,30.0,0.0
1126,36.78,0.0,0.0,0.0,6.78,0.5718,30.0,0.0
1127,36.78,1.49,0.0,0.0,5.29,0.5195,30.0,0.0
1128,36.81,1.85,0.0,0.0,4.96,0.4787,30.0,0.0
1129,36.81,2.03,0.0,0.0,4.78,0.4405,30.0,0.0
1130,36.81,1.98,0.0,0.0,4.83,0.4037,30.0,0.0
1131,36.81,1.95,0.0,0.0,4.86,0.3664,30.0,0.0
1132,36.81,2.45,0.0,0.0,4.36,0.329,30.0,0.0
1133,36.81,1.74,0.0,0.0,5.07,0.2954,30.0,0.0
1134,36.81,1.25,0.0,0.0,5.56,0.2562,30.0,0.0
1135,38.76,1.73,9.9,0.0,0.0,0.2134,27.13,0.0
1136,40.64,0.0,18.67,0.0,0.0,0.2134,21.97,0.0
1137,42.36,0.39,28.62,16.64,0.0,0.2134,30.0,0.0
1138,43.88,1.24,34.3,0.0,0.0,0.3292,8.35,0.0
1139,45.12,0.0,15.12,0.0,0.0,0.3292,30.0,0.0
1140,46.05,0.71,41.01,25.67,0.0,0.3292,30.0,0.0
1141,46.62,1.58,38.84,23.81,0.0,0.5079,30.0,0.0
1142,46.81,0.85,34.25,18.29,0.0,0.6735,30.0,0.0
1143,46.62,1.08,25.4,9.86,0.0,0.8009,30.0,0.0
1144,46.05,1.03,19.4,4.38,0.0,0.8695,30.0,0.0
1145,45.12,1.25,8.3,0.0,5.58,0.9,30.0,0.0
1146,43.88,0.81,0.0,0.0,13.07,0.857,30.0,0.0
1147,42.36,0.77,0.0,0.0,11.59,0.7562,30.0,0.0
1148,40.64,2.44,0.0,0.0,8.19,0.6668,30.0,0.0
1149,38.76,1.3,0.0,0.0,7.46,0.6036,30.0,0.0
1150,36.81,1.31,0.0,0.0,5.5,0.5461,30.0,0.0
1151,36.81,0.77,0.0,0.0,6.04,0.5037,30.0,0.0
1152,36.84,1.55,0.0,0.0,5.29,0.4571,30.0,0.0
1153,36.84,1.18,0.0,0.0,5.65,0.4163,30.0,0.0
1154,36.84,2.65,0.0,0.0,4.19,0.3727,30.0,0.0
1155,36.84,2.24,0.0,0.0,4.6,0.3404,30.0,0.0
1156,36.84,1.27,0.0,0.0,5.57,0.305,30.0,0.0
1157,36.84,2.65,0.0,0.0,4.19,0.262,30.0,0.0
1158,36.84,1.87,0.0,0.0,4.97,0.2297,30.0,0.0
1159,38.79,1.07,8.49,0.77,0.0,0.1914,30.0,0.0
1160,40.67,0.0,19.25,0.0,0.0,0.1967,21.41,0.0
1161,42.39,2.18,27.96,0.0,0.0,0.1967,12.26,0.0
1162,43.91,0.22,13.69,0.0,0.0,0.1967,30.0,0.0
1163,45.15,0.03,39.59,3.64,0.0,0.1967,9.17,0.0
1164,46.08,1.38,42.3,27.6,0.0,0.2221,30.0,0.0
1165,46.65,2.12,41.67,27.14,0.0,0.4142,30.0,0.0
1166,46.84,1.63,36.77,21.56,0.0,0.6031,30.0,0.0
1167,46.65,1.29,30.61,15.25,0.0,0.7531,30.0,0.0
1168,46.08,1.42,20.51,5.85,0.0,0.8593,30.0,0.0
1169,45.15,1.67,9.67,0.0,3.82,0.9,30.0,0.0
1170,43.91,1.75,0.0,0.0,12.16,0.8706,30.0,0.0
1171,42.39,1.64,0.0,0.0,10.75,0.7768,30.0,0.0
1172,40.67,1.68,0.0,0.0,8.99,0.6939,30.0,0.0
1173,38.79,1.7,0.0,0.0,7.09,0.6246,30.0,0.0
1174,36.84,1.42,0.0,0.0,5.41,0.5699,30.0,0.0
1175,36.84,1.72,0.0,0.0,18.45,0.5281,16.67,0.0
1176,36.87,1.01,0.0,0.0,5.86,0.3859,30.0,0.0
1177,36.87,1.8,0.0,0.0,5.06,0.3407,30.0,0.0
1178,36.87,1.3,0.0,0.0,5.57,0.3016,30.0,0.0
1179,36.87,1.16,0.0,0.0,5.71,0.2587,30.0,0.0
1180,36.87,1.71,0.0,0.0,5.16,0.2146,30.0,0.0
1181,36.87,2.2,0.0,0.0,4.66,0.1748,30.0,0.0
1182,36.87,1.83,0.0,0.0,5.04,0.1389,30.0,0.0
1183,38.82,0.43,11.24,2.85,0.0,0.1,30.0,0.0
1184,40.69,0.0,20.85,0.0,0.0,0.1198,19.85,0.0
1185,42.42,1.48,10.94,0.0,0.0,0.1198,30.0,0.0
1186,43.94,0.42,37.59,24.07,0.0,0.1198,30.0,0.0
1187,45.18,0.0,15.18,0.0,0.0,0.2874,30.0,0.0
1188,46.11,1.13,40.9,25.93,0.0,0.2874,30.0,0.0
1189,46.68,0.37,41.05,24.74,0.0,0.4678,30.0,0.0
1190,46.87,0.97,35.44,19.54,0.0,0.64,30.0,0.0
1191,46.68,0.32,28.47,11.46,0.0,0.776,29.35,0.0
1192,46.11,0.8,21.66,6.35,0.0,0.8558,30.0,0.0
1193,45.18,1.39,8.26,0.0,5.53,0.9,30.0,0.0
1194,43.94,0.55,0.0,0.0,13.39,0.8573,30.0,0.0
1195,42.42,1.72,0.0,0.0,10.71,0.7541,30.0,0.0
1196,40.69,1.61,0.0,0.0,9.09,0.6715,30.0,0.0
1197,38.82,2.0,0.0,0.0,6.82,0.6014,30.0,0.0
1198,36.87,1.92,0.0,0.0,4.95,0.5489,30.0,0.0
1199,36.87,2.55,0.0,0.0,4.32,0.5107,30.0,0.0
1200,36.9,1.93,0.0,0.0,4.97,0.4774,30.0,0.0
1201,36.9,1.63,0.0,0.0,5.27,0.4391,30.0,0.0
1202,36.9,1.86,0.0,0.0,5.04,0.3984,30.0,0.0
1203,36.9,1.99,0.0,0.0,4.9,0.3596,30.0,0.0
1204,36.9,1.63,0.0,0.0,5.26,0.3218,30.0,0.0
1205,36.9,1.51,0.0,0.0,5.39,0.2812,30.0,0.0
1206,36.9,1.0,0.0,0.0,5.9,0.2396,30.0,0.0
1207,38.85,0.88,10.4,0.0,12.21,0.1941,15.35,0.0
1208,40.72,0.38,19.2,8.86,0.0,0.1,30.0,0.0
1209,42.45,1.89,27.83,0.0,0.0,0.1616,12.74,0.0
1210,43.97,0.28,36.77,0.0,6.92,0.1616,0.0,0.0
1211,45.21,0.51,39.2,24.5,0.0,0.1083,30.0,0.0
1212,46.13,0.48,42.54,26.88,0.0,0.2788,30.0,0.0
1213,46.7,1.32,40.65,25.26,0.0,0.4659,30.0,0.0
1214,46.9,0.0,34.93,18.04,0.0,0.6417,30.0,0.0
1215,46.7,1.63,28.46,13.38,0.0,0.7672,30.0,0.0
1216,46.13,0.75,21.07,5.69,0.0,0.8604,30.0,0.0
1217,45.21,1.36,11.0,0.0,2.85,0.9,30.0,0.0
1218,43.97,0.93,0.0,0.0,20.98,0.878,22.06,0.0
1219,42.45,0.0,0.0,0.0,12.45,0.7163,30.0,0.0
1220,40.72,1.0,0.0,0.0,9.72,0.6202,30.0,0.0
1221,38.85,1.87,0.0,0.0,6.97,0.5453,30.0,0.0
1222,36.9,2.12,0.0,0.0,4.78,0.4915,30.0,0.0
1223,36.9,2.06,0.0,0.0,4.84,0.4547,30.0,0.0
1224,36.92,0.0,0.0,0.0,6.92,0.4174,30.0,0.0
1225,36.92,1.77,0.0,0.0,5.15,0.364,30.0,0.0
1226,36.92,1.81,0.0,0.0,5.11,0.3243,30.0,0.0
1227,36.92,1.63,0.0,0.0,5.29,0.2848,30.0,0.0
1228,36.92,2.09,0.0,0.0,4.83,0.244,30.0,0.0
1229,36.92,0.0,0.0,0.0,6.92,0.2068,30.0,0.0
1230,36.92,0.0,0.0,0.0,6.92,0.1534,30.0,0.0
1231,38.87,0.52,8.36,0.0,0.0,0.1,30.0,0.0
1232,40.75,0.0,19.71,0.0,0.0,0.1,21.04,0.0
1233,42.48,2.3,10.18,0.0,0.0,0.1,30.0,0.0
1234,43.99,0.49,13.5,0.0,0.0,0.1,30.0,0.0
1235,45.24,1.69,39.33,25.78,0.0,0.1,30.0,0.0
1236,46.16,1.69,43.73,29.26,0.0,0.2794,30.0,0.0
1237,46.73,0.57,40.45,24.29,0.0,0.4831,30.0,0.0
1238,46.92,0.0,37.21,20.29,0.0,0.6521,30.0,0.0
1239,46.73,1.82,30.24,15.32,0.0,0.7934,30.0,0.0
1240,46.16,0.9,15.26,0.0,0.0,0.9,30.0,0.0
1241,45.24,1.11,9.01,0.0,5.11,0.9,30.0,0.0
1242,43.99,1.05,0.0,0.0,13.16,0.8606,29.78,0.0
1243,42.48,0.96,0.0,0.0,11.52,0.7591,30.0,0.0
1244,40.75,1.27,0.0,0.0,9.48,0.6702,30.0,0.0
1245,38.87,1.08,0.0,0.0,7.79,0.5971,30.0,0.0
1246,36.92,1.81,0.0,0.0,5.12,0.537,30.0,0.0
1247,36.92,1.45,0.0,0.0,5.48,0.4976,30.0,0.0
1248,36.95,1.97,0.0,0.0,4.98,0.4554,30.0,0.0
1249,36.95,1.04,0.0,0.0,5.91,0.4169,30.0,0.0
1250,36.95,1.95,0.0,0.0,5.0,0.3713,30.0,0.0
1251,36.95,2.13,0.0,0.0,4.82,0.3328,30.0,0.0
1252,36.95,0.58,0.0,0.0,6.37,0.2956,30.0,0.0
1253,36.95,1.66,0.0,0.0,5.29,0.2464,30.0,0.0
1254,36.95,1.97,0.0,0.0,4.98,0.2057,30.0,0.0
1255,38.9,0.59,9.54,1.23,0.0,0.1672,30.0,0.0
1256,40.78,1.94,21.63,0.0,0.0,0.1758,17.21,0.0
1257,42.51,1.19,11.31,0.0,0.0,0.1758,30.0,0.0
1258,44.02,0.0,14.02,0.0,0.0,0.1758,30.0,0.0
1259,45.27,0.0,15.27,0.0,0.0,0.1758,30.0,0.0
1260,46.19,1.11,41.66,26.58,0.0,0.1758,30.0,0.0
1261,46.76,0.89,40.67,24.8,0.0,0.3608,30.0,0.0
1262,46.95,1.17,36.85,21.07,0.0,0.5334,30.0,0.0
1263,46.76,0.51,29.28,13.04,0.0,0.6801,30.0,0.0
1264,46.19,1.17,21.6,6.58,0.0,0.7708,30.0,0.0
1265,45.27,0.49,9.89,0.0,4.89,0.8166,30.0,0.0
1266,44.02,1.28,0.0,0.0,12.74,0.7789,30.0,0.0
1267,42.51,1.01,0.0,0.0,11.5,0.6807,30.0,0.0
1268,40.78,1.22,0.0,0.0,9.56,0.592,30.0,0.0
1269,38.9,2.33,0.0,0.0,6.57,0.5183,30.0,0.0
1270,36.95,2.34,0.0,0.0,4.61,0.4676,30.0,0.0
1271,36.95,2.14,0.0,0.0,4.81,0.4321,30.0,0.0
1272,36.98,1.29,0.0,0.0,5.69,0.395,30.0,0.0
1273,36.98,1.66,0.0,0.0,5.31,0.3511,30.0,0.0
1274,36.98,0.0,0.0,0.0,6.98,0.3101,30.0,0.0
1275,36.98,1.77,0.0,0.0,5.21,0.2563,30.0,0.0
1276,36.98,2.77,0.0,0.0,4.2,0.2162,30.0,0.0
1277,36.98,1.67,0.0,0.0,5.31,0.1837,30.0,0.0
1278,36.98,1.43,0.0,0.0,5.55,0.1428,30.0,0.0
1279,38.93,1.04,8.21,0.33,0.0,0.1,30.0,0.0
1280,40.8,1.15,21.21,11.56,0.0,0.1023,30.0,0.0
1281,42.53,0.89,29.87,18.23,0.0,0.1827,30.0,0.0
1282,44.05,1.25,36.61,0.0,6.18,0.3096,0.0,0.0
1283,45.29,1.33,42.24,0.0,0.0,0.2619,1.72,0.0
1284,46.22,0.42,42.73,26.93,0.0,0.2619,30.0,0.0
1285,46.79,0.16,41.86,25.23,0.0,0.4494,30.0,0.0
1286,46.98,0.0,35.7,18.72,0.0,0.625,30.0,0.0
1287,46.79,1.23,30.19,14.64,0.0,0.7553,30.0,0.0
1288,46.22,0.51,21.86,6.16,0.0,0.8571,30.0,0.0
1289,45.29,0.1,11.42,0.0,3.77,0.9,30.0,0.0
1290,44.05,1.53,0.0,0.0,12.52,0.8709,30.0,0.0
1291,42.53,2.74,0.0,0.0,9.8,0.7744,30.0,0.0
1292,40.8,1.59,0.0,0.0,9.22,0.6988,30.0,0.0
1293,38.93,2.12,0.0,0.0,6.81,0.6277,30.0,0.0
1294,36.98,1.82,0.0,0.0,5.16,0.5752,30.0,0.0
1295,36.98,1.78,0.0,0.0,5.2,0.5355,30.0,0.0
1296,37.0,2.31,0.0,0.0,4.7,0.4953,30.0,0.0
1297,37.0,1.67,0.0,0.0,5.33,0.4591,30.0,0.0
1298,37.0,1.9,0.0,0.0,5.1,0.418,30.0,0.0
1299,37.0,1.85,0.0,0.0,5.15,0.3787,30.0,0.0
1300,37.0,1.24,0.0,0.0,5.76,0.3389,30.0,0.0
1301,37.0,1.96,0.0,0.0,5.04,0.2945,30.0,0.0
1302,37.0,1.24,0.0,0.0,5.77,0.2556,30.0,0.0
1303,38.95,0.0,0.0,0.0,8.95,0.2112,30.0,0.0
1304,40.83,1.34,21.52,12.03,0.0,0.1421,30.0,0.0
1305,42.56,0.51,12.05,0.0,0.0,0.2259,30.0,0.0
1306,44.07,0.9,24.1,10.92,0.0,0.2259,30.0,0.0
1307,45.32,0.0,15.32,0.0,0.0,0.3019,30.0,0.0
1308,46.24,1.37,43.46,28.59,0.0,0.3019,30.0,0.0
1309,46.81,1.08,41.2,25.46,0.0,0.5008,30.0,0.0
1310,47.0,0.87,38.01,21.88,0.0,0.678,30.0,0.0
1311,46.81,1.38,15.43,0.0,0.0,0.8303,30.0,0.0
1312,46.24,1.78,14.46,0.0,0.0,0.8303,30.0,0.0
1313,45.32,1.48,10.41,0.0,3.43,0.8303,30.0,0.0
1314,44.07,1.33,0.0,0.0,12.74,0.8039,30.0,0.0
1315,42.56,0.79,0.0,0.0,11.77,0.7056,30.0,0.0
1316,40.83,1.04,0.0,0.0,9.79,0.6148,30.0,0.0
1317,38.95,1.53,0.0,0.0,7.42,0.5393,30.0,0.0
1318,37.0,1.46,0.0,0.0,5.55,0.4821,30.0,0.0
1319,37.0,1.72,0.0,0.0,5.28,0.4393,30.0,0.0
1320,37.03,1.86,0.0,0.0,5.17,0.3986,30.0,0.0
1321,37.03,2.08,0.0,0.0,4.95,0.3587,30.0,0.0
1322,37.03,1.73,0.0,0.0,5.3,0.3206,30.0,0.0
1323,37.03,1.93,0.0,0.0,5.1,0.2797,30.0,0.0
1324,37.03,1.61,0.0,0.0,5.42,0.2403,30.0,0.0
1325,37.03,0.44,0.0,0.0,6.59,0.1985,30.0,0.0
1326,37.03,0.84,0.0,0.0,6.19,0.1477,30.0,0.0
1327,38.98,1.11,10.4,2.53,0.0,0.1,30.0,0.0
1328,40.86,0.45,19.37,8.96,0.0,0.1176,30.0,0.0
1329,42.58,1.26,30.77,0.0,0.0,0.18,10.55,0.0
1330,44.1,1.66,38.57,10.23,0.0,0.18,14.1,0.0
1331,45.34,1.45,40.57,0.0,0.0,0.2512,3.32,0.0
1332,46.27,0.7,41.97,26.4,0.0,0.2512,30.0,0.0
1333,46.84,1.59,41.42,26.17,0.0,0.4349,30.0,0.0
1334,47.03,0.95,35.86,19.78,0.0,0.6171,30.0,0.0
1335,46.84,0.79,30.99,14.94,0.0,0.7547,30.0,0.0
1336,46.27,0.75,21.45,5.93,0.0,0.8587,30.0,0.0
1337,45.34,1.03,11.48,0.0,2.83,0.9,30.0,0.0
1338,44.1,1.12,0.0,0.0,12.98,0.8782,30.0,0.0
1339,42.58,1.54,0.0,0.0,11.05,0.7781,30.0,0.0
1340,40.86,1.66,0.0,0.0,9.2,0.6929,30.0,0.0
1341,38.98,1.68,0.0,0.0,7.3,0.622,30.0,0.0
1342,37.03,1.98,0.0,0.0,5.04,0.5657,30.0,0.0
1343,37.03,2.42,0.0,0.0,4.61,0.5268,30.0,0.0
1344,37.05,2.31,0.0,0.0,4.75,0.4912,30.0,0.0
1345,37.05,1.05,0.0,0.0,6.01,0.4546,30.0,0.0
1346,37.05,0.45,0.0,0.0,6.6,0.4083,30.0,0.0
1347,37.05,2.15,0.0,0.0,4.9,0.3574,30.0,0.0
1348,37.05,0.0,0.0,0.0,7.05,0.3196,30.0,0.0
1349,37.05,1.33,0.0,0.0,5.72,0.2652,30.0,0.0
1350,37.05,0.71,0.0,0.0,6.34,0.221,30.0,0.0
1351,39.0,0.26,9.34,0.6,0.0,0.1722,30.0,0.0
1352,40.88,0.0,19.18,8.3,0.0,0.1763,30.0,0.0
1353,42.61,0.0,12.61,0.0,0.0,0.2341,30.0,0.0
1354,44.12,0.58,35.83,0.0,0.0,0.2341,7.72,0.0
1355,45.37,0.0,40.74,0.0,0.0,0.2341,4.63,0.0
1356,46.29,0.52,43.97,28.2,0.0,0.2341,30.0,0.0
1357,46.86,0.0,42.56,25.7,0.0,0.4304,30.0,0.0
1358,47.05,0.12,38.05,21.11,0.0,0.6092,30.0,0.0
1359,46.86,1.04,31.02,15.2,0.0,0.7562,30.0,0.0
1360,46.29,0.0,21.76,5.46,0.0,0.862,30.0,0.0
1361,45.37,1.48,8.69,0.0,5.2,0.9,30.0,0.0
1362,44.12,1.37,0.0,0.0,12.75,0.8599,30.0,0.0
1363,42.61,0.95,0.0,0.0,11.66,0.7615,30.0,0.0
1364,40.88,2.18,0.0,0.0,8.7,0.6716,30.0,0.0
1365,39.0,1.59,0.0,0.0,7.41,0.6045,30.0,0.0
1366,37.05,1.74,0.0,0.0,5.31,0.5473,30.0,0.0
1367,37.05,1.33,0.0,0.0,5.73,0.5063,30.0,0.0
1368,37.08,1.59,0.0,0.0,5.49,0.4622,30.0,0.0
1369,37.08,1.35,0.0,0.0,5.73,0.4199,30.0,0.0
1370,37.08,1.66,0.0,0.0,5.42,0.3757,30.0,0.0
1371,37.08,2.54,0.0,0.0,4.54,0.3339,30.0,0.0
1372,37.08,0.86,0.0,0.0,6.22,0.2989,30.0,0.0
1373,37.08,0.61,0.0,0.0,6.46,0.2509,30.0,0.0
1374,37.08,2.06,0.0,0.0,5.02,0.2011,30.0,0.0
1375,39.03,1.07,11.37,3.41,0.0,0.1623,30.0,0.0
1376,40.9,0.71,20.67,0.0,0.0,0.1861,19.53,0.0
1377,42.63,1.47,31.42,20.26,0.0,0.1861,30.0,0.0
1378,44.15,0.55,36.28,22.68,0.0,0.3271,30.0,0.0
1379,45.39,0.0,0.66,0.0,44.73,0.4849,0.0,0.0
1380,46.32,1.14,42.07,26.9,0.0,0.14,30.0,0.0
1381,46.89,0.56,43.02,26.69,0.0,0.3272,30.0,0.0
1382,47.08,1.96,37.56,22.45,0.0,0.513,30.0,0.0
1383,46.89,0.63,30.13,13.88,0.0,0.6692,30.0,0.0
1384,46.32,1.43,22.17,7.28,0.0,0.7658,30.0,0.0
1385,45.39,1.33,9.54,0.0,4.53,0.8165,30.0,0.0
1386,44.15,1.97,0.0,0.0,12.18,0.7816,30.0,0.0
1387,42.63,2.23,0.0,0.0,10.4,0.6876,30.0,0.0
1388,40.9,1.58,0.0,0.0,9.33,0.6074,30.0,0.0
1389,39.03,1.28,0.0,0.0,7.75,0.5355,30.0,0.0
1390,37.08,1.98,0.0,0.0,5.1,0.4757,30.0,0.0
1391,37.08,1.45,0.0,0.0,5.63,0.4364,30.0,0.0
1392,37.1,2.84,0.0,0.0,4.27,0.3931,30.0,0.0
1393,37.1,1.86,0.0,0.0,5.24,0.3602,30.0,0.0
1394,37.1,1.55,0.0,0.0,5.55,0.3197,30.0,0.0
1395,37.1,1.75,0.0,0.0,5.35,0.2769,30.0,0.0
1396,37.1,0.86,0.0,0.0,6.24,0.2357,30.0,0.0
1397,37.1,0.93,0.0,0.0,6.17,0.1876,30.0,0.0
1398,37.1,1.91,0.0,0.0,5.19,0.14,30.0,0.0
1399,39.05,0.83,9.11,0.88,0.0,0.1,30.0,0.0
1400,40.93,0.51,19.75,0.0,0.8,0.1062,19.87,0.0
1401,42.66,1.21,29.1,0.0,0.0,0.1,12.35,0.0
1402,44.17,0.0,27.43,13.25,0.0,0.1,30.0,0.0
1403,45.42,1.17,40.75,26.5,0.0,0.1922,30.0,0.0
1404,46.34,1.3,45.05,30.01,0.0,0.3767,30.0,0.0
1405,46.91,0.42,40.92,24.43,0.0,0.5855,30.0,0.0
1406,47.1,0.13,37.73,20.75,0.0,0.7556,30.0,0.0
1407,46.91,0.0,16.91,0.0,0.0,0.9,30.0,0.0
1408,46.34,0.0,16.34,0.0,0.0,0.9,30.0,0.0
1409,45.42,1.04,9.35,0.0,5.03,0.9,30.0,0.0
1410,44.17,1.98,0.0,0.0,12.2,0.8612,30.0,0.0
1411,42.66,1.71,0.0,0.0,10.94,0.7672,30.0,0.0
1412,40.93,1.79,0.0,0.0,9.14,0.6828,30.0,0.0
1413,39.05,2.76,0.0,0.0,6.29,0.6122,30.0,0.0
1414,37.1,1.41,0.0,0.0,5.69,0.5637,30.0,0.0
1415,37.1,2.26,0.0,0.0,4.84,0.5199,30.0,0.0
1416,37.12,1.83,0.0,0.0,5.3,0.4826,30.0,0.0
1417,37.12,1.92,0.0,0.0,5.2,0.4417,30.0,0.0
1418,37.12,2.51,0.0,0.0,4.61,0.4016,30.0,0.0
1419,37.12,1.91,0.0,0.0,5.21,0.366,30.0,0.0
1420,37.12,1.82,0.0,0.0,5.3,0.3258,30.0,0.0
1421,37.12,1.97,0.0,0.0,17.96,0.2849,17.2,0.0
1422,37.12,1.1,0.0,0.0,6.02,0.1464,30.0,0.0
1423,39.08,0.73,9.17,0.82,0.0,0.1,30.0,0.0
1424,40.95,0.5,20.4,9.95,0.0,0.1057,30.0,0.0
1425,42.68,0.0,31.99,0.0,0.0,0.175,10.69,0.0
1426,44.2,1.9,36.81,0.0,0.0,0.175,5.48,0.0
1427,45.44,0.23,41.16,0.0,0.0,0.175,4.04,0.0
1428,46.36,0.67,43.81,28.11,0.0,0.175,30.0,0.0
1429,46.93,0.66,42.68,26.4,0.0,0.3707,30.0,0.0
1430,47.12,1.0,39.06,22.94,0.0,0.5544,30.0,0.0
1431,46.93,1.35,29.53,13.94,0.0,0.7141,30.0,0.0
1432,46.36,1.47,22.69,7.8,0.0,0.8111,30.0,0.0
1433,45.44,0.86,10.68,0.0,3.9,0.8654,30.0,0.0
1434,44.2,1.2,0.0,0.0,12.99,0.8353,30.0,0.0
1435,42.68,1.57,0.0,0.0,11.11,0.7351,30.0,0.0
1436,40.95,1.42,0.0,0.0,9.53,0.6494,30.0,0.0
1437,39.08,2.47,0.0,0.0,6.6,0.5759,30.0,0.0
1438,37.12,1.98,0.0,0.0,5.14,0.525,30.0,0.0
1439,37.12,2.16,0.0,0.0,4.97,0.4853,30.0,0.0
1440,37.15,2.13,0.0,0.0,5.02,0.447,30.0,0.0
1441,37.15,2.37,0.0,0.0,4.77,0.4084,30.0,0.0
1442,37.15,1.82,0.0,0.0,5.33,0.3716,30.0,0.0
1443,37.15,0.98,0.0,0.0,6.17,0.3305,30.0,0.0
1444,37.15,1.74,0.0,0.0,5.41,0.2829,30.0,0.0
1445,37.15,1.08,0.0,0.0,6.06,0.2412,30.0,0.0
1446,37.15,1.01,0.0,0.0,6.13,0.1945,30.0,0.0
1447,39.1,1.45,9.86,2.21,0.0,0.1471,30.0,0.0
1448,40.97,1.66,20.68,11.37,0.0,0.1625,30.0,0.0
1449,42.7,0.93,29.47,0.0,0.0,0.2416,12.3,0.0
1450,44.22,1.0,39.33,0.0,3.89,0.2416,0.0,0.0
1451,45.46,1.66,43.43,0.0,0.0,0.2116,0.37,0.0
1452,46.39,0.89,43.35,27.86,0.0,0.2116,30.0,0.0
1453,46.95,2.12,42.78,27.94,0.0,0.4055,30.0,0.0
1454,47.15,1.13,37.47,21.45,0.0,0.6,30.0,0.0
1455,46.95,0.02,29.45,12.52,0.0,0.7493,30.0,0.0
1456,46.39,1.41,20.51,5.54,0.0,0.8365,30.0,0.0
1457,45.46,1.34,8.9,0.0,5.22,0.875,30.0,0.0
1458,44.22,1.94,0.0,0.0,12.28,0.8348,30.0,0.0
1459,42.7,1.76,0.0,0.0,10.94,0.7401,30.0,0.0
1460,40.97,1.47,0.0,0.0,9.51,0.6557,30.0,0.0
1461,39.1,1.02,0.0,0.0,8.08,0.5824,30.0,0.0
1462,37.15,1.62,0.0,0.0,5.53,0.5201,30.0,0.0
1463,37.15,1.34,0.0,0.0,5.81,0.4774,30.0,0.0
1464,37.17,1.49,0.0,0.0,5.68,0.4327,30.0,0.0
1465,37.17,2.07,0.0,0.0,5.1,0.3889,30.0,0.0
1466,37.17,2.57,0.0,0.0,4.6,0.3495,30.0,0.0
1467,37.17,1.84,0.0,0.0,5.33,0.3141,30.0,0.0
1468,37.17,0.92,0.0,0.0,6.25,0.2729,30.0,0.0
1469,37.17,1.63,0.0,0.0,10.89,0.2247,24.64,0.0
1470,37.17,1.89,0.0,0.0,5.28,0.1407,30.0,0.0
1471,39.12,0.83,9.2,0.91,0.0,0.1,30.0,0.0
1472,41.0,0.95,21.75,11.71,0.0,0.1063,30.0,0.0
1473,42.72,0.92,30.77,0.0,0.0,0.1878,11.04,0.0
1474,44.24,0.43,38.15,0.0,0.0,0.1878,5.66,0.0
1475,45.48,1.11,43.83,0.0,0.54,0.1878,0.0,0.0
1476,46.41,0.7,44.67,28.96,0.0,0.1836,30.0,0.0
1477,46.98,1.0,41.13,25.15,0.0,0.3852,30.0,0.0
1478,47.17,0.38,37.91,16.87,0.0,0.5603,25.75,0.0
1479,46.98,0.69,30.94,14.66,0.0,0.6777,30.0,0.0
1480,46.41,1.39,21.19,6.17,0.0,0.7797,30.0,0.0
1481,45.48,0.95,11.04,0.0,3.49,0.8227,30.0,0.0
1482,44.24,2.16,0.0,0.0,12.08,0.7957,30.0,0.0
1483,42.72,1.2,0.0,0.0,11.52,0.7026,30.0,0.0
1484,41.0,1.64,0.0,0.0,9.35,0.6137,30.0,0.0
1485,39.12,2.11,0.0,0.0,7.01,0.5416,30.0,0.0
1486,37.17,0.99,0.0,0.0,6.18,0.4876,30.0,0.0
1487,37.17,0.87,0.0,0.0,6.3,0.4399,30.0,0.0
1488,37.19,1.0,0.0,0.0,6.19,0.3914,30.0,0.0
1489,37.19,2.4,0.0,0.0,4.78,0.3436,30.0,0.0
1490,37.19,1.43,0.0,0.0,5.76,0.3067,30.0,0.0
1491,37.19,2.93,0.0,0.0,4.26,0.2623,30.0,0.0
1492,37.19,1.23,0.0,0.0,5.96,0.2295,30.0,0.0
1493,37.19,1.49,0.0,0.0,5.7,0.1835,30.0,0.0
1494,37.19,2.05,0.0,0.0,5.14,0.1396,30.0,0.0
1495,39.14,2.16,9.92,2.93,0.0,0.1,30.0,0.0
1496,41.02,2.06,22.41,0.0,0.0,0.1204,16.55,0.0
1497,42.75,1.52,32.12,14.56,0.0,0.1204,23.66,0.0
1498,44.26,1.35,36.93,0.0,0.0,0.2218,5.99,0.0
1499,45.5,0.0,15.5,0.0,0.0,0.2218,30.0,0.0
1500,46.43,1.15,44.58,29.3,0.0,0.2218,30.0,0.0
1501,47.0,0.49,44.15,27.64,0.0,0.4257,30.0,0.0
1502,47.19,0.41,37.01,20.23,0.0,0.6181,30.0,0.0
1503,47.0,0.9,30.45,14.36,0.0,0.7589,30.0,0.0
1504,46.43,0.93,21.42,5.91,0.0,0.8588,30.0,0.0
1505,45.5,0.9,10.57,0.0,4.03,0.9,30.0,0.0
1506,44.26,1.62,0.0,0.0,12.64,0.8689,30.0,0.0
1507,42.75,1.89,0.0,0.0,10.86,0.7714,30.0,0.0
1508,41.02,1.57,0.0,0.0,9.45,0.6877,30.0,0.0
1509,39.14,2.38,0.0,0.0,6.76,0.6148,30.0,0.0
1510,37.19,1.13,0.0,0.0,6.06,0.5627,30.0,0.0
1511,37.19,1.66,0.0,0.0,5.53,0.5159,30.0,0.0
1512,37.21,1.4,0.0,0.0,5.81,0.4733,30.0,0.0
1513,37.21,0.8,0.0,0.0,6.41,0.4285,30.0,0.0
1514,37.21,1.66,0.0,0.0,5.55,0.3791,30.0,0.0
1515,37.21,1.56,0.0,0.0,5.65,0.3363,30.0,0.0
1516,37.21,2.29,0.0,0.0,4.92,0.2927,30.0,0.0
1517,37.21,1.71,0.0,0.0,5.5,0.2547,30.0,0.0
1518,37.21,0.74,0.0,0.0,6.47,0.2123,30.0,0.0
1519,39.16,2.07,9.77,2.69,0.0,0.1624,30.0,0.0
1520,41.04,1.63,21.89,0.0,0.0,0.1811,17.52,0.0
1521,42.77,1.2,24.68,13.11,0.0,0.1811,30.0,0.0
1522,44.28,0.7,37.05,0.0,6.53,0.2724,0.0,0.0
1523,45.52,0.28,44.5,0.0,0.0,0.222,0.75,0.0
1524,46.45,0.56,44.29,28.4,0.0,0.222,30.0,0.0
1525,47.02,1.32,42.01,26.31,0.0,0.4197,30.0,0.0
1526,47.21,1.78,39.18,23.75,0.0,0.6028,30.0,0.0
1527,47.02,1.69,29.63,14.3,0.0,0.7681,30.0,0.0
1528,46.45,0.75,20.35,4.66,0.0,0.8676,30.0,0.0
1529,45.52,0.56,11.34,0.0,3.63,0.9,30.0,0.0
1530,44.28,1.33,0.0,0.0,12.95,0.872,30.0,0.0
1531,42.77,0.49,0.0,0.0,12.28,0.7722,30.0,0.0
1532,41.04,1.68,0.0,0.0,9.36,0.6775,30.0,0.0
1533,39.16,1.55,0.0,0.0,7.62,0.6053,30.0,0.0
1534,37.21,1.46,0.0,0.0,5.75,0.5466,30.0,0.0
1535,37.21,0.94,0.0,0.0,6.27,0.5023,30.0,0.0
1536,37.23,2.02,0.0,0.0,5.21,0.4539,30.0,0.0
1537,37.23,1.47,0.0,0.0,5.76,0.4138,30.0,0.0
1538,37.23,1.1,0.0,0.0,6.13,0.3694,30.0,0.0
1539,37.23,0.15,0.0,0.0,7.08,0.3221,30.0,0.0
1540,37.23,1.49,0.0,0.0,5.74,0.2674,30.0,0.0
1541,37.23,2.29,0.0,0.0,4.94,0.2232,30.0,0.0
1542,37.23,2.1,0.0,0.0,5.13,0.1851,30.0,0.0
1543,39.18,0.89,9.32,1.03,0.0,0.1455,30.0,0.0
1544,41.06,0.69,22.3,11.93,0.0,0.1527,30.0,0.0
1545,42.79,1.13,31.74,0.0,0.0,0.2357,9.92,0.0
1546,44.3,0.3,37.76,23.76,0.0,0.2357,30.0,0.0
1547,45.54,0.0,8.66,0.0,36.88,0.401,0.0,0.0
1548,46.47,1.13,46.23,30.89,0.0,0.1166,30.0,0.0
1549,47.04,1.38,43.64,27.98,0.0,0.3316,30.0,0.0
1550,47.23,0.76,39.8,23.33,0.0,0.5264,30.0,0.0
1551,47.04,0.79,32.58,16.33,0.0,0.6887,30.0,0.0
1552,46.47,0.55,21.38,5.46,0.0,0.8023,30.0,0.0
1553,45.54,0.7,11.44,0.0,3.41,0.8403,30.0,0.0
1554,44.3,1.14,0.0,0.0,13.16,0.8141,30.0,0.0
1555,42.79,1.57,0.0,0.0,11.21,0.7125,30.0,0.0
1556,41.06,1.97,0.0,0.0,9.08,0.6261,30.0,0.0
1557,39.18,1.2,0.0,0.0,7.98,0.556,30.0,0.0
1558,37.23,2.46,0.0,0.0,4.77,0.4945,30.0,0.0
1559,37.23,1.61,0.0,0.0,5.62,0.4577,30.0,0.0
1560,37.25,1.74,0.0,0.0,5.51,0.4143,30.0,0.0
1561,37.25,1.36,0.0,0.0,5.89,0.3718,30.0,0.0
1562,37.25,0.45,0.0,0.0,6.8,0.3264,30.0,0.0
1563,37.25,2.06,0.0,0.0,5.19,0.2739,30.0,0.0
1564,37.25,1.88,0.0,0.0,5.37,0.2339,30.0,0.0
1565,37.25,1.23,0.0,0.0,6.02,0.1924,30.0,0.0
1566,37.25,1.28,0.0,0.0,5.97,0.146,30.0,0.0
1567,39.2,1.38,11.5,3.68,0.0,0.1,30.0,0.0
1568,41.08,0.19,10.88,0.0,0.0,0.1256,30.0,0.0
1569,42.8,0.0,30.83,0.0,0.0,0.1256,11.98,0.0
1570,44.32,1.21,38.08,24.97,0.0,0.1256,30.0,0.0
1571,45.56,0.11,43.06,0.0,0.0,0.2994,2.39,0.0
1572,46.49,0.88,46.02,17.85,0.0,0.2994,17.43,0.0
1573,47.06,0.06,42.34,25.34,0.0,0.4236,30.0,0.0
1574,47.25,0.0,39.48,22.23,0.0,0.5999,30.0,0.0
1575,47.06,0.86,31.82,15.63,0.0,0.7547,30.0,0.0
1576,46.49,0.16,21.58,5.25,0.0,0.8635,30.0,0.0
1577,45.56,1.71,9.39,0.0,4.46,0.9,30.0,0.0
1578,44.32,0.87,0.0,0.0,13.45,0.8656,30.0,0.0
1579,42.8,0.96,0.0,0.0,11.84,0.7618,30.0,0.0
1580,41.08,1.6,0.0,0.0,9.47,0.6705,30.0,0.0
1581,39.2,2.19,0.0,0.0,7.01,0.5974,30.0,0.0
1582,37.25,1.17,0.0,0.0,6.08,0.5434,30.0,0.0
1583,37.25,0.36,0.0,0.0,6.89,0.4965,30.0,0.0
1584,37.27,0.0,0.0,0.0,7.27,0.4434,30.0,0.0
1585,37.27,0.0,0.0,0.0,7.27,0.3873,30.0,0.0
1586,37.27,1.77,0.0,0.0,5.5,0.3313,30.0,0.0
1587,37.27,1.41,0.0,0.0,5.86,0.2889,30.0,0.0
1588,37.27,1.07,0.0,0.0,6.2,0.2437,30.0,0.0
1589,37.27,1.41,0.0,0.0,5.86,0.1959,30.0,0.0
1590,37.27,0.69,0.0,0.0,6.58,0.1507,30.0,0.0
1591,39.22,0.0,9.87,0.65,0.0,0.1,30.0,0.0
1592,41.09,1.2,21.48,11.59,0.0,0.1045,30.0,0.0
1593,42.82,1.34,30.4,0.0,0.0,0.1852,11.09,0.0
1594,44.34,0.0,39.55,0.0,0.0,0.1852,4.79,0.0
1595,45.58,0.23,15.35,0.0,0.0,0.1852,30.0,0.0
1596,46.51,1.04,45.38,29.91,0.0,0.1852,30.0,0.0
1597,47.08,1.79,44.76,29.48,0.0,0.3934,30.0,0.0
1598,47.27,0.8,38.88,22.41,0.0,0.5985,30.0,0.0
1599,47.08,0.5,31.15,14.58,0.0,0.7545,30.0,0.0
1600,46.51,0.89,21.94,6.33,0.0,0.856,30.0,0.0
1601,45.58,1.81,11.73,0.0,2.04,0.9,30.0,0.0
1602,44.34,0.91,0.0,0.0,13.43,0.8842,30.0,0.0
1603,42.82,0.96,0.0,0.0,11.86,0.7806,30.0,0.0
1604,41.09,1.24,0.0,0.0,9.85,0.6892,30.0,0.0
1605,39.22,1.11,0.0,0.0,8.11,0.6132,30.0,0.0
1606,37.27,1.74,0.0,0.0,5.53,0.5507,30.0,0.0
1607,37.27,2.56,0.0,0.0,4.71,0.508,30.0,0.0
1608,37.29,1.9,0.0,0.0,5.38,0.4717,30.0,0.0
1609,37.29,1.59,0.0,0.0,5.69,0.4302,30.0,0.0
1610,37.29,1.52,0.0,0.0,6.45,0.3863,29.31,0.0
1611,37.29,0.0,0.0,0.0,7.29,0.3366,30.0,0.0
1612,37.29,1.93,0.0,0.0,5.35,0.2804,30.0,0.0
1613,37.29,1.32,0.0,0.0,5.97,0.2391,30.0,0.0
1614,37.29,1.14,0.0,0.0,6.15,0.1931,30.0,0.0
1615,39.24,2.73,11.38,4.87,0.0,0.1457,30.0,0.0
1616,41.11,0.0,11.11,0.0,0.0,0.1796,30.0,0.0
1617,42.84,0.0,32.78,0.0,0.0,0.1796,10.07,0.0
1618,44.36,0.57,38.59,24.8,0.0,0.1796,30.0,0.0
1619,45.6,1.32,43.17,0.0,0.0,0.3522,1.11,0.0
1620,46.52,0.0,45.61,29.09,0.0,0.3522,30.0,0.0
1621,47.09,0.0,45.07,27.98,0.0,0.5546,30.0,0.0
1622,47.29,1.26,16.03,0.0,0.0,0.7494,30.0,0.0
1623,47.09,0.53,30.42,13.85,0.0,0.7494,30.0,0.0
1624,46.52,1.93,22.38,7.79,0.0,0.8458,30.0,0.0
1625,45.6,1.65,9.81,0.0,4.14,0.9,30.0,0.0
1626,44.36,1.0,0.0,0.0,13.36,0.8681,30.0,0.0
1627,42.84,2.01,0.0,0.0,10.83,0.7651,30.0,0.0
1628,41.11,1.52,0.0,0.0,9.59,0.6816,30.0,0.0
1629,39.24,2.02,0.0,0.0,7.21,0.6076,30.0,0.0
1630,37.29,1.92,0.0,0.0,5.37,0.552,30.0,0.0
1631,37.29,1.29,0.0,0.0,6.0,0.5106,30.0,0.0
1632,37.3,1.4,0.0,0.0,5.9,0.4643,30.0,0.0
1633,37.3,2.24,0.0,0.0,5.06,0.4188,30.0,0.0
1634,37.3,1.49,0.0,0.0,5.81,0.3798,30.0,0.0
1635,37.3,1.37,0.0,0.0,5.93,0.335,30.0,0.0
1636,37.3,0.99,0.0,0.0,6.31,0.2892,30.0,0.0
1637,37.3,1.57,0.0,0.0,5.73,0.2405,30.0,0.0
1638,37.3,2.27,0.0,0.0,5.03,0.1963,30.0,0.0
1639,39.25,0.54,9.6,0.89,0.0,0.1575,30.0,0.0
1640,41.13,0.98,22.88,12.73,0.0,0.1637,30.0,0.0
1641,42.86,1.58,31.77,0.0,0.0,0.2523,9.51,0.0
1642,44.37,0.74,38.35,24.71,0.0,0.2523,30.0,0.0
1643,45.62,0.66,45.23,0.0,29.73,0.4243,0.0,30.0
1644,46.54,0.17,45.4,29.02,0.0,0.1951,30.0,0.0
1645,47.11,0.95,43.04,26.87,0.0,0.3971,30.0,0.0
1646,47.3,0.68,38.54,21.92,0.0,0.5841,30.0,0.0
1647,47.11,1.36,30.66,14.91,0.0,0.7367,30.0,0.0
1648,46.54,1.57,23.53,8.55,0.0,0.8405,30.0,0.0
1649,45.62,2.41,10.08,0.0,3.13,0.9,30.0,0.0
1650,44.37,1.52,0.0,0.0,12.86,0.8759,30.0,0.0
1651,42.86,1.52,0.0,0.0,11.34,0.7767,30.0,0.0
1652,41.13,1.57,0.0,0.0,9.56,0.6893,30.0,0.0
1653,39.25,1.4,0.0,0.0,7.85,0.6156,30.0,0.0
1654,37.3,1.83,0.0,0.0,5.47,0.555,30.0,0.0
1655,37.3,1.56,0.0,0.0,5.74,0.5128,30.0,0.0
1656,37.32,1.81,0.0,0.0,5.51,0.4686,30.0,0.0
1657,37.32,2.38,0.0,0.0,4.94,0.4261,30.0,0.0
1658,37.32,1.14,0.0,0.0,6.18,0.388,30.0,0.0
1659,37.32,2.15,0.0,0.0,5.16,0.3403,30.0,0.0
1660,37.32,2.14,0.0,0.0,5.18,0.3005,30.0,0.0
1661,37.32,1.28,0.0,0.0,6.04,0.2605,30.0,0.0
1662,37.32,0.13,0.0,0.0,7.19,0.214,30.0,0.0
1663,39.27,0.77,12.1,3.6,0.0,0.1586,30.0,0.0
1664,41.15,1.62,20.71,11.18,0.0,0.1836,30.0,0.0
1665,42.87,0.0,21.94,0.0,20.94,0.2615,0.0,0.0
1666,44.39,0.26,38.35,0.0,0.0,0.1,5.78,0.0
1667,45.63,0.46,44.16,28.99,0.0,0.1,30.0,0.0
1668,46.56,1.13,45.72,17.97,0.0,0.3018,17.68,0.0
1669,47.13,1.0,42.79,26.66,0.0,0.4268,30.0,0.0
1670,47.32,0.65,38.14,21.47,0.0,0.6124,30.0,0.0
1671,47.13,0.0,31.08,13.95,0.0,0.7618,30.0,0.0
1672,46.56,0.76,21.7,5.9,0.0,0.8589,30.0,0.0
1673,45.63,0.61,10.17,0.0,4.85,0.9,30.0,0.0
1674,44.39,2.04,0.0,0.0,12.35,0.8626,30.0,0.0
1675,42.87,0.0,0.0,0.0,12.87,0.7673,30.0,0.0
1676,41.15,2.09,0.0,0.0,9.06,0.668,30.0,0.0
1677,39.27,2.35,0.0,0.0,6.92,0.5982,30.0,0.0
1678,37.32,2.16,0.0,0.0,5.16,0.5448,30.0,0.0
1679,37.32,1.48,0.0,0.0,5.83,0.5051,30.0,0.0
1680,37.33,1.92,0.0,0.0,5.41,0.4601,30.0,0.0
1681,37.33,1.68,0.0,0.0,5.65,0.4183,30.0,0.0
1682,37.33,1.18,0.0,0.0,6.15,0.3747,30.0,0.0
1683,37.33,1.73,0.0,0.0,5.6,0.3273,30.0,0.0
1684,37.33,0.86,0.0,0.0,6.48,0.2841,30.0,0.0
1685,37.33,1.94,0.0,0.0,5.39,0.2341,30.0,0.0
1686,37.33,0.97,0.0,0.0,6.37,0.1925,30.0,0.0
1687,39.29,1.17,9.79,1.68,0.0,0.1434,30.0,0.0
1688,41.16,1.09,23.75,0.0,0.0,0.1551,16.32,0.0
1689,42.89,0.71,30.86,0.0,0.0,0.1551,11.32,0.0
1690,44.41,1.06,40.23,0.0,2.99,0.1551,0.12,0.0
1691,45.65,0.47,43.15,0.0,0.0,0.1321,2.03,0.0
1692,46.57,1.14,47.48,32.04,0.0,0.1321,30.0,0.0
1693,47.14,0.02,45.08,27.96,0.0,0.3551,30.0,0.0
1694,47.33,0.83,39.44,22.93,0.0,0.5497,30.0,0.0
1695,47.14,1.83,30.79,15.48,0.0,0.7093,30.0,0.0
1696,46.57,0.44,23.56,7.42,0.0,0.817,30.0,0.0
1697,45.65,0.0,9.82,0.0,5.83,0.8687,30.0,0.0
1698,44.41,1.47,0.0,0.0,12.94,0.8237,30.0,0.0
1699,42.89,1.43,0.0,0.0,11.46,0.7239,30.0,0.0
1700,41.16,1.64,0.0,0.0,9.52,0.6355,30.0,0.0
1701,39.29,1.81,0.0,0.0,7.47,0.5621,30.0,0.0
1702,37.33,1.97,0.0,0.0,5.37,0.5045,30.0,0.0
1703,37.33,2.26,0.0,0.0,5.07,0.4631,30.0,0.0
1704,37.35,1.91,0.0,0.0,5.43,0.424,30.0,0.0
1705,37.35,1.57,0.0,0.0,5.78,0.3821,30.0,0.0
1706,37.35,1.98,0.0,0.0,5.37,0.3375,30.0,0.0
1707,37.35,0.0,0.0,0.0,7.35,0.2961,30.0,0.0
1708,37.35,1.38,0.0,0.0,5.97,0.2394,30.0,0.0
1709,37.35,0.83,0.0,0.0,6.52,0.1934,30.0,0.0
1710,37.35,1.76,0.0,0.0,5.59,0.1431,30.0,0.0
1711,39.3,0.0,9.44,0.14,0.0,0.1,30.0,0.0
1712,41.18,0.0,21.55,0.0,0.0,0.101,19.63,0.0
1713,42.91,1.27,33.32,21.68,0.0,0.101,30.0,0.0
1714,44.42,0.48,40.59,0.0,0.0,0.2519,3.35,0.0
1715,45.66,0.66,44.16,0.0,0.84,0.2519,0.0,0.0
1716,46.59,0.85,46.92,31.19,0.0,0.2454,30.0,0.0
1717,47.16,0.8,44.99,22.77,0.0,0.4625,24.14,0.0
1718,47.35,1.12,40.67,24.44,0.0,0.621,30.0,0.0
1719,47.16,0.61,32.2,15.65,0.0,0.7911,30.0,0.0
1720,46.59,1.2,21.24,0.0,0.0,0.9,24.15,0.0
1721,45.66,0.93,11.65,0.0,3.09,0.9,30.0,0.0
1722,44.42,1.57,0.0,0.0,12.85,0.8762,30.0,0.0
1723,42.91,1.64,0.0,0.0,11.26,0.7771,30.0,0.0
1724,41.18,0.97,0.0,0.0,10.2,0.6903,30.0,0.0
1725,39.3,2.11,0.0,0.0,7.19,0.6116,30.0,0.0
1726,37.35,1.36,0.0,0.0,5.99,0.5561,30.0,0.0
1727,37.35,2.1,0.0,0.0,5.25,0.51,30.0,0.0
1728,37.36,1.88,0.0,0.0,5.48,0.4695,30.0,0.0
1729,37.36,2.62,0.0,0.0,4.75,0.4272,30.0,0.0
1730,37.36,1.51,0.0,0.0,5.85,0.3906,30.0,0.0
1731,37.36,1.37,0.0,0.0,5.99,0.3455,30.0,0.0
1732,37.36,1.43,0.0,0.0,5.93,0.2993,30.0,0.0
1733,37.36,1.16,0.0,0.0,6.2,0.2536,30.0,0.0
1734,37.36,1.6,0.0,0.0,5.77,0.2057,30.0,0.0
1735,39.31,0.23,12.09,3.01,0.0,0.1613,30.0,0.0
1736,41.19,0.39,23.73,12.94,0.0,0.1822,30.0,0.0
1737,42.92,0.28,31.27,18.63,0.0,0.2722,30.0,0.0
1738,44.44,1.23,40.11,2.27,0.0,0.4019,5.36,0.0
1739,45.68,1.57,44.37,0.0,29.74,0.4176,0.0,30.0
1740,46.6,0.62,46.88,30.9,0.0,0.1883,30.0,0.0
1741,47.17,0.61,44.03,27.47,0.0,0.4034,30.0,0.0
1742,47.36,0.78,39.09,22.5,0.0,0.5945,30.0,0.0
1743,47.17,1.42,31.23,15.48,0.0,0.7512,30.0,0.0
1744,46.6,0.46,22.05,5.91,0.0,0.8589,30.0,0.0
1745,45.68,1.18,9.67,0.0,4.83,0.9,30.0,0.0
1746,44.44,1.68,0.0,0.0,12.75,0.8627,30.0,0.0
1747,42.92,1.57,0.0,0.0,15.59,0.7644,25.76,0.0
1748,41.19,1.54,0.0,0.0,9.65,0.6442,30.0,0.0
1749,39.31,2.06,0.0,0.0,7.26,0.5698,30.0,0.0
1750,37.36,0.25,0.0,0.0,7.11,0.5138,30.0,0.0
1751,37.36,2.03,0.0,0.0,5.34,0.459,30.0,0.0
1752,37.38,1.36,0.0,0.0,6.02,0.4178,30.0,0.0
1753,37.38,0.74,0.0,0.0,6.64,0.3714,30.0,0.0
1754,37.38,1.88,0.0,0.0,5.5,0.3201,30.0,0.0
1755,37.38,2.24,0.0,0.0,5.14,0.2778,30.0,0.0
1756,37.38,1.36,0.0,0.0,6.01,0.2381,30.0,0.0
1757,37.38,1.8,0.0,0.0,5.58,0.1918,30.0,0.0
1758,37.38,2.0,0.0,0.0,5.38,0.1487,30.0,0.0
1759,39.33,1.72,9.95,2.34,0.0,0.1073,30.0,0.0
1760,41.2,1.76,9.44,0.0,0.0,0.1236,30.0,0.0
1761,42.93,0.0,32.87,0.0,0.0,0.1236,10.06,0.0
1762,44.45,0.0,14.45,0.0,0.0,0.1236,30.0,0.0
1763,45.69,0.0,44.34,0.0,0.0,0.1236,1.35,0.0
1764,46.62,0.54,47.05,30.97,0.0,0.1236,30.0,0.0
1765,47.19,0.26,46.66,29.73,0.0,0.3391,30.0,0.0
1766,47.38,1.84,41.02,25.49,0.0,0.5461,30.0,0.0
1767,47.19,0.73,33.53,17.07,0.0,0.7235,30.0,0.0
1768,46.62,0.99,23.92,8.29,0.0,0.8423,30.0,0.0
1769,45.69,1.33,10.85,0.0,3.51,0.9,30.0,0.0
1770,44.45,1.2,0.0,0.0,13.25,0.8729,30.0,0.0
1771,42.93,0.03,0.0,0.0,12.9,0.7707,30.0,0.0
1772,41.2,1.12,0.0,0.0,10.09,0.6712,30.0,0.0
1773,39.33,1.64,0.0,0.0,7.69,0.5934,30.0,0.0
1774,37.38,1.24,0.0,0.0,6.14,0.5341,30.0,0.0
1775,37.38,1.0,0.0,0.0,6.38,0.4868,30.0,0.0
1776,37.39,1.37,0.0,0.0,6.02,0.4376,30.0,0.0
1777,37.39,1.64,0.0,0.0,5.75,0.3912,30.0,0.0
1778,37.39,1.39,0.0,0.0,6.0,0.3469,30.0,0.0
1779,37.39,1.18,0.0,0.0,6.21,0.3006,30.0,0.0
1780,37.39,0.71,0.0,0.0,6.68,0.2527,30.0,0.0
1781,37.39,1.26,0.0,0.0,6.13,0.2012,30.0,0.0
1782,37.39,0.4,0.0,0.0,6.99,0.1539,30.0,0.0
1783,39.34,1.43,12.03,4.12,0.0,0.1,30.0,0.0
1784,41.22,0.96,22.84,12.58,0.0,0.1286,30.0,0.0
1785,42.95,0.07,32.41,19.53,0.0,0.2162,30.0,0.0
1786,44.46,0.0,14.46,0.0,0.0,0.3521,30.0,0.0
1787,45.71,0.29,46.79,0.0,28.62,0.3521,0.0,30.0
1788,46.63,0.82,48.23,32.42,0.0,0.1314,30.0,0.0
1789,47.2,1.36,44.84,29.01,0.0,0.3571,30.0,0.0
1790,47.39,0.0,41.51,24.12,0.0,0.559,30.0,0.0
1791,47.2,0.87,33.51,17.18,0.0,0.7269,30.0,0.0
1792,46.63,0.83,22.16,6.36,0.0,0.8464,30.0,0.0
1793,45.71,1.38,9.85,0.0,4.48,0.8907,30.0,0.0
1794,44.46,1.28,0.0,0.0,13.18,0.8561,30.0,0.0
1795,42.95,0.92,0.0,0.0,12.03,0.7545,30.0,0.0
1796,41.22,1.26,0.0,0.0,9.95,0.6617,30.0,0.0
1797,39.34,1.12,0.0,0.0,8.22,0.585,30.0,0.0
1798,37.39,2.16,0.0,0.0,5.23,0.5216,30.0,0.0
1799,37.39,1.67,0.0,0.0,5.72,0.4813,30.0,0.0
1800,37.4,2.64,0.0,0.0,4.76,0.4372,30.0,0.0
1801,37.4,1.62,0.0,0.0,5.78,0.4005,30.0,0.0
1802,37.4,0.8,0.0,0.0,6.6,0.3559,30.0,0.0
1803,37.4,0.75,0.0,0.0,6.65,0.305,30.0,0.0
1804,37.4,0.5,0.0,0.0,6.91,0.2537,30.0,0.0
1805,37.4,0.49,0.0,0.0,6.92,0.2004,30.0,0.0
1806,37.4,1.3,0.0,0.0,6.1,0.1471,30.0,0.0
1807,39.35,1.29,8.06,0.0,0.0,0.1,30.0,0.0
1808,41.23,0.1,11.13,0.0,0.0,0.1,30.0,0.0
1809,42.96,1.26,31.59,19.89,0.0,0.1,30.0,0.0
1810,44.47,0.47,41.99,27.99,0.0,0.2385,30.0,0.0
1811,45.72,0.0,33.31,0.0,42.41,0.4333,0.0,30.0
1812,46.64,1.47,47.82,32.65,0.0,0.1062,30.0,0.0
1813,47.21,1.13,46.8,30.71,0.0,0.3335,30.0,0.0
1814,47.4,0.58,41.44,24.62,0.0,0.5472,30.0,0.0
1815,47.21,0.35,32.01,15.15,0.0,0.7186,30.0,0.0
1816,46.64,0.0,23.54,6.89,0.0,0.824,30.0,0.0
1817,45.72,0.66,11.04,0.0,4.02,0.872,30.0,0.0
1818,44.47,1.05,0.0,0.0,13.42,0.841,30.0,0.0
1819,42.96,0.79,0.0,0.0,12.17,0.7375,30.0,0.0
1820,41.23,1.35,0.0,0.0,9.88,0.6437,30.0,0.0
1821,39.35,1.56,0.0,0.0,7.79,0.5675,30.0,0.0
1822,37.4,1.49,0.0,0.0,5.91,0.5074,30.0,0.0
1823,37.4,1.32,0.0,0.0,6.08,0.4618,30.0,0.0
1824,37.41,1.75,0.0,0.0,5.66,0.4149,30.0,0.0
1825,37.41,1.87,0.0,0.0,5.54,0.3712,30.0,0.0
1826,37.41,1.04,0.0,0.0,6.38,0.3285,30.0,0.0
1827,37.41,2.23,0.0,0.0,5.18,0.2793,30.0,0.0
1828,37.41,1.36,0.0,0.0,6.06,0.2394,30.0,0.0
1829,37.41,1.3,0.0,0.0,6.12,0.1927,30.0,0.0
1830,37.41,1.51,0.0,0.0,5.9,0.1455,30.0,0.0
1831,39.37,1.14,12.17,3.95,0.0,0.1,30.0,0.0
1832,41.24,1.38,21.37,6.38,0.0,0.1275,24.87,0.0
1833,42.97,0.94,33.44,0.0,0.0,0.1719,8.59,0.0
1834,44.49,0.0,14.49,0.0,0.0,0.1719,30.0,0.0
1835,45.73,0.84,44.34,0.0,0.0,0.1719,0.54,0.0
1836,46.65,0.06,47.07,30.48,0.0,0.1719,30.0,0.0
1837,47.22,0.72,44.57,28.07,0.0,0.384,30.0,0.0
1838,47.41,0.69,40.19,23.47,0.0,0.5793,30.0,0.0
1839,47.22,0.69,31.95,15.41,0.0,0.7427,30.0,0.0
1840,46.65,0.83,23.01,7.19,0.0,0.85,30.0,0.0
1841,45.73,0.06,9.71,0.0,5.95,0.9,30.0,0.0
1842,44.49,0.87,0.0,0.0,13.61,0.8541,30.0,0.0
1843,42.97,1.33,0.0,0.0,11.64,0.7491,30.0,0.0
1844,41.24,1.49,0.0,0.0,9.75,0.6594,30.0,0.0
1845,39.37,0.99,0.0,0.0,8.38,0.5842,30.0,0.0
1846,37.41,2.24,0.0,0.0,5.17,0.5196,30.0,0.0
1847,37.41,1.2,0.0,0.0,6.21,0.4797,30.0,0.0
1848,37.43,2.15,0.0,0.0,5.27,0.4318,30.0,0.0
1849,37.43,1.86,0.0,0.0,5.57,0.3911,30.0,0.0
1850,37.43,1.26,0.0,0.0,6.17,0.3482,30.0,0.0
1851,37.43,2.41,0.0,0.0,5.01,0.3006,30.0,0.0
1852,37.43,0.79,0.0,0.0,6.63,0.2619,30.0,0.0
1853,37.43,1.75,0.0,0.0,5.68,0.2108,30.0,0.0
1854,37.43,1.66,0.0,0.0,5.77,0.167,30.0,0.0
1855,39.38,0.67,12.58,3.87,0.0,0.1225,30.0,0.0
1856,41.25,1.6,22.14,12.49,0.0,0.1494,30.0,0.0
1857,42.98,0.0,12.98,0.0,0.0,0.2363,30.0,0.0
1858,44.5,0.85,42.07,28.43,0.0,0.2363,30.0,0.0
1859,45.74,0.78,44.98,0.0,17.29,0.4342,0.0,17.32
1860,46.66,0.57,48.14,32.05,0.0,0.3008,30.0,0.0
1861,47.23,1.07,45.71,29.54,0.0,0.5238,30.0,0.0
1862,47.43,1.11,16.32,0.0,0.0,0.7295,30.0,0.0
1863,47.23,0.0,31.92,14.69,0.0,0.7295,30.0,0.0
1864,46.66,1.56,22.81,7.7,0.0,0.8317,30.0,0.0
1865,45.74,0.16,10.02,0.0,5.56,0.8853,30.0,0.0
1866,44.5,1.67,0.0,0.0,12.82,0.8424,30.0,0.0
1867,42.98,1.85,0.0,0.0,11.13,0.7435,30.0,0.0
1868,41.25,0.84,0.0,0.0,10.41,0.6577,30.0,0.0
1869,39.38,1.3,0.0,0.0,8.08,0.5774,30.0,0.0
1870,37.43,1.02,0.0,0.0,6.4,0.5151,30.0,0.0
1871,37.43,1.53,0.0,0.0,5.9,0.4657,30.0,0.0
1872,37.44,1.49,0.0,0.0,5.95,0.4203,30.0,0.0
1873,37.44,2.03,0.0,0.0,5.41,0.3744,30.0,0.0
1874,37.44,2.25,0.0,0.0,5.19,0.3327,30.0,0.0
1875,37.44,2.21,0.0,0.0,5.23,0.2927,30.0,0.0
1876,37.44,1.1,0.0,0.0,6.33,0.2524,30.0,0.0
1877,37.44,1.16,0.0,0.0,6.27,0.2036,30.0,0.0
1878,37.44,0.28,0.0,0.0,7.16,0.1552,30.0,0.0
1879,39.39,0.59,11.69,2.89,0.0,0.1,30.0,0.0
1880,41.26,1.37,23.05,13.16,0.0,0.1201,30.0,0.0
1881,42.99,1.6,34.16,22.76,0.0,0.2118,30.0,0.0
1882,44.51,0.06,40.17,0.0,0.0,0.3702,4.27,0.0
1883,45.75,0.34,46.78,0.0,28.63,0.3702,0.0,30.0
1884,46.67,0.61,48.74,32.68,0.0,0.1494,30.0,0.0
1885,47.24,0.79,47.16,28.37,0.0,0.3768,27.67,0.0
1886,47.44,0.28,40.5,23.35,0.0,0.5743,30.0,0.0
1887,47.24,0.99,33.21,16.96,0.0,0.7368,30.0,0.0
1888,46.67,0.64,22.52,6.49,0.0,0.8548,30.0,0.0
1889,45.75,1.0,11.88,0.0,2.88,0.9,30.0,0.0
1890,44.51,1.42,0.0,0.0,13.09,0.8778,30.0,0.0
1891,42.99,1.27,0.0,0.0,11.72,0.7769,30.0,0.0
1892,41.26,1.17,0.0,0.0,10.09,0.6865,30.0,0.0
1893,39.39,1.44,0.0,0.0,7.94,0.6086,30.0,0.0
1894,37.44,1.53,0.0,0.0,5.9,0.5474,30.0,0.0
1895,37.44,0.67,0.0,0.0,6.76,0.5019,30.0,0.0
1896,37.44,1.51,0.0,0.0,5.94,0.4497,30.0,0.0
1897,37.44,2.44,0.0,0.0,5.01,0.4039,30.0,0.0
1898,37.44,0.0,0.0,0.0,7.44,0.3653,30.0,0.0
1899,37.44,1.34,0.0,0.0,6.11,0.3079,30.0,0.0
1900,37.44,1.74,0.0,0.0,5.71,0.2608,30.0,0.0
1901,37.44,1.09,0.0,0.0,6.36,0.2168,30.0,0.0
1902,37.44,1.73,0.0,0.0,5.72,0.1678,30.0,0.0
1903,39.4,1.18,12.02,3.81,0.0,0.1237,30.0,0.0
1904,41.27,0.82,22.38,11.92,0.0,0.1502,30.0,0.0
1905,43.0,1.0,33.38,21.37,0.0,0.2331,30.0,0.0
1906,44.52,0.0,41.91,0.0,0.0,0.3819,2.6,0.0
1907,45.76,0.06,44.99,0.0,30.71,0.3819,0.0,30.0
1908,46.68,0.01,46.56,29.88,0.0,0.1451,30.0,0.0
1909,47.25,0.0,47.34,30.08,0.0,0.353,30.0,0.0
1910,47.44,1.57,39.9,24.03,0.0,0.5624,30.0,0.0
1911,47.25,1.91,33.24,17.89,0.0,0.7296,30.0,0.0
1912,46.68,1.2,22.07,6.59,0.0,0.8542,30.0,0.0
1913,45.76,1.25,11.93,0.0,2.58,0.9,30.0,0.0
1914,44.52,0.21,0.0,0.0,14.31,0.8801,30.0,0.0
1915,43.0,0.98,0.0,0.0,12.02,0.7698,30.0,0.0
1916,41.27,0.98,0.0,0.0,10.29,0.6771,30.0,0.0
1917,39.4,1.17,0.0,0.0,8.22,0.5977,30.0,0.0
1918,37.44,1.48,0.0,0.0,5.96,0.5343,30.0,0.0
1919,37.44,1.38,0.0,0.0,6.06,0.4883,30.0,0.0
1920,37.45,0.62,0.0,0.0,6.83,0.4416,30.0,0.0
1921,37.45,1.99,0.0,0.0,5.46,0.3889,30.0,0.0
1922,37.45,1.01,0.0,0.0,6.44,0.3468,30.0,0.0
1923,37.45,1.6,0.0,0.0,5.85,0.2971,30.0,0.0
1924,37.45,1.87,0.0,0.0,5.58,0.252,30.0,0.0
1925,37.45,0.78,0.0,0.0,6.67,0.2089,30.0,0.0
1926,37.45,0.0,0.0,0.0,7.45,0.1575,30.0,0.0
1927,39.4,0.84,8.56,0.0,0.0,0.1,30.0,0.0
1928,41.28,1.43,23.56,13.71,0.0,0.1,30.0,0.0
1929,43.01,0.0,33.11,0.0,0.0,0.1954,9.89,0.0
1930,44.52,0.05,41.22,26.75,0.0,0.1954,30.0,0.0
1931,45.77,0.88,45.03,0.0,29.86,0.3816,0.0,30.0
1932,46.69,0.37,47.75,31.43,0.0,0.1513,30.0,0.0
1933,47.26,0.57,46.19,29.5,0.0,0.3701,30.0,0.0
1934,47.45,2.03,40.25,24.82,0.0,0.5754,30.0,0.0
1935,47.26,0.0,32.41,15.15,0.0,0.7481,30.0,0.0
1936,46.69,0.99,22.31,6.61,0.0,0.8536,30.0,0.0
1937,45.77,1.23,11.62,0.0,2.92,0.8996,30.0,0.0
1938,44.52,1.67,0.0,0.0,12.85,0.8771,30.0,0.0
1939,43.01,1.3,0.0,0.0,11.71,0.7779,30.0,0.0
1940,41.28,0.0,0.0,0.0,11.28,0.6877,30.0,0.0
1941,39.4,1.28,0.0,0.0,8.12,0.6007,30.0,0.0
1942,37.45,1.7,0.0,0.0,5.75,0.538,30.0,0.0
1943,37.45,0.0,0.0,0.0,7.45,0.4936,30.0,0.0
1944,37.46,1.94,0.0,0.0,5.52,0.4362,30.0,0.0
1945,37.46,1.41,0.0,0.0,6.05,0.3936,30.0,0.0
1946,37.46,1.75,0.0,0.0,7.0,0.3469,28.72,0.0
1947,37.46,1.46,0.0,0.0,6.0,0.293,30.0,0.0
1948,37.46,1.94,0.0,0.0,5.52,0.2467,30.0,0.0
1949,37.46,1.22,0.0,0.0,6.24,0.2041,30.0,0.0
1950,37.46,0.21,0.0,0.0,7.26,0.156,30.0,0.0
1951,39.41,1.62,11.74,3.95,0.0,0.1,30.0,0.0
1952,41.29,0.39,10.9,0.0,0.0,0.1275,30.0,0.0
1953,43.02,0.42,34.74,0.0,0.0,0.1275,7.86,0.0
1954,44.53,0.36,41.11,26.94,0.0,0.1275,30.0,0.0
1955,45.78,1.32,46.58,0.0,27.88,0.315,0.0,30.0
1956,46.7,0.0,48.15,31.45,0.0,0.1,30.0,0.0
1957,47.27,2.22,46.46,31.41,0.0,0.3189,30.0,0.0
1958,47.46,0.62,42.37,25.52,0.0,0.5375,30.0,0.0
1959,47.27,0.86,35.11,18.71,0.0,0.7152,30.0,0.0
1960,46.7,0.83,23.72,7.85,0.0,0.8454,30.0,0.0
1961,45.78,1.12,12.02,0.0,2.63,0.9,30.0,0.0
1962,44.53,1.38,0.0,0.0,13.16,0.8797,30.0,0.0
1963,43.02,1.57,0.0,0.0,11.44,0.7782,30.0,0.0
1964,41.29,1.65,0.0,0.0,9.64,0.69,30.0,0.0
1965,39.41,1.52,0.0,0.0,7.89,0.6157,30.0,0.0
1966,37.46,1.45,0.0,0.0,6.01,0.5548,30.0,0.0
1967,37.46,1.53,0.0,0.0,5.93,0.5084,30.0,0.0
1968,37.47,1.51,0.0,0.0,5.96,0.4627,30.0,0.0
1969,37.47,2.17,0.0,0.0,5.29,0.4167,30.0,0.0
1970,37.47,1.85,0.0,0.0,5.62,0.3759,30.0,0.0
1971,37.47,0.0,0.0,0.0,7.47,0.3326,30.0,0.0
1972,37.47,1.69,0.0,0.0,5.78,0.275,30.0,0.0
1973,37.47,1.33,0.0,0.0,6.14,0.2304,30.0,0.0
1974,37.47,1.09,0.0,0.0,6.38,0.1831,30.0,0.0
1975,39.42,0.77,10.8,2.15,0.0,0.1339,30.0,0.0
1976,41.3,1.42,24.43,14.56,0.0,0.1489,30.0,0.0
1977,43.02,1.22,35.19,23.39,0.0,0.2502,30.0,0.0
1978,44.54,0.27,43.28,0.0,31.0,0.413,0.0,30.0
1979,45.78,0.82,47.94,0.0,9.59,0.174,0.0,12.57
1980,46.71,0.1,49.0,32.39,0.0,0.1,30.0,0.0
1981,47.28,0.0,46.19,28.91,0.0,0.3254,30.0,0.0
1982,47.47,0.34,43.07,25.94,0.0,0.5267,30.0,0.0
1983,47.28,1.18,35.41,19.31,0.0,0.7072,30.0,0.0
1984,46.71,1.33,22.34,6.97,0.0,0.8416,30.0,0.0
1985,45.78,1.23,11.96,0.0,2.59,0.8901,30.0,0.0
1986,44.54,1.47,0.0,0.0,13.07,0.8701,30.0,0.0
1987,43.02,1.5,0.0,0.0,11.53,0.7693,30.0,0.0
1988,41.3,1.03,0.0,0.0,10.27,0.6804,30.0,0.0
1989,39.42,1.68,0.0,0.0,7.74,0.6013,30.0,0.0
1990,37.47,1.95,0.0,0.0,5.52,0.5416,30.0,0.0
1991,37.47,1.98,0.0,0.0,5.49,0.4991,30.0,0.0
1992,37.47,2.21,0.0,0.0,5.26,0.4568,30.0,0.0
1993,37.47,1.95,0.0,0.0,5.53,0.4162,30.0,0.0
1994,37.47,1.71,0.0,0.0,5.76,0.3735,30.0,0.0
1995,37.47,2.0,0.0,0.0,5.47,0.3291,30.0,0.0
1996,37.47,1.33,0.0,0.0,6.14,0.2869,30.0,0.0
1997,37.47,0.78,0.0,0.0,6.7,0.2395,30.0,0.0
1998,37.47,1.01,0.0,0.0,6.46,0.1879,30.0,0.0
1999,39.43,0.58,12.75,3.91,0.0,0.138,30.0,0.0
2000,41.3,0.49,23.91,13.1,0.0,0.1652,30.0,0.0
2001,43.03,0.66,34.45,22.08,0.0,0.2564,30.0,0.0
2002,44.55,0.25,14.3,0.0,0.0,0.4101,30.0,0.0
2003,45.79,0.0,38.33,0.0,37.46,0.4101,0.0,30.0
2004,46.71,0.0,48.34,31.63,0.0,0.1211,30.0,0.0
2005,47.28,0.71,46.31,29.73,0.0,0.3413,30.0,0.0
2006,47.47,0.65,41.62,24.8,0.0,0.5482,30.0,0.0
2007,47.28,0.32,34.61,17.64,0.0,0.7208,30.0,0.0
2008,46.71,1.17,23.65,8.11,0.0,0.8436,30.0,0.0
2009,45.79,1.44,12.66,0.0,1.69,0.9,30.0,0.0
2010,44.55,0.27,0.0,0.0,14.27,0.8869,30.0,0.0
2011,43.03,0.84,0.0,0.0,12.19,0.7769,30.0,0.0
2012,41.3,0.96,0.0,0.0,10.35,0.6828,30.0,0.0
2013,39.43,0.97,0.0,0.0,8.45,0.603,30.0,0.0
2014,37.47,1.96,0.0,0.0,5.52,0.5379,30.0,0.0
2015,37.47,1.49,0.0,0.0,5.99,0.4953,30.0,0.0
2016,37.48,1.46,0.0,0.0,6.02,0.4492,30.0,0.0
2017,37.48,0.55,0.0,0.0,6.93,0.4027,30.0,0.0
2018,37.48,1.85,0.0,0.0,5.63,0.3493,30.0,0.0
2019,37.48,0.81,0.0,0.0,6.67,0.3059,30.0,0.0
2020,37.48,1.37,0.0,0.0,6.11,0.2545,30.0,0.0
2021,37.48,1.36,0.0,0.0,6.12,0.2074,30.0,0.0
2022,37.48,1.78,0.0,0.0,5.7,0.1601,30.0,0.0
2023,39.43,0.28,11.43,2.28,0.0,0.1162,30.0,0.0
2024,41.31,0.0,22.72,11.41,0.0,0.1321,30.0,0.0
2025,43.04,0.0,33.53,0.0,0.0,0.2115,9.51,0.0
2026,44.55,1.56,43.07,0.0,14.46,0.2115,0.0,14.54
2027,45.8,1.22,47.46,0.0,0.0,0.1,0.0,2.89
2028,46.72,0.68,49.93,33.89,0.0,0.1,30.0,0.0
2029,47.29,0.34,47.18,30.22,0.0,0.3359,29.99,0.0
2030,47.48,1.05,42.11,25.68,0.0,0.5462,30.0,0.0
2031,47.29,0.23,35.57,18.5,0.0,0.725,30.0,0.0
2032,46.72,0.0,23.36,6.64,0.0,0.8538,30.0,0.0
2033,45.8,1.21,12.81,0.0,1.77,0.9,30.0,0.0
2034,44.55,1.63,0.0,0.0,12.93,0.8863,30.0,0.0
2035,43.04,2.63,0.0,0.0,10.41,0.7866,30.0,0.0
2036,41.31,1.54,0.0,0.0,9.77,0.7063,30.0,0.0
2037,39.43,1.19,0.0,0.0,8.25,0.631,30.0,0.0
2038,37.48,1.51,0.0,0.0,5.97,0.5674,30.0,0.0
2039,37.48,0.67,0.0,0.0,6.81,0.5214,30.0,0.0
2040,37.49,1.23,0.0,0.0,6.25,0.4689,30.0,0.0
2041,37.49,1.36,0.0,0.0,6.13,0.4207,30.0,0.0
2042,37.49,1.25,0.0,0.0,6.24,0.3735,30.0,0.0
2043,37.49,1.51,0.0,0.0,5.97,0.3254,30.0,0.0
2044,37.49,0.91,0.0,0.0,6.57,0.2793,30.0,0.0
2045,37.49,1.78,0.0,0.0,5.71,0.2286,30.0,0.0
2046,37.49,1.08,0.0,0.0,6.41,0.1846,30.0,0.0
2047,39.44,0.94,11.99,3.5,0.0,0.1352,30.0,0.0
2048,41.31,0.65,23.84,0.0,0.0,0.1595,16.82,0.0
2049,43.04,0.79,34.55,0.0,0.0,0.1595,7.7,0.0
2050,44.56,1.05,41.5,28.0,0.0,0.1595,30.0,0.0
2051,45.8,0.14,46.89,0.0,28.77,0.3544,0.0,30.0
2052,46.72,0.23,47.98,31.48,0.0,0.1326,30.0,0.0
2053,47.29,0.43,48.45,31.58,0.0,0.3517,30.0,0.0
2054,47.49,0.0,43.58,26.09,0.0,0.5715,30.0,0.0
2055,47.29,0.3,30.86,13.86,0.0,0.7531,30.0,0.0
2056,46.72,0.58,23.4,7.25,0.0,0.8496,30.0,0.0
2057,45.8,1.39,12.38,0.0,2.03,0.9,30.0,0.0
2058,44.56,1.21,0.0,0.0,13.35,0.8844,30.0,0.0
2059,43.04,1.31,0.0,0.0,11.73,0.7815,30.0,0.0
2060,41.31,1.77,0.0,0.0,9.55,0.691,30.0,0.0
2061,39.44,1.37,0.0,0.0,8.07,0.6173,30.0,0.0
2062,37.49,1.72,0.0,0.0,5.77,0.5551,30.0,0.0
2063,37.49,1.52,0.0,0.0,5.97,0.5106,30.0,0.0
2064,37.49,1.71,0.0,0.0,5.78,0.4646,30.0,0.0
2065,37.49,1.26,0.0,0.0,6.23,0.42,30.0,0.0
2066,37.49,0.26,0.0,0.0,7.23,0.372,30.0,0.0
2067,37.49,1.36,0.0,0.0,6.13,0.3163,30.0,0.0
2068,37.49,2.05,0.0,0.0,5.44,0.269,30.0,0.0
2069,37.49,1.67,0.0,0.0,5.82,0.227,30.0,0.0
2070,37.49,1.56,0.0,0.0,5.93,0.1822,30.0,0.0
2071,39.44,1.57,12.16,4.29,0.0,0.1364,30.0,0.0
2072,41.32,0.86,23.02,12.56,0.0,0.1663,30.0,0.0
2073,43.05,0.81,35.5,0.0,0.0,0.2537,6.73,0.0
2074,44.56,0.0,21.74,7.18,0.0,0.2537,30.0,0.0
2075,45.8,0.41,48.99,0.0,26.41,0.3036,0.0,30.0
2076,46.73,0.87,48.53,32.22,0.0,0.1,29.55,0.0
2077,47.3,0.0,47.26,29.96,0.0,0.3243,30.0,0.0
2078,47.49,0.55,41.27,24.33,0.0,0.5328,30.0,0.0
2079,47.3,0.48,36.03,19.21,0.0,0.7021,30.0,0.0
2080,46.73,0.81,25.14,9.22,0.0,0.8358,30.0,0.0
2081,45.8,1.24,13.14,0.0,1.42,0.9,30.0,0.0
2082,44.56,0.33,0.0,0.0,14.23,0.889,30.0,0.0
2083,43.05,0.03,0.0,0.0,13.02,0.7793,30.0,0.0
2084,41.32,1.04,0.0,0.0,10.28,0.6789,30.0,0.0
2085,39.44,0.8,0.0,0.0,8.64,0.5996,30.0,0.0
2086,37.49,1.25,0.0,0.0,6.24,0.533,30.0,0.0
2087,37.49,1.48,0.0,0.0,6.01,0.4849,30.0,0.0
2088,37.49,1.34,0.0,0.0,6.16,0.4386,30.0,0.0
2089,37.49,2.29,0.0,0.0,5.2,0.3911,30.0,0.0
2090,37.49,1.67,0.0,0.0,5.83,0.351,30.0,0.0
2091,37.49,1.57,0.0,0.0,5.92,0.3061,30.0,0.0
2092,37.49,1.63,0.0,0.0,5.86,0.2604,30.0,0.0
2093,37.49,0.61,0.0,0.0,6.88,0.2152,30.0,0.0
2094,37.49,1.59,0.0,0.0,5.9,0.1621,30.0,0.0
2095,39.44,0.89,11.63,3.08,0.0,0.1166,30.0,0.0
2096,41.32,1.15,23.09,12.91,0.0,0.138,30.0,0.0
2097,43.05,0.15,12.9,0.0,0.0,0.2279,30.0,0.0
2098,44.56,0.0,42.38,0.0,0.0,0.2279,2.18,0.0
2099,45.81,0.98,46.89,0.0,16.58,0.2279,0.0,18.64
2100,46.73,0.0,49.32,32.59,0.0,0.1,30.0,0.0
2101,47.3,0.1,49.54,32.34,0.0,0.3268,30.0,0.0
2102,47.49,0.17,42.71,25.39,0.0,0.5519,30.0,0.0
2103,47.3,0.0,35.73,18.43,0.0,0.7287,30.0,0.0
2104,46.73,0.2,23.16,6.19,0.0,0.8569,29.56,0.0
2105,45.81,0.74,11.99,0.0,3.07,0.9,30.0,0.0
2106,44.56,0.6,0.0,0.0,13.97,0.8763,30.0,0.0
2107,43.05,1.52,0.0,0.0,11.53,0.7686,30.0,0.0
2108,41.32,1.15,0.0,0.0,10.17,0.6797,30.0,0.0
2109,39.44,1.73,0.0,0.0,7.72,0.6012,30.0,0.0
2110,37.49,1.22,0.0,0.0,6.27,0.5417,30.0,0.0
2111,37.49,1.47,0.0,0.0,6.03,0.4933,30.0,0.0
2112,37.5,1.58,0.0,0.0,5.92,0.4469,30.0,0.0
2113,37.5,1.03,0.0,0.0,6.47,0.4013,30.0,0.0
2114,37.5,1.87,0.0,0.0,5.63,0.3514,30.0,0.0
2115,37.5,1.15,0.0,0.0,6.35,0.308,30.0,0.0
2116,37.5,1.19,0.0,0.0,6.31,0.2591,30.0,0.0
2117,37.5,0.67,0.0,0.0,6.82,0.2104,30.0,0.0
2118,37.5,0.0,0.0,0.0,7.5,0.1578,30.0,0.0
2119,39.45,0.82,10.37,1.75,0.0,0.1,30.0,0.0
2120,41.32,2.03,24.21,4.4,0.0,0.1121,19.49,0.0
2121,43.05,1.09,34.9,22.94,0.0,0.1428,30.0,0.0
2122,44.57,0.6,13.97,0.0,0.0,0.3024,30.0,0.0
2123,45.81,0.42,49.14,0.0,26.25,0.3024,0.0,30.0
2124,46.73,0.55,50.37,29.1,0.0,0.1,24.91,0.0
2125,47.3,0.84,48.77,32.31,0.0,0.3025,30.0,0.0
2126,47.5,0.0,41.51,24.02,0.0,0.5274,30.0,0.0
2127,47.3,1.26,35.92,19.88,0.0,0.6945,30.0,0.0
2128,46.73,1.16,25.22,9.64,0.0,0.8329,30.0,0.0
2129,45.81,1.28,11.9,0.0,2.63,0.9,30.0,0.0
2130,44.57,1.27,0.0,0.0,13.29,0.8797,30.0,0.0
2131,43.05,1.19,0.0,0.0,11.86,0.7772,30.0,0.0
2132,41.32,1.65,0.0,0.0,9.67,0.6857,30.0,0.0
2133,39.45,1.71,0.0,0.0,7.73,0.6111,30.0,0.0
2134,37.5,1.31,0.0,0.0,6.19,0.5515,30.0,0.0
2135,37.5,1.25,0.0,0.0,6.25,0.5038,30.0,0.0
2136,37.5,1.6,0.0,0.0,5.9,0.4556,30.0,0.0
2137,37.5,2.32,0.0,0.0,5.17,0.4102,30.0,0.0
2138,37.5,0.85,0.0,0.0,6.65,0.3703,30.0,0.0
2139,37.5,0.65,0.0,0.0,6.85,0.319,30.0,0.0
2140,37.5,1.38,0.0,0.0,6.12,0.2662,30.0,0.0
2141,37.5,1.2,0.0,0.0,6.3,0.219,30.0,0.0
2142,37.5,1.13,0.0,0.0,6.37,0.1704,30.0,0.0
2143,39.45,1.03,10.58,2.17,0.0,0.1213,30.0,0.0
2144,41.32,0.67,23.88,13.23,0.0,0.1364,30.0,0.0
2145,43.05,0.0,33.63,0.0,0.0,0.2284,9.43,0.0
2146,44.57,0.0,44.66,0.0,0.0,0.2284,0.0,0.09
2147,45.81,0.12,49.6,0.0,16.66,0.2284,0.0,20.57
2148,46.74,0.48,45.09,28.83,0.0,0.1,30.0,0.0
2149,47.31,0.0,48.56,31.25,0.0,0.3006,30.0,0.0
2150,47.5,0.51,43.34,26.36,0.0,0.5182,30.0,0.0
2151,47.31,1.53,35.88,20.1,0.0,0.7016,30.0,0.0
2152,46.74,0.8,24.34,8.4,0.0,0.8415,30.0,0.0
2153,45.81,1.03,12.02,0.0,2.76,0.9,30.0,0.0
2154,44.57,0.4,0.0,0.0,14.17,0.8787,30.0,0.0
2155,43.05,0.86,0.0,0.0,12.2,0.7694,30.0,0.0
2156,41.32,1.1,0.0,0.0,10.22,0.6754,30.0,0.0
2157,39.45,1.24,0.0,0.0,8.21,0.5965,30.0,0.0
2158,37.5,2.14,0.0,0.0,5.36,0.5332,30.0,0.0
2159,37.5,1.82,0.0,0.0,5.68,0.4919,30.0,0.0
2160,37.5,0.97,0.0,0.0,6.52,0.4481,30.0,0.0
2161,37.5,1.65,0.0,0.0,5.85,0.3978,30.0,0.0
2162,37.5,1.73,0.0,0.0,5.77,0.3527,30.0,0.0
2163,37.5,1.97,0.0,0.0,5.52,0.3082,30.0,0.0
2164,37.5,2.09,0.0,0.0,5.41,0.2655,30.0,0.0
2165,37.5,0.65,0.0,0.0,6.85,0.2239,30.0,0.0
2166,37.5,0.62,0.0,0.0,6.88,0.171,30.0,0.0
2167,39.45,0.26,12.94,3.75,0.0,0.1179,30.0,0.0
2168,41.33,0.66,25.9,15.23,0.0,0.1441,30.0,0.0
2169,43.06,0.0,13.06,0.0,0.0,0.25,30.0,0.0
2170,44.57,0.0,42.51,0.0,0.0,0.25,2.06,0.0
2171,45.81,0.5,49.24,0.0,19.45,0.25,0.0,23.38
2172,46.74,0.36,49.22,32.84,0.0,0.1,30.0,0.0
2173,47.31,0.62,48.37,31.68,0.0,0.3286,30.0,0.0
2174,47.5,0.16,42.48,25.14,0.0,0.549,30.0,0.0
2175,47.31,1.74,33.62,18.05,0.0,0.724,30.0,0.0
2176,46.74,0.0,23.98,7.24,0.0,0.8496,30.0,0.0
2177,45.81,0.99,12.38,0.0,2.44,0.9,30.0,0.0
2178,44.57,2.06,0.0,0.0,12.51,0.8812,30.0,0.0
2179,43.06,1.17,0.0,0.0,11.89,0.7848,30.0,0.0
2180,41.33,1.19,0.0,0.0,10.14,0.6931,30.0,0.0
2181,39.45,1.21,0.0,0.0,8.24,0.6149,30.0,0.0
2182,37.5,1.38,0.0,0.0,6.12,0.5514,30.0,0.0
2183,37.5,2.23,0.0,0.0,5.27,0.5042,30.0,0.0
2184,37.5,0.4,0.0,0.0,7.1,0.4635,30.0,0.0
2185,37.5,2.3,0.0,0.0,5.2,0.4088,30.0,0.0
2186,37.5,0.74,0.0,0.0,6.76,0.3687,30.0,0.0
2187,37.5,1.25,0.0,0.0,6.25,0.3166,30.0,0.0
2188,37.5,1.06,0.0,0.0,6.44,0.2683,30.0,0.0
2189,37.5,1.46,0.0,0.0,6.04,0.2187,30.0,0.0
2190,37.5,0.21,0.0,0.0,7.29,0.1721,30.0,0.0
2191,39.45,1.13,12.43,4.1,0.0,0.1158,30.0,0.0
2192,41.33,1.8,23.39,13.87,0.0,0.1444,30.0,0.0
2193,43.06,0.0,13.06,0.0,0.0,0.2409,30.0,0.0
2194,44.57,0.0,14.57,0.0,0.0,0.2409,30.0,0.0
2195,45.81,0.19,48.86,0.0,18.27,0.2409,0.0,21.51
2196,46.74,0.73,50.03,34.02,0.0,0.1,30.0,0.0
2197,47.31,0.54,48.96,32.19,0.0,0.3368,30.0,0.0
2198,47.5,0.25,43.4,26.15,0.0,0.5608,30.0,0.0
2199,47.31,0.91,30.18,13.78,0.0,0.7428,30.0,0.0
2200,46.74,0.0,25.54,8.8,0.0,0.8387,30.0,0.0
2201,45.81,0.79,10.94,0.0,4.08,0.9,30.0,0.0
2202,44.57,1.39,0.0,0.0,13.18,0.8686,30.0,0.0
2203,43.06,0.5,0.0,0.0,12.56,0.7669,30.0,0.0
2204,41.33,0.79,0.0,0.0,10.54,0.6701,30.0,0.0
2205,39.45,1.63,0.0,0.0,7.83,0.5888,30.0,0.0
2206,37.5,2.22,0.0,0.0,5.28,0.5284,30.0,0.0
2207,37.5,1.7,0.0,0.0,5.8,0.4878,30.0,0.0
2208,37.5,0.6,0.0,0.0,6.9,0.443,30.0,0.0
2209,37.5,1.51,0.0,0.0,5.99,0.3898,30.0,0.0
2210,37.5,0.82,0.0,0.0,6.68,0.3436,30.0,0.0
2211,37.5,1.68,0.0,0.0,5.82,0.2921,30.0,0.0
2212,37.5,1.72,0.0,0.0,5.78,0.2472,30.0,0.0
2213,37.5,0.92,0.0,0.0,6.58,0.2026,30.0,0.0
2214,37.5,0.77,0.0,0.0,6.73,0.1519,30.0,0.0
2215,39.45,1.02,12.02,3.58,0.0,0.1,30.0,0.0
2216,41.33,0.54,25.96,0.0,0.0,0.1249,14.83,0.0
2217,43.06,0.0,36.06,23.0,0.0,0.1249,30.0,0.0
2218,44.57,1.64,42.6,23.22,0.0,0.285,23.55,0.0
2219,45.81,0.0,49.26,0.0,26.55,0.4467,0.0,30.0
2220,46.74,0.32,51.34,34.93,0.0,0.2419,30.0,0.0
2221,47.31,0.19,49.66,32.54,0.0,0.485,30.0,0.0
2222,47.5,0.95,43.64,27.09,0.0,0.7115,30.0,0.0
2223,47.31,0.56,35.62,0.0,0.0,0.9,11.13,0.0
2224,46.74,0.0,25.01,0.0,0.0,0.9,21.73,0.0
2225,45.81,1.56,12.24,0.0,2.02,0.9,30.0,0.0
2226,44.57,1.74,0.0,0.0,12.83,0.8844,30.0,0.0
2227,43.06,0.84,0.0,0.0,12.22,0.7854,30.0,0.0
2228,41.33,0.32,0.0,0.0,11.01,0.6912,30.0,0.0
2229,39.45,1.89,0.0,0.0,7.56,0.6063,30.0,0.0
2230,37.5,1.11,0.0,0.0,6.39,0.548,30.0,0.0
2231,37.5,1.91,0.0,0.0,5.59,0.4987,30.0,0.0
2232,37.5,0.51,0.0,0.0,6.99,0.4556,30.0,0.0
2233,37.5,1.95,0.0,0.0,5.54,0.4017,30.0,0.0
2234,37.5,0.83,0.0,0.0,6.67,0.359,30.0,0.0
2235,37.5,1.74,0.0,0.0,5.76,0.3075,30.0,0.0
2236,37.5,1.27,0.0,0.0,6.23,0.2631,30.0,0.0
2237,37.5,0.65,0.0,0.0,6.85,0.2151,30.0,0.0
2238,37.5,0.8,0.0,0.0,6.7,0.1623,30.0,0.0
2239,39.45,1.22,11.94,3.71,0.0,0.1106,30.0,0.0
2240,41.33,0.8,25.86,15.34,0.0,0.1364,30.0,0.0
2241,43.05,0.94,34.15,22.04,0.0,0.2432,30.0,0.0
2242,44.57,1.57,44.75,0.0,11.78,0.3966,0.0,13.52
2243,45.81,0.0,49.13,0.0,26.69,0.3058,0.0,30.0
2244,46.74,1.32,45.36,29.94,0.0,0.1,30.0,0.0
2245,47.31,0.57,49.72,32.98,0.0,0.3084,30.0,0.0
2246,47.5,0.1,45.14,27.75,0.0,0.5379,30.0,0.0
2247,47.31,0.0,34.33,17.03,0.0,0.7311,30.0,0.0
2248,46.74,0.65,23.33,7.24,0.0,0.8496,30.0,0.0
2249,45.81,1.34,11.92,0.0,2.55,0.9,30.0,0.0
2250,44.57,0.94,0.0,0.0,13.63,0.8803,30.0,0.0
2251,43.05,1.91,0.0,0.0,11.15,0.7752,30.0,0.0
2252,41.33,0.52,0.0,0.0,10.81,0.6893,30.0,0.0
2253,39.45,1.36,0.0,0.0,8.09,0.606,30.0,0.0
2254,37.5,0.81,0.0,0.0,6.69,0.5436,30.0,0.0
2255,37.5,1.68,0.0,0.0,6.13,0.492,29.68,0.0
2256,37.5,1.96,0.0,0.0,5.54,0.4447,30.0,0.0
2257,37.5,1.28,0.0,0.0,6.22,0.402,30.0,0.0
2258,37.5,0.11,0.0,0.0,7.39,0.354,30.0,0.0
2259,37.5,0.0,0.0,0.0,7.5,0.297,30.0,0.0
2260,37.5,1.47,0.0,0.0,6.02,0.2392,30.0,0.0
2261,37.5,1.34,0.0,0.0,6.16,0.1928,30.0,0.0
2262,37.5,1.63,0.0,0.0,5.87,0.1453,30.0,0.0
2263,39.45,0.32,11.31,2.18,0.0,0.1,30.0,0.0
2264,41.32,1.09,26.04,15.8,0.0,0.1152,30.0,0.0
2265,43.05,0.0,34.29,0.0,0.0,0.2252,8.76,0.0
2266,44.57,0.0,44.19,29.62,0.0,0.2252,30.0,0.0
2267,45.81,0.67,32.18,0.0,42.96,0.4313,0.0,30.0
2268,46.74,0.0,43.59,26.85,0.0,0.1,30.0,0.0
2269,47.31,0.0,50.14,32.83,0.0,0.2869,30.0,0.0
2270,47.5,0.0,44.74,27.25,0.0,0.5154,30.0,0.0
2271,47.31,0.39,35.89,18.97,0.0,0.705,30.0,0.0
2272,46.74,0.4,25.38,9.04,0.0,0.8371,30.0,0.0
2273,45.81,0.88,13.11,0.0,1.82,0.9,30.0,0.0
2274,44.57,0.44,0.0,0.0,14.13,0.8859,30.0,0.0
2275,43.05,0.57,0.0,0.0,12.48,0.777,30.0,0.0
2276,41.32,1.6,0.0,0.0,9.73,0.6808,30.0,0.0
2277,39.45,0.77,0.0,0.0,8.68,0.6058,30.0,0.0
2278,37.5,1.78,0.0,0.0,5.72,0.5389,30.0,0.0
2279,37.5,1.73,0.0,0.0,5.77,0.4948,30.0,0.0
2280,37.49,0.62,0.0,0.0,6.88,0.4503,30.0,0.0
2281,37.49,1.14,0.0,0.0,6.36,0.3972,30.0,0.0
2282,37.49,2.04,0.0,0.0,5.46,0.3482,30.0,0.0
2283,37.49,0.85,0.0,0.0,6.65,0.3061,30.0,0.0
2284,37.49,1.01,0.0,0.0,6.49,0.2548,30.0,0.0
2285,37.49,1.36,0.0,0.0,6.14,0.2048,30.0,0.0
2286,37.49,1.39,0.0,0.0,6.11,0.1575,30.0,0.0
2287,39.45,0.73,11.14,2.43,0.0,0.1104,30.0,0.0
2288,41.32,0.43,24.23,13.33,0.0,0.1273,30.0,0.0
2289,43.05,0.0,34.75,0.0,0.0,0.22,8.3,0.0
2290,44.57,1.43,44.44,0.0,15.57,0.22,0.0,16.88
2291,45.81,0.99,50.32,0.0,0.0,0.1,0.0,5.51
2292,46.73,0.52,51.03,34.81,0.0,0.1,30.0,0.0
2293,47.3,0.08,43.61,26.39,0.0,0.3423,30.0,0.0
2294,47.49,0.0,45.68,28.18,0.0,0.526,30.0,0.0
2295,47.3,0.89,34.8,18.39,0.0,0.7221,30.0,0.0
2296,46.73,0.0,23.9,7.16,0.0,0.8501,30.0,0.0
2297,45.81,1.57,12.17,0.0,2.07,0.9,30.0,0.0
2298,44.57,1.32,0.0,0.0,13.25,0.884,30.0,0.0
2299,43.05,0.35,0.0,0.0,12.7,0.7819,30.0,0.0
2300,41.32,1.78,0.0,0.0,9.54,0.684,30.0,0.0
2301,39.45,0.84,0.0,0.0,8.61,0.6104,30.0,0.0
2302,37.49,1.23,0.0,0.0,6.26,0.544,30.0,0.0
2303,37.49,1.61,0.0,0.0,5.89,0.4957,30.0,0.0
2304,37.49,2.51,0.0,0.0,4.98,0.4503,30.0,0.0
2305,37.49,3.06,0.0,0.0,4.43,0.4119,30.0,0.0
2306,37.49,1.73,0.0,0.0,5.76,0.3777,30.0,0.0
2307,37.49,1.25,0.0,0.0,6.24,0.3333,30.0,0.0
2308,37.49,1.51,0.0,0.0,5.98,0.2852,30.0,0.0
2309,37.49,1.56,0.0,0.0,5.93,0.239,30.0,0.0
2310,37.49,0.82,0.0,0.0,6.68,0.1933,30.0,0.0
2311,39.44,1.76,11.15,3.47,0.0,0.1418,30.0,0.0
2312,41.32,0.84,23.49,13.01,0.0,0.166,30.0,0.0
2313,43.05,0.87,36.86,0.0,0.0,0.2565,5.31,0.0
2314,44.56,0.88,44.82,0.0,20.3,0.2565,0.0,21.43
2315,45.81,0.7,49.2,0.0,0.0,0.1,0.0,4.09
2316,46.73,0.9,51.12,35.29,0.0,0.1,30.0,0.0
2317,47.3,0.17,48.94,31.81,0.0,0.3456,30.0,0.0
2318,47.49,0.25,36.36,19.12,0.0,0.567,30.0,0.0
2319,47.3,0.06,36.79,19.55,0.0,0.7001,30.0,0.0
2320,46.73,0.95,24.96,9.17,0.0,0.8362,30.0,0.0
2321,45.81,1.24,13.33,0.0,1.23,0.9,30.0,0.0
2322,44.56,1.21,0.0,0.0,13.35,0.8905,30.0,0.0
2323,43.05,1.97,0.0,0.0,11.08,0.7876,30.0,0.0
2324,41.32,1.23,0.0,0.0,10.09,0.7021,30.0,0.0
2325,39.44,1.68,0.0,0.0,7.76,0.6243,30.0,0.0
2326,37.49,0.86,0.0,0.0,6.63,0.5645,30.0,0.0
2327,37.49,1.27,0.0,0.0,6.22,0.5133,30.0,0.0
2328,37.49,1.84,0.0,0.0,5.65,0.4654,30.0,0.0
2329,37.49,1.9,0.0,0.0,5.59,0.4218,30.0,0.0
2330,37.49,1.26,0.0,0.0,6.23,0.3787,30.0,0.0
2331,37.49,1.29,0.0,0.0,6.19,0.3307,30.0,0.0
2332,37.49,0.45,0.0,0.0,7.04,0.2829,30.0,0.0
2333,37.49,0.92,0.0,0.0,6.57,0.2287,30.0,0.0
2334,37.49,1.42,0.0,0.0,6.06,0.178,30.0,0.0
2335,39.44,1.13,12.85,4.55,0.0,0.1313,30.0,0.0
2336,41.31,0.97,24.04,13.7,0.0,0.1629,30.0,0.0
2337,43.04,0.0,13.04,0.0,0.0,0.2583,30.0,0.0
2338,44.56,0.53,45.04,0.0,20.52,0.2583,0.0,21.53
2339,45.8,0.14,49.85,0.0,0.0,0.1,0.0,4.19
2340,46.73,0.82,52.85,36.94,0.0,0.1,30.0,0.0
2341,47.3,0.69,49.4,32.8,0.0,0.3571,30.0,0.0
2342,47.49,0.78,43.81,27.1,0.0,0.5853,30.0,0.0
2343,47.3,0.34,27.77,10.82,0.0,0.774,30.0,0.0
2344,46.73,0.0,24.02,7.29,0.0,0.8493,30.0,0.0
2345,45.8,1.4,13.41,0.0,0.99,0.9,30.0,0.0
2346,44.56,0.73,0.0,0.0,13.83,0.8924,30.0,0.0
2347,43.04,0.66,0.0,0.0,12.38,0.7857,30.0,0.0
2348,41.31,1.58,0.0,0.0,9.73,0.6902,30.0,0.0
2349,39.44,1.13,0.0,0.0,8.31,0.6151,30.0,0.0
2350,37.49,1.95,0.0,0.0,5.53,0.5511,30.0,0.0
2351,37.49,1.78,0.0,0.0,5.71,0.5084,30.0,0.0
2352,37.48,1.82,0.0,0.0,5.66,0.4644,30.0,0.0
2353,37.48,0.76,0.0,0.0,6.73,0.4207,30.0,0.0
2354,37.48,2.02,0.0,0.0,5.46,0.3688,30.0,0.0
2355,37.48,1.46,0.0,0.0,6.03,0.3267,30.0,0.0
2356,37.48,1.03,0.0,0.0,6.45,0.2802,30.0,0.0
2357,37.48,1.17,0.0,0.0,6.32,0.2305,30.0,0.0
2358,37.48,0.06,0.0,0.0,7.43,0.1818,30.0,0.0
2359,39.43,1.04,13.6,5.2,0.0,0.1245,30.0,0.0
2360,41.31,0.18,25.94,14.81,0.0,0.1607,30.0,0.0
2361,43.04,0.0,37.66,0.0,0.0,0.2638,5.37,0.0
2362,44.55,0.0,45.68,0.0,21.24,0.2638,0.0,22.36
2363,45.8,1.04,49.0,0.0,0.0,0.1,0.0,4.24
2364,46.72,0.13,53.51,36.92,0.0,0.1,30.0,0.0
2365,47.29,1.25,50.23,34.19,0.0,0.3569,30.0,0.0
2366,47.48,0.25,33.57,16.33,0.0,0.5949,30.0,0.0
2367,47.29,0.0,37.01,19.72,0.0,0.7086,30.0,0.0
2368,46.72,0.14,24.37,7.78,0.0,0.8458,30.0,0.0
2369,45.8,1.46,12.04,0.0,2.3,0.9,30.0,0.0
2370,44.55,0.88,0.0,0.0,13.67,0.8823,30.0,0.0
2371,43.04,0.81,0.0,0.0,12.22,0.7768,30.0,0.0
2372,41.31,1.3,0.0,0.0,10.01,0.6826,30.0,0.0
2373,39.43,1.58,0.0,0.0,7.86,0.6054,30.0,0.0
2374,37.48,1.97,0.0,0.0,5.51,0.5448,30.0,0.0
2375,37.48,2.19,0.0,0.0,5.29,0.5023,30.0,0.0
2376,37.48,1.28,0.0,0.0,6.2,0.4615,30.0,0.0
2377,37.48,0.77,0.0,0.0,6.71,0.4137,30.0,0.0
2378,37.48,1.18,0.0,0.0,6.29,0.362,30.0,0.0
2379,37.48,1.45,0.0,0.0,6.03,0.3134,30.0,0.0
2380,37.48,0.72,0.0,0.0,6.76,0.2669,30.0,0.0
2381,37.48,0.6,0.0,0.0,6.88,0.2148,30.0,0.0
2382,37.48,1.13,0.0,0.0,6.35,0.1617,30.0,0.0
2383,39.43,0.8,11.2,2.56,0.0,0.1128,30.0,0.0
2384,41.3,0.71,26.64,16.05,0.0,0.1306,30.0,0.0
2385,43.03,0.0,36.47,0.0,0.0,0.2423,6.56,0.0
2386,44.55,0.39,44.71,0.0,0.0,0.2423,0.0,0.55
2387,45.79,0.0,49.95,0.0,18.45,0.2423,0.0,22.61
2388,46.72,0.9,51.86,36.04,0.0,0.1,30.0,0.0
2389,47.29,0.99,50.83,34.53,0.0,0.3508,30.0,0.0
2390,47.48,0.0,46.5,29.02,0.0,0.5912,30.0,0.0
2391,47.29,0.12,22.46,5.3,0.0,0.7932,30.0,0.0
2392,46.72,0.0,26.77,10.05,0.0,0.83,30.0,0.0
2393,45.79,0.49,12.46,0.0,2.84,0.9,30.0,0.0
2394,44.55,0.91,0.0,0.0,13.64,0.8781,30.0,0.0
2395,43.03,0.35,0.0,0.0,12.69,0.7729,30.0,0.0
2396,41.3,0.74,0.0,0.0,10.57,0.6751,30.0,0.0
2397,39.43,0.8,0.0,0.0,8.63,0.5936,30.0,0.0
2398,37.48,1.5,0.0,0.0,5.98,0.527,30.0,0.0
2399,37.48,1.48,0.0,0.0,6.0,0.4809,30.0,0.0
2400,37.47,1.09,0.0,0.0,6.39,0.4347,30.0,0.0
2401,37.47,1.53,0.0,0.0,5.94,0.3855,30.0,0.0
2402,37.47,1.11,0.0,0.0,6.36,0.3396,30.0,0.0
2403,37.47,1.17,0.0,0.0,6.31,0.2905,30.0,0.0
2404,37.47,2.05,0.0,0.0,5.42,0.2419,30.0,0.0
2405,37.47,1.76,0.0,0.0,5.71,0.2001,30.0,0.0
2406,37.47,0.28,0.0,0.0,7.19,0.1561,30.0,0.0
2407,39.42,1.24,13.74,5.55,0.0,0.1006,30.0,0.0
2408,41.3,1.1,24.22,14.03,0.0,0.1393,30.0,0.0
2409,43.03,0.0,13.03,0.0,0.0,0.2369,30.0,0.0
2410,44.54,0.92,44.24,0.0,17.76,0.2369,0.0,18.38
2411,45.79,1.24,51.56,0.0,0.0,0.1,0.0,7.01
2412,46.71,0.0,53.94,20.13,0.0,0.1,12.9,0.0
2413,47.28,0.0,49.99,32.71,0.0,0.2401,30.0,0.0
2414,47.47,1.02,46.77,30.32,0.0,0.4677,30.0,0.0
2415,47.28,0.72,37.26,20.71,0.0,0.6787,30.0,0.0
2416,46.71,0.97,26.83,11.09,0.0,0.8228,30.0,0.0
2417,45.79,0.99,13.6,0.0,1.2,0.9,30.0,0.0
2418,44.54,1.14,0.0,0.0,13.4,0.8908,30.0,0.0
2419,43.03,0.4,0.0,0.0,12.63,0.7874,30.0,0.0
2420,41.3,1.73,0.0,0.0,9.56,0.69,30.0,0.0
2421,39.42,1.9,0.0,0.0,7.52,0.6163,30.0,0.0
2422,37.47,1.27,0.0,0.0,6.2,0.5583,30.0,0.0
2423,37.47,1.42,0.0,0.0,6.06,0.5105,30.0,0.0
2424,37.46,0.66,0.0,0.0,6.8,0.4637,30.0,0.0
2425,37.46,1.69,0.0,0.0,5.77,0.4113,30.0,0.0
2426,37.46,1.67,0.0,0.0,5.8,0.3668,30.0,0.0
2427,37.46,1.26,0.0,0.0,6.2,0.3221,30.0,0.0
2428,37.46,1.76,0.0,0.0,5.7,0.2743,30.0,0.0
2429,37.46,0.9,0.0,0.0,6.57,0.2303,30.0,0.0
2430,37.46,1.22,0.0,0.0,6.24,0.1797,30.0,0.0
2431,39.42,0.28,12.35,3.22,0.0,0.1315,30.0,0.0
2432,41.29,0.67,25.19,14.57,0.0,0.154,30.0,0.0
2433,43.02,0.0,37.63,0.0,0.0,0.2554,5.39,0.0
2434,44.54,0.61,44.32,0.0,20.15,0.2554,0.0,20.54
2435,45.78,0.25,51.98,0.0,0.0,0.1,0.0,6.46
2436,46.7,0.36,51.47,35.12,0.0,0.1,30.0,0.0
2437,47.27,0.86,50.46,34.05,0.0,0.3444,30.0,0.0
2438,47.46,0.27,35.32,18.12,0.0,0.5814,30.0,0.0
2439,47.27,0.0,37.44,20.16,0.0,0.7075,30.0,0.0
2440,46.7,0.0,24.19,7.49,0.0,0.8479,30.0,0.0
2441,45.78,1.51,12.04,0.0,2.23,0.9,30.0,0.0
2442,44.54,0.28,0.0,0.0,14.26,0.8828,30.0,0.0
2443,43.02,1.42,0.0,0.0,11.6,0.7729,30.0,0.0
2444,41.29,0.93,0.0,0.0,10.36,0.6834,30.0,0.0
2445,39.42,1.43,0.0,0.0,7.98,0.6035,30.0,0.0
2446,37.46,1.53,0.0,0.0,5.94,0.5419,30.0,0.0
2447,37.46,1.31,0.0,0.0,6.16,0.4962,30.0,0.0
2448,37.46,1.04,0.0,0.0,6.42,0.4487,30.0,0.0
2449,37.46,1.07,0.0,0.0,6.39,0.3992,30.0,0.0
2450,37.46,0.9,0.0,0.0,6.56,0.3499,30.0,0.0
2451,37.46,0.86,0.0,0.0,6.59,0.2993,30.0,0.0
2452,37.46,1.15,0.0,0.0,6.31,0.2485,30.0,0.0
2453,37.46,0.69,0.0,0.0,6.76,0.1998,30.0,0.0
2454,37.46,1.28,0.0,0.0,6.18,0.1477,30.0,0.0
2455,39.41,1.55,12.85,4.99,0.0,0.1,30.0,0.0
2456,41.28,0.38,25.66,14.76,0.0,0.1348,30.0,0.0
2457,43.01,0.69,36.42,24.09,0.0,0.2375,30.0,0.0
2458,44.53,0.74,44.37,0.0,29.42,0.4051,0.0,30.0
2459,45.77,0.67,51.14,0.0,10.15,0.1783,0.0,16.19
2460,46.7,0.46,52.37,36.13,0.0,0.1,30.0,0.0
2461,47.27,0.81,50.7,34.25,0.0,0.3515,30.0,0.0
2462,47.46,0.73,46.9,30.17,0.0,0.5898,30.0,0.0
2463,47.27,0.0,36.5,14.4,0.0,0.7998,25.16,0.0
2464,46.7,1.12,15.58,0.0,0.0,0.9,30.0,0.0
2465,45.77,1.25,12.51,0.0,2.02,0.9,30.0,0.0
2466,44.53,0.54,0.0,0.0,13.99,0.8845,30.0,0.0
2467,43.01,1.08,0.0,0.0,11.93,0.7766,30.0,0.0
2468,41.28,1.53,0.0,0.0,9.75,0.6845,30.0,0.0
2469,39.41,1.18,0.0,0.0,8.23,0.6093,30.0,0.0
2470,37.46,1.92,0.0,0.0,5.54,0.5459,30.0,0.0
2471,37.46,2.63,0.0,0.0,4.83,0.5031,30.0,0.0
2472,37.45,1.03,0.0,0.0,6.42,0.4659,30.0,0.0
2473,37.45,0.71,0.0,0.0,6.74,0.4164,30.0,0.0
2474,37.45,1.52,0.0,0.0,5.93,0.3644,30.0,0.0
2475,37.45,1.65,0.0,0.0,5.8,0.3186,30.0,0.0
2476,37.45,1.06,0.0,0.0,6.39,0.2739,30.0,0.0
2477,37.45,1.79,0.0,0.0,5.66,0.2246,30.0,0.0
2478,37.45,0.24,0.0,0.0,7.21,0.1809,30.0,0.0
2479,39.4,1.14,13.12,4.86,0.0,0.1253,30.0,0.0
2480,41.28,0.35,27.0,16.08,0.0,0.1591,30.0,0.0
2481,43.0,1.44,11.57,0.0,0.0,0.271,30.0,0.0
2482,44.52,1.49,46.63,0.0,22.18,0.271,0.0,25.78
2483,45.76,0.03,50.09,0.0,0.0,0.1,0.0,4.36
2484,46.69,0.13,52.71,36.15,0.0,0.1,30.0,0.0
2485,47.26,0.0,47.59,30.34,0.0,0.3516,30.0,0.0
2486,47.45,0.0,47.1,29.65,0.0,0.5627,30.0,0.0
2487,47.26,0.53,35.53,18.8,0.0,0.7691,30.0,0.0
2488,46.69,0.68,16.01,0.0,0.0,0.9,30.0,0.0
2489,45.76,0.0,12.44,0.0,3.33,0.9,30.0,0.0
2490,44.52,0.91,0.0,0.0,13.61,0.8743,30.0,0.0
2491,43.0,0.7,0.0,0.0,12.31,0.7694,30.0,0.0
2492,41.28,0.92,0.0,0.0,10.35,0.6745,30.0,0.0
2493,39.4,2.02,0.0,0.0,7.38,0.5946,30.0,0.0
2494,37.45,0.72,0.0,0.0,6.73,0.5377,30.0,0.0
2495,37.45,1.83,0.0,0.0,5.62,0.4858,30.0,0.0
2496,37.44,1.28,0.0,0.0,6.16,0.4424,30.0,0.0
2497,37.44,1.26,0.0,0.0,6.18,0.3949,30.0,0.0
2498,37.44,1.76,0.0,0.0,5.68,0.3473,30.0,0.0
2499,37.44,1.44,0.0,0.0,6.0,0.3034,30.0,0.0
2500,37.44,1.46,0.0,0.0,5.98,0.2572,30.0,0.0
2501,37.44,1.54,0.0,0.0,5.9,0.211,30.0,0.0
2502,37.44,0.74,0.0,0.0,6.7,0.1655,30.0,0.0
2503,39.39,0.47,11.82,2.89,0.0,0.1138,30.0,0.0
2504,41.27,0.1,24.77,13.61,0.0,0.1339,30.0,0.0
2505,43.0,0.13,37.35,0.0,0.0,0.2287,5.51,0.0
2506,44.51,1.97,45.74,0.0,0.0,0.2287,0.0,3.2
2507,45.75,1.05,50.33,0.0,16.68,0.2287,0.0,22.31
2508,46.68,0.0,51.78,19.78,0.0,0.1,14.68,0.0
2509,47.25,0.0,52.88,35.64,0.0,0.2377,30.0,0.0
2510,47.44,0.71,47.06,30.33,0.0,0.4857,30.0,0.0
2511,47.25,0.83,36.06,19.64,0.0,0.6968,30.0,0.0
2512,46.68,0.93,25.29,9.55,0.0,0.8336,30.0,0.0
2513,45.75,0.65,13.34,0.0,1.77,0.9,30.0,0.0
2514,44.51,0.85,0.0,0.0,13.67,0.8863,30.0,0.0
2515,43.0,1.21,0.0,0.0,11.79,0.781,30.0,0.0
2516,41.27,1.21,0.0,0.0,10.06,0.6901,30.0,0.0
2517,39.39,0.14,0.0,0.0,9.25,0.6125,30.0,0.0
2518,37.44,1.23,0.0,0.0,6.21,0.5411,30.0,0.0
2519,37.44,0.97,0.0,0.0,6.47,0.4933,30.0,0.0
2520,37.43,1.5,0.0,0.0,5.93,0.4434,30.0,0.0
2521,37.43,2.92,0.0,0.0,4.51,0.3977,30.0,0.0
2522,37.43,1.53,0.0,0.0,5.9,0.3629,30.0,0.0
2523,37.43,1.1,0.0,0.0,6.33,0.3174,30.0,0.0
2524,37.43,1.63,0.0,0.0,5.8,0.2686,30.0,0.0
2525,37.43,1.28,0.0,0.0,6.15,0.2238,30.0,0.0
2526,37.43,1.12,0.0,0.0,6.31,0.1764,30.0,0.0
2527,39.38,1.08,11.32,3.02,0.0,0.1277,30.0,0.0
2528,41.26,1.7,25.98,16.42,0.0,0.1487,30.0,0.0
2529,42.99,0.0,36.04,0.0,0.0,0.263,6.95,0.0
2530,44.5,0.7,45.36,0.0,21.14,0.263,0.0,22.69
2531,45.74,0.0,50.21,0.0,0.0,0.1,0.0,4.46
2532,46.67,0.67,52.64,36.65,0.0,0.1,30.0,0.0
2533,47.24,0.0,52.43,35.19,0.0,0.3551,30.0,0.0
2534,47.43,0.25,45.49,28.3,0.0,0.6,30.0,0.0
2535,47.24,0.0,32.04,14.8,0.0,0.797,30.0,0.0
2536,46.67,0.0,26.6,0.0,0.0,0.9,20.07,0.0
2537,45.74,1.24,13.55,0.0,0.96,0.9,30.0,0.0
2538,44.5,0.27,0.0,0.0,14.24,0.8926,30.0,0.0
2539,42.99,1.06,0.0,0.0,11.92,0.7828,30.0,0.0
2540,41.26,0.79,0.0,0.0,10.46,0.6908,30.0,0.0
2541,39.38,0.62,0.0,0.0,8.76,0.6102,30.0,0.0
2542,37.43,1.23,0.0,0.0,6.2,0.5426,30.0,0.0
2543,37.43,1.24,0.0,0.0,6.19,0.4948,30.0,0.0
2544,37.42,2.64,0.0,0.0,4.78,0.447,30.0,0.0
2545,37.42,1.61,0.0,0.0,5.81,0.4102,30.0,0.0
2546,37.42,0.63,0.0,0.0,6.79,0.3654,30.0,0.0
2547,37.42,0.97,0.0,0.0,6.45,0.313,30.0,0.0
2548,37.42,1.67,0.0,0.0,5.75,0.2632,30.0,0.0
2549,37.42,2.09,0.0,0.0,5.33,0.2189,30.0,0.0
2550,37.42,0.08,0.0,0.0,7.34,0.1778,30.0,0.0
2551,39.37,0.0,11.19,1.82,0.0,0.1212,30.0,0.0
2552,41.25,1.59,27.13,0.0,0.0,0.1339,12.53,0.0
2553,42.98,0.0,12.98,0.0,0.0,0.1339,30.0,0.0
2554,44.49,0.01,45.02,0.0,0.0,0.1339,0.0,0.54
2555,45.73,0.67,51.34,0.0,4.39,0.1339,0.0,10.67
2556,46.66,0.0,53.66,37.0,0.0,0.1,30.0,0.0
2557,47.23,0.4,52.81,19.93,0.0,0.3575,13.95,0.0
2558,47.42,0.62,45.34,28.54,0.0,0.4962,30.0,0.0
2559,47.23,0.0,37.99,20.77,0.0,0.6948,30.0,0.0
2560,46.66,0.12,25.25,8.71,0.0,0.8393,30.0,0.0
2561,45.73,0.8,12.47,0.0,2.46,0.9,30.0,0.0
2562,44.49,0.42,0.0,0.0,14.07,0.881,30.0,0.0
2563,42.98,1.16,0.0,0.0,11.82,0.7725,30.0,0.0
2564,41.25,0.69,0.0,0.0,10.56,0.6814,30.0,0.0
2565,39.37,1.05,0.0,0.0,8.33,0.6,30.0,0.0
2566,37.42,0.83,0.0,0.0,6.59,0.5358,30.0,0.0
2567,37.42,1.72,0.0,0.0,5.7,0.4849,30.0,0.0
2568,37.41,1.83,0.0,0.0,5.58,0.4409,30.0,0.0
2569,37.41,1.26,0.0,0.0,6.15,0.3979,30.0,0.0
2570,37.41,1.35,0.0,0.0,6.06,0.3505,30.0,0.0
2571,37.41,0.51,0.0,0.0,6.9,0.3038,30.0,0.0
2572,37.41,0.99,0.0,0.0,6.42,0.2505,30.0,0.0
2573,37.41,0.99,0.0,0.0,6.42,0.201,30.0,0.0
2574,37.41,2.22,0.0,0.0,5.19,0.1515,30.0,0.0
2575,39.36,0.18,14.2,5.02,0.0,0.1115,30.0,0.0
2576,41.24,1.38,9.86,0.0,0.0,0.1464,30.0,0.0
2577,42.96,1.03,39.13,27.2,0.0,0.1464,30.0,0.0
2578,44.48,0.59,45.42,0.0,28.47,0.3357,0.0,30.0
2579,45.72,1.29,51.67,0.0,2.09,0.1162,0.0,9.33
2580,46.65,0.56,53.69,37.6,0.0,0.1,30.0,0.0
2581,47.22,0.59,53.48,16.13,0.0,0.3617,9.28,0.0
2582,47.41,0.42,45.32,28.33,0.0,0.474,30.0,0.0
2583,47.22,1.15,39.17,23.1,0.0,0.6712,30.0,0.0
2584,46.65,1.19,25.24,9.78,0.0,0.8319,30.0,0.0
2585,45.72,0.43,13.65,0.0,1.64,0.9,30.0,0.0
2586,44.48,0.21,0.0,0.0,14.27,0.8874,30.0,0.0
2587,42.96,0.91,0.0,0.0,12.05,0.7773,30.0,0.0
2588,41.24,0.73,0.0,0.0,10.5,0.6844,30.0,0.0
2589,39.36,1.21,0.0,0.0,8.15,0.6034,30.0,0.0
2590,37.41,1.96,0.0,0.0,5.45,0.5406,30.0,0.0
2591,37.41,1.14,0.0,0.0,6.26,0.4985,30.0,0.0
2592,37.4,1.36,0.0,0.0,6.03,0.4502,30.0,0.0
2593,37.4,1.4,0.0,0.0,6.0,0.4037,30.0,0.0
2594,37.4,1.75,0.0,0.0,5.65,0.3574,30.0,0.0
2595,37.4,0.09,0.0,0.0,7.31,0.3139,30.0,0.0
2596,37.4,0.82,0.0,0.0,6.58,0.2575,30.0,0.0
2597,37.4,1.12,0.0,0.0,6.28,0.2068,30.0,0.0
2598,37.4,1.49,0.0,0.0,5.91,0.1584,30.0,0.0
2599,39.35,0.49,14.19,5.34,0.0,0.1128,30.0,0.0
2600,41.22,0.0,26.57,15.35,0.0,0.15,30.0,0.0
2601,42.95,0.83,12.12,0.0,0.0,0.2568,30.0,0.0
2602,44.47,0.11,46.57,0.0,0.0,0.2568,0.0,2.21
2603,45.71,0.0,52.94,0.0,20.33,0.2568,0.0,27.56
2604,46.64,0.05,54.3,37.71,0.0,0.1,30.0,0.0
2605,47.2,0.29,52.54,35.62,0.0,0.3625,30.0,0.0
2606,47.4,0.12,28.19,10.92,0.0,0.6104,30.0,0.0
2607,47.2,0.0,36.99,19.79,0.0,0.6864,30.0,0.0
2608,46.64,1.08,26.47,10.91,0.0,0.8241,30.0,0.0
2609,45.71,1.39,13.63,0.0,0.69,0.9,30.0,0.0
2610,44.47,1.21,0.0,0.0,13.26,0.8947,30.0,0.0
2611,42.95,0.43,0.0,0.0,12.53,0.7924,30.0,0.0
2612,41.22,1.03,0.0,0.0,10.2,0.6958,30.0,0.0
2613,39.35,1.23,0.0,0.0,8.11,0.6172,30.0,0.0
2614,37.4,1.62,0.0,0.0,5.77,0.5546,30.0,0.0
2615,37.4,1.71,0.0,0.0,5.69,0.5101,30.0,0.0
2616,37.38,1.0,0.0,0.0,6.38,0.4662,30.0,0.0
2617,37.38,1.4,0.0,0.0,5.98,0.417,30.0,0.0
2618,37.38,1.54,0.0,0.0,5.84,0.3709,30.0,0.0
2619,37.38,1.97,0.0,0.0,5.41,0.3259,30.0,0.0
2620,37.38,1.48,0.0,0.0,5.9,0.2841,30.0,0.0
2621,37.38,1.4,0.0,0.0,5.98,0.2386,30.0,0.0
2622,37.38,0.91,0.0,0.0,6.47,0.1925,30.0,0.0
2623,39.34,1.46,12.62,4.74,0.0,0.1425,30.0,0.0
2624,41.21,0.82,26.58,16.19,0.0,0.1755,30.0,0.0
2625,42.94,0.07,37.14,0.0,0.0,0.2882,5.73,0.0
2626,44.46,1.14,45.75,0.0,1.04,0.2882,0.0,3.48
2627,45.7,0.73,51.6,0.0,23.36,0.2802,0.0,30.0
2628,46.62,0.13,53.24,36.74,0.0,0.1,30.0,0.0
2629,47.19,0.13,51.55,34.49,0.0,0.3557,30.0,0.0
2630,47.38,0.58,47.83,31.02,0.0,0.5958,30.0,0.0
2631,47.19,0.74,37.03,1.31,0.0,0.8117,10.73,0.0
2632,46.62,0.71,27.29,11.38,0.0,0.8208,30.0,0.0
2633,45.7,0.89,14.13,0.0,0.68,0.9,30.0,0.0
2634,44.46,1.74,0.0,0.0,12.72,0.8948,30.0,0.0
2635,42.94,1.55,0.0,0.0,11.39,0.7967,30.0,0.0
2636,41.21,1.22,0.0,0.0,9.99,0.7088,30.0,0.0
2637,39.34,1.71,0.0,0.0,7.63,0.6318,30.0,0.0
2638,37.38,0.78,0.0,0.0,6.6,0.5729,30.0,0.0
2639,37.38,1.56,0.0,0.0,5.82,0.522,30.0,0.0
2640,37.37,2.29,0.0,0.0,5.08,0.4771,30.0,0.0
2641,37.37,1.24,0.0,0.0,6.13,0.438,30.0,0.0
2642,37.37,0.87,0.0,0.0,6.5,0.3907,30.0,0.0
2643,37.37,0.89,0.0,0.0,6.48,0.3406,30.0,0.0
2644,37.37,0.56,0.0,0.0,6.81,0.2906,30.0,0.0
2645,37.37,0.59,0.0,0.0,6.78,0.238,30.0,0.0
2646,37.37,0.67,0.0,0.0,6.7,0.1857,30.0,0.0
2647,39.32,0.01,14.41,5.1,0.0,0.1341,30.0,0.0
2648,41.2,0.61,26.25,15.67,0.0,0.1695,30.0,0.0
2649,42.93,0.96,38.6,0.0,0.0,0.2786,3.37,0.0
2650,44.44,0.0,45.87,0.0,0.29,0.2786,0.0,1.72
2651,45.69,1.14,51.68,0.0,22.87,0.2763,0.0,30.0
2652,46.61,0.61,54.44,26.05,0.0,0.1,17.62,0.0
2653,47.18,0.89,52.58,36.29,0.0,0.2813,30.0,0.0
2654,47.37,0.08,48.23,30.94,0.0,0.5339,30.0,0.0
2655,47.18,0.0,38.84,21.66,0.0,0.7493,30.0,0.0
2656,46.61,0.05,25.78,0.0,0.0,0.9,20.79,0.0
2657,45.69,1.18,14.28,0.0,0.23,0.9,30.0,0.0
2658,44.44,0.95,0.0,0.0,13.5,0.8983,30.0,0.0
2659,42.93,1.27,0.0,0.0,11.65,0.7942,30.0,0.0
2660,41.2,0.51,0.0,0.0,10.68,0.7043,30.0,0.0
2661,39.32,0.76,0.0,0.0,8.56,0.6219,30.0,0.0
2662,37.37,1.61,0.0,0.0,5.76,0.5559,30.0,0.0
2663,37.37,0.87,0.0,0.0,6.5,0.5115,30.0,0.0
2664,37.36,1.6,0.0,0.0,5.76,0.4613,30.0,0.0
2665,37.36,0.65,0.0,0.0,6.71,0.4169,30.0,0.0
2666,37.36,1.73,0.0,0.0,5.63,0.3651,30.0,0.0
2667,37.36,0.58,0.0,0.0,6.77,0.3217,30.0,0.0
2668,37.36,1.39,0.0,0.0,5.97,0.2695,30.0,0.0
2669,37.36,1.3,0.0,0.0,6.05,0.2234,30.0,0.0
2670,37.36,0.5,0.0,0.0,6.86,0.1768,30.0,0.0
2671,39.31,1.02,12.23,3.94,0.0,0.1238,30.0,0.0
2672,41.18,0.73,25.04,14.58,0.0,0.1512,30.0,0.0
2673,42.91,0.0,36.81,0.0,0.0,0.2527,6.1,0.0
2674,44.43,0.0,48.24,0.0,0.0,0.2527,0.0,3.81
2675,45.67,0.0,52.95,0.0,19.81,0.2527,0.0,27.09
2676,46.6,0.52,54.28,29.7,0.0,0.1,21.49,0.0
2677,47.16,0.0,51.95,34.78,0.0,0.3067,30.0,0.0
2678,47.36,0.0,46.95,29.6,0.0,0.5488,30.0,0.0
2679,47.16,0.36,37.68,20.87,0.0,0.7548,30.0,0.0
2680,46.6,0.0,16.6,0.0,0.0,0.9,30.0,0.0
2681,45.67,0.56,13.27,0.0,1.84,0.9,30.0,0.0
2682,44.43,0.68,0.0,0.0,13.75,0.8858,30.0,0.0
2683,42.91,1.36,0.0,0.0,11.56,0.7798,30.0,0.0
2684,41.18,1.28,0.0,0.0,9.91,0.6907,30.0,0.0
2685,39.31,1.37,0.0,0.0,7.93,0.6143,30.0,0.0
2686,37.36,1.53,0.0,0.0,5.82,0.5531,30.0,0.0
2687,37.36,0.56,0.0,0.0,6.8,0.5082,30.0,0.0
2688,37.34,1.74,0.0,0.0,5.6,0.4558,30.0,0.0
2689,37.34,1.65,0.0,0.0,5.69,0.4125,30.0,0.0
2690,37.34,0.77,0.0,0.0,6.58,0.3686,30.0,0.0
2691,37.34,1.08,0.0,0.0,6.26,0.3179,30.0,0.0
2692,37.34,1.08,0.0,0.0,6.26,0.2696,30.0,0.0
2693,37.34,0.91,0.0,0.0,6.44,0.2213,30.0,0.0
2694,37.34,1.01,0.0,0.0,6.33,0.1717,30.0,0.0
2695,39.29,1.44,13.74,5.88,0.0,0.1229,30.0,0.0
2696,41.17,1.14,25.29,15.26,0.0,0.1638,30.0,0.0
2697,42.9,0.0,37.98,25.08,0.0,0.27,30.0,0.0
2698,44.41,0.72,48.36,0.0,24.24,0.4446,0.0,28.91
2699,45.66,1.03,54.18,0.0,20.45,0.2577,0.0,30.0
2700,46.58,0.53,56.03,12.19,0.0,0.1,2.21,0.0
2701,47.15,0.91,52.01,35.77,0.0,0.1849,30.0,0.0
2702,47.34,1.43,48.09,32.17,0.0,0.4338,30.0,0.0
2703,47.15,1.0,39.07,22.93,0.0,0.6577,30.0,0.0
2704,46.58,0.71,27.76,11.89,0.0,0.8173,30.0,0.0
2705,45.66,1.24,12.71,0.0,1.7,0.9,30.0,0.0
2706,44.41,0.92,0.0,0.0,13.5,0.8869,30.0,0.0
2707,42.9,0.99,0.0,0.0,11.91,0.7828,30.0,0.0
2708,41.17,0.92,0.0,0.0,10.25,0.6909,30.0,0.0
2709,39.29,2.0,0.0,0.0,7.29,0.6119,30.0,0.0
2710,37.34,0.87,0.0,0.0,6.48,0.5557,30.0,0.0
2711,37.34,2.12,0.0,0.0,5.22,0.5057,30.0,0.0
2712,37.33,1.6,0.0,0.0,5.73,0.4654,30.0,0.0
2713,37.33,0.61,0.0,0.0,6.71,0.4213,30.0,0.0
2714,37.33,1.46,0.0,0.0,5.86,0.3695,30.0,0.0
2715,37.33,0.12,0.0,0.0,7.2,0.3243,30.0,0.0
2716,37.33,1.41,0.0,0.0,5.92,0.2687,30.0,0.0
2717,37.33,1.42,0.0,0.0,5.91,0.2231,30.0,0.0
2718,37.33,0.53,0.0,0.0,6.79,0.1775,30.0,0.0
2719,39.28,0.77,13.31,4.79,0.0,0.1251,30.0,0.0
2720,41.15,1.58,27.57,17.99,0.0,0.1585,30.0,0.0
2721,42.88,0.22,12.67,0.0,0.0,0.2837,30.0,0.0
2722,44.4,0.0,47.01,0.0,1.87,0.2837,0.0,4.49
2723,45.64,1.1,52.6,0.0,21.95,0.2693,0.0,30.0
2724,46.57,1.33,55.07,14.21,0.0,0.1,4.38,0.0
2725,47.13,0.34,54.45,37.65,0.0,0.1989,30.0,0.0
2726,47.33,0.91,46.21,29.79,0.0,0.4609,30.0,0.0
2727,47.13,1.16,39.2,23.22,0.0,0.6683,30.0,0.0
2728,46.57,0.2,26.44,10.08,0.0,0.8299,30.0,0.0
2729,45.64,0.45,12.33,0.0,2.86,0.9,30.0,0.0
2730,44.4,1.46,0.0,0.0,12.94,0.8779,30.0,0.0
2731,42.88,1.83,0.0,0.0,11.06,0.7782,30.0,0.0
2732,41.15,1.38,0.0,0.0,9.78,0.6929,30.0,0.0
2733,39.28,0.75,0.0,0.0,8.53,0.6175,30.0,0.0
2734,37.33,2.29,0.0,0.0,5.04,0.5517,30.0,0.0
2735,37.33,1.06,0.0,0.0,6.27,0.5129,30.0,0.0
2736,37.31,1.17,0.0,0.0,6.15,0.4645,30.0,0.0
2737,37.31,1.49,0.0,0.0,5.82,0.4171,30.0,0.0
2738,37.31,2.06,0.0,0.0,5.25,0.3723,30.0,0.0
2739,37.31,1.62,0.0,0.0,5.69,0.3318,30.0,0.0
2740,37.31,1.29,0.0,0.0,6.02,0.2879,30.0,0.0
2741,37.31,1.19,0.0,0.0,6.12,0.2415,30.0,0.0
2742,37.31,0.85,0.0,0.0,6.46,0.1944,30.0,0.0
2743,39.26,0.98,12.35,4.06,0.0,0.1445,30.0,0.0
2744,41.14,0.0,26.51,15.37,0.0,0.1728,30.0,0.0
2745,42.87,0.31,37.19,24.63,0.0,0.2798,30.0,0.0
2746,44.38,0.51,47.09,0.0,21.66,0.4512,0.0,24.88
2747,45.63,0.0,51.75,0.0,23.88,0.2842,0.0,30.0
2748,46.55,0.51,54.11,38.08,0.0,0.1,30.0,0.0
2749,47.12,0.23,52.28,35.39,0.0,0.365,30.0,0.0
2750,47.31,1.28,46.13,30.1,0.0,0.6113,30.0,0.0
2751,47.12,1.27,16.1,0.25,0.0,0.8208,30.0,0.0
2752,46.55,0.33,27.34,11.12,0.0,0.8226,30.0,0.0
2753,45.63,0.62,14.35,0.0,0.66,0.9,30.0,0.0
2754,44.38,0.79,0.0,0.0,13.59,0.8949,30.0,0.0
2755,42.87,0.73,0.0,0.0,12.14,0.7901,30.0,0.0
2756,41.14,1.18,0.0,0.0,9.96,0.6965,30.0,0.0
2757,39.26,0.8,0.0,0.0,8.46,0.6197,30.0,0.0
2758,37.31,0.69,0.0,0.0,6.62,0.5544,30.0,0.0
2759,37.31,1.64,0.0,0.0,5.67,0.5034,30.0,0.0
2760,37.29,1.65,0.0,0.0,5.64,0.4596,30.0,0.0
2761,37.29,0.9,0.0,0.0,6.39,0.4161,30.0,0.0
2762,37.29,1.72,0.0,0.0,5.58,0.3668,30.0,0.0
2763,37.29,0.86,0.0,0.0,6.44,0.3238,30.0,0.0
2764,37.29,1.2,0.0,0.0,6.09,0.2741,30.0,0.0
2765,37.29,1.37,0.0,0.0,5.93,0.2272,30.0,0.0
2766,37.29,0.8,0.0,0.0,6.49,0.1815,30.0,0.0
2767,39.24,0.92,12.17,3.84,0.0,0.1314,30.0,0.0
2768,41.12,0.3,10.82,0.0,0.0,0.1581,30.0,0.0
2769,42.85,0.36,37.88,0.0,0.0,0.1581,4.61,0.0
2770,44.37,0.27,46.21,0.0,0.0,0.1581,0.0,2.12
2771,45.61,0.0,51.94,0.0,7.54,0.1581,0.0,13.87
2772,46.53,0.22,54.2,37.88,0.0,0.1,30.0,0.0
2773,47.1,0.0,52.24,35.14,0.0,0.3636,30.0,0.0
2774,47.29,0.13,47.51,30.34,0.0,0.6082,30.0,0.0
2775,47.1,0.31,16.79,0.0,0.0,0.8194,30.0,0.0
2776,46.53,0.43,27.69,11.59,0.0,0.8194,30.0,0.0
2777,45.61,0.56,13.52,0.0,1.52,0.9,30.0,0.0
2778,44.37,0.79,0.0,0.0,13.58,0.8882,30.0,0.0
2779,42.85,1.19,0.0,0.0,11.65,0.7835,30.0,0.0
2780,41.12,1.52,0.0,0.0,9.6,0.6936,30.0,0.0
2781,39.24,0.85,0.0,0.0,8.4,0.6196,30.0,0.0
2782,37.29,0.65,0.0,0.0,6.65,0.5548,30.0,0.0
2783,37.29,0.78,0.0,0.0,6.51,0.5036,30.0,0.0
2784,37.28,1.07,0.0,0.0,6.2,0.4533,30.0,0.0
2785,37.28,1.12,0.0,0.0,6.15,0.4055,30.0,0.0
2786,37.28,0.86,0.0,0.0,6.42,0.358,30.0,0.0
2787,37.28,0.51,0.0,0.0,6.77,0.3085,30.0,0.0
2788,37.28,0.83,0.0,0.0,6.44,0.2564,30.0,0.0
2789,37.28,1.03,0.0,0.0,6.24,0.2067,30.0,0.0
2790,37.28,1.11,0.0,0.0,6.16,0.1585,30.0,0.0
2791,39.23,0.39,14.53,5.7,0.0,0.111,30.0,0.0
2792,41.1,0.34,10.76,0.0,0.0,0.1506,30.0,0.0
2793,42.83,0.0,39.74,0.0,0.0,0.1506,3.09,0.0
2794,44.35,0.35,47.39,0.0,6.57,0.1506,0.0,9.96
2795,45.59,0.0,54.26,0.0,0.0,0.1,0.0,8.66
2796,46.52,0.59,54.91,38.98,0.0,0.1,30.0,0.0
2797,47.08,0.0,54.7,34.51,0.0,0.3713,26.89,0.0
2798,47.28,0.18,47.46,30.36,0.0,0.6115,30.0,0.0
2799,47.08,0.0,39.74,0.0,0.0,0.8228,7.35,0.0
2800,46.52,0.65,26.95,11.09,0.0,0.8228,30.0,0.0
2801,45.59,2.05,12.05,0.0,1.49,0.9,30.0,0.0
2802,44.35,0.99,0.0,0.0,13.36,0.8885,30.0,0.0
2803,42.83,0.43,0.0,0.0,12.4,0.7855,30.0,0.0
2804,41.1,1.02,0.0,0.0,10.09,0.6898,30.0,0.0
2805,39.23,0.26,0.0,0.0,8.96,0.612,30.0,0.0
2806,37.28,1.21,0.0,0.0,6.07,0.5429,30.0,0.0
2807,37.28,0.88,0.0,0.0,6.4,0.4961,30.0,0.0
2808,37.26,1.78,0.0,0.0,5.48,0.4468,30.0,0.0
2809,37.26,1.01,0.0,0.0,6.24,0.4045,30.0,0.0
2810,37.26,1.18,0.0,0.0,6.07,0.3564,30.0,0.0
2811,37.26,0.84,0.0,0.0,6.42,0.3095,30.0,0.0
2812,37.26,1.94,0.0,0.0,5.31,0.26,30.0,0.0
2813,37.26,0.77,0.0,0.0,6.49,0.2191,30.0,0.0
2814,37.26,1.74,0.0,0.0,5.52,0.169,30.0,0.0
2815,39.21,1.09,13.83,5.7,0.0,0.1264,30.0,0.0
2816,41.09,0.79,27.33,17.04,0.0,0.1661,30.0,0.0
2817,42.81,0.63,12.18,0.0,0.0,0.2847,30.0,0.0
2818,44.33,0.56,48.17,0.0,2.1,0.2847,0.0,6.51
2819,45.57,0.0,53.72,0.0,21.85,0.2685,0.0,30.0
2820,46.5,0.15,54.28,37.94,0.0,0.1,30.0,0.0
2821,47.07,0.74,53.92,8.16,0.0,0.364,0.56,0.0
2822,47.26,0.33,46.86,29.94,0.0,0.4208,30.0,0.0
2823,47.07,0.0,39.94,22.87,0.0,0.6292,30.0,0.0
2824,46.5,0.52,26.91,10.93,0.0,0.7884,30.0,0.0
2825,45.57,1.54,12.97,0.0,1.06,0.8645,30.0,0.0
2826,44.33,1.44,0.0,0.0,12.89,0.8563,30.0,0.0
2827,42.81,0.9,0.0,0.0,11.91,0.7569,30.0,0.0
2828,41.09,1.54,0.0,0.0,9.54,0.665,30.0,0.0
2829,39.21,0.98,0.0,0.0,8.23,0.5914,30.0,0.0
2830,37.26,0.37,0.0,0.0,6.88,0.5279,30.0,0.0
2831,37.26,0.82,0.0,0.0,6.44,0.4748,30.0,0.0
2832,37.24,2.1,0.0,0.0,5.14,0.4252,30.0,0.0
2833,37.24,1.15,0.0,0.0,6.09,0.3856,30.0,0.0
2834,37.24,1.11,0.0,0.0,6.13,0.3386,30.0,0.0
2835,37.24,1.0,0.0,0.0,6.24,0.2913,30.0,0.0
2836,37.24,2.02,0.0,0.0,5.22,0.2432,30.0,0.0
2837,37.24,1.76,0.0,0.0,5.48,0.203,30.0,0.0
2838,37.24,1.93,0.0,0.0,5.31,0.1607,30.0,0.0
2839,39.19,0.58,12.12,3.51,0.0,0.1197,30.0,0.0
2840,41.07,0.69,27.51,17.14,0.0,0.1442,30.0,0.0
2841,42.8,0.0,40.08,27.28,0.0,0.2634,30.0,0.0
2842,44.31,1.11,49.07,0.0,24.13,0.4533,0.0,30.0
2843,45.55,0.0,53.87,0.0,21.69,0.2672,0.0,30.0
2844,46.48,0.39,52.25,36.17,0.0,0.1,30.0,0.0
2845,47.05,0.0,53.66,36.61,0.0,0.3517,30.0,0.0
2846,47.24,0.05,49.37,32.18,0.0,0.6065,30.0,0.0
2847,47.05,0.01,38.31,0.0,0.0,0.8305,8.73,0.0
2848,46.48,0.23,26.24,9.99,0.0,0.8305,30.0,0.0
2849,45.55,0.39,14.76,0.0,0.41,0.9,30.0,0.0
2850,44.31,0.51,0.0,0.0,13.8,0.8969,30.0,0.0
2851,42.8,1.35,0.0,0.0,11.44,0.7905,30.0,0.0
2852,41.07,0.49,0.0,0.0,10.58,0.7022,30.0,0.0
2853,39.19,1.27,0.0,0.0,7.92,0.6206,30.0,0.0
2854,37.24,1.86,0.0,0.0,5.38,0.5595,30.0,0.0
2855,37.24,1.03,0.0,0.0,6.21,0.518,30.0,0.0
2856,37.22,0.93,0.0,0.0,6.29,0.4701,30.0,0.0
2857,37.22,1.16,0.0,0.0,6.06,0.4216,30.0,0.0
2858,37.22,1.83,0.0,0.0,5.39,0.3749,30.0,0.0
2859,37.22,1.25,0.0,0.0,5.97,0.3333,30.0,0.0
2860,37.22,0.77,0.0,0.0,6.45,0.2872,30.0,0.0
2861,37.22,1.17,0.0,0.0,6.05,0.2375,30.0,0.0
2862,37.22,0.22,0.0,0.0,7.0,0.1908,30.0,0.0
2863,39.17,1.0,14.33,6.16,0.0,0.1368,30.0,0.0
2864,41.05,0.74,27.31,17.01,0.0,0.1797,30.0,0.0
2865,42.78,0.27,39.73,0.0,0.0,0.2981,2.78,0.0
2866,44.29,0.0,46.77,0.0,25.69,0.2981,0.0,28.16
2867,45.53,0.0,55.54,0.0,0.0,0.1,0.0,10.01
2868,46.46,0.55,56.55,40.64,0.0,0.1,30.0,0.0
2869,47.03,0.0,53.74,36.71,0.0,0.3829,30.0,0.0
2870,47.22,0.02,48.78,31.58,0.0,0.6384,30.0,0.0
2871,47.03,0.66,16.37,0.0,0.0,0.8582,30.0,0.0
2872,46.46,0.0,22.47,6.01,0.0,0.8582,30.0,0.0
2873,45.53,0.36,14.63,0.0,0.55,0.9,30.0,0.0
2874,44.29,0.77,0.0,0.0,13.52,0.8957,30.0,0.0
2875,42.78,0.45,0.0,0.0,12.32,0.7915,30.0,0.0
2876,41.05,0.56,0.0,0.0,10.48,0.6965,30.0,0.0
2877,39.17,0.81,0.0,0.0,8.36,0.6156,30.0,0.0
2878,37.22,1.38,0.0,0.0,5.84,0.5511,30.0,0.0
2879,37.22,1.18,0.0,0.0,6.04,0.506,30.0,0.0
2880,37.2,0.15,0.0,0.0,7.05,0.4595,30.0,0.0
2881,37.2,0.19,0.0,0.0,7.01,0.4051,30.0,0.0
2882,37.2,0.91,0.0,0.0,6.29,0.351,30.0,0.0
2883,37.2,1.37,0.0,0.0,5.83,0.3025,30.0,0.0
2884,37.2,0.0,0.0,0.0,7.2,0.2576,30.0,0.0
2885,37.2,0.66,0.0,0.0,6.54,0.2021,30.0,0.0
2886,37.2,0.51,0.0,0.0,6.69,0.1516,30.0,0.0
2887,39.15,1.36,14.89,7.1,0.0,0.1,30.0,0.0
2888,41.03,0.33,26.55,15.85,0.0,0.1494,30.0,0.0
2889,42.76,0.61,12.14,0.0,0.0,0.2597,30.0,0.0
2890,44.27,0.41,47.64,0.0,20.7,0.2597,0.0,24.48
2891,45.51,0.0,53.92,0.0,0.0,0.1,0.0,8.4
2892,46.44,0.66,57.0,10.9,0.0,0.1,0.0,0.32
2893,47.01,0.4,53.3,36.69,0.0,0.1759,30.0,0.0
2894,47.2,0.6,49.89,33.29,0.0,0.4312,30.0,0.0
2895,47.01,2.42,38.3,23.72,0.0,0.6629,30.0,0.0
2896,46.44,0.0,26.79,10.35,0.0,0.828,30.0,0.0
2897,45.51,1.53,12.84,0.0,1.14,0.9,30.0,0.0
2898,44.27,0.63,0.0,0.0,13.64,0.8912,30.0,0.0
2899,42.76,1.06,0.0,0.0,11.7,0.786,30.0,0.0
2900,41.03,1.01,0.0,0.0,10.02,0.6958,30.0,0.0
2901,39.15,0.92,0.0,0.0,8.23,0.6185,30.0,0.0
2902,37.2,0.93,0.0,0.0,6.27,0.5551,30.0,0.0
2903,37.2,1.44,0.0,0.0,5.76,0.5067,30.0,0.0
2904,37.18,0.51,0.0,0.0,6.67,0.4623,30.0,0.0
2905,37.18,1.65,0.0,0.0,5.53,0.4108,30.0,0.0
2906,37.18,1.0,0.0,0.0,6.18,0.3682,30.0,0.0
2907,37.18,0.55,0.0,0.0,6.62,0.3205,30.0,0.0
2908,37.18,0.8,0.0,0.0,6.38,0.2694,30.0,0.0
2909,37.18,1.54,0.0,0.0,5.63,0.2202,30.0,0.0
2910,37.18,0.5,0.0,0.0,6.68,0.1768,30.0,0.0
2911,39.13,0.82,12.79,4.48,0.0,0.1252,30.0,0.0
2912,41.01,0.14,27.75,16.88,0.0,0.1564,30.0,0.0
2913,42.73,0.0,12.73,0.0,0.0,0.2739,30.0,0.0
2914,44.25,0.68,49.27,0.0,22.56,0.2739,0.0,28.26
2915,45.49,1.22,53.05,0.0,0.0,0.1,0.0,8.78
2916,46.42,0.17,55.88,39.63,0.0,0.1,30.0,0.0
2917,46.99,0.62,53.57,37.2,0.0,0.3758,30.0,0.0
2918,47.18,0.38,48.36,31.56,0.0,0.6347,30.0,0.0
2919,46.99,1.07,15.92,0.0,0.0,0.8544,30.0,0.0
2920,46.42,0.15,22.82,6.55,0.0,0.8544,30.0,0.0
2921,45.49,1.02,12.2,0.0,2.27,0.9,30.0,0.0
2922,44.25,0.67,0.0,0.0,13.58,0.8825,30.0,0.0
2923,42.73,0.87,0.0,0.0,11.86,0.7778,30.0,0.0
2924,41.01,1.07,0.0,0.0,9.93,0.6863,30.0,0.0
2925,39.13,1.26,0.0,0.0,7.87,0.6097,30.0,0.0
2926,37.18,1.15,0.0,0.0,6.03,0.549,30.0,0.0
2927,37.18,1.37,0.0,0.0,5.81,0.5025,30.0,0.0
2928,37.16,2.08,0.0,0.0,5.08,0.4577,30.0,0.0
2929,37.16,1.76,0.0,0.0,5.4,0.4186,30.0,0.0
2930,37.16,1.65,0.0,0.0,5.51,0.3769,30.0,0.0
2931,37.16,0.89,0.0,0.0,6.27,0.3344,30.0,0.0
2932,37.16,0.56,0.0,0.0,6.59,0.2861,30.0,0.0
2933,37.16,1.38,0.0,0.0,5.77,0.2353,30.0,0.0
2934,37.16,1.21,0.0,0.0,5.95,0.1907,30.0,0.0
2935,39.11,1.38,14.57,6.85,0.0,0.1449,30.0,0.0
2936,40.98,0.2,10.79,0.0,0.0,0.1925,30.0,0.0
2937,42.71,0.0,40.32,0.0,0.0,0.1925,2.4,0.0
2938,44.23,0.0,48.65,0.0,11.85,0.1925,0.0,16.27
2939,45.47,0.07,54.06,0.0,0.0,0.1011,0.0,8.65
2940,46.4,0.76,55.64,10.01,0.0,0.1011,0.0,0.0
2941,46.97,0.03,53.68,36.75,0.0,0.1708,30.0,0.0
2942,47.16,0.65,49.92,33.41,0.0,0.4266,30.0,0.0
2943,46.97,0.3,38.32,21.66,0.0,0.6591,30.0,0.0
2944,46.4,0.67,28.67,12.95,0.0,0.8099,30.0,0.0
2945,45.47,0.05,12.23,0.0,3.2,0.9,30.0,0.0
2946,44.23,0.81,0.0,0.0,13.42,0.8753,30.0,0.0
2947,42.71,0.0,0.0,0.0,12.71,0.7718,30.0,0.0
2948,40.98,0.92,0.0,0.0,10.06,0.6738,30.0,0.0
2949,39.11,0.29,0.0,0.0,8.82,0.5962,30.0,0.0
2950,37.16,1.82,0.0,0.0,5.34,0.5282,30.0,0.0
2951,37.16,1.65,0.0,0.0,5.5,0.487,30.0,0.0
2952,37.14,1.5,0.0,0.0,5.63,0.4446,30.0,0.0
2953,37.14,2.03,0.0,0.0,5.11,0.4012,30.0,0.0
2954,37.14,0.71,0.0,0.0,6.42,0.3617,30.0,0.0
2955,37.14,2.01,0.0,0.0,5.13,0.3122,30.0,0.0
2956,37.14,1.49,0.0,0.0,5.65,0.2727,30.0,0.0
2957,37.14,0.77,0.0,0.0,6.37,0.2291,30.0,0.0
2958,37.14,1.34,0.0,0.0,5.8,0.18,30.0,0.0
2959,39.09,0.06,13.18,4.15,0.0,0.1353,30.0,0.0
2960,40.96,0.08,27.92,17.04,0.0,0.1641,30.0,0.0
2961,42.69,0.08,38.25,0.0,0.0,0.2827,4.35,0.0
2962,44.21,0.04,49.79,0.0,23.69,0.2827,0.0,29.32
2963,45.45,0.0,54.66,0.0,0.0,0.1,0.0,9.21
2964,46.37,0.87,57.49,41.99,0.0,0.1,30.0,0.0
2965,46.94,0.13,53.73,36.91,0.0,0.3922,30.0,0.0
2966,47.14,0.49,31.33,14.69,0.0,0.6492,30.0,0.0
2967,46.94,0.1,38.19,21.35,0.0,0.7514,30.0,0.0
2968,46.37,0.0,16.37,0.0,0.0,0.9,30.0,0.0
2969,45.45,0.76,13.59,0.0,1.1,0.9,30.0,0.0
2970,44.21,0.0,0.0,0.0,14.21,0.8915,30.0,0.0
2971,42.69,0.85,0.0,0.0,11.84,0.7819,30.0,0.0
2972,40.96,0.31,0.0,0.0,10.65,0.6906,30.0,0.0
2973,39.09,2.13,0.0,0.0,6.96,0.6085,30.0,0.0
2974,37.14,1.66,0.0,0.0,5.47,0.5549,30.0,0.0
2975,37.14,1.3,0.0,0.0,5.83,0.5127,30.0,0.0
2976,37.11,1.9,0.0,0.0,5.21,0.4677,30.0,0.0
2977,37.11,0.81,0.0,0.0,6.3,0.4275,30.0,0.0
2978,37.11,1.47,0.0,0.0,5.65,0.3789,30.0,0.0
2979,37.11,1.21,0.0,0.0,5.9,0.3353,30.0,0.0
2980,37.11,1.14,0.0,0.0,5.97,0.2898,30.0,0.0
2981,37.11,1.53,0.0,0.0,5.58,0.2437,30.0,0.0
2982,37.11,1.12,0.0,0.0,5.99,0.2007,30.0,0.0
2983,39.06,0.76,12.63,4.33,0.0,0.1545,30.0,0.0
2984,40.94,0.0,26.85,15.91,0.0,0.1846,30.0,0.0
2985,42.67,0.0,39.43,26.76,0.0,0.2954,30.0,0.0
2986,44.18,0.24,49.93,0.0,24.01,0.4816,0.0,30.0
2987,45.43,0.3,56.35,0.0,18.78,0.2965,0.0,30.0
2988,46.35,0.0,56.94,0.0,1.92,0.1517,0.0,12.51
2989,46.92,1.49,55.62,40.19,0.0,0.1369,30.0,0.0
2990,47.11,1.08,49.84,33.8,0.0,0.4166,30.0,0.0
2991,46.92,0.69,39.69,23.46,0.0,0.6518,30.0,0.0
2992,46.35,0.53,28.01,12.19,0.0,0.8152,30.0,0.0
2993,45.43,0.51,13.54,0.0,1.38,0.9,30.0,0.0
2994,44.18,0.26,0.0,0.0,13.92,0.8893,30.0,0.0
2995,42.67,0.92,0.0,0.0,11.75,0.782,30.0,0.0
2996,40.94,1.13,0.0,0.0,9.81,0.6914,30.0,0.0
2997,39.06,0.48,0.0,0.0,8.59,0.6157,30.0,0.0
2998,37.11,1.36,0.0,0.0,5.75,0.5495,30.0,0.0
2999,37.11,1.16,0.0,0.0,5.95,0.5051,30.0,0.0
3000,37.09,0.28,0.0,0.0,6.81,0.4593,30.0,0.0
3001,37.09,0.79,0.0,0.0,6.3,0.4067,30.0,0.0
3002,37.09,0.97,0.0,0.0,6.12,0.3582,30.0,0.0
3003,37.09,2.07,0.0,0.0,5.02,0.311,30.0,0.0
3004,37.09,1.28,0.0,0.0,5.81,0.2722,30.0,0.0
3005,37.09,0.19,0.0,0.0,6.9,0.2274,30.0,0.0
3006,37.09,0.99,0.0,0.0,6.1,0.1742,30.0,0.0
3007,39.04,0.0,15.09,6.05,0.0,0.1272,30.0,0.0
3008,40.92,1.04,9.88,0.0,0.0,0.1693,30.0,0.0
3009,42.65,0.14,38.54,0.0,0.0,0.1693,3.96,0.0
3010,44.16,0.25,48.28,0.0,0.0,0.1693,0.0,4.37
3011,45.4,0.92,56.1,0.0,8.99,0.1693,0.0,20.61
3012,46.33,0.0,57.86,9.9,0.0,0.1,0.0,1.62
3013,46.9,0.0,54.6,37.7,0.0,0.1689,30.0,0.0
3014,47.09,0.0,49.81,32.72,0.0,0.4313,30.0,0.0
3015,46.9,0.91,40.74,24.75,0.0,0.659,30.0,0.0
3016,46.33,0.0,26.2,9.87,0.0,0.8313,30.0,0.0
3017,45.4,0.0,13.72,0.0,1.69,0.9,30.0,0.0
3018,44.16,0.51,0.0,0.0,13.65,0.887,30.0,0.0
3019,42.65,1.15,0.0,0.0,11.49,0.7817,30.0,0.0
3020,40.92,1.61,0.0,0.0,9.31,0.6931,30.0,0.0
3021,39.04,0.87,0.0,0.0,8.18,0.6213,30.0,0.0
3022,37.09,0.97,0.0,0.0,6.12,0.5583,30.0,0.0
3023,37.09,1.82,0.0,0.0,5.27,0.5111,30.0,0.0
3024,37.07,0.29,0.0,0.0,6.78,0.4705,30.0,0.0
3025,37.07,1.03,0.0,0.0,6.04,0.4182,30.0,0.0
3026,37.07,1.27,0.0,0.0,5.79,0.3717,30.0,0.0
3027,37.07,1.32,0.0,0.0,5.74,0.327,30.0,0.0
3028,37.07,0.73,0.0,0.0,6.34,0.2827,30.0,0.0
3029,37.07,0.88,0.0,0.0,6.18,0.2338,30.0,0.0
3030,37.07,0.0,0.0,0.0,7.07,0.1862,30.0,0.0
3031,39.02,0.27,15.17,6.42,0.0,0.1317,30.0,0.0
3032,40.89,0.71,27.76,17.58,0.0,0.1763,30.0,0.0
3033,42.62,0.0,12.62,0.0,0.0,0.2987,30.0,0.0
3034,44.14,0.32,47.8,0.0,5.61,0.2987,0.0,9.59
3035,45.38,0.47,54.76,0.0,20.15,0.2554,0.0,30.0
3036,46.3,0.05,58.09,5.94,0.0,0.1,0.0,5.89
3037,46.87,0.33,56.64,40.1,0.0,0.1414,30.0,0.0
3038,47.07,0.0,49.26,32.2,0.0,0.4204,30.0,0.0
3039,46.87,0.27,40.55,23.94,0.0,0.6445,30.0,0.0
3040,46.3,0.79,28.29,12.77,0.0,0.8111,30.0,0.0
3041,45.38,0.68,12.59,0.0,2.11,0.9,30.0,0.0
3042,44.14,0.43,0.0,0.0,13.7,0.8837,30.0,0.0
3043,42.62,0.98,0.0,0.0,11.64,0.7781,30.0,0.0
3044,40.89,1.35,0.0,0.0,9.54,0.6883,30.0,0.0
3045,39.02,0.05,0.0,0.0,8.97,0.6147,30.0,0.0
3046,37.07,1.77,0.0,0.0,5.3,0.5456,30.0,0.0
3047,37.07,1.05,0.0,0.0,6.01,0.5047,30.0,0.0
3048,37.04,1.45,0.0,0.0,5.59,0.4583,30.0,0.0
3049,37.04,1.83,0.0,0.0,5.21,0.4153,30.0,0.0
3050,37.04,0.47,0.0,0.0,6.57,0.3751,30.0,0.0
3051,37.04,0.73,0.0,0.0,6.32,0.3244,30.0,0.0
3052,37.04,0.83,0.0,0.0,6.21,0.2757,30.0,0.0
3053,37.04,0.46,0.0,0.0,6.58,0.2278,30.0,0.0
3054,37.04,1.61,0.0,0.0,5.43,0.177,30.0,0.0
3055,38.99,0.16,12.21,3.38,0.0,0.1352,30.0,0.0
3056,40.87,0.19,26.58,15.9,0.0,0.1587,30.0,0.0
3057,42.6,0.47,40.21,0.0,0.0,0.2694,1.91,0.0
3058,44.11,0.0,50.72,0.0,21.96,0.2694,0.0,28.57
3059,45.36,0.03,54.81,0.0,0.0,0.1,0.0,9.48
3060,46.28,0.38,57.52,0.0,0.0,0.1,0.0,11.62
3061,46.85,0.06,56.74,39.96,0.0,0.1,30.0,0.0
3062,47.04,0.24,48.39,31.59,0.0,0.3781,30.0,0.0
3063,46.85,0.1,39.94,23.19,0.0,0.5979,30.0,0.0
3064,46.28,0.0,28.05,11.77,0.0,0.7593,30.0,0.0
3065,45.36,0.76,12.97,0.0,1.63,0.8412,30.0,0.0
3066,44.11,1.62,0.0,0.0,12.49,0.8287,30.0,0.0
3067,42.6,0.87,0.0,0.0,11.73,0.7323,30.0,0.0
3068,40.87,1.1,0.0,0.0,9.77,0.6419,30.0,0.0
3069,38.99,1.44,0.0,0.0,7.55,0.5665,30.0,0.0
3070,37.04,0.52,0.0,0.0,6.52,0.5083,30.0,0.0
3071,37.04,2.09,0.0,0.0,4.95,0.458,30.0,0.0
3072,37.02,1.33,0.0,0.0,5.68,0.4198,30.0,0.0
3073,37.02,2.05,0.0,0.0,4.97,0.376,30.0,0.0
3074,37.02,0.79,0.0,0.0,6.23,0.3376,30.0,0.0
3075,37.02,2.01,0.0,0.0,5.01,0.2896,30.0,0.0
3076,37.02,1.37,0.0,0.0,5.65,0.251,30.0,0.0
3077,37.02,1.13,0.0,0.0,5.88,0.2074,30.0,0.0
3078,37.02,0.84,0.0,0.0,6.18,0.1621,30.0,0.0
3079,38.97,0.46,14.2,5.69,0.0,0.1144,30.0,0.0
3080,40.84,1.08,26.77,17.0,0.0,0.1541,30.0,0.0
3081,42.57,0.43,39.43,27.28,0.0,0.2724,30.0,0.0
3082,44.09,0.0,50.07,0.0,24.01,0.4623,0.0,30.0
3083,45.33,0.0,54.48,0.0,20.85,0.2771,0.0,30.0
3084,46.25,0.11,58.17,0.0,0.0,0.1163,0.0,12.03
3085,46.82,0.38,55.25,38.81,0.0,0.1163,30.0,0.0
3086,47.02,0.25,48.16,31.39,0.0,0.3864,30.0,0.0
3087,46.82,0.98,40.34,24.49,0.0,0.6048,30.0,0.0
3088,46.25,0.0,27.75,11.5,0.0,0.7753,30.0,0.0
3089,45.33,0.66,12.84,0.0,1.83,0.8553,30.0,0.0
3090,44.09,0.0,0.0,0.0,14.09,0.8412,30.0,0.0
3091,42.57,1.24,0.0,0.0,11.33,0.7326,30.0,0.0
3092,40.84,0.93,0.0,0.0,9.92,0.6452,30.0,0.0
3093,38.97,1.29,0.0,0.0,7.67,0.5687,30.0,0.0
3094,37.02,0.72,0.0,0.0,6.3,0.5095,30.0,0.0
3095,37.02,1.87,0.0,0.0,5.15,0.461,30.0,0.0
3096,36.99,1.75,0.0,0.0,5.24,0.4213,30.0,0.0
3097,36.99,1.5,0.0,0.0,5.49,0.3809,30.0,0.0
3098,36.99,1.09,0.0,0.0,5.9,0.3386,30.0,0.0
3099,36.99,1.37,0.0,0.0,5.62,0.2931,30.0,0.0
3100,36.99,0.61,0.0,0.0,6.38,0.2497,30.0,0.0
3101,36.99,1.28,0.0,0.0,5.71,0.2005,30.0,0.0
3102,36.99,1.55,0.0,0.0,5.44,0.1564,30.0,0.0
3103,38.94,1.13,13.0,5.19,0.0,0.1145,30.0,0.0
3104,40.82,0.08,28.49,17.75,0.0,0.1506,30.0,0.0
3105,42.55,0.54,41.43,29.42,0.0,0.2742,30.0,0.0
3106,44.06,0.0,51.12,0.0,22.94,0.479,0.0,30.0
3107,45.31,0.51,55.01,0.0,19.78,0.3021,0.0,30.0
3108,46.23,0.43,59.0,3.57,0.0,0.1495,0.0,9.63
3109,46.8,0.0,55.57,38.78,0.0,0.1744,30.0,0.0
3110,46.99,0.0,48.44,31.45,0.0,0.4443,30.0,0.0
3111,46.8,0.21,39.23,22.64,0.0,0.6632,30.0,0.0
3112,46.23,0.3,27.31,11.39,0.0,0.8207,30.0,0.0
3113,45.31,0.0,12.62,0.0,2.68,0.9,30.0,0.0
3114,44.06,0.91,0.0,0.0,13.15,0.8793,30.0,0.0
3115,42.55,0.97,0.0,0.0,11.57,0.7779,30.0,0.0
3116,40.82,0.87,0.0,0.0,9.95,0.6886,30.0,0.0
3117,38.94,0.69,0.0,0.0,8.25,0.6119,30.0,0.0
3118,36.99,1.69,0.0,0.0,5.3,0.5483,30.0,0.0
3119,36.99,2.05,0.0,0.0,4.94,0.5074,30.0,0.0
3120,36.96,0.97,0.0,0.0,6.0,0.4693,30.0,0.0
3121,36.96,0.89,0.0,0.0,6.08,0.423,30.0,0.0
3122,36.96,1.4,0.0,0.0,5.57,0.3762,30.0,0.0
3123,36.96,0.88,0.0,0.0,6.08,0.3332,30.0,0.0
3124,36.96,0.89,0.0,0.0,6.07,0.2863,30.0,0.0
3125,36.96,1.21,0.0,0.0,5.75,0.2395,30.0,0.0
3126,36.96,0.0,0.0,0.0,6.96,0.1952,30.0,0.0
3127,38.92,1.25,15.25,7.58,0.0,0.1415,30.0,0.0
3128,40.79,0.49,28.22,17.92,0.0,0.1942,30.0,0.0
3129,42.52,0.13,41.81,0.0,28.39,0.319,0.0,27.82
3130,44.04,0.22,50.1,0.0,0.0,0.1,0.0,6.29
3131,45.28,0.19,55.34,0.0,0.0,0.1,0.0,10.26
3132,46.2,0.0,56.42,2.18,0.0,0.1,0.0,8.04
3133,46.77,0.98,55.51,39.71,0.0,0.1152,30.0,0.0
3134,46.96,0.28,49.71,33.03,0.0,0.3915,30.0,0.0
3135,46.77,0.57,41.75,25.55,0.0,0.6214,30.0,0.0
3136,46.2,0.94,28.46,13.19,0.0,0.7992,30.0,0.0
3137,45.28,0.05,14.11,0.0,1.12,0.891,30.0,0.0
3138,44.04,0.95,0.0,0.0,13.09,0.8824,30.0,0.0
3139,42.52,0.7,0.0,0.0,11.82,0.7815,30.0,0.0
3140,40.79,1.39,0.0,0.0,9.4,0.6903,30.0,0.0
3141,38.92,0.0,0.0,0.0,8.92,0.6178,30.0,0.0
3142,36.96,1.1,0.0,0.0,5.87,0.5491,30.0,0.0
3143,36.96,0.89,0.0,0.0,6.07,0.5038,30.0,0.0
3144,36.94,1.43,0.0,0.0,5.51,0.457,30.0,0.0
3145,36.94,1.43,0.0,0.0,5.51,0.4145,30.0,0.0
3146,36.94,0.78,0.0,0.0,6.16,0.3721,30.0,0.0
3147,36.94,0.7,0.0,0.0,6.24,0.3246,30.0,0.0
3148,36.94,0.9,0.0,0.0,6.04,0.2764,30.0,0.0
3149,36.94,0.37,0.0,0.0,6.56,0.2299,30.0,0.0
3150,36.94,1.13,0.0,0.0,5.81,0.1792,30.0,0.0
3151,38.89,0.38,12.68,4.17,0.0,0.1344,30.0,0.0
3152,40.76,0.0,28.31,17.54,0.0,0.1634,30.0,0.0
3153,42.49,0.15,40.24,27.89,0.0,0.2855,30.0,0.0
3154,44.01,0.0,50.22,0.0,23.79,0.4796,0.0,30.0
3155,45.25,0.0,55.45,0.0,19.8,0.2962,0.0,30.0
3156,46.18,0.0,57.76,0.0,0.0,0.1435,0.0,11.58
3157,46.75,0.26,54.74,38.26,0.0,0.1435,30.0,0.0
3158,46.94,0.93,48.42,32.42,0.0,0.4098,30.0,0.0
3159,46.75,0.5,41.09,24.85,0.0,0.6354,30.0,0.0
3160,46.18,0.13,29.21,13.17,0.0,0.8083,30.0,0.0
3161,45.25,0.8,14.35,0.0,0.1,0.9,30.0,0.0
3162,44.01,0.46,0.0,0.0,13.54,0.8992,30.0,0.0
3163,42.49,0.48,0.0,0.0,12.02,0.7948,30.0,0.0
3164,40.76,0.36,0.0,0.0,10.4,0.7021,30.0,0.0
3165,38.89,0.16,0.0,0.0,8.72,0.6219,30.0,0.0
3166,36.94,0.94,0.0,0.0,6.0,0.5546,30.0,0.0
3167,36.94,1.27,0.0,0.0,5.67,0.5084,30.0,0.0
3168,36.91,1.15,0.0,0.0,5.76,0.4647,30.0,0.0
3169,36.91,0.97,0.0,0.0,5.94,0.4203,30.0,0.0
3170,36.91,0.65,0.0,0.0,6.26,0.3745,30.0,0.0
3171,36.91,1.36,0.0,0.0,5.55,0.3262,30.0,0.0
3172,36.91,0.27,0.0,0.0,6.64,0.2835,30.0,0.0
3173,36.91,1.22,0.0,0.0,5.69,0.2323,30.0,0.0
3174,36.91,0.18,0.0,0.0,6.73,0.1884,30.0,0.0
3175,38.86,0.18,14.09,5.4,0.0,0.1365,30.0,0.0
3176,40.74,0.0,28.78,18.05,0.0,0.1741,30.0,0.0
3177,42.47,0.07,12.39,0.0,0.0,0.2997,30.0,0.0
3178,43.98,0.75,48.98,0.0,7.52,0.2997,0.0,13.26
3179,45.22,0.46,56.38,0.0,18.38,0.2418,0.0,30.0
3180,46.15,0.68,57.15,0.0,0.0,0.1,0.0,11.68
3181,46.72,0.46,56.62,40.37,0.0,0.1,30.0,0.0
3182,46.91,0.0,50.29,33.38,0.0,0.381,30.0,0.0
3183,46.72,0.16,41.98,25.42,0.0,0.6133,30.0,0.0
3184,46.15,0.04,29.31,13.2,0.0,0.7903,30.0,0.0
3185,45.22,1.24,15.06,0.0,0.0,0.8821,28.93,0.0
3186,43.98,0.08,0.0,0.0,13.9,0.8821,30.0,0.0
3187,42.47,1.28,0.0,0.0,11.19,0.7749,30.0,0.0
3188,40.74,1.4,0.0,0.0,9.33,0.6887,30.0,0.0
3189,38.86,1.99,0.0,0.0,6.87,0.6167,30.0,0.0
3190,36.91,0.92,0.0,0.0,5.99,0.5637,30.0,0.0
3191,36.91,1.55,0.0,0.0,5.36,0.5175,30.0,0.0
3192,36.88,2.36,0.0,0.0,4.52,0.4762,30.0,0.0
3193,36.88,0.86,0.0,0.0,6.02,0.4413,30.0,0.0
3194,36.88,0.34,0.0,0.0,6.54,0.3949,30.0,0.0
3195,36.88,0.09,0.0,0.0,6.8,0.3445,30.0,0.0
3196,36.88,1.3,0.0,0.0,5.58,0.2921,30.0,0.0
3197,36.88,0.0,0.0,0.0,6.88,0.2491,30.0,0.0
3198,36.88,0.49,0.0,0.0,6.39,0.196,30.0,0.0
3199,38.83,0.78,12.72,4.66,0.0,0.1467,30.0,0.0
3200,40.71,0.52,28.89,18.71,0.0,0.1792,30.0,0.0
3201,42.44,0.54,39.85,27.95,0.0,0.3094,30.0,0.0
3202,43.95,0.36,50.76,0.0,22.84,0.5039,0.0,30.0
3203,45.2,0.84,56.02,0.0,18.34,0.3278,0.0,30.0
3204,46.12,0.0,58.14,0.0,8.04,0.1864,0.0,20.06
3205,46.69,0.0,57.48,40.79,0.0,0.1244,30.0,0.0
3206,46.88,0.0,49.89,33.01,0.0,0.4082,30.0,0.0
3207,46.69,0.75,40.61,24.67,0.0,0.638,30.0,0.0
3208,46.12,0.89,28.21,12.98,0.0,0.8097,30.0,0.0
3209,45.2,0.78,15.34,0.0,0.0,0.9,29.07,0.0
3210,43.95,1.29,0.0,0.0,12.66,0.9,30.0,0.0
3211,42.44,0.22,0.0,0.0,12.22,0.8023,30.0,0.0
3212,40.71,1.79,0.0,0.0,8.92,0.7081,30.0,0.0
3213,38.83,1.82,0.0,0.0,7.01,0.6393,30.0,0.0
3214,36.88,1.5,0.0,0.0,5.38,0.5853,30.0,0.0
3215,36.88,2.09,0.0,0.0,4.79,0.5438,30.0,0.0
3216,36.85,0.34,0.0,0.0,6.51,0.5068,30.0,0.0
3217,36.85,0.9,0.0,0.0,5.95,0.4566,30.0,0.0
3218,36.85,0.74,0.0,0.0,6.11,0.4107,30.0,0.0
3219,36.85,1.41,0.0,0.0,5.45,0.3636,30.0,0.0
3220,36.85,0.4,0.0,0.0,6.46,0.3216,30.0,0.0
3221,36.85,1.2,0.0,0.0,5.66,0.2718,30.0,0.0
3222,36.85,1.38,0.0,0.0,5.48,0.2282,30.0,0.0
3223,38.8,0.9,15.21,7.31,0.0,0.186,30.0,0.0
3224,40.68,0.57,29.82,19.7,0.0,0.2369,30.0,0.0
3225,42.41,0.0,42.27,0.0,0.0,0.374,0.14,0.0
3226,43.92,0.0,51.37,0.0,22.55,0.374,0.0,30.0
3227,45.17,0.82,57.09,0.0,12.98,0.2001,0.0,25.73
3228,46.09,0.57,57.12,7.11,0.0,0.1,0.0,4.49
3229,46.66,0.17,56.4,39.9,0.0,0.1495,30.0,0.0
3230,46.85,0.02,49.75,32.92,0.0,0.4272,30.0,0.0
3231,46.66,0.0,39.26,22.6,0.0,0.6563,30.0,0.0
3232,46.09,0.0,28.52,12.42,0.0,0.8135,30.0,0.0
3233,45.17,1.52,12.99,0.0,0.66,0.9,30.0,0.0
3234,43.92,0.02,0.0,0.0,13.9,0.8949,30.0,0.0
3235,42.41,0.91,0.0,0.0,11.5,0.7877,30.0,0.0
3236,40.68,1.45,0.0,0.0,9.23,0.699,30.0,0.0
3237,38.8,0.4,0.0,0.0,8.41,0.6278,30.0,0.0
3238,36.85,1.21,0.0,0.0,5.64,0.563,30.0,0.0
3239,36.85,1.65,0.0,0.0,5.2,0.5195,30.0,0.0
3240,36.82,1.19,0.0,0.0,5.64,0.4794,30.0,0.0
3241,36.82,2.63,0.0,0.0,4.19,0.4359,30.0,0.0
3242,36.82,0.26,0.0,0.0,6.56,0.4036,30.0,0.0
3243,36.82,1.57,0.0,0.0,5.25,0.353,30.0,0.0
3244,36.82,0.84,0.0,0.0,5.99,0.3125,30.0,0.0
3245,36.82,1.2,0.0,0.0,5.63,0.2663,30.0,0.0
3246,36.82,0.9,0.0,0.0,5.93,0.223,30.0,0.0
3247,38.77,0.17,13.87,5.26,0.0,0.1773,30.0,0.0
3248,40.65,0.53,26.94,16.82,0.0,0.2139,30.0,0.0
3249,42.38,0.0,12.38,0.0,0.0,0.3309,30.0,0.0
3250,43.89,0.54,50.5,0.0,22.85,0.3309,0.0,30.0
3251,45.14,0.33,56.43,0.0,7.09,0.1547,0.0,18.71
3252,46.06,0.49,57.72,4.17,0.0,0.1,0.0,7.97
3253,46.63,0.72,57.16,41.25,0.0,0.129,30.0,0.0
3254,46.82,0.42,49.53,33.13,0.0,0.4161,30.0,0.0
3255,46.63,0.39,41.79,25.54,0.0,0.6467,30.0,0.0
3256,46.06,0.0,26.91,10.85,0.0,0.8245,30.0,0.0
3257,45.14,0.18,12.54,0.0,2.42,0.9,30.0,0.0
3258,43.89,1.28,0.0,0.0,12.62,0.8813,30.0,0.0
3259,42.38,1.54,0.0,0.0,10.84,0.784,30.0,0.0
3260,40.65,0.81,0.0,0.0,9.85,0.7004,30.0,0.0
3261,38.77,1.06,0.0,0.0,7.72,0.6245,30.0,0.0
3262,36.82,0.65,0.0,0.0,6.17,0.565,30.0,0.0
3263,36.82,1.76,0.0,0.0,5.06,0.5174,30.0,0.0
3264,36.79,1.52,0.0,0.0,5.28,0.4783,30.0,0.0
3265,36.79,2.15,0.0,0.0,4.64,0.4376,30.0,0.0
3266,36.79,0.66,0.0,0.0,6.14,0.4018,30.0,0.0
3267,36.79,0.83,0.0,0.0,5.96,0.3545,30.0,0.0
3268,36.79,1.04,0.0,0.0,5.76,0.3085,30.0,0.0
3269,36.79,1.13,0.0,0.0,5.67,0.2642,30.0,0.0
3270,36.79,0.56,0.0,0.0,6.24,0.2205,30.0,0.0
3271,38.75,0.09,15.34,6.68,0.0,0.1723,30.0,0.0
3272,40.62,0.86,28.4,0.0,0.0,0.2188,11.36,0.0
3273,42.35,0.0,41.12,0.0,0.0,0.2188,1.23,0.0
3274,43.87,0.0,50.35,0.0,15.41,0.2188,0.0,21.89
3275,45.11,0.86,56.08,0.0,0.0,0.1,0.0,11.84
3276,46.03,0.75,58.9,0.0,0.0,0.1,0.0,13.62
3277,46.6,0.24,57.03,40.67,0.0,0.1,30.0,0.0
3278,46.79,0.26,49.89,33.36,0.0,0.3831,30.0,0.0
3279,46.6,0.59,41.21,25.19,0.0,0.6153,30.0,0.0
3280,46.03,0.0,27.42,11.39,0.0,0.7906,30.0,0.0
3281,45.11,0.55,13.17,0.0,1.39,0.8699,30.0,0.0
3282,43.87,0.0,0.0,0.0,13.87,0.8591,30.0,0.0
3283,42.35,1.24,0.0,0.0,11.1,0.7522,30.0,0.0
3284,40.62,0.12,0.0,0.0,10.5,0.6665,30.0,0.0
3285,38.75,1.79,0.0,0.0,6.95,0.5856,30.0,0.0
3286,36.79,0.94,0.0,0.0,5.86,0.532,30.0,0.0
3287,36.79,1.05,0.0,0.0,5.74,0.4868,30.0,0.0
3288,36.76,0.85,0.0,0.0,5.91,0.4425,30.0,0.0
3289,36.76,1.01,0.0,0.0,5.76,0.3969,30.0,0.0
3290,36.76,1.83,0.0,0.0,4.94,0.3525,30.0,0.0
3291,36.76,0.0,0.0,0.0,6.76,0.3144,30.0,0.0
3292,36.76,1.57,0.0,0.0,5.2,0.2623,30.0,0.0
3293,36.76,0.96,0.0,0.0,5.8,0.2222,30.0,0.0
3294,36.76,0.04,0.0,0.0,6.72,0.1775,30.0,0.0
3295,38.71,0.0,13.62,4.91,0.0,0.1256,30.0,0.0
3296,40.59,1.26,30.04,20.71,0.0,0.1598,30.0,0.0
3297,42.32,0.0,40.95,28.63,0.0,0.3039,30.0,0.0
3298,43.84,0.0,49.04,0.0,24.79,0.5032,0.0,30.0
3299,45.08,0.75,57.38,0.0,16.95,0.312,0.0,30.0
3300,46.0,0.32,58.74,0.0,7.38,0.1813,0.0,20.44
3301,46.57,0.0,55.59,39.02,0.0,0.1244,30.0,0.0
3302,46.76,0.33,51.27,34.83,0.0,0.3959,30.0,0.0
3303,46.57,0.0,41.27,24.7,0.0,0.6384,30.0,0.0
3304,46.0,0.97,27.93,12.89,0.0,0.8103,30.0,0.0
3305,45.08,0.91,14.17,0.0,0.0,0.9,30.0,0.0
3306,43.84,0.93,0.0,0.0,12.9,0.9,30.0,0.0
3307,42.32,0.98,0.0,0.0,11.34,0.8005,30.0,0.0
3308,40.59,1.81,0.0,0.0,8.78,0.713,30.0,0.0
3309,38.71,1.02,0.0,0.0,7.69,0.6453,30.0,0.0
3310,36.76,0.5,0.0,0.0,6.27,0.586,30.0,0.0
3311,36.76,1.38,0.0,0.0,5.38,0.5377,30.0,0.0
3312,36.73,2.23,0.0,0.0,4.5,0.4961,30.0,0.0
3313,36.73,0.63,0.0,0.0,6.11,0.4614,30.0,0.0
3314,36.73,0.91,0.0,0.0,5.82,0.4143,30.0,0.0
3315,36.73,1.23,0.0,0.0,5.51,0.3694,30.0,0.0
3316,36.73,0.88,0.0,0.0,5.85,0.327,30.0,0.0
3317,36.73,0.28,0.0,0.0,6.45,0.2818,30.0,0.0
3318,36.73,1.23,0.0,0.0,5.51,0.2321,30.0,0.0
3319,38.68,1.71,13.96,6.98,0.0,0.1896,30.0,0.0
3320,40.56,0.5,27.39,17.33,0.0,0.2382,30.0,0.0
3321,42.29,0.0,40.09,0.0,0.0,0.3588,2.2,0.0
3322,43.8,0.0,49.19,0.0,14.43,0.3588,0.0,19.81
3323,45.05,0.29,55.62,0.0,19.13,0.2475,0.0,30.0
3324,45.97,0.71,57.19,1.36,0.0,0.1,0.0,10.56
3325,46.54,0.4,56.59,40.45,0.0,0.1095,30.0,0.0
3326,46.73,0.21,50.34,33.82,0.0,0.391,30.0,0.0
3327,46.54,0.0,42.4,25.86,0.0,0.6264,30.0,0.0
3328,45.97,0.0,28.91,12.94,0.0,0.8064,30.0,0.0
3329,45.05,0.95,14.62,0.52,0.0,0.8964,30.0,0.0
3330,43.8,1.12,0.0,0.0,12.68,0.9,30.0,0.0
3331,42.29,0.0,0.0,0.0,12.29,0.8022,30.0,0.0
3332,40.56,1.72,0.0,0.0,8.84,0.7074,30.0,0.0
3333,38.68,1.31,0.0,0.0,7.38,0.6392,30.0,0.0
3334,36.73,1.81,0.0,0.0,4.92,0.5823,30.0,0.0
3335,36.73,0.46,0.0,0.0,6.27,0.5444,30.0,0.0
3336,36.7,0.46,0.0,0.0,6.24,0.496,30.0,0.0
3337,36.7,1.06,0.0,0.0,5.64,0.4479,30.0,0.0
3338,36.7,1.35,0.0,0.0,5.36,0.4044,30.0,0.0
3339,36.7,1.92,0.0,0.0,4.78,0.3631,30.0,0.0
3340,36.7,1.26,0.0,0.0,5.44,0.3262,30.0,0.0
3341,36.7,0.66,0.0,0.0,6.05,0.2843,30.0,0.0
3342,36.7,0.12,0.0,0.0,6.58,0.2377,30.0,0.0
3343,38.65,1.14,14.56,7.05,0.0,0.1869,30.0,0.0
3344,40.53,0.0,29.51,18.98,0.0,0.236,30.0,0.0
3345,42.26,1.12,42.48,0.0,28.66,0.3681,0.0,30.0
3346,43.77,0.06,49.68,0.0,0.0,0.147,0.0,5.96
3347,45.02,0.97,56.7,0.0,6.1,0.147,0.0,18.75
3348,45.94,0.48,58.15,1.29,0.0,0.1,0.0,11.4
3349,46.51,0.08,58.13,41.71,0.0,0.109,30.0,0.0
3350,46.7,0.0,49.66,32.96,0.0,0.3992,30.0,0.0
3351,46.51,0.11,40.89,24.49,0.0,0.6287,30.0,0.0
3352,45.94,0.61,29.83,14.5,0.0,0.7991,30.0,0.0
3353,45.02,0.55,14.08,0.0,0.38,0.9,30.0,0.0
3354,43.77,0.34,0.0,0.0,13.43,0.897,30.0,0.0
3355,42.26,0.69,0.0,0.0,11.56,0.7935,30.0,0.0
3356,40.53,0.94,0.0,0.0,9.59,0.7043,30.0,0.0
3357,38.65,0.0,0.0,0.0,8.65,0.6304,30.0,0.0
3358,36.7,1.32,0.0,0.0,5.38,0.5636,30.0,0.0
3359,36.7,0.64,0.0,0.0,6.06,0.5222,30.0,0.0
3360,36.67,0.56,0.0,0.0,6.11,0.4754,30.0,0.0
3361,36.67,0.27,0.0,0.0,6.4,0.4283,30.0,0.0
3362,36.67,0.17,0.0,0.0,6.5,0.379,30.0,0.0
3363,36.67,0.31,0.0,0.0,6.36,0.3288,30.0,0.0
3364,36.67,0.53,0.0,0.0,6.14,0.2798,30.0,0.0
3365,36.67,1.77,0.0,0.0,4.9,0.2325,30.0,0.0
3366,36.67,0.37,0.0,0.0,6.3,0.1947,30.0,0.0
3367,38.62,0.6,12.91,4.89,0.0,0.1461,30.0,0.0
3368,40.5,0.59,9.91,0.0,0.0,0.1801,30.0,0.0
3369,42.23,0.35,40.33,0.0,0.0,0.1801,1.55,0.0
3370,43.74,0.16,49.91,0.0,0.0,0.1801,0.0,6.33
3371,44.98,0.0,57.94,0.0,10.39,0.1801,0.0,23.34
3372,45.91,0.87,60.31,0.0,0.0,0.1,0.0,15.27
3373,46.48,1.07,56.46,41.05,0.0,0.1,30.0,0.0
3374,46.67,0.0,51.35,34.67,0.0,0.3857,30.0,0.0
3375,46.48,0.0,41.97,25.04,0.0,0.627,29.55,0.0
3376,45.91,0.24,29.85,14.18,0.0,0.8013,30.0,0.0
3377,44.98,0.02,12.98,0.0,1.98,0.9,30.0,0.0
3378,43.74,0.9,0.0,0.0,12.84,0.8847,30.0,0.0
3379,42.23,0.4,0.0,0.0,11.82,0.7857,30.0,0.0
3380,40.5,2.0,0.0,0.0,8.5,0.6945,30.0,0.0
3381,38.62,1.61,0.0,0.0,7.01,0.629,30.0,0.0
3382,36.67,1.19,0.0,0.0,5.48,0.5749,30.0,0.0
3383,36.67,1.66,0.0,0.0,5.01,0.5326,30.0,0.0
3384,36.64,1.71,0.0,0.0,4.93,0.494,30.0,0.0
3385,36.64,0.84,0.0,0.0,5.8,0.456,30.0,0.0
3386,36.64,0.66,0.0,0.0,5.98,0.4113,30.0,0.0
3387,36.64,1.04,0.0,0.0,5.6,0.3652,30.0,0.0
3388,36.64,1.33,0.0,0.0,5.31,0.322,30.0,0.0
3389,36.64,0.84,0.0,0.0,5.8,0.2811,30.0,0.0
3390,36.64,0.0,0.0,0.0,6.64,0.2363,30.0,0.0
3391,38.59,0.09,13.15,4.65,0.0,0.1851,30.0,0.0
3392,40.46,0.34,28.72,18.6,0.0,0.2175,30.0,0.0
3393,42.19,0.24,41.85,0.0,30.1,0.3469,0.0,30.0
3394,43.71,1.2,51.82,0.0,0.0,0.1148,0.0,9.31
3395,44.95,0.0,55.56,0.0,1.92,0.1148,0.0,12.52
3396,45.88,0.38,58.82,0.83,0.0,0.1,0.0,12.5
3397,46.45,0.9,55.53,39.98,0.0,0.1058,30.0,0.0
3398,46.64,1.35,50.95,35.67,0.0,0.384,30.0,0.0
3399,46.45,0.07,41.69,25.31,0.0,0.6323,30.0,0.0
3400,45.88,0.63,28.4,13.16,0.0,0.8084,30.0,0.0
3401,44.95,0.79,12.6,0.0,1.56,0.9,30.0,0.0
3402,43.71,0.74,0.0,0.0,12.97,0.8879,30.0,0.0
3403,42.19,0.72,0.0,0.0,11.48,0.7879,30.0,0.0
3404,40.46,1.11,0.0,0.0,9.35,0.6994,30.0,0.0
3405,38.59,0.0,0.0,0.0,8.59,0.6273,30.0,0.0
3406,36.64,1.43,0.0,0.0,5.21,0.561,30.0,0.0
3407,36.64,1.19,0.0,0.0,5.45,0.5208,30.0,0.0
3408,36.61,1.03,0.0,0.0,5.58,0.4788,30.0,0.0
3409,36.61,2.17,0.0,0.0,4.44,0.4358,30.0,0.0
3410,36.61,0.73,0.0,0.0,5.88,0.4016,30.0,0.0
3411,36.61,0.78,0.0,0.0,5.82,0.3563,30.0,0.0
3412,36.61,1.9,0.0,0.0,4.7,0.3114,30.0,0.0
3413,36.61,0.34,0.0,0.0,6.27,0.2751,30.0,0.0
3414,36.61,0.35,0.0,0.0,6.26,0.2268,30.0,0.0
3415,38.56,0.42,14.58,6.45,0.0,0.1785,30.0,0.0
3416,40.43,0.8,30.1,20.47,0.0,0.2234,30.0,0.0
3417,42.16,0.37,41.61,0.0,0.0,0.3659,0.17,0.0
3418,43.68,0.0,51.04,0.0,22.63,0.3659,0.0,30.0
3419,44.92,0.0,57.97,0.0,11.85,0.1914,0.0,24.9
3420,45.84,0.0,58.14,0.0,0.0,0.1,0.0,12.3
3421,46.41,0.1,57.11,40.79,0.0,0.1,30.0,0.0
3422,46.61,0.4,51.84,35.64,0.0,0.3839,30.0,0.0
3423,46.41,0.48,42.62,26.69,0.0,0.6319,30.0,0.0
3424,45.84,0.0,28.56,11.83,0.0,0.8177,29.12,0.0
3425,44.92,0.7,14.22,0.0,0.0,0.9,30.0,0.0
3426,43.68,0.76,0.0,0.0,12.92,0.9,30.0,0.0
3427,42.16,1.47,0.0,0.0,10.69,0.8004,30.0,0.0
3428,40.43,1.11,0.0,0.0,9.32,0.7179,30.0,0.0
3429,38.56,1.55,0.0,0.0,7.0,0.646,30.0,0.0
3430,36.61,1.31,0.0,0.0,5.3,0.592,30.0,0.0
3431,36.61,1.81,0.0,0.0,4.8,0.5512,30.0,0.0
3432,36.57,1.4,0.0,0.0,5.17,0.5142,30.0,0.0
3433,36.57,1.07,0.0,0.0,5.5,0.4743,30.0,0.0
3434,36.57,2.23,0.0,0.0,4.35,0.4319,30.0,0.0
3435,36.57,1.44,0.0,0.0,5.13,0.3984,30.0,0.0
3436,36.57,1.17,0.0,0.0,5.4,0.3588,30.0,0.0
3437,36.57,0.1,0.0,0.0,6.47,0.3172,30.0,0.0
3438,36.57,0.0,0.0,0.0,6.57,0.2673,30.0,0.0
3439,38.52,0.64,14.27,6.39,0.0,0.2166,30.0,0.0
3440,40.4,0.44,28.35,18.4,0.0,0.2611,30.0,0.0
3441,42.13,0.0,12.13,0.0,0.0,0.3891,30.0,0.0
3442,43.64,0.25,49.73,0.0,23.66,0.3891,0.0,30.0
3443,44.89,0.94,57.11,0.0,13.83,0.2067,0.0,26.99
3444,45.81,0.47,58.92,0.0,0.0,0.1,0.0,13.58
3445,46.38,0.0,57.09,40.71,0.0,0.1,30.0,0.0
3446,46.57,0.12,51.59,35.15,0.0,0.3833,30.0,0.0
3447,46.38,0.0,40.75,24.37,0.0,0.628,30.0,0.0
3448,45.81,0.17,30.36,14.72,0.0,0.7976,30.0,0.0
3449,44.89,0.28,14.61,0.0,0.0,0.9,30.0,0.0
3450,43.64,0.38,0.0,0.0,13.26,0.9,30.0,0.0
3451,42.13,0.12,0.0,0.0,12.01,0.7977,30.0,0.0
3452,40.4,0.81,0.0,0.0,9.58,0.7051,30.0,0.0
3453,38.52,0.7,0.0,0.0,7.82,0.6312,30.0,0.0
3454,36.57,0.0,0.0,0.0,6.57,0.5708,30.0,0.0
3455,36.57,2.16,0.0,0.0,4.41,0.5202,30.0,0.0
3456,36.54,1.68,0.0,0.0,4.85,0.4862,30.0,0.0
3457,36.54,0.92,0.0,0.0,5.62,0.4487,30.0,0.0
3458,36.54,1.07,0.0,0.0,5.47,0.4054,30.0,0.0
3459,36.54,0.38,0.0,0.0,6.16,0.3632,30.0,0.0
3460,36.54,1.74,0.0,0.0,4.8,0.3158,30.0,0.0
3461,36.54,1.72,0.0,0.0,4.82,0.2788,30.0,0.0
3462,36.54,0.7,0.0,0.0,5.84,0.2416,30.0,0.0
3463,38.49,1.01,14.51,7.03,0.0,0.1966,30.0,0.0
3464,40.37,0.45,28.69,18.78,0.0,0.2455,30.0,0.0
3465,42.09,0.0,12.09,0.0,0.0,0.3762,30.0,0.0
3466,43.61,0.0,49.66,0.0,18.52,0.3762,0.0,24.58
3467,44.85,0.19,57.37,0.0,17.29,0.2333,0.0,30.0
3468,45.78,0.0,60.71,0.0,0.0,0.1,0.0,14.94
3469,46.35,0.01,55.85,39.52,0.0,0.1,30.0,0.0
3470,46.54,0.13,52.38,35.98,0.0,0.375,30.0,0.0
3471,46.35,0.22,43.0,26.56,0.0,0.6254,29.69,0.0
3472,45.78,0.39,28.28,12.9,0.0,0.8103,30.0,0.0
3473,44.85,0.0,13.12,0.0,1.73,0.9,30.0,0.0
3474,43.61,0.25,0.0,0.0,13.36,0.8867,30.0,0.0
3475,42.09,0.09,0.0,0.0,12.0,0.7837,30.0,0.0
3476,40.37,1.37,0.0,0.0,8.99,0.6911,30.0,0.0
3477,38.49,0.0,0.0,0.0,8.49,0.6218,30.0,0.0
3478,36.54,1.65,0.0,0.0,4.89,0.5563,30.0,0.0
3479,36.54,1.82,0.0,0.0,4.72,0.5186,30.0,0.0
3480,36.5,0.97,0.0,0.0,5.53,0.4822,30.0,0.0
3481,36.5,0.0,0.0,0.0,6.5,0.4395,30.0,0.0
3482,36.5,0.87,0.0,0.0,5.63,0.3894,30.0,0.0
3483,36.5,0.94,0.0,0.0,5.56,0.3459,30.0,0.0
3484,36.5,0.35,0.0,0.0,6.15,0.303,30.0,0.0
3485,36.5,0.48,0.0,0.0,6.02,0.2556,30.0,0.0
3486,36.5,1.39,0.0,0.0,5.11,0.2092,30.0,0.0
3487,38.45,0.82,13.78,6.15,0.0,0.1698,30.0,0.0
3488,40.33,0.0,28.49,18.16,0.0,0.2125,30.0,0.0
3489,42.06,0.0,42.84,0.0,29.22,0.3389,0.0,30.0
3490,43.58,0.0,52.4,0.0,0.0,0.1136,0.0,8.83
3491,44.82,0.01,58.66,0.0,1.76,0.1136,0.0,15.61
3492,45.74,0.36,60.71,0.0,0.0,0.1,0.0,15.32
3493,46.31,0.0,57.3,40.99,0.0,0.1,30.0,0.0
3494,46.5,0.43,52.83,36.76,0.0,0.3853,30.0,0.0
3495,46.31,1.24,40.7,25.63,0.0,0.6411,30.0,0.0
3496,45.74,0.77,26.54,11.57,0.0,0.8195,30.0,0.0
3497,44.82,0.46,13.55,0.0,0.82,0.9,30.0,0.0
3498,43.58,0.52,0.0,0.0,13.06,0.8937,30.0,0.0
3499,42.06,0.56,0.0,0.0,11.5,0.793,30.0,0.0
3500,40.33,1.47,0.0,0.0,8.86,0.7044,30.0,0.0
3501,38.45,0.65,0.0,0.0,7.8,0.636,30.0,0.0
3502,36.5,1.08,0.0,0.0,5.43,0.5759,30.0,0.0
3503,36.5,1.13,0.0,0.0,5.37,0.534,30.0,0.0
3504,36.47,0.86,0.0,0.0,5.61,0.4926,30.0,0.0
3505,36.47,0.4,0.0,0.0,6.07,0.4494,30.0,0.0
3506,36.47,1.21,0.0,0.0,5.25,0.4026,30.0,0.0
3507,36.47,0.94,0.0,0.0,5.53,0.362,30.0,0.0
3508,36.47,1.12,0.0,0.0,5.35,0.3194,30.0,0.0
3509,36.47,0.47,0.0,0.0,6.0,0.2781,30.0,0.0
3510,36.47,1.23,0.0,0.0,5.24,0.2318,30.0,0.0
3511,38.42,0.03,13.51,5.12,0.0,0.1914,30.0,0.0
3512,40.3,0.0,10.3,0.0,0.0,0.2271,30.0,0.0
3513,42.03,0.0,40.56,28.53,0.0,0.2271,30.0,0.0
3514,43.54,0.39,51.21,0.0,21.94,0.4257,0.0,30.0
3515,44.78,0.36,58.22,0.0,16.21,0.2565,0.0,30.0
3516,45.71,0.0,59.22,0.0,4.08,0.1315,0.0,17.59
3517,46.28,0.33,58.09,42.14,0.0,0.1,30.0,0.0
3518,46.47,0.82,47.46,31.81,0.0,0.3933,30.0,0.0
3519,46.28,0.0,42.83,26.56,0.0,0.6147,30.0,0.0
3520,45.71,0.61,29.53,14.44,0.0,0.7995,30.0,0.0
3521,44.78,0.0,15.7,0.0,0.0,0.9,29.09,0.0
3522,43.54,0.12,0.0,0.0,13.43,0.9,30.0,0.0
3523,42.03,1.57,0.0,0.0,10.45,0.7965,30.0,0.0
3524,40.3,0.57,0.0,0.0,9.73,0.7159,30.0,0.0
3525,38.42,0.37,0.0,0.0,8.05,0.6408,30.0,0.0
3526,36.47,0.95,0.0,0.0,5.52,0.5787,30.0,0.0
3527,36.47,2.16,0.0,0.0,4.31,0.5362,30.0,0.0
3528,36.43,0.18,0.0,0.0,6.26,0.5029,30.0,0.0
3529,36.43,0.56,0.0,0.0,5.88,0.4547,30.0,0.0
3530,36.43,1.81,0.0,0.0,4.63,0.4093,30.0,0.0
3531,36.43,1.91,0.0,0.0,4.52,0.3737,30.0,0.0
3532,36.43,0.81,0.0,0.0,5.63,0.3388,30.0,0.0
3533,36.43,0.1,0.0,0.0,6.33,0.2954,30.0,0.0
3534,36.43,1.67,0.0,0.0,4.76,0.2466,30.0,0.0
3535,38.39,1.28,13.48,6.38,0.0,0.2098,30.0,0.0
3536,40.26,0.69,29.51,0.0,0.0,0.2542,10.06,0.0
3537,41.99,0.0,42.05,0.0,20.0,0.2542,0.0,20.06
3538,43.51,0.14,50.69,0.0,0.0,0.1,0.0,7.32
3539,44.75,0.03,58.67,0.0,0.0,0.1,0.0,13.95
3540,45.67,0.26,59.03,0.0,0.0,0.1,0.0,13.62
3541,46.24,0.85,58.1,38.66,0.0,0.1,25.95,0.0
3542,46.43,0.0,50.36,33.93,0.0,0.3691,30.0,0.0
3543,46.24,0.0,41.34,25.1,0.0,0.6052,30.0,0.0
3544,45.67,1.05,30.57,15.95,0.0,0.7799,30.0,0.0
3545,44.75,0.63,15.43,1.31,0.0,0.8909,30.0,0.0
3546,43.51,0.95,0.0,0.0,12.55,0.9,30.0,0.0
3547,41.99,1.48,0.0,0.0,10.51,0.8032,30.0,0.0
3548,40.26,0.29,0.0,0.0,9.97,0.7222,30.0,0.0
3549,38.39,0.95,0.0,0.0,7.44,0.6453,30.0,0.0
3550,36.43,0.77,0.0,0.0,5.66,0.5879,30.0,0.0
3551,36.43,0.3,0.0,0.0,6.14,0.5443,30.0,0.0
3552,36.4,1.29,0.0,0.0,5.11,0.4969,30.0,0.0
3553,36.4,2.37,0.0,0.0,4.03,0.4575,30.0,0.0
3554,36.4,0.1,0.0,0.0,6.3,0.4264,30.0,0.0
3555,36.4,0.94,0.0,0.0,5.46,0.3779,30.0,0.0
3556,36.4,1.18,0.0,0.0,5.22,0.3358,30.0,0.0
3557,36.4,0.79,0.0,0.0,5.61,0.2955,30.0,0.0
3558,36.4,0.54,0.0,0.0,5.86,0.2523,30.0,0.0
3559,38.35,0.0,14.39,6.04,0.0,0.2071,30.0,0.0
3560,40.23,0.46,29.49,19.73,0.0,0.2492,30.0,0.0
3561,41.95,0.0,42.14,0.0,15.16,0.3865,0.0,15.35
3562,43.47,0.0,51.48,0.0,21.99,0.2696,0.0,30.0
3563,44.71,0.71,58.18,0.0,0.0,0.1,0.0,14.18
3564,45.64,0.58,59.15,0.0,0.0,0.1,0.0,14.09
3565,46.21,0.13,59.11,43.03,0.0,0.1,30.0,0.0
3566,46.4,0.27,51.2,35.08,0.0,0.3995,30.0,0.0
3567,46.21,0.79,42.21,22.87,0.0,0.6436,26.08,0.0
3568,45.64,0.46,29.15,13.97,0.0,0.8028,30.0,0.0
3569,44.71,0.93,13.52,0.0,0.27,0.9,30.0,0.0
3570,43.47,0.45,0.0,0.0,13.02,0.8979,30.0,0.0
3571,41.95,1.4,0.0,0.0,10.55,0.7975,30.0,0.0
3572,40.23,1.02,0.0,0.0,9.21,0.7161,30.0,0.0
3573,38.35,1.06,0.0,0.0,7.29,0.6451,30.0,0.0
3574,36.4,0.39,0.0,0.0,6.01,0.5888,30.0,0.0
3575,36.4,1.24,0.0,0.0,5.16,0.5425,30.0,0.0
3576,36.36,0.68,0.0,0.0,5.68,0.5027,30.0,0.0
3577,36.36,0.76,0.0,0.0,5.6,0.4589,30.0,0.0
3578,36.36,0.62,0.0,0.0,5.74,0.4156,30.0,0.0
3579,36.36,0.41,0.0,0.0,5.95,0.3713,30.0,0.0
3580,36.36,1.93,0.0,0.0,4.43,0.3254,30.0,0.0
3581,36.36,1.4,0.0,0.0,4.96,0.2913,30.0,0.0
3582,36.36,1.57,0.0,0.0,4.79,0.253,30.0,0.0
3583,38.31,0.0,13.93,5.62,0.0,0.2161,30.0,0.0
3584,40.19,0.37,29.57,19.75,0.0,0.2552,30.0,0.0
3585,41.92,0.0,42.59,0.0,29.33,0.3927,0.0,30.0
3586,43.43,0.0,52.35,0.0,8.62,0.1665,0.0,17.54
3587,44.68,0.0,58.28,0.0,0.0,0.1,0.0,13.6
3588,45.6,0.72,59.63,0.0,0.0,0.1,0.0,14.74
3589,46.17,0.0,57.46,41.28,0.0,0.1,30.0,0.0
3590,46.36,0.0,51.08,34.71,0.0,0.3873,30.0,0.0
3591,46.17,0.54,39.78,24.15,0.0,0.6289,30.0,0.0
3592,45.6,1.51,28.88,14.79,0.0,0.797,30.0,0.0
3593,44.68,0.0,14.07,0.0,0.61,0.9,30.0,0.0
3594,43.43,1.24,0.0,0.0,12.2,0.8953,30.0,0.0
3595,41.92,1.31,0.0,0.0,10.61,0.8012,30.0,0.0
3596,40.19,0.35,0.0,0.0,9.84,0.7194,30.0,0.0
3597,38.31,1.47,0.0,0.0,6.85,0.6436,30.0,0.0
3598,36.36,1.21,0.0,0.0,5.16,0.5908,30.0,0.0
3599,36.36,0.97,0.0,0.0,5.39,0.551,30.0,0.0
3600,36.33,0.68,0.0,0.0,5.65,0.5094,30.0,0.0
3601,36.33,0.71,0.0,0.0,5.61,0.4658,30.0,0.0
3602,36.33,2.08,0.0,0.0,4.25,0.4226,30.0,0.0
3603,36.33,0.95,0.0,0.0,5.38,0.3898,30.0,0.0
3604,36.33,0.0,0.0,0.0,12.05,0.3483,24.28,0.0
3605,36.33,0.32,0.0,0.0,6.01,0.2554,30.0,0.0
3606,36.33,0.19,0.0,0.0,6.14,0.2091,30.0,0.0
3607,38.28,1.01,14.32,7.05,0.0,0.1617,30.0,0.0
3608,40.15,0.0,28.9,18.75,0.0,0.2108,30.0,0.0
3609,41.88,0.02,40.46,28.59,0.0,0.3413,30.0,0.0
3610,43.4,0.16,50.37,0.0,22.87,0.5403,0.0,30.0
3611,44.64,0.15,56.41,0.0,18.08,0.3639,0.0,30.0
3612,45.57,0.0,59.42,0.0,16.14,0.2245,0.0,30.0
3613,46.13,0.3,57.34,36.84,0.0,0.1,25.33,0.0
3614,46.33,0.5,51.07,35.25,0.0,0.3564,30.0,0.0
3615,46.13,0.6,43.29,27.76,0.0,0.6017,30.0,0.0
3616,45.57,0.0,29.89,14.33,0.0,0.7949,30.0,0.0
3617,44.64,0.31,15.11,0.78,0.0,0.8946,30.0,0.0
3618,43.4,1.2,0.0,0.0,12.2,0.9,30.0,0.0
3619,41.88,1.18,0.0,0.0,10.71,0.8059,30.0,0.0
3620,40.15,0.14,0.0,0.0,10.01,0.7234,30.0,0.0
3621,38.28,1.13,0.0,0.0,7.15,0.6462,30.0,0.0
3622,36.33,0.02,0.0,0.0,6.31,0.591,30.0,0.0
3623,36.33,1.11,0.0,0.0,5.22,0.5424,30.0,0.0
3624,36.29,2.06,0.0,0.0,4.23,0.5021,30.0,0.0
3625,36.29,0.59,0.0,0.0,5.7,0.4695,30.0,0.0
3626,36.29,0.6,0.0,0.0,5.69,0.4256,30.0,0.0
3627,36.29,1.33,0.0,0.0,4.96,0.3817,30.0,0.0
3628,36.29,0.05,0.0,0.0,6.24,0.3435,30.0,0.0
3629,36.29,0.39,0.0,0.0,5.9,0.2954,30.0,0.0
3630,36.29,0.89,0.0,0.0,5.4,0.2499,30.0,0.0
3631,38.24,0.13,15.37,7.25,0.0,0.2082,30.0,0.0
3632,40.12,0.21,30.72,20.81,0.0,0.2587,30.0,0.0
3633,41.85,0.6,41.58,0.0,29.67,0.4036,0.0,30.0
3634,43.36,0.36,52.88,0.0,0.0,0.1748,0.0,9.87
3635,44.6,0.23,58.46,0.0,9.7,0.1748,0.0,23.78
3636,45.53,0.0,59.29,0.0,0.0,0.1,0.0,13.76
3637,46.1,0.28,57.09,41.28,0.0,0.1,30.0,0.0
3638,46.29,0.08,50.31,34.09,0.0,0.3873,30.0,0.0
3639,46.1,0.46,40.67,25.03,0.0,0.6246,30.0,0.0
3640,45.53,0.07,29.15,13.7,0.0,0.7987,30.0,0.0
3641,44.6,0.36,12.98,0.0,1.27,0.8941,30.0,0.0
3642,43.36,0.08,0.0,0.0,13.28,0.8843,30.0,0.0
3643,41.85,0.7,0.0,0.0,11.15,0.7818,30.0,0.0
3644,40.12,0.42,0.0,0.0,9.69,0.6959,30.0,0.0
3645,38.24,0.38,0.0,0.0,7.87,0.6211,30.0,0.0
3646,36.29,1.16,0.0,0.0,5.13,0.5605,30.0,0.0
3647,36.29,1.19,0.0,0.0,5.1,0.5209,30.0,0.0
3648,36.25,1.49,0.0,0.0,4.76,0.4815,30.0,0.0
3649,36.25,0.85,0.0,0.0,5.4,0.4448,30.0,0.0
3650,36.25,1.23,0.0,0.0,14.89,0.4031,20.13,0.0
3651,36.25,1.22,0.0,0.0,5.03,0.2883,30.0,0.0
3652,36.25,1.06,0.0,0.0,5.19,0.2495,30.0,0.0
3653,36.25,0.29,0.0,0.0,5.96,0.2095,30.0,0.0
3654,36.25,0.66,0.0,0.0,5.6,0.1635,30.0,0.0
3655,38.2,0.63,14.01,6.44,0.0,0.1203,30.0,0.0
3656,40.08,0.33,28.58,18.83,0.0,0.1651,30.0,0.0
3657,41.81,0.0,40.66,28.85,0.0,0.2962,30.0,0.0
3658,43.32,0.22,52.26,0.0,20.84,0.497,0.0,30.0
3659,44.57,1.22,58.32,0.0,15.03,0.3363,0.0,30.0
3660,45.49,0.0,59.89,0.0,15.6,0.2203,0.0,30.0
3661,46.06,0.0,58.71,42.65,0.0,0.1,30.0,0.0
3662,46.25,0.33,51.63,35.7,0.0,0.3968,30.0,0.0
3663,46.06,0.38,39.88,24.19,0.0,0.6453,30.0,0.0
3664,45.49,0.0,27.9,12.41,0.0,0.8137,30.0,0.0
3665,44.57,0.0,14.98,0.0,0.0,0.9,29.59,0.0
3666,43.32,0.95,0.0,0.0,12.37,0.9,30.0,0.0
3667,41.81,1.01,0.0,0.0,10.8,0.8046,30.0,0.0
3668,40.08,0.76,0.0,0.0,9.32,0.7213,30.0,0.0
3669,38.2,1.11,0.0,0.0,7.09,0.6495,30.0,0.0
3670,36.25,1.55,0.0,0.0,4.71,0.5948,30.0,0.0
3671,36.25,1.52,0.0,0.0,4.74,0.5585,30.0,0.0
3672,36.22,0.5,0.0,0.0,5.71,0.522,30.0,0.0
3673,36.22,1.49,0.0,0.0,4.73,0.4779,30.0,0.0
3674,36.22,0.98,0.0,0.0,5.23,0.4414,30.0,0.0
3675,36.22,0.97,0.0,0.0,5.24,0.4011,30.0,0.0
3676,36.22,0.87,0.0,0.0,5.35,0.3607,30.0,0.0
3677,36.22,0.63,0.0,0.0,5.59,0.3194,30.0,0.0
3678,36.22,1.18,0.0,0.0,5.03,0.2764,30.0,0.0
3679,38.17,0.4,15.05,7.28,0.0,0.2375,30.0,0.0
3680,40.04,0.0,10.04,0.0,0.0,0.2882,30.0,0.0
3681,41.77,0.01,41.97,0.0,24.41,0.2882,0.0,24.62
3682,43.29,0.22,52.58,0.0,0.0,0.1,0.0,9.52
3683,44.53,0.71,59.08,0.0,0.0,0.1,0.0,15.26
3684,45.45,0.37,60.55,0.0,0.0,0.1,0.0,15.46
3685,46.02,0.0,58.56,42.53,0.0,0.1,30.0,0.0
3686,46.22,0.0,52.27,36.06,0.0,0.396,30.0,0.0
3687,46.02,0.35,41.06,25.39,0.0,0.647,30.0,0.0
3688,45.45,0.97,25.45,10.97,0.0,0.8237,30.0,0.0
3689,44.53,0.37,12.92,0.0,1.24,0.9,30.0,0.0
3690,43.29,0.85,0.0,0.0,12.44,0.8904,30.0,0.0
3691,41.77,1.14,0.0,0.0,10.64,0.7945,30.0,0.0
3692,40.04,1.45,0.0,0.0,8.59,0.7125,30.0,0.0
3693,38.17,1.48,0.0,0.0,6.69,0.6462,30.0,0.0
3694,36.22,1.46,0.0,0.0,4.75,0.5946,30.0,0.0
3695,36.22,0.91,0.0,0.0,5.31,0.558,30.0,0.0
3696,36.18,0.79,0.0,0.0,5.39,0.517,30.0,0.0
3697,36.18,1.23,0.0,0.0,4.94,0.4755,30.0,0.0
3698,36.18,1.49,0.0,0.0,4.69,0.4374,30.0,0.0
3699,36.18,0.82,0.0,0.0,5.36,0.4012,30.0,0.0
3700,36.18,1.37,0.0,0.0,4.81,0.3599,30.0,0.0
3701,36.18,1.44,0.0,0.0,4.73,0.3228,30.0,0.0
3702,36.18,0.1,0.0,0.0,6.07,0.2863,30.0,0.0
3703,38.13,0.01,13.94,5.82,0.0,0.2394,30.0,0.0
3704,40.0,0.24,28.56,18.8,0.0,0.2799,30.0,0.0
3705,41.73,0.37,41.14,0.0,23.46,0.4108,0.0,23.23
3706,43.25,0.0,50.98,0.0,0.0,0.2299,0.0,7.73
3707,44.49,0.77,56.88,0.0,16.85,0.2299,0.0,30.0
3708,45.42,0.28,59.03,0.0,0.0,0.1,0.0,13.89
3709,45.99,0.1,57.09,41.2,0.0,0.1,30.0,0.0
3710,46.18,0.0,52.67,36.49,0.0,0.3868,30.0,0.0
3711,45.99,0.0,40.91,24.93,0.0,0.6407,30.0,0.0
3712,45.42,0.0,29.34,11.27,0.0,0.8142,27.34,0.0
3713,44.49,0.0,15.55,1.06,0.0,0.8926,30.0,0.0
3714,43.25,1.09,0.0,0.0,12.16,0.9,30.0,0.0
3715,41.73,0.62,0.0,0.0,11.11,0.8062,30.0,0.0
3716,40.0,2.48,0.0,0.0,7.52,0.7205,30.0,0.0
3717,38.13,2.11,0.0,0.0,6.02,0.6625,30.0,0.0
3718,36.18,0.92,0.0,0.0,5.26,0.6161,30.0,0.0
3719,36.18,1.01,0.0,0.0,5.17,0.5755,30.0,0.0
3720,36.14,1.59,0.0,0.0,4.55,0.5357,30.0,0.0
3721,36.14,1.93,0.0,0.0,4.21,0.5006,30.0,0.0
3722,36.14,0.17,0.0,0.0,5.97,0.4681,30.0,0.0
3723,36.14,0.02,0.0,0.0,6.12,0.4221,30.0,0.0
3724,36.14,0.5,0.0,0.0,5.64,0.3748,30.0,0.0
3725,36.14,1.0,0.0,0.0,5.14,0.3314,30.0,0.0
3726,36.14,0.82,0.0,0.0,5.32,0.2917,30.0,0.0
3727,38.09,0.98,15.6,8.49,0.0,0.2507,30.0,0.0
3728,39.97,0.0,9.97,0.0,0.0,0.3098,30.0,0.0
3729,41.7,0.0,42.2,0.0,27.21,0.3098,0.0,27.72
3730,43.21,0.56,51.61,0.0,0.0,0.1,0.0,8.96
3731,44.45,0.0,59.15,0.0,0.0,0.1,0.0,14.69
3732,45.38,0.0,61.3,0.0,0.0,0.1,0.0,15.92
3733,45.95,0.15,57.49,41.69,0.0,0.1,30.0,0.0
3734,46.14,0.53,50.65,35.03,0.0,0.3902,30.0,0.0
3735,45.95,0.14,40.82,25.01,0.0,0.634,30.0,0.0
3736,45.38,0.08,28.51,13.2,0.0,0.8081,30.0,0.0
3737,44.45,0.35,15.95,0.0,0.0,0.9,28.15,0.0
3738,43.21,0.38,0.0,0.0,12.83,0.9,30.0,0.0
3739,41.7,0.01,0.0,0.0,11.68,0.801,30.0,0.0
3740,39.97,0.46,0.0,0.0,9.51,0.7109,30.0,0.0
3741,38.09,1.19,0.0,0.0,6.9,0.6376,30.0,0.0
3742,36.14,1.17,0.0,0.0,4.97,0.5844,30.0,0.0
3743,36.14,1.15,0.0,0.0,4.99,0.5461,30.0,0.0
3744,36.1,0.57,0.0,0.0,5.54,0.5076,30.0,0.0
3745,36.1,0.96,0.0,0.0,5.14,0.4649,30.0,0.0
3746,36.1,0.0,0.0,0.0,6.1,0.4253,30.0,0.0
3747,36.1,1.01,0.0,0.0,5.09,0.3782,30.0,0.0
3748,36.1,1.55,0.0,0.0,4.55,0.339,30.0,0.0
3749,36.1,0.0,0.0,0.0,6.1,0.3039,30.0,0.0
3750,36.1,0.26,0.0,0.0,5.84,0.2568,30.0,0.0
3751,38.05,0.6,13.86,6.4,0.0,0.2118,30.0,0.0
3752,39.93,0.95,30.65,21.67,0.0,0.2564,30.0,0.0
3753,41.66,0.0,42.47,0.0,29.19,0.4072,0.0,30.0
3754,43.17,0.0,51.0,0.0,10.64,0.1821,0.0,18.47
3755,44.42,0.0,58.53,0.0,0.0,0.1,0.0,14.11
3756,45.34,0.1,61.67,0.0,0.0,0.1,0.0,16.43
3757,45.91,1.11,59.67,44.87,0.0,0.1,30.0,0.0
3758,46.1,0.26,50.72,34.89,0.0,0.4123,30.0,0.0
3759,45.91,0.19,41.17,25.45,0.0,0.6551,30.0,0.0
3760,45.34,0.47,28.88,7.75,0.0,0.8322,23.74,0.0
3761,44.42,0.42,15.98,1.99,0.0,0.8862,30.0,0.0
3762,43.17,0.15,0.0,0.0,13.02,0.9,30.0,0.0
3763,41.66,1.12,0.0,0.0,10.54,0.7996,30.0,0.0
3764,39.93,0.93,0.0,0.0,9.0,0.7183,30.0,0.0
3765,38.05,0.93,0.0,0.0,7.12,0.6489,30.0,0.0
3766,36.1,0.51,0.0,0.0,5.59,0.594,30.0,0.0
3767,36.1,1.72,0.0,0.0,4.38,0.5508,30.0,0.0
3768,36.06,1.41,0.0,0.0,4.65,0.5171,30.0,0.0
3769,36.06,0.77,0.0,0.0,5.29,0.4812,30.0,0.0
3770,36.06,1.51,0.0,0.0,4.55,0.4404,30.0,0.0
3771,36.06,0.67,0.0,0.0,5.4,0.4053,30.0,0.0
3772,36.06,0.41,0.0,0.0,5.65,0.3636,30.0,0.0
3773,36.06,0.3,0.0,0.0,5.76,0.3201,30.0,0.0
3774,36.06,0.0,0.0,0.0,6.06,0.2757,30.0,0.0
3775,38.01,0.67,14.22,6.88,0.0,0.2289,30.0,0.0
3776,39.89,0.0,9.89,0.0,0.0,0.2768,30.0,0.0
3777,41.62,0.0,41.62,0.0,22.93,0.2768,0.0,22.93
3778,43.13,0.0,53.44,0.0,0.0,0.1,0.0,10.3
3779,44.38,0.02,58.03,0.0,0.0,0.1,0.0,13.68
3780,45.3,0.0,61.75,0.0,0.0,0.1,0.0,16.45
3781,45.87,0.0,57.33,41.46,0.0,0.1,30.0,0.0
3782,46.06,0.0,50.58,34.52,0.0,0.3885,30.0,0.0
3783,45.87,0.0,43.55,27.68,0.0,0.6288,30.0,0.0
3784,45.3,0.0,26.59,11.29,0.0,0.8214,30.0,0.0
3785,44.38,0.15,13.58,0.0,0.66,0.9,30.0,0.0
3786,43.13,0.72,0.0,0.0,12.41,0.8949,30.0,0.0
3787,41.62,0.24,0.0,0.0,11.38,0.7992,30.0,0.0
3788,39.89,0.91,0.0,0.0,8.98,0.7115,30.0,0.0
3789,38.01,1.59,0.0,0.0,6.43,0.6422,30.0,0.0
3790,36.06,1.3,0.0,0.0,4.76,0.5926,30.0,0.0
3791,36.06,0.84,0.0,0.0,5.22,0.5559,30.0,0.0
3792,36.02,1.2,0.0,0.0,4.83,0.5156,30.0,0.0
3793,36.02,0.93,0.0,0.0,5.1,0.4784,30.0,0.0
3794,36.02,1.0,0.0,0.0,5.02,0.4391,30.0,0.0
3795,36.02,0.75,0.0,0.0,5.27,0.4004,30.0,0.0
3796,36.02,0.73,0.0,0.0,5.3,0.3597,30.0,0.0
3797,36.02,0.8,0.0,0.0,5.23,0.3188,30.0,0.0
3798,36.02,0.05,0.0,0.0,5.98,0.2785,30.0,0.0
3799,37.97,0.0,14.01,6.04,0.0,0.2325,30.0,0.0
3800,39.85,0.0,9.85,0.0,0.0,0.2745,30.0,0.0
3801,41.58,0.0,41.11,29.53,0.0,0.2745,30.0,0.0
3802,43.09,0.0,53.03,0.0,20.06,0.48,0.0,30.0
3803,44.34,0.14,57.46,0.0,16.73,0.3253,0.0,30.0
3804,45.26,0.0,59.22,0.0,12.48,0.1962,0.0,26.43
3805,45.83,0.32,59.7,35.34,0.0,0.1,21.16,0.0
3806,46.02,0.13,52.34,36.45,0.0,0.346,30.0,0.0
3807,45.83,0.0,42.71,26.88,0.0,0.5997,30.0,0.0
3808,45.26,0.63,30.9,16.27,0.0,0.7868,30.0,0.0
3809,44.34,0.84,13.5,0.0,0.0,0.9,30.0,0.0
3810,43.09,0.05,0.0,0.0,13.05,0.9,30.0,0.0
3811,41.58,0.9,0.0,0.0,10.68,0.7994,30.0,0.0
3812,39.85,0.37,0.0,0.0,9.48,0.717,30.0,0.0
3813,37.97,0.97,0.0,0.0,7.01,0.644,30.0,0.0
3814,36.02,0.35,0.0,0.0,5.67,0.5899,30.0,0.0
3815,36.02,0.13,0.0,0.0,5.89,0.5462,30.0,0.0
3816,35.98,0.87,0.0,0.0,5.12,0.5008,30.0,0.0
3817,35.98,0.98,0.0,0.0,5.0,0.4613,30.0,0.0
3818,35.98,0.79,0.0,0.0,5.19,0.4227,30.0,0.0
3819,35.98,0.31,0.0,0.0,5.68,0.3827,30.0,0.0
3820,35.98,0.6,0.0,0.0,5.38,0.3389,30.0,0.0
3821,35.98,0.82,0.0,0.0,5.16,0.2974,30.0,0.0
3822,35.98,0.53,0.0,0.0,5.46,0.2576,30.0,0.0
3823,37.93,0.51,13.79,6.36,0.0,0.2155,30.0,0.0
3824,39.81,0.0,30.02,20.21,0.0,0.2598,30.0,0.0
3825,41.54,0.79,41.55,0.0,29.2,0.4004,0.0,30.0
3826,43.06,0.0,51.94,0.0,9.76,0.1753,0.0,18.64
3827,44.3,0.31,56.81,0.0,0.0,0.1,0.0,12.82
3828,45.22,0.64,60.51,0.0,0.0,0.1,0.0,15.93
3829,45.79,0.0,59.5,43.71,0.0,0.1,30.0,0.0
3830,45.98,0.01,51.72,35.75,0.0,0.4042,30.0,0.0
3831,45.79,0.0,42.46,19.93,0.0,0.653,23.26,0.0
3832,45.22,0.83,29.96,15.56,0.0,0.7917,30.0,0.0
3833,44.3,0.0,14.16,0.0,0.14,0.9,30.0,0.0
3834,43.06,0.06,0.0,0.0,13.0,0.8989,30.0,0.0
3835,41.54,0.48,0.0,0.0,11.06,0.7987,30.0,0.0
3836,39.81,1.44,0.0,0.0,8.37,0.7134,30.0,0.0
3837,37.93,1.11,0.0,0.0,6.83,0.6488,30.0,0.0
3838,35.98,0.5,0.0,0.0,5.48,0.5962,30.0,0.0
3839,35.98,0.89,0.0,0.0,5.1,0.5539,30.0,0.0
3840,35.94,0.75,0.0,0.0,5.2,0.5146,30.0,0.0
3841,35.94,0.68,0.0,0.0,5.27,0.4745,30.0,0.0
3842,35.94,1.49,0.0,0.0,4.45,0.4339,30.0,0.0
3843,35.94,0.21,0.0,0.0,5.74,0.3995,30.0,0.0
3844,35.94,1.62,0.0,0.0,4.32,0.3553,30.0,0.0
3845,35.94,1.1,0.0,0.0,4.84,0.322,30.0,0.0
3846,35.94,1.11,0.0,0.0,4.84,0.2847,30.0,0.0
3847,37.9,0.18,13.26,5.54,0.0,0.2473,30.0,0.0
3848,39.77,0.22,28.5,18.95,0.0,0.2859,30.0,0.0
3849,41.5,0.0,42.4,0.0,29.1,0.4178,0.0,30.0
3850,43.02,0.0,50.76,0.0,0.0,0.1934,0.0,7.75
3851,44.26,0.31,57.52,0.0,12.11,0.1934,0.0,25.68
3852,45.18,0.7,60.68,0.0,0.0,0.1,0.0,16.2
3853,45.75,0.0,57.15,41.4,0.0,0.1,30.0,0.0
3854,45.94,0.0,47.52,31.58,0.0,0.3881,30.0,0.0
3855,45.75,0.11,42.12,26.48,0.0,0.6079,30.0,0.0
3856,45.18,0.0,30.67,15.49,0.0,0.7922,30.0,0.0
3857,44.26,0.72,13.27,0.0,0.27,0.9,30.0,0.0
3858,43.02,0.18,0.0,0.0,12.84,0.8979,30.0,0.0
3859,41.5,0.58,0.0,0.0,10.92,0.7989,30.0,0.0
3860,39.77,0.57,0.0,0.0,9.2,0.7147,30.0,0.0
3861,37.9,0.51,0.0,0.0,7.39,0.6438,30.0,0.0
3862,35.94,0.99,0.0,0.0,4.96,0.5868,30.0,0.0
3863,35.94,0.93,0.0,0.0,5.01,0.5486,30.0,0.0
3864,35.9,0.87,0.0,0.0,5.04,0.5099,30.0,0.0
3865,35.9,0.67,0.0,0.0,5.24,0.4711,30.0,0.0
3866,35.9,1.15,0.0,0.0,4.75,0.4307,30.0,0.0
3867,35.9,1.75,0.0,0.0,4.15,0.394,30.0,0.0
3868,35.9,0.87,0.0,0.0,5.03,0.362,30.0,0.0
3869,35.9,1.19,0.0,0.0,4.72,0.3232,30.0,0.0
3870,35.9,0.0,0.0,0.0,5.9,0.2868,30.0,0.0
3871,37.86,0.49,14.82,7.45,0.0,0.2412,30.0,0.0
3872,39.73,0.0,28.1,18.37,0.0,0.2931,30.0,0.0
3873,41.46,0.0,43.2,0.0,28.26,0.421,0.0,30.0
3874,42.98,0.0,51.51,0.0,13.37,0.2031,0.0,21.9
3875,44.22,0.66,58.29,0.0,0.0,0.1,0.0,14.73
3876,45.14,0.52,60.35,0.0,0.0,0.1,0.0,15.72
3877,45.71,0.18,56.99,37.99,0.0,0.1,26.53,0.0
3878,45.9,0.0,51.07,35.17,0.0,0.3644,30.0,0.0
3879,45.71,0.08,41.24,25.61,0.0,0.6092,30.0,0.0
3880,45.14,0.44,30.87,16.17,0.0,0.7874,30.0,0.0
3881,44.22,0.5,12.99,0.0,0.73,0.9,30.0,0.0
3882,42.98,0.0,0.0,0.0,12.98,0.8944,30.0,0.0
3883,41.46,0.22,0.0,0.0,11.24,0.7943,30.0,0.0
3884,39.73,0.77,0.0,0.0,8.96,0.7077,30.0,0.0
3885,37.86,1.18,0.0,0.0,6.68,0.6385,30.0,0.0
3886,35.9,0.0,0.0,0.0,5.9,0.5871,30.0,0.0
3887,35.9,0.96,0.0,0.0,4.95,0.5415,30.0,0.0
3888,35.86,1.13,0.0,0.0,4.74,0.5034,30.0,0.0
3889,35.86,1.47,0.0,0.0,4.4,0.4668,30.0,0.0
3890,35.86,1.34,0.0,0.0,4.53,0.4329,30.0,0.0
3891,35.86,1.2,0.0,0.0,4.66,0.398,30.0,0.0
3892,35.86,0.39,0.0,0.0,5.48,0.362,30.0,0.0
3893,35.86,0.0,0.0,0.0,5.86,0.3198,30.0,0.0
3894,35.86,0.34,0.0,0.0,5.52,0.2746,30.0,0.0
3895,37.81,0.92,13.67,6.77,0.0,0.232,30.0,0.0
3896,39.69,1.0,30.9,22.21,0.0,0.2791,30.0,0.0
3897,41.42,0.54,42.71,0.0,23.82,0.4337,0.0,25.66
3898,42.94,0.32,53.17,0.0,19.45,0.25,0.0,30.0
3899,44.18,0.24,59.19,0.0,0.0,0.1,0.0,15.25
3900,45.1,0.0,60.82,0.0,0.0,0.1,0.0,15.72
3901,45.67,0.0,59.81,44.14,0.0,0.1,30.0,0.0
3902,45.86,0.95,51.88,36.96,0.0,0.4072,30.0,0.0
3903,45.67,0.0,43.32,27.64,0.0,0.6645,30.0,0.0
3904,45.1,1.11,30.79,5.44,0.0,0.8569,18.65,0.0
3905,44.18,0.25,14.68,0.75,0.0,0.8948,30.0,0.0
3906,42.94,1.22,0.0,0.0,11.72,0.9,30.0,0.0
3907,41.42,0.0,0.0,0.0,11.42,0.8096,30.0,0.0
3908,39.69,1.1,0.0,0.0,8.59,0.7216,30.0,0.0
3909,37.81,0.53,0.0,0.0,7.29,0.6553,30.0,0.0
3910,35.86,0.26,0.0,0.0,5.6,0.5991,30.0,0.0
3911,35.86,1.15,0.0,0.0,4.72,0.5559,30.0,0.0
3912,35.82,1.56,0.0,0.0,4.26,0.5195,30.0,0.0
3913,35.82,0.6,0.0,0.0,5.22,0.4867,30.0,0.0
3914,35.82,0.22,0.0,0.0,5.61,0.4464,30.0,0.0
3915,35.82,0.85,0.0,0.0,4.97,0.4031,30.0,0.0
3916,35.82,0.75,0.0,0.0,5.07,0.3648,30.0,0.0
3917,35.82,0.95,0.0,0.0,4.87,0.3257,30.0,0.0
3918,35.82,1.02,0.0,0.0,4.8,0.2881,30.0,0.0
3919,37.77,0.38,15.92,8.52,0.0,0.2511,30.0,0.0
3920,39.65,1.23,29.36,20.94,0.0,0.3104,30.0,0.0
3921,41.38,0.29,43.65,0.0,27.43,0.4562,0.0,30.0
3922,42.89,0.0,51.92,0.0,4.09,0.2446,0.0,13.12
3923,44.14,0.0,59.48,0.0,14.66,0.2131,0.0,30.0
3924,45.06,0.0,60.0,0.0,0.0,0.1,0.0,14.93
3925,45.63,0.0,58.87,43.23,0.0,0.1,30.0,0.0
3926,45.82,0.59,51.5,29.62,0.0,0.4009,23.35,0.0
3927,45.63,0.41,43.34,28.12,0.0,0.607,30.0,0.0
3928,45.06,0.0,29.03,13.97,0.0,0.8028,30.0,0.0
3929,44.14,0.49,13.05,0.0,0.59,0.9,30.0,0.0
3930,42.89,0.88,0.0,0.0,12.01,0.8955,30.0,0.0
3931,41.38,1.45,0.0,0.0,9.93,0.8028,30.0,0.0
3932,39.65,1.25,0.0,0.0,8.4,0.7262,30.0,0.0
3933,37.77,1.29,0.0,0.0,6.49,0.6614,30.0,0.0
3934,35.82,1.01,0.0,0.0,4.81,0.6114,30.0,0.0
3935,35.82,1.23,0.0,0.0,4.59,0.5743,30.0,0.0
3936,35.78,1.68,0.0,0.0,4.1,0.5389,30.0,0.0
3937,35.78,0.35,0.0,0.0,5.43,0.5073,30.0,0.0
3938,35.78,0.8,0.0,0.0,4.98,0.4654,30.0,0.0
3939,35.78,0.5,0.0,0.0,5.28,0.427,30.0,0.0
3940,35.78,0.98,0.0,0.0,4.8,0.3862,30.0,0.0
3941,35.78,1.3,0.0,0.0,4.49,0.3492,30.0,0.0
3942,35.78,0.23,0.0,0.0,5.55,0.3146,30.0,0.0
3943,37.73,0.0,13.46,5.72,0.0,0.2718,30.0,0.0
3944,39.61,0.07,29.06,19.52,0.0,0.3117,30.0,0.0
3945,41.34,0.64,43.45,0.0,27.24,0.4475,0.0,30.0
3946,42.85,0.37,53.72,0.0,3.25,0.2374,0.0,14.49
3947,44.1,0.26,59.27,0.0,14.57,0.2123,0.0,30.0
3948,45.02,0.0,59.94,0.0,0.0,0.1,0.0,14.92
3949,45.59,0.0,58.66,43.07,0.0,0.1,30.0,0.0
3950,45.78,0.36,52.17,36.74,0.0,0.3997,30.0,0.0
3951,45.59,0.0,42.29,26.7,0.0,0.6554,30.0,0.0
3952,45.02,1.4,30.35,6.28,0.0,0.8413,19.56,0.0
3953,44.1,0.7,15.56,2.16,0.0,0.885,30.0,0.0
3954,42.85,0.24,0.0,0.0,12.61,0.9,30.0,0.0
3955,41.34,0.36,0.0,0.0,10.98,0.8027,30.0,0.0
3956,39.61,0.74,0.0,0.0,8.87,0.718,30.0,0.0
3957,37.73,0.77,0.0,0.0,6.96,0.6497,30.0,0.0
3958,35.78,1.55,0.0,0.0,4.23,0.596,30.0,0.0
3959,35.78,1.12,0.0,0.0,4.66,0.5633,30.0,0.0
3960,35.74,0.67,0.0,0.0,5.07,0.5274,30.0,0.0
3961,35.74,1.99,0.0,0.0,3.75,0.4883,30.0,0.0
3962,35.74,1.0,0.0,0.0,4.74,0.4594,30.0,0.0
3963,35.74,1.29,0.0,0.0,4.45,0.4228,30.0,0.0
3964,35.74,0.48,0.0,0.0,5.26,0.3885,30.0,0.0
3965,35.74,0.85,0.0,0.0,4.89,0.3479,30.0,0.0
3966,35.74,0.69,0.0,0.0,5.05,0.3102,30.0,0.0
3967,37.69,0.0,15.54,7.85,0.0,0.2712,30.0,0.0
3968,39.57,1.31,31.05,0.0,0.0,0.3258,7.21,0.0
3969,41.3,0.83,43.4,0.0,13.64,0.3258,0.0,16.58
3970,42.81,0.0,52.44,0.0,0.0,0.2206,0.0,9.63
3971,44.06,0.0,58.42,0.0,15.64,0.2206,0.0,30.0
3972,44.98,0.2,61.66,0.0,0.0,0.1,0.0,16.88
3973,45.55,0.08,57.84,42.37,0.0,0.1,30.0,0.0
3974,45.74,0.27,52.19,36.72,0.0,0.3949,30.0,0.0
3975,45.55,0.27,42.1,17.64,0.0,0.6505,20.81,0.0
3976,44.98,0.54,30.1,15.66,0.0,0.7732,30.0,0.0
3977,44.06,1.14,15.48,2.56,0.0,0.8822,30.0,0.0
3978,42.81,0.82,0.0,0.0,11.99,0.9,30.0,0.0
3979,41.3,0.13,0.0,0.0,11.17,0.8075,30.0,0.0
3980,39.57,1.48,0.0,0.0,8.08,0.7214,30.0,0.0
3981,37.69,1.73,0.0,0.0,5.96,0.6591,30.0,0.0
3982,35.74,2.58,0.0,0.0,3.16,0.6131,30.0,0.0
3983,35.74,0.45,0.0,0.0,5.29,0.5888,30.0,0.0
3984,35.7,1.17,0.0,0.0,4.54,0.548,30.0,0.0
3985,35.7,0.0,0.0,0.0,5.7,0.513,30.0,0.0
3986,35.7,1.26,0.0,0.0,4.45,0.469,30.0,0.0
3987,35.7,0.61,0.0,0.0,5.09,0.4348,30.0,0.0
3988,35.7,1.77,0.0,0.0,3.93,0.3955,30.0,0.0
3989,35.7,0.27,0.0,0.0,5.43,0.3652,30.0,0.0
3990,35.7,0.0,0.0,0.0,5.7,0.3233,30.0,0.0
3991,37.65,0.16,13.72,6.23,0.0,0.2793,30.0,0.0
3992,39.53,0.0,29.32,0.0,0.0,0.3227,10.2,0.0
3993,41.26,0.55,42.06,0.0,28.64,0.3227,0.0,30.0
3994,42.77,0.0,53.35,0.0,0.24,0.1018,0.0,10.82
3995,44.02,0.05,58.37,0.0,0.0,0.1,0.0,14.41
3996,44.94,0.0,60.51,0.0,0.0,0.1,0.0,15.57
3997,45.51,0.0,57.79,42.28,0.0,0.1,30.0,0.0
3998,45.7,0.93,51.69,30.1,0.0,0.3943,23.18,0.0
3999,45.51,0.35,42.05,26.89,0.0,0.6038,30.0,0.0
4000,44.94,0.0,30.61,15.67,0.0,0.7909,30.0,0.0
4001,44.02,0.38,13.08,0.0,0.55,0.9,30.0,0.0
4002,42.77,0.54,0.0,0.0,12.23,0.8958,30.0,0.0
4003,41.26,0.9,0.0,0.0,10.35,0.8015,30.0,0.0
4004,39.53,0.09,0.0,0.0,9.44,0.7216,30.0,0.0
4005,37.65,1.19,0.0,0.0,6.46,0.6488,30.0,0.0
4006,35.7,0.0,0.0,0.0,5.7,0.599,30.0,0.0
4007,35.7,0.7,0.0,0.0,5.0,0.5551,30.0,0.0
4008,35.66,0.79,0.0,0.0,4.87,0.5165,30.0,0.0
4009,35.66,1.34,0.0,0.0,4.31,0.479,30.0,0.0
4010,35.66,0.98,0.0,0.0,4.68,0.4457,30.0,0.0
4011,35.66,0.17,0.0,0.0,5.49,0.4096,30.0,0.0
4012,35.66,0.28,0.0,0.0,5.38,0.3673,30.0,0.0
4013,35.66,0.76,0.0,0.0,4.9,0.3258,30.0,0.0
4014,35.66,0.49,0.0,0.0,5.17,0.2881,30.0,0.0
4015,37.61,0.1,14.3,6.79,0.0,0.2482,30.0,0.0
4016,39.49,0.03,30.9,21.44,0.0,0.2955,30.0,0.0
4017,41.21,0.52,42.73,0.0,27.97,0.4447,0.0,30.0
4018,42.73,0.0,52.73,0.0,2.41,0.229,0.0,12.4
4019,43.97,0.0,59.65,0.0,14.32,0.2104,0.0,30.0
4020,44.9,1.13,59.94,0.0,0.0,0.1,0.0,16.17
4021,45.47,0.0,59.52,37.23,0.0,0.1,23.17,0.0
4022,45.66,0.0,51.25,35.59,0.0,0.3591,30.0,0.0
4023,45.47,0.57,41.08,26.18,0.0,0.6068,30.0,0.0
4024,44.9,0.0,30.84,15.94,0.0,0.789,30.0,0.0
4025,43.97,0.23,14.05,0.0,0.0,0.9,29.69,0.0
4026,42.73,0.13,0.0,0.0,12.6,0.9,30.0,0.0
4027,41.21,0.53,0.0,0.0,10.69,0.8028,30.0,0.0
4028,39.49,1.6,0.0,0.0,7.89,0.7204,30.0,0.0
4029,37.61,1.3,0.0,0.0,6.31,0.6596,30.0,0.0
4030,35.66,1.41,0.0,0.0,4.25,0.6109,30.0,0.0
4031,35.66,0.3,0.0,0.0,5.36,0.5782,30.0,0.0
4032,35.62,0.45,0.0,0.0,5.17,0.5368,30.0,0.0
4033,35.62,0.0,0.0,0.0,5.62,0.497,30.0,0.0
4034,35.62,0.56,0.0,0.0,5.06,0.4536,30.0,0.0
4035,35.62,1.38,0.0,0.0,4.24,0.4146,30.0,0.0
4036,35.62,1.05,0.0,0.0,4.57,0.3819,30.0,0.0
4037,35.62,0.55,0.0,0.0,5.07,0.3466,30.0,0.0
4038,35.62,0.51,0.0,0.0,5.1,0.3075,30.0,0.0
4039,37.57,0.04,16.04,8.52,0.0,0.2682,30.0,0.0
4040,39.44,0.38,28.86,19.79,0.0,0.3274,30.0,0.0
4041,41.17,0.56,43.99,0.0,26.62,0.4652,0.0,30.0
4042,42.69,0.0,51.04,0.0,20.73,0.2599,0.0,29.08
4043,43.93,0.19,57.1,0.0,0.0,0.1,0.0,13.35
4044,44.86,0.49,61.51,0.0,0.0,0.1,0.0,17.15
4045,45.43,0.0,59.99,44.57,0.0,0.1,30.0,0.0
4046,45.62,0.44,50.9,35.73,0.0,0.4102,30.0,0.0
4047,45.43,1.6,43.36,29.54,0.0,0.6588,30.0,0.0
4048,44.86,0.22,29.45,4.37,0.0,0.8644,19.55,0.0
4049,43.93,0.59,14.09,0.75,0.0,0.8948,30.0,0.0
4050,42.69,0.15,0.0,0.0,12.54,0.9,30.0,0.0
4051,41.17,0.75,0.0,0.0,10.42,0.8033,30.0,0.0
4052,39.44,1.02,0.0,0.0,8.43,0.7229,30.0,0.0
4053,37.57,0.99,0.0,0.0,6.58,0.6579,30.0,0.0
4054,35.62,0.45,0.0,0.0,5.17,0.6072,30.0,0.0
4055,35.62,1.12,0.0,0.0,4.49,0.5673,30.0,0.0
4056,35.58,1.78,0.0,0.0,3.79,0.5327,30.0,0.0
4057,35.58,1.25,0.0,0.0,4.33,0.5034,30.0,0.0
4058,35.58,1.46,0.0,0.0,4.12,0.47,30.0,0.0
4059,35.58,0.76,0.0,0.0,4.81,0.4382,30.0,0.0
4060,35.58,1.16,0.0,0.0,4.41,0.4011,30.0,0.0
4061,35.58,0.8,0.0,0.0,4.78,0.3671,30.0,0.0
4062,35.58,0.04,0.0,0.0,5.54,0.3303,30.0,0.0
4063,37.53,0.55,14.36,7.39,0.0,0.2876,30.0,0.0
4064,39.4,0.0,30.99,21.59,0.0,0.339,30.0,0.0
4065,41.13,0.0,41.37,0.0,29.76,0.4893,0.0,30.0
4066,42.65,0.18,52.11,0.0,20.36,0.2598,0.0,30.0
4067,43.89,0.18,57.43,0.0,0.35,0.1027,0.0,14.07
4068,44.81,0.0,61.36,0.0,0.0,0.1,0.0,16.55
4069,45.38,0.57,57.46,42.65,0.0,0.1,30.0,0.0
4070,45.58,0.37,53.29,28.68,0.0,0.3968,20.6,0.0
4071,45.38,0.0,43.14,27.76,0.0,0.5964,30.0,0.0
4072,44.81,0.0,30.67,15.86,0.0,0.7896,30.0,0.0
4073,43.89,0.0,13.89,0.0,0.0,0.9,30.0,0.0
4074,42.65,0.3,0.0,0.0,12.35,0.9,30.0,0.0
4075,41.13,0.71,0.0,0.0,10.42,0.8048,30.0,0.0
4076,39.4,0.59,0.0,0.0,8.81,0.7244,30.0,0.0
4077,37.53,0.0,0.0,0.0,7.53,0.6565,30.0,0.0
4078,35.58,0.77,0.0,0.0,4.81,0.5984,30.0,0.0
4079,35.58,0.86,0.0,0.0,4.71,0.5614,30.0,0.0
4080,35.53,1.36,0.0,0.0,4.18,0.525,30.0,0.0
4081,35.53,0.66,0.0,0.0,4.87,0.4928,30.0,0.0
4082,35.53,1.82,0.0,0.0,3.71,0.4552,30.0,0.0
4083,35.53,0.0,0.0,0.0,5.53,0.4266,30.0,0.0
4084,35.53,1.45,0.0,0.0,4.09,0.3839,30.0,0.0
4085,35.53,0.54,0.0,0.0,4.99,0.3524,30.0,0.0
4086,35.53,0.96,0.0,0.0,4.57,0.3139,30.0,0.0
4087,37.48,0.43,15.24,8.18,0.0,0.2786,30.0,0.0
4088,39.36,0.85,28.84,20.33,0.0,0.3355,30.0,0.0
4089,41.09,0.0,11.09,0.0,0.0,0.477,30.0,0.0
4090,42.6,0.0,51.43,0.0,21.17,0.477,0.0,30.0
4091,43.85,0.75,58.44,0.0,14.66,0.3138,0.0,30.0
4092,44.77,0.0,60.39,0.0,13.06,0.2007,0.0,28.68
4093,45.34,0.14,59.06,43.86,0.0,0.1,30.0,0.0
4094,45.53,0.0,52.72,37.19,0.0,0.4053,30.0,0.0
4095,45.34,0.0,43.72,17.91,0.0,0.6641,19.53,0.0
4096,44.77,0.0,30.76,15.99,0.0,0.7887,30.0,0.0
4097,43.85,0.09,13.94,0.0,0.0,0.9,29.82,0.0
4098,42.6,0.45,0.0,0.0,12.15,0.9,30.0,0.0
4099,41.09,0.69,0.0,0.0,10.4,0.8063,30.0,0.0
4100,39.36,0.01,0.0,0.0,9.35,0.7261,30.0,0.0
4101,37.48,0.49,0.0,0.0,7.0,0.654,30.0,0.0
4102,35.53,1.65,0.0,0.0,3.88,0.6,30.0,0.0
4103,35.53,1.47,0.0,0.0,4.07,0.5701,30.0,0.0
4104,35.49,1.0,0.0,0.0,4.49,0.5388,30.0,0.0
4105,35.49,1.14,0.0,0.0,4.35,0.5041,30.0,0.0
4106,35.49,0.81,0.0,0.0,4.68,0.4705,30.0,0.0
4107,35.49,1.57,0.0,0.0,3.92,0.4345,30.0,0.0
4108,35.49,0.67,0.0,0.0,4.82,0.4042,30.0,0.0
4109,35.49,0.77,0.0,0.0,4.72,0.3671,30.0,0.0
4110,35.49,1.11,0.0,0.0,4.39,0.3307,30.0,0.0
4111,37.44,0.0,14.05,6.61,0.0,0.2968,30.0,0.0
4112,39.32,1.06,31.07,22.81,0.0,0.3428,30.0,0.0
4113,41.05,0.0,41.38,0.0,29.67,0.5016,0.0,30.0
4114,42.56,0.91,52.68,0.0,6.11,0.2728,0.0,17.14
4115,43.81,0.0,57.51,0.0,16.3,0.2257,0.0,30.0
4116,44.73,0.0,61.64,0.0,0.0,0.1,0.0,16.91
4117,45.3,0.0,58.52,43.22,0.0,0.1,30.0,0.0
4118,45.49,0.0,53.28,37.79,0.0,0.4008,30.0,0.0
4119,45.3,0.0,42.5,27.2,0.0,0.6638,30.0,0.0
4120,44.73,0.0,20.41,5.68,0.0,0.8531,30.0,0.0
4121,43.81,0.32,14.54,1.05,0.0,0.8927,30.0,0.0
4122,42.56,1.01,0.0,0.0,11.55,0.9,30.0,0.0
