Hour,Load,P_WT,P_PV,P_ST_Charge,P_ST_Discharge,SOC,P_Grid_Buy,P_Grid_Sell
0,35.0,18.52,0.0,0.0,0.0,0.0,16.48,0.0
1,35.0,18.52,0.0,3.36,0.0,0.0,19.84,0.0
2,35.0,21.6,0.0,0.0,0.0,0.0187,13.4,0.0
3,35.0,21.6,0.0,0.0,0.0,0.0187,13.4,0.0
4,35.0,18.52,0.0,0.0,0.0,0.0187,16.48,0.0
5,35.0,13.27,0.0,0.0,0.0,0.0187,21.73,0.0
6,35.0,9.11,0.0,0.0,0.0,0.0187,25.89,0.0
7,36.95,9.11,0.0,0.0,0.0,0.0187,27.84,0.0
8,38.83,2.7,2.21,0.0,3.03,0.0187,30.89,0.0
9,40.56,21.6,32.6,0.0,0.0,0.0,0.0,13.64
10,42.07,42.89,59.77,29.7,0.0,0.0,0.0,30.89
11,43.31,47.17,77.04,50.0,0.0,0.1653,0.0,30.89
12,44.24,39.16,85.97,50.0,0.0,0.4435,0.0,30.89
13,44.81,40.08,85.62,50.0,0.0,0.7218,0.0,30.89
14,45.0,0.29,75.6,0.0,0.0,1.0,0.0,30.89
15,44.81,20.16,55.54,0.0,0.0,1.0,0.0,30.89
16,44.24,46.63,28.5,0.0,0.0,1.0,0.0,30.89
17,43.31,7.41,0.99,0.0,4.02,1.0,30.89,0.0
18,42.07,1.97,0.0,0.0,9.21,0.9752,30.89,0.0
19,40.56,1.97,0.0,0.0,7.7,0.9184,30.89,0.0
20,38.83,2.7,0.0,0.0,5.24,0.871,30.89,0.0
21,36.95,3.59,0.0,0.0,6.3,0.8387,27.06,0.0
22,35.0,3.59,0.0,0.0,0.51,0.7999,30.89,0.0
23,35.0,2.7,0.0,0.0,1.41,0.7967,30.89,0.0
24,35.04,1.38,0.0,0.0,33.66,0.788,0.0,0.0
25,35.04,0.93,0.0,0.0,34.12,0.5804,0.0,0.0
26,35.04,0.93,0.0,0.0,3.23,0.3701,30.89,0.0
27,35.04,0.58,0.0,0.0,3.57,0.3502,30.89,0.0
28,35.04,0.34,0.0,0.0,3.81,0.3282,30.89,0.0
29,35.04,0.17,0.0,0.0,3.98,0.3047,30.89,0.0
30,35.04,0.02,0.0,0.0,35.02,0.2801,0.0,0.0
31,36.99,0.0,0.0,0.0,6.1,0.0642,30.89,0.0
32,38.87,0.0,3.67,0.0,4.31,0.0266,30.89,0.0
33,40.6,0.34,21.01,0.0,0.0,0.0,19.25,0.0
34,42.11,1.97,38.41,0.0,0.0,0.0,1.74,0.0
35,43.36,5.93,83.53,29.45,0.0,0.0,0.0,16.66
36,44.28,11.06,91.63,50.0,0.0,0.1639,0.0,8.41
37,44.85,13.27,62.81,31.22,0.0,0.4421,0.0,0.0
38,45.04,15.75,82.98,50.0,0.0,0.6159,0.0,3.68
39,44.85,18.52,45.36,19.02,0.0,0.8941,0.0,0.0
40,44.28,5.93,35.78,0.0,2.57,1.0,0.0,0.0
41,43.36,0.17,2.69,0.0,40.5,0.9842,0.0,0.0
42,42.11,0.02,0.0,0.0,11.2,0.7345,30.89,0.0
43,40.6,0.02,0.0,0.0,16.68,0.6654,23.89,0.0
44,38.87,0.02,0.0,0.0,7.96,0.5625,30.89,0.0
45,36.99,0.02,0.0,0.0,6.08,0.5135,30.89,0.0
46,35.04,0.02,0.0,0.0,4.13,0.476,30.89,0.0
47,35.04,0.02,0.0,0.0,4.13,0.4505,30.89,0.0
48,35.09,0.02,0.0,0.0,4.17,0.425,30.89,0.0
49,35.09,0.02,0.0,0.0,4.17,0.3993,30.89,0.0
50,35.09,0.0,0.0,0.0,35.08,0.3736,0.0,0.0
51,35.09,0.0,0.0,0.0,4.19,0.1572,30.89,0.0
52,35.09,0.0,0.0,0.0,4.2,0.1314,30.89,0.0
53,35.09,0.0,0.0,0.0,4.2,0.1055,30.89,0.0
54,35.09,0.0,0.0,0.0,4.2,0.0796,30.89,0.0
55,37.04,0.0,0.0,0.0,6.15,0.0538,30.89,0.0
56,38.91,0.0,5.45,0.0,2.57,0.0159,30.89,0.0
57,40.64,0.0,43.35,0.0,0.0,0.0,0.0,2.71
58,42.16,0.0,71.87,0.0,0.0,0.0,0.0,29.71
59,43.4,0.07,89.31,15.09,0.0,0.0,0.0,30.89
60,44.32,0.34,97.39,50.0,0.0,0.084,0.0,3.4
61,44.89,0.34,97.21,50.0,0.0,0.3622,0.0,2.66
62,45.09,0.17,88.44,43.53,0.0,0.6405,0.0,0.0
63,44.89,0.07,71.35,21.07,0.0,0.8827,0.0,5.46
64,44.32,0.0,42.82,0.0,1.51,1.0,0.0,0.0
65,43.4,0.0,7.38,0.0,5.13,0.9907,30.89,0.0
66,42.16,0.0,0.0,0.0,42.16,0.9591,0.0,0.0
67,40.64,0.0,0.0,0.0,40.64,0.6991,0.0,0.0
68,38.91,0.0,0.0,0.0,8.02,0.4485,30.89,0.0
69,37.04,0.0,0.0,0.0,17.62,0.399,19.42,0.0
70,35.09,0.0,0.0,0.0,4.2,0.2904,30.89,0.0
71,35.09,0.0,0.0,0.0,4.19,0.2645,30.89,0.0
72,35.13,0.0,0.0,0.0,4.24,0.2387,30.89,0.0
73,35.13,0.0,0.0,0.0,4.24,0.2126,30.89,0.0
74,35.13,0.0,0.0,0.0,4.24,0.1865,30.89,0.0
75,35.13,0.0,0.0,0.0,4.24,0.1603,30.89,0.0
76,35.13,0.0,0.0,0.0,4.24,0.1342,30.89,0.0
77,35.13,0.0,0.0,0.0,4.24,0.1081,30.89,0.0
78,35.13,0.0,0.0,0.0,4.24,0.082,30.89,0.0
79,37.08,0.0,0.0,0.0,6.19,0.0558,30.89,0.0
80,38.96,0.02,5.18,0.0,2.87,0.0177,30.89,0.0
81,40.68,0.58,43.06,0.0,0.0,0.0,0.0,2.96
82,42.2,1.97,71.79,0.67,0.0,0.0,0.0,30.89
83,43.44,4.67,87.63,17.96,0.0,0.0037,0.0,30.89
84,44.37,4.67,95.91,50.0,0.0,0.1037,0.0,6.21
85,44.94,3.59,93.13,46.4,0.0,0.3819,0.0,5.39
86,45.13,2.7,83.85,41.42,0.0,0.6402,0.0,0.0
87,44.94,1.97,66.21,23.24,0.0,0.8707,0.0,0.0
88,44.37,0.17,38.12,0.0,0.0,1.0,6.07,0.0
89,43.44,0.0,5.03,0.0,7.52,1.0,30.89,0.0
90,42.2,0.07,0.0,0.0,42.13,0.9536,0.0,0.0
91,40.68,0.17,0.0,0.0,17.95,0.6939,22.57,0.0
92,38.96,0.17,0.0,0.0,7.89,0.5832,30.89,0.0
93,37.08,0.07,0.0,0.0,6.12,0.5345,30.89,0.0
94,35.13,0.02,0.0,0.0,35.11,0.4968,0.0,0.0
95,35.13,0.02,0.0,0.0,4.22,0.2803,30.89,0.0
96,35.17,0.0,0.0,0.0,4.28,0.2544,30.89,0.0
97,35.17,0.0,0.0,0.0,4.28,0.228,30.89,0.0
98,35.17,0.0,0.0,0.0,4.28,0.2016,30.89,0.0
99,35.17,0.0,0.0,0.0,4.28,0.1752,30.89,0.0
100,35.17,0.0,0.0,0.0,4.28,0.1488,30.89,0.0
101,35.17,0.0,0.0,0.0,4.28,0.1224,30.89,0.0
102,35.17,0.0,0.0,0.0,4.28,0.096,30.89,0.0
103,37.12,0.0,0.0,0.0,6.23,0.0696,30.89,0.0
104,39.0,0.0,3.06,0.0,5.05,0.0312,30.89,0.0
105,40.73,0.0,34.62,0.0,0.0,0.0,6.11,0.0
106,42.24,0.0,61.56,19.31,0.0,0.0,0.0,0.0
107,43.49,0.0,78.98,27.29,0.0,0.1075,0.0,8.2
108,44.41,0.07,87.45,43.11,0.0,0.2593,0.0,0.0
109,44.98,0.0,86.85,41.87,0.0,0.4993,0.0,0.0
110,45.17,0.0,77.68,32.51,0.0,0.7323,0.0,0.0
111,44.98,0.0,60.58,15.6,0.0,0.9132,0.0,0.0
112,44.41,0.0,34.47,0.0,0.0,1.0,9.94,0.0
113,43.49,0.0,4.0,0.0,39.48,1.0,0.0,0.0
114,42.24,0.0,0.0,0.0,16.44,0.7565,25.8,0.0
115,40.73,0.0,0.0,0.0,9.83,0.6552,30.89,0.0
116,39.0,0.0,0.0,0.0,8.11,0.5945,30.89,0.0
117,37.12,0.0,0.0,0.0,37.12,0.5445,0.0,0.0
118,35.17,0.0,0.0,0.0,4.28,0.3156,30.89,0.0
119,35.17,0.0,0.0,0.0,4.28,0.2892,30.89,0.0
120,35.21,0.0,0.0,0.0,4.32,0.2628,30.89,0.0
121,35.21,0.0,0.0,0.0,4.32,0.2362,30.89,0.0
122,35.21,0.0,0.0,0.0,4.32,0.2095,30.89,0.0
123,35.21,0.0,0.0,0.0,4.32,0.1828,30.89,0.0
124,35.21,0.0,0.0,0.0,4.32,0.1562,30.89,0.0
125,35.21,0.0,0.0,0.0,4.32,0.1295,30.89,0.0
126,35.21,0.0,0.0,0.0,4.32,0.1029,30.89,0.0
127,37.17,0.0,0.0,0.0,6.27,0.0762,30.89,0.0
128,39.04,0.0,2.07,0.0,6.08,0.0375,30.89,0.0
129,40.77,0.0,31.3,0.0,0.0,0.0,9.47,0.0
130,42.29,0.0,57.4,15.11,0.0,0.0,0.0,0.0
131,43.53,0.58,76.62,33.67,0.0,0.0841,0.0,0.0
132,44.45,1.97,85.2,42.72,0.0,0.2715,0.0,0.0
133,45.02,1.97,83.96,40.91,0.0,0.5092,0.0,0.0
134,45.21,0.58,47.34,2.71,0.0,0.7369,0.0,0.0
135,45.02,0.34,54.75,10.07,0.0,0.752,0.0,0.0
136,44.45,0.0,28.78,0.0,0.0,0.808,15.67,0.0
137,43.53,0.0,2.1,0.0,12.88,0.808,28.55,0.0
138,42.29,0.0,0.0,0.0,11.4,0.7286,30.89,0.0
139,40.77,0.0,0.0,0.0,9.88,0.6583,30.89,0.0
140,39.04,0.0,0.0,0.0,8.15,0.5974,30.89,0.0
141,37.17,0.0,0.0,0.0,37.16,0.5472,0.0,0.0
142,35.21,0.0,0.0,0.0,4.32,0.318,30.89,0.0
143,35.21,0.0,0.0,0.0,4.32,0.2913,30.89,0.0
144,35.26,0.0,0.0,0.0,4.37,0.2647,30.89,0.0
145,35.26,0.0,0.0,0.0,4.37,0.2378,30.89,0.0
146,35.26,0.0,0.0,0.0,4.37,0.2108,30.89,0.0
147,35.26,0.0,0.0,0.0,4.37,0.1839,30.89,0.0
148,35.26,0.0,0.0,0.0,4.37,0.157,30.89,0.0
149,35.26,0.0,0.0,0.0,4.37,0.13,30.89,0.0
150,35.26,0.0,0.0,0.0,4.37,0.1031,30.89,0.0
151,37.21,0.0,0.0,0.0,6.32,0.0762,30.89,0.0
152,39.08,0.02,2.13,0.0,6.04,0.0372,30.89,0.0
153,40.81,2.7,32.76,0.0,0.0,0.0,5.36,0.0
154,42.33,13.27,60.77,0.82,0.0,0.0,0.0,30.89
155,43.57,42.19,79.47,47.19,0.0,0.0045,0.0,30.89
156,44.5,0.0,89.29,13.91,0.0,0.2672,0.0,30.89
157,45.07,62.5,63.46,50.0,0.0,0.3445,0.0,30.89
158,45.26,47.19,46.74,17.78,0.0,0.6228,0.0,30.89
159,45.07,62.29,63.67,50.0,0.0,0.7218,0.0,30.89
160,44.5,15.75,35.96,0.0,0.0,1.0,0.0,7.21
161,43.57,0.34,4.59,0.0,38.64,1.0,0.0,0.0
162,42.33,0.0,0.0,0.0,11.44,0.7617,30.89,0.0
163,40.81,0.0,0.0,0.0,9.92,0.6912,30.89,0.0
164,39.08,0.0,0.0,0.0,8.19,0.63,30.89,0.0
165,37.21,0.0,0.0,0.0,6.32,0.5795,30.89,0.0
166,35.26,0.0,0.0,0.0,4.37,0.5405,30.89,0.0
167,35.26,0.0,0.0,0.0,4.37,0.5136,30.89,0.0
168,35.3,0.0,0.0,0.0,4.41,0.4867,30.89,0.0
169,35.3,0.0,0.0,0.0,4.41,0.4595,30.89,0.0
170,35.3,0.0,0.0,0.0,4.41,0.4323,30.89,0.0
171,35.3,0.0,0.0,0.0,35.3,0.4052,0.0,0.0
172,35.3,0.0,0.0,0.0,4.41,0.1875,30.89,0.0
173,35.3,0.0,0.0,0.0,4.41,0.1603,30.89,0.0
174,35.3,0.0,0.0,0.0,4.41,0.1331,30.89,0.0
175,37.25,0.0,0.0,0.0,6.36,0.1059,30.89,0.0
176,39.13,0.0,2.93,0.0,5.31,0.0667,30.89,0.0
177,40.86,0.0,33.75,0.0,5.52,0.034,1.59,0.0
178,42.37,0.0,60.27,14.96,0.0,0.0,0.0,2.94
179,43.62,0.0,77.21,33.6,0.0,0.0832,0.0,0.0
180,44.54,0.07,86.01,41.55,0.0,0.2702,0.0,0.0
181,45.11,0.07,86.54,41.5,0.0,0.5014,0.0,0.0
182,45.3,0.02,77.85,32.58,0.0,0.7324,0.0,0.0
183,45.11,0.0,60.63,15.52,0.0,0.9136,0.0,0.0
184,44.54,0.0,34.1,0.0,0.0,1.0,10.44,0.0
185,43.62,0.0,4.26,0.0,39.35,1.0,0.0,0.0
186,42.37,0.0,0.0,0.0,42.37,0.7574,0.0,0.0
187,40.86,0.0,0.0,0.0,14.37,0.4961,26.48,0.0
188,39.13,0.0,0.0,0.0,8.24,0.4075,30.89,0.0
189,37.25,0.0,0.0,0.0,6.36,0.3567,30.89,0.0
190,35.3,0.0,0.0,0.0,4.41,0.3175,30.89,0.0
191,35.3,0.0,0.0,0.0,4.41,0.2903,30.89,0.0
192,35.34,0.0,0.0,0.0,4.45,0.2631,30.89,0.0
193,35.34,0.0,0.0,0.0,4.45,0.2356,30.89,0.0
194,35.34,0.0,0.0,0.0,4.45,0.2082,30.89,0.0
195,35.34,0.0,0.0,0.0,4.45,0.1807,30.89,0.0
196,35.34,0.02,0.0,0.0,4.43,0.1533,30.89,0.0
197,35.34,0.02,0.0,0.0,4.43,0.126,30.89,0.0
198,35.34,0.02,0.0,0.0,4.43,0.0986,30.89,0.0
199,37.29,0.02,0.0,0.0,6.38,0.0713,30.89,0.0
200,39.17,0.0,3.09,0.0,5.19,0.032,30.89,0.0
201,40.9,0.93,35.93,0.0,0.0,0.0,4.04,0.0
202,42.41,7.41,64.57,0.0,0.0,0.0,0.0,29.56
203,43.66,15.75,81.95,23.15,0.0,0.0,0.0,30.89
204,44.58,25.01,90.59,40.13,0.0,0.1288,0.0,30.89
205,45.15,32.85,90.36,50.0,0.0,0.3521,0.0,28.06
206,45.34,37.32,81.55,42.64,0.0,0.6304,0.0,30.89
207,45.15,25.01,50.02,23.78,0.0,0.8676,0.0,6.1
208,44.58,3.59,37.01,0.0,0.0,1.0,3.97,0.0
209,43.66,0.07,5.27,0.0,38.32,1.0,0.0,0.0
210,42.41,0.02,0.0,0.0,42.39,0.7637,0.0,0.0
211,40.9,0.07,0.0,0.0,9.94,0.5023,30.89,0.0
212,39.17,0.07,0.0,0.0,13.75,0.4411,25.34,0.0
213,37.29,0.02,0.0,0.0,6.38,0.3563,30.89,0.0
214,35.34,0.02,0.0,0.0,4.43,0.3169,30.89,0.0
215,35.34,0.02,0.0,0.0,4.43,0.2896,30.89,0.0
216,35.39,0.07,0.0,0.0,4.42,0.2623,30.89,0.0
217,35.39,0.07,0.0,0.0,4.42,0.235,30.89,0.0
218,35.39,0.07,0.0,0.0,4.42,0.2078,30.89,0.0
219,35.39,0.02,0.0,0.0,4.47,0.1805,30.89,0.0
220,35.39,0.0,0.0,0.0,4.49,0.1529,30.89,0.0
221,35.39,0.0,0.0,0.0,4.49,0.1252,30.89,0.0
222,35.39,0.0,0.0,0.0,4.49,0.0975,30.89,0.0
223,37.34,0.0,0.0,0.0,6.45,0.0698,30.89,0.0
224,39.21,0.0,3.45,0.0,4.87,0.03,30.89,0.0
225,40.94,0.0,36.48,0.0,0.0,0.0,4.46,0.0
226,42.46,0.0,64.25,0.0,0.0,0.0,0.0,21.79
227,43.7,0.58,59.85,3.32,0.0,0.0,0.0,13.41
228,44.62,5.93,92.36,50.0,0.0,0.0185,0.0,3.66
229,45.19,15.75,93.75,50.0,0.0,0.2967,0.0,14.3
230,45.39,21.6,86.08,50.0,0.0,0.575,0.0,12.3
231,45.19,18.52,53.01,26.34,0.0,0.8532,0.0,0.0
232,44.62,2.7,41.96,0.04,0.0,0.9998,0.0,0.0
233,43.7,0.0,7.34,0.0,36.36,1.0,0.0,0.0
234,42.46,0.0,0.0,0.0,19.48,0.7758,22.98,0.0
235,40.94,0.0,0.0,0.0,40.94,0.6557,0.0,0.0
236,39.21,0.0,0.0,0.0,8.32,0.4032,30.89,0.0
237,37.34,0.0,0.0,0.0,6.45,0.3519,30.89,0.0
238,35.39,0.0,0.0,0.0,4.49,0.3122,30.89,0.0
239,35.39,0.0,0.0,0.0,4.49,0.2845,30.89,0.0
240,35.43,0.0,0.0,0.0,4.54,0.2568,30.89,0.0
241,35.43,0.0,0.0,0.0,4.54,0.2288,30.89,0.0
242,35.43,0.0,0.0,0.0,4.54,0.2008,30.89,0.0
243,35.43,0.0,0.0,0.0,4.54,0.1728,30.89,0.0
244,35.43,0.0,0.0,0.0,4.54,0.1448,30.89,0.0
245,35.43,0.0,0.0,0.0,4.54,0.1169,30.89,0.0
246,35.43,0.0,0.0,0.0,4.54,0.0889,30.89,0.0
247,37.38,0.0,0.0,0.0,6.49,0.0609,30.89,0.0
248,39.26,0.07,4.9,0.0,3.39,0.0209,30.89,0.0
249,40.98,1.38,41.98,0.0,0.0,0.0,0.0,2.38
250,42.5,9.11,70.75,6.48,0.0,0.0,0.0,30.89
251,43.74,18.52,86.13,30.01,0.0,0.036,0.0,30.89
252,44.67,15.75,94.97,50.0,0.0,0.2031,0.0,16.05
253,45.24,9.11,94.81,50.0,0.0,0.4813,0.0,8.69
254,45.43,4.67,86.03,20.45,0.0,0.7595,0.0,24.82
255,45.24,0.93,67.07,22.76,0.0,0.8733,0.0,0.0
256,44.67,0.02,40.09,0.0,4.56,1.0,0.0,0.0
257,43.74,0.0,6.93,0.0,5.92,0.9719,30.89,0.0
258,42.5,0.02,0.0,0.0,42.48,0.9354,0.0,0.0
259,40.98,0.02,0.0,0.0,40.96,0.6735,0.0,0.0
260,39.26,0.0,0.0,0.0,8.36,0.4209,30.89,0.0
261,37.38,0.0,0.0,0.0,7.37,0.3693,30.01,0.0
262,35.43,0.0,0.0,0.0,4.54,0.3239,30.89,0.0
263,35.43,0.0,0.0,0.0,4.54,0.2959,30.89,0.0
264,35.47,0.0,0.0,0.0,4.58,0.268,30.89,0.0
265,35.47,0.0,0.0,0.0,4.58,0.2397,30.89,0.0
266,35.47,0.0,0.0,0.0,4.58,0.2115,30.89,0.0
267,35.47,0.0,0.0,0.0,4.58,0.1832,30.89,0.0
268,35.47,0.0,0.0,0.0,4.58,0.155,30.89,0.0
269,35.47,0.0,0.0,0.0,4.58,0.1268,30.89,0.0
270,35.47,0.02,0.0,0.0,4.56,0.0985,30.89,0.0
271,37.42,0.02,0.0,0.0,6.51,0.0704,30.89,0.0
272,39.3,0.0,3.49,0.0,4.91,0.0303,30.89,0.0
273,41.03,0.0,36.3,0.0,0.0,0.0,4.72,0.0
274,42.54,0.34,64.46,10.05,0.0,0.0,0.0,12.2
275,43.79,0.58,82.61,8.52,0.0,0.056,0.0,30.89
276,44.71,1.38,91.68,48.35,0.0,0.1033,0.0,0.0
277,45.28,1.38,92.41,48.51,0.0,0.3724,0.0,0.0
278,45.47,1.38,84.76,40.67,0.0,0.6424,0.0,0.0
279,45.28,0.58,68.29,23.6,0.0,0.8687,0.0,0.0
280,44.71,0.0,41.57,0.0,3.14,1.0,0.0,0.0
281,43.79,0.0,7.77,0.0,5.12,0.9806,30.89,0.0
282,42.54,0.0,0.0,0.0,42.54,0.9491,0.0,0.0
283,41.03,0.0,0.0,0.0,22.24,0.6867,18.79,0.0
284,39.3,0.0,0.0,0.0,8.41,0.5496,30.89,0.0
285,37.42,0.0,0.0,0.0,6.53,0.4978,30.89,0.0
286,35.47,0.0,0.0,0.0,4.58,0.4575,30.89,0.0
287,35.47,0.0,0.0,0.0,4.58,0.4293,30.89,0.0
288,35.51,0.0,0.0,0.0,4.62,0.401,30.89,0.0
289,35.51,0.0,0.0,0.0,4.62,0.3725,30.89,0.0
290,35.51,0.0,0.0,0.0,4.62,0.344,30.89,0.0
291,35.51,0.0,0.0,0.0,4.62,0.3155,30.89,0.0
292,35.51,0.0,0.0,0.0,4.62,0.287,30.89,0.0
293,35.51,0.0,0.0,0.0,4.62,0.2585,30.89,0.0
294,35.51,0.0,0.0,0.0,4.62,0.23,30.89,0.0
295,37.46,0.0,0.0,0.0,6.57,0.2015,30.89,0.0
296,39.34,0.0,3.68,0.0,4.77,0.161,30.89,0.0
297,41.07,0.0,36.94,0.0,0.0,0.1316,4.13,0.0
298,42.58,0.0,64.06,21.47,0.0,0.1316,0.0,0.0
299,43.83,0.0,78.94,35.11,0.0,0.2511,0.0,0.0
300,44.75,0.0,86.94,42.18,0.0,0.4465,0.0,0.0
301,45.32,0.0,86.7,41.38,0.0,0.6812,0.0,0.0
302,45.51,0.0,59.18,13.66,0.0,0.9115,0.0,0.0
303,45.32,0.0,47.56,2.24,0.0,0.9875,0.0,0.0
304,44.75,0.0,24.01,0.0,0.0,1.0,20.75,0.0
305,43.83,0.0,4.64,0.0,8.3,1.0,30.89,0.0
306,42.58,0.0,0.0,0.0,11.69,0.9488,30.89,0.0
307,41.07,0.0,0.0,0.0,10.18,0.8767,30.89,0.0
308,39.34,0.0,0.0,0.0,8.45,0.814,30.89,0.0
309,37.46,0.0,0.0,0.0,6.57,0.7619,30.89,0.0
310,35.51,0.0,0.0,0.0,4.62,0.7214,30.89,0.0
311,35.51,0.0,0.0,0.0,4.62,0.6929,30.89,0.0
312,35.55,0.0,0.0,0.0,4.66,0.6644,30.89,0.0
313,35.55,0.0,0.0,0.0,4.66,0.6356,30.89,0.0
314,35.55,0.0,0.0,0.0,4.66,0.6068,30.89,0.0
315,35.55,0.0,0.0,0.0,4.66,0.5781,30.89,0.0
316,35.55,0.0,0.0,0.0,4.66,0.5493,30.89,0.0
317,35.55,0.0,0.0,0.0,4.66,0.5206,30.89,0.0
318,35.55,0.0,0.0,0.0,4.66,0.4918,30.89,0.0
319,37.51,0.0,0.0,0.0,6.61,0.463,30.89,0.0
320,39.38,0.0,1.03,0.0,7.46,0.4223,30.89,0.0
321,41.11,0.0,14.7,4.48,0.0,0.3762,30.89,0.0
322,42.63,0.17,31.07,19.5,0.0,0.4011,30.89,0.0
323,43.87,0.58,41.02,28.62,0.0,0.5097,30.89,0.0
324,44.79,0.34,23.02,9.45,0.0,0.669,30.89,0.0
325,45.36,0.07,10.62,0.0,3.78,0.7216,30.89,0.0
326,45.55,0.0,11.66,0.0,3.0,0.6983,30.89,0.0
327,45.36,0.0,21.06,6.59,0.0,0.6798,30.89,0.0
328,44.79,0.0,1.46,0.0,12.44,0.7164,30.89,0.0
329,43.87,0.0,0.06,0.0,12.92,0.6397,30.89,0.0
330,42.63,0.0,0.0,0.0,11.74,0.56,30.89,0.0
331,41.11,0.0,0.0,0.0,10.22,0.4877,30.89,0.0
332,39.38,0.0,0.0,0.0,8.49,0.4246,30.89,0.0
333,37.51,0.0,0.0,0.0,6.61,0.3723,30.89,0.0
334,35.55,0.0,0.0,0.0,4.66,0.3315,30.89,0.0
335,35.55,0.0,0.0,0.0,4.66,0.3027,30.89,0.0
336,35.6,0.07,0.0,0.0,4.63,0.274,30.89,0.0
337,35.6,0.17,0.0,0.0,4.53,0.2454,30.89,0.0
338,35.6,0.07,0.0,0.0,4.63,0.2175,30.89,0.0
339,35.6,0.07,0.0,0.0,4.63,0.1889,30.89,0.0
340,35.6,0.0,0.0,0.0,4.7,0.1604,30.89,0.0
341,35.6,0.0,0.0,0.0,4.71,0.1314,30.89,0.0
342,35.6,0.0,0.0,0.0,4.71,0.1023,30.89,0.0
343,37.55,0.0,0.0,0.0,6.66,0.0733,30.89,0.0
344,39.42,0.0,3.3,0.0,5.23,0.0323,30.89,0.0
345,41.15,0.0,34.64,0.0,0.0,0.0,6.51,0.0
346,42.67,0.93,62.48,19.75,0.0,0.0,0.0,0.99
347,43.91,3.59,81.42,10.21,0.0,0.1099,0.0,30.89
348,44.84,3.59,90.34,49.1,0.0,0.1667,0.0,0.0
349,45.4,1.97,90.05,46.61,0.0,0.44,0.0,0.0
350,45.6,0.17,81.03,35.61,0.0,0.6993,0.0,0.0
351,45.4,0.0,63.82,18.42,0.0,0.8975,0.0,0.0
352,44.84,0.0,38.18,0.0,6.66,1.0,0.0,0.0
353,43.91,0.0,7.55,0.0,36.36,0.9589,0.0,0.0
354,42.67,0.0,0.0,0.0,11.77,0.7348,30.89,0.0
355,41.15,0.02,0.0,0.0,10.24,0.6622,30.89,0.0
356,39.42,0.02,0.0,0.0,8.51,0.599,30.89,0.0
357,37.55,0.0,0.0,0.0,6.65,0.5465,30.89,0.0
358,35.6,0.0,0.0,0.0,4.71,0.5055,30.89,0.0
359,35.6,0.0,0.0,0.0,4.71,0.4765,30.89,0.0
360,35.64,0.0,0.0,0.0,4.75,0.4475,30.89,0.0
361,35.64,0.0,0.0,0.0,31.87,0.4182,3.77,0.0
362,35.64,0.0,0.0,0.0,4.74,0.2217,30.89,0.0
363,35.64,0.0,0.0,0.0,4.75,0.1924,30.89,0.0
364,35.64,0.0,0.0,0.0,4.75,0.1632,30.89,0.0
365,35.64,0.0,0.0,0.0,4.75,0.1339,30.89,0.0
366,35.64,0.0,0.0,0.0,4.75,0.1046,30.89,0.0
367,37.59,0.0,0.0,0.0,6.7,0.0753,30.89,0.0
368,39.47,0.0,3.05,0.0,5.52,0.034,30.89,0.0
369,41.19,0.0,33.43,0.0,0.0,0.0,7.76,0.0
370,42.71,0.58,60.96,0.0,0.0,0.0,0.0,18.84
371,43.95,7.41,79.7,12.26,0.0,0.0,0.0,30.89
372,44.88,2.47,90.73,17.43,0.0,0.0682,0.0,30.89
373,45.45,59.27,67.07,50.0,0.0,0.1653,0.0,30.89
374,45.64,42.98,83.55,50.0,0.0,0.4435,0.0,30.89
375,45.45,60.22,66.12,50.0,0.0,0.7218,0.0,30.89
376,44.88,11.06,39.62,0.0,0.0,1.0,0.0,5.8
377,43.95,0.34,7.72,0.0,5.01,1.0,30.89,0.0
378,42.71,0.17,0.0,0.0,11.65,0.9691,30.89,0.0
379,41.19,0.17,0.0,0.0,10.13,0.8973,30.89,0.0
380,39.47,0.07,0.0,0.0,8.5,0.8349,30.89,0.0
381,37.59,0.07,0.0,0.0,6.63,0.7824,30.89,0.0
382,35.64,0.02,0.0,0.0,4.73,0.7416,30.89,0.0
383,35.64,0.02,0.0,0.0,4.73,0.7125,30.89,0.0
384,35.68,0.02,0.0,0.0,4.77,0.6833,30.89,0.0
385,35.68,0.07,0.0,0.0,4.72,0.6539,30.89,0.0
386,35.68,0.07,0.0,0.0,4.72,0.6248,30.89,0.0
387,35.68,0.02,0.0,0.0,4.77,0.5958,30.89,0.0
388,35.68,0.02,0.0,0.0,4.77,0.5664,30.89,0.0
389,35.68,0.0,0.0,0.0,4.79,0.537,30.89,0.0
390,35.68,0.0,0.0,0.0,4.79,0.5074,30.89,0.0
391,37.63,0.0,0.0,0.0,6.74,0.4779,30.89,0.0
392,39.51,0.0,1.6,0.0,7.02,0.4363,30.89,0.0
393,41.24,0.0,16.57,0.0,0.0,0.3931,24.66,0.0
394,42.75,0.34,32.82,0.0,0.0,0.3931,9.59,0.0
395,43.99,2.7,43.84,26.91,0.0,0.3931,24.37,0.0
396,44.92,4.67,53.59,13.34,0.0,0.5428,0.0,0.0
397,45.49,3.59,51.96,10.07,0.0,0.6171,0.0,0.0
398,45.68,0.93,37.8,0.0,0.0,0.6731,6.96,0.0
399,45.49,0.02,35.55,0.0,0.0,0.6731,9.92,0.0
400,44.92,0.0,19.38,0.0,0.0,0.6731,25.54,0.0
401,43.99,0.0,3.95,0.0,9.15,0.6731,30.89,0.0
402,42.75,0.0,0.0,0.0,11.86,0.6167,30.89,0.0
403,41.24,0.0,0.0,0.0,10.34,0.5435,30.89,0.0
404,39.51,0.0,0.0,0.0,8.62,0.4797,30.89,0.0
405,37.63,0.0,0.0,0.0,6.74,0.4266,30.89,0.0
406,35.68,0.0,0.0,0.0,4.79,0.3851,30.89,0.0
407,35.68,0.0,0.0,0.0,4.79,0.3555,30.89,0.0
408,35.72,0.0,0.0,0.0,4.83,0.326,30.89,0.0
409,35.72,0.0,0.0,0.0,4.83,0.2962,30.89,0.0
410,35.72,0.0,0.0,0.0,4.83,0.2664,30.89,0.0
411,35.72,0.0,0.0,0.0,4.83,0.2366,30.89,0.0
412,35.72,0.0,0.0,0.0,4.83,0.2069,30.89,0.0
413,35.72,0.0,0.0,0.0,4.83,0.1771,30.89,0.0
414,35.72,0.0,0.0,0.0,4.83,0.1473,30.89,0.0
415,37.67,0.0,0.0,0.0,6.78,0.1175,30.89,0.0
416,39.55,0.0,0.47,0.0,8.19,0.0757,30.89,0.0
417,41.28,0.0,6.3,0.0,4.09,0.0252,30.89,0.0
418,42.79,0.0,18.67,0.0,0.0,0.0,24.12,0.0
419,44.04,0.0,35.35,22.2,0.0,0.0,30.89,0.0
420,44.96,0.0,47.41,2.45,0.0,0.1235,0.0,0.0
421,45.53,0.0,51.97,6.45,0.0,0.1372,0.0,0.0
422,45.72,0.0,58.43,12.71,0.0,0.1731,0.0,0.0
423,45.53,0.0,53.03,38.39,0.0,0.2438,30.89,0.0
424,44.96,0.0,29.72,4.37,0.0,0.4575,19.61,0.0
425,44.04,0.0,1.14,0.0,12.01,0.4818,30.89,0.0
426,42.79,0.02,0.0,0.0,11.88,0.4077,30.89,0.0
427,41.28,0.58,0.0,0.0,9.8,0.3345,30.89,0.0
428,39.55,3.59,0.0,0.0,5.06,0.274,30.89,0.0
429,37.67,5.93,0.0,0.0,0.85,0.2428,30.89,0.0
430,35.72,5.93,0.0,0.0,0.0,0.2376,29.79,0.0
431,35.72,4.67,0.0,0.0,0.16,0.2376,30.89,0.0
432,35.76,2.7,0.0,0.0,2.17,0.2366,30.89,0.0
433,35.76,1.97,0.0,0.0,2.9,0.2232,30.89,0.0
434,35.76,1.97,0.0,0.0,2.9,0.2053,30.89,0.0
435,35.76,1.38,0.0,0.0,3.49,0.1874,30.89,0.0
436,35.76,0.58,0.0,0.0,4.29,0.1659,30.89,0.0
437,35.76,0.07,0.0,0.0,4.8,0.1395,30.89,0.0
438,35.76,0.02,0.0,0.0,4.85,0.1099,30.89,0.0
439,37.71,0.02,0.0,0.0,6.8,0.08,30.89,0.0
440,39.59,1.97,0.56,0.0,6.17,0.038,30.89,0.0
441,41.32,5.93,9.55,0.0,0.0,0.0,25.83,0.0
442,42.83,5.93,55.01,0.0,0.0,0.0,0.0,18.11
443,44.08,4.67,73.54,3.24,0.0,0.0,0.0,30.89
444,45.0,5.93,83.19,38.08,0.0,0.018,0.0,6.05
445,45.57,13.27,84.46,50.0,0.0,0.2299,0.0,2.15
446,45.76,28.75,31.38,14.37,0.0,0.5082,0.0,0.0
447,45.57,37.32,53.81,45.56,0.0,0.5881,0.0,0.0
448,45.0,32.85,28.18,16.03,0.0,0.8417,0.0,0.0
449,44.08,25.01,4.4,0.0,45.56,0.9309,0.0,30.89
450,42.83,25.01,0.0,0.0,48.72,0.65,0.0,30.89
451,41.32,32.85,0.0,0.0,39.36,0.3496,0.0,30.89
452,39.59,53.14,0.0,0.0,17.34,0.1069,0.0,30.89
453,37.71,68.6,0.0,0.0,0.0,0.0,0.0,30.89
454,35.76,66.65,0.0,0.0,0.0,0.0,0.0,30.89
455,35.76,72.9,0.0,37.13,0.0,0.0,0.0,0.0
456,35.8,53.14,0.0,17.34,0.0,0.2066,0.0,0.0
457,35.8,47.45,0.0,11.65,0.0,0.3031,0.0,0.0
458,35.8,35.8,0.0,0.0,0.0,0.368,0.0,0.0
459,35.8,35.8,0.0,0.0,0.0,0.368,0.0,0.0
460,35.8,47.45,0.0,11.65,0.0,0.368,0.0,0.0
461,35.8,35.8,0.0,0.0,0.0,0.4328,0.0,0.0
462,35.8,37.32,0.0,1.52,0.0,0.4328,0.0,0.0
463,37.75,32.85,0.0,0.0,35.79,0.4413,0.0,30.89
464,39.63,59.27,0.22,0.0,11.03,0.2206,0.0,30.89
465,41.36,88.47,1.62,17.84,0.0,0.1526,0.0,30.89
466,42.87,80.43,29.17,35.83,0.0,0.2519,0.0,30.89
467,44.12,59.03,48.56,32.58,0.0,0.4513,0.0,30.89
468,45.04,65.85,54.87,44.79,0.0,0.6326,0.0,30.89
469,45.61,37.13,39.38,0.0,0.0,0.8818,0.0,30.89
470,45.8,23.32,53.37,0.0,0.0,0.8818,0.0,30.89
471,45.61,65.85,31.89,21.23,0.0,0.8818,0.0,30.89
472,45.04,59.27,1.85,0.0,0.0,1.0,0.0,16.07
473,44.12,47.45,4.19,0.0,23.36,1.0,0.0,30.89
474,42.87,37.32,0.0,0.0,30.7,0.856,0.0,25.15
475,41.36,32.85,0.0,0.0,39.4,0.6667,0.0,30.89
476,39.63,25.01,0.0,0.0,45.52,0.4237,0.0,30.89
477,37.75,21.6,0.0,0.0,16.15,0.1431,0.0,0.0
478,35.8,28.75,0.0,0.0,7.05,0.0435,0.0,0.0
479,35.8,47.45,0.0,11.65,0.0,0.0,0.0,0.0
480,35.84,59.27,0.0,23.42,0.0,0.0648,0.0,0.0
481,35.84,72.9,0.0,37.05,0.0,0.1952,0.0,0.0
482,35.84,35.84,0.0,0.0,0.0,0.4014,0.0,0.0
483,35.84,65.85,0.0,30.0,0.0,0.4014,0.0,0.0
484,35.84,35.84,0.0,0.0,0.0,0.5684,0.0,0.0
485,35.84,65.85,0.0,30.0,0.0,0.5684,0.0,0.0
486,35.84,53.14,0.0,17.3,0.0,0.7353,0.0,0.0
487,37.79,47.45,0.0,0.0,21.23,0.8316,0.0,30.89
488,39.67,47.45,1.61,0.0,21.5,0.7007,0.0,30.89
489,41.4,52.94,24.43,5.08,0.0,0.5681,0.0,30.89
490,42.91,23.65,50.16,0.0,0.0,0.5964,0.0,30.89
491,44.16,42.19,62.68,29.82,0.0,0.5964,0.0,30.89
492,45.08,9.06,66.91,0.0,0.0,0.7623,0.0,30.89
493,45.65,4.65,71.89,0.0,0.0,0.7623,0.0,30.89
494,45.84,0.0,83.35,6.62,0.0,0.7623,0.0,30.89
495,45.65,47.45,65.18,36.1,0.0,0.7991,0.0,30.89
496,45.08,37.32,38.48,0.0,0.0,1.0,0.0,30.72
497,44.16,18.52,7.85,0.0,17.79,1.0,0.0,0.0
498,42.91,7.41,0.0,0.0,35.5,0.8903,0.0,0.0
499,41.4,2.7,0.0,0.0,38.7,0.6714,0.0,0.0
500,39.67,0.58,0.0,0.0,8.2,0.4328,30.89,0.0
501,37.79,0.0,0.0,0.0,6.9,0.3822,30.89,0.0
502,35.84,0.0,0.0,0.0,4.95,0.3397,30.89,0.0
503,35.84,0.0,0.0,0.0,4.95,0.3091,30.89,0.0
504,35.88,0.07,0.0,0.0,4.92,0.2786,30.89,0.0
505,35.88,0.58,0.0,0.0,4.41,0.2483,30.89,0.0
506,35.88,0.93,0.0,0.0,4.07,0.2211,30.89,0.0
507,35.88,1.38,0.0,0.0,3.61,0.196,30.89,0.0
508,35.88,0.93,0.0,0.0,4.07,0.1737,30.89,0.0
509,35.88,0.34,0.0,0.0,4.66,0.1487,30.89,0.0
510,35.88,0.07,0.0,0.0,4.92,0.1199,30.89,0.0
511,37.84,0.02,0.0,0.0,6.92,0.0896,30.89,0.0
512,39.71,0.0,3.12,0.0,5.7,0.0469,30.89,0.0
513,41.44,0.0,35.33,0.0,1.91,0.0118,4.2,0.0
514,42.96,0.0,65.25,13.73,0.0,0.0,0.0,8.57
515,44.2,0.02,42.38,0.0,1.8,0.0764,0.0,0.0
516,45.12,0.58,68.93,24.39,0.0,0.0653,0.0,0.0
517,45.69,2.7,97.6,50.0,0.0,0.2011,0.0,4.61
518,45.88,7.41,89.38,50.0,0.0,0.4793,0.0,0.9
519,45.69,11.06,71.65,37.02,0.0,0.7576,0.0,0.0
520,45.12,7.41,44.26,6.55,0.0,0.9636,0.0,0.0
521,44.2,1.38,11.08,0.0,0.85,1.0,30.89,0.0
522,42.96,0.17,0.0,0.0,42.78,0.9948,0.0,0.0
523,41.44,0.07,0.0,0.0,41.37,0.731,0.0,0.0
524,39.71,0.34,0.0,0.0,8.48,0.4759,30.89,0.0
525,37.84,0.93,0.0,0.0,6.02,0.4236,30.89,0.0
526,35.88,0.93,0.0,0.0,4.07,0.3865,30.89,0.0
527,35.88,0.93,0.0,0.0,4.07,0.3614,30.89,0.0
528,35.92,0.93,0.0,0.0,4.11,0.3363,30.89,0.0
529,35.92,0.93,0.0,0.0,16.82,0.311,18.18,0.0
530,35.92,0.58,0.0,0.0,4.45,0.2073,30.89,0.0
531,35.92,0.17,0.0,0.0,4.86,0.1799,30.89,0.0
532,35.92,0.02,0.0,0.0,5.01,0.1499,30.89,0.0
533,35.92,0.0,0.0,0.0,5.03,0.119,30.89,0.0
534,35.92,0.0,0.0,0.0,5.03,0.088,30.89,0.0
535,37.88,0.0,0.0,0.0,6.98,0.0569,30.89,0.0
536,39.75,2.7,3.91,0.0,2.25,0.0139,30.89,0.0
537,41.48,13.27,38.0,0.0,0.0,0.0,0.0,9.78
538,43.0,5.89,67.99,0.0,0.0,0.0,0.0,30.89
539,44.24,32.85,53.41,11.13,0.0,0.0,0.0,30.89
540,45.16,47.45,69.8,41.2,0.0,0.0619,0.0,30.89
541,45.73,53.14,69.35,45.87,0.0,0.2912,0.0,30.89
542,45.92,34.87,91.95,50.0,0.0,0.5465,0.0,30.89
543,45.73,34.05,74.07,31.49,0.0,0.8248,0.0,30.89
544,45.16,21.6,46.55,0.0,0.0,1.0,0.0,22.99
545,44.24,2.7,6.8,0.0,3.85,1.0,30.89,0.0
546,43.0,0.17,0.0,0.0,42.82,0.9763,0.0,0.0
547,41.48,0.02,0.0,0.0,41.46,0.7122,0.0,0.0
548,39.75,0.02,0.0,0.0,25.95,0.4566,13.78,0.0
549,37.88,0.02,0.0,0.0,6.96,0.2966,30.89,0.0
550,35.92,0.02,0.0,0.0,5.01,0.2536,30.89,0.0
551,35.92,0.07,0.0,0.0,4.96,0.2227,30.89,0.0
552,35.96,0.34,0.0,0.0,4.74,0.1921,30.89,0.0
553,35.96,0.34,0.0,0.0,4.74,0.1629,30.89,0.0
554,35.96,0.58,0.0,0.0,4.49,0.1337,30.89,0.0
555,35.96,0.93,0.0,0.0,4.15,0.1061,30.89,0.0
556,35.96,0.93,0.0,0.0,4.15,0.0805,30.89,0.0
557,35.96,1.97,0.0,0.0,3.1,0.0549,30.89,0.0
558,35.96,2.7,0.0,0.0,2.37,0.0358,30.89,0.0
559,37.92,3.59,0.0,0.0,3.43,0.0211,30.89,0.0
560,39.79,37.32,5.32,0.0,0.0,0.0,0.0,2.86
561,41.52,80.04,42.37,50.0,0.0,0.0,0.0,30.89
562,43.04,0.13,73.8,0.0,0.0,0.2782,0.0,30.89
563,44.28,0.0,93.72,18.55,0.0,0.2782,0.0,30.89
564,45.2,21.94,104.15,50.0,0.0,0.3815,0.0,30.89
565,45.77,76.66,0.0,0.0,0.0,0.6597,0.0,30.89
566,45.96,0.0,96.37,19.51,0.0,0.6597,0.0,30.89
567,45.77,39.83,78.47,41.64,0.0,0.7683,0.0,30.89
568,45.2,25.62,50.47,0.0,0.0,1.0,0.0,30.89
569,44.28,1.38,14.67,0.0,0.0,1.0,28.23,0.0
570,43.04,0.07,0.0,0.0,42.96,1.0,0.0,0.0
571,41.52,0.07,0.0,0.0,32.17,0.7351,9.28,0.0
572,39.79,0.17,0.0,0.0,8.73,0.5367,30.89,0.0
573,37.92,0.58,0.0,0.0,6.44,0.4829,30.89,0.0
574,35.96,1.97,0.0,0.0,3.1,0.4432,30.89,0.0
575,35.96,4.67,0.0,0.0,0.41,0.4241,30.89,0.0
576,36.0,7.41,0.0,0.0,0.0,0.4216,28.59,0.0
577,36.0,7.41,0.0,0.0,0.0,0.4216,28.59,0.0
578,36.0,5.93,0.0,0.0,0.0,0.4216,30.07,0.0
579,36.0,4.67,0.0,0.0,0.45,0.4216,30.89,0.0
580,36.0,3.59,0.0,0.0,1.52,0.4188,30.89,0.0
581,36.0,2.7,0.0,0.0,2.41,0.4094,30.89,0.0
582,36.0,1.97,0.0,0.0,3.14,0.3946,30.89,0.0
583,37.95,1.97,0.0,0.0,35.99,0.3752,0.0,0.0
584,39.83,9.11,5.86,0.0,24.86,0.1533,0.0,0.0
585,41.56,18.52,42.91,0.0,0.0,0.0,0.0,19.88
586,43.07,21.6,72.81,20.44,0.0,0.0,0.0,30.89
587,44.32,34.96,90.25,50.0,0.0,0.1138,0.0,30.89
588,45.24,53.14,72.99,50.0,0.0,0.392,0.0,30.89
589,45.81,47.45,75.11,45.86,0.0,0.6703,0.0,30.89
590,46.0,0.0,90.29,13.39,0.0,0.9255,0.0,30.89
591,45.81,4.12,72.58,0.0,0.0,1.0,0.0,30.89
592,45.24,3.59,45.65,0.0,0.0,1.0,0.0,4.0
593,44.32,0.07,12.69,0.0,0.67,1.0,30.89,0.0
594,43.07,0.07,0.0,0.0,12.11,0.9959,30.89,0.0
595,41.56,0.17,0.0,0.0,41.39,0.9212,0.0,0.0
596,39.83,0.58,0.0,0.0,8.36,0.666,30.89,0.0
597,37.95,1.97,0.0,0.0,5.09,0.6145,30.89,0.0
598,36.0,3.59,0.0,0.0,1.52,0.5831,30.89,0.0
599,36.0,4.67,0.0,0.0,0.45,0.5737,30.89,0.0
600,36.04,5.93,0.0,0.0,30.11,0.571,0.0,0.0
601,36.04,5.93,0.0,0.0,0.0,0.3853,30.11,0.0
602,36.04,3.59,0.0,0.0,1.56,0.3853,30.89,0.0
603,36.04,3.59,0.0,0.0,1.56,0.3757,30.89,0.0
604,36.04,3.59,0.0,0.0,32.45,0.3661,0.0,0.0
605,36.04,3.59,0.0,0.0,1.56,0.166,30.89,0.0
606,36.04,3.59,0.0,0.0,21.86,0.1564,10.59,0.0
607,37.99,3.59,0.0,0.0,3.51,0.0216,30.89,0.0
608,39.87,42.19,4.16,0.0,0.0,0.0,0.0,6.48
609,41.6,85.49,37.0,50.0,0.0,0.0,0.0,30.89
610,43.11,9.03,64.97,0.0,0.0,0.2782,0.0,30.89
611,44.36,0.0,85.96,10.72,0.0,0.2782,0.0,30.89
612,45.28,0.0,81.69,5.51,0.0,0.3379,0.0,30.89
613,45.85,96.96,29.79,50.0,0.0,0.3686,0.0,30.89
614,46.04,0.0,90.4,13.47,0.0,0.6468,0.0,30.89
615,45.85,53.37,73.37,50.0,0.0,0.7218,0.0,30.89
616,45.28,21.6,46.98,0.0,0.0,1.0,0.0,23.3
617,44.36,0.58,13.63,0.0,0.0,1.0,30.14,0.0
618,43.11,0.02,0.0,0.0,43.09,1.0,0.0,0.0
619,41.6,0.0,0.0,0.0,10.71,0.7343,30.89,0.0
620,39.87,0.02,0.0,0.0,8.96,0.6683,30.89,0.0
621,37.99,0.07,0.0,0.0,7.03,0.613,30.89,0.0
622,36.04,0.17,0.0,0.0,4.98,0.5697,30.89,0.0
623,36.04,0.34,0.0,0.0,4.81,0.539,30.89,0.0
624,36.08,0.34,0.0,0.0,4.85,0.5093,30.89,0.0
625,36.08,0.34,0.0,0.0,4.85,0.4794,30.89,0.0
626,36.08,0.17,0.0,0.0,5.02,0.4495,30.89,0.0
627,36.08,0.07,0.0,0.0,36.01,0.4185,0.0,0.0
628,36.08,0.0,0.0,0.0,5.19,0.1965,30.89,0.0
629,36.08,0.0,0.0,0.0,5.19,0.1645,30.89,0.0
630,36.08,0.0,0.0,0.0,9.61,0.1325,26.47,0.0
631,38.03,0.0,0.0,0.0,7.14,0.0732,30.89,0.0
632,39.91,0.0,4.28,0.0,4.73,0.0292,30.89,0.0
633,41.64,0.0,13.12,0.0,0.0,0.0,28.51,0.0
634,43.15,0.02,63.29,0.0,0.0,0.0,0.0,20.16
635,44.4,0.34,81.4,29.45,0.0,0.0,0.0,7.9
636,45.32,0.58,90.76,46.02,0.0,0.1639,0.0,0.0
637,45.89,0.34,91.39,45.84,0.0,0.42,0.0,0.0
638,46.08,0.02,83.29,37.23,0.0,0.675,0.0,0.0
639,45.89,0.0,67.05,21.16,0.0,0.8822,0.0,0.0
640,45.32,0.0,42.35,0.0,0.0,1.0,2.97,0.0
641,44.4,0.0,4.32,0.0,9.19,1.0,30.89,0.0
642,43.15,0.0,0.0,0.0,12.26,0.9433,30.89,0.0
643,41.64,0.0,0.0,0.0,28.55,0.8677,13.09,0.0
644,39.91,0.07,0.0,0.0,8.94,0.6917,30.89,0.0
645,38.03,0.58,0.0,0.0,6.56,0.6365,30.89,0.0
646,36.08,1.97,0.0,0.0,3.22,0.5961,30.89,0.0
647,36.08,5.93,0.0,0.0,30.15,0.5762,0.0,0.0
648,36.12,11.06,0.0,0.0,0.0,0.3903,25.06,0.0
649,36.12,9.11,0.0,0.0,27.01,0.3903,0.0,0.0
650,36.12,1.38,0.0,0.0,3.85,0.2238,30.89,0.0
651,36.12,0.02,0.0,0.0,5.21,0.2001,30.89,0.0
652,36.12,0.0,0.0,0.0,5.23,0.168,30.89,0.0
653,36.12,0.0,0.0,0.0,5.23,0.1357,30.89,0.0
654,36.12,0.0,0.0,0.0,5.23,0.1035,30.89,0.0
655,38.07,0.0,0.0,0.0,7.18,0.0712,30.89,0.0
656,39.95,0.0,4.69,0.0,4.37,0.027,30.89,0.0
657,41.68,0.02,36.32,0.0,0.0,0.0,5.33,0.0
658,43.19,0.34,63.69,0.0,0.0,0.0,0.0,20.83
659,44.44,1.38,82.04,22.09,0.0,0.0,0.0,16.9
660,45.36,1.97,91.9,48.51,0.0,0.1229,0.0,0.0
661,45.93,0.93,92.94,47.94,0.0,0.3929,0.0,0.0
662,46.12,0.07,84.89,38.85,0.0,0.6597,0.0,0.0
663,45.93,0.0,68.23,22.3,0.0,0.8759,0.0,0.0
664,45.36,0.0,43.42,0.0,0.81,1.0,1.13,0.0
665,44.44,0.0,12.33,0.0,1.22,0.995,30.89,0.0
666,43.19,0.0,0.0,0.0,43.19,0.9875,0.0,0.0
667,41.68,0.0,0.0,0.0,41.68,0.7212,0.0,0.0
668,39.95,0.0,0.0,0.0,9.06,0.4642,30.89,0.0
669,38.07,0.0,0.0,0.0,7.18,0.4083,30.89,0.0
670,36.12,0.0,0.0,0.0,5.23,0.3641,30.89,0.0
671,36.12,0.0,0.0,0.0,5.23,0.3318,30.89,0.0
672,36.16,0.0,0.0,0.0,5.27,0.2996,30.89,0.0
673,36.16,0.0,0.0,0.0,5.27,0.2671,30.89,0.0
674,36.16,0.0,0.0,0.0,5.27,0.2346,30.89,0.0
675,36.16,0.0,0.0,0.0,5.27,0.2021,30.89,0.0
676,36.16,0.0,0.0,0.0,5.27,0.1696,30.89,0.0
677,36.16,0.0,0.0,0.0,5.27,0.1372,30.89,0.0
678,36.16,0.0,0.0,0.0,5.27,0.1047,30.89,0.0
679,38.11,0.0,0.0,0.0,7.22,0.0722,30.89,0.0
680,39.99,0.02,4.58,0.0,4.49,0.0277,30.89,0.0
681,41.71,1.97,36.27,0.0,0.0,0.0,3.48,0.0
682,43.23,5.93,64.37,0.0,0.0,0.0,0.0,27.08
683,44.47,9.11,79.51,13.26,0.0,0.0,0.0,30.89
684,45.4,11.06,90.24,50.0,0.0,0.0738,0.0,5.9
685,45.97,11.06,92.1,50.0,0.0,0.352,0.0,7.2
686,46.16,9.11,84.88,38.81,0.0,0.6303,0.0,9.03
687,45.97,4.67,68.93,27.63,0.0,0.8462,0.0,0.0
688,45.4,0.34,44.17,0.0,0.0,1.0,0.89,0.0
689,44.47,0.0,13.3,0.0,31.17,1.0,0.0,0.0
690,43.23,0.0,0.0,0.0,43.23,0.8078,0.0,0.0
691,41.71,0.0,0.0,0.0,10.82,0.5412,30.89,0.0
692,39.99,0.0,0.0,0.0,9.09,0.4745,30.89,0.0
693,38.11,0.0,0.0,0.0,7.22,0.4184,30.89,0.0
694,36.16,0.0,0.0,0.0,5.27,0.3739,30.89,0.0
695,36.16,0.07,0.0,0.0,5.19,0.3414,30.89,0.0
696,36.2,0.17,0.0,0.0,5.13,0.3094,30.89,0.0
697,36.2,0.34,0.0,0.0,4.97,0.2777,30.89,0.0
698,36.2,0.34,0.0,0.0,4.97,0.2471,30.89,0.0
699,36.2,0.34,0.0,0.0,4.97,0.2165,30.89,0.0
700,36.2,0.34,0.0,0.0,12.59,0.1858,23.27,0.0
701,36.2,0.17,0.0,0.0,5.13,0.1082,30.89,0.0
702,36.2,0.07,0.0,0.0,5.23,0.0766,30.89,0.0
703,38.15,0.07,0.0,0.0,7.18,0.0443,30.89,0.0
704,40.02,2.7,7.26,0.0,0.0,0.0,30.06,0.0
705,41.75,18.52,42.07,0.0,0.0,0.0,0.0,18.84
706,43.27,4.26,69.9,0.0,0.0,0.0,0.0,30.89
707,44.51,39.03,86.38,50.0,0.0,0.0,0.0,30.89
708,45.44,96.96,0.0,20.63,0.0,0.2782,0.0,30.89
709,46.0,96.96,29.94,50.0,0.0,0.393,0.0,30.89
710,46.2,24.02,86.24,33.17,0.0,0.6713,0.0,30.89
711,46.0,32.85,69.95,25.9,0.0,0.8559,0.0,30.89
712,45.44,3.59,46.07,0.0,0.0,1.0,0.0,4.23
713,44.51,0.93,15.17,0.0,0.0,1.0,28.41,0.0
714,43.27,0.93,0.0,0.0,11.45,1.0,30.89,0.0
715,41.75,0.93,0.0,0.0,9.94,0.9294,30.89,0.0
716,40.02,1.38,0.0,0.0,7.75,0.8681,30.89,0.0
717,38.15,3.59,0.0,0.0,34.55,0.8203,0.0,0.0
718,36.2,5.93,0.0,0.0,12.01,0.6073,18.25,0.0
719,36.2,5.93,0.0,0.0,30.26,0.5332,0.0,0.0
720,36.23,5.93,0.0,0.0,0.0,0.3466,30.3,0.0
721,36.23,4.67,0.0,0.0,0.68,0.3466,30.89,0.0
722,36.23,3.59,0.0,0.0,1.75,0.3425,30.89,0.0
723,36.23,2.7,0.0,0.0,2.64,0.3317,30.89,0.0
724,36.23,1.97,0.0,0.0,3.37,0.3154,30.89,0.0
725,36.23,1.38,0.0,0.0,3.96,0.2946,30.89,0.0
726,36.23,0.93,0.0,0.0,4.42,0.2701,30.89,0.0
727,38.19,0.58,0.0,0.0,6.71,0.2429,30.89,0.0
728,40.06,0.58,6.79,0.0,32.68,0.2015,0.0,0.0
729,41.79,3.59,39.4,0.0,0.0,0.0,0.0,1.21
730,43.31,18.52,66.89,11.22,0.0,0.0,0.0,30.89
731,44.55,40.37,85.07,50.0,0.0,0.0624,0.0,30.89
732,45.47,96.96,29.41,50.0,0.0,0.3407,0.0,30.89
733,46.04,96.96,29.98,50.0,0.0,0.6189,0.0,30.89
734,46.23,7.23,88.37,18.48,0.0,0.8972,0.0,30.89
735,46.04,5.2,71.74,0.0,0.0,1.0,0.0,30.89
736,45.47,21.6,46.4,0.0,0.0,1.0,0.0,22.52
737,44.55,4.67,14.51,0.0,0.0,1.0,25.38,0.0
738,43.31,3.59,0.0,0.0,8.82,1.0,30.89,0.0
739,41.79,9.11,0.0,0.0,32.68,0.9456,0.0,0.0
740,40.06,13.27,0.0,0.0,26.79,0.7441,0.0,0.0
741,38.19,7.41,0.0,0.0,0.0,0.5789,30.78,0.0
742,36.23,3.59,0.0,0.0,1.75,0.5789,30.89,0.0
743,36.23,3.59,0.0,0.0,1.75,0.5681,30.89,0.0
744,36.27,3.59,0.0,0.0,1.79,0.5573,30.89,0.0
745,36.27,3.59,0.0,0.0,1.79,0.5463,30.89,0.0
746,36.27,4.67,0.0,0.0,0.71,0.5353,30.89,0.0
747,36.27,4.67,0.0,0.0,0.71,0.5309,30.89,0.0
748,36.27,5.93,0.0,0.0,0.0,0.5265,30.34,0.0
749,36.27,5.93,0.0,0.0,0.0,0.5265,30.34,0.0
750,36.27,3.59,0.0,0.0,32.68,0.5265,0.0,0.0
751,38.22,2.7,0.0,0.0,16.74,0.325,18.79,0.0
752,40.1,0.02,4.1,0.0,35.97,0.2218,0.0,0.0
753,41.83,0.02,32.02,0.0,0.0,0.0,9.79,0.0
754,43.34,0.17,59.13,0.0,0.0,0.0,0.0,15.96
755,44.59,2.7,78.33,13.33,0.0,0.0,0.0,23.11
756,45.51,5.93,89.15,49.57,0.0,0.0742,0.0,0.0
757,46.08,7.41,91.01,50.0,0.0,0.35,0.0,2.34
758,46.27,4.67,83.86,42.26,0.0,0.6283,0.0,0.0
759,46.08,2.7,67.92,24.54,0.0,0.8634,0.0,0.0
760,45.51,0.34,43.78,0.0,0.0,1.0,1.4,0.0
761,44.59,0.0,13.48,0.0,0.21,1.0,30.89,0.0
762,43.34,0.02,0.0,0.0,19.27,0.9987,24.05,0.0
763,41.83,0.17,0.0,0.0,10.76,0.8799,30.89,0.0
764,40.1,0.17,0.0,0.0,39.93,0.8135,0.0,0.0
765,38.22,0.58,0.0,0.0,37.64,0.5673,0.0,0.0
766,36.27,1.38,0.0,0.0,4.0,0.3352,30.89,0.0
767,36.27,2.7,0.0,0.0,2.68,0.3106,30.89,0.0
768,36.31,1.97,0.0,0.0,3.45,0.294,30.89,0.0
769,36.31,0.17,0.0,0.0,5.24,0.2728,30.89,0.0
770,36.31,0.0,0.0,0.0,5.42,0.2404,30.89,0.0
771,36.31,0.0,0.0,0.0,5.42,0.207,30.89,0.0
772,36.31,0.0,0.0,0.0,5.42,0.1736,30.89,0.0
773,36.31,0.0,0.0,0.0,5.42,0.1402,30.89,0.0
774,36.31,0.0,0.0,0.0,5.42,0.1068,30.89,0.0
775,38.26,0.0,0.0,0.0,7.37,0.0734,30.89,0.0
776,40.14,0.34,4.37,0.0,4.54,0.028,30.89,0.0
777,41.86,5.93,32.42,0.0,0.0,0.0,3.51,0.0
778,43.38,18.52,59.24,3.49,0.0,0.0,0.0,30.89
779,44.62,32.85,68.87,26.21,0.0,0.0194,0.0,30.89
780,45.55,38.05,88.39,50.0,0.0,0.1653,0.0,30.89
781,46.12,35.12,91.89,50.0,0.0,0.4435,0.0,30.89
782,46.31,52.17,75.03,50.0,0.0,0.7218,0.0,30.89
783,46.12,42.19,28.38,0.0,0.0,1.0,0.0,24.45
784,45.55,13.27,25.71,0.0,0.0,1.0,6.57,0.0
785,44.62,0.93,8.15,0.0,4.65,1.0,30.89,0.0
786,43.38,0.07,0.0,0.0,12.42,0.9713,30.89,0.0
787,41.86,0.0,0.0,0.0,10.97,0.8948,30.89,0.0
788,40.14,0.0,0.0,0.0,9.24,0.8271,30.89,0.0
789,38.26,0.0,0.0,0.0,7.37,0.7701,30.89,0.0
790,36.31,0.0,0.0,0.0,5.42,0.7247,30.89,0.0
791,36.31,0.0,0.0,0.0,5.42,0.6913,30.89,0.0
792,36.35,0.0,0.0,0.0,5.45,0.6579,30.89,0.0
793,36.35,0.0,0.0,0.0,5.45,0.6242,30.89,0.0
794,36.35,0.0,0.0,0.0,5.45,0.5906,30.89,0.0
795,36.35,0.0,0.0,0.0,5.45,0.557,30.89,0.0
796,36.35,0.0,0.0,0.0,5.45,0.5233,30.89,0.0
797,36.35,0.0,0.0,0.0,5.45,0.4897,30.89,0.0
798,36.35,0.0,0.0,0.0,5.45,0.4561,30.89,0.0
799,38.3,0.0,0.0,0.0,7.41,0.4224,30.89,0.0
800,40.17,0.0,0.49,0.0,8.79,0.3768,30.89,0.0
801,41.9,0.07,2.57,0.0,8.37,0.3226,30.89,0.0
802,43.42,0.07,8.87,0.0,3.58,0.271,30.89,0.0
803,44.66,0.17,32.5,18.91,0.0,0.2489,30.89,0.0
804,45.58,0.93,27.31,0.0,0.0,0.3541,17.35,0.0
805,46.15,2.7,42.24,21.31,0.0,0.3541,22.52,0.0
806,46.35,5.93,31.03,21.51,0.0,0.4727,30.89,0.0
807,46.15,11.06,3.26,0.0,0.94,0.5924,30.89,0.0
808,45.58,7.41,10.2,0.0,0.0,0.5866,27.97,0.0
809,44.66,1.38,14.36,0.0,0.0,0.5866,28.92,0.0
810,43.42,0.34,0.0,0.0,12.19,0.5866,30.89,0.0
811,41.9,0.34,0.0,0.0,10.67,0.5115,30.89,0.0
812,40.17,0.58,0.0,0.0,8.7,0.4457,30.89,0.0
813,38.3,0.34,0.0,0.0,7.07,0.392,30.89,0.0
814,36.35,0.17,0.0,0.0,5.28,0.3485,30.89,0.0
815,36.35,0.07,0.0,0.0,5.38,0.3159,30.89,0.0
816,36.38,0.02,0.0,0.0,5.47,0.2827,30.89,0.0
817,36.38,0.0,0.0,0.0,5.49,0.249,30.89,0.0
818,36.38,0.0,0.0,0.0,5.49,0.2151,30.89,0.0
819,36.38,0.0,0.0,0.0,5.49,0.1813,30.89,0.0
820,36.38,0.0,0.0,0.0,5.49,0.1474,30.89,0.0
821,36.38,0.0,0.0,0.0,5.49,0.1136,30.89,0.0
822,36.38,0.0,0.0,0.0,5.49,0.0797,30.89,0.0
823,38.33,0.0,0.0,0.0,7.44,0.0459,30.89,0.0
824,40.21,0.0,11.67,0.0,0.0,0.0,28.53,0.0
825,41.94,0.02,49.13,0.0,0.0,0.0,0.0,7.21
826,43.45,4.67,78.35,8.67,0.0,0.0,0.0,30.89
827,44.7,13.27,62.32,0.0,0.0,0.0483,0.0,30.89
828,45.62,15.41,107.14,46.05,0.0,0.0483,0.0,30.89
829,46.19,18.6,108.48,50.0,0.0,0.3045,0.0,30.89
830,46.38,25.01,101.07,48.81,0.0,0.5828,0.0,30.89
831,46.19,18.52,84.73,26.17,0.0,0.8544,0.0,30.89
832,45.62,5.93,59.8,0.0,0.0,1.0,0.0,20.11
833,44.7,0.07,24.07,0.0,0.0,1.0,20.56,0.0
834,43.45,0.0,0.0,0.0,15.46,1.0,27.99,0.0
835,41.94,0.0,0.0,0.0,11.05,0.9047,30.89,0.0
836,40.21,0.0,0.0,0.0,9.32,0.8366,30.89,0.0
837,38.33,0.0,0.0,0.0,7.44,0.7791,30.89,0.0
838,36.38,0.0,0.0,0.0,36.38,0.7332,0.0,0.0
839,36.38,0.0,0.0,0.0,36.38,0.5089,0.0,0.0
840,36.42,0.0,0.0,0.0,5.52,0.2846,30.89,0.0
841,36.42,0.0,0.0,0.0,5.52,0.2505,30.89,0.0
842,36.42,0.0,0.0,0.0,5.53,0.2165,30.89,0.0
843,36.42,0.0,0.0,0.0,5.53,0.1824,30.89,0.0
844,36.42,0.0,0.0,0.0,5.53,0.1483,30.89,0.0
845,36.42,0.0,0.0,0.0,5.53,0.1142,30.89,0.0
846,36.42,0.0,0.0,0.0,5.53,0.0802,30.89,0.0
847,38.37,0.0,0.0,0.0,7.48,0.0461,30.89,0.0
848,40.24,0.0,12.12,0.0,0.0,0.0,28.13,0.0
849,41.97,0.02,47.48,0.0,0.0,0.0,0.0,5.53
850,43.49,1.38,74.66,1.66,0.0,0.0,0.0,30.89
851,44.73,3.59,92.38,20.36,0.0,0.0093,0.0,30.89
852,45.66,4.67,102.24,30.36,0.0,0.1225,0.0,30.89
853,46.22,4.67,103.38,50.0,0.0,0.2915,0.0,11.82
854,46.42,5.93,96.02,37.58,0.0,0.5698,0.0,17.96
855,46.22,7.41,78.55,39.74,0.0,0.7789,0.0,0.0
856,45.66,1.38,52.71,0.0,0.0,1.0,0.0,8.43
857,44.73,0.02,19.33,0.0,0.0,1.0,25.38,0.0
858,43.49,0.0,0.0,0.0,43.49,1.0,0.0,0.0
859,41.97,0.07,0.0,0.0,11.01,0.7319,30.89,0.0
860,40.24,0.07,0.0,0.0,40.17,0.664,0.0,0.0
861,38.37,0.07,0.0,0.0,7.4,0.4163,30.89,0.0
862,36.42,0.02,0.0,0.0,5.5,0.3706,30.89,0.0
863,36.42,0.0,0.0,0.0,8.16,0.3367,28.25,0.0
864,36.45,0.0,0.0,0.0,5.56,0.2864,30.89,0.0
865,36.45,0.0,0.0,0.0,5.56,0.2521,30.89,0.0
866,36.45,0.0,0.0,0.0,5.56,0.2178,30.89,0.0
867,36.45,0.0,0.0,0.0,5.56,0.1835,30.89,0.0
868,36.45,0.0,0.0,0.0,5.56,0.1492,30.89,0.0
869,36.45,0.0,0.0,0.0,5.56,0.1149,30.89,0.0
870,36.45,0.0,0.0,0.0,5.56,0.0806,30.89,0.0
871,38.4,0.0,0.0,0.0,7.51,0.0463,30.89,0.0
872,40.28,0.34,10.45,0.0,0.0,0.0,29.49,0.0
873,42.01,5.93,35.18,0.0,0.0,0.0,0.89,0.0
874,43.52,11.06,36.89,4.43,0.0,0.0,0.0,0.0
875,44.77,9.11,43.22,7.56,0.0,0.0246,0.0,0.0
876,45.69,7.41,74.6,36.32,0.0,0.0667,0.0,0.0
877,46.26,11.06,14.31,0.0,20.89,0.2688,0.0,0.0
878,46.45,25.01,54.88,33.43,0.0,0.14,0.0,0.0
879,46.26,37.32,24.03,15.09,0.0,0.3261,0.0,0.0
880,45.69,32.85,8.88,0.0,3.96,0.4101,0.0,0.0
881,44.77,18.52,2.93,0.0,0.0,0.3857,23.32,0.0
882,43.52,15.75,0.0,0.0,8.02,0.3857,19.75,0.0
883,42.01,18.52,0.0,0.0,23.49,0.3362,0.0,0.0
884,40.28,25.01,0.0,0.0,0.0,0.1914,15.27,0.0
885,38.4,37.32,0.0,0.0,1.08,0.1914,0.0,0.0
886,36.45,53.14,0.0,16.69,0.0,0.1847,0.0,0.0
887,36.45,65.85,0.0,29.4,0.0,0.2776,0.0,0.0
888,36.49,65.85,0.0,29.36,0.0,0.4412,0.0,0.0
889,36.49,42.19,0.0,5.7,0.0,0.6046,0.0,0.0
890,36.49,18.52,0.0,0.0,17.97,0.6363,0.0,0.0
891,36.49,4.67,0.0,0.0,31.82,0.5255,0.0,0.0
892,36.49,1.38,0.0,0.0,4.21,0.3293,30.89,0.0
893,36.49,0.34,0.0,0.0,5.26,0.3034,30.89,0.0
894,36.49,0.07,0.0,0.0,5.52,0.2709,30.89,0.0
895,38.44,0.02,0.0,0.0,38.42,0.2369,0.0,0.0
896,40.31,1.38,8.52,0.0,0.0,0.0,30.41,0.0
897,42.04,1.97,39.13,0.0,0.0,0.0,0.94,0.0
898,43.56,0.93,66.48,0.0,0.0,0.0,0.0,23.85
899,44.8,1.97,86.65,12.92,0.0,0.0,0.0,30.89
900,45.73,3.59,97.71,50.0,0.0,0.0719,0.0,5.58
901,46.29,5.93,100.3,50.0,0.0,0.3502,0.0,9.94
902,46.49,5.93,94.22,50.0,0.0,0.6284,0.0,3.67
903,46.29,4.67,79.25,16.77,0.0,0.9067,0.0,20.84
904,45.73,0.58,55.81,0.0,0.0,1.0,0.0,10.66
905,44.8,0.0,23.01,0.0,0.0,1.0,21.79,0.0
906,43.56,0.0,0.0,0.0,43.56,1.0,0.0,0.0
907,42.04,0.0,0.0,0.0,25.42,0.7314,16.62,0.0
908,40.31,0.0,0.0,0.0,9.42,0.5747,30.89,0.0
909,38.44,0.0,0.0,0.0,7.54,0.5166,30.89,0.0
910,36.49,0.07,0.0,0.0,5.52,0.47,30.89,0.0
911,36.49,0.34,0.0,0.0,5.26,0.436,30.89,0.0
912,36.52,0.93,0.0,0.0,4.7,0.4036,30.89,0.0
913,36.52,2.7,0.0,0.0,2.93,0.3746,30.89,0.0
914,36.52,2.7,0.0,0.0,2.93,0.3565,30.89,0.0
915,36.52,2.7,0.0,0.0,2.93,0.3384,30.89,0.0
916,36.52,1.97,0.0,0.0,3.66,0.3204,30.89,0.0
917,36.52,0.93,0.0,0.0,35.59,0.2978,0.0,0.0
918,36.52,0.34,0.0,0.0,5.29,0.0783,30.89,0.0
919,38.47,0.17,0.0,0.0,7.41,0.0457,30.89,0.0
920,40.35,3.59,12.87,0.0,0.0,0.0,23.89,0.0
921,42.08,9.11,48.1,0.0,0.0,0.0,0.0,15.14
922,43.59,25.01,75.55,26.07,0.0,0.0,0.0,30.89
923,44.84,34.41,91.32,50.0,0.0,0.1451,0.0,30.89
924,45.76,18.52,99.31,41.18,0.0,0.4233,0.0,30.89
925,46.33,7.41,99.32,29.51,0.0,0.6525,0.0,30.89
926,46.52,1.97,91.29,32.94,0.0,0.8167,0.0,13.8
927,46.33,1.38,75.42,0.0,0.0,1.0,0.0,30.47
928,45.76,0.17,51.48,0.0,0.0,1.0,0.0,5.89
929,44.84,0.0,19.66,0.0,0.97,1.0,24.2,0.0
930,43.59,0.02,0.0,0.0,43.57,0.994,0.0,0.0
931,42.08,0.0,0.0,0.0,11.18,0.7254,30.89,0.0
932,40.35,0.0,0.0,0.0,9.46,0.6564,30.89,0.0
933,38.47,0.0,0.0,0.0,38.47,0.5981,0.0,0.0
934,36.52,0.0,0.0,0.0,5.63,0.3609,30.89,0.0
935,36.52,0.0,0.0,0.0,5.63,0.3262,30.89,0.0
936,36.56,0.0,0.0,0.0,5.66,0.2914,30.89,0.0
937,36.56,0.0,0.0,0.0,5.66,0.2565,30.89,0.0
938,36.56,0.0,0.0,0.0,5.66,0.2216,30.89,0.0
939,36.56,0.0,0.0,0.0,5.66,0.1867,30.89,0.0
940,36.56,0.0,0.0,0.0,5.66,0.1517,30.89,0.0
941,36.56,0.0,0.0,0.0,5.66,0.1168,30.89,0.0
942,36.56,0.0,0.0,0.0,5.66,0.0819,30.89,0.0
943,38.51,0.0,0.0,0.0,7.62,0.047,30.89,0.0
944,40.38,0.0,11.85,0.0,0.0,0.0,28.53,0.0
945,42.11,0.0,44.92,0.0,0.0,0.0,0.0,2.81
946,43.63,0.34,71.82,0.0,0.0,0.0,0.0,28.53
947,44.87,4.67,89.44,18.34,0.0,0.0,0.0,30.89
948,45.79,9.11,98.88,50.0,0.0,0.1021,0.0,12.2
949,46.36,7.41,99.83,50.0,0.0,0.3803,0.0,10.88
950,46.56,3.59,91.65,48.68,0.0,0.6586,0.0,0.0
951,46.36,0.34,76.14,5.92,0.0,0.9295,0.0,24.19
952,45.79,0.0,52.54,6.75,0.0,0.9624,0.0,0.0
953,44.87,0.0,20.79,0.0,0.0,1.0,24.08,0.0
954,43.63,0.0,0.0,0.0,43.63,1.0,0.0,0.0
955,42.11,0.0,0.0,0.0,11.22,0.731,30.89,0.0
956,40.38,0.0,0.0,0.0,9.49,0.6618,30.89,0.0
957,38.51,0.0,0.0,0.0,16.67,0.6033,21.84,0.0
958,36.56,0.0,0.0,0.0,5.66,0.5005,30.89,0.0
959,36.56,0.0,0.0,0.0,5.66,0.4656,30.89,0.0
960,36.59,0.0,0.0,0.0,5.7,0.4307,30.89,0.0
961,36.59,0.0,0.0,0.0,5.7,0.3955,30.89,0.0
962,36.59,0.0,0.0,0.0,5.7,0.3604,30.89,0.0
963,36.59,0.17,0.0,0.0,5.52,0.3253,30.89,0.0
964,36.59,0.34,0.0,0.0,5.36,0.2912,30.89,0.0
965,36.59,0.34,0.0,0.0,5.36,0.2582,30.89,0.0
966,36.59,0.58,0.0,0.0,5.11,0.2251,30.89,0.0
967,38.54,0.58,0.0,0.0,7.06,0.1936,30.89,0.0
968,40.42,15.75,0.34,0.0,24.33,0.15,0.0,0.0
969,42.14,71.26,1.78,0.0,0.0,0.0,0.0,30.89
970,43.66,68.59,7.26,1.3,0.0,0.0,0.0,30.89
971,44.9,67.55,8.24,0.0,0.0,0.0072,0.0,30.89
972,45.83,96.96,20.83,41.07,0.0,0.0072,0.0,30.89
973,46.4,71.74,55.55,50.0,0.0,0.2357,0.0,30.89
974,46.59,21.69,55.78,0.0,0.0,0.514,0.0,30.89
975,46.4,52.06,75.23,50.0,0.0,0.514,0.0,30.89
976,45.83,28.41,48.31,0.0,0.0,0.7922,0.0,30.89
977,44.9,96.96,16.17,37.33,0.0,0.7922,0.0,30.89
978,43.66,65.85,0.0,0.0,0.0,1.0,0.0,22.19
979,42.14,37.32,0.0,0.0,0.0,1.0,4.82,0.0
980,40.42,15.75,0.0,0.0,0.0,1.0,24.67,0.0
981,38.54,4.67,0.0,0.0,2.98,1.0,30.89,0.0
982,36.59,1.38,0.0,0.0,22.85,0.9816,12.35,0.0
983,36.59,0.93,0.0,0.0,4.77,0.8407,30.89,0.0
984,36.62,0.58,0.0,0.0,5.15,0.8113,30.89,0.0
985,36.62,0.93,0.0,0.0,35.69,0.7796,0.0,0.0
986,36.62,0.93,0.0,0.0,35.69,0.5595,0.0,0.0
987,36.62,0.93,0.0,0.0,4.8,0.3394,30.89,0.0
988,36.62,1.38,0.0,0.0,4.35,0.3097,30.89,0.0
989,36.62,1.38,0.0,0.0,4.35,0.2829,30.89,0.0
990,36.62,1.38,0.0,0.0,4.35,0.2561,30.89,0.0
991,38.57,1.38,0.0,0.0,37.19,0.2293,0.0,0.0
992,40.45,25.01,10.98,0.0,0.0,0.0,4.46,0.0
993,42.18,28.82,44.24,0.0,0.0,0.0,0.0,30.89
994,43.69,52.43,72.15,50.0,0.0,0.0,0.0,30.89
995,44.94,34.4,91.42,50.0,0.0,0.2782,0.0,30.89
996,45.86,96.96,29.8,50.0,0.0,0.5565,0.0,30.89
997,46.43,85.66,0.0,8.34,0.0,0.8347,0.0,30.89
998,46.62,0.0,96.62,19.11,0.0,0.8812,0.0,30.89
999,46.43,0.0,79.57,2.25,0.0,0.9875,0.0,30.89
1000,45.86,22.77,53.98,0.0,0.0,1.0,0.0,30.89
1001,44.94,3.59,21.18,0.0,0.0,1.0,20.16,0.0
1002,43.69,1.97,0.0,0.0,10.83,1.0,30.89,0.0
1003,42.18,1.38,0.0,0.0,9.9,0.9332,30.89,0.0
1004,40.45,1.97,0.0,0.0,7.59,0.8721,30.89,0.0
1005,38.57,2.7,0.0,0.0,4.98,0.8253,30.89,0.0
1006,36.62,4.67,0.0,0.0,1.06,0.7946,30.89,0.0
1007,36.62,5.93,0.0,0.0,0.0,0.7881,30.69,0.0
1008,36.65,3.59,0.0,0.0,2.17,0.7881,30.89,0.0
1009,36.65,0.93,0.0,0.0,35.73,0.7747,0.0,0.0
1010,36.65,0.58,0.0,0.0,36.07,0.5544,0.0,0.0
1011,36.65,0.93,0.0,0.0,12.84,0.332,22.88,0.0
1012,36.65,1.97,0.0,0.0,34.68,0.2528,0.0,0.0
1013,36.65,3.59,0.0,0.0,2.17,0.0389,30.89,0.0
1014,36.65,4.67,0.0,0.0,1.1,0.0256,30.89,0.0
1015,38.6,4.67,0.0,0.0,3.05,0.0188,30.89,0.0
1016,40.48,32.85,15.24,0.0,0.0,0.0,0.0,7.61
1017,42.21,22.45,50.65,0.0,0.0,0.0,0.0,30.89
1018,43.73,45.33,79.29,50.0,0.0,0.0,0.0,30.89
1019,44.97,0.0,97.81,21.95,0.0,0.2782,0.0,30.89
1020,45.89,0.0,107.65,30.86,0.0,0.4004,0.0,30.89
1021,46.46,0.0,104.24,26.88,0.0,0.5721,0.0,30.89
1022,46.65,77.54,0.0,0.0,0.0,0.7218,0.0,30.89
1023,46.46,42.59,84.76,50.0,0.0,0.7218,0.0,30.89
1024,45.89,5.93,59.86,0.0,0.0,1.0,0.0,19.9
1025,44.97,0.02,25.77,0.0,2.89,1.0,16.29,0.0
1026,43.73,0.0,0.0,0.0,12.83,0.9822,30.89,0.0
1027,42.21,0.0,0.0,0.0,11.32,0.903,30.89,0.0
1028,40.48,0.0,0.0,0.0,9.59,0.8333,30.89,0.0
1029,38.6,0.0,0.0,0.0,38.6,0.7741,0.0,0.0
1030,36.65,0.0,0.0,0.0,5.76,0.5361,30.89,0.0
1031,36.65,0.02,0.0,0.0,5.74,0.5006,30.89,0.0
1032,36.69,0.17,0.0,0.0,36.51,0.4652,0.0,0.0
1033,36.69,0.34,0.0,0.0,5.46,0.24,30.89,0.0
1034,36.69,0.58,0.0,0.0,5.21,0.2064,30.89,0.0
1035,36.69,0.58,0.0,0.0,5.21,0.1742,30.89,0.0
1036,36.69,0.58,0.0,0.0,5.21,0.1421,30.89,0.0
1037,36.69,0.34,0.0,0.0,5.46,0.11,30.89,0.0
1038,36.69,0.58,0.0,0.0,5.21,0.0763,30.89,0.0
1039,38.64,0.58,0.0,0.0,7.16,0.0442,30.89,0.0
1040,40.51,7.41,14.1,0.0,0.0,0.0,19.01,0.0
1041,42.24,21.6,48.54,0.0,0.0,0.0,0.0,27.9
1042,43.76,32.85,75.51,33.71,0.0,0.0,0.0,30.89
1043,45.0,32.82,93.07,50.0,0.0,0.1876,0.0,30.89
1044,45.92,72.9,3.92,0.0,0.0,0.4658,0.0,30.89
1045,46.49,8.65,102.7,33.96,0.0,0.4658,0.0,30.89
1046,46.69,59.27,68.31,50.0,0.0,0.6548,0.0,30.89
1047,46.49,9.11,80.3,12.03,0.0,0.9331,0.0,30.89
1048,45.92,0.34,56.84,0.0,0.0,1.0,0.0,11.26
1049,45.0,0.58,17.87,0.0,0.0,1.0,26.54,0.0
1050,43.76,1.38,0.0,0.0,11.48,1.0,30.89,0.0
1051,42.24,2.7,0.0,0.0,39.54,0.9292,0.0,0.0
1052,40.51,5.93,0.0,0.0,3.69,0.6854,30.89,0.0
1053,38.64,13.27,0.0,0.0,25.37,0.6626,0.0,0.0
1054,36.69,25.01,0.0,0.0,11.68,0.5062,0.0,0.0
1055,36.69,42.19,0.0,5.5,0.0,0.4342,0.0,0.0
1056,36.72,42.19,0.0,5.47,0.0,0.4648,0.0,0.0
1057,36.72,25.01,0.0,0.0,0.0,0.4952,11.71,0.0
1058,36.72,11.06,0.0,0.0,25.66,0.4952,0.0,0.0
1059,36.72,3.59,0.0,0.0,2.23,0.337,30.89,0.0
1060,36.72,0.93,0.0,0.0,4.9,0.3233,30.89,0.0
1061,36.72,0.34,0.0,0.0,5.49,0.293,30.89,0.0
1062,36.72,0.07,0.0,0.0,7.65,0.2592,28.99,0.0
1063,38.67,0.02,0.0,0.0,7.76,0.212,30.89,0.0
1064,40.54,0.17,13.74,0.0,26.63,0.1642,0.0,0.0
1065,42.27,2.7,46.42,0.0,0.0,0.0,0.0,6.84
1066,43.79,2.13,72.55,0.0,0.0,0.0,0.0,30.89
1067,45.03,0.0,89.53,13.6,0.0,0.0,0.0,30.89
1068,45.96,27.83,99.02,50.0,0.0,0.0757,0.0,30.89
1069,46.53,27.19,100.22,50.0,0.0,0.354,0.0,30.89
1070,46.72,34.38,93.23,50.0,0.0,0.6322,0.0,30.89
1071,46.53,1.64,75.78,0.0,0.0,0.9104,0.0,30.89
1072,45.96,43.41,49.53,16.09,0.0,0.9104,0.0,30.89
1073,45.03,47.45,17.62,0.0,0.0,1.0,0.0,20.04
1074,43.79,18.52,0.0,0.0,0.0,1.0,25.27,0.0
1075,42.27,13.27,0.0,0.0,24.51,1.0,4.5,0.0
1076,40.54,11.06,0.0,0.0,29.48,0.8489,0.0,0.0
1077,38.67,11.06,0.0,0.0,27.61,0.6671,0.0,0.0
1078,36.72,18.52,0.0,0.0,0.0,0.4969,18.2,0.0
1079,36.72,25.01,0.0,0.0,11.71,0.4969,0.0,0.0
1080,36.75,25.01,0.0,0.0,0.0,0.4246,11.74,0.0
1081,36.75,18.52,0.0,0.0,0.0,0.4246,18.23,0.0
1082,36.75,15.75,0.0,0.0,21.0,0.4246,0.0,0.0
1083,36.75,11.06,0.0,0.0,0.0,0.2951,25.69,0.0
1084,36.75,5.93,0.0,0.0,0.0,0.2951,30.82,0.0
1085,36.75,1.38,0.0,0.0,4.47,0.2951,30.89,0.0
1086,36.75,0.58,0.0,0.0,36.17,0.2675,0.0,0.0
1087,38.7,0.58,0.0,0.0,7.23,0.0446,30.89,0.0
1088,40.58,59.28,12.19,0.0,0.0,0.0,0.0,30.89
1089,42.3,76.94,46.26,50.0,0.0,0.0,0.0,30.89
1090,43.82,2.4,76.5,4.19,0.0,0.2782,0.0,30.89
1091,45.06,0.0,96.52,20.56,0.0,0.3016,0.0,30.89
1092,45.99,0.0,106.44,29.56,0.0,0.416,0.0,30.89
1093,46.56,0.0,77.45,0.0,0.0,0.5805,0.0,30.89
1094,46.75,0.0,99.36,21.72,0.0,0.5805,0.0,30.89
1095,46.56,0.0,81.11,3.66,0.0,0.7014,0.0,30.89
1096,45.99,71.96,54.92,50.0,0.0,0.7218,0.0,30.89
1097,45.06,54.79,21.17,0.0,0.0,1.0,0.0,30.89
1098,43.82,13.27,0.0,0.0,0.0,1.0,30.55,0.0
1099,42.3,4.67,0.0,0.0,6.75,1.0,30.89,0.0
1100,40.58,0.93,0.0,0.0,8.76,0.9584,30.89,0.0
1101,38.7,0.34,0.0,0.0,7.47,0.9044,30.89,0.0
1102,36.75,0.17,0.0,0.0,5.68,0.8583,30.89,0.0
1103,36.75,0.07,0.0,0.0,5.78,0.8233,30.89,0.0
1104,36.78,0.17,0.0,0.0,5.72,0.7876,30.89,0.0
1105,36.78,0.17,0.0,0.0,36.61,0.7524,0.0,0.0
1106,36.78,0.34,0.0,0.0,5.55,0.5266,30.89,0.0
1107,36.78,0.93,0.0,0.0,4.96,0.4924,30.89,0.0
1108,36.78,0.93,0.0,0.0,4.96,0.4618,30.89,0.0
1109,36.78,0.58,0.0,0.0,25.83,0.4312,10.37,0.0
1110,36.78,0.34,0.0,0.0,5.55,0.272,30.89,0.0
1111,38.73,0.17,0.0,0.0,38.56,0.2377,0.0,0.0
1112,40.61,3.59,17.04,0.0,0.0,0.0,19.97,0.0
1113,42.33,4.67,52.29,0.0,0.0,0.0,0.0,14.62
1114,43.85,7.41,78.54,11.21,0.0,0.0,0.0,30.89
1115,45.09,13.27,96.13,33.41,0.0,0.0624,0.0,30.89
1116,46.02,9.11,105.03,37.23,0.0,0.2483,0.0,30.89
1117,46.59,5.93,105.92,50.0,0.0,0.4555,0.0,15.27
1118,46.78,1.38,98.0,21.71,0.0,0.7338,0.0,30.89
1119,46.59,0.0,82.38,26.12,0.0,0.8546,0.0,9.67
1120,46.02,0.0,58.27,0.0,0.0,1.0,0.0,12.25
1121,45.09,0.0,26.57,0.0,0.0,1.0,18.52,0.0
1122,43.85,0.07,0.0,0.0,12.89,1.0,30.89,0.0
1123,42.33,0.34,0.0,0.0,42.0,0.9205,0.0,0.0
1124,40.61,0.17,0.0,0.0,9.54,0.6616,30.89,0.0
1125,38.73,0.07,0.0,0.0,7.77,0.6027,30.89,0.0
1126,36.78,0.02,0.0,0.0,5.87,0.5549,30.89,0.0
1127,36.78,0.0,0.0,0.0,35.07,0.5187,1.71,0.0
1128,36.81,0.0,0.0,0.0,5.92,0.3024,30.89,0.0
1129,36.81,0.0,0.0,0.0,5.92,0.2659,30.89,0.0
1130,36.81,0.0,0.0,0.0,5.92,0.2295,30.89,0.0
1131,36.81,0.0,0.0,0.0,5.92,0.193,30.89,0.0
1132,36.81,0.0,0.0,0.0,5.92,0.1565,30.89,0.0
1133,36.81,0.0,0.0,0.0,5.92,0.12,30.89,0.0
1134,36.81,0.07,0.0,0.0,5.85,0.0835,30.89,0.0
1135,38.76,0.17,0.0,0.0,7.7,0.0475,30.89,0.0
1136,40.64,9.11,16.58,0.0,0.0,0.0,14.95,0.0
1137,42.36,42.19,51.19,20.12,0.0,0.0,0.0,30.89
1138,43.88,46.99,77.78,50.0,0.0,0.112,0.0,30.89
1139,45.12,0.0,94.15,18.14,0.0,0.3902,0.0,30.89
1140,46.05,47.45,29.48,0.0,0.0,0.4912,0.0,30.89
1141,46.62,32.85,94.66,50.0,0.0,0.4912,0.0,30.89
1142,46.81,0.0,95.69,17.99,0.0,0.7694,0.0,30.89
1143,46.62,18.52,82.43,23.44,0.0,0.8696,0.0,30.89
1144,46.05,2.7,58.95,0.0,0.0,1.0,0.0,15.6
1145,45.12,0.58,26.59,0.0,0.0,1.0,17.95,0.0
1146,43.88,1.38,0.0,0.0,11.61,1.0,30.89,0.0
1147,42.36,1.97,0.0,0.0,9.5,0.9284,30.89,0.0
1148,40.64,2.7,0.0,0.0,37.94,0.8698,0.0,0.0
1149,38.76,2.7,0.0,0.0,5.17,0.6359,30.89,0.0
1150,36.81,2.7,0.0,0.0,3.22,0.604,30.89,0.0
1151,36.81,1.97,0.0,0.0,3.95,0.5842,30.89,0.0
1152,36.84,1.97,0.0,0.0,34.87,0.5599,0.0,0.0
1153,36.84,1.38,0.0,0.0,4.56,0.3449,30.89,0.0
1154,36.84,1.38,0.0,0.0,26.59,0.3167,8.87,0.0
1155,36.84,1.38,0.0,0.0,4.56,0.1528,30.89,0.0
1156,36.84,1.38,0.0,0.0,4.56,0.1246,30.89,0.0
1157,36.84,1.38,0.0,0.0,4.56,0.0965,30.89,0.0
1158,36.84,1.38,0.0,0.0,4.56,0.0683,30.89,0.0
1159,38.79,1.38,0.0,0.0,6.52,0.0402,30.89,0.0
1160,40.67,25.01,14.0,0.0,0.0,0.0,1.66,0.0
1161,42.39,28.57,44.72,0.0,0.0,0.0,0.0,30.89
1162,43.91,54.6,70.2,50.0,0.0,0.0,0.0,30.89
1163,45.15,0.0,81.34,5.29,0.0,0.2782,0.0,30.89
1164,46.08,42.37,84.6,50.0,0.0,0.3077,0.0,30.89
1165,46.65,43.63,83.91,50.0,0.0,0.5859,0.0,30.89
1166,46.84,0.0,86.3,8.57,0.0,0.8642,0.0,30.89
1167,46.65,8.8,68.74,0.0,0.0,0.9119,0.0,30.89
1168,46.08,63.97,28.83,15.84,0.0,0.9119,0.0,30.89
1169,45.15,37.32,15.83,0.0,22.89,1.0,0.0,30.89
1170,43.91,25.01,0.0,0.0,49.79,0.8589,0.0,30.89
1171,42.39,32.85,0.0,0.0,21.89,0.5518,0.0,12.35
1172,40.67,37.32,0.0,0.0,34.23,0.4168,0.0,30.89
1173,38.79,28.75,0.0,0.0,10.04,0.2057,0.0,0.0
1174,36.84,21.6,0.0,0.0,15.24,0.1438,0.0,0.0
1175,36.84,28.75,0.0,0.0,8.09,0.0499,0.0,0.0
1176,36.87,65.85,0.0,28.98,0.0,0.0,0.0,0.0
1177,36.87,80.43,0.0,43.56,0.0,0.1613,0.0,0.0
1178,36.87,65.85,0.0,28.98,0.0,0.4037,0.0,0.0
1179,36.87,59.27,0.0,22.4,0.0,0.565,0.0,0.0
1180,36.87,42.19,0.0,5.32,0.0,0.6896,0.0,0.0
1181,36.87,25.01,0.0,0.0,11.86,0.7192,0.0,0.0
1182,36.87,13.27,0.0,0.0,23.6,0.6461,0.0,0.0
1183,38.82,9.11,0.0,0.0,29.7,0.5006,0.0,0.0
1184,40.69,37.32,11.27,0.0,22.99,0.3174,0.0,30.89
1185,42.42,42.19,39.04,7.92,0.0,0.1756,0.0,30.89
1186,43.94,32.85,55.13,13.16,0.0,0.2197,0.0,30.89
1187,45.18,11.06,80.31,15.3,0.0,0.2929,0.0,30.89
1188,46.11,2.7,89.19,45.78,0.0,0.378,0.0,0.0
1189,46.68,0.58,89.98,43.89,0.0,0.6328,0.0,0.0
1190,46.87,0.07,83.03,21.09,0.0,0.877,0.0,15.14
1191,46.68,0.0,68.52,0.0,0.0,0.9944,0.0,21.84
1192,46.11,0.0,47.11,1.0,0.0,0.9944,0.0,0.0
1193,45.18,0.0,19.18,0.0,0.0,1.0,26.0,0.0
1194,43.94,0.0,0.0,0.0,43.94,1.0,0.0,0.0
1195,42.42,0.0,0.0,0.0,42.42,0.7291,0.0,0.0
1196,40.69,0.0,0.0,0.0,9.8,0.4675,30.89,0.0
1197,38.82,0.0,0.0,0.0,28.31,0.407,10.51,0.0
1198,36.87,0.0,0.0,0.0,5.98,0.2325,30.89,0.0
1199,36.87,0.02,0.0,0.0,5.95,0.1956,30.89,0.0
1200,36.9,1.38,0.0,0.0,4.62,0.1589,30.89,0.0
1201,36.9,7.41,0.0,0.0,0.0,0.1304,29.49,0.0
1202,36.9,15.75,0.0,0.0,21.15,0.1304,0.0,0.0
1203,36.9,13.27,0.0,0.0,0.0,0.0,23.63,0.0
1204,36.9,9.11,0.0,0.0,0.0,0.0,27.78,0.0
1205,36.9,9.11,0.0,0.0,0.0,0.0,27.78,0.0
1206,36.9,9.11,0.0,0.0,0.0,0.0,27.78,0.0
1207,38.85,11.06,0.0,0.0,0.0,0.0,27.79,0.0
1208,40.72,42.19,3.96,0.0,0.0,0.0,0.0,5.43
1209,42.45,72.9,13.45,13.0,0.0,0.0,0.0,30.89
1210,43.97,76.69,20.29,22.12,0.0,0.0724,0.0,30.89
1211,45.21,96.96,29.15,50.0,0.0,0.1954,0.0,30.89
1212,46.13,0.0,77.03,0.0,0.0,0.4737,0.0,30.89
1213,46.7,0.0,103.57,25.97,0.0,0.4737,0.0,30.89
1214,46.9,0.0,96.39,18.6,0.0,0.6182,0.0,30.89
1215,46.7,47.11,80.48,50.0,0.0,0.7218,0.0,30.89
1216,46.13,28.75,48.28,0.0,0.0,1.0,0.0,30.89
1217,45.21,1.97,7.25,0.0,50.0,1.0,0.0,14.0
1218,43.97,0.93,0.0,0.0,50.0,0.6917,0.0,6.96
1219,42.45,4.67,0.0,0.0,37.78,0.3834,0.0,0.0
1220,40.72,21.6,0.0,0.0,24.39,0.1504,0.0,5.27
1221,38.85,53.14,0.0,14.3,0.0,0.0,0.0,0.0
1222,36.9,65.85,0.0,1.9,0.0,0.0796,0.0,27.05
1223,36.9,42.19,0.0,5.29,0.0,0.0901,0.0,0.0
1224,36.92,21.6,0.0,0.0,15.32,0.1196,0.0,0.0
1225,36.92,32.85,0.0,0.0,4.07,0.0251,0.0,0.0
1226,36.92,36.92,0.0,0.0,0.0,0.0,0.0,0.0
1227,36.92,36.92,0.0,0.0,0.0,0.0,0.0,0.0
1228,36.92,36.92,0.0,0.0,0.0,0.0,0.0,0.0
1229,36.92,36.92,0.0,0.0,0.0,0.0,0.0,0.0
1230,36.92,36.92,0.0,0.0,0.0,0.0,0.0,0.0
1231,38.87,69.77,0.0,0.0,0.0,0.0,0.0,30.89
1232,40.75,96.96,0.0,25.31,0.0,0.0,0.0,30.89
1233,42.48,76.2,47.17,50.0,0.0,0.1409,0.0,30.89
1234,43.99,49.76,75.12,50.0,0.0,0.4191,0.0,30.89
1235,45.24,28.76,97.37,50.0,0.0,0.6974,0.0,30.89
1236,46.16,77.05,0.0,0.0,0.0,0.9756,0.0,30.89
1237,46.73,0.0,77.62,0.0,0.0,0.9756,0.0,30.89
1238,46.92,0.0,77.81,0.0,0.0,0.9756,0.0,30.89
1239,46.73,0.0,77.62,0.0,0.0,0.9756,0.0,30.89
1240,46.16,81.44,0.0,4.38,0.0,0.9756,0.0,30.89
1241,45.24,59.27,16.86,0.0,0.0,1.0,0.0,30.89
1242,43.99,4.67,0.4,0.0,36.39,1.0,2.54,0.0
1243,42.48,0.17,0.0,0.0,42.31,0.7756,0.0,0.0
1244,40.75,0.0,0.0,0.0,9.86,0.5147,30.89,0.0
1245,38.87,0.0,0.0,0.0,7.98,0.454,30.89,0.0
1246,36.92,0.0,0.0,0.0,6.03,0.4047,30.89,0.0
1247,36.92,0.0,0.0,0.0,6.03,0.3675,30.89,0.0
1248,36.95,0.34,0.0,0.0,5.72,0.3303,30.89,0.0
1249,36.95,0.93,0.0,0.0,5.13,0.2951,30.89,0.0
1250,36.95,1.38,0.0,0.0,4.68,0.2634,30.89,0.0
1251,36.95,1.97,0.0,0.0,4.09,0.2346,30.89,0.0
1252,36.95,2.7,0.0,0.0,3.36,0.2094,30.89,0.0
1253,36.95,3.59,0.0,0.0,2.47,0.1886,30.89,0.0
1254,36.95,3.59,0.0,0.0,2.47,0.1734,30.89,0.0
1255,38.9,3.59,0.0,0.0,4.42,0.1582,30.89,0.0
1256,40.78,2.7,16.83,0.0,21.25,0.131,0.0,0.0
1257,42.51,1.97,49.24,0.0,0.0,0.0,0.0,8.71
1258,44.02,2.7,74.91,2.7,0.0,0.0,0.0,30.89
1259,45.27,5.93,93.98,23.75,0.0,0.015,0.0,30.89
1260,46.19,7.41,103.99,50.0,0.0,0.1472,0.0,15.21
1261,46.76,1.97,104.06,50.0,0.0,0.4255,0.0,9.27
1262,46.95,0.0,95.95,19.6,0.0,0.7037,0.0,29.4
1263,46.76,0.0,80.41,33.65,0.0,0.8127,0.0,0.0
1264,46.19,0.0,58.32,0.0,0.0,1.0,0.0,12.13
1265,45.27,0.02,26.78,0.0,18.46,1.0,0.0,0.0
1266,44.02,0.34,0.6,0.0,12.19,0.8862,30.89,0.0
1267,42.51,2.7,0.0,0.0,8.91,0.811,30.89,0.0
1268,40.78,5.93,0.0,0.0,3.95,0.756,30.89,0.0
1269,38.9,5.93,0.0,0.0,2.08,0.7316,30.89,0.0
1270,36.95,1.38,0.0,0.0,4.68,0.7188,30.89,0.0
1271,36.95,0.07,0.0,0.0,5.99,0.69,30.89,0.0
1272,36.98,0.02,0.0,0.0,6.06,0.6531,30.89,0.0
1273,36.98,0.34,0.0,0.0,5.75,0.6157,30.89,0.0
1274,36.98,1.38,0.0,0.0,4.7,0.5802,30.89,0.0
1275,36.98,1.38,0.0,0.0,4.7,0.5512,30.89,0.0
1276,36.98,1.38,0.0,0.0,35.59,0.5222,0.0,0.0
1277,36.98,1.38,0.0,0.0,7.44,0.3028,28.16,0.0
1278,36.98,1.38,0.0,0.0,35.59,0.2569,0.0,0.0
1279,38.93,1.97,0.0,0.0,6.07,0.0374,30.89,0.0
1280,40.8,51.56,20.13,0.0,0.0,0.0,0.0,30.89
1281,42.53,18.1,55.33,0.0,0.0,0.0,0.0,30.89
1282,44.05,96.96,27.98,50.0,0.0,0.0,0.0,30.89
1283,45.29,86.3,0.0,10.12,0.0,0.2782,0.0,30.89
1284,46.22,77.11,0.0,0.0,0.0,0.3346,0.0,30.89
1285,46.79,0.0,111.54,33.86,0.0,0.3346,0.0,30.89
1286,46.98,0.0,103.76,25.89,0.0,0.523,0.0,30.89
1287,46.79,0.0,87.5,9.82,0.0,0.6671,0.0,30.89
1288,46.22,64.55,62.55,50.0,0.0,0.7218,0.0,30.89
1289,45.29,5.93,28.97,0.0,0.0,1.0,10.38,0.0
1290,44.05,0.93,0.95,0.0,11.28,1.0,30.89,0.0
1291,42.53,0.58,0.0,0.0,11.06,0.9304,30.89,0.0
1292,40.8,0.58,0.0,0.0,9.33,0.8622,30.89,0.0
1293,38.93,0.58,0.0,0.0,7.45,0.8047,30.89,0.0
1294,36.98,0.58,0.0,0.0,5.5,0.7587,30.89,0.0
1295,36.98,0.93,0.0,0.0,5.16,0.7248,30.89,0.0
1296,37.0,0.58,0.0,0.0,5.53,0.693,30.89,0.0
1297,37.0,0.17,0.0,0.0,10.12,0.6589,26.71,0.0
1298,37.0,0.02,0.0,0.0,36.98,0.5965,0.0,0.0
1299,37.0,0.0,0.0,0.0,37.0,0.3684,0.0,0.0
1300,37.0,0.0,0.0,0.0,6.11,0.1403,30.89,0.0
1301,37.0,0.02,0.0,0.0,6.09,0.1026,30.89,0.0
1302,37.0,0.93,0.0,0.0,5.19,0.065,30.89,0.0
1303,38.95,2.7,0.0,0.0,5.36,0.0331,30.89,0.0
1304,40.83,65.85,3.0,0.0,0.0,0.0,0.0,28.02
1305,42.56,96.96,0.0,23.51,0.0,0.0,0.0,30.89
1306,44.07,25.03,49.93,0.0,0.0,0.1308,0.0,30.89
1307,45.32,96.96,0.0,20.75,0.0,0.1308,0.0,30.89
1308,46.24,96.96,0.0,19.82,0.0,0.2463,0.0,30.89
1309,46.81,77.7,0.0,0.0,0.0,0.3566,0.0,30.89
1310,47.0,0.0,93.0,15.1,0.0,0.3566,0.0,30.89
1311,46.81,48.36,79.34,50.0,0.0,0.4406,0.0,30.89
1312,46.24,96.96,0.0,19.82,0.0,0.7188,0.0,30.89
1313,45.32,53.55,22.66,0.0,0.0,0.8292,0.0,30.89
1314,44.07,96.96,0.0,21.99,0.0,0.8292,0.0,30.89
1315,42.56,73.45,0.0,0.0,0.0,0.9515,0.0,30.89
1316,40.83,80.43,0.0,8.71,0.0,0.9515,0.0,30.89
1317,38.95,42.19,0.0,0.0,0.0,1.0,0.0,3.23
1318,37.0,18.52,0.0,0.0,18.48,1.0,0.0,0.0
1319,37.0,7.41,0.0,0.0,29.59,0.886,0.0,0.0
1320,37.03,2.7,0.0,0.0,3.44,0.7036,30.89,0.0
1321,37.03,0.58,0.0,0.0,10.69,0.6824,25.76,0.0
1322,37.03,0.34,0.0,0.0,36.69,0.6165,0.0,0.0
1323,37.03,0.17,0.0,0.0,5.96,0.3902,30.89,0.0
1324,37.03,0.07,0.0,0.0,6.06,0.3534,30.89,0.0
1325,37.03,0.0,0.0,0.0,6.14,0.316,30.89,0.0
1326,37.03,0.0,0.0,0.0,6.14,0.2782,30.89,0.0
1327,38.98,0.0,0.0,0.0,38.98,0.2404,0.0,0.0
1328,40.86,0.34,19.4,0.0,0.0,0.0,21.12,0.0
1329,42.58,3.59,53.45,0.0,0.0,0.0,0.0,14.46
1330,44.1,0.0,80.42,5.43,0.0,0.0,0.0,30.89
1331,45.34,32.85,93.38,50.0,0.0,0.0302,0.0,30.89
1332,46.27,0.0,82.2,5.04,0.0,0.3085,0.0,30.89
1333,46.84,96.96,30.77,50.0,0.0,0.3365,0.0,30.89
1334,47.03,96.96,30.96,50.0,0.0,0.6148,0.0,30.89
1335,46.84,96.96,0.0,19.23,0.0,0.893,0.0,30.89
1336,46.27,77.16,0.0,0.0,0.0,1.0,0.0,30.89
1337,45.34,32.85,29.88,0.0,0.0,1.0,0.0,17.39
1338,44.1,7.41,1.36,0.0,35.33,1.0,0.0,0.0
1339,42.58,5.93,0.0,0.0,5.76,0.7821,30.89,0.0
1340,40.86,3.59,0.0,0.0,6.37,0.7466,30.89,0.0
1341,38.98,2.7,0.0,0.0,5.39,0.7073,30.89,0.0
1342,37.03,1.38,0.0,0.0,4.75,0.6741,30.89,0.0
1343,37.03,0.93,0.0,0.0,5.21,0.6448,30.89,0.0
1344,37.05,0.34,0.0,0.0,5.83,0.6127,30.89,0.0
1345,37.05,0.17,0.0,0.0,36.88,0.5767,0.0,0.0
1346,37.05,0.17,0.0,0.0,5.99,0.3493,30.89,0.0
1347,37.05,0.93,0.0,0.0,5.24,0.3124,30.89,0.0
1348,37.05,2.7,0.0,0.0,3.46,0.2801,30.89,0.0
1349,37.05,7.41,0.0,0.0,18.18,0.2588,11.46,0.0
1350,37.05,13.27,0.0,0.0,23.79,0.1467,0.0,0.0
1351,39.0,18.52,0.0,0.0,0.0,0.0,20.48,0.0
1352,40.88,50.5,21.27,0.0,0.0,0.0,0.0,30.89
1353,42.61,73.5,0.0,0.0,0.0,0.0,0.0,30.89
1354,44.12,96.96,28.06,50.0,0.0,0.0,0.0,30.89
1355,45.37,27.58,98.68,50.0,0.0,0.2782,0.0,30.89
1356,46.29,0.0,98.9,21.71,0.0,0.5565,0.0,30.89
1357,46.86,77.75,0.0,0.0,0.0,0.6773,0.0,30.89
1358,47.05,96.96,0.0,19.01,0.0,0.6773,0.0,30.89
1359,46.86,96.96,0.0,19.2,0.0,0.7831,0.0,30.89
1360,46.29,96.96,0.0,19.77,0.0,0.89,0.0,30.89
1361,45.37,37.32,5.07,0.0,2.81,1.0,0.16,0.0
1362,44.12,37.32,0.1,0.0,6.7,0.9827,0.0,0.0
1363,42.61,53.14,0.0,10.53,0.0,0.9414,0.0,0.0
1364,40.88,37.32,0.0,0.0,0.0,1.0,3.56,0.0
1365,39.0,21.6,0.0,0.0,17.4,1.0,0.0,0.0
1366,37.05,21.6,0.0,0.0,0.0,0.8927,15.45,0.0
1367,37.05,21.6,0.0,0.0,0.0,0.8927,15.45,0.0
1368,37.08,21.6,0.0,0.0,15.48,0.8927,0.0,0.0
1369,37.08,18.52,0.0,0.0,18.56,0.7973,0.0,0.0
1370,37.08,9.11,0.0,0.0,0.0,0.6828,27.96,0.0
1371,37.08,5.93,0.0,0.0,31.14,0.6828,0.0,0.0
1372,37.08,1.97,0.0,0.0,4.22,0.4908,30.89,0.0
1373,37.08,0.0,0.0,0.0,6.18,0.4648,30.89,0.0
1374,37.08,0.0,0.0,0.0,6.19,0.4266,30.89,0.0
1375,39.03,0.0,0.0,0.0,39.03,0.3885,0.0,0.0
1376,40.9,0.34,0.25,0.0,10.42,0.1478,29.89,0.0
1377,42.63,18.52,10.56,0.0,13.56,0.0836,0.0,0.0
1378,44.15,72.9,16.38,14.24,0.0,0.0,0.0,30.89
1379,45.39,96.96,21.81,42.48,0.0,0.0792,0.0,30.89
1380,46.32,96.96,0.0,19.75,0.0,0.3157,0.0,30.89
1381,46.89,96.96,28.44,47.62,0.0,0.4255,0.0,30.89
1382,47.08,80.43,24.24,26.7,0.0,0.6905,0.0,30.89
1383,46.89,59.27,47.41,28.9,0.0,0.8392,0.0,30.89
1384,46.32,25.01,43.41,0.0,0.0,1.0,0.0,22.1
1385,45.39,2.7,23.54,0.0,0.0,1.0,19.16,0.0
1386,44.15,0.17,0.39,0.0,43.59,1.0,0.0,0.0
1387,42.63,0.17,0.0,0.0,11.57,0.7312,30.89,0.0
1388,40.9,0.02,0.0,0.0,9.99,0.6599,30.89,0.0
1389,39.03,0.0,0.0,0.0,8.14,0.5983,30.89,0.0
1390,37.08,0.17,0.0,0.0,6.01,0.5481,30.89,0.0
1391,37.08,2.7,0.0,0.0,3.49,0.511,30.89,0.0
1392,37.1,7.41,0.0,0.0,0.0,0.4895,29.69,0.0
1393,37.1,11.06,0.0,0.0,0.0,0.4895,26.04,0.0
1394,37.1,13.27,0.0,0.0,23.84,0.4895,0.0,0.0
1395,37.1,13.27,0.0,0.0,0.0,0.3426,23.84,0.0
1396,37.1,7.41,0.0,0.0,0.0,0.3426,29.69,0.0
1397,37.1,5.93,0.0,0.0,27.57,0.3426,3.6,0.0
1398,37.1,9.11,0.0,0.0,27.99,0.1726,0.0,0.0
1399,39.05,13.27,0.0,0.0,0.0,0.0,25.79,0.0
1400,40.93,96.96,19.51,44.65,0.0,0.0,0.0,30.89
1401,42.66,24.63,48.92,0.0,0.0,0.2485,0.0,30.89
1402,44.17,75.06,0.0,0.0,0.0,0.2485,0.0,30.89
1403,45.42,0.0,108.15,31.84,0.0,0.2485,0.0,30.89
1404,46.34,0.0,81.78,4.54,0.0,0.4257,0.0,30.89
1405,46.91,0.0,77.8,0.0,0.0,0.451,0.0,30.89
1406,47.1,0.0,107.5,29.51,0.0,0.451,0.0,30.89
1407,46.91,96.96,0.0,19.15,0.0,0.6152,0.0,30.89
1408,46.34,63.48,63.75,50.0,0.0,0.7218,0.0,30.89
1409,45.42,32.85,30.32,0.0,0.0,1.0,0.0,17.75
1410,44.17,1.38,1.61,0.0,10.29,1.0,30.89,0.0
1411,42.66,0.17,0.0,0.0,40.25,0.9366,2.24,0.0
1412,40.93,0.07,0.0,0.0,9.96,0.6884,30.89,0.0
1413,39.05,0.07,0.0,0.0,8.09,0.627,30.89,0.0
1414,37.1,0.17,0.0,0.0,6.04,0.5771,30.89,0.0
1415,37.1,0.17,0.0,0.0,6.04,0.5399,30.89,0.0
1416,37.12,0.17,0.0,0.0,6.06,0.5026,30.89,0.0
1417,37.12,0.17,0.0,0.0,6.06,0.4653,30.89,0.0
1418,37.12,0.17,0.0,0.0,6.06,0.4279,30.89,0.0
1419,37.12,0.07,0.0,0.0,37.05,0.3905,0.0,0.0
1420,37.12,0.02,0.0,0.0,6.21,0.162,30.89,0.0
1421,37.12,0.07,0.0,0.0,6.16,0.1237,30.89,0.0
1422,37.12,0.17,0.0,0.0,6.06,0.0858,30.89,0.0
1423,39.08,0.34,0.0,0.0,7.85,0.0484,30.89,0.0
1424,40.95,11.06,23.69,0.0,0.0,0.0,6.2,0.0
1425,42.68,15.17,58.4,0.0,0.0,0.0,0.0,30.89
1426,44.2,0.0,75.09,0.0,0.0,0.0,0.0,30.89
1427,45.44,6.11,102.97,32.75,0.0,0.0,0.0,30.89
1428,46.36,96.96,30.3,50.0,0.0,0.1823,0.0,30.89
1429,46.93,0.0,77.82,0.0,0.0,0.4605,0.0,30.89
1430,47.12,0.0,105.83,27.81,0.0,0.4605,0.0,30.89
1431,46.93,96.96,0.0,19.13,0.0,0.6153,0.0,30.89
1432,46.36,96.96,30.3,50.0,0.0,0.7218,0.0,30.89
1433,45.44,25.01,28.32,0.0,0.0,1.0,0.0,7.88
1434,44.2,5.93,1.11,0.0,37.15,1.0,0.0,0.0
1435,42.68,7.41,0.0,0.0,4.38,0.7709,30.89,0.0
1436,40.95,7.41,0.0,0.0,2.65,0.7439,30.89,0.0
1437,39.08,5.93,0.0,0.0,2.25,0.7276,30.89,0.0
1438,37.12,3.59,0.0,0.0,2.64,0.7137,30.89,0.0
1439,37.12,1.97,0.0,0.0,4.26,0.6974,30.89,0.0
1440,37.15,0.93,0.0,0.0,5.33,0.6711,30.89,0.0
1441,37.15,0.58,0.0,0.0,5.67,0.6383,30.89,0.0
1442,37.15,0.17,0.0,0.0,6.08,0.6033,30.89,0.0
1443,37.15,0.17,0.0,0.0,6.08,0.5658,30.89,0.0
1444,37.15,0.17,0.0,0.0,6.08,0.5283,30.89,0.0
1445,37.15,0.17,0.0,0.0,6.08,0.4908,30.89,0.0
1446,37.15,0.17,0.0,0.0,36.97,0.4533,0.0,0.0
1447,39.1,0.17,0.0,0.0,36.53,0.2253,2.39,0.0
1448,40.97,15.75,18.43,0.0,0.0,0.0,6.79,0.0
1449,42.7,74.01,49.59,50.0,0.0,0.0,0.0,30.89
1450,44.22,96.96,28.15,50.0,0.0,0.2782,0.0,30.89
1451,45.46,81.64,44.71,50.0,0.0,0.5565,0.0,30.89
1452,46.39,0.0,28.87,0.0,17.51,0.8347,0.0,0.0
1453,46.95,0.0,25.75,0.0,21.2,0.7267,0.0,0.0
1454,47.15,0.0,25.13,0.0,22.02,0.596,0.0,0.0
1455,46.95,0.0,59.68,12.72,0.0,0.4602,0.0,0.0
1456,46.39,0.0,51.87,5.48,0.0,0.531,0.0,0.0
1457,45.46,0.0,22.52,0.0,37.49,0.5615,0.0,14.55
1458,44.22,96.96,0.03,21.88,0.0,0.3304,0.0,30.89
1459,42.7,96.96,0.0,23.36,0.0,0.4521,0.0,30.89
1460,40.97,96.96,0.0,25.09,0.0,0.5821,0.0,30.89
1461,39.1,96.96,0.0,50.0,0.0,0.7218,0.0,7.86
1462,37.15,32.85,0.0,0.0,4.3,1.0,0.0,0.0
1463,37.15,11.06,0.0,0.0,0.0,0.9735,26.09,0.0
1464,37.17,9.11,0.0,0.0,28.05,0.9735,0.0,0.0
1465,37.17,9.11,0.0,0.0,28.05,0.8005,0.0,0.0
1466,37.17,9.11,0.0,0.0,2.23,0.6275,25.83,0.0
1467,37.17,5.93,0.0,0.0,0.34,0.6138,30.89,0.0
1468,37.17,3.59,0.0,0.0,33.57,0.6117,0.0,0.0
1469,37.17,3.59,0.0,0.0,33.57,0.4047,0.0,0.0
1470,37.17,5.93,0.0,0.0,31.24,0.1976,0.0,0.0
1471,39.12,7.41,0.0,0.0,0.82,0.005,30.89,0.0
1472,41.0,42.88,29.0,0.0,0.0,0.0,0.0,30.89
1473,42.72,7.72,65.89,0.0,0.0,0.0,0.0,30.89
1474,44.24,0.0,75.23,0.1,0.0,0.0,0.0,30.89
1475,45.48,59.27,67.11,50.0,0.0,0.0005,0.0,30.89
1476,46.41,12.72,114.58,50.0,0.0,0.2788,0.0,30.89
1477,46.98,37.32,90.54,50.0,0.0,0.557,0.0,30.89
1478,47.17,0.0,78.06,0.0,0.0,0.8353,0.0,30.89
1479,46.98,0.0,93.47,15.6,0.0,0.8353,0.0,30.89
1480,46.41,21.6,69.7,14.0,0.0,0.9221,0.0,30.89
1481,45.48,5.93,35.88,0.0,3.67,1.0,0.0,0.0
1482,44.24,1.38,3.95,0.0,38.91,0.9774,0.0,0.0
1483,42.72,2.7,0.0,0.0,9.13,0.7375,30.89,0.0
1484,41.0,4.67,0.0,0.0,5.44,0.6812,30.89,0.0
1485,39.12,4.67,0.0,0.0,3.56,0.6476,30.89,0.0
1486,37.17,4.67,0.0,0.0,1.61,0.6257,30.89,0.0
1487,37.17,4.67,0.0,0.0,1.61,0.6157,30.89,0.0
1488,37.19,4.67,0.0,0.0,1.63,0.6058,30.89,0.0
1489,37.19,5.93,0.0,0.0,25.13,0.5957,6.13,0.0
1490,37.19,7.41,0.0,0.0,0.0,0.4408,29.78,0.0
1491,37.19,7.41,0.0,0.0,0.0,0.4408,29.78,0.0
1492,37.19,7.41,0.0,0.0,0.0,0.4408,29.78,0.0
1493,37.19,7.41,0.0,0.0,0.0,0.4408,29.78,0.0
1494,37.19,7.41,0.0,0.0,0.0,0.4408,29.78,0.0
1495,39.14,9.11,0.0,0.0,30.03,0.4408,0.0,0.0
1496,41.02,32.85,9.13,0.97,0.0,0.2556,0.0,0.0
1497,42.75,28.75,20.2,6.2,0.0,0.261,0.0,0.0
1498,44.26,18.52,40.55,14.81,0.0,0.2955,0.0,0.0
1499,45.5,11.06,81.91,47.47,0.0,0.3779,0.0,0.0
1500,46.43,4.67,85.47,43.71,0.0,0.6421,0.0,0.0
1501,47.0,2.7,64.9,20.61,0.0,0.8853,0.0,0.0
1502,47.19,1.38,26.23,0.0,19.57,1.0,0.0,0.0
1503,47.0,0.17,50.04,3.21,0.0,0.8793,0.0,0.0
1504,46.43,0.0,6.2,0.0,9.33,0.8972,30.89,0.0
1505,45.5,0.0,3.84,0.0,10.78,0.8396,30.89,0.0
1506,44.26,0.0,0.32,0.0,34.43,0.7732,9.52,0.0
1507,42.75,0.0,0.0,0.0,11.85,0.5609,30.89,0.0
1508,41.02,0.02,0.0,0.0,10.1,0.4878,30.89,0.0
1509,39.14,0.34,0.0,0.0,7.91,0.4255,30.89,0.0
1510,37.19,0.93,0.0,0.0,5.37,0.3767,30.89,0.0
1511,37.19,0.93,0.0,0.0,5.37,0.3436,30.89,0.0
1512,37.21,0.93,0.0,0.0,5.39,0.3105,30.89,0.0
1513,37.21,0.34,0.0,0.0,5.98,0.2772,30.89,0.0
1514,37.21,0.02,0.0,0.0,6.3,0.2403,30.89,0.0
1515,37.21,0.0,0.0,0.0,6.32,0.2015,30.89,0.0
1516,37.21,0.0,0.0,0.0,6.32,0.1625,30.89,0.0
1517,37.21,0.0,0.0,0.0,6.32,0.1236,30.89,0.0
1518,37.21,0.17,0.0,0.0,6.15,0.0846,30.89,0.0
1519,39.16,0.58,0.11,0.0,7.58,0.0467,30.89,0.0
1520,41.04,7.41,23.87,0.0,0.0,0.0,9.75,0.0
1521,42.77,11.06,57.23,0.0,0.0,0.0,0.0,25.53
1522,44.28,13.27,82.75,20.84,0.0,0.0,0.0,30.89
1523,45.52,18.52,100.08,42.19,0.0,0.116,0.0,30.89
1524,46.45,25.01,52.33,0.0,0.0,0.3508,0.0,30.89
1525,47.02,0.0,110.86,32.95,0.0,0.3508,0.0,30.89
1526,47.21,37.32,90.78,50.0,0.0,0.5341,0.0,30.89
1527,47.02,32.85,78.77,33.71,0.0,0.8124,0.0,30.89
1528,46.45,11.06,65.97,0.0,0.0,1.0,0.0,30.58
1529,45.52,0.58,33.59,0.0,7.37,1.0,3.97,0.0
1530,44.28,0.07,3.79,0.0,40.42,0.9545,0.0,0.0
1531,42.77,0.02,0.0,0.0,42.74,0.7053,0.0,0.0
1532,41.04,0.02,0.0,0.0,10.12,0.4418,30.89,0.0
1533,39.16,0.07,0.0,0.0,8.2,0.3793,30.89,0.0
1534,37.21,0.17,0.0,0.0,6.15,0.3288,30.89,0.0
1535,37.21,0.34,0.0,0.0,5.98,0.2909,30.89,0.0
1536,37.23,0.58,0.0,0.0,5.76,0.254,30.89,0.0
1537,37.23,0.93,0.0,0.0,5.41,0.2185,30.89,0.0
1538,37.23,1.38,0.0,0.0,4.96,0.1851,30.89,0.0
1539,37.23,1.97,0.0,0.0,4.37,0.1546,30.89,0.0
1540,37.23,1.38,0.0,0.0,4.96,0.1276,30.89,0.0
1541,37.23,1.38,0.0,0.0,4.96,0.0971,30.89,0.0
1542,37.23,1.38,0.0,0.0,4.96,0.0665,30.89,0.0
1543,39.18,1.97,0.49,0.0,5.83,0.036,30.89,0.0
1544,41.06,47.45,21.18,0.0,0.0,0.0,0.0,27.58
1545,42.79,65.42,58.26,50.0,0.0,0.0,0.0,30.89
1546,44.3,0.0,83.36,8.17,0.0,0.2782,0.0,30.89
1547,45.54,96.96,29.48,50.0,0.0,0.3237,0.0,30.89
1548,46.47,77.36,0.0,0.0,0.0,0.6019,0.0,30.89
1549,47.04,96.96,0.0,19.03,0.0,0.6019,0.0,30.89
1550,47.23,43.35,84.77,50.0,0.0,0.7078,0.0,30.89
1551,47.04,80.43,0.0,2.5,0.0,0.9861,0.0,30.89
1552,46.47,19.01,58.35,0.0,0.0,1.0,0.0,30.89
1553,45.54,3.59,28.21,0.0,13.74,1.0,0.0,0.0
1554,44.3,0.58,2.31,0.0,22.2,0.9152,19.21,0.0
1555,42.79,0.17,0.0,0.0,11.72,0.7784,30.89,0.0
1556,41.06,0.02,0.0,0.0,41.04,0.7061,0.0,0.0
1557,39.18,0.0,0.0,0.0,8.29,0.4531,30.89,0.0
1558,37.23,0.0,0.0,0.0,6.34,0.402,30.89,0.0
1559,37.23,0.0,0.0,0.0,6.34,0.3629,30.89,0.0
1560,37.25,0.0,0.0,0.0,6.36,0.3238,30.89,0.0
1561,37.25,0.02,0.0,0.0,6.34,0.2846,30.89,0.0
1562,37.25,0.07,0.0,0.0,6.29,0.2456,30.89,0.0
1563,37.25,0.02,0.0,0.0,6.34,0.2068,30.89,0.0
1564,37.25,0.0,0.0,0.0,6.36,0.1677,30.89,0.0
1565,37.25,0.0,0.0,0.0,6.36,0.1285,30.89,0.0
1566,37.25,0.0,0.0,0.0,6.36,0.0893,30.89,0.0
1567,39.2,0.0,0.18,0.0,8.13,0.0501,30.89,0.0
1568,41.08,2.7,23.68,0.0,0.0,0.0,14.7,0.0
1569,42.8,18.52,55.68,0.5,0.0,0.0,0.0,30.89
1570,44.32,42.19,80.3,47.28,0.0,0.0028,0.0,30.89
1571,45.56,72.9,13.75,10.19,0.0,0.2659,0.0,30.89
1572,46.49,96.96,30.42,50.0,0.0,0.3226,0.0,30.89
1573,47.06,96.96,0.0,19.01,0.0,0.6009,0.0,30.89
1574,47.25,96.96,0.0,18.82,0.0,0.7066,0.0,30.89
1575,47.06,0.0,77.95,0.0,0.0,0.8113,0.0,30.89
1576,46.49,72.9,38.38,33.9,0.0,0.8113,0.0,30.89
1577,45.56,9.11,25.0,0.0,0.0,1.0,11.45,0.0
1578,44.32,1.97,2.6,0.0,8.86,1.0,30.89,0.0
1579,42.8,1.97,0.0,0.0,10.01,0.9454,30.83,0.0
1580,41.08,1.38,0.0,0.0,8.8,0.8837,30.89,0.0
1581,39.2,0.93,0.0,0.0,7.38,0.8294,30.89,0.0
1582,37.25,0.58,0.0,0.0,5.77,0.7839,30.89,0.0
1583,37.25,0.17,0.0,0.0,6.19,0.7483,30.89,0.0
1584,37.27,0.02,0.0,0.0,6.36,0.7101,30.89,0.0
1585,37.27,0.0,0.0,0.0,37.27,0.6709,0.0,0.0
1586,37.27,0.0,0.0,0.0,6.38,0.4412,30.89,0.0
1587,37.27,0.0,0.0,0.0,6.38,0.4018,30.89,0.0
1588,37.27,0.0,0.0,0.0,37.27,0.3625,0.0,0.0
1589,37.27,0.0,0.0,0.0,6.38,0.1327,30.89,0.0
1590,37.27,0.0,0.0,0.0,6.38,0.0934,30.89,0.0
1591,39.22,0.0,0.0,0.0,8.33,0.0541,30.89,0.0
1592,41.09,0.0,9.76,0.0,0.44,0.0027,30.89,0.0
1593,42.82,0.07,25.96,0.0,0.0,0.0,16.79,0.0
1594,44.34,0.17,20.81,0.0,0.0,0.0,23.35,0.0
1595,45.58,0.0,88.73,12.25,0.0,0.0,0.0,30.89
1596,46.51,5.93,71.46,0.0,0.0,0.0682,0.0,30.89
1597,47.08,0.0,77.97,0.0,0.0,0.0682,0.0,30.89
1598,47.27,0.0,78.16,0.0,0.0,0.0682,0.0,30.89
1599,47.08,65.85,8.19,0.0,3.93,0.0682,0.0,30.89
1600,46.51,41.3,36.1,0.0,0.0,0.044,0.0,30.89
1601,45.58,96.96,0.0,20.48,0.0,0.044,0.0,30.89
1602,44.34,96.96,0.0,21.73,0.0,0.1579,0.0,30.89
1603,42.82,96.96,0.0,23.24,0.0,0.2788,0.0,30.89
1604,41.09,72.9,0.0,0.91,0.0,0.4082,0.0,30.89
1605,39.22,37.32,0.0,0.0,32.78,0.4132,0.0,30.89
1606,37.27,47.45,0.0,0.0,20.7,0.2111,0.0,30.89
1607,37.27,37.27,0.0,0.0,0.0,0.0834,0.0,0.0
1608,37.29,39.82,0.0,2.54,0.0,0.0834,0.0,0.0
1609,37.29,37.29,0.0,0.0,0.0,0.0976,0.0,0.0
1610,37.29,37.29,0.0,0.0,0.0,0.0976,0.0,0.0
1611,37.29,37.29,0.0,0.0,0.0,0.0976,0.0,0.0
1612,37.29,37.29,0.0,0.0,0.0,0.0976,0.0,0.0
1613,37.29,37.29,0.0,0.0,0.0,0.0976,0.0,0.0
1614,37.29,37.29,0.0,0.0,0.0,0.0976,0.0,0.0
1615,39.24,53.14,1.16,0.0,15.82,0.0976,0.0,30.89
1616,41.11,44.23,27.77,0.0,0.0,0.0,0.0,30.89
1617,42.84,11.66,62.07,0.0,0.0,0.0,0.0,30.89
1618,44.36,0.0,87.7,12.46,0.0,0.0,0.0,30.89
1619,45.6,16.78,104.76,45.04,0.0,0.0693,0.0,30.89
1620,46.52,13.7,113.72,50.0,0.0,0.32,0.0,30.89
1621,47.09,13.27,113.98,49.26,0.0,0.5982,0.0,30.89
1622,47.29,9.11,69.06,0.0,0.0,0.8723,0.0,30.89
1623,47.09,9.11,91.81,22.94,0.0,0.8723,0.0,30.89
1624,46.52,7.41,68.47,0.0,0.0,1.0,0.0,29.35
1625,45.6,1.38,36.19,0.0,0.0,1.0,8.03,0.0
1626,44.36,0.07,5.21,0.0,8.19,1.0,30.89,0.0
1627,42.84,0.17,0.0,0.0,11.78,0.9495,30.89,0.0
1628,41.11,0.34,0.0,0.0,9.88,0.8769,30.89,0.0
1629,39.24,0.34,0.0,0.0,38.9,0.816,0.0,0.0
1630,37.29,0.34,0.0,0.0,6.06,0.5761,30.89,0.0
1631,37.29,0.58,0.0,0.0,5.81,0.5388,30.89,0.0
1632,37.3,0.58,0.0,0.0,5.83,0.5029,30.89,0.0
1633,37.3,0.58,0.0,0.0,10.02,0.467,26.7,0.0
1634,37.3,0.34,0.0,0.0,6.07,0.4052,30.89,0.0
1635,37.3,0.34,0.0,0.0,6.07,0.3678,30.89,0.0
1636,37.3,0.34,0.0,0.0,6.07,0.3303,30.89,0.0
1637,37.3,0.17,0.0,0.0,6.24,0.2929,30.89,0.0
1638,37.3,0.93,0.0,0.0,5.48,0.2544,30.89,0.0
1639,39.25,2.7,0.78,0.0,35.77,0.2206,0.0,0.0
1640,41.13,0.17,16.14,0.0,0.0,0.0,24.82,0.0
1641,42.86,0.0,59.18,0.0,0.0,0.0,0.0,16.32
1642,44.37,0.0,83.14,7.87,0.0,0.0,0.0,30.89
1643,45.62,2.7,99.66,25.86,0.0,0.0438,0.0,30.89
1644,46.54,11.06,66.37,0.0,0.0,0.1877,0.0,30.89
1645,47.11,16.16,111.84,50.0,0.0,0.1877,0.0,30.89
1646,47.3,59.27,18.92,0.0,0.0,0.466,0.0,30.89
1647,47.11,34.14,89.83,45.97,0.0,0.466,0.0,30.89
1648,46.54,61.54,65.89,50.0,0.0,0.7218,0.0,30.89
1649,45.62,7.41,34.22,0.0,0.0,1.0,3.99,0.0
1650,44.37,0.17,4.9,0.0,8.41,1.0,30.89,0.0
1651,42.86,0.02,0.0,0.0,42.84,0.9481,0.0,0.0
1652,41.13,0.0,0.0,0.0,10.24,0.684,30.89,0.0
1653,39.25,0.0,0.0,0.0,8.36,0.6209,30.89,0.0
1654,37.3,0.0,0.0,0.0,6.41,0.5693,30.89,0.0
1655,37.3,0.0,0.0,0.0,33.85,0.5298,3.45,0.0
1656,37.32,0.0,0.0,0.0,6.43,0.321,30.89,0.0
1657,37.32,0.0,0.0,0.0,6.43,0.2814,30.89,0.0
1658,37.32,0.0,0.0,0.0,6.43,0.2418,30.89,0.0
1659,37.32,0.0,0.0,0.0,6.43,0.2021,30.89,0.0
1660,37.32,0.0,0.0,0.0,6.43,0.1625,30.89,0.0
1661,37.32,0.0,0.0,0.0,6.43,0.1229,30.89,0.0
1662,37.32,0.02,0.0,0.0,6.41,0.0832,30.89,0.0
1663,39.27,0.02,1.26,0.0,7.09,0.0437,30.89,0.0
1664,41.15,13.27,26.49,0.0,0.0,0.0,1.39,0.0
1665,42.87,15.52,58.25,0.0,0.0,0.0,0.0,30.89
1666,44.39,32.42,83.81,40.94,0.0,0.0,0.0,30.89
1667,45.63,72.9,53.63,50.0,0.0,0.2279,0.0,30.89
1668,46.56,77.45,0.0,0.0,0.0,0.5061,0.0,30.89
1669,47.13,96.96,31.06,50.0,0.0,0.5061,0.0,30.89
1670,47.32,0.0,105.5,27.29,0.0,0.7843,0.0,30.89
1671,47.13,0.0,89.48,11.46,0.0,0.9362,0.0,30.89
1672,46.56,77.45,0.0,0.0,0.0,1.0,0.0,30.89
1673,45.63,5.93,35.13,0.0,0.0,1.0,4.58,0.0
1674,44.39,0.17,5.26,0.0,8.06,1.0,30.89,0.0
1675,42.87,0.0,0.0,0.0,42.87,0.9503,0.0,0.0
1676,41.15,0.0,0.0,0.0,39.77,0.6859,1.37,0.0
1677,39.27,0.0,0.0,0.0,8.38,0.4407,30.89,0.0
1678,37.32,0.0,0.0,0.0,6.43,0.389,30.89,0.0
1679,37.32,0.0,0.0,0.0,6.43,0.3494,30.89,0.0
1680,37.33,0.07,0.0,0.0,6.37,0.3098,30.89,0.0
1681,37.33,0.17,0.0,0.0,6.27,0.2705,30.89,0.0
1682,37.33,0.34,0.0,0.0,6.11,0.2318,30.89,0.0
1683,37.33,0.34,0.0,0.0,6.11,0.1942,30.89,0.0
1684,37.33,0.17,0.0,0.0,6.27,0.1565,30.89,0.0
1685,37.33,0.17,0.0,0.0,6.27,0.1178,30.89,0.0
1686,37.33,0.07,0.0,0.0,6.37,0.0792,30.89,0.0
1687,39.29,0.02,1.9,0.0,6.47,0.0399,30.89,0.0
1688,41.16,0.93,28.18,0.0,0.0,0.0,12.05,0.0
1689,42.89,2.7,59.88,0.0,0.0,0.0,0.0,19.69
1690,44.41,9.11,83.91,17.73,0.0,0.0,0.0,30.89
1691,45.65,13.27,99.21,35.94,0.0,0.0987,0.0,30.89
1692,46.57,11.06,104.65,38.25,0.0,0.2987,0.0,30.89
1693,47.14,11.06,77.0,10.03,0.0,0.5115,0.0,30.89
1694,47.33,15.75,99.97,37.5,0.0,0.5673,0.0,30.89
1695,47.14,28.75,85.59,36.31,0.0,0.776,0.0,30.89
1696,46.57,18.52,62.89,3.94,0.0,0.9781,0.0,30.89
1697,45.65,2.7,32.34,0.0,0.0,1.0,10.61,0.0
1698,44.41,0.58,4.44,0.0,8.49,1.0,30.89,0.0
1699,42.89,0.93,0.0,0.0,11.07,0.9476,30.89,0.0
1700,41.16,0.58,0.0,0.0,18.99,0.8794,21.59,0.0
1701,39.29,0.17,0.0,0.0,8.22,0.7623,30.89,0.0
1702,37.33,0.02,0.0,0.0,37.31,0.7116,0.0,0.0
1703,37.33,0.0,0.0,0.0,6.44,0.4815,30.89,0.0
1704,37.35,0.0,0.0,0.0,6.46,0.4418,30.89,0.0
1705,37.35,0.0,0.0,0.0,6.46,0.402,30.89,0.0
1706,37.35,0.0,0.0,0.0,6.46,0.3621,30.89,0.0
1707,37.35,0.34,0.0,0.0,6.12,0.3223,30.89,0.0
1708,37.35,1.38,0.0,0.0,5.08,0.2846,30.89,0.0
1709,37.35,2.7,0.0,0.0,3.76,0.2533,30.89,0.0
1710,37.35,3.59,0.0,0.0,33.75,0.2301,0.0,0.0
1711,39.3,3.59,1.25,0.0,3.57,0.022,30.89,0.0
1712,41.18,9.11,17.01,0.0,0.0,0.0,15.05,0.0
1713,42.91,15.75,54.1,0.0,0.0,0.0,0.0,26.94
1714,44.42,42.19,77.63,44.5,0.0,0.0,0.0,30.89
1715,45.66,59.27,67.29,50.0,0.0,0.2477,0.0,30.89
1716,46.59,0.0,103.67,26.19,0.0,0.5259,0.0,30.89
1717,47.16,0.0,80.77,2.72,0.0,0.6716,0.0,30.89
1718,47.35,78.24,0.0,0.0,0.0,0.6868,0.0,30.89
1719,47.16,49.0,79.05,50.0,0.0,0.6868,0.0,30.89
1720,46.59,83.77,0.0,6.29,0.0,0.965,0.0,30.89
1721,45.66,28.75,27.4,0.0,0.0,1.0,0.0,10.48
1722,44.42,7.41,2.34,0.0,33.05,1.0,1.62,0.0
1723,42.91,18.52,0.0,0.0,24.38,0.7962,0.0,0.0
1724,41.18,32.85,0.0,0.0,8.33,0.6458,0.0,0.0
1725,39.3,25.01,0.0,0.0,14.29,0.5945,0.0,0.0
1726,37.35,13.27,0.0,0.0,24.08,0.5064,0.0,0.0
1727,37.35,7.41,0.0,0.0,0.0,0.3579,29.94,0.0
1728,37.36,2.7,0.0,0.0,3.77,0.3579,30.89,0.0
1729,37.36,0.93,0.0,0.0,5.55,0.3346,30.89,0.0
1730,37.36,0.93,0.0,0.0,5.55,0.3004,30.89,0.0
1731,37.36,1.38,0.0,0.0,5.09,0.2662,30.89,0.0
1732,37.36,2.7,0.0,0.0,3.77,0.2348,30.89,0.0
1733,37.36,3.59,0.0,0.0,33.77,0.2116,0.0,0.0
1734,37.36,5.93,0.0,0.0,0.54,0.0033,30.89,0.0
1735,39.31,9.11,1.8,0.0,0.0,0.0,28.4,0.0
1736,41.19,94.48,27.6,50.0,0.0,0.0,0.0,30.89
1737,42.92,96.96,0.0,23.14,0.0,0.2782,0.0,30.89
1738,44.44,27.09,85.33,37.09,0.0,0.407,0.0,30.89
1739,45.68,76.57,0.0,0.0,0.0,0.6135,0.0,30.89
1740,46.6,0.0,77.49,0.0,0.0,0.6135,0.0,30.89
1741,47.17,15.37,112.69,50.0,0.0,0.6135,0.0,30.89
1742,47.36,0.0,78.25,0.0,0.0,0.8917,0.0,30.89
1743,47.17,0.0,78.06,0.0,0.0,0.8917,0.0,30.89
1744,46.6,96.96,0.0,19.46,0.0,0.8917,0.0,30.89
1745,45.68,15.75,33.91,0.0,0.0,1.0,0.0,3.98
1746,44.44,0.17,5.18,0.0,8.19,1.0,30.89,0.0
1747,42.92,0.02,0.0,0.0,12.01,0.9495,30.89,0.0
1748,41.19,0.0,0.0,0.0,10.3,0.8755,30.89,0.0
1749,39.31,0.0,0.0,0.0,39.31,0.812,0.0,0.0
1750,37.36,0.0,0.0,0.0,34.8,0.5695,2.56,0.0
1751,37.36,0.0,0.0,0.0,6.47,0.3549,30.89,0.0
1752,37.38,0.0,0.0,0.0,6.49,0.315,30.89,0.0
1753,37.38,0.0,0.0,0.0,6.49,0.275,30.89,0.0
1754,37.38,0.0,0.0,0.0,6.49,0.235,30.89,0.0
1755,37.38,0.0,0.0,0.0,6.48,0.195,30.89,0.0
1756,37.38,0.0,0.0,0.0,6.48,0.1551,30.89,0.0
1757,37.38,0.0,0.0,0.0,6.48,0.1151,30.89,0.0
1758,37.38,0.0,0.0,0.0,6.48,0.0751,30.89,0.0
1759,39.33,0.0,2.74,0.0,5.69,0.0351,30.89,0.0
1760,41.2,15.75,18.62,0.0,0.0,0.0,6.83,0.0
1761,42.93,47.45,29.92,3.55,0.0,0.0,0.0,30.89
1762,44.45,96.96,0.0,21.62,0.0,0.0198,0.0,30.89
1763,45.69,96.96,29.63,50.0,0.0,0.1401,0.0,30.89
1764,46.62,0.0,77.51,0.0,0.0,0.4183,0.0,30.89
1765,47.19,72.9,55.18,50.0,0.0,0.4183,0.0,30.89
1766,47.38,0.0,98.28,20.01,0.0,0.6965,0.0,30.89
1767,47.19,28.75,83.85,34.52,0.0,0.8079,0.0,30.89
1768,46.62,7.41,49.72,0.0,0.0,1.0,0.0,10.52
1769,45.69,0.17,31.9,0.0,0.0,1.0,13.62,0.0
1770,44.45,0.0,4.85,0.0,37.43,1.0,2.16,0.0
1771,42.93,0.0,0.0,0.0,42.93,0.7692,0.0,0.0
1772,41.2,0.07,0.0,0.0,10.24,0.5045,30.89,0.0
1773,39.33,0.34,0.0,0.0,8.1,0.4413,30.89,0.0
1774,37.38,0.58,0.0,0.0,5.9,0.3914,30.89,0.0
1775,37.38,0.34,0.0,0.0,6.15,0.355,30.89,0.0
1776,37.39,0.07,0.0,0.0,6.43,0.3171,30.89,0.0
1777,37.39,0.0,0.0,0.0,6.5,0.2774,30.89,0.0
1778,37.39,0.0,0.0,0.0,6.5,0.2374,30.89,0.0
1779,37.39,0.0,0.0,0.0,6.5,0.1973,30.89,0.0
1780,37.39,0.0,0.0,0.0,6.5,0.1572,30.89,0.0
1781,37.39,0.0,0.0,0.0,6.5,0.1171,30.89,0.0
1782,37.39,0.0,0.0,0.0,6.5,0.077,30.89,0.0
1783,39.34,0.0,2.45,0.0,6.0,0.037,30.89,0.0
1784,41.22,0.0,27.08,0.0,0.0,0.0,14.14,0.0
1785,42.95,5.93,50.36,0.0,0.0,0.0,0.0,13.35
1786,44.46,42.19,55.45,22.28,0.0,0.0,0.0,30.89
1787,45.71,72.9,3.7,0.0,0.0,0.124,0.0,30.89
1788,46.63,65.85,11.67,0.0,0.0,0.124,0.0,30.89
1789,47.2,72.9,55.19,50.0,0.0,0.124,0.0,30.89
1790,47.39,35.71,92.57,50.0,0.0,0.4022,0.0,30.89
1791,47.2,60.96,67.13,50.0,0.0,0.6805,0.0,30.89
1792,46.63,26.18,58.76,7.41,0.0,0.9587,0.0,30.89
1793,45.71,18.52,2.18,0.0,0.0,1.0,25.01,0.0
1794,44.46,1.38,0.37,0.0,42.71,1.0,0.0,0.0
1795,42.95,1.97,0.0,0.0,10.09,0.7367,30.89,0.0
1796,41.22,3.59,0.0,0.0,19.79,0.6745,17.84,0.0
1797,39.34,4.67,0.0,0.0,3.78,0.5525,30.89,0.0
1798,37.39,3.59,0.0,0.0,2.9,0.5291,30.89,0.0
1799,37.39,1.97,0.0,0.0,4.53,0.5112,30.89,0.0
1800,37.4,1.38,0.0,0.0,5.13,0.4833,30.89,0.0
1801,37.4,0.93,0.0,0.0,5.59,0.4517,30.89,0.0
1802,37.4,0.58,0.0,0.0,5.93,0.4172,30.89,0.0
1803,37.4,0.34,0.0,0.0,6.17,0.3807,30.89,0.0
1804,37.4,0.07,0.0,0.0,37.33,0.3426,0.0,0.0
1805,37.4,0.02,0.0,0.0,6.49,0.1124,30.89,0.0
1806,37.4,0.02,0.0,0.0,6.49,0.0724,30.89,0.0
1807,39.35,0.02,3.19,0.0,5.25,0.0324,30.89,0.0
1808,41.23,11.06,29.55,0.0,0.0,0.0,0.62,0.0
1809,42.96,37.32,59.51,31.19,0.0,0.0,0.0,22.69
1810,44.47,53.14,67.28,50.0,0.0,0.1736,0.0,25.95
1811,45.72,32.85,79.98,50.0,0.0,0.4518,0.0,17.11
1812,46.64,13.27,69.67,36.29,0.0,0.7301,0.0,0.0
1813,47.21,4.67,54.76,12.21,0.0,0.932,0.0,0.0
1814,47.4,0.58,36.46,0.0,10.36,1.0,0.0,0.0
1815,47.21,0.0,22.79,0.0,0.0,0.9361,24.42,0.0
1816,46.64,0.0,7.72,0.0,8.04,0.9361,30.89,0.0
1817,45.72,0.02,0.52,0.0,14.28,0.8866,30.89,0.0
1818,44.47,0.02,0.0,0.0,13.56,0.7985,30.89,0.0
1819,42.96,0.0,0.0,0.0,38.43,0.7149,4.53,0.0
1820,41.23,0.0,0.0,0.0,10.34,0.478,30.89,0.0
1821,39.35,0.0,0.0,0.0,8.46,0.4142,30.89,0.0
1822,37.4,0.0,0.0,0.0,6.51,0.362,30.89,0.0
1823,37.4,0.34,0.0,0.0,6.17,0.3219,30.89,0.0
1824,37.41,1.38,0.0,0.0,5.14,0.2838,30.89,0.0
1825,37.41,1.97,0.0,0.0,4.55,0.2521,30.89,0.0
1826,37.41,1.38,0.0,0.0,5.14,0.224,30.89,0.0
1827,37.41,0.58,0.0,0.0,5.94,0.1923,30.89,0.0
1828,37.41,0.07,0.0,0.0,6.45,0.1557,30.89,0.0
1829,37.41,0.0,0.0,0.0,6.52,0.1159,30.89,0.0
1830,37.41,0.0,0.0,0.0,6.52,0.0757,30.89,0.0
1831,39.37,0.0,2.72,0.0,5.76,0.0355,30.89,0.0
1832,41.24,0.0,17.53,0.0,0.0,0.0,23.71,0.0
1833,42.97,0.0,54.58,0.0,0.0,0.0,0.0,11.61
1834,44.49,0.0,76.4,1.02,0.0,0.0,0.0,30.89
1835,45.73,0.93,92.37,16.68,0.0,0.0057,0.0,30.89
1836,46.65,3.59,100.34,50.0,0.0,0.0985,0.0,7.28
1837,47.22,7.41,100.84,37.63,0.0,0.3767,0.0,23.39
1838,47.41,13.27,94.76,29.72,0.0,0.5862,0.0,30.89
1839,47.22,21.6,70.27,44.65,0.0,0.7515,0.0,0.0
1840,46.65,21.6,54.61,0.0,0.0,1.0,0.0,29.56
1841,45.73,4.67,22.3,0.0,0.0,1.0,18.76,0.0
1842,44.49,0.17,3.68,0.0,40.63,1.0,0.0,0.0
1843,42.97,0.17,0.0,0.0,15.82,0.7495,26.98,0.0
1844,41.24,0.17,0.0,0.0,41.07,0.6519,0.0,0.0
1845,39.37,0.34,0.0,0.0,8.14,0.3987,30.89,0.0
1846,37.41,0.58,0.0,0.0,5.94,0.3485,30.89,0.0
1847,37.41,0.93,0.0,0.0,5.6,0.3119,30.89,0.0
1848,37.43,1.97,0.0,0.0,4.57,0.2774,30.89,0.0
1849,37.43,1.97,0.0,0.0,4.57,0.2492,30.89,0.0
1850,37.43,1.38,0.0,0.0,5.15,0.2211,30.89,0.0
1851,37.43,0.58,0.0,0.0,5.95,0.1893,30.89,0.0
1852,37.43,0.02,0.0,0.0,6.51,0.1526,30.89,0.0
1853,37.43,0.0,0.0,0.0,6.53,0.1125,30.89,0.0
1854,37.43,0.0,0.0,0.0,6.53,0.0722,30.89,0.0
1855,39.38,0.0,3.31,0.0,5.17,0.0319,30.89,0.0
1856,41.25,0.58,27.82,0.0,0.0,0.0,12.85,0.0
1857,42.98,2.7,50.2,0.0,0.0,0.0,0.0,9.92
1858,44.5,11.06,63.89,0.0,0.0,0.0,0.0,30.46
1859,45.74,32.85,85.68,41.91,0.0,0.0,0.0,30.89
1860,46.66,0.0,95.59,18.03,0.0,0.2332,0.0,30.89
1861,47.23,35.84,92.29,50.0,0.0,0.3335,0.0,30.89
1862,47.43,0.0,78.32,0.0,0.0,0.6118,0.0,30.89
1863,47.23,0.0,84.25,6.13,0.0,0.6118,0.0,30.89
1864,46.66,66.3,61.26,50.0,0.0,0.6459,0.0,30.89
1865,45.74,79.58,10.69,13.63,0.0,0.9241,0.0,30.89
1866,44.5,9.11,1.8,0.0,2.69,1.0,30.89,0.0
1867,42.98,1.97,0.0,0.0,10.12,0.9834,30.89,0.0
1868,41.25,1.38,0.0,0.0,8.98,0.921,30.89,0.0
1869,39.38,0.93,0.0,0.0,7.56,0.8656,30.89,0.0
1870,37.43,0.58,0.0,0.0,5.95,0.819,30.89,0.0
1871,37.43,0.17,0.0,0.0,6.36,0.7823,30.89,0.0
1872,37.44,0.02,0.0,0.0,6.52,0.7431,30.89,0.0
1873,37.44,0.0,0.0,0.0,6.54,0.7029,30.89,0.0
1874,37.44,0.0,0.0,0.0,37.44,0.6625,0.0,0.0
1875,37.44,0.0,0.0,0.0,6.54,0.4317,30.89,0.0
1876,37.44,0.07,0.0,0.0,20.83,0.3914,16.54,0.0
1877,37.44,0.34,0.0,0.0,37.1,0.2629,0.0,0.0
1878,37.44,1.97,0.0,0.0,4.58,0.0342,30.89,0.0
1879,39.39,3.59,3.93,0.0,0.97,0.006,30.89,0.0
1880,41.26,93.22,28.93,50.0,0.0,0.0,0.0,30.89
1881,42.99,63.55,60.33,50.0,0.0,0.2782,0.0,30.89
1882,44.51,39.63,85.76,50.0,0.0,0.5565,0.0,30.89
1883,45.75,76.64,0.0,0.0,0.0,0.8347,0.0,30.89
1884,46.67,0.0,77.56,0.0,0.0,0.8347,0.0,30.89
1885,47.24,78.13,0.0,0.0,0.0,0.8347,0.0,30.89
1886,47.44,78.33,0.0,0.0,0.0,0.8347,0.0,30.89
1887,47.24,78.13,0.0,0.0,0.0,0.8347,0.0,30.89
1888,46.67,41.39,65.88,29.7,0.0,0.8347,0.0,30.89
1889,45.75,41.62,35.02,0.0,0.0,1.0,0.0,30.89
1890,44.51,9.11,6.5,0.0,28.89,1.0,0.0,0.0
1891,42.99,1.38,0.0,0.0,10.72,0.8219,30.89,0.0
1892,41.26,0.58,0.0,0.0,21.3,0.7558,19.38,0.0
1893,39.39,0.34,0.0,0.0,39.05,0.6244,0.0,0.0
1894,37.44,0.17,0.0,0.0,6.37,0.3836,30.89,0.0
1895,37.44,0.02,0.0,0.0,6.52,0.3444,30.89,0.0
1896,37.44,0.0,0.0,0.0,6.55,0.3041,30.89,0.0
1897,37.44,0.0,0.0,0.0,6.55,0.2637,30.89,0.0
1898,37.44,0.0,0.0,0.0,6.55,0.2233,30.89,0.0
1899,37.44,0.0,0.0,0.0,6.55,0.1829,30.89,0.0
1900,37.44,0.0,0.0,0.0,6.55,0.1425,30.89,0.0
1901,37.44,0.02,0.0,0.0,6.53,0.1021,30.89,0.0
1902,37.44,0.0,0.0,0.0,6.55,0.0618,30.89,0.0
1903,39.4,0.0,5.03,0.0,3.47,0.0214,30.89,0.0
1904,41.27,0.93,31.58,0.0,0.0,0.0,8.76,0.0
1905,43.0,0.93,60.47,0.0,0.0,0.0,0.0,18.39
1906,44.52,0.34,81.63,6.56,0.0,0.0,0.0,30.89
1907,45.76,0.0,92.0,15.35,0.0,0.0365,0.0,30.89
1908,46.68,0.0,97.42,50.0,0.0,0.1219,0.0,0.73
1909,47.25,0.0,97.2,19.05,0.0,0.4001,0.0,30.89
1910,47.44,0.0,91.32,43.88,0.0,0.5062,0.0,0.0
1911,47.25,1.38,77.62,31.75,0.0,0.7503,0.0,0.0
1912,46.68,4.67,57.11,13.11,0.0,0.927,0.0,1.98
1913,45.76,1.97,29.92,0.0,0.0,1.0,13.87,0.0
1914,44.52,0.93,5.35,0.0,7.35,1.0,30.89,0.0
1915,43.0,1.97,0.0,0.0,10.14,0.9547,30.89,0.0
1916,41.27,2.7,0.0,0.0,7.68,0.8922,30.89,0.0
1917,39.4,1.38,0.0,0.0,7.12,0.8448,30.89,0.0
1918,37.44,0.93,0.0,0.0,5.63,0.8009,30.89,0.0
1919,37.44,0.34,0.0,0.0,6.22,0.7662,30.89,0.0
1920,37.45,0.17,0.0,0.0,37.28,0.7279,0.0,0.0
1921,37.45,0.02,0.0,0.0,37.43,0.498,0.0,0.0
1922,37.45,0.0,0.0,0.0,6.56,0.2672,30.89,0.0
1923,37.45,0.0,0.0,0.0,6.56,0.2267,30.89,0.0
1924,37.45,0.0,0.0,0.0,6.56,0.1863,30.89,0.0
1925,37.45,0.0,0.0,0.0,13.74,0.1458,23.71,0.0
1926,37.45,0.07,0.0,0.0,6.49,0.061,30.89,0.0
1927,39.4,0.34,4.77,0.0,3.41,0.021,30.89,0.0
1928,41.28,25.01,30.73,0.0,0.0,0.0,0.0,14.45
1929,43.01,22.75,51.15,0.0,0.0,0.0,0.0,30.89
1930,44.52,7.98,67.44,0.0,0.0,0.0,0.0,30.89
1931,45.77,6.49,70.17,0.0,0.0,0.0,0.0,30.89
1932,46.69,42.19,35.4,0.0,0.0,0.0,0.0,30.89
1933,47.26,29.49,89.22,40.56,0.0,0.0,0.0,30.89
1934,47.45,62.51,65.84,50.0,0.0,0.2257,0.0,30.89
1935,47.26,54.83,73.32,50.0,0.0,0.5039,0.0,30.89
1936,46.69,88.47,28.26,39.14,0.0,0.7822,0.0,30.89
1937,45.77,25.01,22.04,0.0,0.0,1.0,0.0,1.27
1938,44.52,3.59,4.54,0.0,5.49,1.0,30.89,0.0
1939,43.01,1.38,0.0,0.0,10.74,0.9661,30.89,0.0
1940,41.28,0.93,0.0,0.0,9.46,0.8999,30.89,0.0
1941,39.4,0.58,0.0,0.0,7.93,0.8416,30.89,0.0
1942,37.45,0.58,0.0,0.0,5.98,0.7927,30.89,0.0
1943,37.45,0.58,0.0,0.0,5.98,0.7558,30.89,0.0
1944,37.46,0.34,0.0,0.0,18.92,0.719,18.2,0.0
1945,37.46,0.17,0.0,0.0,6.4,0.6023,30.89,0.0
1946,37.46,0.07,0.0,0.0,6.5,0.5628,30.89,0.0
1947,37.46,0.07,0.0,0.0,6.5,0.5228,30.89,0.0
1948,37.46,0.17,0.0,0.0,6.4,0.4827,30.89,0.0
1949,37.46,0.34,0.0,0.0,37.12,0.4432,0.0,0.0
1950,37.46,2.7,0.0,0.0,34.76,0.2143,0.0,0.0
1951,39.41,7.41,3.58,0.0,0.0,0.0,28.43,0.0
1952,41.29,37.32,18.62,0.0,0.0,0.0,0.0,14.66
1953,43.02,47.45,47.16,20.71,0.0,0.0,0.0,30.89
1954,44.53,47.45,67.96,39.99,0.0,0.1152,0.0,30.89
1955,45.78,22.55,54.11,0.0,0.0,0.3378,0.0,30.89
1956,46.7,25.01,52.59,0.0,0.0,0.3378,0.0,30.89
1957,47.27,21.6,56.56,0.0,0.0,0.3378,0.0,30.89
1958,47.46,25.01,103.21,49.86,0.0,0.3378,0.0,30.89
1959,47.27,22.49,88.44,32.77,0.0,0.6152,0.0,30.89
1960,46.7,47.45,66.51,36.37,0.0,0.7976,0.0,30.89
1961,45.78,25.01,36.59,0.0,0.0,1.0,0.0,15.82
1962,44.53,5.93,7.25,0.0,0.46,1.0,30.89,0.0
1963,43.02,3.59,0.0,0.0,39.42,0.9972,0.0,0.0
1964,41.29,1.97,0.0,0.0,39.32,0.7541,0.0,0.0
1965,39.41,0.93,0.0,0.0,7.59,0.5117,30.89,0.0
1966,37.46,0.34,0.0,0.0,20.5,0.4648,16.62,0.0
1967,37.46,0.17,0.0,0.0,6.4,0.3384,30.89,0.0
1968,37.47,0.07,0.0,0.0,6.5,0.299,30.89,0.0
1969,37.47,0.02,0.0,0.0,6.56,0.2589,30.89,0.0
1970,37.47,0.0,0.0,0.0,6.58,0.2184,30.89,0.0
1971,37.47,0.0,0.0,0.0,6.58,0.1779,30.89,0.0
1972,37.47,0.0,0.0,0.0,6.58,0.1373,30.89,0.0
1973,37.47,0.0,0.0,0.0,6.58,0.0968,30.89,0.0
1974,37.47,0.0,0.0,0.0,6.58,0.0562,30.89,0.0
1975,39.42,0.0,5.99,0.0,2.54,0.0156,30.89,0.0
1976,41.3,0.0,32.47,0.0,0.0,0.0,8.83,0.0
1977,43.02,0.0,61.28,0.0,0.0,0.0,0.0,18.26
1978,44.54,0.0,82.36,6.93,0.0,0.0,0.0,30.89
1979,45.78,0.0,97.86,21.18,0.0,0.0386,0.0,30.89
1980,46.71,0.17,105.7,28.28,0.0,0.1565,0.0,30.89
1981,47.28,0.93,106.62,50.0,0.0,0.3138,0.0,10.27
1982,47.47,1.97,100.49,37.86,0.0,0.5921,0.0,17.13
1983,47.28,3.59,86.29,11.72,0.0,0.8028,0.0,30.89
1984,46.71,5.93,64.5,23.72,0.0,0.868,0.0,0.0
1985,45.78,1.38,35.48,0.0,0.0,1.0,8.92,0.0
1986,44.54,0.34,7.05,0.0,37.15,1.0,0.0,0.0
1987,43.02,5.93,0.0,0.0,37.09,0.7709,0.0,0.0
1988,41.3,32.85,0.0,0.0,8.44,0.5422,0.0,0.0
1989,39.42,47.45,0.0,8.04,0.0,0.4901,0.0,0.0
1990,37.47,42.19,0.0,4.72,0.0,0.5348,0.0,0.0
1991,37.47,32.85,0.0,0.0,4.62,0.5611,0.0,0.0
1992,37.47,21.6,0.0,0.0,0.0,0.5326,15.87,0.0
1993,37.47,13.27,0.0,0.0,24.21,0.5326,0.0,0.0
1994,37.47,7.41,0.0,0.0,0.0,0.3834,30.06,0.0
1995,37.47,4.67,0.0,0.0,1.92,0.3834,30.89,0.0
1996,37.47,3.59,0.0,0.0,33.88,0.3715,0.0,0.0
1997,37.47,1.97,0.0,0.0,4.61,0.1626,30.89,0.0
1998,37.47,4.67,0.0,0.0,1.92,0.1342,30.89,0.0
1999,39.43,11.06,6.25,0.0,19.84,0.1224,2.27,0.0
2000,41.3,59.27,32.5,19.58,0.0,0.0,0.0,30.89
2001,43.03,13.11,60.81,0.0,0.0,0.109,0.0,30.89
2002,44.55,42.2,83.24,50.0,0.0,0.109,0.0,30.89
2003,45.79,76.68,0.0,0.0,0.0,0.3872,0.0,30.89
2004,46.71,77.6,0.0,0.0,0.0,0.3872,0.0,30.89
2005,47.28,96.96,31.22,50.0,0.0,0.3872,0.0,30.89
2006,47.47,78.37,0.0,0.0,0.0,0.6654,0.0,30.89
2007,47.28,4.03,84.26,10.12,0.0,0.6654,0.0,30.89
2008,46.71,65.66,61.94,50.0,0.0,0.7218,0.0,30.89
2009,45.79,42.85,33.83,0.0,0.0,1.0,0.0,30.89
2010,44.55,21.6,7.11,0.0,0.0,1.0,15.83,0.0
2011,43.03,25.01,0.0,0.0,0.0,1.0,18.02,0.0
2012,41.3,37.32,0.0,0.0,0.0,1.0,3.98,0.0
2013,39.43,37.32,0.0,0.0,0.0,1.0,2.1,0.0
2014,37.47,32.85,0.0,0.0,0.0,1.0,4.62,0.0
2015,37.47,18.52,0.0,0.0,18.95,1.0,0.0,0.0
2016,37.48,9.11,0.0,0.0,0.0,0.8831,28.37,0.0
2017,37.48,2.7,0.0,0.0,3.89,0.8831,30.89,0.0
2018,37.48,1.38,0.0,0.0,36.1,0.8591,0.0,0.0
2019,37.48,0.93,0.0,0.0,36.55,0.6366,0.0,0.0
2020,37.48,1.38,0.0,0.0,36.1,0.4112,0.0,0.0
2021,37.48,1.97,0.0,0.0,28.66,0.1886,6.85,0.0
2022,37.48,4.67,0.0,0.0,1.92,0.0119,30.89,0.0
2023,39.43,9.11,7.4,0.0,0.0,0.0,22.92,0.0
2024,41.31,53.14,35.88,16.83,0.0,0.0,0.0,30.89
2025,43.04,57.61,66.32,50.0,0.0,0.0936,0.0,30.89
2026,44.55,96.96,0.0,21.51,0.0,0.3719,0.0,30.89
2027,45.8,0.0,76.69,0.0,0.0,0.4916,0.0,30.89
2028,46.72,10.01,112.78,45.18,0.0,0.4916,0.0,30.89
2029,47.29,28.75,49.43,0.0,0.0,0.743,0.0,30.89
2030,47.48,13.27,103.2,38.1,0.0,0.743,0.0,30.89
2031,47.29,7.41,78.85,8.08,0.0,0.955,0.0,30.89
2032,46.72,3.59,66.02,0.0,0.0,1.0,0.0,22.89
2033,45.8,0.17,16.95,0.0,0.0,1.0,28.68,0.0
2034,44.55,0.0,7.9,0.0,5.76,1.0,30.89,0.0
2035,43.04,0.0,0.0,0.0,12.14,0.9645,30.89,0.0
2036,41.31,0.02,0.0,0.0,10.39,0.8896,30.89,0.0
2037,39.43,0.02,0.0,0.0,8.52,0.8255,30.89,0.0
2038,37.48,0.17,0.0,0.0,6.42,0.773,30.89,0.0
2039,37.48,0.58,0.0,0.0,6.01,0.7334,30.89,0.0
2040,37.49,0.93,0.0,0.0,5.67,0.6964,30.89,0.0
2041,37.49,0.93,0.0,0.0,33.75,0.6614,2.81,0.0
2042,37.49,0.58,0.0,0.0,6.01,0.4534,30.89,0.0
2043,37.49,0.34,0.0,0.0,6.26,0.4163,30.89,0.0
2044,37.49,0.17,0.0,0.0,6.42,0.3777,30.89,0.0
2045,37.49,0.17,0.0,0.0,6.42,0.3381,30.89,0.0
2046,37.49,0.17,0.0,0.0,6.42,0.2985,30.89,0.0
2047,39.44,0.17,4.73,0.0,34.53,0.2589,0.0,0.0
2048,41.31,13.27,20.59,0.0,7.46,0.046,0.0,0.0
2049,43.04,18.52,42.91,0.0,0.0,0.0,0.0,18.39
2050,44.56,0.0,84.62,9.18,0.0,0.0,0.0,30.89
2051,45.8,0.0,76.69,0.0,0.0,0.0511,0.0,30.89
2052,46.72,59.27,48.56,30.22,0.0,0.0511,0.0,30.89
2053,47.29,96.96,0.0,18.77,0.0,0.2192,0.0,30.89
2054,47.49,96.96,0.0,18.58,0.0,0.3237,0.0,30.89
2055,47.29,96.96,23.6,42.38,0.0,0.4271,0.0,30.89
2056,46.72,96.96,19.96,39.3,0.0,0.6629,0.0,30.89
2057,45.8,96.96,1.02,21.28,0.0,0.8816,0.0,30.89
2058,44.56,32.85,0.1,0.0,0.0,1.0,11.6,0.0
2059,43.04,0.93,0.0,0.0,42.11,1.0,0.0,0.0
2060,41.31,0.34,0.0,0.0,17.66,0.7403,23.31,0.0
2061,39.44,0.34,0.0,0.0,8.21,0.6314,30.89,0.0
2062,37.49,0.34,0.0,0.0,6.26,0.5808,30.89,0.0
2063,37.49,0.34,0.0,0.0,6.26,0.5422,30.89,0.0
2064,37.49,0.17,0.0,0.0,6.43,0.5036,30.89,0.0
2065,37.49,0.07,0.0,0.0,37.42,0.464,0.0,0.0
2066,37.49,0.0,0.0,0.0,6.6,0.2333,30.89,0.0
2067,37.49,0.0,0.0,0.0,6.6,0.1926,30.89,0.0
2068,37.49,0.0,0.0,0.0,6.6,0.1519,30.89,0.0
2069,37.49,0.0,0.0,0.0,6.6,0.1112,30.89,0.0
2070,37.49,0.0,0.0,0.0,6.6,0.0705,30.89,0.0
2071,39.44,0.0,3.71,0.0,4.84,0.0299,30.89,0.0
2072,41.32,7.41,14.82,0.0,0.0,0.0,19.09,0.0
2073,43.05,25.01,36.99,0.0,0.0,0.0,0.0,18.95
2074,44.56,24.73,69.57,18.85,0.0,0.0,0.0,30.89
2075,45.8,0.0,76.7,0.0,0.0,0.1049,0.0,30.89
2076,46.73,88.47,0.0,10.85,0.0,0.1049,0.0,30.89
2077,47.3,43.81,84.38,50.0,0.0,0.1653,0.0,30.89
2078,47.49,56.93,71.45,50.0,0.0,0.4435,0.0,30.89
2079,47.3,11.94,66.25,0.0,0.0,0.7218,0.0,30.89
2080,46.73,79.76,47.86,50.0,0.0,0.7218,0.0,30.89
2081,45.8,15.75,34.19,0.0,0.0,1.0,0.0,4.13
2082,44.56,1.38,7.39,0.0,35.79,1.0,0.0,0.0
2083,43.05,1.97,0.0,0.0,30.07,0.7793,11.01,0.0
2084,41.32,3.59,0.0,0.0,6.83,0.5939,30.89,0.0
2085,39.44,4.67,0.0,0.0,3.88,0.5518,30.89,0.0
2086,37.49,5.93,0.0,0.0,0.67,0.5278,30.89,0.0
2087,37.49,9.11,0.0,0.0,0.0,0.5237,28.38,0.0
2088,37.49,11.06,0.0,0.0,0.0,0.5237,26.43,0.0
2089,37.49,13.27,0.0,0.0,24.23,0.5237,0.0,0.0
2090,37.49,13.27,0.0,0.0,0.0,0.3744,24.23,0.0
2091,37.49,13.27,0.0,0.0,24.23,0.3744,0.0,0.0
2092,37.49,11.06,0.0,0.0,0.0,0.225,26.43,0.0
2093,37.49,7.41,0.0,0.0,0.0,0.225,30.08,0.0
2094,37.49,11.06,0.0,0.0,26.43,0.225,0.0,0.0
2095,39.44,21.6,7.79,0.0,10.05,0.062,0.0,0.0
2096,41.32,72.9,34.9,35.58,0.0,0.0,0.0,30.89
2097,43.05,72.82,51.12,50.0,0.0,0.198,0.0,30.89
2098,44.56,49.18,76.27,50.0,0.0,0.4763,0.0,30.89
2099,45.81,0.0,83.57,6.87,0.0,0.7545,0.0,30.89
2100,46.73,42.19,35.44,0.0,0.0,0.7927,0.0,30.89
2101,47.3,0.0,98.36,20.17,0.0,0.7927,0.0,30.89
2102,47.49,0.0,93.91,15.52,0.0,0.9049,0.0,30.89
2103,47.3,0.0,79.75,1.56,0.0,0.9913,0.0,30.89
2104,46.73,2.7,60.93,0.0,0.0,1.0,0.0,16.89
2105,45.81,4.67,30.51,0.0,0.0,1.0,10.63,0.0
2106,44.56,3.59,7.6,0.0,2.48,1.0,30.89,0.0
2107,43.05,7.41,0.0,0.0,4.75,0.9847,30.89,0.0
2108,41.32,4.67,0.0,0.0,5.76,0.9554,30.89,0.0
2109,39.44,1.38,0.0,0.0,7.17,0.9199,30.89,0.0
2110,37.49,0.07,0.0,0.0,37.42,0.8757,0.0,0.0
2111,37.49,0.0,0.0,0.0,6.6,0.645,30.89,0.0
2112,37.5,0.0,0.0,0.0,6.6,0.6043,30.89,0.0
2113,37.5,0.07,0.0,0.0,6.53,0.5636,30.89,0.0
2114,37.5,0.07,0.0,0.0,25.82,0.5233,11.61,0.0
2115,37.5,0.07,0.0,0.0,6.53,0.3641,30.89,0.0
2116,37.5,0.0,0.0,0.0,6.6,0.3238,30.89,0.0
2117,37.5,0.0,0.0,0.0,6.61,0.2831,30.89,0.0
2118,37.5,0.07,0.0,0.0,6.53,0.2424,30.89,0.0
2119,39.45,0.34,6.34,0.0,32.77,0.2021,0.0,0.0
2120,41.32,13.27,25.66,0.0,0.0,0.0,2.4,0.0
2121,43.05,7.41,52.78,0.0,0.0,0.0,0.0,17.14
2122,44.57,5.93,78.08,8.55,0.0,0.0,0.0,30.89
2123,45.81,11.06,81.74,27.64,0.0,0.0476,0.0,19.36
2124,46.73,7.41,98.27,50.0,0.0,0.2014,0.0,8.94
2125,47.3,1.38,96.38,50.0,0.0,0.4796,0.0,0.46
2126,47.5,0.93,56.3,9.73,0.0,0.7579,0.0,0.0
2127,47.3,5.93,41.12,0.0,0.25,0.812,0.0,0.0
2128,46.73,25.01,55.79,34.06,0.0,0.8105,0.0,0.0
2129,45.81,13.27,25.1,0.0,7.45,1.0,0.0,0.0
2130,44.57,1.38,6.96,0.0,36.22,0.9541,0.0,0.0
2131,43.05,0.93,0.0,0.0,42.13,0.7308,0.0,0.0
2132,41.32,1.97,0.0,0.0,8.46,0.471,30.89,0.0
2133,39.45,1.97,0.0,0.0,37.48,0.4188,0.0,0.0
2134,37.5,3.59,0.0,0.0,3.01,0.1877,30.89,0.0
2135,37.5,13.27,0.0,0.0,18.69,0.1692,5.54,0.0
2136,37.5,21.6,0.0,0.0,0.0,0.0539,15.9,0.0
2137,37.5,25.01,0.0,0.0,0.0,0.0539,12.49,0.0
2138,37.5,28.75,0.0,0.0,8.75,0.0539,0.0,0.0
2139,37.5,25.01,0.0,0.0,0.0,0.0,12.49,0.0
2140,37.5,21.6,0.0,0.0,0.0,0.0,15.9,0.0
2141,37.5,28.75,0.0,0.0,0.0,0.0,8.75,0.0
2142,37.5,65.85,0.0,28.35,0.0,0.0,0.0,0.0
2143,39.45,62.62,7.72,0.0,0.0,0.1578,0.0,30.89
2144,41.32,40.73,31.48,0.0,0.0,0.1578,0.0,30.89
2145,43.05,17.48,56.47,0.0,0.0,0.1578,0.0,30.89
2146,44.57,27.37,48.09,0.0,0.0,0.1578,0.0,30.89
2147,45.81,22.28,54.42,0.0,0.0,0.1578,0.0,30.89
2148,46.74,25.3,52.32,0.0,0.0,0.1578,0.0,30.89
2149,47.31,1.98,76.22,0.0,0.0,0.1578,0.0,30.89
2150,47.5,20.76,57.63,0.0,0.0,0.1578,0.0,30.89
2151,47.31,24.71,53.48,0.0,0.0,0.1578,0.0,30.89
2152,46.74,51.82,25.81,0.0,0.0,0.1578,0.0,30.89
2153,45.81,70.33,6.38,0.0,0.0,0.1578,0.0,30.89
2154,44.57,96.96,1.75,23.25,0.0,0.1578,0.0,30.89
2155,43.05,73.94,0.0,0.0,0.0,0.2871,0.0,30.89
2156,41.32,72.22,0.0,0.0,0.0,0.2871,0.0,30.89
2157,39.45,96.96,0.0,26.62,0.0,0.2871,0.0,30.89
2158,37.5,96.96,0.0,28.57,0.0,0.4353,0.0,30.89
2159,37.5,37.5,0.0,0.0,0.0,0.5942,0.0,0.0
2160,37.5,37.5,0.0,0.0,0.0,0.5942,0.0,0.0
2161,37.5,37.5,0.0,0.0,0.0,0.5942,0.0,0.0
2162,37.5,37.5,0.0,0.0,0.0,0.5942,0.0,0.0
2163,37.5,37.5,0.0,0.0,0.0,0.5942,0.0,0.0
2164,37.5,37.5,0.0,0.0,0.0,0.5942,0.0,0.0
2165,37.5,37.5,0.0,0.0,0.0,0.5942,0.0,0.0
2166,37.5,37.5,0.0,0.0,0.0,0.5942,0.0,0.0
2167,39.45,70.23,0.11,0.0,0.0,0.5942,0.0,30.89
2168,41.33,52.23,19.98,0.0,0.0,0.5942,0.0,30.89
2169,43.06,42.08,31.86,0.0,0.0,0.5942,0.0,30.89
2170,44.57,52.71,45.66,22.92,0.0,0.5942,0.0,30.89
2171,45.81,11.86,64.85,0.0,0.0,0.7218,0.0,30.89
2172,46.74,0.0,77.63,0.0,0.0,0.7218,0.0,30.89
2173,47.31,0.0,78.2,0.0,0.0,0.7218,0.0,30.89
2174,47.5,58.48,69.91,50.0,0.0,0.7218,0.0,30.89
2175,47.31,52.52,25.68,0.0,0.0,1.0,0.0,30.89
2176,46.74,28.02,49.61,0.0,0.0,1.0,0.0,30.89
2177,45.81,37.32,28.9,0.0,0.0,1.0,0.0,20.41
2178,44.57,0.93,6.68,0.0,24.71,1.0,12.25,0.0
2179,43.06,0.34,0.0,0.0,42.72,0.8476,0.0,0.0
2180,41.33,0.34,0.0,0.0,40.99,0.5842,0.0,0.0
2181,39.45,0.34,0.0,0.0,8.22,0.3315,30.89,0.0
2182,37.5,0.17,0.0,0.0,6.44,0.2808,30.89,0.0
2183,37.5,0.34,0.0,0.0,37.16,0.2411,0.0,0.0
2184,37.5,4.67,0.0,0.0,1.94,0.012,30.89,0.0
2185,37.5,37.5,0.0,0.0,0.0,0.0,0.0,0.0
2186,37.5,37.5,0.0,0.0,0.0,0.0,0.0,0.0
2187,37.5,37.5,0.0,0.0,0.0,0.0,0.0,0.0
2188,37.5,37.5,0.0,0.0,0.0,0.0,0.0,0.0
2189,37.5,37.5,0.0,0.0,0.0,0.0,0.0,0.0
2190,37.5,37.5,0.0,0.0,0.0,0.0,0.0,0.0
2191,39.45,61.7,8.64,0.0,0.0,0.0,0.0,30.89
2192,41.33,37.44,34.78,0.0,0.0,0.0,0.0,30.89
2193,43.06,57.82,66.12,50.0,0.0,0.0,0.0,30.89
2194,44.57,0.0,93.64,18.18,0.0,0.2782,0.0,30.89
2195,45.81,0.0,88.22,11.52,0.0,0.3794,0.0,30.89
2196,46.74,0.0,77.63,0.0,0.0,0.4435,0.0,30.89
2197,47.31,0.0,78.2,0.0,0.0,0.4435,0.0,30.89
2198,47.5,16.68,61.71,0.0,0.0,0.4435,0.0,30.89
2199,47.31,60.35,67.85,50.0,0.0,0.4435,0.0,30.89
2200,46.74,60.27,67.36,50.0,0.0,0.7218,0.0,30.89
2201,45.81,38.99,37.71,0.0,0.0,1.0,0.0,30.89
2202,44.57,25.01,9.33,0.0,0.0,1.0,10.24,0.0
2203,43.06,0.93,0.0,0.0,11.24,1.0,30.89,0.0
2204,41.33,0.34,0.0,0.0,40.99,0.9307,0.0,0.0
2205,39.45,0.17,0.0,0.0,8.39,0.678,30.89,0.0
2206,37.5,0.02,0.0,0.0,37.48,0.6262,0.0,0.0
2207,37.5,0.0,0.0,0.0,17.94,0.3952,19.56,0.0
2208,37.5,0.0,0.0,0.0,6.61,0.2845,30.89,0.0
2209,37.5,0.0,0.0,0.0,6.61,0.2438,30.89,0.0
2210,37.5,0.0,0.0,0.0,6.61,0.203,30.89,0.0
2211,37.5,0.0,0.0,0.0,6.61,0.1623,30.89,0.0
2212,37.5,0.02,0.0,0.0,6.59,0.1215,30.89,0.0
2213,37.5,0.02,0.0,0.0,6.59,0.0809,30.89,0.0
2214,37.5,0.07,0.0,0.0,6.54,0.0403,30.89,0.0
2215,39.45,0.17,8.63,0.0,0.0,0.0,30.64,0.0
2216,41.33,3.59,39.88,0.0,0.0,0.0,0.0,2.15
2217,43.06,2.7,68.01,0.0,0.0,0.0,0.0,27.65
2218,44.57,0.58,88.64,13.76,0.0,0.0,0.0,30.89
2219,45.81,0.07,103.85,27.21,0.0,0.0766,0.0,30.89
2220,46.74,0.34,110.57,33.28,0.0,0.228,0.0,30.89
2221,47.31,2.7,111.06,35.56,0.0,0.4132,0.0,30.89
2222,47.5,9.11,78.26,8.99,0.0,0.6111,0.0,30.89
2223,47.31,15.75,65.53,33.13,0.0,0.6611,0.0,0.84
2224,46.74,18.52,55.98,27.76,0.0,0.8455,0.0,0.0
2225,45.81,4.67,32.19,0.0,0.0,1.0,8.96,0.0
2226,44.57,0.17,9.28,0.0,4.23,1.0,30.89,0.0
2227,43.06,0.07,0.0,0.0,12.09,0.9739,30.89,0.0
2228,41.33,0.02,0.0,0.0,10.41,0.8994,30.89,0.0
2229,39.45,0.0,0.0,0.0,39.45,0.8352,0.0,0.0
2230,37.5,0.0,0.0,0.0,6.61,0.5919,30.89,0.0
2231,37.5,0.0,0.0,0.0,37.5,0.5511,0.0,0.0
2232,37.5,0.07,0.0,0.0,6.53,0.3199,30.89,0.0
2233,37.5,0.34,0.0,0.0,6.27,0.2796,30.89,0.0
2234,37.5,0.58,0.0,0.0,16.01,0.241,20.91,0.0
2235,37.5,0.93,0.0,0.0,5.68,0.1422,30.89,0.0
2236,37.5,0.93,0.0,0.0,5.68,0.1072,30.89,0.0
2237,37.5,0.93,0.0,0.0,5.68,0.0722,30.89,0.0
2238,37.5,0.58,0.0,0.0,6.02,0.0371,30.89,0.0
2239,39.45,0.34,11.31,0.0,0.0,0.0,27.8,0.0
2240,41.33,25.01,40.86,0.0,0.0,0.0,0.0,24.54
2241,43.05,4.66,69.28,0.0,0.0,0.0,0.0,30.89
2242,44.57,34.67,90.79,50.0,0.0,0.0,0.0,30.89
2243,45.81,0.0,103.68,26.97,0.0,0.2782,0.0,30.89
2244,46.74,0.0,77.63,0.0,0.0,0.4283,0.0,30.89
2245,47.31,0.0,80.92,2.72,0.0,0.4283,0.0,30.89
2246,47.5,0.0,78.39,0.0,0.0,0.4435,0.0,30.89
2247,47.31,56.68,71.52,50.0,0.0,0.4435,0.0,30.89
2248,46.74,73.27,54.36,50.0,0.0,0.7218,0.0,30.89
2249,45.81,47.45,25.79,0.0,3.46,1.0,0.0,30.89
2250,44.57,11.06,7.42,0.0,50.0,0.9787,0.0,23.91
2251,43.05,25.01,0.0,0.0,24.66,0.6704,0.0,6.62
2252,41.33,80.43,0.0,8.21,0.0,0.5183,0.0,30.89
2253,39.45,96.96,0.0,50.0,0.0,0.564,0.0,7.51
2254,37.5,65.85,0.0,28.35,0.0,0.8422,0.0,0.0
2255,37.5,28.75,0.0,0.0,3.02,1.0,5.73,0.0
2256,37.5,9.11,0.0,0.0,0.0,0.9814,28.38,0.0
2257,37.5,2.7,0.0,0.0,3.91,0.9814,30.89,0.0
2258,37.5,0.93,0.0,0.0,36.57,0.9573,0.0,0.0
2259,37.5,0.34,0.0,0.0,6.27,0.7318,30.89,0.0
2260,37.5,0.07,0.0,0.0,37.42,0.6932,0.0,0.0
2261,37.5,0.0,0.0,0.0,37.49,0.4624,0.0,0.0
2262,37.5,0.0,0.0,0.0,37.49,0.2312,0.0,0.0
2263,39.45,0.02,11.75,0.0,0.0,0.0,27.67,0.0
2264,41.32,2.7,41.28,0.0,0.0,0.0,0.0,2.66
2265,43.05,7.41,66.53,0.0,0.0,0.0,0.0,30.89
2266,44.57,13.27,89.83,27.64,0.0,0.0,0.0,30.89
2267,45.81,0.0,76.7,0.0,0.0,0.1538,0.0,30.89
2268,46.74,0.0,77.63,0.0,0.0,0.1538,0.0,30.89
2269,47.31,29.04,86.49,37.34,0.0,0.1538,0.0,30.89
2270,47.5,65.85,12.54,0.0,0.0,0.3616,0.0,30.89
2271,47.31,55.04,73.16,50.0,0.0,0.3616,0.0,30.89
2272,46.74,79.49,48.14,50.0,0.0,0.6398,0.0,30.89
2273,45.81,53.14,38.28,14.72,0.0,0.9181,0.0,30.89
2274,44.57,11.06,9.68,0.0,0.0,1.0,23.83,0.0
2275,43.05,1.97,0.0,0.0,10.19,1.0,30.89,0.0
2276,41.32,0.58,0.0,0.0,9.85,0.9371,30.89,0.0
2277,39.45,0.17,0.0,0.0,8.38,0.8764,30.89,0.0
2278,37.5,0.02,0.0,0.0,37.48,0.8247,0.0,0.0
2279,37.5,0.0,0.0,0.0,6.6,0.5936,30.89,0.0
2280,37.49,0.0,0.0,0.0,6.6,0.5529,30.89,0.0
2281,37.49,0.0,0.0,0.0,6.6,0.5122,30.89,0.0
2282,37.49,0.0,0.0,0.0,19.2,0.4715,18.29,0.0
2283,37.49,0.0,0.0,0.0,6.6,0.3531,30.89,0.0
2284,37.49,0.0,0.0,0.0,6.6,0.3124,30.89,0.0
2285,37.49,0.02,0.0,0.0,37.47,0.2717,0.0,0.0
2286,37.49,0.02,0.0,0.0,6.58,0.0406,30.89,0.0
2287,39.45,0.02,10.67,0.0,0.0,0.0,28.76,0.0
2288,41.32,9.11,31.08,0.0,0.0,0.0,1.12,0.0
2289,43.05,9.11,66.67,1.85,0.0,0.0,0.0,30.89
2290,44.57,5.93,87.25,17.73,0.0,0.0103,0.0,30.89
2291,45.81,4.67,100.37,28.33,0.0,0.1089,0.0,30.89
2292,46.73,4.67,106.78,47.38,0.0,0.2666,0.0,17.34
2293,47.3,5.93,80.02,7.76,0.0,0.5302,0.0,30.89
2294,47.49,11.06,77.14,40.7,0.0,0.5734,0.0,0.0
2295,47.3,21.6,51.78,26.08,0.0,0.7999,0.0,0.0
2296,46.73,32.85,23.76,9.87,0.0,0.9451,0.0,0.0
2297,45.81,15.75,33.45,0.0,0.0,1.0,0.0,3.39
2298,44.57,1.97,7.97,0.0,3.73,1.0,30.89,0.0
2299,43.05,0.93,0.0,0.0,42.12,0.977,0.0,0.0
2300,41.32,0.93,0.0,0.0,23.25,0.7172,17.15,0.0
2301,39.45,0.58,0.0,0.0,7.97,0.5739,30.89,0.0
2302,37.49,0.34,0.0,0.0,37.16,0.5248,0.0,0.0
2303,37.49,0.34,0.0,0.0,6.27,0.2956,30.89,0.0
2304,37.49,0.34,0.0,0.0,6.26,0.257,30.89,0.0
2305,37.49,0.58,0.0,0.0,6.02,0.2184,30.89,0.0
2306,37.49,0.58,0.0,0.0,6.02,0.1813,30.89,0.0
2307,37.49,0.93,0.0,0.0,5.67,0.1442,30.89,0.0
2308,37.49,0.58,0.0,0.0,6.02,0.1092,30.89,0.0
2309,37.49,0.58,0.0,0.0,6.02,0.0721,30.89,0.0
2310,37.49,0.93,0.0,0.0,5.67,0.035,30.89,0.0
2311,39.44,1.97,12.37,0.0,0.0,0.0,25.1,0.0
2312,41.32,7.41,42.17,0.0,0.0,0.0,0.0,8.27
2313,43.05,3.59,69.42,0.0,0.0,0.0,0.0,29.97
2314,44.56,2.7,89.41,16.66,0.0,0.0,0.0,30.89
2315,45.81,2.7,102.57,28.58,0.0,0.0927,0.0,30.89
2316,46.73,1.97,108.74,33.09,0.0,0.2517,0.0,30.89
2317,47.3,1.97,108.25,32.03,0.0,0.4359,0.0,30.89
2318,47.49,2.7,100.71,40.43,0.0,0.6141,0.0,15.49
2319,47.3,1.97,86.26,10.04,0.0,0.8391,0.0,30.89
2320,46.73,0.58,65.02,18.88,0.0,0.895,0.0,0.0
2321,45.81,0.0,37.36,0.0,0.0,1.0,8.45,0.0
2322,44.56,0.0,9.74,0.0,3.93,1.0,30.89,0.0
2323,43.05,0.0,0.0,0.0,23.38,0.9757,19.67,0.0
2324,41.32,0.0,0.0,0.0,10.43,0.8316,30.89,0.0
2325,39.44,0.02,0.0,0.0,8.53,0.7673,30.89,0.0
2326,37.49,0.17,0.0,0.0,6.43,0.7147,30.89,0.0
2327,37.49,0.34,0.0,0.0,6.26,0.6751,30.89,0.0
2328,37.49,0.34,0.0,0.0,6.26,0.6365,30.89,0.0
2329,37.49,0.34,0.0,0.0,6.26,0.5979,30.89,0.0
2330,37.49,0.07,0.0,0.0,37.41,0.5593,0.0,0.0
2331,37.49,0.0,0.0,0.0,6.59,0.3286,30.89,0.0
2332,37.49,0.0,0.0,0.0,6.6,0.2879,30.89,0.0
2333,37.49,0.0,0.0,0.0,6.6,0.2472,30.89,0.0
2334,37.49,0.0,0.0,0.0,6.6,0.2066,30.89,0.0
2335,39.44,0.0,12.54,0.0,26.9,0.1659,0.0,0.0
2336,41.31,0.02,41.14,0.0,0.0,0.0,0.16,0.0
2337,43.04,0.93,67.2,0.0,0.0,0.0,0.0,25.09
2338,44.56,9.11,87.28,20.95,0.0,0.0,0.0,30.89
2339,45.8,25.01,101.2,49.51,0.0,0.1166,0.0,30.89
2340,46.73,32.85,44.77,0.0,0.0,0.3921,0.0,30.89
2341,47.3,21.49,106.7,50.0,0.0,0.3921,0.0,30.89
2342,47.49,16.73,99.06,37.41,0.0,0.6703,0.0,30.89
2343,47.3,15.75,84.27,21.83,0.0,0.8785,0.0,30.89
2344,46.73,9.11,63.41,0.0,0.0,1.0,0.0,25.8
2345,45.8,0.93,32.87,0.0,0.0,1.0,12.01,0.0
2346,44.56,0.0,9.87,0.0,3.8,1.0,30.89,0.0
2347,43.04,0.07,0.0,0.0,12.08,0.9766,30.89,0.0
2348,41.31,0.58,0.0,0.0,40.73,0.9021,0.0,0.0
2349,39.44,1.97,0.0,0.0,6.58,0.6509,30.89,0.0
2350,37.49,9.11,0.0,0.0,0.0,0.6104,28.37,0.0
2351,37.49,21.6,0.0,0.0,0.0,0.6104,15.89,0.0
2352,37.48,28.75,0.0,0.0,0.0,0.6104,8.73,0.0
2353,37.48,28.75,0.0,0.0,8.73,0.6104,0.0,0.0
2354,37.48,15.75,0.0,0.0,0.0,0.5565,21.74,0.0
2355,37.48,3.59,0.0,0.0,33.89,0.5565,0.0,0.0
2356,37.48,0.93,0.0,0.0,5.67,0.3476,30.89,0.0
2357,37.48,0.34,0.0,0.0,37.15,0.3126,0.0,0.0
2358,37.48,0.17,0.0,0.0,12.1,0.0836,25.21,0.0
2359,39.43,0.17,6.92,0.0,1.45,0.009,30.89,0.0
2360,41.31,11.06,20.25,0.0,0.0,0.0,10.0,0.0
2361,43.04,25.01,40.03,0.0,0.0,0.0,0.0,21.99
2362,44.55,32.85,56.47,33.17,0.0,0.0,0.0,11.59
2363,45.8,18.52,52.92,25.64,0.0,0.1846,0.0,0.0
2364,46.72,13.27,75.26,41.8,0.0,0.3273,0.0,0.0
2365,47.29,13.27,76.32,42.3,0.0,0.5599,0.0,0.0
2366,47.48,13.27,71.0,36.78,0.0,0.7953,0.0,0.0
2367,47.29,7.41,7.09,0.0,1.9,1.0,30.89,0.0
2368,46.72,1.97,2.08,0.0,11.78,0.9883,30.89,0.0
2369,45.8,0.17,0.9,0.0,13.83,0.9156,30.89,0.0
2370,44.55,0.07,0.11,0.0,13.48,0.8303,30.89,0.0
2371,43.04,0.34,0.0,0.0,11.81,0.7472,30.89,0.0
2372,41.31,1.38,0.0,0.0,39.93,0.6744,0.0,0.0
2373,39.43,2.7,0.0,0.0,5.84,0.4282,30.89,0.0
2374,37.48,4.67,0.0,0.0,1.93,0.3922,30.89,0.0
2375,37.48,5.93,0.0,0.0,0.66,0.3803,30.89,0.0
2376,37.48,7.41,0.0,0.0,0.0,0.3762,30.07,0.0
2377,37.48,9.11,0.0,0.0,0.0,0.3762,28.36,0.0
2378,37.48,7.41,0.0,0.0,0.0,0.3762,30.07,0.0
2379,37.48,7.41,0.0,0.0,0.0,0.3762,30.07,0.0
2380,37.48,3.59,0.0,0.0,18.8,0.3762,15.08,0.0
2381,37.48,0.93,0.0,0.0,36.55,0.2603,0.0,0.0
2382,37.48,0.93,0.0,0.0,5.66,0.0349,30.89,0.0
2383,39.43,1.97,12.3,0.0,0.0,0.0,25.16,0.0
2384,41.3,9.11,37.3,0.0,0.0,0.0,0.0,5.11
2385,43.03,7.41,62.35,0.0,0.0,0.0,0.0,26.73
2386,44.55,7.41,68.03,0.0,0.0,0.0,0.0,30.89
2387,45.79,0.0,96.8,20.11,0.0,0.0,0.0,30.89
2388,46.72,11.06,104.06,37.52,0.0,0.1119,0.0,30.89
2389,47.29,0.0,78.79,0.62,0.0,0.3207,0.0,30.89
2390,47.48,21.6,54.39,0.0,2.38,0.3241,0.0,30.89
2391,47.29,28.75,6.05,0.0,43.38,0.3095,0.0,30.89
2392,46.72,47.45,23.34,0.0,6.81,0.042,0.0,30.89
2393,45.79,42.58,34.1,0.0,0.0,0.0,0.0,30.89
2394,44.55,65.84,9.6,0.0,0.0,0.0,0.0,30.89
2395,43.03,73.92,0.0,0.0,0.0,0.0,0.0,30.89
2396,41.3,72.2,0.0,0.0,0.0,0.0,0.0,30.89
2397,39.43,96.96,0.0,26.64,0.0,0.0,0.0,30.89
2398,37.48,96.96,0.0,28.59,0.0,0.1482,0.0,30.89
2399,37.48,37.48,0.0,0.0,0.0,0.3073,0.0,0.0
2400,37.47,37.47,0.0,0.0,0.0,0.3073,0.0,0.0
2401,37.47,37.47,0.0,0.0,0.0,0.3073,0.0,0.0
2402,37.47,37.47,0.0,0.0,0.0,0.3073,0.0,0.0
2403,37.47,37.47,0.0,0.0,0.0,0.3073,0.0,0.0
2404,37.47,37.47,0.0,0.0,0.0,0.3073,0.0,0.0
2405,37.47,37.47,0.0,0.0,0.0,0.3073,0.0,0.0
2406,37.47,37.47,0.0,0.0,0.0,0.3073,0.0,0.0
2407,39.42,96.96,0.25,26.89,0.0,0.3073,0.0,30.89
2408,41.3,96.96,1.09,25.86,0.0,0.457,0.0,30.89
2409,43.03,95.64,3.6,25.32,0.0,0.6008,0.0,30.89
2410,44.54,88.47,9.2,22.24,0.0,0.7417,0.0,30.89
2411,45.79,72.9,27.96,24.18,0.0,0.8655,0.0,30.89
2412,46.71,59.58,18.02,0.0,0.0,1.0,0.0,30.89
2413,47.28,64.78,13.39,0.0,0.0,1.0,0.0,30.89
2414,47.47,62.34,16.02,0.0,0.0,1.0,0.0,30.89
2415,47.28,62.8,15.37,0.0,0.0,1.0,0.0,30.89
2416,46.71,74.31,3.29,0.0,0.0,1.0,0.0,30.89
2417,45.79,72.9,1.08,0.0,0.0,1.0,0.0,28.19
2418,44.54,15.75,0.35,0.0,28.45,1.0,0.0,0.0
2419,43.03,0.93,0.0,0.0,18.34,0.8246,23.76,0.0
2420,41.3,0.17,0.0,0.0,41.13,0.7115,0.0,0.0
2421,39.42,0.34,0.0,0.0,8.19,0.4579,30.89,0.0
2422,37.47,1.38,0.0,0.0,5.2,0.4074,30.89,0.0
2423,37.47,1.97,0.0,0.0,4.61,0.3754,30.89,0.0
2424,37.46,1.97,0.0,0.0,4.6,0.3469,30.89,0.0
2425,37.46,1.38,0.0,0.0,36.08,0.3185,0.0,0.0
2426,37.46,1.38,0.0,0.0,5.19,0.096,30.89,0.0
2427,37.46,1.97,0.0,0.0,4.6,0.064,30.89,0.0
2428,37.46,2.7,0.0,0.0,3.87,0.0356,30.89,0.0
2429,37.46,4.67,0.0,0.0,1.91,0.0118,30.89,0.0
2430,37.46,25.01,0.0,0.0,0.0,0.0,12.46,0.0
2431,39.42,53.14,14.94,0.0,0.0,0.0,0.0,28.67
2432,41.29,76.08,46.1,50.0,0.0,0.0,0.0,30.89
2433,43.02,48.83,75.08,50.0,0.0,0.2782,0.0,30.89
2434,44.54,0.0,75.43,0.0,0.0,0.5565,0.0,30.89
2435,45.78,0.0,82.96,6.29,0.0,0.5565,0.0,30.89
2436,46.7,0.0,114.58,36.99,0.0,0.5915,0.0,30.89
2437,47.27,0.0,114.58,36.42,0.0,0.7973,0.0,30.89
2438,47.46,0.0,78.36,0.0,0.0,1.0,0.0,30.89
2439,47.27,0.0,78.16,0.0,0.0,1.0,0.0,30.89
2440,46.7,8.2,69.39,0.0,0.0,1.0,0.0,30.89
2441,45.78,5.93,40.39,0.0,0.0,1.0,0.0,0.54
2442,44.54,0.07,11.06,0.0,28.16,1.0,5.24,0.0
2443,43.02,0.02,0.0,0.0,43.0,0.8263,0.0,0.0
2444,41.29,0.07,0.0,0.0,41.22,0.5612,0.0,0.0
2445,39.42,0.17,0.0,0.0,8.35,0.3071,30.89,0.0
2446,37.46,0.58,0.0,0.0,5.99,0.2556,30.89,0.0
2447,37.46,0.93,0.0,0.0,5.65,0.2186,30.89,0.0
2448,37.46,1.97,0.0,0.0,4.6,0.1838,30.89,0.0
2449,37.46,1.97,0.0,0.0,4.6,0.1554,30.89,0.0
2450,37.46,1.97,0.0,0.0,4.6,0.1271,30.89,0.0
2451,37.46,2.7,0.0,0.0,3.87,0.0988,30.89,0.0
2452,37.46,2.7,0.0,0.0,3.87,0.0749,30.89,0.0
2453,37.46,1.97,0.0,0.0,4.6,0.0511,30.89,0.0
2454,37.46,2.7,0.18,0.0,3.69,0.0227,30.89,0.0
2455,39.41,5.93,15.93,0.0,0.0,0.0,17.55,0.0
2456,41.28,18.52,47.77,0.0,0.0,0.0,0.0,25.0
2457,43.01,0.0,75.64,1.73,0.0,0.0,0.0,30.89
2458,44.53,21.6,96.4,42.58,0.0,0.0096,0.0,30.89
2459,45.77,0.0,108.12,31.45,0.0,0.2466,0.0,30.89
2460,46.7,5.93,94.13,22.48,0.0,0.4216,0.0,30.89
2461,47.27,3.59,111.94,37.38,0.0,0.5467,0.0,30.89
2462,47.46,3.59,104.93,30.17,0.0,0.7548,0.0,30.89
2463,47.27,1.97,90.08,13.9,0.0,0.9227,0.0,30.89
2464,46.7,0.93,69.1,0.0,0.0,1.0,0.0,23.33
2465,45.77,0.0,41.03,0.0,0.0,1.0,4.74,0.0
2466,44.53,0.0,2.56,0.0,41.97,1.0,0.0,0.0
2467,43.01,0.0,0.0,0.0,12.12,0.7412,30.89,0.0
2468,41.28,0.0,0.0,0.0,10.39,0.6664,30.89,0.0
2469,39.41,0.0,0.0,0.0,8.52,0.6024,30.89,0.0
2470,37.46,0.0,0.0,0.0,6.57,0.5498,30.89,0.0
2471,37.46,0.0,0.0,0.0,6.56,0.5094,30.89,0.0
2472,37.45,0.02,0.0,0.0,6.54,0.4689,30.89,0.0
2473,37.45,0.02,0.0,0.0,6.54,0.4286,30.89,0.0
2474,37.45,0.0,0.0,0.0,6.56,0.3883,30.89,0.0
2475,37.45,0.0,0.0,0.0,6.56,0.3479,30.89,0.0
2476,37.45,0.0,0.0,0.0,36.74,0.3074,0.71,0.0
2477,37.45,0.0,0.0,0.0,6.56,0.0809,30.89,0.0
2478,37.45,0.0,0.0,0.0,6.56,0.0404,30.89,0.0
2479,39.4,0.0,13.54,0.0,0.0,0.0,25.86,0.0
2480,41.28,0.0,35.1,0.0,0.0,0.0,6.17,0.0
2481,43.0,1.38,55.32,6.11,0.0,0.0,0.0,7.58
2482,44.52,7.41,31.6,0.0,5.51,0.034,0.0,0.0
2483,45.76,21.6,54.27,0.0,0.0,0.0,0.0,30.11
2484,46.69,42.19,41.99,6.6,0.0,0.0,0.0,30.89
2485,47.26,59.27,58.15,39.27,0.0,0.0367,0.0,30.89
2486,47.45,59.27,55.69,50.0,0.0,0.2553,0.0,17.51
2487,47.26,42.19,63.36,47.03,0.0,0.5335,0.0,11.26
2488,46.69,21.6,61.88,36.79,0.0,0.7953,0.0,0.0
2489,45.76,1.38,36.79,0.0,0.0,1.0,7.59,0.0
2490,44.52,0.0,10.54,0.0,3.09,1.0,30.89,0.0
2491,43.0,0.07,0.0,0.0,42.93,0.9809,0.0,0.0
2492,41.28,0.58,0.0,0.0,40.69,0.7162,0.0,0.0
2493,39.4,0.93,0.0,0.0,7.58,0.4653,30.89,0.0
2494,37.45,1.38,0.0,0.0,7.72,0.4186,28.35,0.0
2495,37.45,1.38,0.0,0.0,5.18,0.371,30.89,0.0
2496,37.44,1.97,0.0,0.0,4.58,0.339,30.89,0.0
2497,37.44,2.7,0.0,0.0,3.85,0.3108,30.89,0.0
2498,37.44,3.59,0.0,0.0,2.95,0.2871,30.89,0.0
2499,37.44,3.59,0.0,0.0,2.95,0.2689,30.89,0.0
2500,37.44,3.59,0.0,0.0,2.95,0.2506,30.89,0.0
2501,37.44,3.59,0.0,0.0,33.85,0.2324,0.0,0.0
2502,37.44,2.7,0.0,0.0,3.85,0.0237,30.89,0.0
2503,39.39,2.7,11.18,0.0,0.0,0.0,25.51,0.0
2504,41.27,53.14,29.49,10.47,0.0,0.0,0.0,30.89
2505,43.0,68.33,55.55,50.0,0.0,0.0583,0.0,30.89
2506,44.51,0.0,75.4,0.0,0.0,0.3365,0.0,30.89
2507,45.75,28.03,98.61,50.0,0.0,0.3365,0.0,30.89
2508,46.68,96.96,30.61,50.0,0.0,0.6148,0.0,30.89
2509,47.25,88.47,0.0,10.33,0.0,0.893,0.0,30.89
2510,47.44,65.85,12.48,0.0,0.0,0.9505,0.0,30.89
2511,47.25,53.14,25.0,0.0,0.0,0.9505,0.0,30.89
2512,46.68,32.24,54.22,8.9,0.0,0.9505,0.0,30.89
2513,45.75,5.93,18.24,0.0,0.0,1.0,21.59,0.0
2514,44.51,0.34,2.9,0.0,41.28,1.0,0.0,0.0
2515,43.0,0.34,0.0,0.0,42.66,0.7455,0.0,0.0
2516,41.27,0.93,0.0,0.0,19.38,0.4824,20.96,0.0
2517,39.39,1.97,0.0,0.0,6.53,0.3629,30.89,0.0
2518,37.44,1.97,0.0,0.0,4.58,0.3227,30.89,0.0
2519,37.44,1.97,0.0,0.0,4.58,0.2944,30.89,0.0
2520,37.43,1.38,0.0,0.0,5.16,0.2662,30.89,0.0
2521,37.43,0.58,0.0,0.0,5.96,0.2344,30.89,0.0
2522,37.43,0.34,0.0,0.0,6.2,0.1977,30.89,0.0
2523,37.43,0.07,0.0,0.0,6.47,0.1594,30.89,0.0
2524,37.43,0.02,0.0,0.0,6.52,0.1196,30.89,0.0
2525,37.43,0.0,0.0,0.0,6.54,0.0794,30.89,0.0
2526,37.43,0.02,0.18,0.0,6.34,0.0391,30.89,0.0
2527,39.38,0.07,15.46,0.0,0.0,0.0,23.85,0.0
2528,41.26,0.0,42.84,0.0,0.0,0.0,0.0,1.58
2529,42.99,0.0,67.06,0.0,0.0,0.0,0.0,24.08
2530,44.5,0.0,84.91,9.51,0.0,0.0,0.0,30.89
2531,45.74,0.0,95.47,18.84,0.0,0.0529,0.0,30.89
2532,46.67,0.02,102.02,28.97,0.0,0.1578,0.0,26.41
2533,47.24,0.34,101.76,23.97,0.0,0.319,0.0,30.89
2534,47.43,0.58,95.77,48.92,0.0,0.4524,0.0,0.0
2535,47.24,0.58,81.34,34.68,0.0,0.7246,0.0,0.0
2536,46.67,0.34,61.14,14.8,0.0,0.9176,0.0,0.0
2537,45.74,0.0,35.76,0.0,0.0,1.0,9.99,0.0
2538,44.5,0.0,10.91,0.0,2.7,1.0,30.89,0.0
2539,42.99,0.0,0.0,0.0,22.36,0.9833,20.62,0.0
2540,41.26,0.0,0.0,0.0,10.37,0.8454,30.89,0.0
2541,39.38,0.0,0.0,0.0,8.49,0.7815,30.89,0.0
2542,37.43,0.0,0.0,0.0,6.54,0.7292,30.89,0.0
2543,37.43,0.02,0.0,0.0,6.52,0.6889,30.89,0.0
2544,37.42,0.07,0.0,0.0,6.46,0.6487,30.89,0.0
2545,37.42,0.17,0.0,0.0,6.36,0.6089,30.89,0.0
2546,37.42,0.07,0.0,0.0,6.46,0.5697,30.89,0.0
2547,37.42,0.07,0.0,0.0,6.46,0.5299,30.89,0.0
2548,37.42,0.17,0.0,0.0,37.25,0.4901,0.0,0.0
2549,37.42,0.34,0.0,0.0,37.08,0.2604,0.0,0.0
2550,37.42,1.38,0.0,0.0,5.15,0.0317,30.89,0.0
2551,39.37,2.7,9.11,0.0,0.0,0.0,27.56,0.0
2552,41.25,42.19,23.46,0.0,0.0,0.0,0.0,24.4
2553,42.98,80.43,34.51,41.08,0.0,0.0,0.0,30.89
2554,44.49,72.94,52.45,50.0,0.0,0.2286,0.0,30.89
2555,45.73,74.61,52.01,50.0,0.0,0.5068,0.0,30.89
2556,46.66,53.14,53.56,29.15,0.0,0.7851,0.0,30.89
2557,47.23,23.75,60.97,6.6,0.0,0.9473,0.0,30.89
2558,47.42,15.75,65.43,2.86,0.0,0.9841,0.0,30.89
2559,47.23,11.06,37.75,0.0,0.0,1.0,0.0,1.58
2560,46.66,11.06,34.69,0.0,0.0,1.0,0.91,0.0
2561,45.73,7.41,17.11,0.0,21.22,1.0,0.0,0.0
2562,44.49,3.59,10.88,0.0,0.0,0.8692,30.01,0.0
2563,42.98,2.7,0.0,0.0,9.38,0.8692,30.89,0.0
2564,41.25,2.7,0.0,0.0,7.65,0.8113,30.89,0.0
2565,39.37,2.7,0.0,0.0,5.78,0.7641,30.89,0.0
2566,37.42,1.97,0.0,0.0,4.56,0.7285,30.89,0.0
2567,37.42,1.38,0.0,0.0,5.15,0.7004,30.89,0.0
2568,37.41,0.93,0.0,0.0,15.69,0.6686,20.79,0.0
2569,37.41,0.93,0.0,0.0,36.48,0.5719,0.0,0.0
2570,37.41,0.93,0.0,0.0,36.48,0.3469,0.0,0.0
2571,37.41,0.93,0.0,0.0,5.59,0.122,30.89,0.0
2572,37.41,0.93,0.0,0.0,5.59,0.0875,30.89,0.0
2573,37.41,0.58,0.0,0.0,5.93,0.053,30.89,0.0
2574,37.41,3.59,0.26,0.0,2.66,0.0164,30.89,0.0
2575,39.36,11.06,15.71,0.0,0.0,0.0,12.59,0.0
2576,41.24,32.06,40.07,0.0,0.0,0.0,0.0,30.89
2577,42.96,7.44,66.41,0.0,0.0,0.0,0.0,30.89
2578,44.48,39.7,85.67,50.0,0.0,0.0,0.0,30.89
2579,45.72,0.0,99.78,23.17,0.0,0.2782,0.0,30.89
2580,46.65,0.0,77.54,0.0,0.0,0.4072,0.0,30.89
2581,47.22,96.96,31.15,50.0,0.0,0.4072,0.0,30.89
2582,47.41,96.96,31.34,50.0,0.0,0.6854,0.0,30.89
2583,47.22,45.03,33.51,0.43,0.0,0.9637,0.0,30.89
2584,46.65,29.83,47.71,0.0,0.0,0.9661,0.0,30.89
2585,45.72,47.45,35.26,6.1,0.0,0.9661,0.0,30.89
2586,44.48,2.7,10.85,0.0,30.92,1.0,0.0,0.0
2587,42.96,0.34,0.0,0.0,42.63,0.8093,0.0,0.0
2588,41.24,0.17,0.0,0.0,41.06,0.5465,0.0,0.0
2589,39.36,0.34,0.0,0.0,39.02,0.2933,0.0,0.0
2590,37.41,0.93,0.0,0.0,8.54,0.0527,27.94,0.0
2591,37.41,15.75,0.0,0.0,0.0,0.0,21.66,0.0
2592,37.4,72.9,0.0,35.5,0.0,0.0,0.0,0.0
2593,37.4,87.4,0.0,50.0,0.0,0.1976,0.0,0.0
2594,37.4,65.85,0.0,28.45,0.0,0.4758,0.0,0.0
2595,37.4,25.01,0.0,0.0,12.39,0.6341,0.0,0.0
2596,37.4,7.41,0.0,0.0,28.92,0.5577,1.06,0.0
2597,37.4,1.97,0.0,0.0,35.43,0.3794,0.0,0.0
2598,37.4,1.38,0.41,0.0,4.71,0.1609,30.89,0.0
2599,39.35,1.38,16.57,0.0,21.39,0.1319,0.0,0.0
2600,41.22,65.85,44.05,37.78,0.0,0.0,0.0,30.89
2601,42.95,4.24,70.32,0.72,0.0,0.2103,0.0,30.89
2602,44.47,0.0,75.36,0.0,0.0,0.2143,0.0,30.89
2603,45.71,0.0,76.6,0.0,0.0,0.2143,0.0,30.89
2604,46.64,0.0,85.21,7.69,0.0,0.2143,0.0,30.89
2605,47.2,96.96,31.14,50.0,0.0,0.257,0.0,30.89
2606,47.4,43.64,84.65,50.0,0.0,0.5353,0.0,30.89
2607,47.2,25.01,86.6,33.51,0.0,0.8135,0.0,30.89
2608,46.64,5.93,65.82,0.0,0.0,1.0,0.0,25.11
2609,45.71,0.34,38.36,0.0,0.0,1.0,7.01,0.0
2610,44.47,0.0,8.27,0.0,5.3,1.0,30.89,0.0
2611,42.95,0.07,0.0,0.0,11.99,0.9673,30.89,0.0
2612,41.22,0.58,0.0,0.0,9.75,0.8934,30.89,0.0
2613,39.35,2.7,0.0,0.0,25.24,0.8333,11.41,0.0
2614,37.4,3.59,0.0,0.0,2.91,0.6776,30.89,0.0
2615,37.4,2.7,0.0,0.0,34.7,0.6597,0.0,0.0
2616,37.38,0.58,0.0,0.0,36.8,0.4457,0.0,0.0
2617,37.38,0.07,0.0,0.0,6.42,0.2188,30.89,0.0
2618,37.38,0.02,0.0,0.0,6.47,0.1792,30.89,0.0
2619,37.38,0.07,0.0,0.0,6.42,0.1393,30.89,0.0
2620,37.38,0.17,0.0,0.0,6.32,0.0998,30.89,0.0
2621,37.38,0.17,0.0,0.0,6.32,0.0608,30.89,0.0
2622,37.38,1.97,0.99,0.0,3.54,0.0218,30.89,0.0
2623,39.34,9.11,17.52,0.0,0.0,0.0,12.7,0.0
2624,41.21,72.9,46.62,47.41,0.0,0.0,0.0,30.89
2625,42.94,1.66,72.17,0.0,0.0,0.2639,0.0,30.89
2626,44.46,33.2,92.15,50.0,0.0,0.2639,0.0,30.89
2627,45.7,0.0,76.59,0.0,0.0,0.5421,0.0,30.89
2628,46.62,0.0,90.7,13.19,0.0,0.5421,0.0,30.89
2629,47.19,0.0,78.08,0.0,0.0,0.6155,0.0,30.89
2630,47.38,0.0,78.5,0.22,0.0,0.6155,0.0,30.89
2631,47.19,96.96,0.0,18.87,0.0,0.6167,0.0,30.89
2632,46.62,12.03,65.48,0.0,0.0,0.7218,0.0,30.89
2633,45.7,88.89,37.7,50.0,0.0,0.7218,0.0,30.89
2634,44.46,42.19,11.68,0.0,0.0,1.0,0.0,9.41
2635,42.94,5.93,0.0,0.0,13.22,1.0,23.79,0.0
2636,41.21,7.41,0.0,0.0,2.91,0.9185,30.89,0.0
2637,39.34,7.41,0.0,0.0,1.03,0.9006,30.89,0.0
2638,37.38,3.59,0.0,0.0,33.79,0.8942,0.0,0.0
2639,37.38,1.38,0.0,0.0,5.11,0.6858,30.89,0.0
2640,37.37,0.58,0.0,0.0,5.9,0.6543,30.89,0.0
2641,37.37,0.17,0.0,0.0,6.31,0.618,30.89,0.0
2642,37.37,0.02,0.0,0.0,6.46,0.5791,30.89,0.0
2643,37.37,0.0,0.0,0.0,6.48,0.5392,30.89,0.0
2644,37.37,0.0,0.0,0.0,6.48,0.4993,30.89,0.0
2645,37.37,0.0,0.0,0.0,37.37,0.4594,0.0,0.0
2646,37.37,0.0,0.24,0.0,37.13,0.2289,0.0,0.0
2647,39.32,0.0,16.17,0.0,0.0,0.0,23.15,0.0
2648,41.2,0.0,42.31,0.0,0.0,0.0,0.0,1.11
2649,42.93,0.0,57.83,0.0,0.0,0.0,0.0,14.9
2650,44.44,0.58,87.76,13.01,0.0,0.0,0.0,30.89
2651,45.69,2.7,100.74,26.86,0.0,0.0724,0.0,30.89
2652,46.61,4.67,107.41,34.58,0.0,0.2219,0.0,30.89
2653,47.18,5.93,106.05,50.0,0.0,0.4143,0.0,14.8
2654,47.37,4.67,97.74,28.12,0.0,0.6926,0.0,26.91
2655,47.18,2.7,84.07,8.7,0.0,0.8491,0.0,30.89
2656,46.61,0.93,64.1,18.42,0.0,0.8975,0.0,0.0
2657,45.69,0.0,38.23,0.0,0.0,1.0,7.45,0.0
2658,44.44,0.0,11.73,0.0,1.82,1.0,30.89,0.0
2659,42.93,0.0,0.0,0.0,12.04,0.9888,30.89,0.0
2660,41.2,0.0,0.0,0.0,20.68,0.9146,20.51,0.0
2661,39.32,0.17,0.0,0.0,8.26,0.787,30.89,0.0
2662,37.37,0.58,0.0,0.0,5.9,0.7361,30.89,0.0
2663,37.37,1.38,0.0,0.0,5.1,0.6997,30.89,0.0
2664,37.36,1.97,0.0,0.0,4.5,0.6683,30.89,0.0
2665,37.36,2.7,0.0,0.0,34.66,0.6406,0.0,0.0
2666,37.36,1.97,0.0,0.0,4.5,0.4269,30.89,0.0
2667,37.36,1.38,0.0,0.0,5.08,0.3992,30.89,0.0
2668,37.36,0.58,0.0,0.0,5.88,0.3678,30.89,0.0
2669,37.36,0.58,0.0,0.0,5.88,0.3316,30.89,0.0
2670,37.36,2.7,1.12,0.0,33.54,0.2953,0.0,0.0
2671,39.31,7.41,17.55,0.0,14.35,0.0885,0.0,0.0
2672,41.18,25.85,46.23,0.0,0.0,0.0,0.0,30.89
2673,42.91,2.68,71.12,0.0,0.0,0.0,0.0,30.89
2674,44.43,0.0,90.05,14.73,0.0,0.0,0.0,30.89
2675,45.67,0.0,76.56,0.0,0.0,0.082,0.0,30.89
2676,46.6,20.47,107.01,50.0,0.0,0.082,0.0,30.89
2677,47.16,22.19,105.86,50.0,0.0,0.3602,0.0,30.89
2678,47.36,0.0,93.21,14.97,0.0,0.6385,0.0,30.89
2679,47.16,44.83,83.23,50.0,0.0,0.7218,0.0,30.89
2680,46.6,23.27,54.22,0.0,0.0,1.0,0.0,30.89
2681,45.67,3.59,36.5,0.0,0.0,1.0,5.58,0.0
2682,44.43,0.0,11.49,0.0,32.94,1.0,0.0,0.0
2683,42.91,0.0,0.0,0.0,12.02,0.7969,30.89,0.0
2684,41.18,0.0,0.0,0.0,41.18,0.7228,0.0,0.0
2685,39.31,0.07,0.0,0.0,8.34,0.4688,30.89,0.0
2686,37.36,0.93,0.0,0.0,5.54,0.4174,30.89,0.0
2687,37.36,3.59,0.0,0.0,2.87,0.3832,30.89,0.0
2688,37.34,11.06,0.0,0.0,0.0,0.3655,26.28,0.0
2689,37.34,15.75,0.0,0.0,0.0,0.3655,21.59,0.0
2690,37.34,7.41,0.0,0.0,0.0,0.3655,29.93,0.0
2691,37.34,0.93,0.0,0.0,36.42,0.3655,0.0,0.0
2692,37.34,0.02,0.0,0.0,11.26,0.141,26.07,0.0
2693,37.34,0.0,0.0,0.0,6.45,0.0716,30.89,0.0
2694,37.34,0.34,0.95,0.0,5.16,0.0318,30.89,0.0
2695,39.29,1.97,16.43,0.0,0.0,0.0,20.89,0.0
2696,41.17,28.75,42.18,0.0,0.0,0.0,0.0,29.76
2697,42.9,25.01,65.83,17.04,0.0,0.0,0.0,30.89
2698,44.41,0.76,74.54,0.0,0.0,0.0948,0.0,30.89
2699,45.66,0.0,82.36,5.82,0.0,0.0948,0.0,30.89
2700,46.58,0.0,83.29,5.82,0.0,0.1272,0.0,30.89
2701,47.15,0.0,84.68,6.64,0.0,0.1596,0.0,30.89
2702,47.34,0.0,85.18,6.94,0.0,0.1965,0.0,30.89
2703,47.15,64.44,63.6,50.0,0.0,0.2352,0.0,30.89
2704,46.58,34.2,43.27,0.0,0.0,0.5134,0.0,30.89
2705,45.66,86.47,32.27,42.19,0.0,0.5134,0.0,30.89
2706,44.41,68.92,6.38,0.0,0.0,0.7482,0.0,30.89
2707,42.9,32.85,0.0,0.0,40.94,0.7482,0.0,30.89
2708,41.17,25.01,0.0,0.0,47.05,0.4958,0.0,30.89
2709,39.29,53.14,0.0,0.0,17.04,0.2056,0.0,30.89
2710,37.34,96.96,0.0,28.72,0.0,0.1006,0.0,30.89
2711,37.34,87.34,0.0,50.0,0.0,0.2604,0.0,0.0
2712,37.33,87.33,0.0,50.0,0.0,0.5387,0.0,0.0
2713,37.33,37.33,0.0,0.0,0.0,0.8169,0.0,0.0
2714,37.33,25.01,0.0,0.0,12.32,0.8169,0.0,0.0
2715,37.33,11.06,0.0,0.0,26.27,0.7409,0.0,0.0
2716,37.33,5.93,0.0,0.0,31.39,0.579,0.0,0.0
2717,37.33,5.93,0.0,0.0,31.39,0.3854,0.0,0.0
2718,37.33,28.75,0.88,0.0,7.7,0.1918,0.0,0.0
2719,39.28,52.61,17.56,0.0,0.0,0.1444,0.0,30.89
2720,41.15,85.53,36.52,50.0,0.0,0.1444,0.0,30.89
2721,42.88,66.15,57.62,50.0,0.0,0.4226,0.0,30.89
2722,44.4,1.42,73.86,0.0,0.0,0.7008,0.0,30.89
2723,45.64,0.0,76.53,0.0,0.0,0.7008,0.0,30.89
2724,46.57,77.46,0.0,0.0,0.0,0.7008,0.0,30.89
2725,47.13,78.03,0.0,0.0,0.0,0.7008,0.0,30.89
2726,47.33,9.63,68.59,0.0,0.0,0.7008,0.0,30.89
2727,47.13,21.88,56.14,0.0,0.0,0.7008,0.0,30.89
2728,46.57,25.48,51.97,0.0,0.0,0.7008,0.0,30.89
2729,45.64,50.48,26.06,0.0,0.0,0.7008,0.0,30.89
2730,44.4,96.96,7.18,28.85,0.0,0.7008,0.0,30.89
2731,42.88,73.77,0.0,0.0,0.0,0.8614,0.0,30.89
2732,41.15,96.96,0.0,24.91,0.0,0.8614,0.0,30.89
2733,39.28,70.17,0.0,0.0,0.0,1.0,0.0,30.89
2734,37.33,65.85,0.0,0.0,0.0,1.0,0.0,28.52
2735,37.33,21.6,0.0,0.0,0.0,1.0,15.73,0.0
2736,37.31,5.93,0.0,0.0,0.49,1.0,30.89,0.0
2737,37.31,1.38,0.0,0.0,35.93,0.997,0.0,0.0
2738,37.31,0.58,0.0,0.0,36.73,0.7755,0.0,0.0
2739,37.31,0.58,0.0,0.0,36.73,0.549,0.0,0.0
2740,37.31,0.93,0.0,0.0,16.38,0.3225,20.0,0.0
2741,37.31,1.38,0.0,0.0,35.93,0.2215,0.0,0.0
2742,37.31,18.52,1.74,0.0,0.0,0.0,17.05,0.0
2743,39.26,49.7,20.45,0.0,0.0,0.0,0.0,30.89
2744,41.14,19.36,52.67,0.0,0.0,0.0,0.0,30.89
2745,42.87,0.0,73.76,0.0,0.0,0.0,0.0,30.89
2746,44.38,0.0,75.27,0.0,0.0,0.0,0.0,30.89
2747,45.63,0.0,76.52,0.0,0.0,0.0,0.0,30.89
2748,46.55,0.0,114.58,37.14,0.0,0.0,0.0,30.89
2749,47.12,13.43,114.58,50.0,0.0,0.2067,0.0,30.89
2750,47.31,0.0,109.88,31.68,0.0,0.4849,0.0,30.89
2751,47.12,0.0,94.28,16.27,0.0,0.6612,0.0,30.89
2752,46.55,50.01,72.03,44.6,0.0,0.7518,0.0,30.89
2753,45.63,33.25,43.26,0.0,0.0,1.0,0.0,30.89
2754,44.38,4.67,13.55,0.0,0.0,1.0,26.17,0.0
2755,42.87,0.07,0.44,0.0,42.35,1.0,0.0,0.0
2756,41.14,0.17,0.0,0.0,40.96,0.7389,0.0,0.0
2757,39.26,0.34,0.0,0.0,8.03,0.4863,30.89,0.0
2758,37.31,0.93,0.0,0.0,5.49,0.4368,30.89,0.0
2759,37.31,1.38,0.0,0.0,5.04,0.4029,30.89,0.0
2760,37.29,3.59,0.0,0.0,2.81,0.3718,30.89,0.0
2761,37.29,9.11,0.0,0.0,28.18,0.3545,0.0,0.0
2762,37.29,13.27,0.0,0.0,24.03,0.1807,0.0,0.0
2763,37.29,13.27,0.0,0.0,5.28,0.0326,18.74,0.0
2764,37.29,18.52,0.0,0.0,0.0,0.0,18.77,0.0
2765,37.29,37.29,0.0,0.0,0.0,0.0,0.0,0.0
2766,37.29,44.72,1.72,9.14,0.0,0.0,0.0,0.0
2767,39.24,50.12,20.01,0.0,0.0,0.0509,0.0,30.89
2768,41.12,21.13,50.88,0.0,0.0,0.0509,0.0,30.89
2769,42.85,0.0,73.74,0.0,0.0,0.0509,0.0,30.89
2770,44.37,0.0,75.26,0.0,0.0,0.0509,0.0,30.89
2771,45.61,41.15,85.35,50.0,0.0,0.0509,0.0,30.89
2772,46.53,77.42,0.0,0.0,0.0,0.3291,0.0,30.89
2773,47.1,49.16,78.83,50.0,0.0,0.3291,0.0,30.89
2774,47.29,96.96,0.0,18.77,0.0,0.6073,0.0,30.89
2775,47.1,96.96,0.0,18.96,0.0,0.7118,0.0,30.89
2776,46.53,15.68,61.74,0.0,0.0,0.8173,0.0,30.89
2777,45.61,44.91,31.59,0.0,0.0,0.8173,0.0,30.89
2778,44.37,96.96,11.13,32.83,0.0,0.8173,0.0,30.89
2779,42.85,72.9,0.0,0.0,0.0,1.0,0.0,30.05
2780,41.12,47.45,0.0,0.0,0.0,1.0,0.0,6.33
2781,39.24,37.32,0.0,0.0,0.0,1.0,1.92,0.0
2782,37.29,21.6,0.0,0.0,15.69,1.0,0.0,0.0
2783,37.29,13.27,0.0,0.0,0.0,0.9032,24.03,0.0
2784,37.28,9.11,0.0,0.0,28.16,0.9032,0.0,0.0
2785,37.28,4.67,0.0,0.0,1.72,0.7296,30.89,0.0
2786,37.28,1.38,0.0,0.0,5.0,0.719,30.89,0.0
2787,37.28,0.34,0.0,0.0,36.94,0.6881,0.0,0.0
2788,37.28,0.0,0.0,0.0,32.5,0.4604,4.77,0.0
2789,37.28,0.0,0.0,0.0,6.39,0.26,30.89,0.0
2790,37.28,0.0,1.5,0.0,35.77,0.2206,0.0,0.0
2791,39.23,0.0,18.34,0.0,0.0,0.0,20.88,0.0
2792,41.1,0.02,43.3,0.0,0.0,0.0,0.0,2.22
2793,42.83,3.59,67.02,0.0,0.0,0.0,0.0,27.78
2794,44.35,0.0,86.4,11.16,0.0,0.0,0.0,30.89
2795,45.59,0.0,100.19,23.71,0.0,0.0621,0.0,30.89
2796,46.52,77.41,0.0,0.0,0.0,0.194,0.0,30.89
2797,47.08,77.98,0.0,0.0,0.0,0.194,0.0,30.89
2798,47.28,96.96,7.07,25.85,0.0,0.194,0.0,30.89
2799,47.08,96.96,0.0,18.98,0.0,0.3379,0.0,30.89
2800,46.52,61.8,65.61,50.0,0.0,0.4435,0.0,30.89
2801,45.59,87.4,39.08,50.0,0.0,0.7218,0.0,30.89
2802,44.35,7.41,13.22,0.0,0.0,1.0,23.72,0.0
2803,42.83,0.58,0.13,0.0,28.65,1.0,13.46,0.0
2804,41.1,0.58,0.0,0.0,9.63,0.8233,30.89,0.0
2805,39.23,0.58,0.0,0.0,7.75,0.764,30.89,0.0
2806,37.28,0.58,0.0,0.0,5.8,0.7161,30.89,0.0
2807,37.28,0.34,0.0,0.0,6.05,0.6804,30.89,0.0
2808,37.26,0.07,0.0,0.0,6.29,0.6431,30.89,0.0
2809,37.26,0.0,0.0,0.0,37.26,0.6043,0.0,0.0
2810,37.26,0.0,0.0,0.0,6.37,0.3745,30.89,0.0
2811,37.26,0.0,0.0,0.0,6.37,0.3353,30.89,0.0
2812,37.26,0.0,0.0,0.0,6.37,0.296,30.89,0.0
2813,37.26,0.0,0.0,0.0,6.37,0.2568,30.89,0.0
2814,37.26,0.0,1.99,0.0,35.27,0.2175,0.0,0.0
2815,39.21,0.0,18.64,0.0,0.0,0.0,20.57,0.0
2816,41.09,0.0,44.31,0.0,0.0,0.0,0.0,3.22
2817,42.81,0.0,66.74,0.0,0.0,0.0,0.0,23.93
2818,44.33,0.02,84.53,21.91,0.0,0.0,0.0,18.31
2819,45.57,0.58,71.11,0.0,0.0,0.1219,0.0,26.12
2820,46.5,1.38,79.25,34.13,0.0,0.1219,0.0,0.0
2821,47.07,1.97,78.09,33.0,0.0,0.3119,0.0,0.0
2822,47.26,1.38,91.27,45.4,0.0,0.4955,0.0,0.0
2823,47.07,1.38,77.63,31.95,0.0,0.7481,0.0,0.0
2824,46.5,0.93,58.89,13.32,0.0,0.9259,0.0,0.0
2825,45.57,0.02,35.38,0.0,0.0,1.0,10.17,0.0
2826,44.33,0.0,12.42,0.0,1.01,1.0,30.89,0.0
2827,42.81,0.0,0.0,0.0,11.92,0.9937,30.89,0.0
2828,41.09,0.07,0.0,0.0,10.12,0.9202,30.89,0.0
2829,39.21,0.17,0.0,0.0,8.15,0.8578,30.89,0.0
2830,37.26,0.34,0.0,0.0,22.61,0.8076,14.31,0.0
2831,37.26,0.58,0.0,0.0,36.67,0.6682,0.0,0.0
2832,37.24,0.58,0.0,0.0,5.77,0.442,30.89,0.0
2833,37.24,0.58,0.0,0.0,5.77,0.4065,30.89,0.0
2834,37.24,0.58,0.0,0.0,5.77,0.3709,30.89,0.0
2835,37.24,0.17,0.0,0.0,6.18,0.3354,30.89,0.0
2836,37.24,0.02,0.0,0.0,37.22,0.2973,0.0,0.0
2837,37.24,0.0,0.0,0.0,6.35,0.0678,30.89,0.0
2838,37.24,0.07,1.63,0.0,4.65,0.0287,30.89,0.0
2839,39.19,0.93,17.97,0.0,0.0,0.0,20.29,0.0
2840,41.07,13.27,42.54,0.0,0.0,0.0,0.0,14.74
2841,42.8,23.88,65.58,15.78,0.0,0.0,0.0,30.89
2842,44.31,0.0,75.2,0.0,0.0,0.0878,0.0,30.89
2843,45.55,0.0,76.45,0.0,0.0,0.0878,0.0,30.89
2844,46.48,0.0,77.37,0.0,0.0,0.0878,0.0,30.89
2845,47.05,0.0,77.94,0.0,0.0,0.0878,0.0,30.89
2846,47.24,78.13,0.0,0.0,0.0,0.0878,0.0,30.89
2847,47.05,12.39,65.55,0.0,0.0,0.0878,0.0,30.89
2848,46.48,31.27,46.09,0.0,0.0,0.0878,0.0,30.89
2849,45.55,96.96,16.82,37.33,0.0,0.0878,0.0,30.89
2850,44.31,88.47,10.49,23.76,0.0,0.2956,0.0,30.89
2851,42.8,32.85,0.2,0.0,40.64,0.4278,0.0,30.89
2852,41.07,47.45,0.0,0.0,24.5,0.1772,0.0,30.89
2853,39.19,65.85,0.0,0.0,4.23,0.0261,0.0,30.89
2854,37.24,88.47,0.0,20.34,0.0,0.0,0.0,30.89
2855,37.24,87.24,0.0,50.0,0.0,0.1132,0.0,0.0
2856,37.22,87.22,0.0,50.0,0.0,0.3914,0.0,0.0
2857,37.22,46.58,0.0,9.36,0.0,0.6697,0.0,0.0
2858,37.22,87.22,0.0,50.0,0.0,0.7218,0.0,0.0
2859,37.22,37.22,0.0,0.0,0.0,1.0,0.0,0.0
2860,37.22,37.22,0.0,0.0,0.0,1.0,0.0,0.0
2861,37.22,9.11,0.0,0.0,28.11,1.0,0.0,0.0
2862,37.22,1.38,1.33,0.0,34.51,0.8267,0.0,0.0
2863,39.17,0.58,8.18,0.0,30.41,0.6139,0.0,0.0
2864,41.05,0.0,21.39,0.0,33.97,0.4264,0.0,14.32
2865,42.78,0.02,15.71,0.0,27.04,0.2169,0.0,0.0
2866,44.29,0.17,35.98,0.0,8.14,0.0502,0.0,0.0
2867,45.53,0.58,72.34,0.0,0.0,0.0,0.0,27.39
2868,46.46,5.93,48.73,0.0,0.0,0.0,0.0,8.21
2869,47.03,47.45,27.65,0.0,0.0,0.0,0.0,28.07
2870,47.22,96.96,23.56,42.41,0.0,0.0,0.0,30.89
2871,47.03,69.54,8.48,0.1,0.0,0.236,0.0,30.89
2872,46.46,96.96,21.68,41.28,0.0,0.2365,0.0,30.89
2873,45.53,96.96,4.99,25.52,0.0,0.4663,0.0,30.89
2874,44.29,96.96,0.31,22.08,0.0,0.6083,0.0,30.89
2875,42.78,96.96,0.0,23.29,0.0,0.7312,0.0,30.89
2876,41.05,96.96,0.0,25.02,0.0,0.8608,0.0,30.89
2877,39.17,47.45,0.0,0.0,0.0,1.0,0.0,8.28
2878,37.22,21.6,0.0,0.0,15.62,1.0,0.0,0.0
2879,37.22,13.27,0.0,0.0,0.0,0.9037,23.95,0.0
2880,37.2,9.11,0.0,0.0,0.0,0.9037,28.09,0.0
2881,37.2,3.59,0.0,0.0,33.61,0.9037,0.0,0.0
2882,37.2,0.93,0.0,0.0,24.82,0.6965,11.46,0.0
2883,37.2,0.93,0.0,0.0,36.27,0.5435,0.0,0.0
2884,37.2,0.93,0.0,0.0,5.38,0.3198,30.89,0.0
2885,37.2,0.93,0.0,0.0,36.27,0.2866,0.0,0.0
2886,37.2,3.59,1.79,0.0,0.93,0.0629,30.89,0.0
2887,39.15,11.06,18.81,0.0,9.28,0.0572,0.0,0.0
2888,41.03,66.77,5.15,0.0,0.0,0.0,0.0,30.89
2889,42.76,0.0,73.81,0.17,0.0,0.0,0.0,30.89
2890,44.27,0.0,96.33,21.17,0.0,0.0009,0.0,30.89
2891,45.51,84.52,41.89,50.0,0.0,0.1187,0.0,30.89
2892,46.44,77.33,0.0,0.0,0.0,0.397,0.0,30.89
2893,47.01,96.96,0.0,19.06,0.0,0.397,0.0,30.89
2894,47.2,96.96,0.0,18.86,0.0,0.503,0.0,30.89
2895,47.01,96.96,1.39,20.44,0.0,0.608,0.0,30.89
2896,46.44,60.53,66.8,50.0,0.0,0.7218,0.0,30.89
2897,45.51,36.05,40.36,0.0,0.0,1.0,0.0,30.89
2898,44.27,61.29,13.87,0.0,0.0,1.0,0.0,30.89
2899,42.76,47.45,0.59,0.0,0.0,1.0,0.0,5.29
2900,41.03,7.41,0.0,0.0,2.73,1.0,30.89,0.0
2901,39.15,1.38,0.0,0.0,6.88,0.9832,30.89,0.0
2902,37.2,0.34,0.0,0.0,5.97,0.9408,30.89,0.0
2903,37.2,0.17,0.0,0.0,6.14,0.904,30.89,0.0
2904,37.18,0.07,0.0,0.0,6.22,0.8661,30.89,0.0
2905,37.18,0.02,0.0,0.0,37.16,0.8278,0.0,0.0
2906,37.18,0.0,0.0,0.0,6.29,0.5987,30.89,0.0
2907,37.18,0.0,0.0,0.0,37.18,0.5599,0.0,0.0
2908,37.18,0.0,0.0,0.0,13.15,0.3307,24.03,0.0
2909,37.18,0.0,0.0,0.0,37.18,0.2496,0.0,0.0
2910,37.18,0.58,2.41,0.0,3.3,0.0203,30.89,0.0
2911,39.13,4.67,22.25,0.0,0.0,0.0,12.21,0.0
2912,41.01,21.6,52.71,2.42,0.0,0.0,0.0,30.89
2913,42.73,18.52,77.88,22.77,0.0,0.0134,0.0,30.89
2914,44.25,15.75,96.66,37.27,0.0,0.1402,0.0,30.89
2915,45.49,0.0,82.63,6.25,0.0,0.3476,0.0,30.89
2916,46.42,13.27,64.04,0.0,0.0,0.3823,0.0,30.89
2917,46.99,13.27,109.61,45.0,0.0,0.3823,0.0,30.89
2918,47.18,15.75,102.48,40.16,0.0,0.6328,0.0,30.89
2919,46.99,0.0,89.96,12.08,0.0,0.8562,0.0,30.89
2920,46.42,21.6,69.46,13.75,0.0,0.9235,0.0,30.89
2921,45.49,21.6,42.63,0.0,0.0,1.0,0.0,18.74
2922,44.25,4.67,14.06,0.0,0.0,1.0,25.52,0.0
2923,42.73,0.58,0.6,0.0,10.66,1.0,30.89,0.0
2924,41.01,0.93,0.0,0.0,40.08,0.9343,0.0,0.0
2925,39.13,0.93,0.0,0.0,38.2,0.6871,0.0,0.0
2926,37.18,1.38,0.0,0.0,4.91,0.4516,30.89,0.0
2927,37.18,1.97,0.0,0.0,4.32,0.4213,30.89,0.0
2928,37.16,2.7,0.0,0.0,3.57,0.3947,30.89,0.0
2929,37.16,1.97,0.0,0.0,4.3,0.3727,30.89,0.0
2930,37.16,1.38,0.0,0.0,4.88,0.3462,30.89,0.0
2931,37.16,0.93,0.0,0.0,5.34,0.3161,30.89,0.0
2932,37.16,0.58,0.0,0.0,5.68,0.2831,30.89,0.0
2933,37.16,0.34,0.0,0.0,36.82,0.2481,0.0,0.0
2934,37.16,4.67,2.77,0.0,3.42,0.0211,26.31,0.0
2935,39.11,18.52,21.06,0.0,0.0,0.0,0.0,0.47
2936,40.98,72.56,49.32,50.0,0.0,0.0,0.0,30.89
2937,42.71,50.25,73.36,50.0,0.0,0.2782,0.0,30.89
2938,44.23,0.0,75.12,0.0,0.0,0.5565,0.0,30.89
2939,45.47,0.0,103.81,27.45,0.0,0.5565,0.0,30.89
2940,46.4,0.0,77.29,0.0,0.0,0.7092,0.0,30.89
2941,46.97,0.0,104.22,26.36,0.0,0.7092,0.0,30.89
2942,47.16,0.0,98.2,20.16,0.0,0.8559,0.0,30.89
2943,46.97,0.0,83.59,5.73,0.0,0.9681,0.0,30.89
2944,46.4,13.79,63.5,0.0,0.0,1.0,0.0,30.89
2945,45.47,37.96,38.4,0.0,0.0,1.0,0.0,30.89
2946,44.23,28.75,12.99,0.0,2.49,1.0,0.0,0.0
2947,42.71,18.52,0.6,0.0,23.59,0.9847,0.0,0.0
2948,40.98,28.75,0.0,0.0,0.0,0.8392,12.23,0.0
2949,39.11,32.85,0.0,0.0,0.0,0.8392,6.26,0.0
2950,37.16,32.85,0.0,0.0,4.31,0.8392,0.0,0.0
2951,37.16,37.32,0.0,0.17,0.0,0.8126,0.0,0.0
2952,37.14,32.85,0.0,0.0,4.28,0.8136,0.0,0.0
2953,37.14,18.52,0.0,0.0,18.62,0.7872,0.0,0.0
2954,37.14,11.06,0.0,0.0,0.0,0.6724,26.08,0.0
2955,37.14,9.11,0.0,0.0,0.0,0.6724,28.02,0.0
2956,37.14,4.67,0.0,0.0,32.47,0.6724,0.0,0.0
2957,37.14,1.38,0.0,0.0,35.75,0.4722,0.0,0.0
2958,37.14,0.93,2.64,0.0,22.62,0.2517,10.95,0.0
2959,39.09,1.38,19.51,0.0,18.2,0.1122,0.0,0.0
2960,40.96,5.93,43.02,0.0,0.0,0.0,0.0,7.99
2961,42.69,6.01,67.57,0.0,0.0,0.0,0.0,30.89
2962,44.21,42.4,82.69,50.0,0.0,0.0,0.0,30.89
2963,45.45,0.0,76.34,0.0,0.0,0.2782,0.0,30.89
2964,46.37,96.96,0.0,19.69,0.0,0.2782,0.0,30.89
2965,46.94,96.96,0.0,19.12,0.0,0.3878,0.0,30.89
2966,47.14,47.22,71.7,40.89,0.0,0.4942,0.0,30.89
2967,46.94,85.81,42.03,50.0,0.0,0.7218,0.0,30.89
2968,46.37,42.22,35.04,0.0,0.0,1.0,0.0,30.89
2969,45.45,67.87,8.48,0.0,0.0,1.0,0.0,30.89
2970,44.21,74.74,0.36,0.0,0.0,1.0,0.0,30.89
2971,42.69,73.58,0.0,0.0,0.0,1.0,0.0,30.89
2972,40.96,71.85,0.0,0.0,0.0,1.0,0.0,30.89
2973,39.09,69.98,0.0,0.0,0.0,1.0,0.0,30.89
2974,37.14,68.03,0.0,0.0,0.0,1.0,0.0,30.89
2975,37.14,37.14,0.0,0.0,0.0,1.0,0.0,0.0
2976,37.11,37.11,0.0,0.0,0.0,1.0,0.0,0.0
2977,37.11,37.11,0.0,0.0,0.0,1.0,0.0,0.0
2978,37.11,37.11,0.0,0.0,0.0,1.0,0.0,0.0
2979,37.11,37.11,0.0,0.0,0.0,1.0,0.0,0.0
2980,37.11,37.11,0.0,0.0,0.0,1.0,0.0,0.0
2981,37.11,37.11,0.0,0.0,0.0,1.0,0.0,0.0
2982,37.11,34.15,2.97,0.0,0.0,1.0,0.0,0.0
2983,39.06,63.48,6.48,0.0,0.0,1.0,0.0,30.89
2984,40.94,43.35,28.48,0.0,0.0,1.0,0.0,30.89
2985,42.67,33.47,40.09,0.0,0.0,1.0,0.0,30.89
2986,44.18,36.85,38.23,0.0,0.0,1.0,0.0,30.89
2987,45.43,34.49,41.83,0.0,0.0,1.0,0.0,30.89
2988,46.35,23.24,54.0,0.0,0.0,1.0,0.0,30.89
2989,46.92,29.66,48.15,0.0,0.0,1.0,0.0,30.89
2990,47.11,32.85,39.14,0.0,0.0,1.0,0.0,24.88
2991,46.92,21.6,44.11,0.0,0.0,1.0,0.0,18.79
2992,46.35,15.75,27.85,0.0,0.0,1.0,2.75,0.0
2993,45.43,7.41,12.51,0.0,0.0,1.0,25.51,0.0
2994,44.18,0.17,8.58,0.0,4.54,1.0,30.89,0.0
2995,42.67,0.0,0.72,0.0,25.53,0.972,16.42,0.0
2996,40.94,0.0,0.0,0.0,10.05,0.8146,30.89,0.0
2997,39.06,0.0,0.0,0.0,39.06,0.7526,0.0,0.0
2998,37.11,0.0,0.0,0.0,6.22,0.5117,30.89,0.0
2999,37.11,0.0,0.0,0.0,37.11,0.4733,0.0,0.0
3000,37.09,0.02,0.0,0.0,6.18,0.2445,30.89,0.0
3001,37.09,0.02,0.0,0.0,6.18,0.2064,30.89,0.0
3002,37.09,0.07,0.0,0.0,6.13,0.1683,30.89,0.0
3003,37.09,0.07,0.0,0.0,6.13,0.1306,30.89,0.0
3004,37.09,0.07,0.0,0.0,6.13,0.0928,30.89,0.0
3005,37.09,0.0,0.0,0.0,6.2,0.055,30.89,0.0
3006,37.09,0.0,3.47,0.0,2.73,0.0168,30.89,0.0
3007,39.04,0.0,22.08,0.0,0.0,0.0,16.96,0.0
3008,40.92,3.59,49.98,0.0,0.0,0.0,0.0,12.66
3009,42.65,9.11,64.42,0.0,0.0,0.0,0.0,30.89
3010,44.16,15.75,88.78,29.47,0.0,0.0,0.0,30.89
3011,45.4,18.52,104.93,47.16,0.0,0.164,0.0,30.89
3012,46.33,18.52,58.7,0.0,0.0,0.4265,0.0,30.89
3013,46.9,0.0,87.88,10.09,0.0,0.4265,0.0,30.89
3014,47.09,12.02,86.98,21.01,0.0,0.4826,0.0,30.89
3015,46.9,32.85,88.24,43.3,0.0,0.5996,0.0,30.89
3016,46.33,37.32,68.55,28.66,0.0,0.8405,0.0,30.89
3017,45.4,28.75,42.13,0.0,0.0,1.0,0.0,25.47
3018,44.16,4.67,14.72,0.0,0.0,1.0,24.77,0.0
3019,42.65,0.17,1.21,0.0,41.26,1.0,0.0,0.0
3020,40.92,0.17,0.0,0.0,9.85,0.7456,30.89,0.0
3021,39.04,0.17,0.0,0.0,33.11,0.6848,5.76,0.0
3022,37.09,0.17,0.0,0.0,6.03,0.4807,30.89,0.0
3023,37.09,0.58,0.0,0.0,36.51,0.4435,0.0,0.0
3024,37.07,1.38,0.0,0.0,4.79,0.2184,30.89,0.0
3025,37.07,1.38,0.0,0.0,4.79,0.1889,30.89,0.0
3026,37.07,0.93,0.0,0.0,5.25,0.1593,30.89,0.0
3027,37.07,0.34,0.0,0.0,5.84,0.127,30.89,0.0
3028,37.07,0.02,0.0,0.0,6.15,0.091,30.89,0.0
3029,37.07,0.0,0.0,0.0,6.17,0.053,30.89,0.0
3030,37.07,0.17,3.57,0.0,2.43,0.015,30.89,0.0
3031,39.02,0.93,21.5,0.0,0.0,0.0,16.59,0.0
3032,40.89,25.01,46.49,0.0,0.0,0.0,0.0,30.6
3033,42.62,53.22,70.29,50.0,0.0,0.0,0.0,30.89
3034,44.14,0.0,75.03,0.0,0.0,0.2782,0.0,30.89
3035,45.38,27.5,98.77,50.0,0.0,0.2782,0.0,30.89
3036,46.3,96.96,0.0,19.76,0.0,0.5565,0.0,30.89
3037,46.87,96.96,0.0,19.19,0.0,0.6665,0.0,30.89
3038,47.07,77.96,0.0,0.0,0.0,0.7732,0.0,30.89
3039,46.87,77.76,0.0,0.0,0.0,0.7732,0.0,30.89
3040,46.3,53.15,64.8,40.75,0.0,0.7732,0.0,30.89
3041,45.38,36.9,39.37,0.0,0.0,1.0,0.0,30.89
3042,44.14,47.45,14.17,0.0,13.4,1.0,0.0,30.89
3043,42.62,15.75,1.11,0.0,50.0,0.9174,0.0,24.24
3044,40.89,37.32,0.0,0.0,34.46,0.609,0.0,30.89
3045,39.02,72.9,0.0,2.99,0.0,0.3966,0.0,30.89
3046,37.07,80.43,0.0,37.2,0.0,0.4132,0.0,6.17
3047,37.07,65.85,0.0,28.78,0.0,0.6202,0.0,0.0
3048,37.04,47.45,0.0,10.41,0.0,0.7804,0.0,0.0
3049,37.04,25.01,0.0,0.0,12.04,0.8383,0.0,0.0
3050,37.04,13.27,0.0,0.0,23.77,0.7641,0.0,0.0
3051,37.04,11.06,0.0,0.0,25.98,0.6175,0.0,0.0
3052,37.04,5.93,0.0,0.0,31.11,0.4573,0.0,0.0
3053,37.04,5.93,0.0,0.0,31.11,0.2655,0.0,0.0
3054,37.04,21.6,3.49,0.0,11.95,0.0737,0.0,0.0
3055,38.99,52.29,17.59,0.0,0.0,0.0,0.0,30.89
3056,40.87,34.53,37.23,0.0,0.0,0.0,0.0,30.89
3057,42.6,10.33,63.16,0.0,0.0,0.0,0.0,30.89
3058,44.11,0.0,75.0,0.0,0.0,0.0,0.0,30.89
3059,45.36,0.0,76.25,0.0,0.0,0.0,0.0,30.89
3060,46.28,77.17,0.0,0.0,0.0,0.0,0.0,30.89
3061,46.85,77.74,0.0,0.0,0.0,0.0,0.0,30.89
3062,47.04,88.97,0.0,11.03,0.0,0.0,0.0,30.89
3063,46.85,50.39,77.35,50.0,0.0,0.0614,0.0,30.89
3064,46.28,70.93,56.24,50.0,0.0,0.3396,0.0,30.89
3065,45.36,72.9,33.22,29.87,0.0,0.6179,0.0,30.89
3066,44.11,42.19,14.08,0.0,18.74,0.7841,0.0,30.89
3067,42.6,32.85,1.09,0.0,39.54,0.6686,0.0,30.89
3068,40.87,65.85,0.0,0.0,5.91,0.4247,0.0,30.89
3069,38.99,96.96,0.0,27.07,0.0,0.3883,0.0,30.89
3070,37.04,96.96,0.0,29.02,0.0,0.5389,0.0,30.89
3071,37.04,80.43,0.0,43.39,0.0,0.7004,0.0,0.0
3072,37.02,47.45,0.0,10.44,0.0,0.9419,0.0,0.0
3073,37.02,21.6,0.0,0.0,15.42,1.0,0.0,0.0
3074,37.02,9.11,0.0,0.0,27.9,0.9049,0.0,0.0
3075,37.02,2.7,0.0,0.0,3.42,0.7329,30.89,0.0
3076,37.02,0.17,0.0,0.0,25.59,0.7118,11.25,0.0
3077,37.02,0.07,0.0,0.0,36.94,0.554,0.0,0.0
3078,37.02,0.58,3.24,0.0,33.2,0.3262,0.0,0.0
3079,38.97,1.38,17.88,0.0,19.71,0.1215,0.0,0.0
3080,40.84,5.93,42.8,0.0,0.0,0.0,0.0,7.89
3081,42.57,18.52,61.43,9.76,0.0,0.0,0.0,27.63
3082,44.09,37.32,50.88,13.22,0.0,0.0543,0.0,30.89
3083,45.33,53.14,33.75,10.67,0.0,0.1279,0.0,30.89
3084,46.25,37.32,51.59,42.66,0.0,0.1873,0.0,0.0
3085,46.82,13.27,64.75,31.19,0.0,0.4247,0.0,0.0
3086,47.02,1.38,85.23,39.59,0.0,0.5983,0.0,0.0
3087,46.82,0.0,71.47,24.65,0.0,0.8186,0.0,0.0
3088,46.25,0.0,54.21,7.95,0.0,0.9558,0.0,0.0
3089,45.33,0.0,33.24,0.0,0.0,1.0,12.09,0.0
3090,44.09,0.0,13.04,0.0,0.15,1.0,30.89,0.0
3091,42.57,0.02,0.32,0.0,11.33,0.9991,30.89,0.0
3092,40.84,0.58,0.0,0.0,9.37,0.9292,30.89,0.0
3093,38.97,5.93,0.0,0.0,2.14,0.8714,30.89,0.0
3094,37.02,13.27,0.0,0.0,0.0,0.8582,23.75,0.0
3095,37.02,18.52,0.0,0.0,0.0,0.8582,18.5,0.0
3096,36.99,15.75,0.0,0.0,0.0,0.8582,21.24,0.0
3097,36.99,7.41,0.0,0.0,0.0,0.8582,29.58,0.0
3098,36.99,2.7,0.0,0.0,3.4,0.8582,30.89,0.0
3099,36.99,0.34,0.0,0.0,5.76,0.8372,30.89,0.0
3100,36.99,0.07,0.0,0.0,36.92,0.8017,0.0,0.0
3101,36.99,0.07,0.0,0.0,6.03,0.5741,30.89,0.0
3102,36.99,0.0,0.0,0.0,6.1,0.5369,30.89,0.0
3103,38.94,0.0,4.36,0.0,34.59,0.4993,0.0,0.0
3104,40.82,0.0,10.7,0.0,21.26,0.286,8.86,0.0
3105,42.55,0.58,13.76,0.0,0.0,0.1549,28.2,0.0
3106,44.06,2.7,14.93,0.0,0.0,0.1549,26.43,0.0
3107,45.31,1.97,25.47,0.0,17.87,0.1549,0.0,0.0
3108,46.23,0.93,33.86,0.0,0.0,0.0448,11.44,0.0
3109,46.8,2.7,33.52,0.0,0.0,0.0448,10.58,0.0
3110,46.99,15.75,23.98,0.0,7.26,0.0448,0.0,0.0
3111,46.8,59.27,18.59,31.06,0.0,0.0,0.0,0.0
3112,46.23,93.37,33.75,50.0,0.0,0.1729,0.0,30.89
3113,45.31,96.96,5.28,50.0,0.0,0.4511,0.0,6.93
3114,44.06,72.9,0.51,29.35,0.0,0.7294,0.0,0.0
3115,42.55,11.06,0.0,0.0,0.59,0.8927,30.89,0.0
3116,40.82,0.17,0.0,0.0,9.75,0.889,30.89,0.0
3117,38.94,0.0,0.0,0.0,8.05,0.8289,30.89,0.0
3118,36.99,0.0,0.0,0.0,36.99,0.7792,0.0,0.0
3119,36.99,0.07,0.0,0.0,36.92,0.5512,0.0,0.0
3120,36.96,0.17,0.0,0.0,5.9,0.3235,30.89,0.0
3121,36.96,0.58,0.0,0.0,5.49,0.2871,30.89,0.0
3122,36.96,0.93,0.0,0.0,5.15,0.2533,30.89,0.0
3123,36.96,0.93,0.0,0.0,5.15,0.2216,30.89,0.0
3124,36.96,0.58,0.0,0.0,5.49,0.1898,30.89,0.0
3125,36.96,0.93,0.0,0.0,25.3,0.156,10.74,0.0
3126,36.96,9.11,4.03,0.0,0.0,0.0,23.82,0.0
3127,38.92,28.75,22.9,12.74,0.0,0.0,0.0,0.0
3128,40.79,7.41,51.14,0.0,11.49,0.0709,0.0,29.26
3129,42.52,0.0,73.83,0.41,0.0,0.0,0.0,30.89
3130,44.04,0.0,89.6,14.67,0.0,0.0023,0.0,30.89
3131,45.28,0.0,101.88,25.71,0.0,0.084,0.0,30.89
3132,46.2,3.59,107.86,34.36,0.0,0.2271,0.0,30.89
3133,46.77,8.38,102.27,32.99,0.0,0.4183,0.0,30.89
3134,46.96,15.75,96.67,34.56,0.0,0.6019,0.0,30.89
3135,46.77,21.6,85.72,29.65,0.0,0.7942,0.0,30.89
3136,46.2,18.52,65.9,7.33,0.0,0.9592,0.0,30.89
3137,45.28,7.41,35.59,0.0,2.28,1.0,0.0,0.0
3138,44.04,0.58,15.11,0.0,28.34,0.9859,0.0,0.0
3139,42.52,0.17,1.49,0.0,40.86,0.8112,0.0,0.0
3140,40.79,0.58,0.0,0.0,9.32,0.5592,30.89,0.0
3141,38.92,1.38,0.0,0.0,10.4,0.5018,27.13,0.0
3142,36.96,2.7,0.0,0.0,3.37,0.4377,30.89,0.0
3143,36.96,2.7,0.0,0.0,34.26,0.4169,0.0,0.0
3144,36.94,3.59,0.0,0.0,33.34,0.2056,0.0,0.0
3145,36.94,7.41,0.0,0.0,0.0,0.0,29.53,0.0
3146,36.94,21.6,0.0,0.0,0.0,0.0,15.34,0.0
3147,36.94,36.94,0.0,0.0,0.0,0.0,0.0,0.0
3148,36.94,36.94,0.0,0.0,0.0,0.0,0.0,0.0
3149,36.94,36.94,0.0,0.0,0.0,0.0,0.0,0.0
3150,36.94,35.36,1.57,0.0,0.0,0.0,0.0,0.0
3151,38.89,50.87,18.91,0.0,0.0,0.0,0.0,30.89
3152,40.76,26.42,45.23,0.0,0.0,0.0,0.0,30.89
3153,42.49,2.04,71.34,0.0,0.0,0.0,0.0,30.89
3154,44.01,0.0,83.51,8.61,0.0,0.0,0.0,30.89
3155,45.25,0.0,76.14,0.0,0.0,0.0479,0.0,30.89
3156,46.18,0.0,98.16,21.09,0.0,0.0479,0.0,30.89
3157,46.75,23.58,104.06,50.0,0.0,0.1653,0.0,30.89
3158,46.94,32.15,95.68,50.0,0.0,0.4435,0.0,30.89
3159,46.75,46.98,80.65,50.0,0.0,0.7218,0.0,30.89
3160,46.18,19.13,57.93,0.0,0.0,1.0,0.0,30.89
3161,45.25,39.66,36.49,0.0,0.0,1.0,0.0,30.89
3162,44.01,7.41,14.38,0.0,0.0,1.0,22.22,0.0
3163,42.49,0.17,0.7,0.0,41.62,1.0,0.0,0.0
3164,40.76,0.07,0.0,0.0,40.69,0.7434,0.0,0.0
3165,38.89,0.07,0.0,0.0,7.92,0.4925,30.89,0.0
3166,36.94,0.07,0.0,0.0,5.97,0.4436,30.89,0.0
3167,36.94,0.17,0.0,0.0,5.87,0.4068,30.89,0.0
3168,36.91,0.17,0.0,0.0,5.85,0.3706,30.89,0.0
3169,36.91,0.34,0.0,0.0,5.68,0.3345,30.89,0.0
3170,36.91,0.58,0.0,0.0,5.44,0.2995,30.89,0.0
3171,36.91,0.93,0.0,0.0,5.09,0.266,30.89,0.0
3172,36.91,1.97,0.0,0.0,4.05,0.2346,30.89,0.0
3173,36.91,2.7,0.0,0.0,10.51,0.2096,23.7,0.0
3174,36.91,11.06,2.36,0.0,23.49,0.1448,0.0,0.0
3175,38.86,25.01,18.87,5.01,0.0,0.0,0.0,0.0
3176,40.74,25.01,40.66,0.0,4.52,0.0279,0.0,29.45
3177,42.47,53.14,61.22,41.01,0.0,0.0,0.0,30.89
3178,43.98,46.01,78.86,50.0,0.0,0.2282,0.0,30.89
3179,45.22,0.0,76.12,0.0,0.0,0.5064,0.0,30.89
3180,46.15,65.85,11.19,0.0,0.0,0.5064,0.0,30.89
3181,46.72,59.27,18.34,0.0,0.0,0.5064,0.0,30.89
3182,46.91,65.85,11.95,0.0,0.0,0.5064,0.0,30.89
3183,46.72,47.72,79.89,50.0,0.0,0.5064,0.0,30.89
3184,46.15,53.75,61.98,38.69,0.0,0.7847,0.0,30.89
3185,45.22,18.52,38.64,0.0,0.0,1.0,0.0,11.93
3186,43.98,1.38,14.45,0.0,28.15,1.0,0.0,0.0
3187,42.47,1.38,1.73,0.0,39.36,0.8264,0.0,0.0
3188,40.74,7.41,0.0,0.0,2.44,0.5838,30.89,0.0
3189,38.86,28.75,0.0,0.0,0.0,0.5687,10.11,0.0
3190,36.91,59.27,0.0,22.36,0.0,0.5687,0.0,0.0
3191,36.91,53.14,0.0,16.23,0.0,0.6932,0.0,0.0
3192,36.88,32.85,0.0,0.0,0.0,0.7835,4.03,0.0
3193,36.88,13.27,0.0,0.0,0.0,0.7835,23.62,0.0
3194,36.88,4.67,0.0,0.0,20.24,0.7835,11.97,0.0
3195,36.88,1.97,0.0,0.0,34.91,0.6587,0.0,0.0
3196,36.88,0.93,0.0,0.0,35.96,0.4434,0.0,0.0
3197,36.88,0.93,0.0,0.0,35.96,0.2217,0.0,0.0
3198,36.88,11.06,4.04,0.0,0.0,0.0,21.78,0.0
3199,38.83,37.32,22.27,0.0,0.0,0.0,0.0,20.76
3200,40.71,53.14,49.04,30.59,0.0,0.0,0.0,30.89
3201,42.44,51.73,71.6,50.0,0.0,0.1702,0.0,30.89
3202,43.95,0.0,88.32,13.48,0.0,0.4485,0.0,30.89
3203,45.2,0.0,97.83,21.75,0.0,0.5235,0.0,30.89
3204,46.12,0.0,103.57,26.56,0.0,0.6445,0.0,30.89
3205,46.69,13.27,64.31,0.0,0.0,0.7923,0.0,30.89
3206,46.88,9.11,93.65,24.99,0.0,0.7923,0.0,30.89
3207,46.69,9.11,80.8,12.34,0.0,0.9314,0.0,30.89
3208,46.12,9.11,62.68,0.0,0.0,1.0,0.0,25.67
3209,45.2,4.67,39.28,0.0,0.0,1.0,1.25,0.0
3210,43.95,0.93,14.27,0.0,0.0,1.0,28.76,0.0
3211,42.44,5.93,1.71,0.0,3.9,1.0,30.89,0.0
3212,40.71,28.75,0.0,0.0,0.0,0.9759,11.96,0.0
3213,38.83,28.75,0.0,0.0,10.08,0.9759,0.0,0.0
3214,36.88,9.11,0.0,0.0,0.0,0.9138,27.77,0.0
3215,36.88,3.59,0.0,0.0,2.4,0.9138,30.89,0.0
3216,36.85,1.97,0.0,0.0,3.99,0.899,30.89,0.0
3217,36.85,1.38,0.0,0.0,35.47,0.8744,0.0,0.0
3218,36.85,1.38,0.0,0.0,35.47,0.6557,0.0,0.0
3219,36.85,0.93,0.0,0.0,35.93,0.437,0.0,0.0
3220,36.85,0.93,0.0,0.0,5.04,0.2154,30.89,0.0
3221,36.85,0.93,0.0,0.0,5.04,0.1844,30.89,0.0
3222,36.85,4.67,3.87,0.0,24.87,0.1533,3.45,0.0
3223,38.8,11.06,21.67,0.0,0.0,0.0,6.08,0.0
3224,40.68,5.93,47.07,0.0,0.0,0.0,0.0,12.32
3225,42.41,0.58,67.43,0.0,0.0,0.0,0.0,25.61
3226,43.92,0.0,82.22,7.41,0.0,0.0,0.0,30.89
3227,45.17,0.0,90.94,14.88,0.0,0.0412,0.0,30.89
3228,46.09,0.0,93.35,47.26,0.0,0.124,0.0,0.0
3229,46.66,0.0,91.48,44.82,0.0,0.3871,0.0,0.0
3230,46.85,0.0,86.42,39.57,0.0,0.6365,0.0,0.0
3231,46.66,0.02,75.82,10.63,0.0,0.8567,0.0,18.55
3232,46.09,1.97,59.25,15.13,0.0,0.9158,0.0,0.0
3233,45.17,3.59,36.74,0.0,0.0,1.0,4.83,0.0
3234,43.92,0.93,14.05,0.0,28.95,1.0,0.0,0.0
3235,42.41,0.02,1.58,0.0,40.8,0.8215,0.0,0.0
3236,40.68,0.02,0.0,0.0,11.73,0.5699,28.92,0.0
3237,38.8,0.0,0.0,0.0,38.8,0.4976,0.0,0.0
3238,36.85,0.0,0.0,0.0,36.85,0.2583,0.0,0.0
3239,36.85,0.93,0.0,0.0,5.04,0.0311,30.89,0.0
3240,36.82,36.82,0.0,0.0,0.0,0.0,0.0,0.0
3241,36.82,36.82,0.0,0.0,0.0,0.0,0.0,0.0
3242,36.82,36.82,0.0,0.0,0.0,0.0,0.0,0.0
3243,36.82,36.82,0.0,0.0,0.0,0.0,0.0,0.0
3244,36.82,36.82,0.0,0.0,0.0,0.0,0.0,0.0
3245,36.82,36.82,0.0,0.0,0.0,0.0,0.0,0.0
3246,36.82,32.34,4.49,0.0,0.0,0.0,0.0,0.0
3247,38.77,53.75,15.91,0.0,0.0,0.0,0.0,30.89
3248,40.65,25.26,46.28,0.0,0.0,0.0,0.0,30.89
3249,42.38,10.64,62.63,0.0,0.0,0.0,0.0,30.89
3250,43.89,0.0,74.79,0.0,0.0,0.0,0.0,30.89
3251,45.14,0.0,76.03,0.0,0.0,0.0,0.0,30.89
3252,46.06,2.78,74.18,0.0,0.0,0.0,0.0,30.89
3253,46.63,0.0,77.52,0.0,0.0,0.0,0.0,30.89
3254,46.82,0.0,77.71,0.0,0.0,0.0,0.0,30.89
3255,46.63,30.47,76.01,28.95,0.0,0.0,0.0,30.89
3256,46.06,86.36,40.59,50.0,0.0,0.1611,0.0,30.89
3257,45.14,95.54,30.49,50.0,0.0,0.4394,0.0,30.89
3258,43.89,96.96,3.7,25.87,0.0,0.7176,0.0,30.89
3259,42.38,96.96,1.19,24.87,0.0,0.8616,0.0,30.89
3260,40.65,53.14,0.0,0.0,0.0,1.0,0.0,12.49
3261,38.77,9.11,0.0,0.0,0.0,1.0,29.66,0.0
3262,36.82,0.34,0.0,0.0,5.6,1.0,30.89,0.0
3263,36.82,0.0,0.0,0.0,5.93,0.9655,30.89,0.0
3264,36.79,0.0,0.0,0.0,30.03,0.9289,6.77,0.0
3265,36.79,0.0,0.0,0.0,5.9,0.7438,30.89,0.0
3266,36.79,0.0,0.0,0.0,5.9,0.7074,30.89,0.0
3267,36.79,0.0,0.0,0.0,36.79,0.671,0.0,0.0
3268,36.79,0.0,0.0,0.0,5.9,0.4441,30.89,0.0
3269,36.79,0.0,0.0,0.0,36.79,0.4077,0.0,0.0
3270,36.79,2.7,4.77,0.0,29.33,0.1808,0.0,0.0
3271,38.75,13.27,22.02,0.0,0.0,0.0,3.46,0.0
3272,40.62,25.75,45.76,0.0,0.0,0.0,0.0,30.89
3273,42.35,7.09,66.26,0.11,0.0,0.0,0.0,30.89
3274,43.87,42.19,82.46,49.89,0.0,0.0006,0.0,30.89
3275,45.11,25.01,93.43,42.44,0.0,0.2783,0.0,30.89
3276,46.03,18.52,98.1,39.69,0.0,0.5144,0.0,30.89
3277,46.6,13.27,91.56,27.34,0.0,0.7353,0.0,30.89
3278,46.79,9.11,88.8,20.23,0.0,0.8874,0.0,30.89
3279,46.6,7.41,51.1,0.0,0.0,1.0,0.0,11.91
3280,46.03,15.75,57.19,0.0,0.0,1.0,0.0,26.9
3281,45.11,32.85,36.97,0.0,0.0,1.0,0.0,24.71
3282,43.87,28.75,15.1,0.0,0.01,1.0,0.0,0.0
3283,42.35,13.27,1.9,0.0,27.19,0.9999,0.0,0.0
3284,40.62,15.75,0.0,0.0,24.87,0.8323,0.0,0.0
3285,38.75,13.27,0.0,0.0,0.0,0.6789,25.48,0.0
3286,36.79,7.41,0.0,0.0,29.11,0.6789,0.27,0.0
3287,36.79,4.67,0.0,0.0,1.24,0.4994,30.89,0.0
3288,36.76,3.59,0.0,0.0,33.17,0.4918,0.0,0.0
3289,36.76,2.7,0.0,0.0,3.17,0.2873,30.89,0.0
3290,36.76,2.7,0.0,0.0,3.17,0.2677,30.89,0.0
3291,36.76,2.7,0.0,0.0,3.17,0.2482,30.89,0.0
3292,36.76,1.97,0.0,0.0,3.9,0.2286,30.89,0.0
3293,36.76,3.59,0.0,0.0,33.17,0.2045,0.0,0.0
3294,36.76,21.6,4.92,0.0,0.0,0.0,10.25,0.0
3295,38.71,42.19,22.69,0.0,0.0,0.0,0.0,26.16
3296,40.59,23.9,47.58,0.0,0.0,0.0,0.0,30.89
3297,42.32,3.25,69.96,0.0,0.0,0.0,0.0,30.89
3298,43.84,0.0,74.73,0.0,0.0,0.0,0.0,30.89
3299,45.08,0.0,77.87,1.9,0.0,0.0,0.0,30.89
3300,46.0,0.0,104.69,27.8,0.0,0.0106,0.0,30.89
3301,46.57,96.96,30.51,50.0,0.0,0.1653,0.0,30.89
3302,46.76,96.96,30.7,50.0,0.0,0.4435,0.0,30.89
3303,46.57,92.65,34.81,50.0,0.0,0.7218,0.0,30.89
3304,46.0,76.89,0.0,0.0,0.0,1.0,0.0,30.89
3305,45.08,55.72,20.25,0.0,0.0,1.0,0.0,30.89
3306,43.84,47.45,11.07,0.0,16.2,1.0,0.0,30.89
3307,42.32,3.59,1.88,0.0,50.0,0.9001,0.0,13.16
3308,40.59,1.97,0.0,0.0,50.0,0.5918,0.0,11.38
3309,38.71,4.67,0.0,0.0,45.98,0.2835,0.0,11.93
3310,36.76,53.14,0.0,0.0,0.0,0.0,0.0,16.38
3311,36.76,36.76,0.0,0.0,0.0,0.0,0.0,0.0
3312,36.73,36.73,0.0,0.0,0.0,0.0,0.0,0.0
3313,36.73,36.73,0.0,0.0,0.0,0.0,0.0,0.0
3314,36.73,36.73,0.0,0.0,0.0,0.0,0.0,0.0
3315,36.73,36.73,0.0,0.0,0.0,0.0,0.0,0.0
3316,36.73,36.73,0.0,0.0,0.0,0.0,0.0,0.0
3317,36.73,36.73,0.0,0.0,0.0,0.0,0.0,0.0
3318,36.73,33.09,3.64,0.0,0.0,0.0,0.0,0.0
3319,38.68,80.43,17.66,28.52,0.0,0.0,0.0,30.89
3320,40.56,25.51,45.94,0.0,0.0,0.1587,0.0,30.89
3321,42.29,54.63,68.55,50.0,0.0,0.1587,0.0,30.89
3322,43.8,32.85,86.23,44.38,0.0,0.4369,0.0,30.89
3323,45.05,0.0,75.94,0.0,0.0,0.6839,0.0,30.89
3324,45.97,3.59,101.49,28.22,0.0,0.6839,0.0,30.89
3325,46.54,1.38,86.58,10.53,0.0,0.8409,0.0,30.89
3326,46.73,2.7,92.98,18.05,0.0,0.8995,0.0,30.89
3327,46.54,5.93,71.5,0.0,0.0,1.0,0.0,30.89
3328,45.97,11.06,58.65,0.0,0.0,1.0,0.0,23.74
3329,45.05,9.11,36.14,0.0,0.0,1.0,0.0,0.21
3330,43.8,0.93,14.73,0.0,0.0,1.0,28.15,0.0
3331,42.29,0.0,2.19,0.0,9.21,1.0,30.89,0.0
3332,40.56,0.07,0.0,0.0,40.49,0.9432,0.0,0.0
3333,38.68,0.34,0.0,0.0,7.46,0.6936,30.89,0.0
3334,36.73,0.58,0.0,0.0,5.26,0.6476,30.89,0.0
3335,36.73,0.34,0.0,0.0,5.5,0.6152,30.89,0.0
3336,36.7,0.17,0.0,0.0,36.53,0.5812,0.0,0.0
3337,36.7,0.07,0.0,0.0,5.74,0.356,30.89,0.0
3338,36.7,0.0,0.0,0.0,5.81,0.3206,30.89,0.0
3339,36.7,0.0,0.0,0.0,33.68,0.2848,3.02,0.0
3340,36.7,0.0,0.0,0.0,5.81,0.0772,30.89,0.0
3341,36.7,0.0,0.0,0.0,5.81,0.0413,30.89,0.0
3342,36.7,0.07,4.85,0.0,0.89,0.0055,30.89,0.0
3343,38.65,1.38,22.35,0.0,0.0,0.0,14.92,0.0
3344,40.53,24.79,46.63,0.0,0.0,0.0,0.0,30.89
3345,42.26,17.87,67.39,12.11,0.0,0.0,0.0,30.89
3346,43.77,0.0,82.59,7.93,0.0,0.0674,0.0,30.89
3347,45.02,33.64,92.27,50.0,0.0,0.1115,0.0,30.89
3348,45.94,47.03,79.8,50.0,0.0,0.3898,0.0,30.89
3349,46.51,32.85,81.6,37.05,0.0,0.668,0.0,30.89
3350,46.7,21.6,78.6,22.6,0.0,0.8742,0.0,30.89
3351,46.51,18.52,49.06,0.0,0.0,1.0,0.0,21.07
3352,45.94,18.52,34.04,0.0,0.0,1.0,0.0,6.62
3353,45.02,15.75,7.25,0.0,22.02,1.0,0.0,0.0
3354,43.77,1.38,7.72,0.0,12.68,0.8642,21.99,0.0
3355,42.26,0.0,2.0,0.0,40.26,0.786,0.0,0.0
3356,40.53,0.17,0.0,0.0,9.46,0.5378,30.89,0.0
3357,38.65,1.38,0.0,0.0,37.27,0.4794,0.0,0.0
3358,36.7,2.7,0.0,0.0,3.11,0.2496,30.89,0.0
3359,36.7,1.97,0.0,0.0,3.84,0.2305,30.89,0.0
3360,36.67,0.93,0.0,0.0,4.85,0.2068,30.89,0.0
3361,36.67,0.17,0.0,0.0,5.61,0.1768,30.89,0.0
3362,36.67,0.02,0.0,0.0,5.76,0.1423,30.89,0.0
3363,36.67,0.0,0.0,0.0,5.78,0.1068,30.89,0.0
3364,36.67,0.0,0.0,0.0,5.78,0.0711,30.89,0.0
3365,36.67,0.02,0.0,0.0,5.76,0.0355,30.89,0.0
3366,36.67,2.7,4.76,0.0,0.0,0.0,29.21,0.0
3367,38.62,11.06,21.49,0.0,0.0,0.0,6.07,0.0
3368,40.5,89.64,31.75,50.0,0.0,0.0,0.0,30.89
3369,42.23,96.96,22.07,45.91,0.0,0.2782,0.0,30.89
3370,43.74,96.96,20.35,42.67,0.0,0.5337,0.0,30.89
3371,44.98,96.96,17.98,39.06,0.0,0.7712,0.0,30.89
3372,45.91,0.0,13.27,0.0,32.64,0.9885,0.0,0.0
3373,46.48,0.0,15.56,0.0,30.92,0.7873,0.0,0.0
3374,46.67,0.0,23.62,0.0,23.05,0.5967,0.0,0.0
3375,46.48,96.96,8.0,42.54,0.0,0.4545,0.0,15.94
3376,45.91,96.96,5.76,25.91,0.0,0.6913,0.0,30.89
3377,44.98,96.96,8.49,29.57,0.0,0.8355,0.0,30.89
3378,43.74,53.14,1.94,0.0,0.0,1.0,0.0,11.34
3379,42.23,9.11,0.0,0.0,2.22,1.0,30.89,0.0
3380,40.5,9.11,0.0,0.0,31.38,0.9863,0.0,0.0
3381,38.62,9.11,0.0,0.0,29.51,0.7928,0.0,0.0
3382,36.67,7.41,0.0,0.0,9.64,0.6108,19.62,0.0
3383,36.67,5.93,0.0,0.0,0.0,0.5514,30.74,0.0
3384,36.64,3.59,0.0,0.0,33.04,0.5514,0.0,0.0
3385,36.64,2.7,0.0,0.0,3.05,0.3477,30.89,0.0
3386,36.64,1.97,0.0,0.0,3.78,0.3289,30.89,0.0
3387,36.64,0.93,0.0,0.0,4.82,0.3056,30.89,0.0
3388,36.64,0.17,0.0,0.0,36.46,0.2759,0.0,0.0
3389,36.64,0.07,0.0,0.0,5.67,0.051,30.89,0.0
3390,36.64,1.97,4.42,0.0,0.0,0.016,30.25,0.0
3391,38.59,9.11,26.87,0.0,2.6,0.016,0.0,0.0
3392,40.46,47.45,57.52,33.61,0.0,0.0,0.0,30.89
3393,42.19,0.0,82.56,9.47,0.0,0.1871,0.0,30.89
3394,43.71,19.61,101.12,46.13,0.0,0.2398,0.0,30.89
3395,44.95,0.0,75.84,0.0,0.0,0.4965,0.0,30.89
3396,45.88,0.0,76.77,0.0,0.0,0.4965,0.0,30.89
3397,46.45,13.81,113.53,50.0,0.0,0.4965,0.0,30.89
3398,46.64,0.0,104.57,27.05,0.0,0.7747,0.0,30.89
3399,46.45,0.0,90.77,13.43,0.0,0.9253,0.0,30.89
3400,45.88,4.67,70.71,0.0,0.0,1.0,0.0,29.5
3401,44.95,0.93,45.36,0.0,0.0,1.0,0.0,1.33
3402,43.71,0.0,17.31,0.0,26.4,1.0,0.0,0.0
3403,42.19,0.0,2.6,0.0,39.59,0.8372,0.0,0.0
3404,40.46,0.0,0.0,0.0,13.3,0.5931,27.16,0.0
3405,38.59,0.02,0.0,0.0,7.68,0.5111,30.89,0.0
3406,36.64,0.17,0.0,0.0,5.57,0.4637,30.89,0.0
3407,36.64,0.34,0.0,0.0,5.41,0.4293,30.89,0.0
3408,36.61,0.58,0.0,0.0,5.13,0.396,30.89,0.0
3409,36.61,0.58,0.0,0.0,5.13,0.3644,30.89,0.0
3410,36.61,0.58,0.0,0.0,5.13,0.3327,30.89,0.0
3411,36.61,0.34,0.0,0.0,5.38,0.3011,30.89,0.0
3412,36.61,0.02,0.0,0.0,5.69,0.2679,30.89,0.0
3413,36.61,0.0,0.0,0.0,5.71,0.2328,30.89,0.0
3414,36.61,0.0,4.56,0.0,32.05,0.1976,0.0,0.0
3415,38.56,0.0,24.73,0.0,0.0,0.0,13.82,0.0
3416,40.43,0.0,51.03,0.0,0.0,0.0,0.0,10.59
3417,42.16,0.0,72.42,0.0,0.0,0.0,0.0,30.26
3418,43.68,0.58,88.99,15.01,0.0,0.0,0.0,30.89
3419,44.92,1.97,99.8,25.96,0.0,0.0835,0.0,30.89
3420,45.84,1.97,104.74,50.0,0.0,0.228,0.0,10.86
3421,46.41,2.7,103.84,33.45,0.0,0.5062,0.0,26.68
3422,46.61,3.59,97.07,23.16,0.0,0.6924,0.0,30.89
3423,46.41,4.67,83.84,11.21,0.0,0.8213,0.0,30.89
3424,45.84,5.93,60.81,20.9,0.0,0.8837,0.0,0.0
3425,44.92,4.67,31.4,0.0,0.0,1.0,8.85,0.0
3426,43.68,0.34,15.7,0.0,27.63,1.0,0.0,0.0
3427,42.16,0.02,2.58,0.0,39.56,0.8296,0.0,0.0
3428,40.43,0.34,0.0,0.0,40.09,0.5857,0.0,0.0
3429,38.56,0.58,0.0,0.0,7.08,0.3385,30.89,0.0
3430,36.61,0.93,0.0,0.0,4.79,0.2948,30.89,0.0
3431,36.61,1.97,0.0,0.0,3.75,0.2653,30.89,0.0
3432,36.57,1.97,0.0,0.0,3.71,0.2422,30.89,0.0
3433,36.57,0.93,0.0,0.0,4.75,0.2193,30.89,0.0
3434,36.57,0.17,0.0,0.0,5.51,0.19,30.89,0.0
3435,36.57,0.02,0.0,0.0,5.66,0.156,30.89,0.0
3436,36.57,0.0,0.0,0.0,5.68,0.1211,30.89,0.0
3437,36.57,0.02,0.0,0.0,13.39,0.0861,23.16,0.0
3438,36.57,0.93,4.18,0.0,0.58,0.0036,30.89,0.0
3439,38.52,2.7,22.69,0.0,0.0,0.0,13.13,0.0
3440,40.4,0.58,47.23,0.0,0.0,0.0,0.0,7.41
3441,42.13,1.97,68.45,0.0,0.0,0.0,0.0,28.29
3442,43.64,7.41,85.89,18.77,0.0,0.0,0.0,30.89
3443,44.89,5.93,97.54,27.7,0.0,0.1044,0.0,30.89
3444,45.81,4.67,97.86,43.69,0.0,0.2586,0.0,13.02
3445,46.38,11.06,90.15,50.0,0.0,0.5017,0.0,4.83
3446,46.57,4.67,87.86,15.06,0.0,0.78,0.0,30.89
3447,46.38,1.97,50.37,5.96,0.0,0.8638,0.0,0.0
3448,45.81,9.11,55.22,18.52,0.0,0.8969,0.0,0.0
3449,44.89,11.06,38.74,0.0,0.0,1.0,0.0,4.92
3450,43.64,1.97,16.28,0.0,25.39,1.0,0.0,0.0
3451,42.13,1.38,2.78,0.0,7.08,0.8434,30.89,0.0
3452,40.4,3.59,0.0,0.0,5.91,0.7998,30.89,0.0
3453,38.52,0.07,0.0,0.0,7.56,0.7633,30.89,0.0
3454,36.57,0.0,0.0,0.0,36.57,0.7167,0.0,0.0
3455,36.57,0.0,0.0,0.0,5.68,0.4912,30.89,0.0
3456,36.54,0.0,0.0,0.0,5.65,0.4562,30.89,0.0
3457,36.54,0.07,0.0,0.0,36.47,0.4213,0.0,0.0
3458,36.54,0.34,0.0,0.0,24.66,0.1965,11.54,0.0
3459,36.54,1.38,0.0,0.0,4.26,0.0445,30.89,0.0
3460,36.54,2.7,0.0,0.0,2.95,0.0182,30.89,0.0
3461,36.54,11.06,0.0,0.0,0.0,0.0,25.48,0.0
3462,36.54,31.33,5.21,0.0,0.0,0.0,0.0,0.0
3463,38.49,46.69,22.69,0.0,0.0,0.0,0.0,30.89
3464,40.37,61.72,47.31,37.78,0.0,0.0,0.0,30.89
3465,42.09,17.07,55.92,0.0,0.0,0.2102,0.0,30.89
3466,43.61,62.74,61.76,50.0,0.0,0.2102,0.0,30.89
3467,44.85,0.0,77.46,1.71,0.0,0.4885,0.0,30.89
3468,45.78,0.0,76.67,0.0,0.0,0.498,0.0,30.89
3469,46.35,0.0,77.24,0.0,0.0,0.498,0.0,30.89
3470,46.54,48.0,79.43,50.0,0.0,0.498,0.0,30.89
3471,46.35,23.62,53.62,0.0,0.0,0.7762,0.0,30.89
3472,45.78,43.17,33.5,0.0,0.0,0.7762,0.0,30.89
3473,44.85,96.96,19.0,40.21,0.0,0.7762,0.0,30.89
3474,43.61,63.56,10.94,0.0,0.0,1.0,0.0,30.89
3475,42.09,0.0,0.0,0.0,50.0,1.0,0.0,7.91
3476,40.37,0.0,0.0,0.0,50.0,0.6917,0.0,9.63
3477,38.49,0.0,0.0,0.0,50.0,0.3834,0.0,11.51
3478,36.54,67.43,0.0,0.0,0.0,0.0751,0.0,30.89
3479,36.54,42.37,0.0,5.84,0.0,0.0751,0.0,0.0
3480,36.5,36.5,0.0,0.0,0.0,0.1076,0.0,0.0
3481,36.5,36.5,0.0,0.0,0.0,0.1076,0.0,0.0
3482,36.5,86.5,0.0,50.0,0.0,0.1076,0.0,0.0
3483,36.5,37.32,0.0,0.82,0.0,0.3858,0.0,0.0
3484,36.5,11.06,0.0,0.0,25.44,0.3904,0.0,0.0
3485,36.5,9.11,0.0,0.0,27.39,0.2335,0.0,0.0
3486,36.5,25.01,5.35,0.0,6.15,0.0646,0.0,0.0
3487,38.45,47.45,17.57,0.0,4.33,0.0267,0.0,30.89
3488,40.33,31.18,40.05,0.0,0.0,0.0,0.0,30.89
3489,42.06,22.49,50.46,0.0,0.0,0.0,0.0,30.89
3490,43.58,52.51,71.96,50.0,0.0,0.0,0.0,30.89
3491,44.82,0.0,88.76,13.05,0.0,0.2782,0.0,30.89
3492,45.74,0.0,76.63,0.0,0.0,0.3509,0.0,30.89
3493,46.31,0.0,77.2,0.0,0.0,0.3509,0.0,30.89
3494,46.5,0.0,82.72,5.32,0.0,0.3509,0.0,30.89
3495,46.31,21.26,72.28,16.34,0.0,0.3805,0.0,30.89
3496,45.74,76.46,50.18,50.0,0.0,0.4714,0.0,30.89
3497,44.82,88.47,32.22,44.98,0.0,0.7497,0.0,30.89
3498,43.58,15.75,7.9,0.0,0.14,1.0,19.78,0.0
3499,42.06,0.34,1.4,0.0,9.43,0.9991,30.89,0.0
3500,40.33,0.07,0.0,0.0,40.26,0.941,0.0,0.0
3501,38.45,0.02,0.0,0.0,38.43,0.6927,0.0,0.0
3502,36.5,0.07,0.0,0.0,5.54,0.4557,30.89,0.0
3503,36.5,0.07,0.0,0.0,5.54,0.4216,30.89,0.0
3504,36.47,0.17,0.0,0.0,5.41,0.3874,30.89,0.0
3505,36.47,0.17,0.0,0.0,36.3,0.3541,0.0,0.0
3506,36.47,0.17,0.0,0.0,5.41,0.1303,30.89,0.0
3507,36.47,0.34,0.0,0.0,5.24,0.0969,30.89,0.0
3508,36.47,0.34,0.0,0.0,5.24,0.0646,30.89,0.0
3509,36.47,0.34,0.0,0.0,5.24,0.0323,30.89,0.0
3510,36.47,5.93,5.41,0.0,0.0,0.0,25.13,0.0
3511,38.42,28.75,24.7,0.0,0.0,0.0,0.0,15.03
3512,40.3,19.58,51.61,0.0,0.0,0.0,0.0,30.89
3513,42.03,0.0,74.9,1.98,0.0,0.0,0.0,30.89
3514,43.54,10.39,91.75,27.71,0.0,0.011,0.0,30.89
3515,44.78,23.6,102.07,50.0,0.0,0.1653,0.0,30.89
3516,45.71,76.6,0.0,0.0,0.0,0.4435,0.0,30.89
3517,46.28,20.91,106.26,50.0,0.0,0.4435,0.0,30.89
3518,46.47,72.9,4.46,0.0,0.0,0.7218,0.0,30.89
3519,46.28,41.32,85.85,50.0,0.0,0.7218,0.0,30.89
3520,45.71,10.85,65.75,0.0,0.0,1.0,0.0,30.89
3521,44.78,18.52,41.74,0.0,0.0,1.0,0.0,15.47
3522,43.54,1.97,17.24,0.0,0.84,1.0,23.49,0.0
3523,42.03,0.02,3.09,0.0,38.91,0.9948,0.0,0.0
3524,40.3,0.07,0.0,0.0,9.33,0.7549,30.89,0.0
3525,38.42,0.07,0.0,0.0,38.35,0.6974,0.0,0.0
3526,36.47,0.07,0.0,0.0,5.51,0.4609,30.89,0.0
3527,36.47,0.17,0.0,0.0,5.41,0.427,30.89,0.0
3528,36.43,0.17,0.0,0.0,5.37,0.3936,30.89,0.0
3529,36.43,0.34,0.0,0.0,5.21,0.3605,30.89,0.0
3530,36.43,0.17,0.0,0.0,5.37,0.3284,30.89,0.0
3531,36.43,0.07,0.0,0.0,5.47,0.2953,30.89,0.0
3532,36.43,0.07,0.0,0.0,5.47,0.2616,30.89,0.0
3533,36.43,0.0,0.0,0.0,5.54,0.2278,30.89,0.0
3534,36.43,0.0,5.03,0.0,31.41,0.1937,0.0,0.0
3535,38.39,0.0,24.24,0.0,0.0,0.0,14.15,0.0
3536,40.26,0.02,50.43,0.0,0.0,0.0,0.0,10.19
3537,41.99,0.0,71.57,0.0,0.0,0.0,0.0,29.59
3538,43.51,0.0,85.05,10.65,0.0,0.0,0.0,30.89
3539,44.75,0.0,95.74,20.1,0.0,0.0593,0.0,30.89
3540,45.67,0.0,99.96,50.0,0.0,0.1712,0.0,4.29
3541,46.24,0.0,93.79,47.55,0.0,0.4494,0.0,0.0
3542,46.43,0.0,88.38,11.05,0.0,0.714,0.0,30.89
3543,46.24,0.0,79.69,23.1,0.0,0.7755,0.0,10.34
3544,45.67,0.0,62.91,17.23,0.0,0.9041,0.0,0.0
3545,44.75,0.58,38.17,0.0,5.99,1.0,0.0,0.0
3546,43.51,1.38,15.97,0.0,26.15,0.9631,0.0,0.0
3547,41.99,0.93,3.01,0.0,7.17,0.8018,30.89,0.0
3548,40.26,1.97,0.0,0.0,38.29,0.7576,0.0,0.0
3549,38.39,3.59,0.0,0.0,12.46,0.5215,22.34,0.0
3550,36.43,7.41,0.0,0.0,29.02,0.4447,0.0,0.0
3551,36.43,15.75,0.0,0.0,0.0,0.2657,20.69,0.0
3552,36.4,28.75,0.0,0.0,7.65,0.2657,0.0,0.0
3553,36.4,28.75,0.0,0.0,0.0,0.2186,7.65,0.0
3554,36.4,21.6,0.0,0.0,14.8,0.2186,0.0,0.0
3555,36.4,18.52,0.0,0.0,0.0,0.1273,17.88,0.0
3556,36.4,15.75,0.0,0.0,20.65,0.1273,0.0,0.0
3557,36.4,21.6,0.0,0.0,0.0,0.0,14.8,0.0
3558,36.4,37.32,0.0,0.93,0.0,0.0,0.0,0.0
3559,38.35,47.45,24.38,2.6,0.0,0.0052,0.0,30.89
3560,40.23,72.25,48.87,50.0,0.0,0.0196,0.0,30.89
3561,41.95,61.24,61.6,50.0,0.0,0.2978,0.0,30.89
3562,43.47,0.0,90.92,16.55,0.0,0.5761,0.0,30.89
3563,44.71,0.0,98.87,23.26,0.0,0.6682,0.0,30.89
3564,45.64,37.32,39.2,0.0,0.0,0.7977,0.0,30.89
3565,46.21,0.0,87.85,10.75,0.0,0.7977,0.0,30.89
3566,46.4,12.73,88.55,24.0,0.0,0.8575,0.0,30.89
3567,46.21,15.75,62.96,1.61,0.0,0.991,0.0,30.89
3568,45.64,15.75,54.83,0.0,0.0,1.0,0.0,24.94
3569,44.71,15.75,41.54,0.0,0.0,1.0,0.0,12.57
3570,43.47,4.67,15.08,0.0,0.0,1.0,23.72,0.0
3571,41.95,0.58,2.23,0.0,8.25,1.0,30.89,0.0
3572,40.23,0.93,0.0,0.0,39.3,0.9491,0.0,0.0
3573,38.35,1.97,0.0,0.0,36.38,0.7068,0.0,0.0
3574,36.4,1.97,0.0,0.0,34.43,0.4825,0.0,0.0
3575,36.4,1.97,0.0,0.0,9.49,0.2702,24.94,0.0
3576,36.36,1.38,0.0,0.0,4.09,0.2117,30.89,0.0
3577,36.36,1.38,0.0,0.0,4.09,0.1864,30.89,0.0
3578,36.36,0.93,0.0,0.0,4.55,0.1612,30.89,0.0
3579,36.36,0.58,0.0,0.0,4.89,0.1332,30.89,0.0
3580,36.36,0.17,0.0,0.0,5.3,0.1031,30.89,0.0
3581,36.36,0.58,0.0,0.0,4.89,0.0704,30.89,0.0
3582,36.36,3.59,4.43,0.0,0.0,0.0402,28.34,0.0
3583,38.31,7.41,24.38,0.0,6.53,0.0402,0.0,0.0
3584,40.19,17.94,53.14,0.0,0.0,0.0,0.0,30.89
3585,41.92,0.0,75.74,2.93,0.0,0.0,0.0,30.89
3586,43.43,32.33,92.0,50.0,0.0,0.0163,0.0,30.89
3587,44.68,0.0,102.25,26.69,0.0,0.2946,0.0,30.89
3588,45.6,0.0,107.03,30.54,0.0,0.4431,0.0,30.89
3589,46.17,0.0,77.06,0.0,0.0,0.613,0.0,30.89
3590,46.36,28.03,99.22,50.0,0.0,0.613,0.0,30.89
3591,46.17,9.85,86.76,19.54,0.0,0.8913,0.0,30.89
3592,45.6,59.27,17.22,0.0,0.0,1.0,0.0,30.89
3593,44.68,31.5,44.07,0.0,0.0,1.0,0.0,30.89
3594,43.43,25.01,17.35,0.0,0.0,1.0,1.08,0.0
3595,41.92,4.67,2.64,0.0,34.62,1.0,0.0,0.0
3596,40.19,5.93,0.0,0.0,34.26,0.7866,0.0,0.0
3597,38.31,11.06,0.0,0.0,27.25,0.5753,0.0,0.0
3598,36.36,13.27,0.0,0.0,0.0,0.4073,23.1,0.0
3599,36.36,13.27,0.0,0.0,0.0,0.4073,23.1,0.0
3600,36.33,9.11,0.0,0.0,0.0,0.4073,27.21,0.0
3601,36.33,5.93,0.0,0.0,17.93,0.4073,12.47,0.0
3602,36.33,2.7,0.0,0.0,2.74,0.2967,30.89,0.0
3603,36.33,1.97,0.0,0.0,34.36,0.2799,0.0,0.0
3604,36.33,1.38,0.0,0.0,4.05,0.068,30.89,0.0
3605,36.33,4.67,0.0,0.0,0.77,0.043,30.89,0.0
3606,36.33,25.01,5.11,0.0,6.21,0.0383,0.0,0.0
3607,38.28,42.19,23.7,0.0,0.0,0.0,0.0,27.61
3608,40.15,71.54,49.5,50.0,0.0,0.0,0.0,30.89
3609,41.88,0.87,71.91,0.0,0.0,0.2782,0.0,30.89
3610,43.4,0.0,74.29,0.0,0.0,0.2782,0.0,30.89
3611,44.64,0.0,75.53,0.0,0.0,0.2782,0.0,30.89
3612,45.57,96.96,0.0,20.5,0.0,0.2782,0.0,30.89
3613,46.13,77.03,0.0,0.0,0.0,0.3923,0.0,30.89
3614,46.33,77.22,0.0,0.0,0.0,0.3923,0.0,30.89
3615,46.13,0.0,77.03,0.0,0.0,0.3923,0.0,30.89
3616,45.57,65.05,61.41,50.0,0.0,0.3923,0.0,30.89
3617,44.64,48.21,42.67,15.35,0.0,0.6706,0.0,30.89
3618,43.4,96.96,17.26,39.93,0.0,0.756,0.0,30.89
3619,41.88,28.75,3.08,0.0,40.94,0.9782,0.0,30.89
3620,40.15,25.01,0.0,0.0,46.04,0.7257,0.0,30.89
3621,38.28,65.85,0.0,0.0,3.32,0.4419,0.0,30.89
3622,36.33,67.22,0.0,0.0,0.0,0.4214,0.0,30.89
3623,36.33,36.33,0.0,0.0,0.0,0.4214,0.0,0.0
3624,36.29,36.29,0.0,0.0,0.0,0.4214,0.0,0.0
3625,36.29,36.29,0.0,0.0,0.0,0.4214,0.0,0.0
3626,36.29,47.45,0.0,11.16,0.0,0.4214,0.0,0.0
3627,36.29,32.85,0.0,0.0,3.44,0.4835,0.0,0.0
3628,36.29,18.52,0.0,0.0,17.77,0.4623,0.0,0.0
3629,36.29,15.75,0.0,0.0,20.54,0.3527,0.0,0.0
3630,36.29,28.75,5.49,0.0,2.05,0.2261,0.0,0.0
3631,38.24,42.19,19.71,0.0,7.23,0.2134,0.0,30.89
3632,40.12,0.07,47.64,0.0,23.29,0.1689,0.0,30.89
3633,41.85,0.34,68.3,0.0,4.09,0.0252,0.0,30.89
3634,43.36,0.0,84.04,9.79,0.0,0.0,0.0,30.89
3635,44.6,4.67,70.83,0.0,0.0,0.0545,0.0,30.89
3636,45.53,11.06,100.63,35.27,0.0,0.0545,0.0,30.89
3637,46.1,21.6,100.8,45.41,0.0,0.2508,0.0,30.89
3638,46.29,0.0,94.19,17.01,0.0,0.5035,0.0,30.89
3639,46.1,42.19,78.1,43.3,0.0,0.5981,0.0,30.89
3640,45.53,42.19,63.15,28.92,0.0,0.8391,0.0,30.89
3641,44.6,25.01,40.31,0.0,0.0,1.0,0.0,20.72
3642,43.36,3.59,17.21,0.0,0.0,1.0,22.56,0.0
3643,41.85,0.07,3.48,0.0,36.3,1.0,1.99,0.0
3644,40.12,0.07,0.0,0.0,40.04,0.7762,0.0,0.0
3645,38.24,0.07,0.0,0.0,7.28,0.5293,30.89,0.0
3646,36.29,0.17,0.0,0.0,5.23,0.4844,30.89,0.0
3647,36.29,0.58,0.0,0.0,4.82,0.4522,30.89,0.0
3648,36.25,2.7,0.0,0.0,2.66,0.4225,30.89,0.0
3649,36.25,5.93,0.0,0.0,0.0,0.4061,30.32,0.0
3650,36.25,3.59,0.0,0.0,1.77,0.4061,30.89,0.0
3651,36.25,0.34,0.0,0.0,5.02,0.3952,30.89,0.0
3652,36.25,0.0,0.0,0.0,5.36,0.3642,30.89,0.0
3653,36.25,0.02,0.0,0.0,36.23,0.3311,0.0,0.0
3654,36.25,13.27,5.52,0.0,17.47,0.1077,0.0,0.0
3655,38.2,47.15,21.94,0.0,0.0,0.0,0.0,30.89
3656,40.08,27.4,43.57,0.0,0.0,0.0,0.0,30.89
3657,41.81,6.02,66.68,0.0,0.0,0.0,0.0,30.89
3658,43.32,0.22,73.99,0.0,0.0,0.0,0.0,30.89
3659,44.57,46.97,78.49,50.0,0.0,0.0,0.0,30.89
3660,45.49,0.0,76.38,0.0,0.0,0.2782,0.0,30.89
3661,46.06,0.0,78.8,1.85,0.0,0.2782,0.0,30.89
3662,46.25,14.06,63.08,0.0,0.0,0.2885,0.0,30.89
3663,46.06,75.65,51.3,50.0,0.0,0.2885,0.0,30.89
3664,45.49,96.96,24.23,44.8,0.0,0.5668,0.0,30.89
3665,44.57,46.11,29.35,0.0,0.0,0.8161,0.0,30.89
3666,43.32,95.76,11.51,33.05,0.0,0.8161,0.0,30.89
3667,41.81,32.85,1.62,0.0,35.36,1.0,0.0,28.02
3668,40.08,21.6,0.0,0.0,49.37,0.782,0.0,30.89
3669,38.2,28.75,0.0,0.0,9.45,0.4776,0.0,0.0
3670,36.25,21.6,0.0,0.0,14.65,0.4193,0.0,0.0
3671,36.25,15.75,0.0,0.0,20.51,0.3289,0.0,0.0
3672,36.22,25.01,0.0,0.0,11.21,0.2025,0.0,0.0
3673,36.22,42.19,0.0,5.97,0.0,0.1334,0.0,0.0
3674,36.22,47.45,0.0,11.24,0.0,0.1666,0.0,0.0
3675,36.22,37.32,0.0,1.11,0.0,0.2291,0.0,0.0
3676,36.22,18.52,0.0,0.0,17.7,0.2353,0.0,0.0
3677,36.22,15.75,0.0,0.0,20.47,0.1262,0.0,0.0
3678,36.22,36.22,0.0,0.0,0.0,0.0,0.0,0.0
3679,38.17,59.27,19.46,9.67,0.0,0.0,0.0,30.89
3680,40.04,53.14,27.57,9.78,0.0,0.0538,0.0,30.89
3681,41.77,25.01,60.59,12.93,0.0,0.1082,0.0,30.89
3682,43.29,18.52,73.98,18.32,0.0,0.1802,0.0,30.89
3683,44.53,32.85,80.49,37.92,0.0,0.2822,0.0,30.89
3684,45.45,0.0,88.44,12.1,0.0,0.4932,0.0,30.89
3685,46.02,37.75,89.17,50.0,0.0,0.5605,0.0,30.89
3686,46.22,0.0,80.11,3.01,0.0,0.8388,0.0,30.89
3687,46.02,29.56,65.22,17.86,0.0,0.8555,0.0,30.89
3688,45.45,37.32,47.12,8.1,0.0,0.9549,0.0,30.89
3689,44.53,37.32,24.3,0.0,0.0,1.0,0.0,17.09
3690,43.29,25.01,8.15,0.0,10.13,1.0,0.0,0.0
3691,41.77,11.06,3.48,0.0,27.23,0.9376,0.0,0.0
3692,40.04,7.41,0.0,0.0,28.71,0.7696,3.93,0.0
3693,38.17,7.41,0.0,0.0,0.0,0.5926,30.76,0.0
3694,36.22,5.93,0.0,0.0,0.0,0.5926,30.28,0.0
3695,36.22,5.93,0.0,0.0,0.0,0.5926,30.28,0.0
3696,36.18,5.93,0.0,0.0,0.0,0.5926,30.24,0.0
3697,36.18,3.59,0.0,0.0,32.58,0.5926,0.0,0.0
3698,36.18,1.97,0.0,0.0,34.21,0.3917,0.0,0.0
3699,36.18,1.38,0.0,0.0,3.9,0.1808,30.89,0.0
3700,36.18,0.58,0.0,0.0,4.7,0.1567,30.89,0.0
3701,36.18,0.34,0.0,0.0,4.95,0.1277,30.89,0.0
3702,36.18,0.93,4.81,0.0,0.0,0.0972,30.44,0.0
3703,38.13,1.38,20.98,0.0,15.76,0.0972,0.0,0.0
3704,40.0,15.75,44.94,0.0,0.0,0.0,0.0,20.69
3705,41.73,28.75,57.89,14.01,0.0,0.0,0.0,30.89
3706,43.25,37.32,68.1,31.29,0.0,0.078,0.0,30.89
3707,44.49,47.45,64.64,36.71,0.0,0.2521,0.0,30.89
3708,45.42,65.85,33.58,23.12,0.0,0.4564,0.0,30.89
3709,45.99,72.9,26.53,22.55,0.0,0.5851,0.0,30.89
3710,46.18,72.9,18.55,14.38,0.0,0.7105,0.0,30.89
3711,45.99,65.85,15.95,4.92,0.0,0.7905,0.0,30.89
3712,45.42,59.27,22.92,32.72,0.0,0.8179,0.0,4.05
3713,44.49,47.45,12.35,0.0,0.0,1.0,0.0,15.31
3714,43.25,25.01,2.63,0.0,15.61,1.0,0.0,0.0
3715,41.73,11.06,0.66,0.0,30.02,0.9037,0.0,0.0
3716,40.0,5.93,0.0,0.0,3.18,0.7186,30.89,0.0
3717,38.13,5.93,0.0,0.0,1.3,0.699,30.89,0.0
3718,36.18,7.41,0.0,0.0,28.77,0.691,0.0,0.0
3719,36.18,9.11,0.0,0.0,11.73,0.5136,15.33,0.0
3720,36.14,9.11,0.0,0.0,27.03,0.4413,0.0,0.0
3721,36.14,7.41,0.0,0.0,0.0,0.2746,28.73,0.0
3722,36.14,4.67,0.0,0.0,0.58,0.2746,30.89,0.0
3723,36.14,2.7,0.0,0.0,2.55,0.271,30.89,0.0
3724,36.14,1.38,0.0,0.0,3.87,0.2553,30.89,0.0
3725,36.14,0.93,0.0,0.0,4.32,0.2315,30.89,0.0
3726,36.14,1.38,1.6,0.0,2.27,0.2048,30.89,0.0
3727,38.09,1.97,5.17,0.0,30.95,0.1908,0.0,0.0
3728,39.97,5.93,10.33,0.0,0.0,0.0,23.7,0.0
3729,41.7,9.11,29.21,0.0,0.0,0.0,3.37,0.0
3730,43.21,15.75,32.42,0.0,0.0,0.0,0.0,4.96
3731,44.45,32.85,52.64,10.15,0.0,0.0,0.0,30.89
3732,45.38,42.78,53.04,19.55,0.0,0.0565,0.0,30.89
3733,45.95,43.36,83.47,50.0,0.0,0.1653,0.0,30.89
3734,46.14,46.81,80.23,50.0,0.0,0.4435,0.0,30.89
3735,45.95,29.75,47.08,0.0,0.0,0.7218,0.0,30.89
3736,45.38,67.12,59.15,50.0,0.0,0.7218,0.0,30.89
3737,44.45,35.21,40.14,0.0,0.0,1.0,0.0,30.89
3738,43.21,55.99,18.11,0.0,0.0,1.0,0.0,30.89
3739,41.7,65.85,3.75,0.0,0.0,1.0,0.0,27.9
3740,39.97,11.06,0.0,0.0,0.0,1.0,28.91,0.0
3741,38.09,2.7,0.0,0.0,4.5,1.0,30.89,0.0
3742,36.14,2.7,0.0,0.0,33.44,0.9723,0.0,0.0
3743,36.14,7.41,0.0,0.0,16.53,0.7661,12.2,0.0
3744,36.1,11.06,0.0,0.0,25.04,0.6641,0.0,0.0
3745,36.1,13.27,0.0,0.0,22.83,0.5097,0.0,0.0
3746,36.1,11.06,0.0,0.0,25.04,0.3689,0.0,0.0
3747,36.1,7.41,0.0,0.0,28.69,0.2145,0.0,0.0
3748,36.1,4.67,0.0,0.0,0.54,0.0376,30.89,0.0
3749,36.1,5.93,0.0,0.0,0.0,0.0343,30.17,0.0
3750,36.1,13.27,2.64,0.0,0.0,0.0343,20.2,0.0
3751,38.05,15.75,16.75,0.0,5.56,0.0343,0.0,0.0
3752,39.93,25.01,47.19,1.38,0.0,0.0,0.0,30.89
3753,41.66,2.38,70.17,0.0,0.0,0.0077,0.0,30.89
3754,43.17,8.08,76.71,10.72,0.0,0.0077,0.0,30.89
3755,44.42,0.0,75.31,0.0,0.0,0.0673,0.0,30.89
3756,45.34,65.85,60.38,50.0,0.0,0.0673,0.0,30.89
3757,45.91,23.75,103.05,50.0,0.0,0.3456,0.0,30.89
3758,46.1,35.57,91.43,50.0,0.0,0.6238,0.0,30.89
3759,45.91,88.47,5.64,17.31,0.0,0.9021,0.0,30.89
3760,45.34,70.51,5.72,0.0,0.0,0.9984,0.0,30.89
3761,44.42,37.32,38.27,0.29,0.0,0.9984,0.0,30.89
3762,43.17,4.67,17.32,0.0,0.0,1.0,21.18,0.0
3763,41.66,0.02,3.06,0.0,38.57,1.0,0.0,0.0
3764,39.93,0.0,0.0,0.0,39.93,0.7621,0.0,0.0
3765,38.05,0.0,0.0,0.0,11.33,0.5159,26.72,0.0
3766,36.1,0.0,0.0,0.0,36.1,0.4461,0.0,0.0
3767,36.1,0.0,0.0,0.0,5.21,0.2235,30.89,0.0
3768,36.06,0.0,0.0,0.0,5.17,0.1913,30.89,0.0
3769,36.06,0.0,0.0,0.0,5.17,0.1594,30.89,0.0
3770,36.06,0.0,0.0,0.0,5.17,0.1276,30.89,0.0
3771,36.06,0.0,0.0,0.0,5.17,0.0957,30.89,0.0
3772,36.06,0.0,0.0,0.0,5.17,0.0638,30.89,0.0
3773,36.06,0.0,0.0,0.0,5.17,0.0319,30.89,0.0
3774,36.06,0.07,5.11,0.0,0.0,0.0,30.88,0.0
3775,38.01,1.38,24.38,0.0,0.0,0.0,12.25,0.0
3776,39.89,1.38,50.14,0.0,0.0,0.0,0.0,11.63
3777,41.62,1.38,71.33,0.21,0.0,0.0,0.0,30.89
3778,43.13,1.97,87.75,15.7,0.0,0.0012,0.0,30.89
3779,44.38,2.7,98.61,26.04,0.0,0.0885,0.0,30.89
3780,45.3,3.59,103.59,30.99,0.0,0.2334,0.0,30.89
3781,45.87,4.67,103.06,34.59,0.0,0.4059,0.0,27.27
3782,46.06,5.93,96.89,25.87,0.0,0.5983,0.0,30.89
3783,45.87,7.41,84.72,46.26,0.0,0.7423,0.0,0.0
3784,45.3,9.11,67.13,0.05,0.0,0.9997,0.0,30.89
3785,44.38,7.41,44.15,0.0,0.0,1.0,0.0,7.18
3786,43.13,1.38,17.93,0.0,23.82,1.0,0.0,0.0
3787,41.62,0.0,3.07,0.0,7.65,0.8531,30.89,0.0
3788,39.89,0.0,0.0,0.0,21.62,0.806,18.27,0.0
3789,38.01,0.0,0.0,0.0,38.01,0.6727,0.0,0.0
3790,36.06,0.0,0.0,0.0,5.17,0.4383,30.89,0.0
3791,36.06,0.02,0.0,0.0,5.15,0.4064,30.89,0.0
3792,36.02,0.17,0.0,0.0,4.96,0.3747,30.89,0.0
3793,36.02,0.34,0.0,0.0,4.79,0.3441,30.89,0.0
3794,36.02,0.34,0.0,0.0,4.79,0.3145,30.89,0.0
3795,36.02,0.07,0.0,0.0,5.06,0.285,30.89,0.0
3796,36.02,0.0,0.0,0.0,5.13,0.2538,30.89,0.0
3797,36.02,0.0,0.0,0.0,36.02,0.2221,0.0,0.0
3798,36.02,0.07,5.54,0.0,0.0,0.0,30.41,0.0
3799,37.97,0.34,23.64,0.0,0.0,0.0,13.99,0.0
3800,39.85,0.02,48.28,0.0,0.0,0.0,0.0,8.45
3801,41.58,0.0,68.02,0.0,0.0,0.0,0.0,26.44
3802,43.09,0.0,82.36,8.37,0.0,0.0,0.0,30.89
3803,44.34,0.0,92.86,17.63,0.0,0.0466,0.0,30.89
3804,45.26,0.0,98.21,50.0,0.0,0.1447,0.0,2.95
3805,45.83,0.17,97.86,50.0,0.0,0.423,0.0,2.21
3806,46.02,0.34,91.35,45.67,0.0,0.7012,0.0,0.0
3807,45.83,0.93,77.94,8.02,0.0,0.9553,0.0,25.01
3808,45.26,2.7,55.58,0.0,0.0,1.0,0.0,13.02
3809,44.34,3.59,38.59,0.0,0.0,1.0,2.16,0.0
3810,43.09,0.58,18.23,0.0,0.0,1.0,24.29,0.0
3811,41.58,0.0,3.63,0.0,33.48,1.0,4.46,0.0
3812,39.85,0.0,0.0,0.0,8.96,0.7935,30.89,0.0
3813,37.97,0.0,0.0,0.0,37.97,0.7383,0.0,0.0
3814,36.02,0.0,0.0,0.0,5.13,0.5042,30.89,0.0
3815,36.02,0.0,0.0,0.0,5.13,0.4725,30.89,0.0
3816,35.98,0.02,0.0,0.0,5.07,0.4409,30.89,0.0
3817,35.98,0.0,0.0,0.0,5.09,0.4096,30.89,0.0
3818,35.98,0.0,0.0,0.0,5.09,0.3782,30.89,0.0
3819,35.98,0.0,0.0,0.0,5.09,0.3468,30.89,0.0
3820,35.98,0.0,0.0,0.0,5.09,0.3154,30.89,0.0
3821,35.98,0.0,0.0,0.0,5.09,0.284,30.89,0.0
3822,35.98,0.0,4.74,0.0,0.36,0.2526,30.89,0.0
3823,37.93,0.0,18.72,0.0,19.21,0.2504,0.0,0.0
3824,39.81,0.02,30.98,0.0,0.0,0.132,8.81,0.0
3825,41.54,1.38,19.03,0.0,0.0,0.132,21.12,0.0
3826,43.06,4.67,47.51,9.12,0.0,0.132,0.0,0.0
3827,44.3,13.27,38.38,7.35,0.0,0.1827,0.0,0.0
3828,45.22,25.01,67.09,46.88,0.0,0.2236,0.0,0.0
3829,45.79,32.85,55.58,42.64,0.0,0.4844,0.0,0.0
3830,45.98,28.75,75.35,50.0,0.0,0.7218,0.0,8.12
3831,45.79,13.27,8.88,0.0,0.0,1.0,23.65,0.0
3832,45.22,4.67,14.86,0.0,0.0,1.0,25.7,0.0
3833,44.3,2.7,7.62,0.0,3.08,1.0,30.89,0.0
3834,43.06,0.93,6.75,0.0,4.49,0.981,30.89,0.0
3835,41.54,0.02,2.85,0.0,38.67,0.9533,0.0,0.0
3836,39.81,0.0,0.0,0.0,37.52,0.7149,2.3,0.0
3837,37.93,0.0,0.0,0.0,7.04,0.4835,30.89,0.0
3838,35.98,0.0,0.0,0.0,5.09,0.4401,30.89,0.0
3839,35.98,0.0,0.0,0.0,5.09,0.4087,30.89,0.0
3840,35.94,0.0,0.0,0.0,5.05,0.3773,30.89,0.0
3841,35.94,0.0,0.0,0.0,5.05,0.3461,30.89,0.0
3842,35.94,0.0,0.0,0.0,5.05,0.315,30.89,0.0
3843,35.94,0.0,0.0,0.0,5.05,0.2838,30.89,0.0
3844,35.94,0.0,0.0,0.0,35.94,0.2527,0.0,0.0
3845,35.94,0.02,0.0,0.0,5.03,0.031,30.89,0.0
3846,35.94,1.97,6.21,0.0,0.0,0.0,27.77,0.0
3847,37.9,4.67,23.33,0.0,0.0,0.0,9.9,0.0
3848,39.77,1.97,46.07,0.0,0.0,0.0,0.0,8.26
3849,41.5,1.97,66.37,0.0,0.0,0.0,0.0,26.84
3850,43.02,3.59,82.85,12.53,0.0,0.0,0.0,30.89
3851,44.26,5.93,94.21,24.99,0.0,0.0698,0.0,30.89
3852,45.18,9.11,99.37,32.41,0.0,0.2088,0.0,30.89
3853,45.75,11.06,98.68,33.1,0.0,0.3892,0.0,30.89
3854,45.94,15.75,92.25,43.66,0.0,0.5734,0.0,18.4
3855,45.75,21.6,79.08,24.04,0.0,0.8163,0.0,30.89
3856,45.18,25.01,60.04,8.97,0.0,0.9501,0.0,30.89
3857,44.26,13.27,37.32,0.0,0.0,1.0,0.0,6.32
3858,43.02,0.93,14.67,0.0,0.0,1.0,27.41,0.0
3859,41.5,0.0,3.94,0.0,37.56,1.0,0.0,0.0
3860,39.77,0.0,0.0,0.0,15.66,0.7684,24.11,0.0
3861,37.9,0.0,0.0,0.0,37.9,0.6719,0.0,0.0
3862,35.94,0.0,0.0,0.0,35.94,0.4382,0.0,0.0
3863,35.94,0.0,0.0,0.0,5.05,0.2166,30.89,0.0
3864,35.9,0.0,0.0,0.0,5.01,0.1854,30.89,0.0
3865,35.9,0.0,0.0,0.0,5.01,0.1545,30.89,0.0
3866,35.9,0.0,0.0,0.0,5.01,0.1236,30.89,0.0
3867,35.9,0.0,0.0,0.0,5.01,0.0927,30.89,0.0
3868,35.9,0.0,0.0,0.0,5.01,0.0618,30.89,0.0
3869,35.9,0.0,0.0,0.0,5.01,0.0309,30.89,0.0
3870,35.9,0.07,5.95,0.0,0.0,0.0,29.88,0.0
3871,37.86,0.58,20.8,0.0,0.0,0.0,16.47,0.0
3872,39.73,1.38,42.86,0.0,0.0,0.0,0.0,4.51
3873,41.46,5.93,61.9,0.0,0.0,0.0,0.0,26.38
3874,42.98,11.06,77.47,14.67,0.0,0.0,0.0,30.89
3875,44.22,7.41,88.58,48.36,0.0,0.0816,0.0,3.42
3876,45.14,5.93,93.15,50.0,0.0,0.3507,0.0,3.94
3877,45.71,4.67,86.06,45.01,0.0,0.629,0.0,0.0
3878,45.9,4.67,55.54,14.31,0.0,0.8794,0.0,0.0
3879,45.71,4.67,40.49,0.0,0.55,0.9591,0.0,0.0
3880,45.14,3.59,49.51,7.97,0.0,0.9557,0.0,0.0
3881,44.22,1.97,34.95,0.0,7.3,1.0,0.0,0.0
3882,42.98,0.07,17.99,0.0,0.0,0.955,24.91,0.0
3883,41.46,0.0,3.97,0.0,6.6,0.955,30.89,0.0
3884,39.73,0.58,0.0,0.0,8.26,0.9143,30.89,0.0
3885,37.86,4.67,0.0,0.0,2.3,0.8634,30.89,0.0
3886,35.9,9.11,0.0,0.0,26.79,0.8492,0.0,0.0
3887,35.9,9.11,0.0,0.0,26.79,0.684,0.0,0.0
3888,35.86,4.67,0.0,0.0,31.2,0.5189,0.0,0.0
3889,35.86,1.38,0.0,0.0,3.59,0.3265,30.89,0.0
3890,35.86,0.58,0.0,0.0,22.14,0.3043,13.14,0.0
3891,35.86,0.17,0.0,0.0,4.8,0.1678,30.89,0.0
3892,35.86,0.17,0.0,0.0,4.8,0.1382,30.89,0.0
3893,35.86,0.58,0.0,0.0,4.39,0.1086,30.89,0.0
3894,35.86,1.38,5.66,0.0,0.0,0.0816,28.82,0.0
3895,37.81,1.97,22.62,0.0,13.23,0.0816,0.0,0.0
3896,39.69,2.7,45.58,0.0,0.0,0.0,0.0,8.59
3897,41.42,1.38,65.46,0.0,0.0,0.0,0.0,25.43
3898,42.94,0.93,80.61,7.71,0.0,0.0,0.0,30.89
3899,44.18,1.97,89.22,16.12,0.0,0.0429,0.0,30.89
3900,45.1,4.67,95.97,24.64,0.0,0.1326,0.0,30.89
3901,45.67,7.41,95.84,50.0,0.0,0.2698,0.0,7.58
3902,45.86,7.41,90.16,50.0,0.0,0.548,0.0,1.7
3903,45.67,4.67,76.32,31.22,0.0,0.8263,0.0,4.09
3904,45.1,1.38,51.3,0.0,0.0,1.0,0.0,7.58
3905,44.18,0.17,39.35,0.0,0.0,1.0,4.66,0.0
3906,42.94,0.0,18.59,0.0,24.35,1.0,0.0,0.0
3907,41.42,0.0,4.17,0.0,37.25,0.8499,0.0,0.0
3908,39.69,0.0,0.0,0.0,22.74,0.6201,16.95,0.0
3909,37.81,0.0,0.0,0.0,6.92,0.4799,30.89,0.0
3910,35.86,0.0,0.0,0.0,35.86,0.4372,0.0,0.0
3911,35.86,0.0,0.0,0.0,4.97,0.2161,30.89,0.0
3912,35.82,0.0,0.0,0.0,4.93,0.1854,30.89,0.0
3913,35.82,0.0,0.0,0.0,4.93,0.155,30.89,0.0
3914,35.82,0.0,0.0,0.0,4.93,0.1246,30.89,0.0
3915,35.82,0.0,0.0,0.0,4.93,0.0942,30.89,0.0
3916,35.82,0.0,0.0,0.0,4.93,0.0638,30.89,0.0
3917,35.82,0.0,0.0,0.0,4.93,0.0333,30.89,0.0
3918,35.82,0.0,4.46,0.0,0.48,0.0029,30.89,0.0
3919,37.77,0.0,21.67,0.0,0.0,0.0,16.11,0.0
3920,39.65,0.07,39.54,0.0,0.0,0.0,0.03,0.0
3921,41.38,1.38,48.3,0.0,0.0,0.0,0.0,8.3
3922,42.89,7.41,61.14,0.0,0.0,0.0,0.0,25.66
3923,44.14,11.06,80.81,16.84,0.0,0.0,0.0,30.89
3924,45.06,11.06,98.2,33.3,0.0,0.0937,0.0,30.89
3925,45.63,11.06,94.44,45.97,0.0,0.2791,0.0,13.89
3926,45.82,11.06,82.08,47.31,0.0,0.5349,0.0,0.0
3927,45.63,13.27,57.53,25.16,0.0,0.7982,0.0,0.0
3928,45.06,13.27,42.89,11.1,0.0,0.9382,0.0,0.0
3929,44.14,9.11,30.45,0.0,0.0,1.0,4.57,0.0
3930,42.89,1.38,14.26,0.0,27.25,1.0,0.0,0.0
3931,41.38,0.02,2.64,0.0,25.17,0.832,13.55,0.0
3932,39.65,0.07,0.0,0.0,39.58,0.6768,0.0,0.0
3933,37.77,0.07,0.0,0.0,37.7,0.4327,0.0,0.0
3934,35.82,0.02,0.0,0.0,4.91,0.2002,30.89,0.0
3935,35.82,0.0,0.0,0.0,4.93,0.17,30.89,0.0
3936,35.78,0.0,0.0,0.0,4.89,0.1395,30.89,0.0
3937,35.78,0.02,0.0,0.0,4.87,0.1094,30.89,0.0
3938,35.78,0.34,0.0,0.0,4.55,0.0794,30.89,0.0
3939,35.78,1.38,0.0,0.0,3.51,0.0513,30.89,0.0
3940,35.78,1.38,0.0,0.0,3.51,0.0296,30.89,0.0
3941,35.78,3.59,0.0,0.0,1.3,0.008,30.89,0.0
3942,35.78,7.41,5.55,0.0,0.0,0.0,22.83,0.0
3943,37.73,9.11,22.75,0.0,0.0,0.0,5.87,0.0
3944,39.61,18.52,35.53,0.0,0.0,0.0,0.0,14.44
3945,41.34,21.6,51.39,0.76,0.0,0.0,0.0,30.89
3946,42.85,28.75,69.51,24.52,0.0,0.0043,0.0,30.89
3947,44.1,12.75,81.55,19.31,0.0,0.1407,0.0,30.89
3948,45.02,53.14,72.77,50.0,0.0,0.2482,0.0,30.89
3949,45.59,53.14,23.34,0.0,0.0,0.5264,0.0,30.89
3950,45.78,53.14,23.53,0.0,0.0,0.5264,0.0,30.89
3951,45.59,47.84,78.65,50.0,0.0,0.5264,0.0,30.89
3952,45.02,59.27,33.72,17.08,0.0,0.8046,0.0,30.89
3953,44.1,59.27,33.75,18.03,0.0,0.8997,0.0,30.89
3954,42.85,53.14,15.68,0.0,0.0,1.0,0.0,25.97
3955,41.34,42.19,4.02,0.0,0.0,1.0,0.0,4.87
3956,39.61,32.85,0.0,0.0,6.76,1.0,0.0,0.0
3957,37.73,18.52,0.0,0.0,0.0,0.9583,19.21,0.0
3958,35.78,9.11,0.0,0.0,26.67,0.9583,0.0,0.0
3959,35.78,4.67,0.0,0.0,31.12,0.7939,0.0,0.0
3960,35.74,1.97,0.0,0.0,2.88,0.602,30.89,0.0
3961,35.74,0.58,0.0,0.0,4.27,0.5843,30.89,0.0
3962,35.74,0.07,0.0,0.0,4.78,0.5579,30.89,0.0
3963,35.74,0.0,0.0,0.0,27.08,0.5285,8.66,0.0
3964,35.74,0.0,0.0,0.0,4.85,0.3615,30.89,0.0
3965,35.74,0.0,0.0,0.0,4.85,0.3316,30.89,0.0
3966,35.74,0.0,5.03,0.0,30.71,0.3017,0.0,0.0
3967,37.69,0.0,19.48,0.0,18.21,0.1123,0.0,0.0
3968,39.57,0.0,44.19,0.0,0.0,0.0,0.0,4.63
3969,41.3,0.93,63.36,0.0,0.0,0.0,0.0,22.99
3970,42.81,3.59,70.11,0.0,0.0,0.0,0.0,30.89
3971,44.06,11.06,95.49,31.6,0.0,0.0,0.0,30.89
3972,44.98,28.75,47.12,0.0,0.0,0.1759,0.0,30.89
3973,45.55,0.0,83.85,7.41,0.0,0.1759,0.0,30.89
3974,45.74,65.11,61.52,50.0,0.0,0.2171,0.0,30.89
3975,45.55,45.57,66.83,35.96,0.0,0.4953,0.0,30.89
3976,44.98,59.27,60.25,43.65,0.0,0.6955,0.0,30.89
3977,44.06,42.19,43.84,11.08,0.0,0.9384,0.0,30.89
3978,42.81,11.06,18.73,0.0,0.0,1.0,13.03,0.0
3979,41.3,0.58,3.54,0.0,6.28,1.0,30.89,0.0
3980,39.57,0.02,0.0,0.0,39.55,0.9613,0.0,0.0
3981,37.69,0.02,0.0,0.0,37.67,0.7174,0.0,0.0
3982,35.74,0.02,0.0,0.0,4.83,0.4851,30.89,0.0
3983,35.74,0.02,0.0,0.0,4.83,0.4554,30.89,0.0
3984,35.7,0.0,0.0,0.0,4.81,0.4256,30.89,0.0
3985,35.7,0.0,0.0,0.0,4.81,0.3959,30.89,0.0
3986,35.7,0.0,0.0,0.0,30.88,0.3663,4.82,0.0
3987,35.7,0.0,0.0,0.0,4.81,0.1759,30.89,0.0
3988,35.7,0.0,0.0,0.0,4.81,0.1462,30.89,0.0
3989,35.7,0.0,0.0,0.0,4.81,0.1166,30.89,0.0
3990,35.7,0.0,4.87,0.0,0.0,0.0869,30.83,0.0
3991,37.65,0.07,23.49,0.0,14.09,0.0869,0.0,0.0
3992,39.53,3.59,48.63,0.0,0.0,0.0,0.0,12.7
3993,41.26,11.06,70.36,9.27,0.0,0.0,0.0,30.89
3994,42.77,18.52,87.06,31.91,0.0,0.0516,0.0,30.89
3995,44.02,18.52,97.45,41.07,0.0,0.2292,0.0,30.89
3996,44.94,15.75,102.53,42.45,0.0,0.4577,0.0,30.89
3997,45.51,11.06,101.25,35.91,0.0,0.694,0.0,30.89
3998,45.7,9.11,72.98,5.5,0.0,0.8938,0.0,30.89
3999,45.51,7.41,82.57,13.58,0.0,0.9244,0.0,30.89
4000,44.94,4.67,65.31,0.0,0.0,1.0,0.0,25.03
4001,44.02,3.59,43.29,0.0,0.0,1.0,0.0,2.87
4002,42.77,0.93,18.72,0.0,0.0,1.0,23.13,0.0
4003,41.26,0.02,3.65,0.0,37.58,1.0,0.0,0.0
4004,39.53,0.02,0.0,0.0,32.96,0.7683,6.55,0.0
4005,37.65,0.07,0.0,0.0,6.69,0.565,30.89,0.0
4006,35.7,0.58,0.0,0.0,4.23,0.5238,30.89,0.0
4007,35.7,1.97,0.0,0.0,33.73,0.4978,0.0,0.0
4008,35.66,3.59,0.0,0.0,1.17,0.2898,30.89,0.0
4009,35.66,3.59,0.0,0.0,32.06,0.2825,0.0,0.0
4010,35.66,1.97,0.0,0.0,2.8,0.0848,30.89,0.0
4011,35.66,1.38,0.0,0.0,3.39,0.0676,30.89,0.0
4012,35.66,0.58,0.0,0.0,4.18,0.0467,30.89,0.0
4013,35.66,1.38,0.0,0.0,3.39,0.0209,30.89,0.0
4014,35.66,5.93,4.86,0.0,0.0,0.0,24.87,0.0
4015,37.61,9.11,20.61,0.0,0.0,0.0,7.89,0.0
4016,39.49,15.75,43.27,0.0,0.0,0.0,0.0,19.54
4017,41.21,9.11,62.8,0.0,0.0,0.0,0.0,30.7
4018,42.73,3.59,77.45,7.42,0.0,0.0,0.0,30.89
4019,43.97,1.38,90.56,17.08,0.0,0.0413,0.0,30.89
4020,44.9,0.58,96.83,50.0,0.0,0.1364,0.0,2.52
4021,45.47,0.93,89.64,45.1,0.0,0.4146,0.0,0.0
4022,45.66,0.93,72.41,27.68,0.0,0.6656,0.0,0.0
4023,45.47,0.34,66.84,19.12,0.0,0.8196,0.0,2.59
4024,44.9,0.34,57.85,13.29,0.0,0.926,0.0,0.0
4025,43.97,0.58,38.52,0.0,0.0,1.0,4.87,0.0
4026,42.73,0.07,18.46,0.0,24.19,1.0,0.0,0.0
4027,41.21,0.0,3.93,0.0,37.28,0.8508,0.0,0.0
4028,39.49,0.58,0.0,0.0,19.13,0.6209,19.77,0.0
4029,37.61,7.41,0.0,0.0,0.0,0.503,30.2,0.0
4030,35.66,18.52,0.0,0.0,17.14,0.503,0.0,0.0
4031,35.66,21.6,0.0,0.0,0.0,0.3973,14.06,0.0
4032,35.62,13.27,0.0,0.0,22.35,0.3973,0.0,0.0
4033,35.62,5.93,0.0,0.0,0.0,0.2595,29.68,0.0
4034,35.62,2.7,0.0,0.0,2.03,0.2595,30.89,0.0
4035,35.62,1.38,0.0,0.0,3.34,0.247,30.89,0.0
4036,35.62,0.93,0.0,0.0,34.69,0.2264,0.0,0.0
4037,35.62,2.7,0.0,0.0,2.03,0.0125,30.89,0.0
4038,35.62,5.93,4.23,0.0,0.0,0.0,25.45,0.0
4039,37.57,7.41,16.16,0.0,0.0,0.0,14.0,0.0
4040,39.44,1.38,39.34,1.28,0.0,0.0,0.0,0.0
4041,41.17,0.93,56.38,0.0,0.0,0.0071,0.0,16.13
4042,42.69,1.38,70.82,29.52,0.0,0.0071,0.0,0.0
4043,43.93,0.58,77.48,12.5,0.0,0.1714,0.0,21.64
4044,44.86,0.02,90.4,45.57,0.0,0.2409,0.0,0.0
4045,45.43,0.0,88.99,43.57,0.0,0.4945,0.0,0.0
4046,45.62,0.0,85.8,40.19,0.0,0.7369,0.0,0.0
4047,45.43,0.0,38.68,0.0,6.75,0.9606,0.0,0.0
4048,44.86,0.0,59.42,14.56,0.0,0.919,0.0,0.0
4049,43.93,0.0,4.86,0.0,39.08,1.0,0.0,0.0
4050,42.69,0.0,13.48,0.0,0.0,0.7591,29.21,0.0
4051,41.17,0.0,4.01,0.0,37.16,0.7591,0.0,0.0
4052,39.44,0.0,0.0,0.0,39.44,0.5299,0.0,0.0
4053,37.57,0.02,0.0,0.0,16.18,0.2867,21.37,0.0
4054,35.62,0.93,0.0,0.0,3.8,0.187,30.89,0.0
4055,35.62,4.67,0.0,0.0,0.06,0.1635,30.89,0.0
4056,35.58,9.11,0.0,0.0,26.46,0.1632,0.0,0.0
4057,35.58,9.11,0.0,0.0,0.0,0.0,26.46,0.0
4058,35.58,7.41,0.0,0.0,0.0,0.0,28.17,0.0
4059,35.58,11.06,0.0,0.0,0.0,0.0,24.52,0.0
4060,35.58,35.58,0.0,0.0,0.0,0.0,0.0,0.0
4061,35.58,81.67,0.0,46.09,0.0,0.0,0.0,0.0
4062,35.58,30.19,5.39,0.0,0.0,0.2565,0.0,0.0
4063,37.53,96.96,19.26,47.8,0.0,0.2565,0.0,30.89
4064,39.4,85.43,34.87,50.0,0.0,0.5225,0.0,30.89
4065,41.13,72.9,34.93,35.81,0.0,0.8007,0.0,30.89
4066,42.65,7.41,19.61,0.0,46.52,1.0,0.0,30.89
4067,43.89,0.07,12.45,0.0,50.0,0.7131,0.0,18.63
4068,44.81,0.34,75.05,30.57,0.0,0.4048,0.0,0.0
4069,45.38,9.11,13.91,0.0,22.36,0.575,0.0,0.0
4070,45.58,18.52,93.03,35.8,0.0,0.4371,0.0,30.18
4071,45.38,25.01,83.05,50.0,0.0,0.6363,0.0,12.67
4072,44.81,25.01,66.05,15.35,0.0,0.9146,0.0,30.89
4073,43.89,21.6,43.38,0.0,0.0,1.0,0.0,21.09
4074,42.65,3.59,19.54,0.0,19.52,1.0,0.0,0.0
4075,41.13,0.0,4.66,0.0,5.58,0.8797,30.89,0.0
4076,39.4,0.0,0.0,0.0,39.4,0.8452,0.0,0.0
4077,37.53,0.0,0.0,0.0,37.53,0.6023,0.0,0.0
4078,35.58,0.0,0.0,0.0,4.68,0.3709,30.89,0.0
4079,35.58,0.0,0.0,0.0,4.68,0.342,30.89,0.0
4080,35.53,0.0,0.0,0.0,27.59,0.3131,7.94,0.0
4081,35.53,0.0,0.0,0.0,4.64,0.143,30.89,0.0
4082,35.53,0.0,0.0,0.0,4.64,0.1143,30.89,0.0
4083,35.53,0.0,0.0,0.0,4.64,0.0857,30.89,0.0
4084,35.53,0.02,0.0,0.0,4.62,0.0571,30.89,0.0
4085,35.53,0.0,0.0,0.0,4.64,0.0286,30.89,0.0
4086,35.53,0.34,5.3,0.0,0.0,0.0,29.9,0.0
4087,37.48,3.59,23.14,0.0,0.0,0.0,10.75,0.0
4088,39.36,9.11,47.84,0.0,0.0,0.0,0.0,17.6
4089,41.09,13.27,68.87,10.16,0.0,0.0,0.0,30.89
4090,42.6,0.0,73.5,0.0,0.0,0.0565,0.0,30.89
4091,43.85,0.0,74.74,0.0,0.0,0.0565,0.0,30.89
4092,44.77,24.17,101.49,50.0,0.0,0.0565,0.0,30.89
4093,45.34,3.99,92.99,20.76,0.0,0.3348,0.0,30.89
4094,45.53,80.43,45.99,50.0,0.0,0.4503,0.0,30.89
4095,45.34,3.88,72.36,0.0,0.0,0.7285,0.0,30.89
4096,44.77,59.27,65.18,48.78,0.0,0.7285,0.0,30.89
4097,43.85,25.01,43.49,0.0,0.0,1.0,0.0,24.65
4098,42.6,2.7,18.49,0.0,0.0,1.0,21.41,0.0
4099,41.09,0.34,4.0,0.0,5.86,1.0,30.89,0.0
4100,39.36,0.58,0.0,0.0,38.78,0.9639,0.0,0.0
4101,37.48,1.38,0.0,0.0,36.1,0.7248,0.0,0.0
4102,35.53,1.38,0.0,0.0,3.26,0.5022,30.89,0.0
4103,35.53,0.58,0.0,0.0,4.06,0.4821,30.89,0.0
4104,35.49,0.58,0.0,0.0,28.1,0.4571,6.81,0.0
4105,35.49,0.34,0.0,0.0,4.26,0.2838,30.89,0.0
4106,35.49,0.17,0.0,0.0,4.43,0.2575,30.89,0.0
4107,35.49,0.07,0.0,0.0,4.53,0.2302,30.89,0.0
4108,35.49,0.07,0.0,0.0,4.53,0.2023,30.89,0.0
4109,35.49,0.17,0.0,0.0,4.43,0.1744,30.89,0.0
4110,35.49,0.93,4.69,0.0,0.0,0.147,29.87,0.0
4111,37.44,0.93,16.15,0.0,0.0,0.147,20.37,0.0
4112,39.32,0.07,15.4,0.0,23.85,0.147,0.0,0.0
4113,41.05,1.38,43.15,0.0,0.0,0.0,0.0,3.49
4114,42.56,7.41,46.72,0.0,0.0,0.0,0.0,11.57
4115,43.81,13.27,75.08,26.34,0.0,0.0,0.0,18.2
4116,44.73,13.27,98.2,50.0,0.0,0.1466,0.0,16.74
4117,45.3,15.75,69.5,39.95,0.0,0.4248,0.0,0.0
4118,45.49,18.52,43.23,16.26,0.0,0.6471,0.0,0.0
4119,45.3,28.75,24.93,8.38,0.0,0.7376,0.0,0.0
4120,44.73,32.85,31.58,19.71,0.0,0.7843,0.0,0.0
4121,43.81,28.75,34.12,19.06,0.0,0.8939,0.0,0.0
4122,42.56,9.11,19.37,0.0,0.0,1.0,14.08,0.0
4123,41.05,0.58,4.38,0.0,5.19,1.0,30.89,0.0
4124,39.32,0.0,0.0,0.0,39.32,0.968,0.0,0.0
4125,37.44,0.0,0.0,0.0,37.44,0.7256,0.0,0.0
4126,35.49,0.0,0.0,0.0,4.6,0.4947,30.89,0.0
4127,35.49,0.0,0.0,0.0,4.6,0.4664,30.89,0.0
4128,35.45,0.0,0.0,0.0,35.45,0.438,0.0,0.0
4129,35.45,0.0,0.0,0.0,4.56,0.2194,30.89,0.0
4130,35.45,0.0,0.0,0.0,4.56,0.1914,30.89,0.0
4131,35.45,0.0,0.0,0.0,4.56,0.1633,30.89,0.0
4132,35.45,0.0,0.0,0.0,4.56,0.1352,30.89,0.0
4133,35.45,0.0,0.0,0.0,4.56,0.1071,30.89,0.0
4134,35.45,0.0,4.15,0.0,12.8,0.079,18.49,0.0
4135,37.4,0.0,22.48,0.0,0.0,0.0,14.92,0.0
4136,39.28,2.7,47.82,0.0,0.0,0.0,0.0,11.24
4137,41.01,2.25,69.65,0.0,0.0,0.0,0.0,30.89
4138,42.52,0.0,86.94,13.53,0.0,0.0,0.0,30.89
4139,43.76,0.0,74.65,0.0,0.0,0.0753,0.0,30.89
4140,44.69,79.13,0.0,3.55,0.0,0.0753,0.0,30.89
4141,45.26,82.52,43.63,50.0,0.0,0.0951,0.0,30.89
4142,45.45,0.0,85.6,9.26,0.0,0.3733,0.0,30.89
4143,45.26,0.0,79.5,3.35,0.0,0.4249,0.0,30.89
4144,44.69,59.93,65.64,50.0,0.0,0.4435,0.0,30.89
4145,43.76,84.32,40.34,50.0,0.0,0.7218,0.0,30.89
4146,42.52,53.98,19.44,0.0,0.0,1.0,0.0,30.89
4147,41.01,59.27,4.55,0.0,0.0,1.0,0.0,22.81
4148,39.28,13.27,0.0,0.0,26.01,1.0,0.0,0.0
4149,37.4,4.67,0.0,0.0,32.73,0.8396,0.0,0.0
4150,35.45,1.38,0.0,0.0,3.18,0.6378,30.89,0.0
4151,35.45,0.34,0.0,0.0,35.11,0.6182,0.0,0.0
4152,35.41,0.17,0.0,0.0,4.34,0.4017,30.89,0.0
4153,35.41,0.17,0.0,0.0,4.34,0.3749,30.89,0.0
4154,35.41,0.58,0.0,0.0,34.82,0.3481,0.0,0.0
4155,35.41,1.97,0.0,0.0,2.55,0.1334,30.89,0.0
4156,35.41,2.7,0.0,0.0,1.82,0.1177,30.89,0.0
4157,35.41,11.06,0.0,0.0,17.27,0.1065,7.07,0.0
4158,35.41,35.41,0.0,0.0,0.0,0.0,0.0,0.0
4159,37.36,45.51,22.74,0.0,0.0,0.0,0.0,30.89
4160,39.23,28.56,41.56,0.0,0.0,0.0,0.0,30.89
4161,40.96,68.85,53.0,50.0,0.0,0.0,0.0,30.89
4162,42.48,0.0,76.37,3.0,0.0,0.2782,0.0,30.89
4163,43.72,1.19,73.42,0.0,0.0,0.2949,0.0,30.89
4164,44.65,77.29,45.96,47.71,0.0,0.2949,0.0,30.89
4165,45.21,2.87,73.23,0.0,0.0,0.5605,0.0,30.89
4166,45.41,0.0,94.81,18.51,0.0,0.5605,0.0,30.89
4167,45.21,0.0,86.58,10.47,0.0,0.6635,0.0,30.89
4168,44.65,7.21,68.33,0.0,0.0,0.7218,0.0,30.89
4169,43.72,81.41,43.2,50.0,0.0,0.7218,0.0,30.89
4170,42.48,53.69,19.68,0.0,0.0,1.0,0.0,30.89
4171,40.96,32.85,3.93,0.0,4.18,1.0,0.0,0.0
4172,39.23,1.97,0.0,0.0,37.26,0.9742,0.0,0.0
4173,37.36,0.34,0.0,0.0,26.62,0.7444,10.4,0.0
4174,35.41,0.07,0.0,0.0,35.33,0.5803,0.0,0.0
4175,35.41,0.07,0.0,0.0,4.44,0.3624,30.89,0.0
4176,35.36,0.17,0.0,0.0,4.3,0.335,30.89,0.0
4177,35.36,0.34,0.0,0.0,4.14,0.3085,30.89,0.0
4178,35.36,0.34,0.0,0.0,35.03,0.283,0.0,0.0
4179,35.36,0.58,0.0,0.0,3.89,0.067,30.89,0.0
4180,35.36,0.58,0.0,0.0,3.89,0.043,30.89,0.0
4181,35.36,1.38,0.0,0.0,3.09,0.0191,30.89,0.0
4182,35.36,13.27,3.8,0.0,0.0,0.0,18.29,0.0
4183,37.32,37.32,22.97,0.0,0.0,0.0,0.0,22.98
4184,39.19,69.96,50.12,50.0,0.0,0.0,0.0,30.89
4185,40.92,0.0,73.01,1.19,0.0,0.2782,0.0,30.89
4186,42.44,0.0,73.33,0.0,0.0,0.2849,0.0,30.89
4187,43.68,0.0,74.57,0.0,0.0,0.2849,0.0,30.89
4188,44.6,0.0,107.11,31.62,0.0,0.2849,0.0,30.89
4189,45.17,0.0,76.06,0.0,0.0,0.4608,0.0,30.89
4190,45.36,0.0,76.26,0.0,0.0,0.4608,0.0,30.89
4191,45.17,46.75,76.21,46.89,0.0,0.4608,0.0,30.89
4192,44.6,57.72,67.78,50.0,0.0,0.7218,0.0,30.89
4193,43.68,29.13,45.44,0.0,0.0,1.0,0.0,30.89
4194,42.44,42.19,19.11,0.0,0.0,1.0,0.0,18.87
4195,40.92,1.38,2.67,0.0,5.98,1.0,30.89,0.0
4196,39.19,0.0,0.0,0.0,39.19,0.9631,0.0,0.0
4197,37.32,0.0,0.0,0.0,37.32,0.7215,0.0,0.0
4198,35.36,0.0,0.0,0.0,35.36,0.4914,0.0,0.0
4199,35.36,0.0,0.0,0.0,4.47,0.2733,30.89,0.0
4200,35.32,0.0,0.0,0.0,4.43,0.2458,30.89,0.0
4201,35.32,0.0,0.0,0.0,4.43,0.2184,30.89,0.0
4202,35.32,0.0,0.0,0.0,4.43,0.1911,30.89,0.0
4203,35.32,0.0,0.0,0.0,4.43,0.1638,30.89,0.0
4204,35.32,0.0,0.0,0.0,4.43,0.1365,30.89,0.0
4205,35.32,0.0,0.0,0.0,4.43,0.1091,30.89,0.0
4206,35.32,0.0,3.56,0.0,13.27,0.0818,18.5,0.0
4207,37.27,0.0,22.44,0.0,0.0,0.0,14.83,0.0
4208,39.15,0.17,48.96,0.0,0.0,0.0,0.0,9.98
4209,40.88,3.59,68.17,0.0,0.0,0.0,0.0,30.89
4210,42.39,7.41,84.59,18.72,0.0,0.0,0.0,30.89
4211,43.64,11.06,99.07,35.61,0.0,0.1042,0.0,30.89
4212,44.56,13.27,104.38,42.2,0.0,0.3023,0.0,30.89
4213,45.13,0.0,103.74,27.72,0.0,0.5371,0.0,30.89
4214,45.32,0.0,97.28,21.07,0.0,0.6914,0.0,30.89
4215,45.13,25.01,85.4,34.38,0.0,0.8087,0.0,30.89
4216,44.56,7.21,68.25,0.0,0.0,1.0,0.0,30.89
4217,43.64,21.6,45.58,0.0,0.0,1.0,0.0,23.54
4218,42.39,3.59,19.57,0.0,0.0,1.0,19.23,0.0
4219,40.88,0.07,3.11,0.0,37.7,1.0,0.0,0.0
4220,39.15,0.02,0.0,0.0,22.57,0.7676,16.56,0.0
4221,37.27,0.07,0.0,0.0,6.31,0.6284,30.89,0.0
4222,35.32,0.17,0.0,0.0,4.26,0.5895,30.89,0.0
4223,35.32,0.34,0.0,0.0,34.98,0.5633,0.0,0.0
4224,35.28,0.34,0.0,0.0,34.94,0.3475,0.0,0.0
4225,35.28,0.17,0.0,0.0,4.22,0.1321,30.89,0.0
4226,35.28,0.17,0.0,0.0,4.22,0.1061,30.89,0.0
4227,35.28,0.07,0.0,0.0,4.32,0.0801,30.89,0.0
4228,35.28,0.07,0.0,0.0,4.32,0.0535,30.89,0.0
4229,35.28,0.17,0.0,0.0,4.22,0.0269,30.89,0.0
4230,35.28,0.58,3.66,0.0,0.15,0.0009,30.89,0.0
4231,37.23,0.58,22.55,0.0,0.0,0.0,14.1,0.0
4232,39.11,5.93,48.89,0.0,0.0,0.0,0.0,15.71
4233,40.83,0.84,70.89,0.0,0.0,0.0,0.0,30.89
4234,42.35,35.79,87.45,50.0,0.0,0.0,0.0,30.89
4235,43.59,25.61,98.88,50.0,0.0,0.2782,0.0,30.89
4236,44.52,0.0,75.41,0.0,0.0,0.5565,0.0,30.89
4237,45.09,0.0,75.98,0.0,0.0,0.5565,0.0,30.89
4238,45.28,0.0,76.17,0.0,0.0,0.5565,0.0,30.89
4239,45.09,0.0,85.86,9.89,0.0,0.5565,0.0,30.89
4240,44.52,56.78,68.63,50.0,0.0,0.6115,0.0,30.89
4241,43.59,48.22,46.07,19.81,0.0,0.8898,0.0,30.89
4242,42.35,28.75,19.52,0.0,0.0,1.0,0.0,5.92
4243,40.83,1.97,3.01,0.0,4.96,1.0,30.89,0.0
4244,39.11,0.58,0.0,0.0,38.52,0.9694,0.0,0.0
4245,37.23,0.93,0.0,0.0,5.41,0.7319,30.89,0.0
4246,35.28,0.93,0.0,0.0,3.46,0.6985,30.89,0.0
4247,35.28,0.93,0.0,0.0,34.35,0.6772,0.0,0.0
4248,35.24,0.58,0.0,0.0,34.65,0.4653,0.0,0.0
4249,35.24,0.34,0.0,0.0,4.01,0.2517,30.89,0.0
4250,35.24,0.07,0.0,0.0,4.27,0.2269,30.89,0.0
4251,35.24,0.07,0.0,0.0,4.27,0.2006,30.89,0.0
4252,35.24,0.17,0.0,0.0,4.17,0.1743,30.89,0.0
4253,35.24,1.97,0.0,0.0,2.38,0.1485,30.89,0.0
4254,35.24,9.11,3.78,0.0,21.71,0.1339,0.64,0.0
4255,37.19,11.06,21.63,0.0,0.0,0.0,4.5,0.0
4256,39.06,23.17,46.79,0.0,0.0,0.0,0.0,30.89
4257,40.79,53.51,68.17,50.0,0.0,0.0,0.0,30.89
4258,42.31,0.0,73.2,0.0,0.0,0.2782,0.0,30.89
4259,43.55,0.0,74.44,0.0,0.0,0.2782,0.0,30.89
4260,44.48,0.0,75.37,0.0,0.0,0.2782,0.0,30.89
4261,45.04,96.96,0.0,21.02,0.0,0.2782,0.0,30.89
4262,45.24,41.72,84.4,50.0,0.0,0.3952,0.0,30.89
4263,45.04,0.0,83.44,7.51,0.0,0.6735,0.0,30.89
4264,44.48,65.39,59.98,50.0,0.0,0.7152,0.0,30.89
4265,43.55,33.86,41.75,1.17,0.0,0.9935,0.0,30.89
4266,42.31,21.6,18.94,0.0,1.76,1.0,0.0,0.0
4267,40.79,2.7,3.15,0.0,4.05,0.9891,30.89,0.0
4268,39.06,2.7,0.0,0.0,36.36,0.9642,0.0,0.0
4269,37.19,7.41,0.0,0.0,29.78,0.74,0.0,0.0
4270,35.24,18.52,0.0,0.0,10.52,0.5563,6.2,0.0
4271,35.24,28.75,0.0,0.0,0.0,0.4915,6.49,0.0
4272,35.19,28.75,0.0,0.0,6.44,0.4915,0.0,0.0
4273,35.19,18.52,0.0,0.0,16.67,0.4518,0.0,0.0
4274,35.19,11.06,0.0,0.0,0.0,0.3489,24.13,0.0
4275,35.19,5.93,0.0,0.0,0.0,0.3489,29.26,0.0
4276,35.19,1.97,0.0,0.0,33.22,0.3489,0.0,0.0
4277,35.19,2.7,0.0,0.0,1.6,0.1441,30.89,0.0
4278,35.19,9.11,4.31,0.0,21.76,0.1342,0.0,0.0
4279,37.14,15.75,21.2,0.0,0.0,0.0,0.2,0.0
4280,39.02,24.28,45.63,0.0,0.0,0.0,0.0,30.89
4281,40.75,37.32,66.63,32.31,0.0,0.0,0.0,30.89
4282,42.26,0.0,73.16,0.0,0.0,0.1798,0.0,30.89
4283,43.51,0.0,94.05,19.66,0.0,0.1798,0.0,30.89
4284,44.43,0.0,75.32,0.0,0.0,0.2892,0.0,30.89
4285,45.0,0.0,75.89,0.0,0.0,0.2892,0.0,30.89
4286,45.19,0.0,76.08,0.0,0.0,0.2892,0.0,30.89
4287,45.0,44.37,81.52,50.0,0.0,0.2892,0.0,30.89
4288,44.43,60.85,64.47,50.0,0.0,0.5674,0.0,30.89
4289,43.51,59.12,43.02,27.73,0.0,0.8457,0.0,30.89
4290,42.26,28.75,19.29,0.0,0.0,1.0,0.0,5.78
4291,40.75,0.93,3.94,0.0,35.89,1.0,0.0,0.0
4292,39.02,0.02,0.0,0.0,39.0,0.7787,0.0,0.0
4293,37.14,0.02,0.0,0.0,25.35,0.5382,11.77,0.0
4294,35.19,0.07,0.0,0.0,4.23,0.3819,30.89,0.0
4295,35.19,0.34,0.0,0.0,3.96,0.3558,30.89,0.0
4296,35.15,0.93,0.0,0.0,3.33,0.3314,30.89,0.0
4297,35.15,0.93,0.0,0.0,34.22,0.3108,0.0,0.0
4298,35.15,0.58,0.0,0.0,3.68,0.0998,30.89,0.0
4299,35.15,0.07,0.0,0.0,4.19,0.0771,30.89,0.0
4300,35.15,0.02,0.0,0.0,4.24,0.0513,30.89,0.0
4301,35.15,0.17,0.0,0.0,4.09,0.0252,30.89,0.0
4302,35.15,1.97,5.28,0.0,0.0,0.0,27.9,0.0
4303,37.1,2.7,21.24,0.0,0.0,0.0,13.16,0.0
4304,38.98,11.06,42.87,0.0,0.0,0.0,0.0,14.95
4305,40.71,13.27,58.27,0.0,0.0,0.0,0.0,30.83
4306,42.22,15.75,71.42,14.05,0.0,0.0,0.0,30.89
4307,43.47,18.52,77.12,21.29,0.0,0.0782,0.0,30.89
4308,44.39,18.52,84.42,27.66,0.0,0.1967,0.0,30.89
4309,44.96,18.52,87.72,30.81,0.0,0.3506,0.0,30.46
4310,45.15,21.6,79.48,25.04,0.0,0.522,0.0,30.89
4311,44.96,21.6,74.12,19.87,0.0,0.6614,0.0,30.89
4312,44.39,25.01,60.36,40.98,0.0,0.772,0.0,0.0
4313,43.47,32.85,41.42,0.0,0.0,1.0,0.0,30.81
4314,42.22,18.52,19.49,0.0,4.21,1.0,0.0,0.0
4315,40.71,5.93,4.35,0.0,0.0,0.9741,30.43,0.0
4316,38.98,7.41,0.0,0.0,31.57,0.9741,0.0,0.0
4317,37.1,11.06,0.0,0.0,26.04,0.7794,0.0,0.0
4318,35.15,7.41,0.0,0.0,0.0,0.6188,27.74,0.0
4319,35.15,1.97,0.0,0.0,2.29,0.6188,30.89,0.0
4320,35.11,0.17,0.0,0.0,15.23,0.6047,19.71,0.0
4321,35.11,0.02,0.0,0.0,4.2,0.5108,30.89,0.0
4322,35.11,0.0,0.0,0.0,35.1,0.4849,0.0,0.0
4323,35.11,0.0,0.0,0.0,4.22,0.2685,30.89,0.0
4324,35.11,0.0,0.0,0.0,35.11,0.2425,0.0,0.0
4325,35.11,0.0,0.0,0.0,4.22,0.026,30.89,0.0
4326,35.11,0.17,5.02,0.0,0.0,0.0,29.92,0.0
4327,37.06,0.93,20.87,0.0,0.0,0.0,15.26,0.0
4328,38.93,18.52,38.4,0.0,0.0,0.0,0.0,17.99
4329,40.66,25.41,62.02,15.88,0.0,0.0,0.0,30.89
4330,42.18,0.0,73.07,0.0,0.0,0.0884,0.0,30.89
4331,43.42,0.0,74.31,0.0,0.0,0.0884,0.0,30.89
4332,44.35,32.85,92.39,50.0,0.0,0.0884,0.0,30.89
4333,44.92,28.75,96.12,49.06,0.0,0.3666,0.0,30.89
4334,45.11,28.75,89.86,42.61,0.0,0.6396,0.0,30.89
4335,44.92,0.0,78.4,2.6,0.0,0.8767,0.0,30.89
4336,44.35,32.85,61.94,19.55,0.0,0.8912,0.0,30.89
4337,43.42,32.85,40.93,0.0,0.0,1.0,0.0,30.36
4338,42.18,15.75,18.09,0.0,8.34,1.0,0.0,0.0
4339,40.66,3.59,4.55,0.0,23.43,0.9486,9.09,0.0
4340,38.93,3.59,0.0,0.0,4.45,0.8041,30.89,0.0
4341,37.06,3.59,0.0,0.0,2.57,0.7766,30.89,0.0
4342,35.11,1.38,0.0,0.0,2.83,0.7608,30.89,0.0
4343,35.11,0.34,0.0,0.0,34.77,0.7433,0.0,0.0
4344,35.06,0.02,0.0,0.0,4.15,0.5289,30.89,0.0
4345,35.06,0.0,0.0,0.0,4.17,0.5033,30.89,0.0
4346,35.06,0.0,0.0,0.0,4.17,0.4776,30.89,0.0
4347,35.06,0.0,0.0,0.0,35.06,0.4519,0.0,0.0
4348,35.06,0.0,0.0,0.0,4.17,0.2357,30.89,0.0
4349,35.06,0.07,0.0,0.0,4.1,0.2099,30.89,0.0
4350,35.06,0.93,4.19,0.0,29.94,0.1846,0.0,0.0
4351,37.02,1.97,20.92,0.0,0.0,0.0,14.13,0.0
4352,38.89,96.96,21.77,50.0,0.0,0.0,0.0,29.83
4353,40.62,85.31,36.2,50.0,0.0,0.2782,0.0,30.89
4354,42.14,47.45,38.79,44.11,0.0,0.5565,0.0,0.0
4355,43.38,28.75,33.43,15.49,0.0,0.8019,0.0,3.31
4356,44.3,18.52,40.39,14.6,0.0,0.8881,0.0,0.0
4357,44.87,13.27,37.1,5.5,0.0,0.9694,0.0,0.0
4358,45.06,9.11,22.68,0.0,13.27,1.0,0.0,0.0
4359,44.87,4.67,15.04,0.0,25.17,0.9182,0.0,0.0
4360,44.3,1.97,60.05,17.72,0.0,0.763,0.0,0.0
4361,43.38,0.34,41.58,0.0,0.0,0.8616,1.46,0.0
4362,42.14,0.0,19.35,0.0,0.0,0.8616,22.78,0.0
4363,40.62,0.0,4.27,0.0,5.46,0.8616,30.89,0.0
4364,38.89,0.0,0.0,0.0,33.23,0.8279,5.66,0.0
4365,37.02,0.0,0.0,0.0,37.02,0.623,0.0,0.0
4366,35.06,0.0,0.0,0.0,4.17,0.3948,30.89,0.0
4367,35.06,0.0,0.0,0.0,35.06,0.369,0.0,0.0
4368,35.02,0.0,0.0,0.0,4.13,0.1528,30.89,0.0
4369,35.02,0.0,0.0,0.0,4.13,0.1274,30.89,0.0
4370,35.02,0.0,0.0,0.0,4.13,0.1019,30.89,0.0
4371,35.02,0.0,0.0,0.0,4.13,0.0764,30.89,0.0
4372,35.02,0.0,0.0,0.0,4.13,0.0509,30.89,0.0
4373,35.02,0.0,0.0,0.0,4.13,0.0255,30.89,0.0
4374,35.02,0.0,4.28,0.0,0.0,0.0,30.75,0.0
4375,36.97,0.0,19.53,0.0,0.0,0.0,17.44,0.0
4376,38.85,0.0,38.71,0.0,0.0,0.0,0.14,0.0
4377,40.58,0.0,62.83,0.0,0.0,0.0,0.0,22.25
4378,42.09,0.0,72.23,3.47,0.0,0.0,0.0,26.66
4379,43.34,0.0,74.38,0.15,0.0,0.0193,0.0,30.89
4380,44.26,0.0,88.14,43.88,0.0,0.0201,0.0,0.0
4381,44.83,0.0,90.65,45.82,0.0,0.2643,0.0,0.0
4382,45.02,0.0,85.58,40.56,0.0,0.5193,0.0,0.0
4383,44.83,0.0,75.21,30.38,0.0,0.7451,0.0,0.0
4384,44.26,0.07,59.62,15.43,0.0,0.9141,0.0,0.0
4385,43.34,0.58,40.16,0.0,0.0,1.0,2.59,0.0
4386,42.09,0.34,19.03,0.0,18.75,1.0,3.98,0.0
4387,40.58,0.02,4.56,0.0,35.99,0.8844,0.0,0.0
4388,38.85,0.07,0.0,0.0,7.88,0.6625,30.89,0.0
4389,36.97,0.34,0.0,0.0,5.74,0.6139,30.89,0.0
4390,35.02,0.17,0.0,0.0,3.96,0.5784,30.89,0.0
4391,35.02,0.07,0.0,0.0,4.06,0.554,30.89,0.0
4392,34.98,0.02,0.0,0.0,4.07,0.529,30.89,0.0
4393,34.98,0.0,0.0,0.0,4.08,0.5039,30.89,0.0
4394,34.98,0.0,0.0,0.0,4.09,0.4788,30.89,0.0
4395,34.98,0.0,0.0,0.0,4.09,0.4536,30.89,0.0
4396,34.98,0.0,0.0,0.0,4.09,0.4283,30.89,0.0
4397,34.98,0.0,0.0,0.0,4.09,0.4031,30.89,0.0
4398,34.98,0.07,3.44,0.0,0.57,0.3779,30.89,0.0
4399,36.93,0.58,8.74,0.0,0.0,0.3744,27.6,0.0
4400,38.81,1.97,18.57,0.0,0.0,0.3744,18.26,0.0
4401,40.53,4.67,27.29,0.0,0.0,0.3744,8.58,0.0
4402,42.05,3.59,40.01,1.56,0.0,0.3744,0.0,0.0
4403,43.29,0.34,36.43,0.0,0.0,0.3831,6.53,0.0
4404,44.22,0.0,36.73,0.0,0.0,0.3831,7.48,0.0
4405,44.79,0.0,26.91,0.0,0.0,0.3831,17.87,0.0
4406,44.98,0.0,29.55,0.0,0.0,0.3831,15.42,0.0
4407,44.79,0.0,27.62,0.0,0.0,0.3831,17.17,0.0
4408,44.22,0.0,27.4,0.0,0.0,0.3831,16.81,0.0
4409,43.29,0.02,7.48,0.0,4.9,0.3831,30.89,0.0
4410,42.05,0.0,6.71,0.0,4.45,0.3529,30.89,0.0
4411,40.53,0.0,0.25,0.0,9.4,0.3254,30.89,0.0
4412,38.81,0.17,0.0,0.0,7.74,0.2675,30.89,0.0
4413,36.93,1.38,0.0,0.0,4.66,0.2198,30.89,0.0
4414,34.98,1.38,0.0,0.0,2.7,0.1911,30.89,0.0
4415,34.98,0.07,0.0,0.0,4.01,0.1744,30.89,0.0
4416,34.94,0.0,0.0,0.0,4.04,0.1496,30.89,0.0
4417,34.94,0.0,0.0,0.0,4.04,0.1247,30.89,0.0
4418,34.94,0.0,0.0,0.0,4.04,0.0997,30.89,0.0
4419,34.94,0.0,0.0,0.0,4.04,0.0748,30.89,0.0
4420,34.94,0.0,0.0,0.0,4.04,0.0499,30.89,0.0
4421,34.94,0.0,0.0,0.0,4.04,0.0249,30.89,0.0
4422,34.94,0.34,4.87,0.0,0.0,0.0,29.73,0.0
4423,36.89,0.58,19.18,0.0,0.0,0.0,17.12,0.0
4424,38.76,0.02,39.29,0.0,0.0,0.0,0.0,0.55
4425,40.49,0.02,62.19,0.0,0.0,0.0,0.0,21.72
4426,42.01,0.17,79.23,6.51,0.0,0.0,0.0,30.89
4427,43.25,0.58,91.81,18.26,0.0,0.0362,0.0,30.89
4428,44.17,0.58,97.2,50.0,0.0,0.1378,0.0,3.61
4429,44.74,0.58,89.29,45.13,0.0,0.4161,0.0,0.0
4430,44.94,0.34,90.16,24.34,0.0,0.6672,0.0,21.22
4431,44.74,0.17,80.03,35.46,0.0,0.8027,0.0,0.0
4432,44.17,0.07,63.94,0.0,0.0,1.0,0.0,19.83
4433,43.25,0.0,42.96,0.0,0.0,1.0,0.29,0.0
4434,42.01,0.0,19.62,0.0,22.39,1.0,0.0,0.0
4435,40.49,0.0,4.23,0.0,36.26,0.862,0.0,0.0
4436,38.76,0.0,0.0,0.0,7.87,0.6384,30.89,0.0
4437,36.89,0.02,0.0,0.0,27.1,0.5898,9.76,0.0
4438,34.94,0.17,0.0,0.0,34.76,0.4227,0.0,0.0
4439,34.94,0.58,0.0,0.0,3.46,0.2084,30.89,0.0
4440,34.89,1.97,0.0,0.0,2.03,0.187,30.89,0.0
4441,34.89,3.59,0.0,0.0,0.41,0.1745,30.89,0.0
4442,34.89,3.59,0.0,0.0,0.41,0.172,30.89,0.0
4443,34.89,3.59,0.0,0.0,0.41,0.1695,30.89,0.0
4444,34.89,2.7,0.0,0.0,1.3,0.167,30.89,0.0
4445,34.89,9.11,0.0,0.0,25.78,0.159,0.0,0.0
4446,34.89,28.75,4.58,0.0,0.0,0.0,1.56,0.0
4447,36.84,42.19,20.57,0.0,0.0,0.0,0.0,25.91
4448,38.72,53.14,44.21,27.74,0.0,0.0,0.0,30.89
4449,40.45,42.19,65.62,36.47,0.0,0.1544,0.0,30.89
4450,41.96,0.0,82.33,9.48,0.0,0.3573,0.0,30.89
4451,43.21,18.52,94.06,38.49,0.0,0.41,0.0,30.89
4452,44.13,21.6,99.8,46.38,0.0,0.6242,0.0,30.89
4453,44.7,25.01,50.59,0.0,0.0,0.8823,0.0,30.89
4454,44.89,21.6,54.18,0.0,0.0,0.8823,0.0,30.89
4455,44.7,14.26,82.22,20.89,0.0,0.8823,0.0,30.89
4456,44.13,11.06,64.22,0.26,0.0,0.9986,0.0,30.89
4457,43.21,7.41,43.94,0.0,0.0,1.0,0.0,8.14
4458,41.96,0.93,19.34,0.0,21.7,1.0,0.0,0.0
4459,40.45,0.0,3.95,0.0,36.5,0.8662,0.0,0.0
4460,38.72,0.02,0.0,0.0,38.7,0.6412,0.0,0.0
4461,36.84,0.07,0.0,0.0,33.61,0.4026,3.16,0.0
4462,34.89,0.07,0.0,0.0,3.93,0.1953,30.89,0.0
4463,34.89,0.0,0.0,0.0,4.0,0.1711,30.89,0.0
4464,34.85,0.0,0.0,0.0,3.96,0.1465,30.89,0.0
4465,34.85,0.0,0.0,0.0,3.96,0.122,30.89,0.0
4466,34.85,0.0,0.0,0.0,3.96,0.0976,30.89,0.0
4467,34.85,0.0,0.0,0.0,3.96,0.0732,30.89,0.0
4468,34.85,0.0,0.0,0.0,3.96,0.0488,30.89,0.0
4469,34.85,0.0,0.0,0.0,3.96,0.0244,30.89,0.0
4470,34.85,0.0,4.13,0.0,0.0,0.0,30.72,0.0
4471,36.8,0.0,19.9,0.0,0.0,0.0,16.9,0.0
4472,38.68,0.17,40.34,0.0,0.0,0.0,0.0,1.84
4473,40.41,0.17,63.29,0.0,0.0,0.0,0.0,23.06
4474,41.92,0.17,76.12,3.48,0.0,0.0,0.0,30.89
4475,43.16,0.64,84.4,10.98,0.0,0.0194,0.0,30.89
4476,44.09,3.59,89.03,17.65,0.0,0.0805,0.0,30.89
4477,44.66,11.06,90.04,25.56,0.0,0.1787,0.0,30.89
4478,44.85,25.01,84.9,34.17,0.0,0.3209,0.0,30.89
4479,44.66,37.32,79.05,40.82,0.0,0.511,0.0,30.89
4480,44.09,47.45,64.25,36.73,0.0,0.7382,0.0,30.89
4481,43.16,42.19,42.18,10.31,0.0,0.9426,0.0,30.89
4482,41.92,9.11,18.88,0.0,0.0,1.0,13.92,0.0
4483,40.41,0.17,3.51,0.0,36.72,1.0,0.0,0.0
4484,38.68,0.17,0.0,0.0,38.5,0.7736,0.0,0.0
4485,36.8,0.58,0.0,0.0,36.22,0.5361,0.0,0.0
4486,34.85,1.38,0.0,0.0,2.58,0.3128,30.89,0.0
4487,34.85,1.38,0.0,0.0,2.58,0.2969,30.89,0.0
4488,34.81,0.58,0.0,0.0,3.33,0.2811,30.89,0.0
4489,34.81,0.02,0.0,0.0,3.89,0.2605,30.89,0.0
4490,34.81,0.0,0.0,0.0,3.92,0.2365,30.89,0.0
4491,34.81,0.0,0.0,0.0,3.92,0.2124,30.89,0.0
4492,34.81,0.0,0.0,0.0,3.92,0.1882,30.89,0.0
4493,34.81,0.0,0.0,0.0,10.34,0.1641,24.46,0.0
4494,34.81,0.17,3.85,0.0,0.0,0.1003,30.79,0.0
4495,36.76,0.93,19.57,0.0,16.27,0.1003,0.0,0.0
4496,38.63,4.67,34.85,0.0,0.0,0.0,0.0,0.89
4497,40.36,13.27,42.67,0.0,0.0,0.0,0.0,15.58
4498,41.88,25.01,69.78,22.01,0.0,0.0,0.0,30.89
4499,43.12,0.0,89.05,15.04,0.0,0.1225,0.0,30.89
4500,44.05,32.85,78.01,35.93,0.0,0.2062,0.0,30.89
4501,44.61,32.85,54.2,11.55,0.0,0.4061,0.0,30.89
4502,44.81,30.82,61.33,16.45,0.0,0.4704,0.0,30.89
4503,44.61,42.19,70.76,37.45,0.0,0.5619,0.0,30.89
4504,44.05,47.45,59.07,31.59,0.0,0.7703,0.0,30.89
4505,43.12,42.19,41.5,9.68,0.0,0.9461,0.0,30.89
4506,41.88,11.06,18.95,0.0,11.87,1.0,0.0,0.0
4507,40.36,0.58,3.63,0.0,36.15,0.9268,0.0,0.0
4508,38.63,0.17,0.0,0.0,7.57,0.7039,30.89,0.0
4509,36.76,0.17,0.0,0.0,5.69,0.6572,30.89,0.0
4510,34.81,0.17,0.0,0.0,3.74,0.6221,30.89,0.0
4511,34.81,0.17,0.0,0.0,34.63,0.5991,0.0,0.0
4512,34.76,0.34,0.0,0.0,3.53,0.3855,30.89,0.0
4513,34.76,0.58,0.0,0.0,3.29,0.3637,30.89,0.0
4514,34.76,1.97,0.0,0.0,1.9,0.3434,30.89,0.0
4515,34.76,4.67,0.0,0.0,0.0,0.3317,30.1,0.0
4516,34.76,3.59,0.0,0.0,18.99,0.3317,12.18,0.0
4517,34.76,3.59,0.0,0.0,0.28,0.2146,30.89,0.0
4518,34.76,11.06,3.6,0.0,0.0,0.2129,20.1,0.0
4519,36.71,15.75,16.51,0.0,0.0,0.2129,4.45,0.0
4520,38.59,21.6,16.2,0.0,0.0,0.2129,0.79,0.0
4521,40.32,21.6,13.11,0.0,5.61,0.2129,0.0,0.0
4522,41.83,13.27,18.21,0.0,0.0,0.1783,10.36,0.0
4523,43.08,4.67,16.96,0.0,0.0,0.1783,21.45,0.0
4524,44.0,1.97,39.58,0.0,0.0,0.1783,2.46,0.0
4525,44.57,0.58,8.63,0.0,4.46,0.1783,30.89,0.0
4526,44.76,0.34,17.15,0.0,0.0,0.1508,27.28,0.0
4527,44.57,1.38,48.97,5.78,0.0,0.1508,0.0,0.0
4528,44.0,3.59,62.18,21.77,0.0,0.183,0.0,0.0
4529,43.08,3.59,40.86,1.37,0.0,0.3041,0.0,0.0
4530,41.83,0.07,14.15,0.0,0.0,0.3117,27.61,0.0
4531,40.32,0.0,3.12,0.0,6.31,0.3117,30.89,0.0
4532,38.59,0.0,0.0,0.0,7.7,0.2728,30.89,0.0
4533,36.71,0.0,0.0,0.0,5.82,0.2254,30.89,0.0
4534,34.76,0.0,0.0,0.0,3.87,0.1895,30.89,0.0
4535,34.76,0.0,0.0,0.0,3.87,0.1656,30.89,0.0
4536,34.72,0.0,0.0,0.0,3.83,0.1417,30.89,0.0
4537,34.72,0.0,0.0,0.0,3.83,0.1181,30.89,0.0
4538,34.72,0.0,0.0,0.0,3.83,0.0945,30.89,0.0
4539,34.72,0.0,0.0,0.0,3.83,0.0708,30.89,0.0
4540,34.72,0.0,0.0,0.0,3.83,0.0472,30.89,0.0
4541,34.72,0.0,0.0,0.0,3.83,0.0236,30.89,0.0
4542,34.72,0.0,4.6,0.0,0.0,0.0,30.12,0.0
4543,36.67,0.07,18.05,0.0,0.0,0.0,18.55,0.0
4544,38.55,0.07,41.89,0.0,0.0,0.0,0.0,3.41
4545,40.28,1.97,59.54,0.0,0.0,0.0,0.0,21.23
4546,41.79,0.0,72.68,0.0,0.0,0.0,0.0,30.89
4547,43.04,0.0,73.93,0.0,0.0,0.0,0.0,30.89
4548,43.96,74.85,0.0,0.0,0.0,0.0,0.0,30.89
4549,44.53,96.96,19.27,40.81,0.0,0.0,0.0,30.89
4550,44.72,70.09,55.52,50.0,0.0,0.2271,0.0,30.89
4551,44.53,35.18,72.17,31.94,0.0,0.5054,0.0,30.89
4552,43.96,18.97,55.88,0.0,0.0,0.6831,0.0,30.89
4553,43.04,72.9,15.65,14.62,0.0,0.6831,0.0,30.89
4554,41.79,62.14,10.55,0.0,0.0,0.7644,0.0,30.89
4555,40.28,66.96,4.21,0.0,0.0,0.7644,0.0,30.89
4556,38.55,80.43,0.0,10.99,0.0,0.7644,0.0,30.89
4557,36.67,67.56,0.0,0.0,0.0,0.8256,0.0,30.89
4558,34.72,96.96,0.0,31.34,0.0,0.8256,0.0,30.89
4559,34.72,34.72,0.0,0.0,0.0,1.0,0.0,0.0
4560,34.68,34.68,0.0,0.0,0.0,1.0,0.0,0.0
4561,34.68,32.85,0.0,0.0,1.83,1.0,0.0,0.0
4562,34.68,9.11,0.0,0.0,25.56,0.9887,0.0,0.0
4563,34.68,1.97,0.0,0.0,32.71,0.8311,0.0,0.0
4564,34.68,0.34,0.0,0.0,34.34,0.6294,0.0,0.0
4565,34.68,1.38,0.0,0.0,33.3,0.4177,0.0,0.0
4566,34.68,15.75,4.56,0.0,14.37,0.2124,0.0,0.0
4567,36.63,32.85,19.58,0.0,15.09,0.1238,0.0,30.89
4568,38.5,59.27,42.62,32.49,0.0,0.0307,0.0,30.89
4569,40.23,37.32,63.8,30.0,0.0,0.2116,0.0,30.89
4570,41.75,0.0,72.64,0.0,0.0,0.3785,0.0,30.89
4571,42.99,7.41,66.47,0.0,0.0,0.3785,0.0,30.89
4572,43.92,0.0,95.26,20.46,0.0,0.3785,0.0,30.89
4573,44.49,11.06,89.52,25.21,0.0,0.4924,0.0,30.89
4574,44.68,18.52,86.36,29.31,0.0,0.6326,0.0,30.89
4575,44.49,25.01,74.85,24.48,0.0,0.7958,0.0,30.89
4576,43.92,28.75,58.28,12.22,0.0,0.932,0.0,30.89
4577,42.99,28.75,41.47,0.0,0.0,1.0,0.0,27.23
4578,41.75,13.27,19.45,0.0,9.03,1.0,0.0,0.0
4579,40.23,3.59,4.09,0.0,32.55,0.9443,0.0,0.0
4580,38.5,7.41,0.0,0.0,31.09,0.7436,0.0,0.0
4581,36.63,25.01,0.0,0.0,11.62,0.5519,0.0,0.0
4582,34.68,47.45,0.0,12.78,0.0,0.4802,0.0,0.0
4583,34.68,42.19,0.0,7.51,0.0,0.5513,0.0,0.0
4584,34.64,18.52,0.0,0.0,16.11,0.5931,0.0,0.0
4585,34.64,7.41,0.0,0.0,27.23,0.4937,0.0,0.0
4586,34.64,3.59,0.0,0.0,5.88,0.3259,25.16,0.0
4587,34.64,1.97,0.0,0.0,1.78,0.2896,30.89,0.0
4588,34.64,0.93,0.0,0.0,2.82,0.2787,30.89,0.0
4589,34.64,4.67,0.0,0.0,29.97,0.2613,0.0,0.0
4590,34.64,18.52,3.71,0.0,12.4,0.0765,0.0,0.0
4591,36.59,32.85,17.21,0.0,0.0,0.0,0.0,13.48
4592,38.46,42.19,41.17,14.0,0.0,0.0,0.0,30.89
4593,40.19,42.19,59.77,30.87,0.0,0.0779,0.0,30.89
4594,41.71,47.45,65.18,40.03,0.0,0.2498,0.0,30.89
4595,42.95,53.14,67.95,47.25,0.0,0.4725,0.0,30.89
4596,43.87,42.19,67.55,47.53,0.0,0.7355,0.0,18.32
4597,44.44,11.06,29.44,0.0,3.94,1.0,0.0,0.0
4598,44.64,0.58,14.52,0.0,29.53,0.9757,0.0,0.0
4599,44.44,0.07,23.35,0.0,0.0,0.7936,21.02,0.0
4600,43.87,1.38,20.76,0.0,0.0,0.7936,21.73,0.0
4601,42.95,4.67,5.55,0.0,1.84,0.7936,30.89,0.0
4602,41.71,3.59,2.77,0.0,35.34,0.7822,0.0,0.0
4603,40.19,1.97,1.09,0.0,32.25,0.5643,4.88,0.0
4604,38.46,3.59,0.0,0.0,34.87,0.3654,0.0,0.0
4605,36.59,5.93,0.0,0.0,0.0,0.1504,30.65,0.0
4606,34.64,4.67,0.0,0.0,0.0,0.1504,29.97,0.0
4607,34.64,1.38,0.0,0.0,2.36,0.1504,30.89,0.0
4608,34.59,0.17,0.0,0.0,3.53,0.1359,30.89,0.0
4609,34.59,0.0,0.0,0.0,3.7,0.1141,30.89,0.0
4610,34.59,0.0,0.0,0.0,3.7,0.0913,30.89,0.0
4611,34.59,0.0,0.0,0.0,3.7,0.0685,30.89,0.0
4612,34.59,0.0,0.0,0.0,3.7,0.0457,30.89,0.0
4613,34.59,0.0,0.0,0.0,3.7,0.0228,30.89,0.0
4614,34.59,0.0,3.98,0.0,0.0,0.0,30.61,0.0
4615,36.54,0.0,16.37,0.0,0.0,0.0,20.17,0.0
4616,38.42,1.97,29.66,0.0,0.0,0.0,6.79,0.0
4617,40.15,9.11,51.05,0.0,0.0,0.0,0.0,20.01
4618,41.66,13.27,80.77,21.48,0.0,0.0,0.0,30.89
4619,42.91,13.27,75.04,14.51,0.0,0.1196,0.0,30.89
4620,43.83,9.11,80.63,21.82,0.0,0.2003,0.0,24.1
4621,44.4,7.41,96.14,28.26,0.0,0.3217,0.0,30.89
4622,44.59,5.93,85.08,46.42,0.0,0.479,0.0,0.0
4623,44.4,7.41,82.09,14.21,0.0,0.7373,0.0,30.89
4624,43.83,11.06,65.76,32.99,0.0,0.8164,0.0,0.0
4625,42.91,9.11,44.35,0.0,0.0,1.0,0.0,10.55
4626,41.66,2.7,19.63,0.0,19.34,1.0,0.0,0.0
4627,40.15,0.02,3.5,0.0,36.63,0.8808,0.0,0.0
4628,38.42,0.0,0.0,0.0,22.94,0.6549,15.48,0.0
4629,36.54,0.0,0.0,0.0,5.65,0.5135,30.89,0.0
4630,34.59,0.0,0.0,0.0,3.7,0.4786,30.89,0.0
4631,34.59,0.0,0.0,0.0,3.7,0.4558,30.89,0.0
4632,34.55,0.0,0.0,0.0,3.66,0.433,30.89,0.0
4633,34.55,0.0,0.0,0.0,34.55,0.4104,0.0,0.0
4634,34.55,0.0,0.0,0.0,3.66,0.1973,30.89,0.0
4635,34.55,0.0,0.0,0.0,3.66,0.1748,30.89,0.0
4636,34.55,0.0,0.0,0.0,3.66,0.1522,30.89,0.0
4637,34.55,0.0,0.0,0.0,3.66,0.1296,30.89,0.0
4638,34.55,0.07,3.29,0.0,0.29,0.1071,30.89,0.0
4639,36.5,0.07,19.35,0.0,17.07,0.1053,0.0,0.0
4640,38.38,3.59,44.26,0.0,0.0,0.0,0.0,9.47
4641,40.11,13.27,66.54,8.81,0.0,0.0,0.0,30.89
4642,41.62,25.01,84.01,36.5,0.0,0.0491,0.0,30.89
4643,42.87,0.0,95.85,22.09,0.0,0.2522,0.0,30.89
4644,43.79,0.0,74.68,0.0,0.0,0.3751,0.0,30.89
4645,44.36,17.71,84.72,27.18,0.0,0.3751,0.0,30.89
4646,44.55,47.71,77.73,50.0,0.0,0.5264,0.0,30.89
4647,44.36,12.61,62.64,0.0,0.0,0.8046,0.0,30.89
4648,43.79,80.43,29.36,35.11,0.0,0.8046,0.0,30.89
4649,42.87,47.45,17.04,0.0,0.0,1.0,0.0,21.62
4650,41.62,9.11,1.0,0.0,31.51,1.0,0.0,0.0
4651,40.11,0.17,0.23,0.0,30.67,0.8057,9.03,0.0
4652,38.38,0.0,0.0,0.0,38.37,0.6166,0.0,0.0
4653,36.5,0.0,0.0,0.0,5.61,0.38,30.89,0.0
4654,34.55,0.07,0.0,0.0,3.59,0.3454,30.89,0.0
4655,34.55,0.93,0.0,0.0,2.73,0.3233,30.89,0.0
4656,34.51,1.38,0.0,0.0,2.23,0.3064,30.89,0.0
4657,34.51,0.58,0.0,0.0,3.03,0.2926,30.89,0.0
4658,34.51,0.17,0.0,0.0,3.44,0.2739,30.89,0.0
4659,34.51,0.02,0.0,0.0,3.6,0.2527,30.89,0.0
4660,34.51,0.0,0.0,0.0,3.62,0.2305,30.89,0.0
4661,34.51,0.0,0.0,0.0,3.61,0.2082,30.89,0.0
4662,34.51,0.93,3.43,0.0,30.15,0.1859,0.0,0.0
4663,36.46,2.7,17.1,0.0,0.0,0.0,16.66,0.0
4664,38.34,2.7,36.42,0.0,0.0,0.0,0.0,0.78
4665,40.06,2.7,63.34,0.0,0.0,0.0,0.0,25.97
4666,41.58,4.67,78.96,11.15,0.0,0.0,0.0,30.89
4667,42.82,7.41,92.11,25.8,0.0,0.0621,0.0,30.89
4668,43.75,11.06,98.28,34.71,0.0,0.2057,0.0,30.89
4669,44.32,13.27,98.42,36.48,0.0,0.3988,0.0,30.89
4670,44.51,15.75,92.74,37.34,0.0,0.6018,0.0,26.64
4671,44.32,18.52,81.86,25.18,0.0,0.8096,0.0,30.89
4672,43.75,18.52,65.15,9.04,0.0,0.9497,0.0,30.89
4673,42.82,15.75,32.66,0.0,0.0,1.0,0.0,5.59
4674,41.58,7.41,15.36,0.0,0.0,1.0,18.81,0.0
4675,40.06,1.38,3.48,0.0,35.2,1.0,0.0,0.0
4676,38.34,1.97,0.0,0.0,5.48,0.783,30.89,0.0
4677,36.46,5.93,0.0,0.0,0.0,0.7492,30.53,0.0
4678,34.51,9.11,0.0,0.0,0.0,0.7492,25.39,0.0
4679,34.51,11.06,0.0,0.0,23.45,0.7492,0.0,0.0
4680,34.47,9.11,0.0,0.0,0.0,0.6046,25.35,0.0
4681,34.47,3.59,0.0,0.0,0.0,0.6046,30.87,0.0
4682,34.47,1.97,0.0,0.0,30.22,0.6046,2.28,0.0
4683,34.47,1.38,0.0,0.0,2.19,0.4183,30.89,0.0
4684,34.47,0.58,0.0,0.0,2.99,0.4048,30.89,0.0
4685,34.47,0.58,0.0,0.0,33.88,0.3863,0.0,0.0
4686,34.47,2.7,3.0,0.0,28.77,0.1774,0.0,0.0
4687,36.42,3.59,19.15,0.0,0.0,0.0,13.68,0.0
4688,38.29,25.01,44.16,0.0,0.0,0.0,0.0,30.87
4689,40.02,11.05,66.29,6.43,0.0,0.0,0.0,30.89
4690,41.54,47.62,74.81,50.0,0.0,0.0358,0.0,30.89
4691,42.78,29.36,94.31,50.0,0.0,0.314,0.0,30.89
4692,43.7,53.14,71.45,50.0,0.0,0.5923,0.0,30.89
4693,44.27,47.45,27.71,0.0,0.0,0.8705,0.0,30.89
4694,44.47,0.0,75.36,0.0,0.0,0.8705,0.0,30.89
4695,44.27,0.0,75.16,0.0,0.0,0.8705,0.0,30.89
4696,43.7,32.85,65.01,23.26,0.0,0.8705,0.0,30.89
4697,42.78,18.52,43.62,0.0,0.0,1.0,0.0,19.36
4698,41.54,3.59,18.9,0.0,19.05,1.0,0.0,0.0
4699,40.02,0.17,3.25,0.0,5.71,0.8826,30.89,0.0
4700,38.29,0.93,0.0,0.0,6.48,0.8474,30.89,0.0
4701,36.42,5.93,0.0,0.0,0.0,0.8075,30.48,0.0
4702,34.47,13.27,0.0,0.0,21.2,0.8075,0.0,0.0
4703,34.47,15.75,0.0,0.0,0.0,0.6767,18.72,0.0
4704,34.42,11.06,0.0,0.0,23.36,0.6767,0.0,0.0
4705,34.42,4.67,0.0,0.0,0.0,0.5327,29.76,0.0
4706,34.42,1.38,0.0,0.0,2.15,0.5327,30.89,0.0
4707,34.42,0.93,0.0,0.0,2.61,0.5194,30.89,0.0
4708,34.42,0.93,0.0,0.0,2.61,0.5033,30.89,0.0
4709,34.42,1.97,0.0,0.0,1.56,0.4873,30.89,0.0
4710,34.42,3.59,2.14,0.0,28.69,0.4776,0.0,0.0
4711,36.38,4.67,15.88,0.0,0.0,0.3007,15.83,0.0
4712,38.25,5.93,29.75,0.0,2.57,0.3007,0.0,0.0
4713,39.98,1.38,42.13,3.53,0.0,0.2849,0.0,0.0
4714,41.5,0.0,56.59,15.1,0.0,0.3045,0.0,0.0
4715,42.74,0.0,29.57,0.0,0.0,0.3885,13.17,0.0
4716,43.66,0.0,39.54,0.0,4.13,0.3885,0.0,0.0
4717,44.23,0.0,40.97,0.0,3.26,0.3631,0.0,0.0
4718,44.42,0.34,56.62,12.54,0.0,0.343,0.0,0.0
4719,44.23,4.67,69.3,29.74,0.0,0.4128,0.0,0.0
4720,43.66,15.75,31.9,3.99,0.0,0.5783,0.0,0.0
4721,42.74,28.75,42.44,28.45,0.0,0.6005,0.0,0.0
4722,41.5,37.32,15.72,11.55,0.0,0.7588,0.0,0.0
4723,39.98,25.01,3.58,0.0,11.39,0.823,0.0,0.0
4724,38.25,7.41,0.0,0.0,30.84,0.7528,0.0,0.0
4725,36.38,0.93,0.0,0.0,35.45,0.5626,0.0,0.0
4726,34.42,0.0,0.0,0.0,18.49,0.3441,15.93,0.0
4727,34.42,0.0,0.0,0.0,3.53,0.23,30.89,0.0
4728,34.38,0.0,0.0,0.0,3.49,0.2083,30.89,0.0
4729,34.38,0.02,0.0,0.0,3.47,0.1867,30.89,0.0
4730,34.38,0.0,0.0,0.0,3.49,0.1653,30.89,0.0
4731,34.38,0.0,0.0,0.0,3.49,0.1438,30.89,0.0
4732,34.38,0.0,0.0,0.0,3.49,0.1223,30.89,0.0
4733,34.38,0.0,0.0,0.0,3.49,0.1008,30.89,0.0
4734,34.38,0.0,3.45,0.0,0.04,0.0792,30.89,0.0
4735,36.33,0.0,15.43,0.0,0.0,0.079,20.9,0.0
4736,38.21,0.0,39.85,1.65,0.0,0.079,0.0,0.0
4737,39.94,0.0,32.25,0.0,7.69,0.0882,0.0,0.0
4738,41.45,0.02,78.65,37.22,0.0,0.0408,0.0,0.0
4739,42.7,0.93,91.32,49.55,0.0,0.2479,0.0,0.0
4740,43.62,1.97,92.45,50.0,0.0,0.5236,0.0,0.8
4741,44.19,3.59,76.21,35.61,0.0,0.8018,0.0,0.0
4742,44.38,5.93,28.21,0.0,10.24,1.0,0.0,0.0
4743,44.19,11.06,7.81,0.0,20.21,0.9369,5.11,0.0
4744,43.62,18.52,26.59,1.49,0.0,0.8123,0.0,0.0
4745,42.7,25.01,32.5,14.81,0.0,0.8206,0.0,0.0
4746,41.45,11.06,9.02,0.0,0.0,0.903,21.37,0.0
4747,39.94,0.93,3.34,0.0,35.67,0.903,0.0,0.0
4748,38.21,0.02,0.0,0.0,38.19,0.683,0.0,0.0
4749,36.33,0.0,0.0,0.0,5.44,0.4475,30.89,0.0
4750,34.38,0.0,0.0,0.0,3.49,0.414,30.89,0.0
4751,34.38,0.0,0.0,0.0,3.49,0.3924,30.89,0.0
4752,34.34,0.58,0.0,0.0,2.87,0.3709,30.89,0.0
4753,34.34,4.67,0.0,0.0,0.0,0.3533,29.67,0.0
4754,34.34,13.27,0.0,0.0,21.07,0.3533,0.0,0.0
4755,34.34,11.06,0.0,0.0,23.28,0.2233,0.0,0.0
4756,34.34,3.59,0.0,0.0,0.0,0.0798,30.75,0.0
4757,34.34,2.7,0.0,0.0,0.75,0.0798,30.89,0.0
4758,34.34,7.41,3.16,0.0,0.0,0.0751,23.77,0.0
4759,36.29,11.06,13.05,0.0,12.19,0.0751,0.0,0.0
4760,38.17,15.75,36.59,0.0,0.0,0.0,0.0,14.17
4761,39.9,11.06,53.44,0.0,0.0,0.0,0.0,24.61
4762,41.41,9.11,66.28,3.09,0.0,0.0,0.0,30.89
4763,42.66,11.06,74.38,11.89,0.0,0.0172,0.0,30.89
4764,43.58,18.52,77.93,21.98,0.0,0.0834,0.0,30.89
4765,44.15,25.01,90.7,40.66,0.0,0.2057,0.0,30.89
4766,44.34,32.85,85.48,43.1,0.0,0.432,0.0,30.89
4767,44.15,32.85,83.8,41.61,0.0,0.6718,0.0,30.89
4768,43.58,25.01,66.82,17.36,0.0,0.9034,0.0,30.89
4769,42.66,13.27,44.33,0.0,0.0,1.0,0.0,14.94
4770,41.41,1.97,19.69,0.0,19.75,1.0,0.0,0.0
4771,39.9,0.0,3.16,0.0,36.74,0.8782,0.0,0.0
4772,38.17,0.0,0.0,0.0,38.17,0.6517,0.0,0.0
4773,36.29,0.0,0.0,0.0,5.4,0.4163,30.89,0.0
4774,34.34,0.0,0.0,0.0,3.45,0.383,30.89,0.0
4775,34.34,0.0,0.0,0.0,3.45,0.3617,30.89,0.0
4776,34.3,0.0,0.0,0.0,34.3,0.3405,0.0,0.0
4777,34.3,0.0,0.0,0.0,3.41,0.129,30.89,0.0
4778,34.3,0.0,0.0,0.0,3.41,0.108,30.89,0.0
4779,34.3,0.0,0.0,0.0,3.41,0.0869,30.89,0.0
4780,34.3,0.0,0.0,0.0,3.41,0.0659,30.89,0.0
4781,34.3,0.0,0.0,0.0,3.41,0.0449,30.89,0.0
4782,34.3,0.0,2.28,0.0,1.12,0.0239,30.89,0.0
4783,36.25,0.0,19.18,0.0,2.75,0.017,14.32,0.0
4784,38.13,0.0,45.64,0.0,0.0,0.0,0.0,7.51
4785,39.86,0.0,67.32,0.0,0.0,0.0,0.0,27.46
4786,41.37,0.0,83.25,10.98,0.0,0.0,0.0,30.89
4787,42.61,0.0,93.81,20.3,0.0,0.0611,0.0,30.89
4788,43.54,0.0,99.14,24.71,0.0,0.1741,0.0,30.89
4789,44.11,0.0,99.74,50.0,0.0,0.3116,0.0,5.63
4790,44.3,0.34,95.45,50.0,0.0,0.5898,0.0,1.49
4791,44.11,1.97,84.85,23.7,0.0,0.8681,0.0,19.01
4792,43.54,3.59,68.14,0.0,0.0,1.0,0.0,28.19
4793,42.61,3.59,46.1,0.0,0.0,1.0,0.0,7.08
4794,41.37,0.58,19.36,0.0,21.43,1.0,0.0,0.0
4795,39.86,0.0,2.41,0.0,37.45,0.8679,0.0,0.0
4796,38.13,0.0,0.0,0.0,38.12,0.637,0.0,0.0
4797,36.25,0.0,0.0,0.0,5.36,0.4019,30.89,0.0
4798,34.3,0.02,0.0,0.0,34.28,0.3689,0.0,0.0
4799,34.3,0.02,0.0,0.0,10.8,0.1575,23.48,0.0
4800,34.26,0.07,0.0,0.0,3.29,0.0909,30.89,0.0
4801,34.26,0.17,0.0,0.0,3.19,0.0706,30.89,0.0
4802,34.26,0.34,0.0,0.0,3.03,0.0509,30.89,0.0
4803,34.26,0.58,0.0,0.0,2.78,0.0322,30.89,0.0
4804,34.26,0.93,0.0,0.0,2.44,0.0151,30.89,0.0
4805,34.26,3.59,0.0,0.0,0.0,0.0,30.66,0.0
4806,34.26,15.75,2.4,0.0,0.0,0.0,16.11,0.0
4807,36.21,25.01,18.81,0.0,0.0,0.0,0.0,7.61
4808,38.09,53.14,45.65,29.82,0.0,0.0,0.0,30.89
4809,39.81,56.61,64.09,50.0,0.0,0.1659,0.0,30.89
4810,41.33,0.0,72.22,0.0,0.0,0.4442,0.0,30.89
4811,42.57,6.91,66.55,0.0,0.0,0.4442,0.0,30.89
4812,43.5,29.78,89.33,44.72,0.0,0.4442,0.0,30.89
4813,44.07,47.11,77.85,50.0,0.0,0.6931,0.0,30.89
4814,44.26,0.0,80.31,5.16,0.0,0.9713,0.0,30.89
4815,44.07,0.43,74.53,0.0,0.0,1.0,0.0,30.89
4816,43.5,42.54,31.85,0.0,0.0,1.0,0.0,30.89
4817,42.57,47.99,25.48,0.0,0.0,1.0,0.0,30.89
4818,41.33,62.6,9.62,0.0,0.0,1.0,0.0,30.89
4819,39.81,53.14,2.98,0.0,5.82,1.0,0.0,22.12
4820,38.09,28.75,0.0,0.0,9.33,0.9641,0.0,0.0
4821,36.21,25.01,0.0,0.0,11.2,0.9066,0.0,0.0
4822,34.26,21.6,0.0,0.0,12.66,0.8375,0.0,0.0
4823,34.26,25.01,0.0,0.0,9.25,0.7594,0.0,0.0
4824,34.22,28.75,0.0,0.0,5.47,0.7024,0.0,0.0
4825,34.22,32.85,0.0,0.0,1.37,0.6687,0.0,0.0
4826,34.22,15.75,0.0,0.0,18.47,0.6602,0.0,0.0
4827,34.22,5.93,0.0,0.0,28.28,0.5464,0.0,0.0
4828,34.22,3.59,0.0,0.0,30.62,0.372,0.0,0.0
4829,34.22,7.41,0.0,0.0,26.81,0.1831,0.0,0.0
4830,34.22,28.75,2.57,0.0,2.89,0.0178,0.0,0.0
4831,36.17,47.45,17.4,0.0,0.0,0.0,0.0,28.69
4832,38.04,24.64,44.3,0.0,0.0,0.0,0.0,30.89
4833,39.77,3.28,67.38,0.0,0.0,0.0,0.0,30.89
4834,41.29,0.0,72.18,0.0,0.0,0.0,0.0,30.89
4835,42.53,0.0,73.42,0.0,0.0,0.0,0.0,30.89
4836,43.46,0.0,74.35,0.0,0.0,0.0,0.0,30.89
4837,44.03,0.0,74.92,0.0,0.0,0.0,0.0,30.89
4838,44.22,0.0,75.11,0.0,0.0,0.0,0.0,30.89
4839,44.03,53.53,71.39,50.0,0.0,0.0,0.0,30.89
4840,43.46,46.26,47.78,19.69,0.0,0.2782,0.0,30.89
4841,42.53,86.16,37.26,50.0,0.0,0.3878,0.0,30.89
4842,41.29,96.96,18.76,43.54,0.0,0.6661,0.0,30.89
4843,39.77,72.9,2.74,4.97,0.0,0.9084,0.0,30.89
4844,38.04,80.43,0.0,11.5,0.0,0.936,0.0,30.89
4845,36.17,67.06,0.0,0.0,0.0,1.0,0.0,30.89
4846,34.22,65.11,0.0,0.0,0.0,1.0,0.0,30.89
4847,34.22,34.22,0.0,0.0,0.0,1.0,0.0,0.0
4848,34.18,34.18,0.0,0.0,0.0,1.0,0.0,0.0
4849,34.18,34.18,0.0,0.0,0.0,1.0,0.0,0.0
4850,34.18,34.18,0.0,0.0,0.0,1.0,0.0,0.0
4851,34.18,34.18,0.0,0.0,0.0,1.0,0.0,0.0
4852,34.18,25.01,0.0,0.0,9.17,1.0,0.0,0.0
4853,34.18,28.75,0.0,0.0,5.43,0.9435,0.0,0.0
4854,34.18,34.18,0.0,0.0,0.0,0.91,0.0,0.0
4855,36.13,50.26,16.76,0.0,0.0,0.91,0.0,30.89
4856,38.0,25.6,43.29,0.0,0.0,0.91,0.0,30.89
4857,39.73,4.79,65.83,0.0,0.0,0.91,0.0,30.89
4858,41.25,0.0,72.14,0.0,0.0,0.91,0.0,30.89
4859,42.49,0.0,89.56,16.17,0.0,0.91,0.0,30.89
4860,43.42,74.31,0.0,0.0,0.0,1.0,0.0,30.89
4861,43.98,74.88,0.0,0.0,0.0,1.0,0.0,30.89
4862,44.18,75.07,0.0,0.0,0.0,1.0,0.0,30.89
4863,43.98,8.54,66.34,0.0,0.0,1.0,0.0,30.89
4864,43.42,21.59,52.71,0.0,0.0,1.0,0.0,30.89
4865,42.49,45.57,27.81,0.0,0.0,1.0,0.0,30.89
4866,41.25,63.57,8.57,0.0,0.0,1.0,0.0,30.89
4867,39.73,68.96,1.66,0.0,0.0,1.0,0.0,30.89
4868,38.0,68.89,0.0,0.0,0.0,1.0,0.0,30.89
4869,36.13,67.02,0.0,0.0,0.0,1.0,0.0,30.89
4870,34.18,53.14,0.0,0.0,11.92,1.0,0.0,30.89
4871,34.18,47.39,0.0,13.21,0.0,0.9265,0.0,0.0
4872,34.14,34.14,0.0,0.0,0.0,1.0,0.0,0.0
4873,34.14,25.01,0.0,0.0,0.0,1.0,9.13,0.0
4874,34.14,13.27,0.0,0.0,20.87,1.0,0.0,0.0
4875,34.14,4.67,0.0,0.0,0.0,0.8713,29.47,0.0
4876,34.14,2.7,0.0,0.0,22.91,0.8713,8.53,0.0
4877,34.14,5.93,0.0,0.0,0.0,0.7301,28.2,0.0
4878,34.14,21.6,2.45,0.0,0.0,0.7301,10.08,0.0
4879,36.09,28.75,15.37,8.03,0.0,0.7301,0.0,0.0
4880,37.96,13.27,28.96,4.26,0.0,0.7748,0.0,0.0
4881,39.69,7.41,29.39,0.0,0.0,0.7985,2.89,0.0
4882,41.21,5.93,34.0,0.0,0.0,0.7985,1.28,0.0
4883,42.45,4.67,36.24,0.0,0.0,0.7985,1.54,0.0
4884,43.37,1.97,50.89,9.49,0.0,0.7985,0.0,0.0
4885,43.94,0.17,46.17,2.39,0.0,0.8513,0.0,0.0
4886,44.14,0.17,57.27,13.31,0.0,0.8646,0.0,0.0
4887,43.94,2.7,52.27,11.02,0.0,0.9387,0.0,0.0
4888,43.37,5.93,17.89,0.0,0.0,1.0,19.55,0.0
4889,42.45,5.93,16.44,0.0,0.0,1.0,20.07,0.0
4890,41.21,1.97,10.89,0.0,0.0,1.0,28.34,0.0
4891,39.69,0.0,1.33,0.0,38.35,1.0,0.0,0.0
4892,37.96,0.0,0.0,0.0,7.07,0.7635,30.89,0.0
4893,36.09,0.0,0.0,0.0,5.2,0.7199,30.89,0.0
4894,34.14,0.0,0.0,0.0,3.24,0.6879,30.89,0.0
4895,34.14,0.17,0.0,0.0,3.07,0.6679,30.89,0.0
4896,34.1,0.34,0.0,0.0,2.87,0.6489,30.89,0.0
4897,34.1,0.17,0.0,0.0,3.03,0.6312,30.89,0.0
4898,34.1,0.02,0.0,0.0,3.18,0.6125,30.89,0.0
4899,34.1,0.0,0.0,0.0,3.2,0.5929,30.89,0.0
4900,34.1,0.0,0.0,0.0,3.2,0.5732,30.89,0.0
4901,34.1,0.02,0.0,0.0,3.18,0.5534,30.89,0.0
4902,34.1,1.97,2.84,0.0,0.0,0.5338,29.28,0.0
4903,36.05,4.67,12.59,0.0,0.0,0.5338,18.79,0.0
4904,37.92,4.67,23.26,0.0,0.0,0.5338,10.0,0.0
4905,39.65,3.59,39.03,2.97,0.0,0.5338,0.0,0.0
4906,41.17,4.67,27.06,0.0,0.0,0.5503,9.44,0.0
4907,42.41,4.67,44.51,6.77,0.0,0.5503,0.0,0.0
4908,43.33,2.7,37.47,0.0,0.0,0.5879,3.16,0.0
4909,43.9,0.58,26.49,0.0,16.83,0.5879,0.0,0.0
4910,44.1,0.0,18.24,0.0,0.0,0.4841,25.85,0.0
4911,43.9,0.0,36.43,0.0,0.0,0.4841,7.47,0.0
4912,43.33,0.0,24.42,0.0,0.0,0.4841,18.91,0.0
4913,42.41,0.0,19.9,0.0,0.0,0.4841,22.51,0.0
4914,41.17,0.0,11.13,0.0,0.0,0.4841,30.03,0.0
4915,39.65,0.0,1.8,0.0,6.96,0.4841,30.89,0.0
4916,37.92,0.0,0.0,0.0,7.03,0.4412,30.89,0.0
4917,36.05,0.0,0.0,0.0,5.16,0.3979,30.89,0.0
4918,34.1,0.07,0.0,0.0,3.13,0.3661,30.89,0.0
4919,34.1,1.38,0.0,0.0,1.82,0.3468,30.89,0.0
4920,34.06,3.59,0.0,0.0,30.46,0.3355,0.0,0.0
4921,34.06,4.67,0.0,0.0,0.0,0.1477,29.39,0.0
4922,34.06,3.59,0.0,0.0,0.0,0.1477,30.46,0.0
4923,34.06,1.97,0.0,0.0,19.59,0.1477,12.5,0.0
4924,34.06,0.58,0.0,0.0,2.58,0.0269,30.89,0.0
4925,34.06,1.38,0.0,0.0,1.78,0.011,30.89,0.0
4926,34.06,7.41,2.56,0.0,0.0,0.0,24.08,0.0
4927,36.01,13.27,11.35,0.0,0.0,0.0,11.39,0.0
4928,37.88,18.52,17.72,0.0,0.0,0.0,1.65,0.0
4929,39.61,21.6,42.02,0.0,0.0,0.0,0.0,24.01
4930,41.13,32.85,63.38,24.21,0.0,0.0,0.0,30.89
4931,42.37,34.39,82.02,43.15,0.0,0.1348,0.0,30.89
4932,43.29,0.0,74.19,0.0,0.0,0.3749,0.0,30.89
4933,43.86,0.0,101.44,26.68,0.0,0.3749,0.0,30.89
4934,44.06,0.0,74.95,0.0,0.0,0.5234,0.0,30.89
4935,43.86,0.0,83.71,8.96,0.0,0.5234,0.0,30.89
4936,43.29,62.49,61.69,50.0,0.0,0.5732,0.0,30.89
4937,42.37,29.91,43.35,0.0,0.0,0.8515,0.0,30.89
4938,41.13,80.43,18.28,26.69,0.0,0.8515,0.0,30.89
4939,39.61,5.93,3.22,0.0,0.0,1.0,30.46,0.0
4940,37.88,0.93,0.0,0.0,36.96,1.0,0.0,0.0
4941,36.01,0.58,0.0,0.0,4.53,0.7721,30.89,0.0
4942,34.06,0.34,0.0,0.0,33.72,0.7442,0.0,0.0
4943,34.06,0.34,0.0,0.0,33.72,0.5363,0.0,0.0
4944,34.02,0.17,0.0,0.0,33.84,0.3284,0.0,0.0
4945,34.02,0.17,0.0,0.0,11.13,0.1197,22.71,0.0
4946,34.02,0.17,0.0,0.0,2.95,0.0511,30.89,0.0
4947,34.02,0.34,0.0,0.0,2.79,0.0329,30.89,0.0
4948,34.02,0.58,0.0,0.0,2.54,0.0157,30.89,0.0
4949,34.02,4.67,0.0,0.0,0.0,0.0,29.35,0.0
4950,34.02,32.85,1.16,0.0,0.0,0.0,0.0,0.0
4951,35.97,59.27,17.76,10.18,0.0,0.0,0.0,30.89
4952,37.84,25.25,43.48,0.0,0.0,0.0566,0.0,30.89
4953,39.57,53.15,67.32,50.0,0.0,0.0566,0.0,30.89
4954,41.09,0.0,81.77,9.79,0.0,0.3349,0.0,30.89
4955,42.33,0.0,97.18,23.95,0.0,0.3894,0.0,30.89
4956,43.25,0.0,74.15,0.0,0.0,0.5227,0.0,30.89
4957,43.82,0.0,99.75,25.03,0.0,0.5227,0.0,30.89
4958,44.02,0.0,78.78,3.87,0.0,0.662,0.0,30.89
4959,43.82,0.0,81.59,6.87,0.0,0.6835,0.0,30.89
4960,43.25,6.96,67.18,0.0,0.0,0.7218,0.0,30.89
4961,42.33,79.26,43.96,50.0,0.0,0.7218,0.0,30.89
4962,41.09,28.75,18.25,0.0,0.0,1.0,0.0,5.91
4963,39.57,0.58,2.9,0.0,36.09,1.0,0.0,0.0
4964,37.84,0.02,0.0,0.0,37.82,0.7774,0.0,0.0
4965,35.97,0.0,0.0,0.0,5.07,0.5442,30.89,0.0
4966,34.02,0.0,0.0,0.0,3.13,0.513,30.89,0.0
4967,34.02,0.0,0.0,0.0,3.13,0.4937,30.89,0.0
4968,33.98,0.0,0.0,0.0,3.09,0.4744,30.89,0.0
4969,33.98,0.0,0.0,0.0,3.09,0.4554,30.89,0.0
4970,33.98,0.0,0.0,0.0,3.09,0.4364,30.89,0.0
4971,33.98,0.0,0.0,0.0,3.09,0.4173,30.89,0.0
4972,33.98,0.0,0.0,0.0,23.6,0.3983,10.38,0.0
4973,33.98,0.07,0.0,0.0,3.01,0.2528,30.89,0.0
4974,33.98,2.7,2.64,0.0,28.63,0.2342,0.0,0.0
4975,35.93,9.11,17.46,0.0,9.36,0.0577,0.0,0.0
4976,37.8,15.75,38.93,0.0,0.0,0.0,0.0,16.87
4977,39.53,21.6,59.88,11.05,0.0,0.0,0.0,30.89
4978,41.05,0.0,71.94,0.0,0.0,0.0615,0.0,30.89
4979,42.29,0.0,73.18,0.0,0.0,0.0615,0.0,30.89
4980,43.22,53.14,20.96,0.0,0.0,0.0615,0.0,30.89
4981,43.78,25.83,98.84,50.0,0.0,0.0615,0.0,30.89
4982,43.98,96.96,0.0,22.09,0.0,0.3398,0.0,30.89
4983,43.78,41.7,82.98,50.0,0.0,0.4627,0.0,30.89
4984,43.22,31.41,65.52,22.82,0.0,0.7409,0.0,30.89
4985,42.29,59.27,37.65,23.74,0.0,0.8679,0.0,30.89
4986,41.05,5.93,15.97,0.0,0.0,1.0,19.14,0.0
4987,39.53,0.0,2.53,0.0,37.0,1.0,0.0,0.0
4988,37.8,0.0,0.0,0.0,37.8,0.7718,0.0,0.0
4989,35.93,0.0,0.0,0.0,11.12,0.5387,24.81,0.0
4990,33.98,0.0,0.0,0.0,3.09,0.4702,30.89,0.0
4991,33.98,0.0,0.0,0.0,3.08,0.4512,30.89,0.0
4992,33.94,0.0,0.0,0.0,3.04,0.4322,30.89,0.0
4993,33.94,0.0,0.0,0.0,3.05,0.4134,30.89,0.0
4994,33.94,0.0,0.0,0.0,33.94,0.3946,0.0,0.0
4995,33.94,0.0,0.0,0.0,3.05,0.1854,30.89,0.0
4996,33.94,0.0,0.0,0.0,3.05,0.1666,30.89,0.0
4997,33.94,0.0,0.0,0.0,3.05,0.1478,30.89,0.0
4998,33.94,0.07,2.29,0.0,0.68,0.129,30.89,0.0
4999,35.89,0.93,14.73,0.0,20.24,0.1248,0.0,0.0
5000,37.76,1.97,41.02,0.0,0.0,0.0,0.0,5.23
5001,39.49,0.93,63.06,0.0,0.0,0.0,0.0,24.49
5002,41.01,0.34,79.24,7.68,0.0,0.0,0.0,30.89
5003,42.25,0.17,90.26,17.29,0.0,0.0427,0.0,30.89
5004,43.18,0.17,95.77,21.88,0.0,0.1389,0.0,30.89
5005,43.75,0.34,96.2,50.0,0.0,0.2607,0.0,2.79
5006,43.94,0.93,91.49,17.59,0.0,0.5389,0.0,30.89
5007,43.75,2.7,80.76,37.88,0.0,0.6368,0.0,1.84
5008,43.18,5.93,64.63,27.39,0.0,0.8476,0.0,0.0
5009,42.25,7.41,42.99,0.0,0.0,1.0,0.0,8.15
5010,41.01,1.97,17.77,0.0,21.27,1.0,0.0,0.0
5011,39.49,0.17,2.36,0.0,36.96,0.8688,0.0,0.0
5012,37.76,0.58,0.0,0.0,37.18,0.641,0.0,0.0
5013,35.89,0.58,0.0,0.0,4.41,0.4117,30.89,0.0
5014,33.94,0.17,0.0,0.0,2.87,0.3845,30.89,0.0
5015,33.94,0.0,0.0,0.0,3.04,0.3668,30.89,0.0
5016,33.9,0.0,0.0,0.0,3.01,0.348,30.89,0.0
5017,33.9,0.0,0.0,0.0,3.01,0.3294,30.89,0.0
5018,33.9,0.0,0.0,0.0,10.72,0.3109,23.17,0.0
5019,33.9,0.02,0.0,0.0,33.88,0.2448,0.0,0.0
5020,33.9,0.02,0.0,0.0,2.99,0.0359,30.89,0.0
5021,33.9,0.17,0.0,0.0,2.83,0.0175,30.89,0.0
5022,33.9,4.67,2.11,0.0,0.0,0.0,27.12,0.0
5023,35.85,15.75,17.03,0.0,0.0,0.0,3.07,0.0
5024,37.73,26.13,42.49,0.0,0.0,0.0,0.0,30.89
5025,39.45,4.86,65.49,0.0,0.0,0.0,0.0,30.89
5026,40.97,0.0,83.42,11.56,0.0,0.0,0.0,30.89
5027,42.21,23.49,95.59,45.97,0.0,0.0643,0.0,30.89
5028,43.14,74.03,0.0,0.0,0.0,0.3202,0.0,30.89
5029,43.71,74.6,0.0,0.0,0.0,0.3202,0.0,30.89
5030,43.9,96.96,0.0,22.17,0.0,0.3202,0.0,30.89
5031,43.71,74.6,0.0,0.0,0.0,0.4435,0.0,30.89
5032,43.14,57.45,66.58,50.0,0.0,0.4435,0.0,30.89
5033,42.21,80.38,42.72,50.0,0.0,0.7218,0.0,30.89
5034,40.97,54.21,17.65,0.0,0.0,1.0,0.0,30.89
5035,39.45,68.4,1.95,0.0,0.0,1.0,0.0,30.89
5036,37.73,65.85,0.0,0.0,2.77,1.0,0.0,30.89
5037,35.85,59.27,0.0,0.0,7.47,0.9829,0.0,30.89
5038,33.9,53.14,0.0,0.0,11.65,0.9369,0.0,30.89
5039,33.9,33.9,0.0,0.0,0.0,0.865,0.0,0.0
5040,33.86,33.86,0.0,0.0,0.0,0.865,0.0,0.0
5041,33.86,33.86,0.0,0.0,0.0,0.865,0.0,0.0
5042,33.86,43.05,0.0,9.19,0.0,0.865,0.0,0.0
5043,33.86,33.86,0.0,0.0,0.0,0.9162,0.0,0.0
5044,33.86,25.01,0.0,0.0,8.85,0.9162,0.0,0.0
5045,33.86,25.01,0.0,0.0,8.85,0.8616,0.0,0.0
5046,33.86,31.66,2.2,0.0,0.0,0.807,0.0,0.0
5047,35.81,72.9,16.37,22.56,0.0,0.807,0.0,30.89
5048,37.69,42.98,25.6,0.0,0.0,0.9325,0.0,30.89
5049,39.42,26.62,43.68,0.0,0.0,0.9325,0.0,30.89
5050,40.93,9.98,61.84,0.0,0.0,0.9325,0.0,30.89
5051,42.17,5.88,67.18,0.0,0.0,0.9325,0.0,30.89
5052,43.1,10.55,63.44,0.0,0.0,0.9325,0.0,30.89
5053,43.67,9.27,65.28,0.0,0.0,0.9325,0.0,30.89
5054,43.86,0.67,74.08,0.0,0.0,0.9325,0.0,30.89
5055,43.67,7.41,79.27,12.12,0.0,0.9325,0.0,30.89
5056,43.1,4.67,63.06,0.0,0.0,1.0,0.0,24.63
5057,42.17,2.7,41.38,0.0,0.0,1.0,0.0,1.91
5058,40.93,0.58,17.19,0.0,23.16,1.0,0.0,0.0
5059,39.42,0.0,2.3,0.0,37.11,0.8572,0.0,0.0
5060,37.69,0.0,0.0,0.0,37.68,0.6284,0.0,0.0
5061,35.81,0.02,0.0,0.0,4.9,0.396,30.89,0.0
5062,33.86,0.02,0.0,0.0,2.95,0.3658,30.89,0.0
5063,33.86,0.02,0.0,0.0,2.95,0.3476,30.89,0.0
5064,33.82,0.02,0.0,0.0,2.91,0.3295,30.89,0.0
5065,33.82,0.0,0.0,0.0,33.82,0.3115,0.0,0.0
5066,33.82,0.0,0.0,0.0,2.93,0.103,30.89,0.0
5067,33.82,0.0,0.0,0.0,7.01,0.0849,26.81,0.0
5068,33.82,0.0,0.0,0.0,2.93,0.0417,30.89,0.0
5069,33.82,0.0,0.0,0.0,2.93,0.0236,30.89,0.0
5070,33.82,0.07,1.96,0.0,0.9,0.0055,30.89,0.0
5071,35.77,0.17,16.77,0.0,0.0,0.0,18.83,0.0
5072,37.65,0.0,40.72,3.07,0.0,0.0,0.0,0.0
5073,39.38,0.0,60.97,8.78,0.0,0.0171,0.0,12.81
5074,40.89,0.0,75.83,34.94,0.0,0.066,0.0,0.0
5075,42.14,0.0,85.42,12.39,0.0,0.2604,0.0,30.89
5076,43.06,0.0,88.42,45.36,0.0,0.3293,0.0,0.0
5077,43.63,0.0,72.22,28.59,0.0,0.5818,0.0,0.0
5078,43.82,0.0,74.57,30.75,0.0,0.7408,0.0,0.0
5079,43.63,0.0,59.46,15.83,0.0,0.9119,0.0,0.0
5080,43.06,0.0,39.47,0.0,0.0,1.0,3.59,0.0
5081,42.14,0.0,18.79,0.0,23.35,1.0,0.0,0.0
5082,40.89,0.0,4.27,0.0,36.62,0.856,0.0,0.0
5083,39.38,0.0,0.37,0.0,39.01,0.6302,0.0,0.0
5084,37.65,0.0,0.0,0.0,34.19,0.3897,3.46,0.0
5085,35.77,0.0,0.0,0.0,4.88,0.1789,30.89,0.0
5086,33.82,0.0,0.0,0.0,2.93,0.1488,30.89,0.0
5087,33.82,0.0,0.0,0.0,2.93,0.1307,30.89,0.0
5088,33.78,0.0,0.0,0.0,2.89,0.1126,30.89,0.0
5089,33.78,0.0,0.0,0.0,2.89,0.0948,30.89,0.0
5090,33.78,0.0,0.0,0.0,2.89,0.0769,30.89,0.0
5091,33.78,0.0,0.0,0.0,2.89,0.0591,30.89,0.0
5092,33.78,0.0,0.0,0.0,2.89,0.0413,30.89,0.0
5093,33.78,0.0,0.0,0.0,2.89,0.0234,30.89,0.0
5094,33.78,0.0,1.99,0.0,0.9,0.0056,30.89,0.0
5095,35.74,0.17,15.69,0.0,0.0,0.0,19.87,0.0
5096,37.61,0.58,30.08,0.0,0.0,0.0,6.95,0.0
5097,39.34,3.59,52.16,0.0,0.0,0.0,0.0,16.41
5098,40.86,0.0,71.75,0.0,0.0,0.0,0.0,30.89
5099,42.1,0.0,78.11,5.12,0.0,0.0,0.0,30.89
5100,43.02,0.0,78.26,4.35,0.0,0.0285,0.0,30.89
5101,43.59,46.23,78.25,50.0,0.0,0.0527,0.0,30.89
5102,43.78,52.41,72.27,50.0,0.0,0.331,0.0,30.89
5103,43.59,4.89,69.59,0.0,0.0,0.6092,0.0,30.89
5104,43.02,36.8,57.34,20.22,0.0,0.6092,0.0,30.89
5105,42.1,81.98,41.01,50.0,0.0,0.7218,0.0,30.89
5106,40.86,28.75,18.7,0.0,0.0,1.0,0.0,6.6
5107,39.34,1.38,2.77,0.0,4.29,1.0,30.89,0.0
5108,37.61,0.17,0.0,0.0,6.55,0.9735,30.89,0.0
5109,35.74,0.07,0.0,0.0,4.77,0.9332,30.89,0.0
5110,33.78,0.17,0.0,0.0,33.61,0.9037,0.0,0.0
5111,33.78,0.17,0.0,0.0,2.72,0.6965,30.89,0.0
5112,33.75,0.17,0.0,0.0,2.68,0.6797,30.89,0.0
5113,33.75,0.07,0.0,0.0,2.78,0.6632,30.89,0.0
5114,33.75,0.02,0.0,0.0,33.73,0.646,0.0,0.0
5115,33.75,0.0,0.0,0.0,33.74,0.4381,0.0,0.0
5116,33.75,0.0,0.0,0.0,2.86,0.23,30.89,0.0
5117,33.75,0.0,0.0,0.0,33.7,0.2124,0.05,0.0
5118,33.75,0.0,2.11,0.0,0.74,0.0046,30.89,0.0
5119,35.7,0.0,16.93,0.0,0.0,0.0,18.77,0.0
5120,37.57,3.59,41.26,0.0,0.0,0.0,0.0,7.29
5121,39.3,11.06,63.57,4.44,0.0,0.0,0.0,30.89
5122,40.82,0.0,80.74,9.03,0.0,0.0247,0.0,30.89
5123,42.06,21.6,94.75,43.4,0.0,0.075,0.0,30.89
5124,42.99,42.19,31.69,0.0,0.0,0.3165,0.0,30.89
5125,43.55,0.0,102.0,27.55,0.0,0.3165,0.0,30.89
5126,43.75,0.0,95.86,21.22,0.0,0.4698,0.0,30.89
5127,43.55,40.94,83.51,50.0,0.0,0.5879,0.0,30.89
5128,42.99,32.26,65.67,24.05,0.0,0.8661,0.0,30.89
5129,42.06,29.96,42.99,0.0,0.0,1.0,0.0,30.89
5130,40.82,7.41,17.52,0.0,15.89,1.0,0.0,0.0
5131,39.3,0.17,2.45,0.0,36.68,0.902,0.0,0.0
5132,37.57,0.17,0.0,0.0,6.51,0.6758,30.89,0.0
5133,35.7,0.93,0.0,0.0,34.77,0.6357,0.0,0.0
5134,33.75,3.59,0.0,0.0,0.0,0.4213,30.15,0.0
5135,33.75,9.11,0.0,0.0,0.0,0.4213,24.63,0.0
5136,33.71,13.27,0.0,0.0,0.0,0.4213,20.44,0.0
5137,33.71,13.27,0.0,0.0,0.0,0.4213,20.44,0.0
5138,33.71,11.06,0.0,0.0,22.65,0.4213,0.0,0.0
5139,33.71,5.93,0.0,0.0,0.0,0.2816,27.78,0.0
5140,33.71,1.97,0.0,0.0,31.74,0.2816,0.0,0.0
5141,33.71,1.38,0.0,0.0,13.93,0.0859,18.39,0.0
5142,33.71,4.67,1.89,0.0,0.0,0.0,27.16,0.0
5143,35.66,9.11,17.2,0.0,0.0,0.0,9.35,0.0
5144,37.54,42.19,43.36,17.12,0.0,0.0,0.0,30.89
5145,39.27,12.2,57.96,0.0,0.0,0.0953,0.0,30.89
5146,40.78,0.0,71.67,0.0,0.0,0.0953,0.0,30.89
5147,42.02,38.38,78.91,44.37,0.0,0.0953,0.0,30.89
5148,42.95,96.96,0.0,23.12,0.0,0.3422,0.0,30.89
5149,43.52,96.96,0.0,22.55,0.0,0.4708,0.0,30.89
5150,43.71,96.96,27.65,50.0,0.0,0.5963,0.0,30.89
5151,43.52,96.96,0.0,22.55,0.0,0.8745,0.0,30.89
5152,42.95,13.43,60.41,0.0,0.0,1.0,0.0,30.89
5153,42.02,29.25,43.67,0.0,0.0,1.0,0.0,30.89
5154,40.78,42.19,17.42,0.0,0.0,1.0,0.0,18.82
5155,39.27,2.7,2.56,0.0,3.12,1.0,30.89,0.0
5156,37.54,0.93,0.0,0.0,36.61,0.9808,0.0,0.0
5157,35.66,1.97,0.0,0.0,33.69,0.755,0.0,0.0
5158,33.71,3.59,0.0,0.0,0.0,0.5473,30.12,0.0
5159,33.71,2.7,0.0,0.0,14.78,0.5473,16.23,0.0
5160,33.67,1.38,0.0,0.0,1.4,0.4562,30.89,0.0
5161,33.67,0.58,0.0,0.0,2.2,0.4475,30.89,0.0
5162,33.67,0.07,0.0,0.0,2.71,0.434,30.89,0.0
5163,33.67,0.0,0.0,0.0,2.78,0.4173,30.89,0.0
5164,33.67,0.0,0.0,0.0,2.78,0.4001,30.89,0.0
5165,33.67,0.0,0.0,0.0,2.78,0.383,30.89,0.0
5166,33.67,0.17,1.2,0.0,32.3,0.3658,0.0,0.0
5167,35.62,1.97,6.63,0.0,27.03,0.1667,0.0,0.0
5168,37.5,9.11,12.96,0.0,0.0,0.0,15.43,0.0
5169,39.23,21.6,21.32,0.0,0.0,0.0,0.0,3.69
5170,40.74,32.85,31.19,0.0,0.0,0.0,0.0,23.3
5171,41.99,42.19,42.83,12.13,0.0,0.0,0.0,30.89
5172,42.91,59.27,51.15,36.62,0.0,0.0675,0.0,30.89
5173,43.48,55.65,53.39,34.67,0.0,0.2713,0.0,30.89
5174,43.67,65.85,54.38,45.67,0.0,0.4642,0.0,30.89
5175,43.48,53.14,54.01,32.78,0.0,0.7184,0.0,30.89
5176,42.91,47.45,43.34,17.0,0.0,0.9008,0.0,30.89
5177,41.99,47.45,26.26,0.83,0.0,0.9954,0.0,30.89
5178,40.74,25.01,10.37,0.0,36.26,1.0,0.0,30.89
5179,39.23,21.6,1.44,0.0,47.08,0.7764,0.0,30.89
5180,37.5,47.45,0.0,0.0,1.91,0.4861,0.0,11.86
5181,35.62,80.43,0.0,44.81,0.0,0.4744,0.0,0.0
5182,33.67,65.85,0.0,32.17,0.0,0.7237,0.0,0.0
5183,33.67,47.45,0.0,13.78,0.0,0.9028,0.0,0.0
5184,33.64,37.32,0.0,3.69,0.0,0.9795,0.0,0.0
5185,33.64,15.75,0.0,0.0,17.89,1.0,0.0,0.0
5186,33.64,2.7,0.0,0.0,30.94,0.8897,0.0,0.0
5187,33.64,0.17,0.0,0.0,33.46,0.6989,0.0,0.0
5188,33.64,0.0,0.0,0.0,33.63,0.4926,0.0,0.0
5189,33.64,0.02,0.0,0.0,5.07,0.2852,28.55,0.0
5190,33.64,4.67,1.9,0.0,27.07,0.254,0.0,0.0
5191,35.59,25.01,14.14,3.56,0.0,0.087,0.0,0.0
5192,37.46,80.43,34.75,50.0,0.0,0.1068,0.0,27.72
5193,39.19,65.2,54.88,50.0,0.0,0.3851,0.0,30.89
5194,40.71,42.19,55.42,50.0,0.0,0.6633,0.0,6.9
5195,41.95,15.75,36.7,10.5,0.0,0.9416,0.0,0.0
5196,42.88,2.7,23.8,0.0,0.0,1.0,16.37,0.0
5197,43.44,0.07,18.14,0.0,0.0,1.0,25.23,0.0
5198,43.64,0.0,18.78,0.0,0.0,1.0,24.86,0.0
5199,43.44,0.0,17.51,0.0,0.0,1.0,25.93,0.0
5200,42.88,0.0,13.51,0.0,0.0,1.0,29.37,0.0
5201,41.95,0.0,11.79,0.0,0.0,1.0,30.16,0.0
5202,40.71,0.0,7.34,0.0,2.48,1.0,30.89,0.0
5203,39.19,0.0,1.06,0.0,38.13,0.9847,0.0,0.0
5204,37.46,0.58,0.0,0.0,5.99,0.7496,30.89,0.0
5205,35.59,5.93,0.0,0.0,0.0,0.7127,29.65,0.0
5206,33.64,5.93,0.0,0.0,27.7,0.7127,0.0,0.0
5207,33.64,3.59,0.0,0.0,30.04,0.5418,0.0,0.0
5208,33.6,1.38,0.0,0.0,1.33,0.3566,30.89,0.0
5209,33.6,0.58,0.0,0.0,33.02,0.3484,0.0,0.0
5210,33.6,0.17,0.0,0.0,2.54,0.1448,30.89,0.0
5211,33.6,0.07,0.0,0.0,2.64,0.1292,30.89,0.0
5212,33.6,0.02,0.0,0.0,2.69,0.1129,30.89,0.0
5213,33.6,0.17,0.0,0.0,2.54,0.0963,30.89,0.0
5214,33.6,1.97,1.74,0.0,13.09,0.0807,16.81,0.0
5215,35.55,4.67,16.26,0.0,0.0,0.0,14.62,0.0
5216,37.43,2.7,41.43,0.0,0.0,0.0,0.0,6.71
5217,39.16,0.34,63.2,0.0,0.0,0.0,0.0,24.38
5218,40.67,0.0,79.11,7.55,0.0,0.0,0.0,30.89
5219,41.92,0.0,88.93,16.12,0.0,0.042,0.0,30.89
5220,42.84,0.0,93.54,50.0,0.0,0.1317,0.0,0.7
5221,43.41,0.0,93.62,50.0,0.0,0.41,0.0,0.21
5222,43.6,0.0,88.16,13.67,0.0,0.6882,0.0,30.89
5223,43.41,0.0,70.72,23.48,0.0,0.7643,0.0,3.83
5224,42.84,0.0,61.72,18.88,0.0,0.8949,0.0,0.0
5225,41.92,0.0,40.24,0.0,1.67,1.0,0.0,0.0
5226,40.67,0.0,17.33,0.0,0.0,0.9897,23.34,0.0
5227,39.16,0.0,1.8,0.0,13.0,0.9897,24.36,0.0
5228,37.43,0.17,0.0,0.0,37.25,0.9096,0.0,0.0
5229,35.55,0.93,0.0,0.0,34.63,0.6798,0.0,0.0
5230,33.6,1.97,0.0,0.0,31.63,0.4663,0.0,0.0
5231,33.6,1.97,0.0,0.0,0.74,0.2713,30.89,0.0
5232,33.57,1.97,0.0,0.0,31.6,0.2667,0.0,0.0
5233,33.57,1.97,0.0,0.0,0.71,0.0719,30.89,0.0
5234,33.57,1.38,0.0,0.0,1.29,0.0675,30.89,0.0
5235,33.57,0.93,0.0,0.0,1.75,0.0596,30.89,0.0
5236,33.57,0.34,0.0,0.0,2.34,0.0488,30.89,0.0
5237,33.57,0.93,0.0,0.0,1.75,0.0344,30.89,0.0
5238,33.57,7.41,1.62,0.0,0.0,0.0236,24.53,0.0
5239,35.52,15.75,15.94,0.0,3.83,0.0236,0.0,0.0
5240,37.39,28.75,41.17,1.64,0.0,0.0,0.0,30.89
5241,39.12,32.85,63.77,26.61,0.0,0.0091,0.0,30.89
5242,40.64,25.01,80.25,33.73,0.0,0.1572,0.0,30.89
5243,41.88,15.75,76.65,19.63,0.0,0.3449,0.0,30.89
5244,42.8,13.27,76.09,15.66,0.0,0.4541,0.0,30.89
5245,43.37,13.27,75.93,45.82,0.0,0.5413,0.0,0.0
5246,43.57,15.75,74.87,24.95,0.0,0.7962,0.0,22.1
5247,43.37,18.52,57.42,1.68,0.0,0.9351,0.0,30.89
5248,42.8,18.52,34.27,9.99,0.0,0.9444,0.0,0.0
5249,41.88,18.52,18.9,0.0,0.0,1.0,4.46,0.0
5250,40.64,4.67,8.79,0.0,0.0,1.0,27.18,0.0
5251,39.12,1.97,1.19,0.0,35.96,1.0,0.0,0.0
5252,37.39,11.06,0.0,0.0,26.33,0.7783,0.0,0.0
5253,35.52,21.6,0.0,0.0,13.92,0.6159,0.0,0.0
5254,33.57,13.27,0.0,0.0,0.0,0.5301,20.3,0.0
5255,33.57,4.67,0.0,0.0,28.9,0.5301,0.0,0.0
5256,33.53,1.97,0.0,0.0,30.91,0.3519,0.65,0.0
5257,33.53,0.93,0.0,0.0,1.71,0.1613,30.89,0.0
5258,33.53,0.58,0.0,0.0,2.06,0.1508,30.89,0.0
5259,33.53,0.17,0.0,0.0,2.47,0.1381,30.89,0.0
5260,33.53,0.07,0.0,0.0,2.57,0.1229,30.89,0.0
5261,33.53,0.34,0.0,0.0,2.3,0.1071,30.89,0.0
5262,33.53,1.97,1.47,0.0,0.0,0.0929,30.09,0.0
5263,35.48,4.67,15.75,0.0,15.06,0.0929,0.0,0.0
5264,37.36,18.52,34.87,16.04,0.0,0.0,0.0,0.0
5265,39.09,28.75,54.31,13.58,0.0,0.0892,0.0,30.4
5266,40.6,18.52,68.55,46.46,0.0,0.1648,0.0,0.0
5267,41.85,9.11,76.49,12.87,0.0,0.4234,0.0,30.89
5268,42.77,2.7,75.4,35.33,0.0,0.495,0.0,0.0
5269,43.34,1.38,73.8,31.84,0.0,0.6916,0.0,0.0
5270,43.53,1.38,65.72,23.57,0.0,0.8688,0.0,0.0
5271,43.34,2.7,39.38,0.0,0.0,1.0,1.26,0.0
5272,42.77,4.67,27.69,0.0,0.0,1.0,10.41,0.0
5273,41.85,5.93,19.98,0.0,15.94,1.0,0.0,0.0
5274,40.6,0.93,8.46,0.0,31.21,0.9017,0.0,0.0
5275,39.09,0.07,1.0,0.0,38.01,0.7093,0.0,0.0
5276,37.36,0.58,0.0,0.0,36.77,0.4749,0.0,0.0
5277,35.48,1.38,0.0,0.0,3.21,0.2481,30.89,0.0
5278,33.53,1.38,0.0,0.0,1.26,0.2283,30.89,0.0
5279,33.53,0.93,0.0,0.0,1.71,0.2206,30.89,0.0
5280,33.5,0.58,0.0,0.0,20.23,0.21,12.68,0.0
5281,33.5,0.17,0.0,0.0,2.43,0.0853,30.89,0.0
5282,33.5,0.02,0.0,0.0,2.58,0.0703,30.89,0.0
5283,33.5,0.0,0.0,0.0,2.6,0.0544,30.89,0.0
5284,33.5,0.0,0.0,0.0,2.61,0.0383,30.89,0.0
5285,33.5,0.0,0.0,0.0,2.61,0.0223,30.89,0.0
5286,33.5,0.17,1.43,0.0,1.0,0.0062,30.89,0.0
5287,35.45,1.97,15.52,0.0,0.0,0.0,17.95,0.0
5288,37.32,13.27,39.62,0.0,0.0,0.0,0.0,15.56
5289,39.05,7.79,62.15,0.0,0.0,0.0,0.0,30.89
5290,40.57,0.0,79.73,8.27,0.0,0.0,0.0,30.89
5291,41.81,0.0,92.16,19.46,0.0,0.046,0.0,30.89
5292,42.73,73.63,0.0,0.0,0.0,0.1543,0.0,30.89
5293,43.3,0.0,98.64,24.44,0.0,0.1543,0.0,30.89
5294,43.5,8.86,93.05,27.52,0.0,0.2903,0.0,30.89
5295,43.3,43.02,81.17,50.0,0.0,0.4435,0.0,30.89
5296,42.73,60.35,63.28,50.0,0.0,0.7218,0.0,30.89
5297,41.81,32.26,40.44,0.0,0.0,1.0,0.0,30.89
5298,40.57,42.19,15.67,0.0,0.0,1.0,0.0,17.29
5299,39.05,4.67,1.48,0.0,32.91,1.0,0.0,0.0
5300,37.32,3.59,0.0,0.0,2.84,0.7971,30.89,0.0
5301,35.45,9.11,0.0,0.0,26.33,0.7796,0.0,0.0
5302,33.5,13.27,0.0,0.0,20.23,0.6172,0.0,0.0
5303,33.5,11.06,0.0,0.0,0.0,0.4925,22.44,0.0
5304,33.46,4.67,0.0,0.0,6.63,0.4925,22.16,0.0
5305,33.46,1.38,0.0,0.0,32.08,0.4516,0.0,0.0
5306,33.46,0.34,0.0,0.0,33.12,0.2538,0.0,0.0
5307,33.46,0.07,0.0,0.0,2.5,0.0495,30.89,0.0
5308,33.46,0.02,0.0,0.0,2.55,0.0341,30.89,0.0
5309,33.46,0.0,0.0,0.0,2.57,0.0184,30.89,0.0
5310,33.46,0.93,1.23,0.0,0.42,0.0026,30.89,0.0
5311,35.41,4.67,15.61,0.0,0.0,0.0,15.13,0.0
5312,37.29,72.9,39.55,44.27,0.0,0.0,0.0,30.89
5313,39.02,57.65,62.26,50.0,0.0,0.2463,0.0,30.89
5314,40.53,26.47,80.38,35.43,0.0,0.5246,0.0,30.89
5315,41.78,0.0,72.67,0.0,0.0,0.7218,0.0,30.89
5316,42.7,0.0,73.59,0.0,0.0,0.7218,0.0,30.89
5317,43.27,7.22,66.95,0.0,0.0,0.7218,0.0,30.89
5318,43.46,9.72,64.63,0.0,0.0,0.7218,0.0,30.89
5319,43.27,17.82,56.34,0.0,0.0,0.7218,0.0,30.89
5320,42.7,86.21,37.38,50.0,0.0,0.7218,0.0,30.89
5321,41.78,46.94,25.73,0.0,0.0,1.0,0.0,30.89
5322,40.53,47.45,15.28,0.0,0.0,1.0,0.0,22.2
5323,39.02,15.75,1.34,0.0,21.93,1.0,0.0,0.0
5324,37.29,18.52,0.0,0.0,0.0,0.8648,18.77,0.0
5325,35.41,25.01,0.0,0.0,10.41,0.8648,0.0,0.0
5326,33.46,21.6,0.0,0.0,0.0,0.8006,11.86,0.0
5327,33.46,13.27,0.0,0.0,20.2,0.8006,0.0,0.0
5328,33.43,5.93,0.0,0.0,27.49,0.6761,0.0,0.0
5329,33.43,2.7,0.0,0.0,0.0,0.5065,30.73,0.0
5330,33.43,1.97,0.0,0.0,0.57,0.5065,30.89,0.0
5331,33.43,2.7,0.0,0.0,0.0,0.503,30.73,0.0
5332,33.43,1.97,0.0,0.0,19.04,0.503,12.42,0.0
5333,33.43,1.38,0.0,0.0,32.05,0.3856,0.0,0.0
5334,33.43,7.41,1.0,0.0,25.01,0.188,0.0,0.0
5335,35.38,15.75,14.15,0.0,5.48,0.0338,0.0,0.0
5336,37.25,18.52,36.71,0.0,0.0,0.0,0.0,17.97
5337,38.98,13.27,59.33,2.72,0.0,0.0,0.0,30.89
5338,40.5,18.52,69.07,16.2,0.0,0.0151,0.0,30.89
5339,41.74,0.0,72.63,0.0,0.0,0.1053,0.0,30.89
5340,42.67,23.99,96.08,46.51,0.0,0.1053,0.0,30.89
5341,43.24,0.0,74.13,0.0,0.0,0.3642,0.0,30.89
5342,43.43,53.14,21.18,0.0,0.0,0.3642,0.0,30.89
5343,43.24,59.27,64.77,49.91,0.0,0.3642,0.0,30.89
5344,42.67,59.27,59.89,45.6,0.0,0.6419,0.0,30.89
5345,41.74,53.14,38.24,18.75,0.0,0.8956,0.0,30.89
5346,40.5,15.75,14.97,0.0,9.78,1.0,0.0,0.0
5347,38.98,1.97,1.09,0.0,35.93,0.9397,0.0,0.0
5348,37.25,1.97,0.0,0.0,4.39,0.7182,30.89,0.0
5349,35.38,3.59,0.0,0.0,31.78,0.6911,0.0,0.0
5350,33.43,4.67,0.0,0.0,0.0,0.4951,28.76,0.0
5351,33.43,3.59,0.0,0.0,14.4,0.4951,15.43,0.0
5352,33.39,2.7,0.0,0.0,30.69,0.4063,0.0,0.0
5353,33.39,1.97,0.0,0.0,0.53,0.217,30.89,0.0
5354,33.39,1.97,0.0,0.0,31.43,0.2137,0.0,0.0
5355,33.39,1.38,0.0,0.0,1.12,0.0199,30.89,0.0
5356,33.39,0.93,0.0,0.0,1.58,0.013,30.89,0.0
5357,33.39,1.97,0.0,0.0,0.53,0.0033,30.89,0.0
5358,33.39,15.75,0.78,0.0,0.0,0.0,16.86,0.0
5359,35.35,37.32,14.82,0.0,0.0,0.0,0.0,16.79
5360,37.22,31.02,37.09,0.0,0.0,0.0,0.0,30.89
5361,38.95,11.02,58.82,0.0,0.0,0.0,0.0,30.89
5362,40.47,0.0,75.9,4.55,0.0,0.0,0.0,30.89
5363,41.71,0.0,88.35,15.75,0.0,0.0253,0.0,30.89
5364,42.63,0.0,82.93,9.4,0.0,0.1129,0.0,30.89
5365,43.2,28.32,95.77,50.0,0.0,0.1653,0.0,30.89
5366,43.39,74.29,0.0,0.0,0.0,0.4435,0.0,30.89
5367,43.2,4.9,69.19,0.0,0.0,0.4435,0.0,30.89
5368,42.63,65.11,58.42,50.0,0.0,0.4435,0.0,30.89
5369,41.71,86.05,36.55,50.0,0.0,0.7218,0.0,30.89
5370,40.47,25.01,14.08,0.0,1.38,1.0,0.0,0.0
5371,38.95,3.59,0.74,0.0,3.72,0.9915,30.89,0.0
5372,37.22,3.59,0.0,0.0,33.63,0.9685,0.0,0.0
5373,35.35,5.93,0.0,0.0,0.0,0.7612,29.41,0.0
5374,33.39,5.93,0.0,0.0,0.0,0.7612,27.46,0.0
5375,33.39,3.59,0.0,0.0,20.54,0.7612,9.26,0.0
5376,33.36,2.7,0.0,0.0,0.0,0.6346,30.66,0.0
5377,33.36,1.97,0.0,0.0,0.5,0.6346,30.89,0.0
5378,33.36,2.7,0.0,0.0,0.0,0.6315,30.66,0.0
5379,33.36,3.59,0.0,0.0,0.0,0.6315,29.77,0.0
5380,33.36,4.67,0.0,0.0,28.7,0.6315,0.0,0.0
5381,33.36,5.93,0.0,0.0,0.0,0.4545,27.43,0.0
5382,33.36,15.75,0.23,0.0,17.38,0.4545,0.0,0.0
5383,35.31,28.75,13.1,6.54,0.0,0.3474,0.0,0.0
5384,37.19,21.6,29.41,13.82,0.0,0.3837,0.0,0.0
5385,38.92,15.75,39.68,16.51,0.0,0.4606,0.0,0.0
5386,40.43,15.75,45.43,20.74,0.0,0.5525,0.0,0.0
5387,41.68,18.52,46.47,23.31,0.0,0.6679,0.0,0.0
5388,42.6,15.75,48.79,21.94,0.0,0.7977,0.0,0.0
5389,43.17,9.11,48.32,14.26,0.0,0.9198,0.0,0.0
5390,43.36,4.67,38.85,0.15,0.0,0.9992,0.0,0.0
5391,43.17,1.97,29.85,0.0,0.0,1.0,11.35,0.0
5392,42.6,0.58,23.64,0.0,18.38,1.0,0.0,0.0
5393,41.68,0.17,17.7,0.0,23.81,0.8867,0.0,0.0
5394,40.43,0.0,7.09,0.0,33.34,0.7399,0.0,0.0
5395,38.92,0.0,0.2,0.0,38.72,0.5343,0.0,0.0
5396,37.19,0.0,0.0,0.0,37.19,0.2955,0.0,0.0
5397,35.31,0.02,0.0,0.0,4.4,0.0662,30.89,0.0
5398,33.36,7.41,0.0,0.0,0.0,0.0391,25.95,0.0
5399,33.36,37.32,0.0,3.96,0.0,0.0391,0.0,0.0
5400,33.33,65.85,0.0,32.52,0.0,0.0612,0.0,0.0
5401,33.33,65.85,0.0,32.52,0.0,0.2421,0.0,0.0
5402,33.33,59.27,0.0,25.94,0.0,0.4231,0.0,0.0
5403,33.33,47.45,0.0,14.12,0.0,0.5674,0.0,0.0
5404,33.33,32.85,0.0,0.0,0.48,0.646,0.0,0.0
5405,33.33,25.01,0.0,0.0,0.0,0.6431,8.32,0.0
5406,33.33,21.6,0.07,0.0,11.66,0.6431,0.0,0.0
5407,35.28,21.6,2.17,0.0,0.0,0.5712,11.51,0.0
5408,37.16,9.11,4.39,0.0,0.0,0.5712,23.65,0.0
5409,38.89,5.93,8.36,0.0,0.0,0.5712,24.59,0.0
5410,40.4,5.93,12.0,0.0,0.0,0.5712,22.47,0.0
5411,41.64,5.93,13.53,0.0,0.0,0.5712,22.18,0.0
5412,42.57,3.59,15.72,0.0,0.0,0.5712,23.25,0.0
5413,43.14,2.7,19.56,0.0,0.0,0.5712,20.88,0.0
5414,43.33,1.38,21.09,0.0,0.0,0.5712,20.85,0.0
5415,43.14,1.38,18.74,0.0,0.0,0.5712,23.01,0.0
5416,42.57,1.38,13.82,0.0,0.0,0.5712,27.37,0.0
5417,41.64,1.97,7.2,0.0,1.58,0.5712,30.89,0.0
5418,40.4,0.58,2.21,0.0,37.6,0.5614,0.0,0.0
5419,38.89,0.07,0.0,0.0,7.92,0.3296,30.89,0.0
5420,37.16,0.07,0.0,0.0,6.19,0.2807,30.89,0.0
5421,35.28,0.17,0.0,0.0,4.22,0.2426,30.89,0.0
5422,33.33,0.17,0.0,0.0,2.27,0.2166,30.89,0.0
5423,33.33,0.07,0.0,0.0,2.37,0.2026,30.89,0.0
5424,33.3,0.07,0.0,0.0,28.42,0.188,4.81,0.0
5425,33.3,0.34,0.0,0.0,2.07,0.0128,30.89,0.0
5426,33.3,2.7,0.0,0.0,0.0,0.0,30.6,0.0
5427,33.3,13.27,0.0,0.0,0.0,0.0,20.03,0.0
5428,33.3,33.3,0.0,0.0,0.0,0.0,0.0,0.0
5429,33.3,33.3,0.0,0.0,0.0,0.0,0.0,0.0
5430,33.3,33.3,0.0,0.0,0.0,0.0,0.0,0.0
5431,35.25,96.96,0.38,31.2,0.0,0.0,0.0,30.89
5432,37.12,66.57,1.45,0.0,0.0,0.1736,0.0,30.89
5433,38.85,66.74,3.0,0.0,0.0,0.1736,0.0,30.89
5434,40.37,96.96,5.09,30.79,0.0,0.1736,0.0,30.89
5435,41.61,96.96,7.01,31.46,0.0,0.3449,0.0,30.89
5436,42.54,64.46,8.97,0.0,0.0,0.52,0.0,30.89
5437,43.11,96.96,11.08,34.04,0.0,0.52,0.0,30.89
5438,43.3,71.45,14.37,11.64,0.0,0.7094,0.0,30.89
5439,43.11,56.77,17.23,0.0,0.0,0.7742,0.0,30.89
5440,42.54,96.96,17.05,40.58,0.0,0.7742,0.0,30.89
5441,41.61,58.22,14.28,0.0,0.0,1.0,0.0,30.89
5442,40.37,13.27,8.98,0.0,0.0,1.0,18.13,0.0
5443,38.85,0.93,0.98,0.0,6.06,1.0,30.89,0.0
5444,37.12,0.17,0.0,0.0,7.81,0.9626,29.15,0.0
5445,35.25,0.02,0.0,0.0,35.23,0.9145,0.0,0.0
5446,33.3,0.02,0.0,0.0,33.28,0.6973,0.0,0.0
5447,33.3,0.02,0.0,0.0,33.28,0.4921,0.0,0.0
5448,33.27,0.0,0.0,0.0,33.26,0.2869,0.0,0.0
5449,33.27,0.0,0.0,0.0,2.38,0.0818,30.89,0.0
5450,33.27,0.0,0.0,0.0,2.38,0.0672,30.89,0.0
5451,33.27,0.0,0.0,0.0,2.38,0.0525,30.89,0.0
5452,33.27,0.0,0.0,0.0,2.38,0.0379,30.89,0.0
5453,33.27,0.0,0.0,0.0,2.38,0.0232,30.89,0.0
5454,33.27,0.02,0.97,0.0,1.39,0.0086,30.89,0.0
5455,35.22,0.58,16.75,0.0,0.0,0.0,17.88,0.0
5456,37.09,1.38,38.66,0.0,0.0,0.0,0.0,2.95
5457,38.82,4.67,65.39,0.34,0.0,0.0,0.0,30.89
5458,40.34,4.67,57.79,0.0,0.31,0.0019,0.0,22.42
5459,41.58,2.7,94.02,24.25,0.0,0.0,0.0,30.89
5460,42.51,0.93,98.8,50.0,0.0,0.135,0.0,7.22
5461,43.07,0.34,97.85,30.86,0.0,0.4132,0.0,24.24
5462,43.27,0.58,90.71,48.02,0.0,0.585,0.0,0.0
5463,43.07,0.93,79.15,6.11,0.0,0.8522,0.0,30.89
5464,42.51,1.38,61.57,20.44,0.0,0.8862,0.0,0.0
5465,41.58,1.97,38.66,0.0,0.96,1.0,0.0,0.0
5466,40.34,0.17,13.3,0.0,26.87,0.9941,0.0,0.0
5467,38.82,0.0,0.73,0.0,38.09,0.8284,0.0,0.0
5468,37.09,0.0,0.0,0.0,37.09,0.5936,0.0,0.0
5469,35.22,0.0,0.0,0.0,4.33,0.3649,30.89,0.0
5470,33.27,0.0,0.0,0.0,2.37,0.3382,30.89,0.0
5471,33.27,0.17,0.0,0.0,2.2,0.3235,30.89,0.0
5472,33.24,1.38,0.0,0.0,0.96,0.31,30.89,0.0
5473,33.24,2.7,0.0,0.0,20.74,0.304,9.8,0.0
5474,33.24,4.67,0.0,0.0,28.57,0.1762,0.0,0.0
5475,33.24,7.41,0.0,0.0,0.0,0.0,25.83,0.0
5476,33.24,11.06,0.0,0.0,0.0,0.0,22.18,0.0
5477,33.24,21.6,0.0,0.0,0.0,0.0,11.63,0.0
5478,33.24,37.32,0.0,4.09,0.0,0.0,0.0,0.0
5479,35.19,47.45,0.29,0.0,3.69,0.0228,0.0,16.25
5480,37.06,87.8,1.14,20.99,0.0,0.0,0.0,30.89
5481,38.79,96.96,2.49,29.76,0.0,0.1168,0.0,30.89
5482,40.31,63.46,7.73,0.0,0.0,0.2824,0.0,30.89
5483,41.55,96.96,12.45,36.96,0.0,0.2824,0.0,30.89
5484,42.47,66.7,6.67,0.0,0.0,0.4881,0.0,30.89
5485,43.04,50.0,23.94,0.0,0.0,0.4881,0.0,30.89
5486,43.24,96.96,16.01,38.83,0.0,0.4881,0.0,30.89
5487,43.04,66.85,7.09,0.0,0.0,0.7042,0.0,30.89
5488,42.47,96.96,16.7,40.29,0.0,0.7042,0.0,30.89
5489,41.55,80.43,4.88,12.87,0.0,0.9284,0.0,30.89
5490,40.31,32.85,1.78,0.0,5.67,1.0,0.0,0.0
5491,38.79,5.93,0.0,0.0,32.86,0.965,0.0,0.0
5492,37.06,0.93,0.0,0.0,36.14,0.7624,0.0,0.0
5493,35.19,0.17,0.0,0.0,4.12,0.5396,30.89,0.0
5494,33.24,0.0,0.0,0.0,2.34,0.5142,30.89,0.0
5495,33.24,0.0,0.0,0.0,2.35,0.4997,30.89,0.0
5496,33.21,0.0,0.0,0.0,33.21,0.4853,0.0,0.0
5497,33.21,0.0,0.0,0.0,2.31,0.2805,30.89,0.0
5498,33.21,0.0,0.0,0.0,2.31,0.2662,30.89,0.0
5499,33.21,0.0,0.0,0.0,33.21,0.252,0.0,0.0
5500,33.21,0.0,0.0,0.0,2.31,0.0472,30.89,0.0
5501,33.21,0.0,0.0,0.0,4.15,0.0329,29.05,0.0
5502,33.21,0.58,0.54,0.0,1.19,0.0074,30.89,0.0
5503,35.16,1.38,9.12,0.0,0.0,0.0,24.66,0.0
5504,37.03,11.06,22.73,0.0,0.0,0.0,3.24,0.0
5505,38.76,32.85,42.32,5.52,0.0,0.0,0.0,30.89
5506,40.28,47.45,38.16,14.44,0.0,0.0307,0.0,30.89
5507,41.52,47.45,52.93,27.98,0.0,0.1111,0.0,30.89
5508,42.44,42.19,63.45,32.3,0.0,0.2668,0.0,30.89
5509,43.01,42.19,65.43,33.71,0.0,0.4465,0.0,30.89
5510,43.21,47.45,67.94,41.3,0.0,0.6342,0.0,30.89
5511,43.01,53.14,37.19,24.44,0.0,0.864,0.0,22.88
5512,42.44,37.32,16.54,0.0,0.0,1.0,0.0,11.42
5513,41.52,15.75,1.05,0.0,24.73,1.0,0.0,0.0
5514,40.28,1.97,0.19,0.0,7.23,0.8475,30.89,0.0
5515,38.76,0.02,0.0,0.0,7.85,0.803,30.89,0.0
5516,37.03,0.0,0.0,0.0,37.03,0.7546,0.0,0.0
5517,35.16,0.0,0.0,0.0,4.27,0.5262,30.89,0.0
5518,33.21,0.0,0.0,0.0,2.31,0.4999,30.89,0.0
5519,33.21,0.0,0.0,0.0,2.31,0.4856,30.89,0.0
5520,33.18,0.0,0.0,0.0,2.29,0.4714,30.89,0.0
5521,33.18,0.0,0.0,0.0,2.29,0.4573,30.89,0.0
5522,33.18,0.0,0.0,0.0,2.29,0.4432,30.89,0.0
5523,33.18,0.0,0.0,0.0,2.29,0.4291,30.89,0.0
5524,33.18,0.0,0.0,0.0,2.29,0.415,30.89,0.0
5525,33.18,0.0,0.0,0.0,2.28,0.4009,30.89,0.0
5526,33.18,0.93,0.0,0.0,1.36,0.3868,30.89,0.0
5527,35.13,3.59,2.01,0.0,0.0,0.3785,29.52,0.0
5528,37.0,3.59,5.53,0.0,0.0,0.3785,27.87,0.0
5529,38.73,7.41,18.81,0.0,12.51,0.3785,0.0,0.0
5530,40.25,15.75,29.31,4.81,0.0,0.3013,0.0,0.0
5531,41.49,15.75,34.92,9.17,0.0,0.3281,0.0,0.0
5532,42.41,13.27,36.82,7.68,0.0,0.3791,0.0,0.0
5533,42.98,11.06,54.54,22.61,0.0,0.4218,0.0,0.0
5534,43.18,9.11,53.3,19.23,0.0,0.5477,0.0,0.0
5535,42.98,9.11,30.0,0.0,3.87,0.6547,0.0,0.0
5536,42.41,11.06,27.51,0.0,3.84,0.6308,0.0,0.0
5537,41.49,9.11,30.16,0.0,0.0,0.6071,2.21,0.0
5538,40.25,2.7,8.43,0.0,29.12,0.6071,0.0,0.0
5539,38.73,0.58,0.28,0.0,13.37,0.4276,24.5,0.0
5540,37.0,0.58,0.0,0.0,36.42,0.3451,0.0,0.0
5541,35.13,0.58,0.0,0.0,3.65,0.1206,30.89,0.0
5542,33.18,0.17,0.0,0.0,2.11,0.0981,30.89,0.0
5543,33.18,0.07,0.0,0.0,2.21,0.085,30.89,0.0
5544,33.15,0.02,0.0,0.0,2.23,0.0714,30.89,0.0
5545,33.15,0.02,0.0,0.0,2.23,0.0576,30.89,0.0
5546,33.15,0.02,0.0,0.0,2.23,0.0438,30.89,0.0
5547,33.15,0.17,0.0,0.0,2.08,0.0301,30.89,0.0
5548,33.15,0.34,0.0,0.0,1.92,0.0172,30.89,0.0
5549,33.15,1.38,0.0,0.0,0.87,0.0054,30.89,0.0
5550,33.15,7.41,0.5,0.0,0.0,0.0,25.24,0.0
5551,35.1,13.27,2.21,0.0,0.0,0.0,19.62,0.0
5552,36.97,32.85,11.33,7.21,0.0,0.0,0.0,0.0
5553,38.7,42.19,8.44,0.0,0.0,0.0401,0.0,11.92
5554,40.22,42.19,19.11,21.08,0.0,0.0401,0.0,0.0
5555,41.46,32.85,49.43,39.71,0.0,0.1574,0.0,1.12
5556,42.39,21.6,79.59,50.0,0.0,0.3784,0.0,8.81
5557,42.95,13.27,76.4,46.71,0.0,0.6566,0.0,0.0
5558,43.15,4.67,43.36,4.88,0.0,0.9166,0.0,0.0
5559,42.95,0.93,52.14,10.12,0.0,0.9437,0.0,0.0
5560,42.39,0.17,37.26,0.0,0.0,1.0,4.95,0.0
5561,41.46,0.17,34.19,0.0,0.0,1.0,7.1,0.0
5562,40.22,0.02,13.82,0.0,0.0,1.0,26.38,0.0
5563,38.7,0.0,0.19,0.0,38.51,1.0,0.0,0.0
5564,36.97,0.02,0.0,0.0,36.95,0.7625,0.0,0.0
5565,35.1,0.07,0.0,0.0,4.13,0.5347,30.89,0.0
5566,33.15,0.07,0.0,0.0,2.18,0.5092,30.89,0.0
5567,33.15,0.17,0.0,0.0,2.08,0.4957,30.89,0.0
5568,33.12,0.17,0.0,0.0,2.05,0.4829,30.89,0.0
5569,33.12,0.17,0.0,0.0,32.95,0.4702,0.0,0.0
5570,33.12,0.07,0.0,0.0,2.15,0.2671,30.89,0.0
5571,33.12,0.02,0.0,0.0,33.1,0.2538,0.0,0.0
5572,33.12,0.0,0.0,0.0,2.22,0.0497,30.89,0.0
5573,33.12,0.02,0.0,0.0,4.89,0.036,28.21,0.0
5574,33.12,0.93,0.35,0.0,0.95,0.0059,30.89,0.0
5575,35.07,1.97,13.9,0.0,0.0,0.0,19.2,0.0
5576,36.95,0.07,38.58,0.0,0.0,0.0,0.0,1.71
5577,38.67,0.0,61.01,0.0,0.0,0.0,0.0,22.34
5578,40.19,0.0,77.65,6.57,0.0,0.0,0.0,30.89
5579,41.43,0.0,89.23,16.9,0.0,0.0365,0.0,30.89
5580,42.36,0.07,95.51,50.0,0.0,0.1306,0.0,3.23
5581,42.93,0.34,95.95,50.0,0.0,0.4089,0.0,3.36
5582,43.12,0.93,89.65,20.65,0.0,0.6871,0.0,26.81
5583,42.93,0.93,77.58,35.58,0.0,0.802,0.0,0.0
5584,42.36,0.58,10.76,0.0,31.01,1.0,0.0,0.0
5585,41.43,0.02,14.25,0.0,27.16,0.8088,0.0,0.0
5586,40.19,0.0,3.69,0.0,35.66,0.6413,0.84,0.0
5587,38.67,0.0,0.0,0.0,38.67,0.4214,0.0,0.0
5588,36.95,0.0,0.0,0.0,6.05,0.1829,30.89,0.0
5589,35.07,0.0,0.0,0.0,4.18,0.1456,30.89,0.0
5590,33.12,0.0,0.0,0.0,2.23,0.1198,30.89,0.0
5591,33.12,0.0,0.0,0.0,2.23,0.1061,30.89,0.0
5592,33.09,0.0,0.0,0.0,2.2,0.0924,30.89,0.0
5593,33.09,0.0,0.0,0.0,2.2,0.0788,30.89,0.0
5594,33.09,0.0,0.0,0.0,2.2,0.0652,30.89,0.0
5595,33.09,0.0,0.0,0.0,2.2,0.0517,30.89,0.0
5596,33.09,0.0,0.0,0.0,2.2,0.0381,30.89,0.0
5597,33.09,0.0,0.0,0.0,2.2,0.0246,30.89,0.0
5598,33.09,0.0,0.42,0.0,1.78,0.011,30.89,0.0
5599,35.04,0.0,10.67,0.0,0.0,0.0,24.38,0.0
5600,36.92,0.0,32.92,0.0,0.0,0.0,4.0,0.0
5601,38.65,0.0,50.62,11.98,0.0,0.0,0.0,0.0
5602,40.16,0.0,55.71,15.55,0.0,0.0666,0.0,0.0
5603,41.4,0.0,69.1,27.7,0.0,0.1532,0.0,0.0
5604,42.33,0.0,71.04,28.71,0.0,0.3073,0.0,0.0
5605,42.9,0.0,73.28,30.38,0.0,0.4671,0.0,0.0
5606,43.09,0.0,67.73,24.64,0.0,0.6362,0.0,0.0
5607,42.9,0.0,59.57,16.67,0.0,0.7733,0.0,0.0
5608,42.33,0.0,50.89,8.56,0.0,0.8661,0.0,0.0
5609,41.4,0.0,34.55,0.0,0.0,0.9137,6.86,0.0
5610,40.16,0.0,11.85,0.0,0.0,0.9137,28.31,0.0
5611,38.65,0.0,0.0,0.0,38.65,0.9137,0.0,0.0
5612,36.92,0.0,0.0,0.0,36.91,0.6754,0.0,0.0
5613,35.04,0.07,0.0,0.0,4.08,0.4478,30.89,0.0
5614,33.09,0.07,0.0,0.0,33.02,0.4226,0.0,0.0
5615,33.09,0.07,0.0,0.0,2.13,0.219,30.89,0.0
5616,33.06,0.07,0.0,0.0,2.1,0.2059,30.89,0.0
5617,33.06,0.07,0.0,0.0,2.1,0.193,30.89,0.0
5618,33.06,0.07,0.0,0.0,2.1,0.18,30.89,0.0
5619,33.06,0.07,0.0,0.0,2.1,0.1671,30.89,0.0
5620,33.06,0.02,0.0,0.0,2.15,0.1541,30.89,0.0
5621,33.06,0.0,0.0,0.0,2.17,0.1409,30.89,0.0
5622,33.06,0.17,0.35,0.0,1.65,0.1275,30.89,0.0
5623,35.01,1.38,14.02,0.0,19.03,0.1173,0.58,0.0
5624,36.89,0.34,40.34,0.0,0.0,0.0,0.0,3.78
5625,38.62,0.07,63.46,11.82,0.0,0.0,0.0,13.1
5626,40.13,0.07,36.79,0.0,3.27,0.0658,0.0,0.0
5627,41.38,0.17,67.36,0.0,0.0,0.0456,0.0,26.15
5628,42.3,0.34,96.88,50.0,0.0,0.0456,0.0,4.91
5629,42.87,0.58,96.39,50.0,0.0,0.3239,0.0,4.1
5630,43.06,1.38,90.41,48.73,0.0,0.6021,0.0,0.0
5631,42.87,1.97,57.19,16.29,0.0,0.8733,0.0,0.0
5632,42.3,2.7,46.08,6.48,0.0,0.9639,0.0,0.0
5633,41.38,0.58,10.21,0.0,30.58,1.0,0.0,0.0
5634,40.13,0.0,0.53,0.0,39.61,0.8114,0.0,0.0
5635,38.62,0.0,0.0,0.0,16.47,0.5672,22.15,0.0
5636,36.89,0.07,0.0,0.0,36.82,0.4657,0.0,0.0
5637,35.01,1.38,0.0,0.0,33.63,0.2387,0.0,0.0
5638,33.06,11.06,0.0,0.0,0.0,0.0313,22.0,0.0
5639,33.06,28.75,0.0,0.0,4.31,0.0313,0.0,0.0
5640,33.04,32.85,0.0,0.0,0.0,0.0047,0.18,0.0
5641,33.04,18.52,0.0,0.0,0.0,0.0047,14.52,0.0
5642,33.04,9.11,0.0,0.0,0.0,0.0047,23.92,0.0
5643,33.04,7.41,0.0,0.0,0.0,0.0047,25.63,0.0
5644,33.04,3.59,0.0,0.0,0.0,0.0047,29.44,0.0
5645,33.04,1.38,0.0,0.0,0.76,0.0047,30.89,0.0
5646,33.04,4.67,0.14,0.0,0.0,0.0,28.23,0.0
5647,34.99,13.27,13.88,0.0,0.0,0.0,7.84,0.0
5648,36.86,25.01,39.51,0.0,0.0,0.0,0.0,27.66
5649,38.59,15.75,64.04,10.3,0.0,0.0,0.0,30.89
5650,40.11,11.06,82.86,22.92,0.0,0.0573,0.0,30.89
5651,41.35,7.41,96.08,31.25,0.0,0.1849,0.0,30.89
5652,42.27,4.67,101.67,33.18,0.0,0.3588,0.0,30.89
5653,42.84,2.7,100.59,33.56,0.0,0.5434,0.0,26.89
5654,43.04,1.97,93.36,21.4,0.0,0.7302,0.0,30.89
5655,42.84,0.93,80.15,7.34,0.0,0.8492,0.0,30.89
5656,42.27,0.58,61.44,19.75,0.0,0.8901,0.0,0.0
5657,41.35,0.07,37.03,0.0,0.0,1.0,4.25,0.0
5658,40.11,0.0,11.51,0.0,0.0,1.0,28.6,0.0
5659,38.59,0.0,0.0,0.0,22.95,1.0,15.65,0.0
5660,36.86,0.0,0.0,0.0,36.86,0.8585,0.0,0.0
5661,34.99,0.0,0.0,0.0,4.09,0.6312,30.89,0.0
5662,33.04,0.0,0.0,0.0,2.14,0.606,30.89,0.0
5663,33.04,0.0,0.0,0.0,2.15,0.5928,30.89,0.0
5664,33.01,0.0,0.0,0.0,33.01,0.5795,0.0,0.0
5665,33.01,0.0,0.0,0.0,2.12,0.376,30.89,0.0
5666,33.01,0.0,0.0,0.0,2.12,0.3629,30.89,0.0
5667,33.01,0.0,0.0,0.0,2.12,0.3499,30.89,0.0
5668,33.01,0.0,0.0,0.0,2.12,0.3368,30.89,0.0
5669,33.01,0.0,0.0,0.0,2.12,0.3237,30.89,0.0
5670,33.01,0.34,0.2,0.0,32.47,0.3107,0.0,0.0
5671,34.96,1.97,10.29,0.0,0.0,0.1105,22.7,0.0
5672,36.84,4.67,14.25,0.0,17.92,0.1105,0.0,0.0
5673,38.57,3.59,50.67,15.7,0.0,0.0,0.0,0.0
5674,40.08,2.7,81.07,12.8,0.0,0.0874,0.0,30.89
5675,41.32,1.97,73.4,27.07,0.0,0.1586,0.0,6.97
5676,42.25,1.38,99.51,50.0,0.0,0.3093,0.0,8.64
5677,42.82,0.58,98.45,50.0,0.0,0.5875,0.0,6.21
5678,43.01,0.34,66.8,24.13,0.0,0.8657,0.0,0.0
5679,42.82,0.07,34.24,0.0,0.0,1.0,8.51,0.0
5680,42.25,0.0,2.18,0.0,31.0,1.0,9.07,0.0
5681,41.32,0.0,6.58,0.0,3.86,0.8089,30.89,0.0
5682,40.08,0.0,9.99,0.0,0.0,0.7851,30.09,0.0
5683,38.57,0.07,0.0,0.0,7.6,0.7851,30.89,0.0
5684,36.84,0.93,0.0,0.0,35.91,0.7382,0.0,0.0
5685,34.96,0.58,0.0,0.0,34.38,0.5168,0.0,0.0
5686,33.01,0.17,0.0,0.0,1.95,0.3048,30.89,0.0
5687,33.01,0.02,0.0,0.0,2.1,0.2928,30.89,0.0
5688,32.98,0.0,0.0,0.0,2.09,0.2799,30.89,0.0
5689,32.98,0.0,0.0,0.0,2.09,0.267,30.89,0.0
5690,32.98,0.0,0.0,0.0,2.09,0.2541,30.89,0.0
5691,32.98,0.0,0.0,0.0,2.09,0.2412,30.89,0.0
5692,32.98,0.0,0.0,0.0,2.09,0.2283,30.89,0.0
5693,32.98,0.0,0.0,0.0,2.09,0.2154,30.89,0.0
5694,32.98,0.0,0.15,0.0,32.84,0.2025,0.0,0.0
5695,34.93,0.02,11.93,0.0,0.0,0.0,22.98,0.0
5696,36.81,0.34,30.87,0.0,0.0,0.0,5.6,0.0
5697,38.54,0.93,50.17,0.0,0.0,0.0,0.0,12.55
5698,40.05,1.38,82.25,12.69,0.0,0.0,0.0,30.89
5699,41.3,1.38,74.99,4.18,0.0,0.0706,0.0,30.89
5700,42.22,0.58,99.23,50.0,0.0,0.0939,0.0,7.59
5701,42.79,0.17,75.77,25.51,0.0,0.3721,0.0,7.64
5702,42.98,0.07,91.27,48.36,0.0,0.5141,0.0,0.0
5703,42.79,0.07,63.12,20.4,0.0,0.7832,0.0,0.0
5704,42.22,0.17,60.6,18.55,0.0,0.8968,0.0,0.0
5705,41.3,0.07,33.55,0.0,7.67,1.0,0.0,0.0
5706,40.05,0.02,11.03,0.0,0.0,0.9527,29.01,0.0
5707,38.54,0.34,0.0,0.0,38.2,0.9527,0.0,0.0
5708,36.81,4.67,0.0,0.0,1.25,0.7171,30.89,0.0
5709,34.93,15.75,0.0,0.0,19.19,0.7094,0.0,0.0
5710,32.98,15.75,0.0,0.0,0.0,0.5911,17.24,0.0
5711,32.98,5.93,0.0,0.0,27.05,0.5911,0.0,0.0
5712,32.96,1.97,0.0,0.0,0.1,0.4243,30.89,0.0
5713,32.96,1.97,0.0,0.0,1.42,0.4237,29.57,0.0
5714,32.96,1.97,0.0,0.0,0.1,0.4149,30.89,0.0
5715,32.96,1.38,0.0,0.0,31.58,0.4143,0.0,0.0
5716,32.96,0.34,0.0,0.0,1.73,0.2196,30.89,0.0
5717,32.96,0.07,0.0,0.0,32.89,0.2089,0.0,0.0
5718,32.96,0.93,0.14,0.0,1.0,0.0062,30.89,0.0
5719,34.91,4.67,13.83,0.0,0.0,0.0,16.41,0.0
5720,36.79,4.67,40.98,0.0,0.0,0.0,0.0,8.86
5721,38.51,2.7,64.95,0.0,0.0,0.0,0.0,29.14
5722,40.03,3.59,82.63,15.31,0.0,0.0,0.0,30.89
5723,41.27,5.93,90.38,24.15,0.0,0.0852,0.0,30.89
5724,42.2,9.11,101.01,37.04,0.0,0.2196,0.0,30.89
5725,42.77,11.06,100.65,38.05,0.0,0.4257,0.0,30.89
5726,42.96,13.27,94.51,33.92,0.0,0.6375,0.0,30.89
5727,42.77,15.75,81.29,23.38,0.0,0.8263,0.0,30.89
5728,42.2,18.52,62.41,7.84,0.0,0.9564,0.0,30.89
5729,41.27,9.11,37.49,0.0,0.0,1.0,0.0,5.33
5730,40.03,0.93,11.05,0.0,28.06,1.0,0.0,0.0
5731,38.51,0.58,0.0,0.0,37.93,0.827,0.0,0.0
5732,36.79,2.7,0.0,0.0,3.19,0.5931,30.89,0.0
5733,34.91,5.93,0.0,0.0,28.98,0.5734,0.0,0.0
5734,32.96,5.93,0.0,0.0,0.0,0.3948,27.03,0.0
5735,32.96,5.93,0.0,0.0,0.0,0.3948,27.03,0.0
5736,32.93,7.41,0.0,0.0,0.0,0.3948,25.52,0.0
5737,32.93,5.93,0.0,0.0,26.31,0.3948,0.7,0.0
5738,32.93,4.67,0.0,0.0,0.0,0.2326,28.27,0.0
5739,32.93,2.7,0.0,0.0,30.23,0.2326,0.0,0.0
5740,32.93,1.38,0.0,0.0,0.66,0.0461,30.89,0.0
5741,32.93,0.58,0.0,0.0,1.46,0.0421,30.89,0.0
5742,32.93,4.67,0.12,0.0,0.0,0.0331,28.14,0.0
5743,34.89,15.75,13.78,0.0,5.36,0.0331,0.0,0.0
5744,36.76,59.27,40.21,31.82,0.0,0.0,0.0,30.89
5745,38.49,4.4,64.98,0.0,0.0,0.1771,0.0,30.89
5746,40.01,0.0,84.31,13.41,0.0,0.1771,0.0,30.89
5747,41.25,24.4,97.74,50.0,0.0,0.2517,0.0,30.89
5748,42.17,0.0,73.06,0.0,0.0,0.53,0.0,30.89
5749,42.74,0.0,104.33,30.69,0.0,0.53,0.0,30.89
5750,42.93,0.0,73.82,0.0,0.0,0.7008,0.0,30.89
5751,42.74,0.0,83.22,9.59,0.0,0.7008,0.0,30.89
5752,42.17,53.76,63.48,44.18,0.0,0.7541,0.0,30.89
5753,41.25,34.79,37.35,0.0,0.0,1.0,0.0,30.89
5754,40.01,25.01,10.68,0.0,4.32,1.0,0.0,0.0
5755,38.49,9.11,0.0,0.0,29.38,0.9734,0.0,0.0
5756,36.76,15.75,0.0,0.0,0.0,0.7922,21.01,0.0
5757,34.89,21.6,0.0,0.0,13.28,0.7922,0.0,0.0
5758,32.93,21.6,0.0,0.0,11.33,0.7103,0.0,0.0
5759,32.93,18.52,0.0,0.0,14.41,0.6405,0.0,0.0
5760,32.91,11.06,0.0,0.0,21.85,0.5516,0.0,0.0
5761,32.91,7.41,0.0,0.0,25.5,0.4169,0.0,0.0
5762,32.91,4.67,0.0,0.0,0.0,0.2596,28.24,0.0
5763,32.91,2.7,0.0,0.0,14.88,0.2596,15.33,0.0
5764,32.91,1.38,0.0,0.0,0.64,0.1679,30.89,0.0
5765,32.91,0.93,0.0,0.0,1.09,0.164,30.89,0.0
5766,32.91,7.41,0.0,0.0,25.5,0.1572,0.0,0.0
5767,34.86,25.01,13.29,0.0,0.0,0.0,0.0,3.44
5768,36.74,29.91,37.72,0.0,0.0,0.0,0.0,30.89
5769,38.47,7.35,62.0,0.0,0.0,0.0,0.0,30.89
5770,39.98,0.0,70.87,0.0,0.0,0.0,0.0,30.89
5771,41.22,0.0,72.12,0.0,0.0,0.0,0.0,30.89
5772,42.15,20.87,102.17,50.0,0.0,0.0,0.0,30.89
5773,42.72,0.0,101.39,27.78,0.0,0.2782,0.0,30.89
5774,42.91,10.86,93.3,30.35,0.0,0.4328,0.0,30.89
5775,42.72,96.96,26.65,50.0,0.0,0.6018,0.0,30.89
5776,42.15,73.04,0.0,0.0,0.0,0.88,0.0,30.89
5777,41.22,59.27,34.41,21.56,0.0,0.88,0.0,30.89
5778,39.98,11.06,9.94,0.0,18.98,1.0,0.0,0.0
5779,38.47,4.67,0.0,0.0,33.8,0.883,0.0,0.0
5780,36.74,5.93,0.0,0.0,0.0,0.6746,30.8,0.0
5781,34.86,5.93,0.0,0.0,0.0,0.6746,28.93,0.0
5782,32.91,3.59,0.0,0.0,0.0,0.6746,29.32,0.0
5783,32.91,2.7,0.0,0.0,30.21,0.6746,0.0,0.0
5784,32.89,2.7,0.0,0.0,0.0,0.4883,30.19,0.0
5785,32.89,1.97,0.0,0.0,30.92,0.4883,0.0,0.0
5786,32.89,1.97,0.0,0.0,0.03,0.2976,30.89,0.0
5787,32.89,2.7,0.0,0.0,30.19,0.2975,0.0,0.0
5788,32.89,2.7,0.0,0.0,0.0,0.1114,30.19,0.0
5789,32.89,2.7,0.0,0.0,0.0,0.1114,30.19,0.0
5790,32.89,11.06,0.0,0.0,18.06,0.1114,3.77,0.0
5791,34.84,25.01,12.08,2.25,0.0,0.0,0.0,0.0
5792,36.71,42.19,34.51,9.09,0.0,0.0125,0.0,30.89
5793,38.44,28.75,56.21,15.62,0.0,0.0631,0.0,30.89
5794,39.96,11.06,73.81,14.02,0.0,0.15,0.0,30.89
5795,41.2,2.7,84.98,15.58,0.0,0.228,0.0,30.89
5796,42.13,0.17,89.55,47.6,0.0,0.3148,0.0,0.0
5797,42.69,0.0,87.99,14.4,0.0,0.5797,0.0,30.89
5798,42.89,0.0,80.25,37.37,0.0,0.6598,0.0,0.0
5799,42.69,0.0,68.45,14.08,0.0,0.8678,0.0,11.67
5800,42.13,0.0,51.81,9.68,0.0,0.9461,0.0,0.0
5801,41.2,0.02,29.86,0.0,0.0,1.0,11.31,0.0
5802,39.96,0.0,8.61,0.0,0.46,1.0,30.89,0.0
5803,38.44,0.0,0.0,0.0,38.44,0.9972,0.0,0.0
5804,36.71,0.0,0.0,0.0,36.71,0.7602,0.0,0.0
5805,34.84,0.0,0.0,0.0,34.84,0.5338,0.0,0.0
5806,32.89,0.0,0.0,0.0,5.03,0.319,27.86,0.0
5807,32.89,0.0,0.0,0.0,2.0,0.288,30.89,0.0
5808,32.86,0.0,0.0,0.0,1.97,0.2757,30.89,0.0
5809,32.86,0.0,0.0,0.0,1.97,0.2635,30.89,0.0
5810,32.86,0.0,0.0,0.0,1.97,0.2513,30.89,0.0
5811,32.86,0.0,0.0,0.0,32.86,0.2391,0.0,0.0
5812,32.86,0.0,0.0,0.0,1.97,0.0365,30.89,0.0
5813,32.86,0.0,0.0,0.0,1.97,0.0243,30.89,0.0
5814,32.86,0.0,0.0,0.0,1.97,0.0122,30.89,0.0
5815,34.82,0.0,11.86,0.0,0.0,0.0,22.95,0.0
5816,36.69,7.41,34.66,5.38,0.0,0.0,0.0,0.0
5817,38.42,13.27,56.97,31.81,0.0,0.0299,0.0,0.0
5818,39.94,7.41,39.11,6.59,0.0,0.207,0.0,0.0
5819,41.18,4.67,68.69,32.18,0.0,0.2436,0.0,0.0
5820,42.1,3.59,70.91,32.4,0.0,0.4227,0.0,0.0
5821,42.67,2.7,42.53,2.56,0.0,0.603,0.0,0.0
5822,42.86,2.7,52.11,11.95,0.0,0.6173,0.0,0.0
5823,42.67,2.7,42.26,2.29,0.0,0.6838,0.0,0.0
5824,42.1,3.59,17.57,0.0,17.72,0.6965,3.22,0.0
5825,41.18,0.93,24.23,0.0,0.0,0.5873,16.03,0.0
5826,39.94,0.0,7.6,0.0,1.44,0.5873,30.89,0.0
5827,38.42,0.0,0.0,0.0,7.53,0.5784,30.89,0.0
5828,36.69,0.0,0.0,0.0,5.8,0.532,30.89,0.0
5829,34.82,0.0,0.0,0.0,3.92,0.4962,30.89,0.0
5830,32.86,0.0,0.0,0.0,1.97,0.472,30.89,0.0
5831,32.86,0.02,0.0,0.0,32.84,0.4598,0.0,0.0
5832,32.84,0.07,0.0,0.0,1.88,0.2573,30.89,0.0
5833,32.84,0.17,0.0,0.0,1.78,0.2458,30.89,0.0
5834,32.84,0.34,0.0,0.0,1.61,0.2348,30.89,0.0
5835,32.84,0.34,0.0,0.0,1.61,0.2248,30.89,0.0
5836,32.84,0.34,0.0,0.0,32.5,0.2149,0.0,0.0
5837,32.84,0.17,0.0,0.0,1.78,0.0145,30.89,0.0
5838,32.84,1.38,0.0,0.0,0.57,0.0035,30.89,0.0
5839,34.79,4.67,2.74,0.0,0.0,0.0,27.38,0.0
5840,36.67,53.14,22.15,7.73,0.0,0.0,0.0,30.89
5841,38.4,72.9,19.34,22.95,0.0,0.043,0.0,30.89
5842,39.91,19.7,56.15,5.05,0.0,0.1707,0.0,30.89
5843,41.16,59.27,58.19,45.41,0.0,0.1989,0.0,30.89
5844,42.08,44.81,78.16,50.0,0.0,0.4516,0.0,30.89
5845,42.65,47.45,37.21,11.12,0.0,0.7298,0.0,30.89
5846,42.84,42.19,68.97,37.43,0.0,0.7917,0.0,30.89
5847,42.65,37.32,35.27,0.0,0.0,1.0,0.0,29.94
5848,42.08,28.75,39.75,0.0,0.0,1.0,0.0,26.42
5849,41.16,4.67,27.1,0.0,0.0,1.0,9.39,0.0
5850,39.91,0.0,8.93,0.0,30.98,1.0,0.0,0.0
5851,38.4,0.0,0.0,0.0,38.4,0.809,0.0,0.0
5852,36.67,0.0,0.0,0.0,36.67,0.5722,0.0,0.0
5853,34.79,0.0,0.0,0.0,34.79,0.3461,0.0,0.0
5854,32.84,0.02,0.0,0.0,1.93,0.1316,30.89,0.0
5855,32.84,0.07,0.0,0.0,1.88,0.1197,30.89,0.0
5856,32.82,0.07,0.0,0.0,1.86,0.1081,30.89,0.0
5857,32.82,0.07,0.0,0.0,6.1,0.0967,26.65,0.0
5858,32.82,0.07,0.0,0.0,1.86,0.059,30.89,0.0
5859,32.82,0.0,0.0,0.0,1.93,0.0476,30.89,0.0
5860,32.82,0.0,0.0,0.0,1.93,0.0357,30.89,0.0
5861,32.82,0.0,0.0,0.0,1.93,0.0238,30.89,0.0
5862,32.82,0.0,0.0,0.0,1.93,0.0119,30.89,0.0
5863,34.77,0.0,14.24,0.0,0.0,0.0,20.53,0.0
5864,36.65,0.0,43.96,0.0,0.0,0.0,0.0,7.32
5865,38.38,0.93,69.6,1.26,0.0,0.0,0.0,30.89
5866,39.89,2.7,88.04,19.96,0.0,0.007,0.0,30.89
5867,41.14,3.59,99.9,31.47,0.0,0.1181,0.0,30.89
5868,42.06,4.67,105.56,37.27,0.0,0.2932,0.0,30.89
5869,42.63,5.93,104.82,37.24,0.0,0.5007,0.0,30.89
5870,42.82,7.41,97.57,31.26,0.0,0.7079,0.0,30.89
5871,42.63,7.41,83.75,17.64,0.0,0.8819,0.0,30.89
5872,42.06,7.41,64.1,3.58,0.0,0.9801,0.0,25.86
5873,41.14,1.38,37.14,0.0,0.0,1.0,2.61,0.0
5874,39.89,0.0,9.15,0.0,0.0,1.0,30.74,0.0
5875,38.38,0.0,0.0,0.0,11.77,1.0,26.61,0.0
5876,36.65,0.0,0.0,0.0,5.76,0.9274,30.89,0.0
5877,34.77,0.0,0.0,0.0,34.77,0.8919,0.0,0.0
5878,32.82,0.0,0.0,0.0,1.93,0.6775,30.89,0.0
5879,32.82,0.0,0.0,0.0,32.82,0.6656,0.0,0.0
5880,32.8,0.0,0.0,0.0,32.8,0.4633,0.0,0.0
5881,32.8,0.0,0.0,0.0,1.91,0.261,30.89,0.0
5882,32.8,0.0,0.0,0.0,1.91,0.2493,30.89,0.0
5883,32.8,0.0,0.0,0.0,1.91,0.2375,30.89,0.0
5884,32.8,0.0,0.0,0.0,1.91,0.2257,30.89,0.0
5885,32.8,0.0,0.0,0.0,1.91,0.214,30.89,0.0
5886,32.8,0.0,0.0,0.0,32.8,0.2022,0.0,0.0
5887,34.75,0.02,13.8,0.0,0.0,0.0,20.93,0.0
5888,36.63,0.58,40.3,0.0,0.0,0.0,0.0,4.26
5889,38.36,0.0,56.0,0.0,0.0,0.0,0.0,17.64
5890,39.87,0.0,74.11,3.34,0.0,0.0,0.0,30.89
5891,41.11,0.0,91.5,19.49,0.0,0.0186,0.0,30.89
5892,42.04,0.0,98.69,50.0,0.0,0.1271,0.0,6.65
5893,42.61,0.0,98.45,24.95,0.0,0.4053,0.0,30.89
5894,42.8,0.0,92.82,50.0,0.0,0.5442,0.0,0.02
5895,42.61,0.0,80.46,12.03,0.0,0.8224,0.0,25.82
5896,42.04,0.0,61.92,19.88,0.0,0.8893,0.0,0.0
5897,41.11,0.0,36.04,0.0,5.07,1.0,0.0,0.0
5898,39.87,0.0,8.68,0.0,31.19,0.9687,0.0,0.0
5899,38.36,0.0,0.0,0.0,38.36,0.7764,0.0,0.0
5900,36.63,0.0,0.0,0.0,36.63,0.5399,0.0,0.0
5901,34.75,0.0,0.0,0.0,3.86,0.3141,30.89,0.0
5902,32.8,0.02,0.0,0.0,32.78,0.2903,0.0,0.0
5903,32.8,0.17,0.0,0.0,1.74,0.0882,30.89,0.0
5904,32.78,0.34,0.0,0.0,1.55,0.0775,30.89,0.0
5905,32.78,0.34,0.0,0.0,1.55,0.0679,30.89,0.0
5906,32.78,0.58,0.0,0.0,1.31,0.0583,30.89,0.0
5907,32.78,0.58,0.0,0.0,1.31,0.0503,30.89,0.0
5908,32.78,0.34,0.0,0.0,1.55,0.0422,30.89,0.0
5909,32.78,0.34,0.0,0.0,1.55,0.0327,30.89,0.0
5910,32.78,0.58,0.0,0.0,3.75,0.0231,28.45,0.0
5911,34.73,1.97,13.84,0.0,0.0,0.0,18.92,0.0
5912,36.61,5.93,43.62,0.0,0.0,0.0,0.0,12.95
5913,38.34,4.67,68.58,4.02,0.0,0.0,0.0,30.89
5914,39.85,1.38,85.96,16.61,0.0,0.0224,0.0,30.89
5915,41.09,0.58,97.48,26.08,0.0,0.1148,0.0,30.89
5916,42.02,0.93,103.04,50.0,0.0,0.2599,0.0,11.95
5917,42.59,0.58,101.57,50.0,0.0,0.5381,0.0,9.57
5918,42.78,0.58,94.47,27.96,0.0,0.8164,0.0,24.31
5919,42.59,0.58,77.93,5.03,0.0,0.972,0.0,30.89
5920,42.02,0.58,61.85,0.0,0.0,1.0,0.0,20.42
5921,41.09,0.0,35.34,0.0,5.75,1.0,0.0,0.0
5922,39.85,0.0,4.65,0.0,29.26,0.9645,5.94,0.0
5923,38.34,0.0,0.0,0.0,38.34,0.7841,0.0,0.0
5924,36.61,0.0,0.0,0.0,36.61,0.5478,0.0,0.0
5925,34.73,0.0,0.0,0.0,3.84,0.322,30.89,0.0
5926,32.78,0.0,0.0,0.0,1.89,0.2984,30.89,0.0
5927,32.78,0.0,0.0,0.0,1.89,0.2867,30.89,0.0
5928,32.76,0.0,0.0,0.0,1.87,0.2751,30.89,0.0
5929,32.76,0.0,0.0,0.0,1.87,0.2636,30.89,0.0
5930,32.76,0.0,0.0,0.0,1.87,0.2521,30.89,0.0
5931,32.76,0.0,0.0,0.0,1.87,0.2406,30.89,0.0
5932,32.76,0.0,0.0,0.0,1.87,0.229,30.89,0.0
5933,32.76,0.0,0.0,0.0,1.87,0.2175,30.89,0.0
5934,32.76,0.0,0.0,0.0,1.87,0.206,30.89,0.0
5935,34.71,0.0,6.59,0.0,28.13,0.1944,0.0,0.0
5936,36.59,0.34,21.75,0.0,0.0,0.021,14.5,0.0
5937,38.32,0.58,34.32,0.0,3.41,0.021,0.0,0.0
5938,39.83,1.97,44.58,0.0,0.0,0.0,0.0,6.72
5939,41.08,5.93,67.02,0.98,0.0,0.0,0.0,30.89
5940,42.0,11.06,65.14,3.31,0.0,0.0055,0.0,30.89
5941,42.57,15.75,89.81,47.52,0.0,0.0239,0.0,15.47
5942,42.76,18.52,88.35,50.0,0.0,0.2883,0.0,14.11
5943,42.57,18.52,73.88,49.83,0.0,0.5666,0.0,0.0
5944,42.0,15.75,54.31,28.06,0.0,0.8439,0.0,0.0
5945,41.08,1.38,31.2,0.0,0.0,1.0,8.49,0.0
5946,39.83,0.0,7.51,0.0,13.44,1.0,18.88,0.0
5947,38.32,0.02,0.0,0.0,7.4,0.9171,30.89,0.0
5948,36.59,0.02,0.0,0.0,36.57,0.8715,0.0,0.0
5949,34.71,0.07,0.0,0.0,3.75,0.646,30.89,0.0
5950,32.76,0.17,0.0,0.0,1.7,0.6229,30.89,0.0
5951,32.76,0.07,0.0,0.0,32.69,0.6124,0.0,0.0
5952,32.74,0.02,0.0,0.0,1.83,0.4109,30.89,0.0
5953,32.74,0.02,0.0,0.0,1.83,0.3996,30.89,0.0
5954,32.74,0.0,0.0,0.0,32.74,0.3883,0.0,0.0
5955,32.74,0.02,0.0,0.0,1.83,0.1864,30.89,0.0
5956,32.74,0.02,0.0,0.0,1.83,0.1752,30.89,0.0
5957,32.74,0.02,0.0,0.0,1.83,0.1639,30.89,0.0
5958,32.74,0.07,0.0,0.0,1.78,0.1526,30.89,0.0
5959,34.69,0.17,11.55,0.0,22.97,0.1416,0.0,0.0
5960,36.57,13.27,38.03,0.0,0.0,0.0,0.0,14.73
5961,38.3,6.46,63.87,1.14,0.0,0.0,0.0,30.89
5962,39.81,21.6,83.55,34.45,0.0,0.0064,0.0,30.89
5963,41.06,0.0,96.58,24.63,0.0,0.1981,0.0,30.89
5964,41.98,13.27,101.84,42.24,0.0,0.3351,0.0,30.89
5965,42.55,9.11,100.23,35.9,0.0,0.5702,0.0,30.89
5966,42.74,9.11,91.86,27.34,0.0,0.77,0.0,30.89
5967,42.55,9.11,78.32,13.99,0.0,0.9221,0.0,30.89
5968,41.98,5.93,59.51,0.0,0.0,1.0,0.0,23.46
5969,41.06,0.17,32.65,0.0,8.23,1.0,0.0,0.0
5970,39.81,0.0,7.37,0.0,32.44,0.9492,0.0,0.0
5971,38.3,0.0,0.0,0.0,38.3,0.7492,0.0,0.0
5972,36.57,0.0,0.0,0.0,31.98,0.5131,4.59,0.0
5973,34.69,0.0,0.0,0.0,3.8,0.3158,30.89,0.0
5974,32.74,0.0,0.0,0.0,1.85,0.2924,30.89,0.0
5975,32.74,0.0,0.0,0.0,1.85,0.281,30.89,0.0
5976,32.72,0.0,0.0,0.0,32.72,0.2696,0.0,0.0
5977,32.72,0.0,0.0,0.0,1.83,0.0678,30.89,0.0
5978,32.72,0.0,0.0,0.0,1.83,0.0565,30.89,0.0
5979,32.72,0.0,0.0,0.0,1.83,0.0452,30.89,0.0
5980,32.72,0.0,0.0,0.0,1.83,0.0339,30.89,0.0
5981,32.72,0.0,0.0,0.0,1.83,0.0226,30.89,0.0
5982,32.72,0.0,0.0,0.0,1.83,0.0113,30.89,0.0
5983,34.67,0.0,12.08,0.0,0.0,0.0,22.6,0.0
5984,36.55,1.97,39.38,0.0,0.0,0.0,0.0,4.8
5985,38.28,5.93,63.24,0.0,0.0,0.0,0.0,30.89
5986,39.79,7.41,82.33,19.06,0.0,0.0,0.0,30.89
5987,41.04,0.0,71.93,0.0,0.0,0.1061,0.0,30.89
5988,41.96,0.51,101.3,28.96,0.0,0.1061,0.0,30.89
5989,42.53,15.75,100.16,42.48,0.0,0.2672,0.0,30.89
5990,42.72,25.01,93.94,45.33,0.0,0.5036,0.0,30.89
5991,42.53,37.32,79.96,43.86,0.0,0.7559,0.0,30.89
5992,41.96,13.12,59.74,0.0,0.0,1.0,0.0,30.89
5993,41.04,25.01,32.69,0.0,0.0,1.0,0.0,16.66
5994,39.79,4.67,7.17,0.0,0.0,1.0,27.96,0.0
5995,38.28,4.67,0.0,0.0,2.72,1.0,30.89,0.0
5996,36.55,11.06,0.0,0.0,0.0,0.9832,25.49,0.0
5997,34.67,11.06,0.0,0.0,0.0,0.9832,23.61,0.0
5998,32.72,11.06,0.0,0.0,0.0,0.9832,21.66,0.0
5999,32.72,7.41,0.0,0.0,25.31,0.9832,0.0,0.0
6000,32.71,3.59,0.0,0.0,29.11,0.8271,0.0,0.0
6001,32.71,0.93,0.0,0.0,0.89,0.6476,30.89,0.0
6002,32.71,0.17,0.0,0.0,32.53,0.6422,0.0,0.0
6003,32.71,0.02,0.0,0.0,1.79,0.4415,30.89,0.0
6004,32.71,0.0,0.0,0.0,32.71,0.4305,0.0,0.0
6005,32.71,0.0,0.0,0.0,1.82,0.2288,30.89,0.0
6006,32.71,0.07,0.0,0.0,13.89,0.2176,18.75,0.0
6007,34.66,0.58,12.67,0.0,21.41,0.132,0.0,0.0
6008,36.53,5.93,40.9,0.0,0.0,0.0,0.0,10.3
6009,38.26,11.06,65.94,7.85,0.0,0.0,0.0,30.89
6010,39.78,9.11,83.88,22.33,0.0,0.0437,0.0,30.89
6011,41.02,3.59,95.09,26.78,0.0,0.1679,0.0,30.89
6012,41.94,1.97,84.34,44.36,0.0,0.3169,0.0,0.0
6013,42.51,1.38,91.24,50.0,0.0,0.5638,0.0,0.11
6014,42.71,1.38,83.61,11.4,0.0,0.8421,0.0,30.89
6015,42.51,2.7,76.82,6.11,0.0,0.9055,0.0,30.89
6016,41.94,2.7,53.94,10.88,0.0,0.9395,0.0,3.82
6017,41.02,0.07,19.67,0.0,21.28,1.0,0.0,0.0
6018,39.78,0.0,4.57,0.0,35.21,0.8688,0.0,0.0
6019,38.26,0.0,0.0,0.0,19.69,0.6517,18.57,0.0
6020,36.53,0.0,0.0,0.0,36.53,0.5303,0.0,0.0
6021,34.66,0.0,0.0,0.0,3.76,0.305,30.89,0.0
6022,32.71,0.0,0.0,0.0,1.81,0.2818,30.89,0.0
6023,32.71,0.0,0.0,0.0,1.82,0.2706,30.89,0.0
6024,32.69,0.0,0.0,0.0,1.8,0.2594,30.89,0.0
6025,32.69,0.0,0.0,0.0,1.8,0.2484,30.89,0.0
6026,32.69,0.0,0.0,0.0,32.69,0.2373,0.0,0.0
6027,32.69,0.0,0.0,0.0,1.8,0.0357,30.89,0.0
6028,32.69,0.0,0.0,0.0,1.8,0.0246,30.89,0.0
6029,32.69,0.02,0.0,0.0,1.78,0.0135,30.89,0.0
6030,32.69,1.38,0.0,0.0,0.42,0.0026,30.89,0.0
6031,34.64,4.67,9.17,0.0,0.0,0.0,20.81,0.0
6032,36.52,18.52,13.24,0.0,0.0,0.0,4.75,0.0
6033,38.24,28.75,20.58,0.0,0.0,0.0,0.0,11.09
6034,39.76,42.19,14.21,0.0,0.0,0.0,0.0,16.64
6035,41.0,53.14,21.05,2.3,0.0,0.0,0.0,30.89
6036,41.93,59.27,9.12,26.46,0.0,0.0128,0.0,0.0
6037,42.5,65.85,24.36,47.71,0.0,0.16,0.0,0.0
6038,42.69,72.9,32.05,31.37,0.0,0.4255,0.0,30.89
6039,42.5,88.47,7.87,50.0,0.0,0.6001,0.0,3.84
6040,41.93,80.43,5.91,21.86,0.0,0.8783,0.0,22.54
6041,41.0,42.19,2.79,0.0,0.0,1.0,0.0,3.98
6042,39.76,5.93,0.0,0.0,33.83,1.0,0.0,0.0
6043,38.24,0.07,0.0,0.0,38.17,0.7914,0.0,0.0
6044,36.52,0.0,0.0,0.0,5.63,0.556,30.89,0.0
6045,34.64,0.0,0.0,0.0,3.75,0.5214,30.89,0.0
6046,32.69,0.0,0.0,0.0,1.8,0.4982,30.89,0.0
6047,32.69,0.0,0.0,0.0,32.69,0.4872,0.0,0.0
6048,32.67,0.0,0.0,0.0,12.85,0.2856,19.82,0.0
6049,32.67,0.0,0.0,0.0,1.78,0.2063,30.89,0.0
6050,32.67,0.0,0.0,0.0,1.78,0.1953,30.89,0.0
6051,32.67,0.0,0.0,0.0,1.78,0.1843,30.89,0.0
6052,32.67,0.0,0.0,0.0,1.78,0.1734,30.89,0.0
6053,32.67,0.0,0.0,0.0,1.78,0.1624,30.89,0.0
6054,32.67,0.0,0.0,0.0,1.78,0.1514,30.89,0.0
6055,34.62,0.0,11.86,0.0,22.77,0.1404,0.0,0.0
6056,36.5,0.0,38.31,0.0,0.0,0.0,0.0,1.82
6057,38.23,0.34,63.42,0.0,0.0,0.0,0.0,25.53
6058,39.74,0.58,82.24,12.18,0.0,0.0,0.0,30.89
6059,40.99,0.58,95.08,23.78,0.0,0.0678,0.0,30.89
6060,41.91,0.58,100.69,28.48,0.0,0.2001,0.0,30.89
6061,42.48,0.58,99.58,26.79,0.0,0.3586,0.0,30.89
6062,42.67,0.34,91.67,49.34,0.0,0.5077,0.0,0.0
6063,42.48,0.34,77.57,35.43,0.0,0.7823,0.0,0.0
6064,41.91,0.58,57.4,3.7,0.0,0.9794,0.0,12.38
6065,40.99,0.34,31.65,0.0,9.0,1.0,0.0,0.0
6066,39.74,0.0,6.25,0.0,2.6,0.9445,30.89,0.0
6067,38.23,0.0,0.0,0.0,7.34,0.9285,30.89,0.0
6068,36.5,0.0,0.0,0.0,5.61,0.8832,30.89,0.0
6069,34.62,0.0,0.0,0.0,34.62,0.8487,0.0,0.0
6070,32.67,0.0,0.0,0.0,1.78,0.6352,30.89,0.0
6071,32.67,0.0,0.0,0.0,32.67,0.6242,0.0,0.0
6072,32.66,0.0,0.0,0.0,27.07,0.4228,5.59,0.0
6073,32.66,0.0,0.0,0.0,32.66,0.2558,0.0,0.0
6074,32.66,0.0,0.0,0.0,1.77,0.0545,30.89,0.0
6075,32.66,0.0,0.0,0.0,1.77,0.0436,30.89,0.0
6076,32.66,0.0,0.0,0.0,1.77,0.0327,30.89,0.0
6077,32.66,0.0,0.0,0.0,1.77,0.0218,30.89,0.0
6078,32.66,0.0,0.0,0.0,1.77,0.0109,30.89,0.0
6079,34.61,0.0,8.55,0.0,0.0,0.0,26.05,0.0
6080,36.48,0.17,25.96,0.0,0.0,0.0,10.36,0.0
6081,38.21,0.93,53.58,0.0,0.0,0.0,0.0,16.29
6082,39.73,2.7,83.25,15.34,0.0,0.0,0.0,30.89
6083,40.97,5.93,88.75,22.82,0.0,0.0853,0.0,30.89
6084,41.9,11.06,82.12,50.0,0.0,0.2123,0.0,1.29
6085,42.47,15.75,95.01,37.4,0.0,0.4906,0.0,30.89
6086,42.66,15.75,88.59,33.81,0.0,0.6987,0.0,27.87
6087,42.47,18.52,75.17,20.33,0.0,0.8869,0.0,30.89
6088,41.9,15.75,48.52,0.0,0.0,1.0,0.0,22.37
6089,40.97,2.7,26.99,0.0,0.0,1.0,11.28,0.0
6090,39.73,0.02,5.59,0.0,3.6,1.0,30.52,0.0
6091,38.21,0.07,0.0,0.0,38.14,0.9778,0.0,0.0
6092,36.48,0.34,0.0,0.0,5.26,0.7426,30.89,0.0
6093,34.61,0.34,0.0,0.0,3.38,0.7102,30.89,0.0
6094,32.66,0.07,0.0,0.0,32.58,0.6894,0.0,0.0
6095,32.66,0.02,0.0,0.0,32.64,0.4885,0.0,0.0
6096,32.64,0.02,0.0,0.0,1.73,0.2872,30.89,0.0
6097,32.64,0.02,0.0,0.0,1.73,0.2766,30.89,0.0
6098,32.64,0.0,0.0,0.0,1.75,0.2659,30.89,0.0
6099,32.64,0.0,0.0,0.0,1.75,0.2551,30.89,0.0
6100,32.64,0.0,0.0,0.0,1.75,0.2443,30.89,0.0
6101,32.64,0.0,0.0,0.0,1.75,0.2335,30.89,0.0
6102,32.64,0.02,0.0,0.0,1.73,0.2227,30.89,0.0
6103,34.59,0.58,7.34,0.0,26.67,0.212,0.0,0.0
6104,36.47,1.97,26.79,0.0,7.71,0.0476,0.0,0.0
6105,38.2,1.38,53.63,16.81,0.0,0.0,0.0,0.0
6106,39.71,0.17,66.56,26.96,0.0,0.0936,0.0,0.06
6107,40.96,0.0,75.88,4.03,0.0,0.2436,0.0,30.89
6108,41.88,0.0,82.03,40.15,0.0,0.266,0.0,0.0
6109,42.45,0.0,80.06,37.61,0.0,0.4895,0.0,0.0
6110,42.64,0.0,76.39,33.75,0.0,0.6987,0.0,0.0
6111,42.45,0.0,59.95,17.5,0.0,0.8865,0.0,0.0
6112,41.88,0.17,44.6,2.89,0.0,0.9839,0.0,0.0
6113,40.96,0.07,22.85,0.0,18.04,1.0,0.0,0.0
6114,39.71,0.0,4.29,0.0,35.42,0.8888,0.0,0.0
6115,38.2,0.0,0.0,0.0,38.2,0.6704,0.0,0.0
6116,36.47,0.0,0.0,0.0,5.58,0.4348,30.89,0.0
6117,34.59,0.0,0.0,0.0,3.7,0.4004,30.89,0.0
6118,32.64,0.0,0.0,0.0,32.64,0.3776,0.0,0.0
6119,32.64,0.0,0.0,0.0,1.75,0.1763,30.89,0.0
6120,32.63,0.0,0.0,0.0,1.74,0.1655,30.89,0.0
6121,32.63,0.0,0.0,0.0,1.74,0.1548,30.89,0.0
6122,32.63,0.0,0.0,0.0,1.74,0.1441,30.89,0.0
6123,32.63,0.0,0.0,0.0,1.74,0.1333,30.89,0.0
6124,32.63,0.0,0.0,0.0,1.74,0.1226,30.89,0.0
6125,32.63,0.0,0.0,0.0,1.74,0.1119,30.89,0.0
6126,32.63,0.0,0.0,0.0,1.74,0.1012,30.89,0.0
6127,34.58,0.0,0.78,0.0,14.2,0.0905,19.6,0.0
6128,36.46,4.67,1.68,0.0,0.0,0.0029,30.1,0.0
6129,38.18,15.75,3.36,0.0,0.0,0.0029,19.07,0.0
6130,39.7,32.85,6.37,0.0,0.48,0.0029,0.0,0.0
6131,40.94,47.45,10.87,17.08,0.0,0.0,0.0,0.3
6132,41.87,47.45,22.35,27.94,0.0,0.095,0.0,0.0
6133,42.44,32.85,32.34,22.76,0.0,0.2505,0.0,0.0
6134,42.63,21.6,74.67,50.0,0.0,0.3772,0.0,3.64
6135,42.44,13.27,73.3,44.13,0.0,0.6554,0.0,0.0
6136,41.87,4.67,55.0,17.79,0.0,0.901,0.0,0.0
6137,40.94,0.17,24.85,0.0,0.0,1.0,15.92,0.0
6138,39.7,0.0,5.14,0.0,3.67,1.0,30.89,0.0
6139,38.18,0.0,0.0,0.0,7.29,0.9774,30.89,0.0
6140,36.46,0.0,0.0,0.0,36.46,0.9324,0.0,0.0
6141,34.58,0.0,0.0,0.0,3.69,0.7076,30.89,0.0
6142,32.63,0.0,0.0,0.0,1.74,0.6849,30.89,0.0
6143,32.63,0.0,0.0,0.0,32.63,0.6742,0.0,0.0
6144,32.62,0.0,0.0,0.0,4.58,0.473,28.04,0.0
6145,32.62,0.0,0.0,0.0,1.72,0.4448,30.89,0.0
6146,32.62,0.0,0.0,0.0,32.62,0.4341,0.0,0.0
6147,32.62,0.0,0.0,0.0,1.72,0.233,30.89,0.0
6148,32.62,0.0,0.0,0.0,1.72,0.2224,30.89,0.0
6149,32.62,0.0,0.0,0.0,32.62,0.2117,0.0,0.0
6150,32.62,0.0,0.0,0.0,1.72,0.0106,30.89,0.0
6151,34.57,0.0,10.73,0.0,0.0,0.0,23.84,0.0
6152,36.44,0.58,34.36,0.0,0.0,0.0,1.5,0.0
6153,38.17,7.41,48.58,0.0,0.0,0.0,0.0,17.82
6154,39.69,11.06,78.31,18.8,0.0,0.0,0.0,30.89
6155,40.93,9.11,70.5,8.97,0.0,0.1046,0.0,29.71
6156,41.85,5.93,77.62,41.7,0.0,0.1545,0.0,0.0
6157,42.42,1.97,71.12,30.67,0.0,0.3866,0.0,0.0
6158,42.62,0.07,75.9,33.35,0.0,0.5573,0.0,0.0
6159,42.42,0.0,75.46,33.03,0.0,0.7429,0.0,0.0
6160,41.85,0.0,55.03,13.17,0.0,0.9267,0.0,0.0
6161,40.93,0.0,28.67,0.0,0.0,1.0,12.26,0.0
6162,39.69,0.0,4.27,0.0,35.42,1.0,0.0,0.0
6163,38.17,0.0,0.0,0.0,38.17,0.7816,0.0,0.0
6164,36.44,0.0,0.0,0.0,36.44,0.5462,0.0,0.0
6165,34.57,0.34,0.0,0.0,3.34,0.3215,30.89,0.0
6166,32.62,1.97,0.0,0.0,0.0,0.3009,30.65,0.0
6167,32.62,1.97,0.0,0.0,0.0,0.3009,30.65,0.0
6168,32.6,1.38,0.0,0.0,0.33,0.3009,30.89,0.0
6169,32.6,1.38,0.0,0.0,23.56,0.2989,7.66,0.0
6170,32.6,1.38,0.0,0.0,0.33,0.1536,30.89,0.0
6171,32.6,1.38,0.0,0.0,0.33,0.1516,30.89,0.0
6172,32.6,0.93,0.0,0.0,0.79,0.1496,30.89,0.0
6173,32.6,0.34,0.0,0.0,1.37,0.1447,30.89,0.0
6174,32.6,0.93,0.0,0.0,0.79,0.1362,30.89,0.0
6175,34.55,1.97,11.28,0.0,21.31,0.1314,0.0,0.0
6176,36.43,26.87,40.45,0.0,0.0,0.0,0.0,30.89
6177,38.16,0.93,68.12,0.0,0.0,0.0,0.0,30.89
6178,39.67,0.0,70.57,0.0,0.0,0.0,0.0,30.89
6179,40.92,0.0,71.81,0.0,0.0,0.0,0.0,30.89
6180,41.84,72.73,0.0,0.0,0.0,0.0,0.0,30.89
6181,42.41,15.06,108.24,50.0,0.0,0.0,0.0,30.89
6182,42.6,79.45,0.0,5.95,0.0,0.2782,0.0,30.89
6183,42.41,40.42,82.89,50.0,0.0,0.3114,0.0,30.89
6184,41.84,62.86,59.87,50.0,0.0,0.5896,0.0,30.89
6185,40.92,65.85,29.71,23.75,0.0,0.8679,0.0,30.89
6186,39.67,3.59,4.65,0.0,0.54,1.0,30.89,0.0
6187,38.16,0.34,0.0,0.0,6.93,0.9966,30.89,0.0
6188,36.43,0.17,0.0,0.0,15.67,0.9539,20.59,0.0
6189,34.55,0.07,0.0,0.0,3.59,0.8573,30.89,0.0
6190,32.6,0.07,0.0,0.0,32.53,0.8352,0.0,0.0
6191,32.6,0.07,0.0,0.0,1.64,0.6346,30.89,0.0
6192,32.59,0.02,0.0,0.0,1.68,0.6245,30.89,0.0
6193,32.59,0.02,0.0,0.0,32.57,0.6141,0.0,0.0
6194,32.59,0.02,0.0,0.0,1.68,0.4133,30.89,0.0
6195,32.59,0.0,0.0,0.0,1.7,0.403,30.89,0.0
6196,32.59,0.0,0.0,0.0,1.7,0.3925,30.89,0.0
6197,32.59,0.0,0.0,0.0,32.59,0.382,0.0,0.0
6198,32.59,0.0,0.0,0.0,1.7,0.181,30.89,0.0
6199,34.54,0.0,11.53,0.0,23.01,0.1705,0.0,0.0
6200,36.42,0.0,31.77,0.0,4.65,0.0286,0.0,0.0
6201,38.15,0.0,53.72,0.0,0.0,0.0,0.0,15.58
6202,39.66,0.07,74.59,4.11,0.0,0.0,0.0,30.89
6203,40.91,0.34,88.57,17.11,0.0,0.0229,0.0,30.89
6204,41.83,1.97,90.66,39.57,0.0,0.1181,0.0,11.23
6205,42.4,4.67,87.75,50.0,0.0,0.3383,0.0,0.01
6206,42.59,5.93,60.51,23.85,0.0,0.6166,0.0,0.0
6207,42.4,9.11,61.96,28.67,0.0,0.7493,0.0,0.0
6208,41.83,9.11,49.09,16.37,0.0,0.9089,0.0,0.0
6209,40.91,1.38,21.29,0.0,0.0,1.0,18.23,0.0
6210,39.66,0.02,4.15,0.0,4.6,1.0,30.89,0.0
6211,38.15,0.02,0.0,0.0,38.13,0.9717,0.0,0.0
6212,36.42,0.02,0.0,0.0,36.4,0.7366,0.0,0.0
6213,34.54,0.02,0.0,0.0,3.63,0.5121,30.89,0.0
6214,32.59,0.0,0.0,0.0,32.59,0.4898,0.0,0.0
6215,32.59,0.0,0.0,0.0,1.7,0.2888,30.89,0.0
6216,32.58,0.0,0.0,0.0,1.69,0.2783,30.89,0.0
6217,32.58,0.0,0.0,0.0,1.69,0.2679,30.89,0.0
6218,32.58,0.0,0.0,0.0,32.58,0.2575,0.0,0.0
6219,32.58,0.0,0.0,0.0,4.11,0.0566,28.47,0.0
6220,32.58,0.0,0.0,0.0,1.69,0.0312,30.89,0.0
6221,32.58,0.0,0.0,0.0,1.69,0.0208,30.89,0.0
6222,32.58,0.0,0.0,0.0,1.69,0.0104,30.89,0.0
6223,34.53,0.0,10.22,0.0,0.0,0.0,24.31,0.0
6224,36.41,0.34,38.06,0.0,0.0,0.0,0.0,1.99
6225,38.14,0.0,64.37,0.0,0.0,0.0,0.0,26.24
6226,39.65,0.0,83.53,12.99,0.0,0.0,0.0,30.89
6227,40.89,0.0,96.2,24.41,0.0,0.0723,0.0,30.89
6228,41.82,0.0,101.98,50.0,0.0,0.2081,0.0,10.16
6229,42.39,0.07,101.42,50.0,0.0,0.4864,0.0,9.11
6230,42.58,0.07,93.07,19.67,0.0,0.7646,0.0,30.89
6231,42.39,0.07,78.76,6.77,0.0,0.8741,0.0,29.67
6232,41.82,0.0,57.67,15.86,0.0,0.9118,0.0,0.0
6233,40.89,0.0,29.15,0.0,0.0,1.0,11.75,0.0
6234,39.65,0.0,3.86,0.0,35.79,1.0,0.0,0.0
6235,38.14,0.0,0.0,0.0,9.5,0.7793,28.64,0.0
6236,36.41,0.0,0.0,0.0,36.41,0.7207,0.0,0.0
6237,34.53,0.0,0.0,0.0,34.53,0.4962,0.0,0.0
6238,32.58,0.0,0.0,0.0,32.58,0.2833,0.0,0.0
6239,32.58,0.0,0.0,0.0,1.69,0.0824,30.89,0.0
6240,32.57,0.02,0.0,0.0,1.66,0.072,30.89,0.0
6241,32.57,0.02,0.0,0.0,1.66,0.0618,30.89,0.0
6242,32.57,0.02,0.0,0.0,1.66,0.0516,30.89,0.0
6243,32.57,0.0,0.0,0.0,1.68,0.0414,30.89,0.0
6244,32.57,0.0,0.0,0.0,1.68,0.031,30.89,0.0
6245,32.57,0.0,0.0,0.0,1.68,0.0207,30.89,0.0
6246,32.57,0.0,0.0,0.0,1.68,0.0104,30.89,0.0
6247,34.52,0.0,11.19,0.0,0.0,0.0,23.33,0.0
6248,36.4,0.34,40.89,0.0,0.0,0.0,0.0,4.84
6249,38.13,1.38,67.1,0.0,0.0,0.0,0.0,30.36
6250,39.64,5.93,86.53,21.93,0.0,0.0,0.0,30.89
6251,40.88,11.06,98.71,38.0,0.0,0.1221,0.0,30.89
6252,41.81,9.11,103.9,40.32,0.0,0.3335,0.0,30.89
6253,42.38,7.41,102.31,36.46,0.0,0.5579,0.0,30.89
6254,42.57,5.93,93.68,26.15,0.0,0.7607,0.0,30.89
6255,42.38,5.93,79.25,16.84,0.0,0.9063,0.0,25.96
6256,41.81,4.67,57.82,0.0,0.0,1.0,0.0,20.67
6257,40.88,0.34,29.24,0.0,0.0,1.0,11.3,0.0
6258,39.64,0.0,3.77,0.0,35.87,1.0,0.0,0.0
6259,38.13,0.02,0.0,0.0,26.21,0.7788,11.89,0.0
6260,36.4,0.07,0.0,0.0,36.32,0.6172,0.0,0.0
6261,34.52,0.34,0.0,0.0,3.29,0.3932,30.89,0.0
6262,32.57,1.38,0.0,0.0,0.3,0.3729,30.89,0.0
6263,32.57,4.67,0.0,0.0,0.0,0.3711,27.9,0.0
6264,32.56,7.41,0.0,0.0,0.0,0.3711,25.15,0.0
6265,32.56,5.93,0.0,0.0,0.0,0.3711,26.63,0.0
6266,32.56,2.7,0.0,0.0,0.0,0.3711,29.86,0.0
6267,32.56,0.93,0.0,0.0,0.74,0.3711,30.89,0.0
6268,32.56,0.17,0.0,0.0,1.5,0.3665,30.89,0.0
6269,32.56,0.0,0.0,0.0,1.67,0.3573,30.89,0.0
6270,32.56,0.02,0.0,0.0,32.54,0.347,0.0,0.0
6271,34.51,0.07,10.7,0.0,23.74,0.1464,0.0,0.0
6272,36.39,13.27,39.58,0.0,0.0,0.0,0.0,16.46
6273,38.12,42.19,66.17,39.35,0.0,0.0,0.0,30.89
6274,39.63,34.67,85.85,50.0,0.0,0.219,0.0,30.89
6275,40.87,0.0,98.57,26.81,0.0,0.4973,0.0,30.89
6276,41.8,0.0,80.66,7.97,0.0,0.6464,0.0,30.89
6277,42.37,0.0,73.26,0.0,0.0,0.6908,0.0,30.89
6278,42.56,0.0,73.45,0.0,0.0,0.6908,0.0,30.89
6279,42.37,0.0,78.82,5.56,0.0,0.6908,0.0,30.89
6280,41.8,65.74,56.94,50.0,0.0,0.7218,0.0,30.89
6281,40.87,11.06,27.84,0.0,1.97,1.0,0.0,0.0
6282,39.63,0.34,3.37,0.0,35.92,0.9879,0.0,0.0
6283,38.12,0.17,0.0,0.0,37.94,0.7664,0.0,0.0
6284,36.39,0.34,0.0,0.0,5.16,0.5324,30.89,0.0
6285,34.51,0.93,0.0,0.0,2.69,0.5006,30.89,0.0
6286,32.56,1.97,0.0,0.0,0.0,0.484,30.59,0.0
6287,32.56,2.7,0.0,0.0,29.86,0.484,0.0,0.0
6288,32.55,0.93,0.0,0.0,11.01,0.2999,20.61,0.0
6289,32.55,0.17,0.0,0.0,32.38,0.232,0.0,0.0
6290,32.55,0.17,0.0,0.0,1.49,0.0323,30.89,0.0
6291,32.55,0.34,0.0,0.0,1.32,0.0231,30.89,0.0
6292,32.55,0.58,0.0,0.0,1.08,0.015,30.89,0.0
6293,32.55,0.58,0.0,0.0,1.08,0.0083,30.89,0.0
6294,32.55,1.38,0.0,0.0,0.28,0.0017,30.89,0.0
6295,34.5,4.67,6.95,0.0,0.0,0.0,22.89,0.0
6296,36.38,42.19,21.16,0.0,0.0,0.0,0.0,26.97
6297,38.11,58.07,35.69,24.76,0.0,0.0,0.0,30.89
6298,39.62,73.5,47.01,50.0,0.0,0.1378,0.0,30.89
6299,40.87,42.59,79.17,50.0,0.0,0.416,0.0,30.89
6300,41.79,9.4,63.28,0.0,0.0,0.6943,0.0,30.89
6301,42.36,36.63,36.62,0.0,0.0,0.6943,0.0,30.89
6302,42.55,29.26,44.18,0.0,0.0,0.6943,0.0,30.89
6303,42.36,75.98,47.27,50.0,0.0,0.6943,0.0,30.89
6304,41.79,57.86,14.82,0.0,0.0,0.9725,0.0,30.89
6305,40.87,72.9,3.8,4.94,0.0,0.9725,0.0,30.89
6306,39.62,25.01,0.12,0.0,0.0,1.0,14.5,0.0
6307,38.11,13.27,0.0,0.0,24.84,1.0,0.0,0.0
6308,36.38,9.11,0.0,0.0,27.26,0.8468,0.0,0.0
6309,34.5,7.41,0.0,0.0,27.09,0.6787,0.0,0.0
6310,32.55,9.11,0.0,0.0,0.0,0.5117,23.44,0.0
6311,32.55,7.41,0.0,0.0,0.0,0.5117,25.14,0.0
6312,32.54,2.7,0.0,0.0,29.84,0.5117,0.0,0.0
6313,32.54,0.34,0.0,0.0,32.2,0.3277,0.0,0.0
6314,32.54,0.02,0.0,0.0,1.63,0.1291,30.89,0.0
6315,32.54,0.0,0.0,0.0,1.65,0.119,30.89,0.0
6316,32.54,0.0,0.0,0.0,14.37,0.1089,18.17,0.0
6317,32.54,0.0,0.0,0.0,1.65,0.0202,30.89,0.0
6318,32.54,0.02,0.0,0.0,1.63,0.0101,30.89,0.0
6319,34.49,0.17,4.21,0.0,0.0,0.0,30.11,0.0
6320,36.37,13.27,27.02,0.0,0.0,0.0,0.0,3.91
6321,38.1,32.85,33.66,0.0,0.0,0.0,0.0,28.41
6322,39.61,47.45,68.9,45.85,0.0,0.0,0.0,30.89
6323,40.86,33.06,88.69,50.0,0.0,0.2551,0.0,30.89
6324,41.78,53.14,19.53,0.0,0.0,0.5334,0.0,30.89
6325,42.35,53.14,20.1,0.0,0.0,0.5334,0.0,30.89
6326,42.54,48.25,75.19,50.0,0.0,0.5334,0.0,30.89
6327,42.35,37.1,54.5,18.36,0.0,0.8116,0.0,30.89
6328,41.78,65.85,22.32,15.49,0.0,0.9138,0.0,30.89
6329,40.86,28.75,9.46,0.0,2.65,1.0,0.0,0.0
6330,39.61,2.7,0.74,0.0,18.96,0.9837,17.21,0.0
6331,38.1,0.34,0.0,0.0,37.76,0.8667,0.0,0.0
6332,36.37,0.17,0.0,0.0,5.31,0.6339,30.89,0.0
6333,34.49,0.0,0.0,0.0,3.6,0.6012,30.89,0.0
6334,32.54,0.0,0.0,0.0,1.65,0.579,30.89,0.0
6335,32.54,0.0,0.0,0.0,1.65,0.5688,30.89,0.0
6336,32.54,0.0,0.0,0.0,1.64,0.5586,30.89,0.0
6337,32.54,0.0,0.0,0.0,1.64,0.5485,30.89,0.0
6338,32.54,0.0,0.0,0.0,1.64,0.5383,30.89,0.0
6339,32.54,0.0,0.0,0.0,1.64,0.5282,30.89,0.0
6340,32.54,0.0,0.0,0.0,1.64,0.5181,30.89,0.0
6341,32.54,0.0,0.0,0.0,1.64,0.5079,30.89,0.0
6342,32.54,0.0,0.0,0.0,1.64,0.4978,30.89,0.0
6343,34.49,0.0,3.99,0.0,0.0,0.4876,30.49,0.0
6344,36.36,0.0,14.59,0.0,0.0,0.4876,21.77,0.0
6345,38.09,0.58,9.67,0.0,0.0,0.4876,27.83,0.0
6346,39.61,1.38,5.68,0.0,1.65,0.4876,30.89,0.0
6347,40.85,0.34,16.59,0.0,0.0,0.4775,23.92,0.0
6348,41.77,0.02,31.75,0.0,0.0,0.4775,10.0,0.0
6349,42.34,0.17,29.42,0.0,0.0,0.4775,12.75,0.0
6350,42.54,0.93,33.89,0.0,0.0,0.4775,7.72,0.0
6351,42.34,2.7,18.04,0.0,0.0,0.4775,21.6,0.0
6352,41.77,3.59,12.29,0.0,0.0,0.4775,25.89,0.0
6353,40.85,0.58,4.08,0.0,5.3,0.4775,30.89,0.0
6354,39.61,0.0,0.6,0.0,8.11,0.4448,30.89,0.0
6355,38.09,0.0,0.0,0.0,38.09,0.3948,0.0,0.0
6356,36.36,0.0,0.0,0.0,5.47,0.1599,30.89,0.0
6357,34.49,0.0,0.0,0.0,3.6,0.1262,30.89,0.0
6358,32.54,0.0,0.0,0.0,1.64,0.104,30.89,0.0
6359,32.54,0.0,0.0,0.0,1.64,0.0939,30.89,0.0
6360,32.53,0.0,0.0,0.0,1.64,0.0837,30.89,0.0
6361,32.53,0.0,0.0,0.0,1.64,0.0736,30.89,0.0
6362,32.53,0.0,0.0,0.0,1.64,0.0635,30.89,0.0
6363,32.53,0.0,0.0,0.0,1.64,0.0534,30.89,0.0
6364,32.53,0.0,0.0,0.0,1.64,0.0433,30.89,0.0
6365,32.53,0.0,0.0,0.0,1.64,0.0332,30.89,0.0
6366,32.53,0.0,0.0,0.0,1.64,0.0231,30.89,0.0
6367,34.48,0.0,8.18,0.0,0.0,0.013,26.3,0.0
6368,36.36,0.0,34.24,0.0,2.11,0.013,0.0,0.0
6369,38.08,0.0,28.0,0.0,0.0,0.0,10.08,0.0
6370,39.6,0.0,46.86,0.0,0.0,0.0,0.0,7.26
6371,40.84,0.0,90.97,19.24,0.0,0.0,0.0,30.89
6372,41.77,0.0,96.07,50.0,0.0,0.1071,0.0,4.31
6373,42.34,0.0,91.26,48.93,0.0,0.3853,0.0,0.0
6374,42.53,0.0,87.26,44.74,0.0,0.6576,0.0,0.0
6375,42.34,0.0,72.44,6.83,0.0,0.9065,0.0,23.27
6376,41.77,0.0,51.73,9.96,0.0,0.9445,0.0,0.0
6377,40.84,0.0,23.94,0.0,16.9,1.0,0.0,0.0
6378,39.6,0.0,2.09,0.0,37.51,0.8958,0.0,0.0
6379,38.08,0.02,0.0,0.0,38.06,0.6645,0.0,0.0
6380,36.36,0.07,0.0,0.0,5.39,0.4298,30.89,0.0
6381,34.48,0.07,0.0,0.0,3.52,0.3966,30.89,0.0
6382,32.53,0.07,0.0,0.0,1.56,0.3749,30.89,0.0
6383,32.53,0.02,0.0,0.0,32.51,0.3652,0.0,0.0
6384,32.52,0.02,0.0,0.0,1.61,0.1648,30.89,0.0
6385,32.52,0.02,0.0,0.0,1.61,0.1549,30.89,0.0
6386,32.52,0.0,0.0,0.0,1.63,0.1449,30.89,0.0
6387,32.52,0.0,0.0,0.0,1.63,0.1349,30.89,0.0
6388,32.52,0.0,0.0,0.0,16.99,0.1249,15.53,0.0
6389,32.52,0.0,0.0,0.0,1.63,0.0201,30.89,0.0
6390,32.52,0.0,0.0,0.0,1.63,0.0101,30.89,0.0
6391,34.47,0.0,9.06,0.0,0.0,0.0,25.41,0.0
6392,36.35,1.38,35.93,0.0,0.0,0.0,0.0,0.96
6393,38.08,5.93,62.12,0.0,0.0,0.0,0.0,29.98
6394,39.59,13.27,71.09,13.87,0.0,0.0,0.0,30.89
6395,40.84,13.27,87.73,29.27,0.0,0.0772,0.0,30.89
6396,41.76,11.06,94.24,35.54,0.0,0.2401,0.0,27.99
6397,42.33,7.41,93.75,27.94,0.0,0.4378,0.0,30.89
6398,42.52,7.41,79.43,44.31,0.0,0.5933,0.0,0.0
6399,42.33,7.41,63.68,28.76,0.0,0.8399,0.0,0.0
6400,41.76,5.93,45.06,0.0,0.0,1.0,0.0,9.23
6401,40.84,0.58,19.69,0.0,0.0,1.0,20.56,0.0
6402,39.59,0.0,0.73,0.0,7.97,1.0,30.89,0.0
6403,38.08,0.02,0.0,0.0,7.17,0.9509,30.89,0.0
6404,36.35,0.02,0.0,0.0,5.44,0.9067,30.89,0.0
6405,34.47,0.02,0.0,0.0,34.31,0.8732,0.14,0.0
6406,32.52,0.02,0.0,0.0,1.61,0.6616,30.89,0.0
6407,32.52,0.0,0.0,0.0,1.63,0.6517,30.89,0.0
6408,32.52,0.0,0.0,0.0,32.52,0.6416,0.0,0.0
6409,32.52,0.0,0.0,0.0,1.63,0.4411,30.89,0.0
6410,32.52,0.0,0.0,0.0,1.63,0.4311,30.89,0.0
6411,32.52,0.0,0.0,0.0,1.63,0.4211,30.89,0.0
6412,32.52,0.0,0.0,0.0,32.52,0.411,0.0,0.0
6413,32.52,0.0,0.0,0.0,32.52,0.2105,0.0,0.0
6414,32.52,0.0,0.0,0.0,1.63,0.01,30.89,0.0
6415,34.47,0.0,6.99,0.0,0.0,0.0,27.48,0.0
6416,36.34,0.34,30.57,0.0,0.0,0.0,5.44,0.0
6417,38.07,1.38,55.0,0.0,0.0,0.0,0.0,18.31
6418,39.59,1.38,75.05,5.95,0.0,0.0,0.0,30.89
6419,40.83,1.38,90.54,20.2,0.0,0.0331,0.0,30.89
6420,41.76,1.38,95.63,34.57,0.0,0.1455,0.0,20.68
6421,42.32,1.38,94.02,50.0,0.0,0.3379,0.0,3.08
6422,42.52,1.38,85.54,44.4,0.0,0.6161,0.0,0.0
6423,42.32,1.97,64.86,24.5,0.0,0.8632,0.0,0.0
6424,41.76,1.38,40.45,0.08,0.0,0.9996,0.0,0.0
6425,40.83,0.17,13.7,0.0,0.0,1.0,26.96,0.0
6426,39.59,0.02,1.07,0.0,22.59,1.0,15.9,0.0
6427,38.07,0.93,0.0,0.0,6.26,0.8607,30.89,0.0
6428,36.34,4.67,0.0,0.0,0.79,0.8221,30.89,0.0
6429,34.47,4.67,0.0,0.0,0.0,0.8173,29.8,0.0
6430,32.52,2.7,0.0,0.0,29.82,0.8173,0.0,0.0
6431,32.52,1.38,0.0,0.0,31.13,0.6334,0.0,0.0
6432,32.51,0.58,0.0,0.0,31.93,0.4415,0.0,0.0
6433,32.51,0.17,0.0,0.0,1.45,0.2446,30.89,0.0
6434,32.51,0.17,0.0,0.0,1.45,0.2357,30.89,0.0
6435,32.51,0.34,0.0,0.0,1.28,0.2267,30.89,0.0
6436,32.51,0.17,0.0,0.0,1.45,0.2188,30.89,0.0
6437,32.51,0.02,0.0,0.0,1.6,0.2099,30.89,0.0
6438,32.51,0.07,0.0,0.0,32.44,0.2,0.0,0.0
6439,34.46,0.34,8.03,0.0,0.0,0.0,26.1,0.0
6440,36.34,11.06,31.51,0.0,0.0,0.0,0.0,6.23
6441,38.07,13.27,61.8,6.11,0.0,0.0,0.0,30.89
6442,39.58,5.46,82.15,17.14,0.0,0.034,0.0,30.89
6443,40.83,15.75,95.32,39.35,0.0,0.1293,0.0,30.89
6444,41.75,0.0,100.73,28.09,0.0,0.3483,0.0,30.89
6445,42.32,18.52,99.07,44.38,0.0,0.5047,0.0,30.89
6446,42.51,0.0,90.36,16.95,0.0,0.7516,0.0,30.89
6447,42.32,18.52,74.61,19.92,0.0,0.846,0.0,30.89
6448,41.75,18.52,52.66,0.0,1.47,0.9568,0.0,30.89
6449,40.83,7.41,18.56,0.0,45.74,0.9478,0.0,30.89
6450,39.58,2.7,1.0,0.0,50.0,0.6657,0.0,14.12
6451,38.07,18.52,0.0,0.0,50.0,0.3574,0.0,30.45
6452,36.34,59.27,0.0,0.0,7.96,0.0491,0.0,30.89
6453,34.46,65.35,0.0,0.0,0.0,0.0,0.0,30.89
6454,32.51,88.47,0.0,25.07,0.0,0.0,0.0,30.89
6455,32.51,65.85,0.0,33.34,0.0,0.1395,0.0,0.0
6456,32.51,32.51,0.0,0.0,0.0,0.325,0.0,0.0
6457,32.51,53.14,0.0,20.63,0.0,0.325,0.0,0.0
6458,32.51,32.51,0.0,0.0,0.0,0.4398,0.0,0.0
6459,32.51,53.49,0.0,20.98,0.0,0.4398,0.0,0.0
6460,32.51,32.51,0.0,0.0,0.0,0.5566,0.0,0.0
6461,32.51,13.27,0.0,0.0,19.24,0.5566,0.0,0.0
6462,32.51,9.11,0.0,0.0,23.39,0.4379,0.0,0.0
6463,34.46,15.75,1.97,0.0,47.63,0.2937,0.0,30.89
6464,36.34,53.5,17.9,4.18,0.0,0.0,0.0,30.89
6465,38.06,47.66,21.3,0.0,0.0,0.0232,0.0,30.89
6466,39.58,47.52,22.95,0.0,0.0,0.0232,0.0,30.89
6467,40.82,96.96,19.51,44.75,0.0,0.0232,0.0,30.89
6468,41.75,96.96,17.85,42.17,0.0,0.2723,0.0,30.89
6469,42.32,17.92,55.28,0.0,0.0,0.5069,0.0,30.89
6470,42.51,90.41,32.99,50.0,0.0,0.5069,0.0,30.89
6471,42.32,48.34,24.86,0.0,0.0,0.7852,0.0,30.89
6472,41.75,96.96,14.29,38.61,0.0,0.7852,0.0,30.89
6473,40.82,70.06,1.65,0.0,0.0,1.0,0.0,30.89
6474,39.58,53.14,0.0,0.0,17.33,1.0,0.0,30.89
6475,38.06,72.9,0.0,3.94,0.0,0.8932,0.0,30.89
6476,36.34,72.9,0.0,5.67,0.0,0.9151,0.0,30.89
6477,34.46,65.85,0.0,0.5,0.0,0.9466,0.0,30.89
6478,32.51,47.45,0.0,0.0,4.88,0.9494,0.0,19.83
6479,32.51,37.32,0.0,4.82,0.0,0.9193,0.0,0.0
6480,32.51,42.19,0.0,9.68,0.0,0.9461,0.0,0.0
6481,32.51,25.01,0.0,0.0,7.5,1.0,0.0,0.0
6482,32.51,9.11,0.0,0.0,0.0,0.9538,23.39,0.0
6483,32.51,0.93,0.0,0.0,0.69,0.9538,30.89,0.0
6484,32.51,0.0,0.0,0.0,32.5,0.9495,0.0,0.0
6485,32.51,0.0,0.0,0.0,1.61,0.7491,30.89,0.0
6486,32.51,0.07,0.0,0.0,1.54,0.7391,30.89,0.0
6487,34.46,0.17,0.77,0.0,13.91,0.7296,19.61,0.0
6488,36.33,4.67,6.43,0.0,0.0,0.6439,25.24,0.0
6489,38.06,2.7,16.02,0.0,0.0,0.6439,19.34,0.0
6490,39.58,0.34,5.77,0.0,2.58,0.6439,30.89,0.0
6491,40.82,0.07,16.19,0.0,0.0,0.628,24.55,0.0
6492,41.74,0.07,63.09,21.42,0.0,0.628,0.0,0.0
6493,42.31,1.38,45.31,4.38,0.0,0.7472,0.0,0.0
6494,42.51,7.41,51.45,16.35,0.0,0.7716,0.0,0.0
6495,42.31,18.52,11.45,0.0,12.34,0.8626,0.0,0.0
6496,41.74,18.52,41.39,18.17,0.0,0.7865,0.0,0.0
6497,40.82,7.41,15.74,0.0,0.0,0.8876,17.67,0.0
6498,39.58,3.59,0.17,0.0,4.92,0.8876,30.89,0.0
6499,38.06,11.06,0.0,0.0,27.0,0.8573,0.0,0.0
6500,36.33,25.01,0.0,0.0,0.0,0.6908,11.33,0.0
6501,34.46,32.85,0.0,0.0,0.0,0.6908,1.6,0.0
6502,32.51,25.01,0.0,0.0,0.0,0.6908,7.5,0.0
6503,32.51,18.52,0.0,0.0,0.0,0.6908,13.98,0.0
6504,32.5,15.75,0.0,0.0,0.0,0.6908,16.76,0.0
6505,32.5,15.75,0.0,0.0,0.0,0.6908,16.76,0.0
6506,32.5,9.11,0.0,0.0,0.0,0.6908,23.39,0.0
6507,32.5,2.7,0.0,0.0,0.0,0.6908,29.8,0.0
6508,32.5,0.93,0.0,0.0,0.69,0.6908,30.89,0.0
6509,32.5,0.34,0.0,0.0,1.27,0.6866,30.89,0.0
6510,32.5,0.58,0.0,0.0,31.92,0.6787,0.0,0.0
6511,34.45,0.93,3.81,0.0,0.0,0.4819,29.72,0.0
6512,36.33,2.7,14.94,0.0,0.0,0.4819,18.68,0.0
6513,38.06,1.97,35.69,0.0,0.0,0.4819,0.39,0.0
6514,39.57,1.38,47.5,9.31,0.0,0.4819,0.0,0.0
6515,40.82,0.93,90.76,50.0,0.0,0.5337,0.0,0.87
6516,41.74,0.58,69.15,28.0,0.0,0.8119,0.0,0.0
6517,42.31,0.34,37.69,0.0,4.28,0.9677,0.0,0.0
6518,42.5,0.58,52.46,10.55,0.0,0.9413,0.0,0.0
6519,42.31,1.38,30.66,0.0,0.0,1.0,10.27,0.0
6520,41.74,1.97,35.6,0.0,0.0,1.0,4.17,0.0
6521,40.82,0.58,18.61,0.0,0.0,1.0,21.63,0.0
6522,39.57,0.0,0.38,0.0,39.19,1.0,0.0,0.0
6523,38.06,0.0,0.0,0.0,38.06,0.7583,0.0,0.0
6524,36.33,0.02,0.0,0.0,5.42,0.5237,30.89,0.0
6525,34.45,0.34,0.0,0.0,3.23,0.4903,30.89,0.0
6526,32.5,0.34,0.0,0.0,1.27,0.4704,30.89,0.0
6527,32.5,0.02,0.0,0.0,1.59,0.4625,30.89,0.0
6528,32.5,0.0,0.0,0.0,1.61,0.4527,30.89,0.0
6529,32.5,0.0,0.0,0.0,1.61,0.4428,30.89,0.0
6530,32.5,0.0,0.0,0.0,16.41,0.4329,16.09,0.0
6531,32.5,0.0,0.0,0.0,1.61,0.3317,30.89,0.0
6532,32.5,0.0,0.0,0.0,1.61,0.3218,30.89,0.0
6533,32.5,0.0,0.0,0.0,1.61,0.3118,30.89,0.0
6534,32.5,0.0,0.0,0.0,32.5,0.3019,0.0,0.0
6535,34.45,0.07,4.65,0.0,0.0,0.1015,29.72,0.0
6536,36.33,1.97,17.9,0.0,16.46,0.1015,0.0,0.0
6537,38.06,9.11,36.44,0.0,0.0,0.0,0.0,7.5
6538,39.57,25.01,32.18,0.0,0.0,0.0,0.0,17.62
6539,40.82,37.32,15.84,0.0,0.0,0.0,0.0,12.35
6540,41.74,47.45,6.62,12.34,0.0,0.0,0.0,0.0
6541,42.31,72.9,6.02,36.61,0.0,0.0686,0.0,0.0
6542,42.5,96.96,5.65,50.0,0.0,0.2724,0.0,10.11
6543,42.31,96.96,6.74,50.0,0.0,0.5506,0.0,11.38
6544,41.74,80.43,14.92,30.75,0.0,0.8289,0.0,22.86
6545,40.82,21.6,1.6,0.0,17.61,1.0,0.0,0.0
6546,39.57,5.93,0.0,0.0,2.75,0.8914,30.89,0.0
6547,38.06,4.67,0.0,0.0,2.5,0.8745,30.89,0.0
6548,36.33,1.97,0.0,0.0,34.36,0.859,0.0,0.0
6549,34.45,0.93,0.0,0.0,2.63,0.6472,30.89,0.0
6550,32.5,0.93,0.0,0.0,17.29,0.6309,14.28,0.0
6551,32.5,0.93,0.0,0.0,0.68,0.5243,30.89,0.0
6552,32.5,1.38,0.0,0.0,0.23,0.5201,30.89,0.0
6553,32.5,0.58,0.0,0.0,1.03,0.5187,30.89,0.0
6554,32.5,0.07,0.0,0.0,32.43,0.5124,0.0,0.0
6555,32.5,0.0,0.0,0.0,1.61,0.3124,30.89,0.0
6556,32.5,0.0,0.0,0.0,32.5,0.3025,0.0,0.0
6557,32.5,0.0,0.0,0.0,1.61,0.1021,30.89,0.0
6558,32.5,0.0,0.0,0.0,1.61,0.0922,30.89,0.0
6559,34.45,0.0,3.94,0.0,0.0,0.0823,30.51,0.0
6560,36.33,15.75,7.24,0.0,13.34,0.0823,0.0,0.0
6561,38.06,37.32,2.78,0.0,0.0,0.0,0.0,2.04
6562,39.57,51.97,18.49,0.0,0.0,0.0,0.0,30.89
6563,40.81,14.93,56.78,0.0,0.0,0.0,0.0,30.89
6564,41.74,96.96,25.67,50.0,0.0,0.0,0.0,30.89
6565,42.31,96.96,0.0,23.76,0.0,0.2782,0.0,30.89
6566,42.5,68.24,55.15,50.0,0.0,0.4104,0.0,30.89
6567,42.31,79.14,0.0,5.94,0.0,0.6887,0.0,30.89
6568,41.74,80.89,41.74,50.0,0.0,0.7218,0.0,30.89
6569,40.81,56.62,15.08,0.0,0.0,1.0,0.0,30.89
6570,39.57,15.75,0.0,0.0,23.82,1.0,0.0,0.0
6571,38.06,2.7,0.0,0.0,4.46,0.8531,30.89,0.0
6572,36.33,1.38,0.0,0.0,4.05,0.8256,30.89,0.0
6573,34.45,0.58,0.0,0.0,2.98,0.8006,30.89,0.0
6574,32.5,0.17,0.0,0.0,32.33,0.7822,0.0,0.0
6575,32.5,0.07,0.0,0.0,32.43,0.5829,0.0,0.0
6576,32.5,0.02,0.0,0.0,1.59,0.3829,30.89,0.0
6577,32.5,0.02,0.0,0.0,1.59,0.3732,30.89,0.0
6578,32.5,0.0,0.0,0.0,32.5,0.3634,0.0,0.0
6579,32.5,0.02,0.0,0.0,1.59,0.163,30.89,0.0
6580,32.5,0.02,0.0,0.0,1.59,0.1532,30.89,0.0
6581,32.5,0.02,0.0,0.0,1.59,0.1434,30.89,0.0
6582,32.5,0.02,0.0,0.0,21.67,0.1336,10.81,0.0
6583,34.45,0.02,7.73,0.0,0.0,0.0,26.7,0.0
6584,36.33,4.67,35.39,0.0,0.0,0.0,0.0,3.73
6585,38.06,9.11,62.01,2.18,0.0,0.0,0.0,30.89
6586,39.57,13.27,81.11,23.91,0.0,0.0121,0.0,30.89
6587,40.81,11.06,91.69,31.04,0.0,0.1452,0.0,30.89
6588,41.74,9.11,95.98,32.47,0.0,0.3179,0.0,30.89
6589,42.31,4.67,93.26,24.73,0.0,0.4986,0.0,30.89
6590,42.5,2.7,87.24,47.44,0.0,0.6362,0.0,0.0
6591,42.31,0.93,71.4,17.93,0.0,0.9002,0.0,12.09
6592,41.74,0.0,48.46,0.0,0.0,1.0,0.0,6.73
6593,40.81,0.0,19.37,0.0,0.0,1.0,21.45,0.0
6594,39.57,0.0,0.0,0.0,39.57,1.0,0.0,0.0
6595,38.06,0.0,0.0,0.0,37.34,0.756,0.71,0.0
6596,36.33,0.0,0.0,0.0,36.33,0.5257,0.0,0.0
6597,34.45,0.0,0.0,0.0,34.45,0.3018,0.0,0.0
6598,32.5,0.0,0.0,0.0,1.61,0.0893,30.89,0.0
6599,32.5,0.0,0.0,0.0,1.61,0.0794,30.89,0.0
6600,32.5,0.0,0.0,0.0,1.61,0.0695,30.89,0.0
6601,32.5,0.0,0.0,0.0,1.61,0.0596,30.89,0.0
6602,32.5,0.0,0.0,0.0,1.61,0.0496,30.89,0.0
6603,32.5,0.0,0.0,0.0,1.61,0.0397,30.89,0.0
6604,32.5,0.0,0.0,0.0,1.61,0.0298,30.89,0.0
6605,32.5,0.0,0.0,0.0,1.61,0.0199,30.89,0.0
6606,32.5,0.0,0.0,0.0,1.61,0.0099,30.89,0.0
6607,34.45,0.0,6.68,0.0,0.0,0.0,27.77,0.0
6608,36.33,1.97,32.99,0.0,0.0,0.0,1.37,0.0
6609,38.06,1.97,57.77,21.69,0.0,0.0,0.0,0.0
6610,39.57,0.07,74.98,28.32,0.0,0.1207,0.0,7.16
6611,40.82,0.0,67.11,26.3,0.0,0.2783,0.0,0.0
6612,41.74,0.93,4.0,0.0,36.81,0.4246,0.0,0.0
6613,42.31,9.11,37.34,4.14,0.0,0.1977,0.0,0.0
6614,42.5,28.75,45.14,31.39,0.0,0.2207,0.0,0.0
6615,42.31,54.65,68.54,50.0,0.0,0.3954,0.0,30.89
6616,41.74,77.67,44.96,50.0,0.0,0.6736,0.0,30.89
6617,40.82,32.85,16.61,8.65,0.0,0.9519,0.0,0.0
6618,39.57,2.7,0.0,0.0,36.87,1.0,0.0,0.0
6619,38.06,0.58,0.0,0.0,22.36,0.7727,15.11,0.0
6620,36.33,1.97,0.0,0.0,3.47,0.6348,30.89,0.0
6621,34.45,2.7,0.0,0.0,31.75,0.6134,0.0,0.0
6622,32.5,1.97,0.0,0.0,0.0,0.4176,30.53,0.0
6623,32.5,1.97,0.0,0.0,0.0,0.4176,30.53,0.0
6624,32.5,0.93,0.0,0.0,0.68,0.4176,30.89,0.0
6625,32.5,0.17,0.0,0.0,1.44,0.4134,30.89,0.0
6626,32.5,0.07,0.0,0.0,1.54,0.4045,30.89,0.0
6627,32.5,0.02,0.0,0.0,1.59,0.395,30.89,0.0
6628,32.5,0.02,0.0,0.0,1.59,0.3852,30.89,0.0
6629,32.5,0.02,0.0,0.0,32.48,0.3754,0.0,0.0
6630,32.5,0.07,0.0,0.0,1.54,0.1752,30.89,0.0
6631,34.45,0.07,7.51,0.0,26.87,0.1657,0.0,0.0
6632,36.33,28.75,35.59,0.0,0.0,0.0,0.0,28.01
6633,38.06,5.31,63.64,0.0,0.0,0.0,0.0,30.89
6634,39.57,0.0,70.46,0.0,0.0,0.0,0.0,30.89
6635,40.82,0.0,84.94,13.23,0.0,0.0,0.0,30.89
6636,41.74,96.96,25.68,50.0,0.0,0.0736,0.0,30.89
6637,42.31,96.96,26.25,50.0,0.0,0.3519,0.0,30.89
6638,42.5,0.0,73.39,0.0,0.0,0.6301,0.0,30.89
6639,42.31,46.92,76.28,50.0,0.0,0.6301,0.0,30.89
6640,41.74,37.32,51.77,16.46,0.0,0.9084,0.0,30.89
6641,40.82,2.7,20.54,0.0,0.0,1.0,17.58,0.0
6642,39.57,0.02,0.0,0.0,39.55,1.0,0.0,0.0
6643,38.06,0.02,0.0,0.0,38.04,0.7561,0.0,0.0
6644,36.33,0.07,0.0,0.0,9.98,0.5216,26.28,0.0
6645,34.45,0.17,0.0,0.0,3.39,0.4601,30.89,0.0
6646,32.5,0.17,0.0,0.0,1.44,0.4392,30.89,0.0
6647,32.5,0.17,0.0,0.0,32.33,0.4303,0.0,0.0
6648,32.5,0.07,0.0,0.0,1.54,0.231,30.89,0.0
6649,32.5,0.02,0.0,0.0,1.59,0.2215,30.89,0.0
6650,32.5,0.02,0.0,0.0,1.59,0.2116,30.89,0.0
6651,32.5,0.0,0.0,0.0,1.61,0.2018,30.89,0.0
6652,32.5,0.0,0.0,0.0,1.61,0.1919,30.89,0.0
6653,32.5,0.0,0.0,0.0,1.61,0.182,30.89,0.0
6654,32.5,0.02,0.0,0.0,1.59,0.172,30.89,0.0
6655,34.45,0.07,8.07,0.0,26.31,0.1622,0.0,0.0
6656,36.33,21.6,38.21,0.0,0.0,0.0,0.0,23.48
6657,38.06,32.85,66.44,30.34,0.0,0.0,0.0,30.89
6658,39.57,0.0,86.18,15.71,0.0,0.1688,0.0,30.89
6659,40.82,21.6,98.78,48.67,0.0,0.2563,0.0,30.89
6660,41.74,0.0,102.94,30.3,0.0,0.5271,0.0,30.89
6661,42.31,11.06,80.27,18.13,0.0,0.6958,0.0,30.89
6662,42.5,9.11,89.89,25.61,0.0,0.7966,0.0,30.89
6663,42.31,11.06,73.08,10.94,0.0,0.9391,0.0,30.89
6664,41.74,11.06,48.84,0.0,0.0,1.0,0.0,18.16
6665,40.82,3.59,18.54,0.0,0.0,1.0,18.68,0.0
6666,39.57,2.7,0.0,0.0,36.87,1.0,0.0,0.0
6667,38.06,11.06,0.0,0.0,0.0,0.7726,27.0,0.0
6668,36.33,13.27,0.0,0.0,0.0,0.7726,23.06,0.0
6669,34.45,9.11,0.0,0.0,25.34,0.7726,0.0,0.0
6670,32.5,4.67,0.0,0.0,0.0,0.6164,27.84,0.0
6671,32.5,2.7,0.0,0.0,0.0,0.6164,29.8,0.0
6672,32.51,0.93,0.0,0.0,2.33,0.6164,29.25,0.0
6673,32.51,0.58,0.0,0.0,1.03,0.602,30.89,0.0
6674,32.51,0.58,0.0,0.0,1.03,0.5957,30.89,0.0
6675,32.51,0.34,0.0,0.0,32.17,0.5893,0.0,0.0
6676,32.51,0.17,0.0,0.0,1.44,0.391,30.89,0.0
6677,32.51,0.17,0.0,0.0,1.44,0.3821,30.89,0.0
6678,32.51,0.07,0.0,0.0,32.43,0.3732,0.0,0.0
6679,34.46,0.07,6.3,0.0,28.08,0.1732,0.0,0.0
6680,36.33,15.75,33.57,0.0,0.0,0.0,0.0,12.99
6681,38.06,11.06,60.38,2.49,0.0,0.0,0.0,30.89
6682,39.58,0.58,78.74,8.86,0.0,0.0139,0.0,30.89
6683,40.82,0.0,90.39,18.68,0.0,0.0631,0.0,30.89
6684,41.75,0.0,93.72,50.0,0.0,0.1671,0.0,1.98
6685,42.31,0.0,90.99,37.97,0.0,0.4453,0.0,10.7
6686,42.51,0.0,80.95,38.44,0.0,0.6566,0.0,0.0
6687,42.31,0.0,65.58,23.26,0.0,0.8705,0.0,0.0
6688,41.75,0.0,30.8,0.0,0.0,1.0,10.95,0.0
6689,40.82,0.0,15.77,0.0,0.0,1.0,25.05,0.0
6690,39.58,0.02,0.0,0.0,29.64,1.0,9.91,0.0
6691,38.06,0.34,0.0,0.0,6.83,0.8172,30.89,0.0
6692,36.33,0.58,0.0,0.0,4.86,0.7751,30.89,0.0
6693,34.46,0.58,0.0,0.0,2.98,0.7451,30.89,0.0
6694,32.51,0.34,0.0,0.0,1.28,0.7267,30.89,0.0
6695,32.51,0.07,0.0,0.0,1.54,0.7189,30.89,0.0
6696,32.51,0.02,0.0,0.0,1.6,0.7093,30.89,0.0
6697,32.51,0.0,0.0,0.0,1.62,0.6995,30.89,0.0
6698,32.51,0.0,0.0,0.0,1.62,0.6895,30.89,0.0
6699,32.51,0.0,0.0,0.0,1.62,0.6796,30.89,0.0
6700,32.51,0.0,0.0,0.0,1.62,0.6696,30.89,0.0
6701,32.51,0.0,0.0,0.0,1.62,0.6596,30.89,0.0
6702,32.51,0.0,0.0,0.0,1.62,0.6496,30.89,0.0
6703,34.46,0.0,5.25,0.0,0.0,0.6396,29.21,0.0
6704,36.34,0.0,23.79,0.0,0.0,0.6396,12.54,0.0
6705,38.07,0.02,56.6,18.56,0.0,0.6396,0.0,0.0
6706,39.58,0.34,43.34,4.1,0.0,0.7429,0.0,0.0
6707,40.82,0.58,13.28,0.0,0.0,0.7657,26.96,0.0
6708,41.75,0.58,8.46,0.0,1.81,0.7657,30.89,0.0
6709,42.32,0.58,68.09,26.35,0.0,0.7545,0.0,0.0
6710,42.51,1.38,26.96,0.0,0.0,0.9012,14.17,0.0
6711,42.32,3.59,46.55,7.82,0.0,0.9012,0.0,0.0
6712,41.75,3.59,42.57,4.41,0.0,0.9447,0.0,0.0
6713,40.82,0.34,15.28,0.0,25.21,0.9693,0.0,0.0
6714,39.58,0.07,0.0,0.0,39.51,0.8139,0.0,0.0
6715,38.07,0.07,0.0,0.0,7.1,0.5702,30.89,0.0
6716,36.34,0.02,0.0,0.0,5.42,0.5264,30.89,0.0
6717,34.46,0.0,0.0,0.0,3.57,0.493,30.89,0.0
6718,32.51,0.0,0.0,0.0,1.62,0.471,30.89,0.0
6719,32.51,0.0,0.0,0.0,1.62,0.461,30.89,0.0
6720,32.51,0.0,0.0,0.0,1.62,0.451,30.89,0.0
6721,32.51,0.0,0.0,0.0,1.62,0.441,30.89,0.0
6722,32.51,0.0,0.0,0.0,1.62,0.431,30.89,0.0
6723,32.51,0.0,0.0,0.0,1.62,0.421,30.89,0.0
6724,32.51,0.0,0.0,0.0,1.62,0.411,30.89,0.0
6725,32.51,0.0,0.0,0.0,32.51,0.401,0.0,0.0
6726,32.51,0.0,0.0,0.0,32.51,0.2005,0.0,0.0
6727,34.47,0.0,4.45,0.0,0.0,0.0,30.02,0.0
6728,36.34,0.58,28.16,0.0,0.0,0.0,7.6,0.0
6729,38.07,0.93,40.23,0.0,0.0,0.0,0.0,3.09
6730,39.59,1.97,72.98,4.47,0.0,0.0,0.0,30.89
6731,40.83,5.93,88.65,22.86,0.0,0.0249,0.0,30.89
6732,41.75,13.27,94.48,35.1,0.0,0.1521,0.0,30.89
6733,42.32,18.52,92.64,37.95,0.0,0.3475,0.0,30.89
6734,42.51,25.01,81.71,33.31,0.0,0.5586,0.0,30.89
6735,42.32,32.85,65.79,46.0,0.0,0.744,0.0,10.32
6736,41.75,25.01,42.8,0.0,0.0,1.0,0.0,26.05
6737,40.83,4.67,15.44,0.0,20.72,1.0,0.0,0.0
6738,39.59,0.93,0.0,0.0,7.77,0.8722,30.89,0.0
6739,38.07,2.7,0.0,0.0,35.37,0.8243,0.0,0.0
6740,36.34,4.67,0.0,0.0,31.67,0.6062,0.0,0.0
6741,34.47,5.93,0.0,0.0,5.45,0.4109,23.08,0.0
6742,32.51,4.67,0.0,0.0,0.0,0.3773,27.85,0.0
6743,32.51,2.7,0.0,0.0,29.81,0.3773,0.0,0.0
6744,32.52,1.38,0.0,0.0,0.25,0.1935,30.89,0.0
6745,32.52,1.38,0.0,0.0,0.25,0.192,30.89,0.0
6746,32.52,0.93,0.0,0.0,0.7,0.1905,30.89,0.0
6747,32.52,0.58,0.0,0.0,1.04,0.1861,30.89,0.0
6748,32.52,0.58,0.0,0.0,1.04,0.1797,30.89,0.0
6749,32.52,1.38,0.0,0.0,0.25,0.1733,30.89,0.0
6750,32.52,4.67,0.0,0.0,27.85,0.1717,0.0,0.0
6751,34.47,9.11,5.22,0.0,0.0,0.0,20.13,0.0
6752,36.35,37.69,29.55,0.0,0.0,0.0,0.0,30.89
6753,38.08,13.43,55.54,0.0,0.0,0.0,0.0,30.89
6754,39.59,0.0,70.48,0.0,0.0,0.0,0.0,30.89
6755,40.83,3.2,68.52,0.0,0.0,0.0,0.0,30.89
6756,41.76,72.65,0.0,0.0,0.0,0.0,0.0,30.89
6757,42.33,96.96,0.0,23.74,0.0,0.0,0.0,30.89
6758,42.52,73.41,0.0,0.0,0.0,0.1321,0.0,30.89
6759,42.33,9.29,63.93,0.0,0.0,0.1321,0.0,30.89
6760,41.76,31.44,41.21,0.0,0.0,0.1321,0.0,30.89
6761,40.83,58.09,13.63,0.0,0.0,0.1321,0.0,30.89
6762,39.59,70.48,0.0,0.0,0.0,0.1321,0.0,30.89
6763,38.08,68.97,0.0,0.0,0.0,0.1321,0.0,30.89
6764,36.35,67.24,0.0,0.0,0.0,0.1321,0.0,30.89
6765,34.47,65.36,0.0,0.0,0.0,0.1321,0.0,30.89
6766,32.52,63.41,0.0,0.0,0.0,0.1321,0.0,30.89
6767,32.52,32.52,0.0,0.0,0.0,0.1321,0.0,0.0
6768,32.53,82.53,0.0,50.0,0.0,0.1321,0.0,0.0
6769,32.53,82.53,0.0,50.0,0.0,0.4103,0.0,0.0
6770,32.53,32.53,0.0,0.0,0.0,0.6886,0.0,0.0
6771,32.53,32.53,0.0,0.0,0.0,0.6886,0.0,0.0
6772,32.53,32.53,0.0,0.0,0.0,0.6886,0.0,0.0
6773,32.53,13.27,0.0,0.0,19.26,0.6886,0.0,0.0
6774,32.53,5.93,0.0,0.0,26.59,0.5698,0.0,0.0
6775,34.48,5.93,2.95,0.0,50.0,0.4059,0.0,24.41
6776,36.35,42.19,16.58,0.0,8.47,0.0976,0.0,30.89
6777,38.08,27.52,41.46,0.0,0.0,0.0453,0.0,30.89
6778,39.6,1.57,68.91,0.0,0.0,0.0453,0.0,30.89
6779,40.84,43.87,77.86,50.0,0.0,0.0453,0.0,30.89
6780,41.76,72.65,0.0,0.0,0.0,0.3236,0.0,30.89
6781,42.33,53.75,19.47,0.0,0.0,0.3236,0.0,30.89
6782,42.53,68.19,5.23,0.0,0.0,0.3236,0.0,30.89
6783,42.33,57.83,15.39,0.0,0.0,0.3236,0.0,30.89
6784,41.76,50.86,21.8,0.0,0.0,0.3236,0.0,30.89
6785,40.84,68.81,2.92,0.0,0.0,0.3236,0.0,30.89
6786,39.6,70.49,0.0,0.0,0.0,0.3236,0.0,30.89
6787,38.08,68.97,0.0,0.0,0.0,0.3236,0.0,30.89
6788,36.35,67.24,0.0,0.0,0.0,0.3236,0.0,30.89
6789,34.48,65.37,0.0,0.0,0.0,0.3236,0.0,30.89
6790,32.53,63.42,0.0,0.0,0.0,0.3236,0.0,30.89
6791,32.53,32.53,0.0,0.0,0.0,0.3236,0.0,0.0
6792,32.53,82.53,0.0,50.0,0.0,0.3236,0.0,0.0
6793,32.53,32.53,0.0,0.0,0.0,0.6018,0.0,0.0
6794,32.53,60.33,0.0,27.8,0.0,0.6018,0.0,0.0
6795,32.53,32.53,0.0,0.0,0.0,0.7565,0.0,0.0
6796,32.53,32.53,0.0,0.0,0.0,0.7565,0.0,0.0
6797,32.53,32.53,0.0,0.0,0.0,0.7565,0.0,0.0
6798,32.53,32.53,0.0,0.0,0.0,0.7565,0.0,0.0
6799,34.48,65.37,0.0,0.0,0.0,0.7565,0.0,30.89
6800,36.36,66.69,0.56,0.0,0.0,0.7565,0.0,30.89
6801,38.09,65.99,2.99,0.0,0.0,0.7565,0.0,30.89
6802,39.6,47.11,23.38,0.0,0.0,0.7565,0.0,30.89
6803,40.85,59.27,56.23,43.76,0.0,0.7565,0.0,30.89
6804,41.77,25.09,47.57,0.0,0.0,1.0,0.0,30.89
6805,42.34,0.0,73.23,0.0,0.0,1.0,0.0,30.89
6806,42.53,0.0,73.42,0.0,0.0,1.0,0.0,30.89
6807,42.34,31.07,42.16,0.0,0.0,1.0,0.0,30.89
6808,41.77,7.41,45.08,0.0,0.0,1.0,0.0,10.72
6809,40.85,0.17,14.94,0.0,25.73,1.0,0.0,0.0
6810,39.6,0.0,0.0,0.0,39.6,0.8413,0.0,0.0
6811,38.09,0.0,0.0,0.0,18.72,0.5971,19.37,0.0
6812,36.36,0.0,0.0,0.0,5.47,0.4817,30.89,0.0
6813,34.48,0.0,0.0,0.0,3.59,0.448,30.89,0.0
6814,32.53,0.0,0.0,0.0,1.64,0.4258,30.89,0.0
6815,32.53,0.0,0.0,0.0,1.64,0.4157,30.89,0.0
6816,32.54,0.0,0.0,0.0,1.65,0.4056,30.89,0.0
6817,32.54,0.0,0.0,0.0,1.65,0.3954,30.89,0.0
6818,32.54,0.0,0.0,0.0,1.65,0.3853,30.89,0.0
6819,32.54,0.0,0.0,0.0,32.54,0.3751,0.0,0.0
6820,32.54,0.0,0.0,0.0,1.65,0.1745,30.89,0.0
6821,32.54,0.0,0.0,0.0,1.65,0.1643,30.89,0.0
6822,32.54,0.0,0.0,0.0,1.65,0.1542,30.89,0.0
6823,34.49,0.0,2.32,0.0,1.28,0.144,30.89,0.0
6824,36.37,0.0,14.29,0.0,22.07,0.1361,0.0,0.0
6825,38.09,0.0,38.23,0.13,0.0,0.0,0.0,0.0
6826,39.61,0.0,60.75,10.97,0.0,0.0007,0.0,10.17
6827,40.85,0.02,69.77,0.0,0.0,0.0618,0.0,28.94
6828,41.78,0.02,96.44,50.0,0.0,0.0618,0.0,4.69
6829,42.35,0.02,93.88,50.0,0.0,0.34,0.0,1.56
6830,42.54,0.17,84.3,41.93,0.0,0.6183,0.0,0.0
6831,42.35,0.58,67.17,25.41,0.0,0.8516,0.0,0.0
6832,41.78,0.58,42.45,1.25,0.0,0.993,0.0,0.0
6833,40.85,0.02,11.16,0.0,29.67,1.0,0.0,0.0
6834,39.61,0.0,0.0,0.0,39.61,0.817,0.0,0.0
6835,38.09,0.0,0.0,0.0,7.2,0.5728,30.89,0.0
6836,36.37,0.0,0.0,0.0,5.47,0.5284,30.89,0.0
6837,34.49,0.02,0.0,0.0,34.47,0.4946,0.0,0.0
6838,32.54,0.02,0.0,0.0,32.52,0.2821,0.0,0.0
6839,32.54,0.02,0.0,0.0,1.63,0.0816,30.89,0.0
6840,32.55,0.02,0.0,0.0,1.63,0.0716,30.89,0.0
6841,32.55,0.02,0.0,0.0,1.63,0.0615,30.89,0.0
6842,32.55,0.0,0.0,0.0,1.65,0.0514,30.89,0.0
6843,32.55,0.0,0.0,0.0,1.66,0.0412,30.89,0.0
6844,32.55,0.0,0.0,0.0,1.72,0.031,30.83,0.0
6845,32.55,0.0,0.0,0.0,1.66,0.0204,30.89,0.0
6846,32.55,0.0,0.0,0.0,1.66,0.0102,30.89,0.0
6847,34.5,0.0,4.59,0.0,0.0,0.0,29.9,0.0
6848,36.37,1.38,31.38,0.0,0.0,0.0,3.61,0.0
6849,38.1,5.93,58.45,4.43,0.0,0.0,0.0,21.86
6850,39.62,9.11,78.66,17.27,0.0,0.0246,0.0,30.89
6851,40.86,9.11,90.92,28.28,0.0,0.1207,0.0,30.89
6852,41.79,5.93,95.41,50.0,0.0,0.2781,0.0,9.56
6853,42.35,3.59,91.89,50.0,0.0,0.5564,0.0,3.13
6854,42.55,2.7,64.55,24.7,0.0,0.8346,0.0,0.0
6855,42.35,1.97,45.4,5.01,0.0,0.9721,0.0,0.0
6856,41.79,0.34,32.71,0.0,4.77,1.0,3.96,0.0
6857,40.86,0.0,10.94,0.0,29.92,0.9706,0.0,0.0
6858,39.62,0.0,0.0,0.0,8.73,0.7861,30.89,0.0
6859,38.1,0.0,0.0,0.0,38.1,0.7323,0.0,0.0
6860,36.37,0.0,0.0,0.0,36.37,0.4974,0.0,0.0
6861,34.5,0.0,0.0,0.0,3.61,0.2731,30.89,0.0
6862,32.55,0.02,0.0,0.0,1.63,0.2508,30.89,0.0
6863,32.55,0.07,0.0,0.0,1.58,0.2408,30.89,0.0
6864,32.56,0.17,0.0,0.0,1.49,0.231,30.89,0.0
6865,32.56,0.34,0.0,0.0,1.33,0.2218,30.89,0.0
6866,32.56,0.34,0.0,0.0,1.33,0.2136,30.89,0.0
6867,32.56,0.58,0.0,0.0,1.08,0.2054,30.89,0.0
6868,32.56,0.58,0.0,0.0,1.08,0.1988,30.89,0.0
6869,32.56,0.34,0.0,0.0,1.33,0.1921,30.89,0.0
6870,32.56,0.17,0.0,0.0,1.49,0.1839,30.89,0.0
6871,34.51,0.17,6.0,0.0,28.34,0.1747,0.0,0.0
6872,36.38,9.11,36.72,0.0,0.0,0.0,0.0,9.45
6873,38.11,18.52,65.69,15.21,0.0,0.0,0.0,30.89
6874,39.63,0.0,85.63,15.12,0.0,0.0846,0.0,30.89
6875,40.87,0.0,97.9,26.14,0.0,0.1687,0.0,30.89
6876,41.79,0.0,72.69,0.0,0.0,0.3142,0.0,30.89
6877,42.36,23.08,100.18,50.0,0.0,0.3142,0.0,30.89
6878,42.56,0.0,89.84,16.39,0.0,0.5924,0.0,30.89
6879,42.36,51.51,71.74,50.0,0.0,0.6837,0.0,30.89
6880,41.79,34.06,45.47,6.85,0.0,0.9619,0.0,30.89
6881,40.87,21.6,14.15,0.0,5.12,1.0,0.0,0.0
6882,39.63,3.59,0.0,0.0,5.14,0.9684,30.89,0.0
6883,38.11,3.59,0.0,0.0,3.63,0.9367,30.89,0.0
6884,36.38,3.59,0.0,0.0,32.79,0.9144,0.0,0.0
6885,34.51,4.67,0.0,0.0,29.84,0.7122,0.0,0.0
6886,32.56,3.59,0.0,0.0,0.0,0.5282,28.96,0.0
6887,32.56,2.7,0.0,0.0,0.0,0.5282,29.85,0.0
6888,32.56,0.93,0.0,0.0,0.75,0.5282,30.89,0.0
6889,32.56,0.58,0.0,0.0,14.94,0.5236,17.04,0.0
6890,32.56,0.17,0.0,0.0,1.5,0.4315,30.89,0.0
6891,32.56,0.0,0.0,0.0,32.56,0.4222,0.0,0.0
6892,32.56,0.0,0.0,0.0,1.67,0.2214,30.89,0.0
6893,32.56,0.0,0.0,0.0,1.67,0.2111,30.89,0.0
6894,32.56,0.0,0.0,0.0,32.56,0.2008,0.0,0.0
6895,34.52,0.0,4.28,0.0,0.0,0.0,30.24,0.0
6896,36.39,0.0,31.82,0.0,0.0,0.0,4.57,0.0
6897,38.12,1.97,60.44,0.0,0.0,0.0,0.0,24.29
6898,39.64,11.06,81.44,21.97,0.0,0.0,0.0,30.89
6899,40.88,21.6,95.04,44.87,0.0,0.1223,0.0,30.89
6900,41.8,21.6,100.11,49.01,0.0,0.372,0.0,30.89
6901,42.37,21.6,97.6,45.94,0.0,0.6447,0.0,30.89
6902,42.56,18.52,62.67,7.73,0.0,0.9004,0.0,30.89
6903,42.37,11.06,52.17,8.37,0.0,0.9434,0.0,12.49
6904,41.8,1.38,42.22,1.8,0.0,0.99,0.0,0.0
6905,40.88,0.0,12.87,0.0,0.0,1.0,28.01,0.0
6906,39.64,0.0,0.0,0.0,34.6,1.0,5.04,0.0
6907,38.12,0.0,0.0,0.0,7.23,0.7867,30.89,0.0
6908,36.39,0.0,0.0,0.0,36.39,0.7421,0.0,0.0
6909,34.52,0.0,0.0,0.0,3.62,0.5177,30.89,0.0
6910,32.56,0.02,0.0,0.0,1.65,0.4953,30.89,0.0
6911,32.56,0.02,0.0,0.0,1.65,0.4851,30.89,0.0
6912,32.57,0.02,0.0,0.0,1.66,0.475,30.89,0.0
6913,32.57,0.02,0.0,0.0,32.55,0.4647,0.0,0.0
6914,32.57,0.0,0.0,0.0,1.68,0.264,30.89,0.0
6915,32.57,0.0,0.0,0.0,1.68,0.2536,30.89,0.0
6916,32.57,0.0,0.0,0.0,1.68,0.2432,30.89,0.0
6917,32.57,0.0,0.0,0.0,1.68,0.2329,30.89,0.0
6918,32.57,0.0,0.0,0.0,1.68,0.2225,30.89,0.0
6919,34.53,0.0,2.81,0.0,31.72,0.2121,0.0,0.0
6920,36.4,0.17,18.81,0.0,0.0,0.0165,17.42,0.0
6921,38.13,1.38,34.07,0.0,2.68,0.0165,0.0,0.0
6922,39.65,5.93,76.93,12.33,0.0,0.0,0.0,30.89
6923,40.89,13.27,88.92,30.41,0.0,0.0686,0.0,30.89
6924,41.81,9.11,93.1,50.0,0.0,0.2378,0.0,10.4
6925,42.38,4.67,89.35,29.32,0.0,0.5161,0.0,22.31
6926,42.57,1.97,78.79,38.18,0.0,0.6792,0.0,0.0
6927,42.38,0.93,60.92,19.46,0.0,0.8917,0.0,0.0
6928,41.81,0.17,30.28,0.0,0.0,1.0,11.36,0.0
6929,40.89,0.0,9.32,0.0,31.57,1.0,0.0,0.0
6930,39.65,0.0,0.0,0.0,8.76,0.8053,30.89,0.0
6931,38.13,0.0,0.0,0.0,7.24,0.7514,30.89,0.0
6932,36.4,0.0,0.0,0.0,36.4,0.7067,0.0,0.0
6933,34.53,0.0,0.0,0.0,32.63,0.4823,1.9,0.0
6934,32.57,0.0,0.0,0.0,32.57,0.2811,0.0,0.0
6935,32.57,0.0,0.0,0.0,1.68,0.0802,30.89,0.0
6936,32.59,0.0,0.0,0.0,1.69,0.0698,30.89,0.0
6937,32.59,0.02,0.0,0.0,1.67,0.0594,30.89,0.0
6938,32.59,0.02,0.0,0.0,1.67,0.0491,30.89,0.0
6939,32.59,0.07,0.0,0.0,1.62,0.0388,30.89,0.0
6940,32.59,0.07,0.0,0.0,1.62,0.0288,30.89,0.0
6941,32.59,0.17,0.0,0.0,1.52,0.0188,30.89,0.0
6942,32.59,0.17,0.0,0.0,1.52,0.0094,30.89,0.0
6943,34.54,0.17,4.19,0.0,0.0,0.0,30.17,0.0
6944,36.41,13.27,33.26,0.0,0.0,0.0,0.0,10.11
6945,38.14,28.75,62.48,22.19,0.0,0.0,0.0,30.89
6946,39.66,0.0,82.93,12.38,0.0,0.1235,0.0,30.89
6947,40.9,59.27,51.57,39.05,0.0,0.1924,0.0,30.89
6948,41.82,0.0,100.9,28.18,0.0,0.4097,0.0,30.89
6949,42.39,24.9,98.39,50.0,0.0,0.5665,0.0,30.89
6950,42.59,0.0,86.85,13.37,0.0,0.8447,0.0,30.89
6951,42.39,18.52,69.29,14.53,0.0,0.9192,0.0,30.89
6952,41.82,1.97,43.66,0.0,0.0,1.0,0.0,3.81
6953,40.9,0.0,12.98,0.0,0.0,1.0,27.91,0.0
6954,39.66,0.0,0.0,0.0,8.77,1.0,30.89,0.0
6955,38.14,0.0,0.0,0.0,34.89,0.9459,3.25,0.0
6956,36.41,0.0,0.0,0.0,5.52,0.7308,30.89,0.0
6957,34.54,0.0,0.0,0.0,3.65,0.6968,30.89,0.0
6958,32.59,0.0,0.0,0.0,1.69,0.6743,30.89,0.0
6959,32.59,0.0,0.0,0.0,1.69,0.6639,30.89,0.0
6960,32.6,0.0,0.0,0.0,1.71,0.6534,30.89,0.0
6961,32.6,0.0,0.0,0.0,1.71,0.6429,30.89,0.0
6962,32.6,0.0,0.0,0.0,1.71,0.6324,30.89,0.0
6963,32.6,0.0,0.0,0.0,1.71,0.6218,30.89,0.0
6964,32.6,0.0,0.0,0.0,1.71,0.6113,30.89,0.0
6965,32.6,0.0,0.0,0.0,1.71,0.6008,30.89,0.0
6966,32.6,0.0,0.0,0.0,1.71,0.5903,30.89,0.0
6967,34.55,0.0,2.9,0.0,0.76,0.5798,30.89,0.0
6968,36.42,0.0,5.36,0.0,0.18,0.5751,30.89,0.0
6969,38.15,0.58,20.81,0.0,0.0,0.574,16.76,0.0
6970,39.67,9.11,2.46,0.0,0.0,0.574,28.09,0.0
6971,40.91,25.01,5.23,0.0,0.0,0.574,10.68,0.0
6972,41.84,21.6,3.21,0.0,17.02,0.574,0.0,0.0
6973,42.41,13.27,10.63,0.0,18.51,0.469,0.0,0.0
6974,42.6,4.67,9.49,0.0,0.0,0.3549,28.44,0.0
6975,42.41,0.34,5.39,0.0,5.79,0.3549,30.89,0.0
6976,41.84,0.0,5.18,0.0,5.77,0.3192,30.89,0.0
6977,40.91,0.0,1.26,0.0,8.76,0.2837,30.89,0.0
6978,39.67,0.0,0.0,0.0,8.78,0.2297,30.89,0.0
6979,38.15,0.0,0.0,0.0,7.26,0.1755,30.89,0.0
6980,36.42,0.0,0.0,0.0,5.53,0.1308,30.89,0.0
6981,34.55,0.0,0.0,0.0,3.66,0.0966,30.89,0.0
6982,32.6,0.0,0.0,0.0,1.71,0.0741,30.89,0.0
6983,32.6,0.0,0.0,0.0,1.7,0.0636,30.89,0.0
6984,32.61,0.02,0.0,0.0,1.7,0.0531,30.89,0.0
6985,32.61,0.07,0.0,0.0,1.65,0.0426,30.89,0.0
6986,32.61,0.17,0.0,0.0,1.55,0.0325,30.89,0.0
6987,32.61,0.17,0.0,0.0,1.55,0.0229,30.89,0.0
6988,32.61,0.34,0.0,0.0,1.38,0.0134,30.89,0.0
6989,32.61,0.93,0.0,0.0,0.79,0.0049,30.89,0.0
6990,32.61,2.7,0.0,0.0,0.0,0.0,29.91,0.0
6991,34.56,2.7,4.23,0.0,0.0,0.0,27.63,0.0
6992,36.44,9.11,32.83,0.0,0.0,0.0,0.0,5.51
6993,38.17,15.75,61.46,8.15,0.0,0.0,0.0,30.89
6994,39.68,15.75,81.07,26.25,0.0,0.0454,0.0,30.89
6995,40.92,11.06,93.36,32.61,0.0,0.1915,0.0,30.89
6996,41.85,7.41,97.74,32.41,0.0,0.3729,0.0,30.89
6997,42.42,7.41,95.12,29.22,0.0,0.5533,0.0,30.89
6998,42.61,5.93,84.96,48.29,0.0,0.7159,0.0,0.0
6999,42.42,3.59,67.53,2.77,0.0,0.9846,0.0,25.93
7000,41.85,0.17,41.94,0.0,0.0,1.0,0.0,0.26
7001,40.92,0.0,11.61,0.0,0.0,1.0,29.32,0.0
7002,39.68,0.0,0.0,0.0,8.79,1.0,30.89,0.0
7003,38.17,0.0,0.0,0.0,7.27,0.9458,30.89,0.0
7004,36.44,0.0,0.0,0.0,36.44,0.9009,0.0,0.0
7005,34.56,0.0,0.0,0.0,34.56,0.6763,0.0,0.0
7006,32.61,0.0,0.0,0.0,1.72,0.4632,30.89,0.0
7007,32.61,0.0,0.0,0.0,1.72,0.4526,30.89,0.0
7008,32.62,0.0,0.0,0.0,1.73,0.442,30.89,0.0
7009,32.62,0.0,0.0,0.0,1.73,0.4313,30.89,0.0
7010,32.62,0.0,0.0,0.0,1.73,0.4206,30.89,0.0
7011,32.62,0.0,0.0,0.0,1.73,0.41,30.89,0.0
7012,32.62,0.0,0.0,0.0,1.73,0.3993,30.89,0.0
7013,32.62,0.0,0.0,0.0,1.73,0.3886,30.89,0.0
7014,32.62,0.0,0.0,0.0,1.73,0.3779,30.89,0.0
7015,34.57,0.0,2.79,0.0,0.9,0.3672,30.89,0.0
7016,36.45,0.0,17.97,0.0,0.0,0.3617,18.48,0.0
7017,38.18,0.0,37.11,0.0,0.0,0.3617,1.07,0.0
7018,39.69,0.02,51.41,11.74,0.0,0.3617,0.0,0.0
7019,40.94,0.07,42.99,2.12,0.0,0.4271,0.0,0.0
7020,41.86,0.0,54.98,13.13,0.0,0.4389,0.0,0.0
7021,42.43,0.0,51.61,9.18,0.0,0.5119,0.0,0.0
7022,42.62,0.0,51.06,8.44,0.0,0.563,0.0,0.0
7023,42.43,0.0,44.29,1.86,0.0,0.61,0.0,0.0
7024,41.86,0.0,34.48,0.0,0.0,0.6204,7.38,0.0
7025,40.94,0.0,3.8,0.0,27.75,0.6204,9.39,0.0
7026,39.69,0.0,0.0,0.0,8.8,0.4493,30.89,0.0
7027,38.18,0.0,0.0,0.0,7.29,0.395,30.89,0.0
7028,36.45,0.0,0.0,0.0,5.56,0.35,30.89,0.0
7029,34.57,0.0,0.0,0.0,3.68,0.3158,30.89,0.0
7030,32.62,0.0,0.0,0.0,1.73,0.2931,30.89,0.0
7031,32.62,0.0,0.0,0.0,1.73,0.2824,30.89,0.0
7032,32.64,0.0,0.0,0.0,1.75,0.2717,30.89,0.0
7033,32.64,0.0,0.0,0.0,1.75,0.2609,30.89,0.0
7034,32.64,0.0,0.0,0.0,1.74,0.2502,30.89,0.0
7035,32.64,0.0,0.0,0.0,1.74,0.2394,30.89,0.0
7036,32.64,0.02,0.0,0.0,1.72,0.2287,30.89,0.0
7037,32.64,0.0,0.0,0.0,1.74,0.2181,30.89,0.0
7038,32.64,0.0,0.0,0.0,1.75,0.2073,30.89,0.0
7039,34.59,0.0,2.71,0.0,31.88,0.1966,0.0,0.0
7040,36.46,0.0,29.58,0.0,0.0,0.0,6.88,0.0
7041,38.19,0.02,57.56,0.0,0.0,0.0,0.0,19.39
7042,39.71,0.58,77.26,7.25,0.0,0.0,0.0,30.89
7043,40.95,3.59,89.27,21.02,0.0,0.0403,0.0,30.89
7044,41.87,9.11,94.42,47.73,0.0,0.1573,0.0,13.93
7045,42.44,11.06,91.8,29.52,0.0,0.4229,0.0,30.89
7046,42.64,7.41,82.91,47.68,0.0,0.5872,0.0,0.0
7047,42.44,3.59,65.35,26.5,0.0,0.8525,0.0,0.0
7048,41.87,0.17,39.71,0.0,0.0,1.0,1.99,0.0
7049,40.95,0.0,10.25,0.0,30.7,1.0,0.0,0.0
7050,39.71,0.0,0.0,0.0,9.26,0.8107,30.44,0.0
7051,38.19,0.0,0.0,0.0,38.19,0.7536,0.0,0.0
7052,36.46,0.0,0.0,0.0,36.46,0.5181,0.0,0.0
7053,34.59,0.0,0.0,0.0,3.7,0.2932,30.89,0.0
7054,32.64,0.0,0.0,0.0,1.75,0.2705,30.89,0.0
7055,32.64,0.0,0.0,0.0,32.63,0.2597,0.0,0.0
7056,32.65,0.07,0.0,0.0,1.69,0.0585,30.89,0.0
7057,32.65,0.34,0.0,0.0,1.42,0.0481,30.89,0.0
7058,32.65,0.34,0.0,0.0,1.42,0.0393,30.89,0.0
7059,32.65,0.58,0.0,0.0,1.18,0.0305,30.89,0.0
7060,32.65,0.58,0.0,0.0,1.18,0.0233,30.89,0.0
7061,32.65,0.58,0.0,0.0,1.18,0.016,30.89,0.0
7062,32.65,0.93,0.0,0.0,0.83,0.0088,30.89,0.0
7063,34.6,0.93,2.19,0.0,0.59,0.0037,30.89,0.0
7064,36.48,15.75,24.05,0.0,0.0,0.0,0.0,3.32
7065,38.21,42.19,55.29,28.38,0.0,0.0,0.0,30.89
7066,39.72,45.71,74.9,50.0,0.0,0.1579,0.0,30.89
7067,40.97,30.57,91.29,50.0,0.0,0.4362,0.0,30.89
7068,41.89,0.0,72.78,0.0,0.0,0.7144,0.0,30.89
7069,42.46,0.0,91.41,18.07,0.0,0.7144,0.0,30.89
7070,42.65,24.75,82.04,33.25,0.0,0.815,0.0,30.89
7071,42.46,11.81,61.54,0.0,0.0,1.0,0.0,30.89
7072,41.89,37.57,35.21,0.0,0.0,1.0,0.0,30.89
7073,40.97,1.97,7.24,0.0,0.86,1.0,30.89,0.0
7074,39.72,0.34,0.0,0.0,13.33,0.9947,26.05,0.0
7075,38.21,0.17,0.0,0.0,38.03,0.9125,0.0,0.0
7076,36.48,0.34,0.0,0.0,36.14,0.6779,0.0,0.0
7077,34.6,0.34,0.0,0.0,34.26,0.4551,0.0,0.0
7078,32.65,0.34,0.0,0.0,1.42,0.2438,30.89,0.0
7079,32.65,0.34,0.0,0.0,1.42,0.2351,30.89,0.0
7080,32.67,0.58,0.0,0.0,1.19,0.2263,30.89,0.0
7081,32.67,0.93,0.0,0.0,31.74,0.219,0.0,0.0
7082,32.67,1.38,0.0,0.0,0.39,0.0233,30.89,0.0
7083,32.67,1.38,0.0,0.0,0.39,0.0208,30.89,0.0
7084,32.67,1.38,0.0,0.0,0.39,0.0184,30.89,0.0
7085,32.67,0.93,0.0,0.0,0.85,0.016,30.89,0.0
7086,32.67,0.93,0.0,0.0,0.85,0.0108,30.89,0.0
7087,34.62,0.93,1.9,0.0,0.9,0.0056,30.89,0.0
7088,36.49,13.27,28.81,0.0,0.0,0.0,0.0,5.59
7089,38.22,37.32,57.21,25.42,0.0,0.0,0.0,30.89
7090,39.74,43.2,77.43,50.0,0.0,0.1415,0.0,30.89
7091,40.98,0.0,90.41,18.54,0.0,0.4197,0.0,30.89
7092,41.9,0.0,72.8,0.0,0.0,0.5229,0.0,30.89
7093,42.47,0.0,93.26,19.9,0.0,0.5229,0.0,30.89
7094,42.67,39.92,83.64,50.0,0.0,0.6336,0.0,30.89
7095,42.47,23.69,65.51,15.84,0.0,0.9119,0.0,30.89
7096,41.9,32.85,39.56,0.0,0.0,1.0,0.0,30.51
7097,40.98,1.38,9.52,0.0,30.08,1.0,0.0,0.0
7098,39.74,0.34,0.0,0.0,39.4,0.8145,0.0,0.0
7099,38.22,0.34,0.0,0.0,37.88,0.5716,0.0,0.0
7100,36.49,0.34,0.0,0.0,36.15,0.338,0.0,0.0
7101,34.62,0.34,0.0,0.0,3.39,0.1151,30.89,0.0
7102,32.67,0.34,0.0,0.0,1.44,0.0942,30.89,0.0
7103,32.67,0.34,0.0,0.0,1.44,0.0853,30.89,0.0
7104,32.68,0.58,0.0,0.0,1.21,0.0765,30.89,0.0
7105,32.68,0.58,0.0,0.0,1.21,0.069,30.89,0.0
7106,32.68,0.58,0.0,0.0,1.21,0.0616,30.89,0.0
7107,32.68,0.93,0.0,0.0,0.86,0.0541,30.89,0.0
7108,32.68,0.93,0.0,0.0,5.77,0.0488,25.98,0.0
7109,32.68,0.93,0.0,0.0,0.86,0.0132,30.89,0.0
7110,32.68,1.38,0.0,0.0,0.41,0.0079,30.89,0.0
7111,34.63,1.38,1.48,0.0,0.87,0.0054,30.89,0.0
7112,36.51,11.06,27.8,0.0,0.0,0.0,0.0,2.36
7113,38.24,12.67,56.46,0.0,0.0,0.0,0.0,30.89
7114,39.75,0.0,76.8,6.16,0.0,0.0,0.0,30.89
7115,41.0,0.0,90.87,18.99,0.0,0.0343,0.0,30.89
7116,41.92,27.17,95.64,50.0,0.0,0.14,0.0,30.89
7117,42.49,6.26,93.07,25.95,0.0,0.4182,0.0,30.89
7118,42.68,41.32,82.25,50.0,0.0,0.5626,0.0,30.89
7119,42.49,37.32,64.65,28.6,0.0,0.8408,0.0,30.89
7120,41.92,5.93,38.86,0.0,0.0,1.0,0.0,2.87
7121,41.0,0.17,9.3,0.0,31.52,1.0,0.0,0.0
7122,39.75,0.17,0.0,0.0,8.69,0.8056,30.89,0.0
7123,38.24,0.17,0.0,0.0,28.66,0.7521,9.41,0.0
7124,36.51,0.07,0.0,0.0,36.43,0.5754,0.0,0.0
7125,34.63,0.02,0.0,0.0,3.72,0.3507,30.89,0.0
7126,32.68,0.0,0.0,0.0,1.79,0.3278,30.89,0.0
7127,32.68,0.0,0.0,0.0,1.79,0.3167,30.89,0.0
7128,32.7,0.07,0.0,0.0,1.73,0.3057,30.89,0.0
7129,32.7,0.17,0.0,0.0,1.63,0.295,30.89,0.0
7130,32.7,0.34,0.0,0.0,1.47,0.285,30.89,0.0
7131,32.7,0.34,0.0,0.0,1.47,0.2759,30.89,0.0
7132,32.7,0.34,0.0,0.0,1.47,0.2668,30.89,0.0
7133,32.7,0.34,0.0,0.0,32.36,0.2578,0.0,0.0
7134,32.7,0.17,0.0,0.0,1.63,0.0583,30.89,0.0
7135,34.65,0.17,2.15,0.0,1.44,0.0482,30.89,0.0
7136,36.52,0.34,29.81,0.0,6.37,0.0393,0.0,0.0
7137,38.25,1.38,58.15,0.0,0.0,0.0,0.0,21.28
7138,39.77,0.93,77.07,7.34,0.0,0.0,0.0,30.89
7139,41.01,0.58,87.51,20.79,0.0,0.0408,0.0,26.3
7140,41.94,0.17,91.45,49.69,0.0,0.1565,0.0,0.0
7141,42.51,0.02,88.3,45.81,0.0,0.433,0.0,0.0
7142,42.7,0.0,79.02,36.32,0.0,0.688,0.0,0.0
7143,42.51,0.0,62.26,19.75,0.0,0.8901,0.0,0.0
7144,41.94,0.0,37.55,0.0,0.0,1.0,4.39,0.0
7145,41.01,0.0,8.62,0.0,32.39,1.0,0.0,0.0
7146,39.77,0.0,0.0,0.0,39.77,0.8003,0.0,0.0
7147,38.25,0.0,0.0,0.0,7.36,0.5551,30.89,0.0
7148,36.52,0.0,0.0,0.0,31.3,0.5097,5.22,0.0
7149,34.65,0.07,0.0,0.0,3.68,0.3167,30.89,0.0
7150,32.7,0.07,0.0,0.0,1.73,0.2939,30.89,0.0
7151,32.7,0.17,0.0,0.0,1.63,0.2832,30.89,0.0
7152,32.71,0.17,0.0,0.0,1.65,0.2732,30.89,0.0
7153,32.71,0.17,0.0,0.0,1.65,0.263,30.89,0.0
7154,32.71,0.07,0.0,0.0,1.75,0.2528,30.89,0.0
7155,32.71,0.07,0.0,0.0,1.75,0.242,30.89,0.0
7156,32.71,0.07,0.0,0.0,1.75,0.2312,30.89,0.0
7157,32.71,0.17,0.0,0.0,1.65,0.2204,30.89,0.0
7158,32.71,0.34,0.0,0.0,1.49,0.2102,30.89,0.0
7159,34.67,0.34,1.72,0.0,32.61,0.2011,0.0,0.0
7160,36.54,28.75,28.96,0.0,0.0,0.0,0.0,21.17
7161,38.27,10.85,58.31,0.0,0.0,0.0,0.0,30.89
7162,39.79,0.0,70.68,0.0,0.0,0.0,0.0,30.89
7163,41.03,31.2,90.72,50.0,0.0,0.0,0.0,30.89
7164,41.95,28.0,94.85,50.0,0.0,0.2782,0.0,30.89
7165,42.52,42.19,66.48,35.25,0.0,0.5565,0.0,30.89
7166,42.71,37.32,54.72,18.44,0.0,0.7527,0.0,30.89
7167,42.52,37.32,62.1,26.01,0.0,0.8553,0.0,30.89
7168,41.95,11.06,36.58,0.0,0.0,1.0,0.0,5.69
7169,41.03,1.97,7.81,0.0,31.25,1.0,0.0,0.0
7170,39.79,4.67,0.0,0.0,4.23,0.8073,30.89,0.0
7171,38.27,11.06,0.0,0.0,27.21,0.7812,0.0,0.0
7172,36.54,15.75,0.0,0.0,20.79,0.6135,0.0,0.0
7173,34.67,21.6,0.0,0.0,13.06,0.4853,0.0,0.0
7174,32.71,28.75,0.0,0.0,0.0,0.4047,3.96,0.0
7175,32.71,28.75,0.0,0.0,3.96,0.4047,0.0,0.0
7176,32.73,11.06,0.0,0.0,21.67,0.3803,0.0,0.0
7177,32.73,2.7,0.0,0.0,0.0,0.2466,30.03,0.0
7178,32.73,0.93,0.0,0.0,0.98,0.2466,30.83,0.0
7179,32.73,0.58,0.0,0.0,1.26,0.2406,30.89,0.0
7180,32.73,0.34,0.0,0.0,1.5,0.2328,30.89,0.0
7181,32.73,0.34,0.0,0.0,1.5,0.2236,30.89,0.0
7182,32.73,0.34,0.0,0.0,1.5,0.2143,30.89,0.0
7183,34.68,0.34,1.1,0.0,33.25,0.205,0.0,0.0
7184,36.56,44.0,23.45,0.0,0.0,0.0,0.0,30.89
7185,38.29,70.11,49.07,50.0,0.0,0.0,0.0,30.89
7186,39.8,3.07,67.63,0.0,0.0,0.2782,0.0,30.89
7187,41.05,44.37,77.57,50.0,0.0,0.2782,0.0,30.89
7188,41.97,96.96,0.0,24.09,0.0,0.5565,0.0,30.89
7189,42.54,45.17,43.32,15.06,0.0,0.6906,0.0,30.89
7190,42.73,96.96,17.22,40.55,0.0,0.7744,0.0,30.89
7191,42.54,61.92,11.51,0.0,0.0,1.0,0.0,30.89
7192,41.97,67.1,5.76,0.0,0.0,1.0,0.0,30.89
7193,41.05,71.33,0.61,0.0,0.0,1.0,0.0,30.89
7194,39.8,21.6,0.0,0.0,18.2,1.0,0.0,0.0
7195,38.29,21.6,0.0,0.0,47.58,0.8878,0.0,30.89
7196,36.56,28.75,0.0,0.0,31.26,0.5944,0.0,23.45
7197,34.68,28.75,0.0,0.0,5.93,0.4017,0.0,0.0
7198,32.73,37.32,0.0,4.59,0.0,0.3651,0.0,0.0
7199,32.73,47.45,0.0,14.72,0.0,0.3906,0.0,0.0
7200,32.75,42.19,0.0,9.44,0.0,0.4726,0.0,0.0
7201,32.75,32.85,0.0,0.1,0.0,0.5251,0.0,0.0
7202,32.75,18.52,0.0,0.0,14.23,0.5256,0.0,0.0
7203,32.75,18.52,0.0,0.0,14.23,0.4379,0.0,0.0
7204,32.75,28.75,0.0,0.0,4.0,0.3501,0.0,0.0
7205,32.75,28.75,0.0,0.0,4.0,0.3255,0.0,0.0
7206,32.75,18.52,0.0,0.0,14.23,0.3008,0.0,0.0
7207,34.7,11.06,0.0,0.0,23.64,0.2131,0.0,0.0
7208,36.58,53.14,3.41,0.0,10.91,0.0673,0.0,30.89
7209,38.31,96.96,1.13,28.88,0.0,0.0,0.0,30.89
7210,39.82,96.96,7.51,33.75,0.0,0.1607,0.0,30.89
7211,41.07,96.96,22.08,47.08,0.0,0.3486,0.0,30.89
7212,41.99,96.96,17.29,42.01,0.0,0.6106,0.0,30.24
7213,42.56,59.27,11.26,27.97,0.0,0.8444,0.0,0.0
7214,42.75,32.85,3.65,0.0,0.0,1.0,6.25,0.0
7215,42.56,25.01,0.91,0.0,16.64,1.0,0.0,0.0
7216,41.99,13.27,0.22,0.0,28.51,0.8974,0.0,0.0
7217,41.07,2.7,1.48,0.0,36.89,0.7216,0.0,0.0
7218,39.82,1.38,0.0,0.0,7.55,0.4942,30.89,0.0
7219,38.31,3.59,0.0,0.0,3.82,0.4476,30.89,0.0
7220,36.58,5.93,0.0,0.0,0.0,0.424,30.64,0.0
7221,34.7,7.41,0.0,0.0,27.29,0.424,0.0,0.0
7222,32.75,5.93,0.0,0.0,0.0,0.2558,26.82,0.0
7223,32.75,5.93,0.0,0.0,9.84,0.2558,16.97,0.0
7224,32.77,5.93,0.0,0.0,0.0,0.1951,26.84,0.0
7225,32.77,5.93,0.0,0.0,0.0,0.1951,26.84,0.0
7226,32.77,5.93,0.0,0.0,0.0,0.1951,26.84,0.0
7227,32.77,7.41,0.0,0.0,25.36,0.1951,0.0,0.0
7228,32.77,7.41,0.0,0.0,0.0,0.0387,25.36,0.0
7229,32.77,5.93,0.0,0.0,0.0,0.0387,26.84,0.0
7230,32.77,4.67,0.0,0.0,0.0,0.0387,28.1,0.0
7231,34.72,4.67,0.0,0.0,0.0,0.0387,30.05,0.0
7232,36.6,21.6,8.72,0.0,6.27,0.0387,0.0,0.0
7233,38.33,32.85,40.94,4.58,0.0,0.0,0.0,30.89
7234,39.84,38.24,32.49,0.0,0.0,0.0255,0.0,30.89
7235,41.08,44.76,77.21,50.0,0.0,0.0255,0.0,30.89
7236,42.01,38.82,84.08,50.0,0.0,0.3037,0.0,30.89
7237,42.58,0.0,82.65,9.18,0.0,0.582,0.0,30.89
7238,42.77,49.38,74.28,50.0,0.0,0.6331,0.0,30.89
7239,42.58,33.12,56.29,15.93,0.0,0.9113,0.0,30.89
7240,42.01,25.01,30.45,0.0,0.0,1.0,0.0,13.45
7241,41.08,2.7,4.72,0.0,2.78,1.0,30.89,0.0
7242,39.84,0.17,0.0,0.0,39.67,0.9829,0.0,0.0
7243,38.33,0.17,0.0,0.0,7.26,0.7383,30.89,0.0
7244,36.6,0.07,0.0,0.0,22.44,0.6935,14.09,0.0
7245,34.72,0.02,0.0,0.0,34.7,0.5552,0.0,0.0
7246,32.77,0.0,0.0,0.0,1.88,0.3412,30.89,0.0
7247,32.77,0.0,0.0,0.0,1.88,0.3296,30.89,0.0
7248,32.79,0.0,0.0,0.0,1.9,0.318,30.89,0.0
7249,32.79,0.0,0.0,0.0,1.9,0.3063,30.89,0.0
7250,32.79,0.0,0.0,0.0,1.9,0.2946,30.89,0.0
7251,32.79,0.0,0.0,0.0,1.9,0.2829,30.89,0.0
7252,32.79,0.0,0.0,0.0,1.9,0.2712,30.89,0.0
7253,32.79,0.0,0.0,0.0,1.9,0.2595,30.89,0.0
7254,32.79,0.0,0.0,0.0,1.9,0.2478,30.89,0.0
7255,34.74,0.0,0.06,0.0,3.79,0.2361,30.89,0.0
7256,36.62,0.07,20.79,0.0,0.0,0.2127,15.76,0.0
7257,38.35,0.58,3.27,0.0,34.5,0.2127,0.0,0.0
7258,39.86,0.93,22.23,0.0,0.0,0.0,16.7,0.0
7259,41.1,0.58,81.28,40.76,0.0,0.0,0.0,0.0
7260,42.03,0.07,86.41,44.45,0.0,0.2268,0.0,0.0
7261,42.6,0.02,59.12,16.55,0.0,0.4742,0.0,0.0
7262,42.79,0.0,55.35,12.56,0.0,0.5663,0.0,0.0
7263,42.6,0.0,13.7,0.0,0.0,0.6362,28.89,0.0
7264,42.03,0.0,2.94,0.0,39.09,0.6362,0.0,0.0
7265,41.1,0.0,0.41,0.0,22.7,0.3952,18.0,0.0
7266,39.86,0.0,0.0,0.0,39.86,0.2552,0.0,0.0
7267,38.35,5.93,0.0,0.0,1.52,0.0094,30.89,0.0
7268,36.62,65.85,0.0,0.0,0.0,0.0,0.0,29.23
7269,34.74,65.63,0.0,0.0,0.0,0.0,0.0,30.89
7270,32.79,96.96,0.0,33.27,0.0,0.0,0.0,30.89
7271,32.79,69.84,0.0,37.05,0.0,0.1852,0.0,0.0
7272,32.81,82.81,0.0,50.0,0.0,0.3913,0.0,0.0
7273,32.81,82.81,0.0,50.0,0.0,0.6696,0.0,0.0
7274,32.81,42.19,0.0,9.38,0.0,0.9478,0.0,0.0
7275,32.81,21.6,0.0,0.0,11.21,1.0,0.0,0.0
7276,32.81,13.27,0.0,0.0,19.54,0.9309,0.0,0.0
7277,32.81,7.41,0.0,0.0,25.4,0.8104,0.0,0.0
7278,32.81,5.93,0.0,0.0,26.88,0.6538,0.0,0.0
7279,34.76,5.93,0.0,0.0,28.83,0.488,0.0,0.0
7280,36.64,18.52,23.01,0.0,26.0,0.3103,0.0,30.89
7281,38.37,25.01,31.18,0.0,13.07,0.15,0.0,30.89
7282,39.88,37.32,46.04,12.6,0.0,0.0694,0.0,30.89
7283,41.12,59.27,40.82,28.07,0.0,0.1395,0.0,30.89
7284,42.05,65.85,37.73,30.64,0.0,0.2957,0.0,30.89
7285,42.62,59.27,32.98,38.23,0.0,0.4661,0.0,11.4
7286,42.81,65.85,28.83,20.98,0.0,0.6789,0.0,30.89
7287,42.62,72.9,37.34,36.73,0.0,0.7956,0.0,30.89
7288,42.05,32.85,25.96,0.0,0.0,1.0,0.0,16.76
7289,41.12,1.38,5.15,0.0,34.59,1.0,0.0,0.0
7290,39.88,0.0,0.0,0.0,36.01,0.7867,3.86,0.0
7291,38.37,0.0,0.0,0.0,7.48,0.5646,30.89,0.0
7292,36.64,0.0,0.0,0.0,5.75,0.5185,30.89,0.0
7293,34.76,0.0,0.0,0.0,3.87,0.4831,30.89,0.0
7294,32.81,0.0,0.0,0.0,32.81,0.4592,0.0,0.0
7295,32.81,0.34,0.0,0.0,32.47,0.257,0.0,0.0
7296,32.83,1.38,0.0,0.0,0.56,0.0567,30.89,0.0
7297,32.83,1.97,0.0,0.0,0.0,0.0533,30.86,0.0
7298,32.83,1.38,0.0,0.0,0.56,0.0533,30.89,0.0
7299,32.83,0.58,0.0,0.0,1.36,0.0498,30.89,0.0
7300,32.83,0.34,0.0,0.0,1.6,0.0415,30.89,0.0
7301,32.83,0.34,0.0,0.0,1.6,0.0316,30.89,0.0
7302,32.83,0.93,0.0,0.0,1.01,0.0217,30.89,0.0
7303,34.78,1.38,0.0,0.0,2.51,0.0155,30.89,0.0
7304,36.66,4.67,12.19,0.0,0.0,0.0,19.81,0.0
7305,38.39,4.67,53.35,0.0,0.0,0.0,0.0,19.63
7306,39.9,3.59,74.47,7.27,0.0,0.0,0.0,30.89
7307,41.15,5.93,87.93,21.83,0.0,0.0405,0.0,30.89
7308,42.07,9.11,93.67,29.82,0.0,0.162,0.0,30.89
7309,42.64,11.06,91.13,50.0,0.0,0.3279,0.0,9.55
7310,42.83,11.06,80.36,48.59,0.0,0.6062,0.0,0.0
7311,42.64,7.41,61.42,22.18,0.0,0.8765,0.0,4.01
7312,42.07,0.93,33.93,0.0,0.0,1.0,7.21,0.0
7313,41.15,0.0,4.86,0.0,5.39,1.0,30.89,0.0
7314,39.9,0.0,0.0,0.0,39.9,0.9668,0.0,0.0
7315,38.39,0.0,0.0,0.0,7.5,0.7207,30.89,0.0
7316,36.66,0.0,0.0,0.0,36.66,0.6745,0.0,0.0
7317,34.78,0.0,0.0,0.0,10.17,0.4484,24.61,0.0
7318,32.83,0.0,0.0,0.0,32.83,0.3857,0.0,0.0
7319,32.83,0.0,0.0,0.0,1.94,0.1833,30.89,0.0
7320,32.85,0.0,0.0,0.0,1.96,0.1713,30.89,0.0
7321,32.85,0.0,0.0,0.0,1.96,0.1592,30.89,0.0
7322,32.85,0.0,0.0,0.0,1.96,0.1471,30.89,0.0
7323,32.85,0.07,0.0,0.0,1.89,0.135,30.89,0.0
7324,32.85,0.17,0.0,0.0,1.79,0.1234,30.89,0.0
7325,32.85,0.17,0.0,0.0,1.79,0.1124,30.89,0.0
7326,32.85,0.17,0.0,0.0,1.79,0.1013,30.89,0.0
7327,34.8,0.17,0.0,0.0,3.74,0.0903,30.89,0.0
7328,36.68,0.93,24.85,0.0,10.9,0.0672,0.0,0.0
7329,38.41,9.11,54.69,0.0,0.0,0.0,0.0,25.39
7330,39.92,32.85,76.26,38.3,0.0,0.0,0.0,30.89
7331,41.17,32.71,89.35,50.0,0.0,0.2131,0.0,30.89
7332,42.09,80.43,42.55,50.0,0.0,0.4914,0.0,30.89
7333,42.66,88.47,18.72,33.63,0.0,0.7696,0.0,30.89
7334,42.85,0.0,81.51,7.77,0.0,0.9568,0.0,30.89
7335,42.66,11.94,61.62,0.0,0.0,1.0,0.0,30.89
7336,42.09,13.27,33.59,0.0,0.0,1.0,0.0,4.77
7337,41.17,0.58,4.54,0.0,36.04,1.0,0.0,0.0
7338,39.92,0.17,0.0,0.0,21.24,0.7778,18.51,0.0
7339,38.41,0.34,0.0,0.0,38.07,0.6468,0.0,0.0
7340,36.68,0.34,0.0,0.0,36.34,0.412,0.0,0.0
7341,34.8,0.58,0.0,0.0,3.33,0.188,30.89,0.0
7342,32.85,0.58,0.0,0.0,1.38,0.1674,30.89,0.0
7343,32.85,0.58,0.0,0.0,1.38,0.1589,30.89,0.0
7344,32.88,0.58,0.0,0.0,1.4,0.1504,30.89,0.0
7345,32.88,0.34,0.0,0.0,1.65,0.1418,30.89,0.0
7346,32.88,0.17,0.0,0.0,1.81,0.1316,30.89,0.0
7347,32.88,0.07,0.0,0.0,1.91,0.1205,30.89,0.0
7348,32.88,0.02,0.0,0.0,1.96,0.1087,30.89,0.0
7349,32.88,0.0,0.0,0.0,1.98,0.0966,30.89,0.0
7350,32.88,0.0,0.0,0.0,1.98,0.0843,30.89,0.0
7351,34.83,0.0,0.0,0.0,3.93,0.0721,30.89,0.0
7352,36.7,0.58,28.35,0.0,7.76,0.0479,0.0,0.0
7353,38.43,4.67,59.24,0.0,0.0,0.0,0.0,25.48
7354,39.95,7.41,79.98,16.55,0.0,0.0,0.0,30.89
7355,41.19,4.67,91.93,24.52,0.0,0.0921,0.0,30.89
7356,42.11,3.59,96.62,27.21,0.0,0.2285,0.0,30.89
7357,42.68,4.67,93.64,28.08,0.0,0.38,0.0,27.54
7358,42.88,7.41,83.3,47.84,0.0,0.5362,0.0,0.0
7359,42.68,13.27,64.92,35.5,0.0,0.8024,0.0,0.0
7360,42.11,4.67,37.07,0.0,0.0,1.0,0.38,0.0
7361,41.19,0.58,5.71,0.0,34.9,1.0,0.0,0.0
7362,39.95,1.38,0.0,0.0,35.48,0.7848,3.09,0.0
7363,38.43,2.7,0.0,0.0,4.84,0.5661,30.89,0.0
7364,36.7,2.7,0.0,0.0,3.11,0.5362,30.89,0.0
7365,34.83,1.97,0.0,0.0,32.86,0.517,0.0,0.0
7366,32.88,0.93,0.0,0.0,31.95,0.3144,0.0,0.0
7367,32.88,0.34,0.0,0.0,1.65,0.1174,30.89,0.0
7368,32.9,0.17,0.0,0.0,1.83,0.1073,30.89,0.0
7369,32.9,0.17,0.0,0.0,1.83,0.096,30.89,0.0
7370,32.9,0.07,0.0,0.0,1.93,0.0847,30.89,0.0
7371,32.9,0.07,0.0,0.0,1.93,0.0727,30.89,0.0
7372,32.9,0.07,0.0,0.0,1.93,0.0608,30.89,0.0
7373,32.9,0.02,0.0,0.0,1.99,0.0489,30.89,0.0
7374,32.9,0.02,0.0,0.0,1.99,0.0366,30.89,0.0
7375,34.85,0.0,0.0,0.0,3.96,0.0244,30.89,0.0
7376,36.73,3.59,8.08,0.0,0.0,0.0,25.06,0.0
7377,38.45,13.27,14.22,0.0,0.0,0.0,10.97,0.0
7378,39.97,25.01,19.44,4.48,0.0,0.0,0.0,0.0
7379,41.21,42.19,24.43,25.4,0.0,0.0249,0.0,0.0
7380,42.14,42.19,20.73,20.78,0.0,0.1663,0.0,0.0
7381,42.71,42.19,14.37,13.85,0.0,0.2819,0.0,0.0
7382,42.9,37.32,10.72,5.15,0.0,0.359,0.0,0.0
7383,42.71,47.45,8.03,12.78,0.0,0.3877,0.0,0.0
7384,42.14,21.6,3.73,0.0,0.0,0.4588,16.81,0.0
7385,41.21,2.7,0.29,0.0,31.86,0.4588,6.36,0.0
7386,39.97,0.93,0.0,0.0,8.15,0.2623,30.89,0.0
7387,38.45,0.58,0.0,0.0,6.98,0.212,30.89,0.0
7388,36.73,0.17,0.0,0.0,5.66,0.169,30.89,0.0
7389,34.85,0.07,0.0,0.0,3.89,0.1341,30.89,0.0
7390,32.9,0.07,0.0,0.0,1.93,0.1101,30.89,0.0
7391,32.9,0.07,0.0,0.0,1.93,0.0982,30.89,0.0
7392,32.92,0.17,0.0,0.0,1.86,0.0863,30.89,0.0
7393,32.92,0.34,0.0,0.0,1.69,0.0748,30.89,0.0
7394,32.92,0.34,0.0,0.0,1.69,0.0644,30.89,0.0
7395,32.92,0.34,0.0,0.0,1.69,0.0539,30.89,0.0
7396,32.92,0.58,0.0,0.0,1.45,0.0435,30.89,0.0
7397,32.92,0.58,0.0,0.0,1.45,0.0346,30.89,0.0
7398,32.92,0.93,0.0,0.0,1.1,0.0257,30.89,0.0
7399,34.87,0.93,0.0,0.0,3.06,0.0188,30.89,0.0
7400,36.75,21.6,24.21,0.0,0.0,0.0,0.0,9.07
7401,38.48,64.51,54.86,50.0,0.0,0.0,0.0,30.89
7402,39.99,44.12,76.76,50.0,0.0,0.2782,0.0,30.89
7403,41.24,0.0,72.13,0.0,0.0,0.5565,0.0,30.89
7404,42.16,0.0,73.05,0.0,0.0,0.5565,0.0,30.89
7405,42.73,31.79,91.83,50.0,0.0,0.5565,0.0,30.89
7406,42.92,0.0,78.56,4.75,0.0,0.8347,0.0,30.89
7407,42.73,39.7,58.87,24.95,0.0,0.8612,0.0,30.89
7408,42.16,15.75,31.87,0.0,0.0,1.0,0.0,5.46
7409,41.24,0.93,3.39,0.0,6.02,1.0,30.89,0.0
7410,39.99,0.34,0.0,0.0,8.76,0.9629,30.89,0.0
7411,38.48,0.34,0.0,0.0,7.25,0.9088,30.89,0.0
7412,36.75,0.17,0.0,0.0,5.69,0.8641,30.89,0.0
7413,34.87,0.17,0.0,0.0,34.7,0.8291,0.0,0.0
7414,32.92,0.17,0.0,0.0,1.86,0.6151,30.89,0.0
7415,32.92,0.17,0.0,0.0,1.86,0.6036,30.89,0.0
7416,32.95,0.07,0.0,0.0,32.87,0.5922,0.0,0.0
7417,32.95,0.02,0.0,0.0,2.03,0.3895,30.89,0.0
7418,32.95,0.02,0.0,0.0,18.15,0.3769,14.77,0.0
7419,32.95,0.02,0.0,0.0,2.03,0.265,30.89,0.0
7420,32.95,0.07,0.0,0.0,1.98,0.2525,30.89,0.0
7421,32.95,0.02,0.0,0.0,2.03,0.2402,30.89,0.0
7422,32.95,0.02,0.0,0.0,2.03,0.2277,30.89,0.0
7423,34.9,0.0,0.0,0.0,34.89,0.2152,0.0,0.0
7424,36.77,0.34,23.67,0.0,0.0,0.0,12.76,0.0
7425,38.5,11.06,54.14,0.0,0.0,0.0,0.0,26.7
7426,40.02,4.86,76.34,10.29,0.0,0.0,0.0,30.89
7427,41.26,0.0,91.56,19.41,0.0,0.0573,0.0,30.89
7428,42.19,26.39,96.69,50.0,0.0,0.1653,0.0,30.89
7429,42.75,30.35,93.29,50.0,0.0,0.4435,0.0,30.89
7430,42.95,73.84,0.0,0.0,0.0,0.7218,0.0,30.89
7431,42.75,60.27,63.38,50.0,0.0,0.7218,0.0,30.89
7432,42.19,9.11,34.66,0.0,0.0,1.0,0.0,1.59
7433,41.26,0.07,4.15,0.0,37.04,1.0,0.0,0.0
7434,40.02,0.02,0.0,0.0,13.03,0.7716,26.96,0.0
7435,38.5,0.0,0.0,0.0,38.5,0.6912,0.0,0.0
7436,36.77,0.0,0.0,0.0,5.88,0.4538,30.89,0.0
7437,34.9,0.0,0.0,0.0,4.01,0.4176,30.89,0.0
7438,32.95,0.0,0.0,0.0,2.06,0.3929,30.89,0.0
7439,32.95,0.0,0.0,0.0,2.06,0.3802,30.89,0.0
7440,32.97,0.0,0.0,0.0,2.08,0.3675,30.89,0.0
7441,32.97,0.0,0.0,0.0,2.08,0.3547,30.89,0.0
7442,32.97,0.0,0.0,0.0,2.08,0.3419,30.89,0.0
7443,32.97,0.0,0.0,0.0,2.08,0.3291,30.89,0.0
7444,32.97,0.0,0.0,0.0,2.08,0.3162,30.89,0.0
7445,32.97,0.0,0.0,0.0,2.08,0.3034,30.89,0.0
7446,32.97,0.0,0.0,0.0,2.08,0.2906,30.89,0.0
7447,34.92,0.0,0.0,0.0,4.03,0.2778,30.89,0.0
7448,36.8,0.0,23.58,0.0,0.0,0.2529,13.22,0.0
7449,38.53,0.17,53.19,14.83,0.0,0.2529,0.0,0.0
7450,40.04,0.58,56.58,17.13,0.0,0.3354,0.0,0.0
7451,41.29,1.97,62.95,23.63,0.0,0.4307,0.0,0.0
7452,42.21,1.97,60.94,20.7,0.0,0.5623,0.0,0.0
7453,42.78,0.93,51.29,9.44,0.0,0.6774,0.0,0.0
7454,42.97,0.02,40.41,0.0,0.0,0.73,2.54,0.0
7455,42.78,0.0,31.86,0.0,0.0,0.73,10.92,0.0
7456,42.21,0.0,18.36,0.0,0.0,0.73,23.85,0.0
7457,41.29,0.0,3.45,0.0,6.94,0.73,30.89,0.0
7458,40.04,0.0,0.0,0.0,9.15,0.6871,30.89,0.0
7459,38.53,0.0,0.0,0.0,7.64,0.6307,30.89,0.0
7460,36.8,0.0,0.0,0.0,5.91,0.5836,30.89,0.0
7461,34.92,0.0,0.0,0.0,34.92,0.5472,0.0,0.0
7462,32.97,0.0,0.0,0.0,2.08,0.3319,30.89,0.0
7463,32.97,0.0,0.0,0.0,2.08,0.319,30.89,0.0
7464,33.0,0.0,0.0,0.0,2.11,0.3062,30.89,0.0
7465,33.0,0.0,0.0,0.0,32.99,0.2932,0.0,0.0
7466,33.0,0.02,0.0,0.0,2.08,0.0898,30.89,0.0
7467,33.0,0.0,0.0,0.0,2.1,0.0769,30.89,0.0
7468,33.0,0.0,0.0,0.0,2.11,0.064,30.89,0.0
7469,33.0,0.0,0.0,0.0,2.11,0.051,30.89,0.0
7470,33.0,0.0,0.0,0.0,2.11,0.038,30.89,0.0
7471,34.95,0.0,0.0,0.0,4.06,0.025,30.89,0.0
7472,36.82,0.0,23.69,0.0,0.0,0.0,13.14,0.0
7473,38.55,0.0,52.55,14.0,0.0,0.0,0.0,0.0
7474,40.07,0.02,72.41,32.36,0.0,0.0779,0.0,0.0
7475,41.31,0.0,61.96,20.65,0.0,0.258,0.0,0.0
7476,42.24,0.0,58.94,16.71,0.0,0.3729,0.0,0.0
7477,42.8,0.0,43.7,0.9,0.0,0.4659,0.0,0.0
7478,43.0,0.34,25.42,0.0,0.0,0.4709,17.24,0.0
7479,42.8,1.38,16.55,0.0,0.0,0.4709,24.87,0.0
7480,42.24,0.93,9.85,0.0,0.57,0.4709,30.89,0.0
7481,41.31,0.93,0.49,0.0,9.0,0.4674,30.89,0.0
7482,40.07,3.59,0.0,0.0,36.47,0.4119,0.0,0.0
7483,38.55,5.93,0.0,0.0,1.73,0.187,30.89,0.0
7484,36.82,7.41,0.0,0.0,14.78,0.1763,14.63,0.0
7485,34.95,5.93,0.0,0.0,0.0,0.0852,29.01,0.0
7486,33.0,4.67,0.0,0.0,0.0,0.0852,28.33,0.0
7487,33.0,5.93,0.0,0.0,0.0,0.0852,27.06,0.0
7488,33.02,5.93,0.0,0.0,0.0,0.0852,27.09,0.0
7489,33.02,3.59,0.0,0.0,0.0,0.0852,29.43,0.0
7490,33.02,1.38,0.0,0.0,0.75,0.0852,30.89,0.0
7491,33.02,0.58,0.0,0.0,1.55,0.0806,30.89,0.0
7492,33.02,0.17,0.0,0.0,1.96,0.071,30.89,0.0
7493,33.02,0.02,0.0,0.0,2.11,0.0589,30.89,0.0
7494,33.02,0.0,0.0,0.0,2.13,0.0459,30.89,0.0
7495,34.97,0.0,0.0,0.0,4.08,0.0328,30.89,0.0
7496,36.85,0.17,4.55,0.0,1.23,0.0076,30.89,0.0
7497,38.58,2.7,11.21,0.0,0.0,0.0,24.67,0.0
7498,40.09,5.93,12.89,0.0,0.0,0.0,21.28,0.0
7499,41.34,15.75,13.23,0.0,0.0,0.0,12.36,0.0
7500,42.26,32.85,17.82,0.0,0.0,0.0,0.0,8.41
7501,42.83,59.27,26.41,11.95,0.0,0.0,0.0,30.89
7502,43.02,46.67,35.88,8.63,0.0,0.0665,0.0,30.89
7503,42.83,94.11,29.61,50.0,0.0,0.1146,0.0,30.89
7504,42.26,65.85,19.68,12.38,0.0,0.3928,0.0,30.89
7505,41.34,28.75,2.26,0.0,41.21,0.4617,0.0,30.89
7506,40.09,37.32,0.0,0.0,33.66,0.2075,0.0,30.89
7507,38.58,72.9,0.0,3.43,0.0,0.0,0.0,30.89
7508,36.85,67.74,0.0,0.0,0.0,0.0191,0.0,30.89
7509,34.97,65.86,0.0,0.0,0.0,0.0191,0.0,30.89
7510,33.02,88.47,0.0,24.55,0.0,0.0191,0.0,30.89
7511,33.02,83.02,0.0,50.0,0.0,0.1557,0.0,0.0
7512,33.05,70.36,0.0,37.31,0.0,0.434,0.0,0.0
7513,33.05,83.05,0.0,50.0,0.0,0.6416,0.0,0.0
7514,33.05,47.45,0.0,14.41,0.0,0.9198,0.0,0.0
7515,33.05,25.01,0.0,0.0,0.0,1.0,8.04,0.0
7516,33.05,18.52,0.0,0.0,0.0,1.0,14.53,0.0
7517,33.05,13.27,0.0,0.0,0.0,1.0,19.78,0.0
7518,33.05,11.06,0.0,0.0,0.0,1.0,21.99,0.0
7519,35.0,9.11,0.0,0.0,0.0,1.0,25.89,0.0
7520,36.88,11.06,4.19,0.0,0.0,1.0,21.62,0.0
7521,38.6,13.27,10.76,0.0,0.0,1.0,14.58,0.0
7522,40.12,13.27,16.5,0.0,10.35,1.0,0.0,0.0
7523,41.36,15.75,19.32,0.0,6.3,0.9362,0.0,0.0
7524,42.29,15.75,21.84,0.0,0.0,0.8973,4.7,0.0
7525,42.86,18.52,23.92,0.0,0.0,0.8973,0.41,0.0
7526,43.05,15.75,20.28,0.0,0.0,0.8973,7.02,0.0
7527,42.86,15.75,15.33,0.0,11.78,0.8973,0.0,0.0
7528,42.29,11.06,8.36,0.0,0.0,0.8247,22.87,0.0
7529,41.36,1.97,0.44,0.0,38.95,0.8247,0.0,0.0
7530,40.12,0.58,0.0,0.0,39.54,0.5845,0.0,0.0
7531,38.6,0.93,0.0,0.0,25.2,0.3408,12.48,0.0
7532,36.88,0.93,0.0,0.0,5.06,0.1854,30.89,0.0
7533,35.0,0.58,0.0,0.0,3.53,0.1542,30.89,0.0
7534,33.05,0.17,0.0,0.0,1.99,0.1325,30.89,0.0
7535,33.05,0.17,0.0,0.0,1.99,0.1202,30.89,0.0
7536,33.08,0.17,0.0,0.0,2.01,0.108,30.89,0.0
7537,33.08,0.17,0.0,0.0,2.01,0.0956,30.89,0.0
7538,33.08,0.34,0.0,0.0,1.85,0.0832,30.89,0.0
7539,33.08,0.58,0.0,0.0,1.6,0.0718,30.89,0.0
7540,33.08,0.34,0.0,0.0,1.85,0.0619,30.89,0.0
7541,33.08,0.17,0.0,0.0,2.01,0.0505,30.89,0.0
7542,33.08,0.07,0.0,0.0,2.11,0.0381,30.89,0.0
7543,35.03,0.07,0.0,0.0,4.06,0.0251,30.89,0.0
7544,36.9,4.67,15.94,0.0,0.0,0.0,16.3,0.0
7545,38.63,13.27,31.46,6.1,0.0,0.0,0.0,0.0
7546,40.15,15.75,43.41,19.01,0.0,0.0339,0.0,0.0
7547,41.39,13.27,52.08,23.96,0.0,0.1397,0.0,0.0
7548,42.32,11.06,56.14,24.89,0.0,0.273,0.0,0.0
7549,42.88,11.06,54.99,23.16,0.0,0.4115,0.0,0.0
7550,43.08,11.06,47.14,15.12,0.0,0.5404,0.0,0.0
7551,42.88,7.41,33.52,0.0,1.95,0.6246,0.0,0.0
7552,42.32,0.93,16.28,0.0,0.0,0.6126,25.11,0.0
7553,41.39,0.02,1.08,0.0,9.4,0.6126,30.89,0.0
7554,40.15,0.07,0.0,0.0,9.18,0.5546,30.89,0.0
7555,38.63,0.07,0.0,0.0,7.67,0.498,30.89,0.0
7556,36.9,0.07,0.0,0.0,5.94,0.4507,30.89,0.0
7557,35.03,0.02,0.0,0.0,4.11,0.4141,30.89,0.0
7558,33.08,0.0,0.0,0.0,2.18,0.3887,30.89,0.0
7559,33.08,0.0,0.0,0.0,2.19,0.3752,30.89,0.0
7560,33.1,0.0,0.0,0.0,2.21,0.3618,30.89,0.0
7561,33.1,0.0,0.0,0.0,4.11,0.3481,28.99,0.0
7562,33.1,0.0,0.0,0.0,2.21,0.3228,30.89,0.0
7563,33.1,0.0,0.0,0.0,33.1,0.3091,0.0,0.0
7564,33.1,0.0,0.0,0.0,2.21,0.105,30.89,0.0
7565,33.1,0.0,0.0,0.0,2.21,0.0913,30.89,0.0
7566,33.1,0.0,0.0,0.0,2.21,0.0777,30.89,0.0
7567,35.06,0.0,0.0,0.0,4.16,0.0641,30.89,0.0
7568,36.93,0.0,9.54,0.0,0.0,0.0384,27.39,0.0
7569,38.66,0.0,32.44,0.0,6.22,0.0384,0.0,0.0
7570,40.18,0.0,70.72,0.0,0.0,0.0,0.0,30.54
7571,41.42,3.59,85.75,24.55,0.0,0.0,0.0,23.38
7572,42.34,13.27,91.09,50.0,0.0,0.1366,0.0,12.01
7573,42.91,13.27,87.82,50.0,0.0,0.4149,0.0,8.18
7574,43.1,11.06,57.97,25.93,0.0,0.6931,0.0,0.0
7575,42.91,15.75,56.39,29.22,0.0,0.8374,0.0,0.0
7576,42.34,4.67,17.86,0.0,0.0,1.0,19.81,0.0
7577,41.42,0.17,0.34,0.0,10.02,1.0,30.89,0.0
7578,40.18,0.07,0.0,0.0,40.1,0.9382,0.0,0.0
7579,38.66,0.02,0.0,0.0,16.48,0.691,22.16,0.0
7580,36.93,0.0,0.0,0.0,36.93,0.5893,0.0,0.0
7581,35.06,0.0,0.0,0.0,35.06,0.3616,0.0,0.0
7582,33.1,0.0,0.0,0.0,2.21,0.1455,30.89,0.0
7583,33.1,0.0,0.0,0.0,2.21,0.1318,30.89,0.0
7584,33.13,0.02,0.0,0.0,2.22,0.1182,30.89,0.0
7585,33.13,0.17,0.0,0.0,2.07,0.1045,30.89,0.0
7586,33.13,0.17,0.0,0.0,2.07,0.0917,30.89,0.0
7587,33.13,0.17,0.0,0.0,2.07,0.079,30.89,0.0
7588,33.13,0.17,0.0,0.0,2.07,0.0662,30.89,0.0
7589,33.13,0.0,0.0,0.0,2.24,0.0535,30.89,0.0
7590,33.13,0.0,0.0,0.0,2.24,0.0397,30.89,0.0
7591,35.08,0.0,0.0,0.0,4.19,0.0259,30.89,0.0
7592,36.96,0.0,7.33,0.0,0.0,0.0,29.63,0.0
7593,38.69,0.58,20.05,0.0,0.0,0.0,18.05,0.0
7594,40.2,9.11,33.89,0.0,0.0,0.0,0.0,2.8
7595,41.45,47.45,45.51,20.63,0.0,0.0,0.0,30.89
7596,42.37,70.53,52.73,50.0,0.0,0.1148,0.0,30.89
7597,42.94,19.54,54.29,0.0,0.0,0.393,0.0,30.89
7598,43.13,40.68,48.36,15.02,0.0,0.393,0.0,30.89
7599,42.94,96.96,26.88,50.0,0.0,0.4766,0.0,30.89
7600,42.37,96.96,20.36,44.05,0.0,0.7549,0.0,30.89
7601,41.45,25.01,0.21,0.0,0.0,1.0,16.23,0.0
7602,40.2,5.93,0.0,0.0,3.38,1.0,30.89,0.0
7603,38.69,3.59,0.0,0.0,35.09,0.9792,0.0,0.0
7604,36.96,3.59,0.0,0.0,33.36,0.7628,0.0,0.0
7605,35.08,3.59,0.0,0.0,31.49,0.557,0.0,0.0
7606,33.13,4.67,0.0,0.0,0.0,0.3629,28.47,0.0
7607,33.13,3.59,0.0,0.0,0.0,0.3629,29.54,0.0
7608,33.16,1.38,0.0,0.0,0.89,0.3629,30.89,0.0
7609,33.16,1.38,0.0,0.0,31.78,0.3574,0.0,0.0
7610,33.16,2.7,0.0,0.0,14.62,0.1615,15.84,0.0
7611,33.16,9.11,0.0,0.0,0.0,0.0713,24.05,0.0
7612,33.16,21.6,0.0,0.0,11.56,0.0713,0.0,0.0
7613,33.16,25.01,0.0,0.0,0.0,0.0,8.16,0.0
7614,33.16,18.52,0.0,0.0,0.0,0.0,14.64,0.0
7615,35.11,18.52,0.0,0.0,0.0,0.0,16.59,0.0
7616,36.99,52.6,21.31,6.03,0.0,0.0,0.0,30.89
7617,38.72,65.16,54.45,50.0,0.0,0.0336,0.0,30.89
7618,40.23,0.0,71.12,0.0,0.0,0.3118,0.0,30.89
7619,41.48,0.0,72.37,0.0,0.0,0.3118,0.0,30.89
7620,42.4,96.96,0.0,23.66,0.0,0.3118,0.0,30.89
7621,42.97,73.86,0.0,0.0,0.0,0.4435,0.0,30.89
7622,43.16,0.0,74.05,0.0,0.0,0.4435,0.0,30.89
7623,42.97,64.07,59.79,50.0,0.0,0.4435,0.0,30.89
7624,42.4,94.57,28.72,50.0,0.0,0.7218,0.0,30.89
7625,41.48,13.27,0.64,0.0,27.57,1.0,0.0,0.0
7626,40.23,3.59,0.0,0.0,17.91,0.83,18.73,0.0
7627,38.72,2.7,0.0,0.0,5.13,0.7196,30.89,0.0
7628,36.99,2.7,0.0,0.0,3.4,0.688,30.89,0.0
7629,35.11,4.67,0.0,0.0,0.0,0.667,30.45,0.0
7630,33.16,7.41,0.0,0.0,25.75,0.667,0.0,0.0
7631,33.16,11.06,0.0,0.0,22.1,0.5082,0.0,0.0
7632,33.19,15.75,0.0,0.0,17.44,0.372,0.0,0.0
7633,33.19,18.52,0.0,0.0,0.0,0.2644,14.67,0.0
7634,33.19,18.52,0.0,0.0,0.0,0.2644,14.67,0.0
7635,33.19,18.52,0.0,0.0,14.67,0.2644,0.0,0.0
7636,33.19,15.75,0.0,0.0,0.0,0.174,17.44,0.0
7637,33.19,15.75,0.0,0.0,0.0,0.174,17.44,0.0
7638,33.19,18.52,0.0,0.0,14.67,0.174,0.0,0.0
7639,35.14,21.6,0.0,0.0,13.54,0.0835,0.0,0.0
7640,37.02,52.4,15.5,0.0,0.0,0.0,0.0,30.89
7641,38.75,73.94,45.7,50.0,0.0,0.0,0.0,30.89
7642,40.26,51.58,69.58,50.0,0.0,0.2782,0.0,30.89
7643,41.51,0.0,72.4,0.0,0.0,0.5565,0.0,30.89
7644,42.43,0.0,73.32,0.0,0.0,0.5565,0.0,30.89
7645,43.0,0.0,73.89,0.0,0.0,0.5565,0.0,30.89
7646,43.19,4.32,69.76,0.0,0.0,0.5565,0.0,30.89
7647,43.0,29.02,47.25,2.38,0.0,0.5565,0.0,30.89
7648,42.43,53.28,20.04,0.0,0.0,0.5697,0.0,30.89
7649,41.51,72.4,0.0,0.0,0.0,0.5697,0.0,30.89
7650,40.26,71.15,0.0,0.0,0.0,0.5697,0.0,30.89
7651,38.75,96.96,0.0,27.32,0.0,0.5697,0.0,30.89
7652,37.02,67.91,0.0,0.0,0.0,0.7218,0.0,30.89
7653,35.14,66.03,0.0,0.0,0.0,0.7218,0.0,30.89
7654,33.19,64.08,0.0,0.0,0.0,0.7218,0.0,30.89
7655,33.19,33.19,0.0,0.0,0.0,0.7218,0.0,0.0
7656,33.22,83.22,0.0,50.0,0.0,0.7218,0.0,0.0
7657,33.22,33.22,0.0,0.0,0.0,1.0,0.0,0.0
7658,33.22,25.01,0.0,0.0,0.0,1.0,8.22,0.0
7659,33.22,7.41,0.0,0.0,25.81,1.0,0.0,0.0
7660,33.22,2.7,0.0,0.0,30.52,0.8408,0.0,0.0
7661,33.22,0.58,0.0,0.0,32.64,0.6527,0.0,0.0
7662,33.22,0.07,0.0,0.0,33.15,0.4514,0.0,0.0
7663,35.17,0.0,0.0,0.0,35.17,0.247,0.0,0.0
7664,37.05,0.02,21.13,0.0,4.89,0.0302,11.0,0.0
7665,38.78,0.34,52.73,0.0,0.0,0.0,0.0,14.29
7666,40.29,5.93,65.25,0.0,0.0,0.0,0.0,30.89
7667,41.54,0.0,91.69,19.26,0.0,0.0,0.0,30.89
7668,42.46,59.27,64.08,50.0,0.0,0.1072,0.0,30.89
7669,43.03,88.47,35.45,50.0,0.0,0.3854,0.0,30.89
7670,43.22,0.87,83.68,10.43,0.0,0.6637,0.0,30.89
7671,43.03,59.81,64.11,50.0,0.0,0.7218,0.0,30.89
7672,42.46,15.75,33.95,0.0,0.0,1.0,0.0,7.24
7673,41.54,0.34,2.27,0.0,8.04,1.0,30.89,0.0
7674,40.29,0.02,0.0,0.0,40.27,0.9504,0.0,0.0
7675,38.78,0.0,0.0,0.0,16.16,0.7021,22.62,0.0
7676,37.05,0.0,0.0,0.0,37.05,0.6025,0.0,0.0
7677,35.17,0.0,0.0,0.0,4.28,0.3741,30.89,0.0
7678,33.22,0.0,0.0,0.0,2.33,0.3477,30.89,0.0
7679,33.22,0.0,0.0,0.0,33.22,0.3333,0.0,0.0
7680,33.25,0.0,0.0,0.0,2.36,0.1285,30.89,0.0
7681,33.25,0.0,0.0,0.0,2.36,0.1139,30.89,0.0
7682,33.25,0.0,0.0,0.0,2.36,0.0994,30.89,0.0
7683,33.25,0.0,0.0,0.0,2.36,0.0848,30.89,0.0
7684,33.25,0.0,0.0,0.0,2.36,0.0703,30.89,0.0
7685,33.25,0.0,0.0,0.0,2.36,0.0557,30.89,0.0
7686,33.25,0.0,0.0,0.0,2.36,0.0411,30.89,0.0
7687,35.2,0.0,0.0,0.0,4.31,0.0266,30.89,0.0
7688,37.08,0.02,19.63,0.0,0.0,0.0,17.42,0.0
7689,38.81,0.17,51.48,0.0,0.0,0.0,0.0,12.85
7690,40.32,0.0,73.26,2.05,0.0,0.0,0.0,30.89
7691,41.57,0.0,85.43,28.28,0.0,0.0114,0.0,15.59
7692,42.49,0.0,91.2,48.71,0.0,0.1688,0.0,0.0
7693,43.06,0.34,88.97,46.24,0.0,0.4399,0.0,0.0
7694,43.25,1.38,78.77,36.9,0.0,0.6972,0.0,0.0
7695,43.06,0.93,59.64,17.51,0.0,0.9026,0.0,0.0
7696,42.49,0.02,30.8,0.0,0.0,1.0,11.67,0.0
7697,41.57,0.0,1.38,0.0,40.19,1.0,0.0,0.0
7698,40.32,0.0,0.0,0.0,16.0,0.7522,24.32,0.0
7699,38.81,0.0,0.0,0.0,38.81,0.6535,0.0,0.0
7700,37.08,0.0,0.0,0.0,37.08,0.4142,0.0,0.0
7701,35.2,0.0,0.0,0.0,4.31,0.1856,30.89,0.0
7702,33.25,0.0,0.0,0.0,2.36,0.159,30.89,0.0
7703,33.25,0.0,0.0,0.0,2.36,0.1445,30.89,0.0
7704,33.28,0.0,0.0,0.0,2.39,0.1299,30.89,0.0
7705,33.28,0.0,0.0,0.0,2.39,0.1152,30.89,0.0
7706,33.28,0.0,0.0,0.0,2.39,0.1004,30.89,0.0
7707,33.28,0.0,0.0,0.0,2.39,0.0857,30.89,0.0
7708,33.28,0.0,0.0,0.0,2.39,0.0709,30.89,0.0
7709,33.28,0.0,0.0,0.0,2.39,0.0562,30.89,0.0
7710,33.28,0.0,0.0,0.0,2.39,0.0415,30.89,0.0
7711,35.23,0.0,0.0,0.0,4.34,0.0268,30.89,0.0
7712,37.11,0.07,17.4,0.0,0.0,0.0,19.64,0.0
7713,38.84,0.93,48.23,0.0,0.0,0.0,0.0,10.32
7714,40.35,1.38,70.68,0.82,0.0,0.0,0.0,30.89
7715,41.6,3.59,84.84,15.94,0.0,0.0046,0.0,30.89
7716,42.52,5.93,90.52,45.86,0.0,0.0933,0.0,8.06
7717,43.09,9.11,87.89,50.0,0.0,0.3485,0.0,3.92
7718,43.28,9.11,80.57,46.4,0.0,0.6267,0.0,0.0
7719,43.09,2.7,61.06,20.67,0.0,0.885,0.0,0.0
7720,42.52,0.07,31.64,0.0,0.0,1.0,10.81,0.0
7721,41.6,0.0,1.41,0.0,40.19,1.0,0.0,0.0
7722,40.35,0.0,0.0,0.0,9.46,0.7522,30.89,0.0
7723,38.84,0.0,0.0,0.0,7.95,0.6938,30.89,0.0
7724,37.11,0.0,0.0,0.0,12.37,0.6448,24.74,0.0
7725,35.23,0.0,0.0,0.0,35.23,0.5686,0.0,0.0
7726,33.28,0.0,0.0,0.0,33.28,0.3513,0.0,0.0
7727,33.28,0.0,0.0,0.0,2.39,0.1461,30.89,0.0
7728,33.31,0.0,0.0,0.0,2.42,0.1314,30.89,0.0
7729,33.31,0.0,0.0,0.0,2.42,0.1164,30.89,0.0
7730,33.31,0.0,0.0,0.0,2.42,0.1015,30.89,0.0
7731,33.31,0.02,0.0,0.0,2.4,0.0866,30.89,0.0
7732,33.31,0.0,0.0,0.0,2.42,0.0718,30.89,0.0
7733,33.31,0.0,0.0,0.0,2.42,0.0568,30.89,0.0
7734,33.31,0.0,0.0,0.0,2.42,0.0419,30.89,0.0
7735,35.26,0.0,0.0,0.0,4.37,0.027,30.89,0.0
7736,37.14,0.02,17.14,0.0,0.0,0.0,19.98,0.0
7737,38.87,0.93,48.05,0.0,0.0,0.0,0.0,10.11
7738,40.38,5.93,70.7,5.35,0.0,0.0,0.0,30.89
7739,41.63,21.6,65.29,14.37,0.0,0.0298,0.0,30.89
7740,42.55,37.32,69.82,50.0,0.0,0.1098,0.0,14.59
7741,43.12,56.06,67.96,50.0,0.0,0.388,0.0,30.89
7742,43.31,47.25,76.95,50.0,0.0,0.6663,0.0,30.89
7743,43.12,25.01,56.96,9.97,0.0,0.9445,0.0,28.87
7744,42.55,1.97,27.95,0.0,0.0,1.0,12.64,0.0
7745,41.63,0.17,0.54,0.0,16.89,1.0,24.02,0.0
7746,40.38,0.07,0.0,0.0,40.31,0.8959,0.0,0.0
7747,38.87,0.02,0.0,0.0,38.85,0.6473,0.0,0.0
7748,37.14,0.0,0.0,0.0,37.14,0.4078,0.0,0.0
7749,35.26,0.0,0.0,0.0,4.37,0.1788,30.89,0.0
7750,33.31,0.02,0.0,0.0,2.4,0.1518,30.89,0.0
7751,33.31,0.17,0.0,0.0,2.25,0.137,30.89,0.0
7752,33.35,0.17,0.0,0.0,2.28,0.1231,30.89,0.0
7753,33.35,0.34,0.0,0.0,2.12,0.1091,30.89,0.0
7754,33.35,0.34,0.0,0.0,2.12,0.096,30.89,0.0
7755,33.35,0.34,0.0,0.0,2.12,0.083,30.89,0.0
7756,33.35,0.34,0.0,0.0,2.12,0.0699,30.89,0.0
7757,33.35,0.07,0.0,0.0,2.38,0.0568,30.89,0.0
7758,33.35,0.02,0.0,0.0,2.43,0.0422,30.89,0.0
7759,35.3,0.0,0.0,0.0,4.4,0.0272,30.89,0.0
7760,37.17,0.0,14.67,0.0,0.0,0.0,22.51,0.0
7761,38.9,0.0,44.31,5.41,0.0,0.0,0.0,0.0
7762,40.42,0.0,65.44,9.0,0.0,0.0301,0.0,16.01
7763,41.66,0.0,80.63,38.97,0.0,0.0802,0.0,0.0
7764,42.58,0.0,85.92,43.34,0.0,0.2971,0.0,0.0
7765,43.15,0.0,83.37,40.21,0.0,0.5383,0.0,0.0
7766,43.35,0.0,74.01,30.66,0.0,0.762,0.0,0.0
7767,43.15,0.0,55.25,12.1,0.0,0.9327,0.0,0.0
7768,42.58,0.0,27.43,0.0,15.16,1.0,0.0,0.0
7769,41.66,0.0,0.55,0.0,41.11,0.9065,0.0,0.0
7770,40.42,0.0,0.0,0.0,9.53,0.6531,30.89,0.0
7771,38.9,0.0,0.0,0.0,28.05,0.5943,10.86,0.0
7772,37.17,0.0,0.0,0.0,6.28,0.4214,30.89,0.0
7773,35.3,0.0,0.0,0.0,4.41,0.3827,30.89,0.0
7774,33.35,0.0,0.0,0.0,2.46,0.3555,30.89,0.0
7775,33.35,0.0,0.0,0.0,2.46,0.3404,30.89,0.0
7776,33.38,0.0,0.0,0.0,2.49,0.3252,30.89,0.0
7777,33.38,0.0,0.0,0.0,33.38,0.3099,0.0,0.0
7778,33.38,0.0,0.0,0.0,2.49,0.1041,30.89,0.0
7779,33.38,0.0,0.0,0.0,2.49,0.0887,30.89,0.0
7780,33.38,0.0,0.0,0.0,2.49,0.0734,30.89,0.0
7781,33.38,0.0,0.0,0.0,2.49,0.058,30.89,0.0
7782,33.38,0.0,0.0,0.0,2.49,0.0427,30.89,0.0
7783,35.33,0.0,0.0,0.0,4.44,0.0274,30.89,0.0
7784,37.21,0.07,17.62,0.0,0.0,0.0,19.51,0.0
7785,38.93,2.7,49.75,0.0,0.0,0.0,0.0,13.52
7786,40.45,13.27,73.05,14.97,0.0,0.0,0.0,30.89
7787,41.69,28.75,86.96,43.13,0.0,0.0833,0.0,30.89
7788,42.62,31.87,91.63,50.0,0.0,0.3233,0.0,30.89
7789,43.19,19.02,88.85,33.79,0.0,0.6016,0.0,30.89
7790,43.38,32.85,79.23,37.81,0.0,0.7896,0.0,30.89
7791,43.19,13.27,59.86,0.0,0.0,1.0,0.0,29.94
7792,42.62,1.38,30.6,0.0,0.0,1.0,10.63,0.0
7793,41.69,0.58,1.03,0.0,9.19,1.0,30.89,0.0
7794,40.45,0.93,0.0,0.0,39.52,0.9433,0.0,0.0
7795,38.93,0.58,0.0,0.0,38.35,0.6996,0.0,0.0
7796,37.21,0.17,0.0,0.0,37.03,0.4632,0.0,0.0
7797,35.33,0.02,0.0,0.0,4.42,0.2348,30.89,0.0
7798,33.38,0.0,0.0,0.0,2.49,0.2076,30.89,0.0
7799,33.38,0.0,0.0,0.0,2.49,0.1923,30.89,0.0
7800,33.41,0.0,0.0,0.0,2.52,0.1769,30.89,0.0
7801,33.41,0.0,0.0,0.0,2.52,0.1614,30.89,0.0
7802,33.41,0.0,0.0,0.0,2.52,0.1458,30.89,0.0
7803,33.41,0.0,0.0,0.0,2.52,0.1303,30.89,0.0
7804,33.41,0.0,0.0,0.0,2.52,0.1147,30.89,0.0
7805,33.41,0.0,0.0,0.0,2.52,0.0992,30.89,0.0
7806,33.41,0.0,0.0,0.0,2.52,0.0837,30.89,0.0
7807,35.36,0.0,0.0,0.0,4.47,0.0681,30.89,0.0
7808,37.24,0.17,5.51,0.0,3.13,0.0405,28.42,0.0
7809,38.97,5.93,19.36,0.0,0.0,0.0212,13.68,0.0
7810,40.48,21.6,35.72,16.84,0.0,0.0212,0.0,0.0
7811,41.73,25.01,47.13,30.41,0.0,0.115,0.0,0.0
7812,42.65,21.6,51.96,30.91,0.0,0.2842,0.0,0.0
7813,43.22,21.6,48.46,26.84,0.0,0.4562,0.0,0.0
7814,43.41,18.52,35.87,10.97,0.0,0.6056,0.0,0.0
7815,43.22,5.93,21.52,0.0,0.0,0.6667,15.77,0.0
7816,42.65,0.58,9.24,0.0,1.94,0.6667,30.89,0.0
7817,41.73,0.02,0.0,0.0,10.81,0.6547,30.89,0.0
7818,40.48,0.02,0.0,0.0,9.57,0.5881,30.89,0.0
7819,38.97,0.07,0.0,0.0,8.0,0.529,30.89,0.0
7820,37.24,0.17,0.0,0.0,37.07,0.4797,0.0,0.0
7821,35.36,0.34,0.0,0.0,4.13,0.2511,30.89,0.0
7822,33.41,0.93,0.0,0.0,1.59,0.2257,30.89,0.0
7823,33.41,1.97,0.0,0.0,0.55,0.2158,30.89,0.0
7824,33.44,2.7,0.0,0.0,0.0,0.2124,30.74,0.0
7825,33.44,3.59,0.0,0.0,0.0,0.2124,29.85,0.0
7826,33.44,3.59,0.0,0.0,0.0,0.2124,29.85,0.0
7827,33.44,2.7,0.0,0.0,0.0,0.2124,30.74,0.0
7828,33.44,1.38,0.0,0.0,32.06,0.2124,0.0,0.0
7829,33.44,1.97,0.0,0.0,0.58,0.0147,30.89,0.0
7830,33.44,3.59,0.0,0.0,0.0,0.0111,29.85,0.0
7831,35.4,2.7,0.0,0.0,1.8,0.0111,30.89,0.0
7832,37.27,37.32,8.74,0.0,0.0,0.0,0.0,8.79
7833,39.0,50.3,19.59,0.0,0.0,0.0,0.0,30.89
7834,40.52,52.2,19.21,0.0,0.0,0.0,0.0,30.89
7835,41.76,51.02,21.63,0.0,0.0,0.0,0.0,30.89
7836,42.68,49.53,24.05,0.0,0.0,0.0,0.0,30.89
7837,43.25,54.26,19.88,0.0,0.0,0.0,0.0,30.89
7838,43.44,58.48,15.85,0.0,0.0,0.0,0.0,30.89
7839,43.25,96.96,11.23,34.04,0.0,0.0,0.0,30.89
7840,42.68,94.18,4.42,25.02,0.0,0.1894,0.0,30.89
7841,41.76,72.65,0.0,0.0,0.0,0.3287,0.0,30.89
7842,40.52,71.41,0.0,0.0,0.0,0.3287,0.0,30.89
7843,39.0,69.89,0.0,0.0,0.0,0.3287,0.0,30.89
7844,37.27,96.96,0.0,28.79,0.0,0.3287,0.0,30.89
7845,35.4,66.29,0.0,0.0,0.0,0.4889,0.0,30.89
7846,33.44,96.96,0.0,32.62,0.0,0.4889,0.0,30.89
7847,33.44,33.44,0.0,0.0,0.0,0.6704,0.0,0.0
7848,33.48,33.48,0.0,0.0,0.0,0.6704,0.0,0.0
7849,33.48,33.48,0.0,0.0,0.0,0.6704,0.0,0.0
7850,33.48,33.48,0.0,0.0,0.0,0.6704,0.0,0.0
7851,33.48,33.48,0.0,0.0,0.0,0.6704,0.0,0.0
7852,33.48,33.48,0.0,0.0,0.0,0.6704,0.0,0.0
7853,33.48,25.01,0.0,0.0,8.47,0.6704,0.0,0.0
7854,33.48,15.75,0.0,0.0,17.73,0.6182,0.0,0.0
7855,35.43,11.06,0.0,0.0,50.0,0.5089,0.0,25.63
7856,37.31,47.45,10.5,0.0,10.24,0.2006,0.0,30.89
7857,39.03,78.97,40.96,50.0,0.0,0.1374,0.0,30.89
7858,40.55,5.9,65.54,0.0,0.0,0.4157,0.0,30.89
7859,41.79,0.0,83.33,10.64,0.0,0.4157,0.0,30.89
7860,42.72,73.61,0.0,0.0,0.0,0.4749,0.0,30.89
7861,43.29,74.18,0.0,0.0,0.0,0.4749,0.0,30.89
7862,43.48,2.33,72.04,0.0,0.0,0.4749,0.0,30.89
7863,43.29,74.05,50.13,50.0,0.0,0.4749,0.0,30.89
7864,42.72,96.96,21.01,44.36,0.0,0.7531,0.0,30.89
7865,41.79,53.14,0.0,0.0,0.0,1.0,0.0,11.35
7866,40.55,13.27,0.0,0.0,0.0,1.0,27.28,0.0
7867,39.03,3.59,0.0,0.0,4.55,1.0,30.89,0.0
7868,37.31,0.58,0.0,0.0,5.83,0.972,30.89,0.0
7869,35.43,0.02,0.0,0.0,4.52,0.936,30.89,0.0
7870,33.48,0.0,0.0,0.0,2.59,0.9081,30.89,0.0
7871,33.48,0.0,0.0,0.0,33.48,0.8922,0.0,0.0
7872,33.51,0.0,0.0,0.0,30.41,0.6858,3.1,0.0
7873,33.51,0.0,0.0,0.0,33.51,0.4982,0.0,0.0
7874,33.51,0.0,0.0,0.0,33.51,0.2916,0.0,0.0
7875,33.51,0.0,0.0,0.0,2.62,0.0849,30.89,0.0
7876,33.51,0.0,0.0,0.0,2.62,0.0688,30.89,0.0
7877,33.51,0.02,0.0,0.0,2.6,0.0526,30.89,0.0
7878,33.51,0.34,0.0,0.0,2.28,0.0366,30.89,0.0
7879,35.46,0.93,0.0,0.0,3.65,0.0225,30.89,0.0
7880,37.34,21.6,14.44,0.0,0.0,0.0,1.3,0.0
7881,39.07,24.2,45.76,0.0,0.0,0.0,0.0,30.89
7882,40.58,51.78,69.69,50.0,0.0,0.0,0.0,30.89
7883,41.83,0.0,84.2,11.48,0.0,0.2782,0.0,30.89
7884,42.75,0.0,89.51,15.87,0.0,0.3421,0.0,30.89
7885,43.32,0.0,80.0,5.79,0.0,0.4305,0.0,30.89
7886,43.51,0.82,73.59,0.0,0.0,0.4627,0.0,30.89
7887,43.32,71.54,52.68,50.0,0.0,0.4627,0.0,30.89
7888,42.75,96.96,23.24,46.56,0.0,0.7409,0.0,30.89
7889,41.83,7.41,0.0,0.0,3.53,1.0,30.89,0.0
7890,40.58,1.38,0.0,0.0,25.56,0.9783,13.65,0.0
7891,39.07,0.58,0.0,0.0,38.49,0.8207,0.0,0.0
7892,37.34,0.34,0.0,0.0,37.0,0.5834,0.0,0.0
7893,35.46,0.34,0.0,0.0,4.24,0.3552,30.89,0.0
7894,33.51,0.34,0.0,0.0,2.28,0.3291,30.89,0.0
7895,33.51,0.93,0.0,0.0,1.7,0.315,30.89,0.0
7896,33.55,2.7,0.0,0.0,0.0,0.3045,30.85,0.0
7897,33.55,5.93,0.0,0.0,27.61,0.3045,0.0,0.0
7898,33.55,5.93,0.0,0.0,0.0,0.1343,27.61,0.0
7899,33.55,5.93,0.0,0.0,0.0,0.1343,27.61,0.0
7900,33.55,5.93,0.0,0.0,0.0,0.1343,27.61,0.0
7901,33.55,9.11,0.0,0.0,0.0,0.1343,24.43,0.0
7902,33.55,18.52,0.0,0.0,15.03,0.1343,0.0,0.0
7903,35.5,28.75,0.0,0.0,6.75,0.0416,0.0,0.0
7904,37.37,52.71,15.55,0.0,0.0,0.0,0.0,30.89
7905,39.1,69.9,50.09,50.0,0.0,0.0,0.0,30.89
7906,40.62,46.87,74.64,50.0,0.0,0.2782,0.0,30.89
7907,41.86,0.0,89.92,17.17,0.0,0.5565,0.0,30.89
7908,42.79,0.0,73.68,0.0,0.0,0.652,0.0,30.89
7909,43.36,0.0,91.05,16.81,0.0,0.652,0.0,30.89
7910,43.55,0.0,78.07,3.64,0.0,0.7456,0.0,30.89
7911,43.36,35.34,55.54,16.64,0.0,0.7658,0.0,30.89
7912,42.79,47.85,25.83,0.0,0.0,0.8584,0.0,30.89
7913,41.86,72.75,0.0,0.0,0.0,0.8584,0.0,30.89
7914,40.62,96.96,0.0,25.45,0.0,0.8584,0.0,30.89
7915,39.1,42.19,0.0,0.0,0.0,1.0,0.0,3.08
7916,37.37,7.41,0.0,0.0,0.0,1.0,29.96,0.0
7917,35.5,0.34,0.0,0.0,35.16,1.0,0.0,0.0
7918,33.55,0.0,0.0,0.0,33.55,0.7832,0.0,0.0
7919,33.55,0.0,0.0,0.0,2.66,0.5763,30.89,0.0
7920,33.58,0.0,0.0,0.0,2.69,0.5599,30.89,0.0
7921,33.58,0.0,0.0,0.0,2.69,0.5433,30.89,0.0
7922,33.58,0.0,0.0,0.0,2.69,0.5267,30.89,0.0
7923,33.58,0.17,0.0,0.0,2.52,0.5102,30.89,0.0
7924,33.58,0.34,0.0,0.0,33.25,0.4946,0.0,0.0
7925,33.58,0.17,0.0,0.0,2.52,0.2896,30.89,0.0
7926,33.58,0.07,0.0,0.0,33.51,0.2741,0.0,0.0
7927,35.53,0.02,0.0,0.0,10.94,0.0675,24.57,0.0
7928,37.41,0.58,19.67,0.0,0.0,0.0,17.16,0.0
7929,39.14,3.59,55.85,0.0,0.0,0.0,0.0,20.3
7930,40.65,4.67,80.13,13.25,0.0,0.0,0.0,30.89
7931,41.9,4.67,95.17,27.05,0.0,0.0737,0.0,30.89
7932,42.82,5.93,100.9,33.12,0.0,0.2243,0.0,30.89
7933,43.39,11.06,98.47,35.25,0.0,0.4086,0.0,30.89
7934,43.58,18.52,87.67,31.72,0.0,0.6047,0.0,30.89
7935,43.39,21.6,66.62,39.31,0.0,0.7812,0.0,5.52
7936,42.82,9.11,35.6,0.0,0.0,1.0,0.0,1.9
7937,41.9,1.38,0.0,0.0,40.51,1.0,0.0,0.0
7938,40.65,0.93,0.0,0.0,12.63,0.7502,27.09,0.0
7939,39.14,0.58,0.0,0.0,7.66,0.6723,30.89,0.0
7940,37.41,0.34,0.0,0.0,37.07,0.625,0.0,0.0
7941,35.53,0.17,0.0,0.0,4.47,0.3964,30.89,0.0
7942,33.58,0.07,0.0,0.0,2.62,0.3689,30.89,0.0
7943,33.58,0.02,0.0,0.0,2.67,0.3527,30.89,0.0
7944,33.62,0.02,0.0,0.0,2.71,0.3362,30.89,0.0
7945,33.62,0.0,0.0,0.0,2.73,0.3196,30.89,0.0
7946,33.62,0.0,0.0,0.0,2.73,0.3028,30.89,0.0
7947,33.62,0.02,0.0,0.0,2.71,0.2859,30.89,0.0
7948,33.62,0.02,0.0,0.0,2.71,0.2693,30.89,0.0
7949,33.62,0.02,0.0,0.0,2.71,0.2526,30.89,0.0
7950,33.62,0.02,0.0,0.0,2.71,0.2359,30.89,0.0
7951,35.57,0.02,0.0,0.0,35.55,0.2192,0.0,0.0
7952,37.45,0.02,19.5,0.0,0.0,0.0,17.92,0.0
7953,39.17,0.34,55.08,0.0,0.0,0.0,0.0,16.25
7954,40.69,0.58,77.87,6.88,0.0,0.0,0.0,30.89
7955,41.93,0.58,90.86,18.61,0.0,0.0383,0.0,30.89
7956,42.86,0.58,96.69,50.0,0.0,0.1419,0.0,4.42
7957,43.43,0.58,94.25,50.0,0.0,0.4201,0.0,1.4
7958,43.62,0.58,83.77,40.74,0.0,0.6983,0.0,0.0
7959,43.43,0.07,64.95,13.47,0.0,0.925,0.0,8.13
7960,42.86,0.0,35.57,0.0,7.29,1.0,0.0,0.0
7961,41.93,0.0,0.0,0.0,41.93,0.9551,0.0,0.0
7962,40.69,0.0,0.0,0.0,33.23,0.6965,7.46,0.0
7963,39.17,0.0,0.0,0.0,8.28,0.4916,30.89,0.0
7964,37.45,0.0,0.0,0.0,6.55,0.4405,30.89,0.0
7965,35.57,0.0,0.0,0.0,4.68,0.4001,30.89,0.0
7966,33.62,0.0,0.0,0.0,2.73,0.3713,30.89,0.0
7967,33.62,0.02,0.0,0.0,2.71,0.3545,30.89,0.0
7968,33.65,0.02,0.0,0.0,2.74,0.3378,30.89,0.0
7969,33.65,0.02,0.0,0.0,2.74,0.3209,30.89,0.0
7970,33.65,0.02,0.0,0.0,2.74,0.304,30.89,0.0
7971,33.65,0.02,0.0,0.0,2.74,0.2871,30.89,0.0
7972,33.65,0.02,0.0,0.0,2.74,0.2701,30.89,0.0
7973,33.65,0.02,0.0,0.0,33.63,0.2532,0.0,0.0
7974,33.65,0.02,0.0,0.0,2.74,0.0459,30.89,0.0
7975,35.61,0.02,0.0,0.0,4.69,0.0289,30.89,0.0
7976,37.48,1.38,16.4,0.0,0.0,0.0,19.7,0.0
7977,39.21,7.41,49.87,0.0,0.0,0.0,0.0,18.07
7978,40.73,18.38,72.87,19.63,0.0,0.0,0.0,30.89
7979,41.97,0.0,91.22,18.36,0.0,0.1093,0.0,30.89
7980,42.89,0.0,96.45,22.67,0.0,0.2114,0.0,30.89
7981,43.46,0.0,93.38,19.03,0.0,0.3376,0.0,30.89
7982,43.65,44.23,80.31,50.0,0.0,0.4435,0.0,30.89
7983,43.46,64.27,60.08,50.0,0.0,0.7218,0.0,30.89
7984,42.89,28.75,29.06,0.0,0.0,1.0,0.0,14.92
7985,41.97,4.67,0.0,0.0,6.41,1.0,30.89,0.0
7986,40.73,1.97,0.0,0.0,7.87,0.9605,30.89,0.0
7987,39.21,1.38,0.0,0.0,37.83,0.912,0.0,0.0
7988,37.48,0.93,0.0,0.0,36.56,0.6787,0.0,0.0
7989,35.61,0.58,0.0,0.0,4.13,0.4533,30.89,0.0
7990,33.65,0.34,0.0,0.0,2.43,0.4278,30.89,0.0
7991,33.65,0.07,0.0,0.0,2.69,0.4129,30.89,0.0
7992,33.69,0.02,0.0,0.0,2.78,0.3963,30.89,0.0
7993,33.69,0.0,0.0,0.0,2.8,0.3791,30.89,0.0
7994,33.69,0.0,0.0,0.0,11.92,0.3619,21.77,0.0
7995,33.69,0.0,0.0,0.0,2.8,0.2884,30.89,0.0
7996,33.69,0.0,0.0,0.0,2.8,0.2712,30.89,0.0
7997,33.69,0.02,0.0,0.0,2.78,0.2539,30.89,0.0
7998,33.69,0.02,0.0,0.0,2.78,0.2368,30.89,0.0
7999,35.64,0.02,0.0,0.0,35.62,0.2196,0.0,0.0
8000,37.52,0.07,13.23,0.0,0.0,0.0,24.22,0.0
8001,39.25,1.38,47.29,0.0,0.0,0.0,0.0,9.43
8002,40.76,7.41,71.77,7.53,0.0,0.0,0.0,30.89
8003,42.01,15.75,86.57,29.42,0.0,0.0419,0.0,30.89
8004,42.93,21.6,91.85,50.0,0.0,0.2056,0.0,20.52
8005,43.5,21.6,89.18,50.0,0.0,0.4838,0.0,17.29
8006,43.69,15.75,77.63,24.22,0.0,0.7621,0.0,25.47
8007,43.5,3.59,58.44,18.53,0.0,0.8969,0.0,0.0
8008,42.93,0.07,29.05,0.0,0.0,1.0,13.8,0.0
8009,42.01,0.0,0.0,0.0,42.01,1.0,0.0,0.0
8010,40.76,0.0,0.0,0.0,9.87,0.741,30.89,0.0
8011,39.25,0.0,0.0,0.0,33.33,0.6801,5.92,0.0
8012,37.52,0.0,0.0,0.0,6.63,0.4746,30.89,0.0
8013,35.64,0.0,0.0,0.0,4.75,0.4337,30.89,0.0
8014,33.69,0.0,0.0,0.0,2.8,0.4044,30.89,0.0
8015,33.69,0.02,0.0,0.0,2.78,0.3872,30.89,0.0
8016,33.73,0.07,0.0,0.0,2.76,0.37,30.89,0.0
8017,33.73,0.17,0.0,0.0,2.66,0.353,30.89,0.0
8018,33.73,0.34,0.0,0.0,2.5,0.3365,30.89,0.0
8019,33.73,0.34,0.0,0.0,2.5,0.3211,30.89,0.0
8020,33.73,0.34,0.0,0.0,2.5,0.3057,30.89,0.0
8021,33.73,0.34,0.0,0.0,2.5,0.2903,30.89,0.0
8022,33.73,0.34,0.0,0.0,2.5,0.2749,30.89,0.0
8023,35.68,0.17,0.0,0.0,4.62,0.2595,30.89,0.0
8024,37.56,4.67,1.47,0.0,0.53,0.231,30.89,0.0
8025,39.28,13.27,4.04,0.0,0.0,0.2277,21.97,0.0
8026,40.8,15.75,9.61,0.0,0.0,0.2277,15.44,0.0
8027,42.04,18.52,24.71,1.18,0.0,0.2277,0.0,0.0
8028,42.97,18.52,28.06,3.61,0.0,0.2343,0.0,0.0
8029,43.54,15.75,36.09,8.31,0.0,0.2544,0.0,0.0
8030,43.73,15.75,29.15,1.16,0.0,0.3007,0.0,0.0
8031,43.54,21.6,4.23,0.0,0.0,0.3072,17.71,0.0
8032,42.97,15.75,3.88,0.0,0.0,0.3072,23.34,0.0
8033,42.04,2.7,0.0,0.0,8.45,0.3072,30.89,0.0
8034,40.8,0.07,0.0,0.0,9.84,0.255,30.89,0.0
8035,39.28,0.0,0.0,0.0,8.39,0.1944,30.89,0.0
8036,37.56,0.0,0.0,0.0,6.66,0.1426,30.89,0.0
8037,35.68,0.0,0.0,0.0,4.79,0.1015,30.89,0.0
8038,33.73,0.0,0.0,0.0,2.83,0.072,30.89,0.0
8039,33.73,0.07,0.0,0.0,2.76,0.0545,30.89,0.0
8040,33.77,0.58,0.0,0.0,2.29,0.0375,30.89,0.0
8041,33.77,2.7,0.0,0.0,0.17,0.0234,30.89,0.0
8042,33.77,5.93,0.0,0.0,0.0,0.0223,27.83,0.0
8043,33.77,7.41,0.0,0.0,0.0,0.0223,26.36,0.0
8044,33.77,9.11,0.0,0.0,0.0,0.0223,24.65,0.0
8045,33.77,4.67,0.0,0.0,0.0,0.0223,29.1,0.0
8046,33.77,2.7,0.0,0.0,0.17,0.0223,30.89,0.0
8047,35.72,1.38,0.0,0.0,3.44,0.0212,30.89,0.0
8048,37.59,1.97,9.42,0.0,0.0,0.0,26.21,0.0
8049,39.32,7.41,42.11,0.0,0.0,0.0,0.0,10.2
8050,40.84,15.75,68.84,12.86,0.0,0.0,0.0,30.89
8051,42.08,25.01,77.43,29.47,0.0,0.0716,0.0,30.89
8052,43.0,28.61,95.29,50.0,0.0,0.2355,0.0,30.89
8053,43.57,37.32,87.14,50.0,0.0,0.5138,0.0,30.89
8054,43.77,37.32,74.7,37.37,0.0,0.792,0.0,30.89
8055,43.57,28.75,13.88,0.0,0.94,1.0,0.0,0.0
8056,43.0,9.11,11.03,0.0,22.86,0.9942,0.0,0.0
8057,42.08,1.38,0.0,0.0,9.81,0.8532,30.89,0.0
8058,40.84,0.17,0.0,0.0,9.77,0.7927,30.89,0.0
8059,39.32,0.02,0.0,0.0,8.41,0.7325,30.89,0.0
8060,37.59,0.0,0.0,0.0,6.7,0.6806,30.89,0.0
8061,35.72,0.0,0.0,0.0,4.83,0.6393,30.89,0.0
8062,33.77,0.0,0.0,0.0,2.87,0.6096,30.89,0.0
8063,33.77,0.0,0.0,0.0,2.87,0.5918,30.89,0.0
8064,33.8,0.0,0.0,0.0,2.91,0.5741,30.89,0.0
8065,33.8,0.0,0.0,0.0,2.91,0.5562,30.89,0.0
8066,33.8,0.0,0.0,0.0,13.41,0.5382,20.39,0.0
8067,33.8,0.0,0.0,0.0,2.91,0.4555,30.89,0.0
8068,33.8,0.0,0.0,0.0,33.8,0.4375,0.0,0.0
8069,33.8,0.0,0.0,0.0,2.91,0.2291,30.89,0.0
8070,33.8,0.0,0.0,0.0,2.91,0.2111,30.89,0.0
8071,35.75,0.0,0.0,0.0,4.86,0.1932,30.89,0.0
8072,37.63,0.02,11.14,0.0,26.47,0.1632,0.0,0.0
8073,39.36,0.17,44.1,2.94,0.0,0.0,0.0,1.97
8074,40.87,0.17,68.76,0.0,0.0,0.0164,0.0,28.06
8075,42.12,0.17,84.23,42.29,0.0,0.0164,0.0,0.0
8076,43.04,0.02,90.2,47.18,0.0,0.2517,0.0,0.0
8077,43.61,0.0,87.21,43.6,0.0,0.5142,0.0,0.0
8078,43.8,0.02,75.49,31.7,0.0,0.7569,0.0,0.0
8079,43.61,0.07,55.52,11.99,0.0,0.9333,0.0,0.0
8080,43.04,0.02,26.1,0.0,0.0,1.0,16.92,0.0
8081,42.12,0.0,0.17,0.0,11.06,1.0,30.89,0.0
8082,40.87,0.0,0.0,0.0,9.98,0.9318,30.89,0.0
8083,39.36,0.0,0.0,0.0,8.47,0.8702,30.89,0.0
8084,37.63,0.0,0.0,0.0,6.74,0.818,30.89,0.0
8085,35.75,0.0,0.0,0.0,4.86,0.7765,30.89,0.0
8086,33.8,0.0,0.0,0.0,2.91,0.7465,30.89,0.0
8087,33.8,0.0,0.0,0.0,2.91,0.7285,30.89,0.0
8088,33.84,0.0,0.0,0.0,2.95,0.7106,30.89,0.0
8089,33.84,0.0,0.0,0.0,2.95,0.6924,30.89,0.0
8090,33.84,0.0,0.0,0.0,33.84,0.6742,0.0,0.0
8091,33.84,0.0,0.0,0.0,30.85,0.4655,2.99,0.0
8092,33.84,0.0,0.0,0.0,2.95,0.2753,30.89,0.0
8093,33.84,0.0,0.0,0.0,2.95,0.2571,30.89,0.0
8094,33.84,0.0,0.0,0.0,33.84,0.2389,0.0,0.0
8095,35.79,0.0,0.0,0.0,4.9,0.0302,30.89,0.0
8096,37.67,0.0,9.12,0.0,0.0,0.0,28.54,0.0
8097,39.4,0.0,40.68,1.28,0.0,0.0,0.0,0.0
8098,40.91,0.0,65.49,24.29,0.0,0.0071,0.0,0.29
8099,42.16,0.07,81.16,39.08,0.0,0.1423,0.0,0.0
8100,43.08,0.58,87.86,45.36,0.0,0.3598,0.0,0.0
8101,43.65,0.58,83.71,40.65,0.0,0.6122,0.0,0.0
8102,43.84,0.17,72.71,29.04,0.0,0.8384,0.0,0.0
8103,43.65,0.0,36.71,0.0,0.0,1.0,6.94,0.0
8104,43.08,0.0,18.41,0.0,0.0,1.0,24.67,0.0
8105,42.16,0.0,0.01,0.0,11.25,1.0,30.89,0.0
8106,40.91,0.0,0.0,0.0,40.91,0.9306,0.0,0.0
8107,39.4,0.0,0.0,0.0,39.4,0.6784,0.0,0.0
8108,37.67,0.0,0.0,0.0,6.78,0.4354,30.89,0.0
8109,35.79,0.0,0.0,0.0,4.9,0.3936,30.89,0.0
8110,33.84,0.0,0.0,0.0,2.95,0.3634,30.89,0.0
8111,33.84,0.0,0.0,0.0,2.95,0.3452,30.89,0.0
8112,33.88,0.0,0.0,0.0,2.99,0.327,30.89,0.0
8113,33.88,0.0,0.0,0.0,2.99,0.3086,30.89,0.0
8114,33.88,0.0,0.0,0.0,2.99,0.2902,30.89,0.0
8115,33.88,0.0,0.0,0.0,2.99,0.2717,30.89,0.0
8116,33.88,0.0,0.0,0.0,2.99,0.2533,30.89,0.0
8117,33.88,0.0,0.0,0.0,2.99,0.2349,30.89,0.0
8118,33.88,0.0,0.0,0.0,2.99,0.2165,30.89,0.0
8119,35.83,0.0,0.0,0.0,4.94,0.198,30.89,0.0
8120,37.71,0.0,7.59,0.0,14.77,0.1676,15.34,0.0
8121,39.44,0.34,26.69,0.0,12.4,0.0765,0.0,0.0
8122,40.95,5.93,62.89,0.0,0.0,0.0,0.0,27.87
8123,42.19,21.6,69.43,17.95,0.0,0.0,0.0,30.89
8124,43.12,42.19,71.62,39.79,0.0,0.0999,0.0,30.89
8125,43.69,44.34,80.24,50.0,0.0,0.3213,0.0,30.89
8126,43.88,65.85,57.62,48.69,0.0,0.5996,0.0,30.89
8127,43.69,42.19,55.65,23.26,0.0,0.8705,0.0,30.89
8128,43.12,9.11,26.77,0.0,0.0,1.0,7.24,0.0
8129,42.19,0.93,0.24,0.0,21.65,1.0,19.38,0.0
8130,40.95,0.17,0.0,0.0,9.89,0.8665,30.89,0.0
8131,39.44,0.02,0.0,0.0,39.41,0.8055,0.0,0.0
8132,37.71,0.0,0.0,0.0,37.7,0.5625,0.0,0.0
8133,35.83,0.07,0.0,0.0,4.87,0.33,30.89,0.0
8134,33.88,0.93,0.0,0.0,2.06,0.3,30.89,0.0
8135,33.88,2.7,0.0,0.0,0.29,0.2873,30.89,0.0
8136,33.92,4.67,0.0,0.0,0.0,0.2855,29.25,0.0
8137,33.92,3.59,0.0,0.0,0.0,0.2855,30.32,0.0
8138,33.92,1.38,0.0,0.0,1.64,0.2855,30.89,0.0
8139,33.92,0.58,0.0,0.0,2.44,0.2754,30.89,0.0
8140,33.92,0.07,0.0,0.0,2.95,0.2603,30.89,0.0
8141,33.92,0.0,0.0,0.0,3.02,0.2421,30.89,0.0
8142,33.92,0.0,0.0,0.0,3.03,0.2235,30.89,0.0
8143,35.87,0.0,0.0,0.0,4.98,0.2048,30.89,0.0
8144,37.74,0.0,9.51,0.0,28.24,0.1741,0.0,0.0
8145,39.47,0.34,42.74,0.0,0.0,0.0,0.0,3.6
8146,40.99,0.93,66.76,0.0,0.0,0.0,0.0,26.7
8147,42.23,5.93,76.68,9.49,0.0,0.0,0.0,30.89
8148,43.16,21.6,76.55,39.92,0.0,0.0528,0.0,15.07
8149,43.73,37.32,66.53,50.0,0.0,0.2749,0.0,10.13
8150,43.92,47.45,60.71,50.0,0.0,0.5532,0.0,14.25
8151,43.73,47.45,24.28,28.01,0.0,0.8314,0.0,0.0
8152,43.16,21.6,23.84,2.28,0.0,0.9873,0.0,0.0
8153,42.23,3.59,0.23,0.0,7.52,1.0,30.89,0.0
8154,40.99,0.93,0.0,0.0,9.17,0.9537,30.89,0.0
8155,39.47,0.07,0.0,0.0,39.4,0.8971,0.0,0.0
8156,37.74,0.0,0.0,0.0,6.85,0.6542,30.89,0.0
8157,35.87,0.0,0.0,0.0,4.98,0.6119,30.89,0.0
8158,33.92,0.0,0.0,0.0,3.03,0.5812,30.89,0.0
8159,33.92,0.0,0.0,0.0,3.03,0.5625,30.89,0.0
8160,33.96,0.0,0.0,0.0,3.07,0.5439,30.89,0.0
8161,33.96,0.0,0.0,0.0,3.07,0.525,30.89,0.0
8162,33.96,0.0,0.0,0.0,3.07,0.5061,30.89,0.0
8163,33.96,0.0,0.0,0.0,33.96,0.4871,0.0,0.0
8164,33.96,0.0,0.0,0.0,33.9,0.2778,0.06,0.0
8165,33.96,0.0,0.0,0.0,3.07,0.0687,30.89,0.0
8166,33.96,0.0,0.0,0.0,3.07,0.0498,30.89,0.0
8167,35.91,0.0,0.0,0.0,5.02,0.0309,30.89,0.0
8168,37.78,0.0,9.14,0.0,0.0,0.0,28.64,0.0
8169,39.51,0.07,46.52,0.0,0.0,0.0,0.0,7.08
8170,41.03,0.02,71.95,0.05,0.0,0.0,0.0,30.89
8171,42.27,0.07,86.75,33.14,0.0,0.0003,0.0,11.41
8172,43.2,0.07,92.87,49.74,0.0,0.1847,0.0,0.0
8173,43.76,0.02,90.34,46.6,0.0,0.4615,0.0,0.0
8174,43.96,0.0,78.99,35.03,0.0,0.7208,0.0,0.0
8175,43.76,0.0,58.9,15.13,0.0,0.9158,0.0,0.0
8176,43.2,0.0,28.63,0.0,0.0,1.0,14.56,0.0
8177,42.27,0.0,0.38,0.0,11.0,1.0,30.89,0.0
8178,41.03,0.0,0.0,0.0,10.14,0.9321,30.89,0.0
8179,39.51,0.02,0.0,0.0,8.6,0.8696,30.89,0.0
8180,37.78,0.17,0.0,0.0,6.72,0.8166,30.89,0.0
8181,35.91,0.07,0.0,0.0,4.94,0.7752,30.89,0.0
8182,33.96,0.0,0.0,0.0,3.07,0.7447,30.89,0.0
8183,33.96,0.0,0.0,0.0,29.73,0.7258,4.23,0.0
8184,34.0,0.0,0.0,0.0,3.11,0.5425,30.89,0.0
8185,34.0,0.0,0.0,0.0,34.0,0.5233,0.0,0.0
8186,34.0,0.0,0.0,0.0,3.11,0.3137,30.89,0.0
8187,34.0,0.07,0.0,0.0,3.03,0.2945,30.89,0.0
8188,34.0,0.17,0.0,0.0,2.93,0.2758,30.89,0.0
8189,34.0,0.02,0.0,0.0,3.08,0.2577,30.89,0.0
8190,34.0,0.0,0.0,0.0,3.1,0.2387,30.89,0.0
8191,35.95,0.0,0.0,0.0,5.06,0.2196,30.89,0.0
8192,37.82,0.34,6.93,0.0,30.56,0.1884,0.0,0.0
8193,39.55,1.97,38.86,0.0,0.0,0.0,0.0,1.28
8194,41.07,3.59,64.32,26.85,0.0,0.0,0.0,0.0
8195,42.31,2.7,80.26,16.82,0.0,0.1494,0.0,23.83
8196,43.24,0.93,87.22,44.91,0.0,0.243,0.0,0.0
8197,43.8,0.93,85.16,42.29,0.0,0.493,0.0,0.0
8198,44.0,4.67,73.04,33.71,0.0,0.7283,0.0,0.0
8199,43.8,5.93,52.99,15.11,0.0,0.9159,0.0,0.0
8200,43.24,1.97,24.45,0.0,0.0,1.0,16.82,0.0
8201,42.31,0.58,0.06,0.0,41.67,1.0,0.0,0.0
8202,41.07,0.58,0.0,0.0,40.48,0.743,0.0,0.0
8203,39.55,0.93,0.0,0.0,20.37,0.4934,18.26,0.0
8204,37.82,2.7,0.0,0.0,4.23,0.3678,30.89,0.0
8205,35.95,9.11,0.0,0.0,0.0,0.3417,26.83,0.0
8206,34.0,15.75,0.0,0.0,0.0,0.3417,18.25,0.0
8207,34.0,21.6,0.0,0.0,12.4,0.3417,0.0,0.0
8208,34.04,21.6,0.0,0.0,12.43,0.2653,0.0,0.0
8209,34.04,15.75,0.0,0.0,0.0,0.1886,18.29,0.0
8210,34.04,13.27,0.0,0.0,0.0,0.1886,20.77,0.0
8211,34.04,11.06,0.0,0.0,0.0,0.1886,22.98,0.0
8212,34.04,5.93,0.0,0.0,0.0,0.1886,28.1,0.0
8213,34.04,2.7,0.0,0.0,0.44,0.1886,30.89,0.0
8214,34.04,1.38,0.0,0.0,1.76,0.1859,30.89,0.0
8215,35.99,0.93,0.0,0.0,4.17,0.175,30.89,0.0
8216,37.86,7.41,6.23,0.0,24.22,0.1493,0.0,0.0
8217,39.59,32.85,38.9,1.27,0.0,0.0,0.0,30.89
8218,41.11,56.2,65.8,50.0,0.0,0.0071,0.0,30.89
8219,42.35,73.24,0.0,0.0,0.0,0.2853,0.0,30.89
8220,43.27,33.72,90.44,50.0,0.0,0.2853,0.0,30.89
8221,43.84,14.14,89.02,28.42,0.0,0.5636,0.0,30.89
8222,44.04,96.96,27.97,50.0,0.0,0.7218,0.0,30.89
8223,43.84,14.92,59.81,0.0,0.0,1.0,0.0,30.89
8224,43.27,25.01,29.67,0.0,0.0,1.0,0.0,11.4
8225,42.35,1.97,0.44,0.0,39.94,1.0,0.0,0.0
8226,41.11,0.34,0.0,0.0,22.83,0.7537,17.94,0.0
8227,39.59,0.17,0.0,0.0,39.42,0.613,0.0,0.0
8228,37.86,0.07,0.0,0.0,37.79,0.3699,0.0,0.0
8229,35.99,0.17,0.0,0.0,4.92,0.1369,30.89,0.0
8230,34.04,0.34,0.0,0.0,2.81,0.1065,30.89,0.0
8231,34.04,0.93,0.0,0.0,2.22,0.0892,30.89,0.0
8232,34.08,1.97,0.0,0.0,1.22,0.0755,30.89,0.0
8233,34.08,2.7,0.0,0.0,0.48,0.068,30.89,0.0
8234,34.08,3.59,0.0,0.0,0.0,0.0651,30.48,0.0
8235,34.08,3.59,0.0,0.0,0.0,0.0651,30.48,0.0
8236,34.08,2.7,0.0,0.0,0.48,0.0651,30.89,0.0
8237,34.08,0.93,0.0,0.0,2.26,0.0621,30.89,0.0
8238,34.08,0.34,0.0,0.0,2.85,0.0482,30.89,0.0
8239,36.03,0.17,0.0,0.0,4.96,0.0306,30.89,0.0
8240,37.9,0.93,7.32,0.0,0.0,0.0,29.65,0.0
8241,39.63,4.67,36.92,0.0,0.0,0.0,0.0,1.95
8242,41.15,11.06,60.98,0.0,0.0,0.0,0.0,30.89
8243,42.39,42.19,67.39,36.3,0.0,0.0,0.0,30.89
8244,43.31,58.81,65.39,50.0,0.0,0.202,0.0,30.89
8245,43.88,37.22,87.55,50.0,0.0,0.4802,0.0,30.89
8246,44.08,74.97,0.0,0.0,0.0,0.7585,0.0,30.89
8247,43.88,60.63,57.55,43.4,0.0,0.7585,0.0,30.89
8248,43.31,11.06,26.44,0.0,0.0,1.0,5.82,0.0
8249,42.39,0.34,0.48,0.0,10.69,1.0,30.89,0.0
8250,41.15,0.07,0.0,0.0,41.07,0.9341,0.0,0.0
8251,39.63,0.02,0.0,0.0,39.61,0.6808,0.0,0.0
8252,37.9,0.07,0.0,0.0,6.94,0.4366,30.89,0.0
8253,36.03,0.07,0.0,0.0,32.43,0.3938,3.52,0.0
8254,34.08,0.07,0.0,0.0,3.11,0.1938,30.89,0.0
8255,34.08,0.07,0.0,0.0,3.11,0.1747,30.89,0.0
8256,34.12,0.17,0.0,0.0,3.05,0.1555,30.89,0.0
8257,34.12,0.34,0.0,0.0,2.89,0.1366,30.89,0.0
8258,34.12,0.34,0.0,0.0,2.89,0.1188,30.89,0.0
8259,34.12,0.34,0.0,0.0,2.89,0.101,30.89,0.0
8260,34.12,0.34,0.0,0.0,2.89,0.0832,30.89,0.0
8261,34.12,0.34,0.0,0.0,2.89,0.0654,30.89,0.0
8262,34.12,0.34,0.0,0.0,2.89,0.0476,30.89,0.0
8263,36.07,0.34,0.0,0.0,4.84,0.0298,30.89,0.0
8264,37.94,4.67,6.28,0.0,0.0,0.0,26.99,0.0
8265,39.67,31.56,39.0,0.0,0.0,0.0,0.0,30.89
8266,41.19,75.66,29.27,32.85,0.0,0.0,0.0,30.89
8267,42.43,55.72,67.6,50.0,0.0,0.1828,0.0,30.89
8268,43.35,0.0,89.72,15.48,0.0,0.4611,0.0,30.89
8269,43.92,37.03,87.78,50.0,0.0,0.5472,0.0,30.89
8270,44.12,16.01,59.0,0.0,0.0,0.8254,0.0,30.89
8271,43.92,59.27,46.91,31.37,0.0,0.8254,0.0,30.89
8272,43.35,4.67,27.41,0.0,0.0,1.0,11.28,0.0
8273,42.43,0.07,0.28,0.0,11.19,1.0,30.89,0.0
8274,41.19,0.0,0.0,0.0,10.29,0.931,30.89,0.0
8275,39.67,0.0,0.0,0.0,8.78,0.8675,30.89,0.0
8276,37.94,0.0,0.0,0.0,7.05,0.8134,30.89,0.0
8277,36.07,0.0,0.0,0.0,5.17,0.77,30.89,0.0
8278,34.12,0.0,0.0,0.0,34.05,0.7381,0.06,0.0
8279,34.12,0.02,0.0,0.0,3.2,0.5281,30.89,0.0
8280,34.16,0.07,0.0,0.0,3.19,0.5083,30.89,0.0
8281,34.16,0.17,0.0,0.0,3.09,0.4886,30.89,0.0
8282,34.16,0.34,0.0,0.0,2.93,0.4696,30.89,0.0
8283,34.16,0.58,0.0,0.0,2.68,0.4515,30.89,0.0
8284,34.16,0.93,0.0,0.0,2.34,0.435,30.89,0.0
8285,34.16,1.38,0.0,0.0,32.77,0.4206,0.0,0.0
8286,34.16,1.97,0.0,0.0,1.3,0.2185,30.89,0.0
8287,36.11,1.97,0.0,0.0,34.14,0.2105,0.0,0.0
8288,37.98,25.01,3.57,0.0,0.0,0.0,9.41,0.0
8289,39.71,37.09,33.51,0.0,0.0,0.0,0.0,30.89
8290,41.23,33.45,38.67,0.0,0.0,0.0,0.0,30.89
8291,42.47,20.07,53.29,0.0,0.0,0.0,0.0,30.89
8292,43.39,17.29,65.46,8.46,0.0,0.0,0.0,30.89
8293,43.96,71.55,53.3,50.0,0.0,0.0471,0.0,30.89
8294,44.16,47.28,27.77,0.0,0.0,0.3253,0.0,30.89
8295,43.96,96.96,19.86,41.96,0.0,0.3253,0.0,30.89
8296,43.39,60.35,13.93,0.0,0.0,0.5589,0.0,30.89
8297,42.47,73.36,0.0,0.0,0.0,0.5589,0.0,30.89
8298,41.23,96.96,0.0,24.84,0.0,0.5589,0.0,30.89
8299,39.71,96.96,0.0,26.35,0.0,0.6971,0.0,30.89
8300,37.98,96.96,0.0,28.08,0.0,0.8437,0.0,30.89
8301,36.11,65.85,0.0,0.0,0.0,1.0,0.0,29.74
8302,34.16,32.85,0.0,0.0,0.0,1.0,1.3,0.0
8303,34.16,13.27,0.0,0.0,20.89,1.0,0.0,0.0
8304,34.2,2.7,0.0,0.0,31.5,0.8712,0.0,0.0
8305,34.2,0.17,0.0,0.0,3.13,0.677,30.89,0.0
8306,34.2,0.0,0.0,0.0,3.31,0.6577,30.89,0.0
8307,34.2,0.0,0.0,0.0,25.52,0.6373,8.67,0.0
8308,34.2,0.0,0.0,0.0,3.31,0.4799,30.89,0.0
8309,34.2,0.0,0.0,0.0,34.2,0.4595,0.0,0.0
8310,34.2,0.0,0.0,0.0,3.31,0.2487,30.89,0.0
8311,36.15,0.0,0.0,0.0,36.15,0.2283,0.0,0.0
8312,38.02,0.0,6.26,0.0,0.87,0.0054,30.89,0.0
8313,39.75,0.07,34.02,0.0,0.0,0.0,5.66,0.0
8314,41.27,0.58,69.99,0.0,0.0,0.0,0.0,29.31
8315,42.51,2.7,75.51,4.81,0.0,0.0,0.0,30.89
8316,43.44,7.41,94.52,50.0,0.0,0.0268,0.0,8.5
8317,44.0,13.27,91.48,50.0,0.0,0.305,0.0,10.74
8318,44.2,15.75,83.15,50.0,0.0,0.5833,0.0,4.71
8319,44.0,13.27,59.31,24.88,0.0,0.8615,0.0,3.69
8320,43.44,1.97,32.13,0.0,0.0,1.0,9.34,0.0
8321,42.51,0.0,0.65,0.0,41.86,1.0,0.0,0.0
8322,41.27,0.0,0.0,0.0,10.38,0.7419,30.89,0.0
8323,39.75,0.0,0.0,0.0,8.86,0.6779,30.89,0.0
8324,38.02,0.0,0.0,0.0,7.13,0.6232,30.89,0.0
8325,36.15,0.0,0.0,0.0,5.26,0.5793,30.89,0.0
8326,34.2,0.0,0.0,0.0,3.31,0.5468,30.89,0.0
8327,34.2,0.0,0.0,0.0,25.76,0.5265,8.43,0.0
8328,34.24,0.0,0.0,0.0,3.35,0.3676,30.89,0.0
8329,34.24,0.0,0.0,0.0,3.35,0.347,30.89,0.0
8330,34.24,0.0,0.0,0.0,3.35,0.3263,30.89,0.0
8331,34.24,0.0,0.0,0.0,3.35,0.3057,30.89,0.0
8332,34.24,0.0,0.0,0.0,3.35,0.2851,30.89,0.0
8333,34.24,0.0,0.0,0.0,3.35,0.2644,30.89,0.0
8334,34.24,0.0,0.0,0.0,3.35,0.2438,30.89,0.0
8335,36.19,0.0,0.0,0.0,36.19,0.2231,0.0,0.0
8336,38.06,0.0,7.27,0.0,0.0,0.0,30.8,0.0
8337,39.79,0.0,44.87,0.0,0.0,0.0,0.0,5.07
8338,41.31,0.0,69.55,0.0,0.0,0.0,0.0,28.24
8339,42.55,0.0,85.04,32.83,0.0,0.0,0.0,9.66
8340,43.48,0.07,92.24,48.84,0.0,0.1827,0.0,0.0
8341,44.05,0.93,89.33,46.21,0.0,0.4545,0.0,0.0
8342,44.24,1.38,78.63,35.77,0.0,0.7116,0.0,0.0
8343,44.05,0.58,59.51,16.05,0.0,0.9107,0.0,0.0
8344,43.48,0.0,29.73,0.0,13.75,1.0,0.0,0.0
8345,42.55,0.0,0.53,0.0,11.13,0.9152,30.89,0.0
8346,41.31,0.0,0.0,0.0,41.31,0.8466,0.0,0.0
8347,39.79,0.0,0.0,0.0,39.79,0.5919,0.0,0.0
8348,38.06,0.0,0.0,0.0,15.36,0.3465,22.7,0.0
8349,36.19,0.0,0.0,0.0,5.3,0.2518,30.89,0.0
8350,34.24,0.0,0.0,0.0,3.34,0.2191,30.89,0.0
8351,34.24,0.07,0.0,0.0,3.27,0.1985,30.89,0.0
8352,34.28,0.17,0.0,0.0,3.21,0.1783,30.89,0.0
8353,34.28,0.34,0.0,0.0,3.05,0.1585,30.89,0.0
8354,34.28,0.34,0.0,0.0,3.05,0.1397,30.89,0.0
8355,34.28,0.34,0.0,0.0,3.05,0.1209,30.89,0.0
8356,34.28,0.17,0.0,0.0,3.21,0.102,30.89,0.0
8357,34.28,0.07,0.0,0.0,3.31,0.0822,30.89,0.0
8358,34.28,0.07,0.0,0.0,3.31,0.0618,30.89,0.0
8359,36.23,0.07,0.0,0.0,5.27,0.0413,30.89,0.0
8360,38.11,0.58,5.19,0.0,1.44,0.0089,30.89,0.0
8361,39.83,2.7,40.4,0.0,0.0,0.0,0.0,3.27
8362,41.35,5.93,67.04,0.73,0.0,0.0,0.0,30.89
8363,42.59,11.06,84.27,21.85,0.0,0.0041,0.0,30.89
8364,43.52,15.75,92.14,50.0,0.0,0.1257,0.0,14.37
8365,44.09,15.75,90.96,50.0,0.0,0.4039,0.0,12.62
8366,44.28,13.27,81.29,33.81,0.0,0.6822,0.0,16.47
8367,44.09,4.67,62.73,23.31,0.0,0.8703,0.0,0.0
8368,43.52,0.07,34.48,0.0,0.0,1.0,8.97,0.0
8369,42.59,0.0,1.81,0.0,9.9,1.0,30.89,0.0
8370,41.35,0.0,0.0,0.0,10.46,0.939,30.89,0.0
8371,39.83,0.0,0.0,0.0,8.94,0.8745,30.89,0.0
8372,38.11,0.0,0.0,0.0,38.11,0.8193,0.0,0.0
8373,36.23,0.0,0.0,0.0,5.34,0.5844,30.89,0.0
8374,34.28,0.0,0.0,0.0,3.39,0.5515,30.89,0.0
8375,34.28,0.0,0.0,0.0,3.39,0.5306,30.89,0.0
8376,34.32,0.0,0.0,0.0,3.43,0.5097,30.89,0.0
8377,34.32,0.0,0.0,0.0,3.43,0.4885,30.89,0.0
8378,34.32,0.0,0.0,0.0,34.32,0.4674,0.0,0.0
8379,34.32,0.0,0.0,0.0,3.43,0.2558,30.89,0.0
8380,34.32,0.0,0.0,0.0,24.79,0.2346,9.53,0.0
8381,34.32,0.0,0.0,0.0,3.43,0.0817,30.89,0.0
8382,34.32,0.0,0.0,0.0,3.43,0.0606,30.89,0.0
8383,36.27,0.0,0.0,0.0,5.38,0.0395,30.89,0.0
8384,38.15,0.07,6.16,0.0,1.02,0.0063,30.89,0.0
8385,39.88,1.38,43.51,0.0,0.0,0.0,0.0,5.01
8386,41.39,4.67,69.37,16.75,0.0,0.0,0.0,15.9
8387,42.63,3.59,84.65,14.72,0.0,0.0932,0.0,30.89
8388,43.56,3.59,91.4,50.0,0.0,0.1751,0.0,1.43
8389,44.13,1.97,89.21,47.05,0.0,0.4534,0.0,0.0
8390,44.32,0.93,78.71,35.32,0.0,0.7152,0.0,0.0
8391,44.13,0.17,59.81,15.86,0.0,0.9117,0.0,0.0
8392,43.56,0.0,27.97,0.0,0.0,1.0,15.59,0.0
8393,42.63,0.0,0.69,0.0,41.95,1.0,0.0,0.0
8394,41.39,0.0,0.0,0.0,10.5,0.7413,30.89,0.0
8395,39.88,0.0,0.0,0.0,8.98,0.6766,30.89,0.0
8396,38.15,0.0,0.0,0.0,7.26,0.6212,30.89,0.0
8397,36.27,0.0,0.0,0.0,5.38,0.5765,30.89,0.0
8398,34.32,0.0,0.0,0.0,3.43,0.5433,30.89,0.0
8399,34.32,0.0,0.0,0.0,21.51,0.5221,12.81,0.0
8400,34.36,0.0,0.0,0.0,34.36,0.3895,0.0,0.0
8401,34.36,0.0,0.0,0.0,3.47,0.1776,30.89,0.0
8402,34.36,0.0,0.0,0.0,3.47,0.1562,30.89,0.0
8403,34.36,0.0,0.0,0.0,3.47,0.1348,30.89,0.0
8404,34.36,0.0,0.0,0.0,3.47,0.1134,30.89,0.0
8405,34.36,0.0,0.0,0.0,3.47,0.092,30.89,0.0
8406,34.36,0.0,0.0,0.0,3.47,0.0706,30.89,0.0
8407,36.31,0.0,0.0,0.0,5.42,0.0492,30.89,0.0
8408,38.19,0.34,4.4,0.0,2.56,0.0158,30.89,0.0
8409,39.92,7.41,41.25,0.0,0.0,0.0,0.0,8.74
8410,41.43,21.6,68.16,17.44,0.0,0.0,0.0,30.89
8411,42.68,1.51,84.32,12.26,0.0,0.097,0.0,30.89
8412,43.6,32.42,92.07,50.0,0.0,0.1653,0.0,30.89
8413,44.17,34.25,90.82,50.0,0.0,0.4435,0.0,30.89
8414,44.36,44.48,80.77,50.0,0.0,0.7218,0.0,30.89
8415,44.17,17.06,58.0,0.0,0.0,1.0,0.0,30.89
8416,43.6,11.06,27.14,0.0,5.4,1.0,0.0,0.0
8417,42.68,0.34,0.0,0.0,20.71,0.9667,21.63,0.0
8418,41.43,0.02,0.0,0.0,10.52,0.839,30.89,0.0
8419,39.92,0.0,0.0,0.0,39.91,0.7741,0.0,0.0
8420,38.19,0.0,0.0,0.0,7.29,0.528,30.89,0.0
8421,36.31,0.0,0.0,0.0,5.42,0.483,30.89,0.0
8422,34.36,0.0,0.0,0.0,3.47,0.4496,30.89,0.0
8423,34.36,0.02,0.0,0.0,3.45,0.4282,30.89,0.0
8424,34.4,0.02,0.0,0.0,3.49,0.407,30.89,0.0
8425,34.4,0.02,0.0,0.0,3.49,0.3854,30.89,0.0
8426,34.4,0.02,0.0,0.0,34.38,0.3639,0.0,0.0
8427,34.4,0.0,0.0,0.0,3.51,0.1519,30.89,0.0
8428,34.4,0.0,0.0,0.0,3.51,0.1303,30.89,0.0
8429,34.4,0.0,0.0,0.0,3.51,0.1086,30.89,0.0
8430,34.4,0.0,0.0,0.0,3.51,0.087,30.89,0.0
8431,36.35,0.0,0.0,0.0,5.46,0.0653,30.89,0.0
8432,38.23,0.0,2.21,0.0,5.13,0.0316,30.89,0.0
8433,39.96,0.0,22.55,0.0,0.0,0.0,17.4,0.0
8434,41.47,0.0,51.32,9.84,0.0,0.0,0.0,0.0
8435,42.72,0.07,62.02,19.38,0.0,0.0548,0.0,0.0
8436,43.64,0.93,63.96,21.25,0.0,0.1626,0.0,0.0
8437,44.21,2.7,80.41,38.9,0.0,0.2809,0.0,0.0
8438,44.4,2.7,66.98,25.28,0.0,0.4973,0.0,0.0
8439,44.21,1.38,61.3,18.48,0.0,0.638,0.0,0.0
8440,43.64,0.07,31.07,0.0,0.0,0.7408,12.5,0.0
8441,42.72,0.0,0.89,0.0,16.03,0.7408,25.79,0.0
8442,41.47,0.0,0.0,0.0,41.47,0.6419,0.0,0.0
8443,39.96,0.0,0.0,0.0,9.07,0.3862,30.89,0.0
8444,38.23,0.0,0.0,0.0,7.34,0.3303,30.89,0.0
8445,36.35,0.0,0.0,0.0,5.46,0.285,30.89,0.0
8446,34.4,0.0,0.0,0.0,3.51,0.2513,30.89,0.0
8447,34.4,0.0,0.0,0.0,3.51,0.2297,30.89,0.0
8448,34.45,0.02,0.0,0.0,3.53,0.208,30.89,0.0
8449,34.45,0.02,0.0,0.0,3.53,0.1863,30.89,0.0
8450,34.45,0.02,0.0,0.0,3.53,0.1645,30.89,0.0
8451,34.45,0.02,0.0,0.0,3.53,0.1427,30.89,0.0
8452,34.45,0.02,0.0,0.0,3.53,0.1209,30.89,0.0
8453,34.45,0.02,0.0,0.0,3.53,0.0991,30.89,0.0
8454,34.45,0.02,0.0,0.0,3.53,0.0773,30.89,0.0
8455,36.4,0.02,0.0,0.0,5.48,0.0556,30.89,0.0
8456,38.27,0.34,3.52,0.0,3.53,0.0217,30.89,0.0
8457,40.0,5.93,28.72,0.0,0.0,0.0,5.35,0.0
8458,41.52,15.75,40.55,0.0,0.0,0.0,0.0,14.78
8459,42.76,28.72,79.4,34.47,0.0,0.0,0.0,30.89
8460,43.68,37.32,87.25,50.0,0.0,0.1918,0.0,30.89
8461,44.25,36.92,88.22,50.0,0.0,0.4701,0.0,30.89
8462,44.45,37.32,77.95,39.94,0.0,0.7483,0.0,30.89
8463,44.25,21.6,58.83,5.29,0.0,0.9706,0.0,30.89
8464,43.68,1.97,29.6,0.0,0.0,1.0,12.12,0.0
8465,42.76,0.02,0.95,0.0,27.01,1.0,14.77,0.0
8466,41.52,0.0,0.0,0.0,41.51,0.8335,0.0,0.0
8467,40.0,0.0,0.0,0.0,40.0,0.5775,0.0,0.0
8468,38.27,0.0,0.0,0.0,7.38,0.3308,30.89,0.0
8469,36.4,0.0,0.0,0.0,5.51,0.2853,30.89,0.0
8470,34.45,0.0,0.0,0.0,3.55,0.2514,30.89,0.0
8471,34.45,0.0,0.0,0.0,3.55,0.2295,30.89,0.0
8472,34.49,0.02,0.0,0.0,3.57,0.2076,30.89,0.0
8473,34.49,0.07,0.0,0.0,3.52,0.1855,30.89,0.0
8474,34.49,0.07,0.0,0.0,3.52,0.1638,30.89,0.0
8475,34.49,0.07,0.0,0.0,3.52,0.1421,30.89,0.0
8476,34.49,0.07,0.0,0.0,3.52,0.1204,30.89,0.0
8477,34.49,0.02,0.0,0.0,3.57,0.0986,30.89,0.0
8478,34.49,0.0,0.0,0.0,3.59,0.0766,30.89,0.0
8479,36.44,0.0,0.0,0.0,5.54,0.0544,30.89,0.0
8480,38.31,0.0,4.14,0.0,3.28,0.0202,30.89,0.0
8481,40.04,0.34,36.14,0.0,0.0,0.0,3.57,0.0
8482,41.56,4.67,63.0,0.0,0.0,0.0,0.0,26.11
8483,42.8,18.52,80.28,25.1,0.0,0.0,0.0,30.89
8484,43.73,21.85,88.74,35.97,0.0,0.1397,0.0,30.89
8485,44.3,36.99,88.2,50.0,0.0,0.3398,0.0,30.89
8486,44.49,45.97,79.41,50.0,0.0,0.6181,0.0,30.89
8487,44.3,32.85,60.96,18.63,0.0,0.8963,0.0,30.89
8488,43.73,2.7,32.06,0.0,0.0,1.0,8.96,0.0
8489,42.8,0.0,1.26,0.0,31.58,1.0,9.96,0.0
8490,41.56,0.0,0.0,0.0,10.67,0.8053,30.89,0.0
8491,40.04,0.0,0.0,0.0,40.04,0.7395,0.0,0.0
8492,38.31,0.02,0.0,0.0,7.4,0.4926,30.89,0.0
8493,36.44,0.07,0.0,0.0,5.47,0.447,30.89,0.0
8494,34.49,0.34,0.0,0.0,3.26,0.4132,30.89,0.0
8495,34.49,0.34,0.0,0.0,3.26,0.3931,30.89,0.0
8496,34.53,0.58,0.0,0.0,3.05,0.373,30.89,0.0
8497,34.53,0.58,0.0,0.0,3.05,0.3542,30.89,0.0
8498,34.53,0.34,0.0,0.0,3.3,0.3354,30.89,0.0
8499,34.53,0.34,0.0,0.0,3.3,0.315,30.89,0.0
8500,34.53,0.34,0.0,0.0,34.19,0.2947,0.0,0.0
8501,34.53,0.17,0.0,0.0,3.47,0.0838,30.89,0.0
8502,34.53,0.17,0.0,0.0,3.47,0.0625,30.89,0.0
8503,36.48,0.17,0.0,0.0,5.42,0.0411,30.89,0.0
8504,38.36,1.38,4.84,0.0,1.25,0.0077,30.89,0.0
8505,40.09,7.41,42.81,0.0,0.0,0.0,0.0,10.14
8506,41.6,13.86,70.26,11.64,0.0,0.0,0.0,30.89
8507,42.84,36.63,87.11,50.0,0.0,0.0648,0.0,30.89
8508,43.77,30.46,94.2,50.0,0.0,0.343,0.0,30.89
8509,44.34,0.0,93.29,18.06,0.0,0.6212,0.0,30.89
8510,44.53,39.64,85.78,50.0,0.0,0.7218,0.0,30.89
8511,44.34,8.69,66.54,0.0,0.0,1.0,0.0,30.89
8512,43.77,0.17,36.62,0.0,0.0,1.0,6.98,0.0
8513,42.84,0.0,1.89,0.0,40.95,1.0,0.0,0.0
8514,41.6,0.0,0.0,0.0,32.25,0.7475,9.35,0.0
8515,40.09,0.0,0.0,0.0,9.19,0.5486,30.89,0.0
8516,38.36,0.0,0.0,0.0,38.35,0.4919,0.0,0.0
8517,36.48,0.07,0.0,0.0,5.52,0.2554,30.89,0.0
8518,34.53,0.34,0.0,0.0,3.3,0.2214,30.89,0.0
8519,34.53,0.34,0.0,0.0,3.3,0.2011,30.89,0.0
8520,34.57,0.58,0.0,0.0,3.1,0.1807,30.89,0.0
8521,34.57,0.34,0.0,0.0,3.34,0.1616,30.89,0.0
8522,34.57,0.34,0.0,0.0,3.34,0.141,30.89,0.0
8523,34.57,0.34,0.0,0.0,3.34,0.1204,30.89,0.0
8524,34.57,0.17,0.0,0.0,3.51,0.0998,30.89,0.0
8525,34.57,0.07,0.0,0.0,3.61,0.0782,30.89,0.0
8526,34.57,0.07,0.0,0.0,3.61,0.0559,30.89,0.0
8527,36.52,0.17,0.0,0.0,5.46,0.0337,30.89,0.0
8528,38.4,5.93,4.66,0.0,0.0,0.0,27.81,0.0
8529,40.13,30.9,40.12,0.0,0.0,0.0,0.0,30.89
8530,41.64,5.02,67.51,0.0,0.0,0.0,0.0,30.89
8531,42.89,39.89,83.88,50.0,0.0,0.0,0.0,30.89
8532,43.81,96.96,27.75,50.0,0.0,0.2782,0.0,30.89
8533,44.38,75.27,0.0,0.0,0.0,0.5565,0.0,30.89
8534,44.57,2.01,73.46,0.0,0.0,0.5565,0.0,30.89
8535,44.38,74.73,50.54,50.0,0.0,0.5565,0.0,30.89
8536,43.81,83.27,21.13,29.7,0.0,0.8347,0.0,30.89
8537,42.89,13.27,0.06,0.0,29.56,1.0,0.0,0.0
8538,41.64,0.58,0.0,0.0,41.06,0.8178,0.0,0.0
8539,40.13,0.58,0.0,0.0,8.65,0.5646,30.89,0.0
8540,38.4,0.93,0.0,0.0,37.47,0.5112,0.0,0.0
8541,36.52,1.97,0.0,0.0,3.66,0.2802,30.89,0.0
8542,34.57,2.7,0.0,0.0,0.98,0.2576,30.89,0.0
8543,34.57,3.59,0.0,0.0,0.09,0.2515,30.89,0.0
8544,34.61,3.59,0.0,0.0,0.13,0.251,30.89,0.0
8545,34.61,2.7,0.0,0.0,1.02,0.2502,30.89,0.0
8546,34.61,1.97,0.0,0.0,1.75,0.2439,30.89,0.0
8547,34.61,1.97,0.0,0.0,1.75,0.2331,30.89,0.0
8548,34.61,1.38,0.0,0.0,23.18,0.2223,10.05,0.0
8549,34.61,0.93,0.0,0.0,2.8,0.0793,30.89,0.0
8550,34.61,0.58,0.0,0.0,3.14,0.0621,30.89,0.0
8551,36.57,0.58,0.0,0.0,5.09,0.0427,30.89,0.0
8552,38.44,1.97,3.74,0.0,1.84,0.0113,30.89,0.0
8553,40.17,9.11,37.02,0.0,0.0,0.0,0.0,5.97
8554,41.69,18.52,64.08,10.02,0.0,0.0,0.0,30.89
8555,42.93,0.0,80.9,7.08,0.0,0.0558,0.0,30.89
8556,43.85,35.69,89.05,50.0,0.0,0.0952,0.0,30.89
8557,44.42,36.99,88.32,50.0,0.0,0.3734,0.0,30.89
8558,44.61,46.88,78.63,50.0,0.0,0.6517,0.0,30.89
8559,44.42,28.24,59.67,12.59,0.0,0.9299,0.0,30.89
8560,43.85,25.01,30.52,0.0,0.0,1.0,0.0,11.67
8561,42.93,2.7,0.97,0.0,39.26,1.0,0.0,0.0
8562,41.69,0.93,0.0,0.0,9.87,0.7579,30.89,0.0
8563,40.17,0.58,0.0,0.0,39.59,0.6971,0.0,0.0
8564,38.44,0.93,0.0,0.0,6.62,0.453,30.89,0.0
8565,36.57,0.93,0.0,0.0,4.75,0.4122,30.89,0.0
8566,34.61,1.38,0.0,0.0,2.34,0.3829,30.89,0.0
8567,34.61,1.38,0.0,0.0,2.34,0.3685,30.89,0.0
8568,34.66,1.97,0.0,0.0,1.8,0.354,30.89,0.0
8569,34.66,1.97,0.0,0.0,1.8,0.3429,30.89,0.0
8570,34.66,1.97,0.0,0.0,32.69,0.3319,0.0,0.0
8571,34.66,1.97,0.0,0.0,1.8,0.1303,30.89,0.0
8572,34.66,2.7,0.0,0.0,15.98,0.1192,15.98,0.0
8573,34.66,2.7,0.0,0.0,1.07,0.0207,30.89,0.0
8574,34.66,3.59,0.0,0.0,0.17,0.0141,30.89,0.0
8575,36.61,3.59,0.0,0.0,2.12,0.0131,30.89,0.0
8576,38.48,9.11,4.9,0.0,0.0,0.0,24.47,0.0
8577,40.21,25.01,41.0,0.0,0.0,0.0,0.0,25.79
8578,41.73,5.23,67.38,0.0,0.0,0.0,0.0,30.89
8579,42.97,38.62,83.69,48.45,0.0,0.0,0.0,30.89
8580,43.9,0.0,91.92,17.13,0.0,0.2696,0.0,30.89
8581,44.46,34.07,91.28,50.0,0.0,0.365,0.0,30.89
8582,44.66,43.61,81.94,50.0,0.0,0.6432,0.0,30.89
8583,44.46,25.01,64.46,14.11,0.0,0.9215,0.0,30.89
8584,43.9,1.38,36.17,0.0,0.0,1.0,6.34,0.0
8585,42.97,0.0,3.57,0.0,8.51,1.0,30.89,0.0
8586,41.73,0.0,0.0,0.0,10.83,0.9475,30.89,0.0
8587,40.21,0.0,0.0,0.0,9.32,0.8807,30.89,0.0
8588,38.48,0.0,0.0,0.0,38.48,0.8232,0.0,0.0
8589,36.61,0.0,0.0,0.0,5.71,0.5859,30.89,0.0
8590,34.66,0.02,0.0,0.0,3.74,0.5507,30.89,0.0
8591,34.66,0.17,0.0,0.0,3.59,0.5276,30.89,0.0
8592,34.7,0.34,0.0,0.0,3.47,0.5055,30.89,0.0
8593,34.7,0.58,0.0,0.0,3.22,0.4841,30.89,0.0
8594,34.7,0.58,0.0,0.0,3.22,0.4642,30.89,0.0
8595,34.7,0.34,0.0,0.0,3.47,0.4443,30.89,0.0
8596,34.7,0.17,0.0,0.0,34.53,0.4229,0.0,0.0
8597,34.7,0.07,0.0,0.0,3.74,0.21,30.89,0.0
8598,34.7,0.0,0.0,0.0,3.81,0.187,30.89,0.0
8599,36.65,0.0,0.0,0.0,24.33,0.1635,12.32,0.0
8600,38.53,0.0,5.46,0.0,2.18,0.0134,30.89,0.0
8601,40.26,0.0,42.18,1.93,0.0,0.0,0.0,0.0
8602,41.77,0.02,68.77,0.0,0.0,0.0107,0.0,27.02
8603,43.01,0.93,84.97,25.58,0.0,0.0107,0.0,17.31
8604,43.94,3.59,91.84,50.0,0.0,0.1531,0.0,1.5
8605,44.51,1.97,90.23,47.69,0.0,0.4313,0.0,0.0
8606,44.7,0.58,80.37,36.26,0.0,0.6967,0.0,0.0
8607,44.51,0.02,62.73,18.25,0.0,0.8985,0.0,0.0
8608,43.94,0.0,34.74,0.0,9.2,1.0,0.0,0.0
8609,43.01,0.0,3.51,0.0,39.5,0.9433,0.0,0.0
8610,41.77,0.07,0.0,0.0,10.81,0.6997,30.89,0.0
8611,40.26,0.34,0.0,0.0,39.92,0.6331,0.0,0.0
8612,38.53,0.58,0.0,0.0,7.05,0.3869,30.89,0.0
8613,36.65,1.38,0.0,0.0,35.27,0.3434,0.0,0.0
8614,34.7,3.59,0.0,0.0,0.21,0.126,30.89,0.0
8615,34.7,5.93,0.0,0.0,0.0,0.1247,28.77,0.0
8616,34.74,9.11,0.0,0.0,0.0,0.1247,25.63,0.0
8617,34.74,9.11,0.0,0.0,0.0,0.1247,25.63,0.0
8618,34.74,7.41,0.0,0.0,0.0,0.1247,27.33,0.0
8619,34.74,4.67,0.0,0.0,0.0,0.1247,30.08,0.0
8620,34.74,2.7,0.0,0.0,1.15,0.1247,30.89,0.0
8621,34.74,1.38,0.0,0.0,2.47,0.1176,30.89,0.0
8622,34.74,0.93,0.0,0.0,2.92,0.1024,30.89,0.0
8623,36.69,0.93,0.0,0.0,4.88,0.0843,30.89,0.0
8624,38.57,0.93,4.05,0.0,8.8,0.0543,24.79,0.0
8625,40.3,5.93,39.96,0.0,0.0,0.0,0.0,5.59
8626,41.81,13.27,66.04,6.6,0.0,0.0,0.0,30.89
8627,43.06,13.27,81.74,21.06,0.0,0.0368,0.0,30.89
8628,43.98,13.27,89.28,49.38,0.0,0.1539,0.0,9.18
8629,44.55,7.41,88.33,50.0,0.0,0.4287,0.0,1.19
8630,44.74,1.97,78.82,36.05,0.0,0.707,0.0,0.0
8631,44.55,0.0,61.15,16.61,0.0,0.9076,0.0,0.0
8632,43.98,0.0,33.48,0.0,0.0,1.0,10.5,0.0
8633,43.06,0.0,2.81,0.0,9.36,1.0,30.89,0.0
8634,41.81,0.0,0.0,0.0,41.81,0.9423,0.0,0.0
8635,40.3,0.0,0.0,0.0,23.31,0.6845,16.99,0.0
8636,38.57,0.0,0.0,0.0,38.57,0.5408,0.0,0.0
8637,36.69,0.07,0.0,0.0,5.73,0.3029,30.89,0.0
8638,34.74,0.17,0.0,0.0,3.68,0.2676,30.89,0.0
8639,34.74,0.17,0.0,0.0,3.68,0.2449,30.89,0.0
8640,34.79,0.17,0.0,0.0,3.72,0.2222,30.89,0.0
8641,34.79,0.17,0.0,0.0,3.72,0.1993,30.89,0.0
8642,34.79,0.17,0.0,0.0,3.72,0.1764,30.89,0.0
8643,34.79,0.17,0.0,0.0,3.72,0.1534,30.89,0.0
8644,34.79,0.17,0.0,0.0,3.72,0.1305,30.89,0.0
8645,34.79,0.07,0.0,0.0,3.82,0.1075,30.89,0.0
8646,34.79,0.02,0.0,0.0,3.87,0.084,30.89,0.0
8647,36.74,0.02,0.0,0.0,5.82,0.0601,30.89,0.0
8648,38.61,0.0,3.8,0.0,3.92,0.0242,30.89,0.0
8649,40.34,0.34,37.59,0.0,0.0,0.0,2.41,0.0
8650,41.86,4.67,63.69,0.0,0.0,0.0,0.0,26.5
8651,43.1,15.75,79.72,21.48,0.0,0.0,0.0,30.89
8652,44.02,28.75,87.88,50.0,0.0,0.1195,0.0,22.61
8653,44.59,28.75,87.36,50.0,0.0,0.3978,0.0,21.52
8654,44.79,15.75,77.9,48.86,0.0,0.676,0.0,0.0
8655,44.59,1.38,60.28,9.36,0.0,0.9479,0.0,7.71
8656,44.02,0.0,32.4,0.0,0.0,1.0,11.63,0.0
8657,43.1,0.0,2.54,0.0,9.67,1.0,30.89,0.0
8658,41.86,0.0,0.0,0.0,10.97,0.9404,30.89,0.0
8659,40.34,0.0,0.0,0.0,9.45,0.8728,30.89,0.0
8660,38.61,0.0,0.0,0.0,7.72,0.8145,30.89,0.0
8661,36.74,0.0,0.0,0.0,5.85,0.7669,30.89,0.0
8662,34.79,0.0,0.0,0.0,34.78,0.7309,0.0,0.0
8663,34.79,0.17,0.0,0.0,3.72,0.5164,30.89,0.0
8664,34.83,0.58,0.0,0.0,3.35,0.4934,30.89,0.0
8665,34.83,0.93,0.0,0.0,3.01,0.4728,30.89,0.0
8666,34.83,0.93,0.0,0.0,33.9,0.4542,0.0,0.0
8667,34.83,0.58,0.0,0.0,3.35,0.2452,30.89,0.0
8668,34.83,0.17,0.0,0.0,3.76,0.2245,30.89,0.0
8669,34.83,0.0,0.0,0.0,18.22,0.2013,16.61,0.0
8670,34.83,0.0,0.0,0.0,3.94,0.0889,30.89,0.0
8671,36.78,0.0,0.0,0.0,5.89,0.0646,30.89,0.0
8672,38.65,0.07,3.1,0.0,4.59,0.0283,30.89,0.0
8673,40.38,3.59,35.79,0.0,0.0,0.0,1.0,0.0
8674,41.9,18.52,63.41,9.14,0.0,0.0,0.0,30.89
8675,43.14,47.42,76.62,50.0,0.0,0.0509,0.0,30.89
8676,44.07,74.96,0.0,0.0,0.0,0.3291,0.0,30.89
8677,44.64,0.0,75.53,0.0,0.0,0.3291,0.0,30.89
8678,44.83,11.48,64.24,0.0,0.0,0.3291,0.0,30.89
8679,44.64,81.58,41.67,47.72,0.0,0.3291,0.0,30.89
8680,44.07,56.18,18.78,0.0,0.0,0.5947,0.0,30.89
8681,43.14,65.85,0.86,0.0,7.33,0.5947,0.0,30.89
8682,41.9,32.85,0.0,0.0,39.94,0.5495,0.0,30.89
8683,40.38,53.14,0.0,0.0,18.13,0.3032,0.0,30.89
8684,38.65,72.9,0.0,3.35,0.0,0.1914,0.0,30.89
8685,36.78,80.43,0.0,12.76,0.0,0.2101,0.0,30.89
8686,34.83,65.72,0.0,0.0,0.0,0.2811,0.0,30.89
8687,34.83,80.43,0.0,45.6,0.0,0.2811,0.0,0.0
8688,34.87,34.87,0.0,0.0,0.0,0.5349,0.0,0.0
8689,34.87,80.43,0.0,45.56,0.0,0.5349,0.0,0.0
8690,34.87,34.87,0.0,0.0,0.0,0.7884,0.0,0.0
8691,34.87,72.9,0.0,38.03,0.0,0.7884,0.0,0.0
8692,34.87,34.87,0.0,0.0,0.0,1.0,0.0,0.0
8693,34.87,34.87,0.0,0.0,0.0,1.0,0.0,0.0
8694,34.87,21.6,0.0,0.0,13.27,1.0,0.0,0.0
8695,36.82,13.27,0.0,0.0,50.0,0.9182,0.0,26.44
8696,38.7,5.93,4.05,0.0,50.0,0.6099,0.0,21.28
8697,40.43,3.59,41.74,0.0,25.99,0.3016,0.0,30.89
8698,41.94,3.59,70.1,0.86,0.0,0.1413,0.0,30.89
8699,43.19,9.11,68.45,3.48,0.0,0.1461,0.0,30.89
8700,44.11,21.6,53.4,0.0,0.0,0.1655,0.0,30.89
8701,44.68,0.0,80.97,5.4,0.0,0.1655,0.0,30.89
8702,44.87,53.85,71.91,50.0,0.0,0.1955,0.0,30.89
8703,44.68,84.65,40.92,50.0,0.0,0.4738,0.0,30.89
8704,44.11,96.96,22.61,44.56,0.0,0.752,0.0,30.89
8705,43.19,65.85,3.39,0.0,0.0,1.0,0.0,26.05
8706,41.94,15.75,0.0,0.0,26.19,1.0,0.0,0.0
8707,40.43,0.34,0.0,0.0,13.94,0.8385,26.14,0.0
8708,38.7,0.0,0.0,0.0,38.7,0.7525,0.0,0.0
8709,36.82,0.0,0.0,0.0,36.82,0.5139,0.0,0.0
8710,34.87,0.0,0.0,0.0,3.98,0.2868,30.89,0.0
8711,34.87,0.0,0.0,0.0,3.98,0.2623,30.89,0.0
8712,34.91,0.0,0.0,0.0,4.02,0.2378,30.89,0.0
8713,34.91,0.0,0.0,0.0,4.02,0.2129,30.89,0.0
8714,34.91,0.0,0.0,0.0,4.02,0.1881,30.89,0.0
8715,34.91,0.0,0.0,0.0,4.02,0.1633,30.89,0.0
8716,34.91,0.0,0.0,0.0,4.02,0.1385,30.89,0.0
8717,34.91,0.0,0.0,0.0,4.02,0.1137,30.89,0.0
8718,34.91,0.0,0.0,0.0,4.02,0.0889,30.89,0.0
8719,36.86,0.0,0.0,0.0,5.97,0.0641,30.89,0.0
8720,38.74,0.0,3.43,0.0,4.42,0.0273,30.89,0.0
8721,40.47,0.34,39.73,0.0,0.0,0.0,0.4,0.0
8722,41.99,0.34,73.47,0.93,0.0,0.0,0.0,30.89
8723,43.23,0.07,90.36,16.32,0.0,0.0052,0.0,30.89
8724,44.15,0.02,98.4,50.0,0.0,0.096,0.0,4.27
8725,44.72,0.0,97.6,42.4,0.0,0.3742,0.0,10.48
8726,44.91,0.0,88.43,43.51,0.0,0.6102,0.0,0.0
8727,44.72,0.0,71.26,26.54,0.0,0.8523,0.0,0.0
8728,44.15,0.0,41.07,0.0,0.0,1.0,3.08,0.0
8729,43.23,0.0,6.13,0.0,6.21,1.0,30.89,0.0
8730,41.99,0.0,0.0,0.0,41.99,0.9617,0.0,0.0
8731,40.47,0.0,0.0,0.0,23.51,0.7028,16.96,0.0
8732,38.74,0.0,0.0,0.0,7.85,0.5579,30.89,0.0
8733,36.86,0.0,0.0,0.0,5.97,0.5095,30.89,0.0
8734,34.91,0.0,0.0,0.0,4.02,0.4726,30.89,0.0
8735,34.91,0.0,0.0,0.0,4.02,0.4478,30.89,0.0
8736,34.96,0.0,0.0,0.0,4.06,0.423,30.89,0.0
8737,34.96,0.0,0.0,0.0,4.06,0.3979,30.89,0.0
8738,34.96,0.02,0.0,0.0,4.04,0.3729,30.89,0.0
8739,34.96,0.02,0.0,0.0,4.04,0.348,30.89,0.0
8740,34.96,0.02,0.0,0.0,4.04,0.323,30.89,0.0
8741,34.96,0.0,0.0,0.0,4.06,0.2981,30.89,0.0
8742,34.96,0.0,0.0,0.0,4.06,0.273,30.89,0.0
8743,36.91,0.0,0.0,0.0,6.01,0.248,30.89,0.0
8744,38.78,0.34,4.25,0.0,34.2,0.2109,0.0,0.0
8745,40.51,4.67,42.11,0.0,0.0,0.0,0.0,6.27
8746,42.03,5.49,67.43,0.0,0.0,0.0,0.0,30.89
8747,43.27,0.0,84.5,10.34,0.0,0.0,0.0,30.89
8748,44.2,96.96,28.13,50.0,0.0,0.0575,0.0,30.89
8749,44.76,56.62,69.04,50.0,0.0,0.3358,0.0,30.89
8750,44.96,28.77,61.61,14.53,0.0,0.614,0.0,30.89
8751,44.76,57.7,67.95,50.0,0.0,0.6949,0.0,30.89
8752,44.2,42.19,37.73,4.83,0.0,0.9731,0.0,30.89
8753,43.27,3.59,3.89,0.0,25.43,1.0,10.36,0.0
8754,42.03,1.97,0.0,0.0,40.06,0.8432,0.0,0.0
8755,40.51,3.59,0.0,0.0,36.92,0.5962,0.0,0.0
8756,38.78,7.41,0.0,0.0,0.48,0.3685,30.89,0.0
8757,36.91,13.27,0.0,0.0,23.64,0.3656,0.0,0.0
8758,34.96,15.75,0.0,0.0,19.21,0.2198,0.0,0.0
8759,34.96,18.52,0.0,0.0,16.44,0.1013,0.0,0.0
