Hour,Load,P_WT,P_PV,P_ST_Charge,P_ST_Discharge,SOC,P_Grid_Buy,P_Grid_Sell
0,35.0,35.7,0.0,0.7,0.0,0.5,0.0,0.0
1,35.0,30.39,0.0,0.0,4.03,0.5747,0.58,0.0
2,35.0,35.84,0.0,0.84,0.0,0.1,0.0,0.0
3,35.0,41.52,0.0,6.52,0.0,0.189,0.0,0.0
4,35.0,25.93,0.0,0.0,1.08,0.8833,7.99,0.0
5,35.0,24.01,0.0,0.0,0.0,0.7556,10.99,0.0
6,35.0,36.36,0.0,1.36,0.0,0.7556,0.0,0.0
7,36.95,27.86,7.07,0.0,0.17,0.9,1.85,0.0
8,38.83,16.12,16.09,0.0,6.61,0.8796,0.0,0.0
9,40.56,17.22,23.59,0.25,0.0,0.1,0.0,0.0
10,42.07,13.26,28.81,0.0,0.0,0.1271,0.0,0.0
11,43.31,12.45,30.86,0.0,0.0,0.1271,0.0,0.0
12,44.24,17.8,33.7,7.26,0.0,0.1271,0.0,0.0
13,44.81,0.96,33.61,0.0,6.78,0.9,3.46,0.0
14,45.0,3.25,29.13,0.0,0.0,0.1,12.62,0.0
15,44.81,13.74,22.59,0.0,0.0,0.1,8.48,0.0
16,44.24,11.81,16.96,0.0,0.0,0.1,15.47,0.0
17,43.31,24.26,8.54,0.0,0.0,0.1,10.51,0.0
18,42.07,16.61,0.0,0.0,0.0,0.1,25.46,0.0
19,40.56,14.66,0.0,0.0,0.0,0.1,25.9,0.0
20,38.83,39.42,0.0,0.6,0.0,0.1,0.0,0.0
21,36.95,27.64,0.0,0.0,0.0,0.1636,9.31,0.0
22,35.0,31.23,0.0,0.0,0.0,0.1636,3.77,0.0
23,35.0,20.18,0.0,0.0,0.0,0.1636,14.82,0.0
24,35.04,27.43,0.0,0.0,0.0,0.1636,7.61,0.0
25,35.04,32.37,0.0,0.0,0.0,0.1636,2.68,0.0
26,35.04,21.55,0.0,0.0,0.0,0.1636,13.49,0.0
27,35.04,32.41,0.0,0.0,0.0,0.1636,2.63,0.0
28,35.04,23.02,0.0,0.0,0.0,0.1636,12.02,0.0
29,35.04,23.56,0.0,0.0,0.0,0.1636,11.49,0.0
30,35.04,19.04,0.0,0.0,0.54,0.1636,15.46,0.0
31,36.99,36.47,7.81,7.28,0.0,0.1,0.0,0.0
32,38.87,19.74,16.26,0.0,2.87,0.8747,0.0,0.0
33,40.6,9.81,23.33,0.0,3.7,0.5362,3.77,0.0
34,42.11,17.93,29.09,4.9,0.0,0.1,0.0,0.0
35,43.36,6.46,32.92,0.0,3.99,0.6218,0.0,0.0
36,44.28,17.54,33.78,7.03,0.0,0.1517,0.0,0.0
37,44.85,0.59,31.23,0.0,6.78,0.9,6.24,0.0
38,45.04,6.4,27.59,0.0,0.0,0.1,11.06,0.0
39,44.85,19.77,23.3,0.0,0.0,0.1,1.78,0.0
40,44.28,25.71,15.7,0.0,0.0,0.1,2.87,0.0
41,43.36,23.12,8.73,0.0,0.0,0.1,11.51,0.0
42,42.11,22.9,0.0,0.0,0.0,0.1,19.21,0.0
43,40.6,23.48,0.0,0.0,0.0,0.1,17.12,0.0
44,38.87,16.05,0.0,0.0,0.0,0.1,22.82,0.0
45,36.99,23.72,0.0,0.0,0.0,0.1,13.28,0.0
46,35.04,27.04,0.0,0.0,0.0,0.1,8.01,0.0
47,35.04,39.88,0.0,4.84,0.0,0.1,0.0,0.0
48,35.09,34.48,0.0,0.0,0.6,0.6146,0.0,0.0
49,35.09,17.49,0.0,0.0,1.96,0.5434,15.64,0.0
50,35.09,33.26,0.0,0.0,0.0,0.3127,1.82,0.0
51,35.09,26.37,0.0,0.0,0.0,0.3127,8.72,0.0
52,35.09,22.41,0.0,0.0,0.0,0.3127,12.68,0.0
53,35.09,30.73,0.0,0.0,0.0,0.3127,4.36,0.0
54,35.09,32.0,0.0,0.0,0.0,0.3127,3.09,0.0
55,37.04,29.15,8.19,0.31,0.0,0.3127,0.0,0.0
56,38.91,13.18,16.32,0.0,0.0,0.3455,9.41,0.0
57,40.64,15.74,22.82,0.0,2.08,0.3455,0.0,0.0
58,42.16,14.33,27.82,0.0,0.0,0.1,0.0,0.0
59,43.4,23.89,27.03,7.52,0.0,0.1,0.0,0.0
60,44.32,12.07,32.25,0.0,0.0,0.9,0.0,0.0
61,44.89,14.67,30.22,0.0,0.0,0.9,0.0,0.0
62,45.09,8.15,28.55,0.0,5.26,0.9,3.12,0.0
63,44.89,8.7,22.83,0.0,0.0,0.2801,13.36,0.0
64,44.32,26.3,15.09,0.0,0.0,0.2801,2.94,0.0
65,43.4,32.53,8.83,0.0,0.0,0.2801,2.04,0.0
66,42.16,23.24,0.0,0.0,0.0,0.2801,18.92,0.0
67,40.64,33.84,0.0,0.0,0.0,0.2801,6.81,0.0
68,38.91,30.65,0.0,0.0,0.0,0.2801,8.26,0.0
69,37.04,24.31,0.0,0.0,0.0,0.2801,12.73,0.0
70,35.09,33.56,0.0,0.0,1.53,0.2801,0.0,0.0
71,35.09,42.6,0.0,7.52,0.0,0.1,0.0,0.0
72,35.13,28.34,0.0,0.0,6.78,0.9,0.0,0.0
73,35.13,42.65,0.0,7.52,0.0,0.1,0.0,0.0
74,35.13,9.88,0.0,0.0,6.78,0.9,18.46,0.0
75,35.13,35.95,0.0,0.82,0.0,0.1,0.0,0.0
76,35.13,28.47,0.0,0.0,0.0,0.1871,6.66,0.0
77,35.13,23.49,0.0,0.0,0.0,0.1871,11.64,0.0
78,35.13,24.54,0.0,0.0,0.0,0.1871,10.59,0.0
79,37.08,5.97,7.07,0.0,0.74,0.1871,23.3,0.0
80,38.96,18.09,16.63,0.0,0.0,0.1,4.23,0.0
81,40.68,21.03,19.66,0.0,0.0,0.1,0.0,0.0
82,42.2,28.67,21.05,7.52,0.0,0.1,0.0,0.0
83,43.44,10.66,32.78,0.0,0.0,0.9,0.0,0.0
84,44.37,6.47,32.42,0.0,5.47,0.9,0.0,0.0
85,44.94,12.16,31.47,0.0,1.31,0.2548,0.0,0.0
86,45.13,23.28,29.36,7.52,0.0,0.1,0.0,0.0
87,44.94,20.8,24.13,0.0,0.0,0.9,0.0,0.0
88,44.37,15.63,16.67,0.0,4.07,0.9,7.99,0.0
89,43.44,25.83,7.93,0.0,0.0,0.4198,9.68,0.0
90,42.2,24.58,0.0,0.0,0.0,0.4198,17.62,0.0
91,40.68,33.55,0.0,0.0,0.0,0.4198,7.13,0.0
92,38.96,22.2,0.0,0.0,0.0,0.4198,16.75,0.0
93,37.08,26.82,0.0,0.0,0.0,0.4198,10.26,0.0
94,35.13,27.57,0.0,0.0,0.0,0.4198,7.56,0.0
95,35.13,19.86,0.0,0.0,0.0,0.4198,15.27,0.0
96,35.17,34.09,0.0,0.0,1.08,0.4198,0.0,0.0
97,35.17,33.54,0.0,0.0,1.63,0.2923,0.0,0.0
98,35.17,30.72,0.0,0.0,0.0,0.1,4.46,0.0
99,35.17,27.55,0.0,0.0,0.0,0.1,7.62,0.0
100,35.17,16.53,0.0,0.0,0.0,0.1,18.64,0.0
101,35.17,22.51,0.0,0.0,0.0,0.1,12.66,0.0
102,35.17,21.08,0.0,0.0,0.0,0.1,14.09,0.0
103,37.12,15.38,8.72,0.0,0.0,0.1,13.03,0.0
104,39.0,18.55,16.64,0.0,0.0,0.1,3.81,0.0
105,40.73,17.79,22.94,0.0,0.0,0.1,0.0,0.0
106,42.24,14.25,27.99,0.0,0.0,0.1,0.0,0.0
107,43.49,17.52,32.35,6.38,0.0,0.1,0.0,0.0
108,44.41,17.91,27.64,1.14,0.0,0.7792,0.0,0.0
109,44.98,15.54,29.44,0.0,0.0,0.9,0.0,0.0
110,45.17,1.69,29.53,0.0,6.78,0.9,7.17,0.0
111,44.98,17.98,23.83,0.0,0.0,0.1,3.17,0.0
112,44.41,20.31,17.08,0.0,0.0,0.1,7.02,0.0
113,43.49,41.3,6.7,4.51,0.0,0.1,0.0,0.0
114,42.24,22.27,0.0,0.0,0.0,0.5801,19.97,0.0
115,40.73,28.25,0.0,0.0,4.07,0.5801,8.41,0.0
116,39.0,27.49,0.0,0.0,0.0,0.1,11.5,0.0
117,37.12,20.14,0.0,0.0,0.0,0.1,16.99,0.0
118,35.17,37.63,0.0,2.46,0.0,0.1,0.0,0.0
119,35.17,37.44,0.0,2.27,0.0,0.3615,0.0,0.0
120,35.21,38.01,0.0,2.79,0.0,0.6027,0.0,0.0
121,35.21,24.24,0.0,0.0,6.78,0.9,4.19,0.0
122,35.21,41.8,0.0,6.59,0.0,0.1,0.0,0.0
123,35.21,18.27,0.0,0.0,3.15,0.801,13.79,0.0
124,35.21,32.42,0.0,0.0,2.8,0.4297,0.0,0.0
125,35.21,42.73,0.0,7.52,0.0,0.1,0.0,0.0
126,35.21,15.92,0.0,0.0,6.78,0.9,12.51,0.0
127,37.17,17.24,7.48,0.0,0.0,0.1,12.45,0.0
128,39.04,20.61,15.27,0.0,0.0,0.1,3.17,0.0
129,40.77,14.18,23.75,0.0,0.0,0.1,2.84,0.0
130,42.29,4.6,28.37,0.0,0.0,0.1,9.31,0.0
131,43.53,16.66,33.54,6.68,0.0,0.1,0.0,0.0
132,44.45,6.01,33.47,0.0,4.98,0.8103,0.0,0.0
133,45.02,19.88,31.5,6.36,0.0,0.2236,0.0,0.0
134,45.21,9.61,27.64,0.0,6.78,0.9,1.18,0.0
135,45.02,30.48,22.06,7.52,0.0,0.1,0.0,0.0
136,44.45,13.6,16.36,0.0,6.78,0.9,7.71,0.0
137,43.53,19.18,8.52,0.0,0.0,0.1,15.83,0.0
138,42.29,30.25,0.0,0.0,0.0,0.1,12.04,0.0
139,40.77,16.07,0.0,0.0,0.0,0.1,24.7,0.0
140,39.04,29.56,0.0,0.0,0.0,0.1,9.48,0.0
141,37.17,39.78,0.0,2.62,0.0,0.1,0.0,0.0
142,35.21,17.9,0.0,0.0,0.0,0.3783,17.31,0.0
143,35.21,32.92,0.0,0.0,0.0,0.3783,2.29,0.0
144,35.26,33.78,0.0,0.0,0.0,0.3783,1.48,0.0
145,35.26,37.65,0.0,2.39,0.0,0.3783,0.0,0.0
146,35.26,20.83,0.0,0.0,4.52,0.6331,9.9,0.0
147,35.26,18.91,0.0,0.0,0.0,0.1,16.35,0.0
148,35.26,31.89,0.0,0.0,0.0,0.1,3.37,0.0
149,35.26,28.19,0.0,0.0,0.0,0.1,7.07,0.0
150,35.26,25.77,0.0,0.0,0.0,0.1,9.49,0.0
151,37.21,24.47,6.86,0.0,0.0,0.1,5.87,0.0
152,39.08,14.41,16.8,0.0,0.0,0.1,7.88,0.0
153,40.81,20.01,24.05,3.24,0.0,0.1,0.0,0.0
154,42.33,19.23,20.18,0.0,2.92,0.4447,0.0,0.0
155,43.57,9.83,33.74,0.0,0.0,0.1,0.0,0.0
156,44.5,30.65,15.07,1.22,0.0,0.1,0.0,0.0
157,45.07,19.87,31.49,6.29,0.0,0.2303,0.0,0.0
158,45.26,7.44,28.52,0.0,6.78,0.9,2.51,0.0
159,45.07,23.37,23.66,1.97,0.0,0.1,0.0,0.0
160,44.5,12.07,16.36,0.0,0.0,0.3095,16.07,0.0
161,43.57,27.97,6.91,0.0,0.0,0.3095,8.69,0.0
162,42.33,32.97,0.0,0.0,0.0,0.3095,9.35,0.0
163,40.81,19.32,0.0,0.0,1.78,0.3095,19.72,0.0
164,39.08,35.39,0.0,0.0,0.0,0.1,3.69,0.0
165,37.21,32.67,0.0,0.0,0.0,0.1,4.54,0.0
166,35.26,35.26,0.0,0.0,0.0,0.1,0.0,0.0
167,35.26,42.78,0.0,7.52,0.0,0.1,0.0,0.0
168,35.3,29.75,0.0,0.0,4.77,0.9,0.78,0.0
169,35.3,25.45,0.0,0.0,0.0,0.3378,9.85,0.0
170,35.3,23.57,0.0,0.0,0.0,0.3378,11.73,0.0
171,35.3,22.9,0.0,0.0,0.0,0.3378,12.4,0.0
172,35.3,27.12,0.0,0.0,0.0,0.3378,8.18,0.0
173,35.3,28.52,0.0,0.0,0.0,0.3378,6.78,0.0
174,35.3,25.96,0.0,0.0,0.0,0.3378,9.34,0.0
175,37.25,28.27,8.77,0.0,0.21,0.3378,0.0,0.0
176,39.13,19.89,17.42,0.0,1.81,0.3132,0.0,0.0
177,40.86,23.8,24.58,7.52,0.0,0.1,0.0,0.0
178,42.37,14.78,20.8,0.0,6.78,0.9,0.0,0.0
179,43.62,18.24,32.89,7.52,0.0,0.1,0.0,0.0
180,44.54,20.79,23.75,0.0,0.0,0.9,0.0,0.0
181,45.11,9.29,33.77,0.0,2.06,0.9,0.0,0.0
182,45.3,8.38,30.01,0.0,4.22,0.6575,2.69,0.0
183,45.11,21.98,22.63,0.0,0.5,0.1595,0.0,0.0
184,44.54,18.02,16.31,0.0,0.0,0.1,10.22,0.0
185,43.62,27.37,6.8,0.0,0.0,0.1,9.44,0.0
186,42.37,27.52,0.0,0.0,0.0,0.1,14.85,0.0
187,40.86,25.24,0.0,0.0,0.0,0.1,15.62,0.0
188,39.13,21.01,0.0,0.0,0.0,0.1,18.12,0.0
189,37.25,17.35,0.0,0.0,0.0,0.1,19.9,0.0
190,35.3,27.09,0.0,0.0,0.0,0.1,8.21,0.0
191,35.3,38.23,0.0,2.93,0.0,0.1,0.0,0.0
192,35.34,33.38,0.0,0.0,0.0,0.4117,1.96,0.0
193,35.34,21.52,0.0,0.0,0.0,0.4117,13.82,0.0
194,35.34,31.99,0.0,0.0,0.0,0.4117,3.35,0.0
195,35.34,32.42,0.0,0.0,0.0,0.4117,2.93,0.0
196,35.34,20.7,0.0,0.0,0.0,0.4117,14.65,0.0
197,35.34,27.02,0.0,0.0,0.0,0.4117,8.32,0.0
198,35.34,24.21,0.0,0.0,2.21,0.4117,8.93,0.0
199,37.29,12.61,8.81,0.0,0.0,0.1512,15.87,0.0
200,39.17,22.61,16.12,0.0,0.43,0.1512,0.0,0.0
201,40.9,22.58,18.32,0.0,0.0,0.1,0.0,0.0
202,42.41,25.47,24.47,7.52,0.0,0.1,0.0,0.0
203,43.66,24.44,19.22,0.0,0.0,0.9,0.0,0.0
204,44.58,4.87,33.16,0.0,6.56,0.9,0.0,0.0
205,45.15,8.63,32.52,0.0,0.23,0.1267,3.78,0.0
206,45.34,20.96,30.35,5.96,0.0,0.1,0.0,0.0
207,45.15,22.21,22.99,0.05,0.0,0.7344,0.0,0.0
208,44.58,23.38,15.78,0.0,5.43,0.74,0.0,0.0
209,43.66,51.18,0.0,7.52,0.0,0.1,0.0,0.0
210,42.41,28.28,0.0,0.0,6.78,0.9,7.35,0.0
211,40.9,34.81,0.0,0.0,0.0,0.1,6.08,0.0
212,39.17,35.29,0.0,0.0,0.0,0.1,3.88,0.0
213,37.29,34.53,0.0,0.0,0.0,0.1,2.76,0.0
214,35.34,28.12,0.0,0.0,0.0,0.1,7.23,0.0
215,35.34,37.44,0.0,2.09,0.0,0.1,0.0,0.0
216,35.39,25.53,0.0,0.0,0.0,0.3229,9.86,0.0
217,35.39,29.51,0.0,0.0,0.0,0.3229,5.87,0.0
218,35.39,26.75,0.0,0.0,0.0,0.3229,8.64,0.0
219,35.39,29.99,0.0,0.0,1.89,0.3229,3.51,0.0
220,35.39,42.9,0.0,7.52,0.0,0.1,0.0,0.0
221,35.39,10.95,0.0,0.0,6.78,0.9,17.65,0.0
222,35.39,29.17,0.0,0.0,0.0,0.1,6.21,0.0
223,37.34,8.86,6.52,0.0,0.0,0.1,21.95,0.0
224,39.21,16.01,15.07,0.0,0.0,0.1,8.14,0.0
225,40.94,23.65,24.8,7.52,0.0,0.1,0.0,0.0
226,42.46,17.36,25.1,0.0,0.0,0.9,0.0,0.0
227,43.7,4.13,32.79,0.0,6.78,0.9,0.0,0.0
228,44.62,10.1,34.52,0.0,0.0,0.1,0.0,0.0
229,45.19,21.45,31.26,7.52,0.0,0.1,0.0,0.0
230,45.39,11.05,30.0,0.0,4.33,0.9,0.0,0.0
231,45.19,19.83,24.79,0.0,0.57,0.389,0.0,0.0
232,44.62,20.12,17.04,0.0,0.0,0.3214,7.47,0.0
233,43.7,16.5,6.84,0.0,0.0,0.3214,20.37,0.0
234,42.46,40.75,0.0,0.0,0.0,0.3214,1.71,0.0
235,40.94,30.81,0.0,0.0,0.0,0.3214,10.13,0.0
236,39.21,11.61,0.0,0.0,0.0,0.3214,27.6,0.0
237,37.34,30.82,0.0,0.0,0.0,0.3214,6.52,0.0
238,35.39,25.34,0.0,0.0,0.0,0.3214,10.04,0.0
239,35.39,38.16,0.0,2.77,0.0,0.3214,0.0,0.0
240,35.43,25.35,0.0,0.0,3.54,0.6166,6.54,0.0
241,35.43,30.46,0.0,0.0,0.0,0.1993,4.97,0.0
242,35.43,34.59,0.0,0.0,0.84,0.1993,0.0,0.0
243,35.43,36.19,0.0,0.76,0.0,0.1,0.0,0.0
244,35.43,18.14,0.0,0.0,0.0,0.1809,17.29,0.0
245,35.43,23.1,0.0,0.0,0.0,0.1809,12.33,0.0
246,35.43,19.93,0.0,0.0,0.0,0.1809,15.5,0.0
247,37.38,16.46,8.2,0.0,0.69,0.1809,12.03,0.0
248,39.26,31.33,15.45,7.52,0.0,0.1,0.0,0.0
249,40.98,21.3,19.68,0.0,0.0,0.9,0.0,0.0
250,42.5,6.81,28.9,0.0,6.78,0.9,0.0,0.0
251,43.74,23.32,20.42,0.0,0.0,0.1,0.0,0.0
252,44.67,32.61,19.57,7.52,0.0,0.1,0.0,0.0
253,45.24,24.23,21.01,0.0,0.0,0.9,0.0,0.0
254,45.43,4.76,30.21,0.0,6.78,0.9,3.67,0.0
255,45.24,14.24,22.32,0.0,0.0,0.1,8.68,0.0
256,44.67,29.79,15.88,1.0,0.0,0.1,0.0,0.0
257,43.74,16.03,6.69,0.0,0.0,0.2064,21.03,0.0
258,42.5,27.22,0.0,0.0,0.0,0.2064,15.27,0.0
259,40.98,31.91,0.0,0.0,0.0,0.2064,9.08,0.0
260,39.26,20.31,0.0,0.0,0.0,0.2064,18.94,0.0
261,37.38,28.84,0.0,0.0,0.0,0.2064,8.54,0.0
262,35.43,4.84,0.0,0.0,0.0,0.2064,30.59,0.0
263,35.43,23.24,0.0,0.0,0.0,0.2064,12.19,0.0
264,35.47,29.61,0.0,0.0,0.0,0.2064,5.86,0.0
265,35.47,21.44,0.0,0.0,0.9,0.2064,13.13,0.0
266,35.47,42.99,0.0,7.52,0.0,0.1,0.0,0.0
267,35.47,17.94,0.0,0.0,0.0,0.9,17.53,0.0
268,35.47,24.15,0.0,0.0,0.0,0.9,11.32,0.0
269,35.47,26.77,0.0,0.0,0.0,0.9,8.7,0.0
270,35.47,35.12,0.0,0.0,0.0,0.9,0.35,0.0
271,37.42,10.22,8.16,0.0,6.78,0.9,12.25,0.0
272,39.3,26.23,17.78,4.71,0.0,0.1,0.0,0.0
273,41.03,16.92,24.11,0.0,0.0,0.6015,0.0,0.0
274,42.54,9.01,29.28,0.0,4.25,0.6015,0.0,0.0
275,43.79,19.68,31.63,7.52,0.0,0.1,0.0,0.0
276,44.71,17.32,27.39,0.0,0.0,0.9,0.0,0.0
277,45.28,11.24,33.24,0.0,0.79,0.9,0.0,0.0
278,45.47,17.35,29.0,0.88,0.0,0.8063,0.0,0.0
279,45.28,15.0,25.09,0.0,5.18,0.9,0.0,0.0
280,44.71,20.61,15.23,0.0,0.0,0.2891,8.87,0.0
281,43.79,26.88,9.17,0.0,0.0,0.2891,7.74,0.0
282,42.54,36.27,0.0,0.0,0.0,0.2891,6.27,0.0
283,41.03,15.9,0.0,0.0,1.6,0.2891,23.52,0.0
284,39.3,44.58,0.0,5.28,0.0,0.1,0.0,0.0
285,37.42,13.79,0.0,0.0,0.0,0.6623,23.63,0.0
286,35.47,29.35,0.0,0.0,4.77,0.6623,1.35,0.0
287,35.47,36.02,0.0,0.55,0.0,0.1,0.0,0.0
288,35.51,33.82,0.0,0.0,0.0,0.1581,1.69,0.0
289,35.51,26.37,0.0,0.0,0.0,0.1581,9.14,0.0
290,35.51,28.87,0.0,0.0,0.0,0.1581,6.64,0.0
291,35.51,25.35,0.0,0.0,0.0,0.1581,10.16,0.0
292,35.51,22.94,0.0,0.0,0.0,0.1581,12.57,0.0
293,35.51,32.45,0.0,0.0,0.0,0.1581,3.06,0.0
294,35.51,26.48,0.0,0.0,0.0,0.1581,9.03,0.0
295,37.46,16.09,6.51,0.0,0.49,0.1581,14.37,0.0
296,39.34,26.82,15.42,2.91,0.0,0.1,0.0,0.0
297,41.07,20.48,22.77,2.18,0.0,0.4093,0.0,0.0
298,42.58,23.23,14.77,0.0,4.59,0.6413,0.0,0.0
299,43.83,20.98,30.37,7.52,0.0,0.1,0.0,0.0
300,44.75,9.13,35.62,0.0,0.0,0.9,0.0,0.0
301,45.32,11.53,32.37,0.0,1.42,0.9,0.0,0.0
302,45.51,14.64,30.87,0.0,0.0,0.7326,0.0,0.0
303,45.32,22.88,24.01,1.57,0.0,0.7326,0.0,0.0
304,44.75,19.51,17.18,0.0,6.78,0.9,1.27,0.0
305,43.83,22.53,6.7,0.0,0.0,0.1,14.6,0.0
306,42.58,33.79,0.0,0.0,0.0,0.1,8.79,0.0
307,41.07,21.01,0.0,0.0,0.0,0.1,20.06,0.0
308,39.34,31.96,0.0,0.0,0.0,0.1,7.38,0.0
309,37.46,27.66,0.0,0.0,0.0,0.1,9.81,0.0
310,35.51,28.8,0.0,0.0,0.0,0.1,6.72,0.0
311,35.51,35.51,0.0,0.0,0.0,0.1,0.0,0.0
312,35.55,37.77,0.0,2.21,0.0,0.1,0.0,0.0
313,35.55,35.55,0.0,0.0,0.0,0.3353,0.0,0.0
314,35.55,40.86,0.0,5.31,0.0,0.3353,0.0,0.0
315,35.55,29.4,0.0,0.0,5.69,0.9,0.46,0.0
316,35.55,33.0,0.0,0.0,0.0,0.2292,2.55,0.0
317,35.55,23.21,0.0,0.0,0.0,0.2292,12.34,0.0
318,35.55,26.19,0.0,0.0,0.0,0.2292,9.36,0.0
319,37.51,20.53,7.8,0.0,0.0,0.2292,9.17,0.0
320,39.38,20.42,17.87,0.0,1.1,0.2292,0.0,0.0
321,41.11,22.73,23.89,5.51,0.0,0.1,0.0,0.0
322,42.63,9.38,28.27,0.0,4.97,0.6861,0.0,0.0
323,43.87,32.56,18.82,7.52,0.0,0.1,0.0,0.0
324,44.79,7.69,35.6,0.0,1.09,0.9,0.41,0.0
325,45.36,6.31,33.35,0.0,5.7,0.7717,0.0,0.0
326,45.55,23.19,29.88,7.52,0.0,0.1,0.0,0.0
327,45.36,24.29,21.07,0.0,0.0,0.9,0.0,0.0
328,44.79,24.61,17.8,0.0,2.39,0.9,0.0,0.0
329,43.87,26.55,6.59,0.0,4.4,0.6183,6.33,0.0
330,42.63,23.52,0.0,0.0,0.0,0.1,19.1,0.0
331,41.11,18.55,0.0,0.0,0.0,0.1,22.56,0.0
332,39.38,28.19,0.0,0.0,0.0,0.1,11.19,0.0
333,37.51,23.86,0.0,0.0,0.0,0.1,13.65,0.0
334,35.55,38.24,0.0,2.68,0.0,0.1,0.0,0.0
335,35.55,30.12,0.0,0.0,0.0,0.3856,5.43,0.0
336,35.6,24.97,0.0,0.0,0.0,0.3856,10.62,0.0
337,35.6,28.71,0.0,0.0,0.0,0.3856,6.89,0.0
338,35.6,33.74,0.0,0.0,0.0,0.3856,1.85,0.0
339,35.6,24.73,0.0,0.0,0.0,0.3856,10.87,0.0
340,35.6,21.03,0.0,0.0,0.0,0.3856,14.57,0.0
341,35.6,27.58,0.0,0.0,0.0,0.3856,8.02,0.0
342,35.6,25.53,0.0,0.0,0.0,0.3856,10.06,0.0
343,37.55,17.51,7.44,0.0,2.42,0.3856,10.18,0.0
344,39.42,15.88,17.12,0.0,0.0,0.1,6.42,0.0
345,41.15,19.82,24.74,3.41,0.0,0.1,0.0,0.0
346,42.67,5.22,30.06,0.0,1.46,0.4624,5.93,0.0
347,43.91,4.75,33.66,0.0,0.0,0.2901,5.5,0.0
348,44.84,9.95,33.28,0.0,1.61,0.2901,0.0,0.0
349,45.4,14.23,32.23,1.05,0.0,0.1,0.0,0.0
350,45.6,19.18,26.07,0.0,0.34,0.2119,0.0,0.0
351,45.4,29.69,22.56,6.84,0.0,0.1718,0.0,0.0
352,44.84,26.43,16.69,0.0,1.71,0.9,0.0,0.0
353,43.91,20.26,8.56,0.0,0.0,0.6979,15.08,0.0
354,42.67,23.44,0.0,0.0,2.48,0.6979,16.75,0.0
355,41.15,17.68,0.0,0.0,0.0,0.4054,23.47,0.0
356,39.42,27.41,0.0,0.0,0.0,0.4054,12.01,0.0
357,37.55,26.91,0.0,0.0,0.0,0.4054,10.64,0.0
358,35.6,33.03,0.0,0.0,2.57,0.4054,0.0,0.0
359,35.6,24.69,0.0,0.0,0.0,0.1024,10.91,0.0
360,35.64,35.62,0.0,0.0,0.02,0.1024,0.0,0.0
361,35.64,43.16,0.0,7.52,0.0,0.1,0.0,0.0
362,35.64,29.57,0.0,0.0,6.07,0.9,0.0,0.0
363,35.64,32.36,0.0,0.0,0.0,0.1842,3.28,0.0
364,35.64,33.0,0.0,0.0,0.0,0.1842,2.63,0.0
365,35.64,22.42,0.0,0.0,0.0,0.1842,13.21,0.0
366,35.64,25.33,0.0,0.0,0.0,0.1842,10.3,0.0
367,37.59,21.6,8.33,0.0,0.71,0.1842,6.95,0.0
368,39.47,20.36,16.39,0.0,0.0,0.1,2.72,0.0
369,41.19,11.8,23.39,0.0,0.0,0.1,6.0,0.0
370,42.71,16.87,25.84,0.0,0.0,0.1,0.0,0.0
371,43.95,19.84,31.63,7.52,0.0,0.1,0.0,0.0
372,44.88,27.14,17.74,0.0,0.0,0.9,0.0,0.0
373,45.45,23.5,21.94,0.0,0.0,0.9,0.0,0.0
374,45.64,16.78,28.85,0.0,0.0,0.9,0.0,0.0
375,45.45,11.85,24.82,0.0,6.78,0.9,1.99,0.0
376,44.88,26.51,15.58,0.0,0.0,0.1,2.78,0.0
377,43.95,22.96,7.95,0.0,0.0,0.1,13.05,0.0
378,42.71,40.94,0.0,0.0,0.0,0.1,1.77,0.0
379,41.19,19.19,0.0,0.0,0.0,0.1,22.0,0.0
380,39.47,20.86,0.0,0.0,0.0,0.1,18.61,0.0
381,37.59,24.41,0.0,0.0,0.0,0.1,13.18,0.0
382,35.64,13.57,0.0,0.0,0.0,0.1,22.07,0.0
383,35.64,27.05,0.0,0.0,0.0,0.1,8.59,0.0
384,35.68,25.43,0.0,0.0,0.0,0.1,10.25,0.0
385,35.68,32.38,0.0,0.0,0.0,0.1,3.3,0.0
386,35.68,33.11,0.0,0.0,0.0,0.1,2.57,0.0
387,35.68,43.2,0.0,7.52,0.0,0.1,0.0,0.0
388,35.68,35.03,0.0,0.0,0.64,0.9,0.0,0.0
389,35.68,20.99,0.0,0.0,2.19,0.824,12.49,0.0
390,35.68,16.39,0.0,0.0,0.0,0.5652,19.29,0.0
391,37.63,25.37,8.31,0.0,3.95,0.5652,0.0,0.0
392,39.51,9.07,15.27,0.0,0.0,0.1,15.17,0.0
393,41.24,24.72,24.04,7.52,0.0,0.1,0.0,0.0
394,42.75,26.01,15.06,0.0,1.69,0.9,0.0,0.0
395,43.99,12.13,33.74,1.87,0.0,0.7013,0.0,0.0
396,44.92,1.98,35.4,0.0,6.78,0.9,0.76,0.0
397,45.49,26.6,26.41,7.52,0.0,0.1,0.0,0.0
398,45.68,15.73,29.95,0.0,0.0,0.9,0.0,0.0
399,45.49,22.48,23.01,0.0,0.0,0.9,0.0,0.0
400,44.92,6.89,16.68,0.0,6.3,0.9,15.05,0.0
401,43.99,16.71,8.51,0.0,0.0,0.1574,18.78,0.0
402,42.75,23.56,0.0,0.0,0.0,0.1574,19.19,0.0
403,41.24,25.95,0.0,0.0,0.0,0.1574,15.29,0.0
404,39.51,23.92,0.0,0.0,0.0,0.1574,15.59,0.0
405,37.63,34.08,0.0,0.0,0.0,0.1574,3.55,0.0
406,35.68,21.92,0.0,0.0,0.0,0.1574,13.76,0.0
407,35.68,30.06,0.0,0.0,0.0,0.1574,5.62,0.0
408,35.72,32.38,0.0,0.0,0.0,0.1574,3.35,0.0
409,35.72,35.23,0.0,0.0,0.49,0.1574,0.0,0.0
410,35.72,36.01,0.0,0.29,0.0,0.1,0.0,0.0
411,35.72,20.17,0.0,0.0,0.0,0.1304,15.56,0.0
412,35.72,15.27,0.0,0.0,0.0,0.1304,20.45,0.0
413,35.72,35.68,0.0,0.0,0.04,0.1304,0.0,0.0
414,35.72,26.12,0.0,0.0,0.0,0.1255,9.6,0.0
415,37.67,15.48,7.57,0.0,0.22,0.1255,14.4,0.0
416,39.55,29.61,17.45,7.52,0.0,0.1,0.0,0.0
417,41.28,16.23,25.05,0.0,0.0,0.9,0.0,0.0
418,42.79,25.97,10.04,0.0,6.78,0.9,0.0,0.0
419,44.04,11.67,32.37,0.0,0.0,0.1,0.0,0.0
420,44.96,31.9,20.58,7.52,0.0,0.1,0.0,0.0
421,45.53,29.75,15.78,0.0,0.0,0.9,0.0,0.0
422,45.72,14.63,28.51,0.0,2.58,0.9,0.0,0.0
423,45.53,25.58,22.81,2.86,0.0,0.5955,0.0,0.0
424,44.96,24.64,17.11,0.0,3.21,0.9,0.0,0.0
425,44.04,32.29,6.53,0.0,0.0,0.5214,5.22,0.0
426,42.79,15.82,0.0,0.0,3.57,0.5214,23.4,0.0
427,41.28,30.98,0.0,0.0,0.0,0.1,10.29,0.0
428,39.55,35.85,0.0,0.0,0.0,0.1,3.69,0.0
429,37.67,15.13,0.0,0.0,0.0,0.1,22.54,0.0
430,35.72,20.96,0.0,0.0,0.0,0.1,14.76,0.0
431,35.72,14.96,0.0,0.0,0.0,0.1,20.76,0.0
432,35.76,29.24,0.0,0.0,0.0,0.1,6.52,0.0
433,35.76,36.81,0.0,1.04,0.0,0.1,0.0,0.0
434,35.76,42.24,0.0,6.47,0.0,0.2111,0.0,0.0
435,35.76,29.64,0.0,0.0,6.12,0.9,0.0,0.0
436,35.76,40.34,0.0,4.58,0.0,0.1785,0.0,0.0
437,35.76,14.54,0.0,0.0,0.0,0.6656,21.22,0.0
438,35.76,9.92,0.0,0.0,4.6,0.6656,21.25,0.0
439,37.71,20.94,8.09,0.0,0.0,0.1235,8.68,0.0
440,39.59,22.52,16.87,0.0,0.2,0.1235,0.0,0.0
441,41.32,17.57,24.52,0.76,0.0,0.1,0.0,0.0
442,42.83,0.15,28.83,0.0,0.69,0.1813,13.16,0.0
443,44.08,15.06,34.15,5.14,0.0,0.1,0.0,0.0
444,45.0,4.23,36.13,0.0,4.63,0.6464,0.0,0.0
445,45.57,20.79,32.3,7.52,0.0,0.1,0.0,0.0
446,45.76,16.92,28.84,0.0,0.0,0.9,0.0,0.0
447,45.57,10.36,24.79,0.0,6.46,0.9,3.95,0.0
448,45.0,15.39,16.58,0.0,0.0,0.1378,13.03,0.0
449,44.08,12.98,9.05,0.0,0.0,0.1378,22.05,0.0
450,42.83,22.94,0.0,0.0,0.0,0.1378,19.89,0.0
451,41.32,33.08,0.0,0.0,0.0,0.1378,8.24,0.0
452,39.59,19.58,0.0,0.0,0.0,0.1378,20.01,0.0
453,37.71,33.06,0.0,0.0,0.0,0.1378,4.66,0.0
454,35.76,26.11,0.0,0.0,0.0,0.1378,9.66,0.0
455,35.76,24.81,0.0,0.0,0.0,0.1378,10.95,0.0
456,35.8,30.49,0.0,0.0,0.0,0.1378,5.32,0.0
457,35.8,22.85,0.0,0.0,0.0,0.1378,12.96,0.0
458,35.8,25.88,0.0,0.0,0.0,0.1378,9.93,0.0
459,35.8,19.5,0.0,0.0,0.0,0.1378,16.3,0.0
460,35.8,42.97,0.0,7.16,0.0,0.1378,0.0,0.0
461,35.8,25.73,0.0,0.0,6.44,0.9,3.63,0.0
462,35.8,17.84,0.0,0.0,0.0,0.1404,17.96,0.0
463,37.75,23.04,6.91,0.0,0.0,0.1404,7.81,0.0
464,39.63,18.54,16.26,0.0,0.0,0.1404,4.84,0.0
465,41.36,16.03,24.99,0.0,0.34,0.1404,0.0,0.0
466,42.87,21.4,28.99,7.52,0.0,0.1,0.0,0.0
467,44.12,21.74,22.37,0.0,0.0,0.9,0.0,0.0
468,45.04,11.25,33.8,0.0,0.0,0.9,0.0,0.0
469,45.61,11.16,33.28,0.0,1.17,0.9,0.0,0.0
470,45.8,14.34,30.74,0.0,0.73,0.7616,0.0,0.0
471,45.61,0.0,23.62,0.0,0.0,0.6759,21.99,0.0
472,45.04,7.4,17.13,0.0,4.88,0.6759,15.63,0.0
473,44.12,32.2,8.59,0.0,0.0,0.1,3.33,0.0
474,42.87,36.46,0.0,0.0,0.0,0.1,6.42,0.0
475,41.36,23.48,0.0,0.0,0.0,0.1,17.88,0.0
476,39.63,31.94,0.0,0.0,0.0,0.1,7.69,0.0
477,37.75,31.48,0.0,0.0,0.0,0.1,6.27,0.0
478,35.8,39.17,0.0,3.37,0.0,0.1,0.0,0.0
479,35.8,39.96,0.0,4.15,0.0,0.4581,0.0,0.0
480,35.84,30.28,0.0,0.0,5.57,0.9,0.0,0.0
481,35.84,23.44,0.0,0.0,0.0,0.2436,12.41,0.0
482,35.84,17.47,0.0,0.0,0.0,0.2436,18.37,0.0
483,35.84,30.58,0.0,0.0,0.0,0.2436,5.26,0.0
484,35.84,21.32,0.0,0.0,1.22,0.2436,13.31,0.0
485,35.84,14.12,0.0,0.0,0.0,0.1,21.73,0.0
486,35.84,18.22,0.0,0.0,0.0,0.1,17.62,0.0
487,37.79,12.71,8.59,0.0,0.0,0.1,16.5,0.0
488,39.67,23.82,15.85,0.0,0.0,0.1,0.0,0.0
489,41.4,24.74,16.66,0.0,0.0,0.1,0.0,0.0
490,42.91,16.41,29.3,2.8,0.0,0.1,0.0,0.0
491,44.16,27.43,16.72,0.0,0.0,0.3974,0.0,0.0
492,45.08,16.03,33.78,4.72,0.0,0.3974,0.0,0.0
493,45.65,8.85,34.51,0.0,2.3,0.9,0.0,0.0
494,45.84,28.57,19.82,2.55,0.0,0.6291,0.0,0.0
495,45.65,22.02,22.89,0.0,0.74,0.9,0.0,0.0
496,45.08,11.15,15.64,0.0,6.04,0.8126,12.25,0.0
497,44.16,19.79,6.76,0.0,0.0,0.1,17.62,0.0
498,42.91,16.4,0.0,0.0,0.0,0.1,26.51,0.0
499,41.4,14.43,0.0,0.0,0.0,0.1,26.97,0.0
500,39.67,34.68,0.0,0.0,0.0,0.1,4.99,0.0
501,37.79,44.13,0.0,6.33,0.0,0.1,0.0,0.0
502,35.84,19.12,0.0,0.0,4.88,0.7738,11.84,0.0
503,35.84,35.49,0.0,0.0,0.35,0.1985,0.0,0.0
504,35.88,26.08,0.0,0.0,0.0,0.1569,9.81,0.0
505,35.88,27.11,0.0,0.0,0.0,0.1569,8.78,0.0
506,35.88,25.48,0.0,0.0,0.0,0.1569,10.41,0.0
507,35.88,22.06,0.0,0.0,0.0,0.1569,13.82,0.0
508,35.88,27.66,0.0,0.0,0.0,0.1569,8.22,0.0
509,35.88,18.76,0.0,0.0,0.0,0.1569,17.12,0.0
510,35.88,25.45,0.0,0.0,0.0,0.1569,10.43,0.0
511,37.84,20.85,6.96,0.0,0.0,0.1569,10.02,0.0
512,39.71,17.44,15.58,0.0,0.0,0.1569,6.7,0.0
513,41.44,10.49,24.93,0.0,0.0,0.1569,6.03,0.0
514,42.96,11.85,30.62,0.0,0.48,0.1569,0.0,0.0
515,44.2,21.63,22.57,0.0,0.0,0.1,0.0,0.0
516,45.12,17.42,35.22,7.52,0.0,0.1,0.0,0.0
517,45.69,7.88,32.55,0.0,5.27,0.9,0.0,0.0
518,45.88,17.22,30.45,1.79,0.0,0.279,0.0,0.0
519,45.69,23.66,24.42,2.39,0.0,0.4694,0.0,0.0
520,45.12,6.08,16.46,0.0,0.0,0.7235,22.58,0.0
521,44.2,25.56,8.27,0.0,0.0,0.7235,10.36,0.0
522,42.96,18.04,0.0,0.0,4.57,0.7235,20.35,0.0
523,41.44,29.89,0.0,0.0,0.0,0.1852,11.55,0.0
524,39.71,21.22,0.0,0.0,0.0,0.1852,18.5,0.0
525,37.84,14.59,0.0,0.0,0.0,0.1852,23.25,0.0
526,35.88,17.26,0.0,0.0,0.0,0.1852,18.62,0.0
527,35.88,31.36,0.0,0.0,0.0,0.1852,4.53,0.0
528,35.92,33.26,0.0,0.0,0.0,0.1852,2.67,0.0
529,35.92,23.75,0.0,0.0,0.0,0.1852,12.18,0.0
530,35.92,35.2,0.0,0.0,0.72,0.1852,0.0,0.0
531,35.92,15.68,0.0,0.0,0.0,0.1,20.25,0.0
532,35.92,26.7,0.0,0.0,0.0,0.1,9.22,0.0
533,35.92,15.7,0.0,0.0,0.0,0.1,20.23,0.0
534,35.92,18.08,0.0,0.0,0.0,0.1,17.84,0.0
535,37.88,21.58,8.38,0.0,0.0,0.1,7.92,0.0
536,39.75,12.45,17.91,0.0,0.0,0.1,9.39,0.0
537,41.48,14.59,24.25,0.0,0.0,0.1,2.64,0.0
538,43.0,24.37,26.14,7.52,0.0,0.1,0.0,0.0
539,44.24,11.01,33.23,0.0,0.0,0.9,0.0,0.0
540,45.16,21.95,23.21,0.0,0.0,0.9,0.0,0.0
541,45.73,5.11,33.84,0.0,6.78,0.9,0.0,0.0
542,45.92,20.59,30.14,4.8,0.0,0.1,0.0,0.0
543,45.73,29.09,19.36,2.71,0.0,0.6112,0.0,0.0
544,45.16,0.0,17.26,0.0,6.78,0.9,21.12,0.0
545,44.24,14.87,7.16,0.0,0.0,0.1,22.2,0.0
546,43.0,27.84,0.0,0.0,0.0,0.1,15.16,0.0
547,41.48,23.7,0.0,0.0,0.0,0.1,17.78,0.0
548,39.75,30.17,0.0,0.0,0.0,0.1,9.58,0.0
549,37.88,24.07,0.0,0.0,0.0,0.1,13.8,0.0
550,35.92,30.82,0.0,0.0,0.0,0.1,5.11,0.0
551,35.92,29.69,0.0,0.0,0.0,0.1,6.24,0.0
552,35.96,40.42,0.0,4.45,0.0,0.1,0.0,0.0
553,35.96,32.89,0.0,0.0,0.0,0.5737,3.07,0.0
554,35.96,32.76,0.0,0.0,0.0,0.5737,3.2,0.0
555,35.96,25.55,0.0,0.0,0.0,0.5737,10.42,0.0
556,35.96,23.3,0.0,0.0,2.24,0.5737,10.42,0.0
557,35.96,21.82,0.0,0.0,0.0,0.3093,14.14,0.0
558,35.96,26.34,0.0,0.0,0.0,0.3093,9.63,0.0
559,37.92,17.81,8.78,0.0,0.0,0.3093,11.33,0.0
560,39.79,21.54,16.48,0.0,1.77,0.3093,0.0,0.0
561,41.52,23.19,25.85,7.52,0.0,0.1,0.0,0.0
562,43.04,23.24,19.79,0.0,0.0,0.9,0.0,0.0
563,44.28,12.95,30.9,0.0,0.43,0.9,0.0,0.0
564,45.2,24.8,20.4,0.0,0.0,0.8493,0.0,0.0
565,45.77,12.3,33.95,0.48,0.0,0.8493,0.0,0.0
566,45.96,0.15,31.69,0.0,6.78,0.9,7.34,0.0
567,45.77,9.59,25.54,0.0,0.0,0.1,10.64,0.0
568,45.2,4.38,16.05,0.0,0.0,0.1,24.77,0.0
569,44.28,18.36,8.08,0.0,0.0,0.1,17.84,0.0
570,43.04,23.35,0.0,0.0,0.0,0.1,19.68,0.0
571,41.52,38.57,0.0,0.0,0.0,0.1,2.95,0.0
572,39.79,29.77,0.0,0.0,0.0,0.1,10.02,0.0
573,37.92,27.08,0.0,0.0,0.0,0.1,10.84,0.0
574,35.96,36.67,0.0,0.7,0.0,0.1,0.0,0.0
575,35.96,13.32,0.0,0.0,0.0,0.1746,22.65,0.0
576,36.0,32.96,0.0,0.0,0.0,0.1746,3.04,0.0
577,36.0,36.94,0.0,0.94,0.0,0.1746,0.0,0.0
578,36.0,18.29,0.0,0.0,0.0,0.2742,17.72,0.0
579,36.0,37.85,0.0,1.84,0.0,0.2742,0.0,0.0
580,36.0,29.81,0.0,0.0,0.0,0.4702,6.2,0.0
581,36.0,21.91,0.0,0.0,0.0,0.4702,14.1,0.0
582,36.0,28.17,0.0,0.0,3.14,0.4702,4.69,0.0
583,37.95,39.12,6.35,7.52,0.0,0.1,0.0,0.0
584,39.83,20.62,16.33,0.0,2.87,0.9,0.0,0.0
585,41.56,15.19,23.97,0.0,2.4,0.5614,0.0,0.0
586,43.07,11.3,31.77,0.0,0.0,0.278,0.0,0.0
587,44.32,8.73,34.07,0.0,1.51,0.278,0.0,0.0
588,45.24,21.8,30.96,7.52,0.0,0.1,0.0,0.0
589,45.81,8.68,34.87,0.0,2.26,0.9,0.0,0.0
590,46.0,16.84,30.54,1.38,0.0,0.6334,0.0,0.0
591,45.81,13.74,24.78,0.0,5.77,0.7805,1.52,0.0
592,45.24,22.98,17.25,0.0,0.0,0.1,5.01,0.0
593,44.32,23.74,9.18,0.0,0.0,0.1,11.4,0.0
594,43.07,31.39,0.0,0.0,0.0,0.1,11.69,0.0
595,41.56,21.16,0.0,0.0,0.0,0.1,20.4,0.0
596,39.83,24.98,0.0,0.0,0.0,0.1,14.85,0.0
597,37.95,20.99,0.0,0.0,0.0,0.1,16.96,0.0
598,36.0,26.5,0.0,0.0,0.0,0.1,9.5,0.0
599,36.0,33.82,0.0,0.0,0.0,0.1,2.19,0.0
600,36.04,37.04,0.0,1.0,0.0,0.1,0.0,0.0
601,36.04,23.44,0.0,0.0,0.0,0.2065,12.6,0.0
602,36.04,36.87,0.0,0.83,0.0,0.2065,0.0,0.0
603,36.04,39.47,0.0,3.43,0.0,0.295,0.0,0.0
604,36.04,30.35,0.0,0.0,4.75,0.6599,0.95,0.0
605,36.04,40.05,0.0,4.01,0.0,0.1,0.0,0.0
606,36.04,16.95,0.0,0.0,3.62,0.5264,15.48,0.0
607,37.99,11.16,8.91,0.0,0.0,0.1,17.92,0.0
608,39.87,5.0,17.38,0.0,0.0,0.1,17.49,0.0
609,41.6,15.78,25.82,0.0,0.0,0.1,0.0,0.0
610,43.11,21.41,29.22,7.52,0.0,0.1,0.0,0.0
611,44.36,14.98,22.59,0.0,6.78,0.9,0.0,0.0
612,45.28,17.38,35.42,7.52,0.0,0.1,0.0,0.0
613,45.85,6.49,32.58,0.0,6.78,0.9,0.0,0.0
614,46.04,21.66,31.9,7.52,0.0,0.1,0.0,0.0
615,45.85,18.51,25.68,0.0,1.66,0.9,0.0,0.0
616,45.28,19.99,17.6,0.0,0.0,0.7038,7.68,0.0
617,44.36,26.8,6.83,0.0,5.12,0.7038,5.6,0.0
618,43.11,26.91,0.0,0.0,0.0,0.1,16.2,0.0
619,41.6,26.93,0.0,0.0,0.0,0.1,14.67,0.0
620,39.87,20.79,0.0,0.0,0.0,0.1,19.08,0.0
621,37.99,32.45,0.0,0.0,0.0,0.1,5.54,0.0
622,36.04,36.04,0.0,0.0,0.0,0.1,0.0,0.0
623,36.04,36.04,0.0,0.0,0.0,0.1,0.0,0.0
624,36.08,43.6,0.0,7.52,0.0,0.1,0.0,0.0
625,36.08,26.65,0.0,0.0,3.42,0.9,6.01,0.0
626,36.08,22.06,0.0,0.0,0.0,0.4962,14.03,0.0
627,36.08,27.65,0.0,0.0,0.0,0.4962,8.43,0.0
628,36.08,27.45,0.0,0.0,0.0,0.4962,8.63,0.0
629,36.08,33.78,0.0,0.0,2.3,0.4962,0.0,0.0
630,36.08,9.6,0.0,0.0,0.0,0.2247,26.48,0.0
631,38.03,33.13,8.83,3.92,0.0,0.2247,0.0,0.0
632,39.91,17.81,17.5,0.0,4.6,0.6419,0.0,0.0
633,41.64,14.03,23.44,0.0,0.0,0.1,4.16,0.0
634,43.15,8.13,30.76,0.0,0.0,0.1,4.27,0.0
635,44.4,2.23,33.81,0.0,0.0,0.1,8.36,0.0
636,45.32,21.63,31.21,7.52,0.0,0.1,0.0,0.0
637,45.89,15.95,29.94,0.0,0.0,0.9,0.0,0.0
638,46.08,5.92,30.18,0.0,6.78,0.9,3.19,0.0
639,45.89,7.14,25.64,0.0,0.0,0.1,13.11,0.0
640,45.32,16.4,18.24,0.0,0.0,0.1,10.68,0.0
641,44.4,34.23,6.86,0.0,0.0,0.1,3.3,0.0
642,43.15,20.98,0.0,0.0,0.0,0.1,22.18,0.0
643,41.64,13.16,0.0,0.0,0.0,0.1,28.48,0.0
644,39.91,25.06,0.0,0.0,0.0,0.1,14.85,0.0
645,38.03,26.49,0.0,0.0,0.0,0.1,11.55,0.0
646,36.08,8.5,0.0,0.0,0.0,0.1,27.58,0.0
647,36.08,30.27,0.0,0.0,0.0,0.1,5.81,0.0
648,36.12,29.08,0.0,0.0,0.0,0.1,7.04,0.0
649,36.12,36.12,0.0,0.0,0.0,0.1,0.0,0.0
650,36.12,42.22,0.0,6.1,0.0,0.1,0.0,0.0
651,36.12,37.53,0.0,1.41,0.0,0.7495,0.0,0.0
652,36.12,24.81,0.0,0.0,6.58,0.9,4.73,0.0
653,36.12,16.25,0.0,0.0,0.0,0.1246,19.87,0.0
654,36.12,43.41,0.0,7.29,0.0,0.1246,0.0,0.0
655,38.07,21.39,9.15,0.0,3.83,0.9,3.71,0.0
656,39.95,19.12,17.99,0.0,2.84,0.4486,0.0,0.0
657,41.68,17.17,24.39,0.0,0.12,0.1136,0.0,0.0
658,43.19,17.67,27.92,2.4,0.0,0.1,0.0,0.0
659,44.44,14.16,33.56,3.29,0.0,0.3554,0.0,0.0
660,45.36,10.48,36.7,1.83,0.0,0.7055,0.0,0.0
661,45.93,10.97,33.06,0.0,1.9,0.9,0.0,0.0
662,46.12,15.84,31.54,1.26,0.0,0.6757,0.0,0.0
663,45.93,13.05,24.58,0.0,5.2,0.8095,3.1,0.0
664,45.36,13.35,16.89,0.0,0.0,0.1961,15.13,0.0
665,44.44,21.77,6.82,0.0,0.0,0.1961,15.85,0.0
666,43.19,20.95,0.0,0.0,0.0,0.1961,22.24,0.0
667,41.68,36.97,0.0,0.0,0.0,0.1961,4.7,0.0
668,39.95,5.9,0.0,0.0,0.0,0.1961,34.05,0.0
669,38.07,37.26,0.0,0.0,0.82,0.1961,0.0,0.0
670,36.12,39.75,0.0,3.62,0.0,0.1,0.0,0.0
671,36.12,14.18,0.0,0.0,0.0,0.4857,21.94,0.0
672,36.16,28.13,0.0,0.0,0.0,0.4857,8.03,0.0
673,36.16,27.63,0.0,0.0,0.0,0.4857,8.52,0.0
674,36.16,18.61,0.0,0.0,0.0,0.4857,17.54,0.0
675,36.16,22.35,0.0,0.0,3.27,0.4857,10.53,0.0
676,36.16,18.07,0.0,0.0,0.0,0.1,18.09,0.0
677,36.16,38.88,0.0,2.72,0.0,0.1,0.0,0.0
678,36.16,30.34,0.0,0.0,2.46,0.3897,3.36,0.0
679,38.11,30.95,8.38,1.22,0.0,0.1,0.0,0.0
680,39.99,24.67,16.21,0.89,0.0,0.2302,0.0,0.0
681,41.71,8.34,26.16,0.0,1.47,0.3253,5.76,0.0
682,43.23,11.87,30.91,0.0,0.45,0.1526,0.0,0.0
683,44.47,17.31,34.68,7.52,0.0,0.1,0.0,0.0
684,45.4,2.08,36.54,0.0,6.78,0.9,0.0,0.0
685,45.97,20.91,32.58,7.52,0.0,0.1,0.0,0.0
686,46.16,14.13,29.68,0.0,2.35,0.9,0.0,0.0
687,45.97,14.32,25.09,0.0,0.0,0.6234,6.55,0.0
688,45.4,24.59,18.37,0.0,2.44,0.6234,0.0,0.0
689,44.47,24.39,9.06,0.0,0.0,0.3357,11.03,0.0
690,43.23,20.05,0.0,0.0,0.0,0.3357,23.18,0.0
691,41.71,34.17,0.0,0.0,0.0,0.3357,7.54,0.0
692,39.99,18.3,0.0,0.0,0.0,0.3357,21.69,0.0
693,38.11,33.42,0.0,0.0,0.0,0.3357,4.69,0.0
694,36.16,34.5,0.0,0.0,0.0,0.3357,1.66,0.0
695,36.16,28.13,0.0,0.0,0.0,0.3357,8.03,0.0
696,36.2,33.38,0.0,0.0,0.0,0.3357,2.82,0.0
697,36.2,20.59,0.0,0.0,0.0,0.3357,15.61,0.0
698,36.2,37.06,0.0,0.86,0.0,0.3357,0.0,0.0
699,36.2,27.0,0.0,0.0,0.0,0.4278,9.2,0.0
700,36.2,22.67,0.0,0.0,0.0,0.4278,13.53,0.0
701,36.2,33.23,0.0,0.0,0.0,0.4278,2.96,0.0
702,36.2,17.26,0.0,0.0,0.0,0.4278,18.94,0.0
703,38.15,9.61,9.64,0.0,1.93,0.4278,16.96,0.0
704,40.02,6.52,16.17,0.0,0.0,0.2004,17.34,0.0
705,41.75,22.05,26.28,6.57,0.0,0.2004,0.0,0.0
706,43.27,5.81,30.29,0.0,6.78,0.9,0.39,0.0
707,44.51,29.11,22.92,7.52,0.0,0.1,0.0,0.0
708,45.44,0.0,35.98,0.0,6.78,0.9,2.67,0.0
709,46.0,28.65,22.73,5.37,0.0,0.1,0.0,0.0
710,46.2,17.65,30.69,2.14,0.0,0.6719,0.0,0.0
711,46.0,16.47,24.66,0.0,4.88,0.9,0.0,0.0
712,45.44,14.55,16.78,0.0,0.0,0.3247,14.1,0.0
713,44.51,23.96,9.19,0.0,0.0,0.3247,11.36,0.0
714,43.27,22.55,0.0,0.0,0.0,0.3247,20.72,0.0
715,41.75,33.66,0.0,0.0,0.0,0.3247,8.09,0.0
716,40.02,27.73,0.0,0.0,0.0,0.3247,12.3,0.0
717,38.15,29.66,0.0,0.0,0.0,0.3247,8.49,0.0
718,36.2,26.84,0.0,0.0,0.0,0.3247,9.36,0.0
719,36.2,30.07,0.0,0.0,0.0,0.3247,6.13,0.0
720,36.23,33.17,0.0,0.0,0.0,0.3247,3.07,0.0
721,36.23,16.87,0.0,0.0,0.0,0.3247,19.36,0.0
722,36.23,18.96,0.0,0.0,0.0,0.3247,17.28,0.0
723,36.23,34.3,0.0,0.0,0.0,0.3247,1.94,0.0
724,36.23,28.11,0.0,0.0,0.0,0.3247,8.12,0.0
725,36.23,23.38,0.0,0.0,0.0,0.3247,12.86,0.0
726,36.23,22.93,0.0,0.0,0.0,0.3247,13.3,0.0
727,38.19,23.49,6.91,0.0,0.0,0.3247,7.79,0.0
728,40.06,14.53,17.97,0.0,1.91,0.3247,5.66,0.0
729,41.79,10.99,26.35,0.0,0.0,0.1,4.45,0.0
730,43.31,17.46,31.02,5.18,0.0,0.1,0.0,0.0
731,44.55,5.61,34.27,0.0,4.67,0.6509,0.0,0.0
732,45.47,18.08,34.91,7.52,0.0,0.1,0.0,0.0
733,46.04,1.6,35.3,0.0,6.78,0.9,2.37,0.0
734,46.23,24.08,29.67,7.52,0.0,0.1,0.0,0.0
735,46.04,20.92,23.99,0.0,1.13,0.9,0.0,0.0
736,45.47,20.85,16.61,0.0,0.0,0.7664,8.01,0.0
737,44.55,28.53,9.11,0.0,0.0,0.7664,6.91,0.0
738,43.31,36.01,0.0,0.0,0.0,0.7664,7.3,0.0
739,41.79,32.89,0.0,0.0,4.14,0.7664,4.75,0.0
740,40.06,12.14,0.0,0.0,0.0,0.2778,27.92,0.0
741,38.19,18.24,0.0,0.0,0.0,0.2778,19.95,0.0
742,36.23,24.7,0.0,0.0,0.0,0.2778,11.54,0.0
743,36.23,30.66,0.0,0.0,0.0,0.2778,5.58,0.0
744,36.27,34.76,0.0,0.0,1.51,0.2778,0.0,0.0
745,36.27,24.62,0.0,0.0,0.0,0.1,11.65,0.0
746,36.27,31.07,0.0,0.0,0.0,0.1,5.2,0.0
747,36.27,22.33,0.0,0.0,0.0,0.1,13.94,0.0
748,36.27,21.83,0.0,0.0,0.0,0.1,14.44,0.0
749,36.27,13.6,0.0,0.0,0.0,0.1,22.67,0.0
750,36.27,15.38,0.0,0.0,0.0,0.1,20.89,0.0
751,38.22,9.93,8.64,0.0,0.0,0.1,19.66,0.0
752,40.1,11.0,18.03,0.0,0.0,0.1,11.07,0.0
753,41.83,25.47,23.88,7.52,0.0,0.1,0.0,0.0
754,43.34,8.3,31.7,0.0,3.34,0.9,0.0,0.0
755,44.59,35.95,8.64,0.0,0.0,0.5059,0.0,0.0
756,45.51,18.69,26.82,0.0,0.0,0.5059,0.0,0.0
757,46.08,16.51,33.27,3.7,0.0,0.5059,0.0,0.0
758,46.27,9.02,30.94,0.0,6.31,0.9,0.0,0.0
759,46.08,22.66,24.23,0.81,0.0,0.1564,0.0,0.0
760,45.51,14.17,17.6,0.0,0.0,0.2427,13.74,0.0
761,44.59,21.63,7.94,0.0,0.0,0.2427,15.01,0.0
762,43.34,43.04,0.0,0.0,0.3,0.2427,0.0,0.0
763,41.83,24.01,0.0,0.0,0.0,0.207,17.82,0.0
764,40.1,35.81,0.0,0.0,0.91,0.207,3.38,0.0
765,38.22,22.75,0.0,0.0,0.0,0.1,15.48,0.0
766,36.27,29.31,0.0,0.0,0.0,0.1,6.96,0.0
767,36.27,43.79,0.0,7.52,0.0,0.1,0.0,0.0
768,36.31,25.61,0.0,0.0,6.78,0.9,3.92,0.0
769,36.31,43.83,0.0,7.52,0.0,0.1,0.0,0.0
770,36.31,35.14,0.0,0.0,1.17,0.9,0.0,0.0
771,36.31,23.79,0.0,0.0,5.19,0.7621,7.33,0.0
772,36.31,31.63,0.0,0.0,0.0,0.1501,4.67,0.0
773,36.31,32.42,0.0,0.0,0.0,0.1501,3.89,0.0
774,36.31,27.58,0.0,0.0,0.0,0.1501,8.73,0.0
775,38.26,8.12,8.77,0.0,0.0,0.1501,21.37,0.0
776,40.14,12.9,18.14,0.0,0.0,0.1501,9.09,0.0
777,41.86,15.06,26.37,0.0,0.42,0.1501,0.0,0.0
778,43.38,13.49,29.89,0.0,0.0,0.1,0.0,0.0
779,44.62,19.9,32.24,7.52,0.0,0.1,0.0,0.0
780,45.55,16.12,29.43,0.0,0.0,0.9,0.0,0.0
781,46.12,4.37,35.04,0.0,6.7,0.9,0.0,0.0
782,46.31,18.79,32.42,4.9,0.0,0.1102,0.0,0.0
783,46.12,21.88,26.59,2.35,0.0,0.6317,0.0,0.0
784,45.55,23.12,17.95,0.0,4.48,0.8821,0.0,0.0
785,44.62,29.17,7.12,0.0,0.0,0.3544,8.33,0.0
786,43.38,29.27,0.0,0.0,0.0,0.3544,14.11,0.0
787,41.86,28.34,0.0,0.0,0.0,0.3544,13.52,0.0
788,40.14,26.06,0.0,0.0,0.0,0.3544,14.08,0.0
789,38.26,15.07,0.0,0.0,0.0,0.3544,23.19,0.0
790,36.31,32.93,0.0,0.0,0.0,0.3544,3.38,0.0
791,36.31,31.96,0.0,0.0,0.0,0.3544,4.35,0.0
792,36.35,32.67,0.0,0.0,0.0,0.3544,3.68,0.0
793,36.35,20.1,0.0,0.0,0.0,0.3544,16.24,0.0
794,36.35,20.86,0.0,0.0,0.0,0.3544,15.48,0.0
795,36.35,36.55,0.0,0.2,0.0,0.3544,0.0,0.0
796,36.35,26.23,0.0,0.0,0.0,0.3759,10.12,0.0
797,36.35,30.04,0.0,0.0,0.0,0.3759,6.31,0.0
798,36.35,22.8,0.0,0.0,1.9,0.3759,11.65,0.0
799,38.3,20.75,8.92,0.0,0.0,0.1516,8.62,0.0
800,40.17,26.05,17.86,3.74,0.0,0.1516,0.0,0.0
801,41.9,12.86,25.23,0.0,3.81,0.5493,0.0,0.0
802,43.42,16.46,32.83,5.87,0.0,0.1,0.0,0.0
803,44.66,11.23,34.21,0.78,0.0,0.7251,0.0,0.0
804,45.58,11.18,35.26,0.86,0.0,0.8083,0.0,0.0
805,46.15,12.45,30.81,0.0,2.9,0.9,0.0,0.0
806,46.35,17.46,32.1,3.21,0.0,0.5584,0.0,0.0
807,46.15,13.16,23.97,0.0,6.78,0.9,2.24,0.0
808,45.58,28.57,17.87,0.86,0.0,0.1,0.0,0.0
809,44.66,13.41,7.82,0.0,0.0,0.1912,23.43,0.0
810,43.42,21.09,0.0,0.0,0.0,0.1912,22.33,0.0
811,41.9,21.14,0.0,0.0,0.0,0.1912,20.77,0.0
812,40.17,38.03,0.0,0.0,0.0,0.1912,2.14,0.0
813,38.3,29.75,0.0,0.0,0.0,0.1912,8.55,0.0
814,36.35,37.64,0.0,1.29,0.0,0.1912,0.0,0.0
815,36.35,18.45,0.0,0.0,0.0,0.329,17.9,0.0
816,36.38,32.56,0.0,0.0,0.0,0.329,3.82,0.0
817,36.38,37.23,0.0,0.85,0.0,0.329,0.0,0.0
818,36.38,30.03,0.0,0.0,2.24,0.4192,4.12,0.0
819,36.38,36.57,0.0,0.19,0.0,0.1553,0.0,0.0
820,36.38,22.36,0.0,0.0,0.0,0.1754,14.02,0.0
821,36.38,35.74,0.0,0.0,0.64,0.1754,0.0,0.0
822,36.38,40.75,0.0,4.37,0.0,0.1,0.0,0.0
823,38.33,17.56,7.03,0.0,3.94,0.5648,9.8,0.0
824,40.21,14.99,18.27,0.0,0.0,0.1,6.95,0.0
825,41.94,16.95,24.98,0.0,0.0,0.1,0.0,0.0
826,43.45,28.16,22.81,7.52,0.0,0.1,0.0,0.0
827,44.7,10.68,34.02,0.0,0.0,0.9,0.0,0.0
828,45.62,11.22,34.4,0.0,0.0,0.9,0.0,0.0
829,46.19,12.59,33.6,0.0,0.0,0.9,0.0,0.0
830,46.38,4.95,32.09,0.0,6.54,0.9,2.8,0.0
831,46.19,9.59,24.21,0.0,0.0,0.1285,12.39,0.0
832,45.62,10.55,17.59,0.0,0.0,0.1285,17.47,0.0
833,44.7,14.35,8.85,0.0,0.0,0.1285,21.5,0.0
834,43.45,22.22,0.0,0.0,0.0,0.1285,21.23,0.0
835,41.94,26.41,0.0,0.0,0.0,0.1285,15.53,0.0
836,40.21,38.78,0.0,0.0,0.0,0.1285,1.43,0.0
837,38.33,20.18,0.0,0.0,0.0,0.1285,18.15,0.0
838,36.38,37.19,0.0,0.81,0.0,0.1285,0.0,0.0
839,36.38,28.47,0.0,0.0,0.0,0.2143,7.91,0.0
840,36.42,29.97,0.0,0.0,0.0,0.2143,6.45,0.0
841,36.42,35.45,0.0,0.0,0.97,0.2143,0.0,0.0
842,36.42,20.38,0.0,0.0,0.0,0.1,16.03,0.0
843,36.42,31.07,0.0,0.0,0.0,0.1,5.35,0.0
844,36.42,27.71,0.0,0.0,0.0,0.1,8.7,0.0
845,36.42,28.39,0.0,0.0,0.0,0.1,8.03,0.0
846,36.42,24.72,0.0,0.0,0.0,0.1,11.7,0.0
847,38.37,36.03,9.85,7.52,0.0,0.1,0.0,0.0
848,40.24,13.39,18.49,0.0,5.77,0.9,2.6,0.0
849,41.97,12.59,25.72,0.0,0.0,0.2196,3.66,0.0
850,43.49,10.6,31.98,0.0,0.92,0.2196,0.0,0.0
851,44.73,10.34,34.58,0.19,0.0,0.1117,0.0,0.0
852,45.66,9.42,35.96,0.0,0.27,0.1321,0.0,0.0
853,46.22,24.19,29.55,7.52,0.0,0.1,0.0,0.0
854,46.42,26.82,19.59,0.0,0.0,0.9,0.0,0.0
855,46.22,12.28,25.51,0.0,6.78,0.9,1.65,0.0
856,45.66,11.84,17.39,0.0,0.0,0.1,16.42,0.0
857,44.73,24.11,8.72,0.0,0.0,0.1,11.9,0.0
858,43.49,18.04,0.0,0.0,0.0,0.1,25.45,0.0
859,41.97,29.5,0.0,0.0,0.0,0.1,12.47,0.0
860,40.24,28.0,0.0,0.0,0.0,0.1,12.24,0.0
861,38.37,16.0,0.0,0.0,0.0,0.1,22.37,0.0
862,36.42,36.42,0.0,0.0,0.0,0.1,0.0,0.0
863,36.42,43.93,0.0,7.52,0.0,0.1,0.0,0.0
864,36.45,25.42,0.0,0.0,6.78,0.9,4.25,0.0
865,36.45,26.93,0.0,0.0,0.0,0.1,9.52,0.0
866,36.45,31.49,0.0,0.0,0.0,0.1,4.96,0.0
867,36.45,30.61,0.0,0.0,0.0,0.1,5.84,0.0
868,36.45,31.54,0.0,0.0,0.0,0.1,4.91,0.0
869,36.45,40.36,0.0,3.91,0.0,0.1,0.0,0.0
870,36.45,20.94,0.0,0.0,0.0,0.5155,15.51,0.0
871,38.4,13.95,8.21,0.0,3.52,0.5155,12.72,0.0
872,40.28,7.42,17.81,0.0,0.0,0.1,15.05,0.0
873,42.01,10.92,26.46,0.0,0.0,0.1,4.62,0.0
874,43.52,10.34,33.18,0.0,0.0,0.1,0.0,0.0
875,44.77,28.92,15.85,0.0,0.0,0.1,0.0,0.0
876,45.69,9.1,36.59,0.0,0.0,0.1,0.0,0.0
877,46.26,16.45,29.81,0.0,0.0,0.1,0.0,0.0
878,46.45,15.34,32.35,1.23,0.0,0.1,0.0,0.0
879,46.26,20.18,24.96,0.0,1.11,0.2313,0.0,0.0
880,45.69,36.22,16.99,7.52,0.0,0.1,0.0,0.0
881,44.77,16.07,7.85,0.0,6.78,0.9,14.06,0.0
882,43.52,18.46,0.0,0.0,0.0,0.1,25.07,0.0
883,42.01,32.69,0.0,0.0,0.0,0.1,9.32,0.0
884,40.28,31.73,0.0,0.0,0.0,0.1,8.55,0.0
885,38.4,42.62,0.0,4.22,0.0,0.1,0.0,0.0
886,36.45,33.85,0.0,0.0,2.6,0.5486,0.0,0.0
887,36.45,27.16,0.0,0.0,0.0,0.2422,9.29,0.0
888,36.49,34.89,0.0,0.0,0.0,0.2422,1.6,0.0
889,36.49,38.73,0.0,2.25,0.0,0.2422,0.0,0.0
890,36.49,35.65,0.0,0.0,0.83,0.4813,0.0,0.0
891,36.49,31.9,0.0,0.0,2.4,0.3828,2.18,0.0
892,36.49,34.7,0.0,0.0,0.0,0.1,1.79,0.0
893,36.49,33.6,0.0,0.0,0.0,0.1,2.89,0.0
894,36.49,33.24,0.0,0.0,0.0,0.1,3.25,0.0
895,38.44,25.36,9.74,0.0,0.0,0.1,3.34,0.0
896,40.31,16.97,19.03,0.0,0.0,0.1,4.32,0.0
897,42.04,17.81,24.23,0.0,0.0,0.1,0.0,0.0
898,43.56,24.97,26.11,7.52,0.0,0.1,0.0,0.0
899,44.8,8.11,29.91,0.0,6.78,0.9,0.0,0.0
900,45.73,17.25,35.93,7.46,0.0,0.1,0.0,0.0
901,46.29,11.47,28.1,0.0,6.73,0.8933,0.0,0.0
902,46.49,14.23,32.59,0.33,0.0,0.1,0.0,0.0
903,46.29,26.8,26.68,7.18,0.0,0.1356,0.0,0.0
904,45.73,19.81,16.46,0.0,6.78,0.9,2.67,0.0
905,44.8,20.58,9.65,0.0,0.0,0.1,14.58,0.0
906,43.56,11.47,0.0,0.0,0.0,0.1,32.09,0.0
907,42.04,30.24,0.0,0.0,0.0,0.1,11.8,0.0
908,40.31,31.36,0.0,0.0,0.0,0.1,8.96,0.0
909,38.44,45.05,0.0,6.61,0.0,0.1,0.0,0.0
910,36.49,26.69,0.0,0.0,5.97,0.8037,3.82,0.0
911,36.49,31.67,0.0,0.0,0.0,0.1,4.82,0.0
912,36.52,32.1,0.0,0.0,0.0,0.1,4.42,0.0
913,36.52,42.37,0.0,5.85,0.0,0.1,0.0,0.0
914,36.52,28.3,0.0,0.0,0.0,0.7227,8.22,0.0
915,36.52,30.01,0.0,0.0,5.28,0.7227,1.23,0.0
916,36.52,30.98,0.0,0.0,0.0,0.1,5.55,0.0
917,36.52,25.72,0.0,0.0,0.0,0.1,10.81,0.0
918,36.52,18.64,0.0,0.0,0.0,0.1,17.89,0.0
919,38.47,21.67,8.57,0.0,0.0,0.1,8.24,0.0
920,40.35,26.73,18.02,4.41,0.0,0.1,0.0,0.0
921,42.08,8.42,27.29,0.0,3.98,0.5693,2.4,0.0
922,43.59,16.36,31.94,4.71,0.0,0.1,0.0,0.0
923,44.84,8.95,36.13,0.25,0.0,0.6014,0.0,0.0
924,45.76,23.73,24.59,2.56,0.0,0.6279,0.0,0.0
925,46.33,2.42,37.01,0.0,6.78,0.9,0.11,0.0
926,46.52,10.87,32.19,0.0,0.0,0.1,3.46,0.0
927,46.33,19.56,27.23,0.46,0.0,0.1,0.0,0.0
928,45.76,30.64,16.48,1.36,0.0,0.1494,0.0,0.0
929,44.84,19.6,8.91,0.0,0.0,0.2941,16.32,0.0
930,43.59,17.77,0.0,0.0,0.0,0.2941,25.82,0.0
931,42.08,39.17,0.0,0.0,0.0,0.2941,2.91,0.0
932,40.35,14.65,0.0,0.0,0.0,0.2941,25.7,0.0
933,38.47,10.34,0.0,0.0,0.0,0.2941,28.14,0.0
934,36.52,32.55,0.0,0.0,0.0,0.2941,3.97,0.0
935,36.52,25.86,0.0,0.0,0.0,0.2941,10.66,0.0
936,36.56,21.93,0.0,0.0,0.0,0.2941,14.63,0.0
937,36.56,35.39,0.0,0.0,1.17,0.2941,0.0,0.0
938,36.56,30.91,0.0,0.0,0.0,0.1565,5.65,0.0
939,36.56,23.23,0.0,0.0,0.0,0.1565,13.32,0.0
940,36.56,15.9,0.0,0.0,0.0,0.1565,20.65,0.0
941,36.56,31.08,0.0,0.0,0.0,0.1565,5.48,0.0
942,36.56,27.26,0.0,0.0,0.0,0.1565,9.3,0.0
943,38.51,19.25,9.03,0.0,0.48,0.1565,9.74,0.0
944,40.38,29.51,18.39,7.52,0.0,0.1,0.0,0.0
945,42.11,7.99,25.13,0.0,6.25,0.9,2.75,0.0
946,43.63,3.11,32.47,0.0,0.0,0.1636,8.05,0.0
947,44.87,8.93,35.4,0.0,0.54,0.1636,0.0,0.0
948,45.79,9.72,37.14,1.07,0.0,0.1,0.0,0.0
949,46.36,16.36,36.45,6.44,0.0,0.2143,0.0,0.0
950,46.56,13.3,33.25,0.0,0.0,0.9,0.0,0.0
951,46.36,19.28,27.09,0.0,0.0,0.9,0.0,0.0
952,45.79,8.19,16.84,0.0,3.29,0.9,17.48,0.0
953,44.87,31.5,8.74,0.0,0.0,0.5124,4.63,0.0
954,43.63,21.44,0.0,0.0,0.0,0.5124,22.18,0.0
955,42.11,33.02,0.0,0.0,0.0,0.5124,9.09,0.0
956,40.38,28.79,0.0,0.0,0.0,0.5124,11.6,0.0
957,38.51,31.34,0.0,0.0,0.0,0.5124,7.17,0.0
958,36.56,33.49,0.0,0.0,0.0,0.5124,3.06,0.0
959,36.56,33.32,0.0,0.0,0.0,0.5124,3.24,0.0
960,36.59,35.05,0.0,0.0,0.0,0.5124,1.54,0.0
961,36.59,40.23,0.0,3.64,0.0,0.5124,0.0,0.0
962,36.59,30.45,0.0,0.0,5.51,0.9,0.63,0.0
963,36.59,33.25,0.0,0.0,0.0,0.2504,3.34,0.0
964,36.59,25.27,0.0,0.0,0.0,0.2504,11.32,0.0
965,36.59,35.5,0.0,0.0,1.09,0.2504,0.0,0.0
966,36.59,16.64,0.0,0.0,0.0,0.1218,19.95,0.0
967,38.54,34.25,9.09,4.8,0.0,0.1218,0.0,0.0
968,40.42,17.72,18.18,0.0,4.52,0.6327,0.0,0.0
969,42.14,5.04,26.39,0.0,0.0,0.1,10.72,0.0
970,43.66,16.15,32.26,4.75,0.0,0.1,0.0,0.0
971,44.9,4.77,35.85,0.0,4.28,0.6052,0.0,0.0
972,45.83,20.74,32.6,7.52,0.0,0.1,0.0,0.0
973,46.4,9.16,36.18,0.0,1.06,0.9,0.0,0.0
974,46.59,11.59,32.04,0.0,0.0,0.7752,2.96,0.0
975,46.4,1.39,27.51,0.0,0.0,0.7752,17.49,0.0
976,45.83,14.45,17.98,0.0,2.65,0.7752,10.74,0.0
977,44.9,0.71,9.4,0.0,0.0,0.4624,34.8,0.0
978,43.66,9.43,0.0,0.0,0.0,0.4624,34.23,0.0
979,42.14,30.1,0.0,0.0,0.0,0.4624,12.04,0.0
980,40.42,32.22,0.0,0.0,0.0,0.4624,8.2,0.0
981,38.54,31.0,0.0,0.0,0.0,0.4624,7.54,0.0
982,36.59,21.21,0.0,0.0,0.0,0.4624,15.38,0.0
983,36.59,29.3,0.0,0.0,0.0,0.4624,7.29,0.0
984,36.62,29.83,0.0,0.0,0.0,0.4624,6.79,0.0
985,36.62,20.39,0.0,0.0,0.0,0.4624,16.23,0.0
986,36.62,40.73,0.0,4.11,0.0,0.4624,0.0,0.0
987,36.62,34.5,0.0,0.0,0.0,0.9,2.12,0.0
988,36.62,24.14,0.0,0.0,0.0,0.9,12.48,0.0
989,36.62,24.19,0.0,0.0,0.0,0.9,12.43,0.0
990,36.62,23.58,0.0,0.0,0.0,0.9,13.05,0.0
991,38.57,3.66,9.96,0.0,6.78,0.9,18.17,0.0
992,40.45,15.99,18.01,0.0,0.0,0.1,6.45,0.0
993,42.18,10.89,27.25,0.0,0.0,0.1,4.03,0.0
994,43.69,7.09,32.06,0.0,0.0,0.1,4.54,0.0
995,44.94,7.9,37.04,0.0,0.0,0.1,0.0,0.0
996,45.86,28.26,17.61,0.0,0.0,0.1,0.0,0.0
997,46.43,19.34,34.61,7.52,0.0,0.1,0.0,0.0
998,46.62,10.51,33.88,0.0,2.23,0.9,0.0,0.0
999,46.43,20.85,26.82,1.24,0.0,0.637,0.0,0.0
1000,45.86,29.06,18.03,1.23,0.0,0.7692,0.0,0.0
1001,44.94,27.21,8.7,0.0,6.07,0.9,2.96,0.0
1002,43.69,22.4,0.0,0.0,0.0,0.1845,21.3,0.0
1003,42.18,18.84,0.0,0.0,0.0,0.1845,23.34,0.0
1004,40.45,31.44,0.0,0.0,0.0,0.1845,9.01,0.0
1005,38.57,30.66,0.0,0.0,0.0,0.1845,7.91,0.0
1006,36.62,35.91,0.0,0.0,0.72,0.1845,0.0,0.0
1007,36.62,34.63,0.0,0.0,0.0,0.1,1.99,0.0
1008,36.65,38.1,0.0,1.45,0.0,0.1,0.0,0.0
1009,36.65,25.25,0.0,0.0,1.31,0.2544,10.09,0.0
1010,36.65,39.17,0.0,2.51,0.0,0.1,0.0,0.0
1011,36.65,29.02,0.0,0.0,2.27,0.3675,5.37,0.0
1012,36.65,42.28,0.0,5.62,0.0,0.1,0.0,0.0
1013,36.65,18.42,0.0,0.0,0.0,0.6985,18.24,0.0
1014,36.65,35.61,0.0,0.0,1.04,0.6985,0.0,0.0
1015,38.6,21.35,7.48,0.0,4.04,0.576,5.74,0.0
1016,40.48,12.69,17.6,0.0,0.0,0.1,10.19,0.0
1017,42.21,12.38,26.41,0.0,0.0,0.1,3.43,0.0
1018,43.73,12.41,34.0,2.68,0.0,0.1,0.0,0.0
1019,44.97,17.53,25.02,0.0,2.42,0.3855,0.0,0.0
1020,45.89,18.04,35.37,7.52,0.0,0.1,0.0,0.0
1021,46.46,4.21,35.47,0.0,6.78,0.9,0.0,0.0
1022,46.65,14.42,32.24,0.0,0.0,0.1,0.0,0.0
1023,46.46,27.35,26.63,7.52,0.0,0.1,0.0,0.0
1024,45.89,31.58,14.31,0.0,0.0,0.9,0.0,0.0
1025,44.97,23.24,7.64,0.0,6.78,0.9,7.3,0.0
1026,43.73,22.13,0.0,0.0,0.0,0.1,21.59,0.0
1027,42.21,24.84,0.0,0.0,0.0,0.1,17.37,0.0
1028,40.48,30.67,0.0,0.0,0.0,0.1,9.81,0.0
1029,38.6,19.33,0.0,0.0,0.0,0.1,19.28,0.0
1030,36.65,26.66,0.0,0.0,0.0,0.1,9.99,0.0
1031,36.65,16.25,0.0,0.0,0.0,0.1,20.4,0.0
1032,36.69,32.85,0.0,0.0,0.0,0.1,3.84,0.0
1033,36.69,34.55,0.0,0.0,0.0,0.1,2.14,0.0
1034,36.69,24.78,0.0,0.0,0.0,0.1,11.91,0.0
1035,36.69,39.85,0.0,3.17,0.0,0.1,0.0,0.0
1036,36.69,15.98,0.0,0.0,1.75,0.4369,18.96,0.0
1037,36.69,12.17,0.0,0.0,0.0,0.2308,24.52,0.0
1038,36.69,23.52,0.0,0.0,0.0,0.2308,13.16,0.0
1039,38.64,28.0,9.53,0.0,1.11,0.2308,0.0,0.0
1040,40.51,28.74,19.29,7.52,0.0,0.1,0.0,0.0
1041,42.24,9.1,26.36,0.0,6.78,0.9,0.0,0.0
1042,43.76,23.43,20.33,0.0,0.0,0.1,0.0,0.0
1043,45.0,13.77,37.22,5.98,0.0,0.1,0.0,0.0
1044,45.92,12.43,30.45,0.0,3.05,0.7366,0.0,0.0
1045,46.49,21.09,25.41,0.0,0.0,0.3774,0.0,0.0
1046,46.69,20.04,31.55,4.91,0.0,0.3774,0.0,0.0
1047,46.49,3.61,25.35,0.0,6.78,0.9,10.75,0.0
1048,45.92,29.49,19.52,3.09,0.0,0.1,0.0,0.0
1049,45.0,30.64,9.78,0.0,0.0,0.4287,4.58,0.0
1050,43.76,16.77,0.0,0.0,0.0,0.4287,26.98,0.0
1051,42.24,26.94,0.0,0.0,0.0,0.4287,15.3,0.0
1052,40.51,29.63,0.0,0.0,0.0,0.4287,10.88,0.0
1053,38.64,29.42,0.0,0.0,0.0,0.4287,9.21,0.0
1054,36.69,24.25,0.0,0.0,0.0,0.4287,12.44,0.0
1055,36.69,24.08,0.0,0.0,0.0,0.4287,12.61,0.0
1056,36.72,29.38,0.0,0.0,0.0,0.4287,7.33,0.0
1057,36.72,38.63,0.0,1.91,0.0,0.4287,0.0,0.0
1058,36.72,32.84,0.0,0.0,0.0,0.6319,3.88,0.0
1059,36.72,24.32,0.0,0.0,0.0,0.6319,12.4,0.0
1060,36.72,31.74,0.0,0.0,0.0,0.6319,4.97,0.0
1061,36.72,1.09,0.0,0.0,0.0,0.6319,35.63,0.0
1062,36.72,30.77,0.0,0.0,0.0,0.6319,5.95,0.0
1063,38.67,5.78,8.21,0.0,0.0,0.6319,24.68,0.0
1064,40.54,14.8,19.57,0.0,0.0,0.6319,6.18,0.0
1065,42.27,7.14,27.18,0.0,4.51,0.6319,3.44,0.0
1066,43.79,4.49,31.43,0.0,0.0,0.1,7.86,0.0
1067,45.03,23.2,25.25,3.41,0.0,0.1,0.0,0.0
1068,45.96,10.0,37.33,1.37,0.0,0.4634,0.0,0.0
1069,46.53,16.73,29.8,0.0,0.0,0.6091,0.0,0.0
1070,46.72,14.4,34.06,1.74,0.0,0.6091,0.0,0.0
1071,46.53,19.82,27.69,0.99,0.0,0.7947,0.0,0.0
1072,45.96,18.29,19.76,0.0,6.78,0.9,1.12,0.0
1073,45.03,9.41,7.58,0.0,0.0,0.1,28.04,0.0
1074,43.79,29.56,0.0,0.0,0.0,0.1,14.23,0.0
1075,42.27,19.78,0.0,0.0,0.0,0.1,22.49,0.0
1076,40.54,13.26,0.0,0.0,0.0,0.1,27.29,0.0
1077,38.67,23.86,0.0,0.0,0.0,0.1,14.81,0.0
1078,36.72,40.44,0.0,3.72,0.0,0.1,0.0,0.0
1079,36.72,36.07,0.0,0.0,0.65,0.496,0.0,0.0
1080,36.75,26.72,0.0,0.0,2.71,0.4193,7.32,0.0
1081,36.75,26.45,0.0,0.0,0.0,0.1,10.3,0.0
1082,36.75,25.88,0.0,0.0,0.0,0.1,10.87,0.0
1083,36.75,43.66,0.0,6.91,0.0,0.1,0.0,0.0
1084,36.75,28.56,0.0,0.0,4.77,0.835,3.42,0.0
1085,36.75,27.02,0.0,0.0,0.0,0.2721,9.73,0.0
1086,36.75,29.73,0.0,0.0,0.0,0.2721,7.02,0.0
1087,38.7,21.39,7.55,0.0,0.0,0.2721,9.76,0.0
1088,40.58,15.53,18.44,0.0,0.0,0.2721,6.6,0.0
1089,42.3,14.38,26.46,0.0,1.46,0.2721,0.0,0.0
1090,43.82,14.11,29.71,0.0,0.0,0.1,0.0,0.0
1091,45.06,13.59,31.47,0.0,0.0,0.1,0.0,0.0
1092,45.99,19.39,34.11,7.52,0.0,0.1,0.0,0.0
1093,46.56,9.63,36.92,0.0,0.0,0.9,0.0,0.0
1094,46.75,20.49,26.25,0.0,0.0,0.9,0.0,0.0
1095,46.56,15.3,27.99,0.0,3.27,0.9,0.0,0.0
1096,45.99,18.21,17.92,0.0,0.0,0.5142,9.86,0.0
1097,45.06,3.63,10.14,0.0,0.0,0.5142,31.29,0.0
1098,43.82,28.83,0.0,0.0,0.0,0.5142,14.99,0.0
1099,42.3,26.36,0.0,0.0,3.51,0.5142,12.43,0.0
1100,40.58,33.45,0.0,0.0,0.0,0.1,7.13,0.0
1101,38.7,4.17,0.0,0.0,0.0,0.1,34.53,0.0
1102,36.75,44.27,0.0,7.52,0.0,0.1,0.0,0.0
1103,36.75,28.11,0.0,0.0,6.78,0.9,1.85,0.0
1104,36.78,38.19,0.0,1.42,0.0,0.1,0.0,0.0
1105,36.78,20.87,0.0,0.0,0.0,0.2506,15.91,0.0
1106,36.78,33.2,0.0,0.0,0.0,0.2506,3.58,0.0
1107,36.78,18.71,0.0,0.0,0.0,0.2506,18.07,0.0
1108,36.78,20.47,0.0,0.0,1.28,0.2506,15.03,0.0
1109,36.78,38.71,0.0,1.93,0.0,0.1,0.0,0.0
1110,36.78,19.94,0.0,0.0,0.0,0.3053,16.84,0.0
1111,38.73,21.13,7.56,0.0,1.74,0.3053,8.3,0.0
1112,40.61,24.39,16.21,0.0,0.0,0.1,0.0,0.0
1113,42.33,19.78,27.85,5.29,0.0,0.1,0.0,0.0
1114,43.85,15.78,23.3,0.0,4.78,0.6633,0.0,0.0
1115,45.09,16.69,28.41,0.0,0.0,0.1,0.0,0.0
1116,46.02,32.6,20.94,7.52,0.0,0.1,0.0,0.0
1117,46.59,13.33,33.26,0.0,0.0,0.9,0.0,0.0
1118,46.78,8.4,34.14,0.0,4.25,0.9,0.0,0.0
1119,46.59,24.18,27.11,4.71,0.0,0.3991,0.0,0.0
1120,46.02,26.26,17.89,0.0,1.87,0.9,0.0,0.0
1121,45.09,28.83,9.26,0.0,0.0,0.6799,7.01,0.0
1122,43.85,26.53,0.0,0.0,4.92,0.6799,12.4,0.0
1123,42.33,14.44,0.0,0.0,0.0,0.1,27.9,0.0
1124,40.61,38.4,0.0,0.0,0.0,0.1,2.21,0.0
1125,38.73,17.97,0.0,0.0,0.0,0.1,20.76,0.0
1126,36.78,30.74,0.0,0.0,0.0,0.1,6.04,0.0
1127,36.78,23.14,0.0,0.0,0.0,0.1,13.64,0.0
1128,36.81,28.79,0.0,0.0,0.0,0.1,8.02,0.0
1129,36.81,31.64,0.0,0.0,0.0,0.1,5.17,0.0
1130,36.81,30.79,0.0,0.0,0.0,0.1,6.02,0.0
1131,36.81,30.32,0.0,0.0,0.0,0.1,6.49,0.0
1132,36.81,38.14,0.0,1.33,0.0,0.1,0.0,0.0
1133,36.81,27.01,0.0,0.0,0.0,0.2417,9.79,0.0
1134,36.81,19.42,0.0,0.0,0.0,0.2417,17.39,0.0
1135,38.76,26.96,9.21,0.0,1.2,0.2417,1.39,0.0
1136,40.64,26.83,17.37,3.56,0.0,0.1,0.0,0.0
1137,42.36,6.0,26.63,0.0,3.22,0.4793,6.52,0.0
1138,43.88,19.23,24.65,0.0,0.0,0.1,0.0,0.0
1139,45.12,19.26,33.39,7.52,0.0,0.1,0.0,0.0
1140,46.05,11.06,28.21,0.0,6.78,0.9,0.0,0.0
1141,46.62,24.61,29.52,7.52,0.0,0.1,0.0,0.0
1142,46.81,13.29,31.86,0.0,1.65,0.9,0.0,0.0
1143,46.62,16.74,27.72,0.0,0.0,0.705,2.15,0.0
1144,46.05,16.01,18.05,0.0,0.0,0.705,11.98,0.0
1145,45.12,19.43,7.72,0.0,0.0,0.705,17.98,0.0
1146,43.88,12.65,0.0,0.0,0.0,0.705,31.23,0.0
1147,42.36,11.98,0.0,0.0,5.13,0.705,25.25,0.0
1148,40.64,37.99,0.0,0.0,0.0,0.1,2.65,0.0
1149,38.76,20.25,0.0,0.0,0.0,0.1,18.51,0.0
1150,36.81,20.36,0.0,0.0,0.0,0.1,16.45,0.0
1151,36.81,11.93,0.0,0.0,0.0,0.1,24.88,0.0
1152,36.84,24.13,0.0,0.0,0.0,0.1,12.71,0.0
1153,36.84,18.42,0.0,0.0,0.0,0.1,18.42,0.0
1154,36.84,41.17,0.0,4.33,0.0,0.1,0.0,0.0
1155,36.84,34.89,0.0,0.0,0.0,0.5611,1.95,0.0
1156,36.84,19.77,0.0,0.0,3.91,0.5611,13.16,0.0
1157,36.84,41.2,0.0,4.36,0.0,0.1,0.0,0.0
1158,36.84,29.05,0.0,0.0,0.0,0.5638,7.78,0.0
1159,38.79,16.63,7.9,0.0,3.93,0.5638,10.33,0.0
1160,40.67,0.0,17.91,0.0,0.0,0.1,22.75,0.0
1161,42.39,23.9,26.01,7.52,0.0,0.1,0.0,0.0
1162,43.91,3.35,33.52,0.0,6.78,0.9,0.25,0.0
1163,45.15,0.53,36.84,0.0,0.0,0.1,7.79,0.0
1164,46.08,21.44,32.16,7.52,0.0,0.1,0.0,0.0
1165,46.65,32.96,13.69,0.0,0.0,0.9,0.0,0.0
1166,46.84,25.37,21.46,0.0,0.0,0.9,0.0,0.0
1167,46.65,20.12,26.52,0.0,0.0,0.9,0.0,0.0
1168,46.08,22.01,19.09,0.0,4.98,0.9,0.0,0.0
1169,45.15,25.98,8.99,0.0,0.0,0.313,10.18,0.0
1170,43.91,27.28,0.0,0.0,0.0,0.313,16.63,0.0
1171,42.39,25.55,0.0,0.0,0.0,0.313,16.85,0.0
1172,40.67,26.06,0.0,0.0,0.0,0.313,14.61,0.0
1173,38.79,26.38,0.0,0.0,0.0,0.313,12.41,0.0
1174,36.84,22.15,0.0,0.0,0.0,0.313,14.69,0.0
1175,36.84,26.7,0.0,0.0,0.0,0.313,10.14,0.0
1176,36.87,15.66,0.0,0.0,0.0,0.313,21.21,0.0
1177,36.87,28.05,0.0,0.0,0.0,0.313,8.82,0.0
1178,36.87,20.18,0.0,0.0,0.0,0.313,16.68,0.0
1179,36.87,18.01,0.0,0.0,0.0,0.313,18.86,0.0
1180,36.87,26.56,0.0,0.0,0.0,0.313,10.31,0.0
1181,36.87,34.26,0.0,0.0,0.0,0.313,2.6,0.0
1182,36.87,28.45,0.0,0.0,0.0,0.313,8.42,0.0
1183,38.82,6.63,10.46,0.0,1.81,0.313,19.92,0.0
1184,40.69,9.33,19.4,0.0,0.0,0.1,11.97,0.0
1185,42.42,21.82,28.13,7.52,0.0,0.1,0.0,0.0
1186,43.94,6.48,34.98,0.0,2.48,0.9,0.0,0.0
1187,45.18,7.14,38.04,0.0,0.0,0.6075,0.0,0.0
1188,46.11,10.8,38.06,2.75,0.0,0.6075,0.0,0.0
1189,46.68,5.8,38.19,0.0,2.68,0.9,0.0,0.0
1190,46.87,15.12,32.97,1.22,0.0,0.5835,0.0,0.0
1191,46.68,4.95,26.49,0.0,5.2,0.7137,10.03,0.0
1192,46.11,12.41,20.15,0.0,0.0,0.1,13.54,0.0
1193,45.18,21.64,7.68,0.0,0.0,0.1,15.86,0.0
1194,43.94,8.51,0.0,0.0,0.0,0.1,35.43,0.0
1195,42.42,26.71,0.0,0.0,0.0,0.1,15.71,0.0
1196,40.69,24.97,0.0,0.0,0.0,0.1,15.72,0.0
1197,38.82,31.16,0.0,0.0,0.0,0.1,7.66,0.0
1198,36.87,29.81,0.0,0.0,0.0,0.1,7.06,0.0
1199,36.87,39.66,0.0,2.79,0.0,0.1,0.0,0.0
1200,36.9,29.99,0.0,0.0,0.0,0.3969,6.91,0.0
1201,36.9,25.31,0.0,0.0,0.0,0.3969,11.58,0.0
1202,36.9,28.9,0.0,0.0,0.0,0.3969,7.99,0.0
1203,36.9,30.98,0.0,0.0,0.0,0.3969,5.91,0.0
1204,36.9,25.41,0.0,0.0,0.0,0.3969,11.48,0.0
1205,36.9,23.43,0.0,0.0,0.0,0.3969,13.46,0.0
1206,36.9,15.48,0.0,0.0,0.0,0.3969,21.41,0.0
1207,38.85,13.74,9.68,0.0,0.0,0.3969,15.43,0.0
1208,40.72,5.95,17.86,0.0,2.52,0.3969,14.39,0.0
1209,42.45,24.08,25.89,7.52,0.0,0.1,0.0,0.0
1210,43.97,4.3,35.16,0.0,4.51,0.9,0.0,0.0
1211,45.21,7.88,35.05,0.0,2.28,0.3685,0.0,0.0
1212,46.13,6.55,39.58,0.0,0.0,0.1,0.0,0.0
1213,46.7,20.49,33.73,7.52,0.0,0.1,0.0,0.0
1214,46.9,11.84,32.5,0.0,2.56,0.9,0.0,0.0
1215,46.7,25.35,24.19,2.83,0.0,0.5986,0.0,0.0
1216,46.13,11.74,19.61,0.0,3.28,0.9,11.51,0.0
1217,45.21,21.21,10.23,0.0,0.0,0.5135,13.76,0.0
1218,43.97,14.42,0.0,0.0,0.0,0.5135,29.54,0.0
1219,42.45,40.14,0.0,0.0,0.0,0.5135,2.31,0.0
1220,40.72,15.6,0.0,0.0,0.0,0.5135,25.13,0.0
1221,38.85,29.13,0.0,0.0,0.0,0.5135,9.72,0.0
1222,36.9,32.96,0.0,0.0,0.0,0.5135,3.93,0.0
1223,36.9,32.01,0.0,0.0,0.0,0.5135,4.89,0.0
1224,36.92,27.42,0.0,0.0,0.0,0.5135,9.5,0.0
1225,36.92,27.59,0.0,0.0,0.0,0.5135,9.33,0.0
1226,36.92,28.17,0.0,0.0,0.0,0.5135,8.75,0.0
1227,36.92,25.4,0.0,0.0,0.0,0.5135,11.53,0.0
1228,36.92,32.57,0.0,0.0,0.0,0.5135,4.35,0.0
1229,36.92,40.56,0.0,3.63,0.0,0.5135,0.0,0.0
1230,36.92,16.52,0.0,0.0,6.78,0.9,13.61,0.0
1231,38.87,8.02,9.59,0.0,0.0,0.1,21.26,0.0
1232,40.75,16.28,18.34,0.0,0.0,0.1,6.13,0.0
1233,42.48,23.97,26.03,7.52,0.0,0.1,0.0,0.0
1234,43.99,7.69,29.52,0.0,6.78,0.9,0.0,0.0
1235,45.24,26.3,26.46,7.52,0.0,0.1,0.0,0.0
1236,46.16,26.33,19.83,0.0,0.0,0.9,0.0,0.0
1237,46.73,8.89,32.09,0.0,5.75,0.9,0.0,0.0
1238,46.92,18.59,34.71,6.37,0.0,0.2217,0.0,0.0
1239,46.73,28.26,18.47,0.0,0.0,0.9,0.0,0.0
1240,46.16,13.97,17.95,0.0,0.0,0.9,14.24,0.0
1241,45.24,17.28,8.39,0.0,0.0,0.9,19.57,0.0
1242,43.99,16.33,0.0,0.0,0.0,0.9,27.66,0.0
1243,42.48,14.95,0.0,0.0,0.0,0.9,27.53,0.0
1244,40.75,19.77,0.0,0.0,0.0,0.9,20.99,0.0
1245,38.87,16.85,0.0,0.0,0.0,0.9,22.03,0.0
1246,36.92,28.1,0.0,0.0,0.0,0.9,8.83,0.0
1247,36.92,22.51,0.0,0.0,0.0,0.9,14.42,0.0
1248,36.95,30.64,0.0,0.0,0.0,0.9,6.31,0.0
1249,36.95,16.16,0.0,0.0,0.0,0.9,20.79,0.0
1250,36.95,30.35,0.0,0.0,0.0,0.9,6.6,0.0
1251,36.95,33.08,0.0,0.0,0.0,0.9,3.87,0.0
1252,36.95,8.98,0.0,0.0,0.0,0.9,27.97,0.0
1253,36.95,25.87,0.0,0.0,0.0,0.9,11.08,0.0
1254,36.95,30.59,0.0,0.0,0.0,0.9,6.36,0.0
1255,38.9,9.19,8.88,0.0,6.78,0.9,14.06,0.0
1256,40.78,20.65,20.12,0.0,0.0,0.1,0.0,0.0
1257,42.51,18.56,28.28,4.33,0.0,0.1,0.0,0.0
1258,44.02,7.37,32.74,0.0,3.91,0.5608,0.0,0.0
1259,45.27,12.73,38.94,6.41,0.0,0.1,0.0,0.0
1260,46.19,17.34,29.96,1.11,0.0,0.7817,0.0,0.0
1261,46.76,13.78,27.94,0.0,5.04,0.9,0.0,0.0
1262,46.95,18.25,34.29,5.58,0.0,0.3062,0.0,0.0
1263,46.76,7.92,27.25,0.0,6.22,0.9,5.37,0.0
1264,46.19,18.22,20.1,0.0,0.0,0.1667,7.87,0.0
1265,45.27,7.57,9.2,0.0,0.0,0.1667,28.5,0.0
1266,44.02,19.96,0.0,0.0,0.0,0.1667,24.06,0.0
1267,42.51,15.72,0.0,0.0,0.0,0.1667,26.78,0.0
1268,40.78,18.97,0.0,0.0,0.0,0.1667,21.8,0.0
1269,38.9,36.27,0.0,0.0,0.0,0.1667,2.63,0.0
1270,36.95,36.38,0.0,0.0,0.57,0.1667,0.0,0.0
1271,36.95,33.35,0.0,0.0,0.0,0.1,3.6,0.0
1272,36.98,20.0,0.0,0.0,0.0,0.1,16.97,0.0
1273,36.98,25.89,0.0,0.0,0.0,0.1,11.08,0.0
1274,36.98,37.24,0.0,0.27,0.0,0.1,0.0,0.0
1275,36.98,27.48,0.0,0.0,0.24,0.1284,9.26,0.0
1276,36.98,43.12,0.0,6.14,0.0,0.1,0.0,0.0
1277,36.98,25.91,0.0,0.0,4.72,0.7538,6.34,0.0
1278,36.98,22.26,0.0,0.0,0.0,0.1974,14.72,0.0
1279,38.93,16.23,7.76,0.0,0.0,0.1974,14.94,0.0
1280,40.8,17.83,19.74,0.0,0.0,0.1974,3.24,0.0
1281,42.53,13.91,27.79,0.0,0.83,0.1974,0.0,0.0
1282,44.05,19.48,32.08,7.52,0.0,0.1,0.0,0.0
1283,45.29,20.66,24.63,0.0,0.0,0.9,0.0,0.0
1284,46.22,6.46,39.76,0.0,0.0,0.9,0.0,0.0
1285,46.79,2.5,38.94,0.0,5.34,0.9,0.0,0.0
1286,46.98,0.0,33.21,0.0,0.0,0.2701,13.77,0.0
1287,46.79,19.16,28.09,0.46,0.0,0.2701,0.0,0.0
1288,46.22,8.01,20.34,0.0,0.0,0.3193,17.87,0.0
1289,45.29,1.59,10.62,0.0,0.0,0.3193,33.08,0.0
1290,44.05,23.82,0.0,0.0,0.0,0.3193,20.23,0.0
1291,42.53,42.59,0.0,0.05,0.0,0.3193,0.0,0.0
1292,40.8,24.66,0.0,0.0,0.0,0.3248,16.15,0.0
1293,38.93,33.01,0.0,0.0,0.0,0.3248,5.92,0.0
1294,36.98,28.26,0.0,0.0,0.0,0.3248,8.71,0.0
1295,36.98,27.62,0.0,0.0,0.0,0.3248,9.36,0.0
1296,37.0,35.86,0.0,0.0,1.14,0.3248,0.0,0.0
1297,37.0,25.99,0.0,0.0,0.0,0.1906,11.01,0.0
1298,37.0,29.63,0.0,0.0,0.0,0.1906,7.38,0.0
1299,37.0,28.8,0.0,0.0,0.0,0.1906,8.21,0.0
1300,37.0,19.29,0.0,0.0,0.0,0.1906,17.71,0.0
1301,37.0,30.56,0.0,0.0,0.0,0.1906,6.44,0.0
1302,37.0,19.24,0.0,0.0,0.0,0.1906,17.76,0.0
1303,38.95,12.57,10.17,0.0,0.0,0.1906,16.21,0.0
1304,40.83,20.92,20.02,0.11,0.0,0.1906,0.0,0.0
1305,42.56,7.88,27.2,0.0,0.87,0.2022,6.62,0.0
1306,44.07,13.98,30.1,0.0,0.0,0.1,0.0,0.0
1307,45.32,12.89,37.16,4.73,0.0,0.1,0.0,0.0
1308,46.24,21.31,27.72,2.79,0.0,0.603,0.0,0.0
1309,46.81,16.73,30.08,0.0,0.0,0.9,0.0,0.0
1310,47.0,13.55,33.45,0.0,0.0,0.9,0.0,0.0
1311,46.81,21.51,25.3,0.0,0.0,0.9,0.0,0.0
1312,46.24,27.7,18.55,0.0,0.0,0.9,0.0,0.0
1313,45.32,23.0,9.69,0.0,6.78,0.9,5.84,0.0
1314,44.07,20.71,0.0,0.0,0.0,0.1,23.36,0.0
1315,42.56,12.27,0.0,0.0,0.0,0.1,30.29,0.0
1316,40.83,16.14,0.0,0.0,0.0,0.1,24.69,0.0
1317,38.95,23.82,0.0,0.0,0.0,0.1,15.14,0.0
1318,37.0,22.66,0.0,0.0,0.0,0.1,14.34,0.0
1319,37.0,26.81,0.0,0.0,0.0,0.1,10.19,0.0
1320,37.03,28.91,0.0,0.0,0.0,0.1,8.12,0.0
1321,37.03,32.39,0.0,0.0,0.0,0.1,4.64,0.0
1322,37.03,26.83,0.0,0.0,0.0,0.1,10.19,0.0
1323,37.03,29.99,0.0,0.0,0.0,0.1,7.03,0.0
1324,37.03,25.0,0.0,0.0,0.0,0.1,12.03,0.0
1325,37.03,6.89,0.0,0.0,0.0,0.1,30.14,0.0
1326,37.03,13.06,0.0,0.0,0.0,0.1,23.97,0.0
1327,38.98,17.32,9.68,0.0,0.0,0.1,11.98,0.0
1328,40.86,6.94,18.02,0.0,0.0,0.1,15.89,0.0
1329,42.58,13.95,28.63,0.0,0.0,0.1,0.0,0.0
1330,44.1,25.8,25.82,7.52,0.0,0.1,0.0,0.0
1331,45.34,22.53,22.82,0.0,0.0,0.9,0.0,0.0
1332,46.27,7.22,39.05,0.0,0.0,0.9,0.0,0.0
1333,46.84,24.68,22.15,0.0,0.0,0.9,0.0,0.0
1334,47.03,14.82,32.21,0.0,0.0,0.9,0.0,0.0
1335,46.84,12.23,28.83,0.0,5.75,0.9,0.03,0.0
1336,46.27,11.68,19.96,0.0,0.0,0.2222,14.63,0.0
1337,45.34,16.06,10.68,0.0,0.0,0.2222,18.6,0.0
1338,44.1,17.44,0.0,0.0,0.0,0.2222,26.66,0.0
1339,42.58,23.93,0.0,0.0,0.0,0.2222,18.66,0.0
1340,40.86,25.76,0.0,0.0,0.0,0.2222,15.09,0.0
1341,38.98,26.16,0.0,0.0,0.0,0.2222,12.82,0.0
1342,37.03,30.86,0.0,0.0,0.0,0.2222,6.17,0.0
1343,37.03,37.64,0.0,0.61,0.0,0.2222,0.0,0.0
1344,37.05,35.88,0.0,0.0,0.0,0.2873,1.17,0.0
1345,37.05,16.29,0.0,0.0,0.0,0.2873,20.77,0.0
1346,37.05,7.01,0.0,0.0,0.0,0.2873,30.05,0.0
1347,37.05,33.44,0.0,0.0,0.0,0.2873,3.62,0.0
1348,37.05,13.52,0.0,0.0,0.0,0.2873,23.53,0.0
1349,37.05,20.68,0.0,0.0,0.0,0.2873,16.38,0.0
1350,37.05,11.12,0.0,0.0,0.0,0.2873,25.94,0.0
1351,39.0,4.04,8.69,0.0,0.0,0.2873,26.27,0.0
1352,40.88,20.74,18.56,0.0,1.59,0.2873,0.0,0.0
1353,42.61,20.82,27.25,5.46,0.0,0.1,0.0,0.0
1354,44.12,8.95,33.33,0.0,1.84,0.6814,0.0,0.0
1355,45.37,0.0,37.91,0.0,3.09,0.4646,4.37,0.0
1356,46.29,5.38,40.91,0.0,0.0,0.1,0.0,0.0
1357,46.86,14.78,39.6,7.52,0.0,0.1,0.0,0.0
1358,47.05,1.79,35.4,0.0,6.78,0.9,3.08,0.0
1359,46.86,16.25,28.86,0.0,0.0,0.1,1.75,0.0
1360,46.29,16.32,20.24,0.0,0.0,0.1,9.74,0.0
1361,45.37,22.95,8.08,0.0,0.0,0.1,14.33,0.0
1362,44.12,21.36,0.0,0.0,0.0,0.1,22.77,0.0
1363,42.61,14.74,0.0,0.0,0.0,0.1,27.87,0.0
1364,40.88,33.88,0.0,0.0,0.0,0.1,7.0,0.0
1365,39.0,24.76,0.0,0.0,0.0,0.1,14.24,0.0
1366,37.05,27.07,0.0,0.0,0.0,0.1,9.99,0.0
1367,37.05,20.67,0.0,0.0,0.0,0.1,16.39,0.0
1368,37.08,24.71,0.0,0.0,0.0,0.1,12.36,0.0
1369,37.08,20.94,0.0,0.0,0.0,0.1,16.14,0.0
1370,37.08,25.8,0.0,0.0,0.0,0.1,11.28,0.0
1371,37.08,39.5,0.0,2.42,0.0,0.1,0.0,0.0
1372,37.08,13.37,0.0,0.0,0.0,0.3575,23.71,0.0
1373,37.08,9.54,0.0,0.0,0.0,0.3575,27.54,0.0
1374,37.08,31.97,0.0,0.0,0.0,0.3575,5.1,0.0
1375,39.03,16.58,10.58,0.0,2.18,0.3575,9.69,0.0
1376,40.9,11.01,19.23,0.0,0.0,0.1,10.67,0.0
1377,42.63,22.94,27.22,7.52,0.0,0.1,0.0,0.0
1378,44.15,8.61,28.75,0.0,6.78,0.9,0.0,0.0
1379,45.39,27.12,18.27,0.0,0.0,0.1,0.0,0.0
1380,46.32,17.74,28.58,0.0,0.0,0.1,0.0,0.0
1381,46.89,8.75,38.14,0.0,0.0,0.1,0.0,0.0
1382,47.08,30.55,24.05,7.52,0.0,0.1,0.0,0.0
1383,46.89,9.87,28.03,0.0,6.32,0.9,2.66,0.0
1384,46.32,22.22,20.62,0.0,0.0,0.1548,3.48,0.0
1385,45.39,20.61,8.88,0.0,0.0,0.1548,15.9,0.0
1386,44.15,30.63,0.0,0.0,0.0,0.1548,13.52,0.0
1387,42.63,34.75,0.0,0.0,0.0,0.1548,7.89,0.0
1388,40.9,24.52,0.0,0.0,0.0,0.1548,16.39,0.0
1389,39.03,19.93,0.0,0.0,0.0,0.1548,19.1,0.0
1390,37.08,30.82,0.0,0.0,0.0,0.1548,6.26,0.0
1391,37.08,22.58,0.0,0.0,0.0,0.1548,14.5,0.0
1392,37.1,44.1,0.0,7.0,0.0,0.1548,0.0,0.0
1393,37.1,28.93,0.0,0.0,6.78,0.9,1.38,0.0
1394,37.1,24.15,0.0,0.0,0.0,0.1,12.95,0.0
1395,37.1,27.26,0.0,0.0,0.0,0.1,9.84,0.0
1396,37.1,13.45,0.0,0.0,0.0,0.1,23.65,0.0
1397,37.1,14.52,0.0,0.0,0.0,0.1,22.58,0.0
1398,37.1,29.71,0.0,0.0,0.0,0.1,7.39,0.0
1399,39.05,12.91,8.47,0.0,0.0,0.1,17.67,0.0
1400,40.93,7.9,18.38,0.0,0.0,0.1,14.65,0.0
1401,42.66,18.83,23.83,0.0,0.0,0.1,0.0,0.0
1402,44.17,22.72,28.97,7.52,0.0,0.1,0.0,0.0
1403,45.42,18.22,20.41,0.0,6.78,0.9,0.0,0.0
1404,46.34,20.15,33.71,7.52,0.0,0.1,0.0,0.0
1405,46.91,6.5,38.07,0.0,2.34,0.9,0.0,0.0
1406,47.1,2.01,35.1,0.0,4.45,0.6246,5.54,0.0
1407,46.91,26.49,27.33,6.91,0.0,0.1,0.0,0.0
1408,46.34,13.65,20.24,0.0,6.23,0.8351,6.22,0.0
1409,45.42,16.13,8.7,0.0,0.0,0.1,20.58,0.0
1410,44.17,30.72,0.0,0.0,0.0,0.1,13.45,0.0
1411,42.66,26.65,0.0,0.0,0.0,0.1,16.01,0.0
1412,40.93,27.77,0.0,0.0,0.0,0.1,13.16,0.0
1413,39.05,42.98,0.0,3.93,0.0,0.1,0.0,0.0
1414,37.1,21.95,0.0,0.0,0.0,0.5182,15.16,0.0
1415,37.1,35.21,0.0,0.0,0.0,0.5182,1.89,0.0
1416,37.12,28.46,0.0,0.0,0.0,0.5182,8.67,0.0
1417,37.12,29.87,0.0,0.0,0.0,0.5182,7.26,0.0
1418,37.12,39.07,0.0,1.95,0.0,0.5182,0.0,0.0
1419,37.12,29.71,0.0,0.0,0.0,0.7257,7.41,0.0
1420,37.12,28.31,0.0,0.0,0.0,0.7257,8.82,0.0
1421,37.12,30.63,0.0,0.0,0.0,0.7257,6.49,0.0
1422,37.12,17.17,0.0,0.0,0.0,0.7257,19.96,0.0
1423,39.08,11.35,8.53,0.0,0.0,0.7257,19.2,0.0
1424,40.95,7.8,18.98,0.0,0.0,0.7257,14.17,0.0
1425,42.68,0.0,29.76,0.0,5.31,0.7257,7.61,0.0
1426,44.2,29.51,22.2,7.52,0.0,0.1,0.0,0.0
1427,45.44,3.64,38.3,0.0,3.5,0.9,0.0,0.0
1428,46.36,10.37,39.88,3.88,0.0,0.4867,0.0,0.0
1429,46.93,10.2,36.74,0.0,0.0,0.9,0.0,0.0
1430,47.12,15.63,31.5,0.0,0.0,0.9,0.0,0.0
1431,46.93,19.46,27.47,0.0,0.0,0.9,0.0,0.0
1432,46.36,22.93,21.11,0.0,0.0,0.9,2.33,0.0
1433,45.44,13.38,9.94,0.0,0.0,0.9,22.12,0.0
1434,44.2,18.74,0.0,0.0,0.0,0.9,25.46,0.0
1435,42.68,24.36,0.0,0.0,0.0,0.9,18.32,0.0
1436,40.95,22.06,0.0,0.0,0.0,0.9,18.89,0.0
1437,39.08,38.44,0.0,0.0,0.0,0.9,0.64,0.0
1438,37.12,30.84,0.0,0.0,0.0,0.9,6.29,0.0
1439,37.12,33.57,0.0,0.0,0.0,0.9,3.56,0.0
1440,37.15,33.15,0.0,0.0,0.0,0.9,4.0,0.0
1441,37.15,36.93,0.0,0.0,0.0,0.9,0.21,0.0
1442,37.15,28.26,0.0,0.0,0.0,0.9,8.89,0.0
1443,37.15,15.26,0.0,0.0,0.0,0.9,21.88,0.0
1444,37.15,27.09,0.0,0.0,0.0,0.9,10.06,0.0
1445,37.15,16.83,0.0,0.0,0.0,0.9,20.32,0.0
1446,37.15,15.75,0.0,0.0,0.0,0.9,21.4,0.0
1447,39.1,22.55,9.17,0.0,6.78,0.9,0.59,0.0
1448,40.97,22.6,19.24,0.87,0.0,0.1,0.0,0.0
1449,42.7,14.5,27.42,0.0,0.78,0.1922,0.0,0.0
1450,44.22,15.52,36.21,7.52,0.0,0.1,0.0,0.0
1451,45.46,25.79,12.88,0.0,6.78,0.9,0.0,0.0
1452,46.39,13.92,32.47,0.0,0.0,0.1,0.0,0.0
1453,46.95,32.93,21.54,7.52,0.0,0.1,0.0,0.0
1454,47.15,17.56,29.59,0.0,0.0,0.9,0.0,0.0
1455,46.95,0.35,27.4,0.0,6.78,0.9,12.41,0.0
1456,46.39,21.96,19.08,0.0,0.0,0.1,5.34,0.0
1457,45.46,20.92,8.28,0.0,0.0,0.1,16.26,0.0
1458,44.22,30.19,0.0,0.0,0.0,0.1,14.03,0.0
1459,42.7,27.35,0.0,0.0,0.0,0.1,15.36,0.0
1460,40.97,22.82,0.0,0.0,0.0,0.1,18.16,0.0
1461,39.1,15.84,0.0,0.0,0.0,0.1,23.26,0.0
1462,37.15,25.16,0.0,0.0,0.0,0.1,11.98,0.0
1463,37.15,20.86,0.0,0.0,0.0,0.1,16.28,0.0
1464,37.17,23.16,0.0,0.0,0.0,0.1,14.01,0.0
1465,37.17,32.17,0.0,0.0,0.0,0.1,5.0,0.0
1466,37.17,39.96,0.0,2.79,0.0,0.1,0.0,0.0
1467,37.17,28.58,0.0,0.0,0.0,0.3974,8.59,0.0
1468,37.17,14.3,0.0,0.0,0.0,0.3974,22.86,0.0
1469,37.17,25.41,0.0,0.0,0.0,0.3974,11.75,0.0
1470,37.17,29.33,0.0,0.0,0.71,0.3974,7.13,0.0
1471,39.12,12.93,8.56,0.0,0.0,0.3141,17.63,0.0
1472,41.0,14.8,20.24,0.0,0.0,0.3141,5.96,0.0
1473,42.72,14.33,28.63,0.23,0.0,0.3141,0.0,0.0
1474,44.24,6.72,35.49,0.0,2.03,0.339,0.0,0.0
1475,45.48,17.31,28.18,0.0,0.0,0.1,0.0,0.0
1476,46.41,10.93,41.56,6.08,0.0,0.1,0.0,0.0
1477,46.98,15.49,32.92,1.44,0.0,0.747,0.0,0.0
1478,47.17,5.91,35.28,0.0,5.99,0.9,0.0,0.0
1479,46.98,10.74,28.79,0.0,0.0,0.1942,7.45,0.0
1480,46.41,21.59,19.72,0.0,0.0,0.1942,5.09,0.0
1481,45.48,14.81,10.27,0.0,0.0,0.1942,20.4,0.0
1482,44.24,33.54,0.0,0.0,0.0,0.1942,10.7,0.0
1483,42.72,18.71,0.0,0.0,0.0,0.1942,24.01,0.0
1484,41.0,25.58,0.0,0.0,0.0,0.1942,15.41,0.0
1485,39.12,32.85,0.0,0.0,0.0,0.1942,6.27,0.0
1486,37.17,15.44,0.0,0.0,0.0,0.1942,21.72,0.0
1487,37.17,13.52,0.0,0.0,0.0,0.1942,23.65,0.0
1488,37.19,15.54,0.0,0.0,0.0,0.1942,21.65,0.0
1489,37.19,37.4,0.0,0.21,0.0,0.1942,0.0,0.0
1490,37.19,22.2,0.0,0.0,0.99,0.2169,13.99,0.0
1491,37.19,44.71,0.0,7.52,0.0,0.1,0.0,0.0
1492,37.19,19.2,0.0,0.0,6.78,0.9,11.2,0.0
1493,37.19,23.23,0.0,0.0,0.0,0.1,13.96,0.0
1494,37.19,31.95,0.0,0.0,0.0,0.1,5.24,0.0
1495,39.14,33.58,5.56,0.0,0.0,0.1,0.0,0.0
1496,41.02,20.17,20.85,0.0,0.0,0.1,0.0,0.0
1497,42.75,23.69,19.06,0.0,0.0,0.1,0.0,0.0
1498,44.26,20.96,23.3,0.0,0.0,0.1,0.0,0.0
1499,45.5,16.75,36.28,7.52,0.0,0.1,0.0,0.0
1500,46.43,17.95,28.48,0.0,0.0,0.9,0.0,0.0
1501,47.0,7.66,39.33,0.0,0.0,0.9,0.0,0.0
1502,47.19,6.34,34.44,0.0,6.41,0.9,0.0,0.0
1503,47.0,14.07,28.34,0.0,0.0,0.1437,4.59,0.0
1504,46.43,14.39,19.93,0.0,0.0,0.1437,12.11,0.0
1505,45.5,14.06,9.83,0.0,0.0,0.1437,21.62,0.0
1506,44.26,25.24,0.0,0.0,0.0,0.1437,19.02,0.0
1507,42.75,29.35,0.0,0.0,0.0,0.1437,13.4,0.0
1508,41.02,24.38,0.0,0.0,0.0,0.1437,16.64,0.0
1509,39.14,37.05,0.0,0.0,0.0,0.1437,2.09,0.0
1510,37.19,17.52,0.0,0.0,0.0,0.1437,19.67,0.0
1511,37.19,25.84,0.0,0.0,0.0,0.1437,11.35,0.0
1512,37.21,21.84,0.0,0.0,0.0,0.1437,15.37,0.0
1513,37.21,12.44,0.0,0.0,0.0,0.1437,24.77,0.0
1514,37.21,25.81,0.0,0.0,0.0,0.1437,11.4,0.0
1515,37.21,24.24,0.0,0.0,0.0,0.1437,12.97,0.0
1516,37.21,35.58,0.0,0.0,0.0,0.1437,1.63,0.0
1517,37.21,26.65,0.0,0.0,0.0,0.1437,10.56,0.0
1518,37.21,11.46,0.0,0.0,0.37,0.1437,25.38,0.0
1519,39.16,30.07,9.09,0.0,0.0,0.1,0.0,0.0
1520,41.04,25.31,15.72,0.0,0.0,0.1,0.0,0.0
1521,42.77,13.14,29.62,0.0,0.0,0.1,0.0,0.0
1522,44.28,9.81,34.47,0.0,0.0,0.1,0.0,0.0
1523,45.52,4.3,41.22,0.0,0.0,0.1,0.0,0.0
1524,46.45,8.69,41.21,3.45,0.0,0.1,0.0,0.0
1525,47.02,20.56,23.34,0.0,3.12,0.4676,0.0,0.0
1526,47.21,27.68,27.05,7.52,0.0,0.1,0.0,0.0
1527,47.02,26.23,20.79,0.0,0.0,0.9,0.0,0.0
1528,46.45,11.74,18.93,0.0,6.18,0.9,9.6,0.0
1529,45.52,8.65,10.55,0.0,0.0,0.1716,26.33,0.0
1530,44.28,20.71,0.0,0.0,0.0,0.1716,23.57,0.0
1531,42.77,7.6,0.0,0.0,0.0,0.1716,35.16,0.0
1532,41.04,26.13,0.0,0.0,0.0,0.1716,14.91,0.0
1533,39.16,24.03,0.0,0.0,0.0,0.1716,15.13,0.0
1534,37.21,22.77,0.0,0.0,0.0,0.1716,14.44,0.0
1535,37.21,14.6,0.0,0.0,0.0,0.1716,22.61,0.0
1536,37.23,31.49,0.0,0.0,0.0,0.1716,5.74,0.0
1537,37.23,22.91,0.0,0.0,0.0,0.1716,14.32,0.0
1538,37.23,17.06,0.0,0.0,0.0,0.1716,20.17,0.0
1539,37.23,2.28,0.0,0.0,0.0,0.1716,34.95,0.0
1540,37.23,23.22,0.0,0.0,0.0,0.1716,14.01,0.0
1541,37.23,35.59,0.0,0.0,0.0,0.1716,1.64,0.0
1542,37.23,32.66,0.0,0.0,0.0,0.1716,4.57,0.0
1543,39.18,13.78,8.67,0.0,0.0,0.1716,16.72,0.0
1544,41.06,10.72,20.75,0.0,0.0,0.1716,9.59,0.0
1545,42.79,17.58,29.53,4.32,0.0,0.1716,0.0,0.0
1546,44.3,4.67,35.13,0.0,4.51,0.6313,0.0,0.0
1547,45.54,14.2,31.35,0.0,0.0,0.1,0.0,0.0
1548,46.47,17.61,36.38,7.52,0.0,0.1,0.0,0.0
1549,47.04,21.54,25.5,0.0,0.0,0.9,0.0,0.0
1550,47.23,11.8,35.43,0.0,0.0,0.9,0.0,0.0
1551,47.04,12.24,30.31,0.0,3.07,0.9,1.42,0.0
1552,46.47,8.53,19.89,0.0,0.0,0.5385,18.05,0.0
1553,45.54,10.85,10.65,0.0,0.0,0.5385,24.05,0.0
1554,44.3,17.67,0.0,0.0,0.0,0.5385,26.63,0.0
1555,42.79,24.44,0.0,0.0,0.0,0.5385,18.35,0.0
1556,41.06,30.69,0.0,0.0,0.0,0.5385,10.37,0.0
1557,39.18,18.71,0.0,0.0,0.0,0.5385,20.48,0.0
1558,37.23,38.2,0.0,0.97,0.0,0.5385,0.0,0.0
1559,37.23,24.98,0.0,0.0,0.0,0.6412,12.25,0.0
1560,37.25,27.12,0.0,0.0,0.0,0.6412,10.13,0.0
1561,37.25,21.08,0.0,0.0,0.0,0.6412,16.17,0.0
1562,37.25,6.97,0.0,0.0,0.0,0.6412,30.27,0.0
1563,37.25,31.98,0.0,0.0,0.0,0.6412,5.27,0.0
1564,37.25,29.17,0.0,0.0,0.0,0.6412,8.08,0.0
1565,37.25,19.17,0.0,0.0,0.0,0.6412,18.08,0.0
1566,37.25,19.88,0.0,0.0,0.0,0.6412,17.37,0.0
1567,39.2,21.39,10.7,0.0,0.0,0.6412,7.11,0.0
1568,41.08,2.97,20.31,0.0,0.0,0.6412,17.8,0.0
1569,42.8,9.53,28.68,0.0,4.59,0.6412,0.0,0.0
1570,44.32,16.41,35.43,7.52,0.0,0.1,0.0,0.0
1571,45.56,1.72,37.06,0.0,6.78,0.9,0.0,0.0
1572,46.49,13.74,40.27,7.52,0.0,0.1,0.0,0.0
1573,47.06,0.91,39.39,0.0,6.76,0.9,0.0,0.0
1574,47.25,16.17,36.74,5.66,0.0,0.1029,0.0,0.0
1575,47.06,13.45,29.6,0.0,0.0,0.7052,4.0,0.0
1576,46.49,2.55,20.07,0.0,0.0,0.7052,23.86,0.0
1577,45.56,26.54,8.74,0.0,5.13,0.7052,5.15,0.0
1578,44.32,13.51,0.0,0.0,0.0,0.1,30.81,0.0
1579,42.8,14.97,0.0,0.0,0.0,0.1,27.84,0.0
1580,41.08,24.91,0.0,0.0,0.0,0.1,16.17,0.0
1581,39.2,34.08,0.0,0.0,0.0,0.1,5.12,0.0
1582,37.25,18.16,0.0,0.0,0.0,0.1,19.09,0.0
1583,37.25,27.5,0.0,0.0,0.0,0.1,9.74,0.0
1584,37.27,30.57,0.0,0.0,0.0,0.1,6.7,0.0
1585,37.27,32.39,0.0,0.0,0.0,0.1,4.87,0.0
1586,37.27,27.5,0.0,0.0,0.0,0.1,9.77,0.0
1587,37.27,21.92,0.0,0.0,0.0,0.1,15.35,0.0
1588,37.27,16.62,0.0,0.0,0.0,0.1,20.65,0.0
1589,37.27,21.96,0.0,0.0,0.0,0.1,15.31,0.0
1590,37.27,10.71,0.0,0.0,0.0,0.1,26.56,0.0
1591,39.22,0.0,9.18,0.0,0.0,0.1,30.04,0.0
1592,41.09,18.72,19.99,0.0,0.0,0.1,2.39,0.0
1593,42.82,20.79,28.28,6.25,0.0,0.1,0.0,0.0
1594,44.34,0.0,36.8,0.0,3.75,0.7647,3.79,0.0
1595,45.58,3.54,40.16,0.0,1.89,0.3223,0.0,0.0
1596,46.51,16.2,30.31,0.0,0.0,0.1,0.0,0.0
1597,47.08,27.89,26.7,7.52,0.0,0.1,0.0,0.0
1598,47.27,12.51,34.76,0.0,0.0,0.9,0.0,0.0
1599,47.08,7.83,28.98,0.0,6.78,0.9,3.48,0.0
1600,46.51,13.8,20.42,0.0,0.0,0.1,12.29,0.0
1601,45.58,28.08,10.92,0.0,0.0,0.1,6.58,0.0
1602,44.34,14.09,0.0,0.0,0.0,0.1,30.24,0.0
1603,42.82,14.93,0.0,0.0,0.0,0.1,27.89,0.0
1604,41.09,19.36,0.0,0.0,0.0,0.1,21.74,0.0
1605,39.22,17.27,0.0,0.0,0.0,0.1,21.95,0.0
1606,37.27,27.07,0.0,0.0,0.0,0.1,10.2,0.0
1607,37.27,39.79,0.0,2.52,0.0,0.1,0.0,0.0
1608,37.29,29.6,0.0,0.0,0.0,0.3685,7.68,0.0
1609,37.29,24.76,0.0,0.0,0.0,0.3685,12.52,0.0
1610,37.29,23.66,0.0,0.0,0.0,0.3685,13.63,0.0
1611,37.29,12.3,0.0,0.0,0.0,0.3685,24.98,0.0
1612,37.29,30.08,0.0,0.0,2.28,0.3685,4.93,0.0
1613,37.29,20.53,0.0,0.0,0.0,0.1,16.75,0.0
1614,37.29,17.66,0.0,0.0,0.0,0.1,19.62,0.0
1615,39.24,36.16,10.59,7.52,0.0,0.1,0.0,0.0
1616,41.11,17.5,19.77,0.0,1.95,0.9,1.89,0.0
1617,42.84,7.51,30.49,0.0,4.83,0.6697,0.0,0.0
1618,44.36,8.84,35.52,0.0,0.0,0.1,0.0,0.0
1619,45.6,20.55,25.05,0.0,0.0,0.1,0.0,0.0
1620,46.52,11.6,42.44,7.52,0.0,0.1,0.0,0.0
1621,47.09,0.0,40.31,0.0,6.78,0.9,0.0,0.0
1622,47.29,18.98,35.82,7.52,0.0,0.1,0.0,0.0
1623,47.09,8.18,28.3,0.0,6.78,0.9,3.83,0.0
1624,46.52,30.0,20.82,4.3,0.0,0.1,0.0,0.0
1625,45.6,25.62,9.13,0.0,0.0,0.5577,10.85,0.0
1626,44.36,15.55,0.0,0.0,0.0,0.5577,28.81,0.0
1627,42.84,31.32,0.0,0.0,0.0,0.5577,11.52,0.0
1628,41.11,23.61,0.0,0.0,0.0,0.5577,17.51,0.0
1629,39.24,31.48,0.0,0.0,0.0,0.5577,7.75,0.0
1630,37.29,29.82,0.0,0.0,0.0,0.5577,7.46,0.0
1631,37.29,20.05,0.0,0.0,0.0,0.5577,17.24,0.0
1632,37.3,21.8,0.0,0.0,0.0,0.5577,15.5,0.0
1633,37.3,34.82,0.0,0.0,0.0,0.5577,2.48,0.0
1634,37.3,23.19,0.0,0.0,0.0,0.5577,14.11,0.0
1635,37.3,21.38,0.0,0.0,0.0,0.5577,15.92,0.0
1636,37.3,15.36,0.0,0.0,0.0,0.5577,21.94,0.0
1637,37.3,24.39,0.0,0.0,0.0,0.5577,12.91,0.0
1638,37.3,35.35,0.0,0.0,0.0,0.5577,1.95,0.0
1639,39.25,8.44,8.93,0.0,3.88,0.5577,18.0,0.0
1640,41.13,15.2,21.29,0.0,0.0,0.1,4.64,0.0
1641,42.86,24.57,18.29,0.0,0.0,0.1,0.0,0.0
1642,44.37,11.46,32.91,0.0,0.0,0.1,0.0,0.0
1643,45.62,14.9,38.24,7.52,0.0,0.1,0.0,0.0
1644,46.54,0.0,39.76,0.0,6.78,0.9,0.0,0.0
1645,47.11,14.7,39.92,7.52,0.0,0.1,0.0,0.0
1646,47.3,10.61,33.45,0.0,3.24,0.9,0.0,0.0
1647,47.11,21.18,28.53,2.6,0.0,0.518,0.0,0.0
1648,46.54,24.43,21.89,0.0,0.22,0.7947,0.0,0.0
1649,45.62,37.48,9.38,1.24,0.0,0.7684,0.0,0.0
1650,44.37,23.57,0.0,0.0,5.7,0.9,15.1,0.0
1651,42.86,23.61,0.0,0.0,0.0,0.2276,19.24,0.0
1652,41.13,24.49,0.0,0.0,0.0,0.2276,16.64,0.0
1653,39.25,21.78,0.0,0.0,0.0,0.2276,17.47,0.0
1654,37.3,28.54,0.0,0.0,0.0,0.2276,8.77,0.0
1655,37.3,24.3,0.0,0.0,0.0,0.2276,13.01,0.0
1656,37.32,28.12,0.0,0.0,0.0,0.2276,9.2,0.0
1657,37.32,36.98,0.0,0.0,0.34,0.2276,0.0,0.0
1658,37.32,17.73,0.0,0.0,0.0,0.1872,19.59,0.0
1659,37.32,33.51,0.0,0.0,0.0,0.1872,3.81,0.0
1660,37.32,33.27,0.0,0.0,0.0,0.1872,4.05,0.0
1661,37.32,19.96,0.0,0.0,0.0,0.1872,17.36,0.0
1662,37.32,2.0,0.0,0.0,0.0,0.1872,35.32,0.0
1663,39.27,11.97,11.26,0.0,0.0,0.1872,16.04,0.0
1664,41.15,25.17,19.27,3.3,0.0,0.1872,0.0,0.0
1665,42.87,13.05,30.88,1.06,0.0,0.5379,0.0,0.0
1666,44.39,4.04,35.69,0.0,4.67,0.6504,0.0,0.0
1667,45.63,7.17,38.46,0.0,0.0,0.1,0.0,0.0
1668,46.56,17.58,36.49,7.52,0.0,0.1,0.0,0.0
1669,47.13,15.52,31.61,0.0,0.0,0.9,0.0,0.0
1670,47.32,10.07,35.49,0.0,1.76,0.9,0.0,0.0
1671,47.13,10.32,28.91,0.0,0.0,0.6929,7.89,0.0
1672,46.56,11.77,20.19,0.0,0.0,0.6929,14.6,0.0
1673,45.63,9.47,9.47,0.0,0.0,0.6929,26.7,0.0
1674,44.39,31.67,0.0,0.0,1.9,0.6929,10.82,0.0
1675,42.87,18.34,0.0,0.0,0.0,0.4689,24.53,0.0
1676,41.15,32.48,0.0,0.0,0.0,0.4689,8.67,0.0
1677,39.27,36.54,0.0,0.0,0.0,0.4689,2.73,0.0
1678,37.32,33.65,0.0,0.0,0.0,0.4689,3.67,0.0
1679,37.32,23.09,0.0,0.0,0.0,0.4689,14.23,0.0
1680,37.33,29.86,0.0,0.0,0.0,0.4689,7.47,0.0
1681,37.33,26.2,0.0,0.0,0.0,0.4689,11.14,0.0
1682,37.33,18.42,0.0,0.0,0.0,0.4689,18.91,0.0
1683,37.33,26.91,0.0,0.0,0.0,0.4689,10.43,0.0
1684,37.33,13.33,0.0,0.0,0.0,0.4689,24.01,0.0
1685,37.33,30.2,0.0,0.0,0.0,0.4689,7.13,0.0
1686,37.33,15.03,0.0,0.0,0.0,0.4689,22.3,0.0
1687,39.29,18.26,9.11,0.0,0.0,0.4689,11.91,0.0
1688,41.16,17.0,22.1,0.0,0.0,0.4689,2.06,0.0
1689,42.89,11.05,28.71,0.0,3.13,0.4689,0.0,0.0
1690,44.41,16.5,27.9,0.0,0.0,0.1,0.0,0.0
1691,45.65,5.5,40.15,0.0,0.0,0.1,0.0,0.0
1692,46.57,17.7,36.39,7.52,0.0,0.1,0.0,0.0
1693,47.14,0.36,41.94,0.0,4.84,0.9,0.0,0.0
1694,47.33,12.85,32.54,0.0,1.95,0.3294,0.0,0.0
1695,47.14,28.5,26.16,7.52,0.0,0.1,0.0,0.0
1696,46.57,6.81,21.92,0.0,6.78,0.9,11.06,0.0
1697,45.65,11.28,9.14,0.0,0.0,0.1,25.23,0.0
1698,44.41,22.8,0.0,0.0,0.0,0.1,21.61,0.0
1699,42.89,22.2,0.0,0.0,0.0,0.1,20.69,0.0
1700,41.16,25.47,0.0,0.0,0.0,0.1,15.69,0.0
1701,39.29,28.22,0.0,0.0,0.0,0.1,11.07,0.0
1702,37.33,30.63,0.0,0.0,0.0,0.1,6.7,0.0
1703,37.33,35.2,0.0,0.0,0.0,0.1,2.14,0.0
1704,37.35,29.78,0.0,0.0,0.0,0.1,7.57,0.0
1705,37.35,24.34,0.0,0.0,0.0,0.1,13.01,0.0
1706,37.35,30.81,0.0,0.0,0.0,0.1,6.54,0.0
1707,37.35,39.29,0.0,1.94,0.0,0.1,0.0,0.0
1708,37.35,21.51,0.0,0.0,0.0,0.3064,15.84,0.0
1709,37.35,12.91,0.0,0.0,0.0,0.3064,24.44,0.0
1710,37.35,27.38,0.0,0.0,0.0,0.3064,9.97,0.0
1711,39.3,15.58,8.79,0.0,0.0,0.3064,14.93,0.0
1712,41.18,0.0,20.05,0.0,1.75,0.3064,19.38,0.0
1713,42.91,11.9,31.0,0.0,0.0,0.1,0.0,0.0
1714,44.42,7.46,36.96,0.0,0.0,0.1,0.0,0.0
1715,45.66,10.2,41.09,5.63,0.0,0.1,0.0,0.0
1716,46.59,13.29,35.19,1.89,0.0,0.6991,0.0,0.0
1717,47.16,5.3,41.86,0.0,0.0,0.9,0.0,0.0
1718,47.35,17.35,30.0,0.0,0.0,0.9,0.0,0.0
1719,47.16,9.52,29.96,0.0,6.78,0.9,0.9,0.0
1720,46.59,18.69,19.76,0.0,0.0,0.1,8.13,0.0
1721,45.66,14.48,10.84,0.0,0.0,0.1,20.35,0.0
1722,44.42,24.46,0.0,0.0,0.0,0.1,19.96,0.0
1723,42.91,25.53,0.0,0.0,0.0,0.1,17.37,0.0
1724,41.18,15.13,0.0,0.0,0.0,0.1,26.04,0.0
1725,39.3,32.83,0.0,0.0,0.0,0.1,6.47,0.0
1726,37.35,21.21,0.0,0.0,0.0,0.1,16.14,0.0
1727,37.35,32.68,0.0,0.0,0.0,0.1,4.67,0.0
1728,37.36,29.32,0.0,0.0,0.0,0.1,8.05,0.0
1729,37.36,40.73,0.0,3.36,0.0,0.1,0.0,0.0
1730,37.36,23.56,0.0,0.0,0.0,0.4577,13.8,0.0
1731,37.36,21.3,0.0,0.0,0.0,0.4577,16.06,0.0
1732,37.36,22.28,0.0,0.0,0.0,0.4577,15.09,0.0
1733,37.36,18.11,0.0,0.0,0.0,0.4577,19.25,0.0
1734,37.36,24.81,0.0,0.0,0.0,0.4577,12.55,0.0
1735,39.31,3.57,11.25,0.0,3.03,0.4577,21.46,0.0
1736,41.19,6.13,22.08,0.0,0.0,0.1,12.98,0.0
1737,42.92,4.37,29.09,0.0,0.0,0.1,9.46,0.0
1738,44.44,19.13,25.3,0.0,0.0,0.1,0.0,0.0
1739,45.68,24.37,21.3,0.0,0.0,0.1,0.0,0.0
1740,46.6,6.54,43.62,3.56,0.0,0.1,0.0,0.0
1741,47.17,6.21,40.97,0.0,0.0,0.4787,0.0,0.0
1742,47.36,12.14,35.22,0.0,0.0,0.4787,0.0,0.0
1743,47.17,22.07,29.06,3.96,0.0,0.4787,0.0,0.0
1744,46.6,7.13,20.52,0.0,6.78,0.9,12.17,0.0
1745,45.68,18.3,9.0,0.0,0.0,0.1,18.38,0.0
1746,44.44,26.2,0.0,0.0,0.0,0.1,18.23,0.0
1747,42.92,24.5,0.0,0.0,0.0,0.1,18.42,0.0
1748,41.19,23.94,0.0,0.0,0.0,0.1,17.25,0.0
1749,39.31,32.02,0.0,0.0,0.0,0.1,7.29,0.0
1750,37.36,3.88,0.0,0.0,0.0,0.1,33.49,0.0
1751,37.36,31.51,0.0,0.0,0.0,0.1,5.85,0.0
1752,37.38,21.08,0.0,0.0,0.0,0.1,16.3,0.0
1753,37.38,11.47,0.0,0.0,0.0,0.1,25.91,0.0
1754,37.38,29.27,0.0,0.0,0.0,0.1,8.11,0.0
1755,37.38,34.85,0.0,0.0,0.0,0.1,2.52,0.0
1756,37.38,21.21,0.0,0.0,0.0,0.1,16.17,0.0
1757,37.38,27.95,0.0,0.0,0.0,0.1,9.42,0.0
1758,37.38,31.13,0.0,0.0,0.0,0.1,6.24,0.0
1759,39.33,26.72,9.26,0.0,0.0,0.1,3.35,0.0
1760,41.2,24.01,22.11,4.92,0.0,0.1,0.0,0.0
1761,42.93,18.61,24.32,0.0,0.0,0.6232,0.0,0.0
1762,44.45,12.06,32.39,0.0,0.0,0.6232,0.0,0.0
1763,45.69,0.0,41.25,0.0,4.44,0.6232,0.0,0.0
1764,46.62,8.44,38.18,0.0,0.0,0.1,0.0,0.0
1765,47.19,3.77,43.42,0.0,0.0,0.1,0.0,0.0
1766,47.38,28.69,26.2,7.52,0.0,0.1,0.0,0.0
1767,47.19,11.32,31.19,0.0,4.67,0.9,0.0,0.0
1768,46.62,15.34,22.26,0.0,0.0,0.3495,9.02,0.0
1769,45.69,20.66,10.1,0.0,0.0,0.3495,14.94,0.0
1770,44.45,18.68,0.0,0.0,0.0,0.3495,25.77,0.0
1771,42.93,33.85,0.0,0.0,0.0,0.3495,9.09,0.0
1772,41.2,17.36,0.0,0.0,0.0,0.3495,23.85,0.0
1773,39.33,25.49,0.0,0.0,0.0,0.3495,13.84,0.0
1774,37.38,19.31,0.0,0.0,0.0,0.3495,18.06,0.0
1775,37.38,15.52,0.0,0.0,0.0,0.3495,21.86,0.0
1776,37.39,21.28,0.0,0.0,0.0,0.3495,16.11,0.0
1777,37.39,25.58,0.0,0.0,0.0,0.3495,11.81,0.0
1778,37.39,21.67,0.0,0.0,0.0,0.3495,15.72,0.0
1779,37.39,18.32,0.0,0.0,0.0,0.3495,19.07,0.0
1780,37.39,11.01,0.0,0.0,0.0,0.3495,26.38,0.0
1781,37.39,19.6,0.0,0.0,0.0,0.3495,17.79,0.0
1782,37.39,6.26,0.0,0.0,0.0,0.3495,31.14,0.0
1783,39.34,22.18,11.19,0.0,0.0,0.3495,5.97,0.0
1784,41.22,14.89,21.26,0.0,2.12,0.3495,2.96,0.0
1785,42.95,1.02,30.15,0.0,0.0,0.1,11.78,0.0
1786,44.46,8.87,38.64,3.05,0.0,0.1,0.0,0.0
1787,45.71,4.56,38.39,0.0,2.75,0.4244,0.0,0.0
1788,46.63,12.8,33.83,0.0,0.0,0.1,0.0,0.0
1789,47.2,21.18,33.54,7.52,0.0,0.1,0.0,0.0
1790,47.39,0.0,38.62,0.0,3.34,0.9,5.42,0.0
1791,47.2,13.5,31.17,0.0,0.0,0.506,2.52,0.0
1792,46.63,12.96,20.62,0.0,0.0,0.506,13.05,0.0
1793,45.71,21.48,9.16,0.0,0.0,0.506,15.07,0.0
1794,44.46,19.89,0.0,0.0,0.0,0.506,24.57,0.0
1795,42.95,14.29,0.0,0.0,0.0,0.506,28.66,0.0
1796,41.22,19.64,0.0,0.0,0.0,0.506,21.58,0.0
1797,39.34,17.5,0.0,0.0,0.0,0.506,21.85,0.0
1798,37.39,33.62,0.0,0.0,0.0,0.506,3.77,0.0
1799,37.39,26.04,0.0,0.0,0.0,0.506,11.35,0.0
1800,37.4,41.11,0.0,3.7,0.0,0.506,0.0,0.0
1801,37.4,25.26,0.0,0.0,6.78,0.9,5.36,0.0
1802,37.4,19.32,0.0,0.0,0.0,0.1,18.08,0.0
1803,37.4,11.67,0.0,0.0,0.0,0.1,25.74,0.0
1804,37.4,7.72,0.0,0.0,0.0,0.1,29.68,0.0
1805,37.4,7.55,0.0,0.0,0.0,0.1,29.85,0.0
1806,37.4,20.19,0.0,0.0,0.0,0.1,17.21,0.0
1807,39.35,20.06,9.49,0.0,0.0,0.1,9.8,0.0
1808,41.23,1.55,21.86,0.0,0.0,0.1,17.82,0.0
1809,42.96,13.56,29.4,0.0,0.0,0.1,0.0,0.0
1810,44.47,7.36,37.11,0.0,0.0,0.1,0.0,0.0
1811,45.72,2.58,43.14,0.0,0.0,0.1,0.0,0.0
1812,46.64,22.93,23.71,0.0,0.0,0.1,0.0,0.0
1813,47.21,17.52,37.21,7.52,0.0,0.1,0.0,0.0
1814,47.4,9.06,38.34,0.0,0.0,0.9,0.0,0.0
1815,47.21,5.38,29.78,0.0,0.0,0.9,12.05,0.0
1816,46.64,0.0,21.9,0.0,0.0,0.9,24.74,0.0
1817,45.72,10.31,10.27,0.0,0.0,0.9,25.14,0.0
1818,44.47,16.39,0.0,0.0,0.0,0.9,28.08,0.0
1819,42.96,12.29,0.0,0.0,0.0,0.9,30.67,0.0
1820,41.23,21.0,0.0,0.0,0.0,0.9,20.23,0.0
1821,39.35,24.3,0.0,0.0,0.0,0.9,15.06,0.0
1822,37.4,23.16,0.0,0.0,0.0,0.9,14.24,0.0
1823,37.4,20.58,0.0,0.0,0.0,0.9,16.82,0.0
1824,37.41,27.22,0.0,0.0,0.0,0.9,10.2,0.0
1825,37.41,29.12,0.0,0.0,0.0,0.9,8.3,0.0
1826,37.41,16.16,0.0,0.0,0.0,0.9,21.26,0.0
1827,37.41,34.76,0.0,0.0,0.0,0.9,2.66,0.0
1828,37.41,21.13,0.0,0.0,0.0,0.9,16.29,0.0
1829,37.41,20.14,0.0,0.0,0.0,0.9,17.27,0.0
1830,37.41,23.56,0.0,0.0,0.0,0.9,13.85,0.0
1831,39.37,17.74,11.33,0.0,6.78,0.9,3.52,0.0
1832,41.24,21.54,19.88,0.17,0.0,0.1,0.0,0.0
1833,42.97,14.6,31.11,2.75,0.0,0.1186,0.0,0.0
1834,44.49,4.02,37.82,0.0,2.64,0.4111,0.0,0.0
1835,45.73,13.14,40.11,7.52,0.0,0.1,0.0,0.0
1836,46.65,0.92,43.79,0.0,1.94,0.9,0.0,0.0
1837,47.22,11.13,37.46,1.37,0.0,0.6714,0.0,0.0
1838,47.41,10.8,37.39,0.78,0.0,0.8171,0.0,0.0
1839,47.22,10.67,29.73,0.0,6.78,0.9,0.04,0.0
1840,46.65,12.95,21.41,0.0,0.0,0.1,12.29,0.0
1841,45.73,0.94,9.04,0.0,0.0,0.1,35.75,0.0
1842,44.49,13.58,0.0,0.0,0.0,0.1,30.9,0.0
1843,42.97,20.73,0.0,0.0,0.0,0.1,22.24,0.0
1844,41.24,23.18,0.0,0.0,0.0,0.1,18.06,0.0
1845,39.37,15.39,0.0,0.0,0.0,0.1,23.97,0.0
1846,37.41,34.86,0.0,0.0,0.0,0.1,2.55,0.0
1847,37.41,18.73,0.0,0.0,0.0,0.1,18.68,0.0
1848,37.43,33.44,0.0,0.0,0.0,0.1,3.98,0.0
1849,37.43,28.87,0.0,0.0,0.0,0.1,8.56,0.0
1850,37.43,19.55,0.0,0.0,0.0,0.1,17.87,0.0
1851,37.43,37.52,0.0,0.09,0.0,0.1,0.0,0.0
1852,37.43,12.3,0.0,0.0,0.0,0.1097,25.13,0.0
1853,37.43,27.16,0.0,0.0,0.0,0.1097,10.27,0.0
1854,37.43,25.75,0.0,0.0,0.0,0.1097,11.67,0.0
1855,39.38,10.43,11.7,0.0,0.08,0.1097,17.17,0.0
1856,41.25,24.89,20.6,4.24,0.0,0.1,0.0,0.0
1857,42.98,9.18,29.98,0.0,3.83,0.5511,0.0,0.0
1858,44.5,13.22,38.79,7.52,0.0,0.1,0.0,0.0
1859,45.74,12.2,27.28,0.0,6.25,0.9,0.0,0.0
1860,46.66,8.8,44.79,6.93,0.0,0.1625,0.0,0.0
1861,47.23,16.58,30.66,0.0,0.0,0.9,0.0,0.0
1862,47.43,17.23,30.19,0.0,0.0,0.9,0.0,0.0
1863,47.23,0.0,29.7,0.0,0.0,0.9,17.53,0.0
1864,46.66,24.19,21.22,0.0,0.0,0.9,1.25,0.0
1865,45.74,2.55,9.32,0.0,0.0,0.9,33.86,0.0
1866,44.5,26.01,0.0,0.0,0.0,0.9,18.49,0.0
1867,42.98,28.81,0.0,0.0,0.0,0.9,14.17,0.0
1868,41.25,13.12,0.0,0.0,0.0,0.9,28.14,0.0
1869,39.38,20.16,0.0,0.0,0.0,0.9,19.22,0.0
1870,37.43,15.9,0.0,0.0,0.0,0.9,21.52,0.0
1871,37.43,23.77,0.0,0.0,0.0,0.9,13.66,0.0
1872,37.44,23.17,0.0,0.0,0.0,0.9,14.27,0.0
1873,37.44,31.53,0.0,0.0,0.0,0.9,5.9,0.0
1874,37.44,34.95,0.0,0.0,0.0,0.9,2.48,0.0
1875,37.44,34.37,0.0,0.0,0.0,0.9,3.07,0.0
1876,37.44,17.18,0.0,0.0,0.0,0.9,20.25,0.0
1877,37.44,18.07,0.0,0.0,0.0,0.9,19.37,0.0
1878,37.44,4.31,0.0,0.0,0.0,0.9,33.13,0.0
1879,39.39,9.22,10.87,0.0,6.78,0.9,12.51,0.0
1880,41.26,19.81,21.45,0.0,0.0,0.1,0.0,0.0
1881,42.99,24.89,25.62,7.52,0.0,0.1,0.0,0.0
1882,44.51,0.35,37.38,0.0,6.78,0.9,0.0,0.0
1883,45.75,5.3,40.45,0.0,0.0,0.1,0.0,0.0
1884,46.67,8.84,45.35,7.52,0.0,0.1,0.0,0.0
1885,47.24,12.23,35.01,0.0,0.0,0.9,0.0,0.0
1886,47.44,4.37,37.68,0.0,5.38,0.9,0.0,0.0
1887,47.24,15.43,30.9,0.0,0.91,0.2656,0.0,0.0
1888,46.67,9.94,20.96,0.0,0.0,0.1579,15.78,0.0
1889,45.75,15.5,11.05,0.0,0.0,0.1579,19.2,0.0
1890,44.51,22.01,0.0,0.0,0.0,0.1579,22.49,0.0
1891,42.99,19.78,0.0,0.0,0.0,0.1579,23.21,0.0
1892,41.26,18.18,0.0,0.0,0.0,0.1579,23.08,0.0
1893,39.39,22.42,0.0,0.0,0.0,0.1579,16.97,0.0
1894,37.44,23.85,0.0,0.0,0.0,0.1579,13.59,0.0
1895,37.44,22.41,0.0,0.0,0.0,0.1579,15.03,0.0
1896,37.44,23.43,0.0,0.0,0.0,0.1579,14.02,0.0
1897,37.44,37.9,0.0,0.46,0.0,0.1579,0.0,0.0
1898,37.44,28.87,0.0,0.0,0.0,0.2066,8.57,0.0
1899,37.44,20.81,0.0,0.0,0.0,0.2066,16.64,0.0
1900,37.44,27.04,0.0,0.0,0.0,0.2066,10.4,0.0
1901,37.44,16.95,0.0,0.0,0.0,0.2066,20.5,0.0
1902,37.44,26.85,0.0,0.0,0.0,0.2066,10.59,0.0
1903,39.4,18.42,11.18,0.0,0.0,0.2066,9.79,0.0
1904,41.27,12.72,20.82,0.0,0.0,0.2066,7.73,0.0
1905,43.0,15.48,31.05,3.54,0.0,0.2066,0.0,0.0
1906,44.52,0.0,39.0,0.0,4.1,0.5829,1.42,0.0
1907,45.76,0.93,41.86,0.0,0.0,0.1,2.97,0.0
1908,46.68,0.12,43.32,0.0,0.0,0.1,3.25,0.0
1909,47.25,11.01,43.76,7.52,0.0,0.1,0.0,0.0
1910,47.44,24.42,16.24,0.0,6.78,0.9,0.0,0.0
1911,47.25,29.64,25.13,7.52,0.0,0.1,0.0,0.0
1912,46.68,18.64,20.54,0.0,6.78,0.9,0.73,0.0
1913,45.76,19.46,11.1,0.0,0.0,0.1,15.2,0.0
1914,44.52,3.24,0.0,0.0,0.0,0.1,41.27,0.0
1915,43.0,15.29,0.0,0.0,0.0,0.1,27.71,0.0
1916,41.27,15.26,0.0,0.0,0.0,0.1,26.02,0.0
1917,39.4,18.23,0.0,0.0,0.0,0.1,21.17,0.0
1918,37.44,23.08,0.0,0.0,0.0,0.1,14.36,0.0
1919,37.44,21.46,0.0,0.0,0.0,0.1,15.98,0.0
1920,37.45,9.63,0.0,0.0,0.0,0.1,27.82,0.0
1921,37.45,31.01,0.0,0.0,0.0,0.1,6.44,0.0
1922,37.45,15.77,0.0,0.0,0.0,0.1,21.69,0.0
1923,37.45,24.92,0.0,0.0,0.0,0.1,12.53,0.0
1924,37.45,37.84,0.0,0.39,0.0,0.1,0.0,0.0
1925,37.45,12.16,0.0,0.0,0.0,0.1416,25.29,0.0
1926,37.45,0.0,0.0,0.0,0.35,0.1416,37.1,0.0
1927,39.4,13.08,11.98,0.0,0.0,0.1,14.34,0.0
1928,41.28,22.18,19.1,0.0,0.0,0.1,0.0,0.0
1929,43.01,27.34,23.19,7.52,0.0,0.1,0.0,0.0
1930,44.52,0.0,37.74,0.0,6.78,0.9,0.0,0.0
1931,45.77,13.68,32.09,0.0,0.0,0.1,0.0,0.0
1932,46.69,5.77,40.92,0.0,0.0,0.1,0.0,0.0
1933,47.26,4.29,42.97,0.0,0.0,0.1,0.0,0.0
1934,47.45,31.53,23.45,7.52,0.0,0.1,0.0,0.0
1935,47.26,0.0,30.16,0.0,6.17,0.9,10.94,0.0
1936,46.69,15.45,20.75,0.0,0.0,0.1728,10.49,0.0
1937,45.77,19.07,10.81,0.0,0.0,0.1728,15.89,0.0
1938,44.52,26.03,0.0,0.0,0.0,0.1728,18.5,0.0
1939,43.01,20.24,0.0,0.0,0.0,0.1728,22.77,0.0
1940,41.28,23.82,0.0,0.0,0.0,0.1728,17.46,0.0
1941,39.4,19.91,0.0,0.0,0.0,0.1728,19.49,0.0
1942,37.45,26.42,0.0,0.0,0.0,0.1728,11.03,0.0
1943,37.45,22.35,0.0,0.0,0.0,0.1728,15.1,0.0
1944,37.46,30.15,0.0,0.0,0.0,0.1728,7.31,0.0
1945,37.46,22.01,0.0,0.0,0.0,0.1728,15.45,0.0
1946,37.46,27.14,0.0,0.0,0.0,0.1728,10.32,0.0
1947,37.46,22.65,0.0,0.0,0.0,0.1728,14.81,0.0
1948,37.46,30.18,0.0,0.0,0.0,0.1728,7.28,0.0
1949,37.46,18.92,0.0,0.0,0.0,0.1728,18.54,0.0
1950,37.46,3.2,0.0,0.0,0.0,0.1728,34.27,0.0
1951,39.41,25.24,11.78,0.0,0.0,0.1728,2.4,0.0
1952,41.29,6.11,21.85,0.0,0.0,0.1728,13.33,0.0
1953,43.02,6.47,32.32,0.0,0.0,0.1728,4.23,0.0
1954,44.53,5.67,38.25,0.0,0.62,0.1728,0.0,0.0
1955,45.78,20.52,32.78,7.52,0.0,0.1,0.0,0.0
1956,46.7,0.0,39.92,0.0,6.78,0.9,0.0,0.0
1957,47.27,34.52,20.27,7.52,0.0,0.1,0.0,0.0
1958,47.46,18.78,28.68,0.0,0.0,0.9,0.0,0.0
1959,47.27,13.43,32.67,0.0,1.17,0.9,0.0,0.0
1960,46.7,12.87,22.07,0.0,0.0,0.762,11.76,0.0
1961,45.78,17.48,11.18,0.0,0.0,0.762,17.11,0.0
1962,44.53,21.41,0.0,0.0,0.0,0.762,23.12,0.0
1963,43.02,24.45,0.0,0.0,0.0,0.762,18.57,0.0
1964,41.29,25.65,0.0,0.0,0.0,0.762,15.63,0.0
1965,39.41,23.6,0.0,0.0,0.0,0.762,15.81,0.0
1966,37.46,22.58,0.0,0.0,0.0,0.762,14.88,0.0
1967,37.46,23.74,0.0,0.0,0.0,0.762,13.72,0.0
1968,37.47,23.53,0.0,0.0,0.0,0.762,13.94,0.0
1969,37.47,33.81,0.0,0.0,0.0,0.762,3.66,0.0
1970,37.47,28.73,0.0,0.0,0.0,0.762,8.74,0.0
1971,37.47,0.0,0.0,0.0,5.61,0.762,31.85,0.0
1972,37.47,26.32,0.0,0.0,0.0,0.1,11.15,0.0
1973,37.47,20.74,0.0,0.0,0.0,0.1,16.73,0.0
1974,37.47,16.99,0.0,0.0,0.0,0.1,20.48,0.0
1975,39.42,12.0,10.05,0.0,0.0,0.1,17.37,0.0
1976,41.3,22.09,22.73,3.53,0.0,0.1,0.0,0.0
1977,43.02,19.05,27.97,3.99,0.0,0.4756,0.0,0.0
1978,44.54,4.13,33.63,0.0,6.78,0.9,0.0,0.0
1979,45.78,12.7,40.6,7.52,0.0,0.1,0.0,0.0
1980,46.71,1.48,45.22,0.0,0.0,0.9,0.0,0.0
1981,47.28,0.0,42.97,0.0,4.3,0.9,0.0,0.0
1982,47.47,5.29,40.07,0.0,2.11,0.3926,0.0,0.0
1983,47.28,18.37,32.94,4.04,0.0,0.1435,0.0,0.0
1984,46.71,20.74,20.79,0.0,0.0,0.5734,5.18,0.0
1985,45.78,19.16,11.13,0.0,0.0,0.5734,15.5,0.0
1986,44.54,22.89,0.0,0.0,0.0,0.5734,21.64,0.0
1987,43.02,23.29,0.0,0.0,0.0,0.5734,19.73,0.0
1988,41.3,16.01,0.0,0.0,0.0,0.5734,25.28,0.0
1989,39.42,26.18,0.0,0.0,0.0,0.5734,13.24,0.0
1990,37.47,30.37,0.0,0.0,0.0,0.5734,7.1,0.0
1991,37.47,30.8,0.0,0.0,0.0,0.5734,6.67,0.0
1992,37.47,34.38,0.0,0.0,0.0,0.5734,3.09,0.0
1993,37.47,30.3,0.0,0.0,0.0,0.5734,7.18,0.0
1994,37.47,26.67,0.0,0.0,0.0,0.5734,10.81,0.0
1995,37.47,31.11,0.0,0.0,0.0,0.5734,6.36,0.0
1996,37.47,20.76,0.0,0.0,0.0,0.5734,16.71,0.0
1997,37.47,12.06,0.0,0.0,0.0,0.5734,25.42,0.0
1998,37.47,15.71,0.0,0.0,0.0,0.5734,21.77,0.0
1999,39.43,9.03,11.87,0.0,3.11,0.5734,15.41,0.0
2000,41.3,7.67,22.24,0.0,0.0,0.2064,11.38,0.0
2001,43.03,10.24,32.05,0.0,0.74,0.2064,0.0,0.0
2002,44.55,3.84,40.54,0.0,0.17,0.1196,0.0,0.0
2003,45.79,6.89,42.78,3.88,0.0,0.1,0.0,0.0
2004,46.71,0.0,43.21,0.0,3.5,0.5127,0.0,0.0
2005,47.28,11.03,43.09,6.83,0.0,0.1,0.0,0.0
2006,47.47,10.14,38.03,0.69,0.0,0.8268,0.0,0.0
2007,47.28,4.9,32.2,0.0,0.0,0.9,10.18,0.0
2008,46.71,18.27,22.0,0.0,0.0,0.9,6.44,0.0
2009,45.79,22.39,11.78,0.0,0.0,0.9,11.62,0.0
2010,44.55,4.24,0.0,0.0,0.0,0.9,40.31,0.0
2011,43.03,13.0,0.0,0.0,0.0,0.9,30.03,0.0
2012,41.3,14.87,0.0,0.0,0.0,0.9,26.44,0.0
2013,39.43,15.15,0.0,0.0,0.0,0.9,24.27,0.0
2014,37.47,30.46,0.0,0.0,0.0,0.9,7.01,0.0
2015,37.47,23.13,0.0,0.0,0.0,0.9,14.34,0.0
2016,37.48,22.71,0.0,0.0,0.0,0.9,14.77,0.0
2017,37.48,8.63,0.0,0.0,0.0,0.9,28.85,0.0
2018,37.48,28.79,0.0,0.0,0.0,0.9,8.69,0.0
2019,37.48,12.64,0.0,0.0,0.0,0.9,24.84,0.0
2020,37.48,21.31,0.0,0.0,0.0,0.9,16.17,0.0
2021,37.48,21.12,0.0,0.0,0.0,0.9,16.36,0.0
2022,37.48,27.67,0.0,0.0,0.0,0.9,9.81,0.0
2023,39.43,4.42,10.64,0.0,0.0,0.9,24.37,0.0
2024,41.31,0.0,21.14,0.0,6.78,0.9,13.38,0.0
2025,43.04,12.71,30.32,0.0,0.0,0.1,0.0,0.0
2026,44.55,24.29,20.26,0.0,0.0,0.1,0.0,0.0
2027,45.8,19.03,34.28,7.52,0.0,0.1,0.0,0.0
2028,46.72,0.26,46.46,0.0,0.0,0.9,0.0,0.0
2029,47.29,5.29,41.99,0.0,0.0,0.9,0.0,0.0
2030,47.48,16.4,31.08,0.0,0.0,0.9,0.0,0.0
2031,47.29,3.52,33.09,0.0,0.0,0.9,10.67,0.0
2032,46.72,16.68,21.74,0.0,0.0,0.9,8.3,0.0
2033,45.8,18.83,11.92,0.0,0.0,0.9,15.05,0.0
2034,44.55,25.28,0.0,0.0,0.0,0.9,19.27,0.0
2035,43.04,40.83,0.0,0.0,0.0,0.9,2.2,0.0
2036,41.31,23.95,0.0,0.0,0.0,0.9,17.35,0.0
2037,39.43,18.44,0.0,0.0,0.0,0.9,20.99,0.0
2038,37.48,23.54,0.0,0.0,0.0,0.9,13.94,0.0
2039,37.48,10.49,0.0,0.0,0.0,0.9,26.99,0.0
2040,37.49,19.16,0.0,0.0,0.0,0.9,18.33,0.0
2041,37.49,21.15,0.0,0.0,0.0,0.9,16.33,0.0
2042,37.49,19.45,0.0,0.0,0.0,0.9,18.04,0.0
2043,37.49,23.56,0.0,0.0,0.0,0.9,13.93,0.0
2044,37.49,14.17,0.0,0.0,0.0,0.9,23.31,0.0
2045,37.49,27.69,0.0,0.0,0.0,0.9,9.8,0.0
2046,37.49,16.73,0.0,0.0,0.0,0.9,20.75,0.0
2047,39.44,14.6,11.16,0.0,0.0,0.9,13.67,0.0
2048,41.31,10.16,22.18,0.0,6.78,0.9,2.19,0.0
2049,43.04,10.89,32.15,0.0,0.0,0.1,0.0,0.0
2050,44.56,16.41,35.67,7.52,0.0,0.1,0.0,0.0
2051,45.8,2.18,38.28,0.0,5.34,0.9,0.0,0.0
2052,46.72,3.57,44.64,1.48,0.0,0.2707,0.0,0.0
2053,47.29,6.65,45.08,4.43,0.0,0.4282,0.0,0.0
2054,47.49,0.0,40.54,0.0,6.78,0.9,0.16,0.0
2055,47.29,4.61,32.88,0.0,0.0,0.1,9.8,0.0
2056,46.72,8.98,21.77,0.0,0.0,0.1,15.98,0.0
2057,45.8,21.62,11.52,0.0,0.0,0.1,12.66,0.0
2058,44.56,18.82,0.0,0.0,0.0,0.1,25.74,0.0
2059,43.04,20.32,0.0,0.0,0.0,0.1,22.72,0.0
2060,41.31,27.46,0.0,0.0,0.0,0.1,13.86,0.0
2061,39.44,21.25,0.0,0.0,0.0,0.1,18.18,0.0
2062,37.49,26.71,0.0,0.0,0.0,0.1,10.78,0.0
2063,37.49,23.58,0.0,0.0,0.0,0.1,13.9,0.0
2064,37.49,26.64,0.0,0.0,0.0,0.1,10.85,0.0
2065,37.49,19.64,0.0,0.0,0.0,0.1,17.85,0.0
2066,37.49,4.11,0.0,0.0,0.0,0.1,33.38,0.0
2067,37.49,21.14,0.0,0.0,0.0,0.1,16.35,0.0
2068,37.49,31.86,0.0,0.0,0.0,0.1,5.63,0.0
2069,37.49,26.0,0.0,0.0,0.0,0.1,11.49,0.0
2070,37.49,24.26,0.0,0.0,0.0,0.1,13.23,0.0
2071,39.44,24.35,11.32,0.0,0.0,0.1,3.77,0.0
2072,41.32,13.33,21.41,0.0,0.0,0.1,6.57,0.0
2073,43.05,12.55,33.03,2.54,0.0,0.1,0.0,0.0
2074,44.56,4.82,37.46,0.0,2.29,0.3699,0.0,0.0
2075,45.8,0.23,45.58,0.0,0.0,0.1,0.0,0.0
2076,46.73,13.54,33.18,0.0,0.0,0.1,0.0,0.0
2077,47.3,18.48,36.33,7.52,0.0,0.1,0.0,0.0
2078,47.49,8.61,38.39,0.0,0.48,0.9,0.0,0.0
2079,47.3,7.41,33.53,0.0,0.0,0.8431,6.36,0.0
2080,46.73,12.63,23.39,0.0,0.0,0.8431,10.71,0.0
2081,45.8,19.31,12.22,0.0,0.0,0.8431,14.27,0.0
2082,44.56,5.13,0.0,0.0,0.0,0.8431,39.43,0.0
2083,43.05,0.42,0.0,0.0,0.0,0.8431,42.63,0.0
2084,41.32,16.19,0.0,0.0,0.0,0.8431,25.12,0.0
2085,39.44,12.52,0.0,0.0,0.0,0.8431,26.92,0.0
2086,37.49,19.44,0.0,0.0,0.0,0.8431,18.05,0.0
2087,37.49,23.09,0.0,0.0,0.0,0.8431,14.4,0.0
2088,37.49,20.8,0.0,0.0,0.0,0.8431,16.69,0.0
2089,37.49,35.66,0.0,0.0,0.0,0.8431,1.83,0.0
2090,37.49,25.93,0.0,0.0,0.0,0.8431,11.56,0.0
2091,37.49,24.46,0.0,0.0,0.0,0.8431,13.03,0.0
2092,37.49,25.37,0.0,0.0,0.0,0.8431,12.12,0.0
2093,37.49,9.47,0.0,0.0,0.0,0.8431,28.02,0.0
2094,37.49,24.71,0.0,0.0,0.0,0.8431,12.78,0.0
2095,39.44,13.8,10.82,0.0,0.0,0.8431,14.82,0.0
2096,41.32,17.81,21.48,0.0,0.0,0.8431,2.02,0.0
2097,43.05,2.34,32.76,0.0,6.3,0.8431,1.65,0.0
2098,44.56,0.0,39.43,0.0,0.0,0.1,5.13,0.0
2099,45.81,15.28,38.04,7.52,0.0,0.1,0.0,0.0
2100,46.73,0.84,45.89,0.0,0.0,0.9,0.0,0.0
2101,47.3,1.63,45.67,0.0,0.0,0.9,0.0,0.0
2102,47.49,2.58,39.74,0.0,5.17,0.9,0.0,0.0
2103,47.3,19.78,33.25,5.73,0.0,0.2907,0.0,0.0
2104,46.73,3.05,21.55,0.0,0.0,0.9,22.14,0.0
2105,45.81,27.45,11.16,0.0,0.0,0.9,7.2,0.0
2106,44.56,9.31,0.0,0.0,0.0,0.9,35.26,0.0
2107,43.05,23.58,0.0,0.0,0.0,0.9,19.47,0.0
2108,41.32,17.82,0.0,0.0,0.0,0.9,23.5,0.0
2109,39.44,26.86,0.0,0.0,0.0,0.9,12.58,0.0
2110,37.49,19.02,0.0,0.0,0.0,0.9,18.48,0.0
2111,37.49,22.84,0.0,0.0,0.0,0.9,14.66,0.0
2112,37.5,24.59,0.0,0.0,0.0,0.9,12.91,0.0
2113,37.5,16.04,0.0,0.0,0.0,0.9,21.46,0.0
2114,37.5,29.08,0.0,0.0,0.0,0.9,8.42,0.0
2115,37.5,17.86,0.0,0.0,0.0,0.9,19.63,0.0
2116,37.5,18.48,0.0,0.0,0.0,0.9,19.02,0.0
2117,37.5,10.48,0.0,0.0,0.0,0.9,27.01,0.0
2118,37.5,0.0,0.0,0.0,0.0,0.9,37.5,0.0
2119,39.45,12.75,9.65,0.0,6.78,0.9,10.26,0.0
2120,41.32,18.8,22.53,0.0,0.0,0.1,0.0,0.0
2121,43.05,10.58,32.47,0.0,0.0,0.1,0.0,0.0
2122,44.57,5.15,39.41,0.0,0.0,0.1,0.0,0.0
2123,45.81,6.57,45.72,6.48,0.0,0.1,0.0,0.0
2124,46.73,8.56,38.17,0.0,0.0,0.7891,0.0,0.0
2125,47.3,13.0,35.35,1.04,0.0,0.7891,0.0,0.0
2126,47.5,0.07,38.63,0.0,6.78,0.9,2.01,0.0
2127,47.3,19.56,33.42,5.68,0.0,0.1,0.0,0.0
2128,46.73,18.03,23.46,0.0,0.0,0.7041,5.24,0.0
2129,45.81,19.97,11.07,0.0,5.12,0.7041,9.65,0.0
2130,44.57,19.8,0.0,0.0,0.0,0.1,24.76,0.0
2131,43.05,18.53,0.0,0.0,0.0,0.1,24.52,0.0
2132,41.32,25.63,0.0,0.0,0.0,0.1,15.69,0.0
2133,39.45,26.64,0.0,0.0,0.0,0.1,12.81,0.0
2134,37.5,20.39,0.0,0.0,0.0,0.1,17.11,0.0
2135,37.5,19.44,0.0,0.0,0.0,0.1,18.06,0.0
2136,37.5,24.93,0.0,0.0,0.0,0.1,12.56,0.0
2137,37.5,36.15,0.0,0.0,0.0,0.1,1.34,0.0
2138,37.5,13.22,0.0,0.0,0.0,0.1,24.27,0.0
2139,37.5,10.15,0.0,0.0,0.0,0.1,27.35,0.0
2140,37.5,21.46,0.0,0.0,0.0,0.1,16.03,0.0
2141,37.5,18.65,0.0,0.0,0.0,0.1,18.85,0.0
2142,37.5,17.56,0.0,0.0,0.0,0.1,19.94,0.0
2143,39.45,16.07,9.85,0.0,0.0,0.1,13.54,0.0
2144,41.32,10.44,22.22,0.0,0.0,0.1,8.66,0.0
2145,43.05,22.4,25.23,4.58,0.0,0.1,0.0,0.0
2146,44.57,0.0,41.55,0.0,3.02,0.5876,0.0,0.0
2147,45.81,1.94,43.87,0.0,0.0,0.2319,0.0,0.0
2148,46.74,7.43,45.59,6.28,0.0,0.2319,0.0,0.0
2149,47.31,0.0,45.18,0.0,2.13,0.9,0.0,0.0
2150,47.5,7.91,40.33,0.74,0.0,0.6494,0.0,0.0
2151,47.31,23.76,25.15,1.61,0.0,0.7287,0.0,0.0
2152,46.74,12.38,22.65,0.0,6.78,0.9,4.92,0.0
2153,45.81,15.96,11.19,0.0,0.0,0.1,18.66,0.0
2154,44.57,6.18,0.0,0.0,0.0,0.1,38.39,0.0
2155,43.05,13.35,0.0,0.0,0.0,0.1,29.71,0.0
2156,41.32,17.18,0.0,0.0,0.0,0.1,24.15,0.0
2157,39.45,19.28,0.0,0.0,0.0,0.1,20.17,0.0
2158,37.5,33.24,0.0,0.0,0.0,0.1,4.26,0.0
2159,37.5,28.28,0.0,0.0,0.0,0.1,9.21,0.0
2160,37.5,15.16,0.0,0.0,0.0,0.1,22.33,0.0
2161,37.5,25.68,0.0,0.0,0.0,0.1,11.82,0.0
2162,37.5,26.88,0.0,0.0,0.0,0.1,10.62,0.0
2163,37.5,30.72,0.0,0.0,0.0,0.1,6.78,0.0
2164,37.5,32.57,0.0,0.0,0.0,0.1,4.93,0.0
2165,37.5,10.05,0.0,0.0,0.0,0.1,27.45,0.0
2166,37.5,9.61,0.0,0.0,0.0,0.1,27.89,0.0
2167,39.45,4.01,12.04,0.0,0.0,0.1,23.4,0.0
2168,41.33,10.22,24.09,0.0,0.0,0.1,7.01,0.0
2169,43.06,14.14,33.44,4.53,0.0,0.1,0.0,0.0
2170,44.57,17.01,23.47,0.0,4.08,0.5815,0.0,0.0
2171,45.81,7.51,45.82,7.52,0.0,0.1,0.0,0.0
2172,46.74,5.57,41.17,0.0,0.0,0.9,0.0,0.0
2173,47.31,2.3,45.0,0.0,0.0,0.9,0.0,0.0
2174,47.5,1.19,39.52,0.0,6.78,0.9,0.0,0.0
2175,47.31,27.03,27.8,7.52,0.0,0.1,0.0,0.0
2176,46.74,0.0,22.31,0.0,6.78,0.9,17.65,0.0
2177,45.81,15.46,11.52,0.0,0.0,0.1,18.83,0.0
2178,44.57,32.12,0.0,0.0,0.0,0.1,12.45,0.0
2179,43.06,18.16,0.0,0.0,0.0,0.1,24.9,0.0
2180,41.33,18.51,0.0,0.0,0.0,0.1,22.82,0.0
2181,39.45,18.83,0.0,0.0,0.0,0.1,20.62,0.0
2182,37.5,21.49,0.0,0.0,0.0,0.1,16.01,0.0
2183,37.5,34.62,0.0,0.0,0.0,0.1,2.88,0.0
2184,37.5,6.29,0.0,0.0,0.0,0.1,31.21,0.0
2185,37.5,35.76,0.0,0.0,0.0,0.1,1.74,0.0
2186,37.5,11.48,0.0,0.0,0.0,0.1,26.02,0.0
2187,37.5,19.41,0.0,0.0,0.0,0.1,18.09,0.0
2188,37.5,16.47,0.0,0.0,0.0,0.1,21.03,0.0
2189,37.5,22.64,0.0,0.0,0.0,0.1,14.86,0.0
2190,37.5,3.22,0.0,0.0,0.0,0.1,34.28,0.0
2191,39.45,17.53,11.56,0.0,0.0,0.1,10.36,0.0
2192,41.33,27.08,21.77,7.52,0.0,0.1,0.0,0.0
2193,43.06,0.0,32.64,0.0,6.78,0.9,3.63,0.0
2194,44.57,10.54,40.56,6.53,0.0,0.1,0.0,0.0
2195,45.81,2.99,42.83,0.0,0.0,0.7952,0.0,0.0
2196,46.74,1.18,46.55,0.99,0.0,0.7952,0.0,0.0
2197,47.31,8.4,38.91,0.0,0.0,0.9,0.0,0.0
2198,47.5,3.94,40.38,0.0,3.18,0.9,0.0,0.0
2199,47.31,14.17,33.36,0.23,0.0,0.5254,0.0,0.0
2200,46.74,26.27,23.76,3.29,0.0,0.5495,0.0,0.0
2201,45.81,12.34,10.18,0.0,6.78,0.9,16.5,0.0
2202,44.57,21.63,0.0,0.0,0.0,0.1,22.94,0.0
2203,43.06,7.7,0.0,0.0,0.0,0.1,35.36,0.0
2204,41.33,12.29,0.0,0.0,0.0,0.1,29.04,0.0
2205,39.45,25.28,0.0,0.0,0.0,0.1,14.17,0.0
2206,37.5,34.57,0.0,0.0,0.0,0.1,2.93,0.0
2207,37.5,26.41,0.0,0.0,0.0,0.1,11.09,0.0
2208,37.5,21.23,0.0,0.0,0.0,0.1,16.27,0.0
2209,37.5,23.44,0.0,0.0,0.0,0.1,14.06,0.0
2210,37.5,12.72,0.0,0.0,0.0,0.1,24.78,0.0
2211,37.5,26.19,0.0,0.0,0.0,0.1,11.31,0.0
2212,37.5,26.75,0.0,0.0,0.0,0.1,10.75,0.0
2213,37.5,14.24,0.0,0.0,0.0,0.1,23.26,0.0
2214,37.5,12.04,0.0,0.0,0.0,0.1,25.46,0.0
2215,39.45,15.83,11.18,0.0,0.0,0.1,12.44,0.0
2216,41.33,8.34,24.15,0.0,0.0,0.1,8.83,0.0
2217,43.06,9.64,33.55,0.13,0.0,0.1,0.0,0.0
2218,44.57,25.57,18.88,0.0,0.12,0.114,0.0,0.0
2219,45.81,6.15,41.16,1.49,0.0,0.1,0.0,0.0
2220,46.74,4.99,47.77,6.02,0.0,0.259,0.0,0.0
2221,47.31,2.97,44.34,0.0,0.0,0.9,0.0,0.0
2222,47.5,14.81,32.69,0.0,0.0,0.9,0.0,0.0
2223,47.31,8.72,33.14,0.0,5.45,0.9,0.0,0.0
2224,46.74,6.65,23.27,0.0,0.0,0.2579,16.81,0.0
2225,45.81,24.21,11.38,0.0,0.0,0.2579,10.22,0.0
2226,44.57,27.05,0.0,0.0,0.0,0.2579,17.52,0.0
2227,43.06,13.06,0.0,0.0,0.0,0.2579,29.99,0.0
2228,41.33,4.93,0.0,0.0,0.0,0.2579,36.4,0.0
2229,39.45,29.39,0.0,0.0,0.0,0.2579,10.06,0.0
2230,37.5,17.22,0.0,0.0,0.0,0.2579,20.28,0.0
2231,37.5,29.72,0.0,0.0,0.0,0.2579,7.78,0.0
2232,37.5,7.94,0.0,0.0,0.0,0.2579,29.56,0.0
2233,37.5,30.4,0.0,0.0,0.0,0.2579,7.1,0.0
2234,37.5,12.9,0.0,0.0,0.0,0.2579,24.6,0.0
2235,37.5,27.06,0.0,0.0,0.0,0.2579,10.44,0.0
2236,37.5,19.72,0.0,0.0,0.0,0.2579,17.78,0.0
2237,37.5,10.12,0.0,0.0,0.0,0.2579,27.38,0.0
2238,37.5,12.41,0.0,0.0,0.0,0.2579,25.09,0.0
2239,39.45,19.03,11.11,0.0,1.34,0.2579,7.97,0.0
2240,41.33,12.51,24.06,0.0,0.0,0.1,4.75,0.0
2241,43.05,14.67,28.39,0.0,0.0,0.1,0.0,0.0
2242,44.57,24.46,27.63,7.52,0.0,0.1,0.0,0.0
2243,45.81,0.0,39.03,0.0,6.78,0.9,0.0,0.0
2244,46.74,20.54,33.72,7.52,0.0,0.1,0.0,0.0
2245,47.31,8.8,38.51,0.0,0.0,0.9,0.0,0.0
2246,47.5,1.63,42.0,0.0,3.87,0.9,0.0,0.0
2247,47.31,0.0,31.95,0.0,0.0,0.4439,15.36,0.0
2248,46.74,10.17,21.71,0.0,0.0,0.4439,14.86,0.0
2249,45.81,20.9,11.09,0.0,0.0,0.4439,13.82,0.0
2250,44.57,14.63,0.0,0.0,0.0,0.4439,29.94,0.0
2251,43.05,29.69,0.0,0.0,0.0,0.4439,13.36,0.0
2252,41.33,8.09,0.0,0.0,0.0,0.4439,33.24,0.0
2253,39.45,21.16,0.0,0.0,0.0,0.4439,18.29,0.0
2254,37.5,12.57,0.0,0.0,0.0,0.4439,24.93,0.0
2255,37.5,26.2,0.0,0.0,0.0,0.4439,11.3,0.0
2256,37.5,30.48,0.0,0.0,0.0,0.4439,7.01,0.0
2257,37.5,19.83,0.0,0.0,0.0,0.4439,17.67,0.0
2258,37.5,1.7,0.0,0.0,0.0,0.4439,35.79,0.0
2259,37.5,22.7,0.0,0.0,0.0,0.4439,14.8,0.0
2260,37.5,22.94,0.0,0.0,0.0,0.4439,14.56,0.0
2261,37.5,20.77,0.0,0.0,0.0,0.4439,16.73,0.0
2262,37.5,25.31,0.0,0.0,2.75,0.4439,9.43,0.0
2263,39.45,4.94,10.53,0.0,0.0,0.1195,23.98,0.0
2264,41.32,16.93,24.22,0.0,0.17,0.1195,0.0,0.0
2265,43.05,18.66,31.91,7.52,0.0,0.1,0.0,0.0
2266,44.57,0.0,41.11,0.0,3.46,0.9,0.0,0.0
2267,45.81,0.0,42.48,0.0,3.33,0.4925,0.0,0.0
2268,46.74,3.56,46.38,3.21,0.0,0.1,0.0,0.0
2269,47.31,4.97,46.65,4.31,0.0,0.4415,0.0,0.0
2270,47.5,11.39,36.11,0.0,0.0,0.9,0.0,0.0
2271,47.31,6.02,33.39,0.0,6.78,0.9,1.11,0.0
2272,46.74,6.17,23.61,0.0,0.0,0.1,16.95,0.0
2273,45.81,13.72,12.2,0.0,0.0,0.1,19.9,0.0
2274,44.57,6.87,0.0,0.0,0.0,0.1,37.7,0.0
2275,43.05,8.94,0.0,0.0,0.0,0.1,34.12,0.0
2276,41.32,24.87,0.0,0.0,0.0,0.1,16.46,0.0
2277,39.45,12.0,0.0,0.0,0.0,0.1,27.45,0.0
2278,37.5,27.67,0.0,0.0,0.0,0.1,9.83,0.0
2279,37.5,26.85,0.0,0.0,0.0,0.1,10.65,0.0
2280,37.49,9.6,0.0,0.0,0.0,0.1,27.89,0.0
2281,37.49,17.66,0.0,0.0,0.0,0.1,19.84,0.0
2282,37.49,31.72,0.0,0.0,0.0,0.1,5.77,0.0
2283,37.49,13.19,0.0,0.0,0.0,0.1,24.3,0.0
2284,37.49,15.65,0.0,0.0,0.0,0.1,21.85,0.0
2285,37.49,21.09,0.0,0.0,0.0,0.1,16.4,0.0
2286,37.49,21.59,0.0,0.0,0.0,0.1,15.91,0.0
2287,39.45,11.31,10.37,0.0,0.0,0.1,17.76,0.0
2288,41.32,6.65,22.54,0.0,0.0,0.1,12.13,0.0
2289,43.05,21.05,22.0,0.0,0.0,0.1,0.0,0.0
2290,44.57,22.3,29.79,7.52,0.0,0.1,0.0,0.0
2291,45.81,15.47,30.34,0.0,0.0,0.9,0.0,0.0
2292,46.73,8.1,38.63,0.0,0.0,0.9,0.0,0.0
2293,47.3,1.28,46.02,0.0,0.0,0.9,0.0,0.0
2294,47.49,1.9,42.5,0.0,0.0,0.9,3.1,0.0
2295,47.3,13.9,32.38,0.0,0.0,0.9,1.02,0.0
2296,46.73,14.72,22.23,0.0,0.0,0.9,9.78,0.0
2297,45.81,24.44,11.32,0.0,0.0,0.9,10.05,0.0
2298,44.57,20.53,0.0,0.0,0.0,0.9,24.03,0.0
2299,43.05,5.49,0.0,0.0,0.0,0.9,37.56,0.0
2300,41.32,27.69,0.0,0.0,0.0,0.9,13.63,0.0
2301,39.45,13.06,0.0,0.0,0.0,0.9,26.39,0.0
2302,37.49,19.19,0.0,0.0,0.0,0.9,18.3,0.0
2303,37.49,25.02,0.0,0.0,6.78,0.9,5.69,0.0
2304,37.49,37.49,0.0,0.0,0.0,0.1,0.0,0.0
2305,37.49,45.01,0.0,7.52,0.0,0.1,0.0,0.0
2306,37.49,26.92,0.0,0.0,6.78,0.9,3.78,0.0
2307,37.49,19.39,0.0,0.0,0.0,0.1,18.1,0.0
2308,37.49,23.44,0.0,0.0,0.0,0.1,14.05,0.0
2309,37.49,24.33,0.0,0.0,0.0,0.1,13.16,0.0
2310,37.49,12.68,0.0,0.0,0.0,0.1,24.81,0.0
2311,39.44,27.43,10.37,0.0,0.0,0.1,1.64,0.0
2312,41.32,13.09,21.86,0.0,0.0,0.1,6.37,0.0
2313,43.05,13.57,34.3,4.82,0.0,0.1,0.0,0.0
2314,44.56,13.64,26.57,0.0,4.35,0.6126,0.0,0.0
2315,45.81,0.03,45.77,0.0,0.0,0.1,0.0,0.0
2316,46.73,13.95,40.3,7.52,0.0,0.1,0.0,0.0
2317,47.3,2.66,44.64,0.0,0.0,0.9,0.0,0.0
2318,47.49,3.92,40.21,0.0,3.36,0.9,0.0,0.0
2319,47.3,0.88,34.23,0.0,0.0,0.5043,12.19,0.0
2320,46.73,14.75,23.22,0.0,0.0,0.5043,8.76,0.0
2321,45.81,19.36,12.4,0.0,0.0,0.5043,14.04,0.0
2322,44.56,18.87,0.0,0.0,0.0,0.5043,25.7,0.0
2323,43.05,30.58,0.0,0.0,0.0,0.5043,12.47,0.0
2324,41.32,19.16,0.0,0.0,0.0,0.5043,22.16,0.0
2325,39.44,26.15,0.0,0.0,0.0,0.5043,13.29,0.0
2326,37.49,13.44,0.0,0.0,0.0,0.5043,24.05,0.0
2327,37.49,19.83,0.0,0.0,0.0,0.5043,17.67,0.0
2328,37.49,28.56,0.0,0.0,0.0,0.5043,8.93,0.0
2329,37.49,29.5,0.0,0.0,0.0,0.5043,7.98,0.0
2330,37.49,19.64,0.0,0.0,0.0,0.5043,17.85,0.0
2331,37.49,20.14,0.0,0.0,0.0,0.5043,17.35,0.0
2332,37.49,7.01,0.0,0.0,0.0,0.5043,30.47,0.0
2333,37.49,14.31,0.0,0.0,0.0,0.5043,23.17,0.0
2334,37.49,22.16,0.0,0.0,0.0,0.5043,15.32,0.0
2335,39.44,17.61,11.96,0.0,3.43,0.5043,6.44,0.0
2336,41.31,15.1,22.37,0.0,0.0,0.1,3.85,0.0
2337,43.04,9.88,34.66,1.49,0.0,0.1,0.0,0.0
2338,44.56,2.66,41.9,0.0,0.0,0.259,0.0,0.0
2339,45.8,2.18,46.39,2.77,0.0,0.259,0.0,0.0
2340,46.73,12.7,30.18,0.0,3.85,0.5534,0.0,0.0
2341,47.3,8.85,45.96,7.52,0.0,0.1,0.0,0.0
2342,47.49,12.13,35.36,0.0,0.0,0.9,0.0,0.0
2343,47.3,5.3,33.29,0.0,6.78,0.9,1.91,0.0
2344,46.73,0.0,22.35,0.0,0.0,0.1,24.38,0.0
2345,45.8,21.75,12.48,0.0,0.0,0.1,11.57,0.0
2346,44.56,11.29,0.0,0.0,0.0,0.1,33.27,0.0
2347,43.04,10.3,0.0,0.0,0.0,0.1,32.74,0.0
2348,41.31,24.57,0.0,0.0,0.0,0.1,16.74,0.0
2349,39.44,17.6,0.0,0.0,0.0,0.1,21.84,0.0
2350,37.49,30.39,0.0,0.0,0.0,0.1,7.1,0.0
2351,37.49,27.66,0.0,0.0,0.0,0.1,9.83,0.0
2352,37.48,28.33,0.0,0.0,0.0,0.1,9.16,0.0
2353,37.48,11.78,0.0,0.0,0.0,0.1,25.7,0.0
2354,37.48,31.46,0.0,0.0,0.0,0.1,6.03,0.0
2355,37.48,22.65,0.0,0.0,0.0,0.1,14.84,0.0
2356,37.48,16.0,0.0,0.0,0.0,0.1,21.49,0.0
2357,37.48,18.15,0.0,0.0,0.0,0.1,19.33,0.0
2358,37.48,0.86,0.0,0.0,0.0,0.1,36.63,0.0
2359,39.43,16.15,12.65,0.0,0.0,0.1,10.64,0.0
2360,41.31,2.82,24.14,0.0,0.0,0.1,14.36,0.0
2361,43.04,0.0,35.04,0.0,0.0,0.1,8.0,0.0
2362,44.55,0.0,42.5,0.0,0.0,0.1,2.06,0.0
2363,45.8,16.12,29.67,0.0,0.0,0.1,0.0,0.0
2364,46.72,2.02,44.7,0.0,0.0,0.1,0.0,0.0
2365,47.29,19.47,35.34,7.52,0.0,0.1,0.0,0.0
2366,47.48,3.83,41.68,0.0,1.98,0.9,0.0,0.0
2367,47.29,0.0,34.44,0.0,0.0,0.667,12.85,0.0
2368,46.72,2.12,22.67,0.0,4.81,0.667,17.12,0.0
2369,45.8,22.72,11.2,0.0,0.0,0.1,11.88,0.0
2370,44.55,13.72,0.0,0.0,0.0,0.1,30.83,0.0
2371,43.04,12.66,0.0,0.0,0.0,0.1,30.38,0.0
2372,41.31,20.2,0.0,0.0,0.0,0.1,21.11,0.0
2373,39.43,24.56,0.0,0.0,0.0,0.1,14.88,0.0
2374,37.48,30.71,0.0,0.0,0.0,0.1,6.78,0.0
2375,37.48,34.13,0.0,0.0,0.0,0.1,3.36,0.0
2376,37.48,19.91,0.0,0.0,0.0,0.1,17.57,0.0
2377,37.48,11.96,0.0,0.0,0.0,0.1,25.51,0.0
2378,37.48,18.42,0.0,0.0,0.0,0.1,19.06,0.0
2379,37.48,22.5,0.0,0.0,0.0,0.1,14.97,0.0
2380,37.48,11.14,0.0,0.0,0.0,0.1,26.34,0.0
2381,37.48,9.28,0.0,0.0,0.0,0.1,28.2,0.0
2382,37.48,17.55,0.0,0.0,0.0,0.1,19.93,0.0
2383,39.43,12.38,10.42,0.0,0.0,0.1,16.63,0.0
2384,41.3,11.11,24.79,0.0,0.0,0.1,5.4,0.0
2385,43.03,3.19,33.93,0.0,0.0,0.1,5.91,0.0
2386,44.55,2.95,41.6,0.0,0.0,0.1,0.0,0.0
2387,45.79,0.0,45.79,0.0,0.0,0.1,0.0,0.0
2388,46.72,13.95,32.77,0.0,0.0,0.1,0.0,0.0
2389,47.29,15.37,39.43,7.52,0.0,0.1,0.0,0.0
2390,47.48,0.0,43.27,0.0,4.21,0.9,0.0,0.0
2391,47.29,1.83,33.33,0.0,0.0,0.4034,12.12,0.0
2392,46.72,0.0,24.9,0.0,0.0,0.4034,21.81,0.0
2393,45.79,7.61,11.59,0.0,0.0,0.4034,26.59,0.0
2394,44.55,14.16,0.0,0.0,0.0,0.4034,30.39,0.0
2395,43.03,5.37,0.0,0.0,0.0,0.4034,37.67,0.0
2396,41.3,11.47,0.0,0.0,0.0,0.4034,29.83,0.0
2397,39.43,12.47,0.0,0.0,0.0,0.4034,26.96,0.0
2398,37.48,23.34,0.0,0.0,0.0,0.4034,14.13,0.0
2399,37.48,23.04,0.0,0.0,0.0,0.4034,14.44,0.0
2400,37.47,16.9,0.0,0.0,0.0,0.4034,20.57,0.0
2401,37.47,23.76,0.0,0.0,0.0,0.4034,13.71,0.0
2402,37.47,17.22,0.0,0.0,0.0,0.4034,20.25,0.0
2403,37.47,18.14,0.0,0.0,0.0,0.4034,19.33,0.0
2404,37.47,31.94,0.0,0.0,0.0,0.4034,5.53,0.0
2405,37.47,27.39,0.0,0.0,0.0,0.4034,10.09,0.0
2406,37.47,4.37,0.0,0.0,0.0,0.4034,33.1,0.0
2407,39.42,19.22,12.79,0.0,0.0,0.4034,7.42,0.0
2408,41.3,17.16,22.54,0.0,0.0,0.4034,1.6,0.0
2409,43.03,0.0,35.39,0.0,2.57,0.4034,5.06,0.0
2410,44.54,14.31,30.23,0.0,0.0,0.1,0.0,0.0
2411,45.79,19.23,34.08,7.52,0.0,0.1,0.0,0.0
2412,46.71,0.0,40.7,0.0,6.01,0.9,0.0,0.0
2413,47.28,0.0,46.51,0.0,0.77,0.191,0.0,0.0
2414,47.47,15.89,39.1,7.52,0.0,0.1,0.0,0.0
2415,47.28,11.23,34.67,0.0,1.38,0.9,0.0,0.0
2416,46.71,15.1,24.96,0.0,0.0,0.7374,6.65,0.0
2417,45.79,15.34,12.65,0.0,0.0,0.7374,17.79,0.0
2418,44.54,17.79,0.0,0.0,0.0,0.7374,26.75,0.0
2419,43.03,6.21,0.0,0.0,0.0,0.7374,36.82,0.0
2420,41.3,26.97,0.0,0.0,0.0,0.7374,14.33,0.0
2421,39.42,29.59,0.0,0.0,4.96,0.7374,4.88,0.0
2422,37.47,19.74,0.0,0.0,0.0,0.1531,17.73,0.0
2423,37.47,22.01,0.0,0.0,0.0,0.1531,15.46,0.0
2424,37.46,10.34,0.0,0.0,0.0,0.1531,27.13,0.0
2425,37.46,26.3,0.0,0.0,0.0,0.1531,11.16,0.0
2426,37.46,25.97,0.0,0.0,0.0,0.1531,11.49,0.0
2427,37.46,19.67,0.0,0.0,0.0,0.1531,17.79,0.0
2428,37.46,27.45,0.0,0.0,0.0,0.1531,10.02,0.0
2429,37.46,13.96,0.0,0.0,0.0,0.1531,23.51,0.0
2430,37.46,19.04,0.0,0.0,0.0,0.1531,18.43,0.0
2431,39.42,4.4,11.49,0.0,0.0,0.1531,23.52,0.0
2432,41.29,10.4,23.44,0.0,0.0,0.1531,7.45,0.0
2433,43.02,7.55,35.02,0.0,0.45,0.1531,0.0,0.0
2434,44.54,9.47,41.24,6.17,0.0,0.1,0.0,0.0
2435,45.78,3.95,36.26,0.0,5.57,0.7562,0.0,0.0
2436,46.7,5.57,41.13,0.0,0.0,0.1,0.0,0.0
2437,47.27,13.44,41.35,7.52,0.0,0.1,0.0,0.0
2438,47.46,4.21,40.96,0.0,2.3,0.9,0.0,0.0
2439,47.27,0.0,34.83,0.0,4.49,0.629,7.95,0.0
2440,46.7,24.47,22.51,0.28,0.0,0.1,0.0,0.0
2441,45.78,23.47,11.21,0.0,0.0,0.1298,11.11,0.0
2442,44.54,4.29,0.0,0.0,0.0,0.1298,40.24,0.0
2443,43.02,22.08,0.0,0.0,0.0,0.1298,20.94,0.0
2444,41.29,14.53,0.0,0.0,0.0,0.1298,26.76,0.0
2445,39.42,22.26,0.0,0.0,0.0,0.1298,17.16,0.0
2446,37.46,23.76,0.0,0.0,0.0,0.1298,13.7,0.0
2447,37.46,20.36,0.0,0.0,0.0,0.1298,17.1,0.0
2448,37.46,16.13,0.0,0.0,0.0,0.1298,21.32,0.0
2449,37.46,16.6,0.0,0.0,0.0,0.1298,20.85,0.0
2450,37.46,14.02,0.0,0.0,0.0,0.1298,23.44,0.0
2451,37.46,13.43,0.0,0.0,0.0,0.1298,24.03,0.0
2452,37.46,17.85,0.0,0.0,0.0,0.1298,19.6,0.0
2453,37.46,10.79,0.0,0.0,0.0,0.1298,26.67,0.0
2454,37.46,19.83,0.0,0.0,0.0,0.1298,17.62,0.0
2455,39.41,24.17,11.95,0.0,0.0,0.1298,3.28,0.0
2456,41.28,5.84,23.88,0.0,0.25,0.1298,11.31,0.0
2457,43.01,9.13,33.88,0.0,0.0,0.1,0.0,0.0
2458,44.53,11.51,40.54,7.52,0.0,0.1,0.0,0.0
2459,45.77,0.0,45.77,0.0,0.0,0.9,0.0,0.0
2460,46.7,7.08,39.61,0.0,0.0,0.9,0.0,0.0
2461,47.27,0.09,47.17,0.0,0.0,0.9,0.0,0.0
2462,47.46,11.37,36.09,0.0,0.0,0.9,0.0,0.0
2463,47.27,0.0,33.96,0.0,6.78,0.9,6.52,0.0
2464,46.7,17.35,25.18,0.0,0.0,0.1,4.17,0.0
2465,45.77,19.41,11.64,0.0,0.0,0.1,14.73,0.0
2466,44.53,8.36,0.0,0.0,0.0,0.1,36.17,0.0
2467,43.01,16.77,0.0,0.0,0.0,0.1,26.24,0.0
2468,41.28,23.81,0.0,0.0,0.0,0.1,17.47,0.0
2469,39.41,18.37,0.0,0.0,0.0,0.1,21.04,0.0
2470,37.46,29.81,0.0,0.0,0.0,0.1,7.64,0.0
2471,37.46,40.86,0.0,3.4,0.0,0.1,0.0,0.0
2472,37.45,15.98,0.0,0.0,0.0,0.4616,21.47,0.0
2473,37.45,10.99,0.0,0.0,0.0,0.4616,26.46,0.0
2474,37.45,23.57,0.0,0.0,0.0,0.4616,13.88,0.0
2475,37.45,25.63,0.0,0.0,0.0,0.4616,11.82,0.0
2476,37.45,16.42,0.0,0.0,0.0,0.4616,21.03,0.0
2477,37.45,27.88,0.0,0.0,0.0,0.4616,9.57,0.0
2478,37.45,3.66,0.0,0.0,3.07,0.4616,30.73,0.0
2479,39.4,17.73,12.2,0.0,0.0,0.1,9.47,0.0
2480,41.28,5.5,25.12,0.0,0.0,0.1,10.65,0.0
2481,43.0,22.32,20.68,0.0,0.0,0.1,0.0,0.0
2482,44.52,23.23,28.81,7.52,0.0,0.1,0.0,0.0
2483,45.76,0.53,45.24,0.0,0.0,0.9,0.0,0.0
2484,46.69,1.98,44.71,0.0,0.0,0.9,0.0,0.0
2485,47.26,13.44,33.82,0.0,0.0,0.9,0.0,0.0
2486,47.45,4.33,43.11,0.0,0.0,0.9,0.0,0.0
2487,47.26,8.31,33.06,0.0,5.89,0.9,0.0,0.0
2488,46.69,10.52,24.25,0.0,0.0,0.2053,11.92,0.0
2489,45.76,0.0,11.57,0.0,0.0,0.2053,34.19,0.0
2490,44.52,14.17,0.0,0.0,0.0,0.2053,30.35,0.0
2491,43.0,10.86,0.0,0.0,0.0,0.2053,32.14,0.0
2492,41.28,14.34,0.0,0.0,0.0,0.2053,26.94,0.0
2493,39.4,31.36,0.0,0.0,0.0,0.2053,8.04,0.0
2494,37.45,11.18,0.0,0.0,0.0,0.2053,26.27,0.0
2495,37.45,28.41,0.0,0.0,0.0,0.2053,9.04,0.0
2496,37.44,19.88,0.0,0.0,0.0,0.2053,17.56,0.0
2497,37.44,19.6,0.0,0.0,0.0,0.2053,17.84,0.0
2498,37.44,27.3,0.0,0.0,0.0,0.2053,10.14,0.0
2499,37.44,22.46,0.0,0.0,0.0,0.2053,14.98,0.0
2500,37.44,22.65,0.0,0.0,0.0,0.2053,14.79,0.0
2501,37.44,23.89,0.0,0.0,0.0,0.2053,13.55,0.0
2502,37.44,11.52,0.0,0.0,0.0,0.2053,25.92,0.0
2503,39.39,7.23,10.99,0.0,0.0,0.2053,21.16,0.0
2504,41.27,1.57,23.05,0.0,0.0,0.2053,16.65,0.0
2505,43.0,1.98,34.75,0.0,0.89,0.2053,5.37,0.0
2506,44.51,30.69,13.82,0.0,0.0,0.1,0.0,0.0
2507,45.75,16.36,36.91,7.52,0.0,0.1,0.0,0.0
2508,46.68,0.0,44.91,0.0,1.77,0.9,0.0,0.0
2509,47.25,0.0,49.2,1.96,0.0,0.6919,0.0,0.0
2510,47.44,11.1,36.34,0.0,0.0,0.9,0.0,0.0
2511,47.25,12.88,33.55,0.0,0.81,0.9,0.0,0.0
2512,46.68,14.54,23.53,0.0,5.97,0.8042,2.64,0.0
2513,45.75,10.07,12.41,0.0,0.0,0.1,23.27,0.0
2514,44.51,13.15,0.0,0.0,0.0,0.1,31.36,0.0
2515,43.0,18.81,0.0,0.0,0.0,0.1,24.19,0.0
2516,41.27,18.8,0.0,0.0,0.0,0.1,22.46,0.0
2517,39.39,2.14,0.0,0.0,0.0,0.1,37.25,0.0
2518,37.44,19.2,0.0,0.0,0.0,0.1,18.24,0.0
2519,37.44,15.06,0.0,0.0,0.0,0.1,22.38,0.0
2520,37.43,23.35,0.0,0.0,0.0,0.1,14.08,0.0
2521,37.43,44.95,0.0,7.52,0.0,0.1,0.0,0.0
2522,37.43,23.81,0.0,0.0,6.78,0.9,6.83,0.0
2523,37.43,17.14,0.0,0.0,0.0,0.1,20.29,0.0
2524,37.43,25.31,0.0,0.0,0.0,0.1,12.12,0.0
2525,37.43,19.9,0.0,0.0,0.0,0.1,17.53,0.0
2526,37.43,17.35,0.0,0.0,0.0,0.1,20.08,0.0
2527,39.38,16.78,10.54,0.0,0.0,0.1,12.06,0.0
2528,41.26,24.6,24.17,7.52,0.0,0.1,0.0,0.0
2529,42.99,0.0,33.53,0.0,6.78,0.9,2.67,0.0
2530,44.5,10.9,33.6,0.0,0.0,0.1,0.0,0.0
2531,45.74,0.0,45.74,0.0,0.0,0.1,0.0,0.0
2532,46.67,5.21,48.98,7.52,0.0,0.1,0.0,0.0
2533,47.24,0.0,47.24,0.0,0.0,0.9,0.0,0.0
2534,47.43,3.83,42.32,0.0,1.28,0.9,0.0,0.0
2535,47.24,6.06,35.5,0.0,0.0,0.7489,5.68,0.0
2536,46.67,17.8,24.75,0.0,0.0,0.7489,4.13,0.0
2537,45.74,19.25,12.6,0.0,0.0,0.7489,13.89,0.0
2538,44.5,4.13,0.0,0.0,0.0,0.7489,40.37,0.0
2539,42.99,16.51,0.0,0.0,2.03,0.7489,24.45,0.0
2540,41.26,12.35,0.0,0.0,0.0,0.5093,28.9,0.0
2541,39.38,9.64,0.0,0.0,0.0,0.5093,29.74,0.0
2542,37.43,19.17,0.0,0.0,0.0,0.5093,18.26,0.0
2543,37.43,19.24,0.0,0.0,0.0,0.5093,18.19,0.0
2544,37.42,41.09,0.0,3.67,0.0,0.5093,0.0,0.0
2545,37.42,24.99,0.0,0.0,6.78,0.9,5.64,0.0
2546,37.42,9.82,0.0,0.0,0.0,0.1,27.6,0.0
2547,37.42,15.01,0.0,0.0,0.0,0.1,22.41,0.0
2548,37.42,25.96,0.0,0.0,0.0,0.1,11.46,0.0
2549,37.42,32.52,0.0,0.0,0.0,0.1,4.9,0.0
2550,37.42,1.29,0.0,0.0,0.0,0.1,36.13,0.0
2551,39.37,0.0,10.41,0.0,0.0,0.1,28.96,0.0
2552,41.25,24.77,24.0,7.52,0.0,0.1,0.0,0.0
2553,42.98,11.36,27.31,0.0,4.3,0.9,0.0,0.0
2554,44.49,0.12,41.89,0.0,2.49,0.3934,0.0,0.0
2555,45.73,0.0,45.73,0.0,0.0,0.1,0.0,0.0
2556,46.66,0.0,46.66,0.0,0.0,0.1,0.0,0.0
2557,47.23,5.61,49.13,7.52,0.0,0.1,0.0,0.0
2558,47.42,9.61,37.81,0.0,0.0,0.9,0.0,0.0
2559,47.23,15.61,31.62,0.0,0.0,0.9,0.0,0.0
2560,46.66,1.87,23.5,0.0,6.78,0.9,14.51,0.0
2561,45.73,12.51,11.6,0.0,0.0,0.1,21.62,0.0
2562,44.49,6.54,0.0,0.0,0.0,0.1,37.95,0.0
2563,42.98,17.97,0.0,0.0,0.0,0.1,25.01,0.0
2564,41.25,10.75,0.0,0.0,0.0,0.1,30.5,0.0
2565,39.37,16.26,0.0,0.0,0.0,0.1,23.11,0.0
2566,37.42,12.85,0.0,0.0,0.0,0.1,24.57,0.0
2567,37.42,26.72,0.0,0.0,0.0,0.1,10.7,0.0
2568,37.41,28.51,0.0,0.0,0.0,0.1,8.9,0.0
2569,37.41,19.56,0.0,0.0,0.0,0.1,17.85,0.0
2570,37.41,20.93,0.0,0.0,0.0,0.1,16.48,0.0
2571,37.41,7.87,0.0,0.0,0.0,0.1,29.54,0.0
2572,37.41,15.34,0.0,0.0,0.0,0.1,22.07,0.0
2573,37.41,15.41,0.0,0.0,0.0,0.1,22.0,0.0
2574,37.41,34.56,0.0,0.0,0.0,0.1,2.85,0.0
2575,39.36,2.87,13.21,0.0,0.0,0.1,23.28,0.0
2576,41.24,16.09,25.14,0.0,0.0,0.1,0.0,0.0
2577,42.96,16.05,26.91,0.0,0.0,0.1,0.0,0.0
2578,44.48,2.22,42.26,0.0,0.0,0.1,0.0,0.0
2579,45.72,20.05,33.2,7.52,0.0,0.1,0.0,0.0
2580,46.65,8.77,37.88,0.0,0.0,0.9,0.0,0.0
2581,47.22,0.0,47.22,0.0,0.0,0.9,0.0,0.0
2582,47.41,5.24,42.17,0.0,0.0,0.9,0.0,0.0
2583,47.22,17.85,29.36,0.0,0.0,0.9,0.0,0.0
2584,46.65,18.49,23.49,0.0,4.67,0.9,0.0,0.0
2585,45.72,6.73,12.7,0.0,0.0,0.3491,26.29,0.0
2586,44.48,3.28,0.0,0.0,0.0,0.3491,41.2,0.0
2587,42.96,14.2,0.0,0.0,0.0,0.3491,28.77,0.0
2588,41.24,11.37,0.0,0.0,0.0,0.3491,29.86,0.0
2589,39.36,18.86,0.0,0.0,0.0,0.3491,20.5,0.0
2590,37.41,30.45,0.0,0.0,0.0,0.3491,6.96,0.0
2591,37.41,17.79,0.0,0.0,0.0,0.3491,19.62,0.0
2592,37.4,21.22,0.0,0.0,0.0,0.3491,16.18,0.0
2593,37.4,21.75,0.0,0.0,0.0,0.3491,15.65,0.0
2594,37.4,27.23,0.0,0.0,0.0,0.3491,10.16,0.0
2595,37.4,1.4,0.0,0.0,0.0,0.3491,36.0,0.0
2596,37.4,12.77,0.0,0.0,0.0,0.3491,24.62,0.0
2597,37.4,17.35,0.0,0.0,0.0,0.3491,20.04,0.0
2598,37.4,23.15,0.0,0.0,0.0,0.3491,14.25,0.0
2599,39.35,7.66,13.21,0.0,2.11,0.3491,16.37,0.0
2600,41.22,0.0,24.72,0.0,0.0,0.1,16.5,0.0
2601,42.95,12.93,34.0,3.97,0.0,0.1,0.0,0.0
2602,44.47,1.14,43.33,0.0,0.0,0.5225,0.0,0.0
2603,45.71,0.0,49.26,3.55,0.0,0.5225,0.0,0.0
2604,46.64,0.0,46.64,0.0,0.0,0.9,0.0,0.0
2605,47.2,0.0,47.2,0.0,0.0,0.9,0.0,0.0
2606,47.4,1.94,42.79,0.0,2.67,0.9,0.0,0.0
2607,47.2,0.0,34.42,0.0,4.12,0.5855,8.67,0.0
2608,46.64,16.77,24.63,0.0,0.0,0.1,5.24,0.0
2609,45.71,21.69,12.68,0.0,0.0,0.1,11.35,0.0
2610,44.47,18.79,0.0,0.0,0.0,0.1,25.67,0.0
2611,42.95,6.64,0.0,0.0,0.0,0.1,36.31,0.0
2612,41.22,15.99,0.0,0.0,0.0,0.1,25.23,0.0
2613,39.35,19.18,0.0,0.0,0.0,0.1,20.16,0.0
2614,37.4,25.25,0.0,0.0,0.0,0.1,12.15,0.0
2615,37.4,26.6,0.0,0.0,0.0,0.1,10.8,0.0
2616,37.38,15.6,0.0,0.0,0.0,0.1,21.78,0.0
2617,37.38,21.81,0.0,0.0,0.0,0.1,15.57,0.0
2618,37.38,24.0,0.0,0.0,0.0,0.1,13.39,0.0
2619,37.38,30.66,0.0,0.0,0.0,0.1,6.72,0.0
2620,37.38,23.05,0.0,0.0,0.0,0.1,14.33,0.0
2621,37.38,21.81,0.0,0.0,0.0,0.1,15.57,0.0
2622,37.38,14.16,0.0,0.0,0.0,0.1,23.23,0.0
2623,39.34,22.63,11.74,0.0,0.0,0.1,4.96,0.0
2624,41.21,12.77,24.73,0.0,0.0,0.1,3.71,0.0
2625,42.94,1.04,34.56,0.0,0.0,0.1,7.34,0.0
2626,44.46,17.76,34.22,7.52,0.0,0.1,0.0,0.0
2627,45.7,0.0,45.7,0.0,0.0,0.9,0.0,0.0
2628,46.62,2.03,44.59,0.0,0.0,0.9,0.0,0.0
2629,47.19,2.01,45.18,0.0,0.0,0.9,0.0,0.0
2630,47.38,2.88,44.5,0.0,0.0,0.9,0.0,0.0
2631,47.19,11.55,34.45,0.0,1.19,0.9,0.0,0.0
2632,46.62,11.09,25.39,0.0,0.0,0.7603,10.14,0.0
2633,45.7,13.91,13.14,0.0,0.0,0.7603,18.65,0.0
2634,44.46,26.99,0.0,0.0,0.0,0.7603,17.47,0.0
2635,42.94,24.05,0.0,0.0,0.0,0.7603,18.89,0.0
2636,41.21,18.97,0.0,0.0,0.0,0.7603,22.24,0.0
2637,39.34,26.58,0.0,0.0,0.0,0.7603,12.76,0.0
2638,37.38,12.17,0.0,0.0,0.0,0.7603,25.22,0.0
2639,37.38,24.32,0.0,0.0,0.0,0.7603,13.07,0.0
2640,37.37,35.67,0.0,0.0,1.71,0.7603,0.0,0.0
2641,37.37,19.3,0.0,0.0,0.0,0.5592,18.07,0.0
2642,37.37,13.51,0.0,0.0,3.89,0.5592,19.97,0.0
2643,37.37,13.8,0.0,0.0,0.0,0.1,23.57,0.0
2644,37.37,8.68,0.0,0.0,0.0,0.1,28.69,0.0
2645,37.37,9.18,0.0,0.0,0.0,0.1,28.19,0.0
2646,37.37,10.42,0.0,0.0,0.0,0.1,26.95,0.0
2647,39.32,0.15,13.41,0.0,0.0,0.1,25.77,0.0
2648,41.2,9.51,24.43,0.0,0.0,0.1,7.26,0.0
2649,42.93,14.53,35.91,7.52,0.0,0.1,0.0,0.0
2650,44.44,0.0,42.68,0.0,1.77,0.9,0.0,0.0
2651,45.69,17.75,22.91,0.0,5.02,0.6918,0.0,0.0
2652,46.61,9.48,42.53,5.4,0.0,0.1,0.0,0.0
2653,47.18,0.0,47.18,0.0,0.0,0.6745,0.0,0.0
2654,47.37,1.26,44.88,0.0,1.23,0.6745,0.0,0.0
2655,47.18,14.53,36.13,3.49,0.0,0.5291,0.0,0.0
2656,46.61,0.72,23.98,0.0,1.46,0.9,20.44,0.0
2657,45.69,18.37,13.28,0.0,0.0,0.7275,14.03,0.0
2658,44.44,14.72,0.0,0.0,0.0,0.7275,29.72,0.0
2659,42.93,19.81,0.0,0.0,0.0,0.7275,23.12,0.0
2660,41.2,8.0,0.0,0.0,0.0,0.7275,33.2,0.0
2661,39.32,11.87,0.0,0.0,0.0,0.7275,27.45,0.0
2662,37.37,24.98,0.0,0.0,0.0,0.7275,12.39,0.0
2663,37.37,13.5,0.0,0.0,0.0,0.7275,23.87,0.0
2664,37.36,24.85,0.0,0.0,0.0,0.7275,12.51,0.0
2665,37.36,10.05,0.0,0.0,0.0,0.7275,27.31,0.0
2666,37.36,26.84,0.0,0.0,0.0,0.7275,10.52,0.0
2667,37.36,9.06,0.0,0.0,0.0,0.7275,28.3,0.0
2668,37.36,21.59,0.0,0.0,0.0,0.7275,15.77,0.0
2669,37.36,20.25,0.0,0.0,0.0,0.7275,17.1,0.0
2670,37.36,7.7,0.0,0.0,0.0,0.7275,29.66,0.0
2671,39.31,15.8,11.38,0.0,0.0,0.7275,12.13,0.0
2672,41.18,11.33,23.3,0.0,0.0,0.7275,6.56,0.0
2673,42.91,3.34,34.25,0.0,5.32,0.7275,0.0,0.0
2674,44.43,0.0,44.88,0.46,0.0,0.1,0.0,0.0
2675,45.67,0.0,45.26,0.0,0.41,0.1486,0.0,0.0
2676,46.6,3.61,50.51,7.52,0.0,0.1,0.0,0.0
2677,47.16,0.0,47.16,0.0,0.0,0.9,0.0,0.0
2678,47.36,7.11,40.24,0.0,0.0,0.9,0.0,0.0
2679,47.16,5.53,35.06,0.0,6.58,0.9,0.0,0.0
2680,46.6,14.65,25.78,0.0,0.0,0.1237,6.16,0.0
2681,45.67,8.78,12.34,0.0,0.0,0.1237,24.55,0.0
2682,44.43,10.62,0.0,0.0,0.0,0.1237,33.81,0.0
2683,42.91,21.1,0.0,0.0,0.0,0.1237,21.82,0.0
2684,41.18,19.86,0.0,0.0,0.0,0.1237,21.32,0.0
2685,39.31,21.36,0.0,0.0,0.0,0.1237,17.95,0.0
2686,37.36,23.83,0.0,0.0,0.0,0.1237,13.52,0.0
2687,37.36,8.71,0.0,0.0,0.0,0.1237,28.65,0.0
2688,37.34,27.05,0.0,0.0,0.0,0.1237,10.29,0.0
2689,37.34,25.63,0.0,0.0,0.0,0.1237,11.71,0.0
2690,37.34,11.91,0.0,0.0,0.0,0.1237,25.44,0.0
2691,37.34,16.78,0.0,0.0,0.0,0.1237,20.56,0.0
2692,37.34,16.76,0.0,0.0,0.0,0.1237,20.58,0.0
2693,37.34,14.09,0.0,0.0,0.0,0.1237,23.25,0.0
2694,37.34,15.75,0.0,0.0,0.0,0.1237,21.59,0.0
2695,39.29,22.41,12.78,0.0,0.0,0.1237,4.1,0.0
2696,41.17,17.72,23.53,0.09,0.0,0.1237,0.0,0.0
2697,42.9,0.0,35.34,0.0,0.28,0.1329,7.28,0.0
2698,44.41,0.0,44.41,0.0,0.0,0.1,0.0,0.0
2699,45.66,15.99,29.67,0.0,0.0,0.1,0.0,0.0
2700,46.58,8.23,45.86,7.52,0.0,0.1,0.0,0.0
2701,47.15,14.1,26.27,0.0,6.78,0.9,0.0,0.0
2702,47.34,22.2,27.84,2.7,0.0,0.1,0.0,0.0
2703,47.15,15.62,36.35,4.82,0.0,0.3872,0.0,0.0
2704,46.58,11.11,25.82,0.0,0.0,0.9,9.64,0.0
2705,45.66,19.35,11.83,0.0,0.0,0.9,14.48,0.0
2706,44.41,14.25,0.0,0.0,0.0,0.9,30.16,0.0
2707,42.9,15.35,0.0,0.0,0.0,0.9,27.55,0.0
2708,41.17,14.28,0.0,0.0,0.0,0.9,26.89,0.0
2709,39.29,31.13,0.0,0.0,0.0,0.9,8.16,0.0
2710,37.34,13.48,0.0,0.0,0.0,0.9,23.86,0.0
2711,37.34,32.94,0.0,0.0,0.0,0.9,4.4,0.0
2712,37.33,24.88,0.0,0.0,0.0,0.9,12.44,0.0
2713,37.33,9.53,0.0,0.0,0.0,0.9,27.79,0.0
2714,37.33,22.77,0.0,0.0,0.0,0.9,14.56,0.0
2715,37.33,1.92,0.0,0.0,0.0,0.9,35.41,0.0
2716,37.33,21.91,0.0,0.0,0.0,0.9,15.42,0.0
2717,37.33,22.06,0.0,0.0,0.0,0.9,15.27,0.0
2718,37.33,8.27,0.0,0.0,0.0,0.9,29.05,0.0
2719,39.28,11.9,12.38,0.0,6.78,0.9,8.21,0.0
2720,41.15,24.52,24.15,7.52,0.0,0.1,0.0,0.0
2721,42.88,3.35,33.41,0.0,6.13,0.9,0.0,0.0
2722,44.4,0.0,43.74,0.0,0.65,0.1772,0.0,0.0
2723,45.64,17.07,28.57,0.0,0.0,0.1,0.0,0.0
2724,46.57,20.62,25.95,0.0,0.0,0.1,0.0,0.0
2725,47.13,5.34,41.8,0.0,0.0,0.1,0.0,0.0
2726,47.33,14.13,40.71,7.52,0.0,0.1,0.0,0.0
2727,47.13,10.67,36.47,0.0,0.0,0.9,0.0,0.0
2728,46.57,3.11,24.6,0.0,6.78,0.9,12.07,0.0
2729,45.64,7.07,11.47,0.0,0.0,0.1,27.11,0.0
2730,44.4,22.75,0.0,0.0,0.0,0.1,21.65,0.0
2731,42.88,28.41,0.0,0.0,0.0,0.1,14.47,0.0
2732,41.15,21.41,0.0,0.0,0.0,0.1,19.74,0.0
2733,39.28,11.6,0.0,0.0,0.0,0.1,27.67,0.0
2734,37.33,35.63,0.0,0.0,0.0,0.1,1.7,0.0
2735,37.33,16.43,0.0,0.0,0.0,0.1,20.9,0.0
2736,37.31,18.13,0.0,0.0,0.0,0.1,19.18,0.0
2737,37.31,23.24,0.0,0.0,0.0,0.1,14.08,0.0
2738,37.31,32.06,0.0,0.0,0.0,0.1,5.25,0.0
2739,37.31,25.24,0.0,0.0,0.0,0.1,12.07,0.0
2740,37.31,20.11,0.0,0.0,0.0,0.1,17.2,0.0
2741,37.31,18.58,0.0,0.0,0.0,0.1,18.73,0.0
2742,37.31,13.19,0.0,0.0,0.0,0.1,24.12,0.0
2743,39.26,15.23,11.49,0.0,0.0,0.1,12.55,0.0
2744,41.14,0.0,24.66,0.0,0.0,0.1,16.48,0.0
2745,42.87,4.88,34.6,0.0,0.0,0.1,3.39,0.0
2746,44.38,7.89,43.82,7.32,0.0,0.1,0.0,0.0
2747,45.63,0.0,39.02,0.0,6.61,0.8792,0.0,0.0
2748,46.55,7.98,41.01,2.44,0.0,0.1,0.0,0.0
2749,47.12,3.56,48.64,5.08,0.0,0.3592,0.0,0.0
2750,47.31,19.91,27.4,0.0,0.0,0.9,0.0,0.0
2751,47.12,19.72,27.4,0.0,0.0,0.9,0.0,0.0
2752,46.55,5.18,25.44,0.0,6.78,0.9,9.15,0.0
2753,45.63,9.6,13.35,0.0,0.0,0.1,22.68,0.0
2754,44.38,12.26,0.0,0.0,0.0,0.1,32.12,0.0
2755,42.87,11.32,0.0,0.0,0.0,0.1,31.55,0.0
2756,41.14,18.37,0.0,0.0,0.0,0.1,22.77,0.0
2757,39.26,12.44,0.0,0.0,0.0,0.1,26.82,0.0
2758,37.31,10.75,0.0,0.0,0.0,0.1,26.56,0.0
2759,37.31,25.46,0.0,0.0,0.0,0.1,11.85,0.0
2760,37.29,25.66,0.0,0.0,0.0,0.1,11.63,0.0
2761,37.29,14.01,0.0,0.0,0.0,0.1,23.29,0.0
2762,37.29,26.71,0.0,0.0,0.0,0.1,10.59,0.0
2763,37.29,13.32,0.0,0.0,0.0,0.1,23.97,0.0
2764,37.29,18.7,0.0,0.0,0.0,0.1,18.59,0.0
2765,37.29,21.29,0.0,0.0,0.0,0.1,16.0,0.0
2766,37.29,12.46,0.0,0.0,0.0,0.1,24.84,0.0
2767,39.24,14.28,11.32,0.0,0.0,0.1,13.65,0.0
2768,41.12,4.65,25.76,0.0,0.0,0.1,10.71,0.0
2769,42.85,5.55,35.25,0.0,0.0,0.1,2.05,0.0
2770,44.37,1.37,43.0,0.0,0.0,0.1,0.0,0.0
2771,45.61,0.0,45.61,0.0,0.0,0.1,0.0,0.0
2772,46.53,3.38,49.17,6.02,0.0,0.1,0.0,0.0
2773,47.1,0.0,48.6,1.5,0.0,0.7404,0.0,0.0
2774,47.29,1.95,44.21,0.0,1.14,0.9,0.0,0.0
2775,47.1,4.85,35.77,0.0,0.0,0.7654,6.48,0.0
2776,46.53,6.72,25.76,0.0,0.0,0.7654,14.05,0.0
2777,45.61,8.75,12.58,0.0,0.0,0.7654,24.28,0.0
2778,44.37,12.23,0.0,0.0,0.0,0.7654,32.13,0.0
2779,42.85,18.58,0.0,0.0,0.0,0.7654,24.27,0.0
2780,41.12,23.64,0.0,0.0,0.0,0.7654,17.49,0.0
2781,39.24,13.18,0.0,0.0,0.0,0.7654,26.07,0.0
2782,37.29,10.05,0.0,0.0,5.64,0.7654,21.6,0.0
2783,37.29,12.12,0.0,0.0,0.0,0.1,25.18,0.0
2784,37.28,16.67,0.0,0.0,0.0,0.1,20.61,0.0
2785,37.28,17.47,0.0,0.0,0.0,0.1,19.8,0.0
2786,37.28,13.36,0.0,0.0,0.0,0.1,23.92,0.0
2787,37.28,7.92,0.0,0.0,0.0,0.1,29.36,0.0
2788,37.28,12.95,0.0,0.0,0.0,0.1,24.33,0.0
2789,37.28,16.09,0.0,0.0,0.0,0.1,21.18,0.0
2790,37.28,17.32,0.0,0.0,0.0,0.1,19.95,0.0
2791,39.23,6.12,13.52,0.0,0.0,0.1,19.59,0.0
2792,41.1,5.35,24.27,0.0,0.0,0.1,11.49,0.0
2793,42.83,0.0,36.97,0.0,0.0,0.1,5.86,0.0
2794,44.35,5.47,44.09,5.22,0.0,0.1,0.0,0.0
2795,45.59,0.0,47.89,2.3,0.0,0.6553,0.0,0.0
2796,46.52,9.21,37.31,0.0,0.0,0.9,0.0,0.0
2797,47.08,0.0,47.08,0.0,0.0,0.9,0.0,0.0
2798,47.28,2.87,44.15,0.0,0.26,0.9,0.0,0.0
2799,47.08,9.37,36.97,0.0,0.74,0.8697,0.0,0.0
2800,46.52,10.09,25.08,0.0,0.0,0.7825,11.35,0.0
2801,45.59,31.92,11.21,0.0,0.0,0.7825,2.46,0.0
2802,44.35,15.38,0.0,0.0,0.0,0.7825,28.97,0.0
2803,42.83,6.68,0.0,0.0,0.0,0.7825,36.15,0.0
2804,41.1,15.81,0.0,0.0,0.0,0.7825,25.29,0.0
2805,39.23,4.11,0.0,0.0,0.0,0.7825,35.12,0.0
2806,37.28,18.83,0.0,0.0,0.0,0.7825,18.44,0.0
2807,37.28,13.65,0.0,0.0,0.0,0.7825,23.62,0.0
2808,37.26,27.68,0.0,0.0,0.0,0.7825,9.58,0.0
2809,37.26,15.78,0.0,0.0,0.0,0.7825,21.48,0.0
2810,37.26,18.42,0.0,0.0,0.0,0.7825,18.84,0.0
2811,37.26,13.04,0.0,0.0,0.0,0.7825,24.22,0.0
2812,37.26,30.25,0.0,0.0,0.0,0.7825,7.01,0.0
2813,37.26,11.98,0.0,0.0,0.0,0.7825,25.28,0.0
2814,37.26,27.02,0.0,0.0,0.0,0.7825,10.23,0.0
2815,39.21,16.88,12.86,0.0,5.79,0.7825,3.67,0.0
2816,41.09,12.33,25.43,0.0,0.0,0.1,3.32,0.0
2817,42.81,5.81,37.01,0.0,0.0,0.1,0.0,0.0
2818,44.33,7.03,44.82,7.52,0.0,0.1,0.0,0.0
2819,45.57,0.0,38.79,0.0,6.78,0.9,0.0,0.0
2820,46.5,2.32,50.51,6.33,0.0,0.1,0.0,0.0
2821,47.07,0.0,48.25,1.19,0.0,0.7736,0.0,0.0
2822,47.26,5.21,42.05,0.0,0.0,0.9,0.0,0.0
2823,47.07,0.0,37.16,0.0,6.78,0.9,3.12,0.0
2824,46.5,8.09,25.04,0.0,0.0,0.1,13.37,0.0
2825,45.57,23.95,12.07,0.0,0.0,0.1,9.56,0.0
2826,44.33,22.37,0.0,0.0,0.0,0.1,21.96,0.0
2827,42.81,14.04,0.0,0.0,0.0,0.1,28.78,0.0
2828,41.09,24.0,0.0,0.0,0.0,0.1,17.09,0.0
2829,39.21,15.18,0.0,0.0,0.0,0.1,24.03,0.0
2830,37.26,5.82,0.0,0.0,0.0,0.1,31.44,0.0
2831,37.26,12.8,0.0,0.0,0.0,0.1,24.46,0.0
2832,37.24,32.7,0.0,0.0,0.0,0.1,4.54,0.0
2833,37.24,17.84,0.0,0.0,0.0,0.1,19.4,0.0
2834,37.24,17.29,0.0,0.0,0.0,0.1,19.95,0.0
2835,37.24,15.58,0.0,0.0,0.0,0.1,21.66,0.0
2836,37.24,31.44,0.0,0.0,0.0,0.1,5.8,0.0
2837,37.24,27.32,0.0,0.0,0.0,0.1,9.92,0.0
2838,37.24,29.97,0.0,0.0,0.0,0.1,7.27,0.0
2839,39.19,9.03,11.28,0.0,0.0,0.1,18.88,0.0
2840,41.07,10.73,25.6,0.0,0.0,0.1,4.74,0.0
2841,42.8,0.0,37.29,0.0,0.0,0.1,5.5,0.0
2842,44.31,17.2,34.63,7.52,0.0,0.1,0.0,0.0
2843,45.55,0.0,38.77,0.0,6.78,0.9,0.0,0.0
2844,46.48,0.0,51.12,4.64,0.0,0.1,0.0,0.0
2845,47.05,0.0,49.92,2.88,0.0,0.5939,0.0,0.0
2846,47.24,0.8,45.93,0.0,0.51,0.9,0.0,0.0
2847,47.05,0.09,35.65,0.0,0.0,0.8403,11.31,0.0
2848,46.48,3.55,24.41,0.0,0.0,0.8403,18.51,0.0
2849,45.55,6.02,13.73,0.0,0.0,0.8403,25.81,0.0
2850,44.31,8.0,0.0,0.0,0.0,0.8403,36.31,0.0
2851,42.8,21.02,0.0,0.0,0.0,0.8403,21.77,0.0
2852,41.07,7.55,0.0,0.0,0.0,0.8403,33.52,0.0
2853,39.19,19.72,0.0,0.0,4.64,0.8403,14.84,0.0
2854,37.24,28.9,0.0,0.0,0.0,0.2934,8.34,0.0
2855,37.24,15.95,0.0,0.0,0.0,0.2934,21.29,0.0
2856,37.22,14.47,0.0,0.0,0.0,0.2934,22.75,0.0
2857,37.22,18.07,0.0,0.0,0.0,0.2934,19.15,0.0
2858,37.22,28.47,0.0,0.0,0.0,0.2934,8.75,0.0
2859,37.22,19.38,0.0,0.0,0.0,0.2934,17.84,0.0
2860,37.22,11.98,0.0,0.0,0.0,0.2934,25.24,0.0
2861,37.22,18.13,0.0,0.0,0.0,0.2934,19.09,0.0
2862,37.22,3.48,0.0,0.0,0.0,0.2934,33.74,0.0
2863,39.17,15.58,13.33,0.0,0.0,0.2934,10.25,0.0
2864,41.05,11.5,25.41,0.0,0.0,0.2934,4.13,0.0
2865,42.78,4.17,36.96,0.0,1.64,0.2934,0.0,0.0
2866,44.29,0.0,43.51,0.0,0.0,0.1,0.78,0.0
2867,45.53,0.0,45.53,0.0,0.0,0.1,0.0,0.0
2868,46.46,8.54,37.92,0.0,0.0,0.1,0.0,0.0
2869,47.03,4.55,50.0,7.52,0.0,0.1,0.0,0.0
2870,47.22,0.29,45.39,0.0,1.54,0.9,0.0,0.0
2871,47.03,10.25,36.54,0.0,0.23,0.7187,0.0,0.0
2872,46.46,0.0,25.54,0.0,0.0,0.6916,20.92,0.0
2873,45.53,5.53,13.61,0.0,0.0,0.6916,26.39,0.0
2874,44.29,11.98,0.0,0.0,0.0,0.6916,32.31,0.0
2875,42.78,7.06,0.0,0.0,0.0,0.6916,35.71,0.0
2876,41.05,8.76,0.0,0.0,0.0,0.6916,32.28,0.0
2877,39.17,12.54,0.0,0.0,0.0,0.6916,26.63,0.0
2878,37.22,21.42,0.0,0.0,5.02,0.6916,10.78,0.0
2879,37.22,18.41,0.0,0.0,0.0,0.1,18.81,0.0
2880,37.2,2.28,0.0,0.0,0.0,0.1,34.92,0.0
2881,37.2,2.94,0.0,0.0,0.0,0.1,34.26,0.0
2882,37.2,14.17,0.0,0.0,0.0,0.1,23.03,0.0
2883,37.2,21.36,0.0,0.0,0.0,0.1,15.84,0.0
2884,37.2,0.0,0.0,0.0,0.0,0.1,37.2,0.0
2885,37.2,10.2,0.0,0.0,0.0,0.1,27.0,0.0
2886,37.2,7.93,0.0,0.0,0.0,0.1,29.27,0.0
2887,39.15,21.08,13.86,0.0,0.0,0.1,4.22,0.0
2888,41.03,5.08,24.7,0.0,0.0,0.1,11.25,0.0
2889,42.76,9.53,33.22,0.0,0.0,0.1,0.0,0.0
2890,44.27,6.35,44.32,6.4,0.0,0.1,0.0,0.0
2891,45.51,0.0,39.74,0.0,5.78,0.7814,0.0,0.0
2892,46.44,10.27,36.17,0.0,0.0,0.1,0.0,0.0
2893,47.01,6.15,40.86,0.0,0.0,0.1,0.0,0.0
2894,47.2,9.27,37.93,0.0,0.0,0.1,0.0,0.0
2895,47.01,37.67,16.86,7.52,0.0,0.1,0.0,0.0
2896,46.44,0.0,24.93,0.0,6.78,0.9,14.73,0.0
2897,45.51,23.75,11.95,0.0,0.0,0.1,9.82,0.0
2898,44.27,9.83,0.0,0.0,0.0,0.1,34.45,0.0
2899,42.76,16.44,0.0,0.0,0.0,0.1,26.31,0.0
2900,41.03,15.72,0.0,0.0,0.0,0.1,25.31,0.0
2901,39.15,14.35,0.0,0.0,0.0,0.1,24.8,0.0
2902,37.2,14.46,0.0,0.0,0.0,0.1,22.74,0.0
2903,37.2,22.39,0.0,0.0,0.0,0.1,14.81,0.0
2904,37.18,7.88,0.0,0.0,0.0,0.1,29.3,0.0
2905,37.18,25.62,0.0,0.0,0.0,0.1,11.56,0.0
2906,37.18,15.56,0.0,0.0,0.0,0.1,21.62,0.0
2907,37.18,8.63,0.0,0.0,0.0,0.1,28.55,0.0
2908,37.18,12.39,0.0,0.0,0.0,0.1,24.79,0.0
2909,37.18,24.02,0.0,0.0,0.0,0.1,13.15,0.0
2910,37.18,7.74,0.0,0.0,0.0,0.1,29.44,0.0
2911,39.13,12.78,11.9,0.0,0.0,0.1,14.45,0.0
2912,41.01,2.22,25.82,0.0,0.0,0.1,12.97,0.0
2913,42.73,12.39,30.34,0.0,0.0,0.1,0.0,0.0
2914,44.25,0.0,44.25,0.0,0.0,0.1,0.0,0.0
2915,45.49,19.0,26.5,0.0,0.0,0.1,0.0,0.0
2916,46.42,0.0,48.0,1.59,0.0,0.1,0.0,0.0
2917,46.99,9.63,37.36,0.0,0.0,0.2688,0.0,0.0
2918,47.18,5.89,41.29,0.0,0.0,0.2688,0.0,0.0
2919,46.99,16.66,36.26,5.93,0.0,0.2688,0.0,0.0
2920,46.42,2.31,26.13,0.0,6.02,0.9,11.96,0.0
2921,45.49,15.85,11.35,0.0,0.0,0.1905,18.29,0.0
2922,44.25,10.44,0.0,0.0,0.0,0.1905,33.81,0.0
2923,42.73,13.53,0.0,0.0,0.0,0.1905,29.2,0.0
2924,41.01,16.69,0.0,0.0,0.0,0.1905,24.32,0.0
2925,39.13,19.61,0.0,0.0,0.0,0.1905,19.52,0.0
2926,37.18,17.94,0.0,0.0,0.0,0.1905,19.24,0.0
2927,37.18,21.36,0.0,0.0,0.0,0.1905,15.82,0.0
2928,37.16,32.34,0.0,0.0,0.0,0.1905,4.82,0.0
2929,37.16,27.36,0.0,0.0,0.0,0.1905,9.8,0.0
2930,37.16,25.65,0.0,0.0,0.0,0.1905,11.51,0.0
2931,37.16,13.87,0.0,0.0,0.0,0.1905,23.29,0.0
2932,37.16,8.78,0.0,0.0,0.0,0.1905,28.38,0.0
2933,37.16,21.51,0.0,0.0,0.0,0.1905,15.65,0.0
2934,37.16,18.83,0.0,0.0,0.0,0.1905,18.33,0.0
2935,39.11,21.51,13.56,0.0,0.0,0.1905,4.04,0.0
2936,40.98,3.1,26.7,0.0,0.0,0.1905,11.18,0.0
2937,42.71,4.43,37.51,0.0,0.77,0.1905,0.0,0.0
2938,44.23,0.0,44.23,0.0,0.0,0.1,0.0,0.0
2939,45.47,1.08,44.39,0.0,0.0,0.1,0.0,0.0
2940,46.4,2.14,51.77,7.52,0.0,0.1,0.0,0.0
2941,46.97,0.5,39.68,0.0,6.78,0.9,0.0,0.0
2942,47.16,8.23,46.45,7.52,0.0,0.1,0.0,0.0
2943,46.97,4.74,35.66,0.0,6.57,0.9,0.0,0.0
2944,46.4,10.47,26.68,0.0,0.0,0.1259,9.25,0.0
2945,45.47,0.7,11.38,0.0,0.0,0.1259,33.39,0.0
2946,44.23,12.55,0.0,0.0,0.0,0.1259,31.68,0.0
2947,42.71,0.0,0.0,0.0,0.0,0.1259,42.71,0.0
2948,40.98,14.36,0.0,0.0,0.0,0.1259,26.63,0.0
2949,39.11,4.54,0.0,0.0,0.0,0.1259,34.57,0.0
2950,37.16,28.32,0.0,0.0,0.0,0.1259,8.84,0.0
2951,37.16,25.71,0.0,0.0,0.0,0.1259,11.45,0.0
2952,37.14,23.4,0.0,0.0,0.0,0.1259,13.74,0.0
2953,37.14,31.5,0.0,0.0,0.0,0.1259,5.64,0.0
2954,37.14,11.09,0.0,0.0,0.0,0.1259,26.04,0.0
2955,37.14,31.24,0.0,0.0,0.0,0.1259,5.9,0.0
2956,37.14,23.12,0.0,0.0,0.0,0.1259,14.01,0.0
2957,37.14,11.93,0.0,0.0,0.0,0.1259,25.21,0.0
2958,37.14,20.77,0.0,0.0,0.0,0.1259,16.37,0.0
2959,39.09,0.91,12.26,0.0,0.0,0.1259,25.91,0.0
2960,40.96,1.24,25.98,0.0,0.0,0.1259,13.75,0.0
2961,42.69,1.31,35.59,0.0,0.22,0.1259,5.57,0.0
2962,44.21,0.68,43.53,0.0,0.0,0.1,0.0,0.0
2963,45.45,0.0,45.45,0.0,0.0,0.1,0.0,0.0
2964,46.37,0.4,53.49,7.52,0.0,0.1,0.0,0.0
2965,46.94,2.03,44.92,0.0,0.0,0.9,0.0,0.0
2966,47.14,7.68,39.46,0.0,0.0,0.9,0.0,0.0
2967,46.94,1.61,35.53,0.0,6.78,0.9,3.02,0.0
2968,46.37,0.0,24.4,0.0,0.0,0.1,21.97,0.0
2969,45.45,11.84,12.64,0.0,0.0,0.1,20.97,0.0
2970,44.21,0.0,0.0,0.0,0.0,0.1,44.21,0.0
2971,42.69,13.26,0.0,0.0,0.0,0.1,29.43,0.0
2972,40.96,4.86,0.0,0.0,0.0,0.1,36.1,0.0
2973,39.09,33.14,0.0,0.0,0.0,0.1,5.94,0.0
2974,37.14,25.86,0.0,0.0,0.0,0.1,11.27,0.0
2975,37.14,20.26,0.0,0.0,0.0,0.1,16.87,0.0
2976,37.11,29.61,0.0,0.0,0.0,0.1,7.5,0.0
2977,37.11,12.59,0.0,0.0,0.0,0.1,24.53,0.0
2978,37.11,22.83,0.0,0.0,0.0,0.1,14.29,0.0
2979,37.11,18.84,0.0,0.0,0.0,0.1,18.28,0.0
2980,37.11,17.7,0.0,0.0,0.0,0.1,19.41,0.0
2981,37.11,23.79,0.0,0.0,0.0,0.1,13.32,0.0
2982,37.11,17.45,0.0,0.0,0.0,0.1,19.66,0.0
2983,39.06,11.87,11.75,0.0,0.0,0.1,15.44,0.0
2984,40.94,0.0,24.98,0.0,0.0,0.1,15.96,0.0
2985,42.67,0.0,36.69,0.0,0.0,0.1,5.98,0.0
2986,44.18,3.79,46.46,6.06,0.0,0.1,0.0,0.0
2987,45.43,0.0,46.89,1.46,0.0,0.7446,0.0,0.0
2988,46.35,0.0,45.62,0.0,0.73,0.9,0.0,0.0
2989,46.92,23.11,23.81,0.0,0.0,0.8137,0.0,0.0
2990,47.11,16.8,30.31,0.0,0.0,0.8137,0.0,0.0
2991,46.92,10.8,36.93,0.81,0.0,0.8137,0.0,0.0
2992,46.35,8.24,26.06,0.0,6.78,0.9,5.27,0.0
2993,45.43,7.9,12.59,0.0,0.0,0.1,24.94,0.0
2994,44.18,4.08,0.0,0.0,0.0,0.1,40.11,0.0
2995,42.67,14.31,0.0,0.0,0.0,0.1,28.36,0.0
2996,40.94,17.65,0.0,0.0,0.0,0.1,23.29,0.0
2997,39.06,7.39,0.0,0.0,0.0,0.1,31.67,0.0
2998,37.11,21.17,0.0,0.0,0.0,0.1,15.95,0.0
2999,37.11,18.07,0.0,0.0,0.0,0.1,19.04,0.0
3000,37.09,4.31,0.0,0.0,0.0,0.1,32.78,0.0
3001,37.09,12.36,0.0,0.0,0.0,0.1,24.73,0.0
3002,37.09,15.11,0.0,0.0,0.0,0.1,21.98,0.0
3003,37.09,32.12,0.0,0.0,0.0,0.1,4.97,0.0
3004,37.09,19.91,0.0,0.0,0.0,0.1,17.18,0.0
3005,37.09,2.97,0.0,0.0,0.0,0.1,34.12,0.0
3006,37.09,15.38,0.0,0.0,0.0,0.1,21.71,0.0
3007,39.04,0.0,14.04,0.0,0.0,0.1,25.0,0.0
3008,40.92,16.15,26.55,1.78,0.0,0.1,0.0,0.0
3009,42.65,2.17,35.86,0.0,1.6,0.2891,3.02,0.0
3010,44.16,0.0,44.16,0.0,0.0,0.1,0.0,0.0
3011,45.4,0.72,52.2,7.52,0.0,0.1,0.0,0.0
3012,46.33,0.0,46.33,0.0,0.0,0.9,0.0,0.0
3013,46.9,0.0,46.9,0.0,0.0,0.9,0.0,0.0
3014,47.09,0.01,46.34,0.0,0.73,0.9,0.0,0.0
3015,46.9,9.8,37.91,0.81,0.0,0.8134,0.0,0.0
3016,46.33,0.0,24.37,0.0,0.0,0.9,21.95,0.0
3017,45.4,0.0,12.76,0.0,0.0,0.9,32.64,0.0
3018,44.16,7.94,0.0,0.0,0.0,0.9,36.22,0.0
3019,42.65,17.96,0.0,0.0,0.0,0.9,24.69,0.0
3020,40.92,25.02,0.0,0.0,0.0,0.9,15.9,0.0
3021,39.04,13.46,0.0,0.0,0.0,0.9,25.58,0.0
3022,37.09,15.13,0.0,0.0,0.0,0.9,21.96,0.0
3023,37.09,28.35,0.0,0.0,0.0,0.9,8.74,0.0
3024,37.07,4.5,0.0,0.0,0.0,0.9,32.56,0.0
3025,37.07,15.99,0.0,0.0,0.0,0.9,21.07,0.0
3026,37.07,19.8,0.0,0.0,0.0,0.9,17.27,0.0
3027,37.07,20.59,0.0,0.0,0.0,0.9,16.48,0.0
3028,37.07,11.33,0.0,0.0,0.0,0.9,25.74,0.0
3029,37.07,13.74,0.0,0.0,0.0,0.9,23.33,0.0
3030,37.07,0.0,0.0,0.0,0.0,0.9,37.07,0.0
3031,39.02,4.13,14.11,0.0,0.0,0.9,20.78,0.0
3032,40.89,11.04,25.83,0.0,0.0,0.9,4.02,0.0
3033,42.62,0.0,35.75,0.0,6.78,0.9,0.08,0.0
3034,44.14,5.0,44.47,5.33,0.0,0.1,0.0,0.0
3035,45.38,0.0,47.56,2.18,0.0,0.6677,0.0,0.0
3036,46.3,0.0,46.3,0.0,0.0,0.9,0.0,0.0
3037,46.87,5.09,41.78,0.0,0.0,0.9,0.0,0.0
3038,47.07,0.0,45.83,0.0,1.23,0.9,0.0,0.0
3039,46.87,4.15,37.72,0.0,0.0,0.7549,5.0,0.0
3040,46.3,12.28,26.32,0.0,0.0,0.7549,7.7,0.0
3041,45.38,10.6,11.71,0.0,0.0,0.7549,23.07,0.0
3042,44.14,6.75,0.0,0.0,0.0,0.7549,37.39,0.0
3043,42.62,15.24,0.0,0.0,0.0,0.7549,27.38,0.0
3044,40.89,21.05,0.0,0.0,0.0,0.7549,19.84,0.0
3045,39.02,0.75,0.0,0.0,0.0,0.7549,38.27,0.0
3046,37.07,27.49,0.0,0.0,5.55,0.7549,4.03,0.0
3047,37.07,16.41,0.0,0.0,0.0,0.1,20.66,0.0
3048,37.04,22.61,0.0,0.0,0.0,0.1,14.43,0.0
3049,37.04,28.47,0.0,0.0,0.0,0.1,8.57,0.0
3050,37.04,7.28,0.0,0.0,0.0,0.1,29.76,0.0
3051,37.04,11.28,0.0,0.0,0.0,0.1,25.76,0.0
3052,37.04,12.97,0.0,0.0,0.0,0.1,24.07,0.0
3053,37.04,7.13,0.0,0.0,0.0,0.1,29.91,0.0
3054,37.04,25.07,0.0,0.0,0.0,0.1,11.97,0.0
3055,38.99,2.44,11.36,0.0,0.0,0.1,25.19,0.0
3056,40.87,2.92,24.73,0.0,0.0,0.1,13.22,0.0
3057,42.6,5.18,37.42,0.0,0.0,0.1,0.0,0.0
3058,44.11,0.0,47.19,3.08,0.0,0.1,0.0,0.0
3059,45.36,0.0,49.8,4.44,0.0,0.4273,0.0,0.0
3060,46.28,5.88,38.9,0.0,1.5,0.9,0.0,0.0
3061,46.85,0.0,46.85,0.0,0.0,0.7231,0.0,0.0
3062,47.04,3.68,45.03,1.66,0.0,0.7231,0.0,0.0
3063,46.85,1.48,37.16,0.0,6.78,0.9,1.42,0.0
3064,46.28,0.0,26.09,0.0,0.0,0.1,20.19,0.0
3065,45.36,11.79,12.07,0.0,0.0,0.1,21.49,0.0
3066,44.11,25.23,0.0,0.0,0.0,0.1,18.88,0.0
3067,42.6,13.5,0.0,0.0,0.0,0.1,29.1,0.0
3068,40.87,17.05,0.0,0.0,0.0,0.1,23.81,0.0
3069,38.99,22.41,0.0,0.0,0.0,0.1,16.58,0.0
3070,37.04,8.09,0.0,0.0,0.0,0.1,28.95,0.0
3071,37.04,32.48,0.0,0.0,0.0,0.1,4.56,0.0
3072,37.02,20.73,0.0,0.0,0.0,0.1,16.29,0.0
3073,37.02,31.81,0.0,0.0,0.0,0.1,5.21,0.0
3074,37.02,12.24,0.0,0.0,0.0,0.1,24.78,0.0
3075,37.02,31.23,0.0,0.0,0.0,0.1,5.78,0.0
3076,37.02,21.31,0.0,0.0,0.0,0.1,15.71,0.0
3077,37.02,17.63,0.0,0.0,0.0,0.1,19.39,0.0
3078,37.02,13.04,0.0,0.0,0.0,0.1,23.97,0.0
3079,38.97,7.16,13.21,0.0,0.0,0.1,18.6,0.0
3080,40.84,16.75,24.1,0.0,0.0,0.1,0.0,0.0
3081,42.57,5.89,36.68,0.0,0.0,0.1,0.0,0.0
3082,44.09,0.0,44.09,0.0,0.0,0.1,0.0,0.0
3083,45.33,0.0,50.69,5.36,0.0,0.1,0.0,0.0
3084,46.25,0.0,48.41,2.16,0.0,0.6705,0.0,0.0
3085,46.82,5.98,40.85,0.0,0.0,0.9,0.0,0.0
3086,47.02,2.21,44.81,0.0,0.0,0.9,0.0,0.0
3087,46.82,15.25,31.58,0.0,0.0,0.9,0.0,0.0
3088,46.25,0.0,25.82,0.0,6.78,0.9,13.65,0.0
3089,45.33,10.27,11.95,0.0,0.0,0.1,23.11,0.0
3090,44.09,0.0,0.0,0.0,0.0,0.1,44.09,0.0
3091,42.57,19.27,0.0,0.0,0.0,0.1,23.3,0.0
3092,40.84,14.4,0.0,0.0,0.0,0.1,26.44,0.0
3093,38.97,20.13,0.0,0.0,0.0,0.1,18.84,0.0
3094,37.02,11.2,0.0,0.0,0.0,0.1,25.81,0.0
3095,37.02,29.01,0.0,0.0,0.0,0.1,8.0,0.0
3096,36.99,27.29,0.0,0.0,0.0,0.1,9.7,0.0
3097,36.99,23.38,0.0,0.0,0.0,0.1,13.61,0.0
3098,36.99,16.92,0.0,0.0,0.0,0.1,20.07,0.0
3099,36.99,21.29,0.0,0.0,0.0,0.1,15.7,0.0
3100,36.99,9.43,0.0,0.0,0.0,0.1,27.56,0.0
3101,36.99,19.92,0.0,0.0,0.0,0.1,17.07,0.0
3102,36.99,24.17,0.0,0.0,0.0,0.1,12.82,0.0
3103,38.94,17.52,12.1,0.0,0.0,0.1,9.32,0.0
3104,40.82,1.31,26.51,0.0,0.0,0.1,13.0,0.0
3105,42.55,8.33,38.55,4.33,0.0,0.1,0.0,0.0
3106,44.06,0.0,40.15,0.0,3.91,0.5611,0.0,0.0
3107,45.31,7.95,39.96,2.61,0.0,0.1,0.0,0.0
3108,46.23,0.0,46.23,0.0,0.0,0.3776,0.0,0.0
3109,46.8,0.0,51.71,4.91,0.0,0.3776,0.0,0.0
3110,46.99,0.0,45.07,0.0,0.0,0.9,1.92,0.0
3111,46.8,3.21,36.5,0.0,0.0,0.9,7.08,0.0
3112,46.23,4.72,25.41,0.0,0.0,0.9,16.1,0.0
3113,45.31,0.0,11.74,0.0,0.0,0.9,33.56,0.0
3114,44.06,14.16,0.0,0.0,0.0,0.9,29.9,0.0
3115,42.55,15.13,0.0,0.0,0.0,0.9,27.42,0.0
3116,40.82,13.5,0.0,0.0,0.0,0.9,27.31,0.0
3117,38.94,10.69,0.0,0.0,0.0,0.9,28.25,0.0
3118,36.99,26.28,0.0,0.0,0.0,0.9,10.71,0.0
3119,36.99,31.89,0.0,0.0,0.0,0.9,5.1,0.0
3120,36.96,15.07,0.0,0.0,0.0,0.9,21.9,0.0
3121,36.96,13.78,0.0,0.0,0.0,0.9,23.19,0.0
3122,36.96,21.74,0.0,0.0,0.0,0.9,15.22,0.0
3123,36.96,13.74,0.0,0.0,0.0,0.9,23.23,0.0
3124,36.96,13.83,0.0,0.0,0.0,0.9,23.13,0.0
3125,36.96,18.89,0.0,0.0,0.0,0.9,18.07,0.0
3126,36.96,0.0,0.0,0.0,0.0,0.9,36.96,0.0
3127,38.92,19.38,14.19,0.0,0.0,0.9,5.34,0.0
3128,40.79,7.57,26.26,0.0,5.25,0.9,1.7,0.0
3129,42.52,2.09,38.9,0.0,1.53,0.2806,0.0,0.0
3130,44.04,3.38,40.94,0.29,0.0,0.1,0.0,0.0
3131,45.28,0.0,45.28,0.0,0.0,0.1307,0.0,0.0
3132,46.2,0.0,52.49,6.29,0.0,0.1307,0.0,0.0
3133,46.77,0.0,46.77,0.0,0.0,0.7998,0.0,0.0
3134,46.96,0.71,46.25,0.0,0.0,0.7998,0.0,0.0
3135,46.77,8.87,38.84,0.94,0.0,0.7998,0.0,0.0
3136,46.2,14.55,26.48,0.0,5.17,0.9,0.0,0.0
3137,45.28,0.8,13.13,0.0,0.0,0.2902,31.35,0.0
3138,44.04,14.73,0.0,0.0,0.0,0.2902,29.31,0.0
3139,42.52,10.9,0.0,0.0,0.0,0.2902,31.62,0.0
3140,40.79,21.66,0.0,0.0,0.0,0.2902,19.13,0.0
3141,38.92,0.0,0.0,0.0,0.0,0.2902,38.92,0.0
3142,36.96,17.06,0.0,0.0,0.0,0.2902,19.91,0.0
3143,36.96,13.85,0.0,0.0,0.0,0.2902,23.11,0.0
3144,36.94,22.23,0.0,0.0,0.0,0.2902,14.71,0.0
3145,36.94,22.26,0.0,0.0,0.0,0.2902,14.68,0.0
3146,36.94,12.12,0.0,0.0,0.0,0.2902,24.82,0.0
3147,36.94,10.82,0.0,0.0,0.0,0.2902,26.12,0.0
3148,36.94,13.95,0.0,0.0,0.0,0.2902,22.99,0.0
3149,36.94,5.8,0.0,0.0,0.0,0.2902,31.14,0.0
3150,36.94,17.55,0.0,0.0,0.0,0.2902,19.39,0.0
3151,38.89,5.87,11.8,0.0,0.0,0.2902,21.22,0.0
3152,40.76,0.0,26.34,0.0,1.61,0.2902,12.81,0.0
3153,42.49,2.27,37.44,0.0,0.0,0.1,2.79,0.0
3154,44.01,0.0,44.01,0.0,0.0,0.1,0.0,0.0
3155,45.25,0.0,45.25,0.0,0.0,0.1,0.0,0.0
3156,46.18,0.0,53.69,7.52,0.0,0.1,0.0,0.0
3157,46.75,0.0,46.75,0.0,0.0,0.9,0.0,0.0
3158,46.94,14.53,32.4,0.0,0.0,0.9,0.0,0.0
3159,46.75,7.73,38.23,0.0,0.78,0.9,0.0,0.0
3160,46.18,2.08,27.18,0.0,0.0,0.8082,16.92,0.0
3161,45.25,12.43,13.35,0.0,0.0,0.8082,19.47,0.0
3162,44.01,7.22,0.0,0.0,0.0,0.8082,36.79,0.0
3163,42.49,7.4,0.0,0.0,0.0,0.8082,35.09,0.0
3164,40.76,5.67,0.0,0.0,0.0,0.8082,35.1,0.0
3165,38.89,2.57,0.0,0.0,0.0,0.8082,36.32,0.0
3166,36.94,14.64,0.0,0.0,0.0,0.8082,22.3,0.0
3167,36.94,19.78,0.0,0.0,0.0,0.8082,17.15,0.0
3168,36.91,17.93,0.0,0.0,0.0,0.8082,18.98,0.0
3169,36.91,15.12,0.0,0.0,0.0,0.8082,21.79,0.0
3170,36.91,10.12,0.0,0.0,0.0,0.8082,26.79,0.0
3171,36.91,21.2,0.0,0.0,0.0,0.8082,15.71,0.0
3172,36.91,4.27,0.0,0.0,0.0,0.8082,32.64,0.0
3173,36.91,18.97,0.0,0.0,0.0,0.8082,17.94,0.0
3174,36.91,2.8,0.0,0.0,0.0,0.8082,34.11,0.0
3175,38.86,2.73,13.11,0.0,0.0,0.8082,23.03,0.0
3176,40.74,0.0,26.78,0.0,2.0,0.8082,11.96,0.0
3177,42.47,1.16,37.3,0.0,4.01,0.5727,0.0,0.0
3178,43.98,0.0,43.98,0.0,0.0,0.1,0.0,0.0
3179,45.22,0.29,52.46,7.52,0.0,0.1,0.0,0.0
3180,46.15,10.58,28.78,0.0,6.78,0.9,0.0,0.0
3181,46.72,1.55,52.68,7.52,0.0,0.1,0.0,0.0
3182,46.91,0.0,46.79,0.0,0.12,0.9,0.0,0.0
3183,46.72,2.51,39.06,0.0,5.15,0.8864,0.0,0.0
3184,46.15,0.59,27.27,0.0,0.0,0.2797,18.29,0.0
3185,45.22,19.26,14.01,0.0,0.0,0.2797,11.95,0.0
3186,43.98,1.25,0.0,0.0,0.0,0.2797,42.73,0.0
3187,42.47,19.91,0.0,0.0,0.0,0.2797,22.56,0.0
3188,40.74,21.81,0.0,0.0,0.0,0.2797,18.92,0.0
3189,38.86,30.9,0.0,0.0,0.0,0.2797,7.96,0.0
3190,36.91,14.38,0.0,0.0,0.0,0.2797,22.53,0.0
3191,36.91,24.08,0.0,0.0,0.0,0.2797,12.83,0.0
3192,36.88,36.71,0.0,0.0,0.18,0.2797,0.0,0.0
3193,36.88,13.42,0.0,0.0,0.0,0.259,23.46,0.0
3194,36.88,5.34,0.0,0.0,0.0,0.259,31.54,0.0
3195,36.88,1.34,0.0,0.0,0.0,0.259,35.54,0.0
3196,36.88,20.28,0.0,0.0,0.0,0.259,16.6,0.0
3197,36.88,0.0,0.0,0.0,0.0,0.259,36.88,0.0
3198,36.88,7.7,0.0,0.0,0.0,0.259,29.19,0.0
3199,38.83,12.07,11.84,0.0,1.35,0.259,13.58,0.0
3200,40.71,8.15,26.88,0.0,0.0,0.1,5.67,0.0
3201,42.44,8.42,34.02,0.0,0.0,0.1,0.0,0.0
3202,43.95,5.54,38.41,0.0,0.0,0.1,0.0,0.0
3203,45.2,0.0,45.2,0.0,0.0,0.1,0.0,0.0
3204,46.12,0.0,53.64,7.52,0.0,0.1,0.0,0.0
3205,46.69,0.0,46.69,0.0,0.0,0.9,0.0,0.0
3206,46.88,0.0,44.42,0.0,2.46,0.9,0.0,0.0
3207,46.69,11.63,37.79,2.72,0.0,0.6101,0.0,0.0
3208,46.12,13.83,26.25,0.0,6.04,0.9,0.0,0.0
3209,45.2,12.18,14.27,0.0,0.0,0.1877,18.74,0.0
3210,43.95,20.05,0.0,0.0,0.0,0.1877,23.9,0.0
3211,42.44,3.35,0.0,0.0,0.0,0.1877,39.08,0.0
3212,40.71,27.86,0.0,0.0,0.0,0.1877,12.85,0.0
3213,38.83,28.36,0.0,0.0,0.0,0.1877,10.47,0.0
3214,36.88,23.37,0.0,0.0,0.0,0.1877,13.51,0.0
3215,36.88,32.47,0.0,0.0,0.0,0.1877,4.41,0.0
3216,36.85,5.34,0.0,0.0,0.0,0.1877,31.52,0.0
3217,36.85,14.05,0.0,0.0,0.0,0.1877,22.8,0.0
3218,36.85,11.59,0.0,0.0,0.0,0.1877,25.27,0.0
3219,36.85,21.89,0.0,0.0,0.0,0.1877,14.96,0.0
3220,36.85,6.18,0.0,0.0,0.0,0.1877,30.67,0.0
3221,36.85,18.62,0.0,0.0,0.0,0.1877,18.23,0.0
3222,36.85,21.43,0.0,0.0,0.0,0.1877,15.42,0.0
3223,38.8,14.01,14.16,0.0,0.0,0.1877,10.63,0.0
3224,40.68,8.83,27.74,0.0,0.0,0.1877,4.11,0.0
3225,42.41,0.0,39.33,0.0,0.74,0.1877,2.34,0.0
3226,43.92,0.0,43.92,0.0,0.0,0.1,0.0,0.0
3227,45.17,0.0,52.69,7.52,0.0,0.1,0.0,0.0
3228,46.09,8.8,37.29,0.0,0.0,0.9,0.0,0.0
3229,46.66,0.0,46.66,0.0,0.0,0.9,0.0,0.0
3230,46.85,0.36,46.28,0.0,0.21,0.9,0.0,0.0
3231,46.66,0.0,36.52,0.0,6.57,0.8749,3.56,0.0
3232,46.09,0.0,26.53,0.0,0.0,0.1,19.56,0.0
3233,45.17,23.67,12.08,0.0,0.0,0.1,9.41,0.0
3234,43.92,0.38,0.0,0.0,0.0,0.1,43.54,0.0
3235,42.41,14.11,0.0,0.0,0.0,0.1,28.3,0.0
3236,40.68,22.52,0.0,0.0,0.0,0.1,18.16,0.0
3237,38.8,6.2,0.0,0.0,0.0,0.1,32.6,0.0
3238,36.85,18.89,0.0,0.0,0.0,0.1,17.96,0.0
3239,36.85,25.67,0.0,0.0,0.0,0.1,11.19,0.0
3240,36.82,18.49,0.0,0.0,0.0,0.1,18.34,0.0
3241,36.82,40.89,0.0,4.07,0.0,0.1,0.0,0.0
3242,36.82,4.08,0.0,0.0,3.67,0.5329,29.08,0.0
3243,36.82,24.47,0.0,0.0,0.0,0.1,12.35,0.0
3244,36.82,13.05,0.0,0.0,0.0,0.1,23.78,0.0
3245,36.82,18.63,0.0,0.0,0.0,0.1,18.19,0.0
3246,36.82,13.95,0.0,0.0,0.0,0.1,22.87,0.0
3247,38.77,2.57,12.9,0.0,0.0,0.1,23.3,0.0
3248,40.65,8.3,25.06,0.0,0.0,0.1,7.29,0.0
3249,42.38,0.0,38.5,0.0,0.0,0.1,3.88,0.0
3250,43.89,8.36,43.05,7.52,0.0,0.1,0.0,0.0
3251,45.14,0.0,38.35,0.0,6.78,0.9,0.0,0.0
3252,46.06,0.0,53.58,7.52,0.0,0.1,0.0,0.0
3253,46.63,11.18,35.45,0.0,0.0,0.9,0.0,0.0
3254,46.82,0.74,46.09,0.0,0.0,0.9,0.0,0.0
3255,46.63,6.01,38.88,0.0,1.74,0.9,0.0,0.0
3256,46.06,0.0,25.04,0.0,0.0,0.6947,21.02,0.0
3257,45.14,2.74,11.67,0.0,0.0,0.6947,30.73,0.0
3258,43.89,19.87,0.0,0.0,0.0,0.6947,24.02,0.0
3259,42.38,23.91,0.0,0.0,0.0,0.6947,18.47,0.0
3260,40.65,12.53,0.0,0.0,0.0,0.6947,28.12,0.0
3261,38.77,16.43,0.0,0.0,0.0,0.6947,22.35,0.0
3262,36.82,10.14,0.0,0.0,4.23,0.6947,22.45,0.0
3263,36.82,27.43,0.0,0.0,0.0,0.1962,9.39,0.0
3264,36.79,23.57,0.0,0.0,0.0,0.1962,13.22,0.0
3265,36.79,33.43,0.0,0.0,0.0,0.1962,3.36,0.0
3266,36.79,10.25,0.0,0.0,0.0,0.1962,26.54,0.0
3267,36.79,12.96,0.0,0.0,0.0,0.1962,23.83,0.0
3268,36.79,16.16,0.0,0.0,0.0,0.1962,20.64,0.0
3269,36.79,17.54,0.0,0.0,0.0,0.1962,19.26,0.0
3270,36.79,8.64,0.0,0.0,0.0,0.1962,28.16,0.0
3271,38.75,1.36,14.27,0.0,0.0,0.1962,23.11,0.0
3272,40.62,13.38,26.43,0.0,0.82,0.1962,0.0,0.0
3273,42.35,10.46,38.26,6.37,0.0,0.1,0.0,0.0
3274,43.87,0.0,38.12,0.0,5.75,0.7777,0.0,0.0
3275,45.11,0.0,45.11,0.0,0.0,0.1,0.0,0.0
3276,46.03,0.0,53.55,7.52,0.0,0.1,0.0,0.0
3277,46.6,0.0,45.82,0.0,0.79,0.9,0.0,0.0
3278,46.79,4.11,42.69,0.0,0.0,0.8073,0.0,0.0
3279,46.6,9.13,38.34,0.87,0.0,0.8073,0.0,0.0
3280,46.03,0.0,25.52,0.0,6.78,0.9,13.73,0.0
3281,45.11,8.53,12.25,0.0,0.0,0.1,24.33,0.0
3282,43.87,0.0,0.0,0.0,0.0,0.1,43.87,0.0
3283,42.35,19.36,0.0,0.0,0.0,0.1,22.99,0.0
3284,40.62,1.92,0.0,0.0,0.0,0.1,38.7,0.0
3285,38.75,27.9,0.0,0.0,0.0,0.1,10.84,0.0
3286,36.79,14.6,0.0,0.0,0.0,0.1,22.19,0.0
3287,36.79,16.34,0.0,0.0,0.0,0.1,20.46,0.0
3288,36.76,13.21,0.0,0.0,0.0,0.1,23.56,0.0
3289,36.76,15.63,0.0,0.0,0.0,0.1,21.13,0.0
3290,36.76,28.39,0.0,0.0,0.0,0.1,8.37,0.0
3291,36.76,0.0,0.0,0.0,0.0,0.1,36.76,0.0
3292,36.76,24.36,0.0,0.0,0.0,0.1,12.4,0.0
3293,36.76,14.99,0.0,0.0,0.0,0.1,21.77,0.0
3294,36.76,0.67,0.0,0.0,0.0,0.1,36.09,0.0
3295,38.71,0.0,12.67,0.0,0.0,0.1,26.04,0.0
3296,40.59,19.59,27.95,6.95,0.0,0.1,0.0,0.0
3297,42.32,0.0,36.05,0.0,6.27,0.8397,0.0,0.0
3298,43.84,0.0,43.84,0.0,0.0,0.1,0.0,0.0
3299,45.08,0.0,45.08,0.0,0.0,0.1,0.0,0.0
3300,46.0,0.0,53.52,7.52,0.0,0.1,0.0,0.0
3301,46.57,0.0,41.13,0.0,5.45,0.9,0.0,0.0
3302,46.76,5.1,47.7,6.03,0.0,0.2579,0.0,0.0
3303,46.57,0.0,38.4,0.0,6.78,0.9,1.39,0.0
3304,46.0,15.02,25.99,0.0,0.0,0.1,4.99,0.0
3305,45.08,16.62,13.18,0.0,0.0,0.1,15.27,0.0
3306,43.84,14.48,0.0,0.0,0.0,0.1,29.36,0.0
3307,42.32,15.18,0.0,0.0,0.0,0.1,27.14,0.0
3308,40.59,28.21,0.0,0.0,0.0,0.1,12.39,0.0
3309,38.71,15.86,0.0,0.0,0.0,0.1,22.85,0.0
3310,36.76,7.75,0.0,0.0,0.0,0.1,29.02,0.0
3311,36.76,21.49,0.0,0.0,0.0,0.1,15.27,0.0
3312,36.73,34.66,0.0,0.0,0.0,0.1,2.07,0.0
3313,36.73,9.77,0.0,0.0,0.0,0.1,26.96,0.0
3314,36.73,14.16,0.0,0.0,0.0,0.1,22.57,0.0
3315,36.73,19.08,0.0,0.0,0.0,0.1,17.66,0.0
3316,36.73,13.7,0.0,0.0,0.0,0.1,23.03,0.0
3317,36.73,4.41,0.0,0.0,0.0,0.1,32.32,0.0
3318,36.73,19.06,0.0,0.0,0.0,0.1,17.67,0.0
3319,38.68,26.52,12.99,0.83,0.0,0.1,0.0,0.0
3320,40.56,7.74,25.49,0.0,0.0,0.188,7.33,0.0
3321,42.29,0.0,37.3,0.0,0.75,0.188,4.24,0.0
3322,43.8,0.0,43.8,0.0,0.0,0.1,0.0,0.0
3323,45.05,0.0,45.05,0.0,0.0,0.1,0.0,0.0
3324,45.97,10.98,39.14,4.15,0.0,0.1,0.0,0.0
3325,46.54,0.0,46.54,0.0,0.0,0.5415,0.0,0.0
3326,46.73,3.26,46.84,3.37,0.0,0.5415,0.0,0.0
3327,46.54,0.0,39.45,0.0,6.78,0.9,0.3,0.0
3328,45.97,0.0,26.9,0.0,0.0,0.1,19.07,0.0
3329,45.05,14.73,13.6,0.0,0.0,0.1,16.72,0.0
3330,43.8,17.41,0.0,0.0,0.0,0.1,26.39,0.0
3331,42.29,0.0,0.0,0.0,0.0,0.1,42.29,0.0
3332,40.56,26.75,0.0,0.0,0.0,0.1,13.81,0.0
3333,38.68,20.33,0.0,0.0,0.0,0.1,18.35,0.0
3334,36.73,28.15,0.0,0.0,0.0,0.1,8.59,0.0
3335,36.73,7.17,0.0,0.0,0.0,0.1,29.56,0.0
3336,36.7,7.16,0.0,0.0,0.0,0.1,29.54,0.0
3337,36.7,16.55,0.0,0.0,0.0,0.1,20.15,0.0
3338,36.7,20.93,0.0,0.0,0.0,0.1,15.77,0.0
3339,36.7,29.94,0.0,0.0,0.0,0.1,6.76,0.0
3340,36.7,19.64,0.0,0.0,0.0,0.1,17.06,0.0
3341,36.7,10.19,0.0,0.0,0.0,0.1,26.51,0.0
3342,36.7,1.91,0.0,0.0,0.0,0.1,34.79,0.0
3343,38.65,17.77,13.54,0.0,0.0,0.1,7.33,0.0
3344,40.53,0.0,27.45,0.0,0.0,0.1,13.08,0.0
3345,42.26,17.38,32.4,7.52,0.0,0.1,0.0,0.0
3346,43.77,0.0,36.99,0.0,6.78,0.9,0.0,0.0
3347,45.02,0.0,45.02,0.0,0.0,0.1,0.0,0.0
3348,45.94,0.0,45.94,0.0,0.0,0.1,0.0,0.0
3349,46.51,1.31,52.72,7.52,0.0,0.1,0.0,0.0
3350,46.7,0.0,46.21,0.0,0.49,0.9,0.0,0.0
3351,46.51,1.74,38.04,0.0,0.0,0.8417,6.72,0.0
3352,45.94,9.49,27.75,0.0,0.0,0.8417,8.69,0.0
3353,45.02,8.62,13.1,0.0,0.0,0.8417,23.3,0.0
3354,43.77,5.35,0.0,0.0,0.0,0.8417,38.42,0.0
3355,42.26,10.8,0.0,0.0,0.0,0.8417,31.45,0.0
3356,40.53,14.66,0.0,0.0,0.0,0.8417,25.87,0.0
3357,38.65,0.0,0.0,0.0,0.0,0.8417,38.65,0.0
3358,36.7,20.58,0.0,0.0,0.0,0.8417,16.13,0.0
3359,36.7,9.95,0.0,0.0,0.0,0.8417,26.75,0.0
3360,36.67,8.75,0.0,0.0,0.0,0.8417,27.92,0.0
3361,36.67,4.24,0.0,0.0,0.0,0.8417,32.43,0.0
3362,36.67,2.6,0.0,0.0,0.0,0.8417,34.07,0.0
3363,36.67,4.82,0.0,0.0,0.0,0.8417,31.85,0.0
3364,36.67,8.31,0.0,0.0,0.0,0.8417,28.36,0.0
3365,36.67,27.53,0.0,0.0,0.0,0.8417,9.14,0.0
3366,36.67,5.8,0.0,0.0,0.0,0.8417,30.87,0.0
3367,38.62,9.33,12.01,0.0,6.29,0.8417,10.99,0.0
3368,40.5,9.18,26.27,0.0,0.0,0.1,5.04,0.0
3369,42.23,4.7,37.52,0.0,0.0,0.1,0.0,0.0
3370,43.74,2.48,46.44,5.18,0.0,0.1,0.0,0.0
3371,44.98,0.0,40.31,0.0,4.67,0.6507,0.0,0.0
3372,45.91,0.0,53.43,7.52,0.0,0.1,0.0,0.0
3373,46.48,16.65,29.83,0.0,0.0,0.9,0.0,0.0
3374,46.67,0.0,46.67,0.0,0.0,0.9,0.0,0.0
3375,46.48,0.0,39.05,0.0,0.0,0.9,7.43,0.0
3376,45.91,3.78,27.77,0.0,0.0,0.9,14.36,0.0
3377,44.98,0.26,12.08,0.0,0.0,0.9,32.65,0.0
3378,43.74,13.99,0.0,0.0,0.0,0.9,29.75,0.0
3379,42.23,6.24,0.0,0.0,0.0,0.9,35.98,0.0
3380,40.5,31.13,0.0,0.0,0.0,0.9,9.37,0.0
3381,38.62,25.04,0.0,0.0,0.0,0.9,13.58,0.0
3382,36.67,18.53,0.0,0.0,0.0,0.9,18.14,0.0
3383,36.67,25.79,0.0,0.0,0.0,0.9,10.88,0.0
3384,36.64,26.6,0.0,0.0,0.0,0.9,10.04,0.0
3385,36.64,13.07,0.0,0.0,0.0,0.9,23.57,0.0
3386,36.64,10.28,0.0,0.0,0.0,0.9,26.36,0.0
3387,36.64,16.12,0.0,0.0,0.0,0.9,20.52,0.0
3388,36.64,20.69,0.0,0.0,0.0,0.9,15.95,0.0
3389,36.64,13.04,0.0,0.0,0.0,0.9,23.6,0.0
3390,36.64,0.0,0.0,0.0,0.0,0.9,36.64,0.0
3391,38.59,1.45,12.23,0.0,0.0,0.9,24.91,0.0
3392,40.46,5.32,26.72,0.0,6.78,0.9,1.64,0.0
3393,42.19,3.67,38.94,0.41,0.0,0.1,0.0,0.0
3394,43.71,18.67,24.67,0.0,0.37,0.1441,0.0,0.0
3395,44.95,0.0,44.95,0.0,0.0,0.1,0.0,0.0
3396,45.88,0.0,53.39,7.52,0.0,0.1,0.0,0.0
3397,46.45,14.03,32.41,0.0,0.0,0.9,0.0,0.0
3398,46.64,21.04,25.6,0.0,0.0,0.9,0.0,0.0
3399,46.45,1.06,38.79,0.0,6.6,0.9,0.0,0.0
3400,45.88,9.81,26.42,0.0,0.0,0.1216,9.64,0.0
3401,44.95,12.35,11.72,0.0,0.0,0.1216,20.88,0.0
3402,43.71,11.43,0.0,0.0,0.0,0.1216,32.28,0.0
3403,42.19,11.15,0.0,0.0,0.0,0.1216,31.04,0.0
3404,40.46,17.31,0.0,0.0,0.0,0.1216,23.15,0.0
3405,38.59,0.0,0.0,0.0,0.0,0.1216,38.59,0.0
3406,36.64,22.17,0.0,0.0,0.0,0.1216,14.47,0.0
3407,36.64,18.55,0.0,0.0,0.0,0.1216,18.09,0.0
3408,36.61,15.97,0.0,0.0,0.0,0.1216,20.64,0.0
3409,36.61,33.71,0.0,0.0,0.0,0.1216,2.89,0.0
3410,36.61,11.31,0.0,0.0,0.0,0.1216,25.3,0.0
3411,36.61,12.21,0.0,0.0,0.0,0.1216,24.4,0.0
3412,36.61,29.57,0.0,0.0,0.0,0.1216,7.03,0.0
3413,36.61,5.24,0.0,0.0,0.0,0.1216,31.36,0.0
3414,36.61,5.42,0.0,0.0,0.0,0.1216,31.18,0.0
3415,38.56,6.57,13.57,0.0,0.18,0.1216,18.23,0.0
3416,40.43,12.5,28.01,0.07,0.0,0.1,0.0,0.0
3417,42.16,5.83,36.27,0.0,0.07,0.1079,0.0,0.0
3418,43.68,0.0,43.68,0.0,0.0,0.1,0.0,0.0
3419,44.92,0.0,44.92,0.0,0.0,0.1,0.0,0.0
3420,45.84,0.0,45.84,0.0,0.0,0.1,0.0,0.0
3421,46.41,1.51,44.9,0.0,0.0,0.1,0.0,0.0
3422,46.61,5.89,48.23,7.52,0.0,0.1,0.0,0.0
3423,46.41,7.5,38.91,0.0,0.0,0.9,0.0,0.0
3424,45.84,0.0,26.57,0.0,6.78,0.9,12.49,0.0
3425,44.92,16.18,13.23,0.0,0.0,0.1,15.5,0.0
3426,43.68,11.8,0.0,0.0,0.0,0.1,31.88,0.0
3427,42.16,22.84,0.0,0.0,0.0,0.1,19.32,0.0
3428,40.43,17.29,0.0,0.0,0.0,0.1,23.14,0.0
3429,38.56,24.15,0.0,0.0,0.0,0.1,14.41,0.0
3430,36.61,20.37,0.0,0.0,0.0,0.1,16.23,0.0
3431,36.61,28.15,0.0,0.0,0.0,0.1,8.46,0.0
3432,36.57,21.79,0.0,0.0,0.0,0.1,14.78,0.0
3433,36.57,16.6,0.0,0.0,0.0,0.1,19.98,0.0
3434,36.57,34.62,0.0,0.0,0.0,0.1,1.95,0.0
3435,36.57,22.38,0.0,0.0,0.0,0.1,14.19,0.0
3436,36.57,18.23,0.0,0.0,0.0,0.1,18.34,0.0
3437,36.57,1.63,0.0,0.0,0.0,0.1,34.94,0.0
3438,36.57,0.0,0.0,0.0,0.0,0.1,36.57,0.0
3439,38.52,9.97,13.28,0.0,0.0,0.1,15.27,0.0
3440,40.4,6.89,26.38,0.0,0.0,0.1,7.13,0.0
3441,42.13,0.0,38.32,0.0,0.0,0.1,3.81,0.0
3442,43.64,3.95,43.84,4.14,0.0,0.1,0.0,0.0
3443,44.89,0.0,44.89,0.0,0.0,0.5408,0.0,0.0
3444,45.81,0.0,45.81,0.0,0.0,0.5408,0.0,0.0
3445,46.38,0.0,46.38,0.0,0.0,0.5408,0.0,0.0
3446,46.57,1.94,48.0,3.38,0.0,0.5408,0.0,0.0
3447,46.38,0.0,39.54,0.0,2.04,0.9,4.8,0.0
3448,45.81,2.66,28.24,0.0,0.0,0.6594,14.91,0.0
3449,44.89,4.37,14.0,0.0,0.0,0.6594,26.52,0.0
3450,43.64,5.91,0.0,0.0,0.0,0.6594,37.73,0.0
3451,42.13,1.8,0.0,0.0,0.0,0.6594,40.33,0.0
3452,40.4,12.66,0.0,0.0,0.0,0.6594,27.74,0.0
3453,38.52,10.87,0.0,0.0,0.0,0.6594,27.65,0.0
3454,36.57,0.0,0.0,0.0,0.0,0.6594,36.57,0.0
3455,36.57,33.67,0.0,0.0,0.0,0.6594,2.9,0.0
3456,36.54,26.2,0.0,0.0,0.0,0.6594,10.33,0.0
3457,36.54,14.3,0.0,0.0,0.0,0.6594,22.24,0.0
3458,36.54,16.65,0.0,0.0,0.0,0.6594,19.89,0.0
3459,36.54,5.93,0.0,0.0,0.0,0.6594,30.61,0.0
3460,36.54,27.05,0.0,0.0,0.0,0.6594,9.48,0.0
3461,36.54,26.74,0.0,0.0,0.0,0.6594,9.8,0.0
3462,36.54,10.86,0.0,0.0,0.0,0.6594,25.67,0.0
3463,38.49,15.69,13.5,0.0,0.0,0.6594,9.3,0.0
3464,40.37,7.04,26.7,0.0,0.0,0.6594,6.63,0.0
3465,42.09,0.0,37.35,0.0,4.74,0.6594,0.0,0.0
3466,43.61,0.0,43.61,0.0,0.0,0.1,0.0,0.0
3467,44.85,0.0,44.85,0.0,0.0,0.1,0.0,0.0
3468,45.78,0.0,53.29,7.52,0.0,0.1,0.0,0.0
3469,46.35,0.0,46.35,0.0,0.0,0.9,0.0,0.0
3470,46.54,2.02,44.52,0.0,0.0,0.9,0.0,0.0
3471,46.35,3.36,40.0,0.0,2.98,0.9,0.0,0.0
3472,45.78,6.07,26.31,0.0,0.0,0.549,13.4,0.0
3473,44.85,0.0,12.21,0.0,0.0,0.549,32.64,0.0
3474,43.61,3.93,0.0,0.0,0.0,0.549,39.68,0.0
3475,42.09,1.48,0.0,0.0,0.0,0.549,40.62,0.0
3476,40.37,21.35,0.0,0.0,0.0,0.549,19.01,0.0
3477,38.49,0.0,0.0,0.0,0.0,0.549,38.49,0.0
3478,36.54,25.66,0.0,0.0,0.0,0.549,10.88,0.0
3479,36.54,28.3,0.0,0.0,0.0,0.549,8.24,0.0
3480,36.5,15.08,0.0,0.0,0.0,0.549,21.43,0.0
3481,36.5,0.0,0.0,0.0,0.0,0.549,36.5,0.0
3482,36.5,13.54,0.0,0.0,0.0,0.549,22.96,0.0
3483,36.5,14.64,0.0,0.0,0.0,0.549,21.86,0.0
3484,36.5,5.48,0.0,0.0,0.0,0.549,31.02,0.0
3485,36.5,7.5,0.0,0.0,0.0,0.549,29.0,0.0
3486,36.5,21.69,0.0,0.0,0.0,0.549,14.82,0.0
3487,38.45,12.76,12.82,0.0,0.0,0.549,12.87,0.0
3488,40.33,0.0,26.51,0.0,3.81,0.549,10.01,0.0
3489,42.06,0.0,39.86,0.0,0.0,0.1,2.2,0.0
3490,43.58,0.0,48.76,5.18,0.0,0.1,0.0,0.0
3491,44.82,0.0,40.14,0.0,4.68,0.6514,0.0,0.0
3492,45.74,0.0,45.74,0.0,0.0,0.1,0.0,0.0
3493,46.31,0.0,46.31,0.0,0.0,0.1,0.0,0.0
3494,46.5,0.0,46.5,0.0,0.0,0.1,0.0,0.0
3495,46.31,19.29,34.54,7.52,0.0,0.1,0.0,0.0
3496,45.74,12.04,26.73,0.0,6.78,0.9,0.18,0.0
3497,44.82,7.1,12.6,0.0,0.0,0.1,25.12,0.0
3498,43.58,8.08,0.0,0.0,0.0,0.1,35.49,0.0
3499,42.06,8.76,0.0,0.0,0.0,0.1,33.3,0.0
3500,40.33,22.88,0.0,0.0,0.0,0.1,17.45,0.0
3501,38.45,10.17,0.0,0.0,0.0,0.1,28.28,0.0
3502,36.5,16.77,0.0,0.0,0.0,0.1,19.73,0.0
3503,36.5,17.61,0.0,0.0,0.0,0.1,18.89,0.0
3504,36.47,13.41,0.0,0.0,0.0,0.1,23.06,0.0
3505,36.47,6.23,0.0,0.0,0.0,0.1,30.24,0.0
3506,36.47,18.9,0.0,0.0,0.0,0.1,17.57,0.0
3507,36.47,14.59,0.0,0.0,0.0,0.1,21.88,0.0
3508,36.47,17.4,0.0,0.0,0.0,0.1,19.07,0.0
3509,36.47,7.27,0.0,0.0,0.0,0.1,29.2,0.0
3510,36.47,19.15,0.0,0.0,0.0,0.1,17.32,0.0
3511,38.42,0.44,12.57,0.0,0.0,0.1,25.41,0.0
3512,40.3,19.08,26.04,4.82,0.0,0.1,0.0,0.0
3513,42.03,0.0,37.67,0.0,4.35,0.613,0.0,0.0
3514,43.54,6.03,37.51,0.0,0.0,0.1,0.0,0.0
3515,44.78,0.0,44.78,0.0,0.0,0.1,0.0,0.0
3516,45.71,0.0,45.71,0.0,0.0,0.1,0.0,0.0
3517,46.28,0.0,53.8,7.52,0.0,0.1,0.0,0.0
3518,46.47,0.0,46.47,0.0,0.0,0.9,0.0,0.0
3519,46.28,0.0,39.85,0.0,3.92,0.9,2.51,0.0
3520,45.71,9.48,27.48,0.0,0.0,0.4384,8.75,0.0
3521,44.78,0.0,14.6,0.0,0.0,0.4384,30.18,0.0
3522,43.54,1.79,0.0,0.0,0.0,0.4384,41.75,0.0
3523,42.03,24.45,0.0,0.0,0.0,0.4384,17.58,0.0
3524,40.3,8.81,0.0,0.0,0.0,0.4384,31.49,0.0
3525,38.42,5.75,0.0,0.0,0.0,0.4384,32.67,0.0
3526,36.47,14.76,0.0,0.0,0.0,0.4384,21.71,0.0
3527,36.47,33.54,0.0,0.0,0.0,0.4384,2.93,0.0
3528,36.43,2.77,0.0,0.0,0.0,0.4384,33.66,0.0
3529,36.43,8.7,0.0,0.0,0.0,0.4384,27.74,0.0
3530,36.43,28.14,0.0,0.0,0.0,0.4384,8.29,0.0
3531,36.43,29.74,0.0,0.0,0.0,0.4384,6.69,0.0
3532,36.43,12.53,0.0,0.0,0.0,0.4384,23.91,0.0
3533,36.43,1.59,0.0,0.0,0.0,0.4384,34.84,0.0
3534,36.43,26.02,0.0,0.0,0.0,0.4384,10.42,0.0
3535,38.39,19.98,12.54,0.0,0.0,0.4384,5.86,0.0
3536,40.26,10.8,27.45,0.0,0.0,0.4384,2.01,0.0
3537,41.99,0.0,39.12,0.0,2.87,0.4384,0.0,0.0
3538,43.51,2.11,41.39,0.0,0.0,0.1,0.0,0.0
3539,44.75,0.0,44.75,0.0,0.0,0.1,0.0,0.0
3540,45.67,0.0,53.19,7.52,0.0,0.1,0.0,0.0
3541,46.24,0.0,46.24,0.0,0.0,0.9,0.0,0.0
3542,46.43,0.0,46.43,0.0,0.0,0.9,0.0,0.0
3543,46.24,0.0,38.47,0.0,5.89,0.9,1.89,0.0
3544,45.67,16.34,28.44,0.0,0.89,0.2054,0.0,0.0
3545,44.75,9.81,14.35,0.0,0.0,0.1,20.59,0.0
3546,43.51,14.83,0.0,0.0,0.0,0.1,28.67,0.0
3547,41.99,23.07,0.0,0.0,0.0,0.1,18.92,0.0
3548,40.26,4.52,0.0,0.0,0.0,0.1,35.74,0.0
3549,38.39,14.71,0.0,0.0,0.0,0.1,23.68,0.0
3550,36.43,12.03,0.0,0.0,0.0,0.1,24.4,0.0
3551,36.43,4.6,0.0,0.0,0.0,0.1,31.84,0.0
3552,36.4,19.99,0.0,0.0,0.0,0.1,16.41,0.0
3553,36.4,36.91,0.0,0.51,0.0,0.1,0.0,0.0
3554,36.4,1.57,0.0,0.0,0.0,0.1542,34.83,0.0
3555,36.4,14.66,0.0,0.0,0.0,0.1542,21.74,0.0
3556,36.4,18.35,0.0,0.0,0.0,0.1542,18.04,0.0
3557,36.4,12.33,0.0,0.0,0.0,0.1542,24.07,0.0
3558,36.4,8.4,0.0,0.0,0.0,0.1542,28.0,0.0
3559,38.35,0.0,13.39,0.0,0.0,0.1542,24.96,0.0
3560,40.23,7.18,27.44,0.0,0.46,0.1542,5.15,0.0
3561,41.95,0.0,39.21,0.0,0.0,0.1,2.75,0.0
3562,43.47,0.0,43.47,0.0,0.0,0.1,0.0,0.0
3563,44.71,0.0,52.23,7.52,0.0,0.1,0.0,0.0
3564,45.64,0.0,40.69,0.0,4.95,0.9,0.0,0.0
3565,46.21,0.0,46.21,0.0,0.0,0.3164,0.0,0.0
3566,46.4,4.24,47.64,5.48,0.0,0.3164,0.0,0.0
3567,46.21,12.21,33.99,0.0,0.0,0.9,0.0,0.0
3568,45.64,7.11,27.12,0.0,6.78,0.9,4.62,0.0
3569,44.71,14.42,12.57,0.0,0.0,0.1,17.72,0.0
3570,43.47,6.94,0.0,0.0,0.0,0.1,36.53,0.0
3571,41.95,21.77,0.0,0.0,0.0,0.1,20.18,0.0
3572,40.23,15.82,0.0,0.0,0.0,0.1,24.41,0.0
3573,38.35,16.45,0.0,0.0,0.0,0.1,21.9,0.0
3574,36.4,6.09,0.0,0.0,0.0,0.1,30.31,0.0
3575,36.4,19.25,0.0,0.0,0.0,0.1,17.15,0.0
3576,36.36,10.56,0.0,0.0,0.0,0.1,25.81,0.0
3577,36.36,11.82,0.0,0.0,0.0,0.1,24.54,0.0
3578,36.36,9.63,0.0,0.0,0.0,0.1,26.74,0.0
3579,36.36,6.37,0.0,0.0,0.0,0.1,29.99,0.0
3580,36.36,30.06,0.0,0.0,0.0,0.1,6.3,0.0
3581,36.36,21.85,0.0,0.0,0.0,0.1,14.51,0.0
3582,36.36,24.47,0.0,0.0,0.0,0.1,11.89,0.0
3583,38.31,0.0,12.96,0.0,0.0,0.1,25.35,0.0
3584,40.19,5.82,27.51,0.0,0.0,0.1,6.86,0.0
3585,41.92,0.0,39.63,0.0,0.0,0.1,2.29,0.0
3586,43.43,0.0,48.71,5.28,0.0,0.1,0.0,0.0
3587,44.68,0.0,39.92,0.0,4.76,0.6615,0.0,0.0
3588,45.6,0.0,53.12,7.52,0.0,0.1,0.0,0.0
3589,46.17,0.0,46.17,0.0,0.0,0.9,0.0,0.0
3590,46.36,0.0,46.36,0.0,0.0,0.9,0.0,0.0
3591,46.17,8.41,37.77,0.0,0.0,0.9,0.0,0.0
3592,45.6,23.54,22.06,0.0,0.0,0.9,0.0,0.0
3593,44.68,0.0,13.09,0.0,6.78,0.9,24.8,0.0
3594,43.43,19.22,0.0,0.0,0.0,0.1,24.21,0.0
3595,41.92,20.38,0.0,0.0,0.0,0.1,21.54,0.0
3596,40.19,5.47,0.0,0.0,0.0,0.1,34.72,0.0
3597,38.31,22.83,0.0,0.0,0.0,0.1,15.48,0.0
3598,36.36,18.77,0.0,0.0,0.0,0.1,17.59,0.0
3599,36.36,15.09,0.0,0.0,0.0,0.1,21.28,0.0
3600,36.33,10.55,0.0,0.0,0.0,0.1,25.78,0.0
3601,36.33,11.11,0.0,0.0,0.0,0.1,25.22,0.0
3602,36.33,32.3,0.0,0.0,0.0,0.1,4.03,0.0
3603,36.33,14.77,0.0,0.0,0.0,0.1,21.56,0.0
3604,36.33,19.33,0.0,0.0,0.0,0.1,17.0,0.0
3605,36.33,4.93,0.0,0.0,0.0,0.1,31.4,0.0
3606,36.33,2.96,0.0,0.0,0.0,0.1,33.37,0.0
3607,38.28,15.69,13.32,0.0,0.0,0.1,9.27,0.0
3608,40.15,0.0,26.89,0.0,0.0,0.1,13.26,0.0
3609,41.88,0.24,37.64,0.0,0.0,0.1,4.0,0.0
3610,43.4,2.54,46.86,6.01,0.0,0.1,0.0,0.0
3611,44.64,0.0,39.22,0.0,5.42,0.7392,0.0,0.0
3612,45.57,0.0,45.57,0.0,0.0,0.1,0.0,0.0
3613,46.13,4.62,41.51,0.0,0.0,0.1,0.0,0.0
3614,46.33,2.82,47.52,4.01,0.0,0.1,0.0,0.0
3615,46.13,9.37,40.28,3.51,0.0,0.5265,0.0,0.0
3616,45.57,0.0,27.81,0.0,6.78,0.9,10.97,0.0
3617,44.64,4.84,14.06,0.0,0.0,0.1,25.75,0.0
3618,43.4,18.64,0.0,0.0,0.0,0.1,24.76,0.0
3619,41.88,18.31,0.0,0.0,0.0,0.1,23.57,0.0
3620,40.15,2.22,0.0,0.0,0.0,0.1,37.93,0.0
3621,38.28,17.55,0.0,0.0,0.0,0.1,20.72,0.0
3622,36.33,0.32,0.0,0.0,0.0,0.1,36.01,0.0
3623,36.33,17.19,0.0,0.0,0.0,0.1,19.14,0.0
3624,36.29,32.09,0.0,0.0,0.0,0.1,4.2,0.0
3625,36.29,9.22,0.0,0.0,0.0,0.1,27.07,0.0
3626,36.29,9.33,0.0,0.0,0.0,0.1,26.96,0.0
3627,36.29,20.76,0.0,0.0,0.0,0.1,15.53,0.0
3628,36.29,0.8,0.0,0.0,0.0,0.1,35.49,0.0
3629,36.29,6.11,0.0,0.0,0.0,0.1,30.18,0.0
3630,36.29,13.81,0.0,0.0,0.0,0.1,22.48,0.0
3631,38.24,1.99,14.3,0.0,0.0,0.1,21.96,0.0
3632,40.12,3.24,28.58,0.0,0.0,0.1,8.3,0.0
3633,41.85,3.16,38.68,0.0,0.0,0.1,0.0,0.0
3634,43.36,0.0,43.36,0.0,0.0,0.1,0.0,0.0
3635,44.6,0.0,52.12,7.52,0.0,0.1,0.0,0.0
3636,45.53,0.0,45.53,0.0,0.0,0.9,0.0,0.0
3637,46.1,4.35,41.75,0.0,0.0,0.9,0.0,0.0
3638,46.29,1.22,45.07,0.0,0.0,0.9,0.0,0.0
3639,46.1,7.1,37.84,0.0,1.16,0.9,0.0,0.0
3640,45.53,1.16,27.12,0.0,0.0,0.7631,17.24,0.0
3641,44.6,5.57,12.07,0.0,0.0,0.7631,26.96,0.0
3642,43.36,1.22,0.0,0.0,0.0,0.7631,42.14,0.0
3643,41.85,10.86,0.0,0.0,0.0,0.7631,30.99,0.0
3644,40.12,6.61,0.0,0.0,0.0,0.7631,33.51,0.0
3645,38.24,5.85,0.0,0.0,0.0,0.7631,32.39,0.0
3646,36.29,18.01,0.0,0.0,5.62,0.7631,12.66,0.0
3647,36.29,18.44,0.0,0.0,0.0,0.1,17.85,0.0
3648,36.25,23.16,0.0,0.0,0.0,0.1,13.09,0.0
3649,36.25,13.25,0.0,0.0,0.0,0.1,23.0,0.0
3650,36.25,19.12,0.0,0.0,0.0,0.1,17.13,0.0
3651,36.25,19.0,0.0,0.0,0.0,0.1,17.26,0.0
3652,36.25,16.51,0.0,0.0,0.0,0.1,19.74,0.0
3653,36.25,4.51,0.0,0.0,0.0,0.1,31.74,0.0
3654,36.25,10.19,0.0,0.0,0.0,0.1,26.06,0.0
3655,38.2,9.85,13.03,0.0,0.0,0.1,15.33,0.0
3656,40.08,5.1,26.59,0.0,0.0,0.1,8.39,0.0
3657,41.81,0.0,37.83,0.0,0.0,0.1,3.97,0.0
3658,43.32,3.41,39.92,0.0,0.0,0.1,0.0,0.0
3659,44.57,18.91,25.66,0.0,0.0,0.1,0.0,0.0
3660,45.49,0.0,53.01,7.52,0.0,0.1,0.0,0.0
3661,46.06,0.0,46.06,0.0,0.0,0.9,0.0,0.0
3662,46.25,5.1,41.16,0.0,0.0,0.9,0.0,0.0
3663,46.06,5.87,39.51,0.0,0.68,0.9,0.0,0.0
3664,45.49,14.51,25.96,0.0,5.03,0.8199,0.0,0.0
3665,44.57,0.0,13.94,0.0,0.0,0.2273,30.63,0.0
3666,43.32,14.82,0.0,0.0,0.0,0.2273,28.51,0.0
3667,41.81,15.75,0.0,0.0,0.0,0.2273,26.06,0.0
3668,40.08,11.85,0.0,0.0,0.0,0.2273,28.23,0.0
3669,38.2,17.31,0.0,0.0,0.0,0.2273,20.89,0.0
3670,36.25,24.06,0.0,0.0,0.0,0.2273,12.19,0.0
3671,36.25,23.6,0.0,0.0,0.0,0.2273,12.65,0.0
3672,36.22,7.81,0.0,0.0,0.0,0.2273,28.41,0.0
3673,36.22,23.12,0.0,0.0,0.0,0.2273,13.09,0.0
3674,36.22,15.3,0.0,0.0,0.0,0.2273,20.91,0.0
3675,36.22,15.13,0.0,0.0,0.0,0.2273,21.08,0.0
3676,36.22,13.49,0.0,0.0,0.0,0.2273,22.72,0.0
3677,36.22,9.8,0.0,0.0,0.0,0.2273,26.41,0.0
3678,36.22,18.4,0.0,0.0,0.0,0.2273,17.81,0.0
3679,38.17,6.22,14.0,0.0,0.0,0.2273,17.94,0.0
3680,40.04,0.0,26.96,0.0,0.0,0.2273,13.08,0.0
3681,41.77,0.2,39.05,0.0,1.08,0.2273,1.44,0.0
3682,43.29,3.48,39.8,0.0,0.0,0.1,0.0,0.0
3683,44.53,0.0,44.53,0.0,0.0,0.1,0.0,0.0
3684,45.45,0.0,52.97,7.52,0.0,0.1,0.0,0.0
3685,46.02,0.0,46.02,0.0,0.0,0.9,0.0,0.0
3686,46.22,21.8,24.42,0.0,0.0,0.9,0.0,0.0
3687,46.02,5.43,38.21,0.0,2.39,0.9,0.0,0.0
3688,45.45,15.1,27.13,0.0,3.22,0.6183,0.0,0.0
3689,44.53,5.68,12.03,0.0,0.0,0.2384,26.82,0.0
3690,43.29,13.18,0.0,0.0,0.0,0.2384,30.11,0.0
3691,41.77,17.66,0.0,0.0,0.0,0.2384,24.11,0.0
3692,40.04,22.58,0.0,0.0,0.0,0.2384,17.46,0.0
3693,38.17,22.95,0.0,0.0,0.0,0.2384,15.22,0.0
3694,36.22,22.74,0.0,0.0,0.0,0.2384,13.47,0.0
3695,36.22,14.11,0.0,0.0,0.0,0.2384,22.11,0.0
3696,36.18,12.28,0.0,0.0,0.0,0.2384,23.9,0.0
3697,36.18,19.19,0.0,0.0,0.0,0.2384,16.99,0.0
3698,36.18,23.16,0.0,0.0,0.0,0.2384,13.02,0.0
3699,36.18,12.72,0.0,0.0,0.0,0.2384,23.46,0.0
3700,36.18,21.3,0.0,0.0,0.0,0.2384,14.88,0.0
3701,36.18,22.46,0.0,0.0,0.0,0.2384,13.71,0.0
3702,36.18,1.6,0.0,0.0,0.0,0.2384,34.58,0.0
3703,38.13,0.18,12.97,0.0,1.17,0.2384,23.81,0.0
3704,40.0,3.79,26.58,0.0,0.0,0.1,9.64,0.0
3705,41.73,3.45,38.28,0.0,0.0,0.1,0.0,0.0
3706,43.25,0.0,43.25,0.0,0.0,0.1,0.0,0.0
3707,44.49,0.0,52.01,7.52,0.0,0.1,0.0,0.0
3708,45.42,0.0,45.42,0.0,0.0,0.9,0.0,0.0
3709,45.99,1.52,41.91,0.0,2.55,0.9,0.0,0.0
3710,46.18,0.0,49.0,2.83,0.0,0.5992,0.0,0.0
3711,45.99,0.0,38.07,0.0,6.78,0.9,1.13,0.0
3712,45.42,7.14,27.3,0.0,0.0,0.1,10.98,0.0
3713,44.49,0.0,14.47,0.0,0.0,0.1,30.02,0.0
3714,43.25,16.92,0.0,0.0,0.0,0.1,26.33,0.0
3715,41.73,9.68,0.0,0.0,0.0,0.1,32.06,0.0
3716,40.0,38.59,0.0,0.0,0.0,0.1,1.41,0.0
3717,38.13,32.81,0.0,0.0,0.0,0.1,5.32,0.0
3718,36.18,14.31,0.0,0.0,0.0,0.1,21.87,0.0
3719,36.18,15.7,0.0,0.0,0.0,0.1,20.48,0.0
3720,36.14,24.66,0.0,0.0,0.0,0.1,11.48,0.0
3721,36.14,30.0,0.0,0.0,0.0,0.1,6.14,0.0
3722,36.14,2.68,0.0,0.0,0.0,0.1,33.46,0.0
3723,36.14,0.24,0.0,0.0,0.0,0.1,35.9,0.0
3724,36.14,7.84,0.0,0.0,0.0,0.1,28.3,0.0
3725,36.14,15.49,0.0,0.0,0.0,0.1,20.65,0.0
3726,36.14,12.76,0.0,0.0,0.0,0.1,23.38,0.0
3727,38.09,15.25,14.52,0.0,0.0,0.1,8.32,0.0
3728,39.97,0.0,28.39,0.0,0.0,0.1,11.57,0.0
3729,41.7,0.0,39.27,0.0,0.0,0.1,2.43,0.0
3730,43.21,0.0,43.21,0.0,0.0,0.1,0.0,0.0
3731,44.45,0.0,51.97,7.52,0.0,0.1,0.0,0.0
3732,45.38,0.0,45.38,0.0,0.0,0.9,0.0,0.0
3733,45.95,2.3,36.87,0.0,6.78,0.9,0.0,0.0
3734,46.14,6.54,47.12,7.52,0.0,0.1,0.0,0.0
3735,45.95,2.23,40.64,0.0,0.0,0.9,3.08,0.0
3736,45.38,1.21,26.52,0.0,0.0,0.9,17.65,0.0
3737,44.45,5.49,14.84,0.0,0.0,0.9,24.12,0.0
3738,43.21,5.87,0.0,0.0,0.0,0.9,37.34,0.0
3739,41.7,0.16,0.0,0.0,0.0,0.9,41.53,0.0
3740,39.97,7.11,0.0,0.0,0.0,0.9,32.86,0.0
3741,38.09,18.57,0.0,0.0,0.0,0.9,19.53,0.0
3742,36.14,18.24,0.0,0.0,0.0,0.9,17.9,0.0
3743,36.14,17.82,0.0,0.0,0.0,0.9,18.32,0.0
3744,36.1,8.79,0.0,0.0,0.0,0.9,27.31,0.0
3745,36.1,14.98,0.0,0.0,0.0,0.9,21.12,0.0
3746,36.1,0.0,0.0,0.0,0.0,0.9,36.1,0.0
3747,36.1,15.78,0.0,0.0,0.0,0.9,20.32,0.0
3748,36.1,24.07,0.0,0.0,0.0,0.9,12.04,0.0
3749,36.1,0.0,0.0,0.0,0.0,0.9,36.1,0.0
3750,36.1,4.1,0.0,0.0,0.0,0.9,32.0,0.0
3751,38.05,9.31,12.89,0.0,6.78,0.9,9.06,0.0
3752,39.93,14.73,27.58,2.38,0.0,0.1,0.0,0.0
3753,41.66,0.0,39.51,0.0,2.15,0.3531,0.0,0.0
3754,43.17,0.0,43.17,0.0,0.0,0.1,0.0,0.0
3755,44.42,0.0,51.93,7.52,0.0,0.1,0.0,0.0
3756,45.34,0.0,45.34,0.0,0.0,0.9,0.0,0.0
3757,45.91,17.3,28.61,0.0,0.0,0.9,0.0,0.0
3758,46.1,4.08,42.02,0.0,0.0,0.9,0.0,0.0
3759,45.91,2.96,38.31,0.0,4.64,0.9,0.0,0.0
3760,45.34,7.34,26.87,0.0,0.0,0.3526,11.13,0.0
3761,44.42,6.61,14.87,0.0,0.0,0.3526,22.94,0.0
3762,43.17,2.3,0.0,0.0,0.0,0.3526,40.88,0.0
3763,41.66,17.34,0.0,0.0,0.0,0.3526,24.31,0.0
3764,39.93,14.51,0.0,0.0,0.0,0.3526,25.41,0.0
3765,38.05,14.51,0.0,0.0,0.0,0.3526,23.55,0.0
3766,36.1,7.88,0.0,0.0,0.0,0.3526,28.22,0.0
3767,36.1,26.77,0.0,0.0,0.0,0.3526,9.33,0.0
3768,36.06,21.91,0.0,0.0,0.0,0.3526,14.15,0.0
3769,36.06,11.97,0.0,0.0,0.0,0.3526,24.09,0.0
3770,36.06,23.52,0.0,0.0,0.0,0.3526,12.54,0.0
3771,36.06,10.36,0.0,0.0,0.0,0.3526,25.71,0.0
3772,36.06,6.45,0.0,0.0,0.0,0.3526,29.61,0.0
3773,36.06,4.72,0.0,0.0,0.0,0.3526,31.35,0.0
3774,36.06,0.0,0.0,0.0,0.0,0.3526,36.06,0.0
3775,38.01,10.38,13.24,0.0,0.0,0.3526,14.4,0.0
3776,39.89,0.0,28.65,0.0,2.14,0.3526,9.09,0.0
3777,41.62,0.0,38.72,0.0,0.0,0.1,2.9,0.0
3778,43.13,0.0,43.13,0.0,0.0,0.1,0.0,0.0
3779,44.38,0.0,44.38,0.0,0.0,0.1,0.0,0.0
3780,45.3,0.0,52.82,7.52,0.0,0.1,0.0,0.0
3781,45.87,0.0,44.97,0.0,0.9,0.9,0.0,0.0
3782,46.06,0.0,47.06,1.0,0.0,0.7937,0.0,0.0
3783,45.87,0.0,40.52,0.0,5.35,0.9,0.0,0.0
3784,45.3,8.41,26.25,0.0,0.0,0.2689,10.65,0.0
3785,44.38,2.27,12.63,0.0,0.0,0.2689,29.48,0.0
3786,43.13,11.2,0.0,0.0,0.0,0.2689,31.93,0.0
3787,41.62,3.72,0.0,0.0,0.0,0.2689,37.9,0.0
3788,39.89,14.1,0.0,0.0,0.0,0.2689,25.79,0.0
3789,38.01,24.65,0.0,0.0,0.0,0.2689,13.36,0.0
3790,36.06,20.22,0.0,0.0,0.0,0.2689,15.84,0.0
3791,36.06,13.09,0.0,0.0,0.0,0.2689,22.98,0.0
3792,36.02,18.62,0.0,0.0,0.0,0.2689,17.41,0.0
3793,36.02,14.39,0.0,0.0,0.0,0.2689,21.63,0.0
3794,36.02,15.57,0.0,0.0,0.0,0.2689,20.45,0.0
3795,36.02,11.66,0.0,0.0,0.0,0.2689,24.36,0.0
3796,36.02,11.3,0.0,0.0,0.0,0.2689,24.72,0.0
3797,36.02,12.37,0.0,0.0,0.0,0.2689,23.65,0.0
3798,36.02,0.75,0.0,0.0,0.0,0.2689,35.27,0.0
3799,37.97,0.0,13.04,0.0,0.0,0.2689,24.94,0.0
3800,39.85,0.0,27.14,0.0,1.43,0.2689,11.28,0.0
3801,41.58,0.0,38.25,0.0,0.0,0.1,3.33,0.0
3802,43.09,0.0,43.09,0.0,0.0,0.1,0.0,0.0
3803,44.34,0.0,44.34,0.0,0.0,0.1,0.0,0.0
3804,45.26,0.0,52.78,7.52,0.0,0.1,0.0,0.0
3805,45.83,0.0,45.83,0.0,0.0,0.9,0.0,0.0
3806,46.02,0.0,46.02,0.0,0.0,0.9,0.0,0.0
3807,45.83,0.0,39.74,0.0,6.09,0.9,0.0,0.0
3808,45.26,9.87,28.75,0.0,0.0,0.182,6.65,0.0
3809,44.34,13.02,12.68,0.0,0.0,0.182,18.64,0.0
3810,43.09,0.74,0.0,0.0,0.0,0.182,42.35,0.0
3811,41.58,14.03,0.0,0.0,0.0,0.182,27.55,0.0
3812,39.85,5.8,0.0,0.0,0.0,0.182,34.05,0.0
3813,37.97,15.02,0.0,0.0,0.0,0.182,22.95,0.0
3814,36.02,5.47,0.0,0.0,0.0,0.182,30.55,0.0
3815,36.02,2.07,0.0,0.0,0.0,0.182,33.96,0.0
3816,35.98,13.48,0.0,0.0,0.0,0.182,22.5,0.0
3817,35.98,15.27,0.0,0.0,0.0,0.182,20.72,0.0
3818,35.98,12.3,0.0,0.0,0.0,0.182,23.69,0.0
3819,35.98,4.79,0.0,0.0,0.0,0.182,31.19,0.0
3820,35.98,9.38,0.0,0.0,0.0,0.182,26.61,0.0
3821,35.98,12.77,0.0,0.0,0.0,0.182,23.21,0.0
3822,35.98,8.22,0.0,0.0,0.0,0.182,27.76,0.0
3823,37.93,7.97,12.83,0.0,0.0,0.182,17.13,0.0
3824,39.81,0.0,27.93,0.0,0.7,0.182,11.19,0.0
3825,41.54,12.27,36.79,7.52,0.0,0.1,0.0,0.0
3826,43.06,0.0,41.04,0.0,2.02,0.9,0.0,0.0
3827,44.3,0.0,44.3,0.0,0.0,0.6619,0.0,0.0
3828,45.22,0.0,45.22,0.0,0.0,0.6619,0.0,0.0
3829,45.79,0.0,45.79,0.0,0.0,0.6619,0.0,0.0
3830,45.98,0.1,48.12,2.24,0.0,0.6619,0.0,0.0
3831,45.79,0.0,39.5,0.0,6.29,0.9,0.0,0.0
3832,45.22,12.84,27.87,0.0,0.0,0.1585,4.51,0.0
3833,44.3,0.0,13.17,0.0,0.0,0.1585,31.12,0.0
3834,43.06,0.88,0.0,0.0,0.0,0.1585,42.18,0.0
3835,41.54,7.48,0.0,0.0,0.0,0.1585,34.06,0.0
3836,39.81,22.38,0.0,0.0,0.0,0.1585,17.43,0.0
3837,37.93,17.21,0.0,0.0,0.0,0.1585,20.73,0.0
3838,35.98,7.77,0.0,0.0,0.0,0.1585,28.21,0.0
3839,35.98,13.79,0.0,0.0,0.0,0.1585,22.2,0.0
3840,35.94,11.59,0.0,0.0,0.0,0.1585,24.35,0.0
3841,35.94,10.56,0.0,0.0,0.0,0.1585,25.38,0.0
3842,35.94,23.18,0.0,0.0,0.0,0.1585,12.77,0.0
3843,35.94,3.25,0.0,0.0,0.0,0.1585,32.69,0.0
3844,35.94,25.27,0.0,0.0,0.0,0.1585,10.67,0.0
3845,35.94,17.16,0.0,0.0,0.0,0.1585,18.79,0.0
3846,35.94,17.19,0.0,0.0,0.0,0.1585,18.76,0.0
3847,37.9,2.8,12.34,0.0,0.0,0.1585,22.76,0.0
3848,39.77,3.37,26.52,0.0,0.0,0.1585,9.89,0.0
3849,41.5,0.0,39.45,0.0,0.5,0.1585,1.55,0.0
3850,43.02,0.0,43.02,0.0,0.0,0.1,0.0,0.0
3851,44.26,0.0,44.26,0.0,0.0,0.1,0.0,0.0
3852,45.18,0.0,45.18,0.0,0.0,0.1,0.0,0.0
3853,45.75,0.0,50.77,5.02,0.0,0.1,0.0,0.0
3854,45.94,0.0,48.45,2.5,0.0,0.6338,0.0,0.0
3855,45.75,1.71,39.19,0.0,4.85,0.9,0.0,0.0
3856,45.18,0.0,28.54,0.0,0.0,0.3279,16.65,0.0
3857,44.26,11.17,12.35,0.0,0.0,0.3279,20.74,0.0
3858,43.02,2.78,0.0,0.0,0.0,0.3279,40.24,0.0
3859,41.5,9.03,0.0,0.0,0.0,0.3279,32.47,0.0
3860,39.77,8.91,0.0,0.0,0.0,0.3279,30.86,0.0
3861,37.9,7.87,0.0,0.0,0.0,0.3279,30.02,0.0
3862,35.94,15.35,0.0,0.0,0.0,0.3279,20.6,0.0
3863,35.94,14.48,0.0,0.0,0.0,0.3279,21.46,0.0
3864,35.9,13.46,0.0,0.0,0.0,0.3279,22.44,0.0
3865,35.9,10.36,0.0,0.0,0.0,0.3279,25.54,0.0
3866,35.9,17.89,0.0,0.0,0.0,0.3279,18.01,0.0
3867,35.9,27.22,0.0,0.0,0.0,0.3279,8.68,0.0
3868,35.9,13.56,0.0,0.0,0.0,0.3279,22.35,0.0
3869,35.9,18.44,0.0,0.0,0.0,0.3279,17.46,0.0
3870,35.9,0.0,0.0,0.0,0.0,0.3279,35.9,0.0
3871,37.86,7.67,13.79,0.0,0.0,0.3279,16.39,0.0
3872,39.73,0.0,26.15,0.0,0.67,0.3279,12.91,0.0
3873,41.46,0.0,40.2,0.0,1.26,0.2489,0.0,0.0
3874,42.98,0.0,42.98,0.0,0.0,0.1,0.0,0.0
3875,44.22,0.0,51.74,7.52,0.0,0.1,0.0,0.0
3876,45.14,0.0,45.14,0.0,0.0,0.9,0.0,0.0
3877,45.71,2.74,41.52,0.0,1.46,0.9,0.0,0.0
3878,45.9,0.0,47.52,1.62,0.0,0.7281,0.0,0.0
3879,45.71,1.3,38.37,0.0,6.03,0.9,0.0,0.0
3880,45.14,6.9,28.72,0.0,0.0,0.1885,9.52,0.0
3881,44.22,7.82,12.08,0.0,0.0,0.1885,24.32,0.0
3882,42.98,0.0,0.0,0.0,0.0,0.1885,42.98,0.0
3883,41.46,3.46,0.0,0.0,0.0,0.1885,38.0,0.0
3884,39.73,11.94,0.0,0.0,0.0,0.1885,27.79,0.0
3885,37.86,18.35,0.0,0.0,0.0,0.1885,19.51,0.0
3886,35.9,0.0,0.0,0.0,0.0,0.1885,35.9,0.0
3887,35.9,14.86,0.0,0.0,0.0,0.1885,21.05,0.0
3888,35.86,17.5,0.0,0.0,0.0,0.1885,18.36,0.0
3889,35.86,22.84,0.0,0.0,0.0,0.1885,13.02,0.0
3890,35.86,20.81,0.0,0.0,0.0,0.1885,15.06,0.0
3891,35.86,18.67,0.0,0.0,0.0,0.1885,17.2,0.0
3892,35.86,6.05,0.0,0.0,0.0,0.1885,29.82,0.0
3893,35.86,0.0,0.0,0.0,0.0,0.1885,35.86,0.0
3894,35.86,5.31,0.0,0.0,0.0,0.1885,30.56,0.0
3895,37.81,14.33,12.72,0.0,0.75,0.1885,10.02,0.0
3896,39.69,15.52,24.17,0.0,0.0,0.1,0.0,0.0
3897,41.42,1.68,39.74,0.0,0.0,0.1,0.0,0.0
3898,42.94,0.98,49.47,7.52,0.0,0.1,0.0,0.0
3899,44.18,0.0,37.39,0.0,6.78,0.9,0.0,0.0
3900,45.1,0.0,45.1,0.0,0.0,0.1,0.0,0.0
3901,45.67,0.0,45.67,0.0,0.0,0.1,0.0,0.0
3902,45.86,14.8,38.58,7.52,0.0,0.1,0.0,0.0
3903,45.67,0.0,40.3,0.0,5.37,0.9,0.0,0.0
3904,45.1,17.28,28.64,0.82,0.0,0.2668,0.0,0.0
3905,44.18,3.82,13.66,0.0,0.0,0.3542,26.7,0.0
3906,42.94,18.95,0.0,0.0,0.0,0.3542,23.98,0.0
3907,41.42,0.0,0.0,0.0,0.0,0.3542,41.42,0.0
3908,39.69,17.05,0.0,0.0,0.0,0.3542,22.64,0.0
3909,37.81,8.19,0.0,0.0,0.0,0.3542,29.62,0.0
3910,35.86,4.07,0.0,0.0,0.0,0.3542,31.8,0.0
3911,35.86,17.83,0.0,0.0,0.0,0.3542,18.03,0.0
3912,35.82,24.34,0.0,0.0,0.0,0.3542,11.49,0.0
3913,35.82,9.34,0.0,0.0,0.0,0.3542,26.48,0.0
3914,35.82,3.36,0.0,0.0,0.0,0.3542,32.47,0.0
3915,35.82,13.27,0.0,0.0,0.0,0.3542,22.56,0.0
3916,35.82,11.66,0.0,0.0,0.0,0.3542,24.17,0.0
3917,35.82,14.79,0.0,0.0,0.0,0.3542,21.03,0.0
3918,35.82,15.92,0.0,0.0,2.16,0.3542,17.75,0.0
3919,37.77,5.86,14.81,0.0,0.0,0.1,17.11,0.0
3920,39.65,19.14,20.51,0.0,0.0,0.1,0.0,0.0
3921,41.38,4.55,36.83,0.0,0.0,0.1,0.0,0.0
3922,42.89,0.0,42.89,0.0,0.0,0.1,0.0,0.0
3923,44.14,0.0,44.14,0.0,0.0,0.1,0.0,0.0
3924,45.06,0.0,45.06,0.0,0.0,0.1,0.0,0.0
3925,45.63,0.0,45.63,0.0,0.0,0.1,0.0,0.0
3926,45.82,5.42,47.92,7.52,0.0,0.1,0.0,0.0
3927,45.63,6.44,39.19,0.0,0.0,0.9,0.0,0.0
3928,45.06,0.0,27.01,0.0,6.78,0.9,11.27,0.0
3929,44.14,7.7,12.15,0.0,0.0,0.1,24.3,0.0
3930,42.89,13.71,0.0,0.0,0.0,0.1,29.18,0.0
3931,41.38,22.57,0.0,0.0,0.0,0.1,18.81,0.0
3932,39.65,19.4,0.0,0.0,0.0,0.1,20.25,0.0
3933,37.77,20.04,0.0,0.0,0.0,0.1,17.74,0.0
3934,35.82,15.74,0.0,0.0,0.0,0.1,20.09,0.0
3935,35.82,19.13,0.0,0.0,0.0,0.1,16.69,0.0
3936,35.78,26.2,0.0,0.0,0.0,0.1,9.58,0.0
3937,35.78,5.43,0.0,0.0,0.0,0.1,30.36,0.0
3938,35.78,12.44,0.0,0.0,0.0,0.1,23.34,0.0
3939,35.78,7.82,0.0,0.0,0.0,0.1,27.96,0.0
3940,35.78,15.32,0.0,0.0,0.0,0.1,20.46,0.0
3941,35.78,20.16,0.0,0.0,0.0,0.1,15.62,0.0
3942,35.78,3.6,0.0,0.0,0.0,0.1,32.18,0.0
3943,37.73,0.0,12.52,0.0,0.0,0.1,25.21,0.0
3944,39.61,1.1,27.04,0.0,0.0,0.1,11.48,0.0
3945,41.34,0.91,40.43,0.0,0.0,0.1,0.0,0.0
3946,42.85,0.39,49.98,7.52,0.0,0.1,0.0,0.0
3947,44.1,0.0,44.1,0.0,0.0,0.9,0.0,0.0
3948,45.02,0.0,38.24,0.0,6.78,0.9,0.0,0.0
3949,45.59,0.0,45.59,0.0,0.0,0.1,0.0,0.0
3950,45.78,5.55,47.75,7.52,0.0,0.1,0.0,0.0
3951,45.59,0.0,39.35,0.0,6.25,0.9,0.0,0.0
3952,45.02,21.71,28.24,4.92,0.0,0.1636,0.0,0.0
3953,44.1,10.81,14.48,0.0,0.0,0.6876,18.8,0.0
3954,42.85,3.73,0.0,0.0,4.98,0.6876,34.14,0.0
3955,41.34,5.54,0.0,0.0,0.0,0.1,35.8,0.0
3956,39.61,11.57,0.0,0.0,0.0,0.1,28.04,0.0
3957,37.73,12.05,0.0,0.0,0.0,0.1,25.68,0.0
3958,35.78,24.08,0.0,0.0,0.0,0.1,11.7,0.0
3959,35.78,17.49,0.0,0.0,0.0,0.1,18.3,0.0
3960,35.74,10.43,0.0,0.0,0.0,0.1,25.31,0.0
3961,35.74,30.98,0.0,0.0,0.0,0.1,4.77,0.0
3962,35.74,15.56,0.0,0.0,0.0,0.1,20.18,0.0
3963,35.74,20.02,0.0,0.0,0.0,0.1,15.73,0.0
3964,35.74,7.44,0.0,0.0,0.0,0.1,28.3,0.0
3965,35.74,13.23,0.0,0.0,0.0,0.1,22.51,0.0
3966,35.74,10.77,0.0,0.0,0.0,0.1,24.97,0.0
3967,37.69,0.0,14.46,0.0,0.0,0.1,23.23,0.0
3968,39.57,20.33,26.76,7.52,0.0,0.1,0.0,0.0
3969,41.3,12.93,21.58,0.0,6.78,0.9,0.0,0.0
3970,42.81,0.0,42.81,0.0,0.0,0.1,0.0,0.0
3971,44.06,0.0,44.06,0.0,0.0,0.1,0.0,0.0
3972,44.98,0.0,44.98,0.0,0.0,0.1,0.0,0.0
3973,45.55,0.0,53.07,7.52,0.0,0.1,0.0,0.0
3974,45.74,4.25,41.5,0.0,0.0,0.9,0.0,0.0
3975,45.55,4.2,39.17,0.0,2.17,0.9,0.0,0.0
3976,44.98,8.35,28.0,0.0,0.0,0.6439,8.63,0.0
3977,44.06,17.73,14.4,0.0,4.61,0.6439,7.31,0.0
3978,42.81,12.81,0.0,0.0,0.0,0.1,30.01,0.0
3979,41.3,2.02,0.0,0.0,0.0,0.1,39.28,0.0
3980,39.57,23.08,0.0,0.0,0.0,0.1,16.48,0.0
3981,37.69,26.94,0.0,0.0,0.0,0.1,10.76,0.0
3982,35.74,40.2,0.0,4.46,0.0,0.1,0.0,0.0
3983,35.74,7.05,0.0,0.0,0.0,0.5743,28.7,0.0
3984,35.7,18.13,0.0,0.0,0.0,0.5743,17.58,0.0
3985,35.7,0.0,0.0,0.0,0.0,0.5743,35.7,0.0
3986,35.7,19.53,0.0,0.0,0.0,0.5743,16.18,0.0
3987,35.7,9.52,0.0,0.0,0.0,0.5743,26.18,0.0
3988,35.7,27.5,0.0,0.0,0.0,0.5743,8.2,0.0
3989,35.7,4.16,0.0,0.0,0.0,0.5743,31.54,0.0
3990,35.7,0.0,0.0,0.0,4.02,0.5743,31.68,0.0
3991,37.65,2.46,12.77,0.0,0.0,0.1,22.42,0.0
3992,39.53,0.0,27.28,0.0,0.0,0.1,12.24,0.0
3993,41.26,8.61,39.14,6.49,0.0,0.1,0.0,0.0
3994,42.77,0.0,43.8,1.03,0.0,0.7904,0.0,0.0
3995,44.02,0.0,37.23,0.0,6.78,0.9,0.0,0.0
3996,44.94,0.0,44.94,0.0,0.0,0.1,0.0,0.0
3997,45.51,0.0,45.51,0.0,0.0,0.1,0.0,0.0
3998,45.7,14.43,38.79,7.52,0.0,0.1,0.0,0.0
3999,45.51,5.51,39.12,0.0,0.88,0.9,0.0,0.0
4000,44.94,0.0,28.48,0.0,0.0,0.7964,16.46,0.0
4001,44.02,5.95,12.17,0.0,0.0,0.7964,25.89,0.0
4002,42.77,8.4,0.0,0.0,0.0,0.7964,34.37,0.0
4003,41.26,14.06,0.0,0.0,0.0,0.7964,27.19,0.0
4004,39.53,1.38,0.0,0.0,0.0,0.7964,38.15,0.0
4005,37.65,18.58,0.0,0.0,0.0,0.7964,19.08,0.0
4006,35.7,0.0,0.0,0.0,0.0,0.7964,35.7,0.0
4007,35.7,10.93,0.0,0.0,0.0,0.7964,24.77,0.0
4008,35.66,12.28,0.0,0.0,0.0,0.7964,23.38,0.0
4009,35.66,20.92,0.0,0.0,0.0,0.7964,14.74,0.0
4010,35.66,15.28,0.0,0.0,0.0,0.7964,20.38,0.0
4011,35.66,2.68,0.0,0.0,0.0,0.7964,32.98,0.0
4012,35.66,4.37,0.0,0.0,0.0,0.7964,31.29,0.0
4013,35.66,11.85,0.0,0.0,0.0,0.7964,23.81,0.0
4014,35.66,7.59,0.0,0.0,0.0,0.7964,28.07,0.0
4015,37.61,1.57,13.31,0.0,5.91,0.7964,16.83,0.0
4016,39.49,0.43,28.75,0.0,0.0,0.1,10.31,0.0
4017,41.21,8.13,39.75,6.67,0.0,0.1,0.0,0.0
4018,42.73,0.0,36.71,0.0,6.02,0.8099,0.0,0.0
4019,43.97,0.0,43.97,0.0,0.0,0.1,0.0,0.0
4020,44.9,17.51,34.91,7.52,0.0,0.1,0.0,0.0
4021,45.47,0.0,45.47,0.0,0.0,0.9,0.0,0.0
4022,45.66,0.0,45.66,0.0,0.0,0.9,0.0,0.0
4023,45.47,8.83,36.64,0.0,0.0,0.9,0.0,0.0
4024,44.9,0.0,28.69,0.0,6.78,0.9,9.42,0.0
4025,43.97,3.64,13.07,0.0,0.0,0.1,27.26,0.0
4026,42.73,2.02,0.0,0.0,0.0,0.1,40.71,0.0
4027,41.21,8.21,0.0,0.0,0.0,0.1,33.0,0.0
4028,39.49,24.88,0.0,0.0,0.0,0.1,14.6,0.0
4029,37.61,20.2,0.0,0.0,0.0,0.1,17.41,0.0
4030,35.66,21.94,0.0,0.0,0.0,0.1,13.72,0.0
4031,35.66,4.65,0.0,0.0,0.0,0.1,31.01,0.0
4032,35.62,6.99,0.0,0.0,0.0,0.1,28.63,0.0
4033,35.62,0.0,0.0,0.0,0.0,0.1,35.62,0.0
4034,35.62,8.64,0.0,0.0,0.0,0.1,26.98,0.0
4035,35.62,21.4,0.0,0.0,0.0,0.1,14.22,0.0
4036,35.62,16.26,0.0,0.0,0.0,0.1,19.36,0.0
4037,35.62,8.48,0.0,0.0,0.0,0.1,27.14,0.0
4038,35.62,8.01,0.0,0.0,0.0,0.1,27.61,0.0
4039,37.57,0.66,14.93,0.0,0.0,0.1,21.98,0.0
4040,39.44,5.84,26.85,0.0,0.0,0.1,6.75,0.0
4041,41.17,0.24,40.93,0.0,0.0,0.1,0.0,0.0
4042,42.69,0.0,42.69,0.0,0.0,0.1,0.0,0.0
4043,43.93,0.0,43.93,0.0,0.0,0.1,0.0,0.0
4044,44.86,0.0,44.86,0.0,0.0,0.1,0.0,0.0
4045,45.43,0.0,45.43,0.0,0.0,0.1,0.0,0.0
4046,45.62,0.0,45.62,0.0,0.0,0.1,0.0,0.0
4047,45.43,24.92,28.02,7.52,0.0,0.1,0.0,0.0
4048,44.86,3.39,27.4,0.0,6.78,0.9,7.28,0.0
4049,43.93,9.25,13.11,0.0,0.0,0.1,21.57,0.0
4050,42.69,2.33,0.0,0.0,0.0,0.1,40.36,0.0
4051,41.17,11.68,0.0,0.0,0.0,0.1,29.49,0.0
4052,39.44,15.81,0.0,0.0,0.0,0.1,23.63,0.0
4053,37.57,15.35,0.0,0.0,0.0,0.1,22.22,0.0
4054,35.62,6.97,0.0,0.0,0.0,0.1,28.65,0.0
4055,35.62,17.49,0.0,0.0,0.0,0.1,18.12,0.0
4056,35.58,27.7,0.0,0.0,0.0,0.1,7.87,0.0
4057,35.58,19.38,0.0,0.0,0.0,0.1,16.19,0.0
4058,35.58,22.67,0.0,0.0,0.0,0.1,12.91,0.0
4059,35.58,11.89,0.0,0.0,0.0,0.1,23.69,0.0
4060,35.58,18.08,0.0,0.0,0.0,0.1,17.5,0.0
4061,35.58,12.43,0.0,0.0,0.0,0.1,23.15,0.0
4062,35.58,0.6,0.0,0.0,0.0,0.1,34.97,0.0
4063,37.53,8.63,13.36,0.0,0.0,0.1,15.54,0.0
4064,39.4,0.0,28.84,0.0,0.0,0.1,10.56,0.0
4065,41.13,0.0,38.49,0.0,0.0,0.1,2.64,0.0
4066,42.65,2.78,47.38,7.52,0.0,0.1,0.0,0.0
4067,43.89,0.0,37.11,0.0,6.78,0.9,0.0,0.0
4068,44.81,0.0,44.81,0.0,0.0,0.1,0.0,0.0
4069,45.38,0.0,45.38,0.0,0.0,0.1,0.0,0.0
4070,45.58,5.82,47.28,7.52,0.0,0.1,0.0,0.0
4071,45.38,0.0,40.14,0.0,5.19,0.9,0.05,0.0
4072,44.81,0.0,28.54,0.0,0.0,0.2878,16.28,0.0
4073,43.89,4.95,14.59,0.0,0.0,0.2878,24.35,0.0
4074,42.65,4.61,0.0,0.0,0.0,0.2878,38.03,0.0
4075,41.13,11.11,0.0,0.0,0.0,0.2878,30.03,0.0
4076,39.4,9.24,0.0,0.0,0.0,0.2878,30.16,0.0
4077,37.53,0.0,0.0,0.0,0.0,0.2878,37.53,0.0
4078,35.58,11.95,0.0,0.0,0.0,0.2878,23.63,0.0
4079,35.58,13.4,0.0,0.0,0.0,0.2878,22.18,0.0
4080,35.53,21.09,0.0,0.0,0.0,0.2878,14.44,0.0
4081,35.53,10.25,0.0,0.0,0.0,0.2878,25.29,0.0
4082,35.53,28.33,0.0,0.0,0.0,0.2878,7.21,0.0
4083,35.53,0.0,0.0,0.0,0.0,0.2878,35.53,0.0
4084,35.53,22.5,0.0,0.0,0.0,0.2878,13.03,0.0
4085,35.53,8.4,0.0,0.0,0.0,0.2878,27.14,0.0
4086,35.53,14.95,0.0,0.0,0.0,0.2878,20.59,0.0
4087,37.48,6.7,14.17,0.0,0.0,0.2878,16.61,0.0
4088,39.36,13.2,26.83,0.67,0.0,0.2878,0.0,0.0
4089,41.09,0.0,38.89,0.0,2.2,0.3595,0.0,0.0
4090,42.6,0.0,42.6,0.0,0.0,0.1,0.0,0.0
4091,43.85,0.0,43.85,0.0,0.0,0.1,0.0,0.0
4092,44.77,0.0,52.29,7.52,0.0,0.1,0.0,0.0
4093,45.34,0.0,38.56,0.0,6.78,0.9,0.0,0.0
4094,45.53,4.0,49.05,7.52,0.0,0.1,0.0,0.0
4095,45.34,0.0,40.68,0.0,0.0,0.9,4.66,0.0
4096,44.77,8.88,28.62,0.0,0.0,0.9,7.27,0.0
4097,43.85,1.38,12.97,0.0,0.0,0.9,29.49,0.0
4098,42.6,7.07,0.0,0.0,0.0,0.9,35.53,0.0
4099,41.09,10.75,0.0,0.0,0.0,0.9,30.34,0.0
4100,39.36,0.18,0.0,0.0,0.0,0.9,39.18,0.0
4101,37.48,7.55,0.0,0.0,0.0,0.9,29.93,0.0
4102,35.53,25.73,0.0,0.0,0.0,0.9,9.81,0.0
4103,35.53,22.83,0.0,0.0,0.0,0.9,12.71,0.0
4104,35.49,15.54,0.0,0.0,0.0,0.9,19.95,0.0
4105,35.49,17.69,0.0,0.0,0.0,0.9,17.8,0.0
4106,35.49,12.63,0.0,0.0,0.0,0.9,22.86,0.0
4107,35.49,24.48,0.0,0.0,0.0,0.9,11.01,0.0
4108,35.49,10.47,0.0,0.0,0.0,0.9,25.02,0.0
4109,35.49,11.99,0.0,0.0,0.0,0.9,23.5,0.0
4110,35.49,17.19,0.0,0.0,0.0,0.9,18.3,0.0
4111,37.44,0.0,13.07,0.0,6.78,0.9,17.59,0.0
4112,39.32,16.5,25.64,2.82,0.0,0.1,0.0,0.0
4113,41.05,0.0,38.5,0.0,2.55,0.4004,0.0,0.0
4114,42.56,14.16,28.41,0.0,0.0,0.1,0.0,0.0
4115,43.81,0.0,51.32,7.52,0.0,0.1,0.0,0.0
4116,44.73,0.0,44.73,0.0,0.0,0.9,0.0,0.0
4117,45.3,0.0,45.3,0.0,0.0,0.9,0.0,0.0
4118,45.49,0.0,45.49,0.0,0.0,0.9,0.0,0.0
4119,45.3,0.0,39.54,0.0,5.76,0.9,0.0,0.0
4120,44.73,0.0,26.29,0.0,0.0,0.2213,18.44,0.0
4121,43.81,4.95,13.53,0.0,0.0,0.2213,25.33,0.0
4122,42.56,15.7,0.0,0.0,0.0,0.2213,26.86,0.0
4123,41.05,11.8,0.0,0.0,0.0,0.2213,29.25,0.0
4124,39.32,14.51,0.0,0.0,0.0,0.2213,24.81,0.0
4125,37.44,5.01,0.0,0.0,0.0,0.2213,32.43,0.0
4126,35.49,7.98,0.0,0.0,0.0,0.2213,27.51,0.0
4127,35.49,30.04,0.0,0.0,0.0,0.2213,5.45,0.0
4128,35.45,10.17,0.0,0.0,0.0,0.2213,25.28,0.0
4129,35.45,28.89,0.0,0.0,0.0,0.2213,6.56,0.0
4130,35.45,13.01,0.0,0.0,0.0,0.2213,22.43,0.0
4131,35.45,13.7,0.0,0.0,0.0,0.2213,21.75,0.0
4132,35.45,20.54,0.0,0.0,0.0,0.2213,14.91,0.0
4133,35.45,20.22,0.0,0.0,0.0,0.2213,15.23,0.0
4134,35.45,7.19,0.0,0.0,0.0,0.2213,28.26,0.0
4135,37.4,2.93,12.14,0.0,0.0,0.2213,22.33,0.0
4136,39.28,3.66,26.09,0.0,1.03,0.2213,8.5,0.0
4137,41.01,1.3,39.7,0.0,0.0,0.1,0.0,0.0
4138,42.52,0.0,42.52,0.0,0.0,0.1,0.0,0.0
4139,43.76,0.0,43.76,0.0,0.0,0.1,0.0,0.0
4140,44.69,0.0,52.21,7.52,0.0,0.1,0.0,0.0
4141,45.26,0.0,45.26,0.0,0.0,0.9,0.0,0.0
4142,45.45,4.22,41.23,0.0,0.0,0.9,0.0,0.0
4143,45.26,4.93,39.26,0.0,1.07,0.9,0.0,0.0
4144,44.69,0.0,26.52,0.0,0.0,0.774,18.17,0.0
4145,43.76,0.0,12.26,0.0,0.0,0.774,31.5,0.0
4146,42.52,11.15,0.0,0.0,0.0,0.774,31.37,0.0
4147,41.01,9.37,0.0,0.0,0.0,0.774,31.63,0.0
4148,39.28,7.95,0.0,0.0,0.0,0.774,31.32,0.0
4149,37.4,15.62,0.0,0.0,0.0,0.774,21.78,0.0
4150,35.45,14.47,0.0,0.0,0.0,0.774,20.98,0.0
4151,35.45,24.69,0.0,0.0,0.0,0.774,10.76,0.0
4152,35.41,16.67,0.0,0.0,0.0,0.774,18.74,0.0
4153,35.41,9.78,0.0,0.0,0.0,0.774,25.62,0.0
4154,35.41,22.78,0.0,0.0,0.0,0.774,12.62,0.0
4155,35.41,11.94,0.0,0.0,0.0,0.774,23.47,0.0
4156,35.41,16.2,0.0,0.0,0.0,0.774,19.21,0.0
4157,35.41,6.31,0.0,0.0,0.0,0.774,29.1,0.0
4158,35.41,2.89,0.0,0.0,0.0,0.774,32.52,0.0
4159,37.36,6.66,12.78,0.0,5.72,0.774,12.2,0.0
4160,39.23,4.18,26.93,0.0,0.0,0.1,8.13,0.0
4161,40.96,1.93,39.03,0.0,0.0,0.1,0.0,0.0
4162,42.48,0.0,42.48,0.0,0.0,0.1,0.0,0.0
4163,43.72,0.0,43.72,0.0,0.0,0.1,0.0,0.0
4164,44.65,0.0,44.65,0.0,0.0,0.1,0.0,0.0
4165,45.21,0.0,52.73,7.52,0.0,0.1,0.0,0.0
4166,45.41,0.0,45.41,0.0,0.0,0.9,0.0,0.0
4167,45.21,0.48,38.75,0.0,5.99,0.9,0.0,0.0
4168,44.65,11.91,26.74,0.0,0.0,0.1937,6.0,0.0
4169,43.72,0.34,13.26,0.0,0.0,0.1937,30.12,0.0
4170,42.48,0.0,0.0,0.0,0.0,0.1937,42.48,0.0
4171,40.96,8.83,0.0,0.0,0.0,0.1937,32.14,0.0
4172,39.23,8.17,0.0,0.0,0.0,0.1937,31.06,0.0
4173,37.36,5.99,0.0,0.0,0.0,0.1937,31.37,0.0
4174,35.41,13.53,0.0,0.0,0.0,0.1937,21.88,0.0
4175,35.41,19.62,0.0,0.0,0.0,0.1937,15.79,0.0
4176,35.36,15.89,0.0,0.0,0.0,0.1937,19.47,0.0
4177,35.36,18.13,0.0,0.0,0.0,0.1937,17.23,0.0
4178,35.36,29.3,0.0,0.0,0.0,0.1937,6.07,0.0
4179,35.36,10.92,0.0,0.0,0.0,0.1937,24.45,0.0
4180,35.36,14.2,0.0,0.0,0.0,0.1937,21.16,0.0
4181,35.36,6.04,0.0,0.0,0.0,0.1937,29.33,0.0
4182,35.36,1.3,0.0,0.0,0.0,0.1937,34.06,0.0
4183,37.32,1.33,13.01,0.0,0.0,0.1937,22.98,0.0
4184,39.19,0.25,28.06,0.0,0.79,0.1937,10.08,0.0
4185,40.92,0.66,40.26,0.0,0.0,0.1,0.0,0.0
4186,42.44,19.8,22.64,0.0,0.0,0.1,0.0,0.0
4187,43.68,0.0,43.68,0.0,0.0,0.1,0.0,0.0
4188,44.6,0.0,52.12,7.52,0.0,0.1,0.0,0.0
4189,45.17,0.0,45.17,0.0,0.0,0.9,0.0,0.0
4190,45.36,0.0,45.36,0.0,0.0,0.9,0.0,0.0
4191,45.17,4.5,39.73,0.0,0.94,0.9,0.0,0.0
4192,44.6,14.25,28.36,0.0,0.0,0.7889,1.99,0.0
4193,43.68,0.0,13.43,0.0,0.0,0.7889,30.25,0.0
4194,42.44,0.0,0.0,0.0,0.0,0.7889,42.44,0.0
4195,40.92,6.14,0.0,0.0,0.0,0.7889,34.78,0.0
4196,39.19,20.71,0.0,0.0,0.0,0.7889,18.49,0.0
4197,37.32,1.21,0.0,0.0,0.0,0.7889,36.11,0.0
4198,35.36,0.0,0.0,0.0,0.0,0.7889,35.36,0.0
4199,35.36,20.23,0.0,0.0,0.0,0.7889,15.14,0.0
4200,35.32,17.88,0.0,0.0,0.0,0.7889,17.44,0.0
4201,35.32,7.02,0.0,0.0,0.0,0.7889,28.3,0.0
4202,35.32,7.06,0.0,0.0,0.0,0.7889,28.27,0.0
4203,35.32,5.92,0.0,0.0,0.0,0.7889,29.4,0.0
4204,35.32,12.85,0.0,0.0,0.0,0.7889,22.47,0.0
4205,35.32,5.09,0.0,0.0,0.0,0.7889,30.23,0.0
4206,35.32,11.93,0.0,0.0,0.0,0.7889,23.39,0.0
4207,37.27,0.0,14.43,0.0,5.7,0.7889,17.15,0.0
4208,39.15,0.0,27.44,0.0,0.0,0.1173,11.71,0.0
4209,40.88,0.0,40.73,0.0,0.15,0.1173,0.0,0.0
4210,42.39,0.0,42.39,0.0,0.0,0.1,0.0,0.0
4211,43.64,0.0,43.64,0.0,0.0,0.1,0.0,0.0
4212,44.56,0.0,44.56,0.0,0.0,0.1,0.0,0.0
4213,45.13,0.0,49.76,4.63,0.0,0.1,0.0,0.0
4214,45.32,1.49,43.83,0.0,0.0,0.5924,0.0,0.0
4215,45.13,6.82,38.91,0.61,0.0,0.5924,0.0,0.0
4216,44.56,18.78,28.07,2.29,0.0,0.6567,0.0,0.0
4217,43.64,2.13,14.15,0.0,6.78,0.9,20.57,0.0
4218,42.39,10.58,0.0,0.0,0.0,0.1,31.81,0.0
4219,40.88,0.0,0.0,0.0,0.0,0.1,40.88,0.0
4220,39.15,0.0,0.0,0.0,0.0,0.1,39.15,0.0
4221,37.27,20.33,0.0,0.0,0.0,0.1,16.95,0.0
4222,35.32,14.84,0.0,0.0,0.0,0.1,20.48,0.0
4223,35.32,25.03,0.0,0.0,0.0,0.1,10.29,0.0
4224,35.28,5.02,0.0,0.0,0.0,0.1,30.25,0.0
4225,35.28,19.79,0.0,0.0,0.0,0.1,15.49,0.0
4226,35.28,29.7,0.0,0.0,0.0,0.1,5.58,0.0
4227,35.28,16.94,0.0,0.0,0.0,0.1,18.34,0.0
4228,35.28,14.15,0.0,0.0,0.0,0.1,21.12,0.0
4229,35.28,10.11,0.0,0.0,0.0,0.1,25.17,0.0
4230,35.28,0.0,0.0,0.0,0.0,0.1,35.28,0.0
4231,37.23,16.7,12.84,0.0,0.0,0.1,7.7,0.0
4232,39.11,0.0,26.18,0.0,0.0,0.1,12.93,0.0
4233,40.83,0.89,39.94,0.0,0.0,0.1,0.0,0.0
4234,42.35,0.0,42.35,0.0,0.0,0.1,0.0,0.0
4235,43.59,0.0,43.59,0.0,0.0,0.1,0.0,0.0
4236,44.52,0.0,44.52,0.0,0.0,0.1,0.0,0.0
4237,45.09,0.0,45.09,0.0,0.0,0.1,0.0,0.0
4238,45.28,4.16,48.63,7.52,0.0,0.1,0.0,0.0
4239,45.09,1.75,38.14,0.0,5.19,0.9,0.0,0.0
4240,44.52,0.0,26.51,0.0,0.0,0.2883,18.01,0.0
4241,43.59,13.02,12.82,0.0,0.0,0.2883,17.76,0.0
4242,42.35,3.31,0.0,0.0,0.0,0.2883,39.04,0.0
4243,40.83,15.59,0.0,0.0,0.0,0.2883,25.24,0.0
4244,39.11,12.16,0.0,0.0,0.0,0.2883,26.95,0.0
4245,37.23,1.35,0.0,0.0,0.0,0.2883,35.88,0.0
4246,35.28,16.17,0.0,0.0,0.0,0.2883,19.11,0.0
4247,35.28,33.1,0.0,0.0,0.0,0.2883,2.18,0.0
4248,35.24,19.83,0.0,0.0,0.0,0.2883,15.41,0.0
4249,35.24,15.19,0.0,0.0,0.0,0.2883,20.05,0.0
4250,35.24,23.39,0.0,0.0,0.0,0.2883,11.85,0.0
4251,35.24,15.26,0.0,0.0,0.0,0.2883,19.97,0.0
4252,35.24,13.61,0.0,0.0,0.0,0.2883,21.63,0.0
4253,35.24,1.36,0.0,0.0,0.0,0.2883,33.87,0.0
4254,35.24,9.83,0.0,0.0,0.0,0.2883,25.4,0.0
4255,37.19,14.14,14.95,0.0,1.6,0.2883,6.5,0.0
4256,39.06,0.0,26.69,0.0,0.0,0.1,12.37,0.0
4257,40.79,13.67,27.12,0.0,0.0,0.1,0.0,0.0
4258,42.31,0.0,42.31,0.0,0.0,0.1,0.0,0.0
4259,43.55,0.0,51.07,7.52,0.0,0.1,0.0,0.0
4260,44.48,0.0,44.48,0.0,0.0,0.9,0.0,0.0
4261,45.04,0.0,45.04,0.0,0.0,0.9,0.0,0.0
4262,45.24,0.0,45.24,0.0,0.0,0.9,0.0,0.0
4263,45.04,0.04,39.95,0.0,5.05,0.9,0.0,0.0
4264,44.48,3.53,26.09,0.0,0.0,0.3046,14.86,0.0
4265,43.55,9.84,12.12,0.0,0.0,0.3046,21.59,0.0
4266,42.31,10.28,0.0,0.0,0.0,0.3046,32.02,0.0
4267,40.79,0.0,0.0,0.0,0.0,0.3046,40.79,0.0
4268,39.06,3.04,0.0,0.0,0.0,0.3046,36.02,0.0
4269,37.19,20.97,0.0,0.0,0.0,0.3046,16.22,0.0
4270,35.24,13.8,0.0,0.0,0.0,0.3046,21.43,0.0
4271,35.24,11.49,0.0,0.0,0.0,0.3046,23.75,0.0
4272,35.19,5.12,0.0,0.0,0.0,0.3046,30.08,0.0
4273,35.19,7.06,0.0,0.0,0.0,0.3046,28.13,0.0
4274,35.19,0.0,0.0,0.0,0.0,0.3046,35.19,0.0
4275,35.19,12.77,0.0,0.0,0.0,0.3046,22.42,0.0
4276,35.19,7.18,0.0,0.0,0.0,0.3046,28.01,0.0
4277,35.19,2.34,0.0,0.0,0.0,0.3046,32.85,0.0
4278,35.19,7.42,0.0,0.0,1.74,0.3046,26.04,0.0
4279,37.14,8.8,14.01,0.0,0.0,0.1,14.34,0.0
4280,39.02,20.61,25.93,7.52,0.0,0.1,0.0,0.0
4281,40.75,0.0,38.41,0.0,2.34,0.9,0.0,0.0
4282,42.26,0.0,37.82,0.0,4.44,0.6236,0.0,0.0
4283,43.51,0.0,43.51,0.0,0.0,0.1,0.0,0.0
4284,44.43,0.0,44.43,0.0,0.0,0.1,0.0,0.0
4285,45.0,0.0,52.52,7.52,0.0,0.1,0.0,0.0
4286,45.19,0.0,45.19,0.0,0.0,0.9,0.0,0.0
4287,45.0,3.82,39.15,0.0,2.03,0.9,0.0,0.0
4288,44.43,15.98,26.78,0.0,1.68,0.6606,0.0,0.0
4289,43.51,10.72,14.88,0.0,0.0,0.4625,17.91,0.0
4290,42.26,12.0,0.0,0.0,0.0,0.4625,30.26,0.0
4291,40.75,6.6,0.0,0.0,0.0,0.4625,34.15,0.0
4292,39.02,0.15,0.0,0.0,0.0,0.4625,38.87,0.0
4293,37.14,11.92,0.0,0.0,0.0,0.4625,25.22,0.0
4294,35.19,24.42,0.0,0.0,0.0,0.4625,10.77,0.0
4295,35.19,3.51,0.0,0.0,0.0,0.4625,31.69,0.0
4296,35.15,7.52,0.0,0.0,0.0,0.4625,27.63,0.0
4297,35.15,16.63,0.0,0.0,0.0,0.4625,18.53,0.0
4298,35.15,7.01,0.0,0.0,0.0,0.4625,28.14,0.0
4299,35.15,7.28,0.0,0.0,0.0,0.4625,27.87,0.0
4300,35.15,8.56,0.0,0.0,0.0,0.4625,26.59,0.0
4301,35.15,0.0,0.0,0.0,0.0,0.4625,35.15,0.0
4302,35.15,0.22,0.0,0.0,0.0,0.4625,34.93,0.0
4303,37.1,11.48,14.56,0.0,3.07,0.4625,7.99,0.0
4304,38.98,0.0,27.78,0.0,0.0,0.1,11.19,0.0
4305,40.71,0.0,40.76,0.05,0.0,0.1,0.0,0.0
4306,42.22,0.0,42.18,0.0,0.05,0.1055,0.0,0.0
4307,43.47,0.0,50.98,7.52,0.0,0.1,0.0,0.0
4308,44.39,0.0,40.99,0.0,3.4,0.9,0.0,0.0
4309,44.96,0.0,44.96,0.0,0.0,0.4997,0.0,0.0
4310,45.15,1.43,47.48,3.76,0.0,0.4997,0.0,0.0
4311,44.96,0.0,38.54,0.0,6.41,0.9,0.0,0.0
4312,44.39,7.91,26.42,0.0,0.0,0.1437,10.05,0.0
4313,43.47,8.94,13.64,0.0,0.0,0.1437,20.88,0.0
4314,42.22,4.7,0.0,0.0,0.0,0.1437,37.52,0.0
4315,40.71,18.0,0.0,0.0,0.0,0.1437,22.71,0.0
4316,38.98,2.97,0.0,0.0,0.0,0.1437,36.01,0.0
4317,37.1,22.52,0.0,0.0,0.0,0.1437,14.58,0.0
4318,35.15,16.06,0.0,0.0,0.0,0.1437,19.09,0.0
4319,35.15,12.95,0.0,0.0,0.0,0.1437,22.2,0.0
4320,35.11,15.73,0.0,0.0,0.0,0.1437,19.38,0.0
4321,35.11,14.76,0.0,0.0,0.0,0.1437,20.34,0.0
4322,35.11,24.51,0.0,0.0,0.0,0.1437,10.6,0.0
4323,35.11,5.01,0.0,0.0,0.0,0.1437,30.09,0.0
4324,35.11,5.86,0.0,0.0,0.0,0.1437,29.24,0.0
4325,35.11,18.23,0.0,0.0,0.0,0.1437,16.88,0.0
4326,35.11,3.22,0.0,0.0,0.0,0.1437,31.89,0.0
4327,37.06,13.04,13.18,0.0,0.37,0.1437,10.47,0.0
4328,38.93,17.47,22.1,0.64,0.0,0.1,0.0,0.0
4329,40.66,0.0,40.09,0.0,0.57,0.1677,0.0,0.0
4330,42.18,0.0,49.7,7.52,0.0,0.1,0.0,0.0
4331,43.42,0.0,36.64,0.0,6.78,0.9,0.0,0.0
4332,44.35,0.0,44.35,0.0,0.0,0.1,0.0,0.0
4333,44.92,0.0,44.92,0.0,0.0,0.1,0.0,0.0
4334,45.11,4.83,47.8,7.52,0.0,0.1,0.0,0.0
4335,44.92,0.0,38.52,0.0,5.31,0.9,1.08,0.0
4336,44.35,0.0,28.25,0.0,0.0,0.2735,16.1,0.0
4337,43.42,9.89,13.47,0.0,0.0,0.2735,20.07,0.0
4338,42.18,0.0,0.0,0.0,0.0,0.2735,42.18,0.0
4339,40.66,7.48,0.0,0.0,0.0,0.2735,33.18,0.0
4340,38.93,19.39,0.0,0.0,0.0,0.2735,19.55,0.0
4341,37.06,15.08,0.0,0.0,0.0,0.2735,21.97,0.0
4342,35.11,30.29,0.0,0.0,0.0,0.2735,4.82,0.0
4343,35.11,23.75,0.0,0.0,0.0,0.2735,11.35,0.0
4344,35.06,10.69,0.0,0.0,0.0,0.2735,24.37,0.0
4345,35.06,15.83,0.0,0.0,0.0,0.2735,19.24,0.0
4346,35.06,14.44,0.0,0.0,0.0,0.2735,20.62,0.0
4347,35.06,0.99,0.0,0.0,0.0,0.2735,34.07,0.0
4348,35.06,4.45,0.0,0.0,0.0,0.2735,30.62,0.0
4349,35.06,5.54,0.0,0.0,0.0,0.2735,29.52,0.0
4350,35.06,0.0,0.0,0.0,0.0,0.2735,35.06,0.0
4351,37.02,6.26,12.14,0.0,0.0,0.2735,18.61,0.0
4352,38.89,1.99,28.78,0.0,0.0,0.2735,8.12,0.0
4353,40.62,0.0,39.15,0.0,1.47,0.2735,0.0,0.0
4354,42.14,4.28,37.86,0.0,0.0,0.1,0.0,0.0
4355,43.38,0.0,43.38,0.0,0.0,0.1,0.0,0.0
4356,44.3,0.0,44.3,0.0,0.0,0.1,0.0,0.0
4357,44.87,0.0,44.87,0.0,0.0,0.1,0.0,0.0
4358,45.06,1.35,48.14,4.42,0.0,0.1,0.0,0.0
4359,44.87,7.73,40.24,3.09,0.0,0.5709,0.0,0.0
4360,44.3,6.41,28.63,0.0,6.78,0.9,2.48,0.0
4361,43.38,0.0,14.22,0.0,0.0,0.1,29.15,0.0
4362,42.14,10.14,0.0,0.0,0.0,0.1,32.0,0.0
4363,40.62,19.49,0.0,0.0,0.0,0.1,21.13,0.0
4364,38.89,7.17,0.0,0.0,0.0,0.1,31.72,0.0
4365,37.02,30.21,0.0,0.0,0.0,0.1,6.8,0.0
4366,35.06,10.64,0.0,0.0,0.0,0.1,24.42,0.0
4367,35.06,15.87,0.0,0.0,0.0,0.1,19.2,0.0
4368,35.02,10.54,0.0,0.0,0.0,0.1,24.48,0.0
4369,35.02,17.38,0.0,0.0,0.0,0.1,17.64,0.0
4370,35.02,0.98,0.0,0.0,0.0,0.1,34.04,0.0
4371,35.02,9.22,0.0,0.0,0.0,0.1,25.8,0.0
4372,35.02,3.24,0.0,0.0,0.0,0.1,31.78,0.0
4373,35.02,11.07,0.0,0.0,0.0,0.1,23.95,0.0
4374,35.02,15.84,0.0,0.0,0.0,0.1,19.19,0.0
4375,36.97,11.01,13.57,0.0,0.0,0.1,12.38,0.0
4376,38.85,0.0,28.53,0.0,0.0,0.1,10.32,0.0
4377,40.58,18.54,22.04,0.0,0.0,0.1,0.0,0.0
4378,42.09,3.41,46.2,7.52,0.0,0.1,0.0,0.0
4379,43.34,0.0,40.64,0.0,2.7,0.9,0.0,0.0
4380,44.26,0.0,44.26,0.0,0.0,0.5816,0.0,0.0
4381,44.83,0.0,44.83,0.0,0.0,0.5816,0.0,0.0
4382,45.02,0.0,48.01,2.99,0.0,0.5816,0.0,0.0
4383,44.83,3.9,39.45,0.0,1.48,0.9,0.0,0.0
4384,44.26,0.0,26.77,0.0,0.0,0.7252,17.49,0.0
4385,43.34,2.67,13.82,0.0,0.0,0.7252,26.84,0.0
4386,42.09,2.49,0.0,0.0,0.0,0.7252,39.6,0.0
4387,40.58,0.0,0.0,0.0,0.0,0.7252,40.58,0.0
4388,38.85,13.07,0.0,0.0,0.0,0.7252,25.78,0.0
4389,36.97,18.2,0.0,0.0,0.0,0.7252,18.77,0.0
4390,35.02,18.9,0.0,0.0,5.3,0.7252,10.82,0.0
4391,35.02,22.12,0.0,0.0,0.0,0.1,12.9,0.0
4392,34.98,18.45,0.0,0.0,0.0,0.1,16.52,0.0
4393,34.98,11.38,0.0,0.0,0.0,0.1,23.6,0.0
4394,34.98,21.48,0.0,0.0,0.0,0.1,13.5,0.0
4395,34.98,2.78,0.0,0.0,0.0,0.1,32.2,0.0
4396,34.98,4.76,0.0,0.0,0.0,0.1,30.22,0.0
4397,34.98,2.34,0.0,0.0,0.0,0.1,32.64,0.0
4398,34.98,16.51,0.0,0.0,0.0,0.1,18.46,0.0
4399,36.93,13.37,12.12,0.0,0.0,0.1,11.44,0.0
4400,38.81,7.84,26.63,0.0,0.0,0.1,4.34,0.0
4401,40.53,10.84,29.7,0.0,0.0,0.1,0.0,0.0
4402,42.05,0.0,42.05,0.0,0.0,0.1,0.0,0.0
4403,43.29,0.0,43.29,0.0,0.0,0.1,0.0,0.0
4404,44.22,0.0,44.22,0.0,0.0,0.1,0.0,0.0
4405,44.79,0.0,52.3,7.52,0.0,0.1,0.0,0.0
4406,44.98,0.15,44.83,0.0,0.0,0.9,0.0,0.0
4407,44.79,0.0,40.29,0.0,4.5,0.9,0.0,0.0
4408,44.22,8.26,26.42,0.0,0.0,0.3696,9.54,0.0
4409,43.29,12.84,13.88,0.0,0.0,0.3696,16.58,0.0
4410,42.05,2.63,0.0,0.0,0.0,0.3696,39.42,0.0
4411,40.53,9.51,0.0,0.0,0.0,0.3696,31.02,0.0
4412,38.81,3.51,0.0,0.0,0.0,0.3696,35.3,0.0
4413,36.93,0.0,0.0,0.0,0.0,0.3696,36.93,0.0
4414,34.98,16.41,0.0,0.0,0.0,0.3696,18.57,0.0
4415,34.98,20.44,0.0,0.0,0.0,0.3696,14.54,0.0
4416,34.94,17.96,0.0,0.0,0.0,0.3696,16.97,0.0
4417,34.94,0.13,0.0,0.0,0.0,0.3696,34.8,0.0
4418,34.94,12.03,0.0,0.0,0.0,0.3696,22.9,0.0
4419,34.94,0.0,0.0,0.0,0.0,0.3696,34.94,0.0
4420,34.94,22.79,0.0,0.0,0.0,0.3696,12.15,0.0
4421,34.94,1.37,0.0,0.0,0.0,0.3696,33.56,0.0
4422,34.94,17.91,0.0,0.0,0.0,0.3696,17.03,0.0
4423,36.89,13.4,12.1,0.0,0.0,0.3696,11.39,0.0
4424,38.76,0.0,28.23,0.0,2.29,0.3696,8.24,0.0
4425,40.49,0.0,37.91,0.0,0.0,0.1,2.58,0.0
4426,42.01,0.0,42.01,0.0,0.0,0.1,0.0,0.0
4427,43.25,0.0,50.77,7.52,0.0,0.1,0.0,0.0
4428,44.17,0.0,40.34,0.0,3.83,0.9,0.0,0.0
4429,44.74,0.0,44.74,0.0,0.0,0.4481,0.0,0.0
4430,44.94,0.0,49.18,4.25,0.0,0.4481,0.0,0.0
4431,44.74,0.0,39.63,0.0,5.11,0.9,0.0,0.0
4432,44.17,5.77,27.61,0.0,0.0,0.2969,10.79,0.0
4433,43.25,1.43,13.29,0.0,0.0,0.2969,28.53,0.0
4434,42.01,3.55,0.0,0.0,0.0,0.2969,38.46,0.0
4435,40.49,15.52,0.0,0.0,0.0,0.2969,24.97,0.0
4436,38.76,21.23,0.0,0.0,0.0,0.2969,17.53,0.0
4437,36.89,11.39,0.0,0.0,0.0,0.2969,25.49,0.0
4438,34.94,12.11,0.0,0.0,0.0,0.2969,22.82,0.0
4439,34.94,19.58,0.0,0.0,0.0,0.2969,15.35,0.0
4440,34.89,5.11,0.0,0.0,0.0,0.2969,29.78,0.0
4441,34.89,17.39,0.0,0.0,0.0,0.2969,17.5,0.0
4442,34.89,19.2,0.0,0.0,0.0,0.2969,15.69,0.0
4443,34.89,18.96,0.0,0.0,0.0,0.2969,15.93,0.0
4444,34.89,0.0,0.0,0.0,0.0,0.2969,34.89,0.0
4445,34.89,3.96,0.0,0.0,0.0,0.2969,30.94,0.0
4446,34.89,0.97,0.0,0.0,0.0,0.2969,33.92,0.0
4447,36.84,6.69,13.67,0.0,1.67,0.2969,14.81,0.0
4448,38.72,7.79,27.57,0.0,0.0,0.1,3.35,0.0
4449,40.45,14.22,33.75,7.52,0.0,0.1,0.0,0.0
4450,41.96,0.0,35.18,0.0,6.78,0.9,0.0,0.0
4451,43.21,0.0,43.21,0.0,0.0,0.1,0.0,0.0
4452,44.13,0.0,51.65,7.52,0.0,0.1,0.0,0.0
4453,44.7,0.0,44.7,0.0,0.0,0.9,0.0,0.0
4454,44.89,0.0,44.82,0.0,0.07,0.9,0.0,0.0
4455,44.7,4.63,40.15,0.08,0.0,0.8919,0.0,0.0
4456,44.13,0.0,27.23,0.0,6.78,0.9,10.11,0.0
4457,43.21,0.0,12.61,0.0,0.0,0.1,30.6,0.0
4458,41.96,0.0,0.0,0.0,0.0,0.1,41.96,0.0
4459,40.45,15.26,0.0,0.0,0.0,0.1,25.19,0.0
4460,38.72,21.35,0.0,0.0,0.0,0.1,17.37,0.0
4461,36.84,28.24,0.0,0.0,0.0,0.1,8.6,0.0
4462,34.89,21.52,0.0,0.0,0.0,0.1,13.38,0.0
4463,34.89,24.85,0.0,0.0,0.0,0.1,10.04,0.0
4464,34.85,11.29,0.0,0.0,0.0,0.1,23.56,0.0
4465,34.85,6.44,0.0,0.0,0.0,0.1,28.41,0.0
4466,34.85,21.58,0.0,0.0,0.0,0.1,13.27,0.0
4467,34.85,16.88,0.0,0.0,0.0,0.1,17.97,0.0
4468,34.85,12.78,0.0,0.0,0.0,0.1,22.07,0.0
4469,34.85,13.08,0.0,0.0,0.0,0.1,21.77,0.0
4470,34.85,10.52,0.0,0.0,0.0,0.1,24.33,0.0
4471,36.8,16.09,12.78,0.0,0.0,0.1,7.93,0.0
4472,38.68,14.27,28.67,4.26,0.0,0.1,0.0,0.0
4473,40.41,3.39,40.27,3.26,0.0,0.5532,0.0,0.0
4474,41.92,0.0,41.92,0.0,0.0,0.9,0.0,0.0
4475,43.16,0.0,36.38,0.0,6.78,0.9,0.0,0.0
4476,44.09,0.0,44.09,0.0,0.0,0.1,0.0,0.0
4477,44.66,0.0,52.18,7.52,0.0,0.1,0.0,0.0
4478,44.85,0.0,44.85,0.0,0.0,0.9,0.0,0.0
4479,44.66,10.71,33.95,0.0,0.0,0.9,0.0,0.0
4480,44.09,0.0,28.02,0.0,6.78,0.9,9.28,0.0
4481,43.16,8.17,14.4,0.0,0.0,0.1,20.59,0.0
4482,41.92,1.24,0.0,0.0,0.0,0.1,40.68,0.0
4483,40.41,14.4,0.0,0.0,0.0,0.1,26.0,0.0
4484,38.68,11.65,0.0,0.0,0.0,0.1,27.02,0.0
4485,36.8,0.91,0.0,0.0,0.0,0.1,35.89,0.0
4486,34.85,18.17,0.0,0.0,0.0,0.1,16.68,0.0
4487,34.85,11.03,0.0,0.0,0.0,0.1,23.81,0.0
4488,34.81,22.9,0.0,0.0,0.0,0.1,11.91,0.0
4489,34.81,15.64,0.0,0.0,0.0,0.1,19.16,0.0
4490,34.81,17.98,0.0,0.0,0.0,0.1,16.83,0.0
4491,34.81,5.97,0.0,0.0,0.0,0.1,28.83,0.0
4492,34.81,7.25,0.0,0.0,0.0,0.1,27.55,0.0
4493,34.81,6.38,0.0,0.0,0.0,0.1,28.43,0.0
4494,34.81,14.77,0.0,0.0,0.0,0.1,20.04,0.0
4495,36.76,19.23,14.46,0.0,0.0,0.1,3.07,0.0
4496,38.63,0.0,26.13,0.0,0.0,0.1,12.5,0.0
4497,40.36,10.9,36.98,7.52,0.0,0.1,0.0,0.0
4498,41.88,0.0,35.09,0.0,6.78,0.9,0.0,0.0
4499,43.12,0.0,43.12,0.0,0.0,0.1,0.0,0.0
4500,44.05,0.0,44.05,0.0,0.0,0.1,0.0,0.0
4501,44.61,0.0,52.13,7.52,0.0,0.1,0.0,0.0
4502,44.81,0.0,44.81,0.0,0.0,0.9,0.0,0.0
4503,44.61,5.63,37.85,0.0,1.14,0.9,0.0,0.0
4504,44.05,2.29,28.45,0.0,0.0,0.7656,13.3,0.0
4505,43.12,8.92,13.18,0.0,0.0,0.7656,21.02,0.0
4506,41.88,13.45,0.0,0.0,0.0,0.7656,28.43,0.0
4507,40.36,12.13,0.0,0.0,0.0,0.7656,28.24,0.0
4508,38.63,17.16,0.0,0.0,0.0,0.7656,21.48,0.0
4509,36.76,13.03,0.0,0.0,0.0,0.7656,23.73,0.0
4510,34.81,5.41,0.0,0.0,0.0,0.7656,29.39,0.0
4511,34.81,24.03,0.0,0.0,5.64,0.7656,5.13,0.0
4512,34.76,11.24,0.0,0.0,0.0,0.1,23.53,0.0
4513,34.76,8.22,0.0,0.0,0.0,0.1,26.55,0.0
4514,34.76,13.44,0.0,0.0,0.0,0.1,21.33,0.0
4515,34.76,6.34,0.0,0.0,0.0,0.1,28.42,0.0
4516,34.76,8.63,0.0,0.0,0.0,0.1,26.13,0.0
4517,34.76,12.76,0.0,0.0,0.0,0.1,22.0,0.0
4518,34.76,10.74,0.0,0.0,0.0,0.1,24.02,0.0
4519,36.71,0.0,13.61,0.0,0.0,0.1,23.1,0.0
4520,38.59,0.13,27.91,0.0,0.0,0.1,10.55,0.0
4521,40.32,7.76,40.07,7.52,0.0,0.1,0.0,0.0
4522,41.83,0.0,35.05,0.0,6.78,0.9,0.0,0.0
4523,43.08,16.78,33.82,7.52,0.0,0.1,0.0,0.0
4524,44.0,0.0,38.24,0.0,5.76,0.9,0.0,0.0
4525,44.57,0.0,44.57,0.0,0.0,0.2207,0.0,0.0
4526,44.76,0.0,49.29,4.53,0.0,0.2207,0.0,0.0
4527,44.57,8.43,38.0,1.85,0.0,0.7026,0.0,0.0
4528,44.0,3.58,26.26,0.0,6.78,0.9,7.38,0.0
4529,43.08,1.55,12.12,0.0,0.0,0.1,29.41,0.0
4530,41.83,9.31,0.0,0.0,0.0,0.1,32.53,0.0
4531,40.32,17.53,0.0,0.0,0.0,0.1,22.78,0.0
4532,38.59,15.92,0.0,0.0,0.0,0.1,22.67,0.0
4533,36.71,6.61,0.0,0.0,0.0,0.1,30.1,0.0
4534,34.76,20.75,0.0,0.0,0.0,0.1,14.02,0.0
4535,34.76,10.58,0.0,0.0,0.0,0.1,24.18,0.0
4536,34.72,17.65,0.0,0.0,0.0,0.1,17.07,0.0
4537,34.72,13.25,0.0,0.0,0.0,0.1,21.47,0.0
4538,34.72,13.13,0.0,0.0,0.0,0.1,21.59,0.0
4539,34.72,19.69,0.0,0.0,0.0,0.1,15.03,0.0
4540,34.72,3.7,0.0,0.0,0.0,0.1,31.02,0.0
4541,34.72,25.49,0.0,0.0,0.0,0.1,9.23,0.0
4542,34.72,0.0,0.0,0.0,0.0,0.1,34.72,0.0
4543,36.67,1.19,14.23,0.0,0.0,0.1,21.25,0.0
4544,38.55,6.96,26.74,0.0,0.0,0.1,4.85,0.0
4545,40.28,0.87,39.4,0.0,0.0,0.1,0.0,0.0
4546,41.79,0.0,41.79,0.0,0.0,0.1,0.0,0.0
4547,43.04,0.0,50.55,7.52,0.0,0.1,0.0,0.0
4548,43.96,0.0,43.96,0.0,0.0,0.9,0.0,0.0
4549,44.53,0.0,37.74,0.0,6.78,0.9,0.0,0.0
4550,44.72,5.29,46.95,7.52,0.0,0.1,0.0,0.0
4551,44.53,9.04,35.49,0.0,0.0,0.9,0.0,0.0
4552,43.96,10.95,26.15,0.0,6.78,0.9,0.08,0.0
4553,43.04,0.0,12.04,0.0,0.0,0.1,31.0,0.0
4554,41.79,7.36,0.0,0.0,0.0,0.1,34.43,0.0
4555,40.28,7.66,0.0,0.0,0.0,0.1,32.62,0.0
4556,38.55,3.97,0.0,0.0,0.0,0.1,34.57,0.0
4557,36.67,16.46,0.0,0.0,0.0,0.1,20.21,0.0
4558,34.72,10.6,0.0,0.0,0.0,0.1,24.12,0.0
4559,34.72,20.86,0.0,0.0,0.0,0.1,13.86,0.0
4560,34.68,7.45,0.0,0.0,0.0,0.1,27.23,0.0
4561,34.68,29.32,0.0,0.0,0.0,0.1,5.36,0.0
4562,34.68,7.76,0.0,0.0,0.0,0.1,26.91,0.0
4563,34.68,15.36,0.0,0.0,0.0,0.1,19.32,0.0
4564,34.68,18.26,0.0,0.0,0.0,0.1,16.42,0.0
4565,34.68,5.53,0.0,0.0,0.0,0.1,29.15,0.0
4566,34.68,14.77,0.0,0.0,0.0,0.1,19.9,0.0
4567,36.63,0.0,13.08,0.0,0.0,0.1,23.55,0.0
4568,38.5,15.56,22.94,0.0,0.0,0.1,0.0,0.0
4569,40.23,2.5,37.73,0.0,0.0,0.1,0.0,0.0
4570,41.75,0.0,41.75,0.0,0.0,0.1,0.0,0.0
4571,42.99,0.0,50.51,7.52,0.0,0.1,0.0,0.0
4572,43.92,0.0,37.13,0.0,6.78,0.9,0.0,0.0
4573,44.49,0.0,52.0,7.52,0.0,0.1,0.0,0.0
4574,44.68,0.0,44.68,0.0,0.0,0.9,0.0,0.0
4575,44.49,0.63,38.89,0.0,4.84,0.9,0.13,0.0
4576,43.92,0.0,26.3,0.0,0.0,0.3292,17.62,0.0
4577,42.99,20.4,13.85,0.0,0.0,0.3292,8.74,0.0
4578,41.75,3.51,0.0,0.0,0.0,0.3292,38.24,0.0
4579,40.23,16.66,0.0,0.0,0.0,0.3292,23.57,0.0
4580,38.5,13.64,0.0,0.0,0.0,0.3292,24.87,0.0
4581,36.63,5.8,0.0,0.0,0.0,0.3292,30.83,0.0
4582,34.68,14.83,0.0,0.0,0.0,0.3292,19.84,0.0
4583,34.68,21.9,0.0,0.0,0.0,0.3292,12.78,0.0
4584,34.64,14.47,0.0,0.0,0.0,0.3292,20.17,0.0
4585,34.64,25.17,0.0,0.0,0.0,0.3292,9.47,0.0
4586,34.64,23.01,0.0,0.0,0.0,0.3292,11.63,0.0
4587,34.64,20.93,0.0,0.0,0.0,0.3292,13.7,0.0
4588,34.64,8.34,0.0,0.0,0.0,0.3292,26.29,0.0
4589,34.64,1.51,0.0,0.0,0.0,0.3292,33.13,0.0
4590,34.64,3.15,0.0,0.0,0.0,0.3292,31.48,0.0
4591,36.59,7.53,13.69,0.0,0.0,0.3292,15.37,0.0
4592,38.46,8.39,28.13,0.0,1.94,0.3292,0.0,0.0
4593,40.19,0.0,40.31,0.12,0.0,0.1,0.0,0.0
4594,41.71,0.0,41.6,0.0,0.11,0.1128,0.0,0.0
4595,42.95,0.0,50.47,7.52,0.0,0.1,0.0,0.0
4596,43.87,0.0,43.87,0.0,0.0,0.9,0.0,0.0
4597,44.44,0.0,44.44,0.0,0.0,0.9,0.0,0.0
4598,44.64,4.5,40.14,0.0,0.0,0.9,0.0,0.0
4599,44.44,12.81,31.63,0.0,0.0,0.9,0.0,0.0
4600,43.87,2.34,27.86,0.0,6.78,0.9,6.89,0.0
4601,42.95,13.41,12.67,0.0,0.0,0.1,16.87,0.0
4602,41.71,21.01,0.0,0.0,0.0,0.1,20.7,0.0
4603,40.19,20.49,0.0,0.0,0.0,0.1,19.7,0.0
4604,38.46,3.32,0.0,0.0,0.0,0.1,35.14,0.0
4605,36.59,11.62,0.0,0.0,0.0,0.1,24.96,0.0
4606,34.64,12.16,0.0,0.0,0.0,0.1,22.48,0.0
4607,34.64,19.58,0.0,0.0,0.0,0.1,15.06,0.0
4608,34.59,21.43,0.0,0.0,0.0,0.1,13.16,0.0
4609,34.59,9.05,0.0,0.0,0.0,0.1,25.54,0.0
4610,34.59,15.46,0.0,0.0,0.0,0.1,19.13,0.0
4611,34.59,0.0,0.0,0.0,0.0,0.1,34.59,0.0
4612,34.59,23.46,0.0,0.0,0.0,0.1,11.13,0.0
4613,34.59,6.03,0.0,0.0,0.0,0.1,28.56,0.0
4614,34.59,8.49,0.0,0.0,0.0,0.1,26.1,0.0
4615,36.54,3.53,11.92,0.0,0.0,0.1,21.09,0.0
4616,38.42,13.17,27.68,2.43,0.0,0.1,0.0,0.0
4617,40.15,0.0,37.95,0.0,2.2,0.3589,0.0,0.0
4618,41.66,0.0,49.18,7.52,0.0,0.1,0.0,0.0
4619,42.91,0.0,36.12,0.0,6.78,0.9,0.0,0.0
4620,43.83,0.0,43.83,0.0,0.0,0.1,0.0,0.0
4621,44.4,0.0,51.92,7.52,0.0,0.1,0.0,0.0
4622,44.59,0.0,44.59,0.0,0.0,0.9,0.0,0.0
4623,44.4,8.56,35.84,0.0,0.0,0.9,0.0,0.0
4624,43.83,6.9,26.06,0.0,6.21,0.9,4.65,0.0
4625,42.91,16.01,14.05,0.0,0.0,0.1674,12.85,0.0
4626,41.66,2.75,0.0,0.0,0.0,0.1674,38.92,0.0
4627,40.15,4.28,0.0,0.0,0.0,0.1674,35.87,0.0
4628,38.42,20.72,0.0,0.0,0.0,0.1674,17.7,0.0
4629,36.54,17.04,0.0,0.0,0.0,0.1674,19.51,0.0
4630,34.59,2.66,0.0,0.0,0.0,0.1674,31.94,0.0
4631,34.59,11.43,0.0,0.0,0.0,0.1674,23.16,0.0
4632,34.55,19.08,0.0,0.0,0.0,0.1674,15.47,0.0
4633,34.55,22.39,0.0,0.0,0.0,0.1674,12.16,0.0
4634,34.55,9.55,0.0,0.0,0.0,0.1674,25.0,0.0
4635,34.55,0.0,0.0,0.0,0.0,0.1674,34.55,0.0
4636,34.55,16.19,0.0,0.0,0.0,0.1674,18.36,0.0
4637,34.55,0.43,0.0,0.0,0.0,0.1674,34.12,0.0
4638,34.55,0.0,0.0,0.0,0.0,0.1674,34.55,0.0
4639,36.5,0.0,14.37,0.0,0.0,0.1674,22.13,0.0
4640,38.38,10.56,27.24,0.0,0.57,0.1674,0.0,0.0
4641,40.11,3.48,36.63,0.0,0.0,0.1,0.0,0.0
4642,41.62,0.0,41.62,0.0,0.0,0.1,0.0,0.0
4643,42.87,0.0,42.87,0.0,0.0,0.1,0.0,0.0
4644,43.79,0.0,51.31,7.52,0.0,0.1,0.0,0.0
4645,44.36,13.23,31.13,0.0,0.0,0.9,0.0,0.0
4646,44.55,0.0,44.55,0.0,0.0,0.9,0.0,0.0
4647,44.36,2.18,38.61,0.0,3.56,0.9,0.0,0.0
4648,43.79,0.0,27.89,0.0,0.0,0.4799,15.9,0.0
4649,42.87,4.19,12.13,0.0,0.0,0.4799,26.54,0.0
4650,41.62,6.09,0.0,0.0,0.0,0.4799,35.53,0.0
4651,40.11,15.1,0.0,0.0,0.0,0.4799,25.01,0.0
4652,38.38,12.4,0.0,0.0,0.0,0.4799,25.98,0.0
4653,36.5,18.63,0.0,0.0,0.0,0.4799,17.87,0.0
4654,34.55,20.53,0.0,0.0,0.0,0.4799,14.02,0.0
4655,34.55,32.85,0.0,0.0,0.0,0.4799,1.7,0.0
4656,34.51,13.53,0.0,0.0,1.1,0.4799,19.88,0.0
4657,34.51,8.29,0.0,0.0,0.0,0.3505,26.22,0.0
4658,34.51,16.92,0.0,0.0,0.0,0.3505,17.58,0.0
4659,34.51,7.34,0.0,0.0,0.0,0.3505,27.17,0.0
4660,34.51,23.83,0.0,0.0,0.0,0.3505,10.68,0.0
4661,34.51,7.9,0.0,0.0,0.0,0.3505,26.61,0.0
4662,34.51,3.6,0.0,0.0,0.0,0.3505,30.9,0.0
4663,36.46,2.3,14.65,0.0,0.0,0.3505,19.51,0.0
4664,38.34,9.83,26.83,0.0,1.68,0.3505,0.0,0.0
4665,40.06,1.23,38.39,0.0,0.45,0.1525,0.0,0.0
4666,41.58,0.0,41.58,0.0,0.0,0.1,0.0,0.0
4667,42.82,0.0,42.82,0.0,0.0,0.1,0.0,0.0
4668,43.75,0.0,43.75,0.0,0.0,0.1,0.0,0.0
4669,44.32,0.0,51.83,7.52,0.0,0.1,0.0,0.0
4670,44.51,6.4,38.11,0.0,0.0,0.9,0.0,0.0
4671,44.32,0.0,38.39,0.0,5.92,0.9,0.0,0.0
4672,43.75,7.94,26.07,0.0,0.0,0.2016,9.74,0.0
4673,42.82,0.0,14.37,0.0,0.0,0.2016,28.45,0.0
4674,41.58,14.63,0.0,0.0,0.0,0.2016,26.95,0.0
4675,40.06,2.51,0.0,0.0,0.0,0.2016,37.56,0.0
4676,38.34,17.56,0.0,0.0,0.0,0.2016,20.77,0.0
4677,36.46,22.49,0.0,0.0,0.0,0.2016,13.97,0.0
4678,34.51,21.81,0.0,0.0,0.0,0.2016,12.7,0.0
4679,34.51,17.76,0.0,0.0,0.0,0.2016,16.75,0.0
4680,34.47,14.23,0.0,0.0,0.0,0.2016,20.24,0.0
4681,34.47,11.22,0.0,0.0,0.0,0.2016,23.25,0.0
4682,34.47,26.68,0.0,0.0,0.0,0.2016,7.79,0.0
4683,34.47,8.18,0.0,0.0,0.0,0.2016,26.28,0.0
4684,34.47,3.86,0.0,0.0,0.0,0.2016,30.61,0.0
4685,34.47,15.46,0.0,0.0,0.0,0.2016,19.01,0.0
4686,34.47,1.8,0.0,0.0,0.0,0.2016,32.66,0.0
4687,36.42,0.0,12.77,0.0,0.0,0.2016,23.65,0.0
4688,38.29,0.0,25.82,0.0,0.08,0.2016,12.4,0.0
4689,40.02,0.0,39.24,0.0,0.78,0.1922,0.0,0.0
4690,41.54,0.0,41.54,0.0,0.0,0.1,0.0,0.0
4691,42.78,0.0,50.3,7.52,0.0,0.1,0.0,0.0
4692,43.7,0.0,43.7,0.0,0.0,0.9,0.0,0.0
4693,44.27,0.0,41.54,0.0,2.73,0.9,0.0,0.0
4694,44.47,0.0,47.49,3.03,0.0,0.5778,0.0,0.0
4695,44.27,0.93,37.94,0.0,5.4,0.9,0.0,0.0
4696,43.7,8.2,27.19,0.0,0.0,0.2634,8.31,0.0
4697,42.78,16.17,14.4,0.0,0.0,0.2634,12.21,0.0
4698,41.54,9.13,0.0,0.0,0.0,0.2634,32.41,0.0
4699,40.02,6.45,0.0,0.0,0.0,0.2634,33.57,0.0
4700,38.29,4.21,0.0,0.0,0.0,0.2634,34.08,0.0
4701,36.42,2.26,0.0,0.0,0.0,0.2634,34.15,0.0
4702,34.47,20.29,0.0,0.0,0.0,0.2634,14.18,0.0
4703,34.47,20.38,0.0,0.0,0.0,0.2634,14.09,0.0
4704,34.42,20.68,0.0,0.0,0.0,0.2634,13.75,0.0
4705,34.42,14.8,0.0,0.0,0.0,0.2634,19.62,0.0
4706,34.42,26.2,0.0,0.0,0.0,0.2634,8.23,0.0
4707,34.42,9.92,0.0,0.0,0.0,0.2634,24.5,0.0
4708,34.42,19.71,0.0,0.0,0.0,0.2634,14.72,0.0
4709,34.42,9.9,0.0,0.0,0.0,0.2634,24.52,0.0
4710,34.42,3.32,0.0,0.0,0.0,0.2634,31.1,0.0
4711,36.38,10.8,11.89,0.0,1.39,0.2634,12.3,0.0
4712,38.25,7.44,26.43,0.0,0.0,0.1,4.38,0.0
4713,39.98,1.46,38.52,0.0,0.0,0.1,0.0,0.0
4714,41.5,0.0,41.5,0.0,0.0,0.1,0.0,0.0
4715,42.74,0.0,50.26,7.52,0.0,0.1,0.0,0.0
4716,43.66,19.18,24.49,0.0,0.0,0.9,0.0,0.0
4717,44.23,0.0,44.23,0.0,0.0,0.9,0.0,0.0
4718,44.42,7.02,37.41,0.0,0.0,0.9,0.0,0.0
4719,44.23,3.43,39.65,0.0,1.15,0.9,0.0,0.0
4720,43.66,12.18,27.15,0.0,0.0,0.7643,4.33,0.0
4721,42.74,10.21,13.45,0.0,0.0,0.7643,19.08,0.0
4722,41.5,8.36,0.0,0.0,0.0,0.7643,33.13,0.0
4723,39.98,7.8,0.0,0.0,0.0,0.7643,32.18,0.0
4724,38.25,11.48,0.0,0.0,0.0,0.7643,26.77,0.0
4725,36.38,0.0,0.0,0.0,5.63,0.7643,30.74,0.0
4726,34.42,16.7,0.0,0.0,0.0,0.1,17.72,0.0
4727,34.42,11.94,0.0,0.0,0.0,0.1,22.48,0.0
4728,34.38,28.77,0.0,0.0,0.0,0.1,5.61,0.0
4729,34.38,16.01,0.0,0.0,0.0,0.1,18.37,0.0
4730,34.38,5.62,0.0,0.0,0.0,0.1,28.76,0.0
4731,34.38,13.4,0.0,0.0,0.0,0.1,20.98,0.0
4732,34.38,3.85,0.0,0.0,0.0,0.1,30.53,0.0
4733,34.38,14.0,0.0,0.0,0.0,0.1,20.38,0.0
4734,34.38,10.5,0.0,0.0,0.0,0.1,23.89,0.0
4735,36.33,13.74,14.45,0.0,0.0,0.1,8.15,0.0
4736,38.21,0.0,26.99,0.0,0.0,0.1,11.22,0.0
4737,39.94,1.53,38.41,0.0,0.0,0.1,0.0,0.0
4738,41.45,0.0,46.69,5.24,0.0,0.1,0.0,0.0
4739,42.7,0.0,39.18,0.0,3.51,0.6574,0.0,0.0
4740,43.62,0.0,43.62,0.0,0.0,0.2429,0.0,0.0
4741,44.19,0.0,44.19,0.0,0.0,0.2429,0.0,0.0
4742,44.38,1.32,46.6,3.54,0.0,0.2429,0.0,0.0
4743,44.19,5.86,39.89,1.56,0.0,0.6197,0.0,0.0
4744,43.62,16.95,27.74,1.07,0.0,0.7857,0.0,0.0
4745,42.7,3.87,13.28,0.0,6.78,0.9,18.77,0.0
4746,41.45,9.29,0.0,0.0,0.0,0.1,32.17,0.0
4747,39.94,1.62,0.0,0.0,0.0,0.1,38.32,0.0
4748,38.21,5.26,0.0,0.0,0.0,0.1,32.95,0.0
4749,36.33,14.58,0.0,0.0,0.0,0.1,21.76,0.0
4750,34.38,23.83,0.0,0.0,0.0,0.1,10.56,0.0
4751,34.38,13.82,0.0,0.0,0.0,0.1,20.56,0.0
4752,34.34,14.29,0.0,0.0,0.0,0.1,20.05,0.0
4753,34.34,12.66,0.0,0.0,0.0,0.1,21.68,0.0
4754,34.34,10.85,0.0,0.0,0.0,0.1,23.49,0.0
4755,34.34,16.18,0.0,0.0,0.0,0.1,18.16,0.0
4756,34.34,0.3,0.0,0.0,0.0,0.1,34.04,0.0
4757,34.34,20.45,0.0,0.0,0.0,0.1,13.9,0.0
4758,34.34,2.94,0.0,0.0,0.0,0.1,31.4,0.0
4759,36.29,11.9,12.62,0.0,0.0,0.1,11.78,0.0
4760,38.17,0.0,27.51,0.0,0.0,0.1,10.66,0.0
4761,39.9,1.77,38.13,0.0,0.0,0.1,0.0,0.0
4762,41.41,0.0,41.41,0.0,0.0,0.1,0.0,0.0
4763,42.66,0.0,42.66,0.0,0.0,0.1,0.0,0.0
4764,43.58,0.0,43.58,0.0,0.0,0.1,0.0,0.0
4765,44.15,0.0,51.67,7.52,0.0,0.1,0.0,0.0
4766,44.34,0.0,44.34,0.0,0.0,0.9,0.0,0.0
4767,44.15,0.6,39.53,0.0,4.02,0.9,0.0,0.0
4768,43.58,12.42,26.66,0.0,0.0,0.4256,4.5,0.0
4769,42.66,12.49,12.86,0.0,0.0,0.4256,17.3,0.0
4770,41.41,8.34,0.0,0.0,0.0,0.4256,33.07,0.0
4771,39.9,2.54,0.0,0.0,0.0,0.4256,37.36,0.0
4772,38.17,17.32,0.0,0.0,0.0,0.4256,20.85,0.0
4773,36.29,13.99,0.0,0.0,0.0,0.4256,22.3,0.0
4774,34.34,0.0,0.0,0.0,0.0,0.4256,34.34,0.0
4775,34.34,22.1,0.0,0.0,0.0,0.4256,12.24,0.0
4776,34.3,16.0,0.0,0.0,0.0,0.4256,18.29,0.0
4777,34.3,25.47,0.0,0.0,0.0,0.4256,8.83,0.0
4778,34.3,6.44,0.0,0.0,0.0,0.4256,27.86,0.0
4779,34.3,0.0,0.0,0.0,0.0,0.4256,34.3,0.0
4780,34.3,14.44,0.0,0.0,0.0,0.4256,19.86,0.0
4781,34.3,12.63,0.0,0.0,0.0,0.4256,21.67,0.0
4782,34.3,0.0,0.0,0.0,2.76,0.4256,31.54,0.0
4783,36.25,0.0,14.48,0.0,0.0,0.1,21.77,0.0
4784,38.13,26.16,19.48,7.52,0.0,0.1,0.0,0.0
4785,39.86,0.22,32.85,0.0,6.78,0.9,0.0,0.0
4786,41.37,1.1,47.79,7.52,0.0,0.1,0.0,0.0
4787,42.61,0.0,42.61,0.0,0.0,0.9,0.0,0.0
4788,43.54,0.0,43.54,0.0,0.0,0.9,0.0,0.0
4789,44.11,0.0,44.11,0.0,0.0,0.9,0.0,0.0
4790,44.3,0.0,44.3,0.0,0.0,0.9,0.0,0.0
4791,44.11,0.0,37.19,0.0,0.0,0.9,6.92,0.0
4792,43.54,3.38,25.56,0.0,0.0,0.9,14.6,0.0
4793,42.61,8.3,14.45,0.0,0.0,0.9,19.87,0.0
4794,41.37,7.07,0.0,0.0,0.0,0.9,34.3,0.0
4795,39.86,0.28,0.0,0.0,0.0,0.9,39.58,0.0
4796,38.13,16.09,0.0,0.0,0.0,0.9,22.04,0.0
4797,36.25,0.0,0.0,0.0,0.0,0.9,36.25,0.0
4798,34.3,0.0,0.0,0.0,0.0,0.9,34.3,0.0
4799,34.3,21.8,0.0,0.0,0.0,0.9,12.5,0.0
4800,34.26,20.26,0.0,0.0,0.0,0.9,14.0,0.0
4801,34.26,15.51,0.0,0.0,0.0,0.9,18.75,0.0
4802,34.26,4.09,0.0,0.0,0.0,0.9,30.16,0.0
4803,34.26,8.29,0.0,0.0,0.0,0.9,25.97,0.0
4804,34.26,10.18,0.0,0.0,0.0,0.9,24.08,0.0
4805,34.26,0.0,0.0,0.0,0.0,0.9,34.26,0.0
4806,34.26,2.43,0.0,0.0,0.0,0.9,31.83,0.0
4807,36.21,11.42,11.89,0.0,6.78,0.9,6.12,0.0
4808,38.09,15.66,23.59,1.17,0.0,0.1,0.0,0.0
4809,39.81,0.0,38.76,0.0,1.06,0.2244,0.0,0.0
4810,41.33,7.43,41.42,7.52,0.0,0.1,0.0,0.0
4811,42.57,0.0,35.79,0.0,6.78,0.9,0.0,0.0
4812,43.5,0.0,43.5,0.0,0.0,0.1,0.0,0.0
4813,44.07,0.0,51.58,7.52,0.0,0.1,0.0,0.0
4814,44.26,3.86,40.4,0.0,0.0,0.9,0.0,0.0
4815,44.07,0.72,39.25,0.0,4.1,0.9,0.0,0.0
4816,43.5,14.81,27.7,0.0,0.99,0.4163,0.0,0.0
4817,42.57,0.0,14.29,0.0,0.0,0.2997,28.28,0.0
4818,41.33,13.28,0.0,0.0,0.0,0.2997,28.05,0.0
4819,39.81,8.13,0.0,0.0,0.0,0.2997,31.68,0.0
4820,38.09,11.01,0.0,0.0,0.0,0.2997,27.08,0.0
4821,36.21,12.45,0.0,0.0,0.0,0.2997,23.76,0.0
4822,34.26,8.46,0.0,0.0,0.0,0.2997,25.8,0.0
4823,34.26,15.85,0.0,0.0,0.0,0.2997,18.4,0.0
4824,34.22,15.78,0.0,0.0,0.0,0.2997,18.44,0.0
4825,34.22,17.92,0.0,0.0,0.0,0.2997,16.29,0.0
4826,34.22,15.89,0.0,0.0,0.0,0.2997,18.33,0.0
4827,34.22,20.29,0.0,0.0,0.0,0.2997,13.93,0.0
4828,34.22,19.64,0.0,0.0,0.0,0.2997,14.58,0.0
4829,34.22,2.05,0.0,0.0,0.0,0.2997,32.17,0.0
4830,34.22,15.24,0.0,0.0,0.0,0.2997,18.98,0.0
4831,36.17,0.0,13.51,0.0,0.83,0.2997,21.83,0.0
4832,38.04,9.04,28.14,0.0,0.86,0.2019,0.0,0.0
4833,39.77,7.65,38.83,6.7,0.0,0.1,0.0,0.0
4834,41.29,0.0,42.1,0.81,0.0,0.8133,0.0,0.0
4835,42.53,0.0,35.75,0.0,6.78,0.9,0.0,0.0
4836,43.46,0.0,43.46,0.0,0.0,0.1,0.0,0.0
4837,44.03,0.0,44.03,0.0,0.0,0.1,0.0,0.0
4838,44.22,3.89,47.84,7.52,0.0,0.1,0.0,0.0
4839,44.03,0.0,37.06,0.0,0.0,0.9,6.96,0.0
4840,43.46,0.0,26.59,0.0,0.0,0.9,16.87,0.0
4841,42.53,6.88,13.28,0.0,0.0,0.9,22.36,0.0
4842,41.29,13.78,0.0,0.0,0.0,0.9,27.51,0.0
4843,39.77,9.27,0.0,0.0,0.0,0.9,30.5,0.0
4844,38.04,21.57,0.0,0.0,0.0,0.9,16.48,0.0
4845,36.17,18.17,0.0,0.0,0.0,0.9,18.0,0.0
4846,34.22,0.0,0.0,0.0,6.78,0.9,27.43,0.0
4847,34.22,11.8,0.0,0.0,0.0,0.1,22.41,0.0
4848,34.18,11.86,0.0,0.0,0.0,0.1,22.32,0.0
4849,34.18,19.86,0.0,0.0,0.0,0.1,14.32,0.0
4850,34.18,0.0,0.0,0.0,0.0,0.1,34.18,0.0
4851,34.18,34.23,0.0,0.06,0.0,0.1,0.0,0.0
4852,34.18,16.57,0.0,0.0,0.0,0.1062,17.61,0.0
4853,34.18,11.62,0.0,0.0,0.0,0.1062,22.56,0.0
4854,34.18,17.76,0.0,0.0,0.05,0.1062,16.36,0.0
4855,36.13,24.94,13.44,2.25,0.0,0.1,0.0,0.0
4856,38.0,11.33,26.88,0.2,0.0,0.3395,0.0,0.0
4857,39.73,10.3,27.22,0.0,2.22,0.3612,0.0,0.0
4858,41.25,0.0,41.25,0.0,0.0,0.1,0.0,0.0
4859,42.49,0.0,50.01,7.52,0.0,0.1,0.0,0.0
4860,43.42,0.0,43.42,0.0,0.0,0.9,0.0,0.0
4861,43.98,0.0,43.98,0.0,0.0,0.9,0.0,0.0
4862,44.18,0.0,44.18,0.0,0.0,0.9,0.0,0.0
4863,43.98,0.0,38.31,0.0,5.68,0.9,0.0,0.0
4864,43.42,3.81,25.37,0.0,0.0,0.2304,14.24,0.0
4865,42.49,0.0,13.39,0.0,0.0,0.2304,29.11,0.0
4866,41.25,9.9,0.0,0.0,0.0,0.2304,31.35,0.0
4867,39.73,10.15,0.0,0.0,1.11,0.2304,28.48,0.0
4868,38.0,13.52,0.0,0.0,0.0,0.1,24.48,0.0
4869,36.13,9.85,0.0,0.0,0.0,0.1,26.28,0.0
4870,34.18,39.69,0.0,5.51,0.0,0.1,0.0,0.0
4871,34.18,26.85,0.0,0.0,0.0,0.6864,7.33,0.0
4872,34.14,6.49,0.0,0.0,0.0,0.6864,27.65,0.0
4873,34.14,17.95,0.0,0.0,0.0,0.6864,16.19,0.0
4874,34.14,10.48,0.0,0.0,0.0,0.6864,23.66,0.0
4875,34.14,5.99,0.0,0.0,0.0,0.6864,28.15,0.0
4876,34.14,1.76,0.0,0.0,0.0,0.6864,32.38,0.0
4877,34.14,13.92,0.0,0.0,0.0,0.6864,20.22,0.0
4878,34.14,3.02,0.0,0.0,0.0,0.6864,31.12,0.0
4879,36.09,14.06,13.69,0.0,4.97,0.6864,3.37,0.0
4880,37.96,12.35,27.2,1.59,0.0,0.1,0.0,0.0
4881,39.69,13.72,24.54,0.0,1.43,0.269,0.0,0.0
4882,41.21,0.0,41.21,0.0,0.0,0.1,0.0,0.0
4883,42.45,0.0,42.45,0.0,0.0,0.1,0.0,0.0
4884,43.37,0.0,50.89,7.52,0.0,0.1,0.0,0.0
4885,43.94,0.0,43.94,0.0,0.0,0.9,0.0,0.0
4886,44.14,0.0,37.35,0.0,6.78,0.9,0.0,0.0
4887,43.94,15.59,35.87,7.52,0.0,0.1,0.0,0.0
4888,43.37,6.27,25.75,0.0,5.35,0.9,6.0,0.0
4889,42.45,11.42,13.77,0.0,0.0,0.2686,17.25,0.0
4890,41.21,1.9,0.0,0.0,0.0,0.2686,39.31,0.0
4891,39.69,0.8,0.0,0.0,0.0,0.2686,38.89,0.0
4892,37.96,7.88,0.0,0.0,0.0,0.2686,30.09,0.0
4893,36.09,13.06,0.0,0.0,0.0,0.2686,23.03,0.0
4894,34.14,6.86,0.0,0.0,0.0,0.2686,27.28,0.0
4895,34.14,16.02,0.0,0.0,0.0,0.2686,18.12,0.0
4896,34.1,3.01,0.0,0.0,0.0,0.2686,31.09,0.0
4897,34.1,7.25,0.0,0.0,0.0,0.2686,26.84,0.0
4898,34.1,20.68,0.0,0.0,0.0,0.2686,13.42,0.0
4899,34.1,18.88,0.0,0.0,0.0,0.2686,15.21,0.0
4900,34.1,9.34,0.0,0.0,0.0,0.2686,24.76,0.0
4901,34.1,2.45,0.0,0.0,0.0,0.2686,31.64,0.0
4902,34.1,0.32,0.0,0.0,0.0,0.2686,33.78,0.0
4903,36.05,3.46,12.71,0.0,0.0,0.2686,19.87,0.0
4904,37.92,9.62,26.87,0.0,1.43,0.2686,0.0,0.0
4905,39.65,10.23,36.94,7.52,0.0,0.1,0.0,0.0
4906,41.17,0.0,34.38,0.0,6.78,0.9,0.0,0.0
4907,42.41,0.0,42.41,0.0,0.0,0.1,0.0,0.0
4908,43.33,0.0,50.85,7.52,0.0,0.1,0.0,0.0
4909,43.9,0.0,43.9,0.0,0.0,0.9,0.0,0.0
4910,44.1,0.0,44.1,0.0,0.0,0.9,0.0,0.0
4911,43.9,13.39,30.52,0.0,0.0,0.9,0.0,0.0
4912,43.33,11.07,26.31,0.0,5.95,0.9,0.0,0.0
4913,42.41,7.68,13.49,0.0,0.0,0.1981,21.25,0.0
4914,41.17,0.0,0.0,0.0,0.0,0.1981,41.17,0.0
4915,39.65,12.21,0.0,0.0,0.0,0.1981,27.44,0.0
4916,37.92,20.88,0.0,0.0,0.0,0.1981,17.04,0.0
4917,36.05,11.11,0.0,0.0,0.0,0.1981,24.94,0.0
4918,34.1,26.08,0.0,0.0,0.0,0.1981,8.02,0.0
4919,34.1,26.41,0.0,0.0,0.0,0.1981,7.69,0.0
4920,34.06,29.68,0.0,0.0,0.0,0.1981,4.38,0.0
4921,34.06,18.62,0.0,0.0,0.0,0.1981,15.44,0.0
4922,34.06,20.07,0.0,0.0,0.0,0.1981,13.99,0.0
4923,34.06,25.37,0.0,0.0,0.0,0.1981,8.69,0.0
4924,34.06,16.05,0.0,0.0,0.0,0.1981,18.01,0.0
4925,34.06,6.6,0.0,0.0,0.0,0.1981,27.45,0.0
4926,34.06,4.97,0.0,0.0,0.0,0.1981,29.09,0.0
4927,36.01,8.37,12.88,0.0,0.0,0.1981,14.76,0.0
4928,37.88,0.0,25.4,0.0,0.83,0.1981,11.65,0.0
4929,39.61,1.78,38.02,0.19,0.0,0.1,0.0,0.0
4930,41.13,0.0,40.96,0.0,0.17,0.12,0.0,0.0
4931,42.37,0.0,42.37,0.0,0.0,0.1,0.0,0.0
4932,43.29,0.0,50.81,7.52,0.0,0.1,0.0,0.0
4933,43.86,0.0,43.86,0.0,0.0,0.9,0.0,0.0
4934,44.06,0.0,44.06,0.0,0.0,0.9,0.0,0.0
4935,43.86,7.23,36.64,0.0,0.0,0.9,0.0,0.0
4936,43.29,4.58,27.55,0.0,6.78,0.9,4.38,0.0
4937,42.37,16.24,14.0,0.0,0.0,0.1,12.13,0.0
4938,41.13,16.33,0.0,0.0,0.0,0.1,24.8,0.0
4939,39.61,0.0,0.0,0.0,0.0,0.1,39.61,0.0
4940,37.88,17.16,0.0,0.0,0.0,0.1,20.72,0.0
4941,36.01,12.51,0.0,0.0,0.0,0.1,23.5,0.0
4942,34.06,16.06,0.0,0.0,0.0,0.1,17.99,0.0
4943,34.06,10.42,0.0,0.0,0.0,0.1,23.64,0.0
4944,34.02,30.4,0.0,0.0,0.0,0.1,3.62,0.0
4945,34.02,24.51,0.0,0.0,0.0,0.1,9.51,0.0
4946,34.02,9.58,0.0,0.0,0.0,0.1,24.43,0.0
4947,34.02,3.6,0.0,0.0,0.0,0.1,30.42,0.0
4948,34.02,9.49,0.0,0.0,0.0,0.1,24.53,0.0
4949,34.02,14.08,0.0,0.0,0.0,0.1,19.93,0.0
4950,34.02,10.49,0.0,0.0,0.0,0.1,23.53,0.0
4951,35.97,16.47,12.9,0.0,0.0,0.1,6.59,0.0
4952,37.84,10.88,27.3,0.34,0.0,0.1,0.0,0.0
4953,39.57,0.0,39.27,0.0,0.3,0.1358,0.0,0.0
4954,41.09,0.34,48.26,7.52,0.0,0.1,0.0,0.0
4955,42.33,0.0,35.55,0.0,6.78,0.9,0.0,0.0
4956,43.25,0.0,43.25,0.0,0.0,0.1,0.0,0.0
4957,43.82,0.0,48.8,4.97,0.0,0.1,0.0,0.0
4958,44.02,0.0,46.56,2.54,0.0,0.6293,0.0,0.0
4959,43.82,6.96,36.78,0.0,0.09,0.9,0.0,0.0
4960,43.25,2.08,25.37,0.0,6.7,0.8899,9.11,0.0
4961,42.33,0.0,13.23,0.0,0.0,0.1,29.1,0.0
4962,41.09,7.6,0.0,0.0,0.0,0.1,33.49,0.0
4963,39.57,13.09,0.0,0.0,0.0,0.1,26.48,0.0
4964,37.84,7.34,0.0,0.0,0.0,0.1,30.5,0.0
4965,35.97,12.32,0.0,0.0,0.0,0.1,23.64,0.0
4966,34.02,8.0,0.0,0.0,0.0,0.1,26.02,0.0
4967,34.02,25.14,0.0,0.0,0.0,0.1,8.88,0.0
4968,33.98,14.24,0.0,0.0,0.0,0.1,19.74,0.0
4969,33.98,27.84,0.0,0.0,0.0,0.1,6.14,0.0
4970,33.98,27.65,0.0,0.0,0.0,0.1,6.33,0.0
4971,33.98,13.61,0.0,0.0,0.0,0.1,20.37,0.0
4972,33.98,4.6,0.0,0.0,0.0,0.1,29.38,0.0
4973,33.98,0.0,0.0,0.0,0.0,0.1,33.98,0.0
4974,33.98,0.0,0.0,0.0,0.0,0.1,33.98,0.0
4975,35.93,0.0,12.99,0.0,0.0,0.1,22.93,0.0
4976,37.8,10.27,27.53,0.0,0.0,0.1,0.0,0.0
4977,39.53,2.67,36.86,0.0,0.0,0.1,0.0,0.0
4978,41.05,0.0,41.05,0.0,0.0,0.1,0.0,0.0
4979,42.29,0.0,49.81,7.52,0.0,0.1,0.0,0.0
4980,43.22,0.0,36.43,0.0,6.78,0.9,0.0,0.0
4981,43.78,0.0,51.3,7.52,0.0,0.1,0.0,0.0
4982,43.98,0.0,43.98,0.0,0.0,0.9,0.0,0.0
4983,43.78,1.85,37.68,0.0,4.25,0.9,0.0,0.0
4984,43.22,9.15,26.92,0.0,0.0,0.3986,7.14,0.0
4985,42.29,19.57,11.76,0.0,0.0,0.3986,10.96,0.0
4986,41.05,6.88,0.0,0.0,0.0,0.3986,34.17,0.0
4987,39.53,11.24,0.0,0.0,0.0,0.3986,28.29,0.0
4988,37.8,14.13,0.0,0.0,0.0,0.3986,23.67,0.0
4989,35.93,33.24,0.0,0.0,0.0,0.3986,2.69,0.0
4990,33.98,0.0,0.0,0.0,0.0,0.3986,33.98,0.0
4991,33.98,21.73,0.0,0.0,0.0,0.3986,12.25,0.0
4992,33.94,15.72,0.0,0.0,0.0,0.3986,18.22,0.0
4993,33.94,20.86,0.0,0.0,0.0,0.3986,13.08,0.0
4994,33.94,10.35,0.0,0.0,0.0,0.3986,23.59,0.0
4995,33.94,13.92,0.0,0.0,0.0,0.3986,20.02,0.0
4996,33.94,18.31,0.0,0.0,0.0,0.3986,15.63,0.0
4997,33.94,35.46,0.0,1.52,0.0,0.3986,0.0,0.0
4998,33.94,15.11,0.0,0.0,3.14,0.5608,15.69,0.0
4999,35.89,0.0,14.28,0.0,0.0,0.1908,21.6,0.0
5000,37.76,1.36,26.27,0.0,0.0,0.1908,10.13,0.0
5001,39.49,0.0,38.72,0.0,0.77,0.1908,0.0,0.0
5002,41.01,0.0,41.01,0.0,0.0,0.1,0.0,0.0
5003,42.25,0.0,49.77,7.52,0.0,0.1,0.0,0.0
5004,43.18,0.0,36.39,0.0,6.78,0.9,0.0,0.0
5005,43.75,0.0,51.26,7.52,0.0,0.1,0.0,0.0
5006,43.94,0.0,43.94,0.0,0.0,0.9,0.0,0.0
5007,43.75,6.7,37.04,0.0,0.0,0.9,0.0,0.0
5008,43.18,0.0,26.13,0.0,6.78,0.9,10.26,0.0
5009,42.25,5.51,11.95,0.0,0.0,0.1,24.79,0.0
5010,41.01,21.38,0.0,0.0,0.0,0.1,19.63,0.0
5011,39.49,16.57,0.0,0.0,0.0,0.1,22.92,0.0
5012,37.76,12.73,0.0,0.0,0.0,0.1,25.03,0.0
5013,35.89,12.42,0.0,0.0,0.0,0.1,23.47,0.0
5014,33.94,16.18,0.0,0.0,0.0,0.1,17.76,0.0
5015,33.94,12.3,0.0,0.0,0.0,0.1,21.64,0.0
5016,33.9,0.0,0.0,0.0,0.0,0.1,33.9,0.0
5017,33.9,32.63,0.0,0.0,0.0,0.1,1.26,0.0
5018,33.9,16.86,0.0,0.0,0.0,0.1,17.04,0.0
5019,33.9,17.53,0.0,0.0,0.0,0.1,16.37,0.0
5020,33.9,12.26,0.0,0.0,0.0,0.1,21.64,0.0
5021,33.9,4.97,0.0,0.0,0.0,0.1,28.93,0.0
5022,33.9,7.28,0.0,0.0,0.0,0.1,26.62,0.0
5023,35.85,0.0,12.68,0.0,0.0,0.1,23.17,0.0
5024,37.73,22.86,22.38,7.52,0.0,0.1,0.0,0.0
5025,39.45,0.0,32.67,0.0,6.78,0.9,0.0,0.0
5026,40.97,0.0,46.86,5.89,0.0,0.1,0.0,0.0
5027,42.21,0.0,36.9,0.0,5.31,0.7263,0.0,0.0
5028,43.14,0.0,50.66,7.52,0.0,0.1,0.0,0.0
5029,43.71,0.0,36.92,0.0,6.78,0.9,0.0,0.0
5030,43.9,0.0,43.9,0.0,0.0,0.1,0.0,0.0
5031,43.71,12.98,38.24,7.52,0.0,0.1,0.0,0.0
5032,43.14,10.59,26.19,0.0,6.37,0.9,0.0,0.0
5033,42.21,10.97,11.85,0.0,0.0,0.1495,19.39,0.0
5034,40.97,14.43,0.0,0.0,0.0,0.1495,26.54,0.0
5035,39.45,29.82,0.0,0.0,0.0,0.1495,9.64,0.0
5036,37.73,30.07,0.0,0.0,0.0,0.1495,7.66,0.0
5037,35.85,8.91,0.0,0.0,0.0,0.1495,26.94,0.0
5038,33.9,28.52,0.0,0.0,0.0,0.1495,5.38,0.0
5039,33.9,19.46,0.0,0.0,0.0,0.1495,14.44,0.0
5040,33.86,20.71,0.0,0.0,0.0,0.1495,13.15,0.0
5041,33.86,3.05,0.0,0.0,0.0,0.1495,30.81,0.0
5042,33.86,14.34,0.0,0.0,0.0,0.1495,19.52,0.0
5043,33.86,7.97,0.0,0.0,0.0,0.1495,25.89,0.0
5044,33.86,19.36,0.0,0.0,0.0,0.1495,14.5,0.0
5045,33.86,19.37,0.0,0.0,0.0,0.1495,14.49,0.0
5046,33.86,0.0,0.0,0.0,0.0,0.1495,33.86,0.0
5047,35.81,6.58,14.24,0.0,0.42,0.1495,14.57,0.0
5048,37.69,13.75,25.69,1.76,0.0,0.1,0.0,0.0
5049,39.42,0.83,37.01,0.0,1.58,0.2868,0.0,0.0
5050,40.93,7.73,40.72,7.52,0.0,0.1,0.0,0.0
5051,42.17,0.0,35.39,0.0,6.78,0.9,0.0,0.0
5052,43.1,0.0,43.1,0.0,0.0,0.1,0.0,0.0
5053,43.67,0.0,51.19,7.52,0.0,0.1,0.0,0.0
5054,43.86,0.0,43.86,0.0,0.0,0.9,0.0,0.0
5055,43.67,0.0,37.8,0.0,0.0,0.9,5.87,0.0
5056,43.1,10.47,25.83,0.0,0.0,0.9,6.79,0.0
5057,42.17,6.91,11.69,0.0,0.0,0.9,23.57,0.0
5058,40.93,7.71,0.0,0.0,0.0,0.9,33.22,0.0
5059,39.42,7.5,0.0,0.0,0.0,0.9,31.91,0.0
5060,37.69,10.36,0.0,0.0,0.0,0.9,27.33,0.0
5061,35.81,22.74,0.0,0.0,0.0,0.9,13.07,0.0
5062,33.86,13.03,0.0,0.0,0.0,0.9,20.83,0.0
5063,33.86,5.83,0.0,0.0,0.0,0.9,28.03,0.0
5064,33.82,22.72,0.0,0.0,0.0,0.9,11.1,0.0
5065,33.82,14.92,0.0,0.0,0.0,0.9,18.9,0.0
5066,33.82,16.0,0.0,0.0,0.0,0.9,17.82,0.0
5067,33.82,27.25,0.0,0.0,0.0,0.9,6.57,0.0
5068,33.82,12.68,0.0,0.0,0.0,0.9,21.14,0.0
5069,33.82,13.23,0.0,0.0,0.0,0.9,20.6,0.0
5070,33.82,0.0,0.0,0.0,4.65,0.9,29.17,0.0
5071,35.77,5.08,13.82,0.0,0.0,0.3517,16.88,0.0
5072,37.65,9.75,25.47,0.0,0.0,0.3517,2.43,0.0
5073,39.38,0.0,37.24,0.0,2.13,0.3517,0.0,0.0
5074,40.89,3.59,37.3,0.0,0.0,0.1,0.0,0.0
5075,42.14,0.0,42.14,0.0,0.0,0.1,0.0,0.0
5076,43.06,0.0,43.06,0.0,0.0,0.1,0.0,0.0
5077,43.63,0.0,43.63,0.0,0.0,0.1,0.0,0.0
5078,43.82,4.66,39.17,0.0,0.0,0.1,0.0,0.0
5079,43.63,15.0,36.15,7.52,0.0,0.1,0.0,0.0
5080,43.06,0.0,25.03,0.0,6.17,0.9,11.86,0.0
5081,42.14,7.9,13.88,0.0,0.0,0.1722,20.36,0.0
5082,40.89,9.55,0.0,0.0,0.0,0.1722,31.35,0.0
5083,39.38,2.44,0.0,0.0,0.0,0.1722,36.94,0.0
5084,37.65,20.44,0.0,0.0,0.0,0.1722,17.21,0.0
5085,35.77,32.95,0.0,0.0,0.0,0.1722,2.83,0.0
5086,33.82,15.62,0.0,0.0,0.0,0.1722,18.21,0.0
5087,33.82,20.55,0.0,0.0,0.0,0.1722,13.27,0.0
5088,33.78,17.55,0.0,0.0,0.0,0.1722,16.23,0.0
5089,33.78,10.94,0.0,0.0,0.0,0.1722,22.84,0.0
5090,33.78,1.36,0.0,0.0,0.0,0.1722,32.42,0.0
5091,33.78,8.95,0.0,0.0,0.0,0.1722,24.83,0.0
5092,33.78,1.86,0.0,0.0,0.0,0.1722,31.92,0.0
5093,33.78,24.53,0.0,0.0,0.0,0.1722,9.26,0.0
5094,33.78,8.03,0.0,0.0,0.0,0.1722,25.76,0.0
5095,35.74,4.14,13.78,0.0,0.0,0.1722,17.81,0.0
5096,37.61,12.03,26.81,1.23,0.0,0.1722,0.0,0.0
5097,39.34,0.0,37.62,0.0,1.72,0.3032,0.0,0.0
5098,40.86,0.0,40.86,0.0,0.0,0.1,0.0,0.0
5099,42.1,0.0,42.1,0.0,0.0,0.1,0.0,0.0
5100,43.02,0.0,50.54,7.52,0.0,0.1,0.0,0.0
5101,43.59,0.0,43.59,0.0,0.0,0.9,0.0,0.0
5102,43.78,0.0,43.78,0.0,0.0,0.9,0.0,0.0
5103,43.59,3.95,38.21,0.0,1.44,0.9,0.0,0.0
5104,43.02,8.15,27.14,0.0,0.0,0.7306,7.73,0.0
5105,42.1,8.49,14.17,0.0,0.0,0.7306,19.44,0.0
5106,40.86,0.76,0.0,0.0,0.0,0.7306,40.09,0.0
5107,39.34,11.36,0.0,0.0,5.35,0.7306,22.63,0.0
5108,37.61,4.39,0.0,0.0,0.0,0.1,33.22,0.0
5109,35.74,15.2,0.0,0.0,0.0,0.1,20.54,0.0
5110,33.78,12.0,0.0,0.0,0.0,0.1,21.78,0.0
5111,33.78,36.77,0.0,2.99,0.0,0.1,0.0,0.0
5112,33.75,16.63,0.0,0.0,0.0,0.4179,17.12,0.0
5113,33.75,5.53,0.0,0.0,0.0,0.4179,28.22,0.0
5114,33.75,14.82,0.0,0.0,0.0,0.4179,18.93,0.0
5115,33.75,18.75,0.0,0.0,0.0,0.4179,15.0,0.0
5116,33.75,26.26,0.0,0.0,0.0,0.4179,7.48,0.0
5117,33.75,6.38,0.0,0.0,0.0,0.4179,27.36,0.0
5118,33.75,0.0,0.0,0.0,0.0,0.4179,33.75,0.0
5119,35.7,13.44,12.96,0.0,0.83,0.4179,8.47,0.0
5120,37.57,0.0,26.87,0.0,0.0,0.3203,10.71,0.0
5121,39.3,0.0,37.43,0.0,1.87,0.3203,0.0,0.0
5122,40.82,0.0,40.82,0.0,0.0,0.1,0.0,0.0
5123,42.06,0.0,42.06,0.0,0.0,0.1,0.0,0.0
5124,42.99,0.0,42.99,0.0,0.0,0.1,0.0,0.0
5125,43.55,0.0,51.07,7.52,0.0,0.1,0.0,0.0
5126,43.75,0.0,43.75,0.0,0.0,0.9,0.0,0.0
5127,43.55,3.28,37.22,0.0,0.0,0.9,3.05,0.0
5128,42.99,6.23,27.04,0.0,0.0,0.9,9.72,0.0
5129,42.06,7.73,13.63,0.0,0.0,0.9,20.7,0.0
5130,40.82,12.47,0.0,0.0,0.0,0.9,28.35,0.0
5131,39.3,17.76,0.0,0.0,0.0,0.9,21.54,0.0
5132,37.57,16.1,0.0,0.0,0.0,0.9,21.48,0.0
5133,35.7,18.22,0.0,0.0,0.0,0.9,17.47,0.0
5134,33.75,3.32,0.0,0.0,0.0,0.9,30.42,0.0
5135,33.75,17.08,0.0,0.0,0.0,0.9,16.67,0.0
5136,33.71,20.82,0.0,0.0,0.0,0.9,12.88,0.0
5137,33.71,22.53,0.0,0.0,0.0,0.9,11.18,0.0
5138,33.71,10.46,0.0,0.0,0.0,0.9,23.25,0.0
5139,33.71,9.46,0.0,0.0,0.0,0.9,24.25,0.0
5140,33.71,8.49,0.0,0.0,0.0,0.9,25.22,0.0
5141,33.71,15.39,0.0,0.0,0.0,0.9,18.32,0.0
5142,33.71,17.29,0.0,0.0,0.0,0.9,16.42,0.0
5143,35.66,3.79,12.56,0.0,6.78,0.9,12.53,0.0
5144,37.54,12.32,25.38,0.17,0.0,0.1,0.0,0.0
5145,39.27,0.34,38.77,0.0,0.15,0.1176,0.0,0.0
5146,40.78,0.0,45.31,4.53,0.0,0.1,0.0,0.0
5147,42.02,0.0,45.02,2.99,0.0,0.5816,0.0,0.0
5148,42.95,0.0,42.95,0.0,0.0,0.9,0.0,0.0
5149,43.52,0.0,43.52,0.0,0.0,0.9,0.0,0.0
5150,43.71,20.27,23.44,0.0,0.0,0.9,0.0,0.0
5151,43.52,0.0,37.25,0.0,6.27,0.9,0.0,0.0
5152,42.95,9.22,26.79,0.0,0.0,0.1607,6.94,0.0
5153,42.02,2.82,12.08,0.0,0.0,0.1607,27.13,0.0
5154,40.78,2.18,0.0,0.0,0.0,0.1607,38.6,0.0
5155,39.27,11.05,0.0,0.0,0.0,0.1607,28.22,0.0
5156,37.54,14.14,0.0,0.0,0.0,0.1607,23.4,0.0
5157,35.66,37.86,0.0,2.2,0.0,0.1607,0.0,0.0
5158,33.71,14.49,0.0,0.0,0.0,0.3949,19.22,0.0
5159,33.71,7.77,0.0,0.0,0.0,0.3949,25.94,0.0
5160,33.67,19.26,0.0,0.0,0.0,0.3949,14.42,0.0
5161,33.67,0.35,0.0,0.0,0.0,0.3949,33.33,0.0
5162,33.67,15.3,0.0,0.0,0.0,0.3949,18.38,0.0
5163,33.67,14.89,0.0,0.0,0.0,0.3949,18.78,0.0
5164,33.67,19.43,0.0,0.0,0.0,0.3949,14.24,0.0
5165,33.67,18.93,0.0,0.0,0.0,0.3949,14.74,0.0
5166,33.67,5.15,0.0,0.0,0.0,0.3949,28.52,0.0
5167,35.62,5.9,12.5,0.0,2.5,0.3949,14.72,0.0
5168,37.5,0.0,25.37,0.0,0.0,0.1,12.13,0.0
5169,39.23,0.0,36.38,0.0,0.0,0.1,2.85,0.0
5170,40.74,4.73,43.53,7.52,0.0,0.1,0.0,0.0
5171,41.99,0.0,35.2,0.0,6.78,0.9,0.0,0.0
5172,42.91,0.0,42.91,0.0,0.0,0.1,0.0,0.0
5173,43.48,0.0,51.0,7.52,0.0,0.1,0.0,0.0
5174,43.67,6.64,30.25,0.0,6.78,0.9,0.0,0.0
5175,43.48,17.84,33.16,7.52,0.0,0.1,0.0,0.0
5176,42.91,0.0,25.04,0.0,6.13,0.9,11.75,0.0
5177,41.99,0.0,13.83,0.0,0.0,0.1778,28.16,0.0
5178,40.74,8.16,0.0,0.0,0.0,0.1778,32.59,0.0
5179,39.23,11.33,0.0,0.0,0.0,0.1778,27.9,0.0
5180,37.5,14.86,0.0,0.0,0.0,0.1778,22.64,0.0
5181,35.62,11.22,0.0,0.0,0.0,0.1778,24.4,0.0
5182,33.67,14.43,0.0,0.0,0.0,0.1778,19.24,0.0
5183,33.67,19.74,0.0,0.0,0.0,0.1778,13.94,0.0
5184,33.64,25.42,0.0,0.0,0.0,0.1778,8.21,0.0
5185,33.64,1.37,0.0,0.0,0.0,0.1778,32.27,0.0
5186,33.64,13.17,0.0,0.0,0.0,0.1778,20.47,0.0
5187,33.64,16.54,0.0,0.0,0.0,0.1778,17.1,0.0
5188,33.64,5.9,0.0,0.0,0.0,0.1778,27.73,0.0
5189,33.64,25.02,0.0,0.0,0.0,0.1778,8.61,0.0
5190,33.64,4.18,0.0,0.0,0.0,0.1778,29.46,0.0
5191,35.59,6.84,13.42,0.0,0.0,0.1778,15.33,0.0
5192,37.46,9.67,25.57,0.0,0.0,0.1778,2.23,0.0
5193,39.19,0.0,38.53,0.0,0.66,0.1778,0.0,0.0
5194,40.71,0.0,40.71,0.0,0.0,0.1,0.0,0.0
5195,41.95,0.0,41.95,0.0,0.0,0.1,0.0,0.0
5196,42.88,0.0,50.39,7.52,0.0,0.1,0.0,0.0
5197,43.44,0.0,41.07,0.0,2.37,0.9,0.0,0.0
5198,43.64,0.0,46.27,2.63,0.0,0.6201,0.0,0.0
5199,43.44,10.96,32.49,0.0,0.0,0.9,0.0,0.0
5200,42.88,2.63,24.81,0.0,4.86,0.9,10.58,0.0
5201,41.95,3.12,13.57,0.0,0.0,0.3275,25.27,0.0
5202,40.71,10.41,0.0,0.0,0.0,0.3275,30.3,0.0
5203,39.19,17.4,0.0,0.0,0.0,0.3275,21.79,0.0
5204,37.46,32.1,0.0,0.0,0.0,0.3275,5.36,0.0
5205,35.59,21.41,0.0,0.0,0.0,0.3275,14.18,0.0
5206,33.64,25.31,0.0,0.0,0.0,0.3275,8.33,0.0
5207,33.64,12.88,0.0,0.0,0.0,0.3275,20.76,0.0
5208,33.6,9.09,0.0,0.0,0.0,0.3275,24.51,0.0
5209,33.6,17.46,0.0,0.0,0.0,0.3275,16.14,0.0
5210,33.6,17.03,0.0,0.0,0.0,0.3275,16.58,0.0
5211,33.6,6.35,0.0,0.0,0.0,0.3275,27.25,0.0
5212,33.6,11.88,0.0,0.0,0.0,0.3275,21.72,0.0
5213,33.6,14.52,0.0,0.0,0.0,0.3275,19.08,0.0
5214,33.6,12.16,0.0,0.0,0.0,0.3275,21.44,0.0
5215,35.55,11.25,12.32,0.0,0.0,0.3275,11.99,0.0
5216,37.43,7.64,26.47,0.0,0.0,0.3275,3.32,0.0
5217,39.16,0.0,37.23,0.0,1.93,0.3275,0.0,0.0
5218,40.67,0.0,40.67,0.0,0.0,0.1,0.0,0.0
5219,41.92,0.0,49.43,7.52,0.0,0.1,0.0,0.0
5220,42.84,0.0,36.05,0.0,6.78,0.9,0.0,0.0
5221,43.41,0.0,46.9,3.49,0.0,0.1,0.0,0.0
5222,43.6,0.64,46.99,4.03,0.0,0.471,0.0,0.0
5223,43.41,0.0,36.62,0.0,6.78,0.9,0.0,0.0
5224,42.84,24.42,25.94,7.52,0.0,0.1,0.0,0.0
5225,41.92,0.0,13.58,0.0,6.78,0.9,21.55,0.0
5226,40.67,5.89,0.0,0.0,0.0,0.1,34.78,0.0
5227,39.16,14.66,0.0,0.0,0.0,0.1,24.5,0.0
5228,37.43,18.03,0.0,0.0,0.0,0.1,19.39,0.0
5229,35.55,22.52,0.0,0.0,0.0,0.1,13.03,0.0
5230,33.6,30.53,0.0,0.0,0.0,0.1,3.07,0.0
5231,33.6,20.99,0.0,0.0,0.0,0.1,12.61,0.0
5232,33.57,8.93,0.0,0.0,0.0,0.1,24.63,0.0
5233,33.57,15.01,0.0,0.0,0.0,0.1,18.56,0.0
5234,33.57,18.7,0.0,0.0,0.0,0.1,14.87,0.0
5235,33.57,31.41,0.0,0.0,0.0,0.1,2.15,0.0
5236,33.57,2.25,0.0,0.0,0.0,0.1,31.32,0.0
5237,33.57,20.98,0.0,0.0,0.0,0.1,12.59,0.0
5238,33.57,10.8,0.0,0.0,0.0,0.1,22.76,0.0
5239,35.52,13.97,11.64,0.0,0.0,0.1,9.9,0.0
5240,37.39,4.6,24.36,0.0,0.0,0.1,8.43,0.0
5241,39.12,0.0,36.21,0.0,0.0,0.1,2.91,0.0
5242,40.64,2.29,45.86,7.52,0.0,0.1,0.0,0.0
5243,41.88,0.0,41.88,0.0,0.0,0.9,0.0,0.0
5244,42.8,0.0,40.2,0.0,2.6,0.9,0.0,0.0
5245,43.37,0.0,43.37,0.0,0.0,0.5933,0.0,0.0
5246,43.57,0.0,46.45,2.88,0.0,0.5933,0.0,0.0
5247,43.37,0.0,35.61,0.0,6.29,0.9,1.47,0.0
5248,42.8,11.91,26.66,0.0,0.0,0.1588,4.23,0.0
5249,41.88,10.69,12.93,0.0,0.0,0.1588,18.27,0.0
5250,40.64,1.71,0.0,0.0,0.0,0.1588,38.93,0.0
5251,39.12,7.16,0.0,0.0,0.0,0.1588,31.97,0.0
5252,37.39,9.64,0.0,0.0,0.0,0.1588,27.75,0.0
5253,35.52,3.22,0.0,0.0,0.0,0.1588,32.3,0.0
5254,33.57,9.76,0.0,0.0,0.0,0.1588,23.81,0.0
5255,33.57,8.04,0.0,0.0,0.0,0.1588,25.52,0.0
5256,33.53,14.12,0.0,0.0,0.0,0.1588,19.41,0.0
5257,33.53,11.26,0.0,0.0,0.0,0.1588,22.27,0.0
5258,33.53,3.41,0.0,0.0,0.0,0.1588,30.12,0.0
5259,33.53,31.13,0.0,0.0,0.0,0.1588,2.4,0.0
5260,33.53,23.37,0.0,0.0,0.0,0.1588,10.16,0.0
5261,33.53,5.33,0.0,0.0,0.0,0.1588,28.2,0.0
5262,33.53,11.62,0.0,0.0,0.0,0.1588,21.91,0.0
5263,35.48,10.72,11.64,0.0,0.0,0.1588,13.13,0.0
5264,37.36,14.94,24.84,2.43,0.0,0.1588,0.0,0.0
5265,39.09,0.0,36.4,0.0,2.69,0.4172,0.0,0.0
5266,40.6,11.25,36.87,7.52,0.0,0.1,0.0,0.0
5267,41.85,0.0,35.06,0.0,6.78,0.9,0.0,0.0
5268,42.77,0.0,42.77,0.0,0.0,0.1,0.0,0.0
5269,43.34,0.0,50.86,7.52,0.0,0.1,0.0,0.0
5270,43.53,12.83,30.7,0.0,0.0,0.9,0.0,0.0
5271,43.34,24.39,18.95,0.0,0.0,0.9,0.0,0.0
5272,42.77,0.0,25.68,0.0,6.78,0.9,10.3,0.0
5273,41.85,12.95,11.71,0.0,0.0,0.1,17.19,0.0
5274,40.6,6.2,0.0,0.0,0.0,0.1,34.4,0.0
5275,39.09,17.73,0.0,0.0,0.0,0.1,21.36,0.0
5276,37.36,1.75,0.0,0.0,0.0,0.1,35.61,0.0
5277,35.48,5.04,0.0,0.0,0.0,0.1,30.44,0.0
5278,33.53,10.17,0.0,0.0,0.0,0.1,23.36,0.0
5279,33.53,17.75,0.0,0.0,0.0,0.1,15.78,0.0
5280,33.5,12.39,0.0,0.0,0.0,0.1,21.11,0.0
5281,33.5,22.44,0.0,0.0,0.0,0.1,11.06,0.0
5282,33.5,24.57,0.0,0.0,0.0,0.1,8.93,0.0
5283,33.5,19.91,0.0,0.0,0.0,0.1,13.58,0.0
5284,33.5,26.36,0.0,0.0,0.0,0.1,7.14,0.0
5285,33.5,14.89,0.0,0.0,0.0,0.1,18.6,0.0
5286,33.5,0.0,0.0,0.0,0.0,0.1,33.5,0.0
5287,35.45,18.31,11.13,0.0,0.0,0.1,6.01,0.0
5288,37.32,0.76,24.62,0.0,0.0,0.1,11.94,0.0
5289,39.05,11.15,27.9,0.0,0.0,0.1,0.0,0.0
5290,40.57,15.16,32.93,7.52,0.0,0.1,0.0,0.0
5291,41.81,0.0,35.61,0.0,6.2,0.9,0.0,0.0
5292,42.73,0.0,42.73,0.0,0.0,0.1688,0.0,0.0
5293,43.3,0.0,50.18,6.87,0.0,0.1688,0.0,0.0
5294,43.5,0.0,43.5,0.0,0.0,0.9,0.0,0.0
5295,43.3,2.58,38.17,0.0,2.56,0.9,0.0,0.0
5296,42.73,6.2,24.18,0.0,0.0,0.5985,12.35,0.0
5297,41.81,13.51,11.79,0.0,0.0,0.5985,16.51,0.0
5298,40.57,15.07,0.0,0.0,0.0,0.5985,25.5,0.0
5299,39.05,13.81,0.0,0.0,0.0,0.5985,25.25,0.0
5300,37.32,11.85,0.0,0.0,0.0,0.5985,25.47,0.0
5301,35.45,12.67,0.0,0.0,0.0,0.5985,22.78,0.0
5302,33.5,23.22,0.0,0.0,0.0,0.5985,10.27,0.0
5303,33.5,21.6,0.0,0.0,0.0,0.5985,11.89,0.0
5304,33.46,15.52,0.0,0.0,0.0,0.5985,17.94,0.0
5305,33.46,25.88,0.0,0.0,0.0,0.5985,7.58,0.0
5306,33.46,15.47,0.0,0.0,0.0,0.5985,17.99,0.0
5307,33.46,8.47,0.0,0.0,0.0,0.5985,24.99,0.0
5308,33.46,7.56,0.0,0.0,0.0,0.5985,25.9,0.0
5309,33.46,3.9,0.0,0.0,0.0,0.5985,29.56,0.0
5310,33.46,7.46,0.0,0.0,0.0,0.5985,26.0,0.0
5311,35.41,17.36,13.0,0.0,4.23,0.5985,0.83,0.0
5312,37.29,0.0,26.97,0.0,0.0,0.1,10.32,0.0
5313,39.02,3.45,35.57,0.0,0.0,0.1,0.0,0.0
5314,40.53,0.0,40.53,0.0,0.0,0.1,0.0,0.0
5315,41.78,0.0,41.78,0.0,0.0,0.1,0.0,0.0
5316,42.7,0.0,42.7,0.0,0.0,0.1,0.0,0.0
5317,43.27,0.0,50.79,7.52,0.0,0.1,0.0,0.0
5318,43.46,1.21,42.26,0.0,0.0,0.9,0.0,0.0
5319,43.27,8.3,34.97,0.0,0.0,0.9,0.0,0.0
5320,42.7,7.42,26.0,0.0,4.75,0.9,4.53,0.0
5321,41.78,0.0,12.45,0.0,0.0,0.3404,29.33,0.0
5322,40.53,18.23,0.0,0.0,0.0,0.3404,22.3,0.0
5323,39.02,13.34,0.0,0.0,0.0,0.3404,25.67,0.0
5324,37.29,15.17,0.0,0.0,0.0,0.3404,22.12,0.0
5325,35.41,15.16,0.0,0.0,0.0,0.3404,20.25,0.0
5326,33.46,12.39,0.0,0.0,0.0,0.3404,21.08,0.0
5327,33.46,19.02,0.0,0.0,0.0,0.3404,14.44,0.0
5328,33.43,21.42,0.0,0.0,0.0,0.3404,12.01,0.0
5329,33.43,3.5,0.0,0.0,0.0,0.3404,29.92,0.0
5330,33.43,12.3,0.0,0.0,0.0,0.3404,21.12,0.0
5331,33.43,13.3,0.0,0.0,0.0,0.3404,20.13,0.0
5332,33.43,15.71,0.0,0.0,0.0,0.3404,17.72,0.0
5333,33.43,21.23,0.0,0.0,0.0,0.3404,12.19,0.0
5334,33.43,3.58,0.0,0.0,0.0,0.3404,29.85,0.0
5335,35.38,3.7,11.39,0.0,0.0,0.3404,20.29,0.0
5336,37.25,1.67,25.72,0.0,0.0,0.3404,9.87,0.0
5337,38.98,0.0,36.94,0.0,2.04,0.3404,0.0,0.0
5338,40.5,0.0,46.01,5.51,0.0,0.1,0.0,0.0
5339,41.74,0.0,36.77,0.0,4.97,0.6865,0.0,0.0
5340,42.67,0.0,50.18,7.52,0.0,0.1,0.0,0.0
5341,43.24,5.43,37.57,0.0,0.23,0.9,0.0,0.0
5342,43.43,0.0,43.69,0.26,0.0,0.8725,0.0,0.0
5343,43.24,0.0,37.01,0.0,6.23,0.9,0.0,0.0
5344,42.67,3.12,26.45,0.0,0.0,0.1657,13.1,0.0
5345,41.74,20.95,13.76,0.0,0.0,0.1657,7.04,0.0
5346,40.5,7.52,0.0,0.0,0.0,0.1657,32.98,0.0
5347,38.98,0.0,0.0,0.0,0.0,0.1657,38.98,0.0
5348,37.25,0.0,0.0,0.0,0.0,0.1657,37.25,0.0
5349,35.38,15.59,0.0,0.0,0.0,0.1657,19.79,0.0
5350,33.43,21.45,0.0,0.0,0.0,0.1657,11.97,0.0
5351,33.43,20.36,0.0,0.0,0.0,0.1657,13.07,0.0
5352,33.39,19.06,0.0,0.0,0.0,0.1657,14.33,0.0
5353,33.39,26.69,0.0,0.0,0.0,0.1657,6.71,0.0
5354,33.39,12.38,0.0,0.0,0.0,0.1657,21.01,0.0
5355,33.39,22.51,0.0,0.0,0.0,0.1657,10.88,0.0
5356,33.39,0.8,0.0,0.0,0.0,0.1657,32.59,0.0
5357,33.39,4.66,0.0,0.0,0.0,0.1657,28.73,0.0
5358,33.39,0.0,0.0,0.0,0.0,0.1657,33.39,0.0
5359,35.35,5.56,12.17,0.0,0.0,0.1657,17.62,0.0
5360,37.22,5.46,24.31,0.0,0.56,0.1657,6.9,0.0
5361,38.95,5.08,35.06,1.19,0.0,0.1,0.0,0.0
5362,40.47,3.41,35.98,0.0,1.08,0.227,0.0,0.0
5363,41.71,0.0,49.23,7.52,0.0,0.1,0.0,0.0
5364,42.63,0.0,35.85,0.0,6.78,0.9,0.0,0.0
5365,43.2,0.0,43.2,0.0,0.0,0.1,0.0,0.0
5366,43.39,13.74,37.17,7.52,0.0,0.1,0.0,0.0
5367,43.2,1.77,36.8,0.0,4.63,0.9,0.0,0.0
5368,42.63,1.94,25.59,0.0,0.0,0.3536,15.1,0.0
5369,41.71,20.35,13.79,0.0,0.0,0.3536,7.56,0.0
5370,40.47,0.0,0.0,0.0,0.0,0.3536,40.47,0.0
5371,38.95,2.91,0.0,0.0,0.0,0.3536,36.04,0.0
5372,37.22,5.06,0.0,0.0,0.0,0.3536,32.16,0.0
5373,35.35,14.87,0.0,0.0,0.0,0.3536,20.48,0.0
5374,33.39,20.09,0.0,0.0,0.0,0.3536,13.3,0.0
5375,33.39,23.33,0.0,0.0,2.15,0.3536,7.91,0.0
5376,33.36,38.24,0.0,4.88,0.0,0.1,0.0,0.0
5377,33.36,0.0,0.0,0.0,0.0,0.6191,33.36,0.0
5378,33.36,21.59,0.0,0.0,4.4,0.6191,7.37,0.0
5379,33.36,11.07,0.0,0.0,0.0,0.1,22.29,0.0
5380,33.36,9.19,0.0,0.0,0.0,0.1,24.17,0.0
5381,33.36,7.01,0.0,0.0,0.0,0.1,26.35,0.0
5382,33.36,2.67,0.0,0.0,0.0,0.1,30.7,0.0
5383,35.31,21.2,11.16,0.0,0.0,0.1,2.95,0.0
5384,37.19,12.6,25.22,0.63,0.0,0.1,0.0,0.0
5385,38.92,4.45,35.0,0.53,0.0,0.1667,0.0,0.0
5386,40.43,13.73,25.66,0.0,1.05,0.2232,0.0,0.0
5387,41.68,0.0,49.19,7.52,0.0,0.1,0.0,0.0
5388,42.6,0.0,41.44,0.0,1.17,0.9,0.0,0.0
5389,43.17,0.0,43.17,0.0,0.0,0.7625,0.0,0.0
5390,43.36,0.0,44.65,1.29,0.0,0.7625,0.0,0.0
5391,43.17,5.55,35.42,0.0,2.2,0.9,0.0,0.0
5392,42.6,6.73,25.1,0.0,4.59,0.6408,6.19,0.0
5393,41.68,9.01,11.16,0.0,0.0,0.1,21.5,0.0
5394,40.43,0.0,0.0,0.0,0.0,0.1,40.43,0.0
5395,38.92,18.31,0.0,0.0,0.0,0.1,20.61,0.0
5396,37.19,15.75,0.0,0.0,0.0,0.1,21.44,0.0
5397,35.31,21.31,0.0,0.0,0.0,0.1,14.0,0.0
5398,33.36,1.73,0.0,0.0,0.0,0.1,31.63,0.0
5399,33.36,20.02,0.0,0.0,0.0,0.1,13.34,0.0
5400,33.33,8.48,0.0,0.0,0.0,0.1,24.85,0.0
5401,33.33,14.49,0.0,0.0,0.0,0.1,18.84,0.0
5402,33.33,21.09,0.0,0.0,0.0,0.1,12.24,0.0
5403,33.33,16.31,0.0,0.0,0.0,0.1,17.02,0.0
5404,33.33,7.18,0.0,0.0,0.0,0.1,26.15,0.0
5405,33.33,12.08,0.0,0.0,0.0,0.1,21.25,0.0
5406,33.33,0.0,0.0,0.0,0.0,0.1,33.33,0.0
5407,35.28,17.05,11.46,0.0,0.0,0.1,6.77,0.0
5408,37.16,4.37,26.3,0.0,0.0,0.1,6.48,0.0
5409,38.89,13.24,25.65,0.0,0.0,0.1,0.0,0.0
5410,40.4,0.0,40.4,0.0,0.0,0.1,0.0,0.0
5411,41.64,0.0,49.16,7.52,0.0,0.1,0.0,0.0
5412,42.57,0.0,42.57,0.0,0.0,0.9,0.0,0.0
5413,43.14,0.0,43.14,0.0,0.0,0.9,0.0,0.0
5414,43.33,0.0,43.33,0.0,0.0,0.9,0.0,0.0
5415,43.14,9.47,33.66,0.0,0.0,0.9,0.0,0.0
5416,42.57,2.96,25.21,0.0,6.51,0.9,7.89,0.0
5417,41.64,0.0,12.45,0.0,0.0,0.1329,29.19,0.0
5418,40.4,5.44,0.0,0.0,0.0,0.1329,34.96,0.0
5419,38.89,2.66,0.0,0.0,0.0,0.1329,36.22,0.0
5420,37.16,14.21,0.0,0.0,0.0,0.1329,22.95,0.0
5421,35.28,6.13,0.0,0.0,0.0,0.1329,29.15,0.0
5422,33.33,24.2,0.0,0.0,0.0,0.1329,9.13,0.0
5423,33.33,16.92,0.0,0.0,0.0,0.1329,16.41,0.0
5424,33.3,16.59,0.0,0.0,0.0,0.1329,16.71,0.0
5425,33.3,22.94,0.0,0.0,0.0,0.1329,10.36,0.0
5426,33.3,24.59,0.0,0.0,0.0,0.1329,8.71,0.0
5427,33.3,15.52,0.0,0.0,0.0,0.1329,17.78,0.0
5428,33.3,7.91,0.0,0.0,0.0,0.1329,25.39,0.0
5429,33.3,0.0,0.0,0.0,0.0,0.1329,33.3,0.0
5430,33.3,4.62,0.0,0.0,0.0,0.1329,28.68,0.0
5431,35.25,3.11,12.97,0.0,0.0,0.1329,19.17,0.0
5432,37.12,6.94,25.18,0.0,0.0,0.1329,5.0,0.0
5433,38.85,1.71,36.87,0.0,0.28,0.1329,0.0,0.0
5434,40.37,8.65,39.24,7.52,0.0,0.1,0.0,0.0
5435,41.61,0.0,35.75,0.0,5.87,0.9,0.0,0.0
5436,42.54,0.0,42.54,0.0,0.0,0.2084,0.0,0.0
5437,43.11,11.79,31.31,0.0,0.0,0.2084,0.0,0.0
5438,43.3,5.9,43.9,6.5,0.0,0.2084,0.0,0.0
5439,43.11,3.97,35.54,0.0,3.59,0.9,0.0,0.0
5440,42.54,1.31,25.27,0.0,0.0,0.4765,15.96,0.0
5441,41.61,2.98,11.59,0.0,0.0,0.4765,27.04,0.0
5442,40.37,3.31,0.0,0.0,0.0,0.4765,37.06,0.0
5443,38.85,7.82,0.0,0.0,0.0,0.4765,31.03,0.0
5444,37.12,20.03,0.0,0.0,0.0,0.4765,17.09,0.0
5445,35.25,13.92,0.0,0.0,0.0,0.4765,21.33,0.0
5446,33.3,6.22,0.0,0.0,0.0,0.4765,27.08,0.0
5447,33.3,31.77,0.0,0.0,0.0,0.4765,1.53,0.0
5448,33.27,20.64,0.0,0.0,0.0,0.4765,12.63,0.0
5449,33.27,6.66,0.0,0.0,0.0,0.4765,26.61,0.0
5450,33.27,13.53,0.0,0.0,0.0,0.4765,19.74,0.0
5451,33.27,16.65,0.0,0.0,0.0,0.4765,16.62,0.0
5452,33.27,27.66,0.0,0.0,0.0,0.4765,5.61,0.0
5453,33.27,3.41,0.0,0.0,0.0,0.4765,29.85,0.0
5454,33.27,17.91,0.0,0.0,0.0,0.4765,15.36,0.0
5455,35.22,19.21,10.92,0.0,0.0,0.4765,5.08,0.0
5456,37.09,1.2,24.47,0.0,2.5,0.4765,8.93,0.0
5457,38.82,2.34,35.79,0.0,0.69,0.1819,0.0,0.0
5458,40.34,0.0,44.19,3.85,0.0,0.1,0.0,0.0
5459,41.58,0.0,38.11,0.0,3.48,0.5099,0.0,0.0
5460,42.51,0.0,42.51,0.0,0.0,0.1,0.0,0.0
5461,43.07,2.0,48.59,7.52,0.0,0.1,0.0,0.0
5462,43.27,0.0,43.27,0.0,0.0,0.9,0.0,0.0
5463,43.07,0.0,37.41,0.0,5.66,0.9,0.0,0.0
5464,42.51,0.0,25.7,0.0,0.0,0.2324,16.81,0.0
5465,41.58,7.93,11.88,0.0,0.0,0.2324,21.77,0.0
5466,40.34,12.49,0.0,0.0,0.0,0.2324,27.85,0.0
5467,38.82,14.19,0.0,0.0,0.0,0.2324,24.63,0.0
5468,37.09,11.53,0.0,0.0,0.0,0.2324,25.56,0.0
5469,35.22,16.76,0.0,0.0,0.0,0.2324,18.46,0.0
5470,33.27,29.06,0.0,0.0,0.0,0.2324,4.2,0.0
5471,33.27,20.86,0.0,0.0,0.0,0.2324,12.41,0.0
5472,33.24,15.23,0.0,0.0,0.0,0.2324,18.01,0.0
5473,33.24,13.95,0.0,0.0,0.0,0.2324,19.29,0.0
5474,33.24,15.78,0.0,0.0,0.0,0.2324,17.46,0.0
5475,33.24,28.86,0.0,0.0,0.0,0.2324,4.37,0.0
5476,33.24,12.77,0.0,0.0,0.0,0.2324,20.47,0.0
5477,33.24,12.15,0.0,0.0,0.0,0.2324,21.09,0.0
5478,33.24,6.42,0.0,0.0,0.0,0.2324,26.81,0.0
5479,35.19,16.92,13.22,0.0,1.12,0.2324,3.92,0.0
5480,37.06,21.84,15.22,0.0,0.0,0.1,0.0,0.0
5481,38.79,1.79,37.0,0.0,0.0,0.1,0.0,0.0
5482,40.31,2.77,45.06,7.52,0.0,0.1,0.0,0.0
5483,41.55,0.0,40.34,0.0,1.21,0.9,0.0,0.0
5484,42.47,0.0,42.47,0.0,0.0,0.7578,0.0,0.0
5485,43.04,8.5,34.54,0.0,0.0,0.7578,0.0,0.0
5486,43.24,0.0,43.24,0.0,0.0,0.7578,0.0,0.0
5487,43.04,8.04,36.34,1.34,0.0,0.7578,0.0,0.0
5488,42.47,0.63,25.13,0.0,6.78,0.9,9.93,0.0
5489,41.55,5.15,13.16,0.0,0.0,0.1,23.24,0.0
5490,40.31,6.99,0.0,0.0,0.0,0.1,33.32,0.0
5491,38.79,20.42,0.0,0.0,0.0,0.1,18.37,0.0
5492,37.06,11.22,0.0,0.0,0.0,0.1,25.85,0.0
5493,35.19,32.4,0.0,0.0,0.0,0.1,2.78,0.0
5494,33.24,20.55,0.0,0.0,0.0,0.1,12.69,0.0
5495,33.24,7.79,0.0,0.0,0.0,0.1,25.44,0.0
5496,33.21,17.27,0.0,0.0,0.0,0.1,15.94,0.0
5497,33.21,12.85,0.0,0.0,0.0,0.1,20.36,0.0
5498,33.21,0.0,0.0,0.0,0.0,0.1,33.21,0.0
5499,33.21,28.66,0.0,0.0,0.0,0.1,4.54,0.0
5500,33.21,19.9,0.0,0.0,0.0,0.1,13.3,0.0
5501,33.21,16.64,0.0,0.0,0.0,0.1,16.57,0.0
5502,33.21,11.66,0.0,0.0,0.0,0.1,21.54,0.0
5503,35.16,0.0,11.59,0.0,0.0,0.1,23.57,0.0
5504,37.03,2.54,25.7,0.0,0.0,0.1,8.79,0.0
5505,38.76,11.42,34.86,7.52,0.0,0.1,0.0,0.0
5506,40.28,0.0,40.28,0.0,0.0,0.9,0.0,0.0
5507,41.52,0.0,34.74,0.0,6.78,0.9,0.0,0.0
5508,42.44,0.0,42.44,0.0,0.0,0.1,0.0,0.0
5509,43.01,1.56,46.1,4.65,0.0,0.1,0.0,0.0
5510,43.21,0.0,43.21,0.0,0.0,0.5945,0.0,0.0
5511,43.01,10.52,35.36,2.87,0.0,0.5945,0.0,0.0
5512,42.44,11.44,25.08,0.0,5.92,0.9,0.0,0.0
5513,41.52,10.35,13.4,0.0,0.0,0.202,17.77,0.0
5514,40.28,19.84,0.0,0.0,0.0,0.202,20.43,0.0
5515,38.76,0.35,0.0,0.0,0.0,0.202,38.42,0.0
5516,37.03,18.33,0.0,0.0,0.0,0.202,18.71,0.0
5517,35.16,20.94,0.0,0.0,0.0,0.202,14.22,0.0
5518,33.21,7.38,0.0,0.0,0.0,0.202,25.82,0.0
5519,33.21,6.09,0.0,0.0,0.0,0.202,27.12,0.0
5520,33.18,12.47,0.0,0.0,0.0,0.202,20.71,0.0
5521,33.18,12.87,0.0,0.0,0.0,0.202,20.31,0.0
5522,33.18,23.31,0.0,0.0,0.0,0.202,9.87,0.0
5523,33.18,11.18,0.0,0.0,0.0,0.202,21.99,0.0
5524,33.18,7.62,0.0,0.0,0.0,0.202,25.56,0.0
5525,33.18,7.65,0.0,0.0,0.0,0.202,25.53,0.0
5526,33.18,19.33,0.0,0.0,0.0,0.202,13.85,0.0
5527,35.13,8.5,12.68,0.0,0.0,0.202,13.95,0.0
5528,37.0,5.06,25.89,0.0,0.87,0.202,5.19,0.0
5529,38.73,3.96,35.88,1.11,0.0,0.1,0.0,0.0
5530,40.25,13.83,25.42,0.0,1.0,0.2178,0.0,0.0
5531,41.49,0.0,41.49,0.0,0.0,0.1,0.0,0.0
5532,42.41,0.0,42.41,0.0,0.0,0.1,0.0,0.0
5533,42.98,4.45,38.53,0.0,0.0,0.1,0.0,0.0
5534,43.18,2.3,40.88,0.0,0.0,0.1,0.0,0.0
5535,42.98,24.69,25.81,7.52,0.0,0.1,0.0,0.0
5536,42.41,0.0,24.08,0.0,6.78,0.9,11.55,0.0
5537,41.49,5.59,11.79,0.0,0.0,0.1,24.11,0.0
5538,40.25,0.66,0.0,0.0,0.0,0.1,39.58,0.0
5539,38.73,20.07,0.0,0.0,0.0,0.1,18.67,0.0
5540,37.0,27.83,0.0,0.0,0.0,0.1,9.17,0.0
5541,35.13,29.32,0.0,0.0,0.0,0.1,5.81,0.0
5542,33.18,27.04,0.0,0.0,0.0,0.1,6.13,0.0
5543,33.18,16.55,0.0,0.0,0.0,0.1,16.63,0.0
5544,33.15,15.59,0.0,0.0,0.0,0.1,17.56,0.0
5545,33.15,4.95,0.0,0.0,0.0,0.1,28.2,0.0
5546,33.15,33.59,0.0,0.44,0.0,0.1,0.0,0.0
5547,33.15,19.89,0.0,0.0,0.0,0.1471,13.26,0.0
5548,33.15,10.61,0.0,0.0,0.0,0.1471,22.53,0.0
5549,33.15,23.15,0.0,0.0,0.0,0.1471,10.0,0.0
5550,33.15,2.83,0.0,0.0,0.0,0.1471,30.32,0.0
5551,35.1,11.72,12.86,0.0,0.0,0.1471,10.52,0.0
5552,36.97,5.21,23.75,0.0,0.4,0.1471,7.61,0.0
5553,38.7,10.01,28.7,0.0,0.0,0.1,0.0,0.0
5554,40.22,3.17,43.4,6.35,0.0,0.1,0.0,0.0
5555,41.46,0.0,35.73,0.0,5.73,0.7755,0.0,0.0
5556,42.39,0.0,49.9,7.52,0.0,0.1,0.0,0.0
5557,42.95,11.21,28.63,0.0,3.12,0.9,0.0,0.0
5558,43.15,3.44,43.16,3.46,0.0,0.5322,0.0,0.0
5559,42.95,11.09,31.87,0.0,0.0,0.9,0.0,0.0
5560,42.39,0.0,23.44,0.0,6.78,0.9,12.16,0.0
5561,41.46,8.29,12.59,0.0,0.0,0.1,20.58,0.0
5562,40.22,5.59,0.0,0.0,0.0,0.1,34.63,0.0
5563,38.7,18.54,0.0,0.0,0.0,0.1,20.17,0.0
5564,36.97,14.77,0.0,0.0,0.0,0.1,22.2,0.0
5565,35.1,21.64,0.0,0.0,0.0,0.1,13.46,0.0
5566,33.15,26.06,0.0,0.0,0.0,0.1,7.09,0.0
5567,33.15,23.71,0.0,0.0,0.0,0.1,9.44,0.0
5568,33.12,20.76,0.0,0.0,0.0,0.1,12.36,0.0
5569,33.12,10.4,0.0,0.0,0.0,0.1,22.72,0.0
5570,33.12,17.51,0.0,0.0,0.0,0.1,15.61,0.0
5571,33.12,12.03,0.0,0.0,0.0,0.1,21.09,0.0
5572,33.12,11.89,0.0,0.0,0.0,0.1,21.23,0.0
5573,33.12,9.73,0.0,0.0,0.0,0.1,23.39,0.0
5574,33.12,2.87,0.0,0.0,0.0,0.1,30.25,0.0
5575,35.07,0.0,12.37,0.0,0.0,0.1,22.7,0.0
5576,36.95,1.38,25.66,0.0,0.0,0.1,9.91,0.0
5577,38.67,1.81,36.87,0.0,0.0,0.1,0.0,0.0
5578,40.19,0.0,40.19,0.0,0.0,0.1,0.0,0.0
5579,41.43,0.0,41.43,0.0,0.0,0.1,0.0,0.0
5580,42.36,17.8,31.34,6.79,0.0,0.1,0.0,0.0
5581,42.93,11.11,31.82,0.0,0.0,0.822,0.0,0.0
5582,43.12,16.82,26.29,0.0,0.0,0.822,0.0,0.0
5583,42.93,8.14,35.52,0.73,0.0,0.822,0.0,0.0
5584,42.36,15.95,23.86,0.0,2.54,0.9,0.0,0.0
5585,41.43,2.85,12.26,0.0,4.24,0.6001,22.08,0.0
5586,40.19,5.54,0.0,0.0,0.0,0.1,34.65,0.0
5587,38.67,0.0,0.0,0.0,0.0,0.1,38.67,0.0
5588,36.95,24.04,0.0,0.0,0.0,0.1,12.91,0.0
5589,35.07,28.5,0.0,0.0,0.0,0.1,6.57,0.0
5590,33.12,13.14,0.0,0.0,0.0,0.1,19.98,0.0
5591,33.12,16.3,0.0,0.0,0.0,0.1,16.81,0.0
5592,33.09,12.71,0.0,0.0,0.0,0.1,20.38,0.0
5593,33.09,21.46,0.0,0.0,0.0,0.1,11.63,0.0
5594,33.09,26.56,0.0,0.0,0.0,0.1,6.53,0.0
5595,33.09,2.53,0.0,0.0,0.0,0.1,30.56,0.0
5596,33.09,17.98,0.0,0.0,0.0,0.1,15.11,0.0
5597,33.09,10.61,0.0,0.0,0.0,0.1,22.48,0.0
5598,33.09,11.66,0.0,0.0,0.0,0.1,21.43,0.0
5599,35.04,12.34,11.73,0.0,0.0,0.1,10.96,0.0
5600,36.92,5.29,24.98,0.0,0.0,0.1,6.65,0.0
5601,38.65,3.16,35.49,0.0,0.0,0.1,0.0,0.0
5602,40.16,0.0,40.16,0.0,0.0,0.1,0.0,0.0
5603,41.4,0.0,41.4,0.0,0.0,0.1,0.0,0.0
5604,42.33,0.0,49.85,7.52,0.0,0.1,0.0,0.0
5605,42.9,4.84,38.06,0.0,0.0,0.9,0.0,0.0
5606,43.09,0.0,43.01,0.0,0.08,0.9,0.0,0.0
5607,42.9,2.14,35.76,0.0,5.0,0.8906,0.0,0.0
5608,42.33,13.92,24.37,0.0,0.0,0.3006,4.04,0.0
5609,41.4,9.0,11.07,0.0,0.0,0.3006,21.33,0.0
5610,40.16,15.99,0.0,0.0,0.0,0.3006,24.17,0.0
5611,38.65,26.84,0.0,0.0,0.0,0.3006,11.81,0.0
5612,36.92,22.97,0.0,0.0,0.0,0.3006,13.95,0.0
5613,35.04,17.11,0.0,0.0,0.0,0.3006,17.93,0.0
5614,33.09,13.57,0.0,0.0,0.0,0.3006,19.52,0.0
5615,33.09,0.0,0.0,0.0,0.0,0.3006,33.09,0.0
5616,33.06,17.46,0.0,0.0,0.0,0.3006,15.6,0.0
5617,33.06,15.94,0.0,0.0,0.0,0.3006,17.12,0.0
5618,33.06,20.84,0.0,0.0,0.0,0.3006,12.23,0.0
5619,33.06,15.25,0.0,0.0,0.0,0.3006,17.81,0.0
5620,33.06,12.29,0.0,0.0,0.0,0.3006,20.78,0.0
5621,33.06,0.0,0.0,0.0,0.0,0.3006,33.06,0.0
5622,33.06,3.4,0.0,0.0,1.7,0.3006,27.96,0.0
5623,35.01,12.59,10.68,0.0,0.0,0.1,11.74,0.0
5624,36.89,20.51,23.89,7.52,0.0,0.1,0.0,0.0
5625,38.62,4.47,27.36,0.0,6.78,0.9,0.0,0.0
5626,40.13,6.59,33.55,0.0,0.0,0.1,0.0,0.0
5627,41.38,0.0,41.38,0.0,0.0,0.1,0.0,0.0
5628,42.3,0.0,42.3,0.0,0.0,0.1,0.0,0.0
5629,42.87,6.1,44.28,7.52,0.0,0.1,0.0,0.0
5630,43.06,0.0,38.61,0.0,4.46,0.9,0.0,0.0
5631,42.87,12.11,35.7,4.94,0.0,0.3744,0.0,0.0
5632,42.3,8.09,25.22,0.0,6.78,0.9,2.2,0.0
5633,41.38,11.18,11.15,0.0,0.0,0.1,19.05,0.0
5634,40.13,4.65,0.0,0.0,0.0,0.1,35.49,0.0
5635,38.62,18.53,0.0,0.0,0.0,0.1,20.09,0.0
5636,36.89,31.38,0.0,0.0,0.0,0.1,5.51,0.0
5637,35.01,8.47,0.0,0.0,0.0,0.1,26.54,0.0
5638,33.06,15.04,0.0,0.0,0.0,0.1,18.02,0.0
5639,33.06,20.37,0.0,0.0,0.0,0.1,12.69,0.0
5640,33.04,25.15,0.0,0.0,0.0,0.1,7.89,0.0
5641,33.04,14.19,0.0,0.0,0.0,0.1,18.84,0.0
5642,33.04,0.0,0.0,0.0,0.0,0.1,33.04,0.0
5643,33.04,27.37,0.0,0.0,0.0,0.1,5.66,0.0
5644,33.04,20.97,0.0,0.0,0.0,0.1,12.06,0.0
5645,33.04,0.0,0.0,0.0,0.0,0.1,33.04,0.0
5646,33.04,6.14,0.0,0.0,0.0,0.1,26.89,0.0
5647,34.99,21.36,11.23,0.0,0.0,0.1,2.39,0.0
5648,36.86,18.49,24.83,6.46,0.0,0.1,0.0,0.0
5649,38.59,12.81,19.96,0.0,5.83,0.7871,0.0,0.0
5650,40.11,2.69,37.41,0.0,0.0,0.1,0.0,0.0
5651,41.35,1.03,47.84,7.52,0.0,0.1,0.0,0.0
5652,42.27,0.0,42.27,0.0,0.0,0.9,0.0,0.0
5653,42.84,0.0,42.84,0.0,0.0,0.9,0.0,0.0
5654,43.04,0.0,43.04,0.0,0.0,0.9,0.0,0.0
5655,42.84,0.0,34.06,0.0,6.78,0.9,1.99,0.0
5656,42.27,15.02,24.05,0.0,0.0,0.1,3.2,0.0
5657,41.35,8.56,13.09,0.0,0.0,0.1,19.7,0.0
5658,40.11,21.91,0.0,0.0,0.0,0.1,18.2,0.0
5659,38.59,7.69,0.0,0.0,0.0,0.1,30.9,0.0
5660,36.86,14.5,0.0,0.0,0.0,0.1,22.36,0.0
5661,34.99,9.26,0.0,0.0,0.0,0.1,25.73,0.0
5662,33.04,17.9,0.0,0.0,0.0,0.1,15.13,0.0
5663,33.04,6.9,0.0,0.0,0.0,0.1,26.14,0.0
5664,33.01,15.14,0.0,0.0,0.0,0.1,17.87,0.0
5665,33.01,7.34,0.0,0.0,0.0,0.1,25.67,0.0
5666,33.01,23.46,0.0,0.0,0.0,0.1,9.55,0.0
5667,33.01,22.38,0.0,0.0,0.0,0.1,10.63,0.0
5668,33.01,1.31,0.0,0.0,0.0,0.1,31.7,0.0
5669,33.01,23.72,0.0,0.0,0.0,0.1,9.29,0.0
5670,33.01,30.9,0.0,0.0,0.0,0.1,2.11,0.0
5671,34.96,9.39,11.95,0.0,0.0,0.1,13.63,0.0
5672,36.84,2.02,24.85,0.0,0.0,0.1,9.98,0.0
5673,38.57,27.88,10.68,0.0,0.0,0.1,0.0,0.0
5674,40.08,0.0,40.08,0.0,0.0,0.1,0.0,0.0
5675,41.32,0.0,41.32,0.0,0.0,0.1,0.0,0.0
5676,42.25,0.0,49.77,7.52,0.0,0.1,0.0,0.0
5677,42.82,14.09,28.73,0.0,0.0,0.9,0.0,0.0
5678,43.01,0.0,43.01,0.0,0.0,0.9,0.0,0.0
5679,42.82,1.5,34.56,0.0,6.76,0.9,0.0,0.0
5680,42.25,0.0,23.16,0.0,0.0,0.1034,19.09,0.0
5681,41.32,6.31,10.86,0.0,0.0,0.1034,24.16,0.0
5682,40.08,3.08,0.0,0.0,0.0,0.1034,37.0,0.0
5683,38.57,13.51,0.0,0.0,0.0,0.1034,25.06,0.0
5684,36.84,10.57,0.0,0.0,0.0,0.1034,26.27,0.0
5685,34.96,4.83,0.0,0.0,0.0,0.1034,30.13,0.0
5686,33.01,27.92,0.0,0.0,0.0,0.1034,5.09,0.0
5687,33.01,14.79,0.0,0.0,0.0,0.1034,18.22,0.0
5688,32.98,9.06,0.0,0.0,0.0,0.1034,23.93,0.0
5689,32.98,17.52,0.0,0.0,0.0,0.1034,15.47,0.0
5690,32.98,18.6,0.0,0.0,0.0,0.1034,14.38,0.0
5691,32.98,2.93,0.0,0.0,0.0,0.1034,30.05,0.0
5692,32.98,17.79,0.0,0.0,0.0,0.1034,15.2,0.0
5693,32.98,4.93,0.0,0.0,0.0,0.1034,28.06,0.0
5694,32.98,24.77,0.0,0.0,0.0,0.1034,8.21,0.0
5695,34.93,13.29,13.21,0.0,0.0,0.1034,8.44,0.0
5696,36.81,4.04,24.5,0.0,0.0,0.1034,8.27,0.0
5697,38.54,0.0,34.69,0.0,0.03,0.1034,3.82,0.0
5698,40.05,3.48,42.24,5.66,0.0,0.1,0.0,0.0
5699,41.3,0.0,36.19,0.0,5.11,0.7019,0.0,0.0
5700,42.22,3.04,39.18,0.0,0.0,0.1,0.0,0.0
5701,42.79,1.44,48.87,7.52,0.0,0.1,0.0,0.0
5702,42.98,4.77,38.21,0.0,0.0,0.9,0.0,0.0
5703,42.79,0.78,34.93,0.0,6.78,0.9,0.31,0.0
5704,42.22,4.49,24.74,0.0,0.0,0.1,13.0,0.0
5705,41.3,0.0,12.95,0.0,0.0,0.1,28.35,0.0
5706,40.05,18.92,0.0,0.0,0.0,0.1,21.14,0.0
5707,38.54,15.61,0.0,0.0,0.0,0.1,22.93,0.0
5708,36.81,9.01,0.0,0.0,0.0,0.1,27.8,0.0
5709,34.93,31.87,0.0,0.0,0.0,0.1,3.06,0.0
5710,32.98,18.75,0.0,0.0,0.0,0.1,14.23,0.0
5711,32.98,10.63,0.0,0.0,0.0,0.1,22.36,0.0
5712,32.96,26.04,0.0,0.0,0.0,0.1,6.92,0.0
5713,32.96,22.12,0.0,0.0,0.0,0.1,10.83,0.0
5714,32.96,21.3,0.0,0.0,0.0,0.1,11.65,0.0
5715,32.96,13.53,0.0,0.0,0.0,0.1,19.43,0.0
5716,32.96,18.84,0.0,0.0,0.0,0.1,14.12,0.0
5717,32.96,11.27,0.0,0.0,0.0,0.1,21.69,0.0
5718,32.96,15.71,0.0,0.0,0.0,0.1,17.25,0.0
5719,34.91,0.0,12.32,0.0,0.0,0.1,22.59,0.0
5720,36.79,3.88,22.95,0.0,0.0,0.1,9.95,0.0
5721,38.51,19.35,26.68,7.52,0.0,0.1,0.0,0.0
5722,40.03,0.0,40.03,0.0,0.0,0.9,0.0,0.0
5723,41.27,0.0,41.27,0.0,0.0,0.9,0.0,0.0
5724,42.2,0.0,41.07,0.0,1.12,0.9,0.0,0.0
5725,42.77,0.0,42.77,0.0,0.0,0.7676,0.0,0.0
5726,42.96,0.0,44.2,1.24,0.0,0.7676,0.0,0.0
5727,42.77,3.85,35.76,0.0,3.16,0.9,0.0,0.0
5728,42.2,8.4,25.41,0.0,0.0,0.5279,8.38,0.0
5729,41.27,8.82,10.92,0.0,0.0,0.5279,21.53,0.0
5730,40.03,10.15,0.0,0.0,0.0,0.5279,29.88,0.0
5731,38.51,13.69,0.0,0.0,0.0,0.5279,24.82,0.0
5732,36.79,23.39,0.0,0.0,0.0,0.5279,13.4,0.0
5733,34.91,15.4,0.0,0.0,0.0,0.5279,19.51,0.0
5734,32.96,13.61,0.0,0.0,0.0,0.5279,19.35,0.0
5735,32.96,16.73,0.0,0.0,0.0,0.5279,16.23,0.0
5736,32.93,23.95,0.0,0.0,0.0,0.5279,8.99,0.0
5737,32.93,30.29,0.0,0.0,0.0,0.5279,2.65,0.0
5738,32.93,13.3,0.0,0.0,0.0,0.5279,19.64,0.0
5739,32.93,17.81,0.0,0.0,0.0,0.5279,15.13,0.0
5740,32.93,18.06,0.0,0.0,0.0,0.5279,14.87,0.0
5741,32.93,5.58,0.0,0.0,0.0,0.5279,27.35,0.0
5742,32.93,11.57,0.0,0.0,0.0,0.5279,21.36,0.0
5743,34.89,0.0,11.12,0.0,3.63,0.5279,20.13,0.0
5744,36.76,0.0,23.84,0.0,0.0,0.1,12.93,0.0
5745,38.49,2.58,35.91,0.0,0.0,0.1,0.0,0.0
5746,40.01,0.0,40.01,0.0,0.0,0.1,0.0,0.0
5747,41.25,0.12,48.65,7.52,0.0,0.1,0.0,0.0
5748,42.17,0.0,38.36,0.0,3.81,0.9,0.0,0.0
5749,42.74,0.0,42.74,0.0,0.0,0.451,0.0,0.0
5750,42.93,4.17,42.98,4.22,0.0,0.451,0.0,0.0
5751,42.74,0.0,35.86,0.0,6.36,0.9,0.53,0.0
5752,42.17,18.48,23.26,0.0,0.43,0.1506,0.0,0.0
5753,41.25,0.0,10.78,0.0,0.0,0.1,30.46,0.0
5754,40.01,9.85,0.0,0.0,0.0,0.1,30.15,0.0
5755,38.49,5.19,0.0,0.0,0.0,0.1,33.3,0.0
5756,36.76,19.91,0.0,0.0,0.0,0.1,16.85,0.0
5757,34.89,14.39,0.0,0.0,0.0,0.1,20.49,0.0
5758,32.93,14.17,0.0,0.0,0.0,0.1,18.77,0.0
5759,32.93,25.85,0.0,0.0,0.0,0.1,7.08,0.0
5760,32.91,19.69,0.0,0.0,0.0,0.1,13.22,0.0
5761,32.91,23.29,0.0,0.0,0.0,0.1,9.62,0.0
5762,32.91,10.61,0.0,0.0,0.0,0.1,22.3,0.0
5763,32.91,5.98,0.0,0.0,0.0,0.1,26.93,0.0
5764,32.91,16.34,0.0,0.0,0.0,0.1,16.57,0.0
5765,32.91,11.04,0.0,0.0,0.0,0.1,21.87,0.0
5766,32.91,16.5,0.0,0.0,0.0,0.1,16.42,0.0
5767,34.86,8.83,12.63,0.0,0.0,0.1,13.39,0.0
5768,36.74,9.18,24.98,0.0,0.0,0.1,2.58,0.0
5769,38.47,0.0,34.06,0.0,0.0,0.1,4.41,0.0
5770,39.98,19.64,20.34,0.0,0.0,0.1,0.0,0.0
5771,41.22,2.55,38.68,0.0,0.0,0.1,0.0,0.0
5772,42.15,0.0,42.15,0.0,0.0,0.1,0.0,0.0
5773,42.72,0.0,48.58,5.86,0.0,0.1,0.0,0.0
5774,42.91,1.48,43.09,1.66,0.0,0.7238,0.0,0.0
5775,42.72,0.0,35.22,0.0,6.78,0.9,0.71,0.0
5776,42.15,11.14,24.27,0.0,0.0,0.1,6.74,0.0
5777,41.22,6.64,11.26,0.0,0.0,0.1,23.32,0.0
5778,39.98,11.75,0.0,0.0,0.0,0.1,28.23,0.0
5779,38.47,19.12,0.0,0.0,0.0,0.1,19.35,0.0
5780,36.74,5.71,0.0,0.0,0.0,0.1,31.03,0.0
5781,34.86,11.7,0.0,0.0,0.0,0.1,23.16,0.0
5782,32.91,22.03,0.0,0.0,0.0,0.1,10.88,0.0
5783,32.91,35.85,0.0,2.94,0.0,0.1,0.0,0.0
5784,32.89,18.48,0.0,0.0,0.0,0.4128,14.41,0.0
5785,32.89,24.0,0.0,0.0,0.0,0.4128,8.89,0.0
5786,32.89,17.66,0.0,0.0,0.0,0.4128,15.22,0.0
5787,32.89,32.67,0.0,0.0,0.22,0.4128,0.0,0.0
5788,32.89,1.73,0.0,0.0,0.0,0.3873,31.15,0.0
5789,32.89,14.44,0.0,0.0,0.0,0.3873,18.44,0.0
5790,32.89,0.0,0.0,0.0,0.8,0.3873,32.08,0.0
5791,34.84,0.0,11.57,0.0,0.0,0.2925,23.27,0.0
5792,36.71,10.03,25.05,0.0,1.63,0.2925,0.0,0.0
5793,38.44,5.66,35.65,2.86,0.0,0.1,0.0,0.0
5794,39.96,2.5,42.11,4.65,0.0,0.4047,0.0,0.0
5795,41.2,0.0,41.2,0.0,0.0,0.9,0.0,0.0
5796,42.13,28.3,13.83,0.0,0.0,0.9,0.0,0.0
5797,42.69,1.92,34.11,0.0,6.67,0.9,0.0,0.0
5798,42.89,8.81,41.46,7.39,0.0,0.114,0.0,0.0
5799,42.69,0.87,33.77,0.0,6.78,0.9,1.27,0.0
5800,42.13,10.01,24.49,0.0,0.0,0.1,7.62,0.0
5801,41.2,7.69,11.3,0.0,0.0,0.1,22.21,0.0
5802,39.96,8.38,0.0,0.0,0.0,0.1,31.58,0.0
5803,38.44,28.13,0.0,0.0,0.0,0.1,10.31,0.0
5804,36.71,24.95,0.0,0.0,0.0,0.1,11.76,0.0
5805,34.84,18.34,0.0,0.0,0.0,0.1,16.5,0.0
5806,32.89,0.22,0.0,0.0,0.0,0.1,32.67,0.0
5807,32.89,16.44,0.0,0.0,0.0,0.1,16.45,0.0
5808,32.86,40.38,0.0,7.52,0.0,0.1,0.0,0.0
5809,32.86,17.59,0.0,0.0,6.78,0.9,8.49,0.0
5810,32.86,27.39,0.0,0.0,0.0,0.1,5.48,0.0
5811,32.86,28.81,0.0,0.0,0.0,0.1,4.05,0.0
5812,32.86,17.46,0.0,0.0,0.0,0.1,15.4,0.0
5813,32.86,7.12,0.0,0.0,0.0,0.1,25.74,0.0
5814,32.86,0.0,0.0,0.0,0.0,0.1,32.86,0.0
5815,34.82,15.13,12.44,0.0,0.0,0.1,7.24,0.0
5816,36.69,1.31,23.59,0.0,0.0,0.1,11.79,0.0
5817,38.42,7.54,33.19,2.31,0.0,0.1,0.0,0.0
5818,39.94,0.0,37.85,0.0,2.08,0.3456,0.0,0.0
5819,41.18,1.98,45.84,6.64,0.0,0.1,0.0,0.0
5820,42.1,0.0,36.11,0.0,5.99,0.8064,0.0,0.0
5821,42.67,6.22,43.97,7.52,0.0,0.1,0.0,0.0
5822,42.86,0.0,36.16,0.0,6.7,0.9,0.0,0.0
5823,42.67,15.64,34.46,7.43,0.0,0.1098,0.0,0.0
5824,42.1,3.04,24.0,0.0,6.78,0.9,8.27,0.0
5825,41.18,0.0,12.46,0.0,0.0,0.1,28.72,0.0
5826,39.94,10.89,0.0,0.0,0.0,0.1,29.05,0.0
5827,38.42,14.08,0.0,0.0,0.0,0.1,24.34,0.0
5828,36.69,17.0,0.0,0.0,0.0,0.1,19.69,0.0
5829,34.82,28.18,0.0,0.0,0.0,0.1,6.63,0.0
5830,32.86,16.75,0.0,0.0,0.0,0.1,16.11,0.0
5831,32.86,18.47,0.0,0.0,0.0,0.1,14.39,0.0
5832,32.84,11.05,0.0,0.0,0.0,0.1,21.79,0.0
5833,32.84,26.05,0.0,0.0,0.0,0.1,6.79,0.0
5834,32.84,20.21,0.0,0.0,0.0,0.1,12.63,0.0
5835,32.84,14.15,0.0,0.0,0.0,0.1,18.69,0.0
5836,32.84,0.72,0.0,0.0,0.0,0.1,32.12,0.0
5837,32.84,25.39,0.0,0.0,0.0,0.1,7.45,0.0
5838,32.84,2.12,0.0,0.0,0.0,0.1,30.72,0.0
5839,34.79,5.12,10.59,0.0,0.0,0.1,19.08,0.0
5840,36.67,10.75,22.81,0.0,0.0,0.1,3.11,0.0
5841,38.4,0.0,33.15,0.0,0.0,0.1,5.24,0.0
5842,39.91,0.0,39.91,0.0,0.0,0.1,0.0,0.0
5843,41.16,0.0,41.16,0.0,0.0,0.1,0.0,0.0
5844,42.08,9.65,32.43,0.0,0.0,0.1,0.0,0.0
5845,42.65,0.0,42.65,0.0,0.0,0.1,0.0,0.0
5846,42.84,28.24,22.12,7.52,0.0,0.1,0.0,0.0
5847,42.65,0.0,34.09,0.0,4.89,0.9,3.67,0.0
5848,42.08,0.58,24.91,0.0,0.0,0.3237,16.59,0.0
5849,41.16,5.33,12.81,0.0,0.0,0.3237,23.02,0.0
5850,39.91,13.8,0.0,0.0,0.0,0.3237,26.11,0.0
5851,38.4,10.19,0.0,0.0,0.0,0.3237,28.21,0.0
5852,36.67,20.7,0.0,0.0,0.0,0.3237,15.97,0.0
5853,34.79,9.71,0.0,0.0,0.0,0.3237,25.08,0.0
5854,32.84,7.78,0.0,0.0,0.0,0.3237,25.07,0.0
5855,32.84,5.26,0.0,0.0,0.0,0.3237,27.58,0.0
5856,32.82,2.27,0.0,0.0,0.0,0.3237,30.55,0.0
5857,32.82,15.54,0.0,0.0,0.0,0.3237,17.28,0.0
5858,32.82,16.47,0.0,0.0,0.0,0.3237,16.35,0.0
5859,32.82,12.59,0.0,0.0,0.0,0.3237,20.23,0.0
5860,32.82,25.83,0.0,0.0,0.0,0.3237,6.99,0.0
5861,32.82,23.79,0.0,0.0,0.0,0.3237,9.03,0.0
5862,32.82,9.33,0.0,0.0,0.0,0.3237,23.49,0.0
5863,34.77,0.0,12.18,0.0,0.0,0.3237,22.59,0.0
5864,36.65,3.52,23.09,0.0,0.0,0.3237,10.04,0.0
5865,38.38,1.61,34.87,0.0,1.9,0.3237,0.0,0.0
5866,39.89,0.0,43.13,3.24,0.0,0.1,0.0,0.0
5867,41.14,0.0,41.14,0.0,0.0,0.4444,0.0,0.0
5868,42.06,0.0,46.34,4.28,0.0,0.4444,0.0,0.0
5869,42.63,1.25,41.38,0.0,0.0,0.9,0.0,0.0
5870,42.82,0.07,41.7,0.0,1.05,0.9,0.0,0.0
5871,42.63,8.03,32.85,0.0,0.0,0.7761,1.75,0.0
5872,42.06,10.88,22.9,0.0,0.0,0.7761,8.28,0.0
5873,41.14,2.7,11.2,0.0,0.0,0.7761,27.23,0.0
5874,39.89,22.08,0.0,0.0,3.44,0.7761,14.38,0.0
5875,38.38,6.26,0.0,0.0,0.0,0.3709,32.11,0.0
5876,36.65,3.11,0.0,0.0,0.0,0.3709,33.53,0.0
5877,34.77,20.63,0.0,0.0,0.0,0.3709,14.15,0.0
5878,32.82,12.37,0.0,0.0,0.0,0.3709,20.45,0.0
5879,32.82,22.21,0.0,0.0,0.0,0.3709,10.61,0.0
5880,32.8,0.96,0.0,0.0,0.0,0.3709,31.84,0.0
5881,32.8,30.83,0.0,0.0,1.97,0.3709,0.0,0.0
5882,32.8,24.32,0.0,0.0,0.0,0.139,8.48,0.0
5883,32.8,5.81,0.0,0.0,0.0,0.139,26.99,0.0
5884,32.8,4.34,0.0,0.0,0.0,0.139,28.46,0.0
5885,32.8,27.44,0.0,0.0,0.0,0.139,5.36,0.0
5886,32.8,6.25,0.0,0.0,0.0,0.139,26.55,0.0
5887,34.75,3.43,11.96,0.0,0.0,0.139,19.36,0.0
5888,36.63,0.0,23.64,0.0,0.0,0.139,12.99,0.0
5889,38.36,3.71,34.32,0.0,0.33,0.139,0.0,0.0
5890,39.87,3.42,40.74,4.29,0.0,0.1,0.0,0.0
5891,41.11,0.0,37.24,0.0,3.87,0.5567,0.0,0.0
5892,42.04,0.0,42.04,0.0,0.0,0.1,0.0,0.0
5893,42.61,0.0,42.61,0.0,0.0,0.1,0.0,0.0
5894,42.8,7.38,42.94,7.52,0.0,0.1,0.0,0.0
5895,42.61,14.49,28.12,0.0,0.0,0.9,0.0,0.0
5896,42.04,0.0,23.3,0.0,6.78,0.9,11.95,0.0
5897,41.11,18.64,11.02,0.0,0.0,0.1,11.45,0.0
5898,39.87,12.41,0.0,0.0,0.0,0.1,27.46,0.0
5899,38.36,22.83,0.0,0.0,0.0,0.1,15.52,0.0
5900,36.63,15.52,0.0,0.0,0.0,0.1,21.11,0.0
5901,34.75,0.0,0.0,0.0,0.0,0.1,34.75,0.0
5902,32.8,17.78,0.0,0.0,0.0,0.1,15.02,0.0
5903,32.8,28.19,0.0,0.0,0.0,0.1,4.61,0.0
5904,32.78,13.07,0.0,0.0,0.0,0.1,19.71,0.0
5905,32.78,16.82,0.0,0.0,0.0,0.1,15.96,0.0
5906,32.78,17.71,0.0,0.0,0.0,0.1,15.07,0.0
5907,32.78,0.0,0.0,0.0,0.0,0.1,32.78,0.0
5908,32.78,29.47,0.0,0.0,0.0,0.1,3.31,0.0
5909,32.78,7.13,0.0,0.0,0.0,0.1,25.65,0.0
5910,32.78,16.24,0.0,0.0,0.0,0.1,16.54,0.0
5911,34.73,9.49,10.24,0.0,0.0,0.1,15.01,0.0
5912,36.61,18.24,22.49,4.13,0.0,0.1,0.0,0.0
5913,38.34,9.84,24.77,0.0,3.73,0.5393,0.0,0.0
5914,39.85,3.49,36.36,0.0,0.0,0.1,0.0,0.0
5915,41.09,0.0,47.54,6.45,0.0,0.1,0.0,0.0
5916,42.02,10.62,25.57,0.0,5.82,0.7862,0.0,0.0
5917,42.59,0.0,42.59,0.0,0.0,0.1,0.0,0.0
5918,42.78,10.48,39.82,7.52,0.0,0.1,0.0,0.0
5919,42.59,0.0,33.99,0.0,6.51,0.9,2.08,0.0
5920,42.02,18.2,23.54,0.0,0.28,0.1325,0.0,0.0
5921,41.09,11.45,10.68,0.0,0.0,0.1,18.96,0.0
5922,39.85,17.34,0.0,0.0,0.0,0.1,22.51,0.0
5923,38.34,14.93,0.0,0.0,0.0,0.1,23.4,0.0
5924,36.61,2.29,0.0,0.0,0.0,0.1,34.32,0.0
5925,34.73,11.01,0.0,0.0,0.0,0.1,23.72,0.0
5926,32.78,24.44,0.0,0.0,0.0,0.1,8.34,0.0
5927,32.78,21.22,0.0,0.0,0.0,0.1,11.56,0.0
5928,32.76,29.67,0.0,0.0,0.0,0.1,3.09,0.0
5929,32.76,23.22,0.0,0.0,0.0,0.1,9.54,0.0
5930,32.76,11.55,0.0,0.0,0.0,0.1,21.21,0.0
5931,32.76,11.64,0.0,0.0,0.0,0.1,21.12,0.0
5932,32.76,17.14,0.0,0.0,0.0,0.1,15.62,0.0
5933,32.76,0.0,0.0,0.0,0.0,0.1,32.76,0.0
5934,32.76,25.64,0.0,0.0,0.0,0.1,7.12,0.0
5935,34.71,13.8,10.67,0.0,0.0,0.1,10.24,0.0
5936,36.59,18.12,23.59,5.13,0.0,0.1,0.0,0.0
5937,38.32,0.0,33.69,0.0,4.63,0.6456,0.0,0.0
5938,39.83,15.36,31.99,7.52,0.0,0.1,0.0,0.0
5939,41.08,22.4,11.89,0.0,6.78,0.9,0.0,0.0
5940,42.0,0.0,42.0,0.0,0.0,0.1,0.0,0.0
5941,42.57,0.0,46.05,3.48,0.0,0.1,0.0,0.0
5942,42.76,5.48,41.31,4.03,0.0,0.4707,0.0,0.0
5943,42.57,0.0,34.31,0.0,6.78,0.9,1.47,0.0
5944,42.0,12.29,21.82,0.0,0.0,0.1,7.89,0.0
5945,41.08,16.91,12.34,0.0,0.0,0.1,11.82,0.0
5946,39.83,7.58,0.0,0.0,0.0,0.1,32.25,0.0
5947,38.32,23.66,0.0,0.0,0.0,0.1,14.65,0.0
5948,36.59,3.09,0.0,0.0,0.0,0.1,33.5,0.0
5949,34.71,6.1,0.0,0.0,0.0,0.1,28.61,0.0
5950,32.76,20.31,0.0,0.0,0.0,0.1,12.45,0.0
5951,32.76,20.22,0.0,0.0,0.0,0.1,12.54,0.0
5952,32.74,14.72,0.0,0.0,0.0,0.1,18.02,0.0
5953,32.74,26.57,0.0,0.0,0.0,0.1,6.17,0.0
5954,32.74,23.56,0.0,0.0,0.0,0.1,9.18,0.0
5955,32.74,24.9,0.0,0.0,0.0,0.1,7.84,0.0
5956,32.74,15.47,0.0,0.0,0.0,0.1,17.28,0.0
5957,32.74,19.31,0.0,0.0,0.0,0.1,13.43,0.0
5958,32.74,8.94,0.0,0.0,0.0,0.1,23.81,0.0
5959,34.69,26.73,12.41,4.44,0.0,0.1,0.0,0.0
5960,36.57,2.05,22.64,0.0,4.01,0.5727,7.86,0.0
5961,38.3,23.57,14.72,0.0,0.0,0.1,0.0,0.0
5962,39.81,5.88,41.01,7.07,0.0,0.1,0.0,0.0
5963,41.06,0.0,34.67,0.0,6.38,0.8528,0.0,0.0
5964,41.98,15.4,26.58,0.0,0.0,0.1,0.0,0.0
5965,42.55,5.8,44.26,7.52,0.0,0.1,0.0,0.0
5966,42.74,12.36,23.6,0.0,6.78,0.9,0.0,0.0
5967,42.55,16.58,33.49,7.52,0.0,0.1,0.0,0.0
5968,41.98,11.19,22.43,0.0,6.78,0.9,1.58,0.0
5969,41.06,5.72,11.76,0.0,0.0,0.1,23.58,0.0
5970,39.81,20.22,0.0,0.0,0.0,0.1,19.59,0.0
5971,38.3,14.53,0.0,0.0,0.0,0.1,23.76,0.0
5972,36.57,21.89,0.0,0.0,0.0,0.1,14.68,0.0
5973,34.69,0.99,0.0,0.0,0.0,0.1,33.7,0.0
5974,32.74,22.9,0.0,0.0,0.0,0.1,9.84,0.0
5975,32.74,15.07,0.0,0.0,0.0,0.1,17.67,0.0
5976,32.72,33.66,0.0,0.94,0.0,0.1,0.0,0.0
5977,32.72,25.21,0.0,0.0,0.0,0.2001,7.51,0.0
5978,32.72,21.38,0.0,0.0,0.0,0.2001,11.35,0.0
5979,32.72,22.07,0.0,0.0,0.0,0.2001,10.65,0.0
5980,32.72,8.64,0.0,0.0,0.0,0.2001,24.08,0.0
5981,32.72,27.54,0.0,0.0,0.0,0.2001,5.18,0.0
5982,32.72,28.41,0.0,0.0,0.0,0.2001,4.32,0.0
5983,34.67,13.66,12.04,0.0,0.85,0.2001,8.12,0.0
5984,36.55,21.26,22.55,7.26,0.0,0.1,0.0,0.0
5985,38.28,2.46,29.26,0.0,6.55,0.8725,0.0,0.0
5986,39.79,0.0,39.79,0.0,0.0,0.1,0.0,0.0
5987,41.04,0.0,41.04,0.0,0.0,0.1,0.0,0.0
5988,41.96,8.11,41.37,7.52,0.0,0.1,0.0,0.0
5989,42.53,0.0,42.53,0.0,0.0,0.9,0.0,0.0
5990,42.72,2.68,40.04,0.0,0.0,0.9,0.0,0.0
5991,42.53,9.42,32.46,0.0,0.66,0.9,0.0,0.0
5992,41.96,0.7,22.1,0.0,0.0,0.8226,19.16,0.0
5993,41.04,14.66,10.37,0.0,0.0,0.8226,16.01,0.0
5994,39.79,19.45,0.0,0.0,0.0,0.8226,20.34,0.0
5995,38.28,16.01,0.0,0.0,0.0,0.8226,22.27,0.0
5996,36.55,25.72,0.0,0.0,0.0,0.8226,10.83,0.0
5997,34.67,8.55,0.0,0.0,0.0,0.8226,26.13,0.0
5998,32.72,23.19,0.0,0.0,0.0,0.8226,9.53,0.0
5999,32.72,10.98,0.0,0.0,0.0,0.8226,21.75,0.0
6000,32.71,11.82,0.0,0.0,0.0,0.8226,20.89,0.0
6001,32.71,15.38,0.0,0.0,0.0,0.8226,17.32,0.0
6002,32.71,12.12,0.0,0.0,0.0,0.8226,20.59,0.0
6003,32.71,13.99,0.0,0.0,0.0,0.8226,18.72,0.0
6004,32.71,14.99,0.0,0.0,0.0,0.8226,17.71,0.0
6005,32.71,21.42,0.0,0.0,0.0,0.8226,11.28,0.0
6006,32.71,10.17,0.0,0.0,6.13,0.8226,16.41,0.0
6007,34.66,0.0,10.47,0.0,0.0,0.1,24.19,0.0
6008,36.53,17.8,23.65,4.92,0.0,0.1,0.0,0.0
6009,38.26,0.46,33.36,0.0,4.44,0.6237,0.0,0.0
6010,39.78,5.38,41.52,7.12,0.0,0.1,0.0,0.0
6011,41.02,0.0,41.42,0.4,0.0,0.8576,0.0,0.0
6012,41.94,0.0,41.94,0.0,0.0,0.9,0.0,0.0
6013,42.51,13.74,21.99,0.0,6.78,0.9,0.0,0.0
6014,42.71,8.5,41.73,7.52,0.0,0.1,0.0,0.0
6015,42.51,0.27,32.02,0.0,6.78,0.9,3.44,0.0
6016,41.94,25.21,24.26,7.52,0.0,0.1,0.0,0.0
6017,41.02,12.21,10.7,0.0,6.78,0.9,11.33,0.0
6018,39.78,11.55,0.0,0.0,0.0,0.1,28.22,0.0
6019,38.26,22.43,0.0,0.0,0.0,0.1,15.83,0.0
6020,36.53,18.67,0.0,0.0,0.0,0.1,17.86,0.0
6021,34.66,21.51,0.0,0.0,0.0,0.1,13.15,0.0
6022,32.71,39.39,0.0,6.68,0.0,0.1,0.0,0.0
6023,32.71,18.21,0.0,0.0,5.11,0.8107,9.39,0.0
6024,32.69,18.27,0.0,0.0,0.0,0.2082,14.42,0.0
6025,32.69,21.44,0.0,0.0,0.0,0.2082,11.25,0.0
6026,32.69,28.23,0.0,0.0,0.0,0.2082,4.46,0.0
6027,32.69,6.5,0.0,0.0,0.0,0.2082,26.19,0.0
6028,32.69,1.21,0.0,0.0,0.0,0.2082,31.48,0.0
6029,32.69,10.24,0.0,0.0,0.0,0.2082,22.45,0.0
6030,32.69,0.0,0.0,0.0,0.0,0.2082,32.69,0.0
6031,34.64,7.42,10.87,0.0,0.0,0.2082,16.35,0.0
6032,36.52,12.87,22.73,0.0,0.92,0.2082,0.0,0.0
6033,38.24,0.16,32.95,0.0,0.0,0.1,5.13,0.0
6034,39.76,0.0,41.24,1.48,0.0,0.1,0.0,0.0
6035,41.0,5.73,33.94,0.0,1.33,0.2573,0.0,0.0
6036,41.93,2.24,47.21,7.52,0.0,0.1,0.0,0.0
6037,42.5,0.0,35.71,0.0,6.78,0.9,0.0,0.0
6038,42.69,12.49,37.72,7.52,0.0,0.1,0.0,0.0
6039,42.5,13.72,28.77,0.0,0.0,0.9,0.0,0.0
6040,41.93,16.45,22.21,0.0,3.27,0.9,0.0,0.0
6041,41.0,20.47,10.56,0.0,0.0,0.5148,9.97,0.0
6042,39.76,30.33,0.0,0.0,0.0,0.5148,9.43,0.0
6043,38.24,12.08,0.0,0.0,0.0,0.5148,26.17,0.0
6044,36.52,17.69,0.0,0.0,0.0,0.5148,18.83,0.0
6045,34.64,15.16,0.0,0.0,0.0,0.5148,19.48,0.0
6046,32.69,19.74,0.0,0.0,0.0,0.5148,12.95,0.0
6047,32.69,32.69,0.0,0.0,0.0,0.5148,0.0,0.0
6048,32.67,10.24,0.0,0.0,0.0,0.5146,22.44,0.0
6049,32.67,13.81,0.0,0.0,0.0,0.5146,18.87,0.0
6050,32.67,30.79,0.0,0.0,0.0,0.5146,1.89,0.0
6051,32.67,26.69,0.0,0.0,0.0,0.5146,5.99,0.0
6052,32.67,14.06,0.0,0.0,0.0,0.5146,18.61,0.0
6053,32.67,21.81,0.0,0.0,0.0,0.5146,10.86,0.0
6054,32.67,15.68,0.0,0.0,3.52,0.5146,13.47,0.0
6055,34.62,22.83,12.25,0.45,0.0,0.1,0.0,0.0
6056,36.5,9.6,22.27,0.0,0.41,0.1482,4.23,0.0
6057,38.23,15.5,22.72,0.0,0.0,0.1,0.0,0.0
6058,39.74,27.08,12.67,0.0,0.0,0.1,0.0,0.0
6059,40.99,10.05,38.45,7.52,0.0,0.1,0.0,0.0
6060,41.91,0.0,41.7,0.0,0.21,0.9,0.0,0.0
6061,42.48,0.0,42.48,0.0,0.0,0.8754,0.0,0.0
6062,42.67,3.2,39.7,0.23,0.0,0.8754,0.0,0.0
6063,42.48,26.32,16.16,0.0,0.0,0.9,0.0,0.0
6064,41.91,10.44,22.07,0.0,6.19,0.9,3.23,0.0
6065,40.99,8.75,11.67,0.0,0.0,0.1707,20.56,0.0
6066,39.74,6.34,0.0,0.0,0.0,0.1707,33.4,0.0
6067,38.23,23.74,0.0,0.0,0.0,0.1707,14.49,0.0
6068,36.5,23.83,0.0,0.0,0.0,0.1707,12.67,0.0
6069,34.62,14.64,0.0,0.0,0.0,0.1707,19.98,0.0
6070,32.67,24.43,0.0,0.0,0.0,0.1707,8.25,0.0
6071,32.67,8.67,0.0,0.0,0.0,0.1707,24.01,0.0
6072,32.66,22.51,0.0,0.0,0.0,0.1707,10.15,0.0
6073,32.66,24.37,0.0,0.0,0.0,0.1707,8.29,0.0
6074,32.66,33.53,0.0,0.88,0.0,0.1707,0.0,0.0
6075,32.66,12.6,0.0,0.0,0.0,0.264,20.06,0.0
6076,32.66,6.92,0.0,0.0,0.0,0.264,25.73,0.0
6077,32.66,8.05,0.0,0.0,0.0,0.264,24.61,0.0
6078,32.66,2.49,0.0,0.0,0.0,0.264,30.17,0.0
6079,34.61,21.66,11.56,0.0,1.39,0.264,0.0,0.0
6080,36.48,21.43,21.93,6.87,0.0,0.1,0.0,0.0
6081,38.21,6.87,31.99,0.65,0.0,0.8313,0.0,0.0
6082,39.73,15.92,23.81,0.0,0.0,0.9,0.0,0.0
6083,40.97,6.5,27.69,0.0,6.78,0.9,0.0,0.0
6084,41.9,1.37,48.04,7.52,0.0,0.1,0.0,0.0
6085,42.47,2.79,38.93,0.0,0.75,0.9,0.0,0.0
6086,42.66,3.76,39.72,0.83,0.0,0.8119,0.0,0.0
6087,42.47,0.0,32.29,0.0,6.78,0.9,3.39,0.0
6088,41.9,11.23,22.46,0.0,0.0,0.1,8.2,0.0
6089,40.97,10.73,11.68,0.0,0.0,0.1,18.57,0.0
6090,39.73,19.02,0.0,0.0,0.0,0.1,20.71,0.0
6091,38.21,15.9,0.0,0.0,0.0,0.1,22.31,0.0
6092,36.48,15.78,0.0,0.0,0.0,0.1,20.7,0.0
6093,34.61,11.8,0.0,0.0,0.0,0.1,22.81,0.0
6094,32.66,20.55,0.0,0.0,0.0,0.1,12.11,0.0
6095,32.66,26.63,0.0,0.0,0.0,0.1,6.02,0.0
6096,32.64,12.09,0.0,0.0,0.0,0.1,20.55,0.0
6097,32.64,21.59,0.0,0.0,0.0,0.1,11.05,0.0
6098,32.64,21.96,0.0,0.0,0.0,0.1,10.69,0.0
6099,32.64,13.14,0.0,0.0,0.0,0.1,19.5,0.0
6100,32.64,12.53,0.0,0.0,0.0,0.1,20.11,0.0
6101,32.64,17.12,0.0,0.0,0.0,0.1,15.53,0.0
6102,32.64,4.23,0.0,0.0,0.0,0.1,28.41,0.0
6103,34.59,13.95,11.34,0.0,0.0,0.1,9.3,0.0
6104,36.47,2.15,22.58,0.0,0.0,0.1,11.74,0.0
6105,38.2,16.06,29.66,7.52,0.0,0.1,0.0,0.0
6106,39.71,24.92,8.01,0.0,6.78,0.9,0.0,0.0
6107,40.96,0.0,40.96,0.0,0.0,0.1,0.0,0.0
6108,41.88,2.35,47.05,7.52,0.0,0.1,0.0,0.0
6109,42.45,0.0,42.45,0.0,0.0,0.9,0.0,0.0
6110,42.64,14.62,28.02,0.0,0.0,0.9,0.0,0.0
6111,42.45,0.0,32.36,0.0,6.78,0.9,3.3,0.0
6112,41.88,13.08,22.82,0.0,0.0,0.1,5.98,0.0
6113,40.96,4.25,11.14,0.0,0.0,0.1,25.58,0.0
6114,39.71,11.59,0.0,0.0,0.0,0.1,28.13,0.0
6115,38.2,7.1,0.0,0.0,0.0,0.1,31.1,0.0
6116,36.47,23.73,0.0,0.0,0.0,0.1,12.74,0.0
6117,34.59,12.2,0.0,0.0,0.0,0.1,22.39,0.0
6118,32.64,24.49,0.0,0.0,0.0,0.1,8.15,0.0
6119,32.64,18.17,0.0,0.0,0.0,0.1,14.47,0.0
6120,32.63,20.39,0.0,0.0,0.0,0.1,12.24,0.0
6121,32.63,22.2,0.0,0.0,0.0,0.1,10.43,0.0
6122,32.63,14.19,0.0,0.0,0.0,0.1,18.44,0.0
6123,32.63,20.64,0.0,0.0,0.0,0.1,11.98,0.0
6124,32.63,29.48,0.0,0.0,0.0,0.1,3.15,0.0
6125,32.63,9.24,0.0,0.0,0.0,0.1,23.39,0.0
6126,32.63,22.66,0.0,0.0,0.0,0.1,9.96,0.0
6127,34.58,23.2,11.78,0.4,0.0,0.1,0.0,0.0
6128,36.46,2.91,23.8,0.0,0.0,0.1422,9.74,0.0
6129,38.18,0.0,31.74,0.0,0.36,0.1422,6.08,0.0
6130,39.7,6.98,40.24,7.52,0.0,0.1,0.0,0.0
6131,40.94,0.0,34.16,0.0,6.78,0.9,0.0,0.0
6132,41.87,20.26,29.13,7.52,0.0,0.1,0.0,0.0
6133,42.44,5.97,36.47,0.0,0.0,0.9,0.0,0.0
6134,42.63,0.12,40.55,0.0,1.96,0.9,0.0,0.0
6135,42.44,0.0,33.57,0.0,0.0,0.6684,8.87,0.0
6136,41.87,18.04,21.83,0.0,0.0,0.6684,1.99,0.0
6137,40.94,6.77,10.01,0.0,4.82,0.6684,19.34,0.0
6138,39.7,13.71,0.0,0.0,0.0,0.1,25.99,0.0
6139,38.18,23.0,0.0,0.0,0.0,0.1,15.18,0.0
6140,36.46,13.49,0.0,0.0,0.0,0.1,22.97,0.0
6141,34.58,18.61,0.0,0.0,0.0,0.1,15.97,0.0
6142,32.63,20.1,0.0,0.0,0.0,0.1,12.52,0.0
6143,32.63,26.45,0.0,0.0,0.0,0.1,6.17,0.0
6144,32.62,26.12,0.0,0.0,0.0,0.1,6.5,0.0
6145,32.62,19.41,0.0,0.0,0.0,0.1,13.2,0.0
6146,32.62,20.87,0.0,0.0,0.0,0.1,11.74,0.0
6147,32.62,16.15,0.0,0.0,0.0,0.1,16.46,0.0
6148,32.62,5.73,0.0,0.0,0.0,0.1,26.89,0.0
6149,32.62,17.59,0.0,0.0,0.0,0.1,15.03,0.0
6150,32.62,28.51,0.0,0.0,0.0,0.1,4.1,0.0
6151,34.57,4.42,10.14,0.0,0.0,0.1,20.01,0.0
6152,36.44,3.38,22.08,0.0,0.0,0.1,10.98,0.0
6153,38.17,0.96,31.01,0.0,0.0,0.1,6.19,0.0
6154,39.69,12.37,34.84,7.52,0.0,0.1,0.0,0.0
6155,40.93,0.0,40.93,0.0,0.0,0.9,0.0,0.0
6156,41.85,4.29,30.78,0.0,6.78,0.9,0.0,0.0
6157,42.42,0.0,44.69,2.27,0.0,0.1,0.0,0.0
6158,42.62,7.35,40.52,5.25,0.0,0.3415,0.0,0.0
6159,42.42,0.0,31.32,0.0,6.78,0.9,4.32,0.0
6160,41.85,10.66,21.11,0.0,0.0,0.1,10.09,0.0
6161,40.93,18.36,9.87,0.0,0.0,0.1,12.71,0.0
6162,39.69,3.56,0.0,0.0,0.0,0.1,36.13,0.0
6163,38.17,3.38,0.0,0.0,0.0,0.1,34.79,0.0
6164,36.44,30.0,0.0,0.0,0.0,0.1,6.44,0.0
6165,34.57,14.25,0.0,0.0,0.0,0.1,20.32,0.0
6166,32.62,29.39,0.0,0.0,0.0,0.1,3.23,0.0
6167,32.62,19.94,0.0,0.0,0.0,0.1,12.68,0.0
6168,32.6,20.28,0.0,0.0,0.0,0.1,12.33,0.0
6169,32.6,24.77,0.0,0.0,0.0,0.1,7.83,0.0
6170,32.6,13.48,0.0,0.0,0.0,0.1,19.12,0.0
6171,32.6,20.29,0.0,0.0,0.0,0.1,12.32,0.0
6172,32.6,14.56,0.0,0.0,0.0,0.1,18.04,0.0
6173,32.6,5.19,0.0,0.0,0.0,0.1,27.41,0.0
6174,32.6,16.3,0.0,0.0,0.0,0.1,16.3,0.0
6175,34.55,9.48,10.68,0.0,0.0,0.1,14.4,0.0
6176,36.43,8.4,21.32,0.0,0.0,0.1,6.71,0.0
6177,38.16,0.0,32.14,0.0,0.0,0.1,6.02,0.0
6178,39.67,19.38,20.29,0.0,0.0,0.1,0.0,0.0
6179,40.92,12.91,28.0,0.0,0.0,0.1,0.0,0.0
6180,41.84,0.0,45.02,3.17,0.0,0.1,0.0,0.0
6181,42.41,3.53,43.23,4.34,0.0,0.4377,0.0,0.0
6182,42.6,0.0,35.82,0.0,6.78,0.9,0.0,0.0
6183,42.41,23.51,26.42,7.52,0.0,0.1,0.0,0.0
6184,41.84,9.17,21.6,0.0,6.78,0.9,4.29,0.0
6185,40.92,5.62,9.99,0.0,0.0,0.1,25.3,0.0
6186,39.67,16.93,0.0,0.0,0.0,0.1,22.74,0.0
6187,38.16,24.94,0.0,0.0,0.0,0.1,13.22,0.0
6188,36.43,17.41,0.0,0.0,0.0,0.1,19.02,0.0
6189,34.55,29.39,0.0,0.0,0.0,0.1,5.17,0.0
6190,32.6,29.1,0.0,0.0,0.0,0.1,3.51,0.0
6191,32.6,12.74,0.0,0.0,0.0,0.1,19.86,0.0
6192,32.59,16.34,0.0,0.0,0.0,0.1,16.25,0.0
6193,32.59,29.02,0.0,0.0,0.0,0.1,3.57,0.0
6194,32.59,0.0,0.0,0.0,0.0,0.1,32.59,0.0
6195,32.59,18.18,0.0,0.0,0.0,0.1,14.41,0.0
6196,32.59,6.36,0.0,0.0,0.0,0.1,26.23,0.0
6197,32.59,12.02,0.0,0.0,0.0,0.1,20.57,0.0
6198,32.59,11.38,0.0,0.0,0.0,0.1,21.21,0.0
6199,34.54,8.85,11.35,0.0,0.0,0.1,14.34,0.0
6200,36.42,5.4,23.48,0.0,0.0,0.1,7.54,0.0
6201,38.15,0.0,30.53,0.0,0.0,0.1,7.61,0.0
6202,39.66,25.07,22.11,7.52,0.0,0.1,0.0,0.0
6203,40.91,20.91,13.21,0.0,6.78,0.9,0.0,0.0
6204,41.83,0.0,41.83,0.0,0.0,0.1,0.0,0.0
6205,42.4,18.64,31.27,7.52,0.0,0.1,0.0,0.0
6206,42.59,3.71,38.67,0.0,0.22,0.9,0.0,0.0
6207,42.4,9.16,32.76,0.0,0.47,0.8742,0.0,0.0
6208,41.83,9.28,22.99,0.0,0.0,0.8182,9.56,0.0
6209,40.91,6.46,10.6,0.0,0.0,0.8182,23.85,0.0
6210,39.66,21.56,0.0,0.0,0.0,0.8182,18.1,0.0
6211,38.15,16.81,0.0,0.0,0.0,0.8182,21.34,0.0
6212,36.42,13.94,0.0,0.0,0.0,0.8182,22.48,0.0
6213,34.54,9.01,0.0,0.0,0.0,0.8182,25.53,0.0
6214,32.59,13.53,0.0,0.0,0.0,0.8182,19.06,0.0
6215,32.59,8.39,0.0,0.0,0.0,0.8182,24.2,0.0
6216,32.58,21.92,0.0,0.0,0.0,0.8182,10.66,0.0
6217,32.58,12.05,0.0,0.0,0.0,0.8182,20.53,0.0
6218,32.58,18.65,0.0,0.0,0.0,0.8182,13.93,0.0
6219,32.58,30.38,0.0,0.0,0.0,0.8182,2.2,0.0
6220,32.58,27.38,0.0,0.0,0.0,0.8182,5.2,0.0
6221,32.58,15.68,0.0,0.0,6.09,0.8182,10.81,0.0
6222,32.58,13.19,0.0,0.0,0.0,0.1,19.39,0.0
6223,34.53,26.76,9.62,1.85,0.0,0.1,0.0,0.0
6224,36.41,12.82,21.92,0.0,1.67,0.2965,0.0,0.0
6225,38.14,5.67,33.15,0.68,0.0,0.1,0.0,0.0
6226,39.65,0.0,39.65,0.0,0.0,0.1728,0.0,0.0
6227,40.89,9.34,30.93,0.0,0.62,0.1728,0.0,0.0
6228,41.82,4.77,44.56,7.52,0.0,0.1,0.0,0.0
6229,42.39,1.2,41.19,0.0,0.0,0.9,0.0,0.0
6230,42.58,9.32,33.26,0.0,0.0,0.9,0.0,0.0
6231,42.39,5.38,30.99,0.0,5.69,0.9,0.32,0.0
6232,41.82,8.45,22.29,0.0,0.0,0.2293,11.07,0.0
6233,40.89,0.0,11.77,0.0,0.0,0.2293,29.12,0.0
6234,39.65,12.12,0.0,0.0,0.0,0.2293,27.53,0.0
6235,38.14,23.64,0.0,0.0,0.0,0.2293,14.5,0.0
6236,36.41,12.84,0.0,0.0,0.0,0.2293,23.57,0.0
6237,34.53,19.92,0.0,0.0,0.0,0.2293,14.62,0.0
6238,32.58,14.76,0.0,0.0,0.0,0.2293,17.82,0.0
6239,32.58,24.42,0.0,0.0,0.0,0.2293,8.16,0.0
6240,32.57,20.24,0.0,0.0,0.0,0.2293,12.33,0.0
6241,32.57,14.23,0.0,0.0,0.0,0.2293,18.34,0.0
6242,32.57,31.47,0.0,0.0,1.1,0.2293,0.0,0.0
6243,32.57,27.01,0.0,0.0,0.0,0.1,5.56,0.0
6244,32.57,13.18,0.0,0.0,0.0,0.1,19.39,0.0
6245,32.57,20.02,0.0,0.0,0.0,0.1,12.55,0.0
6246,32.57,18.28,0.0,0.0,0.0,0.1,14.29,0.0
6247,34.52,17.06,11.77,0.0,0.0,0.1,5.69,0.0
6248,36.4,0.0,21.08,0.0,0.0,0.1,15.31,0.0
6249,38.13,16.4,21.73,0.0,0.0,0.1,0.0,0.0
6250,39.64,1.86,37.78,0.0,0.0,0.1,0.0,0.0
6251,40.88,3.51,44.54,7.16,0.0,0.1,0.0,0.0
6252,41.81,27.02,15.14,0.36,0.0,0.8622,0.0,0.0
6253,42.38,0.0,42.38,0.0,0.0,0.9,0.0,0.0
6254,42.57,4.07,37.72,0.0,0.77,0.9,0.0,0.0
6255,42.38,0.0,31.3,0.0,6.01,0.8089,5.07,0.0
6256,41.81,21.08,21.43,0.7,0.0,0.1,0.0,0.0
6257,40.88,1.28,11.71,0.0,0.0,0.1747,27.89,0.0
6258,39.64,6.05,0.0,0.0,0.0,0.1747,33.59,0.0
6259,38.13,13.44,0.0,0.0,0.0,0.1747,24.68,0.0
6260,36.4,29.23,0.0,0.0,0.0,0.1747,7.16,0.0
6261,34.52,25.77,0.0,0.0,0.0,0.1747,8.75,0.0
6262,32.57,19.64,0.0,0.0,0.0,0.1747,12.93,0.0
6263,32.57,24.13,0.0,0.0,0.0,0.1747,8.44,0.0
6264,32.56,17.32,0.0,0.0,0.0,0.1747,15.24,0.0
6265,32.56,22.93,0.0,0.0,0.0,0.1747,9.63,0.0
6266,32.56,21.61,0.0,0.0,0.0,0.1747,10.95,0.0
6267,32.56,27.46,0.0,0.0,0.0,0.1747,5.1,0.0
6268,32.56,25.8,0.0,0.0,0.0,0.1747,6.76,0.0
6269,32.56,20.13,0.0,0.0,0.0,0.1747,12.43,0.0
6270,32.56,11.27,0.0,0.0,0.0,0.1747,21.29,0.0
6271,34.51,17.99,10.47,0.0,0.0,0.1747,6.06,0.0
6272,36.39,9.45,20.7,0.0,0.0,0.1747,6.23,0.0
6273,38.12,0.0,32.87,0.0,0.63,0.1747,4.62,0.0
6274,39.63,0.46,39.17,0.0,0.0,0.1,0.0,0.0
6275,40.87,7.15,33.72,0.0,0.0,0.1,0.0,0.0
6276,41.8,13.44,28.36,0.0,0.0,0.1,0.0,0.0
6277,42.37,4.96,44.92,7.52,0.0,0.1,0.0,0.0
6278,42.56,0.0,38.85,0.0,3.71,0.9,0.0,0.0
6279,42.37,8.99,31.46,0.0,0.0,0.4629,1.92,0.0
6280,41.8,11.08,22.5,0.0,0.0,0.4629,8.22,0.0
6281,40.87,13.57,10.14,0.0,0.0,0.4629,17.17,0.0
6282,39.63,21.45,0.0,0.0,0.0,0.4629,18.18,0.0
6283,38.12,24.3,0.0,0.0,0.0,0.4629,13.82,0.0
6284,36.39,13.4,0.0,0.0,0.0,0.4629,22.98,0.0
6285,34.51,14.87,0.0,0.0,0.0,0.4629,19.64,0.0
6286,32.56,12.77,0.0,0.0,0.0,0.4629,19.79,0.0
6287,32.56,27.37,0.0,0.0,3.08,0.4629,2.11,0.0
6288,32.55,33.73,0.0,1.18,0.0,0.1,0.0,0.0
6289,32.55,19.45,0.0,0.0,0.0,0.2251,13.1,0.0
6290,32.55,19.24,0.0,0.0,0.0,0.2251,13.31,0.0
6291,32.55,31.54,0.0,0.0,1.01,0.2251,0.0,0.0
6292,32.55,22.27,0.0,0.0,0.0,0.1063,10.28,0.0
6293,32.55,19.8,0.0,0.0,0.0,0.1063,12.75,0.0
6294,32.55,4.83,0.0,0.0,0.0,0.1063,27.72,0.0
6295,34.5,17.62,10.93,0.0,0.0,0.1063,5.95,0.0
6296,36.38,2.94,21.55,0.0,0.0,0.1063,11.89,0.0
6297,38.11,0.0,32.03,0.0,0.05,0.1063,6.02,0.0
6298,39.62,0.06,39.57,0.0,0.0,0.1,0.0,0.0
6299,40.87,1.96,43.38,4.48,0.0,0.1,0.0,0.0
6300,41.79,4.59,33.16,0.0,4.04,0.5763,0.0,0.0
6301,42.36,0.0,42.36,0.0,0.0,0.1,0.0,0.0
6302,42.55,15.02,27.53,0.0,0.0,0.1,0.0,0.0
6303,42.36,17.62,32.25,7.52,0.0,0.1,0.0,0.0
6304,41.79,0.0,23.04,0.0,5.81,0.9,12.94,0.0
6305,40.87,20.0,10.24,0.0,0.0,0.2149,10.63,0.0
6306,39.62,7.85,0.0,0.0,0.0,0.2149,31.77,0.0
6307,38.11,23.14,0.0,0.0,0.0,0.2149,14.96,0.0
6308,36.38,17.71,0.0,0.0,0.0,0.2149,18.67,0.0
6309,34.5,20.13,0.0,0.0,0.0,0.2149,14.38,0.0
6310,32.55,19.69,0.0,0.0,0.0,0.2149,12.86,0.0
6311,32.55,31.58,0.0,0.0,0.97,0.2149,0.0,0.0
6312,32.54,12.52,0.0,0.0,0.0,0.1,20.03,0.0
6313,32.54,26.91,0.0,0.0,0.0,0.1,5.63,0.0
6314,32.54,30.04,0.0,0.0,0.0,0.1,2.5,0.0
6315,32.54,25.72,0.0,0.0,0.0,0.1,6.82,0.0
6316,32.54,36.84,0.0,4.3,0.0,0.1,0.0,0.0
6317,32.54,12.27,0.0,0.0,3.88,0.5578,16.39,0.0
6318,32.54,22.02,0.0,0.0,0.0,0.1,10.52,0.0
6319,34.49,11.52,10.04,0.0,0.0,0.1,12.93,0.0
6320,36.37,20.24,20.78,4.65,0.0,0.1,0.0,0.0
6321,38.1,8.74,25.15,0.0,4.2,0.5953,0.0,0.0
6322,39.61,4.46,38.49,3.34,0.0,0.1,0.0,0.0
6323,40.86,17.12,20.75,0.0,2.99,0.4557,0.0,0.0
6324,41.78,2.58,43.5,4.3,0.0,0.103,0.0,0.0
6325,42.35,0.0,41.97,0.0,0.38,0.5602,0.0,0.0
6326,42.54,3.44,39.17,0.06,0.0,0.5153,0.0,0.0
6327,42.35,13.72,31.58,2.95,0.0,0.522,0.0,0.0
6328,41.78,21.5,20.88,0.6,0.0,0.8359,0.0,0.0
6329,40.86,13.25,9.95,0.0,2.37,0.9,15.3,0.0
6330,39.61,24.88,0.0,0.0,0.0,0.6211,14.73,0.0
6331,38.1,5.69,0.0,0.0,0.0,0.6211,32.41,0.0
6332,36.37,14.87,0.0,0.0,0.0,0.6211,21.5,0.0
6333,34.49,17.74,0.0,0.0,0.0,0.6211,16.75,0.0
6334,32.54,20.38,0.0,0.0,0.0,0.6211,12.16,0.0
6335,32.54,22.75,0.0,0.0,0.0,0.6211,9.79,0.0
6336,32.54,27.98,0.0,0.0,0.0,0.6211,4.56,0.0
6337,32.54,18.69,0.0,0.0,0.0,0.6211,13.84,0.0
6338,32.54,22.53,0.0,0.0,0.0,0.6211,10.0,0.0
6339,32.54,19.81,0.0,0.0,0.0,0.6211,12.73,0.0
6340,32.54,11.17,0.0,0.0,0.0,0.6211,21.36,0.0
6341,32.54,15.71,0.0,0.0,0.0,0.6211,16.83,0.0
6342,32.54,13.41,0.0,0.0,0.0,0.6211,19.12,0.0
6343,34.49,11.19,10.3,0.0,0.0,0.6211,13.0,0.0
6344,36.36,10.84,21.11,0.0,4.42,0.6211,0.0,0.0
6345,38.09,9.54,31.93,3.38,0.0,0.1,0.0,0.0
6346,39.61,4.24,37.88,2.52,0.0,0.4597,0.0,0.0
6347,40.85,16.99,18.54,0.0,5.32,0.7277,0.0,0.0
6348,41.77,0.0,41.77,0.0,0.0,0.1,0.0,0.0
6349,42.34,0.0,43.9,1.56,0.0,0.1,0.0,0.0
6350,42.54,29.75,18.75,5.96,0.0,0.2658,0.0,0.0
6351,42.34,0.7,31.91,0.0,4.86,0.9,4.87,0.0
6352,41.77,0.0,21.36,0.0,0.0,0.3264,20.41,0.0
6353,40.85,18.33,9.18,0.0,0.0,0.3264,13.34,0.0
6354,39.61,0.0,0.0,0.0,0.0,0.3264,39.61,0.0
6355,38.09,14.74,0.0,0.0,0.0,0.3264,23.35,0.0
6356,36.36,35.56,0.0,0.0,0.8,0.3264,0.0,0.0
6357,34.49,7.9,0.0,0.0,0.0,0.2318,26.59,0.0
6358,32.54,5.69,0.0,0.0,0.0,0.2318,26.84,0.0
6359,32.54,10.32,0.0,0.0,0.0,0.2318,22.22,0.0
6360,32.53,29.76,0.0,0.0,0.0,0.2318,2.77,0.0
6361,32.53,31.29,0.0,0.0,0.0,0.2318,1.24,0.0
6362,32.53,17.49,0.0,0.0,0.0,0.2318,15.03,0.0
6363,32.53,25.73,0.0,0.0,0.0,0.2318,6.8,0.0
6364,32.53,29.7,0.0,0.0,0.0,0.2318,2.83,0.0
6365,32.53,30.93,0.0,0.0,0.0,0.2318,1.6,0.0
6366,32.53,12.73,0.0,0.0,0.0,0.2318,19.8,0.0
6367,34.48,0.0,11.23,0.0,0.0,0.2318,23.24,0.0
6368,36.36,4.2,22.61,0.0,0.0,0.2318,9.55,0.0
6369,38.08,5.68,31.28,0.0,1.12,0.2318,0.0,0.0
6370,39.6,0.89,38.71,0.0,0.0,0.1,0.0,0.0
6371,40.84,5.53,42.83,7.52,0.0,0.1,0.0,0.0
6372,41.77,15.63,26.14,0.0,0.0,0.9,0.0,0.0
6373,42.34,17.14,25.2,0.0,0.0,0.9,0.0,0.0
6374,42.53,3.47,39.06,0.0,0.0,0.9,0.0,0.0
6375,42.34,17.8,24.54,0.0,0.0,0.9,0.0,0.0
6376,41.77,13.56,22.81,0.0,5.39,0.9,0.0,0.0
6377,40.84,13.14,10.52,0.0,0.0,0.2639,17.18,0.0
6378,39.6,21.89,0.0,0.0,0.0,0.2639,17.71,0.0
6379,38.08,17.32,0.0,0.0,0.0,0.2639,20.77,0.0
6380,36.36,35.0,0.0,0.0,0.0,0.2639,1.36,0.0
6381,34.48,8.88,0.0,0.0,0.0,0.2639,25.6,0.0
6382,32.53,17.47,0.0,0.0,0.0,0.2639,15.06,0.0
6383,32.53,21.35,0.0,0.0,0.0,0.2639,11.18,0.0
6384,32.52,26.25,0.0,0.0,0.0,0.2639,6.27,0.0
6385,32.52,32.56,0.0,0.04,0.0,0.2639,0.0,0.0
6386,32.52,21.51,0.0,0.0,0.0,0.2678,11.02,0.0
6387,32.52,9.15,0.0,0.0,0.0,0.2678,23.38,0.0
6388,32.52,25.48,0.0,0.0,0.0,0.2678,7.04,0.0
6389,32.52,22.87,0.0,0.0,0.0,0.2678,9.65,0.0
6390,32.52,0.0,0.0,0.0,0.0,0.2678,32.52,0.0
6391,34.47,12.74,10.99,0.0,0.0,0.2678,10.74,0.0
6392,36.35,0.0,21.5,0.0,1.21,0.2678,13.65,0.0
6393,38.08,3.93,29.62,0.0,0.0,0.1257,4.53,0.0
6394,39.59,0.78,38.6,0.0,0.22,0.1257,0.0,0.0
6395,40.84,13.58,27.26,0.0,0.0,0.1,0.0,0.0
6396,41.76,5.49,43.79,7.52,0.0,0.1,0.0,0.0
6397,42.33,0.0,35.55,0.0,6.78,0.9,0.0,0.0
6398,42.52,14.93,35.11,7.52,0.0,0.1,0.0,0.0
6399,42.33,0.0,31.16,0.0,6.78,0.9,4.38,0.0
6400,41.76,13.47,22.11,0.0,0.0,0.1,6.18,0.0
6401,40.84,6.31,10.4,0.0,0.0,0.1,24.13,0.0
6402,39.59,11.92,0.0,0.0,0.0,0.1,27.67,0.0
6403,38.08,20.88,0.0,0.0,0.0,0.1,17.2,0.0
6404,36.35,22.93,0.0,0.0,0.0,0.1,13.42,0.0
6405,34.47,31.05,0.0,0.0,0.0,0.1,3.42,0.0
6406,32.52,21.05,0.0,0.0,0.0,0.1,11.48,0.0
6407,32.52,24.92,0.0,0.0,0.0,0.1,7.6,0.0
6408,32.52,19.42,0.0,0.0,0.0,0.1,13.09,0.0
6409,32.52,24.07,0.0,0.0,0.0,0.1,8.44,0.0
6410,32.52,25.32,0.0,0.0,0.0,0.1,7.19,0.0
6411,32.52,19.79,0.0,0.0,0.0,0.1,12.72,0.0
6412,32.52,4.61,0.0,0.0,0.0,0.1,27.91,0.0
6413,32.52,19.65,0.0,0.0,0.0,0.1,12.87,0.0
6414,32.52,17.85,0.0,0.0,0.0,0.1,14.66,0.0
6415,34.47,7.5,9.8,0.0,0.0,0.1,17.16,0.0
6416,36.34,0.79,20.22,0.0,0.0,0.1,15.33,0.0
6417,38.07,21.06,17.01,0.0,0.0,0.1,0.0,0.0
6418,39.59,2.22,37.37,0.0,0.0,0.1,0.0,0.0
6419,40.83,5.47,42.88,7.52,0.0,0.1,0.0,0.0
6420,41.76,0.0,39.85,0.0,1.91,0.9,0.0,0.0
6421,42.32,0.76,43.67,2.11,0.0,0.6751,0.0,0.0
6422,42.52,18.42,24.09,0.0,0.0,0.9,0.0,0.0
6423,42.32,10.44,30.23,0.0,1.65,0.9,0.0,0.0
6424,41.76,6.62,22.54,0.0,0.0,0.7049,12.6,0.0
6425,40.83,16.95,10.6,0.0,0.0,0.7049,13.28,0.0
6426,39.59,8.49,0.0,0.0,0.0,0.7049,31.1,0.0
6427,38.07,28.93,0.0,0.0,3.41,0.7049,5.73,0.0
6428,36.34,29.67,0.0,0.0,0.0,0.3026,6.67,0.0
6429,34.47,16.87,0.0,0.0,0.0,0.3026,17.6,0.0
6430,32.52,16.84,0.0,0.0,0.0,0.3026,15.67,0.0
6431,32.52,1.84,0.0,0.0,0.0,0.3026,30.68,0.0
6432,32.51,11.27,0.0,0.0,0.0,0.3026,21.24,0.0
6433,32.51,12.13,0.0,0.0,0.0,0.3026,20.38,0.0
6434,32.51,23.04,0.0,0.0,0.0,0.3026,9.47,0.0
6435,32.51,18.12,0.0,0.0,0.0,0.3026,14.39,0.0
6436,32.51,8.38,0.0,0.0,0.0,0.3026,24.13,0.0
6437,32.51,14.92,0.0,0.0,0.0,0.3026,17.6,0.0
6438,32.51,19.11,0.0,0.0,0.0,0.3026,13.41,0.0
6439,34.46,17.23,11.41,0.0,0.0,0.3026,5.82,0.0
6440,36.34,0.0,21.9,0.0,0.0,0.3026,14.44,0.0
6441,38.07,8.46,30.63,1.03,0.0,0.3026,0.0,0.0
6442,39.58,0.0,36.94,0.0,2.65,0.4121,0.0,0.0
6443,40.83,14.58,26.24,0.0,0.0,0.1,0.0,0.0
6444,41.75,4.9,44.37,7.52,0.0,0.1,0.0,0.0
6445,42.32,0.3,42.02,0.0,0.0,0.9,0.0,0.0
6446,42.51,2.14,38.1,0.0,2.28,0.9,0.0,0.0
6447,42.32,5.82,31.89,0.0,4.51,0.6312,0.11,0.0
6448,41.75,0.0,21.56,0.0,0.0,0.1,20.2,0.0
6449,40.83,15.71,10.93,0.0,0.0,0.1,14.19,0.0
6450,39.58,12.93,0.0,0.0,0.0,0.1,26.66,0.0
6451,38.07,24.85,0.0,0.0,0.0,0.1,13.22,0.0
6452,36.34,10.34,0.0,0.0,0.0,0.1,26.0,0.0
6453,34.46,15.79,0.0,0.0,0.0,0.1,18.67,0.0
6454,32.51,10.01,0.0,0.0,0.0,0.1,22.5,0.0
6455,32.51,14.79,0.0,0.0,0.0,0.1,17.72,0.0
6456,32.51,13.79,0.0,0.0,0.0,0.1,18.72,0.0
6457,32.51,30.81,0.0,0.0,0.0,0.1,1.7,0.0
6458,32.51,16.56,0.0,0.0,0.0,0.1,15.95,0.0
6459,32.51,21.83,0.0,0.0,0.0,0.1,10.68,0.0
6460,32.51,16.18,0.0,0.0,0.0,0.1,16.33,0.0
6461,32.51,7.21,0.0,0.0,0.0,0.1,25.3,0.0
6462,32.51,13.89,0.0,0.0,0.0,0.1,18.61,0.0
6463,34.46,17.93,9.54,0.0,0.0,0.1,6.99,0.0
6464,36.34,1.67,20.01,0.0,0.0,0.1,14.65,0.0
6465,38.06,15.97,29.61,7.52,0.0,0.1,0.0,0.0
6466,39.58,1.61,37.08,0.0,0.9,0.9,0.0,0.0
6467,40.82,3.73,37.1,0.0,0.0,0.7944,0.0,0.0
6468,41.75,0.0,38.81,0.0,2.94,0.7944,0.0,0.0
6469,42.32,2.29,41.52,1.5,0.0,0.4478,0.0,0.0
6470,42.51,8.65,36.61,2.75,0.0,0.6074,0.0,0.0
6471,42.32,7.12,31.66,0.0,3.54,0.9,0.0,0.0
6472,41.75,12.29,20.0,0.0,0.0,0.4826,9.46,0.0
6473,40.82,0.0,10.12,0.0,0.0,0.4826,30.7,0.0
6474,39.58,0.7,0.0,0.0,0.0,0.4826,38.88,0.0
6475,38.06,22.18,0.0,0.0,0.0,0.4826,15.89,0.0
6476,36.34,27.44,0.0,0.0,0.0,0.4826,8.9,0.0
6477,34.46,13.62,0.0,0.0,0.0,0.4826,20.84,0.0
6478,32.51,20.17,0.0,0.0,0.0,0.4826,12.34,0.0
6479,32.51,25.24,0.0,0.0,0.0,0.4826,7.27,0.0
6480,32.51,28.81,0.0,0.0,0.0,0.4826,3.7,0.0
6481,32.51,6.94,0.0,0.0,0.0,0.4826,25.57,0.0
6482,32.51,15.21,0.0,0.0,0.0,0.4826,17.3,0.0
6483,32.51,18.34,0.0,0.0,0.0,0.4826,14.16,0.0
6484,32.51,24.92,0.0,0.0,3.24,0.4826,4.34,0.0
6485,32.51,37.26,0.0,4.75,0.0,0.1,0.0,0.0
6486,32.51,13.56,0.0,0.0,4.16,0.6058,14.79,0.0
6487,34.46,2.14,10.6,0.0,0.0,0.115,21.71,0.0
6488,36.33,14.59,21.61,0.0,0.13,0.115,0.0,0.0
6489,38.06,20.24,17.82,0.0,0.0,0.1,0.0,0.0
6490,39.58,9.35,37.75,7.52,0.0,0.1,0.0,0.0
6491,40.82,0.0,34.03,0.0,6.78,0.9,0.0,0.0
6492,41.74,15.03,26.71,0.0,0.0,0.1,0.0,0.0
6493,42.31,12.97,36.86,7.52,0.0,0.1,0.0,0.0
6494,42.51,0.34,36.2,0.0,1.5,0.9,4.47,0.0
6495,42.31,12.78,31.19,1.66,0.0,0.7233,0.0,0.0
6496,41.74,19.31,20.02,0.0,0.0,0.9,2.41,0.0
6497,40.82,22.7,9.54,0.0,0.0,0.9,8.59,0.0
6498,39.58,14.84,0.0,0.0,0.0,0.9,24.74,0.0
6499,38.06,14.58,0.0,0.0,0.0,0.9,23.48,0.0
6500,36.33,29.08,0.0,0.0,0.0,0.9,7.25,0.0
6501,34.46,11.37,0.0,0.0,0.0,0.9,23.08,0.0
6502,32.51,25.72,0.0,0.0,0.0,0.9,6.78,0.0
6503,32.51,12.16,0.0,0.0,0.0,0.9,20.35,0.0
6504,32.5,31.9,0.0,0.0,0.0,0.9,0.6,0.0
6505,32.5,21.12,0.0,0.0,0.0,0.9,11.38,0.0
6506,32.5,32.45,0.0,0.0,0.0,0.9,0.05,0.0
6507,32.5,25.02,0.0,0.0,0.0,0.9,7.48,0.0
6508,32.5,9.76,0.0,0.0,0.0,0.9,22.74,0.0
6509,32.5,28.87,0.0,0.0,0.0,0.9,3.63,0.0
6510,32.5,27.82,0.0,0.0,0.0,0.9,4.68,0.0
6511,34.45,20.45,10.95,0.0,0.0,0.9,3.05,0.0
6512,36.33,5.49,19.72,0.0,6.78,0.9,4.34,0.0
6513,38.06,7.34,30.72,0.0,0.0,0.1,0.0,0.0
6514,39.57,9.78,37.31,7.52,0.0,0.1,0.0,0.0
6515,40.82,2.25,38.57,0.0,0.0,0.9,0.0,0.0
6516,41.74,21.0,20.74,0.0,0.0,0.9,0.0,0.0
6517,42.31,0.0,42.31,0.0,0.0,0.9,0.0,0.0
6518,42.5,0.0,38.2,0.0,1.09,0.9,3.21,0.0
6519,42.31,12.58,30.94,1.21,0.0,0.7712,0.0,0.0
6520,41.74,8.77,20.32,0.0,0.0,0.9,12.66,0.0
6521,40.82,12.85,10.73,0.0,0.0,0.9,17.24,0.0
6522,39.57,12.58,0.0,0.0,0.0,0.9,27.0,0.0
6523,38.06,23.97,0.0,0.0,0.0,0.9,14.09,0.0
6524,36.33,28.36,0.0,0.0,0.0,0.9,7.97,0.0
6525,34.45,23.36,0.0,0.0,0.0,0.9,11.09,0.0
6526,32.5,19.69,0.0,0.0,0.0,0.9,12.82,0.0
6527,32.5,22.84,0.0,0.0,0.0,0.9,9.66,0.0
6528,32.5,23.73,0.0,0.0,0.0,0.9,8.77,0.0
6529,32.5,16.94,0.0,0.0,0.0,0.9,15.56,0.0
6530,32.5,27.11,0.0,0.0,0.0,0.9,5.39,0.0
6531,32.5,24.91,0.0,0.0,0.0,0.9,7.59,0.0
6532,32.5,31.84,0.0,0.0,0.0,0.9,0.66,0.0
6533,32.5,27.66,0.0,0.0,0.0,0.9,4.84,0.0
6534,32.5,10.2,0.0,0.0,0.0,0.9,22.31,0.0
6535,34.45,20.1,9.87,0.0,0.0,0.9,4.48,0.0
6536,36.33,4.12,19.55,0.0,6.78,0.9,5.87,0.0
6537,38.06,15.46,30.11,7.52,0.0,0.1,0.0,0.0
6538,39.57,4.66,34.91,0.0,0.0,0.9,0.0,0.0
6539,40.82,0.0,34.03,0.0,6.78,0.9,0.0,0.0
6540,41.74,5.3,43.96,7.52,0.0,0.1,0.0,0.0
6541,42.31,0.0,41.27,0.0,1.04,0.9,0.0,0.0
6542,42.5,0.0,36.37,0.0,0.0,0.7774,6.14,0.0
6543,42.31,8.62,31.33,0.0,0.0,0.7774,2.36,0.0
6544,41.74,12.32,21.9,0.0,0.0,0.7774,7.51,0.0
6545,40.82,10.65,8.88,0.0,0.0,0.7774,21.28,0.0
6546,39.57,3.1,0.0,0.0,0.0,0.7774,36.47,0.0
6547,38.06,11.2,0.0,0.0,0.0,0.7774,26.86,0.0
6548,36.33,22.72,0.0,0.0,0.0,0.7774,13.61,0.0
6549,34.45,25.87,0.0,0.0,0.0,0.7774,8.58,0.0
6550,32.5,22.39,0.0,0.0,0.0,0.7774,10.11,0.0
6551,32.5,32.49,0.0,0.0,0.01,0.7774,0.0,0.0
6552,32.5,26.87,0.0,0.0,0.0,0.7765,5.63,0.0
6553,32.5,17.51,0.0,0.0,0.0,0.7765,14.99,0.0
6554,32.5,20.43,0.0,0.0,0.0,0.7765,12.07,0.0
6555,32.5,10.25,0.0,0.0,0.0,0.7765,22.25,0.0
6556,32.5,18.89,0.0,0.0,0.0,0.7765,13.61,0.0
6557,32.5,26.66,0.0,0.0,0.0,0.7765,5.84,0.0
6558,32.5,21.22,0.0,0.0,0.5,0.7765,10.78,0.0
6559,34.45,24.85,9.19,0.0,0.41,0.7175,0.0,0.0
6560,36.33,9.4,22.1,0.0,4.83,0.6693,0.0,0.0
6561,38.06,20.85,17.21,0.0,0.0,0.1,0.0,0.0
6562,39.57,7.37,36.37,4.17,0.0,0.1,0.0,0.0
6563,40.81,19.79,17.26,0.0,3.76,0.5433,0.0,0.0
6564,41.74,7.66,34.08,0.0,0.0,0.1,0.0,0.0
6565,42.31,13.72,36.1,7.52,0.0,0.1,0.0,0.0
6566,42.5,20.61,21.89,0.0,0.0,0.9,0.0,0.0
6567,42.31,8.63,30.75,0.0,2.93,0.9,0.0,0.0
6568,41.74,13.54,20.95,0.0,0.0,0.5546,7.25,0.0
6569,40.81,23.95,10.81,0.0,0.0,0.5546,6.05,0.0
6570,39.57,14.72,0.0,0.0,0.0,0.5546,24.85,0.0
6571,38.06,7.34,0.0,0.0,0.0,0.5546,30.71,0.0
6572,36.33,36.76,0.0,0.43,0.0,0.5546,0.0,0.0
6573,34.45,17.66,0.0,0.0,0.0,0.6007,16.79,0.0
6574,32.5,23.91,0.0,0.0,0.0,0.6007,8.59,0.0
6575,32.5,32.62,0.0,0.12,0.0,0.6007,0.0,0.0
6576,32.5,19.02,0.0,0.0,0.0,0.6139,13.48,0.0
6577,32.5,15.58,0.0,0.0,0.0,0.6139,16.92,0.0
6578,32.5,24.8,0.0,0.0,0.0,0.6139,7.7,0.0
6579,32.5,7.29,0.0,0.0,0.0,0.6139,25.21,0.0
6580,32.5,17.6,0.0,0.0,0.0,0.6139,14.9,0.0
6581,32.5,19.91,0.0,0.0,0.0,0.6139,12.59,0.0
6582,32.5,13.77,0.0,0.0,4.36,0.6139,14.37,0.0
6583,34.45,1.6,9.62,0.0,0.0,0.1,23.22,0.0
6584,36.33,23.81,20.04,7.52,0.0,0.1,0.0,0.0
6585,38.06,11.12,20.15,0.0,6.78,0.9,0.0,0.0
6586,39.57,20.4,19.17,0.0,0.0,0.1,0.0,0.0
6587,40.81,1.08,39.74,0.0,0.0,0.1,0.0,0.0
6588,41.74,0.99,40.75,0.0,0.0,0.1,0.0,0.0
6589,42.31,8.58,40.64,6.91,0.0,0.1,0.0,0.0
6590,42.5,7.32,35.78,0.61,0.0,0.8354,0.0,0.0
6591,42.31,0.95,28.63,0.0,6.78,0.9,5.94,0.0
6592,41.74,23.61,21.4,3.27,0.0,0.1,0.0,0.0
6593,40.81,8.92,9.07,0.0,0.0,0.4479,22.82,0.0
6594,39.57,1.3,0.0,0.0,0.0,0.4479,38.27,0.0
6595,38.06,28.51,0.0,0.0,0.0,0.4479,9.54,0.0
6596,36.33,15.88,0.0,0.0,2.95,0.4479,17.5,0.0
6597,34.45,16.7,0.0,0.0,0.0,0.1,17.75,0.0
6598,32.5,8.77,0.0,0.0,0.0,0.1,23.73,0.0
6599,32.5,37.4,0.0,4.9,0.0,0.1,0.0,0.0
6600,32.5,13.75,0.0,0.0,4.43,0.6219,14.32,0.0
6601,32.5,24.18,0.0,0.0,0.0,0.1,8.32,0.0
6602,32.5,30.17,0.0,0.0,0.0,0.1,2.33,0.0
6603,32.5,25.01,0.0,0.0,0.0,0.1,7.49,0.0
6604,32.5,19.55,0.0,0.0,0.0,0.1,12.95,0.0
6605,32.5,4.59,0.0,0.0,0.0,0.1,27.91,0.0
6606,32.5,9.62,0.0,0.0,0.0,0.1,22.88,0.0
6607,34.45,15.49,8.63,0.0,0.0,0.1,10.34,0.0
6608,36.33,5.83,20.48,0.0,0.0,0.1,10.01,0.0
6609,38.06,12.05,30.48,4.47,0.0,0.1,0.0,0.0
6610,39.57,14.59,20.95,0.0,4.04,0.5761,0.0,0.0
6611,40.82,16.02,24.79,0.0,0.0,0.1,0.0,0.0
6612,41.74,0.0,41.74,0.0,0.0,0.1,0.0,0.0
6613,42.31,25.82,16.49,0.0,0.0,0.1,0.0,0.0
6614,42.5,13.89,36.13,7.52,0.0,0.1,0.0,0.0
6615,42.31,10.42,28.9,0.0,2.99,0.9,0.0,0.0
6616,41.74,20.73,21.07,0.06,0.0,0.548,0.0,0.0
6617,40.82,32.78,9.45,1.41,0.0,0.5546,0.0,0.0
6618,39.57,4.63,0.0,0.0,0.0,0.7044,34.94,0.0
6619,38.06,16.32,0.0,0.0,0.0,0.7044,21.74,0.0
6620,36.33,1.14,0.0,0.0,0.0,0.7044,35.19,0.0
6621,34.45,23.19,0.0,0.0,0.0,0.7044,11.26,0.0
6622,32.5,25.83,0.0,0.0,0.0,0.7044,6.67,0.0
6623,32.5,23.41,0.0,0.0,0.0,0.7044,9.09,0.0
6624,32.5,18.93,0.0,0.0,0.0,0.7044,13.57,0.0
6625,32.5,7.58,0.0,0.0,0.0,0.7044,24.92,0.0
6626,32.5,26.03,0.0,0.0,0.0,0.7044,6.47,0.0
6627,32.5,33.36,0.0,0.85,0.0,0.7044,0.0,0.0
6628,32.5,15.46,0.0,0.0,0.0,0.7953,17.04,0.0
6629,32.5,21.74,0.0,0.0,0.0,0.7953,10.77,0.0
6630,32.5,3.74,0.0,0.0,0.0,0.7953,28.77,0.0
6631,34.45,17.76,9.22,0.0,0.0,0.7953,7.47,0.0
6632,36.33,9.09,20.55,0.0,4.67,0.7953,2.02,0.0
6633,38.06,4.52,29.85,0.0,0.0,0.2449,3.69,0.0
6634,39.57,3.27,35.07,0.0,1.23,0.2449,0.0,0.0
6635,40.82,5.39,41.26,5.84,0.0,0.1,0.0,0.0
6636,41.74,11.28,32.14,1.68,0.0,0.7211,0.0,0.0
6637,42.31,0.0,41.13,0.0,1.18,0.9,0.0,0.0
6638,42.5,6.16,36.35,0.0,0.0,0.7611,0.0,0.0
6639,42.31,10.24,28.1,0.0,3.97,0.7612,0.0,0.0
6640,41.74,3.49,19.99,0.0,0.0,0.2937,18.26,0.0
6641,40.82,28.4,10.34,0.0,0.0,0.2937,2.08,0.0
6642,39.57,9.41,0.0,0.0,0.0,0.2937,30.16,0.0
6643,38.06,12.93,0.0,0.0,0.0,0.2937,25.13,0.0
6644,36.33,12.39,0.0,0.0,0.0,0.2937,23.94,0.0
6645,34.45,36.08,0.0,1.63,0.0,0.2937,0.0,0.0
6646,32.5,27.45,0.0,0.0,0.0,0.4668,5.05,0.0
6647,32.5,16.42,0.0,0.0,0.0,0.4668,16.08,0.0
6648,32.5,33.05,0.0,0.54,0.0,0.4668,0.0,0.0
6649,32.5,25.59,0.0,0.0,0.0,0.5244,6.92,0.0
6650,32.5,25.24,0.0,0.0,0.0,0.5244,7.26,0.0
6651,32.5,19.2,0.0,0.0,0.0,0.5244,13.3,0.0
6652,32.5,14.34,0.0,0.0,0.0,0.5244,18.16,0.0
6653,32.5,21.06,0.0,0.0,3.6,0.5244,7.84,0.0
6654,32.5,12.0,0.0,0.0,0.0,0.1,20.51,0.0
6655,34.45,28.69,10.42,4.66,0.0,0.1,0.0,0.0
6656,36.33,2.28,19.57,0.0,4.2,0.5957,10.29,0.0
6657,38.06,22.91,15.15,0.0,0.0,0.1,0.0,0.0
6658,39.57,8.56,31.01,0.0,0.0,0.1,0.0,0.0
6659,40.82,11.03,29.79,0.0,0.0,0.1,0.0,0.0
6660,41.74,15.0,26.74,0.0,0.0,0.1,0.0,0.0
6661,42.31,3.65,40.95,2.29,0.0,0.1,0.0,0.0
6662,42.5,16.31,31.42,5.23,0.0,0.3435,0.0,0.0
6663,42.31,0.0,29.29,0.0,6.78,0.9,6.23,0.0
6664,41.74,6.64,21.25,0.0,0.0,0.1,13.86,0.0
6665,40.82,6.93,10.62,0.0,0.0,0.1,23.27,0.0
6666,39.57,6.37,0.0,0.0,0.0,0.1,33.2,0.0
6667,38.06,16.67,0.0,0.0,0.0,0.1,21.39,0.0
6668,36.33,23.36,0.0,0.0,0.0,0.1,12.98,0.0
6669,34.45,27.52,0.0,0.0,0.0,0.1,6.94,0.0
6670,32.5,25.11,0.0,0.0,0.0,0.1,7.39,0.0
6671,32.5,18.71,0.0,0.0,0.0,0.1,13.8,0.0
6672,32.51,27.33,0.0,0.0,0.0,0.1,5.18,0.0
6673,32.51,25.12,0.0,0.0,0.0,0.1,7.39,0.0
6674,32.51,30.77,0.0,0.0,0.0,0.1,1.74,0.0
6675,32.51,28.24,0.0,0.0,0.0,0.1,4.26,0.0
6676,32.51,20.67,0.0,0.0,0.0,0.1,11.84,0.0
6677,32.51,11.39,0.0,0.0,0.0,0.1,21.12,0.0
6678,32.51,11.28,0.0,0.0,0.0,0.1,21.23,0.0
6679,34.46,10.04,11.19,0.0,0.0,0.1,13.22,0.0
6680,36.33,9.99,20.73,0.0,0.0,0.1,5.61,0.0
6681,38.06,12.97,25.09,0.0,0.0,0.1,0.0,0.0
6682,39.58,15.26,31.83,7.52,0.0,0.1,0.0,0.0
6683,40.82,0.0,34.04,0.0,6.78,0.9,0.0,0.0
6684,41.75,0.0,41.9,0.16,0.0,0.1,0.0,0.0
6685,42.31,9.93,39.75,7.36,0.0,0.1169,0.0,0.0
6686,42.51,5.49,35.84,0.0,1.18,0.9,0.0,0.0
6687,42.31,3.5,27.73,0.0,0.0,0.7612,11.09,0.0
6688,41.75,0.0,20.68,0.0,0.0,0.7612,21.06,0.0
6689,40.82,8.89,10.76,0.0,0.0,0.7612,21.18,0.0
6690,39.58,20.22,0.0,0.0,0.0,0.7612,19.36,0.0
6691,38.06,12.93,0.0,0.0,0.0,0.7612,25.13,0.0
6692,36.33,18.54,0.0,0.0,0.0,0.7612,17.79,0.0
6693,34.46,25.78,0.0,0.0,0.0,0.7612,8.68,0.0
6694,32.51,27.47,0.0,0.0,0.0,0.7612,5.04,0.0
6695,32.51,15.56,0.0,0.0,0.0,0.7612,16.95,0.0
6696,32.51,32.45,0.0,0.0,0.06,0.7612,0.0,0.0
6697,32.51,33.22,0.0,0.7,0.0,0.7542,0.0,0.0
6698,32.51,14.5,0.0,0.0,0.0,0.8292,18.01,0.0
6699,32.51,15.67,0.0,0.0,0.0,0.8292,16.84,0.0
6700,32.51,30.02,0.0,0.0,0.0,0.8292,2.49,0.0
6701,32.51,17.48,0.0,0.0,0.0,0.8292,15.03,0.0
6702,32.51,0.0,0.0,0.0,6.18,0.8292,26.33,0.0
6703,34.46,3.43,10.86,0.0,0.0,0.1,20.17,0.0
6704,36.34,10.65,20.07,0.0,0.0,0.1,5.62,0.0
6705,38.07,1.75,29.21,0.0,0.0,0.1,7.11,0.0
6706,39.58,6.44,33.14,0.0,0.0,0.1,0.0,0.0
6707,40.82,7.41,40.93,7.52,0.0,0.1,0.0,0.0
6708,41.75,20.27,21.48,0.0,0.0,0.9,0.0,0.0
6709,42.32,6.62,35.7,0.0,0.0,0.9,0.0,0.0
6710,42.51,18.24,17.49,0.0,6.78,0.9,0.0,0.0
6711,42.32,22.33,27.51,7.52,0.0,0.1,0.0,0.0
6712,41.75,21.47,20.28,0.0,0.0,0.9,0.0,0.0
6713,40.82,16.8,9.27,0.0,4.34,0.9,10.41,0.0
6714,39.58,1.01,0.0,0.0,0.0,0.3879,38.57,0.0
6715,38.07,22.31,0.0,0.0,0.0,0.3879,15.76,0.0
6716,36.34,28.89,0.0,0.0,0.0,0.3879,7.45,0.0
6717,34.46,21.57,0.0,0.0,0.0,0.3879,12.9,0.0
6718,32.51,37.32,0.0,4.81,0.0,0.3879,0.0,0.0
6719,32.51,31.09,0.0,0.0,1.42,0.9,0.0,0.0
6720,32.51,29.18,0.0,0.0,0.0,0.7327,3.33,0.0
6721,32.51,33.03,0.0,0.51,0.0,0.7327,0.0,0.0
6722,32.51,26.25,0.0,0.0,5.83,0.7871,0.43,0.0
6723,32.51,2.55,0.0,0.0,0.0,0.1,29.96,0.0
6724,32.51,16.74,0.0,0.0,0.0,0.1,15.78,0.0
6725,32.51,28.29,0.0,0.0,0.0,0.1,4.22,0.0
6726,32.51,10.32,0.0,0.0,0.0,0.1,22.19,0.0
6727,34.47,12.9,10.59,0.0,0.0,0.1,10.98,0.0
6728,36.34,4.47,19.56,0.0,0.0,0.1,12.32,0.0
6729,38.07,25.28,12.79,0.0,0.0,0.1,0.0,0.0
6730,39.59,23.21,23.9,7.52,0.0,0.1,0.0,0.0
6731,40.83,2.05,32.0,0.0,6.78,0.9,0.0,0.0
6732,41.75,7.57,41.03,6.86,0.0,0.1,0.0,0.0
6733,42.32,3.66,39.32,0.66,0.0,0.8295,0.0,0.0
6734,42.51,14.74,25.36,0.0,2.42,0.9,0.0,0.0
6735,42.32,15.16,29.84,2.68,0.0,0.6147,0.0,0.0
6736,41.75,19.21,19.78,0.0,2.76,0.9,0.0,0.0
6737,40.83,17.31,10.91,0.0,4.02,0.5741,8.58,0.0
6738,39.59,40.04,0.0,0.45,0.0,0.1,0.0,0.0
6739,38.07,10.63,0.0,0.0,0.0,0.1481,27.44,0.0
6740,36.34,7.12,0.0,0.0,0.0,0.1481,29.22,0.0
6741,34.47,19.22,0.0,0.0,0.0,0.1481,15.24,0.0
6742,32.51,11.16,0.0,0.0,0.0,0.1481,21.36,0.0
6743,32.51,12.55,0.0,0.0,0.0,0.1481,19.96,0.0
6744,32.52,16.86,0.0,0.0,0.0,0.1481,15.66,0.0
6745,32.52,17.21,0.0,0.0,0.0,0.1481,15.3,0.0
6746,32.52,16.16,0.0,0.0,0.0,0.1481,16.36,0.0
6747,32.52,26.6,0.0,0.0,0.0,0.1481,5.92,0.0
6748,32.52,16.82,0.0,0.0,0.0,0.1481,15.7,0.0
6749,32.52,17.5,0.0,0.0,0.0,0.1481,15.02,0.0
6750,32.52,23.97,0.0,0.0,0.0,0.1481,8.55,0.0
6751,34.47,8.73,8.22,0.0,0.0,0.1481,17.52,0.0
6752,36.35,10.8,19.12,0.0,0.41,0.1481,6.02,0.0
6753,38.08,14.16,27.75,3.83,0.0,0.1,0.0,0.0
6754,39.59,0.0,34.12,0.0,3.46,0.508,2.01,0.0
6755,40.83,0.0,41.18,0.34,0.0,0.1,0.0,0.0
6756,41.76,11.68,29.77,0.0,0.31,0.1363,0.0,0.0
6757,42.33,13.1,36.74,7.52,0.0,0.1,0.0,0.0
6758,42.52,26.38,16.14,0.0,0.0,0.9,0.0,0.0
6759,42.33,12.51,28.98,0.0,0.84,0.9,0.0,0.0
6760,41.76,19.41,20.91,0.0,1.44,0.801,0.0,0.0
6761,40.83,13.26,10.95,0.0,0.0,0.6309,16.62,0.0
6762,39.59,19.23,0.0,0.0,4.5,0.6309,15.86,0.0
6763,38.08,32.16,0.0,0.0,0.0,0.1,5.92,0.0
6764,36.35,3.97,0.0,0.0,0.0,0.1,32.37,0.0
6765,34.47,25.77,0.0,0.0,0.0,0.1,8.71,0.0
6766,32.52,40.04,0.0,7.52,0.0,0.1,0.0,0.0
6767,32.52,26.78,0.0,0.0,5.74,0.9,0.0,0.0
6768,32.53,38.05,0.0,5.52,0.0,0.2227,0.0,0.0
6769,32.53,19.68,0.0,0.0,6.02,0.8103,6.82,0.0
6770,32.53,23.62,0.0,0.0,0.0,0.1,8.9,0.0
6771,32.53,22.88,0.0,0.0,0.0,0.1,9.64,0.0
6772,32.53,3.37,0.0,0.0,0.0,0.1,29.16,0.0
6773,32.53,9.78,0.0,0.0,0.0,0.1,22.74,0.0
6774,32.53,8.29,0.0,0.0,0.0,0.1,24.23,0.0
6775,34.48,21.47,8.97,0.0,0.0,0.1,4.03,0.0
6776,36.35,19.96,20.46,4.06,0.0,0.1,0.0,0.0
6777,38.08,13.96,20.45,0.0,3.67,0.5324,0.0,0.0
6778,39.6,16.67,22.93,0.0,0.0,0.1,0.0,0.0
6779,40.84,8.03,39.95,7.14,0.0,0.1,0.0,0.0
6780,41.76,18.61,17.81,0.0,5.35,0.8599,0.0,0.0
6781,42.33,9.4,39.23,6.3,0.0,0.2297,0.0,0.0
6782,42.53,10.59,31.94,0.0,0.0,0.9,0.0,0.0
6783,42.33,9.28,28.76,0.0,1.87,0.9,2.42,0.0
6784,41.76,18.47,20.93,0.0,0.0,0.6795,2.36,0.0
6785,40.84,11.6,9.98,0.0,0.0,0.6795,19.26,0.0
6786,39.6,24.76,0.0,0.0,0.0,0.6795,14.84,0.0
6787,38.08,10.07,0.0,0.0,0.0,0.6795,28.01,0.0
6788,36.35,12.25,0.0,0.0,0.0,0.6795,24.1,0.0
6789,34.48,28.07,0.0,0.0,0.0,0.6795,6.4,0.0
6790,32.53,23.18,0.0,0.0,0.0,0.6795,9.35,0.0
6791,32.53,21.07,0.0,0.0,0.0,0.6795,11.46,0.0
6792,32.53,32.14,0.0,0.0,0.39,0.6795,0.0,0.0
6793,32.53,19.99,0.0,0.0,0.0,0.6338,12.55,0.0
6794,32.53,22.42,0.0,0.0,0.0,0.6338,10.11,0.0
6795,32.53,33.86,0.0,1.33,0.0,0.6338,0.0,0.0
6796,32.53,33.33,0.0,0.8,0.0,0.7753,0.0,0.0
6797,32.53,31.68,0.0,0.0,0.85,0.86,0.0,0.0
6798,32.53,14.9,0.0,0.0,0.0,0.7592,17.63,0.0
6799,34.48,24.85,9.57,0.0,0.06,0.7592,0.0,0.0
6800,36.36,5.63,19.09,0.0,0.0,0.7523,11.64,0.0
6801,38.09,4.32,27.26,0.0,0.0,0.7523,6.5,0.0
6802,39.6,0.0,34.07,0.0,5.53,0.7523,0.0,0.0
6803,40.85,22.75,25.61,7.52,0.0,0.1,0.0,0.0
6804,41.77,2.34,34.27,0.0,5.17,0.9,0.0,0.0
6805,42.34,8.46,39.6,5.72,0.0,0.2909,0.0,0.0
6806,42.53,3.03,36.06,0.0,3.44,0.9,0.0,0.0
6807,42.34,17.04,27.11,1.81,0.0,0.4945,0.0,0.0
6808,41.77,10.19,18.66,0.0,4.98,0.6871,7.94,0.0
6809,40.85,4.72,9.1,0.0,0.0,0.1,27.02,0.0
6810,39.6,20.64,0.0,0.0,0.0,0.1,18.96,0.0
6811,38.09,7.81,0.0,0.0,0.0,0.1,30.28,0.0
6812,36.36,14.46,0.0,0.0,0.0,0.1,21.9,0.0
6813,34.48,6.02,0.0,0.0,0.0,0.1,28.46,0.0
6814,32.53,12.71,0.0,0.0,0.0,0.1,19.82,0.0
6815,32.53,26.22,0.0,0.0,0.0,0.1,6.31,0.0
6816,32.54,9.61,0.0,0.0,0.0,0.1,22.92,0.0
6817,32.54,13.18,0.0,0.0,0.0,0.1,19.36,0.0
6818,32.54,24.13,0.0,0.0,0.0,0.1,8.41,0.0
6819,32.54,18.57,0.0,0.0,0.0,0.1,13.97,0.0
6820,32.54,37.06,0.0,4.52,0.0,0.1,0.0,0.0
6821,32.54,33.89,0.0,1.35,0.0,0.5809,0.0,0.0
6822,32.54,10.38,0.0,0.0,0.46,0.7245,21.7,0.0
6823,34.49,19.64,10.0,0.0,0.0,0.6707,4.85,0.0
6824,36.37,19.25,19.27,2.15,0.0,0.6707,0.0,0.0
6825,38.09,6.91,27.91,0.0,1.37,0.9,1.89,0.0
6826,39.61,0.0,34.2,0.0,5.41,0.7383,0.0,0.0
6827,40.85,9.51,38.6,7.25,0.0,0.1,0.0,0.0
6828,41.78,7.96,27.27,0.0,6.55,0.872,0.0,0.0
6829,42.35,4.42,38.67,0.74,0.0,0.1,0.0,0.0
6830,42.54,13.91,35.4,6.77,0.0,0.1792,0.0,0.0
6831,42.35,5.7,28.16,0.0,6.78,0.9,1.71,0.0
6832,41.78,4.16,18.79,0.0,0.0,0.1,18.83,0.0
6833,40.85,16.08,10.18,0.0,0.0,0.1,14.59,0.0
6834,39.61,20.34,0.0,0.0,0.0,0.1,19.27,0.0
6835,38.09,9.99,0.0,0.0,0.0,0.1,28.11,0.0
6836,36.37,28.61,0.0,0.0,0.0,0.1,7.75,0.0
6837,34.49,8.83,0.0,0.0,0.0,0.1,25.66,0.0
6838,32.54,19.56,0.0,0.0,0.0,0.1,12.98,0.0
6839,32.54,22.89,0.0,0.0,0.0,0.1,9.65,0.0
6840,32.55,20.3,0.0,0.0,0.0,0.1,12.25,0.0
6841,32.55,20.59,0.0,0.0,0.0,0.1,11.96,0.0
6842,32.55,39.14,0.0,6.59,0.0,0.1,0.0,0.0
6843,32.55,16.27,0.0,0.0,5.95,0.8014,10.33,0.0
6844,32.55,40.06,0.0,7.52,0.0,0.1,0.0,0.0
6845,32.55,22.93,0.0,0.0,1.55,0.9,8.06,0.0
6846,32.55,18.14,0.0,0.0,0.0,0.717,14.41,0.0
6847,34.5,19.13,10.13,0.0,5.23,0.717,0.0,0.0
6848,36.37,25.5,18.39,7.52,0.0,0.1,0.0,0.0
6849,38.1,3.9,28.69,0.0,5.51,0.9,0.0,0.0
6850,39.62,1.64,33.88,0.0,1.28,0.2509,2.82,0.0
6851,40.86,3.74,39.05,1.94,0.0,0.1,0.0,0.0
6852,41.79,9.72,37.64,5.58,0.0,0.306,0.0,0.0
6853,42.35,0.0,39.18,0.0,3.18,0.9,0.0,0.0
6854,42.55,10.71,34.15,2.31,0.0,0.5255,0.0,0.0
6855,42.35,25.24,18.32,1.21,0.0,0.7717,0.0,0.0
6856,41.79,14.64,19.11,0.0,6.78,0.9,1.25,0.0
6857,40.86,13.03,9.13,0.0,0.0,0.1,18.71,0.0
6858,39.62,12.5,0.0,0.0,0.0,0.1,27.12,0.0
6859,38.1,26.6,0.0,0.0,0.0,0.1,11.51,0.0
6860,36.37,14.82,0.0,0.0,0.0,0.1,21.55,0.0
6861,34.5,37.68,0.0,3.18,0.0,0.1,0.0,0.0
6862,32.55,36.88,0.0,4.34,0.0,0.4387,0.0,0.0
6863,32.55,27.11,0.0,0.0,3.48,0.9,1.95,0.0
6864,32.56,25.39,0.0,0.0,0.0,0.4896,7.17,0.0
6865,32.56,33.39,0.0,0.84,0.0,0.4896,0.0,0.0
6866,32.56,33.11,0.0,0.55,0.0,0.5787,0.0,0.0
6867,32.56,16.76,0.0,0.0,0.0,0.6376,15.8,0.0
6868,32.56,17.33,0.0,0.0,0.0,0.6376,15.23,0.0
6869,32.56,9.1,0.0,0.0,0.0,0.6376,23.46,0.0
6870,32.56,20.79,0.0,0.0,0.0,0.6376,11.77,0.0
6871,34.51,20.78,8.8,0.0,0.0,0.6376,4.93,0.0
6872,36.38,2.85,20.52,0.0,0.0,0.6376,13.01,0.0
6873,38.11,8.31,27.58,0.0,0.0,0.6376,2.21,0.0
6874,39.63,0.0,35.07,0.0,4.56,0.6376,0.0,0.0
6875,40.87,2.29,38.58,0.0,0.0,0.1,0.0,0.0
6876,41.79,13.98,35.34,7.52,0.0,0.1,0.0,0.0
6877,42.36,3.79,38.57,0.0,0.0,0.9,0.0,0.0
6878,42.56,8.28,34.28,0.0,0.0,0.9,0.0,0.0
6879,42.36,0.0,26.76,0.0,6.31,0.9,9.3,0.0
6880,41.79,15.06,18.4,0.0,0.0,0.1562,8.34,0.0
6881,40.87,15.13,10.05,0.0,0.0,0.1562,15.69,0.0
6882,39.63,11.75,0.0,0.0,0.0,0.1562,27.87,0.0
6883,38.11,18.1,0.0,0.0,0.0,0.1562,20.02,0.0
6884,36.38,22.94,0.0,0.0,0.0,0.1562,13.44,0.0
6885,34.51,16.69,0.0,0.0,0.0,0.1562,17.82,0.0
6886,32.56,12.7,0.0,0.0,0.0,0.1562,19.86,0.0
6887,32.56,39.55,0.0,6.99,0.0,0.1562,0.0,0.0
6888,32.56,20.59,0.0,0.0,0.0,0.9,11.98,0.0
6889,32.56,24.58,0.0,0.0,6.78,0.9,1.2,0.0
6890,32.56,32.56,0.0,0.0,0.0,0.1,0.0,0.0
6891,32.56,40.08,0.0,7.52,0.0,0.1,0.0,0.0
6892,32.56,11.76,0.0,0.0,6.78,0.9,14.02,0.0
6893,32.56,23.3,0.0,0.0,0.0,0.1,9.26,0.0
6894,32.56,12.06,0.0,0.0,0.0,0.1,20.51,0.0
6895,34.52,11.34,7.99,0.0,0.0,0.1,15.18,0.0
6896,36.39,7.99,18.43,0.0,0.0,0.1,9.98,0.0
6897,38.12,3.12,26.58,0.0,0.0,0.1,8.41,0.0
6898,39.64,10.47,30.73,1.57,0.0,0.1,0.0,0.0
6899,40.88,0.0,39.46,0.0,1.41,0.2668,0.0,0.0
6900,41.8,17.25,32.07,7.52,0.0,0.1,0.0,0.0
6901,42.37,10.44,27.55,0.0,4.38,0.9,0.0,0.0
6902,42.56,14.15,33.27,4.85,0.0,0.3836,0.0,0.0
6903,42.37,8.36,28.47,0.0,5.55,0.9,0.0,0.0
6904,41.8,10.79,18.65,0.0,0.0,0.246,12.36,0.0
6905,40.88,17.9,9.54,0.0,0.0,0.246,13.43,0.0
6906,39.64,8.43,0.0,0.0,0.0,0.246,31.2,0.0
6907,38.12,16.89,0.0,0.0,0.0,0.246,21.23,0.0
6908,36.39,14.82,0.0,0.0,0.0,0.246,21.57,0.0
6909,34.52,16.22,0.0,0.0,0.0,0.246,18.3,0.0
6910,32.56,7.8,0.0,0.0,1.24,0.246,23.53,0.0
6911,32.56,35.98,0.0,3.41,0.0,0.1,0.0,0.0
6912,32.57,20.3,0.0,0.0,3.08,0.4631,9.2,0.0
6913,32.57,34.71,0.0,2.14,0.0,0.1,0.0,0.0
6914,32.57,33.17,0.0,0.59,0.0,0.3275,0.0,0.0
6915,32.57,13.21,0.0,0.0,0.0,0.3907,19.36,0.0
6916,32.57,13.14,0.0,0.0,2.47,0.3907,16.97,0.0
6917,32.57,40.09,0.0,7.52,0.0,0.1,0.0,0.0
6918,32.57,31.71,0.0,0.0,0.87,0.9,0.0,0.0
6919,34.53,15.5,9.78,0.0,1.51,0.7979,7.73,0.0
6920,36.4,15.88,19.42,0.0,1.1,0.6203,0.0,0.0
6921,38.13,7.18,27.64,0.0,3.31,0.4902,0.0,0.0
6922,39.65,14.36,30.7,5.42,0.0,0.1,0.0,0.0
6923,40.89,4.44,38.55,2.1,0.0,0.6763,0.0,0.0
6924,41.81,0.0,40.84,0.0,0.98,0.9,0.0,0.0
6925,42.38,0.0,39.11,0.0,3.28,0.7848,0.0,0.0
6926,42.57,11.1,34.0,2.52,0.0,0.3985,0.0,0.0
6927,42.38,3.21,28.5,0.0,3.89,0.6669,6.77,0.0
6928,41.81,13.3,20.08,0.0,0.0,0.2077,8.44,0.0
6929,40.89,7.22,9.88,0.0,0.0,0.2077,23.79,0.0
6930,39.65,11.6,0.0,0.0,0.0,0.2077,28.05,0.0
6931,38.13,26.64,0.0,0.0,0.0,0.2077,11.49,0.0
6932,36.4,23.74,0.0,0.0,0.0,0.2077,12.66,0.0
6933,34.53,23.34,0.0,0.0,0.0,0.2077,11.18,0.0
6934,32.57,31.66,0.0,0.0,0.91,0.2077,0.0,0.0
6935,32.57,29.29,0.0,0.0,0.0,0.1,3.28,0.0
6936,32.59,37.36,0.0,4.78,0.0,0.1,0.0,0.0
6937,32.59,21.96,0.0,0.0,0.0,0.6085,10.63,0.0
6938,32.59,21.4,0.0,0.0,0.0,0.6085,11.18,0.0
6939,32.59,13.22,0.0,0.0,0.0,0.6085,19.36,0.0
6940,32.59,18.5,0.0,0.0,0.0,0.6085,14.08,0.0
6941,32.59,27.65,0.0,0.0,0.0,0.6085,4.93,0.0
6942,32.59,28.26,0.0,0.0,0.0,0.6085,4.32,0.0
6943,34.54,23.51,7.84,0.0,0.0,0.6085,3.19,0.0
6944,36.41,0.0,17.82,0.0,4.31,0.6085,14.28,0.0
6945,38.14,20.92,24.73,7.52,0.0,0.1,0.0,0.0
6946,39.66,0.0,33.57,0.0,6.08,0.9,0.0,0.0
6947,40.9,17.4,22.8,0.0,0.7,0.1829,0.0,0.0
6948,41.82,1.95,39.88,0.0,0.0,0.1,0.0,0.0
6949,42.39,15.85,34.06,7.52,0.0,0.1,0.0,0.0
6950,42.59,0.48,33.01,0.0,6.78,0.9,2.31,0.0
6951,42.39,21.62,28.29,7.52,0.0,0.1,0.0,0.0
6952,41.82,2.34,19.47,0.0,6.78,0.9,13.23,0.0
6953,40.9,10.58,7.84,0.0,0.0,0.1,22.48,0.0
6954,39.66,10.02,0.0,0.0,0.0,0.1,29.64,0.0
6955,38.14,6.07,0.0,0.0,0.0,0.1,32.08,0.0
6956,36.41,22.66,0.0,0.0,0.0,0.1,13.75,0.0
6957,34.54,34.54,0.0,0.0,0.0,0.1,0.0,0.0
6958,32.59,40.1,0.0,7.52,0.0,0.1,0.0,0.0
6959,32.59,26.38,0.0,0.0,6.21,0.9,0.0,0.0
6960,32.6,34.88,0.0,2.28,0.0,0.1683,0.0,0.0
6961,32.6,27.58,0.0,0.0,0.0,0.4108,5.01,0.0
6962,32.6,28.91,0.0,0.0,0.0,0.4108,3.69,0.0
6963,32.6,20.97,0.0,0.0,0.0,0.4108,11.63,0.0
6964,32.6,23.59,0.0,0.0,2.64,0.4108,6.37,0.0
6965,32.6,24.39,0.0,0.0,0.0,0.1,8.2,0.0
6966,32.6,13.48,0.0,0.0,0.0,0.1,19.12,0.0
6967,34.55,15.4,8.85,0.0,0.0,0.1,10.3,0.0
6968,36.42,13.64,19.99,0.0,0.0,0.1,2.8,0.0
6969,38.15,19.02,26.37,7.24,0.0,0.1,0.0,0.0
6970,39.67,2.73,32.74,0.0,4.19,0.8701,0.0,0.0
6971,40.91,9.99,28.58,0.0,2.34,0.3758,0.0,0.0
6972,41.84,25.31,24.04,7.52,0.0,0.1,0.0,0.0
6973,42.41,19.64,15.98,0.0,6.78,0.9,0.0,0.0
6974,42.6,21.91,28.21,7.52,0.0,0.1,0.0,0.0
6975,42.41,12.65,26.68,0.0,3.07,0.9,0.0,0.0
6976,41.84,16.65,19.5,0.0,0.0,0.5377,5.69,0.0
6977,40.91,23.97,8.76,0.0,0.0,0.5377,8.18,0.0
6978,39.67,30.46,0.0,0.0,0.0,0.5377,9.21,0.0
6979,38.15,4.63,0.0,0.0,0.0,0.5377,33.52,0.0
6980,36.42,11.6,0.0,0.0,0.0,0.5377,24.83,0.0
6981,34.55,34.08,0.0,0.0,0.47,0.5377,0.0,0.0
6982,32.6,22.75,0.0,0.0,0.0,0.4827,9.85,0.0
6983,32.6,20.41,0.0,0.0,0.0,0.4827,12.19,0.0
6984,32.61,16.18,0.0,0.0,3.25,0.4827,13.18,0.0
6985,32.61,21.46,0.0,0.0,0.0,0.1,11.14,0.0
6986,32.61,13.94,0.0,0.0,0.0,0.1,18.67,0.0
6987,32.61,40.13,0.0,7.52,0.0,0.1,0.0,0.0
6988,32.61,21.99,0.0,0.0,6.28,0.9,4.34,0.0
6989,32.61,19.8,0.0,0.0,0.0,0.1596,12.81,0.0
6990,32.61,22.87,0.0,0.0,0.0,0.1596,9.74,0.0
6991,34.56,23.79,10.27,0.0,0.51,0.1596,0.0,0.0
6992,36.44,21.74,18.05,3.36,0.0,0.1,0.0,0.0
6993,38.17,21.11,21.22,4.16,0.0,0.457,0.0,0.0
6994,39.68,6.32,26.58,0.0,6.78,0.9,0.0,0.0
6995,40.92,3.32,37.6,0.0,0.0,0.1,0.0,0.0
6996,41.85,16.37,33.0,7.52,0.0,0.1,0.0,0.0
6997,42.42,6.35,36.07,0.0,0.0,0.9,0.0,0.0
6998,42.61,11.29,31.32,0.0,0.0,0.9,0.0,0.0
6999,42.42,15.75,26.66,0.0,0.0,0.9,0.0,0.0
7000,41.85,20.47,17.84,0.0,3.54,0.9,0.0,0.0
7001,40.92,2.03,9.07,0.0,0.0,0.4825,29.82,0.0
7002,39.68,23.88,0.0,0.0,3.24,0.4825,12.56,0.0
7003,38.17,18.4,0.0,0.0,0.0,0.1,19.76,0.0
7004,36.44,27.79,0.0,0.0,0.0,0.1,8.65,0.0
7005,34.56,29.98,0.0,0.0,0.0,0.1,4.58,0.0
7006,32.61,36.12,0.0,3.51,0.0,0.1,0.0,0.0
7007,32.61,36.62,0.0,4.01,0.0,0.4736,0.0,0.0
7008,32.62,28.25,0.0,0.0,4.37,0.9,0.0,0.0
7009,32.62,37.46,0.0,4.84,0.0,0.3848,0.0,0.0
7010,32.62,27.52,0.0,0.0,5.1,0.9,0.0,0.0
7011,32.62,24.2,0.0,0.0,0.0,0.2986,8.42,0.0
7012,32.62,29.23,0.0,0.0,0.0,0.2986,3.39,0.0
7013,32.62,26.2,0.0,0.0,0.0,0.2986,6.42,0.0
7014,32.62,15.88,0.0,0.0,0.0,0.2986,16.74,0.0
7015,34.57,19.49,7.89,0.0,1.68,0.2986,5.51,0.0
7016,36.45,14.08,19.61,0.0,0.0,0.1,2.75,0.0
7017,38.18,5.94,28.38,0.0,0.0,0.1,3.86,0.0
7018,39.69,21.7,17.99,0.0,0.0,0.1,0.0,0.0
7019,40.94,3.77,37.17,0.0,0.0,0.1,0.0,0.0
7020,41.86,26.66,22.72,7.52,0.0,0.1,0.0,0.0
7021,42.43,0.0,37.24,0.0,5.19,0.9,0.0,0.0
7022,42.62,7.04,33.76,0.0,0.0,0.2875,1.83,0.0
7023,42.43,12.98,26.82,0.0,0.0,0.2875,2.63,0.0
7024,41.86,23.39,18.38,0.0,0.09,0.2875,0.0,0.0
7025,40.94,19.45,9.63,0.0,0.0,0.2768,11.86,0.0
7026,39.69,20.8,0.0,0.0,0.0,0.2768,18.9,0.0
7027,38.18,11.44,0.0,0.0,0.0,0.2768,26.74,0.0
7028,36.45,13.12,0.0,0.0,0.0,0.2768,23.33,0.0
7029,34.57,26.51,0.0,0.0,0.0,0.2768,8.07,0.0
7030,32.62,14.38,0.0,0.0,0.0,0.2768,18.24,0.0
7031,32.62,21.78,0.0,0.0,0.0,0.2768,10.84,0.0
7032,32.64,30.38,0.0,0.0,1.5,0.2768,0.76,0.0
7033,32.64,18.33,0.0,0.0,0.0,0.1,14.3,0.0
7034,32.64,38.08,0.0,5.45,0.0,0.1,0.0,0.0
7035,32.64,33.79,0.0,1.16,0.0,0.6797,0.0,0.0
7036,32.64,9.96,0.0,0.0,5.96,0.8029,16.72,0.0
7037,32.64,13.11,0.0,0.0,0.0,0.1,19.52,0.0
7038,32.64,0.31,0.0,0.0,0.0,0.1,32.32,0.0
7039,34.59,10.19,8.35,0.0,0.0,0.1,16.05,0.0
7040,36.46,20.58,20.21,4.32,0.0,0.1,0.0,0.0
7041,38.19,7.97,26.32,0.0,3.9,0.5602,0.0,0.0
7042,39.71,14.08,33.15,7.52,0.0,0.1,0.0,0.0
7043,40.95,0.0,34.17,0.0,6.78,0.9,0.0,0.0
7044,41.87,16.86,32.53,7.52,0.0,0.1,0.0,0.0
7045,42.44,6.39,36.06,0.0,0.0,0.9,0.0,0.0
7046,42.64,11.68,30.95,0.0,0.0,0.9,0.0,0.0
7047,42.44,12.11,27.46,0.0,2.88,0.9,0.0,0.0
7048,41.87,4.4,18.0,0.0,0.0,0.5607,19.48,0.0
7049,40.95,7.25,9.02,0.0,0.0,0.5607,24.68,0.0
7050,39.71,26.15,0.0,0.0,0.0,0.5607,13.56,0.0
7051,38.19,23.68,0.0,0.0,0.0,0.5607,14.51,0.0
7052,36.46,30.77,0.0,0.0,0.0,0.5607,5.69,0.0
7053,34.59,26.65,0.0,0.0,0.0,0.5607,7.93,0.0
7054,32.64,26.47,0.0,0.0,0.0,0.5607,6.16,0.0
7055,32.64,12.43,0.0,0.0,3.91,0.5607,16.3,0.0
7056,32.65,24.38,0.0,0.0,0.0,0.1,8.27,0.0
7057,32.65,26.04,0.0,0.0,0.0,0.1,6.61,0.0
7058,32.65,40.17,0.0,7.52,0.0,0.1,0.0,0.0
7059,32.65,29.66,0.0,0.0,2.99,0.9,0.0,0.0
7060,32.65,34.76,0.0,2.11,0.0,0.5473,0.0,0.0
7061,32.65,25.39,0.0,0.0,4.99,0.7714,2.27,0.0
7062,32.65,12.94,0.0,0.0,0.0,0.1827,19.71,0.0
7063,34.6,17.47,9.31,0.0,0.0,0.1827,7.83,0.0
7064,36.48,16.5,19.28,0.0,0.7,0.1827,0.0,0.0
7065,38.21,5.52,27.21,0.0,0.0,0.1,5.47,0.0
7066,39.72,6.42,33.3,0.0,0.0,0.1,0.0,0.0
7067,40.97,3.8,37.17,0.0,0.0,0.1,0.0,0.0
7068,41.89,23.4,26.01,7.52,0.0,0.1,0.0,0.0
7069,42.46,0.0,35.67,0.0,6.78,0.9,0.0,0.0
7070,42.65,21.29,28.88,7.52,0.0,0.1,0.0,0.0
7071,42.46,5.54,28.17,0.0,6.78,0.9,1.96,0.0
7072,41.89,3.73,19.59,0.0,0.0,0.1,18.57,0.0
7073,40.97,25.9,8.91,0.0,0.0,0.1,6.15,0.0
7074,39.72,24.4,0.0,0.0,0.0,0.1,15.32,0.0
7075,38.21,30.61,0.0,0.0,0.0,0.1,7.6,0.0
7076,36.48,28.92,0.0,0.0,0.0,0.1,7.56,0.0
7077,34.6,40.56,0.0,5.96,0.0,0.1,0.0,0.0
7078,32.65,29.9,0.0,0.0,2.75,0.734,0.0,0.0
7079,32.65,25.02,0.0,0.0,0.0,0.41,7.63,0.0
7080,32.67,29.38,0.0,0.0,2.63,0.41,0.65,0.0
7081,32.67,36.26,0.0,3.6,0.0,0.1,0.0,0.0
7082,32.67,19.41,0.0,0.0,0.0,0.4826,13.26,0.0
7083,32.67,19.16,0.0,0.0,0.0,0.4826,13.51,0.0
7084,32.67,20.24,0.0,0.0,0.0,0.4826,12.43,0.0
7085,32.67,4.06,0.0,0.0,0.89,0.4826,27.71,0.0
7086,32.67,19.82,0.0,0.0,0.0,0.3772,12.85,0.0
7087,34.62,1.69,8.39,0.0,0.0,0.3772,24.54,0.0
7088,36.49,15.17,18.97,0.0,2.35,0.3772,0.0,0.0
7089,38.22,19.97,25.76,7.52,0.0,0.1,0.0,0.0
7090,39.74,8.06,27.28,0.0,4.4,0.9,0.0,0.0
7091,40.98,24.37,16.61,0.0,0.0,0.3809,0.0,0.0
7092,41.9,0.0,39.52,0.0,2.38,0.3809,0.0,0.0
7093,42.47,20.51,29.48,7.52,0.0,0.1,0.0,0.0
7094,42.67,17.2,25.46,0.0,0.0,0.9,0.0,0.0
7095,42.47,0.0,27.24,0.0,6.78,0.9,8.45,0.0
7096,41.9,30.76,18.66,7.52,0.0,0.1,0.0,0.0
7097,40.98,16.16,8.15,0.0,5.92,0.9,10.76,0.0
7098,39.74,11.75,0.0,0.0,0.0,0.2023,27.98,0.0
7099,38.22,9.6,0.0,0.0,0.0,0.2023,28.62,0.0
7100,36.49,20.94,0.0,0.0,0.0,0.2023,15.55,0.0
7101,34.62,23.32,0.0,0.0,0.0,0.2023,11.29,0.0
7102,32.67,26.41,0.0,0.0,0.0,0.2023,6.26,0.0
7103,32.67,24.02,0.0,0.0,0.0,0.2023,8.64,0.0
7104,32.68,31.81,0.0,0.0,0.87,0.2023,0.0,0.0
7105,32.68,23.44,0.0,0.0,0.0,0.1,9.24,0.0
7106,32.68,10.36,0.0,0.0,0.0,0.1,22.32,0.0
7107,32.68,23.27,0.0,0.0,0.0,0.1,9.41,0.0
7108,32.68,4.02,0.0,0.0,0.0,0.1,28.66,0.0
7109,32.68,23.71,0.0,0.0,0.0,0.1,8.97,0.0
7110,32.68,11.07,0.0,0.0,0.0,0.1,21.61,0.0
7111,34.63,18.09,9.02,0.0,0.0,0.1,7.53,0.0
7112,36.51,24.04,19.99,7.52,0.0,0.1,0.0,0.0
7113,38.24,5.7,25.75,0.0,6.78,0.9,0.0,0.0
7114,39.75,20.4,19.36,0.0,0.0,0.1,0.0,0.0
7115,41.0,7.74,33.26,0.0,0.0,0.1,0.0,0.0
7116,41.92,24.83,24.61,7.52,0.0,0.1,0.0,0.0
7117,42.49,8.28,34.21,0.0,0.0,0.9,0.0,0.0
7118,42.68,5.3,33.82,0.0,3.56,0.9,0.0,0.0
7119,42.49,18.69,27.61,3.81,0.0,0.4797,0.0,0.0
7120,41.92,11.42,18.63,0.0,5.45,0.8849,6.43,0.0
7121,41.0,10.11,7.7,0.0,0.0,0.242,23.19,0.0
7122,39.75,15.05,0.0,0.0,0.0,0.242,24.7,0.0
7123,38.24,20.55,0.0,0.0,0.0,0.242,17.69,0.0
7124,36.51,33.47,0.0,0.0,0.0,0.242,3.04,0.0
7125,34.63,9.1,0.0,0.0,0.0,0.242,25.53,0.0
7126,32.68,25.91,0.0,0.0,0.0,0.242,6.78,0.0
7127,32.68,31.48,0.0,0.0,1.2,0.242,0.0,0.0
7128,32.7,28.45,0.0,0.0,0.0,0.1,4.25,0.0
7129,32.7,37.04,0.0,4.34,0.0,0.1,0.0,0.0
7130,32.7,25.26,0.0,0.0,0.0,0.5622,7.44,0.0
7131,32.7,23.12,0.0,0.0,3.92,0.5622,5.66,0.0
7132,32.7,27.65,0.0,0.0,0.0,0.1,5.05,0.0
7133,32.7,21.82,0.0,0.0,0.0,0.1,10.88,0.0
7134,32.7,15.87,0.0,0.0,0.0,0.1,16.82,0.0
7135,34.65,21.02,8.33,0.0,0.0,0.1,5.3,0.0
7136,36.52,9.82,18.06,0.0,0.0,0.1,8.64,0.0
7137,38.25,8.51,25.66,0.0,0.0,0.1,4.09,0.0
7138,39.77,5.91,33.86,0.0,0.0,0.1,0.0,0.0
7139,41.01,22.05,26.48,7.52,0.0,0.1,0.0,0.0
7140,41.94,0.0,35.15,0.0,6.78,0.9,0.0,0.0
7141,42.51,14.44,35.58,7.52,0.0,0.1,0.0,0.0
7142,42.7,12.37,30.33,0.0,0.0,0.9,0.0,0.0
7143,42.51,0.01,26.42,0.0,5.49,0.9,10.58,0.0
7144,41.94,17.46,18.56,0.0,0.0,0.2525,5.91,0.0
7145,41.01,20.69,8.05,0.0,0.0,0.2525,12.26,0.0
7146,39.77,23.65,0.0,0.0,0.0,0.2525,16.11,0.0
7147,38.25,0.0,0.0,0.0,0.0,0.2525,38.25,0.0
7148,36.52,33.79,0.0,0.0,0.0,0.2525,2.73,0.0
7149,34.65,18.73,0.0,0.0,0.0,0.2525,15.92,0.0
7150,32.7,31.3,0.0,0.0,0.0,0.2525,1.4,0.0
7151,32.7,32.53,0.0,0.0,0.17,0.2525,0.0,0.0
7152,32.71,20.08,0.0,0.0,0.0,0.2322,12.64,0.0
7153,32.71,32.01,0.0,0.0,0.7,0.2322,0.0,0.0
7154,32.71,22.91,0.0,0.0,0.0,0.1492,9.8,0.0
7155,32.71,8.27,0.0,0.0,0.0,0.1492,24.45,0.0
7156,32.71,32.34,0.0,0.0,0.38,0.1492,0.0,0.0
7157,32.71,15.0,0.0,0.0,0.0,0.1049,17.72,0.0
7158,32.71,12.31,0.0,0.0,0.0,0.1049,20.4,0.0
7159,34.67,13.84,9.77,0.0,0.0,0.1049,11.05,0.0
7160,36.54,17.29,19.21,0.0,0.04,0.1049,0.0,0.0
7161,38.27,13.03,25.24,0.0,0.0,0.1,0.0,0.0
7162,39.79,16.57,30.73,7.52,0.0,0.1,0.0,0.0
7163,41.03,0.79,33.45,0.0,6.78,0.9,0.0,0.0
7164,41.95,5.26,36.69,0.0,0.0,0.1,0.0,0.0
7165,42.52,10.51,32.01,0.0,0.0,0.1,0.0,0.0
7166,42.71,27.29,22.94,7.52,0.0,0.1,0.0,0.0
7167,42.52,12.58,27.95,0.0,1.99,0.9,0.0,0.0
7168,41.95,23.74,19.41,1.2,0.0,0.6653,0.0,0.0
7169,41.03,17.35,7.67,0.0,5.87,0.7925,10.14,0.0
7170,39.79,15.26,0.0,0.0,0.0,0.1,24.53,0.0
7171,38.27,19.19,0.0,0.0,0.0,0.1,19.08,0.0
7172,36.54,21.73,0.0,0.0,0.0,0.1,14.81,0.0
7173,34.67,29.5,0.0,0.0,0.0,0.1,5.16,0.0
7174,32.71,36.89,0.0,4.17,0.0,0.1,0.0,0.0
7175,32.71,29.62,0.0,0.0,3.09,0.544,0.0,0.0
7176,32.73,36.59,0.0,3.85,0.0,0.1794,0.0,0.0
7177,32.73,19.23,0.0,0.0,0.0,0.5896,13.5,0.0
7178,32.73,22.81,0.0,0.0,0.0,0.5896,9.93,0.0
7179,32.73,19.09,0.0,0.0,0.0,0.5896,13.65,0.0
7180,32.73,25.69,0.0,0.0,4.15,0.5896,2.89,0.0
7181,32.73,18.43,0.0,0.0,0.0,0.1,14.31,0.0
7182,32.73,25.02,0.0,0.0,0.0,0.1,7.72,0.0
7183,34.68,9.78,9.38,0.0,0.0,0.1,15.53,0.0
7184,36.56,15.59,17.54,0.0,0.0,0.1,3.42,0.0
7185,38.29,19.06,25.75,6.52,0.0,0.1,0.0,0.0
7186,39.8,0.0,32.36,0.0,5.88,0.7939,1.56,0.0
7187,41.05,28.4,20.17,7.52,0.0,0.1,0.0,0.0
7188,41.97,9.03,32.94,0.0,0.0,0.9,0.0,0.0
7189,42.54,0.0,36.26,0.0,6.28,0.9,0.0,0.0
7190,42.73,13.6,31.9,2.77,0.0,0.1593,0.0,0.0
7191,42.54,13.87,25.51,0.0,0.0,0.4544,3.16,0.0
7192,41.97,14.6,17.76,0.0,0.0,0.4544,9.61,0.0
7193,41.05,25.04,8.57,0.0,0.0,0.4544,7.44,0.0
7194,39.8,25.16,0.0,0.0,3.01,0.4544,11.64,0.0
7195,38.29,23.64,0.0,0.0,0.0,0.1,14.65,0.0
7196,36.56,26.77,0.0,0.0,0.0,0.1,9.79,0.0
7197,34.68,24.01,0.0,0.0,0.0,0.1,10.68,0.0
7198,32.73,40.19,0.0,7.46,0.0,0.1,0.0,0.0
7199,32.73,15.15,0.0,0.0,2.62,0.8941,14.97,0.0
7200,32.75,28.39,0.0,0.0,0.0,0.5856,4.36,0.0
7201,32.75,27.53,0.0,0.0,0.0,0.5856,5.22,0.0
7202,32.75,32.68,0.0,0.0,0.07,0.5856,0.0,0.0
7203,32.75,18.26,0.0,0.0,0.0,0.5771,14.49,0.0
7204,32.75,9.47,0.0,0.0,0.0,0.5771,23.28,0.0
7205,32.75,22.65,0.0,0.0,0.0,0.5771,10.11,0.0
7206,32.75,21.58,0.0,0.0,0.0,0.5771,11.17,0.0
7207,34.7,29.12,8.62,3.03,0.0,0.5771,0.0,0.0
7208,36.58,5.29,18.73,0.0,6.78,0.9,5.78,0.0
7209,38.31,22.9,22.93,7.52,0.0,0.1,0.0,0.0
7210,39.82,31.27,4.24,0.0,4.32,0.9,0.0,0.0
7211,41.07,8.68,37.17,4.79,0.0,0.3907,0.0,0.0
7212,41.99,1.16,39.32,0.0,1.51,0.9,0.0,0.0
7213,42.56,3.02,35.86,0.0,3.69,0.7216,0.0,0.0
7214,42.75,12.58,33.23,3.06,0.0,0.287,0.0,0.0
7215,42.56,18.21,27.05,2.7,0.0,0.6129,0.0,0.0
7216,41.99,10.68,18.58,0.0,6.78,0.9,5.94,0.0
7217,41.07,29.64,8.85,0.0,0.0,0.1,2.58,0.0
7218,39.82,10.5,0.0,0.0,0.0,0.1,29.33,0.0
7219,38.31,7.59,0.0,0.0,0.0,0.1,30.71,0.0
7220,36.58,32.1,0.0,0.0,0.0,0.1,4.48,0.0
7221,34.7,6.9,0.0,0.0,0.0,0.1,27.8,0.0
7222,32.75,24.6,0.0,0.0,0.0,0.1,8.15,0.0
7223,32.75,40.27,0.0,7.52,0.0,0.1,0.0,0.0
7224,32.77,27.31,0.0,0.0,5.46,0.9,0.0,0.0
7225,32.77,18.24,0.0,0.0,0.0,0.2565,14.53,0.0
7226,32.77,25.89,0.0,0.0,0.0,0.2565,6.88,0.0
7227,32.77,24.68,0.0,0.0,0.0,0.2565,8.09,0.0
7228,32.77,24.71,0.0,0.0,1.33,0.2565,6.73,0.0
7229,32.77,26.78,0.0,0.0,0.0,0.1,5.99,0.0
7230,32.77,11.22,0.0,0.0,0.0,0.1,21.55,0.0
7231,34.72,30.81,9.8,5.89,0.0,0.1,0.0,0.0
7232,36.6,17.44,13.84,0.0,5.32,0.7268,0.0,0.0
7233,38.33,19.62,18.7,0.0,0.0,0.1,0.0,0.0
7234,39.84,7.61,32.24,0.0,0.0,0.1,0.0,0.0
7235,41.08,22.01,26.59,7.52,0.0,0.1,0.0,0.0
7236,42.01,3.27,38.74,0.0,0.0,0.9,0.0,0.0
7237,42.58,14.0,28.57,0.0,0.0,0.9,0.0,0.0
7238,42.77,5.18,31.89,0.0,5.7,0.9,0.0,0.0
7239,42.58,5.94,27.22,0.0,0.0,0.228,9.42,0.0
7240,42.01,20.96,18.41,0.0,0.0,0.228,2.64,0.0
7241,41.08,13.89,8.43,0.0,0.0,0.228,18.76,0.0
7242,39.84,12.69,0.0,0.0,0.0,0.228,27.15,0.0
7243,38.33,16.42,0.0,0.0,0.0,0.228,21.91,0.0
7244,36.6,28.99,0.0,0.0,0.0,0.228,7.61,0.0
7245,34.72,20.09,0.0,0.0,0.0,0.228,14.63,0.0
7246,32.77,25.41,0.0,0.0,0.0,0.228,7.36,0.0
7247,32.77,27.26,0.0,0.0,0.0,0.228,5.51,0.0
7248,32.79,12.31,0.0,0.0,0.0,0.228,20.48,0.0
7249,32.79,15.58,0.0,0.0,0.0,0.228,17.21,0.0
7250,32.79,29.14,0.0,0.0,0.0,0.228,3.65,0.0
7251,32.79,19.35,0.0,0.0,0.0,0.228,13.44,0.0
7252,32.79,31.95,0.0,0.0,0.84,0.228,0.0,0.0
7253,32.79,29.32,0.0,0.0,0.0,0.1289,3.47,0.0
7254,32.79,25.3,0.0,0.0,0.24,0.1289,7.25,0.0
7255,34.74,31.98,8.73,5.98,0.0,0.1,0.0,0.0
7256,36.62,13.84,17.39,0.0,5.39,0.736,0.0,0.0
7257,38.35,12.29,26.05,0.0,0.0,0.1,0.0,0.0
7258,39.86,6.9,32.96,0.0,0.0,0.1,0.0,0.0
7259,41.1,31.39,9.71,0.0,0.0,0.1,0.0,0.0
7260,42.03,27.4,14.63,0.0,0.0,0.1,0.0,0.0
7261,42.6,12.01,30.58,0.0,0.0,0.1,0.0,0.0
7262,42.79,15.78,27.01,0.0,0.0,0.1,0.0,0.0
7263,42.6,24.77,25.35,7.52,0.0,0.1,0.0,0.0
7264,42.03,14.45,17.18,0.0,6.78,0.9,3.61,0.0
7265,41.1,12.32,8.13,0.0,0.0,0.1,20.65,0.0
7266,39.86,26.53,0.0,0.0,0.0,0.1,13.33,0.0
7267,38.35,22.27,0.0,0.0,0.0,0.1,16.08,0.0
7268,36.62,25.01,0.0,0.0,0.0,0.1,11.6,0.0
7269,34.74,18.58,0.0,0.0,0.0,0.1,16.16,0.0
7270,32.79,12.83,0.0,0.0,0.0,0.1,19.96,0.0
7271,32.79,29.13,0.0,0.0,0.0,0.1,3.66,0.0
7272,32.81,34.83,0.0,2.02,0.0,0.1,0.0,0.0
7273,32.81,25.59,0.0,0.0,1.83,0.3154,5.4,0.0
7274,32.81,37.99,0.0,5.18,0.0,0.1,0.0,0.0
7275,32.81,19.74,0.0,0.0,0.0,0.6512,13.08,0.0
7276,32.81,15.31,0.0,0.0,4.67,0.6512,12.83,0.0
7277,32.81,21.23,0.0,0.0,0.0,0.1,11.58,0.0
7278,32.81,19.05,0.0,0.0,0.0,0.1,13.76,0.0
7279,34.76,23.77,9.1,0.0,0.0,0.1,1.89,0.0
7280,36.64,9.59,17.63,0.0,0.0,0.1,9.42,0.0
7281,38.37,24.96,15.54,2.13,0.0,0.1,0.0,0.0
7282,39.88,28.45,11.43,0.0,0.0,0.3269,0.0,0.0
7283,41.12,5.4,35.73,0.0,0.0,0.3269,0.0,0.0
7284,42.05,21.69,20.36,0.0,0.0,0.3269,0.0,0.0
7285,42.62,3.65,37.04,0.0,1.92,0.3269,0.0,0.0
7286,42.81,21.37,28.96,7.52,0.0,0.1,0.0,0.0
7287,42.62,22.41,20.21,0.0,0.0,0.9,0.0,0.0
7288,42.05,22.6,18.26,0.0,1.2,0.9,0.0,0.0
7289,41.12,17.53,9.11,0.0,0.0,0.7587,14.48,0.0
7290,39.88,0.0,0.0,0.0,5.59,0.7587,34.29,0.0
7291,38.37,16.67,0.0,0.0,0.0,0.1,21.7,0.0
7292,36.64,18.71,0.0,0.0,0.0,0.1,17.93,0.0
7293,34.76,17.56,0.0,0.0,0.0,0.1,17.2,0.0
7294,32.81,27.56,0.0,0.0,0.0,0.1,5.25,0.0
7295,32.81,24.05,0.0,0.0,0.0,0.1,8.76,0.0
7296,32.83,21.22,0.0,0.0,0.0,0.1,11.61,0.0
7297,32.83,19.09,0.0,0.0,0.0,0.1,13.74,0.0
7298,32.83,21.02,0.0,0.0,0.0,0.1,11.81,0.0
7299,32.83,34.35,0.0,1.52,0.0,0.1,0.0,0.0
7300,32.83,18.55,0.0,0.0,0.0,0.2613,14.28,0.0
7301,32.83,17.8,0.0,0.0,0.0,0.2613,15.04,0.0
7302,32.83,16.2,0.0,0.0,0.0,0.2613,16.63,0.0
7303,34.78,20.47,7.86,0.0,1.37,0.2613,5.09,0.0
7304,36.66,19.48,19.36,2.18,0.0,0.1,0.0,0.0
7305,38.39,0.0,26.4,0.0,1.97,0.3323,10.01,0.0
7306,39.9,21.06,26.36,7.52,0.0,0.1,0.0,0.0
7307,41.15,23.56,17.58,0.0,0.0,0.9,0.0,0.0
7308,42.07,3.55,38.22,0.0,0.3,0.9,0.0,0.0
7309,42.64,4.44,36.05,0.0,2.15,0.8646,0.0,0.0
7310,42.83,9.38,33.04,0.0,0.41,0.6114,0.0,0.0
7311,42.64,8.21,26.86,0.0,0.0,0.5632,7.57,0.0
7312,42.07,17.64,17.61,0.0,0.0,0.5632,6.82,0.0
7313,41.15,2.32,9.2,0.0,0.0,0.5632,29.63,0.0
7314,39.9,10.95,0.0,0.0,0.0,0.5632,28.95,0.0
7315,38.39,34.1,0.0,0.0,0.0,0.5632,4.28,0.0
7316,36.66,16.43,0.0,0.0,0.0,0.5632,20.23,0.0
7317,34.78,35.32,0.0,0.53,0.0,0.5632,0.0,0.0
7318,32.83,29.53,0.0,0.0,0.0,0.6199,3.31,0.0
7319,32.83,13.13,0.0,0.0,0.0,0.6199,19.7,0.0
7320,32.85,32.93,0.0,0.08,0.0,0.6199,0.0,0.0
7321,32.85,26.68,0.0,0.0,0.0,0.6282,6.17,0.0
7322,32.85,23.21,0.0,0.0,0.0,0.6282,9.65,0.0
7323,32.85,27.51,0.0,0.0,0.0,0.6282,5.35,0.0
7324,32.85,27.69,0.0,0.0,0.0,0.6282,5.17,0.0
7325,32.85,27.62,0.0,0.0,0.0,0.6282,5.23,0.0
7326,32.85,29.3,0.0,0.0,0.0,0.6282,3.55,0.0
7327,34.8,21.13,8.72,0.0,3.42,0.6282,1.54,0.0
7328,36.68,5.06,18.56,0.0,0.0,0.2255,13.06,0.0
7329,38.41,10.57,26.77,0.0,1.06,0.2255,0.0,0.0
7330,39.92,6.69,33.23,0.0,0.0,0.1,0.0,0.0
7331,41.17,18.03,23.14,0.0,0.0,0.1,0.0,0.0
7332,42.09,30.82,11.27,0.0,0.0,0.1,0.0,0.0
7333,42.66,23.36,26.82,7.52,0.0,0.1,0.0,0.0
7334,42.85,14.99,27.86,0.0,0.0,0.9,0.0,0.0
7335,42.66,16.73,24.89,0.0,1.04,0.9,0.0,0.0
7336,42.09,15.69,18.64,0.0,0.08,0.7773,7.68,0.0
7337,41.17,4.09,7.74,0.0,0.0,0.7676,29.33,0.0
7338,39.92,20.09,0.0,0.0,0.0,0.7676,19.83,0.0
7339,38.41,31.61,0.0,0.0,0.0,0.7676,6.79,0.0
7340,36.68,19.16,0.0,0.0,0.0,0.7676,17.52,0.0
7341,34.8,28.83,0.0,0.0,0.0,0.7676,5.97,0.0
7342,32.85,33.58,0.0,0.73,0.0,0.7676,0.0,0.0
7343,32.85,20.39,0.0,0.0,0.0,0.8454,12.46,0.0
7344,32.88,24.42,0.0,0.0,0.0,0.8454,8.46,0.0
7345,32.88,19.65,0.0,0.0,0.0,0.8454,13.22,0.0
7346,32.88,20.41,0.0,0.0,0.0,0.8454,12.46,0.0
7347,32.88,15.45,0.0,0.0,0.0,0.8454,17.42,0.0
7348,32.88,16.88,0.0,0.0,0.0,0.8454,15.99,0.0
7349,32.88,33.39,0.0,0.51,0.0,0.8454,0.0,0.0
7350,32.88,12.8,0.0,0.0,6.78,0.9,13.3,0.0
7351,34.83,19.01,9.21,0.0,0.0,0.1,6.6,0.0
7352,36.7,12.1,17.55,0.0,0.0,0.1,7.05,0.0
7353,38.43,23.81,14.62,0.0,0.0,0.1,0.0,0.0
7354,39.95,23.6,23.87,7.52,0.0,0.1,0.0,0.0
7355,41.19,19.26,15.15,0.0,6.78,0.9,0.0,0.0
7356,42.11,14.55,35.08,7.52,0.0,0.1,0.0,0.0
7357,42.68,10.56,31.62,0.0,0.5,0.9,0.0,0.0
7358,42.88,3.73,32.87,0.0,6.28,0.8406,0.0,0.0
7359,42.68,25.61,24.6,7.52,0.0,0.1,0.0,0.0
7360,42.11,10.06,16.35,0.0,6.78,0.9,8.91,0.0
7361,41.19,23.28,8.83,0.0,0.0,0.1,9.08,0.0
7362,39.95,28.48,0.0,0.0,0.0,0.1,11.47,0.0
7363,38.43,17.71,0.0,0.0,0.0,0.1,20.72,0.0
7364,36.7,32.27,0.0,0.0,0.0,0.1,4.43,0.0
7365,34.83,31.75,0.0,0.0,0.0,0.1,3.08,0.0
7366,32.88,40.39,0.0,7.52,0.0,0.1,0.0,0.0
7367,32.88,24.01,0.0,0.0,0.0,0.9,8.87,0.0
7368,32.9,17.91,0.0,0.0,0.0,0.9,14.99,0.0
7369,32.9,23.83,0.0,0.0,0.0,0.9,9.06,0.0
7370,32.9,28.71,0.0,0.0,0.0,0.9,4.19,0.0
7371,32.9,26.26,0.0,0.0,0.0,0.9,6.64,0.0
7372,32.9,21.03,0.0,0.0,0.0,0.9,11.87,0.0
7373,32.9,7.08,0.0,0.0,6.78,0.9,19.04,0.0
7374,32.9,23.91,0.0,0.0,0.0,0.1,8.98,0.0
7375,34.85,33.78,7.14,6.08,0.0,0.1,0.0,0.0
7376,36.73,19.9,11.35,0.0,5.48,0.7466,0.0,0.0
7377,38.45,19.4,19.05,0.0,0.0,0.1,0.0,0.0
7378,39.97,17.85,29.64,7.52,0.0,0.1,0.0,0.0
7379,41.21,15.66,18.77,0.0,6.78,0.9,0.0,0.0
7380,42.14,19.64,30.02,7.52,0.0,0.1,0.0,0.0
7381,42.71,15.65,27.06,0.0,0.0,0.9,0.0,0.0
7382,42.9,10.82,30.77,0.0,1.3,0.9,0.0,0.0
7383,42.71,8.25,24.35,0.0,3.04,0.7464,7.07,0.0
7384,42.14,14.23,17.75,0.0,0.0,0.3878,10.16,0.0
7385,41.21,20.62,8.01,0.0,0.0,0.3878,12.58,0.0
7386,39.97,17.67,0.0,0.0,0.0,0.3878,22.3,0.0
7387,38.45,24.73,0.0,0.0,0.0,0.3878,13.72,0.0
7388,36.73,27.64,0.0,0.0,0.0,0.3878,9.09,0.0
7389,34.85,32.41,0.0,0.0,2.44,0.3878,0.0,0.0
7390,32.9,37.24,0.0,4.34,0.0,0.1,0.0,0.0
7391,32.9,28.47,0.0,0.0,0.0,0.562,4.43,0.0
7392,32.92,17.85,0.0,0.0,3.92,0.562,11.15,0.0
7393,32.92,25.22,0.0,0.0,0.0,0.1,7.7,0.0
7394,32.92,27.52,0.0,0.0,0.0,0.1,5.4,0.0
7395,32.92,11.33,0.0,0.0,0.0,0.1,21.59,0.0
7396,32.92,35.29,0.0,2.37,0.0,0.1,0.0,0.0
7397,32.92,23.48,0.0,0.0,2.14,0.3518,7.31,0.0
7398,32.92,23.32,0.0,0.0,0.0,0.1,9.6,0.0
7399,34.87,29.08,9.07,3.27,0.0,0.1,0.0,0.0
7400,36.75,11.32,16.28,0.0,2.96,0.4485,6.19,0.0
7401,38.48,12.44,26.04,0.0,0.0,0.1,0.0,0.0
7402,39.99,12.55,30.6,3.15,0.0,0.1,0.0,0.0
7403,41.24,11.16,34.44,4.37,0.0,0.4351,0.0,0.0
7404,42.16,6.22,29.15,0.0,6.78,0.9,0.0,0.0
7405,42.73,25.85,24.4,7.52,0.0,0.1,0.0,0.0
7406,42.92,10.44,29.04,0.0,3.45,0.9,0.0,0.0
7407,42.73,20.23,26.32,3.82,0.0,0.4933,0.0,0.0
7408,42.16,1.44,17.77,0.0,6.78,0.9,16.17,0.0
7409,41.24,27.61,8.16,0.0,0.0,0.1,5.47,0.0
7410,39.99,28.65,0.0,0.0,0.0,0.1,11.35,0.0
7411,38.48,23.12,0.0,0.0,0.0,0.1,15.36,0.0
7412,36.75,22.46,0.0,0.0,0.0,0.1,14.29,0.0
7413,34.87,29.08,0.0,0.0,0.0,0.1,5.79,0.0
7414,32.92,40.44,0.0,7.52,0.0,0.1,0.0,0.0
7415,32.92,13.96,0.0,0.0,6.78,0.9,12.17,0.0
7416,32.95,34.55,0.0,1.61,0.0,0.1,0.0,0.0
7417,32.95,20.84,0.0,0.0,0.0,0.2712,12.11,0.0
7418,32.95,27.12,0.0,0.0,0.0,0.2712,5.82,0.0
7419,32.95,24.05,0.0,0.0,0.0,0.2712,8.89,0.0
7420,32.95,20.98,0.0,0.0,0.0,0.2712,11.97,0.0
7421,32.95,22.38,0.0,0.0,0.8,0.2712,9.77,0.0
7422,32.95,11.4,0.0,0.0,0.0,0.1773,21.54,0.0
7423,34.9,26.52,7.72,0.0,0.66,0.1773,0.0,0.0
7424,36.77,2.19,18.84,0.0,0.0,0.1,15.74,0.0
7425,38.5,19.08,26.09,6.66,0.0,0.1,0.0,0.0
7426,40.02,10.94,29.93,0.85,0.0,0.8091,0.0,0.0
7427,41.26,3.44,31.04,0.0,6.78,0.9,0.0,0.0
7428,42.19,14.07,35.63,7.52,0.0,0.1,0.0,0.0
7429,42.75,0.38,35.46,0.0,6.78,0.9,0.13,0.0
7430,42.95,13.85,32.21,3.11,0.0,0.1,0.0,0.0
7431,42.75,3.5,26.09,0.0,0.0,0.4314,13.17,0.0
7432,42.19,20.1,18.65,0.0,0.0,0.4314,3.44,0.0
7433,41.26,11.01,8.0,0.0,0.0,0.4314,22.25,0.0
7434,40.02,16.83,0.0,0.0,2.81,0.4314,20.38,0.0
7435,38.5,24.8,0.0,0.0,0.0,0.1,13.71,0.0
7436,36.77,18.24,0.0,0.0,0.0,0.1,18.53,0.0
7437,34.9,25.56,0.0,0.0,0.0,0.1,9.34,0.0
7438,32.95,15.26,0.0,0.0,0.0,0.1,17.68,0.0
7439,32.95,32.95,0.0,0.0,0.0,0.1,0.0,0.0
7440,32.97,40.49,0.0,7.52,0.0,0.1,0.0,0.0
7441,32.97,32.97,0.0,0.0,0.0,0.9,0.0,0.0
7442,32.97,28.12,0.0,0.0,4.85,0.9,0.0,0.0
7443,32.97,32.39,0.0,0.0,0.58,0.3277,0.0,0.0
7444,32.97,10.35,0.0,0.0,0.0,0.2592,22.62,0.0
7445,32.97,34.5,0.0,1.53,0.0,0.2592,0.0,0.0
7446,32.97,26.68,0.0,0.0,2.73,0.4223,3.56,0.0
7447,34.92,14.62,8.58,0.0,0.0,0.1,11.72,0.0
7448,36.8,26.37,17.95,7.52,0.0,0.1,0.0,0.0
7449,38.53,12.88,18.86,0.0,6.78,0.9,0.0,0.0
7450,40.04,10.01,30.04,0.0,0.0,0.1,0.0,0.0
7451,41.29,16.62,32.18,7.52,0.0,0.1,0.0,0.0
7452,42.21,4.14,31.29,0.0,6.78,0.9,0.0,0.0
7453,42.78,20.96,29.34,7.52,0.0,0.1,0.0,0.0
7454,42.97,5.26,31.92,0.0,5.79,0.9,0.0,0.0
7455,42.78,6.57,26.0,0.0,0.0,0.2174,10.22,0.0
7456,42.21,9.33,17.47,0.0,0.0,0.2174,15.42,0.0
7457,41.29,24.49,7.64,0.0,0.0,0.2174,9.15,0.0
7458,40.04,15.62,0.0,0.0,0.0,0.2174,24.42,0.0
7459,38.53,11.87,0.0,0.0,0.0,0.2174,26.66,0.0
7460,36.8,19.68,0.0,0.0,0.0,0.2174,17.12,0.0
7461,34.92,25.88,0.0,0.0,0.0,0.2174,9.04,0.0
7462,32.97,18.02,0.0,0.0,0.0,0.2174,14.95,0.0
7463,32.97,19.04,0.0,0.0,1.0,0.2174,12.93,0.0
7464,33.0,40.51,0.0,7.52,0.0,0.1,0.0,0.0
7465,33.0,21.46,0.0,0.0,6.78,0.9,4.75,0.0
7466,33.0,24.94,0.0,0.0,0.0,0.1,8.06,0.0
7467,33.0,23.33,0.0,0.0,0.0,0.1,9.67,0.0
7468,33.0,21.25,0.0,0.0,0.0,0.1,11.74,0.0
7469,33.0,27.62,0.0,0.0,0.0,0.1,5.38,0.0
7470,33.0,28.16,0.0,0.0,0.0,0.1,4.84,0.0
7471,34.95,16.14,8.63,0.0,0.0,0.1,10.17,0.0
7472,36.82,6.84,18.34,0.0,0.0,0.1,11.65,0.0
7473,38.55,25.13,13.42,0.0,0.0,0.1,0.0,0.0
7474,40.07,13.0,29.84,2.77,0.0,0.1,0.0,0.0
7475,41.31,26.7,19.36,4.75,0.0,0.3946,0.0,0.0
7476,42.24,0.0,35.45,0.0,6.78,0.9,0.0,0.0
7477,42.8,14.51,34.35,6.05,0.0,0.1,0.0,0.0
7478,43.0,28.99,15.48,1.47,0.0,0.744,0.0,0.0
7479,42.8,12.21,23.93,0.0,6.67,0.9,0.0,0.0
7480,42.24,14.87,17.67,0.0,0.0,0.1141,9.7,0.0
7481,41.31,20.92,8.67,0.0,0.0,0.1141,11.72,0.0
7482,40.07,16.19,0.0,0.0,0.0,0.1141,23.88,0.0
7483,38.55,20.21,0.0,0.0,0.0,0.1141,18.35,0.0
7484,36.82,21.92,0.0,0.0,0.0,0.1141,14.91,0.0
7485,34.95,21.26,0.0,0.0,0.0,0.1141,13.69,0.0
7486,33.0,37.26,0.0,4.26,0.0,0.1141,0.0,0.0
7487,33.0,31.96,0.0,0.0,1.04,0.5678,0.0,0.0
7488,33.02,30.67,0.0,0.0,0.0,0.4454,2.36,0.0
7489,33.02,34.83,0.0,1.8,0.0,0.4454,0.0,0.0
7490,33.02,25.51,0.0,0.0,4.56,0.6372,2.95,0.0
7491,33.02,20.2,0.0,0.0,0.0,0.1,12.82,0.0
7492,33.02,19.92,0.0,0.0,0.0,0.1,13.1,0.0
7493,33.02,22.81,0.0,0.0,0.0,0.1,10.22,0.0
7494,33.02,12.33,0.0,0.0,0.0,0.1,20.7,0.0
7495,34.97,14.71,8.67,0.0,0.0,0.1,11.59,0.0
7496,36.85,12.67,17.01,0.0,0.0,0.1,7.17,0.0
7497,38.58,20.68,25.42,7.52,0.0,0.1,0.0,0.0
7498,40.09,0.0,30.47,0.0,6.78,0.9,2.84,0.0
7499,41.34,11.64,34.76,5.07,0.0,0.1,0.0,0.0
7500,42.26,26.5,13.21,0.0,2.55,0.6394,0.0,0.0
7501,42.83,14.04,34.07,5.27,0.0,0.3389,0.0,0.0
7502,43.02,19.84,23.18,0.0,0.0,0.9,0.0,0.0
7503,42.83,15.92,24.46,0.0,2.45,0.9,0.0,0.0
7504,42.26,11.47,18.32,0.0,0.0,0.6107,12.48,0.0
7505,41.34,0.88,8.66,0.0,4.33,0.6107,27.47,0.0
7506,40.09,22.37,0.0,0.0,0.0,0.1,17.73,0.0
7507,38.58,16.63,0.0,0.0,0.0,0.1,21.94,0.0
7508,36.85,18.35,0.0,0.0,0.0,0.1,18.5,0.0
7509,34.97,22.39,0.0,0.0,0.0,0.1,12.58,0.0
7510,33.02,33.02,0.0,0.0,0.0,0.1,0.0,0.0
7511,33.02,40.54,0.0,7.52,0.0,0.1,0.0,0.0
7512,33.05,30.51,0.0,0.0,2.54,0.9,0.0,0.0
7513,33.05,24.82,0.0,0.0,4.24,0.6004,3.98,0.0
7514,33.05,18.37,0.0,0.0,0.0,0.1,14.68,0.0
7515,33.05,30.18,0.0,0.0,0.0,0.1,2.87,0.0
7516,33.05,38.97,0.0,5.92,0.0,0.1,0.0,0.0
7517,33.05,20.94,0.0,0.0,3.2,0.73,8.92,0.0
7518,33.05,1.96,0.0,0.0,0.0,0.3532,31.09,0.0
7519,35.0,24.11,8.74,0.0,2.15,0.3532,0.0,0.0
7520,36.88,24.7,16.66,4.48,0.0,0.1,0.0,0.0
7521,38.6,2.64,23.68,0.0,4.05,0.577,8.24,0.0
7522,40.12,15.37,24.75,0.0,0.0,0.1,0.0,0.0
7523,41.36,16.76,24.61,0.0,0.0,0.1,0.0,0.0
7524,42.29,12.32,37.34,7.38,0.0,0.1,0.0,0.0
7525,42.86,6.9,29.3,0.0,6.66,0.8851,0.0,0.0
7526,43.05,22.03,28.53,7.52,0.0,0.1,0.0,0.0
7527,42.86,12.03,26.16,0.0,4.67,0.9,0.0,0.0
7528,42.29,5.08,16.12,0.0,0.0,0.3496,21.09,0.0
7529,41.36,2.52,8.38,0.0,0.0,0.3496,30.47,0.0
7530,40.12,30.85,0.0,0.0,0.0,0.3496,9.27,0.0
7531,38.6,27.8,0.0,0.0,0.0,0.3496,10.81,0.0
7532,36.88,25.51,0.0,0.0,0.0,0.3496,11.36,0.0
7533,35.0,22.96,0.0,0.0,0.0,0.3496,12.04,0.0
7534,33.05,23.52,0.0,0.0,0.0,0.3496,9.53,0.0
7535,33.05,19.97,0.0,0.0,0.0,0.3496,13.08,0.0
7536,33.08,25.46,0.0,0.0,0.0,0.3496,7.61,0.0
7537,33.08,11.79,0.0,0.0,0.0,0.3496,21.29,0.0
7538,33.08,21.98,0.0,0.0,0.0,0.3496,11.09,0.0
7539,33.08,24.1,0.0,0.0,0.0,0.3496,8.98,0.0
7540,33.08,29.76,0.0,0.0,0.0,0.3496,3.31,0.0
7541,33.08,22.69,0.0,0.0,2.12,0.3496,8.27,0.0
7542,33.08,27.26,0.0,0.0,0.0,0.1,5.81,0.0
7543,35.03,29.61,5.42,0.0,0.0,0.1,0.0,0.0
7544,36.9,22.51,18.25,3.85,0.0,0.1,0.0,0.0
7545,38.63,19.07,19.56,0.0,0.0,0.5101,0.0,0.0
7546,40.15,14.17,29.64,3.66,0.0,0.5101,0.0,0.0
7547,41.39,5.49,29.11,0.0,6.78,0.9,0.0,0.0
7548,42.32,18.89,23.43,0.0,0.0,0.1,0.0,0.0
7549,42.88,26.62,16.27,0.0,0.0,0.1,0.0,0.0
7550,43.08,16.79,31.8,5.52,0.0,0.1,0.0,0.0
7551,42.88,19.9,24.99,2.0,0.0,0.6871,0.0,0.0
7552,42.32,4.87,17.0,0.0,6.78,0.9,13.66,0.0
7553,41.39,9.73,8.4,0.0,0.0,0.1,23.26,0.0
7554,40.15,27.74,0.0,0.0,0.0,0.1,12.41,0.0
7555,38.63,25.1,0.0,0.0,0.0,0.1,13.53,0.0
7556,36.9,35.35,0.0,0.0,0.0,0.1,1.55,0.0
7557,35.03,26.44,0.0,0.0,0.0,0.1,8.59,0.0
7558,33.08,20.93,0.0,0.0,0.0,0.1,12.14,0.0
7559,33.08,26.92,0.0,0.0,0.0,0.1,6.15,0.0
7560,33.1,16.83,0.0,0.0,0.0,0.1,16.28,0.0
7561,33.1,19.76,0.0,0.0,0.0,0.1,13.34,0.0
7562,33.1,35.65,0.0,2.55,0.0,0.1,0.0,0.0
7563,33.1,33.6,0.0,0.49,0.0,0.371,0.0,0.0
7564,33.1,27.91,0.0,0.0,0.0,0.4236,5.2,0.0
7565,33.1,9.45,0.0,0.0,1.73,0.4236,21.93,0.0
7566,33.1,18.21,0.0,0.0,0.0,0.2199,14.9,0.0
7567,35.06,9.27,7.05,0.0,0.0,0.2199,18.73,0.0
7568,36.93,26.43,16.9,6.39,0.0,0.2199,0.0,0.0
7569,38.66,10.81,24.53,0.0,3.33,0.9,0.0,0.0
7570,40.18,5.56,29.82,0.0,3.46,0.5079,1.34,0.0
7571,41.42,13.62,35.31,7.52,0.0,0.1,0.0,0.0
7572,42.34,8.03,34.31,0.0,0.0,0.9,0.0,0.0
7573,42.91,25.17,17.75,0.0,0.0,0.9,0.0,0.0
7574,43.1,8.34,31.14,0.0,3.62,0.9,0.0,0.0
7575,42.91,4.33,24.85,0.0,0.0,0.4732,13.73,0.0
7576,42.34,0.0,16.62,0.0,0.0,0.4732,25.72,0.0
7577,41.42,18.76,9.44,0.0,0.0,0.4732,13.23,0.0
7578,40.18,16.59,0.0,0.0,3.17,0.4732,20.42,0.0
7579,38.66,11.76,0.0,0.0,0.0,0.1,26.9,0.0
7580,36.93,34.47,0.0,0.0,0.0,0.1,2.46,0.0
7581,35.06,31.97,0.0,0.0,0.0,0.1,3.09,0.0
7582,33.1,27.71,0.0,0.0,0.0,0.1,5.4,0.0
7583,33.1,39.4,0.0,6.29,0.0,0.1,0.0,0.0
7584,33.13,34.36,0.0,1.22,0.0,0.7697,0.0,0.0
7585,33.13,22.29,0.0,0.0,6.78,0.9,4.05,0.0
7586,33.13,19.78,0.0,0.0,0.0,0.1,13.35,0.0
7587,33.13,33.27,0.0,0.13,0.0,0.1,0.0,0.0
7588,33.13,28.27,0.0,0.0,0.0,0.1142,4.86,0.0
7589,33.13,24.56,0.0,0.0,0.0,0.1142,8.57,0.0
7590,33.13,14.44,0.0,0.0,0.12,0.1142,18.58,0.0
7591,35.08,23.93,8.34,0.0,0.0,0.1,2.81,0.0
7592,36.96,11.19,16.99,0.0,0.0,0.1,8.78,0.0
7593,38.69,12.74,25.95,0.0,0.0,0.1,0.0,0.0
7594,40.2,25.77,21.95,7.52,0.0,0.1,0.0,0.0
7595,41.45,8.24,33.21,0.0,0.0,0.9,0.0,0.0
7596,42.37,0.73,35.71,0.0,5.93,0.9,0.0,0.0
7597,42.94,5.13,33.5,0.0,0.86,0.201,3.45,0.0
7598,43.13,22.18,28.47,7.52,0.0,0.1,0.0,0.0
7599,42.94,17.57,25.01,0.0,0.37,0.9,0.0,0.0
7600,42.37,16.16,16.2,0.0,5.92,0.8566,4.08,0.0
7601,41.45,15.06,7.14,0.0,0.0,0.1587,19.24,0.0
7602,40.2,25.01,0.0,0.0,0.0,0.1587,15.19,0.0
7603,38.69,16.47,0.0,0.0,0.0,0.1587,22.22,0.0
7604,36.96,27.55,0.0,0.0,0.0,0.1587,9.41,0.0
7605,35.08,20.97,0.0,0.0,0.0,0.1587,14.12,0.0
7606,33.13,20.91,0.0,0.0,0.0,0.1587,12.23,0.0
7607,33.13,23.77,0.0,0.0,0.0,0.1587,9.37,0.0
7608,33.16,26.22,0.0,0.0,0.0,0.1587,6.94,0.0
7609,33.16,28.54,0.0,0.0,0.0,0.1587,4.62,0.0
7610,33.16,30.0,0.0,0.0,0.0,0.1587,3.16,0.0
7611,33.16,0.0,0.0,0.0,0.0,0.1587,33.16,0.0
7612,33.16,18.82,0.0,0.0,0.0,0.1587,14.35,0.0
7613,33.16,20.2,0.0,0.0,0.0,0.1587,12.96,0.0
7614,33.16,33.21,0.0,0.05,0.0,0.1587,0.0,0.0
7615,35.11,10.63,8.17,0.0,0.0,0.1637,16.31,0.0
7616,36.99,18.58,17.87,0.0,0.54,0.1637,0.0,0.0
7617,38.72,20.94,25.3,7.52,0.0,0.1,0.0,0.0
7618,40.23,3.96,29.49,0.0,6.78,0.9,0.0,0.0
7619,41.48,16.72,31.77,7.02,0.0,0.1,0.0,0.0
7620,42.4,6.95,35.95,0.5,0.0,0.8465,0.0,0.0
7621,42.97,9.58,33.39,0.0,0.0,0.9,0.0,0.0
7622,43.16,8.01,29.46,0.0,5.69,0.9,0.0,0.0
7623,42.97,9.83,25.3,0.0,1.09,0.2286,6.74,0.0
7624,42.4,32.0,17.92,7.52,0.0,0.1,0.0,0.0
7625,41.48,25.91,9.13,0.0,6.44,0.9,0.0,0.0
7626,40.23,30.01,0.0,0.0,0.0,0.141,10.23,0.0
7627,38.72,27.22,0.0,0.0,0.0,0.141,11.5,0.0
7628,36.99,12.48,0.0,0.0,0.0,0.141,24.51,0.0
7629,35.11,30.01,0.0,0.0,0.35,0.141,4.76,0.0
7630,33.16,36.65,0.0,3.49,0.0,0.1,0.0,0.0
7631,33.16,22.15,0.0,0.0,3.15,0.4716,7.86,0.0
7632,33.19,33.19,0.0,0.0,0.0,0.1,0.0,0.0
7633,33.19,33.19,0.0,0.0,0.0,0.1,0.0,0.0
7634,33.19,40.71,0.0,7.52,0.0,0.1,0.0,0.0
7635,33.19,23.66,0.0,0.0,6.35,0.9,3.18,0.0
7636,33.19,16.61,0.0,0.0,0.0,0.1512,16.58,0.0
7637,33.19,20.54,0.0,0.0,0.0,0.1512,12.65,0.0
7638,33.19,32.76,0.0,0.0,0.43,0.1512,0.0,0.0
7639,35.14,4.79,7.22,0.0,0.0,0.1,23.14,0.0
7640,37.02,0.97,15.63,0.0,0.0,0.1,20.42,0.0
7641,38.75,16.45,22.29,0.0,0.0,0.1,0.0,0.0
7642,40.26,9.23,31.3,0.27,0.0,0.1,0.0,0.0
7643,41.51,13.75,35.01,7.25,0.0,0.1283,0.0,0.0
7644,42.43,20.92,21.51,0.0,0.0,0.9,0.0,0.0
7645,43.0,9.3,33.14,0.0,0.55,0.9,0.0,0.0
7646,43.19,0.0,30.0,0.0,6.23,0.8346,6.96,0.0
7647,43.0,25.66,24.86,7.52,0.0,0.1,0.0,0.0
7648,42.43,9.47,17.51,0.0,6.78,0.9,8.66,0.0
7649,41.51,10.9,8.55,0.0,0.0,0.1,22.06,0.0
7650,40.26,30.12,0.0,0.0,0.0,0.1,10.14,0.0
7651,38.75,20.36,0.0,0.0,0.0,0.1,18.39,0.0
7652,37.02,24.83,0.0,0.0,0.0,0.1,12.19,0.0
7653,35.14,30.81,0.0,0.0,0.0,0.1,4.34,0.0
7654,33.19,36.84,0.0,3.65,0.0,0.1,0.0,0.0
7655,33.19,26.38,0.0,0.0,3.29,0.4881,3.52,0.0
7656,33.22,40.74,0.0,7.52,0.0,0.1,0.0,0.0
7657,33.22,12.17,0.0,0.0,6.78,0.9,14.27,0.0
7658,33.22,34.36,0.0,1.14,0.0,0.1,0.0,0.0
7659,33.22,20.41,0.0,0.0,0.0,0.2217,12.82,0.0
7660,33.22,36.32,0.0,3.1,0.0,0.2217,0.0,0.0
7661,33.22,24.64,0.0,0.0,3.83,0.5517,4.75,0.0
7662,33.22,16.11,0.0,0.0,0.0,0.1,17.11,0.0
7663,35.17,24.66,6.94,0.0,0.0,0.1,3.57,0.0
7664,37.05,24.58,12.47,0.0,0.0,0.1,0.0,0.0
7665,38.78,20.94,25.36,7.52,0.0,0.1,0.0,0.0
7666,40.29,2.11,31.4,0.0,6.78,0.9,0.0,0.0
7667,41.54,9.94,33.37,1.78,0.0,0.1,0.0,0.0
7668,42.46,13.48,27.37,0.0,1.6,0.2891,0.0,0.0
7669,43.03,13.46,30.73,1.16,0.0,0.1,0.0,0.0
7670,43.22,20.53,29.04,6.36,0.0,0.2235,0.0,0.0
7671,43.03,0.0,24.79,0.0,6.78,0.9,11.46,0.0
7672,42.46,20.14,15.67,0.0,0.0,0.1,6.65,0.0
7673,41.54,17.1,8.59,0.0,0.0,0.1,15.84,0.0
7674,40.29,14.8,0.0,0.0,0.0,0.1,25.49,0.0
7675,38.78,17.62,0.0,0.0,0.0,0.1,21.16,0.0
7676,37.05,23.72,0.0,0.0,0.0,0.1,13.32,0.0
7677,35.17,0.0,0.0,0.0,0.0,0.1,35.17,0.0
7678,33.22,22.76,0.0,0.0,0.0,0.1,10.46,0.0
7679,33.22,22.17,0.0,0.0,0.0,0.1,11.05,0.0
7680,33.25,33.72,0.0,0.47,0.0,0.1,0.0,0.0
7681,33.25,22.83,0.0,0.0,0.0,0.1502,10.42,0.0
7682,33.25,26.72,0.0,0.0,0.0,0.1502,6.53,0.0
7683,33.25,39.41,0.0,6.16,0.0,0.1502,0.0,0.0
7684,33.25,33.42,0.0,0.17,0.0,0.8057,0.0,0.0
7685,33.25,30.77,0.0,0.0,2.48,0.8234,0.0,0.0
7686,33.25,17.58,0.0,0.0,0.0,0.5311,15.67,0.0
7687,35.2,23.81,6.89,0.0,2.94,0.5311,1.57,0.0
7688,37.08,15.73,15.47,0.0,0.0,0.185,5.88,0.0
7689,38.81,14.38,23.7,0.0,0.72,0.185,0.0,0.0
7690,40.32,17.93,22.39,0.0,0.0,0.1,0.0,0.0
7691,41.57,9.14,32.42,0.0,0.0,0.1,0.0,0.0
7692,42.49,25.47,17.02,0.0,0.0,0.1,0.0,0.0
7693,43.06,10.17,32.89,0.0,0.0,0.1,0.0,0.0
7694,43.25,19.59,23.66,0.0,0.0,0.1,0.0,0.0
7695,43.06,27.5,23.08,7.52,0.0,0.1,0.0,0.0
7696,42.49,25.77,16.62,0.0,0.1,0.9,0.0,0.0
7697,41.57,8.31,7.91,0.0,6.69,0.8886,18.65,0.0
7698,40.32,25.09,0.0,0.0,0.0,0.1,15.24,0.0
7699,38.81,30.36,0.0,0.0,0.0,0.1,8.44,0.0
7700,37.08,32.6,0.0,0.0,0.0,0.1,4.47,0.0
7701,35.2,18.33,0.0,0.0,0.0,0.1,16.87,0.0
7702,33.25,23.21,0.0,0.0,0.0,0.1,10.04,0.0
7703,33.25,37.12,0.0,3.87,0.0,0.1,0.0,0.0
7704,33.28,23.54,0.0,0.0,3.49,0.5115,6.25,0.0
7705,33.28,26.94,0.0,0.0,0.0,0.1,6.34,0.0
7706,33.28,40.8,0.0,7.52,0.0,0.1,0.0,0.0
7707,33.28,26.88,0.0,0.0,6.4,0.9,0.0,0.0
7708,33.28,19.85,0.0,0.0,0.0,0.1454,13.43,0.0
7709,33.28,16.73,0.0,0.0,0.0,0.1454,16.55,0.0
7710,33.28,24.29,0.0,0.0,0.0,0.1454,8.99,0.0
7711,35.23,9.01,8.26,0.0,0.39,0.1454,17.58,0.0
7712,37.11,15.71,15.51,0.0,0.0,0.1,5.88,0.0
7713,38.84,18.68,20.16,0.0,0.0,0.1,0.0,0.0
7714,40.35,25.09,15.27,0.0,0.0,0.1,0.0,0.0
7715,41.6,19.28,22.32,0.0,0.0,0.1,0.0,0.0
7716,42.52,8.04,34.48,0.0,0.0,0.1,0.0,0.0
7717,43.09,23.34,27.27,7.52,0.0,0.1,0.0,0.0
7718,43.28,12.39,30.89,0.0,0.0,0.9,0.0,0.0
7719,43.09,6.22,25.47,0.0,6.78,0.9,4.61,0.0
7720,42.52,16.31,15.86,0.0,0.0,0.1,10.35,0.0
7721,41.6,31.01,8.9,0.0,0.0,0.1,1.68,0.0
7722,40.35,22.96,0.0,0.0,0.0,0.1,17.39,0.0
7723,38.84,23.8,0.0,0.0,0.0,0.1,15.04,0.0
7724,37.11,38.62,0.0,1.51,0.0,0.1,0.0,0.0
7725,35.23,15.9,0.0,0.0,0.69,0.2604,18.65,0.0
7726,33.28,18.32,0.0,0.0,0.0,0.1796,14.97,0.0
7727,33.28,16.49,0.0,0.0,0.0,0.1796,16.79,0.0
7728,33.31,32.64,0.0,0.0,0.67,0.1796,0.0,0.0
7729,33.31,30.73,0.0,0.0,0.0,0.1,2.58,0.0
7730,33.31,40.83,0.0,7.52,0.0,0.1,0.0,0.0
7731,33.31,29.29,0.0,0.0,4.03,0.9,0.0,0.0
7732,33.31,22.5,0.0,0.0,0.0,0.4253,10.81,0.0
7733,33.31,23.81,0.0,0.0,2.76,0.4253,6.74,0.0
7734,33.31,22.68,0.0,0.0,0.0,0.1,10.64,0.0
7735,35.26,6.41,7.4,0.0,0.0,0.1,21.45,0.0
7736,37.14,29.15,15.51,7.52,0.0,0.1,0.0,0.0
7737,38.87,20.25,11.83,0.0,6.78,0.9,0.0,0.0
7738,40.38,16.53,23.85,0.0,0.0,0.1,0.0,0.0
7739,41.63,18.96,22.67,0.0,0.0,0.1,0.0,0.0
7740,42.55,19.43,30.64,7.52,0.0,0.1,0.0,0.0
7741,43.12,12.96,30.17,0.0,0.0,0.9,0.0,0.0
7742,43.31,9.85,29.95,0.0,3.51,0.9,0.0,0.0
7743,43.12,20.89,25.35,3.12,0.0,0.4857,0.0,0.0
7744,42.55,20.83,17.03,0.0,4.69,0.8171,0.0,0.0
7745,41.63,13.26,9.33,0.0,0.0,0.2638,19.05,0.0
7746,40.38,33.01,0.0,0.0,0.0,0.2638,7.38,0.0
7747,38.87,26.12,0.0,0.0,0.0,0.2638,12.74,0.0
7748,37.14,31.51,0.0,0.0,1.39,0.2638,4.25,0.0
7749,35.26,38.41,0.0,3.14,0.0,0.1,0.0,0.0
7750,33.31,28.79,0.0,0.0,0.0,0.4343,4.52,0.0
7751,33.31,31.93,0.0,0.0,1.39,0.4343,0.0,0.0
7752,33.35,36.2,0.0,2.86,0.0,0.2707,0.0,0.0
7753,33.35,23.75,0.0,0.0,4.03,0.5747,5.57,0.0
7754,33.35,29.14,0.0,0.0,0.0,0.1,4.21,0.0
7755,33.35,28.44,0.0,0.0,0.0,0.1,4.9,0.0
7756,33.35,18.21,0.0,0.0,0.0,0.1,15.13,0.0
7757,33.35,40.86,0.0,7.52,0.0,0.1,0.0,0.0
7758,33.35,10.66,0.0,0.0,6.78,0.9,15.9,0.0
7759,35.3,9.47,9.09,0.0,0.0,0.1,16.73,0.0
7760,37.17,20.04,17.13,0.0,0.0,0.1,0.0,0.0
7761,38.9,21.83,24.59,7.52,0.0,0.1,0.0,0.0
7762,40.42,6.81,29.14,0.0,4.47,0.9,0.0,0.0
7763,41.66,18.98,20.36,0.0,2.32,0.373,0.0,0.0
7764,42.58,25.55,24.56,7.52,0.0,0.1,0.0,0.0
7765,43.15,13.92,29.23,0.0,0.0,0.9,0.0,0.0
7766,43.35,14.61,28.73,0.0,0.0,0.9,0.0,0.0
7767,43.15,2.53,24.64,0.0,6.78,0.9,9.2,0.0
7768,42.58,23.37,16.98,0.0,0.0,0.1,2.24,0.0
7769,41.66,29.04,9.25,0.0,0.0,0.1,3.37,0.0
7770,40.42,28.91,0.0,0.0,0.0,0.1,11.51,0.0
7771,38.9,22.26,0.0,0.0,0.0,0.1,16.64,0.0
7772,37.17,23.5,0.0,0.0,0.0,0.1,13.68,0.0
7773,35.3,30.97,0.0,0.0,0.0,0.1,4.32,0.0
7774,33.35,35.18,0.0,1.84,0.0,0.1,0.0,0.0
7775,33.35,34.28,0.0,0.94,0.0,0.2957,0.0,0.0
7776,33.38,38.12,0.0,4.74,0.0,0.3956,0.0,0.0
7777,33.38,21.5,0.0,0.0,5.44,0.9,6.43,0.0
7778,33.38,26.99,0.0,0.0,0.0,0.2582,6.39,0.0
7779,33.38,20.07,0.0,0.0,0.0,0.2582,13.31,0.0
7780,33.38,22.83,0.0,0.0,0.0,0.2582,10.55,0.0
7781,33.38,32.04,0.0,0.0,1.34,0.2582,0.0,0.0
7782,33.38,22.78,0.0,0.0,0.0,0.1,10.6,0.0
7783,35.33,40.56,2.28,7.52,0.0,0.1,0.0,0.0
7784,37.21,19.49,10.93,0.0,6.78,0.9,0.0,0.0
7785,38.93,16.78,23.67,1.51,0.0,0.1,0.0,0.0
7786,40.45,15.89,23.19,0.0,1.37,0.2612,0.0,0.0
7787,41.69,7.11,34.59,0.0,0.0,0.1,0.0,0.0
7788,42.62,13.52,29.09,0.0,0.0,0.1,0.0,0.0
7789,43.19,23.21,27.5,7.52,0.0,0.1,0.0,0.0
7790,43.38,15.95,27.43,0.0,0.0,0.9,0.0,0.0
7791,43.19,10.01,23.9,0.0,6.78,0.9,2.49,0.0
7792,42.62,10.61,16.96,0.0,0.0,0.1,15.05,0.0
7793,41.69,16.29,9.09,0.0,0.0,0.1,16.31,0.0
7794,40.45,22.51,0.0,0.0,0.0,0.1,17.94,0.0
7795,38.93,33.45,0.0,0.0,0.0,0.1,5.48,0.0
7796,37.21,15.25,0.0,0.0,0.0,0.1,21.96,0.0
7797,35.33,25.0,0.0,0.0,0.0,0.1,10.33,0.0
7798,33.38,29.94,0.0,0.0,0.0,0.1,3.44,0.0
7799,33.38,15.03,0.0,0.0,0.0,0.1,18.35,0.0
7800,33.41,23.33,0.0,0.0,0.0,0.1,10.08,0.0
7801,33.41,24.28,0.0,0.0,0.0,0.1,9.13,0.0
7802,33.41,22.57,0.0,0.0,0.0,0.1,10.85,0.0
7803,33.41,29.15,0.0,0.0,0.0,0.1,4.26,0.0
7804,33.41,24.7,0.0,0.0,0.0,0.1,8.71,0.0
7805,33.41,19.66,0.0,0.0,0.0,0.1,13.76,0.0
7806,33.41,25.41,0.0,0.0,0.0,0.1,8.0,0.0
7807,35.36,33.64,1.73,0.0,0.0,0.1,0.0,0.0
7808,37.24,26.98,17.77,7.52,0.0,0.1,0.0,0.0
7809,38.97,1.13,22.81,0.0,6.78,0.9,8.24,0.0
7810,40.48,19.72,28.29,7.52,0.0,0.1,0.0,0.0
7811,41.73,12.93,22.01,0.0,6.78,0.9,0.0,0.0
7812,42.65,15.3,33.6,6.25,0.0,0.1,0.0,0.0
7813,43.22,11.18,33.31,1.27,0.0,0.7649,0.0,0.0
7814,43.41,16.07,27.34,0.0,0.0,0.9,0.0,0.0
7815,43.22,17.6,23.83,0.0,1.79,0.9,0.0,0.0
7816,42.65,13.44,17.75,0.0,0.0,0.6887,11.46,0.0
7817,41.73,12.84,6.48,0.0,2.55,0.6887,19.86,0.0
7818,40.48,18.45,0.0,0.0,0.0,0.388,22.04,0.0
7819,38.97,25.92,0.0,0.0,0.0,0.388,13.04,0.0
7820,37.24,30.74,0.0,0.0,0.0,0.388,6.5,0.0
7821,35.36,34.4,0.0,0.0,0.96,0.388,0.0,0.0
7822,33.41,24.96,0.0,0.0,0.0,0.2744,8.45,0.0
7823,33.41,31.93,0.0,0.0,1.48,0.2744,0.0,0.0
7824,33.44,37.68,0.0,4.23,0.0,0.1,0.0,0.0
7825,33.44,36.73,0.0,3.29,0.0,0.5503,0.0,0.0
7826,33.44,28.5,0.0,0.0,4.56,0.9,0.38,0.0
7827,33.44,25.96,0.0,0.0,0.0,0.3619,7.49,0.0
7828,33.44,27.58,0.0,0.0,0.0,0.3619,5.86,0.0
7829,33.44,15.02,0.0,0.0,0.0,0.3619,18.42,0.0
7830,33.44,20.56,0.0,0.0,0.0,0.3619,12.89,0.0
7831,35.4,25.95,7.22,0.0,2.22,0.3619,0.0,0.0
7832,37.27,23.22,14.05,0.0,0.0,0.1,0.0,0.0
7833,39.0,13.51,25.49,0.0,0.0,0.1,0.0,0.0
7834,40.52,16.95,23.57,0.0,0.0,0.1,0.0,0.0
7835,41.76,7.88,33.88,0.0,0.0,0.1,0.0,0.0
7836,42.68,19.74,30.46,7.52,0.0,0.1,0.0,0.0
7837,43.25,13.81,29.44,0.0,0.0,0.9,0.0,0.0
7838,43.44,13.03,30.41,0.0,0.01,0.9,0.0,0.0
7839,43.25,13.61,22.7,0.0,6.78,0.8991,0.16,0.0
7840,42.68,17.63,15.42,0.0,0.0,0.1,9.64,0.0
7841,41.76,16.48,8.96,0.0,0.0,0.1,16.31,0.0
7842,40.52,27.32,0.0,0.0,0.0,0.1,13.2,0.0
7843,39.0,21.01,0.0,0.0,0.0,0.1,17.99,0.0
7844,37.27,38.71,0.0,1.44,0.0,0.1,0.0,0.0
7845,35.4,39.34,0.0,3.95,0.0,0.2533,0.0,0.0
7846,33.44,21.89,0.0,0.0,4.86,0.6733,6.69,0.0
7847,33.44,30.32,0.0,0.0,0.0,0.1,3.13,0.0
7848,33.48,24.95,0.0,0.0,0.0,0.1,8.53,0.0
7849,33.48,27.26,0.0,0.0,0.0,0.1,6.22,0.0
7850,33.48,41.0,0.0,7.52,0.0,0.1,0.0,0.0
7851,33.48,25.35,0.0,0.0,6.78,0.9,1.34,0.0
7852,33.48,29.01,0.0,0.0,0.0,0.1,4.47,0.0
7853,33.48,28.53,0.0,0.0,0.0,0.1,4.95,0.0
7854,33.48,14.24,0.0,0.0,0.0,0.1,19.24,0.0
7855,35.43,13.34,8.05,0.0,0.0,0.1,14.05,0.0
7856,37.31,8.63,16.89,0.0,0.0,0.1,11.78,0.0
7857,39.03,9.53,23.63,0.0,0.0,0.1,5.87,0.0
7858,40.55,0.0,30.78,0.0,0.0,0.1,9.77,0.0
7859,41.79,18.83,22.96,0.0,0.0,0.1,0.0,0.0
7860,42.72,30.55,19.69,7.52,0.0,0.1,0.0,0.0
7861,43.29,15.68,27.6,0.0,0.0,0.9,0.0,0.0
7862,43.48,4.06,28.62,0.0,4.91,0.9,5.9,0.0
7863,43.29,11.46,22.56,0.0,0.0,0.3216,9.27,0.0
7864,42.72,14.57,15.19,0.0,0.0,0.3216,12.96,0.0
7865,41.79,12.05,7.78,0.0,0.0,0.3216,21.97,0.0
7866,40.55,29.01,0.0,0.0,0.0,0.3216,11.54,0.0
7867,39.03,30.67,0.0,0.0,0.0,0.3216,8.37,0.0
7868,37.31,16.98,0.0,0.0,0.0,0.3216,20.33,0.0
7869,35.43,33.55,0.0,0.0,1.88,0.3216,0.0,0.0
7870,33.48,33.48,0.0,0.0,0.0,0.1,0.0,0.0
7871,33.48,33.48,0.0,0.0,0.0,0.1,0.0,0.0
7872,33.51,41.03,0.0,7.52,0.0,0.1,0.0,0.0
7873,33.51,22.77,0.0,0.0,6.78,0.9,3.96,0.0
7874,33.51,41.03,0.0,7.52,0.0,0.1,0.0,0.0
7875,33.51,25.06,0.0,0.0,5.18,0.9,3.27,0.0
7876,33.51,21.53,0.0,0.0,0.0,0.2889,11.99,0.0
7877,33.51,26.91,0.0,0.0,0.0,0.2889,6.6,0.0
7878,33.51,17.64,0.0,0.0,0.0,0.2889,15.87,0.0
7879,35.46,23.38,6.82,0.0,0.0,0.2889,5.27,0.0
7880,37.34,7.81,16.86,0.0,0.0,0.2889,12.67,0.0
7881,39.07,14.75,22.71,0.0,1.6,0.2889,0.0,0.0
7882,40.58,25.59,22.51,7.52,0.0,0.1,0.0,0.0
7883,41.83,7.27,34.56,0.0,0.0,0.9,0.0,0.0
7884,42.75,15.45,20.52,0.0,6.78,0.9,0.0,0.0
7885,43.32,18.37,32.47,7.52,0.0,0.1,0.0,0.0
7886,43.51,24.68,18.83,0.0,0.0,0.9,0.0,0.0
7887,43.32,3.51,22.78,0.0,6.59,0.9,10.45,0.0
7888,42.75,22.93,16.69,0.0,0.0,0.1236,3.13,0.0
7889,41.83,18.08,6.78,0.0,0.0,0.1236,16.97,0.0
7890,40.58,23.58,0.0,0.0,0.0,0.1236,17.0,0.0
7891,39.07,32.73,0.0,0.0,0.0,0.1236,6.34,0.0
7892,37.34,16.75,0.0,0.0,0.0,0.1236,20.59,0.0
7893,35.46,19.84,0.0,0.0,0.0,0.1236,15.63,0.0
7894,33.51,13.77,0.0,0.0,0.0,0.1236,19.74,0.0
7895,33.51,25.57,0.0,0.0,0.0,0.1236,7.94,0.0
7896,33.55,40.84,0.0,7.3,0.0,0.1236,0.0,0.0
7897,33.55,29.05,0.0,0.0,4.49,0.9,0.0,0.0
7898,33.55,18.58,0.0,0.0,0.0,0.3701,14.97,0.0
7899,33.55,24.1,0.0,0.0,0.0,0.3701,9.45,0.0
7900,33.55,14.5,0.0,0.0,0.0,0.3701,19.05,0.0
7901,33.55,15.46,0.0,0.0,2.29,0.3701,15.79,0.0
7902,33.55,25.43,0.0,0.0,0.0,0.1,8.12,0.0
7903,35.5,10.97,9.19,0.0,0.0,0.1,15.34,0.0
7904,37.37,27.21,10.17,0.0,0.0,0.1,0.0,0.0
7905,39.1,16.16,22.94,0.0,0.0,0.1,0.0,0.0
7906,40.62,16.15,29.04,4.57,0.0,0.1,0.0,0.0
7907,41.86,12.46,25.28,0.0,4.12,0.586,0.0,0.0
7908,42.79,20.54,29.77,7.52,0.0,0.1,0.0,0.0
7909,43.36,20.89,17.24,0.0,5.22,0.9,0.0,0.0
7910,43.55,18.13,28.55,3.12,0.0,0.2841,0.0,0.0
7911,43.36,21.21,24.81,2.66,0.0,0.6166,0.0,0.0
7912,42.79,16.69,15.06,0.0,6.78,0.9,4.26,0.0
7913,41.86,24.59,8.21,0.0,0.0,0.1,9.06,0.0
7914,40.62,19.66,0.0,0.0,0.0,0.1,20.96,0.0
7915,39.1,24.41,0.0,0.0,0.0,0.1,14.69,0.0
7916,37.37,24.13,0.0,0.0,0.0,0.1,13.24,0.0
7917,35.5,24.33,0.0,0.0,0.0,0.1,11.17,0.0
7918,33.55,23.75,0.0,0.0,0.0,0.1,9.8,0.0
7919,33.55,33.55,0.0,0.0,0.0,0.1,0.0,0.0
7920,33.58,40.77,0.0,7.18,0.0,0.1,0.0,0.0
7921,33.58,33.92,0.0,0.34,0.0,0.8643,0.0,0.0
7922,33.58,19.32,0.0,0.0,6.78,0.9,7.48,0.0
7923,33.58,38.27,0.0,4.69,0.0,0.1,0.0,0.0
7924,33.58,23.86,0.0,0.0,0.0,0.5988,9.72,0.0
7925,33.58,29.24,0.0,0.0,4.23,0.5988,0.11,0.0
7926,33.58,15.23,0.0,0.0,0.0,0.1,18.36,0.0
7927,35.53,21.49,8.72,0.0,0.0,0.1,5.32,0.0
7928,37.41,20.94,16.48,0.01,0.0,0.1,0.0,0.0
7929,39.14,5.02,22.98,0.0,0.01,0.1008,11.13,0.0
7930,40.65,20.37,20.28,0.0,0.0,0.1,0.0,0.0
7931,41.9,25.44,16.46,0.0,0.0,0.1,0.0,0.0
7932,42.82,13.09,33.74,4.01,0.0,0.1,0.0,0.0
7933,43.39,25.55,16.6,0.0,1.24,0.5265,0.0,0.0
7934,43.58,14.04,30.62,1.08,0.0,0.3805,0.0,0.0
7935,43.39,23.55,23.64,3.8,0.0,0.4951,0.0,0.0
7936,42.82,0.84,15.72,0.0,6.78,0.9,19.48,0.0
7937,41.9,39.57,7.65,5.32,0.0,0.1,0.0,0.0
7938,40.65,34.29,0.0,0.0,0.0,0.666,6.36,0.0
7939,39.14,22.22,0.0,0.0,4.8,0.666,12.12,0.0
7940,37.41,10.73,0.0,0.0,0.0,0.1,26.68,0.0
7941,35.53,30.32,0.0,0.0,0.0,0.1,5.21,0.0
7942,33.58,17.83,0.0,0.0,0.0,0.1,15.75,0.0
7943,33.58,33.62,0.0,0.04,0.0,0.1,0.0,0.0
7944,33.62,33.7,0.0,0.09,0.0,0.1041,0.0,0.0
7945,33.62,22.69,0.0,0.0,0.11,0.1131,10.82,0.0
7946,33.62,38.27,0.0,4.65,0.0,0.1,0.0,0.0
7947,33.62,34.51,0.0,0.89,0.0,0.5952,0.0,0.0
7948,33.62,34.21,0.0,0.6,0.0,0.6897,0.0,0.0
7949,33.62,24.62,0.0,0.0,5.54,0.7531,3.46,0.0
7950,33.62,11.26,0.0,0.0,0.0,0.1,22.36,0.0
7951,35.57,28.21,7.73,0.36,0.0,0.1,0.0,0.0
7952,37.45,16.38,15.68,0.0,0.33,0.1385,5.05,0.0
7953,39.17,5.85,22.48,0.0,0.0,0.1,10.84,0.0
7954,40.69,26.36,21.85,7.52,0.0,0.1,0.0,0.0
7955,41.93,31.5,3.65,0.0,6.78,0.9,0.0,0.0
7956,42.86,9.54,33.32,0.0,0.0,0.1,0.0,0.0
7957,43.43,31.97,18.97,7.52,0.0,0.1,0.0,0.0
7958,43.62,16.35,27.27,0.0,0.0,0.9,0.0,0.0
7959,43.43,13.86,24.05,0.0,5.51,0.9,0.0,0.0
7960,42.86,13.52,17.43,0.0,0.0,0.2503,11.91,0.0
7961,41.93,33.44,9.05,0.56,0.0,0.2503,0.0,0.0
7962,40.69,16.3,0.0,0.0,0.0,0.3098,24.39,0.0
7963,39.17,30.39,0.0,0.0,0.0,0.3098,8.79,0.0
7964,37.45,22.03,0.0,0.0,1.78,0.3098,13.64,0.0
7965,35.57,24.46,0.0,0.0,0.0,0.1,11.11,0.0
7966,33.62,37.55,0.0,3.93,0.0,0.1,0.0,0.0
7967,33.62,27.15,0.0,0.0,3.55,0.5186,2.92,0.0
7968,33.65,27.3,0.0,0.0,0.0,0.1,6.36,0.0
7969,33.65,39.23,0.0,5.58,0.0,0.1,0.0,0.0
7970,33.65,35.59,0.0,1.94,0.0,0.6937,0.0,0.0
7971,33.65,33.3,0.0,0.0,0.35,0.9,0.0,0.0
7972,33.65,21.34,0.0,0.0,6.43,0.8586,5.88,0.0
7973,33.65,20.57,0.0,0.0,0.0,0.1,13.08,0.0
7974,33.65,23.21,0.0,0.0,0.0,0.1,10.45,0.0
7975,35.61,23.06,8.15,0.0,0.0,0.1,4.39,0.0
7976,37.48,10.76,16.59,0.0,0.0,0.1,10.13,0.0
7977,39.21,22.7,22.7,6.19,0.0,0.1,0.0,0.0
7978,40.73,16.37,25.68,1.33,0.0,0.7588,0.0,0.0
7979,41.97,1.28,32.47,0.0,3.99,0.9,4.23,0.0
7980,42.89,7.26,32.96,0.0,2.68,0.4297,0.0,0.0
7981,43.46,10.9,32.44,0.0,0.12,0.1139,0.0,0.0
7982,43.65,15.12,28.54,0.0,0.0,0.1,0.0,0.0
7983,43.46,27.18,23.8,7.52,0.0,0.1,0.0,0.0
7984,42.89,20.49,15.09,0.0,6.78,0.9,0.53,0.0
7985,41.97,13.84,8.99,0.0,0.0,0.1,19.14,0.0
7986,40.73,24.32,0.0,0.0,0.0,0.1,16.4,0.0
7987,39.21,21.83,0.0,0.0,0.0,0.1,17.38,0.0
7988,37.48,29.12,0.0,0.0,0.0,0.1,8.36,0.0
7989,35.61,32.8,0.0,0.0,0.0,0.1,2.81,0.0
7990,33.65,39.05,0.0,5.39,0.0,0.1,0.0,0.0
7991,33.65,28.79,0.0,0.0,4.87,0.6739,0.0,0.0
7992,33.69,37.38,0.0,3.69,0.0,0.1,0.0,0.0
7993,33.69,37.52,0.0,3.83,0.0,0.4924,0.0,0.0
7994,33.69,23.9,0.0,0.0,6.78,0.9,3.0,0.0
7995,33.69,41.21,0.0,7.52,0.0,0.1,0.0,0.0
7996,33.69,29.21,0.0,0.0,4.48,0.9,0.0,0.0
7997,33.69,18.07,0.0,0.0,2.3,0.3716,13.32,0.0
7998,33.69,33.69,0.0,0.0,0.0,0.1,0.0,0.0
7999,35.64,37.09,6.07,7.52,0.0,0.1,0.0,0.0
8000,37.52,18.41,16.87,0.0,2.24,0.9,0.0,0.0
8001,39.25,13.03,23.88,0.0,2.34,0.6361,0.0,0.0
8002,40.76,9.0,29.55,0.0,2.21,0.3606,0.0,0.0
8003,42.01,20.65,28.87,7.52,0.0,0.1,0.0,0.0
8004,42.93,24.85,11.3,0.0,6.78,0.9,0.0,0.0
8005,43.5,19.5,23.99,0.0,0.0,0.1,0.0,0.0
8006,43.69,16.58,27.12,0.0,0.0,0.1,0.0,0.0
8007,43.5,26.72,24.3,7.52,0.0,0.1,0.0,0.0
8008,42.93,16.19,16.82,0.0,6.78,0.9,3.13,0.0
8009,42.01,28.77,6.38,0.0,0.0,0.1,6.85,0.0
8010,40.76,20.36,0.0,0.0,0.0,0.1,20.41,0.0
8011,39.25,28.12,0.0,0.0,0.0,0.1,11.13,0.0
8012,37.52,25.71,0.0,0.0,0.0,0.1,11.81,0.0
8013,35.64,27.81,0.0,0.0,0.0,0.1,7.83,0.0
8014,33.69,26.52,0.0,0.0,0.0,0.1,7.17,0.0
8015,33.69,40.99,0.0,7.3,0.0,0.1,0.0,0.0
8016,33.73,24.84,0.0,0.0,6.59,0.8767,2.31,0.0
8017,33.73,24.51,0.0,0.0,0.0,0.1,9.22,0.0
8018,33.73,41.25,0.0,7.52,0.0,0.1,0.0,0.0
8019,33.73,33.73,0.0,0.0,0.0,0.9,0.0,0.0
8020,33.73,7.75,0.0,0.0,6.78,0.9,19.2,0.0
8021,33.73,20.28,0.0,0.0,0.0,0.1,13.45,0.0
8022,33.73,8.33,0.0,0.0,0.0,0.1,25.4,0.0
8023,35.68,13.11,8.17,0.0,0.0,0.1,14.4,0.0
8024,37.56,0.0,17.39,0.0,0.0,0.1,20.17,0.0
8025,39.28,16.01,24.35,1.08,0.0,0.1,0.0,0.0
8026,40.8,6.77,29.25,0.0,0.97,0.2144,3.81,0.0
8027,42.04,15.52,32.56,6.04,0.0,0.1,0.0,0.0
8028,42.97,1.87,33.01,0.0,5.45,0.7425,2.64,0.0
8029,43.54,15.7,33.48,5.65,0.0,0.1,0.0,0.0
8030,43.73,10.23,28.4,0.0,5.1,0.7014,0.0,0.0
8031,43.54,28.85,22.2,7.52,0.0,0.1,0.0,0.0
8032,42.97,27.95,15.02,0.0,0.0,0.9,0.0,0.0
8033,42.04,26.89,8.79,0.0,6.36,0.9,0.0,0.0
8034,40.8,20.12,0.0,0.0,0.0,0.1499,20.68,0.0
8035,39.28,40.53,0.0,1.25,0.0,0.1499,0.0,0.0
8036,37.56,14.35,0.0,0.0,0.0,0.2827,23.2,0.0
8037,35.68,17.19,0.0,0.0,0.0,0.2827,18.49,0.0
8038,33.73,28.93,0.0,0.0,1.55,0.2827,3.25,0.0
8039,33.73,41.25,0.0,7.52,0.0,0.1,0.0,0.0
8040,33.77,29.12,0.0,0.0,4.65,0.9,0.0,0.0
8041,33.77,29.0,0.0,0.0,0.0,0.3518,4.77,0.0
8042,33.77,18.21,0.0,0.0,0.0,0.3518,15.55,0.0
8043,33.77,35.91,0.0,2.14,0.0,0.3518,0.0,0.0
8044,33.77,34.32,0.0,0.56,0.0,0.5797,0.0,0.0
8045,33.77,31.1,0.0,0.0,0.0,0.6388,2.66,0.0
8046,33.77,17.79,0.0,0.0,4.57,0.6388,11.41,0.0
8047,35.72,15.12,7.02,0.0,0.0,0.1,13.58,0.0
8048,37.59,8.55,15.17,0.0,0.0,0.1,13.87,0.0
8049,39.32,17.83,23.44,1.96,0.0,0.1,0.0,0.0
8050,40.84,7.33,30.11,0.0,0.0,0.308,3.4,0.0
8051,42.08,5.77,31.44,0.0,1.76,0.308,3.11,0.0
8052,43.0,11.48,34.04,2.51,0.0,0.1,0.0,0.0
8053,43.57,11.23,31.96,0.0,0.38,0.3674,0.0,0.0
8054,43.77,11.64,28.27,0.0,0.0,0.3223,3.86,0.0
8055,43.57,20.87,23.06,0.36,0.0,0.3223,0.0,0.0
8056,43.0,19.44,17.24,0.0,0.0,0.3601,6.33,0.0
8057,42.08,18.44,6.48,0.0,0.0,0.3601,17.16,0.0
8058,40.84,24.24,0.0,0.0,0.0,0.3601,16.6,0.0
8059,39.32,16.97,0.0,0.0,0.0,0.3601,22.36,0.0
8060,37.59,27.59,0.0,0.0,0.0,0.3601,10.0,0.0
8061,35.72,29.59,0.0,0.0,0.0,0.3601,6.12,0.0
8062,33.77,17.73,0.0,0.0,2.21,0.3601,13.83,0.0
8063,33.77,38.36,0.0,4.59,0.0,0.1,0.0,0.0
8064,33.8,23.79,0.0,0.0,1.58,0.5886,8.44,0.0
8065,33.8,31.24,0.0,0.0,2.57,0.4027,0.0,0.0
8066,33.8,38.97,0.0,5.17,0.0,0.1,0.0,0.0
8067,33.8,35.81,0.0,2.01,0.0,0.6498,0.0,0.0
8068,33.8,27.09,0.0,0.0,6.48,0.8637,0.23,0.0
8069,33.8,22.03,0.0,0.0,0.0,0.1,11.78,0.0
8070,33.8,30.37,0.0,0.0,0.0,0.1,3.43,0.0
8071,35.75,26.15,7.2,0.0,0.0,0.1,2.4,0.0
8072,37.63,13.97,15.9,0.0,0.0,0.1,7.76,0.0
8073,39.36,10.92,23.63,0.0,0.0,0.1,4.8,0.0
8074,40.87,0.0,28.19,0.0,0.0,0.1,12.68,0.0
8075,42.12,16.4,25.71,0.0,0.0,0.1,0.0,0.0
8076,43.04,14.25,28.79,0.0,0.0,0.1,0.0,0.0
8077,43.61,24.2,26.93,7.52,0.0,0.1,0.0,0.0
8078,43.8,18.82,24.98,0.0,0.0,0.9,0.0,0.0
8079,43.61,27.83,15.78,0.0,0.0,0.9,0.0,0.0
8080,43.04,13.34,15.88,0.0,6.78,0.9,7.04,0.0
8081,42.12,29.83,7.35,0.0,0.0,0.1,4.94,0.0
8082,40.87,18.65,0.0,0.0,0.0,0.1,22.22,0.0
8083,39.36,31.08,0.0,0.0,0.0,0.1,8.28,0.0
8084,37.63,15.24,0.0,0.0,0.0,0.1,22.39,0.0
8085,35.75,30.33,0.0,0.0,0.0,0.1,5.42,0.0
8086,33.8,13.97,0.0,0.0,0.0,0.1,19.84,0.0
8087,33.8,28.4,0.0,0.0,0.0,0.1,5.41,0.0
8088,33.84,34.35,0.0,0.51,0.0,0.1,0.0,0.0
8089,33.84,26.45,0.0,0.0,0.0,0.1541,7.39,0.0
8090,33.84,21.45,0.0,0.0,0.0,0.1541,12.39,0.0
8091,33.84,35.25,0.0,1.4,0.0,0.1541,0.0,0.0
8092,33.84,26.06,0.0,0.0,0.0,0.3036,7.78,0.0
8093,33.84,21.08,0.0,0.0,0.0,0.3036,12.76,0.0
8094,33.84,23.25,0.0,0.0,1.73,0.3036,8.87,0.0
8095,35.79,28.1,7.69,0.0,0.0,0.1,0.0,0.0
8096,37.67,21.53,16.13,0.0,0.0,0.1,0.0,0.0
8097,39.4,16.06,23.34,0.0,0.0,0.1,0.0,0.0
8098,40.91,19.5,21.42,0.0,0.0,0.1,0.0,0.0
8099,42.16,16.57,33.11,7.52,0.0,0.1,0.0,0.0
8100,43.08,0.0,32.63,0.0,0.0,0.9,10.45,0.0
8101,43.65,9.85,32.51,0.0,1.28,0.9,0.0,0.0
8102,43.84,12.22,28.95,0.0,0.0,0.7486,2.67,0.0
8103,43.65,2.41,24.42,0.0,0.0,0.7486,16.82,0.0
8104,43.08,9.75,15.31,0.0,0.0,0.7486,18.01,0.0
8105,42.16,5.13,6.98,0.0,0.0,0.7486,30.05,0.0
8106,40.91,22.61,0.0,0.0,0.0,0.7486,18.3,0.0
8107,39.4,31.47,0.0,0.0,5.5,0.7486,2.43,0.0
8108,37.67,35.67,0.0,0.0,0.0,0.1,2.0,0.0
8109,35.79,31.82,0.0,0.0,0.0,0.1,3.97,0.0
8110,33.84,22.14,0.0,0.0,0.0,0.1,11.7,0.0
8111,33.84,15.24,0.0,0.0,0.0,0.1,18.6,0.0
8112,33.88,16.97,0.0,0.0,0.0,0.1,16.91,0.0
8113,33.88,20.57,0.0,0.0,0.0,0.1,13.31,0.0
8114,33.88,22.79,0.0,0.0,0.0,0.1,11.08,0.0
8115,33.88,27.32,0.0,0.0,0.0,0.1,6.56,0.0
8116,33.88,18.89,0.0,0.0,0.0,0.1,14.99,0.0
8117,33.88,27.72,0.0,0.0,0.0,0.1,6.16,0.0
8118,33.88,21.13,0.0,0.0,0.0,0.1,12.75,0.0
8119,35.83,21.01,8.0,0.0,0.0,0.1,6.82,0.0
8120,37.71,27.66,17.56,7.52,0.0,0.1,0.0,0.0
8121,39.44,7.99,24.77,0.0,6.67,0.9,0.0,0.0
8122,40.95,13.04,27.91,0.0,0.0,0.1132,0.0,0.0
8123,42.19,15.2,33.66,6.66,0.0,0.1132,0.0,0.0
8124,43.12,12.39,31.46,0.73,0.0,0.822,0.0,0.0
8125,43.69,22.34,21.35,0.0,0.0,0.9,0.0,0.0
8126,43.88,23.08,20.8,0.0,0.0,0.9,0.0,0.0
8127,43.69,9.85,24.3,0.0,6.6,0.9,2.94,0.0
8128,43.12,17.56,14.83,0.0,0.0,0.1222,10.72,0.0
8129,42.19,23.15,6.28,0.0,0.0,0.1222,12.76,0.0
8130,40.95,20.81,0.0,0.0,0.0,0.1222,20.14,0.0
8131,39.44,29.68,0.0,0.0,0.0,0.1222,9.76,0.0
8132,37.71,29.18,0.0,0.0,0.0,0.1222,8.53,0.0
8133,35.83,43.14,0.0,7.31,0.0,0.1222,0.0,0.0
8134,33.88,17.7,0.0,0.0,6.78,0.9,9.39,0.0
8135,33.88,29.67,0.0,0.0,0.0,0.1,4.21,0.0
8136,33.92,23.76,0.0,0.0,0.0,0.1,10.16,0.0
8137,33.92,35.5,0.0,1.58,0.0,0.1,0.0,0.0
8138,33.92,17.07,0.0,0.0,0.0,0.2685,16.85,0.0
8139,33.92,31.4,0.0,0.0,0.0,0.2685,2.52,0.0
8140,33.92,22.0,0.0,0.0,1.43,0.2685,10.48,0.0
8141,33.92,19.26,0.0,0.0,0.0,0.1,14.66,0.0
8142,33.92,11.55,0.0,0.0,0.0,0.1,22.37,0.0
8143,35.87,17.29,9.01,0.0,0.0,0.1,9.57,0.0
8144,37.74,27.68,10.07,0.0,0.0,0.1,0.0,0.0
8145,39.47,17.22,22.25,0.0,0.0,0.1,0.0,0.0
8146,40.99,21.14,19.84,0.0,0.0,0.1,0.0,0.0
8147,42.23,28.58,13.65,0.0,0.0,0.1,0.0,0.0
8148,43.16,17.19,33.48,7.52,0.0,0.1,0.0,0.0
8149,43.73,10.93,31.89,0.0,0.91,0.9,0.0,0.0
8150,43.92,19.87,25.05,1.01,0.0,0.793,0.0,0.0
8151,43.73,13.1,24.57,0.0,6.06,0.9,0.0,0.0
8152,43.16,15.06,16.6,0.0,0.0,0.186,11.49,0.0
8153,42.23,8.91,7.0,0.0,0.0,0.186,26.32,0.0
8154,40.99,30.39,0.0,0.0,0.0,0.186,10.6,0.0
8155,39.47,22.03,0.0,0.0,0.0,0.186,17.45,0.0
8156,37.74,28.45,0.0,0.0,0.0,0.186,9.29,0.0
8157,35.87,20.43,0.0,0.0,0.0,0.186,15.44,0.0
8158,33.92,33.37,0.0,0.0,0.54,0.186,0.0,0.0
8159,33.92,24.66,0.0,0.0,0.0,0.1218,9.26,0.0
8160,33.96,29.91,0.0,0.0,0.18,0.1218,3.86,0.0
8161,33.96,37.73,0.0,3.78,0.0,0.1,0.0,0.0
8162,33.96,36.25,0.0,2.29,0.0,0.5018,0.0,0.0
8163,33.96,28.53,0.0,0.0,5.42,0.7457,0.0,0.0
8164,33.96,13.03,0.0,0.0,0.05,0.1062,20.88,0.0
8165,33.96,41.47,0.0,7.52,0.0,0.1,0.0,0.0
8166,33.96,33.96,0.0,0.0,0.0,0.9,0.0,0.0
8167,35.91,26.78,8.22,0.0,0.91,0.9,0.0,0.0
8168,37.78,13.14,16.68,0.0,5.88,0.793,2.08,0.0
8169,39.51,16.58,23.65,0.71,0.0,0.1,0.0,0.0
8170,41.03,11.9,28.48,0.0,0.64,0.1759,0.0,0.0
8171,42.27,25.46,16.81,0.0,0.0,0.1,0.0,0.0
8172,43.2,17.24,33.39,7.43,0.0,0.1,0.0,0.0
8173,43.76,9.2,31.42,0.0,3.14,0.891,0.0,0.0
8174,43.96,12.48,27.91,0.0,3.57,0.5207,0.0,0.0
8175,43.76,26.38,23.33,5.95,0.0,0.1,0.0,0.0
8176,43.2,28.1,16.67,1.57,0.0,0.7327,0.0,0.0
8177,42.27,33.17,8.57,0.0,0.53,0.9,0.0,0.0
8178,41.03,29.11,0.0,0.0,5.18,0.8376,6.74,0.0
8179,39.51,23.14,0.0,0.0,0.0,0.2269,16.37,0.0
8180,37.78,1.33,0.0,0.0,0.0,0.2269,36.46,0.0
8181,35.91,31.07,0.0,0.0,0.0,0.2269,4.84,0.0
8182,33.96,29.96,0.0,0.0,0.0,0.2269,4.0,0.0
8183,33.96,31.87,0.0,0.0,0.0,0.2269,2.08,0.0
8184,34.0,31.52,0.0,0.0,0.0,0.2269,2.48,0.0
8185,34.0,20.29,0.0,0.0,0.0,0.2269,13.71,0.0
8186,34.0,34.45,0.0,0.46,0.0,0.2269,0.0,0.0
8187,34.0,33.78,0.0,0.0,0.21,0.2754,0.0,0.0
8188,34.0,32.54,0.0,0.0,0.0,0.2504,1.46,0.0
8189,34.0,32.72,0.0,0.0,1.28,0.2504,0.0,0.0
8190,34.0,27.95,0.0,0.0,0.0,0.1,6.05,0.0
8191,35.95,17.84,8.91,0.0,0.0,0.1,9.2,0.0
8192,37.82,18.62,15.94,0.0,0.0,0.1,3.26,0.0
8193,39.55,18.26,22.74,1.45,0.0,0.1,0.0,0.0
8194,41.07,11.24,28.52,0.0,1.31,0.2546,0.0,0.0
8195,42.31,23.41,18.9,0.0,0.0,0.1,0.0,0.0
8196,43.24,20.32,22.91,0.0,0.0,0.1,0.0,0.0
8197,43.8,31.97,19.35,7.52,0.0,0.1,0.0,0.0
8198,44.0,15.74,28.26,0.0,0.0,0.9,0.0,0.0
8199,43.8,18.17,22.34,0.0,3.29,0.9,0.0,0.0
8200,43.24,0.0,15.19,0.0,0.0,0.512,28.05,0.0
8201,42.31,30.92,7.34,0.0,0.0,0.512,4.06,0.0
8202,41.07,18.86,0.0,0.0,0.0,0.512,22.21,0.0
8203,39.55,18.84,0.0,0.0,0.0,0.512,20.71,0.0
8204,37.82,23.96,0.0,0.0,0.0,0.512,13.87,0.0
8205,35.95,25.22,0.0,0.0,0.0,0.512,10.73,0.0
8206,34.0,34.89,0.0,0.89,0.0,0.512,0.0,0.0
8207,34.0,18.44,0.0,0.0,0.0,0.6068,15.56,0.0
8208,34.04,22.59,0.0,0.0,0.0,0.6068,11.45,0.0
8209,34.04,33.6,0.0,0.0,0.44,0.6068,0.0,0.0
8210,34.04,35.03,0.0,0.99,0.0,0.5552,0.0,0.0
8211,34.04,33.91,0.0,0.0,0.12,0.6605,0.0,0.0
8212,34.04,20.93,0.0,0.0,4.63,0.6459,8.48,0.0
8213,34.04,17.49,0.0,0.0,0.0,0.1,16.54,0.0
8214,34.04,19.18,0.0,0.0,0.0,0.1,14.85,0.0
8215,35.99,23.05,6.57,0.0,0.0,0.1,6.36,0.0
8216,37.86,29.72,15.66,7.52,0.0,0.1,0.0,0.0
8217,39.59,1.33,22.62,0.0,6.78,0.9,8.85,0.0
8218,41.11,14.58,28.06,1.53,0.0,0.1,0.0,0.0
8219,42.35,4.95,31.9,0.0,0.0,0.2632,5.49,0.0
8220,43.27,2.15,33.25,0.0,1.38,0.2632,6.49,0.0
8221,43.84,23.21,28.15,7.52,0.0,0.1,0.0,0.0
8222,44.04,20.65,23.09,0.0,0.3,0.9,0.0,0.0
8223,43.84,21.16,23.01,0.33,0.0,0.8651,0.0,0.0
8224,43.27,26.55,16.06,0.0,0.67,0.9,0.0,0.0
8225,42.35,17.34,6.87,0.0,6.12,0.8211,12.03,0.0
8226,41.11,19.77,0.0,0.0,0.0,0.1,21.34,0.0
8227,39.59,42.61,0.0,3.02,0.0,0.1,0.0,0.0
8228,37.86,25.22,0.0,0.0,0.0,0.4215,12.65,0.0
8229,35.99,34.65,0.0,0.0,0.0,0.4215,1.33,0.0
8230,34.04,30.13,0.0,0.0,2.73,0.4215,1.18,0.0
8231,34.04,16.2,0.0,0.0,0.0,0.1,17.84,0.0
8232,34.08,14.96,0.0,0.0,0.0,0.1,19.11,0.0
8233,34.08,26.33,0.0,0.0,0.0,0.1,7.75,0.0
8234,34.08,38.52,0.0,4.44,0.0,0.1,0.0,0.0
8235,34.08,35.13,0.0,1.05,0.0,0.5726,0.0,0.0
8236,34.08,34.48,0.0,0.41,0.0,0.6846,0.0,0.0
8237,34.08,17.47,0.0,0.0,5.33,0.728,11.28,0.0
8238,34.08,36.09,0.0,2.01,0.0,0.1,0.0,0.0
8239,36.03,13.54,7.55,0.0,1.52,0.3138,13.42,0.0
8240,37.9,20.98,16.81,0.0,0.12,0.1343,0.0,0.0
8241,39.63,17.56,21.9,0.0,0.17,0.1205,0.0,0.0
8242,41.15,13.05,28.1,0.0,0.0,0.1,0.0,0.0
8243,42.39,26.21,23.69,7.52,0.0,0.1,0.0,0.0
8244,43.31,9.72,33.21,0.0,0.39,0.9,0.0,0.0
8245,43.88,4.87,31.53,0.0,6.39,0.8539,1.09,0.0
8246,44.08,16.54,29.92,2.38,0.0,0.1,0.0,0.0
8247,43.88,14.47,22.09,0.0,2.15,0.3537,5.18,0.0
8248,43.31,35.68,15.15,7.52,0.0,0.1,0.0,0.0
8249,42.39,26.57,6.32,0.0,6.78,0.9,2.72,0.0
8250,41.15,20.01,0.0,0.0,0.0,0.1,21.14,0.0
8251,39.63,16.93,0.0,0.0,0.0,0.1,22.71,0.0
8252,37.9,12.3,0.0,0.0,0.0,0.1,25.61,0.0
8253,36.03,20.73,0.0,0.0,0.0,0.1,15.3,0.0
8254,34.08,31.04,0.0,0.0,0.0,0.1,3.03,0.0
8255,34.08,41.59,0.0,7.52,0.0,0.1,0.0,0.0
8256,34.12,34.12,0.0,0.0,0.0,0.9,0.0,0.0
8257,34.12,32.79,0.0,0.0,1.32,0.9,0.0,0.0
8258,34.12,27.62,0.0,0.0,5.46,0.7441,1.04,0.0
8259,34.12,31.05,0.0,0.0,0.0,0.1,3.06,0.0
8260,34.12,23.16,0.0,0.0,0.0,0.1,10.96,0.0
8261,34.12,39.0,0.0,4.89,0.0,0.1,0.0,0.0
8262,34.12,21.8,0.0,0.0,0.0,0.6201,12.31,0.0
8263,36.07,20.57,6.39,0.0,2.8,0.6201,6.31,0.0
8264,37.94,1.74,14.81,0.0,0.0,0.2901,21.39,0.0
8265,39.67,16.14,21.92,0.0,1.61,0.2901,0.0,0.0
8266,41.19,23.07,25.63,7.52,0.0,0.1,0.0,0.0
8267,42.43,7.16,32.39,0.0,2.89,0.9,0.0,0.0
8268,43.35,9.41,30.05,0.0,3.9,0.5598,0.0,0.0
8269,43.92,21.93,29.51,7.52,0.0,0.1,0.0,0.0
8270,44.12,4.71,28.76,0.0,6.78,0.9,3.87,0.0
8271,43.92,26.09,22.93,5.1,0.0,0.1,0.0,0.0
8272,43.35,15.11,15.0,0.0,0.0,0.6428,13.24,0.0
8273,42.43,18.17,8.71,0.0,4.6,0.6428,10.95,0.0
8274,41.19,14.38,0.0,0.0,0.0,0.1,26.8,0.0
8275,39.67,28.36,0.0,0.0,0.0,0.1,11.31,0.0
8276,37.94,45.46,0.0,7.52,0.0,0.1,0.0,0.0
8277,36.07,35.12,0.0,0.0,0.94,0.9,0.0,0.0
8278,34.12,23.32,0.0,0.0,5.77,0.7889,5.03,0.0
8279,34.12,39.99,0.0,5.87,0.0,0.109,0.0,0.0
8280,34.16,28.78,0.0,0.0,5.38,0.7341,0.0,0.0
8281,34.16,41.67,0.0,7.52,0.0,0.1,0.0,0.0
8282,34.16,34.16,0.0,0.0,0.0,0.9,0.0,0.0
8283,34.16,5.6,0.0,0.0,6.78,0.9,21.77,0.0
8284,34.16,19.35,0.0,0.0,0.0,0.1,14.81,0.0
8285,34.16,32.91,0.0,0.0,0.0,0.1,1.25,0.0
8286,34.16,24.56,0.0,0.0,0.0,0.1,9.6,0.0
8287,36.11,13.17,8.08,0.0,0.0,0.1,14.86,0.0
8288,37.98,14.35,16.76,0.0,0.0,0.1,6.87,0.0
8289,39.71,2.6,23.16,0.0,0.0,0.1,13.95,0.0
8290,41.23,15.78,28.72,3.27,0.0,0.1,0.0,0.0
8291,42.47,15.86,30.86,4.25,0.0,0.4481,0.0,0.0
8292,43.39,21.8,21.59,0.0,0.0,0.9,0.0,0.0
8293,43.96,33.07,10.89,0.0,0.0,0.9,0.0,0.0
8294,44.16,16.25,27.9,0.0,0.0,0.9,0.0,0.0
8295,43.96,21.17,22.79,0.0,0.0,0.9,0.0,0.0
8296,43.39,35.06,8.34,0.0,0.0,0.9,0.0,0.0
8297,42.47,24.29,6.52,0.0,5.55,0.9,6.1,0.0
8298,41.23,21.87,0.0,0.0,0.0,0.2457,19.36,0.0
8299,39.71,33.61,0.0,0.0,0.0,0.2457,6.11,0.0
8300,37.98,38.87,0.0,0.88,0.0,0.2457,0.0,0.0
8301,36.11,25.16,0.0,0.0,0.0,0.3396,10.95,0.0
8302,34.16,24.5,0.0,0.0,0.0,0.3396,9.66,0.0
8303,34.16,32.12,0.0,0.0,2.03,0.3396,0.0,0.0
8304,34.2,37.94,0.0,3.74,0.0,0.1,0.0,0.0
8305,34.2,37.4,0.0,3.21,0.0,0.4982,0.0,0.0
8306,34.2,18.97,0.0,0.0,6.27,0.8394,8.96,0.0
8307,34.2,41.71,0.0,7.52,0.0,0.1,0.0,0.0
8308,34.2,22.28,0.0,0.0,6.78,0.9,5.13,0.0
8309,34.2,23.35,0.0,0.0,0.0,0.1,10.85,0.0
8310,34.2,16.23,0.0,0.0,0.0,0.1,17.97,0.0
8311,36.15,42.77,0.9,7.52,0.0,0.1,0.0,0.0
8312,38.02,21.35,15.4,0.0,0.54,0.9,0.74,0.0
8313,39.75,11.03,22.48,0.0,6.25,0.8369,0.0,0.0
8314,41.27,23.38,17.89,0.0,0.0,0.1,0.0,0.0
8315,42.51,21.84,20.68,0.0,0.0,0.1,0.0,0.0
8316,43.44,13.97,29.47,0.0,0.0,0.1,0.0,0.0
8317,44.0,22.4,29.12,7.52,0.0,0.1,0.0,0.0
8318,44.2,9.97,29.04,0.0,5.19,0.9,0.0,0.0
8319,44.0,13.87,23.87,0.0,0.0,0.2883,6.26,0.0
8320,43.44,3.47,16.65,0.0,0.0,0.2883,23.32,0.0
8321,42.51,10.83,8.61,0.0,0.0,0.2883,23.07,0.0
8322,41.27,37.75,0.0,0.0,0.33,0.2883,3.19,0.0
8323,39.75,38.48,0.0,0.0,1.27,0.2495,0.0,0.0
8324,38.02,27.89,0.0,0.0,0.0,0.1,10.13,0.0
8325,36.15,42.21,0.0,6.07,0.0,0.1,0.0,0.0
8326,34.2,29.0,0.0,0.0,5.19,0.7456,0.0,0.0
8327,34.2,29.13,0.0,0.0,0.0,0.1331,5.06,0.0
8328,34.24,31.83,0.0,0.0,0.0,0.1331,2.41,0.0
8329,34.24,30.12,0.0,0.0,0.0,0.1331,4.12,0.0
8330,34.24,28.61,0.0,0.0,0.0,0.1331,5.63,0.0
8331,34.24,38.13,0.0,3.89,0.0,0.1331,0.0,0.0
8332,34.24,28.6,0.0,0.0,0.0,0.5476,5.64,0.0
8333,34.24,31.15,0.0,0.0,0.0,0.5476,3.09,0.0
8334,34.24,31.63,0.0,0.0,0.0,0.5476,2.61,0.0
8335,36.19,24.47,8.75,0.0,2.97,0.5476,0.0,0.0
8336,38.06,11.77,17.38,0.0,0.0,0.1976,8.92,0.0
8337,39.79,7.09,22.57,0.0,0.83,0.1976,9.31,0.0
8338,41.31,17.75,29.53,5.97,0.0,0.1,0.0,0.0
8339,42.55,14.41,22.75,0.0,5.39,0.7353,0.0,0.0
8340,43.48,16.19,31.16,3.88,0.0,0.1,0.0,0.0
8341,44.05,15.64,32.04,3.64,0.0,0.5125,0.0,0.0
8342,44.24,15.47,28.77,0.0,0.0,0.9,0.0,0.0
8343,44.05,7.27,22.4,0.0,6.78,0.9,7.6,0.0
8344,43.48,3.67,14.83,0.0,0.0,0.1,24.98,0.0
8345,42.55,24.02,8.03,0.0,0.0,0.1,10.5,0.0
8346,41.31,20.45,0.0,0.0,0.0,0.1,20.86,0.0
8347,39.79,28.0,0.0,0.0,0.0,0.1,11.79,0.0
8348,38.06,32.05,0.0,0.0,0.0,0.1,6.02,0.0
8349,36.19,39.25,0.0,3.06,0.0,0.1,0.0,0.0
8350,34.24,18.35,0.0,0.0,0.0,0.4257,15.89,0.0
8351,34.24,26.69,0.0,0.0,2.76,0.4257,4.79,0.0
8352,34.28,34.28,0.0,0.0,0.0,0.1,0.0,0.0
8353,34.28,37.27,0.0,2.99,0.0,0.1,0.0,0.0
8354,34.28,38.81,0.0,4.53,0.0,0.418,0.0,0.0
8355,34.28,34.28,0.0,0.0,0.0,0.9,0.0,0.0
8356,34.28,27.0,0.0,0.0,5.25,0.9,2.03,0.0
8357,34.28,18.47,0.0,0.0,0.0,0.2812,15.81,0.0
8358,34.28,19.0,0.0,0.0,0.0,0.2812,15.28,0.0
8359,36.23,16.72,8.56,0.0,0.0,0.2812,10.95,0.0
8360,38.11,24.71,15.95,2.56,0.0,0.2812,0.0,0.0
8361,39.83,19.91,21.94,2.02,0.0,0.5537,0.0,0.0
8362,41.35,6.1,29.59,0.0,5.67,0.7682,0.0,0.0
8363,42.59,12.35,30.24,0.0,0.0,0.1,0.0,0.0
8364,43.52,22.51,28.53,7.52,0.0,0.1,0.0,0.0
8365,44.09,13.21,30.87,0.0,0.0,0.9,0.0,0.0
8366,44.28,21.12,18.76,0.0,4.4,0.9,0.0,0.0
8367,44.09,20.91,23.87,0.7,0.0,0.3813,0.0,0.0
8368,43.52,32.42,15.27,4.18,0.0,0.4553,0.0,0.0
8369,42.59,23.3,8.48,0.0,6.78,0.9,4.03,0.0
8370,41.35,20.42,0.0,0.0,0.0,0.1,20.93,0.0
8371,39.83,18.27,0.0,0.0,0.0,0.1,21.57,0.0
8372,38.11,29.43,0.0,0.0,0.0,0.1,8.67,0.0
8373,36.23,9.72,0.0,0.0,0.0,0.1,26.51,0.0
8374,34.28,28.89,0.0,0.0,0.0,0.1,5.39,0.0
8375,34.28,29.52,0.0,0.0,0.0,0.1,4.76,0.0
8376,34.32,20.63,0.0,0.0,0.0,0.1,13.69,0.0
8377,34.32,23.82,0.0,0.0,0.0,0.1,10.5,0.0
8378,34.32,36.82,0.0,2.5,0.0,0.1,0.0,0.0
8379,34.32,30.97,0.0,0.0,0.0,0.3664,3.36,0.0
8380,34.32,28.3,0.0,0.0,0.0,0.3664,6.02,0.0
8381,34.32,28.01,0.0,0.0,2.26,0.3664,4.05,0.0
8382,34.32,24.25,0.0,0.0,0.0,0.1,10.07,0.0
8383,36.27,31.33,7.22,2.28,0.0,0.1,0.0,0.0
8384,38.15,20.53,15.71,0.0,1.91,0.3428,0.0,0.0
8385,39.88,6.33,22.56,0.0,0.15,0.1174,10.84,0.0
8386,41.39,21.59,27.32,7.52,0.0,0.1,0.0,0.0
8387,42.63,18.79,22.63,0.0,1.22,0.9,0.0,0.0
8388,43.56,10.9,34.01,1.35,0.0,0.7564,0.0,0.0
8389,44.13,5.9,32.68,0.0,5.55,0.9,0.0,0.0
8390,44.32,19.79,29.17,4.64,0.0,0.2453,0.0,0.0
8391,44.13,16.97,22.19,0.0,4.97,0.7388,0.0,0.0
8392,43.56,32.05,17.39,5.88,0.0,0.1532,0.0,0.0
8393,42.63,18.72,8.73,0.0,3.3,0.7792,11.89,0.0
8394,41.39,16.87,0.0,0.0,0.0,0.3903,24.52,0.0
8395,39.88,32.69,0.0,0.0,0.0,0.3903,7.19,0.0
8396,38.15,34.84,0.0,0.0,0.0,0.3903,3.31,0.0
8397,36.27,30.47,0.0,0.0,0.0,0.3903,5.8,0.0
8398,34.32,35.77,0.0,1.44,0.0,0.3903,0.0,0.0
8399,34.32,30.89,0.0,0.0,3.43,0.5441,0.0,0.0
8400,34.36,33.35,0.0,0.0,0.0,0.1395,1.01,0.0
8401,34.36,40.47,0.0,6.11,0.0,0.1395,0.0,0.0
8402,34.36,35.4,0.0,1.03,0.0,0.7899,0.0,0.0
8403,34.36,27.83,0.0,0.0,6.54,0.9,0.0,0.0
8404,34.36,38.26,0.0,3.9,0.0,0.1293,0.0,0.0
8405,34.36,6.83,0.0,0.0,3.77,0.5444,23.76,0.0
8406,34.36,39.85,0.0,5.49,0.0,0.1,0.0,0.0
8407,36.31,7.96,7.55,0.0,0.0,0.6838,20.81,0.0
8408,38.19,14.61,16.95,0.0,4.95,0.6838,1.68,0.0
8409,39.92,16.12,23.8,0.0,0.0,0.1,0.0,0.0
8410,41.43,13.45,27.98,0.0,0.0,0.1,0.0,0.0
8411,42.68,23.88,26.32,7.52,0.0,0.1,0.0,0.0
8412,43.6,4.73,34.29,0.0,4.58,0.9,0.0,0.0
8413,44.17,17.96,31.29,5.08,0.0,0.3596,0.0,0.0
8414,44.36,12.09,28.28,0.0,4.0,0.9,0.0,0.0
8415,44.17,20.28,22.78,0.0,1.11,0.4289,0.0,0.0
8416,43.6,19.07,17.15,0.0,0.0,0.2984,7.38,0.0
8417,42.68,22.24,7.81,0.0,0.0,0.2984,12.62,0.0
8418,41.43,19.19,0.0,0.0,0.0,0.2984,22.24,0.0
8419,39.92,21.56,0.0,0.0,0.0,0.2984,18.36,0.0
8420,38.19,29.81,0.0,0.0,0.0,0.2984,8.38,0.0
8421,36.31,36.66,0.0,0.35,0.0,0.2984,0.0,0.0
8422,34.36,25.68,0.0,0.0,0.0,0.3356,8.68,0.0
8423,34.36,24.33,0.0,0.0,2.0,0.3356,8.04,0.0
8424,34.4,36.4,0.0,2.0,0.0,0.1,0.0,0.0
8425,34.4,31.0,0.0,0.0,0.0,0.3124,3.4,0.0
8426,34.4,37.06,0.0,2.66,0.0,0.3124,0.0,0.0
8427,34.4,22.01,0.0,0.0,0.0,0.5949,12.39,0.0
8428,34.4,13.43,0.0,0.0,0.0,0.5949,20.97,0.0
8429,34.4,21.41,0.0,0.0,4.2,0.5949,8.79,0.0
8430,34.4,17.5,0.0,0.0,0.0,0.1,16.9,0.0
8431,36.35,20.91,7.41,0.0,0.0,0.1,8.04,0.0
8432,38.23,14.56,15.98,0.0,0.0,0.1,7.69,0.0
8433,39.96,23.86,22.71,6.61,0.0,0.1,0.0,0.0
8434,41.47,14.43,27.96,0.91,0.0,0.8036,0.0,0.0
8435,42.72,17.11,25.6,0.0,0.0,0.9,0.0,0.0
8436,43.64,16.9,20.99,0.0,5.75,0.9,0.0,0.0
8437,44.21,17.47,31.49,4.74,0.0,0.2218,0.0,0.0
8438,44.4,16.52,29.38,1.5,0.0,0.7267,0.0,0.0
8439,44.21,22.03,22.31,0.13,0.0,0.886,0.0,0.0
8440,43.64,13.3,16.44,0.0,5.42,0.9,8.49,0.0
8441,42.72,32.64,8.71,0.0,1.37,0.2612,0.0,0.0
8442,41.47,21.71,0.0,0.0,0.0,0.1,19.76,0.0
8443,39.96,15.23,0.0,0.0,0.0,0.1,24.73,0.0
8444,38.23,29.05,0.0,0.0,0.0,0.1,9.18,0.0
8445,36.35,22.45,0.0,0.0,0.0,0.1,13.91,0.0
8446,34.4,34.4,0.0,0.0,0.0,0.1,0.0,0.0
8447,34.4,41.92,0.0,7.52,0.0,0.1,0.0,0.0
8448,34.45,25.32,0.0,0.0,4.45,0.9,4.68,0.0
8449,34.45,33.93,0.0,0.0,0.52,0.3758,0.0,0.0
8450,34.45,16.56,0.0,0.0,0.0,0.3149,17.89,0.0
8451,34.45,32.84,0.0,0.0,0.0,0.3149,1.61,0.0
8452,34.45,20.56,0.0,0.0,0.0,0.3149,13.89,0.0
8453,34.45,20.71,0.0,0.0,0.0,0.3149,13.73,0.0
8454,34.45,14.88,0.0,0.0,0.0,0.3149,19.57,0.0
8455,36.4,27.38,7.2,0.0,1.82,0.3149,0.0,0.0
8456,38.27,27.22,16.62,5.57,0.0,0.1,0.0,0.0
8457,40.0,18.19,23.76,1.95,0.0,0.6924,0.0,0.0
8458,41.52,7.14,27.59,0.0,6.78,0.9,0.0,0.0
8459,42.76,28.57,21.71,7.52,0.0,0.1,0.0,0.0
8460,43.68,9.72,32.04,0.0,1.92,0.9,0.0,0.0
8461,44.25,0.0,32.23,0.0,4.41,0.6734,7.61,0.0
8462,44.45,20.38,28.19,4.13,0.0,0.1529,0.0,0.0
8463,44.25,9.24,22.18,0.0,0.0,0.5922,12.83,0.0
8464,43.68,27.5,15.21,0.0,0.98,0.5922,0.0,0.0
8465,42.76,18.54,7.24,0.0,0.0,0.4771,16.98,0.0
8466,41.52,28.41,0.0,0.0,0.0,0.4771,13.1,0.0
8467,40.0,36.8,0.0,0.0,3.2,0.4771,0.0,0.0
8468,38.27,17.99,0.0,0.0,0.0,0.1,20.28,0.0
8469,36.4,24.74,0.0,0.0,0.0,0.1,11.65,0.0
8470,34.45,29.9,0.0,0.0,0.0,0.1,4.55,0.0
8471,34.45,41.96,0.0,7.52,0.0,0.1,0.0,0.0
8472,34.49,26.36,0.0,0.0,6.62,0.9,1.51,0.0
8473,34.49,26.6,0.0,0.0,0.0,0.1195,7.89,0.0
8474,34.49,34.32,0.0,0.0,0.17,0.1195,0.0,0.0
8475,34.49,24.68,0.0,0.0,0.0,0.1,9.81,0.0
8476,34.49,28.83,0.0,0.0,0.0,0.1,5.66,0.0
8477,34.49,13.39,0.0,0.0,0.0,0.1,21.1,0.0
8478,34.49,41.23,0.0,6.74,0.0,0.1,0.0,0.0
8479,36.44,10.89,6.93,0.0,6.09,0.8176,12.53,0.0
8480,38.31,17.13,15.04,0.0,0.0,0.1,6.15,0.0
8481,40.04,16.39,23.66,0.0,0.0,0.1,0.0,0.0
8482,41.56,20.6,28.48,7.52,0.0,0.1,0.0,0.0
8483,42.8,5.46,30.55,0.0,6.78,0.9,0.0,0.0
8484,43.73,31.46,19.78,7.52,0.0,0.1,0.0,0.0
8485,44.3,21.99,22.3,0.0,0.0,0.9,0.0,0.0
8486,44.49,20.09,24.4,0.0,0.0,0.9,0.0,0.0
8487,44.3,10.22,22.76,0.0,6.78,0.9,4.54,0.0
8488,43.73,24.21,17.0,0.0,0.0,0.1,2.52,0.0
8489,42.8,15.85,7.9,0.0,0.0,0.1,19.05,0.0
8490,41.56,33.71,0.0,0.0,0.0,0.1,7.85,0.0
8491,40.04,17.99,0.0,0.0,0.0,0.1,22.05,0.0
8492,38.31,26.72,0.0,0.0,0.0,0.1,11.59,0.0
8493,36.44,24.86,0.0,0.0,0.0,0.1,11.58,0.0
8494,34.49,22.69,0.0,0.0,0.0,0.1,11.8,0.0
8495,34.49,34.49,0.0,0.0,0.0,0.1,0.0,0.0
8496,34.53,35.87,0.0,1.34,0.0,0.1,0.0,0.0
8497,34.53,40.71,0.0,6.18,0.0,0.2424,0.0,0.0
8498,34.53,16.42,0.0,0.0,6.78,0.9,11.32,0.0
8499,34.53,37.74,0.0,3.21,0.0,0.1,0.0,0.0
8500,34.53,38.84,0.0,4.31,0.0,0.4416,0.0,0.0
8501,34.53,22.15,0.0,0.0,6.78,0.9,5.6,0.0
8502,34.53,38.72,0.0,4.19,0.0,0.1,0.0,0.0
8503,36.48,19.53,6.25,0.0,3.64,0.5463,7.06,0.0
8504,38.36,8.81,17.2,0.0,0.0,0.1174,12.35,0.0
8505,40.09,15.64,24.3,0.0,0.15,0.1174,0.0,0.0
8506,41.6,25.12,24.0,7.52,0.0,0.1,0.0,0.0
8507,42.84,9.35,32.25,0.0,1.25,0.9,0.0,0.0
8508,43.77,10.97,27.26,0.0,5.54,0.7531,0.0,0.0
8509,44.34,20.72,31.14,7.52,0.0,0.1,0.0,0.0
8510,44.53,16.83,25.52,0.0,2.18,0.9,0.0,0.0
8511,44.34,22.7,24.05,2.42,0.0,0.6425,0.0,0.0
8512,43.77,21.6,14.63,0.0,6.78,0.9,0.76,0.0
8513,42.84,25.43,8.16,0.0,0.0,0.1,9.25,0.0
8514,41.6,20.24,0.0,0.0,0.0,0.1,21.36,0.0
8515,40.09,27.57,0.0,0.0,0.0,0.1,12.51,0.0
8516,38.36,20.28,0.0,0.0,0.0,0.1,18.07,0.0
8517,36.48,39.52,0.0,3.04,0.0,0.1,0.0,0.0
8518,34.53,25.52,0.0,0.0,2.74,0.4235,6.27,0.0
8519,34.53,40.31,0.0,5.78,0.0,0.1,0.0,0.0
8520,34.57,29.79,0.0,0.0,4.79,0.7149,0.0,0.0
8521,34.57,32.97,0.0,0.0,0.0,0.1506,1.6,0.0
8522,34.57,26.65,0.0,0.0,0.0,0.1506,7.92,0.0
8523,34.57,21.25,0.0,0.0,0.0,0.1506,13.32,0.0
8524,34.57,13.82,0.0,0.0,0.0,0.1506,20.75,0.0
8525,34.57,17.38,0.0,0.0,0.43,0.1506,16.77,0.0
8526,34.57,21.13,0.0,0.0,0.0,0.1,13.44,0.0
8527,36.52,23.33,8.86,0.0,0.0,0.1,4.34,0.0
8528,38.4,27.75,16.33,5.68,0.0,0.1,0.0,0.0
8529,40.13,14.55,23.43,0.0,2.15,0.7044,0.0,0.0
8530,41.64,9.82,28.29,0.0,0.0,0.4508,3.53,0.0
8531,42.89,4.58,32.85,0.0,2.98,0.4508,2.48,0.0
8532,43.81,19.57,24.24,0.0,0.0,0.1,0.0,0.0
8533,44.38,27.01,24.88,7.52,0.0,0.1,0.0,0.0
8534,44.57,26.88,17.69,0.0,0.0,0.9,0.0,0.0
8535,44.38,23.72,20.66,0.0,0.0,0.9,0.0,0.0
8536,43.81,24.8,16.57,0.0,2.44,0.9,0.0,0.0
8537,42.89,35.12,6.38,0.0,1.38,0.6127,0.0,0.0
8538,41.64,26.34,0.0,0.0,0.0,0.4503,15.31,0.0
8539,40.13,30.89,0.0,0.0,0.0,0.4503,9.24,0.0
8540,38.4,25.12,0.0,0.0,0.0,0.4503,13.27,0.0
8541,36.52,18.5,0.0,0.0,2.97,0.4503,15.05,0.0
8542,34.57,25.15,0.0,0.0,0.0,0.1,9.42,0.0
8543,34.57,31.3,0.0,0.0,0.0,0.1,3.27,0.0
8544,34.61,32.15,0.0,0.0,0.0,0.1,2.47,0.0
8545,34.61,42.13,0.0,7.52,0.0,0.1,0.0,0.0
8546,34.61,30.93,0.0,0.0,3.68,0.9,0.0,0.0
8547,34.61,38.7,0.0,4.08,0.0,0.4656,0.0,0.0
8548,34.61,24.24,0.0,0.0,6.78,0.9,3.59,0.0
8549,34.61,23.3,0.0,0.0,0.0,0.1,11.31,0.0
8550,34.61,13.17,0.0,0.0,0.0,0.1,21.44,0.0
8551,36.57,15.77,8.1,0.0,0.0,0.1,12.69,0.0
8552,38.44,23.94,15.83,1.32,0.0,0.1,0.0,0.0
8553,40.17,15.51,23.46,0.0,1.2,0.2409,0.0,0.0
8554,41.69,24.33,17.35,0.0,0.0,0.1,0.0,0.0
8555,42.93,17.49,32.87,7.43,0.0,0.1,0.0,0.0
8556,43.85,12.99,30.95,0.09,0.0,0.8909,0.0,0.0
8557,44.42,33.11,5.59,0.0,5.72,0.9,0.0,0.0
8558,44.61,16.1,28.83,0.32,0.0,0.2258,0.0,0.0
8559,44.42,27.34,23.1,6.02,0.0,0.2596,0.0,0.0
8560,43.85,16.57,15.58,0.0,6.58,0.9,5.13,0.0
8561,42.93,27.3,6.31,0.0,0.0,0.1247,9.32,0.0
8562,41.69,31.09,0.0,0.0,0.0,0.1247,10.59,0.0
8563,40.17,27.43,0.0,0.0,0.0,0.1247,12.74,0.0
8564,38.44,9.0,0.0,0.0,0.0,0.1247,29.44,0.0
8565,36.57,29.48,0.0,0.0,0.0,0.1247,7.08,0.0
8566,34.61,40.37,0.0,5.75,0.0,0.1247,0.0,0.0
8567,34.61,35.58,0.0,0.97,0.0,0.737,0.0,0.0
8568,34.66,35.22,0.0,0.57,0.0,0.8398,0.0,0.0
8569,34.66,17.74,0.0,0.0,3.95,0.9,12.97,0.0
8570,34.66,24.9,0.0,0.0,0.0,0.4343,9.76,0.0
8571,34.66,32.62,0.0,0.0,0.0,0.4343,2.03,0.0
8572,34.66,30.97,0.0,0.0,0.0,0.4343,3.69,0.0
8573,34.66,35.44,0.0,0.79,0.0,0.4343,0.0,0.0
8574,34.66,22.59,0.0,0.0,0.0,0.5178,12.06,0.0
8575,36.61,24.91,8.66,0.0,0.0,0.5178,3.04,0.0
8576,38.48,19.9,15.04,0.0,3.54,0.5178,0.0,0.0
8577,40.21,10.29,24.23,0.0,0.0,0.1,5.69,0.0
8578,41.73,0.0,29.35,0.0,0.0,0.1,12.38,0.0
8579,42.97,12.02,30.98,0.03,0.0,0.1,0.0,0.0
8580,43.9,17.18,34.2,7.49,0.0,0.1032,0.0,0.0
8581,44.46,11.17,32.95,0.0,0.35,0.9,0.0,0.0
8582,44.66,4.01,29.92,0.0,6.44,0.8589,4.28,0.0
8583,44.46,23.13,22.17,0.84,0.0,0.1,0.0,0.0
8584,43.9,17.66,16.22,0.0,0.0,0.189,10.01,0.0
8585,42.97,26.11,7.77,0.0,0.0,0.189,9.09,0.0
8586,41.73,38.54,0.0,0.0,0.0,0.189,3.18,0.0
8587,40.21,8.8,0.0,0.0,0.75,0.189,30.67,0.0
8588,38.48,22.16,0.0,0.0,0.0,0.1005,16.33,0.0
8589,36.61,27.7,0.0,0.0,0.0,0.1005,8.91,0.0
8590,34.66,42.17,0.0,7.51,0.0,0.1005,0.0,0.0
8591,34.66,18.42,0.0,0.0,6.78,0.9,9.45,0.0
8592,34.7,42.22,0.0,7.52,0.0,0.1,0.0,0.0
8593,34.7,32.51,0.0,0.0,2.19,0.9,0.0,0.0
8594,34.7,29.87,0.0,0.0,0.0,0.6417,4.82,0.0
8595,34.7,27.8,0.0,0.0,4.03,0.6417,2.86,0.0
8596,34.7,24.27,0.0,0.0,0.0,0.1663,10.43,0.0
8597,34.7,34.14,0.0,0.0,0.56,0.1663,0.0,0.0
8598,34.7,15.28,0.0,0.0,0.0,0.1,19.42,0.0
8599,36.65,24.45,6.45,0.0,0.0,0.1,5.75,0.0
8600,38.53,16.74,16.55,0.0,0.0,0.1,5.23,0.0
8601,40.26,12.1,23.44,0.0,0.0,0.1,4.72,0.0
8602,41.77,14.24,27.53,0.0,0.0,0.1,0.0,0.0
8603,43.01,19.42,31.11,7.52,0.0,0.1,0.0,0.0
8604,43.94,20.69,23.25,0.0,0.0,0.9,0.0,0.0
8605,44.51,25.13,19.38,0.0,0.0,0.9,0.0,0.0
8606,44.7,5.6,27.74,0.0,6.78,0.9,4.57,0.0
8607,44.51,28.2,23.83,7.52,0.0,0.1,0.0,0.0
8608,43.94,0.0,16.53,0.0,6.78,0.9,20.63,0.0
8609,43.01,15.6,7.29,0.0,0.0,0.1,20.12,0.0
8610,41.77,20.12,0.0,0.0,0.0,0.1,21.65,0.0
8611,40.26,30.43,0.0,0.0,0.0,0.1,9.82,0.0
8612,38.53,29.47,0.0,0.0,0.0,0.1,9.06,0.0
8613,36.65,28.05,0.0,0.0,0.0,0.1,8.6,0.0
8614,34.7,30.54,0.0,0.0,0.0,0.1,4.16,0.0
8615,34.7,23.66,0.0,0.0,0.0,0.1,11.03,0.0
8616,34.74,19.83,0.0,0.0,0.0,0.1,14.91,0.0
8617,34.74,34.74,0.0,0.0,0.0,0.1,0.0,0.0
8618,34.74,36.16,0.0,1.42,0.0,0.1,0.0,0.0
8619,34.74,40.84,0.0,6.1,0.0,0.2508,0.0,0.0
8620,34.74,21.47,0.0,0.0,6.78,0.9,6.48,0.0
8621,34.74,31.33,0.0,0.0,0.0,0.1,3.41,0.0
8622,34.74,21.52,0.0,0.0,0.0,0.1,13.22,0.0
8623,36.69,31.17,5.52,0.0,0.0,0.1,0.0,0.0
8624,38.57,27.92,15.63,4.98,0.0,0.1,0.0,0.0
8625,40.3,19.84,21.86,1.4,0.0,0.6297,0.0,0.0
8626,41.81,14.2,28.75,1.14,0.0,0.7789,0.0,0.0
8627,43.06,23.74,12.54,0.0,6.78,0.9,0.0,0.0
8628,43.98,20.97,30.53,7.52,0.0,0.1,0.0,0.0
8629,44.55,10.67,33.27,0.0,0.6,0.9,0.0,0.0
8630,44.74,6.36,27.99,0.0,6.18,0.8289,4.21,0.0
8631,44.55,15.87,24.07,0.0,0.0,0.1,4.61,0.0
8632,43.98,31.84,15.55,3.4,0.0,0.1,0.0,0.0
8633,43.06,30.82,7.96,0.0,0.0,0.4621,4.27,0.0
8634,41.81,14.94,0.0,0.0,0.0,0.4621,26.87,0.0
8635,40.3,16.56,0.0,0.0,2.32,0.4621,21.42,0.0
8636,38.57,37.87,0.0,0.0,0.7,0.1884,0.0,0.0
8637,36.69,20.37,0.0,0.0,0.0,0.1055,16.32,0.0
8638,34.74,34.7,0.0,0.0,0.05,0.1055,0.0,0.0
8639,34.74,26.55,0.0,0.0,0.0,0.1,8.19,0.0
8640,34.79,42.3,0.0,7.52,0.0,0.1,0.0,0.0
8641,34.79,25.34,0.0,0.0,6.78,0.9,2.66,0.0
8642,34.79,39.74,0.0,4.96,0.0,0.1,0.0,0.0
8643,34.79,30.87,0.0,0.0,0.0,0.6275,3.91,0.0
8644,34.79,29.76,0.0,0.0,4.47,0.6275,0.55,0.0
8645,34.79,10.2,0.0,0.0,0.0,0.1,24.58,0.0
8646,34.79,6.3,0.0,0.0,0.0,0.1,28.49,0.0
8647,36.74,19.98,6.92,0.0,0.0,0.1,9.84,0.0
8648,38.61,21.78,17.16,0.33,0.0,0.1,0.0,0.0
8649,40.34,9.24,23.01,0.0,0.0,0.1353,8.09,0.0
8650,41.86,8.27,28.28,0.0,0.3,0.1353,5.01,0.0
8651,43.1,20.58,30.04,7.52,0.0,0.1,0.0,0.0
8652,44.02,20.32,23.71,0.0,0.0,0.9,0.0,0.0
8653,44.59,15.03,29.57,0.0,0.0,0.9,0.0,0.0
8654,44.79,15.34,29.45,0.0,0.0,0.9,0.0,0.0
8655,44.59,8.85,21.73,0.0,6.78,0.9,7.23,0.0
8656,44.02,16.99,15.77,0.0,0.0,0.1,11.26,0.0
8657,43.1,34.82,8.54,0.26,0.0,0.1,0.0,0.0
8658,41.86,24.33,0.0,0.0,0.17,0.1272,17.35,0.0
8659,40.34,26.85,0.0,0.0,0.0,0.1067,13.49,0.0
8660,38.61,46.07,0.0,7.46,0.0,0.1067,0.0,0.0
8661,36.74,18.29,0.0,0.0,6.78,0.9,11.66,0.0
8662,34.79,36.99,0.0,2.2,0.0,0.1,0.0,0.0
8663,34.79,40.1,0.0,5.31,0.0,0.3344,0.0,0.0
8664,34.83,29.16,0.0,0.0,5.67,0.9,0.0,0.0
8665,34.83,38.29,0.0,3.47,0.0,0.2317,0.0,0.0
8666,34.83,22.88,0.0,0.0,2.12,0.6005,9.83,0.0
8667,34.83,23.96,0.0,0.0,0.0,0.351,10.87,0.0
8668,34.83,30.83,0.0,0.0,0.0,0.351,4.0,0.0
8669,34.83,32.19,0.0,0.0,0.0,0.351,2.63,0.0
8670,34.83,32.7,0.0,0.0,2.13,0.351,0.0,0.0
8671,36.78,34.21,8.36,5.78,0.0,0.1,0.0,0.0
8672,38.65,17.49,15.94,0.0,5.22,0.7155,0.0,0.0
8673,40.38,18.03,22.35,0.0,0.0,0.1,0.0,0.0
8674,41.9,14.21,27.69,0.0,0.0,0.1,0.0,0.0
8675,43.14,23.29,27.37,7.52,0.0,0.1,0.0,0.0
8676,44.07,17.51,19.77,0.0,6.78,0.9,0.0,0.0
8677,44.64,19.67,32.48,7.52,0.0,0.1,0.0,0.0
8678,44.83,20.29,24.54,0.0,0.0,0.9,0.0,0.0
8679,44.64,5.45,22.86,0.0,6.78,0.9,9.54,0.0
8680,44.07,10.9,15.36,0.0,0.0,0.1,17.8,0.0
8681,43.14,22.56,8.48,0.0,0.0,0.1,12.1,0.0
8682,41.9,10.4,0.0,0.0,0.0,0.1,31.5,0.0
8683,40.38,32.45,0.0,0.0,0.0,0.1,7.93,0.0
8684,38.65,34.69,0.0,0.0,0.0,0.1,3.97,0.0
8685,36.78,32.01,0.0,0.0,0.0,0.1,4.77,0.0
8686,34.83,21.77,0.0,0.0,0.0,0.1,13.05,0.0
8687,34.83,34.83,0.0,0.0,0.0,0.1,0.0,0.0
8688,34.87,42.39,0.0,7.52,0.0,0.1,0.0,0.0
8689,34.87,32.64,0.0,0.0,2.23,0.9,0.0,0.0
8690,34.87,34.74,0.0,0.0,0.13,0.6375,0.0,0.0
8691,34.87,31.02,0.0,0.0,2.85,0.6217,0.99,0.0
8692,34.87,31.99,0.0,0.0,0.0,0.2851,2.88,0.0
8693,34.87,24.91,0.0,0.0,0.0,0.2851,9.96,0.0
8694,34.87,23.53,0.0,0.0,0.0,0.2851,11.34,0.0
8695,36.82,28.94,6.31,0.0,1.57,0.2851,0.0,0.0
8696,38.7,31.47,14.75,7.52,0.0,0.1,0.0,0.0
8697,40.43,7.08,24.59,0.0,6.08,0.9,2.67,0.0
8698,41.94,16.11,29.94,4.11,0.0,0.1828,0.0,0.0
8699,43.19,6.77,32.01,0.0,4.41,0.6198,0.0,0.0
8700,44.11,28.51,23.12,7.52,0.0,0.1,0.0,0.0
8701,44.68,11.47,32.77,0.0,0.43,0.9,0.0,0.0
8702,44.87,5.47,28.93,0.0,6.35,0.8488,4.12,0.0
8703,44.68,23.26,22.2,0.78,0.0,0.1,0.0,0.0
8704,44.11,33.69,16.64,6.22,0.0,0.1833,0.0,0.0
8705,43.19,27.02,6.68,0.0,6.32,0.8453,3.16,0.0
8706,41.94,25.43,0.0,0.0,0.0,0.1,16.51,0.0
8707,40.43,29.11,0.0,0.0,0.0,0.1,11.32,0.0
8708,38.7,39.01,0.0,0.31,0.0,0.1,0.0,0.0
8709,36.82,22.48,0.0,0.0,0.0,0.1333,14.34,0.0
8710,34.87,29.8,0.0,0.0,0.0,0.1333,5.08,0.0
8711,34.87,27.88,0.0,0.0,0.0,0.1333,6.99,0.0
8712,34.91,22.48,0.0,0.0,0.0,0.1333,12.43,0.0
8713,34.91,28.88,0.0,0.0,0.0,0.1333,6.04,0.0
8714,34.91,39.48,0.0,4.57,0.0,0.1333,0.0,0.0
8715,34.91,33.93,0.0,0.0,0.99,0.6197,0.0,0.0
8716,34.91,32.9,0.0,0.0,0.0,0.5032,2.01,0.0
8717,34.91,27.03,0.0,0.0,3.42,0.5032,4.46,0.0
8718,34.91,27.97,0.0,0.0,0.0,0.1,6.95,0.0
8719,36.86,15.4,8.88,0.0,0.0,0.1,12.58,0.0
8720,38.74,17.39,16.18,0.0,0.0,0.1,5.17,0.0
8721,40.47,19.72,24.22,3.48,0.0,0.1,0.0,0.0
8722,41.99,19.14,19.7,0.0,3.14,0.4702,0.0,0.0
8723,43.23,18.69,24.98,0.44,0.0,0.1,0.0,0.0
8724,44.15,11.86,32.29,0.0,0.0,0.147,0.0,0.0
8725,44.72,13.15,31.17,0.0,0.4,0.147,0.0,0.0
8726,44.91,24.34,28.09,7.52,0.0,0.1,0.0,0.0
8727,44.72,25.4,19.32,0.0,0.0,0.9,0.0,0.0
8728,44.15,23.12,16.34,0.0,4.69,0.9,0.0,0.0
8729,43.23,19.91,7.21,0.0,0.0,0.3473,16.11,0.0
8730,41.99,20.23,0.0,0.0,0.0,0.3473,21.75,0.0
8731,40.47,24.83,0.0,0.0,0.0,0.3473,15.64,0.0
8732,38.74,30.11,0.0,0.0,0.0,0.3473,8.63,0.0
8733,36.86,14.5,0.0,0.0,0.0,0.3473,22.37,0.0
8734,34.91,18.23,0.0,0.0,0.0,0.3473,16.68,0.0
8735,34.91,26.43,0.0,0.0,2.1,0.3473,6.39,0.0
8736,34.96,33.4,0.0,0.0,0.0,0.1,1.56,0.0
8737,34.96,29.59,0.0,0.0,0.0,0.1,5.37,0.0
8738,34.96,42.43,0.0,7.47,0.0,0.1,0.0,0.0
8739,34.96,17.66,0.0,0.0,6.74,0.8951,10.55,0.0
8740,34.96,21.82,0.0,0.0,0.0,0.1,13.14,0.0
8741,34.96,37.94,0.0,2.98,0.0,0.1,0.0,0.0
8742,34.96,24.86,0.0,0.0,2.61,0.4175,7.49,0.0
8743,36.91,28.79,8.03,0.0,0.09,0.1101,0.0,0.0
8744,38.78,29.68,16.62,7.52,0.0,0.1,0.0,0.0
8745,40.51,12.69,21.03,0.0,6.78,0.9,0.0,0.0
8746,42.03,16.15,29.25,3.37,0.0,0.1,0.0,0.0
8747,43.27,13.99,33.43,4.15,0.0,0.4589,0.0,0.0
8748,44.2,0.36,33.42,0.0,6.78,0.9,3.63,0.0
8749,44.76,11.55,33.21,0.0,0.0,0.1,0.0,0.0
8750,44.96,23.3,28.58,6.92,0.0,0.1,0.0,0.0
8751,44.76,22.5,22.87,0.6,0.0,0.8365,0.0,0.0
8752,44.2,24.76,15.43,0.0,4.0,0.9,0.0,0.0
8753,43.27,18.78,6.83,0.0,0.0,0.4278,17.66,0.0
8754,42.03,18.61,0.0,0.0,2.78,0.4278,20.64,0.0
8755,40.51,35.95,0.0,0.0,0.0,0.1,4.56,0.0
8756,38.78,23.84,0.0,0.0,0.0,0.1,14.95,0.0
8757,36.91,31.77,0.0,0.0,0.0,0.1,5.14,0.0
8758,34.96,31.99,0.0,0.0,0.0,0.1,2.97,0.0
8759,34.96,38.72,0.0,3.76,0.0,0.1,0.0,0.0
