Hour,Load,P_WT,P_PV,P_ST_Charge,P_ST_Discharge,SOC,P_Grid_Buy,P_Grid_Sell
0,35.0,0.0,0.0,0.0,0.0,0.0,35.0,0.0
1,35.0,0.0,0.0,0.0,0.0,0.0,35.0,0.0
2,35.0,0.0,0.0,0.0,0.0,0.0,35.0,0.0
3,35.0,0.0,0.0,0.0,0.0,0.0,35.0,0.0
4,35.0,0.0,0.0,0.0,0.0,0.0,35.0,0.0
5,35.0,0.0,0.0,0.0,0.0,0.0,35.0,0.0
6,35.0,0.0,0.0,0.0,0.0,0.0,35.0,0.0
7,36.95,0.0,5.94,0.81,0.0,0.0,31.82,0.0
8,38.83,0.0,13.52,0.0,0.0,0.0691,25.3,0.0
9,40.56,0.0,19.83,0.0,0.0,0.0691,20.73,0.0
10,42.07,0.0,24.62,0.0,0.0,0.0691,17.45,0.0
11,43.31,0.0,26.62,0.0,0.0,0.0691,16.7,0.0
12,44.24,0.0,28.32,0.0,0.0,0.0691,15.92,0.0
13,44.81,0.0,28.24,0.0,0.0,0.0691,16.56,0.0
14,45.0,0.0,24.48,0.0,0.0,0.0691,20.52,0.0
15,44.81,0.0,18.99,0.0,0.0,0.0691,25.82,0.0
16,44.24,0.0,14.25,0.0,0.0,0.0691,29.99,0.0
17,43.31,0.0,7.18,3.32,0.0,0.0691,39.45,0.0
18,42.07,0.0,0.0,0.0,2.62,0.3514,39.45,0.0
19,40.56,0.0,0.0,0.0,1.1,0.1042,39.45,0.0
20,38.83,0.0,0.0,0.0,0.0,0.0,38.83,0.0
21,36.95,0.0,0.0,0.0,0.0,0.0,36.95,0.0
22,35.0,0.0,0.0,0.0,0.0,0.0,35.0,0.0
23,35.0,0.0,0.0,0.0,0.0,0.0,35.0,0.0
24,35.04,0.0,0.0,0.0,0.0,0.0,35.04,0.0
25,35.04,0.0,0.0,0.0,0.0,0.0,35.04,0.0
26,35.04,0.0,0.0,0.0,0.0,0.0,35.04,0.0
27,35.04,0.0,0.0,0.0,0.0,0.0,35.04,0.0
28,35.04,0.0,0.0,0.0,0.0,0.0,35.04,0.0
29,35.04,0.0,0.0,0.0,0.0,0.0,35.04,0.0
30,35.04,0.0,0.0,4.22,0.0,0.0,39.27,0.0
31,36.99,0.0,6.56,0.0,0.0,0.3595,30.43,0.0
32,38.87,0.0,13.66,0.0,0.0,0.3595,25.21,0.0
33,40.6,0.0,19.6,0.0,0.0,0.3595,20.99,0.0
34,42.11,0.0,24.45,0.0,0.0,0.3595,17.67,0.0
35,43.36,0.0,27.66,0.0,0.0,0.3595,15.7,0.0
36,44.28,0.0,28.39,0.0,0.0,0.3595,15.89,0.0
37,44.85,0.0,26.25,0.0,0.0,0.3595,18.6,0.0
38,45.04,0.0,23.18,0.0,0.0,0.3595,21.86,0.0
39,44.85,0.0,19.58,0.0,0.0,0.3595,25.27,0.0
40,44.28,0.0,13.19,0.0,0.0,0.3595,31.09,0.0
41,43.36,0.0,7.33,0.0,0.0,0.3595,36.02,0.0
42,42.11,0.0,0.0,0.0,2.66,0.3595,39.45,0.0
43,40.6,0.0,0.0,0.0,1.15,0.1083,39.45,0.0
44,38.87,0.0,0.0,0.0,0.0,0.0,38.87,0.0
45,36.99,0.0,0.0,0.0,0.0,0.0,36.99,0.0
46,35.04,0.0,0.0,0.0,0.0,0.0,35.04,0.0
47,35.04,0.0,0.0,0.0,0.0,0.0,35.04,0.0
48,35.09,0.0,0.0,0.0,0.0,0.0,35.09,0.0
49,35.09,0.0,0.0,0.0,0.0,0.0,35.09,0.0
50,35.09,0.0,0.0,0.0,0.0,0.0,35.09,0.0
51,35.09,0.0,0.0,0.0,0.0,0.0,35.09,0.0
52,35.09,0.0,0.0,0.0,0.0,0.0,35.09,0.0
53,35.09,0.0,0.0,0.85,0.0,0.0,35.93,0.0
54,35.09,0.0,0.0,0.0,0.0,0.072,35.09,0.0
55,37.04,0.0,6.88,0.0,0.0,0.072,30.15,0.0
56,38.91,0.0,13.72,0.0,0.0,0.072,25.2,0.0
57,40.64,0.0,19.17,0.0,0.0,0.072,21.47,0.0
58,42.16,0.0,23.38,0.0,0.0,0.072,18.77,0.0
59,43.4,0.0,27.21,0.0,0.0,0.072,16.19,0.0
60,44.32,0.0,27.83,0.0,0.0,0.072,16.49,0.0
61,44.89,0.0,27.03,0.0,0.0,0.072,17.86,0.0
62,45.09,0.0,23.99,0.0,0.0,0.072,21.09,0.0
63,44.89,0.0,19.19,0.0,0.0,0.072,25.7,0.0
64,44.32,0.0,12.68,0.0,0.0,0.072,31.64,0.0
65,43.4,0.0,7.42,3.47,0.0,0.072,39.45,0.0
66,42.16,0.0,0.0,0.0,2.71,0.3676,39.45,0.0
67,40.64,0.0,0.0,0.0,1.19,0.1123,39.45,0.0
68,38.91,0.0,0.0,0.0,0.0,0.0,38.91,0.0
69,37.04,0.0,0.0,0.0,0.0,0.0,37.04,0.0
70,35.09,0.0,0.0,0.0,0.0,0.0,35.09,0.0
71,35.09,0.0,0.0,0.0,0.0,0.0,35.09,0.0
72,35.13,0.0,0.0,0.0,0.0,0.0,35.13,0.0
73,35.13,0.0,0.0,0.0,0.0,0.0,35.13,0.0
74,35.13,0.0,0.0,0.0,0.0,0.0,35.13,0.0
75,35.13,0.0,0.0,0.0,0.0,0.0,35.13,0.0
76,35.13,0.0,0.0,0.0,0.0,0.0,35.13,0.0
77,35.13,0.0,0.0,0.0,0.0,0.0,35.13,0.0
78,35.13,0.0,0.0,0.0,0.0,0.0,35.13,0.0
79,37.08,0.0,5.94,1.74,0.0,0.0,32.88,0.0
80,38.96,0.0,13.97,0.0,0.0,0.1482,24.98,0.0
81,40.68,0.0,19.18,0.0,0.0,0.1482,21.51,0.0
82,42.2,0.0,24.2,0.0,0.0,0.1482,18.0,0.0
83,43.44,0.0,27.55,0.0,0.0,0.1482,15.9,0.0
84,44.37,0.0,27.25,0.0,0.0,0.1482,17.12,0.0
85,44.94,0.0,26.45,0.0,0.0,0.1482,18.49,0.0
86,45.13,0.0,24.68,0.0,0.0,0.1482,20.45,0.0
87,44.94,0.0,20.75,0.0,0.0,0.1482,24.18,0.0
88,44.37,0.0,14.01,0.0,0.0,0.1482,30.36,0.0
89,43.44,0.0,6.67,2.67,0.0,0.1482,39.45,0.0
90,42.2,0.0,0.0,0.0,2.75,0.3757,39.45,0.0
91,40.68,0.0,0.0,0.0,1.23,0.1164,39.45,0.0
92,38.96,0.0,0.0,0.0,0.0,0.0,38.96,0.0
93,37.08,0.0,0.0,0.0,0.0,0.0,37.08,0.0
94,35.13,0.0,0.0,0.0,0.0,0.0,35.13,0.0
95,35.13,0.0,0.0,0.0,0.0,0.0,35.13,0.0
96,35.17,0.0,0.0,0.0,0.0,0.0,35.17,0.0
97,35.17,0.0,0.0,0.0,0.0,0.0,35.17,0.0
98,35.17,0.0,0.0,0.0,0.0,0.0,35.17,0.0
99,35.17,0.0,0.0,0.0,0.0,0.0,35.17,0.0
100,35.17,0.0,0.0,0.0,0.0,0.0,35.17,0.0
101,35.17,0.0,0.0,0.0,0.0,0.0,35.17,0.0
102,35.17,0.0,0.0,0.0,0.0,0.0,35.17,0.0
103,37.12,0.0,7.33,0.0,0.0,0.0,29.8,0.0
104,39.0,0.0,13.99,0.0,0.0,0.0,25.01,0.0
105,40.73,0.0,19.28,0.0,0.0,0.0,21.45,0.0
106,42.24,0.0,23.52,2.92,0.0,0.0,21.64,0.0
107,43.49,0.0,27.19,0.0,0.0,0.2483,16.3,0.0
108,44.41,0.0,27.46,0.0,0.0,0.2483,16.95,0.0
109,44.98,0.0,27.6,0.0,0.0,0.2483,17.38,0.0
110,45.17,0.0,24.81,0.0,0.0,0.2483,20.36,0.0
111,44.98,0.0,20.03,0.0,0.0,0.2483,24.95,0.0
112,44.41,0.0,14.35,0.0,0.0,0.2483,30.06,0.0
113,43.49,0.0,5.63,1.59,0.0,0.2483,39.45,0.0
114,42.24,0.0,0.0,0.0,2.79,0.3838,39.45,0.0
115,40.73,0.0,0.0,0.0,1.28,0.1205,39.45,0.0
116,39.0,0.0,0.0,0.0,0.0,0.0,39.0,0.0
117,37.12,0.0,0.0,0.0,0.0,0.0,37.12,0.0
118,35.17,0.0,0.0,0.0,0.0,0.0,35.17,0.0
119,35.17,0.0,0.0,0.0,0.0,0.0,35.17,0.0
120,35.21,0.0,0.0,0.0,0.0,0.0,35.21,0.0
121,35.21,0.0,0.0,0.0,0.0,0.0,35.21,0.0
122,35.21,0.0,0.0,0.0,0.0,0.0,35.21,0.0
123,35.21,0.0,0.0,0.0,0.0,0.0,35.21,0.0
124,35.21,0.0,0.0,0.0,0.0,0.0,35.21,0.0
125,35.21,0.0,0.0,0.0,0.0,0.0,35.21,0.0
126,35.21,0.0,0.0,4.24,0.0,0.0,39.45,0.0
127,37.17,0.0,6.28,0.0,0.0,0.3606,30.88,0.0
128,39.04,0.0,12.83,0.0,0.0,0.3606,26.21,0.0
129,40.77,0.0,19.96,0.0,0.0,0.3606,20.81,0.0
130,42.29,0.0,23.84,0.0,0.0,0.3606,18.44,0.0
131,43.53,0.0,28.19,0.0,0.0,0.3606,15.34,0.0
132,44.45,0.0,28.13,0.37,0.0,0.3606,16.7,0.0
133,45.02,0.0,26.47,0.0,0.0,0.3919,18.55,0.0
134,45.21,0.0,23.23,0.0,0.0,0.3919,21.99,0.0
135,45.02,0.0,20.73,0.0,0.0,0.3919,24.29,0.0
136,44.45,0.0,13.75,0.0,0.0,0.3919,30.7,0.0
137,43.53,0.0,7.16,0.0,0.0,0.3919,36.37,0.0
138,42.29,0.0,0.0,0.0,2.84,0.3919,39.45,0.0
139,40.77,0.0,0.0,0.0,1.32,0.1245,39.45,0.0
140,39.04,0.0,0.0,0.0,0.0,0.0,39.04,0.0
141,37.17,0.0,0.0,0.0,0.0,0.0,37.17,0.0
142,35.21,0.0,0.0,0.0,0.0,0.0,35.21,0.0
143,35.21,0.0,0.0,0.0,0.0,0.0,35.21,0.0
144,35.26,0.0,0.0,0.0,0.0,0.0,35.26,0.0
145,35.26,0.0,0.0,0.0,0.0,0.0,35.26,0.0
146,35.26,0.0,0.0,0.0,0.0,0.0,35.26,0.0
147,35.26,0.0,0.0,0.0,0.0,0.0,35.26,0.0
148,35.26,0.0,0.0,0.0,0.0,0.0,35.26,0.0
149,35.26,0.0,0.0,4.19,0.0,0.0,39.45,0.0
150,35.26,0.0,0.0,0.0,0.0,0.357,35.26,0.0
151,37.21,0.0,5.77,0.51,0.0,0.357,31.95,0.0
152,39.08,0.0,14.12,0.0,0.0,0.4,24.96,0.0
153,40.81,0.0,20.21,0.0,0.0,0.4,20.6,0.0
154,42.33,0.0,24.05,0.0,0.0,0.4,18.28,0.0
155,43.57,0.0,28.35,0.0,0.0,0.4,15.22,0.0
156,44.5,0.0,28.02,0.0,0.0,0.4,16.48,0.0
157,45.07,0.0,26.46,0.0,0.0,0.4,18.6,0.0
158,45.26,0.0,23.97,0.0,0.0,0.4,21.29,0.0
159,45.07,0.0,19.88,0.0,0.0,0.4,25.18,0.0
160,44.5,0.0,13.75,0.0,0.0,0.4,30.75,0.0
161,43.57,0.0,5.81,0.0,0.0,0.4,37.76,0.0
162,42.33,0.0,0.0,0.0,2.88,0.4,39.45,0.0
163,40.81,0.0,0.0,0.0,1.36,0.1285,39.45,0.0
164,39.08,0.0,0.0,0.0,0.0,0.0,39.08,0.0
165,37.21,0.0,0.0,0.0,0.0,0.0,37.21,0.0
166,35.26,0.0,0.0,0.0,0.0,0.0,35.26,0.0
167,35.26,0.0,0.0,0.0,0.0,0.0,35.26,0.0
168,35.3,0.0,0.0,0.0,0.0,0.0,35.3,0.0
169,35.3,0.0,0.0,0.0,0.0,0.0,35.3,0.0
170,35.3,0.0,0.0,0.0,0.0,0.0,35.3,0.0
171,35.3,0.0,0.0,0.0,0.0,0.0,35.3,0.0
172,35.3,0.0,0.0,0.0,0.0,0.0,35.3,0.0
173,35.3,0.0,0.0,0.0,0.0,0.0,35.3,0.0
174,35.3,0.0,0.0,0.0,0.0,0.0,35.3,0.0
175,37.25,0.0,7.37,0.0,0.0,0.0,29.88,0.0
176,39.13,0.0,14.64,0.0,0.0,0.0,24.48,0.0
177,40.86,0.0,20.65,0.0,0.0,0.0,20.2,0.0
178,42.37,0.0,24.74,4.79,0.0,0.0,22.43,0.0
179,43.62,0.0,27.64,0.0,0.0,0.4081,15.97,0.0
180,44.54,0.0,28.32,0.0,0.0,0.4081,16.22,0.0
181,45.11,0.0,28.38,0.0,0.0,0.4081,16.73,0.0
182,45.3,0.0,25.22,0.0,0.0,0.4081,20.08,0.0
183,45.11,0.0,19.02,0.0,0.0,0.4081,26.09,0.0
184,44.54,0.0,13.7,0.0,0.0,0.4081,30.84,0.0
185,43.62,0.0,5.72,0.0,0.0,0.4081,37.9,0.0
186,42.37,0.0,0.0,0.0,2.92,0.4081,39.45,0.0
187,40.86,0.0,0.0,0.0,1.41,0.1326,39.45,0.0
188,39.13,0.0,0.0,0.0,0.0,0.0,39.13,0.0
189,37.25,0.0,0.0,0.0,0.0,0.0,37.25,0.0
190,35.3,0.0,0.0,0.0,0.0,0.0,35.3,0.0
191,35.3,0.0,0.0,0.0,0.0,0.0,35.3,0.0
192,35.34,0.0,0.0,0.0,0.0,0.0,35.34,0.0
193,35.34,0.0,0.0,0.0,0.0,0.0,35.34,0.0
194,35.34,0.0,0.0,0.0,0.0,0.0,35.34,0.0
195,35.34,0.0,0.0,0.0,0.0,0.0,35.34,0.0
196,35.34,0.0,0.0,0.0,0.0,0.0,35.34,0.0
197,35.34,0.0,0.0,0.0,0.0,0.0,35.34,0.0
198,35.34,0.0,0.0,0.0,0.0,0.0,35.34,0.0
199,37.29,0.0,7.4,0.0,0.0,0.0,29.89,0.0
200,39.17,0.0,13.55,0.0,0.0,0.0,25.62,0.0
201,40.9,0.0,20.87,0.0,0.0,0.0,20.03,0.0
202,42.41,0.0,24.16,4.89,0.0,0.0,23.14,0.0
203,43.66,0.0,26.3,0.0,0.0,0.4161,17.36,0.0
204,44.58,0.0,27.87,0.0,0.0,0.4161,16.72,0.0
205,45.15,0.0,27.33,0.0,0.0,0.4161,17.82,0.0
206,45.34,0.0,25.5,0.0,0.0,0.4161,19.84,0.0
207,45.15,0.0,19.33,0.0,0.0,0.4161,25.83,0.0
208,44.58,0.0,13.26,0.0,0.0,0.4161,31.32,0.0
209,43.66,0.0,7.58,0.0,0.0,0.4161,36.08,0.0
210,42.41,0.0,0.0,0.0,2.96,0.4161,39.45,0.0
211,40.9,0.0,0.0,0.0,1.45,0.1366,39.45,0.0
212,39.17,0.0,0.0,0.0,0.0,0.0,39.17,0.0
213,37.29,0.0,0.0,0.0,0.0,0.0,37.29,0.0
214,35.34,0.0,0.0,0.0,0.0,0.0,35.34,0.0
215,35.34,0.0,0.0,0.0,0.0,0.0,35.34,0.0
216,35.39,0.0,0.0,0.0,0.0,0.0,35.39,0.0
217,35.39,0.0,0.0,0.0,0.0,0.0,35.39,0.0
218,35.39,0.0,0.0,0.0,0.0,0.0,35.39,0.0
219,35.39,0.0,0.0,0.0,0.0,0.0,35.39,0.0
220,35.39,0.0,0.0,0.0,0.0,0.0,35.39,0.0
221,35.39,0.0,0.0,0.92,0.0,0.0,36.3,0.0
222,35.39,0.0,0.0,4.07,0.0,0.0781,39.45,0.0
223,37.34,0.0,5.48,0.0,0.0,0.4242,31.86,0.0
224,39.21,0.0,12.66,0.0,0.0,0.4242,26.55,0.0
225,40.94,0.0,20.85,0.0,0.0,0.4242,20.1,0.0
226,42.46,0.0,24.67,0.0,0.0,0.4242,17.78,0.0
227,43.7,0.0,27.56,0.0,0.0,0.4242,16.14,0.0
228,44.62,0.0,29.03,0.0,0.0,0.4242,15.59,0.0
229,45.19,0.0,28.66,0.0,0.0,0.4242,16.53,0.0
230,45.39,0.0,25.21,0.0,0.0,0.4242,20.17,0.0
231,45.19,0.0,20.84,0.0,0.0,0.4242,24.36,0.0
232,44.62,0.0,14.32,0.0,0.0,0.4242,30.31,0.0
233,43.7,0.0,5.75,0.0,0.0,0.4242,37.96,0.0
234,42.46,0.0,0.0,0.0,3.01,0.4242,39.45,0.0
235,40.94,0.0,0.0,0.0,1.49,0.1406,39.45,0.0
236,39.21,0.0,0.0,0.0,0.0,0.0,39.21,0.0
237,37.34,0.0,0.0,0.0,0.0,0.0,37.34,0.0
238,35.39,0.0,0.0,0.0,0.0,0.0,35.39,0.0
239,35.39,0.0,0.0,0.0,0.0,0.0,35.39,0.0
240,35.43,0.0,0.0,0.0,0.0,0.0,35.43,0.0
241,35.43,0.0,0.0,0.0,0.0,0.0,35.43,0.0
242,35.43,0.0,0.0,0.0,0.0,0.0,35.43,0.0
243,35.43,0.0,0.0,4.02,0.0,0.0,39.45,0.0
244,35.43,0.0,0.0,0.0,0.0,0.3425,35.43,0.0
245,35.43,0.0,0.0,1.05,0.0,0.3425,36.48,0.0
246,35.43,0.0,0.0,0.0,0.0,0.4322,35.43,0.0
247,37.38,0.0,6.89,0.0,0.0,0.4322,30.48,0.0
248,39.26,0.0,12.98,0.0,0.0,0.4322,26.27,0.0
249,40.98,0.0,19.16,0.0,0.0,0.4322,21.82,0.0
250,42.5,0.0,25.35,0.0,0.0,0.4322,17.15,0.0
251,43.74,0.0,27.76,0.0,0.0,0.4322,15.99,0.0
252,44.67,0.0,28.11,0.0,0.0,0.4322,16.56,0.0
253,45.24,0.0,27.84,0.0,0.0,0.4322,17.4,0.0
254,45.43,0.0,25.39,0.0,0.0,0.4322,20.04,0.0
255,45.24,0.0,18.75,0.0,0.0,0.4322,26.48,0.0
256,44.67,0.0,13.34,0.0,0.0,0.4322,31.32,0.0
257,43.74,0.0,5.62,0.0,0.0,0.4322,38.12,0.0
258,42.5,0.0,0.0,0.0,3.05,0.4322,39.45,0.0
259,40.98,0.0,0.0,0.0,1.53,0.1446,39.45,0.0
260,39.26,0.0,0.0,0.0,0.0,0.0,39.26,0.0
261,37.38,0.0,0.0,0.0,0.0,0.0,37.38,0.0
262,35.43,0.0,0.0,0.0,0.0,0.0,35.43,0.0
263,35.43,0.0,0.0,0.0,0.0,0.0,35.43,0.0
264,35.47,0.0,0.0,0.0,0.0,0.0,35.47,0.0
265,35.47,0.0,0.0,0.0,0.0,0.0,35.47,0.0
266,35.47,0.0,0.0,0.0,0.0,0.0,35.47,0.0
267,35.47,0.0,0.0,0.0,0.0,0.0,35.47,0.0
268,35.47,0.0,0.0,0.0,0.0,0.0,35.47,0.0
269,35.47,0.0,0.0,0.0,0.0,0.0,35.47,0.0
270,35.47,0.0,0.0,0.0,0.0,0.0,35.47,0.0
271,37.42,0.0,6.86,0.0,0.0,0.0,30.56,0.0
272,39.3,0.0,14.94,0.0,0.0,0.0,24.35,0.0
273,41.03,0.0,20.26,0.0,0.0,0.0,20.76,0.0
274,42.54,0.0,24.61,0.0,0.0,0.0,17.93,0.0
275,43.79,0.0,28.5,0.0,0.0,0.0,15.28,0.0
276,44.71,0.0,28.46,0.0,0.0,0.0,16.25,0.0
277,45.28,0.0,28.18,0.0,0.0,0.0,17.1,0.0
278,45.47,0.0,24.37,0.0,0.0,0.0,21.1,0.0
279,45.28,0.0,21.09,0.0,0.0,0.0,24.19,0.0
280,44.71,0.0,12.8,1.8,0.0,0.0,33.71,0.0
281,43.79,0.0,7.7,3.37,0.0,0.1534,39.45,0.0
282,42.54,0.0,0.0,0.0,3.09,0.4402,39.45,0.0
283,41.03,0.0,0.0,0.0,1.58,0.1486,39.45,0.0
284,39.3,0.0,0.0,0.0,0.0,0.0,39.3,0.0
285,37.42,0.0,0.0,0.0,0.0,0.0,37.42,0.0
286,35.47,0.0,0.0,0.0,0.0,0.0,35.47,0.0
287,35.47,0.0,0.0,0.0,0.0,0.0,35.47,0.0
288,35.51,0.0,0.0,0.0,0.0,0.0,35.51,0.0
289,35.51,0.0,0.0,0.0,0.0,0.0,35.51,0.0
290,35.51,0.0,0.0,0.0,0.0,0.0,35.51,0.0
291,35.51,0.0,0.0,0.0,0.0,0.0,35.51,0.0
292,35.51,0.0,0.0,0.0,0.0,0.0,35.51,0.0
293,35.51,0.0,0.0,3.94,0.0,0.0,39.45,0.0
294,35.51,0.0,0.0,0.07,0.0,0.3353,35.59,0.0
295,37.46,0.0,5.47,0.0,0.0,0.3415,31.99,0.0
296,39.34,0.0,12.96,0.0,0.0,0.3415,26.38,0.0
297,41.07,0.0,19.14,0.0,0.0,0.3415,21.93,0.0
298,42.58,0.0,25.66,0.0,0.0,0.3415,16.92,0.0
299,43.83,0.0,27.51,0.0,0.0,0.3415,16.32,0.0
300,44.75,0.0,29.94,0.0,0.0,0.3415,14.81,0.0
301,45.32,0.0,27.2,0.0,0.0,0.3415,18.12,0.0
302,45.51,0.0,25.94,0.0,0.0,0.3415,19.57,0.0
303,45.32,0.0,20.99,0.0,0.0,0.3415,24.33,0.0
304,44.75,0.0,14.44,0.0,0.0,0.3415,30.31,0.0
305,43.83,0.0,5.63,1.25,0.0,0.3415,39.45,0.0
306,42.58,0.0,0.0,0.0,3.13,0.4481,39.45,0.0
307,41.07,0.0,0.0,0.0,1.62,0.1526,39.45,0.0
308,39.34,0.0,0.0,0.0,0.0,0.0,39.34,0.0
309,37.46,0.0,0.0,0.0,0.0,0.0,37.46,0.0
310,35.51,0.0,0.0,0.0,0.0,0.0,35.51,0.0
311,35.51,0.0,0.0,0.0,0.0,0.0,35.51,0.0
312,35.55,0.0,0.0,0.0,0.0,0.0,35.55,0.0
313,35.55,0.0,0.0,0.0,0.0,0.0,35.55,0.0
314,35.55,0.0,0.0,0.0,0.0,0.0,35.55,0.0
315,35.55,0.0,0.0,1.46,0.0,0.0,37.02,0.0
316,35.55,0.0,0.0,3.9,0.0,0.1244,39.45,0.0
317,35.55,0.0,0.0,0.0,0.0,0.4561,35.55,0.0
318,35.55,0.0,0.0,0.0,0.0,0.4561,35.55,0.0
319,37.51,0.0,6.56,0.0,0.0,0.4561,30.95,0.0
320,39.38,0.0,15.01,0.0,0.0,0.4561,24.37,0.0
321,41.11,0.0,20.07,0.0,0.0,0.4561,21.04,0.0
322,42.63,0.0,23.76,0.0,0.0,0.4561,18.86,0.0
323,43.87,0.0,28.54,0.0,0.0,0.4561,15.33,0.0
324,44.79,0.0,29.92,0.0,0.0,0.4561,14.88,0.0
325,45.36,0.0,28.03,0.0,0.0,0.4561,17.33,0.0
326,45.55,0.0,25.11,0.0,0.0,0.4561,20.44,0.0
327,45.36,0.0,19.16,0.0,0.0,0.4561,26.2,0.0
328,44.79,0.0,14.96,0.0,0.0,0.4561,29.84,0.0
329,43.87,0.0,5.54,0.0,0.0,0.4561,38.33,0.0
330,42.63,0.0,0.0,0.0,3.17,0.4561,39.45,0.0
331,41.11,0.0,0.0,0.0,1.66,0.1566,39.45,0.0
332,39.38,0.0,0.0,0.0,0.0,0.0,39.38,0.0
333,37.51,0.0,0.0,0.0,0.0,0.0,37.51,0.0
334,35.55,0.0,0.0,0.0,0.0,0.0,35.55,0.0
335,35.55,0.0,0.0,0.0,0.0,0.0,35.55,0.0
336,35.6,0.0,0.0,0.0,0.0,0.0,35.6,0.0
337,35.6,0.0,0.0,0.0,0.0,0.0,35.6,0.0
338,35.6,0.0,0.0,0.0,0.0,0.0,35.6,0.0
339,35.6,0.0,0.0,0.0,0.0,0.0,35.6,0.0
340,35.6,0.0,0.0,3.85,0.0,0.0,39.45,0.0
341,35.6,0.0,0.0,1.6,0.0,0.3281,37.19,0.0
342,35.6,0.0,0.0,0.0,0.0,0.464,35.6,0.0
343,37.55,0.0,6.25,0.0,0.0,0.464,31.3,0.0
344,39.42,0.0,14.39,0.0,0.0,0.464,25.03,0.0
345,41.15,0.0,20.79,0.0,0.0,0.464,20.36,0.0
346,42.67,0.0,25.26,0.0,0.0,0.464,17.41,0.0
347,43.91,0.0,28.29,0.0,0.0,0.464,15.62,0.0
348,44.84,0.0,27.97,0.0,0.0,0.464,16.87,0.0
349,45.4,0.0,27.09,0.0,0.0,0.464,18.32,0.0
350,45.6,0.0,24.35,0.0,0.0,0.464,21.24,0.0
351,45.4,0.0,18.96,0.0,0.0,0.464,26.45,0.0
352,44.84,0.0,14.03,0.0,0.0,0.464,30.81,0.0
353,43.91,0.0,7.2,0.0,0.0,0.464,36.71,0.0
354,42.67,0.0,0.0,0.0,3.22,0.464,39.45,0.0
355,41.15,0.0,0.0,0.0,1.7,0.1605,39.45,0.0
356,39.42,0.0,0.0,0.0,0.0,0.0,39.42,0.0
357,37.55,0.0,0.0,0.0,0.0,0.0,37.55,0.0
358,35.6,0.0,0.0,0.0,0.0,0.0,35.6,0.0
359,35.6,0.0,0.0,0.0,0.0,0.0,35.6,0.0
360,35.64,0.0,0.0,0.0,0.0,0.0,35.64,0.0
361,35.64,0.0,0.0,0.0,0.0,0.0,35.64,0.0
362,35.64,0.0,0.0,0.0,0.0,0.0,35.64,0.0
363,35.64,0.0,0.0,0.0,0.0,0.0,35.64,0.0
364,35.64,0.0,0.0,0.0,0.0,0.0,35.64,0.0
365,35.64,0.0,0.0,0.0,0.0,0.0,35.64,0.0
366,35.64,0.0,0.0,0.0,0.0,0.0,35.64,0.0
367,37.59,0.0,7.0,0.0,0.0,0.0,30.59,0.0
368,39.47,0.0,13.77,0.0,0.0,0.0,25.69,0.0
369,41.19,0.0,19.66,0.0,0.0,0.0,21.54,0.0
370,42.71,0.0,23.92,3.38,0.0,0.0,22.17,0.0
371,43.95,0.0,27.74,0.0,0.0,0.2877,16.21,0.0
372,44.88,0.0,29.62,0.0,0.0,0.2877,15.26,0.0
373,45.45,0.0,27.34,0.0,0.0,0.2877,18.11,0.0
374,45.64,0.0,24.25,0.0,0.0,0.2877,21.39,0.0
375,45.45,0.0,20.86,0.0,0.0,0.2877,24.59,0.0
376,44.88,0.0,13.1,0.0,0.0,0.2877,31.78,0.0
377,43.95,0.0,6.68,2.18,0.0,0.2877,39.45,0.0
378,42.71,0.0,0.0,0.0,3.26,0.4732,39.45,0.0
379,41.19,0.0,0.0,0.0,1.74,0.1658,39.45,0.0
380,39.47,0.0,0.0,0.0,0.01,0.0014,39.45,0.0
381,37.59,0.0,0.0,0.0,0.0,0.0,37.59,0.0
382,35.64,0.0,0.0,0.0,0.0,0.0,35.64,0.0
383,35.64,0.0,0.0,0.0,0.0,0.0,35.64,0.0
384,35.68,0.0,0.0,0.0,0.0,0.0,35.68,0.0
385,35.68,0.0,0.0,0.0,0.0,0.0,35.68,0.0
386,35.68,0.0,0.0,0.0,0.0,0.0,35.68,0.0
387,35.68,0.0,0.0,0.0,0.0,0.0,35.68,0.0
388,35.68,0.0,0.0,0.0,0.0,0.0,35.68,0.0
389,35.68,0.0,0.0,0.0,0.0,0.0,35.68,0.0
390,35.68,0.0,0.0,0.0,0.0,0.0,35.68,0.0
391,37.63,0.0,6.99,0.0,0.0,0.0,30.64,0.0
392,39.51,0.0,12.83,5.7,0.0,0.0,32.37,0.0
393,41.24,0.0,20.2,0.0,0.0,0.4849,21.03,0.0
394,42.75,0.0,25.55,0.0,0.0,0.4849,17.2,0.0
395,43.99,0.0,28.35,0.0,0.0,0.4849,15.64,0.0
396,44.92,0.0,29.75,0.0,0.0,0.4849,15.17,0.0
397,45.49,0.0,28.2,0.0,0.0,0.4849,17.28,0.0
398,45.68,0.0,25.68,0.0,0.0,0.4849,20.0,0.0
399,45.49,0.0,19.34,0.0,0.0,0.4849,26.15,0.0
400,44.92,0.0,14.02,0.0,0.0,0.4849,30.9,0.0
401,43.99,0.0,7.15,0.0,0.0,0.4849,36.84,0.0
402,42.75,0.0,0.0,0.0,3.3,0.4849,39.45,0.0
403,41.24,0.0,0.0,0.0,1.78,0.1736,39.45,0.0
404,39.51,0.0,0.0,0.0,0.06,0.0053,39.45,0.0
405,37.63,0.0,0.0,0.0,0.0,0.0,37.63,0.0
406,35.68,0.0,0.0,0.0,0.0,0.0,35.68,0.0
407,35.68,0.0,0.0,0.0,0.0,0.0,35.68,0.0
408,35.72,0.0,0.0,0.0,0.0,0.0,35.72,0.0
409,35.72,0.0,0.0,0.0,0.0,0.0,35.72,0.0
410,35.72,0.0,0.0,0.0,0.0,0.0,35.72,0.0
411,35.72,0.0,0.0,0.0,0.0,0.0,35.72,0.0
412,35.72,0.0,0.0,0.0,0.0,0.0,35.72,0.0
413,35.72,0.0,0.0,3.73,0.0,0.0,39.45,0.0
414,35.72,0.0,0.0,2.1,0.0,0.3175,37.82,0.0
415,37.67,0.0,6.36,0.0,0.0,0.4966,31.31,0.0
416,39.55,0.0,14.67,0.0,0.0,0.4966,24.88,0.0
417,41.28,0.0,21.05,0.0,0.0,0.4966,20.23,0.0
418,42.79,0.0,25.39,0.0,0.0,0.4966,17.4,0.0
419,44.04,0.0,27.2,0.0,0.0,0.4966,16.83,0.0
420,44.96,0.0,29.1,0.0,0.0,0.4966,15.86,0.0
421,45.53,0.0,28.58,0.0,0.0,0.4966,16.95,0.0
422,45.72,0.0,23.96,0.0,0.0,0.4966,21.76,0.0
423,45.53,0.0,19.47,0.0,0.0,0.4966,26.06,0.0
424,44.96,0.0,14.38,0.0,0.0,0.4966,30.58,0.0
425,44.04,0.0,5.49,0.0,0.0,0.4966,38.55,0.0
426,42.79,0.0,0.0,0.0,3.34,0.4966,39.45,0.0
427,41.28,0.0,0.0,0.0,1.83,0.1814,39.45,0.0
428,39.55,0.0,0.0,0.0,0.1,0.0092,39.45,0.0
429,37.67,0.0,0.0,0.0,0.0,0.0,37.67,0.0
430,35.72,0.0,0.0,0.0,0.0,0.0,35.72,0.0
431,35.72,0.0,0.0,0.0,0.0,0.0,35.72,0.0
432,35.76,0.0,0.0,0.0,0.0,0.0,35.76,0.0
433,35.76,0.0,0.0,0.0,0.0,0.0,35.76,0.0
434,35.76,0.0,0.0,0.0,0.0,0.0,35.76,0.0
435,35.76,0.0,0.0,0.0,0.0,0.0,35.76,0.0
436,35.76,0.0,0.0,0.0,0.0,0.0,35.76,0.0
437,35.76,0.0,0.0,0.0,0.0,0.0,35.76,0.0
438,35.76,0.0,0.0,0.0,0.0,0.0,35.76,0.0
439,37.71,0.0,6.8,0.0,0.0,0.0,30.92,0.0
440,39.59,0.0,14.18,0.0,0.0,0.0,25.41,0.0
441,41.32,0.0,20.6,5.97,0.0,0.0,26.69,0.0
442,42.83,0.0,24.23,0.0,0.0,0.5083,18.6,0.0
443,44.08,0.0,28.7,0.0,0.0,0.5083,15.38,0.0
444,45.0,0.0,30.37,0.0,0.0,0.5083,14.63,0.0
445,45.57,0.0,27.15,0.0,0.0,0.5083,18.42,0.0
446,45.76,0.0,24.24,0.0,0.0,0.5083,21.52,0.0
447,45.57,0.0,20.83,0.0,0.0,0.5083,24.74,0.0
448,45.0,0.0,13.93,0.0,0.0,0.5083,31.07,0.0
449,44.08,0.0,7.61,0.0,0.0,0.5083,36.47,0.0
450,42.83,0.0,0.0,0.0,3.38,0.5083,39.45,0.0
451,41.32,0.0,0.0,0.0,1.87,0.1892,39.45,0.0
452,39.59,0.0,0.0,0.0,0.14,0.0131,39.45,0.0
453,37.71,0.0,0.0,0.0,0.0,0.0,37.71,0.0
454,35.76,0.0,0.0,0.0,0.0,0.0,35.76,0.0
455,35.76,0.0,0.0,0.0,0.0,0.0,35.76,0.0
456,35.8,0.0,0.0,0.0,0.0,0.0,35.8,0.0
457,35.8,0.0,0.0,0.0,0.0,0.0,35.8,0.0
458,35.8,0.0,0.0,0.0,0.0,0.0,35.8,0.0
459,35.8,0.0,0.0,0.0,0.0,0.0,35.8,0.0
460,35.8,0.0,0.0,0.0,0.0,0.0,35.8,0.0
461,35.8,0.0,0.0,0.0,0.0,0.0,35.8,0.0
462,35.8,0.0,0.0,0.0,0.0,0.0,35.8,0.0
463,37.75,0.0,5.8,0.0,0.0,0.0,31.95,0.0
464,39.63,0.0,13.66,0.0,0.0,0.0,25.97,0.0
465,41.36,0.0,21.0,0.0,0.0,0.0,20.36,0.0
466,42.87,0.0,24.53,0.0,0.0,0.0,18.35,0.0
467,44.12,0.0,29.13,0.0,0.0,0.0,14.99,0.0
468,45.04,0.0,30.1,0.0,0.0,0.0,14.95,0.0
469,45.61,0.0,27.97,0.0,0.0,0.0,17.64,0.0
470,45.8,0.0,25.83,0.0,0.0,0.0,19.97,0.0
471,45.61,0.0,19.85,6.11,0.0,0.0,31.87,0.0
472,45.04,0.0,14.4,0.0,0.0,0.5198,30.64,0.0
473,44.12,0.0,7.22,0.0,0.0,0.5198,36.9,0.0
474,42.87,0.0,0.0,0.0,3.42,0.5198,39.45,0.0
475,41.36,0.0,0.0,0.0,1.91,0.1969,39.45,0.0
476,39.63,0.0,0.0,0.0,0.18,0.0169,39.45,0.0
477,37.75,0.0,0.0,0.0,0.0,0.0,37.75,0.0
478,35.8,0.0,0.0,0.0,0.0,0.0,35.8,0.0
479,35.8,0.0,0.0,0.0,0.0,0.0,35.8,0.0
480,35.84,0.0,0.0,0.0,0.0,0.0,35.84,0.0
481,35.84,0.0,0.0,0.0,0.0,0.0,35.84,0.0
482,35.84,0.0,0.0,0.0,0.0,0.0,35.84,0.0
483,35.84,0.0,0.0,3.61,0.0,0.0,39.45,0.0
484,35.84,0.0,0.0,0.0,0.0,0.3071,35.84,0.0
485,35.84,0.0,0.0,2.63,0.0,0.3071,38.48,0.0
486,35.84,0.0,0.0,0.0,0.0,0.5313,35.84,0.0
487,37.79,0.0,7.22,0.0,0.0,0.5313,30.58,0.0
488,39.67,0.0,13.32,0.0,0.0,0.5313,26.35,0.0
489,41.4,0.0,21.31,0.0,0.0,0.5313,20.09,0.0
490,42.91,0.0,25.0,0.0,0.0,0.5313,17.92,0.0
491,44.16,0.0,27.14,0.0,0.0,0.5313,17.02,0.0
492,45.08,0.0,28.39,0.0,0.0,0.5313,16.7,0.0
493,45.65,0.0,29.0,0.0,0.0,0.5313,16.65,0.0
494,45.84,0.0,26.49,0.0,0.0,0.5313,19.36,0.0
495,45.65,0.0,19.24,0.0,0.0,0.5313,26.41,0.0
496,45.08,0.0,13.14,0.0,0.0,0.5313,31.94,0.0
497,44.16,0.0,5.68,0.0,0.0,0.5313,38.48,0.0
498,42.91,0.0,0.0,0.0,3.46,0.5313,39.45,0.0
499,41.4,0.0,0.0,0.0,1.95,0.2046,39.45,0.0
500,39.67,0.0,0.0,0.0,0.22,0.0207,39.45,0.0
501,37.79,0.0,0.0,0.0,0.0,0.0,37.79,0.0
502,35.84,0.0,0.0,0.0,0.0,0.0,35.84,0.0
503,35.84,0.0,0.0,0.0,0.0,0.0,35.84,0.0
504,35.88,0.0,0.0,0.0,0.0,0.0,35.88,0.0
505,35.88,0.0,0.0,0.0,0.0,0.0,35.88,0.0
506,35.88,0.0,0.0,0.0,0.0,0.0,35.88,0.0
507,35.88,0.0,0.0,0.0,0.0,0.0,35.88,0.0
508,35.88,0.0,0.0,3.57,0.0,0.0,39.45,0.0
509,35.88,0.0,0.0,0.0,0.0,0.3037,35.88,0.0
510,35.88,0.0,0.0,2.81,0.0,0.3037,38.69,0.0
511,37.84,0.0,5.85,0.0,0.0,0.5427,31.98,0.0
512,39.71,0.0,13.09,0.0,0.0,0.5427,26.62,0.0
513,41.44,0.0,20.95,0.0,0.0,0.5427,20.49,0.0
514,42.96,0.0,25.73,0.0,0.0,0.5427,17.22,0.0
515,44.2,0.0,28.18,0.0,0.0,0.5427,16.02,0.0
516,45.12,0.0,29.6,0.0,0.0,0.5427,15.53,0.0
517,45.69,0.0,27.36,0.0,0.0,0.5427,18.34,0.0
518,45.88,0.0,25.59,0.0,0.0,0.5427,20.29,0.0
519,45.69,0.0,20.52,0.0,0.0,0.5427,25.17,0.0
520,45.12,0.0,13.83,0.0,0.0,0.5427,31.29,0.0
521,44.2,0.0,6.95,0.0,0.0,0.5427,37.25,0.0
522,42.96,0.0,0.0,0.0,3.5,0.5427,39.45,0.0
523,41.44,0.0,0.0,0.0,1.99,0.2122,39.45,0.0
524,39.71,0.0,0.0,0.0,0.26,0.0245,39.45,0.0
525,37.84,0.0,0.0,0.0,0.0,0.0,37.84,0.0
526,35.88,0.0,0.0,0.0,0.0,0.0,35.88,0.0
527,35.88,0.0,0.0,0.0,0.0,0.0,35.88,0.0
528,35.92,0.0,0.0,0.0,0.0,0.0,35.92,0.0
529,35.92,0.0,0.0,0.0,0.0,0.0,35.92,0.0
530,35.92,0.0,0.0,0.0,0.0,0.0,35.92,0.0
531,35.92,0.0,0.0,0.0,0.0,0.0,35.92,0.0
532,35.92,0.0,0.0,2.98,0.0,0.0,38.91,0.0
533,35.92,0.0,0.0,3.53,0.0,0.2539,39.45,0.0
534,35.92,0.0,0.0,0.0,0.0,0.5541,35.92,0.0
535,37.88,0.0,7.04,0.0,0.0,0.5541,30.83,0.0
536,39.75,0.0,15.05,0.0,0.0,0.5541,24.7,0.0
537,41.48,0.0,20.38,0.0,0.0,0.5541,21.1,0.0
538,43.0,0.0,24.87,0.0,0.0,0.5541,18.13,0.0
539,44.24,0.0,28.08,0.0,0.0,0.5541,16.16,0.0
540,45.16,0.0,30.16,0.0,0.0,0.5541,15.0,0.0
541,45.73,0.0,28.44,0.0,0.0,0.5541,17.3,0.0
542,45.92,0.0,25.33,0.0,0.0,0.5541,20.59,0.0
543,45.73,0.0,20.01,0.0,0.0,0.5541,25.73,0.0
544,45.16,0.0,14.5,0.0,0.0,0.5541,30.66,0.0
545,44.24,0.0,6.02,0.0,0.0,0.5541,38.22,0.0
546,43.0,0.0,0.0,0.0,3.54,0.5541,39.45,0.0
547,41.48,0.0,0.0,0.0,2.03,0.2197,39.45,0.0
548,39.75,0.0,0.0,0.0,0.3,0.0283,39.45,0.0
549,37.88,0.0,0.0,0.0,0.0,0.0,37.88,0.0
550,35.92,0.0,0.0,0.0,0.0,0.0,35.92,0.0
551,35.92,0.0,0.0,0.0,0.0,0.0,35.92,0.0
552,35.96,0.0,0.0,0.0,0.0,0.0,35.96,0.0
553,35.96,0.0,0.0,0.0,0.0,0.0,35.96,0.0
554,35.96,0.0,0.0,0.0,0.0,0.0,35.96,0.0
555,35.96,0.0,0.0,0.0,0.0,0.0,35.96,0.0
556,35.96,0.0,0.0,0.0,0.0,0.0,35.96,0.0
557,35.96,0.0,0.0,0.0,0.0,0.0,35.96,0.0
558,35.96,0.0,0.0,0.0,0.0,0.0,35.96,0.0
559,37.92,0.0,7.38,0.0,0.0,0.0,30.53,0.0
560,39.79,0.0,13.85,6.64,0.0,0.0,32.58,0.0
561,41.52,0.0,21.73,0.0,0.0,0.5654,19.79,0.0
562,43.04,0.0,24.87,0.0,0.0,0.5654,18.17,0.0
563,44.28,0.0,28.52,0.0,0.0,0.5654,15.76,0.0
564,45.2,0.0,28.72,0.0,0.0,0.5654,16.48,0.0
565,45.77,0.0,28.53,0.0,0.0,0.5654,17.24,0.0
566,45.96,0.0,26.63,0.0,0.0,0.5654,19.33,0.0
567,45.77,0.0,21.47,0.0,0.0,0.5654,24.31,0.0
568,45.2,0.0,13.49,0.0,0.0,0.5654,31.71,0.0
569,44.28,0.0,6.79,0.0,0.0,0.5654,37.49,0.0
570,43.04,0.0,0.0,0.0,3.58,0.5654,39.45,0.0
571,41.52,0.0,0.0,0.0,2.07,0.2273,39.45,0.0
572,39.79,0.0,0.0,0.0,0.34,0.0321,39.45,0.0
573,37.92,0.0,0.0,0.0,0.0,0.0,37.92,0.0
574,35.96,0.0,0.0,0.0,0.0,0.0,35.96,0.0
575,35.96,0.0,0.0,0.0,0.0,0.0,35.96,0.0
576,36.0,0.0,0.0,0.0,0.0,0.0,36.0,0.0
577,36.0,0.0,0.0,0.0,0.0,0.0,36.0,0.0
578,36.0,0.0,0.0,0.0,0.0,0.0,36.0,0.0
579,36.0,0.0,0.0,0.0,0.0,0.0,36.0,0.0
580,36.0,0.0,0.0,0.0,0.0,0.0,36.0,0.0
581,36.0,0.0,0.0,0.48,0.0,0.0,36.48,0.0
582,36.0,0.0,0.0,3.45,0.0,0.0408,39.45,0.0
583,37.95,0.0,6.54,0.0,0.0,0.3343,31.42,0.0
584,39.83,0.0,13.73,0.0,0.0,0.3343,26.1,0.0
585,41.56,0.0,20.14,0.0,0.0,0.3343,21.42,0.0
586,43.07,0.0,26.7,0.0,0.0,0.3343,16.37,0.0
587,44.32,0.0,28.64,0.0,0.0,0.3343,15.68,0.0
588,45.24,0.0,29.02,0.0,0.0,0.3343,16.22,0.0
589,45.81,0.0,29.3,0.0,0.0,0.3343,16.51,0.0
590,46.0,0.0,25.67,0.0,0.0,0.3343,20.33,0.0
591,45.81,0.0,20.82,0.0,0.0,0.3343,24.99,0.0
592,45.24,0.0,14.49,0.0,0.0,0.3343,30.75,0.0
593,44.32,0.0,7.71,2.85,0.0,0.3343,39.45,0.0
594,43.07,0.0,0.0,0.0,3.62,0.5766,39.45,0.0
595,41.56,0.0,0.0,0.0,2.11,0.2347,39.45,0.0
596,39.83,0.0,0.0,0.0,0.38,0.0358,39.45,0.0
597,37.95,0.0,0.0,0.0,0.0,0.0,37.95,0.0
598,36.0,0.0,0.0,0.0,0.0,0.0,36.0,0.0
599,36.0,0.0,0.0,0.0,0.0,0.0,36.0,0.0
600,36.04,0.0,0.0,0.0,0.0,0.0,36.04,0.0
601,36.04,0.0,0.0,0.0,0.0,0.0,36.04,0.0
602,36.04,0.0,0.0,0.0,0.0,0.0,36.04,0.0
603,36.04,0.0,0.0,0.0,0.0,0.0,36.04,0.0
604,36.04,0.0,0.0,0.0,0.0,0.0,36.04,0.0
605,36.04,0.0,0.0,3.41,0.0,0.0,39.45,0.0
606,36.04,0.0,0.0,0.0,0.0,0.2901,36.04,0.0
607,37.99,0.0,7.49,0.0,0.0,0.2901,30.5,0.0
608,39.87,0.0,14.61,0.0,0.0,0.2901,25.26,0.0
609,41.6,0.0,21.7,0.0,0.0,0.2901,19.9,0.0
610,43.11,0.0,25.26,3.5,0.0,0.2901,21.35,0.0
611,44.36,0.0,29.52,0.0,0.0,0.5877,14.84,0.0
612,45.28,0.0,29.89,0.0,0.0,0.5877,15.4,0.0
613,45.85,0.0,27.63,0.0,0.0,0.5877,18.22,0.0
614,46.04,0.0,26.81,0.0,0.0,0.5877,19.24,0.0
615,45.85,0.0,21.58,0.0,0.0,0.5877,24.27,0.0
616,45.28,0.0,14.8,0.0,0.0,0.5877,30.49,0.0
617,44.36,0.0,5.74,0.0,0.0,0.5877,38.62,0.0
618,43.11,0.0,0.0,0.0,3.66,0.5877,39.45,0.0
619,41.6,0.0,0.0,0.0,2.15,0.2421,39.45,0.0
620,39.87,0.0,0.0,0.0,0.42,0.0395,39.45,0.0
621,37.99,0.0,0.0,0.0,0.0,0.0,37.99,0.0
622,36.04,0.0,0.0,0.0,0.0,0.0,36.04,0.0
623,36.04,0.0,0.0,0.0,0.0,0.0,36.04,0.0
624,36.08,0.0,0.0,0.0,0.0,0.0,36.08,0.0
625,36.08,0.0,0.0,0.0,0.0,0.0,36.08,0.0
626,36.08,0.0,0.0,0.0,0.0,0.0,36.08,0.0
627,36.08,0.0,0.0,0.0,0.0,0.0,36.08,0.0
628,36.08,0.0,0.0,0.0,0.0,0.0,36.08,0.0
629,36.08,0.0,0.0,0.0,0.0,0.0,36.08,0.0
630,36.08,0.0,0.0,0.0,0.0,0.0,36.08,0.0
631,38.03,0.0,7.42,0.0,0.0,0.0,30.61,0.0
632,39.91,0.0,14.71,0.0,0.0,0.0,25.2,0.0
633,41.64,0.0,19.7,0.0,0.0,0.0,21.94,0.0
634,43.15,0.0,25.85,0.0,0.0,0.0,17.3,0.0
635,44.4,0.0,28.41,7.03,0.0,0.0,23.01,0.0
636,45.32,0.0,30.32,0.0,0.0,0.5987,15.0,0.0
637,45.89,0.0,27.66,0.0,0.0,0.5987,18.23,0.0
638,46.08,0.0,25.37,0.0,0.0,0.5987,20.71,0.0
639,45.89,0.0,21.54,0.0,0.0,0.5987,24.35,0.0
640,45.32,0.0,15.33,0.0,0.0,0.5987,29.99,0.0
641,44.4,0.0,5.76,0.0,0.0,0.5987,38.63,0.0
642,43.15,0.0,0.0,0.0,3.7,0.5987,39.45,0.0
643,41.64,0.0,0.0,0.0,2.19,0.2495,39.45,0.0
644,39.91,0.0,0.0,0.0,0.46,0.0432,39.45,0.0
645,38.03,0.0,0.0,0.0,0.0,0.0,38.03,0.0
646,36.08,0.0,0.0,0.0,0.0,0.0,36.08,0.0
647,36.08,0.0,0.0,0.0,0.0,0.0,36.08,0.0
648,36.12,0.0,0.0,0.0,0.0,0.0,36.12,0.0
649,36.12,0.0,0.0,0.0,0.0,0.0,36.12,0.0
650,36.12,0.0,0.0,0.0,0.0,0.0,36.12,0.0
651,36.12,0.0,0.0,0.0,0.0,0.0,36.12,0.0
652,36.12,0.0,0.0,0.0,0.0,0.0,36.12,0.0
653,36.12,0.0,0.0,3.08,0.0,0.0,39.2,0.0
654,36.12,0.0,0.0,3.33,0.0,0.2625,39.45,0.0
655,38.07,0.0,7.69,0.0,0.0,0.546,30.39,0.0
656,39.95,0.0,15.12,0.0,0.0,0.546,24.83,0.0
657,41.68,0.0,20.5,0.0,0.0,0.546,21.18,0.0
658,43.19,0.0,25.2,0.0,0.0,0.546,17.99,0.0
659,44.44,0.0,28.21,0.0,0.0,0.546,16.23,0.0
660,45.36,0.0,30.85,0.0,0.0,0.546,14.51,0.0
661,45.93,0.0,27.78,0.0,0.0,0.546,18.14,0.0
662,46.12,0.0,26.5,0.0,0.0,0.546,19.62,0.0
663,45.93,0.0,20.66,0.0,0.0,0.546,25.27,0.0
664,45.36,0.0,14.19,0.0,0.0,0.546,31.17,0.0
665,44.44,0.0,5.73,0.75,0.0,0.546,39.45,0.0
666,43.19,0.0,0.0,0.0,3.74,0.6096,39.45,0.0
667,41.68,0.0,0.0,0.0,2.23,0.2568,39.45,0.0
668,39.95,0.0,0.0,0.0,0.5,0.0468,39.45,0.0
669,38.07,0.0,0.0,0.0,0.0,0.0,38.07,0.0
670,36.12,0.0,0.0,0.0,0.0,0.0,36.12,0.0
671,36.12,0.0,0.0,0.0,0.0,0.0,36.12,0.0
672,36.16,0.0,0.0,0.0,0.0,0.0,36.16,0.0
673,36.16,0.0,0.0,0.0,0.0,0.0,36.16,0.0
674,36.16,0.0,0.0,0.0,0.0,0.0,36.16,0.0
675,36.16,0.0,0.0,0.0,0.0,0.0,36.16,0.0
676,36.16,0.0,0.0,0.0,0.0,0.0,36.16,0.0
677,36.16,0.0,0.0,0.0,0.0,0.0,36.16,0.0
678,36.16,0.0,0.0,0.0,0.0,0.0,36.16,0.0
679,38.11,0.0,7.04,4.7,0.0,0.0,35.77,0.0
680,39.99,0.0,13.62,0.0,0.0,0.4002,26.37,0.0
681,41.71,0.0,21.98,0.0,0.0,0.4002,19.73,0.0
682,43.23,0.0,25.98,0.0,0.0,0.4002,17.25,0.0
683,44.47,0.0,29.14,0.0,0.0,0.4002,15.33,0.0
684,45.4,0.0,30.7,0.0,0.0,0.4002,14.69,0.0
685,45.97,0.0,27.98,0.0,0.0,0.4002,17.98,0.0
686,46.16,0.0,24.95,0.0,0.0,0.4002,21.21,0.0
687,45.97,0.0,21.09,0.0,0.0,0.4002,24.88,0.0
688,45.4,0.0,15.44,0.0,0.0,0.4002,29.96,0.0
689,44.47,0.0,7.61,2.59,0.0,0.4002,39.45,0.0
690,43.23,0.0,0.0,0.0,3.78,0.6205,39.45,0.0
691,41.71,0.0,0.0,0.0,2.26,0.264,39.45,0.0
692,39.99,0.0,0.0,0.0,0.53,0.0505,39.45,0.0
693,38.11,0.0,0.0,0.0,0.0,0.0,38.11,0.0
694,36.16,0.0,0.0,0.0,0.0,0.0,36.16,0.0
695,36.16,0.0,0.0,0.0,0.0,0.0,36.16,0.0
696,36.2,0.0,0.0,0.0,0.0,0.0,36.2,0.0
697,36.2,0.0,0.0,0.0,0.0,0.0,36.2,0.0
698,36.2,0.0,0.0,0.0,0.0,0.0,36.2,0.0
699,36.2,0.0,0.0,0.0,0.0,0.0,36.2,0.0
700,36.2,0.0,0.0,0.0,0.0,0.0,36.2,0.0
701,36.2,0.0,0.0,0.0,0.0,0.0,36.2,0.0
702,36.2,0.0,0.0,0.0,0.0,0.0,36.2,0.0
703,38.15,0.0,8.1,4.75,0.0,0.0,34.8,0.0
704,40.02,0.0,13.59,0.0,0.0,0.4048,26.44,0.0
705,41.75,0.0,22.09,0.0,0.0,0.4048,19.67,0.0
706,43.27,0.0,25.45,0.0,0.0,0.4048,17.81,0.0
707,44.51,0.0,27.96,0.0,0.0,0.4048,16.55,0.0
708,45.44,0.0,30.23,0.0,0.0,0.4048,15.2,0.0
709,46.0,0.0,29.87,0.0,0.0,0.4048,16.13,0.0
710,46.2,0.0,25.79,0.0,0.0,0.4048,20.4,0.0
711,46.0,0.0,20.72,0.0,0.0,0.4048,25.28,0.0
712,45.44,0.0,14.1,0.0,0.0,0.4048,31.33,0.0
713,44.51,0.0,7.72,2.66,0.0,0.4048,39.45,0.0
714,43.27,0.0,0.0,0.0,3.82,0.6312,39.45,0.0
715,41.75,0.0,0.0,0.0,2.3,0.2712,39.45,0.0
716,40.02,0.0,0.0,0.0,0.57,0.054,39.45,0.0
717,38.15,0.0,0.0,0.0,0.0,0.0,38.15,0.0
718,36.2,0.0,0.0,0.0,0.0,0.0,36.2,0.0
719,36.2,0.0,0.0,0.0,0.0,0.0,36.2,0.0
720,36.23,0.0,0.0,0.0,0.0,0.0,36.23,0.0
721,36.23,0.0,0.0,0.0,0.0,0.0,36.23,0.0
722,36.23,0.0,0.0,0.0,0.0,0.0,36.23,0.0
723,36.23,0.0,0.0,0.0,0.0,0.0,36.23,0.0
724,36.23,0.0,0.0,0.0,0.0,0.0,36.23,0.0
725,36.23,0.0,0.0,0.0,0.0,0.0,36.23,0.0
726,36.23,0.0,0.0,0.0,0.0,0.0,36.23,0.0
727,38.19,0.0,5.8,4.98,0.0,0.0,37.36,0.0
728,40.06,0.0,15.1,0.0,0.0,0.4239,24.96,0.0
729,41.79,0.0,22.15,0.0,0.0,0.4239,19.64,0.0
730,43.31,0.0,26.07,0.0,0.0,0.4239,17.24,0.0
731,44.55,0.0,28.8,0.0,0.0,0.4239,15.75,0.0
732,45.47,0.0,30.97,0.0,0.0,0.4239,14.51,0.0
733,46.04,0.0,29.66,0.0,0.0,0.4239,16.38,0.0
734,46.23,0.0,25.96,0.0,0.0,0.4239,20.27,0.0
735,46.04,0.0,20.16,0.0,0.0,0.4239,25.88,0.0
736,45.47,0.0,13.96,0.0,0.0,0.4239,31.51,0.0
737,44.55,0.0,7.66,2.56,0.0,0.4239,39.45,0.0
738,43.31,0.0,0.0,0.0,3.85,0.6419,39.45,0.0
739,41.79,0.0,0.0,0.0,2.34,0.2783,39.45,0.0
740,40.06,0.0,0.0,0.0,0.61,0.0576,39.45,0.0
741,38.19,0.0,0.0,0.0,0.0,0.0,38.19,0.0
742,36.23,0.0,0.0,0.0,0.0,0.0,36.23,0.0
743,36.23,0.0,0.0,0.0,0.0,0.0,36.23,0.0
744,36.27,0.0,0.0,0.0,0.0,0.0,36.27,0.0
745,36.27,0.0,0.0,0.0,0.0,0.0,36.27,0.0
746,36.27,0.0,0.0,0.0,0.0,0.0,36.27,0.0
747,36.27,0.0,0.0,0.0,0.0,0.0,36.27,0.0
748,36.27,0.0,0.0,0.0,0.0,0.0,36.27,0.0
749,36.27,0.0,0.0,0.0,0.0,0.0,36.27,0.0
750,36.27,0.0,0.0,0.0,0.0,0.0,36.27,0.0
751,38.22,0.0,7.26,0.0,0.0,0.0,30.96,0.0
752,40.1,0.0,15.15,0.0,0.0,0.0,24.94,0.0
753,41.83,0.0,20.8,0.0,0.0,0.0,21.03,0.0
754,43.34,0.0,26.64,7.66,0.0,0.0,24.37,0.0
755,44.59,0.0,28.76,0.0,0.0,0.6524,15.83,0.0
756,45.51,0.0,31.4,0.0,0.0,0.6524,14.11,0.0
757,46.08,0.0,28.71,0.0,0.0,0.6524,17.37,0.0
758,46.27,0.0,26.0,0.0,0.0,0.6524,20.27,0.0
759,46.08,0.0,20.36,0.0,0.0,0.6524,25.72,0.0
760,45.51,0.0,14.79,0.0,0.0,0.6524,30.72,0.0
761,44.59,0.0,6.68,0.0,0.0,0.6524,37.91,0.0
762,43.34,0.0,0.0,0.0,3.89,0.6524,39.45,0.0
763,41.83,0.0,0.0,0.0,2.38,0.2853,39.45,0.0
764,40.1,0.0,0.0,0.0,0.65,0.0611,39.45,0.0
765,38.22,0.0,0.0,0.0,0.0,0.0,38.22,0.0
766,36.27,0.0,0.0,0.0,0.0,0.0,36.27,0.0
767,36.27,0.0,0.0,0.0,0.0,0.0,36.27,0.0
768,36.31,0.0,0.0,0.0,0.0,0.0,36.31,0.0
769,36.31,0.0,0.0,0.0,0.0,0.0,36.31,0.0
770,36.31,0.0,0.0,0.0,0.0,0.0,36.31,0.0
771,36.31,0.0,0.0,0.0,0.0,0.0,36.31,0.0
772,36.31,0.0,0.0,0.0,0.0,0.0,36.31,0.0
773,36.31,0.0,0.0,0.0,0.0,0.0,36.31,0.0
774,36.31,0.0,0.0,0.0,0.0,0.0,36.31,0.0
775,38.26,0.0,7.37,0.0,0.0,0.0,30.89,0.0
776,40.14,0.0,15.25,7.79,0.0,0.0,32.67,0.0
777,41.86,0.0,22.17,0.0,0.0,0.6628,19.7,0.0
778,43.38,0.0,25.12,0.0,0.0,0.6628,18.26,0.0
779,44.62,0.0,28.67,0.0,0.0,0.6628,15.95,0.0
780,45.55,0.0,29.6,0.0,0.0,0.6628,15.95,0.0
781,46.12,0.0,29.45,0.0,0.0,0.6628,16.66,0.0
782,46.31,0.0,27.25,0.0,0.0,0.6628,19.06,0.0
783,46.12,0.0,22.35,0.0,0.0,0.6628,23.77,0.0
784,45.55,0.0,15.09,0.0,0.0,0.6628,30.46,0.0
785,44.62,0.0,5.99,0.0,0.0,0.6628,38.64,0.0
786,43.38,0.0,0.0,0.0,3.93,0.6628,39.45,0.0
787,41.86,0.0,0.0,0.0,2.41,0.2922,39.45,0.0
788,40.14,0.0,0.0,0.0,0.68,0.0646,39.45,0.0
789,38.26,0.0,0.0,0.0,0.0,0.0,38.26,0.0
790,36.31,0.0,0.0,0.0,0.0,0.0,36.31,0.0
791,36.31,0.0,0.0,0.0,0.0,0.0,36.31,0.0
792,36.35,0.0,0.0,0.0,0.0,0.0,36.35,0.0
793,36.35,0.0,0.0,0.0,0.0,0.0,36.35,0.0
794,36.35,0.0,0.0,0.0,0.0,0.0,36.35,0.0
795,36.35,0.0,0.0,0.0,0.0,0.0,36.35,0.0
796,36.35,0.0,0.0,0.0,0.0,0.0,36.35,0.0
797,36.35,0.0,0.0,0.0,0.0,0.0,36.35,0.0
798,36.35,0.0,0.0,0.0,0.0,0.0,36.35,0.0
799,38.3,0.0,7.5,0.0,0.0,0.0,30.8,0.0
800,40.17,0.0,15.01,0.0,0.0,0.0,25.16,0.0
801,41.9,0.0,21.2,0.0,0.0,0.0,20.7,0.0
802,43.42,0.0,27.59,7.91,0.0,0.0,23.73,0.0
803,44.66,0.0,28.75,0.0,0.0,0.6732,15.91,0.0
804,45.58,0.0,29.66,0.0,0.0,0.6732,15.93,0.0
805,46.15,0.0,29.47,0.0,0.0,0.6732,16.68,0.0
806,46.35,0.0,26.97,0.0,0.0,0.6732,19.37,0.0
807,46.15,0.0,20.15,0.0,0.0,0.6732,26.01,0.0
808,45.58,0.0,15.02,0.0,0.0,0.6732,30.57,0.0
809,44.66,0.0,6.57,0.0,0.0,0.6732,38.09,0.0
810,43.42,0.0,0.0,0.0,3.97,0.6732,39.45,0.0
811,41.9,0.0,0.0,0.0,2.45,0.2991,39.45,0.0
812,40.17,0.0,0.0,0.0,0.72,0.068,39.45,0.0
813,38.3,0.0,0.0,0.0,0.0,0.0,38.3,0.0
814,36.35,0.0,0.0,0.0,0.0,0.0,36.35,0.0
815,36.35,0.0,0.0,0.0,0.0,0.0,36.35,0.0
816,36.38,0.0,0.0,0.0,0.0,0.0,36.38,0.0
817,36.38,0.0,0.0,0.0,0.0,0.0,36.38,0.0
818,36.38,0.0,0.0,0.0,0.0,0.0,36.38,0.0
819,36.38,0.0,0.0,0.0,0.0,0.0,36.38,0.0
820,36.38,0.0,0.0,0.0,0.0,0.0,36.38,0.0
821,36.38,0.0,0.0,0.0,0.0,0.0,36.38,0.0
822,36.38,0.0,0.0,0.0,0.0,0.0,36.38,0.0
823,38.33,0.0,5.91,0.0,0.0,0.0,32.42,0.0
824,40.21,0.0,15.36,0.0,0.0,0.0,24.85,0.0
825,41.94,0.0,21.0,0.0,0.0,0.0,20.94,0.0
826,43.45,0.0,27.53,0.0,0.0,0.0,15.92,0.0
827,44.7,0.0,29.16,0.0,0.0,0.0,15.53,0.0
828,45.62,0.0,31.0,0.0,0.0,0.0,14.62,0.0
829,46.19,0.0,28.69,0.0,0.0,0.0,17.5,0.0
830,46.38,0.0,26.97,0.0,0.0,0.0,19.41,0.0
831,46.19,0.0,20.35,0.0,0.0,0.0,25.84,0.0
832,45.62,0.0,14.78,8.03,0.0,0.0,38.86,0.0
833,44.7,0.0,7.44,0.0,0.0,0.6834,37.26,0.0
834,43.45,0.0,0.0,0.0,4.0,0.6834,39.45,0.0
835,41.94,0.0,0.0,0.0,2.49,0.3059,39.45,0.0
836,40.21,0.0,0.0,0.0,0.76,0.0714,39.45,0.0
837,38.33,0.0,0.0,0.0,0.0,0.0,38.33,0.0
838,36.38,0.0,0.0,0.0,0.0,0.0,36.38,0.0
839,36.38,0.0,0.0,0.0,0.0,0.0,36.38,0.0
840,36.42,0.0,0.0,0.0,0.0,0.0,36.42,0.0
841,36.42,0.0,0.0,0.0,0.0,0.0,36.42,0.0
842,36.42,0.0,0.0,0.0,0.0,0.0,36.42,0.0
843,36.42,0.0,0.0,0.0,0.0,0.0,36.42,0.0
844,36.42,0.0,0.0,0.0,0.0,0.0,36.42,0.0
845,36.42,0.0,0.0,0.0,0.0,0.0,36.42,0.0
846,36.42,0.0,0.0,0.0,0.0,0.0,36.42,0.0
847,38.37,0.0,8.28,0.0,0.0,0.0,30.09,0.0
848,40.24,0.0,15.54,8.15,0.0,0.0,32.85,0.0
849,41.97,0.0,21.61,0.0,0.0,0.6935,20.36,0.0
850,43.49,0.0,26.87,0.0,0.0,0.6935,16.62,0.0
851,44.73,0.0,29.06,0.0,0.0,0.6935,15.67,0.0
852,45.66,0.0,30.22,0.0,0.0,0.6935,15.43,0.0
853,46.22,0.0,30.82,0.0,0.0,0.6935,15.4,0.0
854,46.42,0.0,25.51,0.0,0.0,0.6935,20.9,0.0
855,46.22,0.0,21.44,0.0,0.0,0.6935,24.79,0.0
856,45.66,0.0,14.62,0.0,0.0,0.6935,31.04,0.0
857,44.73,0.0,7.33,0.0,0.0,0.6935,37.4,0.0
858,43.49,0.0,0.0,0.0,4.04,0.6935,39.45,0.0
859,41.97,0.0,0.0,0.0,2.52,0.3126,39.45,0.0
860,40.24,0.0,0.0,0.0,0.79,0.0748,39.45,0.0
861,38.37,0.0,0.0,0.0,0.0,0.0,38.37,0.0
862,36.42,0.0,0.0,0.0,0.0,0.0,36.42,0.0
863,36.42,0.0,0.0,0.0,0.0,0.0,36.42,0.0
864,36.45,0.0,0.0,0.0,0.0,0.0,36.45,0.0
865,36.45,0.0,0.0,0.0,0.0,0.0,36.45,0.0
866,36.45,0.0,0.0,0.0,0.0,0.0,36.45,0.0
867,36.45,0.0,0.0,0.0,0.0,0.0,36.45,0.0
868,36.45,0.0,0.0,0.0,0.0,0.0,36.45,0.0
869,36.45,0.0,0.0,0.0,0.0,0.0,36.45,0.0
870,36.45,0.0,0.0,0.0,0.0,0.0,36.45,0.0
871,38.4,0.0,6.9,0.0,0.0,0.0,31.5,0.0
872,40.28,0.0,14.96,0.0,0.0,0.0,25.32,0.0
873,42.01,0.0,22.24,0.0,0.0,0.0,19.77,0.0
874,43.52,0.0,27.89,6.98,0.0,0.0,22.62,0.0
875,44.77,0.0,30.27,0.0,0.0,0.5942,14.5,0.0
876,45.69,0.0,30.75,0.0,0.0,0.5942,14.94,0.0
877,46.26,0.0,30.36,0.0,0.0,0.5942,15.9,0.0
878,46.45,0.0,27.19,0.0,0.0,0.5942,19.27,0.0
879,46.26,0.0,20.98,0.0,0.0,0.5942,25.28,0.0
880,45.69,0.0,14.28,0.0,0.0,0.5942,31.41,0.0
881,44.77,0.0,6.6,1.28,0.0,0.5942,39.45,0.0
882,43.52,0.0,0.0,0.0,4.07,0.7034,39.45,0.0
883,42.01,0.0,0.0,0.0,2.56,0.3193,39.45,0.0
884,40.28,0.0,0.0,0.0,0.83,0.0781,39.45,0.0
885,38.4,0.0,0.0,0.0,0.0,0.0,38.4,0.0
886,36.45,0.0,0.0,0.0,0.0,0.0,36.45,0.0
887,36.45,0.0,0.0,0.0,0.0,0.0,36.45,0.0
888,36.49,0.0,0.0,0.0,0.0,0.0,36.49,0.0
889,36.49,0.0,0.0,0.0,0.0,0.0,36.49,0.0
890,36.49,0.0,0.0,0.0,0.0,0.0,36.49,0.0
891,36.49,0.0,0.0,0.0,0.0,0.0,36.49,0.0
892,36.49,0.0,0.0,0.0,0.0,0.0,36.49,0.0
893,36.49,0.0,0.0,0.0,0.0,0.0,36.49,0.0
894,36.49,0.0,0.0,0.0,0.0,0.0,36.49,0.0
895,38.44,0.0,8.18,0.0,0.0,0.0,30.26,0.0
896,40.31,0.0,15.99,0.0,0.0,0.0,24.32,0.0
897,42.04,0.0,20.84,0.0,0.0,0.0,21.21,0.0
898,43.56,0.0,27.11,0.0,0.0,0.0,16.45,0.0
899,44.8,0.0,31.13,0.0,0.0,0.0,13.67,0.0
900,45.73,0.0,30.2,0.0,0.0,0.0,15.53,0.0
901,46.29,0.0,30.73,0.0,0.0,0.0,15.56,0.0
902,46.49,0.0,27.39,0.0,0.0,0.0,19.1,0.0
903,46.29,0.0,22.42,0.0,0.0,0.0,23.87,0.0
904,45.73,0.0,13.83,5.62,0.0,0.0,37.51,0.0
905,44.8,0.0,8.11,2.76,0.0,0.4787,39.45,0.0
906,43.56,0.0,0.0,0.0,4.11,0.7133,39.45,0.0
907,42.04,0.0,0.0,0.0,2.59,0.3259,39.45,0.0
908,40.31,0.0,0.0,0.0,0.86,0.0814,39.45,0.0
909,38.44,0.0,0.0,0.0,0.0,0.0,38.44,0.0
910,36.49,0.0,0.0,0.0,0.0,0.0,36.49,0.0
911,36.49,0.0,0.0,0.0,0.0,0.0,36.49,0.0
912,36.52,0.0,0.0,0.0,0.0,0.0,36.52,0.0
913,36.52,0.0,0.0,0.0,0.0,0.0,36.52,0.0
914,36.52,0.0,0.0,0.0,0.0,0.0,36.52,0.0
915,36.52,0.0,0.0,0.0,0.0,0.0,36.52,0.0
916,36.52,0.0,0.0,0.0,0.0,0.0,36.52,0.0
917,36.52,0.0,0.0,2.93,0.0,0.0,39.45,0.0
918,36.52,0.0,0.0,0.0,0.0,0.2494,36.52,0.0
919,38.47,0.0,7.2,0.0,0.0,0.2494,31.27,0.0
920,40.35,0.0,15.15,0.0,0.0,0.2494,25.2,0.0
921,42.08,0.0,22.93,3.46,0.0,0.2494,22.6,0.0
922,43.59,0.0,26.85,0.0,0.0,0.5436,16.75,0.0
923,44.84,0.0,30.37,0.0,0.0,0.5436,14.47,0.0
924,45.76,0.0,32.12,0.0,0.0,0.5436,13.64,0.0
925,46.33,0.0,31.11,0.0,0.0,0.5436,15.22,0.0
926,46.52,0.0,27.06,0.0,0.0,0.5436,19.47,0.0
927,46.33,0.0,22.89,0.0,0.0,0.5436,23.44,0.0
928,45.76,0.0,13.85,0.0,0.0,0.5436,31.91,0.0
929,44.84,0.0,7.49,2.11,0.0,0.5436,39.45,0.0
930,43.59,0.0,0.0,0.0,4.14,0.723,39.45,0.0
931,42.08,0.0,0.0,0.0,2.63,0.3324,39.45,0.0
932,40.35,0.0,0.0,0.0,0.9,0.0846,39.45,0.0
933,38.47,0.0,0.0,0.0,0.0,0.0,38.47,0.0
934,36.52,0.0,0.0,0.0,0.0,0.0,36.52,0.0
935,36.52,0.0,0.0,0.0,0.0,0.0,36.52,0.0
936,36.56,0.0,0.0,0.0,0.0,0.0,36.56,0.0
937,36.56,0.0,0.0,0.0,0.0,0.0,36.56,0.0
938,36.56,0.0,0.0,0.0,0.0,0.0,36.56,0.0
939,36.56,0.0,0.0,0.0,0.0,0.0,36.56,0.0
940,36.56,0.0,0.0,2.9,0.0,0.0,39.45,0.0
941,36.56,0.0,0.0,2.9,0.0,0.2465,39.45,0.0
942,36.56,0.0,0.0,0.0,0.0,0.4931,36.56,0.0
943,38.51,0.0,7.59,0.0,0.0,0.4931,30.92,0.0
944,40.38,0.0,15.46,0.89,0.0,0.4931,25.81,0.0
945,42.11,0.0,21.12,0.0,0.0,0.5687,20.99,0.0
946,43.63,0.0,27.29,0.0,0.0,0.5687,16.34,0.0
947,44.87,0.0,29.75,0.0,0.0,0.5687,15.12,0.0
948,45.79,0.0,31.22,0.0,0.0,0.5687,14.58,0.0
949,46.36,0.0,30.63,0.0,0.0,0.5687,15.73,0.0
950,46.56,0.0,28.06,0.0,0.0,0.5687,18.49,0.0
951,46.36,0.0,22.79,0.0,0.0,0.5687,23.57,0.0
952,45.79,0.0,14.15,0.0,0.0,0.5687,31.64,0.0
953,44.87,0.0,7.34,1.93,0.0,0.5687,39.45,0.0
954,43.63,0.0,0.0,0.0,4.18,0.7326,39.45,0.0
955,42.11,0.0,0.0,0.0,2.66,0.3388,39.45,0.0
956,40.38,0.0,0.0,0.0,0.93,0.0878,39.45,0.0
957,38.51,0.0,0.0,0.0,0.0,0.0,38.51,0.0
958,36.56,0.0,0.0,0.0,0.0,0.0,36.56,0.0
959,36.56,0.0,0.0,0.0,0.0,0.0,36.56,0.0
960,36.59,0.0,0.0,0.0,0.0,0.0,36.59,0.0
961,36.59,0.0,0.0,0.0,0.0,0.0,36.59,0.0
962,36.59,0.0,0.0,0.0,0.0,0.0,36.59,0.0
963,36.59,0.0,0.0,0.0,0.0,0.0,36.59,0.0
964,36.59,0.0,0.0,0.0,0.0,0.0,36.59,0.0
965,36.59,0.0,0.0,2.86,0.0,0.0,39.45,0.0
966,36.59,0.0,0.0,2.86,0.0,0.2437,39.45,0.0
967,38.54,0.0,7.64,0.0,0.0,0.4874,30.9,0.0
968,40.42,0.0,15.28,2.99,0.0,0.4874,28.13,0.0
969,42.14,0.0,22.18,0.0,0.0,0.7421,19.97,0.0
970,43.66,0.0,27.11,0.0,0.0,0.7421,16.55,0.0
971,44.9,0.0,30.13,0.0,0.0,0.7421,14.78,0.0
972,45.83,0.0,32.17,0.0,0.0,0.7421,13.66,0.0
973,46.4,0.0,30.4,0.0,0.0,0.7421,15.99,0.0
974,46.59,0.0,26.92,0.0,0.0,0.7421,19.67,0.0
975,46.4,0.0,23.12,0.0,0.0,0.7421,23.27,0.0
976,45.83,0.0,15.11,0.0,0.0,0.7421,30.71,0.0
977,44.9,0.0,7.9,0.0,0.0,0.7421,37.01,0.0
978,43.66,0.0,0.0,0.0,4.21,0.7421,39.45,0.0
979,42.14,0.0,0.0,0.0,2.69,0.3451,39.45,0.0
980,40.42,0.0,0.0,0.0,0.96,0.091,39.45,0.0
981,38.54,0.0,0.0,0.0,0.0,0.0,38.54,0.0
982,36.59,0.0,0.0,0.0,0.0,0.0,36.59,0.0
983,36.59,0.0,0.0,0.0,0.0,0.0,36.59,0.0
984,36.62,0.0,0.0,0.0,0.0,0.0,36.62,0.0
985,36.62,0.0,0.0,0.0,0.0,0.0,36.62,0.0
986,36.62,0.0,0.0,0.0,0.0,0.0,36.62,0.0
987,36.62,0.0,0.0,0.0,0.0,0.0,36.62,0.0
988,36.62,0.0,0.0,0.0,0.0,0.0,36.62,0.0
989,36.62,0.0,0.0,0.0,0.0,0.0,36.62,0.0
990,36.62,0.0,0.0,0.0,0.0,0.0,36.62,0.0
991,38.57,0.0,8.37,8.83,0.0,0.0,39.03,0.0
992,40.45,0.0,15.13,0.0,0.0,0.7514,25.32,0.0
993,42.18,0.0,22.9,0.0,0.0,0.7514,19.28,0.0
994,43.69,0.0,26.94,0.0,0.0,0.7514,16.75,0.0
995,44.94,0.0,31.12,0.0,0.0,0.7514,13.81,0.0
996,45.86,0.0,31.21,0.0,0.0,0.7514,14.65,0.0
997,46.43,0.0,30.92,0.0,0.0,0.7514,15.51,0.0
998,46.62,0.0,28.47,0.0,0.0,0.7514,18.15,0.0
999,46.43,0.0,22.54,0.0,0.0,0.7514,23.89,0.0
1000,45.86,0.0,16.25,0.0,0.0,0.7514,29.62,0.0
1001,44.94,0.0,7.31,0.0,0.0,0.7514,37.63,0.0
1002,43.69,0.0,0.0,0.0,4.24,0.7514,39.45,0.0
1003,42.18,0.0,0.0,0.0,2.73,0.3513,39.45,0.0
1004,40.45,0.0,0.0,0.0,1.0,0.0941,39.45,0.0
1005,38.57,0.0,0.0,0.0,0.0,0.0,38.57,0.0
1006,36.62,0.0,0.0,0.0,0.0,0.0,36.62,0.0
1007,36.62,0.0,0.0,0.0,0.0,0.0,36.62,0.0
1008,36.65,0.0,0.0,0.0,0.0,0.0,36.65,0.0
1009,36.65,0.0,0.0,0.0,0.0,0.0,36.65,0.0
1010,36.65,0.0,0.0,0.0,0.0,0.0,36.65,0.0
1011,36.65,0.0,0.0,0.0,0.0,0.0,36.65,0.0
1012,36.65,0.0,0.0,0.0,0.0,0.0,36.65,0.0
1013,36.65,0.0,0.0,0.0,0.0,0.0,36.65,0.0
1014,36.65,0.0,0.0,0.0,0.0,0.0,36.65,0.0
1015,38.6,0.0,6.28,0.0,0.0,0.0,32.32,0.0
1016,40.48,0.0,14.79,0.0,0.0,0.0,25.69,0.0
1017,42.21,0.0,22.19,0.0,0.0,0.0,20.02,0.0
1018,43.73,0.0,28.57,8.93,0.0,0.0,24.09,0.0
1019,44.97,0.0,30.95,0.0,0.0,0.7606,14.02,0.0
1020,45.89,0.0,31.45,0.0,0.0,0.7606,14.44,0.0
1021,46.46,0.0,29.81,0.0,0.0,0.7606,16.66,0.0
1022,46.65,0.0,27.09,0.0,0.0,0.7606,19.56,0.0
1023,46.46,0.0,22.38,0.0,0.0,0.7606,24.08,0.0
1024,45.89,0.0,15.42,0.0,0.0,0.7606,30.47,0.0
1025,44.97,0.0,6.42,0.0,0.0,0.7606,38.55,0.0
1026,43.73,0.0,0.0,0.0,4.27,0.7606,39.45,0.0
1027,42.21,0.0,0.0,0.0,2.76,0.3574,39.45,0.0
1028,40.48,0.0,0.0,0.0,1.03,0.0972,39.45,0.0
1029,38.6,0.0,0.0,0.0,0.0,0.0,38.6,0.0
1030,36.65,0.0,0.0,0.0,0.0,0.0,36.65,0.0
1031,36.65,0.0,0.0,0.0,0.0,0.0,36.65,0.0
1032,36.69,0.0,0.0,0.0,0.0,0.0,36.69,0.0
1033,36.69,0.0,0.0,0.0,0.0,0.0,36.69,0.0
1034,36.69,0.0,0.0,0.0,0.0,0.0,36.69,0.0
1035,36.69,0.0,0.0,0.0,0.0,0.0,36.69,0.0
1036,36.69,0.0,0.0,2.76,0.0,0.0,39.45,0.0
1037,36.69,0.0,0.0,2.76,0.0,0.2354,39.45,0.0
1038,36.69,0.0,0.0,2.76,0.0,0.4708,39.45,0.0
1039,38.64,0.0,8.01,0.0,0.0,0.7061,30.63,0.0
1040,40.51,0.0,16.21,0.0,0.0,0.7061,24.3,0.0
1041,42.24,0.0,22.15,0.75,0.0,0.7061,20.84,0.0
1042,43.76,0.0,27.06,0.0,0.0,0.7697,16.69,0.0
1043,45.0,0.0,31.28,0.0,0.0,0.7697,13.72,0.0
1044,45.92,0.0,31.53,0.0,0.0,0.7697,14.4,0.0
1045,46.49,0.0,31.31,0.0,0.0,0.7697,15.19,0.0
1046,46.69,0.0,26.52,0.0,0.0,0.7697,20.17,0.0
1047,46.49,0.0,21.3,0.0,0.0,0.7697,25.19,0.0
1048,45.92,0.0,16.4,0.0,0.0,0.7697,29.52,0.0
1049,45.0,0.0,8.22,0.0,0.0,0.7697,36.79,0.0
1050,43.76,0.0,0.0,0.0,4.31,0.7697,39.45,0.0
1051,42.24,0.0,0.0,0.0,2.79,0.3635,39.45,0.0
1052,40.51,0.0,0.0,0.0,1.06,0.1002,39.45,0.0
1053,38.64,0.0,0.0,0.0,0.0,0.0,38.64,0.0
1054,36.69,0.0,0.0,0.0,0.0,0.0,36.69,0.0
1055,36.69,0.0,0.0,0.0,0.0,0.0,36.69,0.0
1056,36.72,0.0,0.0,0.0,0.0,0.0,36.72,0.0
1057,36.72,0.0,0.0,0.0,0.0,0.0,36.72,0.0
1058,36.72,0.0,0.0,0.0,0.0,0.0,36.72,0.0
1059,36.72,0.0,0.0,0.0,0.0,0.0,36.72,0.0
1060,36.72,0.0,0.0,0.0,0.0,0.0,36.72,0.0
1061,36.72,0.0,0.0,0.0,0.0,0.0,36.72,0.0
1062,36.72,0.0,0.0,0.0,0.0,0.0,36.72,0.0
1063,38.67,0.0,6.9,0.0,0.0,0.0,31.77,0.0
1064,40.54,0.0,16.45,0.0,0.0,0.0,24.1,0.0
1065,42.27,0.0,22.84,0.0,0.0,0.0,19.43,0.0
1066,43.79,0.0,26.42,8.35,0.0,0.0,25.73,0.0
1067,45.03,0.0,30.79,0.0,0.0,0.7113,14.24,0.0
1068,45.96,0.0,31.37,0.0,0.0,0.7113,14.58,0.0
1069,46.53,0.0,32.08,0.0,0.0,0.7113,14.45,0.0
1070,46.72,0.0,28.63,0.0,0.0,0.7113,18.09,0.0
1071,46.53,0.0,23.27,0.0,0.0,0.7113,23.25,0.0
1072,45.96,0.0,16.61,0.0,0.0,0.7113,29.35,0.0
1073,45.03,0.0,6.37,0.79,0.0,0.7113,39.45,0.0
1074,43.79,0.0,0.0,0.0,4.34,0.7786,39.45,0.0
1075,42.27,0.0,0.0,0.0,2.82,0.3694,39.45,0.0
1076,40.54,0.0,0.0,0.0,1.09,0.1032,39.45,0.0
1077,38.67,0.0,0.0,0.0,0.0,0.0,38.67,0.0
1078,36.72,0.0,0.0,0.0,0.0,0.0,36.72,0.0
1079,36.72,0.0,0.0,0.0,0.0,0.0,36.72,0.0
1080,36.75,0.0,0.0,0.0,0.0,0.0,36.75,0.0
1081,36.75,0.0,0.0,0.0,0.0,0.0,36.75,0.0
1082,36.75,0.0,0.0,0.0,0.0,0.0,36.75,0.0
1083,36.75,0.0,0.0,0.0,0.0,0.0,36.75,0.0
1084,36.75,0.0,0.0,0.0,0.0,0.0,36.75,0.0
1085,36.75,0.0,0.0,0.0,0.0,0.0,36.75,0.0
1086,36.75,0.0,0.0,0.0,0.0,0.0,36.75,0.0
1087,38.7,0.0,6.34,0.0,0.0,0.0,32.36,0.0
1088,40.58,0.0,15.5,0.0,0.0,0.0,25.08,0.0
1089,42.3,0.0,22.24,6.34,0.0,0.0,26.41,0.0
1090,43.82,0.0,28.29,0.0,0.0,0.54,15.53,0.0
1091,45.06,0.0,31.22,0.0,0.0,0.54,13.85,0.0
1092,45.99,0.0,33.1,0.0,0.0,0.54,12.88,0.0
1093,46.56,0.0,31.03,0.0,0.0,0.54,15.53,0.0
1094,46.75,0.0,28.82,0.0,0.0,0.54,17.93,0.0
1095,46.56,0.0,23.52,0.0,0.0,0.54,23.04,0.0
1096,45.99,0.0,15.06,0.0,0.0,0.54,30.93,0.0
1097,45.06,0.0,8.52,2.91,0.0,0.54,39.45,0.0
1098,43.82,0.0,0.0,0.0,4.37,0.7874,39.45,0.0
1099,42.3,0.0,0.0,0.0,2.85,0.3753,39.45,0.0
1100,40.58,0.0,0.0,0.0,1.12,0.1061,39.45,0.0
1101,38.7,0.0,0.0,0.0,0.0,0.0,38.7,0.0
1102,36.75,0.0,0.0,0.0,0.0,0.0,36.75,0.0
1103,36.75,0.0,0.0,0.0,0.0,0.0,36.75,0.0
1104,36.78,0.0,0.0,0.0,0.0,0.0,36.78,0.0
1105,36.78,0.0,0.0,0.0,0.0,0.0,36.78,0.0
1106,36.78,0.0,0.0,0.0,0.0,0.0,36.78,0.0
1107,36.78,0.0,0.0,0.0,0.0,0.0,36.78,0.0
1108,36.78,0.0,0.0,0.0,0.0,0.0,36.78,0.0
1109,36.78,0.0,0.0,2.67,0.0,0.0,39.45,0.0
1110,36.78,0.0,0.0,2.67,0.0,0.2275,39.45,0.0
1111,38.73,0.0,6.36,0.0,0.0,0.4549,32.37,0.0
1112,40.61,0.0,16.37,0.0,0.0,0.4549,24.23,0.0
1113,42.33,0.0,23.41,0.0,0.0,0.4549,18.93,0.0
1114,43.85,0.0,27.93,0.0,0.0,0.4549,15.92,0.0
1115,45.09,0.0,30.33,1.87,0.0,0.4549,16.64,0.0
1116,46.02,0.0,31.7,0.0,0.0,0.6142,14.32,0.0
1117,46.59,0.0,31.06,0.0,0.0,0.6142,15.52,0.0
1118,46.78,0.0,28.69,0.0,0.0,0.6142,18.09,0.0
1119,46.59,0.0,22.78,0.0,0.0,0.6142,23.8,0.0
1120,46.02,0.0,15.03,0.0,0.0,0.6142,30.99,0.0
1121,45.09,0.0,7.78,2.14,0.0,0.6142,39.45,0.0
1122,43.85,0.0,0.0,0.0,4.4,0.796,39.45,0.0
1123,42.33,0.0,0.0,0.0,2.88,0.381,39.45,0.0
1124,40.61,0.0,0.0,0.0,1.16,0.109,39.45,0.0
1125,38.73,0.0,0.0,0.0,0.0,0.0,38.73,0.0
1126,36.78,0.0,0.0,0.0,0.0,0.0,36.78,0.0
1127,36.78,0.0,0.0,0.0,0.0,0.0,36.78,0.0
1128,36.81,0.0,0.0,0.0,0.0,0.0,36.81,0.0
1129,36.81,0.0,0.0,0.0,0.0,0.0,36.81,0.0
1130,36.81,0.0,0.0,0.0,0.0,0.0,36.81,0.0
1131,36.81,0.0,0.0,0.0,0.0,0.0,36.81,0.0
1132,36.81,0.0,0.0,2.64,0.0,0.0,39.45,0.0
1133,36.81,0.0,0.0,2.64,0.0,0.2249,39.45,0.0
1134,36.81,0.0,0.0,0.0,0.0,0.4498,36.81,0.0
1135,38.76,0.0,7.74,0.0,0.0,0.4498,31.02,0.0
1136,40.64,0.0,14.6,0.0,0.0,0.4498,26.04,0.0
1137,42.36,0.0,22.38,0.0,0.0,0.4498,19.99,0.0
1138,43.88,0.0,26.82,0.0,0.0,0.4498,17.06,0.0
1139,45.12,0.0,30.45,3.35,0.0,0.4498,18.03,0.0
1140,46.05,0.0,32.07,0.0,0.0,0.7351,13.98,0.0
1141,46.62,0.0,30.37,0.0,0.0,0.7351,16.25,0.0
1142,46.81,0.0,26.78,0.0,0.0,0.7351,20.03,0.0
1143,46.62,0.0,23.3,0.0,0.0,0.7351,23.32,0.0
1144,46.05,0.0,15.17,0.0,0.0,0.7351,30.88,0.0
1145,45.12,0.0,6.49,0.81,0.0,0.7351,39.45,0.0
1146,43.88,0.0,0.0,0.0,4.43,0.8045,39.45,0.0
1147,42.36,0.0,0.0,0.0,2.91,0.3867,39.45,0.0
1148,40.64,0.0,0.0,0.0,1.19,0.1118,39.45,0.0
1149,38.76,0.0,0.0,0.0,0.0,0.0,38.76,0.0
1150,36.81,0.0,0.0,0.0,0.0,0.0,36.81,0.0
1151,36.81,0.0,0.0,0.0,0.0,0.0,36.81,0.0
1152,36.84,0.0,0.0,0.0,0.0,0.0,36.84,0.0
1153,36.84,0.0,0.0,0.0,0.0,0.0,36.84,0.0
1154,36.84,0.0,0.0,0.0,0.0,0.0,36.84,0.0
1155,36.84,0.0,0.0,0.0,0.0,0.0,36.84,0.0
1156,36.84,0.0,0.0,0.0,0.0,0.0,36.84,0.0
1157,36.84,0.0,0.0,0.0,0.0,0.0,36.84,0.0
1158,36.84,0.0,0.0,0.0,0.0,0.0,36.84,0.0
1159,38.79,0.0,6.64,0.0,0.0,0.0,32.15,0.0
1160,40.67,0.0,15.05,0.0,0.0,0.0,25.61,0.0
1161,42.39,0.0,21.86,0.0,0.0,0.0,20.54,0.0
1162,43.91,0.0,28.17,0.0,0.0,0.0,15.74,0.0
1163,45.15,0.0,30.96,0.0,0.0,0.0,14.19,0.0
1164,46.08,0.0,33.07,0.0,0.0,0.0,13.0,0.0
1165,46.65,0.0,32.58,0.0,0.0,0.0,14.07,0.0
1166,46.84,0.0,28.75,0.0,0.0,0.0,18.09,0.0
1167,46.65,0.0,23.93,0.0,0.0,0.0,22.71,0.0
1168,46.08,0.0,16.04,7.69,0.0,0.0,37.73,0.0
1169,45.15,0.0,7.56,1.86,0.0,0.6548,39.45,0.0
1170,43.91,0.0,0.0,0.0,4.46,0.8128,39.45,0.0
1171,42.39,0.0,0.0,0.0,2.94,0.3922,39.45,0.0
1172,40.67,0.0,0.0,0.0,1.21,0.1146,39.45,0.0
1173,38.79,0.0,0.0,0.0,0.0,0.0,38.79,0.0
1174,36.84,0.0,0.0,0.0,0.0,0.0,36.84,0.0
1175,36.84,0.0,0.0,0.0,0.0,0.0,36.84,0.0
1176,36.87,0.0,0.0,0.0,0.0,0.0,36.87,0.0
1177,36.87,0.0,0.0,0.0,0.0,0.0,36.87,0.0
1178,36.87,0.0,0.0,0.0,0.0,0.0,36.87,0.0
1179,36.87,0.0,0.0,0.0,0.0,0.0,36.87,0.0
1180,36.87,0.0,0.0,0.0,0.0,0.0,36.87,0.0
1181,36.87,0.0,0.0,0.0,0.0,0.0,36.87,0.0
1182,36.87,0.0,0.0,2.58,0.0,0.0,39.45,0.0
1183,38.82,0.0,8.79,0.0,0.0,0.2199,30.03,0.0
1184,40.69,0.0,16.3,0.0,0.0,0.2199,24.39,0.0
1185,42.42,0.0,23.64,0.0,0.0,0.2199,18.79,0.0
1186,43.94,0.0,29.39,0.0,0.0,0.2199,14.54,0.0
1187,45.18,0.0,31.97,7.06,0.0,0.2199,20.27,0.0
1188,46.11,0.0,31.98,0.0,0.0,0.821,14.12,0.0
1189,46.68,0.0,32.1,0.0,0.0,0.821,14.58,0.0
1190,46.87,0.0,27.71,0.0,0.0,0.821,19.16,0.0
1191,46.68,0.0,22.26,0.0,0.0,0.821,24.41,0.0
1192,46.11,0.0,16.93,0.0,0.0,0.821,29.17,0.0
1193,45.18,0.0,6.46,0.0,0.0,0.821,38.73,0.0
1194,43.94,0.0,0.0,0.0,4.49,0.821,39.45,0.0
1195,42.42,0.0,0.0,0.0,2.97,0.3977,39.45,0.0
1196,40.69,0.0,0.0,0.0,1.24,0.1173,39.45,0.0
1197,38.82,0.0,0.0,0.0,0.0,0.0,38.82,0.0
1198,36.87,0.0,0.0,0.0,0.0,0.0,36.87,0.0
1199,36.87,0.0,0.0,0.0,0.0,0.0,36.87,0.0
1200,36.9,0.0,0.0,0.0,0.0,0.0,36.9,0.0
1201,36.9,0.0,0.0,0.0,0.0,0.0,36.9,0.0
1202,36.9,0.0,0.0,0.0,0.0,0.0,36.9,0.0
1203,36.9,0.0,0.0,0.0,0.0,0.0,36.9,0.0
1204,36.9,0.0,0.0,0.0,0.0,0.0,36.9,0.0
1205,36.9,0.0,0.0,0.0,0.0,0.0,36.9,0.0
1206,36.9,0.0,0.0,0.0,0.0,0.0,36.9,0.0
1207,38.85,0.0,8.13,0.0,0.0,0.0,30.71,0.0
1208,40.72,0.0,15.01,0.0,0.0,0.0,25.71,0.0
1209,42.45,0.0,21.76,0.0,0.0,0.0,20.69,0.0
1210,43.97,0.0,29.55,0.0,0.0,0.0,14.42,0.0
1211,45.21,0.0,30.65,0.0,0.0,0.0,14.56,0.0
1212,46.13,0.0,33.27,0.0,0.0,0.0,12.87,0.0
1213,46.7,0.0,31.79,0.0,0.0,0.0,14.92,0.0
1214,46.9,0.0,27.31,0.0,0.0,0.0,19.58,0.0
1215,46.7,0.0,22.25,0.0,0.0,0.0,24.45,0.0
1216,46.13,0.0,16.48,6.9,0.0,0.0,36.56,0.0
1217,45.21,0.0,8.6,2.84,0.0,0.5872,39.45,0.0
1218,43.97,0.0,0.0,0.0,4.52,0.829,39.45,0.0
1219,42.45,0.0,0.0,0.0,3.0,0.403,39.45,0.0
1220,40.72,0.0,0.0,0.0,1.27,0.12,39.45,0.0
1221,38.85,0.0,0.0,0.0,0.0,0.0,38.85,0.0
1222,36.9,0.0,0.0,0.0,0.0,0.0,36.9,0.0
1223,36.9,0.0,0.0,0.0,0.0,0.0,36.9,0.0
1224,36.92,0.0,0.0,0.0,0.0,0.0,36.92,0.0
1225,36.92,0.0,0.0,0.0,0.0,0.0,36.92,0.0
1226,36.92,0.0,0.0,0.0,0.0,0.0,36.92,0.0
1227,36.92,0.0,0.0,0.0,0.0,0.0,36.92,0.0
1228,36.92,0.0,0.0,0.0,0.0,0.0,36.92,0.0
1229,36.92,0.0,0.0,0.0,0.0,0.0,36.92,0.0
1230,36.92,0.0,0.0,0.0,0.0,0.0,36.92,0.0
1231,38.87,0.0,8.06,0.0,0.0,0.0,30.81,0.0
1232,40.75,0.0,15.41,0.0,0.0,0.0,25.34,0.0
1233,42.48,0.0,21.88,0.0,0.0,0.0,20.6,0.0
1234,43.99,0.0,27.46,0.0,0.0,0.0,16.53,0.0
1235,45.24,0.0,30.75,8.57,0.0,0.0,23.06,0.0
1236,46.16,0.0,34.2,0.0,0.0,0.7296,11.97,0.0
1237,46.73,0.0,31.63,0.0,0.0,0.7296,15.1,0.0
1238,46.92,0.0,29.17,0.0,0.0,0.7296,17.76,0.0
1239,46.73,0.0,23.64,0.0,0.0,0.7296,23.09,0.0
1240,46.16,0.0,15.09,0.0,0.0,0.7296,31.07,0.0
1241,45.24,0.0,7.05,1.26,0.0,0.7296,39.45,0.0
1242,43.99,0.0,0.0,0.0,4.54,0.8369,39.45,0.0
1243,42.48,0.0,0.0,0.0,3.03,0.4083,39.45,0.0
1244,40.75,0.0,0.0,0.0,1.3,0.1226,39.45,0.0
1245,38.87,0.0,0.0,0.0,0.0,0.0,38.87,0.0
1246,36.92,0.0,0.0,0.0,0.0,0.0,36.92,0.0
1247,36.92,0.0,0.0,0.0,0.0,0.0,36.92,0.0
1248,36.95,0.0,0.0,0.0,0.0,0.0,36.95,0.0
1249,36.95,0.0,0.0,0.0,0.0,0.0,36.95,0.0
1250,36.95,0.0,0.0,0.0,0.0,0.0,36.95,0.0
1251,36.95,0.0,0.0,0.0,0.0,0.0,36.95,0.0
1252,36.95,0.0,0.0,0.0,0.0,0.0,36.95,0.0
1253,36.95,0.0,0.0,2.5,0.0,0.0,39.45,0.0
1254,36.95,0.0,0.0,2.5,0.0,0.2129,39.45,0.0
1255,38.9,0.0,7.46,0.0,0.0,0.4257,31.44,0.0
1256,40.78,0.0,16.91,0.0,0.0,0.4257,23.87,0.0
1257,42.51,0.0,23.77,4.92,0.0,0.4257,23.66,0.0
1258,44.02,0.0,27.52,0.0,0.0,0.8446,16.51,0.0
1259,45.27,0.0,32.72,0.0,0.0,0.8446,12.54,0.0
1260,46.19,0.0,32.57,0.0,0.0,0.8446,13.62,0.0
1261,46.76,0.0,31.8,0.0,0.0,0.8446,14.96,0.0
1262,46.95,0.0,28.81,0.0,0.0,0.8446,18.14,0.0
1263,46.76,0.0,22.9,0.0,0.0,0.8446,23.86,0.0
1264,46.19,0.0,16.89,0.0,0.0,0.8446,29.3,0.0
1265,45.27,0.0,7.73,0.0,0.0,0.8446,37.53,0.0
1266,44.02,0.0,0.0,0.0,4.57,0.8446,39.45,0.0
1267,42.51,0.0,0.0,0.0,3.06,0.4134,39.45,0.0
1268,40.78,0.0,0.0,0.0,1.33,0.1252,39.45,0.0
1269,38.9,0.0,0.0,0.0,0.0,0.0,38.9,0.0
1270,36.95,0.0,0.0,0.0,0.0,0.0,36.95,0.0
1271,36.95,0.0,0.0,0.0,0.0,0.0,36.95,0.0
1272,36.98,0.0,0.0,0.0,0.0,0.0,36.98,0.0
1273,36.98,0.0,0.0,0.0,0.0,0.0,36.98,0.0
1274,36.98,0.0,0.0,0.0,0.0,0.0,36.98,0.0
1275,36.98,0.0,0.0,0.0,0.0,0.0,36.98,0.0
1276,36.98,0.0,0.0,0.0,0.0,0.0,36.98,0.0
1277,36.98,0.0,0.0,0.0,0.0,0.0,36.98,0.0
1278,36.98,0.0,0.0,0.0,0.0,0.0,36.98,0.0
1279,38.93,0.0,6.52,0.0,0.0,0.0,32.41,0.0
1280,40.8,0.0,16.59,0.0,0.0,0.0,24.22,0.0
1281,42.53,0.0,23.36,6.92,0.0,0.0,26.1,0.0
1282,44.05,0.0,28.63,0.0,0.0,0.5895,15.42,0.0
1283,45.29,0.0,33.03,0.0,0.0,0.5895,12.26,0.0
1284,46.22,0.0,33.41,0.0,0.0,0.5895,12.81,0.0
1285,46.79,0.0,32.73,0.0,0.0,0.5895,14.06,0.0
1286,46.98,0.0,27.91,0.0,0.0,0.5895,19.07,0.0
1287,46.79,0.0,23.61,0.0,0.0,0.5895,23.18,0.0
1288,46.22,0.0,17.09,0.0,0.0,0.5895,29.12,0.0
1289,45.29,0.0,8.93,3.08,0.0,0.5895,39.45,0.0
1290,44.05,0.0,0.0,0.0,4.6,0.8521,39.45,0.0
1291,42.53,0.0,0.0,0.0,3.08,0.4184,39.45,0.0
1292,40.8,0.0,0.0,0.0,1.35,0.1277,39.45,0.0
1293,38.93,0.0,0.0,0.0,0.0,0.0,38.93,0.0
1294,36.98,0.0,0.0,0.0,0.0,0.0,36.98,0.0
1295,36.98,0.0,0.0,0.0,0.0,0.0,36.98,0.0
1296,37.0,0.0,0.0,0.0,0.0,0.0,37.0,0.0
1297,37.0,0.0,0.0,0.0,0.0,0.0,37.0,0.0
1298,37.0,0.0,0.0,0.0,0.0,0.0,37.0,0.0
1299,37.0,0.0,0.0,0.0,0.0,0.0,37.0,0.0
1300,37.0,0.0,0.0,2.45,0.0,0.0,39.45,0.0
1301,37.0,0.0,0.0,0.0,0.0,0.2084,37.0,0.0
1302,37.0,0.0,0.0,0.0,0.0,0.2084,37.0,0.0
1303,38.95,0.0,8.55,7.65,0.0,0.2084,38.05,0.0
1304,40.83,0.0,16.83,0.0,0.0,0.8595,24.0,0.0
1305,42.56,0.0,22.86,0.0,0.0,0.8595,19.7,0.0
1306,44.07,0.0,28.14,0.0,0.0,0.8595,15.93,0.0
1307,45.32,0.0,31.23,0.0,0.0,0.8595,14.09,0.0
1308,46.24,0.0,33.98,0.0,0.0,0.8595,12.26,0.0
1309,46.81,0.0,32.21,0.0,0.0,0.8595,14.6,0.0
1310,47.0,0.0,29.72,0.0,0.0,0.8595,17.28,0.0
1311,46.81,0.0,23.5,0.0,0.0,0.8595,23.32,0.0
1312,46.24,0.0,16.73,0.0,0.0,0.8595,29.51,0.0
1313,45.32,0.0,8.14,0.0,0.0,0.8595,37.18,0.0
1314,44.07,0.0,0.0,0.0,4.62,0.8595,39.45,0.0
1315,42.56,0.0,0.0,0.0,3.11,0.4233,39.45,0.0
1316,40.83,0.0,0.0,0.0,1.38,0.1301,39.45,0.0
1317,38.95,0.0,0.0,0.0,0.0,0.0,38.95,0.0
1318,37.0,0.0,0.0,0.0,0.0,0.0,37.0,0.0
1319,37.0,0.0,0.0,0.0,0.0,0.0,37.0,0.0
1320,37.03,0.0,0.0,0.0,0.0,0.0,37.03,0.0
1321,37.03,0.0,0.0,0.0,0.0,0.0,37.03,0.0
1322,37.03,0.0,0.0,0.0,0.0,0.0,37.03,0.0
1323,37.03,0.0,0.0,0.0,0.0,0.0,37.03,0.0
1324,37.03,0.0,0.0,0.0,0.0,0.0,37.03,0.0
1325,37.03,0.0,0.0,0.0,0.0,0.0,37.03,0.0
1326,37.03,0.0,0.0,0.0,0.0,0.0,37.03,0.0
1327,38.98,0.0,8.13,0.0,0.0,0.0,30.85,0.0
1328,40.86,0.0,15.14,0.0,0.0,0.0,25.71,0.0
1329,42.58,0.0,24.06,0.0,0.0,0.0,18.52,0.0
1330,44.1,0.0,30.16,0.0,0.0,0.0,13.94,0.0
1331,45.34,0.0,31.72,10.18,0.0,0.0,23.8,0.0
1332,46.27,0.0,32.82,0.0,0.0,0.8667,13.45,0.0
1333,46.84,0.0,32.39,0.0,0.0,0.8667,14.45,0.0
1334,47.03,0.0,28.04,0.0,0.0,0.8667,18.99,0.0
1335,46.84,0.0,24.23,0.0,0.0,0.8667,22.61,0.0
1336,46.27,0.0,16.77,0.0,0.0,0.8667,29.49,0.0
1337,45.34,0.0,8.98,0.0,0.0,0.8667,36.36,0.0
1338,44.1,0.0,0.0,0.0,4.65,0.8667,39.45,0.0
1339,42.58,0.0,0.0,0.0,3.13,0.4281,39.45,0.0
1340,40.86,0.0,0.0,0.0,1.4,0.1325,39.45,0.0
1341,38.98,0.0,0.0,0.0,0.0,0.0,38.98,0.0
1342,37.03,0.0,0.0,0.0,0.0,0.0,37.03,0.0
1343,37.03,0.0,0.0,0.0,0.0,0.0,37.03,0.0
1344,37.05,0.0,0.0,0.0,0.0,0.0,37.05,0.0
1345,37.05,0.0,0.0,0.0,0.0,0.0,37.05,0.0
1346,37.05,0.0,0.0,0.0,0.0,0.0,37.05,0.0
1347,37.05,0.0,0.0,0.0,0.0,0.0,37.05,0.0
1348,37.05,0.0,0.0,0.0,0.0,0.0,37.05,0.0
1349,37.05,0.0,0.0,0.0,0.0,0.0,37.05,0.0
1350,37.05,0.0,0.0,0.0,0.0,0.0,37.05,0.0
1351,39.0,0.0,7.3,0.0,0.0,0.0,31.7,0.0
1352,40.88,0.0,15.6,9.39,0.0,0.0,34.67,0.0
1353,42.61,0.0,22.9,0.0,0.0,0.7991,19.71,0.0
1354,44.12,0.0,28.01,0.0,0.0,0.7991,16.11,0.0
1355,45.37,0.0,31.86,0.0,0.0,0.7991,13.51,0.0
1356,46.29,0.0,34.38,0.0,0.0,0.7991,11.91,0.0
1357,46.86,0.0,33.28,0.0,0.0,0.7991,13.58,0.0
1358,47.05,0.0,29.75,0.0,0.0,0.7991,17.3,0.0
1359,46.86,0.0,24.26,0.0,0.0,0.7991,22.61,0.0
1360,46.29,0.0,17.01,0.0,0.0,0.7991,29.28,0.0
1361,45.37,0.0,6.79,0.88,0.0,0.7991,39.45,0.0
1362,44.12,0.0,0.0,0.0,4.67,0.8737,39.45,0.0
1363,42.61,0.0,0.0,0.0,3.16,0.4328,39.45,0.0
1364,40.88,0.0,0.0,0.0,1.43,0.1349,39.45,0.0
1365,39.0,0.0,0.0,0.0,0.0,0.0,39.0,0.0
1366,37.05,0.0,0.0,0.0,0.0,0.0,37.05,0.0
1367,37.05,0.0,0.0,0.0,0.0,0.0,37.05,0.0
1368,37.08,0.0,0.0,0.0,0.0,0.0,37.08,0.0
1369,37.08,0.0,0.0,0.0,0.0,0.0,37.08,0.0
1370,37.08,0.0,0.0,0.0,0.0,0.0,37.08,0.0
1371,37.08,0.0,0.0,0.0,0.0,0.0,37.08,0.0
1372,37.08,0.0,0.0,0.0,0.0,0.0,37.08,0.0
1373,37.08,0.0,0.0,2.37,0.0,0.0,39.45,0.0
1374,37.08,0.0,0.0,0.0,0.0,0.202,37.08,0.0
1375,39.03,0.0,8.89,0.0,0.0,0.202,30.14,0.0
1376,40.9,0.0,16.16,0.0,0.0,0.202,24.75,0.0
1377,42.63,0.0,24.57,7.97,0.0,0.202,26.04,0.0
1378,44.15,0.0,28.37,0.0,0.0,0.8806,15.78,0.0
1379,45.39,0.0,32.35,0.0,0.0,0.8806,13.04,0.0
1380,46.32,0.0,32.9,0.0,0.0,0.8806,13.42,0.0
1381,46.89,0.0,33.64,0.0,0.0,0.8806,13.25,0.0
1382,47.08,0.0,29.37,0.0,0.0,0.8806,17.71,0.0
1383,46.89,0.0,23.56,0.0,0.0,0.8806,23.33,0.0
1384,46.32,0.0,17.33,0.0,0.0,0.8806,28.99,0.0
1385,45.39,0.0,7.46,0.0,0.0,0.8806,37.93,0.0
1386,44.15,0.0,0.0,0.0,4.7,0.8806,39.45,0.0
1387,42.63,0.0,0.0,0.0,3.18,0.4374,39.45,0.0
1388,40.9,0.0,0.0,0.0,1.45,0.1372,39.45,0.0
1389,39.03,0.0,0.0,0.0,0.0,0.0,39.03,0.0
1390,37.08,0.0,0.0,0.0,0.0,0.0,37.08,0.0
1391,37.08,0.0,0.0,0.0,0.0,0.0,37.08,0.0
1392,37.1,0.0,0.0,0.0,0.0,0.0,37.1,0.0
1393,37.1,0.0,0.0,0.0,0.0,0.0,37.1,0.0
1394,37.1,0.0,0.0,0.0,0.0,0.0,37.1,0.0
1395,37.1,0.0,0.0,0.0,0.0,0.0,37.1,0.0
1396,37.1,0.0,0.0,0.0,0.0,0.0,37.1,0.0
1397,37.1,0.0,0.0,0.0,0.0,0.0,37.1,0.0
1398,37.1,0.0,0.0,0.0,0.0,0.0,37.1,0.0
1399,39.05,0.0,7.12,0.0,0.0,0.0,31.93,0.0
1400,40.93,0.0,15.44,0.0,0.0,0.0,25.48,0.0
1401,42.66,0.0,22.75,0.0,0.0,0.0,19.91,0.0
1402,44.17,0.0,30.08,10.42,0.0,0.0,24.52,0.0
1403,45.42,0.0,31.86,0.0,0.0,0.8872,13.56,0.0
1404,46.34,0.0,35.23,0.0,0.0,0.8872,11.11,0.0
1405,46.91,0.0,32.0,0.0,0.0,0.8872,14.91,0.0
1406,47.1,0.0,29.5,0.0,0.0,0.8872,17.6,0.0
1407,46.91,0.0,22.97,0.0,0.0,0.8872,23.94,0.0
1408,46.34,0.0,17.01,0.0,0.0,0.8872,29.33,0.0
1409,45.42,0.0,7.31,0.0,0.0,0.8872,38.11,0.0
1410,44.17,0.0,0.0,0.0,4.72,0.8872,39.45,0.0
1411,42.66,0.0,0.0,0.0,3.21,0.4418,39.45,0.0
1412,40.93,0.0,0.0,0.0,1.48,0.1394,39.45,0.0
1413,39.05,0.0,0.0,0.0,0.0,0.0,39.05,0.0
1414,37.1,0.0,0.0,0.0,0.0,0.0,37.1,0.0
1415,37.1,0.0,0.0,0.0,0.0,0.0,37.1,0.0
1416,37.12,0.0,0.0,0.0,0.0,0.0,37.12,0.0
1417,37.12,0.0,0.0,0.0,0.0,0.0,37.12,0.0
1418,37.12,0.0,0.0,0.0,0.0,0.0,37.12,0.0
1419,37.12,0.0,0.0,0.0,0.0,0.0,37.12,0.0
1420,37.12,0.0,0.0,0.0,0.0,0.0,37.12,0.0
1421,37.12,0.0,0.0,0.0,0.0,0.0,37.12,0.0
1422,37.12,0.0,0.0,0.0,0.0,0.0,37.12,0.0
1423,39.08,0.0,7.17,0.0,0.0,0.0,31.91,0.0
1424,40.95,0.0,15.95,10.5,0.0,0.0,35.49,0.0
1425,42.68,0.0,25.01,0.0,0.0,0.8938,17.67,0.0
1426,44.2,0.0,28.79,0.0,0.0,0.8938,15.41,0.0
1427,45.44,0.0,32.19,0.0,0.0,0.8938,13.25,0.0
1428,46.36,0.0,34.25,0.0,0.0,0.8938,12.11,0.0
1429,46.93,0.0,33.37,0.0,0.0,0.8938,13.56,0.0
1430,47.12,0.0,30.54,0.0,0.0,0.8938,16.58,0.0
1431,46.93,0.0,23.09,0.0,0.0,0.8938,23.84,0.0
1432,46.36,0.0,17.74,0.0,0.0,0.8938,28.62,0.0
1433,45.44,0.0,8.35,0.0,0.0,0.8938,37.09,0.0
1434,44.2,0.0,0.0,0.0,4.74,0.8938,39.45,0.0
1435,42.68,0.0,0.0,0.0,3.23,0.4462,39.45,0.0
1436,40.95,0.0,0.0,0.0,1.5,0.1416,39.45,0.0
1437,39.08,0.0,0.0,0.0,0.0,0.0,39.08,0.0
1438,37.12,0.0,0.0,0.0,0.0,0.0,37.12,0.0
1439,37.12,0.0,0.0,0.0,0.0,0.0,37.12,0.0
1440,37.15,0.0,0.0,0.0,0.0,0.0,37.15,0.0
1441,37.15,0.0,0.0,0.0,0.0,0.0,37.15,0.0
1442,37.15,0.0,0.0,0.0,0.0,0.0,37.15,0.0
1443,37.15,0.0,0.0,0.0,0.0,0.0,37.15,0.0
1444,37.15,0.0,0.0,0.0,0.0,0.0,37.15,0.0
1445,37.15,0.0,0.0,0.0,0.0,0.0,37.15,0.0
1446,37.15,0.0,0.0,0.0,0.0,0.0,37.15,0.0
1447,39.1,0.0,7.71,0.0,0.0,0.0,31.39,0.0
1448,40.97,0.0,16.17,0.0,0.0,0.0,24.8,0.0
1449,42.7,0.0,23.04,0.0,0.0,0.0,19.66,0.0
1450,44.22,0.0,30.75,10.57,0.0,0.0,24.04,0.0
1451,45.46,0.0,33.96,0.0,0.0,0.9001,11.5,0.0
1452,46.39,0.0,33.9,0.0,0.0,0.9001,12.49,0.0
1453,46.95,0.0,33.45,0.0,0.0,0.9001,13.5,0.0
1454,47.15,0.0,29.3,0.0,0.0,0.9001,17.85,0.0
1455,46.95,0.0,23.03,0.0,0.0,0.9001,23.93,0.0
1456,46.39,0.0,16.04,0.0,0.0,0.9001,30.35,0.0
1457,45.46,0.0,6.96,0.0,0.0,0.9001,38.5,0.0
1458,44.22,0.0,0.0,0.0,4.77,0.9001,39.45,0.0
1459,42.7,0.0,0.0,0.0,3.25,0.4504,39.45,0.0
1460,40.97,0.0,0.0,0.0,1.52,0.1437,39.45,0.0
1461,39.1,0.0,0.0,0.0,0.0,0.0,39.1,0.0
1462,37.15,0.0,0.0,0.0,0.0,0.0,37.15,0.0
1463,37.15,0.0,0.0,0.0,0.0,0.0,37.15,0.0
1464,37.17,0.0,0.0,0.0,0.0,0.0,37.17,0.0
1465,37.17,0.0,0.0,0.0,0.0,0.0,37.17,0.0
1466,37.17,0.0,0.0,0.0,0.0,0.0,37.17,0.0
1467,37.17,0.0,0.0,0.0,0.0,0.0,37.17,0.0
1468,37.17,0.0,0.0,2.28,0.0,0.0,39.45,0.0
1469,37.17,0.0,0.0,2.28,0.0,0.1943,39.45,0.0
1470,37.17,0.0,0.0,0.0,0.0,0.3886,37.17,0.0
1471,39.12,0.0,7.19,0.0,0.0,0.3886,31.93,0.0
1472,41.0,0.0,17.01,0.0,0.0,0.3886,23.99,0.0
1473,42.72,0.0,24.06,6.08,0.0,0.3886,24.75,0.0
1474,44.24,0.0,29.83,0.0,0.0,0.9062,14.41,0.0
1475,45.48,0.0,34.27,0.0,0.0,0.9062,11.21,0.0
1476,46.41,0.0,34.93,0.0,0.0,0.9062,11.48,0.0
1477,46.98,0.0,32.16,0.0,0.0,0.9062,14.81,0.0
1478,47.17,0.0,29.65,0.0,0.0,0.9062,17.52,0.0
1479,46.98,0.0,24.19,0.0,0.0,0.9062,22.78,0.0
1480,46.41,0.0,16.57,0.0,0.0,0.9062,29.84,0.0
1481,45.48,0.0,8.63,0.0,0.0,0.9062,36.85,0.0
1482,44.24,0.0,0.0,0.0,4.79,0.9062,39.45,0.0
1483,42.72,0.0,0.0,0.0,3.27,0.4545,39.45,0.0
1484,41.0,0.0,0.0,0.0,1.54,0.1457,39.45,0.0
1485,39.12,0.0,0.0,0.0,0.0,0.0,39.12,0.0
1486,37.17,0.0,0.0,0.0,0.0,0.0,37.17,0.0
1487,37.17,0.0,0.0,0.0,0.0,0.0,37.17,0.0
1488,37.19,0.0,0.0,0.0,0.0,0.0,37.19,0.0
1489,37.19,0.0,0.0,0.0,0.0,0.0,37.19,0.0
1490,37.19,0.0,0.0,0.0,0.0,0.0,37.19,0.0
1491,37.19,0.0,0.0,0.0,0.0,0.0,37.19,0.0
1492,37.19,0.0,0.0,2.26,0.0,0.0,39.45,0.0
1493,37.19,0.0,0.0,0.0,0.0,0.1925,37.19,0.0
1494,37.19,0.0,0.0,0.0,0.0,0.1925,37.19,0.0
1495,39.14,0.0,7.75,0.0,0.0,0.1925,31.39,0.0
1496,41.02,0.0,17.52,8.45,0.0,0.1925,31.95,0.0
1497,42.75,0.0,25.12,0.0,0.0,0.9122,17.63,0.0
1498,44.26,0.0,28.87,0.0,0.0,0.9122,15.39,0.0
1499,45.5,0.0,33.89,0.0,0.0,0.9122,11.62,0.0
1500,46.43,0.0,34.86,0.0,0.0,0.9122,11.57,0.0
1501,47.0,0.0,34.52,0.0,0.0,0.9122,12.48,0.0
1502,47.19,0.0,28.94,0.0,0.0,0.9122,18.25,0.0
1503,47.0,0.0,23.81,0.0,0.0,0.9122,23.18,0.0
1504,46.43,0.0,16.75,0.0,0.0,0.9122,29.68,0.0
1505,45.5,0.0,8.26,0.0,0.0,0.9122,37.24,0.0
1506,44.26,0.0,0.0,0.0,4.81,0.9122,39.45,0.0
1507,42.75,0.0,0.0,0.0,3.29,0.4585,39.45,0.0
1508,41.02,0.0,0.0,0.0,1.57,0.1477,39.45,0.0
1509,39.14,0.0,0.0,0.0,0.0,0.0,39.14,0.0
1510,37.19,0.0,0.0,0.0,0.0,0.0,37.19,0.0
1511,37.19,0.0,0.0,0.0,0.0,0.0,37.19,0.0
1512,37.21,0.0,0.0,0.0,0.0,0.0,37.21,0.0
1513,37.21,0.0,0.0,0.0,0.0,0.0,37.21,0.0
1514,37.21,0.0,0.0,0.0,0.0,0.0,37.21,0.0
1515,37.21,0.0,0.0,0.0,0.0,0.0,37.21,0.0
1516,37.21,0.0,0.0,0.0,0.0,0.0,37.21,0.0
1517,37.21,0.0,0.0,0.0,0.0,0.0,37.21,0.0
1518,37.21,0.0,0.0,0.0,0.0,0.0,37.21,0.0
1519,39.16,0.0,7.64,0.0,0.0,0.0,31.52,0.0
1520,41.04,0.0,17.11,10.78,0.0,0.0,34.71,0.0
1521,42.77,0.0,24.9,0.0,0.0,0.918,17.87,0.0
1522,44.28,0.0,28.97,0.0,0.0,0.918,15.31,0.0
1523,45.52,0.0,34.8,0.0,0.0,0.918,10.73,0.0
1524,46.45,0.0,34.63,0.0,0.0,0.918,11.82,0.0
1525,47.02,0.0,32.85,0.0,0.0,0.918,14.17,0.0
1526,47.21,0.0,30.63,0.0,0.0,0.918,16.58,0.0
1527,47.02,0.0,23.17,0.0,0.0,0.918,23.85,0.0
1528,46.45,0.0,15.91,0.0,0.0,0.918,30.54,0.0
1529,45.52,0.0,8.87,0.0,0.0,0.918,36.66,0.0
1530,44.28,0.0,0.0,0.0,4.83,0.918,39.45,0.0
1531,42.77,0.0,0.0,0.0,3.31,0.4623,39.45,0.0
1532,41.04,0.0,0.0,0.0,1.59,0.1496,39.45,0.0
1533,39.16,0.0,0.0,0.0,0.0,0.0,39.16,0.0
1534,37.21,0.0,0.0,0.0,0.0,0.0,37.21,0.0
1535,37.21,0.0,0.0,0.0,0.0,0.0,37.21,0.0
1536,37.23,0.0,0.0,0.0,0.0,0.0,37.23,0.0
1537,37.23,0.0,0.0,0.0,0.0,0.0,37.23,0.0
1538,37.23,0.0,0.0,0.0,0.0,0.0,37.23,0.0
1539,37.23,0.0,0.0,0.0,0.0,0.0,37.23,0.0
1540,37.23,0.0,0.0,2.22,0.0,0.0,39.45,0.0
1541,37.23,0.0,0.0,0.0,0.0,0.1891,37.23,0.0
1542,37.23,0.0,0.0,0.0,0.0,0.1891,37.23,0.0
1543,39.18,0.0,7.29,0.0,0.0,0.1891,31.89,0.0
1544,41.06,0.0,17.44,0.0,0.0,0.1891,23.62,0.0
1545,42.79,0.0,24.82,5.77,0.0,0.1891,23.74,0.0
1546,44.3,0.0,29.52,0.0,0.0,0.6807,14.78,0.0
1547,45.54,0.0,34.73,0.0,0.0,0.6807,10.82,0.0
1548,46.47,0.0,36.15,0.0,0.0,0.6807,10.32,0.0
1549,47.04,0.0,34.12,0.0,0.0,0.6807,12.92,0.0
1550,47.23,0.0,31.12,0.0,0.0,0.6807,16.11,0.0
1551,47.04,0.0,25.47,0.0,0.0,0.6807,21.57,0.0
1552,46.47,0.0,16.72,0.0,0.0,0.6807,29.75,0.0
1553,45.54,0.0,8.95,2.85,0.0,0.6807,39.45,0.0
1554,44.3,0.0,0.0,0.0,4.85,0.9236,39.45,0.0
1555,42.79,0.0,0.0,0.0,3.33,0.4661,39.45,0.0
1556,41.06,0.0,0.0,0.0,1.61,0.1515,39.45,0.0
1557,39.18,0.0,0.0,0.0,0.0,0.0,39.18,0.0
1558,37.23,0.0,0.0,0.0,0.0,0.0,37.23,0.0
1559,37.23,0.0,0.0,0.0,0.0,0.0,37.23,0.0
1560,37.25,0.0,0.0,0.0,0.0,0.0,37.25,0.0
1561,37.25,0.0,0.0,0.0,0.0,0.0,37.25,0.0
1562,37.25,0.0,0.0,0.0,0.0,0.0,37.25,0.0
1563,37.25,0.0,0.0,0.0,0.0,0.0,37.25,0.0
1564,37.25,0.0,0.0,0.0,0.0,0.0,37.25,0.0
1565,37.25,0.0,0.0,0.0,0.0,0.0,37.25,0.0
1566,37.25,0.0,0.0,0.0,0.0,0.0,37.25,0.0
1567,39.2,0.0,8.99,0.0,0.0,0.0,30.21,0.0
1568,41.08,0.0,17.07,0.0,0.0,0.0,24.01,0.0
1569,42.8,0.0,24.11,9.68,0.0,0.0,28.38,0.0
1570,44.32,0.0,29.78,0.0,0.0,0.8241,14.54,0.0
1571,45.56,0.0,33.67,0.0,0.0,0.8241,11.9,0.0
1572,46.49,0.0,35.98,0.0,0.0,0.8241,10.5,0.0
1573,47.06,0.0,33.1,0.0,0.0,0.8241,13.95,0.0
1574,47.25,0.0,30.87,0.0,0.0,0.8241,16.38,0.0
1575,47.06,0.0,24.88,0.0,0.0,0.8241,22.18,0.0
1576,46.49,0.0,16.87,0.0,0.0,0.8241,29.62,0.0
1577,45.56,0.0,7.34,1.23,0.0,0.8241,39.45,0.0
1578,44.32,0.0,0.0,0.0,4.87,0.929,39.45,0.0
1579,42.8,0.0,0.0,0.0,3.35,0.4697,39.45,0.0
1580,41.08,0.0,0.0,0.0,1.63,0.1533,39.45,0.0
1581,39.2,0.0,0.0,0.0,0.0,0.0,39.2,0.0
1582,37.25,0.0,0.0,0.0,0.0,0.0,37.25,0.0
1583,37.25,0.0,0.0,0.0,0.0,0.0,37.25,0.0
1584,37.27,0.0,0.0,0.0,0.0,0.0,37.27,0.0
1585,37.27,0.0,0.0,0.0,0.0,0.0,37.27,0.0
1586,37.27,0.0,0.0,0.0,0.0,0.0,37.27,0.0
1587,37.27,0.0,0.0,0.0,0.0,0.0,37.27,0.0
1588,37.27,0.0,0.0,0.0,0.0,0.0,37.27,0.0
1589,37.27,0.0,0.0,0.0,0.0,0.0,37.27,0.0
1590,37.27,0.0,0.0,0.0,0.0,0.0,37.27,0.0
1591,39.22,0.0,7.72,0.0,0.0,0.0,31.5,0.0
1592,41.09,0.0,16.8,0.0,0.0,0.0,24.3,0.0
1593,42.82,0.0,23.77,0.0,0.0,0.0,19.05,0.0
1594,44.34,0.0,30.92,0.0,0.0,0.0,13.42,0.0
1595,45.58,0.0,33.75,0.0,0.0,0.0,11.83,0.0
1596,46.51,0.0,35.48,0.0,0.0,0.0,11.02,0.0
1597,47.08,0.0,35.07,0.0,0.0,0.0,12.0,0.0
1598,47.27,0.0,30.4,0.0,0.0,0.0,16.87,0.0
1599,47.08,0.0,24.36,10.97,0.0,0.0,33.69,0.0
1600,46.51,0.0,17.16,0.0,0.0,0.9342,29.35,0.0
1601,45.58,0.0,9.17,0.0,0.0,0.9342,36.41,0.0
1602,44.34,0.0,0.0,0.0,4.89,0.9342,39.45,0.0
1603,42.82,0.0,0.0,0.0,3.37,0.4732,39.45,0.0
1604,41.09,0.0,0.0,0.0,1.64,0.155,39.45,0.0
1605,39.22,0.0,0.0,0.0,0.0,0.0,39.22,0.0
1606,37.27,0.0,0.0,0.0,0.0,0.0,37.27,0.0
1607,37.27,0.0,0.0,0.0,0.0,0.0,37.27,0.0
1608,37.29,0.0,0.0,0.0,0.0,0.0,37.29,0.0
1609,37.29,0.0,0.0,0.0,0.0,0.0,37.29,0.0
1610,37.29,0.0,0.0,0.0,0.0,0.0,37.29,0.0
1611,37.29,0.0,0.0,0.0,0.0,0.0,37.29,0.0
1612,37.29,0.0,0.0,0.0,0.0,0.0,37.29,0.0
1613,37.29,0.0,0.0,0.0,0.0,0.0,37.29,0.0
1614,37.29,0.0,0.0,0.0,0.0,0.0,37.29,0.0
1615,39.24,0.0,8.9,0.0,0.0,0.0,30.34,0.0
1616,41.11,0.0,16.62,11.03,0.0,0.0,35.53,0.0
1617,42.84,0.0,25.63,0.0,0.0,0.9393,17.21,0.0
1618,44.36,0.0,30.17,0.0,0.0,0.9393,14.19,0.0
1619,45.6,0.0,33.75,0.0,0.0,0.9393,11.85,0.0
1620,46.52,0.0,35.67,0.0,0.0,0.9393,10.86,0.0
1621,47.09,0.0,35.24,0.0,0.0,0.9393,11.85,0.0
1622,47.29,0.0,30.11,0.0,0.0,0.9393,17.18,0.0
1623,47.09,0.0,23.79,0.0,0.0,0.9393,23.31,0.0
1624,46.52,0.0,17.5,0.0,0.0,0.9393,29.02,0.0
1625,45.6,0.0,7.67,0.0,0.0,0.9393,37.93,0.0
1626,44.36,0.0,0.0,0.0,4.91,0.9393,39.45,0.0
1627,42.84,0.0,0.0,0.0,3.39,0.4765,39.45,0.0
1628,41.11,0.0,0.0,0.0,1.66,0.1567,39.45,0.0
1629,39.24,0.0,0.0,0.0,0.0,0.0,39.24,0.0
1630,37.29,0.0,0.0,0.0,0.0,0.0,37.29,0.0
1631,37.29,0.0,0.0,0.0,0.0,0.0,37.29,0.0
1632,37.3,0.0,0.0,0.0,0.0,0.0,37.3,0.0
1633,37.3,0.0,0.0,0.0,0.0,0.0,37.3,0.0
1634,37.3,0.0,0.0,0.0,0.0,0.0,37.3,0.0
1635,37.3,0.0,0.0,0.0,0.0,0.0,37.3,0.0
1636,37.3,0.0,0.0,0.0,0.0,0.0,37.3,0.0
1637,37.3,0.0,0.0,0.0,0.0,0.0,37.3,0.0
1638,37.3,0.0,0.0,0.0,0.0,0.0,37.3,0.0
1639,39.25,0.0,7.51,0.0,0.0,0.0,31.75,0.0
1640,41.13,0.0,17.89,11.09,0.0,0.0,34.33,0.0
1641,42.86,0.0,24.84,0.0,0.0,0.9441,18.02,0.0
1642,44.37,0.0,29.98,0.0,0.0,0.9441,14.39,0.0
1643,45.62,0.0,35.37,0.0,0.0,0.9441,10.25,0.0
1644,46.54,0.0,35.5,0.0,0.0,0.9441,11.04,0.0
1645,47.11,0.0,33.65,0.0,0.0,0.9441,13.46,0.0
1646,47.3,0.0,30.14,0.0,0.0,0.9441,17.16,0.0
1647,47.11,0.0,23.97,0.0,0.0,0.9441,23.14,0.0
1648,46.54,0.0,18.39,0.0,0.0,0.9441,28.15,0.0
1649,45.62,0.0,7.88,0.0,0.0,0.9441,37.74,0.0
1650,44.37,0.0,0.0,0.0,4.92,0.9441,39.45,0.0
1651,42.86,0.0,0.0,0.0,3.41,0.4797,39.45,0.0
1652,41.13,0.0,0.0,0.0,1.68,0.1583,39.45,0.0
1653,39.25,0.0,0.0,0.0,0.0,0.0,39.25,0.0
1654,37.3,0.0,0.0,0.0,0.0,0.0,37.3,0.0
1655,37.3,0.0,0.0,0.0,0.0,0.0,37.3,0.0
1656,37.32,0.0,0.0,0.0,0.0,0.0,37.32,0.0
1657,37.32,0.0,0.0,0.0,0.0,0.0,37.32,0.0
1658,37.32,0.0,0.0,0.0,0.0,0.0,37.32,0.0
1659,37.32,0.0,0.0,0.0,0.0,0.0,37.32,0.0
1660,37.32,0.0,0.0,0.0,0.0,0.0,37.32,0.0
1661,37.32,0.0,0.0,0.0,0.0,0.0,37.32,0.0
1662,37.32,0.0,0.0,0.0,0.0,0.0,37.32,0.0
1663,39.27,0.0,9.46,0.0,0.0,0.0,29.81,0.0
1664,41.15,0.0,16.19,0.0,0.0,0.0,24.95,0.0
1665,42.87,0.0,25.95,0.0,0.0,0.0,16.92,0.0
1666,44.39,0.0,29.99,0.0,0.0,0.0,14.4,0.0
1667,45.63,0.0,34.53,0.0,0.0,0.0,11.1,0.0
1668,46.56,0.0,35.75,0.0,0.0,0.0,10.81,0.0
1669,47.13,0.0,33.46,0.0,0.0,0.0,13.67,0.0
1670,47.32,0.0,29.82,11.14,0.0,0.0,28.64,0.0
1671,47.13,0.0,24.3,0.0,0.0,0.9487,22.83,0.0
1672,46.56,0.0,16.97,0.0,0.0,0.9487,29.59,0.0
1673,45.63,0.0,7.96,0.0,0.0,0.9487,37.68,0.0
1674,44.39,0.0,0.0,0.0,4.94,0.9487,39.45,0.0
1675,42.87,0.0,0.0,0.0,3.42,0.4828,39.45,0.0
1676,41.15,0.0,0.0,0.0,1.69,0.1599,39.45,0.0
1677,39.27,0.0,0.0,0.0,0.0,0.0,39.27,0.0
1678,37.32,0.0,0.0,0.0,0.0,0.0,37.32,0.0
1679,37.32,0.0,0.0,0.0,0.0,0.0,37.32,0.0
1680,37.33,0.0,0.0,0.0,0.0,0.0,37.33,0.0
1681,37.33,0.0,0.0,0.0,0.0,0.0,37.33,0.0
1682,37.33,0.0,0.0,0.0,0.0,0.0,37.33,0.0
1683,37.33,0.0,0.0,0.0,0.0,0.0,37.33,0.0
1684,37.33,0.0,0.0,0.0,0.0,0.0,37.33,0.0
1685,37.33,0.0,0.0,0.0,0.0,0.0,37.33,0.0
1686,37.33,0.0,0.0,0.0,0.0,0.0,37.33,0.0
1687,39.29,0.0,7.66,7.82,0.0,0.0,39.45,0.0
1688,41.16,0.0,18.57,0.0,0.0,0.666,22.59,0.0
1689,42.89,0.0,24.13,3.37,0.0,0.666,22.13,0.0
1690,44.41,0.0,31.46,0.0,0.0,0.9532,12.95,0.0
1691,45.65,0.0,33.74,0.0,0.0,0.9532,11.91,0.0
1692,46.57,0.0,37.12,0.0,0.0,0.9532,9.45,0.0
1693,47.14,0.0,35.25,0.0,0.0,0.9532,11.9,0.0
1694,47.33,0.0,30.84,0.0,0.0,0.9532,16.5,0.0
1695,47.14,0.0,24.08,0.0,0.0,0.9532,23.07,0.0
1696,46.57,0.0,18.42,0.0,0.0,0.9532,28.15,0.0
1697,45.65,0.0,7.68,0.0,0.0,0.9532,37.97,0.0
1698,44.41,0.0,0.0,0.0,4.95,0.9532,39.45,0.0
1699,42.89,0.0,0.0,0.0,3.44,0.4858,39.45,0.0
1700,41.16,0.0,0.0,0.0,1.71,0.1614,39.45,0.0
1701,39.29,0.0,0.0,0.0,0.0,0.0,39.29,0.0
1702,37.33,0.0,0.0,0.0,0.0,0.0,37.33,0.0
1703,37.33,0.0,0.0,0.0,0.0,0.0,37.33,0.0
1704,37.35,0.0,0.0,0.0,0.0,0.0,37.35,0.0
1705,37.35,0.0,0.0,0.0,0.0,0.0,37.35,0.0
1706,37.35,0.0,0.0,0.0,0.0,0.0,37.35,0.0
1707,37.35,0.0,0.0,0.0,0.0,0.0,37.35,0.0
1708,37.35,0.0,0.0,0.0,0.0,0.0,37.35,0.0
1709,37.35,0.0,0.0,0.0,0.0,0.0,37.35,0.0
1710,37.35,0.0,0.0,0.0,0.0,0.0,37.35,0.0
1711,39.3,0.0,7.38,0.0,0.0,0.0,31.92,0.0
1712,41.18,0.0,16.85,0.0,0.0,0.0,24.33,0.0
1713,42.91,0.0,26.06,0.0,0.0,0.0,16.85,0.0
1714,44.42,0.0,31.74,0.0,0.0,0.0,12.69,0.0
1715,45.66,0.0,34.53,0.0,0.0,0.0,11.13,0.0
1716,46.59,0.0,36.69,0.0,0.0,0.0,9.9,0.0
1717,47.16,0.0,35.18,0.0,0.0,0.0,11.98,0.0
1718,47.35,0.0,31.8,0.0,0.0,0.0,15.55,0.0
1719,47.16,0.0,25.18,0.0,0.0,0.0,21.98,0.0
1720,46.59,0.0,16.61,9.47,0.0,0.0,39.45,0.0
1721,45.66,0.0,9.11,1.78,0.0,0.806,38.34,0.0
1722,44.42,0.0,0.0,0.0,4.97,0.9575,39.45,0.0
1723,42.91,0.0,0.0,0.0,3.45,0.4886,39.45,0.0
1724,41.18,0.0,0.0,0.0,1.73,0.1628,39.45,0.0
1725,39.3,0.0,0.0,0.0,0.0,0.0,39.3,0.0
1726,37.35,0.0,0.0,0.0,0.0,0.0,37.35,0.0
1727,37.35,0.0,0.0,0.0,0.0,0.0,37.35,0.0
1728,37.36,0.0,0.0,0.0,0.0,0.0,37.36,0.0
1729,37.36,0.0,0.0,0.0,0.0,0.0,37.36,0.0
1730,37.36,0.0,0.0,0.0,0.0,0.0,37.36,0.0
1731,37.36,0.0,0.0,0.0,0.0,0.0,37.36,0.0
1732,37.36,0.0,0.0,0.0,0.0,0.0,37.36,0.0
1733,37.36,0.0,0.0,0.0,0.0,0.0,37.36,0.0
1734,37.36,0.0,0.0,0.0,0.0,0.0,37.36,0.0
1735,39.31,0.0,9.45,0.0,0.0,0.0,29.86,0.0
1736,41.19,0.0,18.56,11.29,0.0,0.0,33.93,0.0
1737,42.92,0.0,24.45,0.0,0.0,0.9615,18.47,0.0
1738,44.44,0.0,31.37,0.0,0.0,0.9615,13.07,0.0
1739,45.68,0.0,34.69,0.0,0.0,0.9615,10.99,0.0
1740,46.6,0.0,36.66,0.0,0.0,0.9615,9.94,0.0
1741,47.17,0.0,34.43,0.0,0.0,0.9615,12.74,0.0
1742,47.36,0.0,30.56,0.0,0.0,0.9615,16.8,0.0
1743,47.17,0.0,24.42,0.0,0.0,0.9615,22.75,0.0
1744,46.6,0.0,17.24,0.0,0.0,0.9615,29.36,0.0
1745,45.68,0.0,7.56,0.0,0.0,0.9615,38.12,0.0
1746,44.44,0.0,0.0,0.0,4.98,0.9615,39.45,0.0
1747,42.92,0.0,0.0,0.0,3.47,0.4914,39.45,0.0
1748,41.19,0.0,0.0,0.0,1.74,0.1641,39.45,0.0
1749,39.31,0.0,0.0,0.0,0.0,0.0,39.31,0.0
1750,37.36,0.0,0.0,0.0,0.0,0.0,37.36,0.0
1751,37.36,0.0,0.0,0.0,0.0,0.0,37.36,0.0
1752,37.38,0.0,0.0,0.0,0.0,0.0,37.38,0.0
1753,37.38,0.0,0.0,0.0,0.0,0.0,37.38,0.0
1754,37.38,0.0,0.0,0.0,0.0,0.0,37.38,0.0
1755,37.38,0.0,0.0,0.0,0.0,0.0,37.38,0.0
1756,37.38,0.0,0.0,2.07,0.0,0.0,39.45,0.0
1757,37.38,0.0,0.0,0.0,0.0,0.1765,37.38,0.0
1758,37.38,0.0,0.0,2.07,0.0,0.1765,39.45,0.0
1759,39.33,0.0,7.78,0.0,0.0,0.353,31.55,0.0
1760,41.2,0.0,18.59,0.0,0.0,0.353,22.62,0.0
1761,42.93,0.0,25.7,0.0,0.0,0.353,17.23,0.0
1762,44.45,0.0,32.21,0.0,0.0,0.353,12.24,0.0
1763,45.69,0.0,34.67,0.0,0.0,0.353,11.02,0.0
1764,46.62,0.0,36.79,0.0,0.0,0.353,9.83,0.0
1765,47.19,0.0,36.49,7.19,0.0,0.353,17.89,0.0
1766,47.38,0.0,32.07,0.0,0.0,0.9654,15.3,0.0
1767,47.19,0.0,26.22,0.0,0.0,0.9654,20.97,0.0
1768,46.62,0.0,18.71,0.0,0.0,0.9654,27.91,0.0
1769,45.69,0.0,8.48,0.0,0.0,0.9654,37.21,0.0
1770,44.45,0.0,0.0,0.0,5.0,0.9654,39.45,0.0
1771,42.93,0.0,0.0,0.0,3.48,0.4939,39.45,0.0
1772,41.2,0.0,0.0,0.0,1.75,0.1654,39.45,0.0
1773,39.33,0.0,0.0,0.0,0.0,0.0,39.33,0.0
1774,37.38,0.0,0.0,0.0,0.0,0.0,37.38,0.0
1775,37.38,0.0,0.0,0.0,0.0,0.0,37.38,0.0
1776,37.39,0.0,0.0,0.0,0.0,0.0,37.39,0.0
1777,37.39,0.0,0.0,0.0,0.0,0.0,37.39,0.0
1778,37.39,0.0,0.0,0.0,0.0,0.0,37.39,0.0
1779,37.39,0.0,0.0,0.0,0.0,0.0,37.39,0.0
1780,37.39,0.0,0.0,0.0,0.0,0.0,37.39,0.0
1781,37.39,0.0,0.0,0.0,0.0,0.0,37.39,0.0
1782,37.39,0.0,0.0,2.06,0.0,0.0,39.45,0.0
1783,39.34,0.0,9.41,9.32,0.0,0.1754,39.26,0.0
1784,41.22,0.0,17.86,0.0,0.0,0.969,23.35,0.0
1785,42.95,0.0,25.34,0.0,0.0,0.969,17.61,0.0
1786,44.46,0.0,32.47,0.0,0.0,0.969,11.99,0.0
1787,45.71,0.0,36.59,0.0,0.0,0.969,9.12,0.0
1788,46.63,0.0,37.71,0.0,0.0,0.969,8.92,0.0
1789,47.2,0.0,35.06,0.0,0.0,0.969,12.13,0.0
1790,47.39,0.0,32.46,0.0,0.0,0.969,14.93,0.0
1791,47.2,0.0,26.2,0.0,0.0,0.969,21.0,0.0
1792,46.63,0.0,17.33,0.0,0.0,0.969,29.3,0.0
1793,45.71,0.0,7.7,0.0,0.0,0.969,38.01,0.0
1794,44.46,0.0,0.0,0.0,5.01,0.969,39.45,0.0
1795,42.95,0.0,0.0,0.0,3.5,0.4964,39.45,0.0
1796,41.22,0.0,0.0,0.0,1.77,0.1666,39.45,0.0
1797,39.34,0.0,0.0,0.0,0.0,0.0,39.34,0.0
1798,37.39,0.0,0.0,0.0,0.0,0.0,37.39,0.0
1799,37.39,0.0,0.0,0.0,0.0,0.0,37.39,0.0
1800,37.4,0.0,0.0,0.0,0.0,0.0,37.4,0.0
1801,37.4,0.0,0.0,0.0,0.0,0.0,37.4,0.0
1802,37.4,0.0,0.0,0.0,0.0,0.0,37.4,0.0
1803,37.4,0.0,0.0,0.0,0.0,0.0,37.4,0.0
1804,37.4,0.0,0.0,0.0,0.0,0.0,37.4,0.0
1805,37.4,0.0,0.0,0.0,0.0,0.0,37.4,0.0
1806,37.4,0.0,0.0,0.0,0.0,0.0,37.4,0.0
1807,39.35,0.0,7.98,0.0,0.0,0.0,31.37,0.0
1808,41.23,0.0,18.37,0.0,0.0,0.0,22.86,0.0
1809,42.96,0.0,24.7,0.0,0.0,0.0,18.25,0.0
1810,44.47,0.0,32.83,11.42,0.0,0.0,23.06,0.0
1811,45.72,0.0,36.25,0.0,0.0,0.9725,9.46,0.0
1812,46.64,0.0,37.39,0.0,0.0,0.9725,9.25,0.0
1813,47.21,0.0,36.59,0.0,0.0,0.9725,10.62,0.0
1814,47.4,0.0,32.41,0.0,0.0,0.9725,15.0,0.0
1815,47.21,0.0,25.03,0.0,0.0,0.9725,22.18,0.0
1816,46.64,0.0,18.4,0.0,0.0,0.9725,28.24,0.0
1817,45.72,0.0,8.63,0.0,0.0,0.9725,37.09,0.0
1818,44.47,0.0,0.0,0.0,5.02,0.9725,39.45,0.0
1819,42.96,0.0,0.0,0.0,3.51,0.4987,39.45,0.0
1820,41.23,0.0,0.0,0.0,1.78,0.1678,39.45,0.0
1821,39.35,0.0,0.0,0.0,0.0,0.0,39.35,0.0
1822,37.4,0.0,0.0,0.0,0.0,0.0,37.4,0.0
1823,37.4,0.0,0.0,0.0,0.0,0.0,37.4,0.0
1824,37.41,0.0,0.0,0.0,0.0,0.0,37.41,0.0
1825,37.41,0.0,0.0,0.0,0.0,0.0,37.41,0.0
1826,37.41,0.0,0.0,0.0,0.0,0.0,37.41,0.0
1827,37.41,0.0,0.0,0.0,0.0,0.0,37.41,0.0
1828,37.41,0.0,0.0,0.0,0.0,0.0,37.41,0.0
1829,37.41,0.0,0.0,0.0,0.0,0.0,37.41,0.0
1830,37.41,0.0,0.0,0.0,0.0,0.0,37.41,0.0
1831,39.37,0.0,9.52,0.0,0.0,0.0,29.85,0.0
1832,41.24,0.0,16.71,0.0,0.0,0.0,24.54,0.0
1833,42.97,0.0,26.15,0.0,0.0,0.0,16.82,0.0
1834,44.49,0.0,31.79,0.0,0.0,0.0,12.7,0.0
1835,45.73,0.0,34.67,0.0,0.0,0.0,11.06,0.0
1836,46.65,0.0,36.81,0.0,0.0,0.0,9.85,0.0
1837,47.22,0.0,34.85,10.14,0.0,0.0,22.51,0.0
1838,47.41,0.0,31.43,0.0,0.0,0.8636,15.99,0.0
1839,47.22,0.0,24.98,0.0,0.0,0.8636,22.24,0.0
1840,46.65,0.0,17.99,0.0,0.0,0.8636,28.66,0.0
1841,45.73,0.0,7.6,1.32,0.0,0.8636,39.45,0.0
1842,44.49,0.0,0.0,0.0,5.03,0.9758,39.45,0.0
1843,42.97,0.0,0.0,0.0,3.52,0.5009,39.45,0.0
1844,41.24,0.0,0.0,0.0,1.79,0.1689,39.45,0.0
1845,39.37,0.0,0.0,0.0,0.0,0.0,39.37,0.0
1846,37.41,0.0,0.0,0.0,0.0,0.0,37.41,0.0
1847,37.41,0.0,0.0,0.0,0.0,0.0,37.41,0.0
1848,37.43,0.0,0.0,0.0,0.0,0.0,37.43,0.0
1849,37.43,0.0,0.0,0.0,0.0,0.0,37.43,0.0
1850,37.43,0.0,0.0,0.0,0.0,0.0,37.43,0.0
1851,37.43,0.0,0.0,0.0,0.0,0.0,37.43,0.0
1852,37.43,0.0,0.0,0.0,0.0,0.0,37.43,0.0
1853,37.43,0.0,0.0,2.03,0.0,0.0,39.45,0.0
1854,37.43,0.0,0.0,0.0,0.0,0.1725,37.43,0.0
1855,39.38,0.0,9.83,0.0,0.0,0.1725,29.54,0.0
1856,41.25,0.0,17.31,0.0,0.0,0.1725,23.94,0.0
1857,42.98,0.0,25.19,0.0,0.0,0.1725,17.79,0.0
1858,44.5,0.0,32.9,0.0,0.0,0.1725,11.6,0.0
1859,45.74,0.0,35.17,0.0,0.0,0.1725,10.57,0.0
1860,46.66,0.0,37.64,0.0,0.0,0.1725,9.02,0.0
1861,47.23,0.0,35.74,0.0,0.0,0.1725,11.49,0.0
1862,47.43,0.0,31.83,0.0,0.0,0.1725,15.6,0.0
1863,47.23,0.0,24.96,0.0,0.0,0.1725,22.27,0.0
1864,46.66,0.0,17.83,9.47,0.0,0.1725,38.3,0.0
1865,45.74,0.0,7.83,0.0,0.0,0.9788,37.91,0.0
1866,44.5,0.0,0.0,0.0,5.05,0.9788,39.45,0.0
1867,42.98,0.0,0.0,0.0,3.53,0.5029,39.45,0.0
1868,41.25,0.0,0.0,0.0,1.8,0.1699,39.45,0.0
1869,39.38,0.0,0.0,0.0,0.0,0.0,39.38,0.0
1870,37.43,0.0,0.0,0.0,0.0,0.0,37.43,0.0
1871,37.43,0.0,0.0,0.0,0.0,0.0,37.43,0.0
1872,37.44,0.0,0.0,0.0,0.0,0.0,37.44,0.0
1873,37.44,0.0,0.0,0.0,0.0,0.0,37.44,0.0
1874,37.44,0.0,0.0,0.0,0.0,0.0,37.44,0.0
1875,37.44,0.0,0.0,0.0,0.0,0.0,37.44,0.0
1876,37.44,0.0,0.0,0.0,0.0,0.0,37.44,0.0
1877,37.44,0.0,0.0,0.0,0.0,0.0,37.44,0.0
1878,37.44,0.0,0.0,0.0,0.0,0.0,37.44,0.0
1879,39.39,0.0,9.14,0.0,0.0,0.0,30.25,0.0
1880,41.26,0.0,18.03,0.0,0.0,0.0,23.24,0.0
1881,42.99,0.0,26.71,0.0,0.0,0.0,16.28,0.0
1882,44.51,0.0,31.41,11.53,0.0,0.0,24.63,0.0
1883,45.75,0.0,36.58,0.0,0.0,0.9817,9.17,0.0
1884,46.67,0.0,38.11,0.0,0.0,0.9817,8.56,0.0
1885,47.24,0.0,36.87,0.0,0.0,0.9817,10.37,0.0
1886,47.44,0.0,31.67,0.0,0.0,0.9817,15.77,0.0
1887,47.24,0.0,25.97,0.0,0.0,0.9817,21.27,0.0
1888,46.67,0.0,17.61,0.0,0.0,0.9817,29.06,0.0
1889,45.75,0.0,9.29,0.0,0.0,0.9817,36.46,0.0
1890,44.51,0.0,0.0,0.0,5.06,0.9817,39.45,0.0
1891,42.99,0.0,0.0,0.0,3.54,0.5048,39.45,0.0
1892,41.26,0.0,0.0,0.0,1.81,0.1709,39.45,0.0
1893,39.39,0.0,0.0,0.0,0.0,0.0,39.39,0.0
1894,37.44,0.0,0.0,0.0,0.0,0.0,37.44,0.0
1895,37.44,0.0,0.0,0.0,0.0,0.0,37.44,0.0
1896,37.44,0.0,0.0,0.0,0.0,0.0,37.44,0.0
1897,37.44,0.0,0.0,0.0,0.0,0.0,37.44,0.0
1898,37.44,0.0,0.0,0.0,0.0,0.0,37.44,0.0
1899,37.44,0.0,0.0,0.0,0.0,0.0,37.44,0.0
1900,37.44,0.0,0.0,0.0,0.0,0.0,37.44,0.0
1901,37.44,0.0,0.0,2.01,0.0,0.0,39.45,0.0
1902,37.44,0.0,0.0,2.01,0.0,0.1708,39.45,0.0
1903,39.4,0.0,9.4,4.53,0.0,0.3416,34.53,0.0
1904,41.27,0.0,17.5,0.0,0.0,0.7274,23.78,0.0
1905,43.0,0.0,26.1,0.0,0.0,0.7274,16.9,0.0
1906,44.52,0.0,32.77,0.0,0.0,0.7274,11.74,0.0
1907,45.76,0.0,35.18,0.0,0.0,0.7274,10.58,0.0
1908,46.68,0.0,36.4,0.0,0.0,0.7274,10.28,0.0
1909,47.25,0.0,37.01,0.0,0.0,0.7274,10.24,0.0
1910,47.44,0.0,31.2,0.0,0.0,0.7274,16.24,0.0
1911,47.25,0.0,25.99,0.0,0.0,0.7274,21.26,0.0
1912,46.68,0.0,17.26,0.0,0.0,0.7274,29.43,0.0
1913,45.76,0.0,9.33,3.02,0.0,0.7274,39.45,0.0
1914,44.52,0.0,0.0,0.0,5.06,0.9843,39.45,0.0
1915,43.0,0.0,0.0,0.0,3.55,0.5066,39.45,0.0
1916,41.27,0.0,0.0,0.0,1.82,0.1717,39.45,0.0
1917,39.4,0.0,0.0,0.0,0.0,0.0,39.4,0.0
1918,37.44,0.0,0.0,0.0,0.0,0.0,37.44,0.0
1919,37.44,0.0,0.0,0.0,0.0,0.0,37.44,0.0
1920,37.45,0.0,0.0,0.0,0.0,0.0,37.45,0.0
1921,37.45,0.0,0.0,0.0,0.0,0.0,37.45,0.0
1922,37.45,0.0,0.0,0.0,0.0,0.0,37.45,0.0
1923,37.45,0.0,0.0,0.0,0.0,0.0,37.45,0.0
1924,37.45,0.0,0.0,1.47,0.0,0.0,38.93,0.0
1925,37.45,0.0,0.0,0.0,0.0,0.1254,37.45,0.0
1926,37.45,0.0,0.0,0.0,0.0,0.1254,37.45,0.0
1927,39.4,0.0,10.07,10.12,0.0,0.1254,39.45,0.0
1928,41.28,0.0,18.42,0.0,0.0,0.9868,22.86,0.0
1929,43.01,0.0,25.89,0.0,0.0,0.9868,17.12,0.0
1930,44.52,0.0,32.23,0.0,0.0,0.9868,12.29,0.0
1931,45.77,0.0,35.21,0.0,0.0,0.9868,10.56,0.0
1932,46.69,0.0,37.34,0.0,0.0,0.9868,9.35,0.0
1933,47.26,0.0,36.12,0.0,0.0,0.9868,11.15,0.0
1934,47.45,0.0,31.47,0.0,0.0,0.9868,15.98,0.0
1935,47.26,0.0,25.34,0.0,0.0,0.9868,21.92,0.0
1936,46.69,0.0,17.44,0.0,0.0,0.9868,29.25,0.0
1937,45.77,0.0,9.09,0.0,0.0,0.9868,36.68,0.0
1938,44.52,0.0,0.0,0.0,5.07,0.9868,39.45,0.0
1939,43.01,0.0,0.0,0.0,3.56,0.5082,39.45,0.0
1940,41.28,0.0,0.0,0.0,1.83,0.1726,39.45,0.0
1941,39.4,0.0,0.0,0.0,0.0,0.0,39.4,0.0
1942,37.45,0.0,0.0,0.0,0.0,0.0,37.45,0.0
1943,37.45,0.0,0.0,0.0,0.0,0.0,37.45,0.0
1944,37.46,0.0,0.0,0.0,0.0,0.0,37.46,0.0
1945,37.46,0.0,0.0,0.0,0.0,0.0,37.46,0.0
1946,37.46,0.0,0.0,0.0,0.0,0.0,37.46,0.0
1947,37.46,0.0,0.0,0.0,0.0,0.0,37.46,0.0
1948,37.46,0.0,0.0,0.0,0.0,0.0,37.46,0.0
1949,37.46,0.0,0.0,0.0,0.0,0.0,37.46,0.0
1950,37.46,0.0,0.0,0.0,0.0,0.0,37.46,0.0
1951,39.41,0.0,9.9,0.0,0.0,0.0,29.51,0.0
1952,41.29,0.0,18.36,0.0,0.0,0.0,22.93,0.0
1953,43.02,0.0,27.16,8.54,0.0,0.0,24.4,0.0
1954,44.53,0.0,32.14,0.0,0.0,0.7274,12.39,0.0
1955,45.78,0.0,36.42,0.0,0.0,0.7274,9.35,0.0
1956,46.7,0.0,37.65,0.0,0.0,0.7274,9.05,0.0
1957,47.27,0.0,36.33,0.0,0.0,0.7274,10.94,0.0
1958,47.46,0.0,33.13,0.0,0.0,0.7274,14.33,0.0
1959,47.27,0.0,27.45,0.0,0.0,0.7274,19.81,0.0
1960,46.7,0.0,18.55,0.0,0.0,0.7274,28.15,0.0
1961,45.78,0.0,9.4,3.07,0.0,0.7274,39.45,0.0
1962,44.53,0.0,0.0,0.0,5.08,0.989,39.45,0.0
1963,43.02,0.0,0.0,0.0,3.57,0.5097,39.45,0.0
1964,41.29,0.0,0.0,0.0,1.84,0.1733,39.45,0.0
1965,39.41,0.0,0.0,0.0,0.0,0.0,39.41,0.0
1966,37.46,0.0,0.0,0.0,0.0,0.0,37.46,0.0
1967,37.46,0.0,0.0,0.0,0.0,0.0,37.46,0.0
1968,37.47,0.0,0.0,0.0,0.0,0.0,37.47,0.0
1969,37.47,0.0,0.0,0.0,0.0,0.0,37.47,0.0
1970,37.47,0.0,0.0,1.98,0.0,0.0,39.45,0.0
1971,37.47,0.0,0.0,1.98,0.0,0.1688,39.45,0.0
1972,37.47,0.0,0.0,1.98,0.0,0.3376,39.45,0.0
1973,37.47,0.0,0.0,0.0,0.0,0.5063,37.47,0.0
1974,37.47,0.0,0.0,0.0,0.0,0.5063,37.47,0.0
1975,39.42,0.0,8.45,0.0,0.0,0.5063,30.97,0.0
1976,41.3,0.0,19.1,0.0,0.0,0.5063,22.19,0.0
1977,43.02,0.0,27.52,0.0,0.0,0.5063,15.51,0.0
1978,44.54,0.0,33.84,0.0,0.0,0.5063,10.7,0.0
1979,45.78,0.0,37.48,0.0,0.0,0.5063,8.3,0.0
1980,46.71,0.0,38.32,0.0,0.0,0.5063,8.39,0.0
1981,47.28,0.0,36.11,0.0,0.0,0.5063,11.16,0.0
1982,47.47,0.0,33.67,5.69,0.0,0.5063,19.49,0.0
1983,47.28,0.0,27.69,0.0,0.0,0.9911,19.59,0.0
1984,46.71,0.0,17.47,0.0,0.0,0.9911,29.24,0.0
1985,45.78,0.0,9.35,0.0,0.0,0.9911,36.43,0.0
1986,44.54,0.0,0.0,0.0,5.09,0.9911,39.45,0.0
1987,43.02,0.0,0.0,0.0,3.57,0.511,39.45,0.0
1988,41.3,0.0,0.0,0.0,1.84,0.174,39.45,0.0
1989,39.42,0.0,0.0,0.0,0.0,0.0,39.42,0.0
1990,37.47,0.0,0.0,0.0,0.0,0.0,37.47,0.0
1991,37.47,0.0,0.0,0.0,0.0,0.0,37.47,0.0
1992,37.47,0.0,0.0,0.0,0.0,0.0,37.47,0.0
1993,37.47,0.0,0.0,0.0,0.0,0.0,37.47,0.0
1994,37.47,0.0,0.0,0.0,0.0,0.0,37.47,0.0
1995,37.47,0.0,0.0,0.0,0.0,0.0,37.47,0.0
1996,37.47,0.0,0.0,0.0,0.0,0.0,37.47,0.0
1997,37.47,0.0,0.0,0.0,0.0,0.0,37.47,0.0
1998,37.47,0.0,0.0,0.0,0.0,0.0,37.47,0.0
1999,39.43,0.0,9.97,0.0,0.0,0.0,29.45,0.0
2000,41.3,0.0,18.69,0.0,0.0,0.0,22.61,0.0
2001,43.03,0.0,26.94,11.66,0.0,0.0,27.76,0.0
2002,44.55,0.0,34.07,0.0,0.0,0.9929,10.47,0.0
2003,45.79,0.0,35.95,0.0,0.0,0.9929,9.84,0.0
2004,46.71,0.0,37.8,0.0,0.0,0.9929,8.91,0.0
2005,47.28,0.0,36.21,0.0,0.0,0.9929,11.07,0.0
2006,47.47,0.0,32.54,0.0,0.0,0.9929,14.93,0.0
2007,47.28,0.0,27.06,0.0,0.0,0.9929,20.22,0.0
2008,46.71,0.0,18.49,0.0,0.0,0.9929,28.22,0.0
2009,45.79,0.0,9.9,0.0,0.0,0.9929,35.89,0.0
2010,44.55,0.0,0.0,0.0,5.1,0.9929,39.45,0.0
2011,43.03,0.0,0.0,0.0,3.58,0.5123,39.45,0.0
2012,41.3,0.0,0.0,0.0,1.85,0.1746,39.45,0.0
2013,39.43,0.0,0.0,0.0,0.0,0.0,39.43,0.0
2014,37.47,0.0,0.0,0.0,0.0,0.0,37.47,0.0
2015,37.47,0.0,0.0,0.0,0.0,0.0,37.47,0.0
2016,37.48,0.0,0.0,0.0,0.0,0.0,37.48,0.0
2017,37.48,0.0,0.0,0.0,0.0,0.0,37.48,0.0
2018,37.48,0.0,0.0,0.0,0.0,0.0,37.48,0.0
2019,37.48,0.0,0.0,0.0,0.0,0.0,37.48,0.0
2020,37.48,0.0,0.0,0.0,0.0,0.0,37.48,0.0
2021,37.48,0.0,0.0,1.97,0.0,0.0,39.45,0.0
2022,37.48,0.0,0.0,0.0,0.0,0.1677,37.48,0.0
2023,39.43,0.0,8.94,8.96,0.0,0.1677,39.45,0.0
2024,41.31,0.0,17.77,0.0,0.0,0.9303,23.54,0.0
2025,43.04,0.0,26.21,0.0,0.0,0.9303,16.82,0.0
2026,44.55,0.0,33.68,0.0,0.0,0.9303,10.87,0.0
2027,45.8,0.0,37.11,0.0,0.0,0.9303,8.69,0.0
2028,46.72,0.0,39.04,0.75,0.0,0.9303,8.43,0.0
2029,47.29,0.0,36.89,0.0,0.0,0.9945,10.4,0.0
2030,47.48,0.0,32.93,0.0,0.0,0.9945,14.55,0.0
2031,47.29,0.0,27.81,0.0,0.0,0.9945,19.48,0.0
2032,46.72,0.0,18.27,0.0,0.0,0.9945,28.45,0.0
2033,45.8,0.0,10.02,0.0,0.0,0.9945,35.78,0.0
2034,44.55,0.0,0.0,0.0,5.1,0.9945,39.45,0.0
2035,43.04,0.0,0.0,0.0,3.59,0.5133,39.45,0.0
2036,41.31,0.0,0.0,0.0,1.86,0.1751,39.45,0.0
2037,39.43,0.0,0.0,0.0,0.0,0.0,39.43,0.0
2038,37.48,0.0,0.0,0.0,0.0,0.0,37.48,0.0
2039,37.48,0.0,0.0,0.0,0.0,0.0,37.48,0.0
2040,37.49,0.0,0.0,0.0,0.0,0.0,37.49,0.0
2041,37.49,0.0,0.0,0.0,0.0,0.0,37.49,0.0
2042,37.49,0.0,0.0,0.0,0.0,0.0,37.49,0.0
2043,37.49,0.0,0.0,0.0,0.0,0.0,37.49,0.0
2044,37.49,0.0,0.0,0.0,0.0,0.0,37.49,0.0
2045,37.49,0.0,0.0,0.0,0.0,0.0,37.49,0.0
2046,37.49,0.0,0.0,0.0,0.0,0.0,37.49,0.0
2047,39.44,0.0,9.38,0.0,0.0,0.0,30.06,0.0
2048,41.31,0.0,18.64,0.0,0.0,0.0,22.67,0.0
2049,43.04,0.0,27.02,0.0,0.0,0.0,16.03,0.0
2050,44.56,0.0,32.45,0.0,0.0,0.0,12.1,0.0
2051,45.8,0.0,36.67,0.0,0.0,0.0,9.13,0.0
2052,46.72,0.0,37.51,0.0,0.0,0.0,9.21,0.0
2053,47.29,0.0,37.88,0.0,0.0,0.0,9.41,0.0
2054,47.49,0.0,34.07,0.0,0.0,0.0,13.41,0.0
2055,47.29,0.0,27.64,11.7,0.0,0.0,31.36,0.0
2056,46.72,0.0,18.29,0.0,0.0,0.9959,28.43,0.0
2057,45.8,0.0,9.68,0.0,0.0,0.9959,36.12,0.0
2058,44.56,0.0,0.0,0.0,5.11,0.9959,39.45,0.0
2059,43.04,0.0,0.0,0.0,3.59,0.5143,39.45,0.0
2060,41.31,0.0,0.0,0.0,1.86,0.1756,39.45,0.0
2061,39.44,0.0,0.0,0.0,0.0,0.0,39.44,0.0
2062,37.49,0.0,0.0,0.0,0.0,0.0,37.49,0.0
2063,37.49,0.0,0.0,0.0,0.0,0.0,37.49,0.0
2064,37.49,0.0,0.0,0.0,0.0,0.0,37.49,0.0
2065,37.49,0.0,0.0,0.0,0.0,0.0,37.49,0.0
2066,37.49,0.0,0.0,0.0,0.0,0.0,37.49,0.0
2067,37.49,0.0,0.0,0.0,0.0,0.0,37.49,0.0
2068,37.49,0.0,0.0,0.0,0.0,0.0,37.49,0.0
2069,37.49,0.0,0.0,1.96,0.0,0.0,39.45,0.0
2070,37.49,0.0,0.0,1.96,0.0,0.167,39.45,0.0
2071,39.44,0.0,9.51,0.0,0.0,0.3339,29.93,0.0
2072,41.32,0.0,18.0,7.79,0.0,0.3339,31.11,0.0
2073,43.05,0.0,27.76,0.0,0.0,0.9971,15.28,0.0
2074,44.56,0.0,32.81,0.0,0.0,0.9971,11.75,0.0
2075,45.8,0.0,38.3,0.0,0.0,0.9971,7.5,0.0
2076,46.73,0.0,37.95,0.0,0.0,0.9971,8.78,0.0
2077,47.3,0.0,36.95,0.0,0.0,0.9971,10.35,0.0
2078,47.49,0.0,32.27,0.0,0.0,0.9971,15.22,0.0
2079,47.3,0.0,28.18,0.0,0.0,0.9971,19.12,0.0
2080,46.73,0.0,19.65,0.0,0.0,0.9971,27.07,0.0
2081,45.8,0.0,10.27,0.0,0.0,0.9971,35.53,0.0
2082,44.56,0.0,0.0,0.0,5.11,0.9971,39.45,0.0
2083,43.05,0.0,0.0,0.0,3.59,0.5151,39.45,0.0
2084,41.32,0.0,0.0,0.0,1.87,0.176,39.45,0.0
2085,39.44,0.0,0.0,0.0,0.0,0.0,39.44,0.0
2086,37.49,0.0,0.0,0.0,0.0,0.0,37.49,0.0
2087,37.49,0.0,0.0,0.0,0.0,0.0,37.49,0.0
2088,37.49,0.0,0.0,0.0,0.0,0.0,37.49,0.0
2089,37.49,0.0,0.0,0.0,0.0,0.0,37.49,0.0
2090,37.49,0.0,0.0,0.0,0.0,0.0,37.49,0.0
2091,37.49,0.0,0.0,0.0,0.0,0.0,37.49,0.0
2092,37.49,0.0,0.0,0.0,0.0,0.0,37.49,0.0
2093,37.49,0.0,0.0,0.0,0.0,0.0,37.49,0.0
2094,37.49,0.0,0.0,1.96,0.0,0.0,39.45,0.0
2095,39.44,0.0,9.1,9.1,0.0,0.1667,39.45,0.0
2096,41.32,0.0,18.05,0.0,0.0,0.9416,23.27,0.0
2097,43.05,0.0,27.53,0.0,0.0,0.9416,15.52,0.0
2098,44.56,0.0,33.14,0.0,0.0,0.9416,11.42,0.0
2099,45.81,0.0,36.66,0.0,0.0,0.9416,9.15,0.0
2100,46.73,0.0,38.57,0.0,0.0,0.9416,8.16,0.0
2101,47.3,0.0,38.73,0.0,0.0,0.9416,8.57,0.0
2102,47.49,0.0,33.4,0.0,0.0,0.9416,14.09,0.0
2103,47.3,0.0,27.94,0.0,0.0,0.9416,19.36,0.0
2104,46.73,0.0,18.11,0.66,0.0,0.9416,29.29,0.0
2105,45.81,0.0,9.38,0.0,0.0,0.9981,36.43,0.0
2106,44.56,0.0,0.0,0.0,5.11,0.9981,39.45,0.0
2107,43.05,0.0,0.0,0.0,3.6,0.5158,39.45,0.0
2108,41.32,0.0,0.0,0.0,1.87,0.1763,39.45,0.0
2109,39.44,0.0,0.0,0.0,0.0,0.0,39.44,0.0
2110,37.49,0.0,0.0,0.0,0.0,0.0,37.49,0.0
2111,37.49,0.0,0.0,0.0,0.0,0.0,37.49,0.0
2112,37.5,0.0,0.0,0.0,0.0,0.0,37.5,0.0
2113,37.5,0.0,0.0,0.0,0.0,0.0,37.5,0.0
2114,37.5,0.0,0.0,0.0,0.0,0.0,37.5,0.0
2115,37.5,0.0,0.0,0.0,0.0,0.0,37.5,0.0
2116,37.5,0.0,0.0,1.66,0.0,0.0,39.16,0.0
2117,37.5,0.0,0.0,1.95,0.0,0.1417,39.45,0.0
2118,37.5,0.0,0.0,0.0,0.0,0.3081,37.5,0.0
2119,39.45,0.0,8.11,8.11,0.0,0.3081,39.45,0.0
2120,41.32,0.0,18.93,0.0,0.0,0.9989,22.39,0.0
2121,43.05,0.0,27.29,0.0,0.0,0.9989,15.76,0.0
2122,44.57,0.0,33.12,0.0,0.0,0.9989,11.44,0.0
2123,45.81,0.0,38.42,0.0,0.0,0.9989,7.39,0.0
2124,46.73,0.0,39.39,0.0,0.0,0.9989,7.35,0.0
2125,47.3,0.0,38.14,0.0,0.0,0.9989,9.17,0.0
2126,47.5,0.0,32.46,0.0,0.0,0.9989,15.03,0.0
2127,47.3,0.0,28.09,0.0,0.0,0.9989,19.21,0.0
2128,46.73,0.0,19.72,0.0,0.0,0.9989,27.02,0.0
2129,45.81,0.0,9.3,0.0,0.0,0.9989,36.51,0.0
2130,44.57,0.0,0.0,0.0,5.12,0.9989,39.45,0.0
2131,43.05,0.0,0.0,0.0,3.6,0.5163,39.45,0.0
2132,41.32,0.0,0.0,0.0,1.87,0.1766,39.45,0.0
2133,39.45,0.0,0.0,0.0,0.0,0.0,39.45,0.0
2134,37.5,0.0,0.0,0.0,0.0,0.0,37.5,0.0
2135,37.5,0.0,0.0,0.0,0.0,0.0,37.5,0.0
2136,37.5,0.0,0.0,0.0,0.0,0.0,37.5,0.0
2137,37.5,0.0,0.0,0.0,0.0,0.0,37.5,0.0
2138,37.5,0.0,0.0,0.0,0.0,0.0,37.5,0.0
2139,37.5,0.0,0.0,0.0,0.0,0.0,37.5,0.0
2140,37.5,0.0,0.0,0.0,0.0,0.0,37.5,0.0
2141,37.5,0.0,0.0,0.0,0.0,0.0,37.5,0.0
2142,37.5,0.0,0.0,0.0,0.0,0.0,37.5,0.0
2143,39.45,0.0,8.27,0.0,0.0,0.0,31.18,0.0
2144,41.32,0.0,18.67,0.0,0.0,0.0,22.65,0.0
2145,43.05,0.0,26.29,0.0,0.0,0.0,16.76,0.0
2146,44.57,0.0,34.92,0.0,0.0,0.0,9.65,0.0
2147,45.81,0.0,38.79,0.0,0.0,0.0,7.03,0.0
2148,46.74,0.0,38.31,11.74,0.0,0.0,20.16,0.0
2149,47.31,0.0,37.97,0.0,0.0,0.9995,9.34,0.0
2150,47.5,0.0,33.89,0.0,0.0,0.9995,13.61,0.0
2151,47.31,0.0,28.06,0.0,0.0,0.9995,19.25,0.0
2152,46.74,0.0,19.04,0.0,0.0,0.9995,27.7,0.0
2153,45.81,0.0,9.4,0.0,0.0,0.9995,36.41,0.0
2154,44.57,0.0,0.0,0.0,5.12,0.9995,39.45,0.0
2155,43.05,0.0,0.0,0.0,3.6,0.5167,39.45,0.0
2156,41.32,0.0,0.0,0.0,1.87,0.1768,39.45,0.0
2157,39.45,0.0,0.0,0.0,0.0,0.0,39.45,0.0
2158,37.5,0.0,0.0,0.0,0.0,0.0,37.5,0.0
2159,37.5,0.0,0.0,0.0,0.0,0.0,37.5,0.0
2160,37.5,0.0,0.0,0.0,0.0,0.0,37.5,0.0
2161,37.5,0.0,0.0,0.0,0.0,0.0,37.5,0.0
2162,37.5,0.0,0.0,0.0,0.0,0.0,37.5,0.0
2163,37.5,0.0,0.0,0.0,0.0,0.0,37.5,0.0
2164,37.5,0.0,0.0,0.0,0.0,0.0,37.5,0.0
2165,37.5,0.0,0.0,0.0,0.0,0.0,37.5,0.0
2166,37.5,0.0,0.0,0.0,0.0,0.0,37.5,0.0
2167,39.45,0.0,10.12,0.0,0.0,0.0,29.33,0.0
2168,41.33,0.0,20.25,0.0,0.0,0.0,21.08,0.0
2169,43.06,0.0,28.1,0.0,0.0,0.0,14.95,0.0
2170,44.57,0.0,33.24,0.0,0.0,0.0,11.33,0.0
2171,45.81,0.0,38.51,11.74,0.0,0.0,19.05,0.0
2172,46.74,0.0,38.49,0.0,0.0,0.9998,8.25,0.0
2173,47.31,0.0,37.82,0.0,0.0,0.9998,9.49,0.0
2174,47.5,0.0,33.21,0.0,0.0,0.9998,14.29,0.0
2175,47.31,0.0,26.29,0.0,0.0,0.9998,21.02,0.0
2176,46.74,0.0,18.75,0.0,0.0,0.9998,27.99,0.0
2177,45.81,0.0,9.68,0.0,0.0,0.9998,36.13,0.0
2178,44.57,0.0,0.0,0.0,5.12,0.9998,39.45,0.0
2179,43.06,0.0,0.0,0.0,3.6,0.5169,39.45,0.0
2180,41.33,0.0,0.0,0.0,1.88,0.1769,39.45,0.0
2181,39.45,0.0,0.0,0.0,0.0,0.0,39.45,0.0
2182,37.5,0.0,0.0,0.0,0.0,0.0,37.5,0.0
2183,37.5,0.0,0.0,0.0,0.0,0.0,37.5,0.0
2184,37.5,0.0,0.0,0.0,0.0,0.0,37.5,0.0
2185,37.5,0.0,0.0,0.0,0.0,0.0,37.5,0.0
2186,37.5,0.0,0.0,0.0,0.0,0.0,37.5,0.0
2187,37.5,0.0,0.0,0.0,0.0,0.0,37.5,0.0
2188,37.5,0.0,0.0,0.0,0.0,0.0,37.5,0.0
2189,37.5,0.0,0.0,0.0,0.0,0.0,37.5,0.0
2190,37.5,0.0,0.0,1.95,0.0,0.0,39.45,0.0
2191,39.45,0.0,9.72,0.0,0.0,0.1661,29.73,0.0
2192,41.33,0.0,18.29,0.0,0.0,0.1661,23.03,0.0
2193,43.06,0.0,27.43,0.0,0.0,0.1661,15.63,0.0
2194,44.57,0.0,34.09,9.8,0.0,0.1661,20.28,0.0
2195,45.81,0.0,38.2,0.0,0.0,1.0,7.61,0.0
2196,46.74,0.0,39.12,0.0,0.0,1.0,7.62,0.0
2197,47.31,0.0,38.28,0.0,0.0,1.0,9.03,0.0
2198,47.5,0.0,33.93,0.0,0.0,1.0,13.57,0.0
2199,47.31,0.0,28.13,0.0,0.0,1.0,19.18,0.0
2200,46.74,0.0,19.97,0.0,0.0,1.0,26.77,0.0
2201,45.81,0.0,8.56,0.0,0.0,1.0,37.26,0.0
2202,44.57,0.0,0.0,0.0,5.12,1.0,39.45,0.0
2203,43.06,0.0,0.0,0.0,3.6,0.517,39.45,0.0
2204,41.33,0.0,0.0,0.0,1.88,0.177,39.45,0.0
2205,39.45,0.0,0.0,0.0,0.0,0.0,39.45,0.0
2206,37.5,0.0,0.0,0.0,0.0,0.0,37.5,0.0
2207,37.5,0.0,0.0,0.0,0.0,0.0,37.5,0.0
2208,37.5,0.0,0.0,0.0,0.0,0.0,37.5,0.0
2209,37.5,0.0,0.0,0.0,0.0,0.0,37.5,0.0
2210,37.5,0.0,0.0,0.0,0.0,0.0,37.5,0.0
2211,37.5,0.0,0.0,0.0,0.0,0.0,37.5,0.0
2212,37.5,0.0,0.0,0.0,0.0,0.0,37.5,0.0
2213,37.5,0.0,0.0,0.0,0.0,0.0,37.5,0.0
2214,37.5,0.0,0.0,0.0,0.0,0.0,37.5,0.0
2215,39.45,0.0,9.4,9.4,0.0,0.0,39.45,0.0
2216,41.33,0.0,20.3,0.0,0.0,0.7999,21.03,0.0
2217,43.06,0.0,28.2,0.0,0.0,0.7999,14.86,0.0
2218,44.57,0.0,33.31,0.0,0.0,0.7999,11.26,0.0
2219,45.81,0.0,38.52,2.35,0.0,0.7999,9.65,0.0
2220,46.74,0.0,40.15,0.0,0.0,0.9999,6.59,0.0
2221,47.31,0.0,38.83,0.0,0.0,0.9999,8.48,0.0
2222,47.5,0.0,34.12,0.0,0.0,0.9999,13.38,0.0
2223,47.31,0.0,27.85,0.0,0.0,0.9999,19.46,0.0
2224,46.74,0.0,19.56,0.0,0.0,0.9999,27.18,0.0
2225,45.81,0.0,9.57,0.0,0.0,0.9999,36.25,0.0
2226,44.57,0.0,0.0,0.0,5.12,0.9999,39.45,0.0
2227,43.06,0.0,0.0,0.0,3.6,0.517,39.45,0.0
2228,41.33,0.0,0.0,0.0,1.88,0.1769,39.45,0.0
2229,39.45,0.0,0.0,0.0,0.0,0.0,39.45,0.0
2230,37.5,0.0,0.0,0.0,0.0,0.0,37.5,0.0
2231,37.5,0.0,0.0,0.0,0.0,0.0,37.5,0.0
2232,37.5,0.0,0.0,0.0,0.0,0.0,37.5,0.0
2233,37.5,0.0,0.0,0.0,0.0,0.0,37.5,0.0
2234,37.5,0.0,0.0,0.0,0.0,0.0,37.5,0.0
2235,37.5,0.0,0.0,0.0,0.0,0.0,37.5,0.0
2236,37.5,0.0,0.0,0.0,0.0,0.0,37.5,0.0
2237,37.5,0.0,0.0,1.95,0.0,0.0,39.45,0.0
2238,37.5,0.0,0.0,0.0,0.0,0.1662,37.5,0.0
2239,39.45,0.0,9.34,0.0,0.0,0.1662,30.11,0.0
2240,41.33,0.0,20.22,0.0,0.0,0.1662,21.1,0.0
2241,43.05,0.0,26.71,9.79,0.0,0.1662,26.14,0.0
2242,44.57,0.0,34.99,0.0,0.0,0.9997,9.58,0.0
2243,45.81,0.0,38.41,0.0,0.0,0.9997,7.4,0.0
2244,46.74,0.0,40.84,0.0,0.0,0.9997,5.9,0.0
2245,47.31,0.0,38.88,0.0,0.0,0.9997,8.43,0.0
2246,47.5,0.0,35.3,0.0,0.0,0.9997,12.2,0.0
2247,47.31,0.0,26.85,0.0,0.0,0.9997,20.46,0.0
2248,46.74,0.0,18.24,0.0,0.0,0.9997,28.5,0.0
2249,45.81,0.0,9.32,0.0,0.0,0.9997,36.49,0.0
2250,44.57,0.0,0.0,0.0,5.12,0.9997,39.45,0.0
2251,43.05,0.0,0.0,0.0,3.6,0.5168,39.45,0.0
2252,41.33,0.0,0.0,0.0,1.87,0.1769,39.45,0.0
2253,39.45,0.0,0.0,0.0,0.0,0.0,39.45,0.0
2254,37.5,0.0,0.0,0.0,0.0,0.0,37.5,0.0
2255,37.5,0.0,0.0,0.0,0.0,0.0,37.5,0.0
2256,37.5,0.0,0.0,0.0,0.0,0.0,37.5,0.0
2257,37.5,0.0,0.0,0.0,0.0,0.0,37.5,0.0
2258,37.5,0.0,0.0,0.0,0.0,0.0,37.5,0.0
2259,37.5,0.0,0.0,0.0,0.0,0.0,37.5,0.0
2260,37.5,0.0,0.0,0.0,0.0,0.0,37.5,0.0
2261,37.5,0.0,0.0,0.0,0.0,0.0,37.5,0.0
2262,37.5,0.0,0.0,0.0,0.0,0.0,37.5,0.0
2263,39.45,0.0,8.85,0.0,0.0,0.0,30.6,0.0
2264,41.32,0.0,20.36,0.0,0.0,0.0,20.97,0.0
2265,43.05,0.0,26.82,0.0,0.0,0.0,16.24,0.0
2266,44.57,0.0,34.55,0.0,0.0,0.0,10.02,0.0
2267,45.81,0.0,39.71,0.0,0.0,0.0,6.1,0.0
2268,46.74,0.0,38.98,11.74,0.0,0.0,19.49,0.0
2269,47.31,0.0,39.2,0.0,0.0,0.9992,8.1,0.0
2270,47.5,0.0,34.99,0.0,0.0,0.9992,12.51,0.0
2271,47.31,0.0,28.06,0.0,0.0,0.9992,19.24,0.0
2272,46.74,0.0,19.85,0.0,0.0,0.9992,26.89,0.0
2273,45.81,0.0,10.25,0.0,0.0,0.9992,35.56,0.0
2274,44.57,0.0,0.0,0.0,5.12,0.9992,39.45,0.0
2275,43.05,0.0,0.0,0.0,3.6,0.5165,39.45,0.0
2276,41.32,0.0,0.0,0.0,1.87,0.1767,39.45,0.0
2277,39.45,0.0,0.0,0.0,0.0,0.0,39.45,0.0
2278,37.5,0.0,0.0,0.0,0.0,0.0,37.5,0.0
2279,37.5,0.0,0.0,0.0,0.0,0.0,37.5,0.0
2280,37.49,0.0,0.0,0.0,0.0,0.0,37.49,0.0
2281,37.49,0.0,0.0,0.0,0.0,0.0,37.49,0.0
2282,37.49,0.0,0.0,0.0,0.0,0.0,37.49,0.0
2283,37.49,0.0,0.0,0.0,0.0,0.0,37.49,0.0
2284,37.49,0.0,0.0,0.0,0.0,0.0,37.49,0.0
2285,37.49,0.0,0.0,0.0,0.0,0.0,37.49,0.0
2286,37.49,0.0,0.0,0.0,0.0,0.0,37.49,0.0
2287,39.45,0.0,8.71,0.0,0.0,0.0,30.73,0.0
2288,41.32,0.0,18.94,11.73,0.0,0.0,34.11,0.0
2289,43.05,0.0,27.17,0.0,0.0,0.9985,15.88,0.0
2290,44.57,0.0,34.75,0.0,0.0,0.9985,9.82,0.0
2291,45.81,0.0,39.35,0.0,0.0,0.9985,6.46,0.0
2292,46.73,0.0,39.9,0.0,0.0,0.9985,6.83,0.0
2293,47.3,0.0,39.13,0.0,0.0,0.9985,8.17,0.0
2294,47.49,0.0,35.72,0.0,0.0,0.9985,11.78,0.0
2295,47.3,0.0,27.21,0.0,0.0,0.9985,20.09,0.0
2296,46.73,0.0,18.69,0.0,0.0,0.9985,28.05,0.0
2297,45.81,0.0,9.52,0.0,0.0,0.9985,36.29,0.0
2298,44.57,0.0,0.0,0.0,5.11,0.9985,39.45,0.0
2299,43.05,0.0,0.0,0.0,3.6,0.516,39.45,0.0
2300,41.32,0.0,0.0,0.0,1.87,0.1765,39.45,0.0
2301,39.45,0.0,0.0,0.0,0.0,0.0,39.45,0.0
2302,37.49,0.0,0.0,0.0,0.0,0.0,37.49,0.0
2303,37.49,0.0,0.0,0.0,0.0,0.0,37.49,0.0
2304,37.49,0.0,0.0,0.0,0.0,0.0,37.49,0.0
2305,37.49,0.0,0.0,0.0,0.0,0.0,37.49,0.0
2306,37.49,0.0,0.0,0.0,0.0,0.0,37.49,0.0
2307,37.49,0.0,0.0,1.96,0.0,0.0,39.45,0.0
2308,37.49,0.0,0.0,1.96,0.0,0.1668,39.45,0.0
2309,37.49,0.0,0.0,0.0,0.0,0.3336,37.49,0.0
2310,37.49,0.0,0.0,0.0,0.0,0.3336,37.49,0.0
2311,39.44,0.0,8.72,7.8,0.0,0.3336,38.53,0.0
2312,41.32,0.0,18.37,0.0,0.0,0.9976,22.95,0.0
2313,43.05,0.0,28.82,0.0,0.0,0.9976,14.22,0.0
2314,44.56,0.0,35.05,0.0,0.0,0.9976,9.52,0.0
2315,45.81,0.0,38.47,0.0,0.0,0.9976,7.34,0.0
2316,46.73,0.0,39.98,0.0,0.0,0.9976,6.76,0.0
2317,47.3,0.0,38.27,0.0,0.0,0.9976,9.03,0.0
2318,47.49,0.0,33.8,0.0,0.0,0.9976,13.7,0.0
2319,47.3,0.0,28.77,0.0,0.0,0.9976,18.53,0.0
2320,46.73,0.0,19.51,0.0,0.0,0.9976,27.22,0.0
2321,45.81,0.0,10.42,0.0,0.0,0.9976,35.38,0.0
2322,44.56,0.0,0.0,0.0,5.11,0.9976,39.45,0.0
2323,43.05,0.0,0.0,0.0,3.6,0.5154,39.45,0.0
2324,41.32,0.0,0.0,0.0,1.87,0.1762,39.45,0.0
2325,39.44,0.0,0.0,0.0,0.0,0.0,39.44,0.0
2326,37.49,0.0,0.0,0.0,0.0,0.0,37.49,0.0
2327,37.49,0.0,0.0,0.0,0.0,0.0,37.49,0.0
2328,37.49,0.0,0.0,0.0,0.0,0.0,37.49,0.0
2329,37.49,0.0,0.0,0.0,0.0,0.0,37.49,0.0
2330,37.49,0.0,0.0,0.0,0.0,0.0,37.49,0.0
2331,37.49,0.0,0.0,0.0,0.0,0.0,37.49,0.0
2332,37.49,0.0,0.0,1.96,0.0,0.0,39.45,0.0
2333,37.49,0.0,0.0,1.96,0.0,0.1671,39.45,0.0
2334,37.49,0.0,0.0,0.0,0.0,0.3343,37.49,0.0
2335,39.44,0.0,10.05,0.0,0.0,0.3343,29.39,0.0
2336,41.31,0.0,18.8,0.0,0.0,0.3343,22.52,0.0
2337,43.04,0.0,29.13,0.0,0.0,0.3343,13.91,0.0
2338,44.56,0.0,35.21,7.78,0.0,0.3343,17.12,0.0
2339,45.8,0.0,38.98,0.0,0.0,0.9965,6.82,0.0
2340,46.73,0.0,41.32,0.0,0.0,0.9965,5.41,0.0
2341,47.3,0.0,38.63,0.0,0.0,0.9965,8.67,0.0
2342,47.49,0.0,34.26,0.0,0.0,0.9965,13.23,0.0
2343,47.3,0.0,27.98,0.0,0.0,0.9965,19.32,0.0
2344,46.73,0.0,18.78,0.0,0.0,0.9965,27.95,0.0
2345,45.8,0.0,10.49,0.0,0.0,0.9965,35.31,0.0
2346,44.56,0.0,0.0,0.0,5.11,0.9965,39.45,0.0
2347,43.04,0.0,0.0,0.0,3.59,0.5147,39.45,0.0
2348,41.31,0.0,0.0,0.0,1.86,0.1758,39.45,0.0
2349,39.44,0.0,0.0,0.0,0.0,0.0,39.44,0.0
2350,37.49,0.0,0.0,0.0,0.0,0.0,37.49,0.0
2351,37.49,0.0,0.0,0.0,0.0,0.0,37.49,0.0
2352,37.48,0.0,0.0,0.0,0.0,0.0,37.48,0.0
2353,37.48,0.0,0.0,0.0,0.0,0.0,37.48,0.0
2354,37.48,0.0,0.0,0.0,0.0,0.0,37.48,0.0
2355,37.48,0.0,0.0,0.0,0.0,0.0,37.48,0.0
2356,37.48,0.0,0.0,0.0,0.0,0.0,37.48,0.0
2357,37.48,0.0,0.0,0.0,0.0,0.0,37.48,0.0
2358,37.48,0.0,0.0,0.0,0.0,0.0,37.48,0.0
2359,39.43,0.0,10.63,0.0,0.0,0.0,28.8,0.0
2360,41.31,0.0,20.28,0.0,0.0,0.0,21.03,0.0
2361,43.04,0.0,29.45,0.0,0.0,0.0,13.59,0.0
2362,44.55,0.0,35.72,0.0,0.0,0.0,8.84,0.0
2363,45.8,0.0,38.31,0.0,0.0,0.0,7.48,0.0
2364,46.72,0.0,41.84,0.0,0.0,0.0,4.88,0.0
2365,47.29,0.0,39.28,11.69,0.0,0.0,19.7,0.0
2366,47.48,0.0,35.03,0.0,0.0,0.9952,12.46,0.0
2367,47.29,0.0,28.94,0.0,0.0,0.9952,18.35,0.0
2368,46.72,0.0,19.05,0.0,0.0,0.9952,27.67,0.0
2369,45.8,0.0,9.41,0.0,0.0,0.9952,36.38,0.0
2370,44.55,0.0,0.0,0.0,5.1,0.9952,39.45,0.0
2371,43.04,0.0,0.0,0.0,3.59,0.5138,39.45,0.0
2372,41.31,0.0,0.0,0.0,1.86,0.1754,39.45,0.0
2373,39.43,0.0,0.0,0.0,0.0,0.0,39.43,0.0
2374,37.48,0.0,0.0,0.0,0.0,0.0,37.48,0.0
2375,37.48,0.0,0.0,0.0,0.0,0.0,37.48,0.0
2376,37.48,0.0,0.0,0.0,0.0,0.0,37.48,0.0
2377,37.48,0.0,0.0,0.0,0.0,0.0,37.48,0.0
2378,37.48,0.0,0.0,0.0,0.0,0.0,37.48,0.0
2379,37.48,0.0,0.0,0.0,0.0,0.0,37.48,0.0
2380,37.48,0.0,0.0,0.0,0.0,0.0,37.48,0.0
2381,37.48,0.0,0.0,0.0,0.0,0.0,37.48,0.0
2382,37.48,0.0,0.0,0.0,0.0,0.0,37.48,0.0
2383,39.43,0.0,8.76,0.0,0.0,0.0,30.67,0.0
2384,41.3,0.0,20.83,0.0,0.0,0.0,20.47,0.0
2385,43.03,0.0,28.52,0.0,0.0,0.0,14.52,0.0
2386,44.55,0.0,34.96,0.0,0.0,0.0,9.59,0.0
2387,45.79,0.0,39.06,0.0,0.0,0.0,6.73,0.0
2388,46.72,0.0,40.55,0.0,0.0,0.0,6.17,0.0
2389,47.29,0.0,39.74,0.0,0.0,0.0,7.54,0.0
2390,47.48,0.0,36.36,0.0,0.0,0.0,11.12,0.0
2391,47.29,0.0,28.01,0.0,0.0,0.0,19.27,0.0
2392,46.72,0.0,20.93,11.67,0.0,0.0,37.46,0.0
2393,45.79,0.0,9.74,0.0,0.0,0.9937,36.05,0.0
2394,44.55,0.0,0.0,0.0,5.1,0.9937,39.45,0.0
2395,43.03,0.0,0.0,0.0,3.58,0.5128,39.45,0.0
2396,41.3,0.0,0.0,0.0,1.85,0.1749,39.45,0.0
2397,39.43,0.0,0.0,0.0,0.0,0.0,39.43,0.0
2398,37.48,0.0,0.0,0.0,0.0,0.0,37.48,0.0
2399,37.48,0.0,0.0,0.0,0.0,0.0,37.48,0.0
2400,37.47,0.0,0.0,0.0,0.0,0.0,37.47,0.0
2401,37.47,0.0,0.0,0.0,0.0,0.0,37.47,0.0
2402,37.47,0.0,0.0,0.0,0.0,0.0,37.47,0.0
2403,37.47,0.0,0.0,0.0,0.0,0.0,37.47,0.0
2404,37.47,0.0,0.0,0.0,0.0,0.0,37.47,0.0
2405,37.47,0.0,0.0,0.0,0.0,0.0,37.47,0.0
2406,37.47,0.0,0.0,0.0,0.0,0.0,37.47,0.0
2407,39.42,0.0,10.74,0.0,0.0,0.0,28.68,0.0
2408,41.3,0.0,18.94,0.0,0.0,0.0,22.36,0.0
2409,43.03,0.0,29.74,0.0,0.0,0.0,13.28,0.0
2410,44.54,0.0,34.59,0.0,0.0,0.0,9.95,0.0
2411,45.79,0.0,40.32,0.0,0.0,0.0,5.47,0.0
2412,46.71,0.0,42.18,0.0,0.0,0.0,4.54,0.0
2413,47.28,0.0,39.09,0.0,0.0,0.0,8.19,0.0
2414,47.47,0.0,36.57,0.0,0.0,0.0,10.9,0.0
2415,47.28,0.0,29.14,11.65,0.0,0.0,29.79,0.0
2416,46.71,0.0,20.98,0.0,0.0,0.992,25.73,0.0
2417,45.79,0.0,10.63,0.0,0.0,0.992,35.15,0.0
2418,44.54,0.0,0.0,0.0,5.09,0.992,39.45,0.0
2419,43.03,0.0,0.0,0.0,3.58,0.5117,39.45,0.0
2420,41.3,0.0,0.0,0.0,1.85,0.1743,39.45,0.0
2421,39.42,0.0,0.0,0.0,0.0,0.0,39.42,0.0
2422,37.47,0.0,0.0,0.0,0.0,0.0,37.47,0.0
2423,37.47,0.0,0.0,0.0,0.0,0.0,37.47,0.0
2424,37.46,0.0,0.0,0.0,0.0,0.0,37.46,0.0
2425,37.46,0.0,0.0,0.0,0.0,0.0,37.46,0.0
2426,37.46,0.0,0.0,0.0,0.0,0.0,37.46,0.0
2427,37.46,0.0,0.0,0.0,0.0,0.0,37.46,0.0
2428,37.46,0.0,0.0,0.0,0.0,0.0,37.46,0.0
2429,37.46,0.0,0.0,0.0,0.0,0.0,37.46,0.0
2430,37.46,0.0,0.0,0.0,0.0,0.0,37.46,0.0
2431,39.42,0.0,9.66,0.0,0.0,0.0,29.76,0.0
2432,41.29,0.0,19.7,0.0,0.0,0.0,21.59,0.0
2433,43.02,0.0,29.43,0.0,0.0,0.0,13.59,0.0
2434,44.54,0.0,34.66,0.0,0.0,0.0,9.88,0.0
2435,45.78,0.0,40.65,0.0,0.0,0.0,5.13,0.0
2436,46.7,0.0,40.24,0.0,0.0,0.0,6.46,0.0
2437,47.27,0.0,39.45,0.0,0.0,0.0,7.82,0.0
2438,47.46,0.0,34.42,0.0,0.0,0.0,13.04,0.0
2439,47.27,0.0,29.27,8.54,0.0,0.0,26.54,0.0
2440,46.7,0.0,18.92,0.0,0.0,0.7271,27.79,0.0
2441,45.78,0.0,9.42,3.09,0.0,0.7271,39.45,0.0
2442,44.54,0.0,0.0,0.0,5.09,0.9901,39.45,0.0
2443,43.02,0.0,0.0,0.0,3.57,0.5104,39.45,0.0
2444,41.29,0.0,0.0,0.0,1.84,0.1737,39.45,0.0
2445,39.42,0.0,0.0,0.0,0.0,0.0,39.42,0.0
2446,37.46,0.0,0.0,0.0,0.0,0.0,37.46,0.0
2447,37.46,0.0,0.0,0.0,0.0,0.0,37.46,0.0
2448,37.46,0.0,0.0,0.0,0.0,0.0,37.46,0.0
2449,37.46,0.0,0.0,0.0,0.0,0.0,37.46,0.0
2450,37.46,0.0,0.0,0.0,0.0,0.0,37.46,0.0
2451,37.46,0.0,0.0,0.0,0.0,0.0,37.46,0.0
2452,37.46,0.0,0.0,0.0,0.0,0.0,37.46,0.0
2453,37.46,0.0,0.0,0.0,0.0,0.0,37.46,0.0
2454,37.46,0.0,0.0,0.0,0.0,0.0,37.46,0.0
2455,39.41,0.0,10.05,0.0,0.0,0.0,29.36,0.0
2456,41.28,0.0,20.07,0.0,0.0,0.0,21.22,0.0
2457,43.01,0.0,28.47,0.0,0.0,0.0,14.54,0.0
2458,44.53,0.0,34.7,0.0,0.0,0.0,9.83,0.0
2459,45.77,0.0,39.99,0.0,0.0,0.0,5.79,0.0
2460,46.7,0.0,40.95,0.0,0.0,0.0,5.75,0.0
2461,47.27,0.0,39.64,0.0,0.0,0.0,7.62,0.0
2462,47.46,0.0,36.67,0.0,0.0,0.0,10.79,0.0
2463,47.27,0.0,28.54,8.14,0.0,0.0,26.87,0.0
2464,46.7,0.0,21.16,0.0,0.0,0.6934,25.54,0.0
2465,45.77,0.0,9.78,3.46,0.0,0.6934,39.45,0.0
2466,44.53,0.0,0.0,0.0,5.08,0.9879,39.45,0.0
2467,43.01,0.0,0.0,0.0,3.56,0.509,39.45,0.0
2468,41.28,0.0,0.0,0.0,1.83,0.1729,39.45,0.0
2469,39.41,0.0,0.0,0.0,0.0,0.0,39.41,0.0
2470,37.46,0.0,0.0,0.0,0.0,0.0,37.46,0.0
2471,37.46,0.0,0.0,0.0,0.0,0.0,37.46,0.0
2472,37.45,0.0,0.0,0.0,0.0,0.0,37.45,0.0
2473,37.45,0.0,0.0,0.0,0.0,0.0,37.45,0.0
2474,37.45,0.0,0.0,0.0,0.0,0.0,37.45,0.0
2475,37.45,0.0,0.0,0.0,0.0,0.0,37.45,0.0
2476,37.45,0.0,0.0,0.0,0.0,0.0,37.45,0.0
2477,37.45,0.0,0.0,0.0,0.0,0.0,37.45,0.0
2478,37.45,0.0,0.0,0.0,0.0,0.0,37.45,0.0
2479,39.4,0.0,10.26,10.31,0.0,0.0,39.45,0.0
2480,41.28,0.0,21.11,1.27,0.0,0.8775,21.43,0.0
2481,43.0,0.0,28.53,0.0,0.0,0.9856,14.47,0.0
2482,44.52,0.0,36.46,0.0,0.0,0.9856,8.06,0.0
2483,45.76,0.0,39.17,0.0,0.0,0.9856,6.6,0.0
2484,46.69,0.0,41.21,0.0,0.0,0.9856,5.47,0.0
2485,47.26,0.0,39.03,0.0,0.0,0.9856,8.23,0.0
2486,47.45,0.0,36.83,0.0,0.0,0.9856,10.62,0.0
2487,47.26,0.0,27.78,0.0,0.0,0.9856,19.48,0.0
2488,46.69,0.0,20.38,0.0,0.0,0.9856,26.31,0.0
2489,45.76,0.0,9.72,0.0,0.0,0.9856,36.04,0.0
2490,44.52,0.0,0.0,0.0,5.07,0.9856,39.45,0.0
2491,43.0,0.0,0.0,0.0,3.55,0.5074,39.45,0.0
2492,41.28,0.0,0.0,0.0,1.82,0.1722,39.45,0.0
2493,39.4,0.0,0.0,0.0,0.0,0.0,39.4,0.0
2494,37.45,0.0,0.0,0.0,0.0,0.0,37.45,0.0
2495,37.45,0.0,0.0,0.0,0.0,0.0,37.45,0.0
2496,37.44,0.0,0.0,0.0,0.0,0.0,37.44,0.0
2497,37.44,0.0,0.0,0.0,0.0,0.0,37.44,0.0
2498,37.44,0.0,0.0,0.0,0.0,0.0,37.44,0.0
2499,37.44,0.0,0.0,0.0,0.0,0.0,37.44,0.0
2500,37.44,0.0,0.0,0.0,0.0,0.0,37.44,0.0
2501,37.44,0.0,0.0,0.0,0.0,0.0,37.44,0.0
2502,37.44,0.0,0.0,0.0,0.0,0.0,37.44,0.0
2503,39.39,0.0,9.24,0.0,0.0,0.0,30.15,0.0
2504,41.27,0.0,19.37,0.0,0.0,0.0,21.9,0.0
2505,43.0,0.0,29.21,7.42,0.0,0.0,21.21,0.0
2506,44.51,0.0,35.76,0.0,0.0,0.6319,8.75,0.0
2507,45.75,0.0,39.36,0.0,0.0,0.6319,6.4,0.0
2508,46.68,0.0,40.49,0.0,0.0,0.6319,6.19,0.0
2509,47.25,0.0,41.35,0.0,0.0,0.6319,5.9,0.0
2510,47.44,0.0,36.8,0.0,0.0,0.6319,10.64,0.0
2511,47.25,0.0,28.2,0.0,0.0,0.6319,19.05,0.0
2512,46.68,0.0,19.78,0.0,0.0,0.6319,26.9,0.0
2513,45.75,0.0,10.43,4.12,0.0,0.6319,39.45,0.0
2514,44.51,0.0,0.0,0.0,5.06,0.983,39.45,0.0
2515,43.0,0.0,0.0,0.0,3.54,0.5057,39.45,0.0
2516,41.27,0.0,0.0,0.0,1.82,0.1713,39.45,0.0
2517,39.39,0.0,0.0,0.0,0.0,0.0,39.39,0.0
2518,37.44,0.0,0.0,0.0,0.0,0.0,37.44,0.0
2519,37.44,0.0,0.0,0.0,0.0,0.0,37.44,0.0
2520,37.43,0.0,0.0,0.0,0.0,0.0,37.43,0.0
2521,37.43,0.0,0.0,0.0,0.0,0.0,37.43,0.0
2522,37.43,0.0,0.0,0.0,0.0,0.0,37.43,0.0
2523,37.43,0.0,0.0,0.0,0.0,0.0,37.43,0.0
2524,37.43,0.0,0.0,0.0,0.0,0.0,37.43,0.0
2525,37.43,0.0,0.0,0.0,0.0,0.0,37.43,0.0
2526,37.43,0.0,0.0,0.0,0.0,0.0,37.43,0.0
2527,39.38,0.0,8.85,0.0,0.0,0.0,30.53,0.0
2528,41.26,0.0,20.31,0.0,0.0,0.0,20.94,0.0
2529,42.99,0.0,28.18,0.0,0.0,0.0,14.81,0.0
2530,44.5,0.0,35.47,0.0,0.0,0.0,9.03,0.0
2531,45.74,0.0,39.26,0.0,0.0,0.0,6.49,0.0
2532,46.67,0.0,41.16,0.0,0.0,0.0,5.51,0.0
2533,47.24,0.0,40.99,0.0,0.0,0.0,6.24,0.0
2534,47.43,0.0,35.57,11.51,0.0,0.0,23.38,0.0
2535,47.24,0.0,29.83,0.0,0.0,0.9803,17.41,0.0
2536,46.67,0.0,20.8,0.0,0.0,0.9803,25.87,0.0
2537,45.74,0.0,10.59,0.0,0.0,0.9803,35.15,0.0
2538,44.5,0.0,0.0,0.0,5.05,0.9803,39.45,0.0
2539,42.99,0.0,0.0,0.0,3.54,0.5039,39.45,0.0
2540,41.26,0.0,0.0,0.0,1.81,0.1704,39.45,0.0
2541,39.38,0.0,0.0,0.0,0.0,0.0,39.38,0.0
2542,37.43,0.0,0.0,0.0,0.0,0.0,37.43,0.0
2543,37.43,0.0,0.0,0.0,0.0,0.0,37.43,0.0
2544,37.42,0.0,0.0,0.0,0.0,0.0,37.42,0.0
2545,37.42,0.0,0.0,0.0,0.0,0.0,37.42,0.0
2546,37.42,0.0,0.0,0.0,0.0,0.0,37.42,0.0
2547,37.42,0.0,0.0,0.0,0.0,0.0,37.42,0.0
2548,37.42,0.0,0.0,0.0,0.0,0.0,37.42,0.0
2549,37.42,0.0,0.0,0.0,0.0,0.0,37.42,0.0
2550,37.42,0.0,0.0,0.0,0.0,0.0,37.42,0.0
2551,39.37,0.0,8.75,0.0,0.0,0.0,30.62,0.0
2552,41.25,0.0,21.21,0.0,0.0,0.0,20.04,0.0
2553,42.98,0.0,29.73,0.0,0.0,0.0,13.25,0.0
2554,44.49,0.0,35.2,0.0,0.0,0.0,9.29,0.0
2555,45.73,0.0,40.14,0.0,0.0,0.0,5.59,0.0
2556,46.66,0.0,41.95,0.0,0.0,0.0,4.7,0.0
2557,47.23,0.0,41.29,0.0,0.0,0.0,5.94,0.0
2558,47.42,0.0,35.45,0.0,0.0,0.0,11.97,0.0
2559,47.23,0.0,29.71,0.0,0.0,0.0,17.52,0.0
2560,46.66,0.0,19.75,11.48,0.0,0.0,38.39,0.0
2561,45.73,0.0,9.75,0.0,0.0,0.9773,35.98,0.0
2562,44.49,0.0,0.0,0.0,5.04,0.9773,39.45,0.0
2563,42.98,0.0,0.0,0.0,3.52,0.5019,39.45,0.0
2564,41.25,0.0,0.0,0.0,1.8,0.1694,39.45,0.0
2565,39.37,0.0,0.0,0.0,0.0,0.0,39.37,0.0
2566,37.42,0.0,0.0,0.0,0.0,0.0,37.42,0.0
2567,37.42,0.0,0.0,0.0,0.0,0.0,37.42,0.0
2568,37.41,0.0,0.0,0.0,0.0,0.0,37.41,0.0
2569,37.41,0.0,0.0,0.0,0.0,0.0,37.41,0.0
2570,37.41,0.0,0.0,0.0,0.0,0.0,37.41,0.0
2571,37.41,0.0,0.0,0.0,0.0,0.0,37.41,0.0
2572,37.41,0.0,0.0,2.04,0.0,0.0,39.45,0.0
2573,37.41,0.0,0.0,2.04,0.0,0.1739,39.45,0.0
2574,37.41,0.0,0.0,2.04,0.0,0.3477,39.45,0.0
2575,39.36,0.0,11.1,0.0,0.0,0.5216,28.26,0.0
2576,41.24,0.0,21.13,0.0,0.0,0.5216,20.1,0.0
2577,42.96,0.0,30.6,0.0,0.0,0.5216,12.37,0.0
2578,44.48,0.0,35.52,0.0,0.0,0.5216,8.96,0.0
2579,45.72,0.0,40.4,0.0,0.0,0.5216,5.32,0.0
2580,46.65,0.0,41.98,0.0,0.0,0.5216,4.67,0.0
2581,47.22,0.0,41.82,0.0,0.0,0.5216,5.4,0.0
2582,47.41,0.0,35.44,0.0,0.0,0.5216,11.97,0.0
2583,47.22,0.0,30.62,0.91,0.0,0.5216,17.5,0.0
2584,46.65,0.0,19.74,0.0,0.0,0.5992,26.91,0.0
2585,45.72,0.0,10.68,4.4,0.0,0.5992,39.45,0.0
2586,44.48,0.0,0.0,0.0,5.03,0.9742,39.45,0.0
2587,42.96,0.0,0.0,0.0,3.51,0.4998,39.45,0.0
2588,41.24,0.0,0.0,0.0,1.78,0.1684,39.45,0.0
2589,39.36,0.0,0.0,0.0,0.0,0.0,39.36,0.0
2590,37.41,0.0,0.0,0.0,0.0,0.0,37.41,0.0
2591,37.41,0.0,0.0,0.0,0.0,0.0,37.41,0.0
2592,37.4,0.0,0.0,0.0,0.0,0.0,37.4,0.0
2593,37.4,0.0,0.0,0.0,0.0,0.0,37.4,0.0
2594,37.4,0.0,0.0,0.0,0.0,0.0,37.4,0.0
2595,37.4,0.0,0.0,0.0,0.0,0.0,37.4,0.0
2596,37.4,0.0,0.0,0.0,0.0,0.0,37.4,0.0
2597,37.4,0.0,0.0,0.0,0.0,0.0,37.4,0.0
2598,37.4,0.0,0.0,0.0,0.0,0.0,37.4,0.0
2599,39.35,0.0,11.1,0.0,0.0,0.0,28.25,0.0
2600,41.22,0.0,20.78,0.0,0.0,0.0,20.45,0.0
2601,42.95,0.0,30.33,0.0,0.0,0.0,12.62,0.0
2602,44.47,0.0,36.41,0.0,0.0,0.0,8.05,0.0
2603,45.71,0.0,41.4,0.0,0.0,0.0,4.31,0.0
2604,46.64,0.0,42.46,11.4,0.0,0.0,15.58,0.0
2605,47.2,0.0,41.08,0.0,0.0,0.9708,6.12,0.0
2606,47.4,0.0,35.96,0.0,0.0,0.9708,11.44,0.0
2607,47.2,0.0,28.92,0.0,0.0,0.9708,18.28,0.0
2608,46.64,0.0,20.7,0.0,0.0,0.9708,25.94,0.0
2609,45.71,0.0,10.65,0.0,0.0,0.9708,35.06,0.0
2610,44.47,0.0,0.0,0.0,5.02,0.9708,39.45,0.0
2611,42.95,0.0,0.0,0.0,3.5,0.4975,39.45,0.0
2612,41.22,0.0,0.0,0.0,1.77,0.1672,39.45,0.0
2613,39.35,0.0,0.0,0.0,0.0,0.0,39.35,0.0
2614,37.4,0.0,0.0,0.0,0.0,0.0,37.4,0.0
2615,37.4,0.0,0.0,0.0,0.0,0.0,37.4,0.0
2616,37.38,0.0,0.0,0.0,0.0,0.0,37.38,0.0
2617,37.38,0.0,0.0,0.0,0.0,0.0,37.38,0.0
2618,37.38,0.0,0.0,0.0,0.0,0.0,37.38,0.0
2619,37.38,0.0,0.0,0.0,0.0,0.0,37.38,0.0
2620,37.38,0.0,0.0,0.0,0.0,0.0,37.38,0.0
2621,37.38,0.0,0.0,2.07,0.0,0.0,39.45,0.0
2622,37.38,0.0,0.0,0.0,0.0,0.176,37.38,0.0
2623,39.34,0.0,9.87,0.0,0.0,0.176,29.47,0.0
2624,41.21,0.0,20.78,0.0,0.0,0.176,20.43,0.0
2625,42.94,0.0,29.04,0.0,0.0,0.176,13.9,0.0
2626,44.46,0.0,35.77,0.0,0.0,0.176,8.68,0.0
2627,45.7,0.0,40.35,0.0,0.0,0.176,5.35,0.0
2628,46.62,0.0,41.63,0.0,0.0,0.176,5.0,0.0
2629,47.19,0.0,40.31,0.0,0.0,0.176,6.89,0.0
2630,47.38,0.0,37.4,0.0,0.0,0.176,9.98,0.0
2631,47.19,0.0,28.95,0.0,0.0,0.176,18.24,0.0
2632,46.62,0.0,21.34,9.29,0.0,0.176,34.58,0.0
2633,45.7,0.0,11.04,0.0,0.0,0.9672,34.65,0.0
2634,44.46,0.0,0.0,0.0,5.0,0.9672,39.45,0.0
2635,42.94,0.0,0.0,0.0,3.49,0.4952,39.45,0.0
2636,41.21,0.0,0.0,0.0,1.76,0.166,39.45,0.0
2637,39.34,0.0,0.0,0.0,0.0,0.0,39.34,0.0
2638,37.38,0.0,0.0,0.0,0.0,0.0,37.38,0.0
2639,37.38,0.0,0.0,0.0,0.0,0.0,37.38,0.0
2640,37.37,0.0,0.0,0.0,0.0,0.0,37.37,0.0
2641,37.37,0.0,0.0,0.0,0.0,0.0,37.37,0.0
2642,37.37,0.0,0.0,0.0,0.0,0.0,37.37,0.0
2643,37.37,0.0,0.0,0.0,0.0,0.0,37.37,0.0
2644,37.37,0.0,0.0,0.0,0.0,0.0,37.37,0.0
2645,37.37,0.0,0.0,2.08,0.0,0.0,39.45,0.0
2646,37.37,0.0,0.0,2.08,0.0,0.1771,39.45,0.0
2647,39.32,0.0,11.27,0.0,0.0,0.3542,28.05,0.0
2648,41.2,0.0,20.53,0.0,0.0,0.3542,20.67,0.0
2649,42.93,0.0,30.18,0.0,0.0,0.3542,12.74,0.0
2650,44.44,0.0,35.87,0.0,0.0,0.3542,8.58,0.0
2651,45.69,0.0,40.41,7.16,0.0,0.3542,12.43,0.0
2652,46.61,0.0,42.57,0.0,0.0,0.9635,4.04,0.0
2653,47.18,0.0,41.11,0.0,0.0,0.9635,6.07,0.0
2654,47.37,0.0,37.71,0.0,0.0,0.9635,9.66,0.0
2655,47.18,0.0,30.37,0.0,0.0,0.9635,16.81,0.0
2656,46.61,0.0,20.15,0.0,0.0,0.9635,26.45,0.0
2657,45.69,0.0,11.16,0.0,0.0,0.9635,34.52,0.0
2658,44.44,0.0,0.0,0.0,4.99,0.9635,39.45,0.0
2659,42.93,0.0,0.0,0.0,3.48,0.4927,39.45,0.0
2660,41.2,0.0,0.0,0.0,1.75,0.1648,39.45,0.0
2661,39.32,0.0,0.0,0.0,0.0,0.0,39.32,0.0
2662,37.37,0.0,0.0,0.0,0.0,0.0,37.37,0.0
2663,37.37,0.0,0.0,0.0,0.0,0.0,37.37,0.0
2664,37.36,0.0,0.0,0.0,0.0,0.0,37.36,0.0
2665,37.36,0.0,0.0,0.0,0.0,0.0,37.36,0.0
2666,37.36,0.0,0.0,0.0,0.0,0.0,37.36,0.0
2667,37.36,0.0,0.0,0.0,0.0,0.0,37.36,0.0
2668,37.36,0.0,0.0,0.0,0.0,0.0,37.36,0.0
2669,37.36,0.0,0.0,0.0,0.0,0.0,37.36,0.0
2670,37.36,0.0,0.0,0.0,0.0,0.0,37.36,0.0
2671,39.31,0.0,9.56,0.0,0.0,0.0,29.75,0.0
2672,41.18,0.0,19.58,0.0,0.0,0.0,21.6,0.0
2673,42.91,0.0,28.79,0.0,0.0,0.0,14.13,0.0
2674,44.43,0.0,37.72,0.0,0.0,0.0,6.71,0.0
2675,45.67,0.0,41.41,0.0,0.0,0.0,4.27,0.0
2676,46.6,0.0,42.45,0.0,0.0,0.0,4.15,0.0
2677,47.16,0.0,40.62,0.0,0.0,0.0,6.55,0.0
2678,47.36,0.0,36.71,11.27,0.0,0.0,21.91,0.0
2679,47.16,0.0,29.46,0.0,0.0,0.9595,17.7,0.0
2680,46.6,0.0,21.66,0.0,0.0,0.9595,24.93,0.0
2681,45.67,0.0,10.37,0.0,0.0,0.9595,35.3,0.0
2682,44.43,0.0,0.0,0.0,4.98,0.9595,39.45,0.0
2683,42.91,0.0,0.0,0.0,3.46,0.49,39.45,0.0
2684,41.18,0.0,0.0,0.0,1.73,0.1635,39.45,0.0
2685,39.31,0.0,0.0,0.0,0.0,0.0,39.31,0.0
2686,37.36,0.0,0.0,0.0,0.0,0.0,37.36,0.0
2687,37.36,0.0,0.0,0.0,0.0,0.0,37.36,0.0
2688,37.34,0.0,0.0,0.0,0.0,0.0,37.34,0.0
2689,37.34,0.0,0.0,0.0,0.0,0.0,37.34,0.0
2690,37.34,0.0,0.0,0.0,0.0,0.0,37.34,0.0
2691,37.34,0.0,0.0,0.0,0.0,0.0,37.34,0.0
2692,37.34,0.0,0.0,0.0,0.0,0.0,37.34,0.0
2693,37.34,0.0,0.0,2.11,0.0,0.0,39.45,0.0
2694,37.34,0.0,0.0,2.11,0.0,0.1795,39.45,0.0
2695,39.29,0.0,10.74,7.0,0.0,0.359,35.56,0.0
2696,41.17,0.0,19.78,0.0,0.0,0.9554,21.39,0.0
2697,42.9,0.0,29.7,0.0,0.0,0.9554,13.2,0.0
2698,44.41,0.0,37.81,0.0,0.0,0.9554,6.6,0.0
2699,45.66,0.0,42.37,0.0,0.0,0.9554,3.29,0.0
2700,46.58,0.0,43.81,0.0,0.0,0.9554,2.77,0.0
2701,47.15,0.0,40.67,0.0,0.0,0.9554,6.48,0.0
2702,47.34,0.0,37.6,0.0,0.0,0.9554,9.74,0.0
2703,47.15,0.0,30.55,0.0,0.0,0.9554,16.6,0.0
2704,46.58,0.0,21.7,0.0,0.0,0.9554,24.88,0.0
2705,45.66,0.0,9.94,0.0,0.0,0.9554,35.72,0.0
2706,44.41,0.0,0.0,0.0,4.96,0.9554,39.45,0.0
2707,42.9,0.0,0.0,0.0,3.45,0.4872,39.45,0.0
2708,41.17,0.0,0.0,0.0,1.72,0.1621,39.45,0.0
2709,39.29,0.0,0.0,0.0,0.0,0.0,39.29,0.0
2710,37.34,0.0,0.0,0.0,0.0,0.0,37.34,0.0
2711,37.34,0.0,0.0,0.0,0.0,0.0,37.34,0.0
2712,37.33,0.0,0.0,0.0,0.0,0.0,37.33,0.0
2713,37.33,0.0,0.0,0.0,0.0,0.0,37.33,0.0
2714,37.33,0.0,0.0,0.0,0.0,0.0,37.33,0.0
2715,37.33,0.0,0.0,0.0,0.0,0.0,37.33,0.0
2716,37.33,0.0,0.0,0.0,0.0,0.0,37.33,0.0
2717,37.33,0.0,0.0,0.0,0.0,0.0,37.33,0.0
2718,37.33,0.0,0.0,0.0,0.0,0.0,37.33,0.0
2719,39.28,0.0,10.41,0.0,0.0,0.0,28.87,0.0
2720,41.15,0.0,21.56,0.0,0.0,0.0,19.6,0.0
2721,42.88,0.0,30.62,0.0,0.0,0.0,12.26,0.0
2722,44.4,0.0,36.76,0.0,0.0,0.0,7.64,0.0
2723,45.64,0.0,41.13,0.0,0.0,0.0,4.52,0.0
2724,46.57,0.0,43.06,0.0,0.0,0.0,3.51,0.0
2725,47.13,0.0,42.57,11.17,0.0,0.0,15.73,0.0
2726,47.33,0.0,36.13,0.0,0.0,0.951,11.2,0.0
2727,47.13,0.0,30.65,0.0,0.0,0.951,16.49,0.0
2728,46.57,0.0,20.68,0.0,0.0,0.951,25.89,0.0
2729,45.64,0.0,9.64,0.0,0.0,0.951,36.0,0.0
2730,44.4,0.0,0.0,0.0,4.95,0.951,39.45,0.0
2731,42.88,0.0,0.0,0.0,3.43,0.4843,39.45,0.0
2732,41.15,0.0,0.0,0.0,1.7,0.1606,39.45,0.0
2733,39.28,0.0,0.0,0.0,0.0,0.0,39.28,0.0
2734,37.33,0.0,0.0,0.0,0.0,0.0,37.33,0.0
2735,37.33,0.0,0.0,0.0,0.0,0.0,37.33,0.0
2736,37.31,0.0,0.0,0.0,0.0,0.0,37.31,0.0
2737,37.31,0.0,0.0,0.0,0.0,0.0,37.31,0.0
2738,37.31,0.0,0.0,0.0,0.0,0.0,37.31,0.0
2739,37.31,0.0,0.0,0.0,0.0,0.0,37.31,0.0
2740,37.31,0.0,0.0,0.0,0.0,0.0,37.31,0.0
2741,37.31,0.0,0.0,0.0,0.0,0.0,37.31,0.0
2742,37.31,0.0,0.0,0.0,0.0,0.0,37.31,0.0
2743,39.26,0.0,9.65,0.0,0.0,0.0,29.61,0.0
2744,41.14,0.0,20.73,0.0,0.0,0.0,20.41,0.0
2745,42.87,0.0,29.08,0.0,0.0,0.0,13.79,0.0
2746,44.38,0.0,36.82,0.0,0.0,0.0,7.56,0.0
2747,45.63,0.0,40.46,0.0,0.0,0.0,5.16,0.0
2748,46.55,0.0,42.31,0.0,0.0,0.0,4.24,0.0
2749,47.12,0.0,40.88,11.12,0.0,0.0,17.35,0.0
2750,47.31,0.0,36.07,0.0,0.0,0.9464,11.24,0.0
2751,47.12,0.0,29.84,0.0,0.0,0.9464,17.28,0.0
2752,46.55,0.0,21.38,0.0,0.0,0.9464,25.17,0.0
2753,45.63,0.0,11.22,0.0,0.0,0.9464,34.41,0.0
2754,44.38,0.0,0.0,0.0,4.93,0.9464,39.45,0.0
2755,42.87,0.0,0.0,0.0,3.42,0.4813,39.45,0.0
2756,41.14,0.0,0.0,0.0,1.69,0.1591,39.45,0.0
2757,39.26,0.0,0.0,0.0,0.0,0.0,39.26,0.0
2758,37.31,0.0,0.0,0.0,0.0,0.0,37.31,0.0
2759,37.31,0.0,0.0,0.0,0.0,0.0,37.31,0.0
2760,37.29,0.0,0.0,0.0,0.0,0.0,37.29,0.0
2761,37.29,0.0,0.0,0.0,0.0,0.0,37.29,0.0
2762,37.29,0.0,0.0,0.0,0.0,0.0,37.29,0.0
2763,37.29,0.0,0.0,0.0,0.0,0.0,37.29,0.0
2764,37.29,0.0,0.0,0.0,0.0,0.0,37.29,0.0
2765,37.29,0.0,0.0,0.0,0.0,0.0,37.29,0.0
2766,37.29,0.0,0.0,0.0,0.0,0.0,37.29,0.0
2767,39.24,0.0,9.51,0.0,0.0,0.0,29.73,0.0
2768,41.12,0.0,21.65,0.0,0.0,0.0,19.47,0.0
2769,42.85,0.0,29.62,0.0,0.0,0.0,13.23,0.0
2770,44.37,0.0,36.14,0.0,0.0,0.0,8.23,0.0
2771,45.61,0.0,40.62,0.0,0.0,0.0,4.99,0.0
2772,46.53,0.0,43.38,0.0,0.0,0.0,3.15,0.0
2773,47.1,0.0,40.85,0.0,0.0,0.0,6.26,0.0
2774,47.29,0.0,37.15,0.0,0.0,0.0,10.14,0.0
2775,47.1,0.0,30.07,0.0,0.0,0.0,17.04,0.0
2776,46.53,0.0,21.65,11.06,0.0,0.0,35.94,0.0
2777,45.61,0.0,10.57,0.0,0.0,0.9417,35.04,0.0
2778,44.37,0.0,0.0,0.0,4.91,0.9417,39.45,0.0
2779,42.85,0.0,0.0,0.0,3.4,0.4781,39.45,0.0
2780,41.12,0.0,0.0,0.0,1.67,0.1575,39.45,0.0
2781,39.24,0.0,0.0,0.0,0.0,0.0,39.24,0.0
2782,37.29,0.0,0.0,0.0,0.0,0.0,37.29,0.0
2783,37.29,0.0,0.0,0.0,0.0,0.0,37.29,0.0
2784,37.28,0.0,0.0,0.0,0.0,0.0,37.28,0.0
2785,37.28,0.0,0.0,0.0,0.0,0.0,37.28,0.0
2786,37.28,0.0,0.0,0.0,0.0,0.0,37.28,0.0
2787,37.28,0.0,0.0,0.0,0.0,0.0,37.28,0.0
2788,37.28,0.0,0.0,0.0,0.0,0.0,37.28,0.0
2789,37.28,0.0,0.0,0.0,0.0,0.0,37.28,0.0
2790,37.28,0.0,0.0,0.0,0.0,0.0,37.28,0.0
2791,39.23,0.0,11.36,0.0,0.0,0.0,27.87,0.0
2792,41.1,0.0,20.39,0.0,0.0,0.0,20.71,0.0
2793,42.83,0.0,31.07,0.0,0.0,0.0,11.76,0.0
2794,44.35,0.0,37.06,0.0,0.0,0.0,7.29,0.0
2795,45.59,0.0,42.42,0.0,0.0,0.0,3.17,0.0
2796,46.52,0.0,42.93,0.0,0.0,0.0,3.58,0.0
2797,47.08,0.0,42.77,0.0,0.0,0.0,4.31,0.0
2798,47.28,0.0,37.11,0.0,0.0,0.0,10.17,0.0
2799,47.08,0.0,31.07,11.0,0.0,0.0,27.02,0.0
2800,46.52,0.0,21.07,0.0,0.0,0.9368,25.44,0.0
2801,45.59,0.0,9.42,0.0,0.0,0.9368,36.17,0.0
2802,44.35,0.0,0.0,0.0,4.9,0.9368,39.45,0.0
2803,42.83,0.0,0.0,0.0,3.38,0.4749,39.45,0.0
2804,41.1,0.0,0.0,0.0,1.65,0.1559,39.45,0.0
2805,39.23,0.0,0.0,0.0,0.0,0.0,39.23,0.0
2806,37.28,0.0,0.0,0.0,0.0,0.0,37.28,0.0
2807,37.28,0.0,0.0,0.0,0.0,0.0,37.28,0.0
2808,37.26,0.0,0.0,0.0,0.0,0.0,37.26,0.0
2809,37.26,0.0,0.0,0.0,0.0,0.0,37.26,0.0
2810,37.26,0.0,0.0,0.0,0.0,0.0,37.26,0.0
2811,37.26,0.0,0.0,0.0,0.0,0.0,37.26,0.0
2812,37.26,0.0,0.0,0.0,0.0,0.0,37.26,0.0
2813,37.26,0.0,0.0,0.0,0.0,0.0,37.26,0.0
2814,37.26,0.0,0.0,0.0,0.0,0.0,37.26,0.0
2815,39.21,0.0,10.81,0.0,0.0,0.0,28.4,0.0
2816,41.09,0.0,21.37,0.0,0.0,0.0,19.71,0.0
2817,42.81,0.0,31.1,0.0,0.0,0.0,11.71,0.0
2818,44.33,0.0,37.67,0.0,0.0,0.0,6.66,0.0
2819,45.57,0.0,42.01,0.0,0.0,0.0,3.57,0.0
2820,46.5,0.0,42.45,0.0,0.0,0.0,4.05,0.0
2821,47.07,0.0,42.17,0.0,0.0,0.0,4.9,0.0
2822,47.26,0.0,36.64,0.0,0.0,0.0,10.61,0.0
2823,47.07,0.0,31.23,0.0,0.0,0.0,15.84,0.0
2824,46.5,0.0,21.04,10.94,0.0,0.0,36.4,0.0
2825,45.57,0.0,10.14,0.0,0.0,0.9316,35.43,0.0
2826,44.33,0.0,0.0,0.0,4.88,0.9316,39.45,0.0
2827,42.81,0.0,0.0,0.0,3.36,0.4714,39.45,0.0
2828,41.09,0.0,0.0,0.0,1.63,0.1542,39.45,0.0
2829,39.21,0.0,0.0,0.0,0.0,0.0,39.21,0.0
2830,37.26,0.0,0.0,0.0,0.0,0.0,37.26,0.0
2831,37.26,0.0,0.0,0.0,0.0,0.0,37.26,0.0
2832,37.24,0.0,0.0,0.0,0.0,0.0,37.24,0.0
2833,37.24,0.0,0.0,0.0,0.0,0.0,37.24,0.0
2834,37.24,0.0,0.0,0.0,0.0,0.0,37.24,0.0
2835,37.24,0.0,0.0,0.0,0.0,0.0,37.24,0.0
2836,37.24,0.0,0.0,0.0,0.0,0.0,37.24,0.0
2837,37.24,0.0,0.0,0.0,0.0,0.0,37.24,0.0
2838,37.24,0.0,0.0,0.0,0.0,0.0,37.24,0.0
2839,39.19,0.0,9.48,0.0,0.0,0.0,29.71,0.0
2840,41.07,0.0,21.51,0.0,0.0,0.0,19.55,0.0
2841,42.8,0.0,31.34,0.0,0.0,0.0,11.46,0.0
2842,44.31,0.0,38.37,0.0,0.0,0.0,5.94,0.0
2843,45.55,0.0,42.12,0.0,0.0,0.0,3.43,0.0
2844,46.48,0.0,43.26,0.0,0.0,0.0,3.22,0.0
2845,47.05,0.0,41.96,0.0,0.0,0.0,5.09,0.0
2846,47.24,0.0,38.6,0.0,0.0,0.0,8.64,0.0
2847,47.05,0.0,29.96,0.0,0.0,0.0,17.09,0.0
2848,46.48,0.0,20.51,10.88,0.0,0.0,36.84,0.0
2849,45.55,0.0,11.54,0.0,0.0,0.9263,34.01,0.0
2850,44.31,0.0,0.0,0.0,4.86,0.9263,39.45,0.0
2851,42.8,0.0,0.0,0.0,3.34,0.4679,39.45,0.0
2852,41.07,0.0,0.0,0.0,1.62,0.1524,39.45,0.0
2853,39.19,0.0,0.0,0.0,0.0,0.0,39.19,0.0
2854,37.24,0.0,0.0,0.0,0.0,0.0,37.24,0.0
2855,37.24,0.0,0.0,0.0,0.0,0.0,37.24,0.0
2856,37.22,0.0,0.0,0.0,0.0,0.0,37.22,0.0
2857,37.22,0.0,0.0,0.0,0.0,0.0,37.22,0.0
2858,37.22,0.0,0.0,0.0,0.0,0.0,37.22,0.0
2859,37.22,0.0,0.0,0.0,0.0,0.0,37.22,0.0
2860,37.22,0.0,0.0,0.0,0.0,0.0,37.22,0.0
2861,37.22,0.0,0.0,0.0,0.0,0.0,37.22,0.0
2862,37.22,0.0,0.0,0.0,0.0,0.0,37.22,0.0
2863,39.17,0.0,11.21,0.0,0.0,0.0,27.97,0.0
2864,41.05,0.0,21.36,10.82,0.0,0.0,30.5,0.0
2865,42.78,0.0,31.07,0.0,0.0,0.9208,11.71,0.0
2866,44.29,0.0,36.57,0.0,0.0,0.9208,7.72,0.0
2867,45.53,0.0,43.43,0.0,0.0,0.9208,2.1,0.0
2868,46.46,0.0,44.22,0.0,0.0,0.9208,2.24,0.0
2869,47.03,0.0,42.02,0.0,0.0,0.9208,5.01,0.0
2870,47.22,0.0,38.15,0.0,0.0,0.9208,9.08,0.0
2871,47.03,0.0,30.71,0.0,0.0,0.9208,16.32,0.0
2872,46.46,0.0,21.47,0.0,0.0,0.9208,24.99,0.0
2873,45.53,0.0,11.44,0.0,0.0,0.9208,34.1,0.0
2874,44.29,0.0,0.0,0.0,4.84,0.9208,39.45,0.0
2875,42.78,0.0,0.0,0.0,3.32,0.4642,39.45,0.0
2876,41.05,0.0,0.0,0.0,1.6,0.1506,39.45,0.0
2877,39.17,0.0,0.0,0.0,0.0,0.0,39.17,0.0
2878,37.22,0.0,0.0,0.0,0.0,0.0,37.22,0.0
2879,37.22,0.0,0.0,0.0,0.0,0.0,37.22,0.0
2880,37.2,0.0,0.0,0.0,0.0,0.0,37.2,0.0
2881,37.2,0.0,0.0,0.0,0.0,0.0,37.2,0.0
2882,37.2,0.0,0.0,0.0,0.0,0.0,37.2,0.0
2883,37.2,0.0,0.0,0.0,0.0,0.0,37.2,0.0
2884,37.2,0.0,0.0,0.0,0.0,0.0,37.2,0.0
2885,37.2,0.0,0.0,0.0,0.0,0.0,37.2,0.0
2886,37.2,0.0,0.0,0.0,0.0,0.0,37.2,0.0
2887,39.15,0.0,11.64,0.0,0.0,0.0,27.51,0.0
2888,41.03,0.0,20.76,0.0,0.0,0.0,20.27,0.0
2889,42.76,0.0,30.66,0.0,0.0,0.0,12.1,0.0
2890,44.27,0.0,37.25,0.0,0.0,0.0,7.02,0.0
2891,45.51,0.0,42.16,0.0,0.0,0.0,3.36,0.0
2892,46.44,0.0,44.57,0.0,0.0,0.0,1.87,0.0
2893,47.01,0.0,41.68,10.75,0.0,0.0,16.08,0.0
2894,47.2,0.0,39.01,0.0,0.0,0.9151,8.19,0.0
2895,47.01,0.0,29.95,0.0,0.0,0.9151,17.06,0.0
2896,46.44,0.0,20.95,0.0,0.0,0.9151,25.49,0.0
2897,45.51,0.0,10.04,0.0,0.0,0.9151,35.47,0.0
2898,44.27,0.0,0.0,0.0,4.82,0.9151,39.45,0.0
2899,42.76,0.0,0.0,0.0,3.3,0.4604,39.45,0.0
2900,41.03,0.0,0.0,0.0,1.58,0.1487,39.45,0.0
2901,39.15,0.0,0.0,0.0,0.0,0.0,39.15,0.0
2902,37.2,0.0,0.0,0.0,0.0,0.0,37.2,0.0
2903,37.2,0.0,0.0,0.0,0.0,0.0,37.2,0.0
2904,37.18,0.0,0.0,0.0,0.0,0.0,37.18,0.0
2905,37.18,0.0,0.0,0.0,0.0,0.0,37.18,0.0
2906,37.18,0.0,0.0,0.0,0.0,0.0,37.18,0.0
2907,37.18,0.0,0.0,0.0,0.0,0.0,37.18,0.0
2908,37.18,0.0,0.0,0.0,0.0,0.0,37.18,0.0
2909,37.18,0.0,0.0,0.0,0.0,0.0,37.18,0.0
2910,37.18,0.0,0.0,2.27,0.0,0.0,39.45,0.0
2911,39.13,0.0,10.0,0.0,0.0,0.1934,29.13,0.0
2912,41.01,0.0,21.7,0.0,0.0,0.1934,19.31,0.0
2913,42.73,0.0,31.32,0.0,0.0,0.1934,11.41,0.0
2914,44.25,0.0,38.53,0.0,0.0,0.1934,5.72,0.0
2915,45.49,0.0,41.48,0.0,0.0,0.1934,4.01,0.0
2916,46.42,0.0,43.69,0.0,0.0,0.1934,2.73,0.0
2917,46.99,0.0,41.89,0.0,0.0,0.1934,5.1,0.0
2918,47.18,0.0,37.81,8.41,0.0,0.1934,17.77,0.0
2919,46.99,0.0,30.47,0.0,0.0,0.9092,16.52,0.0
2920,46.42,0.0,21.96,0.0,0.0,0.9092,24.46,0.0
2921,45.49,0.0,9.54,0.0,0.0,0.9092,35.95,0.0
2922,44.25,0.0,0.0,0.0,4.8,0.9092,39.45,0.0
2923,42.73,0.0,0.0,0.0,3.28,0.4565,39.45,0.0
2924,41.01,0.0,0.0,0.0,1.56,0.1467,39.45,0.0
2925,39.13,0.0,0.0,0.0,0.0,0.0,39.13,0.0
2926,37.18,0.0,0.0,0.0,0.0,0.0,37.18,0.0
2927,37.18,0.0,0.0,0.0,0.0,0.0,37.18,0.0
2928,37.16,0.0,0.0,0.0,0.0,0.0,37.16,0.0
2929,37.16,0.0,0.0,0.0,0.0,0.0,37.16,0.0
2930,37.16,0.0,0.0,0.0,0.0,0.0,37.16,0.0
2931,37.16,0.0,0.0,0.0,0.0,0.0,37.16,0.0
2932,37.16,0.0,0.0,2.29,0.0,0.0,39.45,0.0
2933,37.16,0.0,0.0,2.29,0.0,0.1952,39.45,0.0
2934,37.16,0.0,0.0,2.29,0.0,0.3904,39.45,0.0
2935,39.11,0.0,11.4,0.0,0.0,0.5856,27.71,0.0
2936,40.98,0.0,22.44,3.73,0.0,0.5856,22.28,0.0
2937,42.71,0.0,31.53,0.0,0.0,0.9032,11.19,0.0
2938,44.23,0.0,38.04,0.0,0.0,0.9032,6.19,0.0
2939,45.47,0.0,42.27,0.0,0.0,0.9032,3.21,0.0
2940,46.4,0.0,43.51,0.0,0.0,0.9032,2.89,0.0
2941,46.97,0.0,41.97,0.0,0.0,0.9032,4.99,0.0
2942,47.16,0.0,39.03,0.0,0.0,0.9032,8.12,0.0
2943,46.97,0.0,29.97,0.0,0.0,0.9032,17.0,0.0
2944,46.4,0.0,22.42,0.0,0.0,0.9032,23.98,0.0
2945,45.47,0.0,9.56,0.0,0.0,0.9032,35.91,0.0
2946,44.23,0.0,0.0,0.0,4.78,0.9032,39.45,0.0
2947,42.71,0.0,0.0,0.0,3.26,0.4525,39.45,0.0
2948,40.98,0.0,0.0,0.0,1.53,0.1447,39.45,0.0
2949,39.11,0.0,0.0,0.0,0.0,0.0,39.11,0.0
2950,37.16,0.0,0.0,0.0,0.0,0.0,37.16,0.0
2951,37.16,0.0,0.0,0.0,0.0,0.0,37.16,0.0
2952,37.14,0.0,0.0,0.0,0.0,0.0,37.14,0.0
2953,37.14,0.0,0.0,0.0,0.0,0.0,37.14,0.0
2954,37.14,0.0,0.0,0.0,0.0,0.0,37.14,0.0
2955,37.14,0.0,0.0,0.0,0.0,0.0,37.14,0.0
2956,37.14,0.0,0.0,0.0,0.0,0.0,37.14,0.0
2957,37.14,0.0,0.0,0.0,0.0,0.0,37.14,0.0
2958,37.14,0.0,0.0,0.0,0.0,0.0,37.14,0.0
2959,39.09,0.0,10.31,0.0,0.0,0.0,28.78,0.0
2960,40.96,0.0,21.83,0.0,0.0,0.0,19.13,0.0
2961,42.69,0.0,29.91,0.0,0.0,0.0,12.78,0.0
2962,44.21,0.0,38.93,0.0,0.0,0.0,5.27,0.0
2963,45.45,0.0,42.74,0.0,0.0,0.0,2.71,0.0
2964,46.37,0.0,44.96,0.0,0.0,0.0,1.42,0.0
2965,46.94,0.0,42.01,0.0,0.0,0.0,4.93,0.0
2966,47.14,0.0,38.75,0.0,0.0,0.0,8.38,0.0
2967,46.94,0.0,29.86,10.54,0.0,0.0,27.62,0.0
2968,46.37,0.0,20.51,0.0,0.0,0.8969,25.87,0.0
2969,45.45,0.0,10.62,0.0,0.0,0.8969,34.83,0.0
2970,44.21,0.0,0.0,0.0,4.76,0.8969,39.45,0.0
2971,42.69,0.0,0.0,0.0,3.24,0.4483,39.45,0.0
2972,40.96,0.0,0.0,0.0,1.51,0.1426,39.45,0.0
2973,39.09,0.0,0.0,0.0,0.0,0.0,39.09,0.0
2974,37.14,0.0,0.0,0.0,0.0,0.0,37.14,0.0
2975,37.14,0.0,0.0,0.0,0.0,0.0,37.14,0.0
2976,37.11,0.0,0.0,0.0,0.0,0.0,37.11,0.0
2977,37.11,0.0,0.0,0.0,0.0,0.0,37.11,0.0
2978,37.11,0.0,0.0,0.0,0.0,0.0,37.11,0.0
2979,37.11,0.0,0.0,0.0,0.0,0.0,37.11,0.0
2980,37.11,0.0,0.0,0.0,0.0,0.0,37.11,0.0
2981,37.11,0.0,0.0,0.0,0.0,0.0,37.11,0.0
2982,37.11,0.0,0.0,0.0,0.0,0.0,37.11,0.0
2983,39.06,0.0,9.88,0.0,0.0,0.0,29.19,0.0
2984,40.94,0.0,21.0,0.0,0.0,0.0,19.94,0.0
2985,42.67,0.0,30.83,0.0,0.0,0.0,11.84,0.0
2986,44.18,0.0,39.04,0.0,0.0,0.0,5.14,0.0
2987,45.43,0.0,44.06,0.0,0.0,0.0,1.37,0.0
2988,46.35,0.0,44.52,0.0,0.0,0.0,1.83,0.0
2989,46.92,0.0,43.49,0.0,0.0,0.0,3.43,0.0
2990,47.11,0.0,38.97,0.0,0.0,0.0,8.15,0.0
2991,46.92,0.0,31.04,0.0,0.0,0.0,15.89,0.0
2992,46.35,0.0,21.9,10.46,0.0,0.0,34.91,0.0
2993,45.43,0.0,10.58,0.0,0.0,0.8905,34.84,0.0
2994,44.18,0.0,0.0,0.0,4.73,0.8905,39.45,0.0
2995,42.67,0.0,0.0,0.0,3.22,0.444,39.45,0.0
2996,40.94,0.0,0.0,0.0,1.49,0.1405,39.45,0.0
2997,39.06,0.0,0.0,0.0,0.0,0.0,39.06,0.0
2998,37.11,0.0,0.0,0.0,0.0,0.0,37.11,0.0
2999,37.11,0.0,0.0,0.0,0.0,0.0,37.11,0.0
3000,37.09,0.0,0.0,0.0,0.0,0.0,37.09,0.0
3001,37.09,0.0,0.0,0.0,0.0,0.0,37.09,0.0
3002,37.09,0.0,0.0,0.0,0.0,0.0,37.09,0.0
3003,37.09,0.0,0.0,0.0,0.0,0.0,37.09,0.0
3004,37.09,0.0,0.0,0.0,0.0,0.0,37.09,0.0
3005,37.09,0.0,0.0,0.0,0.0,0.0,37.09,0.0
3006,37.09,0.0,0.0,0.0,0.0,0.0,37.09,0.0
3007,39.04,0.0,11.8,0.0,0.0,0.0,27.24,0.0
3008,40.92,0.0,22.31,0.0,0.0,0.0,18.61,0.0
3009,42.65,0.0,30.14,0.0,0.0,0.0,12.51,0.0
3010,44.16,0.0,37.75,0.0,0.0,0.0,6.41,0.0
3011,45.4,0.0,43.87,0.0,0.0,0.0,1.54,0.0
3012,46.33,0.0,45.24,0.0,0.0,0.0,1.09,0.0
3013,46.9,0.0,42.69,5.61,0.0,0.0,9.82,0.0
3014,47.09,0.0,38.95,0.0,0.0,0.4776,8.14,0.0
3015,46.9,0.0,31.86,0.0,0.0,0.4776,15.04,0.0
3016,46.33,0.0,20.48,0.0,0.0,0.4776,25.84,0.0
3017,45.4,0.0,10.73,4.77,0.0,0.4776,39.45,0.0
3018,44.16,0.0,0.0,0.0,4.71,0.8839,39.45,0.0
3019,42.65,0.0,0.0,0.0,3.19,0.4396,39.45,0.0
3020,40.92,0.0,0.0,0.0,1.47,0.1383,39.45,0.0
3021,39.04,0.0,0.0,0.0,0.0,0.0,39.04,0.0
3022,37.09,0.0,0.0,0.0,0.0,0.0,37.09,0.0
3023,37.09,0.0,0.0,0.0,0.0,0.0,37.09,0.0
3024,37.07,0.0,0.0,0.0,0.0,0.0,37.07,0.0
3025,37.07,0.0,0.0,0.0,0.0,0.0,37.07,0.0
3026,37.07,0.0,0.0,0.0,0.0,0.0,37.07,0.0
3027,37.07,0.0,0.0,0.0,0.0,0.0,37.07,0.0
3028,37.07,0.0,0.0,0.0,0.0,0.0,37.07,0.0
3029,37.07,0.0,0.0,0.0,0.0,0.0,37.07,0.0
3030,37.07,0.0,0.0,0.0,0.0,0.0,37.07,0.0
3031,39.02,0.0,11.86,0.0,0.0,0.0,27.15,0.0
3032,40.89,0.0,21.71,0.0,0.0,0.0,19.18,0.0
3033,42.62,0.0,30.05,0.0,0.0,0.0,12.58,0.0
3034,44.14,0.0,37.37,0.0,0.0,0.0,6.76,0.0
3035,45.38,0.0,42.82,0.0,0.0,0.0,2.56,0.0
3036,46.3,0.0,45.42,0.0,0.0,0.0,0.88,0.0
3037,46.87,0.0,44.29,0.0,0.0,0.0,2.58,0.0
3038,47.07,0.0,38.52,10.3,0.0,0.0,18.85,0.0
3039,46.87,0.0,31.7,0.0,0.0,0.8772,15.17,0.0
3040,46.3,0.0,22.12,0.0,0.0,0.8772,24.19,0.0
3041,45.38,0.0,9.84,0.0,0.0,0.8772,35.54,0.0
3042,44.14,0.0,0.0,0.0,4.69,0.8772,39.45,0.0
3043,42.62,0.0,0.0,0.0,3.17,0.4351,39.45,0.0
3044,40.89,0.0,0.0,0.0,1.44,0.136,39.45,0.0
3045,39.02,0.0,0.0,0.0,0.0,0.0,39.02,0.0
3046,37.07,0.0,0.0,0.0,0.0,0.0,37.07,0.0
3047,37.07,0.0,0.0,0.0,0.0,0.0,37.07,0.0
3048,37.04,0.0,0.0,0.0,0.0,0.0,37.04,0.0
3049,37.04,0.0,0.0,0.0,0.0,0.0,37.04,0.0
3050,37.04,0.0,0.0,0.0,0.0,0.0,37.04,0.0
3051,37.04,0.0,0.0,0.0,0.0,0.0,37.04,0.0
3052,37.04,0.0,0.0,0.0,0.0,0.0,37.04,0.0
3053,37.04,0.0,0.0,0.0,0.0,0.0,37.04,0.0
3054,37.04,0.0,0.0,0.0,0.0,0.0,37.04,0.0
3055,38.99,0.0,9.55,0.0,0.0,0.0,29.44,0.0
3056,40.87,0.0,20.79,0.0,0.0,0.0,20.08,0.0
3057,42.6,0.0,31.44,0.0,0.0,0.0,11.15,0.0
3058,44.11,0.0,39.66,0.0,0.0,0.0,4.46,0.0
3059,45.36,0.0,42.85,10.22,0.0,0.0,12.72,0.0
3060,46.28,0.0,44.97,0.0,0.0,0.8702,1.31,0.0
3061,46.85,0.0,44.37,0.0,0.0,0.8702,2.48,0.0
3062,47.04,0.0,37.84,0.0,0.0,0.8702,9.2,0.0
3063,46.85,0.0,31.23,0.0,0.0,0.8702,15.62,0.0
3064,46.28,0.0,21.93,0.0,0.0,0.8702,24.35,0.0
3065,45.36,0.0,10.14,0.0,0.0,0.8702,35.21,0.0
3066,44.11,0.0,0.0,0.0,4.66,0.8702,39.45,0.0
3067,42.6,0.0,0.0,0.0,3.15,0.4305,39.45,0.0
3068,40.87,0.0,0.0,0.0,1.42,0.1337,39.45,0.0
3069,38.99,0.0,0.0,0.0,0.0,0.0,38.99,0.0
3070,37.04,0.0,0.0,0.0,0.0,0.0,37.04,0.0
3071,37.04,0.0,0.0,0.0,0.0,0.0,37.04,0.0
3072,37.02,0.0,0.0,0.0,0.0,0.0,37.02,0.0
3073,37.02,0.0,0.0,0.0,0.0,0.0,37.02,0.0
3074,37.02,0.0,0.0,0.0,0.0,0.0,37.02,0.0
3075,37.02,0.0,0.0,0.0,0.0,0.0,37.02,0.0
3076,37.02,0.0,0.0,0.0,0.0,0.0,37.02,0.0
3077,37.02,0.0,0.0,0.0,0.0,0.0,37.02,0.0
3078,37.02,0.0,0.0,0.0,0.0,0.0,37.02,0.0
3079,38.97,0.0,11.1,0.0,0.0,0.0,27.86,0.0
3080,40.84,0.0,20.93,0.0,0.0,0.0,19.91,0.0
3081,42.57,0.0,30.83,0.0,0.0,0.0,11.74,0.0
3082,44.09,0.0,39.15,10.14,0.0,0.0,15.07,0.0
3083,45.33,0.0,42.6,0.0,0.0,0.8631,2.73,0.0
3084,46.25,0.0,45.49,0.0,0.0,0.8631,0.77,0.0
3085,46.82,0.0,43.2,0.0,0.0,0.8631,3.63,0.0
3086,47.02,0.0,37.66,0.0,0.0,0.8631,9.36,0.0
3087,46.82,0.0,31.54,0.0,0.0,0.8631,15.28,0.0
3088,46.25,0.0,21.7,0.0,0.0,0.8631,24.56,0.0
3089,45.33,0.0,10.04,0.0,0.0,0.8631,35.29,0.0
3090,44.09,0.0,0.0,0.0,4.64,0.8631,39.45,0.0
3091,42.57,0.0,0.0,0.0,3.12,0.4257,39.45,0.0
3092,40.84,0.0,0.0,0.0,1.39,0.1313,39.45,0.0
3093,38.97,0.0,0.0,0.0,0.0,0.0,38.97,0.0
3094,37.02,0.0,0.0,0.0,0.0,0.0,37.02,0.0
3095,37.02,0.0,0.0,0.0,0.0,0.0,37.02,0.0
3096,36.99,0.0,0.0,0.0,0.0,0.0,36.99,0.0
3097,36.99,0.0,0.0,0.0,0.0,0.0,36.99,0.0
3098,36.99,0.0,0.0,0.0,0.0,0.0,36.99,0.0
3099,36.99,0.0,0.0,0.0,0.0,0.0,36.99,0.0
3100,36.99,0.0,0.0,0.0,0.0,0.0,36.99,0.0
3101,36.99,0.0,0.0,0.0,0.0,0.0,36.99,0.0
3102,36.99,0.0,0.0,0.0,0.0,0.0,36.99,0.0
3103,38.94,0.0,10.17,0.0,0.0,0.0,28.78,0.0
3104,40.82,0.0,22.28,0.0,0.0,0.0,18.54,0.0
3105,42.55,0.0,32.4,0.0,0.0,0.0,10.15,0.0
3106,44.06,0.0,39.98,0.0,0.0,0.0,4.09,0.0
3107,45.31,0.0,43.02,0.0,0.0,0.0,2.29,0.0
3108,46.23,0.0,46.14,0.0,0.0,0.0,0.09,0.0
3109,46.8,0.0,43.45,0.0,0.0,0.0,3.34,0.0
3110,46.99,0.0,37.88,0.0,0.0,0.0,9.11,0.0
3111,46.8,0.0,30.68,0.0,0.0,0.0,16.12,0.0
3112,46.23,0.0,21.36,10.05,0.0,0.0,34.92,0.0
3113,45.31,0.0,9.87,0.0,0.0,0.8558,35.44,0.0
3114,44.06,0.0,0.0,0.0,4.61,0.8558,39.45,0.0
3115,42.55,0.0,0.0,0.0,3.1,0.4209,39.45,0.0
3116,40.82,0.0,0.0,0.0,1.37,0.1289,39.45,0.0
3117,38.94,0.0,0.0,0.0,0.0,0.0,38.94,0.0
3118,36.99,0.0,0.0,0.0,0.0,0.0,36.99,0.0
3119,36.99,0.0,0.0,0.0,0.0,0.0,36.99,0.0
3120,36.96,0.0,0.0,0.0,0.0,0.0,36.96,0.0
3121,36.96,0.0,0.0,0.0,0.0,0.0,36.96,0.0
3122,36.96,0.0,0.0,0.0,0.0,0.0,36.96,0.0
3123,36.96,0.0,0.0,0.0,0.0,0.0,36.96,0.0
3124,36.96,0.0,0.0,2.49,0.0,0.0,39.45,0.0
3125,36.96,0.0,0.0,2.49,0.0,0.2117,39.45,0.0
3126,36.96,0.0,0.0,0.0,0.0,0.4234,36.96,0.0
3127,38.92,0.0,11.93,0.0,0.0,0.4234,26.99,0.0
3128,40.79,0.0,22.07,4.99,0.0,0.4234,23.71,0.0
3129,42.52,0.0,32.69,0.0,0.0,0.8484,9.83,0.0
3130,44.04,0.0,39.18,0.0,0.0,0.8484,4.86,0.0
3131,45.28,0.0,43.27,0.0,0.0,0.8484,2.01,0.0
3132,46.2,0.0,44.11,0.0,0.0,0.8484,2.09,0.0
3133,46.77,0.0,43.4,0.0,0.0,0.8484,3.37,0.0
3134,46.96,0.0,38.87,0.0,0.0,0.8484,8.1,0.0
3135,46.77,0.0,32.64,0.0,0.0,0.8484,14.13,0.0
3136,46.2,0.0,22.25,0.0,0.0,0.8484,23.95,0.0
3137,45.28,0.0,11.03,0.0,0.0,0.8484,34.25,0.0
3138,44.04,0.0,0.0,0.0,4.58,0.8484,39.45,0.0
3139,42.52,0.0,0.0,0.0,3.07,0.4159,39.45,0.0
3140,40.79,0.0,0.0,0.0,1.34,0.1264,39.45,0.0
3141,38.92,0.0,0.0,0.0,0.0,0.0,38.92,0.0
3142,36.96,0.0,0.0,0.0,0.0,0.0,36.96,0.0
3143,36.96,0.0,0.0,0.0,0.0,0.0,36.96,0.0
3144,36.94,0.0,0.0,0.0,0.0,0.0,36.94,0.0
3145,36.94,0.0,0.0,0.0,0.0,0.0,36.94,0.0
3146,36.94,0.0,0.0,0.0,0.0,0.0,36.94,0.0
3147,36.94,0.0,0.0,0.0,0.0,0.0,36.94,0.0
3148,36.94,0.0,0.0,0.0,0.0,0.0,36.94,0.0
3149,36.94,0.0,0.0,0.0,0.0,0.0,36.94,0.0
3150,36.94,0.0,0.0,0.0,0.0,0.0,36.94,0.0
3151,38.89,0.0,9.91,0.0,0.0,0.0,28.98,0.0
3152,40.76,0.0,22.13,0.0,0.0,0.0,18.63,0.0
3153,42.49,0.0,31.46,0.0,0.0,0.0,11.03,0.0
3154,44.01,0.0,39.27,0.0,0.0,0.0,4.74,0.0
3155,45.25,0.0,43.36,0.0,0.0,0.0,1.89,0.0
3156,46.18,0.0,45.16,0.0,0.0,0.0,1.01,0.0
3157,46.75,0.0,42.8,9.88,0.0,0.0,13.82,0.0
3158,46.94,0.0,37.86,0.0,0.0,0.8407,9.08,0.0
3159,46.75,0.0,32.13,0.0,0.0,0.8407,14.61,0.0
3160,46.18,0.0,22.84,0.0,0.0,0.8407,23.33,0.0
3161,45.25,0.0,11.22,0.0,0.0,0.8407,34.03,0.0
3162,44.01,0.0,0.0,0.0,4.56,0.8407,39.45,0.0
3163,42.49,0.0,0.0,0.0,3.04,0.4108,39.45,0.0
3164,40.76,0.0,0.0,0.0,1.31,0.1239,39.45,0.0
3165,38.89,0.0,0.0,0.0,0.0,0.0,38.89,0.0
3166,36.94,0.0,0.0,0.0,0.0,0.0,36.94,0.0
3167,36.94,0.0,0.0,0.0,0.0,0.0,36.94,0.0
3168,36.91,0.0,0.0,0.0,0.0,0.0,36.91,0.0
3169,36.91,0.0,0.0,0.0,0.0,0.0,36.91,0.0
3170,36.91,0.0,0.0,0.0,0.0,0.0,36.91,0.0
3171,36.91,0.0,0.0,0.0,0.0,0.0,36.91,0.0
3172,36.91,0.0,0.0,0.0,0.0,0.0,36.91,0.0
3173,36.91,0.0,0.0,0.0,0.0,0.0,36.91,0.0
3174,36.91,0.0,0.0,0.0,0.0,0.0,36.91,0.0
3175,38.86,0.0,11.02,0.0,0.0,0.0,27.85,0.0
3176,40.74,0.0,22.51,0.0,0.0,0.0,18.23,0.0
3177,42.47,0.0,31.34,0.0,0.0,0.0,11.12,0.0
3178,43.98,0.0,38.3,0.0,0.0,0.0,5.69,0.0
3179,45.22,0.0,44.09,0.0,0.0,0.0,1.14,0.0
3180,46.15,0.0,44.68,0.0,0.0,0.0,1.46,0.0
3181,46.72,0.0,44.27,0.0,0.0,0.0,2.44,0.0
3182,46.91,0.0,39.33,0.0,0.0,0.0,7.58,0.0
3183,46.72,0.0,32.82,0.0,0.0,0.0,13.89,0.0
3184,46.15,0.0,22.92,9.78,0.0,0.0,33.01,0.0
3185,45.22,0.0,11.77,0.0,0.0,0.833,33.45,0.0
3186,43.98,0.0,0.0,0.0,4.53,0.833,39.45,0.0
3187,42.47,0.0,0.0,0.0,3.01,0.4057,39.45,0.0
3188,40.74,0.0,0.0,0.0,1.29,0.1213,39.45,0.0
3189,38.86,0.0,0.0,0.0,0.0,0.0,38.86,0.0
3190,36.91,0.0,0.0,0.0,0.0,0.0,36.91,0.0
3191,36.91,0.0,0.0,0.0,0.0,0.0,36.91,0.0
3192,36.88,0.0,0.0,0.0,0.0,0.0,36.88,0.0
3193,36.88,0.0,0.0,0.0,0.0,0.0,36.88,0.0
3194,36.88,0.0,0.0,0.0,0.0,0.0,36.88,0.0
3195,36.88,0.0,0.0,0.0,0.0,0.0,36.88,0.0
3196,36.88,0.0,0.0,0.0,0.0,0.0,36.88,0.0
3197,36.88,0.0,0.0,0.0,0.0,0.0,36.88,0.0
3198,36.88,0.0,0.0,0.0,0.0,0.0,36.88,0.0
3199,38.83,0.0,9.95,0.0,0.0,0.0,28.89,0.0
3200,40.71,0.0,22.59,0.0,0.0,0.0,18.11,0.0
3201,42.44,0.0,31.16,0.0,0.0,0.0,11.28,0.0
3202,43.95,0.0,39.69,0.0,0.0,0.0,4.27,0.0
3203,45.2,0.0,43.8,0.0,0.0,0.0,1.4,0.0
3204,46.12,0.0,45.46,9.69,0.0,0.0,10.35,0.0
3205,46.69,0.0,44.94,0.0,0.0,0.825,1.75,0.0
3206,46.88,0.0,39.01,0.0,0.0,0.825,7.87,0.0
3207,46.69,0.0,31.75,0.0,0.0,0.825,14.93,0.0
3208,46.12,0.0,22.06,0.0,0.0,0.825,24.06,0.0
3209,45.2,0.0,12.0,0.0,0.0,0.825,33.2,0.0
3210,43.95,0.0,0.0,0.0,4.5,0.825,39.45,0.0
3211,42.44,0.0,0.0,0.0,2.99,0.4004,39.45,0.0
3212,40.71,0.0,0.0,0.0,1.26,0.1186,39.45,0.0
3213,38.83,0.0,0.0,0.0,0.0,0.0,38.83,0.0
3214,36.88,0.0,0.0,0.0,0.0,0.0,36.88,0.0
3215,36.88,0.0,0.0,0.0,0.0,0.0,36.88,0.0
3216,36.85,0.0,0.0,0.0,0.0,0.0,36.85,0.0
3217,36.85,0.0,0.0,0.0,0.0,0.0,36.85,0.0
3218,36.85,0.0,0.0,0.0,0.0,0.0,36.85,0.0
3219,36.85,0.0,0.0,0.0,0.0,0.0,36.85,0.0
3220,36.85,0.0,0.0,0.0,0.0,0.0,36.85,0.0
3221,36.85,0.0,0.0,0.0,0.0,0.0,36.85,0.0
3222,36.85,0.0,0.0,0.0,0.0,0.0,36.85,0.0
3223,38.8,0.0,11.9,0.0,0.0,0.0,26.91,0.0
3224,40.68,0.0,23.31,0.0,0.0,0.0,17.37,0.0
3225,42.41,0.0,33.05,0.0,0.0,0.0,9.36,0.0
3226,43.92,0.0,40.17,0.0,0.0,0.0,3.76,0.0
3227,45.17,0.0,44.64,0.0,0.0,0.0,0.53,0.0
3228,46.09,0.0,44.66,0.0,0.0,0.0,1.43,0.0
3229,46.66,0.0,44.1,0.0,0.0,0.0,2.56,0.0
3230,46.85,0.0,38.9,0.0,0.0,0.0,7.96,0.0
3231,46.66,0.0,30.7,0.0,0.0,0.0,15.97,0.0
3232,46.09,0.0,22.3,5.16,0.0,0.0,28.95,0.0
3233,45.17,0.0,10.15,4.44,0.0,0.4391,39.45,0.0
3234,43.92,0.0,0.0,0.0,4.47,0.8169,39.45,0.0
3235,42.41,0.0,0.0,0.0,2.96,0.395,39.45,0.0
3236,40.68,0.0,0.0,0.0,1.23,0.1159,39.45,0.0
3237,38.8,0.0,0.0,0.0,0.0,0.0,38.8,0.0
3238,36.85,0.0,0.0,0.0,0.0,0.0,36.85,0.0
3239,36.85,0.0,0.0,0.0,0.0,0.0,36.85,0.0
3240,36.82,0.0,0.0,0.0,0.0,0.0,36.82,0.0
3241,36.82,0.0,0.0,0.0,0.0,0.0,36.82,0.0
3242,36.82,0.0,0.0,0.0,0.0,0.0,36.82,0.0
3243,36.82,0.0,0.0,0.0,0.0,0.0,36.82,0.0
3244,36.82,0.0,0.0,0.0,0.0,0.0,36.82,0.0
3245,36.82,0.0,0.0,0.0,0.0,0.0,36.82,0.0
3246,36.82,0.0,0.0,0.0,0.0,0.0,36.82,0.0
3247,38.77,0.0,10.84,0.0,0.0,0.0,27.93,0.0
3248,40.65,0.0,21.06,0.0,0.0,0.0,19.59,0.0
3249,42.38,0.0,32.36,0.0,0.0,0.0,10.02,0.0
3250,43.89,0.0,39.49,0.0,0.0,0.0,4.41,0.0
3251,45.14,0.0,44.12,0.0,0.0,0.0,1.02,0.0
3252,46.06,0.0,45.13,0.0,0.0,0.0,0.93,0.0
3253,46.63,0.0,44.7,0.0,0.0,0.0,1.93,0.0
3254,46.82,0.0,38.73,0.0,0.0,0.0,8.09,0.0
3255,46.63,0.0,32.67,0.0,0.0,0.0,13.96,0.0
3256,46.06,0.0,21.05,5.38,0.0,0.0,30.4,0.0
3257,45.14,0.0,9.81,4.12,0.0,0.458,39.45,0.0
3258,43.89,0.0,0.0,0.0,4.44,0.8087,39.45,0.0
3259,42.38,0.0,0.0,0.0,2.93,0.3895,39.45,0.0
3260,40.65,0.0,0.0,0.0,1.2,0.1132,39.45,0.0
3261,38.77,0.0,0.0,0.0,0.0,0.0,38.77,0.0
3262,36.82,0.0,0.0,0.0,0.0,0.0,36.82,0.0
3263,36.82,0.0,0.0,0.0,0.0,0.0,36.82,0.0
3264,36.79,0.0,0.0,0.0,0.0,0.0,36.79,0.0
3265,36.79,0.0,0.0,0.0,0.0,0.0,36.79,0.0
3266,36.79,0.0,0.0,0.0,0.0,0.0,36.79,0.0
3267,36.79,0.0,0.0,0.0,0.0,0.0,36.79,0.0
3268,36.79,0.0,0.0,0.0,0.0,0.0,36.79,0.0
3269,36.79,0.0,0.0,0.0,0.0,0.0,36.79,0.0
3270,36.79,0.0,0.0,0.0,0.0,0.0,36.79,0.0
3271,38.75,0.0,11.99,0.0,0.0,0.0,26.75,0.0
3272,40.62,0.0,22.21,0.0,0.0,0.0,18.41,0.0
3273,42.35,0.0,32.15,0.0,0.0,0.0,10.2,0.0
3274,43.87,0.0,39.37,9.38,0.0,0.0,13.87,0.0
3275,45.11,0.0,43.85,0.0,0.0,0.7984,1.26,0.0
3276,46.03,0.0,46.06,0.02,0.0,0.7984,0.0,0.0
3277,46.6,0.0,44.6,0.0,0.0,0.8003,2.01,0.0
3278,46.79,0.0,39.01,0.0,0.0,0.8003,7.78,0.0
3279,46.6,0.0,32.22,0.0,0.0,0.8003,14.38,0.0
3280,46.03,0.0,21.44,0.0,0.0,0.8003,24.59,0.0
3281,45.11,0.0,10.29,0.0,0.0,0.8003,34.81,0.0
3282,43.87,0.0,0.0,0.0,4.41,0.8003,39.45,0.0
3283,42.35,0.0,0.0,0.0,2.9,0.3839,39.45,0.0
3284,40.62,0.0,0.0,0.0,1.17,0.1104,39.45,0.0
3285,38.75,0.0,0.0,0.0,0.0,0.0,38.75,0.0
3286,36.79,0.0,0.0,0.0,0.0,0.0,36.79,0.0
3287,36.79,0.0,0.0,0.0,0.0,0.0,36.79,0.0
3288,36.76,0.0,0.0,0.0,0.0,0.0,36.76,0.0
3289,36.76,0.0,0.0,0.0,0.0,0.0,36.76,0.0
3290,36.76,0.0,0.0,0.0,0.0,0.0,36.76,0.0
3291,36.76,0.0,0.0,0.0,0.0,0.0,36.76,0.0
3292,36.76,0.0,0.0,0.0,0.0,0.0,36.76,0.0
3293,36.76,0.0,0.0,0.0,0.0,0.0,36.76,0.0
3294,36.76,0.0,0.0,0.0,0.0,0.0,36.76,0.0
3295,38.71,0.0,10.65,0.0,0.0,0.0,28.06,0.0
3296,40.59,0.0,23.49,0.0,0.0,0.0,17.1,0.0
3297,42.32,0.0,32.02,0.0,0.0,0.0,10.3,0.0
3298,43.84,0.0,38.35,0.0,0.0,0.0,5.49,0.0
3299,45.08,0.0,44.87,0.0,0.0,0.0,0.21,0.0
3300,46.0,0.0,45.93,0.0,0.0,0.0,0.07,0.0
3301,46.57,0.0,43.47,0.0,0.0,0.0,3.1,0.0
3302,46.76,0.0,40.09,9.3,0.0,0.0,15.98,0.0
3303,46.57,0.0,32.27,0.0,0.0,0.7917,14.3,0.0
3304,46.0,0.0,21.84,0.0,0.0,0.7917,24.16,0.0
3305,45.08,0.0,11.08,0.0,0.0,0.7917,34.0,0.0
3306,43.84,0.0,0.0,0.0,4.38,0.7917,39.45,0.0
3307,42.32,0.0,0.0,0.0,2.87,0.3782,39.45,0.0
3308,40.59,0.0,0.0,0.0,1.14,0.1075,39.45,0.0
3309,38.71,0.0,0.0,0.0,0.0,0.0,38.71,0.0
3310,36.76,0.0,0.0,0.0,0.0,0.0,36.76,0.0
3311,36.76,0.0,0.0,0.0,0.0,0.0,36.76,0.0
3312,36.73,0.0,0.0,0.0,0.0,0.0,36.73,0.0
3313,36.73,0.0,0.0,0.0,0.0,0.0,36.73,0.0
3314,36.73,0.0,0.0,0.0,0.0,0.0,36.73,0.0
3315,36.73,0.0,0.0,0.0,0.0,0.0,36.73,0.0
3316,36.73,0.0,0.0,0.0,0.0,0.0,36.73,0.0
3317,36.73,0.0,0.0,0.0,0.0,0.0,36.73,0.0
3318,36.73,0.0,0.0,0.0,0.0,0.0,36.73,0.0
3319,38.68,0.0,10.92,0.0,0.0,0.0,27.77,0.0
3320,40.56,0.0,21.42,0.0,0.0,0.0,19.14,0.0
3321,42.29,0.0,31.35,0.0,0.0,0.0,10.94,0.0
3322,43.8,0.0,38.46,0.0,0.0,0.0,5.35,0.0
3323,45.05,0.0,43.49,0.0,0.0,0.0,1.55,0.0
3324,45.97,0.0,44.72,0.0,0.0,0.0,1.25,0.0
3325,46.54,0.0,44.25,9.2,0.0,0.0,11.49,0.0
3326,46.73,0.0,39.36,0.0,0.0,0.783,7.37,0.0
3327,46.54,0.0,33.16,0.0,0.0,0.783,13.39,0.0
3328,45.97,0.0,22.61,0.0,0.0,0.783,23.37,0.0
3329,45.05,0.0,11.43,0.0,0.0,0.783,33.62,0.0
3330,43.8,0.0,0.0,0.0,4.35,0.783,39.45,0.0
3331,42.29,0.0,0.0,0.0,2.84,0.3723,39.45,0.0
3332,40.56,0.0,0.0,0.0,1.11,0.1046,39.45,0.0
3333,38.68,0.0,0.0,0.0,0.0,0.0,38.68,0.0
3334,36.73,0.0,0.0,0.0,0.0,0.0,36.73,0.0
3335,36.73,0.0,0.0,0.0,0.0,0.0,36.73,0.0
3336,36.7,0.0,0.0,0.0,0.0,0.0,36.7,0.0
3337,36.7,0.0,0.0,0.0,0.0,0.0,36.7,0.0
3338,36.7,0.0,0.0,0.0,0.0,0.0,36.7,0.0
3339,36.7,0.0,0.0,0.0,0.0,0.0,36.7,0.0
3340,36.7,0.0,0.0,0.0,0.0,0.0,36.7,0.0
3341,36.7,0.0,0.0,0.0,0.0,0.0,36.7,0.0
3342,36.7,0.0,0.0,0.0,0.0,0.0,36.7,0.0
3343,38.65,0.0,11.38,0.0,0.0,0.0,27.27,0.0
3344,40.53,0.0,23.07,0.0,0.0,0.0,17.46,0.0
3345,42.26,0.0,33.22,0.0,0.0,0.0,9.04,0.0
3346,43.77,0.0,38.84,0.0,0.0,0.0,4.93,0.0
3347,45.02,0.0,44.34,0.0,0.0,0.0,0.68,0.0
3348,45.94,0.0,45.47,0.0,0.0,0.0,0.47,0.0
3349,46.51,0.0,45.45,0.0,0.0,0.0,1.06,0.0
3350,46.7,0.0,38.83,0.0,0.0,0.0,7.87,0.0
3351,46.51,0.0,31.97,3.65,0.0,0.0,18.19,0.0
3352,45.94,0.0,23.32,0.0,0.0,0.3108,22.62,0.0
3353,45.02,0.0,11.01,5.44,0.0,0.3108,39.45,0.0
3354,43.77,0.0,0.0,0.0,4.32,0.7742,39.45,0.0
3355,42.26,0.0,0.0,0.0,2.81,0.3665,39.45,0.0
3356,40.53,0.0,0.0,0.0,1.08,0.1017,39.45,0.0
3357,38.65,0.0,0.0,0.0,0.0,0.0,38.65,0.0
3358,36.7,0.0,0.0,0.0,0.0,0.0,36.7,0.0
3359,36.7,0.0,0.0,0.0,0.0,0.0,36.7,0.0
3360,36.67,0.0,0.0,0.0,0.0,0.0,36.67,0.0
3361,36.67,0.0,0.0,0.0,0.0,0.0,36.67,0.0
3362,36.67,0.0,0.0,0.0,0.0,0.0,36.67,0.0
3363,36.67,0.0,0.0,0.0,0.0,0.0,36.67,0.0
3364,36.67,0.0,0.0,0.0,0.0,0.0,36.67,0.0
3365,36.67,0.0,0.0,0.0,0.0,0.0,36.67,0.0
3366,36.67,0.0,0.0,0.0,0.0,0.0,36.67,0.0
3367,38.62,0.0,10.09,0.0,0.0,0.0,28.53,0.0
3368,40.5,0.0,22.08,0.0,0.0,0.0,18.42,0.0
3369,42.23,0.0,31.54,0.0,0.0,0.0,10.69,0.0
3370,43.74,0.0,39.02,0.0,0.0,0.0,4.72,0.0
3371,44.98,0.0,45.3,0.32,0.0,0.0,0.0,0.0
3372,45.91,0.0,47.15,1.25,0.0,0.0269,0.0,0.0
3373,46.48,0.0,44.14,0.0,0.0,0.1329,2.33,0.0
3374,46.67,0.0,40.15,0.0,0.0,0.1329,6.52,0.0
3375,46.48,0.0,32.82,0.0,0.0,0.1329,13.66,0.0
3376,45.91,0.0,23.34,7.43,0.0,0.1329,30.0,0.0
3377,44.98,0.0,10.15,0.0,0.0,0.7652,34.83,0.0
3378,43.74,0.0,0.0,0.0,4.29,0.7652,39.45,0.0
3379,42.23,0.0,0.0,0.0,2.77,0.3605,39.45,0.0
3380,40.5,0.0,0.0,0.0,1.05,0.0987,39.45,0.0
3381,38.62,0.0,0.0,0.0,0.0,0.0,38.62,0.0
3382,36.67,0.0,0.0,0.0,0.0,0.0,36.67,0.0
3383,36.67,0.0,0.0,0.0,0.0,0.0,36.67,0.0
3384,36.64,0.0,0.0,0.0,0.0,0.0,36.64,0.0
3385,36.64,0.0,0.0,0.0,0.0,0.0,36.64,0.0
3386,36.64,0.0,0.0,0.0,0.0,0.0,36.64,0.0
3387,36.64,0.0,0.0,0.0,0.0,0.0,36.64,0.0
3388,36.64,0.0,0.0,0.0,0.0,0.0,36.64,0.0
3389,36.64,0.0,0.0,0.0,0.0,0.0,36.64,0.0
3390,36.64,0.0,0.0,0.0,0.0,0.0,36.64,0.0
3391,38.59,0.0,10.28,0.0,0.0,0.0,28.31,0.0
3392,40.46,0.0,22.46,0.0,0.0,0.0,18.01,0.0
3393,42.19,0.0,32.73,4.42,0.0,0.0,13.88,0.0
3394,43.71,0.0,40.52,0.0,0.0,0.3759,3.19,0.0
3395,44.95,0.0,43.44,0.0,0.0,0.3759,1.51,0.0
3396,45.88,0.0,45.99,0.12,0.0,0.3759,0.0,0.0
3397,46.45,0.0,43.42,0.0,0.0,0.386,3.03,0.0
3398,46.64,0.0,39.84,0.0,0.0,0.386,6.8,0.0
3399,46.45,0.0,32.6,0.0,0.0,0.386,13.85,0.0
3400,45.88,0.0,22.21,0.0,0.0,0.386,23.67,0.0
3401,44.95,0.0,9.85,4.35,0.0,0.386,39.45,0.0
3402,43.71,0.0,0.0,0.0,4.26,0.756,39.45,0.0
3403,42.19,0.0,0.0,0.0,2.74,0.3544,39.45,0.0
3404,40.46,0.0,0.0,0.0,1.01,0.0956,39.45,0.0
3405,38.59,0.0,0.0,0.0,0.0,0.0,38.59,0.0
3406,36.64,0.0,0.0,0.0,0.0,0.0,36.64,0.0
3407,36.64,0.0,0.0,0.0,0.0,0.0,36.64,0.0
3408,36.61,0.0,0.0,0.0,0.0,0.0,36.61,0.0
3409,36.61,0.0,0.0,0.0,0.0,0.0,36.61,0.0
3410,36.61,0.0,0.0,0.0,0.0,0.0,36.61,0.0
3411,36.61,0.0,0.0,0.0,0.0,0.0,36.61,0.0
3412,36.61,0.0,0.0,0.0,0.0,0.0,36.61,0.0
3413,36.61,0.0,0.0,0.0,0.0,0.0,36.61,0.0
3414,36.61,0.0,0.0,0.0,0.0,0.0,36.61,0.0
3415,38.56,0.0,11.4,0.0,0.0,0.0,27.15,0.0
3416,40.43,0.0,23.54,0.0,0.0,0.0,16.89,0.0
3417,42.16,0.0,32.54,0.0,0.0,0.0,9.62,0.0
3418,43.68,0.0,39.91,0.0,0.0,0.0,3.76,0.0
3419,44.92,0.0,45.32,0.4,0.0,0.0,0.0,0.0
3420,45.84,0.0,45.46,0.0,0.0,0.0345,0.38,0.0
3421,46.41,0.0,44.65,0.0,0.0,0.0345,1.76,0.0
3422,46.61,0.0,40.53,0.0,0.0,0.0345,6.07,0.0
3423,46.41,0.0,33.32,8.37,0.0,0.0345,21.46,0.0
3424,45.84,0.0,22.33,0.0,0.0,0.7468,23.51,0.0
3425,44.92,0.0,11.12,0.0,0.0,0.7468,33.8,0.0
3426,43.68,0.0,0.0,0.0,4.23,0.7468,39.45,0.0
3427,42.16,0.0,0.0,0.0,2.71,0.3482,39.45,0.0
3428,40.43,0.0,0.0,0.0,0.98,0.0926,39.45,0.0
3429,38.56,0.0,0.0,0.0,0.0,0.0,38.56,0.0
3430,36.61,0.0,0.0,0.0,0.0,0.0,36.61,0.0
3431,36.61,0.0,0.0,0.0,0.0,0.0,36.61,0.0
3432,36.57,0.0,0.0,0.0,0.0,0.0,36.57,0.0
3433,36.57,0.0,0.0,0.0,0.0,0.0,36.57,0.0
3434,36.57,0.0,0.0,0.0,0.0,0.0,36.57,0.0
3435,36.57,0.0,0.0,0.0,0.0,0.0,36.57,0.0
3436,36.57,0.0,0.0,0.0,0.0,0.0,36.57,0.0
3437,36.57,0.0,0.0,0.0,0.0,0.0,36.57,0.0
3438,36.57,0.0,0.0,0.0,0.0,0.0,36.57,0.0
3439,38.52,0.0,11.16,0.0,0.0,0.0,27.36,0.0
3440,40.4,0.0,22.17,0.0,0.0,0.0,18.23,0.0
3441,42.13,0.0,32.2,0.0,0.0,0.0,9.92,0.0
3442,43.64,0.0,38.89,0.0,0.0,0.0,4.76,0.0
3443,44.89,0.0,44.65,0.0,0.0,0.0,0.23,0.0
3444,45.81,0.0,46.07,0.26,0.0,0.0,0.0,0.0
3445,46.38,0.0,44.64,8.4,0.0,0.0225,10.14,0.0
3446,46.57,0.0,40.34,0.0,0.0,0.7374,6.23,0.0
3447,46.38,0.0,33.23,0.0,0.0,0.7374,13.15,0.0
3448,45.81,0.0,23.74,0.0,0.0,0.7374,22.07,0.0
3449,44.89,0.0,11.77,0.0,0.0,0.7374,33.12,0.0
3450,43.64,0.0,0.0,0.0,4.19,0.7374,39.45,0.0
3451,42.13,0.0,0.0,0.0,2.68,0.3419,39.45,0.0
3452,40.4,0.0,0.0,0.0,0.95,0.0894,39.45,0.0
3453,38.52,0.0,0.0,0.0,0.0,0.0,38.52,0.0
3454,36.57,0.0,0.0,0.0,0.0,0.0,36.57,0.0
3455,36.57,0.0,0.0,0.0,0.0,0.0,36.57,0.0
3456,36.54,0.0,0.0,0.0,0.0,0.0,36.54,0.0
3457,36.54,0.0,0.0,0.0,0.0,0.0,36.54,0.0
3458,36.54,0.0,0.0,0.0,0.0,0.0,36.54,0.0
3459,36.54,0.0,0.0,0.0,0.0,0.0,36.54,0.0
3460,36.54,0.0,0.0,0.0,0.0,0.0,36.54,0.0
3461,36.54,0.0,0.0,0.0,0.0,0.0,36.54,0.0
3462,36.54,0.0,0.0,0.0,0.0,0.0,36.54,0.0
3463,38.49,0.0,11.35,0.0,0.0,0.0,27.14,0.0
3464,40.37,0.0,22.44,0.0,0.0,0.0,17.93,0.0
3465,42.09,0.0,31.39,0.0,0.0,0.0,10.71,0.0
3466,43.61,0.0,38.83,0.0,0.0,0.0,4.78,0.0
3467,44.85,0.0,44.86,0.01,0.0,0.0,0.0,0.0
3468,45.78,0.0,47.47,1.7,0.0,0.0005,0.0,0.0
3469,46.35,0.0,43.67,0.0,0.0,0.1449,2.68,0.0
3470,46.54,0.0,40.96,6.85,0.0,0.1449,12.43,0.0
3471,46.35,0.0,33.62,0.0,0.0,0.7278,12.73,0.0
3472,45.78,0.0,22.11,0.0,0.0,0.7278,23.66,0.0
3473,44.85,0.0,10.26,0.0,0.0,0.7278,34.59,0.0
3474,43.61,0.0,0.0,0.0,4.16,0.7278,39.45,0.0
3475,42.09,0.0,0.0,0.0,2.64,0.3356,39.45,0.0
3476,40.37,0.0,0.0,0.0,0.91,0.0862,39.45,0.0
3477,38.49,0.0,0.0,0.0,0.0,0.0,38.49,0.0
3478,36.54,0.0,0.0,0.0,0.0,0.0,36.54,0.0
3479,36.54,0.0,0.0,0.0,0.0,0.0,36.54,0.0
3480,36.5,0.0,0.0,0.0,0.0,0.0,36.5,0.0
3481,36.5,0.0,0.0,0.0,0.0,0.0,36.5,0.0
3482,36.5,0.0,0.0,0.0,0.0,0.0,36.5,0.0
3483,36.5,0.0,0.0,0.0,0.0,0.0,36.5,0.0
3484,36.5,0.0,0.0,0.0,0.0,0.0,36.5,0.0
3485,36.5,0.0,0.0,0.0,0.0,0.0,36.5,0.0
3486,36.5,0.0,0.0,0.0,0.0,0.0,36.5,0.0
3487,38.45,0.0,10.78,0.0,0.0,0.0,27.68,0.0
3488,40.33,0.0,22.28,0.0,0.0,0.0,18.05,0.0
3489,42.06,0.0,33.5,0.0,0.0,0.0,8.56,0.0
3490,43.58,0.0,40.98,0.0,0.0,0.0,2.6,0.0
3491,44.82,0.0,45.87,1.05,0.0,0.0,0.0,0.0
3492,45.74,0.0,47.47,1.73,0.0,0.0892,0.0,0.0
3493,46.31,0.0,44.8,0.0,0.0,0.2363,1.51,0.0
3494,46.5,0.0,41.31,5.66,0.0,0.2363,10.86,0.0
3495,46.31,0.0,31.83,0.0,0.0,0.7182,14.49,0.0
3496,45.74,0.0,22.47,0.0,0.0,0.7182,23.27,0.0
3497,44.82,0.0,10.59,0.0,0.0,0.7182,34.23,0.0
3498,43.58,0.0,0.0,0.0,4.12,0.7182,39.45,0.0
3499,42.06,0.0,0.0,0.0,2.61,0.3291,39.45,0.0
3500,40.33,0.0,0.0,0.0,0.88,0.083,39.45,0.0
3501,38.45,0.0,0.0,0.0,0.0,0.0,38.45,0.0
3502,36.5,0.0,0.0,0.0,0.0,0.0,36.5,0.0
3503,36.5,0.0,0.0,0.0,0.0,0.0,36.5,0.0
3504,36.47,0.0,0.0,0.0,0.0,0.0,36.47,0.0
3505,36.47,0.0,0.0,0.0,0.0,0.0,36.47,0.0
3506,36.47,0.0,0.0,0.0,0.0,0.0,36.47,0.0
3507,36.47,0.0,0.0,0.0,0.0,0.0,36.47,0.0
3508,36.47,0.0,0.0,0.0,0.0,0.0,36.47,0.0
3509,36.47,0.0,0.0,0.0,0.0,0.0,36.47,0.0
3510,36.47,0.0,0.0,0.0,0.0,0.0,36.47,0.0
3511,38.42,0.0,10.57,0.0,0.0,0.0,27.86,0.0
3512,40.3,0.0,21.88,0.0,0.0,0.0,18.41,0.0
3513,42.03,0.0,31.71,0.0,0.0,0.0,10.31,0.0
3514,43.54,0.0,40.04,0.0,0.0,0.0,3.5,0.0
3515,44.78,0.0,45.52,0.74,0.0,0.0,0.0,0.0
3516,45.71,0.0,46.3,0.59,0.0,0.0627,0.0,0.0
3517,46.28,0.0,45.42,0.0,0.0,0.1133,0.86,0.0
3518,46.47,0.0,39.45,0.0,0.0,0.1133,7.02,0.0
3519,46.28,0.0,33.49,0.0,0.0,0.1133,12.78,0.0
3520,45.71,0.0,23.09,6.99,0.0,0.1133,29.6,0.0
3521,44.78,0.0,12.27,0.0,0.0,0.7084,32.51,0.0
3522,43.54,0.0,0.0,0.0,4.09,0.7084,39.45,0.0
3523,42.03,0.0,0.0,0.0,2.57,0.3226,39.45,0.0
3524,40.3,0.0,0.0,0.0,0.85,0.0798,39.45,0.0
3525,38.42,0.0,0.0,0.0,0.0,0.0,38.42,0.0
3526,36.47,0.0,0.0,0.0,0.0,0.0,36.47,0.0
3527,36.47,0.0,0.0,0.0,0.0,0.0,36.47,0.0
3528,36.43,0.0,0.0,0.0,0.0,0.0,36.43,0.0
3529,36.43,0.0,0.0,0.0,0.0,0.0,36.43,0.0
3530,36.43,0.0,0.0,0.0,0.0,0.0,36.43,0.0
3531,36.43,0.0,0.0,0.0,0.0,0.0,36.43,0.0
3532,36.43,0.0,0.0,0.0,0.0,0.0,36.43,0.0
3533,36.43,0.0,0.0,0.0,0.0,0.0,36.43,0.0
3534,36.43,0.0,0.0,0.0,0.0,0.0,36.43,0.0
3535,38.39,0.0,10.54,0.0,0.0,0.0,27.84,0.0
3536,40.26,0.0,23.07,0.0,0.0,0.0,17.19,0.0
3537,41.99,0.0,32.88,0.0,0.0,0.0,9.11,0.0
3538,43.51,0.0,39.63,0.0,0.0,0.0,3.87,0.0
3539,44.75,0.0,45.88,1.13,0.0,0.0,0.0,0.0
3540,45.67,0.0,46.16,0.49,0.0,0.0961,0.0,0.0
3541,46.24,0.0,45.43,0.0,0.0,0.1375,0.81,0.0
3542,46.43,0.0,39.38,0.0,0.0,0.1375,7.05,0.0
3543,46.24,0.0,32.33,0.0,0.0,0.1375,13.92,0.0
3544,45.67,0.0,23.9,0.0,0.0,0.1375,21.77,0.0
3545,44.75,0.0,12.06,6.59,0.0,0.1375,39.28,0.0
3546,43.51,0.0,0.0,0.0,4.05,0.6985,39.45,0.0
3547,41.99,0.0,0.0,0.0,2.54,0.316,39.45,0.0
3548,40.26,0.0,0.0,0.0,0.81,0.0765,39.45,0.0
3549,38.39,0.0,0.0,0.0,0.0,0.0,38.39,0.0
3550,36.43,0.0,0.0,0.0,0.0,0.0,36.43,0.0
3551,36.43,0.0,0.0,0.0,0.0,0.0,36.43,0.0
3552,36.4,0.0,0.0,0.0,0.0,0.0,36.4,0.0
3553,36.4,0.0,0.0,0.0,0.0,0.0,36.4,0.0
3554,36.4,0.0,0.0,0.0,0.0,0.0,36.4,0.0
3555,36.4,0.0,0.0,0.0,0.0,0.0,36.4,0.0
3556,36.4,0.0,0.0,0.0,0.0,0.0,36.4,0.0
3557,36.4,0.0,0.0,0.0,0.0,0.0,36.4,0.0
3558,36.4,0.0,0.0,0.0,0.0,0.0,36.4,0.0
3559,38.35,0.0,11.25,0.0,0.0,0.0,27.1,0.0
3560,40.23,0.0,23.06,0.0,0.0,0.0,17.17,0.0
3561,41.95,0.0,32.95,0.0,0.0,0.0,9.0,0.0
3562,43.47,0.0,40.26,0.0,0.0,0.0,3.21,0.0
3563,44.71,0.0,45.49,0.78,0.0,0.0,0.0,0.0
3564,45.64,0.0,46.25,0.62,0.0,0.066,0.0,0.0
3565,46.21,0.0,46.22,0.01,0.0,0.1184,0.0,0.0
3566,46.4,0.0,40.04,0.0,0.0,0.1194,6.36,0.0
3567,46.21,0.0,33.0,0.0,0.0,0.1194,13.21,0.0
3568,45.64,0.0,22.79,6.68,0.0,0.1194,29.53,0.0
3569,44.71,0.0,10.57,0.0,0.0,0.6884,34.15,0.0
3570,43.47,0.0,0.0,0.0,4.02,0.6884,39.45,0.0
3571,41.95,0.0,0.0,0.0,2.5,0.3093,39.45,0.0
3572,40.23,0.0,0.0,0.0,0.77,0.0731,39.45,0.0
3573,38.35,0.0,0.0,0.0,0.0,0.0,38.35,0.0
3574,36.4,0.0,0.0,0.0,0.0,0.0,36.4,0.0
3575,36.4,0.0,0.0,0.0,0.0,0.0,36.4,0.0
3576,36.36,0.0,0.0,0.0,0.0,0.0,36.36,0.0
3577,36.36,0.0,0.0,0.0,0.0,0.0,36.36,0.0
3578,36.36,0.0,0.0,0.0,0.0,0.0,36.36,0.0
3579,36.36,0.0,0.0,0.0,0.0,0.0,36.36,0.0
3580,36.36,0.0,0.0,0.0,0.0,0.0,36.36,0.0
3581,36.36,0.0,0.0,0.0,0.0,0.0,36.36,0.0
3582,36.36,0.0,0.0,0.0,0.0,0.0,36.36,0.0
3583,38.31,0.0,10.89,0.0,0.0,0.0,27.42,0.0
3584,40.19,0.0,23.12,0.0,0.0,0.0,17.07,0.0
3585,41.92,0.0,33.3,0.0,0.0,0.0,8.62,0.0
3586,43.43,0.0,40.94,0.0,0.0,0.0,2.5,0.0
3587,44.68,0.0,45.57,0.89,0.0,0.0,0.0,0.0
3588,45.6,0.0,46.63,1.02,0.0,0.0759,0.0,0.0
3589,46.17,0.0,44.93,0.28,0.0,0.1631,1.52,0.0
3590,46.36,0.0,39.94,0.0,0.0,0.1866,6.43,0.0
3591,46.17,0.0,33.87,0.0,0.0,0.1866,12.3,0.0
3592,45.6,0.0,22.58,0.0,0.0,0.1866,23.02,0.0
3593,44.68,0.0,11.0,5.77,0.0,0.1866,39.45,0.0
3594,43.43,0.0,0.0,0.0,3.98,0.6783,39.45,0.0
3595,41.92,0.0,0.0,0.0,2.47,0.3025,39.45,0.0
3596,40.19,0.0,0.0,0.0,0.74,0.0697,39.45,0.0
3597,38.31,0.0,0.0,0.0,0.0,0.0,38.31,0.0
3598,36.36,0.0,0.0,0.0,0.0,0.0,36.36,0.0
3599,36.36,0.0,0.0,0.0,0.0,0.0,36.36,0.0
3600,36.33,0.0,0.0,0.0,0.0,0.0,36.33,0.0
3601,36.33,0.0,0.0,0.0,0.0,0.0,36.33,0.0
3602,36.33,0.0,0.0,0.0,0.0,0.0,36.33,0.0
3603,36.33,0.0,0.0,0.0,0.0,0.0,36.33,0.0
3604,36.33,0.0,0.0,0.0,0.0,0.0,36.33,0.0
3605,36.33,0.0,0.0,0.0,0.0,0.0,36.33,0.0
3606,36.33,0.0,0.0,0.0,0.0,0.0,36.33,0.0
3607,38.28,0.0,11.2,0.0,0.0,0.0,27.08,0.0
3608,40.15,0.0,22.6,0.0,0.0,0.0,17.56,0.0
3609,41.88,0.0,31.63,0.0,0.0,0.0,10.25,0.0
3610,43.4,0.0,39.38,0.0,0.0,0.0,4.02,0.0
3611,44.64,0.0,44.11,0.0,0.0,0.0,0.53,0.0
3612,45.57,0.0,46.46,0.9,0.0,0.0,0.0,0.0
3613,46.13,0.0,44.84,0.0,0.0,0.0764,1.3,0.0
3614,46.33,0.0,39.94,0.0,0.0,0.0764,6.39,0.0
3615,46.13,0.0,33.85,0.0,0.0,0.0764,12.29,0.0
3616,45.57,0.0,23.38,0.33,0.0,0.0764,22.52,0.0
3617,44.64,0.0,11.81,6.62,0.0,0.1042,39.45,0.0
3618,43.4,0.0,0.0,0.0,3.95,0.668,39.45,0.0
3619,41.88,0.0,0.0,0.0,2.43,0.2957,39.45,0.0
3620,40.15,0.0,0.0,0.0,0.7,0.0663,39.45,0.0
3621,38.28,0.0,0.0,0.0,0.0,0.0,38.28,0.0
3622,36.33,0.0,0.0,0.0,0.0,0.0,36.33,0.0
3623,36.33,0.0,0.0,0.0,0.0,0.0,36.33,0.0
3624,36.29,0.0,0.0,0.0,0.0,0.0,36.29,0.0
3625,36.29,0.0,0.0,0.0,0.0,0.0,36.29,0.0
3626,36.29,0.0,0.0,0.0,0.0,0.0,36.29,0.0
3627,36.29,0.0,0.0,0.0,0.0,0.0,36.29,0.0
3628,36.29,0.0,0.0,0.0,0.0,0.0,36.29,0.0
3629,36.29,0.0,0.0,0.0,0.0,0.0,36.29,0.0
3630,36.29,0.0,0.0,0.0,0.0,0.0,36.29,0.0
3631,38.24,0.0,12.02,0.0,0.0,0.0,26.23,0.0
3632,40.12,0.0,24.02,0.0,0.0,0.0,16.1,0.0
3633,41.85,0.0,32.51,0.0,0.0,0.0,9.34,0.0
3634,43.36,0.0,41.35,5.79,0.0,0.0,7.8,0.0
3635,44.6,0.0,45.71,1.11,0.0,0.4929,0.0,0.0
3636,45.53,0.0,46.36,0.83,0.0,0.5871,0.0,0.0
3637,46.1,0.0,44.64,0.0,0.0,0.6576,1.45,0.0
3638,46.29,0.0,39.34,0.0,0.0,0.6576,6.95,0.0
3639,46.1,0.0,31.8,0.0,0.0,0.6576,14.3,0.0
3640,45.53,0.0,22.79,0.0,0.0,0.6576,22.73,0.0
3641,44.6,0.0,10.15,0.0,0.0,0.6576,34.46,0.0
3642,43.36,0.0,0.0,0.0,3.91,0.6576,39.45,0.0
3643,41.85,0.0,0.0,0.0,2.39,0.2888,39.45,0.0
3644,40.12,0.0,0.0,0.0,0.67,0.0628,39.45,0.0
3645,38.24,0.0,0.0,0.0,0.0,0.0,38.24,0.0
3646,36.29,0.0,0.0,0.0,0.0,0.0,36.29,0.0
3647,36.29,0.0,0.0,0.0,0.0,0.0,36.29,0.0
3648,36.25,0.0,0.0,0.0,0.0,0.0,36.25,0.0
3649,36.25,0.0,0.0,0.0,0.0,0.0,36.25,0.0
3650,36.25,0.0,0.0,0.0,0.0,0.0,36.25,0.0
3651,36.25,0.0,0.0,0.0,0.0,0.0,36.25,0.0
3652,36.25,0.0,0.0,0.0,0.0,0.0,36.25,0.0
3653,36.25,0.0,0.0,0.0,0.0,0.0,36.25,0.0
3654,36.25,0.0,0.0,0.0,0.0,0.0,36.25,0.0
3655,38.2,0.0,10.95,0.0,0.0,0.0,27.25,0.0
3656,40.08,0.0,22.35,0.0,0.0,0.0,17.73,0.0
3657,41.81,0.0,31.8,0.0,0.0,0.0,10.01,0.0
3658,43.32,0.0,40.86,0.0,0.0,0.0,2.46,0.0
3659,44.57,0.0,45.6,1.03,0.0,0.0,0.0,0.0
3660,45.49,0.0,46.83,1.34,0.0,0.0879,0.0,0.0
3661,46.06,0.0,45.9,0.0,0.0,0.2018,0.16,0.0
3662,46.25,0.0,40.37,0.0,0.0,0.2018,5.89,0.0
3663,46.06,0.0,33.2,5.23,0.0,0.2018,18.09,0.0
3664,45.49,0.0,21.81,0.0,0.0,0.6471,23.68,0.0
3665,44.57,0.0,11.71,0.0,0.0,0.6471,32.85,0.0
3666,43.32,0.0,0.0,0.0,3.87,0.6471,39.45,0.0
3667,41.81,0.0,0.0,0.0,2.36,0.2818,39.45,0.0
3668,40.08,0.0,0.0,0.0,0.63,0.0593,39.45,0.0
3669,38.2,0.0,0.0,0.0,0.0,0.0,38.2,0.0
3670,36.25,0.0,0.0,0.0,0.0,0.0,36.25,0.0
3671,36.25,0.0,0.0,0.0,0.0,0.0,36.25,0.0
3672,36.22,0.0,0.0,0.0,0.0,0.0,36.22,0.0
3673,36.22,0.0,0.0,0.0,0.0,0.0,36.22,0.0
3674,36.22,0.0,0.0,0.0,0.0,0.0,36.22,0.0
3675,36.22,0.0,0.0,0.0,0.0,0.0,36.22,0.0
3676,36.22,0.0,0.0,0.0,0.0,0.0,36.22,0.0
3677,36.22,0.0,0.0,0.0,0.0,0.0,36.22,0.0
3678,36.22,0.0,0.0,0.0,0.0,0.0,36.22,0.0
3679,38.17,0.0,11.77,0.0,0.0,0.0,26.4,0.0
3680,40.04,0.0,22.66,0.0,0.0,0.0,17.38,0.0
3681,41.77,0.0,32.82,0.0,0.0,0.0,8.95,0.0
3682,43.29,0.0,41.12,0.0,0.0,0.0,2.17,0.0
3683,44.53,0.0,46.2,1.67,0.0,0.0,0.0,0.0
3684,45.45,0.0,47.34,1.89,0.0,0.142,0.0,0.0
3685,46.02,0.0,45.79,0.0,0.0,0.3028,0.24,0.0
3686,46.22,0.0,40.87,0.0,0.0,0.3028,5.34,0.0
3687,46.02,0.0,32.11,3.92,0.0,0.3028,17.84,0.0
3688,45.45,0.0,22.8,0.0,0.0,0.6366,22.65,0.0
3689,44.53,0.0,10.11,0.0,0.0,0.6366,34.42,0.0
3690,43.29,0.0,0.0,0.0,3.84,0.6366,39.45,0.0
3691,41.77,0.0,0.0,0.0,2.32,0.2747,39.45,0.0
3692,40.04,0.0,0.0,0.0,0.59,0.0558,39.45,0.0
3693,38.17,0.0,0.0,0.0,0.0,0.0,38.17,0.0
3694,36.22,0.0,0.0,0.0,0.0,0.0,36.22,0.0
3695,36.22,0.0,0.0,0.0,0.0,0.0,36.22,0.0
3696,36.18,0.0,0.0,0.0,0.0,0.0,36.18,0.0
3697,36.18,0.0,0.0,0.0,0.0,0.0,36.18,0.0
3698,36.18,0.0,0.0,0.0,0.0,0.0,36.18,0.0
3699,36.18,0.0,0.0,0.0,0.0,0.0,36.18,0.0
3700,36.18,0.0,0.0,0.0,0.0,0.0,36.18,0.0
3701,36.18,0.0,0.0,0.0,0.0,0.0,36.18,0.0
3702,36.18,0.0,0.0,0.0,0.0,0.0,36.18,0.0
3703,38.13,0.0,10.9,0.0,0.0,0.0,27.23,0.0
3704,40.0,0.0,22.34,0.0,0.0,0.0,17.67,0.0
3705,41.73,0.0,32.17,0.0,0.0,0.0,9.56,0.0
3706,43.25,0.0,39.86,0.0,0.0,0.0,3.39,0.0
3707,44.49,0.0,44.47,0.0,0.0,0.0,0.02,0.0
3708,45.42,0.0,46.16,0.74,0.0,0.0,0.0,0.0
3709,45.99,0.0,44.64,0.0,0.0,0.0631,1.35,0.0
3710,46.18,0.0,41.18,0.0,0.0,0.0631,4.99,0.0
3711,45.99,0.0,31.99,0.0,0.0,0.0631,14.0,0.0
3712,45.42,0.0,22.95,0.0,0.0,0.0631,22.47,0.0
3713,44.49,0.0,12.16,6.61,0.0,0.0631,38.94,0.0
3714,43.25,0.0,0.0,0.0,3.8,0.6259,39.45,0.0
3715,41.73,0.0,0.0,0.0,2.28,0.2676,39.45,0.0
3716,40.0,0.0,0.0,0.0,0.55,0.0523,39.45,0.0
3717,38.13,0.0,0.0,0.0,0.0,0.0,38.13,0.0
3718,36.18,0.0,0.0,0.0,0.0,0.0,36.18,0.0
3719,36.18,0.0,0.0,0.0,0.0,0.0,36.18,0.0
3720,36.14,0.0,0.0,0.0,0.0,0.0,36.14,0.0
3721,36.14,0.0,0.0,0.0,0.0,0.0,36.14,0.0
3722,36.14,0.0,0.0,0.0,0.0,0.0,36.14,0.0
3723,36.14,0.0,0.0,0.0,0.0,0.0,36.14,0.0
3724,36.14,0.0,0.0,0.0,0.0,0.0,36.14,0.0
3725,36.14,0.0,0.0,0.0,0.0,0.0,36.14,0.0
3726,36.14,0.0,0.0,0.0,0.0,0.0,36.14,0.0
3727,38.09,0.0,12.2,0.0,0.0,0.0,25.89,0.0
3728,39.97,0.0,23.86,0.0,0.0,0.0,16.11,0.0
3729,41.7,0.0,33.0,0.0,0.0,0.0,8.7,0.0
3730,43.21,0.0,40.35,0.0,0.0,0.0,2.86,0.0
3731,44.45,0.0,46.25,1.79,0.0,0.0,0.0,0.0
3732,45.38,0.0,47.93,2.55,0.0,0.1526,0.0,0.0
3733,45.95,0.0,44.95,0.0,0.0,0.3698,0.99,0.0
3734,46.14,0.0,39.6,0.0,0.0,0.3698,6.54,0.0
3735,45.95,0.0,34.15,2.88,0.0,0.3698,14.68,0.0
3736,45.38,0.0,22.29,0.0,0.0,0.6151,23.09,0.0
3737,44.45,0.0,12.48,0.0,0.0,0.6151,31.98,0.0
3738,43.21,0.0,0.0,0.0,3.76,0.6151,39.45,0.0
3739,41.7,0.0,0.0,0.0,2.24,0.2604,39.45,0.0
3740,39.97,0.0,0.0,0.0,0.52,0.0487,39.45,0.0
3741,38.09,0.0,0.0,0.0,0.0,0.0,38.09,0.0
3742,36.14,0.0,0.0,0.0,0.0,0.0,36.14,0.0
3743,36.14,0.0,0.0,0.0,0.0,0.0,36.14,0.0
3744,36.1,0.0,0.0,0.0,0.0,0.0,36.1,0.0
3745,36.1,0.0,0.0,0.0,0.0,0.0,36.1,0.0
3746,36.1,0.0,0.0,0.0,0.0,0.0,36.1,0.0
3747,36.1,0.0,0.0,0.0,0.0,0.0,36.1,0.0
3748,36.1,0.0,0.0,0.0,0.0,0.0,36.1,0.0
3749,36.1,0.0,0.0,0.0,0.0,0.0,36.1,0.0
3750,36.1,0.0,0.0,0.0,0.0,0.0,36.1,0.0
3751,38.05,0.0,10.84,0.0,0.0,0.0,27.22,0.0
3752,39.93,0.0,23.97,0.0,0.0,0.0,15.96,0.0
3753,41.66,0.0,33.2,0.0,0.0,0.0,8.45,0.0
3754,43.17,0.0,39.88,0.0,0.0,0.0,3.3,0.0
3755,44.42,0.0,45.76,1.35,0.0,0.0,0.0,0.0
3756,45.34,0.0,48.22,2.88,0.0,0.1148,0.0,0.0
3757,45.91,0.0,46.66,0.75,0.0,0.36,0.0,0.0
3758,46.1,0.0,39.66,2.12,0.0,0.4236,8.56,0.0
3759,45.91,0.0,32.19,0.0,0.0,0.6042,13.72,0.0
3760,45.34,0.0,22.58,0.0,0.0,0.6042,22.76,0.0
3761,44.42,0.0,12.49,0.0,0.0,0.6042,31.92,0.0
3762,43.17,0.0,0.0,0.0,3.72,0.6042,39.45,0.0
3763,41.66,0.0,0.0,0.0,2.21,0.2531,39.45,0.0
3764,39.93,0.0,0.0,0.0,0.48,0.045,39.45,0.0
3765,38.05,0.0,0.0,0.0,0.0,0.0,38.05,0.0
3766,36.1,0.0,0.0,0.0,0.0,0.0,36.1,0.0
3767,36.1,0.0,0.0,0.0,0.0,0.0,36.1,0.0
3768,36.06,0.0,0.0,0.0,0.0,0.0,36.06,0.0
3769,36.06,0.0,0.0,0.0,0.0,0.0,36.06,0.0
3770,36.06,0.0,0.0,0.0,0.0,0.0,36.06,0.0
3771,36.06,0.0,0.0,0.0,0.0,0.0,36.06,0.0
3772,36.06,0.0,0.0,0.0,0.0,0.0,36.06,0.0
3773,36.06,0.0,0.0,0.0,0.0,0.0,36.06,0.0
3774,36.06,0.0,0.0,0.0,0.0,0.0,36.06,0.0
3775,38.01,0.0,11.12,0.0,0.0,0.0,26.89,0.0
3776,39.89,0.0,24.08,0.0,0.0,0.0,15.81,0.0
3777,41.62,0.0,32.54,0.0,0.0,0.0,9.08,0.0
3778,43.13,0.0,41.78,0.0,0.0,0.0,1.35,0.0
3779,44.38,0.0,45.38,1.0,0.0,0.0,0.0,0.0
3780,45.3,0.0,48.28,2.98,0.0,0.085,0.0,0.0
3781,45.87,0.0,44.83,0.0,0.0,0.3389,1.04,0.0
3782,46.06,0.0,39.55,0.0,0.0,0.3389,6.51,0.0
3783,45.87,0.0,34.05,0.0,0.0,0.3389,11.82,0.0
3784,45.3,0.0,22.06,2.99,0.0,0.3389,26.23,0.0
3785,44.38,0.0,10.62,0.0,0.0,0.5932,33.76,0.0
3786,43.13,0.0,0.0,0.0,3.68,0.5932,39.45,0.0
3787,41.62,0.0,0.0,0.0,2.17,0.2458,39.45,0.0
3788,39.89,0.0,0.0,0.0,0.44,0.0414,39.45,0.0
3789,38.01,0.0,0.0,0.0,0.0,0.0,38.01,0.0
3790,36.06,0.0,0.0,0.0,0.0,0.0,36.06,0.0
3791,36.06,0.0,0.0,0.0,0.0,0.0,36.06,0.0
3792,36.02,0.0,0.0,0.0,0.0,0.0,36.02,0.0
3793,36.02,0.0,0.0,0.0,0.0,0.0,36.02,0.0
3794,36.02,0.0,0.0,0.0,0.0,0.0,36.02,0.0
3795,36.02,0.0,0.0,0.0,0.0,0.0,36.02,0.0
3796,36.02,0.0,0.0,0.0,0.0,0.0,36.02,0.0
3797,36.02,0.0,0.0,0.0,0.0,0.0,36.02,0.0
3798,36.02,0.0,0.0,0.0,0.0,0.0,36.02,0.0
3799,37.97,0.0,10.96,0.0,0.0,0.0,27.02,0.0
3800,39.85,0.0,22.8,0.0,0.0,0.0,17.05,0.0
3801,41.58,0.0,32.14,0.0,0.0,0.0,9.44,0.0
3802,43.09,0.0,41.47,0.0,0.0,0.0,1.63,0.0
3803,44.34,0.0,44.93,0.59,0.0,0.0,0.0,0.0
3804,45.26,0.0,46.3,1.04,0.0,0.0505,0.0,0.0
3805,45.83,0.0,46.68,0.85,0.0,0.139,0.0,0.0
3806,46.02,0.0,40.93,0.0,0.0,0.211,5.1,0.0
3807,45.83,0.0,33.4,0.0,0.0,0.211,12.43,0.0
3808,45.26,0.0,24.16,4.36,0.0,0.211,25.46,0.0
3809,44.34,0.0,10.65,0.0,0.0,0.5821,33.68,0.0
3810,43.09,0.0,0.0,0.0,3.64,0.5821,39.45,0.0
3811,41.58,0.0,0.0,0.0,2.13,0.2384,39.45,0.0
3812,39.85,0.0,0.0,0.0,0.4,0.0377,39.45,0.0
3813,37.97,0.0,0.0,0.0,0.0,0.0,37.97,0.0
3814,36.02,0.0,0.0,0.0,0.0,0.0,36.02,0.0
3815,36.02,0.0,0.0,0.0,0.0,0.0,36.02,0.0
3816,35.98,0.0,0.0,0.0,0.0,0.0,35.98,0.0
3817,35.98,0.0,0.0,0.0,0.0,0.0,35.98,0.0
3818,35.98,0.0,0.0,0.0,0.0,0.0,35.98,0.0
3819,35.98,0.0,0.0,0.0,0.0,0.0,35.98,0.0
3820,35.98,0.0,0.0,0.0,0.0,0.0,35.98,0.0
3821,35.98,0.0,0.0,0.0,0.0,0.0,35.98,0.0
3822,35.98,0.0,0.0,0.0,0.0,0.0,35.98,0.0
3823,37.93,0.0,10.78,0.0,0.0,0.0,27.16,0.0
3824,39.81,0.0,23.47,0.0,0.0,0.0,16.34,0.0
3825,41.54,0.0,32.49,0.0,0.0,0.0,9.05,0.0
3826,43.06,0.0,40.61,0.0,0.0,0.0,2.45,0.0
3827,44.3,0.0,44.42,0.13,0.0,0.0,0.0,0.0
3828,45.22,0.0,47.32,2.09,0.0,0.0107,0.0,0.0
3829,45.79,0.0,46.53,0.73,0.0,0.1889,0.0,0.0
3830,45.98,0.0,40.44,0.0,0.0,0.2514,5.54,0.0
3831,45.79,0.0,33.2,0.0,0.0,0.2514,12.59,0.0
3832,45.22,0.0,23.43,0.0,0.0,0.2514,21.8,0.0
3833,44.3,0.0,11.07,3.75,0.0,0.2514,36.98,0.0
3834,43.06,0.0,0.0,0.0,3.6,0.571,39.45,0.0
3835,41.54,0.0,0.0,0.0,2.09,0.231,39.45,0.0
3836,39.81,0.0,0.0,0.0,0.36,0.034,39.45,0.0
3837,37.93,0.0,0.0,0.0,0.0,0.0,37.93,0.0
3838,35.98,0.0,0.0,0.0,0.0,0.0,35.98,0.0
3839,35.98,0.0,0.0,0.0,0.0,0.0,35.98,0.0
3840,35.94,0.0,0.0,0.0,0.0,0.0,35.94,0.0
3841,35.94,0.0,0.0,0.0,0.0,0.0,35.94,0.0
3842,35.94,0.0,0.0,0.0,0.0,0.0,35.94,0.0
3843,35.94,0.0,0.0,0.0,0.0,0.0,35.94,0.0
3844,35.94,0.0,0.0,0.0,0.0,0.0,35.94,0.0
3845,35.94,0.0,0.0,0.0,0.0,0.0,35.94,0.0
3846,35.94,0.0,0.0,0.0,0.0,0.0,35.94,0.0
3847,37.9,0.0,10.37,0.0,0.0,0.0,27.53,0.0
3848,39.77,0.0,22.29,0.0,0.0,0.0,17.49,0.0
3849,41.5,0.0,33.16,0.0,0.0,0.0,8.34,0.0
3850,43.02,0.0,39.69,0.0,0.0,0.0,3.32,0.0
3851,44.26,0.0,44.98,0.72,0.0,0.0,0.0,0.0
3852,45.18,0.0,47.45,2.26,0.0,0.061,0.0,0.0
3853,45.75,0.0,44.69,0.0,0.0,0.2536,1.06,0.0
3854,45.94,0.0,40.71,0.0,0.0,0.2536,5.23,0.0
3855,45.75,0.0,32.93,3.6,0.0,0.2536,16.41,0.0
3856,45.18,0.0,23.98,0.0,0.0,0.5597,21.2,0.0
3857,44.26,0.0,10.38,0.0,0.0,0.5597,33.88,0.0
3858,43.02,0.0,0.0,0.0,3.56,0.5597,39.45,0.0
3859,41.5,0.0,0.0,0.0,2.05,0.2235,39.45,0.0
3860,39.77,0.0,0.0,0.0,0.32,0.0302,39.45,0.0
3861,37.9,0.0,0.0,0.0,0.0,0.0,37.9,0.0
3862,35.94,0.0,0.0,0.0,0.0,0.0,35.94,0.0
3863,35.94,0.0,0.0,0.0,0.0,0.0,35.94,0.0
3864,35.9,0.0,0.0,0.0,0.0,0.0,35.9,0.0
3865,35.9,0.0,0.0,0.0,0.0,0.0,35.9,0.0
3866,35.9,0.0,0.0,0.0,0.0,0.0,35.9,0.0
3867,35.9,0.0,0.0,0.0,0.0,0.0,35.9,0.0
3868,35.9,0.0,0.0,0.0,0.0,0.0,35.9,0.0
3869,35.9,0.0,0.0,0.0,0.0,0.0,35.9,0.0
3870,35.9,0.0,0.0,0.0,0.0,0.0,35.9,0.0
3871,37.86,0.0,11.59,0.0,0.0,0.0,26.27,0.0
3872,39.73,0.0,21.98,0.0,0.0,0.0,17.76,0.0
3873,41.46,0.0,33.78,0.0,0.0,0.0,7.68,0.0
3874,42.98,0.0,40.27,0.0,0.0,0.0,2.7,0.0
3875,44.22,0.0,45.57,1.36,0.0,0.0,0.0,0.0
3876,45.14,0.0,47.19,2.04,0.0,0.1154,0.0,0.0
3877,45.71,0.0,44.56,0.0,0.0,0.2894,1.15,0.0
3878,45.9,0.0,39.94,0.0,0.0,0.2894,5.97,0.0
3879,45.71,0.0,32.25,0.0,0.0,0.2894,13.46,0.0
3880,45.14,0.0,24.14,0.0,0.0,0.2894,21.0,0.0
3881,44.22,0.0,10.16,3.04,0.0,0.2894,37.11,0.0
3882,42.98,0.0,0.0,0.0,3.52,0.5484,39.45,0.0
3883,41.46,0.0,0.0,0.0,2.01,0.216,39.45,0.0
3884,39.73,0.0,0.0,0.0,0.28,0.0264,39.45,0.0
3885,37.86,0.0,0.0,0.0,0.0,0.0,37.86,0.0
3886,35.9,0.0,0.0,0.0,0.0,0.0,35.9,0.0
3887,35.9,0.0,0.0,0.0,0.0,0.0,35.9,0.0
3888,35.86,0.0,0.0,0.0,0.0,0.0,35.86,0.0
3889,35.86,0.0,0.0,0.0,0.0,0.0,35.86,0.0
3890,35.86,0.0,0.0,0.0,0.0,0.0,35.86,0.0
3891,35.86,0.0,0.0,0.0,0.0,0.0,35.86,0.0
3892,35.86,0.0,0.0,0.0,0.0,0.0,35.86,0.0
3893,35.86,0.0,0.0,0.0,0.0,0.0,35.86,0.0
3894,35.86,0.0,0.0,0.0,0.0,0.0,35.86,0.0
3895,37.81,0.0,10.69,0.0,0.0,0.0,27.13,0.0
3896,39.69,0.0,24.16,0.0,0.0,0.0,15.53,0.0
3897,41.42,0.0,33.4,0.0,0.0,0.0,8.02,0.0
3898,42.94,0.0,41.57,0.0,0.0,0.0,1.36,0.0
3899,44.18,0.0,46.28,2.1,0.0,0.0,0.0,0.0
3900,45.1,0.0,47.56,2.46,0.0,0.1789,0.0,0.0
3901,45.67,0.0,46.77,1.1,0.0,0.3879,0.0,0.0
3902,45.86,0.0,40.56,0.0,0.0,0.4812,5.3,0.0
3903,45.67,0.0,33.87,0.0,0.0,0.4812,11.8,0.0
3904,45.1,0.0,24.07,0.0,0.0,0.4812,21.03,0.0
3905,44.18,0.0,11.48,0.66,0.0,0.4812,33.35,0.0
3906,42.94,0.0,0.0,0.0,3.48,0.537,39.45,0.0
3907,41.42,0.0,0.0,0.0,1.97,0.2084,39.45,0.0
3908,39.69,0.0,0.0,0.0,0.24,0.0226,39.45,0.0
3909,37.81,0.0,0.0,0.0,0.0,0.0,37.81,0.0
3910,35.86,0.0,0.0,0.0,0.0,0.0,35.86,0.0
3911,35.86,0.0,0.0,0.0,0.0,0.0,35.86,0.0
3912,35.82,0.0,0.0,0.0,0.0,0.0,35.82,0.0
3913,35.82,0.0,0.0,0.0,0.0,0.0,35.82,0.0
3914,35.82,0.0,0.0,0.0,0.0,0.0,35.82,0.0
3915,35.82,0.0,0.0,0.0,0.0,0.0,35.82,0.0
3916,35.82,0.0,0.0,0.0,0.0,0.0,35.82,0.0
3917,35.82,0.0,0.0,0.0,0.0,0.0,35.82,0.0
3918,35.82,0.0,0.0,0.0,0.0,0.0,35.82,0.0
3919,37.77,0.0,12.45,0.0,0.0,0.0,25.33,0.0
3920,39.65,0.0,22.96,0.0,0.0,0.0,16.69,0.0
3921,41.38,0.0,34.13,0.0,0.0,0.0,7.25,0.0
3922,42.89,0.0,40.6,0.0,0.0,0.0,2.3,0.0
3923,44.14,0.0,46.51,2.37,0.0,0.0,0.0,0.0
3924,45.06,0.0,46.91,1.85,0.0,0.2017,0.0,0.0
3925,45.63,0.0,46.03,0.4,0.0,0.3592,0.0,0.0
3926,45.82,0.0,40.27,1.56,0.0,0.3929,7.11,0.0
3927,45.63,0.0,33.89,0.0,0.0,0.5256,11.74,0.0
3928,45.06,0.0,22.7,0.0,0.0,0.5256,22.36,0.0
3929,44.14,0.0,10.21,0.0,0.0,0.5256,33.93,0.0
3930,42.89,0.0,0.0,0.0,3.44,0.5256,39.45,0.0
3931,41.38,0.0,0.0,0.0,1.93,0.2007,39.45,0.0
3932,39.65,0.0,0.0,0.0,0.2,0.0188,39.45,0.0
3933,37.77,0.0,0.0,0.0,0.0,0.0,37.77,0.0
3934,35.82,0.0,0.0,0.0,0.0,0.0,35.82,0.0
3935,35.82,0.0,0.0,0.0,0.0,0.0,35.82,0.0
3936,35.78,0.0,0.0,0.0,0.0,0.0,35.78,0.0
3937,35.78,0.0,0.0,0.0,0.0,0.0,35.78,0.0
3938,35.78,0.0,0.0,0.0,0.0,0.0,35.78,0.0
3939,35.78,0.0,0.0,0.0,0.0,0.0,35.78,0.0
3940,35.78,0.0,0.0,0.0,0.0,0.0,35.78,0.0
3941,35.78,0.0,0.0,0.0,0.0,0.0,35.78,0.0
3942,35.78,0.0,0.0,0.0,0.0,0.0,35.78,0.0
3943,37.73,0.0,10.52,0.0,0.0,0.0,27.21,0.0
3944,39.61,0.0,22.72,0.0,0.0,0.0,16.89,0.0
3945,41.34,0.0,33.98,0.0,0.0,0.0,7.36,0.0
3946,42.85,0.0,42.01,0.0,0.0,0.0,0.85,0.0
3947,44.1,0.0,46.34,2.25,0.0,0.0,0.0,0.0
3948,45.02,0.0,46.87,1.85,0.0,0.1912,0.0,0.0
3949,45.59,0.0,45.86,0.27,0.0,0.3485,0.0,0.0
3950,45.78,0.0,40.79,0.0,0.0,0.3718,4.99,0.0
3951,45.59,0.0,33.07,1.67,0.0,0.3718,14.2,0.0
3952,45.02,0.0,23.73,0.0,0.0,0.514,21.29,0.0
3953,44.1,0.0,12.17,0.0,0.0,0.514,31.93,0.0
3954,42.85,0.0,0.0,0.0,3.4,0.514,39.45,0.0
3955,41.34,0.0,0.0,0.0,1.89,0.193,39.45,0.0
3956,39.61,0.0,0.0,0.0,0.16,0.015,39.45,0.0
3957,37.73,0.0,0.0,0.0,0.0,0.0,37.73,0.0
3958,35.78,0.0,0.0,0.0,0.0,0.0,35.78,0.0
3959,35.78,0.0,0.0,0.0,0.0,0.0,35.78,0.0
3960,35.74,0.0,0.0,0.0,0.0,0.0,35.74,0.0
3961,35.74,0.0,0.0,0.0,0.0,0.0,35.74,0.0
3962,35.74,0.0,0.0,0.0,0.0,0.0,35.74,0.0
3963,35.74,0.0,0.0,0.0,0.0,0.0,35.74,0.0
3964,35.74,0.0,0.0,0.0,0.0,0.0,35.74,0.0
3965,35.74,0.0,0.0,0.0,0.0,0.0,35.74,0.0
3966,35.74,0.0,0.0,0.0,0.0,0.0,35.74,0.0
3967,37.69,0.0,12.15,0.0,0.0,0.0,25.54,0.0
3968,39.57,0.0,24.28,0.0,0.0,0.0,15.29,0.0
3969,41.3,0.0,33.94,0.0,0.0,0.0,7.36,0.0
3970,42.81,0.0,41.01,0.0,0.0,0.0,1.81,0.0
3971,44.06,0.0,45.68,1.62,0.0,0.0,0.0,0.0
3972,44.98,0.0,48.22,4.28,0.0,0.138,1.04,0.0
3973,45.55,0.0,45.22,0.0,0.0,0.5024,0.33,0.0
3974,45.74,0.0,40.81,0.0,0.0,0.5024,4.93,0.0
3975,45.55,0.0,32.92,0.0,0.0,0.5024,12.63,0.0
3976,44.98,0.0,23.54,0.0,0.0,0.5024,21.45,0.0
3977,44.06,0.0,12.1,0.0,0.0,0.5024,31.95,0.0
3978,42.81,0.0,0.0,0.0,3.36,0.5024,39.45,0.0
3979,41.3,0.0,0.0,0.0,1.85,0.1853,39.45,0.0
3980,39.57,0.0,0.0,0.0,0.12,0.0111,39.45,0.0
3981,37.69,0.0,0.0,0.0,0.0,0.0,37.69,0.0
3982,35.74,0.0,0.0,0.0,0.0,0.0,35.74,0.0
3983,35.74,0.0,0.0,0.0,0.0,0.0,35.74,0.0
3984,35.7,0.0,0.0,0.0,0.0,0.0,35.7,0.0
3985,35.7,0.0,0.0,0.0,0.0,0.0,35.7,0.0
3986,35.7,0.0,0.0,0.0,0.0,0.0,35.7,0.0
3987,35.7,0.0,0.0,0.0,0.0,0.0,35.7,0.0
3988,35.7,0.0,0.0,0.0,0.0,0.0,35.7,0.0
3989,35.7,0.0,0.0,0.0,0.0,0.0,35.7,0.0
3990,35.7,0.0,0.0,0.0,0.0,0.0,35.7,0.0
3991,37.65,0.0,10.73,0.0,0.0,0.0,26.92,0.0
3992,39.53,0.0,22.93,0.0,0.0,0.0,16.6,0.0
3993,41.26,0.0,32.89,0.0,0.0,0.0,8.37,0.0
3994,42.77,0.0,41.72,0.0,0.0,0.0,1.05,0.0
3995,44.02,0.0,45.64,1.63,0.0,0.0,0.0,0.0
3996,44.94,0.0,47.32,2.38,0.0,0.1385,0.0,0.0
3997,45.51,0.0,45.19,0.0,0.0,0.3408,0.32,0.0
3998,45.7,0.0,40.41,0.0,0.0,0.3408,5.29,0.0
3999,45.51,0.0,32.88,0.0,0.0,0.3408,12.63,0.0
4000,44.94,0.0,23.93,0.0,0.0,0.3408,21.01,0.0
4001,44.02,0.0,10.23,1.76,0.0,0.3408,35.55,0.0
4002,42.77,0.0,0.0,0.0,3.32,0.4908,39.45,0.0
4003,41.26,0.0,0.0,0.0,1.81,0.1775,39.45,0.0
4004,39.53,0.0,0.0,0.0,0.08,0.0072,39.45,0.0
4005,37.65,0.0,0.0,0.0,0.0,0.0,37.65,0.0
4006,35.7,0.0,0.0,0.0,0.0,0.0,35.7,0.0
4007,35.7,0.0,0.0,0.0,0.0,0.0,35.7,0.0
4008,35.66,0.0,0.0,0.0,0.0,0.0,35.66,0.0
4009,35.66,0.0,0.0,0.0,0.0,0.0,35.66,0.0
4010,35.66,0.0,0.0,0.0,0.0,0.0,35.66,0.0
4011,35.66,0.0,0.0,0.0,0.0,0.0,35.66,0.0
4012,35.66,0.0,0.0,0.0,0.0,0.0,35.66,0.0
4013,35.66,0.0,0.0,0.0,0.0,0.0,35.66,0.0
4014,35.66,0.0,0.0,0.0,0.0,0.0,35.66,0.0
4015,37.61,0.0,11.18,0.0,0.0,0.0,26.43,0.0
4016,39.49,0.0,24.16,0.0,0.0,0.0,15.33,0.0
4017,41.21,0.0,33.41,0.0,0.0,0.0,7.81,0.0
4018,42.73,0.0,41.23,0.0,0.0,0.0,1.5,0.0
4019,43.97,0.0,46.64,2.67,0.0,0.0,0.0,0.0
4020,44.9,0.0,46.87,1.97,0.0,0.2273,0.0,0.0
4021,45.47,0.0,46.54,1.08,0.0,0.3953,0.0,0.0
4022,45.66,0.0,40.07,0.0,0.0,0.4869,5.59,0.0
4023,45.47,0.0,32.12,0.0,0.0,0.4869,13.35,0.0
4024,44.9,0.0,24.12,0.0,0.0,0.4869,20.78,0.0
4025,43.97,0.0,10.99,0.0,0.0,0.4869,32.99,0.0
4026,42.73,0.0,0.0,0.0,3.28,0.4869,39.45,0.0
4027,41.21,0.0,0.0,0.0,1.76,0.1775,39.45,0.0
4028,39.49,0.0,0.0,0.0,0.04,0.0111,39.45,0.0
4029,37.61,0.0,0.0,0.0,0.0,0.0078,37.61,0.0
4030,35.66,0.0,0.0,0.0,0.0,0.0078,35.66,0.0
4031,35.66,0.0,0.0,0.0,0.0,0.0078,35.66,0.0
4032,35.62,0.0,0.0,0.0,0.0,0.0078,35.62,0.0
4033,35.62,0.0,0.0,0.0,0.0,0.0078,35.62,0.0
4034,35.62,0.0,0.0,0.0,0.0,0.0078,35.62,0.0
4035,35.62,0.0,0.0,0.0,0.0,0.0078,35.62,0.0
4036,35.62,0.0,0.0,0.0,0.0,0.0078,35.62,0.0
4037,35.62,0.0,0.0,0.0,0.0,0.0078,35.62,0.0
4038,35.62,0.0,0.0,0.0,0.0,0.0078,35.62,0.0
4039,37.57,0.0,12.54,0.0,0.0,0.0078,25.02,0.0
4040,39.44,0.0,22.56,0.0,0.0,0.0078,16.88,0.0
4041,41.17,0.0,34.4,0.0,0.0,0.0078,6.77,0.0
4042,42.69,0.0,39.91,0.0,0.0,0.0078,2.78,0.0
4043,43.93,0.0,44.64,0.71,0.0,0.0078,0.0,0.0
4044,44.86,0.0,48.1,3.24,0.0,0.0684,0.0,0.0
4045,45.43,0.0,46.91,1.48,0.0,0.3443,0.0,0.0
4046,45.62,0.0,39.8,0.0,0.0,0.4706,5.82,0.0
4047,45.43,0.0,33.9,0.0,0.0,0.4706,11.52,0.0
4048,44.86,0.0,23.03,0.0,0.0,0.4706,21.83,0.0
4049,43.93,0.0,11.02,0.0,0.0,0.4706,32.92,0.0
4050,42.69,0.0,0.0,0.0,3.24,0.4706,39.45,0.0
4051,41.17,0.0,0.0,0.0,1.72,0.1652,39.45,0.0
4052,39.44,0.0,0.0,0.0,0.0,0.0027,39.44,0.0
4053,37.57,0.0,0.0,0.0,0.0,0.0027,37.57,0.0
4054,35.62,0.0,0.0,0.0,0.0,0.0027,35.62,0.0
4055,35.62,0.0,0.0,0.0,0.0,0.0027,35.62,0.0
4056,35.58,0.0,0.0,0.0,0.0,0.0027,35.58,0.0
4057,35.58,0.0,0.0,0.0,0.0,0.0027,35.58,0.0
4058,35.58,0.0,0.0,0.0,0.0,0.0027,35.58,0.0
4059,35.58,0.0,0.0,0.0,0.0,0.0027,35.58,0.0
4060,35.58,0.0,0.0,0.0,0.0,0.0027,35.58,0.0
4061,35.58,0.0,0.0,0.0,0.0,0.0027,35.58,0.0
4062,35.58,0.0,0.0,0.0,0.0,0.0027,35.58,0.0
4063,37.53,0.0,11.23,0.0,0.0,0.0027,26.3,0.0
4064,39.4,0.0,24.24,0.0,0.0,0.0027,15.17,0.0
4065,41.13,0.0,32.35,0.0,0.0,0.0027,8.78,0.0
4066,42.65,0.0,40.74,0.0,0.0,0.0027,1.9,0.0
4067,43.89,0.0,44.9,1.01,0.0,0.0027,0.0,0.0
4068,44.81,0.0,47.98,3.17,0.0,0.0889,0.0,0.0
4069,45.38,0.0,44.93,0.0,0.0,0.3586,0.45,0.0
4070,45.58,0.0,41.67,0.0,0.0,0.3586,3.91,0.0
4071,45.38,0.0,33.73,0.0,0.0,0.3586,11.65,0.0
4072,44.81,0.0,23.98,0.0,0.0,0.3586,20.83,0.0
4073,43.89,0.0,12.26,1.19,0.0,0.3586,32.82,0.0
4074,42.65,0.0,0.0,0.0,3.2,0.46,39.45,0.0
4075,41.13,0.0,0.0,0.0,1.68,0.1585,39.45,0.0
4076,39.4,0.0,0.0,0.0,0.0,0.0,39.4,0.0
4077,37.53,0.0,0.0,0.0,0.0,0.0,37.53,0.0
4078,35.58,0.0,0.0,0.0,0.0,0.0,35.58,0.0
4079,35.58,0.0,0.0,0.0,0.0,0.0,35.58,0.0
4080,35.53,0.0,0.0,0.0,0.0,0.0,35.53,0.0
4081,35.53,0.0,0.0,0.0,0.0,0.0,35.53,0.0
4082,35.53,0.0,0.0,0.0,0.0,0.0,35.53,0.0
4083,35.53,0.0,0.0,0.0,0.0,0.0,35.53,0.0
4084,35.53,0.0,0.0,0.0,0.0,0.0,35.53,0.0
4085,35.53,0.0,0.0,0.0,0.0,0.0,35.53,0.0
4086,35.53,0.0,0.0,0.0,0.0,0.0,35.53,0.0
4087,37.48,0.0,11.91,0.0,0.0,0.0,25.57,0.0
4088,39.36,0.0,22.55,0.0,0.0,0.0,16.81,0.0
4089,41.09,0.0,32.68,0.0,0.0,0.0,8.41,0.0
4090,42.6,0.0,40.22,0.0,0.0,0.0,2.39,0.0
4091,43.85,0.0,45.69,1.85,0.0,0.0,0.0,0.0
4092,44.77,0.0,47.22,2.45,0.0,0.1571,0.0,0.0
4093,45.34,0.0,46.18,0.84,0.0,0.3655,0.0,0.0
4094,45.53,0.0,41.22,0.0,0.0,0.4369,4.31,0.0
4095,45.34,0.0,34.19,0.0,0.0,0.4369,11.16,0.0
4096,44.77,0.0,24.05,0.18,0.0,0.4369,20.9,0.0
4097,43.85,0.0,10.9,0.0,0.0,0.4521,32.95,0.0
4098,42.6,0.0,0.0,0.0,3.15,0.4521,39.45,0.0
4099,41.09,0.0,0.0,0.0,1.64,0.1546,39.45,0.0
4100,39.36,0.0,0.0,0.0,0.0,0.0,39.36,0.0
4101,37.48,0.0,0.0,0.0,0.0,0.0,37.48,0.0
4102,35.53,0.0,0.0,0.0,0.0,0.0,35.53,0.0
4103,35.53,0.0,0.0,0.0,0.0,0.0,35.53,0.0
4104,35.49,0.0,0.0,0.0,0.0,0.0,35.49,0.0
4105,35.49,0.0,0.0,0.0,0.0,0.0,35.49,0.0
4106,35.49,0.0,0.0,0.0,0.0,0.0,35.49,0.0
4107,35.49,0.0,0.0,0.0,0.0,0.0,35.49,0.0
4108,35.49,0.0,0.0,0.0,0.0,0.0,35.49,0.0
4109,35.49,0.0,0.0,0.0,0.0,0.0,35.49,0.0
4110,35.49,0.0,0.0,0.0,0.0,0.0,35.49,0.0
4111,37.44,0.0,10.98,0.0,0.0,0.0,26.46,0.0
4112,39.32,0.0,24.3,0.0,0.0,0.0,15.02,0.0
4113,41.05,0.0,32.36,0.0,0.0,0.0,8.69,0.0
4114,42.56,0.0,41.2,0.0,0.0,0.0,1.37,0.0
4115,43.81,0.0,44.97,1.16,0.0,0.0,0.0,0.0
4116,44.73,0.0,48.2,3.47,0.0,0.0988,0.0,0.0
4117,45.3,0.0,45.76,0.46,0.0,0.3939,0.0,0.0
4118,45.49,0.0,41.66,0.0,0.0,0.4332,3.83,0.0
4119,45.3,0.0,33.23,0.0,0.0,0.4332,12.07,0.0
4120,44.73,0.0,22.1,0.0,0.0,0.4332,22.63,0.0
4121,43.81,0.0,11.37,0.13,0.0,0.4332,32.57,0.0
4122,42.56,0.0,0.0,0.0,3.11,0.4442,39.45,0.0
4123,41.05,0.0,0.0,0.0,1.6,0.1506,39.45,0.0
4124,39.32,0.0,0.0,0.0,0.0,0.0,39.32,0.0
4125,37.44,0.0,0.0,0.0,0.0,0.0,37.44,0.0
4126,35.49,0.0,0.0,0.0,0.0,0.0,35.49,0.0
4127,35.49,0.0,0.0,0.0,0.0,0.0,35.49,0.0
4128,35.45,0.0,0.0,0.0,0.0,0.0,35.45,0.0
4129,35.45,0.0,0.0,0.0,0.0,0.0,35.45,0.0
4130,35.45,0.0,0.0,0.0,0.0,0.0,35.45,0.0
4131,35.45,0.0,0.0,0.0,0.0,0.0,35.45,0.0
4132,35.45,0.0,0.0,0.0,0.0,0.0,35.45,0.0
4133,35.45,0.0,0.0,0.0,0.0,0.0,35.45,0.0
4134,35.45,0.0,0.0,0.0,0.0,0.0,35.45,0.0
4135,37.4,0.0,10.2,0.0,0.0,0.0,27.2,0.0
4136,39.28,0.0,21.93,0.0,0.0,0.0,17.35,0.0
4137,41.01,0.0,33.37,0.0,0.0,0.0,7.64,0.0
4138,42.52,0.0,40.9,0.0,0.0,0.0,1.62,0.0
4139,43.76,0.0,45.02,1.25,0.0,0.0,0.0,0.0
4140,44.69,0.0,46.82,2.13,0.0,0.1066,0.0,0.0
4141,45.26,0.0,45.14,0.0,0.0,0.2879,0.12,0.0
4142,45.45,0.0,40.8,0.0,0.0,0.2879,4.65,0.0
4143,45.26,0.0,32.99,0.0,0.0,0.2879,12.26,0.0
4144,44.69,0.0,22.29,0.0,0.0,0.2879,22.4,0.0
4145,43.76,0.0,10.3,1.74,0.0,0.2879,35.2,0.0
4146,42.52,0.0,0.0,0.0,3.07,0.4362,39.45,0.0
4147,41.01,0.0,0.0,0.0,1.55,0.1466,39.45,0.0
4148,39.28,0.0,0.0,0.0,0.0,0.0,39.28,0.0
4149,37.4,0.0,0.0,0.0,0.0,0.0,37.4,0.0
4150,35.45,0.0,0.0,0.0,0.0,0.0,35.45,0.0
4151,35.45,0.0,0.0,0.0,0.0,0.0,35.45,0.0
4152,35.41,0.0,0.0,0.0,0.0,0.0,35.41,0.0
4153,35.41,0.0,0.0,0.0,0.0,0.0,35.41,0.0
4154,35.41,0.0,0.0,0.0,0.0,0.0,35.41,0.0
4155,35.41,0.0,0.0,0.0,0.0,0.0,35.41,0.0
4156,35.41,0.0,0.0,0.0,0.0,0.0,35.41,0.0
4157,35.41,0.0,0.0,0.0,0.0,0.0,35.41,0.0
4158,35.41,0.0,0.0,0.0,0.0,0.0,35.41,0.0
4159,37.36,0.0,10.74,0.0,0.0,0.0,26.61,0.0
4160,39.23,0.0,22.63,0.0,0.0,0.0,16.6,0.0
4161,40.96,0.0,32.8,0.0,0.0,0.0,8.16,0.0
4162,42.48,0.0,40.9,0.0,0.0,0.0,1.58,0.0
4163,43.72,0.0,46.87,3.15,0.0,0.0,0.0,0.0
4164,44.65,0.0,46.3,1.65,0.0,0.268,0.0,0.0
4165,45.21,0.0,44.62,0.0,0.0,0.4085,0.6,0.0
4166,45.41,0.0,40.0,0.23,0.0,0.4085,5.64,0.0
4167,45.21,0.0,32.57,0.0,0.0,0.4282,12.65,0.0
4168,44.65,0.0,22.47,0.0,0.0,0.4282,22.17,0.0
4169,43.72,0.0,11.15,0.0,0.0,0.4282,32.57,0.0
4170,42.48,0.0,0.0,0.0,3.03,0.4282,39.45,0.0
4171,40.96,0.0,0.0,0.0,1.51,0.1426,39.45,0.0
4172,39.23,0.0,0.0,0.0,0.0,0.0,39.23,0.0
4173,37.36,0.0,0.0,0.0,0.0,0.0,37.36,0.0
4174,35.41,0.0,0.0,0.0,0.0,0.0,35.41,0.0
4175,35.41,0.0,0.0,0.0,0.0,0.0,35.41,0.0
4176,35.36,0.0,0.0,0.0,0.0,0.0,35.36,0.0
4177,35.36,0.0,0.0,0.0,0.0,0.0,35.36,0.0
4178,35.36,0.0,0.0,0.0,0.0,0.0,35.36,0.0
4179,35.36,0.0,0.0,0.0,0.0,0.0,35.36,0.0
4180,35.36,0.0,0.0,0.0,0.0,0.0,35.36,0.0
4181,35.36,0.0,0.0,0.0,0.0,0.0,35.36,0.0
4182,35.36,0.0,0.0,0.0,0.0,0.0,35.36,0.0
4183,37.32,0.0,10.93,0.0,0.0,0.0,26.38,0.0
4184,39.19,0.0,23.58,0.0,0.0,0.0,15.61,0.0
4185,40.92,0.0,33.84,0.0,0.0,0.0,7.08,0.0
4186,42.44,0.0,41.13,0.0,0.0,0.0,1.3,0.0
4187,43.68,0.0,44.71,1.03,0.0,0.0,0.0,0.0
4188,44.6,0.0,46.99,2.39,0.0,0.0878,0.0,0.0
4189,45.17,0.0,44.59,0.0,0.0,0.2912,0.58,0.0
4190,45.36,0.0,40.81,0.0,0.0,0.2912,4.55,0.0
4191,45.17,0.0,33.39,0.0,0.0,0.2912,11.79,0.0
4192,44.6,0.0,23.84,0.0,0.0,0.2912,20.77,0.0
4193,43.68,0.0,11.29,1.51,0.0,0.2912,33.91,0.0
4194,42.44,0.0,0.0,0.0,2.98,0.4202,39.45,0.0
4195,40.92,0.0,0.0,0.0,1.47,0.1386,39.45,0.0
4196,39.19,0.0,0.0,0.0,0.0,0.0,39.19,0.0
4197,37.32,0.0,0.0,0.0,0.0,0.0,37.32,0.0
4198,35.36,0.0,0.0,0.0,0.0,0.0,35.36,0.0
4199,35.36,0.0,0.0,0.0,0.0,0.0,35.36,0.0
4200,35.32,0.0,0.0,0.0,0.0,0.0,35.32,0.0
4201,35.32,0.0,0.0,0.0,0.0,0.0,35.32,0.0
4202,35.32,0.0,0.0,0.0,0.0,0.0,35.32,0.0
4203,35.32,0.0,0.0,0.0,0.0,0.0,35.32,0.0
4204,35.32,0.0,0.0,0.0,0.0,0.0,35.32,0.0
4205,35.32,0.0,0.0,0.0,0.0,0.0,35.32,0.0
4206,35.32,0.0,0.0,0.0,0.0,0.0,35.32,0.0
4207,37.27,0.0,12.12,0.0,0.0,0.0,25.15,0.0
4208,39.15,0.0,23.06,0.0,0.0,0.0,16.09,0.0
4209,40.88,0.0,34.23,0.0,0.0,0.0,6.65,0.0
4210,42.39,0.0,40.88,0.0,0.0,0.0,1.51,0.0
4211,43.64,0.0,46.45,2.81,0.0,0.0,0.0,0.0
4212,44.56,0.0,48.12,3.56,0.0,0.2392,0.0,0.0
4213,45.13,0.0,45.8,0.67,0.0,0.5425,0.0,0.0
4214,45.32,0.0,40.75,0.0,0.0,0.5991,4.57,0.0
4215,45.13,0.0,32.7,0.0,0.0,0.5991,12.43,0.0
4216,44.56,0.0,23.59,0.0,0.0,0.5991,20.97,0.0
4217,43.64,0.0,11.89,0.0,0.0,0.5991,31.74,0.0
4218,42.39,0.0,0.0,0.0,2.94,0.5991,39.45,0.0
4219,40.88,0.0,0.0,0.0,3.41,0.3216,37.47,0.0
4220,39.15,0.0,0.0,0.0,0.0,0.0,39.15,0.0
4221,37.27,0.0,0.0,0.0,0.0,0.0,37.27,0.0
4222,35.32,0.0,0.0,0.0,0.0,0.0,35.32,0.0
4223,35.32,0.0,0.0,0.0,0.0,0.0,35.32,0.0
4224,35.28,0.0,0.0,0.0,0.0,0.0,35.28,0.0
4225,35.28,0.0,0.0,0.0,0.0,0.0,35.28,0.0
4226,35.28,0.0,0.0,0.0,0.0,0.0,35.28,0.0
4227,35.28,0.0,0.0,0.0,0.0,0.0,35.28,0.0
4228,35.28,0.0,0.0,0.0,0.0,0.0,35.28,0.0
4229,35.28,0.0,0.0,0.0,0.0,0.0,35.28,0.0
4230,35.28,0.0,0.0,0.0,0.0,0.0,35.28,0.0
4231,37.23,0.0,10.79,0.0,0.0,0.0,26.44,0.0
4232,39.11,0.0,22.0,0.0,0.0,0.0,17.11,0.0
4233,40.83,0.0,33.57,0.0,0.0,0.0,7.27,0.0
4234,42.35,0.0,39.76,0.0,0.0,0.0,2.59,0.0
4235,43.59,0.0,45.53,1.94,0.0,0.0,0.0,0.0
4236,44.52,0.0,47.89,3.38,0.0,0.1651,0.0,0.0
4237,45.09,0.0,46.66,1.57,0.0,0.4526,0.0,0.0
4238,45.28,0.0,40.87,0.0,1.93,0.5862,2.48,0.0
4239,45.09,0.0,32.06,0.0,0.0,0.4041,13.03,0.0
4240,44.52,0.0,22.28,0.0,0.0,0.4041,22.24,0.0
4241,43.59,0.0,10.77,0.0,0.0,0.4041,32.82,0.0
4242,42.35,0.0,0.0,0.0,2.9,0.4041,39.45,0.0
4243,40.83,0.0,0.0,0.0,1.38,0.1306,39.45,0.0
4244,39.11,0.0,0.0,0.0,0.0,0.0,39.11,0.0
4245,37.23,0.0,0.0,0.0,0.0,0.0,37.23,0.0
4246,35.28,0.0,0.0,0.0,0.0,0.0,35.28,0.0
4247,35.28,0.0,0.0,0.0,0.0,0.0,35.28,0.0
4248,35.24,0.0,0.0,0.0,0.0,0.0,35.24,0.0
4249,35.24,0.0,0.0,0.0,0.0,0.0,35.24,0.0
4250,35.24,0.0,0.0,0.0,0.0,0.0,35.24,0.0
4251,35.24,0.0,0.0,0.0,0.0,0.0,35.24,0.0
4252,35.24,0.0,0.0,0.0,0.0,0.0,35.24,0.0
4253,35.24,0.0,0.0,0.0,0.0,0.0,35.24,0.0
4254,35.24,0.0,0.0,0.0,0.0,0.0,35.24,0.0
4255,37.19,0.0,12.56,0.0,0.0,0.0,24.63,0.0
4256,39.06,0.0,22.43,0.0,0.0,0.0,16.63,0.0
4257,40.79,0.0,32.15,0.0,0.0,0.0,8.64,0.0
4258,42.31,0.0,42.04,0.0,0.0,0.0,0.27,0.0
4259,43.55,0.0,45.04,1.49,0.0,0.0,0.0,0.0
4260,44.48,0.0,47.96,3.49,0.0,0.1269,0.0,0.0
4261,45.04,0.0,45.72,0.68,0.0,0.4237,0.0,0.0
4262,45.24,0.0,40.43,0.0,0.0,0.4816,4.81,0.0
4263,45.04,0.0,33.57,0.0,0.0,0.4816,11.47,0.0
4264,44.48,0.0,21.93,0.0,0.0,0.4816,22.55,0.0
4265,43.55,0.0,10.19,0.0,0.0,0.4816,33.36,0.0
4266,42.31,0.0,0.0,0.0,2.86,0.4816,39.45,0.0
4267,40.79,0.0,0.0,0.0,2.25,0.2121,38.54,0.0
4268,39.06,0.0,0.0,0.0,0.0,0.0,39.06,0.0
4269,37.19,0.0,0.0,0.0,0.0,0.0,37.19,0.0
4270,35.24,0.0,0.0,0.0,0.0,0.0,35.24,0.0
4271,35.24,0.0,0.0,0.0,0.0,0.0,35.24,0.0
4272,35.19,0.0,0.0,0.0,0.0,0.0,35.19,0.0
4273,35.19,0.0,0.0,0.0,0.0,0.0,35.19,0.0
4274,35.19,0.0,0.0,0.0,0.0,0.0,35.19,0.0
4275,35.19,0.0,0.0,0.0,0.0,0.0,35.19,0.0
4276,35.19,0.0,0.0,0.0,0.0,0.0,35.19,0.0
4277,35.19,0.0,0.0,0.0,0.0,0.0,35.19,0.0
4278,35.19,0.0,0.0,0.0,0.0,0.0,35.19,0.0
4279,37.14,0.0,11.77,0.0,0.0,0.0,25.37,0.0
4280,39.02,0.0,22.94,0.0,0.0,0.0,16.08,0.0
4281,40.75,0.0,32.28,0.0,0.0,0.0,8.47,0.0
4282,42.26,0.0,41.22,0.0,0.0,0.0,1.04,0.0
4283,43.51,0.0,46.28,2.77,0.0,0.0,0.0,0.0
4284,44.43,0.0,47.43,2.99,0.0,0.2356,0.0,0.0
4285,45.0,0.0,46.18,1.18,0.0,0.4905,0.0,0.0
4286,45.19,0.0,39.9,0.0,0.0,0.5907,5.29,0.0
4287,45.0,0.0,32.9,0.0,0.0,0.5907,12.1,0.0
4288,44.43,0.0,22.5,0.0,2.15,0.5907,19.78,0.0
4289,43.51,0.0,12.51,0.0,0.0,0.3879,31.0,0.0
4290,42.26,0.0,0.0,0.0,2.81,0.3879,39.45,0.0
4291,40.75,0.0,0.0,0.0,1.3,0.1225,39.45,0.0
4292,39.02,0.0,0.0,0.0,0.0,0.0,39.02,0.0
4293,37.14,0.0,0.0,0.0,0.0,0.0,37.14,0.0
4294,35.19,0.0,0.0,0.0,0.0,0.0,35.19,0.0
4295,35.19,0.0,0.0,0.0,0.0,0.0,35.19,0.0
4296,35.15,0.0,0.0,0.0,0.0,0.0,35.15,0.0
4297,35.15,0.0,0.0,0.0,0.0,0.0,35.15,0.0
4298,35.15,0.0,0.0,0.0,0.0,0.0,35.15,0.0
4299,35.15,0.0,0.0,0.0,0.0,0.0,35.15,0.0
4300,35.15,0.0,0.0,0.0,0.0,0.0,35.15,0.0
4301,35.15,0.0,0.0,0.0,0.0,0.0,35.15,0.0
4302,35.15,0.0,0.0,0.0,0.0,0.0,35.15,0.0
4303,37.1,0.0,12.23,0.0,0.0,0.0,24.87,0.0
4304,38.98,0.0,23.35,0.0,0.0,0.0,15.63,0.0
4305,40.71,0.0,34.25,0.0,0.0,0.0,6.45,0.0
4306,42.22,0.0,41.95,0.0,0.0,0.0,0.27,0.0
4307,43.47,0.0,45.69,2.22,0.0,0.0,0.0,0.0
4308,44.39,0.0,47.1,2.71,0.0,0.1891,0.0,0.0
4309,44.96,0.0,46.35,1.39,0.0,0.42,0.0,0.0
4310,45.15,0.0,39.9,0.0,1.68,0.5384,3.56,0.0
4311,44.96,0.0,32.39,0.0,0.0,0.3798,12.57,0.0
4312,44.39,0.0,22.21,0.0,0.0,0.3798,22.18,0.0
4313,43.47,0.0,11.47,0.0,0.0,0.3798,32.0,0.0
4314,42.22,0.0,0.0,0.0,2.77,0.3798,39.45,0.0
4315,40.71,0.0,0.0,0.0,1.26,0.1184,39.45,0.0
4316,38.98,0.0,0.0,0.0,0.0,0.0,38.98,0.0
4317,37.1,0.0,0.0,0.0,0.0,0.0,37.1,0.0
4318,35.15,0.0,0.0,0.0,0.0,0.0,35.15,0.0
4319,35.15,0.0,0.0,0.0,0.0,0.0,35.15,0.0
4320,35.11,0.0,0.0,0.0,0.0,0.0,35.11,0.0
4321,35.11,0.0,0.0,0.0,0.0,0.0,35.11,0.0
4322,35.11,0.0,0.0,0.0,0.0,0.0,35.11,0.0
4323,35.11,0.0,0.0,0.0,0.0,0.0,35.11,0.0
4324,35.11,0.0,0.0,0.0,0.0,0.0,35.11,0.0
4325,35.11,0.0,0.0,0.0,0.0,0.0,35.11,0.0
4326,35.11,0.0,0.0,0.0,0.0,0.0,35.11,0.0
4327,37.06,0.0,11.08,0.0,0.0,0.0,25.98,0.0
4328,38.93,0.0,22.14,0.0,0.0,0.0,16.79,0.0
4329,40.66,0.0,33.69,0.0,0.0,0.0,6.97,0.0
4330,42.18,0.0,41.83,0.0,0.0,0.0,0.35,0.0
4331,43.42,0.0,46.12,2.7,0.0,0.0,0.0,0.0
4332,44.35,0.0,47.02,2.67,0.0,0.2301,0.0,0.0
4333,44.92,0.0,44.49,0.0,0.0,0.4575,0.43,0.0
4334,45.11,0.0,41.64,0.0,0.0,0.4575,3.47,0.0
4335,44.92,0.0,32.37,0.0,0.0,0.4575,12.54,0.0
4336,44.35,0.0,23.74,0.0,0.0,0.4575,20.61,0.0
4337,43.42,0.0,11.32,0.0,0.0,0.4575,32.1,0.0
4338,42.18,0.0,0.0,0.0,3.64,0.4575,38.54,0.0
4339,40.66,0.0,0.0,0.0,1.21,0.1144,39.45,0.0
4340,38.93,0.0,0.0,0.0,0.0,0.0,38.93,0.0
4341,37.06,0.0,0.0,0.0,0.0,0.0,37.06,0.0
4342,35.11,0.0,0.0,0.0,0.0,0.0,35.11,0.0
4343,35.11,0.0,0.0,0.0,0.0,0.0,35.11,0.0
4344,35.06,0.0,0.0,0.0,0.0,0.0,35.06,0.0
4345,35.06,0.0,0.0,0.0,0.0,0.0,35.06,0.0
4346,35.06,0.0,0.0,0.0,0.0,0.0,35.06,0.0
4347,35.06,0.0,0.0,0.0,0.0,0.0,35.06,0.0
4348,35.06,0.0,0.0,0.0,0.0,0.0,35.06,0.0
4349,35.06,0.0,0.0,0.0,0.0,0.0,35.06,0.0
4350,35.06,0.0,0.0,0.0,0.0,0.0,35.06,0.0
4351,37.02,0.0,10.21,0.0,0.0,0.0,26.81,0.0
4352,38.89,0.0,24.19,0.0,0.0,0.0,14.7,0.0
4353,40.62,0.0,32.9,0.0,0.0,0.0,7.72,0.0
4354,42.14,0.0,40.55,0.0,0.0,0.0,1.58,0.0
4355,43.38,0.0,46.87,3.49,0.0,0.0,0.0,0.0
4356,44.3,0.0,46.68,2.38,0.0,0.2968,0.0,0.0
4357,44.87,0.0,46.26,1.39,0.0,0.4993,0.0,0.0
4358,45.06,0.0,40.45,0.0,0.0,0.6173,4.61,0.0
4359,44.87,0.0,33.82,0.0,0.0,0.6173,11.06,0.0
4360,44.3,0.0,24.06,0.0,2.69,0.6173,17.55,0.0
4361,43.38,0.0,11.95,0.0,0.0,0.3636,31.43,0.0
4362,42.14,0.0,0.0,0.0,2.68,0.3636,39.45,0.0
4363,40.62,0.0,0.0,0.0,1.17,0.1103,39.45,0.0
4364,38.89,0.0,0.0,0.0,0.0,0.0,38.89,0.0
4365,37.02,0.0,0.0,0.0,0.0,0.0,37.02,0.0
4366,35.06,0.0,0.0,0.0,0.0,0.0,35.06,0.0
4367,35.06,0.0,0.0,0.0,0.0,0.0,35.06,0.0
4368,35.02,0.0,0.0,0.0,0.0,0.0,35.02,0.0
4369,35.02,0.0,0.0,0.0,0.0,0.0,35.02,0.0
4370,35.02,0.0,0.0,0.0,0.0,0.0,35.02,0.0
4371,35.02,0.0,0.0,0.0,0.0,0.0,35.02,0.0
4372,35.02,0.0,0.0,0.0,0.0,0.0,35.02,0.0
4373,35.02,0.0,0.0,0.0,0.0,0.0,35.02,0.0
4374,35.02,0.0,0.0,0.0,0.0,0.0,35.02,0.0
4375,36.97,0.0,11.41,0.0,0.0,0.0,25.57,0.0
4376,38.85,0.0,23.98,0.0,0.0,0.0,14.87,0.0
4377,40.58,0.0,33.61,0.0,0.0,0.0,6.97,0.0
4378,42.09,0.0,41.14,0.0,0.0,0.0,0.95,0.0
4379,43.34,0.0,45.31,1.97,0.0,0.0,0.0,0.0
4380,44.26,0.0,47.4,3.14,0.0,0.1676,0.0,0.0
4381,44.83,0.0,46.17,1.34,0.0,0.435,0.0,0.0
4382,45.02,0.0,40.35,0.0,0.0,0.5491,4.67,0.0
4383,44.83,0.0,33.15,0.0,0.0,0.5491,11.68,0.0
4384,44.26,0.0,22.5,0.0,0.0,0.5491,21.76,0.0
4385,43.34,0.0,11.62,0.0,0.0,0.5491,31.72,0.0
4386,42.09,0.0,0.0,0.0,2.64,0.5491,39.45,0.0
4387,40.58,0.0,0.0,0.0,3.18,0.2999,37.4,0.0
4388,38.85,0.0,0.0,0.0,0.0,0.0,38.85,0.0
4389,36.97,0.0,0.0,0.0,0.0,0.0,36.97,0.0
4390,35.02,0.0,0.0,0.0,0.0,0.0,35.02,0.0
4391,35.02,0.0,0.0,0.0,0.0,0.0,35.02,0.0
4392,34.98,0.0,0.0,0.0,0.0,0.0,34.98,0.0
4393,34.98,0.0,0.0,0.0,0.0,0.0,34.98,0.0
4394,34.98,0.0,0.0,0.0,0.0,0.0,34.98,0.0
4395,34.98,0.0,0.0,0.0,0.0,0.0,34.98,0.0
4396,34.98,0.0,0.0,0.0,0.0,0.0,34.98,0.0
4397,34.98,0.0,0.0,0.0,0.0,0.0,34.98,0.0
4398,34.98,0.0,0.0,0.0,0.0,0.0,34.98,0.0
4399,36.93,0.0,10.18,0.0,0.0,0.0,26.75,0.0
4400,38.81,0.0,22.38,0.0,0.0,0.0,16.43,0.0
4401,40.53,0.0,33.28,0.0,0.0,0.0,7.26,0.0
4402,42.05,0.0,39.86,0.0,0.0,0.0,2.19,0.0
4403,43.29,0.0,45.55,2.26,0.0,0.0,0.0,0.0
4404,44.22,0.0,46.08,1.87,0.0,0.1921,0.0,0.0
4405,44.79,0.0,44.47,0.0,0.0,0.351,0.32,0.0
4406,44.98,0.0,41.92,0.0,0.0,0.351,3.06,0.0
4407,44.79,0.0,33.86,0.0,0.0,0.351,10.93,0.0
4408,44.22,0.0,22.2,0.0,0.04,0.351,21.98,0.0
4409,43.29,0.0,11.66,0.0,0.0,0.3473,31.63,0.0
4410,42.05,0.0,0.0,0.0,2.6,0.3473,39.45,0.0
4411,40.53,0.0,0.0,0.0,1.08,0.1022,39.45,0.0
4412,38.81,0.0,0.0,0.0,0.0,0.0,38.81,0.0
4413,36.93,0.0,0.0,0.0,0.0,0.0,36.93,0.0
4414,34.98,0.0,0.0,0.0,0.0,0.0,34.98,0.0
4415,34.98,0.0,0.0,0.0,0.0,0.0,34.98,0.0
4416,34.94,0.0,0.0,0.0,0.0,0.0,34.94,0.0
4417,34.94,0.0,0.0,0.0,0.0,0.0,34.94,0.0
4418,34.94,0.0,0.0,0.0,0.0,0.0,34.94,0.0
4419,34.94,0.0,0.0,0.0,0.0,0.0,34.94,0.0
4420,34.94,0.0,0.0,0.0,0.0,0.0,34.94,0.0
4421,34.94,0.0,0.0,0.0,0.0,0.0,34.94,0.0
4422,34.94,0.0,0.0,0.0,0.0,0.0,34.94,0.0
4423,36.89,0.0,10.17,0.0,0.0,0.0,26.72,0.0
4424,38.76,0.0,23.73,0.0,0.0,0.0,15.03,0.0
4425,40.49,0.0,31.86,0.0,0.0,0.0,8.63,0.0
4426,42.01,0.0,41.18,0.0,0.0,0.0,0.83,0.0
4427,43.25,0.0,44.54,1.29,0.0,0.0,0.0,0.0
4428,44.17,0.0,46.9,2.73,0.0,0.1099,0.0,0.0
4429,44.74,0.0,46.56,1.82,0.0,0.3419,0.0,0.0
4430,44.94,0.0,41.33,0.0,1.67,0.4969,1.93,0.0
4431,44.74,0.0,33.3,0.0,0.0,0.3392,11.44,0.0
4432,44.17,0.0,23.2,0.0,0.0,0.3392,20.97,0.0
4433,43.25,0.0,11.17,0.0,0.0,0.3392,32.08,0.0
4434,42.01,0.0,0.0,0.0,2.56,0.3392,39.45,0.0
4435,40.49,0.0,0.0,0.0,1.04,0.0981,39.45,0.0
4436,38.76,0.0,0.0,0.0,0.0,0.0,38.76,0.0
4437,36.89,0.0,0.0,0.0,0.0,0.0,36.89,0.0
4438,34.94,0.0,0.0,0.0,0.0,0.0,34.94,0.0
4439,34.94,0.0,0.0,0.0,0.0,0.0,34.94,0.0
4440,34.89,0.0,0.0,0.0,0.0,0.0,34.89,0.0
4441,34.89,0.0,0.0,0.0,0.0,0.0,34.89,0.0
4442,34.89,0.0,0.0,0.0,0.0,0.0,34.89,0.0
4443,34.89,0.0,0.0,0.0,0.0,0.0,34.89,0.0
4444,34.89,0.0,0.0,0.0,0.0,0.0,34.89,0.0
4445,34.89,0.0,0.0,0.0,0.0,0.0,34.89,0.0
4446,34.89,0.0,0.0,0.0,0.0,0.0,34.89,0.0
4447,36.84,0.0,11.49,0.0,0.0,0.0,25.35,0.0
4448,38.72,0.0,23.17,0.0,0.0,0.0,15.55,0.0
4449,40.45,0.0,33.75,0.0,0.0,0.0,6.69,0.0
4450,41.96,0.0,41.39,0.0,0.0,0.0,0.57,0.0
4451,43.21,0.0,46.64,3.44,0.0,0.0,0.0,0.0
4452,44.13,0.0,46.81,2.68,0.0,0.2926,0.0,0.0
4453,44.7,0.0,44.43,0.0,0.0,0.5206,0.27,0.0
4454,44.89,0.0,39.67,0.0,0.0,0.5206,5.22,0.0
4455,44.7,0.0,33.74,0.0,0.0,0.5206,10.96,0.0
4456,44.13,0.0,22.89,0.0,0.0,0.5206,21.24,0.0
4457,43.21,0.0,10.6,0.0,0.0,0.5206,32.61,0.0
4458,41.96,0.0,0.0,0.0,4.52,0.5206,37.44,0.0
4459,40.45,0.0,0.0,0.0,1.0,0.0941,39.45,0.0
4460,38.72,0.0,0.0,0.0,0.0,0.0,38.72,0.0
4461,36.84,0.0,0.0,0.0,0.0,0.0,36.84,0.0
4462,34.89,0.0,0.0,0.0,0.0,0.0,34.89,0.0
4463,34.89,0.0,0.0,0.0,0.0,0.0,34.89,0.0
4464,34.85,0.0,0.0,0.0,0.0,0.0,34.85,0.0
4465,34.85,0.0,0.0,0.0,0.0,0.0,34.85,0.0
4466,34.85,0.0,0.0,0.0,0.0,0.0,34.85,0.0
4467,34.85,0.0,0.0,0.0,0.0,0.0,34.85,0.0
4468,34.85,0.0,0.0,0.0,0.0,0.0,34.85,0.0
4469,34.85,0.0,0.0,0.0,0.0,0.0,34.85,0.0
4470,34.85,0.0,0.0,0.0,0.0,0.0,34.85,0.0
4471,36.8,0.0,10.74,0.0,0.0,0.0,26.06,0.0
4472,38.68,0.0,24.09,0.0,0.0,0.0,14.58,0.0
4473,40.41,0.0,33.84,0.0,0.0,0.0,6.56,0.0
4474,41.92,0.0,40.86,0.0,0.0,0.0,1.06,0.0
4475,43.16,0.0,44.36,1.19,0.0,0.0,0.0,0.0
4476,44.09,0.0,48.29,4.2,0.0,0.1015,0.0,0.0
4477,44.66,0.0,46.57,1.91,0.0,0.459,0.0,0.0
4478,44.85,0.0,41.61,0.0,0.0,0.6219,3.24,0.0
4479,44.66,0.0,33.48,0.0,3.17,0.6219,8.01,0.0
4480,44.09,0.0,23.55,0.0,0.0,0.323,20.54,0.0
4481,43.16,0.0,12.1,0.0,0.0,0.323,31.06,0.0
4482,41.92,0.0,0.0,0.0,2.47,0.323,39.45,0.0
4483,40.41,0.0,0.0,0.0,0.95,0.09,39.45,0.0
4484,38.68,0.0,0.0,0.0,0.0,0.0,38.68,0.0
4485,36.8,0.0,0.0,0.0,0.0,0.0,36.8,0.0
4486,34.85,0.0,0.0,0.0,0.0,0.0,34.85,0.0
4487,34.85,0.0,0.0,0.0,0.0,0.0,34.85,0.0
4488,34.81,0.0,0.0,0.0,0.0,0.0,34.81,0.0
4489,34.81,0.0,0.0,0.0,0.0,0.0,34.81,0.0
4490,34.81,0.0,0.0,0.0,0.0,0.0,34.81,0.0
4491,34.81,0.0,0.0,0.0,0.0,0.0,34.81,0.0
4492,34.81,0.0,0.0,0.0,0.0,0.0,34.81,0.0
4493,34.81,0.0,0.0,0.0,0.0,0.0,34.81,0.0
4494,34.81,0.0,0.0,0.0,0.0,0.0,34.81,0.0
4495,36.76,0.0,12.15,0.0,0.0,0.0,24.61,0.0
4496,38.63,0.0,21.96,0.0,0.0,0.0,16.67,0.0
4497,40.36,0.0,33.71,0.0,0.0,0.0,6.65,0.0
4498,41.88,0.0,41.69,0.0,0.0,0.0,0.18,0.0
4499,43.12,0.0,46.67,3.55,0.0,0.0,0.0,0.0
4500,44.05,0.0,46.46,2.41,0.0,0.3022,0.0,0.0
4501,44.61,0.0,46.67,2.06,0.0,0.5076,0.0,0.0
4502,44.81,0.0,41.25,0.0,0.0,0.6828,3.56,0.0
4503,44.61,0.0,31.81,0.0,3.9,0.6828,8.91,0.0
4504,44.05,0.0,23.91,0.0,0.0,0.3149,20.13,0.0
4505,43.12,0.0,11.08,0.0,0.0,0.3149,32.05,0.0
4506,41.88,0.0,0.0,0.0,2.43,0.3149,39.45,0.0
4507,40.36,0.0,0.0,0.0,0.91,0.086,39.45,0.0
4508,38.63,0.0,0.0,0.0,0.0,0.0,38.63,0.0
4509,36.76,0.0,0.0,0.0,0.0,0.0,36.76,0.0
4510,34.81,0.0,0.0,0.0,0.0,0.0,34.81,0.0
4511,34.81,0.0,0.0,0.0,0.0,0.0,34.81,0.0
4512,34.76,0.0,0.0,0.0,0.0,0.0,34.76,0.0
4513,34.76,0.0,0.0,0.0,0.0,0.0,34.76,0.0
4514,34.76,0.0,0.0,0.0,0.0,0.0,34.76,0.0
4515,34.76,0.0,0.0,0.0,0.0,0.0,34.76,0.0
4516,34.76,0.0,0.0,0.0,0.0,0.0,34.76,0.0
4517,34.76,0.0,0.0,0.0,0.0,0.0,34.76,0.0
4518,34.76,0.0,0.0,0.0,0.0,0.0,34.76,0.0
4519,36.71,0.0,11.44,0.0,0.0,0.0,25.28,0.0
4520,38.59,0.0,23.45,0.0,0.0,0.0,15.14,0.0
4521,40.32,0.0,33.68,0.0,0.0,0.0,6.64,0.0
4522,41.83,0.0,41.24,0.0,0.0,0.0,0.59,0.0
4523,43.08,0.0,44.98,1.9,0.0,0.0,0.0,0.0
4524,44.0,0.0,48.0,4.0,0.0,0.1618,0.0,0.0
4525,44.57,0.0,46.35,1.78,0.0,0.5023,0.0,0.0
4526,44.76,0.0,41.43,0.0,3.34,0.6537,0.0,0.0
4527,44.57,0.0,31.94,0.0,0.0,0.3388,12.64,0.0
4528,44.0,0.0,22.07,0.0,0.0,0.3388,21.94,0.0
4529,43.08,0.0,10.19,0.0,0.0,0.3388,32.89,0.0
4530,41.83,0.0,0.0,0.0,2.72,0.3388,39.11,0.0
4531,40.32,0.0,0.0,0.0,0.87,0.0819,39.45,0.0
4532,38.59,0.0,0.0,0.0,0.0,0.0,38.59,0.0
4533,36.71,0.0,0.0,0.0,0.0,0.0,36.71,0.0
4534,34.76,0.0,0.0,0.0,0.0,0.0,34.76,0.0
4535,34.76,0.0,0.0,0.0,0.0,0.0,34.76,0.0
4536,34.72,0.0,0.0,0.0,0.0,0.0,34.72,0.0
4537,34.72,0.0,0.0,0.0,0.0,0.0,34.72,0.0
4538,34.72,0.0,0.0,0.0,0.0,0.0,34.72,0.0
4539,34.72,0.0,0.0,0.0,0.0,0.0,34.72,0.0
4540,34.72,0.0,0.0,0.0,0.0,0.0,34.72,0.0
4541,34.72,0.0,0.0,0.0,0.0,0.0,34.72,0.0
4542,34.72,0.0,0.0,0.0,0.0,0.0,34.72,0.0
4543,36.67,0.0,11.96,0.0,0.0,0.0,24.71,0.0
4544,38.55,0.0,22.47,0.0,0.0,0.0,16.08,0.0
4545,40.28,0.0,33.12,0.0,0.0,0.0,7.16,0.0
4546,41.79,0.0,39.89,0.0,0.0,0.0,1.9,0.0
4547,43.04,0.0,45.29,2.25,0.0,0.0,0.0,0.0
4548,43.96,0.0,47.9,3.94,0.0,0.1917,0.0,0.0
4549,44.53,0.0,44.98,0.45,0.0,0.5274,0.0,0.0
4550,44.72,0.0,39.46,0.0,0.0,0.5655,5.26,0.0
4551,44.53,0.0,32.86,0.0,0.0,0.5655,11.67,0.0
4552,43.96,0.0,21.97,0.0,2.83,0.5655,19.16,0.0
4553,43.04,0.0,10.12,0.0,0.0,0.2987,32.92,0.0
4554,41.79,0.0,0.0,0.0,2.34,0.2987,39.45,0.0
4555,40.28,0.0,0.0,0.0,0.83,0.0779,39.45,0.0
4556,38.55,0.0,0.0,0.0,0.0,0.0,38.55,0.0
4557,36.67,0.0,0.0,0.0,0.0,0.0,36.67,0.0
4558,34.72,0.0,0.0,0.0,0.0,0.0,34.72,0.0
4559,34.72,0.0,0.0,0.0,0.0,0.0,34.72,0.0
4560,34.68,0.0,0.0,0.0,0.0,0.0,34.68,0.0
4561,34.68,0.0,0.0,0.0,0.0,0.0,34.68,0.0
4562,34.68,0.0,0.0,0.0,0.0,0.0,34.68,0.0
4563,34.68,0.0,0.0,0.0,0.0,0.0,34.68,0.0
4564,34.68,0.0,0.0,0.0,0.0,0.0,34.68,0.0
4565,34.68,0.0,0.0,0.0,0.0,0.0,34.68,0.0
4566,34.68,0.0,0.0,0.0,0.0,0.0,34.68,0.0
4567,36.63,0.0,10.99,0.0,0.0,0.0,25.63,0.0
4568,38.5,0.0,22.73,0.0,0.0,0.0,15.77,0.0
4569,40.23,0.0,32.23,0.0,0.0,0.0,8.0,0.0
4570,41.75,0.0,40.87,0.0,0.0,0.0,0.88,0.0
4571,42.99,0.0,44.24,1.24,0.0,0.0,0.0,0.0
4572,43.92,0.0,46.53,2.61,0.0,0.106,0.0,0.0
4573,44.49,0.0,45.22,0.74,0.0,0.3283,0.0,0.0
4574,44.68,0.0,41.57,0.0,0.0,0.391,3.11,0.0
4575,44.49,0.0,32.68,0.0,1.06,0.391,10.74,0.0
4576,43.92,0.0,22.1,0.0,0.0,0.2907,21.82,0.0
4577,42.99,0.0,11.64,0.0,0.0,0.2907,31.35,0.0
4578,41.75,0.0,0.0,0.0,2.3,0.2907,39.45,0.0
4579,40.23,0.0,0.0,0.0,0.78,0.0739,39.45,0.0
4580,38.5,0.0,0.0,0.0,0.0,0.0,38.5,0.0
4581,36.63,0.0,0.0,0.0,0.0,0.0,36.63,0.0
4582,34.68,0.0,0.0,0.0,0.0,0.0,34.68,0.0
4583,34.68,0.0,0.0,0.0,0.0,0.0,34.68,0.0
4584,34.64,0.0,0.0,0.0,0.0,0.0,34.64,0.0
4585,34.64,0.0,0.0,0.0,0.0,0.0,34.64,0.0
4586,34.64,0.0,0.0,0.0,0.0,0.0,34.64,0.0
4587,34.64,0.0,0.0,0.0,0.0,0.0,34.64,0.0
4588,34.64,0.0,0.0,0.0,0.0,0.0,34.64,0.0
4589,34.64,0.0,0.0,0.0,0.0,0.0,34.64,0.0
4590,34.64,0.0,0.0,0.0,0.0,0.0,34.64,0.0
4591,36.59,0.0,11.51,0.0,0.0,0.0,25.08,0.0
4592,38.46,0.0,23.64,0.0,0.0,0.0,14.82,0.0
4593,40.19,0.0,33.88,0.0,0.0,0.0,6.31,0.0
4594,41.71,0.0,39.28,0.0,0.0,0.0,2.43,0.0
4595,42.95,0.0,45.57,2.62,0.0,0.0,0.0,0.0
4596,43.87,0.0,46.08,2.2,0.0,0.2231,0.0,0.0
4597,44.44,0.0,46.3,1.86,0.0,0.4107,0.0,0.0
4598,44.64,0.0,40.46,0.0,0.0,0.5689,4.17,0.0
4599,44.44,0.0,33.06,0.0,3.03,0.5689,8.35,0.0
4600,43.87,0.0,23.42,0.0,0.0,0.2826,20.46,0.0
4601,42.95,0.0,10.65,0.0,0.0,0.2826,32.3,0.0
4602,41.71,0.0,0.0,0.0,2.26,0.2826,39.45,0.0
4603,40.19,0.0,0.0,0.0,0.74,0.0698,39.45,0.0
4604,38.46,0.0,0.0,0.0,0.0,0.0,38.46,0.0
4605,36.59,0.0,0.0,0.0,0.0,0.0,36.59,0.0
4606,34.64,0.0,0.0,0.0,0.0,0.0,34.64,0.0
4607,34.64,0.0,0.0,0.0,0.0,0.0,34.64,0.0
4608,34.59,0.0,0.0,0.0,0.0,0.0,34.59,0.0
4609,34.59,0.0,0.0,0.0,0.0,0.0,34.59,0.0
4610,34.59,0.0,0.0,0.0,0.0,0.0,34.59,0.0
4611,34.59,0.0,0.0,0.0,0.0,0.0,34.59,0.0
4612,34.59,0.0,0.0,0.0,0.0,0.0,34.59,0.0
4613,34.59,0.0,0.0,0.0,0.0,0.0,34.59,0.0
4614,34.59,0.0,0.0,0.0,0.0,0.0,34.59,0.0
4615,36.54,0.0,10.02,0.0,0.0,0.0,26.52,0.0
4616,38.42,0.0,23.26,0.0,0.0,0.0,15.16,0.0
4617,40.15,0.0,33.6,0.0,0.0,0.0,6.55,0.0
4618,41.66,0.0,41.34,0.0,0.0,0.0,0.33,0.0
4619,42.91,0.0,44.31,1.4,0.0,0.0,0.0,0.0
4620,43.83,0.0,47.45,3.62,0.0,0.1191,0.0,0.0
4621,44.4,0.0,45.65,1.25,0.0,0.4276,0.0,0.0
4622,44.59,0.0,40.89,0.0,0.0,0.5337,3.71,0.0
4623,44.4,0.0,32.16,0.0,0.0,0.5337,12.24,0.0
4624,43.83,0.0,21.9,0.0,2.75,0.5337,19.18,0.0
4625,42.91,0.0,11.81,0.0,0.0,0.2746,31.1,0.0
4626,41.66,0.0,0.0,0.0,2.21,0.2746,39.45,0.0
4627,40.15,0.0,0.0,0.0,0.7,0.0658,39.45,0.0
4628,38.42,0.0,0.0,0.0,0.0,0.0,38.42,0.0
4629,36.54,0.0,0.0,0.0,0.0,0.0,36.54,0.0
4630,34.59,0.0,0.0,0.0,0.0,0.0,34.59,0.0
4631,34.59,0.0,0.0,0.0,0.0,0.0,34.59,0.0
4632,34.55,0.0,0.0,0.0,0.0,0.0,34.55,0.0
4633,34.55,0.0,0.0,0.0,0.0,0.0,34.55,0.0
4634,34.55,0.0,0.0,0.0,0.0,0.0,34.55,0.0
4635,34.55,0.0,0.0,0.0,0.0,0.0,34.55,0.0
4636,34.55,0.0,0.0,0.0,0.0,0.0,34.55,0.0
4637,34.55,0.0,0.0,0.0,0.0,0.0,34.55,0.0
4638,34.55,0.0,0.0,0.0,0.0,0.0,34.55,0.0
4639,36.5,0.0,12.08,0.0,0.0,0.0,24.42,0.0
4640,38.38,0.0,22.9,0.0,0.0,0.0,15.48,0.0
4641,40.11,0.0,33.45,0.0,0.0,0.0,6.65,0.0
4642,41.62,0.0,41.21,0.0,0.0,0.0,0.41,0.0
4643,42.87,0.0,46.11,3.25,0.0,0.0,0.0,0.0
4644,43.79,0.0,45.96,2.17,0.0,0.2766,0.0,0.0
4645,44.36,0.0,44.33,0.0,0.0,0.4617,0.03,0.0
4646,44.55,0.0,40.38,0.0,0.0,0.4617,4.17,0.0
4647,44.36,0.0,32.45,0.0,2.07,0.4617,9.84,0.0
4648,43.79,0.0,23.44,0.0,0.0,0.2666,20.35,0.0
4649,42.87,0.0,10.19,0.0,0.0,0.2666,32.67,0.0
4650,41.62,0.0,0.0,0.0,2.17,0.2666,39.45,0.0
4651,40.11,0.0,0.0,0.0,0.66,0.0618,39.45,0.0
4652,38.38,0.0,0.0,0.0,0.0,0.0,38.38,0.0
4653,36.5,0.0,0.0,0.0,0.0,0.0,36.5,0.0
4654,34.55,0.0,0.0,0.0,0.0,0.0,34.55,0.0
4655,34.55,0.0,0.0,0.0,0.0,0.0,34.55,0.0
4656,34.51,0.0,0.0,0.0,0.0,0.0,34.51,0.0
4657,34.51,0.0,0.0,0.0,0.0,0.0,34.51,0.0
4658,34.51,0.0,0.0,0.0,0.0,0.0,34.51,0.0
4659,34.51,0.0,0.0,0.0,0.0,0.0,34.51,0.0
4660,34.51,0.0,0.0,0.0,0.0,0.0,34.51,0.0
4661,34.51,0.0,0.0,0.0,0.0,0.0,34.51,0.0
4662,34.51,0.0,0.0,0.0,0.0,0.0,34.51,0.0
4663,36.46,0.0,12.31,0.0,0.0,0.0,24.15,0.0
4664,38.34,0.0,22.55,0.0,0.0,0.0,15.79,0.0
4665,40.06,0.0,32.26,0.0,0.0,0.0,7.8,0.0
4666,41.58,0.0,39.31,0.0,0.0,0.0,2.27,0.0
4667,42.82,0.0,44.99,2.17,0.0,0.0,0.0,0.0
4668,43.75,0.0,47.7,3.95,0.0,0.1844,0.0,0.0
4669,44.32,0.0,44.91,0.59,0.0,0.5209,0.0,0.0
4670,44.51,0.0,39.43,0.0,0.0,0.5712,5.08,0.0
4671,44.32,0.0,32.27,0.0,0.0,0.5712,12.05,0.0
4672,43.75,0.0,21.91,0.0,3.31,0.5712,18.52,0.0
4673,42.82,0.0,12.08,0.0,0.0,0.2586,30.74,0.0
4674,41.58,0.0,0.0,0.0,2.13,0.2586,39.45,0.0
4675,40.06,0.0,0.0,0.0,0.61,0.0578,39.45,0.0
4676,38.34,0.0,0.0,0.0,0.0,0.0,38.34,0.0
4677,36.46,0.0,0.0,0.0,0.0,0.0,36.46,0.0
4678,34.51,0.0,0.0,0.0,0.0,0.0,34.51,0.0
4679,34.51,0.0,0.0,0.0,0.0,0.0,34.51,0.0
4680,34.47,0.0,0.0,0.0,0.0,0.0,34.47,0.0
4681,34.47,0.0,0.0,0.0,0.0,0.0,34.47,0.0
4682,34.47,0.0,0.0,0.0,0.0,0.0,34.47,0.0
4683,34.47,0.0,0.0,0.0,0.0,0.0,34.47,0.0
4684,34.47,0.0,0.0,0.0,0.0,0.0,34.47,0.0
4685,34.47,0.0,0.0,0.0,0.0,0.0,34.47,0.0
4686,34.47,0.0,0.0,0.0,0.0,0.0,34.47,0.0
4687,36.42,0.0,10.73,0.0,0.0,0.0,25.69,0.0
4688,38.29,0.0,21.7,0.0,0.0,0.0,16.6,0.0
4689,40.02,0.0,32.98,0.0,0.0,0.0,7.04,0.0
4690,41.54,0.0,40.86,0.0,0.0,0.0,0.68,0.0
4691,42.78,0.0,46.0,3.22,0.0,0.0,0.0,0.0
4692,43.7,0.0,46.09,2.39,0.0,0.2743,0.0,0.0
4693,44.27,0.0,44.52,0.25,0.0,0.4776,0.0,0.0
4694,44.47,0.0,39.91,0.0,0.0,0.4985,4.55,0.0
4695,44.27,0.0,31.88,0.0,2.63,0.4985,9.76,0.0
4696,43.7,0.0,22.85,0.0,0.0,0.2507,20.86,0.0
4697,42.78,0.0,12.11,0.0,0.0,0.2507,30.68,0.0
4698,41.54,0.0,0.0,0.0,2.09,0.2507,39.45,0.0
4699,40.02,0.0,0.0,0.0,0.57,0.0539,39.45,0.0
4700,38.29,0.0,0.0,0.0,0.0,0.0,38.29,0.0
4701,36.42,0.0,0.0,0.0,0.0,0.0,36.42,0.0
4702,34.47,0.0,0.0,0.0,0.0,0.0,34.47,0.0
4703,34.47,0.0,0.0,0.0,0.0,0.0,34.47,0.0
4704,34.42,0.0,0.0,0.0,0.0,0.0,34.42,0.0
4705,34.42,0.0,0.0,0.0,0.0,0.0,34.42,0.0
4706,34.42,0.0,0.0,0.0,0.0,0.0,34.42,0.0
4707,34.42,0.0,0.0,0.0,0.0,0.0,34.42,0.0
4708,34.42,0.0,0.0,0.0,0.0,0.0,34.42,0.0
4709,34.42,0.0,0.0,0.0,0.0,0.0,34.42,0.0
4710,34.42,0.0,0.0,0.0,0.0,0.0,34.42,0.0
4711,36.38,0.0,9.99,0.0,0.0,0.0,26.38,0.0
4712,38.25,0.0,22.21,0.0,0.0,0.0,16.04,0.0
4713,39.98,0.0,32.37,0.0,0.0,0.0,7.61,0.0
4714,41.5,0.0,39.52,0.0,0.0,0.0,1.98,0.0
4715,42.74,0.0,44.89,2.15,0.0,0.0,0.0,0.0
4716,43.66,0.0,45.69,2.03,0.0,0.1832,0.0,0.0
4717,44.23,0.0,45.05,0.82,0.0,0.3557,0.0,0.0
4718,44.42,0.0,41.15,0.0,0.0,0.4251,3.27,0.0
4719,44.23,0.0,33.33,0.0,0.0,0.4251,10.91,0.0
4720,43.66,0.0,22.82,0.0,0.0,0.4251,20.84,0.0
4721,42.74,0.0,11.3,0.0,1.93,0.4251,29.5,0.0
4722,41.5,0.0,0.0,0.0,2.04,0.2428,39.45,0.0
4723,39.98,0.0,0.0,0.0,0.53,0.0499,39.45,0.0
4724,38.25,0.0,0.0,0.0,0.0,0.0,38.25,0.0
4725,36.38,0.0,0.0,0.0,0.0,0.0,36.38,0.0
4726,34.42,0.0,0.0,0.0,0.0,0.0,34.42,0.0
4727,34.42,0.0,0.0,0.0,0.0,0.0,34.42,0.0
4728,34.38,0.0,0.0,0.0,0.0,0.0,34.38,0.0
4729,34.38,0.0,0.0,0.0,0.0,0.0,34.38,0.0
4730,34.38,0.0,0.0,0.0,0.0,0.0,34.38,0.0
4731,34.38,0.0,0.0,0.0,0.0,0.0,34.38,0.0
4732,34.38,0.0,0.0,0.0,0.0,0.0,34.38,0.0
4733,34.38,0.0,0.0,0.0,0.0,0.0,34.38,0.0
4734,34.38,0.0,0.0,0.0,0.0,0.0,34.38,0.0
4735,36.33,0.0,12.14,0.0,0.0,0.0,24.19,0.0
4736,38.21,0.0,22.68,0.0,0.0,0.0,15.53,0.0
4737,39.94,0.0,32.28,0.0,0.0,0.0,7.66,0.0
4738,41.45,0.0,39.24,0.0,0.0,0.0,2.21,0.0
4739,42.7,0.0,46.08,3.38,0.0,0.0,0.0,0.0
4740,43.62,0.0,45.81,2.19,0.0,0.2877,0.0,0.0
4741,44.19,0.0,44.95,0.76,0.0,0.4738,0.0,0.0
4742,44.38,0.0,39.16,0.0,0.0,0.5388,5.22,0.0
4743,44.19,0.0,33.52,0.0,0.0,0.5388,10.67,0.0
4744,43.62,0.0,23.31,0.0,0.0,0.5388,20.31,0.0
4745,42.7,0.0,11.16,0.0,3.22,0.5388,28.32,0.0
4746,41.45,0.0,0.0,0.0,2.0,0.2349,39.45,0.0
4747,39.94,0.0,0.0,0.0,0.49,0.046,39.45,0.0
4748,38.21,0.0,0.0,0.0,0.0,0.0,38.21,0.0
4749,36.33,0.0,0.0,0.0,0.0,0.0,36.33,0.0
4750,34.38,0.0,0.0,0.0,0.0,0.0,34.38,0.0
4751,34.38,0.0,0.0,0.0,0.0,0.0,34.38,0.0
4752,34.34,0.0,0.0,0.0,0.0,0.0,34.34,0.0
4753,34.34,0.0,0.0,0.0,0.0,0.0,34.34,0.0
4754,34.34,0.0,0.0,0.0,0.0,0.0,34.34,0.0
4755,34.34,0.0,0.0,0.0,0.0,0.0,34.34,0.0
4756,34.34,0.0,0.0,0.0,0.0,0.0,34.34,0.0
4757,34.34,0.0,0.0,0.0,0.0,0.0,34.34,0.0
4758,34.34,0.0,0.0,0.0,0.0,0.0,34.34,0.0
4759,36.29,0.0,10.6,0.0,0.0,0.0,25.69,0.0
4760,38.17,0.0,23.12,0.0,0.0,0.0,15.05,0.0
4761,39.9,0.0,32.04,0.0,0.0,0.0,7.85,0.0
4762,41.41,0.0,38.95,0.0,0.0,0.0,2.47,0.0
4763,42.66,0.0,44.25,1.59,0.0,0.0,0.0,0.0
4764,43.58,0.0,45.58,2.0,0.0,0.1353,0.0,0.0
4765,44.15,0.0,45.69,1.54,0.0,0.3058,0.0,0.0
4766,44.34,0.0,40.07,0.0,2.22,0.4367,2.04,0.0
4767,44.15,0.0,33.22,0.0,0.0,0.227,10.93,0.0
4768,43.58,0.0,22.4,0.0,0.0,0.227,21.17,0.0
4769,42.66,0.0,10.81,0.0,0.0,0.227,31.85,0.0
4770,41.41,0.0,0.0,0.0,1.96,0.227,39.45,0.0
4771,39.9,0.0,0.0,0.0,0.45,0.042,39.45,0.0
4772,38.17,0.0,0.0,0.0,0.0,0.0,38.17,0.0
4773,36.29,0.0,0.0,0.0,0.0,0.0,36.29,0.0
4774,34.34,0.0,0.0,0.0,0.0,0.0,34.34,0.0
4775,34.34,0.0,0.0,0.0,0.0,0.0,34.34,0.0
4776,34.3,0.0,0.0,0.0,0.0,0.0,34.3,0.0
4777,34.3,0.0,0.0,0.0,0.0,0.0,34.3,0.0
4778,34.3,0.0,0.0,0.0,0.0,0.0,34.3,0.0
4779,34.3,0.0,0.0,0.0,0.0,0.0,34.3,0.0
4780,34.3,0.0,0.0,0.0,0.0,0.0,34.3,0.0
4781,34.3,0.0,0.0,0.0,0.0,0.0,34.3,0.0
4782,34.3,0.0,0.0,0.0,0.0,0.0,34.3,0.0
4783,36.25,0.0,12.17,0.0,0.0,0.0,24.08,0.0
4784,38.13,0.0,22.04,0.0,0.0,0.0,16.08,0.0
4785,39.86,0.0,31.39,0.0,0.0,0.0,8.46,0.0
4786,41.37,0.0,40.16,0.0,0.0,0.0,1.21,0.0
4787,42.61,0.0,45.32,2.71,0.0,0.0,0.0,0.0
4788,43.54,0.0,47.03,3.49,0.0,0.2307,0.0,0.0
4789,44.11,0.0,44.06,0.0,0.0,0.5278,0.04,0.0
4790,44.3,0.0,39.63,0.0,0.0,0.5278,4.67,0.0
4791,44.11,0.0,31.25,0.0,0.0,0.5278,12.86,0.0
4792,43.54,0.0,21.48,0.0,0.0,0.5278,22.06,0.0
4793,42.61,0.0,12.14,0.0,0.0,0.5278,30.47,0.0
4794,41.37,0.0,0.0,0.0,1.92,0.5278,39.45,0.0
4795,39.86,0.0,0.0,0.0,0.4,0.3467,39.45,0.0
4796,38.13,0.0,0.0,0.0,0.0,0.3086,38.13,0.0
4797,36.25,0.0,0.0,0.0,3.27,0.3086,32.98,0.0
4798,34.3,0.0,0.0,0.0,0.0,0.0,34.3,0.0
4799,34.3,0.0,0.0,0.0,0.0,0.0,34.3,0.0
4800,34.26,0.0,0.0,0.0,0.0,0.0,34.26,0.0
4801,34.26,0.0,0.0,0.0,0.0,0.0,34.26,0.0
4802,34.26,0.0,0.0,0.0,0.0,0.0,34.26,0.0
4803,34.26,0.0,0.0,0.0,0.0,0.0,34.26,0.0
4804,34.26,0.0,0.0,0.0,0.0,0.0,34.26,0.0
4805,34.26,0.0,0.0,0.0,0.0,0.0,34.26,0.0
4806,34.26,0.0,0.0,0.0,0.0,0.0,34.26,0.0
4807,36.21,0.0,9.99,0.0,0.0,0.0,26.22,0.0
4808,38.09,0.0,23.13,0.0,0.0,0.0,14.96,0.0
4809,39.81,0.0,32.57,0.0,0.0,0.0,7.24,0.0
4810,41.33,0.0,40.15,0.0,0.0,0.0,1.18,0.0
4811,42.57,0.0,43.82,1.25,0.0,0.0,0.0,0.0
4812,43.5,0.0,45.53,2.03,0.0,0.1065,0.0,0.0
4813,44.07,0.0,43.82,0.0,0.25,0.2791,0.0,0.0
4814,44.26,0.0,39.63,0.0,0.47,0.2557,4.16,0.0
4815,44.07,0.0,32.98,0.0,0.0,0.2114,11.08,0.0
4816,43.5,0.0,23.28,0.0,0.0,0.2114,20.22,0.0
4817,42.57,0.0,12.01,0.0,0.0,0.2114,30.56,0.0
4818,41.33,0.0,0.0,0.0,1.88,0.2114,39.45,0.0
4819,39.81,0.0,0.0,0.0,0.36,0.0343,39.45,0.0
4820,38.09,0.0,0.0,0.0,0.0,0.0,38.09,0.0
4821,36.21,0.0,0.0,0.0,0.0,0.0,36.21,0.0
4822,34.26,0.0,0.0,0.0,0.0,0.0,34.26,0.0
4823,34.26,0.0,0.0,0.0,0.0,0.0,34.26,0.0
4824,34.22,0.0,0.0,0.0,0.0,0.0,34.22,0.0
4825,34.22,0.0,0.0,0.0,0.0,0.0,34.22,0.0
4826,34.22,0.0,0.0,0.0,0.0,0.0,34.22,0.0
4827,34.22,0.0,0.0,0.0,0.0,0.0,34.22,0.0
4828,34.22,0.0,0.0,0.0,0.0,0.0,34.22,0.0
4829,34.22,0.0,0.0,0.0,0.0,0.0,34.22,0.0
4830,34.22,0.0,0.0,0.0,0.0,0.0,34.22,0.0
4831,36.17,0.0,11.35,0.0,0.0,0.0,24.81,0.0
4832,38.04,0.0,23.65,0.0,0.0,0.0,14.39,0.0
4833,39.77,0.0,32.63,0.0,0.0,0.0,7.14,0.0
4834,41.29,0.0,39.7,0.0,0.0,0.0,1.59,0.0
4835,42.53,0.0,45.01,2.47,0.0,0.0,0.0,0.0
4836,43.46,0.0,47.06,3.6,0.0,0.2106,0.0,0.0
4837,44.03,0.0,44.77,0.74,0.0,0.5175,0.0,0.0
4838,44.22,0.0,40.21,0.0,0.0,0.5805,4.01,0.0
4839,44.03,0.0,31.15,0.0,3.99,0.5805,8.88,0.0
4840,43.46,0.0,22.34,0.0,0.0,0.2037,21.11,0.0
4841,42.53,0.0,11.16,0.0,0.0,0.2037,31.37,0.0
4842,41.29,0.0,0.0,0.0,1.84,0.2037,39.45,0.0
4843,39.77,0.0,0.0,0.0,0.32,0.0304,39.45,0.0
4844,38.04,0.0,0.0,0.0,0.0,0.0,38.04,0.0
4845,36.17,0.0,0.0,0.0,0.0,0.0,36.17,0.0
4846,34.22,0.0,0.0,0.0,0.0,0.0,34.22,0.0
4847,34.22,0.0,0.0,0.0,0.0,0.0,34.22,0.0
4848,34.18,0.0,0.0,0.0,0.0,0.0,34.18,0.0
4849,34.18,0.0,0.0,0.0,0.0,0.0,34.18,0.0
4850,34.18,0.0,0.0,0.0,0.0,0.0,34.18,0.0
4851,34.18,0.0,0.0,0.0,0.0,0.0,34.18,0.0
4852,34.18,0.0,0.0,0.0,0.0,0.0,34.18,0.0
4853,34.18,0.0,0.0,0.0,0.0,0.0,34.18,0.0
4854,34.18,0.0,0.0,0.0,0.0,0.0,34.18,0.0
4855,36.13,0.0,11.3,0.0,0.0,0.0,24.83,0.0
4856,38.0,0.0,22.59,0.0,0.0,0.0,15.41,0.0
4857,39.73,0.0,31.66,0.0,0.0,0.0,8.07,0.0
4858,41.25,0.0,39.63,0.0,0.0,0.0,1.62,0.0
4859,42.49,0.0,43.65,1.16,0.0,0.0,0.0,0.0
4860,43.42,0.0,45.68,2.26,0.0,0.0984,0.0,0.0
4861,43.98,0.0,43.75,0.0,0.24,0.2912,0.0,0.0
4862,44.18,0.0,39.63,0.0,0.77,0.2686,3.78,0.0
4863,43.98,0.0,32.19,0.0,0.0,0.196,11.79,0.0
4864,43.42,0.0,21.32,0.0,0.0,0.196,22.09,0.0
4865,42.49,0.0,11.25,0.0,0.0,0.196,31.24,0.0
4866,41.25,0.0,0.0,0.0,1.8,0.196,39.45,0.0
4867,39.73,0.0,0.0,0.0,0.28,0.0265,39.45,0.0
4868,38.0,0.0,0.0,0.0,0.0,0.0,38.0,0.0
4869,36.13,0.0,0.0,0.0,0.0,0.0,36.13,0.0
4870,34.18,0.0,0.0,0.0,0.0,0.0,34.18,0.0
4871,34.18,0.0,0.0,0.0,0.0,0.0,34.18,0.0
4872,34.14,0.0,0.0,0.0,0.0,0.0,34.14,0.0
4873,34.14,0.0,0.0,0.0,0.0,0.0,34.14,0.0
4874,34.14,0.0,0.0,0.0,0.0,0.0,34.14,0.0
4875,34.14,0.0,0.0,0.0,0.0,0.0,34.14,0.0
4876,34.14,0.0,0.0,0.0,0.0,0.0,34.14,0.0
4877,34.14,0.0,0.0,0.0,0.0,0.0,34.14,0.0
4878,34.14,0.0,0.0,0.0,0.0,0.0,34.14,0.0
4879,36.09,0.0,11.5,0.0,0.0,0.0,24.58,0.0
4880,37.96,0.0,22.86,0.0,0.0,0.0,15.1,0.0
4881,39.69,0.0,33.09,0.0,0.0,0.0,6.61,0.0
4882,41.21,0.0,39.16,0.0,0.0,0.0,2.05,0.0
4883,42.45,0.0,44.75,2.3,0.0,0.0,0.0,0.0
4884,43.37,0.0,45.23,1.85,0.0,0.1954,0.0,0.0
4885,43.94,0.0,44.48,0.54,0.0,0.3532,0.0,0.0
4886,44.14,0.0,40.65,0.0,0.0,0.3991,3.48,0.0
4887,43.94,0.0,30.99,0.0,0.0,0.3991,12.96,0.0
4888,43.37,0.0,21.64,0.0,0.0,0.3991,21.73,0.0
4889,42.45,0.0,11.58,0.0,2.23,0.3991,28.64,0.0
4890,41.21,0.0,0.0,0.0,1.76,0.1884,39.45,0.0
4891,39.69,0.0,0.0,0.0,0.24,0.0227,39.45,0.0
4892,37.96,0.0,0.0,0.0,0.0,0.0,37.96,0.0
4893,36.09,0.0,0.0,0.0,0.0,0.0,36.09,0.0
4894,34.14,0.0,0.0,0.0,0.0,0.0,34.14,0.0
4895,34.14,0.0,0.0,0.0,0.0,0.0,34.14,0.0
4896,34.1,0.0,0.0,0.0,0.0,0.0,34.1,0.0
4897,34.1,0.0,0.0,0.0,0.0,0.0,34.1,0.0
4898,34.1,0.0,0.0,0.0,0.0,0.0,34.1,0.0
4899,34.1,0.0,0.0,0.0,0.0,0.0,34.1,0.0
4900,34.1,0.0,0.0,0.0,0.0,0.0,34.1,0.0
4901,34.1,0.0,0.0,0.0,0.0,0.0,34.1,0.0
4902,34.1,0.0,0.0,0.0,0.0,0.0,34.1,0.0
4903,36.05,0.0,10.68,0.0,0.0,0.0,25.36,0.0
4904,37.92,0.0,22.58,0.0,0.0,0.0,15.34,0.0
4905,39.65,0.0,31.4,0.0,0.0,0.0,8.25,0.0
4906,41.17,0.0,39.03,0.0,0.0,0.0,2.14,0.0
4907,42.41,0.0,43.49,1.08,0.0,0.0,0.0,0.0
4908,43.33,0.0,46.95,3.61,0.0,0.0917,0.0,0.0
4909,43.9,0.0,44.15,0.24,0.0,0.3991,0.0,0.0
4910,44.1,0.0,39.08,0.0,0.0,0.4199,5.02,0.0
4911,43.9,0.0,33.32,0.0,0.0,0.4199,10.59,0.0
4912,43.33,0.0,22.11,0.0,0.0,0.4199,21.23,0.0
4913,42.41,0.0,11.33,0.0,0.0,0.4199,31.08,0.0
4914,41.17,0.0,0.0,0.0,4.25,0.4199,36.92,0.0
4915,39.65,0.0,0.0,0.0,0.2,0.0189,39.45,0.0
4916,37.92,0.0,0.0,0.0,0.0,0.0,37.92,0.0
4917,36.05,0.0,0.0,0.0,0.0,0.0,36.05,0.0
4918,34.1,0.0,0.0,0.0,0.0,0.0,34.1,0.0
4919,34.1,0.0,0.0,0.0,0.0,0.0,34.1,0.0
4920,34.06,0.0,0.0,0.0,0.0,0.0,34.06,0.0
4921,34.06,0.0,0.0,0.0,0.0,0.0,34.06,0.0
4922,34.06,0.0,0.0,0.0,0.0,0.0,34.06,0.0
4923,34.06,0.0,0.0,0.0,0.0,0.0,34.06,0.0
4924,34.06,0.0,0.0,0.0,0.0,0.0,34.06,0.0
4925,34.06,0.0,0.0,0.0,0.0,0.0,34.06,0.0
4926,34.06,0.0,0.0,0.0,0.0,0.0,34.06,0.0
4927,36.01,0.0,10.82,0.0,0.0,0.0,25.19,0.0
4928,37.88,0.0,21.34,0.0,0.0,0.0,16.54,0.0
4929,39.61,0.0,31.95,0.0,0.0,0.0,7.66,0.0
4930,41.13,0.0,38.58,0.0,0.0,0.0,2.54,0.0
4931,42.37,0.0,44.9,2.53,0.0,0.0,0.0,0.0
4932,43.29,0.0,46.03,2.74,0.0,0.2151,0.0,0.0
4933,43.86,0.0,44.2,0.33,0.0,0.4482,0.0,0.0
4934,44.06,0.0,39.93,0.0,0.0,0.4767,4.13,0.0
4935,43.86,0.0,32.47,0.0,0.0,0.4767,11.4,0.0
4936,43.29,0.0,23.15,0.0,0.0,0.4767,20.14,0.0
4937,42.37,0.0,11.77,0.0,0.0,0.4767,30.6,0.0
4938,41.13,0.0,0.0,0.0,1.68,0.4767,39.45,0.0
4939,39.61,0.0,0.0,0.0,3.38,0.3186,36.23,0.0
4940,37.88,0.0,0.0,0.0,0.0,0.0,37.88,0.0
4941,36.01,0.0,0.0,0.0,0.0,0.0,36.01,0.0
4942,34.06,0.0,0.0,0.0,0.0,0.0,34.06,0.0
4943,34.06,0.0,0.0,0.0,0.0,0.0,34.06,0.0
4944,34.02,0.0,0.0,0.0,0.0,0.0,34.02,0.0
4945,34.02,0.0,0.0,0.0,0.0,0.0,34.02,0.0
4946,34.02,0.0,0.0,0.0,0.0,0.0,34.02,0.0
4947,34.02,0.0,0.0,0.0,0.0,0.0,34.02,0.0
4948,34.02,0.0,0.0,0.0,0.0,0.0,34.02,0.0
4949,34.02,0.0,0.0,0.0,0.0,0.0,34.02,0.0
4950,34.02,0.0,0.0,0.0,0.0,0.0,34.02,0.0
4951,35.97,0.0,10.84,0.0,0.0,0.0,25.12,0.0
4952,37.84,0.0,22.94,0.0,0.0,0.0,14.9,0.0
4953,39.57,0.0,33.14,0.0,0.0,0.0,6.43,0.0
4954,41.09,0.0,40.56,0.0,0.0,0.0,0.53,0.0
4955,42.33,0.0,44.41,2.08,0.0,0.0,0.0,0.0
4956,43.25,0.0,44.93,1.67,0.0,0.1774,0.0,0.0
4957,43.82,0.0,43.71,0.0,0.0,0.3198,0.12,0.0
4958,44.02,0.0,39.13,0.0,0.0,0.3198,4.89,0.0
4959,43.82,0.0,30.91,0.0,1.63,0.3198,11.28,0.0
4960,43.25,0.0,21.32,0.0,0.0,0.1658,21.94,0.0
4961,42.33,0.0,11.12,0.0,0.0,0.1658,31.21,0.0
4962,41.09,0.0,0.0,0.0,1.64,0.1658,39.45,0.0
4963,39.57,0.0,0.0,0.0,0.12,0.0114,39.45,0.0
4964,37.84,0.0,0.0,0.0,0.0,0.0,37.84,0.0
4965,35.97,0.0,0.0,0.0,0.0,0.0,35.97,0.0
4966,34.02,0.0,0.0,0.0,0.0,0.0,34.02,0.0
4967,34.02,0.0,0.0,0.0,0.0,0.0,34.02,0.0
4968,33.98,0.0,0.0,0.0,0.0,0.0,33.98,0.0
4969,33.98,0.0,0.0,0.0,0.0,0.0,33.98,0.0
4970,33.98,0.0,0.0,0.0,0.0,0.0,33.98,0.0
4971,33.98,0.0,0.0,0.0,0.0,0.0,33.98,0.0
4972,33.98,0.0,0.0,0.0,0.0,0.0,33.98,0.0
4973,33.98,0.0,0.0,0.0,0.0,0.0,33.98,0.0
4974,33.98,0.0,0.0,0.0,0.0,0.0,33.98,0.0
4975,35.93,0.0,10.92,0.0,0.0,0.0,25.01,0.0
4976,37.8,0.0,23.14,0.0,0.0,0.0,14.67,0.0
4977,39.53,0.0,30.98,0.0,0.0,0.0,8.55,0.0
4978,41.05,0.0,39.22,0.0,0.0,0.0,1.83,0.0
4979,42.29,0.0,43.62,1.33,0.0,0.0,0.0,0.0
4980,43.22,0.0,46.02,2.8,0.0,0.1134,0.0,0.0
4981,43.78,0.0,43.21,0.0,0.0,0.3521,0.57,0.0
4982,43.98,0.0,39.1,0.0,0.0,0.3521,4.88,0.0
4983,43.78,0.0,31.67,0.0,0.0,0.3521,12.12,0.0
4984,43.22,0.0,22.62,0.0,0.0,0.3521,20.59,0.0
4985,42.29,0.0,9.88,0.0,2.05,0.3521,30.35,0.0
4986,41.05,0.0,0.0,0.0,1.6,0.1583,39.45,0.0
4987,39.53,0.0,0.0,0.0,0.08,0.0077,39.45,0.0
4988,37.8,0.0,0.0,0.0,0.0,0.0,37.8,0.0
4989,35.93,0.0,0.0,0.0,0.0,0.0,35.93,0.0
4990,33.98,0.0,0.0,0.0,0.0,0.0,33.98,0.0
4991,33.98,0.0,0.0,0.0,0.0,0.0,33.98,0.0
4992,33.94,0.0,0.0,0.0,0.0,0.0,33.94,0.0
4993,33.94,0.0,0.0,0.0,0.0,0.0,33.94,0.0
4994,33.94,0.0,0.0,0.0,0.0,0.0,33.94,0.0
4995,33.94,0.0,0.0,0.0,0.0,0.0,33.94,0.0
4996,33.94,0.0,0.0,0.0,0.0,0.0,33.94,0.0
4997,33.94,0.0,0.0,0.0,0.0,0.0,33.94,0.0
4998,33.94,0.0,0.0,0.0,0.0,0.0,33.94,0.0
4999,35.89,0.0,12.01,0.0,0.0,0.0,23.88,0.0
5000,37.76,0.0,22.08,0.0,0.0,0.0,15.68,0.0
5001,39.49,0.0,32.54,0.0,0.0,0.0,6.95,0.0
5002,41.01,0.0,38.49,0.0,0.0,0.0,2.52,0.0
5003,42.25,0.0,43.79,1.54,0.0,0.0,0.0,0.0
5004,43.18,0.0,45.6,2.42,0.0,0.1309,0.0,0.0
5005,43.75,0.0,43.73,0.0,0.0,0.337,0.02,0.0
5006,43.94,0.0,39.71,0.0,0.0,0.337,4.22,0.0
5007,43.75,0.0,31.13,0.0,1.97,0.337,10.64,0.0
5008,43.18,0.0,21.96,0.0,0.0,0.1509,21.22,0.0
5009,42.25,0.0,10.05,0.0,0.0,0.1509,32.21,0.0
5010,41.01,0.0,0.0,0.0,1.56,0.1509,39.45,0.0
5011,39.49,0.0,0.0,0.0,0.04,0.004,39.45,0.0
5012,37.76,0.0,0.0,0.0,0.0,0.0,37.76,0.0
5013,35.89,0.0,0.0,0.0,0.0,0.0,35.89,0.0
5014,33.94,0.0,0.0,0.0,0.0,0.0,33.94,0.0
5015,33.94,0.0,0.0,0.0,0.0,0.0,33.94,0.0
5016,33.9,0.0,0.0,0.0,0.0,0.0,33.9,0.0
5017,33.9,0.0,0.0,0.0,0.0,0.0,33.9,0.0
5018,33.9,0.0,0.0,0.0,0.0,0.0,33.9,0.0
5019,33.9,0.0,0.0,0.0,0.0,0.0,33.9,0.0
5020,33.9,0.0,0.0,0.0,0.0,0.0,33.9,0.0
5021,33.9,0.0,0.0,0.0,0.0,0.0,33.9,0.0
5022,33.9,0.0,0.0,0.0,0.0,0.0,33.9,0.0
5023,35.85,0.0,10.65,0.0,0.0,0.0,25.2,0.0
5024,37.73,0.0,21.0,0.0,0.0,0.0,16.72,0.0
5025,39.45,0.0,31.13,0.0,0.0,0.0,8.33,0.0
5026,40.97,0.0,39.38,0.0,0.0,0.0,1.59,0.0
5027,42.21,0.0,42.98,0.77,0.0,0.0,0.0,0.0
5028,43.14,0.0,44.67,1.53,0.0,0.0652,0.0,0.0
5029,43.71,0.0,43.78,0.07,0.0,0.1954,0.0,0.0
5030,43.9,0.0,39.59,0.0,0.0,0.2017,4.31,0.0
5031,43.71,0.0,32.14,0.0,0.0,0.2017,11.57,0.0
5032,43.14,0.0,22.01,0.0,0.0,0.2017,21.13,0.0
5033,42.21,0.0,9.96,0.0,0.62,0.2017,31.64,0.0
5034,40.97,0.0,0.0,0.0,1.52,0.1436,39.45,0.0
5035,39.45,0.0,0.0,0.0,0.0,0.0003,39.45,0.0
5036,37.73,0.0,0.0,0.0,0.0,0.0,37.73,0.0
5037,35.85,0.0,0.0,0.0,0.0,0.0,35.85,0.0
5038,33.9,0.0,0.0,0.0,0.0,0.0,33.9,0.0
5039,33.9,0.0,0.0,0.0,0.0,0.0,33.9,0.0
5040,33.86,0.0,0.0,0.0,0.0,0.0,33.86,0.0
5041,33.86,0.0,0.0,0.0,0.0,0.0,33.86,0.0
5042,33.86,0.0,0.0,0.0,0.0,0.0,33.86,0.0
5043,33.86,0.0,0.0,0.0,0.0,0.0,33.86,0.0
5044,33.86,0.0,0.0,0.0,0.0,0.0,33.86,0.0
5045,33.86,0.0,0.0,0.0,0.0,0.0,33.86,0.0
5046,33.86,0.0,0.0,0.0,0.0,0.0,33.86,0.0
5047,35.81,0.0,11.97,0.0,0.0,0.0,23.84,0.0
5048,37.69,0.0,21.59,0.0,0.0,0.0,16.09,0.0
5049,39.42,0.0,31.1,0.0,0.0,0.0,8.32,0.0
5050,40.93,0.0,38.9,0.0,0.0,0.0,2.03,0.0
5051,42.17,0.0,43.97,1.8,0.0,0.0,0.0,0.0
5052,43.1,0.0,46.12,3.02,0.0,0.1529,0.0,0.0
5053,43.67,0.0,44.53,0.87,0.0,0.4099,0.0,0.0
5054,43.86,0.0,38.72,0.0,3.65,0.4837,1.49,0.0
5055,43.67,0.0,31.76,0.0,0.0,0.1397,11.9,0.0
5056,43.1,0.0,21.71,0.0,0.0,0.1397,21.39,0.0
5057,42.17,0.0,9.83,0.0,0.0,0.1397,32.35,0.0
5058,40.93,0.0,0.0,0.0,1.48,0.1397,39.45,0.0
5059,39.42,0.0,0.0,0.0,0.0,0.0,39.42,0.0
5060,37.69,0.0,0.0,0.0,0.0,0.0,37.69,0.0
5061,35.81,0.0,0.0,0.0,0.0,0.0,35.81,0.0
5062,33.86,0.0,0.0,0.0,0.0,0.0,33.86,0.0
5063,33.86,0.0,0.0,0.0,0.0,0.0,33.86,0.0
5064,33.82,0.0,0.0,0.0,0.0,0.0,33.82,0.0
5065,33.82,0.0,0.0,0.0,0.0,0.0,33.82,0.0
5066,33.82,0.0,0.0,0.0,0.0,0.0,33.82,0.0
5067,33.82,0.0,0.0,0.0,0.0,0.0,33.82,0.0
5068,33.82,0.0,0.0,0.0,0.0,0.0,33.82,0.0
5069,33.82,0.0,0.0,0.0,0.0,0.0,33.82,0.0
5070,33.82,0.0,0.0,0.0,0.0,0.0,33.82,0.0
5071,35.77,0.0,11.61,0.0,0.0,0.0,24.16,0.0
5072,37.65,0.0,21.41,0.0,0.0,0.0,16.24,0.0
5073,39.38,0.0,31.3,0.0,0.0,0.0,8.08,0.0
5074,40.89,0.0,38.85,0.0,0.0,0.0,2.05,0.0
5075,42.14,0.0,43.79,1.66,0.0,0.0,0.0,0.0
5076,43.06,0.0,46.09,3.03,0.0,0.141,0.0,0.0
5077,43.63,0.0,44.44,0.82,0.0,0.3988,0.0,0.0
5078,43.82,0.0,38.25,0.0,3.52,0.4682,2.06,0.0
5079,43.63,0.0,32.34,0.0,0.0,0.1361,11.29,0.0
5080,43.06,0.0,21.03,0.0,0.0,0.1361,22.03,0.0
5081,42.14,0.0,11.66,0.0,0.0,0.1361,30.48,0.0
5082,40.89,0.0,0.0,0.0,1.44,0.1361,39.45,0.0
5083,39.38,0.0,0.0,0.0,0.0,0.0,39.38,0.0
5084,37.65,0.0,0.0,0.0,0.0,0.0,37.65,0.0
5085,35.77,0.0,0.0,0.0,0.0,0.0,35.77,0.0
5086,33.82,0.0,0.0,0.0,0.0,0.0,33.82,0.0
5087,33.82,0.0,0.0,0.0,0.0,0.0,33.82,0.0
5088,33.78,0.0,0.0,0.0,0.0,0.0,33.78,0.0
5089,33.78,0.0,0.0,0.0,0.0,0.0,33.78,0.0
5090,33.78,0.0,0.0,0.0,0.0,0.0,33.78,0.0
5091,33.78,0.0,0.0,0.0,0.0,0.0,33.78,0.0
5092,33.78,0.0,0.0,0.0,0.0,0.0,33.78,0.0
5093,33.78,0.0,0.0,0.0,0.0,0.0,33.78,0.0
5094,33.78,0.0,0.0,0.0,0.0,0.0,33.78,0.0
5095,35.74,0.0,11.58,0.0,0.0,0.0,24.15,0.0
5096,37.61,0.0,22.53,0.0,0.0,0.0,15.08,0.0
5097,39.34,0.0,31.61,0.0,0.0,0.0,7.73,0.0
5098,40.86,0.0,37.89,0.0,0.0,0.0,2.97,0.0
5099,42.1,0.0,43.98,1.88,0.0,0.0,0.0,0.0
5100,43.02,0.0,45.51,2.49,0.0,0.1598,0.0,0.0
5101,43.59,0.0,43.07,0.0,0.0,0.3719,0.53,0.0
5102,43.78,0.0,38.99,0.0,0.0,0.3719,4.8,0.0
5103,43.59,0.0,32.11,0.0,2.54,0.3719,8.94,0.0
5104,43.02,0.0,22.81,0.0,0.0,0.1325,20.21,0.0
5105,42.1,0.0,11.91,0.0,0.0,0.1325,30.19,0.0
5106,40.86,0.0,0.0,0.0,1.4,0.1325,39.45,0.0
5107,39.34,0.0,0.0,0.0,0.0,0.0,39.34,0.0
5108,37.61,0.0,0.0,0.0,0.0,0.0,37.61,0.0
5109,35.74,0.0,0.0,0.0,0.0,0.0,35.74,0.0
5110,33.78,0.0,0.0,0.0,0.0,0.0,33.78,0.0
5111,33.78,0.0,0.0,0.0,0.0,0.0,33.78,0.0
5112,33.75,0.0,0.0,0.0,0.0,0.0,33.75,0.0
5113,33.75,0.0,0.0,0.0,0.0,0.0,33.75,0.0
5114,33.75,0.0,0.0,0.0,0.0,0.0,33.75,0.0
5115,33.75,0.0,0.0,0.0,0.0,0.0,33.75,0.0
5116,33.75,0.0,0.0,0.0,0.0,0.0,33.75,0.0
5117,33.75,0.0,0.0,0.0,0.0,0.0,33.75,0.0
5118,33.75,0.0,0.0,0.0,0.0,0.0,33.75,0.0
5119,35.7,0.0,10.89,0.0,0.0,0.0,24.81,0.0
5120,37.57,0.0,22.58,0.0,0.0,0.0,14.99,0.0
5121,39.3,0.0,31.46,0.0,0.0,0.0,7.84,0.0
5122,40.82,0.0,39.47,0.0,0.0,0.0,1.35,0.0
5123,42.06,0.0,43.19,1.13,0.0,0.0,0.0,0.0
5124,42.99,0.0,44.27,1.29,0.0,0.0965,0.0,0.0
5125,43.55,0.0,43.67,0.11,0.0,0.2062,0.0,0.0
5126,43.75,0.0,38.28,0.0,0.0,0.2158,5.47,0.0
5127,43.55,0.0,31.28,0.0,0.92,0.2158,11.35,0.0
5128,42.99,0.0,22.72,0.0,0.0,0.129,20.26,0.0
5129,42.06,0.0,11.46,0.0,0.0,0.129,30.61,0.0
5130,40.82,0.0,0.0,0.0,1.37,0.129,39.45,0.0
5131,39.3,0.0,0.0,0.0,0.0,0.0,39.3,0.0
5132,37.57,0.0,0.0,0.0,0.0,0.0,37.57,0.0
5133,35.7,0.0,0.0,0.0,0.0,0.0,35.7,0.0
5134,33.75,0.0,0.0,0.0,0.0,0.0,33.75,0.0
5135,33.75,0.0,0.0,0.0,0.0,0.0,33.75,0.0
5136,33.71,0.0,0.0,0.0,0.0,0.0,33.71,0.0
5137,33.71,0.0,0.0,0.0,0.0,0.0,33.71,0.0
5138,33.71,0.0,0.0,0.0,0.0,0.0,33.71,0.0
5139,33.71,0.0,0.0,0.0,0.0,0.0,33.71,0.0
5140,33.71,0.0,0.0,0.0,0.0,0.0,33.71,0.0
5141,33.71,0.0,0.0,0.0,0.0,0.0,33.71,0.0
5142,33.71,0.0,0.0,0.0,0.0,0.0,33.71,0.0
5143,35.66,0.0,10.55,0.0,0.0,0.0,25.11,0.0
5144,37.54,0.0,21.33,0.0,0.0,0.0,16.2,0.0
5145,39.27,0.0,32.59,0.0,0.0,0.0,6.68,0.0
5146,40.78,0.0,38.08,0.0,0.0,0.0,2.71,0.0
5147,42.02,0.0,44.03,2.01,0.0,0.0,0.0,0.0
5148,42.95,0.0,45.79,2.84,0.0,0.1708,0.0,0.0
5149,43.52,0.0,42.97,0.0,0.0,0.4125,0.55,0.0
5150,43.71,0.0,37.78,0.0,0.0,0.4125,5.93,0.0
5151,43.52,0.0,31.3,0.0,0.0,0.4125,12.21,0.0
5152,42.95,0.0,22.51,0.0,3.04,0.4125,17.39,0.0
5153,42.02,0.0,10.15,0.0,0.0,0.1255,31.88,0.0
5154,40.78,0.0,0.0,0.0,1.33,0.1255,39.45,0.0
5155,39.27,0.0,0.0,0.0,0.0,0.0,39.27,0.0
5156,37.54,0.0,0.0,0.0,0.0,0.0,37.54,0.0
5157,35.66,0.0,0.0,0.0,0.0,0.0,35.66,0.0
5158,33.71,0.0,0.0,0.0,0.0,0.0,33.71,0.0
5159,33.71,0.0,0.0,0.0,0.0,0.0,33.71,0.0
5160,33.67,0.0,0.0,0.0,0.0,0.0,33.67,0.0
5161,33.67,0.0,0.0,0.0,0.0,0.0,33.67,0.0
5162,33.67,0.0,0.0,0.0,0.0,0.0,33.67,0.0
5163,33.67,0.0,0.0,0.0,0.0,0.0,33.67,0.0
5164,33.67,0.0,0.0,0.0,0.0,0.0,33.67,0.0
5165,33.67,0.0,0.0,0.0,0.0,0.0,33.67,0.0
5166,33.67,0.0,0.0,0.0,0.0,0.0,33.67,0.0
5167,35.62,0.0,10.51,0.0,0.0,0.0,25.12,0.0
5168,37.5,0.0,21.32,0.0,0.0,0.0,16.18,0.0
5169,39.23,0.0,30.58,0.0,0.0,0.0,8.65,0.0
5170,40.74,0.0,38.52,0.0,0.0,0.0,2.22,0.0
5171,41.99,0.0,42.87,0.88,0.0,0.0,0.0,0.0
5172,42.91,0.0,44.77,1.86,0.0,0.0753,0.0,0.0
5173,43.48,0.0,44.01,0.53,0.0,0.2339,0.0,0.0
5174,43.67,0.0,39.71,0.0,0.0,0.2791,3.96,0.0
5175,43.48,0.0,31.94,0.0,1.67,0.2791,9.88,0.0
5176,42.91,0.0,21.04,0.0,0.0,0.122,21.87,0.0
5177,41.99,0.0,11.62,0.0,0.0,0.122,30.36,0.0
5178,40.74,0.0,0.0,0.0,1.29,0.122,39.45,0.0
5179,39.23,0.0,0.0,0.0,0.0,0.0,39.23,0.0
5180,37.5,0.0,0.0,0.0,0.0,0.0,37.5,0.0
5181,35.62,0.0,0.0,0.0,0.0,0.0,35.62,0.0
5182,33.67,0.0,0.0,0.0,0.0,0.0,33.67,0.0
5183,33.67,0.0,0.0,0.0,0.0,0.0,33.67,0.0
5184,33.64,0.0,0.0,0.0,0.0,0.0,33.64,0.0
5185,33.64,0.0,0.0,0.0,0.0,0.0,33.64,0.0
5186,33.64,0.0,0.0,0.0,0.0,0.0,33.64,0.0
5187,33.64,0.0,0.0,0.0,0.0,0.0,33.64,0.0
5188,33.64,0.0,0.0,0.0,0.0,0.0,33.64,0.0
5189,33.64,0.0,0.0,0.0,0.0,0.0,33.64,0.0
5190,33.64,0.0,0.0,0.0,0.0,0.0,33.64,0.0
5191,35.59,0.0,11.28,0.0,0.0,0.0,24.31,0.0
5192,37.46,0.0,21.49,0.0,0.0,0.0,15.98,0.0
5193,39.19,0.0,32.38,0.0,0.0,0.0,6.81,0.0
5194,40.71,0.0,38.99,0.0,0.0,0.0,1.72,0.0
5195,41.95,0.0,43.22,1.27,0.0,0.0,0.0,0.0
5196,42.88,0.0,45.43,2.55,0.0,0.1083,0.0,0.0
5197,43.44,0.0,42.73,0.0,0.39,0.3258,0.32,0.0
5198,43.64,0.0,38.88,0.0,0.0,0.2887,4.75,0.0
5199,43.44,0.0,32.02,0.0,0.0,0.2887,11.42,0.0
5200,42.88,0.0,20.85,0.0,0.0,0.2887,22.02,0.0
5201,41.95,0.0,11.4,0.0,0.0,0.2887,30.55,0.0
5202,40.71,0.0,0.0,0.0,1.26,0.2887,39.45,0.0
5203,39.19,0.0,0.0,0.0,0.0,0.1701,39.19,0.0
5204,37.46,0.0,0.0,0.0,0.0,0.1701,37.46,0.0
5205,35.59,0.0,0.0,0.0,0.0,0.1701,35.59,0.0
5206,33.64,0.0,0.0,0.0,0.0,0.1701,33.64,0.0
5207,33.64,0.0,0.0,0.0,0.0,0.1701,33.64,0.0
5208,33.6,0.0,0.0,0.0,0.0,0.1701,33.6,0.0
5209,33.6,0.0,0.0,0.0,0.0,0.1701,33.6,0.0
5210,33.6,0.0,0.0,0.0,0.0,0.1701,33.6,0.0
5211,33.6,0.0,0.0,0.0,0.0,0.1701,33.6,0.0
5212,33.6,0.0,0.0,0.0,0.0,0.1701,33.6,0.0
5213,33.6,0.0,0.0,0.0,0.0,0.1701,33.6,0.0
5214,33.6,0.0,0.0,0.0,0.0,0.1701,33.6,0.0
5215,35.55,0.0,10.35,0.0,0.0,0.1701,25.2,0.0
5216,37.43,0.0,22.25,0.0,0.0,0.1701,15.18,0.0
5217,39.16,0.0,31.29,0.0,0.0,0.1701,7.87,0.0
5218,40.67,0.0,37.64,0.0,0.0,0.1701,3.04,0.0
5219,41.92,0.0,43.74,1.83,0.0,0.1701,0.0,0.0
5220,42.84,0.0,44.08,1.24,0.0,0.3257,0.0,0.0
5221,43.41,0.0,42.71,0.0,0.0,0.4316,0.7,0.0
5222,43.6,0.0,39.49,0.0,0.0,0.4316,4.11,0.0
5223,43.41,0.0,30.78,0.0,0.0,0.4316,12.63,0.0
5224,42.84,0.0,21.8,0.0,0.0,0.4316,21.04,0.0
5225,41.92,0.0,11.41,0.0,0.0,0.4316,30.5,0.0
5226,40.67,0.0,0.0,0.0,1.22,0.4316,39.45,0.0
5227,39.16,0.0,0.0,0.0,0.0,0.3164,39.16,0.0
5228,37.43,0.0,0.0,0.0,0.0,0.3164,37.43,0.0
5229,35.55,0.0,0.0,0.0,0.0,0.3164,35.55,0.0
5230,33.6,0.0,0.0,0.0,0.0,0.3164,33.6,0.0
5231,33.6,0.0,0.0,0.0,0.0,0.3164,33.6,0.0
5232,33.57,0.0,0.0,0.0,0.0,0.3164,33.57,0.0
5233,33.57,0.0,0.0,0.0,0.0,0.3164,33.57,0.0
5234,33.57,0.0,0.0,0.0,0.0,0.3164,33.57,0.0
5235,33.57,0.0,0.0,0.0,0.0,0.3164,33.57,0.0
5236,33.57,0.0,0.0,0.0,0.0,0.3164,33.57,0.0
5237,33.57,0.0,0.0,0.0,0.0,0.3164,33.57,0.0
5238,33.57,0.0,0.0,0.0,0.0,0.3164,33.57,0.0
5239,35.52,0.0,9.78,0.0,0.0,0.3164,25.73,0.0
5240,37.39,0.0,20.48,0.0,0.0,0.3164,16.92,0.0
5241,39.12,0.0,30.43,0.0,0.0,0.3164,8.69,0.0
5242,40.64,0.0,38.54,0.0,0.0,0.3164,2.09,0.0
5243,41.88,0.0,41.9,0.02,0.0,0.3164,0.0,0.0
5244,42.8,0.0,44.72,1.91,0.0,0.3177,0.0,0.0
5245,43.37,0.0,43.89,0.52,0.0,0.4805,0.0,0.0
5246,43.57,0.0,39.03,0.0,0.0,0.5248,4.53,0.0
5247,43.37,0.0,29.93,0.0,0.0,0.5248,13.44,0.0
5248,42.8,0.0,22.41,0.0,0.0,0.5248,20.4,0.0
5249,41.88,0.0,10.86,0.0,0.0,0.5248,31.02,0.0
5250,40.64,0.0,0.0,0.0,1.19,0.5248,39.45,0.0
5251,39.12,0.0,0.0,0.0,0.0,0.4129,39.12,0.0
5252,37.39,0.0,0.0,0.0,0.0,0.4129,37.39,0.0
5253,35.52,0.0,0.0,0.0,0.0,0.4129,35.52,0.0
5254,33.57,0.0,0.0,0.0,0.0,0.4129,33.57,0.0
5255,33.57,0.0,0.0,0.0,0.0,0.4129,33.57,0.0
5256,33.53,0.0,0.0,0.0,0.0,0.4129,33.53,0.0
5257,33.53,0.0,0.0,0.0,0.0,0.4129,33.53,0.0
5258,33.53,0.0,0.0,0.0,0.0,0.4129,33.53,0.0
5259,33.53,0.0,0.0,0.0,0.0,0.4129,33.53,0.0
5260,33.53,0.0,0.0,0.0,0.0,0.4129,33.53,0.0
5261,33.53,0.0,0.0,0.0,0.0,0.4129,33.53,0.0
5262,33.53,0.0,0.0,0.0,0.0,0.4129,33.53,0.0
5263,35.48,0.0,9.78,0.0,0.0,0.4129,25.7,0.0
5264,37.36,0.0,20.88,0.0,0.0,0.4129,16.48,0.0
5265,39.09,0.0,30.59,0.0,0.0,0.4129,8.5,0.0
5266,40.6,0.0,37.94,0.0,0.0,0.4129,2.66,0.0
5267,41.85,0.0,43.03,1.18,0.0,0.4129,0.0,0.0
5268,42.77,0.0,44.02,1.25,0.0,0.5135,0.0,0.0
5269,43.34,0.0,43.73,0.4,0.0,0.6198,0.0,0.0
5270,43.53,0.0,38.08,0.0,0.0,0.6536,5.45,0.0
5271,43.34,0.0,30.81,0.0,0.0,0.6536,12.53,0.0
5272,42.77,0.0,21.58,0.0,0.0,0.6536,21.19,0.0
5273,41.85,0.0,9.84,0.0,0.0,0.6536,32.01,0.0
5274,40.6,0.0,0.0,0.0,1.15,0.6536,39.45,0.0
5275,39.09,0.0,0.0,0.0,0.0,0.545,39.09,0.0
5276,37.36,0.0,0.0,0.0,0.0,0.545,37.36,0.0
5277,35.48,0.0,0.0,0.0,0.0,0.545,35.48,0.0
5278,33.53,0.0,0.0,0.0,0.0,0.545,33.53,0.0
5279,33.53,0.0,0.0,0.0,0.0,0.545,33.53,0.0
5280,33.5,0.0,0.0,0.0,0.0,0.545,33.5,0.0
5281,33.5,0.0,0.0,0.0,0.0,0.545,33.5,0.0
5282,33.5,0.0,0.0,0.0,0.0,0.545,33.5,0.0
5283,33.5,0.0,0.0,0.0,0.0,0.545,33.5,0.0
5284,33.5,0.0,0.0,0.0,0.0,0.545,33.5,0.0
5285,33.5,0.0,0.0,0.0,0.0,0.545,33.5,0.0
5286,33.5,0.0,0.0,0.0,0.0,0.545,33.5,0.0
5287,35.45,0.0,9.35,0.0,0.0,0.545,26.09,0.0
5288,37.32,0.0,20.69,0.0,0.0,0.545,16.63,0.0
5289,39.05,0.0,31.97,0.0,0.0,0.545,7.08,0.0
5290,40.57,0.0,39.09,0.0,0.0,0.545,1.48,0.0
5291,41.81,0.0,42.6,0.79,0.0,0.545,0.0,0.0
5292,42.73,0.0,43.55,0.82,0.0,0.6119,0.0,0.0
5293,43.3,0.0,42.17,0.0,0.0,0.6814,1.14,0.0
5294,43.5,0.0,38.12,0.0,0.0,0.6814,5.38,0.0
5295,43.3,0.0,32.08,0.0,0.0,0.6814,11.23,0.0
5296,42.73,0.0,20.33,0.0,0.0,0.6814,22.41,0.0
5297,41.81,0.0,9.91,0.0,0.0,0.6814,31.9,0.0
5298,40.57,0.0,0.0,0.0,1.12,0.6814,39.45,0.0
5299,39.05,0.0,0.0,0.0,0.0,0.5761,39.05,0.0
5300,37.32,0.0,0.0,0.0,0.0,0.5761,37.32,0.0
5301,35.45,0.0,0.0,0.0,0.0,0.5761,35.45,0.0
5302,33.5,0.0,0.0,0.0,0.0,0.5761,33.5,0.0
5303,33.5,0.0,0.0,0.0,0.0,0.5761,33.5,0.0
5304,33.46,0.0,0.0,0.0,0.0,0.5761,33.46,0.0
5305,33.46,0.0,0.0,0.0,0.0,0.5761,33.46,0.0
5306,33.46,0.0,0.0,0.0,0.0,0.5761,33.46,0.0
5307,33.46,0.0,0.0,0.0,0.0,0.5761,33.46,0.0
5308,33.46,0.0,0.0,0.0,0.0,0.5761,33.46,0.0
5309,33.46,0.0,0.0,0.0,0.0,0.5761,33.46,0.0
5310,33.46,0.0,0.0,0.0,0.0,0.5761,33.46,0.0
5311,35.41,0.0,10.92,0.0,0.0,0.5761,24.49,0.0
5312,37.29,0.0,22.66,0.0,0.0,0.5761,14.63,0.0
5313,39.02,0.0,29.89,0.0,0.0,0.5761,9.13,0.0
5314,40.53,0.0,38.93,0.0,0.0,0.5761,1.6,0.0
5315,41.78,0.0,41.85,0.07,0.0,0.5761,0.0,0.0
5316,42.7,0.0,43.5,0.8,0.0,0.5825,0.0,0.0
5317,43.27,0.0,43.73,0.46,0.0,0.6507,0.0,0.0
5318,43.46,0.0,39.21,0.0,0.0,0.6901,4.25,0.0
5319,43.27,0.0,31.21,0.0,0.0,0.6901,12.05,0.0
5320,42.7,0.0,21.85,0.0,0.0,0.6901,20.85,0.0
5321,41.78,0.0,10.46,0.0,0.0,0.6901,31.32,0.0
5322,40.53,0.0,0.0,0.0,1.08,0.6901,39.45,0.0
5323,39.02,0.0,0.0,0.0,0.0,0.588,39.02,0.0
5324,37.29,0.0,0.0,0.0,0.0,0.588,37.29,0.0
5325,35.41,0.0,0.0,0.0,0.0,0.588,35.41,0.0
5326,33.46,0.0,0.0,0.0,0.0,0.588,33.46,0.0
5327,33.46,0.0,0.0,0.0,0.0,0.588,33.46,0.0
5328,33.43,0.0,0.0,0.0,0.0,0.588,33.43,0.0
5329,33.43,0.0,0.0,0.0,0.0,0.588,33.43,0.0
5330,33.43,0.0,0.0,0.0,0.0,0.588,33.43,0.0
5331,33.43,0.0,0.0,0.0,0.0,0.588,33.43,0.0
5332,33.43,0.0,0.0,0.0,0.0,0.588,33.43,0.0
5333,33.43,0.0,0.0,0.0,0.0,0.588,33.43,0.0
5334,33.43,0.0,0.0,0.0,0.0,0.588,33.43,0.0
5335,35.38,0.0,9.57,0.0,0.0,0.588,25.81,0.0
5336,37.25,0.0,21.61,0.0,0.0,0.588,15.64,0.0
5337,38.98,0.0,31.05,0.0,0.0,0.588,7.94,0.0
5338,40.5,0.0,38.67,0.0,0.0,0.588,1.83,0.0
5339,41.74,0.0,42.48,0.74,0.0,0.588,0.0,0.0
5340,42.67,0.0,44.61,1.94,0.0,0.6509,0.0,0.0
5341,43.24,0.0,41.63,0.0,0.0,0.8163,1.6,0.0
5342,43.43,0.0,36.71,0.0,0.0,0.8163,6.71,0.0
5343,43.24,0.0,31.1,0.0,0.0,0.8163,12.13,0.0
5344,42.67,0.0,22.23,0.0,0.0,0.8163,20.44,0.0
5345,41.74,0.0,11.56,0.0,0.0,0.8163,30.18,0.0
5346,40.5,0.0,0.0,0.0,1.05,0.8163,39.45,0.0
5347,38.98,0.0,0.0,0.0,0.0,0.7174,38.98,0.0
5348,37.25,0.0,0.0,0.0,0.0,0.7174,37.25,0.0
5349,35.38,0.0,0.0,0.0,0.0,0.7174,35.38,0.0
5350,33.43,0.0,0.0,0.0,0.0,0.7174,33.43,0.0
5351,33.43,0.0,0.0,0.0,0.0,0.7174,33.43,0.0
5352,33.39,0.0,0.0,0.0,0.0,0.7174,33.39,0.0
5353,33.39,0.0,0.0,0.0,0.0,0.7174,33.39,0.0
5354,33.39,0.0,0.0,0.0,0.0,0.7174,33.39,0.0
5355,33.39,0.0,0.0,0.0,0.0,0.7174,33.39,0.0
5356,33.39,0.0,0.0,0.0,0.0,0.7174,33.39,0.0
5357,33.39,0.0,0.0,0.0,0.0,0.7174,33.39,0.0
5358,33.39,0.0,0.0,0.0,0.0,0.7174,33.39,0.0
5359,35.35,0.0,10.22,0.0,0.0,0.7174,25.12,0.0
5360,37.22,0.0,20.43,0.0,0.0,0.7174,16.8,0.0
5361,38.95,0.0,29.46,0.0,0.0,0.7174,9.49,0.0
5362,40.47,0.0,37.22,0.0,0.0,0.7174,3.25,0.0
5363,41.71,0.0,41.91,0.2,0.0,0.7174,0.0,0.0
5364,42.63,0.0,44.19,1.56,0.0,0.7347,0.0,0.0
5365,43.2,0.0,41.23,0.0,0.0,0.8672,1.97,0.0
5366,43.39,0.0,37.67,0.0,0.0,0.8672,5.73,0.0
5367,43.2,0.0,30.93,0.0,0.0,0.8672,12.27,0.0
5368,42.63,0.0,21.51,0.0,0.0,0.8672,21.13,0.0
5369,41.71,0.0,11.59,0.0,0.0,0.8672,30.12,0.0
5370,40.47,0.0,0.0,0.0,1.02,0.8672,39.45,0.0
5371,38.95,0.0,0.0,0.0,0.0,0.7715,38.95,0.0
5372,37.22,0.0,0.0,0.0,0.0,0.7715,37.22,0.0
5373,35.35,0.0,0.0,0.0,0.0,0.7715,35.35,0.0
5374,33.39,0.0,0.0,0.0,0.0,0.7715,33.39,0.0
5375,33.39,0.0,0.0,0.0,0.0,0.7715,33.39,0.0
5376,33.36,0.0,0.0,0.0,0.0,0.7715,33.36,0.0
5377,33.36,0.0,0.0,0.0,0.0,0.7715,33.36,0.0
5378,33.36,0.0,0.0,0.0,0.0,0.7715,33.36,0.0
5379,33.36,0.0,0.0,0.0,0.0,0.7715,33.36,0.0
5380,33.36,0.0,0.0,0.0,0.0,0.7715,33.36,0.0
5381,33.36,0.0,0.0,0.0,0.0,0.7715,33.36,0.0
5382,33.36,0.0,0.0,0.0,0.0,0.7715,33.36,0.0
5383,35.31,0.0,9.38,0.0,0.0,0.7715,25.93,0.0
5384,37.19,0.0,21.19,0.0,0.0,0.7715,16.0,0.0
5385,38.92,0.0,29.41,0.0,0.0,0.7715,9.5,0.0
5386,40.43,0.0,37.3,0.0,0.0,0.7715,3.13,0.0
5387,41.68,0.0,41.41,0.0,0.0,0.7715,0.26,0.0
5388,42.6,0.0,43.38,0.78,0.0,0.7715,0.0,0.0
5389,43.17,0.0,42.18,0.0,0.0,0.838,0.99,0.0
5390,43.36,0.0,37.53,0.0,0.0,0.838,5.83,0.0
5391,43.17,0.0,29.77,0.0,0.0,0.838,13.4,0.0
5392,42.6,0.0,21.1,0.0,0.0,0.838,21.51,0.0
5393,41.68,0.0,9.38,0.0,0.0,0.838,32.3,0.0
5394,40.43,0.0,0.0,0.0,0.98,0.838,39.45,0.0
5395,38.92,0.0,0.0,0.0,0.0,0.7453,38.92,0.0
5396,37.19,0.0,0.0,0.0,0.0,0.7453,37.19,0.0
5397,35.31,0.0,0.0,0.0,0.0,0.7453,35.31,0.0
5398,33.36,0.0,0.0,0.0,0.0,0.7453,33.36,0.0
5399,33.36,0.0,0.0,0.0,0.0,0.7453,33.36,0.0
5400,33.33,0.0,0.0,0.0,0.0,0.7453,33.33,0.0
5401,33.33,0.0,0.0,0.0,0.0,0.7453,33.33,0.0
5402,33.33,0.0,0.0,0.0,0.0,0.7453,33.33,0.0
5403,33.33,0.0,0.0,0.0,0.0,0.7453,33.33,0.0
5404,33.33,0.0,0.0,0.0,0.0,0.7453,33.33,0.0
5405,33.33,0.0,0.0,0.0,0.0,0.7453,33.33,0.0
5406,33.33,0.0,0.0,0.0,0.0,0.7453,33.33,0.0
5407,35.28,0.0,9.63,0.0,0.0,0.7453,25.65,0.0
5408,37.16,0.0,22.1,0.0,0.0,0.7453,15.05,0.0
5409,38.89,0.0,30.43,0.0,0.0,0.7453,8.45,0.0
5410,40.4,0.0,36.57,0.0,0.0,0.7453,3.83,0.0
5411,41.64,0.0,42.93,1.28,0.0,0.7453,0.0,0.0
5412,42.57,0.0,43.23,0.66,0.0,0.8546,0.0,0.0
5413,43.14,0.0,41.46,0.0,0.0,0.9111,1.68,0.0
5414,43.33,0.0,36.58,0.0,0.0,0.9111,6.75,0.0
5415,43.14,0.0,30.24,0.0,0.0,0.9111,12.9,0.0
5416,42.57,0.0,21.18,0.0,0.0,0.9111,21.39,0.0
5417,41.64,0.0,10.47,0.0,0.0,0.9111,31.18,0.0
5418,40.4,0.0,0.0,0.0,0.95,0.9111,39.45,0.0
5419,38.89,0.0,0.0,0.0,0.0,0.8214,38.89,0.0
5420,37.16,0.0,0.0,0.0,0.0,0.8214,37.16,0.0
5421,35.28,0.0,0.0,0.0,0.0,0.8214,35.28,0.0
5422,33.33,0.0,0.0,0.0,0.0,0.8214,33.33,0.0
5423,33.33,0.0,0.0,0.0,0.0,0.8214,33.33,0.0
5424,33.3,0.0,0.0,0.0,0.0,0.8214,33.3,0.0
5425,33.3,0.0,0.0,0.0,0.0,0.8214,33.3,0.0
5426,33.3,0.0,0.0,0.0,0.0,0.8214,33.3,0.0
5427,33.3,0.0,0.0,0.0,0.0,0.8214,33.3,0.0
5428,33.3,0.0,0.0,0.0,0.0,0.8214,33.3,0.0
5429,33.3,0.0,0.0,0.0,0.0,0.8214,33.3,0.0
5430,33.3,0.0,0.0,0.0,0.0,0.8214,33.3,0.0
5431,35.25,0.0,10.9,0.0,0.0,0.8214,24.35,0.0
5432,37.12,0.0,21.16,0.0,0.0,0.8214,15.97,0.0
5433,38.85,0.0,30.98,0.0,0.0,0.8214,7.87,0.0
5434,40.37,0.0,38.33,0.0,0.0,0.8214,2.04,0.0
5435,41.61,0.0,41.72,0.11,0.0,0.8214,0.0,0.0
5436,42.54,0.0,42.79,0.25,0.0,0.8309,0.0,0.0
5437,43.11,0.0,42.08,0.0,0.0,0.8525,1.03,0.0
5438,43.3,0.0,36.89,0.0,0.0,0.8525,6.41,0.0
5439,43.11,0.0,29.87,0.0,0.0,0.8525,13.24,0.0
5440,42.54,0.0,21.23,0.0,0.0,0.8525,21.3,0.0
5441,41.61,0.0,9.74,0.0,0.0,0.8525,31.87,0.0
5442,40.37,0.0,0.0,0.0,0.92,0.8525,39.45,0.0
5443,38.85,0.0,0.0,0.0,0.0,0.7659,38.85,0.0
5444,37.12,0.0,0.0,0.0,0.0,0.7659,37.12,0.0
5445,35.25,0.0,0.0,0.0,0.0,0.7659,35.25,0.0
5446,33.3,0.0,0.0,0.0,0.0,0.7659,33.3,0.0
5447,33.3,0.0,0.0,0.0,0.0,0.7659,33.3,0.0
5448,33.27,0.0,0.0,0.0,0.0,0.7659,33.27,0.0
5449,33.27,0.0,0.0,0.0,0.0,0.7659,33.27,0.0
5450,33.27,0.0,0.0,0.0,0.0,0.7659,33.27,0.0
5451,33.27,0.0,0.0,0.0,0.0,0.7659,33.27,0.0
5452,33.27,0.0,0.0,0.0,0.0,0.7659,33.27,0.0
5453,33.27,0.0,0.0,0.0,0.0,0.7659,33.27,0.0
5454,33.27,0.0,0.0,0.0,0.0,0.7659,33.27,0.0
5455,35.22,0.0,9.18,0.0,0.0,0.7659,26.04,0.0
5456,37.09,0.0,20.56,0.0,0.0,0.7659,16.53,0.0
5457,38.82,0.0,30.08,0.0,0.0,0.7659,8.75,0.0
5458,40.34,0.0,37.14,0.0,0.0,0.7659,3.2,0.0
5459,41.58,0.0,42.79,1.21,0.0,0.7659,0.0,0.0
5460,42.51,0.0,43.64,1.14,0.0,0.8685,0.0,0.0
5461,43.07,0.0,40.84,0.0,0.0,0.9652,2.24,0.0
5462,43.27,0.0,38.54,0.0,0.0,0.9652,4.73,0.0
5463,43.07,0.0,31.44,0.0,0.0,0.9652,11.63,0.0
5464,42.51,0.0,21.6,0.0,0.0,0.9652,20.91,0.0
5465,41.58,0.0,9.98,0.0,0.0,0.9652,31.6,0.0
5466,40.34,0.0,0.0,0.0,0.89,0.9652,39.45,0.0
5467,38.82,0.0,0.0,0.0,0.0,0.8816,38.82,0.0
5468,37.09,0.0,0.0,0.0,0.0,0.8816,37.09,0.0
5469,35.22,0.0,0.0,0.0,0.0,0.8816,35.22,0.0
5470,33.27,0.0,0.0,0.0,0.0,0.8816,33.27,0.0
5471,33.27,0.0,0.0,0.0,0.0,0.8816,33.27,0.0
5472,33.24,0.0,0.0,0.0,0.0,0.8816,33.24,0.0
5473,33.24,0.0,0.0,0.0,0.0,0.8816,33.24,0.0
5474,33.24,0.0,0.0,0.0,0.0,0.8816,33.24,0.0
5475,33.24,0.0,0.0,0.0,0.0,0.8816,33.24,0.0
5476,33.24,0.0,0.0,0.0,0.0,0.8816,33.24,0.0
5477,33.24,0.0,0.0,0.0,0.0,0.8816,33.24,0.0
5478,33.24,0.0,0.0,0.0,0.0,0.8816,33.24,0.0
5479,35.19,0.0,11.11,0.0,0.0,0.8816,24.07,0.0
5480,37.06,0.0,20.36,0.0,0.0,0.8816,16.7,0.0
5481,38.79,0.0,31.1,0.0,0.0,0.8816,7.69,0.0
5482,40.31,0.0,37.87,0.0,0.0,0.8816,2.44,0.0
5483,41.55,0.0,41.31,0.0,0.0,0.8816,0.24,0.0
5484,42.47,0.0,43.69,1.22,0.0,0.8816,0.0,0.0
5485,43.04,0.0,42.65,0.0,0.0,0.985,0.39,0.0
5486,43.24,0.0,37.27,0.0,0.0,0.985,5.96,0.0
5487,43.04,0.0,30.54,0.0,0.0,0.985,12.5,0.0
5488,42.47,0.0,21.12,0.0,0.0,0.985,21.36,0.0
5489,41.55,0.0,11.06,0.0,0.0,0.985,30.49,0.0
5490,40.31,0.0,0.0,0.0,0.86,0.985,39.45,0.0
5491,38.79,0.0,0.0,0.0,0.0,0.9043,38.79,0.0
5492,37.06,0.0,0.0,0.0,0.0,0.9043,37.06,0.0
5493,35.19,0.0,0.0,0.0,0.0,0.9043,35.19,0.0
5494,33.24,0.0,0.0,0.0,0.0,0.9043,33.24,0.0
5495,33.24,0.0,0.0,0.0,0.0,0.9043,33.24,0.0
5496,33.21,0.0,0.0,0.0,0.0,0.9043,33.21,0.0
5497,33.21,0.0,0.0,0.0,0.0,0.9043,33.21,0.0
5498,33.21,0.0,0.0,0.0,0.0,0.9043,33.21,0.0
5499,33.21,0.0,0.0,0.0,0.0,0.9043,33.21,0.0
5500,33.21,0.0,0.0,0.0,0.0,0.9043,33.21,0.0
5501,33.21,0.0,0.0,0.0,0.0,0.9043,33.21,0.0
5502,33.21,0.0,0.0,0.0,0.0,0.9043,33.21,0.0
5503,35.16,0.0,9.74,0.0,0.0,0.9043,25.42,0.0
5504,37.03,0.0,21.6,0.0,0.0,0.9043,15.43,0.0
5505,38.76,0.0,31.29,0.0,0.0,0.9043,7.47,0.0
5506,40.28,0.0,36.18,0.0,0.0,0.9043,4.09,0.0
5507,41.52,0.0,40.39,0.0,0.0,0.9043,1.13,0.0
5508,42.44,0.0,43.57,1.12,0.0,0.9043,0.0,0.0
5509,43.01,0.0,41.91,0.0,0.0,1.0,1.1,0.0
5510,43.21,0.0,37.58,0.0,0.0,1.0,5.63,0.0
5511,43.01,0.0,29.72,0.0,0.0,1.0,13.29,0.0
5512,42.44,0.0,21.08,0.0,0.0,1.0,21.37,0.0
5513,41.52,0.0,11.27,0.0,0.0,1.0,30.26,0.0
5514,40.28,0.0,0.0,0.0,0.83,1.0,39.45,0.0
5515,38.76,0.0,0.0,0.0,0.0,0.9221,38.76,0.0
5516,37.03,0.0,0.0,0.0,0.0,0.9221,37.03,0.0
5517,35.16,0.0,0.0,0.0,0.0,0.9221,35.16,0.0
5518,33.21,0.0,0.0,0.0,0.0,0.9221,33.21,0.0
5519,33.21,0.0,0.0,0.0,0.0,0.9221,33.21,0.0
5520,33.18,0.0,0.0,0.0,0.0,0.9221,33.18,0.0
5521,33.18,0.0,0.0,0.0,0.0,0.9221,33.18,0.0
5522,33.18,0.0,0.0,0.0,0.0,0.9221,33.18,0.0
5523,33.18,0.0,0.0,0.0,0.0,0.9221,33.18,0.0
5524,33.18,0.0,0.0,0.0,0.0,0.9221,33.18,0.0
5525,33.18,0.0,0.0,0.0,0.0,0.9221,33.18,0.0
5526,33.18,0.0,0.0,0.0,0.0,0.9221,33.18,0.0
5527,35.13,0.0,10.65,0.0,0.0,0.9221,24.47,0.0
5528,37.0,0.0,21.76,0.0,0.0,0.9221,15.25,0.0
5529,38.73,0.0,30.15,0.0,0.0,0.9221,8.58,0.0
5530,40.25,0.0,36.83,0.0,0.0,0.9221,3.42,0.0
5531,41.49,0.0,41.49,0.0,0.0,0.9221,0.0,0.0
5532,42.41,0.0,43.32,0.91,0.0,0.9221,0.0,0.0
5533,42.98,0.0,42.21,0.0,0.0,0.9994,0.77,0.0
5534,43.18,0.0,36.45,0.0,0.0,0.9994,6.73,0.0
5535,42.98,0.0,29.94,0.0,0.0,0.9994,13.05,0.0
5536,42.41,0.0,20.23,0.0,0.0,0.9994,22.18,0.0
5537,41.49,0.0,9.91,0.0,0.0,0.9994,31.58,0.0
5538,40.25,0.0,0.0,0.0,0.8,0.9994,39.45,0.0
5539,38.73,0.0,0.0,0.0,0.0,0.9243,38.73,0.0
5540,37.0,0.0,0.0,0.0,0.0,0.9243,37.0,0.0
5541,35.13,0.0,0.0,0.0,0.0,0.9243,35.13,0.0
5542,33.18,0.0,0.0,0.0,0.0,0.9243,33.18,0.0
5543,33.18,0.0,0.0,0.0,0.0,0.9243,33.18,0.0
5544,33.15,0.0,0.0,0.0,0.0,0.9243,33.15,0.0
5545,33.15,0.0,0.0,0.0,0.0,0.9243,33.15,0.0
5546,33.15,0.0,0.0,0.0,0.0,0.9243,33.15,0.0
5547,33.15,0.0,0.0,0.0,0.0,0.9243,33.15,0.0
5548,33.15,0.0,0.0,0.0,0.0,0.9243,33.15,0.0
5549,33.15,0.0,0.0,0.0,0.0,0.9243,33.15,0.0
5550,33.15,0.0,0.0,0.0,0.0,0.9243,33.15,0.0
5551,35.1,0.0,10.81,0.0,0.0,0.9243,24.29,0.0
5552,36.97,0.0,19.96,0.0,0.0,0.9243,17.01,0.0
5553,38.7,0.0,29.21,0.0,0.0,0.9243,9.49,0.0
5554,40.22,0.0,36.47,0.0,0.0,0.9243,3.75,0.0
5555,41.46,0.0,40.93,0.0,0.0,0.9243,0.53,0.0
5556,42.39,0.0,41.95,0.0,0.0,0.9243,0.44,0.0
5557,42.95,0.0,41.55,0.0,0.0,0.9243,1.4,0.0
5558,43.15,0.0,36.27,0.0,0.0,0.9243,6.87,0.0
5559,42.95,0.0,30.36,0.0,0.0,0.9243,12.6,0.0
5560,42.39,0.0,19.7,0.0,0.0,0.9243,22.69,0.0
5561,41.46,0.0,10.58,0.0,0.0,0.9243,30.88,0.0
5562,40.22,0.0,0.0,0.0,0.77,0.9243,39.45,0.0
5563,38.7,0.0,0.0,0.0,0.0,0.852,38.7,0.0
5564,36.97,0.0,0.0,0.0,0.0,0.852,36.97,0.0
5565,35.1,0.0,0.0,0.0,0.0,0.852,35.1,0.0
5566,33.15,0.0,0.0,0.0,0.0,0.852,33.15,0.0
5567,33.15,0.0,0.0,0.0,0.0,0.852,33.15,0.0
5568,33.12,0.0,0.0,0.0,0.0,0.852,33.12,0.0
5569,33.12,0.0,0.0,0.0,0.0,0.852,33.12,0.0
5570,33.12,0.0,0.0,0.0,0.0,0.852,33.12,0.0
5571,33.12,0.0,0.0,0.0,0.0,0.852,33.12,0.0
5572,33.12,0.0,0.0,0.0,0.0,0.852,33.12,0.0
5573,33.12,0.0,0.0,0.0,0.0,0.852,33.12,0.0
5574,33.12,0.0,0.0,0.0,0.0,0.852,33.12,0.0
5575,35.07,0.0,10.4,0.0,0.0,0.852,24.67,0.0
5576,36.95,0.0,21.56,0.0,0.0,0.852,15.38,0.0
5577,38.67,0.0,30.98,0.0,0.0,0.852,7.69,0.0
5578,40.19,0.0,37.05,0.0,0.0,0.852,3.14,0.0
5579,41.43,0.0,41.11,0.0,0.0,0.852,0.33,0.0
5580,42.36,0.0,43.68,1.33,0.0,0.852,0.0,0.0
5581,42.93,0.0,41.32,0.0,0.0,0.9648,1.61,0.0
5582,43.12,0.0,37.42,0.0,0.0,0.9648,5.7,0.0
5583,42.93,0.0,29.85,0.0,0.0,0.9648,13.08,0.0
5584,42.36,0.0,20.05,0.0,0.0,0.9648,22.3,0.0
5585,41.43,0.0,10.3,0.0,0.0,0.9648,31.13,0.0
5586,40.19,0.0,0.0,0.0,0.74,0.9648,39.45,0.0
5587,38.67,0.0,0.0,0.0,0.0,0.8951,38.67,0.0
5588,36.95,0.0,0.0,0.0,0.0,0.8951,36.95,0.0
5589,35.07,0.0,0.0,0.0,0.0,0.8951,35.07,0.0
5590,33.12,0.0,0.0,0.0,0.0,0.8951,33.12,0.0
5591,33.12,0.0,0.0,0.0,0.0,0.8951,33.12,0.0
5592,33.09,0.0,0.0,0.0,0.0,0.8951,33.09,0.0
5593,33.09,0.0,0.0,0.0,0.0,0.8951,33.09,0.0
5594,33.09,0.0,0.0,0.0,0.0,0.8951,33.09,0.0
5595,33.09,0.0,0.0,0.0,0.0,0.8951,33.09,0.0
5596,33.09,0.0,0.0,0.0,0.0,0.8951,33.09,0.0
5597,33.09,0.0,0.0,0.0,0.0,0.8951,33.09,0.0
5598,33.09,0.0,0.0,0.0,0.0,0.8951,33.09,0.0
5599,35.04,0.0,9.86,0.0,0.0,0.8951,25.18,0.0
5600,36.92,0.0,20.99,0.0,0.0,0.8951,15.92,0.0
5601,38.65,0.0,29.82,0.0,0.0,0.8951,8.82,0.0
5602,40.16,0.0,36.47,0.0,0.0,0.8951,3.69,0.0
5603,41.4,0.0,41.08,0.0,0.0,0.8951,0.32,0.0
5604,42.33,0.0,42.04,0.0,0.0,0.8951,0.29,0.0
5605,42.9,0.0,41.28,0.0,0.0,0.8951,1.62,0.0
5606,43.09,0.0,36.15,0.0,0.0,0.8951,6.94,0.0
5607,42.9,0.0,30.05,0.0,0.0,0.8951,12.85,0.0
5608,42.33,0.0,20.48,0.0,0.0,0.8951,21.85,0.0
5609,41.4,0.0,9.31,0.0,0.0,0.8951,32.1,0.0
5610,40.16,0.0,0.0,0.0,0.71,0.8951,39.45,0.0
5611,38.65,0.0,0.0,0.0,0.0,0.8281,38.65,0.0
5612,36.92,0.0,0.0,0.0,0.0,0.8281,36.92,0.0
5613,35.04,0.0,0.0,0.0,0.0,0.8281,35.04,0.0
5614,33.09,0.0,0.0,0.0,0.0,0.8281,33.09,0.0
5615,33.09,0.0,0.0,0.0,0.0,0.8281,33.09,0.0
5616,33.06,0.0,0.0,0.0,0.0,0.8281,33.06,0.0
5617,33.06,0.0,0.0,0.0,0.0,0.8281,33.06,0.0
5618,33.06,0.0,0.0,0.0,0.0,0.8281,33.06,0.0
5619,33.06,0.0,0.0,0.0,0.0,0.8281,33.06,0.0
5620,33.06,0.0,0.0,0.0,0.0,0.8281,33.06,0.0
5621,33.06,0.0,0.0,0.0,0.0,0.8281,33.06,0.0
5622,33.06,0.0,0.0,0.0,0.0,0.8281,33.06,0.0
5623,35.01,0.0,8.98,0.0,0.0,0.8281,26.04,0.0
5624,36.89,0.0,20.4,0.0,0.0,0.8281,16.49,0.0
5625,38.62,0.0,29.53,0.0,0.0,0.8281,9.09,0.0
5626,40.13,0.0,36.82,0.0,0.0,0.8281,3.31,0.0
5627,41.38,0.0,41.72,0.35,0.0,0.8281,0.0,0.0
5628,42.3,0.0,43.23,0.92,0.0,0.8577,0.0,0.0
5629,42.87,0.0,40.71,0.0,0.0,0.9364,2.16,0.0
5630,43.06,0.0,36.73,0.0,0.0,0.9364,6.34,0.0
5631,42.87,0.0,30.0,0.0,0.0,0.9364,12.87,0.0
5632,42.3,0.0,21.2,0.0,0.0,0.9364,21.1,0.0
5633,41.38,0.0,9.37,0.0,0.0,0.9364,32.0,0.0
5634,40.13,0.0,0.0,0.0,0.68,0.9364,39.45,0.0
5635,38.62,0.0,0.0,0.0,0.0,0.872,38.62,0.0
5636,36.89,0.0,0.0,0.0,0.0,0.872,36.89,0.0
5637,35.01,0.0,0.0,0.0,0.0,0.872,35.01,0.0
5638,33.06,0.0,0.0,0.0,0.0,0.872,33.06,0.0
5639,33.06,0.0,0.0,0.0,0.0,0.872,33.06,0.0
5640,33.04,0.0,0.0,0.0,0.0,0.872,33.04,0.0
5641,33.04,0.0,0.0,0.0,0.0,0.872,33.04,0.0
5642,33.04,0.0,0.0,0.0,0.0,0.872,33.04,0.0
5643,33.04,0.0,0.0,0.0,0.0,0.872,33.04,0.0
5644,33.04,0.0,0.0,0.0,0.0,0.872,33.04,0.0
5645,33.04,0.0,0.0,0.0,0.0,0.872,33.04,0.0
5646,33.04,0.0,0.0,0.0,0.0,0.872,33.04,0.0
5647,34.99,0.0,9.44,0.0,0.0,0.872,25.55,0.0
5648,36.86,0.0,20.87,0.0,0.0,0.872,16.0,0.0
5649,38.59,0.0,29.98,0.0,0.0,0.872,8.62,0.0
5650,40.11,0.0,37.55,0.0,0.0,0.872,2.56,0.0
5651,41.35,0.0,40.2,0.0,0.0,0.872,1.15,0.0
5652,42.27,0.0,41.02,0.0,0.0,0.872,1.26,0.0
5653,42.84,0.0,39.83,0.0,0.0,0.872,3.01,0.0
5654,43.04,0.0,37.29,0.0,0.0,0.872,5.74,0.0
5655,42.84,0.0,28.63,0.0,0.0,0.872,14.22,0.0
5656,42.27,0.0,20.22,0.0,0.0,0.872,22.06,0.0
5657,41.35,0.0,11.0,0.0,0.0,0.872,30.35,0.0
5658,40.11,0.0,0.0,0.0,0.66,0.872,39.45,0.0
5659,38.59,0.0,0.0,0.0,0.0,0.8101,38.59,0.0
5660,36.86,0.0,0.0,0.0,0.0,0.8101,36.86,0.0
5661,34.99,0.0,0.0,0.0,0.0,0.8101,34.99,0.0
5662,33.04,0.0,0.0,0.0,0.0,0.8101,33.04,0.0
5663,33.04,0.0,0.0,0.0,0.0,0.8101,33.04,0.0
5664,33.01,0.0,0.0,0.0,0.0,0.8101,33.01,0.0
5665,33.01,0.0,0.0,0.0,0.0,0.8101,33.01,0.0
5666,33.01,0.0,0.0,0.0,0.0,0.8101,33.01,0.0
5667,33.01,0.0,0.0,0.0,0.0,0.8101,33.01,0.0
5668,33.01,0.0,0.0,0.0,0.0,0.8101,33.01,0.0
5669,33.01,0.0,0.0,0.0,0.0,0.8101,33.01,0.0
5670,33.01,0.0,0.0,0.0,0.0,0.8101,33.01,0.0
5671,34.96,0.0,10.04,0.0,0.0,0.8101,24.92,0.0
5672,36.84,0.0,20.88,0.0,0.0,0.8101,15.96,0.0
5673,38.57,0.0,29.8,0.0,0.0,0.8101,8.76,0.0
5674,40.08,0.0,36.93,0.0,0.0,0.8101,3.15,0.0
5675,41.32,0.0,40.2,0.0,0.0,0.8101,1.13,0.0
5676,42.25,0.0,42.2,0.0,0.0,0.8101,0.05,0.0
5677,42.82,0.0,40.13,0.0,0.0,0.8101,2.69,0.0
5678,43.01,0.0,36.93,0.0,0.0,0.8101,6.08,0.0
5679,42.82,0.0,29.04,0.0,0.0,0.8101,13.77,0.0
5680,42.25,0.0,19.46,0.0,0.0,0.8101,22.79,0.0
5681,41.32,0.0,9.13,0.0,0.0,0.8101,32.2,0.0
5682,40.08,0.0,0.0,0.0,0.63,0.8101,39.45,0.0
5683,38.57,0.0,0.0,0.0,0.0,0.7507,38.57,0.0
5684,36.84,0.0,0.0,0.0,0.0,0.7507,36.84,0.0
5685,34.96,0.0,0.0,0.0,0.0,0.7507,34.96,0.0
5686,33.01,0.0,0.0,0.0,0.0,0.7507,33.01,0.0
5687,33.01,0.0,0.0,0.0,0.0,0.7507,33.01,0.0
5688,32.98,0.0,0.0,0.0,0.0,0.7507,32.98,0.0
5689,32.98,0.0,0.0,0.0,0.0,0.7507,32.98,0.0
5690,32.98,0.0,0.0,0.0,0.0,0.7507,32.98,0.0
5691,32.98,0.0,0.0,0.0,0.0,0.7507,32.98,0.0
5692,32.98,0.0,0.0,0.0,0.0,0.7507,32.98,0.0
5693,32.98,0.0,0.0,0.0,0.0,0.7507,32.98,0.0
5694,32.98,0.0,0.0,0.0,0.0,0.7507,32.98,0.0
5695,34.93,0.0,11.1,0.0,0.0,0.7507,23.84,0.0
5696,36.81,0.0,20.59,0.0,0.0,0.7507,16.22,0.0
5697,38.54,0.0,29.15,0.0,0.0,0.7507,9.39,0.0
5698,40.05,0.0,35.5,0.0,0.0,0.7507,4.56,0.0
5699,41.3,0.0,39.54,0.0,0.0,0.7507,1.75,0.0
5700,42.22,0.0,40.82,0.0,0.0,0.7507,1.4,0.0
5701,42.79,0.0,41.07,0.0,0.0,0.7507,1.72,0.0
5702,42.98,0.0,36.79,0.0,0.0,0.7507,6.2,0.0
5703,42.79,0.0,29.35,0.0,0.0,0.7507,13.44,0.0
5704,42.22,0.0,20.79,0.0,0.0,0.7507,21.43,0.0
5705,41.3,0.0,10.88,0.0,0.0,0.7507,30.42,0.0
5706,40.05,0.0,0.0,0.0,0.6,0.7507,39.45,0.0
5707,38.54,0.0,0.0,0.0,0.0,0.6937,38.54,0.0
5708,36.81,0.0,0.0,0.0,0.0,0.6937,36.81,0.0
5709,34.93,0.0,0.0,0.0,0.0,0.6937,34.93,0.0
5710,32.98,0.0,0.0,0.0,0.0,0.6937,32.98,0.0
5711,32.98,0.0,0.0,0.0,0.0,0.6937,32.98,0.0
5712,32.96,0.0,0.0,0.0,0.0,0.6937,32.96,0.0
5713,32.96,0.0,0.0,0.0,0.0,0.6937,32.96,0.0
5714,32.96,0.0,0.0,0.0,0.0,0.6937,32.96,0.0
5715,32.96,0.0,0.0,0.0,0.0,0.6937,32.96,0.0
5716,32.96,0.0,0.0,0.0,0.0,0.6937,32.96,0.0
5717,32.96,0.0,0.0,0.0,0.0,0.6937,32.96,0.0
5718,32.96,0.0,0.0,0.0,0.0,0.6937,32.96,0.0
5719,34.91,0.0,10.36,0.0,0.0,0.6937,24.55,0.0
5720,36.79,0.0,19.29,0.0,0.0,0.6937,17.5,0.0
5721,38.51,0.0,28.56,0.0,0.0,0.6937,9.96,0.0
5722,40.03,0.0,34.93,0.0,0.0,0.6937,5.1,0.0
5723,41.27,0.0,40.9,0.0,0.0,0.6937,0.37,0.0
5724,42.2,0.0,42.13,0.0,0.0,0.6937,0.06,0.0
5725,42.77,0.0,39.27,0.0,0.0,0.6937,3.5,0.0
5726,42.96,0.0,37.15,0.0,0.0,0.6937,5.81,0.0
5727,42.77,0.0,30.05,0.0,0.0,0.6937,12.71,0.0
5728,42.2,0.0,21.35,0.0,0.0,0.6937,20.84,0.0
5729,41.27,0.0,9.18,0.0,0.0,0.6937,32.1,0.0
5730,40.03,0.0,0.0,0.0,0.58,0.6937,39.45,0.0
5731,38.51,0.0,0.0,0.0,0.0,0.6391,38.51,0.0
5732,36.79,0.0,0.0,0.0,0.0,0.6391,36.79,0.0
5733,34.91,0.0,0.0,0.0,0.0,0.6391,34.91,0.0
5734,32.96,0.0,0.0,0.0,0.0,0.6391,32.96,0.0
5735,32.96,0.0,0.0,0.0,0.0,0.6391,32.96,0.0
5736,32.93,0.0,0.0,0.0,0.0,0.6391,32.93,0.0
5737,32.93,0.0,0.0,0.0,0.0,0.6391,32.93,0.0
5738,32.93,0.0,0.0,0.0,0.0,0.6391,32.93,0.0
5739,32.93,0.0,0.0,0.0,0.0,0.6391,32.93,0.0
5740,32.93,0.0,0.0,0.0,0.0,0.6391,32.93,0.0
5741,32.93,0.0,0.0,0.0,0.0,0.6391,32.93,0.0
5742,32.93,0.0,0.0,0.0,0.0,0.6391,32.93,0.0
5743,34.89,0.0,9.35,0.0,0.0,0.6391,25.54,0.0
5744,36.76,0.0,20.03,0.0,0.0,0.6391,16.73,0.0
5745,38.49,0.0,30.18,0.0,0.0,0.6391,8.31,0.0
5746,40.01,0.0,36.83,0.0,0.0,0.6391,3.17,0.0
5747,41.25,0.0,40.88,0.0,0.0,0.6391,0.37,0.0
5748,42.17,0.0,41.92,0.0,0.0,0.6391,0.25,0.0
5749,42.74,0.0,41.25,0.0,0.0,0.6391,1.49,0.0
5750,42.93,0.0,36.12,0.0,0.0,0.6391,6.81,0.0
5751,42.74,0.0,30.13,0.0,0.0,0.6391,12.61,0.0
5752,42.17,0.0,19.55,0.0,0.0,0.6391,22.62,0.0
5753,41.25,0.0,9.06,0.0,0.0,0.6391,32.19,0.0
5754,40.01,0.0,0.0,0.0,0.55,0.6391,39.45,0.0
5755,38.49,0.0,0.0,0.0,0.0,0.5868,38.49,0.0
5756,36.76,0.0,0.0,0.0,0.0,0.5868,36.76,0.0
5757,34.89,0.0,0.0,0.0,0.0,0.5868,34.89,0.0
5758,32.93,0.0,0.0,0.0,0.0,0.5868,32.93,0.0
5759,32.93,0.0,0.0,0.0,0.0,0.5868,32.93,0.0
5760,32.91,0.0,0.0,0.0,0.0,0.5868,32.91,0.0
5761,32.91,0.0,0.0,0.0,0.0,0.5868,32.91,0.0
5762,32.91,0.0,0.0,0.0,0.0,0.5868,32.91,0.0
5763,32.91,0.0,0.0,0.0,0.0,0.5868,32.91,0.0
5764,32.91,0.0,0.0,0.0,0.0,0.5868,32.91,0.0
5765,32.91,0.0,0.0,0.0,0.0,0.5868,32.91,0.0
5766,32.91,0.0,0.0,0.0,0.0,0.5868,32.91,0.0
5767,34.86,0.0,10.62,0.0,0.0,0.5868,24.24,0.0
5768,36.74,0.0,20.99,0.0,0.0,0.5868,15.75,0.0
5769,38.47,0.0,28.62,0.0,0.0,0.5868,9.84,0.0
5770,39.98,0.0,36.57,0.0,0.0,0.5868,3.41,0.0
5771,41.22,0.0,39.25,0.0,0.0,0.5868,1.98,0.0
5772,42.15,0.0,41.8,0.0,0.0,0.5868,0.35,0.0
5773,42.72,0.0,40.83,0.0,0.0,0.5868,1.89,0.0
5774,42.91,0.0,36.21,0.0,0.0,0.5868,6.7,0.0
5775,42.72,0.0,29.6,0.0,0.0,0.5868,13.12,0.0
5776,42.15,0.0,20.4,0.0,0.0,0.5868,21.75,0.0
5777,41.22,0.0,9.47,0.0,0.0,0.5868,31.76,0.0
5778,39.98,0.0,0.0,0.0,0.53,0.5868,39.45,0.0
5779,38.47,0.0,0.0,0.0,0.0,0.5368,38.47,0.0
5780,36.74,0.0,0.0,0.0,0.0,0.5368,36.74,0.0
5781,34.86,0.0,0.0,0.0,0.0,0.5368,34.86,0.0
5782,32.91,0.0,0.0,0.0,0.0,0.5368,32.91,0.0
5783,32.91,0.0,0.0,0.0,0.0,0.5368,32.91,0.0
5784,32.89,0.0,0.0,0.0,0.0,0.5368,32.89,0.0
5785,32.89,0.0,0.0,0.0,0.0,0.5368,32.89,0.0
5786,32.89,0.0,0.0,0.0,0.0,0.5368,32.89,0.0
5787,32.89,0.0,0.0,0.0,0.0,0.5368,32.89,0.0
5788,32.89,0.0,0.0,0.0,0.0,0.5368,32.89,0.0
5789,32.89,0.0,0.0,0.0,0.0,0.5368,32.89,0.0
5790,32.89,0.0,0.0,0.0,0.0,0.5368,32.89,0.0
5791,34.84,0.0,9.72,0.0,0.0,0.5368,25.12,0.0
5792,36.71,0.0,21.05,0.0,0.0,0.5368,15.66,0.0
5793,38.44,0.0,29.96,0.0,0.0,0.5368,8.48,0.0
5794,39.96,0.0,35.39,0.0,0.0,0.5368,4.57,0.0
5795,41.2,0.0,39.83,0.0,0.0,0.5368,1.37,0.0
5796,42.13,0.0,41.86,0.0,0.0,0.5368,0.26,0.0
5797,42.69,0.0,39.64,0.0,0.0,0.5368,3.06,0.0
5798,42.89,0.0,34.85,0.0,0.0,0.5368,8.04,0.0
5799,42.69,0.0,28.38,0.0,0.0,0.5368,14.31,0.0
5800,42.13,0.0,20.58,0.0,0.0,0.5368,21.54,0.0
5801,41.2,0.0,9.5,0.0,0.0,0.5368,31.7,0.0
5802,39.96,0.0,0.0,0.0,0.51,0.5368,39.45,0.0
5803,38.44,0.0,0.0,0.0,0.0,0.489,38.44,0.0
5804,36.71,0.0,0.0,0.0,0.0,0.489,36.71,0.0
5805,34.84,0.0,0.0,0.0,0.0,0.489,34.84,0.0
5806,32.89,0.0,0.0,0.0,0.0,0.489,32.89,0.0
5807,32.89,0.0,0.0,0.0,0.0,0.489,32.89,0.0
5808,32.86,0.0,0.0,0.0,0.0,0.489,32.86,0.0
5809,32.86,0.0,0.0,0.0,0.0,0.489,32.86,0.0
5810,32.86,0.0,0.0,0.0,0.0,0.489,32.86,0.0
5811,32.86,0.0,0.0,0.0,0.0,0.489,32.86,0.0
5812,32.86,0.0,0.0,0.0,0.0,0.489,32.86,0.0
5813,32.86,0.0,0.0,0.0,0.0,0.489,32.86,0.0
5814,32.86,0.0,0.0,0.0,0.0,0.489,32.86,0.0
5815,34.82,0.0,10.46,0.0,0.0,0.489,24.36,0.0
5816,36.69,0.0,19.82,0.0,0.0,0.489,16.87,0.0
5817,38.42,0.0,27.89,0.0,0.0,0.489,10.53,0.0
5818,39.94,0.0,34.84,0.0,0.0,0.489,5.09,0.0
5819,41.18,0.0,38.52,0.0,0.0,0.489,2.65,0.0
5820,42.1,0.0,40.24,0.0,0.0,0.489,1.86,0.0
5821,42.67,0.0,38.96,0.0,0.0,0.489,3.71,0.0
5822,42.86,0.0,34.69,0.0,0.0,0.489,8.17,0.0
5823,42.67,0.0,28.96,0.0,0.0,0.489,13.71,0.0
5824,42.1,0.0,20.17,0.0,0.0,0.489,21.93,0.0
5825,41.18,0.0,10.47,0.0,0.0,0.489,30.7,0.0
5826,39.94,0.0,0.0,0.0,0.48,0.489,39.45,0.0
5827,38.42,0.0,0.0,0.0,0.0,0.4433,38.42,0.0
5828,36.69,0.0,0.0,0.0,0.0,0.4433,36.69,0.0
5829,34.82,0.0,0.0,0.0,0.0,0.4433,34.82,0.0
5830,32.86,0.0,0.0,0.0,0.0,0.4433,32.86,0.0
5831,32.86,0.0,0.0,0.0,0.0,0.4433,32.86,0.0
5832,32.84,0.0,0.0,0.0,0.0,0.4433,32.84,0.0
5833,32.84,0.0,0.0,0.0,0.0,0.4433,32.84,0.0
5834,32.84,0.0,0.0,0.0,0.0,0.4433,32.84,0.0
5835,32.84,0.0,0.0,0.0,0.0,0.4433,32.84,0.0
5836,32.84,0.0,0.0,0.0,0.0,0.4433,32.84,0.0
5837,32.84,0.0,0.0,0.0,0.0,0.4433,32.84,0.0
5838,32.84,0.0,0.0,0.0,0.0,0.4433,32.84,0.0
5839,34.79,0.0,8.9,0.0,0.0,0.4433,25.89,0.0
5840,36.67,0.0,19.17,0.0,0.0,0.4433,17.5,0.0
5841,38.4,0.0,27.86,0.0,0.0,0.4433,10.54,0.0
5842,39.91,0.0,35.01,0.0,0.0,0.4433,4.91,0.0
5843,41.16,0.0,40.46,0.0,0.0,0.4433,0.7,0.0
5844,42.08,0.0,41.71,0.0,0.0,0.4433,0.37,0.0
5845,42.65,0.0,39.04,0.0,0.0,0.4433,3.61,0.0
5846,42.84,0.0,36.04,0.0,0.0,0.4433,6.81,0.0
5847,42.65,0.0,28.65,0.0,0.0,0.4433,14.0,0.0
5848,42.08,0.0,20.93,0.0,0.0,0.4433,21.15,0.0
5849,41.16,0.0,10.76,0.0,0.0,0.4433,30.39,0.0
5850,39.91,0.0,0.0,0.0,0.46,0.4433,39.45,0.0
5851,38.4,0.0,0.0,0.0,0.0,0.3997,38.4,0.0
5852,36.67,0.0,0.0,0.0,0.0,0.3997,36.67,0.0
5853,34.79,0.0,0.0,0.0,0.0,0.3997,34.79,0.0
5854,32.84,0.0,0.0,0.0,0.0,0.3997,32.84,0.0
5855,32.84,0.0,0.0,0.0,0.0,0.3997,32.84,0.0
5856,32.82,0.0,0.0,0.0,0.0,0.3997,32.82,0.0
5857,32.82,0.0,0.0,0.0,0.0,0.3997,32.82,0.0
5858,32.82,0.0,0.0,0.0,0.0,0.3997,32.82,0.0
5859,32.82,0.0,0.0,0.0,0.0,0.3997,32.82,0.0
5860,32.82,0.0,0.0,0.0,0.0,0.3997,32.82,0.0
5861,32.82,0.0,0.0,0.0,0.0,0.3997,32.82,0.0
5862,32.82,0.0,0.0,0.0,0.0,0.3997,32.82,0.0
5863,34.77,0.0,10.24,0.0,0.0,0.3997,24.54,0.0
5864,36.65,0.0,19.4,0.0,0.0,0.3997,17.24,0.0
5865,38.38,0.0,29.3,0.0,0.0,0.3997,9.07,0.0
5866,39.89,0.0,36.25,0.0,0.0,0.3997,3.65,0.0
5867,41.14,0.0,39.03,0.0,0.0,0.3997,2.11,0.0
5868,42.06,0.0,39.89,0.0,0.0,0.3997,2.17,0.0
5869,42.63,0.0,40.37,0.0,0.0,0.3997,2.25,0.0
5870,42.82,0.0,35.05,0.0,0.0,0.3997,7.77,0.0
5871,42.63,0.0,27.61,0.0,0.0,0.3997,15.02,0.0
5872,42.06,0.0,19.25,0.0,0.0,0.3997,22.81,0.0
5873,41.14,0.0,9.41,0.0,0.0,0.3997,31.72,0.0
5874,39.89,0.0,0.0,0.0,0.44,0.3997,39.45,0.0
5875,38.38,0.0,0.0,0.0,0.0,0.3581,38.38,0.0
5876,36.65,0.0,0.0,0.0,0.0,0.3581,36.65,0.0
5877,34.77,0.0,0.0,0.0,0.0,0.3581,34.77,0.0
5878,32.82,0.0,0.0,0.0,0.0,0.3581,32.82,0.0
5879,32.82,0.0,0.0,0.0,0.0,0.3581,32.82,0.0
5880,32.8,0.0,0.0,0.0,0.0,0.3581,32.8,0.0
5881,32.8,0.0,0.0,0.0,0.0,0.3581,32.8,0.0
5882,32.8,0.0,0.0,0.0,0.0,0.3581,32.8,0.0
5883,32.8,0.0,0.0,0.0,0.0,0.3581,32.8,0.0
5884,32.8,0.0,0.0,0.0,0.0,0.3581,32.8,0.0
5885,32.8,0.0,0.0,0.0,0.0,0.3581,32.8,0.0
5886,32.8,0.0,0.0,0.0,0.0,0.3581,32.8,0.0
5887,34.75,0.0,10.05,0.0,0.0,0.3581,24.7,0.0
5888,36.63,0.0,19.86,0.0,0.0,0.3581,16.76,0.0
5889,38.36,0.0,28.84,0.0,0.0,0.3581,9.52,0.0
5890,39.87,0.0,34.24,0.0,0.0,0.3581,5.63,0.0
5891,41.11,0.0,39.38,0.0,0.0,0.3581,1.73,0.0
5892,42.04,0.0,40.2,0.0,0.0,0.3581,1.84,0.0
5893,42.61,0.0,39.98,0.0,0.0,0.3581,2.63,0.0
5894,42.8,0.0,36.08,0.0,0.0,0.3581,6.72,0.0
5895,42.61,0.0,28.17,0.0,0.0,0.3581,14.44,0.0
5896,42.04,0.0,19.58,0.0,0.0,0.3581,22.46,0.0
5897,41.11,0.0,9.27,0.0,0.0,0.3581,31.85,0.0
5898,39.87,0.0,0.0,0.0,0.42,0.3581,39.45,0.0
5899,38.36,0.0,0.0,0.0,0.0,0.3184,38.36,0.0
5900,36.63,0.0,0.0,0.0,0.0,0.3184,36.63,0.0
5901,34.75,0.0,0.0,0.0,0.0,0.3184,34.75,0.0
5902,32.8,0.0,0.0,0.0,0.0,0.3184,32.8,0.0
5903,32.8,0.0,0.0,0.0,0.0,0.3184,32.8,0.0
5904,32.78,0.0,0.0,0.0,0.0,0.3184,32.78,0.0
5905,32.78,0.0,0.0,0.0,0.0,0.3184,32.78,0.0
5906,32.78,0.0,0.0,0.0,0.0,0.3184,32.78,0.0
5907,32.78,0.0,0.0,0.0,0.0,0.3184,32.78,0.0
5908,32.78,0.0,0.0,0.0,0.0,0.3184,32.78,0.0
5909,32.78,0.0,0.0,0.0,0.0,0.3184,32.78,0.0
5910,32.78,0.0,0.0,0.0,0.0,0.3184,32.78,0.0
5911,34.73,0.0,8.61,0.0,0.0,0.3184,26.13,0.0
5912,36.61,0.0,18.9,0.0,0.0,0.3184,17.71,0.0
5913,38.34,0.0,29.06,0.0,0.0,0.3184,9.28,0.0
5914,39.85,0.0,36.07,0.0,0.0,0.3184,3.79,0.0
5915,41.09,0.0,39.96,0.0,0.0,0.3184,1.14,0.0
5916,42.02,0.0,41.4,0.0,0.0,0.3184,0.61,0.0
5917,42.59,0.0,38.4,0.0,0.0,0.3184,4.19,0.0
5918,42.78,0.0,35.1,0.0,0.0,0.3184,7.68,0.0
5919,42.59,0.0,28.57,0.0,0.0,0.3184,14.02,0.0
5920,42.02,0.0,19.78,0.0,0.0,0.3184,22.23,0.0
5921,41.09,0.0,8.98,0.0,0.0,0.3184,32.12,0.0
5922,39.85,0.0,0.0,0.0,0.4,0.3184,39.45,0.0
5923,38.34,0.0,0.0,0.0,0.0,0.2807,38.34,0.0
5924,36.61,0.0,0.0,0.0,0.0,0.2807,36.61,0.0
5925,34.73,0.0,0.0,0.0,0.0,0.2807,34.73,0.0
5926,32.78,0.0,0.0,0.0,0.0,0.2807,32.78,0.0
5927,32.78,0.0,0.0,0.0,0.0,0.2807,32.78,0.0
5928,32.76,0.0,0.0,0.0,0.0,0.2807,32.76,0.0
5929,32.76,0.0,0.0,0.0,0.0,0.2807,32.76,0.0
5930,32.76,0.0,0.0,0.0,0.0,0.2807,32.76,0.0
5931,32.76,0.0,0.0,0.0,0.0,0.2807,32.76,0.0
5932,32.76,0.0,0.0,0.0,0.0,0.2807,32.76,0.0
5933,32.76,0.0,0.0,0.0,0.0,0.2807,32.76,0.0
5934,32.76,0.0,0.0,0.0,0.0,0.2807,32.76,0.0
5935,34.71,0.0,8.97,0.0,0.0,0.2807,25.74,0.0
5936,36.59,0.0,19.83,0.0,0.0,0.2807,16.76,0.0
5937,38.32,0.0,28.52,0.0,0.0,0.2807,9.8,0.0
5938,39.83,0.0,33.84,0.0,0.0,0.2807,5.99,0.0
5939,41.08,0.0,39.42,0.0,0.0,0.2807,1.65,0.0
5940,42.0,0.0,40.76,0.0,0.0,0.2807,1.24,0.0
5941,42.57,0.0,40.04,0.0,0.0,0.2807,2.53,0.0
5942,42.76,0.0,34.72,0.0,0.0,0.2807,8.04,0.0
5943,42.57,0.0,28.83,0.0,0.0,0.2807,13.73,0.0
5944,42.0,0.0,18.34,0.0,0.0,0.2807,23.66,0.0
5945,41.08,0.0,10.37,0.0,0.0,0.2807,30.7,0.0
5946,39.83,0.0,0.0,0.0,0.38,0.2807,39.45,0.0
5947,38.32,0.0,0.0,0.0,0.0,0.2448,38.32,0.0
5948,36.59,0.0,0.0,0.0,0.0,0.2448,36.59,0.0
5949,34.71,0.0,0.0,0.0,0.0,0.2448,34.71,0.0
5950,32.76,0.0,0.0,0.0,0.0,0.2448,32.76,0.0
5951,32.76,0.0,0.0,0.0,0.0,0.2448,32.76,0.0
5952,32.74,0.0,0.0,0.0,0.0,0.2448,32.74,0.0
5953,32.74,0.0,0.0,0.0,0.0,0.2448,32.74,0.0
5954,32.74,0.0,0.0,0.0,0.0,0.2448,32.74,0.0
5955,32.74,0.0,0.0,0.0,0.0,0.2448,32.74,0.0
5956,32.74,0.0,0.0,0.0,0.0,0.2448,32.74,0.0
5957,32.74,0.0,0.0,0.0,0.0,0.2448,32.74,0.0
5958,32.74,0.0,0.0,0.0,0.0,0.2448,32.74,0.0
5959,34.69,0.0,10.43,0.0,0.0,0.2448,24.26,0.0
5960,36.57,0.0,19.03,0.0,0.0,0.2448,17.54,0.0
5961,38.3,0.0,29.18,0.0,0.0,0.2448,9.12,0.0
5962,39.81,0.0,34.47,0.0,0.0,0.2448,5.35,0.0
5963,41.06,0.0,38.04,0.0,0.0,0.2448,3.01,0.0
5964,41.98,0.0,41.06,0.0,0.0,0.2448,0.93,0.0
5965,42.55,0.0,39.59,0.0,0.0,0.2448,2.96,0.0
5966,42.74,0.0,35.43,0.0,0.0,0.2448,7.31,0.0
5967,42.55,0.0,28.9,0.0,0.0,0.2448,13.65,0.0
5968,41.98,0.0,18.85,0.0,0.0,0.2448,23.13,0.0
5969,41.06,0.0,9.88,0.0,0.0,0.2448,31.18,0.0
5970,39.81,0.0,0.0,0.0,0.36,0.2448,39.45,0.0
5971,38.3,0.0,0.0,0.0,0.0,0.2107,38.3,0.0
5972,36.57,0.0,0.0,0.0,0.0,0.2107,36.57,0.0
5973,34.69,0.0,0.0,0.0,0.0,0.2107,34.69,0.0
5974,32.74,0.0,0.0,0.0,0.0,0.2107,32.74,0.0
5975,32.74,0.0,0.0,0.0,0.0,0.2107,32.74,0.0
5976,32.72,0.0,0.0,0.0,0.0,0.2107,32.72,0.0
5977,32.72,0.0,0.0,0.0,0.0,0.2107,32.72,0.0
5978,32.72,0.0,0.0,0.0,0.0,0.2107,32.72,0.0
5979,32.72,0.0,0.0,0.0,0.0,0.2107,32.72,0.0
5980,32.72,0.0,0.0,0.0,0.0,0.2107,32.72,0.0
5981,32.72,0.0,0.0,0.0,0.0,0.2107,32.72,0.0
5982,32.72,0.0,0.0,0.0,0.0,0.2107,32.72,0.0
5983,34.67,0.0,10.12,0.0,0.0,0.2107,24.55,0.0
5984,36.55,0.0,18.96,0.0,0.0,0.2107,17.6,0.0
5985,38.28,0.0,28.64,0.0,0.0,0.2107,9.64,0.0
5986,39.79,0.0,35.55,0.0,0.0,0.2107,4.24,0.0
5987,41.04,0.0,38.48,0.0,0.0,0.2107,2.56,0.0
5988,41.96,0.0,40.82,0.0,0.0,0.2107,1.14,0.0
5989,42.53,0.0,37.6,0.0,0.0,0.2107,4.93,0.0
5990,42.72,0.0,33.65,0.0,0.0,0.2107,9.07,0.0
5991,42.53,0.0,27.28,0.0,0.0,0.2107,15.25,0.0
5992,41.96,0.0,18.57,0.0,0.0,0.2107,23.39,0.0
5993,41.04,0.0,8.71,0.0,0.0,0.2107,32.33,0.0
5994,39.79,0.0,0.0,0.0,0.34,0.2107,39.45,0.0
5995,38.28,0.0,0.0,0.0,0.0,0.1782,38.28,0.0
5996,36.55,0.0,0.0,0.0,0.0,0.1782,36.55,0.0
5997,34.67,0.0,0.0,0.0,0.0,0.1782,34.67,0.0
5998,32.72,0.0,0.0,0.0,0.0,0.1782,32.72,0.0
5999,32.72,0.0,0.0,0.0,0.0,0.1782,32.72,0.0
6000,32.71,0.0,0.0,0.0,0.0,0.1782,32.71,0.0
6001,32.71,0.0,0.0,0.0,0.0,0.1782,32.71,0.0
6002,32.71,0.0,0.0,0.0,0.0,0.1782,32.71,0.0
6003,32.71,0.0,0.0,0.0,0.0,0.1782,32.71,0.0
6004,32.71,0.0,0.0,0.0,0.0,0.1782,32.71,0.0
6005,32.71,0.0,0.0,0.0,0.0,0.1782,32.71,0.0
6006,32.71,0.0,0.0,0.0,0.0,0.1782,32.71,0.0
6007,34.66,0.0,8.8,0.0,0.0,0.1782,25.86,0.0
6008,36.53,0.0,19.88,0.0,0.0,0.1782,16.66,0.0
6009,38.26,0.0,28.16,0.0,0.0,0.1782,10.1,0.0
6010,39.78,0.0,34.89,0.0,0.0,0.1782,4.89,0.0
6011,41.02,0.0,39.11,0.0,0.0,0.1782,1.91,0.0
6012,41.94,0.0,40.35,0.0,0.0,0.1782,1.6,0.0
6013,42.51,0.0,38.74,0.0,0.0,0.1782,3.77,0.0
6014,42.71,0.0,35.07,0.0,0.0,0.1782,7.64,0.0
6015,42.51,0.0,26.91,0.0,0.0,0.1782,15.6,0.0
6016,41.94,0.0,20.38,0.0,0.0,0.1782,21.56,0.0
6017,41.02,0.0,8.99,0.0,0.0,0.1782,32.03,0.0
6018,39.78,0.0,0.0,0.0,0.33,0.1782,39.45,0.0
6019,38.26,0.0,0.0,0.0,0.0,0.1475,38.26,0.0
6020,36.53,0.0,0.0,0.0,0.0,0.1475,36.53,0.0
6021,34.66,0.0,0.0,0.0,0.0,0.1475,34.66,0.0
6022,32.71,0.0,0.0,0.0,0.0,0.1475,32.71,0.0
6023,32.71,0.0,0.0,0.0,0.0,0.1475,32.71,0.0
6024,32.69,0.0,0.0,0.0,0.0,0.1475,32.69,0.0
6025,32.69,0.0,0.0,0.0,0.0,0.1475,32.69,0.0
6026,32.69,0.0,0.0,0.0,0.0,0.1475,32.69,0.0
6027,32.69,0.0,0.0,0.0,0.0,0.1475,32.69,0.0
6028,32.69,0.0,0.0,0.0,0.0,0.1475,32.69,0.0
6029,32.69,0.0,0.0,0.0,0.0,0.1475,32.69,0.0
6030,32.69,0.0,0.0,0.0,0.0,0.1475,32.69,0.0
6031,34.64,0.0,9.13,0.0,0.0,0.1475,25.51,0.0
6032,36.52,0.0,19.1,0.0,0.0,0.1475,17.41,0.0
6033,38.24,0.0,27.7,0.0,0.0,0.1475,10.55,0.0
6034,39.76,0.0,34.66,0.0,0.0,0.1475,5.1,0.0
6035,41.0,0.0,38.18,0.0,0.0,0.1475,2.83,0.0
6036,41.93,0.0,39.67,0.0,0.0,0.1475,2.26,0.0
6037,42.5,0.0,37.88,0.0,0.0,0.1475,4.61,0.0
6038,42.69,0.0,34.58,0.0,0.0,0.1475,8.11,0.0
6039,42.5,0.0,28.33,0.0,0.0,0.1475,14.17,0.0
6040,41.93,0.0,18.66,0.0,0.0,0.1475,23.27,0.0
6041,41.0,0.0,8.88,0.0,0.0,0.1475,32.13,0.0
6042,39.76,0.0,0.0,0.0,0.31,0.1475,39.45,0.0
6043,38.24,0.0,0.0,0.0,0.0,0.1183,38.24,0.0
6044,36.52,0.0,0.0,0.0,0.0,0.1183,36.52,0.0
6045,34.64,0.0,0.0,0.0,0.0,0.1183,34.64,0.0
6046,32.69,0.0,0.0,0.0,0.0,0.1183,32.69,0.0
6047,32.69,0.0,0.0,0.0,0.0,0.1183,32.69,0.0
6048,32.67,0.0,0.0,0.0,0.0,0.1183,32.67,0.0
6049,32.67,0.0,0.0,0.0,0.0,0.1183,32.67,0.0
6050,32.67,0.0,0.0,0.0,0.0,0.1183,32.67,0.0
6051,32.67,0.0,0.0,0.0,0.0,0.1183,32.67,0.0
6052,32.67,0.0,0.0,0.0,0.0,0.1183,32.67,0.0
6053,32.67,0.0,0.0,0.0,0.0,0.1183,32.67,0.0
6054,32.67,0.0,0.0,0.0,0.0,0.1183,32.67,0.0
6055,34.62,0.0,10.29,0.0,0.0,0.1183,24.33,0.0
6056,36.5,0.0,18.71,0.0,0.0,0.1183,17.79,0.0
6057,38.23,0.0,27.96,0.0,0.0,0.1183,10.27,0.0
6058,39.74,0.0,34.52,0.0,0.0,0.1183,5.23,0.0
6059,40.99,0.0,38.86,0.0,0.0,0.1183,2.13,0.0
6060,41.91,0.0,39.81,0.0,0.0,0.1183,2.1,0.0
6061,42.48,0.0,39.3,0.0,0.0,0.1183,3.18,0.0
6062,42.67,0.0,33.37,0.0,0.0,0.1183,9.31,0.0
6063,42.48,0.0,27.6,0.0,0.0,0.1183,14.88,0.0
6064,41.91,0.0,18.54,0.0,0.0,0.1183,23.37,0.0
6065,40.99,0.0,9.81,0.0,0.0,0.1183,31.18,0.0
6066,39.74,0.0,0.0,0.0,0.29,0.1183,39.45,0.0
6067,38.23,0.0,0.0,0.0,0.0,0.0906,38.23,0.0
6068,36.5,0.0,0.0,0.0,0.0,0.0906,36.5,0.0
6069,34.62,0.0,0.0,0.0,0.0,0.0906,34.62,0.0
6070,32.67,0.0,0.0,0.0,0.0,0.0906,32.67,0.0
6071,32.67,0.0,0.0,0.0,0.0,0.0906,32.67,0.0
6072,32.66,0.0,0.0,0.0,0.0,0.0906,32.66,0.0
6073,32.66,0.0,0.0,0.0,0.0,0.0906,32.66,0.0
6074,32.66,0.0,0.0,0.0,0.0,0.0906,32.66,0.0
6075,32.66,0.0,0.0,0.0,0.0,0.0906,32.66,0.0
6076,32.66,0.0,0.0,0.0,0.0,0.0906,32.66,0.0
6077,32.66,0.0,0.0,0.0,0.0,0.0906,32.66,0.0
6078,32.66,0.0,0.0,0.0,0.0,0.0906,32.66,0.0
6079,34.61,0.0,9.71,0.0,0.0,0.0906,24.9,0.0
6080,36.48,0.0,18.43,0.0,0.0,0.0906,18.06,0.0
6081,38.21,0.0,26.88,0.0,0.0,0.0906,11.33,0.0
6082,39.73,0.0,32.7,0.0,0.0,0.0906,7.03,0.0
6083,40.97,0.0,38.11,0.0,0.0,0.0906,2.86,0.0
6084,41.9,0.0,40.37,0.0,0.0,0.0906,1.52,0.0
6085,42.47,0.0,37.53,0.0,0.0,0.0906,4.94,0.0
6086,42.66,0.0,33.38,0.0,0.0,0.0906,9.27,0.0
6087,42.47,0.0,27.14,0.0,0.0,0.0906,15.33,0.0
6088,41.9,0.0,18.88,0.0,0.0,0.0906,23.02,0.0
6089,40.97,0.0,9.81,0.0,0.0,0.0906,31.16,0.0
6090,39.73,0.0,0.0,0.0,0.28,0.0906,39.45,0.0
6091,38.21,0.0,0.0,0.0,0.0,0.0644,38.21,0.0
6092,36.48,0.0,0.0,0.0,0.0,0.0644,36.48,0.0
6093,34.61,0.0,0.0,0.0,0.0,0.0644,34.61,0.0
6094,32.66,0.0,0.0,0.0,0.0,0.0644,32.66,0.0
6095,32.66,0.0,0.0,0.0,0.0,0.0644,32.66,0.0
6096,32.64,0.0,0.0,0.0,0.0,0.0644,32.64,0.0
6097,32.64,0.0,0.0,0.0,0.0,0.0644,32.64,0.0
6098,32.64,0.0,0.0,0.0,0.0,0.0644,32.64,0.0
6099,32.64,0.0,0.0,0.0,0.0,0.0644,32.64,0.0
6100,32.64,0.0,0.0,0.0,0.0,0.0644,32.64,0.0
6101,32.64,0.0,0.0,0.0,0.0,0.0644,32.64,0.0
6102,32.64,0.0,0.0,0.0,0.0,0.0644,32.64,0.0
6103,34.59,0.0,9.53,0.0,0.0,0.0644,25.06,0.0
6104,36.47,0.0,18.97,0.0,0.0,0.0644,17.5,0.0
6105,38.2,0.0,26.72,0.0,0.0,0.0644,11.48,0.0
6106,39.71,0.0,32.71,0.0,0.0,0.0644,7.0,0.0
6107,40.96,0.0,37.56,0.0,0.0,0.0644,3.4,0.0
6108,41.88,0.0,39.54,0.0,0.0,0.0644,2.34,0.0
6109,42.45,0.0,37.84,0.0,0.0,0.0644,4.62,0.0
6110,42.64,0.0,32.84,0.0,0.0,0.0644,9.8,0.0
6111,42.45,0.0,27.2,0.0,0.0,0.0644,15.25,0.0
6112,41.88,0.0,19.18,0.0,0.0,0.0644,22.7,0.0
6113,40.96,0.0,9.36,0.0,0.0,0.0644,31.6,0.0
6114,39.71,0.0,0.0,0.0,0.26,0.0644,39.45,0.0
6115,38.2,0.0,0.0,0.0,0.0,0.0396,38.2,0.0
6116,36.47,0.0,0.0,0.0,0.0,0.0396,36.47,0.0
6117,34.59,0.0,0.0,0.0,0.0,0.0396,34.59,0.0
6118,32.64,0.0,0.0,0.0,0.0,0.0396,32.64,0.0
6119,32.64,0.0,0.0,0.0,0.0,0.0396,32.64,0.0
6120,32.63,0.0,0.0,0.0,0.0,0.0396,32.63,0.0
6121,32.63,0.0,0.0,0.0,0.0,0.0396,32.63,0.0
6122,32.63,0.0,0.0,0.0,0.0,0.0396,32.63,0.0
6123,32.63,0.0,0.0,0.0,0.0,0.0396,32.63,0.0
6124,32.63,0.0,0.0,0.0,0.0,0.0396,32.63,0.0
6125,32.63,0.0,0.0,0.0,0.0,0.0396,32.63,0.0
6126,32.63,0.0,0.0,0.0,0.0,0.0396,32.63,0.0
6127,34.58,0.0,9.9,0.0,0.0,0.0396,24.68,0.0
6128,36.46,0.0,20.0,0.0,0.0,0.0396,16.45,0.0
6129,38.18,0.0,26.68,0.0,0.0,0.0396,11.51,0.0
6130,39.7,0.0,33.82,0.0,0.0,0.0396,5.88,0.0
6131,40.94,0.0,36.73,0.0,0.0,0.0396,4.22,0.0
6132,41.87,0.0,38.37,0.0,0.0,0.0396,3.49,0.0
6133,42.44,0.0,38.24,0.0,0.0,0.0396,4.2,0.0
6134,42.63,0.0,34.08,0.0,0.0,0.0396,8.55,0.0
6135,42.44,0.0,28.21,0.0,0.0,0.0396,14.22,0.0
6136,41.87,0.0,18.35,0.0,0.0,0.0396,23.52,0.0
6137,40.94,0.0,8.41,0.0,0.0,0.0396,32.53,0.0
6138,39.7,0.0,0.0,0.0,0.25,0.0396,39.45,0.0
6139,38.18,0.0,0.0,0.0,0.0,0.016,38.18,0.0
6140,36.46,0.0,0.0,0.0,0.0,0.016,36.46,0.0
6141,34.58,0.0,0.0,0.0,0.0,0.016,34.58,0.0
6142,32.63,0.0,0.0,0.0,0.0,0.016,32.63,0.0
6143,32.63,0.0,0.0,0.0,0.0,0.016,32.63,0.0
6144,32.62,0.0,0.0,0.0,0.0,0.016,32.62,0.0
6145,32.62,0.0,0.0,0.0,0.0,0.016,32.62,0.0
6146,32.62,0.0,0.0,0.0,0.0,0.016,32.62,0.0
6147,32.62,0.0,0.0,0.0,0.0,0.016,32.62,0.0
6148,32.62,0.0,0.0,0.0,0.0,0.016,32.62,0.0
6149,32.62,0.0,0.0,0.0,0.0,0.016,32.62,0.0
6150,32.62,0.0,0.0,0.0,0.0,0.016,32.62,0.0
6151,34.57,0.0,8.52,0.0,0.0,0.016,26.04,0.0
6152,36.44,0.0,18.56,0.0,0.0,0.016,17.88,0.0
6153,38.17,0.0,26.06,0.0,0.0,0.016,12.11,0.0
6154,39.69,0.0,32.99,0.0,0.0,0.016,6.7,0.0
6155,40.93,0.0,37.49,0.0,0.0,0.016,3.44,0.0
6156,41.85,0.0,39.32,0.0,0.0,0.016,2.53,0.0
6157,42.42,0.0,38.27,0.0,0.0,0.016,4.15,0.0
6158,42.62,0.0,34.05,0.0,0.0,0.016,8.57,0.0
6159,42.42,0.0,26.32,0.0,0.0,0.016,16.11,0.0
6160,41.85,0.0,17.74,0.0,0.0,0.016,24.12,0.0
6161,40.93,0.0,8.29,0.07,0.0,0.016,32.71,0.0
6162,39.69,0.0,0.0,0.0,0.24,0.0223,39.45,0.0
6163,38.17,0.0,0.0,0.0,0.0,0.0,38.17,0.0
6164,36.44,0.0,0.0,0.0,0.0,0.0,36.44,0.0
6165,34.57,0.0,0.0,0.0,0.0,0.0,34.57,0.0
6166,32.62,0.0,0.0,0.0,0.0,0.0,32.62,0.0
6167,32.62,0.0,0.0,0.0,0.0,0.0,32.62,0.0
6168,32.6,0.0,0.0,0.0,0.0,0.0,32.6,0.0
6169,32.6,0.0,0.0,0.0,0.0,0.0,32.6,0.0
6170,32.6,0.0,0.0,0.0,0.0,0.0,32.6,0.0
6171,32.6,0.0,0.0,0.0,0.0,0.0,32.6,0.0
6172,32.6,0.0,0.0,0.0,0.0,0.0,32.6,0.0
6173,32.6,0.0,0.0,0.0,0.0,0.0,32.6,0.0
6174,32.6,0.0,0.0,0.0,0.0,0.0,32.6,0.0
6175,34.55,0.0,8.97,0.0,0.0,0.0,25.58,0.0
6176,36.43,0.0,17.92,0.0,0.0,0.0,18.51,0.0
6177,38.16,0.0,27.01,0.0,0.0,0.0,11.15,0.0
6178,39.67,0.0,32.36,0.0,0.0,0.0,7.32,0.0
6179,40.92,0.0,36.47,0.0,0.0,0.0,4.45,0.0
6180,41.84,0.0,39.73,0.0,0.0,0.0,2.12,0.0
6181,42.41,0.0,36.33,0.0,0.0,0.0,6.08,0.0
6182,42.6,0.0,33.01,0.0,0.0,0.0,9.59,0.0
6183,42.41,0.0,25.84,0.0,0.0,0.0,16.57,0.0
6184,41.84,0.0,18.15,0.25,0.0,0.0,23.94,0.0
6185,40.92,0.0,8.4,0.0,0.0,0.0211,32.52,0.0
6186,39.67,0.0,0.0,0.0,0.22,0.0211,39.45,0.0
6187,38.16,0.0,0.0,0.0,0.0,0.0,38.16,0.0
6188,36.43,0.0,0.0,0.0,0.0,0.0,36.43,0.0
6189,34.55,0.0,0.0,0.0,0.0,0.0,34.55,0.0
6190,32.6,0.0,0.0,0.0,0.0,0.0,32.6,0.0
6191,32.6,0.0,0.0,0.0,0.0,0.0,32.6,0.0
6192,32.59,0.0,0.0,0.0,0.0,0.0,32.59,0.0
6193,32.59,0.0,0.0,0.0,0.0,0.0,32.59,0.0
6194,32.59,0.0,0.0,0.0,0.0,0.0,32.59,0.0
6195,32.59,0.0,0.0,0.0,0.0,0.0,32.59,0.0
6196,32.59,0.0,0.0,0.0,0.0,0.0,32.59,0.0
6197,32.59,0.0,0.0,0.0,0.0,0.0,32.59,0.0
6198,32.59,0.0,0.0,0.0,0.0,0.0,32.59,0.0
6199,34.54,0.0,9.54,0.0,0.0,0.0,25.01,0.0
6200,36.42,0.0,19.73,0.0,0.0,0.0,16.69,0.0
6201,38.15,0.0,25.66,0.0,0.0,0.0,12.49,0.0
6202,39.66,0.0,32.03,0.0,0.0,0.0,7.63,0.0
6203,40.91,0.0,36.43,0.0,0.0,0.0,4.47,0.0
6204,41.83,0.0,38.62,0.0,0.0,0.0,3.21,0.0
6205,42.4,0.0,36.96,0.0,0.0,0.0,5.44,0.0
6206,42.59,0.0,32.5,0.0,0.0,0.0,10.1,0.0
6207,42.4,0.0,27.53,0.0,0.0,0.0,14.87,0.0
6208,41.83,0.0,19.32,0.0,0.0,0.0,22.51,0.0
6209,40.91,0.0,8.91,0.23,0.0,0.0,32.23,0.0
6210,39.66,0.0,0.0,0.0,0.21,0.02,39.45,0.0
6211,38.15,0.0,0.0,0.0,0.0,0.0,38.15,0.0
6212,36.42,0.0,0.0,0.0,0.0,0.0,36.42,0.0
6213,34.54,0.0,0.0,0.0,0.0,0.0,34.54,0.0
6214,32.59,0.0,0.0,0.0,0.0,0.0,32.59,0.0
6215,32.59,0.0,0.0,0.0,0.0,0.0,32.59,0.0
6216,32.58,0.0,0.0,0.0,0.0,0.0,32.58,0.0
6217,32.58,0.0,0.0,0.0,0.0,0.0,32.58,0.0
6218,32.58,0.0,0.0,0.0,0.0,0.0,32.58,0.0
6219,32.58,0.0,0.0,0.0,0.0,0.0,32.58,0.0
6220,32.58,0.0,0.0,0.0,0.0,0.0,32.58,0.0
6221,32.58,0.0,0.0,0.0,0.0,0.0,32.58,0.0
6222,32.58,0.0,0.0,0.0,0.0,0.0,32.58,0.0
6223,34.53,0.0,8.09,0.0,0.0,0.0,26.44,0.0
6224,36.41,0.0,18.42,0.0,0.0,0.0,17.99,0.0
6225,38.14,0.0,27.86,0.0,0.0,0.0,10.27,0.0
6226,39.65,0.0,33.51,0.0,0.0,0.0,6.14,0.0
6227,40.89,0.0,36.37,0.0,0.0,0.0,4.52,0.0
6228,41.82,0.0,37.45,0.0,0.0,0.0,4.37,0.0
6229,42.39,0.0,36.69,0.0,0.0,0.0,5.69,0.0
6230,42.58,0.0,32.63,0.0,0.0,0.0,9.95,0.0
6231,42.39,0.0,26.04,0.0,0.0,0.0,16.34,0.0
6232,41.82,0.0,18.74,0.0,0.0,0.0,23.08,0.0
6233,40.89,0.0,9.89,0.22,0.0,0.0,31.22,0.0
6234,39.65,0.0,0.0,0.0,0.2,0.0189,39.45,0.0
6235,38.14,0.0,0.0,0.0,0.0,0.0,38.14,0.0
6236,36.41,0.0,0.0,0.0,0.0,0.0,36.41,0.0
6237,34.53,0.0,0.0,0.0,0.0,0.0,34.53,0.0
6238,32.58,0.0,0.0,0.0,0.0,0.0,32.58,0.0
6239,32.58,0.0,0.0,0.0,0.0,0.0,32.58,0.0
6240,32.57,0.0,0.0,0.0,0.0,0.0,32.57,0.0
6241,32.57,0.0,0.0,0.0,0.0,0.0,32.57,0.0
6242,32.57,0.0,0.0,0.0,0.0,0.0,32.57,0.0
6243,32.57,0.0,0.0,0.0,0.0,0.0,32.57,0.0
6244,32.57,0.0,0.0,0.0,0.0,0.0,32.57,0.0
6245,32.57,0.0,0.0,0.0,0.0,0.0,32.57,0.0
6246,32.57,0.0,0.0,0.0,0.0,0.0,32.57,0.0
6247,34.52,0.0,9.89,0.0,0.0,0.0,24.63,0.0
6248,36.4,0.0,17.72,0.0,0.0,0.0,18.68,0.0
6249,38.13,0.0,26.67,0.0,0.0,0.0,11.46,0.0
6250,39.64,0.0,31.75,0.0,0.0,0.0,7.89,0.0
6251,40.88,0.0,37.43,0.0,0.0,0.0,3.45,0.0
6252,41.81,0.0,37.72,0.0,0.0,0.0,4.09,0.0
6253,42.38,0.0,37.11,0.0,0.0,0.0,5.27,0.0
6254,42.57,0.0,31.7,0.0,0.0,0.0,10.87,0.0
6255,42.38,0.0,26.3,0.0,0.0,0.0,16.08,0.0
6256,41.81,0.0,18.01,0.0,0.0,0.0,23.8,0.0
6257,40.88,0.0,9.84,0.21,0.0,0.0,31.25,0.0
6258,39.64,0.0,0.0,0.0,0.19,0.0179,39.45,0.0
6259,38.13,0.0,0.0,0.0,0.0,0.0,38.13,0.0
6260,36.4,0.0,0.0,0.0,0.0,0.0,36.4,0.0
6261,34.52,0.0,0.0,0.0,0.0,0.0,34.52,0.0
6262,32.57,0.0,0.0,0.0,0.0,0.0,32.57,0.0
6263,32.57,0.0,0.0,0.0,0.0,0.0,32.57,0.0
6264,32.56,0.0,0.0,0.0,0.0,0.0,32.56,0.0
6265,32.56,0.0,0.0,0.0,0.0,0.0,32.56,0.0
6266,32.56,0.0,0.0,0.0,0.0,0.0,32.56,0.0
6267,32.56,0.0,0.0,0.0,0.0,0.0,32.56,0.0
6268,32.56,0.0,0.0,0.0,0.0,0.0,32.56,0.0
6269,32.56,0.0,0.0,0.0,0.0,0.0,32.56,0.0
6270,32.56,0.0,0.0,0.0,0.0,0.0,32.56,0.0
6271,34.51,0.0,8.8,0.0,0.0,0.0,25.71,0.0
6272,36.39,0.0,17.4,0.0,0.0,0.0,18.99,0.0
6273,38.12,0.0,27.62,0.0,0.0,0.0,10.5,0.0
6274,39.63,0.0,32.92,0.0,0.0,0.0,6.71,0.0
6275,40.87,0.0,37.44,0.0,0.0,0.0,3.43,0.0
6276,41.8,0.0,39.11,0.0,0.0,0.0,2.69,0.0
6277,42.37,0.0,37.75,0.0,0.0,0.0,4.61,0.0
6278,42.56,0.0,32.65,0.0,0.0,0.0,9.91,0.0
6279,42.37,0.0,26.44,0.0,0.0,0.0,15.92,0.0
6280,41.8,0.0,18.91,0.2,0.0,0.0,23.09,0.0
6281,40.87,0.0,8.52,0.0,0.0,0.017,32.36,0.0
6282,39.63,0.0,0.0,0.0,0.18,0.017,39.45,0.0
6283,38.12,0.0,0.0,0.0,0.0,0.0,38.12,0.0
6284,36.39,0.0,0.0,0.0,0.0,0.0,36.39,0.0
6285,34.51,0.0,0.0,0.0,0.0,0.0,34.51,0.0
6286,32.56,0.0,0.0,0.0,0.0,0.0,32.56,0.0
6287,32.56,0.0,0.0,0.0,0.0,0.0,32.56,0.0
6288,32.55,0.0,0.0,0.0,0.0,0.0,32.55,0.0
6289,32.55,0.0,0.0,0.0,0.0,0.0,32.55,0.0
6290,32.55,0.0,0.0,0.0,0.0,0.0,32.55,0.0
6291,32.55,0.0,0.0,0.0,0.0,0.0,32.55,0.0
6292,32.55,0.0,0.0,0.0,0.0,0.0,32.55,0.0
6293,32.55,0.0,0.0,0.0,0.0,0.0,32.55,0.0
6294,32.55,0.0,0.0,0.0,0.0,0.0,32.55,0.0
6295,34.5,0.0,9.19,0.0,0.0,0.0,25.32,0.0
6296,36.38,0.0,18.11,0.0,0.0,0.0,18.27,0.0
6297,38.11,0.0,26.92,0.0,0.0,0.0,11.19,0.0
6298,39.62,0.0,33.25,0.0,0.0,0.0,6.37,0.0
6299,40.87,0.0,36.45,0.0,0.0,0.0,4.41,0.0
6300,41.79,0.0,37.51,0.0,0.0,0.0,4.28,0.0
6301,42.36,0.0,35.83,0.0,0.0,0.0,6.53,0.0
6302,42.55,0.0,31.92,0.0,0.0,0.0,10.63,0.0
6303,42.36,0.0,27.15,0.0,0.0,0.0,15.21,0.0
6304,41.79,0.0,19.36,0.0,0.0,0.0,22.43,0.0
6305,40.87,0.0,8.61,0.19,0.0,0.0,32.45,0.0
6306,39.62,0.0,0.0,0.0,0.17,0.0162,39.45,0.0
6307,38.11,0.0,0.0,0.0,0.0,0.0,38.11,0.0
6308,36.38,0.0,0.0,0.0,0.0,0.0,36.38,0.0
6309,34.5,0.0,0.0,0.0,0.0,0.0,34.5,0.0
6310,32.55,0.0,0.0,0.0,0.0,0.0,32.55,0.0
6311,32.55,0.0,0.0,0.0,0.0,0.0,32.55,0.0
6312,32.54,0.0,0.0,0.0,0.0,0.0,32.54,0.0
6313,32.54,0.0,0.0,0.0,0.0,0.0,32.54,0.0
6314,32.54,0.0,0.0,0.0,0.0,0.0,32.54,0.0
6315,32.54,0.0,0.0,0.0,0.0,0.0,32.54,0.0
6316,32.54,0.0,0.0,0.0,0.0,0.0,32.54,0.0
6317,32.54,0.0,0.0,0.0,0.0,0.0,32.54,0.0
6318,32.54,0.0,0.0,0.0,0.0,0.0,32.54,0.0
6319,34.49,0.0,8.44,0.0,0.0,0.0,26.05,0.0
6320,36.37,0.0,17.47,0.0,0.0,0.0,18.9,0.0
6321,38.1,0.0,25.74,0.0,0.0,0.0,12.36,0.0
6322,39.61,0.0,32.35,0.0,0.0,0.0,7.26,0.0
6323,40.86,0.0,35.51,0.0,0.0,0.0,5.35,0.0
6324,41.78,0.0,36.56,0.0,0.0,0.0,5.22,0.0
6325,42.35,0.0,35.27,0.0,0.0,0.0,7.08,0.0
6326,42.54,0.0,32.92,0.0,0.0,0.0,9.63,0.0
6327,42.35,0.0,26.54,0.0,0.0,0.0,15.81,0.0
6328,41.78,0.0,17.55,0.0,0.0,0.0,24.23,0.0
6329,40.86,0.0,8.36,0.18,0.0,0.0,32.68,0.0
6330,39.61,0.0,0.0,0.0,0.16,0.0154,39.45,0.0
6331,38.1,0.0,0.0,0.0,0.0,0.0,38.1,0.0
6332,36.37,0.0,0.0,0.0,0.0,0.0,36.37,0.0
6333,34.49,0.0,0.0,0.0,0.0,0.0,34.49,0.0
6334,32.54,0.0,0.0,0.0,0.0,0.0,32.54,0.0
6335,32.54,0.0,0.0,0.0,0.0,0.0,32.54,0.0
6336,32.54,0.0,0.0,0.0,0.0,0.0,32.54,0.0
6337,32.54,0.0,0.0,0.0,0.0,0.0,32.54,0.0
6338,32.54,0.0,0.0,0.0,0.0,0.0,32.54,0.0
6339,32.54,0.0,0.0,0.0,0.0,0.0,32.54,0.0
6340,32.54,0.0,0.0,0.0,0.0,0.0,32.54,0.0
6341,32.54,0.0,0.0,0.0,0.0,0.0,32.54,0.0
6342,32.54,0.0,0.0,0.0,0.0,0.0,32.54,0.0
6343,34.49,0.0,8.66,0.0,0.0,0.0,25.83,0.0
6344,36.36,0.0,17.74,0.0,0.0,0.0,18.62,0.0
6345,38.09,0.0,26.84,0.0,0.0,0.0,11.26,0.0
6346,39.61,0.0,31.83,0.0,0.0,0.0,7.77,0.0
6347,40.85,0.0,34.96,0.0,0.0,0.0,5.89,0.0
6348,41.77,0.0,37.84,0.0,0.0,0.0,3.94,0.0
6349,42.34,0.0,36.89,0.0,0.0,0.0,5.45,0.0
6350,42.54,0.0,32.8,0.0,0.0,0.0,9.73,0.0
6351,42.34,0.0,26.81,0.0,0.0,0.0,15.53,0.0
6352,41.77,0.0,17.95,0.0,0.0,0.0,23.82,0.0
6353,40.85,0.0,7.71,0.17,0.0,0.0,33.31,0.0
6354,39.61,0.0,0.0,0.0,0.16,0.0147,39.45,0.0
6355,38.09,0.0,0.0,0.0,0.0,0.0,38.09,0.0
6356,36.36,0.0,0.0,0.0,0.0,0.0,36.36,0.0
6357,34.49,0.0,0.0,0.0,0.0,0.0,34.49,0.0
6358,32.54,0.0,0.0,0.0,0.0,0.0,32.54,0.0
6359,32.54,0.0,0.0,0.0,0.0,0.0,32.54,0.0
6360,32.53,0.0,0.0,0.0,0.0,0.0,32.53,0.0
6361,32.53,0.0,0.0,0.0,0.0,0.0,32.53,0.0
6362,32.53,0.0,0.0,0.0,0.0,0.0,32.53,0.0
6363,32.53,0.0,0.0,0.0,0.0,0.0,32.53,0.0
6364,32.53,0.0,0.0,0.0,0.0,0.0,32.53,0.0
6365,32.53,0.0,0.0,0.0,0.0,0.0,32.53,0.0
6366,32.53,0.0,0.0,0.0,0.0,0.0,32.53,0.0
6367,34.48,0.0,9.44,0.0,0.0,0.0,25.04,0.0
6368,36.36,0.0,19.0,0.0,0.0,0.0,17.35,0.0
6369,38.08,0.0,26.29,0.0,0.0,0.0,11.79,0.0
6370,39.6,0.0,32.53,0.0,0.0,0.0,7.07,0.0
6371,40.84,0.0,36.93,0.0,0.0,0.0,3.91,0.0
6372,41.77,0.0,37.3,0.0,0.0,0.0,4.46,0.0
6373,42.34,0.0,35.35,0.0,0.0,0.0,6.99,0.0
6374,42.53,0.0,32.83,0.0,0.0,0.0,9.7,0.0
6375,42.34,0.0,26.36,0.0,0.0,0.0,15.97,0.0
6376,41.77,0.0,19.17,0.16,0.0,0.0,22.76,0.0
6377,40.84,0.0,8.84,0.0,0.0,0.014,32.0,0.0
6378,39.6,0.0,0.0,0.0,0.15,0.014,39.45,0.0
6379,38.08,0.0,0.0,0.0,0.0,0.0,38.08,0.0
6380,36.36,0.0,0.0,0.0,0.0,0.0,36.36,0.0
6381,34.48,0.0,0.0,0.0,0.0,0.0,34.48,0.0
6382,32.53,0.0,0.0,0.0,0.0,0.0,32.53,0.0
6383,32.53,0.0,0.0,0.0,0.0,0.0,32.53,0.0
6384,32.52,0.0,0.0,0.0,0.0,0.0,32.52,0.0
6385,32.52,0.0,0.0,0.0,0.0,0.0,32.52,0.0
6386,32.52,0.0,0.0,0.0,0.0,0.0,32.52,0.0
6387,32.52,0.0,0.0,0.0,0.0,0.0,32.52,0.0
6388,32.52,0.0,0.0,0.0,0.0,0.0,32.52,0.0
6389,32.52,0.0,0.0,0.0,0.0,0.0,32.52,0.0
6390,32.52,0.0,0.0,0.0,0.0,0.0,32.52,0.0
6391,34.47,0.0,9.24,0.0,0.0,0.0,25.24,0.0
6392,36.35,0.0,18.07,0.0,0.0,0.0,18.28,0.0
6393,38.08,0.0,24.89,0.0,0.0,0.0,13.19,0.0
6394,39.59,0.0,32.44,0.0,0.0,0.0,7.16,0.0
6395,40.84,0.0,34.73,0.0,0.0,0.0,6.11,0.0
6396,41.76,0.0,36.8,0.0,0.0,0.0,4.96,0.0
6397,42.33,0.0,35.47,0.0,0.0,0.0,6.86,0.0
6398,42.52,0.0,33.0,0.0,0.0,0.0,9.52,0.0
6399,42.33,0.0,26.19,0.0,0.0,0.0,16.14,0.0
6400,41.76,0.0,18.58,0.0,0.0,0.0,23.18,0.0
6401,40.84,0.0,8.74,0.16,0.0,0.0,32.25,0.0
6402,39.59,0.0,0.0,0.0,0.14,0.0134,39.45,0.0
6403,38.08,0.0,0.0,0.0,0.0,0.0,38.08,0.0
6404,36.35,0.0,0.0,0.0,0.0,0.0,36.35,0.0
6405,34.47,0.0,0.0,0.0,0.0,0.0,34.47,0.0
6406,32.52,0.0,0.0,0.0,0.0,0.0,32.52,0.0
6407,32.52,0.0,0.0,0.0,0.0,0.0,32.52,0.0
6408,32.52,0.0,0.0,0.0,0.0,0.0,32.52,0.0
6409,32.52,0.0,0.0,0.0,0.0,0.0,32.52,0.0
6410,32.52,0.0,0.0,0.0,0.0,0.0,32.52,0.0
6411,32.52,0.0,0.0,0.0,0.0,0.0,32.52,0.0
6412,32.52,0.0,0.0,0.0,0.0,0.0,32.52,0.0
6413,32.52,0.0,0.0,0.0,0.0,0.0,32.52,0.0
6414,32.52,0.0,0.0,0.0,0.0,0.0,32.52,0.0
6415,34.47,0.0,8.24,0.0,0.0,0.0,26.23,0.0
6416,36.34,0.0,17.0,0.0,0.0,0.0,19.35,0.0
6417,38.07,0.0,25.76,0.0,0.0,0.0,12.32,0.0
6418,39.59,0.0,31.4,0.0,0.0,0.0,8.19,0.0
6419,40.83,0.0,36.14,0.0,0.0,0.0,4.69,0.0
6420,41.76,0.0,37.25,0.0,0.0,0.0,4.51,0.0
6421,42.32,0.0,36.7,0.0,0.0,0.0,5.62,0.0
6422,42.52,0.0,31.49,0.0,0.0,0.0,11.03,0.0
6423,42.32,0.0,25.41,0.0,0.0,0.0,16.92,0.0
6424,41.76,0.0,18.94,0.0,0.0,0.0,22.81,0.0
6425,40.83,0.0,8.91,0.15,0.0,0.0,32.07,0.0
6426,39.59,0.0,0.0,0.0,0.14,0.0129,39.45,0.0
6427,38.07,0.0,0.0,0.0,0.0,0.0,38.07,0.0
6428,36.34,0.0,0.0,0.0,0.0,0.0,36.34,0.0
6429,34.47,0.0,0.0,0.0,0.0,0.0,34.47,0.0
6430,32.52,0.0,0.0,0.0,0.0,0.0,32.52,0.0
6431,32.52,0.0,0.0,0.0,0.0,0.0,32.52,0.0
6432,32.51,0.0,0.0,0.0,0.0,0.0,32.51,0.0
6433,32.51,0.0,0.0,0.0,0.0,0.0,32.51,0.0
6434,32.51,0.0,0.0,0.0,0.0,0.0,32.51,0.0
6435,32.51,0.0,0.0,0.0,0.0,0.0,32.51,0.0
6436,32.51,0.0,0.0,0.0,0.0,0.0,32.51,0.0
6437,32.51,0.0,0.0,0.0,0.0,0.0,32.51,0.0
6438,32.51,0.0,0.0,0.0,0.0,0.0,32.51,0.0
6439,34.46,0.0,9.59,0.0,0.0,0.0,24.87,0.0
6440,36.34,0.0,18.41,0.0,0.0,0.0,17.93,0.0
6441,38.07,0.0,25.75,0.0,0.0,0.0,12.32,0.0
6442,39.58,0.0,31.04,0.0,0.0,0.0,8.54,0.0
6443,40.83,0.0,35.71,0.0,0.0,0.0,5.12,0.0
6444,41.75,0.0,37.29,0.0,0.0,0.0,4.46,0.0
6445,42.32,0.0,36.27,0.0,0.0,0.0,6.05,0.0
6446,42.51,0.0,32.02,0.0,0.0,0.0,10.5,0.0
6447,42.32,0.0,26.8,0.15,0.0,0.0,15.67,0.0
6448,41.75,0.0,18.12,0.0,0.0,0.0125,23.64,0.0
6449,40.83,0.0,9.19,0.0,0.0,0.0125,31.64,0.0
6450,39.58,0.0,0.0,0.0,0.13,0.0125,39.45,0.0
6451,38.07,0.0,0.0,0.0,0.0,0.0,38.07,0.0
6452,36.34,0.0,0.0,0.0,0.0,0.0,36.34,0.0
6453,34.46,0.0,0.0,0.0,0.0,0.0,34.46,0.0
6454,32.51,0.0,0.0,0.0,0.0,0.0,32.51,0.0
6455,32.51,0.0,0.0,0.0,0.0,0.0,32.51,0.0
6456,32.51,0.0,0.0,0.0,0.0,0.0,32.51,0.0
6457,32.51,0.0,0.0,0.0,0.0,0.0,32.51,0.0
6458,32.51,0.0,0.0,0.0,0.0,0.0,32.51,0.0
6459,32.51,0.0,0.0,0.0,0.0,0.0,32.51,0.0
6460,32.51,0.0,0.0,0.0,0.0,0.0,32.51,0.0
6461,32.51,0.0,0.0,0.0,0.0,0.0,32.51,0.0
6462,32.51,0.0,0.0,0.0,0.0,0.0,32.51,0.0
6463,34.46,0.0,8.02,0.0,0.0,0.0,26.44,0.0
6464,36.34,0.0,16.82,0.0,0.0,0.0,19.52,0.0
6465,38.06,0.0,24.89,0.0,0.0,0.0,13.18,0.0
6466,39.58,0.0,31.16,0.0,0.0,0.0,8.42,0.0
6467,40.82,0.0,35.59,0.0,0.0,0.0,5.23,0.0
6468,41.75,0.0,36.88,0.0,0.0,0.0,4.87,0.0
6469,42.32,0.0,34.89,0.0,0.0,0.0,7.42,0.0
6470,42.51,0.0,30.76,0.0,0.0,0.0,11.75,0.0
6471,42.32,0.0,26.61,0.14,0.0,0.0,15.85,0.0
6472,41.75,0.0,16.81,0.0,0.0,0.0121,24.94,0.0
6473,40.82,0.0,8.5,0.0,0.0,0.0121,32.32,0.0
6474,39.58,0.0,0.0,0.0,0.13,0.0121,39.45,0.0
6475,38.06,0.0,0.0,0.0,0.0,0.0,38.06,0.0
6476,36.34,0.0,0.0,0.0,0.0,0.0,36.34,0.0
6477,34.46,0.0,0.0,0.0,0.0,0.0,34.46,0.0
6478,32.51,0.0,0.0,0.0,0.0,0.0,32.51,0.0
6479,32.51,0.0,0.0,0.0,0.0,0.0,32.51,0.0
6480,32.51,0.0,0.0,0.0,0.0,0.0,32.51,0.0
6481,32.51,0.0,0.0,0.0,0.0,0.0,32.51,0.0
6482,32.51,0.0,0.0,0.0,0.0,0.0,32.51,0.0
6483,32.51,0.0,0.0,0.0,0.0,0.0,32.51,0.0
6484,32.51,0.0,0.0,0.0,0.0,0.0,32.51,0.0
6485,32.51,0.0,0.0,0.0,0.0,0.0,32.51,0.0
6486,32.51,0.0,0.0,0.0,0.0,0.0,32.51,0.0
6487,34.46,0.0,8.91,0.0,0.0,0.0,25.55,0.0
6488,36.33,0.0,18.16,0.0,0.0,0.0,18.17,0.0
6489,38.06,0.0,25.22,0.0,0.0,0.0,12.84,0.0
6490,39.58,0.0,31.76,0.0,0.0,0.0,7.82,0.0
6491,40.82,0.0,35.38,0.0,0.0,0.0,5.44,0.0
6492,41.74,0.0,37.44,0.0,0.0,0.0,4.31,0.0
6493,42.31,0.0,36.15,0.0,0.0,0.0,6.16,0.0
6494,42.51,0.0,30.42,0.0,0.0,0.0,12.09,0.0
6495,42.31,0.0,26.21,0.0,0.0,0.0,16.1,0.0
6496,41.74,0.0,16.83,0.0,0.0,0.0,24.92,0.0
6497,40.82,0.0,8.02,0.14,0.0,0.0,32.94,0.0
6498,39.58,0.0,0.0,0.0,0.13,0.0118,39.45,0.0
6499,38.06,0.0,0.0,0.0,0.0,0.0,38.06,0.0
6500,36.33,0.0,0.0,0.0,0.0,0.0,36.33,0.0
6501,34.46,0.0,0.0,0.0,0.0,0.0,34.46,0.0
6502,32.51,0.0,0.0,0.0,0.0,0.0,32.51,0.0
6503,32.51,0.0,0.0,0.0,0.0,0.0,32.51,0.0
6504,32.5,0.0,0.0,0.0,0.0,0.0,32.5,0.0
6505,32.5,0.0,0.0,0.0,0.0,0.0,32.5,0.0
6506,32.5,0.0,0.0,0.0,0.0,0.0,32.5,0.0
6507,32.5,0.0,0.0,0.0,0.0,0.0,32.5,0.0
6508,32.5,0.0,0.0,0.0,0.0,0.0,32.5,0.0
6509,32.5,0.0,0.0,0.0,0.0,0.0,32.5,0.0
6510,32.5,0.0,0.0,0.0,0.0,0.0,32.5,0.0
6511,34.45,0.0,9.2,0.0,0.0,0.0,25.25,0.0
6512,36.33,0.0,16.57,0.0,0.0,0.0,19.75,0.0
6513,38.06,0.0,25.82,0.0,0.0,0.0,12.24,0.0
6514,39.57,0.0,32.33,0.0,0.0,0.0,7.25,0.0
6515,40.82,0.0,34.73,0.0,0.0,0.0,6.09,0.0
6516,41.74,0.0,35.43,0.0,0.0,0.0,6.31,0.0
6517,42.31,0.0,36.14,0.0,0.0,0.0,6.17,0.0
6518,42.5,0.0,32.11,0.0,0.0,0.0,10.4,0.0
6519,42.31,0.0,26.0,0.0,0.0,0.0,16.31,0.0
6520,41.74,0.0,17.07,0.0,0.0,0.0,24.67,0.0
6521,40.82,0.0,9.01,0.14,0.0,0.0,31.94,0.0
6522,39.57,0.0,0.0,0.0,0.12,0.0116,39.45,0.0
6523,38.06,0.0,0.0,0.0,0.0,0.0,38.06,0.0
6524,36.33,0.0,0.0,0.0,0.0,0.0,36.33,0.0
6525,34.45,0.0,0.0,0.0,0.0,0.0,34.45,0.0
6526,32.5,0.0,0.0,0.0,0.0,0.0,32.5,0.0
6527,32.5,0.0,0.0,0.0,0.0,0.0,32.5,0.0
6528,32.5,0.0,0.0,0.0,0.0,0.0,32.5,0.0
6529,32.5,0.0,0.0,0.0,0.0,0.0,32.5,0.0
6530,32.5,0.0,0.0,0.0,0.0,0.0,32.5,0.0
6531,32.5,0.0,0.0,0.0,0.0,0.0,32.5,0.0
6532,32.5,0.0,0.0,0.0,0.0,0.0,32.5,0.0
6533,32.5,0.0,0.0,0.0,0.0,0.0,32.5,0.0
6534,32.5,0.0,0.0,0.0,0.0,0.0,32.5,0.0
6535,34.45,0.0,8.3,0.0,0.0,0.0,26.15,0.0
6536,36.33,0.0,16.43,0.0,0.0,0.0,19.89,0.0
6537,38.06,0.0,25.31,0.0,0.0,0.0,12.75,0.0
6538,39.57,0.0,30.11,0.0,0.0,0.0,9.46,0.0
6539,40.82,0.0,34.14,0.0,0.0,0.0,6.67,0.0
6540,41.74,0.0,36.95,0.0,0.0,0.0,4.79,0.0
6541,42.31,0.0,34.68,0.0,0.0,0.0,7.63,0.0
6542,42.5,0.0,30.56,0.0,0.0,0.0,11.94,0.0
6543,42.31,0.0,26.33,0.0,0.0,0.0,15.98,0.0
6544,41.74,0.0,18.41,0.0,0.0,0.0,23.33,0.0
6545,40.82,0.0,7.46,0.13,0.0,0.0,33.49,0.0
6546,39.57,0.0,0.0,0.0,0.12,0.0115,39.45,0.0
6547,38.06,0.0,0.0,0.0,0.0,0.0,38.06,0.0
6548,36.33,0.0,0.0,0.0,0.0,0.0,36.33,0.0
6549,34.45,0.0,0.0,0.0,0.0,0.0,34.45,0.0
6550,32.5,0.0,0.0,0.0,0.0,0.0,32.5,0.0
6551,32.5,0.0,0.0,0.0,0.0,0.0,32.5,0.0
6552,32.5,0.0,0.0,0.0,0.0,0.0,32.5,0.0
6553,32.5,0.0,0.0,0.0,0.0,0.0,32.5,0.0
6554,32.5,0.0,0.0,0.0,0.0,0.0,32.5,0.0
6555,32.5,0.0,0.0,0.0,0.0,0.0,32.5,0.0
6556,32.5,0.0,0.0,0.0,0.0,0.0,32.5,0.0
6557,32.5,0.0,0.0,0.0,0.0,0.0,32.5,0.0
6558,32.5,0.0,0.0,0.0,0.0,0.0,32.5,0.0
6559,34.45,0.0,7.72,0.0,0.0,0.0,26.73,0.0
6560,36.33,0.0,18.57,0.0,0.0,0.0,17.76,0.0
6561,38.06,0.0,24.31,0.0,0.0,0.0,13.75,0.0
6562,39.57,0.0,30.57,0.0,0.0,0.0,9.0,0.0
6563,40.81,0.0,33.53,0.0,0.0,0.0,7.29,0.0
6564,41.74,0.0,36.84,0.0,0.0,0.0,4.9,0.0
6565,42.31,0.0,34.81,0.0,0.0,0.0,7.5,0.0
6566,42.5,0.0,31.19,0.0,0.0,0.0,11.31,0.0
6567,42.31,0.0,25.84,0.0,0.0,0.0,16.46,0.0
6568,41.74,0.0,17.61,0.0,0.0,0.0,24.13,0.0
6569,40.81,0.0,9.08,0.13,0.0,0.0,31.87,0.0
6570,39.57,0.0,0.0,0.0,0.12,0.0114,39.45,0.0
6571,38.06,0.0,0.0,0.0,0.0,0.0,38.06,0.0
6572,36.33,0.0,0.0,0.0,0.0,0.0,36.33,0.0
6573,34.45,0.0,0.0,0.0,0.0,0.0,34.45,0.0
6574,32.5,0.0,0.0,0.0,0.0,0.0,32.5,0.0
6575,32.5,0.0,0.0,0.0,0.0,0.0,32.5,0.0
6576,32.5,0.0,0.0,0.0,0.0,0.0,32.5,0.0
6577,32.5,0.0,0.0,0.0,0.0,0.0,32.5,0.0
6578,32.5,0.0,0.0,0.0,0.0,0.0,32.5,0.0
6579,32.5,0.0,0.0,0.0,0.0,0.0,32.5,0.0
6580,32.5,0.0,0.0,0.0,0.0,0.0,32.5,0.0
6581,32.5,0.0,0.0,0.0,0.0,0.0,32.5,0.0
6582,32.5,0.0,0.0,0.0,0.0,0.0,32.5,0.0
6583,34.45,0.0,8.09,0.0,0.0,0.0,26.36,0.0
6584,36.33,0.0,16.84,0.0,0.0,0.0,19.49,0.0
6585,38.06,0.0,24.93,0.0,0.0,0.0,13.13,0.0
6586,39.57,0.0,30.99,0.0,0.0,0.0,8.58,0.0
6587,40.81,0.0,33.4,0.0,0.0,0.0,7.42,0.0
6588,41.74,0.0,34.65,0.0,0.0,0.0,7.09,0.0
6589,42.31,0.0,34.15,0.0,0.0,0.0,8.15,0.0
6590,42.5,0.0,30.07,0.0,0.0,0.0,12.43,0.0
6591,42.31,0.0,24.06,0.0,0.0,0.0,18.25,0.0
6592,41.74,0.0,17.98,0.0,0.0,0.0,23.76,0.0
6593,40.81,0.0,7.62,0.13,0.0,0.0,33.32,0.0
6594,39.57,0.0,0.0,0.0,0.12,0.0113,39.45,0.0
6595,38.06,0.0,0.0,0.0,0.0,0.0,38.06,0.0
6596,36.33,0.0,0.0,0.0,0.0,0.0,36.33,0.0
6597,34.45,0.0,0.0,0.0,0.0,0.0,34.45,0.0
6598,32.5,0.0,0.0,0.0,0.0,0.0,32.5,0.0
6599,32.5,0.0,0.0,0.0,0.0,0.0,32.5,0.0
6600,32.5,0.0,0.0,0.0,0.0,0.0,32.5,0.0
6601,32.5,0.0,0.0,0.0,0.0,0.0,32.5,0.0
6602,32.5,0.0,0.0,0.0,0.0,0.0,32.5,0.0
6603,32.5,0.0,0.0,0.0,0.0,0.0,32.5,0.0
6604,32.5,0.0,0.0,0.0,0.0,0.0,32.5,0.0
6605,32.5,0.0,0.0,0.0,0.0,0.0,32.5,0.0
6606,32.5,0.0,0.0,0.0,0.0,0.0,32.5,0.0
6607,34.45,0.0,7.25,0.0,0.0,0.0,27.2,0.0
6608,36.33,0.0,17.22,0.0,0.0,0.0,19.11,0.0
6609,38.06,0.0,25.62,0.0,0.0,0.0,12.44,0.0
6610,39.57,0.0,31.74,0.0,0.0,0.0,7.83,0.0
6611,40.82,0.0,34.53,0.0,0.0,0.0,6.29,0.0
6612,41.74,0.0,36.81,0.0,0.0,0.0,4.93,0.0
6613,42.31,0.0,33.43,0.0,0.0,0.0,8.87,0.0
6614,42.5,0.0,30.37,0.0,0.0,0.0,12.14,0.0
6615,42.31,0.0,24.29,0.0,0.0,0.0,18.02,0.0
6616,41.74,0.0,17.71,0.0,0.0,0.0,24.03,0.0
6617,40.82,0.0,7.94,0.13,0.0,0.0,33.01,0.0
6618,39.57,0.0,0.0,0.0,0.12,0.0114,39.45,0.0
6619,38.06,0.0,0.0,0.0,0.0,0.0,38.06,0.0
6620,36.33,0.0,0.0,0.0,0.0,0.0,36.33,0.0
6621,34.45,0.0,0.0,0.0,0.0,0.0,34.45,0.0
6622,32.5,0.0,0.0,0.0,0.0,0.0,32.5,0.0
6623,32.5,0.0,0.0,0.0,0.0,0.0,32.5,0.0
6624,32.5,0.0,0.0,0.0,0.0,0.0,32.5,0.0
6625,32.5,0.0,0.0,0.0,0.0,0.0,32.5,0.0
6626,32.5,0.0,0.0,0.0,0.0,0.0,32.5,0.0
6627,32.5,0.0,0.0,0.0,0.0,0.0,32.5,0.0
6628,32.5,0.0,0.0,0.0,0.0,0.0,32.5,0.0
6629,32.5,0.0,0.0,0.0,0.0,0.0,32.5,0.0
6630,32.5,0.0,0.0,0.0,0.0,0.0,32.5,0.0
6631,34.45,0.0,7.75,0.0,0.0,0.0,26.7,0.0
6632,36.33,0.0,17.27,0.0,0.0,0.0,19.06,0.0
6633,38.06,0.0,25.08,0.0,0.0,0.0,12.97,0.0
6634,39.57,0.0,29.47,0.0,0.0,0.0,10.1,0.0
6635,40.82,0.0,34.68,0.0,0.0,0.0,6.14,0.0
6636,41.74,0.0,34.73,0.0,0.0,0.0,7.01,0.0
6637,42.31,0.0,34.57,0.0,0.0,0.0,7.74,0.0
6638,42.5,0.0,30.54,0.0,0.0,0.0,11.96,0.0
6639,42.31,0.0,23.62,0.0,0.0,0.0,18.69,0.0
6640,41.74,0.0,16.8,0.0,0.0,0.0,24.94,0.0
6641,40.82,0.0,8.69,0.14,0.0,0.0,32.26,0.0
6642,39.57,0.0,0.0,0.0,0.12,0.0115,39.45,0.0
6643,38.06,0.0,0.0,0.0,0.0,0.0,38.06,0.0
6644,36.33,0.0,0.0,0.0,0.0,0.0,36.33,0.0
6645,34.45,0.0,0.0,0.0,0.0,0.0,34.45,0.0
6646,32.5,0.0,0.0,0.0,0.0,0.0,32.5,0.0
6647,32.5,0.0,0.0,0.0,0.0,0.0,32.5,0.0
6648,32.5,0.0,0.0,0.0,0.0,0.0,32.5,0.0
6649,32.5,0.0,0.0,0.0,0.0,0.0,32.5,0.0
6650,32.5,0.0,0.0,0.0,0.0,0.0,32.5,0.0
6651,32.5,0.0,0.0,0.0,0.0,0.0,32.5,0.0
6652,32.5,0.0,0.0,0.0,0.0,0.0,32.5,0.0
6653,32.5,0.0,0.0,0.0,0.0,0.0,32.5,0.0
6654,32.5,0.0,0.0,0.0,0.0,0.0,32.5,0.0
6655,34.45,0.0,8.76,0.0,0.0,0.0,25.7,0.0
6656,36.33,0.0,16.44,0.0,0.0,0.0,19.89,0.0
6657,38.06,0.0,24.39,0.0,0.0,0.0,13.67,0.0
6658,39.57,0.0,31.63,0.0,0.0,0.0,7.94,0.0
6659,40.82,0.0,33.99,0.0,0.0,0.0,6.83,0.0
6660,41.74,0.0,35.63,0.0,0.0,0.0,6.12,0.0
6661,42.31,0.0,34.41,0.0,0.0,0.0,7.9,0.0
6662,42.5,0.0,29.7,0.0,0.0,0.0,12.8,0.0
6663,42.31,0.0,24.62,0.0,0.0,0.0,17.69,0.0
6664,41.74,0.0,17.86,0.0,0.0,0.0,23.89,0.0
6665,40.82,0.0,8.92,0.14,0.0,0.0,32.04,0.0
6666,39.57,0.0,0.0,0.0,0.12,0.0117,39.45,0.0
6667,38.06,0.0,0.0,0.0,0.0,0.0,38.06,0.0
6668,36.33,0.0,0.0,0.0,0.0,0.0,36.33,0.0
6669,34.45,0.0,0.0,0.0,0.0,0.0,34.45,0.0
6670,32.5,0.0,0.0,0.0,0.0,0.0,32.5,0.0
6671,32.5,0.0,0.0,0.0,0.0,0.0,32.5,0.0
6672,32.51,0.0,0.0,0.0,0.0,0.0,32.51,0.0
6673,32.51,0.0,0.0,0.0,0.0,0.0,32.51,0.0
6674,32.51,0.0,0.0,0.0,0.0,0.0,32.51,0.0
6675,32.51,0.0,0.0,0.0,0.0,0.0,32.51,0.0
6676,32.51,0.0,0.0,0.0,0.0,0.0,32.51,0.0
6677,32.51,0.0,0.0,0.0,0.0,0.0,32.51,0.0
6678,32.51,0.0,0.0,0.0,0.0,0.0,32.51,0.0
6679,34.46,0.0,9.41,0.0,0.0,0.0,25.05,0.0
6680,36.33,0.0,17.43,0.0,0.0,0.0,18.91,0.0
6681,38.06,0.0,23.41,0.0,0.0,0.0,14.65,0.0
6682,39.58,0.0,31.16,0.0,0.0,0.0,8.41,0.0
6683,40.82,0.0,35.11,0.0,0.0,0.0,5.71,0.0
6684,41.75,0.0,36.37,0.0,0.0,0.0,5.37,0.0
6685,42.31,0.0,33.4,0.0,0.0,0.0,8.91,0.0
6686,42.51,0.0,30.12,0.0,0.0,0.0,12.39,0.0
6687,42.31,0.0,23.3,0.0,0.0,0.0,19.01,0.0
6688,41.75,0.0,17.38,0.14,0.0,0.0,24.5,0.0
6689,40.82,0.0,9.04,0.0,0.0,0.012,31.78,0.0
6690,39.58,0.0,0.0,0.0,0.13,0.012,39.45,0.0
6691,38.06,0.0,0.0,0.0,0.0,0.0,38.06,0.0
6692,36.33,0.0,0.0,0.0,0.0,0.0,36.33,0.0
6693,34.46,0.0,0.0,0.0,0.0,0.0,34.46,0.0
6694,32.51,0.0,0.0,0.0,0.0,0.0,32.51,0.0
6695,32.51,0.0,0.0,0.0,0.0,0.0,32.51,0.0
6696,32.51,0.0,0.0,0.0,0.0,0.0,32.51,0.0
6697,32.51,0.0,0.0,0.0,0.0,0.0,32.51,0.0
6698,32.51,0.0,0.0,0.0,0.0,0.0,32.51,0.0
6699,32.51,0.0,0.0,0.0,0.0,0.0,32.51,0.0
6700,32.51,0.0,0.0,0.0,0.0,0.0,32.51,0.0
6701,32.51,0.0,0.0,0.0,0.0,0.0,32.51,0.0
6702,32.51,0.0,0.0,0.0,0.0,0.0,32.51,0.0
6703,34.46,0.0,9.13,0.0,0.0,0.0,25.33,0.0
6704,36.34,0.0,16.87,0.0,0.0,0.0,19.47,0.0
6705,38.07,0.0,24.55,0.0,0.0,0.0,13.52,0.0
6706,39.58,0.0,30.81,0.0,0.0,0.0,8.77,0.0
6707,40.82,0.0,34.4,0.0,0.0,0.0,6.42,0.0
6708,41.75,0.0,35.32,0.0,0.0,0.0,6.43,0.0
6709,42.32,0.0,32.9,0.0,0.0,0.0,9.42,0.0
6710,42.51,0.0,31.06,0.0,0.0,0.0,11.45,0.0
6711,42.32,0.0,24.02,0.0,0.0,0.0,18.3,0.0
6712,41.75,0.0,17.05,0.0,0.0,0.0,24.7,0.0
6713,40.82,0.0,7.79,0.14,0.0,0.0,33.18,0.0
6714,39.58,0.0,0.0,0.0,0.13,0.0123,39.45,0.0
6715,38.07,0.0,0.0,0.0,0.0,0.0,38.07,0.0
6716,36.34,0.0,0.0,0.0,0.0,0.0,36.34,0.0
6717,34.46,0.0,0.0,0.0,0.0,0.0,34.46,0.0
6718,32.51,0.0,0.0,0.0,0.0,0.0,32.51,0.0
6719,32.51,0.0,0.0,0.0,0.0,0.0,32.51,0.0
6720,32.51,0.0,0.0,0.0,0.0,0.0,32.51,0.0
6721,32.51,0.0,0.0,0.0,0.0,0.0,32.51,0.0
6722,32.51,0.0,0.0,0.0,0.0,0.0,32.51,0.0
6723,32.51,0.0,0.0,0.0,0.0,0.0,32.51,0.0
6724,32.51,0.0,0.0,0.0,0.0,0.0,32.51,0.0
6725,32.51,0.0,0.0,0.0,0.0,0.0,32.51,0.0
6726,32.51,0.0,0.0,0.0,0.0,0.0,32.51,0.0
6727,34.47,0.0,8.9,0.0,0.0,0.0,25.57,0.0
6728,36.34,0.0,16.44,0.0,0.0,0.0,19.9,0.0
6729,38.07,0.0,25.16,0.0,0.0,0.0,12.91,0.0
6730,39.59,0.0,30.34,0.0,0.0,0.0,9.24,0.0
6731,40.83,0.0,32.46,0.0,0.0,0.0,8.37,0.0
6732,41.75,0.0,34.49,0.0,0.0,0.0,7.27,0.0
6733,42.32,0.0,33.05,0.0,0.0,0.0,9.27,0.0
6734,42.51,0.0,28.85,0.0,0.0,0.0,13.66,0.0
6735,42.32,0.0,25.08,0.0,0.0,0.0,17.25,0.0
6736,41.75,0.0,16.63,0.0,0.0,0.0,25.13,0.0
6737,40.83,0.0,9.17,0.15,0.0,0.0,31.81,0.0
6738,39.59,0.0,0.0,0.0,0.13,0.0127,39.45,0.0
6739,38.07,0.0,0.0,0.0,0.0,0.0,38.07,0.0
6740,36.34,0.0,0.0,0.0,0.0,0.0,36.34,0.0
6741,34.47,0.0,0.0,0.0,0.0,0.0,34.47,0.0
6742,32.51,0.0,0.0,0.0,0.0,0.0,32.51,0.0
6743,32.51,0.0,0.0,0.0,0.0,0.0,32.51,0.0
6744,32.52,0.0,0.0,0.0,0.0,0.0,32.52,0.0
6745,32.52,0.0,0.0,0.0,0.0,0.0,32.52,0.0
6746,32.52,0.0,0.0,0.0,0.0,0.0,32.52,0.0
6747,32.52,0.0,0.0,0.0,0.0,0.0,32.52,0.0
6748,32.52,0.0,0.0,0.0,0.0,0.0,32.52,0.0
6749,32.52,0.0,0.0,0.0,0.0,0.0,32.52,0.0
6750,32.52,0.0,0.0,0.0,0.0,0.0,32.52,0.0
6751,34.47,0.0,6.91,0.0,0.0,0.0,27.56,0.0
6752,36.35,0.0,16.07,0.0,0.0,0.0,20.28,0.0
6753,38.08,0.0,23.32,0.0,0.0,0.0,14.75,0.0
6754,39.59,0.0,28.68,0.0,0.0,0.0,10.92,0.0
6755,40.83,0.0,34.6,0.0,0.0,0.0,6.23,0.0
6756,41.76,0.0,35.62,0.0,0.0,0.0,6.14,0.0
6757,42.33,0.0,32.41,0.0,0.0,0.0,9.92,0.0
6758,42.52,0.0,29.66,0.0,0.0,0.0,12.86,0.0
6759,42.33,0.0,24.35,0.0,0.0,0.0,17.97,0.0
6760,41.76,0.0,17.57,0.0,0.0,0.0,24.19,0.0
6761,40.83,0.0,9.21,0.15,0.0,0.0,31.78,0.0
6762,39.59,0.0,0.0,0.0,0.14,0.0132,39.45,0.0
6763,38.08,0.0,0.0,0.0,0.0,0.0,38.08,0.0
6764,36.35,0.0,0.0,0.0,0.0,0.0,36.35,0.0
6765,34.47,0.0,0.0,0.0,0.0,0.0,34.47,0.0
6766,32.52,0.0,0.0,0.0,0.0,0.0,32.52,0.0
6767,32.52,0.0,0.0,0.0,0.0,0.0,32.52,0.0
6768,32.53,0.0,0.0,0.0,0.0,0.0,32.53,0.0
6769,32.53,0.0,0.0,0.0,0.0,0.0,32.53,0.0
6770,32.53,0.0,0.0,0.0,0.0,0.0,32.53,0.0
6771,32.53,0.0,0.0,0.0,0.0,0.0,32.53,0.0
6772,32.53,0.0,0.0,0.0,0.0,0.0,32.53,0.0
6773,32.53,0.0,0.0,0.0,0.0,0.0,32.53,0.0
6774,32.53,0.0,0.0,0.0,0.0,0.0,32.53,0.0
6775,34.48,0.0,7.54,0.0,0.0,0.0,26.94,0.0
6776,36.35,0.0,17.19,0.0,0.0,0.0,19.16,0.0
6777,38.08,0.0,23.99,0.0,0.0,0.0,14.09,0.0
6778,39.6,0.0,29.67,0.0,0.0,0.0,9.92,0.0
6779,40.84,0.0,33.57,0.0,0.0,0.0,7.27,0.0
6780,41.76,0.0,35.26,0.0,0.0,0.0,6.5,0.0
6781,42.33,0.0,32.97,0.0,0.0,0.0,9.37,0.0
6782,42.53,0.0,28.63,0.0,0.0,0.0,13.9,0.0
6783,42.33,0.0,24.17,0.0,0.0,0.0,18.16,0.0
6784,41.76,0.0,17.59,0.0,0.0,0.0,24.17,0.0
6785,40.84,0.0,8.39,0.16,0.0,0.0,32.61,0.0
6786,39.6,0.0,0.0,0.0,0.15,0.0137,39.45,0.0
6787,38.08,0.0,0.0,0.0,0.0,0.0,38.08,0.0
6788,36.35,0.0,0.0,0.0,0.0,0.0,36.35,0.0
6789,34.48,0.0,0.0,0.0,0.0,0.0,34.48,0.0
6790,32.53,0.0,0.0,0.0,0.0,0.0,32.53,0.0
6791,32.53,0.0,0.0,0.0,0.0,0.0,32.53,0.0
6792,32.53,0.0,0.0,0.0,0.0,0.0,32.53,0.0
6793,32.53,0.0,0.0,0.0,0.0,0.0,32.53,0.0
6794,32.53,0.0,0.0,0.0,0.0,0.0,32.53,0.0
6795,32.53,0.0,0.0,0.0,0.0,0.0,32.53,0.0
6796,32.53,0.0,0.0,0.0,0.0,0.0,32.53,0.0
6797,32.53,0.0,0.0,0.0,0.0,0.0,32.53,0.0
6798,32.53,0.0,0.0,0.0,0.0,0.0,32.53,0.0
6799,34.48,0.0,8.04,0.0,0.0,0.0,26.44,0.0
6800,36.36,0.0,16.04,0.0,0.0,0.0,20.32,0.0
6801,38.09,0.0,22.91,0.0,0.0,0.0,15.18,0.0
6802,39.6,0.0,28.63,0.0,0.0,0.0,10.97,0.0
6803,40.85,0.0,34.2,0.0,0.0,0.0,6.64,0.0
6804,41.77,0.0,33.17,0.0,0.0,0.0,8.6,0.0
6805,42.34,0.0,33.28,0.0,0.0,0.0,9.06,0.0
6806,42.53,0.0,30.3,0.0,0.0,0.0,12.23,0.0
6807,42.34,0.0,22.78,0.0,0.0,0.0,19.56,0.0
6808,41.77,0.0,15.68,0.0,0.0,0.0,26.09,0.0
6809,40.85,0.0,7.65,0.17,0.0,0.0,33.37,0.0
6810,39.6,0.0,0.0,0.0,0.15,0.0143,39.45,0.0
6811,38.09,0.0,0.0,0.0,0.0,0.0,38.09,0.0
6812,36.36,0.0,0.0,0.0,0.0,0.0,36.36,0.0
6813,34.48,0.0,0.0,0.0,0.0,0.0,34.48,0.0
6814,32.53,0.0,0.0,0.0,0.0,0.0,32.53,0.0
6815,32.53,0.0,0.0,0.0,0.0,0.0,32.53,0.0
6816,32.54,0.0,0.0,0.0,0.0,0.0,32.54,0.0
6817,32.54,0.0,0.0,0.0,0.0,0.0,32.54,0.0
6818,32.54,0.0,0.0,0.0,0.0,0.0,32.54,0.0
6819,32.54,0.0,0.0,0.0,0.0,0.0,32.54,0.0
6820,32.54,0.0,0.0,0.0,0.0,0.0,32.54,0.0
6821,32.54,0.0,0.0,0.0,0.0,0.0,32.54,0.0
6822,32.54,0.0,0.0,0.0,0.0,0.0,32.54,0.0
6823,34.49,0.0,8.4,0.0,0.0,0.0,26.09,0.0
6824,36.37,0.0,16.19,0.0,0.0,0.0,20.17,0.0
6825,38.09,0.0,23.46,0.0,0.0,0.0,14.63,0.0
6826,39.61,0.0,28.74,0.0,0.0,0.0,10.87,0.0
6827,40.85,0.0,32.44,0.0,0.0,0.0,8.41,0.0
6828,41.78,0.0,33.7,0.0,0.0,0.0,8.08,0.0
6829,42.35,0.0,32.5,0.0,0.0,0.0,9.85,0.0
6830,42.54,0.0,29.75,0.0,0.0,0.0,12.79,0.0
6831,42.35,0.0,23.66,0.0,0.0,0.0,18.68,0.0
6832,41.78,0.0,15.79,0.0,0.0,0.0,25.99,0.0
6833,40.85,0.0,8.56,0.18,0.0,0.0,32.47,0.0
6834,39.61,0.0,0.0,0.0,0.16,0.015,39.45,0.0
6835,38.09,0.0,0.0,0.0,0.0,0.0,38.09,0.0
6836,36.37,0.0,0.0,0.0,0.0,0.0,36.37,0.0
6837,34.49,0.0,0.0,0.0,0.0,0.0,34.49,0.0
6838,32.54,0.0,0.0,0.0,0.0,0.0,32.54,0.0
6839,32.54,0.0,0.0,0.0,0.0,0.0,32.54,0.0
6840,32.55,0.0,0.0,0.0,0.0,0.0,32.55,0.0
6841,32.55,0.0,0.0,0.0,0.0,0.0,32.55,0.0
6842,32.55,0.0,0.0,0.0,0.0,0.0,32.55,0.0
6843,32.55,0.0,0.0,0.0,0.0,0.0,32.55,0.0
6844,32.55,0.0,0.0,0.0,0.0,0.0,32.55,0.0
6845,32.55,0.0,0.0,0.0,0.0,0.0,32.55,0.0
6846,32.55,0.0,0.0,0.0,0.0,0.0,32.55,0.0
6847,34.5,0.0,8.51,0.0,0.0,0.0,25.98,0.0
6848,36.37,0.0,15.45,0.0,0.0,0.0,20.92,0.0
6849,38.1,0.0,24.11,0.0,0.0,0.0,13.99,0.0
6850,39.62,0.0,28.48,0.0,0.0,0.0,11.14,0.0
6851,40.86,0.0,32.82,0.0,0.0,0.0,8.04,0.0
6852,41.79,0.0,33.87,0.0,0.0,0.0,7.91,0.0
6853,42.35,0.0,32.93,0.0,0.0,0.0,9.43,0.0
6854,42.55,0.0,28.7,0.0,0.0,0.0,13.84,0.0
6855,42.35,0.0,23.99,0.0,0.0,0.0,18.36,0.0
6856,41.79,0.0,16.06,0.0,0.0,0.0,25.73,0.0
6857,40.86,0.0,7.67,0.18,0.0,0.0,33.38,0.0
6858,39.62,0.0,0.0,0.0,0.17,0.0158,39.45,0.0
6859,38.1,0.0,0.0,0.0,0.0,0.0,38.1,0.0
6860,36.37,0.0,0.0,0.0,0.0,0.0,36.37,0.0
6861,34.5,0.0,0.0,0.0,0.0,0.0,34.5,0.0
6862,32.55,0.0,0.0,0.0,0.0,0.0,32.55,0.0
6863,32.55,0.0,0.0,0.0,0.0,0.0,32.55,0.0
6864,32.56,0.0,0.0,0.0,0.0,0.0,32.56,0.0
6865,32.56,0.0,0.0,0.0,0.0,0.0,32.56,0.0
6866,32.56,0.0,0.0,0.0,0.0,0.0,32.56,0.0
6867,32.56,0.0,0.0,0.0,0.0,0.0,32.56,0.0
6868,32.56,0.0,0.0,0.0,0.0,0.0,32.56,0.0
6869,32.56,0.0,0.0,0.0,0.0,0.0,32.56,0.0
6870,32.56,0.0,0.0,0.0,0.0,0.0,32.56,0.0
6871,34.51,0.0,7.39,0.0,0.0,0.0,27.11,0.0
6872,36.38,0.0,17.24,0.0,0.0,0.0,19.14,0.0
6873,38.11,0.0,23.18,0.0,0.0,0.0,14.93,0.0
6874,39.63,0.0,29.47,0.0,0.0,0.0,10.16,0.0
6875,40.87,0.0,32.42,0.0,0.0,0.0,8.45,0.0
6876,41.79,0.0,34.54,0.0,0.0,0.0,7.25,0.0
6877,42.36,0.0,32.42,0.0,0.0,0.0,9.95,0.0
6878,42.56,0.0,30.18,0.0,0.0,0.0,12.37,0.0
6879,42.36,0.0,22.49,0.0,0.0,0.0,19.88,0.0
6880,41.79,0.0,15.46,0.19,0.0,0.0,26.53,0.0
6881,40.87,0.0,8.45,0.0,0.0,0.0166,32.42,0.0
6882,39.63,0.0,0.0,0.0,0.18,0.0166,39.45,0.0
6883,38.11,0.0,0.0,0.0,0.0,0.0,38.11,0.0
6884,36.38,0.0,0.0,0.0,0.0,0.0,36.38,0.0
6885,34.51,0.0,0.0,0.0,0.0,0.0,34.51,0.0
6886,32.56,0.0,0.0,0.0,0.0,0.0,32.56,0.0
6887,32.56,0.0,0.0,0.0,0.0,0.0,32.56,0.0
6888,32.56,0.0,0.0,0.0,0.0,0.0,32.56,0.0
6889,32.56,0.0,0.0,0.0,0.0,0.0,32.56,0.0
6890,32.56,0.0,0.0,0.0,0.0,0.0,32.56,0.0
6891,32.56,0.0,0.0,0.0,0.0,0.0,32.56,0.0
6892,32.56,0.0,0.0,0.0,0.0,0.0,32.56,0.0
6893,32.56,0.0,0.0,0.0,0.0,0.0,32.56,0.0
6894,32.56,0.0,0.0,0.0,0.0,0.0,32.56,0.0
6895,34.52,0.0,6.72,0.0,0.0,0.0,27.8,0.0
6896,36.39,0.0,15.49,0.0,0.0,0.0,20.9,0.0
6897,38.12,0.0,22.34,0.0,0.0,0.0,15.78,0.0
6898,39.64,0.0,28.92,0.0,0.0,0.0,10.72,0.0
6899,40.88,0.0,33.17,0.0,0.0,0.0,7.71,0.0
6900,41.8,0.0,32.82,0.0,0.0,0.0,8.98,0.0
6901,42.37,0.0,32.12,0.0,0.0,0.0,10.25,0.0
6902,42.56,0.0,27.96,0.0,0.0,0.0,14.61,0.0
6903,42.37,0.0,23.92,0.0,0.0,0.0,18.45,0.0
6904,41.8,0.0,15.68,0.0,0.0,0.0,26.13,0.0
6905,40.88,0.0,8.02,0.2,0.0,0.0,33.06,0.0
6906,39.64,0.0,0.0,0.0,0.18,0.0175,39.45,0.0
6907,38.12,0.0,0.0,0.0,0.0,0.0,38.12,0.0
6908,36.39,0.0,0.0,0.0,0.0,0.0,36.39,0.0
6909,34.52,0.0,0.0,0.0,0.0,0.0,34.52,0.0
6910,32.56,0.0,0.0,0.0,0.0,0.0,32.56,0.0
6911,32.56,0.0,0.0,0.0,0.0,0.0,32.56,0.0
6912,32.57,0.0,0.0,0.0,0.0,0.0,32.57,0.0
6913,32.57,0.0,0.0,0.0,0.0,0.0,32.57,0.0
6914,32.57,0.0,0.0,0.0,0.0,0.0,32.57,0.0
6915,32.57,0.0,0.0,0.0,0.0,0.0,32.57,0.0
6916,32.57,0.0,0.0,0.0,0.0,0.0,32.57,0.0
6917,32.57,0.0,0.0,0.0,0.0,0.0,32.57,0.0
6918,32.57,0.0,0.0,0.0,0.0,0.0,32.57,0.0
6919,34.53,0.0,8.22,0.0,0.0,0.0,26.3,0.0
6920,36.4,0.0,16.32,0.0,0.0,0.0,20.08,0.0
6921,38.13,0.0,23.23,0.0,0.0,0.0,14.9,0.0
6922,39.65,0.0,28.14,0.0,0.0,0.0,11.5,0.0
6923,40.89,0.0,32.4,0.0,0.0,0.0,8.49,0.0
6924,41.81,0.0,34.32,0.0,0.0,0.0,7.49,0.0
6925,42.38,0.0,32.86,0.0,0.0,0.0,9.52,0.0
6926,42.57,0.0,28.57,0.0,0.0,0.0,14.0,0.0
6927,42.38,0.0,23.96,0.0,0.0,0.0,18.43,0.0
6928,41.81,0.0,16.87,0.0,0.0,0.0,24.94,0.0
6929,40.89,0.0,8.3,0.22,0.0,0.0,32.81,0.0
6930,39.65,0.0,0.0,0.0,0.2,0.0184,39.45,0.0
6931,38.13,0.0,0.0,0.0,0.0,0.0,38.13,0.0
6932,36.4,0.0,0.0,0.0,0.0,0.0,36.4,0.0
6933,34.53,0.0,0.0,0.0,0.0,0.0,34.53,0.0
6934,32.57,0.0,0.0,0.0,0.0,0.0,32.57,0.0
6935,32.57,0.0,0.0,0.0,0.0,0.0,32.57,0.0
6936,32.59,0.0,0.0,0.0,0.0,0.0,32.59,0.0
6937,32.59,0.0,0.0,0.0,0.0,0.0,32.59,0.0
6938,32.59,0.0,0.0,0.0,0.0,0.0,32.59,0.0
6939,32.59,0.0,0.0,0.0,0.0,0.0,32.59,0.0
6940,32.59,0.0,0.0,0.0,0.0,0.0,32.59,0.0
6941,32.59,0.0,0.0,0.0,0.0,0.0,32.59,0.0
6942,32.59,0.0,0.0,0.0,0.0,0.0,32.59,0.0
6943,34.54,0.0,6.59,0.0,0.0,0.0,27.95,0.0
6944,36.41,0.0,14.98,0.0,0.0,0.0,21.43,0.0
6945,38.14,0.0,23.64,0.0,0.0,0.0,14.5,0.0
6946,39.66,0.0,28.22,0.0,0.0,0.0,11.44,0.0
6947,40.9,0.0,31.49,0.0,0.0,0.0,9.41,0.0
6948,41.82,0.0,33.51,0.0,0.0,0.0,8.31,0.0
6949,42.39,0.0,32.69,0.0,0.0,0.0,9.7,0.0
6950,42.59,0.0,27.74,0.0,0.0,0.0,14.84,0.0
6951,42.39,0.0,24.39,0.0,0.0,0.0,18.0,0.0
6952,41.82,0.0,16.36,0.0,0.0,0.0,25.46,0.0
6953,40.9,0.0,6.59,0.23,0.0,0.0,34.54,0.0
6954,39.66,0.0,0.0,0.0,0.21,0.0194,39.45,0.0
6955,38.14,0.0,0.0,0.0,0.0,0.0,38.14,0.0
6956,36.41,0.0,0.0,0.0,0.0,0.0,36.41,0.0
6957,34.54,0.0,0.0,0.0,0.0,0.0,34.54,0.0
6958,32.59,0.0,0.0,0.0,0.0,0.0,32.59,0.0
6959,32.59,0.0,0.0,0.0,0.0,0.0,32.59,0.0
6960,32.6,0.0,0.0,0.0,0.0,0.0,32.6,0.0
6961,32.6,0.0,0.0,0.0,0.0,0.0,32.6,0.0
6962,32.6,0.0,0.0,0.0,0.0,0.0,32.6,0.0
6963,32.6,0.0,0.0,0.0,0.0,0.0,32.6,0.0
6964,32.6,0.0,0.0,0.0,0.0,0.0,32.6,0.0
6965,32.6,0.0,0.0,0.0,0.0,0.0,32.6,0.0
6966,32.6,0.0,0.0,0.0,0.0,0.0,32.6,0.0
6967,34.55,0.0,7.43,0.0,0.0,0.0,27.11,0.0
6968,36.42,0.0,16.8,0.0,0.0,0.0,19.62,0.0
6969,38.15,0.0,22.16,0.0,0.0,0.0,15.99,0.0
6970,39.67,0.0,27.52,0.0,0.0,0.0,12.15,0.0
6971,40.91,0.0,31.74,0.0,0.0,0.0,9.18,0.0
6972,41.84,0.0,33.17,0.0,0.0,0.0,8.67,0.0
6973,42.41,0.0,33.0,0.0,0.0,0.0,9.4,0.0
6974,42.6,0.0,27.98,0.0,0.0,0.0,14.62,0.0
6975,42.41,0.0,22.42,0.0,0.0,0.0,19.98,0.0
6976,41.84,0.0,16.39,0.0,0.0,0.0,25.45,0.0
6977,40.91,0.0,7.36,0.24,0.0,0.0,33.79,0.0
6978,39.67,0.0,0.0,0.0,0.22,0.0205,39.45,0.0
6979,38.15,0.0,0.0,0.0,0.0,0.0,38.15,0.0
6980,36.42,0.0,0.0,0.0,0.0,0.0,36.42,0.0
6981,34.55,0.0,0.0,0.0,0.0,0.0,34.55,0.0
6982,32.6,0.0,0.0,0.0,0.0,0.0,32.6,0.0
6983,32.6,0.0,0.0,0.0,0.0,0.0,32.6,0.0
6984,32.61,0.0,0.0,0.0,0.0,0.0,32.61,0.0
6985,32.61,0.0,0.0,0.0,0.0,0.0,32.61,0.0
6986,32.61,0.0,0.0,0.0,0.0,0.0,32.61,0.0
6987,32.61,0.0,0.0,0.0,0.0,0.0,32.61,0.0
6988,32.61,0.0,0.0,0.0,0.0,0.0,32.61,0.0
6989,32.61,0.0,0.0,0.0,0.0,0.0,32.61,0.0
6990,32.61,0.0,0.0,0.0,0.0,0.0,32.61,0.0
6991,34.56,0.0,8.63,0.0,0.0,0.0,25.93,0.0
6992,36.44,0.0,15.17,0.0,0.0,0.0,21.27,0.0
6993,38.17,0.0,23.11,0.0,0.0,0.0,15.05,0.0
6994,39.68,0.0,27.75,0.0,0.0,0.0,11.93,0.0
6995,40.92,0.0,31.6,0.0,0.0,0.0,9.32,0.0
6996,41.85,0.0,32.12,0.0,0.0,0.0,9.73,0.0
6997,42.42,0.0,31.14,0.0,0.0,0.0,11.28,0.0
6998,42.61,0.0,29.08,0.0,0.0,0.0,13.53,0.0
6999,42.42,0.0,22.59,0.0,0.0,0.0,19.83,0.0
7000,41.85,0.0,14.99,0.0,0.0,0.0,26.85,0.0
7001,40.92,0.0,7.62,0.25,0.0,0.0,33.56,0.0
7002,39.68,0.0,0.0,0.0,0.23,0.0217,39.45,0.0
7003,38.17,0.0,0.0,0.0,0.0,0.0,38.17,0.0
7004,36.44,0.0,0.0,0.0,0.0,0.0,36.44,0.0
7005,34.56,0.0,0.0,0.0,0.0,0.0,34.56,0.0
7006,32.61,0.0,0.0,0.0,0.0,0.0,32.61,0.0
7007,32.61,0.0,0.0,0.0,0.0,0.0,32.61,0.0
7008,32.62,0.0,0.0,0.0,0.0,0.0,32.62,0.0
7009,32.62,0.0,0.0,0.0,0.0,0.0,32.62,0.0
7010,32.62,0.0,0.0,0.0,0.0,0.0,32.62,0.0
7011,32.62,0.0,0.0,0.0,0.0,0.0,32.62,0.0
7012,32.62,0.0,0.0,0.0,0.0,0.0,32.62,0.0
7013,32.62,0.0,0.0,0.0,0.0,0.0,32.62,0.0
7014,32.62,0.0,0.0,0.0,0.0,0.0,32.62,0.0
7015,34.57,0.0,6.63,0.0,0.0,0.0,27.95,0.0
7016,36.45,0.0,16.48,0.0,0.0,0.0,19.97,0.0
7017,38.18,0.0,23.85,0.0,0.0,0.0,14.33,0.0
7018,39.69,0.0,28.48,0.0,0.0,0.0,11.21,0.0
7019,40.94,0.0,31.24,0.0,0.0,0.0,9.7,0.0
7020,41.86,0.0,34.11,0.0,0.0,0.0,7.75,0.0
7021,42.43,0.0,31.29,0.0,0.0,0.0,11.14,0.0
7022,42.62,0.0,28.37,0.0,0.0,0.0,14.25,0.0
7023,42.43,0.0,22.54,0.0,0.0,0.0,19.89,0.0
7024,41.86,0.0,15.44,0.0,0.0,0.0,26.42,0.0
7025,40.94,0.0,8.09,0.27,0.0,0.0,33.12,0.0
7026,39.69,0.0,0.0,0.0,0.24,0.0229,39.45,0.0
7027,38.18,0.0,0.0,0.0,0.0,0.0,38.18,0.0
7028,36.45,0.0,0.0,0.0,0.0,0.0,36.45,0.0
7029,34.57,0.0,0.0,0.0,0.0,0.0,34.57,0.0
7030,32.62,0.0,0.0,0.0,0.0,0.0,32.62,0.0
7031,32.62,0.0,0.0,0.0,0.0,0.0,32.62,0.0
7032,32.64,0.0,0.0,0.0,0.0,0.0,32.64,0.0
7033,32.64,0.0,0.0,0.0,0.0,0.0,32.64,0.0
7034,32.64,0.0,0.0,0.0,0.0,0.0,32.64,0.0
7035,32.64,0.0,0.0,0.0,0.0,0.0,32.64,0.0
7036,32.64,0.0,0.0,0.0,0.0,0.0,32.64,0.0
7037,32.64,0.0,0.0,0.0,0.0,0.0,32.64,0.0
7038,32.64,0.0,0.0,0.0,0.0,0.0,32.64,0.0
7039,34.59,0.0,7.01,0.0,0.0,0.0,27.57,0.0
7040,36.46,0.0,16.98,0.0,0.0,0.0,19.48,0.0
7041,38.19,0.0,22.12,0.0,0.0,0.0,16.07,0.0
7042,39.71,0.0,27.86,0.0,0.0,0.0,11.85,0.0
7043,40.95,0.0,30.79,0.0,0.0,0.0,10.16,0.0
7044,41.87,0.0,32.55,0.0,0.0,0.0,9.32,0.0
7045,42.44,0.0,31.45,0.0,0.0,0.0,11.0,0.0
7046,42.64,0.0,28.94,0.28,0.0,0.0,13.98,0.0
7047,42.44,0.0,23.07,0.0,0.0,0.0242,19.37,0.0
7048,41.87,0.0,15.13,0.0,0.0,0.0242,26.75,0.0
7049,40.95,0.0,7.58,0.0,0.0,0.0242,33.37,0.0
7050,39.71,0.0,0.0,0.0,0.26,0.0242,39.45,0.0
7051,38.19,0.0,0.0,0.0,0.0,0.0,38.19,0.0
7052,36.46,0.0,0.0,0.0,0.0,0.0,36.46,0.0
7053,34.59,0.0,0.0,0.0,0.0,0.0,34.59,0.0
7054,32.64,0.0,0.0,0.0,0.0,0.0,32.64,0.0
7055,32.64,0.0,0.0,0.0,0.0,0.0,32.64,0.0
7056,32.65,0.0,0.0,0.0,0.0,0.0,32.65,0.0
7057,32.65,0.0,0.0,0.0,0.0,0.0,32.65,0.0
7058,32.65,0.0,0.0,0.0,0.0,0.0,32.65,0.0
7059,32.65,0.0,0.0,0.0,0.0,0.0,32.65,0.0
7060,32.65,0.0,0.0,0.0,0.0,0.0,32.65,0.0
7061,32.65,0.0,0.0,0.0,0.0,0.0,32.65,0.0
7062,32.65,0.0,0.0,0.0,0.0,0.0,32.65,0.0
7063,34.6,0.0,7.82,0.0,0.0,0.0,26.78,0.0
7064,36.48,0.0,16.2,0.0,0.0,0.0,20.27,0.0
7065,38.21,0.0,22.87,0.0,0.0,0.0,15.34,0.0
7066,39.72,0.0,27.99,0.0,0.0,0.0,11.73,0.0
7067,40.97,0.0,31.24,0.0,0.0,0.0,9.73,0.0
7068,41.89,0.0,33.6,0.0,0.0,0.0,8.29,0.0
7069,42.46,0.0,31.26,0.0,0.0,0.0,11.2,0.0
7070,42.65,0.0,28.05,0.0,0.0,0.0,14.6,0.0
7071,42.46,0.0,23.68,0.0,0.0,0.0,18.78,0.0
7072,41.89,0.0,16.46,0.0,0.0,0.0,25.43,0.0
7073,40.97,0.0,7.49,0.3,0.0,0.0,33.78,0.0
7074,39.72,0.0,0.0,0.0,0.27,0.0255,39.45,0.0
7075,38.21,0.0,0.0,0.0,0.0,0.0,38.21,0.0
7076,36.48,0.0,0.0,0.0,0.0,0.0,36.48,0.0
7077,34.6,0.0,0.0,0.0,0.0,0.0,34.6,0.0
7078,32.65,0.0,0.0,0.0,0.0,0.0,32.65,0.0
7079,32.65,0.0,0.0,0.0,0.0,0.0,32.65,0.0
7080,32.67,0.0,0.0,0.0,0.0,0.0,32.67,0.0
7081,32.67,0.0,0.0,0.0,0.0,0.0,32.67,0.0
7082,32.67,0.0,0.0,0.0,0.0,0.0,32.67,0.0
7083,32.67,0.0,0.0,0.0,0.0,0.0,32.67,0.0
7084,32.67,0.0,0.0,0.0,0.0,0.0,32.67,0.0
7085,32.67,0.0,0.0,0.0,0.0,0.0,32.67,0.0
7086,32.67,0.0,0.0,0.0,0.0,0.0,32.67,0.0
7087,34.62,0.0,7.05,0.0,0.0,0.0,27.57,0.0
7088,36.49,0.0,15.94,0.0,0.0,0.0,20.55,0.0
7089,38.22,0.0,22.08,0.0,0.0,0.0,16.14,0.0
7090,39.74,0.0,27.46,0.0,0.0,0.0,12.27,0.0
7091,40.98,0.0,32.33,0.0,0.0,0.0,8.65,0.0
7092,41.9,0.0,33.21,0.0,0.0,0.0,8.69,0.0
7093,42.47,0.0,30.9,0.0,0.0,0.0,11.58,0.0
7094,42.67,0.0,28.36,0.0,0.0,0.0,14.31,0.0
7095,42.47,0.0,22.89,0.0,0.0,0.0,19.58,0.0
7096,41.9,0.0,15.68,0.0,0.0,0.0,26.22,0.0
7097,40.98,0.0,6.85,0.32,0.0,0.0,34.45,0.0
7098,39.74,0.0,0.0,0.0,0.29,0.0269,39.45,0.0
7099,38.22,0.0,0.0,0.0,0.0,0.0,38.22,0.0
7100,36.49,0.0,0.0,0.0,0.0,0.0,36.49,0.0
7101,34.62,0.0,0.0,0.0,0.0,0.0,34.62,0.0
7102,32.67,0.0,0.0,0.0,0.0,0.0,32.67,0.0
7103,32.67,0.0,0.0,0.0,0.0,0.0,32.67,0.0
7104,32.68,0.0,0.0,0.0,0.0,0.0,32.68,0.0
7105,32.68,0.0,0.0,0.0,0.0,0.0,32.68,0.0
7106,32.68,0.0,0.0,0.0,0.0,0.0,32.68,0.0
7107,32.68,0.0,0.0,0.0,0.0,0.0,32.68,0.0
7108,32.68,0.0,0.0,0.0,0.0,0.0,32.68,0.0
7109,32.68,0.0,0.0,0.0,0.0,0.0,32.68,0.0
7110,32.68,0.0,0.0,0.0,0.0,0.0,32.68,0.0
7111,34.63,0.0,7.58,0.0,0.0,0.0,27.05,0.0
7112,36.51,0.0,16.8,0.0,0.0,0.0,19.71,0.0
7113,38.24,0.0,21.98,0.0,0.0,0.0,16.25,0.0
7114,39.75,0.0,27.13,0.0,0.0,0.0,12.62,0.0
7115,41.0,0.0,30.48,0.0,0.0,0.0,10.52,0.0
7116,41.92,0.0,31.67,0.0,0.0,0.0,10.25,0.0
7117,42.49,0.0,32.36,0.0,0.0,0.0,10.13,0.0
7118,42.68,0.0,28.42,0.0,0.0,0.0,14.26,0.0
7119,42.49,0.0,23.2,0.0,0.0,0.0,19.29,0.0
7120,41.92,0.0,15.65,0.33,0.0,0.0,26.6,0.0
7121,41.0,0.0,6.47,0.0,0.0,0.0284,34.53,0.0
7122,39.75,0.0,0.0,0.0,0.3,0.0284,39.45,0.0
7123,38.24,0.0,0.0,0.0,0.0,0.0,38.24,0.0
7124,36.51,0.0,0.0,0.0,0.0,0.0,36.51,0.0
7125,34.63,0.0,0.0,0.0,0.0,0.0,34.63,0.0
7126,32.68,0.0,0.0,0.0,0.0,0.0,32.68,0.0
7127,32.68,0.0,0.0,0.0,0.0,0.0,32.68,0.0
7128,32.7,0.0,0.0,0.0,0.0,0.0,32.7,0.0
7129,32.7,0.0,0.0,0.0,0.0,0.0,32.7,0.0
7130,32.7,0.0,0.0,0.0,0.0,0.0,32.7,0.0
7131,32.7,0.0,0.0,0.0,0.0,0.0,32.7,0.0
7132,32.7,0.0,0.0,0.0,0.0,0.0,32.7,0.0
7133,32.7,0.0,0.0,0.0,0.0,0.0,32.7,0.0
7134,32.7,0.0,0.0,0.0,0.0,0.0,32.7,0.0
7135,34.65,0.0,7.0,0.0,0.0,0.0,27.64,0.0
7136,36.52,0.0,15.18,0.0,0.0,0.0,21.34,0.0
7137,38.25,0.0,21.56,0.0,0.0,0.0,16.69,0.0
7138,39.77,0.0,28.46,0.0,0.0,0.0,11.31,0.0
7139,41.01,0.0,31.57,0.0,0.0,0.0,9.44,0.0
7140,41.94,0.0,32.13,0.0,0.0,0.0,9.81,0.0
7141,42.51,0.0,32.0,0.0,0.0,0.0,10.51,0.0
7142,42.7,0.0,27.74,0.0,0.0,0.0,14.96,0.0
7143,42.51,0.0,22.2,0.0,0.0,0.0,20.3,0.0
7144,41.94,0.0,15.6,0.0,0.0,0.0,26.34,0.0
7145,41.01,0.0,6.77,0.35,0.0,0.0,34.6,0.0
7146,39.77,0.0,0.0,0.0,0.32,0.03,39.45,0.0
7147,38.25,0.0,0.0,0.0,0.0,0.0,38.25,0.0
7148,36.52,0.0,0.0,0.0,0.0,0.0,36.52,0.0
7149,34.65,0.0,0.0,0.0,0.0,0.0,34.65,0.0
7150,32.7,0.0,0.0,0.0,0.0,0.0,32.7,0.0
7151,32.7,0.0,0.0,0.0,0.0,0.0,32.7,0.0
7152,32.71,0.0,0.0,0.0,0.0,0.0,32.71,0.0
7153,32.71,0.0,0.0,0.0,0.0,0.0,32.71,0.0
7154,32.71,0.0,0.0,0.0,0.0,0.0,32.71,0.0
7155,32.71,0.0,0.0,0.0,0.0,0.0,32.71,0.0
7156,32.71,0.0,0.0,0.0,0.0,0.0,32.71,0.0
7157,32.71,0.0,0.0,0.0,0.0,0.0,32.71,0.0
7158,32.71,0.0,0.0,0.0,0.0,0.0,32.71,0.0
7159,34.67,0.0,8.21,0.0,0.0,0.0,26.45,0.0
7160,36.54,0.0,16.14,0.0,0.0,0.0,20.4,0.0
7161,38.27,0.0,21.77,0.0,0.0,0.0,16.5,0.0
7162,39.79,0.0,27.78,0.0,0.0,0.0,12.01,0.0
7163,41.03,0.0,30.82,0.0,0.0,0.0,10.21,0.0
7164,41.95,0.0,31.63,0.0,0.0,0.0,10.33,0.0
7165,42.52,0.0,31.77,0.0,0.0,0.0,10.75,0.0
7166,42.71,0.0,26.87,0.0,0.0,0.0,15.84,0.0
7167,42.52,0.0,23.49,0.0,0.0,0.0,19.03,0.0
7168,41.95,0.0,16.31,0.0,0.0,0.0,25.65,0.0
7169,41.03,0.0,6.44,0.37,0.0,0.0,34.96,0.0
7170,39.79,0.0,0.0,0.0,0.33,0.0316,39.45,0.0
7171,38.27,0.0,0.0,0.0,0.0,0.0,38.27,0.0
7172,36.54,0.0,0.0,0.0,0.0,0.0,36.54,0.0
7173,34.67,0.0,0.0,0.0,0.0,0.0,34.67,0.0
7174,32.71,0.0,0.0,0.0,0.0,0.0,32.71,0.0
7175,32.71,0.0,0.0,0.0,0.0,0.0,32.71,0.0
7176,32.73,0.0,0.0,0.0,0.0,0.0,32.73,0.0
7177,32.73,0.0,0.0,0.0,0.0,0.0,32.73,0.0
7178,32.73,0.0,0.0,0.0,0.0,0.0,32.73,0.0
7179,32.73,0.0,0.0,0.0,0.0,0.0,32.73,0.0
7180,32.73,0.0,0.0,0.0,0.0,0.0,32.73,0.0
7181,32.73,0.0,0.0,0.0,0.0,0.0,32.73,0.0
7182,32.73,0.0,0.0,0.0,0.0,0.0,32.73,0.0
7183,34.68,0.0,7.88,0.0,0.0,0.0,26.8,0.0
7184,36.56,0.0,14.74,0.0,0.0,0.0,21.82,0.0
7185,38.29,0.0,21.64,0.0,0.0,0.0,16.65,0.0
7186,39.8,0.0,27.19,0.0,0.0,0.0,12.61,0.0
7187,41.05,0.0,31.92,0.0,0.0,0.0,9.13,0.0
7188,41.97,0.0,32.08,0.0,0.0,0.0,9.89,0.0
7189,42.54,0.0,30.47,0.0,0.0,0.0,12.07,0.0
7190,42.73,0.0,26.81,0.0,0.0,0.0,15.92,0.0
7191,42.54,0.0,21.44,0.0,0.0,0.0,21.11,0.0
7192,41.97,0.0,14.92,0.0,0.0,0.0,27.05,0.0
7193,41.05,0.0,7.2,0.39,0.0,0.0,34.24,0.0
7194,39.8,0.0,0.0,0.0,0.35,0.0333,39.45,0.0
7195,38.29,0.0,0.0,0.0,0.0,0.0,38.29,0.0
7196,36.56,0.0,0.0,0.0,0.0,0.0,36.56,0.0
7197,34.68,0.0,0.0,0.0,0.0,0.0,34.68,0.0
7198,32.73,0.0,0.0,0.0,0.0,0.0,32.73,0.0
7199,32.73,0.0,0.0,0.0,0.0,0.0,32.73,0.0
7200,32.75,0.0,0.0,0.0,0.0,0.0,32.75,0.0
7201,32.75,0.0,0.0,0.0,0.0,0.0,32.75,0.0
7202,32.75,0.0,0.0,0.0,0.0,0.0,32.75,0.0
7203,32.75,0.0,0.0,0.0,0.0,0.0,32.75,0.0
7204,32.75,0.0,0.0,0.0,0.0,0.0,32.75,0.0
7205,32.75,0.0,0.0,0.0,0.0,0.0,32.75,0.0
7206,32.75,0.0,0.0,0.0,0.0,0.0,32.75,0.0
7207,34.7,0.0,7.24,0.0,0.0,0.0,27.46,0.0
7208,36.58,0.0,15.74,0.0,0.0,0.0,20.84,0.0
7209,38.31,0.0,22.79,0.0,0.0,0.0,15.52,0.0
7210,39.82,0.0,26.77,0.0,0.0,0.0,13.06,0.0
7211,41.07,0.0,31.24,0.0,0.0,0.0,9.82,0.0
7212,41.99,0.0,33.04,0.0,0.0,0.0,8.95,0.0
7213,42.56,0.0,30.13,0.0,0.0,0.0,12.43,0.0
7214,42.75,0.0,27.93,0.0,0.0,0.0,14.82,0.0
7215,42.56,0.0,22.73,0.0,0.0,0.0,19.83,0.0
7216,41.99,0.0,15.62,0.0,0.0,0.0,26.37,0.0
7217,41.07,0.0,7.44,0.41,0.0,0.0,34.04,0.0
7218,39.82,0.0,0.0,0.0,0.37,0.035,39.45,0.0
7219,38.31,0.0,0.0,0.0,0.0,0.0,38.31,0.0
7220,36.58,0.0,0.0,0.0,0.0,0.0,36.58,0.0
7221,34.7,0.0,0.0,0.0,0.0,0.0,34.7,0.0
7222,32.75,0.0,0.0,0.0,0.0,0.0,32.75,0.0
7223,32.75,0.0,0.0,0.0,0.0,0.0,32.75,0.0
7224,32.77,0.0,0.0,0.0,0.0,0.0,32.77,0.0
7225,32.77,0.0,0.0,0.0,0.0,0.0,32.77,0.0
7226,32.77,0.0,0.0,0.0,0.0,0.0,32.77,0.0
7227,32.77,0.0,0.0,0.0,0.0,0.0,32.77,0.0
7228,32.77,0.0,0.0,0.0,0.0,0.0,32.77,0.0
7229,32.77,0.0,0.0,0.0,0.0,0.0,32.77,0.0
7230,32.77,0.0,0.0,0.0,0.0,0.0,32.77,0.0
7231,34.72,0.0,8.24,0.0,0.0,0.0,26.49,0.0
7232,36.6,0.0,15.05,0.0,0.0,0.0,21.55,0.0
7233,38.33,0.0,22.88,0.0,0.0,0.0,15.45,0.0
7234,39.84,0.0,27.55,0.0,0.0,0.0,12.29,0.0
7235,41.08,0.0,31.12,0.0,0.0,0.0,9.96,0.0
7236,42.01,0.0,32.55,0.0,0.0,0.0,9.46,0.0
7237,42.58,0.0,31.02,0.0,0.0,0.0,11.56,0.0
7238,42.77,0.0,26.8,0.0,0.0,0.0,15.97,0.0
7239,42.58,0.0,22.87,0.0,0.0,0.0,19.71,0.0
7240,42.01,0.0,15.47,0.0,0.0,0.0,26.54,0.0
7241,41.08,0.0,7.08,0.43,0.0,0.0,34.43,0.0
7242,39.84,0.0,0.0,0.0,0.39,0.0368,39.45,0.0
7243,38.33,0.0,0.0,0.0,0.0,0.0,38.33,0.0
7244,36.6,0.0,0.0,0.0,0.0,0.0,36.6,0.0
7245,34.72,0.0,0.0,0.0,0.0,0.0,34.72,0.0
7246,32.77,0.0,0.0,0.0,0.0,0.0,32.77,0.0
7247,32.77,0.0,0.0,0.0,0.0,0.0,32.77,0.0
7248,32.79,0.0,0.0,0.0,0.0,0.0,32.79,0.0
7249,32.79,0.0,0.0,0.0,0.0,0.0,32.79,0.0
7250,32.79,0.0,0.0,0.0,0.0,0.0,32.79,0.0
7251,32.79,0.0,0.0,0.0,0.0,0.0,32.79,0.0
7252,32.79,0.0,0.0,0.0,0.0,0.0,32.79,0.0
7253,32.79,0.0,0.0,0.0,0.0,0.0,32.79,0.0
7254,32.79,0.0,0.0,0.0,0.0,0.0,32.79,0.0
7255,34.74,0.0,7.34,0.0,0.0,0.0,27.4,0.0
7256,36.62,0.0,14.61,0.0,0.0,0.0,22.0,0.0
7257,38.35,0.0,21.89,0.0,0.0,0.0,16.45,0.0
7258,39.86,0.0,27.7,0.0,0.0,0.0,12.16,0.0
7259,41.1,0.0,29.64,0.0,0.0,0.0,11.46,0.0
7260,42.03,0.0,30.92,0.0,0.0,0.0,11.11,0.0
7261,42.6,0.0,29.52,0.0,0.0,0.0,13.08,0.0
7262,42.79,0.0,27.0,0.0,0.0,0.0,15.79,0.0
7263,42.6,0.0,22.12,0.0,0.0,0.0,20.47,0.0
7264,42.03,0.0,14.44,0.0,0.0,0.0,27.59,0.0
7265,41.1,0.0,6.83,0.45,0.0,0.0,34.73,0.0
7266,39.86,0.0,0.0,0.0,0.41,0.0387,39.45,0.0
7267,38.35,0.0,0.0,0.0,0.0,0.0,38.35,0.0
7268,36.62,0.0,0.0,0.0,0.0,0.0,36.62,0.0
7269,34.74,0.0,0.0,0.0,0.0,0.0,34.74,0.0
7270,32.79,0.0,0.0,0.0,0.0,0.0,32.79,0.0
7271,32.79,0.0,0.0,0.0,0.0,0.0,32.79,0.0
7272,32.81,0.0,0.0,0.0,0.0,0.0,32.81,0.0
7273,32.81,0.0,0.0,0.0,0.0,0.0,32.81,0.0
7274,32.81,0.0,0.0,0.0,0.0,0.0,32.81,0.0
7275,32.81,0.0,0.0,0.0,0.0,0.0,32.81,0.0
7276,32.81,0.0,0.0,0.0,0.0,0.0,32.81,0.0
7277,32.81,0.0,0.0,0.0,0.0,0.0,32.81,0.0
7278,32.81,0.0,0.0,0.0,0.0,0.0,32.81,0.0
7279,34.76,0.0,7.65,0.0,0.0,0.0,27.11,0.0
7280,36.64,0.0,14.82,0.0,0.0,0.0,21.82,0.0
7281,38.37,0.0,22.09,0.0,0.0,0.0,16.27,0.0
7282,39.88,0.0,26.51,0.0,0.0,0.0,13.37,0.0
7283,41.12,0.0,30.03,0.0,0.0,0.0,11.1,0.0
7284,42.05,0.0,31.22,0.0,0.0,0.0,10.83,0.0
7285,42.62,0.0,31.13,0.0,0.0,0.0,11.49,0.0
7286,42.81,0.0,26.62,0.0,0.0,0.0,16.19,0.0
7287,42.62,0.0,21.6,0.0,0.0,0.0,21.02,0.0
7288,42.05,0.0,15.34,0.0,0.0,0.0,26.71,0.0
7289,41.12,0.0,7.66,0.48,0.0,0.0,33.94,0.0
7290,39.88,0.0,0.0,0.0,0.43,0.0406,39.45,0.0
7291,38.37,0.0,0.0,0.0,0.0,0.0,38.37,0.0
7292,36.64,0.0,0.0,0.0,0.0,0.0,36.64,0.0
7293,34.76,0.0,0.0,0.0,0.0,0.0,34.76,0.0
7294,32.81,0.0,0.0,0.0,0.0,0.0,32.81,0.0
7295,32.81,0.0,0.0,0.0,0.0,0.0,32.81,0.0
7296,32.83,0.0,0.0,0.0,0.0,0.0,32.83,0.0
7297,32.83,0.0,0.0,0.0,0.0,0.0,32.83,0.0
7298,32.83,0.0,0.0,0.0,0.0,0.0,32.83,0.0
7299,32.83,0.0,0.0,0.0,0.0,0.0,32.83,0.0
7300,32.83,0.0,0.0,0.0,0.0,0.0,32.83,0.0
7301,32.83,0.0,0.0,0.0,0.0,0.0,32.83,0.0
7302,32.83,0.0,0.0,0.0,0.0,0.0,32.83,0.0
7303,34.78,0.0,6.61,0.0,0.0,0.0,28.17,0.0
7304,36.66,0.0,16.27,0.0,0.0,0.0,20.39,0.0
7305,38.39,0.0,22.19,0.0,0.0,0.0,16.2,0.0
7306,39.9,0.0,27.37,0.0,0.0,0.0,12.53,0.0
7307,41.15,0.0,31.43,0.0,0.0,0.0,9.72,0.0
7308,42.07,0.0,32.12,0.0,0.0,0.0,9.95,0.0
7309,42.64,0.0,30.3,0.0,0.0,0.0,12.34,0.0
7310,42.83,0.0,27.77,0.0,0.0,0.0,15.06,0.0
7311,42.64,0.0,22.57,0.0,0.0,0.0,20.06,0.0
7312,42.07,0.0,14.8,0.5,0.0,0.0,27.77,0.0
7313,41.15,0.0,7.73,0.0,0.0,0.0426,33.41,0.0
7314,39.9,0.0,0.0,0.0,0.45,0.0426,39.45,0.0
7315,38.39,0.0,0.0,0.0,0.0,0.0,38.39,0.0
7316,36.66,0.0,0.0,0.0,0.0,0.0,36.66,0.0
7317,34.78,0.0,0.0,0.0,0.0,0.0,34.78,0.0
7318,32.83,0.0,0.0,0.0,0.0,0.0,32.83,0.0
7319,32.83,0.0,0.0,0.0,0.0,0.0,32.83,0.0
7320,32.85,0.0,0.0,0.0,0.0,0.0,32.85,0.0
7321,32.85,0.0,0.0,0.0,0.0,0.0,32.85,0.0
7322,32.85,0.0,0.0,0.0,0.0,0.0,32.85,0.0
7323,32.85,0.0,0.0,0.0,0.0,0.0,32.85,0.0
7324,32.85,0.0,0.0,0.0,0.0,0.0,32.85,0.0
7325,32.85,0.0,0.0,0.0,0.0,0.0,32.85,0.0
7326,32.85,0.0,0.0,0.0,0.0,0.0,32.85,0.0
7327,34.8,0.0,7.33,0.0,0.0,0.0,27.48,0.0
7328,36.68,0.0,15.6,0.0,0.0,0.0,21.08,0.0
7329,38.41,0.0,22.5,0.0,0.0,0.0,15.91,0.0
7330,39.92,0.0,27.93,0.0,0.0,0.0,11.99,0.0
7331,41.17,0.0,30.12,0.0,0.0,0.0,11.05,0.0
7332,42.09,0.0,30.9,0.0,0.0,0.0,11.19,0.0
7333,42.66,0.0,29.46,0.0,0.0,0.0,13.2,0.0
7334,42.85,0.0,26.27,0.0,0.0,0.0,16.59,0.0
7335,42.66,0.0,20.92,0.0,0.0,0.0,21.74,0.0
7336,42.09,0.0,15.66,0.0,0.0,0.0,26.43,0.0
7337,41.17,0.0,6.51,0.52,0.0,0.0,35.19,0.0
7338,39.92,0.0,0.0,0.0,0.47,0.0447,39.45,0.0
7339,38.41,0.0,0.0,0.0,0.0,0.0,38.41,0.0
7340,36.68,0.0,0.0,0.0,0.0,0.0,36.68,0.0
7341,34.8,0.0,0.0,0.0,0.0,0.0,34.8,0.0
7342,32.85,0.0,0.0,0.0,0.0,0.0,32.85,0.0
7343,32.85,0.0,0.0,0.0,0.0,0.0,32.85,0.0
7344,32.88,0.0,0.0,0.0,0.0,0.0,32.88,0.0
7345,32.88,0.0,0.0,0.0,0.0,0.0,32.88,0.0
7346,32.88,0.0,0.0,0.0,0.0,0.0,32.88,0.0
7347,32.88,0.0,0.0,0.0,0.0,0.0,32.88,0.0
7348,32.88,0.0,0.0,0.0,0.0,0.0,32.88,0.0
7349,32.88,0.0,0.0,0.0,0.0,0.0,32.88,0.0
7350,32.88,0.0,0.0,0.0,0.0,0.0,32.88,0.0
7351,34.83,0.0,7.74,0.0,0.0,0.0,27.08,0.0
7352,36.7,0.0,14.75,0.0,0.0,0.0,21.96,0.0
7353,38.43,0.0,22.8,0.0,0.0,0.0,15.64,0.0
7354,39.95,0.0,25.85,0.0,0.0,0.0,14.1,0.0
7355,41.19,0.0,30.38,0.0,0.0,0.0,10.81,0.0
7356,42.11,0.0,31.71,0.0,0.0,0.0,10.4,0.0
7357,42.68,0.0,30.12,0.0,0.0,0.0,12.56,0.0
7358,42.88,0.0,27.62,0.0,0.0,0.0,15.25,0.0
7359,42.68,0.0,20.67,0.0,0.0,0.0,22.01,0.0
7360,42.11,0.0,13.74,0.0,0.0,0.0,28.37,0.0
7361,41.19,0.0,7.42,0.55,0.0,0.0,34.32,0.0
7362,39.95,0.0,0.0,0.0,0.5,0.0468,39.45,0.0
7363,38.43,0.0,0.0,0.0,0.0,0.0,38.43,0.0
7364,36.7,0.0,0.0,0.0,0.0,0.0,36.7,0.0
7365,34.83,0.0,0.0,0.0,0.0,0.0,34.83,0.0
7366,32.88,0.0,0.0,0.0,0.0,0.0,32.88,0.0
7367,32.88,0.0,0.0,0.0,0.0,0.0,32.88,0.0
7368,32.9,0.0,0.0,0.0,0.0,0.0,32.9,0.0
7369,32.9,0.0,0.0,0.0,0.0,0.0,32.9,0.0
7370,32.9,0.0,0.0,0.0,0.0,0.0,32.9,0.0
7371,32.9,0.0,0.0,0.0,0.0,0.0,32.9,0.0
7372,32.9,0.0,0.0,0.0,0.0,0.0,32.9,0.0
7373,32.9,0.0,0.0,0.0,0.0,0.0,32.9,0.0
7374,32.9,0.0,0.0,0.0,0.0,0.0,32.9,0.0
7375,34.85,0.0,6.0,0.0,0.0,0.0,28.85,0.0
7376,36.73,0.0,13.93,0.0,0.0,0.0,22.8,0.0
7377,38.45,0.0,20.68,0.0,0.0,0.0,17.77,0.0
7378,39.97,0.0,26.59,0.0,0.0,0.0,13.38,0.0
7379,41.21,0.0,30.7,0.0,0.0,0.0,10.51,0.0
7380,42.14,0.0,31.22,0.0,0.0,0.0,10.92,0.0
7381,42.71,0.0,29.21,0.0,0.0,0.0,13.5,0.0
7382,42.9,0.0,25.86,0.0,0.0,0.0,17.04,0.0
7383,42.71,0.0,20.47,0.0,0.0,0.0,22.24,0.0
7384,42.14,0.0,14.91,0.0,0.0,0.0,27.22,0.0
7385,41.21,0.0,6.73,0.57,0.0,0.0,35.06,0.0
7386,39.97,0.0,0.0,0.0,0.52,0.0489,39.45,0.0
7387,38.45,0.0,0.0,0.0,0.0,0.0,38.45,0.0
7388,36.73,0.0,0.0,0.0,0.0,0.0,36.73,0.0
7389,34.85,0.0,0.0,0.0,0.0,0.0,34.85,0.0
7390,32.9,0.0,0.0,0.0,0.0,0.0,32.9,0.0
7391,32.9,0.0,0.0,0.0,0.0,0.0,32.9,0.0
7392,32.92,0.0,0.0,0.0,0.0,0.0,32.92,0.0
7393,32.92,0.0,0.0,0.0,0.0,0.0,32.92,0.0
7394,32.92,0.0,0.0,0.0,0.0,0.0,32.92,0.0
7395,32.92,0.0,0.0,0.0,0.0,0.0,32.92,0.0
7396,32.92,0.0,0.0,0.0,0.0,0.0,32.92,0.0
7397,32.92,0.0,0.0,0.0,0.0,0.0,32.92,0.0
7398,32.92,0.0,0.0,0.0,0.0,0.0,32.92,0.0
7399,34.87,0.0,7.62,0.0,0.0,0.0,27.25,0.0
7400,36.75,0.0,13.68,0.0,0.0,0.0,23.07,0.0
7401,38.48,0.0,21.88,0.0,0.0,0.0,16.59,0.0
7402,39.99,0.0,25.71,0.0,0.0,0.0,14.28,0.0
7403,41.24,0.0,29.32,0.0,0.0,0.0,11.92,0.0
7404,42.16,0.0,31.07,0.0,0.0,0.0,11.09,0.0
7405,42.73,0.0,30.17,0.0,0.0,0.0,12.56,0.0
7406,42.92,0.0,26.3,0.0,0.0,0.0,16.62,0.0
7407,42.73,0.0,22.12,0.6,0.0,0.0,21.21,0.0
7408,42.16,0.0,14.93,0.0,0.0,0.0512,27.23,0.0
7409,41.24,0.0,6.86,0.0,0.0,0.0512,34.38,0.0
7410,39.99,0.0,0.0,0.0,0.54,0.0512,39.45,0.0
7411,38.48,0.0,0.0,0.0,0.0,0.0,38.48,0.0
7412,36.75,0.0,0.0,0.0,0.0,0.0,36.75,0.0
7413,34.87,0.0,0.0,0.0,0.0,0.0,34.87,0.0
7414,32.92,0.0,0.0,0.0,0.0,0.0,32.92,0.0
7415,32.92,0.0,0.0,0.0,0.0,0.0,32.92,0.0
7416,32.95,0.0,0.0,0.0,0.0,0.0,32.95,0.0
7417,32.95,0.0,0.0,0.0,0.0,0.0,32.95,0.0
7418,32.95,0.0,0.0,0.0,0.0,0.0,32.95,0.0
7419,32.95,0.0,0.0,0.0,0.0,0.0,32.95,0.0
7420,32.95,0.0,0.0,0.0,0.0,0.0,32.95,0.0
7421,32.95,0.0,0.0,0.0,0.0,0.0,32.95,0.0
7422,32.95,0.0,0.0,0.0,0.0,0.0,32.95,0.0
7423,34.9,0.0,6.49,0.0,0.0,0.0,28.41,0.0
7424,36.77,0.0,15.83,0.0,0.0,0.0,20.94,0.0
7425,38.5,0.0,21.92,0.0,0.0,0.0,16.58,0.0
7426,40.02,0.0,27.59,0.0,0.0,0.0,12.42,0.0
7427,41.26,0.0,30.4,0.0,0.0,0.0,10.86,0.0
7428,42.19,0.0,30.45,0.0,0.0,0.0,11.73,0.0
7429,42.75,0.0,29.8,0.0,0.0,0.0,12.95,0.0
7430,42.95,0.0,27.07,0.0,0.0,0.0,15.87,0.0
7431,42.75,0.0,21.93,0.0,0.0,0.0,20.83,0.0
7432,42.19,0.0,15.67,0.63,0.0,0.0,27.14,0.0
7433,41.26,0.0,6.72,0.0,0.0,0.0534,34.54,0.0
7434,40.02,0.0,0.0,0.0,0.57,0.0534,39.45,0.0
7435,38.5,0.0,0.0,0.0,0.0,0.0,38.5,0.0
7436,36.77,0.0,0.0,0.0,0.0,0.0,36.77,0.0
7437,34.9,0.0,0.0,0.0,0.0,0.0,34.9,0.0
7438,32.95,0.0,0.0,0.0,0.0,0.0,32.95,0.0
7439,32.95,0.0,0.0,0.0,0.0,0.0,32.95,0.0
7440,32.97,0.0,0.0,0.0,0.0,0.0,32.97,0.0
7441,32.97,0.0,0.0,0.0,0.0,0.0,32.97,0.0
7442,32.97,0.0,0.0,0.0,0.0,0.0,32.97,0.0
7443,32.97,0.0,0.0,0.0,0.0,0.0,32.97,0.0
7444,32.97,0.0,0.0,0.0,0.0,0.0,32.97,0.0
7445,32.97,0.0,0.0,0.0,0.0,0.0,32.97,0.0
7446,32.97,0.0,0.0,0.0,0.0,0.0,32.97,0.0
7447,34.92,0.0,7.21,0.0,0.0,0.0,27.71,0.0
7448,36.8,0.0,15.76,0.0,0.0,0.0,21.04,0.0
7449,38.53,0.0,22.44,0.0,0.0,0.0,16.09,0.0
7450,40.04,0.0,25.29,0.0,0.0,0.0,14.75,0.0
7451,41.29,0.0,29.62,0.0,0.0,0.0,11.67,0.0
7452,42.21,0.0,29.64,0.0,0.0,0.0,12.57,0.0
7453,42.78,0.0,29.76,0.0,0.0,0.0,13.02,0.0
7454,42.97,0.0,26.83,0.0,0.0,0.0,16.14,0.0
7455,42.78,0.0,21.85,0.0,0.0,0.0,20.93,0.0
7456,42.21,0.0,14.68,0.0,0.0,0.0,27.53,0.0
7457,41.29,0.0,6.42,0.66,0.0,0.0,35.52,0.0
7458,40.04,0.0,0.0,0.0,0.59,0.0558,39.45,0.0
7459,38.53,0.0,0.0,0.0,0.0,0.0,38.53,0.0
7460,36.8,0.0,0.0,0.0,0.0,0.0,36.8,0.0
7461,34.92,0.0,0.0,0.0,0.0,0.0,34.92,0.0
7462,32.97,0.0,0.0,0.0,0.0,0.0,32.97,0.0
7463,32.97,0.0,0.0,0.0,0.0,0.0,32.97,0.0
7464,33.0,0.0,0.0,0.0,0.0,0.0,33.0,0.0
7465,33.0,0.0,0.0,0.0,0.0,0.0,33.0,0.0
7466,33.0,0.0,0.0,0.0,0.0,0.0,33.0,0.0
7467,33.0,0.0,0.0,0.0,0.0,0.0,33.0,0.0
7468,33.0,0.0,0.0,0.0,0.0,0.0,33.0,0.0
7469,33.0,0.0,0.0,0.0,0.0,0.0,33.0,0.0
7470,33.0,0.0,0.0,0.0,0.0,0.0,33.0,0.0
7471,34.95,0.0,7.25,0.0,0.0,0.0,27.69,0.0
7472,36.82,0.0,15.41,0.0,0.0,0.0,21.41,0.0
7473,38.55,0.0,21.29,0.0,0.0,0.0,17.26,0.0
7474,40.07,0.0,25.08,0.0,0.0,0.0,14.99,0.0
7475,41.31,0.0,28.3,0.0,0.0,0.0,13.01,0.0
7476,42.24,0.0,31.32,0.0,0.0,0.0,10.91,0.0
7477,42.8,0.0,28.86,0.0,0.0,0.0,13.94,0.0
7478,43.0,0.0,26.91,0.0,0.0,0.0,16.08,0.0
7479,42.8,0.0,20.11,0.0,0.0,0.0,22.69,0.0
7480,42.24,0.0,14.85,0.0,0.0,0.0,27.39,0.0
7481,41.31,0.0,7.29,0.68,0.0,0.0,34.71,0.0
7482,40.07,0.0,0.0,0.0,0.62,0.0582,39.45,0.0
7483,38.55,0.0,0.0,0.0,0.0,0.0,38.55,0.0
7484,36.82,0.0,0.0,0.0,0.0,0.0,36.82,0.0
7485,34.95,0.0,0.0,0.0,0.0,0.0,34.95,0.0
7486,33.0,0.0,0.0,0.0,0.0,0.0,33.0,0.0
7487,33.0,0.0,0.0,0.0,0.0,0.0,33.0,0.0
7488,33.02,0.0,0.0,0.0,0.0,0.0,33.02,0.0
7489,33.02,0.0,0.0,0.0,0.0,0.0,33.02,0.0
7490,33.02,0.0,0.0,0.0,0.0,0.0,33.02,0.0
7491,33.02,0.0,0.0,0.0,0.0,0.0,33.02,0.0
7492,33.02,0.0,0.0,0.0,0.0,0.0,33.02,0.0
7493,33.02,0.0,0.0,0.0,0.0,0.0,33.02,0.0
7494,33.02,0.0,0.0,0.0,0.0,0.0,33.02,0.0
7495,34.97,0.0,7.29,0.0,0.0,0.0,27.68,0.0
7496,36.85,0.0,14.3,0.0,0.0,0.0,22.55,0.0
7497,38.58,0.0,21.36,0.0,0.0,0.0,17.22,0.0
7498,40.09,0.0,25.61,0.0,0.0,0.0,14.49,0.0
7499,41.34,0.0,29.22,0.0,0.0,0.0,12.12,0.0
7500,42.26,0.0,29.82,0.0,0.0,0.0,12.45,0.0
7501,42.83,0.0,28.63,0.0,0.0,0.0,14.2,0.0
7502,43.02,0.0,26.15,0.0,0.0,0.0,16.88,0.0
7503,42.83,0.0,20.56,0.0,0.0,0.0,22.27,0.0
7504,42.26,0.0,15.39,0.0,0.0,0.0,26.87,0.0
7505,41.34,0.0,7.28,0.71,0.0,0.0,34.77,0.0
7506,40.09,0.0,0.0,0.0,0.64,0.0606,39.45,0.0
7507,38.58,0.0,0.0,0.0,0.0,0.0,38.58,0.0
7508,36.85,0.0,0.0,0.0,0.0,0.0,36.85,0.0
7509,34.97,0.0,0.0,0.0,0.0,0.0,34.97,0.0
7510,33.02,0.0,0.0,0.0,0.0,0.0,33.02,0.0
7511,33.02,0.0,0.0,0.0,0.0,0.0,33.02,0.0
7512,33.05,0.0,0.0,0.0,0.0,0.0,33.05,0.0
7513,33.05,0.0,0.0,0.0,0.0,0.0,33.05,0.0
7514,33.05,0.0,0.0,0.0,0.0,0.0,33.05,0.0
7515,33.05,0.0,0.0,0.0,0.0,0.0,33.05,0.0
7516,33.05,0.0,0.0,0.0,0.0,0.0,33.05,0.0
7517,33.05,0.0,0.0,0.0,0.0,0.0,33.05,0.0
7518,33.05,0.0,0.0,0.0,0.0,0.0,33.05,0.0
7519,35.0,0.0,7.35,0.0,0.0,0.0,27.65,0.0
7520,36.88,0.0,14.0,0.0,0.0,0.0,22.87,0.0
7521,38.6,0.0,19.9,0.0,0.0,0.0,18.7,0.0
7522,40.12,0.0,25.78,0.0,0.0,0.0,14.35,0.0
7523,41.36,0.0,28.88,0.0,0.0,0.0,12.48,0.0
7524,42.29,0.0,31.38,0.0,0.0,0.0,10.91,0.0
7525,42.86,0.0,28.89,0.0,0.0,0.0,13.97,0.0
7526,43.05,0.0,26.21,0.0,0.0,0.0,16.84,0.0
7527,42.86,0.0,21.99,0.0,0.0,0.0,20.87,0.0
7528,42.29,0.0,13.55,0.74,0.0,0.0,29.48,0.0
7529,41.36,0.0,7.04,0.0,0.0,0.0632,34.32,0.0
7530,40.12,0.0,0.0,0.0,0.67,0.0632,39.45,0.0
7531,38.6,0.0,0.0,0.0,0.0,0.0,38.6,0.0
7532,36.88,0.0,0.0,0.0,0.0,0.0,36.88,0.0
7533,35.0,0.0,0.0,0.0,0.0,0.0,35.0,0.0
7534,33.05,0.0,0.0,0.0,0.0,0.0,33.05,0.0
7535,33.05,0.0,0.0,0.0,0.0,0.0,33.05,0.0
7536,33.08,0.0,0.0,0.0,0.0,0.0,33.08,0.0
7537,33.08,0.0,0.0,0.0,0.0,0.0,33.08,0.0
7538,33.08,0.0,0.0,0.0,0.0,0.0,33.08,0.0
7539,33.08,0.0,0.0,0.0,0.0,0.0,33.08,0.0
7540,33.08,0.0,0.0,0.0,0.0,0.0,33.08,0.0
7541,33.08,0.0,0.0,0.0,0.0,0.0,33.08,0.0
7542,33.08,0.0,0.0,0.0,0.0,0.0,33.08,0.0
7543,35.03,0.0,7.27,0.0,0.0,0.0,27.75,0.0
7544,36.9,0.0,15.34,0.0,0.0,0.0,21.57,0.0
7545,38.63,0.0,20.91,0.0,0.0,0.0,17.73,0.0
7546,40.15,0.0,24.91,0.0,0.0,0.0,15.24,0.0
7547,41.39,0.0,27.97,0.0,0.0,0.0,13.42,0.0
7548,42.32,0.0,30.79,0.0,0.0,0.0,11.53,0.0
7549,42.88,0.0,29.32,0.0,0.0,0.0,13.57,0.0
7550,43.08,0.0,26.73,0.0,0.0,0.0,16.35,0.0
7551,42.88,0.0,21.0,0.0,0.0,0.0,21.88,0.0
7552,42.32,0.0,14.29,0.0,0.0,0.0,28.03,0.0
7553,41.39,0.0,7.06,0.77,0.0,0.0,35.11,0.0
7554,40.15,0.0,0.0,0.0,0.7,0.0657,39.45,0.0
7555,38.63,0.0,0.0,0.0,0.0,0.0,38.63,0.0
7556,36.9,0.0,0.0,0.0,0.0,0.0,36.9,0.0
7557,35.03,0.0,0.0,0.0,0.0,0.0,35.03,0.0
7558,33.08,0.0,0.0,0.0,0.0,0.0,33.08,0.0
7559,33.08,0.0,0.0,0.0,0.0,0.0,33.08,0.0
7560,33.1,0.0,0.0,0.0,0.0,0.0,33.1,0.0
7561,33.1,0.0,0.0,0.0,0.0,0.0,33.1,0.0
7562,33.1,0.0,0.0,0.0,0.0,0.0,33.1,0.0
7563,33.1,0.0,0.0,0.0,0.0,0.0,33.1,0.0
7564,33.1,0.0,0.0,0.0,0.0,0.0,33.1,0.0
7565,33.1,0.0,0.0,0.0,0.0,0.0,33.1,0.0
7566,33.1,0.0,0.0,0.0,0.0,0.0,33.1,0.0
7567,35.06,0.0,5.92,0.0,0.0,0.0,29.13,0.0
7568,36.93,0.0,14.2,0.0,0.0,0.0,22.73,0.0
7569,38.66,0.0,20.61,0.0,0.0,0.0,18.05,0.0
7570,40.18,0.0,25.06,0.0,0.0,0.0,15.11,0.0
7571,41.42,0.0,30.15,0.0,0.0,0.0,11.27,0.0
7572,42.34,0.0,29.54,0.0,0.0,0.0,12.8,0.0
7573,42.91,0.0,30.02,0.0,0.0,0.0,12.89,0.0
7574,43.1,0.0,26.17,0.0,0.0,0.0,16.93,0.0
7575,42.91,0.0,20.89,0.0,0.0,0.0,22.03,0.0
7576,42.34,0.0,13.97,0.0,0.0,0.0,28.37,0.0
7577,41.42,0.0,7.93,0.8,0.0,0.0,34.29,0.0
7578,40.18,0.0,0.0,0.0,0.72,0.0683,39.45,0.0
7579,38.66,0.0,0.0,0.0,0.0,0.0,38.66,0.0
7580,36.93,0.0,0.0,0.0,0.0,0.0,36.93,0.0
7581,35.06,0.0,0.0,0.0,0.0,0.0,35.06,0.0
7582,33.1,0.0,0.0,0.0,0.0,0.0,33.1,0.0
7583,33.1,0.0,0.0,0.0,0.0,0.0,33.1,0.0
7584,33.13,0.0,0.0,0.0,0.0,0.0,33.13,0.0
7585,33.13,0.0,0.0,0.0,0.0,0.0,33.13,0.0
7586,33.13,0.0,0.0,0.0,0.0,0.0,33.13,0.0
7587,33.13,0.0,0.0,0.0,0.0,0.0,33.13,0.0
7588,33.13,0.0,0.0,0.0,0.0,0.0,33.13,0.0
7589,33.13,0.0,0.0,0.0,0.0,0.0,33.13,0.0
7590,33.13,0.0,0.0,0.0,0.0,0.0,33.13,0.0
7591,35.08,0.0,7.01,0.0,0.0,0.0,28.08,0.0
7592,36.96,0.0,14.28,0.0,0.0,0.0,22.68,0.0
7593,38.69,0.0,21.81,0.0,0.0,0.0,16.88,0.0
7594,40.2,0.0,26.31,0.0,0.0,0.0,13.9,0.0
7595,41.45,0.0,28.4,0.0,0.0,0.0,13.05,0.0
7596,42.37,0.0,30.01,0.0,0.0,0.0,12.36,0.0
7597,42.94,0.0,28.15,0.83,0.0,0.0,15.62,0.0
7598,43.13,0.0,26.34,0.0,0.0,0.071,16.79,0.0
7599,42.94,0.0,21.02,0.0,0.0,0.071,21.93,0.0
7600,42.37,0.0,13.62,0.0,0.0,0.071,28.75,0.0
7601,41.45,0.0,6.0,0.0,0.0,0.071,35.44,0.0
7602,40.2,0.0,0.0,0.0,0.75,0.071,39.45,0.0
7603,38.69,0.0,0.0,0.0,0.0,0.0,38.69,0.0
7604,36.96,0.0,0.0,0.0,0.0,0.0,36.96,0.0
7605,35.08,0.0,0.0,0.0,0.0,0.0,35.08,0.0
7606,33.13,0.0,0.0,0.0,0.0,0.0,33.13,0.0
7607,33.13,0.0,0.0,0.0,0.0,0.0,33.13,0.0
7608,33.16,0.0,0.0,0.0,0.0,0.0,33.16,0.0
7609,33.16,0.0,0.0,0.0,0.0,0.0,33.16,0.0
7610,33.16,0.0,0.0,0.0,0.0,0.0,33.16,0.0
7611,33.16,0.0,0.0,0.0,0.0,0.0,33.16,0.0
7612,33.16,0.0,0.0,0.0,0.0,0.0,33.16,0.0
7613,33.16,0.0,0.0,0.0,0.0,0.0,33.16,0.0
7614,33.16,0.0,0.0,0.0,0.0,0.0,33.16,0.0
7615,35.11,0.0,6.87,0.0,0.0,0.0,28.24,0.0
7616,36.99,0.0,15.01,0.0,0.0,0.0,21.97,0.0
7617,38.72,0.0,21.26,0.0,0.0,0.0,17.46,0.0
7618,40.23,0.0,26.46,0.0,0.0,0.0,13.77,0.0
7619,41.48,0.0,28.91,0.0,0.0,0.0,12.56,0.0
7620,42.4,0.0,30.22,0.0,0.0,0.0,12.19,0.0
7621,42.97,0.0,29.19,0.0,0.0,0.0,13.78,0.0
7622,43.16,0.0,24.76,0.0,0.0,0.0,18.4,0.0
7623,42.97,0.0,21.26,0.0,0.0,0.0,21.71,0.0
7624,42.4,0.0,15.06,0.0,0.0,0.0,27.34,0.0
7625,41.48,0.0,7.67,0.87,0.0,0.0,34.67,0.0
7626,40.23,0.0,0.0,0.0,0.78,0.0737,39.45,0.0
7627,38.72,0.0,0.0,0.0,0.0,0.0,38.72,0.0
7628,36.99,0.0,0.0,0.0,0.0,0.0,36.99,0.0
7629,35.11,0.0,0.0,0.0,0.0,0.0,35.11,0.0
7630,33.16,0.0,0.0,0.0,0.0,0.0,33.16,0.0
7631,33.16,0.0,0.0,0.0,0.0,0.0,33.16,0.0
7632,33.19,0.0,0.0,0.0,0.0,0.0,33.19,0.0
7633,33.19,0.0,0.0,0.0,0.0,0.0,33.19,0.0
7634,33.19,0.0,0.0,0.0,0.0,0.0,33.19,0.0
7635,33.19,0.0,0.0,0.0,0.0,0.0,33.19,0.0
7636,33.19,0.0,0.0,0.0,0.0,0.0,33.19,0.0
7637,33.19,0.0,0.0,0.0,0.0,0.0,33.19,0.0
7638,33.19,0.0,0.0,0.0,0.0,0.0,33.19,0.0
7639,35.14,0.0,6.06,0.0,0.0,0.0,29.08,0.0
7640,37.02,0.0,13.13,0.0,0.0,0.0,23.89,0.0
7641,38.75,0.0,19.91,0.0,0.0,0.0,18.84,0.0
7642,40.26,0.0,26.3,0.0,0.0,0.0,13.96,0.0
7643,41.51,0.0,29.42,0.0,0.0,0.0,12.09,0.0
7644,42.43,0.0,30.2,0.0,0.0,0.0,12.23,0.0
7645,43.0,0.0,27.85,0.0,0.0,0.0,15.15,0.0
7646,43.19,0.0,25.22,0.0,0.0,0.0,17.98,0.0
7647,43.0,0.0,20.89,0.0,0.0,0.0,22.11,0.0
7648,42.43,0.0,14.72,0.0,0.0,0.0,27.71,0.0
7649,41.51,0.0,7.18,0.9,0.0,0.0,35.22,0.0
7650,40.26,0.0,0.0,0.0,0.81,0.0765,39.45,0.0
7651,38.75,0.0,0.0,0.0,0.0,0.0,38.75,0.0
7652,37.02,0.0,0.0,0.0,0.0,0.0,37.02,0.0
7653,35.14,0.0,0.0,0.0,0.0,0.0,35.14,0.0
7654,33.19,0.0,0.0,0.0,0.0,0.0,33.19,0.0
7655,33.19,0.0,0.0,0.0,0.0,0.0,33.19,0.0
7656,33.22,0.0,0.0,0.0,0.0,0.0,33.22,0.0
7657,33.22,0.0,0.0,0.0,0.0,0.0,33.22,0.0
7658,33.22,0.0,0.0,0.0,0.0,0.0,33.22,0.0
7659,33.22,0.0,0.0,0.0,0.0,0.0,33.22,0.0
7660,33.22,0.0,0.0,0.0,0.0,0.0,33.22,0.0
7661,33.22,0.0,0.0,0.0,0.0,0.0,33.22,0.0
7662,33.22,0.0,0.0,0.0,0.0,0.0,33.22,0.0
7663,35.17,0.0,5.83,0.0,0.0,0.0,29.34,0.0
7664,37.05,0.0,13.83,0.0,0.0,0.0,23.21,0.0
7665,38.78,0.0,21.75,0.0,0.0,0.0,17.03,0.0
7666,40.29,0.0,26.38,0.0,0.0,0.0,13.91,0.0
7667,41.54,0.0,28.04,0.0,0.0,0.0,13.49,0.0
7668,42.46,0.0,28.74,0.0,0.0,0.0,13.72,0.0
7669,43.03,0.0,28.67,0.0,0.0,0.0,14.36,0.0
7670,43.22,0.0,24.41,0.0,0.0,0.0,18.81,0.0
7671,43.03,0.0,20.83,0.0,0.0,0.0,22.2,0.0
7672,42.46,0.0,13.17,0.0,0.0,0.0,29.29,0.0
7673,41.54,0.0,7.22,0.93,0.0,0.0,35.25,0.0
7674,40.29,0.0,0.0,0.0,0.84,0.0793,39.45,0.0
7675,38.78,0.0,0.0,0.0,0.0,0.0,38.78,0.0
7676,37.05,0.0,0.0,0.0,0.0,0.0,37.05,0.0
7677,35.17,0.0,0.0,0.0,0.0,0.0,35.17,0.0
7678,33.22,0.0,0.0,0.0,0.0,0.0,33.22,0.0
7679,33.22,0.0,0.0,0.0,0.0,0.0,33.22,0.0
7680,33.25,0.0,0.0,0.0,0.0,0.0,33.25,0.0
7681,33.25,0.0,0.0,0.0,0.0,0.0,33.25,0.0
7682,33.25,0.0,0.0,0.0,0.0,0.0,33.25,0.0
7683,33.25,0.0,0.0,0.0,0.0,0.0,33.25,0.0
7684,33.25,0.0,0.0,0.0,0.0,0.0,33.25,0.0
7685,33.25,0.0,0.0,0.0,0.0,0.0,33.25,0.0
7686,33.25,0.0,0.0,0.0,0.0,0.0,33.25,0.0
7687,35.2,0.0,5.79,0.0,0.0,0.0,29.41,0.0
7688,37.08,0.0,13.0,0.0,0.0,0.0,24.08,0.0
7689,38.81,0.0,19.92,0.0,0.0,0.0,18.89,0.0
7690,40.32,0.0,24.29,0.0,0.0,0.0,16.03,0.0
7691,41.57,0.0,28.23,0.0,0.0,0.0,13.33,0.0
7692,42.49,0.0,30.35,0.0,0.0,0.0,12.14,0.0
7693,43.06,0.0,27.64,0.0,0.0,0.0,15.42,0.0
7694,43.25,0.0,24.6,0.0,0.0,0.0,18.65,0.0
7695,43.06,0.0,20.67,0.0,0.0,0.0,22.39,0.0
7696,42.49,0.0,13.97,0.97,0.0,0.0,29.49,0.0
7697,41.57,0.0,6.65,0.0,0.0,0.0822,34.91,0.0
7698,40.32,0.0,0.0,0.0,0.87,0.0822,39.45,0.0
7699,38.81,0.0,0.0,0.0,0.0,0.0,38.81,0.0
7700,37.08,0.0,0.0,0.0,0.0,0.0,37.08,0.0
7701,35.2,0.0,0.0,0.0,0.0,0.0,35.2,0.0
7702,33.25,0.0,0.0,0.0,0.0,0.0,33.25,0.0
7703,33.25,0.0,0.0,0.0,0.0,0.0,33.25,0.0
7704,33.28,0.0,0.0,0.0,0.0,0.0,33.28,0.0
7705,33.28,0.0,0.0,0.0,0.0,0.0,33.28,0.0
7706,33.28,0.0,0.0,0.0,0.0,0.0,33.28,0.0
7707,33.28,0.0,0.0,0.0,0.0,0.0,33.28,0.0
7708,33.28,0.0,0.0,0.0,0.0,0.0,33.28,0.0
7709,33.28,0.0,0.0,0.0,0.0,0.0,33.28,0.0
7710,33.28,0.0,0.0,0.0,0.0,0.0,33.28,0.0
7711,35.23,0.0,6.94,0.0,0.0,0.0,28.29,0.0
7712,37.11,0.0,13.04,0.0,0.0,0.0,24.07,0.0
7713,38.84,0.0,19.36,0.0,0.0,0.0,19.48,0.0
7714,40.35,0.0,26.0,0.0,0.0,0.0,14.35,0.0
7715,41.6,0.0,27.9,0.0,0.0,0.0,13.7,0.0
7716,42.52,0.0,30.44,0.0,0.0,0.0,12.08,0.0
7717,43.09,0.0,27.47,0.0,0.0,0.0,15.62,0.0
7718,43.28,0.0,26.28,0.0,0.0,0.0,17.0,0.0
7719,43.09,0.0,21.41,0.0,0.0,0.0,21.68,0.0
7720,42.52,0.0,13.33,0.0,0.0,0.0,29.19,0.0
7721,41.6,0.0,7.48,1.0,0.0,0.0,35.11,0.0
7722,40.35,0.0,0.0,0.0,0.9,0.0851,39.45,0.0
7723,38.84,0.0,0.0,0.0,0.0,0.0,38.84,0.0
7724,37.11,0.0,0.0,0.0,0.0,0.0,37.11,0.0
7725,35.23,0.0,0.0,0.0,0.0,0.0,35.23,0.0
7726,33.28,0.0,0.0,0.0,0.0,0.0,33.28,0.0
7727,33.28,0.0,0.0,0.0,0.0,0.0,33.28,0.0
7728,33.31,0.0,0.0,0.0,0.0,0.0,33.31,0.0
7729,33.31,0.0,0.0,0.0,0.0,0.0,33.31,0.0
7730,33.31,0.0,0.0,0.0,0.0,0.0,33.31,0.0
7731,33.31,0.0,0.0,0.0,0.0,0.0,33.31,0.0
7732,33.31,0.0,0.0,0.0,0.0,0.0,33.31,0.0
7733,33.31,0.0,0.0,0.0,0.0,0.0,33.31,0.0
7734,33.31,0.0,0.0,0.0,0.0,0.0,33.31,0.0
7735,35.26,0.0,6.22,0.0,0.0,0.0,29.05,0.0
7736,37.14,0.0,13.04,0.0,0.0,0.0,24.1,0.0
7737,38.87,0.0,20.83,0.0,0.0,0.0,18.03,0.0
7738,40.38,0.0,25.54,0.0,0.0,0.0,14.85,0.0
7739,41.63,0.0,27.87,0.0,0.0,0.0,13.75,0.0
7740,42.55,0.0,29.74,0.0,0.0,0.0,12.81,0.0
7741,43.12,0.0,27.93,0.0,0.0,0.0,15.2,0.0
7742,43.31,0.0,25.17,0.0,0.0,0.0,18.15,0.0
7743,43.12,0.0,21.3,0.0,0.0,0.0,21.82,0.0
7744,42.55,0.0,14.31,0.0,0.0,0.0,28.24,0.0
7745,41.63,0.0,7.84,1.03,0.0,0.0,34.83,0.0
7746,40.38,0.0,0.0,0.0,0.93,0.0881,39.45,0.0
7747,38.87,0.0,0.0,0.0,0.0,0.0,38.87,0.0
7748,37.14,0.0,0.0,0.0,0.0,0.0,37.14,0.0
7749,35.26,0.0,0.0,0.0,0.0,0.0,35.26,0.0
7750,33.31,0.0,0.0,0.0,0.0,0.0,33.31,0.0
7751,33.31,0.0,0.0,0.0,0.0,0.0,33.31,0.0
7752,33.35,0.0,0.0,0.0,0.0,0.0,33.35,0.0
7753,33.35,0.0,0.0,0.0,0.0,0.0,33.35,0.0
7754,33.35,0.0,0.0,0.0,0.0,0.0,33.35,0.0
7755,33.35,0.0,0.0,0.0,0.0,0.0,33.35,0.0
7756,33.35,0.0,0.0,0.0,0.0,0.0,33.35,0.0
7757,33.35,0.0,0.0,0.0,0.0,0.0,33.35,0.0
7758,33.35,0.0,0.0,0.0,0.0,0.0,33.35,0.0
7759,35.3,0.0,7.64,0.0,0.0,0.0,27.65,0.0
7760,37.17,0.0,14.4,0.0,0.0,0.0,22.77,0.0
7761,38.9,0.0,20.66,0.0,0.0,0.0,18.24,0.0
7762,40.42,0.0,24.49,0.0,0.0,0.0,15.93,0.0
7763,41.66,0.0,28.83,0.0,0.0,0.0,12.83,0.0
7764,42.58,0.0,29.27,0.0,0.0,0.0,13.32,0.0
7765,43.15,0.0,27.53,0.0,0.0,0.0,15.63,0.0
7766,43.35,0.0,24.15,0.0,0.0,0.0,19.2,0.0
7767,43.15,0.0,20.7,0.0,0.0,0.0,22.45,0.0
7768,42.58,0.0,14.27,0.0,0.0,0.0,28.32,0.0
7769,41.66,0.0,7.78,1.07,0.0,0.0,34.95,0.0
7770,40.42,0.0,0.0,0.0,0.97,0.0911,39.45,0.0
7771,38.9,0.0,0.0,0.0,0.0,0.0,38.9,0.0
7772,37.17,0.0,0.0,0.0,0.0,0.0,37.17,0.0
7773,35.3,0.0,0.0,0.0,0.0,0.0,35.3,0.0
7774,33.35,0.0,0.0,0.0,0.0,0.0,33.35,0.0
7775,33.35,0.0,0.0,0.0,0.0,0.0,33.35,0.0
7776,33.38,0.0,0.0,0.0,0.0,0.0,33.38,0.0
7777,33.38,0.0,0.0,0.0,0.0,0.0,33.38,0.0
7778,33.38,0.0,0.0,0.0,0.0,0.0,33.38,0.0
7779,33.38,0.0,0.0,0.0,0.0,0.0,33.38,0.0
7780,33.38,0.0,0.0,0.0,0.0,0.0,33.38,0.0
7781,33.38,0.0,0.0,0.0,0.0,0.0,33.38,0.0
7782,33.38,0.0,0.0,0.0,0.0,0.0,33.38,0.0
7783,35.33,0.0,7.82,0.0,0.0,0.0,27.51,0.0
7784,37.21,0.0,13.17,0.0,0.0,0.0,24.04,0.0
7785,38.93,0.0,19.89,0.0,0.0,0.0,19.04,0.0
7786,40.45,0.0,25.99,0.0,0.0,0.0,14.46,0.0
7787,41.69,0.0,29.07,0.0,0.0,0.0,12.63,0.0
7788,42.62,0.0,30.34,0.0,0.0,0.0,12.28,0.0
7789,43.19,0.0,28.52,0.0,0.0,0.0,14.67,0.0
7790,43.38,0.0,25.13,0.0,0.0,0.0,18.25,0.0
7791,43.19,0.0,20.09,0.0,0.0,0.0,23.1,0.0
7792,42.62,0.0,14.25,0.0,0.0,0.0,28.37,0.0
7793,41.69,0.0,7.64,1.11,0.0,0.0,35.16,0.0
7794,40.45,0.0,0.0,0.0,1.0,0.0942,39.45,0.0
7795,38.93,0.0,0.0,0.0,0.0,0.0,38.93,0.0
7796,37.21,0.0,0.0,0.0,0.0,0.0,37.21,0.0
7797,35.33,0.0,0.0,0.0,0.0,0.0,35.33,0.0
7798,33.38,0.0,0.0,0.0,0.0,0.0,33.38,0.0
7799,33.38,0.0,0.0,0.0,0.0,0.0,33.38,0.0
7800,33.41,0.0,0.0,0.0,0.0,0.0,33.41,0.0
7801,33.41,0.0,0.0,0.0,0.0,0.0,33.41,0.0
7802,33.41,0.0,0.0,0.0,0.0,0.0,33.41,0.0
7803,33.41,0.0,0.0,0.0,0.0,0.0,33.41,0.0
7804,33.41,0.0,0.0,0.0,0.0,0.0,33.41,0.0
7805,33.41,0.0,0.0,0.0,0.0,0.0,33.41,0.0
7806,33.41,0.0,0.0,0.0,0.0,0.0,33.41,0.0
7807,35.36,0.0,5.58,0.0,0.0,0.0,29.78,0.0
7808,37.24,0.0,14.94,0.0,0.0,0.0,22.3,0.0
7809,38.97,0.0,19.17,0.0,0.0,0.0,19.8,0.0
7810,40.48,0.0,25.78,0.0,0.0,0.0,14.71,0.0
7811,41.73,0.0,28.14,0.0,0.0,0.0,13.59,0.0
7812,42.65,0.0,28.23,0.0,0.0,0.0,14.42,0.0
7813,43.22,0.0,28.53,0.0,0.0,0.0,14.69,0.0
7814,43.41,0.0,25.53,0.0,0.0,0.0,17.89,0.0
7815,43.22,0.0,20.03,0.0,0.0,0.0,23.19,0.0
7816,42.65,0.0,14.92,0.0,0.0,0.0,27.73,0.0
7817,41.73,0.0,5.45,1.14,0.0,0.0,37.42,0.0
7818,40.48,0.0,0.0,0.0,1.03,0.0973,39.45,0.0
7819,38.97,0.0,0.0,0.0,0.0,0.0,38.97,0.0
7820,37.24,0.0,0.0,0.0,0.0,0.0,37.24,0.0
7821,35.36,0.0,0.0,0.0,0.0,0.0,35.36,0.0
7822,33.41,0.0,0.0,0.0,0.0,0.0,33.41,0.0
7823,33.41,0.0,0.0,0.0,0.0,0.0,33.41,0.0
7824,33.44,0.0,0.0,0.0,0.0,0.0,33.44,0.0
7825,33.44,0.0,0.0,0.0,0.0,0.0,33.44,0.0
7826,33.44,0.0,0.0,0.0,0.0,0.0,33.44,0.0
7827,33.44,0.0,0.0,0.0,0.0,0.0,33.44,0.0
7828,33.44,0.0,0.0,0.0,0.0,0.0,33.44,0.0
7829,33.44,0.0,0.0,0.0,0.0,0.0,33.44,0.0
7830,33.44,0.0,0.0,0.0,0.0,0.0,33.44,0.0
7831,35.4,0.0,6.07,0.0,0.0,0.0,29.33,0.0
7832,37.27,0.0,14.32,0.0,0.0,0.0,22.96,0.0
7833,39.0,0.0,21.42,0.0,0.0,0.0,17.58,0.0
7834,40.52,0.0,26.2,0.0,0.0,0.0,14.32,0.0
7835,41.76,0.0,28.85,0.0,0.0,0.0,12.91,0.0
7836,42.68,0.0,28.83,0.0,0.0,0.0,13.85,0.0
7837,43.25,0.0,28.65,0.0,0.0,0.0,14.6,0.0
7838,43.44,0.0,25.56,0.0,0.0,0.0,17.89,0.0
7839,43.25,0.0,19.08,0.0,0.0,0.0,24.17,0.0
7840,42.68,0.0,12.96,0.0,0.0,0.0,29.72,0.0
7841,41.76,0.0,7.53,1.18,0.0,0.0,35.41,0.0
7842,40.52,0.0,0.0,0.0,1.07,0.1005,39.45,0.0
7843,39.0,0.0,0.0,0.0,0.0,0.0,39.0,0.0
7844,37.27,0.0,0.0,0.0,0.0,0.0,37.27,0.0
7845,35.4,0.0,0.0,0.0,0.0,0.0,35.4,0.0
7846,33.44,0.0,0.0,0.0,0.0,0.0,33.44,0.0
7847,33.44,0.0,0.0,0.0,0.0,0.0,33.44,0.0
7848,33.48,0.0,0.0,0.0,0.0,0.0,33.48,0.0
7849,33.48,0.0,0.0,0.0,0.0,0.0,33.48,0.0
7850,33.48,0.0,0.0,0.0,0.0,0.0,33.48,0.0
7851,33.48,0.0,0.0,0.0,0.0,0.0,33.48,0.0
7852,33.48,0.0,0.0,0.0,0.0,0.0,33.48,0.0
7853,33.48,0.0,0.0,0.0,0.0,0.0,33.48,0.0
7854,33.48,0.0,0.0,0.0,0.0,0.0,33.48,0.0
7855,35.43,0.0,6.76,0.0,0.0,0.0,28.67,0.0
7856,37.31,0.0,14.2,0.0,0.0,0.0,23.11,0.0
7857,39.03,0.0,19.86,0.0,0.0,0.0,19.18,0.0
7858,40.55,0.0,25.87,0.0,0.0,0.0,14.68,0.0
7859,41.79,0.0,28.91,0.0,0.0,0.0,12.88,0.0
7860,42.72,0.0,29.4,0.0,0.0,0.0,13.31,0.0
7861,43.29,0.0,28.97,0.0,0.0,0.0,14.32,0.0
7862,43.48,0.0,24.05,0.0,0.0,0.0,19.43,0.0
7863,43.29,0.0,18.96,0.0,0.0,0.0,24.33,0.0
7864,42.72,0.0,12.76,0.0,0.0,0.0,29.95,0.0
7865,41.79,0.0,6.54,1.22,0.0,0.0,36.47,0.0
7866,40.55,0.0,0.0,0.0,1.1,0.1037,39.45,0.0
7867,39.03,0.0,0.0,0.0,0.0,0.0,39.03,0.0
7868,37.31,0.0,0.0,0.0,0.0,0.0,37.31,0.0
7869,35.43,0.0,0.0,0.0,0.0,0.0,35.43,0.0
7870,33.48,0.0,0.0,0.0,0.0,0.0,33.48,0.0
7871,33.48,0.0,0.0,0.0,0.0,0.0,33.48,0.0
7872,33.51,0.0,0.0,0.0,0.0,0.0,33.51,0.0
7873,33.51,0.0,0.0,0.0,0.0,0.0,33.51,0.0
7874,33.51,0.0,0.0,0.0,0.0,0.0,33.51,0.0
7875,33.51,0.0,0.0,0.0,0.0,0.0,33.51,0.0
7876,33.51,0.0,0.0,0.0,0.0,0.0,33.51,0.0
7877,33.51,0.0,0.0,0.0,0.0,0.0,33.51,0.0
7878,33.51,0.0,0.0,0.0,0.0,0.0,33.51,0.0
7879,35.46,0.0,5.73,0.0,0.0,0.0,29.73,0.0
7880,37.34,0.0,14.17,0.0,0.0,0.0,23.17,0.0
7881,39.07,0.0,19.09,0.0,0.0,0.0,19.98,0.0
7882,40.58,0.0,25.76,0.0,0.0,0.0,14.82,0.0
7883,41.83,0.0,29.04,0.0,0.0,0.0,12.79,0.0
7884,42.75,0.0,29.16,0.0,0.0,0.0,13.59,0.0
7885,43.32,0.0,27.84,0.0,0.0,0.0,15.48,0.0
7886,43.51,0.0,23.87,0.0,0.0,0.0,19.64,0.0
7887,43.32,0.0,19.14,0.0,0.0,0.0,24.18,0.0
7888,42.75,0.0,14.02,0.0,0.0,0.0,28.73,0.0
7889,41.83,0.0,5.7,1.26,0.0,0.0,37.38,0.0
7890,40.58,0.0,0.0,0.0,1.13,0.1069,39.45,0.0
7891,39.07,0.0,0.0,0.0,0.0,0.0,39.07,0.0
7892,37.34,0.0,0.0,0.0,0.0,0.0,37.34,0.0
7893,35.46,0.0,0.0,0.0,0.0,0.0,35.46,0.0
7894,33.51,0.0,0.0,0.0,0.0,0.0,33.51,0.0
7895,33.51,0.0,0.0,0.0,0.0,0.0,33.51,0.0
7896,33.55,0.0,0.0,0.0,0.0,0.0,33.55,0.0
7897,33.55,0.0,0.0,0.0,0.0,0.0,33.55,0.0
7898,33.55,0.0,0.0,0.0,0.0,0.0,33.55,0.0
7899,33.55,0.0,0.0,0.0,0.0,0.0,33.55,0.0
7900,33.55,0.0,0.0,0.0,0.0,0.0,33.55,0.0
7901,33.55,0.0,0.0,0.0,0.0,0.0,33.55,0.0
7902,33.55,0.0,0.0,0.0,0.0,0.0,33.55,0.0
7903,35.5,0.0,7.72,0.0,0.0,0.0,27.78,0.0
7904,37.37,0.0,13.49,0.0,0.0,0.0,23.89,0.0
7905,39.1,0.0,20.44,0.0,0.0,0.0,18.66,0.0
7906,40.62,0.0,24.41,0.0,0.0,0.0,16.21,0.0
7907,41.86,0.0,28.34,0.0,0.0,0.0,13.52,0.0
7908,42.79,0.0,27.88,0.0,0.0,0.0,14.91,0.0
7909,43.36,0.0,28.32,0.0,0.0,0.0,15.03,0.0
7910,43.55,0.0,23.99,0.0,0.0,0.0,19.56,0.0
7911,43.36,0.0,20.85,0.0,0.0,0.0,22.51,0.0
7912,42.79,0.0,12.65,0.0,0.0,0.0,30.13,0.0
7913,41.86,0.0,6.9,1.29,0.0,0.0,36.25,0.0
7914,40.62,0.0,0.0,0.0,1.17,0.1102,39.45,0.0
7915,39.1,0.0,0.0,0.0,0.0,0.0,39.1,0.0
7916,37.37,0.0,0.0,0.0,0.0,0.0,37.37,0.0
7917,35.5,0.0,0.0,0.0,0.0,0.0,35.5,0.0
7918,33.55,0.0,0.0,0.0,0.0,0.0,33.55,0.0
7919,33.55,0.0,0.0,0.0,0.0,0.0,33.55,0.0
7920,33.58,0.0,0.0,0.0,0.0,0.0,33.58,0.0
7921,33.58,0.0,0.0,0.0,0.0,0.0,33.58,0.0
7922,33.58,0.0,0.0,0.0,0.0,0.0,33.58,0.0
7923,33.58,0.0,0.0,0.0,0.0,0.0,33.58,0.0
7924,33.58,0.0,0.0,0.0,0.0,0.0,33.58,0.0
7925,33.58,0.0,0.0,0.0,0.0,0.0,33.58,0.0
7926,33.58,0.0,0.0,0.0,0.0,0.0,33.58,0.0
7927,35.53,0.0,7.33,0.0,0.0,0.0,28.21,0.0
7928,37.41,0.0,13.85,0.0,0.0,0.0,23.56,0.0
7929,39.14,0.0,19.32,0.0,0.0,0.0,19.82,0.0
7930,40.65,0.0,25.43,0.0,0.0,0.0,15.22,0.0
7931,41.9,0.0,27.01,0.0,0.0,0.0,14.88,0.0
7932,42.82,0.0,28.35,0.0,0.0,0.0,14.47,0.0
7933,43.39,0.0,27.07,0.0,0.0,0.0,16.32,0.0
7934,43.58,0.0,25.73,0.0,0.0,0.0,17.85,0.0
7935,43.39,0.0,19.87,0.0,0.0,0.0,23.52,0.0
7936,42.82,0.0,13.21,1.33,0.0,0.0,30.95,0.0
7937,41.9,0.0,6.43,0.0,0.0,0.1135,35.47,0.0
7938,40.65,0.0,0.0,0.0,1.2,0.1135,39.45,0.0
7939,39.14,0.0,0.0,0.0,0.0,0.0,39.14,0.0
7940,37.41,0.0,0.0,0.0,0.0,0.0,37.41,0.0
7941,35.53,0.0,0.0,0.0,0.0,0.0,35.53,0.0
7942,33.58,0.0,0.0,0.0,0.0,0.0,33.58,0.0
7943,33.58,0.0,0.0,0.0,0.0,0.0,33.58,0.0
7944,33.62,0.0,0.0,0.0,0.0,0.0,33.62,0.0
7945,33.62,0.0,0.0,0.0,0.0,0.0,33.62,0.0
7946,33.62,0.0,0.0,0.0,0.0,0.0,33.62,0.0
7947,33.62,0.0,0.0,0.0,0.0,0.0,33.62,0.0
7948,33.62,0.0,0.0,0.0,0.0,0.0,33.62,0.0
7949,33.62,0.0,0.0,0.0,0.0,0.0,33.62,0.0
7950,33.62,0.0,0.0,0.0,0.0,0.0,33.62,0.0
7951,35.57,0.0,6.49,0.0,0.0,0.0,29.08,0.0
7952,37.45,0.0,13.18,0.0,0.0,0.0,24.26,0.0
7953,39.17,0.0,18.89,0.0,0.0,0.0,20.28,0.0
7954,40.69,0.0,25.8,0.0,0.0,0.0,14.89,0.0
7955,41.93,0.0,28.92,0.0,0.0,0.0,13.01,0.0
7956,42.86,0.0,28.0,0.0,0.0,0.0,14.85,0.0
7957,43.43,0.0,27.74,0.0,0.0,0.0,15.69,0.0
7958,43.62,0.0,24.21,0.0,0.0,0.0,19.41,0.0
7959,43.43,0.0,20.22,0.0,0.0,0.0,23.21,0.0
7960,42.86,0.0,14.65,0.0,0.0,0.0,28.21,0.0
7961,41.93,0.0,7.61,1.37,0.0,0.0,35.7,0.0
7962,40.69,0.0,0.0,0.0,1.24,0.1169,39.45,0.0
7963,39.17,0.0,0.0,0.0,0.0,0.0,39.17,0.0
7964,37.45,0.0,0.0,0.0,0.0,0.0,37.45,0.0
7965,35.57,0.0,0.0,0.0,0.0,0.0,35.57,0.0
7966,33.62,0.0,0.0,0.0,0.0,0.0,33.62,0.0
7967,33.62,0.0,0.0,0.0,0.0,0.0,33.62,0.0
7968,33.65,0.0,0.0,0.0,0.0,0.0,33.65,0.0
7969,33.65,0.0,0.0,0.0,0.0,0.0,33.65,0.0
7970,33.65,0.0,0.0,0.0,0.0,0.0,33.65,0.0
7971,33.65,0.0,0.0,0.0,0.0,0.0,33.65,0.0
7972,33.65,0.0,0.0,0.0,0.0,0.0,33.65,0.0
7973,33.65,0.0,0.0,0.0,0.0,0.0,33.65,0.0
7974,33.65,0.0,0.0,0.0,0.0,0.0,33.65,0.0
7975,35.61,0.0,6.85,0.0,0.0,0.0,28.76,0.0
7976,37.48,0.0,13.95,0.0,0.0,0.0,23.54,0.0
7977,39.21,0.0,19.08,0.0,0.0,0.0,20.13,0.0
7978,40.73,0.0,25.81,0.0,0.0,0.0,14.91,0.0
7979,41.97,0.0,27.29,0.0,0.0,0.0,14.68,0.0
7980,42.89,0.0,27.7,1.41,0.0,0.0,16.61,0.0
7981,43.46,0.0,27.27,0.0,0.0,0.1203,16.2,0.0
7982,43.65,0.0,24.94,0.0,0.0,0.1203,18.71,0.0
7983,43.46,0.0,20.0,0.0,0.0,0.1203,23.46,0.0
7984,42.89,0.0,12.68,0.0,0.0,0.1203,30.21,0.0
7985,41.97,0.0,7.56,0.0,0.0,0.1203,34.41,0.0
7986,40.73,0.0,0.0,0.0,1.28,0.1203,39.45,0.0
7987,39.21,0.0,0.0,0.0,0.0,0.0,39.21,0.0
7988,37.48,0.0,0.0,0.0,0.0,0.0,37.48,0.0
7989,35.61,0.0,0.0,0.0,0.0,0.0,35.61,0.0
7990,33.65,0.0,0.0,0.0,0.0,0.0,33.65,0.0
7991,33.65,0.0,0.0,0.0,0.0,0.0,33.65,0.0
7992,33.69,0.0,0.0,0.0,0.0,0.0,33.69,0.0
7993,33.69,0.0,0.0,0.0,0.0,0.0,33.69,0.0
7994,33.69,0.0,0.0,0.0,0.0,0.0,33.69,0.0
7995,33.69,0.0,0.0,0.0,0.0,0.0,33.69,0.0
7996,33.69,0.0,0.0,0.0,0.0,0.0,33.69,0.0
7997,33.69,0.0,0.0,0.0,0.0,0.0,33.69,0.0
7998,33.69,0.0,0.0,0.0,0.0,0.0,33.69,0.0
7999,35.64,0.0,6.67,0.0,0.0,0.0,28.98,0.0
8000,37.52,0.0,14.18,0.0,0.0,0.0,23.34,0.0
8001,39.25,0.0,20.07,0.0,0.0,0.0,19.18,0.0
8002,40.76,0.0,24.84,0.0,0.0,0.0,15.92,0.0
8003,42.01,0.0,27.44,0.0,0.0,0.0,14.57,0.0
8004,42.93,0.0,29.43,0.0,0.0,0.0,13.5,0.0
8005,43.5,0.0,28.66,0.0,0.0,0.0,14.84,0.0
8006,43.69,0.0,25.82,0.0,0.0,0.0,17.87,0.0
8007,43.5,0.0,20.42,0.0,0.0,0.0,23.08,0.0
8008,42.93,0.0,14.14,0.0,0.0,0.0,28.79,0.0
8009,42.01,0.0,5.36,1.45,0.0,0.0,38.1,0.0
8010,40.76,0.0,0.0,0.0,1.31,0.1237,39.45,0.0
8011,39.25,0.0,0.0,0.0,0.0,0.0,39.25,0.0
8012,37.52,0.0,0.0,0.0,0.0,0.0,37.52,0.0
8013,35.64,0.0,0.0,0.0,0.0,0.0,35.64,0.0
8014,33.69,0.0,0.0,0.0,0.0,0.0,33.69,0.0
8015,33.69,0.0,0.0,0.0,0.0,0.0,33.69,0.0
8016,33.73,0.0,0.0,0.0,0.0,0.0,33.73,0.0
8017,33.73,0.0,0.0,0.0,0.0,0.0,33.73,0.0
8018,33.73,0.0,0.0,0.0,0.0,0.0,33.73,0.0
8019,33.73,0.0,0.0,0.0,0.0,0.0,33.73,0.0
8020,33.73,0.0,0.0,0.0,0.0,0.0,33.73,0.0
8021,33.73,0.0,0.0,0.0,0.0,0.0,33.73,0.0
8022,33.73,0.0,0.0,0.0,0.0,0.0,33.73,0.0
8023,35.68,0.0,6.87,0.0,0.0,0.0,28.81,0.0
8024,37.56,0.0,14.61,0.0,0.0,0.0,22.94,0.0
8025,39.28,0.0,20.46,0.0,0.0,0.0,18.82,0.0
8026,40.8,0.0,24.58,0.0,0.0,0.0,16.22,0.0
8027,42.04,0.0,27.36,0.0,0.0,0.0,14.68,0.0
8028,42.97,0.0,27.74,0.0,0.0,0.0,15.23,0.0
8029,43.54,0.0,28.14,0.0,0.0,0.0,15.4,0.0
8030,43.73,0.0,23.87,0.0,0.0,0.0,19.86,0.0
8031,43.54,0.0,18.66,0.0,0.0,0.0,24.88,0.0
8032,42.97,0.0,12.62,0.0,0.0,0.0,30.35,0.0
8033,42.04,0.0,7.38,1.49,0.0,0.0,36.15,0.0
8034,40.8,0.0,0.0,0.0,1.35,0.1272,39.45,0.0
8035,39.28,0.0,0.0,0.0,0.0,0.0,39.28,0.0
8036,37.56,0.0,0.0,0.0,0.0,0.0,37.56,0.0
8037,35.68,0.0,0.0,0.0,0.0,0.0,35.68,0.0
8038,33.73,0.0,0.0,0.0,0.0,0.0,33.73,0.0
8039,33.73,0.0,0.0,0.0,0.0,0.0,33.73,0.0
8040,33.77,0.0,0.0,0.0,0.0,0.0,33.77,0.0
8041,33.77,0.0,0.0,0.0,0.0,0.0,33.77,0.0
8042,33.77,0.0,0.0,0.0,0.0,0.0,33.77,0.0
8043,33.77,0.0,0.0,0.0,0.0,0.0,33.77,0.0
8044,33.77,0.0,0.0,0.0,0.0,0.0,33.77,0.0
8045,33.77,0.0,0.0,0.0,0.0,0.0,33.77,0.0
8046,33.77,0.0,0.0,0.0,0.0,0.0,33.77,0.0
8047,35.72,0.0,5.9,0.0,0.0,0.0,29.81,0.0
8048,37.59,0.0,12.75,0.0,0.0,0.0,24.84,0.0
8049,39.32,0.0,19.7,0.0,0.0,0.0,19.62,0.0
8050,40.84,0.0,25.3,0.0,0.0,0.0,15.54,0.0
8051,42.08,0.0,26.42,0.0,0.0,0.0,15.66,0.0
8052,43.0,0.0,28.61,0.0,0.0,0.0,14.4,0.0
8053,43.57,0.0,26.86,0.0,0.0,0.0,16.71,0.0
8054,43.77,0.0,23.76,0.0,0.0,0.0,20.0,0.0
8055,43.57,0.0,19.38,0.0,0.0,0.0,24.2,0.0
8056,43.0,0.0,14.49,0.0,0.0,0.0,28.52,0.0
8057,42.08,0.0,5.44,1.54,0.0,0.0,38.17,0.0
8058,40.84,0.0,0.0,0.0,1.39,0.1307,39.45,0.0
8059,39.32,0.0,0.0,0.0,0.0,0.0,39.32,0.0
8060,37.59,0.0,0.0,0.0,0.0,0.0,37.59,0.0
8061,35.72,0.0,0.0,0.0,0.0,0.0,35.72,0.0
8062,33.77,0.0,0.0,0.0,0.0,0.0,33.77,0.0
8063,33.77,0.0,0.0,0.0,0.0,0.0,33.77,0.0
8064,33.8,0.0,0.0,0.0,0.0,0.0,33.8,0.0
8065,33.8,0.0,0.0,0.0,0.0,0.0,33.8,0.0
8066,33.8,0.0,0.0,0.0,0.0,0.0,33.8,0.0
8067,33.8,0.0,0.0,0.0,0.0,0.0,33.8,0.0
8068,33.8,0.0,0.0,0.0,0.0,0.0,33.8,0.0
8069,33.8,0.0,0.0,0.0,0.0,0.0,33.8,0.0
8070,33.8,0.0,0.0,0.0,0.0,0.0,33.8,0.0
8071,35.75,0.0,6.05,0.0,0.0,0.0,29.7,0.0
8072,37.63,0.0,13.36,0.0,0.0,0.0,24.27,0.0
8073,39.36,0.0,19.86,0.0,0.0,0.0,19.5,0.0
8074,40.87,0.0,23.69,0.0,0.0,0.0,17.18,0.0
8075,42.12,0.0,28.29,0.0,0.0,0.0,13.82,0.0
8076,43.04,0.0,27.74,0.0,0.0,0.0,15.31,0.0
8077,43.61,0.0,28.06,0.0,0.0,0.0,15.55,0.0
8078,43.8,0.0,25.45,0.0,0.0,0.0,18.35,0.0
8079,43.61,0.0,18.68,0.0,0.0,0.0,24.93,0.0
8080,43.04,0.0,13.34,0.0,0.0,0.0,29.7,0.0
8081,42.12,0.0,6.17,1.58,0.0,0.0,37.52,0.0
8082,40.87,0.0,0.0,0.0,1.42,0.1343,39.45,0.0
8083,39.36,0.0,0.0,0.0,0.0,0.0,39.36,0.0
8084,37.63,0.0,0.0,0.0,0.0,0.0,37.63,0.0
8085,35.75,0.0,0.0,0.0,0.0,0.0,35.75,0.0
8086,33.8,0.0,0.0,0.0,0.0,0.0,33.8,0.0
8087,33.8,0.0,0.0,0.0,0.0,0.0,33.8,0.0
8088,33.84,0.0,0.0,0.0,0.0,0.0,33.84,0.0
8089,33.84,0.0,0.0,0.0,0.0,0.0,33.84,0.0
8090,33.84,0.0,0.0,0.0,0.0,0.0,33.84,0.0
8091,33.84,0.0,0.0,0.0,0.0,0.0,33.84,0.0
8092,33.84,0.0,0.0,0.0,0.0,0.0,33.84,0.0
8093,33.84,0.0,0.0,0.0,0.0,0.0,33.84,0.0
8094,33.84,0.0,0.0,0.0,0.0,0.0,33.84,0.0
8095,35.79,0.0,6.47,0.0,0.0,0.0,29.33,0.0
8096,37.67,0.0,13.56,0.0,0.0,0.0,24.11,0.0
8097,39.4,0.0,19.62,0.0,0.0,0.0,19.78,0.0
8098,40.91,0.0,25.19,0.0,0.0,0.0,15.72,0.0
8099,42.16,0.0,28.03,0.0,0.0,0.0,14.13,0.0
8100,43.08,0.0,27.42,0.0,0.0,0.0,15.66,0.0
8101,43.65,0.0,27.32,0.0,0.0,0.0,16.33,0.0
8102,43.84,0.0,24.33,0.0,0.0,0.0,19.51,0.0
8103,43.65,0.0,20.52,0.0,0.0,0.0,23.13,0.0
8104,43.08,0.0,12.87,0.0,0.0,0.0,30.21,0.0
8105,42.16,0.0,5.86,1.62,0.0,0.0,37.91,0.0
8106,40.91,0.0,0.0,0.0,1.46,0.1379,39.45,0.0
8107,39.4,0.0,0.0,0.0,0.0,0.0,39.4,0.0
8108,37.67,0.0,0.0,0.0,0.0,0.0,37.67,0.0
8109,35.79,0.0,0.0,0.0,0.0,0.0,35.79,0.0
8110,33.84,0.0,0.0,0.0,0.0,0.0,33.84,0.0
8111,33.84,0.0,0.0,0.0,0.0,0.0,33.84,0.0
8112,33.88,0.0,0.0,0.0,0.0,0.0,33.88,0.0
8113,33.88,0.0,0.0,0.0,0.0,0.0,33.88,0.0
8114,33.88,0.0,0.0,0.0,0.0,0.0,33.88,0.0
8115,33.88,0.0,0.0,0.0,0.0,0.0,33.88,0.0
8116,33.88,0.0,0.0,0.0,0.0,0.0,33.88,0.0
8117,33.88,0.0,0.0,0.0,0.0,0.0,33.88,0.0
8118,33.88,0.0,0.0,0.0,0.0,0.0,33.88,0.0
8119,35.83,0.0,6.73,0.0,0.0,0.0,29.1,0.0
8120,37.71,0.0,14.76,0.0,0.0,0.0,22.95,0.0
8121,39.44,0.0,20.82,0.0,0.0,0.0,18.62,0.0
8122,40.95,0.0,23.45,0.0,0.0,0.0,17.5,0.0
8123,42.19,0.0,28.29,0.0,0.0,0.0,13.91,0.0
8124,43.12,0.0,27.69,0.0,0.0,0.0,15.43,0.0
8125,43.69,0.0,28.33,0.0,0.0,0.0,15.35,0.0
8126,43.88,0.0,24.22,0.0,0.0,0.0,19.66,0.0
8127,43.69,0.0,20.42,1.66,0.0,0.0,24.92,0.0
8128,43.12,0.0,12.47,0.0,0.0,0.1415,30.65,0.0
8129,42.19,0.0,5.28,0.0,0.0,0.1415,36.91,0.0
8130,40.95,0.0,0.0,0.0,1.5,0.1415,39.45,0.0
8131,39.44,0.0,0.0,0.0,0.0,0.0,39.44,0.0
8132,37.71,0.0,0.0,0.0,0.0,0.0,37.71,0.0
8133,35.83,0.0,0.0,0.0,0.0,0.0,35.83,0.0
8134,33.88,0.0,0.0,0.0,0.0,0.0,33.88,0.0
8135,33.88,0.0,0.0,0.0,0.0,0.0,33.88,0.0
8136,33.92,0.0,0.0,0.0,0.0,0.0,33.92,0.0
8137,33.92,0.0,0.0,0.0,0.0,0.0,33.92,0.0
8138,33.92,0.0,0.0,0.0,0.0,0.0,33.92,0.0
8139,33.92,0.0,0.0,0.0,0.0,0.0,33.92,0.0
8140,33.92,0.0,0.0,0.0,0.0,0.0,33.92,0.0
8141,33.92,0.0,0.0,0.0,0.0,0.0,33.92,0.0
8142,33.92,0.0,0.0,0.0,0.0,0.0,33.92,0.0
8143,35.87,0.0,7.57,0.0,0.0,0.0,28.3,0.0
8144,37.74,0.0,13.88,0.0,0.0,0.0,23.87,0.0
8145,39.47,0.0,19.08,0.0,0.0,0.0,20.39,0.0
8146,40.99,0.0,24.87,0.0,0.0,0.0,16.12,0.0
8147,42.23,0.0,27.42,0.0,0.0,0.0,14.81,0.0
8148,43.16,0.0,29.07,0.0,0.0,0.0,14.09,0.0
8149,43.73,0.0,26.8,0.0,0.0,0.0,16.93,0.0
8150,43.92,0.0,24.49,0.0,0.0,0.0,19.42,0.0
8151,43.73,0.0,20.65,0.0,0.0,0.0,23.08,0.0
8152,43.16,0.0,13.95,0.0,0.0,0.0,29.2,0.0
8153,42.23,0.0,5.88,1.73,0.0,0.0,38.08,0.0
8154,40.99,0.0,0.0,0.0,1.54,0.1473,39.45,0.0
8155,39.47,0.0,0.0,0.0,0.02,0.0022,39.45,0.0
8156,37.74,0.0,0.0,0.0,0.0,0.0,37.74,0.0
8157,35.87,0.0,0.0,0.0,0.0,0.0,35.87,0.0
8158,33.92,0.0,0.0,0.0,0.0,0.0,33.92,0.0
8159,33.92,0.0,0.0,0.0,0.0,0.0,33.92,0.0
8160,33.96,0.0,0.0,0.0,0.0,0.0,33.96,0.0
8161,33.96,0.0,0.0,0.0,0.0,0.0,33.96,0.0
8162,33.96,0.0,0.0,0.0,0.0,0.0,33.96,0.0
8163,33.96,0.0,0.0,0.0,0.0,0.0,33.96,0.0
8164,33.96,0.0,0.0,0.0,0.0,0.0,33.96,0.0
8165,33.96,0.0,0.0,0.0,0.0,0.0,33.96,0.0
8166,33.96,0.0,0.0,0.0,0.0,0.0,33.96,0.0
8167,35.91,0.0,6.91,0.0,0.0,0.0,29.0,0.0
8168,37.78,0.0,14.02,0.0,0.0,0.0,23.76,0.0
8169,39.51,0.0,19.87,0.0,0.0,0.0,19.64,0.0
8170,41.03,0.0,23.93,0.0,0.0,0.0,17.09,0.0
8171,42.27,0.0,28.14,0.0,0.0,0.0,14.13,0.0
8172,43.2,0.0,28.06,0.0,0.0,0.0,15.14,0.0
8173,43.76,0.0,26.41,0.0,0.0,0.0,17.36,0.0
8174,43.96,0.0,23.98,0.0,0.0,0.0,19.97,0.0
8175,43.76,0.0,19.61,0.0,0.0,0.0,24.16,0.0
8176,43.2,0.0,14.01,0.0,0.0,0.0,29.19,0.0
8177,42.27,0.0,7.2,1.82,0.0,0.0,36.89,0.0
8178,41.03,0.0,0.0,0.0,1.58,0.1546,39.45,0.0
8179,39.51,0.0,0.0,0.0,0.06,0.0058,39.45,0.0
8180,37.78,0.0,0.0,0.0,0.0,0.0,37.78,0.0
8181,35.91,0.0,0.0,0.0,0.0,0.0,35.91,0.0
8182,33.96,0.0,0.0,0.0,0.0,0.0,33.96,0.0
8183,33.96,0.0,0.0,0.0,0.0,0.0,33.96,0.0
8184,34.0,0.0,0.0,0.0,0.0,0.0,34.0,0.0
8185,34.0,0.0,0.0,0.0,0.0,0.0,34.0,0.0
8186,34.0,0.0,0.0,0.0,0.0,0.0,34.0,0.0
8187,34.0,0.0,0.0,0.0,0.0,0.0,34.0,0.0
8188,34.0,0.0,0.0,0.0,0.0,0.0,34.0,0.0
8189,34.0,0.0,0.0,0.0,0.0,0.0,34.0,0.0
8190,34.0,0.0,0.0,0.0,0.0,0.0,34.0,0.0
8191,35.95,0.0,7.49,0.0,0.0,0.0,28.46,0.0
8192,37.82,0.0,13.4,0.0,0.0,0.0,24.43,0.0
8193,39.55,0.0,19.11,0.0,0.0,0.0,20.44,0.0
8194,41.07,0.0,23.96,0.0,0.0,0.0,17.1,0.0
8195,42.31,0.0,26.75,0.0,0.0,0.0,15.56,0.0
8196,43.24,0.0,27.06,0.0,0.0,0.0,16.17,0.0
8197,43.8,0.0,28.16,0.0,0.0,0.0,15.64,0.0
8198,44.0,0.0,23.75,0.0,0.0,0.0,20.25,0.0
8199,43.8,0.0,18.78,0.0,0.0,0.0,25.03,0.0
8200,43.24,0.0,12.76,0.0,0.0,0.0,30.47,0.0
8201,42.31,0.0,6.17,1.9,0.0,0.0,38.05,0.0
8202,41.07,0.0,0.0,0.0,1.62,0.162,39.45,0.0
8203,39.55,0.0,0.0,0.0,0.1,0.0095,39.45,0.0
8204,37.82,0.0,0.0,0.0,0.0,0.0,37.82,0.0
8205,35.95,0.0,0.0,0.0,0.0,0.0,35.95,0.0
8206,34.0,0.0,0.0,0.0,0.0,0.0,34.0,0.0
8207,34.0,0.0,0.0,0.0,0.0,0.0,34.0,0.0
8208,34.04,0.0,0.0,0.0,0.0,0.0,34.04,0.0
8209,34.04,0.0,0.0,0.0,0.0,0.0,34.04,0.0
8210,34.04,0.0,0.0,0.0,0.0,0.0,34.04,0.0
8211,34.04,0.0,0.0,0.0,0.0,0.0,34.04,0.0
8212,34.04,0.0,0.0,0.0,0.0,0.0,34.04,0.0
8213,34.04,0.0,0.0,0.0,0.0,0.0,34.04,0.0
8214,34.04,0.0,0.0,0.0,0.0,0.0,34.04,0.0
8215,35.99,0.0,5.52,0.0,0.0,0.0,30.47,0.0
8216,37.86,0.0,13.16,0.0,0.0,0.0,24.7,0.0
8217,39.59,0.0,19.01,0.0,0.0,0.0,20.58,0.0
8218,41.11,0.0,23.59,0.0,0.0,0.0,17.52,0.0
8219,42.35,0.0,26.81,0.0,0.0,0.0,15.54,0.0
8220,43.27,0.0,27.94,0.0,0.0,0.0,15.33,0.0
8221,43.84,0.0,27.09,0.0,0.0,0.0,16.75,0.0
8222,44.04,0.0,23.62,0.0,0.0,0.0,20.41,0.0
8223,43.84,0.0,19.34,0.0,0.0,0.0,24.5,0.0
8224,43.27,0.0,13.5,0.0,0.0,0.0,29.78,0.0
8225,42.35,0.0,5.77,1.99,0.0,0.0,38.57,0.0
8226,41.11,0.0,0.0,0.0,1.66,0.1695,39.45,0.0
8227,39.59,0.0,0.0,0.0,0.14,0.0133,39.45,0.0
8228,37.86,0.0,0.0,0.0,0.0,0.0,37.86,0.0
8229,35.99,0.0,0.0,0.0,0.0,0.0,35.99,0.0
8230,34.04,0.0,0.0,0.0,0.0,0.0,34.04,0.0
8231,34.04,0.0,0.0,0.0,0.0,0.0,34.04,0.0
8232,34.08,0.0,0.0,0.0,0.0,0.0,34.08,0.0
8233,34.08,0.0,0.0,0.0,0.0,0.0,34.08,0.0
8234,34.08,0.0,0.0,0.0,0.0,0.0,34.08,0.0
8235,34.08,0.0,0.0,0.0,0.0,0.0,34.08,0.0
8236,34.08,0.0,0.0,0.0,0.0,0.0,34.08,0.0
8237,34.08,0.0,0.0,0.0,0.0,0.0,34.08,0.0
8238,34.08,0.0,0.0,0.0,0.0,0.0,34.08,0.0
8239,36.03,0.0,6.34,0.0,0.0,0.0,29.69,0.0
8240,37.9,0.0,14.13,0.0,0.0,0.0,23.78,0.0
8241,39.63,0.0,18.4,0.0,0.0,0.0,21.23,0.0
8242,41.15,0.0,23.61,0.0,0.0,0.0,17.53,0.0
8243,42.39,0.0,26.65,0.0,0.0,0.0,15.74,0.0
8244,43.31,0.0,27.91,0.0,0.0,0.0,15.41,0.0
8245,43.88,0.0,26.5,0.0,0.0,0.0,17.39,0.0
8246,44.08,0.0,25.15,0.0,0.0,0.0,18.93,0.0
8247,43.88,0.0,18.56,0.0,0.0,0.0,25.32,0.0
8248,43.31,0.0,12.73,2.08,0.0,0.0,32.66,0.0
8249,42.39,0.0,5.31,0.0,0.0,0.177,37.08,0.0
8250,41.15,0.0,0.0,0.0,1.7,0.177,39.45,0.0
8251,39.63,0.0,0.0,0.0,0.18,0.017,39.45,0.0
8252,37.9,0.0,0.0,0.0,0.0,0.0,37.9,0.0
8253,36.03,0.0,0.0,0.0,0.0,0.0,36.03,0.0
8254,34.08,0.0,0.0,0.0,0.0,0.0,34.08,0.0
8255,34.08,0.0,0.0,0.0,0.0,0.0,34.08,0.0
8256,34.12,0.0,0.0,0.0,0.0,0.0,34.12,0.0
8257,34.12,0.0,0.0,0.0,0.0,0.0,34.12,0.0
8258,34.12,0.0,0.0,0.0,0.0,0.0,34.12,0.0
8259,34.12,0.0,0.0,0.0,0.0,0.0,34.12,0.0
8260,34.12,0.0,0.0,0.0,0.0,0.0,34.12,0.0
8261,34.12,0.0,0.0,0.0,0.0,0.0,34.12,0.0
8262,34.12,0.0,0.0,0.0,0.0,0.0,34.12,0.0
8263,36.07,0.0,5.37,0.0,0.0,0.0,30.69,0.0
8264,37.94,0.0,12.44,0.0,0.0,0.0,25.5,0.0
8265,39.67,0.0,18.42,0.0,0.0,0.0,21.25,0.0
8266,41.19,0.0,23.43,0.0,0.0,0.0,17.76,0.0
8267,42.43,0.0,27.22,0.0,0.0,0.0,15.21,0.0
8268,43.35,0.0,28.02,0.0,0.0,0.0,15.33,0.0
8269,43.92,0.0,26.48,0.0,0.0,0.0,17.44,0.0
8270,44.12,0.0,24.17,0.0,0.0,0.0,19.95,0.0
8271,43.92,0.0,19.27,2.17,0.0,0.0,26.82,0.0
8272,43.35,0.0,12.61,0.0,0.0,0.1846,30.74,0.0
8273,42.43,0.0,7.32,0.0,0.0,0.1846,35.11,0.0
8274,41.19,0.0,0.0,0.0,1.74,0.1846,39.45,0.0
8275,39.67,0.0,0.0,0.0,0.22,0.0208,39.45,0.0
8276,37.94,0.0,0.0,0.0,0.0,0.0,37.94,0.0
8277,36.07,0.0,0.0,0.0,0.0,0.0,36.07,0.0
8278,34.12,0.0,0.0,0.0,0.0,0.0,34.12,0.0
8279,34.12,0.0,0.0,0.0,0.0,0.0,34.12,0.0
8280,34.16,0.0,0.0,0.0,0.0,0.0,34.16,0.0
8281,34.16,0.0,0.0,0.0,0.0,0.0,34.16,0.0
8282,34.16,0.0,0.0,0.0,0.0,0.0,34.16,0.0
8283,34.16,0.0,0.0,0.0,0.0,0.0,34.16,0.0
8284,34.16,0.0,0.0,0.0,0.0,0.0,34.16,0.0
8285,34.16,0.0,0.0,0.0,0.0,0.0,34.16,0.0
8286,34.16,0.0,0.0,0.0,0.0,0.0,34.16,0.0
8287,36.11,0.0,6.79,0.0,0.0,0.0,29.32,0.0
8288,37.98,0.0,14.09,0.0,0.0,0.0,23.9,0.0
8289,39.71,0.0,19.46,0.0,0.0,0.0,20.25,0.0
8290,41.23,0.0,24.14,0.0,0.0,0.0,17.09,0.0
8291,42.47,0.0,25.93,0.0,0.0,0.0,16.54,0.0
8292,43.39,0.0,27.99,0.0,0.0,0.0,15.41,0.0
8293,43.96,0.0,26.39,0.0,0.0,0.0,17.58,0.0
8294,44.16,0.0,23.45,0.0,0.0,0.0,20.71,0.0
8295,43.96,0.0,19.16,0.0,0.0,0.0,24.81,0.0
8296,43.39,0.0,13.99,0.0,0.0,0.0,29.4,0.0
8297,42.47,0.0,5.48,2.26,0.0,0.0,39.25,0.0
8298,41.23,0.0,0.0,0.0,1.78,0.1922,39.45,0.0
8299,39.71,0.0,0.0,0.0,0.26,0.0246,39.45,0.0
8300,37.98,0.0,0.0,0.0,0.0,0.0,37.98,0.0
8301,36.11,0.0,0.0,0.0,0.0,0.0,36.11,0.0
8302,34.16,0.0,0.0,0.0,0.0,0.0,34.16,0.0
8303,34.16,0.0,0.0,0.0,0.0,0.0,34.16,0.0
8304,34.2,0.0,0.0,0.0,0.0,0.0,34.2,0.0
8305,34.2,0.0,0.0,0.0,0.0,0.0,34.2,0.0
8306,34.2,0.0,0.0,0.0,0.0,0.0,34.2,0.0
8307,34.2,0.0,0.0,0.0,0.0,0.0,34.2,0.0
8308,34.2,0.0,0.0,0.0,0.0,0.0,34.2,0.0
8309,34.2,0.0,0.0,0.0,0.0,0.0,34.2,0.0
8310,34.2,0.0,0.0,0.0,0.0,0.0,34.2,0.0
8311,36.15,0.0,7.11,0.0,0.0,0.0,29.04,0.0
8312,38.02,0.0,12.94,0.0,0.0,0.0,25.08,0.0
8313,39.75,0.0,18.89,0.0,0.0,0.0,20.86,0.0
8314,41.27,0.0,24.51,0.0,0.0,0.0,16.76,0.0
8315,42.51,0.0,27.42,0.0,0.0,0.0,15.09,0.0
8316,43.44,0.0,28.25,0.0,0.0,0.0,15.19,0.0
8317,44.0,0.0,28.17,0.0,0.0,0.0,15.83,0.0
8318,44.2,0.0,24.41,0.0,0.0,0.0,19.79,0.0
8319,44.0,0.0,20.06,0.0,0.0,0.0,23.94,0.0
8320,43.44,0.0,13.99,0.0,0.0,0.0,29.44,0.0
8321,42.51,0.0,7.24,2.35,0.0,0.0,37.62,0.0
8322,41.27,0.0,0.0,0.0,1.82,0.1999,39.45,0.0
8323,39.75,0.0,0.0,0.0,0.3,0.0285,39.45,0.0
8324,38.02,0.0,0.0,0.0,0.0,0.0,38.02,0.0
8325,36.15,0.0,0.0,0.0,0.0,0.0,36.15,0.0
8326,34.2,0.0,0.0,0.0,0.0,0.0,34.2,0.0
8327,34.2,0.0,0.0,0.0,0.0,0.0,34.2,0.0
8328,34.24,0.0,0.0,0.0,0.0,0.0,34.24,0.0
8329,34.24,0.0,0.0,0.0,0.0,0.0,34.24,0.0
8330,34.24,0.0,0.0,0.0,0.0,0.0,34.24,0.0
8331,34.24,0.0,0.0,0.0,0.0,0.0,34.24,0.0
8332,34.24,0.0,0.0,0.0,0.0,0.0,34.24,0.0
8333,34.24,0.0,0.0,0.0,0.0,0.0,34.24,0.0
8334,34.24,0.0,0.0,0.0,0.0,0.0,34.24,0.0
8335,36.19,0.0,7.36,0.0,0.0,0.0,28.83,0.0
8336,38.06,0.0,14.61,0.0,0.0,0.0,23.46,0.0
8337,39.79,0.0,18.97,0.0,0.0,0.0,20.83,0.0
8338,41.31,0.0,24.82,0.0,0.0,0.0,16.49,0.0
8339,42.55,0.0,26.17,0.0,0.0,0.0,16.38,0.0
8340,43.48,0.0,29.08,0.0,0.0,0.0,14.4,0.0
8341,44.05,0.0,26.93,0.0,0.0,0.0,17.12,0.0
8342,44.24,0.0,24.18,0.0,0.0,0.0,20.06,0.0
8343,44.05,0.0,18.82,2.44,0.0,0.0,27.66,0.0
8344,43.48,0.0,12.46,0.0,0.0,0.2076,31.01,0.0
8345,42.55,0.0,6.75,0.0,0.0,0.2076,35.8,0.0
8346,41.31,0.0,0.0,0.0,1.86,0.2076,39.45,0.0
8347,39.79,0.0,0.0,0.0,0.34,0.0323,39.45,0.0
8348,38.06,0.0,0.0,0.0,0.0,0.0,38.06,0.0
8349,36.19,0.0,0.0,0.0,0.0,0.0,36.19,0.0
8350,34.24,0.0,0.0,0.0,0.0,0.0,34.24,0.0
8351,34.24,0.0,0.0,0.0,0.0,0.0,34.24,0.0
8352,34.28,0.0,0.0,0.0,0.0,0.0,34.28,0.0
8353,34.28,0.0,0.0,0.0,0.0,0.0,34.28,0.0
8354,34.28,0.0,0.0,0.0,0.0,0.0,34.28,0.0
8355,34.28,0.0,0.0,0.0,0.0,0.0,34.28,0.0
8356,34.28,0.0,0.0,0.0,0.0,0.0,34.28,0.0
8357,34.28,0.0,0.0,0.0,0.0,0.0,34.28,0.0
8358,34.28,0.0,0.0,0.0,0.0,0.0,34.28,0.0
8359,36.23,0.0,7.19,0.0,0.0,0.0,29.04,0.0
8360,38.11,0.0,13.41,0.0,0.0,0.0,24.7,0.0
8361,39.83,0.0,18.44,0.0,0.0,0.0,21.39,0.0
8362,41.35,0.0,24.86,0.0,0.0,0.0,16.49,0.0
8363,42.59,0.0,27.51,0.0,0.0,0.0,15.09,0.0
8364,43.52,0.0,28.42,0.0,0.0,0.0,15.1,0.0
8365,44.09,0.0,25.95,0.0,0.0,0.0,18.14,0.0
8366,44.28,0.0,23.79,0.0,0.0,0.0,20.49,0.0
8367,44.09,0.0,20.06,0.0,0.0,0.0,24.02,0.0
8368,43.52,0.0,12.84,0.0,0.0,0.0,30.68,0.0
8369,42.59,0.0,7.13,2.53,0.0,0.0,38.0,0.0
8370,41.35,0.0,0.0,0.0,1.9,0.2153,39.45,0.0
8371,39.83,0.0,0.0,0.0,0.38,0.0362,39.45,0.0
8372,38.11,0.0,0.0,0.0,0.0,0.0,38.11,0.0
8373,36.23,0.0,0.0,0.0,0.0,0.0,36.23,0.0
8374,34.28,0.0,0.0,0.0,0.0,0.0,34.28,0.0
8375,34.28,0.0,0.0,0.0,0.0,0.0,34.28,0.0
8376,34.32,0.0,0.0,0.0,0.0,0.0,34.32,0.0
8377,34.32,0.0,0.0,0.0,0.0,0.0,34.32,0.0
8378,34.32,0.0,0.0,0.0,0.0,0.0,34.32,0.0
8379,34.32,0.0,0.0,0.0,0.0,0.0,34.32,0.0
8380,34.32,0.0,0.0,0.0,0.0,0.0,34.32,0.0
8381,34.32,0.0,0.0,0.0,0.0,0.0,34.32,0.0
8382,34.32,0.0,0.0,0.0,0.0,0.0,34.32,0.0
8383,36.27,0.0,6.07,0.0,0.0,0.0,30.2,0.0
8384,38.15,0.0,13.2,0.0,0.0,0.0,24.95,0.0
8385,39.88,0.0,18.96,0.0,0.0,0.0,20.91,0.0
8386,41.39,0.0,22.96,0.0,0.0,0.0,18.43,0.0
8387,42.63,0.0,26.08,0.0,0.0,0.0,16.55,0.0
8388,43.56,0.0,28.58,0.0,0.0,0.0,14.98,0.0
8389,44.13,0.0,27.46,0.0,0.0,0.0,16.67,0.0
8390,44.32,0.0,24.52,0.0,0.0,0.0,19.8,0.0
8391,44.13,0.0,18.65,0.0,0.0,0.0,25.48,0.0
8392,43.56,0.0,14.62,0.0,0.0,0.0,28.94,0.0
8393,42.63,0.0,7.34,2.62,0.0,0.0,37.92,0.0
8394,41.39,0.0,0.0,0.0,1.94,0.2231,39.45,0.0
8395,39.88,0.0,0.0,0.0,0.42,0.0401,39.45,0.0
8396,38.15,0.0,0.0,0.0,0.0,0.0,38.15,0.0
8397,36.27,0.0,0.0,0.0,0.0,0.0,36.27,0.0
8398,34.32,0.0,0.0,0.0,0.0,0.0,34.32,0.0
8399,34.32,0.0,0.0,0.0,0.0,0.0,34.32,0.0
8400,34.36,0.0,0.0,0.0,0.0,0.0,34.36,0.0
8401,34.36,0.0,0.0,0.0,0.0,0.0,34.36,0.0
8402,34.36,0.0,0.0,0.0,0.0,0.0,34.36,0.0
8403,34.36,0.0,0.0,0.0,0.0,0.0,34.36,0.0
8404,34.36,0.0,0.0,0.0,0.0,0.0,34.36,0.0
8405,34.36,0.0,0.0,0.0,0.0,0.0,34.36,0.0
8406,34.36,0.0,0.0,0.0,0.0,0.0,34.36,0.0
8407,36.31,0.0,6.35,0.0,0.0,0.0,29.97,0.0
8408,38.19,0.0,14.24,0.0,0.0,0.0,23.95,0.0
8409,39.92,0.0,20.0,0.0,0.0,0.0,19.92,0.0
8410,41.43,0.0,23.51,0.0,0.0,0.0,17.92,0.0
8411,42.68,0.0,27.3,0.0,0.0,0.0,15.38,0.0
8412,43.6,0.0,28.81,0.0,0.0,0.0,14.79,0.0
8413,44.17,0.0,26.3,0.0,0.0,0.0,17.87,0.0
8414,44.36,0.0,23.76,0.0,0.0,0.0,20.6,0.0
8415,44.17,0.0,19.14,0.0,0.0,0.0,25.03,0.0
8416,43.6,0.0,14.42,0.0,0.0,0.0,29.18,0.0
8417,42.68,0.0,6.57,2.71,0.0,0.0,38.82,0.0
8418,41.43,0.0,0.0,0.0,1.98,0.231,39.45,0.0
8419,39.92,0.0,0.0,0.0,0.47,0.044,39.45,0.0
8420,38.19,0.0,0.0,0.0,0.0,0.0,38.19,0.0
8421,36.31,0.0,0.0,0.0,0.0,0.0,36.31,0.0
8422,34.36,0.0,0.0,0.0,0.0,0.0,34.36,0.0
8423,34.36,0.0,0.0,0.0,0.0,0.0,34.36,0.0
8424,34.4,0.0,0.0,0.0,0.0,0.0,34.4,0.0
8425,34.4,0.0,0.0,0.0,0.0,0.0,34.4,0.0
8426,34.4,0.0,0.0,0.0,0.0,0.0,34.4,0.0
8427,34.4,0.0,0.0,0.0,0.0,0.0,34.4,0.0
8428,34.4,0.0,0.0,0.0,0.0,0.0,34.4,0.0
8429,34.4,0.0,0.0,0.0,0.0,0.0,34.4,0.0
8430,34.4,0.0,0.0,0.0,0.0,0.0,34.4,0.0
8431,36.35,0.0,6.23,0.0,0.0,0.0,30.13,0.0
8432,38.23,0.0,13.43,0.0,0.0,0.0,24.8,0.0
8433,39.96,0.0,19.09,0.0,0.0,0.0,20.87,0.0
8434,41.47,0.0,24.55,0.0,0.0,0.0,16.93,0.0
8435,42.72,0.0,28.06,0.0,0.0,0.0,14.66,0.0
8436,43.64,0.0,28.64,0.0,0.0,0.0,15.01,0.0
8437,44.21,0.0,26.46,0.0,0.0,0.0,17.75,0.0
8438,44.4,0.0,24.69,0.0,0.0,0.0,19.71,0.0
8439,44.21,0.0,18.75,0.0,0.0,0.0,25.46,0.0
8440,43.64,0.0,13.81,0.0,0.0,0.0,29.83,0.0
8441,42.72,0.0,7.32,2.81,0.0,0.0,38.21,0.0
8442,41.47,0.0,0.0,0.0,2.02,0.2388,39.45,0.0
8443,39.96,0.0,0.0,0.0,0.51,0.0479,39.45,0.0
8444,38.23,0.0,0.0,0.0,0.0,0.0,38.23,0.0
8445,36.35,0.0,0.0,0.0,0.0,0.0,36.35,0.0
8446,34.4,0.0,0.0,0.0,0.0,0.0,34.4,0.0
8447,34.4,0.0,0.0,0.0,0.0,0.0,34.4,0.0
8448,34.45,0.0,0.0,0.0,0.0,0.0,34.45,0.0
8449,34.45,0.0,0.0,0.0,0.0,0.0,34.45,0.0
8450,34.45,0.0,0.0,0.0,0.0,0.0,34.45,0.0
8451,34.45,0.0,0.0,0.0,0.0,0.0,34.45,0.0
8452,34.45,0.0,0.0,0.0,0.0,0.0,34.45,0.0
8453,34.45,0.0,0.0,0.0,0.0,0.0,34.45,0.0
8454,34.45,0.0,0.0,0.0,0.0,0.0,34.45,0.0
8455,36.4,0.0,6.05,0.0,0.0,0.0,30.35,0.0
8456,38.27,0.0,13.97,0.0,0.0,0.0,24.3,0.0
8457,40.0,0.0,19.97,0.0,0.0,0.0,20.03,0.0
8458,41.52,0.0,23.19,0.0,0.0,0.0,18.33,0.0
8459,42.76,0.0,25.84,0.0,0.0,0.0,16.92,0.0
8460,43.68,0.0,26.93,0.0,0.0,0.0,16.76,0.0
8461,44.25,0.0,27.08,0.0,0.0,0.0,17.17,0.0
8462,44.45,0.0,23.69,0.0,0.0,0.0,20.76,0.0
8463,44.25,0.0,18.64,0.0,0.0,0.0,25.61,0.0
8464,43.68,0.0,12.78,0.12,0.0,0.0,31.03,0.0
8465,42.76,0.0,6.08,2.77,0.0,0.0106,39.45,0.0
8466,41.52,0.0,0.0,0.0,2.07,0.2467,39.45,0.0
8467,40.0,0.0,0.0,0.0,0.55,0.0519,39.45,0.0
8468,38.27,0.0,0.0,0.0,0.0,0.0,38.27,0.0
8469,36.4,0.0,0.0,0.0,0.0,0.0,36.4,0.0
8470,34.45,0.0,0.0,0.0,0.0,0.0,34.45,0.0
8471,34.45,0.0,0.0,0.0,0.0,0.0,34.45,0.0
8472,34.49,0.0,0.0,0.0,0.0,0.0,34.49,0.0
8473,34.49,0.0,0.0,0.0,0.0,0.0,34.49,0.0
8474,34.49,0.0,0.0,0.0,0.0,0.0,34.49,0.0
8475,34.49,0.0,0.0,0.0,0.0,0.0,34.49,0.0
8476,34.49,0.0,0.0,0.0,0.0,0.0,34.49,0.0
8477,34.49,0.0,0.0,0.0,0.0,0.0,34.49,0.0
8478,34.49,0.0,0.0,0.0,0.0,0.0,34.49,0.0
8479,36.44,0.0,5.82,0.0,0.0,0.0,30.62,0.0
8480,38.31,0.0,12.64,0.0,0.0,0.0,25.68,0.0
8481,40.04,0.0,19.88,0.0,0.0,0.0,20.16,0.0
8482,41.56,0.0,23.93,0.0,0.0,0.0,17.62,0.0
8483,42.8,0.0,26.56,0.0,0.0,0.0,16.24,0.0
8484,43.73,0.0,26.93,0.0,0.0,0.0,16.79,0.0
8485,44.3,0.0,26.85,0.0,0.0,0.0,17.44,0.0
8486,44.49,0.0,23.16,0.0,0.0,0.0,21.33,0.0
8487,44.3,0.0,19.12,0.0,0.0,0.0,25.17,0.0
8488,43.73,0.0,14.28,0.0,0.0,0.0,29.44,0.0
8489,42.8,0.0,6.64,2.99,0.0,0.0,39.15,0.0
8490,41.56,0.0,0.0,0.0,2.11,0.2547,39.45,0.0
8491,40.04,0.0,0.0,0.0,0.59,0.0559,39.45,0.0
8492,38.31,0.0,0.0,0.0,0.0,0.0,38.31,0.0
8493,36.44,0.0,0.0,0.0,0.0,0.0,36.44,0.0
8494,34.49,0.0,0.0,0.0,0.0,0.0,34.49,0.0
8495,34.49,0.0,0.0,0.0,0.0,0.0,34.49,0.0
8496,34.53,0.0,0.0,0.0,0.0,0.0,34.53,0.0
8497,34.53,0.0,0.0,0.0,0.0,0.0,34.53,0.0
8498,34.53,0.0,0.0,0.0,0.0,0.0,34.53,0.0
8499,34.53,0.0,0.0,0.0,0.0,0.0,34.53,0.0
8500,34.53,0.0,0.0,0.0,0.0,0.0,34.53,0.0
8501,34.53,0.0,0.0,0.0,0.0,0.0,34.53,0.0
8502,34.53,0.0,0.0,0.0,0.0,0.0,34.53,0.0
8503,36.48,0.0,5.25,0.0,0.0,0.0,31.23,0.0
8504,38.36,0.0,14.45,0.0,0.0,0.0,23.9,0.0
8505,40.09,0.0,20.42,0.0,0.0,0.0,19.66,0.0
8506,41.6,0.0,24.81,0.0,0.0,0.0,16.79,0.0
8507,42.84,0.0,27.1,0.0,0.0,0.0,15.75,0.0
8508,43.77,0.0,27.31,0.0,0.0,0.0,16.45,0.0
8509,44.34,0.0,27.98,0.0,0.0,0.0,16.36,0.0
8510,44.53,0.0,23.21,0.0,0.0,0.0,21.32,0.0
8511,44.34,0.0,20.21,0.0,0.0,0.0,24.12,0.0
8512,43.77,0.0,12.3,0.0,0.0,0.0,31.47,0.0
8513,42.84,0.0,6.86,3.08,0.0,0.0,39.07,0.0
8514,41.6,0.0,0.0,0.0,2.15,0.2626,39.45,0.0
8515,40.09,0.0,0.0,0.0,0.63,0.0598,39.45,0.0
8516,38.36,0.0,0.0,0.0,0.0,0.0,38.36,0.0
8517,36.48,0.0,0.0,0.0,0.0,0.0,36.48,0.0
8518,34.53,0.0,0.0,0.0,0.0,0.0,34.53,0.0
8519,34.53,0.0,0.0,0.0,0.0,0.0,34.53,0.0
8520,34.57,0.0,0.0,0.0,0.0,0.0,34.57,0.0
8521,34.57,0.0,0.0,0.0,0.0,0.0,34.57,0.0
8522,34.57,0.0,0.0,0.0,0.0,0.0,34.57,0.0
8523,34.57,0.0,0.0,0.0,0.0,0.0,34.57,0.0
8524,34.57,0.0,0.0,0.0,0.0,0.0,34.57,0.0
8525,34.57,0.0,0.0,0.0,0.0,0.0,34.57,0.0
8526,34.57,0.0,0.0,0.0,0.0,0.0,34.57,0.0
8527,36.52,0.0,7.44,0.0,0.0,0.0,29.08,0.0
8528,38.4,0.0,13.72,0.0,0.0,0.0,24.68,0.0
8529,40.13,0.0,19.69,0.0,0.0,0.0,20.44,0.0
8530,41.64,0.0,23.77,0.0,0.0,0.0,17.87,0.0
8531,42.89,0.0,27.61,0.0,0.0,0.0,15.28,0.0
8532,43.81,0.0,29.18,0.0,0.0,0.0,14.63,0.0
8533,44.38,0.0,27.89,0.0,0.0,0.0,16.49,0.0
8534,44.57,0.0,24.7,0.0,0.0,0.0,19.88,0.0
8535,44.38,0.0,18.36,0.0,0.0,0.0,26.02,0.0
8536,43.81,0.0,13.93,1.25,0.0,0.0,31.13,0.0
8537,42.89,0.0,5.37,1.93,0.0,0.1063,39.45,0.0
8538,41.64,0.0,0.0,0.0,2.19,0.2706,39.45,0.0
8539,40.13,0.0,0.0,0.0,0.68,0.0638,39.45,0.0
8540,38.4,0.0,0.0,0.0,0.0,0.0,38.4,0.0
8541,36.52,0.0,0.0,0.0,0.0,0.0,36.52,0.0
8542,34.57,0.0,0.0,0.0,0.0,0.0,34.57,0.0
8543,34.57,0.0,0.0,0.0,0.0,0.0,34.57,0.0
8544,34.61,0.0,0.0,0.0,0.0,0.0,34.61,0.0
8545,34.61,0.0,0.0,0.0,0.0,0.0,34.61,0.0
8546,34.61,0.0,0.0,0.0,0.0,0.0,34.61,0.0
8547,34.61,0.0,0.0,0.0,0.0,0.0,34.61,0.0
8548,34.61,0.0,0.0,0.0,0.0,0.0,34.61,0.0
8549,34.61,0.0,0.0,0.0,0.0,0.0,34.61,0.0
8550,34.61,0.0,0.0,0.0,0.0,0.0,34.61,0.0
8551,36.57,0.0,6.8,0.0,0.0,0.0,29.76,0.0
8552,38.44,0.0,13.3,0.0,0.0,0.0,25.14,0.0
8553,40.17,0.0,19.72,0.0,0.0,0.0,20.45,0.0
8554,41.69,0.0,23.66,0.0,0.0,0.0,18.03,0.0
8555,42.93,0.0,27.62,0.0,0.0,0.0,15.31,0.0
8556,43.85,0.0,28.97,0.0,0.0,0.0,14.88,0.0
8557,44.42,0.0,27.71,0.0,0.0,0.0,16.71,0.0
8558,44.61,0.0,24.23,0.0,0.0,0.0,20.39,0.0
8559,44.42,0.0,19.41,0.0,0.0,0.0,25.01,0.0
8560,43.85,0.0,13.09,1.45,0.0,0.0,32.21,0.0
8561,42.93,0.0,5.3,1.82,0.0,0.1232,39.45,0.0
8562,41.69,0.0,0.0,0.0,2.23,0.2786,39.45,0.0
8563,40.17,0.0,0.0,0.0,0.72,0.0678,39.45,0.0
8564,38.44,0.0,0.0,0.0,0.0,0.0,38.44,0.0
8565,36.57,0.0,0.0,0.0,0.0,0.0,36.57,0.0
8566,34.61,0.0,0.0,0.0,0.0,0.0,34.61,0.0
8567,34.61,0.0,0.0,0.0,0.0,0.0,34.61,0.0
8568,34.66,0.0,0.0,0.0,0.0,0.0,34.66,0.0
8569,34.66,0.0,0.0,0.0,0.0,0.0,34.66,0.0
8570,34.66,0.0,0.0,0.0,0.0,0.0,34.66,0.0
8571,34.66,0.0,0.0,0.0,0.0,0.0,34.66,0.0
8572,34.66,0.0,0.0,0.0,0.0,0.0,34.66,0.0
8573,34.66,0.0,0.0,0.0,0.0,0.0,34.66,0.0
8574,34.66,0.0,0.0,0.0,0.0,0.0,34.66,0.0
8575,36.61,0.0,7.27,0.0,0.0,0.0,29.33,0.0
8576,38.48,0.0,12.64,0.0,0.0,0.0,25.85,0.0
8577,40.21,0.0,20.36,0.0,0.0,0.0,19.85,0.0
8578,41.73,0.0,24.66,0.0,0.0,0.0,17.06,0.0
8579,42.97,0.0,26.03,0.0,0.0,0.0,16.94,0.0
8580,43.9,0.0,28.74,0.0,0.0,0.0,15.15,0.0
8581,44.46,0.0,27.69,0.0,0.0,0.0,16.77,0.0
8582,44.66,0.0,25.15,0.0,0.0,0.0,19.51,0.0
8583,44.46,0.0,18.63,0.0,0.0,0.0,25.83,0.0
8584,43.9,0.0,13.63,0.36,0.0,0.0,30.62,0.0
8585,42.97,0.0,6.53,3.01,0.0,0.0305,39.45,0.0
8586,41.73,0.0,0.0,0.0,2.28,0.2866,39.45,0.0
8587,40.21,0.0,0.0,0.0,0.76,0.0719,39.45,0.0
8588,38.48,0.0,0.0,0.0,0.0,0.0,38.48,0.0
8589,36.61,0.0,0.0,0.0,0.0,0.0,36.61,0.0
8590,34.66,0.0,0.0,0.0,0.0,0.0,34.66,0.0
8591,34.66,0.0,0.0,0.0,0.0,0.0,34.66,0.0
8592,34.7,0.0,0.0,0.0,0.0,0.0,34.7,0.0
8593,34.7,0.0,0.0,0.0,0.0,0.0,34.7,0.0
8594,34.7,0.0,0.0,0.0,0.0,0.0,34.7,0.0
8595,34.7,0.0,0.0,0.0,0.0,0.0,34.7,0.0
8596,34.7,0.0,0.0,0.0,0.0,0.0,34.7,0.0
8597,34.7,0.0,0.0,0.0,0.0,0.0,34.7,0.0
8598,34.7,0.0,0.0,0.0,0.0,0.0,34.7,0.0
8599,36.65,0.0,5.42,0.0,0.0,0.0,31.23,0.0
8600,38.53,0.0,13.91,0.0,0.0,0.0,24.61,0.0
8601,40.26,0.0,19.7,0.0,0.0,0.0,20.56,0.0
8602,41.77,0.0,23.14,0.0,0.0,0.0,18.64,0.0
8603,43.01,0.0,26.4,0.0,0.0,0.0,16.62,0.0
8604,43.94,0.0,27.36,0.0,0.0,0.0,16.58,0.0
8605,44.51,0.0,27.39,0.0,0.0,0.0,17.11,0.0
8606,44.7,0.0,23.31,0.9,0.0,0.0,22.28,0.0
8607,44.51,0.0,20.03,0.0,0.0,0.0762,24.48,0.0
8608,43.94,0.0,13.89,0.0,0.0,0.0762,30.05,0.0
8609,43.01,0.0,6.13,2.57,0.0,0.0762,39.45,0.0
8610,41.77,0.0,0.0,0.0,2.32,0.2947,39.45,0.0
8611,40.26,0.0,0.0,0.0,0.8,0.0759,39.45,0.0
8612,38.53,0.0,0.0,0.0,0.0,0.0,38.53,0.0
8613,36.65,0.0,0.0,0.0,0.0,0.0,36.65,0.0
8614,34.7,0.0,0.0,0.0,0.0,0.0,34.7,0.0
8615,34.7,0.0,0.0,0.0,0.0,0.0,34.7,0.0
8616,34.74,0.0,0.0,0.0,0.0,0.0,34.74,0.0
8617,34.74,0.0,0.0,0.0,0.0,0.0,34.74,0.0
8618,34.74,0.0,0.0,0.0,0.0,0.0,34.74,0.0
8619,34.74,0.0,0.0,0.0,0.0,0.0,34.74,0.0
8620,34.74,0.0,0.0,0.0,0.0,0.0,34.74,0.0
8621,34.74,0.0,0.0,0.0,0.0,0.0,34.74,0.0
8622,34.74,0.0,0.0,0.0,0.0,0.0,34.74,0.0
8623,36.69,0.0,5.54,0.0,0.0,0.0,31.15,0.0
8624,38.57,0.0,13.13,0.0,0.0,0.0,25.44,0.0
8625,40.3,0.0,18.37,0.0,0.0,0.0,21.93,0.0
8626,41.81,0.0,24.59,0.0,0.0,0.0,17.22,0.0
8627,43.06,0.0,28.18,0.0,0.0,0.0,14.88,0.0
8628,43.98,0.0,27.4,0.0,0.0,0.0,16.58,0.0
8629,44.55,0.0,27.96,0.0,0.0,0.0,16.59,0.0
8630,44.74,0.0,23.52,0.0,0.0,0.0,21.22,0.0
8631,44.55,0.0,20.23,0.0,0.0,0.0,24.32,0.0
8632,43.98,0.0,13.06,0.47,0.0,0.0,31.39,0.0
8633,43.06,0.0,6.69,3.09,0.0,0.04,39.45,0.0
8634,41.81,0.0,0.0,0.0,2.36,0.3028,39.45,0.0
8635,40.3,0.0,0.0,0.0,0.85,0.0799,39.45,0.0
8636,38.57,0.0,0.0,0.0,0.0,0.0,38.57,0.0
8637,36.69,0.0,0.0,0.0,0.0,0.0,36.69,0.0
8638,34.74,0.0,0.0,0.0,0.0,0.0,34.74,0.0
8639,34.74,0.0,0.0,0.0,0.0,0.0,34.74,0.0
8640,34.79,0.0,0.0,0.0,0.0,0.0,34.79,0.0
8641,34.79,0.0,0.0,0.0,0.0,0.0,34.79,0.0
8642,34.79,0.0,0.0,0.0,0.0,0.0,34.79,0.0
8643,34.79,0.0,0.0,0.0,0.0,0.0,34.79,0.0
8644,34.79,0.0,0.0,0.0,0.0,0.0,34.79,0.0
8645,34.79,0.0,0.0,0.0,0.0,0.0,34.79,0.0
8646,34.79,0.0,0.0,0.0,0.0,0.0,34.79,0.0
8647,36.74,0.0,5.81,0.0,0.0,0.0,30.92,0.0
8648,38.61,0.0,14.42,0.0,0.0,0.0,24.19,0.0
8649,40.34,0.0,19.34,0.0,0.0,0.0,21.0,0.0
8650,41.86,0.0,23.76,0.0,0.0,0.0,18.09,0.0
8651,43.1,0.0,26.0,0.0,0.0,0.0,17.1,0.0
8652,44.02,0.0,26.89,0.0,0.0,0.0,17.13,0.0
8653,44.59,0.0,26.8,0.0,0.0,0.0,17.79,0.0
8654,44.79,0.0,24.75,0.0,0.0,0.0,20.04,0.0
8655,44.59,0.0,18.26,0.0,0.0,0.0,26.33,0.0
8656,44.02,0.0,13.25,0.13,0.0,0.0,30.89,0.0
8657,43.1,0.0,7.18,3.53,0.0,0.0107,39.45,0.0
8658,41.86,0.0,0.0,0.0,2.41,0.3108,39.45,0.0
8659,40.34,0.0,0.0,0.0,0.89,0.084,39.45,0.0
8660,38.61,0.0,0.0,0.0,0.0,0.0,38.61,0.0
8661,36.74,0.0,0.0,0.0,0.0,0.0,36.74,0.0
8662,34.79,0.0,0.0,0.0,0.0,0.0,34.79,0.0
8663,34.79,0.0,0.0,0.0,0.0,0.0,34.79,0.0
8664,34.83,0.0,0.0,0.0,0.0,0.0,34.83,0.0
8665,34.83,0.0,0.0,0.0,0.0,0.0,34.83,0.0
8666,34.83,0.0,0.0,0.0,0.0,0.0,34.83,0.0
8667,34.83,0.0,0.0,0.0,0.0,0.0,34.83,0.0
8668,34.83,0.0,0.0,0.0,0.0,0.0,34.83,0.0
8669,34.83,0.0,0.0,0.0,0.0,0.0,34.83,0.0
8670,34.83,0.0,0.0,0.0,0.0,0.0,34.83,0.0
8671,36.78,0.0,7.02,0.0,0.0,0.0,29.76,0.0
8672,38.65,0.0,13.4,0.0,0.0,0.0,25.26,0.0
8673,40.38,0.0,18.79,0.0,0.0,0.0,21.6,0.0
8674,41.9,0.0,24.94,0.0,0.0,0.0,16.96,0.0
8675,43.14,0.0,26.71,0.0,0.0,0.0,16.43,0.0
8676,44.07,0.0,28.45,0.0,0.0,0.0,15.62,0.0
8677,44.64,0.0,27.46,0.0,0.0,0.0,17.18,0.0
8678,44.83,0.0,25.13,0.0,0.0,0.0,19.7,0.0
8679,44.64,0.0,19.21,0.31,0.0,0.0,25.73,0.0
8680,44.07,0.0,12.91,0.0,0.0,0.0266,31.16,0.0
8681,43.14,0.0,7.13,3.43,0.0,0.0266,39.45,0.0
8682,41.9,0.0,0.0,0.0,2.45,0.3189,39.45,0.0
8683,40.38,0.0,0.0,0.0,0.93,0.088,39.45,0.0
8684,38.65,0.0,0.0,0.0,0.0,0.0,38.65,0.0
8685,36.78,0.0,0.0,0.0,0.0,0.0,36.78,0.0
8686,34.83,0.0,0.0,0.0,0.0,0.0,34.83,0.0
8687,34.83,0.0,0.0,0.0,0.0,0.0,34.83,0.0
8688,34.87,0.0,0.0,0.0,0.0,0.0,34.87,0.0
8689,34.87,0.0,0.0,0.0,0.0,0.0,34.87,0.0
8690,34.87,0.0,0.0,0.0,0.0,0.0,34.87,0.0
8691,34.87,0.0,0.0,0.0,0.0,0.0,34.87,0.0
8692,34.87,0.0,0.0,0.0,0.0,0.0,34.87,0.0
8693,34.87,0.0,0.0,0.0,0.0,0.0,34.87,0.0
8694,34.87,0.0,0.0,0.0,0.0,0.0,34.87,0.0
8695,36.82,0.0,5.3,0.0,0.0,0.0,31.52,0.0
8696,38.7,0.0,12.39,0.0,0.0,0.0,26.3,0.0
8697,40.43,0.0,20.67,0.0,0.0,0.0,19.76,0.0
8698,41.94,0.0,25.16,0.0,0.0,0.0,16.78,0.0
8699,43.19,0.0,26.9,0.0,0.0,0.0,16.28,0.0
8700,44.11,0.0,28.4,0.0,0.0,0.0,15.71,0.0
8701,44.68,0.0,27.54,0.0,0.0,0.0,17.14,0.0
8702,44.87,0.0,24.31,0.0,0.0,0.0,20.56,0.0
8703,44.68,0.0,18.66,0.0,0.0,0.0,26.02,0.0
8704,44.11,0.0,13.99,1.96,0.0,0.0,32.08,0.0
8705,43.19,0.0,5.62,1.88,0.0,0.1667,39.45,0.0
8706,41.94,0.0,0.0,0.0,2.49,0.327,39.45,0.0
8707,40.43,0.0,0.0,0.0,0.98,0.0921,39.45,0.0
8708,38.7,0.0,0.0,0.0,0.0,0.0,38.7,0.0
8709,36.82,0.0,0.0,0.0,0.0,0.0,36.82,0.0
8710,34.87,0.0,0.0,0.0,0.0,0.0,34.87,0.0
8711,34.87,0.0,0.0,0.0,0.0,0.0,34.87,0.0
8712,34.91,0.0,0.0,0.0,0.0,0.0,34.91,0.0
8713,34.91,0.0,0.0,0.0,0.0,0.0,34.91,0.0
8714,34.91,0.0,0.0,0.0,0.0,0.0,34.91,0.0
8715,34.91,0.0,0.0,0.0,0.0,0.0,34.91,0.0
8716,34.91,0.0,0.0,0.0,0.0,0.0,34.91,0.0
8717,34.91,0.0,0.0,0.0,0.0,0.0,34.91,0.0
8718,34.91,0.0,0.0,0.0,0.0,0.0,34.91,0.0
8719,36.86,0.0,7.46,0.0,0.0,0.0,29.4,0.0
8720,38.74,0.0,13.6,0.0,0.0,0.0,25.14,0.0
8721,40.47,0.0,20.36,0.0,0.0,0.0,20.11,0.0
8722,41.99,0.0,25.01,0.0,0.0,0.0,16.97,0.0
8723,43.23,0.0,26.3,0.0,0.0,0.0,16.93,0.0
8724,44.15,0.0,27.14,0.0,0.0,0.0,17.02,0.0
8725,44.72,0.0,26.2,0.0,0.0,0.0,18.52,0.0
8726,44.91,0.0,23.61,0.0,0.0,0.0,21.3,0.0
8727,44.72,0.0,19.02,0.0,0.0,0.0,25.7,0.0
8728,44.15,0.0,13.73,1.65,0.0,0.0,32.07,0.0
8729,43.23,0.0,6.06,2.28,0.0,0.1408,39.45,0.0
8730,41.99,0.0,0.0,0.0,2.53,0.3352,39.45,0.0
8731,40.47,0.0,0.0,0.0,1.02,0.0961,39.45,0.0
8732,38.74,0.0,0.0,0.0,0.0,0.0,38.74,0.0
8733,36.86,0.0,0.0,0.0,0.0,0.0,36.86,0.0
8734,34.91,0.0,0.0,0.0,0.0,0.0,34.91,0.0
8735,34.91,0.0,0.0,0.0,0.0,0.0,34.91,0.0
8736,34.96,0.0,0.0,0.0,0.0,0.0,34.96,0.0
8737,34.96,0.0,0.0,0.0,0.0,0.0,34.96,0.0
8738,34.96,0.0,0.0,0.0,0.0,0.0,34.96,0.0
8739,34.96,0.0,0.0,0.0,0.0,0.0,34.96,0.0
8740,34.96,0.0,0.0,0.0,0.0,0.0,34.96,0.0
8741,34.96,0.0,0.0,0.0,0.0,0.0,34.96,0.0
8742,34.96,0.0,0.0,0.0,0.0,0.0,34.96,0.0
8743,36.91,0.0,6.75,0.0,0.0,0.0,30.16,0.0
8744,38.78,0.0,13.96,0.0,0.0,0.0,24.82,0.0
8745,40.51,0.0,18.64,0.0,0.0,0.0,21.88,0.0
8746,42.03,0.0,25.06,0.0,0.0,0.0,16.97,0.0
8747,43.27,0.0,28.1,0.0,0.0,0.0,15.18,0.0
8748,44.2,0.0,28.09,0.0,0.0,0.0,16.11,0.0
8749,44.76,0.0,27.91,0.0,0.0,0.0,16.85,0.0
8750,44.96,0.0,24.02,0.0,0.0,0.0,20.94,0.0
8751,44.76,0.0,19.22,2.11,0.0,0.0,27.66,0.0
8752,44.2,0.0,12.97,0.0,0.0,0.1796,31.23,0.0
8753,43.27,0.0,5.74,1.92,0.0,0.1796,39.45,0.0
8754,42.03,0.0,0.0,0.0,2.58,0.3433,39.45,0.0
8755,40.51,0.0,0.0,0.0,1.06,0.1002,39.45,0.0
8756,38.78,0.0,0.0,0.0,0.0,0.0,38.78,0.0
8757,36.91,0.0,0.0,0.0,0.0,0.0,36.91,0.0
8758,34.96,0.0,0.0,0.0,0.0,0.0,34.96,0.0
8759,34.96,0.0,0.0,0.0,0.0,0.0,34.96,0.0
