Hour,Load,P_WT,P_PV,P_ST_Charge,P_ST_Discharge,SOC,P_Grid_Buy,P_Grid_Sell
0,35.0,0.0,0.0,0.0,35.0,0.5,0.0,0.0
1,35.0,5.24,0.0,0.0,11.98,0.202,17.78,0.0
2,35.0,6.18,0.0,0.0,0.0,0.1,28.82,0.0
3,35.0,7.16,0.0,1.54,0.0,0.1,29.38,0.0
4,35.0,4.47,0.0,0.0,0.53,0.1118,30.0,0.0
5,35.0,4.14,0.0,0.0,0.86,0.1073,30.0,0.0
6,35.0,6.27,0.0,0.0,0.0,0.1,28.73,0.0
7,36.95,4.8,4.55,0.0,0.0,0.1,27.59,0.0
8,38.83,2.78,10.37,0.0,0.0,0.1,25.68,0.0
9,40.56,3.88,15.2,0.0,0.0,0.1,21.47,0.0
10,42.07,2.29,18.88,2.19,0.0,0.1,23.1,0.0
11,43.31,2.15,20.41,9.24,0.0,0.1168,30.0,0.0
12,44.24,3.07,21.72,10.55,0.0,0.1878,30.0,0.0
13,44.81,0.17,21.66,7.01,0.0,0.2689,30.0,0.0
14,45.0,0.56,18.77,4.33,0.0,0.3228,30.0,0.0
15,44.81,2.37,14.56,2.12,0.0,0.3561,30.0,0.0
16,44.24,2.04,10.93,0.0,1.28,0.3724,30.0,0.0
17,43.31,4.18,5.51,0.0,3.63,0.3615,30.0,0.0
18,42.07,2.86,0.0,0.0,9.21,0.3306,30.0,0.0
19,40.56,2.53,0.0,0.0,8.03,0.2522,30.0,0.0
20,38.83,6.8,0.0,0.0,2.03,0.1839,30.0,0.0
21,36.95,4.77,0.0,0.0,2.18,0.1666,30.0,0.0
22,35.0,5.39,0.0,0.39,0.0,0.148,30.0,0.0
23,35.0,3.48,0.0,0.0,1.52,0.151,30.0,0.0
24,35.04,4.73,0.0,0.0,0.31,0.1381,30.0,0.0
25,35.04,5.58,0.0,0.54,0.0,0.1354,30.0,0.0
26,35.04,3.72,0.0,0.0,1.33,0.1395,30.0,0.0
27,35.04,5.59,0.0,0.55,0.0,0.1283,30.0,0.0
28,35.04,3.97,0.0,0.0,1.07,0.1325,30.0,0.0
29,35.04,4.06,0.0,0.0,0.98,0.1233,30.0,0.0
30,35.04,3.28,0.0,0.0,1.76,0.115,30.0,0.0
31,36.99,6.29,5.03,0.0,0.0,0.1,25.67,0.0
32,38.87,3.4,10.48,0.0,0.0,0.1,24.99,0.0
33,40.6,1.69,15.03,0.0,0.0,0.1,23.88,0.0
34,42.11,4.05,18.74,0.0,0.0,0.1,19.32,0.0
35,43.36,1.11,21.21,8.19,0.0,0.1,29.22,0.0
36,44.28,3.02,21.77,10.51,0.0,0.1629,30.0,0.0
37,44.85,0.1,20.13,5.38,0.0,0.2437,30.0,0.0
38,45.04,1.1,17.78,3.84,0.0,0.285,30.0,0.0
39,44.85,3.41,15.02,3.57,0.0,0.3145,30.0,0.0
40,44.28,4.43,10.12,0.27,0.0,0.3419,30.0,0.0
41,43.36,3.99,5.62,0.0,3.75,0.344,30.0,0.0
42,42.11,3.95,0.0,0.0,8.16,0.3121,30.0,0.0
43,40.6,4.05,0.0,0.0,6.55,0.2426,30.0,0.0
44,38.87,2.77,0.0,0.0,6.1,0.1868,30.0,0.0
45,36.99,4.09,0.0,0.0,2.9,0.1349,30.0,0.0
46,35.04,4.66,0.0,0.0,0.38,0.1101,30.0,0.0
47,35.04,6.88,0.0,1.83,0.0,0.1069,30.0,0.0
48,35.09,5.95,0.0,0.86,0.0,0.121,30.0,0.0
49,35.09,3.02,0.0,0.0,2.07,0.1276,30.0,0.0
50,35.09,5.74,0.0,0.65,0.0,0.11,30.0,0.0
51,35.09,4.55,0.0,0.0,0.54,0.115,30.0,0.0
52,35.09,3.86,0.0,0.0,1.22,0.1104,30.0,0.0
53,35.09,5.3,0.0,0.0,0.0,0.1,29.79,0.0
54,35.09,5.52,0.0,0.0,0.0,0.1,29.57,0.0
55,37.04,5.03,5.28,0.0,0.0,0.1,26.73,0.0
56,38.91,2.27,10.52,0.0,0.0,0.1,26.12,0.0
57,40.64,2.72,14.7,0.0,0.0,0.1,23.22,0.0
58,42.16,3.37,17.93,0.0,0.0,0.1,20.85,0.0
59,43.4,4.12,20.87,1.35,0.0,0.1,19.76,0.0
60,44.32,2.08,21.34,9.1,0.0,0.1104,30.0,0.0
61,44.89,2.53,20.73,8.36,0.0,0.1803,30.0,0.0
62,45.09,1.41,18.4,4.72,0.0,0.2445,30.0,0.0
63,44.89,1.5,14.71,1.32,0.0,0.2808,30.0,0.0
64,44.32,4.53,9.72,0.0,0.07,0.2909,30.0,0.0
65,43.4,5.61,5.69,0.0,2.1,0.2904,30.0,0.0
66,42.16,4.01,0.0,0.0,8.15,0.2725,30.0,0.0
67,40.64,5.84,0.0,0.0,4.81,0.2031,30.0,0.0
68,38.91,5.29,0.0,0.0,3.63,0.1622,30.0,0.0
69,37.04,4.19,0.0,0.0,2.85,0.1313,30.0,0.0
70,35.09,5.79,0.0,0.7,0.0,0.1071,30.0,0.0
71,35.09,7.54,0.0,2.45,0.0,0.1125,30.0,0.0
72,35.13,5.43,0.0,0.3,0.0,0.1313,30.0,0.0
73,35.13,7.57,0.0,2.44,0.0,0.1336,30.0,0.0
74,35.13,1.7,0.0,0.0,3.42,0.1523,30.0,0.0
75,35.13,6.2,0.0,1.07,0.0,0.1232,30.0,0.0
76,35.13,4.91,0.0,0.0,0.22,0.1314,30.0,0.0
77,35.13,4.05,0.0,0.0,1.08,0.1295,30.0,0.0
78,35.13,4.23,0.0,0.0,0.9,0.1204,30.0,0.0
79,37.08,1.03,4.56,0.0,1.49,0.1127,30.0,0.0
80,38.96,0.0,10.71,0.0,0.0,0.1,28.24,0.0
81,40.68,3.63,14.7,0.0,0.0,0.1,22.36,0.0
82,42.2,4.94,18.55,0.0,0.0,0.1,18.7,0.0
83,43.44,2.07,21.12,6.88,0.0,0.1,27.13,0.0
84,44.37,1.63,20.89,8.15,0.0,0.1529,30.0,0.0
85,44.94,2.1,20.28,7.44,0.0,0.2155,30.0,0.0
86,45.13,4.17,18.92,7.97,0.0,0.2727,30.0,0.0
87,44.94,3.59,15.91,4.56,0.0,0.3339,30.0,0.0
88,44.37,2.7,10.74,0.0,0.93,0.369,30.0,0.0
89,43.44,4.45,5.11,0.0,3.88,0.3611,30.0,0.0
90,42.2,4.24,0.0,0.0,7.96,0.328,30.0,0.0
91,40.68,5.79,0.0,0.0,4.9,0.2602,30.0,0.0
92,38.96,3.83,0.0,0.0,5.13,0.2185,30.0,0.0
93,37.08,4.63,0.0,0.0,2.45,0.1749,30.0,0.0
94,35.13,4.75,0.0,0.0,0.37,0.154,30.0,0.0
95,35.13,3.42,0.0,0.0,1.7,0.1508,30.0,0.0
96,35.17,5.88,0.0,0.71,0.0,0.1363,30.0,0.0
97,35.17,5.78,0.0,0.61,0.0,0.1417,30.0,0.0
98,35.17,5.3,0.0,0.13,0.0,0.1464,30.0,0.0
99,35.17,4.75,0.0,0.0,0.42,0.1474,30.0,0.0
100,35.17,2.85,0.0,0.0,2.32,0.1438,30.0,0.0
101,35.17,3.88,0.0,0.0,1.29,0.1241,30.0,0.0
102,35.17,3.64,0.0,0.0,1.54,0.1131,30.0,0.0
103,37.12,2.65,5.62,0.0,0.0,0.1,28.85,0.0
104,39.0,3.2,10.72,0.0,0.0,0.1,25.07,0.0
105,40.73,3.69,14.78,0.0,0.0,0.1,22.26,0.0
106,42.24,0.0,18.04,0.0,0.0,0.1,24.21,0.0
107,43.49,3.02,20.85,0.51,0.0,0.1,20.13,0.0
108,44.41,3.09,21.06,9.73,0.0,0.104,30.0,0.0
109,44.98,2.68,21.16,8.86,0.0,0.1788,30.0,0.0
110,45.17,0.29,19.03,4.15,0.0,0.2469,30.0,0.0
111,44.98,3.1,15.36,3.48,0.0,0.2787,30.0,0.0
112,44.41,3.5,11.01,0.1,0.0,0.3054,30.0,0.0
113,43.49,7.12,4.32,0.0,2.05,0.3062,30.0,0.0
114,42.24,3.84,0.0,0.0,8.4,0.2887,30.0,0.0
115,40.73,4.87,0.0,0.0,5.86,0.2172,30.0,0.0
116,39.0,4.74,0.0,0.0,4.26,0.1673,30.0,0.0
117,37.12,3.47,0.0,0.0,3.65,0.1311,30.0,0.0
118,35.17,6.86,0.0,0.0,0.0,0.1,28.32,0.0
119,35.17,6.46,0.0,0.22,0.0,0.1,28.93,0.0
120,35.21,6.56,0.0,1.34,0.0,0.1017,30.0,0.0
121,35.21,4.18,0.0,0.0,1.03,0.112,30.0,0.0
122,35.21,7.21,0.0,1.99,0.0,0.1031,30.0,0.0
123,35.21,3.15,0.0,0.0,2.06,0.1185,30.0,0.0
124,35.21,5.59,0.0,0.38,0.0,0.1009,30.0,0.0
125,35.21,7.46,0.0,2.24,0.0,0.1038,30.0,0.0
126,35.21,2.75,0.0,0.0,2.47,0.121,30.0,0.0
127,37.17,2.97,4.82,0.0,0.0,0.1,29.37,0.0
128,39.04,3.55,9.84,0.0,0.0,0.1,25.65,0.0
129,40.77,2.45,15.31,0.0,0.0,0.1,23.02,0.0
130,42.29,0.79,18.28,0.0,0.0,0.1,23.21,0.0
131,43.53,2.87,21.61,6.15,0.0,0.1,25.2,0.0
132,44.45,1.28,21.57,8.39,0.0,0.1473,30.0,0.0
133,45.02,3.43,20.3,8.7,0.0,0.2118,30.0,0.0
134,45.21,1.66,17.81,4.25,0.0,0.2786,30.0,0.0
135,45.02,5.26,15.89,6.13,0.0,0.3113,30.0,0.0
136,44.45,2.35,10.54,0.0,1.56,0.3584,30.0,0.0
137,43.53,3.31,5.49,0.0,4.73,0.3451,30.0,0.0
138,42.29,5.22,0.0,0.0,7.07,0.3048,30.0,0.0
139,40.77,2.77,0.0,0.0,8.0,0.2446,30.0,0.0
140,39.04,5.1,0.0,0.0,3.94,0.1765,30.0,0.0
141,37.17,6.86,0.0,0.0,0.31,0.1429,30.0,0.0
142,35.21,3.09,0.0,0.0,2.13,0.1403,30.0,0.0
143,35.21,5.68,0.0,0.46,0.0,0.1222,30.0,0.0
144,35.26,5.83,0.0,0.57,0.0,0.1258,30.0,0.0
145,35.26,6.49,0.0,1.24,0.0,0.1301,30.0,0.0
146,35.26,3.59,0.0,0.0,1.67,0.1396,30.0,0.0
147,35.26,3.26,0.0,0.0,2.0,0.1255,30.0,0.0
148,35.26,5.5,0.0,0.24,0.0,0.1084,30.0,0.0
149,35.26,4.86,0.0,0.0,0.4,0.1103,30.0,0.0
150,35.26,4.44,0.0,0.0,0.81,0.1069,30.0,0.0
151,37.21,4.22,4.42,0.0,0.0,0.1,28.56,0.0
152,39.08,2.48,10.83,0.0,0.0,0.1,25.77,0.0
153,40.81,3.45,15.5,0.0,0.0,0.1,21.87,0.0
154,42.33,3.32,18.44,0.0,0.0,0.1,20.58,0.0
155,43.57,1.8,21.74,0.16,0.0,0.1,20.2,0.0
156,44.5,5.29,21.48,12.27,0.0,0.1013,30.0,0.0
157,45.07,3.43,20.29,8.65,0.0,0.1956,30.0,0.0
158,45.26,1.28,18.38,4.4,0.0,0.2621,30.0,0.0
159,45.07,4.03,15.25,4.21,0.0,0.2959,30.0,0.0
160,44.5,2.08,10.54,0.0,1.87,0.3283,30.0,0.0
161,43.57,4.82,4.45,0.0,4.3,0.3123,30.0,0.0
162,42.33,5.69,0.0,0.0,6.64,0.2757,30.0,0.0
163,40.81,3.33,0.0,0.0,7.48,0.2192,30.0,0.0
164,39.08,6.1,0.0,0.0,2.98,0.1555,30.0,0.0
165,37.21,5.63,0.0,0.0,1.57,0.1301,30.0,0.0
166,35.26,6.41,0.0,1.15,0.0,0.1167,30.0,0.0
167,35.26,8.02,0.0,2.76,0.0,0.1256,30.0,0.0
168,35.3,5.13,0.0,0.0,0.17,0.1468,30.0,0.0
169,35.3,4.39,0.0,0.0,0.91,0.1454,30.0,0.0
170,35.3,4.07,0.0,0.0,1.23,0.1376,30.0,0.0
171,35.3,3.95,0.0,0.0,1.35,0.1271,30.0,0.0
172,35.3,4.68,0.0,0.0,0.62,0.1156,30.0,0.0
173,35.3,4.92,0.0,0.0,0.38,0.1103,30.0,0.0
174,35.3,4.48,0.0,0.0,0.82,0.107,30.0,0.0
175,37.25,4.88,5.65,0.0,0.0,0.1,26.72,0.0
176,39.13,3.43,11.23,0.0,0.0,0.1,24.47,0.0
177,40.86,5.12,15.84,0.0,0.0,0.1,19.9,0.0
178,42.37,2.55,18.97,0.0,0.0,0.1,20.86,0.0
179,43.62,6.5,21.19,9.14,0.0,0.1,25.06,0.0
180,44.54,3.59,21.71,10.76,0.0,0.1702,30.0,0.0
181,45.11,1.6,21.76,8.25,0.0,0.2529,30.0,0.0
182,45.3,1.45,19.34,5.48,0.0,0.3163,30.0,0.0
183,45.11,3.79,14.58,3.26,0.0,0.3584,30.0,0.0
184,44.54,3.11,10.51,0.0,0.92,0.3835,30.0,0.0
185,43.62,4.72,4.38,0.0,4.51,0.3756,30.0,0.0
186,42.37,4.75,0.0,0.0,7.63,0.3372,30.0,0.0
187,40.86,4.35,0.0,0.0,6.5,0.2723,30.0,0.0
188,39.13,3.62,0.0,0.0,5.5,0.2169,30.0,0.0
189,37.25,2.99,0.0,0.0,4.26,0.17,30.0,0.0
190,35.3,4.67,0.0,0.0,0.63,0.1338,30.0,0.0
191,35.3,6.59,0.0,1.29,0.0,0.1284,30.0,0.0
192,35.34,5.76,0.0,0.41,0.0,0.1383,30.0,0.0
193,35.34,3.71,0.0,0.0,1.63,0.1415,30.0,0.0
194,35.34,5.52,0.0,0.17,0.0,0.1276,30.0,0.0
195,35.34,5.59,0.0,0.25,0.0,0.129,30.0,0.0
196,35.34,3.57,0.0,0.0,1.77,0.1309,30.0,0.0
197,35.34,4.66,0.0,0.0,0.68,0.1158,30.0,0.0
198,35.34,4.17,0.0,0.0,1.17,0.11,30.0,0.0
199,37.29,2.18,5.67,0.0,0.0,0.1,29.44,0.0
200,39.17,3.9,10.39,0.0,0.0,0.1,24.88,0.0
201,40.9,3.89,16.0,0.0,0.0,0.1,21.01,0.0
202,42.41,4.39,18.53,0.0,0.0,0.1,19.49,0.0
203,43.66,4.22,20.17,0.0,0.0,0.1,19.28,0.0
204,44.58,0.84,21.37,4.66,0.0,0.1,27.04,0.0
205,45.15,1.49,20.95,7.29,0.0,0.1358,30.0,0.0
206,45.34,3.61,19.56,7.83,0.0,0.1918,30.0,0.0
207,45.15,3.83,14.82,3.5,0.0,0.252,30.0,0.0
208,44.58,4.12,10.17,0.0,0.3,0.2789,30.0,0.0
209,43.66,9.02,5.81,1.17,0.0,0.2763,30.0,0.0
210,42.41,4.88,0.0,0.0,7.54,0.2853,30.0,0.0
211,40.9,6.0,0.0,0.0,4.89,0.2211,30.0,0.0
212,39.17,6.09,0.0,0.0,3.08,0.1794,30.0,0.0
213,37.29,5.95,0.0,0.0,1.34,0.1532,30.0,0.0
214,35.34,4.85,0.0,0.0,0.49,0.1418,30.0,0.0
215,35.34,6.46,0.0,1.11,0.0,0.1375,30.0,0.0
216,35.39,4.4,0.0,0.0,0.98,0.1461,30.0,0.0
217,35.39,5.09,0.0,0.0,0.3,0.1377,30.0,0.0
218,35.39,4.61,0.0,0.0,0.77,0.1352,30.0,0.0
219,35.39,5.17,0.0,0.0,0.21,0.1286,30.0,0.0
220,35.39,7.95,0.0,2.56,0.0,0.1268,30.0,0.0
221,35.39,1.89,0.0,0.0,3.5,0.1465,30.0,0.0
222,35.39,5.03,0.0,0.0,0.35,0.1167,30.0,0.0
223,37.34,1.53,4.2,0.0,1.61,0.1137,30.0,0.0
224,39.21,2.76,9.71,0.0,0.0,0.1,26.74,0.0
225,40.94,4.61,15.98,0.0,0.0,0.1,20.34,0.0
226,42.46,2.99,18.92,0.0,0.0,0.1,20.54,0.0
227,43.7,1.29,21.13,6.21,0.0,0.1,27.49,0.0
228,44.62,1.74,22.26,9.38,0.0,0.1477,30.0,0.0
229,45.19,3.7,21.98,10.48,0.0,0.2198,30.0,0.0
230,45.39,1.91,19.33,5.85,0.0,0.3003,30.0,0.0
231,45.19,3.42,15.98,4.2,0.0,0.3453,30.0,0.0
232,44.62,3.47,10.98,0.0,0.18,0.3776,30.0,0.0
233,43.7,2.84,4.41,0.0,6.45,0.3761,30.0,0.0
234,42.46,7.03,0.0,0.0,5.43,0.3212,30.0,0.0
235,40.94,5.31,0.0,0.0,5.63,0.2749,30.0,0.0
236,39.21,2.0,0.0,0.0,7.21,0.227,30.0,0.0
237,37.34,5.31,0.0,0.0,2.02,0.1656,30.0,0.0
238,35.39,4.37,0.0,0.0,1.01,0.1484,30.0,0.0
239,35.39,6.58,0.0,1.2,0.0,0.1398,30.0,0.0
240,35.43,4.37,0.0,0.0,1.06,0.1489,30.0,0.0
241,35.43,5.25,0.0,0.0,0.18,0.14,30.0,0.0
242,35.43,5.96,0.0,0.54,0.0,0.1385,30.0,0.0
243,35.43,6.24,0.0,0.81,0.0,0.1426,30.0,0.0
244,35.43,3.13,0.0,0.0,2.3,0.1488,30.0,0.0
245,35.43,3.98,0.0,0.0,1.44,0.1293,30.0,0.0
246,35.43,3.44,0.0,0.0,1.99,0.117,30.0,0.0
247,37.38,2.84,5.29,0.0,0.0,0.1,29.25,0.0
248,39.26,5.82,9.95,0.0,0.0,0.1,23.48,0.0
249,40.98,3.67,14.69,0.0,0.0,0.1,22.62,0.0
250,42.5,1.18,19.43,1.65,0.0,0.1,23.54,0.0
251,43.74,4.02,21.28,11.56,0.0,0.1127,30.0,0.0
252,44.67,5.62,21.55,12.51,0.0,0.2015,30.0,0.0
253,45.24,4.18,21.34,10.29,0.0,0.2977,30.0,0.0
254,45.43,0.82,19.47,4.86,0.0,0.3767,30.0,0.0
255,45.24,2.46,14.38,1.6,0.0,0.4141,30.0,0.0
256,44.67,5.14,10.23,0.7,0.0,0.4264,30.0,0.0
257,43.74,2.76,4.31,0.0,6.67,0.4318,30.0,0.0
258,42.5,4.7,0.0,0.0,7.8,0.375,30.0,0.0
259,40.98,5.5,0.0,0.0,5.48,0.3085,30.0,0.0
260,39.26,3.5,0.0,0.0,5.75,0.2619,30.0,0.0
261,37.38,4.97,0.0,0.0,2.4,0.2129,30.0,0.0
262,35.43,0.84,0.0,0.0,4.59,0.1924,30.0,0.0
263,35.43,4.01,0.0,0.0,1.42,0.1533,30.0,0.0
264,35.47,5.11,0.0,0.0,0.36,0.1412,30.0,0.0
265,35.47,3.7,0.0,0.0,1.77,0.1381,30.0,0.0
266,35.47,7.5,0.0,2.03,0.0,0.123,30.0,0.0
267,35.47,3.09,0.0,0.0,2.38,0.1386,30.0,0.0
268,35.47,4.17,0.0,0.0,1.31,0.1184,30.0,0.0
269,35.47,4.62,0.0,0.0,0.85,0.1073,30.0,0.0
270,35.47,6.06,0.0,0.44,0.0,0.1,29.86,0.0
271,37.42,1.76,5.26,0.0,0.4,0.1034,30.0,0.0
272,39.3,4.99,11.46,0.0,0.0,0.1,22.85,0.0
273,41.03,3.13,15.54,0.0,0.0,0.1,22.36,0.0
274,42.54,1.55,18.87,0.0,0.0,0.1,22.12,0.0
275,43.79,3.39,21.85,6.09,0.0,0.1,24.63,0.0
276,44.71,2.99,21.82,10.1,0.0,0.1468,30.0,0.0
277,45.28,1.94,21.61,8.27,0.0,0.2244,30.0,0.0
278,45.47,2.99,18.68,6.21,0.0,0.288,30.0,0.0
279,45.28,2.59,16.17,3.48,0.0,0.3357,30.0,0.0
280,44.71,3.55,9.81,0.0,1.34,0.3624,30.0,0.0
281,43.79,4.64,5.91,0.0,3.24,0.351,30.0,0.0
282,42.54,6.25,0.0,0.0,6.29,0.3234,30.0,0.0
283,41.03,2.74,0.0,0.0,8.28,0.2698,30.0,0.0
284,39.3,7.69,0.0,0.0,1.61,0.1993,30.0,0.0
285,37.42,2.38,0.0,0.0,5.04,0.1856,30.0,0.0
286,35.47,5.06,0.0,0.0,0.41,0.1427,30.0,0.0
287,35.47,6.21,0.0,0.74,0.0,0.1392,30.0,0.0
288,35.51,5.83,0.0,0.32,0.0,0.1449,30.0,0.0
289,35.51,4.55,0.0,0.0,0.96,0.1473,30.0,0.0
290,35.51,4.98,0.0,0.0,0.53,0.1391,30.0,0.0
291,35.51,4.37,0.0,0.0,1.14,0.1346,30.0,0.0
292,35.51,3.96,0.0,0.0,1.56,0.1249,30.0,0.0
293,35.51,5.6,0.0,0.08,0.0,0.1116,30.0,0.0
294,35.51,4.57,0.0,0.0,0.95,0.1122,30.0,0.0
295,37.46,2.78,4.19,0.0,0.49,0.1042,30.0,0.0
296,39.34,4.63,9.94,0.0,0.0,0.1,24.77,0.0
297,41.07,3.53,14.67,0.0,0.0,0.1,22.86,0.0
298,42.58,4.01,19.68,0.0,0.0,0.1,18.9,0.0
299,43.83,3.62,21.09,0.0,0.0,0.1,19.12,0.0
300,44.75,1.57,22.96,9.61,0.0,0.1,29.83,0.0
301,45.32,1.99,20.86,7.53,0.0,0.1738,30.0,0.0
302,45.51,3.92,19.89,8.3,0.0,0.2317,30.0,0.0
303,45.32,3.95,16.1,4.72,0.0,0.2954,30.0,0.0
304,44.75,3.37,11.07,0.0,0.31,0.3317,30.0,0.0
305,43.83,3.88,4.32,0.0,5.63,0.329,30.0,0.0
306,42.58,5.83,0.0,0.0,6.76,0.2811,30.0,0.0
307,41.07,3.62,0.0,0.0,7.45,0.2236,30.0,0.0
308,39.34,5.51,0.0,0.0,3.83,0.1602,30.0,0.0
309,37.46,4.77,0.0,0.0,2.69,0.1276,30.0,0.0
310,35.51,4.97,0.0,0.0,0.55,0.1047,30.0,0.0
311,35.51,6.91,0.0,0.0,0.0,0.1,28.61,0.0
312,35.55,6.57,0.0,0.82,0.0,0.1,29.8,0.0
313,35.55,6.51,0.0,0.96,0.0,0.1063,30.0,0.0
314,35.55,7.05,0.0,1.49,0.0,0.1136,30.0,0.0
315,35.55,5.07,0.0,0.0,0.48,0.1251,30.0,0.0
316,35.55,5.69,0.0,0.14,0.0,0.121,30.0,0.0
317,35.55,4.0,0.0,0.0,1.55,0.122,30.0,0.0
318,35.55,4.52,0.0,0.0,1.04,0.1088,30.0,0.0
319,37.51,3.54,5.03,0.0,0.0,0.1,28.94,0.0
320,39.38,3.52,11.51,0.0,0.0,0.1,24.35,0.0
321,41.11,3.92,15.39,0.0,0.0,0.1,21.8,0.0
322,42.63,1.77,18.22,0.0,0.0,0.1,22.64,0.0
323,43.87,5.62,21.88,10.51,0.0,0.1,26.88,0.0
324,44.79,1.33,22.94,9.47,0.0,0.1807,30.0,0.0
325,45.36,1.09,21.49,7.22,0.0,0.2535,30.0,0.0
326,45.55,4.47,19.26,8.17,0.0,0.309,30.0,0.0
327,45.36,4.19,14.69,3.52,0.0,0.3718,30.0,0.0
328,44.79,4.24,11.47,0.92,0.0,0.3988,30.0,0.0
329,43.87,4.58,4.25,0.0,5.04,0.4059,30.0,0.0
330,42.63,4.06,0.0,0.0,8.57,0.3629,30.0,0.0
331,41.11,3.2,0.0,0.0,7.91,0.29,30.0,0.0
332,39.38,4.86,0.0,0.0,4.52,0.2226,30.0,0.0
333,37.51,4.11,0.0,0.0,3.39,0.1841,30.0,0.0
334,35.55,6.59,0.0,1.04,0.0,0.1553,30.0,0.0
335,35.55,5.19,0.0,0.0,0.36,0.1633,30.0,0.0
336,35.6,4.31,0.0,0.0,1.29,0.1602,30.0,0.0
337,35.6,4.95,0.0,0.0,0.65,0.1492,30.0,0.0
338,35.6,5.82,0.0,0.22,0.0,0.1437,30.0,0.0
339,35.6,4.26,0.0,0.0,1.33,0.1454,30.0,0.0
340,35.6,3.63,0.0,0.0,1.97,0.1341,30.0,0.0
341,35.6,4.76,0.0,0.0,0.84,0.1173,30.0,0.0
342,35.6,4.4,0.0,0.0,1.19,0.1102,30.0,0.0
343,37.55,3.02,4.79,0.0,0.0,0.1,29.74,0.0
344,39.42,0.0,11.03,0.0,0.0,0.1,28.39,0.0
345,41.15,3.42,15.94,0.0,0.0,0.1,21.79,0.0
346,42.67,0.9,19.37,0.0,0.0,0.1,22.4,0.0
347,43.91,0.82,21.69,8.14,0.0,0.1,29.54,0.0
348,44.84,1.72,21.44,8.32,0.0,0.1626,30.0,0.0
349,45.4,2.45,20.77,7.82,0.0,0.2265,30.0,0.0
350,45.6,3.31,18.67,6.38,0.0,0.2866,30.0,0.0
351,45.4,5.12,14.54,4.25,0.0,0.3356,30.0,0.0
352,44.84,4.56,10.76,0.48,0.0,0.3683,30.0,0.0
353,43.91,3.49,5.52,0.0,4.9,0.372,30.0,0.0
354,42.67,4.04,0.0,0.0,8.63,0.3303,30.0,0.0
355,41.15,3.05,0.0,0.0,8.1,0.2569,30.0,0.0
356,39.42,4.73,0.0,0.0,4.7,0.1879,30.0,0.0
357,37.55,4.64,0.0,0.0,2.91,0.1479,30.0,0.0
358,35.6,5.7,0.0,0.1,0.0,0.1231,30.0,0.0
359,35.6,4.26,0.0,0.0,1.34,0.1239,30.0,0.0
360,35.64,6.14,0.0,0.5,0.0,0.1125,30.0,0.0
361,35.64,7.48,0.0,1.85,0.0,0.1164,30.0,0.0
362,35.64,5.1,0.0,0.0,0.54,0.1306,30.0,0.0
363,35.64,5.58,0.0,0.0,0.06,0.126,30.0,0.0
364,35.64,5.69,0.0,0.05,0.0,0.1255,30.0,0.0
365,35.64,3.87,0.0,0.0,1.77,0.1259,30.0,0.0
366,35.64,4.37,0.0,0.0,1.27,0.1108,30.0,0.0
367,37.59,3.73,5.37,0.0,0.0,0.1,28.5,0.0
368,39.47,3.51,10.56,0.0,0.0,0.1,25.39,0.0
369,41.19,2.04,15.07,0.0,0.0,0.1,24.09,0.0
370,42.71,2.91,18.34,0.0,0.0,0.1,21.46,0.0
371,43.95,3.42,21.27,6.89,0.0,0.1,26.15,0.0
372,44.88,4.68,22.71,12.51,0.0,0.1529,30.0,0.0
373,45.45,4.05,20.96,9.57,0.0,0.2491,30.0,0.0
374,45.64,5.82,18.59,8.78,0.0,0.3226,30.0,0.0
375,45.45,2.04,15.99,2.59,0.0,0.3901,30.0,0.0
376,44.88,4.57,10.04,0.0,0.26,0.41,30.0,0.0
377,43.95,3.96,5.12,0.0,4.87,0.4078,30.0,0.0
378,42.71,7.06,0.0,0.0,5.65,0.3663,30.0,0.0
379,41.19,3.31,0.0,0.0,7.88,0.3182,30.0,0.0
380,39.47,3.6,0.0,0.0,5.87,0.2511,30.0,0.0
381,37.59,4.21,0.0,0.0,3.38,0.2011,30.0,0.0
382,35.64,2.34,0.0,0.0,3.3,0.1723,30.0,0.0
383,35.64,4.67,0.0,0.0,0.97,0.1442,30.0,0.0
384,35.68,4.39,0.0,0.0,1.29,0.1359,30.0,0.0
385,35.68,5.58,0.0,0.0,0.1,0.1249,30.0,0.0
386,35.68,5.71,0.0,0.03,0.0,0.1241,30.0,0.0
387,35.68,7.59,0.0,1.91,0.0,0.1243,30.0,0.0
388,35.68,6.04,0.0,0.36,0.0,0.139,30.0,0.0
389,35.68,3.62,0.0,0.0,2.06,0.1418,30.0,0.0
390,35.68,2.83,0.0,0.0,2.85,0.1243,30.0,0.0
391,37.63,4.38,5.36,0.0,0.0,0.1,27.9,0.0
392,39.51,1.56,9.84,0.0,0.0,0.1,28.1,0.0
393,41.24,5.6,15.49,0.0,0.0,0.1,20.15,0.0
394,42.75,4.49,19.59,3.85,0.0,0.1,22.53,0.0
395,43.99,2.09,21.74,9.84,0.0,0.1296,30.0,0.0
396,44.92,0.34,22.81,8.23,0.0,0.2052,30.0,0.0
397,45.49,4.59,21.63,10.73,0.0,0.2684,30.0,0.0
398,45.68,2.71,19.69,6.72,0.0,0.3509,30.0,0.0
399,45.49,4.78,14.83,4.12,0.0,0.4025,30.0,0.0
400,44.92,1.19,10.75,0.0,2.98,0.4342,30.0,0.0
401,43.99,2.88,5.48,0.0,5.63,0.4088,30.0,0.0
402,42.75,4.06,0.0,0.0,8.69,0.3609,30.0,0.0
403,41.24,4.47,0.0,0.0,6.76,0.2869,30.0,0.0
404,39.51,4.12,0.0,0.0,5.38,0.2293,30.0,0.0
405,37.63,5.88,0.0,0.0,1.75,0.1835,30.0,0.0
406,35.68,3.78,0.0,0.0,1.9,0.1686,30.0,0.0
407,35.68,5.18,0.0,0.0,0.5,0.1524,30.0,0.0
408,35.72,5.58,0.0,0.0,0.14,0.1482,30.0,0.0
409,35.72,6.08,0.0,0.36,0.0,0.147,30.0,0.0
410,35.72,6.21,0.0,0.49,0.0,0.1497,30.0,0.0
411,35.72,3.48,0.0,0.0,2.24,0.1535,30.0,0.0
412,35.72,2.63,0.0,0.0,3.09,0.1344,30.0,0.0
413,35.72,6.15,0.0,0.43,0.0,0.1081,30.0,0.0
414,35.72,4.5,0.0,0.0,1.22,0.1114,30.0,0.0
415,37.67,2.67,4.88,0.0,0.12,0.1011,30.0,0.0
416,39.55,5.49,11.25,0.0,0.0,0.1,22.81,0.0
417,41.28,3.24,16.14,0.0,0.0,0.1,21.9,0.0
418,42.79,4.48,19.47,0.6,0.0,0.1,19.44,0.0
419,44.04,2.82,20.86,9.64,0.0,0.1046,30.0,0.0
420,44.96,5.5,22.31,12.85,0.0,0.1787,30.0,0.0
421,45.53,5.13,21.91,11.52,0.0,0.2775,30.0,0.0
422,45.72,2.52,18.37,5.17,0.0,0.366,30.0,0.0
423,45.53,4.41,14.93,3.81,0.0,0.4057,30.0,0.0
424,44.96,4.25,11.03,0.32,0.0,0.435,30.0,0.0
425,44.04,5.57,4.21,0.0,4.26,0.4374,30.0,0.0
426,42.79,2.73,0.0,0.0,10.06,0.4011,30.0,0.0
427,41.28,5.34,0.0,0.0,5.93,0.3154,30.0,0.0
428,39.55,6.18,0.0,0.0,3.36,0.2649,30.0,0.0
429,37.67,2.61,0.0,0.0,5.06,0.2363,30.0,0.0
430,35.72,3.62,0.0,0.0,2.11,0.1932,30.0,0.0
431,35.72,2.58,0.0,0.0,3.14,0.1752,30.0,0.0
432,35.76,5.04,0.0,0.0,0.72,0.1485,30.0,0.0
433,35.76,6.35,0.0,0.59,0.0,0.1424,30.0,0.0
434,35.76,7.29,0.0,1.52,0.0,0.1469,30.0,0.0
435,35.76,5.11,0.0,0.0,0.65,0.1586,30.0,0.0
436,35.76,6.96,0.0,1.19,0.0,0.153,30.0,0.0
437,35.76,2.51,0.0,0.0,3.26,0.1622,30.0,0.0
438,35.76,1.71,0.0,0.0,4.05,0.1345,30.0,0.0
439,37.71,3.61,5.21,0.0,0.0,0.1,28.89,0.0
440,39.59,3.88,10.87,0.0,0.0,0.1,24.83,0.0
441,41.32,0.0,15.8,3.77,0.0,0.1,29.29,0.0
442,42.83,0.03,18.58,5.77,0.0,0.129,30.0,0.0
443,44.08,2.6,22.0,10.53,0.0,0.1733,30.0,0.0
444,45.0,0.89,23.28,9.17,0.0,0.2542,30.0,0.0
445,45.57,3.64,20.81,8.88,0.0,0.3246,30.0,0.0
446,45.76,3.36,18.58,6.18,0.0,0.3929,30.0,0.0
447,45.57,1.79,15.97,2.19,0.0,0.4404,30.0,0.0
448,45.0,2.65,10.68,0.0,1.66,0.4572,30.0,0.0
449,44.08,2.24,5.83,0.0,6.01,0.4431,30.0,0.0
450,42.83,3.96,0.0,0.0,8.88,0.3919,30.0,0.0
451,41.32,5.7,0.0,0.0,5.61,0.3164,30.0,0.0
452,39.59,3.38,0.0,0.0,6.21,0.2686,30.0,0.0
453,37.71,5.7,0.0,0.0,2.01,0.2157,30.0,0.0
454,35.76,4.5,0.0,0.0,1.26,0.1985,30.0,0.0
455,35.76,4.28,0.0,0.0,1.48,0.1878,30.0,0.0
456,35.8,5.26,0.0,0.0,0.55,0.1752,30.0,0.0
457,35.8,3.94,0.0,0.0,1.86,0.1705,30.0,0.0
458,35.8,4.46,0.0,0.0,1.34,0.1547,30.0,0.0
459,35.8,3.36,0.0,0.0,2.44,0.1433,30.0,0.0
460,35.8,7.41,0.0,1.61,0.0,0.1225,30.0,0.0
461,35.8,4.44,0.0,0.0,1.37,0.1348,30.0,0.0
462,35.8,3.08,0.0,0.0,2.73,0.1232,30.0,0.0
463,37.75,3.97,4.45,0.0,0.0,0.1,29.33,0.0
464,39.63,3.2,10.48,0.0,0.0,0.1,25.96,0.0
465,41.36,2.76,16.1,0.0,0.0,0.1,22.49,0.0
466,42.87,3.69,18.81,4.15,0.0,0.1,24.53,0.0
467,44.12,3.75,22.34,11.97,0.0,0.1319,30.0,0.0
468,45.04,1.94,23.08,9.97,0.0,0.2239,30.0,0.0
469,45.61,1.92,21.45,7.76,0.0,0.3005,30.0,0.0
470,45.8,2.47,19.81,6.48,0.0,0.3602,30.0,0.0
471,45.61,0.0,15.22,0.0,0.39,0.4099,30.0,0.0
472,45.04,1.28,11.04,0.0,2.73,0.4066,30.0,0.0
473,44.12,5.55,5.53,0.0,3.03,0.3834,30.0,0.0
474,42.87,6.29,0.0,0.0,6.59,0.3576,30.0,0.0
475,41.36,4.05,0.0,0.0,7.31,0.3015,30.0,0.0
476,39.63,5.51,0.0,0.0,4.12,0.2393,30.0,0.0
477,37.75,5.43,0.0,0.0,2.32,0.2042,30.0,0.0
478,35.8,9.44,0.0,3.63,0.0,0.1844,30.0,0.0
479,35.8,6.89,0.0,1.09,0.0,0.2123,30.0,0.0
480,35.84,5.22,0.0,0.0,0.62,0.2207,30.0,0.0
481,35.84,4.04,0.0,0.0,1.8,0.2154,30.0,0.0
482,35.84,3.01,0.0,0.0,2.83,0.2,30.0,0.0
483,35.84,5.27,0.0,0.0,0.57,0.1759,30.0,0.0
484,35.84,3.68,0.0,0.0,2.17,0.1711,30.0,0.0
485,35.84,2.43,0.0,0.0,3.41,0.1526,30.0,0.0
486,35.84,3.14,0.0,0.0,2.7,0.1236,30.0,0.0
487,37.79,2.19,5.53,0.0,0.07,0.1006,30.0,0.0
488,39.67,5.65,10.21,0.0,0.0,0.1,23.81,0.0
489,41.4,4.27,16.34,0.73,0.0,0.1,21.53,0.0
490,42.91,2.83,19.17,9.08,0.0,0.1056,30.0,0.0
491,44.16,4.73,20.81,11.38,0.0,0.1754,30.0,0.0
492,45.08,2.76,21.77,9.45,0.0,0.2629,30.0,0.0
493,45.65,1.53,22.24,8.11,0.0,0.3355,30.0,0.0
494,45.84,4.93,20.31,9.39,0.0,0.3978,30.0,0.0
495,45.65,3.8,14.75,2.9,0.0,0.47,30.0,0.0
496,45.08,1.92,10.08,0.0,3.08,0.4922,30.0,0.0
497,44.16,3.41,4.35,0.0,6.39,0.466,30.0,0.0
498,42.91,2.83,0.0,0.0,10.09,0.4116,30.0,0.0
499,41.4,2.49,0.0,0.0,8.91,0.3257,30.0,0.0
500,39.67,5.98,0.0,0.0,3.69,0.2498,30.0,0.0
501,37.79,7.61,0.0,0.0,0.18,0.2184,30.0,0.0
502,35.84,3.3,0.0,0.0,2.55,0.2168,30.0,0.0
503,35.84,6.12,0.0,0.28,0.0,0.1951,30.0,0.0
504,35.88,4.5,0.0,0.0,1.39,0.1973,30.0,0.0
505,35.88,4.67,0.0,0.0,1.21,0.1855,30.0,0.0
506,35.88,4.39,0.0,0.0,1.49,0.1752,30.0,0.0
507,35.88,3.8,0.0,0.0,2.08,0.1625,30.0,0.0
508,35.88,4.77,0.0,0.0,1.11,0.1448,30.0,0.0
509,35.88,3.24,0.0,0.0,2.65,0.1353,30.0,0.0
510,35.88,4.39,0.0,0.0,1.49,0.1127,30.0,0.0
511,37.84,3.6,4.49,0.0,0.0,0.1,29.75,0.0
512,39.71,3.01,10.04,2.02,0.0,0.1,28.69,0.0
513,41.44,1.81,16.06,6.43,0.0,0.1156,30.0,0.0
514,42.96,2.04,19.73,8.82,0.0,0.165,30.0,0.0
515,44.2,3.73,21.61,11.14,0.0,0.2328,30.0,0.0
516,45.12,3.34,22.69,10.91,0.0,0.3183,30.0,0.0
517,45.69,1.36,20.97,6.64,0.0,0.4022,30.0,0.0
518,45.88,2.97,19.62,6.71,0.0,0.4532,30.0,0.0
519,45.69,4.08,15.74,4.13,0.0,0.5047,30.0,0.0
520,45.12,1.05,10.61,0.0,3.47,0.5364,30.0,0.0
521,44.2,4.41,5.33,0.0,4.46,0.5069,30.0,0.0
522,42.96,3.11,0.0,0.0,9.84,0.469,30.0,0.0
523,41.44,5.15,0.0,0.0,6.28,0.3851,30.0,0.0
524,39.71,3.66,0.0,0.0,6.05,0.3316,30.0,0.0
525,37.84,2.52,0.0,0.0,5.32,0.2801,30.0,0.0
526,35.88,2.98,0.0,0.0,2.91,0.2348,30.0,0.0
527,35.88,5.41,0.0,0.0,0.48,0.2101,30.0,0.0
528,35.92,5.74,0.0,0.0,0.19,0.206,30.0,0.0
529,35.92,4.1,0.0,0.0,1.83,0.2044,30.0,0.0
530,35.92,6.07,0.0,0.15,0.0,0.1888,30.0,0.0
531,35.92,2.7,0.0,0.0,3.22,0.1899,30.0,0.0
532,35.92,4.6,0.0,0.0,1.32,0.1625,30.0,0.0
533,35.92,2.71,0.0,0.0,3.22,0.1513,30.0,0.0
534,35.92,3.12,0.0,0.0,2.81,0.1239,30.0,0.0
535,37.88,3.72,5.4,0.0,0.0,0.1,28.76,0.0
536,39.75,2.15,11.54,0.0,0.0,0.1,26.06,0.0
537,41.48,2.52,15.63,0.0,0.0,0.1,23.34,0.0
538,43.0,4.2,19.07,8.04,0.0,0.1,27.77,0.0
539,44.24,1.9,21.53,9.19,0.0,0.1618,30.0,0.0
540,45.16,3.79,23.12,11.75,0.0,0.2324,30.0,0.0
541,45.73,1.14,21.8,7.21,0.0,0.3227,30.0,0.0
542,45.92,3.55,19.42,7.05,0.0,0.3781,30.0,0.0
543,45.73,5.02,15.34,4.62,0.0,0.4323,30.0,0.0
544,45.16,0.0,11.12,0.0,4.04,0.4678,30.0,0.0
545,44.24,2.57,4.62,0.0,7.06,0.4334,30.0,0.0
546,43.0,4.8,0.0,0.0,8.19,0.3733,30.0,0.0
547,41.48,4.09,0.0,0.0,7.39,0.3035,30.0,0.0
548,39.75,5.2,0.0,0.0,4.55,0.2406,30.0,0.0
549,37.88,4.15,0.0,0.0,3.72,0.2018,30.0,0.0
550,35.92,5.32,0.0,0.0,0.61,0.1701,30.0,0.0
551,35.92,5.12,0.0,0.0,0.8,0.1649,30.0,0.0
552,35.96,6.97,0.0,1.01,0.0,0.1581,30.0,0.0
553,35.96,5.67,0.0,0.0,0.29,0.1658,30.0,0.0
554,35.96,5.65,0.0,0.0,0.31,0.1633,30.0,0.0
555,35.96,4.41,0.0,0.0,1.56,0.1607,30.0,0.0
556,35.96,4.02,0.0,0.0,1.95,0.1474,30.0,0.0
557,35.96,3.76,0.0,0.0,2.2,0.1308,30.0,0.0
558,35.96,4.54,0.0,0.0,1.42,0.1121,30.0,0.0
559,37.92,3.07,5.66,0.0,0.0,0.1,29.19,0.0
560,39.79,0.0,10.62,0.0,0.0,0.1,29.17,0.0
561,41.52,5.88,5.88,0.23,0.0,0.1,30.0,0.0
562,43.04,4.01,19.07,10.04,0.0,0.1018,30.0,0.0
563,44.28,2.23,21.87,9.82,0.0,0.1789,30.0,0.0
564,45.2,4.28,22.02,11.1,0.0,0.2544,30.0,0.0
565,45.77,2.12,21.88,8.23,0.0,0.3397,30.0,0.0
566,45.96,0.03,20.42,4.48,0.0,0.4029,30.0,0.0
567,45.77,1.65,16.46,2.34,0.0,0.4373,30.0,0.0
568,45.2,0.76,10.34,0.0,4.1,0.4553,30.0,0.0
569,44.28,3.17,5.2,0.0,5.91,0.4204,30.0,0.0
570,43.04,4.03,0.0,0.0,9.01,0.3701,30.0,0.0
571,41.52,6.65,0.0,0.0,4.87,0.2934,30.0,0.0
572,39.79,5.13,0.0,0.0,4.66,0.2519,30.0,0.0
573,37.92,4.67,0.0,0.0,3.25,0.2123,30.0,0.0
574,35.96,6.32,0.0,0.36,0.0,0.1847,30.0,0.0
575,35.96,2.3,0.0,0.0,3.67,0.1874,30.0,0.0
576,36.0,5.68,0.0,0.0,0.32,0.1562,30.0,0.0
577,36.0,6.37,0.0,0.37,0.0,0.1535,30.0,0.0
578,36.0,3.15,0.0,0.0,2.85,0.1563,30.0,0.0
579,36.0,6.53,0.0,0.52,0.0,0.132,30.0,0.0
580,36.0,5.14,0.0,0.0,0.86,0.136,30.0,0.0
581,36.0,3.78,0.0,0.0,2.23,0.1287,30.0,0.0
582,36.0,4.86,0.0,0.0,1.14,0.1097,30.0,0.0
583,37.95,6.75,5.01,0.0,0.0,0.1,26.2,0.0
584,39.83,3.56,10.53,0.0,0.0,0.1,25.75,0.0
585,41.56,3.36,15.44,0.0,0.0,0.1,22.75,0.0
586,43.07,2.18,20.47,2.38,0.0,0.1,22.8,0.0
587,44.32,1.51,21.96,9.14,0.0,0.1183,30.0,0.0
588,45.24,3.76,22.25,10.77,0.0,0.1886,30.0,0.0
589,45.81,1.5,22.47,8.15,0.0,0.2713,30.0,0.0
590,46.0,2.9,19.68,6.58,0.0,0.334,30.0,0.0
591,45.81,2.37,15.97,2.53,0.0,0.3845,30.0,0.0
592,45.24,3.96,11.11,0.0,0.17,0.4039,30.0,0.0
593,44.32,4.1,5.91,0.0,4.31,0.4025,30.0,0.0
594,43.07,5.41,0.0,0.0,7.66,0.3658,30.0,0.0
595,41.56,3.65,0.0,0.0,7.91,0.3006,30.0,0.0
596,39.83,4.31,0.0,0.0,5.52,0.2332,30.0,0.0
597,37.95,3.62,0.0,0.0,4.33,0.1862,30.0,0.0
598,36.0,4.57,0.0,0.0,1.43,0.1493,30.0,0.0
599,36.0,5.83,0.0,0.0,0.17,0.1371,30.0,0.0
600,36.04,6.39,0.0,0.35,0.0,0.1356,30.0,0.0
601,36.04,4.04,0.0,0.0,2.0,0.1383,30.0,0.0
602,36.04,6.36,0.0,0.32,0.0,0.1213,30.0,0.0
603,36.04,6.81,0.0,0.76,0.0,0.1237,30.0,0.0
604,36.04,5.23,0.0,0.0,0.81,0.1296,30.0,0.0
605,36.04,6.91,0.0,0.86,0.0,0.1227,30.0,0.0
606,36.04,2.92,0.0,0.0,3.12,0.1293,30.0,0.0
607,37.99,1.92,5.74,0.0,0.33,0.1028,30.0,0.0
608,39.87,0.86,11.2,0.0,0.0,0.1,27.81,0.0
609,41.6,5.06,16.64,0.0,0.0,0.1,19.9,0.0
610,43.11,3.69,19.37,0.0,0.0,0.1,20.05,0.0
611,44.36,2.58,22.63,9.59,0.0,0.1,28.73,0.0
612,45.28,3.0,22.92,10.63,0.0,0.1737,30.0,0.0
613,45.85,1.12,21.19,6.45,0.0,0.2554,30.0,0.0
614,46.04,6.15,20.55,10.66,0.0,0.305,30.0,0.0
615,45.85,3.19,16.55,3.89,0.0,0.3869,30.0,0.0
616,45.28,3.45,11.34,0.0,0.49,0.4168,30.0,0.0
617,44.36,4.62,4.4,0.0,5.33,0.4126,30.0,0.0
618,43.11,4.64,0.0,0.0,8.47,0.3672,30.0,0.0
619,41.6,4.64,0.0,0.0,6.95,0.2951,30.0,0.0
620,39.87,3.59,0.0,0.0,6.28,0.2359,30.0,0.0
621,37.99,5.6,0.0,0.0,2.4,0.1823,30.0,0.0
622,36.04,7.75,0.0,1.7,0.0,0.1619,30.0,0.0
623,36.04,7.15,0.0,1.1,0.0,0.175,30.0,0.0
624,36.08,7.52,0.0,1.44,0.0,0.1835,30.0,0.0
625,36.08,4.6,0.0,0.0,1.49,0.1946,30.0,0.0
626,36.08,3.8,0.0,0.0,2.28,0.1819,30.0,0.0
627,36.08,4.77,0.0,0.0,1.31,0.1625,30.0,0.0
628,36.08,4.73,0.0,0.0,1.35,0.1514,30.0,0.0
629,36.08,5.83,0.0,0.0,0.26,0.1399,30.0,0.0
630,36.08,1.66,0.0,0.0,4.43,0.1377,30.0,0.0
631,38.03,5.71,5.69,0.0,0.0,0.1,26.63,0.0
632,39.91,3.07,11.28,0.0,0.0,0.1,25.56,0.0
633,41.64,2.42,15.1,5.47,0.0,0.1,29.58,0.0
634,43.15,1.4,19.82,8.07,0.0,0.142,30.0,0.0
635,44.4,0.38,21.79,7.77,0.0,0.204,30.0,0.0
636,45.32,3.73,23.25,11.66,0.0,0.2637,30.0,0.0
637,45.89,2.75,21.21,8.07,0.0,0.3533,30.0,0.0
638,46.08,1.02,19.45,4.39,0.0,0.4153,30.0,0.0
639,45.89,1.23,16.52,1.86,0.0,0.4491,30.0,0.0
640,45.32,2.83,11.76,0.0,0.74,0.4634,30.0,0.0
641,44.4,5.9,4.42,0.0,4.07,0.4571,30.0,0.0
642,43.15,3.62,0.0,0.0,9.54,0.4224,30.0,0.0
643,41.64,2.27,0.0,0.0,9.37,0.3412,30.0,0.0
644,39.91,4.32,0.0,0.0,5.59,0.2615,30.0,0.0
645,38.03,4.57,0.0,0.0,3.47,0.2139,30.0,0.0
646,36.08,1.47,0.0,0.0,4.62,0.1844,30.0,0.0
647,36.08,5.22,0.0,0.0,0.86,0.1451,30.0,0.0
648,36.12,5.02,0.0,0.0,1.1,0.1377,30.0,0.0
649,36.12,6.24,0.0,0.12,0.0,0.1283,30.0,0.0
650,36.12,7.68,0.0,1.56,0.0,0.1292,30.0,0.0
651,36.12,6.47,0.0,0.35,0.0,0.1412,30.0,0.0
652,36.12,4.28,0.0,0.0,1.84,0.1439,30.0,0.0
653,36.12,2.8,0.0,0.0,3.32,0.1283,30.0,0.0
654,36.12,7.49,0.0,0.0,0.0,0.1,28.63,0.0
655,38.07,3.69,5.89,0.0,0.0,0.1,28.49,0.0
656,39.95,3.3,11.59,1.31,0.0,0.1,26.37,0.0
657,41.68,2.96,15.72,7.0,0.0,0.11,30.0,0.0
658,43.19,3.05,19.32,9.18,0.0,0.1638,30.0,0.0
659,44.44,2.44,21.63,9.64,0.0,0.2344,30.0,0.0
660,45.36,1.81,23.65,10.1,0.0,0.3084,30.0,0.0
661,45.93,1.89,21.3,7.27,0.0,0.386,30.0,0.0
662,46.12,2.73,20.32,6.93,0.0,0.4419,30.0,0.0
663,45.93,2.25,15.84,2.16,0.0,0.4951,30.0,0.0
664,45.36,2.3,10.88,0.0,2.18,0.5117,30.0,0.0
665,44.44,3.75,4.4,0.0,6.29,0.4932,30.0,0.0
666,43.19,3.61,0.0,0.0,9.58,0.4397,30.0,0.0
667,41.68,6.38,0.0,0.0,5.3,0.3581,30.0,0.0
668,39.95,1.02,0.0,0.0,8.93,0.313,30.0,0.0
669,38.07,6.43,0.0,0.0,1.65,0.237,30.0,0.0
670,36.12,6.85,0.0,0.73,0.0,0.223,30.0,0.0
671,36.12,2.45,0.0,0.0,3.67,0.2286,30.0,0.0
672,36.16,4.85,0.0,0.0,1.31,0.1973,30.0,0.0
673,36.16,4.77,0.0,0.0,1.39,0.1862,30.0,0.0
674,36.16,3.21,0.0,0.0,2.95,0.1743,30.0,0.0
675,36.16,3.85,0.0,0.0,2.3,0.1492,30.0,0.0
676,36.16,3.12,0.0,0.0,3.04,0.1296,30.0,0.0
677,36.16,6.71,0.0,0.55,0.0,0.1037,30.0,0.0
678,36.16,5.23,0.0,0.0,0.93,0.1079,30.0,0.0
679,38.11,5.34,5.4,0.0,0.0,0.1,27.37,0.0
680,39.99,4.26,10.44,0.0,0.0,0.1,25.29,0.0
681,41.71,1.44,16.85,0.0,0.0,0.1,23.42,0.0
682,43.23,2.05,19.92,7.82,0.0,0.1,29.08,0.0
683,44.47,3.3,22.35,11.17,0.0,0.1601,30.0,0.0
684,45.4,0.91,23.54,9.05,0.0,0.2459,30.0,0.0
685,45.97,3.61,21.46,9.09,0.0,0.3155,30.0,0.0
686,46.16,2.44,19.13,5.4,0.0,0.3854,30.0,0.0
687,45.97,2.47,16.17,2.67,0.0,0.4269,30.0,0.0
688,45.4,4.24,11.84,0.68,0.0,0.4475,30.0,0.0
689,44.47,4.21,5.84,0.0,4.43,0.4527,30.0,0.0
690,43.23,3.46,0.0,0.0,9.77,0.4149,30.0,0.0
691,41.71,5.89,0.0,0.0,5.82,0.3317,30.0,0.0
692,39.99,3.16,0.0,0.0,6.83,0.2822,30.0,0.0
693,38.11,5.76,0.0,0.0,2.35,0.224,30.0,0.0
694,36.16,5.95,0.0,0.0,0.21,0.204,30.0,0.0
695,36.16,4.85,0.0,0.0,1.31,0.2023,30.0,0.0
696,36.2,5.76,0.0,0.0,0.44,0.1911,30.0,0.0
697,36.2,3.55,0.0,0.0,2.65,0.1874,30.0,0.0
698,36.2,6.39,0.0,0.19,0.0,0.1648,30.0,0.0
699,36.2,4.66,0.0,0.0,1.54,0.1663,30.0,0.0
700,36.2,3.91,0.0,0.0,2.29,0.1532,30.0,0.0
701,36.2,5.73,0.0,0.0,0.47,0.1337,30.0,0.0
702,36.2,2.98,0.0,0.0,3.22,0.1298,30.0,0.0
703,38.15,1.66,6.21,0.0,0.28,0.1023,30.0,0.0
704,40.02,1.12,10.42,0.0,0.0,0.1,28.48,0.0
705,41.75,3.8,16.93,2.55,0.0,0.1,23.57,0.0
706,43.27,1.0,19.52,7.25,0.0,0.1196,30.0,0.0
707,44.51,5.02,21.44,11.95,0.0,0.1753,30.0,0.0
708,45.44,0.0,23.18,7.75,0.0,0.2672,30.0,0.0
709,46.0,4.94,22.9,11.84,0.0,0.3267,30.0,0.0
710,46.2,3.04,19.78,6.62,0.0,0.4177,30.0,0.0
711,46.0,2.84,15.89,2.72,0.0,0.4686,30.0,0.0
712,45.44,2.51,10.81,0.0,2.11,0.4895,30.0,0.0
713,44.51,4.13,5.92,0.0,4.46,0.4715,30.0,0.0
714,43.27,3.89,0.0,0.0,9.38,0.4335,30.0,0.0
715,41.75,5.81,0.0,0.0,5.95,0.3537,30.0,0.0
716,40.02,4.78,0.0,0.0,5.24,0.3031,30.0,0.0
717,38.15,5.11,0.0,0.0,3.03,0.2584,30.0,0.0
718,36.2,4.63,0.0,0.0,1.57,0.2326,30.0,0.0
719,36.2,5.19,0.0,0.0,1.01,0.2192,30.0,0.0
720,36.23,5.72,0.0,0.0,0.51,0.2106,30.0,0.0
721,36.23,2.91,0.0,0.0,3.32,0.2062,30.0,0.0
722,36.23,3.27,0.0,0.0,2.97,0.1779,30.0,0.0
723,36.23,5.92,0.0,0.0,0.32,0.1527,30.0,0.0
724,36.23,4.85,0.0,0.0,1.39,0.15,30.0,0.0
725,36.23,4.03,0.0,0.0,2.2,0.1382,30.0,0.0
726,36.23,3.95,0.0,0.0,2.28,0.1194,30.0,0.0
727,38.19,4.05,4.45,0.0,0.0,0.1,29.68,0.0
728,40.06,2.51,11.58,1.39,0.0,0.1,27.36,0.0
729,41.79,1.9,16.98,7.09,0.0,0.1107,30.0,0.0
730,43.31,3.01,19.99,9.69,0.0,0.1651,30.0,0.0
731,44.55,1.27,22.08,8.8,0.0,0.2396,30.0,0.0
732,45.47,3.12,23.74,11.39,0.0,0.3072,30.0,0.0
733,46.04,0.28,22.74,6.98,0.0,0.3947,30.0,0.0
734,46.23,4.15,19.91,7.82,0.0,0.4484,30.0,0.0
735,46.04,3.61,15.46,3.02,0.0,0.5085,30.0,0.0
736,45.47,3.6,10.71,0.0,1.17,0.5317,30.0,0.0
737,44.55,4.92,5.87,0.0,3.76,0.5217,30.0,0.0
738,43.31,6.21,0.0,0.0,7.1,0.4897,30.0,0.0
739,41.79,5.67,0.0,0.0,6.12,0.4293,30.0,0.0
740,40.06,2.09,0.0,0.0,7.97,0.3772,30.0,0.0
741,38.19,3.15,0.0,0.0,5.04,0.3094,30.0,0.0
742,36.23,4.26,0.0,0.0,1.97,0.2665,30.0,0.0
743,36.23,5.29,0.0,0.0,0.95,0.2497,30.0,0.0
744,36.27,6.0,0.0,0.0,0.28,0.2416,30.0,0.0
745,36.27,4.25,0.0,0.0,2.03,0.2392,30.0,0.0
746,36.27,5.36,0.0,0.0,0.91,0.222,30.0,0.0
747,36.27,3.85,0.0,0.0,2.42,0.2142,30.0,0.0
748,36.27,3.76,0.0,0.0,2.51,0.1936,30.0,0.0
749,36.27,2.35,0.0,0.0,3.93,0.1723,30.0,0.0
750,36.27,2.65,0.0,0.0,3.62,0.1388,30.0,0.0
751,38.22,1.71,5.57,0.0,0.94,0.108,30.0,0.0
752,40.1,1.9,11.62,0.0,0.0,0.1,26.58,0.0
753,41.83,4.39,15.94,0.0,0.0,0.1,21.49,0.0
754,43.34,1.43,20.43,0.0,0.0,0.1,21.48,0.0
755,44.59,6.2,22.05,11.4,0.0,0.1,27.73,0.0
756,45.51,3.22,24.07,11.79,0.0,0.1876,30.0,0.0
757,46.08,2.85,22.01,8.78,0.0,0.2781,30.0,0.0
758,46.27,1.56,19.94,5.22,0.0,0.3456,30.0,0.0
759,46.08,3.91,15.61,3.44,0.0,0.3857,30.0,0.0
760,45.51,2.44,11.34,0.0,1.73,0.4122,30.0,0.0
761,44.59,3.73,5.12,0.0,5.74,0.3975,30.0,0.0
762,43.34,7.42,0.0,0.0,5.92,0.3486,30.0,0.0
763,41.83,4.14,0.0,0.0,7.69,0.2982,30.0,0.0
764,40.1,6.18,0.0,0.0,3.92,0.2328,30.0,0.0
765,38.22,3.92,0.0,0.0,4.3,0.1994,30.0,0.0
766,36.27,5.06,0.0,0.0,1.22,0.1628,30.0,0.0
767,36.27,7.66,0.0,1.39,0.0,0.1524,30.0,0.0
768,36.31,4.42,0.0,0.0,1.89,0.1631,30.0,0.0
769,36.31,7.71,0.0,1.4,0.0,0.147,30.0,0.0
770,36.31,6.06,0.0,0.0,0.25,0.1578,30.0,0.0
771,36.31,4.1,0.0,0.0,2.21,0.1556,30.0,0.0
772,36.31,5.46,0.0,0.0,0.85,0.1369,30.0,0.0
773,36.31,5.59,0.0,0.0,0.72,0.1296,30.0,0.0
774,36.31,4.76,0.0,0.0,1.55,0.1235,30.0,0.0
775,38.26,1.4,5.65,0.0,1.21,0.1103,30.0,0.0
776,40.14,2.22,11.69,0.0,0.0,0.1,26.22,0.0
777,41.86,2.6,17.0,0.6,0.0,0.1,22.87,0.0
778,43.38,2.62,19.26,8.5,0.0,0.1046,30.0,0.0
779,44.62,3.43,21.98,10.79,0.0,0.1699,30.0,0.0
780,45.55,2.78,22.69,9.92,0.0,0.2528,30.0,0.0
781,46.12,0.75,22.58,7.22,0.0,0.3291,30.0,0.0
782,46.31,3.24,20.89,7.82,0.0,0.3846,30.0,0.0
783,46.12,3.77,17.13,4.79,0.0,0.4447,30.0,0.0
784,45.55,3.99,11.57,0.01,0.0,0.4815,30.0,0.0
785,44.62,5.03,4.59,0.0,5.0,0.4816,30.0,0.0
786,43.38,5.05,0.0,0.0,8.33,0.439,30.0,0.0
787,41.86,4.89,0.0,0.0,6.98,0.368,30.0,0.0
788,40.14,4.49,0.0,0.0,5.64,0.3087,30.0,0.0
789,38.26,2.6,0.0,0.0,5.66,0.2606,30.0,0.0
790,36.31,5.68,0.0,0.0,0.63,0.2124,30.0,0.0
791,36.31,5.51,0.0,0.0,0.8,0.2071,30.0,0.0
792,36.35,5.63,0.0,0.0,0.71,0.2003,30.0,0.0
793,36.35,3.47,0.0,0.0,2.88,0.1942,30.0,0.0
794,36.35,3.6,0.0,0.0,2.75,0.1697,30.0,0.0
795,36.35,6.3,0.0,0.0,0.04,0.1463,30.0,0.0
796,36.35,4.52,0.0,0.0,1.82,0.146,30.0,0.0
797,36.35,5.18,0.0,0.0,1.16,0.1305,30.0,0.0
798,36.35,3.93,0.0,0.0,2.41,0.1206,30.0,0.0
799,38.3,3.58,5.75,0.0,0.0,0.1,28.97,0.0
800,40.17,4.49,11.51,0.0,0.0,0.1,24.17,0.0
801,41.9,2.22,16.26,0.0,0.0,0.1,23.43,0.0
802,43.42,2.84,21.16,7.66,0.0,0.1,27.08,0.0
803,44.66,1.94,22.04,9.32,0.0,0.1589,30.0,0.0
804,45.58,1.93,22.74,9.08,0.0,0.2305,30.0,0.0
805,46.15,2.15,22.6,8.59,0.0,0.3003,30.0,0.0
806,46.35,3.01,20.68,7.35,0.0,0.3663,30.0,0.0
807,46.15,2.27,15.45,1.56,0.0,0.4228,30.0,0.0
808,45.58,4.93,11.51,0.86,0.0,0.4348,30.0,0.0
809,44.66,2.31,5.04,0.0,7.31,0.4414,30.0,0.0
810,43.42,3.64,0.0,0.0,9.78,0.3791,30.0,0.0
811,41.9,3.65,0.0,0.0,8.26,0.2959,30.0,0.0
812,40.17,6.56,0.0,0.0,3.61,0.2256,30.0,0.0
813,38.3,5.13,0.0,0.0,3.17,0.1948,30.0,0.0
814,36.35,6.49,0.0,0.15,0.0,0.1679,30.0,0.0
815,36.35,3.18,0.0,0.0,3.16,0.169,30.0,0.0
816,36.38,5.61,0.0,0.0,0.77,0.1421,30.0,0.0
817,36.38,6.42,0.0,0.04,0.0,0.1355,30.0,0.0
818,36.38,5.18,0.0,0.0,1.2,0.1358,30.0,0.0
819,36.38,6.31,0.0,0.0,0.07,0.1256,30.0,0.0
820,36.38,3.86,0.0,0.0,2.52,0.125,30.0,0.0
821,36.38,6.16,0.0,0.0,0.22,0.1035,30.0,0.0
822,36.38,7.03,0.0,0.65,0.0,0.1016,30.0,0.0
823,38.33,3.03,4.53,0.0,0.77,0.1066,30.0,0.0
824,40.21,2.59,11.77,0.0,0.0,0.1,25.85,0.0
825,41.94,4.9,16.1,5.36,0.0,0.1,26.29,0.0
826,43.45,4.86,21.11,12.51,0.0,0.1412,30.0,0.0
827,44.7,1.84,22.36,9.51,0.0,0.2373,30.0,0.0
828,45.62,1.94,23.77,10.09,0.0,0.3104,30.0,0.0
829,46.19,2.17,22.0,7.98,0.0,0.3879,30.0,0.0
830,46.38,0.85,20.68,5.15,0.0,0.4492,30.0,0.0
831,46.19,1.65,15.6,1.07,0.0,0.4888,30.0,0.0
832,45.62,1.82,11.34,0.0,2.46,0.497,30.0,0.0
833,44.7,2.47,5.7,0.0,6.52,0.476,30.0,0.0
834,43.45,3.83,0.0,0.0,9.62,0.4205,30.0,0.0
835,41.94,4.55,0.0,0.0,7.38,0.3386,30.0,0.0
836,40.21,6.69,0.0,0.0,3.52,0.2757,30.0,0.0
837,38.33,3.48,0.0,0.0,4.85,0.2458,30.0,0.0
838,36.38,6.41,0.0,0.03,0.0,0.2045,30.0,0.0
839,36.38,4.91,0.0,0.0,1.47,0.2047,30.0,0.0
840,36.42,5.17,0.0,0.0,1.25,0.1922,30.0,0.0
841,36.42,6.11,0.0,0.0,0.3,0.1815,30.0,0.0
842,36.42,3.52,0.0,0.0,2.9,0.179,30.0,0.0
843,36.42,5.36,0.0,0.0,1.06,0.1542,30.0,0.0
844,36.42,4.78,0.0,0.0,1.64,0.1452,30.0,0.0
845,36.42,4.9,0.0,0.0,1.52,0.1313,30.0,0.0
846,36.42,4.26,0.0,0.0,2.15,0.1183,30.0,0.0
847,38.37,6.87,6.35,0.0,0.0,0.1,25.14,0.0
848,40.24,2.31,11.91,0.0,0.0,0.1,26.02,0.0
849,41.97,2.17,16.57,0.0,0.0,0.1,23.23,0.0
850,43.49,1.83,20.6,8.62,0.0,0.1,29.67,0.0
851,44.73,1.78,22.28,9.34,0.0,0.1662,30.0,0.0
852,45.66,1.62,23.17,9.14,0.0,0.2379,30.0,0.0
853,46.22,4.17,23.63,11.58,0.0,0.3082,30.0,0.0
854,46.42,4.63,19.56,7.77,0.0,0.3972,30.0,0.0
855,46.22,2.12,16.44,2.33,0.0,0.4569,30.0,0.0
856,45.66,2.04,11.21,0.0,2.41,0.4748,30.0,0.0
857,44.73,4.16,5.62,0.0,4.95,0.4543,30.0,0.0
858,43.49,3.11,0.0,0.0,10.38,0.4122,30.0,0.0
859,41.97,5.09,0.0,0.0,6.88,0.3238,30.0,0.0
860,40.24,4.83,0.0,0.0,5.41,0.2652,30.0,0.0
861,38.37,2.76,0.0,0.0,5.61,0.2191,30.0,0.0
862,36.42,7.17,0.0,0.75,0.0,0.1713,30.0,0.0
863,36.42,7.65,0.0,1.23,0.0,0.1771,30.0,0.0
864,36.45,4.38,0.0,0.0,2.07,0.1866,30.0,0.0
865,36.45,4.64,0.0,0.0,1.81,0.169,30.0,0.0
866,36.45,5.43,0.0,0.0,1.02,0.1536,30.0,0.0
867,36.45,5.28,0.0,0.0,1.17,0.1449,30.0,0.0
868,36.45,5.44,0.0,0.0,1.01,0.1349,30.0,0.0
869,36.45,6.96,0.0,0.51,0.0,0.1263,30.0,0.0
870,36.45,3.61,0.0,0.0,2.84,0.1302,30.0,0.0
871,38.4,2.41,5.29,0.0,0.71,0.106,30.0,0.0
872,40.28,1.28,11.47,0.0,0.0,0.1,27.53,0.0
873,42.01,1.88,17.05,0.0,0.0,0.1,23.07,0.0
874,43.52,2.62,21.38,0.0,0.0,0.1,19.52,0.0
875,44.77,4.99,23.21,6.51,0.0,0.1,23.08,0.0
876,45.69,1.78,23.58,9.66,0.0,0.15,30.0,0.0
877,46.26,2.84,23.27,9.85,0.0,0.2242,30.0,0.0
878,46.45,2.64,20.85,7.04,0.0,0.3,30.0,0.0
879,46.26,4.51,16.09,4.34,0.0,0.354,30.0,0.0
880,45.69,6.63,10.95,1.89,0.0,0.3874,30.0,0.0
881,44.77,2.77,5.06,0.0,6.94,0.4019,30.0,0.0
882,43.52,3.18,0.0,0.0,10.34,0.3428,30.0,0.0
883,42.01,5.64,0.0,0.0,6.37,0.2548,30.0,0.0
884,40.28,5.47,0.0,0.0,4.81,0.2006,30.0,0.0
885,38.4,7.35,0.0,0.0,1.05,0.1596,30.0,0.0
886,36.45,5.84,0.0,0.0,0.61,0.1507,30.0,0.0
887,36.45,4.68,0.0,0.0,1.77,0.1454,30.0,0.0
888,36.49,6.02,0.0,0.0,0.47,0.1304,30.0,0.0
889,36.49,6.68,0.0,0.19,0.0,0.1264,30.0,0.0
890,36.49,6.15,0.0,0.0,0.34,0.1279,30.0,0.0
891,36.49,5.5,0.0,0.0,0.98,0.125,30.0,0.0
892,36.49,5.98,0.0,0.0,0.5,0.1166,30.0,0.0
893,36.49,5.79,0.0,0.0,0.69,0.1123,30.0,0.0
894,36.49,5.73,0.0,0.0,0.75,0.1064,30.0,0.0
895,38.44,4.37,6.27,0.0,0.0,0.1,27.79,0.0
896,40.31,2.93,12.26,0.0,0.0,0.1,25.13,0.0
897,42.04,3.07,15.98,0.0,0.0,0.1,22.99,0.0
898,43.56,4.31,20.78,5.32,0.0,0.1,23.79,0.0
899,44.8,1.4,23.87,10.46,0.0,0.1409,30.0,0.0
900,45.73,2.97,23.15,10.4,0.0,0.2213,30.0,0.0
901,46.29,1.98,23.56,9.25,0.0,0.3012,30.0,0.0
902,46.49,2.69,21.0,7.21,0.0,0.3723,30.0,0.0
903,46.29,4.62,17.19,5.52,0.0,0.4277,30.0,0.0
904,45.73,3.42,10.61,0.0,1.7,0.4701,30.0,0.0
905,44.8,3.55,6.22,0.0,5.04,0.4556,30.0,0.0
906,43.56,1.98,0.0,0.0,11.58,0.4127,30.0,0.0
907,42.04,5.22,0.0,0.0,6.83,0.3141,30.0,0.0
908,40.31,5.41,0.0,0.0,4.91,0.256,30.0,0.0
909,38.44,7.77,0.0,0.0,0.67,0.2142,30.0,0.0
910,36.49,4.6,0.0,0.0,1.88,0.2085,30.0,0.0
911,36.49,5.46,0.0,0.0,1.02,0.1925,30.0,0.0
912,36.52,5.54,0.0,0.0,0.99,0.1837,30.0,0.0
913,36.52,7.31,0.0,0.79,0.0,0.1753,30.0,0.0
914,36.52,4.88,0.0,0.0,1.64,0.1814,30.0,0.0
915,36.52,5.18,0.0,0.0,1.35,0.1674,30.0,0.0
916,36.52,5.34,0.0,0.0,1.18,0.156,30.0,0.0
917,36.52,4.44,0.0,0.0,2.09,0.1459,30.0,0.0
918,36.52,3.21,0.0,0.0,3.31,0.1282,30.0,0.0
919,38.47,3.74,5.52,0.0,0.0,0.1,29.22,0.0
920,40.35,4.61,11.61,0.12,0.0,0.1,24.25,0.0
921,42.08,1.45,17.58,6.96,0.0,0.1009,30.0,0.0
922,43.59,2.82,20.58,9.81,0.0,0.1544,30.0,0.0
923,44.84,1.54,23.28,9.99,0.0,0.2298,30.0,0.0
924,45.76,4.09,24.63,12.96,0.0,0.3066,30.0,0.0
925,46.33,0.42,23.85,7.94,0.0,0.4062,30.0,0.0
926,46.52,1.87,20.74,6.1,0.0,0.4672,30.0,0.0
927,46.33,3.37,17.55,4.59,0.0,0.514,30.0,0.0
928,45.76,5.28,10.62,0.14,0.0,0.5493,30.0,0.0
929,44.84,3.38,5.74,0.0,5.71,0.5504,30.0,0.0
930,43.59,3.06,0.0,0.0,10.53,0.5018,30.0,0.0
931,42.08,6.76,0.0,0.0,5.32,0.4122,30.0,0.0
932,40.35,2.53,0.0,0.0,7.82,0.3669,30.0,0.0
933,38.47,1.78,0.0,0.0,6.69,0.3003,30.0,0.0
934,36.52,5.61,0.0,0.0,0.91,0.2433,30.0,0.0
935,36.52,4.46,0.0,0.0,2.06,0.2356,30.0,0.0
936,36.56,3.78,0.0,0.0,2.77,0.218,30.0,0.0
937,36.56,6.1,0.0,0.0,0.45,0.1944,30.0,0.0
938,36.56,5.33,0.0,0.0,1.22,0.1906,30.0,0.0
939,36.56,4.01,0.0,0.0,2.55,0.1801,30.0,0.0
940,36.56,2.74,0.0,0.0,3.81,0.1584,30.0,0.0
941,36.56,5.36,0.0,0.0,1.2,0.126,30.0,0.0
942,36.56,4.7,0.0,0.0,1.85,0.1158,30.0,0.0
943,38.51,3.32,5.19,0.0,0.0,0.1,30.0,0.0
944,40.38,5.65,11.85,0.0,0.0,0.1,22.88,0.0
945,42.11,1.38,16.19,0.0,0.0,0.1,24.54,0.0
946,43.63,0.54,20.92,5.99,0.0,0.1,28.15,0.0
947,44.87,1.54,22.81,9.48,0.0,0.146,30.0,0.0
948,45.79,2.38,23.93,10.52,0.0,0.2189,30.0,0.0
949,46.36,2.82,23.49,9.94,0.0,0.2997,30.0,0.0
950,46.56,2.29,21.52,7.26,0.0,0.3761,30.0,0.0
951,46.36,3.32,17.47,4.44,0.0,0.4319,30.0,0.0
952,45.79,1.41,10.85,0.0,3.53,0.466,30.0,0.0
953,44.87,5.43,5.63,0.0,3.81,0.4359,30.0,0.0
954,43.63,3.7,0.0,0.0,9.93,0.4035,30.0,0.0
955,42.11,5.69,0.0,0.0,6.42,0.319,30.0,0.0
956,40.38,4.96,0.0,0.0,5.42,0.2643,30.0,0.0
957,38.51,5.4,0.0,0.0,3.1,0.2182,30.0,0.0
958,36.56,5.78,0.0,0.0,0.78,0.1918,30.0,0.0
959,36.56,5.75,0.0,0.0,0.81,0.1852,30.0,0.0
960,36.59,6.05,0.0,0.0,0.54,0.1783,30.0,0.0
961,36.59,6.94,0.0,0.35,0.0,0.1736,30.0,0.0
962,36.59,5.25,0.0,0.0,1.34,0.1763,30.0,0.0
963,36.59,5.73,0.0,0.0,0.85,0.1649,30.0,0.0
964,36.59,4.36,0.0,0.0,2.23,0.1577,30.0,0.0
965,36.59,6.12,0.0,0.0,0.47,0.1387,30.0,0.0
966,36.59,2.87,0.0,0.0,3.72,0.1347,30.0,0.0
967,38.54,5.91,5.86,3.22,0.0,0.103,30.0,0.0
968,40.42,3.06,11.71,4.35,0.0,0.1278,30.0,0.0
969,42.14,0.87,17.01,5.73,0.0,0.1613,30.0,0.0
970,43.66,2.79,20.79,9.91,0.0,0.2053,30.0,0.0
971,44.9,1.54,23.1,9.74,0.0,0.2815,30.0,0.0
972,45.83,3.58,24.67,12.42,0.0,0.3563,30.0,0.0
973,46.4,1.58,23.31,8.5,0.0,0.4517,30.0,0.0
974,46.59,2.0,20.64,6.05,0.0,0.517,30.0,0.0
975,46.4,0.24,17.73,1.57,0.0,0.5635,30.0,0.0
976,45.83,2.49,11.59,0.0,1.75,0.5756,30.0,0.0
977,44.9,0.12,6.05,0.0,8.73,0.5607,30.0,0.0
978,43.66,1.63,0.0,0.0,12.03,0.4864,30.0,0.0
979,42.14,5.19,0.0,0.0,6.95,0.3839,30.0,0.0
980,40.42,5.56,0.0,0.0,4.86,0.3247,30.0,0.0
981,38.54,5.35,0.0,0.0,3.19,0.2834,30.0,0.0
982,36.59,3.66,0.0,0.0,2.93,0.2562,30.0,0.0
983,36.59,5.05,0.0,0.0,1.54,0.2312,30.0,0.0
984,36.62,5.14,0.0,0.0,1.48,0.2182,30.0,0.0
985,36.62,3.52,0.0,0.0,3.1,0.2056,30.0,0.0
986,36.62,7.03,0.0,0.4,0.0,0.1791,30.0,0.0
987,36.62,5.95,0.0,0.0,0.67,0.1822,30.0,0.0
988,36.62,4.16,0.0,0.0,2.46,0.1765,30.0,0.0
989,36.62,4.17,0.0,0.0,2.45,0.1556,30.0,0.0
990,36.62,4.07,0.0,0.0,2.56,0.1347,30.0,0.0
991,38.57,0.63,6.42,0.0,1.52,0.113,30.0,0.0
992,40.45,2.76,11.6,0.0,0.0,0.1,26.09,0.0
993,42.18,1.88,17.56,0.0,0.0,0.1,22.74,0.0
994,43.69,1.22,20.66,0.0,0.0,0.1,21.81,0.0
995,44.94,2.07,23.86,7.96,0.0,0.1,26.96,0.0
996,45.86,4.87,23.93,12.94,0.0,0.1612,30.0,0.0
997,46.43,3.34,23.71,10.62,0.0,0.2606,30.0,0.0
998,46.62,1.81,21.83,7.02,0.0,0.3422,30.0,0.0
999,46.43,3.6,17.28,4.45,0.0,0.3962,30.0,0.0
1000,45.86,5.01,12.46,1.61,0.0,0.4304,30.0,0.0
1001,44.94,4.69,5.6,0.0,4.64,0.4427,30.0,0.0
1002,43.69,3.86,0.0,0.0,9.83,0.4032,30.0,0.0
1003,42.18,3.25,0.0,0.0,8.93,0.3195,30.0,0.0
1004,40.45,5.42,0.0,0.0,5.03,0.2435,30.0,0.0
1005,38.57,5.29,0.0,0.0,3.28,0.2007,30.0,0.0
1006,36.62,6.19,0.0,0.0,0.43,0.1727,30.0,0.0
1007,36.62,5.97,0.0,0.0,0.65,0.169,30.0,0.0
1008,36.65,6.57,0.0,0.0,0.08,0.1635,30.0,0.0
1009,36.65,4.35,0.0,0.0,2.3,0.1628,30.0,0.0
1010,36.65,6.75,0.0,0.1,0.0,0.1432,30.0,0.0
1011,36.65,5.0,0.0,0.0,1.65,0.144,30.0,0.0
1012,36.65,7.29,0.0,0.64,0.0,0.13,30.0,0.0
1013,36.65,3.18,0.0,0.0,3.48,0.1349,30.0,0.0
1014,36.65,6.14,0.0,0.0,0.51,0.1053,30.0,0.0
1015,38.6,3.68,4.82,0.0,0.11,0.1009,30.0,0.0
1016,40.48,2.19,11.34,0.0,0.0,0.1,26.95,0.0
1017,42.21,2.13,17.02,5.41,0.0,0.1,28.47,0.0
1018,43.73,2.14,21.91,10.32,0.0,0.1415,30.0,0.0
1019,44.97,3.02,23.73,11.78,0.0,0.2209,30.0,0.0
1020,45.89,3.11,24.11,11.33,0.0,0.3114,30.0,0.0
1021,46.46,1.66,22.85,8.05,0.0,0.3985,30.0,0.0
1022,46.65,2.55,20.77,6.67,0.0,0.4603,30.0,0.0
1023,46.46,5.73,17.16,6.43,0.0,0.5115,30.0,0.0
1024,45.89,5.45,11.82,1.38,0.0,0.561,30.0,0.0
1025,44.97,4.01,4.92,0.0,6.04,0.5715,30.0,0.0
1026,43.73,3.82,0.0,0.0,9.91,0.5201,30.0,0.0
1027,42.21,4.28,0.0,0.0,7.93,0.4358,30.0,0.0
1028,40.48,5.29,0.0,0.0,5.19,0.3683,30.0,0.0
1029,38.6,3.33,0.0,0.0,5.27,0.3241,30.0,0.0
1030,36.65,4.6,0.0,0.0,2.06,0.2792,30.0,0.0
1031,36.65,2.8,0.0,0.0,3.85,0.2617,30.0,0.0
1032,36.69,5.67,0.0,0.0,1.02,0.2289,30.0,0.0
1033,36.69,5.96,0.0,0.0,0.73,0.2202,30.0,0.0
1034,36.69,4.27,0.0,0.0,2.41,0.214,30.0,0.0
1035,36.69,6.87,0.0,0.19,0.0,0.1935,30.0,0.0
1036,36.69,2.76,0.0,0.0,3.93,0.1949,30.0,0.0
1037,36.69,2.1,0.0,0.0,4.59,0.1614,30.0,0.0
1038,36.69,4.06,0.0,0.0,2.63,0.1224,30.0,0.0
1039,38.64,4.83,6.14,0.0,0.0,0.1,27.67,0.0
1040,40.51,5.37,12.43,0.0,0.0,0.1,22.71,0.0
1041,42.24,2.15,16.98,5.2,0.0,0.1,28.3,0.0
1042,43.76,4.04,20.75,11.03,0.0,0.1399,30.0,0.0
1043,45.0,2.37,23.98,11.36,0.0,0.2247,30.0,0.0
1044,45.92,2.14,24.17,10.39,0.0,0.312,30.0,0.0
1045,46.49,3.64,24.01,11.15,0.0,0.3918,30.0,0.0
1046,46.69,3.46,20.33,7.1,0.0,0.4775,30.0,0.0
1047,46.49,0.62,16.33,0.46,0.0,0.5321,30.0,0.0
1048,45.92,5.09,12.58,1.74,0.0,0.5356,30.0,0.0
1049,45.0,5.28,6.3,0.0,3.42,0.549,30.0,0.0
1050,43.76,2.89,0.0,0.0,10.86,0.5199,30.0,0.0
1051,42.24,4.65,0.0,0.0,7.6,0.4274,30.0,0.0
1052,40.51,5.11,0.0,0.0,5.4,0.3627,30.0,0.0
1053,38.64,5.07,0.0,0.0,3.56,0.3167,30.0,0.0
1054,36.69,4.18,0.0,0.0,2.5,0.2864,30.0,0.0
1055,36.69,4.15,0.0,0.0,2.53,0.2651,30.0,0.0
1056,36.72,5.07,0.0,0.0,1.65,0.2435,30.0,0.0
1057,36.72,6.66,0.0,0.0,0.06,0.2294,30.0,0.0
1058,36.72,5.66,0.0,0.0,1.05,0.229,30.0,0.0
1059,36.72,4.19,0.0,0.0,2.52,0.22,30.0,0.0
1060,36.72,5.47,0.0,0.0,1.24,0.1985,30.0,0.0
1061,36.72,0.19,0.0,0.0,6.53,0.1879,30.0,0.0
1062,36.72,5.31,0.0,0.0,1.41,0.1323,30.0,0.0
1063,38.67,1.0,5.29,0.0,2.38,0.1203,30.0,0.0
1064,40.54,2.55,12.61,0.0,0.0,0.1,25.38,0.0
1065,42.27,1.23,17.51,3.25,0.0,0.1,26.78,0.0
1066,43.79,0.77,20.25,7.24,0.0,0.125,30.0,0.0
1067,45.03,4.0,23.61,12.58,0.0,0.1806,30.0,0.0
1068,45.96,1.72,24.06,9.82,0.0,0.2773,30.0,0.0
1069,46.53,2.89,24.6,10.95,0.0,0.3528,30.0,0.0
1070,46.72,2.48,21.95,7.71,0.0,0.4369,30.0,0.0
1071,46.53,3.42,17.85,4.74,0.0,0.4962,30.0,0.0
1072,45.96,3.15,12.73,0.0,0.07,0.5326,30.0,0.0
1073,45.03,1.62,4.89,0.0,8.52,0.532,30.0,0.0
1074,43.79,5.1,0.0,0.0,8.69,0.4595,30.0,0.0
1075,42.27,3.41,0.0,0.0,8.86,0.3855,30.0,0.0
1076,40.54,2.29,0.0,0.0,8.26,0.31,30.0,0.0
1077,38.67,4.12,0.0,0.0,4.55,0.2397,30.0,0.0
1078,36.72,6.97,0.0,0.26,0.0,0.2009,30.0,0.0
1079,36.72,6.22,0.0,0.0,0.5,0.2029,30.0,0.0
1080,36.75,4.61,0.0,0.0,2.14,0.1987,30.0,0.0
1081,36.75,4.56,0.0,0.0,2.19,0.1805,30.0,0.0
1082,36.75,4.46,0.0,0.0,2.29,0.1618,30.0,0.0
1083,36.75,7.53,0.0,0.78,0.0,0.1424,30.0,0.0
1084,36.75,4.92,0.0,0.0,1.82,0.1484,30.0,0.0
1085,36.75,4.66,0.0,0.0,2.09,0.1328,30.0,0.0
1086,36.75,5.13,0.0,0.0,1.62,0.115,30.0,0.0
1087,38.7,3.69,4.86,0.0,0.15,0.1012,30.0,0.0
1088,40.58,0.0,11.88,0.0,0.0,0.1,28.69,0.0
1089,42.3,2.48,17.05,3.39,0.0,0.1,26.16,0.0
1090,43.82,2.43,21.69,10.31,0.0,0.126,30.0,0.0
1091,45.06,2.34,23.94,11.22,0.0,0.2053,30.0,0.0
1092,45.99,3.34,25.38,12.74,0.0,0.2914,30.0,0.0
1093,46.56,2.47,23.79,9.7,0.0,0.3893,30.0,0.0
1094,46.75,3.53,22.1,8.88,0.0,0.4639,30.0,0.0
1095,46.56,2.64,18.03,4.12,0.0,0.5321,30.0,0.0
1096,45.99,3.14,11.55,0.0,1.3,0.5638,30.0,0.0
1097,45.06,0.63,6.53,0.0,7.91,0.5527,30.0,0.0
1098,43.82,4.97,0.0,0.0,8.85,0.4854,30.0,0.0
1099,42.3,4.55,0.0,0.0,7.76,0.41,30.0,0.0
1100,40.58,5.77,0.0,0.0,4.81,0.344,30.0,0.0
1101,38.7,0.72,0.0,0.0,7.98,0.3031,30.0,0.0
1102,36.75,7.76,0.0,1.01,0.0,0.2351,30.0,0.0
1103,36.75,4.85,0.0,0.0,1.9,0.2429,30.0,0.0
1104,36.78,6.59,0.0,0.0,0.19,0.2267,30.0,0.0
1105,36.78,3.6,0.0,0.0,3.18,0.2251,30.0,0.0
1106,36.78,5.73,0.0,0.0,1.05,0.198,30.0,0.0
1107,36.78,3.23,0.0,0.0,3.55,0.189,30.0,0.0
1108,36.78,3.53,0.0,0.0,3.25,0.1588,30.0,0.0
1109,36.78,6.68,0.0,0.0,0.1,0.1311,30.0,0.0
1110,36.78,3.44,0.0,0.0,3.34,0.1302,30.0,0.0
1111,38.73,3.64,4.87,0.0,0.21,0.1018,30.0,0.0
1112,40.61,4.21,12.55,0.0,0.0,0.1,23.84,0.0
1113,42.33,3.41,17.95,0.0,0.0,0.1,20.98,0.0
1114,43.85,2.72,21.41,8.32,0.0,0.1,28.03,0.0
1115,45.09,2.88,23.25,11.04,0.0,0.1639,30.0,0.0
1116,46.02,5.62,24.31,13.91,0.0,0.2487,30.0,0.0
1117,46.59,2.3,23.82,9.53,0.0,0.3556,30.0,0.0
1118,46.78,2.79,22.0,8.01,0.0,0.4289,30.0,0.0
1119,46.59,4.17,17.47,5.05,0.0,0.4904,30.0,0.0
1120,46.02,4.53,11.53,0.04,0.0,0.5292,30.0,0.0
1121,45.09,4.97,5.96,0.0,4.16,0.5295,30.0,0.0
1122,43.85,4.58,0.0,0.0,9.28,0.4941,30.0,0.0
1123,42.33,2.49,0.0,0.0,9.85,0.4151,30.0,0.0
1124,40.61,6.62,0.0,0.0,3.98,0.3313,30.0,0.0
1125,38.73,3.1,0.0,0.0,5.63,0.2974,30.0,0.0
1126,36.78,5.3,0.0,0.0,1.48,0.2494,30.0,0.0
1127,36.78,3.99,0.0,0.0,2.79,0.2368,30.0,0.0
1128,36.81,4.96,0.0,0.0,1.84,0.2131,30.0,0.0
1129,36.81,5.46,0.0,0.0,1.35,0.1974,30.0,0.0
1130,36.81,5.31,0.0,0.0,1.5,0.1859,30.0,0.0
1131,36.81,5.23,0.0,0.0,1.58,0.1731,30.0,0.0
1132,36.81,6.58,0.0,0.0,0.23,0.1596,30.0,0.0
1133,36.81,4.66,0.0,0.0,2.15,0.1577,30.0,0.0
1134,36.81,3.35,0.0,0.0,3.46,0.1394,30.0,0.0
1135,38.76,4.65,5.93,1.82,0.0,0.1099,30.0,0.0
1136,40.64,4.63,11.19,5.18,0.0,0.1239,30.0,0.0
1137,42.36,1.03,17.16,5.83,0.0,0.1637,30.0,0.0
1138,43.88,3.32,20.56,10.0,0.0,0.2085,30.0,0.0
1139,45.12,3.32,23.35,11.54,0.0,0.2854,30.0,0.0
1140,46.05,1.91,24.59,10.45,0.0,0.3741,30.0,0.0
1141,46.62,4.24,23.29,10.91,0.0,0.4543,30.0,0.0
1142,46.81,2.29,20.53,6.02,0.0,0.5382,30.0,0.0
1143,46.62,2.89,17.86,4.13,0.0,0.5844,30.0,0.0
1144,46.05,2.76,11.63,0.0,1.65,0.6162,30.0,0.0
1145,45.12,3.35,4.97,0.0,6.8,0.6021,30.0,0.0
1146,43.88,2.18,0.0,0.0,11.7,0.5442,30.0,0.0
1147,42.36,2.07,0.0,0.0,10.3,0.4446,30.0,0.0
1148,40.64,6.55,0.0,0.0,4.08,0.3569,30.0,0.0
1149,38.76,3.49,0.0,0.0,5.27,0.3222,30.0,0.0
1150,36.81,3.51,0.0,0.0,3.3,0.2773,30.0,0.0
1151,36.81,2.06,0.0,0.0,4.75,0.2492,30.0,0.0
1152,36.84,4.16,0.0,0.0,2.68,0.2088,30.0,0.0
1153,36.84,3.18,0.0,0.0,3.66,0.186,30.0,0.0
1154,36.84,7.1,0.0,0.26,0.0,0.1548,30.0,0.0
1155,36.84,6.02,0.0,0.0,0.82,0.1568,30.0,0.0
1156,36.84,3.41,0.0,0.0,3.43,0.1498,30.0,0.0
1157,36.84,7.1,0.0,0.27,0.0,0.1206,30.0,0.0
1158,36.84,5.01,0.0,0.0,1.83,0.1227,30.0,0.0
1159,38.79,2.87,5.09,0.0,0.83,0.1071,30.0,0.0
1160,40.67,0.0,11.54,0.0,0.0,0.1,29.12,0.0
1161,42.39,5.84,16.76,4.98,0.0,0.1,24.77,0.0
1162,43.91,0.58,21.6,8.27,0.0,0.1382,30.0,0.0
1163,45.15,0.09,23.74,8.67,0.0,0.2018,30.0,0.0
1164,46.08,3.7,25.36,12.98,0.0,0.2684,30.0,0.0
1165,46.65,5.68,24.98,14.02,0.0,0.3682,30.0,0.0
1166,46.84,4.38,22.04,9.58,0.0,0.4759,30.0,0.0
1167,46.65,3.47,18.35,5.17,0.0,0.5495,30.0,0.0
1168,46.08,3.8,12.3,0.02,0.0,0.5893,30.0,0.0
1169,45.15,4.48,5.8,0.0,4.88,0.5894,30.0,0.0
1170,43.91,4.71,0.0,0.0,9.2,0.5479,30.0,0.0
1171,42.39,4.41,0.0,0.0,7.99,0.4695,30.0,0.0
1172,40.67,4.49,0.0,0.0,6.17,0.4015,30.0,0.0
1173,38.79,4.55,0.0,0.0,4.24,0.3489,30.0,0.0
1174,36.84,3.82,0.0,0.0,3.02,0.3128,30.0,0.0
1175,36.84,4.6,0.0,0.0,2.23,0.2871,30.0,0.0
1176,36.87,2.7,0.0,0.0,4.17,0.2681,30.0,0.0
1177,36.87,4.84,0.0,0.0,2.03,0.2326,30.0,0.0
1178,36.87,3.48,0.0,0.0,3.39,0.2153,30.0,0.0
1179,36.87,3.11,0.0,0.0,3.76,0.1865,30.0,0.0
1180,36.87,4.58,0.0,0.0,2.29,0.1545,30.0,0.0
1181,36.87,5.91,0.0,0.0,0.96,0.135,30.0,0.0
1182,36.87,4.91,0.0,0.0,1.96,0.1268,30.0,0.0
1183,38.82,1.14,6.74,0.0,0.93,0.1101,30.0,0.0
1184,40.69,1.61,12.5,3.41,0.0,0.1022,30.0,0.0
1185,42.42,3.97,18.12,9.67,0.0,0.1284,30.0,0.0
1186,43.94,1.12,22.54,9.72,0.0,0.2027,30.0,0.0
1187,45.18,2.02,24.51,11.35,0.0,0.2774,30.0,0.0
1188,46.11,3.03,24.52,11.45,0.0,0.3646,30.0,0.0
1189,46.68,1.0,24.61,8.93,0.0,0.4526,30.0,0.0
1190,46.87,2.61,21.25,6.99,0.0,0.5213,30.0,0.0
1191,46.68,0.85,17.07,1.25,0.0,0.5749,30.0,0.0
1192,46.11,2.14,12.98,0.0,0.98,0.5845,30.0,0.0
1193,45.18,3.73,4.95,0.0,6.5,0.5762,30.0,0.0
1194,43.94,1.47,0.0,0.0,12.47,0.5208,30.0,0.0
1195,42.42,4.61,0.0,0.0,7.82,0.4147,30.0,0.0
1196,40.69,4.31,0.0,0.0,6.39,0.3481,30.0,0.0
1197,38.82,5.37,0.0,0.0,3.44,0.2937,30.0,0.0
1198,36.87,5.14,0.0,0.0,1.73,0.2644,30.0,0.0
1199,36.87,6.84,0.0,0.0,0.03,0.2497,30.0,0.0
1200,36.9,5.17,0.0,0.0,1.72,0.2494,30.0,0.0
1201,36.9,4.37,0.0,0.0,2.53,0.2348,30.0,0.0
1202,36.9,4.98,0.0,0.0,1.91,0.2132,30.0,0.0
1203,36.9,5.34,0.0,0.0,1.55,0.197,30.0,0.0
1204,36.9,4.38,0.0,0.0,2.51,0.1837,30.0,0.0
1205,36.9,4.04,0.0,0.0,2.85,0.1623,30.0,0.0
1206,36.9,2.67,0.0,0.0,4.23,0.138,30.0,0.0
1207,38.85,2.37,6.24,0.0,0.24,0.1021,30.0,0.0
1208,40.72,1.03,11.51,0.0,0.0,0.1,28.19,0.0
1209,42.45,5.06,16.68,9.24,0.0,0.1,29.94,0.0
1210,43.97,0.74,22.65,9.43,0.0,0.171,30.0,0.0
1211,45.21,1.36,23.5,9.65,0.0,0.2434,30.0,0.0
1212,46.13,1.28,25.51,10.65,0.0,0.3176,30.0,0.0
1213,46.7,3.53,24.37,11.2,0.0,0.3994,30.0,0.0
1214,46.9,2.04,20.94,6.09,0.0,0.4855,30.0,0.0
1215,46.7,4.37,17.06,4.73,0.0,0.5323,30.0,0.0
1216,46.13,2.02,12.63,0.0,1.48,0.5686,30.0,0.0
1217,45.21,3.66,6.59,0.0,4.96,0.5561,30.0,0.0
1218,43.97,2.49,0.0,0.0,11.48,0.5139,30.0,0.0
1219,42.45,6.92,0.0,0.0,5.53,0.4161,30.0,0.0
1220,40.72,2.69,0.0,0.0,8.03,0.369,30.0,0.0
1221,38.85,5.02,0.0,0.0,3.82,0.3006,30.0,0.0
1222,36.9,5.68,0.0,0.0,1.21,0.2681,30.0,0.0
1223,36.9,5.52,0.0,0.0,1.38,0.2578,30.0,0.0
1224,36.92,4.73,0.0,0.0,2.19,0.2461,30.0,0.0
1225,36.92,4.76,0.0,0.0,2.17,0.2274,30.0,0.0
1226,36.92,4.86,0.0,0.0,2.06,0.2089,30.0,0.0
1227,36.92,4.38,0.0,0.0,2.54,0.1914,30.0,0.0
1228,36.92,5.62,0.0,0.0,1.31,0.1697,30.0,0.0
1229,36.92,6.99,0.0,0.07,0.0,0.1586,30.0,0.0
1230,36.92,2.85,0.0,0.0,4.07,0.1591,30.0,0.0
1231,38.87,1.38,6.18,0.0,1.31,0.1244,30.0,0.0
1232,40.75,2.81,11.82,3.88,0.0,0.1133,30.0,0.0
1233,42.48,6.18,16.77,10.47,0.0,0.1431,30.0,0.0
1234,43.99,1.33,21.06,8.39,0.0,0.2235,30.0,0.0
1235,45.24,4.53,23.58,12.88,0.0,0.288,30.0,0.0
1236,46.16,4.54,26.22,14.6,0.0,0.3869,30.0,0.0
1237,46.73,1.53,24.25,9.05,0.0,0.4991,30.0,0.0
1238,46.92,3.21,22.36,8.65,0.0,0.5687,30.0,0.0
1239,46.73,4.87,18.13,6.27,0.0,0.6351,30.0,0.0
1240,46.16,2.41,11.57,0.0,2.18,0.6833,30.0,0.0
1241,45.24,2.98,5.4,0.0,6.85,0.6647,30.0,0.0
1242,43.99,2.82,0.0,0.0,11.18,0.6063,30.0,0.0
1243,42.48,2.58,0.0,0.0,9.9,0.5112,30.0,0.0
1244,40.75,3.41,0.0,0.0,7.34,0.4269,30.0,0.0
1245,38.87,2.91,0.0,0.0,5.97,0.3643,30.0,0.0
1246,36.92,4.85,0.0,0.0,2.08,0.3135,30.0,0.0
1247,36.92,3.88,0.0,0.0,3.04,0.2958,30.0,0.0
1248,36.95,5.28,0.0,0.0,1.67,0.2699,30.0,0.0
1249,36.95,2.79,0.0,0.0,4.16,0.2557,30.0,0.0
1250,36.95,5.23,0.0,0.0,1.72,0.2203,30.0,0.0
1251,36.95,5.7,0.0,0.0,1.25,0.2057,30.0,0.0
1252,36.95,1.55,0.0,0.0,5.4,0.1951,30.0,0.0
1253,36.95,4.46,0.0,0.0,2.49,0.1491,30.0,0.0
1254,36.95,5.28,0.0,0.0,1.67,0.1279,30.0,0.0
1255,38.9,1.58,5.72,0.0,1.6,0.1136,30.0,0.0
1256,40.78,5.2,12.97,6.74,0.0,0.1,29.35,0.0
1257,42.51,3.2,18.22,8.92,0.0,0.1518,30.0,0.0
1258,44.02,1.44,21.1,8.52,0.0,0.2203,30.0,0.0
1259,45.27,2.2,25.09,12.02,0.0,0.2858,30.0,0.0
1260,46.19,2.99,24.98,11.78,0.0,0.3781,30.0,0.0
1261,46.76,2.38,24.39,10.0,0.0,0.4686,30.0,0.0
1262,46.95,3.15,22.09,8.29,0.0,0.5455,30.0,0.0
1263,46.76,1.37,17.56,2.16,0.0,0.6092,30.0,0.0
1264,46.19,3.14,12.95,0.0,0.1,0.6258,30.0,0.0
1265,45.27,1.3,5.93,0.0,8.03,0.625,30.0,0.0
1266,44.02,3.44,0.0,0.0,10.58,0.5566,30.0,0.0
1267,42.51,2.71,0.0,0.0,9.79,0.4665,30.0,0.0
1268,40.78,3.27,0.0,0.0,7.51,0.3831,30.0,0.0
1269,38.9,6.26,0.0,0.0,2.65,0.3192,30.0,0.0
1270,36.95,6.27,0.0,0.0,0.68,0.2967,30.0,0.0
1271,36.95,5.75,0.0,0.0,1.2,0.291,30.0,0.0
1272,36.98,3.45,0.0,0.0,3.53,0.2807,30.0,0.0
1273,36.98,4.47,0.0,0.0,2.51,0.2507,30.0,0.0
1274,36.98,6.42,0.0,0.0,0.55,0.2293,30.0,0.0
1275,36.98,4.74,0.0,0.0,2.24,0.2246,30.0,0.0
1276,36.98,7.44,0.0,0.46,0.0,0.2055,30.0,0.0
1277,36.98,4.47,0.0,0.0,2.51,0.2091,30.0,0.0
1278,36.98,3.84,0.0,0.0,3.14,0.1877,30.0,0.0
1279,38.93,2.8,5.0,0.0,1.13,0.161,30.0,0.0
1280,40.8,3.07,12.72,4.99,0.0,0.1514,30.0,0.0
1281,42.53,2.4,17.91,7.78,0.0,0.1897,30.0,0.0
1282,44.05,3.36,21.95,11.26,0.0,0.2495,30.0,0.0
1283,45.29,3.56,25.33,13.6,0.0,0.336,30.0,0.0
1284,46.22,1.13,25.62,10.53,0.0,0.4405,30.0,0.0
1285,46.79,0.43,25.09,8.74,0.0,0.5214,30.0,0.0
1286,46.98,0.0,21.4,4.42,0.0,0.5886,30.0,0.0
1287,46.79,3.3,18.1,4.62,0.0,0.6226,30.0,0.0
1288,46.22,1.38,13.11,0.0,1.73,0.6581,30.0,0.0
1289,45.29,0.27,6.84,0.0,8.17,0.6434,30.0,0.0
1290,44.05,4.11,0.0,0.0,9.94,0.5738,30.0,0.0
1291,42.53,7.34,0.0,0.0,5.19,0.4891,30.0,0.0
1292,40.8,4.25,0.0,0.0,6.55,0.4449,30.0,0.0
1293,38.93,5.69,0.0,0.0,3.24,0.3892,30.0,0.0
1294,36.98,4.87,0.0,0.0,2.1,0.3616,30.0,0.0
1295,36.98,4.76,0.0,0.0,2.21,0.3437,30.0,0.0
1296,37.0,6.19,0.0,0.0,0.82,0.3249,30.0,0.0
1297,37.0,4.48,0.0,0.0,2.52,0.3179,30.0,0.0
1298,37.0,5.11,0.0,0.0,1.89,0.2964,30.0,0.0
1299,37.0,4.97,0.0,0.0,2.04,0.2803,30.0,0.0
1300,37.0,3.33,0.0,0.0,3.68,0.263,30.0,0.0
1301,37.0,5.27,0.0,0.0,1.73,0.2317,30.0,0.0
1302,37.0,3.32,0.0,0.0,3.69,0.2169,30.0,0.0
1303,38.95,2.17,6.56,0.0,0.23,0.1855,30.0,0.0
1304,40.83,3.61,12.9,5.68,0.0,0.1836,30.0,0.0
1305,42.56,1.36,17.52,6.32,0.0,0.2272,30.0,0.0
1306,44.07,2.41,21.58,9.92,0.0,0.2758,30.0,0.0
1307,45.32,2.22,23.94,10.85,0.0,0.352,30.0,0.0
1308,46.24,3.68,26.05,13.49,0.0,0.4354,30.0,0.0
1309,46.81,2.88,24.7,10.77,0.0,0.539,30.0,0.0
1310,47.0,2.34,22.79,8.12,0.0,0.6218,30.0,0.0
1311,46.81,3.71,18.02,4.91,0.0,0.6842,30.0,0.0
1312,46.24,4.78,12.83,1.36,0.0,0.722,30.0,0.0
1313,45.32,3.97,6.24,0.0,5.11,0.7324,30.0,0.0
1314,44.07,3.57,0.0,0.0,10.5,0.6889,30.0,0.0
1315,42.56,2.12,0.0,0.0,10.44,0.5995,30.0,0.0
1316,40.83,2.78,0.0,0.0,8.05,0.5106,30.0,0.0
1317,38.95,4.11,0.0,0.0,4.85,0.4421,30.0,0.0
1318,37.0,3.91,0.0,0.0,3.09,0.4008,30.0,0.0
1319,37.0,4.62,0.0,0.0,2.38,0.3744,30.0,0.0
1320,37.03,4.99,0.0,0.0,2.04,0.3542,30.0,0.0
1321,37.03,5.59,0.0,0.0,1.44,0.3368,30.0,0.0
1322,37.03,4.63,0.0,0.0,2.4,0.3245,30.0,0.0
1323,37.03,5.17,0.0,0.0,1.86,0.3041,30.0,0.0
1324,37.03,4.31,0.0,0.0,2.72,0.2883,30.0,0.0
1325,37.03,1.19,0.0,0.0,5.84,0.2651,30.0,0.0
1326,37.03,2.25,0.0,0.0,4.78,0.2154,30.0,0.0
1327,38.98,2.99,6.24,0.24,0.0,0.1747,30.0,0.0
1328,40.86,1.2,11.61,1.95,0.0,0.1766,30.0,0.0
1329,42.58,3.39,18.45,9.26,0.0,0.1916,30.0,0.0
1330,44.1,4.45,23.12,13.47,0.0,0.2627,30.0,0.0
1331,45.34,3.88,24.33,12.87,0.0,0.3662,30.0,0.0
1332,46.27,1.88,25.16,10.77,0.0,0.4651,30.0,0.0
1333,46.84,4.26,24.83,12.25,0.0,0.5479,30.0,0.0
1334,47.03,2.56,21.5,7.02,0.0,0.642,30.0,0.0
1335,46.84,2.11,18.58,3.85,0.0,0.696,30.0,0.0
1336,46.27,2.01,12.86,0.0,1.39,0.7256,30.0,0.0
1337,45.34,2.77,6.88,0.0,5.69,0.7138,30.0,0.0
1338,44.1,3.01,0.0,0.0,11.09,0.6653,30.0,0.0
1339,42.58,4.13,0.0,0.0,8.46,0.5709,30.0,0.0
1340,40.86,4.44,0.0,0.0,6.41,0.4988,30.0,0.0
1341,38.98,4.51,0.0,0.0,4.47,0.4442,30.0,0.0
1342,37.03,5.32,0.0,0.0,1.71,0.4062,30.0,0.0
1343,37.03,6.49,0.0,0.0,0.54,0.3917,30.0,0.0
1344,37.05,6.19,0.0,0.0,0.86,0.3871,30.0,0.0
1345,37.05,2.81,0.0,0.0,4.24,0.3797,30.0,0.0
1346,37.05,1.21,0.0,0.0,5.85,0.3436,30.0,0.0
1347,37.05,5.77,0.0,0.0,1.29,0.2938,30.0,0.0
1348,37.05,2.33,0.0,0.0,4.72,0.2828,30.0,0.0
1349,37.05,3.57,0.0,0.0,3.49,0.2426,30.0,0.0
1350,37.05,1.92,0.0,0.0,5.14,0.213,30.0,0.0
1351,39.0,0.7,5.6,0.0,2.71,0.1692,30.0,0.0
1352,40.88,3.58,11.96,4.65,0.0,0.1462,30.0,0.0
1353,42.61,3.59,17.56,8.54,0.0,0.1819,30.0,0.0
1354,44.12,1.54,21.48,8.9,0.0,0.2476,30.0,0.0
1355,45.37,0.0,24.43,9.06,0.0,0.3159,30.0,0.0
1356,46.29,1.4,26.36,11.47,0.0,0.3855,30.0,0.0
1357,46.86,2.73,25.52,11.39,0.0,0.4737,30.0,0.0
1358,47.05,0.31,22.81,6.07,0.0,0.5612,30.0,0.0
1359,46.86,2.8,18.6,4.54,0.0,0.6078,30.0,0.0
1360,46.29,2.81,13.04,0.0,0.44,0.6427,30.0,0.0
1361,45.37,3.96,5.21,0.0,6.2,0.639,30.0,0.0
1362,44.12,3.68,0.0,0.0,10.44,0.5862,30.0,0.0
1363,42.61,2.54,0.0,0.0,10.07,0.4973,30.0,0.0
1364,40.88,5.84,0.0,0.0,5.04,0.4116,30.0,0.0
1365,39.0,4.27,0.0,0.0,4.73,0.3687,30.0,0.0
1366,37.05,4.67,0.0,0.0,2.39,0.3284,30.0,0.0
1367,37.05,3.56,0.0,0.0,3.49,0.3081,30.0,0.0
1368,37.08,4.26,0.0,0.0,2.82,0.2784,30.0,0.0
1369,37.08,3.61,0.0,0.0,3.47,0.2544,30.0,0.0
1370,37.08,4.45,0.0,0.0,2.63,0.2249,30.0,0.0
1371,37.08,6.81,0.0,0.0,0.27,0.2025,30.0,0.0
1372,37.08,2.31,0.0,0.0,4.77,0.2002,30.0,0.0
1373,37.08,1.64,0.0,0.0,5.43,0.1596,30.0,0.0
1374,37.08,5.51,0.0,0.0,1.56,0.1133,30.0,0.0
1375,39.03,2.86,6.82,0.0,0.0,0.1,29.35,0.0
1376,40.9,1.9,12.39,0.0,0.0,0.1,26.62,0.0
1377,42.63,3.96,18.84,4.93,0.0,0.1,24.77,0.0
1378,44.15,1.48,21.75,9.09,0.0,0.1379,30.0,0.0
1379,45.39,4.68,24.81,14.09,0.0,0.2077,30.0,0.0
1380,46.32,3.06,25.22,11.97,0.0,0.316,30.0,0.0
1381,46.89,1.51,25.79,10.41,0.0,0.4079,30.0,0.0
1382,47.08,5.27,22.52,10.71,0.0,0.4879,30.0,0.0
1383,46.89,1.7,18.06,2.88,0.0,0.5703,30.0,0.0
1384,46.32,3.83,13.29,0.8,0.0,0.5924,30.0,0.0
1385,45.39,3.56,5.72,0.0,6.12,0.5986,30.0,0.0
1386,44.15,5.28,0.0,0.0,8.87,0.5465,30.0,0.0
1387,42.63,5.99,0.0,0.0,6.64,0.471,30.0,0.0
1388,40.9,4.23,0.0,0.0,6.68,0.4144,30.0,0.0
1389,39.03,3.44,0.0,0.0,5.59,0.3576,30.0,0.0
1390,37.08,5.32,0.0,0.0,1.76,0.31,30.0,0.0
1391,37.08,3.89,0.0,0.0,3.18,0.295,30.0,0.0
1392,37.1,7.61,0.0,0.5,0.0,0.2679,30.0,0.0
1393,37.1,4.99,0.0,0.0,2.11,0.2717,30.0,0.0
1394,37.1,4.17,0.0,0.0,2.94,0.2538,30.0,0.0
1395,37.1,4.7,0.0,0.0,2.4,0.2288,30.0,0.0
1396,37.1,2.32,0.0,0.0,4.78,0.2083,30.0,0.0
1397,37.1,2.5,0.0,0.0,4.6,0.1676,30.0,0.0
1398,37.1,5.12,0.0,0.0,1.98,0.1285,30.0,0.0
1399,39.05,2.23,5.46,0.0,1.37,0.1116,30.0,0.0
1400,40.93,1.36,11.84,0.0,0.0,0.1,27.72,0.0
1401,42.66,3.25,17.44,0.27,0.0,0.1,22.24,0.0
1402,44.17,3.92,23.06,12.81,0.0,0.1021,30.0,0.0
1403,45.42,3.14,24.43,12.15,0.0,0.2005,30.0,0.0
1404,46.34,3.47,27.01,14.15,0.0,0.2939,30.0,0.0
1405,46.91,1.12,24.53,8.74,0.0,0.4026,30.0,0.0
1406,47.1,0.35,22.62,5.86,0.0,0.4698,30.0,0.0
1407,46.91,4.57,17.61,5.27,0.0,0.5149,30.0,0.0
1408,46.34,2.35,13.04,0.0,0.95,0.5554,30.0,0.0
1409,45.42,2.78,5.61,0.0,7.03,0.5473,30.0,0.0
1410,44.17,5.3,0.0,0.0,8.87,0.4875,30.0,0.0
1411,42.66,4.6,0.0,0.0,8.06,0.4119,30.0,0.0
1412,40.93,4.79,0.0,0.0,6.14,0.3433,30.0,0.0
1413,39.05,7.41,0.0,0.0,1.64,0.291,30.0,0.0
1414,37.1,3.78,0.0,0.0,3.32,0.277,30.0,0.0
1415,37.1,6.07,0.0,0.0,1.03,0.2488,30.0,0.0
1416,37.12,4.91,0.0,0.0,2.22,0.24,30.0,0.0
1417,37.12,5.15,0.0,0.0,1.97,0.2212,30.0,0.0
1418,37.12,6.74,0.0,0.0,0.39,0.2044,30.0,0.0
1419,37.12,5.12,0.0,0.0,2.0,0.2011,30.0,0.0
1420,37.12,4.88,0.0,0.0,2.24,0.184,30.0,0.0
1421,37.12,5.28,0.0,0.0,1.84,0.1649,30.0,0.0
1422,37.12,2.96,0.0,0.0,4.16,0.1493,30.0,0.0
1423,39.08,1.96,5.5,0.0,1.62,0.1138,30.0,0.0
1424,40.95,0.0,12.23,0.0,0.0,0.1,28.72,0.0
1425,42.68,0.0,19.18,5.93,0.0,0.1,29.43,0.0
1426,44.2,5.09,22.07,12.97,0.0,0.1456,30.0,0.0
1427,45.44,0.63,24.68,9.87,0.0,0.2452,30.0,0.0
1428,46.36,1.79,26.26,11.69,0.0,0.321,30.0,0.0
1429,46.93,1.76,25.59,10.41,0.0,0.4109,30.0,0.0
1430,47.12,2.7,23.42,8.99,0.0,0.4909,30.0,0.0
1431,46.93,3.61,17.7,4.38,0.0,0.56,30.0,0.0
1432,46.36,3.95,13.6,1.19,0.0,0.5936,30.0,0.0
1433,45.44,2.31,6.4,0.0,6.73,0.6028,30.0,0.0
1434,44.2,3.23,0.0,0.0,10.96,0.5455,30.0,0.0
1435,42.68,4.2,0.0,0.0,8.48,0.4521,30.0,0.0
1436,40.95,3.8,0.0,0.0,7.15,0.38,30.0,0.0
1437,39.08,6.63,0.0,0.0,2.45,0.3191,30.0,0.0
1438,37.12,5.32,0.0,0.0,1.81,0.2983,30.0,0.0
1439,37.12,5.79,0.0,0.0,1.34,0.2829,30.0,0.0
1440,37.15,5.72,0.0,0.0,1.43,0.2715,30.0,0.0
1441,37.15,6.37,0.0,0.0,0.78,0.2593,30.0,0.0
1442,37.15,4.87,0.0,0.0,2.27,0.2527,30.0,0.0
1443,37.15,2.63,0.0,0.0,4.51,0.2334,30.0,0.0
1444,37.15,4.67,0.0,0.0,2.47,0.1949,30.0,0.0
1445,37.15,2.9,0.0,0.0,4.24,0.1739,30.0,0.0
1446,37.15,2.72,0.0,0.0,4.43,0.1377,30.0,0.0
1447,39.1,3.89,5.91,0.0,0.0,0.1,29.3,0.0
1448,40.97,4.45,12.4,4.32,0.0,0.1,28.44,0.0
1449,42.7,2.5,17.67,7.47,0.0,0.1332,30.0,0.0
1450,44.22,2.68,23.58,12.04,0.0,0.1905,30.0,0.0
1451,45.46,4.45,26.04,15.03,0.0,0.2831,30.0,0.0
1452,46.39,2.4,25.99,12.0,0.0,0.3985,30.0,0.0
1453,46.95,5.68,25.65,14.37,0.0,0.4908,30.0,0.0
1454,47.15,3.03,22.46,8.35,0.0,0.6012,30.0,0.0
1455,46.95,0.06,17.66,0.76,0.0,0.6654,30.0,0.0
1456,46.39,3.79,12.3,0.0,0.3,0.6712,30.0,0.0
1457,45.46,3.61,5.34,0.0,6.52,0.6687,30.0,0.0
1458,44.22,5.21,0.0,0.0,9.01,0.6132,30.0,0.0
1459,42.7,4.72,0.0,0.0,7.99,0.5364,30.0,0.0
1460,40.97,3.94,0.0,0.0,7.04,0.4684,30.0,0.0
1461,39.1,2.73,0.0,0.0,6.37,0.4085,30.0,0.0
1462,37.15,4.34,0.0,0.0,2.81,0.3543,30.0,0.0
1463,37.15,3.6,0.0,0.0,3.55,0.3304,30.0,0.0
1464,37.17,3.99,0.0,0.0,3.17,0.3002,30.0,0.0
1465,37.17,5.55,0.0,0.0,1.62,0.2731,30.0,0.0
1466,37.17,6.89,0.0,0.0,0.28,0.2593,30.0,0.0
1467,37.17,4.93,0.0,0.0,2.24,0.257,30.0,0.0
1468,37.17,2.47,0.0,0.0,4.7,0.2379,30.0,0.0
1469,37.17,4.38,0.0,0.0,2.79,0.1979,30.0,0.0
1470,37.17,5.06,0.0,0.0,2.11,0.1742,30.0,0.0
1471,39.12,2.23,5.52,0.0,1.37,0.1562,30.0,0.0
1472,41.0,2.55,13.04,4.6,0.0,0.1445,30.0,0.0
1473,42.72,2.47,18.45,8.19,0.0,0.1798,30.0,0.0
1474,44.24,1.16,22.87,9.79,0.0,0.2428,30.0,0.0
1475,45.48,2.98,26.28,13.78,0.0,0.318,30.0,0.0
1476,46.41,1.88,26.78,12.26,0.0,0.4239,30.0,0.0
1477,46.98,2.67,24.66,10.36,0.0,0.5181,30.0,0.0
1478,47.17,1.02,22.73,6.58,0.0,0.5976,30.0,0.0
1479,46.98,1.85,18.55,3.43,0.0,0.6482,30.0,0.0
1480,46.41,3.72,12.71,0.02,0.0,0.6745,30.0,0.0
1481,45.48,2.55,6.62,0.0,6.31,0.6747,30.0,0.0
1482,44.24,5.78,0.0,0.0,8.46,0.621,30.0,0.0
1483,42.72,3.23,0.0,0.0,9.5,0.549,30.0,0.0
1484,41.0,4.41,0.0,0.0,6.58,0.4681,30.0,0.0
1485,39.12,5.66,0.0,0.0,3.45,0.4121,30.0,0.0
1486,37.17,2.66,0.0,0.0,4.51,0.3827,30.0,0.0
1487,37.17,2.33,0.0,0.0,4.84,0.3443,30.0,0.0
1488,37.19,2.68,0.0,0.0,4.51,0.3031,30.0,0.0
1489,37.19,6.45,0.0,0.0,0.74,0.2647,30.0,0.0
1490,37.19,3.83,0.0,0.0,3.36,0.2584,30.0,0.0
1491,37.19,7.87,0.0,0.68,0.0,0.2298,30.0,0.0
1492,37.19,3.31,0.0,0.0,3.88,0.235,30.0,0.0
1493,37.19,4.01,0.0,0.0,3.18,0.202,30.0,0.0
1494,37.19,5.51,0.0,0.0,1.68,0.1749,30.0,0.0
1495,39.14,5.79,5.94,2.6,0.0,0.1606,30.0,0.0
1496,41.02,5.54,13.43,7.95,0.0,0.1805,30.0,0.0
1497,42.75,4.09,19.26,10.6,0.0,0.2417,30.0,0.0
1498,44.26,3.62,22.14,11.49,0.0,0.3231,30.0,0.0
1499,45.5,2.89,25.98,13.37,0.0,0.4114,30.0,0.0
1500,46.43,3.1,26.73,13.39,0.0,0.5141,30.0,0.0
1501,47.0,1.32,26.47,10.79,0.0,0.6171,30.0,0.0
1502,47.19,1.09,22.19,6.09,0.0,0.7,30.0,0.0
1503,47.0,2.43,18.26,3.69,0.0,0.7468,30.0,0.0
1504,46.43,2.48,12.84,0.0,1.11,0.7751,30.0,0.0
1505,45.5,2.42,6.33,0.0,6.75,0.7657,30.0,0.0
1506,44.26,4.35,0.0,0.0,9.91,0.7083,30.0,0.0
1507,42.75,5.06,0.0,0.0,7.68,0.6239,30.0,0.0
1508,41.02,4.2,0.0,0.0,6.81,0.5585,30.0,0.0
1509,39.14,6.39,0.0,0.0,2.75,0.5005,30.0,0.0
1510,37.19,3.02,0.0,0.0,4.17,0.4771,30.0,0.0
1511,37.19,4.46,0.0,0.0,2.73,0.4416,30.0,0.0
1512,37.21,3.77,0.0,0.0,3.44,0.4183,30.0,0.0
1513,37.21,2.15,0.0,0.0,5.06,0.389,30.0,0.0
1514,37.21,4.45,0.0,0.0,2.76,0.3459,30.0,0.0
1515,37.21,4.18,0.0,0.0,3.03,0.3224,30.0,0.0
1516,37.21,6.14,0.0,0.0,1.07,0.2966,30.0,0.0
1517,37.21,4.6,0.0,0.0,2.61,0.2874,30.0,0.0
1518,37.21,1.98,0.0,0.0,5.23,0.2652,30.0,0.0
1519,39.16,5.56,5.86,2.26,0.0,0.2206,30.0,0.0
1520,41.04,4.37,13.12,6.45,0.0,0.238,30.0,0.0
1521,42.77,3.21,19.09,9.53,0.0,0.2876,30.0,0.0
1522,44.28,1.88,22.21,9.81,0.0,0.3608,30.0,0.0
1523,45.52,0.74,26.68,11.9,0.0,0.4362,30.0,0.0
1524,46.45,1.5,26.55,11.6,0.0,0.5276,30.0,0.0
1525,47.02,3.55,25.18,11.71,0.0,0.6168,30.0,0.0
1526,47.21,4.77,23.49,11.05,0.0,0.7068,30.0,0.0
1527,47.02,4.52,17.77,5.27,0.0,0.7917,30.0,0.0
1528,46.45,2.02,12.2,0.0,2.22,0.8322,30.0,0.0
1529,45.52,1.49,6.8,0.0,7.23,0.8133,30.0,0.0
1530,44.28,3.57,0.0,0.0,10.71,0.7517,30.0,0.0
1531,42.77,1.31,0.0,0.0,11.45,0.6605,30.0,0.0
1532,41.04,4.51,0.0,0.0,6.53,0.563,30.0,0.0
1533,39.16,4.14,0.0,0.0,5.02,0.5074,30.0,0.0
1534,37.21,3.93,0.0,0.0,3.28,0.4646,30.0,0.0
1535,37.21,2.52,0.0,0.0,4.69,0.4367,30.0,0.0
1536,37.23,5.43,0.0,0.0,1.8,0.3967,30.0,0.0
1537,37.23,3.95,0.0,0.0,3.28,0.3814,30.0,0.0
1538,37.23,2.94,0.0,0.0,4.29,0.3535,30.0,0.0
1539,37.23,0.39,0.0,0.0,6.84,0.317,30.0,0.0
1540,37.23,4.0,0.0,0.0,3.23,0.2587,30.0,0.0
1541,37.23,6.14,0.0,0.0,1.09,0.2313,30.0,0.0
1542,37.23,5.63,0.0,0.0,1.6,0.222,30.0,0.0
1543,39.18,2.38,5.59,0.0,1.22,0.2084,30.0,0.0
1544,41.06,1.85,13.37,4.16,0.0,0.198,30.0,0.0
1545,42.79,3.03,19.03,9.27,0.0,0.23,30.0,0.0
1546,44.3,0.8,22.64,9.14,0.0,0.3013,30.0,0.0
1547,45.54,2.45,26.63,13.53,0.0,0.3715,30.0,0.0
1548,46.47,3.04,27.72,14.28,0.0,0.4755,30.0,0.0
1549,47.04,3.71,26.16,12.84,0.0,0.5852,30.0,0.0
1550,47.23,2.03,23.86,8.66,0.0,0.6839,30.0,0.0
1551,47.04,2.11,19.53,4.6,0.0,0.7505,30.0,0.0
1552,46.47,1.47,12.82,0.0,2.18,0.7859,30.0,0.0
1553,45.54,1.87,6.86,0.0,6.81,0.7673,30.0,0.0
1554,44.3,3.05,0.0,0.0,11.25,0.7093,30.0,0.0
1555,42.79,4.21,0.0,0.0,8.57,0.6134,30.0,0.0
1556,41.06,5.29,0.0,0.0,5.76,0.5405,30.0,0.0
1557,39.18,3.23,0.0,0.0,5.95,0.4914,30.0,0.0
1558,37.23,6.59,0.0,0.0,0.64,0.4407,30.0,0.0
1559,37.23,4.31,0.0,0.0,2.92,0.4352,30.0,0.0
1560,37.25,4.68,0.0,0.0,2.57,0.4103,30.0,0.0
1561,37.25,3.64,0.0,0.0,3.61,0.3884,30.0,0.0
1562,37.25,1.2,0.0,0.0,6.05,0.3577,30.0,0.0
1563,37.25,5.52,0.0,0.0,1.73,0.3062,30.0,0.0
1564,37.25,5.03,0.0,0.0,2.22,0.2914,30.0,0.0
1565,37.25,3.31,0.0,0.0,3.94,0.2725,30.0,0.0
1566,37.25,3.43,0.0,0.0,3.82,0.239,30.0,0.0
1567,39.2,3.69,6.9,1.38,0.0,0.2064,30.0,0.0
1568,41.08,0.51,13.09,2.52,0.0,0.2171,30.0,0.0
1569,42.8,1.64,18.48,7.32,0.0,0.2365,30.0,0.0
1570,44.32,3.24,22.83,11.75,0.0,0.2927,30.0,0.0
1571,45.56,0.3,25.82,10.55,0.0,0.383,30.0,0.0
1572,46.49,2.37,27.59,13.47,0.0,0.4641,30.0,0.0
1573,47.06,0.16,25.38,8.48,0.0,0.5676,30.0,0.0
1574,47.25,2.79,23.67,9.21,0.0,0.6328,30.0,0.0
1575,47.06,2.32,19.08,4.34,0.0,0.7036,30.0,0.0
1576,46.49,0.44,12.94,0.0,3.11,0.7369,30.0,0.0
1577,45.56,4.58,5.63,0.0,5.36,0.7104,30.0,0.0
1578,44.32,2.33,0.0,0.0,11.99,0.6648,30.0,0.0
1579,42.8,2.58,0.0,0.0,10.22,0.5627,30.0,0.0
1580,41.08,4.3,0.0,0.0,6.78,0.4757,30.0,0.0
1581,39.2,5.88,0.0,0.0,3.32,0.4179,30.0,0.0
1582,37.25,3.13,0.0,0.0,4.12,0.3896,30.0,0.0
1583,37.25,4.74,0.0,0.0,2.51,0.3546,30.0,0.0
1584,37.27,5.27,0.0,0.0,2.0,0.3333,30.0,0.0
1585,37.27,5.59,0.0,0.0,1.68,0.3163,30.0,0.0
1586,37.27,4.74,0.0,0.0,2.53,0.3019,30.0,0.0
1587,37.27,3.78,0.0,0.0,3.49,0.2804,30.0,0.0
1588,37.27,2.87,0.0,0.0,4.4,0.2508,30.0,0.0
1589,37.27,3.79,0.0,0.0,3.48,0.2133,30.0,0.0
1590,37.27,1.85,0.0,0.0,5.42,0.1837,30.0,0.0
1591,39.22,0.0,5.92,0.0,3.3,0.1375,30.0,0.0
1592,41.09,3.23,12.88,5.01,0.0,0.1094,30.0,0.0
1593,42.82,3.58,18.23,8.99,0.0,0.1479,30.0,0.0
1594,44.34,0.0,23.71,9.37,0.0,0.217,30.0,0.0
1595,45.58,0.61,25.88,10.91,0.0,0.289,30.0,0.0
1596,46.51,2.79,27.21,13.49,0.0,0.3728,30.0,0.0
1597,47.08,4.81,26.89,14.63,0.0,0.4765,30.0,0.0
1598,47.27,2.16,23.31,8.2,0.0,0.5889,30.0,0.0
1599,47.08,1.35,18.68,2.95,0.0,0.6519,30.0,0.0
1600,46.51,2.38,13.16,0.0,0.97,0.6745,30.0,0.0
1601,45.58,4.84,7.03,0.0,3.71,0.6663,30.0,0.0
1602,44.34,2.43,0.0,0.0,11.91,0.6347,30.0,0.0
1603,42.82,2.58,0.0,0.0,10.25,0.5333,30.0,0.0
1604,41.09,3.34,0.0,0.0,7.76,0.4461,30.0,0.0
1605,39.22,2.98,0.0,0.0,6.24,0.38,30.0,0.0
1606,37.27,4.67,0.0,0.0,2.6,0.3269,30.0,0.0
1607,37.27,6.86,0.0,0.0,0.41,0.3048,30.0,0.0
1608,37.29,5.11,0.0,0.0,2.18,0.3013,30.0,0.0
1609,37.29,4.27,0.0,0.0,3.01,0.2828,30.0,0.0
1610,37.29,4.08,0.0,0.0,3.21,0.2571,30.0,0.0
1611,37.29,2.12,0.0,0.0,5.16,0.2298,30.0,0.0
1612,37.29,5.19,0.0,0.0,2.1,0.1858,30.0,0.0
1613,37.29,3.54,0.0,0.0,3.74,0.168,30.0,0.0
1614,37.29,3.05,0.0,0.0,4.24,0.1361,30.0,0.0
1615,39.24,7.31,6.82,0.0,0.0,0.1,25.1,0.0
1616,41.11,3.02,12.74,2.73,0.0,0.1,28.09,0.0
1617,42.84,1.3,19.65,8.1,0.0,0.121,30.0,0.0
1618,44.36,1.52,23.13,10.3,0.0,0.1833,30.0,0.0
1619,45.6,3.54,25.88,13.82,0.0,0.2624,30.0,0.0
1620,46.52,2.08,27.35,12.9,0.0,0.3687,30.0,0.0
1621,47.09,0.0,27.02,9.93,0.0,0.4678,30.0,0.0
1622,47.29,3.37,23.08,9.16,0.0,0.5441,30.0,0.0
1623,47.09,1.41,18.24,2.56,0.0,0.6146,30.0,0.0
1624,46.52,5.17,13.42,2.07,0.0,0.6342,30.0,0.0
1625,45.6,4.42,5.88,0.0,5.3,0.6501,30.0,0.0
1626,44.36,2.68,0.0,0.0,11.68,0.605,30.0,0.0
1627,42.84,5.4,0.0,0.0,7.44,0.5056,30.0,0.0
1628,41.11,4.07,0.0,0.0,7.04,0.4422,30.0,0.0
1629,39.24,5.43,0.0,0.0,3.81,0.3823,30.0,0.0
1630,37.29,5.14,0.0,0.0,2.14,0.3499,30.0,0.0
1631,37.29,3.46,0.0,0.0,3.83,0.3316,30.0,0.0
1632,37.3,3.76,0.0,0.0,3.54,0.299,30.0,0.0
1633,37.3,6.0,0.0,0.0,1.3,0.2689,30.0,0.0
1634,37.3,4.0,0.0,0.0,3.3,0.2578,30.0,0.0
1635,37.3,3.69,0.0,0.0,3.61,0.2297,30.0,0.0
1636,37.3,2.65,0.0,0.0,4.65,0.1989,30.0,0.0
1637,37.3,4.21,0.0,0.0,3.1,0.1593,30.0,0.0
1638,37.3,6.1,0.0,0.0,1.21,0.1329,30.0,0.0
1639,39.25,1.46,5.76,0.0,2.04,0.1227,30.0,0.0
1640,41.13,2.62,13.72,5.21,0.0,0.1053,30.0,0.0
1641,42.86,4.24,19.05,10.43,0.0,0.1453,30.0,0.0
1642,44.37,1.98,22.99,10.59,0.0,0.2255,30.0,0.0
1643,45.62,2.57,27.12,14.07,0.0,0.3069,30.0,0.0
1644,46.54,0.45,27.22,11.12,0.0,0.415,30.0,0.0
1645,47.11,2.54,25.8,11.23,0.0,0.5005,30.0,0.0
1646,47.3,1.83,23.11,7.64,0.0,0.5867,30.0,0.0
1647,47.11,3.65,18.38,4.92,0.0,0.6454,30.0,0.0
1648,46.54,4.21,14.1,1.78,0.0,0.6833,30.0,0.0
1649,45.62,6.46,6.04,0.0,3.11,0.6969,30.0,0.0
1650,44.37,4.07,0.0,0.0,10.31,0.6704,30.0,0.0
1651,42.86,4.07,0.0,0.0,8.79,0.5826,30.0,0.0
1652,41.13,4.22,0.0,0.0,6.91,0.5078,30.0,0.0
1653,39.25,3.76,0.0,0.0,5.5,0.449,30.0,0.0
1654,37.3,4.92,0.0,0.0,2.38,0.4022,30.0,0.0
1655,37.3,4.19,0.0,0.0,3.11,0.382,30.0,0.0
1656,37.32,4.85,0.0,0.0,2.47,0.3555,30.0,0.0
1657,37.32,6.38,0.0,0.0,0.94,0.3344,30.0,0.0
1658,37.32,3.06,0.0,0.0,4.26,0.3264,30.0,0.0
1659,37.32,5.78,0.0,0.0,1.54,0.2901,30.0,0.0
1660,37.32,5.74,0.0,0.0,1.58,0.277,30.0,0.0
1661,37.32,3.44,0.0,0.0,3.88,0.2636,30.0,0.0
1662,37.32,0.34,0.0,0.0,6.97,0.2306,30.0,0.0
1663,39.27,2.06,7.26,0.05,0.0,0.1712,30.0,0.0
1664,41.15,4.34,12.42,5.61,0.0,0.1716,30.0,0.0
1665,42.87,2.25,19.9,9.28,0.0,0.2147,30.0,0.0
1666,44.39,0.7,23.0,9.3,0.0,0.286,30.0,0.0
1667,45.63,1.24,26.48,12.08,0.0,0.3575,30.0,0.0
1668,46.56,3.03,27.41,13.88,0.0,0.4503,30.0,0.0
1669,47.13,2.68,25.66,11.21,0.0,0.557,30.0,0.0
1670,47.32,1.74,22.87,7.29,0.0,0.6431,30.0,0.0
1671,47.13,1.78,18.63,3.28,0.0,0.6991,30.0,0.0
1672,46.56,2.03,13.01,0.0,1.52,0.7243,30.0,0.0
1673,45.63,1.63,6.1,0.0,7.9,0.7114,30.0,0.0
1674,44.39,5.46,0.0,0.0,8.93,0.6441,30.0,0.0
1675,42.87,3.16,0.0,0.0,9.71,0.5681,30.0,0.0
1676,41.15,5.6,0.0,0.0,5.54,0.4854,30.0,0.0
1677,39.27,6.3,0.0,0.0,2.97,0.4382,30.0,0.0
1678,37.32,5.8,0.0,0.0,1.52,0.4129,30.0,0.0
1679,37.32,3.98,0.0,0.0,3.34,0.4,30.0,0.0
1680,37.33,5.15,0.0,0.0,2.18,0.3716,30.0,0.0
1681,37.33,4.52,0.0,0.0,2.82,0.353,30.0,0.0
1682,37.33,3.18,0.0,0.0,4.16,0.329,30.0,0.0
1683,37.33,4.64,0.0,0.0,2.69,0.2936,30.0,0.0
1684,37.33,2.3,0.0,0.0,5.04,0.2707,30.0,0.0
1685,37.33,5.21,0.0,0.0,2.13,0.2278,30.0,0.0
1686,37.33,2.59,0.0,0.0,4.74,0.2097,30.0,0.0
1687,39.29,3.15,5.87,0.0,0.26,0.1693,30.0,0.0
1688,41.16,2.93,14.24,6.01,0.0,0.1671,30.0,0.0
1689,42.89,1.91,18.5,7.52,0.0,0.2133,30.0,0.0
1690,44.41,2.85,24.12,12.56,0.0,0.271,30.0,0.0
1691,45.65,1.26,25.87,11.48,0.0,0.3676,30.0,0.0
1692,46.57,3.05,28.46,14.94,0.0,0.4557,30.0,0.0
1693,47.14,0.06,27.03,9.95,0.0,0.5706,30.0,0.0
1694,47.33,2.22,23.65,8.53,0.0,0.647,30.0,0.0
1695,47.14,4.91,18.46,6.23,0.0,0.7125,30.0,0.0
1696,46.57,1.17,14.12,0.0,1.28,0.7604,30.0,0.0
1697,45.65,1.95,5.89,0.0,7.82,0.7495,30.0,0.0
1698,44.41,3.93,0.0,0.0,10.47,0.683,30.0,0.0
1699,42.89,3.83,0.0,0.0,9.06,0.5938,30.0,0.0
1700,41.16,4.39,0.0,0.0,6.77,0.5167,30.0,0.0
1701,39.29,4.87,0.0,0.0,4.42,0.459,30.0,0.0
1702,37.33,5.28,0.0,0.0,2.05,0.4214,30.0,0.0
1703,37.33,6.07,0.0,0.0,1.26,0.4039,30.0,0.0
1704,37.35,5.14,0.0,0.0,2.21,0.3932,30.0,0.0
1705,37.35,4.2,0.0,0.0,3.15,0.3743,30.0,0.0
1706,37.35,5.31,0.0,0.0,2.04,0.3475,30.0,0.0
1707,37.35,6.78,0.0,0.0,0.57,0.3302,30.0,0.0
1708,37.35,3.71,0.0,0.0,3.64,0.3253,30.0,0.0
1709,37.35,2.23,0.0,0.0,5.12,0.2943,30.0,0.0
1710,37.35,4.72,0.0,0.0,2.63,0.2507,30.0,0.0
1711,39.3,2.69,5.66,0.0,0.95,0.2283,30.0,0.0
1712,41.18,0.0,12.92,1.74,0.0,0.2202,30.0,0.0
1713,42.91,3.4,19.98,10.47,0.0,0.2336,30.0,0.0
1714,44.42,1.29,24.33,11.2,0.0,0.314,30.0,0.0
1715,45.66,1.76,26.48,12.57,0.0,0.4001,30.0,0.0
1716,46.59,2.29,28.13,13.83,0.0,0.4967,30.0,0.0
1717,47.16,2.14,26.97,11.96,0.0,0.603,30.0,0.0
1718,47.35,2.99,24.39,10.03,0.0,0.6949,30.0,0.0
1719,47.16,1.64,19.3,3.79,0.0,0.772,30.0,0.0
1720,46.59,3.22,12.73,0.0,0.63,0.8011,30.0,0.0
1721,45.66,2.5,6.98,0.0,6.18,0.7957,30.0,0.0
1722,44.42,4.22,0.0,0.0,10.2,0.743,30.0,0.0
1723,42.91,4.4,0.0,0.0,8.5,0.6562,30.0,0.0
1724,41.18,2.61,0.0,0.0,8.57,0.5838,30.0,0.0
1725,39.3,5.66,0.0,0.0,3.64,0.5108,30.0,0.0
1726,37.35,3.66,0.0,0.0,3.69,0.4799,30.0,0.0
1727,37.35,5.64,0.0,0.0,1.71,0.4484,30.0,0.0
1728,37.36,5.06,0.0,0.0,2.31,0.4338,30.0,0.0
1729,37.36,7.02,0.0,0.0,0.34,0.4142,30.0,0.0
1730,37.36,4.06,0.0,0.0,3.3,0.4113,30.0,0.0
1731,37.36,3.67,0.0,0.0,3.69,0.3832,30.0,0.0
1732,37.36,3.84,0.0,0.0,3.52,0.3518,30.0,0.0
1733,37.36,3.12,0.0,0.0,4.24,0.3218,30.0,0.0
1734,37.36,4.28,0.0,0.0,3.08,0.2857,30.0,0.0
1735,39.31,0.62,7.25,0.0,1.45,0.2594,30.0,0.0
1736,41.19,1.06,14.23,4.1,0.0,0.2471,30.0,0.0
1737,42.92,0.75,18.75,6.58,0.0,0.2785,30.0,0.0
1738,44.44,3.3,24.05,12.91,0.0,0.3291,30.0,0.0
1739,45.68,4.2,26.6,15.13,0.0,0.4283,30.0,0.0
1740,46.6,1.67,28.11,13.18,0.0,0.5446,30.0,0.0
1741,47.17,1.63,26.4,10.86,0.0,0.6458,30.0,0.0
1742,47.36,2.09,23.43,8.16,0.0,0.7293,30.0,0.0
1743,47.17,3.81,18.72,5.36,0.0,0.792,30.0,0.0
1744,46.6,1.23,13.22,0.0,2.15,0.8332,30.0,0.0
1745,45.68,3.16,5.8,0.0,6.72,0.8149,30.0,0.0
1746,44.44,4.52,0.0,0.0,9.92,0.7576,30.0,0.0
1747,42.92,4.22,0.0,0.0,8.7,0.6732,30.0,0.0
1748,41.19,4.13,0.0,0.0,7.06,0.5991,30.0,0.0
1749,39.31,5.52,0.0,0.0,3.79,0.539,30.0,0.0
1750,37.36,0.67,0.0,0.0,6.7,0.5067,30.0,0.0
1751,37.36,5.43,0.0,0.0,1.93,0.4497,30.0,0.0
1752,37.38,3.64,0.0,0.0,3.74,0.4333,30.0,0.0
1753,37.38,1.98,0.0,0.0,5.4,0.4014,30.0,0.0
1754,37.38,5.05,0.0,0.0,2.33,0.3554,30.0,0.0
1755,37.38,6.01,0.0,0.0,1.37,0.3356,30.0,0.0
1756,37.38,3.66,0.0,0.0,3.72,0.324,30.0,0.0
1757,37.38,4.82,0.0,0.0,2.56,0.2923,30.0,0.0
1758,37.38,5.37,0.0,0.0,2.01,0.2705,30.0,0.0
1759,39.33,4.61,5.97,1.25,0.0,0.2534,30.0,0.0
1760,41.2,4.72,14.25,7.77,0.0,0.263,30.0,0.0
1761,42.93,3.21,19.71,9.98,0.0,0.3227,30.0,0.0
1762,44.45,2.08,24.7,12.33,0.0,0.3994,30.0,0.0
1763,45.69,0.0,26.58,10.89,0.0,0.4941,30.0,0.0
1764,46.62,1.46,28.21,13.05,0.0,0.5778,30.0,0.0
1765,47.19,0.68,27.98,11.48,0.0,0.6781,30.0,0.0
1766,47.38,4.95,24.59,12.16,0.0,0.7663,30.0,0.0
1767,47.19,1.95,20.1,4.87,0.0,0.8597,30.0,0.0
1768,46.62,2.65,14.34,0.37,0.0,0.8971,30.0,0.0
1769,45.69,3.56,6.51,0.0,5.62,0.9,30.0,0.0
1770,44.45,3.22,0.0,0.0,11.23,0.8521,30.0,0.0
1771,42.93,5.84,0.0,0.0,7.1,0.7565,30.0,0.0
1772,41.2,2.99,0.0,0.0,8.21,0.6961,30.0,0.0
1773,39.33,4.4,0.0,0.0,4.93,0.6262,30.0,0.0
1774,37.38,3.33,0.0,0.0,4.05,0.5842,30.0,0.0
1775,37.38,2.68,0.0,0.0,4.7,0.5497,30.0,0.0
1776,37.39,3.67,0.0,0.0,3.72,0.5097,30.0,0.0
1777,37.39,4.41,0.0,0.0,2.98,0.478,30.0,0.0
1778,37.39,3.74,0.0,0.0,3.65,0.4527,30.0,0.0
1779,37.39,3.16,0.0,0.0,4.23,0.4216,30.0,0.0
1780,37.39,1.9,0.0,0.0,5.49,0.3855,30.0,0.0
1781,37.39,3.38,0.0,0.0,4.01,0.3388,30.0,0.0
1782,37.39,1.08,0.0,0.0,6.31,0.3046,30.0,0.0
1783,39.34,3.83,7.21,1.7,0.0,0.2509,30.0,0.0
1784,41.22,2.57,13.7,5.05,0.0,0.2639,30.0,0.0
1785,42.95,0.18,19.43,6.66,0.0,0.3027,30.0,0.0
1786,44.46,1.53,24.9,11.97,0.0,0.3539,30.0,0.0
1787,45.71,0.79,28.05,13.14,0.0,0.4458,30.0,0.0
1788,46.63,2.21,28.91,14.49,0.0,0.5467,30.0,0.0
1789,47.2,3.65,26.89,13.34,0.0,0.6581,30.0,0.0
1790,47.39,0.0,24.89,7.5,0.0,0.7606,30.0,0.0
1791,47.2,2.33,20.09,5.22,0.0,0.8182,30.0,0.0
1792,46.63,2.24,13.28,0.0,1.11,0.8583,30.0,0.0
1793,45.71,3.7,5.9,0.0,6.1,0.8489,30.0,0.0
1794,44.46,3.43,0.0,0.0,11.03,0.797,30.0,0.0
1795,42.95,2.46,0.0,0.0,10.48,0.703,30.0,0.0
1796,41.22,3.39,0.0,0.0,7.83,0.6138,30.0,0.0
1797,39.34,3.02,0.0,0.0,6.32,0.5471,30.0,0.0
1798,37.39,5.8,0.0,0.0,1.59,0.4933,30.0,0.0
1799,37.39,4.49,0.0,0.0,2.9,0.4797,30.0,0.0
1800,37.4,7.09,0.0,0.0,0.31,0.455,30.0,0.0
1801,37.4,4.36,0.0,0.0,3.05,0.4524,30.0,0.0
1802,37.4,3.33,0.0,0.0,4.07,0.4264,30.0,0.0
1803,37.4,2.01,0.0,0.0,5.39,0.3918,30.0,0.0
1804,37.4,1.33,0.0,0.0,6.07,0.3459,30.0,0.0
1805,37.4,1.3,0.0,0.0,6.1,0.2942,30.0,0.0
1806,37.4,3.48,0.0,0.0,3.92,0.2422,30.0,0.0
1807,39.35,3.46,6.12,0.22,0.0,0.2088,30.0,0.0
1808,41.23,0.27,14.09,3.12,0.0,0.2105,30.0,0.0
1809,42.96,3.37,18.94,9.36,0.0,0.2345,30.0,0.0
1810,44.47,1.27,25.17,11.97,0.0,0.3064,30.0,0.0
1811,45.72,1.99,27.8,14.07,0.0,0.3984,30.0,0.0
1812,46.64,3.95,28.67,15.98,0.0,0.5066,30.0,0.0
1813,47.21,3.02,28.06,13.87,0.0,0.6294,30.0,0.0
1814,47.4,1.56,24.85,9.01,0.0,0.736,30.0,0.0
1815,47.21,0.93,19.19,2.91,0.0,0.8052,30.0,0.0
1816,46.64,0.0,14.11,0.0,2.53,0.8275,30.0,0.0
1817,45.72,1.78,6.62,0.0,7.32,0.806,30.0,0.0
1818,44.47,2.83,0.0,0.0,11.65,0.7436,30.0,0.0
1819,42.96,2.12,0.0,0.0,10.84,0.6445,30.0,0.0
1820,41.23,3.62,0.0,0.0,7.61,0.5522,30.0,0.0
1821,39.35,4.19,0.0,0.0,5.16,0.4874,30.0,0.0
1822,37.4,3.99,0.0,0.0,3.41,0.4434,30.0,0.0
1823,37.4,3.55,0.0,0.0,3.85,0.4144,30.0,0.0
1824,37.41,4.69,0.0,0.0,2.72,0.3816,30.0,0.0
1825,37.41,5.02,0.0,0.0,2.39,0.3584,30.0,0.0
1826,37.41,2.79,0.0,0.0,4.63,0.3381,30.0,0.0
1827,37.41,5.99,0.0,0.0,1.42,0.2987,30.0,0.0
1828,37.41,3.64,0.0,0.0,3.77,0.2866,30.0,0.0
1829,37.41,3.47,0.0,0.0,3.94,0.2545,30.0,0.0
1830,37.41,4.06,0.0,0.0,3.35,0.2209,30.0,0.0
1831,39.37,3.06,7.3,0.99,0.0,0.1924,30.0,0.0
1832,41.24,3.71,12.81,5.28,0.0,0.2,30.0,0.0
1833,42.97,2.52,20.05,9.6,0.0,0.2406,30.0,0.0
1834,44.49,1.07,24.37,10.96,0.0,0.3144,30.0,0.0
1835,45.73,2.27,26.58,13.12,0.0,0.3985,30.0,0.0
1836,46.65,0.16,28.22,11.73,0.0,0.4994,30.0,0.0
1837,47.22,1.92,26.72,11.42,0.0,0.5895,30.0,0.0
1838,47.41,1.86,24.1,8.54,0.0,0.6772,30.0,0.0
1839,47.22,1.84,19.15,3.77,0.0,0.7429,30.0,0.0
1840,46.65,2.23,13.8,0.0,0.62,0.7719,30.0,0.0
1841,45.73,0.16,5.82,0.0,9.74,0.7666,30.0,0.0
1842,44.49,2.34,0.0,0.0,12.14,0.6836,30.0,0.0
1843,42.97,3.58,0.0,0.0,9.39,0.5802,30.0,0.0
1844,41.24,4.0,0.0,0.0,7.24,0.5002,30.0,0.0
1845,39.37,2.65,0.0,0.0,6.71,0.4386,30.0,0.0
1846,37.41,6.01,0.0,0.0,1.4,0.3814,30.0,0.0
1847,37.41,3.23,0.0,0.0,4.18,0.3695,30.0,0.0
1848,37.43,5.77,0.0,0.0,1.66,0.3339,30.0,0.0
1849,37.43,4.98,0.0,0.0,2.45,0.3198,30.0,0.0
1850,37.43,3.37,0.0,0.0,4.05,0.2989,30.0,0.0
1851,37.43,6.47,0.0,0.0,0.96,0.2644,30.0,0.0
1852,37.43,2.12,0.0,0.0,5.3,0.2563,30.0,0.0
1853,37.43,4.68,0.0,0.0,2.74,0.2111,30.0,0.0
1854,37.43,4.44,0.0,0.0,2.98,0.1878,30.0,0.0
1855,39.38,1.8,7.54,0.0,0.04,0.1624,30.0,0.0
1856,41.25,4.29,13.27,6.31,0.0,0.1621,30.0,0.0
1857,42.98,1.76,19.32,8.1,0.0,0.2106,30.0,0.0
1858,44.5,2.28,25.22,13.01,0.0,0.2728,30.0,0.0
1859,45.74,2.1,26.97,13.33,0.0,0.3728,30.0,0.0
1860,46.66,1.52,28.86,13.72,0.0,0.4752,30.0,0.0
1861,47.23,2.86,27.41,13.03,0.0,0.5806,30.0,0.0
1862,47.43,2.97,24.4,9.95,0.0,0.6807,30.0,0.0
1863,47.23,0.0,19.14,1.9,0.0,0.7572,30.0,0.0
1864,46.66,4.17,13.67,1.18,0.0,0.7718,30.0,0.0
1865,45.74,0.44,6.01,0.0,9.29,0.7809,30.0,0.0
1866,44.5,4.48,0.0,0.0,10.01,0.7018,30.0,0.0
1867,42.98,4.97,0.0,0.0,8.01,0.6166,30.0,0.0
1868,41.25,2.26,0.0,0.0,8.99,0.5483,30.0,0.0
1869,39.38,3.48,0.0,0.0,5.9,0.4718,30.0,0.0
1870,37.43,2.74,0.0,0.0,4.68,0.4216,30.0,0.0
1871,37.43,4.1,0.0,0.0,3.33,0.3817,30.0,0.0
1872,37.44,4.0,0.0,0.0,3.44,0.3534,30.0,0.0
1873,37.44,5.44,0.0,0.0,2.0,0.3241,30.0,0.0
1874,37.44,6.03,0.0,0.0,1.41,0.3071,30.0,0.0
1875,37.44,5.93,0.0,0.0,1.51,0.2951,30.0,0.0
1876,37.44,2.96,0.0,0.0,4.47,0.2823,30.0,0.0
1877,37.44,3.12,0.0,0.0,4.32,0.2442,30.0,0.0
1878,37.44,0.74,0.0,0.0,6.69,0.2074,30.0,0.0
1879,39.39,1.59,7.01,0.0,0.79,0.1504,30.0,0.0
1880,41.26,3.68,13.82,6.24,0.0,0.1437,30.0,0.0
1881,42.99,4.29,20.48,11.78,0.0,0.1917,30.0,0.0
1882,44.51,0.17,24.08,9.75,0.0,0.2822,30.0,0.0
1883,45.75,0.91,28.04,13.21,0.0,0.3571,30.0,0.0
1884,46.67,1.64,29.22,14.19,0.0,0.4586,30.0,0.0
1885,47.24,2.11,28.27,13.14,0.0,0.5677,30.0,0.0
1886,47.44,0.75,24.28,7.6,0.0,0.6686,30.0,0.0
1887,47.24,2.66,19.91,5.33,0.0,0.727,30.0,0.0
1888,46.67,1.71,13.5,0.0,1.46,0.768,30.0,0.0
1889,45.75,2.67,7.12,0.0,5.96,0.7556,30.0,0.0
1890,44.51,3.8,0.0,0.0,10.71,0.7049,30.0,0.0
1891,42.99,3.41,0.0,0.0,9.58,0.6137,30.0,0.0
1892,41.26,3.14,0.0,0.0,8.13,0.5321,30.0,0.0
1893,39.39,3.87,0.0,0.0,5.52,0.4629,30.0,0.0
1894,37.44,4.11,0.0,0.0,3.32,0.4159,30.0,0.0
1895,37.44,3.86,0.0,0.0,3.57,0.3876,30.0,0.0
1896,37.44,4.04,0.0,0.0,3.4,0.3572,30.0,0.0
1897,37.44,6.54,0.0,0.0,0.91,0.3283,30.0,0.0
1898,37.44,4.98,0.0,0.0,2.47,0.3205,30.0,0.0
1899,37.44,3.59,0.0,0.0,3.86,0.2995,30.0,0.0
1900,37.44,4.66,0.0,0.0,2.78,0.2667,30.0,0.0
1901,37.44,2.92,0.0,0.0,4.52,0.243,30.0,0.0
1902,37.44,4.63,0.0,0.0,2.81,0.2045,30.0,0.0
1903,39.4,3.18,7.2,0.99,0.0,0.1806,30.0,0.0
1904,41.27,2.19,13.42,4.34,0.0,0.1881,30.0,0.0
1905,43.0,2.67,20.01,9.68,0.0,0.2215,30.0,0.0
1906,44.52,0.0,25.13,10.61,0.0,0.2959,30.0,0.0
1907,45.76,0.16,26.97,11.37,0.0,0.3774,30.0,0.0
1908,46.68,0.02,27.91,11.25,0.0,0.4648,30.0,0.0
1909,47.25,1.9,28.38,13.03,0.0,0.5513,30.0,0.0
1910,47.44,4.21,23.92,10.69,0.0,0.6514,30.0,0.0
1911,47.25,5.11,19.93,7.79,0.0,0.7335,30.0,0.0
1912,46.68,3.21,13.23,0.0,0.24,0.7933,30.0,0.0
1913,45.76,3.36,7.15,0.0,5.25,0.7913,30.0,0.0
1914,44.52,0.56,0.0,0.0,13.96,0.7466,30.0,0.0
1915,43.0,2.64,0.0,0.0,10.36,0.6278,30.0,0.0
1916,41.27,2.63,0.0,0.0,8.64,0.5395,30.0,0.0
1917,39.4,3.14,0.0,0.0,6.25,0.466,30.0,0.0
1918,37.44,3.98,0.0,0.0,3.46,0.4127,30.0,0.0
1919,37.44,3.7,0.0,0.0,3.74,0.3832,30.0,0.0
1920,37.45,1.66,0.0,0.0,5.79,0.3514,30.0,0.0
1921,37.45,5.35,0.0,0.0,2.1,0.3021,30.0,0.0
1922,37.45,2.72,0.0,0.0,4.73,0.2841,30.0,0.0
1923,37.45,4.3,0.0,0.0,3.16,0.2438,30.0,0.0
1924,37.45,6.53,0.0,0.0,0.93,0.217,30.0,0.0
1925,37.45,2.1,0.0,0.0,5.36,0.2091,30.0,0.0
1926,37.45,0.0,0.0,0.0,7.45,0.1635,30.0,0.0
1927,39.4,2.26,7.72,0.0,0.0,0.1,29.43,0.0
1928,41.28,3.82,14.13,4.0,0.0,0.1,27.33,0.0
1929,43.01,4.72,19.85,11.56,0.0,0.1307,30.0,0.0
1930,44.52,0.13,24.71,10.32,0.0,0.2195,30.0,0.0
1931,45.77,2.36,27.0,13.59,0.0,0.2989,30.0,0.0
1932,46.69,1.0,28.63,12.93,0.0,0.4033,30.0,0.0
1933,47.26,1.53,27.69,11.96,0.0,0.5027,30.0,0.0
1934,47.45,5.44,24.13,12.12,0.0,0.5946,30.0,0.0
1935,47.26,0.0,19.43,2.17,0.0,0.6877,30.0,0.0
1936,46.69,2.66,13.37,0.0,0.65,0.7044,30.0,0.0
1937,45.77,3.29,6.97,0.0,5.51,0.6988,30.0,0.0
1938,44.52,4.49,0.0,0.0,10.04,0.6519,30.0,0.0
1939,43.01,3.49,0.0,0.0,9.52,0.5664,30.0,0.0
1940,41.28,4.11,0.0,0.0,7.17,0.4854,30.0,0.0
1941,39.4,3.43,0.0,0.0,5.97,0.4243,30.0,0.0
1942,37.45,4.56,0.0,0.0,2.9,0.3735,30.0,0.0
1943,37.45,3.85,0.0,0.0,3.6,0.3488,30.0,0.0
1944,37.46,5.2,0.0,0.0,2.26,0.3182,30.0,0.0
1945,37.46,3.8,0.0,0.0,3.67,0.2989,30.0,0.0
1946,37.46,4.68,0.0,0.0,2.78,0.2677,30.0,0.0
1947,37.46,3.91,0.0,0.0,3.55,0.2441,30.0,0.0
1948,37.46,5.21,0.0,0.0,2.26,0.2138,30.0,0.0
1949,37.46,3.26,0.0,0.0,4.2,0.1946,30.0,0.0
1950,37.46,0.55,0.0,0.0,6.91,0.1588,30.0,0.0
1951,39.41,4.35,7.59,0.0,0.0,0.1,27.47,0.0
1952,41.29,1.05,14.08,0.0,0.0,0.1,26.16,0.0
1953,43.02,1.12,20.83,6.85,0.0,0.1,27.93,0.0
1954,44.53,0.98,24.65,11.09,0.0,0.1527,30.0,0.0
1955,45.78,3.54,27.93,15.69,0.0,0.2379,30.0,0.0
1956,46.7,0.0,28.87,12.17,0.0,0.3585,30.0,0.0
1957,47.27,5.95,27.86,16.54,0.0,0.452,30.0,0.0
1958,47.46,3.24,25.4,11.18,0.0,0.5791,30.0,0.0
1959,47.27,2.32,21.05,6.1,0.0,0.665,30.0,0.0
1960,46.7,2.22,14.22,0.0,0.26,0.7118,30.0,0.0
1961,45.78,3.02,7.21,0.0,5.55,0.7096,30.0,0.0
1962,44.53,3.69,0.0,0.0,10.84,0.6623,30.0,0.0
1963,43.02,4.22,0.0,0.0,8.8,0.57,30.0,0.0
1964,41.29,4.42,0.0,0.0,6.86,0.4951,30.0,0.0
1965,39.41,4.07,0.0,0.0,5.34,0.4367,30.0,0.0
1966,37.46,3.89,0.0,0.0,3.57,0.3912,30.0,0.0
1967,37.46,4.09,0.0,0.0,3.37,0.3608,30.0,0.0
1968,37.47,4.06,0.0,0.0,3.41,0.3321,30.0,0.0
1969,37.47,5.83,0.0,0.0,1.64,0.3031,30.0,0.0
1970,37.47,4.95,0.0,0.0,2.51,0.2892,30.0,0.0
1971,37.47,0.0,0.0,0.0,7.47,0.2678,30.0,0.0
1972,37.47,4.54,0.0,0.0,2.93,0.2042,30.0,0.0
1973,37.47,3.58,0.0,0.0,3.89,0.1792,30.0,0.0
1974,37.47,2.93,0.0,0.0,4.54,0.1461,30.0,0.0
1975,39.42,2.07,6.48,0.0,0.87,0.1074,30.0,0.0
1976,41.3,3.81,14.65,5.9,0.0,0.1,28.73,0.0
1977,43.02,3.28,21.1,11.36,0.0,0.1453,30.0,0.0
1978,44.54,0.71,25.95,12.12,0.0,0.2326,30.0,0.0
1979,45.78,2.19,28.74,15.15,0.0,0.3257,30.0,0.0
1980,46.71,0.26,29.38,12.93,0.0,0.4421,30.0,0.0
1981,47.28,0.0,27.69,10.41,0.0,0.5415,30.0,0.0
1982,47.47,0.91,25.82,9.26,0.0,0.6215,30.0,0.0
1983,47.28,3.17,21.23,7.12,0.0,0.6927,30.0,0.0
1984,46.71,3.58,13.39,0.26,0.0,0.7474,30.0,0.0
1985,45.78,3.3,7.17,0.0,5.31,0.7494,30.0,0.0
1986,44.54,3.95,0.0,0.0,10.59,0.7042,30.0,0.0
1987,43.02,4.02,0.0,0.0,9.01,0.614,30.0,0.0
1988,41.3,2.76,0.0,0.0,8.53,0.5373,30.0,0.0
1989,39.42,4.52,0.0,0.0,4.9,0.4647,30.0,0.0
1990,37.47,5.24,0.0,0.0,2.23,0.4229,30.0,0.0
1991,37.47,5.31,0.0,0.0,2.16,0.4039,30.0,0.0
1992,37.47,5.93,0.0,0.0,1.55,0.3856,30.0,0.0
1993,37.47,5.22,0.0,0.0,2.25,0.3724,30.0,0.0
1994,37.47,4.6,0.0,0.0,2.88,0.3533,30.0,0.0
1995,37.47,5.37,0.0,0.0,2.11,0.3288,30.0,0.0
1996,37.47,3.58,0.0,0.0,3.89,0.3108,30.0,0.0
1997,37.47,2.08,0.0,0.0,5.4,0.2777,30.0,0.0
1998,37.47,2.71,0.0,0.0,4.77,0.2317,30.0,0.0
1999,39.43,1.56,7.65,0.0,0.22,0.1911,30.0,0.0
2000,41.3,1.32,14.33,4.36,0.0,0.1892,30.0,0.0
2001,43.03,1.77,20.65,9.39,0.0,0.2227,30.0,0.0
2002,44.55,0.66,26.13,12.24,0.0,0.2949,30.0,0.0
2003,45.79,1.19,27.57,12.96,0.0,0.3889,30.0,0.0
2004,46.71,0.0,28.98,12.27,0.0,0.4886,30.0,0.0
2005,47.28,1.9,27.76,12.38,0.0,0.5829,30.0,0.0
2006,47.47,1.75,24.95,9.23,0.0,0.678,30.0,0.0
2007,47.28,0.85,20.75,4.31,0.0,0.7489,30.0,0.0
2008,46.71,3.15,14.18,0.61,0.0,0.782,30.0,0.0
2009,45.79,3.86,7.59,0.0,4.34,0.7867,30.0,0.0
2010,44.55,0.73,0.0,0.0,13.81,0.7498,30.0,0.0
2011,43.03,2.24,0.0,0.0,10.79,0.6322,30.0,0.0
2012,41.3,2.56,0.0,0.0,8.74,0.5403,30.0,0.0
2013,39.43,2.61,0.0,0.0,6.81,0.4659,30.0,0.0
2014,37.47,5.25,0.0,0.0,2.22,0.4079,30.0,0.0
2015,37.47,3.99,0.0,0.0,3.49,0.389,30.0,0.0
2016,37.48,3.92,0.0,0.0,3.56,0.3593,30.0,0.0
2017,37.48,1.49,0.0,0.0,5.99,0.329,30.0,0.0
2018,37.48,4.96,0.0,0.0,2.52,0.2779,30.0,0.0
2019,37.48,2.18,0.0,0.0,5.3,0.2565,30.0,0.0
2020,37.48,3.68,0.0,0.0,3.8,0.2114,30.0,0.0
2021,37.48,3.64,0.0,0.0,3.84,0.179,30.0,0.0
2022,37.48,4.77,0.0,0.0,2.71,0.1463,30.0,0.0
2023,39.43,0.76,6.85,0.0,1.82,0.1233,30.0,0.0
2024,41.31,0.0,13.62,2.31,0.0,0.1078,30.0,0.0
2025,43.04,2.19,20.1,9.26,0.0,0.1256,30.0,0.0
2026,44.55,4.19,25.82,15.46,0.0,0.1967,30.0,0.0
2027,45.8,3.28,28.45,15.94,0.0,0.3155,30.0,0.0
2028,46.72,1.83,29.94,15.04,0.0,0.438,30.0,0.0
2029,47.29,0.91,28.29,11.91,0.0,0.5536,30.0,0.0
2030,47.48,2.83,25.25,10.59,0.0,0.6451,30.0,0.0
2031,47.29,0.61,21.32,4.64,0.0,0.7265,30.0,0.0
2032,46.72,2.88,14.01,0.16,0.0,0.7622,30.0,0.0
2033,45.8,3.25,7.68,0.0,4.87,0.7635,30.0,0.0
2034,44.55,4.36,0.0,0.0,10.19,0.722,30.0,0.0
2035,43.04,7.04,0.0,0.0,5.99,0.6353,30.0,0.0
2036,41.31,4.13,0.0,0.0,7.18,0.5842,30.0,0.0
2037,39.43,3.18,0.0,0.0,6.25,0.5231,30.0,0.0
2038,37.48,4.06,0.0,0.0,3.42,0.4699,30.0,0.0
2039,37.48,1.81,0.0,0.0,5.67,0.4408,30.0,0.0
2040,37.49,3.3,0.0,0.0,4.18,0.3925,30.0,0.0
2041,37.49,3.65,0.0,0.0,3.84,0.3569,30.0,0.0
2042,37.49,3.35,0.0,0.0,4.13,0.3242,30.0,0.0
2043,37.49,4.06,0.0,0.0,3.42,0.289,30.0,0.0
2044,37.49,2.44,0.0,0.0,5.04,0.2599,30.0,0.0
2045,37.49,4.77,0.0,0.0,2.71,0.2169,30.0,0.0
2046,37.49,2.89,0.0,0.0,4.6,0.1939,30.0,0.0
2047,39.44,2.52,7.19,0.27,0.0,0.1547,30.0,0.0
2048,41.31,1.75,14.29,4.73,0.0,0.1568,30.0,0.0
2049,43.04,2.13,20.71,9.8,0.0,0.1931,30.0,0.0
2050,44.56,2.83,24.88,13.16,0.0,0.2685,30.0,0.0
2051,45.8,0.38,28.11,12.69,0.0,0.3696,30.0,0.0
2052,46.72,0.62,28.76,12.65,0.0,0.4671,30.0,0.0
2053,47.29,1.15,29.05,12.9,0.0,0.5643,30.0,0.0
2054,47.49,0.0,26.12,8.64,0.0,0.6634,30.0,0.0
2055,47.29,0.8,21.19,4.69,0.0,0.7298,30.0,0.0
2056,46.72,1.55,14.03,0.0,1.15,0.7659,30.0,0.0
2057,45.8,3.73,7.43,0.0,4.65,0.7561,30.0,0.0
2058,44.56,3.25,0.0,0.0,11.31,0.7165,30.0,0.0
2059,43.04,3.51,0.0,0.0,9.54,0.6202,30.0,0.0
2060,41.31,4.74,0.0,0.0,6.58,0.539,30.0,0.0
2061,39.44,3.67,0.0,0.0,5.77,0.483,30.0,0.0
2062,37.49,4.61,0.0,0.0,2.88,0.4339,30.0,0.0
2063,37.49,4.07,0.0,0.0,3.42,0.4094,30.0,0.0
2064,37.49,4.59,0.0,0.0,2.9,0.3803,30.0,0.0
2065,37.49,3.39,0.0,0.0,4.1,0.3556,30.0,0.0
2066,37.49,0.71,0.0,0.0,6.78,0.3207,30.0,0.0
2067,37.49,3.65,0.0,0.0,3.84,0.2629,30.0,0.0
2068,37.49,5.49,0.0,0.0,1.99,0.2302,30.0,0.0
2069,37.49,4.48,0.0,0.0,3.01,0.2132,30.0,0.0
2070,37.49,4.18,0.0,0.0,3.31,0.1876,30.0,0.0
2071,39.44,4.2,7.29,2.05,0.0,0.1595,30.0,0.0
2072,41.32,2.3,13.8,4.78,0.0,0.1753,30.0,0.0
2073,43.05,2.16,21.29,10.4,0.0,0.212,30.0,0.0
2074,44.56,0.83,25.16,11.43,0.0,0.292,30.0,0.0
2075,45.8,1.11,29.37,14.67,0.0,0.3798,30.0,0.0
2076,46.73,2.34,29.1,14.7,0.0,0.4925,30.0,0.0
2077,47.3,3.19,28.33,14.22,0.0,0.6055,30.0,0.0
2078,47.49,1.49,24.74,8.74,0.0,0.7148,30.0,0.0
2079,47.3,1.28,21.6,5.58,0.0,0.7819,30.0,0.0
2080,46.73,2.18,15.07,0.52,0.0,0.8249,30.0,0.0
2081,45.8,3.33,7.88,0.0,4.6,0.8288,30.0,0.0
2082,44.56,0.89,0.0,0.0,13.68,0.7897,30.0,0.0
2083,43.05,0.07,0.0,0.0,12.97,0.6733,30.0,0.0
2084,41.32,2.79,0.0,0.0,8.52,0.5628,30.0,0.0
2085,39.44,2.16,0.0,0.0,7.28,0.4902,30.0,0.0
2086,37.49,3.35,0.0,0.0,4.14,0.4282,30.0,0.0
2087,37.49,3.98,0.0,0.0,3.51,0.393,30.0,0.0
2088,37.49,3.59,0.0,0.0,3.91,0.3631,30.0,0.0
2089,37.49,6.15,0.0,0.0,1.34,0.3299,30.0,0.0
2090,37.49,4.47,0.0,0.0,3.02,0.3184,30.0,0.0
2091,37.49,4.22,0.0,0.0,3.28,0.2927,30.0,0.0
2092,37.49,4.38,0.0,0.0,3.12,0.2648,30.0,0.0
2093,37.49,1.63,0.0,0.0,5.86,0.2383,30.0,0.0
2094,37.49,4.26,0.0,0.0,3.23,0.1884,30.0,0.0
2095,39.44,2.38,6.97,0.0,0.09,0.1609,30.0,0.0
2096,41.32,3.07,13.84,5.59,0.0,0.1601,30.0,0.0
2097,43.05,0.4,21.11,8.46,0.0,0.2031,30.0,0.0
2098,44.56,0.0,25.41,10.85,0.0,0.2681,30.0,0.0
2099,45.81,2.64,28.11,14.94,0.0,0.3515,30.0,0.0
2100,46.73,1.98,29.57,14.82,0.0,0.4663,30.0,0.0
2101,47.3,0.28,29.7,12.68,0.0,0.5802,30.0,0.0
2102,47.49,0.46,25.61,8.58,0.0,0.6776,30.0,0.0
2103,47.3,3.41,21.42,7.53,0.0,0.7435,30.0,0.0
2104,46.73,0.53,13.89,0.0,2.32,0.8014,30.0,0.0
2105,45.81,4.73,7.19,0.0,3.88,0.7817,30.0,0.0
2106,44.56,1.61,0.0,0.0,12.96,0.7486,30.0,0.0
2107,43.05,4.07,0.0,0.0,8.98,0.6382,30.0,0.0
2108,41.32,3.07,0.0,0.0,8.25,0.5618,30.0,0.0
2109,39.44,4.63,0.0,0.0,4.81,0.4916,30.0,0.0
2110,37.49,3.28,0.0,0.0,4.21,0.4506,30.0,0.0
2111,37.49,3.94,0.0,0.0,3.56,0.4147,30.0,0.0
2112,37.5,4.24,0.0,0.0,3.26,0.3844,30.0,0.0
2113,37.5,2.77,0.0,0.0,4.73,0.3567,30.0,0.0
2114,37.5,5.02,0.0,0.0,2.48,0.3164,30.0,0.0
2115,37.5,3.08,0.0,0.0,4.42,0.2953,30.0,0.0
2116,37.5,3.19,0.0,0.0,4.31,0.2577,30.0,0.0
2117,37.5,1.81,0.0,0.0,5.69,0.221,30.0,0.0
2118,37.5,0.0,0.0,0.0,7.5,0.1726,30.0,0.0
2119,39.45,2.2,6.22,0.0,1.03,0.1088,30.0,0.0
2120,41.32,0.0,14.52,0.0,0.0,0.1,26.81,0.0
2121,43.05,2.92,20.92,9.62,0.0,0.1,28.83,0.0
2122,44.57,1.6,25.4,12.43,0.0,0.1739,30.0,0.0
2123,45.81,1.13,29.46,14.78,0.0,0.2695,30.0,0.0
2124,46.73,1.48,30.2,14.94,0.0,0.3831,30.0,0.0
2125,47.3,2.24,29.24,14.18,0.0,0.4979,30.0,0.0
2126,47.5,0.01,24.89,7.41,0.0,0.6069,30.0,0.0
2127,47.3,3.37,21.54,7.61,0.0,0.6638,30.0,0.0
2128,46.73,3.11,15.12,1.49,0.0,0.7222,30.0,0.0
2129,45.81,3.44,7.13,0.0,5.23,0.7337,30.0,0.0
2130,44.57,3.42,0.0,0.0,11.15,0.6892,30.0,0.0
2131,43.05,3.2,0.0,0.0,9.86,0.5942,30.0,0.0
2132,41.32,4.42,0.0,0.0,6.9,0.5103,30.0,0.0
2133,39.45,4.59,0.0,0.0,4.85,0.4515,30.0,0.0
2134,37.5,3.52,0.0,0.0,3.98,0.4102,30.0,0.0
2135,37.5,3.35,0.0,0.0,4.14,0.3763,30.0,0.0
2136,37.5,4.3,0.0,0.0,3.2,0.341,30.0,0.0
2137,37.5,6.24,0.0,0.0,1.26,0.3138,30.0,0.0
2138,37.5,2.28,0.0,0.0,5.22,0.303,30.0,0.0
2139,37.5,1.75,0.0,0.0,5.75,0.2586,30.0,0.0
2140,37.5,3.7,0.0,0.0,3.8,0.2097,30.0,0.0
2141,37.5,3.22,0.0,0.0,4.28,0.1774,30.0,0.0
2142,37.5,3.03,0.0,0.0,4.47,0.1409,30.0,0.0
2143,39.45,2.77,6.34,0.0,0.33,0.1028,30.0,0.0
2144,41.32,1.8,14.32,3.44,0.0,0.1,28.64,0.0
2145,43.05,3.86,20.16,10.97,0.0,0.1264,30.0,0.0
2146,44.57,0.0,26.78,12.21,0.0,0.2107,30.0,0.0
2147,45.81,0.33,29.74,14.26,0.0,0.3045,30.0,0.0
2148,46.74,1.28,29.38,13.92,0.0,0.4141,30.0,0.0
2149,47.31,0.0,29.11,11.81,0.0,0.5211,30.0,0.0
2150,47.5,1.36,25.99,9.85,0.0,0.6118,30.0,0.0
2151,47.31,4.1,21.51,8.31,0.0,0.6875,30.0,0.0
2152,46.74,2.14,14.6,0.0,0.01,0.7513,30.0,0.0
2153,45.81,2.75,7.21,0.0,5.85,0.7513,30.0,0.0
2154,44.57,1.07,0.0,0.0,13.5,0.7015,30.0,0.0
2155,43.05,2.3,0.0,0.0,10.75,0.5865,30.0,0.0
2156,41.32,2.96,0.0,0.0,8.36,0.4949,30.0,0.0
2157,39.45,3.32,0.0,0.0,6.12,0.4237,30.0,0.0
2158,37.5,5.73,0.0,0.0,1.77,0.3716,30.0,0.0
2159,37.5,4.88,0.0,0.0,2.62,0.3566,30.0,0.0
2160,37.5,2.62,0.0,0.0,4.88,0.3342,30.0,0.0
2161,37.5,4.43,0.0,0.0,3.07,0.2927,30.0,0.0
2162,37.5,4.64,0.0,0.0,2.86,0.2665,30.0,0.0
2163,37.5,5.3,0.0,0.0,2.2,0.2421,30.0,0.0
2164,37.5,5.62,0.0,0.0,1.88,0.2234,30.0,0.0
2165,37.5,1.73,0.0,0.0,5.77,0.2073,30.0,0.0
2166,37.5,1.66,0.0,0.0,5.84,0.1582,30.0,0.0
2167,39.45,0.69,7.76,0.0,1.0,0.1085,30.0,0.0
2168,41.33,1.76,15.53,5.06,0.0,0.1,29.1,0.0
2169,43.06,2.44,21.55,10.93,0.0,0.1389,30.0,0.0
2170,44.57,2.93,25.49,13.85,0.0,0.2229,30.0,0.0
2171,45.81,1.34,29.52,15.05,0.0,0.3294,30.0,0.0
2172,46.74,0.96,29.51,13.73,0.0,0.445,30.0,0.0
2173,47.31,1.65,29.0,13.34,0.0,0.5505,30.0,0.0
2174,47.5,0.44,25.47,8.41,0.0,0.6531,30.0,0.0
2175,47.31,4.66,20.15,7.51,0.0,0.7177,30.0,0.0
2176,46.74,0.0,14.37,0.0,2.36,0.7754,30.0,0.0
2177,45.81,2.67,7.42,0.0,5.72,0.7553,30.0,0.0
2178,44.57,5.54,0.0,0.0,9.03,0.7065,30.0,0.0
2179,43.06,3.13,0.0,0.0,9.92,0.6296,30.0,0.0
2180,41.33,3.19,0.0,0.0,8.13,0.5451,30.0,0.0
2181,39.45,3.25,0.0,0.0,6.2,0.4759,30.0,0.0
2182,37.5,3.71,0.0,0.0,3.79,0.423,30.0,0.0
2183,37.5,5.97,0.0,0.0,1.53,0.3907,30.0,0.0
2184,37.5,1.09,0.0,0.0,6.41,0.3777,30.0,0.0
2185,37.5,6.17,0.0,0.0,1.33,0.3231,30.0,0.0
2186,37.5,1.98,0.0,0.0,5.52,0.3118,30.0,0.0
2187,37.5,3.35,0.0,0.0,4.15,0.2648,30.0,0.0
2188,37.5,2.84,0.0,0.0,4.66,0.2294,30.0,0.0
2189,37.5,3.9,0.0,0.0,3.6,0.1897,30.0,0.0
2190,37.5,0.56,0.0,0.0,6.94,0.1591,30.0,0.0
2191,39.45,3.02,7.45,0.0,0.0,0.1,28.98,0.0
2192,41.33,4.83,14.03,2.71,0.0,0.1,25.18,0.0
2193,43.06,0.0,21.03,7.98,0.0,0.1208,30.0,0.0
2194,44.57,1.82,26.14,13.38,0.0,0.1821,30.0,0.0
2195,45.81,0.52,29.29,13.99,0.0,0.2849,30.0,0.0
2196,46.74,1.96,29.99,15.21,0.0,0.3925,30.0,0.0
2197,47.31,1.45,29.35,13.49,0.0,0.5094,30.0,0.0
2198,47.5,0.68,26.02,9.2,0.0,0.613,30.0,0.0
2199,47.31,2.44,21.57,6.71,0.0,0.6837,30.0,0.0
2200,46.74,4.53,15.31,3.1,0.0,0.7353,30.0,0.0
2201,45.81,2.13,6.56,0.0,7.12,0.7591,30.0,0.0
2202,44.57,3.73,0.0,0.0,10.84,0.6985,30.0,0.0
2203,43.06,1.33,0.0,0.0,11.73,0.6062,30.0,0.0
2204,41.33,2.12,0.0,0.0,9.21,0.5063,30.0,0.0
2205,39.45,4.36,0.0,0.0,5.09,0.4279,30.0,0.0
2206,37.5,5.96,0.0,0.0,1.54,0.3846,30.0,0.0
2207,37.5,4.55,0.0,0.0,2.95,0.3715,30.0,0.0
2208,37.5,3.66,0.0,0.0,3.84,0.3464,30.0,0.0
2209,37.5,4.04,0.0,0.0,3.46,0.3137,30.0,0.0
2210,37.5,2.19,0.0,0.0,5.31,0.2843,30.0,0.0
2211,37.5,4.52,0.0,0.0,2.98,0.2391,30.0,0.0
2212,37.5,4.61,0.0,0.0,2.89,0.2137,30.0,0.0
2213,37.5,2.46,0.0,0.0,5.04,0.1891,30.0,0.0
2214,37.5,2.08,0.0,0.0,5.42,0.1462,30.0,0.0
2215,39.45,2.73,6.72,0.0,0.0,0.1,30.0,0.0
2216,41.33,1.44,15.56,2.58,0.0,0.1,26.91,0.0
2217,43.06,1.66,21.62,10.23,0.0,0.1199,30.0,0.0
2218,44.57,4.41,25.54,15.38,0.0,0.1984,30.0,0.0
2219,45.81,1.06,29.53,14.78,0.0,0.3166,30.0,0.0
2220,46.74,0.86,30.78,14.9,0.0,0.4302,30.0,0.0
2221,47.31,0.51,29.77,12.98,0.0,0.5447,30.0,0.0
2222,47.5,2.55,26.16,11.22,0.0,0.6444,30.0,0.0
2223,47.31,1.5,21.35,5.55,0.0,0.7306,30.0,0.0
2224,46.74,1.15,15.0,0.0,0.59,0.7733,30.0,0.0
2225,45.81,4.18,7.34,0.0,4.3,0.7682,30.0,0.0
2226,44.57,4.66,0.0,0.0,9.91,0.7316,30.0,0.0
2227,43.06,2.25,0.0,0.0,10.8,0.6472,30.0,0.0
2228,41.33,0.85,0.0,0.0,10.48,0.5552,30.0,0.0
2229,39.45,5.07,0.0,0.0,4.38,0.466,30.0,0.0
2230,37.5,2.97,0.0,0.0,4.53,0.4287,30.0,0.0
2231,37.5,5.13,0.0,0.0,2.37,0.3902,30.0,0.0
2232,37.5,1.37,0.0,0.0,6.13,0.3699,30.0,0.0
2233,37.5,5.24,0.0,0.0,2.26,0.3177,30.0,0.0
2234,37.5,2.22,0.0,0.0,5.27,0.2985,30.0,0.0
2235,37.5,4.67,0.0,0.0,2.83,0.2536,30.0,0.0
2236,37.5,3.4,0.0,0.0,4.1,0.2295,30.0,0.0
2237,37.5,1.75,0.0,0.0,5.75,0.1946,30.0,0.0
2238,37.5,2.14,0.0,0.0,5.36,0.1456,30.0,0.0
2239,39.45,3.28,7.16,0.0,0.0,0.1,29.01,0.0
2240,41.33,2.16,15.51,2.85,0.0,0.1,26.52,0.0
2241,43.05,2.53,20.48,9.95,0.0,0.1219,30.0,0.0
2242,44.57,4.22,26.83,16.47,0.0,0.1984,30.0,0.0
2243,45.81,0.0,29.45,13.64,0.0,0.325,30.0,0.0
2244,46.74,3.54,31.31,18.12,0.0,0.4298,30.0,0.0
2245,47.31,1.52,29.81,14.02,0.0,0.569,30.0,0.0
2246,47.5,0.28,27.07,9.85,0.0,0.6768,30.0,0.0
2247,47.31,0.0,20.58,3.28,0.0,0.7525,30.0,0.0
2248,46.74,1.75,13.99,0.0,1.0,0.7776,30.0,0.0
2249,45.81,3.6,7.15,0.0,5.06,0.7691,30.0,0.0
2250,44.57,2.52,0.0,0.0,12.05,0.7261,30.0,0.0
2251,43.05,5.12,0.0,0.0,7.93,0.6235,30.0,0.0
2252,41.33,1.39,0.0,0.0,9.93,0.5559,30.0,0.0
2253,39.45,3.65,0.0,0.0,5.8,0.4714,30.0,0.0
2254,37.5,2.17,0.0,0.0,5.33,0.422,30.0,0.0
2255,37.5,4.52,0.0,0.0,2.98,0.3766,30.0,0.0
2256,37.5,5.26,0.0,0.0,2.24,0.3512,30.0,0.0
2257,37.5,3.42,0.0,0.0,4.08,0.3321,30.0,0.0
2258,37.5,0.29,0.0,0.0,7.2,0.2974,30.0,0.0
2259,37.5,3.91,0.0,0.0,3.58,0.2361,30.0,0.0
2260,37.5,3.96,0.0,0.0,3.54,0.2056,30.0,0.0
2261,37.5,3.58,0.0,0.0,3.92,0.1754,30.0,0.0
2262,37.5,4.37,0.0,0.0,3.13,0.1421,30.0,0.0
2263,39.45,0.85,6.78,0.0,1.81,0.1154,30.0,0.0
2264,41.32,2.92,15.61,7.05,0.0,0.1,29.84,0.0
2265,43.05,3.34,20.56,10.85,0.0,0.1542,30.0,0.0
2266,44.57,0.0,26.49,11.92,0.0,0.2375,30.0,0.0
2267,45.81,1.79,30.45,16.43,0.0,0.3291,30.0,0.0
2268,46.74,0.61,29.89,13.77,0.0,0.4553,30.0,0.0
2269,47.31,1.24,30.06,13.99,0.0,0.5611,30.0,0.0
2270,47.5,1.96,26.83,11.29,0.0,0.6687,30.0,0.0
2271,47.31,1.04,21.52,5.25,0.0,0.7554,30.0,0.0
2272,46.74,1.06,15.22,0.0,0.46,0.7958,30.0,0.0
2273,45.81,2.37,7.86,0.0,5.59,0.7919,30.0,0.0
2274,44.57,1.19,0.0,0.0,13.38,0.7443,30.0,0.0
2275,43.05,1.54,0.0,0.0,11.51,0.6304,30.0,0.0
2276,41.32,4.29,0.0,0.0,7.04,0.5324,30.0,0.0
2277,39.45,2.07,0.0,0.0,7.38,0.4724,30.0,0.0
2278,37.5,4.77,0.0,0.0,2.73,0.4096,30.0,0.0
2279,37.5,4.63,0.0,0.0,2.87,0.3864,30.0,0.0
2280,37.49,1.66,0.0,0.0,5.84,0.362,30.0,0.0
2281,37.49,3.05,0.0,0.0,4.45,0.3123,30.0,0.0
2282,37.49,5.47,0.0,0.0,2.02,0.2744,30.0,0.0
2283,37.49,2.27,0.0,0.0,5.22,0.2572,30.0,0.0
2284,37.49,2.7,0.0,0.0,4.8,0.2127,30.0,0.0
2285,37.49,3.64,0.0,0.0,3.86,0.1719,30.0,0.0
2286,37.49,3.72,0.0,0.0,3.77,0.139,30.0,0.0
2287,39.45,1.95,6.68,0.0,0.81,0.1069,30.0,0.0
2288,41.32,1.15,14.52,0.0,0.0,0.1,25.65,0.0
2289,43.05,3.63,20.83,0.0,0.0,0.1,18.59,0.0
2290,44.57,3.85,26.64,13.49,0.0,0.1,27.56,0.0
2291,45.81,2.67,30.17,17.03,0.0,0.2036,30.0,0.0
2292,46.73,1.4,30.59,15.26,0.0,0.3345,30.0,0.0
2293,47.3,0.22,30.0,12.92,0.0,0.4517,30.0,0.0
2294,47.49,0.33,27.39,10.22,0.0,0.551,30.0,0.0
2295,47.3,2.4,20.87,5.96,0.0,0.6296,30.0,0.0
2296,46.73,2.54,14.33,0.13,0.0,0.6754,30.0,0.0
2297,45.81,4.21,7.3,0.0,4.3,0.6764,30.0,0.0
2298,44.57,3.54,0.0,0.0,11.03,0.6398,30.0,0.0
2299,43.05,0.95,0.0,0.0,12.1,0.5459,30.0,0.0
2300,41.32,4.78,0.0,0.0,6.55,0.4428,30.0,0.0
2301,39.45,2.25,0.0,0.0,7.19,0.3871,30.0,0.0
2302,37.49,3.31,0.0,0.0,4.18,0.3258,30.0,0.0
2303,37.49,4.32,0.0,0.0,3.18,0.2902,30.0,0.0
2304,37.49,6.73,0.0,0.0,0.76,0.2631,30.0,0.0
2305,37.49,8.21,0.0,0.72,0.0,0.2566,30.0,0.0
2306,37.49,4.64,0.0,0.0,2.85,0.2621,30.0,0.0
2307,37.49,3.34,0.0,0.0,4.15,0.2379,30.0,0.0
2308,37.49,4.04,0.0,0.0,3.45,0.2026,30.0,0.0
2309,37.49,4.2,0.0,0.0,3.3,0.1732,30.0,0.0
2310,37.49,2.19,0.0,0.0,5.3,0.1452,30.0,0.0
2311,39.44,4.73,6.68,0.0,0.0,0.1,28.03,0.0
2312,41.32,2.26,14.08,0.0,0.0,0.1,24.98,0.0
2313,43.05,2.34,22.1,7.92,0.0,0.1,26.53,0.0
2314,44.56,2.35,26.87,14.66,0.0,0.1609,30.0,0.0
2315,45.81,1.88,29.49,15.57,0.0,0.2735,30.0,0.0
2316,46.73,2.41,30.65,16.33,0.0,0.3932,30.0,0.0
2317,47.3,0.46,29.34,12.5,0.0,0.5186,30.0,0.0
2318,47.49,0.68,25.91,9.1,0.0,0.6147,30.0,0.0
2319,47.3,0.15,22.06,4.91,0.0,0.6846,30.0,0.0
2320,46.73,2.54,14.96,0.78,0.0,0.7224,30.0,0.0
2321,45.81,3.34,7.99,0.0,4.48,0.7283,30.0,0.0
2322,44.56,3.25,0.0,0.0,11.31,0.6902,30.0,0.0
2323,43.05,5.27,0.0,0.0,7.77,0.5939,30.0,0.0
2324,41.32,3.3,0.0,0.0,8.01,0.5277,30.0,0.0
2325,39.44,4.51,0.0,0.0,4.93,0.4595,30.0,0.0
2326,37.49,2.32,0.0,0.0,5.17,0.4175,30.0,0.0
2327,37.49,3.42,0.0,0.0,4.07,0.3734,30.0,0.0
2328,37.49,4.92,0.0,0.0,2.56,0.3388,30.0,0.0
2329,37.49,5.09,0.0,0.0,2.4,0.3169,30.0,0.0
2330,37.49,3.39,0.0,0.0,4.1,0.2965,30.0,0.0
2331,37.49,3.47,0.0,0.0,4.01,0.2616,30.0,0.0
2332,37.49,1.21,0.0,0.0,6.28,0.2274,30.0,0.0
2333,37.49,2.47,0.0,0.0,5.02,0.1739,30.0,0.0
2334,37.49,3.82,0.0,0.0,3.67,0.1312,30.0,0.0
2335,39.44,3.04,7.71,0.0,0.0,0.1,28.7,0.0
2336,41.31,2.6,14.41,0.67,0.0,0.1,24.97,0.0
2337,43.04,1.7,22.34,11.0,0.0,0.1052,30.0,0.0
2338,44.56,1.43,27.0,13.87,0.0,0.1896,30.0,0.0
2339,45.8,0.38,29.89,14.46,0.0,0.2962,30.0,0.0
2340,46.73,2.19,31.68,17.15,0.0,0.4074,30.0,0.0
2341,47.3,1.86,29.62,14.18,0.0,0.5391,30.0,0.0
2342,47.49,2.09,26.27,10.87,0.0,0.6481,30.0,0.0
2343,47.3,0.91,21.45,5.07,0.0,0.7316,30.0,0.0
2344,46.73,0.0,14.4,0.0,2.33,0.7706,30.0,0.0
2345,45.8,3.75,8.04,0.0,4.01,0.7508,30.0,0.0
2346,44.56,1.95,0.0,0.0,12.61,0.7166,30.0,0.0
2347,43.04,1.78,0.0,0.0,11.27,0.6093,30.0,0.0
2348,41.31,4.24,0.0,0.0,7.08,0.5133,30.0,0.0
2349,39.44,3.03,0.0,0.0,6.4,0.4531,30.0,0.0
2350,37.49,5.24,0.0,0.0,2.25,0.3985,30.0,0.0
2351,37.49,4.77,0.0,0.0,2.72,0.3794,30.0,0.0
2352,37.48,4.89,0.0,0.0,2.6,0.3563,30.0,0.0
2353,37.48,2.03,0.0,0.0,5.45,0.3341,30.0,0.0
2354,37.48,5.43,0.0,0.0,2.06,0.2877,30.0,0.0
2355,37.48,3.91,0.0,0.0,3.58,0.2702,30.0,0.0
2356,37.48,2.76,0.0,0.0,4.72,0.2397,30.0,0.0
2357,37.48,3.13,0.0,0.0,4.35,0.1995,30.0,0.0
2358,37.48,0.15,0.0,0.0,7.34,0.1625,30.0,0.0
2359,39.43,2.78,8.15,0.18,0.0,0.1,28.68,0.0
2360,41.31,0.49,15.55,4.73,0.0,0.1014,30.0,0.0
2361,43.04,0.0,22.58,9.54,0.0,0.1378,30.0,0.0
2362,44.55,0.0,27.39,12.83,0.0,0.2111,30.0,0.0
2363,45.8,2.78,29.38,16.36,0.0,0.3097,30.0,0.0
2364,46.72,0.35,32.08,15.71,0.0,0.4354,30.0,0.0
2365,47.29,3.36,30.12,16.18,0.0,0.5561,30.0,0.0
2366,47.48,0.66,26.86,10.03,0.0,0.6804,30.0,0.0
2367,47.29,0.0,22.19,4.9,0.0,0.7575,30.0,0.0
2368,46.72,0.37,14.61,0.0,1.75,0.7952,30.0,0.0
2369,45.8,3.92,7.22,0.0,4.66,0.7803,30.0,0.0
2370,44.55,2.37,0.0,0.0,12.19,0.7406,30.0,0.0
2371,43.04,2.18,0.0,0.0,10.86,0.6369,30.0,0.0
2372,41.31,3.48,0.0,0.0,7.83,0.5444,30.0,0.0
2373,39.43,4.24,0.0,0.0,5.2,0.4778,30.0,0.0
2374,37.48,5.3,0.0,0.0,2.19,0.4335,30.0,0.0
2375,37.48,5.89,0.0,0.0,1.6,0.4149,30.0,0.0
2376,37.48,3.43,0.0,0.0,4.04,0.4013,30.0,0.0
2377,37.48,2.06,0.0,0.0,5.41,0.3669,30.0,0.0
2378,37.48,3.18,0.0,0.0,4.3,0.3208,30.0,0.0
2379,37.48,3.88,0.0,0.0,3.6,0.2841,30.0,0.0
2380,37.48,1.92,0.0,0.0,5.56,0.2535,30.0,0.0
2381,37.48,1.6,0.0,0.0,5.88,0.2062,30.0,0.0
2382,37.48,3.03,0.0,0.0,4.45,0.1561,30.0,0.0
2383,39.43,2.14,6.71,0.0,0.58,0.1183,30.0,0.0
2384,41.3,1.92,15.97,6.58,0.0,0.1133,30.0,0.0
2385,43.03,0.55,21.87,9.38,0.0,0.1639,30.0,0.0
2386,44.55,1.06,26.8,13.31,0.0,0.236,30.0,0.0
2387,45.79,0.0,29.95,14.16,0.0,0.3383,30.0,0.0
2388,46.72,2.41,31.09,16.78,0.0,0.4471,30.0,0.0
2389,47.29,2.65,30.47,15.84,0.0,0.576,30.0,0.0
2390,47.48,0.0,27.88,10.4,0.0,0.6977,30.0,0.0
2391,47.29,0.32,21.48,4.51,0.0,0.7777,30.0,0.0
2392,46.72,0.0,16.05,0.0,0.67,0.8123,30.0,0.0
2393,45.79,1.31,7.47,0.0,7.01,0.8066,30.0,0.0
2394,44.55,2.44,0.0,0.0,12.11,0.7469,30.0,0.0
2395,43.03,0.93,0.0,0.0,12.11,0.6439,30.0,0.0
2396,41.3,1.98,0.0,0.0,9.33,0.5408,30.0,0.0
2397,39.43,2.15,0.0,0.0,7.28,0.4614,30.0,0.0
2398,37.48,4.03,0.0,0.0,3.45,0.3994,30.0,0.0
2399,37.48,3.97,0.0,0.0,3.5,0.37,30.0,0.0
2400,37.47,2.91,0.0,0.0,4.56,0.3402,30.0,0.0
2401,37.47,4.1,0.0,0.0,3.37,0.3013,30.0,0.0
2402,37.47,2.97,0.0,0.0,4.5,0.2726,30.0,0.0
2403,37.47,3.13,0.0,0.0,4.34,0.2343,30.0,0.0
2404,37.47,5.51,0.0,0.0,1.96,0.1973,30.0,0.0
2405,37.47,4.72,0.0,0.0,2.75,0.1806,30.0,0.0
2406,37.47,0.75,0.0,0.0,6.72,0.1572,30.0,0.0
2407,39.42,3.31,8.24,0.0,0.0,0.1,27.87,0.0
2408,41.3,2.96,14.52,0.0,0.0,0.1,23.82,0.0
2409,43.03,0.0,22.81,0.74,0.0,0.1,20.96,0.0
2410,44.54,2.47,26.52,14.45,0.0,0.1057,30.0,0.0
2411,45.79,3.32,30.91,18.44,0.0,0.2167,30.0,0.0
2412,46.71,0.0,32.34,15.63,0.0,0.3584,30.0,0.0
2413,47.28,0.0,29.97,12.69,0.0,0.4785,30.0,0.0
2414,47.47,2.74,28.04,13.31,0.0,0.576,30.0,0.0
2415,47.28,1.94,22.34,7.0,0.0,0.6783,30.0,0.0
2416,46.71,2.6,16.08,1.98,0.0,0.7321,30.0,0.0
2417,45.79,2.65,8.15,0.0,4.99,0.7473,30.0,0.0
2418,44.54,3.07,0.0,0.0,11.47,0.7048,30.0,0.0
2419,43.03,1.07,0.0,0.0,11.96,0.6071,30.0,0.0
2420,41.3,4.65,0.0,0.0,6.65,0.5053,30.0,0.0
2421,39.42,5.1,0.0,0.0,4.32,0.4487,30.0,0.0
2422,37.47,3.4,0.0,0.0,4.07,0.4119,30.0,0.0
2423,37.47,3.8,0.0,0.0,3.68,0.3773,30.0,0.0
2424,37.46,1.78,0.0,0.0,5.68,0.346,30.0,0.0
2425,37.46,4.54,0.0,0.0,2.93,0.2976,30.0,0.0
2426,37.46,4.48,0.0,0.0,2.99,0.2727,30.0,0.0
2427,37.46,3.39,0.0,0.0,4.07,0.2472,30.0,0.0
2428,37.46,4.73,0.0,0.0,2.73,0.2126,30.0,0.0
2429,37.46,2.41,0.0,0.0,5.06,0.1893,30.0,0.0
2430,37.46,3.28,0.0,0.0,4.18,0.1463,30.0,0.0
2431,39.42,0.76,7.41,0.0,1.25,0.1106,30.0,0.0
2432,41.29,1.79,13.25,3.76,0.0,0.1,30.0,0.0
2433,43.02,1.3,22.56,10.85,0.0,0.1289,30.0,0.0
2434,44.54,1.63,26.57,13.67,0.0,0.2122,30.0,0.0
2435,45.78,0.68,31.17,16.07,0.0,0.3172,30.0,0.0
2436,46.7,0.96,30.86,15.11,0.0,0.4407,30.0,0.0
2437,47.27,2.32,30.25,15.3,0.0,0.5568,30.0,0.0
2438,47.46,0.73,26.39,9.65,0.0,0.6744,30.0,0.0
2439,47.27,0.0,22.44,5.17,0.0,0.7486,30.0,0.0
2440,46.7,4.22,14.51,2.02,0.0,0.7883,30.0,0.0
2441,45.78,4.05,7.22,0.0,4.51,0.8038,30.0,0.0
2442,44.54,0.74,0.0,0.0,13.8,0.7654,30.0,0.0
2443,43.02,3.81,0.0,0.0,9.21,0.648,30.0,0.0
2444,41.29,2.51,0.0,0.0,8.79,0.5695,30.0,0.0
2445,39.42,3.84,0.0,0.0,5.58,0.4947,30.0,0.0
2446,37.46,4.1,0.0,0.0,3.37,0.4472,30.0,0.0
2447,37.46,3.51,0.0,0.0,3.95,0.4186,30.0,0.0
2448,37.46,2.78,0.0,0.0,4.67,0.3849,30.0,0.0
2449,37.46,2.86,0.0,0.0,4.59,0.3451,30.0,0.0
2450,37.46,2.42,0.0,0.0,5.04,0.306,30.0,0.0
2451,37.46,2.32,0.0,0.0,5.14,0.2631,30.0,0.0
2452,37.46,3.08,0.0,0.0,4.38,0.2193,30.0,0.0
2453,37.46,1.86,0.0,0.0,5.6,0.182,30.0,0.0
2454,37.46,3.42,0.0,0.0,4.04,0.1344,30.0,0.0
2455,39.41,4.17,7.7,0.0,0.0,0.1,27.54,0.0
2456,41.28,1.01,10.28,0.0,0.0,0.1,30.0,0.0
2457,43.01,1.85,21.83,1.36,0.0,0.1,20.7,0.0
2458,44.53,1.98,26.6,14.06,0.0,0.1105,30.0,0.0
2459,45.77,1.81,30.66,16.7,0.0,0.2185,30.0,0.0
2460,46.7,1.22,31.4,15.92,0.0,0.3468,30.0,0.0
2461,47.27,2.18,30.4,15.31,0.0,0.4692,30.0,0.0
2462,47.46,1.96,28.12,12.62,0.0,0.5869,30.0,0.0
2463,47.27,0.0,21.89,4.62,0.0,0.6838,30.0,0.0
2464,46.7,2.99,16.22,2.52,0.0,0.7193,30.0,0.0
2465,45.77,3.35,7.5,0.0,4.93,0.7387,30.0,0.0
2466,44.53,1.44,0.0,0.0,13.09,0.6968,30.0,0.0
2467,43.01,2.89,0.0,0.0,10.12,0.5853,30.0,0.0
2468,41.28,4.11,0.0,0.0,7.18,0.4992,30.0,0.0
2469,39.41,3.17,0.0,0.0,6.24,0.4381,30.0,0.0
2470,37.46,5.14,0.0,0.0,2.32,0.3849,30.0,0.0
2471,37.46,7.05,0.0,0.0,0.41,0.3652,30.0,0.0
2472,37.45,2.76,0.0,0.0,4.69,0.3617,30.0,0.0
2473,37.45,1.9,0.0,0.0,5.55,0.3218,30.0,0.0
2474,37.45,4.07,0.0,0.0,3.38,0.2745,30.0,0.0
2475,37.45,4.42,0.0,0.0,3.03,0.2457,30.0,0.0
2476,37.45,2.83,0.0,0.0,4.62,0.2199,30.0,0.0
2477,37.45,4.81,0.0,0.0,2.64,0.1805,30.0,0.0
2478,37.45,0.63,0.0,0.0,6.82,0.1581,30.0,0.0
2479,39.4,3.06,7.86,0.0,0.0,0.1,28.48,0.0
2480,41.28,0.95,16.19,0.0,0.0,0.1,24.14,0.0
2481,43.0,3.85,21.88,8.96,0.0,0.1,26.24,0.0
2482,44.52,4.01,27.96,17.44,0.0,0.1689,30.0,0.0
2483,45.76,0.09,30.03,14.36,0.0,0.3029,30.0,0.0
2484,46.69,0.34,31.6,15.26,0.0,0.4132,30.0,0.0
2485,47.26,2.32,29.92,14.98,0.0,0.5305,30.0,0.0
2486,47.45,0.75,28.24,11.54,0.0,0.6456,30.0,0.0
2487,47.26,1.43,21.3,5.48,0.0,0.7343,30.0,0.0
2488,46.69,1.81,15.63,0.75,0.0,0.7764,30.0,0.0
2489,45.76,0.0,7.46,0.0,8.31,0.7822,30.0,0.0
2490,44.52,2.44,0.0,0.0,12.08,0.7114,30.0,0.0
2491,43.0,1.87,0.0,0.0,11.13,0.6086,30.0,0.0
2492,41.28,2.47,0.0,0.0,8.8,0.5138,30.0,0.0
2493,39.4,5.41,0.0,0.0,3.99,0.4389,30.0,0.0
2494,37.45,1.93,0.0,0.0,5.52,0.4049,30.0,0.0
2495,37.45,4.9,0.0,0.0,2.55,0.3579,30.0,0.0
2496,37.44,3.43,0.0,0.0,4.01,0.3362,30.0,0.0
2497,37.44,3.38,0.0,0.0,4.06,0.302,30.0,0.0
2498,37.44,4.71,0.0,0.0,2.73,0.2674,30.0,0.0
2499,37.44,3.87,0.0,0.0,3.57,0.2442,30.0,0.0
2500,37.44,3.91,0.0,0.0,3.53,0.2138,30.0,0.0
2501,37.44,4.12,0.0,0.0,3.32,0.1837,30.0,0.0
2502,37.44,1.99,0.0,0.0,5.45,0.1555,30.0,0.0
2503,39.39,1.25,7.08,0.0,1.06,0.109,30.0,0.0
2504,41.27,0.27,14.85,0.0,0.0,0.1,26.14,0.0
2505,43.0,0.34,22.4,0.08,0.0,0.1,20.34,0.0
2506,44.51,5.29,27.42,18.2,0.0,0.1006,30.0,0.0
2507,45.75,2.82,30.18,17.24,0.0,0.2405,30.0,0.0
2508,46.68,0.0,31.05,14.37,0.0,0.373,30.0,0.0
2509,47.25,0.0,31.71,14.46,0.0,0.4834,30.0,0.0
2510,47.44,1.91,28.21,12.69,0.0,0.5945,30.0,0.0
2511,47.25,2.22,21.62,6.6,0.0,0.692,30.0,0.0
2512,46.68,2.51,15.16,0.99,0.0,0.7427,30.0,0.0
2513,45.75,1.74,8.0,0.0,6.02,0.7503,30.0,0.0
2514,44.51,2.27,0.0,0.0,12.24,0.699,30.0,0.0
2515,43.0,3.24,0.0,0.0,9.75,0.5948,30.0,0.0
2516,41.27,3.24,0.0,0.0,8.02,0.5118,30.0,0.0
2517,39.39,0.37,0.0,0.0,9.02,0.4434,30.0,0.0
2518,37.44,3.31,0.0,0.0,4.13,0.3666,30.0,0.0
2519,37.44,2.6,0.0,0.0,4.84,0.3315,30.0,0.0
2520,37.43,4.03,0.0,0.0,3.4,0.2903,30.0,0.0
2521,37.43,7.83,0.0,0.4,0.0,0.2613,30.0,0.0
2522,37.43,4.11,0.0,0.0,3.32,0.2643,30.0,0.0
2523,37.43,2.96,0.0,0.0,4.47,0.236,30.0,0.0
2524,37.43,4.36,0.0,0.0,3.07,0.1979,30.0,0.0
2525,37.43,3.43,0.0,0.0,4.0,0.1718,30.0,0.0
2526,37.43,2.99,0.0,0.0,4.44,0.1378,30.0,0.0
2527,39.38,2.89,6.79,0.0,0.0,0.1,29.7,0.0
2528,41.26,4.55,15.58,2.81,0.0,0.1,23.94,0.0
2529,42.99,0.0,21.6,8.62,0.0,0.1216,30.0,0.0
2530,44.5,1.88,27.19,14.57,0.0,0.1878,30.0,0.0
2531,45.74,0.0,30.1,14.36,0.0,0.2998,30.0,0.0
2532,46.67,1.81,31.56,16.7,0.0,0.4101,30.0,0.0
2533,47.24,0.0,31.43,14.19,0.0,0.5384,30.0,0.0
2534,47.43,0.66,27.27,10.5,0.0,0.6475,30.0,0.0
2535,47.24,1.05,22.87,6.68,0.0,0.7282,30.0,0.0
2536,46.67,3.07,15.95,2.35,0.0,0.7795,30.0,0.0
2537,45.74,3.32,8.12,0.0,4.3,0.7976,30.0,0.0
2538,44.5,0.71,0.0,0.0,13.79,0.7609,30.0,0.0
2539,42.99,2.85,0.0,0.0,10.14,0.6435,30.0,0.0
2540,41.26,2.13,0.0,0.0,9.13,0.5572,30.0,0.0
2541,39.38,1.66,0.0,0.0,7.72,0.4795,30.0,0.0
2542,37.43,3.31,0.0,0.0,4.12,0.4138,30.0,0.0
2543,37.43,3.32,0.0,0.0,4.11,0.3786,30.0,0.0
2544,37.42,7.09,0.0,0.0,0.33,0.3436,30.0,0.0
2545,37.42,4.31,0.0,0.0,3.11,0.3408,30.0,0.0
2546,37.42,1.69,0.0,0.0,5.73,0.3143,30.0,0.0
2547,37.42,2.59,0.0,0.0,4.83,0.2655,30.0,0.0
2548,37.42,4.48,0.0,0.0,2.94,0.2244,30.0,0.0
2549,37.42,5.61,0.0,0.0,1.81,0.1994,30.0,0.0
2550,37.42,0.22,0.0,0.0,7.2,0.1839,30.0,0.0
2551,39.37,0.0,6.71,0.0,2.66,0.1227,30.0,0.0
2552,41.25,4.27,16.26,0.0,0.0,0.1,20.71,0.0
2553,42.98,1.96,22.79,11.04,0.0,0.1,29.26,0.0
2554,44.49,0.02,26.99,12.52,0.0,0.1848,30.0,0.0
2555,45.73,1.8,30.78,16.85,0.0,0.281,30.0,0.0
2556,46.66,0.0,32.17,15.51,0.0,0.4105,30.0,0.0
2557,47.23,1.08,31.66,15.51,0.0,0.5297,30.0,0.0
2558,47.42,1.66,27.18,11.42,0.0,0.6489,30.0,0.0
2559,47.23,2.69,22.78,8.24,0.0,0.7366,30.0,0.0
2560,46.66,0.32,15.14,0.0,1.2,0.7999,30.0,0.0
2561,45.73,2.16,7.48,0.0,6.1,0.7898,30.0,0.0
2562,44.49,1.13,0.0,0.0,13.36,0.7378,30.0,0.0
2563,42.98,3.1,0.0,0.0,9.88,0.624,30.0,0.0
2564,41.25,1.85,0.0,0.0,9.39,0.5399,30.0,0.0
2565,39.37,2.8,0.0,0.0,6.57,0.46,30.0,0.0
2566,37.42,2.22,0.0,0.0,5.2,0.404,30.0,0.0
2567,37.42,4.61,0.0,0.0,2.81,0.3597,30.0,0.0
2568,37.41,4.92,0.0,0.0,2.49,0.3358,30.0,0.0
2569,37.41,3.37,0.0,0.0,4.04,0.3146,30.0,0.0
2570,37.41,3.61,0.0,0.0,3.8,0.2802,30.0,0.0
2571,37.41,1.36,0.0,0.0,6.05,0.2479,30.0,0.0
2572,37.41,2.65,0.0,0.0,4.76,0.1964,30.0,0.0
2573,37.41,2.66,0.0,0.0,4.75,0.1558,30.0,0.0
2574,37.41,5.96,0.0,0.0,1.45,0.1153,30.0,0.0
2575,39.36,0.49,8.51,0.0,0.35,0.103,30.0,0.0
2576,41.24,3.69,16.2,0.0,0.0,0.1,21.34,0.0
2577,42.96,2.77,23.46,3.47,0.0,0.1,20.21,0.0
2578,44.48,1.57,27.23,14.32,0.0,0.1267,30.0,0.0
2579,45.72,3.46,30.98,18.71,0.0,0.2367,30.0,0.0
2580,46.65,1.51,32.19,17.05,0.0,0.3805,30.0,0.0
2581,47.22,1.58,32.07,16.43,0.0,0.5116,30.0,0.0
2582,47.41,1.11,27.17,10.88,0.0,0.6378,30.0,0.0
2583,47.22,3.08,23.48,9.34,0.0,0.7214,30.0,0.0
2584,46.65,3.19,15.13,1.68,0.0,0.7932,30.0,0.0
2585,45.72,1.16,8.19,0.0,6.38,0.8061,30.0,0.0
2586,44.48,0.57,0.0,0.0,13.91,0.7518,30.0,0.0
2587,42.96,2.45,0.0,0.0,10.52,0.6333,30.0,0.0
2588,41.24,1.96,0.0,0.0,9.27,0.5438,30.0,0.0
2589,39.36,3.25,0.0,0.0,6.11,0.4648,30.0,0.0
2590,37.41,5.25,0.0,0.0,2.16,0.4128,30.0,0.0
2591,37.41,3.07,0.0,0.0,4.34,0.3944,30.0,0.0
2592,37.4,3.66,0.0,0.0,3.74,0.3575,30.0,0.0
2593,37.4,3.75,0.0,0.0,3.65,0.3257,30.0,0.0
2594,37.4,4.7,0.0,0.0,2.7,0.2946,30.0,0.0
2595,37.4,0.24,0.0,0.0,7.16,0.2716,30.0,0.0
2596,37.4,2.2,0.0,0.0,5.19,0.2107,30.0,0.0
2597,37.4,2.99,0.0,0.0,4.4,0.1665,30.0,0.0
2598,37.4,3.99,0.0,0.0,3.4,0.129,30.0,0.0
2599,39.35,1.32,8.51,0.0,0.0,0.1,29.52,0.0
2600,41.22,0.0,15.93,0.0,0.0,0.1,25.29,0.0
2601,42.95,2.23,23.26,2.2,0.0,0.1,19.66,0.0
2602,44.47,0.29,27.92,13.75,0.0,0.1169,30.0,0.0
2603,45.71,0.0,31.74,16.03,0.0,0.2225,30.0,0.0
2604,46.64,0.13,32.55,16.04,0.0,0.3457,30.0,0.0
2605,47.2,0.77,31.5,15.07,0.0,0.469,30.0,0.0
2606,47.4,0.34,27.57,10.51,0.0,0.5848,30.0,0.0
2607,47.2,0.0,22.18,4.97,0.0,0.6655,30.0,0.0
2608,46.64,2.89,15.87,2.13,0.0,0.7037,30.0,0.0
2609,45.71,3.74,8.17,0.0,3.8,0.7201,30.0,0.0
2610,44.47,3.24,0.0,0.0,11.23,0.6877,30.0,0.0
2611,42.95,1.15,0.0,0.0,11.81,0.5921,30.0,0.0
2612,41.22,2.76,0.0,0.0,8.47,0.4916,30.0,0.0
2613,39.35,3.31,0.0,0.0,6.04,0.4195,30.0,0.0
2614,37.4,4.35,0.0,0.0,3.04,0.3681,30.0,0.0
2615,37.4,4.59,0.0,0.0,2.81,0.3422,30.0,0.0
2616,37.38,2.69,0.0,0.0,4.69,0.3182,30.0,0.0
2617,37.38,3.76,0.0,0.0,3.62,0.2783,30.0,0.0
2618,37.38,4.14,0.0,0.0,3.25,0.2474,30.0,0.0
2619,37.38,5.29,0.0,0.0,2.1,0.2198,30.0,0.0
2620,37.38,3.98,0.0,0.0,3.41,0.202,30.0,0.0
2621,37.38,3.76,0.0,0.0,3.62,0.1729,30.0,0.0
2622,37.38,2.44,0.0,0.0,4.94,0.1421,30.0,0.0
2623,39.34,3.9,7.57,0.0,0.0,0.1,27.86,0.0
2624,41.21,2.2,15.93,0.0,0.0,0.1,23.07,0.0
2625,42.94,0.18,22.27,1.75,0.0,0.1,22.24,0.0
2626,44.46,3.06,27.43,16.04,0.0,0.1134,30.0,0.0
2627,45.7,1.96,30.94,17.2,0.0,0.2367,30.0,0.0
2628,46.62,0.35,31.92,15.65,0.0,0.3688,30.0,0.0
2629,47.19,0.35,30.91,14.06,0.0,0.489,30.0,0.0
2630,47.38,1.55,28.68,12.84,0.0,0.5971,30.0,0.0
2631,47.19,1.99,22.2,7.0,0.0,0.6958,30.0,0.0
2632,46.62,1.91,16.36,1.65,0.0,0.7496,30.0,0.0
2633,45.7,2.4,8.47,0.0,4.83,0.7622,30.0,0.0
2634,44.46,4.65,0.0,0.0,9.8,0.7211,30.0,0.0
2635,42.94,4.15,0.0,0.0,8.79,0.6376,30.0,0.0
2636,41.21,3.27,0.0,0.0,7.94,0.5628,30.0,0.0
2637,39.34,4.58,0.0,0.0,4.75,0.4952,30.0,0.0
2638,37.38,2.1,0.0,0.0,5.29,0.4547,30.0,0.0
2639,37.38,4.19,0.0,0.0,3.19,0.4097,30.0,0.0
2640,37.37,6.15,0.0,0.0,1.22,0.3826,30.0,0.0
2641,37.37,3.33,0.0,0.0,4.04,0.3722,30.0,0.0
2642,37.37,2.33,0.0,0.0,5.04,0.3378,30.0,0.0
2643,37.37,2.38,0.0,0.0,4.99,0.2948,30.0,0.0
2644,37.37,1.5,0.0,0.0,5.87,0.2523,30.0,0.0
2645,37.37,1.58,0.0,0.0,5.79,0.2023,30.0,0.0
2646,37.37,1.8,0.0,0.0,5.57,0.153,30.0,0.0
2647,39.32,0.03,8.64,0.0,0.66,0.1056,30.0,0.0
2648,41.2,1.64,15.74,0.0,0.0,0.1,23.82,0.0
2649,42.93,2.57,23.14,5.05,0.0,0.1,22.26,0.0
2650,44.44,0.0,27.5,13.06,0.0,0.1388,30.0,0.0
2651,45.69,3.06,30.98,18.36,0.0,0.2392,30.0,0.0
2652,46.61,1.63,32.64,17.66,0.0,0.3802,30.0,0.0
2653,47.18,2.39,31.52,16.74,0.0,0.516,30.0,0.0
2654,47.37,0.22,28.92,11.76,0.0,0.6446,30.0,0.0
2655,47.18,2.51,23.28,8.61,0.0,0.735,30.0,0.0
2656,46.61,0.12,15.45,0.0,1.03,0.8011,30.0,0.0
2657,45.69,3.17,8.56,0.0,3.96,0.7924,30.0,0.0
2658,44.44,2.54,0.0,0.0,11.9,0.7587,30.0,0.0
2659,42.93,3.42,0.0,0.0,9.51,0.6573,30.0,0.0
2660,41.2,1.38,0.0,0.0,9.82,0.5763,30.0,0.0
2661,39.32,2.05,0.0,0.0,7.27,0.4927,30.0,0.0
2662,37.37,4.31,0.0,0.0,3.06,0.4308,30.0,0.0
2663,37.37,2.33,0.0,0.0,5.04,0.4047,30.0,0.0
2664,37.36,4.29,0.0,0.0,3.07,0.3618,30.0,0.0
2665,37.36,1.73,0.0,0.0,5.62,0.3356,30.0,0.0
2666,37.36,4.63,0.0,0.0,2.73,0.2877,30.0,0.0
2667,37.36,1.56,0.0,0.0,5.79,0.2645,30.0,0.0
2668,37.36,3.72,0.0,0.0,3.63,0.2152,30.0,0.0
2669,37.36,3.49,0.0,0.0,3.86,0.1842,30.0,0.0
2670,37.36,1.33,0.0,0.0,6.03,0.1513,30.0,0.0
2671,39.31,2.72,7.33,0.0,0.0,0.1,29.25,0.0
2672,41.18,1.95,15.01,0.0,0.0,0.1,24.22,0.0
2673,42.91,0.58,22.07,5.68,0.0,0.1,25.95,0.0
2674,44.43,0.0,28.92,14.49,0.0,0.1437,30.0,0.0
2675,45.67,0.0,31.75,16.08,0.0,0.2551,30.0,0.0
2676,46.6,1.39,32.54,17.34,0.0,0.3786,30.0,0.0
2677,47.16,0.0,31.14,13.98,0.0,0.5118,30.0,0.0
2678,47.36,1.23,28.15,12.02,0.0,0.6193,30.0,0.0
2679,47.16,0.95,22.59,6.38,0.0,0.7116,30.0,0.0
2680,46.6,2.53,16.61,2.54,0.0,0.7606,30.0,0.0
2681,45.67,1.51,7.95,0.0,6.2,0.7802,30.0,0.0
2682,44.43,1.83,0.0,0.0,12.6,0.7274,30.0,0.0
2683,42.91,3.64,0.0,0.0,9.27,0.6201,30.0,0.0
2684,41.18,3.43,0.0,0.0,7.76,0.5411,30.0,0.0
2685,39.31,3.68,0.0,0.0,5.62,0.4751,30.0,0.0
2686,37.36,4.11,0.0,0.0,3.25,0.4272,30.0,0.0
2687,37.36,1.5,0.0,0.0,5.85,0.3995,30.0,0.0
2688,37.34,4.67,0.0,0.0,2.68,0.3497,30.0,0.0
2689,37.34,4.42,0.0,0.0,2.92,0.3269,30.0,0.0
2690,37.34,2.05,0.0,0.0,5.29,0.302,30.0,0.0
2691,37.34,2.89,0.0,0.0,4.45,0.257,30.0,0.0
2692,37.34,2.89,0.0,0.0,4.45,0.2191,30.0,0.0
2693,37.34,2.43,0.0,0.0,4.91,0.1812,30.0,0.0
2694,37.34,2.72,0.0,0.0,4.63,0.1394,30.0,0.0
2695,39.29,3.87,8.24,0.0,0.0,0.1,27.19,0.0
2696,41.17,3.06,15.16,0.0,0.0,0.1,22.95,0.0
2697,42.9,0.0,22.77,0.0,0.0,0.1,20.13,0.0
2698,44.41,1.93,28.99,6.02,0.0,0.1,19.51,0.0
2699,45.66,2.76,32.49,19.59,0.0,0.1462,30.0,0.0
2700,46.58,1.42,33.59,18.43,0.0,0.2967,30.0,0.0
2701,47.15,2.43,31.18,16.46,0.0,0.4384,30.0,0.0
2702,47.34,3.83,28.83,15.32,0.0,0.5649,30.0,0.0
2703,47.15,2.69,23.42,8.97,0.0,0.6826,30.0,0.0
2704,46.58,1.92,16.64,1.98,0.0,0.7515,30.0,0.0
2705,45.66,3.34,7.62,0.0,4.7,0.7667,30.0,0.0
2706,44.41,2.46,0.0,0.0,11.96,0.7267,30.0,0.0
2707,42.9,2.65,0.0,0.0,10.25,0.6249,30.0,0.0
2708,41.17,2.46,0.0,0.0,8.71,0.5376,30.0,0.0
2709,39.29,5.37,0.0,0.0,3.92,0.4635,30.0,0.0
2710,37.34,2.32,0.0,0.0,5.02,0.4301,30.0,0.0
2711,37.34,5.68,0.0,0.0,1.66,0.3873,30.0,0.0
2712,37.33,4.29,0.0,0.0,3.04,0.3732,30.0,0.0
2713,37.33,1.64,0.0,0.0,5.68,0.3473,30.0,0.0
2714,37.33,3.93,0.0,0.0,3.4,0.299,30.0,0.0
2715,37.33,0.33,0.0,0.0,7.0,0.27,30.0,0.0
2716,37.33,3.78,0.0,0.0,3.55,0.2104,30.0,0.0
2717,37.33,3.8,0.0,0.0,3.52,0.1802,30.0,0.0
2718,37.33,1.43,0.0,0.0,5.9,0.1502,30.0,0.0
2719,39.28,2.05,7.98,0.0,0.0,0.1,29.25,0.0
2720,41.15,4.23,16.53,0.0,0.0,0.1,20.4,0.0
2721,42.88,0.58,23.48,0.0,0.0,0.1,18.83,0.0
2722,44.4,0.0,28.19,1.44,0.0,0.1,17.65,0.0
2723,45.64,2.94,31.53,18.84,0.0,0.111,30.0,0.0
2724,46.57,3.56,33.02,20.01,0.0,0.2558,30.0,0.0
2725,47.13,0.92,32.64,16.43,0.0,0.4095,30.0,0.0
2726,47.33,2.44,27.7,12.81,0.0,0.5358,30.0,0.0
2727,47.13,3.11,23.5,9.47,0.0,0.6342,30.0,0.0
2728,46.57,0.54,15.85,0.0,0.17,0.707,30.0,0.0
2729,45.64,1.22,7.39,0.0,7.03,0.7055,30.0,0.0
2730,44.4,3.92,0.0,0.0,10.47,0.6456,30.0,0.0
2731,42.88,4.9,0.0,0.0,7.98,0.5564,30.0,0.0
2732,41.15,3.69,0.0,0.0,7.46,0.4885,30.0,0.0
2733,39.28,2.0,0.0,0.0,7.28,0.4249,30.0,0.0
2734,37.33,6.14,0.0,0.0,1.18,0.363,30.0,0.0
2735,37.33,2.83,0.0,0.0,4.49,0.3529,30.0,0.0
2736,37.31,3.13,0.0,0.0,4.18,0.3147,30.0,0.0
2737,37.31,4.01,0.0,0.0,3.3,0.279,30.0,0.0
2738,37.31,5.53,0.0,0.0,1.78,0.2509,30.0,0.0
2739,37.31,4.35,0.0,0.0,2.96,0.2357,30.0,0.0
2740,37.31,3.47,0.0,0.0,3.84,0.2105,30.0,0.0
2741,37.31,3.2,0.0,0.0,4.11,0.1778,30.0,0.0
2742,37.31,2.28,0.0,0.0,5.04,0.1429,30.0,0.0
2743,39.26,2.63,7.4,0.0,0.0,0.1,29.23,0.0
2744,41.14,0.0,15.89,0.0,0.0,0.1,25.25,0.0
2745,42.87,0.84,22.29,2.55,0.0,0.1,22.29,0.0
2746,44.38,1.36,28.23,15.21,0.0,0.1196,30.0,0.0
2747,45.63,0.0,31.02,15.4,0.0,0.2365,30.0,0.0
2748,46.55,1.38,32.44,17.27,0.0,0.3549,30.0,0.0
2749,47.12,0.61,31.35,14.84,0.0,0.4876,30.0,0.0
2750,47.31,3.43,27.66,13.78,0.0,0.6016,30.0,0.0
2751,47.12,3.4,22.88,9.16,0.0,0.7075,30.0,0.0
2752,46.55,0.89,16.39,0.74,0.0,0.7779,30.0,0.0
2753,45.63,1.65,8.6,0.0,5.37,0.7836,30.0,0.0
2754,44.38,2.11,0.0,0.0,12.27,0.7378,30.0,0.0
2755,42.87,1.95,0.0,0.0,10.91,0.6334,30.0,0.0
2756,41.14,3.17,0.0,0.0,7.97,0.5405,30.0,0.0
2757,39.26,2.15,0.0,0.0,7.12,0.4726,30.0,0.0
2758,37.31,1.85,0.0,0.0,5.46,0.412,30.0,0.0
2759,37.31,4.39,0.0,0.0,2.92,0.3655,30.0,0.0
2760,37.29,4.43,0.0,0.0,2.87,0.3407,30.0,0.0
2761,37.29,2.42,0.0,0.0,4.88,0.3163,30.0,0.0
2762,37.29,4.61,0.0,0.0,2.69,0.2747,30.0,0.0
2763,37.29,2.3,0.0,0.0,5.0,0.2518,30.0,0.0
2764,37.29,3.23,0.0,0.0,4.07,0.2093,30.0,0.0
2765,37.29,3.67,0.0,0.0,3.62,0.1747,30.0,0.0
2766,37.29,2.15,0.0,0.0,5.15,0.1438,30.0,0.0
2767,39.24,2.46,7.29,0.0,0.0,0.1,29.49,0.0
2768,41.12,0.8,16.6,3.86,0.0,0.1,27.59,0.0
2769,42.85,0.96,22.71,10.82,0.0,0.1297,30.0,0.0
2770,44.37,0.73,27.71,14.07,0.0,0.2128,30.0,0.0
2771,45.61,0.0,31.14,15.53,0.0,0.3209,30.0,0.0
2772,46.53,0.58,33.26,17.31,0.0,0.4403,30.0,0.0
2773,47.1,0.0,31.32,14.22,0.0,0.5734,30.0,0.0
2774,47.29,0.34,28.48,11.53,0.0,0.6826,30.0,0.0
2775,47.1,0.84,23.05,6.79,0.0,0.7712,30.0,0.0
2776,46.53,1.16,16.6,1.23,0.0,0.8233,30.0,0.0
2777,45.61,1.51,8.11,0.0,5.99,0.8327,30.0,0.0
2778,44.37,2.11,0.0,0.0,12.26,0.7817,30.0,0.0
2779,42.85,3.21,0.0,0.0,9.64,0.6774,30.0,0.0
2780,41.12,4.08,0.0,0.0,7.04,0.5952,30.0,0.0
2781,39.24,2.27,0.0,0.0,6.97,0.5353,30.0,0.0
2782,37.29,1.73,0.0,0.0,5.56,0.4759,30.0,0.0
2783,37.29,2.09,0.0,0.0,5.2,0.4285,30.0,0.0
2784,37.28,2.87,0.0,0.0,4.4,0.3842,30.0,0.0
2785,37.28,3.01,0.0,0.0,4.26,0.3468,30.0,0.0
2786,37.28,2.3,0.0,0.0,4.97,0.3105,30.0,0.0
2787,37.28,1.37,0.0,0.0,5.91,0.2681,30.0,0.0
2788,37.28,2.23,0.0,0.0,5.04,0.2178,30.0,0.0
2789,37.28,2.78,0.0,0.0,4.5,0.1748,30.0,0.0
2790,37.28,2.99,0.0,0.0,4.29,0.1365,30.0,0.0
2791,39.23,1.05,8.71,0.0,0.0,0.1,29.46,0.0
2792,41.1,0.92,15.64,0.0,0.0,0.1,24.54,0.0
2793,42.83,0.0,23.82,0.0,0.0,0.1,19.01,0.0
2794,44.35,0.94,28.41,14.41,0.0,0.1,29.4,0.0
2795,45.59,0.0,32.53,16.94,0.0,0.2107,30.0,0.0
2796,46.52,1.59,32.92,17.99,0.0,0.3409,30.0,0.0
2797,47.08,0.0,32.8,15.71,0.0,0.4791,30.0,0.0
2798,47.28,0.49,28.45,11.67,0.0,0.5999,30.0,0.0
2799,47.08,1.62,23.82,8.36,0.0,0.6896,30.0,0.0
2800,46.52,1.74,16.16,1.38,0.0,0.7538,30.0,0.0
2801,45.59,5.51,7.22,0.0,2.86,0.7644,30.0,0.0
2802,44.35,2.65,0.0,0.0,11.7,0.74,30.0,0.0
2803,42.83,1.15,0.0,0.0,11.68,0.6404,30.0,0.0
2804,41.1,2.73,0.0,0.0,8.38,0.541,30.0,0.0
2805,39.23,0.71,0.0,0.0,8.52,0.4696,30.0,0.0
2806,37.28,3.25,0.0,0.0,4.03,0.3971,30.0,0.0
2807,37.28,2.35,0.0,0.0,4.92,0.3628,30.0,0.0
2808,37.26,4.77,0.0,0.0,2.48,0.3209,30.0,0.0
2809,37.26,2.72,0.0,0.0,4.54,0.2997,30.0,0.0
2810,37.26,3.18,0.0,0.0,4.08,0.2611,30.0,0.0
2811,37.26,2.25,0.0,0.0,5.01,0.2264,30.0,0.0
2812,37.26,5.22,0.0,0.0,2.04,0.1837,30.0,0.0
2813,37.26,2.07,0.0,0.0,5.19,0.1663,30.0,0.0
2814,37.26,4.66,0.0,0.0,2.6,0.1221,30.0,0.0
2815,39.21,2.91,8.29,0.0,0.0,0.1,28.01,0.0
2816,41.09,2.13,16.39,0.0,0.0,0.1,22.57,0.0
2817,42.81,1.69,23.85,0.0,0.0,0.1,17.28,0.0
2818,44.33,0.0,28.88,8.39,0.0,0.1,23.84,0.0
2819,45.57,0.0,32.21,16.64,0.0,0.1645,30.0,0.0
2820,46.5,0.4,32.55,16.45,0.0,0.2923,30.0,0.0
2821,47.07,1.99,32.33,17.25,0.0,0.4187,30.0,0.0
2822,47.26,0.9,28.1,11.74,0.0,0.5513,30.0,0.0
2823,47.07,0.0,23.94,6.88,0.0,0.6415,30.0,0.0
2824,46.5,1.39,16.13,1.03,0.0,0.6943,30.0,0.0
2825,45.57,4.13,7.78,0.0,3.67,0.7022,30.0,0.0
2826,44.33,3.86,0.0,0.0,10.47,0.671,30.0,0.0
2827,42.81,2.42,0.0,0.0,10.39,0.5819,30.0,0.0
2828,41.09,4.14,0.0,0.0,6.95,0.4934,30.0,0.0
2829,39.21,2.62,0.0,0.0,6.59,0.4342,30.0,0.0
2830,37.26,1.0,0.0,0.0,6.25,0.3781,30.0,0.0
2831,37.26,2.21,0.0,0.0,5.05,0.3248,30.0,0.0
2832,37.24,5.64,0.0,0.0,1.6,0.2818,30.0,0.0
2833,37.24,3.08,0.0,0.0,4.16,0.2682,30.0,0.0
2834,37.24,2.98,0.0,0.0,4.26,0.2328,30.0,0.0
2835,37.24,2.69,0.0,0.0,4.55,0.1965,30.0,0.0
2836,37.24,5.42,0.0,0.0,1.82,0.1578,30.0,0.0
2837,37.24,4.71,0.0,0.0,2.53,0.1423,30.0,0.0
2838,37.24,5.17,0.0,0.0,2.07,0.1208,30.0,0.0
2839,39.19,1.56,7.27,0.0,0.37,0.1031,30.0,0.0
2840,41.07,1.85,16.5,0.0,0.0,0.1,22.72,0.0
2841,42.8,0.0,16.52,3.73,0.0,0.1,30.0,0.0
2842,44.31,2.97,29.42,18.08,0.0,0.1286,30.0,0.0
2843,45.55,0.0,32.3,16.74,0.0,0.2675,30.0,0.0
2844,46.48,1.06,33.17,17.75,0.0,0.3962,30.0,0.0
2845,47.05,0.0,32.17,15.12,0.0,0.5326,30.0,0.0
2846,47.24,0.14,29.6,12.5,0.0,0.6488,30.0,0.0
2847,47.05,0.02,22.97,5.94,0.0,0.7448,30.0,0.0
2848,46.48,0.61,15.73,0.0,0.14,0.7904,30.0,0.0
2849,45.55,1.04,8.85,0.0,5.67,0.7893,30.0,0.0
2850,44.31,1.38,0.0,0.0,12.93,0.741,30.0,0.0
2851,42.8,3.63,0.0,0.0,9.17,0.6309,30.0,0.0
2852,41.07,1.3,0.0,0.0,9.76,0.5529,30.0,0.0
2853,39.19,3.4,0.0,0.0,5.79,0.4697,30.0,0.0
2854,37.24,4.98,0.0,0.0,2.26,0.4204,30.0,0.0
2855,37.24,2.75,0.0,0.0,4.49,0.4012,30.0,0.0
2856,37.22,2.5,0.0,0.0,4.72,0.363,30.0,0.0
2857,37.22,3.12,0.0,0.0,4.1,0.3227,30.0,0.0
2858,37.22,4.91,0.0,0.0,2.31,0.2878,30.0,0.0
2859,37.22,3.34,0.0,0.0,3.88,0.2681,30.0,0.0
2860,37.22,2.07,0.0,0.0,5.15,0.2351,30.0,0.0
2861,37.22,3.13,0.0,0.0,4.09,0.1912,30.0,0.0
2862,37.22,0.6,0.0,0.0,6.62,0.1564,30.0,0.0
2863,39.17,2.69,8.59,0.0,0.0,0.1,27.89,0.0
2864,41.05,1.98,12.95,3.89,0.0,0.1,30.0,0.0
2865,42.78,0.72,23.82,11.76,0.0,0.1299,30.0,0.0
2866,44.29,0.0,28.04,13.75,0.0,0.2203,30.0,0.0
2867,45.53,0.0,33.3,17.77,0.0,0.3259,30.0,0.0
2868,46.46,1.47,33.9,18.92,0.0,0.4624,30.0,0.0
2869,47.03,2.47,32.22,17.66,0.0,0.6078,30.0,0.0
2870,47.22,0.05,29.25,12.08,0.0,0.7435,30.0,0.0
2871,47.03,1.77,23.55,8.29,0.0,0.8363,30.0,0.0
2872,46.46,0.0,16.46,0.0,0.0,0.9,30.0,0.0
2873,45.53,0.95,8.77,0.0,5.81,0.9,30.0,0.0
2874,44.29,2.07,0.0,0.0,12.22,0.8505,30.0,0.0
2875,42.78,1.22,0.0,0.0,11.56,0.7464,30.0,0.0
2876,41.05,1.51,0.0,0.0,9.54,0.648,30.0,0.0
2877,39.17,2.16,0.0,0.0,7.01,0.5668,30.0,0.0
2878,37.22,3.69,0.0,0.0,3.53,0.5072,30.0,0.0
2879,37.22,3.18,0.0,0.0,4.05,0.4771,30.0,0.0
2880,37.2,0.39,0.0,0.0,6.81,0.4427,30.0,0.0
2881,37.2,0.51,0.0,0.0,6.69,0.3847,30.0,0.0
2882,37.2,2.44,0.0,0.0,4.76,0.3277,30.0,0.0
2883,37.2,3.68,0.0,0.0,3.52,0.2872,30.0,0.0
2884,37.2,0.0,0.0,0.0,7.2,0.2573,30.0,0.0
2885,37.2,1.76,0.0,0.0,5.44,0.196,30.0,0.0
2886,37.2,1.37,0.0,0.0,5.83,0.1497,30.0,0.0
2887,39.15,3.63,8.93,0.0,0.0,0.1,26.59,0.0
2888,41.03,0.88,15.91,0.0,0.0,0.1,24.24,0.0
2889,42.76,0.0,23.5,0.0,0.0,0.1,19.25,0.0
2890,44.27,1.1,28.56,12.13,0.0,0.1,26.74,0.0
2891,45.51,0.0,32.33,16.81,0.0,0.1932,30.0,0.0
2892,46.44,1.77,34.17,19.5,0.0,0.3224,30.0,0.0
2893,47.01,1.06,31.96,16.01,0.0,0.4723,30.0,0.0
2894,47.2,1.6,29.91,14.31,0.0,0.5953,30.0,0.0
2895,47.01,6.5,22.96,12.45,0.0,0.7052,30.0,0.0
2896,46.44,0.0,16.06,0.0,0.38,0.8009,30.0,0.0
2897,45.51,4.1,7.7,0.0,3.72,0.7977,30.0,0.0
2898,44.27,1.69,0.0,0.0,12.58,0.766,30.0,0.0
2899,42.76,2.84,0.0,0.0,9.92,0.659,30.0,0.0
2900,41.03,2.71,0.0,0.0,8.32,0.5745,30.0,0.0
2901,39.15,2.48,0.0,0.0,6.68,0.5037,30.0,0.0
2902,37.2,2.49,0.0,0.0,4.71,0.4469,30.0,0.0
2903,37.2,3.86,0.0,0.0,3.34,0.4068,30.0,0.0
2904,37.18,1.36,0.0,0.0,5.82,0.3784,30.0,0.0
2905,37.18,4.42,0.0,0.0,2.76,0.3288,30.0,0.0
2906,37.18,2.68,0.0,0.0,4.5,0.3053,30.0,0.0
2907,37.18,1.49,0.0,0.0,5.69,0.267,30.0,0.0
2908,37.18,2.14,0.0,0.0,5.04,0.2186,30.0,0.0
2909,37.18,4.14,0.0,0.0,3.04,0.1756,30.0,0.0
2910,37.18,1.33,0.0,0.0,5.84,0.1498,30.0,0.0
2911,39.13,2.2,7.67,0.0,0.0,0.1,29.26,0.0
2912,41.01,0.38,16.64,0.0,0.0,0.1,23.99,0.0
2913,42.73,2.14,24.02,0.0,0.0,0.1,16.58,0.0
2914,44.25,0.0,29.54,5.48,0.0,0.1,20.19,0.0
2915,45.49,3.28,31.81,19.59,0.0,0.1421,30.0,0.0
2916,46.42,0.46,33.5,17.54,0.0,0.2927,30.0,0.0
2917,46.99,1.66,32.12,16.79,0.0,0.4275,30.0,0.0
2918,47.18,1.02,28.99,12.83,0.0,0.5565,30.0,0.0
2919,46.99,2.87,23.36,9.25,0.0,0.6551,30.0,0.0
2920,46.42,0.4,16.84,0.82,0.0,0.7262,30.0,0.0
2921,45.49,2.73,7.32,0.0,5.45,0.7324,30.0,0.0
2922,44.25,1.8,0.0,0.0,12.45,0.6861,30.0,0.0
2923,42.73,2.33,0.0,0.0,10.4,0.5801,30.0,0.0
2924,41.01,2.88,0.0,0.0,8.13,0.4915,30.0,0.0
2925,39.13,3.38,0.0,0.0,5.75,0.4223,30.0,0.0
2926,37.18,3.09,0.0,0.0,4.09,0.3734,30.0,0.0
2927,37.18,3.68,0.0,0.0,3.5,0.3386,30.0,0.0
2928,37.16,5.58,0.0,0.0,1.58,0.3088,30.0,0.0
2929,37.16,4.72,0.0,0.0,2.44,0.2954,30.0,0.0
2930,37.16,4.42,0.0,0.0,2.73,0.2746,30.0,0.0
2931,37.16,2.39,0.0,0.0,4.77,0.2513,30.0,0.0
2932,37.16,1.51,0.0,0.0,5.64,0.2107,30.0,0.0
2933,37.16,3.71,0.0,0.0,3.45,0.1627,30.0,0.0
2934,37.16,3.25,0.0,0.0,3.91,0.1333,30.0,0.0
2935,39.11,3.71,8.74,0.0,0.0,0.1,26.66,0.0
2936,40.98,0.54,17.2,0.0,0.0,0.1,23.25,0.0
2937,42.71,0.76,24.17,0.0,0.0,0.1,17.78,0.0
2938,44.23,0.0,29.17,12.4,0.0,0.1,27.46,0.0
2939,45.47,0.19,32.41,17.12,0.0,0.1953,30.0,0.0
2940,46.4,2.04,33.36,19.01,0.0,0.3269,30.0,0.0
2941,46.97,0.09,32.18,15.3,0.0,0.4729,30.0,0.0
2942,47.16,1.74,29.93,14.51,0.0,0.5905,30.0,0.0
2943,46.97,0.82,22.98,6.83,0.0,0.702,30.0,0.0
2944,46.4,1.81,17.19,2.6,0.0,0.7545,30.0,0.0
2945,45.47,0.12,7.33,0.0,8.02,0.7745,30.0,0.0
2946,44.23,2.16,0.0,0.0,12.07,0.7062,30.0,0.0
2947,42.71,0.0,0.0,0.0,12.71,0.6035,30.0,0.0
2948,40.98,2.48,0.0,0.0,8.51,0.4952,30.0,0.0
2949,39.11,0.78,0.0,0.0,8.33,0.4228,30.0,0.0
2950,37.16,4.88,0.0,0.0,2.27,0.3519,30.0,0.0
2951,37.16,4.43,0.0,0.0,2.72,0.3325,30.0,0.0
2952,37.14,4.04,0.0,0.0,3.1,0.3093,30.0,0.0
2953,37.14,5.43,0.0,0.0,1.7,0.2829,30.0,0.0
2954,37.14,1.91,0.0,0.0,5.22,0.2684,30.0,0.0
2955,37.14,5.39,0.0,0.0,1.75,0.2239,30.0,0.0
2956,37.14,3.99,0.0,0.0,3.15,0.2091,30.0,0.0
2957,37.14,2.06,0.0,0.0,5.08,0.1823,30.0,0.0
2958,37.14,3.58,0.0,0.0,3.55,0.139,30.0,0.0
2959,39.09,0.16,7.9,0.0,1.03,0.1088,30.0,0.0
2960,40.96,0.21,16.74,0.0,0.0,0.1,24.01,0.0
2961,42.69,0.23,22.93,0.0,0.0,0.1,19.53,0.0
2962,44.21,0.12,29.85,10.16,0.0,0.1,24.4,0.0
2963,45.45,0.0,32.77,17.32,0.0,0.1781,30.0,0.0
2964,46.37,2.33,34.47,20.43,0.0,0.3112,30.0,0.0
2965,46.94,0.35,32.21,15.62,0.0,0.4681,30.0,0.0
2966,47.14,1.32,29.72,13.9,0.0,0.5882,30.0,0.0
2967,46.94,0.28,22.9,6.23,0.0,0.695,30.0,0.0
2968,46.37,0.0,15.72,0.0,0.65,0.7429,30.0,0.0
2969,45.45,2.04,8.14,0.0,5.26,0.7373,30.0,0.0
2970,44.21,0.0,0.0,0.0,14.21,0.6925,30.0,0.0
2971,42.69,2.29,0.0,0.0,10.4,0.5715,30.0,0.0
2972,40.96,0.84,0.0,0.0,10.12,0.4829,30.0,0.0
2973,39.09,5.72,0.0,0.0,3.37,0.3967,30.0,0.0
2974,37.14,4.46,0.0,0.0,2.68,0.368,30.0,0.0
2975,37.14,3.49,0.0,0.0,3.64,0.3453,30.0,0.0
2976,37.11,5.11,0.0,0.0,2.01,0.3143,30.0,0.0
2977,37.11,2.17,0.0,0.0,4.94,0.2972,30.0,0.0
2978,37.11,3.94,0.0,0.0,3.18,0.2551,30.0,0.0
2979,37.11,3.25,0.0,0.0,3.86,0.228,30.0,0.0
2980,37.11,3.05,0.0,0.0,4.06,0.1951,30.0,0.0
2981,37.11,4.1,0.0,0.0,3.01,0.1606,30.0,0.0
2982,37.11,3.01,0.0,0.0,4.1,0.1349,30.0,0.0
2983,39.06,2.05,7.57,0.0,0.0,0.1,29.44,0.0
2984,40.94,0.0,16.1,0.0,0.0,0.1,24.84,0.0
2985,42.67,0.0,23.64,0.0,0.0,0.1,19.03,0.0
2986,44.18,0.65,29.93,10.31,0.0,0.1,23.91,0.0
2987,45.43,0.81,33.78,19.17,0.0,0.1792,30.0,0.0
2988,46.35,0.0,34.14,17.78,0.0,0.3265,30.0,0.0
2989,46.92,3.99,33.35,20.41,0.0,0.4632,30.0,0.0
2990,47.11,2.9,29.88,15.66,0.0,0.6201,30.0,0.0
2991,46.92,1.86,23.8,8.74,0.0,0.7404,30.0,0.0
2992,46.35,1.42,16.79,1.86,0.0,0.8076,30.0,0.0
2993,45.43,1.36,8.12,0.0,5.95,0.8219,30.0,0.0
2994,44.18,0.7,0.0,0.0,13.48,0.7712,30.0,0.0
2995,42.67,2.47,0.0,0.0,10.2,0.6565,30.0,0.0
2996,40.94,3.04,0.0,0.0,7.9,0.5696,30.0,0.0
2997,39.06,1.27,0.0,0.0,7.79,0.5024,30.0,0.0
2998,37.11,3.65,0.0,0.0,3.46,0.436,30.0,0.0
2999,37.11,3.12,0.0,0.0,4.0,0.4066,30.0,0.0
3000,37.09,0.74,0.0,0.0,6.35,0.3725,30.0,0.0
3001,37.09,2.13,0.0,0.0,4.96,0.3185,30.0,0.0
3002,37.09,2.61,0.0,0.0,4.48,0.2763,30.0,0.0
3003,37.09,5.54,0.0,0.0,1.55,0.2381,30.0,0.0
3004,37.09,3.43,0.0,0.0,3.66,0.2249,30.0,0.0
3005,37.09,0.51,0.0,0.0,6.58,0.1938,30.0,0.0
3006,37.09,2.65,0.0,0.0,4.44,0.1378,30.0,0.0
3007,39.04,0.0,9.05,0.0,0.0,0.1,29.99,0.0
3008,40.92,2.78,17.11,0.0,0.0,0.1,21.03,0.0
3009,42.65,0.37,23.11,0.84,0.0,0.1,20.0,0.0
3010,44.16,0.67,28.95,15.46,0.0,0.1064,30.0,0.0
3011,45.4,2.48,33.63,20.71,0.0,0.2252,30.0,0.0
3012,46.33,0.0,34.69,18.36,0.0,0.3844,30.0,0.0
3013,46.9,0.0,32.73,15.84,0.0,0.5254,30.0,0.0
3014,47.09,0.0,29.86,12.77,0.0,0.6471,30.0,0.0
3015,46.9,2.44,24.43,9.97,0.0,0.7453,30.0,0.0
3016,46.33,0.0,15.71,0.0,0.62,0.8219,30.0,0.0
3017,45.4,0.0,8.22,0.0,7.18,0.8166,30.0,0.0
3018,44.16,1.37,0.0,0.0,12.79,0.7555,30.0,0.0
3019,42.65,3.1,0.0,0.0,9.55,0.6465,30.0,0.0
3020,40.92,4.32,0.0,0.0,6.6,0.5652,30.0,0.0
3021,39.04,2.32,0.0,0.0,6.72,0.509,30.0,0.0
3022,37.09,2.61,0.0,0.0,4.48,0.4518,30.0,0.0
3023,37.09,4.89,0.0,0.0,2.2,0.4137,30.0,0.0
3024,37.07,0.78,0.0,0.0,6.29,0.3949,30.0,0.0
3025,37.07,2.76,0.0,0.0,4.31,0.3414,30.0,0.0
3026,37.07,3.41,0.0,0.0,3.65,0.3047,30.0,0.0
3027,37.07,3.55,0.0,0.0,3.52,0.2736,30.0,0.0
3028,37.07,1.95,0.0,0.0,5.11,0.2437,30.0,0.0
3029,37.07,2.37,0.0,0.0,4.7,0.2002,30.0,0.0
3030,37.07,0.0,0.0,0.0,7.07,0.1602,30.0,0.0
3031,39.02,0.71,9.1,0.0,0.0,0.1,29.21,0.0
3032,40.89,1.9,16.64,0.0,0.0,0.1,22.34,0.0
3033,42.62,0.0,23.04,0.0,0.0,0.1,19.58,0.0
3034,44.14,0.86,28.66,12.61,0.0,0.1,27.23,0.0
3035,45.38,1.26,32.83,18.71,0.0,0.1969,30.0,0.0
3036,46.3,0.13,34.83,18.65,0.0,0.3406,30.0,0.0
3037,46.87,0.88,33.96,17.96,0.0,0.484,30.0,0.0
3038,47.07,0.0,29.53,12.47,0.0,0.622,30.0,0.0
3039,46.87,0.72,24.31,8.15,0.0,0.7178,30.0,0.0
3040,46.3,2.12,16.96,2.77,0.0,0.7805,30.0,0.0
3041,45.38,1.83,7.55,0.0,6.0,0.8018,30.0,0.0
3042,44.14,1.16,0.0,0.0,12.97,0.7506,30.0,0.0
3043,42.62,2.63,0.0,0.0,9.99,0.6402,30.0,0.0
3044,40.89,3.63,0.0,0.0,7.26,0.5551,30.0,0.0
3045,39.02,0.13,0.0,0.0,8.89,0.4933,30.0,0.0
3046,37.07,4.74,0.0,0.0,2.33,0.4176,30.0,0.0
3047,37.07,2.83,0.0,0.0,4.24,0.3978,30.0,0.0
3048,37.04,3.9,0.0,0.0,3.14,0.3617,30.0,0.0
3049,37.04,4.91,0.0,0.0,2.13,0.335,30.0,0.0
3050,37.04,1.26,0.0,0.0,5.79,0.3168,30.0,0.0
3051,37.04,1.94,0.0,0.0,5.1,0.2676,30.0,0.0
3052,37.04,2.24,0.0,0.0,4.8,0.2242,30.0,0.0
3053,37.04,1.23,0.0,0.0,5.81,0.1833,30.0,0.0
3054,37.04,4.32,0.0,0.0,2.72,0.1338,30.0,0.0
3055,38.99,0.42,7.32,0.0,1.25,0.1106,30.0,0.0
3056,40.87,0.5,15.94,0.0,0.0,0.1,24.43,0.0
3057,42.6,1.26,24.11,0.0,0.0,0.1,17.23,0.0
3058,44.11,0.0,30.41,2.16,0.0,0.1,15.86,0.0
3059,45.36,0.08,32.86,17.59,0.0,0.1166,30.0,0.0
3060,46.28,1.01,34.48,19.22,0.0,0.2517,30.0,0.0
3061,46.85,0.17,34.02,17.34,0.0,0.3994,30.0,0.0
3062,47.04,0.63,29.01,12.61,0.0,0.5326,30.0,0.0
3063,46.85,0.26,23.95,7.35,0.0,0.6295,30.0,0.0
3064,46.28,0.0,16.81,0.53,0.0,0.686,30.0,0.0
3065,45.36,2.03,7.78,0.0,5.55,0.6901,30.0,0.0
3066,44.11,4.35,0.0,0.0,9.76,0.6429,30.0,0.0
3067,42.6,2.33,0.0,0.0,10.27,0.5598,30.0,0.0
3068,40.87,2.94,0.0,0.0,7.93,0.4723,30.0,0.0
3069,38.99,3.86,0.0,0.0,5.13,0.4048,30.0,0.0
3070,37.04,1.4,0.0,0.0,5.65,0.3612,30.0,0.0
3071,37.04,5.6,0.0,0.0,1.44,0.3131,30.0,0.0
3072,37.02,3.58,0.0,0.0,3.44,0.3009,30.0,0.0
3073,37.02,5.49,0.0,0.0,1.53,0.2716,30.0,0.0
3074,37.02,2.11,0.0,0.0,4.91,0.2585,30.0,0.0
3075,37.02,5.39,0.0,0.0,1.63,0.2168,30.0,0.0
3076,37.02,3.67,0.0,0.0,3.34,0.2029,30.0,0.0
3077,37.02,3.04,0.0,0.0,3.98,0.1744,30.0,0.0
3078,37.02,2.25,0.0,0.0,4.77,0.1406,30.0,0.0
3079,38.97,1.23,8.51,0.0,0.0,0.1,29.22,0.0
3080,40.84,2.89,16.05,0.0,0.0,0.1,21.91,0.0
3081,42.57,1.15,23.64,0.0,0.0,0.1,17.78,0.0
3082,44.09,0.0,30.02,6.09,0.0,0.1,20.16,0.0
3083,45.33,0.0,32.66,17.33,0.0,0.1468,30.0,0.0
3084,46.25,0.31,34.88,18.93,0.0,0.28,30.0,0.0
3085,46.82,1.03,33.12,17.33,0.0,0.4254,30.0,0.0
3086,47.02,0.67,28.87,12.52,0.0,0.5586,30.0,0.0
3087,46.82,2.63,24.18,9.99,0.0,0.6548,30.0,0.0
3088,46.25,0.0,16.64,0.38,0.0,0.7316,30.0,0.0
3089,45.33,1.77,7.7,0.0,5.86,0.7345,30.0,0.0
3090,44.09,0.0,0.0,0.0,14.09,0.6846,30.0,0.0
3091,42.57,3.32,0.0,0.0,9.25,0.5647,30.0,0.0
3092,40.84,2.48,0.0,0.0,8.36,0.4859,30.0,0.0
3093,38.97,3.47,0.0,0.0,5.5,0.4148,30.0,0.0
3094,37.02,1.93,0.0,0.0,5.08,0.368,30.0,0.0
3095,37.02,5.0,0.0,0.0,2.01,0.3247,30.0,0.0
3096,36.99,4.71,0.0,0.0,2.28,0.3075,30.0,0.0
3097,36.99,4.03,0.0,0.0,2.96,0.2881,30.0,0.0
3098,36.99,2.92,0.0,0.0,4.07,0.2629,30.0,0.0
3099,36.99,3.67,0.0,0.0,3.32,0.2282,30.0,0.0
3100,36.99,1.63,0.0,0.0,5.36,0.2,30.0,0.0
3101,36.99,3.44,0.0,0.0,3.55,0.1543,30.0,0.0
3102,36.99,4.17,0.0,0.0,2.82,0.124,30.0,0.0
3103,38.94,3.02,5.92,0.0,0.0,0.1,30.0,0.0
3104,40.82,0.23,17.08,0.0,0.0,0.1,23.51,0.0
3105,42.55,0.0,24.84,0.0,0.0,0.1,17.71,0.0
3106,44.06,0.0,30.65,13.41,0.0,0.1,26.82,0.0
3107,45.31,1.37,32.98,19.05,0.0,0.2031,30.0,0.0
3108,46.23,1.16,35.38,20.3,0.0,0.3495,30.0,0.0
3109,46.8,0.0,33.32,16.52,0.0,0.5055,30.0,0.0
3110,46.99,0.0,29.04,12.05,0.0,0.6324,30.0,0.0
3111,46.8,0.55,23.52,7.28,0.0,0.725,30.0,0.0
3112,46.23,0.81,16.38,0.96,0.0,0.781,30.0,0.0
3113,45.31,0.0,7.57,0.0,7.74,0.7883,30.0,0.0
3114,44.06,2.44,0.0,0.0,11.62,0.7225,30.0,0.0
3115,42.55,2.61,0.0,0.0,9.94,0.6235,30.0,0.0
3116,40.82,2.33,0.0,0.0,8.49,0.5389,30.0,0.0
3117,38.94,1.84,0.0,0.0,7.1,0.4666,30.0,0.0
3118,36.99,4.53,0.0,0.0,2.46,0.4062,30.0,0.0
3119,36.99,5.5,0.0,0.0,1.49,0.3853,30.0,0.0
3120,36.96,2.6,0.0,0.0,4.37,0.3726,30.0,0.0
3121,36.96,2.38,0.0,0.0,4.59,0.3354,30.0,0.0
3122,36.96,3.75,0.0,0.0,3.21,0.2963,30.0,0.0
3123,36.96,2.37,0.0,0.0,4.59,0.269,30.0,0.0
3124,36.96,2.39,0.0,0.0,4.58,0.2298,30.0,0.0
3125,36.96,3.26,0.0,0.0,3.71,0.1908,30.0,0.0
3126,36.96,0.0,0.0,0.0,6.96,0.1593,30.0,0.0
3127,38.92,0.0,9.14,0.0,0.0,0.1,29.77,0.0
3128,40.79,1.31,16.92,0.0,0.0,0.1,22.56,0.0
3129,42.52,0.36,25.07,0.0,0.0,0.1,17.09,0.0
3130,44.04,0.58,30.04,11.33,0.0,0.1,24.75,0.0
3131,45.28,0.52,33.18,18.42,0.0,0.1871,30.0,0.0
3132,46.2,0.0,33.82,17.62,0.0,0.3286,30.0,0.0
3133,46.77,2.62,33.28,19.12,0.0,0.464,30.0,0.0
3134,46.96,0.76,29.8,13.6,0.0,0.611,30.0,0.0
3135,46.77,1.53,25.03,9.79,0.0,0.7155,30.0,0.0
3136,46.2,2.51,17.06,3.37,0.0,0.7907,30.0,0.0
3137,45.28,0.14,8.46,0.0,6.68,0.8166,30.0,0.0
3138,44.04,2.54,0.0,0.0,11.5,0.7597,30.0,0.0
3139,42.52,1.88,0.0,0.0,10.64,0.6618,30.0,0.0
3140,40.79,3.74,0.0,0.0,7.06,0.5712,30.0,0.0
3141,38.92,0.0,0.0,0.0,8.92,0.5111,30.0,0.0
3142,36.96,2.94,0.0,0.0,4.02,0.4352,30.0,0.0
3143,36.96,2.39,0.0,0.0,4.58,0.401,30.0,0.0
3144,36.94,3.83,0.0,0.0,3.1,0.362,30.0,0.0
3145,36.94,3.84,0.0,0.0,3.1,0.3356,30.0,0.0
3146,36.94,2.09,0.0,0.0,4.85,0.3092,30.0,0.0
3147,36.94,1.87,0.0,0.0,5.07,0.268,30.0,0.0
3148,36.94,2.41,0.0,0.0,4.53,0.2248,30.0,0.0
3149,36.94,1.0,0.0,0.0,5.94,0.1862,30.0,0.0
3150,36.94,3.03,0.0,0.0,3.91,0.1356,30.0,0.0
3151,38.89,1.01,7.6,0.0,0.27,0.1023,30.0,0.0
3152,40.76,0.0,16.97,0.0,0.0,0.1,23.79,0.0
3153,42.49,0.39,24.12,2.04,0.0,0.1,20.01,0.0
3154,44.01,0.0,30.11,16.1,0.0,0.1156,30.0,0.0
3155,45.25,0.0,33.25,18.0,0.0,0.2394,30.0,0.0
3156,46.18,0.0,34.63,18.45,0.0,0.3776,30.0,0.0
3157,46.75,0.7,32.82,16.77,0.0,0.5194,30.0,0.0
3158,46.94,2.51,29.03,14.6,0.0,0.6483,30.0,0.0
3159,46.75,1.33,24.64,9.23,0.0,0.7605,30.0,0.0
3160,46.18,0.36,17.51,1.7,0.0,0.8314,30.0,0.0
3161,45.25,2.14,8.6,0.0,4.51,0.8444,30.0,0.0
3162,44.01,1.24,0.0,0.0,12.76,0.8061,30.0,0.0
3163,42.49,1.28,0.0,0.0,11.22,0.6974,30.0,0.0
3164,40.76,0.98,0.0,0.0,9.79,0.6019,30.0,0.0
3165,38.89,0.44,0.0,0.0,8.45,0.5186,30.0,0.0
3166,36.94,2.52,0.0,0.0,4.41,0.4467,30.0,0.0
3167,36.94,3.41,0.0,0.0,3.53,0.4091,30.0,0.0
3168,36.91,3.09,0.0,0.0,3.82,0.3791,30.0,0.0
3169,36.91,2.61,0.0,0.0,4.3,0.3466,30.0,0.0
3170,36.91,1.75,0.0,0.0,5.16,0.3099,30.0,0.0
3171,36.91,3.66,0.0,0.0,3.25,0.266,30.0,0.0
3172,36.91,0.74,0.0,0.0,6.17,0.2383,30.0,0.0
3173,36.91,3.27,0.0,0.0,3.64,0.1857,30.0,0.0
3174,36.91,0.48,0.0,0.0,6.43,0.1547,30.0,0.0
3175,38.86,0.47,8.45,0.0,0.0,0.1,29.94,0.0
3176,40.74,0.0,17.26,0.0,0.0,0.1,23.48,0.0
3177,42.47,0.2,24.03,0.0,0.0,0.1,18.23,0.0
3178,43.98,2.0,29.36,3.34,0.0,0.1,15.95,0.0
3179,45.22,1.24,33.8,19.82,0.0,0.1257,30.0,0.0
3180,46.15,1.83,34.26,19.94,0.0,0.2779,30.0,0.0
3181,46.72,1.25,33.95,18.48,0.0,0.4312,30.0,0.0
3182,46.91,0.0,30.15,13.24,0.0,0.5731,30.0,0.0
3183,46.72,0.43,25.17,8.88,0.0,0.6749,30.0,0.0
3184,46.15,0.1,17.57,1.53,0.0,0.7432,30.0,0.0
3185,45.22,3.32,9.03,0.0,2.88,0.7549,30.0,0.0
3186,43.98,0.22,0.0,0.0,13.76,0.7304,30.0,0.0
3187,42.47,3.43,0.0,0.0,9.03,0.6132,30.0,0.0
3188,40.74,3.76,0.0,0.0,6.97,0.5363,30.0,0.0
3189,38.86,5.33,0.0,0.0,3.53,0.4769,30.0,0.0
3190,36.91,2.48,0.0,0.0,4.43,0.4469,30.0,0.0
3191,36.91,4.15,0.0,0.0,2.76,0.4091,30.0,0.0
3192,36.88,6.33,0.0,0.0,0.55,0.3857,30.0,0.0
3193,36.88,2.31,0.0,0.0,4.57,0.381,30.0,0.0
3194,36.88,0.92,0.0,0.0,5.96,0.3421,30.0,0.0
3195,36.88,0.23,0.0,0.0,6.65,0.2913,30.0,0.0
3196,36.88,3.5,0.0,0.0,3.38,0.2347,30.0,0.0
3197,36.88,0.0,0.0,0.0,6.88,0.2059,30.0,0.0
3198,36.88,1.33,0.0,0.0,5.55,0.1473,30.0,0.0
3199,38.83,2.08,7.63,0.0,0.0,0.1,29.12,0.0
3200,40.71,1.41,17.32,0.0,0.0,0.1,21.98,0.0
3201,42.44,1.45,23.89,0.0,0.0,0.1,17.1,0.0
3202,43.95,0.96,30.43,0.0,0.0,0.1,12.57,0.0
3203,45.2,2.27,33.58,16.42,0.0,0.1,25.77,0.0
3204,46.12,0.0,34.86,18.74,0.0,0.2262,30.0,0.0
3205,46.69,0.0,34.46,17.77,0.0,0.3701,30.0,0.0
3206,46.88,0.0,29.91,13.03,0.0,0.5067,30.0,0.0
3207,46.69,2.01,24.35,9.66,0.0,0.6068,30.0,0.0
3208,46.12,2.39,16.91,3.18,0.0,0.6811,30.0,0.0
3209,45.2,2.1,9.2,0.0,3.9,0.7055,30.0,0.0
3210,43.95,3.46,0.0,0.0,10.5,0.6723,30.0,0.0
3211,42.44,0.58,0.0,0.0,11.86,0.5829,30.0,0.0
3212,40.71,4.8,0.0,0.0,5.9,0.482,30.0,0.0
3213,38.83,4.89,0.0,0.0,3.94,0.4317,30.0,0.0
3214,36.88,4.03,0.0,0.0,2.85,0.3981,30.0,0.0
3215,36.88,5.6,0.0,0.0,1.28,0.3739,30.0,0.0
3216,36.85,0.92,0.0,0.0,5.93,0.3629,30.0,0.0
3217,36.85,2.42,0.0,0.0,4.43,0.3124,30.0,0.0
3218,36.85,2.0,0.0,0.0,4.85,0.2747,30.0,0.0
3219,36.85,3.78,0.0,0.0,3.08,0.2334,30.0,0.0
3220,36.85,1.07,0.0,0.0,5.79,0.2072,30.0,0.0
3221,36.85,3.21,0.0,0.0,3.64,0.1579,30.0,0.0
3222,36.85,3.7,0.0,0.0,3.16,0.1269,30.0,0.0
3223,38.8,2.42,9.12,0.0,0.0,0.1,27.27,0.0
3224,40.68,1.52,17.88,0.0,0.0,0.1,21.28,0.0
3225,42.41,0.0,25.34,0.0,0.0,0.1,17.07,0.0
3226,43.92,0.0,30.8,0.84,0.0,0.1,13.97,0.0
3227,45.17,2.21,34.23,21.27,0.0,0.1065,30.0,0.0
3228,46.09,1.52,34.24,19.67,0.0,0.2699,30.0,0.0
3229,46.66,0.44,33.81,17.6,0.0,0.421,30.0,0.0
3230,46.85,0.06,29.82,13.03,0.0,0.5563,30.0,0.0
3231,46.66,0.0,23.54,6.87,0.0,0.6564,30.0,0.0
3232,46.09,0.0,17.1,1.01,0.0,0.7092,30.0,0.0
3233,45.17,4.08,7.79,0.0,3.3,0.717,30.0,0.0
3234,43.92,0.07,0.0,0.0,13.86,0.6889,30.0,0.0
3235,42.41,2.43,0.0,0.0,9.98,0.5709,30.0,0.0
3236,40.68,3.88,0.0,0.0,6.8,0.4859,30.0,0.0
3237,38.8,1.07,0.0,0.0,7.73,0.4281,30.0,0.0
3238,36.85,3.26,0.0,0.0,3.59,0.3622,30.0,0.0
3239,36.85,4.43,0.0,0.0,2.43,0.3316,30.0,0.0
3240,36.82,3.19,0.0,0.0,3.64,0.3109,30.0,0.0
3241,36.82,7.05,0.0,0.23,0.0,0.28,30.0,0.0
3242,36.82,0.7,0.0,0.0,6.12,0.2817,30.0,0.0
3243,36.82,4.22,0.0,0.0,2.6,0.2296,30.0,0.0
3244,36.82,2.25,0.0,0.0,4.57,0.2074,30.0,0.0
3245,36.82,3.21,0.0,0.0,3.61,0.1685,30.0,0.0
3246,36.82,2.41,0.0,0.0,4.42,0.1378,30.0,0.0
3247,38.77,0.44,8.31,0.0,0.02,0.1001,30.0,0.0
3248,40.65,1.43,16.15,0.0,0.0,0.1,23.07,0.0
3249,42.38,0.0,24.81,0.0,0.0,0.1,17.57,0.0
3250,43.89,1.44,30.28,0.0,0.0,0.1,12.17,0.0
3251,45.14,0.89,33.83,18.94,0.0,0.1,29.36,0.0
3252,46.06,1.31,34.6,19.85,0.0,0.2455,30.0,0.0
3253,46.63,1.93,34.27,19.57,0.0,0.398,30.0,0.0
3254,46.82,1.12,29.7,13.99,0.0,0.5484,30.0,0.0
3255,46.63,1.04,25.05,9.46,0.0,0.6559,30.0,0.0
3256,46.06,0.0,16.14,0.07,0.0,0.7286,30.0,0.0
3257,45.14,0.47,7.52,0.0,7.15,0.7292,30.0,0.0
3258,43.89,3.43,0.0,0.0,10.47,0.6683,30.0,0.0
3259,42.38,4.12,0.0,0.0,8.26,0.5792,30.0,0.0
3260,40.65,2.16,0.0,0.0,8.49,0.5089,30.0,0.0
3261,38.77,2.83,0.0,0.0,5.94,0.4366,30.0,0.0
3262,36.82,1.75,0.0,0.0,5.07,0.386,30.0,0.0
3263,36.82,4.73,0.0,0.0,2.09,0.3428,30.0,0.0
3264,36.79,4.07,0.0,0.0,2.73,0.325,30.0,0.0
3265,36.79,5.77,0.0,0.0,1.03,0.3018,30.0,0.0
3266,36.79,1.77,0.0,0.0,5.03,0.293,30.0,0.0
3267,36.79,2.24,0.0,0.0,4.56,0.2502,30.0,0.0
3268,36.79,2.79,0.0,0.0,4.01,0.2114,30.0,0.0
3269,36.79,3.02,0.0,0.0,3.77,0.1773,30.0,0.0
3270,36.79,1.49,0.0,0.0,5.3,0.1452,30.0,0.0
3271,38.75,0.24,9.19,0.0,0.0,0.1,29.32,0.0
3272,40.62,2.31,17.03,0.0,0.0,0.1,21.28,0.0
3273,42.35,1.8,24.65,0.0,0.0,0.1,15.89,0.0
3274,43.87,0.0,30.19,6.82,0.0,0.1,20.5,0.0
3275,45.11,2.32,33.62,20.83,0.0,0.1524,30.0,0.0
3276,46.03,2.02,35.31,21.3,0.0,0.3125,30.0,0.0
3277,46.6,0.65,34.19,18.24,0.0,0.4761,30.0,0.0
3278,46.79,0.71,29.91,13.82,0.0,0.6163,30.0,0.0
3279,46.6,1.58,24.7,9.68,0.0,0.7225,30.0,0.0
3280,46.03,0.0,16.44,0.41,0.0,0.7969,30.0,0.0
3281,45.11,1.47,7.89,0.0,5.74,0.8,30.0,0.0
3282,43.87,0.0,0.0,0.0,13.87,0.7511,30.0,0.0
3283,42.35,3.34,0.0,0.0,9.01,0.6331,30.0,0.0
3284,40.62,0.33,0.0,0.0,10.29,0.5564,30.0,0.0
3285,38.75,4.81,0.0,0.0,3.93,0.4688,30.0,0.0
3286,36.79,2.52,0.0,0.0,4.28,0.4353,30.0,0.0
3287,36.79,2.82,0.0,0.0,3.98,0.3989,30.0,0.0
3288,36.76,2.28,0.0,0.0,4.49,0.365,30.0,0.0
3289,36.76,2.7,0.0,0.0,4.07,0.3268,30.0,0.0
3290,36.76,4.9,0.0,0.0,1.87,0.2922,30.0,0.0
3291,36.76,0.0,0.0,0.0,6.76,0.2763,30.0,0.0
3292,36.76,4.2,0.0,0.0,2.56,0.2187,30.0,0.0
3293,36.76,2.59,0.0,0.0,4.18,0.1969,30.0,0.0
3294,36.76,0.12,0.0,0.0,6.65,0.1613,30.0,0.0
3295,38.71,0.0,8.17,0.0,0.55,0.1047,30.0,0.0
3296,40.59,3.38,18.01,0.0,0.0,0.1,19.2,0.0
3297,42.32,0.0,24.55,0.0,0.0,0.1,17.77,0.0
3298,43.84,0.0,29.4,0.0,0.0,0.1,14.43,0.0
3299,45.08,2.0,34.4,16.89,0.0,0.1,25.56,0.0
3300,46.0,0.86,35.22,20.08,0.0,0.2298,30.0,0.0
3301,46.57,0.0,33.33,16.76,0.0,0.3841,30.0,0.0
3302,46.76,0.88,30.74,14.85,0.0,0.5128,30.0,0.0
3303,46.57,0.0,24.74,8.17,0.0,0.627,30.0,0.0
3304,46.0,2.59,16.74,3.33,0.0,0.6898,30.0,0.0
3305,45.08,2.87,8.49,0.0,3.72,0.7154,30.0,0.0
3306,43.84,2.5,0.0,0.0,11.34,0.6837,30.0,0.0
3307,42.32,2.62,0.0,0.0,9.7,0.5872,30.0,0.0
3308,40.59,4.86,0.0,0.0,5.73,0.5046,30.0,0.0
3309,38.71,2.74,0.0,0.0,5.98,0.4558,30.0,0.0
3310,36.76,1.34,0.0,0.0,5.43,0.4049,30.0,0.0
3311,36.76,3.71,0.0,0.0,3.06,0.3587,30.0,0.0
3312,36.73,5.98,0.0,0.0,0.76,0.3327,30.0,0.0
3313,36.73,1.68,0.0,0.0,5.05,0.3262,30.0,0.0
3314,36.73,2.44,0.0,0.0,4.29,0.2832,30.0,0.0
3315,36.73,3.29,0.0,0.0,3.44,0.2467,30.0,0.0
3316,36.73,2.36,0.0,0.0,4.37,0.2174,30.0,0.0
3317,36.73,0.76,0.0,0.0,5.97,0.1802,30.0,0.0
3318,36.73,3.29,0.0,0.0,3.45,0.1293,30.0,0.0
3319,38.68,4.57,8.37,0.0,0.0,0.1,25.74,0.0
3320,40.56,1.34,16.42,0.0,0.0,0.1,22.8,0.0
3321,42.29,0.0,24.03,0.0,0.0,0.1,18.25,0.0
3322,43.8,0.0,29.49,0.0,0.0,0.1,14.32,0.0
3323,45.05,0.78,33.35,18.97,0.0,0.1,29.88,0.0
3324,45.97,1.89,34.29,20.21,0.0,0.2458,30.0,0.0
3325,46.54,1.08,33.93,18.47,0.0,0.4011,30.0,0.0
3326,46.73,0.56,30.18,14.01,0.0,0.5429,30.0,0.0
3327,46.54,0.0,25.42,8.88,0.0,0.6506,30.0,0.0
3328,45.97,0.0,17.33,1.36,0.0,0.7189,30.0,0.0
3329,45.05,2.54,8.76,0.0,3.74,0.7293,30.0,0.0
3330,43.8,3.0,0.0,0.0,10.8,0.6974,30.0,0.0
3331,42.29,0.0,0.0,0.0,12.29,0.6055,30.0,0.0
3332,40.56,4.61,0.0,0.0,5.95,0.5008,30.0,0.0
3333,38.68,3.51,0.0,0.0,5.18,0.4502,30.0,0.0
3334,36.73,4.85,0.0,0.0,1.88,0.4061,30.0,0.0
3335,36.73,1.24,0.0,0.0,5.5,0.3901,30.0,0.0
3336,36.7,1.23,0.0,0.0,5.47,0.3433,30.0,0.0
3337,36.7,2.85,0.0,0.0,3.85,0.2968,30.0,0.0
3338,36.7,3.61,0.0,0.0,3.09,0.264,30.0,0.0
3339,36.7,5.16,0.0,0.0,1.54,0.2377,30.0,0.0
3340,36.7,3.39,0.0,0.0,3.31,0.2246,30.0,0.0
3341,36.7,1.76,0.0,0.0,4.94,0.1964,30.0,0.0
3342,36.7,0.33,0.0,0.0,6.37,0.1543,30.0,0.0
3343,38.65,3.07,8.73,0.0,0.0,0.1,26.86,0.0
3344,40.53,0.0,17.69,0.0,0.0,0.1,22.84,0.0
3345,42.26,3.0,25.47,0.0,0.0,0.1,13.79,0.0
3346,43.77,0.16,29.78,13.43,0.0,0.1,27.26,0.0
3347,45.02,2.59,34.0,21.57,0.0,0.2032,30.0,0.0
3348,45.94,1.3,34.86,20.22,0.0,0.3689,30.0,0.0
3349,46.51,0.23,34.85,18.57,0.0,0.5243,30.0,0.0
3350,46.7,0.0,29.77,13.07,0.0,0.667,30.0,0.0
3351,46.51,0.3,24.51,8.3,0.0,0.7674,30.0,0.0
3352,45.94,1.64,17.88,3.58,0.0,0.8313,30.0,0.0
3353,45.02,1.49,8.44,0.0,5.09,0.8588,30.0,0.0
3354,43.77,0.92,0.0,0.0,12.85,0.8154,30.0,0.0
3355,42.26,1.86,0.0,0.0,10.39,0.706,30.0,0.0
3356,40.53,2.53,0.0,0.0,8.0,0.6175,30.0,0.0
3357,38.65,0.0,0.0,0.0,8.65,0.5494,30.0,0.0
3358,36.7,3.55,0.0,0.0,3.15,0.4757,30.0,0.0
3359,36.7,1.72,0.0,0.0,4.99,0.4489,30.0,0.0
3360,36.67,1.51,0.0,0.0,5.16,0.4064,30.0,0.0
3361,36.67,0.73,0.0,0.0,5.94,0.3625,30.0,0.0
3362,36.67,0.45,0.0,0.0,6.22,0.3119,30.0,0.0
3363,36.67,0.83,0.0,0.0,5.84,0.2589,30.0,0.0
3364,36.67,1.43,0.0,0.0,5.24,0.2092,30.0,0.0
3365,36.67,4.75,0.0,0.0,1.92,0.1646,30.0,0.0
3366,36.67,1.0,0.0,0.0,5.67,0.1483,30.0,0.0
3367,38.62,1.61,7.74,0.0,0.0,0.1,29.27,0.0
3368,40.5,1.58,16.93,0.0,0.0,0.1,21.98,0.0
3369,42.23,0.0,24.18,0.0,0.0,0.1,18.05,0.0
3370,43.74,0.43,29.92,0.0,0.0,0.1,13.39,0.0
3371,44.98,0.0,34.73,14.26,0.0,0.1,24.51,0.0
3372,45.91,2.34,36.16,22.58,0.0,0.2096,30.0,0.0
3373,46.48,2.87,33.85,20.24,0.0,0.3831,30.0,0.0
3374,46.67,0.0,30.78,14.11,0.0,0.5387,30.0,0.0
3375,46.48,0.0,25.16,8.68,0.0,0.6471,30.0,0.0
3376,45.91,0.65,17.89,2.64,0.0,0.7138,30.0,0.0
3377,44.98,0.04,7.78,0.0,7.16,0.7341,30.0,0.0
3378,43.74,2.41,0.0,0.0,11.33,0.6732,30.0,0.0
3379,42.23,1.08,0.0,0.0,11.15,0.5767,30.0,0.0
3380,40.5,5.37,0.0,0.0,5.13,0.4818,30.0,0.0
3381,38.62,4.32,0.0,0.0,4.3,0.4381,30.0,0.0
3382,36.67,3.2,0.0,0.0,3.47,0.4015,30.0,0.0
3383,36.67,4.45,0.0,0.0,2.22,0.3719,30.0,0.0
3384,36.64,4.59,0.0,0.0,2.05,0.353,30.0,0.0
3385,36.64,2.25,0.0,0.0,4.38,0.3355,30.0,0.0
3386,36.64,1.77,0.0,0.0,4.87,0.2982,30.0,0.0
3387,36.64,2.78,0.0,0.0,3.86,0.2568,30.0,0.0
3388,36.64,3.57,0.0,0.0,3.07,0.2239,30.0,0.0
3389,36.64,2.25,0.0,0.0,4.39,0.1978,30.0,0.0
3390,36.64,0.0,0.0,0.0,6.64,0.1604,30.0,0.0
3391,38.59,0.25,7.88,0.0,0.46,0.1039,30.0,0.0
3392,40.46,0.92,17.22,0.0,0.0,0.1,22.33,0.0
3393,42.19,0.63,25.09,0.0,0.0,0.1,16.47,0.0
3394,43.71,3.22,31.07,0.0,0.0,0.1,9.42,0.0
3395,44.95,0.0,33.31,15.72,0.0,0.1,27.36,0.0
3396,45.88,1.03,35.27,20.42,0.0,0.2208,30.0,0.0
3397,46.45,2.42,33.29,19.27,0.0,0.3777,30.0,0.0
3398,46.64,3.63,30.55,17.54,0.0,0.5257,30.0,0.0
3399,46.45,0.18,24.99,8.73,0.0,0.6605,30.0,0.0
3400,45.88,1.69,17.03,2.84,0.0,0.7276,30.0,0.0
3401,44.95,2.13,7.55,0.0,5.27,0.7494,30.0,0.0
3402,43.71,1.97,0.0,0.0,11.74,0.7045,30.0,0.0
3403,42.19,1.92,0.0,0.0,10.27,0.6046,30.0,0.0
3404,40.46,2.99,0.0,0.0,7.48,0.5172,30.0,0.0
3405,38.59,0.0,0.0,0.0,8.59,0.4535,30.0,0.0
3406,36.64,3.82,0.0,0.0,2.81,0.3804,30.0,0.0
3407,36.64,3.2,0.0,0.0,3.44,0.3564,30.0,0.0
3408,36.61,2.75,0.0,0.0,3.85,0.3271,30.0,0.0
3409,36.61,5.81,0.0,0.0,0.79,0.2943,30.0,0.0
3410,36.61,1.95,0.0,0.0,4.65,0.2876,30.0,0.0
3411,36.61,2.11,0.0,0.0,4.5,0.2479,30.0,0.0
3412,36.61,5.1,0.0,0.0,1.5,0.2096,30.0,0.0
3413,36.61,0.9,0.0,0.0,5.7,0.1968,30.0,0.0
3414,36.61,0.94,0.0,0.0,5.67,0.1483,30.0,0.0
3415,38.56,1.13,8.74,0.0,0.0,0.1,28.68,0.0
3416,40.43,0.0,18.05,0.0,0.0,0.1,22.38,0.0
3417,42.16,1.01,24.95,0.0,0.0,0.1,16.21,0.0
3418,43.68,0.0,30.6,0.0,0.0,0.1,13.07,0.0
3419,44.92,0.0,34.75,9.07,0.0,0.1,19.24,0.0
3420,45.84,0.0,34.86,19.02,0.0,0.1697,30.0,0.0
3421,46.41,0.26,34.24,18.08,0.0,0.3158,30.0,0.0
3422,46.61,1.09,31.08,15.56,0.0,0.4548,30.0,0.0
3423,46.41,1.29,25.55,10.43,0.0,0.5743,30.0,0.0
3424,45.84,0.0,17.12,1.28,0.0,0.6545,30.0,0.0
3425,44.92,2.79,8.53,0.0,3.6,0.6643,30.0,0.0
3426,43.68,2.03,0.0,0.0,11.64,0.6337,30.0,0.0
3427,42.16,3.94,0.0,0.0,8.22,0.5345,30.0,0.0
3428,40.43,2.98,0.0,0.0,7.45,0.4645,30.0,0.0
3429,38.56,4.16,0.0,0.0,4.39,0.4011,30.0,0.0
3430,36.61,3.51,0.0,0.0,3.09,0.3637,30.0,0.0
3431,36.61,4.85,0.0,0.0,1.75,0.3374,30.0,0.0
3432,36.57,3.76,0.0,0.0,2.81,0.3225,30.0,0.0
3433,36.57,2.86,0.0,0.0,3.71,0.2985,30.0,0.0
3434,36.57,5.97,0.0,0.0,0.6,0.2669,30.0,0.0
3435,36.57,3.86,0.0,0.0,2.71,0.2618,30.0,0.0
3436,36.57,3.14,0.0,0.0,3.43,0.2387,30.0,0.0
3437,36.57,0.28,0.0,0.0,6.29,0.2095,30.0,0.0
3438,36.57,0.0,0.0,0.0,6.57,0.156,30.0,0.0
3439,38.52,0.0,8.56,0.0,0.0,0.1,29.97,0.0
3440,40.4,0.0,17.0,0.0,0.0,0.1,23.4,0.0
3441,42.13,0.0,24.69,0.0,0.0,0.1,17.43,0.0
3442,43.64,0.68,29.82,0.0,0.0,0.1,13.15,0.0
3443,44.89,2.53,34.24,18.38,0.0,0.1,26.5,0.0
3444,45.81,1.26,35.33,20.77,0.0,0.2412,30.0,0.0
3445,46.38,0.0,34.23,17.85,0.0,0.4009,30.0,0.0
3446,46.57,0.34,30.93,14.7,0.0,0.538,30.0,0.0
3447,46.38,0.0,25.48,9.1,0.0,0.651,30.0,0.0
3448,45.81,0.46,18.2,2.85,0.0,0.7209,30.0,0.0
3449,44.89,0.75,9.02,0.0,5.11,0.7428,30.0,0.0
3450,43.64,1.02,0.0,0.0,12.62,0.6992,30.0,0.0
3451,42.13,0.31,0.0,0.0,11.82,0.5918,30.0,0.0
3452,40.4,2.18,0.0,0.0,8.22,0.4911,30.0,0.0
3453,38.52,1.87,0.0,0.0,6.65,0.4212,30.0,0.0
3454,36.57,0.0,0.0,0.0,6.57,0.3646,30.0,0.0
3455,36.57,5.81,0.0,0.0,0.76,0.3086,30.0,0.0
3456,36.54,4.52,0.0,0.0,2.02,0.3021,30.0,0.0
3457,36.54,2.47,0.0,0.0,4.07,0.2849,30.0,0.0
3458,36.54,2.87,0.0,0.0,3.67,0.2503,30.0,0.0
3459,36.54,1.02,0.0,0.0,5.52,0.219,30.0,0.0
3460,36.54,4.67,0.0,0.0,1.87,0.1721,30.0,0.0
3461,36.54,4.61,0.0,0.0,1.93,0.1561,30.0,0.0
3462,36.54,1.87,0.0,0.0,4.66,0.1397,30.0,0.0
3463,38.49,2.71,8.7,0.0,0.0,0.1,27.08,0.0
3464,40.37,1.21,17.2,0.0,0.0,0.1,21.95,0.0
3465,42.09,0.0,24.07,0.0,0.0,0.1,18.03,0.0
3466,43.61,0.0,29.77,6.42,0.0,0.1,20.26,0.0
3467,44.85,0.52,34.4,20.06,0.0,0.1493,30.0,0.0
3468,45.78,0.0,36.4,20.62,0.0,0.3035,30.0,0.0
3469,46.35,0.04,33.48,17.18,0.0,0.462,30.0,0.0
3470,46.54,0.35,31.41,15.22,0.0,0.5939,30.0,0.0
3471,46.35,0.58,25.78,10.01,0.0,0.7109,30.0,0.0
3472,45.78,1.05,16.96,2.23,0.0,0.7878,30.0,0.0
3473,44.85,0.0,7.87,0.0,6.99,0.8049,30.0,0.0
3474,43.61,0.68,0.0,0.0,12.93,0.7454,30.0,0.0
3475,42.09,0.25,0.0,0.0,11.84,0.6353,30.0,0.0
3476,40.37,3.68,0.0,0.0,6.68,0.5345,30.0,0.0
3477,38.49,0.0,0.0,0.0,8.49,0.4776,30.0,0.0
3478,36.54,4.42,0.0,0.0,2.11,0.4053,30.0,0.0
3479,36.54,4.88,0.0,0.0,1.66,0.3873,30.0,0.0
3480,36.5,2.6,0.0,0.0,3.9,0.3732,30.0,0.0
3481,36.5,0.0,0.0,0.0,6.5,0.34,30.0,0.0
3482,36.5,2.34,0.0,0.0,4.17,0.2846,30.0,0.0
3483,36.5,2.53,0.0,0.0,3.98,0.2491,30.0,0.0
3484,36.5,0.95,0.0,0.0,5.56,0.2152,30.0,0.0
3485,36.5,1.29,0.0,0.0,5.21,0.1679,30.0,0.0
3486,36.5,3.74,0.0,0.0,2.76,0.1235,30.0,0.0
3487,38.45,2.2,8.26,0.0,0.0,0.1,27.99,0.0
3488,40.33,0.0,17.08,0.0,0.0,0.1,23.25,0.0
3489,42.06,0.0,25.68,0.0,0.0,0.1,16.38,0.0
3490,43.58,0.01,31.42,0.0,0.0,0.1,12.15,0.0
3491,44.82,0.03,35.17,14.56,0.0,0.1,24.18,0.0
3492,45.74,0.95,36.4,21.61,0.0,0.2119,30.0,0.0
3493,46.31,0.0,34.35,18.04,0.0,0.3779,30.0,0.0
3494,46.5,1.16,31.67,16.33,0.0,0.5166,30.0,0.0
3495,46.31,3.33,24.4,11.42,0.0,0.642,30.0,0.0
3496,45.74,2.08,17.23,3.56,0.0,0.7298,30.0,0.0
3497,44.82,1.22,8.12,0.0,5.47,0.7571,30.0,0.0
3498,43.58,1.39,0.0,0.0,12.18,0.7105,30.0,0.0
3499,42.06,1.51,0.0,0.0,10.55,0.6068,30.0,0.0
3500,40.33,3.95,0.0,0.0,6.38,0.517,30.0,0.0
3501,38.45,1.75,0.0,0.0,6.7,0.4626,30.0,0.0
3502,36.5,2.89,0.0,0.0,3.61,0.4056,30.0,0.0
3503,36.5,3.04,0.0,0.0,3.47,0.3748,30.0,0.0
3504,36.47,2.31,0.0,0.0,4.16,0.3453,30.0,0.0
3505,36.47,1.07,0.0,0.0,5.4,0.3099,30.0,0.0
3506,36.47,3.26,0.0,0.0,3.21,0.264,30.0,0.0
3507,36.47,2.52,0.0,0.0,3.95,0.2366,30.0,0.0
3508,36.47,3.0,0.0,0.0,3.47,0.203,30.0,0.0
3509,36.47,1.25,0.0,0.0,5.21,0.1734,30.0,0.0
3510,36.47,3.3,0.0,0.0,3.17,0.129,30.0,0.0
3511,38.42,0.08,8.1,0.0,0.24,0.1021,30.0,0.0
3512,40.3,3.29,16.78,0.0,0.0,0.1,20.23,0.0
3513,42.03,0.0,24.32,0.0,0.0,0.1,17.71,0.0
3514,43.54,1.04,30.7,0.0,0.0,0.1,11.8,0.0
3515,44.78,0.96,34.9,13.08,0.0,0.1,22.0,0.0
3516,45.71,0.0,35.5,19.79,0.0,0.2005,30.0,0.0
3517,46.28,0.89,34.83,19.44,0.0,0.3526,30.0,0.0
3518,46.47,2.2,30.24,15.97,0.0,0.502,30.0,0.0
3519,46.28,0.0,25.68,9.4,0.0,0.6247,30.0,0.0
3520,45.71,1.63,17.71,3.63,0.0,0.697,30.0,0.0
3521,44.78,0.0,9.41,0.0,5.37,0.7249,30.0,0.0
3522,43.54,0.31,0.0,0.0,13.23,0.6791,30.0,0.0
3523,42.03,4.22,0.0,0.0,7.81,0.5665,30.0,0.0
3524,40.3,1.52,0.0,0.0,8.78,0.5,30.0,0.0
3525,38.42,0.99,0.0,0.0,7.43,0.4252,30.0,0.0
3526,36.47,2.55,0.0,0.0,3.92,0.362,30.0,0.0
3527,36.47,5.78,0.0,0.0,0.68,0.3286,30.0,0.0
3528,36.43,0.48,0.0,0.0,5.96,0.3227,30.0,0.0
3529,36.43,1.5,0.0,0.0,4.93,0.272,30.0,0.0
3530,36.43,4.85,0.0,0.0,1.58,0.23,30.0,0.0
3531,36.43,5.13,0.0,0.0,1.31,0.2165,30.0,0.0
3532,36.43,2.16,0.0,0.0,4.27,0.2054,30.0,0.0
3533,36.43,0.27,0.0,0.0,6.16,0.169,30.0,0.0
3534,36.43,4.49,0.0,0.0,1.95,0.1166,30.0,0.0
3535,38.39,3.45,8.08,0.0,0.0,0.1,26.86,0.0
3536,40.26,0.0,17.69,0.0,0.0,0.1,22.57,0.0
3537,41.99,0.0,25.21,0.0,0.0,0.1,16.78,0.0
3538,43.51,0.36,30.39,0.0,0.0,0.1,12.75,0.0
3539,44.75,0.07,35.18,10.78,0.0,0.1,20.28,0.0
3540,45.67,0.7,35.39,20.42,0.0,0.1828,30.0,0.0
3541,46.24,2.28,34.83,20.87,0.0,0.3398,30.0,0.0
3542,46.43,1.64,30.2,15.4,0.0,0.5001,30.0,0.0
3543,46.24,0.0,24.79,8.54,0.0,0.6185,30.0,0.0
3544,45.67,2.82,18.33,5.47,0.0,0.6841,30.0,0.0
3545,44.75,1.69,9.25,0.0,3.81,0.7262,30.0,0.0
3546,43.51,2.56,0.0,0.0,10.95,0.6937,30.0,0.0
3547,41.99,3.98,0.0,0.0,8.01,0.6005,30.0,0.0
3548,40.26,0.78,0.0,0.0,9.48,0.5323,30.0,0.0
3549,38.39,2.54,0.0,0.0,5.85,0.4516,30.0,0.0
3550,36.43,2.08,0.0,0.0,4.36,0.4018,30.0,0.0
3551,36.43,0.79,0.0,0.0,5.64,0.3647,30.0,0.0
3552,36.4,3.45,0.0,0.0,2.95,0.3166,30.0,0.0
3553,36.4,6.37,0.0,0.0,0.03,0.2915,30.0,0.0
3554,36.4,0.27,0.0,0.0,6.13,0.2912,30.0,0.0
3555,36.4,2.53,0.0,0.0,3.87,0.239,30.0,0.0
3556,36.4,3.17,0.0,0.0,3.23,0.2061,30.0,0.0
3557,36.4,2.13,0.0,0.0,4.27,0.1785,30.0,0.0
3558,36.4,1.45,0.0,0.0,4.95,0.1421,30.0,0.0
3559,38.35,0.0,8.63,0.0,0.0,0.1,29.72,0.0
3560,40.23,1.24,17.68,0.0,0.0,0.1,21.31,0.0
3561,41.95,0.0,25.27,0.0,0.0,0.1,16.69,0.0
3562,43.47,0.0,30.87,0.0,0.0,0.1,12.6,0.0
3563,44.71,1.92,34.88,8.18,0.0,0.1,16.1,0.0
3564,45.64,1.55,35.46,21.37,0.0,0.1628,30.0,0.0
3565,46.21,0.35,35.44,19.58,0.0,0.3271,30.0,0.0
3566,46.4,0.73,30.7,15.03,0.0,0.4776,30.0,0.0
3567,46.21,2.11,25.3,11.2,0.0,0.5931,30.0,0.0
3568,45.64,1.23,17.47,3.06,0.0,0.6792,30.0,0.0
3569,44.71,2.49,8.1,0.0,4.12,0.7027,30.0,0.0
3570,43.47,1.2,0.0,0.0,12.27,0.6676,30.0,0.0
3571,41.95,3.75,0.0,0.0,8.2,0.5631,30.0,0.0
3572,40.23,2.73,0.0,0.0,7.5,0.4933,30.0,0.0
3573,38.35,2.84,0.0,0.0,5.51,0.4294,30.0,0.0
3574,36.4,1.05,0.0,0.0,5.35,0.3825,30.0,0.0
3575,36.4,3.32,0.0,0.0,3.08,0.337,30.0,0.0
3576,36.36,1.82,0.0,0.0,4.54,0.3107,30.0,0.0
3577,36.36,2.04,0.0,0.0,4.32,0.2721,30.0,0.0
3578,36.36,1.66,0.0,0.0,4.7,0.2352,30.0,0.0
3579,36.36,1.1,0.0,0.0,5.26,0.1952,30.0,0.0
3580,36.36,5.18,0.0,0.0,1.18,0.1504,30.0,0.0
3581,36.36,3.77,0.0,0.0,2.6,0.1403,30.0,0.0
3582,36.36,4.22,0.0,0.0,2.14,0.1182,30.0,0.0
3583,38.31,0.0,8.35,0.0,0.0,0.1,29.96,0.0
3584,40.19,1.0,17.73,0.0,0.0,0.1,21.46,0.0
3585,41.92,0.0,25.53,0.0,0.0,0.1,16.38,0.0
3586,43.43,0.0,31.39,0.0,0.0,0.1,12.05,0.0
3587,44.68,0.0,34.94,7.42,0.0,0.1,17.15,0.0
3588,45.6,1.92,35.75,22.07,0.0,0.157,30.0,0.0
3589,46.17,0.0,34.45,18.28,0.0,0.3266,30.0,0.0
3590,46.36,1.87,30.62,16.13,0.0,0.467,30.0,0.0
3591,46.17,1.45,25.97,11.25,0.0,0.5909,30.0,0.0
3592,45.6,4.06,17.32,5.77,0.0,0.6773,30.0,0.0
3593,44.68,0.0,8.44,0.0,6.24,0.7217,30.0,0.0
3594,43.43,3.31,0.0,0.0,10.12,0.6686,30.0,0.0
3595,41.92,3.51,0.0,0.0,8.4,0.5824,30.0,0.0
3596,40.19,0.94,0.0,0.0,9.25,0.5109,30.0,0.0
3597,38.31,3.94,0.0,0.0,4.38,0.4321,30.0,0.0
3598,36.36,3.24,0.0,0.0,3.13,0.3949,30.0,0.0
3599,36.36,2.6,0.0,0.0,3.76,0.3682,30.0,0.0
3600,36.33,1.82,0.0,0.0,4.51,0.3362,30.0,0.0
3601,36.33,1.92,0.0,0.0,4.41,0.2978,30.0,0.0
3602,36.33,5.57,0.0,0.0,0.76,0.2603,30.0,0.0
3603,36.33,2.55,0.0,0.0,3.78,0.2538,30.0,0.0
3604,36.33,3.33,0.0,0.0,2.99,0.2217,30.0,0.0
3605,36.33,0.85,0.0,0.0,5.48,0.1962,30.0,0.0
3606,36.33,0.51,0.0,0.0,5.82,0.1495,30.0,0.0
3607,38.28,2.71,8.59,0.0,0.0,0.1,26.99,0.0
3608,40.15,0.0,17.33,0.0,0.0,0.1,22.83,0.0
3609,41.88,0.04,24.26,0.0,0.0,0.1,17.59,0.0
3610,43.4,0.44,30.2,0.0,0.0,0.1,12.76,0.0
3611,44.64,0.41,33.82,16.19,0.0,0.1,26.6,0.0
3612,45.57,0.0,35.63,20.06,0.0,0.2244,30.0,0.0
3613,46.13,0.8,34.38,19.04,0.0,0.3786,30.0,0.0
3614,46.33,1.34,30.62,15.63,0.0,0.5249,30.0,0.0
3615,46.13,1.62,25.95,11.43,0.0,0.645,30.0,0.0
3616,45.57,0.0,17.92,2.36,0.0,0.7329,30.0,0.0
3617,44.64,0.83,9.06,0.0,4.75,0.751,30.0,0.0
3618,43.4,3.21,0.0,0.0,10.18,0.7106,30.0,0.0
3619,41.88,3.16,0.0,0.0,8.73,0.6239,30.0,0.0
3620,40.15,0.38,0.0,0.0,9.77,0.5496,30.0,0.0
3621,38.28,3.03,0.0,0.0,5.25,0.4664,30.0,0.0
3622,36.33,0.06,0.0,0.0,6.27,0.4217,30.0,0.0
3623,36.33,2.96,0.0,0.0,3.36,0.3683,30.0,0.0
3624,36.29,5.53,0.0,0.0,0.76,0.3396,30.0,0.0
3625,36.29,1.59,0.0,0.0,4.7,0.3332,30.0,0.0
3626,36.29,1.61,0.0,0.0,4.68,0.2932,30.0,0.0
3627,36.29,3.58,0.0,0.0,2.71,0.2533,30.0,0.0
3628,36.29,0.14,0.0,0.0,6.15,0.2302,30.0,0.0
3629,36.29,1.05,0.0,0.0,5.24,0.1779,30.0,0.0
3630,36.29,2.38,0.0,0.0,3.91,0.1333,30.0,0.0
3631,38.24,0.0,9.21,0.0,0.0,0.1,29.03,0.0
3632,40.12,0.56,18.42,0.0,0.0,0.1,21.14,0.0
3633,41.85,1.62,24.93,0.0,0.0,0.1,15.3,0.0
3634,43.36,0.96,31.7,0.0,0.0,0.1,10.7,0.0
3635,44.6,0.61,35.05,20.71,0.0,0.1,29.66,0.0
3636,45.53,0.0,35.54,20.02,0.0,0.2592,30.0,0.0
3637,46.1,0.75,34.23,18.88,0.0,0.413,30.0,0.0
3638,46.29,0.21,30.16,14.08,0.0,0.5581,30.0,0.0
3639,46.1,1.22,24.38,9.51,0.0,0.6663,30.0,0.0
3640,45.53,0.2,17.48,2.15,0.0,0.7393,30.0,0.0
3641,44.6,0.96,7.78,0.0,5.86,0.7559,30.0,0.0
3642,43.36,0.21,0.0,0.0,13.15,0.7059,30.0,0.0
3643,41.85,1.87,0.0,0.0,9.97,0.5939,30.0,0.0
3644,40.12,1.14,0.0,0.0,8.98,0.509,30.0,0.0
3645,38.24,1.01,0.0,0.0,7.23,0.4326,30.0,0.0
3646,36.29,3.11,0.0,0.0,3.18,0.371,30.0,0.0
3647,36.29,3.18,0.0,0.0,3.11,0.3439,30.0,0.0
3648,36.25,3.99,0.0,0.0,2.26,0.3174,30.0,0.0
3649,36.25,2.29,0.0,0.0,3.97,0.2982,30.0,0.0
3650,36.25,3.3,0.0,0.0,2.95,0.2644,30.0,0.0
3651,36.25,3.28,0.0,0.0,2.98,0.2392,30.0,0.0
3652,36.25,2.85,0.0,0.0,3.41,0.2139,30.0,0.0
3653,36.25,0.78,0.0,0.0,5.48,0.1849,30.0,0.0
3654,36.25,1.76,0.0,0.0,4.49,0.1383,30.0,0.0
3655,38.2,0.0,8.4,0.0,0.0,0.1,29.81,0.0
3656,40.08,0.88,17.14,0.0,0.0,0.1,22.07,0.0
3657,41.81,0.0,24.38,0.0,0.0,0.1,17.43,0.0
3658,43.32,0.59,31.33,0.0,0.0,0.1,11.4,0.0
3659,44.57,3.26,34.96,6.88,0.0,0.1,13.22,0.0
3660,45.49,0.0,35.91,20.41,0.0,0.1528,30.0,0.0
3661,46.06,0.0,35.2,19.14,0.0,0.3097,30.0,0.0
3662,46.25,0.88,30.95,15.58,0.0,0.4568,30.0,0.0
3663,46.06,1.01,25.46,10.41,0.0,0.5765,30.0,0.0
3664,45.49,2.5,16.73,3.74,0.0,0.6564,30.0,0.0
3665,44.57,0.0,8.98,0.0,5.59,0.6852,30.0,0.0
3666,43.32,2.56,0.0,0.0,10.77,0.6376,30.0,0.0
3667,41.81,2.72,0.0,0.0,9.09,0.5459,30.0,0.0
3668,40.08,2.04,0.0,0.0,8.04,0.4685,30.0,0.0
3669,38.2,2.99,0.0,0.0,5.22,0.4001,30.0,0.0
3670,36.25,4.15,0.0,0.0,2.1,0.3556,30.0,0.0
3671,36.25,4.07,0.0,0.0,2.18,0.3377,30.0,0.0
3672,36.22,1.35,0.0,0.0,4.87,0.3191,30.0,0.0
3673,36.22,3.99,0.0,0.0,2.23,0.2777,30.0,0.0
3674,36.22,2.64,0.0,0.0,3.58,0.2587,30.0,0.0
3675,36.22,2.61,0.0,0.0,3.61,0.2282,30.0,0.0
3676,36.22,2.33,0.0,0.0,3.89,0.1975,30.0,0.0
3677,36.22,1.69,0.0,0.0,4.52,0.1644,30.0,0.0
3678,36.22,3.17,0.0,0.0,3.04,0.1259,30.0,0.0
3679,38.17,1.07,9.02,0.0,0.0,0.1,28.07,0.0
3680,40.04,0.0,17.38,0.0,0.0,0.1,22.67,0.0
3681,41.77,0.03,25.16,0.0,0.0,0.1,16.57,0.0
3682,43.29,0.6,31.53,0.0,0.0,0.1,11.16,0.0
3683,44.53,1.9,35.42,0.0,0.0,0.1,7.21,0.0
3684,45.45,1.0,36.3,20.76,0.0,0.1,28.91,0.0
3685,46.02,0.0,35.11,19.08,0.0,0.2595,30.0,0.0
3686,46.22,3.76,31.34,18.88,0.0,0.4061,30.0,0.0
3687,46.02,0.94,24.62,9.53,0.0,0.5512,30.0,0.0
3688,45.45,2.6,17.48,4.63,0.0,0.6245,30.0,0.0
3689,44.53,0.98,7.75,0.0,5.8,0.6601,30.0,0.0
3690,43.29,2.27,0.0,0.0,11.01,0.6107,30.0,0.0
3691,41.77,3.05,0.0,0.0,8.73,0.5169,30.0,0.0
3692,40.04,3.89,0.0,0.0,6.15,0.4426,30.0,0.0
3693,38.17,3.96,0.0,0.0,4.21,0.3903,30.0,0.0
3694,36.22,3.92,0.0,0.0,2.29,0.3544,30.0,0.0
3695,36.22,2.43,0.0,0.0,3.78,0.3349,30.0,0.0
3696,36.18,2.12,0.0,0.0,4.06,0.3027,30.0,0.0
3697,36.18,3.31,0.0,0.0,2.87,0.2681,30.0,0.0
3698,36.18,3.99,0.0,0.0,2.18,0.2437,30.0,0.0
3699,36.18,2.19,0.0,0.0,3.98,0.2251,30.0,0.0
3700,36.18,3.67,0.0,0.0,2.5,0.1912,30.0,0.0
3701,36.18,3.87,0.0,0.0,2.3,0.1699,30.0,0.0
3702,36.18,0.28,0.0,0.0,5.9,0.1503,30.0,0.0
3703,38.13,0.03,8.1,0.0,0.0,0.1,30.0,0.0
3704,40.0,0.65,17.13,0.0,0.0,0.1,22.23,0.0
3705,41.73,0.98,24.67,0.0,0.0,0.1,16.08,0.0
3706,43.25,0.0,30.56,0.0,0.0,0.1,12.69,0.0
3707,44.49,2.06,34.1,5.88,0.0,0.1,14.21,0.0
3708,45.42,0.74,35.39,20.72,0.0,0.1452,30.0,0.0
3709,45.99,0.26,34.23,18.5,0.0,0.3044,30.0,0.0
3710,46.18,0.0,31.58,15.4,0.0,0.4466,30.0,0.0
3711,45.99,0.0,24.53,8.54,0.0,0.5649,30.0,0.0
3712,45.42,1.23,17.59,3.41,0.0,0.6305,30.0,0.0
3713,44.49,0.0,9.32,0.0,5.17,0.6567,30.0,0.0
3714,43.25,2.92,0.0,0.0,10.33,0.6127,30.0,0.0
3715,41.73,1.67,0.0,0.0,10.06,0.5248,30.0,0.0
3716,40.0,6.66,0.0,0.0,3.35,0.4391,30.0,0.0
3717,38.13,5.66,0.0,0.0,2.47,0.4105,30.0,0.0
3718,36.18,2.47,0.0,0.0,3.71,0.3895,30.0,0.0
3719,36.18,2.71,0.0,0.0,3.47,0.3579,30.0,0.0
3720,36.14,4.25,0.0,0.0,1.89,0.3284,30.0,0.0
3721,36.14,5.17,0.0,0.0,0.97,0.3123,30.0,0.0
3722,36.14,0.46,0.0,0.0,5.68,0.3041,30.0,0.0
3723,36.14,0.04,0.0,0.0,6.1,0.2557,30.0,0.0
3724,36.14,1.35,0.0,0.0,4.79,0.2038,30.0,0.0
3725,36.14,2.67,0.0,0.0,3.47,0.1631,30.0,0.0
3726,36.14,2.2,0.0,0.0,3.94,0.1335,30.0,0.0
3727,38.09,2.63,9.36,0.0,0.0,0.1,26.1,0.0
3728,39.97,0.0,9.97,0.0,0.0,0.1,30.0,0.0
3729,41.7,0.0,25.3,0.0,0.0,0.1,16.39,0.0
3730,43.21,1.51,30.94,0.0,0.0,0.1,10.76,0.0
3731,44.45,0.0,35.46,18.54,0.0,0.1,27.53,0.0
3732,45.38,0.0,36.75,21.37,0.0,0.2424,30.0,0.0
3733,45.95,0.4,34.47,18.92,0.0,0.4067,30.0,0.0
3734,46.14,1.42,30.36,15.64,0.0,0.552,30.0,0.0
3735,45.95,0.38,26.19,10.62,0.0,0.6723,30.0,0.0
3736,45.38,0.21,17.09,1.92,0.0,0.7539,30.0,0.0
3737,44.45,0.95,9.57,0.0,3.94,0.7686,30.0,0.0
3738,43.21,1.01,0.0,0.0,12.2,0.7351,30.0,0.0
3739,41.7,0.03,0.0,0.0,11.67,0.6312,30.0,0.0
3740,39.97,1.23,0.0,0.0,8.74,0.5319,30.0,0.0
3741,38.09,3.2,0.0,0.0,4.89,0.4574,30.0,0.0
3742,36.14,3.15,0.0,0.0,2.99,0.4158,30.0,0.0
3743,36.14,3.07,0.0,0.0,3.07,0.3903,30.0,0.0
3744,36.1,1.52,0.0,0.0,4.59,0.3642,30.0,0.0
3745,36.1,2.58,0.0,0.0,3.52,0.3252,30.0,0.0
3746,36.1,0.0,0.0,0.0,6.1,0.2952,30.0,0.0
3747,36.1,2.72,0.0,0.0,3.38,0.2433,30.0,0.0
3748,36.1,4.15,0.0,0.0,1.95,0.2145,30.0,0.0
3749,36.1,0.0,0.0,0.0,6.1,0.1979,30.0,0.0
3750,36.1,0.71,0.0,0.0,5.39,0.1459,30.0,0.0
3751,38.05,0.0,8.31,0.0,0.0,0.1,29.74,0.0
3752,39.93,2.54,18.38,0.0,0.0,0.1,19.01,0.0
3753,41.66,0.0,25.46,0.0,0.0,0.1,16.2,0.0
3754,43.17,0.0,30.58,0.0,0.0,0.1,12.6,0.0
3755,44.42,0.0,35.09,8.77,0.0,0.1,18.1,0.0
3756,45.34,0.28,36.97,21.91,0.0,0.1674,30.0,0.0
3757,45.91,2.98,35.77,22.85,0.0,0.3358,30.0,0.0
3758,46.1,0.7,30.41,15.01,0.0,0.5114,30.0,0.0
3759,45.91,0.51,24.68,9.29,0.0,0.6267,30.0,0.0
3760,45.34,1.27,17.31,3.24,0.0,0.6981,30.0,0.0
3761,44.42,1.14,9.58,0.0,3.7,0.723,30.0,0.0
3762,43.17,0.4,0.0,0.0,12.78,0.6915,30.0,0.0
3763,41.66,2.99,0.0,0.0,8.67,0.5827,30.0,0.0
3764,39.93,2.5,0.0,0.0,7.43,0.5089,30.0,0.0
3765,38.05,2.5,0.0,0.0,5.55,0.4457,30.0,0.0
3766,36.1,1.36,0.0,0.0,4.74,0.3985,30.0,0.0
3767,36.1,4.62,0.0,0.0,1.48,0.3581,30.0,0.0
3768,36.06,3.78,0.0,0.0,2.28,0.3454,30.0,0.0
3769,36.06,2.06,0.0,0.0,4.0,0.326,30.0,0.0
3770,36.06,4.06,0.0,0.0,2.01,0.292,30.0,0.0
3771,36.06,1.79,0.0,0.0,4.28,0.2749,30.0,0.0
3772,36.06,1.11,0.0,0.0,4.95,0.2385,30.0,0.0
3773,36.06,0.81,0.0,0.0,5.25,0.1963,30.0,0.0
3774,36.06,0.0,0.0,0.0,6.06,0.1516,30.0,0.0
3775,38.01,0.0,8.53,0.0,0.0,0.1,29.48,0.0
3776,39.89,0.0,18.46,0.0,0.0,0.1,21.43,0.0
3777,41.62,0.0,24.95,0.0,0.0,0.1,16.67,0.0
3778,43.13,0.0,32.04,0.0,0.0,0.1,11.1,0.0
3779,44.38,0.06,34.79,13.31,0.0,0.1,22.84,0.0
3780,45.3,0.0,37.02,21.72,0.0,0.2023,30.0,0.0
3781,45.87,0.0,34.37,18.5,0.0,0.3692,30.0,0.0
3782,46.06,0.0,30.33,14.26,0.0,0.5113,30.0,0.0
3783,45.87,0.0,26.11,10.24,0.0,0.621,30.0,0.0
3784,45.3,1.45,16.91,3.06,0.0,0.6996,30.0,0.0
3785,44.38,0.39,8.14,0.0,5.85,0.7232,30.0,0.0
3786,43.13,1.93,0.0,0.0,11.2,0.6734,30.0,0.0
3787,41.62,0.64,0.0,0.0,10.98,0.578,30.0,0.0
3788,39.89,2.43,0.0,0.0,7.46,0.4845,30.0,0.0
3789,38.01,4.25,0.0,0.0,3.76,0.421,30.0,0.0
3790,36.06,3.49,0.0,0.0,2.57,0.389,30.0,0.0
3791,36.06,2.26,0.0,0.0,3.81,0.3671,30.0,0.0
3792,36.02,3.21,0.0,0.0,2.81,0.3347,30.0,0.0
3793,36.02,2.48,0.0,0.0,3.54,0.3107,30.0,0.0
3794,36.02,2.69,0.0,0.0,3.34,0.2806,30.0,0.0
3795,36.02,2.01,0.0,0.0,4.01,0.2522,30.0,0.0
3796,36.02,1.95,0.0,0.0,4.07,0.218,30.0,0.0
3797,36.02,2.13,0.0,0.0,3.89,0.1833,30.0,0.0
3798,36.02,0.13,0.0,0.0,5.89,0.1502,30.0,0.0
3799,37.97,0.0,8.4,0.0,0.0,0.1,29.57,0.0
3800,39.85,0.0,17.49,0.0,0.0,0.1,22.36,0.0
3801,41.58,0.0,24.64,0.0,0.0,0.1,16.93,0.0
3802,43.09,0.0,31.8,0.0,0.0,0.1,11.3,0.0
3803,44.34,0.38,34.45,16.88,0.0,0.1,26.38,0.0
3804,45.26,0.0,35.5,20.24,0.0,0.2297,30.0,0.0
3805,45.83,0.87,35.79,20.83,0.0,0.3852,30.0,0.0
3806,46.02,0.35,31.38,15.71,0.0,0.5453,30.0,0.0
3807,45.83,0.0,25.61,9.78,0.0,0.666,30.0,0.0
3808,45.26,1.7,18.52,4.96,0.0,0.7411,30.0,0.0
3809,44.34,2.25,8.17,0.0,3.92,0.7792,30.0,0.0
3810,43.09,0.13,0.0,0.0,12.97,0.7458,30.0,0.0
3811,41.58,2.42,0.0,0.0,9.16,0.6354,30.0,0.0
3812,39.85,1.0,0.0,0.0,8.85,0.5574,30.0,0.0
3813,37.97,2.59,0.0,0.0,5.38,0.4821,30.0,0.0
3814,36.02,0.94,0.0,0.0,5.08,0.4362,30.0,0.0
3815,36.02,0.36,0.0,0.0,5.67,0.393,30.0,0.0
3816,35.98,2.32,0.0,0.0,3.66,0.3447,30.0,0.0
3817,35.98,2.63,0.0,0.0,3.35,0.3136,30.0,0.0
3818,35.98,2.12,0.0,0.0,3.86,0.2851,30.0,0.0
3819,35.98,0.83,0.0,0.0,5.16,0.2522,30.0,0.0
3820,35.98,1.62,0.0,0.0,4.37,0.2083,30.0,0.0
3821,35.98,2.2,0.0,0.0,3.78,0.1711,30.0,0.0
3822,35.98,1.42,0.0,0.0,4.57,0.1389,30.0,0.0
3823,37.93,1.38,8.26,0.0,0.0,0.1,28.29,0.0
3824,39.81,0.0,18.0,0.0,0.0,0.1,21.82,0.0
3825,41.54,2.12,24.91,0.0,0.0,0.1,14.51,0.0
3826,43.06,0.0,31.14,0.0,0.0,0.1,11.92,0.0
3827,44.3,0.82,34.06,5.62,0.0,0.1,15.03,0.0
3828,45.22,1.73,36.28,22.79,0.0,0.1432,30.0,0.0
3829,45.79,0.82,35.67,20.7,0.0,0.3183,30.0,0.0
3830,45.98,0.02,31.01,15.04,0.0,0.4773,30.0,0.0
3831,45.79,0.0,25.45,9.66,0.0,0.5929,30.0,0.0
3832,45.22,2.21,17.96,4.95,0.0,0.6672,30.0,0.0
3833,44.3,0.0,8.49,0.0,5.81,0.7052,30.0,0.0
3834,43.06,0.15,0.0,0.0,12.9,0.6558,30.0,0.0
3835,41.54,1.29,0.0,0.0,10.25,0.5459,30.0,0.0
3836,39.81,3.86,0.0,0.0,5.95,0.4586,30.0,0.0
3837,37.93,2.97,0.0,0.0,4.97,0.408,30.0,0.0
3838,35.98,1.34,0.0,0.0,4.64,0.3657,30.0,0.0
3839,35.98,2.38,0.0,0.0,3.61,0.3261,30.0,0.0
3840,35.94,2.0,0.0,0.0,3.95,0.2954,30.0,0.0
3841,35.94,1.82,0.0,0.0,4.12,0.2618,30.0,0.0
3842,35.94,4.0,0.0,0.0,1.95,0.2267,30.0,0.0
3843,35.94,0.56,0.0,0.0,5.38,0.2101,30.0,0.0
3844,35.94,4.36,0.0,0.0,1.59,0.1643,30.0,0.0
3845,35.94,2.96,0.0,0.0,2.99,0.1508,30.0,0.0
3846,35.94,2.96,0.0,0.0,2.98,0.1254,30.0,0.0
3847,37.9,0.48,7.95,0.0,0.0,0.1,29.46,0.0
3848,39.77,0.0,17.09,0.0,0.0,0.1,22.68,0.0
3849,41.5,0.0,25.42,0.0,0.0,0.1,16.08,0.0
3850,43.02,0.0,30.43,0.0,0.0,0.1,12.58,0.0
3851,44.26,0.82,34.48,10.24,0.0,0.1,19.19,0.0
3852,45.18,1.88,36.38,23.07,0.0,0.1787,30.0,0.0
3853,45.75,0.0,34.26,18.51,0.0,0.356,30.0,0.0
3854,45.94,0.0,31.22,15.27,0.0,0.4983,30.0,0.0
3855,45.75,0.3,25.25,9.79,0.0,0.6156,30.0,0.0
3856,45.18,0.0,18.39,3.21,0.0,0.6909,30.0,0.0
3857,44.26,1.93,7.96,0.0,4.38,0.7155,30.0,0.0
3858,43.02,0.48,0.0,0.0,12.54,0.6783,30.0,0.0
3859,41.5,1.56,0.0,0.0,9.94,0.5715,30.0,0.0
3860,39.77,1.54,0.0,0.0,8.23,0.4869,30.0,0.0
3861,37.9,1.36,0.0,0.0,6.54,0.4168,30.0,0.0
3862,35.94,2.65,0.0,0.0,3.3,0.3611,30.0,0.0
3863,35.94,2.5,0.0,0.0,3.45,0.333,30.0,0.0
3864,35.9,2.32,0.0,0.0,3.58,0.3037,30.0,0.0
3865,35.9,1.79,0.0,0.0,4.12,0.2732,30.0,0.0
3866,35.9,3.09,0.0,0.0,2.82,0.2381,30.0,0.0
3867,35.9,4.69,0.0,0.0,1.21,0.2141,30.0,0.0
3868,35.9,2.34,0.0,0.0,3.57,0.2038,30.0,0.0
3869,35.9,3.18,0.0,0.0,2.72,0.1735,30.0,0.0
3870,35.9,0.0,0.0,0.0,5.9,0.1503,30.0,0.0
3871,37.86,1.32,8.88,0.0,0.0,0.1,27.65,0.0
3872,39.73,0.0,16.85,0.0,0.0,0.1,22.88,0.0
3873,41.46,0.0,25.9,0.0,0.0,0.1,15.56,0.0
3874,42.98,0.0,30.88,0.0,0.0,0.1,12.1,0.0
3875,44.22,1.77,34.94,14.18,0.0,0.1,21.68,0.0
3876,45.14,1.39,36.18,22.43,0.0,0.209,30.0,0.0
3877,45.71,0.47,34.17,18.93,0.0,0.3813,30.0,0.0
3878,45.9,0.0,30.62,14.72,0.0,0.5268,30.0,0.0
3879,45.71,0.23,24.73,9.24,0.0,0.6399,30.0,0.0
3880,45.14,1.19,18.51,4.56,0.0,0.7109,30.0,0.0
3881,44.22,1.35,7.79,0.0,5.08,0.7459,30.0,0.0
3882,42.98,0.0,0.0,0.0,12.98,0.7026,30.0,0.0
3883,41.46,0.6,0.0,0.0,10.86,0.5921,30.0,0.0
3884,39.73,2.06,0.0,0.0,7.67,0.4996,30.0,0.0
3885,37.86,3.16,0.0,0.0,4.69,0.4343,30.0,0.0
3886,35.9,0.0,0.0,0.0,5.9,0.3943,30.0,0.0
3887,35.9,2.56,0.0,0.0,3.34,0.3441,30.0,0.0
3888,35.86,3.02,0.0,0.0,2.85,0.3156,30.0,0.0
3889,35.86,3.94,0.0,0.0,1.92,0.2914,30.0,0.0
3890,35.86,3.59,0.0,0.0,2.28,0.275,30.0,0.0
3891,35.86,3.22,0.0,0.0,2.64,0.2556,30.0,0.0
3892,35.86,1.04,0.0,0.0,4.82,0.2331,30.0,0.0
3893,35.86,0.0,0.0,0.0,5.86,0.1921,30.0,0.0
3894,35.86,0.92,0.0,0.0,4.95,0.1421,30.0,0.0
3895,37.81,2.47,8.19,0.0,0.0,0.1,27.15,0.0
3896,39.69,2.68,18.52,0.0,0.0,0.1,18.49,0.0
3897,41.42,1.46,25.61,0.0,0.0,0.1,14.35,0.0
3898,42.94,0.86,31.88,0.0,0.0,0.1,10.2,0.0
3899,44.18,0.65,35.48,3.46,0.0,0.1,11.5,0.0
3900,45.1,0.0,36.47,21.36,0.0,0.1266,30.0,0.0
3901,45.67,0.0,35.86,20.19,0.0,0.2907,30.0,0.0
3902,45.86,2.55,31.1,17.79,0.0,0.4459,30.0,0.0
3903,45.67,0.0,25.97,10.3,0.0,0.5826,30.0,0.0
3904,45.1,2.98,18.46,6.34,0.0,0.6617,30.0,0.0
3905,44.18,0.66,8.8,0.0,4.72,0.7104,30.0,0.0
3906,42.94,3.27,0.0,0.0,9.67,0.6702,30.0,0.0
3907,41.42,0.0,0.0,0.0,11.42,0.5879,30.0,0.0
3908,39.69,2.94,0.0,0.0,6.75,0.4907,30.0,0.0
3909,37.81,1.41,0.0,0.0,6.4,0.4332,30.0,0.0
3910,35.86,0.7,0.0,0.0,5.16,0.3787,30.0,0.0
3911,35.86,3.08,0.0,0.0,2.79,0.3347,30.0,0.0
3912,35.82,4.2,0.0,0.0,1.63,0.311,30.0,0.0
3913,35.82,1.61,0.0,0.0,4.21,0.2972,30.0,0.0
3914,35.82,0.58,0.0,0.0,5.24,0.2613,30.0,0.0
3915,35.82,2.29,0.0,0.0,3.54,0.2166,30.0,0.0
3916,35.82,2.01,0.0,0.0,3.81,0.1865,30.0,0.0
3917,35.82,2.55,0.0,0.0,3.27,0.1541,30.0,0.0
3918,35.82,2.75,0.0,0.0,3.08,0.1262,30.0,0.0
3919,37.77,1.01,9.55,0.0,0.0,0.1,27.22,0.0
3920,39.65,3.3,17.6,0.0,0.0,0.1,18.74,0.0
3921,41.38,0.78,26.17,0.0,0.0,0.1,14.42,0.0
3922,42.89,0.0,31.13,0.0,0.0,0.1,11.77,0.0
3923,44.14,0.0,35.66,0.0,0.0,0.1,8.48,0.0
3924,45.06,0.0,35.97,20.87,0.0,0.1,29.97,0.0
3925,45.63,0.0,35.29,19.66,0.0,0.2604,30.0,0.0
3926,45.82,1.57,30.88,16.63,0.0,0.4115,30.0,0.0
3927,45.63,1.11,25.98,11.46,0.0,0.5393,30.0,0.0
3928,45.06,0.0,17.41,2.34,0.0,0.6273,30.0,0.0
3929,44.14,1.33,7.83,0.0,4.98,0.6454,30.0,0.0
3930,42.89,2.37,0.0,0.0,10.53,0.6029,30.0,0.0
3931,41.38,3.89,0.0,0.0,7.49,0.5133,30.0,0.0
3932,39.65,3.35,0.0,0.0,6.3,0.4495,30.0,0.0
3933,37.77,3.46,0.0,0.0,4.32,0.3958,30.0,0.0
3934,35.82,2.71,0.0,0.0,3.11,0.3591,30.0,0.0
3935,35.82,3.3,0.0,0.0,2.52,0.3326,30.0,0.0
3936,35.78,4.52,0.0,0.0,1.26,0.3111,30.0,0.0
3937,35.78,0.94,0.0,0.0,4.85,0.3003,30.0,0.0
3938,35.78,2.15,0.0,0.0,3.64,0.2591,30.0,0.0
3939,35.78,1.35,0.0,0.0,4.43,0.2281,30.0,0.0
3940,35.78,2.64,0.0,0.0,3.14,0.1903,30.0,0.0
3941,35.78,3.48,0.0,0.0,2.31,0.1636,30.0,0.0
3942,35.78,0.62,0.0,0.0,5.16,0.144,30.0,0.0
3943,37.73,0.0,8.07,0.0,0.0,0.1,29.67,0.0
3944,39.61,0.19,17.42,0.0,0.0,0.1,22.0,0.0
3945,41.34,1.72,26.05,0.0,0.0,0.1,13.57,0.0
3946,42.85,0.99,32.21,0.0,0.0,0.1,9.66,0.0
3947,44.1,0.7,35.53,0.0,0.0,0.1,7.86,0.0
3948,45.02,0.0,35.94,18.93,0.0,0.1,28.02,0.0
3949,45.59,0.0,35.17,19.58,0.0,0.2455,30.0,0.0
3950,45.78,0.96,31.28,16.45,0.0,0.3959,30.0,0.0
3951,45.59,0.0,25.35,9.76,0.0,0.5223,30.0,0.0
3952,45.02,3.74,18.19,6.92,0.0,0.5974,30.0,0.0
3953,44.1,1.86,9.33,0.0,2.9,0.6505,30.0,0.0
3954,42.85,0.64,0.0,0.0,12.21,0.6258,30.0,0.0
3955,41.34,0.96,0.0,0.0,10.38,0.5218,30.0,0.0
3956,39.61,2.0,0.0,0.0,7.61,0.4334,30.0,0.0
3957,37.73,2.08,0.0,0.0,5.66,0.3686,30.0,0.0
3958,35.78,4.15,0.0,0.0,1.63,0.3204,30.0,0.0
3959,35.78,3.02,0.0,0.0,2.77,0.3066,30.0,0.0
3960,35.74,1.8,0.0,0.0,3.94,0.283,30.0,0.0
3961,35.74,5.34,0.0,0.0,0.4,0.2494,30.0,0.0
3962,35.74,2.68,0.0,0.0,3.06,0.246,30.0,0.0
3963,35.74,3.45,0.0,0.0,2.29,0.22,30.0,0.0
3964,35.74,1.28,0.0,0.0,4.46,0.2005,30.0,0.0
3965,35.74,2.28,0.0,0.0,3.46,0.1625,30.0,0.0
3966,35.74,1.86,0.0,0.0,3.88,0.1331,30.0,0.0
3967,37.69,0.0,9.32,0.0,0.0,0.1,28.38,0.0
3968,39.57,3.51,18.61,0.0,0.0,0.1,17.45,0.0
3969,41.3,2.23,26.02,0.0,0.0,0.1,13.05,0.0
3970,42.81,0.0,31.44,0.0,0.0,0.1,11.37,0.0
3971,44.06,0.0,35.02,0.0,0.0,0.1,9.03,0.0
3972,44.98,0.54,36.97,17.77,0.0,0.1,25.25,0.0
3973,45.55,0.23,34.68,19.35,0.0,0.2366,30.0,0.0
3974,45.74,0.73,31.29,16.28,0.0,0.3853,30.0,0.0
3975,45.55,0.73,25.24,10.42,0.0,0.5104,30.0,0.0
3976,44.98,1.44,18.05,4.5,0.0,0.5905,30.0,0.0
3977,44.06,3.06,9.28,0.0,1.72,0.6251,30.0,0.0
3978,42.81,2.21,0.0,0.0,10.6,0.6104,30.0,0.0
3979,41.3,0.35,0.0,0.0,10.95,0.5201,30.0,0.0
3980,39.57,3.98,0.0,0.0,5.59,0.4269,30.0,0.0
3981,37.69,4.65,0.0,0.0,3.05,0.3793,30.0,0.0
3982,35.74,6.93,0.0,1.19,0.0,0.3534,30.0,0.0
3983,35.74,1.22,0.0,0.0,4.53,0.3626,30.0,0.0
3984,35.7,3.13,0.0,0.0,2.57,0.324,30.0,0.0
3985,35.7,0.0,0.0,0.0,5.7,0.3021,30.0,0.0
3986,35.7,3.37,0.0,0.0,2.33,0.2535,30.0,0.0
3987,35.7,1.64,0.0,0.0,4.06,0.2337,30.0,0.0
3988,35.7,4.74,0.0,0.0,0.96,0.1991,30.0,0.0
3989,35.7,0.72,0.0,0.0,4.98,0.191,30.0,0.0
3990,35.7,0.0,0.0,0.0,5.7,0.1485,30.0,0.0
3991,37.65,0.42,8.23,0.0,0.0,0.1,29.0,0.0
3992,39.53,0.0,17.58,0.0,0.0,0.1,21.95,0.0
3993,41.26,1.48,25.22,0.0,0.0,0.1,14.55,0.0
3994,42.77,0.0,31.99,0.0,0.0,0.1,10.78,0.0
3995,44.02,0.14,35.0,11.05,0.0,0.1,19.93,0.0
3996,44.94,0.0,36.28,21.34,0.0,0.1849,30.0,0.0
3997,45.51,0.0,34.65,19.14,0.0,0.3489,30.0,0.0
3998,45.7,2.49,30.99,17.78,0.0,0.496,30.0,0.0
3999,45.51,0.95,25.21,10.65,0.0,0.6325,30.0,0.0
4000,44.94,0.0,18.35,3.41,0.0,0.7144,30.0,0.0
4001,44.02,1.03,7.84,0.0,5.14,0.7406,30.0,0.0
4002,42.77,1.45,0.0,0.0,11.32,0.6968,30.0,0.0
4003,41.26,2.43,0.0,0.0,8.83,0.6004,30.0,0.0
4004,39.53,0.24,0.0,0.0,9.29,0.5252,30.0,0.0
4005,37.65,3.2,0.0,0.0,4.45,0.4461,30.0,0.0
4006,35.7,0.0,0.0,0.0,5.7,0.4082,30.0,0.0
4007,35.7,1.88,0.0,0.0,3.82,0.3597,30.0,0.0
4008,35.66,2.12,0.0,0.0,3.54,0.3272,30.0,0.0
4009,35.66,3.61,0.0,0.0,2.05,0.2971,30.0,0.0
4010,35.66,2.63,0.0,0.0,3.02,0.2796,30.0,0.0
4011,35.66,0.46,0.0,0.0,5.2,0.2538,30.0,0.0
4012,35.66,0.75,0.0,0.0,4.91,0.2096,30.0,0.0
4013,35.66,2.04,0.0,0.0,3.62,0.1678,30.0,0.0
4014,35.66,1.31,0.0,0.0,4.35,0.137,30.0,0.0
4015,37.61,0.27,8.57,0.0,0.0,0.1,28.76,0.0
4016,39.49,0.0,18.52,0.0,0.0,0.1,20.96,0.0
4017,41.21,0.0,25.62,0.0,0.0,0.1,15.6,0.0
4018,42.73,0.0,31.61,0.0,0.0,0.1,11.12,0.0
4019,43.97,0.0,35.76,4.44,0.0,0.1,12.65,0.0
4020,44.9,3.02,35.94,24.06,0.0,0.1341,30.0,0.0
4021,45.47,0.0,35.69,20.22,0.0,0.319,30.0,0.0
4022,45.66,0.0,30.73,15.07,0.0,0.4744,30.0,0.0
4023,45.47,1.52,24.63,10.68,0.0,0.5901,30.0,0.0
4024,44.9,0.0,18.49,3.59,0.0,0.6722,30.0,0.0
4025,43.97,0.63,8.42,0.0,4.92,0.6998,30.0,0.0
4026,42.73,0.35,0.0,0.0,12.38,0.6579,30.0,0.0
4027,41.21,1.42,0.0,0.0,9.8,0.5525,30.0,0.0
4028,39.49,4.29,0.0,0.0,5.19,0.4691,30.0,0.0
4029,37.61,3.48,0.0,0.0,4.13,0.4248,30.0,0.0
4030,35.66,3.78,0.0,0.0,1.88,0.3897,30.0,0.0
4031,35.66,0.8,0.0,0.0,4.86,0.3737,30.0,0.0
4032,35.62,1.2,0.0,0.0,4.41,0.3324,30.0,0.0
4033,35.62,0.0,0.0,0.0,5.62,0.2948,30.0,0.0
4034,35.62,1.49,0.0,0.0,4.13,0.247,30.0,0.0
4035,35.62,3.69,0.0,0.0,1.93,0.2118,30.0,0.0
4036,35.62,2.8,0.0,0.0,2.81,0.1954,30.0,0.0
4037,35.62,1.46,0.0,0.0,4.15,0.1714,30.0,0.0
4038,35.62,1.38,0.0,0.0,4.24,0.1361,30.0,0.0
4039,37.57,0.11,9.62,0.0,0.0,0.1,27.84,0.0
4040,39.44,0.0,17.3,0.0,0.0,0.1,22.14,0.0
4041,41.17,1.49,26.38,0.0,0.0,0.1,13.31,0.0
4042,42.69,0.0,30.6,0.0,0.0,0.1,12.09,0.0
4043,43.93,0.5,34.23,0.0,0.0,0.1,9.2,0.0
4044,44.86,1.32,36.88,15.57,0.0,0.1,22.23,0.0
4045,45.43,0.0,35.97,20.54,0.0,0.2196,30.0,0.0
4046,45.62,1.19,30.52,16.08,0.0,0.3775,30.0,0.0
4047,45.43,4.3,26.0,14.87,0.0,0.5011,30.0,0.0
4048,44.86,0.58,17.66,3.39,0.0,0.6153,30.0,0.0
4049,43.93,1.6,8.45,0.0,3.89,0.6414,30.0,0.0
4050,42.69,0.4,0.0,0.0,12.29,0.6082,30.0,0.0
4051,41.17,2.01,0.0,0.0,9.16,0.5036,30.0,0.0
4052,39.44,2.73,0.0,0.0,6.72,0.4256,30.0,0.0
4053,37.57,2.65,0.0,0.0,4.92,0.3684,30.0,0.0
4054,35.62,1.2,0.0,0.0,4.42,0.3265,30.0,0.0
4055,35.62,3.02,0.0,0.0,2.6,0.2889,30.0,0.0
4056,35.58,4.78,0.0,0.0,0.8,0.2668,30.0,0.0
4057,35.58,3.34,0.0,0.0,2.23,0.26,30.0,0.0
4058,35.58,3.91,0.0,0.0,1.67,0.241,30.0,0.0
4059,35.58,2.05,0.0,0.0,3.53,0.2268,30.0,0.0
4060,35.58,3.12,0.0,0.0,2.46,0.1968,30.0,0.0
4061,35.58,2.14,0.0,0.0,3.43,0.1758,30.0,0.0
4062,35.58,0.1,0.0,0.0,5.47,0.1466,30.0,0.0
4063,37.53,1.49,8.61,0.0,0.0,0.1,27.43,0.0
4064,39.4,0.0,18.58,0.0,0.0,0.1,20.82,0.0
4065,41.13,0.0,24.8,0.0,0.0,0.1,16.33,0.0
4066,42.65,0.48,31.24,0.0,0.0,0.1,10.93,0.0
4067,43.89,0.49,34.43,0.64,0.0,0.1,9.61,0.0
4068,44.81,0.0,36.79,21.98,0.0,0.1049,30.0,0.0
4069,45.38,1.53,34.45,20.59,0.0,0.2738,30.0,0.0
4070,45.58,1.0,31.95,17.37,0.0,0.432,30.0,0.0
4071,45.38,0.0,25.86,10.48,0.0,0.5655,30.0,0.0
4072,44.81,0.0,18.39,3.58,0.0,0.6461,30.0,0.0
4073,43.89,0.85,9.4,0.0,3.64,0.6735,30.0,0.0
4074,42.65,0.8,0.0,0.0,11.85,0.6426,30.0,0.0
4075,41.13,1.92,0.0,0.0,9.22,0.5417,30.0,0.0
4076,39.4,1.59,0.0,0.0,7.81,0.4632,30.0,0.0
4077,37.53,0.0,0.0,0.0,7.53,0.3967,30.0,0.0
4078,35.58,2.06,0.0,0.0,3.52,0.3326,30.0,0.0
4079,35.58,2.31,0.0,0.0,3.27,0.3027,30.0,0.0
4080,35.53,3.64,0.0,0.0,1.9,0.2749,30.0,0.0
4081,35.53,1.77,0.0,0.0,3.77,0.2587,30.0,0.0
4082,35.53,4.89,0.0,0.0,0.65,0.2267,30.0,0.0
4083,35.53,0.0,0.0,0.0,5.53,0.2212,30.0,0.0
4084,35.53,3.88,0.0,0.0,1.65,0.174,30.0,0.0
4085,35.53,1.45,0.0,0.0,4.09,0.16,30.0,0.0
4086,35.53,2.58,0.0,0.0,2.96,0.1252,30.0,0.0
4087,37.48,1.16,9.13,0.0,0.0,0.1,27.2,0.0
4088,39.36,2.28,17.29,0.0,0.0,0.1,19.79,0.0
4089,41.09,0.0,25.06,0.0,0.0,0.1,16.03,0.0
4090,42.6,0.0,30.84,0.0,0.0,0.1,11.77,0.0
4091,43.85,2.02,35.04,0.0,0.0,0.1,6.79,0.0
4092,44.77,0.0,36.21,15.91,0.0,0.1,24.48,0.0
4093,45.34,0.38,35.41,20.45,0.0,0.2223,30.0,0.0
4094,45.53,1.91,31.61,17.98,0.0,0.3794,30.0,0.0
4095,45.34,0.0,26.21,10.87,0.0,0.5176,30.0,0.0
4096,44.77,1.53,18.44,5.2,0.0,0.6011,30.0,0.0
4097,43.85,0.24,8.36,0.0,5.25,0.6411,30.0,0.0
4098,42.6,1.22,0.0,0.0,11.39,0.5964,30.0,0.0
4099,41.09,1.85,0.0,0.0,9.24,0.4994,30.0,0.0
4100,39.36,0.03,0.0,0.0,9.33,0.4208,30.0,0.0
4101,37.48,1.3,0.0,0.0,6.18,0.3414,30.0,0.0
4102,35.53,4.44,0.0,0.0,1.1,0.2887,30.0,0.0
4103,35.53,3.94,0.0,0.0,1.6,0.2794,30.0,0.0
4104,35.49,2.68,0.0,0.0,2.81,0.2658,30.0,0.0
4105,35.49,3.05,0.0,0.0,2.44,0.2418,30.0,0.0
4106,35.49,2.18,0.0,0.0,3.31,0.2211,30.0,0.0
4107,35.49,4.22,0.0,0.0,1.27,0.1929,30.0,0.0
4108,35.49,1.81,0.0,0.0,3.69,0.182,30.0,0.0
4109,35.49,2.07,0.0,0.0,3.42,0.1507,30.0,0.0
4110,35.49,2.97,0.0,0.0,2.53,0.1215,30.0,0.0
4111,37.44,0.0,8.42,0.0,0.0,0.1,29.02,0.0
4112,39.32,2.85,18.63,0.0,0.0,0.1,17.84,0.0
4113,41.05,0.0,24.81,0.0,0.0,0.1,16.24,0.0
4114,42.56,0.0,31.59,0.0,0.0,0.1,10.98,0.0
4115,43.81,0.0,34.48,0.0,0.0,0.1,9.33,0.0
4116,44.73,0.0,36.96,17.25,0.0,0.1,25.02,0.0
4117,45.3,0.0,35.09,19.79,0.0,0.2326,30.0,0.0
4118,45.49,0.0,31.94,16.45,0.0,0.3846,30.0,0.0
4119,45.3,0.0,25.48,10.18,0.0,0.511,30.0,0.0
4120,44.73,0.0,16.94,2.21,0.0,0.5893,30.0,0.0
4121,43.81,0.85,8.72,0.0,4.24,0.6063,30.0,0.0
4122,42.56,2.71,0.0,0.0,9.86,0.5702,30.0,0.0
4123,41.05,2.03,0.0,0.0,9.01,0.4863,30.0,0.0
4124,39.32,2.5,0.0,0.0,6.82,0.4095,30.0,0.0
4125,37.44,0.86,0.0,0.0,6.58,0.3515,30.0,0.0
4126,35.49,1.38,0.0,0.0,4.12,0.2955,30.0,0.0
4127,35.49,5.18,0.0,0.0,0.31,0.2604,30.0,0.0
4128,35.45,1.75,0.0,0.0,3.7,0.2578,30.0,0.0
4129,35.45,4.98,0.0,0.0,0.47,0.2263,30.0,0.0
4130,35.45,2.24,0.0,0.0,3.2,0.2224,30.0,0.0
4131,35.45,2.36,0.0,0.0,3.09,0.1951,30.0,0.0
4132,35.45,3.54,0.0,0.0,1.91,0.1688,30.0,0.0
4133,35.45,3.49,0.0,0.0,1.96,0.1525,30.0,0.0
4134,35.45,1.24,0.0,0.0,4.21,0.1358,30.0,0.0
4135,37.4,0.51,7.82,0.0,0.0,0.1,29.07,0.0
4136,39.28,0.63,16.81,0.0,0.0,0.1,21.83,0.0
4137,41.01,0.89,25.58,0.0,0.0,0.1,14.54,0.0
4138,42.52,1.43,31.36,0.0,0.0,0.1,9.73,0.0
4139,43.76,0.07,34.52,0.0,0.0,0.1,9.17,0.0
4140,44.69,0.87,35.9,21.09,0.0,0.1,29.01,0.0
4141,45.26,2.31,34.61,21.66,0.0,0.2621,30.0,0.0
4142,45.45,0.73,31.28,16.56,0.0,0.4285,30.0,0.0
4143,45.26,0.85,25.3,10.89,0.0,0.5558,30.0,0.0
4144,44.69,0.0,17.09,2.4,0.0,0.6395,30.0,0.0
4145,43.76,0.0,7.9,0.0,5.86,0.658,30.0,0.0
4146,42.52,1.92,0.0,0.0,10.6,0.608,30.0,0.0
4147,41.01,1.62,0.0,0.0,9.39,0.5178,30.0,0.0
4148,39.28,1.37,0.0,0.0,7.9,0.4378,30.0,0.0
4149,37.4,2.69,0.0,0.0,4.71,0.3705,30.0,0.0
4150,35.45,2.49,0.0,0.0,2.95,0.3305,30.0,0.0
4151,35.45,4.26,0.0,0.0,1.19,0.3053,30.0,0.0
4152,35.41,2.87,0.0,0.0,2.53,0.2952,30.0,0.0
4153,35.41,1.69,0.0,0.0,3.72,0.2736,30.0,0.0
4154,35.41,3.93,0.0,0.0,1.48,0.2419,30.0,0.0
4155,35.41,2.06,0.0,0.0,3.35,0.2293,30.0,0.0
4156,35.41,2.79,0.0,0.0,2.61,0.2008,30.0,0.0
4157,35.41,1.09,0.0,0.0,4.32,0.1786,30.0,0.0
4158,35.41,0.5,0.0,0.0,4.91,0.1418,30.0,0.0
4159,37.36,1.15,8.24,0.0,0.0,0.1,27.97,0.0
4160,39.23,0.72,17.35,0.0,0.0,0.1,21.16,0.0
4161,40.96,1.08,25.15,0.0,0.0,0.1,14.74,0.0
4162,42.48,0.0,31.36,0.0,0.0,0.1,11.12,0.0
4163,43.72,0.0,35.94,3.85,0.0,0.1,11.63,0.0
4164,44.65,0.0,35.5,20.85,0.0,0.1296,30.0,0.0
4165,45.21,1.15,34.21,20.15,0.0,0.2898,30.0,0.0
4166,45.41,0.0,30.67,15.26,0.0,0.4446,30.0,0.0
4167,45.21,0.08,24.97,9.84,0.0,0.5619,30.0,0.0
4168,44.65,2.05,17.23,4.64,0.0,0.6375,30.0,0.0
4169,43.72,0.06,8.55,0.0,5.12,0.6732,30.0,0.0
4170,42.48,0.0,0.0,0.0,12.48,0.6296,30.0,0.0
4171,40.96,1.52,0.0,0.0,9.44,0.5234,30.0,0.0
4172,39.23,1.41,0.0,0.0,7.82,0.443,30.0,0.0
4173,37.36,1.03,0.0,0.0,6.33,0.3764,30.0,0.0
4174,35.41,2.33,0.0,0.0,3.07,0.3225,30.0,0.0
4175,35.41,3.38,0.0,0.0,2.02,0.2963,30.0,0.0
4176,35.36,2.74,0.0,0.0,2.62,0.2791,30.0,0.0
4177,35.36,3.13,0.0,0.0,2.24,0.2567,30.0,0.0
4178,35.36,5.05,0.0,0.0,0.31,0.2377,30.0,0.0
4179,35.36,1.88,0.0,0.0,3.48,0.235,30.0,0.0
4180,35.36,2.45,0.0,0.0,2.91,0.2054,30.0,0.0
4181,35.36,1.04,0.0,0.0,4.32,0.1806,30.0,0.0
4182,35.36,0.23,0.0,0.0,5.14,0.1438,30.0,0.0
4183,37.32,0.23,8.38,0.0,0.0,0.1,28.7,0.0
4184,39.19,0.04,18.08,0.0,0.0,0.1,21.07,0.0
4185,40.92,0.91,25.94,0.0,0.0,0.1,14.07,0.0
4186,42.44,3.41,31.54,0.0,0.0,0.1,7.48,0.0
4187,43.68,0.0,34.28,6.28,0.0,0.1,15.68,0.0
4188,44.6,0.0,36.03,21.43,0.0,0.1483,30.0,0.0
4189,45.17,0.0,34.19,19.02,0.0,0.3129,30.0,0.0
4190,45.36,0.74,31.29,16.67,0.0,0.4591,30.0,0.0
4191,45.17,0.78,25.6,11.2,0.0,0.5872,30.0,0.0
4192,44.6,2.46,18.28,6.13,0.0,0.6733,30.0,0.0
4193,43.68,0.0,8.65,0.0,5.03,0.7204,30.0,0.0
4194,42.44,0.0,0.0,0.0,12.44,0.6776,30.0,0.0
4195,40.92,1.06,0.0,0.0,9.86,0.5717,30.0,0.0
4196,39.19,3.57,0.0,0.0,5.62,0.4877,30.0,0.0
4197,37.32,0.21,0.0,0.0,7.11,0.4399,30.0,0.0
4198,35.36,0.0,0.0,0.0,5.36,0.3794,30.0,0.0
4199,35.36,3.49,0.0,0.0,1.88,0.3337,30.0,0.0
4200,35.32,3.08,0.0,0.0,2.24,0.3177,30.0,0.0
4201,35.32,1.21,0.0,0.0,4.11,0.2987,30.0,0.0
4202,35.32,1.22,0.0,0.0,4.1,0.2637,30.0,0.0
4203,35.32,1.02,0.0,0.0,4.3,0.2287,30.0,0.0
4204,35.32,2.22,0.0,0.0,3.11,0.1921,30.0,0.0
4205,35.32,0.88,0.0,0.0,4.44,0.1656,30.0,0.0
4206,35.32,2.06,0.0,0.0,3.26,0.1278,30.0,0.0
4207,37.27,0.0,9.3,0.0,0.0,0.1,27.98,0.0
4208,39.15,0.0,17.68,0.0,0.0,0.1,21.46,0.0
4209,40.88,0.0,26.25,0.0,0.0,0.1,14.63,0.0
4210,42.39,0.0,31.35,0.0,0.0,0.1,11.05,0.0
4211,43.64,0.0,35.61,0.0,0.0,0.1,8.02,0.0
4212,44.56,1.1,36.9,15.46,0.0,0.1,22.01,0.0
4213,45.13,0.0,35.11,19.98,0.0,0.2188,30.0,0.0
4214,45.32,0.26,31.24,16.18,0.0,0.3723,30.0,0.0
4215,45.13,1.18,25.07,11.12,0.0,0.4967,30.0,0.0
4216,44.56,3.24,18.09,6.77,0.0,0.5821,30.0,0.0
4217,43.64,0.37,9.12,0.0,4.15,0.6341,30.0,0.0
4218,42.39,1.82,0.0,0.0,10.57,0.5988,30.0,0.0
4219,40.88,0.0,0.0,0.0,10.88,0.5088,30.0,0.0
4220,39.15,0.0,0.0,0.0,9.15,0.4162,30.0,0.0
4221,37.27,3.51,0.0,0.0,3.77,0.3383,30.0,0.0
4222,35.32,2.56,0.0,0.0,2.76,0.3062,30.0,0.0
4223,35.32,4.32,0.0,0.0,1.0,0.2827,30.0,0.0
4224,35.28,0.87,0.0,0.0,4.41,0.2741,30.0,0.0
4225,35.28,3.41,0.0,0.0,1.87,0.2365,30.0,0.0
4226,35.28,5.12,0.0,0.0,0.16,0.2206,30.0,0.0
4227,35.28,2.92,0.0,0.0,2.36,0.2193,30.0,0.0
4228,35.28,2.44,0.0,0.0,2.84,0.1992,30.0,0.0
4229,35.28,1.74,0.0,0.0,3.54,0.1751,30.0,0.0
4230,35.28,0.0,0.0,0.0,5.28,0.1449,30.0,0.0
4231,37.23,2.88,4.35,0.0,0.0,0.1,30.0,0.0
4232,39.11,0.0,16.87,0.0,0.0,0.1,22.24,0.0
4233,40.83,1.1,25.74,0.0,0.0,0.1,14.0,0.0
4234,42.35,0.0,30.49,0.0,0.0,0.1,11.86,0.0
4235,43.59,0.0,34.91,0.0,0.0,0.1,8.68,0.0
4236,44.52,1.97,36.72,13.86,0.0,0.1,19.68,0.0
4237,45.09,0.0,35.77,20.69,0.0,0.2065,30.0,0.0
4238,45.28,2.18,31.34,18.24,0.0,0.3655,30.0,0.0
4239,45.09,0.3,24.58,9.8,0.0,0.5057,30.0,0.0
4240,44.52,0.0,17.08,2.56,0.0,0.5809,30.0,0.0
4241,43.59,2.24,8.26,0.0,3.09,0.6006,30.0,0.0
4242,42.35,0.57,0.0,0.0,11.78,0.5743,30.0,0.0
4243,40.83,2.69,0.0,0.0,8.15,0.474,30.0,0.0
4244,39.11,2.1,0.0,0.0,7.01,0.4047,30.0,0.0
4245,37.23,0.23,0.0,0.0,7.0,0.345,30.0,0.0
4246,35.28,2.79,0.0,0.0,2.49,0.2854,30.0,0.0
4247,35.28,5.71,0.0,0.43,0.0,0.2642,30.0,0.0
4248,35.24,3.42,0.0,0.0,1.82,0.2675,30.0,0.0
4249,35.24,2.62,0.0,0.0,2.62,0.252,30.0,0.0
4250,35.24,4.03,0.0,0.0,1.2,0.2297,30.0,0.0
4251,35.24,2.63,0.0,0.0,2.6,0.2195,30.0,0.0
4252,35.24,2.35,0.0,0.0,2.89,0.1973,30.0,0.0
4253,35.24,0.24,0.0,0.0,5.0,0.1727,30.0,0.0
4254,35.24,1.7,0.0,0.0,3.54,0.1301,30.0,0.0
4255,37.19,2.44,9.63,0.0,0.0,0.1,25.12,0.0
4256,39.06,0.0,17.2,0.0,0.0,0.1,21.86,0.0
4257,40.79,2.36,24.65,0.0,0.0,0.1,13.78,0.0
4258,42.31,0.06,32.23,0.0,0.0,0.1,10.01,0.0
4259,43.55,0.0,34.54,6.24,0.0,0.1,15.26,0.0
4260,44.48,1.37,36.77,23.67,0.0,0.148,30.0,0.0
4261,45.04,0.0,35.06,20.01,0.0,0.3299,30.0,0.0
4262,45.24,1.23,31.0,16.99,0.0,0.4837,30.0,0.0
4263,45.04,0.01,25.74,10.71,0.0,0.6143,30.0,0.0
4264,44.48,0.61,16.81,2.95,0.0,0.6965,30.0,0.0
4265,43.55,1.7,7.81,0.0,4.04,0.7192,30.0,0.0
4266,42.31,1.77,0.0,0.0,10.53,0.6847,30.0,0.0
4267,40.79,0.0,0.0,0.0,10.79,0.5951,30.0,0.0
4268,39.06,0.52,0.0,0.0,8.54,0.5032,30.0,0.0
4269,37.19,3.62,0.0,0.0,3.57,0.4305,30.0,0.0
4270,35.24,2.38,0.0,0.0,2.86,0.4001,30.0,0.0
4271,35.24,1.98,0.0,0.0,3.26,0.3757,30.0,0.0
4272,35.19,0.88,0.0,0.0,4.31,0.348,30.0,0.0
4273,35.19,1.22,0.0,0.0,3.98,0.3113,30.0,0.0
4274,35.19,0.0,0.0,0.0,5.19,0.2775,30.0,0.0
4275,35.19,2.2,0.0,0.0,2.99,0.2332,30.0,0.0
4276,35.19,1.24,0.0,0.0,3.95,0.2078,30.0,0.0
4277,35.19,0.4,0.0,0.0,4.79,0.1741,30.0,0.0
4278,35.19,1.28,0.0,0.0,3.91,0.1333,30.0,0.0
4279,37.14,1.52,9.03,0.0,0.0,0.1,26.6,0.0
4280,39.02,0.0,17.59,0.0,0.0,0.1,21.43,0.0
4281,40.75,0.0,24.75,0.0,0.0,0.1,16.0,0.0
4282,42.26,1.78,31.61,0.0,0.0,0.1,8.88,0.0
4283,43.51,1.38,35.48,2.41,0.0,0.1,9.05,0.0
4284,44.43,0.0,36.36,21.93,0.0,0.1185,30.0,0.0
4285,45.0,0.33,35.41,20.74,0.0,0.2871,30.0,0.0
4286,45.19,0.0,30.6,15.4,0.0,0.4464,30.0,0.0
4287,45.0,0.66,25.23,10.88,0.0,0.5648,30.0,0.0
4288,44.43,2.76,17.25,5.58,0.0,0.6484,30.0,0.0
4289,43.51,1.85,9.59,0.0,2.07,0.6912,30.0,0.0
4290,42.26,2.07,0.0,0.0,10.19,0.6736,30.0,0.0
4291,40.75,1.14,0.0,0.0,9.61,0.5868,30.0,0.0
4292,39.02,0.03,0.0,0.0,8.99,0.505,30.0,0.0
4293,37.14,2.06,0.0,0.0,5.09,0.4284,30.0,0.0
4294,35.19,4.21,0.0,0.0,0.98,0.3851,30.0,0.0
4295,35.19,0.6,0.0,0.0,4.59,0.3767,30.0,0.0
4296,35.15,1.3,0.0,0.0,3.85,0.3377,30.0,0.0
4297,35.15,2.87,0.0,0.0,2.28,0.3048,30.0,0.0
4298,35.15,1.21,0.0,0.0,3.94,0.2854,30.0,0.0
4299,35.15,1.25,0.0,0.0,3.9,0.2518,30.0,0.0
4300,35.15,1.48,0.0,0.0,3.67,0.2187,30.0,0.0
4301,35.15,0.0,0.0,0.0,5.15,0.1874,30.0,0.0
4302,35.15,0.04,0.0,0.0,5.11,0.1435,30.0,0.0
4303,37.1,1.98,9.38,0.0,0.0,0.1,25.74,0.0
4304,38.98,0.0,17.9,0.0,0.0,0.1,21.07,0.0
4305,40.71,0.0,26.26,0.0,0.0,0.1,14.44,0.0
4306,42.22,0.0,32.17,0.0,0.0,0.1,10.05,0.0
4307,43.47,1.05,35.03,0.0,0.0,0.1,7.38,0.0
4308,44.39,0.0,36.11,16.13,0.0,0.1,24.4,0.0
4309,44.96,0.0,35.54,20.58,0.0,0.2239,30.0,0.0
4310,45.15,0.25,30.6,15.69,0.0,0.3821,30.0,0.0
4311,44.96,0.0,24.84,9.88,0.0,0.5027,30.0,0.0
4312,44.39,1.36,17.03,4.0,0.0,0.5786,30.0,0.0
4313,43.47,1.54,8.79,0.0,3.13,0.6093,30.0,0.0
4314,42.22,0.81,0.0,0.0,11.41,0.5827,30.0,0.0
4315,40.71,3.1,0.0,0.0,7.6,0.4855,30.0,0.0
4316,38.98,0.51,0.0,0.0,8.46,0.4208,30.0,0.0
4317,37.1,3.88,0.0,0.0,3.22,0.3487,30.0,0.0
4318,35.15,2.77,0.0,0.0,2.38,0.3213,30.0,0.0
4319,35.15,2.23,0.0,0.0,2.92,0.301,30.0,0.0
4320,35.11,2.71,0.0,0.0,2.39,0.2762,30.0,0.0
4321,35.11,2.55,0.0,0.0,2.56,0.2558,30.0,0.0
4322,35.11,4.23,0.0,0.0,0.88,0.234,30.0,0.0
4323,35.11,0.86,0.0,0.0,4.24,0.2265,30.0,0.0
4324,35.11,1.01,0.0,0.0,4.1,0.1904,30.0,0.0
4325,35.11,3.14,0.0,0.0,1.96,0.1555,30.0,0.0
4326,35.11,0.56,0.0,0.0,4.55,0.1388,30.0,0.0
4327,37.06,2.25,8.49,0.0,0.0,0.1,26.32,0.0
4328,38.93,3.01,16.98,0.0,0.0,0.1,18.94,0.0
4329,40.66,0.0,25.83,0.0,0.0,0.1,14.83,0.0
4330,42.18,1.12,32.07,0.0,0.0,0.1,8.99,0.0
4331,43.42,0.0,13.42,0.0,0.0,0.1,30.0,0.0
4332,44.35,1.03,36.05,17.81,0.0,0.1,25.07,0.0
4333,44.92,0.32,34.11,19.52,0.0,0.2368,30.0,0.0
4334,45.11,0.83,31.93,17.65,0.0,0.3868,30.0,0.0
4335,44.92,0.0,24.82,9.9,0.0,0.5225,30.0,0.0
4336,44.35,0.0,18.2,3.86,0.0,0.5986,30.0,0.0
4337,43.42,1.71,8.68,0.0,3.04,0.6282,30.0,0.0
4338,42.18,0.0,0.0,0.0,12.18,0.6023,30.0,0.0
4339,40.66,1.29,0.0,0.0,9.37,0.4986,30.0,0.0
4340,38.93,3.34,0.0,0.0,5.59,0.4188,30.0,0.0
4341,37.06,2.6,0.0,0.0,4.46,0.3712,30.0,0.0
4342,35.11,5.22,0.0,0.12,0.0,0.3333,30.0,0.0
4343,35.11,4.1,0.0,0.0,1.01,0.3342,30.0,0.0
4344,35.06,1.84,0.0,0.0,3.22,0.3256,30.0,0.0
4345,35.06,2.73,0.0,0.0,2.33,0.2982,30.0,0.0
4346,35.06,2.49,0.0,0.0,2.57,0.2783,30.0,0.0
4347,35.06,0.17,0.0,0.0,4.89,0.2564,30.0,0.0
4348,35.06,0.77,0.0,0.0,4.3,0.2147,30.0,0.0
4349,35.06,0.96,0.0,0.0,4.11,0.1781,30.0,0.0
4350,35.06,0.0,0.0,0.0,5.06,0.1431,30.0,0.0
4351,37.02,1.08,7.83,0.0,0.0,0.1,28.11,0.0
4352,38.89,0.34,18.55,0.0,0.0,0.1,20.0,0.0
4353,40.62,0.0,25.23,0.0,0.0,0.1,15.39,0.0
4354,42.14,0.74,31.09,0.0,0.0,0.1,10.3,0.0
4355,43.38,1.03,35.93,0.0,0.0,0.1,6.42,0.0
4356,44.3,0.31,35.79,11.58,0.0,0.1,19.78,0.0
4357,44.87,0.0,35.47,20.6,0.0,0.189,30.0,0.0
4358,45.06,0.99,31.02,16.95,0.0,0.3473,30.0,0.0
4359,44.87,1.33,25.93,12.39,0.0,0.4775,30.0,0.0
4360,44.3,1.11,18.45,5.25,0.0,0.5727,30.0,0.0
4361,43.38,0.0,9.17,0.0,4.21,0.613,30.0,0.0
4362,42.14,1.75,0.0,0.0,10.39,0.5772,30.0,0.0
4363,40.62,3.36,0.0,0.0,7.26,0.4887,30.0,0.0
4364,38.89,1.24,0.0,0.0,7.65,0.4269,30.0,0.0
4365,37.02,5.21,0.0,0.0,1.8,0.3617,30.0,0.0
4366,35.06,1.84,0.0,0.0,3.23,0.3464,30.0,0.0
4367,35.06,2.74,0.0,0.0,2.33,0.3189,30.0,0.0
4368,35.02,1.82,0.0,0.0,3.2,0.299,30.0,0.0
4369,35.02,3.0,0.0,0.0,2.02,0.2718,30.0,0.0
4370,35.02,0.17,0.0,0.0,4.85,0.2545,30.0,0.0
4371,35.02,1.59,0.0,0.0,3.43,0.2132,30.0,0.0
4372,35.02,0.56,0.0,0.0,4.46,0.184,30.0,0.0
4373,35.02,1.91,0.0,0.0,3.11,0.146,30.0,0.0
4374,35.02,2.73,0.0,0.0,2.29,0.1195,30.0,0.0
4375,36.97,1.9,8.75,0.0,0.0,0.1,26.33,0.0
4376,38.85,0.0,18.38,0.0,0.0,0.1,20.46,0.0
4377,40.58,3.2,25.77,0.0,0.0,0.1,11.61,0.0
4378,42.09,0.0,31.54,0.0,0.0,0.1,10.55,0.0
4379,43.34,0.0,34.74,0.0,0.0,0.1,8.6,0.0
4380,44.26,0.22,36.34,16.62,0.0,0.1,24.32,0.0
4381,44.83,0.29,35.4,20.86,0.0,0.2277,30.0,0.0
4382,45.02,0.0,30.94,15.92,0.0,0.388,30.0,0.0
4383,44.83,0.67,25.42,11.26,0.0,0.5103,30.0,0.0
4384,44.26,0.0,17.25,2.99,0.0,0.5969,30.0,0.0
4385,43.34,0.46,8.91,0.0,3.97,0.6198,30.0,0.0
4386,42.09,0.43,0.0,0.0,11.66,0.5861,30.0,0.0
4387,40.58,0.0,0.0,0.0,10.58,0.4868,30.0,0.0
4388,38.85,2.25,0.0,0.0,6.59,0.3967,30.0,0.0
4389,36.97,3.14,0.0,0.0,3.83,0.3405,30.0,0.0
4390,35.02,3.26,0.0,0.0,1.76,0.3079,30.0,0.0
4391,35.02,3.81,0.0,0.0,1.21,0.2929,30.0,0.0
4392,34.98,3.18,0.0,0.0,1.8,0.2826,30.0,0.0
4393,34.98,1.96,0.0,0.0,3.02,0.2673,30.0,0.0
4394,34.98,3.7,0.0,0.0,1.27,0.2417,30.0,0.0
4395,34.98,0.48,0.0,0.0,4.5,0.2308,30.0,0.0
4396,34.98,0.82,0.0,0.0,4.16,0.1925,30.0,0.0
4397,34.98,0.4,0.0,0.0,4.58,0.1571,30.0,0.0
4398,34.98,2.85,0.0,0.0,2.13,0.1181,30.0,0.0
4399,36.93,2.31,7.81,0.0,0.0,0.1,26.82,0.0
4400,38.81,1.35,17.16,0.0,0.0,0.1,20.3,0.0
4401,40.53,1.87,25.51,0.0,0.0,0.1,13.15,0.0
4402,42.05,0.0,30.57,0.0,0.0,0.1,11.48,0.0
4403,43.29,0.52,34.92,0.0,0.0,0.1,7.84,0.0
4404,44.22,0.0,35.33,17.2,0.0,0.1,26.08,0.0
4405,44.79,1.21,34.1,20.52,0.0,0.2322,30.0,0.0
4406,44.98,0.03,32.14,17.19,0.0,0.3898,30.0,0.0
4407,44.79,0.0,25.96,11.17,0.0,0.5219,30.0,0.0
4408,44.22,1.43,17.02,4.23,0.0,0.6078,30.0,0.0
4409,43.29,2.21,8.94,0.0,2.14,0.6403,30.0,0.0
4410,42.05,0.45,0.0,0.0,11.6,0.6221,30.0,0.0
4411,40.53,1.64,0.0,0.0,8.89,0.5234,30.0,0.0
4412,38.81,0.6,0.0,0.0,8.2,0.4476,30.0,0.0
4413,36.93,0.0,0.0,0.0,6.93,0.3778,30.0,0.0
4414,34.98,2.83,0.0,0.0,2.15,0.3188,30.0,0.0
4415,34.98,3.53,0.0,0.0,1.45,0.3005,30.0,0.0
4416,34.94,3.1,0.0,0.0,1.84,0.2881,30.0,0.0
4417,34.94,0.02,0.0,0.0,4.91,0.2725,30.0,0.0
4418,34.94,2.08,0.0,0.0,2.86,0.2307,30.0,0.0
4419,34.94,0.0,0.0,0.0,4.94,0.2063,30.0,0.0
4420,34.94,3.93,0.0,0.0,1.01,0.1643,30.0,0.0
4421,34.94,0.24,0.0,0.0,4.7,0.1557,30.0,0.0
4422,34.94,3.09,0.0,0.0,1.85,0.1157,30.0,0.0
4423,36.89,2.31,7.8,0.0,0.0,0.1,26.78,0.0
4424,38.76,0.0,18.19,0.0,0.0,0.1,20.57,0.0
4425,40.49,0.0,24.43,0.0,0.0,0.1,16.07,0.0
4426,42.01,0.66,31.57,0.0,0.0,0.1,9.77,0.0
4427,43.25,0.0,34.15,0.0,0.0,0.1,9.1,0.0
4428,44.17,0.14,35.96,14.48,0.0,0.1,22.56,0.0
4429,44.74,0.0,35.7,20.96,0.0,0.2113,30.0,0.0
4430,44.94,0.0,31.69,16.76,0.0,0.3724,30.0,0.0
4431,44.74,0.0,25.54,10.79,0.0,0.5011,30.0,0.0
4432,44.17,1.0,17.79,4.61,0.0,0.5841,30.0,0.0
4433,43.25,0.25,8.56,0.0,4.44,0.6195,30.0,0.0
4434,42.01,0.61,0.0,0.0,11.39,0.5817,30.0,0.0
4435,40.49,2.68,0.0,0.0,7.81,0.4847,30.0,0.0
4436,38.76,3.66,0.0,0.0,5.1,0.4181,30.0,0.0
4437,36.89,1.96,0.0,0.0,4.92,0.3747,30.0,0.0
4438,34.94,2.09,0.0,0.0,2.85,0.3328,30.0,0.0
4439,34.94,3.38,0.0,0.0,1.56,0.3085,30.0,0.0
4440,34.89,0.88,0.0,0.0,4.01,0.2953,30.0,0.0
4441,34.89,3.0,0.0,0.0,1.89,0.2611,30.0,0.0
4442,34.89,3.31,0.0,0.0,1.58,0.245,30.0,0.0
4443,34.89,3.27,0.0,0.0,1.62,0.2315,30.0,0.0
4444,34.89,0.0,0.0,0.0,4.89,0.2177,30.0,0.0
4445,34.89,0.68,0.0,0.0,4.21,0.1761,30.0,0.0
4446,34.89,0.17,0.0,0.0,4.72,0.1402,30.0,0.0
4447,36.84,1.15,8.81,0.0,0.0,0.1,26.88,0.0
4448,38.72,1.34,17.77,0.0,0.0,0.1,19.61,0.0
4449,40.45,0.0,25.88,0.0,0.0,0.1,14.57,0.0
4450,41.96,0.0,31.74,0.0,0.0,0.1,10.23,0.0
4451,43.21,0.0,35.76,0.0,0.0,0.1,7.44,0.0
4452,44.13,1.58,35.89,4.57,0.0,0.1,11.23,0.0
4453,44.7,0.45,34.07,19.82,0.0,0.1351,30.0,0.0
4454,44.89,1.92,30.42,17.44,0.0,0.2874,30.0,0.0
4455,44.7,0.8,25.87,11.97,0.0,0.4215,30.0,0.0
4456,44.13,0.0,17.55,3.42,0.0,0.5134,30.0,0.0
4457,43.21,0.0,8.12,0.0,5.08,0.5397,30.0,0.0
4458,41.96,0.0,0.0,0.0,11.96,0.4964,30.0,0.0
4459,40.45,2.63,0.0,0.0,7.82,0.3946,30.0,0.0
4460,38.72,3.68,0.0,0.0,5.04,0.328,30.0,0.0
4461,36.84,4.87,0.0,0.0,1.97,0.2851,30.0,0.0
4462,34.89,3.71,0.0,0.0,1.18,0.2683,30.0,0.0
4463,34.89,4.29,0.0,0.0,0.61,0.2583,30.0,0.0
4464,34.85,1.95,0.0,0.0,2.9,0.2531,30.0,0.0
4465,34.85,1.11,0.0,0.0,3.74,0.2284,30.0,0.0
4466,34.85,3.72,0.0,0.0,1.13,0.1966,30.0,0.0
4467,34.85,2.91,0.0,0.0,1.94,0.1869,30.0,0.0
4468,34.85,2.2,0.0,0.0,2.65,0.1705,30.0,0.0
4469,34.85,2.26,0.0,0.0,2.59,0.1479,30.0,0.0
4470,34.85,1.81,0.0,0.0,3.04,0.1258,30.0,0.0
4471,36.8,2.78,8.23,0.0,0.0,0.1,25.79,0.0
4472,38.68,2.46,18.47,0.0,0.0,0.1,17.74,0.0
4473,40.41,1.15,25.95,0.0,0.0,0.1,13.31,0.0
4474,41.92,1.34,31.33,0.0,0.0,0.1,9.25,0.0
4475,43.16,0.0,34.01,0.0,0.0,0.1,9.15,0.0
4476,44.09,0.0,37.02,8.3,0.0,0.1,15.37,0.0
4477,44.66,1.09,35.71,22.14,0.0,0.1638,30.0,0.0
4478,44.85,0.0,31.9,17.05,0.0,0.3339,30.0,0.0
4479,44.66,1.85,25.67,12.86,0.0,0.4649,30.0,0.0
4480,44.09,0.0,18.06,3.97,0.0,0.5637,30.0,0.0
4481,43.16,1.41,9.28,0.0,2.47,0.5942,30.0,0.0
4482,41.92,0.21,0.0,0.0,11.71,0.5732,30.0,0.0
4483,40.41,2.48,0.0,0.0,7.92,0.4735,30.0,0.0
4484,38.68,2.01,0.0,0.0,6.67,0.406,30.0,0.0
4485,36.8,0.16,0.0,0.0,6.64,0.3493,30.0,0.0
4486,34.85,3.13,0.0,0.0,1.72,0.2927,30.0,0.0
4487,34.85,1.9,0.0,0.0,2.95,0.2781,30.0,0.0
4488,34.81,3.95,0.0,0.0,0.86,0.253,30.0,0.0
4489,34.81,2.7,0.0,0.0,2.11,0.2457,30.0,0.0
4490,34.81,3.1,0.0,0.0,1.71,0.2278,30.0,0.0
4491,34.81,1.03,0.0,0.0,3.78,0.2132,30.0,0.0
4492,34.81,1.25,0.0,0.0,3.56,0.1811,30.0,0.0
4493,34.81,1.1,0.0,0.0,3.71,0.1508,30.0,0.0
4494,34.81,2.55,0.0,0.0,2.26,0.1192,30.0,0.0
4495,36.76,3.32,9.32,0.0,0.0,0.1,24.12,0.0
4496,38.63,0.0,16.84,0.0,0.0,0.1,21.8,0.0
4497,40.36,1.88,25.85,0.0,0.0,0.1,12.64,0.0
4498,41.88,0.0,31.97,0.0,0.0,0.1,9.91,0.0
4499,43.12,0.0,35.79,0.0,0.0,0.1,7.34,0.0
4500,44.05,0.0,35.62,9.38,0.0,0.1,17.81,0.0
4501,44.61,0.0,35.79,21.17,0.0,0.1721,30.0,0.0
4502,44.81,0.0,31.63,16.82,0.0,0.3348,30.0,0.0
4503,44.61,0.97,24.39,10.74,0.0,0.464,30.0,0.0
4504,44.05,0.4,18.33,4.68,0.0,0.5466,30.0,0.0
4505,43.12,1.54,8.49,0.0,3.09,0.5826,30.0,0.0
4506,41.88,2.32,0.0,0.0,9.56,0.5563,30.0,0.0
4507,40.36,2.09,0.0,0.0,8.27,0.4749,30.0,0.0
4508,38.63,2.96,0.0,0.0,5.67,0.4045,30.0,0.0
4509,36.76,2.25,0.0,0.0,4.51,0.3561,30.0,0.0
4510,34.81,0.93,0.0,0.0,3.87,0.3177,30.0,0.0
4511,34.81,4.14,0.0,0.0,0.66,0.2848,30.0,0.0
4512,34.76,1.94,0.0,0.0,2.83,0.2791,30.0,0.0
4513,34.76,1.42,0.0,0.0,3.35,0.2551,30.0,0.0
4514,34.76,2.32,0.0,0.0,2.45,0.2266,30.0,0.0
4515,34.76,1.09,0.0,0.0,3.67,0.2057,30.0,0.0
4516,34.76,1.49,0.0,0.0,3.28,0.1745,30.0,0.0
4517,34.76,2.2,0.0,0.0,2.56,0.1466,30.0,0.0
4518,34.76,1.85,0.0,0.0,2.91,0.1248,30.0,0.0
4519,36.71,0.0,8.77,0.0,0.0,0.1,27.94,0.0
4520,38.59,0.02,17.98,0.0,0.0,0.1,20.59,0.0
4521,40.32,1.88,25.82,0.0,0.0,0.1,12.62,0.0
4522,41.83,0.0,31.62,0.0,0.0,0.1,10.21,0.0
4523,43.08,2.89,34.49,0.0,0.0,0.1,5.7,0.0
4524,44.0,1.62,36.8,6.56,0.0,0.1,12.13,0.0
4525,44.57,1.62,35.54,22.59,0.0,0.1504,30.0,0.0
4526,44.76,0.0,31.76,17.0,0.0,0.3239,30.0,0.0
4527,44.57,1.45,24.49,11.37,0.0,0.4546,30.0,0.0
4528,44.0,0.62,16.92,3.54,0.0,0.5419,30.0,0.0
4529,43.08,0.27,7.81,0.0,5.0,0.5691,30.0,0.0
4530,41.83,1.61,0.0,0.0,10.23,0.5265,30.0,0.0
4531,40.32,3.02,0.0,0.0,7.3,0.4394,30.0,0.0
4532,38.59,2.75,0.0,0.0,5.84,0.3773,30.0,0.0
4533,36.71,1.14,0.0,0.0,5.57,0.3275,30.0,0.0
4534,34.76,3.58,0.0,0.0,1.19,0.2801,30.0,0.0
4535,34.76,1.82,0.0,0.0,2.94,0.27,30.0,0.0
4536,34.72,3.04,0.0,0.0,1.68,0.245,30.0,0.0
4537,34.72,2.29,0.0,0.0,2.44,0.2307,30.0,0.0
4538,34.72,2.26,0.0,0.0,2.46,0.2099,30.0,0.0
4539,34.72,3.4,0.0,0.0,1.33,0.189,30.0,0.0
4540,34.72,0.64,0.0,0.0,4.08,0.1777,30.0,0.0
4541,34.72,4.4,0.0,0.0,0.33,0.143,30.0,0.0
4542,34.72,0.0,0.0,0.0,4.72,0.1402,30.0,0.0
4543,36.67,0.21,9.17,0.0,0.0,0.1,27.3,0.0
4544,38.55,1.2,17.23,0.0,0.0,0.1,20.12,0.0
4545,40.28,1.21,25.39,0.0,0.0,0.1,13.68,0.0
4546,41.79,0.05,30.58,0.0,0.0,0.1,11.15,0.0
4547,43.04,0.0,34.72,0.0,0.0,0.1,8.31,0.0
4548,43.96,0.57,36.73,7.76,0.0,0.1,14.42,0.0
4549,44.53,0.0,34.49,19.96,0.0,0.1596,30.0,0.0
4550,44.72,2.1,30.25,17.63,0.0,0.313,30.0,0.0
4551,44.53,1.56,25.19,12.22,0.0,0.4485,30.0,0.0
4552,43.96,1.89,16.85,4.78,0.0,0.5424,30.0,0.0
4553,43.04,0.0,7.76,0.0,5.28,0.5791,30.0,0.0
4554,41.79,1.27,0.0,0.0,10.52,0.5342,30.0,0.0
4555,40.28,1.32,0.0,0.0,8.96,0.4446,30.0,0.0
4556,38.55,0.69,0.0,0.0,7.86,0.3683,30.0,0.0
4557,36.67,2.84,0.0,0.0,3.83,0.3014,30.0,0.0
4558,34.72,1.83,0.0,0.0,2.89,0.2688,30.0,0.0
4559,34.72,3.6,0.0,0.0,1.12,0.2441,30.0,0.0
4560,34.68,1.28,0.0,0.0,3.39,0.2346,30.0,0.0
4561,34.68,5.06,0.0,0.38,0.0,0.2057,30.0,0.0
4562,34.68,1.34,0.0,0.0,3.34,0.2086,30.0,0.0
4563,34.68,2.65,0.0,0.0,2.03,0.1801,30.0,0.0
4564,34.68,3.15,0.0,0.0,1.53,0.1629,30.0,0.0
4565,34.68,0.95,0.0,0.0,3.72,0.1499,30.0,0.0
4566,34.68,2.55,0.0,0.0,2.13,0.1181,30.0,0.0
4567,36.63,0.0,8.43,0.0,0.0,0.1,28.2,0.0
4568,38.5,2.68,17.43,0.0,0.0,0.1,18.39,0.0
4569,40.23,0.43,24.72,0.0,0.0,0.1,15.09,0.0
4570,41.75,0.0,31.34,0.0,0.0,0.1,10.41,0.0
4571,42.99,0.0,33.92,0.0,0.0,0.1,9.07,0.0
4572,43.92,1.12,35.68,3.92,0.0,0.1,11.04,0.0
4573,44.49,0.0,34.67,20.19,0.0,0.1301,30.0,0.0
4574,44.68,0.0,31.88,17.2,0.0,0.2852,30.0,0.0
4575,44.49,0.11,25.06,10.68,0.0,0.4174,30.0,0.0
4576,43.92,0.0,16.94,3.03,0.0,0.4995,30.0,0.0
4577,42.99,3.52,8.92,0.0,0.55,0.5227,30.0,0.0
4578,41.75,0.61,0.0,0.0,11.14,0.5181,30.0,0.0
4579,40.23,2.87,0.0,0.0,7.36,0.4232,30.0,0.0
4580,38.5,2.35,0.0,0.0,6.15,0.3605,30.0,0.0
4581,36.63,1.0,0.0,0.0,5.63,0.3081,30.0,0.0
4582,34.68,2.56,0.0,0.0,2.12,0.2602,30.0,0.0
4583,34.68,3.78,0.0,0.0,0.9,0.2421,30.0,0.0
4584,34.64,2.5,0.0,0.0,2.14,0.2345,30.0,0.0
4585,34.64,4.34,0.0,0.0,0.3,0.2162,30.0,0.0
4586,34.64,3.97,0.0,0.0,0.67,0.2137,30.0,0.0
4587,34.64,3.61,0.0,0.0,1.03,0.208,30.0,0.0
4588,34.64,1.44,0.0,0.0,3.2,0.1993,30.0,0.0
4589,34.64,0.26,0.0,0.0,4.38,0.1721,30.0,0.0
4590,34.64,0.54,0.0,0.0,4.09,0.1348,30.0,0.0
4591,36.59,1.3,8.82,0.0,0.0,0.1,26.47,0.0
4592,38.46,1.45,18.13,0.0,0.0,0.1,18.89,0.0
4593,40.19,0.0,25.98,0.0,0.0,0.1,14.22,0.0
4594,41.71,0.19,30.11,0.0,0.0,0.1,11.41,0.0
4595,42.95,0.28,34.94,0.0,0.0,0.1,7.73,0.0
4596,43.87,0.0,35.33,0.0,0.0,0.1,8.54,0.0
4597,44.44,1.83,35.5,21.92,0.0,0.1,29.04,0.0
4598,44.64,0.78,31.03,17.17,0.0,0.2685,30.0,0.0
4599,44.44,2.21,25.35,13.11,0.0,0.4004,30.0,0.0
4600,43.87,0.4,17.95,4.48,0.0,0.5011,30.0,0.0
4601,42.95,2.31,8.16,0.0,2.47,0.5356,30.0,0.0
4602,41.71,3.62,0.0,0.0,8.08,0.5145,30.0,0.0
4603,40.19,3.53,0.0,0.0,6.66,0.4457,30.0,0.0
4604,38.46,0.57,0.0,0.0,7.89,0.389,30.0,0.0
4605,36.59,2.0,0.0,0.0,4.58,0.3218,30.0,0.0
4606,34.64,2.1,0.0,0.0,2.54,0.2828,30.0,0.0
4607,34.64,3.38,0.0,0.0,1.26,0.2612,30.0,0.0
4608,34.59,3.7,0.0,0.0,0.9,0.2505,30.0,0.0
4609,34.59,1.56,0.0,0.0,3.03,0.2429,30.0,0.0
4610,34.59,2.67,0.0,0.0,1.93,0.2171,30.0,0.0
4611,34.59,0.0,0.0,0.0,4.59,0.2007,30.0,0.0
4612,34.59,4.05,0.0,0.0,0.55,0.1615,30.0,0.0
4613,34.59,1.04,0.0,0.0,3.55,0.1569,30.0,0.0
4614,34.59,1.46,0.0,0.0,3.13,0.1266,30.0,0.0
4615,36.54,0.61,7.68,0.0,0.0,0.1,28.25,0.0
4616,38.42,2.27,17.84,0.0,0.0,0.1,18.31,0.0
4617,40.15,0.0,25.76,0.0,0.0,0.1,14.39,0.0
4618,41.66,0.18,31.7,0.0,0.0,0.1,9.79,0.0
4619,42.91,0.0,33.97,0.0,0.0,0.1,8.94,0.0
4620,43.83,0.0,36.39,7.59,0.0,0.1,15.03,0.0
4621,44.4,2.43,35.0,23.03,0.0,0.1583,30.0,0.0
4622,44.59,0.0,31.35,16.76,0.0,0.3352,30.0,0.0
4623,44.4,1.48,24.66,11.74,0.0,0.464,30.0,0.0
4624,43.83,1.19,16.79,4.15,0.0,0.5542,30.0,0.0
4625,42.91,2.76,9.05,0.0,1.09,0.5861,30.0,0.0
4626,41.66,0.47,0.0,0.0,11.19,0.5768,30.0,0.0
4627,40.15,0.74,0.0,0.0,9.41,0.4815,30.0,0.0
4628,38.42,3.57,0.0,0.0,4.85,0.4014,30.0,0.0
4629,36.54,2.94,0.0,0.0,3.61,0.3601,30.0,0.0
4630,34.59,0.46,0.0,0.0,4.14,0.3294,30.0,0.0
4631,34.59,1.97,0.0,0.0,2.62,0.2942,30.0,0.0
4632,34.55,3.29,0.0,0.0,1.26,0.2719,30.0,0.0
4633,34.55,3.86,0.0,0.0,0.69,0.2612,30.0,0.0
4634,34.55,1.65,0.0,0.0,2.9,0.2553,30.0,0.0
4635,34.55,0.0,0.0,0.0,4.55,0.2306,30.0,0.0
4636,34.55,2.79,0.0,0.0,1.76,0.1918,30.0,0.0
4637,34.55,0.08,0.0,0.0,4.48,0.1769,30.0,0.0
4638,34.55,0.0,0.0,0.0,4.55,0.1387,30.0,0.0
4639,36.5,0.0,9.26,0.0,0.0,0.1,27.24,0.0
4640,38.38,1.82,17.56,0.0,0.0,0.1,19.0,0.0
4641,40.11,0.6,25.65,0.0,0.0,0.1,13.86,0.0
4642,41.62,0.0,31.6,0.0,0.0,0.1,10.03,0.0
4643,42.87,1.97,35.36,0.0,0.0,0.1,5.54,0.0
4644,43.79,0.89,35.24,1.37,0.0,0.1,9.03,0.0
4645,44.36,2.28,33.99,21.91,0.0,0.1106,30.0,0.0
4646,44.55,0.0,30.96,16.41,0.0,0.279,30.0,0.0
4647,44.36,0.38,24.88,10.9,0.0,0.4051,30.0,0.0
4648,43.79,0.0,17.97,4.18,0.0,0.4889,30.0,0.0
4649,42.87,0.72,7.82,0.0,4.33,0.521,30.0,0.0
4650,41.62,1.05,0.0,0.0,10.57,0.4842,30.0,0.0
4651,40.11,2.6,0.0,0.0,7.5,0.3942,30.0,0.0
4652,38.38,2.14,0.0,0.0,6.24,0.3303,30.0,0.0
4653,36.5,3.21,0.0,0.0,3.29,0.2772,30.0,0.0
4654,34.55,3.54,0.0,0.0,1.01,0.2492,30.0,0.0
4655,34.55,5.66,0.0,1.11,0.0,0.2406,30.0,0.0
4656,34.51,2.33,0.0,0.0,2.17,0.2491,30.0,0.0
4657,34.51,1.43,0.0,0.0,3.08,0.2306,30.0,0.0
4658,34.51,2.92,0.0,0.0,1.59,0.2044,30.0,0.0
4659,34.51,1.27,0.0,0.0,3.24,0.1909,30.0,0.0
4660,34.51,4.11,0.0,0.0,0.4,0.1633,30.0,0.0
4661,34.51,1.36,0.0,0.0,3.15,0.1599,30.0,0.0
4662,34.51,0.62,0.0,0.0,3.89,0.1331,30.0,0.0
4663,36.46,0.0,9.44,0.0,0.0,0.1,27.02,0.0
4664,38.34,1.7,6.64,0.0,0.0,0.1,30.0,0.0
4665,40.06,0.21,24.74,0.0,0.0,0.1,15.11,0.0
4666,41.58,0.0,30.14,0.0,0.0,0.1,11.44,0.0
4667,42.82,2.35,34.49,0.0,0.0,0.1,5.97,0.0
4668,43.75,0.0,36.57,3.01,0.0,0.1,10.18,0.0
4669,44.32,0.12,34.43,20.24,0.0,0.1231,30.0,0.0
4670,44.51,1.1,30.23,16.83,0.0,0.2786,30.0,0.0
4671,44.32,0.0,24.74,10.42,0.0,0.4079,30.0,0.0
4672,43.75,1.37,16.8,4.42,0.0,0.488,30.0,0.0
4673,42.82,0.0,9.26,0.0,3.56,0.522,30.0,0.0
4674,41.58,2.52,0.0,0.0,9.06,0.4917,30.0,0.0
4675,40.06,0.43,0.0,0.0,9.63,0.4146,30.0,0.0
4676,38.34,3.03,0.0,0.0,5.31,0.3326,30.0,0.0
4677,36.46,3.88,0.0,0.0,2.58,0.2874,30.0,0.0
4678,34.51,3.76,0.0,0.0,0.75,0.2654,30.0,0.0
4679,34.51,3.06,0.0,0.0,1.45,0.2591,30.0,0.0
4680,34.47,2.45,0.0,0.0,2.01,0.2467,30.0,0.0
4681,34.47,1.93,0.0,0.0,2.53,0.2296,30.0,0.0
4682,34.47,4.6,0.0,0.13,0.0,0.208,30.0,0.0
4683,34.47,1.41,0.0,0.0,3.05,0.2091,30.0,0.0
4684,34.47,0.67,0.0,0.0,3.8,0.1831,30.0,0.0
4685,34.47,2.67,0.0,0.0,1.8,0.1507,30.0,0.0
4686,34.47,0.31,0.0,0.0,4.16,0.1354,30.0,0.0
4687,36.42,0.0,8.23,0.0,0.0,0.1,28.19,0.0
4688,38.29,0.0,16.64,0.0,0.0,0.1,21.66,0.0
4689,40.02,0.0,25.29,0.0,0.0,0.1,14.74,0.0
4690,41.54,0.1,31.33,0.0,0.0,0.1,10.11,0.0
4691,42.78,0.41,35.27,0.0,0.0,0.1,7.1,0.0
4692,43.7,1.33,35.34,0.87,0.0,0.1,7.9,0.0
4693,44.27,0.8,34.14,20.66,0.0,0.1067,30.0,0.0
4694,44.47,0.0,30.6,16.14,0.0,0.2655,30.0,0.0
4695,44.27,0.16,24.45,10.33,0.0,0.3895,30.0,0.0
4696,43.7,1.41,17.52,5.23,0.0,0.4689,30.0,0.0
4697,42.78,2.79,9.28,0.0,0.71,0.5091,30.0,0.0
4698,41.54,1.57,0.0,0.0,9.96,0.5031,30.0,0.0
4699,40.02,1.11,0.0,0.0,8.91,0.4182,30.0,0.0
4700,38.29,0.73,0.0,0.0,7.57,0.3424,30.0,0.0
4701,36.42,0.39,0.0,0.0,6.03,0.2779,30.0,0.0
4702,34.47,3.5,0.0,0.0,0.97,0.2266,30.0,0.0
4703,34.47,3.51,0.0,0.0,0.95,0.2184,30.0,0.0
4704,34.42,3.57,0.0,0.0,0.86,0.2103,30.0,0.0
4705,34.42,2.55,0.0,0.0,1.87,0.203,30.0,0.0
4706,34.42,4.52,0.0,0.09,0.0,0.187,30.0,0.0
4707,34.42,1.71,0.0,0.0,2.71,0.1878,30.0,0.0
4708,34.42,3.4,0.0,0.0,1.03,0.1647,30.0,0.0
4709,34.42,1.71,0.0,0.0,2.72,0.1559,30.0,0.0
4710,34.42,0.57,0.0,0.0,3.85,0.1328,30.0,0.0
4711,36.38,1.86,7.66,0.0,0.0,0.1,26.85,0.0
4712,38.25,0.0,17.03,0.0,0.0,0.1,21.22,0.0
4713,39.98,0.93,24.82,0.0,0.0,0.1,14.23,0.0
4714,41.5,0.33,30.3,0.0,0.0,0.1,10.86,0.0
4715,42.74,0.03,34.42,0.0,0.0,0.1,8.29,0.0
4716,43.66,3.31,35.03,0.0,0.0,0.1,5.32,0.0
4717,44.23,1.71,34.54,21.87,0.0,0.1,29.86,0.0
4718,44.42,1.21,31.55,18.34,0.0,0.2681,30.0,0.0
4719,44.23,0.59,25.55,11.91,0.0,0.409,30.0,0.0
4720,43.66,2.1,17.5,5.93,0.0,0.5005,30.0,0.0
4721,42.74,1.76,8.67,0.0,2.31,0.5461,30.0,0.0
4722,41.5,1.44,0.0,0.0,10.05,0.5265,30.0,0.0
4723,39.98,1.34,0.0,0.0,8.64,0.4409,30.0,0.0
4724,38.25,1.98,0.0,0.0,6.27,0.3673,30.0,0.0
4725,36.38,0.0,0.0,0.0,6.38,0.3139,30.0,0.0
4726,34.42,2.88,0.0,0.0,1.54,0.2596,30.0,0.0
4727,34.42,2.06,0.0,0.0,2.36,0.2465,30.0,0.0
4728,34.38,4.96,0.0,0.58,0.0,0.2264,30.0,0.0
4729,34.38,2.76,0.0,0.0,1.62,0.2308,30.0,0.0
4730,34.38,0.97,0.0,0.0,3.41,0.217,30.0,0.0
4731,34.38,2.31,0.0,0.0,2.07,0.188,30.0,0.0
4732,34.38,0.66,0.0,0.0,3.72,0.1703,30.0,0.0
4733,34.38,2.41,0.0,0.0,1.97,0.1387,30.0,0.0
4734,34.38,1.81,0.0,0.0,2.57,0.1219,30.0,0.0
4735,36.33,2.37,9.31,0.0,0.0,0.1,24.65,0.0
4736,38.21,0.0,17.39,0.0,0.0,0.1,20.82,0.0
4737,39.94,0.49,24.75,0.0,0.0,0.1,14.7,0.0
4738,41.45,0.0,30.09,0.0,0.0,0.1,11.37,0.0
4739,42.7,1.05,35.33,0.0,0.0,0.1,6.32,0.0
4740,43.62,0.75,35.12,2.52,0.0,0.1,10.26,0.0
4741,44.19,0.77,34.47,21.05,0.0,0.1193,30.0,0.0
4742,44.38,0.23,30.03,15.87,0.0,0.2811,30.0,0.0
4743,44.19,1.01,25.7,12.52,0.0,0.4031,30.0,0.0
4744,43.62,2.92,17.88,7.18,0.0,0.4993,30.0,0.0
4745,42.7,0.67,8.56,0.0,3.47,0.5544,30.0,0.0
4746,41.45,1.6,0.0,0.0,9.85,0.5249,30.0,0.0
4747,39.94,0.28,0.0,0.0,9.66,0.441,30.0,0.0
4748,38.21,0.91,0.0,0.0,7.3,0.3587,30.0,0.0
4749,36.33,2.51,0.0,0.0,3.82,0.2966,30.0,0.0
4750,34.38,4.11,0.0,0.0,0.27,0.264,30.0,0.0
4751,34.38,2.38,0.0,0.0,2.0,0.2617,30.0,0.0
4752,34.34,2.46,0.0,0.0,1.88,0.2447,30.0,0.0
4753,34.34,2.18,0.0,0.0,2.16,0.2287,30.0,0.0
4754,34.34,1.87,0.0,0.0,2.47,0.2103,30.0,0.0
4755,34.34,2.79,0.0,0.0,1.55,0.1893,30.0,0.0
4756,34.34,0.05,0.0,0.0,4.29,0.1761,30.0,0.0
4757,34.34,3.53,0.0,0.0,0.81,0.1396,30.0,0.0
4758,34.34,0.51,0.0,0.0,3.83,0.1326,30.0,0.0
4759,36.29,2.05,8.13,0.0,0.0,0.1,26.11,0.0
4760,38.17,0.0,17.73,0.0,0.0,0.1,20.44,0.0
4761,39.9,0.0,24.57,0.0,0.0,0.1,15.33,0.0
4762,41.41,1.15,29.86,0.0,0.0,0.1,10.4,0.0
4763,42.66,0.62,33.92,0.0,0.0,0.1,8.11,0.0
4764,43.58,0.0,34.95,3.58,0.0,0.1,12.21,0.0
4765,44.15,0.44,35.03,21.32,0.0,0.1275,30.0,0.0
4766,44.34,0.0,30.73,16.39,0.0,0.2913,30.0,0.0
4767,44.15,0.1,25.47,11.42,0.0,0.4172,30.0,0.0
4768,43.58,2.14,17.18,5.74,0.0,0.505,30.0,0.0
4769,42.66,2.15,8.29,0.0,2.21,0.5491,30.0,0.0
4770,41.41,1.44,0.0,0.0,9.97,0.5303,30.0,0.0
4771,39.9,0.44,0.0,0.0,9.46,0.4454,30.0,0.0
4772,38.17,2.99,0.0,0.0,5.18,0.3648,30.0,0.0
4773,36.29,2.41,0.0,0.0,3.88,0.3207,30.0,0.0
4774,34.34,0.0,0.0,0.0,4.34,0.2877,30.0,0.0
4775,34.34,3.81,0.0,0.0,0.53,0.2507,30.0,0.0
4776,34.3,2.76,0.0,0.0,1.54,0.2462,30.0,0.0
4777,34.3,4.39,0.0,0.09,0.0,0.2331,30.0,0.0
4778,34.3,1.11,0.0,0.0,3.19,0.2338,30.0,0.0
4779,34.3,0.0,0.0,0.0,4.3,0.2067,30.0,0.0
4780,34.3,2.49,0.0,0.0,1.81,0.1701,30.0,0.0
4781,34.3,2.18,0.0,0.0,2.12,0.1547,30.0,0.0
4782,34.3,0.0,0.0,0.0,4.3,0.1366,30.0,0.0
4783,36.25,0.0,9.33,0.0,0.0,0.1,26.92,0.0
4784,38.13,4.51,16.9,0.0,0.0,0.1,16.71,0.0
4785,39.86,0.04,24.07,0.0,0.0,0.1,15.75,0.0
4786,41.37,1.24,30.8,0.0,0.0,0.1,9.34,0.0
4787,42.61,0.0,34.75,0.0,0.0,0.1,7.86,0.0
4788,43.54,0.0,28.23,14.69,0.0,0.1,30.0,0.0
4789,44.11,0.0,33.79,19.68,0.0,0.2129,30.0,0.0
4790,44.3,0.0,30.38,16.09,0.0,0.3641,30.0,0.0
4791,44.11,0.0,23.96,9.85,0.0,0.4877,30.0,0.0
4792,43.54,0.58,16.47,3.51,0.0,0.5635,30.0,0.0
4793,42.61,1.43,9.31,0.0,1.87,0.5905,30.0,0.0
4794,41.37,1.22,0.0,0.0,10.15,0.5745,30.0,0.0
4795,39.86,0.05,0.0,0.0,9.81,0.4881,30.0,0.0
4796,38.13,2.77,0.0,0.0,5.35,0.4046,30.0,0.0
4797,36.25,0.0,0.0,0.0,6.25,0.359,30.0,0.0
4798,34.3,0.0,0.0,0.0,4.3,0.3058,30.0,0.0
4799,34.3,3.76,0.0,0.0,0.54,0.2692,30.0,0.0
4800,34.26,3.49,0.0,0.0,0.76,0.2646,30.0,0.0
4801,34.26,2.67,0.0,0.0,1.58,0.2581,30.0,0.0
4802,34.26,0.71,0.0,0.0,3.55,0.2446,30.0,0.0
4803,34.26,1.43,0.0,0.0,2.83,0.2143,30.0,0.0
4804,34.26,1.76,0.0,0.0,2.5,0.1903,30.0,0.0
4805,34.26,0.0,0.0,0.0,4.26,0.1689,30.0,0.0
4806,34.26,0.42,0.0,0.0,3.84,0.1327,30.0,0.0
4807,36.21,1.97,7.66,0.0,0.0,0.1,26.58,0.0
4808,38.09,2.7,17.73,0.0,0.0,0.1,17.65,0.0
4809,39.81,0.0,24.98,0.0,0.0,0.1,14.84,0.0
4810,41.33,1.28,30.79,0.0,0.0,0.1,9.26,0.0
4811,42.57,0.0,33.6,0.0,0.0,0.1,8.97,0.0
4812,43.5,0.96,34.91,0.0,0.0,0.1,7.63,0.0
4813,44.07,0.0,33.6,16.46,0.0,0.1,26.93,0.0
4814,44.26,0.67,30.39,16.79,0.0,0.2265,30.0,0.0
4815,44.07,0.12,25.29,11.35,0.0,0.3556,30.0,0.0
4816,43.5,2.55,17.85,6.9,0.0,0.4428,30.0,0.0
4817,42.57,0.0,9.21,0.0,3.37,0.4958,30.0,0.0
4818,41.33,2.29,0.0,0.0,9.04,0.4672,30.0,0.0
4819,39.81,1.4,0.0,0.0,8.41,0.3902,30.0,0.0
4820,38.09,1.9,0.0,0.0,6.19,0.3186,30.0,0.0
4821,36.21,2.15,0.0,0.0,4.06,0.2659,30.0,0.0
4822,34.26,1.46,0.0,0.0,2.8,0.2313,30.0,0.0
4823,34.26,2.73,0.0,0.0,1.52,0.2075,30.0,0.0
4824,34.22,2.72,0.0,0.0,1.5,0.1945,30.0,0.0
4825,34.22,3.09,0.0,0.0,1.13,0.1818,30.0,0.0
4826,34.22,2.74,0.0,0.0,1.48,0.1722,30.0,0.0
4827,34.22,3.5,0.0,0.0,0.72,0.1596,30.0,0.0
4828,34.22,3.39,0.0,0.0,0.83,0.1535,30.0,0.0
4829,34.22,0.35,0.0,0.0,3.86,0.1464,30.0,0.0
4830,34.22,2.63,0.0,0.0,1.59,0.1135,30.0,0.0
4831,36.17,0.0,8.71,0.0,0.0,0.1,27.46,0.0
4832,38.04,1.56,18.13,0.0,0.0,0.1,18.35,0.0
4833,39.77,1.32,25.02,0.0,0.0,0.1,13.43,0.0
4834,41.29,0.0,30.44,0.0,0.0,0.1,10.85,0.0
4835,42.53,0.24,34.51,0.0,0.0,0.1,7.78,0.0
4836,43.46,0.0,36.08,0.0,0.0,0.1,7.37,0.0
4837,44.03,0.0,34.32,16.21,0.0,0.1,25.91,0.0
4838,44.22,2.1,30.83,18.71,0.0,0.2246,30.0,0.0
4839,44.03,0.0,23.88,9.86,0.0,0.3684,30.0,0.0
4840,43.46,0.0,17.13,3.68,0.0,0.4441,30.0,0.0
4841,42.53,1.19,8.56,0.0,2.79,0.4724,30.0,0.0
4842,41.29,2.38,0.0,0.0,8.91,0.4487,30.0,0.0
4843,39.77,1.6,0.0,0.0,8.17,0.3728,30.0,0.0
4844,38.04,3.72,0.0,0.0,4.32,0.3032,30.0,0.0
4845,36.17,3.13,0.0,0.0,3.03,0.2664,30.0,0.0
4846,34.22,0.0,0.0,0.0,4.22,0.2405,30.0,0.0
4847,34.22,2.04,0.0,0.0,2.18,0.2046,30.0,0.0
4848,34.18,2.05,0.0,0.0,2.13,0.186,30.0,0.0
4849,34.18,3.42,0.0,0.0,0.75,0.1679,30.0,0.0
4850,34.18,0.0,0.0,0.0,4.18,0.1615,30.0,0.0
4851,34.18,5.9,0.0,1.73,0.0,0.1259,30.0,0.0
4852,34.18,2.86,0.0,0.0,1.32,0.1392,30.0,0.0
4853,34.18,2.0,0.0,0.0,2.17,0.128,30.0,0.0
4854,34.18,3.06,0.0,0.0,1.11,0.1095,30.0,0.0
4855,36.13,4.3,8.66,0.0,0.0,0.1,23.16,0.0
4856,38.0,1.95,17.32,0.0,0.0,0.1,18.73,0.0
4857,39.73,1.78,24.28,0.0,0.0,0.1,13.68,0.0
4858,41.25,0.44,30.38,0.0,0.0,0.1,10.43,0.0
4859,42.49,0.0,33.47,0.0,0.0,0.1,9.02,0.0
4860,43.42,0.0,35.02,2.41,0.0,0.1,10.8,0.0
4861,43.98,0.0,33.54,19.56,0.0,0.1185,30.0,0.0
4862,44.18,0.0,30.39,16.21,0.0,0.2688,30.0,0.0
4863,43.98,0.0,24.68,10.7,0.0,0.3933,30.0,0.0
4864,43.42,0.66,16.35,3.59,0.0,0.4755,30.0,0.0
4865,42.49,0.0,8.63,0.0,3.87,0.5031,30.0,0.0
4866,41.25,1.71,0.0,0.0,9.54,0.4702,30.0,0.0
4867,39.73,1.75,0.0,0.0,7.98,0.389,30.0,0.0
4868,38.0,2.33,0.0,0.0,5.67,0.321,30.0,0.0
4869,36.13,1.7,0.0,0.0,4.43,0.2727,30.0,0.0
4870,34.18,6.84,0.0,2.67,0.0,0.235,30.0,0.0
4871,34.18,4.63,0.0,0.45,0.0,0.2555,30.0,0.0
4872,34.14,1.12,0.0,0.0,3.02,0.259,30.0,0.0
4873,34.14,3.1,0.0,0.0,1.04,0.2333,30.0,0.0
4874,34.14,1.81,0.0,0.0,2.33,0.2245,30.0,0.0
4875,34.14,1.03,0.0,0.0,3.1,0.2046,30.0,0.0
4876,34.14,0.3,0.0,0.0,3.83,0.1782,30.0,0.0
4877,34.14,2.4,0.0,0.0,1.74,0.1456,30.0,0.0
4878,34.14,0.52,0.0,0.0,3.62,0.1308,30.0,0.0
4879,36.09,2.42,8.82,0.0,0.0,0.1,24.84,0.0
4880,37.96,2.13,17.53,0.0,0.0,0.1,18.3,0.0
4881,39.69,2.37,25.37,0.0,0.0,0.1,11.96,0.0
4882,41.21,0.0,30.03,0.0,0.0,0.1,11.18,0.0
4883,42.45,0.78,34.31,0.0,0.0,0.1,7.36,0.0
4884,43.37,0.0,34.68,6.71,0.0,0.1,15.4,0.0
4885,43.94,0.0,34.11,20.16,0.0,0.1515,30.0,0.0
4886,44.14,0.0,31.17,17.04,0.0,0.3065,30.0,0.0
4887,43.94,2.69,23.76,12.5,0.0,0.4374,30.0,0.0
4888,43.37,1.08,16.59,4.3,0.0,0.5335,30.0,0.0
4889,42.45,1.97,8.88,0.0,1.6,0.5665,30.0,0.0
4890,41.21,0.33,0.0,0.0,10.88,0.5529,30.0,0.0
4891,39.69,0.14,0.0,0.0,9.55,0.4602,30.0,0.0
4892,37.96,1.36,0.0,0.0,6.6,0.3789,30.0,0.0
4893,36.09,2.25,0.0,0.0,3.83,0.3227,30.0,0.0
4894,34.14,1.18,0.0,0.0,2.95,0.29,30.0,0.0
4895,34.14,2.76,0.0,0.0,1.37,0.2649,30.0,0.0
4896,34.1,0.52,0.0,0.0,3.58,0.2532,30.0,0.0
4897,34.1,1.25,0.0,0.0,2.84,0.2227,30.0,0.0
4898,34.1,3.57,0.0,0.0,0.53,0.1985,30.0,0.0
4899,34.1,3.26,0.0,0.0,0.84,0.194,30.0,0.0
4900,34.1,1.61,0.0,0.0,2.49,0.1868,30.0,0.0
4901,34.1,0.42,0.0,0.0,3.67,0.1657,30.0,0.0
4902,34.1,0.06,0.0,0.0,4.04,0.1344,30.0,0.0
4903,36.05,0.0,8.19,0.0,0.0,0.1,27.85,0.0
4904,37.92,1.66,17.31,0.0,0.0,0.1,18.95,0.0
4905,39.65,1.76,24.08,0.0,0.0,0.1,13.81,0.0
4906,41.17,0.0,29.93,0.0,0.0,0.1,11.24,0.0
4907,42.41,0.0,33.34,0.0,0.0,0.1,9.07,0.0
4908,43.33,0.46,36.0,0.0,0.0,0.1,6.88,0.0
4909,43.9,0.0,33.85,4.96,0.0,0.1,15.02,0.0
4910,44.1,0.0,29.96,15.87,0.0,0.1381,30.0,0.0
4911,43.9,2.31,25.55,13.95,0.0,0.2601,30.0,0.0
4912,43.33,1.91,16.95,5.53,0.0,0.3673,30.0,0.0
4913,42.41,1.32,8.69,0.0,2.4,0.4098,30.0,0.0
4914,41.17,0.0,0.0,0.0,11.17,0.3894,30.0,0.0
4915,39.65,2.11,0.0,0.0,7.55,0.2943,30.0,0.0
4916,37.92,3.6,0.0,0.0,4.32,0.23,30.0,0.0
4917,36.05,1.92,0.0,0.0,4.13,0.1932,30.0,0.0
4918,34.1,4.5,0.0,0.4,0.0,0.1581,30.0,0.0
4919,34.1,4.55,0.0,0.46,0.0,0.1612,30.0,0.0
4920,34.06,5.12,0.0,1.06,0.0,0.1647,30.0,0.0
4921,34.06,3.21,0.0,0.0,0.84,0.1728,30.0,0.0
4922,34.06,3.46,0.0,0.0,0.59,0.1657,30.0,0.0
4923,34.06,4.38,0.0,0.32,0.0,0.1606,30.0,0.0
4924,34.06,2.77,0.0,0.0,1.29,0.163,30.0,0.0
4925,34.06,1.14,0.0,0.0,2.92,0.1521,30.0,0.0
4926,34.06,0.86,0.0,0.0,3.2,0.1272,30.0,0.0
4927,36.01,1.44,8.3,0.0,0.0,0.1,26.27,0.0
4928,37.88,0.0,16.37,0.0,0.0,0.1,21.52,0.0
4929,39.61,0.31,24.5,0.0,0.0,0.1,14.8,0.0
4930,41.13,1.79,29.58,0.0,0.0,0.1,9.76,0.0
4931,42.37,0.0,34.43,0.0,0.0,0.1,7.95,0.0
4932,43.29,2.2,35.29,0.0,0.0,0.1,5.8,0.0
4933,43.86,1.68,33.89,11.82,0.0,0.1,20.11,0.0
4934,44.06,0.0,30.61,16.56,0.0,0.1908,30.0,0.0
4935,43.86,1.25,24.89,12.28,0.0,0.3181,30.0,0.0
4936,43.29,0.79,17.75,5.25,0.0,0.4124,30.0,0.0
4937,42.37,2.8,9.02,0.0,0.55,0.4527,30.0,0.0
4938,41.13,2.82,0.0,0.0,8.31,0.448,30.0,0.0
4939,39.61,0.0,0.0,0.0,9.61,0.3773,30.0,0.0
4940,37.88,2.96,0.0,0.0,4.92,0.2954,30.0,0.0
4941,36.01,2.16,0.0,0.0,3.85,0.2535,30.0,0.0
4942,34.06,2.77,0.0,0.0,1.29,0.2207,30.0,0.0
4943,34.06,1.8,0.0,0.0,2.26,0.2098,30.0,0.0
4944,34.02,5.24,0.0,1.23,0.0,0.1906,30.0,0.0
4945,34.02,4.23,0.0,0.21,0.0,0.2,30.0,0.0
4946,34.02,1.65,0.0,0.0,2.36,0.2016,30.0,0.0
4947,34.02,0.62,0.0,0.0,3.4,0.1815,30.0,0.0
4948,34.02,1.64,0.0,0.0,2.38,0.1526,30.0,0.0
4949,34.02,2.43,0.0,0.0,1.59,0.1323,30.0,0.0
4950,34.02,1.81,0.0,0.0,2.21,0.1188,30.0,0.0
4951,35.97,2.84,8.31,0.0,0.0,0.1,24.81,0.0
4952,37.84,1.88,17.59,0.0,0.0,0.1,18.38,0.0
4953,39.57,1.84,25.41,0.0,0.0,0.1,12.32,0.0
4954,41.09,0.74,31.1,0.0,0.0,0.1,9.25,0.0
4955,42.33,0.0,34.05,0.0,0.0,0.1,8.28,0.0
4956,43.25,0.0,34.45,0.0,0.0,0.1,8.81,0.0
4957,43.82,1.61,33.51,20.78,0.0,0.1,29.48,0.0
4958,44.02,0.22,30.0,16.21,0.0,0.2597,30.0,0.0
4959,43.82,1.2,23.7,11.08,0.0,0.3842,30.0,0.0
4960,43.25,0.36,16.35,3.45,0.0,0.4694,30.0,0.0
4961,42.33,0.0,8.53,0.0,3.81,0.4959,30.0,0.0
4962,41.09,1.31,0.0,0.0,9.78,0.4635,30.0,0.0
4963,39.57,2.26,0.0,0.0,7.31,0.3802,30.0,0.0
4964,37.84,1.27,0.0,0.0,6.58,0.3179,30.0,0.0
4965,35.97,2.13,0.0,0.0,3.84,0.262,30.0,0.0
4966,34.02,1.38,0.0,0.0,2.64,0.2292,30.0,0.0
4967,34.02,4.33,0.0,0.32,0.0,0.2068,30.0,0.0
4968,33.98,2.46,0.0,0.0,1.52,0.2092,30.0,0.0
4969,33.98,4.8,0.0,0.82,0.0,0.1963,30.0,0.0
4970,33.98,4.77,0.0,0.79,0.0,0.2026,30.0,0.0
4971,33.98,2.35,0.0,0.0,1.63,0.2087,30.0,0.0
4972,33.98,0.79,0.0,0.0,3.18,0.1948,30.0,0.0
4973,33.98,0.0,0.0,0.0,3.98,0.1677,30.0,0.0
4974,33.98,0.0,0.0,0.0,3.98,0.1339,30.0,0.0
4975,35.93,0.0,8.37,0.0,0.0,0.1,27.56,0.0
4976,37.8,2.69,17.74,0.0,0.0,0.1,17.37,0.0
4977,39.53,0.68,23.75,0.0,0.0,0.1,15.1,0.0
4978,41.05,0.84,30.07,0.0,0.0,0.1,10.14,0.0
4979,42.29,0.0,33.45,0.0,0.0,0.1,8.84,0.0
4980,43.22,0.0,35.28,0.0,0.0,0.1,7.93,0.0
4981,43.78,1.38,33.13,5.11,0.0,0.1,14.38,0.0
4982,43.98,0.7,29.98,16.7,0.0,0.1393,30.0,0.0
4983,43.78,0.32,24.28,10.81,0.0,0.2676,30.0,0.0
4984,43.22,1.58,17.35,5.71,0.0,0.3507,30.0,0.0
4985,42.29,3.37,7.58,0.0,1.34,0.3946,30.0,0.0
4986,41.05,1.19,0.0,0.0,9.86,0.3832,30.0,0.0
4987,39.53,1.94,0.0,0.0,7.59,0.2992,30.0,0.0
4988,37.8,2.44,0.0,0.0,5.37,0.2345,30.0,0.0
4989,35.93,5.73,0.0,0.0,0.19,0.1889,30.0,0.0
4990,33.98,0.0,0.0,0.0,3.98,0.1872,30.0,0.0
4991,33.98,3.75,0.0,0.0,0.23,0.1533,30.0,0.0
4992,33.94,2.71,0.0,0.0,1.23,0.1514,30.0,0.0
4993,33.94,3.6,0.0,0.0,0.34,0.141,30.0,0.0
4994,33.94,1.78,0.0,0.0,2.15,0.1381,30.0,0.0
4995,33.94,2.4,0.0,0.0,1.54,0.1197,30.0,0.0
4996,33.94,3.16,0.0,0.0,0.78,0.1066,30.0,0.0
4997,33.94,6.12,0.0,1.48,0.0,0.1,29.3,0.0
4998,33.94,2.61,0.0,0.0,1.33,0.1113,30.0,0.0
4999,35.89,0.0,9.2,0.0,0.0,0.1,26.68,0.0
5000,37.76,0.23,16.93,0.0,0.0,0.1,20.6,0.0
5001,39.49,0.0,24.95,0.0,0.0,0.1,14.54,0.0
5002,41.01,0.0,29.51,0.0,0.0,0.1,11.5,0.0
5003,42.25,0.0,33.58,0.0,0.0,0.1,8.68,0.0
5004,43.18,1.13,34.96,0.0,0.0,0.1,7.08,0.0
5005,43.75,0.0,33.53,12.75,0.0,0.1,22.96,0.0
5006,43.94,1.75,30.45,18.26,0.0,0.1979,30.0,0.0
5007,43.75,1.2,23.87,11.32,0.0,0.3383,30.0,0.0
5008,43.18,0.0,16.84,3.66,0.0,0.4253,30.0,0.0
5009,42.25,0.95,7.7,0.0,3.6,0.4534,30.0,0.0
5010,41.01,3.69,0.0,0.0,7.32,0.4228,30.0,0.0
5011,39.49,2.86,0.0,0.0,6.64,0.3605,30.0,0.0
5012,37.76,2.2,0.0,0.0,5.57,0.304,30.0,0.0
5013,35.89,2.14,0.0,0.0,3.75,0.2565,30.0,0.0
5014,33.94,2.79,0.0,0.0,1.15,0.2246,30.0,0.0
5015,33.94,2.12,0.0,0.0,1.82,0.2149,30.0,0.0
5016,33.9,0.0,0.0,0.0,3.9,0.1994,30.0,0.0
5017,33.9,5.63,0.0,1.73,0.0,0.1662,30.0,0.0
5018,33.9,2.91,0.0,0.0,0.99,0.1795,30.0,0.0
5019,33.9,3.02,0.0,0.0,0.88,0.1711,30.0,0.0
5020,33.9,2.11,0.0,0.0,1.78,0.1636,30.0,0.0
5021,33.9,0.86,0.0,0.0,3.04,0.1484,30.0,0.0
5022,33.9,1.25,0.0,0.0,2.64,0.1225,30.0,0.0
5023,35.85,0.0,8.17,0.0,0.0,0.1,27.68,0.0
5024,37.73,3.94,16.1,0.0,0.0,0.1,17.68,0.0
5025,39.45,0.0,9.45,0.0,0.0,0.1,30.0,0.0
5026,40.97,0.0,30.19,0.0,0.0,0.1,10.78,0.0
5027,42.21,0.0,32.95,0.0,0.0,0.1,9.26,0.0
5028,43.14,1.9,34.25,0.0,0.0,0.1,6.99,0.0
5029,43.71,0.21,33.57,2.85,0.0,0.1,12.78,0.0
5030,43.9,0.0,30.35,16.45,0.0,0.1219,30.0,0.0
5031,43.71,2.26,24.64,13.19,0.0,0.2483,30.0,0.0
5032,43.14,1.83,16.87,5.56,0.0,0.3497,30.0,0.0
5033,42.21,1.89,7.64,0.0,2.68,0.3924,30.0,0.0
5034,40.97,2.49,0.0,0.0,8.48,0.3696,30.0,0.0
5035,39.45,5.14,0.0,0.0,4.31,0.2974,30.0,0.0
5036,37.73,5.19,0.0,0.0,2.54,0.2607,30.0,0.0
5037,35.85,1.54,0.0,0.0,4.31,0.2391,30.0,0.0
5038,33.9,4.92,0.0,1.02,0.0,0.2023,30.0,0.0
5039,33.9,3.36,0.0,0.0,0.54,0.2102,30.0,0.0
5040,33.86,3.57,0.0,0.0,0.29,0.2056,30.0,0.0
5041,33.86,0.53,0.0,0.0,3.33,0.2031,30.0,0.0
5042,33.86,2.47,0.0,0.0,1.39,0.1747,30.0,0.0
5043,33.86,1.38,0.0,0.0,2.49,0.1629,30.0,0.0
5044,33.86,3.34,0.0,0.0,0.52,0.1417,30.0,0.0
5045,33.86,3.34,0.0,0.0,0.52,0.1373,30.0,0.0
5046,33.86,0.0,0.0,0.0,3.86,0.1329,30.0,0.0
5047,35.81,1.14,9.18,0.0,0.0,0.1,25.5,0.0
5048,37.69,2.37,16.56,0.0,0.0,0.1,18.76,0.0
5049,39.42,0.3,23.85,0.0,0.0,0.1,15.27,0.0
5050,40.93,1.33,29.83,0.0,0.0,0.1,9.77,0.0
5051,42.17,0.68,33.71,0.0,0.0,0.1,7.78,0.0
5052,43.1,0.62,35.36,0.0,0.0,0.1,7.12,0.0
5053,43.67,0.0,34.15,14.51,0.0,0.1,24.04,0.0
5054,43.86,0.0,29.69,15.83,0.0,0.2115,30.0,0.0
5055,43.67,0.0,24.35,10.69,0.0,0.3332,30.0,0.0
5056,43.1,1.81,16.65,5.35,0.0,0.4153,30.0,0.0
5057,42.17,1.19,7.53,0.0,3.45,0.4564,30.0,0.0
5058,40.93,1.33,0.0,0.0,9.6,0.4271,30.0,0.0
5059,39.42,1.29,0.0,0.0,8.12,0.3453,30.0,0.0
5060,37.69,1.79,0.0,0.0,5.9,0.2762,30.0,0.0
5061,35.81,3.92,0.0,0.0,1.89,0.2259,30.0,0.0
5062,33.86,2.25,0.0,0.0,1.61,0.2098,30.0,0.0
5063,33.86,1.01,0.0,0.0,2.85,0.1961,30.0,0.0
5064,33.82,3.92,0.0,0.1,0.0,0.1718,30.0,0.0
5065,33.82,2.57,0.0,0.0,1.25,0.1725,30.0,0.0
5066,33.82,2.76,0.0,0.0,1.06,0.1619,30.0,0.0
5067,33.82,4.7,0.0,0.88,0.0,0.1528,30.0,0.0
5068,33.82,2.19,0.0,0.0,1.63,0.1596,30.0,0.0
5069,33.82,2.28,0.0,0.0,1.54,0.1457,30.0,0.0
5070,33.82,0.0,0.0,0.0,3.82,0.1325,30.0,0.0
5071,35.77,0.88,8.9,0.0,0.0,0.1,25.99,0.0
5072,37.65,1.68,16.41,0.0,0.0,0.1,19.56,0.0
5073,39.38,0.0,24.0,0.0,0.0,0.1,15.38,0.0
5074,40.89,0.0,29.79,0.0,0.0,0.1,11.11,0.0
5075,42.14,0.35,33.58,0.0,0.0,0.1,8.21,0.0
5076,43.06,0.22,35.34,0.0,0.0,0.1,7.5,0.0
5077,43.63,1.63,34.08,10.72,0.0,0.1,18.64,0.0
5078,43.82,0.8,29.32,16.31,0.0,0.1823,30.0,0.0
5079,43.63,2.59,24.79,13.75,0.0,0.3076,30.0,0.0
5080,43.06,0.0,16.13,3.07,0.0,0.4133,30.0,0.0
5081,42.14,1.36,8.94,0.0,1.83,0.4369,30.0,0.0
5082,40.89,1.65,0.0,0.0,9.25,0.4213,30.0,0.0
5083,39.38,0.42,0.0,0.0,8.96,0.3425,30.0,0.0
5084,37.65,3.52,0.0,0.0,4.12,0.2663,30.0,0.0
5085,35.77,5.68,0.0,0.0,0.09,0.2311,30.0,0.0
5086,33.82,2.69,0.0,0.0,1.13,0.2304,30.0,0.0
5087,33.82,3.54,0.0,0.0,0.28,0.2208,30.0,0.0
5088,33.78,3.03,0.0,0.0,0.76,0.2184,30.0,0.0
5089,33.78,1.89,0.0,0.0,1.9,0.212,30.0,0.0
5090,33.78,0.23,0.0,0.0,3.55,0.1958,30.0,0.0
5091,33.78,1.54,0.0,0.0,2.24,0.1656,30.0,0.0
5092,33.78,0.32,0.0,0.0,3.46,0.1465,30.0,0.0
5093,33.78,4.23,0.0,0.45,0.0,0.117,30.0,0.0
5094,33.78,1.38,0.0,0.0,2.4,0.1204,30.0,0.0
5095,35.74,0.71,8.88,0.0,0.0,0.1,26.14,0.0
5096,37.61,2.07,17.28,0.0,0.0,0.1,18.26,0.0
5097,39.34,0.0,24.24,0.0,0.0,0.1,15.1,0.0
5098,40.86,0.0,29.05,0.0,0.0,0.1,11.8,0.0
5099,42.1,0.31,33.72,0.0,0.0,0.1,8.07,0.0
5100,43.02,1.58,34.9,0.0,0.0,0.1,6.54,0.0
5101,43.59,0.91,33.02,9.98,0.0,0.1,19.65,0.0
5102,43.78,0.7,29.89,16.81,0.0,0.1767,30.0,0.0
5103,43.59,0.68,24.62,11.71,0.0,0.3059,30.0,0.0
5104,43.02,1.41,17.49,5.87,0.0,0.3958,30.0,0.0
5105,42.1,1.46,9.13,0.0,1.5,0.441,30.0,0.0
5106,40.86,0.13,0.0,0.0,10.72,0.4282,30.0,0.0
5107,39.34,1.96,0.0,0.0,7.38,0.3369,30.0,0.0
5108,37.61,0.76,0.0,0.0,6.85,0.274,30.0,0.0
5109,35.74,2.62,0.0,0.0,3.11,0.2157,30.0,0.0
5110,33.78,2.07,0.0,0.0,1.71,0.1891,30.0,0.0
5111,33.78,6.34,0.0,2.56,0.0,0.1745,30.0,0.0
5112,33.75,2.87,0.0,0.0,0.88,0.1942,30.0,0.0
5113,33.75,0.95,0.0,0.0,2.79,0.1867,30.0,0.0
5114,33.75,2.56,0.0,0.0,1.19,0.1629,30.0,0.0
5115,33.75,3.23,0.0,0.0,0.51,0.1528,30.0,0.0
5116,33.75,4.53,0.0,0.78,0.0,0.1484,30.0,0.0
5117,33.75,1.1,0.0,0.0,2.65,0.1544,30.0,0.0
5118,33.75,0.0,0.0,0.0,3.75,0.1319,30.0,0.0
5119,35.7,2.32,8.35,0.0,0.0,0.1,25.03,0.0
5120,37.57,0.0,17.31,0.0,0.0,0.1,20.26,0.0
5121,39.3,0.0,24.12,0.0,0.0,0.1,15.18,0.0
5122,40.82,0.02,30.26,0.0,0.0,0.1,10.54,0.0
5123,42.06,0.0,33.12,0.0,0.0,0.1,8.94,0.0
5124,42.99,1.13,33.95,0.0,0.0,0.1,7.91,0.0
5125,43.55,0.0,33.48,7.95,0.0,0.1,18.02,0.0
5126,43.75,0.0,29.35,15.6,0.0,0.1611,30.0,0.0
5127,43.55,0.57,23.98,10.99,0.0,0.281,30.0,0.0
5128,42.99,1.07,17.42,5.51,0.0,0.3655,30.0,0.0
5129,42.06,1.33,8.78,0.0,1.95,0.4078,30.0,0.0
5130,40.82,2.15,0.0,0.0,8.67,0.3913,30.0,0.0
5131,39.3,3.06,0.0,0.0,6.24,0.3175,30.0,0.0
5132,37.57,2.78,0.0,0.0,4.8,0.2643,30.0,0.0
5133,35.7,3.14,0.0,0.0,2.55,0.2235,30.0,0.0
5134,33.75,0.57,0.0,0.0,3.17,0.2017,30.0,0.0
5135,33.75,2.95,0.0,0.0,0.8,0.1747,30.0,0.0
5136,33.71,3.59,0.0,0.0,0.12,0.1679,30.0,0.0
5137,33.71,3.89,0.0,0.18,0.0,0.1669,30.0,0.0
5138,33.71,1.8,0.0,0.0,1.91,0.1682,30.0,0.0
5139,33.71,1.63,0.0,0.0,2.08,0.152,30.0,0.0
5140,33.71,1.46,0.0,0.0,2.25,0.1343,30.0,0.0
5141,33.71,2.65,0.0,0.0,1.06,0.1152,30.0,0.0
5142,33.71,2.98,0.0,0.0,0.73,0.1062,30.0,0.0
5143,35.66,0.65,8.09,0.0,0.0,0.1,26.92,0.0
5144,37.54,2.12,16.36,0.0,0.0,0.1,19.06,0.0
5145,39.27,0.77,24.98,0.0,0.0,0.1,13.51,0.0
5146,40.78,0.21,29.19,0.0,0.0,0.1,11.38,0.0
5147,42.02,0.0,33.76,0.0,0.0,0.1,8.26,0.0
5148,42.95,1.22,35.11,0.0,0.0,0.1,6.62,0.0
5149,43.52,0.0,32.95,8.11,0.0,0.1,18.68,0.0
5150,43.71,3.5,28.97,18.75,0.0,0.1623,30.0,0.0
5151,43.52,0.0,24.0,10.48,0.0,0.3065,30.0,0.0
5152,42.95,1.59,17.26,5.9,0.0,0.387,30.0,0.0
5153,42.02,0.49,7.78,0.0,3.76,0.4324,30.0,0.0
5154,40.78,0.38,0.0,0.0,10.41,0.4004,30.0,0.0
5155,39.27,1.91,0.0,0.0,7.36,0.3118,30.0,0.0
5156,37.54,2.44,0.0,0.0,5.1,0.2491,30.0,0.0
5157,35.66,6.53,0.0,0.87,0.0,0.2057,30.0,0.0
5158,33.71,2.5,0.0,0.0,1.21,0.2124,30.0,0.0
5159,33.71,1.34,0.0,0.0,2.37,0.2021,30.0,0.0
5160,33.67,3.32,0.0,0.0,0.35,0.1819,30.0,0.0
5161,33.67,0.06,0.0,0.0,3.61,0.1789,30.0,0.0
5162,33.67,2.64,0.0,0.0,1.04,0.1482,30.0,0.0
5163,33.67,2.57,0.0,0.0,1.11,0.1393,30.0,0.0
5164,33.67,3.35,0.0,0.0,0.32,0.1299,30.0,0.0
5165,33.67,3.27,0.0,0.0,0.41,0.1272,30.0,0.0
5166,33.67,0.89,0.0,0.0,2.78,0.1237,30.0,0.0
5167,35.62,0.0,8.06,0.0,0.0,0.1,27.57,0.0
5168,37.5,0.0,16.35,0.0,0.0,0.1,21.15,0.0
5169,39.23,0.0,23.44,0.0,0.0,0.1,15.78,0.0
5170,40.74,0.82,29.54,0.0,0.0,0.1,10.39,0.0
5171,41.99,0.0,32.87,0.0,0.0,0.1,9.12,0.0
5172,42.91,0.0,34.33,0.0,0.0,0.1,8.58,0.0
5173,43.48,0.0,33.75,8.61,0.0,0.1,18.35,0.0
5174,43.67,1.14,30.45,17.92,0.0,0.1662,30.0,0.0
5175,43.48,3.08,24.49,14.08,0.0,0.3039,30.0,0.0
5176,42.91,0.0,16.14,3.22,0.0,0.4121,30.0,0.0
5177,41.99,0.0,8.91,0.0,3.08,0.4369,30.0,0.0
5178,40.74,1.41,0.0,0.0,9.34,0.4107,30.0,0.0
5179,39.23,1.95,0.0,0.0,7.27,0.3312,30.0,0.0
5180,37.5,2.56,0.0,0.0,4.94,0.2693,30.0,0.0
5181,35.62,1.94,0.0,0.0,3.69,0.2272,30.0,0.0
5182,33.67,2.49,0.0,0.0,1.18,0.1958,30.0,0.0
5183,33.67,3.4,0.0,0.0,0.27,0.1857,30.0,0.0
5184,33.64,4.38,0.0,0.75,0.0,0.1834,30.0,0.0
5185,33.64,0.24,0.0,0.0,3.4,0.1892,30.0,0.0
5186,33.64,2.27,0.0,0.0,1.37,0.1602,30.0,0.0
5187,33.64,2.85,0.0,0.0,0.79,0.1486,30.0,0.0
5188,33.64,1.02,0.0,0.0,2.62,0.1419,30.0,0.0
5189,33.64,4.32,0.0,0.68,0.0,0.1196,30.0,0.0
5190,33.64,0.72,0.0,0.0,2.92,0.1248,30.0,0.0
5191,35.59,0.0,8.65,0.0,0.0,0.1,26.94,0.0
5192,37.46,1.67,16.47,0.0,0.0,0.1,19.32,0.0
5193,39.19,0.0,24.83,0.0,0.0,0.1,14.36,0.0
5194,40.71,0.0,29.9,0.0,0.0,0.1,10.81,0.0
5195,41.95,0.0,33.14,0.0,0.0,0.1,8.81,0.0
5196,42.88,0.0,34.83,0.0,0.0,0.1,8.04,0.0
5197,43.44,0.0,32.76,3.06,0.0,0.1,13.74,0.0
5198,43.64,0.0,29.81,16.18,0.0,0.1235,30.0,0.0
5199,43.44,1.89,24.55,13.0,0.0,0.2478,30.0,0.0
5200,42.88,0.45,15.99,3.57,0.0,0.3477,30.0,0.0
5201,41.95,0.54,8.74,0.0,2.67,0.3751,30.0,0.0
5202,40.71,1.8,0.0,0.0,8.91,0.3523,30.0,0.0
5203,39.19,3.0,0.0,0.0,6.19,0.2764,30.0,0.0
5204,37.46,5.54,0.0,0.0,1.93,0.2237,30.0,0.0
5205,35.59,3.69,0.0,0.0,1.9,0.2073,30.0,0.0
5206,33.64,4.36,0.0,0.73,0.0,0.1911,30.0,0.0
5207,33.64,2.22,0.0,0.0,1.42,0.1967,30.0,0.0
5208,33.6,1.57,0.0,0.0,2.03,0.1847,30.0,0.0
5209,33.6,3.01,0.0,0.0,0.59,0.1674,30.0,0.0
5210,33.6,2.94,0.0,0.0,0.66,0.1624,30.0,0.0
5211,33.6,1.1,0.0,0.0,2.51,0.1567,30.0,0.0
5212,33.6,2.05,0.0,0.0,1.55,0.1354,30.0,0.0
5213,33.6,2.5,0.0,0.0,1.1,0.1221,30.0,0.0
5214,33.6,2.1,0.0,0.0,1.5,0.1128,30.0,0.0
5215,35.55,1.94,3.61,0.0,0.0,0.1,30.0,0.0
5216,37.43,1.32,17.06,0.0,0.0,0.1,19.05,0.0
5217,39.16,0.0,23.99,0.0,0.0,0.1,15.17,0.0
5218,40.67,0.0,28.86,0.0,0.0,0.1,11.81,0.0
5219,41.92,0.0,33.54,0.0,0.0,0.1,8.38,0.0
5220,42.84,2.68,33.8,0.0,0.0,0.1,6.36,0.0
5221,43.41,0.3,32.75,0.0,0.0,0.1,10.36,0.0
5222,43.6,0.11,30.28,14.71,0.0,0.1,27.91,0.0
5223,43.41,0.0,23.6,10.19,0.0,0.213,30.0,0.0
5224,42.84,4.94,16.71,8.81,0.0,0.2913,30.0,0.0
5225,41.92,0.0,8.75,0.0,3.16,0.359,30.0,0.0
5226,40.67,1.02,0.0,0.0,9.66,0.3321,30.0,0.0
5227,39.16,2.53,0.0,0.0,6.63,0.2499,30.0,0.0
5228,37.43,3.11,0.0,0.0,4.32,0.1934,30.0,0.0
5229,35.55,3.88,0.0,0.0,1.67,0.1567,30.0,0.0
5230,33.6,5.26,0.0,1.66,0.0,0.1425,30.0,0.0
5231,33.6,3.62,0.0,0.02,0.0,0.1553,30.0,0.0
5232,33.57,1.54,0.0,0.0,2.03,0.1554,30.0,0.0
5233,33.57,2.59,0.0,0.0,0.98,0.1381,30.0,0.0
5234,33.57,3.22,0.0,0.0,0.34,0.1298,30.0,0.0
5235,33.57,5.42,0.0,1.85,0.0,0.1269,30.0,0.0
5236,33.57,0.39,0.0,0.0,3.18,0.1411,30.0,0.0
5237,33.57,3.62,0.0,0.05,0.0,0.1141,30.0,0.0
5238,33.57,1.86,0.0,0.0,1.7,0.1145,30.0,0.0
5239,35.52,2.41,7.5,0.0,0.0,0.1,25.61,0.0
5240,37.39,0.0,15.7,0.0,0.0,0.1,21.69,0.0
5241,39.12,0.0,23.33,0.0,0.0,0.1,15.79,0.0
5242,40.64,1.46,29.55,0.0,0.0,0.1,9.62,0.0
5243,41.88,1.19,32.12,0.0,0.0,0.1,8.57,0.0
5244,42.8,1.58,34.29,0.0,0.0,0.1,6.94,0.0
5245,43.37,0.28,33.66,14.55,0.0,0.1,23.99,0.0
5246,43.57,0.0,29.93,16.36,0.0,0.2118,30.0,0.0
5247,43.37,0.0,22.95,9.57,0.0,0.3375,30.0,0.0
5248,42.8,2.05,17.18,6.43,0.0,0.4111,30.0,0.0
5249,41.88,1.84,8.33,0.0,1.71,0.4605,30.0,0.0
5250,40.64,0.29,0.0,0.0,10.34,0.446,30.0,0.0
5251,39.12,1.23,0.0,0.0,7.89,0.3579,30.0,0.0
5252,37.39,1.66,0.0,0.0,5.73,0.2908,30.0,0.0
5253,35.52,0.55,0.0,0.0,4.96,0.242,30.0,0.0
5254,33.57,1.68,0.0,0.0,1.88,0.1998,30.0,0.0
5255,33.57,1.39,0.0,0.0,2.18,0.1837,30.0,0.0
5256,33.53,2.44,0.0,0.0,1.1,0.1652,30.0,0.0
5257,33.53,1.94,0.0,0.0,1.59,0.1559,30.0,0.0
5258,33.53,0.59,0.0,0.0,2.94,0.1423,30.0,0.0
5259,33.53,5.37,0.0,1.84,0.0,0.1173,30.0,0.0
5260,33.53,4.03,0.0,0.5,0.0,0.1314,30.0,0.0
5261,33.53,0.92,0.0,0.0,2.61,0.1352,30.0,0.0
5262,33.53,2.0,0.0,0.0,1.53,0.113,30.0,0.0
5263,35.48,1.85,7.5,0.0,0.0,0.1,26.13,0.0
5264,37.36,2.58,16.01,0.0,0.0,0.1,18.77,0.0
5265,39.09,0.0,23.45,0.0,0.0,0.1,15.63,0.0
5266,40.6,1.94,29.09,0.0,0.0,0.1,9.57,0.0
5267,41.85,0.0,32.99,0.0,0.0,0.1,8.86,0.0
5268,42.77,0.0,33.75,0.0,0.0,0.1,9.02,0.0
5269,43.34,1.3,33.53,3.11,0.0,0.1,11.61,0.0
5270,43.53,2.21,29.2,17.88,0.0,0.1239,30.0,0.0
5271,43.34,4.21,23.62,14.49,0.0,0.2613,30.0,0.0
5272,42.77,0.0,16.55,3.78,0.0,0.3727,30.0,0.0
5273,41.85,2.23,7.54,0.0,2.07,0.4017,30.0,0.0
5274,40.6,1.07,0.0,0.0,9.53,0.3841,30.0,0.0
5275,39.09,3.06,0.0,0.0,6.03,0.3029,30.0,0.0
5276,37.36,0.3,0.0,0.0,7.06,0.2516,30.0,0.0
5277,35.48,0.87,0.0,0.0,4.61,0.1915,30.0,0.0
5278,33.53,1.75,0.0,0.0,1.78,0.1523,30.0,0.0
5279,33.53,3.06,0.0,0.0,0.47,0.1371,30.0,0.0
5280,33.5,2.14,0.0,0.0,1.36,0.1331,30.0,0.0
5281,33.5,3.87,0.0,0.37,0.0,0.1216,30.0,0.0
5282,33.5,4.24,0.0,0.74,0.0,0.1244,30.0,0.0
5283,33.5,3.43,0.0,0.0,0.06,0.1301,30.0,0.0
5284,33.5,4.55,0.0,1.05,0.0,0.1296,30.0,0.0
5285,33.5,2.57,0.0,0.0,0.93,0.1377,30.0,0.0
5286,33.5,0.0,0.0,0.0,3.5,0.1298,30.0,0.0
5287,35.45,3.16,7.17,0.0,0.0,0.1,25.12,0.0
5288,37.32,0.0,15.87,0.0,0.0,0.1,21.46,0.0
5289,39.05,1.92,24.51,0.0,0.0,0.1,12.61,0.0
5290,40.57,2.61,29.97,0.0,0.0,0.1,7.98,0.0
5291,41.81,0.95,32.66,0.0,0.0,0.1,8.2,0.0
5292,42.73,0.0,33.39,0.0,0.0,0.1,9.34,0.0
5293,43.3,0.0,32.33,4.23,0.0,0.1,15.2,0.0
5294,43.5,2.27,29.23,18.0,0.0,0.1325,30.0,0.0
5295,43.3,0.44,24.59,11.74,0.0,0.2708,30.0,0.0
5296,42.73,1.07,15.58,3.92,0.0,0.361,30.0,0.0
5297,41.81,2.33,7.6,0.0,1.88,0.3911,30.0,0.0
5298,40.57,2.6,0.0,0.0,7.97,0.3751,30.0,0.0
5299,39.05,2.38,0.0,0.0,6.67,0.3073,30.0,0.0
5300,37.32,2.04,0.0,0.0,5.28,0.2505,30.0,0.0
5301,35.45,2.18,0.0,0.0,3.26,0.2055,30.0,0.0
5302,33.5,4.01,0.0,0.51,0.0,0.1777,30.0,0.0
5303,33.5,3.73,0.0,0.23,0.0,0.1817,30.0,0.0
5304,33.46,2.68,0.0,0.0,0.79,0.1834,30.0,0.0
5305,33.46,4.46,0.0,1.0,0.0,0.1767,30.0,0.0
5306,33.46,2.67,0.0,0.0,0.79,0.1844,30.0,0.0
5307,33.46,1.46,0.0,0.0,2.0,0.1777,30.0,0.0
5308,33.46,1.3,0.0,0.0,2.16,0.1606,30.0,0.0
5309,33.46,0.67,0.0,0.0,2.79,0.1423,30.0,0.0
5310,33.46,1.29,0.0,0.0,2.18,0.1185,30.0,0.0
5311,35.41,2.99,8.38,0.0,0.0,0.1,24.04,0.0
5312,37.29,0.0,17.38,0.0,0.0,0.1,19.91,0.0
5313,39.02,0.95,22.92,0.0,0.0,0.1,15.15,0.0
5314,40.53,0.0,29.85,0.0,0.0,0.1,10.68,0.0
5315,41.78,0.0,32.09,0.0,0.0,0.1,9.69,0.0
5316,42.7,0.0,33.35,0.0,0.0,0.1,9.35,0.0
5317,43.27,0.03,33.53,4.75,0.0,0.1,14.45,0.0
5318,43.46,0.21,30.06,16.81,0.0,0.1365,30.0,0.0
5319,43.27,1.43,23.93,12.1,0.0,0.2656,30.0,0.0
5320,42.7,1.28,16.75,5.33,0.0,0.3586,30.0,0.0
5321,41.78,0.0,8.02,0.0,3.76,0.3996,30.0,0.0
5322,40.53,3.14,0.0,0.0,7.39,0.3676,30.0,0.0
5323,39.02,2.3,0.0,0.0,6.72,0.3047,30.0,0.0
5324,37.29,2.62,0.0,0.0,4.67,0.2475,30.0,0.0
5325,35.41,2.61,0.0,0.0,2.8,0.2077,30.0,0.0
5326,33.46,2.14,0.0,0.0,1.33,0.1839,30.0,0.0
5327,33.46,3.28,0.0,0.0,0.18,0.1726,30.0,0.0
5328,33.43,3.69,0.0,0.27,0.0,0.171,30.0,0.0
5329,33.43,0.6,0.0,0.0,2.82,0.1731,30.0,0.0
5330,33.43,2.12,0.0,0.0,1.31,0.149,30.0,0.0
5331,33.43,2.29,0.0,0.0,1.14,0.1379,30.0,0.0
5332,33.43,2.71,0.0,0.0,0.72,0.1283,30.0,0.0
5333,33.43,3.66,0.0,0.23,0.0,0.1221,30.0,0.0
5334,33.43,0.62,0.0,0.0,2.81,0.1239,30.0,0.0
5335,35.38,0.64,7.34,0.0,0.0,0.1,27.4,0.0
5336,37.25,0.0,16.57,0.0,0.0,0.1,20.68,0.0
5337,38.98,0.0,23.81,0.0,0.0,0.1,15.18,0.0
5338,40.5,0.01,29.65,0.0,0.0,0.1,10.84,0.0
5339,41.74,1.41,32.57,0.0,0.0,0.1,7.76,0.0
5340,42.67,0.0,34.2,0.0,0.0,0.1,8.46,0.0
5341,43.24,0.94,31.92,9.89,0.0,0.1,20.27,0.0
5342,43.43,0.0,28.15,14.72,0.0,0.176,30.0,0.0
5343,43.24,0.0,23.85,10.61,0.0,0.2892,30.0,0.0
5344,42.67,0.54,17.04,4.91,0.0,0.3707,30.0,0.0
5345,41.74,3.61,8.86,0.73,0.0,0.4085,30.0,0.0
5346,40.5,1.3,0.0,0.0,9.2,0.4141,30.0,0.0
5347,38.98,0.0,0.0,0.0,8.98,0.3357,30.0,0.0
5348,37.25,0.0,0.0,0.0,7.25,0.2593,30.0,0.0
5349,35.38,2.69,0.0,0.0,2.69,0.1975,30.0,0.0
5350,33.43,3.7,0.0,0.27,0.0,0.1746,30.0,0.0
5351,33.43,3.51,0.0,0.08,0.0,0.1767,30.0,0.0
5352,33.39,3.29,0.0,0.0,0.11,0.1773,30.0,0.0
5353,33.39,4.6,0.0,1.21,0.0,0.1764,30.0,0.0
5354,33.39,2.14,0.0,0.0,1.26,0.1857,30.0,0.0
5355,33.39,3.88,0.0,0.49,0.0,0.1749,30.0,0.0
5356,33.39,0.14,0.0,0.0,3.26,0.1787,30.0,0.0
5357,33.39,0.8,0.0,0.0,2.59,0.151,30.0,0.0
5358,33.39,0.0,0.0,0.0,3.39,0.1289,30.0,0.0
5359,35.35,0.96,7.84,0.0,0.0,0.1,26.55,0.0
5360,37.22,0.94,15.66,0.0,0.0,0.1,20.62,0.0
5361,38.95,0.88,22.59,0.0,0.0,0.1,15.48,0.0
5362,40.47,0.59,28.54,0.0,0.0,0.1,11.34,0.0
5363,41.71,0.0,32.14,0.0,0.0,0.1,9.57,0.0
5364,42.63,0.06,33.88,0.0,0.0,0.1,8.69,0.0
5365,43.2,0.0,31.61,6.13,0.0,0.1,17.72,0.0
5366,43.39,2.37,28.88,17.86,0.0,0.1471,30.0,0.0
5367,43.2,0.3,23.71,10.82,0.0,0.2843,30.0,0.0
5368,42.63,0.33,16.49,4.19,0.0,0.3674,30.0,0.0
5369,41.71,3.51,8.89,0.69,0.0,0.3997,30.0,0.0
5370,40.47,0.0,0.0,0.0,10.47,0.405,30.0,0.0
5371,38.95,0.5,0.0,0.0,8.45,0.3158,30.0,0.0
5372,37.22,0.87,0.0,0.0,6.35,0.2439,30.0,0.0
5373,35.35,2.56,0.0,0.0,2.78,0.1898,30.0,0.0
5374,33.39,3.47,0.0,0.07,0.0,0.1662,30.0,0.0
5375,33.39,4.02,0.0,0.63,0.0,0.1667,30.0,0.0
5376,33.36,6.6,0.0,3.23,0.0,0.1715,30.0,0.0
5377,33.36,0.0,0.0,0.0,3.36,0.1964,30.0,0.0
5378,33.36,3.72,0.0,0.36,0.0,0.1678,30.0,0.0
5379,33.36,1.91,0.0,0.0,1.45,0.1705,30.0,0.0
5380,33.36,1.59,0.0,0.0,1.78,0.1582,30.0,0.0
5381,33.36,1.21,0.0,0.0,2.15,0.143,30.0,0.0
5382,33.36,0.46,0.0,0.0,2.9,0.1247,30.0,0.0
5383,35.31,3.66,7.19,0.0,0.0,0.1,24.46,0.0
5384,37.19,2.17,16.25,0.0,0.0,0.1,18.77,0.0
5385,38.92,0.77,22.55,0.0,0.0,0.1,15.6,0.0
5386,40.43,2.37,28.6,0.0,0.0,0.1,9.46,0.0
5387,41.68,0.0,31.75,0.0,0.0,0.1,9.92,0.0
5388,42.6,0.0,33.26,0.0,0.0,0.1,9.34,0.0
5389,43.17,0.0,32.34,11.15,0.0,0.1,21.98,0.0
5390,43.36,0.0,28.77,15.41,0.0,0.1857,30.0,0.0
5391,43.17,0.96,22.82,10.61,0.0,0.3041,30.0,0.0
5392,42.6,1.16,16.17,4.73,0.0,0.3856,30.0,0.0
5393,41.68,1.55,7.19,0.0,2.93,0.422,30.0,0.0
5394,40.43,0.0,0.0,0.0,10.43,0.3971,30.0,0.0
5395,38.92,3.16,0.0,0.0,5.76,0.3082,30.0,0.0
5396,37.19,2.72,0.0,0.0,4.47,0.2592,30.0,0.0
5397,35.31,3.68,0.0,0.0,1.64,0.2211,30.0,0.0
5398,33.36,0.3,0.0,0.0,3.06,0.2072,30.0,0.0
5399,33.36,3.45,0.0,0.09,0.0,0.1811,30.0,0.0
5400,33.33,1.46,0.0,0.0,1.87,0.1818,30.0,0.0
5401,33.33,2.5,0.0,0.0,0.83,0.1659,30.0,0.0
5402,33.33,3.64,0.0,0.31,0.0,0.1588,30.0,0.0
5403,33.33,2.81,0.0,0.0,0.52,0.1612,30.0,0.0
5404,33.33,1.24,0.0,0.0,2.09,0.1568,30.0,0.0
5405,33.33,2.08,0.0,0.0,1.25,0.139,30.0,0.0
5406,33.33,0.0,0.0,0.0,3.33,0.1284,30.0,0.0
5407,35.28,2.94,7.39,0.0,0.0,0.1,24.95,0.0
5408,37.16,0.75,16.95,0.0,0.0,0.1,19.45,0.0
5409,38.89,2.28,23.34,0.0,0.0,0.1,13.27,0.0
5410,40.4,0.0,28.04,0.0,0.0,0.1,12.36,0.0
5411,41.64,0.0,32.91,0.0,0.0,0.1,8.73,0.0
5412,42.57,0.0,33.15,0.0,0.0,0.1,9.42,0.0
5413,43.14,1.6,31.79,10.89,0.0,0.1,20.64,0.0
5414,43.33,0.0,28.05,14.72,0.0,0.1837,30.0,0.0
5415,43.14,1.63,23.18,11.68,0.0,0.2968,30.0,0.0
5416,42.57,0.51,16.24,4.18,0.0,0.3866,30.0,0.0
5417,41.64,0.0,8.03,0.0,3.62,0.4187,30.0,0.0
5418,40.4,0.94,0.0,0.0,9.46,0.3879,30.0,0.0
5419,38.89,0.46,0.0,0.0,8.43,0.3074,30.0,0.0
5420,37.16,2.45,0.0,0.0,4.71,0.2356,30.0,0.0
5421,35.28,1.06,0.0,0.0,4.22,0.1955,30.0,0.0
5422,33.33,4.17,0.0,0.84,0.0,0.1596,30.0,0.0
5423,33.33,2.92,0.0,0.0,0.41,0.1661,30.0,0.0
5424,33.3,2.86,0.0,0.0,0.44,0.1626,30.0,0.0
5425,33.3,3.96,0.0,0.66,0.0,0.1588,30.0,0.0
5426,33.3,4.24,0.0,0.94,0.0,0.1639,30.0,0.0
5427,33.3,2.68,0.0,0.0,0.62,0.1711,30.0,0.0
5428,33.3,1.36,0.0,0.0,1.93,0.1659,30.0,0.0
5429,33.3,0.0,0.0,0.0,3.3,0.1494,30.0,0.0
5430,33.3,0.8,0.0,0.0,2.5,0.1213,30.0,0.0
5431,35.25,0.54,8.36,0.0,0.0,0.1,26.36,0.0
5432,37.12,1.2,16.22,0.0,0.0,0.1,19.7,0.0
5433,38.85,0.29,23.76,0.0,0.0,0.1,14.8,0.0
5434,40.37,1.49,29.39,0.0,0.0,0.1,9.49,0.0
5435,41.61,0.0,31.99,0.0,0.0,0.1,9.62,0.0
5436,42.54,0.29,32.81,0.0,0.0,0.1,9.44,0.0
5437,43.11,0.0,32.26,5.43,0.0,0.1,16.28,0.0
5438,43.3,1.02,28.29,16.01,0.0,0.1417,30.0,0.0
5439,43.11,0.69,22.9,10.48,0.0,0.2647,30.0,0.0
5440,42.54,0.23,16.28,3.97,0.0,0.3453,30.0,0.0
5441,41.61,0.51,7.47,0.0,3.63,0.3758,30.0,0.0
5442,40.37,0.57,0.0,0.0,9.8,0.3449,30.0,0.0
5443,38.85,1.35,0.0,0.0,7.5,0.2615,30.0,0.0
5444,37.12,3.45,0.0,0.0,3.67,0.1976,30.0,0.0
5445,35.25,2.4,0.0,0.0,2.85,0.1663,30.0,0.0
5446,33.3,1.07,0.0,0.0,2.22,0.1421,30.0,0.0
5447,33.3,5.48,0.0,2.18,0.0,0.1231,30.0,0.0
5448,33.27,3.56,0.0,0.29,0.0,0.1399,30.0,0.0
5449,33.27,1.15,0.0,0.0,2.12,0.1421,30.0,0.0
5450,33.27,2.33,0.0,0.0,0.93,0.1241,30.0,0.0
5451,33.27,2.87,0.0,0.0,0.4,0.1161,30.0,0.0
5452,33.27,4.77,0.0,1.5,0.0,0.1128,30.0,0.0
5453,33.27,0.59,0.0,0.0,2.68,0.1243,30.0,0.0
5454,33.27,3.09,0.0,0.0,0.18,0.1015,30.0,0.0
5455,35.22,0.0,7.04,0.0,0.0,0.1,28.18,0.0
5456,37.09,0.21,15.77,0.0,0.0,0.1,21.12,0.0
5457,38.82,0.4,23.06,0.0,0.0,0.1,15.36,0.0
5458,40.34,0.0,28.47,0.0,0.0,0.1,11.86,0.0
5459,41.58,0.15,32.81,0.0,0.0,0.1,8.62,0.0
5460,42.51,0.33,33.46,0.0,0.0,0.1,8.71,0.0
5461,43.07,1.33,11.74,0.0,0.0,0.1,30.0,0.0
5462,43.27,2.06,29.55,15.23,0.0,0.1,26.89,0.0
5463,43.07,0.0,24.11,11.03,0.0,0.217,30.0,0.0
5464,42.51,0.0,16.56,4.05,0.0,0.3018,30.0,0.0
5465,41.58,1.37,7.65,0.0,2.56,0.333,30.0,0.0
5466,40.34,2.15,0.0,0.0,8.18,0.3112,30.0,0.0
5467,38.82,2.45,0.0,0.0,6.37,0.2415,30.0,0.0
5468,37.09,1.99,0.0,0.0,5.1,0.1872,30.0,0.0
5469,35.22,2.89,0.0,0.0,2.33,0.1438,30.0,0.0
5470,33.27,5.01,0.0,1.75,0.0,0.1239,30.0,0.0
5471,33.27,3.6,0.0,0.33,0.0,0.1374,30.0,0.0
5472,33.24,2.63,0.0,0.0,0.61,0.1399,30.0,0.0
5473,33.24,2.41,0.0,0.0,0.83,0.1347,30.0,0.0
5474,33.24,2.72,0.0,0.0,0.51,0.1276,30.0,0.0
5475,33.24,4.98,0.0,1.74,0.0,0.1233,30.0,0.0
5476,33.24,2.2,0.0,0.0,1.03,0.1366,30.0,0.0
5477,33.24,2.1,0.0,0.0,1.14,0.1278,30.0,0.0
5478,33.24,1.11,0.0,0.0,2.13,0.1181,30.0,0.0
5479,35.19,0.0,8.52,0.0,0.0,0.1,26.67,0.0
5480,37.06,3.77,15.61,0.0,0.0,0.1,17.68,0.0
5481,38.79,1.42,23.84,0.0,0.0,0.1,13.53,0.0
5482,40.31,0.7,29.03,0.0,0.0,0.1,10.58,0.0
5483,41.55,0.5,31.67,0.0,0.0,0.1,9.38,0.0
5484,42.47,0.0,33.5,0.0,0.0,0.1,8.98,0.0
5485,43.04,1.47,32.7,0.0,0.0,0.1,8.88,0.0
5486,43.24,0.0,28.58,14.73,0.0,0.1,29.39,0.0
5487,43.04,1.39,23.42,11.76,0.0,0.2132,30.0,0.0
5488,42.47,0.11,16.19,3.83,0.0,0.3035,30.0,0.0
5489,41.55,0.89,8.48,0.0,2.18,0.3329,30.0,0.0
5490,40.31,1.21,0.0,0.0,9.1,0.3144,30.0,0.0
5491,38.79,3.52,0.0,0.0,5.27,0.2369,30.0,0.0
5492,37.06,1.93,0.0,0.0,5.13,0.192,30.0,0.0
5493,35.19,5.59,0.0,0.4,0.0,0.1483,30.0,0.0
5494,33.24,3.54,0.0,0.31,0.0,0.1514,30.0,0.0
5495,33.24,1.34,0.0,0.0,1.89,0.1538,30.0,0.0
5496,33.21,2.98,0.0,0.0,0.23,0.1377,30.0,0.0
5497,33.21,2.22,0.0,0.0,0.99,0.1357,30.0,0.0
5498,33.21,0.0,0.0,0.0,3.21,0.1273,30.0,0.0
5499,33.21,4.94,0.0,1.47,0.0,0.1,29.73,0.0
5500,33.21,3.43,0.0,0.23,0.0,0.1113,30.0,0.0
5501,33.21,2.87,0.0,0.0,0.34,0.113,30.0,0.0
5502,33.21,2.01,0.0,0.0,1.19,0.1102,30.0,0.0
5503,35.16,0.0,7.47,0.0,0.0,0.1,27.69,0.0
5504,37.03,0.44,16.56,0.0,0.0,0.1,20.03,0.0
5505,38.76,1.97,23.99,0.0,0.0,0.1,12.8,0.0
5506,40.28,0.0,27.74,0.0,0.0,0.1,12.53,0.0
5507,41.52,0.0,30.97,0.0,0.0,0.1,10.55,0.0
5508,42.44,0.1,33.41,0.0,0.0,0.1,8.93,0.0
5509,43.01,0.27,32.14,2.17,0.0,0.1,12.78,0.0
5510,43.21,0.78,28.81,16.39,0.0,0.1167,30.0,0.0
5511,43.01,1.81,22.79,11.59,0.0,0.2427,30.0,0.0
5512,42.44,1.97,16.16,5.69,0.0,0.3317,30.0,0.0
5513,41.52,1.78,8.64,0.0,1.1,0.3754,30.0,0.0
5514,40.28,3.42,0.0,0.0,6.85,0.3661,30.0,0.0
5515,38.76,0.06,0.0,0.0,8.7,0.3077,30.0,0.0
5516,37.03,3.16,0.0,0.0,3.87,0.2336,30.0,0.0
5517,35.16,3.61,0.0,0.0,1.55,0.2007,30.0,0.0
5518,33.21,1.27,0.0,0.0,1.93,0.1875,30.0,0.0
5519,33.21,1.05,0.0,0.0,2.16,0.1711,30.0,0.0
5520,33.18,2.15,0.0,0.0,1.03,0.1527,30.0,0.0
5521,33.18,2.22,0.0,0.0,0.96,0.144,30.0,0.0
5522,33.18,4.02,0.0,0.84,0.0,0.1358,30.0,0.0
5523,33.18,1.93,0.0,0.0,1.25,0.1423,30.0,0.0
5524,33.18,1.31,0.0,0.0,1.86,0.1317,30.0,0.0
5525,33.18,1.32,0.0,0.0,1.86,0.1158,30.0,0.0
5526,33.18,3.33,0.0,0.0,0.0,0.1,29.84,0.0
5527,35.13,1.47,8.17,0.0,0.0,0.1,25.49,0.0
5528,37.0,0.87,16.68,0.0,0.0,0.1,19.45,0.0
5529,38.73,0.68,23.12,0.0,0.0,0.1,14.93,0.0
5530,40.25,2.39,28.24,0.0,0.0,0.1,9.62,0.0
5531,41.49,0.0,31.81,0.0,0.0,0.1,9.68,0.0
5532,42.41,2.23,33.22,0.0,0.0,0.1,6.96,0.0
5533,42.98,0.77,32.37,0.0,0.0,0.1,9.85,0.0
5534,43.18,0.4,27.95,8.05,0.0,0.1,22.89,0.0
5535,42.98,4.26,22.95,14.23,0.0,0.1619,30.0,0.0
5536,42.41,0.0,15.51,3.1,0.0,0.2712,30.0,0.0
5537,41.49,0.96,7.6,0.0,2.93,0.295,30.0,0.0
5538,40.25,0.11,0.0,0.0,10.13,0.2701,30.0,0.0
5539,38.73,3.46,0.0,0.0,5.27,0.1838,30.0,0.0
5540,37.0,4.8,0.0,0.0,2.2,0.139,30.0,0.0
5541,35.13,5.06,0.0,0.0,0.07,0.1202,30.0,0.0
5542,33.18,4.66,0.0,1.49,0.0,0.1196,30.0,0.0
5543,33.18,2.85,0.0,0.0,0.32,0.131,30.0,0.0
5544,33.15,2.69,0.0,0.0,0.46,0.1283,30.0,0.0
5545,33.15,0.85,0.0,0.0,2.29,0.1244,30.0,0.0
5546,33.15,5.79,0.0,2.65,0.0,0.1049,30.0,0.0
5547,33.15,3.43,0.0,0.28,0.0,0.1252,30.0,0.0
5548,33.15,1.83,0.0,0.0,1.32,0.1274,30.0,0.0
5549,33.15,3.99,0.0,0.85,0.0,0.1161,30.0,0.0
5550,33.15,0.49,0.0,0.0,2.66,0.1226,30.0,0.0
5551,35.1,2.02,8.29,0.0,0.0,0.1,24.79,0.0
5552,36.97,0.9,15.31,0.0,0.0,0.1,20.77,0.0
5553,38.7,1.73,22.4,0.0,0.0,0.1,14.58,0.0
5554,40.22,0.0,27.96,0.0,0.0,0.1,12.25,0.0
5555,41.46,0.0,31.39,0.0,0.0,0.1,10.08,0.0
5556,42.39,0.55,32.17,0.0,0.0,0.1,9.67,0.0
5557,42.95,1.93,31.86,0.35,0.0,0.1,9.51,0.0
5558,43.15,0.59,27.81,15.26,0.0,0.1027,30.0,0.0
5559,42.95,1.91,23.28,12.23,0.0,0.22,30.0,0.0
5560,42.39,0.0,15.1,2.72,0.0,0.314,30.0,0.0
5561,41.46,1.43,8.12,0.0,1.92,0.3349,30.0,0.0
5562,40.22,0.96,0.0,0.0,9.25,0.3185,30.0,0.0
5563,38.7,3.2,0.0,0.0,5.51,0.2398,30.0,0.0
5564,36.97,2.55,0.0,0.0,4.43,0.1929,30.0,0.0
5565,35.1,3.73,0.0,0.0,1.37,0.1552,30.0,0.0
5566,33.15,4.49,0.0,1.35,0.0,0.1436,30.0,0.0
5567,33.15,4.09,0.0,0.94,0.0,0.1539,30.0,0.0
5568,33.12,3.58,0.0,0.46,0.0,0.1612,30.0,0.0
5569,33.12,1.79,0.0,0.0,1.33,0.1647,30.0,0.0
5570,33.12,3.02,0.0,0.0,0.1,0.1534,30.0,0.0
5571,33.12,2.08,0.0,0.0,1.04,0.1526,30.0,0.0
5572,33.12,2.05,0.0,0.0,1.07,0.1437,30.0,0.0
5573,33.12,1.68,0.0,0.0,1.44,0.1346,30.0,0.0
5574,33.12,0.5,0.0,0.0,2.62,0.1223,30.0,0.0
5575,35.07,0.0,5.07,0.0,0.0,0.1,30.0,0.0
5576,36.95,0.24,16.53,0.0,0.0,0.1,20.17,0.0
5577,38.67,1.13,23.76,0.0,0.0,0.1,13.78,0.0
5578,40.19,0.0,28.41,0.0,0.0,0.1,11.78,0.0
5579,41.43,0.54,31.52,0.0,0.0,0.1,9.38,0.0
5580,42.36,3.07,33.49,0.0,0.0,0.1,5.79,0.0
5581,42.93,1.92,31.68,0.0,0.0,0.1,9.33,0.0
5582,43.12,2.9,28.69,15.05,0.0,0.1,26.58,0.0
5583,42.93,1.4,22.89,11.36,0.0,0.2157,30.0,0.0
5584,42.36,2.75,15.38,5.77,0.0,0.303,30.0,0.0
5585,41.43,0.49,7.9,0.0,3.04,0.3473,30.0,0.0
5586,40.19,0.95,0.0,0.0,9.23,0.3215,30.0,0.0
5587,38.67,0.0,0.0,0.0,8.67,0.2428,30.0,0.0
5588,36.95,4.15,0.0,0.0,2.8,0.169,30.0,0.0
5589,35.07,4.91,0.0,0.0,0.15,0.1451,30.0,0.0
5590,33.12,2.27,0.0,0.0,0.85,0.1438,30.0,0.0
5591,33.12,2.81,0.0,0.0,0.31,0.1365,30.0,0.0
5592,33.09,2.19,0.0,0.0,0.9,0.1339,30.0,0.0
5593,33.09,3.7,0.0,0.61,0.0,0.1263,30.0,0.0
5594,33.09,4.58,0.0,1.49,0.0,0.131,30.0,0.0
5595,33.09,0.44,0.0,0.0,2.65,0.1424,30.0,0.0
5596,33.09,3.1,0.0,0.01,0.0,0.1198,30.0,0.0
5597,33.09,1.83,0.0,0.0,1.26,0.1199,30.0,0.0
5598,33.09,2.01,0.0,0.0,1.08,0.1092,30.0,0.0
5599,35.04,2.13,7.56,0.0,0.0,0.1,25.35,0.0
5600,36.92,0.0,16.1,0.0,0.0,0.1,20.82,0.0
5601,38.65,0.74,22.87,0.0,0.0,0.1,15.03,0.0
5602,40.16,0.38,27.96,0.0,0.0,0.1,11.82,0.0
5603,41.4,1.86,31.5,0.0,0.0,0.1,8.04,0.0
5604,42.33,0.0,32.24,0.0,0.0,0.1,10.09,0.0
5605,42.9,0.83,31.65,2.13,0.0,0.1,12.55,0.0
5606,43.09,0.0,27.72,14.62,0.0,0.1164,30.0,0.0
5607,42.9,0.37,23.04,10.51,0.0,0.2288,30.0,0.0
5608,42.33,2.4,15.7,5.78,0.0,0.3096,30.0,0.0
5609,41.4,1.55,7.14,0.0,2.72,0.3539,30.0,0.0
5610,40.16,2.76,0.0,0.0,7.4,0.3308,30.0,0.0
5611,38.65,4.63,0.0,0.0,4.02,0.2678,30.0,0.0
5612,36.92,3.96,0.0,0.0,2.96,0.2336,30.0,0.0
5613,35.04,2.95,0.0,0.0,2.09,0.2084,30.0,0.0
5614,33.09,2.34,0.0,0.0,0.75,0.1906,30.0,0.0
5615,33.09,0.0,0.0,0.0,3.09,0.1842,30.0,0.0
5616,33.06,3.01,0.0,0.0,0.05,0.1579,30.0,0.0
5617,33.06,2.75,0.0,0.0,0.31,0.1575,30.0,0.0
5618,33.06,3.59,0.0,0.53,0.0,0.1548,30.0,0.0
5619,33.06,2.63,0.0,0.0,0.43,0.1589,30.0,0.0
5620,33.06,2.12,0.0,0.0,0.94,0.1552,30.0,0.0
5621,33.06,0.0,0.0,0.0,3.06,0.1472,30.0,0.0
5622,33.06,0.59,0.0,0.0,2.48,0.1211,30.0,0.0
5623,35.01,2.17,6.88,0.0,0.0,0.1,25.96,0.0
5624,36.89,0.0,15.64,0.0,0.0,0.1,21.25,0.0
5625,38.62,0.77,22.64,0.0,0.0,0.1,15.21,0.0
5626,40.13,1.14,28.23,0.0,0.0,0.1,10.76,0.0
5627,41.38,1.85,31.99,0.0,0.0,0.1,7.53,0.0
5628,42.3,0.0,33.14,0.0,0.0,0.1,9.16,0.0
5629,42.87,1.05,31.22,0.0,0.0,0.1,10.6,0.0
5630,43.06,0.0,28.16,12.93,0.0,0.1,27.84,0.0
5631,42.87,2.09,23.0,12.22,0.0,0.1994,30.0,0.0
5632,42.3,1.4,16.25,5.35,0.0,0.2933,30.0,0.0
5633,41.38,1.93,7.19,0.0,2.26,0.3344,30.0,0.0
5634,40.13,0.8,0.0,0.0,9.33,0.3151,30.0,0.0
5635,38.62,3.2,0.0,0.0,5.42,0.2357,30.0,0.0
5636,36.89,5.41,0.0,0.0,1.48,0.1895,30.0,0.0
5637,35.01,1.46,0.0,0.0,3.55,0.1769,30.0,0.0
5638,33.06,2.59,0.0,0.0,0.47,0.1467,30.0,0.0
5639,33.06,3.51,0.0,0.45,0.0,0.1427,30.0,0.0
5640,33.04,4.34,0.0,1.3,0.0,0.1461,30.0,0.0
5641,33.04,2.45,0.0,0.0,0.59,0.1561,30.0,0.0
5642,33.04,0.0,0.0,0.0,3.04,0.1511,30.0,0.0
5643,33.04,4.72,0.0,1.68,0.0,0.1253,30.0,0.0
5644,33.04,3.62,0.0,0.58,0.0,0.1382,30.0,0.0
5645,33.04,0.0,0.0,0.0,3.04,0.1427,30.0,0.0
5646,33.04,1.06,0.0,0.0,1.98,0.1168,30.0,0.0
5647,34.99,3.68,7.24,0.0,0.0,0.1,24.06,0.0
5648,36.86,3.19,16.0,0.0,0.0,0.1,17.67,0.0
5649,38.59,2.21,22.98,0.0,0.0,0.1,13.4,0.0
5650,40.11,0.46,28.79,0.0,0.0,0.1,10.85,0.0
5651,41.35,0.68,30.83,0.0,0.0,0.1,9.84,0.0
5652,42.27,0.34,31.45,0.0,0.0,0.1,10.48,0.0
5653,42.84,2.11,30.54,0.33,0.0,0.1,10.52,0.0
5654,43.04,0.0,28.59,15.56,0.0,0.1026,30.0,0.0
5655,42.84,0.0,21.95,9.11,0.0,0.2221,30.0,0.0
5656,42.27,2.59,15.5,5.82,0.0,0.2921,30.0,0.0
5657,41.35,1.48,8.43,0.0,1.44,0.3368,30.0,0.0
5658,40.11,3.78,0.0,0.0,6.33,0.3245,30.0,0.0
5659,38.59,1.33,0.0,0.0,7.27,0.2706,30.0,0.0
5660,36.86,2.5,0.0,0.0,4.36,0.2088,30.0,0.0
5661,34.99,1.6,0.0,0.0,3.39,0.1716,30.0,0.0
5662,33.04,3.09,0.0,0.05,0.0,0.1428,30.0,0.0
5663,33.04,1.19,0.0,0.0,1.85,0.1432,30.0,0.0
5664,33.01,2.61,0.0,0.0,0.4,0.1274,30.0,0.0
5665,33.01,1.27,0.0,0.0,1.74,0.1241,30.0,0.0
5666,33.01,4.05,0.0,1.04,0.0,0.1092,30.0,0.0
5667,33.01,3.86,0.0,0.85,0.0,0.1172,30.0,0.0
5668,33.01,0.23,0.0,0.0,2.78,0.1237,30.0,0.0
5669,33.01,4.09,0.0,0.0,0.0,0.1,28.92,0.0
5670,33.01,5.33,0.0,0.0,0.0,0.1,27.68,0.0
5671,34.96,1.62,7.7,0.0,0.0,0.1,25.64,0.0
5672,36.84,0.0,16.01,0.0,0.0,0.1,20.83,0.0
5673,38.57,4.81,22.85,0.0,0.0,0.1,10.91,0.0
5674,40.08,0.0,28.32,0.0,0.0,0.1,11.76,0.0
5675,41.32,0.61,30.82,0.0,0.0,0.1,9.89,0.0
5676,42.25,0.79,32.36,0.0,0.0,0.1,9.11,0.0
5677,42.82,2.43,30.77,7.34,0.0,0.1,16.96,0.0
5678,43.01,1.22,28.32,16.52,0.0,0.1564,30.0,0.0
5679,42.82,0.26,22.27,9.71,0.0,0.2834,30.0,0.0
5680,42.25,0.0,14.92,2.67,0.0,0.358,30.0,0.0
5681,41.32,1.09,7.0,0.0,3.24,0.3786,30.0,0.0
5682,40.08,0.53,0.0,0.0,9.55,0.351,30.0,0.0
5683,38.57,2.33,0.0,0.0,6.24,0.2697,30.0,0.0
5684,36.84,1.82,0.0,0.0,5.01,0.2166,30.0,0.0
5685,34.96,0.83,0.0,0.0,4.13,0.1739,30.0,0.0
5686,33.01,4.81,0.0,1.8,0.0,0.1388,30.0,0.0
5687,33.01,2.55,0.0,0.0,0.46,0.1526,30.0,0.0
5688,32.98,1.56,0.0,0.0,1.42,0.1487,30.0,0.0
5689,32.98,3.02,0.0,0.04,0.0,0.1366,30.0,0.0
5690,32.98,3.21,0.0,0.22,0.0,0.1369,30.0,0.0
5691,32.98,0.51,0.0,0.0,2.48,0.1386,30.0,0.0
5692,32.98,3.07,0.0,0.08,0.0,0.1175,30.0,0.0
5693,32.98,0.85,0.0,0.0,2.13,0.1182,30.0,0.0
5694,32.98,4.27,0.0,0.0,0.0,0.1,28.71,0.0
5695,34.93,2.29,8.51,0.0,0.0,0.1,24.13,0.0
5696,36.81,0.7,15.79,0.0,0.0,0.1,20.33,0.0
5697,38.54,0.0,22.35,0.0,0.0,0.1,16.19,0.0
5698,40.05,0.6,27.22,0.0,0.0,0.1,12.24,0.0
5699,41.3,1.45,30.32,0.0,0.0,0.1,9.53,0.0
5700,42.22,0.52,31.3,0.0,0.0,0.1,10.4,0.0
5701,42.79,0.31,31.49,0.0,0.0,0.1,10.99,0.0
5702,42.98,0.82,28.21,9.23,0.0,0.1,23.18,0.0
5703,42.79,0.13,22.51,9.85,0.0,0.1709,30.0,0.0
5704,42.22,0.77,15.94,4.49,0.0,0.2466,30.0,0.0
5705,41.3,0.0,8.34,0.0,2.96,0.2811,30.0,0.0
5706,40.05,3.26,0.0,0.0,6.79,0.2559,30.0,0.0
5707,38.54,2.69,0.0,0.0,5.85,0.1981,30.0,0.0
5708,36.81,1.55,0.0,0.0,5.26,0.1483,30.0,0.0
5709,34.93,5.5,0.0,0.56,0.0,0.1036,30.0,0.0
5710,32.98,3.23,0.0,0.25,0.0,0.1079,30.0,0.0
5711,32.98,1.83,0.0,0.0,1.15,0.1098,30.0,0.0
5712,32.96,4.49,0.0,0.23,0.0,0.1,28.7,0.0
5713,32.96,3.82,0.0,0.86,0.0,0.1018,30.0,0.0
5714,32.96,3.67,0.0,0.72,0.0,0.1084,30.0,0.0
5715,32.96,2.33,0.0,0.0,0.63,0.1139,30.0,0.0
5716,32.96,3.25,0.0,0.29,0.0,0.1085,30.0,0.0
5717,32.96,1.94,0.0,0.0,1.01,0.1108,30.0,0.0
5718,32.96,2.71,0.0,0.0,0.25,0.1021,30.0,0.0
5719,34.91,0.0,7.94,0.0,0.0,0.1,26.97,0.0
5720,36.79,0.67,14.79,0.0,0.0,0.1,21.33,0.0
5721,38.51,3.34,21.9,0.0,0.0,0.1,13.28,0.0
5722,40.03,0.0,26.78,0.0,0.0,0.1,13.25,0.0
5723,41.27,0.0,31.36,0.0,0.0,0.1,9.91,0.0
5724,42.2,0.0,32.31,0.0,0.0,0.1,9.89,0.0
5725,42.77,0.0,30.11,0.0,0.0,0.1,12.66,0.0
5726,42.96,0.0,28.48,8.87,0.0,0.1,23.35,0.0
5727,42.77,0.66,23.04,10.94,0.0,0.1682,30.0,0.0
5728,42.2,1.45,16.37,5.62,0.0,0.2523,30.0,0.0
5729,41.27,1.52,7.04,0.0,2.72,0.2955,30.0,0.0
5730,40.03,1.75,0.0,0.0,8.28,0.2723,30.0,0.0
5731,38.51,2.36,0.0,0.0,6.15,0.2018,30.0,0.0
5732,36.79,4.03,0.0,0.0,2.75,0.1495,30.0,0.0
5733,34.91,2.66,0.0,0.0,2.25,0.126,30.0,0.0
5734,32.96,2.35,0.0,0.0,0.61,0.1068,30.0,0.0
5735,32.96,2.89,0.0,0.0,0.07,0.1016,30.0,0.0
5736,32.93,4.13,0.0,1.2,0.0,0.101,30.0,0.0
5737,32.93,5.22,0.0,2.29,0.0,0.1102,30.0,0.0
5738,32.93,2.29,0.0,0.0,0.64,0.1278,30.0,0.0
5739,32.93,3.07,0.0,0.14,0.0,0.1223,30.0,0.0
5740,32.93,3.12,0.0,0.18,0.0,0.1234,30.0,0.0
5741,32.93,0.96,0.0,0.0,1.97,0.1248,30.0,0.0
5742,32.93,2.0,0.0,0.0,0.94,0.108,30.0,0.0
5743,34.89,0.0,7.17,0.0,0.0,0.1,27.72,0.0
5744,36.76,0.0,15.36,0.0,0.0,0.1,21.4,0.0
5745,38.49,1.5,23.14,0.0,0.0,0.1,13.85,0.0
5746,40.01,0.26,28.24,0.0,0.0,0.1,11.51,0.0
5747,41.25,0.92,31.35,0.0,0.0,0.1,8.98,0.0
5748,42.17,0.57,32.14,0.0,0.0,0.1,9.46,0.0
5749,42.74,0.0,31.63,0.0,0.0,0.1,11.11,0.0
5750,42.93,0.72,27.7,14.36,0.0,0.1,28.88,0.0
5751,42.74,0.0,23.1,10.36,0.0,0.2104,30.0,0.0
5752,42.17,3.19,14.99,6.0,0.0,0.29,30.0,0.0
5753,41.25,0.0,6.95,0.0,4.3,0.3361,30.0,0.0
5754,40.01,1.7,0.0,0.0,8.31,0.2995,30.0,0.0
5755,38.49,0.89,0.0,0.0,7.6,0.2288,30.0,0.0
5756,36.76,3.43,0.0,0.0,3.33,0.1641,30.0,0.0
5757,34.89,2.48,0.0,0.0,2.4,0.1358,30.0,0.0
5758,32.93,2.44,0.0,0.0,0.49,0.1153,30.0,0.0
5759,32.93,4.46,0.0,1.52,0.0,0.1111,30.0,0.0
5760,32.91,3.4,0.0,0.49,0.0,0.1229,30.0,0.0
5761,32.91,4.02,0.0,1.11,0.0,0.1266,30.0,0.0
5762,32.91,1.83,0.0,0.0,1.08,0.1351,30.0,0.0
5763,32.91,1.03,0.0,0.0,1.88,0.1259,30.0,0.0
5764,32.91,2.82,0.0,0.0,0.09,0.1099,30.0,0.0
5765,32.91,1.9,0.0,0.0,1.01,0.1091,30.0,0.0
5766,32.91,2.84,0.0,0.0,0.07,0.1006,30.0,0.0
5767,34.86,1.52,8.14,0.0,0.0,0.1,25.2,0.0
5768,36.74,1.58,16.09,0.0,0.0,0.1,19.06,0.0
5769,38.47,0.0,21.95,0.0,0.0,0.1,16.52,0.0
5770,39.98,3.39,28.04,0.0,0.0,0.1,8.56,0.0
5771,41.22,0.0,30.09,0.0,0.0,0.1,11.13,0.0
5772,42.15,1.57,32.05,0.0,0.0,0.1,8.53,0.0
5773,42.72,0.0,31.3,0.0,0.0,0.1,11.41,0.0
5774,42.91,1.22,27.76,11.8,0.0,0.1,25.72,0.0
5775,42.72,0.0,22.7,9.98,0.0,0.1907,30.0,0.0
5776,42.15,1.92,15.64,5.41,0.0,0.2674,30.0,0.0
5777,41.22,1.15,7.26,0.0,2.82,0.309,30.0,0.0
5778,39.98,2.03,0.0,0.0,7.95,0.2849,30.0,0.0
5779,38.47,3.3,0.0,0.0,5.17,0.2172,30.0,0.0
5780,36.74,0.98,0.0,0.0,5.75,0.1732,30.0,0.0
5781,34.86,2.02,0.0,0.0,2.84,0.1242,30.0,0.0
5782,32.91,3.8,0.0,0.0,0.0,0.1,29.11,0.0
5783,32.91,6.18,0.0,2.05,0.0,0.1,28.77,0.0
5784,32.89,3.19,0.0,0.3,0.0,0.1157,30.0,0.0
5785,32.89,4.14,0.0,1.25,0.0,0.118,30.0,0.0
5786,32.89,3.05,0.0,0.16,0.0,0.1276,30.0,0.0
5787,32.89,5.63,0.0,2.75,0.0,0.1289,30.0,0.0
5788,32.89,0.3,0.0,0.0,2.59,0.15,30.0,0.0
5789,32.89,2.49,0.0,0.0,0.4,0.128,30.0,0.0
5790,32.89,0.0,0.0,0.0,2.89,0.1246,30.0,0.0
5791,34.84,0.0,7.45,0.0,0.0,0.1,27.38,0.0
5792,36.71,1.73,16.14,0.0,0.0,0.1,18.84,0.0
5793,38.44,0.0,22.97,0.0,0.0,0.1,15.47,0.0
5794,39.96,0.43,27.14,0.0,0.0,0.1,12.39,0.0
5795,41.2,0.54,30.54,0.0,0.0,0.1,10.12,0.0
5796,42.13,4.88,32.1,0.0,0.0,0.1,5.15,0.0
5797,42.69,0.33,30.39,0.0,0.0,0.1,11.97,0.0
5798,42.89,1.52,26.72,9.43,0.0,0.1,24.08,0.0
5799,42.69,0.15,21.76,9.22,0.0,0.1724,30.0,0.0
5800,42.13,1.73,15.78,5.38,0.0,0.2433,30.0,0.0
5801,41.2,1.33,7.28,0.0,2.59,0.2846,30.0,0.0
5802,39.96,1.44,0.0,0.0,8.51,0.2626,30.0,0.0
5803,38.44,4.85,0.0,0.0,3.59,0.1901,30.0,0.0
5804,36.71,4.3,0.0,0.0,2.41,0.1595,30.0,0.0
5805,34.84,3.16,0.0,0.0,1.68,0.139,30.0,0.0
5806,32.89,0.04,0.0,0.0,2.85,0.1247,30.0,0.0
5807,32.89,2.84,0.0,0.0,0.05,0.1004,30.0,0.0
5808,32.86,7.1,0.0,0.71,0.0,0.1,26.47,0.0
5809,32.86,3.03,0.0,0.17,0.0,0.1054,30.0,0.0
5810,32.86,4.72,0.0,1.86,0.0,0.1067,30.0,0.0
5811,32.86,4.97,0.0,2.11,0.0,0.121,30.0,0.0
5812,32.86,3.01,0.0,0.15,0.0,0.1372,30.0,0.0
5813,32.86,1.23,0.0,0.0,1.64,0.1383,30.0,0.0
5814,32.86,0.0,0.0,0.0,2.86,0.1244,30.0,0.0
5815,34.82,2.61,8.02,0.0,0.0,0.1,24.19,0.0
5816,36.69,0.23,15.2,0.0,0.0,0.1,21.27,0.0
5817,38.42,1.3,21.39,0.0,0.0,0.1,15.73,0.0
5818,39.94,0.0,26.71,0.0,0.0,0.1,13.22,0.0
5819,41.18,0.34,29.54,0.0,0.0,0.1,11.3,0.0
5820,42.1,0.7,30.85,0.0,0.0,0.1,10.54,0.0
5821,42.67,1.07,29.87,0.0,0.0,0.1,11.73,0.0
5822,42.86,0.0,26.6,10.12,0.0,0.1,26.39,0.0
5823,42.67,2.7,22.2,12.23,0.0,0.1778,30.0,0.0
5824,42.1,0.52,15.47,3.89,0.0,0.2717,30.0,0.0
5825,41.18,0.0,8.03,0.0,3.15,0.3016,30.0,0.0
5826,39.94,1.88,0.0,0.0,8.06,0.2748,30.0,0.0
5827,38.42,2.43,0.0,0.0,5.99,0.2062,30.0,0.0
5828,36.69,2.93,0.0,0.0,3.76,0.1552,30.0,0.0
5829,34.82,4.86,0.0,0.05,0.0,0.1232,30.0,0.0
5830,32.86,2.89,0.0,0.02,0.0,0.1235,30.0,0.0
5831,32.86,3.19,0.0,0.32,0.0,0.1237,30.0,0.0
5832,32.84,1.91,0.0,0.0,0.94,0.1262,30.0,0.0
5833,32.84,4.49,0.0,1.65,0.0,0.1182,30.0,0.0
5834,32.84,3.49,0.0,0.64,0.0,0.1309,30.0,0.0
5835,32.84,2.44,0.0,0.0,0.4,0.1358,30.0,0.0
5836,32.84,0.12,0.0,0.0,2.72,0.1324,30.0,0.0
5837,32.84,4.38,0.0,1.54,0.0,0.1093,30.0,0.0
5838,32.84,0.37,0.0,0.0,2.48,0.1211,30.0,0.0
5839,34.79,0.88,6.82,0.0,0.0,0.1,27.09,0.0
5840,36.67,1.85,14.7,0.0,0.0,0.1,20.12,0.0
5841,38.4,0.0,21.36,0.0,0.0,0.1,17.03,0.0
5842,39.91,0.0,26.84,0.0,0.0,0.1,13.07,0.0
5843,41.16,0.0,31.02,0.0,0.0,0.1,10.13,0.0
5844,42.08,1.67,31.98,0.0,0.0,0.1,8.43,0.0
5845,42.65,0.0,29.94,0.0,0.0,0.1,12.71,0.0
5846,42.84,4.87,27.63,18.76,0.0,0.1,29.1,0.0
5847,42.65,0.0,21.97,9.32,0.0,0.2442,30.0,0.0
5848,42.08,0.1,16.05,4.07,0.0,0.3158,30.0,0.0
5849,41.16,0.92,8.25,0.0,1.99,0.347,30.0,0.0
5850,39.91,2.38,0.0,0.0,7.53,0.3301,30.0,0.0
5851,38.4,1.76,0.0,0.0,6.64,0.266,30.0,0.0
5852,36.67,3.57,0.0,0.0,3.1,0.2094,30.0,0.0
5853,34.79,1.68,0.0,0.0,3.12,0.183,30.0,0.0
5854,32.84,1.34,0.0,0.0,1.5,0.1565,30.0,0.0
5855,32.84,0.91,0.0,0.0,1.93,0.1437,30.0,0.0
5856,32.82,0.39,0.0,0.0,2.43,0.1272,30.0,0.0
5857,32.82,2.68,0.0,0.0,0.14,0.1066,30.0,0.0
5858,32.82,2.84,0.0,0.02,0.0,0.1054,30.0,0.0
5859,32.82,2.17,0.0,0.0,0.65,0.1055,30.0,0.0
5860,32.82,4.45,0.0,0.06,0.0,0.1,28.43,0.0
5861,32.82,4.1,0.0,1.28,0.0,0.1005,30.0,0.0
5862,32.82,1.61,0.0,0.0,1.21,0.1103,30.0,0.0
5863,34.77,0.0,7.85,0.0,0.0,0.1,26.92,0.0
5864,36.65,0.61,14.88,0.0,0.0,0.1,21.16,0.0
5865,38.38,0.28,22.47,0.0,0.0,0.1,15.63,0.0
5866,39.89,0.0,27.79,0.0,0.0,0.1,12.1,0.0
5867,41.14,0.0,29.93,0.0,0.0,0.1,11.21,0.0
5868,42.06,0.0,30.58,0.0,0.0,0.1,11.48,0.0
5869,42.63,0.22,30.96,1.23,0.0,0.1,12.69,0.0
5870,42.82,0.01,26.87,14.06,0.0,0.1095,30.0,0.0
5871,42.63,1.38,21.17,9.93,0.0,0.2175,30.0,0.0
5872,42.06,1.88,14.76,4.57,0.0,0.2938,30.0,0.0
5873,41.14,0.47,7.22,0.0,3.45,0.3289,30.0,0.0
5874,39.89,3.81,0.0,0.0,6.08,0.2995,30.0,0.0
5875,38.38,1.08,0.0,0.0,7.3,0.2477,30.0,0.0
5876,36.65,0.54,0.0,0.0,6.11,0.1856,30.0,0.0
5877,34.77,3.56,0.0,0.0,1.21,0.1336,30.0,0.0
5878,32.82,2.13,0.0,0.0,0.69,0.1232,30.0,0.0
5879,32.82,3.83,0.0,1.01,0.0,0.1174,30.0,0.0
5880,32.8,0.17,0.0,0.0,2.63,0.1251,30.0,0.0
5881,32.8,5.32,0.0,2.52,0.0,0.1027,30.0,0.0
5882,32.8,4.19,0.0,1.39,0.0,0.1221,30.0,0.0
5883,32.8,1.0,0.0,0.0,1.8,0.1328,30.0,0.0
5884,32.8,0.75,0.0,0.0,2.05,0.1175,30.0,0.0
5885,32.8,4.73,0.0,1.91,0.0,0.1,29.98,0.0
5886,32.8,1.08,0.0,0.0,1.72,0.1147,30.0,0.0
5887,34.75,0.59,7.71,0.0,0.0,0.1,26.45,0.0
5888,36.63,0.0,6.63,0.0,0.0,0.1,30.0,0.0
5889,38.36,0.64,22.11,0.0,0.0,0.1,15.6,0.0
5890,39.87,0.59,26.25,0.0,0.0,0.1,13.03,0.0
5891,41.11,1.75,30.2,0.0,0.0,0.1,9.17,0.0
5892,42.04,0.0,30.82,0.0,0.0,0.1,11.22,0.0
5893,42.61,0.0,30.66,0.0,0.0,0.1,11.95,0.0
5894,42.8,1.52,27.67,10.46,0.0,0.1,24.07,0.0
5895,42.61,2.5,21.6,11.49,0.0,0.1804,30.0,0.0
5896,42.04,0.0,15.01,2.98,0.0,0.2687,30.0,0.0
5897,41.11,3.21,7.1,0.0,0.8,0.2915,30.0,0.0
5898,39.87,2.14,0.0,0.0,7.73,0.2848,30.0,0.0
5899,38.36,3.94,0.0,0.0,4.42,0.2189,30.0,0.0
5900,36.63,2.68,0.0,0.0,3.95,0.1813,30.0,0.0
5901,34.75,0.0,0.0,0.0,4.75,0.1477,30.0,0.0
5902,32.8,3.07,0.0,0.27,0.0,0.1072,30.0,0.0
5903,32.8,4.86,0.0,2.06,0.0,0.1093,30.0,0.0
5904,32.78,2.25,0.0,0.0,0.53,0.1251,30.0,0.0
5905,32.78,2.9,0.0,0.12,0.0,0.1206,30.0,0.0
5906,32.78,3.05,0.0,0.27,0.0,0.1216,30.0,0.0
5907,32.78,0.0,0.0,0.0,2.78,0.1237,30.0,0.0
5908,32.78,5.08,0.0,1.72,0.0,0.1,29.42,0.0
5909,32.78,1.23,0.0,0.0,1.55,0.1132,30.0,0.0
5910,32.78,2.8,0.0,0.0,0.0,0.1,29.98,0.0
5911,34.73,1.64,6.6,0.0,0.0,0.1,26.5,0.0
5912,36.61,3.15,14.49,0.0,0.0,0.1,18.97,0.0
5913,38.34,1.7,22.28,0.0,0.0,0.1,14.36,0.0
5914,39.85,0.6,27.65,0.0,0.0,0.1,11.6,0.0
5915,41.09,0.0,30.64,0.0,0.0,0.1,10.46,0.0
5916,42.02,1.83,31.75,0.0,0.0,0.1,8.44,0.0
5917,42.59,0.0,29.44,0.0,0.0,0.1,13.15,0.0
5918,42.78,1.81,26.91,10.87,0.0,0.1,24.93,0.0
5919,42.59,0.0,21.9,9.32,0.0,0.1836,30.0,0.0
5920,42.02,3.14,15.17,6.29,0.0,0.2552,30.0,0.0
5921,41.09,1.98,6.88,0.0,2.23,0.3035,30.0,0.0
5922,39.85,2.99,0.0,0.0,6.86,0.2845,30.0,0.0
5923,38.34,2.58,0.0,0.0,5.76,0.2261,30.0,0.0
5924,36.61,0.39,0.0,0.0,6.21,0.177,30.0,0.0
5925,34.73,1.9,0.0,0.0,2.83,0.1241,30.0,0.0
5926,32.78,4.22,0.0,0.07,0.0,0.1,28.63,0.0
5927,32.78,3.66,0.0,0.88,0.0,0.1005,30.0,0.0
5928,32.76,5.12,0.0,2.36,0.0,0.1073,30.0,0.0
5929,32.76,4.0,0.0,1.24,0.0,0.1254,30.0,0.0
5930,32.76,1.99,0.0,0.0,0.77,0.1349,30.0,0.0
5931,32.76,2.01,0.0,0.0,0.75,0.1284,30.0,0.0
5932,32.76,2.96,0.0,0.2,0.0,0.122,30.0,0.0
5933,32.76,0.0,0.0,0.0,2.76,0.1235,30.0,0.0
5934,32.76,4.42,0.0,0.0,0.0,0.1,28.34,0.0
5935,34.71,2.38,6.88,0.0,0.0,0.1,25.46,0.0
5936,36.59,3.13,15.2,0.0,0.0,0.1,18.26,0.0
5937,38.32,0.0,21.87,0.0,0.0,0.1,16.45,0.0
5938,39.83,2.65,25.95,0.0,0.0,0.1,11.24,0.0
5939,41.08,3.86,30.23,0.0,0.0,0.1,6.99,0.0
5940,42.0,0.0,31.25,0.0,0.0,0.1,10.75,0.0
5941,42.57,1.86,30.7,0.0,0.0,0.1,10.01,0.0
5942,42.76,0.95,26.62,11.41,0.0,0.1,26.6,0.0
5943,42.57,0.0,22.11,9.54,0.0,0.1877,30.0,0.0
5944,42.0,2.12,14.06,4.18,0.0,0.261,30.0,0.0
5945,41.08,2.92,7.95,0.0,0.2,0.2931,30.0,0.0
5946,39.83,1.31,0.0,0.0,8.52,0.2914,30.0,0.0
5947,38.32,4.08,0.0,0.0,4.24,0.2188,30.0,0.0
5948,36.59,0.53,0.0,0.0,6.05,0.1827,30.0,0.0
5949,34.71,1.05,0.0,0.0,3.66,0.1312,30.0,0.0
5950,32.76,3.5,0.0,0.0,0.0,0.1,29.26,0.0
5951,32.76,3.49,0.0,0.22,0.0,0.1,29.5,0.0
5952,32.74,2.54,0.0,0.0,0.2,0.1017,30.0,0.0
5953,32.74,4.58,0.0,0.0,0.0,0.1,28.16,0.0
5954,32.74,4.06,0.0,0.0,0.0,0.1,28.68,0.0
5955,32.74,4.29,0.0,0.82,0.0,0.1,29.27,0.0
5956,32.74,2.67,0.0,0.0,0.07,0.1063,30.0,0.0
5957,32.74,3.33,0.0,0.59,0.0,0.1057,30.0,0.0
5958,32.74,1.54,0.0,0.0,1.2,0.1102,30.0,0.0
5959,34.69,4.61,8.0,0.0,0.0,0.1,22.09,0.0
5960,36.57,0.35,14.59,0.0,0.0,0.1,21.62,0.0
5961,38.3,4.07,22.37,0.0,0.0,0.1,11.86,0.0
5962,39.81,1.01,26.43,0.0,0.0,0.1,12.37,0.0
5963,41.06,0.0,29.17,0.0,0.0,0.1,11.89,0.0
5964,41.98,0.0,31.48,0.0,0.0,0.1,10.5,0.0
5965,42.55,1.0,30.36,0.0,0.0,0.1,11.19,0.0
5966,42.74,0.0,27.16,7.42,0.0,0.1,23.0,0.0
5967,42.55,2.86,22.16,12.47,0.0,0.157,30.0,0.0
5968,41.98,1.93,14.45,4.4,0.0,0.2529,30.0,0.0
5969,41.06,0.99,7.57,0.0,2.5,0.2867,30.0,0.0
5970,39.81,3.49,0.0,0.0,6.33,0.2655,30.0,0.0
5971,38.3,2.51,0.0,0.0,5.79,0.2116,30.0,0.0
5972,36.57,3.78,0.0,0.0,2.79,0.1623,30.0,0.0
5973,34.69,0.17,0.0,0.0,4.52,0.1385,30.0,0.0
5974,32.74,3.95,0.0,0.16,0.0,0.1,28.95,0.0
5975,32.74,2.6,0.0,0.0,0.14,0.1012,30.0,0.0
5976,32.72,5.81,0.0,0.0,0.0,0.1,26.92,0.0
5977,32.72,4.35,0.0,0.0,0.0,0.1,28.38,0.0
5978,32.72,3.69,0.0,0.28,0.0,0.1,29.32,0.0
5979,32.72,3.81,0.0,1.08,0.0,0.1022,30.0,0.0
5980,32.72,1.49,0.0,0.0,1.23,0.1105,30.0,0.0
5981,32.72,4.75,0.0,0.0,0.0,0.1,27.97,0.0
5982,32.72,4.9,0.0,0.0,0.0,0.1,27.82,0.0
5983,34.67,2.36,7.76,0.0,0.0,0.1,24.56,0.0
5984,36.55,3.67,14.53,0.0,0.0,0.1,18.35,0.0
5985,38.28,0.43,21.96,0.0,0.0,0.1,15.89,0.0
5986,39.79,0.0,27.26,0.0,0.0,0.1,12.53,0.0
5987,41.04,0.91,29.5,0.0,0.0,0.1,10.63,0.0
5988,41.96,1.4,31.3,0.0,0.0,0.1,9.27,0.0
5989,42.53,0.0,28.83,0.0,0.0,0.1,13.7,0.0
5990,42.72,1.72,25.8,10.41,0.0,0.1,25.61,0.0
5991,42.53,1.62,20.92,10.01,0.0,0.18,30.0,0.0
5992,41.96,0.12,14.24,2.4,0.0,0.2569,30.0,0.0
5993,41.04,2.53,6.68,0.0,1.83,0.2753,30.0,0.0
5994,39.79,3.36,0.0,0.0,6.44,0.2598,30.0,0.0
5995,38.28,2.76,0.0,0.0,5.52,0.2049,30.0,0.0
5996,36.55,4.44,0.0,0.0,2.11,0.1579,30.0,0.0
5997,34.67,1.47,0.0,0.0,3.2,0.1399,30.0,0.0
5998,32.72,4.0,0.0,1.28,0.0,0.1127,30.0,0.0
5999,32.72,1.89,0.0,0.0,0.83,0.1225,30.0,0.0
6000,32.71,2.04,0.0,0.0,0.67,0.1154,30.0,0.0
6001,32.71,2.65,0.0,0.0,0.05,0.1097,30.0,0.0
6002,32.71,2.09,0.0,0.0,0.62,0.1093,30.0,0.0
6003,32.71,2.41,0.0,0.0,0.29,0.104,30.0,0.0
6004,32.71,2.59,0.0,0.0,0.12,0.1015,30.0,0.0
6005,32.71,3.69,0.0,0.99,0.0,0.1005,30.0,0.0
6006,32.71,1.75,0.0,0.0,0.95,0.1081,30.0,0.0
6007,34.66,0.0,6.75,0.0,0.0,0.1,27.91,0.0
6008,36.53,3.07,15.24,0.0,0.0,0.1,18.22,0.0
6009,38.26,0.08,21.59,0.0,0.0,0.1,16.59,0.0
6010,39.78,0.93,26.75,0.0,0.0,0.1,12.1,0.0
6011,41.02,1.48,29.99,0.0,0.0,0.1,9.55,0.0
6012,41.94,1.1,30.93,0.0,0.0,0.1,9.91,0.0
6013,42.51,2.37,29.71,0.0,0.0,0.1,10.44,0.0
6014,42.71,1.66,26.89,4.43,0.0,0.1,18.58,0.0
6015,42.51,0.05,20.63,8.17,0.0,0.134,30.0,0.0
6016,41.94,4.49,15.63,8.18,0.0,0.1968,30.0,0.0
6017,41.02,2.11,6.89,0.0,2.02,0.2596,30.0,0.0
6018,39.78,1.99,0.0,0.0,7.78,0.2424,30.0,0.0
6019,38.26,3.87,0.0,0.0,4.39,0.1761,30.0,0.0
6020,36.53,3.22,0.0,0.0,3.31,0.1387,30.0,0.0
6021,34.66,3.71,0.0,0.0,0.95,0.1105,30.0,0.0
6022,32.71,6.79,0.0,4.09,0.0,0.1024,30.0,0.0
6023,32.71,3.14,0.0,0.43,0.0,0.1338,30.0,0.0
6024,32.69,3.15,0.0,0.46,0.0,0.1372,30.0,0.0
6025,32.69,3.7,0.0,1.01,0.0,0.1407,30.0,0.0
6026,32.69,4.87,0.0,2.18,0.0,0.1485,30.0,0.0
6027,32.69,1.12,0.0,0.0,1.57,0.1652,30.0,0.0
6028,32.69,0.21,0.0,0.0,2.48,0.1519,30.0,0.0
6029,32.69,1.77,0.0,0.0,0.92,0.1308,30.0,0.0
6030,32.69,0.0,0.0,0.0,2.69,0.1229,30.0,0.0
6031,34.64,1.28,7.0,0.0,0.0,0.1,26.36,0.0
6032,36.52,2.22,14.65,0.0,0.0,0.1,19.65,0.0
6033,38.24,0.03,21.24,0.0,0.0,0.1,16.98,0.0
6034,39.76,0.0,26.57,0.0,0.0,0.1,13.19,0.0
6035,41.0,0.99,29.27,0.0,0.0,0.1,10.74,0.0
6036,41.93,0.0,30.42,0.0,0.0,0.1,11.51,0.0
6037,42.5,0.0,29.05,0.0,0.0,0.1,13.45,0.0
6038,42.69,2.15,26.52,1.86,0.0,0.1,15.88,0.0
6039,42.5,2.37,21.72,11.59,0.0,0.1143,30.0,0.0
6040,41.93,2.84,14.31,5.22,0.0,0.2034,30.0,0.0
6041,41.0,3.53,6.81,0.0,0.67,0.2435,30.0,0.0
6042,39.76,5.23,0.0,0.0,4.53,0.2378,30.0,0.0
6043,38.24,2.08,0.0,0.0,6.16,0.1992,30.0,0.0
6044,36.52,3.05,0.0,0.0,3.47,0.1468,30.0,0.0
6045,34.64,2.61,0.0,0.0,2.03,0.1173,30.0,0.0
6046,32.69,3.4,0.0,0.0,0.0,0.1,29.28,0.0
6047,32.69,5.64,0.0,1.33,0.0,0.1,28.38,0.0
6048,32.67,1.77,0.0,0.0,0.91,0.1102,30.0,0.0
6049,32.67,2.38,0.0,0.0,0.29,0.1025,30.0,0.0
6050,32.67,5.31,0.0,0.0,0.0,0.1,27.36,0.0
6051,32.67,4.6,0.0,0.27,0.0,0.1,28.35,0.0
6052,32.67,2.43,0.0,0.0,0.25,0.1021,30.0,0.0
6053,32.67,3.76,0.0,0.0,0.0,0.1,28.91,0.0
6054,32.67,2.7,0.0,0.0,0.0,0.1,29.97,0.0
6055,34.62,3.94,7.89,0.0,0.0,0.1,22.8,0.0
6056,36.5,1.66,14.35,0.0,0.0,0.1,20.5,0.0
6057,38.23,2.67,21.44,0.0,0.0,0.1,14.12,0.0
6058,39.74,4.67,26.47,0.0,0.0,0.1,8.61,0.0
6059,40.99,1.73,29.8,0.0,0.0,0.1,9.46,0.0
6060,41.91,0.0,30.52,0.0,0.0,0.1,11.39,0.0
6061,42.48,1.9,30.13,0.0,0.0,0.1,10.44,0.0
6062,42.67,0.55,25.58,3.98,0.0,0.1,20.52,0.0
6063,42.48,4.54,21.16,13.22,0.0,0.1306,30.0,0.0
6064,41.91,1.8,14.22,4.11,0.0,0.2322,30.0,0.0
6065,40.99,1.51,7.52,0.0,1.96,0.2638,30.0,0.0
6066,39.74,1.09,0.0,0.0,8.65,0.2471,30.0,0.0
6067,38.23,4.09,0.0,0.0,4.13,0.1734,30.0,0.0
6068,36.5,4.11,0.0,0.0,2.39,0.1382,30.0,0.0
6069,34.62,2.52,0.0,0.0,2.1,0.1179,30.0,0.0
6070,32.67,4.21,0.0,1.45,0.0,0.1,29.91,0.0
6071,32.67,1.49,0.0,0.0,1.18,0.1111,30.0,0.0
6072,32.66,3.88,0.0,1.22,0.0,0.1011,30.0,0.0
6073,32.66,4.2,0.0,1.54,0.0,0.1105,30.0,0.0
6074,32.66,5.78,0.0,3.13,0.0,0.1224,30.0,0.0
6075,32.66,2.17,0.0,0.0,0.49,0.1464,30.0,0.0
6076,32.66,1.19,0.0,0.0,1.46,0.1422,30.0,0.0
6077,32.66,1.39,0.0,0.0,1.27,0.1298,30.0,0.0
6078,32.66,0.43,0.0,0.0,2.23,0.119,30.0,0.0
6079,34.61,3.74,7.45,0.0,0.0,0.1,23.43,0.0
6080,36.48,3.7,14.13,0.0,0.0,0.1,18.66,0.0
6081,38.21,1.73,20.61,0.0,0.0,0.1,15.87,0.0
6082,39.73,2.75,25.07,0.0,0.0,0.1,11.91,0.0
6083,40.97,1.12,29.22,0.0,0.0,0.1,10.63,0.0
6084,41.9,0.76,30.96,0.0,0.0,0.1,10.18,0.0
6085,42.47,0.48,28.78,0.0,0.0,0.1,13.21,0.0
6086,42.66,0.65,25.6,9.14,0.0,0.1,25.55,0.0
6087,42.47,0.0,20.81,8.34,0.0,0.1702,30.0,0.0
6088,41.9,1.94,14.47,4.51,0.0,0.2344,30.0,0.0
6089,40.97,1.85,7.52,0.0,1.6,0.2691,30.0,0.0
6090,39.73,3.28,0.0,0.0,6.45,0.2554,30.0,0.0
6091,38.21,2.74,0.0,0.0,5.47,0.2005,30.0,0.0
6092,36.48,2.72,0.0,0.0,3.76,0.154,30.0,0.0
6093,34.61,2.04,0.0,0.0,2.57,0.1219,30.0,0.0
6094,32.66,3.54,0.0,0.0,0.0,0.1,29.11,0.0
6095,32.66,4.59,0.0,1.15,0.0,0.1,29.22,0.0
6096,32.64,2.09,0.0,0.0,0.56,0.1089,30.0,0.0
6097,32.64,3.72,0.0,1.08,0.0,0.1041,30.0,0.0
6098,32.64,3.79,0.0,1.14,0.0,0.1124,30.0,0.0
6099,32.64,2.27,0.0,0.0,0.38,0.1212,30.0,0.0
6100,32.64,2.16,0.0,0.0,0.48,0.118,30.0,0.0
6101,32.64,2.95,0.0,0.31,0.0,0.1139,30.0,0.0
6102,32.64,0.73,0.0,0.0,1.91,0.1163,30.0,0.0
6103,34.59,2.41,7.31,0.0,0.0,0.1,24.88,0.0
6104,36.47,0.37,14.55,0.0,0.0,0.1,21.55,0.0
6105,38.2,2.77,20.48,0.0,0.0,0.1,14.95,0.0
6106,39.71,4.3,25.08,0.0,0.0,0.1,10.33,0.0
6107,40.96,0.0,28.8,0.0,0.0,0.1,12.16,0.0
6108,41.88,1.64,30.32,0.0,0.0,0.1,9.92,0.0
6109,42.45,0.0,29.01,0.0,0.0,0.1,13.44,0.0
6110,42.64,2.52,25.18,11.57,0.0,0.1,26.51,0.0
6111,42.45,0.0,20.85,8.4,0.0,0.1889,30.0,0.0
6112,41.88,2.26,14.71,5.08,0.0,0.2535,30.0,0.0
6113,40.96,0.73,7.18,0.0,3.05,0.2925,30.0,0.0
6114,39.71,2.0,0.0,0.0,7.72,0.2665,30.0,0.0
6115,38.2,1.22,0.0,0.0,6.97,0.2008,30.0,0.0
6116,36.47,4.09,0.0,0.0,2.38,0.1414,30.0,0.0
6117,34.59,2.1,0.0,0.0,2.49,0.1212,30.0,0.0
6118,32.64,4.22,0.0,0.0,0.0,0.1,28.42,0.0
6119,32.64,3.13,0.0,0.0,0.0,0.1,29.51,0.0
6120,32.63,3.52,0.0,0.0,0.0,0.1,29.11,0.0
6121,32.63,3.83,0.0,0.2,0.0,0.1,29.0,0.0
6122,32.63,2.45,0.0,0.0,0.18,0.1016,30.0,0.0
6123,32.63,3.56,0.0,0.0,0.0,0.1,29.07,0.0
6124,32.63,5.08,0.0,1.15,0.0,0.1,28.69,0.0
6125,32.63,1.59,0.0,0.0,1.04,0.1088,30.0,0.0
6126,32.63,3.91,0.0,0.0,0.0,0.1,28.72,0.0
6127,34.58,0.0,7.59,0.0,0.0,0.1,26.99,0.0
6128,36.46,0.5,15.34,0.0,0.0,0.1,20.62,0.0
6129,38.18,0.0,20.45,0.0,0.0,0.1,17.73,0.0
6130,39.7,1.53,25.93,0.0,0.0,0.1,12.24,0.0
6131,40.94,0.23,28.16,0.0,0.0,0.1,12.55,0.0
6132,41.87,3.49,29.42,0.0,0.0,0.1,8.95,0.0
6133,42.44,1.03,29.32,0.0,0.0,0.1,12.09,0.0
6134,42.63,0.02,26.13,8.07,0.0,0.1,24.55,0.0
6135,42.44,0.0,21.63,9.2,0.0,0.162,30.0,0.0
6136,41.87,3.11,14.07,5.31,0.0,0.2327,30.0,0.0
6137,40.94,1.17,6.45,0.0,3.33,0.2735,30.0,0.0
6138,39.7,2.36,0.0,0.0,7.34,0.2452,30.0,0.0
6139,38.18,3.97,0.0,0.0,4.22,0.1827,30.0,0.0
6140,36.46,2.33,0.0,0.0,4.13,0.1468,30.0,0.0
6141,34.58,3.21,0.0,0.0,1.37,0.1117,30.0,0.0
6142,32.63,2.63,0.0,0.0,0.0,0.1,30.0,0.0
6143,32.63,4.56,0.0,0.0,0.0,0.1,28.07,0.0
6144,32.62,4.5,0.0,0.0,0.0,0.1,28.11,0.0
6145,32.62,3.35,0.0,0.65,0.0,0.1,29.92,0.0
6146,32.62,3.6,0.0,0.98,0.0,0.105,30.0,0.0
6147,32.62,2.79,0.0,0.17,0.0,0.1126,30.0,0.0
6148,32.62,0.99,0.0,0.0,1.63,0.1139,30.0,0.0
6149,32.62,3.03,0.0,0.0,0.0,0.1,29.58,0.0
6150,32.62,4.92,0.0,0.0,0.0,0.1,27.7,0.0
6151,34.57,0.76,6.53,0.0,0.0,0.1,27.27,0.0
6152,36.44,0.58,14.23,0.0,0.0,0.1,21.63,0.0
6153,38.17,0.17,19.98,0.0,0.0,0.1,18.02,0.0
6154,39.69,2.13,25.3,0.0,0.0,0.1,12.26,0.0
6155,40.93,1.62,28.75,0.0,0.0,0.1,10.57,0.0
6156,41.85,0.74,30.15,0.0,0.0,0.1,10.97,0.0
6157,42.42,0.0,29.34,0.0,0.0,0.1,13.08,0.0
6158,42.62,1.27,26.11,12.42,0.0,0.1,27.66,0.0
6159,42.42,0.0,20.18,7.76,0.0,0.1955,30.0,0.0
6160,41.85,1.84,13.6,3.59,0.0,0.2551,30.0,0.0
6161,40.93,3.17,6.36,0.0,1.41,0.2826,30.0,0.0
6162,39.69,0.61,0.0,0.0,9.07,0.2706,30.0,0.0
6163,38.17,0.58,0.0,0.0,7.59,0.1934,30.0,0.0
6164,36.44,5.17,0.0,0.0,1.27,0.1288,30.0,0.0
6165,34.57,2.46,0.0,0.0,2.11,0.118,30.0,0.0
6166,32.62,5.07,0.0,0.0,0.0,0.1,27.55,0.0
6167,32.62,3.44,0.0,0.0,0.0,0.1,29.18,0.0
6168,32.6,3.5,0.0,0.0,0.0,0.1,29.11,0.0
6169,32.6,4.27,0.0,1.41,0.0,0.1,29.74,0.0
6170,32.6,2.32,0.0,0.0,0.28,0.1108,30.0,0.0
6171,32.6,3.5,0.0,0.9,0.0,0.1084,30.0,0.0
6172,32.6,2.51,0.0,0.0,0.09,0.1153,30.0,0.0
6173,32.6,0.9,0.0,0.0,1.71,0.1145,30.0,0.0
6174,32.6,2.81,0.0,0.0,0.0,0.1,29.79,0.0
6175,34.55,1.63,6.88,0.0,0.0,0.1,26.04,0.0
6176,36.43,1.45,13.74,0.0,0.0,0.1,21.24,0.0
6177,38.16,0.0,20.71,0.0,0.0,0.1,17.45,0.0
6178,39.67,3.34,24.81,0.0,0.0,0.1,11.52,0.0
6179,40.92,2.23,27.96,0.0,0.0,0.1,10.73,0.0
6180,41.84,2.3,30.46,0.0,0.0,0.1,9.08,0.0
6181,42.41,0.61,27.86,0.0,0.0,0.1,13.95,0.0
6182,42.6,0.0,25.31,4.46,0.0,0.1,21.75,0.0
6183,42.41,4.05,19.81,11.46,0.0,0.1343,30.0,0.0
6184,41.84,1.58,13.92,3.66,0.0,0.2223,30.0,0.0
6185,40.92,0.97,6.44,0.0,3.51,0.2504,30.0,0.0
6186,39.67,2.92,0.0,0.0,6.75,0.2206,30.0,0.0
6187,38.16,4.3,0.0,0.0,3.86,0.163,30.0,0.0
6188,36.43,3.0,0.0,0.0,3.43,0.1302,30.0,0.0
6189,34.55,5.07,0.0,0.51,0.0,0.101,30.0,0.0
6190,32.6,5.02,0.0,2.41,0.0,0.105,30.0,0.0
6191,32.6,2.2,0.0,0.0,0.41,0.1235,30.0,0.0
6192,32.59,2.82,0.0,0.23,0.0,0.1201,30.0,0.0
6193,32.59,5.01,0.0,2.41,0.0,0.1218,30.0,0.0
6194,32.59,0.0,0.0,0.0,2.59,0.1404,30.0,0.0
6195,32.59,3.14,0.0,0.54,0.0,0.1183,30.0,0.0
6196,32.59,1.1,0.0,0.0,1.49,0.1225,30.0,0.0
6197,32.59,2.07,0.0,0.0,0.52,0.1098,30.0,0.0
6198,32.59,1.96,0.0,0.0,0.63,0.1054,30.0,0.0
6199,34.54,1.53,7.31,0.0,0.0,0.1,25.7,0.0
6200,36.42,0.93,15.13,0.0,0.0,0.1,20.36,0.0
6201,38.15,0.0,19.68,0.0,0.0,0.1,18.47,0.0
6202,39.66,4.32,24.56,0.0,0.0,0.1,10.78,0.0
6203,40.91,3.61,27.93,0.0,0.0,0.1,9.37,0.0
6204,41.83,0.0,29.61,0.0,0.0,0.1,12.22,0.0
6205,42.4,0.0,28.34,0.0,0.0,0.1,14.06,0.0
6206,42.59,0.64,24.92,10.12,0.0,0.1,27.16,0.0
6207,42.4,1.58,21.11,10.29,0.0,0.1778,30.0,0.0
6208,41.83,1.6,14.81,4.58,0.0,0.2569,30.0,0.0
6209,40.91,1.11,6.83,0.0,2.96,0.2921,30.0,0.0
6210,39.66,3.72,0.0,0.0,5.94,0.2669,30.0,0.0
6211,38.15,2.9,0.0,0.0,5.25,0.2162,30.0,0.0
6212,36.42,2.4,0.0,0.0,4.01,0.1716,30.0,0.0
6213,34.54,1.55,0.0,0.0,2.99,0.1374,30.0,0.0
6214,32.59,2.33,0.0,0.0,0.26,0.1119,30.0,0.0
6215,32.59,1.45,0.0,0.0,1.14,0.1097,30.0,0.0
6216,32.58,3.78,0.0,0.56,0.0,0.1,29.36,0.0
6217,32.58,2.08,0.0,0.0,0.5,0.1043,30.0,0.0
6218,32.58,3.22,0.0,0.0,0.0,0.1,29.36,0.0
6219,32.58,5.24,0.0,0.0,0.0,0.1,27.34,0.0
6220,32.58,4.72,0.0,0.21,0.0,0.1,28.07,0.0
6221,32.58,2.7,0.0,0.12,0.0,0.1016,30.0,0.0
6222,32.58,2.28,0.0,0.0,0.3,0.1026,30.0,0.0
6223,34.53,4.61,0.0,0.0,0.0,0.1,29.92,0.0
6224,36.41,2.42,14.12,0.0,0.0,0.1,19.86,0.0
6225,38.14,0.98,21.36,0.0,0.0,0.1,15.8,0.0
6226,39.65,0.0,25.69,0.0,0.0,0.1,13.96,0.0
6227,40.89,1.61,27.89,0.0,0.0,0.1,11.39,0.0
6228,41.82,2.16,28.72,0.0,0.0,0.1,10.94,0.0
6229,42.39,0.21,28.14,0.0,0.0,0.1,14.05,0.0
6230,42.58,1.61,25.02,9.92,0.0,0.1,25.88,0.0
6231,42.39,0.93,19.97,8.51,0.0,0.1763,30.0,0.0
6232,41.82,1.46,14.37,4.0,0.0,0.2417,30.0,0.0
6233,40.89,0.0,7.59,0.0,3.31,0.2724,30.0,0.0
6234,39.65,2.09,0.0,0.0,7.56,0.2443,30.0,0.0
6235,38.14,4.08,0.0,0.0,4.06,0.1799,30.0,0.0
6236,36.41,2.21,0.0,0.0,4.19,0.1453,30.0,0.0
6237,34.53,3.43,0.0,0.0,1.1,0.1096,30.0,0.0
6238,32.58,2.55,0.0,0.0,0.03,0.1003,30.0,0.0
6239,32.58,4.21,0.0,0.0,0.0,0.1,28.37,0.0
6240,32.57,3.49,0.0,0.13,0.0,0.1,29.21,0.0
6241,32.57,2.45,0.0,0.0,0.12,0.101,30.0,0.0
6242,32.57,5.43,0.0,0.0,0.0,0.1,27.14,0.0
6243,32.57,4.66,0.0,0.33,0.0,0.1,28.24,0.0
6244,32.57,2.27,0.0,0.0,0.3,0.1025,30.0,0.0
6245,32.57,3.45,0.0,0.0,0.0,0.1,29.12,0.0
6246,32.57,3.15,0.0,0.0,0.0,0.1,29.42,0.0
6247,34.52,2.94,7.58,0.0,0.0,0.1,24.0,0.0
6248,36.4,0.0,13.58,0.0,0.0,0.1,22.81,0.0
6249,38.13,2.83,20.45,0.0,0.0,0.1,14.85,0.0
6250,39.64,0.45,24.35,0.0,0.0,0.1,14.84,0.0
6251,40.88,0.6,28.7,0.0,0.0,0.1,11.58,0.0
6252,41.81,4.66,28.92,0.0,0.0,0.1,8.23,0.0
6253,42.38,1.51,28.45,0.0,0.0,0.1,12.42,0.0
6254,42.57,0.7,24.31,7.57,0.0,0.1,25.13,0.0
6255,42.38,0.0,20.17,7.79,0.0,0.1582,30.0,0.0
6256,41.81,3.64,13.81,5.64,0.0,0.2181,30.0,0.0
6257,40.88,0.22,7.55,0.0,3.12,0.2614,30.0,0.0
6258,39.64,1.04,0.0,0.0,8.6,0.2348,30.0,0.0
6259,38.13,2.32,0.0,0.0,5.81,0.1616,30.0,0.0
6260,36.4,5.04,0.0,0.0,1.36,0.1122,30.0,0.0
6261,34.52,4.44,0.0,0.0,0.08,0.1006,30.0,0.0
6262,32.57,3.39,0.0,0.0,0.0,0.1,29.18,0.0
6263,32.57,4.16,0.0,0.0,0.0,0.1,28.41,0.0
6264,32.56,2.99,0.0,0.0,0.0,0.1,29.57,0.0
6265,32.56,3.95,0.0,0.0,0.0,0.1,28.61,0.0
6266,32.56,3.73,0.0,0.0,0.0,0.1,28.83,0.0
6267,32.56,4.74,0.0,0.0,0.0,0.1,27.82,0.0
6268,32.56,4.45,0.0,0.0,0.0,0.1,28.11,0.0
6269,32.56,3.47,0.0,0.68,0.0,0.1,29.77,0.0
6270,32.56,1.94,0.0,0.0,0.62,0.1052,30.0,0.0
6271,34.51,3.1,6.75,0.0,0.0,0.1,24.66,0.0
6272,36.39,1.63,13.34,0.0,0.0,0.1,21.42,0.0
6273,38.12,0.0,21.18,0.0,0.0,0.1,16.94,0.0
6274,39.63,0.7,25.24,0.0,0.0,0.1,13.69,0.0
6275,40.87,1.23,28.71,0.0,0.0,0.1,10.93,0.0
6276,41.8,2.32,29.99,0.0,0.0,0.1,9.49,0.0
6277,42.37,0.87,28.95,0.0,0.0,0.1,12.55,0.0
6278,42.56,0.0,25.04,6.14,0.0,0.1,23.67,0.0
6279,42.37,1.55,20.28,9.46,0.0,0.1472,30.0,0.0
6280,41.8,1.91,14.5,4.61,0.0,0.2199,30.0,0.0
6281,40.87,2.34,6.53,0.0,2.0,0.2553,30.0,0.0
6282,39.63,3.7,0.0,0.0,5.93,0.2382,30.0,0.0
6283,38.12,4.19,0.0,0.0,3.93,0.1877,30.0,0.0
6284,36.39,2.31,0.0,0.0,4.08,0.1543,30.0,0.0
6285,34.51,2.56,0.0,0.0,1.95,0.1196,30.0,0.0
6286,32.56,2.2,0.0,0.0,0.36,0.103,30.0,0.0
6287,32.56,2.56,0.0,0.0,0.0,0.1,30.0,0.0
6288,32.55,5.82,0.0,0.0,0.0,0.1,26.73,0.0
6289,32.55,3.35,0.0,0.0,0.0,0.1,29.2,0.0
6290,32.55,3.32,0.0,0.0,0.0,0.1,29.23,0.0
6291,32.55,5.44,0.0,0.0,0.0,0.1,27.11,0.0
6292,32.55,3.84,0.0,1.04,0.0,0.1,29.75,0.0
6293,32.55,3.42,0.0,0.86,0.0,0.108,30.0,0.0
6294,32.55,0.83,0.0,0.0,1.72,0.1146,30.0,0.0
6295,34.5,3.04,7.04,0.0,0.0,0.1,24.42,0.0
6296,36.38,0.0,13.88,0.0,0.0,0.1,22.49,0.0
6297,38.11,0.0,20.64,0.0,0.0,0.1,17.47,0.0
6298,39.62,0.8,25.49,0.0,0.0,0.1,13.32,0.0
6299,40.87,0.34,27.95,0.0,0.0,0.1,12.58,0.0
6300,41.79,0.0,28.76,0.0,0.0,0.1,13.03,0.0
6301,42.36,0.0,27.47,0.0,0.0,0.1,14.89,0.0
6302,42.55,2.59,24.47,4.9,0.0,0.1,20.39,0.0
6303,42.36,3.04,20.82,11.5,0.0,0.1377,30.0,0.0
6304,41.79,0.0,14.85,3.06,0.0,0.226,30.0,0.0
6305,40.87,3.45,6.6,0.0,0.82,0.2495,30.0,0.0
6306,39.62,1.35,0.0,0.0,8.27,0.2425,30.0,0.0
6307,38.11,3.99,0.0,0.0,4.12,0.1721,30.0,0.0
6308,36.38,3.05,0.0,0.0,3.32,0.1371,30.0,0.0
6309,34.5,3.47,0.0,0.0,1.03,0.1088,30.0,0.0
6310,32.55,3.4,0.0,0.0,0.0,0.1,29.16,0.0
6311,32.55,5.45,0.0,0.43,0.0,0.1,27.53,0.0
6312,32.54,2.16,0.0,0.0,0.38,0.1033,30.0,0.0
6313,32.54,4.64,0.0,0.0,0.0,0.1,27.9,0.0
6314,32.54,5.18,0.0,0.0,0.0,0.1,27.36,0.0
6315,32.54,4.44,0.0,0.0,0.0,0.1,28.11,0.0
6316,32.54,6.35,0.0,0.47,0.0,0.1,26.66,0.0
6317,32.54,2.12,0.0,0.0,0.43,0.1036,30.0,0.0
6318,32.54,3.8,0.0,0.0,0.0,0.1,28.75,0.0
6319,34.49,1.99,6.47,0.0,0.0,0.1,26.03,0.0
6320,36.37,3.49,13.39,0.0,0.0,0.1,19.49,0.0
6321,38.1,1.51,19.73,0.0,0.0,0.1,16.86,0.0
6322,39.61,0.77,24.8,0.0,0.0,0.1,14.04,0.0
6323,40.86,2.95,27.22,0.0,0.0,0.1,10.68,0.0
6324,41.78,0.44,28.03,0.0,0.0,0.1,13.31,0.0
6325,42.35,0.0,27.04,0.0,0.0,0.1,15.31,0.0
6326,42.54,0.59,25.24,6.23,0.0,0.1,22.95,0.0
6327,42.35,2.37,20.35,10.37,0.0,0.1479,30.0,0.0
6328,41.78,3.71,13.46,5.38,0.0,0.2276,30.0,0.0
6329,40.86,2.28,6.41,0.0,2.16,0.2689,30.0,0.0
6330,39.61,4.29,0.0,0.0,5.32,0.2505,30.0,0.0
6331,38.1,0.98,0.0,0.0,7.12,0.2052,30.0,0.0
6332,36.37,2.56,0.0,0.0,3.81,0.1446,30.0,0.0
6333,34.49,3.06,0.0,0.0,1.43,0.1122,30.0,0.0
6334,32.54,2.54,0.0,0.0,0.0,0.1,30.0,0.0
6335,32.54,3.92,0.0,0.0,0.0,0.1,28.62,0.0
6336,32.54,4.83,0.0,0.0,0.0,0.1,27.71,0.0
6337,32.54,3.22,0.0,0.0,0.0,0.1,29.31,0.0
6338,32.54,3.89,0.0,0.0,0.0,0.1,28.65,0.0
6339,32.54,3.42,0.0,0.75,0.0,0.1,29.87,0.0
6340,32.54,1.93,0.0,0.0,0.61,0.1057,30.0,0.0
6341,32.54,2.71,0.0,0.17,0.0,0.1006,30.0,0.0
6342,32.54,2.31,0.0,0.0,0.22,0.1019,30.0,0.0
6343,34.49,1.93,6.64,0.0,0.0,0.1,25.92,0.0
6344,36.36,1.87,13.6,0.0,0.0,0.1,20.89,0.0
6345,38.09,1.65,20.58,0.0,0.0,0.1,15.87,0.0
6346,39.61,0.0,24.41,0.0,0.0,0.1,15.2,0.0
6347,40.85,2.93,26.81,0.0,0.0,0.1,11.11,0.0
6348,41.77,0.0,29.01,0.0,0.0,0.1,12.76,0.0
6349,42.34,0.2,28.29,0.0,0.0,0.1,13.85,0.0
6350,42.54,5.13,25.15,14.7,0.0,0.1,26.96,0.0
6351,42.34,0.12,20.56,8.34,0.0,0.213,30.0,0.0
6352,41.77,0.0,13.76,1.99,0.0,0.2771,30.0,0.0
6353,40.85,3.16,5.91,0.0,1.77,0.2924,30.0,0.0
6354,39.61,0.0,0.0,0.0,9.61,0.2772,30.0,0.0
6355,38.09,2.54,0.0,0.0,5.55,0.1955,30.0,0.0
6356,36.36,6.13,0.0,0.0,0.23,0.1482,30.0,0.0
6357,34.49,1.36,0.0,0.0,3.12,0.1463,30.0,0.0
6358,32.54,0.98,0.0,0.0,1.55,0.1197,30.0,0.0
6359,32.54,1.78,0.0,0.0,0.76,0.1064,30.0,0.0
6360,32.53,5.13,0.0,0.0,0.0,0.1,27.4,0.0
6361,32.53,5.4,0.0,0.0,0.0,0.1,27.13,0.0
6362,32.53,3.02,0.0,0.0,0.0,0.1,29.51,0.0
6363,32.53,4.44,0.0,0.0,0.0,0.1,28.09,0.0
6364,32.53,5.12,0.0,0.0,0.0,0.1,27.41,0.0
6365,32.53,5.33,0.0,0.37,0.0,0.1,27.56,0.0
6366,32.53,2.2,0.0,0.0,0.33,0.1028,30.0,0.0
6367,34.48,0.0,7.24,0.0,0.0,0.1,27.24,0.0
6368,36.36,0.72,14.57,0.0,0.0,0.1,21.06,0.0
6369,38.08,0.98,20.16,0.0,0.0,0.1,16.95,0.0
6370,39.6,0.0,24.94,0.0,0.0,0.1,14.66,0.0
6371,40.84,0.95,28.32,0.0,0.0,0.1,11.57,0.0
6372,41.77,2.7,28.6,0.0,0.0,0.1,10.47,0.0
6373,42.34,2.96,27.11,0.0,0.0,0.1,12.28,0.0
6374,42.53,0.0,25.17,1.49,0.0,0.1,18.85,0.0
6375,42.34,3.07,20.22,10.95,0.0,0.1115,30.0,0.0
6376,41.77,2.34,14.7,5.27,0.0,0.1956,30.0,0.0
6377,40.84,2.27,6.78,0.0,1.8,0.2361,30.0,0.0
6378,39.6,3.77,0.0,0.0,5.83,0.2208,30.0,0.0
6379,38.08,2.99,0.0,0.0,5.1,0.1712,30.0,0.0
6380,36.36,6.04,0.0,0.0,0.32,0.1278,30.0,0.0
6381,34.48,1.53,0.0,0.0,2.95,0.1251,30.0,0.0
6382,32.53,3.01,0.0,0.0,0.0,0.1,29.51,0.0
6383,32.53,3.68,0.0,0.0,0.0,0.1,28.85,0.0
6384,32.52,4.53,0.0,0.0,0.0,0.1,27.99,0.0
6385,32.52,5.62,0.0,0.0,0.0,0.1,26.91,0.0
6386,32.52,3.71,0.0,1.05,0.0,0.1,29.86,0.0
6387,32.52,1.58,0.0,0.0,0.95,0.108,30.0,0.0
6388,32.52,4.39,0.0,1.37,0.0,0.1,29.5,0.0
6389,32.52,3.94,0.0,1.42,0.0,0.1105,30.0,0.0
6390,32.52,0.0,0.0,0.0,2.52,0.1215,30.0,0.0
6391,34.47,0.0,7.08,0.0,0.0,0.1,27.39,0.0
6392,36.35,0.0,13.85,0.0,0.0,0.1,22.5,0.0
6393,38.08,0.68,19.09,0.0,0.0,0.1,18.31,0.0
6394,39.59,0.13,24.87,0.0,0.0,0.1,14.59,0.0
6395,40.84,2.34,26.63,0.0,0.0,0.1,11.87,0.0
6396,41.76,1.35,28.22,0.0,0.0,0.1,12.2,0.0
6397,42.33,0.0,27.2,0.0,0.0,0.1,15.13,0.0
6398,42.52,2.58,25.3,6.78,0.0,0.1,21.43,0.0
6399,42.33,0.0,20.08,7.75,0.0,0.1521,30.0,0.0
6400,41.76,2.32,14.24,4.81,0.0,0.2117,30.0,0.0
6401,40.84,1.09,6.7,0.0,3.05,0.2486,30.0,0.0
6402,39.59,2.06,0.0,0.0,7.54,0.2227,30.0,0.0
6403,38.08,3.6,0.0,0.0,4.48,0.1585,30.0,0.0
6404,36.35,3.96,0.0,0.0,2.39,0.1204,30.0,0.0
6405,34.47,5.36,0.0,0.0,0.0,0.1,29.12,0.0
6406,32.52,3.63,0.0,0.0,0.0,0.1,28.89,0.0
6407,32.52,4.3,0.0,0.0,0.0,0.1,28.22,0.0
6408,32.52,3.35,0.0,0.0,0.0,0.1,29.17,0.0
6409,32.52,4.15,0.0,0.0,0.0,0.1,28.37,0.0
6410,32.52,4.37,0.0,1.01,0.0,0.1,29.16,0.0
6411,32.52,3.41,0.0,0.9,0.0,0.1078,30.0,0.0
6412,32.52,0.79,0.0,0.0,1.72,0.1147,30.0,0.0
6413,32.52,3.39,0.0,0.0,0.0,0.1,29.13,0.0
6414,32.52,3.08,0.0,0.0,0.0,0.1,29.44,0.0
6415,34.47,1.29,6.32,0.0,0.0,0.1,26.86,0.0
6416,36.34,0.14,13.03,0.0,0.0,0.1,23.18,0.0
6417,38.07,3.63,19.75,0.0,0.0,0.1,14.69,0.0
6418,39.59,2.07,24.08,0.0,0.0,0.1,13.44,0.0
6419,40.83,0.94,27.71,0.0,0.0,0.1,12.18,0.0
6420,41.76,0.0,28.56,0.0,0.0,0.1,13.19,0.0
6421,42.32,0.13,28.14,0.0,0.0,0.1,14.05,0.0
6422,42.52,3.18,24.14,6.97,0.0,0.1,22.17,0.0
6423,42.32,1.8,19.48,8.96,0.0,0.1536,30.0,0.0
6424,41.76,1.14,14.53,3.91,0.0,0.2224,30.0,0.0
6425,40.83,2.92,6.83,0.0,1.08,0.2525,30.0,0.0
6426,39.59,1.46,0.0,0.0,8.12,0.2433,30.0,0.0
6427,38.07,4.99,0.0,0.0,3.08,0.1741,30.0,0.0
6428,36.34,5.12,0.0,0.0,1.23,0.1479,30.0,0.0
6429,34.47,2.91,0.0,0.0,1.56,0.1374,30.0,0.0
6430,32.52,2.9,0.0,0.39,0.0,0.1242,30.0,0.0
6431,32.52,0.32,0.0,0.0,2.2,0.1271,30.0,0.0
6432,32.51,1.94,0.0,0.0,0.57,0.1084,30.0,0.0
6433,32.51,2.09,0.0,0.0,0.42,0.1036,30.0,0.0
6434,32.51,3.97,0.0,0.57,0.0,0.1,29.11,0.0
6435,32.51,3.12,0.0,0.61,0.0,0.1044,30.0,0.0
6436,32.51,1.45,0.0,0.0,1.07,0.1091,30.0,0.0
6437,32.51,2.57,0.0,0.0,0.0,0.1,29.94,0.0
6438,32.51,3.3,0.0,0.0,0.0,0.1,29.22,0.0
6439,34.46,2.97,7.35,0.0,0.0,0.1,24.14,0.0
6440,36.34,0.0,14.11,0.0,0.0,0.1,22.23,0.0
6441,38.07,1.46,19.74,0.0,0.0,0.1,16.87,0.0
6442,39.58,0.0,23.8,0.0,0.0,0.1,15.78,0.0
6443,40.83,2.52,27.38,0.0,0.0,0.1,10.93,0.0
6444,41.75,2.31,28.59,0.0,0.0,0.1,10.85,0.0
6445,42.32,0.05,27.81,0.0,0.0,0.1,14.46,0.0
6446,42.51,0.37,24.55,10.11,0.0,0.1,27.71,0.0
6447,42.32,1.0,20.55,9.23,0.0,0.1777,30.0,0.0
6448,41.75,0.0,13.89,2.14,0.0,0.2486,30.0,0.0
6449,40.83,2.71,7.04,0.0,1.07,0.2651,30.0,0.0
6450,39.58,2.23,0.0,0.0,7.35,0.2559,30.0,0.0
6451,38.07,4.29,0.0,0.0,3.78,0.1933,30.0,0.0
6452,36.34,1.78,0.0,0.0,4.56,0.1611,30.0,0.0
6453,34.46,2.72,0.0,0.0,1.74,0.1223,30.0,0.0
6454,32.51,1.73,0.0,0.0,0.79,0.1075,30.0,0.0
6455,32.51,2.55,0.0,0.04,0.0,0.1008,30.0,0.0
6456,32.51,2.38,0.0,0.0,0.13,0.1011,30.0,0.0
6457,32.51,5.31,0.0,0.0,0.0,0.1,27.2,0.0
6458,32.51,2.86,0.0,0.0,0.0,0.1,29.65,0.0
6459,32.51,3.76,0.0,1.24,0.0,0.1,29.99,0.0
6460,32.51,2.79,0.0,0.28,0.0,0.1096,30.0,0.0
6461,32.51,1.24,0.0,0.0,1.27,0.1117,30.0,0.0
6462,32.51,2.4,0.0,0.0,0.11,0.101,30.0,0.0
6463,34.46,0.0,6.15,0.0,0.0,0.1,28.31,0.0
6464,36.34,0.29,12.9,0.0,0.0,0.1,23.15,0.0
6465,38.06,2.77,19.08,0.0,0.0,0.1,16.22,0.0
6466,39.58,0.28,23.89,0.0,0.0,0.1,15.41,0.0
6467,40.82,0.64,27.29,0.0,0.0,0.1,12.89,0.0
6468,41.75,1.98,28.28,0.0,0.0,0.1,11.48,0.0
6469,42.32,0.4,26.76,0.0,0.0,0.1,15.17,0.0
6470,42.51,1.49,23.59,11.49,0.0,0.1,28.92,0.0
6471,42.32,1.23,20.4,9.31,0.0,0.1883,30.0,0.0
6472,41.75,2.12,12.89,3.26,0.0,0.2599,30.0,0.0
6473,40.82,0.0,6.52,0.0,4.3,0.2849,30.0,0.0
6474,39.58,0.12,0.0,0.0,9.46,0.2483,30.0,0.0
6475,38.06,3.82,0.0,0.0,4.24,0.1677,30.0,0.0
6476,36.34,4.73,0.0,0.0,1.6,0.1316,30.0,0.0
6477,34.46,2.35,0.0,0.0,2.11,0.118,30.0,0.0
6478,32.51,3.48,0.0,0.0,0.0,0.1,29.03,0.0
6479,32.51,4.35,0.0,0.0,0.0,0.1,28.16,0.0
6480,32.51,4.97,0.0,1.45,0.0,0.1,28.99,0.0
6481,32.51,1.2,0.0,0.0,1.31,0.1111,30.0,0.0
6482,32.51,2.62,0.0,0.0,0.0,0.1,29.88,0.0
6483,32.51,3.16,0.0,0.0,0.0,0.1,29.34,0.0
6484,32.51,4.3,0.0,0.0,0.0,0.1,28.21,0.0
6485,32.51,6.43,0.0,0.19,0.0,0.1,26.26,0.0
6486,32.51,2.34,0.0,0.0,0.17,0.1014,30.0,0.0
6487,34.46,0.37,6.83,0.0,0.0,0.1,27.26,0.0
6488,36.33,2.52,13.93,0.0,0.0,0.1,19.89,0.0
6489,38.06,0.0,19.34,0.0,0.0,0.1,18.72,0.0
6490,39.58,1.61,24.35,0.0,0.0,0.1,13.61,0.0
6491,40.82,0.09,27.12,0.0,0.0,0.1,13.61,0.0
6492,41.74,2.59,28.71,0.0,0.0,0.1,10.45,0.0
6493,42.31,2.24,27.72,0.0,0.0,0.1,12.36,0.0
6494,42.51,0.06,23.32,4.51,0.0,0.1,23.63,0.0
6495,42.31,2.2,20.1,9.99,0.0,0.1346,30.0,0.0
6496,41.74,3.33,12.9,4.49,0.0,0.2114,30.0,0.0
6497,40.82,3.91,6.15,0.0,0.76,0.2459,30.0,0.0
6498,39.58,2.56,0.0,0.0,7.02,0.2394,30.0,0.0
6499,38.06,2.51,0.0,0.0,5.55,0.1797,30.0,0.0
6500,36.33,5.02,0.0,0.0,1.32,0.1325,30.0,0.0
6501,34.46,1.96,0.0,0.0,2.49,0.1212,30.0,0.0
6502,32.51,4.44,0.0,0.45,0.0,0.1,28.52,0.0
6503,32.51,2.1,0.0,0.0,0.41,0.1035,30.0,0.0
6504,32.5,5.5,0.0,0.0,0.0,0.1,27.0,0.0
6505,32.5,3.64,0.0,0.0,0.0,0.1,28.86,0.0
6506,32.5,5.6,0.0,0.0,0.0,0.1,26.91,0.0
6507,32.5,4.31,0.0,0.91,0.0,0.1,29.1,0.0
6508,32.5,1.68,0.0,0.0,0.82,0.107,30.0,0.0
6509,32.5,4.98,0.0,0.0,0.0,0.1,27.52,0.0
6510,32.5,4.8,0.0,0.0,0.0,0.1,27.71,0.0
6511,34.45,3.53,7.06,0.0,0.0,0.1,23.87,0.0
6512,36.33,0.95,12.71,0.0,0.0,0.1,22.67,0.0
6513,38.06,0.0,19.8,0.0,0.0,0.1,18.26,0.0
6514,39.57,1.69,24.79,0.0,0.0,0.1,13.1,0.0
6515,40.82,0.0,26.63,0.0,0.0,0.1,14.19,0.0
6516,41.74,3.62,27.16,0.0,0.0,0.1,10.96,0.0
6517,42.31,1.55,27.71,0.0,0.0,0.1,13.05,0.0
6518,42.5,0.0,24.62,3.83,0.0,0.1,21.72,0.0
6519,42.31,2.17,19.94,9.8,0.0,0.1294,30.0,0.0
6520,41.74,1.51,13.09,2.86,0.0,0.2047,30.0,0.0
6521,40.82,2.22,6.91,0.0,1.69,0.2267,30.0,0.0
6522,39.57,2.17,0.0,0.0,7.4,0.2123,30.0,0.0
6523,38.06,4.13,0.0,0.0,3.93,0.1493,30.0,0.0
6524,36.33,4.89,0.0,0.0,1.44,0.1159,30.0,0.0
6525,34.45,4.03,0.0,0.0,0.42,0.1036,30.0,0.0
6526,32.5,3.39,0.0,0.0,0.0,0.1,29.11,0.0
6527,32.5,3.94,0.0,0.0,0.0,0.1,28.56,0.0
6528,32.5,4.09,0.0,0.0,0.0,0.1,28.41,0.0
6529,32.5,2.92,0.0,0.0,0.0,0.1,29.58,0.0
6530,32.5,4.68,0.0,0.0,0.0,0.1,27.83,0.0
6531,32.5,4.3,0.0,0.0,0.0,0.1,28.21,0.0
6532,32.5,5.49,0.0,0.0,0.0,0.1,27.01,0.0
6533,32.5,4.77,0.0,0.82,0.0,0.1,28.55,0.0
6534,32.5,1.76,0.0,0.0,0.74,0.1063,30.0,0.0
6535,34.45,3.47,6.36,0.0,0.0,0.1,24.62,0.0
6536,36.33,0.71,12.6,0.0,0.0,0.1,23.02,0.0
6537,38.06,2.68,19.4,0.0,0.0,0.1,15.97,0.0
6538,39.57,0.8,23.09,0.0,0.0,0.1,15.68,0.0
6539,40.82,0.0,26.18,0.0,0.0,0.1,14.64,0.0
6540,41.74,1.71,28.33,0.0,0.0,0.1,11.7,0.0
6541,42.31,0.0,26.59,0.0,0.0,0.1,15.72,0.0
6542,42.5,0.0,23.43,9.21,0.0,0.1,28.28,0.0
6543,42.31,1.49,20.19,9.37,0.0,0.1708,30.0,0.0
6544,41.74,2.13,14.11,4.5,0.0,0.2428,30.0,0.0
6545,40.82,1.84,5.72,0.0,3.26,0.2773,30.0,0.0
6546,39.57,0.53,0.0,0.0,9.04,0.2496,30.0,0.0
6547,38.06,1.93,0.0,0.0,6.13,0.1727,30.0,0.0
6548,36.33,3.92,0.0,0.0,2.41,0.1205,30.0,0.0
6549,34.45,4.46,0.0,0.0,0.0,0.1,29.99,0.0
6550,32.5,3.86,0.0,0.0,0.0,0.1,28.64,0.0
6551,32.5,5.6,0.0,0.0,0.0,0.1,26.9,0.0
6552,32.5,4.63,0.0,0.0,0.0,0.1,27.87,0.0
6553,32.5,3.02,0.0,0.0,0.0,0.1,29.48,0.0
6554,32.5,3.52,0.0,0.81,0.0,0.1,29.79,0.0
6555,32.5,1.77,0.0,0.0,0.73,0.1062,30.0,0.0
6556,32.5,3.26,0.0,0.0,0.0,0.1,29.24,0.0
6557,32.5,4.6,0.0,0.0,0.0,0.1,27.9,0.0
6558,32.5,3.66,0.0,0.0,0.0,0.1,28.84,0.0
6559,34.45,4.29,5.92,0.0,0.0,0.1,24.24,0.0
6560,36.33,1.62,14.24,0.0,0.0,0.1,20.47,0.0
6561,38.06,3.6,18.64,0.0,0.0,0.1,15.82,0.0
6562,39.57,1.27,23.44,0.0,0.0,0.1,14.86,0.0
6563,40.81,3.41,25.71,0.0,0.0,0.1,11.69,0.0
6564,41.74,1.32,28.25,0.0,0.0,0.1,12.17,0.0
6565,42.31,2.37,26.69,0.0,0.0,0.1,13.25,0.0
6566,42.5,3.55,23.91,3.49,0.0,0.1,18.52,0.0
6567,42.31,1.49,19.82,9.0,0.0,0.1268,30.0,0.0
6568,41.74,2.34,13.5,4.1,0.0,0.1959,30.0,0.0
6569,40.81,4.13,6.96,0.28,0.0,0.2274,30.0,0.0
6570,39.57,2.54,0.0,0.0,7.03,0.2296,30.0,0.0
6571,38.06,1.27,0.0,0.0,6.79,0.1697,30.0,0.0
6572,36.33,6.34,0.0,0.01,0.0,0.1119,30.0,0.0
6573,34.45,3.05,0.0,0.0,1.41,0.112,30.0,0.0
6574,32.5,4.12,0.0,0.0,0.0,0.1,28.38,0.0
6575,32.5,5.63,0.0,0.0,0.0,0.1,26.87,0.0
6576,32.5,3.28,0.0,0.0,0.0,0.1,29.22,0.0
6577,32.5,2.69,0.0,0.0,0.0,0.1,29.81,0.0
6578,32.5,4.28,0.0,1.38,0.0,0.1,29.6,0.0
6579,32.5,1.26,0.0,0.0,1.24,0.1106,30.0,0.0
6580,32.5,3.03,0.0,0.0,0.0,0.1,29.47,0.0
6581,32.5,3.43,0.0,0.14,0.0,0.1,29.2,0.0
6582,32.5,2.37,0.0,0.0,0.13,0.1011,30.0,0.0
6583,34.45,0.28,6.2,0.0,0.0,0.1,27.97,0.0
6584,36.33,4.24,12.91,0.0,0.0,0.1,19.17,0.0
6585,38.06,1.92,19.11,0.0,0.0,0.1,17.02,0.0
6586,39.57,3.52,23.76,0.0,0.0,0.1,12.29,0.0
6587,40.81,1.07,25.61,0.0,0.0,0.1,14.14,0.0
6588,41.74,0.17,26.57,0.0,0.0,0.1,15.0,0.0
6589,42.31,1.79,26.19,0.2,0.0,0.1,14.53,0.0
6590,42.5,1.26,23.06,11.82,0.0,0.1015,30.0,0.0
6591,42.31,0.16,18.45,6.3,0.0,0.1924,30.0,0.0
6592,41.74,4.07,13.79,6.12,0.0,0.2408,30.0,0.0
6593,40.81,1.54,5.85,0.0,3.43,0.2878,30.0,0.0
6594,39.57,0.22,0.0,0.0,9.35,0.2586,30.0,0.0
6595,38.06,4.92,0.0,0.0,3.14,0.1791,30.0,0.0
6596,36.33,2.74,0.0,0.0,3.59,0.1523,30.0,0.0
6597,34.45,2.88,0.0,0.0,1.57,0.1218,30.0,0.0
6598,32.5,1.51,0.0,0.0,0.99,0.1084,30.0,0.0
6599,32.5,6.45,0.0,0.14,0.0,0.1,26.19,0.0
6600,32.5,2.37,0.0,0.0,0.13,0.1011,30.0,0.0
6601,32.5,4.17,0.0,0.0,0.0,0.1,28.33,0.0
6602,32.5,5.2,0.0,0.14,0.0,0.1,27.44,0.0
6603,32.5,4.31,0.0,1.81,0.0,0.1011,30.0,0.0
6604,32.5,3.37,0.0,0.87,0.0,0.115,30.0,0.0
6605,32.5,0.79,0.0,0.0,1.71,0.1217,30.0,0.0
6606,32.5,1.66,0.0,0.0,0.84,0.1072,30.0,0.0
6607,34.45,0.0,5.56,0.0,0.0,0.1,28.89,0.0
6608,36.33,1.01,13.2,0.0,0.0,0.1,22.12,0.0
6609,38.06,2.08,19.64,0.0,0.0,0.1,16.34,0.0
6610,39.57,2.52,24.34,0.0,0.0,0.1,12.72,0.0
6611,40.82,2.76,26.47,0.0,0.0,0.1,11.58,0.0
6612,41.74,0.0,28.23,0.0,0.0,0.1,13.51,0.0
6613,42.31,4.45,25.64,0.0,0.0,0.1,12.22,0.0
6614,42.5,2.63,23.28,8.37,0.0,0.1,24.96,0.0
6615,42.31,1.8,18.62,8.11,0.0,0.1643,30.0,0.0
6616,41.74,3.58,13.58,5.41,0.0,0.2267,30.0,0.0
6617,40.82,5.65,6.09,0.93,0.0,0.2683,30.0,0.0
6618,39.57,0.8,0.0,0.0,8.77,0.2754,30.0,0.0
6619,38.06,2.81,0.0,0.0,5.24,0.2007,30.0,0.0
6620,36.33,0.2,0.0,0.0,6.13,0.1561,30.0,0.0
6621,34.45,4.0,0.0,0.0,0.45,0.1038,30.0,0.0
6622,32.5,4.45,0.0,0.0,0.0,0.1,28.05,0.0
6623,32.5,4.04,0.0,0.56,0.0,0.1,29.02,0.0
6624,32.5,3.26,0.0,0.76,0.0,0.1043,30.0,0.0
6625,32.5,1.31,0.0,0.0,1.19,0.1102,30.0,0.0
6626,32.5,4.49,0.0,0.0,0.0,0.1,28.01,0.0
6627,32.5,5.75,0.0,0.65,0.0,0.1,27.4,0.0
6628,32.5,2.67,0.0,0.17,0.0,0.105,30.0,0.0
6629,32.5,3.75,0.0,1.25,0.0,0.1062,30.0,0.0
6630,32.5,0.64,0.0,0.0,1.86,0.1158,30.0,0.0
6631,34.45,3.06,5.94,0.0,0.0,0.1,25.45,0.0
6632,36.33,1.57,13.24,0.0,0.0,0.1,21.52,0.0
6633,38.06,0.78,19.23,0.0,0.0,0.1,18.05,0.0
6634,39.57,0.56,22.6,0.0,0.0,0.1,16.41,0.0
6635,40.82,0.93,26.59,0.0,0.0,0.1,13.3,0.0
6636,41.74,0.0,26.63,0.0,0.0,0.1,15.11,0.0
6637,42.31,0.0,26.5,0.0,0.0,0.1,15.81,0.0
6638,42.5,1.06,23.42,9.86,0.0,0.1,27.88,0.0
6639,42.31,1.77,18.11,7.56,0.0,0.1758,30.0,0.0
6640,41.74,0.6,12.88,1.74,0.0,0.2339,30.0,0.0
6641,40.82,4.9,6.66,0.74,0.0,0.2473,30.0,0.0
6642,39.57,1.62,0.0,0.0,7.95,0.253,30.0,0.0
6643,38.06,2.23,0.0,0.0,5.83,0.1853,30.0,0.0
6644,36.33,2.14,0.0,0.0,4.19,0.1357,30.0,0.0
6645,34.45,6.22,0.0,0.0,0.0,0.1,28.23,0.0
6646,32.5,4.73,0.0,0.0,0.0,0.1,27.77,0.0
6647,32.5,2.83,0.0,0.0,0.0,0.1,29.67,0.0
6648,32.5,5.7,0.0,0.0,0.0,0.1,26.8,0.0
6649,32.5,4.41,0.0,0.0,0.0,0.1,28.09,0.0
6650,32.5,4.35,0.0,0.0,0.0,0.1,28.15,0.0
6651,32.5,3.31,0.0,0.03,0.0,0.1,29.23,0.0
6652,32.5,2.47,0.0,0.0,0.03,0.1003,30.0,0.0
6653,32.5,3.63,0.0,0.48,0.0,0.1,29.35,0.0
6654,32.5,2.07,0.0,0.0,0.44,0.1037,30.0,0.0
6655,34.45,4.95,6.71,0.0,0.0,0.1,22.79,0.0
6656,36.33,0.39,12.61,0.0,0.0,0.1,23.33,0.0
6657,38.06,0.0,18.7,0.0,0.0,0.1,19.36,0.0
6658,39.57,1.48,24.26,0.0,0.0,0.1,13.84,0.0
6659,40.82,1.9,26.06,0.0,0.0,0.1,12.85,0.0
6660,41.74,2.59,27.32,0.0,0.0,0.1,11.84,0.0
6661,42.31,0.63,26.39,0.0,0.0,0.1,15.3,0.0
6662,42.5,2.81,22.77,11.11,0.0,0.1,28.03,0.0
6663,42.31,0.0,18.88,6.56,0.0,0.1854,30.0,0.0
6664,41.74,1.14,13.69,3.09,0.0,0.2359,30.0,0.0
6665,40.82,1.2,6.84,0.0,2.78,0.2596,30.0,0.0
6666,39.57,1.1,0.0,0.0,8.48,0.2359,30.0,0.0
6667,38.06,2.88,0.0,0.0,5.18,0.1638,30.0,0.0
6668,36.33,4.03,0.0,0.0,2.3,0.1196,30.0,0.0
6669,34.45,4.75,0.0,0.0,0.0,0.1,29.71,0.0
6670,32.5,4.33,0.0,0.0,0.0,0.1,28.17,0.0
6671,32.5,3.23,0.0,0.0,0.0,0.1,29.28,0.0
6672,32.51,4.71,0.0,0.0,0.0,0.1,27.79,0.0
6673,32.51,4.33,0.0,0.0,0.0,0.1,28.18,0.0
6674,32.51,5.31,0.0,0.0,0.0,0.1,27.2,0.0
6675,32.51,4.87,0.0,0.17,0.0,0.1,27.8,0.0
6676,32.51,3.56,0.0,1.06,0.0,0.1013,30.0,0.0
6677,32.51,1.96,0.0,0.0,0.54,0.1094,30.0,0.0
6678,32.51,1.94,0.0,0.0,0.56,0.1048,30.0,0.0
6679,34.46,0.0,7.21,0.0,0.0,0.1,27.24,0.0
6680,36.33,1.72,13.36,0.0,0.0,0.1,21.25,0.0
6681,38.06,2.24,17.95,0.0,0.0,0.1,17.88,0.0
6682,39.58,2.63,23.89,0.0,0.0,0.1,13.05,0.0
6683,40.82,1.45,26.92,0.0,0.0,0.1,12.45,0.0
6684,41.75,1.49,10.25,0.0,0.0,0.1,30.0,0.0
6685,42.31,1.71,25.61,0.04,0.0,0.1,15.03,0.0
6686,42.51,0.95,23.1,11.54,0.0,0.1003,30.0,0.0
6687,42.31,0.6,17.87,6.16,0.0,0.1889,30.0,0.0
6688,41.75,0.0,13.33,1.58,0.0,0.2362,30.0,0.0
6689,40.82,1.53,6.93,0.0,2.36,0.2484,30.0,0.0
6690,39.58,3.49,0.0,0.0,6.09,0.2283,30.0,0.0
6691,38.06,2.23,0.0,0.0,5.83,0.1765,30.0,0.0
6692,36.33,3.2,0.0,0.0,3.14,0.1268,30.0,0.0
6693,34.46,4.45,0.0,0.0,0.01,0.1001,30.0,0.0
6694,32.51,4.74,0.0,0.0,0.0,0.1,27.77,0.0
6695,32.51,2.68,0.0,0.0,0.0,0.1,29.82,0.0
6696,32.51,5.6,0.0,0.0,0.0,0.1,26.91,0.0
6697,32.51,5.73,0.0,0.01,0.0,0.1,26.79,0.0
6698,32.51,2.5,0.0,0.0,0.01,0.1001,30.0,0.0
6699,32.51,2.7,0.0,0.0,0.0,0.1,29.81,0.0
6700,32.51,5.18,0.0,2.28,0.0,0.1,29.61,0.0
6701,32.51,3.02,0.0,0.51,0.0,0.1175,30.0,0.0
6702,32.51,0.0,0.0,0.0,2.51,0.1214,30.0,0.0
6703,34.46,0.59,7.0,0.0,0.0,0.1,26.87,0.0
6704,36.34,1.84,12.93,0.0,0.0,0.1,21.57,0.0
6705,38.07,0.3,18.82,0.0,0.0,0.1,18.94,0.0
6706,39.58,1.11,23.62,0.0,0.0,0.1,14.85,0.0
6707,40.82,1.58,26.38,0.0,0.0,0.1,12.86,0.0
6708,41.75,3.5,27.08,0.0,0.0,0.1,11.17,0.0
6709,42.32,1.14,25.22,0.0,0.0,0.1,15.95,0.0
6710,42.51,3.14,23.81,4.18,0.0,0.1,19.73,0.0
6711,42.32,3.85,18.41,9.95,0.0,0.1321,30.0,0.0
6712,41.75,4.14,13.07,5.46,0.0,0.2086,30.0,0.0
6713,40.82,2.9,5.97,0.0,1.96,0.2505,30.0,0.0
6714,39.58,0.17,0.0,0.0,9.41,0.2339,30.0,0.0
6715,38.07,3.85,0.0,0.0,4.22,0.1538,30.0,0.0
6716,36.34,4.98,0.0,0.0,1.35,0.1179,30.0,0.0
6717,34.46,3.72,0.0,0.0,0.74,0.1063,30.0,0.0
6718,32.51,6.44,0.0,0.0,0.0,0.1,26.07,0.0
6719,32.51,5.36,0.0,0.0,0.0,0.1,27.15,0.0
6720,32.51,5.03,0.0,0.0,0.0,0.1,27.48,0.0
6721,32.51,5.7,0.0,0.28,0.0,0.1,27.1,0.0
6722,32.51,4.53,0.0,2.01,0.0,0.1022,30.0,0.0
6723,32.51,0.44,0.0,0.0,2.07,0.1177,30.0,0.0
6724,32.51,2.89,0.0,0.0,0.0,0.1,29.63,0.0
6725,32.51,4.88,0.0,0.81,0.0,0.1,28.45,0.0
6726,32.51,1.78,0.0,0.0,0.73,0.1063,30.0,0.0
6727,34.47,2.23,2.24,0.0,0.0,0.1,30.0,0.0
6728,36.34,0.77,12.6,0.0,0.0,0.1,22.97,0.0
6729,38.07,4.36,19.29,0.0,0.0,0.1,14.42,0.0
6730,39.59,4.0,23.26,0.0,0.0,0.1,12.32,0.0
6731,40.83,0.35,24.89,0.0,0.0,0.1,15.59,0.0
6732,41.75,1.72,26.44,0.0,0.0,0.1,13.59,0.0
6733,42.32,0.63,25.34,0.0,0.0,0.1,16.35,0.0
6734,42.51,2.54,22.12,4.94,0.0,0.1,22.79,0.0
6735,42.32,2.62,19.23,9.52,0.0,0.1379,30.0,0.0
6736,41.75,3.31,12.75,4.31,0.0,0.2111,30.0,0.0
6737,40.83,2.99,7.03,0.0,0.81,0.2442,30.0,0.0
6738,39.59,6.9,0.0,0.0,2.68,0.2373,30.0,0.0
6739,38.07,1.83,0.0,0.0,6.24,0.2144,30.0,0.0
6740,36.34,1.23,0.0,0.0,5.11,0.1613,30.0,0.0
6741,34.47,3.32,0.0,0.0,1.15,0.1178,30.0,0.0
6742,32.51,1.92,0.0,0.0,0.59,0.108,30.0,0.0
6743,32.51,2.16,0.0,0.0,0.35,0.103,30.0,0.0
6744,32.52,2.91,0.0,0.0,0.0,0.1,29.61,0.0
6745,32.52,2.97,0.0,0.0,0.0,0.1,29.55,0.0
6746,32.52,2.79,0.0,0.0,0.0,0.1,29.73,0.0
6747,32.52,4.59,0.0,0.0,0.0,0.1,27.93,0.0
6748,32.52,2.9,0.0,0.0,0.0,0.1,29.62,0.0
6749,32.52,3.02,0.0,0.0,0.0,0.1,29.5,0.0
6750,32.52,4.13,0.0,0.0,0.0,0.1,28.39,0.0
6751,34.47,1.51,5.3,0.0,0.0,0.1,27.67,0.0
6752,36.35,1.86,12.32,0.0,0.0,0.1,22.16,0.0
6753,38.08,2.44,17.88,0.0,0.0,0.1,17.75,0.0
6754,39.59,0.0,21.99,0.0,0.0,0.1,17.6,0.0
6755,40.83,0.0,26.53,0.0,0.0,0.1,14.3,0.0
6756,41.76,2.01,27.31,0.0,0.0,0.1,12.43,0.0
6757,42.33,2.26,24.85,0.0,0.0,0.1,15.22,0.0
6758,42.52,4.55,22.74,4.14,0.0,0.1,19.37,0.0
6759,42.33,2.16,18.67,8.5,0.0,0.1318,30.0,0.0
6760,41.76,3.35,13.47,5.06,0.0,0.1972,30.0,0.0
6761,40.83,2.29,7.06,0.0,1.49,0.2361,30.0,0.0
6762,39.59,3.32,0.0,0.0,6.27,0.2234,30.0,0.0
6763,38.08,5.55,0.0,0.0,2.53,0.17,30.0,0.0
6764,36.35,0.69,0.0,0.0,5.66,0.1484,30.0,0.0
6765,34.47,4.44,0.0,0.0,0.03,0.1002,30.0,0.0
6766,32.52,7.02,0.0,0.0,0.0,0.1,25.5,0.0
6767,32.52,4.62,0.0,0.0,0.0,0.1,27.9,0.0
6768,32.53,6.56,0.0,0.46,0.0,0.1,26.42,0.0
6769,32.53,3.39,0.0,0.87,0.0,0.1035,30.0,0.0
6770,32.53,4.07,0.0,1.55,0.0,0.1102,30.0,0.0
6771,32.53,3.95,0.0,1.42,0.0,0.1221,30.0,0.0
6772,32.53,0.58,0.0,0.0,1.94,0.133,30.0,0.0
6773,32.53,1.69,0.0,0.0,0.84,0.1165,30.0,0.0
6774,32.53,1.43,0.0,0.0,1.09,0.1093,30.0,0.0
6775,34.48,3.7,5.78,0.0,0.0,0.1,24.99,0.0
6776,36.35,3.44,13.18,0.0,0.0,0.1,19.73,0.0
6777,38.08,2.41,18.39,0.0,0.0,0.1,17.28,0.0
6778,39.6,2.87,22.75,0.0,0.0,0.1,13.97,0.0
6779,40.84,0.0,25.74,0.0,0.0,0.1,15.1,0.0
6780,41.76,3.21,27.04,0.0,0.0,0.1,11.52,0.0
6781,42.33,1.62,25.28,0.0,0.0,0.1,15.43,0.0
6782,42.53,1.83,21.95,7.59,0.0,0.1,26.34,0.0
6783,42.33,1.6,18.53,7.8,0.0,0.1583,30.0,0.0
6784,41.76,3.18,13.49,4.91,0.0,0.2182,30.0,0.0
6785,40.84,2.0,6.43,0.0,2.41,0.256,30.0,0.0
6786,39.6,4.27,0.0,0.0,5.33,0.2355,30.0,0.0
6787,38.08,1.74,0.0,0.0,6.34,0.1901,30.0,0.0
6788,36.35,2.11,0.0,0.0,4.24,0.1361,30.0,0.0
6789,34.48,4.84,0.0,0.0,0.0,0.1,29.63,0.0
6790,32.53,4.0,0.0,0.0,0.0,0.1,28.53,0.0
6791,32.53,3.63,0.0,0.0,0.0,0.1,28.89,0.0
6792,32.53,5.54,0.0,0.0,0.0,0.1,26.99,0.0
6793,32.53,3.45,0.0,0.0,0.0,0.1,29.08,0.0
6794,32.53,3.87,0.0,0.0,0.0,0.1,28.66,0.0
6795,32.53,5.84,0.0,0.0,0.0,0.1,26.69,0.0
6796,32.53,5.75,0.0,0.0,0.0,0.1,26.78,0.0
6797,32.53,5.46,0.0,0.0,0.0,0.1,27.07,0.0
6798,32.53,2.57,0.0,0.0,0.0,0.1,29.96,0.0
6799,34.48,4.29,6.17,0.0,0.0,0.1,24.03,0.0
6800,36.36,0.97,12.3,0.0,0.0,0.1,23.09,0.0
6801,38.09,0.75,17.57,0.0,0.0,0.1,19.77,0.0
6802,39.6,0.0,21.95,0.0,0.0,0.1,17.65,0.0
6803,40.85,3.92,26.22,0.0,0.0,0.1,10.7,0.0
6804,41.77,0.4,25.44,0.0,0.0,0.1,15.93,0.0
6805,42.34,1.46,25.52,5.95,0.0,0.1,21.31,0.0
6806,42.53,0.52,23.23,11.23,0.0,0.1457,30.0,0.0
6807,42.34,2.94,17.47,8.07,0.0,0.232,30.0,0.0
6808,41.77,1.76,12.03,2.01,0.0,0.294,30.0,0.0
6809,40.85,0.81,5.87,0.0,4.17,0.3094,30.0,0.0
6810,39.6,3.56,0.0,0.0,6.04,0.274,30.0,0.0
6811,38.09,1.35,0.0,0.0,6.74,0.2225,30.0,0.0
6812,36.36,2.49,0.0,0.0,3.86,0.1651,30.0,0.0
6813,34.48,1.04,0.0,0.0,3.44,0.1322,30.0,0.0
6814,32.53,2.19,0.0,0.0,0.34,0.1029,30.0,0.0
6815,32.53,4.52,0.0,1.27,0.0,0.1,29.28,0.0
6816,32.54,1.66,0.0,0.0,0.88,0.1098,30.0,0.0
6817,32.54,2.27,0.0,0.0,0.27,0.1023,30.0,0.0
6818,32.54,4.16,0.0,0.0,0.0,0.1,28.38,0.0
6819,32.54,3.2,0.0,0.0,0.0,0.1,29.34,0.0
6820,32.54,6.39,0.0,0.0,0.0,0.1,26.15,0.0
6821,32.54,5.84,0.0,0.83,0.0,0.1,27.52,0.0
6822,32.54,1.79,0.0,0.0,0.75,0.1064,30.0,0.0
6823,34.49,3.39,6.44,0.0,0.0,0.1,24.66,0.0
6824,36.37,3.32,12.42,0.0,0.0,0.1,20.63,0.0
6825,38.09,1.19,17.99,0.0,0.0,0.1,18.91,0.0
6826,39.61,0.0,22.04,0.0,0.0,0.1,17.57,0.0
6827,40.85,1.64,24.87,0.0,0.0,0.1,14.34,0.0
6828,41.78,1.37,25.84,0.0,0.0,0.1,14.57,0.0
6829,42.35,1.06,24.92,0.0,0.0,0.1,16.37,0.0
6830,42.54,2.4,22.81,12.55,0.0,0.1,29.88,0.0
6831,42.35,0.98,18.14,6.78,0.0,0.1964,30.0,0.0
6832,41.78,0.72,12.11,1.05,0.0,0.2485,30.0,0.0
6833,40.85,2.77,6.56,0.0,1.52,0.2566,30.0,0.0
6834,39.61,3.51,0.0,0.0,6.1,0.2437,30.0,0.0
6835,38.09,1.72,0.0,0.0,6.37,0.1917,30.0,0.0
6836,36.37,4.93,0.0,0.0,1.43,0.1374,30.0,0.0
6837,34.49,1.52,0.0,0.0,2.97,0.1253,30.0,0.0
6838,32.54,3.37,0.0,0.0,0.0,0.1,29.17,0.0
6839,32.54,3.95,0.0,0.0,0.0,0.1,28.59,0.0
6840,32.55,3.5,0.0,0.0,0.0,0.1,29.05,0.0
6841,32.55,3.55,0.0,0.0,0.0,0.1,29.0,0.0
6842,32.55,6.75,0.0,0.0,0.0,0.1,25.8,0.0
6843,32.55,2.81,0.0,0.0,0.0,0.1,29.74,0.0
6844,32.55,7.03,0.0,0.0,0.0,0.1,25.52,0.0
6845,32.55,3.95,0.0,0.0,0.0,0.1,28.59,0.0
6846,32.55,3.13,0.0,0.0,0.0,0.1,29.42,0.0
6847,34.5,3.3,6.53,0.0,0.0,0.1,24.67,0.0
6848,36.37,5.78,11.85,0.0,0.0,0.1,18.74,0.0
6849,38.1,0.67,18.49,0.0,0.0,0.1,18.94,0.0
6850,39.62,0.28,21.83,0.0,0.0,0.1,17.5,0.0
6851,40.86,0.65,25.16,0.0,0.0,0.1,15.05,0.0
6852,41.79,0.0,25.97,0.0,0.0,0.1,15.81,0.0
6853,42.35,0.0,25.25,0.0,0.0,0.1,17.11,0.0
6854,42.55,1.85,22.01,5.98,0.0,0.1,24.67,0.0
6855,42.35,4.35,18.39,10.39,0.0,0.1459,30.0,0.0
6856,41.79,2.52,12.31,3.05,0.0,0.2258,30.0,0.0
6857,40.86,2.25,5.88,0.0,2.73,0.2493,30.0,0.0
6858,39.62,2.16,0.0,0.0,7.46,0.226,30.0,0.0
6859,38.1,4.59,0.0,0.0,3.52,0.1624,30.0,0.0
6860,36.37,2.56,0.0,0.0,3.82,0.1325,30.0,0.0
6861,34.5,6.5,0.0,0.0,0.0,0.1,28.0,0.0
6862,32.55,6.84,0.0,0.0,0.0,0.1,25.71,0.0
6863,32.55,4.68,0.0,0.0,0.0,0.1,27.87,0.0
6864,32.56,4.38,0.0,0.0,0.0,0.1,28.18,0.0
6865,32.56,5.76,0.0,0.0,0.0,0.1,26.8,0.0
6866,32.56,5.71,0.0,0.33,0.0,0.1,27.17,0.0
6867,32.56,2.89,0.0,0.33,0.0,0.1025,30.0,0.0
6868,32.56,2.99,0.0,0.43,0.0,0.1051,30.0,0.0
6869,32.56,1.57,0.0,0.0,0.99,0.1084,30.0,0.0
6870,32.56,3.59,0.0,0.0,0.0,0.1,28.97,0.0
6871,34.51,3.58,5.67,0.0,0.0,0.1,25.25,0.0
6872,36.38,0.49,13.22,0.0,0.0,0.1,22.67,0.0
6873,38.11,0.0,17.77,0.0,0.0,0.1,20.34,0.0
6874,39.63,0.0,22.6,0.0,0.0,0.1,17.03,0.0
6875,40.87,0.47,24.86,0.0,0.0,0.1,15.54,0.0
6876,41.79,2.41,26.49,0.0,0.0,0.1,12.9,0.0
6877,42.36,0.7,24.86,1.28,0.0,0.1,18.08,0.0
6878,42.56,1.43,23.14,12.01,0.0,0.1098,30.0,0.0
6879,42.36,0.0,17.24,4.88,0.0,0.2021,30.0,0.0
6880,41.79,2.6,11.86,2.66,0.0,0.2396,30.0,0.0
6881,40.87,2.61,6.48,0.0,1.78,0.26,30.0,0.0
6882,39.63,2.03,0.0,0.0,7.6,0.2448,30.0,0.0
6883,38.11,3.12,0.0,0.0,4.99,0.1801,30.0,0.0
6884,36.38,3.96,0.0,0.0,2.43,0.1376,30.0,0.0
6885,34.51,2.88,0.0,0.0,1.63,0.117,30.0,0.0
6886,32.56,2.19,0.0,0.0,0.37,0.1031,30.0,0.0
6887,32.56,6.82,0.0,0.0,0.0,0.1,25.74,0.0
6888,32.56,3.55,0.0,0.0,0.0,0.1,29.01,0.0
6889,32.56,4.24,0.0,0.0,0.0,0.1,28.33,0.0
6890,32.56,5.62,0.0,0.0,0.0,0.1,26.95,0.0
6891,32.56,8.85,0.0,0.59,0.0,0.1,24.31,0.0
6892,32.56,2.03,0.0,0.0,0.54,0.1046,30.0,0.0
6893,32.56,4.02,0.0,0.54,0.0,0.1,29.08,0.0
6894,32.56,2.08,0.0,0.0,0.49,0.1041,30.0,0.0
6895,34.52,1.96,5.15,0.0,0.0,0.1,27.41,0.0
6896,36.39,1.38,11.88,0.0,0.0,0.1,23.14,0.0
6897,38.12,0.54,17.13,0.0,0.0,0.1,20.45,0.0
6898,39.64,1.81,22.17,0.0,0.0,0.1,15.66,0.0
6899,40.88,0.0,25.43,0.0,0.0,0.1,15.45,0.0
6900,41.8,2.98,25.17,0.0,0.0,0.1,13.66,0.0
6901,42.37,1.8,24.63,3.36,0.0,0.1,19.3,0.0
6902,42.56,2.44,21.44,11.31,0.0,0.1258,30.0,0.0
6903,42.37,1.44,18.34,7.41,0.0,0.2127,30.0,0.0
6904,41.8,1.86,12.02,2.08,0.0,0.2697,30.0,0.0
6905,40.88,3.09,6.15,0.0,1.64,0.2857,30.0,0.0
6906,39.64,1.45,0.0,0.0,8.18,0.2717,30.0,0.0
6907,38.12,2.91,0.0,0.0,5.21,0.202,30.0,0.0
6908,36.39,2.56,0.0,0.0,3.84,0.1577,30.0,0.0
6909,34.52,2.8,0.0,0.0,1.72,0.125,30.0,0.0
6910,32.56,1.35,0.0,0.0,1.22,0.1104,30.0,0.0
6911,32.56,6.2,0.0,0.0,0.0,0.1,26.36,0.0
6912,32.57,3.5,0.0,0.0,0.0,0.1,29.07,0.0
6913,32.57,5.99,0.0,0.0,0.0,0.1,26.59,0.0
6914,32.57,5.72,0.0,0.67,0.0,0.1,27.53,0.0
6915,32.57,2.28,0.0,0.0,0.3,0.1052,30.0,0.0
6916,32.57,2.27,0.0,0.0,0.31,0.1026,30.0,0.0
6917,32.57,6.93,0.0,0.0,0.0,0.1,25.64,0.0
6918,32.57,5.47,0.0,0.0,0.0,0.1,27.11,0.0
6919,34.53,2.67,6.3,0.0,0.0,0.1,25.55,0.0
6920,36.4,2.74,12.51,0.0,0.0,0.1,21.15,0.0
6921,38.13,1.24,17.81,0.0,0.0,0.1,19.08,0.0
6922,39.65,2.48,21.58,0.0,0.0,0.1,15.59,0.0
6923,40.89,0.77,24.84,0.0,0.0,0.1,15.28,0.0
6924,41.81,0.0,26.31,0.0,0.0,0.1,15.5,0.0
6925,42.38,0.0,25.2,0.0,0.0,0.1,17.18,0.0
6926,42.57,1.91,21.91,9.18,0.0,0.1,27.93,0.0
6927,42.38,0.55,18.37,6.54,0.0,0.1705,30.0,0.0
6928,41.81,2.29,12.94,3.42,0.0,0.2208,30.0,0.0
6929,40.89,1.25,6.36,0.0,3.28,0.247,30.0,0.0
6930,39.65,2.0,0.0,0.0,7.65,0.2191,30.0,0.0
6931,38.13,4.59,0.0,0.0,3.54,0.154,30.0,0.0
6932,36.4,4.09,0.0,0.0,2.31,0.1239,30.0,0.0
6933,34.53,4.03,0.0,0.0,0.5,0.1043,30.0,0.0
6934,32.57,5.46,0.0,0.0,0.0,0.1,27.11,0.0
6935,32.57,5.05,0.0,0.0,0.0,0.1,27.52,0.0
6936,32.59,6.44,0.0,0.0,0.0,0.1,26.14,0.0
6937,32.59,3.79,0.0,0.0,0.0,0.1,28.8,0.0
6938,32.59,3.69,0.0,0.34,0.0,0.1,29.23,0.0
6939,32.59,2.28,0.0,0.0,0.31,0.1026,30.0,0.0
6940,32.59,3.19,0.0,0.0,0.0,0.1,29.39,0.0
6941,32.59,4.77,0.0,0.0,0.0,0.1,27.82,0.0
6942,32.59,4.87,0.0,0.0,0.0,0.1,27.71,0.0
6943,34.54,4.05,5.05,0.0,0.0,0.1,25.43,0.0
6944,36.41,0.0,11.48,0.0,0.0,0.1,24.93,0.0
6945,38.14,3.61,18.13,0.0,0.0,0.1,16.4,0.0
6946,39.66,0.0,21.63,0.0,0.0,0.1,18.02,0.0
6947,40.9,3.0,24.15,0.0,0.0,0.1,13.75,0.0
6948,41.82,1.22,25.7,0.0,0.0,0.1,14.91,0.0
6949,42.39,2.73,25.07,3.95,0.0,0.1,18.54,0.0
6950,42.59,0.08,21.27,8.77,0.0,0.1304,30.0,0.0
6951,42.39,3.73,18.7,10.04,0.0,0.1977,30.0,0.0
6952,41.82,0.4,12.55,1.12,0.0,0.2749,30.0,0.0
6953,40.9,1.82,5.05,0.0,4.02,0.2835,30.0,0.0
6954,39.66,1.73,0.0,0.0,7.93,0.2493,30.0,0.0
6955,38.14,1.05,0.0,0.0,7.1,0.1817,30.0,0.0
6956,36.41,3.91,0.0,0.0,2.5,0.1213,30.0,0.0
6957,34.54,6.54,0.0,0.0,0.0,0.1,28.0,0.0
6958,32.59,7.93,0.0,0.0,0.0,0.1,24.65,0.0
6959,32.59,4.55,0.0,0.0,0.0,0.1,28.04,0.0
6960,32.6,6.01,0.0,0.0,0.0,0.1,26.58,0.0
6961,32.6,4.76,0.0,0.0,0.0,0.1,27.84,0.0
6962,32.6,4.99,0.0,0.0,0.0,0.1,27.61,0.0
6963,32.6,3.62,0.0,0.0,0.0,0.1,28.98,0.0
6964,32.6,4.07,0.0,0.0,0.0,0.1,28.53,0.0
6965,32.6,4.21,0.0,0.3,0.0,0.1,28.69,0.0
6966,32.6,2.32,0.0,0.0,0.27,0.1023,30.0,0.0
6967,34.55,0.0,5.7,0.0,0.0,0.1,28.85,0.0
6968,36.42,2.35,12.88,0.0,0.0,0.1,21.19,0.0
6969,38.15,3.28,16.99,0.0,0.0,0.1,17.88,0.0
6970,39.67,0.47,21.1,0.0,0.0,0.1,18.1,0.0
6971,40.91,1.72,24.33,0.0,0.0,0.1,14.86,0.0
6972,41.84,4.37,25.43,0.0,0.0,0.1,12.04,0.0
6973,42.41,3.39,25.3,0.0,0.0,0.1,13.71,0.0
6974,42.6,3.78,21.45,8.63,0.0,0.1,25.99,0.0
6975,42.41,2.18,17.19,6.97,0.0,0.1663,30.0,0.0
6976,41.84,2.87,12.57,3.6,0.0,0.2198,30.0,0.0
6977,40.91,4.13,5.65,0.0,1.13,0.2475,30.0,0.0
6978,39.67,5.25,0.0,0.0,4.42,0.2379,30.0,0.0
6979,38.15,0.8,0.0,0.0,7.35,0.2003,30.0,0.0
6980,36.42,2.0,0.0,0.0,4.42,0.1377,30.0,0.0
6981,34.55,5.88,0.0,0.0,0.0,0.1,28.67,0.0
6982,32.6,3.92,0.0,0.0,0.0,0.1,28.67,0.0
6983,32.6,3.52,0.0,0.0,0.0,0.1,29.08,0.0
6984,32.61,2.79,0.0,0.0,0.0,0.1,29.82,0.0
6985,32.61,3.7,0.0,0.23,0.0,0.1,29.13,0.0
6986,32.61,2.4,0.0,0.0,0.2,0.1017,30.0,0.0
6987,32.61,6.97,0.0,0.0,0.0,0.1,25.64,0.0
6988,32.61,3.79,0.0,0.0,0.0,0.1,28.82,0.0
6989,32.61,3.41,0.0,0.0,0.0,0.1,29.2,0.0
6990,32.61,3.94,0.0,0.0,0.0,0.1,28.67,0.0
6991,34.56,0.0,6.62,0.0,0.0,0.1,27.94,0.0
6992,36.44,3.75,11.63,0.0,0.0,0.1,21.06,0.0
6993,38.17,3.64,17.72,0.0,0.0,0.1,16.8,0.0
6994,39.68,1.09,21.28,0.0,0.0,0.1,17.31,0.0
6995,40.92,1.41,24.23,0.0,0.0,0.1,15.28,0.0
6996,41.85,2.82,24.63,0.0,0.0,0.1,14.4,0.0
6997,42.42,1.09,23.88,0.0,0.0,0.1,17.45,0.0
6998,42.61,1.95,18.62,7.96,0.0,0.1,30.0,0.0
6999,42.42,2.72,17.32,7.62,0.0,0.1612,30.0,0.0
7000,41.85,3.53,11.5,3.18,0.0,0.2197,30.0,0.0
7001,40.92,0.35,5.85,0.0,4.73,0.2441,30.0,0.0
7002,39.68,4.12,0.0,0.0,5.56,0.2039,30.0,0.0
7003,38.17,3.17,0.0,0.0,4.99,0.1565,30.0,0.0
7004,36.44,4.79,0.0,0.0,1.64,0.114,30.0,0.0
7005,34.56,5.17,0.0,0.0,0.0,0.1,29.39,0.0
7006,32.61,6.53,0.0,0.0,0.0,0.1,26.08,0.0
7007,32.61,6.31,0.0,0.0,0.0,0.1,26.29,0.0
7008,32.62,6.37,0.0,0.0,0.0,0.1,26.25,0.0
7009,32.62,6.46,0.0,0.0,0.0,0.1,26.16,0.0
7010,32.62,4.75,0.0,0.0,0.0,0.1,27.88,0.0
7011,32.62,4.17,0.0,0.0,0.0,0.1,28.45,0.0
7012,32.62,5.04,0.0,0.0,0.0,0.1,27.58,0.0
7013,32.62,4.52,0.0,0.0,0.0,0.1,28.1,0.0
7014,32.62,2.74,0.0,0.0,0.0,0.1,29.88,0.0
7015,34.57,3.36,5.08,0.0,0.0,0.1,26.13,0.0
7016,36.45,2.43,12.64,0.0,0.0,0.1,21.38,0.0
7017,38.18,0.0,18.28,0.0,0.0,0.1,19.89,0.0
7018,39.69,3.74,21.84,0.0,0.0,0.1,14.11,0.0
7019,40.94,1.91,23.95,0.0,0.0,0.1,15.07,0.0
7020,41.86,0.0,26.15,0.0,0.0,0.1,15.71,0.0
7021,42.43,0.0,23.99,0.0,0.0,0.1,18.44,0.0
7022,42.62,1.21,21.75,8.86,0.0,0.1,28.52,0.0
7023,42.43,2.24,17.28,7.09,0.0,0.1681,30.0,0.0
7024,41.86,4.03,11.84,4.01,0.0,0.2226,30.0,0.0
7025,40.94,3.35,6.2,0.0,1.38,0.2535,30.0,0.0
7026,39.69,3.59,0.0,0.0,6.11,0.2417,30.0,0.0
7027,38.18,1.97,0.0,0.0,6.21,0.1897,30.0,0.0
7028,36.45,2.26,0.0,0.0,4.19,0.1369,30.0,0.0
7029,34.57,4.57,0.0,0.0,0.0,0.1012,30.0,0.0
7030,32.62,2.48,0.0,0.0,0.14,0.1012,30.0,0.0
7031,32.62,3.76,0.0,0.0,0.0,0.1,28.87,0.0
7032,32.64,5.24,0.0,0.0,0.0,0.1,27.4,0.0
7033,32.64,3.16,0.0,0.0,0.0,0.1,29.47,0.0
7034,32.64,6.57,0.0,1.1,0.0,0.1,27.17,0.0
7035,32.64,5.83,0.0,3.19,0.0,0.1085,30.0,0.0
7036,32.64,1.72,0.0,0.0,0.92,0.133,30.0,0.0
7037,32.64,2.26,0.0,0.0,0.37,0.1252,30.0,0.0
7038,32.64,0.05,0.0,0.0,2.58,0.122,30.0,0.0
7039,34.59,0.0,5.38,0.0,0.0,0.1,29.21,0.0
7040,36.46,3.55,13.02,0.0,0.0,0.1,19.89,0.0
7041,38.19,1.65,16.96,0.0,0.0,0.1,19.58,0.0
7042,39.71,2.63,21.36,0.0,0.0,0.1,15.72,0.0
7043,40.95,0.0,10.95,0.0,0.0,0.1,30.0,0.0
7044,41.87,2.91,24.96,0.0,0.0,0.1,14.01,0.0
7045,42.44,1.1,24.11,0.0,0.0,0.1,17.23,0.0
7046,42.64,2.01,22.19,8.08,0.0,0.1,26.52,0.0
7047,42.44,2.09,17.69,7.34,0.0,0.1621,30.0,0.0
7048,41.87,0.76,11.6,0.48,0.0,0.2185,30.0,0.0
7049,40.95,1.25,5.81,0.0,3.89,0.2222,30.0,0.0
7050,39.71,4.51,0.0,0.0,5.2,0.1891,30.0,0.0
7051,38.19,4.08,0.0,0.0,4.11,0.1448,30.0,0.0
7052,36.46,5.31,0.0,0.0,1.16,0.1098,30.0,0.0
7053,34.59,4.6,0.0,0.0,0.0,0.1,29.99,0.0
7054,32.64,4.57,0.0,0.55,0.0,0.1,28.62,0.0
7055,32.64,2.14,0.0,0.0,0.49,0.1042,30.0,0.0
7056,32.65,4.21,0.0,0.0,0.0,0.1,28.45,0.0
7057,32.65,4.49,0.0,0.0,0.0,0.1,28.16,0.0
7058,32.65,7.07,0.0,0.0,0.0,0.1,25.58,0.0
7059,32.65,5.12,0.0,0.0,0.0,0.1,27.54,0.0
7060,32.65,5.99,0.0,0.0,0.0,0.1,26.66,0.0
7061,32.65,4.38,0.0,0.46,0.0,0.1,28.73,0.0
7062,32.65,2.23,0.0,0.0,0.42,0.1036,30.0,0.0
7063,34.6,3.01,6.0,0.0,0.0,0.1,25.59,0.0
7064,36.48,2.85,12.42,0.0,0.0,0.1,21.21,0.0
7065,38.21,0.95,17.53,0.0,0.0,0.1,19.72,0.0
7066,39.72,1.49,8.23,0.0,0.0,0.1,30.0,0.0
7067,40.97,1.6,23.95,0.0,0.0,0.1,15.41,0.0
7068,41.89,4.04,25.76,0.0,0.0,0.1,12.09,0.0
7069,42.46,0.0,23.97,0.0,0.0,0.1,18.49,0.0
7070,42.65,3.67,21.51,3.81,0.0,0.1,21.29,0.0
7071,42.46,0.96,18.15,6.65,0.0,0.1293,30.0,0.0
7072,41.89,0.64,12.62,1.38,0.0,0.1804,30.0,0.0
7073,40.97,4.47,5.74,0.0,0.76,0.191,30.0,0.0
7074,39.72,4.21,0.0,0.0,5.51,0.1846,30.0,0.0
7075,38.21,5.28,0.0,0.0,2.93,0.1376,30.0,0.0
7076,36.48,4.99,0.0,0.0,1.49,0.1127,30.0,0.0
7077,34.6,6.99,0.0,0.0,0.0,0.1,27.61,0.0
7078,32.65,5.16,0.0,0.0,0.0,0.1,27.49,0.0
7079,32.65,4.31,0.0,0.0,0.0,0.1,28.34,0.0
7080,32.67,5.07,0.0,0.0,0.0,0.1,27.6,0.0
7081,32.67,2.7,0.0,0.03,0.0,0.1,30.0,0.0
7082,32.67,3.35,0.0,0.68,0.0,0.1002,30.0,0.0
7083,32.67,3.3,0.0,0.64,0.0,0.1055,30.0,0.0
7084,32.67,3.49,0.0,0.82,0.0,0.1104,30.0,0.0
7085,32.67,0.7,0.0,0.0,1.96,0.1167,30.0,0.0
7086,32.67,3.42,0.0,0.0,0.0,0.1,29.25,0.0
7087,34.62,0.29,5.41,0.0,0.0,0.1,28.92,0.0
7088,36.49,2.62,12.22,0.0,0.0,0.1,21.65,0.0
7089,38.22,3.44,16.93,0.0,0.0,0.1,17.85,0.0
7090,39.74,1.39,21.06,0.0,0.0,0.1,17.29,0.0
7091,40.98,4.2,24.79,0.0,0.0,0.1,11.99,0.0
7092,41.9,0.0,25.47,0.0,0.0,0.1,16.44,0.0
7093,42.47,3.54,23.69,0.0,0.0,0.1,15.25,0.0
7094,42.67,2.97,21.74,11.47,0.0,0.1,29.43,0.0
7095,42.47,0.0,17.55,5.08,0.0,0.1882,30.0,0.0
7096,41.9,6.26,12.02,6.37,0.0,0.2272,30.0,0.0
7097,40.98,2.79,5.25,0.0,2.94,0.2762,30.0,0.0
7098,39.74,2.03,0.0,0.0,7.71,0.2511,30.0,0.0
7099,38.22,1.66,0.0,0.0,6.57,0.1855,30.0,0.0
7100,36.49,3.61,0.0,0.0,2.88,0.1296,30.0,0.0
7101,34.62,4.02,0.0,0.0,0.59,0.1051,30.0,0.0
7102,32.67,4.55,0.0,0.0,0.0,0.1,28.11,0.0
7103,32.67,4.14,0.0,0.0,0.0,0.1,28.52,0.0
7104,32.68,5.49,0.0,0.5,0.0,0.1,27.69,0.0
7105,32.68,4.04,0.0,1.36,0.0,0.1038,30.0,0.0
7106,32.68,1.79,0.0,0.0,0.89,0.1143,30.0,0.0
7107,32.68,4.01,0.0,1.33,0.0,0.1067,30.0,0.0
7108,32.68,0.69,0.0,0.0,1.99,0.1169,30.0,0.0
7109,32.68,4.09,0.0,0.86,0.0,0.1,29.45,0.0
7110,32.68,1.91,0.0,0.0,0.77,0.1066,30.0,0.0
7111,34.63,3.12,5.81,0.0,0.0,0.1,25.7,0.0
7112,36.51,4.36,12.88,0.0,0.0,0.1,19.26,0.0
7113,38.24,0.98,16.86,0.0,0.0,0.1,20.4,0.0
7114,39.75,3.52,20.8,0.0,0.0,0.1,15.43,0.0
7115,41.0,1.33,23.37,0.0,0.0,0.1,16.29,0.0
7116,41.92,4.28,24.28,0.0,0.0,0.1,13.35,0.0
7117,42.49,1.43,24.81,1.49,0.0,0.1,17.75,0.0
7118,42.68,0.91,21.79,10.02,0.0,0.1115,30.0,0.0
7119,42.49,3.22,17.79,8.52,0.0,0.1885,30.0,0.0
7120,41.92,1.97,12.0,2.05,0.0,0.254,30.0,0.0
7121,41.0,1.74,4.96,0.0,4.29,0.2698,30.0,0.0
7122,39.75,2.6,0.0,0.0,7.16,0.2332,30.0,0.0
7123,38.24,3.54,0.0,0.0,4.69,0.1723,30.0,0.0
7124,36.51,5.77,0.0,0.0,0.74,0.1323,30.0,0.0
7125,34.63,1.57,0.0,0.0,3.06,0.1261,30.0,0.0
7126,32.68,4.47,0.0,0.0,0.0,0.1,28.21,0.0
7127,32.68,5.43,0.0,0.0,0.0,0.1,27.25,0.0
7128,32.7,4.91,0.0,0.0,0.0,0.1,27.79,0.0
7129,32.7,6.39,0.0,0.0,0.0,0.1,26.31,0.0
7130,32.7,4.36,0.0,0.0,0.0,0.1,28.34,0.0
7131,32.7,3.99,0.0,0.0,0.0,0.1,28.71,0.0
7132,32.7,4.77,0.0,0.0,0.0,0.1,27.93,0.0
7133,32.7,3.76,0.0,0.0,0.0,0.1,28.94,0.0
7134,32.7,2.74,0.0,0.0,0.0,0.1,29.96,0.0
7135,34.65,3.62,5.37,0.0,0.0,0.1,25.65,0.0
7136,36.52,1.69,11.64,0.0,0.0,0.1,23.19,0.0
7137,38.25,1.47,16.53,0.0,0.0,0.1,20.25,0.0
7138,39.77,1.36,21.82,0.0,0.0,0.1,16.58,0.0
7139,41.01,3.8,24.21,0.0,0.0,0.1,13.0,0.0
7140,41.94,0.0,24.63,0.0,0.0,0.1,17.3,0.0
7141,42.51,2.49,24.53,2.03,0.0,0.1,17.51,0.0
7142,42.7,2.13,21.27,10.7,0.0,0.1156,30.0,0.0
7143,42.51,0.0,17.02,4.52,0.0,0.1979,30.0,0.0
7144,41.94,3.01,11.96,3.04,0.0,0.2326,30.0,0.0
7145,41.01,3.57,5.19,0.0,2.25,0.2559,30.0,0.0
7146,39.77,4.08,0.0,0.0,5.69,0.2367,30.0,0.0
7147,38.25,0.0,0.0,0.0,8.25,0.1883,30.0,0.0
7148,36.52,5.83,0.0,0.0,0.7,0.118,30.0,0.0
7149,34.65,3.23,0.0,0.0,1.42,0.1121,30.0,0.0
7150,32.7,5.4,0.0,0.0,0.0,0.1,27.3,0.0
7151,32.7,5.61,0.0,0.0,0.0,0.1,27.09,0.0
7152,32.71,3.46,0.0,0.0,0.0,0.1,29.25,0.0
7153,32.71,5.52,0.0,0.19,0.0,0.1,27.39,0.0
7154,32.71,3.95,0.0,1.24,0.0,0.1015,30.0,0.0
7155,32.71,1.43,0.0,0.0,1.29,0.111,30.0,0.0
7156,32.71,5.58,0.0,0.8,0.0,0.1,27.93,0.0
7157,32.71,2.59,0.0,0.0,0.13,0.1061,30.0,0.0
7158,32.71,2.12,0.0,0.0,0.59,0.105,30.0,0.0
7159,34.67,2.39,6.3,0.0,0.0,0.1,25.98,0.0
7160,36.54,2.98,12.38,0.0,0.0,0.1,21.18,0.0
7161,38.27,2.25,16.69,0.0,0.0,0.1,19.33,0.0
7162,39.79,2.86,21.3,0.0,0.0,0.1,15.63,0.0
7163,41.03,0.14,23.63,0.0,0.0,0.1,17.26,0.0
7164,41.95,0.0,24.25,0.0,0.0,0.1,17.7,0.0
7165,42.52,1.81,24.36,0.0,0.0,0.1,16.35,0.0
7166,42.71,4.71,20.6,7.65,0.0,0.1,25.05,0.0
7167,42.52,2.17,18.01,7.66,0.0,0.1588,30.0,0.0
7168,41.95,4.09,12.5,4.65,0.0,0.2176,30.0,0.0
7169,41.03,2.99,4.94,0.0,3.1,0.2533,30.0,0.0
7170,39.79,2.63,0.0,0.0,7.15,0.2269,30.0,0.0
7171,38.27,3.31,0.0,0.0,4.96,0.166,30.0,0.0
7172,36.54,3.75,0.0,0.0,2.79,0.1238,30.0,0.0
7173,34.67,5.09,0.0,0.0,0.0,0.1,29.58,0.0
7174,32.71,6.36,0.0,0.0,0.0,0.1,26.35,0.0
7175,32.71,5.11,0.0,0.0,0.0,0.1,27.61,0.0
7176,32.73,6.31,0.0,0.0,0.0,0.1,26.42,0.0
7177,32.73,3.32,0.0,0.0,0.0,0.1,29.42,0.0
7178,32.73,3.93,0.0,0.0,0.0,0.1,28.8,0.0
7179,32.73,3.29,0.0,0.0,0.0,0.1,29.44,0.0
7180,32.73,4.43,0.0,0.0,0.0,0.1,28.3,0.0
7181,32.73,3.18,0.0,0.0,0.0,0.1,29.55,0.0
7182,32.73,4.31,0.0,0.0,0.0,0.1,28.42,0.0
7183,34.68,1.69,6.05,0.0,0.0,0.1,26.95,0.0
7184,36.56,2.69,11.3,0.0,0.0,0.1,22.57,0.0
7185,38.29,3.29,16.59,0.0,0.0,0.1,18.41,0.0
7186,39.8,0.0,20.85,0.0,0.0,0.1,18.95,0.0
7187,41.05,4.9,24.48,0.0,0.0,0.1,11.67,0.0
7188,41.97,1.56,24.6,0.0,0.0,0.1,15.81,0.0
7189,42.54,0.0,23.36,0.0,0.0,0.1,19.18,0.0
7190,42.73,2.35,20.56,6.54,0.0,0.1,26.37,0.0
7191,42.54,2.39,16.44,6.29,0.0,0.1502,30.0,0.0
7192,41.97,2.52,11.44,1.99,0.0,0.1986,30.0,0.0
7193,41.05,4.32,5.52,0.0,1.21,0.2138,30.0,0.0
7194,39.8,4.34,0.0,0.0,5.46,0.2036,30.0,0.0
7195,38.29,4.08,0.0,0.0,4.21,0.157,30.0,0.0
7196,36.56,4.62,0.0,0.0,1.94,0.1212,30.0,0.0
7197,34.68,4.14,0.0,0.0,0.54,0.1046,30.0,0.0
7198,32.73,6.93,0.0,0.13,0.0,0.1,25.93,0.0
7199,32.73,2.61,0.0,0.0,0.12,0.101,30.0,0.0
7200,32.75,4.9,0.0,0.0,0.0,0.1,27.85,0.0
7201,32.75,4.75,0.0,0.0,0.0,0.1,28.0,0.0
7202,32.75,5.64,0.0,0.84,0.0,0.1,27.96,0.0
7203,32.75,3.15,0.0,0.4,0.0,0.1065,30.0,0.0
7204,32.75,1.63,0.0,0.0,1.12,0.1095,30.0,0.0
7205,32.75,3.91,0.0,0.0,0.0,0.1,28.85,0.0
7206,32.75,3.72,0.0,0.0,0.0,0.1,29.03,0.0
7207,34.7,5.02,5.55,0.0,0.0,0.1,24.13,0.0
7208,36.58,0.91,12.07,0.0,0.0,0.1,23.6,0.0
7209,38.31,3.95,17.47,0.0,0.0,0.1,16.89,0.0
7210,39.82,5.39,20.52,0.0,0.0,0.1,13.91,0.0
7211,41.07,1.5,23.95,0.0,0.0,0.1,15.61,0.0
7212,41.99,0.2,25.34,0.0,0.0,0.1,16.45,0.0
7213,42.56,1.46,23.1,1.28,0.0,0.1,19.28,0.0
7214,42.75,2.17,21.41,10.83,0.0,0.1099,30.0,0.0
7215,42.56,3.14,17.43,8.01,0.0,0.1931,30.0,0.0
7216,41.99,1.84,11.98,1.83,0.0,0.2547,30.0,0.0
7217,41.07,5.11,5.7,0.0,0.25,0.2687,30.0,0.0
7218,39.82,1.81,0.0,0.0,8.01,0.2666,30.0,0.0
7219,38.31,1.31,0.0,0.0,7.0,0.1983,30.0,0.0
7220,36.58,5.54,0.0,0.0,1.04,0.1388,30.0,0.0
7221,34.7,1.19,0.0,0.0,3.51,0.1299,30.0,0.0
7222,32.75,4.24,0.0,0.0,0.0,0.1,28.51,0.0
7223,32.75,8.93,0.0,0.0,0.0,0.1,23.82,0.0
7224,32.77,4.71,0.0,0.0,0.0,0.1,28.06,0.0
7225,32.77,3.15,0.0,0.0,0.0,0.1,29.62,0.0
7226,32.77,4.46,0.0,0.0,0.0,0.1,28.31,0.0
7227,32.77,4.26,0.0,0.0,0.0,0.1,28.51,0.0
7228,32.77,4.26,0.0,0.0,0.0,0.1,28.51,0.0
7229,32.77,4.62,0.0,0.93,0.0,0.1,29.08,0.0
7230,32.77,1.93,0.0,0.0,0.84,0.1071,30.0,0.0
7231,34.72,5.31,0.0,0.0,0.0,0.1,29.41,0.0
7232,36.6,3.01,11.54,0.0,0.0,0.1,22.05,0.0
7233,38.33,3.38,17.54,0.0,0.0,0.1,17.4,0.0
7234,39.84,1.31,21.12,0.0,0.0,0.1,17.41,0.0
7235,41.08,3.8,23.86,0.0,0.0,0.1,13.43,0.0
7236,42.01,1.64,24.96,0.0,0.0,0.1,15.41,0.0
7237,42.58,2.41,23.78,3.22,0.0,0.1,19.6,0.0
7238,42.77,0.89,20.55,8.67,0.0,0.1247,30.0,0.0
7239,42.58,1.02,17.54,5.98,0.0,0.1914,30.0,0.0
7240,42.01,3.62,11.86,3.47,0.0,0.2373,30.0,0.0
7241,41.08,2.4,5.43,0.0,3.26,0.264,30.0,0.0
7242,39.84,2.19,0.0,0.0,7.65,0.2362,30.0,0.0
7243,38.33,2.83,0.0,0.0,5.49,0.1711,30.0,0.0
7244,36.6,5.0,0.0,0.0,1.6,0.1243,30.0,0.0
7245,34.72,3.46,0.0,0.0,1.26,0.1107,30.0,0.0
7246,32.77,4.38,0.0,0.0,0.0,0.1,28.39,0.0
7247,32.77,4.7,0.0,0.85,0.0,0.1,28.92,0.0
7248,32.79,2.12,0.0,0.0,0.67,0.1066,30.0,0.0
7249,32.79,2.69,0.0,0.0,0.1,0.1009,30.0,0.0
7250,32.79,5.02,0.0,0.0,0.0,0.1,27.77,0.0
7251,32.79,3.34,0.0,0.0,0.0,0.1,29.45,0.0
7252,32.79,5.51,0.0,0.0,0.0,0.1,27.28,0.0
7253,32.79,5.06,0.0,0.0,0.0,0.1,27.73,0.0
7254,32.79,4.36,0.0,0.0,0.0,0.1,28.43,0.0
7255,34.74,5.52,5.63,0.0,0.0,0.1,23.6,0.0
7256,36.62,2.58,11.2,0.0,0.0,0.1,22.83,0.0
7257,38.35,3.3,16.79,0.0,0.0,0.1,18.26,0.0
7258,39.86,1.39,21.24,0.0,0.0,0.1,17.23,0.0
7259,41.1,5.41,22.73,0.0,0.0,0.1,12.96,0.0
7260,42.03,4.73,23.71,0.0,0.0,0.1,13.6,0.0
7261,42.6,2.07,10.53,0.0,0.0,0.1,30.0,0.0
7262,42.79,2.72,20.7,9.72,0.0,0.1,29.08,0.0
7263,42.6,4.27,16.96,8.64,0.0,0.1747,30.0,0.0
7264,42.03,2.49,11.07,1.54,0.0,0.241,30.0,0.0
7265,41.1,2.12,5.24,0.0,3.74,0.2528,30.0,0.0
7266,39.86,4.58,0.0,0.0,5.29,0.221,30.0,0.0
7267,38.35,3.84,0.0,0.0,4.51,0.176,30.0,0.0
7268,36.62,4.31,0.0,0.0,2.3,0.1376,30.0,0.0
7269,34.74,3.2,0.0,0.0,1.54,0.118,30.0,0.0
7270,32.79,2.21,0.0,0.0,0.58,0.1049,30.0,0.0
7271,32.79,5.02,0.0,0.0,0.0,0.1,27.77,0.0
7272,32.81,6.01,0.0,0.0,0.0,0.1,26.8,0.0
7273,32.81,4.41,0.0,0.0,0.0,0.1,28.4,0.0
7274,32.81,6.55,0.0,0.0,0.0,0.1,26.26,0.0
7275,32.81,3.4,0.0,0.19,0.0,0.1,29.6,0.0
7276,32.81,2.64,0.0,0.0,0.17,0.1015,30.0,0.0
7277,32.81,3.66,0.0,0.0,0.0,0.1,29.15,0.0
7278,32.81,3.29,0.0,0.0,0.0,0.1,29.52,0.0
7279,34.76,4.1,5.86,0.0,0.0,0.1,24.8,0.0
7280,36.64,1.65,11.36,0.0,0.0,0.1,23.62,0.0
7281,38.37,4.3,16.94,0.0,0.0,0.1,17.12,0.0
7282,39.88,0.0,20.33,0.0,0.0,0.1,19.55,0.0
7283,41.12,2.02,23.02,0.0,0.0,0.1,16.08,0.0
7284,42.05,3.74,23.94,0.0,0.0,0.1,14.37,0.0
7285,42.62,0.63,23.87,2.49,0.0,0.1,20.61,0.0
7286,42.81,3.69,20.41,11.29,0.0,0.1192,30.0,0.0
7287,42.62,3.86,16.56,7.81,0.0,0.2059,30.0,0.0
7288,42.05,3.9,11.76,3.61,0.0,0.2659,30.0,0.0
7289,41.12,3.02,5.87,0.0,2.23,0.2937,30.0,0.0
7290,39.88,0.0,0.0,0.0,9.88,0.2747,30.0,0.0
7291,38.37,2.87,0.0,0.0,5.49,0.1905,30.0,0.0
7292,36.64,3.23,0.0,0.0,3.41,0.1438,30.0,0.0
7293,34.76,3.03,0.0,0.0,1.73,0.1148,30.0,0.0
7294,32.81,4.75,0.0,0.0,0.0,0.1,28.06,0.0
7295,32.81,4.15,0.0,0.0,0.0,0.1,28.66,0.0
7296,32.83,3.66,0.0,0.0,0.0,0.1,29.17,0.0
7297,32.83,3.29,0.0,0.0,0.0,0.1,29.54,0.0
7298,32.83,3.63,0.0,0.0,0.0,0.1,29.21,0.0
7299,32.83,5.92,0.0,0.0,0.0,0.1,26.91,0.0
7300,32.83,3.2,0.0,0.0,0.0,0.1,29.63,0.0
7301,32.83,3.07,0.0,0.04,0.0,0.1,29.8,0.0
7302,32.83,2.79,0.0,0.0,0.04,0.1003,30.0,0.0
7303,34.78,3.53,5.07,0.0,0.0,0.1,26.19,0.0
7304,36.66,3.36,12.47,0.0,0.0,0.1,20.82,0.0
7305,38.39,0.0,17.01,0.0,0.0,0.1,21.37,0.0
7306,39.9,0.0,20.98,0.0,0.0,0.1,18.92,0.0
7307,41.15,4.06,24.1,0.0,0.0,0.1,12.99,0.0
7308,42.07,0.61,24.63,0.0,0.0,0.1,16.83,0.0
7309,42.64,0.77,23.23,2.75,0.0,0.1,21.39,0.0
7310,42.83,1.62,21.29,10.08,0.0,0.1211,30.0,0.0
7311,42.64,1.42,17.31,6.09,0.0,0.1986,30.0,0.0
7312,42.07,3.04,11.35,2.32,0.0,0.2453,30.0,0.0
7313,41.15,0.4,5.93,0.0,4.82,0.2632,30.0,0.0
7314,39.9,1.89,0.0,0.0,8.01,0.2221,30.0,0.0
7315,38.39,5.88,0.0,0.0,2.51,0.1539,30.0,0.0
7316,36.66,2.83,0.0,0.0,3.82,0.1326,30.0,0.0
7317,34.78,6.09,0.0,0.0,0.0,0.1,28.69,0.0
7318,32.83,5.09,0.0,0.63,0.0,0.1,28.37,0.0
7319,32.83,2.26,0.0,0.0,0.57,0.1048,30.0,0.0
7320,32.85,5.68,0.0,0.0,0.0,0.1,27.17,0.0
7321,32.85,4.6,0.0,0.0,0.0,0.1,28.25,0.0
7322,32.85,4.0,0.0,0.0,0.0,0.1,28.85,0.0
7323,32.85,4.74,0.0,0.0,0.0,0.1,28.11,0.0
7324,32.85,4.77,0.0,0.0,0.0,0.1,28.08,0.0
7325,32.85,4.76,0.0,0.0,0.0,0.1,28.09,0.0
7326,32.85,5.05,0.0,0.0,0.0,0.1,27.8,0.0
7327,34.8,3.64,5.62,0.0,0.0,0.1,25.54,0.0
7328,36.68,0.87,11.96,0.0,0.0,0.1,23.85,0.0
7329,38.41,1.82,17.25,0.0,0.0,0.1,19.33,0.0
7330,39.92,6.28,21.42,0.0,0.0,0.1,12.22,0.0
7331,41.17,3.11,23.09,0.0,0.0,0.1,14.97,0.0
7332,42.09,0.0,23.7,0.0,0.0,0.1,18.4,0.0
7333,42.66,4.03,22.59,1.48,0.0,0.1,17.52,0.0
7334,42.85,2.59,20.14,9.87,0.0,0.1113,30.0,0.0
7335,42.66,2.88,16.04,6.27,0.0,0.1872,30.0,0.0
7336,42.09,2.71,12.01,2.62,0.0,0.2354,30.0,0.0
7337,41.17,0.71,4.99,0.0,5.47,0.2555,30.0,0.0
7338,39.92,3.46,0.0,0.0,6.46,0.2089,30.0,0.0
7339,38.41,5.45,0.0,0.0,2.96,0.1539,30.0,0.0
7340,36.68,3.3,0.0,0.0,3.38,0.1287,30.0,0.0
7341,34.8,4.97,0.0,0.0,0.0,0.1,29.83,0.0
7342,32.85,5.79,0.0,0.0,0.0,0.1,27.06,0.0
7343,32.85,3.52,0.0,0.0,0.0,0.1,29.34,0.0
7344,32.88,4.21,0.0,0.0,0.0,0.1,28.66,0.0
7345,32.88,3.39,0.0,0.0,0.0,0.1,29.49,0.0
7346,32.88,3.52,0.0,0.23,0.0,0.1,29.59,0.0
7347,32.88,2.67,0.0,0.0,0.21,0.1018,30.0,0.0
7348,32.88,2.91,0.0,0.0,0.0,0.1,29.96,0.0
7349,32.88,5.76,0.0,0.74,0.0,0.1,27.86,0.0
7350,32.88,2.21,0.0,0.0,0.67,0.1057,30.0,0.0
7351,34.83,3.28,5.94,0.0,0.0,0.1,25.61,0.0
7352,36.7,2.09,11.31,0.0,0.0,0.1,23.31,0.0
7353,38.43,4.11,17.48,0.0,0.0,0.1,16.85,0.0
7354,39.95,4.07,19.82,0.0,0.0,0.1,16.06,0.0
7355,41.19,3.32,23.29,0.0,0.0,0.1,14.58,0.0
7356,42.11,2.51,24.32,0.0,0.0,0.1,15.29,0.0
7357,42.68,1.82,23.1,0.0,0.0,0.1,17.77,0.0
7358,42.88,0.64,21.18,5.96,0.0,0.1,27.02,0.0
7359,42.68,5.15,15.85,8.32,0.0,0.1458,30.0,0.0
7360,42.11,1.74,10.54,0.16,0.0,0.2097,30.0,0.0
7361,41.19,4.01,5.69,0.0,1.48,0.211,30.0,0.0
7362,39.95,4.91,0.0,0.0,5.04,0.1983,30.0,0.0
7363,38.43,3.05,0.0,0.0,5.38,0.1555,30.0,0.0
7364,36.7,5.57,0.0,0.0,1.14,0.1097,30.0,0.0
7365,34.83,5.47,0.0,0.0,0.0,0.1,29.35,0.0
7366,32.88,7.01,0.0,0.0,0.0,0.1,25.86,0.0
7367,32.88,4.14,0.0,0.0,0.0,0.1,28.74,0.0
7368,32.9,3.09,0.0,0.0,0.0,0.1,29.81,0.0
7369,32.9,4.11,0.0,0.0,0.0,0.1,28.79,0.0
7370,32.9,4.95,0.0,0.0,0.0,0.1,27.95,0.0
7371,32.9,4.53,0.0,1.13,0.0,0.1,29.5,0.0
7372,32.9,3.63,0.0,0.73,0.0,0.1087,30.0,0.0
7373,32.9,1.22,0.0,0.0,1.68,0.1143,30.0,0.0
7374,32.9,4.12,0.0,0.0,0.0,0.1,28.77,0.0
7375,34.85,5.83,4.6,0.0,0.0,0.1,24.42,0.0
7376,36.73,3.43,10.68,0.0,0.0,0.1,22.61,0.0
7377,38.45,3.35,15.86,0.0,0.0,0.1,19.25,0.0
7378,39.97,0.0,20.39,0.0,0.0,0.1,19.58,0.0
7379,41.21,2.7,23.54,0.0,0.0,0.1,14.97,0.0
7380,42.14,3.39,23.94,0.0,0.0,0.1,14.81,0.0
7381,42.71,2.7,22.4,2.29,0.0,0.1,19.9,0.0
7382,42.9,1.87,19.83,8.8,0.0,0.1176,30.0,0.0
7383,42.71,1.42,15.69,4.41,0.0,0.1852,30.0,0.0
7384,42.14,2.45,11.43,1.75,0.0,0.2191,30.0,0.0
7385,41.21,3.56,5.16,0.0,2.5,0.2325,30.0,0.0
7386,39.97,3.05,0.0,0.0,6.92,0.2113,30.0,0.0
7387,38.45,4.26,0.0,0.0,4.19,0.1524,30.0,0.0
7388,36.73,4.77,0.0,0.0,1.96,0.1167,30.0,0.0
7389,34.85,5.59,0.0,0.0,0.0,0.1,29.26,0.0
7390,32.9,6.42,0.0,0.0,0.0,0.1,26.48,0.0
7391,32.9,4.91,0.0,0.0,0.0,0.1,27.99,0.0
7392,32.92,3.08,0.0,0.0,0.0,0.1,29.84,0.0
7393,32.92,4.35,0.0,0.0,0.0,0.1,28.57,0.0
7394,32.92,4.75,0.0,1.07,0.0,0.1,29.25,0.0
7395,32.92,1.95,0.0,0.0,0.97,0.1082,30.0,0.0
7396,32.92,6.09,0.0,0.0,0.0,0.1,26.84,0.0
7397,32.92,4.05,0.0,0.0,0.0,0.1,28.87,0.0
7398,32.92,4.02,0.0,0.0,0.0,0.1,28.9,0.0
7399,34.87,5.02,5.84,0.0,0.0,0.1,24.01,0.0
7400,36.75,1.95,10.49,0.0,0.0,0.1,24.31,0.0
7401,38.48,3.32,16.78,0.0,0.0,0.1,18.38,0.0
7402,39.99,2.16,19.72,0.0,0.0,0.1,18.11,0.0
7403,41.24,1.93,22.48,0.0,0.0,0.1,16.83,0.0
7404,42.16,1.07,23.82,0.0,0.0,0.1,17.27,0.0
7405,42.73,4.46,23.13,0.0,0.0,0.1,15.14,0.0
7406,42.92,1.8,20.16,7.9,0.0,0.1,28.86,0.0
7407,42.73,3.49,16.96,7.72,0.0,0.1607,30.0,0.0
7408,42.16,0.25,11.45,0.0,0.46,0.22,30.0,0.0
7409,41.24,4.76,5.26,0.0,1.22,0.2161,30.0,0.0
7410,39.99,4.94,0.0,0.0,5.05,0.2057,30.0,0.0
7411,38.48,3.99,0.0,0.0,4.49,0.1627,30.0,0.0
7412,36.75,3.87,0.0,0.0,2.88,0.1245,30.0,0.0
7413,34.87,5.02,0.0,0.0,0.0,0.1,29.86,0.0
7414,32.92,7.82,0.0,0.57,0.0,0.1,25.67,0.0
7415,32.92,2.41,0.0,0.0,0.51,0.1044,30.0,0.0
7416,32.95,5.96,0.0,0.0,0.0,0.1,26.99,0.0
7417,32.95,3.59,0.0,0.0,0.0,0.1,29.35,0.0
7418,32.95,4.68,0.0,0.0,0.0,0.1,28.27,0.0
7419,32.95,4.15,0.0,0.0,0.0,0.1,28.8,0.0
7420,32.95,3.62,0.0,0.17,0.0,0.1,29.5,0.0
7421,32.95,3.86,0.0,0.91,0.0,0.1013,30.0,0.0
7422,32.95,1.97,0.0,0.0,0.98,0.1083,30.0,0.0
7423,34.9,4.57,4.97,0.0,0.0,0.1,25.35,0.0
7424,36.77,0.38,12.14,0.0,0.0,0.1,24.26,0.0
7425,38.5,3.29,16.81,0.0,0.0,0.1,18.4,0.0
7426,40.02,0.0,21.16,0.0,0.0,0.1,18.86,0.0
7427,41.26,0.59,23.31,0.0,0.0,0.1,17.36,0.0
7428,42.19,0.0,23.35,0.0,0.0,0.1,18.84,0.0
7429,42.75,0.06,22.85,3.98,0.0,0.1,23.82,0.0
7430,42.95,2.39,20.76,10.2,0.0,0.1306,30.0,0.0
7431,42.75,0.6,16.81,4.66,0.0,0.209,30.0,0.0
7432,42.19,3.47,12.02,3.3,0.0,0.2448,30.0,0.0
7433,41.26,1.9,5.15,0.0,4.21,0.2701,30.0,0.0
7434,40.02,2.9,0.0,0.0,7.12,0.2343,30.0,0.0
7435,38.5,4.28,0.0,0.0,4.23,0.1737,30.0,0.0
7436,36.77,3.15,0.0,0.0,3.63,0.1377,30.0,0.0
7437,34.9,4.41,0.0,0.0,0.49,0.1068,30.0,0.0
7438,32.95,2.63,0.0,0.0,0.31,0.1027,30.0,0.0
7439,32.95,5.71,0.0,0.0,0.0,0.1,27.24,0.0
7440,32.97,7.32,0.0,0.0,0.0,0.1,25.65,0.0
7441,32.97,8.68,0.0,0.0,0.0,0.1,24.29,0.0
7442,32.97,4.85,0.0,0.0,0.0,0.1,28.12,0.0
7443,32.97,5.59,0.0,1.31,0.0,0.1,28.7,0.0
7444,32.97,1.79,0.0,0.0,1.19,0.1101,30.0,0.0
7445,32.97,5.95,0.0,0.0,0.0,0.1,27.02,0.0
7446,32.97,4.6,0.0,0.0,0.0,0.1,28.37,0.0
7447,34.92,2.52,5.53,0.0,0.0,0.1,26.87,0.0
7448,36.8,4.55,12.08,0.0,0.0,0.1,20.17,0.0
7449,38.53,0.0,17.21,0.0,0.0,0.1,21.32,0.0
7450,40.04,1.73,19.39,0.0,0.0,0.1,18.93,0.0
7451,41.29,2.87,22.71,0.0,0.0,0.1,15.71,0.0
7452,42.21,0.71,22.72,0.0,0.0,0.1,18.77,0.0
7453,42.78,0.0,22.81,7.71,0.0,0.1,27.67,0.0
7454,42.97,0.91,20.57,8.51,0.0,0.1592,30.0,0.0
7455,42.78,1.13,16.75,5.1,0.0,0.2246,30.0,0.0
7456,42.21,1.61,11.26,0.65,0.0,0.2638,30.0,0.0
7457,41.29,4.22,4.92,0.0,2.14,0.2688,30.0,0.0
7458,40.04,2.69,0.0,0.0,7.35,0.2506,30.0,0.0
7459,38.53,2.05,0.0,0.0,6.48,0.1881,30.0,0.0
7460,36.8,3.39,0.0,0.0,3.4,0.1329,30.0,0.0
7461,34.92,4.46,0.0,0.0,0.46,0.1039,30.0,0.0
7462,32.97,3.11,0.0,0.0,0.0,0.1,29.86,0.0
7463,32.97,3.28,0.0,0.0,0.0,0.1,29.69,0.0
7464,33.0,7.82,0.0,0.0,0.0,0.1,25.18,0.0
7465,33.0,3.7,0.0,0.0,0.0,0.1,29.29,0.0
7466,33.0,4.3,0.0,0.0,0.0,0.1,28.7,0.0
7467,33.0,4.02,0.0,0.0,0.0,0.1,28.97,0.0
7468,33.0,3.67,0.0,0.0,0.0,0.1,29.33,0.0
7469,33.0,4.76,0.0,0.0,0.0,0.1,28.23,0.0
7470,33.0,4.86,0.0,0.0,0.0,0.1,28.14,0.0
7471,34.95,2.78,5.56,0.0,0.0,0.1,26.6,0.0
7472,36.82,1.18,11.82,0.0,0.0,0.1,23.83,0.0
7473,38.55,4.33,16.32,0.0,0.0,0.1,17.9,0.0
7474,40.07,2.24,19.23,0.0,0.0,0.1,18.6,0.0
7475,41.31,4.6,21.7,0.0,0.0,0.1,15.01,0.0
7476,42.24,0.0,24.02,0.0,0.0,0.1,18.22,0.0
7477,42.8,2.5,22.13,1.74,0.0,0.1,19.91,0.0
7478,43.0,5.0,20.63,12.64,0.0,0.1134,30.0,0.0
7479,42.8,2.11,15.42,4.72,0.0,0.2105,30.0,0.0
7480,42.24,2.56,11.39,1.71,0.0,0.2468,30.0,0.0
7481,41.31,3.61,5.59,0.0,2.11,0.2599,30.0,0.0
7482,40.07,2.79,0.0,0.0,7.28,0.2419,30.0,0.0
7483,38.55,3.48,0.0,0.0,5.07,0.18,30.0,0.0
7484,36.82,3.78,0.0,0.0,3.04,0.1368,30.0,0.0
7485,34.95,3.67,0.0,0.0,1.28,0.1109,30.0,0.0
7486,33.0,6.43,0.0,0.0,0.0,0.1,26.57,0.0
7487,33.0,5.51,0.0,0.0,0.0,0.1,27.49,0.0
7488,33.02,5.29,0.0,0.0,0.0,0.1,27.73,0.0
7489,33.02,6.01,0.0,0.0,0.0,0.1,27.02,0.0
7490,33.02,4.4,0.0,0.0,0.0,0.1,28.62,0.0
7491,33.02,3.48,0.0,0.0,0.0,0.1,29.54,0.0
7492,33.02,3.44,0.0,0.08,0.0,0.1,29.67,0.0
7493,33.02,3.93,0.0,0.91,0.0,0.1006,30.0,0.0
7494,33.02,2.13,0.0,0.0,0.9,0.1076,30.0,0.0
7495,34.97,2.54,5.59,0.0,0.0,0.1,26.85,0.0
7496,36.85,2.19,10.96,0.0,0.0,0.1,23.7,0.0
7497,38.58,5.52,16.38,0.0,0.0,0.1,16.68,0.0
7498,40.09,0.0,19.63,0.0,0.0,0.1,20.46,0.0
7499,41.34,2.01,22.4,0.0,0.0,0.1,16.93,0.0
7500,42.26,4.57,22.86,0.0,0.0,0.1,14.83,0.0
7501,42.83,2.42,21.95,7.12,0.0,0.1,25.58,0.0
7502,43.02,3.42,20.05,10.45,0.0,0.1547,30.0,0.0
7503,42.83,2.74,15.76,5.68,0.0,0.235,30.0,0.0
7504,42.26,1.98,11.8,1.52,0.0,0.2786,30.0,0.0
7505,41.34,0.15,5.58,0.0,5.61,0.2903,30.0,0.0
7506,40.09,3.86,0.0,0.0,6.24,0.2426,30.0,0.0
7507,38.58,2.87,0.0,0.0,5.71,0.1895,30.0,0.0
7508,36.85,3.17,0.0,0.0,3.68,0.1408,30.0,0.0
7509,34.97,3.86,0.0,0.0,1.11,0.1095,30.0,0.0
7510,33.02,7.15,0.0,0.0,0.0,0.1,25.87,0.0
7511,33.02,8.19,0.0,0.0,0.0,0.1,24.83,0.0
7512,33.05,5.26,0.0,0.0,0.0,0.1,27.79,0.0
7513,33.05,4.28,0.0,0.0,0.0,0.1,28.77,0.0
7514,33.05,3.17,0.0,0.0,0.0,0.1,29.88,0.0
7515,33.05,5.2,0.0,0.0,0.0,0.1,27.84,0.0
7516,33.05,6.72,0.0,2.44,0.0,0.1,28.77,0.0
7517,33.05,3.61,0.0,0.56,0.0,0.1188,30.0,0.0
7518,33.05,0.34,0.0,0.0,2.71,0.1231,30.0,0.0
7519,35.0,4.16,5.63,0.0,0.0,0.1,25.21,0.0
7520,36.88,4.26,10.74,0.0,0.0,0.1,21.88,0.0
7521,38.6,0.46,15.26,0.0,0.0,0.1,22.89,0.0
7522,40.12,2.65,19.76,0.0,0.0,0.1,17.71,0.0
7523,41.36,2.89,22.15,0.0,0.0,0.1,16.33,0.0
7524,42.29,2.13,24.06,0.0,0.0,0.1,16.1,0.0
7525,42.86,1.19,22.15,3.78,0.0,0.1,23.3,0.0
7526,43.05,3.8,20.09,10.85,0.0,0.1291,30.0,0.0
7527,42.86,2.07,16.86,6.08,0.0,0.2124,30.0,0.0
7528,42.29,0.88,10.39,0.0,1.03,0.2591,30.0,0.0
7529,41.36,0.43,5.4,0.0,5.53,0.2504,30.0,0.0
7530,40.12,5.32,0.0,0.0,4.8,0.2033,30.0,0.0
7531,38.6,4.79,0.0,0.0,3.81,0.1624,30.0,0.0
7532,36.88,4.4,0.0,0.0,2.48,0.1299,30.0,0.0
7533,35.0,3.96,0.0,0.0,1.04,0.1089,30.0,0.0
7534,33.05,4.06,0.0,0.0,0.0,0.1,28.99,0.0
7535,33.05,3.44,0.0,0.0,0.0,0.1,29.6,0.0
7536,33.08,4.39,0.0,1.16,0.0,0.1,29.84,0.0
7537,33.08,2.03,0.0,0.0,1.04,0.1089,30.0,0.0
7538,33.08,3.79,0.0,0.0,0.0,0.1,29.29,0.0
7539,33.08,4.16,0.0,0.0,0.0,0.1,28.92,0.0
7540,33.08,5.13,0.0,0.0,0.0,0.1,27.94,0.0
7541,33.08,3.91,0.0,0.0,0.0,0.1,29.16,0.0
7542,33.08,4.7,0.0,0.0,0.0,0.1,28.37,0.0
7543,35.03,5.11,5.58,0.0,0.0,0.1,24.34,0.0
7544,36.9,4.38,11.76,0.0,0.0,0.1,20.77,0.0
7545,38.63,3.29,5.34,0.0,0.0,0.1,30.0,0.0
7546,40.15,2.44,19.1,0.0,0.0,0.1,18.6,0.0
7547,41.39,0.95,21.45,0.0,0.0,0.1,19.0,0.0
7548,42.32,3.26,23.61,0.0,0.0,0.1,15.45,0.0
7549,42.88,4.59,22.48,0.0,0.0,0.1,15.81,0.0
7550,43.08,2.9,20.49,8.98,0.0,0.1,28.67,0.0
7551,42.88,5.27,16.1,8.49,0.0,0.169,30.0,0.0
7552,42.32,0.84,10.96,0.0,0.52,0.2342,30.0,0.0
7553,41.39,1.68,5.41,0.0,4.3,0.2298,30.0,0.0
7554,40.15,4.78,0.0,0.0,5.36,0.1931,30.0,0.0
7555,38.63,4.33,0.0,0.0,4.3,0.1475,30.0,0.0
7556,36.9,6.1,0.0,0.0,0.81,0.1108,30.0,0.0
7557,35.03,4.56,0.0,0.0,0.47,0.104,30.0,0.0
7558,33.08,3.61,0.0,0.0,0.0,0.1,29.47,0.0
7559,33.08,4.64,0.0,0.22,0.0,0.1,28.66,0.0
7560,33.1,2.9,0.0,0.0,0.2,0.1017,30.0,0.0
7561,33.1,3.41,0.0,0.0,0.0,0.1,29.7,0.0
7562,33.1,6.15,0.0,0.0,0.0,0.1,26.96,0.0
7563,33.1,5.79,0.0,0.0,0.0,0.1,27.31,0.0
7564,33.1,4.81,0.0,1.63,0.0,0.1,29.93,0.0
7565,33.1,1.63,0.0,0.0,1.48,0.1126,30.0,0.0
7566,33.1,3.14,0.0,0.0,0.0,0.1,29.96,0.0
7567,35.06,0.51,4.54,0.0,0.0,0.1,30.0,0.0
7568,36.93,4.56,10.89,0.0,0.0,0.1,21.49,0.0
7569,38.66,1.86,15.81,0.0,0.0,0.1,20.99,0.0
7570,40.18,0.96,19.22,0.0,0.0,0.1,20.0,0.0
7571,41.42,2.35,23.12,0.0,0.0,0.1,15.95,0.0
7572,42.34,1.39,22.65,0.0,0.0,0.1,18.31,0.0
7573,42.91,4.34,23.02,8.43,0.0,0.1,23.99,0.0
7574,43.1,1.44,20.07,8.4,0.0,0.1648,30.0,0.0
7575,42.91,0.75,16.01,3.85,0.0,0.2294,30.0,0.0
7576,42.34,0.0,10.71,0.0,1.63,0.2589,30.0,0.0
7577,41.42,3.23,6.08,0.0,2.1,0.245,30.0,0.0
7578,40.18,2.86,0.0,0.0,7.31,0.2271,30.0,0.0
7579,38.66,2.03,0.0,0.0,6.63,0.1649,30.0,0.0
7580,36.93,5.94,0.0,0.0,0.99,0.1084,30.0,0.0
7581,35.06,5.51,0.0,0.0,0.0,0.1,29.54,0.0
7582,33.1,4.78,0.0,0.0,0.0,0.1,28.33,0.0
7583,33.1,6.82,0.0,0.0,0.0,0.1,26.28,0.0
7584,33.13,5.93,0.0,0.0,0.0,0.1,27.21,0.0
7585,33.13,3.84,0.0,0.0,0.0,0.1,29.29,0.0
7586,33.13,3.41,0.0,0.0,0.0,0.1,29.72,0.0
7587,33.13,5.74,0.0,0.0,0.0,0.1,27.4,0.0
7588,33.13,4.88,0.0,0.0,0.0,0.1,28.26,0.0
7589,33.13,4.24,0.0,0.71,0.0,0.1,29.61,0.0
7590,33.13,2.49,0.0,0.0,0.64,0.1055,30.0,0.0
7591,35.08,4.13,5.37,0.0,0.0,0.1,25.58,0.0
7592,36.96,1.93,10.95,0.0,0.0,0.1,24.08,0.0
7593,38.69,2.54,16.72,0.0,0.0,0.1,19.43,0.0
7594,40.2,0.0,20.17,0.0,0.0,0.1,20.03,0.0
7595,41.45,1.42,21.77,0.0,0.0,0.1,18.25,0.0
7596,42.37,0.13,23.01,0.0,0.0,0.1,19.23,0.0
7597,42.94,0.89,21.58,3.84,0.0,0.1,24.31,0.0
7598,43.13,3.82,20.2,10.89,0.0,0.1295,30.0,0.0
7599,42.94,3.03,16.11,6.2,0.0,0.2131,30.0,0.0
7600,42.37,2.79,10.44,0.86,0.0,0.2608,30.0,0.0
7601,41.45,2.6,4.6,0.0,4.25,0.2674,30.0,0.0
7602,40.2,4.31,0.0,0.0,5.89,0.2312,30.0,0.0
7603,38.69,2.84,0.0,0.0,5.85,0.1811,30.0,0.0
7604,36.96,4.75,0.0,0.0,2.21,0.1313,30.0,0.0
7605,35.08,3.62,0.0,0.0,1.47,0.1125,30.0,0.0
7606,33.13,3.61,0.0,0.0,0.0,0.1,29.53,0.0
7607,33.13,4.1,0.0,0.0,0.0,0.1,29.03,0.0
7608,33.16,4.52,0.0,0.0,0.0,0.1,28.64,0.0
7609,33.16,4.92,0.0,1.49,0.0,0.1,29.73,0.0
7610,33.16,5.17,0.0,2.01,0.0,0.1114,30.0,0.0
7611,33.16,0.0,0.0,0.0,3.16,0.1269,30.0,0.0
7612,33.16,3.25,0.0,0.0,0.0,0.1,29.92,0.0
7613,33.16,3.48,0.0,0.0,0.0,0.1,29.68,0.0
7614,33.16,5.73,0.0,0.0,0.0,0.1,27.43,0.0
7615,35.11,0.0,5.27,0.0,0.0,0.1,29.85,0.0
7616,36.99,3.2,11.51,0.0,0.0,0.1,22.27,0.0
7617,38.72,4.75,16.3,0.0,0.0,0.1,17.67,0.0
7618,40.23,0.68,20.29,0.0,0.0,0.1,19.26,0.0
7619,41.48,2.88,22.17,0.0,0.0,0.1,16.42,0.0
7620,42.4,1.2,23.17,0.0,0.0,0.1,18.03,0.0
7621,42.97,1.65,22.38,0.0,0.0,0.1,18.94,0.0
7622,43.16,1.38,18.98,5.78,0.0,0.1,28.58,0.0
7623,42.97,1.7,16.3,5.03,0.0,0.1444,30.0,0.0
7624,42.4,6.71,11.55,5.85,0.0,0.1831,30.0,0.0
7625,41.48,4.47,5.88,0.0,1.12,0.2281,30.0,0.0
7626,40.23,5.17,0.0,0.0,5.06,0.2185,30.0,0.0
7627,38.72,4.69,0.0,0.0,4.02,0.1754,30.0,0.0
7628,36.99,2.15,0.0,0.0,4.84,0.1412,30.0,0.0
7629,35.11,5.18,0.0,0.0,0.0,0.1,29.94,0.0
7630,33.16,6.32,0.0,0.0,0.0,0.1,26.84,0.0
7631,33.16,3.82,0.0,0.0,0.0,0.1,29.34,0.0
7632,33.19,6.37,0.0,0.0,0.0,0.1,26.82,0.0
7633,33.19,5.97,0.0,0.0,0.0,0.1,27.22,0.0
7634,33.19,7.41,0.0,0.0,0.0,0.1,25.79,0.0
7635,33.19,4.08,0.0,0.36,0.0,0.1,29.47,0.0
7636,33.19,2.87,0.0,0.0,0.33,0.1028,30.0,0.0
7637,33.19,3.54,0.0,0.0,0.0,0.1,29.65,0.0
7638,33.19,5.65,0.0,0.0,0.0,0.1,27.54,0.0
7639,35.14,0.83,4.65,0.0,0.0,0.1,29.67,0.0
7640,37.02,0.17,10.07,0.0,0.0,0.1,26.78,0.0
7641,38.75,2.84,15.27,0.0,0.0,0.1,20.64,0.0
7642,40.26,1.89,20.17,0.0,0.0,0.1,18.2,0.0
7643,41.51,2.37,22.56,0.0,0.0,0.1,16.58,0.0
7644,42.43,3.61,23.15,0.0,0.0,0.1,15.67,0.0
7645,43.0,1.6,21.36,3.84,0.0,0.1,23.88,0.0
7646,43.19,0.0,19.33,6.14,0.0,0.1295,30.0,0.0
7647,43.0,5.51,16.02,8.53,0.0,0.1767,30.0,0.0
7648,42.43,1.63,11.28,0.49,0.0,0.2423,30.0,0.0
7649,41.51,1.88,5.51,0.0,4.12,0.2461,30.0,0.0
7650,40.26,5.19,0.0,0.0,5.07,0.211,30.0,0.0
7651,38.75,3.51,0.0,0.0,5.24,0.1679,30.0,0.0
7652,37.02,4.28,0.0,0.0,2.74,0.1233,30.0,0.0
7653,35.14,5.31,0.0,0.0,0.0,0.1,29.83,0.0
7654,33.19,6.35,0.0,0.0,0.0,0.1,26.84,0.0
7655,33.19,4.55,0.0,0.0,0.0,0.1,28.64,0.0
7656,33.22,7.15,0.0,1.24,0.0,0.1,27.31,0.0
7657,33.22,2.1,0.0,0.0,1.12,0.1096,30.0,0.0
7658,33.22,5.93,0.0,0.0,0.0,0.1,27.29,0.0
7659,33.22,3.52,0.0,0.0,0.0,0.1,29.7,0.0
7660,33.22,6.26,0.0,0.0,0.0,0.1,26.96,0.0
7661,33.22,4.25,0.0,0.49,0.0,0.1,29.46,0.0
7662,33.22,2.78,0.0,0.0,0.44,0.1038,30.0,0.0
7663,35.17,4.25,4.47,0.0,0.0,0.1,26.45,0.0
7664,37.05,4.24,10.61,0.0,0.0,0.1,22.2,0.0
7665,38.78,3.61,16.68,0.0,0.0,0.1,18.49,0.0
7666,40.29,1.1,20.23,0.0,0.0,0.1,18.96,0.0
7667,41.54,1.72,21.5,0.0,0.0,0.1,18.32,0.0
7668,42.46,2.33,22.04,2.96,0.0,0.1,21.05,0.0
7669,43.03,2.32,21.98,11.27,0.0,0.1227,30.0,0.0
7670,43.22,3.54,18.72,9.04,0.0,0.2093,30.0,0.0
7671,43.03,0.0,15.97,2.94,0.0,0.2788,30.0,0.0
7672,42.46,3.47,10.1,1.11,0.0,0.3014,30.0,0.0
7673,41.54,2.95,5.54,0.0,3.05,0.3099,30.0,0.0
7674,40.29,2.55,0.0,0.0,7.74,0.284,30.0,0.0
7675,38.78,3.04,0.0,0.0,5.74,0.2181,30.0,0.0
7676,37.05,4.09,0.0,0.0,2.96,0.1692,30.0,0.0
7677,35.17,0.0,0.0,0.0,5.17,0.144,30.0,0.0
7678,33.22,3.93,0.0,0.0,0.0,0.1,29.29,0.0
7679,33.22,3.82,0.0,0.0,0.0,0.1,29.4,0.0
7680,33.25,5.82,0.0,0.0,0.0,0.1,27.44,0.0
7681,33.25,3.94,0.0,0.0,0.0,0.1,29.31,0.0
7682,33.25,4.61,0.0,0.0,0.0,0.1,28.64,0.0
7683,33.25,6.8,0.0,0.0,0.0,0.1,26.45,0.0
7684,33.25,5.76,0.0,0.0,0.0,0.1,27.49,0.0
7685,33.25,5.31,0.0,0.24,0.0,0.1,28.19,0.0
7686,33.25,3.03,0.0,0.0,0.22,0.1019,30.0,0.0
7687,35.2,4.11,4.44,0.0,0.0,0.1,26.66,0.0
7688,37.08,2.71,9.97,0.0,0.0,0.1,24.4,0.0
7689,38.81,2.48,15.27,0.0,0.0,0.1,21.05,0.0
7690,40.32,0.0,18.63,0.0,0.0,0.1,21.7,0.0
7691,41.57,1.58,21.65,0.0,0.0,0.1,18.34,0.0
7692,42.49,4.39,23.27,0.0,0.0,0.1,14.83,0.0
7693,43.06,2.18,21.19,0.86,0.0,0.1,20.55,0.0
7694,43.25,3.38,18.86,8.99,0.0,0.1066,30.0,0.0
7695,43.06,4.74,15.85,7.53,0.0,0.1757,30.0,0.0
7696,42.49,4.45,10.71,2.66,0.0,0.2336,30.0,0.0
7697,41.57,1.43,5.1,0.0,5.03,0.2541,30.0,0.0
7698,40.32,4.33,0.0,0.0,6.0,0.2112,30.0,0.0
7699,38.81,5.24,0.0,0.0,3.57,0.1602,30.0,0.0
7700,37.08,5.62,0.0,0.0,1.46,0.1298,30.0,0.0
7701,35.2,3.16,0.0,0.0,2.04,0.1174,30.0,0.0
7702,33.25,4.0,0.0,0.0,0.0,0.1,29.25,0.0
7703,33.25,6.4,0.0,0.0,0.0,0.1,26.85,0.0
7704,33.28,4.06,0.0,0.0,0.0,0.1,29.22,0.0
7705,33.28,4.65,0.0,0.0,0.0,0.1,28.64,0.0
7706,33.28,7.08,0.0,0.0,0.0,0.1,26.21,0.0
7707,33.28,4.64,0.0,0.3,0.0,0.1,28.94,0.0
7708,33.28,3.42,0.0,0.14,0.0,0.1023,30.0,0.0
7709,33.28,2.89,0.0,0.0,0.4,0.1034,30.0,0.0
7710,33.28,4.19,0.0,0.0,0.0,0.1,29.09,0.0
7711,35.23,1.55,5.32,0.0,0.0,0.1,28.36,0.0
7712,37.11,2.71,10.0,0.0,0.0,0.1,24.4,0.0
7713,38.84,3.22,14.84,0.0,0.0,0.1,20.77,0.0
7714,40.35,4.33,19.94,0.0,0.0,0.1,16.09,0.0
7715,41.6,3.32,21.39,0.0,0.0,0.1,16.88,0.0
7716,42.52,1.39,23.34,0.0,0.0,0.1,17.79,0.0
7717,43.09,4.02,21.06,2.86,0.0,0.1,20.87,0.0
7718,43.28,2.14,20.15,9.01,0.0,0.122,30.0,0.0
7719,43.09,1.07,16.41,4.4,0.0,0.1912,30.0,0.0
7720,42.52,2.81,10.22,0.51,0.0,0.225,30.0,0.0
7721,41.6,5.35,5.74,0.0,0.51,0.2289,30.0,0.0
7722,40.35,3.96,0.0,0.0,6.39,0.2246,30.0,0.0
7723,38.84,4.1,0.0,0.0,4.73,0.1701,30.0,0.0
7724,37.11,6.66,0.0,0.0,0.45,0.1298,30.0,0.0
7725,35.23,2.74,0.0,0.0,2.49,0.126,30.0,0.0
7726,33.28,3.16,0.0,0.0,0.12,0.1048,30.0,0.0
7727,33.28,2.84,0.0,0.0,0.44,0.1037,30.0,0.0
7728,33.31,5.63,0.0,0.0,0.0,0.1,27.68,0.0
7729,33.31,5.3,0.0,0.0,0.0,0.1,28.01,0.0
7730,33.31,7.05,0.0,0.0,0.0,0.1,26.27,0.0
7731,33.31,5.05,0.0,0.0,0.0,0.1,28.26,0.0
7732,33.31,3.88,0.0,0.0,0.0,0.1,29.43,0.0
7733,33.31,4.11,0.0,0.0,0.0,0.1,29.21,0.0
7734,33.31,3.91,0.0,0.0,0.0,0.1,29.4,0.0
7735,35.26,1.11,4.77,0.0,0.0,0.1,29.39,0.0
7736,37.14,6.78,10.0,0.0,0.0,0.1,20.37,0.0
7737,38.87,3.49,15.98,0.0,0.0,0.1,19.4,0.0
7738,40.38,0.0,19.58,0.0,0.0,0.1,20.8,0.0
7739,41.63,3.27,21.37,0.0,0.0,0.1,16.99,0.0
7740,42.55,3.35,22.8,0.0,0.0,0.1,16.4,0.0
7741,43.12,2.23,21.41,0.0,0.0,0.1,19.48,0.0
7742,43.31,1.7,19.3,6.79,0.0,0.1,29.11,0.0
7743,43.12,3.6,16.34,6.82,0.0,0.1522,30.0,0.0
7744,42.55,3.59,10.97,2.01,0.0,0.2046,30.0,0.0
7745,41.63,2.29,6.01,0.0,3.33,0.22,30.0,0.0
7746,40.38,5.69,0.0,0.0,4.69,0.1916,30.0,0.0
7747,38.87,4.51,0.0,0.0,4.36,0.1517,30.0,0.0
7748,37.14,5.43,0.0,0.0,1.71,0.1145,30.0,0.0
7749,35.26,6.62,0.0,0.0,0.0,0.1,28.64,0.0
7750,33.31,4.97,0.0,0.0,0.0,0.1,28.35,0.0
7751,33.31,5.51,0.0,0.0,0.0,0.1,27.81,0.0
7752,33.35,6.24,0.0,0.0,0.0,0.1,27.1,0.0
7753,33.35,4.1,0.0,0.0,0.0,0.1,29.25,0.0
7754,33.35,5.03,0.0,0.0,0.0,0.1,28.32,0.0
7755,33.35,4.91,0.0,0.23,0.0,0.1,28.67,0.0
7756,33.35,3.14,0.0,0.0,0.21,0.1017,30.0,0.0
7757,33.35,7.29,0.0,1.67,0.0,0.1,27.72,0.0
7758,33.35,1.84,0.0,0.0,1.51,0.1128,30.0,0.0
7759,35.3,1.63,5.86,0.0,0.0,0.1,27.8,0.0
7760,37.17,0.0,11.04,0.0,0.0,0.1,26.13,0.0
7761,38.9,3.77,15.84,0.0,0.0,0.1,19.29,0.0
7762,40.42,1.17,18.78,0.0,0.0,0.1,20.47,0.0
7763,41.66,3.27,22.11,0.0,0.0,0.1,16.28,0.0
7764,42.58,4.41,22.44,0.0,0.0,0.1,15.74,0.0
7765,43.15,2.4,21.11,0.0,0.0,0.1,19.65,0.0
7766,43.35,6.14,18.52,10.31,0.0,0.1,29.0,0.0
7767,43.15,0.44,15.87,3.16,0.0,0.1792,30.0,0.0
7768,42.58,4.03,10.94,2.38,0.0,0.2035,30.0,0.0
7769,41.66,5.01,5.96,0.0,0.69,0.2218,30.0,0.0
7770,40.42,4.99,0.0,0.0,5.43,0.2159,30.0,0.0
7771,38.9,3.84,0.0,0.0,5.06,0.1697,30.0,0.0
7772,37.17,4.05,0.0,0.0,3.12,0.1266,30.0,0.0
7773,35.3,5.34,0.0,0.0,0.0,0.1,29.96,0.0
7774,33.35,6.07,0.0,0.0,0.0,0.1,27.28,0.0
7775,33.35,5.91,0.0,0.0,0.0,0.1,27.43,0.0
7776,33.38,6.57,0.0,0.0,0.0,0.1,26.8,0.0
7777,33.38,3.71,0.0,0.0,0.0,0.1,29.67,0.0
7778,33.38,4.65,0.0,0.0,0.0,0.1,28.72,0.0
7779,33.38,3.46,0.0,0.0,0.0,0.1,29.92,0.0
7780,33.38,3.94,0.0,0.0,0.0,0.1,29.44,0.0
7781,33.38,5.53,0.0,0.0,0.0,0.1,27.85,0.0
7782,33.38,3.93,0.0,0.0,0.0,0.1,29.45,0.0
7783,35.33,7.0,0.0,0.0,0.0,0.1,28.33,0.0
7784,37.21,3.36,10.09,0.0,0.0,0.1,23.75,0.0
7785,38.93,2.89,15.25,0.0,0.0,0.1,20.79,0.0
7786,40.45,2.74,19.93,0.0,0.0,0.1,17.78,0.0
7787,41.69,1.58,22.29,0.0,0.0,0.1,17.82,0.0
7788,42.62,2.33,23.26,0.0,0.0,0.1,17.02,0.0
7789,43.19,4.0,21.87,7.62,0.0,0.1,24.94,0.0
7790,43.38,2.75,19.26,8.64,0.0,0.1585,30.0,0.0
7791,43.19,1.73,15.4,3.94,0.0,0.2249,30.0,0.0
7792,42.62,1.83,10.93,0.14,0.0,0.2552,30.0,0.0
7793,41.69,2.81,5.86,0.0,3.03,0.2563,30.0,0.0
7794,40.45,3.88,0.0,0.0,6.57,0.2305,30.0,0.0
7795,38.93,5.77,0.0,0.0,3.16,0.1746,30.0,0.0
7796,37.21,2.63,0.0,0.0,4.58,0.1476,30.0,0.0
7797,35.33,4.31,0.0,0.0,1.02,0.1087,30.0,0.0
7798,33.38,5.16,0.0,0.87,0.0,0.1,29.09,0.0
7799,33.38,2.59,0.0,0.0,0.79,0.1067,30.0,0.0
7800,33.41,4.02,0.0,0.0,0.0,0.1,29.39,0.0
7801,33.41,4.19,0.0,0.0,0.0,0.1,29.22,0.0
7802,33.41,3.89,0.0,0.0,0.0,0.1,29.52,0.0
7803,33.41,5.03,0.0,0.0,0.0,0.1,28.38,0.0
7804,33.41,4.26,0.0,0.02,0.0,0.1,29.17,0.0
7805,33.41,3.39,0.0,0.0,0.02,0.1002,30.0,0.0
7806,33.41,4.38,0.0,0.0,0.0,0.1,29.03,0.0
7807,35.36,5.8,4.28,0.0,0.0,0.1,25.28,0.0
7808,37.24,0.0,11.45,0.0,0.0,0.1,25.79,0.0
7809,38.97,0.19,14.7,0.0,0.0,0.1,24.08,0.0
7810,40.48,3.4,17.08,0.0,0.0,0.1,20.0,0.0
7811,41.73,2.23,21.57,0.0,0.0,0.1,17.92,0.0
7812,42.65,2.64,21.65,0.0,0.0,0.1,18.36,0.0
7813,43.22,0.0,21.88,5.92,0.0,0.1,27.26,0.0
7814,43.41,2.77,19.57,8.93,0.0,0.1455,30.0,0.0
7815,43.22,3.03,15.36,5.17,0.0,0.2141,30.0,0.0
7816,42.65,2.32,11.44,1.11,0.0,0.2539,30.0,0.0
7817,41.73,2.21,4.18,0.0,5.33,0.2624,30.0,0.0
7818,40.48,3.18,0.0,0.0,7.3,0.2169,30.0,0.0
7819,38.97,4.47,0.0,0.0,4.5,0.1548,30.0,0.0
7820,37.24,5.3,0.0,0.0,1.94,0.1165,30.0,0.0
7821,35.36,5.93,0.0,0.0,0.0,0.1,29.43,0.0
7822,33.41,4.3,0.0,0.0,0.0,0.1,29.11,0.0
7823,33.41,5.51,0.0,0.0,0.0,0.1,27.9,0.0
7824,33.44,6.5,0.0,0.0,0.0,0.1,26.95,0.0
7825,33.44,6.73,0.0,0.0,0.0,0.1,26.72,0.0
7826,33.44,4.92,0.0,0.0,0.0,0.1,28.53,0.0
7827,33.44,4.48,0.0,0.0,0.0,0.1,28.97,0.0
7828,33.44,4.76,0.0,0.95,0.0,0.1,29.63,0.0
7829,33.44,2.59,0.0,0.0,0.85,0.1073,30.0,0.0
7830,33.44,3.55,0.0,0.0,0.0,0.1,29.9,0.0
7831,35.4,4.48,4.65,0.0,0.0,0.1,26.27,0.0
7832,37.27,4.0,10.98,0.0,0.0,0.1,22.29,0.0
7833,39.0,0.0,16.43,0.0,0.0,0.1,22.57,0.0
7834,40.52,2.92,20.09,0.0,0.0,0.1,17.51,0.0
7835,41.76,0.0,22.12,0.0,0.0,0.1,19.64,0.0
7836,42.68,3.4,22.1,0.0,0.0,0.1,17.17,0.0
7837,43.25,2.38,21.97,4.11,0.0,0.1,23.02,0.0
7838,43.44,2.25,19.59,8.4,0.0,0.1316,30.0,0.0
7839,43.25,2.35,14.63,3.72,0.0,0.1961,30.0,0.0
7840,42.68,3.04,9.94,0.29,0.0,0.2248,30.0,0.0
7841,41.76,2.84,5.78,0.0,3.14,0.227,30.0,0.0
7842,40.52,4.71,0.0,0.0,5.8,0.2003,30.0,0.0
7843,39.0,3.62,0.0,0.0,5.38,0.1509,30.0,0.0
7844,37.27,6.68,0.0,0.0,0.6,0.1051,30.0,0.0
7845,35.4,6.79,0.0,0.0,0.0,0.1,28.61,0.0
7846,33.44,3.78,0.0,0.0,0.0,0.1,29.67,0.0
7847,33.44,5.23,0.0,0.0,0.0,0.1,28.22,0.0
7848,33.48,4.3,0.0,0.0,0.0,0.1,29.18,0.0
7849,33.48,4.7,0.0,0.0,0.0,0.1,28.78,0.0
7850,33.48,7.75,0.0,0.0,0.0,0.1,25.73,0.0
7851,33.48,4.37,0.0,0.0,0.0,0.1,29.11,0.0
7852,33.48,5.0,0.0,0.0,0.0,0.1,28.48,0.0
7853,33.48,4.92,0.0,1.13,0.0,0.1,29.69,0.0
7854,33.48,2.46,0.0,0.0,1.02,0.1087,30.0,0.0
7855,35.43,2.3,5.19,0.0,0.0,0.1,27.94,0.0
7856,37.31,1.49,10.89,0.0,0.0,0.1,24.93,0.0
7857,39.03,1.64,15.23,0.0,0.0,0.1,22.17,0.0
7858,40.55,0.0,19.84,0.0,0.0,0.1,20.71,0.0
7859,41.79,3.25,22.17,0.0,0.0,0.1,16.38,0.0
7860,42.72,5.27,22.55,0.31,0.0,0.1,15.21,0.0
7861,43.29,2.7,22.21,11.63,0.0,0.1024,30.0,0.0
7862,43.48,0.7,18.44,5.66,0.0,0.1917,30.0,0.0
7863,43.29,1.98,14.54,3.23,0.0,0.2352,30.0,0.0
7864,42.72,2.51,9.79,0.0,0.42,0.26,30.0,0.0
7865,41.79,2.08,5.01,0.0,4.7,0.2565,30.0,0.0
7866,40.55,5.0,0.0,0.0,5.55,0.2164,30.0,0.0
7867,39.03,5.29,0.0,0.0,3.75,0.1692,30.0,0.0
7868,37.31,2.93,0.0,0.0,4.38,0.1373,30.0,0.0
7869,35.43,5.79,0.0,0.0,0.0,0.1,29.64,0.0
7870,33.48,7.1,0.0,0.0,0.0,0.1,26.38,0.0
7871,33.48,7.75,0.0,0.0,0.0,0.1,25.73,0.0
7872,33.51,9.13,0.0,0.0,0.0,0.1,24.38,0.0
7873,33.51,3.93,0.0,0.0,0.0,0.1,29.59,0.0
7874,33.51,8.89,0.0,0.0,0.0,0.1,24.62,0.0
7875,33.51,4.32,0.0,0.0,0.0,0.1,29.19,0.0
7876,33.51,3.71,0.0,0.0,0.0,0.1,29.8,0.0
7877,33.51,4.64,0.0,0.52,0.0,0.1,29.39,0.0
7878,33.51,3.04,0.0,0.0,0.47,0.104,30.0,0.0
7879,35.46,4.03,4.39,0.0,0.0,0.1,27.04,0.0
7880,37.34,1.35,10.86,0.0,0.0,0.1,25.13,0.0
7881,39.07,2.54,14.64,0.0,0.0,0.1,21.89,0.0
7882,40.58,4.41,19.75,0.0,0.0,0.1,16.42,0.0
7883,41.83,2.44,22.27,0.0,0.0,0.1,17.12,0.0
7884,42.75,2.66,22.36,0.13,0.0,0.1,17.85,0.0
7885,43.32,3.17,21.34,11.19,0.0,0.101,30.0,0.0
7886,43.51,4.26,18.3,9.05,0.0,0.187,30.0,0.0
7887,43.32,0.6,14.68,1.96,0.0,0.2565,30.0,0.0
7888,42.75,3.96,10.75,1.95,0.0,0.2716,30.0,0.0
7889,41.83,3.12,4.37,0.0,4.34,0.2866,30.0,0.0
7890,40.58,4.07,0.0,0.0,6.52,0.2496,30.0,0.0
7891,39.07,5.65,0.0,0.0,3.42,0.1941,30.0,0.0
7892,37.34,2.89,0.0,0.0,4.45,0.165,30.0,0.0
7893,35.46,3.42,0.0,0.0,2.04,0.1271,30.0,0.0
7894,33.51,2.38,0.0,0.0,1.14,0.1097,30.0,0.0
7895,33.51,4.41,0.0,0.0,0.0,0.1,29.1,0.0
7896,33.55,7.04,0.0,0.45,0.0,0.1,26.95,0.0
7897,33.55,5.01,0.0,1.46,0.0,0.1034,30.0,0.0
7898,33.55,3.2,0.0,0.0,0.34,0.1147,30.0,0.0
7899,33.55,4.16,0.0,0.61,0.0,0.1117,30.0,0.0
7900,33.55,2.5,0.0,0.0,1.05,0.1164,30.0,0.0
7901,33.55,2.67,0.0,0.0,0.88,0.1075,30.0,0.0
7902,33.55,4.39,0.0,0.0,0.0,0.1,29.16,0.0
7903,35.5,1.89,5.92,0.0,0.0,0.1,27.69,0.0
7904,37.37,4.69,10.34,0.0,0.0,0.1,22.34,0.0
7905,39.1,2.79,15.67,0.0,0.0,0.1,20.64,0.0
7906,40.62,2.78,18.71,0.0,0.0,0.1,19.12,0.0
7907,41.86,2.15,21.73,0.0,0.0,0.1,17.98,0.0
7908,42.79,3.54,21.38,0.0,0.0,0.1,17.87,0.0
7909,43.36,3.6,21.72,6.99,0.0,0.1,25.02,0.0
7910,43.55,3.13,18.39,7.97,0.0,0.1537,30.0,0.0
7911,43.36,3.66,15.98,6.29,0.0,0.2149,30.0,0.0
7912,42.79,2.88,9.7,0.0,0.21,0.2633,30.0,0.0
7913,41.86,4.24,5.29,0.0,2.33,0.2615,30.0,0.0
7914,40.62,3.39,0.0,0.0,7.23,0.2417,30.0,0.0
7915,39.1,4.21,0.0,0.0,4.89,0.1801,30.0,0.0
7916,37.37,4.16,0.0,0.0,3.21,0.1385,30.0,0.0
7917,35.5,4.2,0.0,0.0,1.3,0.1111,30.0,0.0
7918,33.55,4.1,0.0,0.0,0.0,0.1,29.45,0.0
7919,33.55,5.82,0.0,0.0,0.0,0.1,27.73,0.0
7920,33.58,7.03,0.0,0.0,0.0,0.1,26.55,0.0
7921,33.58,6.79,0.0,0.28,0.0,0.1,27.07,0.0
7922,33.58,3.33,0.0,0.0,0.25,0.1021,30.0,0.0
7923,33.58,6.6,0.0,0.0,0.0,0.1,26.98,0.0
7924,33.58,4.12,0.0,0.0,0.0,0.1,29.47,0.0
7925,33.58,5.04,0.0,1.06,0.0,0.1,29.6,0.0
7926,33.58,2.63,0.0,0.0,0.96,0.1082,30.0,0.0
7927,35.53,3.71,5.62,0.0,0.0,0.1,26.21,0.0
7928,37.41,3.61,10.62,0.0,0.0,0.1,23.18,0.0
7929,39.14,0.87,14.81,0.0,0.0,0.1,23.46,0.0
7930,40.65,3.51,19.5,0.0,0.0,0.1,17.64,0.0
7931,41.9,4.39,20.71,0.0,0.0,0.1,16.8,0.0
7932,42.82,2.26,21.74,0.0,0.0,0.1,18.83,0.0
7933,43.39,4.41,20.76,6.7,0.0,0.1,24.93,0.0
7934,43.58,2.42,19.73,8.57,0.0,0.1515,30.0,0.0
7935,43.39,4.06,15.24,5.91,0.0,0.2174,30.0,0.0
7936,42.82,0.14,10.13,0.0,2.55,0.2628,30.0,0.0
7937,41.9,6.82,4.93,0.0,0.15,0.241,30.0,0.0
7938,40.65,5.91,0.0,0.0,4.74,0.2398,30.0,0.0
7939,39.14,3.83,0.0,0.0,5.31,0.1994,30.0,0.0
7940,37.41,1.85,0.0,0.0,5.56,0.1543,30.0,0.0
7941,35.53,5.23,0.0,0.0,0.3,0.1069,30.0,0.0
7942,33.58,3.08,0.0,0.0,0.51,0.1043,30.0,0.0
7943,33.58,5.8,0.0,0.0,0.0,0.1,27.78,0.0
7944,33.62,5.81,0.0,0.0,0.0,0.1,27.81,0.0
7945,33.62,3.91,0.0,0.0,0.0,0.1,29.71,0.0
7946,33.62,6.6,0.0,0.0,0.0,0.1,27.02,0.0
7947,33.62,5.95,0.0,0.0,0.0,0.1,27.67,0.0
7948,33.62,5.9,0.0,1.23,0.0,0.1,28.95,0.0
7949,33.62,4.25,0.0,0.63,0.0,0.1095,30.0,0.0
7950,33.62,1.94,0.0,0.0,1.68,0.1143,30.0,0.0
7951,35.57,4.86,4.98,0.0,0.0,0.1,25.73,0.0
7952,37.45,2.83,10.11,0.0,0.0,0.1,24.51,0.0
7953,39.17,1.01,14.49,0.0,0.0,0.1,23.68,0.0
7954,40.69,4.55,19.78,0.0,0.0,0.1,16.36,0.0
7955,41.93,5.43,22.17,0.0,0.0,0.1,14.33,0.0
7956,42.86,2.45,21.47,0.0,0.0,0.1,18.93,0.0
7957,43.43,5.51,21.27,6.07,0.0,0.1,22.71,0.0
7958,43.62,2.82,18.56,7.76,0.0,0.1466,30.0,0.0
7959,43.43,2.39,15.5,4.46,0.0,0.2063,30.0,0.0
7960,42.86,2.33,11.23,0.71,0.0,0.2406,30.0,0.0
7961,41.93,5.77,5.83,0.0,0.33,0.246,30.0,0.0
7962,40.69,2.81,0.0,0.0,7.88,0.2431,30.0,0.0
7963,39.17,5.24,0.0,0.0,3.93,0.1761,30.0,0.0
7964,37.45,3.8,0.0,0.0,3.65,0.1426,30.0,0.0
7965,35.57,4.22,0.0,0.0,1.35,0.1115,30.0,0.0
7966,33.62,6.48,0.0,0.0,0.0,0.1,27.14,0.0
7967,33.62,4.68,0.0,0.0,0.0,0.1,28.94,0.0
7968,33.65,4.71,0.0,0.0,0.0,0.1,28.95,0.0
7969,33.65,6.77,0.0,0.0,0.0,0.1,26.89,0.0
7970,33.65,7.27,0.0,0.0,0.0,0.1,26.39,0.0
7971,33.65,5.74,0.0,0.09,0.0,0.1,28.0,0.0
7972,33.65,3.68,0.0,0.03,0.0,0.1007,30.0,0.0
7973,33.65,3.55,0.0,0.0,0.11,0.1009,30.0,0.0
7974,33.65,4.0,0.0,0.0,0.0,0.1,29.65,0.0
7975,35.61,3.98,5.25,0.0,0.0,0.1,26.38,0.0
7976,37.48,1.86,10.69,0.0,0.0,0.1,24.93,0.0
7977,39.21,3.91,14.63,0.0,0.0,0.1,20.67,0.0
7978,40.73,2.82,19.79,0.0,0.0,0.1,18.11,0.0
7979,41.97,0.22,20.92,0.0,0.0,0.1,20.83,0.0
7980,42.89,1.25,21.24,0.0,0.0,0.1,20.4,0.0
7981,43.46,1.88,20.91,4.37,0.0,0.1,25.05,0.0
7982,43.65,2.61,19.12,8.08,0.0,0.1336,30.0,0.0
7983,43.46,5.51,15.33,7.38,0.0,0.1957,30.0,0.0
7984,42.89,3.53,9.72,0.36,0.0,0.2524,30.0,0.0
7985,41.97,2.39,5.79,0.0,3.79,0.2552,30.0,0.0
7986,40.73,4.19,0.0,0.0,6.53,0.2229,30.0,0.0
7987,39.21,3.77,0.0,0.0,5.45,0.1673,30.0,0.0
7988,37.48,5.02,0.0,0.0,2.46,0.1209,30.0,0.0
7989,35.61,5.66,0.0,0.0,0.0,0.1,29.95,0.0
7990,33.65,6.73,0.0,0.0,0.0,0.1,26.92,0.0
7991,33.65,5.18,0.0,0.0,0.0,0.1,28.47,0.0
7992,33.69,7.52,0.0,0.0,0.0,0.1,26.17,0.0
7993,33.69,6.47,0.0,0.0,0.0,0.1,27.22,0.0
7994,33.69,4.12,0.0,0.0,0.0,0.1,29.57,0.0
7995,33.69,7.9,0.0,0.0,0.0,0.1,25.79,0.0
7996,33.69,5.04,0.0,0.64,0.0,0.1,29.29,0.0
7997,33.69,3.12,0.0,0.0,0.58,0.1049,30.0,0.0
7998,33.69,6.17,0.0,0.0,0.0,0.1,27.52,0.0
7999,35.64,6.4,5.11,0.0,0.0,0.1,24.14,0.0
8000,37.52,3.18,10.87,0.0,0.0,0.1,23.47,0.0
8001,39.25,2.25,15.39,0.0,0.0,0.1,21.61,0.0
8002,40.76,2.48,19.04,0.0,0.0,0.1,19.23,0.0
8003,42.01,3.56,21.04,0.0,0.0,0.1,17.4,0.0
8004,42.93,4.29,22.57,0.0,0.0,0.1,16.08,0.0
8005,43.5,3.36,21.98,3.7,0.0,0.1,21.85,0.0
8006,43.69,2.86,19.8,8.97,0.0,0.1284,30.0,0.0
8007,43.5,4.99,15.66,7.14,0.0,0.1973,30.0,0.0
8008,42.93,2.79,10.84,0.7,0.0,0.2522,30.0,0.0
8009,42.01,4.96,4.11,0.0,2.93,0.2576,30.0,0.0
8010,40.76,3.51,0.0,0.0,7.25,0.2326,30.0,0.0
8011,39.25,4.85,0.0,0.0,4.4,0.1709,30.0,0.0
8012,37.52,4.43,0.0,0.0,3.08,0.1335,30.0,0.0
8013,35.64,4.8,0.0,0.0,0.85,0.1072,30.0,0.0
8014,33.69,4.57,0.0,0.0,0.0,0.1,29.12,0.0
8015,33.69,7.07,0.0,0.0,0.0,0.1,26.62,0.0
8016,33.73,4.28,0.0,0.0,0.0,0.1,29.45,0.0
8017,33.73,4.23,0.0,0.0,0.0,0.1,29.5,0.0
8018,33.73,8.01,0.0,2.95,0.0,0.1,28.67,0.0
8019,33.73,6.22,0.0,2.5,0.0,0.1227,30.0,0.0
8020,33.73,1.34,0.0,0.0,2.39,0.1418,30.0,0.0
8021,33.73,3.5,0.0,0.0,0.23,0.1215,30.0,0.0
8022,33.73,1.44,0.0,0.0,2.29,0.1195,30.0,0.0
8023,35.68,2.26,5.26,0.0,0.0,0.1,28.15,0.0
8024,37.56,0.0,7.56,0.0,0.0,0.1,30.0,0.0
8025,39.28,2.76,15.69,0.0,0.0,0.1,20.83,0.0
8026,40.8,1.17,18.85,0.0,0.0,0.1,20.78,0.0
8027,42.04,2.68,20.98,0.0,0.0,0.1,18.39,0.0
8028,42.97,0.0,21.27,0.0,0.0,0.1,21.7,0.0
8029,43.54,2.71,21.58,6.85,0.0,0.1,26.1,0.0
8030,43.73,2.16,18.3,6.74,0.0,0.1526,30.0,0.0
8031,43.54,5.01,14.31,5.78,0.0,0.2044,30.0,0.0
8032,42.97,5.17,9.68,1.87,0.0,0.2488,30.0,0.0
8033,42.04,4.64,5.66,0.0,1.74,0.2631,30.0,0.0
8034,40.8,3.47,0.0,0.0,7.33,0.2483,30.0,0.0
8035,39.28,6.99,0.0,0.0,2.29,0.1859,30.0,0.0
8036,37.56,2.48,0.0,0.0,5.08,0.1664,30.0,0.0
8037,35.68,2.96,0.0,0.0,2.72,0.1231,30.0,0.0
8038,33.73,4.99,0.0,0.0,0.0,0.1,28.74,0.0
8039,33.73,8.33,0.0,0.0,0.0,0.1,25.4,0.0
8040,33.77,5.02,0.0,0.0,0.0,0.1,28.74,0.0
8041,33.77,4.46,0.0,0.69,0.0,0.1,30.0,0.0
8042,33.77,3.14,0.0,0.0,0.62,0.1053,30.0,0.0
8043,33.77,6.19,0.0,0.0,0.0,0.1,27.57,0.0
8044,33.77,5.92,0.0,0.0,0.0,0.1,27.85,0.0
8045,33.77,5.36,0.0,0.77,0.0,0.1,29.17,0.0
8046,33.77,3.07,0.0,0.0,0.7,0.1059,30.0,0.0
8047,35.72,2.61,4.53,0.0,0.0,0.1,28.58,0.0
8048,37.59,1.47,9.78,0.0,0.0,0.1,26.34,0.0
8049,39.32,3.08,15.11,0.0,0.0,0.1,21.14,0.0
8050,40.84,1.26,19.4,0.0,0.0,0.1,20.17,0.0
8051,42.08,0.99,20.26,0.0,0.0,0.1,20.83,0.0
8052,43.0,1.98,21.93,2.55,0.0,0.1,21.64,0.0
8053,43.57,1.94,20.59,8.96,0.0,0.1196,30.0,0.0
8054,43.77,2.01,18.22,6.46,0.0,0.1884,30.0,0.0
8055,43.57,3.6,14.86,4.88,0.0,0.2381,30.0,0.0
8056,43.0,3.35,11.11,1.46,0.0,0.2756,30.0,0.0
8057,42.08,3.18,4.17,0.0,4.73,0.2868,30.0,0.0
8058,40.84,4.18,0.0,0.0,6.66,0.2465,30.0,0.0
8059,39.32,2.93,0.0,0.0,6.4,0.1898,30.0,0.0
8060,37.59,4.76,0.0,0.0,2.83,0.1354,30.0,0.0
8061,35.72,5.1,0.0,0.0,0.61,0.1113,30.0,0.0
8062,33.77,3.06,0.0,0.0,0.71,0.106,30.0,0.0
8063,33.77,6.62,0.0,0.0,0.0,0.1,27.15,0.0
8064,33.8,4.1,0.0,0.0,0.0,0.1,29.7,0.0
8065,33.8,5.39,0.0,0.0,0.0,0.1,28.42,0.0
8066,33.8,6.72,0.0,0.0,0.0,0.1,27.08,0.0
8067,33.8,6.18,0.0,0.0,0.0,0.1,27.63,0.0
8068,33.8,4.67,0.0,0.0,0.0,0.1,29.14,0.0
8069,33.8,3.8,0.0,0.0,0.0,0.1,30.0,0.0
8070,33.8,5.24,0.0,0.0,0.0,0.1,28.57,0.0
8071,35.75,4.51,4.64,0.0,0.0,0.1,26.61,0.0
8072,37.63,2.41,10.25,0.0,0.0,0.1,24.97,0.0
8073,39.36,1.88,15.23,0.0,0.0,0.1,22.25,0.0
8074,40.87,0.0,18.16,0.0,0.0,0.1,22.71,0.0
8075,42.12,2.83,21.69,0.0,0.0,0.1,17.59,0.0
8076,43.04,2.46,21.27,0.0,0.0,0.1,19.32,0.0
8077,43.61,4.17,21.52,9.16,0.0,0.1,27.08,0.0
8078,43.8,3.25,19.51,8.96,0.0,0.1704,30.0,0.0
8079,43.61,4.8,14.33,5.51,0.0,0.2392,30.0,0.0
8080,43.04,2.3,10.23,0.0,0.51,0.2816,30.0,0.0
8081,42.12,5.14,4.73,0.0,2.24,0.2772,30.0,0.0
8082,40.87,3.22,0.0,0.0,7.66,0.2582,30.0,0.0
8083,39.36,5.36,0.0,0.0,4.0,0.193,30.0,0.0
8084,37.63,2.63,0.0,0.0,5.0,0.1589,30.0,0.0
8085,35.75,5.23,0.0,0.0,0.52,0.1163,30.0,0.0
8086,33.8,2.41,0.0,0.0,1.39,0.1119,30.0,0.0
8087,33.8,4.9,0.0,0.0,0.0,0.1,28.91,0.0
8088,33.84,5.92,0.0,0.0,0.0,0.1,27.92,0.0
8089,33.84,4.56,0.0,0.16,0.0,0.1,29.44,0.0
8090,33.84,3.7,0.0,0.0,0.14,0.1012,30.0,0.0
8091,33.84,6.08,0.0,0.0,0.0,0.1,27.76,0.0
8092,33.84,4.49,0.0,0.23,0.0,0.1,29.57,0.0
8093,33.84,3.64,0.0,0.0,0.21,0.1017,30.0,0.0
8094,33.84,4.01,0.0,0.0,0.0,0.1,29.83,0.0
8095,35.79,7.21,4.96,0.0,0.0,0.1,23.63,0.0
8096,37.67,4.85,10.4,0.0,0.0,0.1,22.42,0.0
8097,39.4,4.58,15.04,0.0,0.0,0.1,19.78,0.0
8098,40.91,3.36,19.31,0.0,0.0,0.1,18.24,0.0
8099,42.16,2.86,21.49,0.0,0.0,0.1,17.81,0.0
8100,43.08,0.0,21.03,7.76,0.0,0.1,29.81,0.0
8101,43.65,1.7,20.95,9.0,0.0,0.1596,30.0,0.0
8102,43.84,2.11,18.65,6.92,0.0,0.2288,30.0,0.0
8103,43.65,0.42,15.73,2.5,0.0,0.282,30.0,0.0
8104,43.08,1.68,9.87,0.0,1.53,0.3012,30.0,0.0
8105,42.16,0.89,4.5,0.0,6.77,0.2881,30.0,0.0
8106,40.91,3.9,0.0,0.0,7.01,0.2305,30.0,0.0
8107,39.4,5.43,0.0,0.0,3.97,0.1708,30.0,0.0
8108,37.67,6.15,0.0,0.0,1.52,0.137,30.0,0.0
8109,35.79,5.49,0.0,0.0,0.3,0.124,30.0,0.0
8110,33.84,3.82,0.0,0.0,0.02,0.1215,30.0,0.0
8111,33.84,2.63,0.0,0.0,1.21,0.1213,30.0,0.0
8112,33.88,2.93,0.0,0.0,0.95,0.1109,30.0,0.0
8113,33.88,3.55,0.0,0.0,0.33,0.1028,30.0,0.0
8114,33.88,3.93,0.0,0.0,0.0,0.1,29.95,0.0
8115,33.88,4.71,0.0,0.69,0.0,0.1,29.86,0.0
8116,33.88,3.26,0.0,0.0,0.62,0.1053,30.0,0.0
8117,33.88,4.78,0.0,0.26,0.0,0.1,29.36,0.0
8118,33.88,3.64,0.0,0.0,0.23,0.102,30.0,0.0
8119,35.83,3.62,5.16,0.0,0.0,0.1,27.05,0.0
8120,37.71,4.84,11.32,0.0,0.0,0.1,21.55,0.0
8121,39.44,1.38,15.96,0.0,0.0,0.1,22.1,0.0
8122,40.95,3.35,7.6,0.0,0.0,0.1,30.0,0.0
8123,42.19,2.62,21.69,0.0,0.0,0.1,17.88,0.0
8124,43.12,2.14,21.23,0.0,0.0,0.1,19.75,0.0
8125,43.69,3.85,21.73,8.75,0.0,0.1,26.86,0.0
8126,43.88,3.98,18.57,8.67,0.0,0.1673,30.0,0.0
8127,43.69,1.7,15.66,3.67,0.0,0.2339,30.0,0.0
8128,43.12,3.03,9.56,0.0,0.53,0.2621,30.0,0.0
8129,42.19,3.99,4.05,0.0,4.15,0.2576,30.0,0.0
8130,40.95,3.59,0.0,0.0,7.36,0.2222,30.0,0.0
8131,39.44,5.12,0.0,0.0,4.32,0.1595,30.0,0.0
8132,37.71,5.03,0.0,0.0,2.67,0.1228,30.0,0.0
8133,35.83,7.44,0.0,0.92,0.0,0.1,29.31,0.0
8134,33.88,3.05,0.0,0.0,0.83,0.107,30.0,0.0
8135,33.88,5.12,0.0,0.13,0.0,0.1,28.89,0.0
8136,33.92,4.1,0.0,0.18,0.0,0.101,30.0,0.0
8137,33.92,6.12,0.0,2.2,0.0,0.1024,30.0,0.0
8138,33.92,2.94,0.0,0.0,0.97,0.1193,30.0,0.0
8139,33.92,5.42,0.0,1.5,0.0,0.111,30.0,0.0
8140,33.92,3.79,0.0,0.0,0.12,0.1225,30.0,0.0
8141,33.92,3.32,0.0,0.0,0.6,0.1215,30.0,0.0
8142,33.92,1.99,0.0,0.0,1.93,0.1164,30.0,0.0
8143,35.87,2.98,5.81,0.0,0.0,0.1,27.08,0.0
8144,37.74,4.77,10.64,0.0,0.0,0.1,22.33,0.0
8145,39.47,2.97,14.63,0.0,0.0,0.1,21.87,0.0
8146,40.99,3.65,19.07,0.0,0.0,0.1,18.28,0.0
8147,42.23,4.93,21.02,0.0,0.0,0.1,16.28,0.0
8148,43.16,2.96,22.29,3.75,0.0,0.1,21.66,0.0
8149,43.73,1.89,20.55,8.71,0.0,0.1288,30.0,0.0
8150,43.92,3.43,18.78,8.29,0.0,0.1958,30.0,0.0
8151,43.73,2.26,15.83,4.37,0.0,0.2595,30.0,0.0
8152,43.16,2.6,10.7,0.14,0.0,0.293,30.0,0.0
8153,42.23,1.54,4.51,0.0,6.19,0.2941,30.0,0.0
8154,40.99,5.24,0.0,0.0,5.75,0.2414,30.0,0.0
8155,39.47,3.8,0.0,0.0,5.68,0.1925,30.0,0.0
8156,37.74,4.91,0.0,0.0,2.84,0.1441,30.0,0.0
8157,35.87,3.52,0.0,0.0,2.35,0.12,30.0,0.0
8158,33.92,5.76,0.0,0.0,0.0,0.1,28.16,0.0
8159,33.92,4.25,0.0,0.0,0.0,0.1,29.67,0.0
8160,33.96,5.16,0.0,0.0,0.0,0.1,28.8,0.0
8161,33.96,6.51,0.0,0.0,0.0,0.1,27.45,0.0
8162,33.96,6.25,0.0,0.93,0.0,0.1,28.64,0.0
8163,33.96,4.92,0.0,0.96,0.0,0.1072,30.0,0.0
8164,33.96,2.25,0.0,0.0,1.71,0.1146,30.0,0.0
8165,33.96,8.44,0.0,0.0,0.0,0.1,25.52,0.0
8166,33.96,6.37,0.0,0.0,0.0,0.1,27.58,0.0
8167,35.91,4.62,5.3,0.0,0.0,0.1,25.99,0.0
8168,37.78,2.27,10.75,0.0,0.0,0.1,24.77,0.0
8169,39.51,2.86,15.24,0.0,0.0,0.1,21.42,0.0
8170,41.03,2.05,8.98,0.0,0.0,0.1,30.0,0.0
8171,42.27,4.39,21.58,0.0,0.0,0.1,16.31,0.0
8172,43.2,2.97,21.52,0.0,0.0,0.1,18.71,0.0
8173,43.76,1.59,20.25,7.46,0.0,0.1,29.39,0.0
8174,43.96,2.15,18.39,6.59,0.0,0.1573,30.0,0.0
8175,43.76,4.55,15.03,5.82,0.0,0.2079,30.0,0.0
8176,43.2,5.49,10.74,3.03,0.0,0.2526,30.0,0.0
8177,42.27,5.72,5.52,0.0,1.03,0.2759,30.0,0.0
8178,41.03,5.02,0.0,0.0,6.01,0.2672,30.0,0.0
8179,39.51,3.99,0.0,0.0,5.52,0.216,30.0,0.0
8180,37.78,0.23,0.0,0.0,7.55,0.169,30.0,0.0
8181,35.91,5.36,0.0,0.0,0.55,0.1047,30.0,0.0
8182,33.96,5.17,0.0,0.0,0.0,0.1,28.79,0.0
8183,33.96,5.5,0.0,0.0,0.0,0.1,28.46,0.0
8184,34.0,5.44,0.0,0.55,0.0,0.1,29.11,0.0
8185,34.0,3.5,0.0,0.0,0.5,0.1042,30.0,0.0
8186,34.0,5.94,0.0,0.0,0.0,0.1,28.05,0.0
8187,34.0,5.83,0.0,0.0,0.0,0.1,28.17,0.0
8188,34.0,5.61,0.0,0.0,0.0,0.1,28.38,0.0
8189,34.0,5.64,0.0,0.0,0.0,0.1,28.35,0.0
8190,34.0,4.82,0.0,0.0,0.0,0.1,29.18,0.0
8191,35.95,3.08,5.74,0.0,0.0,0.1,27.13,0.0
8192,37.82,3.21,10.27,0.0,0.0,0.1,24.34,0.0
8193,39.55,3.15,14.66,0.0,0.0,0.1,21.75,0.0
8194,41.07,2.95,18.37,0.0,0.0,0.1,19.74,0.0
8195,42.31,0.0,20.51,0.0,0.0,0.1,21.8,0.0
8196,43.24,3.5,20.75,0.75,0.0,0.1,19.73,0.0
8197,43.8,5.51,21.6,13.31,0.0,0.1057,30.0,0.0
8198,44.0,5.83,18.21,10.04,0.0,0.208,30.0,0.0
8199,43.8,3.13,14.4,3.73,0.0,0.2851,30.0,0.0
8200,43.24,0.0,9.78,0.0,3.45,0.3138,30.0,0.0
8201,42.31,5.33,4.73,0.0,2.25,0.2844,30.0,0.0
8202,41.07,3.25,0.0,0.0,7.81,0.2652,30.0,0.0
8203,39.55,3.25,0.0,0.0,6.3,0.1987,30.0,0.0
8204,37.82,4.13,0.0,0.0,3.69,0.145,30.0,0.0
8205,35.95,4.35,0.0,0.0,1.6,0.1136,30.0,0.0
8206,34.0,6.02,0.0,1.06,0.0,0.1,29.04,0.0
8207,34.0,3.18,0.0,0.0,0.82,0.1081,30.0,0.0
8208,34.04,3.9,0.0,0.0,0.14,0.1012,30.0,0.0
8209,34.04,5.79,0.0,0.0,0.0,0.1,28.24,0.0
8210,34.04,6.04,0.0,0.6,0.0,0.1,28.59,0.0
8211,34.04,5.85,0.0,1.81,0.0,0.1046,30.0,0.0
8212,34.04,3.61,0.0,0.0,0.43,0.1185,30.0,0.0
8213,34.04,3.02,0.0,0.0,1.02,0.1149,30.0,0.0
8214,34.04,3.31,0.0,0.0,0.73,0.1062,30.0,0.0
8215,35.99,3.98,4.23,0.0,0.0,0.1,27.78,0.0
8216,37.86,5.35,10.09,0.0,0.0,0.1,22.42,0.0
8217,39.59,0.23,14.57,0.0,0.0,0.1,24.79,0.0
8218,41.11,2.51,18.08,0.0,0.0,0.1,20.51,0.0
8219,42.35,0.0,20.56,0.0,0.0,0.1,21.79,0.0
8220,43.27,0.37,21.42,0.0,0.0,0.1,21.48,0.0
8221,43.84,4.0,20.77,8.33,0.0,0.1,27.4,0.0
8222,44.04,3.56,18.11,7.64,0.0,0.164,30.0,0.0
8223,43.84,3.65,14.83,4.63,0.0,0.2227,30.0,0.0
8224,43.27,4.58,10.35,1.65,0.0,0.2584,30.0,0.0
8225,42.35,2.99,4.42,0.0,4.94,0.271,30.0,0.0
8226,41.11,3.41,0.0,0.0,7.7,0.229,30.0,0.0
8227,39.59,7.35,0.0,0.0,2.24,0.1635,30.0,0.0
8228,37.86,4.35,0.0,0.0,3.51,0.1444,30.0,0.0
8229,35.99,5.98,0.0,0.0,0.01,0.1145,30.0,0.0
8230,34.04,5.2,0.0,1.16,0.0,0.1144,30.0,0.0
8231,34.04,2.79,0.0,0.0,1.24,0.1233,30.0,0.0
8232,34.08,2.58,0.0,0.0,1.5,0.1127,30.0,0.0
8233,34.08,4.54,0.0,0.0,0.0,0.1,29.54,0.0
8234,34.08,6.64,0.0,0.0,0.0,0.1,27.43,0.0
8235,34.08,6.06,0.0,0.0,0.0,0.1,28.02,0.0
8236,34.08,5.95,0.0,1.18,0.0,0.1,29.31,0.0
8237,34.08,3.01,0.0,0.0,1.06,0.109,30.0,0.0
8238,34.08,6.22,0.0,0.0,0.0,0.1,27.85,0.0
8239,36.03,2.34,4.86,0.0,0.0,0.1,28.83,0.0
8240,37.9,3.62,10.83,0.0,0.0,0.1,23.45,0.0
8241,39.63,3.03,14.11,0.0,0.0,0.1,22.49,0.0
8242,41.15,2.59,18.11,0.0,0.0,0.1,20.45,0.0
8243,42.39,0.0,20.43,0.0,0.0,0.1,21.96,0.0
8244,43.31,1.68,21.4,6.66,0.0,0.1,26.9,0.0
8245,43.88,0.84,20.32,7.27,0.0,0.1512,30.0,0.0
8246,44.08,2.85,19.28,8.06,0.0,0.2071,30.0,0.0
8247,43.88,2.5,14.23,2.84,0.0,0.269,30.0,0.0
8248,43.31,7.95,9.76,4.4,0.0,0.2908,30.0,0.0
8249,42.39,4.58,4.07,0.0,3.74,0.3246,30.0,0.0
8250,41.15,3.45,0.0,0.0,7.7,0.2928,30.0,0.0
8251,39.63,2.92,0.0,0.0,6.71,0.2273,30.0,0.0
8252,37.9,2.12,0.0,0.0,5.78,0.1701,30.0,0.0
8253,36.03,3.58,0.0,0.0,2.45,0.1209,30.0,0.0
8254,34.08,5.35,0.0,0.0,0.0,0.1,28.72,0.0
8255,34.08,7.29,0.0,0.0,0.0,0.1,26.79,0.0
8256,34.12,6.92,0.0,0.0,0.0,0.1,27.19,0.0
8257,34.12,5.66,0.0,0.0,0.0,0.1,28.46,0.0
8258,34.12,4.76,0.0,0.0,0.0,0.1,29.35,0.0
8259,34.12,5.36,0.0,0.14,0.0,0.1,28.9,0.0
8260,34.12,3.99,0.0,0.0,0.12,0.101,30.0,0.0
8261,34.12,6.73,0.0,0.39,0.0,0.1,27.78,0.0
8262,34.12,3.76,0.0,0.0,0.36,0.103,30.0,0.0
8263,36.07,3.55,4.12,0.0,0.0,0.1,28.4,0.0
8264,37.94,0.3,9.54,0.0,0.0,0.1,28.1,0.0
8265,39.67,2.78,14.12,0.0,0.0,0.1,22.76,0.0
8266,41.19,3.98,17.96,0.0,0.0,0.1,19.24,0.0
8267,42.43,1.23,20.87,0.0,0.0,0.1,20.33,0.0
8268,43.35,1.62,21.49,0.0,0.0,0.1,20.25,0.0
8269,43.92,3.78,20.3,9.64,0.0,0.1,29.48,0.0
8270,44.12,0.81,18.53,5.23,0.0,0.1741,30.0,0.0
8271,43.92,4.5,14.78,5.35,0.0,0.2143,30.0,0.0
8272,43.35,2.61,9.67,0.0,1.08,0.2554,30.0,0.0
8273,42.43,3.13,5.61,0.0,3.69,0.2462,30.0,0.0
8274,41.19,2.48,0.0,0.0,8.71,0.2148,30.0,0.0
8275,39.67,4.89,0.0,0.0,4.78,0.1407,30.0,0.0
8276,37.94,8.06,0.0,0.11,0.0,0.1,30.0,0.0
8277,36.07,6.06,0.0,0.0,0.01,0.1009,30.0,0.0
8278,34.12,4.02,0.0,0.0,0.09,0.1008,30.0,0.0
8279,34.12,6.9,0.0,0.0,0.0,0.1,27.22,0.0
8280,34.16,4.96,0.0,0.0,0.0,0.1,29.19,0.0
8281,34.16,7.23,0.0,2.28,0.0,0.1,29.21,0.0
8282,34.16,6.32,0.0,2.16,0.0,0.1175,30.0,0.0
8283,34.16,0.97,0.0,0.0,3.19,0.1341,30.0,0.0
8284,34.16,3.34,0.0,0.0,0.82,0.107,30.0,0.0
8285,34.16,5.67,0.0,0.0,0.0,0.1,28.48,0.0
8286,34.16,4.24,0.0,0.0,0.0,0.1,29.92,0.0
8287,36.11,2.27,5.21,0.0,0.0,0.1,28.63,0.0
8288,37.98,0.0,10.8,0.0,0.0,0.1,27.18,0.0
8289,39.71,0.45,14.92,0.0,0.0,0.1,24.34,0.0
8290,41.23,2.72,18.51,0.0,0.0,0.1,20.0,0.0
8291,42.47,5.73,19.88,0.0,0.0,0.1,16.85,0.0
8292,43.39,3.76,21.46,0.0,0.0,0.1,18.17,0.0
8293,43.96,5.7,20.23,4.05,0.0,0.1,22.08,0.0
8294,44.16,4.05,17.98,7.87,0.0,0.1312,30.0,0.0
8295,43.96,4.47,14.69,5.19,0.0,0.1917,30.0,0.0
8296,43.39,6.05,10.73,3.38,0.0,0.2315,30.0,0.0
8297,42.47,4.19,4.2,0.0,4.08,0.2575,30.0,0.0
8298,41.23,3.77,0.0,0.0,7.46,0.2228,30.0,0.0
8299,39.71,5.8,0.0,0.0,3.92,0.1593,30.0,0.0
8300,37.98,6.7,0.0,0.0,1.28,0.126,30.0,0.0
8301,36.11,4.34,0.0,0.0,1.77,0.1151,30.0,0.0
8302,34.16,4.23,0.0,0.0,0.0,0.1,29.93,0.0
8303,34.16,5.54,0.0,0.0,0.0,0.1,28.62,0.0
8304,34.2,6.54,0.0,0.0,0.0,0.1,27.65,0.0
8305,34.2,6.45,0.0,1.03,0.0,0.1,28.77,0.0
8306,34.2,3.27,0.0,0.0,0.93,0.1079,30.0,0.0
8307,34.2,7.62,0.0,2.13,0.0,0.1,28.71,0.0
8308,34.2,3.84,0.0,0.0,0.35,0.1164,30.0,0.0
8309,34.2,4.03,0.0,0.0,0.17,0.1133,30.0,0.0
8310,34.2,2.8,0.0,0.0,1.4,0.1119,30.0,0.0
8311,36.15,7.38,5.45,0.0,0.0,0.1,23.32,0.0
8312,38.02,3.68,9.92,0.0,0.0,0.1,24.42,0.0
8313,39.75,1.9,14.48,0.0,0.0,0.1,23.37,0.0
8314,41.27,4.03,18.79,0.0,0.0,0.1,18.44,0.0
8315,42.51,3.77,21.02,0.0,0.0,0.1,17.72,0.0
8316,43.44,2.41,21.66,0.0,0.0,0.1,19.37,0.0
8317,44.0,3.86,21.6,10.26,0.0,0.1,28.8,0.0
8318,44.2,1.72,18.71,6.24,0.0,0.1788,30.0,0.0
8319,44.0,2.39,15.38,3.77,0.0,0.2267,30.0,0.0
8320,43.44,0.6,10.73,0.0,2.11,0.2557,30.0,0.0
8321,42.51,1.87,5.55,0.0,5.09,0.2378,30.0,0.0
8322,41.27,6.51,0.0,0.0,4.76,0.1944,30.0,0.0
8323,39.75,6.64,0.0,0.0,3.12,0.1539,30.0,0.0
8324,38.02,4.81,0.0,0.0,3.21,0.1274,30.0,0.0
8325,36.15,7.28,0.0,0.0,0.0,0.1,28.87,0.0
8326,34.2,5.0,0.0,0.0,0.0,0.1,29.2,0.0
8327,34.2,5.02,0.0,0.0,0.0,0.1,29.17,0.0
8328,34.24,5.49,0.0,0.0,0.0,0.1,28.75,0.0
8329,34.24,5.19,0.0,0.0,0.0,0.1,29.04,0.0
8330,34.24,4.93,0.0,0.0,0.0,0.1,29.3,0.0
8331,34.24,4.24,0.0,0.0,0.0,0.1,30.0,0.0
8332,34.24,4.93,0.0,0.0,0.0,0.1,29.3,0.0
8333,34.24,5.37,0.0,0.0,0.0,0.1,28.87,0.0
8334,34.24,5.45,0.0,0.0,0.0,0.1,28.78,0.0
8335,36.19,4.22,5.64,0.0,0.0,0.1,26.33,0.0
8336,38.06,2.03,11.2,0.0,0.0,0.1,24.84,0.0
8337,39.79,1.22,14.54,0.0,0.0,0.1,24.03,0.0
8338,41.31,3.06,19.03,0.0,0.0,0.1,19.22,0.0
8339,42.55,2.49,20.07,0.0,0.0,0.1,20.0,0.0
8340,43.48,2.79,22.29,3.14,0.0,0.1,21.52,0.0
8341,44.05,2.7,20.65,9.3,0.0,0.1241,30.0,0.0
8342,44.24,6.39,18.54,10.69,0.0,0.1956,30.0,0.0
8343,44.05,1.25,14.43,1.64,0.0,0.2777,30.0,0.0
8344,43.48,0.63,9.56,0.0,3.29,0.2903,30.0,0.0
8345,42.55,4.14,5.17,0.0,3.24,0.2624,30.0,0.0
8346,41.31,3.53,0.0,0.0,7.78,0.2348,30.0,0.0
8347,39.79,4.83,0.0,0.0,4.96,0.1685,30.0,0.0
8348,38.06,5.53,0.0,0.0,2.54,0.1263,30.0,0.0
8349,36.19,6.77,0.0,0.58,0.0,0.1047,30.0,0.0
8350,34.24,3.16,0.0,0.0,1.07,0.1091,30.0,0.0
8351,34.24,4.6,0.0,0.0,0.0,0.1,29.63,0.0
8352,34.28,6.01,0.0,0.0,0.0,0.1,28.27,0.0
8353,34.28,6.43,0.0,0.0,0.0,0.1,27.85,0.0
8354,34.28,8.24,0.0,0.0,0.0,0.1,26.04,0.0
8355,34.28,6.33,0.0,1.94,0.0,0.1,29.9,0.0
8356,34.28,4.66,0.0,0.38,0.0,0.1149,30.0,0.0
8357,34.28,3.18,0.0,0.0,1.09,0.1178,30.0,0.0
8358,34.28,3.28,0.0,0.0,1.0,0.1085,30.0,0.0
8359,36.23,2.88,5.51,0.0,0.0,0.1,27.83,0.0
8360,38.11,4.26,10.28,0.0,0.0,0.1,23.56,0.0
8361,39.83,3.43,14.14,0.0,0.0,0.1,22.26,0.0
8362,41.35,1.05,19.07,0.0,0.0,0.1,21.23,0.0
8363,42.59,2.13,21.09,0.0,0.0,0.1,19.37,0.0
8364,43.52,3.88,14.13,4.49,0.0,0.1,30.0,0.0
8365,44.09,3.21,19.89,9.02,0.0,0.1345,30.0,0.0
8366,44.28,3.64,18.24,7.6,0.0,0.2038,30.0,0.0
8367,44.09,3.61,15.38,4.9,0.0,0.2622,30.0,0.0
8368,43.52,5.59,9.84,1.92,0.0,0.2999,30.0,0.0
8369,42.59,4.02,5.46,0.0,3.11,0.3146,30.0,0.0
8370,41.35,3.52,0.0,0.0,7.83,0.2881,30.0,0.0
8371,39.83,3.15,0.0,0.0,6.68,0.2215,30.0,0.0
8372,38.11,5.08,0.0,0.0,3.03,0.1646,30.0,0.0
8373,36.23,1.68,0.0,0.0,4.55,0.1388,30.0,0.0
8374,34.28,4.98,0.0,0.27,0.0,0.1,29.56,0.0
8375,34.28,5.09,0.0,0.81,0.0,0.1021,30.0,0.0
8376,34.32,3.56,0.0,0.0,0.76,0.1083,30.0,0.0
8377,34.32,4.11,0.0,0.0,0.21,0.1018,30.0,0.0
8378,34.32,6.35,0.0,0.0,0.0,0.1,27.97,0.0
8379,34.32,5.34,0.0,0.0,0.0,0.1,28.98,0.0
8380,34.32,4.88,0.0,0.0,0.0,0.1,29.44,0.0
8381,34.32,4.83,0.0,0.15,0.0,0.1,29.64,0.0
8382,34.32,4.18,0.0,0.0,0.14,0.1012,30.0,0.0
8383,36.27,5.4,4.65,0.0,0.0,0.1,26.21,0.0
8384,38.15,3.54,10.12,0.0,0.0,0.1,24.49,0.0
8385,39.88,1.09,14.54,0.0,0.0,0.1,24.25,0.0
8386,41.39,5.1,17.6,0.0,0.0,0.1,18.68,0.0
8387,42.63,3.24,20.0,0.0,0.0,0.1,19.39,0.0
8388,43.56,1.88,21.91,0.0,0.0,0.1,19.77,0.0
8389,44.13,1.02,21.06,7.62,0.0,0.1,29.67,0.0
8390,44.32,3.41,18.8,7.89,0.0,0.1585,30.0,0.0
8391,44.13,2.93,14.3,3.1,0.0,0.2192,30.0,0.0
8392,43.56,5.53,11.21,3.18,0.0,0.2429,30.0,0.0
8393,42.63,3.23,5.63,0.0,3.78,0.2674,30.0,0.0
8394,41.39,2.91,0.0,0.0,8.48,0.2352,30.0,0.0
8395,39.88,5.64,0.0,0.0,4.24,0.163,30.0,0.0
8396,38.15,6.01,0.0,0.0,2.14,0.1269,30.0,0.0
8397,36.27,5.26,0.0,0.0,1.02,0.1086,30.0,0.0
8398,34.32,6.17,0.0,0.0,0.0,0.1,28.15,0.0
8399,34.32,5.33,0.0,0.0,0.0,0.1,28.99,0.0
8400,34.36,5.75,0.0,0.0,0.0,0.1,28.61,0.0
8401,34.36,6.98,0.0,0.0,0.0,0.1,27.38,0.0
8402,34.36,6.1,0.0,0.85,0.0,0.1,29.11,0.0
8403,34.36,4.8,0.0,0.44,0.0,0.1066,30.0,0.0
8404,34.36,6.6,0.0,2.24,0.0,0.1099,30.0,0.0
8405,34.36,1.18,0.0,0.0,3.18,0.1271,30.0,0.0
8406,34.36,6.87,0.0,0.08,0.0,0.1,27.57,0.0
8407,36.31,1.37,4.87,0.0,0.07,0.1006,30.0,0.0
8408,38.19,2.52,10.92,0.0,0.0,0.1,24.75,0.0
8409,39.92,0.0,15.33,0.0,0.0,0.1,24.58,0.0
8410,41.43,2.68,18.03,0.0,0.0,0.1,20.73,0.0
8411,42.68,4.12,20.93,0.0,0.0,0.1,17.63,0.0
8412,43.6,1.24,22.09,4.29,0.0,0.1,24.55,0.0
8413,44.17,3.1,20.16,9.09,0.0,0.133,30.0,0.0
8414,44.36,2.08,18.22,5.94,0.0,0.2028,30.0,0.0
8415,44.17,3.5,14.68,4.01,0.0,0.2485,30.0,0.0
8416,43.6,3.29,11.05,0.74,0.0,0.2793,30.0,0.0
8417,42.68,3.84,5.04,0.0,3.81,0.285,30.0,0.0
8418,41.43,3.31,0.0,0.0,8.12,0.2526,30.0,0.0
8419,39.92,3.72,0.0,0.0,6.2,0.1834,30.0,0.0
8420,38.19,5.14,0.0,0.0,3.05,0.1306,30.0,0.0
8421,36.31,6.32,0.0,0.01,0.0,0.1047,30.0,0.0
8422,34.36,4.43,0.0,0.07,0.0,0.1048,30.0,0.0
8423,34.36,4.2,0.0,0.0,0.17,0.1053,30.0,0.0
8424,34.4,6.28,0.0,1.87,0.0,0.1039,30.0,0.0
8425,34.4,5.35,0.0,0.94,0.0,0.1183,30.0,0.0
8426,34.4,6.39,0.0,1.99,0.0,0.1255,30.0,0.0
8427,34.4,3.8,0.0,0.0,0.61,0.1408,30.0,0.0
8428,34.4,2.32,0.0,0.0,2.09,0.1356,30.0,0.0
8429,34.4,3.69,0.0,0.0,0.71,0.1178,30.0,0.0
8430,34.4,3.02,0.0,0.0,1.38,0.1118,30.0,0.0
8431,36.35,3.61,4.77,0.0,0.0,0.1,27.97,0.0
8432,38.23,2.51,10.3,0.0,0.0,0.1,25.42,0.0
8433,39.96,4.11,14.64,0.0,0.0,0.1,21.21,0.0
8434,41.47,2.49,18.82,0.0,0.0,0.1,20.17,0.0
8435,42.72,2.95,21.52,0.0,0.0,0.1,18.25,0.0
8436,43.64,0.0,21.96,5.05,0.0,0.1,26.74,0.0
8437,44.21,3.01,20.29,9.09,0.0,0.1388,30.0,0.0
8438,44.4,2.85,18.93,7.38,0.0,0.2087,30.0,0.0
8439,44.21,3.8,14.38,3.97,0.0,0.2654,30.0,0.0
8440,43.64,2.29,10.59,0.0,0.76,0.2958,30.0,0.0
8441,42.72,5.63,5.61,0.0,1.48,0.2894,30.0,0.0
8442,41.47,3.74,0.0,0.0,7.73,0.2768,30.0,0.0
8443,39.96,2.63,0.0,0.0,7.33,0.211,30.0,0.0
8444,38.23,5.01,0.0,0.0,3.22,0.1486,30.0,0.0
8445,36.35,3.87,0.0,0.0,2.48,0.1211,30.0,0.0
8446,34.4,6.17,0.0,0.0,0.0,0.1,28.24,0.0
8447,34.4,8.42,0.0,3.27,0.0,0.1,29.26,0.0
8448,34.45,4.37,0.0,0.0,0.08,0.1251,30.0,0.0
8449,34.45,5.85,0.0,1.41,0.0,0.1245,30.0,0.0
8450,34.45,2.86,0.0,0.0,1.59,0.1353,30.0,0.0
8451,34.45,5.66,0.0,1.22,0.0,0.1217,30.0,0.0
8452,34.45,3.55,0.0,0.0,0.9,0.1311,30.0,0.0
8453,34.45,3.57,0.0,0.0,0.87,0.1234,30.0,0.0
8454,34.45,2.57,0.0,0.0,1.88,0.116,30.0,0.0
8455,36.4,4.72,4.64,0.0,0.0,0.1,27.04,0.0
8456,38.27,4.77,10.71,0.0,0.0,0.1,22.79,0.0
8457,40.0,3.14,15.31,0.0,0.0,0.1,21.55,0.0
8458,41.52,1.7,17.78,0.0,0.0,0.1,22.03,0.0
8459,42.76,4.93,19.81,0.02,0.0,0.1,18.04,0.0
8460,43.68,1.68,20.65,8.64,0.0,0.1001,30.0,0.0
8461,44.25,0.0,20.77,6.51,0.0,0.1665,30.0,0.0
8462,44.45,3.52,18.16,7.23,0.0,0.2166,30.0,0.0
8463,44.25,1.59,14.29,1.63,0.0,0.2721,30.0,0.0
8464,43.68,4.74,9.8,0.86,0.0,0.2847,30.0,0.0
8465,42.76,3.2,4.66,0.0,4.9,0.2913,30.0,0.0
8466,41.52,4.9,0.0,0.0,6.62,0.2496,30.0,0.0
8467,40.0,6.35,0.0,0.0,3.65,0.1933,30.0,0.0
8468,38.27,3.1,0.0,0.0,5.17,0.1621,30.0,0.0
8469,36.4,4.27,0.0,0.0,2.13,0.1181,30.0,0.0
8470,34.45,5.16,0.0,0.0,0.0,0.1,29.29,0.0
8471,34.45,7.5,0.0,0.59,0.0,0.1,27.54,0.0
8472,34.49,4.55,0.0,0.06,0.0,0.1046,30.0,0.0
8473,34.49,4.59,0.0,0.1,0.0,0.105,30.0,0.0
8474,34.49,5.92,0.0,1.43,0.0,0.1058,30.0,0.0
8475,34.49,4.26,0.0,0.0,0.23,0.1168,30.0,0.0
8476,34.49,4.97,0.0,0.48,0.0,0.1148,30.0,0.0
8477,34.49,2.31,0.0,0.0,2.18,0.1186,30.0,0.0
8478,34.49,7.11,0.0,0.11,0.0,0.1,27.48,0.0
8479,36.44,1.88,4.46,0.0,0.1,0.1008,30.0,0.0
8480,38.31,2.95,9.69,0.0,0.0,0.1,25.67,0.0
8481,40.04,3.07,15.24,0.0,0.0,0.1,21.73,0.0
8482,41.56,5.51,18.35,0.0,0.0,0.1,17.69,0.0
8483,42.8,0.94,20.37,0.0,0.0,0.1,21.49,0.0
8484,43.73,5.43,20.65,6.35,0.0,0.1,23.99,0.0
8485,44.3,3.79,20.59,10.09,0.0,0.1488,30.0,0.0
8486,44.49,3.46,17.76,6.73,0.0,0.2263,30.0,0.0
8487,44.3,1.76,14.66,2.13,0.0,0.278,30.0,0.0
8488,43.73,4.18,10.95,1.4,0.0,0.2944,30.0,0.0
8489,42.8,2.73,5.09,0.0,4.98,0.3051,30.0,0.0
8490,41.56,5.81,0.0,0.0,5.75,0.2628,30.0,0.0
8491,40.04,3.1,0.0,0.0,6.94,0.2139,30.0,0.0
8492,38.31,4.61,0.0,0.0,3.71,0.1548,30.0,0.0
8493,36.44,4.29,0.0,0.0,2.15,0.1232,30.0,0.0
8494,34.49,3.91,0.0,0.0,0.57,0.1049,30.0,0.0
8495,34.49,6.42,0.0,0.0,0.0,0.1,28.07,0.0
8496,34.53,6.19,0.0,0.0,0.0,0.1,28.34,0.0
8497,34.53,7.06,0.0,1.88,0.0,0.1,29.35,0.0
8498,34.53,2.83,0.0,0.0,1.7,0.1145,30.0,0.0
8499,34.53,6.51,0.0,0.0,0.0,0.1,28.02,0.0
8500,34.53,8.2,0.0,0.79,0.0,0.1,27.12,0.0
8501,34.53,3.82,0.0,0.0,0.71,0.106,30.0,0.0
8502,34.53,6.68,0.0,0.0,0.0,0.1,27.85,0.0
8503,36.48,3.37,4.03,0.0,0.0,0.1,29.09,0.0
8504,38.36,1.52,11.08,0.0,0.0,0.1,25.76,0.0
8505,40.09,2.7,15.66,0.0,0.0,0.1,21.73,0.0
8506,41.6,4.33,19.02,0.0,0.0,0.1,18.24,0.0
8507,42.84,1.61,20.78,0.0,0.0,0.1,20.45,0.0
8508,43.77,1.89,20.94,4.45,0.0,0.1,25.38,0.0
8509,44.34,3.57,21.46,10.69,0.0,0.1342,30.0,0.0
8510,44.53,2.9,17.8,6.17,0.0,0.2163,30.0,0.0
8511,44.34,3.92,15.5,5.08,0.0,0.2638,30.0,0.0
8512,43.77,3.72,9.43,0.0,0.62,0.3028,30.0,0.0
8513,42.84,4.39,5.26,0.0,3.2,0.2975,30.0,0.0
8514,41.6,3.49,0.0,0.0,8.11,0.2703,30.0,0.0
8515,40.09,4.75,0.0,0.0,5.33,0.2012,30.0,0.0
8516,38.36,3.5,0.0,0.0,4.86,0.1558,30.0,0.0
8517,36.48,6.82,0.0,0.34,0.0,0.1145,30.0,0.0
8518,34.53,4.4,0.0,0.0,0.13,0.1171,30.0,0.0
8519,34.53,6.95,0.0,2.42,0.0,0.116,30.0,0.0
8520,34.57,5.14,0.0,0.57,0.0,0.1346,30.0,0.0
8521,34.57,5.69,0.0,1.11,0.0,0.1389,30.0,0.0
8522,34.57,4.6,0.0,0.02,0.0,0.1475,30.0,0.0
8523,34.57,3.66,0.0,0.0,0.91,0.1477,30.0,0.0
8524,34.57,2.38,0.0,0.0,2.19,0.1399,30.0,0.0
8525,34.57,3.0,0.0,0.0,1.57,0.1213,30.0,0.0
8526,34.57,3.64,0.0,0.0,0.93,0.1079,30.0,0.0
8527,36.52,4.02,5.71,0.0,0.0,0.1,26.79,0.0
8528,38.4,4.79,10.52,0.0,0.0,0.1,23.09,0.0
8529,40.13,2.51,15.1,0.0,0.0,0.1,22.52,0.0
8530,41.64,1.69,18.23,0.0,0.0,0.1,21.72,0.0
8531,42.89,0.79,21.17,0.0,0.0,0.1,20.93,0.0
8532,43.81,3.38,22.37,0.0,0.0,0.1,18.06,0.0
8533,44.38,4.66,20.44,10.71,0.0,0.1,30.0,0.0
8534,44.57,4.64,18.94,9.0,0.0,0.1823,30.0,0.0
8535,44.38,4.09,14.08,3.79,0.0,0.2515,30.0,0.0
8536,43.81,4.28,10.68,1.15,0.0,0.2806,30.0,0.0
8537,42.89,6.06,4.11,0.0,2.71,0.2894,30.0,0.0
8538,41.64,4.54,0.0,0.0,7.1,0.2663,30.0,0.0
8539,40.13,5.33,0.0,0.0,4.8,0.2059,30.0,0.0
8540,38.4,4.33,0.0,0.0,4.07,0.165,30.0,0.0
8541,36.52,3.19,0.0,0.0,3.33,0.1304,30.0,0.0
8542,34.57,4.34,0.0,0.0,0.23,0.102,30.0,0.0
8543,34.57,5.4,0.0,0.0,0.0,0.1,29.17,0.0
8544,34.61,5.54,0.0,0.0,0.0,0.1,29.07,0.0
8545,34.61,8.05,0.0,0.9,0.0,0.1,27.46,0.0
8546,34.61,5.39,0.0,0.77,0.0,0.1069,30.0,0.0
8547,34.61,6.67,0.0,2.06,0.0,0.1129,30.0,0.0
8548,34.61,4.18,0.0,0.0,0.43,0.1287,30.0,0.0
8549,34.61,4.02,0.0,0.0,0.6,0.125,30.0,0.0
8550,34.61,2.27,0.0,0.0,2.34,0.1199,30.0,0.0
8551,36.57,2.72,5.22,0.0,0.0,0.1,28.63,0.0
8552,38.44,4.13,10.2,0.0,0.0,0.1,24.11,0.0
8553,40.17,3.13,15.12,0.0,0.0,0.1,21.92,0.0
8554,41.69,4.2,18.14,0.0,0.0,0.1,19.35,0.0
8555,42.93,3.02,21.18,0.0,0.0,0.1,18.73,0.0
8556,43.85,2.24,22.21,3.51,0.0,0.1,22.91,0.0
8557,44.42,5.71,21.25,12.54,0.0,0.127,30.0,0.0
8558,44.61,2.78,18.58,6.74,0.0,0.2234,30.0,0.0
8559,44.42,4.72,14.88,5.18,0.0,0.2751,30.0,0.0
8560,43.85,2.86,10.04,0.0,0.96,0.3149,30.0,0.0
8561,42.93,4.71,4.07,0.0,4.15,0.3068,30.0,0.0
8562,41.69,5.36,0.0,0.0,6.32,0.2714,30.0,0.0
8563,40.17,4.73,0.0,0.0,5.44,0.2176,30.0,0.0
8564,38.44,1.55,0.0,0.0,6.89,0.1713,30.0,0.0
8565,36.57,5.08,0.0,0.0,1.48,0.1126,30.0,0.0
8566,34.61,6.96,0.0,0.0,0.0,0.1,27.65,0.0
8567,34.61,6.14,0.0,0.75,0.0,0.1,29.23,0.0
8568,34.66,6.07,0.0,1.42,0.0,0.1058,30.0,0.0
8569,34.66,3.06,0.0,0.0,1.6,0.1167,30.0,0.0
8570,34.66,4.29,0.0,0.0,0.36,0.1031,30.0,0.0
8571,34.66,5.63,0.0,0.0,0.0,0.1,29.03,0.0
8572,34.66,5.34,0.0,0.0,0.0,0.1,29.32,0.0
8573,34.66,6.11,0.0,0.84,0.0,0.1,29.39,0.0
8574,34.66,3.9,0.0,0.0,0.76,0.1065,30.0,0.0
8575,36.61,4.3,5.58,0.0,0.0,0.1,26.73,0.0
8576,38.48,3.43,9.69,0.0,0.0,0.1,25.36,0.0
8577,40.21,1.78,15.61,0.0,0.0,0.1,22.83,0.0
8578,41.73,0.0,18.91,0.0,0.0,0.1,22.82,0.0
8579,42.97,3.36,19.96,0.0,0.0,0.1,19.65,0.0
8580,43.9,2.96,22.04,8.91,0.0,0.1,27.81,0.0
8581,44.46,1.93,21.23,8.69,0.0,0.1685,30.0,0.0
8582,44.66,0.69,19.28,5.32,0.0,0.2353,30.0,0.0
8583,44.46,3.99,14.29,3.81,0.0,0.2762,30.0,0.0
8584,43.9,3.05,10.45,0.0,0.4,0.3055,30.0,0.0
8585,42.97,4.5,5.01,0.0,3.46,0.3021,30.0,0.0
8586,41.73,6.65,0.0,0.0,5.08,0.2726,30.0,0.0
8587,40.21,1.52,0.0,0.0,8.7,0.2293,30.0,0.0
8588,38.48,3.82,0.0,0.0,4.66,0.1553,30.0,0.0
8589,36.61,4.78,0.0,0.0,1.83,0.1156,30.0,0.0
8590,34.66,7.27,0.0,1.64,0.0,0.1,29.02,0.0
8591,34.66,3.18,0.0,0.0,1.48,0.1126,30.0,0.0
8592,34.7,8.12,0.0,0.21,0.0,0.1,26.8,0.0
8593,34.7,5.61,0.0,0.91,0.0,0.1016,30.0,0.0
8594,34.7,5.15,0.0,0.45,0.0,0.1086,30.0,0.0
8595,34.7,4.79,0.0,0.1,0.0,0.1121,30.0,0.0
8596,34.7,4.19,0.0,0.0,0.51,0.1128,30.0,0.0
8597,34.7,5.89,0.0,1.19,0.0,0.1085,30.0,0.0
8598,34.7,2.63,0.0,0.0,2.06,0.1176,30.0,0.0
8599,36.65,4.22,4.16,0.0,0.0,0.1,28.27,0.0
8600,38.53,2.89,10.67,0.0,0.0,0.1,24.97,0.0
8601,40.26,2.09,15.1,0.0,0.0,0.1,23.06,0.0
8602,41.77,6.45,17.74,0.0,0.0,0.1,17.58,0.0
8603,43.01,3.35,20.24,0.07,0.0,0.1,19.5,0.0
8604,43.94,3.57,20.98,10.61,0.0,0.1005,30.0,0.0
8605,44.51,4.33,21.01,10.83,0.0,0.1821,30.0,0.0
8606,44.7,0.97,17.88,4.14,0.0,0.2653,30.0,0.0
8607,44.51,5.53,15.35,6.38,0.0,0.2971,30.0,0.0
8608,43.94,0.0,10.65,0.0,3.29,0.3461,30.0,0.0
8609,43.01,2.69,4.7,0.0,5.62,0.3181,30.0,0.0
8610,41.77,3.47,0.0,0.0,8.3,0.2702,30.0,0.0
8611,40.26,5.25,0.0,0.0,5.01,0.1996,30.0,0.0
8612,38.53,5.08,0.0,0.0,3.44,0.1569,30.0,0.0
8613,36.65,4.84,0.0,0.0,1.81,0.1276,30.0,0.0
8614,34.7,5.27,0.0,0.57,0.0,0.1122,30.0,0.0
8615,34.7,4.08,0.0,0.0,0.62,0.1165,30.0,0.0
8616,34.74,3.42,0.0,0.0,1.32,0.1113,30.0,0.0
8617,34.74,6.42,0.0,0.0,0.0,0.1,28.32,0.0
8618,34.74,6.24,0.0,0.0,0.0,0.1,28.51,0.0
8619,34.74,7.24,0.0,1.63,0.0,0.1,29.14,0.0
8620,34.74,3.7,0.0,0.0,1.04,0.1125,30.0,0.0
8621,34.74,5.4,0.0,0.66,0.0,0.1037,30.0,0.0
8622,34.74,3.71,0.0,0.0,1.03,0.1088,30.0,0.0
8623,36.69,5.38,4.25,0.0,0.0,0.1,27.07,0.0
8624,38.57,4.82,10.07,0.0,0.0,0.1,23.68,0.0
8625,40.3,3.42,14.09,0.0,0.0,0.1,22.79,0.0
8626,41.81,2.45,18.86,0.0,0.0,0.1,20.51,0.0
8627,43.06,4.09,21.61,0.0,0.0,0.1,17.36,0.0
8628,43.98,3.62,21.01,9.8,0.0,0.1,29.15,0.0
8629,44.55,1.84,21.44,8.73,0.0,0.1753,30.0,0.0
8630,44.74,1.1,18.04,4.39,0.0,0.2424,30.0,0.0
8631,44.55,2.74,15.51,3.7,0.0,0.2761,30.0,0.0
8632,43.98,5.49,10.02,1.53,0.0,0.3046,30.0,0.0
8633,43.06,5.32,5.13,0.0,2.61,0.3163,30.0,0.0
8634,41.81,2.58,0.0,0.0,9.24,0.2941,30.0,0.0
8635,40.3,2.86,0.0,0.0,7.44,0.2154,30.0,0.0
8636,38.57,6.53,0.0,0.0,2.04,0.1521,30.0,0.0
8637,36.69,3.51,0.0,0.0,3.18,0.1347,30.0,0.0
8638,34.74,5.98,0.0,1.24,0.0,0.1076,30.0,0.0
8639,34.74,4.58,0.0,0.0,0.16,0.1172,30.0,0.0
8640,34.79,7.69,0.0,2.9,0.0,0.1158,30.0,0.0
8641,34.79,4.37,0.0,0.0,0.41,0.1381,30.0,0.0
8642,34.79,6.85,0.0,2.07,0.0,0.1345,30.0,0.0
8643,34.79,5.32,0.0,0.54,0.0,0.1504,30.0,0.0
8644,34.79,5.13,0.0,0.35,0.0,0.1546,30.0,0.0
8645,34.79,1.76,0.0,0.0,3.03,0.1573,30.0,0.0
8646,34.79,1.09,0.0,0.0,3.7,0.1315,30.0,0.0
8647,36.74,3.45,4.46,0.0,0.0,0.1,28.83,0.0
8648,38.61,0.0,11.06,0.0,0.0,0.1,27.55,0.0
8649,40.34,1.59,14.83,0.0,0.0,0.1,23.92,0.0
8650,41.86,1.43,18.22,0.0,0.0,0.1,22.21,0.0
8651,43.1,0.0,19.94,0.0,0.0,0.1,23.16,0.0
8652,44.02,3.5,20.62,4.66,0.0,0.1,24.56,0.0
8653,44.59,2.59,20.55,8.55,0.0,0.1358,30.0,0.0
8654,44.79,3.99,18.98,8.18,0.0,0.2015,30.0,0.0
8655,44.59,1.53,14.0,0.94,0.0,0.2643,30.0,0.0
8656,44.02,2.93,10.16,0.0,0.93,0.2715,30.0,0.0
8657,43.1,6.0,5.5,0.0,1.59,0.2636,30.0,0.0
8658,41.86,4.2,0.0,0.0,7.66,0.25,30.0,0.0
8659,40.34,4.63,0.0,0.0,5.71,0.1848,30.0,0.0
8660,38.61,7.94,0.0,0.0,0.67,0.1362,30.0,0.0
8661,36.74,3.15,0.0,0.0,3.58,0.1305,30.0,0.0
8662,34.79,6.38,0.0,0.0,0.0,0.1,28.41,0.0
8663,34.79,7.7,0.0,0.0,0.0,0.1,27.08,0.0
8664,34.83,5.03,0.0,0.0,0.0,0.1,29.8,0.0
8665,34.83,6.6,0.0,1.75,0.0,0.1,29.97,0.0
8666,34.83,3.95,0.0,0.0,0.88,0.1134,30.0,0.0
8667,34.83,4.13,0.0,0.0,0.7,0.1059,30.0,0.0
8668,34.83,5.32,0.0,0.0,0.0,0.1,29.51,0.0
8669,34.83,5.55,0.0,0.0,0.0,0.1,29.28,0.0
8670,34.83,5.64,0.0,0.0,0.0,0.1,29.19,0.0
8671,36.78,5.9,5.38,0.0,0.0,0.1,25.5,0.0
8672,38.65,3.33,10.27,0.0,0.0,0.1,25.06,0.0
8673,40.38,4.77,14.4,0.0,0.0,0.1,21.21,0.0
8674,41.9,0.0,19.12,0.0,0.0,0.1,22.77,0.0
8675,43.14,4.02,20.48,0.0,0.0,0.1,18.64,0.0
8676,44.07,3.02,21.81,9.99,0.0,0.1,29.23,0.0
8677,44.64,3.39,21.05,9.81,0.0,0.1768,30.0,0.0
8678,44.83,3.5,19.27,7.94,0.0,0.2522,30.0,0.0
8679,44.64,0.94,14.73,1.04,0.0,0.3132,30.0,0.0
8680,44.07,1.88,9.9,0.0,2.29,0.3211,30.0,0.0
8681,43.14,3.89,5.46,0.0,3.79,0.3016,30.0,0.0
8682,41.9,1.79,0.0,0.0,10.1,0.2694,30.0,0.0
8683,40.38,5.6,0.0,0.0,4.79,0.1834,30.0,0.0
8684,38.65,5.98,0.0,0.0,2.67,0.1426,30.0,0.0
8685,36.78,5.52,0.0,0.0,1.26,0.1198,30.0,0.0
8686,34.83,3.76,0.0,0.0,1.07,0.1091,30.0,0.0
8687,34.83,7.32,0.0,0.0,0.0,0.1,27.51,0.0
8688,34.87,8.26,0.0,0.0,0.0,0.1,26.61,0.0
8689,34.87,5.63,0.0,0.0,0.0,0.1,29.24,0.0
8690,34.87,5.99,0.0,0.41,0.0,0.1,29.29,0.0
8691,34.87,5.35,0.0,0.48,0.0,0.1032,30.0,0.0
8692,34.87,5.52,0.0,0.65,0.0,0.1068,30.0,0.0
8693,34.87,4.3,0.0,0.0,0.57,0.1118,30.0,0.0
8694,34.87,4.06,0.0,0.0,0.81,0.1069,30.0,0.0
8695,36.82,4.99,4.06,0.0,0.0,0.1,27.77,0.0
8696,38.7,6.63,9.5,0.0,0.0,0.1,22.56,0.0
8697,40.43,1.22,15.85,0.0,0.0,0.1,23.36,0.0
8698,41.94,2.78,19.29,0.0,0.0,0.1,19.87,0.0
8699,43.19,1.17,20.63,0.0,0.0,0.1,21.39,0.0
8700,44.11,4.92,21.77,6.24,0.0,0.1,23.66,0.0
8701,44.68,1.98,21.12,8.42,0.0,0.1479,30.0,0.0
8702,44.87,0.94,18.64,4.71,0.0,0.2126,30.0,0.0
8703,44.68,4.01,14.31,3.64,0.0,0.2488,30.0,0.0
8704,44.11,5.81,10.72,2.42,0.0,0.2768,30.0,0.0
8705,43.19,4.66,4.31,0.0,4.22,0.2954,30.0,0.0
8706,41.94,4.39,0.0,0.0,7.56,0.2595,30.0,0.0
8707,40.43,5.02,0.0,0.0,5.41,0.1952,30.0,0.0
8708,38.7,6.73,0.0,0.0,1.97,0.1491,30.0,0.0
8709,36.82,3.88,0.0,0.0,2.94,0.1324,30.0,0.0
8710,34.87,5.14,0.0,0.27,0.0,0.1073,30.0,0.0
8711,34.87,4.81,0.0,0.0,0.06,0.1094,30.0,0.0
8712,34.91,3.88,0.0,0.0,1.04,0.1088,30.0,0.0
8713,34.91,4.98,0.0,0.0,0.0,0.1,29.93,0.0
8714,34.91,6.81,0.0,0.0,0.0,0.1,28.1,0.0
8715,34.91,5.85,0.0,0.0,0.0,0.1,29.06,0.0
8716,34.91,5.67,0.0,0.38,0.0,0.1,29.62,0.0
8717,34.91,4.66,0.0,0.0,0.25,0.1029,30.0,0.0
8718,34.91,4.82,0.0,0.0,0.09,0.1008,30.0,0.0
8719,36.86,2.66,5.72,0.0,0.0,0.1,28.49,0.0
8720,38.74,3.0,10.43,0.0,0.0,0.1,25.31,0.0
8721,40.47,3.4,15.61,0.0,0.0,0.1,21.46,0.0
8722,41.99,0.0,19.18,1.05,0.0,0.1,23.86,0.0
8723,43.23,3.22,20.16,10.16,0.0,0.1081,30.0,0.0
8724,44.15,2.55,20.81,9.2,0.0,0.1861,30.0,0.0
8725,44.72,2.27,20.09,7.63,0.0,0.2568,30.0,0.0
8726,44.91,7.24,18.1,10.43,0.0,0.3155,30.0,0.0
8727,44.72,4.38,14.59,4.24,0.0,0.3957,30.0,0.0
8728,44.15,3.99,10.53,0.36,0.0,0.4283,30.0,0.0
8729,43.23,3.43,4.65,0.0,5.15,0.4311,30.0,0.0
8730,41.99,3.49,0.0,0.0,8.5,0.3873,30.0,0.0
8731,40.47,4.28,0.0,0.0,6.19,0.3149,30.0,0.0
8732,38.74,5.19,0.0,0.0,3.55,0.2622,30.0,0.0
8733,36.86,2.5,0.0,0.0,4.36,0.232,30.0,0.0
8734,34.91,3.14,0.0,0.0,1.77,0.1949,30.0,0.0
8735,34.91,4.56,0.0,0.0,0.36,0.1798,30.0,0.0
8736,34.96,5.76,0.0,0.8,0.0,0.1768,30.0,0.0
8737,34.96,5.1,0.0,0.15,0.0,0.1829,30.0,0.0
8738,34.96,7.32,0.0,2.36,0.0,0.1841,30.0,0.0
8739,34.96,3.05,0.0,0.0,1.91,0.2022,30.0,0.0
8740,34.96,3.76,0.0,0.0,1.19,0.1859,30.0,0.0
8741,34.96,6.54,0.0,1.59,0.0,0.1758,30.0,0.0
8742,34.96,4.29,0.0,0.0,0.67,0.188,30.0,0.0
8743,36.91,4.96,5.18,3.23,0.0,0.1823,30.0,0.0
8744,38.78,6.23,10.71,8.16,0.0,0.2071,30.0,0.0
8745,40.51,2.19,14.29,5.97,0.0,0.2698,30.0,0.0
8746,42.03,2.79,19.21,9.97,0.0,0.3156,30.0,0.0
8747,43.27,2.41,21.54,10.68,0.0,0.3922,30.0,0.0
8748,44.2,0.06,21.54,7.4,0.0,0.4743,30.0,0.0
8749,44.76,2.36,21.4,9.0,0.0,0.5312,30.0,0.0
8750,44.96,4.13,18.42,7.59,0.0,0.6004,30.0,0.0
8751,44.76,3.88,14.73,3.85,0.0,0.6587,30.0,0.0
8752,44.2,4.27,9.94,0.02,0.0,0.6882,30.0,0.0
8753,43.27,3.24,4.4,0.0,5.63,0.6884,30.0,0.0
8754,42.03,3.21,0.0,0.0,8.82,0.6404,30.0,0.0
8755,40.51,6.2,0.0,0.0,4.31,0.5654,30.0,0.0
8756,38.78,4.11,0.0,0.0,4.67,0.5286,30.0,0.0
8757,36.91,5.48,0.0,0.0,1.43,0.4889,30.0,0.0
8758,34.96,5.52,0.0,0.56,0.0,0.4767,30.0,0.0
8759,34.96,7.43,0.0,2.47,0.0,0.481,30.0,0.0
