Hour,Load,P_WT,P_PV,P_ST_Charge,P_ST_Discharge,SOC,P_Grid_Buy,P_Grid_Sell
0,35.0,44.27,0.0,9.27,0.0,0.5,0.0,0.0
1,35.0,35.0,0.0,0.0,0.0,0.808,0.0,0.0
2,35.0,23.83,0.0,0.0,11.17,0.808,0.0,0.0
3,35.0,35.0,0.0,0.0,0.0,0.3969,0.0,0.0
4,35.0,32.15,0.0,0.0,2.85,0.3969,0.0,0.0
5,35.0,29.78,0.0,0.0,5.22,0.2922,0.0,0.0
6,35.0,45.08,0.0,10.08,0.0,0.1,0.0,0.0
7,36.95,34.54,7.35,4.94,0.0,0.435,0.0,0.0
8,38.83,19.99,16.29,0.0,2.54,0.599,0.0,0.0
9,40.56,27.92,24.52,11.88,0.0,0.5054,0.0,0.0
10,42.07,11.63,30.44,0.0,0.0,0.9,0.0,0.0
11,43.31,10.4,32.91,0.0,0.0,0.9,0.0,0.0
12,44.24,22.07,22.17,0.0,0.0,0.9,0.0,0.0
13,44.81,1.19,34.93,0.0,8.69,0.9,0.0,0.0
14,45.0,4.03,30.28,0.0,0.0,0.5801,10.7,0.0
15,44.81,17.04,23.48,0.0,0.0,0.5801,4.29,0.0
16,44.24,14.64,17.62,0.0,0.0,0.5801,11.97,0.0
17,43.31,30.08,8.88,0.0,4.35,0.5801,0.0,0.0
18,42.07,20.6,0.0,0.0,0.0,0.4198,21.47,0.0
19,40.56,18.18,0.0,0.0,0.0,0.4198,22.38,0.0
20,38.83,48.89,0.0,10.06,0.0,0.4198,0.0,0.0
21,36.95,34.27,0.0,0.0,0.0,0.754,2.68,0.0
22,35.0,38.73,0.0,3.73,0.0,0.754,0.0,0.0
23,35.0,25.02,0.0,0.0,2.97,0.8778,7.01,0.0
24,35.04,34.02,0.0,0.0,1.02,0.7685,0.0,0.0
25,35.04,40.14,0.0,5.09,0.0,0.7308,0.0,0.0
26,35.04,26.73,0.0,0.0,8.31,0.9,0.0,0.0
27,35.04,40.2,0.0,5.15,0.0,0.594,0.0,0.0
28,35.04,28.54,0.0,0.0,6.5,0.7651,0.0,0.0
29,35.04,29.21,0.0,0.0,5.83,0.5259,0.0,0.0
30,35.04,23.61,0.0,0.0,5.74,0.3113,5.69,0.0
31,36.99,45.22,8.11,16.34,0.0,0.1,0.0,0.0
32,38.87,24.48,10.03,0.0,4.36,0.6428,0.0,0.0
33,40.6,12.16,24.24,0.0,4.2,0.4824,0.0,0.0
34,42.11,29.11,30.23,17.22,0.0,0.3279,0.0,0.0
35,43.36,0.0,32.02,0.0,11.34,0.9,0.0,0.0
36,44.28,21.75,35.1,12.57,0.0,0.4826,0.0,0.0
37,44.85,0.73,32.46,0.0,0.0,0.9,11.66,0.0
38,45.04,7.93,28.67,0.0,7.03,0.9,1.41,0.0
39,44.85,24.51,24.22,3.88,0.0,0.6411,0.0,0.0
40,44.28,31.88,16.32,3.92,0.0,0.7699,0.0,0.0
41,43.36,28.67,9.07,0.0,5.61,0.9,0.0,0.0
42,42.11,28.4,0.0,0.0,0.0,0.6933,13.72,0.0
43,40.6,29.12,0.0,0.0,0.0,0.6933,11.48,0.0
44,38.87,19.9,0.0,0.0,7.02,0.6933,11.95,0.0
45,36.99,29.41,0.0,0.0,7.58,0.435,0.0,0.0
46,35.04,33.53,0.0,0.0,1.52,0.1558,0.0,0.0
47,35.04,49.45,0.0,14.41,0.0,0.1,0.0,0.0
48,35.09,42.76,0.0,7.67,0.0,0.5786,0.0,0.0
49,35.09,21.68,0.0,0.0,13.4,0.8335,0.0,0.0
50,35.09,41.25,0.0,6.16,0.0,0.3401,0.0,0.0
51,35.09,32.7,0.0,0.0,2.39,0.5448,0.0,0.0
52,35.09,27.79,0.0,0.0,0.0,0.457,7.3,0.0
53,35.09,38.1,0.0,3.01,0.0,0.457,0.0,0.0
54,35.09,35.09,0.0,0.0,0.0,0.5571,0.0,0.0
55,37.04,36.15,8.51,7.63,0.0,0.5571,0.0,0.0
56,38.91,16.35,16.96,0.0,5.61,0.8105,0.0,0.0
57,40.64,19.52,21.12,0.0,0.0,0.6041,0.0,0.0
58,42.16,13.24,28.92,0.0,0.0,0.6041,0.0,0.0
59,43.4,9.75,33.65,0.0,0.0,0.6041,0.0,0.0
60,44.32,9.91,34.42,0.0,0.0,0.6041,0.0,0.0
61,44.89,18.19,26.7,0.0,0.0,0.6041,0.0,0.0
62,45.09,10.11,29.67,0.0,0.0,0.6041,5.3,0.0
63,44.89,10.79,23.73,0.0,10.37,0.6041,0.0,0.0
64,44.32,32.61,15.68,3.96,0.0,0.2223,0.0,0.0
65,43.4,40.33,9.18,6.11,0.0,0.354,0.0,0.0
66,42.16,28.82,0.0,0.0,5.52,0.557,7.82,0.0
67,40.64,40.64,0.0,0.0,0.0,0.3538,0.0,0.0
68,38.91,38.01,0.0,0.0,0.0,0.3538,0.9,0.0
69,37.04,30.14,0.0,0.0,6.9,0.3538,0.0,0.0
70,35.09,41.61,0.0,6.53,0.0,0.1,0.0,0.0
71,35.09,52.64,0.0,17.56,0.0,0.3169,0.0,0.0
72,35.13,35.13,0.0,0.0,0.0,0.9,0.0,0.0
73,35.13,35.13,0.0,0.0,0.0,0.9,0.0,0.0
74,35.13,12.26,0.0,0.0,21.74,0.9,1.14,0.0
75,35.13,44.58,0.0,9.45,0.0,0.1,0.0,0.0
76,35.13,35.13,0.0,0.0,0.0,0.4138,0.0,0.0
77,35.13,29.13,0.0,14.64,0.0,0.4138,20.64,0.0
78,35.13,30.43,0.0,0.0,0.0,0.9,4.7,0.0
79,37.08,7.41,7.35,0.0,21.74,0.9,0.59,0.0
80,38.96,22.44,17.28,0.76,0.0,0.1,0.0,0.0
81,40.68,26.08,14.61,0.0,0.0,0.1253,0.0,0.0
82,42.2,35.55,6.65,0.0,0.0,0.1253,0.0,0.0
83,43.44,14.91,28.53,0.0,0.0,0.1253,0.0,0.0
84,44.37,10.67,33.7,0.0,0.0,0.1253,0.0,0.0
85,44.94,12.23,32.7,0.0,0.0,0.1253,0.0,0.0
86,45.13,30.01,15.12,0.0,0.0,0.1253,0.0,0.0
87,44.94,19.27,25.66,0.0,0.0,0.1253,0.0,0.0
88,44.37,19.38,17.32,0.0,0.0,0.1253,7.66,0.0
89,43.44,32.03,8.24,0.0,0.0,0.1253,3.17,0.0
90,42.2,30.48,0.0,0.0,0.0,0.1253,11.72,0.0
91,40.68,40.68,0.0,0.0,0.0,0.1253,0.0,0.0
92,38.96,27.53,0.0,0.0,0.0,0.1253,11.42,0.0
93,37.08,33.26,0.0,0.0,0.69,0.1253,3.13,0.0
94,35.13,34.19,0.0,0.0,0.0,0.1,0.94,0.0
95,35.13,24.62,0.0,0.0,0.0,0.1,10.51,0.0
96,35.17,42.27,0.0,7.1,0.0,0.1,0.0,0.0
97,35.17,41.59,0.0,6.42,0.0,0.3359,0.0,0.0
98,35.17,38.09,0.0,2.92,0.0,0.5492,0.0,0.0
99,35.17,34.16,0.0,0.0,0.0,0.6461,1.01,0.0
100,35.17,20.5,0.0,0.0,0.0,0.6461,14.67,0.0
101,35.17,27.92,0.0,0.0,0.0,0.6461,7.25,0.0
102,35.17,26.14,0.0,0.0,9.03,0.6461,0.0,0.0
103,37.12,19.07,9.06,0.0,0.0,0.3136,9.0,0.0
104,39.0,21.7,17.3,0.0,0.0,0.3136,0.0,0.0
105,40.73,16.89,23.84,0.0,0.0,0.3136,0.0,0.0
106,42.24,13.15,29.09,0.0,0.0,0.3136,0.0,0.0
107,43.49,21.72,21.77,0.0,0.0,0.3136,0.0,0.0
108,44.41,22.2,22.21,0.0,0.0,0.3136,0.0,0.0
109,44.98,19.27,25.71,0.0,0.0,0.3136,0.0,0.0
110,45.17,2.1,30.68,0.0,4.33,0.3136,8.07,0.0
111,44.98,22.29,22.69,0.0,0.0,0.1544,0.0,0.0
112,44.41,25.18,17.75,0.0,1.48,0.1544,0.0,0.0
113,43.49,51.22,6.96,14.69,0.0,0.1,0.0,0.0
114,42.24,27.62,0.0,0.0,0.0,0.5879,14.62,0.0
115,40.73,35.03,0.0,0.0,0.0,0.5879,5.7,0.0
116,39.0,34.09,0.0,0.0,0.0,0.5879,4.91,0.0
117,37.12,23.87,0.0,0.0,13.26,0.5879,0.0,0.0
118,35.17,48.0,0.0,12.83,0.0,0.1,0.0,0.0
119,35.17,46.43,0.0,11.25,0.0,0.5262,0.0,0.0
120,35.21,35.21,0.0,0.0,0.0,0.9,0.0,0.0
121,35.21,20.21,0.0,0.0,15.0,0.9,0.0,0.0
122,35.21,51.84,0.0,16.62,0.0,0.3479,0.0,0.0
123,35.21,14.11,0.0,0.0,21.1,0.9,0.0,0.0
124,35.21,40.2,0.0,4.99,0.0,0.1233,0.0,0.0
125,35.21,53.61,0.0,18.4,0.0,0.2889,0.0,0.0
126,35.21,19.75,0.0,0.0,13.72,0.9,1.75,0.0
127,37.17,21.38,7.77,0.0,8.02,0.3951,0.0,0.0
128,39.04,25.56,13.48,0.0,0.0,0.1,0.0,0.0
129,40.77,16.09,24.68,0.0,0.0,0.1,0.0,0.0
130,42.29,5.71,29.49,0.0,0.0,0.1,7.09,0.0
131,43.53,20.66,34.86,11.99,0.0,0.1,0.0,0.0
132,44.45,9.2,34.78,0.0,0.48,0.4983,0.0,0.0
133,45.02,24.65,32.73,12.36,0.0,0.4807,0.0,0.0
134,45.21,0.11,28.73,0.0,16.38,0.8914,0.0,0.0
135,45.02,37.8,25.63,18.41,0.0,0.2886,0.0,0.0
136,44.45,16.87,17.0,0.0,4.03,0.9,6.56,0.0
137,43.53,23.78,8.85,0.0,10.9,0.7518,0.0,0.0
138,42.29,37.51,0.0,0.0,4.78,0.3508,0.0,0.0
139,40.77,19.93,0.0,0.0,0.0,0.175,20.84,0.0
140,39.04,36.66,0.0,0.0,0.0,0.175,2.38,0.0
141,37.17,49.33,0.0,12.16,0.0,0.175,0.0,0.0
142,35.21,22.2,0.0,0.0,13.02,0.579,0.0,0.0
143,35.21,40.83,0.0,5.61,0.0,0.1,0.0,0.0
144,35.26,41.89,0.0,6.63,0.0,0.2864,0.0,0.0
145,35.26,46.69,0.0,11.43,0.0,0.5066,0.0,0.0
146,35.26,25.83,0.0,0.0,3.5,0.8864,5.93,0.0
147,35.26,23.44,0.0,0.0,0.0,0.7576,11.81,0.0
148,35.26,39.54,0.0,4.29,0.0,0.7576,0.0,0.0
149,35.26,34.96,0.0,0.0,0.3,0.9,0.0,0.0
150,35.26,31.95,0.0,0.0,0.0,0.8889,3.31,0.0
151,37.21,30.35,6.86,0.0,0.0,0.8889,0.0,0.0
152,39.08,17.87,17.46,0.0,3.76,0.8889,0.0,0.0
153,40.81,24.81,16.01,0.0,0.0,0.7506,0.0,0.0
154,42.33,12.59,29.73,0.0,0.0,0.7506,0.0,0.0
155,43.57,8.51,35.06,0.0,0.0,0.7506,0.0,0.0
156,44.5,38.01,6.49,0.0,0.0,0.7506,0.0,0.0
157,45.07,24.64,20.43,0.0,0.0,0.7506,0.0,0.0
158,45.26,9.23,29.64,0.0,6.39,0.7506,0.0,0.0
159,45.07,28.99,24.59,8.51,0.0,0.5154,0.0,0.0
160,44.5,14.96,17.0,0.0,12.53,0.798,0.0,0.0
161,43.57,34.68,7.18,0.0,1.71,0.337,0.0,0.0
162,42.33,40.89,0.0,0.0,0.0,0.2742,1.44,0.0
163,40.81,23.95,0.0,0.0,4.73,0.2742,12.13,0.0
164,39.08,39.08,0.0,0.0,0.0,0.1,0.0,0.0
165,37.21,37.21,0.0,0.0,0.0,0.1,0.0,0.0
166,35.26,36.93,0.0,1.67,0.0,0.1,0.0,0.0
167,35.26,57.67,0.0,22.41,0.0,0.1556,0.0,0.0
168,35.3,35.3,0.0,0.0,0.0,0.9,0.0,0.0
169,35.3,31.55,0.0,0.0,3.75,0.9,0.0,0.0
170,35.3,29.23,0.0,0.0,0.0,0.7621,6.07,0.0
171,35.3,28.39,0.0,0.0,0.0,0.7621,6.91,0.0
172,35.3,33.63,0.0,0.0,1.67,0.7621,0.0,0.0
173,35.3,35.37,0.0,0.07,0.0,0.7005,0.0,0.0
174,35.3,32.19,0.0,0.0,3.11,0.7029,0.0,0.0
175,37.25,28.14,9.11,0.0,0.0,0.5884,0.0,0.0
176,39.13,21.02,18.11,0.0,0.0,0.5884,0.0,0.0
177,40.86,36.81,4.04,0.0,0.0,0.5884,0.0,0.0
178,42.37,11.78,30.59,0.0,0.0,0.5884,0.0,0.0
179,43.62,9.43,34.18,0.0,0.0,0.5884,0.0,0.0
180,44.54,25.78,18.76,0.0,0.0,0.5884,0.0,0.0
181,45.11,10.02,35.09,0.0,0.0,0.5884,0.0,0.0
182,45.3,10.39,31.18,0.0,3.72,0.5884,0.0,0.0
183,45.11,27.25,23.51,5.66,0.0,0.4514,0.0,0.0
184,44.54,22.34,16.95,0.0,5.25,0.6394,0.0,0.0
185,43.62,33.95,7.07,0.0,0.0,0.4461,2.6,0.0
186,42.37,34.12,0.0,0.0,8.25,0.4461,0.0,0.0
187,40.86,31.3,0.0,0.0,0.0,0.1425,9.56,0.0
188,39.13,26.05,0.0,0.0,0.0,0.1425,13.08,0.0
189,37.25,21.51,0.0,0.0,0.0,0.1425,15.74,0.0
190,35.3,33.59,0.0,0.0,0.0,0.1425,1.71,0.0
191,35.3,47.41,0.0,12.11,0.0,0.1425,0.0,0.0
192,35.34,41.4,0.0,6.05,0.0,0.5446,0.0,0.0
193,35.34,26.69,0.0,0.0,8.66,0.7457,0.0,0.0
194,35.34,35.34,0.0,0.0,0.0,0.4271,0.0,0.0
195,35.34,40.2,0.0,4.85,0.0,0.4271,0.0,0.0
196,35.34,25.66,0.0,0.0,9.68,0.5884,0.0,0.0
197,35.34,33.5,0.0,0.0,0.0,0.2321,1.84,0.0
198,35.34,30.02,0.0,0.0,0.0,0.2321,5.33,0.0
199,37.29,15.64,9.15,0.0,0.0,0.2321,12.5,0.0
200,39.17,22.42,16.75,0.0,0.0,0.2321,0.0,0.0
201,40.9,28.0,12.9,0.0,0.0,0.2321,0.0,0.0
202,42.41,31.58,10.83,0.0,0.0,0.2321,0.0,0.0
203,43.66,30.31,13.35,0.0,0.0,0.2321,0.0,0.0
204,44.58,6.03,34.46,0.0,0.0,0.2321,4.09,0.0
205,45.15,10.7,33.79,0.0,0.66,0.2321,0.0,0.0
206,45.34,25.99,19.36,0.0,0.0,0.2079,0.0,0.0
207,45.15,27.54,17.61,0.0,0.0,0.2079,0.0,0.0
208,44.58,29.59,14.99,0.0,0.0,0.2079,0.0,0.0
209,43.66,34.29,9.37,0.0,0.0,0.2079,0.0,0.0
210,42.41,35.06,0.0,0.0,2.93,0.2079,4.42,0.0
211,40.9,40.9,0.0,0.0,0.0,0.1,0.0,0.0
212,39.17,39.17,0.0,0.0,0.0,0.1,0.0,0.0
213,37.29,42.82,0.0,5.52,0.0,0.1,0.0,0.0
214,35.34,30.36,0.0,0.0,4.98,0.2835,0.0,0.0
215,35.34,46.42,0.0,11.08,0.0,0.1,0.0,0.0
216,35.39,28.62,0.0,0.0,6.76,0.4681,0.0,0.0
217,35.39,36.6,0.0,1.21,0.0,0.2192,0.0,0.0
218,35.39,33.17,0.0,0.0,2.22,0.2595,0.0,0.0
219,35.39,35.39,0.0,0.0,0.0,0.1777,0.0,0.0
220,35.39,57.13,0.0,21.74,0.0,0.1777,0.0,0.0
221,35.39,13.58,0.0,0.0,21.74,0.9,0.07,0.0
222,35.39,36.17,0.0,0.79,0.0,0.1,0.0,0.0
223,37.34,10.99,6.78,0.0,0.0,0.1262,19.57,0.0
224,39.21,19.85,15.66,0.0,0.0,0.1262,3.71,0.0
225,40.94,33.18,7.76,0.0,0.0,0.1262,0.0,0.0
226,42.46,11.94,30.51,0.0,0.0,0.1262,0.0,0.0
227,43.7,9.3,34.08,0.0,0.0,0.1262,0.33,0.0
228,44.62,8.72,35.9,0.0,0.0,0.1262,0.0,0.0
229,45.19,26.6,18.59,0.0,0.0,0.1262,0.0,0.0
230,45.39,13.7,31.18,0.0,0.5,0.1262,0.0,0.0
231,45.19,24.59,25.76,5.16,0.0,0.1076,0.0,0.0
232,44.62,24.94,17.7,0.0,1.98,0.279,0.0,0.0
233,43.7,20.45,7.1,0.0,0.0,0.2063,16.14,0.0
234,42.46,50.53,0.0,8.07,0.0,0.2063,0.0,0.0
235,40.94,38.21,0.0,0.0,0.0,0.4743,2.73,0.0
236,39.21,14.4,0.0,0.0,10.17,0.4743,14.64,0.0
237,37.34,37.34,0.0,0.0,0.0,0.1,0.0,0.0
238,35.39,31.43,0.0,0.0,0.0,0.1,3.96,0.0
239,35.39,47.32,0.0,11.93,0.0,0.1,0.0,0.0
240,35.43,31.43,0.0,0.0,0.0,0.4964,4.0,0.0
241,35.43,31.13,0.0,0.0,4.29,0.4964,0.0,0.0
242,35.43,42.89,0.0,7.46,0.0,0.3384,0.0,0.0
243,35.43,44.88,0.0,9.45,0.0,0.5862,0.0,0.0
244,35.43,22.5,0.0,0.0,12.93,0.9,0.0,0.0
245,35.43,28.65,0.0,0.0,0.0,0.424,6.78,0.0
246,35.43,24.71,0.0,0.0,0.0,0.424,10.71,0.0
247,37.38,20.41,8.53,0.0,8.44,0.424,0.0,0.0
248,39.26,23.2,16.05,0.0,0.0,0.1132,0.0,0.0
249,40.98,17.28,23.7,0.0,0.0,0.1132,0.0,0.0
250,42.5,8.45,31.34,0.0,0.36,0.1132,2.35,0.0
251,43.74,28.92,14.83,0.0,0.0,0.1,0.0,0.0
252,44.67,40.44,4.23,0.0,0.0,0.1,0.0,0.0
253,45.24,30.05,15.19,0.0,0.0,0.1,0.0,0.0
254,45.43,5.91,31.4,0.0,0.0,0.1,8.13,0.0
255,45.24,17.66,23.19,0.0,0.0,0.1,4.38,0.0
256,44.67,36.94,16.5,8.77,0.0,0.1,0.0,0.0
257,43.74,19.88,6.95,0.0,0.0,0.3914,16.92,0.0
258,42.5,33.76,0.0,0.0,0.0,0.3914,8.74,0.0
259,40.98,39.57,0.0,0.0,0.0,0.3914,1.42,0.0
260,39.26,25.19,0.0,15.31,0.0,0.3914,29.38,0.0
261,37.38,35.77,0.0,0.0,0.0,0.9,1.61,0.0
262,35.43,6.01,0.0,0.0,21.74,0.9,7.69,0.0
263,35.43,28.81,0.0,0.0,0.0,0.1,6.61,0.0
264,35.47,35.47,0.0,0.0,0.0,0.1,0.0,0.0
265,35.47,26.58,0.0,0.0,0.0,0.1,8.89,0.0
266,35.47,53.96,0.0,18.49,0.0,0.1,0.0,0.0
267,35.47,22.24,0.0,0.0,0.0,0.7141,13.23,0.0
268,35.47,29.95,0.0,0.0,5.52,0.7141,0.0,0.0
269,35.47,33.2,0.0,0.0,0.0,0.5109,2.28,0.0
270,35.47,43.55,0.0,8.08,0.0,0.5109,0.0,0.0
271,37.42,12.68,8.48,0.0,16.26,0.7793,0.0,0.0
272,39.3,35.89,3.41,0.0,0.0,0.1807,0.0,0.0
273,41.03,15.97,25.06,0.0,0.0,0.1807,0.0,0.0
274,42.54,11.17,30.43,0.0,0.0,0.1807,0.94,0.0
275,43.79,24.4,19.39,0.0,0.0,0.1807,0.0,0.0
276,44.71,21.47,23.23,0.0,0.0,0.1807,0.0,0.0
277,45.28,13.94,31.34,0.0,0.0,0.1807,0.0,0.0
278,45.47,21.52,23.95,0.0,0.0,0.1807,0.0,0.0
279,45.28,18.6,26.08,0.0,0.0,0.1807,0.6,0.0
280,44.71,25.55,15.82,0.0,0.0,0.1807,3.33,0.0
281,43.79,33.33,9.53,0.0,0.0,0.1807,0.93,0.0
282,42.54,44.97,0.0,2.43,0.0,0.1807,0.0,0.0
283,41.03,19.72,0.0,0.0,4.39,0.2616,16.92,0.0
284,39.3,55.28,0.0,15.99,0.0,0.1,0.0,0.0
285,37.42,17.1,0.0,0.0,14.43,0.631,5.89,0.0
286,35.47,35.47,0.0,0.0,0.0,0.1,0.0,0.0
287,35.47,44.66,0.0,9.19,0.0,0.1,0.0,0.0
288,35.51,41.94,0.0,6.43,0.0,0.4053,0.0,0.0
289,35.51,32.71,0.0,0.0,0.0,0.6188,2.81,0.0
290,35.51,35.8,0.0,0.29,0.0,0.6188,0.0,0.0
291,35.51,31.43,0.0,0.0,4.08,0.6284,0.0,0.0
292,35.51,28.45,0.0,0.0,0.0,0.4783,7.07,0.0
293,35.51,40.24,0.0,4.73,0.0,0.4783,0.0,0.0
294,35.51,32.84,0.0,0.0,0.0,0.6353,2.67,0.0
295,37.46,19.96,6.77,0.0,0.0,0.6353,10.74,0.0
296,39.34,23.31,16.03,0.0,0.0,0.6353,0.0,0.0
297,41.07,25.39,15.68,0.0,0.0,0.6353,0.0,0.0
298,42.58,10.85,31.73,0.0,0.0,0.6353,0.0,0.0
299,43.83,26.02,17.81,0.0,0.0,0.6353,0.0,0.0
300,44.75,11.32,33.43,0.0,0.0,0.6353,0.0,0.0
301,45.32,11.68,33.64,0.0,0.0,0.6353,0.0,0.0
302,45.51,28.16,17.36,0.0,0.0,0.6353,0.0,0.0
303,45.32,28.37,16.95,0.0,0.0,0.6353,0.0,0.0
304,44.75,24.2,17.86,0.0,0.0,0.6353,2.7,0.0
305,43.83,27.93,6.96,0.0,0.0,0.6353,8.93,0.0
306,42.58,41.91,0.0,0.0,0.0,0.6353,0.68,0.0
307,41.07,26.05,0.0,0.0,14.54,0.6353,0.47,0.0
308,39.34,39.64,0.0,0.3,0.0,0.1,0.0,0.0
309,37.46,34.3,0.0,0.0,0.0,0.1098,3.17,0.0
310,35.51,35.51,0.0,0.0,0.0,0.1098,0.0,0.0
311,35.51,49.65,0.0,14.14,0.0,0.1098,0.0,0.0
312,35.55,35.55,0.0,0.0,0.0,0.5796,0.0,0.0
313,35.55,35.55,0.0,0.0,0.0,0.5796,0.0,0.0
314,35.55,35.55,0.0,0.0,0.0,0.5796,0.0,0.0
315,35.55,35.55,0.0,0.0,0.0,0.5796,0.0,0.0
316,35.55,40.93,0.0,5.37,0.0,0.5796,0.0,0.0
317,35.55,28.78,0.0,0.0,6.77,0.758,0.0,0.0
318,35.55,32.48,0.0,0.0,3.07,0.5088,0.0,0.0
319,37.51,25.46,8.11,0.0,3.94,0.3957,0.0,0.0
320,39.38,25.32,14.06,0.0,0.0,0.2509,0.0,0.0
321,41.11,28.19,12.92,0.0,0.0,0.2509,0.0,0.0
322,42.63,12.71,29.38,0.0,0.0,0.2509,0.53,0.0
323,43.87,40.38,3.49,0.0,0.0,0.2509,0.0,0.0
324,44.79,7.8,37.0,0.0,0.0,0.2509,0.0,0.0
325,45.36,7.83,34.66,0.0,0.0,0.2509,2.87,0.0
326,45.55,32.17,13.39,0.0,0.0,0.2509,0.0,0.0
327,45.36,30.12,15.24,0.0,0.0,0.2509,0.0,0.0
328,44.79,26.3,18.5,0.0,0.0,0.2509,0.0,0.0
329,43.87,32.93,6.85,0.0,0.0,0.2509,4.09,0.0
330,42.63,29.17,0.0,0.0,0.0,0.2509,13.46,0.0
331,41.11,23.0,0.0,0.0,0.0,0.2509,18.11,0.0
332,39.38,34.96,0.0,0.0,0.0,0.2509,4.42,0.0
333,37.51,29.59,0.0,0.0,0.0,0.2509,7.92,0.0
334,35.55,47.42,0.0,11.86,0.0,0.2509,0.0,0.0
335,35.55,35.55,0.0,0.0,0.0,0.6449,0.0,0.0
336,35.6,30.97,0.0,0.0,4.63,0.6449,0.0,0.0
337,35.6,35.6,0.0,0.0,0.0,0.4746,0.0,0.0
338,35.6,41.84,0.0,6.25,0.0,0.4746,0.0,0.0
339,35.6,30.66,0.0,0.0,0.0,0.6821,4.93,0.0
340,35.6,26.08,0.0,0.0,5.77,0.6821,3.75,0.0
341,35.6,34.2,0.0,0.0,0.0,0.4697,1.4,0.0
342,35.6,31.66,0.0,0.0,0.0,0.4697,3.93,0.0
343,37.55,21.71,7.73,0.0,8.11,0.4697,0.0,0.0
344,39.42,19.69,17.8,0.0,1.94,0.1713,0.0,0.0
345,41.15,24.57,25.71,9.13,0.0,0.1,0.0,0.0
346,42.67,6.47,31.24,0.0,4.96,0.4034,0.0,0.0
347,43.91,5.88,34.75,0.0,3.28,0.2208,0.0,0.0
348,44.84,12.33,34.58,2.08,0.0,0.1,0.0,0.0
349,45.4,17.64,33.5,5.73,0.0,0.1691,0.0,0.0
350,45.6,23.79,18.32,0.0,3.49,0.3595,0.0,0.0
351,45.4,36.82,23.44,14.85,0.0,0.231,0.0,0.0
352,44.84,32.77,17.35,5.28,0.0,0.7244,0.0,0.0
353,43.91,25.13,8.9,0.0,2.51,0.9,7.37,0.0
354,42.67,29.06,0.0,0.0,0.0,0.8075,13.6,0.0
355,41.15,21.93,0.0,0.0,19.22,0.8075,0.0,0.0
356,39.42,33.99,0.0,0.0,0.0,0.1,5.43,0.0
357,37.55,33.37,0.0,0.0,0.0,0.1,4.18,0.0
358,35.6,40.95,0.0,5.36,0.0,0.1,0.0,0.0
359,35.6,30.62,0.0,0.0,0.0,0.278,4.98,0.0
360,35.64,44.17,0.0,8.53,0.0,0.278,0.0,0.0
361,35.64,45.83,0.0,10.2,0.0,0.5613,0.0,0.0
362,35.64,35.64,0.0,0.0,0.0,0.9,0.0,0.0
363,35.64,30.87,0.0,0.0,4.77,0.9,0.0,0.0
364,35.64,40.93,0.0,5.29,0.0,0.7243,0.0,0.0
365,35.64,27.81,0.0,0.0,7.83,0.9,0.0,0.0
366,35.64,31.42,0.0,0.0,0.0,0.6118,4.22,0.0
367,37.59,26.79,8.65,0.0,2.15,0.6118,0.0,0.0
368,39.47,25.25,17.03,2.81,0.0,0.5326,0.0,0.0
369,41.19,14.64,24.31,0.0,2.25,0.6261,0.0,0.0
370,42.71,13.13,29.58,0.0,0.0,0.5432,0.0,0.0
371,43.95,9.64,34.31,0.0,0.0,0.5432,0.0,0.0
372,44.88,33.65,11.23,0.0,0.0,0.5432,0.0,0.0
373,45.45,29.14,16.3,0.0,0.0,0.5432,0.0,0.0
374,45.64,15.65,29.99,0.0,0.0,0.5432,0.0,0.0
375,45.45,14.69,25.79,0.0,4.96,0.5432,0.0,0.0
376,44.88,32.88,16.19,4.19,0.0,0.3606,0.0,0.0
377,43.95,28.47,8.26,0.0,7.22,0.4999,0.0,0.0
378,42.71,50.77,0.0,8.06,0.0,0.234,0.0,0.0
379,41.19,23.8,0.0,0.0,0.0,0.5017,17.39,0.0
380,39.47,25.86,0.0,0.0,4.67,0.5017,8.93,0.0
381,37.59,30.27,0.0,0.0,0.0,0.3296,7.32,0.0
382,35.64,16.83,0.0,0.0,0.0,0.3296,18.81,0.0
383,35.64,33.54,0.0,0.0,2.1,0.3296,0.0,0.0
384,35.68,31.54,0.0,0.0,4.14,0.2525,0.0,0.0
385,35.68,35.68,0.0,0.0,0.0,0.1,0.0,0.0
386,35.68,41.06,0.0,5.38,0.0,0.1,0.0,0.0
387,35.68,46.62,0.0,10.94,0.0,0.2786,0.0,0.0
388,35.68,43.44,0.0,7.76,0.0,0.6421,0.0,0.0
389,35.68,26.03,0.0,0.0,6.38,0.9,3.27,0.0
390,35.68,20.32,0.0,0.0,15.36,0.6653,0.0,0.0
391,37.63,31.46,8.64,2.47,0.0,0.1,0.0,0.0
392,39.51,11.24,15.87,0.0,0.0,0.1821,12.4,0.0
393,41.24,40.23,1.0,0.0,0.0,0.1821,0.0,0.0
394,42.75,32.25,10.5,0.0,0.0,0.1821,0.0,0.0
395,43.99,15.04,28.96,0.0,0.0,0.1821,0.0,0.0
396,44.92,2.45,36.79,0.0,0.0,0.1821,5.68,0.0
397,45.49,32.98,12.5,0.0,0.0,0.1821,0.0,0.0
398,45.68,19.51,26.17,0.0,0.0,0.1821,0.0,0.0
399,45.49,21.57,23.91,0.0,0.0,0.1821,0.0,0.0
400,44.92,8.54,17.34,0.0,0.0,0.1821,19.04,0.0
401,43.99,20.72,8.84,0.0,0.0,0.1821,14.44,0.0
402,42.75,29.22,0.0,0.0,0.0,0.1821,13.53,0.0
403,41.24,32.18,0.0,0.0,0.0,0.1821,9.06,0.0
404,39.51,29.66,0.0,0.0,0.0,0.1821,9.85,0.0
405,37.63,42.26,0.0,4.63,0.0,0.1821,0.0,0.0
406,35.68,27.18,0.0,0.0,6.41,0.3358,2.09,0.0
407,35.68,35.68,0.0,0.0,0.0,0.1,0.0,0.0
408,35.72,40.15,0.0,4.43,0.0,0.1,0.0,0.0
409,35.72,43.69,0.0,7.97,0.0,0.247,0.0,0.0
410,35.72,44.65,0.0,8.93,0.0,0.5118,0.0,0.0
411,35.72,25.01,0.0,0.0,0.0,0.8084,10.71,0.0
412,35.72,18.94,0.0,0.0,16.79,0.8084,0.0,0.0
413,35.72,44.24,0.0,8.52,0.0,0.1906,0.0,0.0
414,35.72,32.39,0.0,0.0,0.0,0.4737,3.33,0.0
415,37.67,19.2,7.87,0.0,10.15,0.4737,0.45,0.0
416,39.55,39.47,0.08,0.0,0.0,0.1,0.0,0.0
417,41.28,15.25,26.03,0.0,0.0,0.1,0.0,0.0
418,42.79,32.2,10.59,0.0,0.0,0.1,0.0,0.0
419,44.04,20.27,23.76,0.0,0.0,0.1,0.0,0.0
420,44.96,8.98,35.98,0.0,0.0,0.1,0.0,0.0
421,45.53,36.89,8.64,0.0,0.0,0.1,0.0,0.0
422,45.72,18.14,27.58,0.0,0.0,0.1,0.0,0.0
423,45.53,21.46,24.07,0.0,0.0,0.1,0.0,0.0
424,44.96,30.55,14.41,0.0,0.0,0.1,0.0,0.0
425,44.04,37.25,6.78,0.0,0.0,0.1,0.0,0.0
426,42.79,19.62,0.0,0.0,0.0,0.1,23.17,0.0
427,41.28,38.42,0.0,0.0,0.0,0.1,2.86,0.0
428,39.55,39.55,0.0,0.0,0.0,0.1,0.0,0.0
429,37.67,18.76,0.0,0.0,0.0,0.1,18.91,0.0
430,35.72,25.99,0.0,0.0,0.0,0.1,9.73,0.0
431,35.72,18.55,0.0,0.0,0.0,0.1,17.17,0.0
432,35.76,35.76,0.0,0.0,0.0,0.1,0.0,0.0
433,35.76,43.22,0.0,7.46,0.0,0.1,0.0,0.0
434,35.76,52.38,0.0,16.62,0.0,0.3479,0.0,0.0
435,35.76,22.89,0.0,0.0,12.87,0.9,0.0,0.0
436,35.76,50.02,0.0,14.26,0.0,0.4263,0.0,0.0
437,35.76,18.03,0.0,0.0,0.0,0.9,17.73,0.0
438,35.76,12.3,0.0,0.0,21.74,0.9,1.73,0.0
439,37.71,25.97,8.41,0.0,0.0,0.1,3.34,0.0
440,39.59,27.93,17.53,5.87,0.0,0.1,0.0,0.0
441,41.32,21.78,25.48,5.94,0.0,0.2949,0.0,0.0
442,42.83,0.19,29.96,0.0,10.66,0.4923,2.03,0.0
443,44.08,18.68,35.49,10.09,0.0,0.1,0.0,0.0
444,45.0,6.38,30.94,0.0,7.69,0.4352,0.0,0.0
445,45.57,26.15,33.57,14.15,0.0,0.1523,0.0,0.0
446,45.76,24.15,29.97,8.36,0.0,0.6223,0.0,0.0
447,45.57,12.85,25.76,0.0,3.16,0.9,3.8,0.0
448,45.0,19.09,17.23,0.0,0.0,0.7838,8.68,0.0
449,44.08,16.09,9.41,0.0,18.58,0.7838,0.0,0.0
450,42.83,28.45,0.0,0.0,0.0,0.1,14.38,0.0
451,41.32,41.02,0.0,0.0,0.0,0.1,0.3,0.0
452,39.59,24.28,0.0,0.0,0.0,0.1,15.3,0.0
453,37.71,40.99,0.0,3.28,0.0,0.1,0.0,0.0
454,35.76,32.37,0.0,0.0,0.0,0.2089,3.39,0.0
455,35.76,30.77,0.0,0.0,0.0,0.2089,4.99,0.0
456,35.8,35.8,0.0,0.0,0.0,0.2089,0.0,0.0
457,35.8,28.33,0.0,0.0,0.0,0.2089,7.47,0.0
458,35.8,32.09,0.0,0.0,0.0,0.2089,3.71,0.0
459,35.8,24.18,0.0,0.0,0.0,0.2089,11.62,0.0
460,35.8,53.28,0.0,17.48,0.0,0.2089,0.0,0.0
461,35.8,31.91,0.0,0.0,0.0,0.7894,3.89,0.0
462,35.8,22.12,0.0,0.0,13.68,0.7894,0.0,0.0
463,37.75,28.57,7.18,0.0,0.0,0.286,2.01,0.0
464,39.63,22.99,16.64,0.0,0.0,0.286,0.0,0.0
465,41.36,15.39,25.97,0.0,0.0,0.286,0.0,0.0
466,42.87,12.54,30.33,0.0,0.0,0.286,0.0,0.0
467,44.12,26.96,17.16,0.0,0.0,0.286,0.0,0.0
468,45.04,13.95,31.1,0.0,0.0,0.286,0.0,0.0
469,45.61,11.02,34.59,0.0,0.0,0.286,0.0,0.0
470,45.8,13.86,31.94,0.0,0.0,0.286,0.0,0.0
471,45.61,0.0,24.55,0.0,0.0,0.286,21.06,0.0
472,45.04,9.17,17.81,0.0,0.0,0.286,18.06,0.0
473,44.12,39.92,8.93,4.73,0.0,0.286,0.0,0.0
474,42.87,42.87,0.0,0.0,0.0,0.4432,0.0,0.0
475,41.36,29.11,0.0,0.0,0.0,0.4432,12.25,0.0
476,39.63,39.61,0.0,0.0,0.02,0.4432,0.0,0.0
477,37.75,37.75,0.0,0.0,0.0,0.4425,0.0,0.0
478,35.8,35.8,0.0,0.0,0.0,0.4425,0.0,0.0
479,35.8,35.8,0.0,0.0,0.0,0.4425,0.0,0.0
480,35.84,37.54,0.0,1.7,0.0,0.4425,0.0,0.0
481,35.84,29.06,0.0,0.0,0.0,0.499,6.78,0.0
482,35.84,21.67,0.0,0.0,10.84,0.499,3.33,0.0
483,35.84,37.92,0.0,10.43,0.0,0.1,8.35,0.0
484,35.84,26.43,0.0,0.0,9.41,0.4463,0.0,0.0
485,35.84,17.5,0.0,0.0,0.0,0.1,18.34,0.0
486,35.84,22.59,0.0,0.0,0.0,0.1,13.25,0.0
487,37.79,15.76,8.92,0.0,0.0,0.1,13.11,0.0
488,39.67,23.2,16.47,0.0,0.0,0.1,0.0,0.0
489,41.4,30.68,10.72,0.0,0.0,0.1,0.0,0.0
490,42.91,20.35,22.56,0.0,0.0,0.1,0.0,0.0
491,44.16,34.02,10.14,0.0,0.0,0.1,0.0,0.0
492,45.08,19.87,25.21,0.0,0.0,0.1,0.0,0.0
493,45.65,9.79,35.86,0.0,0.0,0.1,0.0,0.0
494,45.84,35.43,10.42,0.0,0.0,0.1,0.0,0.0
495,45.65,21.86,23.79,0.0,0.0,0.1,0.0,0.0
496,45.08,13.82,16.25,0.0,0.0,0.1,15.01,0.0
497,44.16,24.54,7.02,0.0,0.0,0.1,12.6,0.0
498,42.91,20.34,0.0,0.0,0.0,0.1,22.58,0.0
499,41.4,17.89,0.0,0.0,0.0,0.1,23.51,0.0
500,39.67,39.67,0.0,0.0,0.0,0.1,0.0,0.0
501,37.79,54.72,0.0,16.92,0.0,0.1,0.0,0.0
502,35.84,23.72,0.0,0.0,12.13,0.6622,0.0,0.0
503,35.84,44.01,0.0,8.17,0.0,0.2158,0.0,0.0
504,35.88,32.34,0.0,0.0,0.0,0.487,3.55,0.0
505,35.88,33.61,0.0,0.0,2.27,0.487,0.0,0.0
506,35.88,31.59,0.0,0.0,4.29,0.4035,0.0,0.0
507,35.88,27.36,0.0,0.0,0.0,0.2455,8.53,0.0
508,35.88,34.3,0.0,0.0,1.58,0.2455,0.0,0.0
509,35.88,23.27,0.0,0.0,0.0,0.1872,12.62,0.0
510,35.88,31.56,0.0,0.0,0.0,0.1872,4.32,0.0
511,37.84,25.86,7.23,0.0,0.0,0.1872,4.74,0.0
512,39.71,21.62,16.19,0.0,0.0,0.1872,1.9,0.0
513,41.44,13.0,25.91,0.0,0.0,0.1872,2.53,0.0
514,42.96,11.13,31.82,0.0,0.0,0.1872,0.0,0.0
515,44.2,26.83,17.37,0.0,0.0,0.1872,0.0,0.0
516,45.12,23.99,21.14,0.0,0.0,0.1872,0.0,0.0
517,45.69,9.77,33.83,0.0,0.0,0.1872,2.1,0.0
518,45.88,21.35,24.53,0.0,0.0,0.1872,0.0,0.0
519,45.69,20.31,25.38,0.0,0.0,0.1872,0.0,0.0
520,45.12,7.54,17.11,0.0,0.0,0.1872,20.48,0.0
521,44.2,31.7,8.6,0.0,0.0,0.1872,3.9,0.0
522,42.96,22.38,0.0,0.0,0.0,0.1872,20.58,0.0
523,41.44,37.07,0.0,0.0,2.37,0.1872,2.0,0.0
524,39.71,26.31,0.0,0.0,0.0,0.1,13.4,0.0
525,37.84,18.09,0.0,0.0,0.0,0.1,19.74,0.0
526,35.88,21.4,0.0,0.0,0.0,0.1,14.48,0.0
527,35.88,38.88,0.0,3.0,0.0,0.1,0.0,0.0
528,35.92,41.24,0.0,5.32,0.0,0.1996,0.0,0.0
529,35.92,29.44,0.0,0.0,0.0,0.3762,6.48,0.0
530,35.92,43.65,0.0,9.95,0.0,0.3762,2.22,0.0
531,35.92,19.44,0.0,0.0,16.48,0.7066,0.0,0.0
532,35.92,33.11,0.0,0.0,0.0,0.1,2.81,0.0
533,35.92,19.46,0.0,0.0,0.0,0.1,16.46,0.0
534,35.92,22.42,0.0,0.0,0.0,0.1,13.5,0.0
535,37.88,26.76,8.71,0.0,0.0,0.1,2.41,0.0
536,39.75,15.44,18.61,0.0,0.0,0.1,5.7,0.0
537,41.48,16.28,25.2,0.0,0.0,0.1,0.0,0.0
538,43.0,30.22,12.78,0.0,0.0,0.1,0.0,0.0
539,44.24,9.52,34.72,0.0,0.0,0.1,0.0,0.0
540,45.16,27.22,17.94,0.0,0.0,0.1,0.0,0.0
541,45.73,8.21,35.16,0.0,0.0,0.1,2.36,0.0
542,45.92,25.53,20.4,0.0,0.0,0.1,0.0,0.0
543,45.73,36.07,9.66,0.0,0.0,0.1,0.0,0.0
544,45.16,0.0,17.94,0.0,0.0,0.1,27.23,0.0
545,44.24,18.44,7.44,0.0,0.0,0.1,18.35,0.0
546,43.0,34.52,0.0,0.0,0.0,0.1,8.48,0.0
547,41.48,29.39,0.0,0.0,0.0,0.1,12.09,0.0
548,39.75,37.41,0.0,0.0,0.0,0.1,2.34,0.0
549,37.88,29.85,0.0,0.0,0.0,0.1,8.02,0.0
550,35.92,38.22,0.0,2.29,0.0,0.1,0.0,0.0
551,35.92,35.92,0.0,0.0,0.0,0.1762,0.0,0.0
552,35.96,50.12,0.0,14.15,0.0,0.1762,0.0,0.0
553,35.96,40.79,0.0,4.82,0.0,0.6463,0.0,0.0
554,35.96,35.96,0.0,0.0,0.0,0.8065,0.0,0.0
555,35.96,31.68,0.0,0.0,4.28,0.8065,0.0,0.0
556,35.96,28.9,0.0,0.0,0.0,0.6489,7.07,0.0
557,35.96,27.06,0.0,0.0,8.21,0.6489,0.69,0.0
558,35.96,32.66,0.0,0.0,0.0,0.3469,3.31,0.0
559,37.92,22.08,9.13,0.0,6.71,0.3469,0.0,0.0
560,39.79,22.66,17.13,0.0,0.0,0.1,0.0,0.0
561,41.52,41.52,0.0,0.0,0.0,0.1,0.0,0.0
562,43.04,28.82,14.21,0.0,0.0,0.1,0.0,0.0
563,44.28,16.05,28.22,0.0,0.0,0.1,0.0,0.0
564,45.2,30.76,14.45,0.0,0.0,0.1,0.0,0.0
565,45.77,15.25,30.53,0.0,0.0,0.1,0.0,0.0
566,45.96,0.18,32.94,0.0,0.0,0.1,12.85,0.0
567,45.77,11.89,26.55,0.0,0.0,0.1,7.34,0.0
568,45.2,5.43,16.68,0.0,0.0,0.1,23.09,0.0
569,44.28,22.77,8.39,0.0,0.0,0.1,13.12,0.0
570,43.04,28.96,0.0,0.0,0.0,0.1,14.08,0.0
571,41.52,47.83,0.0,6.31,0.0,0.1,0.0,0.0
572,39.79,36.92,0.0,0.0,0.0,0.3095,2.88,0.0
573,37.92,33.58,0.0,0.0,0.0,0.3095,4.34,0.0
574,35.96,45.47,0.0,9.5,0.0,0.3095,0.0,0.0
575,35.96,16.51,0.0,0.0,14.27,0.6252,5.18,0.0
576,36.0,40.87,0.0,4.87,0.0,0.1,0.0,0.0
577,36.0,45.81,0.0,9.8,0.0,0.2617,0.0,0.0
578,36.0,22.68,0.0,0.0,3.21,0.5874,10.12,0.0
579,36.0,46.93,0.0,10.93,0.0,0.4692,0.0,0.0
580,36.0,36.96,0.0,0.96,0.0,0.8322,0.0,0.0
581,36.0,27.17,0.0,0.0,8.84,0.864,0.0,0.0
582,36.0,34.94,0.0,0.0,0.0,0.5388,1.07,0.0
583,37.95,29.87,8.08,0.0,0.0,0.5388,0.0,0.0
584,39.83,22.86,16.98,0.0,0.0,0.5388,0.0,0.0
585,41.56,16.65,24.91,0.0,0.0,0.5388,0.0,0.0
586,43.07,10.06,33.02,0.0,0.0,0.5388,0.0,0.0
587,44.32,8.91,35.41,0.0,0.0,0.5388,0.0,0.0
588,45.24,27.04,18.21,0.0,0.0,0.5388,0.0,0.0
589,45.81,9.58,36.23,0.0,0.0,0.5388,0.0,0.0
590,46.0,20.89,25.12,0.0,0.0,0.5388,0.0,0.0
591,45.81,17.04,25.75,0.0,0.0,0.5388,3.02,0.0
592,45.24,27.32,17.92,0.0,0.0,0.5388,0.0,0.0
593,44.32,29.44,9.54,0.0,0.0,0.5388,5.34,0.0
594,43.07,38.92,0.0,0.0,0.0,0.5388,4.15,0.0
595,41.56,26.23,0.0,0.0,0.0,0.5388,15.32,0.0
596,39.83,30.97,0.0,0.0,0.0,0.5388,8.86,0.0
597,37.95,26.03,0.0,0.0,11.92,0.5388,0.0,0.0
598,36.0,32.86,0.0,0.0,0.0,0.1,3.14,0.0
599,36.0,41.93,0.0,5.93,0.0,0.1,0.0,0.0
600,36.04,45.94,0.0,9.89,0.0,0.2969,0.0,0.0
601,36.04,21.76,0.0,0.0,14.28,0.6255,0.0,0.0
602,36.04,36.04,0.0,0.0,0.0,0.1,0.0,0.0
603,36.04,48.95,0.0,12.9,0.0,0.1,0.0,0.0
604,36.04,36.04,0.0,0.0,0.0,0.5286,0.0,0.0
605,36.04,47.22,0.0,11.18,0.0,0.5286,0.0,0.0
606,36.04,21.02,0.0,0.0,15.02,0.9,0.0,0.0
607,37.99,13.84,9.26,0.0,0.0,0.3471,14.89,0.0
608,39.87,6.2,18.06,0.0,6.71,0.3471,8.89,0.0
609,41.6,36.41,5.19,0.0,0.0,0.1,0.0,0.0
610,43.11,26.55,16.56,0.0,0.0,0.1,0.0,0.0
611,44.36,18.58,25.78,0.0,0.0,0.1,0.0,0.0
612,45.28,21.55,23.73,0.0,0.0,0.1,0.0,0.0
613,45.85,8.05,34.17,0.0,0.0,0.1,3.63,0.0
614,46.04,12.89,33.15,0.0,0.0,0.1,0.0,0.0
615,45.85,19.16,26.69,0.0,0.0,0.1,0.0,0.0
616,45.28,24.79,18.3,0.0,0.0,0.1,2.19,0.0
617,44.36,33.24,7.1,0.0,0.0,0.1,4.02,0.0
618,43.11,33.37,0.0,0.0,0.0,0.1,9.74,0.0
619,41.6,33.39,0.0,0.0,0.0,0.1,8.21,0.0
620,39.87,25.78,0.0,0.0,0.0,0.1,14.09,0.0
621,37.99,37.99,0.0,0.0,0.0,0.1,0.0,0.0
622,36.04,36.04,0.0,0.0,0.0,0.1,0.0,0.0
623,36.04,36.04,0.0,0.0,0.0,0.1,0.0,0.0
624,36.08,36.08,0.0,0.0,0.0,0.1,0.0,0.0
625,36.08,33.04,0.0,0.0,0.0,0.1,3.04,0.0
626,36.08,27.35,0.0,0.0,0.0,0.1,8.73,0.0
627,36.08,34.29,0.0,0.0,0.0,0.1,1.79,0.0
628,36.08,34.04,0.0,0.0,0.0,0.1,2.04,0.0
629,36.08,41.89,0.0,5.81,0.0,0.1,0.0,0.0
630,36.08,11.9,0.0,0.0,5.24,0.2928,18.94,0.0
631,38.03,41.08,9.17,12.22,0.0,0.1,0.0,0.0
632,39.91,22.09,17.82,0.0,0.0,0.5059,0.0,0.0
633,41.64,17.4,24.36,0.12,0.0,0.5059,0.0,0.0
634,43.15,10.08,31.96,0.0,0.0,0.51,1.11,0.0
635,44.4,2.76,30.49,0.0,11.14,0.51,0.0,0.0
636,45.32,26.83,37.5,19.0,0.0,0.1,0.0,0.0
637,45.89,19.78,31.19,5.08,0.0,0.7312,0.0,0.0
638,46.08,7.34,31.37,0.0,7.37,0.9,0.0,0.0
639,45.89,8.85,26.64,0.0,0.0,0.6286,10.39,0.0
640,45.32,20.34,18.96,0.0,0.0,0.6286,6.02,0.0
641,44.4,42.45,7.13,8.17,0.0,0.6286,2.99,0.0
642,43.15,26.01,0.0,0.0,0.0,0.9,17.14,0.0
643,41.64,16.32,0.0,0.0,0.0,0.9,25.32,0.0
644,39.91,31.07,0.0,0.0,0.0,0.9,8.84,0.0
645,38.03,32.84,0.0,0.0,5.19,0.9,0.0,0.0
646,36.08,10.54,0.0,0.0,16.55,0.709,9.0,0.0
647,36.08,37.54,0.0,1.46,0.0,0.1,0.0,0.0
648,36.12,34.8,0.0,0.0,1.32,0.1485,0.0,0.0
649,36.12,36.12,0.0,0.0,0.0,0.1,0.0,0.0
650,36.12,49.78,0.0,13.66,0.0,0.1,0.0,0.0
651,36.12,46.54,0.0,10.42,0.0,0.5537,0.0,0.0
652,36.12,30.36,0.0,0.0,5.76,0.9,0.0,0.0
653,36.12,20.15,0.0,0.0,15.97,0.688,0.0,0.0
654,36.12,53.83,0.0,17.71,0.0,0.1,0.0,0.0
655,38.07,18.71,9.5,0.0,9.86,0.6882,0.0,0.0
656,39.95,23.71,18.7,2.45,0.0,0.3254,0.0,0.0
657,41.68,21.29,25.35,4.96,0.0,0.4069,0.0,0.0
658,43.19,21.92,31.16,9.88,0.0,0.5717,0.0,0.0
659,44.44,9.55,34.88,0.0,0.0,0.9,0.0,0.0
660,45.36,7.21,38.14,0.0,0.0,0.9,0.0,0.0
661,45.93,11.57,34.36,0.0,0.0,0.9,0.0,0.0
662,46.12,13.35,32.77,0.0,0.0,0.9,0.0,0.0
663,45.93,16.18,25.55,0.0,3.76,0.9,0.44,0.0
664,45.36,16.55,17.55,0.0,0.0,0.7615,11.26,0.0
665,44.44,26.99,7.09,0.0,0.0,0.7615,10.36,0.0
666,43.19,25.98,0.0,0.0,0.0,0.7615,17.21,0.0
667,41.68,45.85,0.0,4.17,0.0,0.7615,0.0,0.0
668,39.95,7.31,0.0,0.0,21.15,0.9,11.49,0.0
669,38.07,46.2,0.0,8.13,0.0,0.1217,0.0,0.0
670,36.12,49.29,0.0,13.17,0.0,0.3916,0.0,0.0
671,36.12,17.59,0.0,0.0,18.53,0.829,0.0,0.0
672,36.16,34.89,0.0,0.0,1.27,0.1469,0.0,0.0
673,36.16,34.27,0.0,0.0,0.0,0.1,1.89,0.0
674,36.16,23.08,0.0,0.0,0.0,0.1,13.08,0.0
675,36.16,27.72,0.0,0.0,0.0,0.1,8.44,0.0
676,36.16,22.4,0.0,0.0,0.0,0.1,13.76,0.0
677,36.16,48.21,0.0,12.06,0.0,0.1,0.0,0.0
678,36.16,32.18,0.0,0.0,3.98,0.5004,0.0,0.0
679,38.11,38.38,8.71,8.98,0.0,0.3541,0.0,0.0
680,39.99,30.6,16.84,7.45,0.0,0.6524,0.0,0.0
681,41.71,10.34,27.18,0.0,4.2,0.9,0.0,0.0
682,43.23,14.72,32.12,3.62,0.0,0.7456,0.0,0.0
683,44.47,8.43,36.04,0.0,0.0,0.8657,0.0,0.0
684,45.4,6.54,37.97,0.0,0.89,0.8657,0.0,0.0
685,45.97,25.92,20.04,0.0,0.0,0.8329,0.0,0.0
686,46.16,15.31,30.85,0.0,0.0,0.8329,0.0,0.0
687,45.97,17.76,26.08,0.0,1.95,0.8329,0.18,0.0
688,45.4,30.49,19.09,4.18,0.0,0.761,0.0,0.0
689,44.47,30.24,9.41,0.0,4.44,0.9,0.38,0.0
690,43.23,24.86,0.0,0.0,0.0,0.7365,18.37,0.0
691,41.71,41.71,0.0,0.0,0.0,0.7365,0.0,0.0
692,39.99,22.69,0.0,0.0,17.29,0.7365,0.0,0.0
693,38.11,41.44,0.0,3.33,0.0,0.1,0.0,0.0
694,36.16,42.78,0.0,6.62,0.0,0.2106,0.0,0.0
695,36.16,34.88,0.0,0.0,0.0,0.4305,1.28,0.0
696,36.2,41.39,0.0,5.19,0.0,0.4305,0.0,0.0
697,36.2,25.53,0.0,0.0,2.55,0.6031,8.12,0.0
698,36.2,45.96,0.0,9.76,0.0,0.5094,0.0,0.0
699,36.2,33.48,0.0,0.0,2.72,0.8336,0.0,0.0
700,36.2,28.11,0.0,0.0,0.0,0.7335,8.09,0.0
701,36.2,41.21,0.0,5.01,0.0,0.7335,0.0,0.0
702,36.2,21.4,0.0,0.0,14.8,0.9,0.0,0.0
703,38.15,11.92,10.02,9.08,0.0,0.3554,25.29,0.0
704,40.02,8.09,16.8,0.0,15.14,0.6571,0.0,0.0
705,41.75,27.34,14.41,0.0,0.0,0.1,0.0,0.0
706,43.27,7.2,31.48,0.0,0.0,0.1,4.59,0.0
707,44.51,36.1,8.41,0.0,0.0,0.1,0.0,0.0
708,45.44,0.0,37.39,0.0,0.0,0.1,8.05,0.0
709,46.0,35.53,10.48,0.0,0.0,0.1,0.0,0.0
710,46.2,21.89,24.31,0.0,0.0,0.1,0.0,0.0
711,46.0,20.38,25.62,0.0,0.0,0.1,0.0,0.0
712,45.44,18.05,17.44,0.0,0.0,0.1,9.95,0.0
713,44.51,29.72,9.55,0.0,0.0,0.1,5.25,0.0
714,43.27,27.96,0.0,0.0,0.0,0.1,15.3,0.0
715,41.75,41.74,0.0,0.0,0.0,0.1,0.01,0.0
716,40.02,34.38,0.0,0.0,0.0,0.1,5.64,0.0
717,38.15,36.78,0.0,0.0,0.0,0.1,1.37,0.0
718,36.2,33.28,0.0,0.0,0.0,0.1,2.92,0.0
719,36.2,37.28,0.0,1.09,0.0,0.1,0.0,0.0
720,36.23,41.13,0.0,4.89,0.0,0.1361,0.0,0.0
721,36.23,20.92,0.0,0.0,5.4,0.2986,9.91,0.0
722,36.23,23.5,0.0,0.0,0.0,0.1,12.73,0.0
723,36.23,42.53,0.0,6.3,0.0,0.1,0.0,0.0
724,36.23,34.86,0.0,0.0,1.38,0.3092,0.0,0.0
725,36.23,28.99,0.0,0.0,4.31,0.2585,2.94,0.0
726,36.23,28.43,0.0,0.0,0.0,0.1,7.8,0.0
727,38.19,29.13,7.18,0.0,0.0,0.1,1.88,0.0
728,40.06,18.02,18.68,0.0,0.0,0.1,3.37,0.0
729,41.79,13.63,27.39,0.0,0.0,0.1,0.78,0.0
730,43.31,21.65,32.24,10.59,0.0,0.1,0.0,0.0
731,44.55,7.36,35.61,0.0,1.58,0.4516,0.0,0.0
732,45.47,22.43,38.29,15.25,0.0,0.3936,0.0,0.0
733,46.04,1.98,36.68,0.0,4.36,0.9,3.02,0.0
734,46.23,14.13,32.1,0.0,0.0,0.7396,0.0,0.0
735,46.04,25.94,24.93,4.83,0.0,0.7396,0.0,0.0
736,45.47,25.85,17.27,0.0,2.36,0.9,0.0,0.0
737,44.55,35.38,9.17,0.0,0.0,0.8132,0.0,0.0
738,43.31,44.65,0.0,1.34,0.0,0.8132,0.0,0.0
739,41.79,40.79,0.0,0.0,0.0,0.8578,1.0,0.0
740,40.06,15.05,0.0,0.0,0.0,0.8578,25.01,0.0
741,38.19,22.62,0.0,0.0,15.57,0.8578,0.0,0.0
742,36.23,30.63,0.0,0.0,3.38,0.2848,2.23,0.0
743,36.23,36.23,0.0,0.0,0.0,0.1605,0.0,0.0
744,36.27,43.11,0.0,6.84,0.0,0.1605,0.0,0.0
745,36.27,30.53,0.0,0.0,5.74,0.3876,0.0,0.0
746,36.27,38.53,0.0,2.26,0.0,0.1763,0.0,0.0
747,36.27,27.69,0.0,0.0,0.0,0.2514,8.58,0.0
748,36.27,27.07,0.0,0.0,0.0,0.2514,9.2,0.0
749,36.27,16.87,0.0,0.0,0.0,0.2514,19.41,0.0
750,36.27,19.08,0.0,0.0,0.0,0.2514,17.19,0.0
751,38.22,12.31,8.98,0.0,0.0,0.2514,16.93,0.0
752,40.1,13.64,18.74,0.0,0.0,0.2514,7.72,0.0
753,41.83,16.11,25.72,0.0,0.0,0.2514,0.0,0.0
754,43.34,10.29,32.94,0.0,0.0,0.2514,0.11,0.0
755,44.59,9.03,35.56,0.0,0.0,0.2514,0.0,0.0
756,45.51,23.18,22.33,0.0,0.0,0.2514,0.0,0.0
757,46.08,20.48,25.6,0.0,0.0,0.2514,0.0,0.0
758,46.27,11.19,32.16,0.0,0.0,0.2514,2.93,0.0
759,46.08,28.1,25.18,7.2,0.0,0.2514,0.0,0.0
760,45.51,17.58,18.29,0.0,9.65,0.4906,0.0,0.0
761,44.59,26.82,8.26,0.0,0.0,0.1355,9.51,0.0
762,43.34,53.37,0.0,10.03,0.0,0.1355,0.0,0.0
763,41.83,29.77,0.0,0.0,0.0,0.4687,12.06,0.0
764,40.1,40.1,0.0,0.0,0.0,0.4687,0.0,0.0
765,38.22,28.21,0.0,0.0,10.02,0.4687,0.0,0.0
766,36.27,36.27,0.0,0.0,0.0,0.1,0.0,0.0
767,36.27,55.11,0.0,18.84,0.0,0.1,0.0,0.0
768,36.31,19.31,0.0,0.0,17.0,0.7258,0.0,0.0
769,36.31,53.13,0.0,16.82,0.0,0.1,0.0,0.0
770,36.31,43.57,0.0,7.27,0.0,0.6587,0.0,0.0
771,36.31,29.5,0.0,0.0,6.8,0.9,0.0,0.0
772,36.31,36.31,0.0,0.0,0.0,0.6495,0.0,0.0
773,36.31,36.31,0.0,0.0,0.0,0.6495,0.0,0.0
774,36.31,34.2,0.0,0.0,0.0,0.6495,2.11,0.0
775,38.26,10.07,9.11,0.0,9.65,0.6495,9.42,0.0
776,40.14,16.0,18.85,0.0,5.28,0.2944,0.0,0.0
777,41.86,14.45,27.41,0.0,0.0,0.1,0.0,0.0
778,43.38,12.31,31.07,0.0,0.0,0.1,0.0,0.0
779,44.62,9.17,35.45,0.0,0.0,0.1,0.0,0.0
780,45.55,19.98,25.56,0.0,0.0,0.1,0.0,0.0
781,46.12,5.42,36.42,0.0,0.0,0.1,4.27,0.0
782,46.31,23.3,23.01,0.0,0.0,0.1,0.0,0.0
783,46.12,27.13,18.99,0.0,0.0,0.1,0.0,0.0
784,45.55,26.89,18.66,0.0,0.0,0.1,0.0,0.0
785,44.62,36.17,7.4,0.0,0.0,0.1,1.05,0.0
786,43.38,36.29,0.0,0.0,0.0,0.1,7.09,0.0
787,41.86,35.15,0.0,0.0,0.0,0.1,6.72,0.0
788,40.14,32.31,0.0,0.0,0.0,0.1,7.82,0.0
789,38.26,18.69,0.0,0.0,0.0,0.1,19.57,0.0
790,36.31,36.31,0.0,0.0,0.0,0.1,0.0,0.0
791,36.31,36.31,0.0,0.0,0.0,0.1,0.0,0.0
792,36.35,40.51,0.0,4.16,0.0,0.1,0.0,0.0
793,36.35,24.93,0.0,0.0,0.0,0.2383,11.42,0.0
794,36.35,25.87,0.0,0.0,3.76,0.2383,6.71,0.0
795,36.35,45.32,0.0,8.97,0.0,0.1,0.0,0.0
796,36.35,32.52,0.0,0.0,0.0,0.3981,3.82,0.0
797,36.35,36.35,0.0,0.0,0.0,0.3981,0.0,0.0
798,36.35,28.27,0.0,0.0,8.08,0.3981,0.0,0.0
799,38.3,25.73,9.27,0.0,0.02,0.1009,3.26,0.0
800,40.17,32.3,18.56,10.69,0.0,0.1,0.0,0.0
801,41.9,15.68,26.22,0.0,0.0,0.4551,0.0,0.0
802,43.42,20.41,34.12,11.11,0.0,0.4551,0.0,0.0
803,44.66,9.11,35.55,0.0,0.0,0.8243,0.0,0.0
804,45.58,8.91,36.67,0.0,0.0,0.8243,0.0,0.0
805,46.15,9.71,36.45,0.0,0.0,0.8243,0.0,0.0
806,46.35,21.65,24.69,0.0,0.0,0.8243,0.0,0.0
807,46.15,15.7,24.91,0.0,5.54,0.8243,0.0,0.0
808,45.58,35.43,18.57,8.42,0.0,0.6204,0.0,0.0
809,44.66,16.63,8.12,0.0,17.54,0.9,2.37,0.0
810,43.42,26.15,0.0,12.73,0.0,0.2546,30.0,0.0
811,41.9,26.21,0.0,0.0,15.69,0.6776,0.0,0.0
812,40.17,47.16,0.0,6.99,0.0,0.1,0.0,0.0
813,38.3,36.14,0.0,0.0,2.16,0.3321,0.0,0.0
814,36.35,46.67,0.0,10.33,0.0,0.2527,0.0,0.0
815,36.35,22.87,0.0,0.0,13.47,0.5958,0.0,0.0
816,36.38,40.37,0.0,3.99,0.0,0.1,0.0,0.0
817,36.38,46.17,0.0,9.78,0.0,0.2326,0.0,0.0
818,36.38,37.23,0.0,0.85,0.0,0.5576,0.0,0.0
819,36.38,45.35,0.0,8.97,0.0,0.5859,0.0,0.0
820,36.38,16.89,0.0,0.0,19.49,0.8838,0.0,0.0
821,36.38,44.32,0.0,7.94,0.0,0.1663,0.0,0.0
822,36.38,50.53,0.0,14.15,0.0,0.43,0.0,0.0
823,38.33,21.78,7.31,0.0,9.25,0.9,0.0,0.0
824,40.21,18.59,18.99,0.0,2.63,0.5596,0.0,0.0
825,41.94,15.97,25.96,0.0,0.0,0.4628,0.0,0.0
826,43.45,34.92,8.53,0.0,0.0,0.4628,0.0,0.0
827,44.7,13.24,31.46,0.0,0.0,0.4628,0.0,0.0
828,45.62,13.92,31.7,0.0,0.0,0.4628,0.0,0.0
829,46.19,15.61,30.58,0.0,0.0,0.4628,0.0,0.0
830,46.38,6.13,33.35,0.0,0.0,0.4628,6.9,0.0
831,46.19,11.89,25.16,0.0,0.0,0.4628,9.14,0.0
832,45.62,13.09,18.28,0.0,0.0,0.4628,14.25,0.0
833,44.7,17.79,9.2,0.0,0.0,0.4628,17.71,0.0
834,43.45,27.56,0.0,0.0,9.86,0.4628,6.04,0.0
835,41.94,32.75,0.0,0.0,0.0,0.1,9.19,0.0
836,40.21,48.09,0.0,7.88,0.0,0.1,0.0,0.0
837,38.33,25.03,0.0,0.0,0.0,0.3617,13.3,0.0
838,36.38,46.11,0.0,9.73,0.0,0.3617,0.0,0.0
839,36.38,34.75,0.0,0.0,1.63,0.685,0.0,0.0
840,36.42,37.16,0.0,0.74,0.0,0.6249,0.0,0.0
841,36.42,43.96,0.0,7.54,0.0,0.6496,0.0,0.0
842,36.42,25.28,0.0,0.0,11.14,0.9,0.0,0.0
843,36.42,38.53,0.0,2.11,0.0,0.4899,0.0,0.0
844,36.42,34.36,0.0,0.0,0.0,0.5601,2.05,0.0
845,36.42,35.2,0.0,0.0,0.0,0.5601,1.22,0.0
846,36.42,30.65,0.0,0.0,0.0,0.5601,5.77,0.0
847,38.37,28.13,10.24,0.0,0.0,0.5601,0.0,0.0
848,40.24,16.6,19.21,0.0,4.43,0.5601,0.0,0.0
849,41.97,15.24,26.73,0.0,0.0,0.397,0.0,0.0
850,43.49,10.26,33.23,0.0,0.0,0.397,0.0,0.0
851,44.73,8.79,35.94,0.0,0.0,0.397,0.0,0.0
852,45.66,8.28,37.37,0.0,0.0,0.397,0.0,0.0
853,46.22,30.0,16.23,0.0,0.0,0.397,0.0,0.0
854,46.42,33.26,13.16,0.0,0.0,0.397,0.0,0.0
855,46.22,15.22,26.51,0.0,0.0,0.397,4.49,0.0
856,45.66,14.68,18.07,0.0,0.0,0.397,12.9,0.0
857,44.73,29.9,9.07,0.0,0.0,0.397,5.77,0.0
858,43.49,22.37,0.0,0.0,0.0,0.397,21.12,0.0
859,41.97,36.58,0.0,0.0,0.0,0.397,5.39,0.0
860,40.24,34.72,0.0,0.0,5.52,0.397,0.0,0.0
861,38.37,19.84,0.0,0.0,2.55,0.1938,15.98,0.0
862,36.42,51.56,0.0,15.15,0.0,0.1,0.0,0.0
863,36.42,45.35,0.0,8.94,0.0,0.6032,0.0,0.0
864,36.45,31.52,0.0,0.0,4.93,0.9,0.0,0.0
865,36.45,27.76,0.0,0.0,8.69,0.7184,0.0,0.0
866,36.45,36.45,0.0,0.0,0.0,0.3984,0.0,0.0
867,36.45,37.96,0.0,1.51,0.0,0.3984,0.0,0.0
868,36.45,36.45,0.0,0.0,0.0,0.4485,0.0,0.0
869,36.45,50.04,0.0,13.59,0.0,0.4485,0.0,0.0
870,36.45,25.96,0.0,0.0,0.0,0.9,10.49,0.0
871,38.4,17.3,8.53,0.0,8.23,0.9,4.35,0.0
872,40.28,9.2,18.5,0.0,12.57,0.5972,0.0,0.0
873,42.01,13.55,27.5,0.0,0.0,0.1345,0.96,0.0
874,43.52,9.04,34.48,0.0,0.0,0.1345,0.0,0.0
875,44.77,35.86,8.9,0.0,0.0,0.1345,0.0,0.0
876,45.69,12.76,32.93,0.0,0.0,0.1345,0.0,0.0
877,46.26,20.4,25.86,0.0,0.0,0.1345,0.0,0.0
878,46.45,19.02,27.43,0.0,0.0,0.1345,0.0,0.0
879,46.26,20.32,25.94,0.0,0.0,0.1345,0.0,0.0
880,45.69,28.03,17.66,0.0,0.0,0.1345,0.0,0.0
881,44.77,19.93,8.16,0.0,0.0,0.1345,16.68,0.0
882,43.52,22.89,0.0,0.0,0.0,0.1345,20.64,0.0
883,42.01,40.53,0.0,0.0,0.0,0.1345,1.47,0.0
884,40.28,39.34,0.0,0.0,0.94,0.1345,0.0,0.0
885,38.4,52.85,0.0,14.45,0.0,0.1,0.0,0.0
886,36.45,41.98,0.0,5.53,0.0,0.5798,0.0,0.0
887,36.45,18.43,0.0,0.0,18.03,0.7635,0.0,0.0
888,36.49,43.27,0.0,6.78,0.0,0.1,0.0,0.0
889,36.49,46.07,0.0,9.58,0.0,0.3252,0.0,0.0
890,36.49,44.21,0.0,7.72,0.0,0.6435,0.0,0.0
891,36.49,30.58,0.0,0.0,5.91,0.9,0.0,0.0
892,36.49,43.03,0.0,6.54,0.0,0.6827,0.0,0.0
893,36.49,36.49,0.0,0.0,0.0,0.9,0.0,0.0
894,36.49,36.49,0.0,0.0,0.0,0.9,0.0,0.0
895,38.44,28.32,10.12,0.0,0.0,0.9,0.0,0.0
896,40.31,21.04,19.28,0.0,0.0,0.9,0.0,0.0
897,42.04,22.09,19.95,0.0,0.0,0.9,0.0,0.0
898,43.56,10.04,33.52,0.0,0.0,0.9,0.0,0.0
899,44.8,10.05,34.75,0.0,0.0,0.9,0.0,0.0
900,45.73,21.39,24.34,0.0,0.0,0.9,0.0,0.0
901,46.29,14.22,32.07,0.0,0.0,0.9,0.0,0.0
902,46.49,19.36,27.12,0.0,0.0,0.9,0.0,0.0
903,46.29,18.57,27.73,0.0,0.0,0.9,0.0,0.0
904,45.73,24.56,17.11,0.0,0.0,0.9,4.05,0.0
905,44.8,25.51,10.02,0.0,0.0,0.9,9.26,0.0
906,43.56,14.22,0.0,0.0,21.74,0.9,7.6,0.0
907,42.04,37.5,0.0,0.0,0.0,0.1,4.54,0.0
908,40.31,38.88,0.0,0.0,0.0,0.1,1.43,0.0
909,38.44,55.87,0.0,17.43,0.0,0.1,0.0,0.0
910,36.49,28.03,0.0,0.0,8.45,0.6789,0.0,0.0
911,36.49,36.49,0.0,0.0,0.0,0.3678,0.0,0.0
912,36.52,36.52,0.0,0.0,0.0,0.3678,0.0,0.0
913,36.52,52.54,0.0,16.02,0.0,0.3678,0.0,0.0
914,36.52,34.82,0.0,0.0,1.71,0.9,0.0,0.0
915,36.52,36.52,0.0,0.0,0.0,0.8372,0.0,0.0
916,36.52,38.41,0.0,1.89,0.0,0.8372,0.0,0.0
917,36.52,31.89,0.0,0.0,4.63,0.9,0.0,0.0
918,36.52,23.11,0.0,0.0,1.87,0.7295,11.55,0.0
919,38.47,26.87,8.9,0.0,2.7,0.6608,0.0,0.0
920,40.35,33.15,7.2,0.0,0.0,0.5613,0.0,0.0
921,42.08,10.44,28.36,0.0,0.0,0.5613,3.29,0.0
922,43.59,20.29,23.31,0.0,0.0,0.5613,0.0,0.0
923,44.84,7.29,37.55,0.0,0.0,0.5613,0.0,0.0
924,45.76,29.42,16.34,0.0,0.0,0.5613,0.0,0.0
925,46.33,3.0,38.47,0.0,4.87,0.5613,0.0,0.0
926,46.52,13.07,33.46,0.0,0.0,0.3822,0.0,0.0
927,46.33,24.26,28.3,6.23,0.0,0.3822,0.0,0.0
928,45.76,37.99,17.13,9.36,0.0,0.589,0.0,0.0
929,44.84,24.31,9.26,0.0,0.0,0.9,11.26,0.0
930,43.59,22.04,0.0,0.0,21.55,0.9,0.0,0.0
931,42.08,48.57,0.0,6.5,0.0,0.1067,0.0,0.0
932,40.35,18.17,0.0,0.0,0.0,0.3224,22.18,0.0
933,38.47,12.82,0.0,0.0,0.0,0.3224,25.65,0.0
934,36.52,36.52,0.0,0.0,0.0,0.3224,0.0,0.0
935,36.52,32.07,0.0,0.0,0.0,0.3224,4.45,0.0
936,36.56,27.19,0.0,0.0,0.0,0.3224,9.36,0.0
937,36.56,43.88,0.0,7.33,0.0,0.3224,0.0,0.0
938,36.56,38.33,0.0,1.77,0.0,0.5658,0.0,0.0
939,36.56,28.81,0.0,0.0,0.0,0.6247,7.75,0.0
940,36.56,19.72,0.0,0.0,10.8,0.6247,6.04,0.0
941,36.56,38.54,0.0,1.98,0.0,0.2273,0.0,0.0
942,36.56,33.8,0.0,0.0,0.0,0.2931,2.75,0.0
943,38.51,23.87,9.38,0.0,5.25,0.2931,0.0,0.0
944,40.38,40.66,19.11,19.39,0.0,0.1,0.0,0.0
945,42.11,8.37,26.12,0.0,7.62,0.7441,0.0,0.0
946,43.63,0.0,33.75,0.0,9.88,0.4637,0.0,0.0
947,44.87,11.08,36.79,2.99,0.0,0.1,0.0,0.0
948,45.79,16.48,38.6,9.29,0.0,0.1995,0.0,0.0
949,46.36,20.29,37.88,11.8,0.0,0.508,0.0,0.0
950,46.56,11.85,34.7,0.0,0.0,0.9,0.0,0.0
951,46.36,23.9,22.46,0.0,0.0,0.9,0.0,0.0
952,45.79,10.15,17.5,0.0,15.89,0.9,2.25,0.0
953,44.87,39.07,5.8,0.0,0.0,0.3153,0.0,0.0
954,43.63,26.59,0.0,0.0,0.0,0.3153,17.04,0.0
955,42.11,40.95,0.0,0.0,1.16,0.3153,0.0,0.0
956,40.38,35.7,0.0,0.0,4.69,0.2725,0.0,0.0
957,38.51,38.86,0.0,0.35,0.0,0.1,0.0,0.0
958,36.56,41.54,0.0,4.98,0.0,0.1117,0.0,0.0
959,36.56,35.27,0.0,0.0,1.29,0.2771,0.0,0.0
960,36.59,43.47,0.0,6.88,0.0,0.2298,0.0,0.0
961,36.59,49.89,0.0,13.3,0.0,0.4582,0.0,0.0
962,36.59,36.59,0.0,0.0,0.0,0.9,0.0,0.0
963,36.59,36.59,0.0,0.0,0.0,0.9,0.0,0.0
964,36.59,29.88,0.0,0.0,6.71,0.9,0.0,0.0
965,36.59,44.02,0.0,7.43,0.0,0.6532,0.0,0.0
966,36.59,20.63,0.0,0.0,15.96,0.9,0.0,0.0
967,38.54,42.48,9.44,13.38,0.0,0.3128,0.0,0.0
968,40.42,21.53,18.89,0.0,0.0,0.7572,0.0,0.0
969,42.14,6.24,27.43,0.0,0.0,0.7572,8.47,0.0
970,43.66,10.14,33.52,0.0,0.0,0.7572,0.0,0.0
971,44.9,7.65,37.25,0.0,0.0,0.7572,0.0,0.0
972,45.83,25.72,20.1,0.0,0.0,0.7572,0.0,0.0
973,46.4,8.8,37.6,0.0,0.0,0.7572,0.0,0.0
974,46.59,13.3,33.29,0.0,0.0,0.7572,0.0,0.0
975,46.4,1.73,28.59,0.0,0.0,0.7572,16.08,0.0
976,45.83,17.92,18.69,4.3,0.0,0.7572,13.52,0.0
977,44.9,0.88,9.76,0.0,14.49,0.9,19.76,0.0
978,43.66,11.7,0.0,0.0,1.96,0.3665,30.0,0.0
979,42.14,37.33,0.0,0.0,4.82,0.2944,0.0,0.0
980,40.42,39.95,0.0,0.0,0.46,0.1171,0.0,0.0
981,38.54,38.44,0.0,0.0,0.0,0.1,0.1,0.0
982,36.59,26.3,0.0,0.0,0.0,0.1,10.29,0.0
983,36.59,36.33,0.0,0.0,0.0,0.1,0.26,0.0
984,36.62,36.62,0.0,0.0,0.0,0.1,0.0,0.0
985,36.62,25.29,0.0,0.0,0.0,0.1,11.33,0.0
986,36.62,50.51,0.0,13.89,0.0,0.1,0.0,0.0
987,36.62,42.78,0.0,6.16,0.0,0.5614,0.0,0.0
988,36.62,29.93,0.0,0.0,6.69,0.7661,0.0,0.0
989,36.62,30.0,0.0,11.45,0.0,0.5198,18.07,0.0
990,36.62,29.24,0.0,0.0,0.0,0.9,7.39,0.0
991,38.57,4.53,10.35,0.0,21.74,0.9,1.95,0.0
992,40.45,19.83,18.71,0.0,0.0,0.1,1.91,0.0
993,42.18,13.51,28.32,0.0,0.0,0.1,0.35,0.0
994,43.69,8.8,33.31,0.0,0.0,0.1,1.58,0.0
995,44.94,6.45,38.49,0.0,0.0,0.1,0.0,0.0
996,45.86,35.04,10.82,0.0,0.0,0.1,0.0,0.0
997,46.43,23.98,22.45,0.0,0.0,0.1,0.0,0.0
998,46.62,13.03,33.59,0.0,0.0,0.1,0.0,0.0
999,46.43,25.86,20.57,0.0,0.0,0.1,0.0,0.0
1000,45.86,25.77,20.09,0.0,0.0,0.1,0.0,0.0
1001,44.94,33.74,9.04,0.0,0.0,0.1,2.16,0.0
1002,43.69,27.77,0.0,0.0,0.0,0.1,15.92,0.0
1003,42.18,23.36,0.0,0.0,0.0,0.1,18.81,0.0
1004,40.45,38.98,0.0,0.0,0.0,0.1,1.47,0.0
1005,38.57,38.02,0.0,0.0,0.0,0.1,0.55,0.0
1006,36.62,44.52,0.0,7.9,0.0,0.1,0.0,0.0
1007,36.62,42.95,0.0,6.33,0.0,0.3625,0.0,0.0
1008,36.65,46.51,0.0,9.86,0.0,0.5726,0.0,0.0
1009,36.65,14.92,0.0,0.0,21.74,0.9,0.0,0.0
1010,36.65,48.57,0.0,11.92,0.0,0.1,0.0,0.0
1011,36.65,33.4,0.0,0.0,3.25,0.4958,0.0,0.0
1012,36.65,52.43,0.0,15.77,0.0,0.3761,0.0,0.0
1013,36.65,22.84,0.0,0.0,13.82,0.9,0.0,0.0
1014,36.65,44.16,0.0,7.51,0.0,0.3914,0.0,0.0
1015,38.6,26.47,7.77,0.0,0.0,0.6409,4.36,0.0
1016,40.48,15.74,18.29,0.0,6.45,0.6409,0.0,0.0
1017,42.21,14.77,27.44,0.0,0.0,0.4034,0.0,0.0
1018,43.73,8.4,35.33,0.0,0.0,0.4034,0.0,0.0
1019,44.97,21.74,23.23,0.0,0.0,0.4034,0.0,0.0
1020,45.89,22.38,23.52,0.0,0.0,0.4034,0.0,0.0
1021,46.46,9.61,36.86,0.0,0.0,0.4034,0.0,0.0
1022,46.65,18.31,28.35,0.0,0.0,0.4034,0.0,0.0
1023,46.46,41.2,5.26,0.0,0.0,0.4034,0.0,0.0
1024,45.89,39.16,6.73,0.0,0.0,0.4034,0.0,0.0
1025,44.97,28.82,7.94,0.0,0.0,0.4034,8.21,0.0
1026,43.73,27.45,0.0,0.0,0.0,0.4034,16.28,0.0
1027,42.21,30.8,0.0,0.0,0.0,0.4034,11.41,0.0
1028,40.48,38.04,0.0,0.0,0.0,0.4034,2.45,0.0
1029,38.6,23.96,0.0,0.0,8.24,0.4034,6.4,0.0
1030,36.65,33.07,0.0,18.28,0.0,0.1,21.87,0.0
1031,36.65,20.16,0.0,0.0,16.5,0.7073,0.0,0.0
1032,36.69,36.69,0.0,0.0,0.0,0.1,0.0,0.0
1033,36.69,42.84,0.0,6.16,0.0,0.1,0.0,0.0
1034,36.69,30.73,0.0,0.0,5.56,0.3045,0.4,0.0
1035,36.69,49.42,0.0,12.73,0.0,0.1,0.0,0.0
1036,36.69,19.81,0.0,0.0,0.0,0.5229,16.87,0.0
1037,36.69,15.09,0.0,0.0,11.49,0.5229,10.11,0.0
1038,36.69,29.17,0.0,0.0,0.0,0.1,7.52,0.0
1039,38.64,34.72,3.92,0.0,0.0,0.1,0.0,0.0
1040,40.51,20.46,20.05,0.0,0.0,0.1,0.0,0.0
1041,42.24,14.85,27.39,0.0,0.0,0.1,0.0,0.0
1042,43.76,29.05,14.7,0.0,0.0,0.1,0.0,0.0
1043,45.0,17.07,27.93,0.0,0.0,0.1,0.0,0.0
1044,45.92,15.41,30.51,0.0,0.0,0.1,0.0,0.0
1045,46.49,26.15,20.34,0.0,0.0,0.1,0.0,0.0
1046,46.69,24.86,21.83,0.0,0.0,0.1,0.0,0.0
1047,46.49,4.48,26.34,0.0,0.0,0.1,15.68,0.0
1048,45.92,36.57,20.29,10.93,0.0,0.1,0.0,0.0
1049,45.0,38.0,10.16,3.16,0.0,0.4632,0.0,0.0
1050,43.76,20.8,0.0,0.0,0.0,0.5681,22.96,0.0
1051,42.24,33.4,0.0,0.0,0.0,0.5681,8.84,0.0
1052,40.51,36.75,0.0,0.0,0.0,0.5681,3.77,0.0
1053,38.64,36.49,0.0,0.0,0.0,0.5681,2.15,0.0
1054,36.69,30.07,0.0,0.0,6.62,0.5681,0.0,0.0
1055,36.69,29.86,0.0,0.0,0.0,0.3245,6.83,0.0
1056,36.72,36.44,0.0,0.0,0.0,0.3245,0.28,0.0
1057,36.72,47.9,0.0,11.18,0.0,0.3245,0.0,0.0
1058,36.72,40.72,0.0,6.14,0.0,0.6959,2.14,0.0
1059,36.72,30.16,0.0,0.0,0.0,0.9,6.56,0.0
1060,36.72,36.72,0.0,0.0,0.0,0.9,0.0,0.0
1061,36.72,1.35,0.0,0.0,21.74,0.9,13.63,0.0
1062,36.72,38.15,0.0,24.08,0.0,0.1,22.65,0.0
1063,38.67,7.17,8.53,0.0,19.88,0.9,3.09,0.0
1064,40.54,18.35,20.34,0.0,1.85,0.1683,0.0,0.0
1065,42.27,8.86,28.25,0.0,0.0,0.1,5.17,0.0
1066,43.79,5.57,32.67,0.0,0.0,0.1,5.55,0.0
1067,45.03,28.76,16.27,0.0,0.0,0.1,0.0,0.0
1068,45.96,7.16,38.8,0.0,0.0,0.1,0.0,0.0
1069,46.53,20.75,25.78,0.0,0.0,0.1,0.0,0.0
1070,46.72,17.86,28.86,0.0,0.0,0.1,0.0,0.0
1071,46.53,17.74,28.78,0.0,0.0,0.1,0.0,0.0
1072,45.96,22.68,20.54,0.0,0.0,0.1,2.74,0.0
1073,45.03,11.66,7.88,0.0,0.0,0.1,25.49,0.0
1074,43.79,36.65,0.0,0.0,0.0,0.1,7.14,0.0
1075,42.27,24.53,0.0,0.0,0.0,0.1,17.74,0.0
1076,40.54,16.44,0.0,0.0,0.0,0.1,24.1,0.0
1077,38.67,29.59,0.0,0.0,0.0,0.1,9.08,0.0
1078,36.72,50.15,0.0,13.43,0.0,0.1,0.0,0.0
1079,36.72,44.72,0.0,8.01,0.0,0.5461,0.0,0.0
1080,36.75,33.14,0.0,0.0,3.61,0.812,0.0,0.0
1081,36.75,32.8,0.0,0.0,3.95,0.6792,0.0,0.0
1082,36.75,31.01,0.0,0.0,5.74,0.5338,0.0,0.0
1083,36.75,54.13,0.0,17.39,0.0,0.3225,0.0,0.0
1084,36.75,35.41,0.0,0.0,1.34,0.9,0.0,0.0
1085,36.75,33.51,0.0,0.0,3.24,0.8507,0.0,0.0
1086,36.75,36.75,0.0,0.0,0.0,0.7315,0.0,0.0
1087,38.7,26.53,7.84,0.0,0.0,0.7315,4.33,0.0
1088,40.58,19.25,19.17,0.0,0.0,0.7315,2.15,0.0
1089,42.3,14.8,27.5,0.0,0.0,0.7315,0.0,0.0
1090,43.82,8.83,34.99,0.0,0.0,0.7315,0.0,0.0
1091,45.06,6.46,38.6,0.0,0.0,0.7315,0.0,0.0
1092,45.99,24.05,21.94,0.0,0.0,0.7315,0.0,0.0
1093,46.56,17.73,28.83,0.0,0.0,0.7315,0.0,0.0
1094,46.75,25.41,21.34,0.0,0.0,0.7315,0.0,0.0
1095,46.56,17.47,29.08,0.0,0.0,0.7315,0.0,0.0
1096,45.99,22.58,18.62,0.0,0.0,0.7315,4.79,0.0
1097,45.06,4.51,10.53,0.0,13.63,0.7315,16.39,0.0
1098,43.82,35.75,0.0,0.0,0.0,0.2298,8.07,0.0
1099,42.3,32.69,0.0,0.0,0.0,0.2298,9.62,0.0
1100,40.58,40.58,0.0,0.0,0.0,0.2298,0.0,0.0
1101,38.7,5.17,0.0,0.0,3.53,0.2298,30.0,0.0
1102,36.75,50.25,0.0,13.5,0.0,0.1,0.0,0.0
1103,36.75,34.86,0.0,0.0,0.0,0.5484,1.89,0.0
1104,36.78,47.36,0.0,10.58,0.0,0.5484,0.0,0.0
1105,36.78,25.88,0.0,0.0,0.0,0.9,10.9,0.0
1106,36.78,36.78,0.0,0.0,0.0,0.9,0.0,0.0
1107,36.78,23.2,0.0,0.0,13.58,0.9,0.0,0.0
1108,36.78,25.39,0.0,0.0,0.0,0.4001,11.39,0.0
1109,36.78,48.0,0.0,11.22,0.0,0.4001,0.0,0.0
1110,36.78,24.73,0.0,0.0,12.05,0.7728,0.0,0.0
1111,38.73,26.2,7.86,0.0,0.0,0.3294,4.67,0.0
1112,40.61,30.25,10.36,0.0,0.0,0.3294,0.0,0.0
1113,42.33,13.39,28.94,0.0,0.0,0.3294,0.0,0.0
1114,43.85,19.56,24.29,0.0,0.0,0.3294,0.0,0.0
1115,45.09,20.69,24.4,0.0,0.0,0.3294,0.0,0.0
1116,46.02,40.42,5.59,0.0,0.0,0.3294,0.0,0.0
1117,46.59,16.53,30.06,0.0,0.0,0.3294,0.0,0.0
1118,46.78,20.06,26.72,0.0,0.0,0.3294,0.0,0.0
1119,46.59,18.41,28.17,0.0,0.0,0.3294,0.0,0.0
1120,46.02,27.43,18.59,0.0,0.0,0.3294,0.0,0.0
1121,45.09,35.75,9.62,0.27,0.0,0.3294,0.0,0.0
1122,43.85,32.9,0.0,0.0,6.48,0.3384,4.48,0.0
1123,42.33,17.9,0.0,0.0,0.0,0.1,24.43,0.0
1124,40.61,47.61,0.0,7.01,0.0,0.1,0.0,0.0
1125,38.73,22.28,0.0,0.0,0.0,0.3327,16.45,0.0
1126,36.78,36.78,0.0,0.0,0.0,0.3327,0.0,0.0
1127,36.78,28.69,0.0,0.0,0.0,0.3327,8.09,0.0
1128,36.81,35.7,0.0,0.0,0.0,0.3327,1.11,0.0
1129,36.81,36.81,0.0,0.0,0.0,0.3327,0.0,0.0
1130,36.81,36.81,0.0,0.0,0.0,0.3327,0.0,0.0
1131,36.81,36.81,0.0,0.0,0.0,0.3327,0.0,0.0
1132,36.81,47.3,0.0,10.49,0.0,0.3327,0.0,0.0
1133,36.81,33.5,0.0,0.0,3.06,0.681,0.25,0.0
1134,36.81,24.08,0.0,0.0,12.73,0.5684,0.0,0.0
1135,38.76,33.43,9.57,4.24,0.0,0.1,0.0,0.0
1136,40.64,33.27,18.05,10.69,0.0,0.2408,0.0,0.0
1137,42.36,7.44,27.67,0.0,0.0,0.5958,7.25,0.0
1138,43.88,10.72,33.16,0.0,0.0,0.5958,0.0,0.0
1139,45.12,23.88,21.24,0.0,0.0,0.5958,0.0,0.0
1140,46.05,13.71,32.34,0.0,0.0,0.5958,0.0,0.0
1141,46.62,30.52,16.1,0.0,0.0,0.5958,0.0,0.0
1142,46.81,13.7,33.11,0.0,0.0,0.5958,0.0,0.0
1143,46.62,17.81,28.81,0.0,0.0,0.5958,0.0,0.0
1144,46.05,19.86,18.76,0.0,0.0,0.5958,7.43,0.0
1145,45.12,24.09,8.02,0.0,0.0,0.5958,13.01,0.0
1146,43.88,15.69,0.0,0.0,13.47,0.5958,14.72,0.0
1147,42.36,14.86,0.0,0.0,0.0,0.1,27.51,0.0
1148,40.64,47.11,0.0,6.47,0.0,0.1,0.0,0.0
1149,38.76,25.11,0.0,0.0,0.0,0.3149,13.65,0.0
1150,36.81,25.25,0.0,0.0,0.0,0.3149,11.56,0.0
1151,36.81,14.79,0.0,0.0,0.0,0.3149,22.01,0.0
1152,36.84,29.92,0.0,0.0,0.0,0.3149,6.92,0.0
1153,36.84,22.85,0.0,0.0,5.84,0.3149,8.15,0.0
1154,36.84,51.05,0.0,14.22,0.0,0.1,0.0,0.0
1155,36.84,43.27,0.0,6.43,0.0,0.5722,0.0,0.0
1156,36.84,24.51,0.0,0.0,9.75,0.7857,2.58,0.0
1157,36.84,51.09,0.0,14.25,0.0,0.4267,0.0,0.0
1158,36.84,36.03,0.0,0.0,0.0,0.9,0.81,0.0
1159,38.79,20.62,8.21,0.0,9.97,0.9,0.0,0.0
1160,40.67,0.0,18.62,0.0,0.0,0.5332,22.05,0.0
1161,42.39,41.96,0.44,0.0,0.0,0.5332,0.0,0.0
1162,43.91,4.15,34.83,0.0,0.0,0.5332,4.92,0.0
1163,45.15,0.65,38.28,0.0,0.0,0.5332,6.22,0.0
1164,46.08,26.58,19.49,0.0,0.0,0.5332,0.0,0.0
1165,46.65,40.87,5.77,0.0,0.0,0.5332,0.0,0.0
1166,46.84,31.46,15.37,0.0,0.0,0.5332,0.0,0.0
1167,46.65,24.95,21.69,0.0,0.0,0.5332,0.0,0.0
1168,46.08,27.29,18.78,0.0,0.0,0.5332,0.0,0.0
1169,45.15,32.22,9.35,0.0,0.0,0.5332,3.59,0.0
1170,43.91,33.83,0.0,0.0,0.0,0.5332,10.08,0.0
1171,42.39,31.68,0.0,0.0,0.0,0.5332,10.72,0.0
1172,40.67,32.31,0.0,0.0,0.0,0.5332,8.35,0.0
1173,38.79,32.71,0.0,0.0,0.0,0.5332,6.08,0.0
1174,36.84,27.47,0.0,0.0,0.0,0.5332,9.37,0.0
1175,36.84,33.11,0.0,0.0,3.73,0.5332,0.0,0.0
1176,36.87,19.41,0.0,0.0,0.0,0.3959,17.45,0.0
1177,36.87,34.78,0.0,0.0,0.0,0.3959,2.09,0.0
1178,36.87,25.03,0.0,0.0,0.0,0.3959,11.84,0.0
1179,36.87,22.33,0.0,0.0,0.0,0.3959,14.53,0.0
1180,36.87,32.93,0.0,0.0,0.0,0.3959,3.94,0.0
1181,36.87,42.49,0.0,5.62,0.0,0.3959,0.0,0.0
1182,36.87,35.28,0.0,0.0,1.59,0.5826,0.0,0.0
1183,38.82,8.23,10.87,0.0,8.14,0.5241,11.59,0.0
1184,40.69,11.57,20.16,0.0,0.0,0.2246,8.96,0.0
1185,42.42,28.54,13.89,0.0,0.0,0.2246,0.0,0.0
1186,43.94,7.59,36.35,0.0,0.0,0.2246,0.0,0.0
1187,45.18,5.65,39.54,0.0,0.0,0.2246,0.0,0.0
1188,46.11,21.81,24.3,0.0,0.0,0.2246,0.0,0.0
1189,46.68,6.99,39.69,0.0,0.0,0.2246,0.0,0.0
1190,46.87,12.6,34.27,0.0,0.0,0.2246,0.0,0.0
1191,46.68,6.14,27.53,0.0,0.0,0.2246,13.0,0.0
1192,46.11,15.39,20.94,0.0,0.0,0.2246,9.77,0.0
1193,45.18,26.84,7.98,0.0,0.0,0.2246,10.36,0.0
1194,43.94,10.55,0.0,0.0,3.39,0.2246,30.0,0.0
1195,42.42,33.12,0.0,0.0,0.0,0.1,9.3,0.0
1196,40.69,30.97,0.0,0.0,0.0,0.1,9.73,0.0
1197,38.82,38.64,0.0,0.0,0.0,0.1,0.18,0.0
1198,36.87,36.87,0.0,0.0,0.0,0.1,0.0,0.0
1199,36.87,49.18,0.0,12.31,0.0,0.1,0.0,0.0
1200,36.9,37.19,0.0,0.29,0.0,0.5089,0.0,0.0
1201,36.9,31.39,0.0,0.0,0.0,0.5185,5.5,0.0
1202,36.9,35.84,0.0,0.0,0.0,0.5185,1.06,0.0
1203,36.9,38.42,0.0,1.52,0.0,0.5185,0.0,0.0
1204,36.9,31.51,0.0,0.0,0.0,0.5692,5.38,0.0
1205,36.9,29.06,0.0,0.0,0.0,0.5692,7.84,0.0
1206,36.9,19.2,0.0,0.0,0.0,0.5692,17.7,0.0
1207,38.85,17.03,10.06,0.0,11.75,0.5692,0.0,0.0
1208,40.72,7.38,18.56,0.0,0.0,0.1365,14.78,0.0
1209,42.45,15.54,26.91,0.0,0.0,0.1365,0.0,0.0
1210,43.97,5.34,36.54,0.0,0.0,0.1365,2.1,0.0
1211,45.21,7.31,37.9,0.0,0.0,0.1365,0.0,0.0
1212,46.13,5.0,41.14,0.0,0.0,0.1365,0.0,0.0
1213,46.7,25.41,21.29,0.0,0.0,0.1365,0.0,0.0
1214,46.9,14.68,32.22,0.0,0.0,0.1365,0.0,0.0
1215,46.7,19.19,27.51,0.0,0.0,0.1365,0.0,0.0
1216,46.13,14.56,20.38,0.0,0.0,0.1365,11.2,0.0
1217,45.21,26.31,10.63,0.0,0.0,0.1365,8.27,0.0
1218,43.97,17.88,0.0,0.0,0.0,0.1365,26.08,0.0
1219,42.45,49.78,0.0,7.33,0.0,0.1365,0.0,0.0
1220,40.72,19.34,0.0,0.0,0.0,0.3799,21.38,0.0
1221,38.85,36.12,0.0,0.0,0.0,0.3799,2.73,0.0
1222,36.9,36.9,0.0,0.0,0.0,0.3799,0.0,0.0
1223,36.9,39.69,0.0,2.8,0.0,0.3799,0.0,0.0
1224,36.92,34.0,0.0,0.0,0.0,0.4728,2.92,0.0
1225,36.92,34.21,0.0,0.0,0.0,0.4728,2.71,0.0
1226,36.92,34.94,0.0,0.0,0.0,0.4728,1.99,0.0
1227,36.92,31.49,0.0,0.0,5.43,0.4728,0.0,0.0
1228,36.92,36.92,0.0,0.0,0.0,0.2729,0.0,0.0
1229,36.92,50.29,0.0,13.37,0.0,0.2729,0.0,0.0
1230,36.92,20.49,0.0,0.0,16.43,0.7169,0.0,0.0
1231,38.87,9.95,9.97,0.0,0.0,0.1121,18.96,0.0
1232,40.75,20.19,19.06,0.0,0.33,0.1121,1.17,0.0
1233,42.48,15.43,27.05,0.0,0.0,0.1,0.0,0.0
1234,43.99,9.54,33.96,0.0,0.0,0.1,0.5,0.0
1235,45.24,32.61,12.63,0.0,0.0,0.1,0.0,0.0
1236,46.16,32.65,13.51,0.0,0.0,0.1,0.0,0.0
1237,46.73,11.02,35.71,0.0,0.0,0.1,0.0,0.0
1238,46.92,23.05,23.87,0.0,0.0,0.1,0.0,0.0
1239,46.73,17.5,29.24,0.0,0.0,0.1,0.0,0.0
1240,46.16,17.32,18.66,0.0,0.0,0.1,10.18,0.0
1241,45.24,21.43,8.71,0.0,0.0,0.1,15.1,0.0
1242,43.99,20.25,0.0,0.0,0.0,0.1,23.74,0.0
1243,42.48,18.54,0.0,0.0,0.0,0.1,23.94,0.0
1244,40.75,24.51,0.0,0.0,0.0,0.1,16.24,0.0
1245,38.87,20.89,0.0,0.0,0.0,0.1,17.98,0.0
1246,36.92,34.84,0.0,24.08,0.0,0.1,26.17,0.0
1247,36.92,27.91,0.0,0.0,4.82,0.9,4.19,0.0
1248,36.95,36.95,0.0,0.0,0.0,0.7224,0.0,0.0
1249,36.95,20.04,0.0,0.0,16.91,0.7224,0.0,0.0
1250,36.95,36.95,0.0,0.0,0.0,0.1,0.0,0.0
1251,36.95,41.02,0.0,4.07,0.0,0.1,0.0,0.0
1252,36.95,11.14,0.0,0.0,0.0,0.235,25.81,0.0
1253,36.95,32.08,0.0,0.0,0.0,0.235,4.87,0.0
1254,36.95,36.95,0.0,0.0,0.0,0.235,0.0,0.0
1255,38.9,11.39,9.22,0.0,0.0,0.235,18.29,0.0
1256,40.78,19.86,20.91,0.0,0.0,0.235,0.0,0.0
1257,42.51,23.01,19.49,0.0,0.0,0.235,0.0,0.0
1258,44.02,10.0,34.03,0.0,0.0,0.235,0.0,0.0
1259,45.27,4.8,40.47,0.0,0.0,0.235,0.0,0.0
1260,46.19,21.5,24.69,0.0,0.0,0.235,0.0,0.0
1261,46.76,17.09,29.67,0.0,0.0,0.235,0.0,0.0
1262,46.95,22.63,24.32,0.0,0.0,0.235,0.0,0.0
1263,46.76,9.82,28.32,0.0,0.0,0.235,8.62,0.0
1264,46.19,22.59,20.89,0.0,0.0,0.235,2.71,0.0
1265,45.27,9.38,9.56,0.0,0.0,0.235,26.32,0.0
1266,44.02,24.75,0.0,0.0,0.0,0.235,19.27,0.0
1267,42.51,19.5,0.0,0.0,0.0,0.235,23.01,0.0
1268,40.78,23.53,0.0,0.0,3.67,0.235,13.58,0.0
1269,38.9,44.98,0.0,6.08,0.0,0.1,0.0,0.0
1270,36.95,45.12,0.0,8.17,0.0,0.3019,0.0,0.0
1271,36.95,36.95,0.0,0.0,0.0,0.5732,0.0,0.0
1272,36.98,24.81,0.0,0.0,12.17,0.5732,0.0,0.0
1273,36.98,32.11,0.0,0.0,0.0,0.1252,4.87,0.0
1274,36.98,46.18,0.0,9.21,0.0,0.1252,0.0,0.0
1275,36.98,34.07,0.0,0.0,2.91,0.4311,0.0,0.0
1276,36.98,53.47,0.0,16.49,0.0,0.3241,0.0,0.0
1277,36.98,32.14,0.0,0.0,4.84,0.872,0.0,0.0
1278,36.98,27.61,0.0,0.0,9.37,0.6938,0.0,0.0
1279,38.93,20.12,8.06,0.0,0.0,0.3489,10.74,0.0
1280,40.8,22.11,18.7,0.0,0.0,0.3489,0.0,0.0
1281,42.53,13.65,28.89,0.0,0.0,0.3489,0.0,0.0
1282,44.05,24.16,19.89,0.0,0.0,0.3489,0.0,0.0
1283,45.29,25.62,19.67,0.0,0.0,0.3489,0.0,0.0
1284,46.22,4.9,41.32,0.0,0.0,0.3489,0.0,0.0
1285,46.79,3.1,40.47,0.0,0.0,0.3489,3.21,0.0
1286,46.98,0.0,34.51,0.0,0.0,0.3489,12.46,0.0
1287,46.79,23.75,29.19,6.16,0.0,0.3489,0.0,0.0
1288,46.22,9.93,21.14,0.0,0.0,0.5536,15.15,0.0
1289,45.29,1.97,11.04,0.0,12.32,0.5536,19.96,0.0
1290,44.05,29.54,0.0,0.0,0.0,0.1,14.51,0.0
1291,42.53,52.81,0.0,10.27,0.0,0.1,0.0,0.0
1292,40.8,30.58,0.0,0.0,7.34,0.4413,2.88,0.0
1293,38.93,38.93,0.0,0.0,0.0,0.1711,0.0,0.0
1294,36.98,35.05,0.0,0.0,1.93,0.1711,0.0,0.0
1295,36.98,34.25,0.0,0.0,0.0,0.1,2.73,0.0
1296,37.0,44.47,0.0,7.47,0.0,0.1,0.0,0.0
1297,37.0,32.23,0.0,0.0,4.77,0.3481,0.0,0.0
1298,37.0,36.74,0.0,0.0,0.26,0.1725,0.0,0.0
1299,37.0,35.71,0.0,0.0,1.29,0.1628,0.0,0.0
1300,37.0,23.92,0.0,0.0,0.41,0.1151,12.67,0.0
1301,37.0,37.0,0.0,0.0,0.0,0.1,0.0,0.0
1302,37.0,23.86,0.0,0.0,0.0,0.1,13.15,0.0
1303,38.95,15.59,10.57,0.0,0.0,0.1,12.79,0.0
1304,40.83,25.94,20.81,5.92,0.0,0.1,0.0,0.0
1305,42.56,9.77,28.26,0.0,4.52,0.2965,0.0,0.0
1306,44.07,9.27,34.8,0.0,0.0,0.13,0.0,0.0
1307,45.32,6.7,38.62,0.0,0.0,0.13,0.0,0.0
1308,46.24,26.43,19.82,0.0,0.0,0.13,0.0,0.0
1309,46.81,20.74,26.07,0.0,0.0,0.13,0.0,0.0
1310,47.0,16.81,30.2,0.0,0.0,0.13,0.0,0.0
1311,46.81,17.76,29.05,0.0,0.0,0.13,0.0,0.0
1312,46.24,25.55,20.69,0.0,0.0,0.13,0.0,0.0
1313,45.32,28.52,10.07,0.0,0.0,0.13,6.73,0.0
1314,44.07,25.68,0.0,0.0,0.0,0.13,18.39,0.0
1315,42.56,15.21,0.0,0.0,0.0,0.13,27.35,0.0
1316,40.83,20.02,0.0,0.0,0.0,0.13,20.81,0.0
1317,38.95,29.54,0.0,0.0,0.82,0.13,8.6,0.0
1318,37.0,28.11,0.0,0.0,0.0,0.1,8.9,0.0
1319,37.0,33.25,0.0,0.0,0.0,0.1,3.75,0.0
1320,37.03,35.85,0.0,0.0,0.0,0.1,1.18,0.0
1321,37.03,40.17,0.0,3.14,0.0,0.1,0.0,0.0
1322,37.03,33.28,0.0,0.0,0.0,0.2043,3.75,0.0
1323,37.03,37.03,0.0,0.0,0.0,0.2043,0.0,0.0
1324,37.03,31.0,0.0,0.0,0.0,0.2043,6.03,0.0
1325,37.03,8.54,0.0,0.0,0.0,0.2043,28.49,0.0
1326,37.03,16.2,0.0,0.0,0.0,0.2043,20.83,0.0
1327,38.98,21.48,10.06,0.0,0.0,0.2043,7.45,0.0
1328,40.86,8.61,18.73,0.0,0.0,0.2043,13.52,0.0
1329,42.58,12.83,29.75,0.0,0.0,0.2043,0.0,0.0
1330,44.1,31.99,12.11,0.0,0.0,0.2043,0.0,0.0
1331,45.34,27.93,17.41,0.0,0.0,0.2043,0.0,0.0
1332,46.27,13.5,32.77,0.0,0.0,0.2043,0.0,0.0
1333,46.84,30.61,16.23,0.0,0.0,0.2043,0.0,0.0
1334,47.03,18.38,28.65,0.0,0.0,0.2043,0.0,0.0
1335,46.84,15.16,29.96,0.0,0.0,0.2043,1.71,0.0
1336,46.27,14.48,20.74,0.0,0.0,0.2043,11.04,0.0
1337,45.34,19.92,11.1,0.0,0.0,0.2043,14.32,0.0
1338,44.1,21.62,0.0,0.0,0.0,0.2043,22.48,0.0
1339,42.58,29.67,0.0,0.0,0.0,0.2043,12.92,0.0
1340,40.86,31.95,0.0,0.0,0.0,0.2043,8.91,0.0
1341,38.98,32.43,0.0,0.0,0.0,0.2043,6.54,0.0
1342,37.03,37.03,0.0,0.0,0.0,0.2043,0.0,0.0
1343,37.03,46.68,0.0,9.65,0.0,0.2043,0.0,0.0
1344,37.05,44.5,0.0,7.45,0.0,0.5247,0.0,0.0
1345,37.05,20.2,0.0,0.0,0.0,0.772,16.86,0.0
1346,37.05,8.69,0.0,0.0,18.26,0.772,10.11,0.0
1347,37.05,37.05,0.0,0.0,0.0,0.1,0.0,0.0
1348,37.05,16.77,0.0,0.0,0.0,0.1,20.28,0.0
1349,37.05,25.64,0.0,0.0,0.0,0.1,11.41,0.0
1350,37.05,13.78,0.0,0.0,0.0,0.1,23.27,0.0
1351,39.0,5.02,9.03,0.0,0.0,0.1,24.96,0.0
1352,40.88,25.71,19.28,4.12,0.0,0.1,0.0,0.0
1353,42.61,25.82,28.32,11.53,0.0,0.2368,0.0,0.0
1354,44.12,11.1,34.64,1.62,0.0,0.6198,0.0,0.0
1355,45.37,0.0,33.24,0.0,12.12,0.6735,0.0,0.0
1356,46.29,10.08,42.52,6.31,0.0,0.2273,0.0,0.0
1357,46.86,19.65,41.15,13.94,0.0,0.4368,0.0,0.0
1358,47.05,2.22,36.79,0.0,8.04,0.9,0.0,0.0
1359,46.86,20.15,29.99,3.28,0.0,0.604,0.0,0.0
1360,46.29,20.23,21.04,0.0,0.0,0.713,5.03,0.0
1361,45.37,28.46,8.4,0.0,3.41,0.713,5.1,0.0
1362,44.12,26.48,0.0,0.0,0.0,0.5876,17.64,0.0
1363,42.61,18.27,0.0,0.0,0.0,0.5876,24.34,0.0
1364,40.88,40.88,0.0,0.0,0.0,0.5876,0.0,0.0
1365,39.0,30.71,0.0,0.0,0.0,0.5876,8.3,0.0
1366,37.05,33.56,0.0,0.0,3.49,0.5876,0.0,0.0
1367,37.05,25.63,0.0,0.0,0.0,0.4591,11.43,0.0
1368,37.08,30.65,0.0,0.0,0.0,0.4591,6.43,0.0
1369,37.08,25.96,0.0,0.0,0.0,0.4591,11.11,0.0
1370,37.08,31.99,0.0,0.0,0.0,0.4591,5.09,0.0
1371,37.08,48.98,0.0,11.9,0.0,0.4591,0.0,0.0
1372,37.08,16.58,0.0,0.0,20.5,0.8544,0.0,0.0
1373,37.08,11.83,0.0,0.0,0.0,0.1,25.25,0.0
1374,37.08,39.65,0.0,2.57,0.0,0.1,0.0,0.0
1375,39.03,20.56,11.0,0.0,0.0,0.1854,7.48,0.0
1376,40.9,13.65,19.98,0.0,0.0,0.1854,7.27,0.0
1377,42.63,28.44,14.19,0.0,0.0,0.1854,0.0,0.0
1378,44.15,9.07,35.08,0.0,0.0,0.1854,0.0,0.0
1379,45.39,33.63,11.76,0.0,0.0,0.1854,0.0,0.0
1380,46.32,21.99,24.32,0.0,0.0,0.1854,0.0,0.0
1381,46.89,5.29,41.59,0.0,0.0,0.1854,0.0,0.0
1382,47.08,37.88,9.2,0.0,0.0,0.1854,0.0,0.0
1383,46.89,12.24,29.13,0.0,0.0,0.1854,5.51,0.0
1384,46.32,27.55,21.43,2.66,0.0,0.1854,0.0,0.0
1385,45.39,25.56,9.23,0.0,0.0,0.2739,10.6,0.0
1386,44.15,37.98,0.0,0.0,0.0,0.2739,6.17,0.0
1387,42.63,43.09,0.0,0.45,0.0,0.2739,0.0,0.0
1388,40.9,30.4,0.0,0.0,0.0,0.2889,10.5,0.0
1389,39.03,24.71,0.0,0.0,0.0,0.2889,14.32,0.0
1390,37.08,38.22,0.0,1.14,0.0,0.2889,0.0,0.0
1391,37.08,28.0,0.0,0.0,6.16,0.3268,2.91,0.0
1392,37.1,54.69,0.0,17.59,0.0,0.1,0.0,0.0
1393,37.1,35.88,0.0,0.0,1.22,0.6843,0.0,0.0
1394,37.1,29.95,0.0,0.0,0.0,0.6392,7.15,0.0
1395,37.1,33.8,0.0,0.0,0.0,0.6392,3.3,0.0
1396,37.1,16.68,0.0,0.0,0.0,0.6392,20.42,0.0
1397,37.1,18.01,0.0,0.0,0.0,0.6392,19.1,0.0
1398,37.1,36.84,0.0,0.0,0.26,0.6392,0.0,0.0
1399,39.05,16.01,8.81,0.0,0.0,0.6296,14.24,0.0
1400,40.93,9.79,19.1,0.0,12.04,0.6296,0.0,0.0
1401,42.66,14.52,28.13,0.0,0.0,0.1866,0.0,0.0
1402,44.17,28.17,16.0,0.0,0.0,0.1866,0.0,0.0
1403,45.42,22.59,22.82,0.0,0.0,0.1866,0.0,0.0
1404,46.34,24.98,21.36,0.0,0.0,0.1866,0.0,0.0
1405,46.91,8.06,38.85,0.0,0.0,0.1866,0.0,0.0
1406,47.1,2.5,36.48,0.0,2.35,0.1866,5.77,0.0
1407,46.91,32.84,28.4,14.34,0.0,0.1,0.0,0.0
1408,46.34,16.92,21.03,0.0,8.38,0.5763,0.0,0.0
1409,45.42,20.01,9.04,12.33,0.0,0.2677,28.7,0.0
1410,44.17,38.1,0.0,0.0,6.07,0.6772,0.0,0.0
1411,42.66,33.05,0.0,0.0,9.61,0.4537,0.0,0.0
1412,40.93,34.43,0.0,0.0,0.0,0.1,6.49,0.0
1413,39.05,53.3,0.0,14.25,0.0,0.1,0.0,0.0
1414,37.1,27.21,0.0,0.0,6.12,0.5733,3.76,0.0
1415,37.1,43.67,0.0,6.57,0.0,0.3479,0.0,0.0
1416,37.12,35.29,0.0,0.0,1.84,0.566,0.0,0.0
1417,37.12,37.03,0.0,0.0,0.09,0.4983,0.0,0.0
1418,37.12,48.45,0.0,11.33,0.0,0.495,0.0,0.0
1419,37.12,36.84,0.0,0.0,0.0,0.8713,0.28,0.0
1420,37.12,35.1,0.0,0.0,0.0,0.8713,2.02,0.0
1421,37.12,37.99,0.0,0.86,0.0,0.8713,0.0,0.0
1422,37.12,21.29,0.0,0.0,0.0,0.9,15.84,0.0
1423,39.08,14.07,8.87,0.0,9.99,0.9,6.15,0.0
1424,40.95,9.67,19.73,0.0,0.0,0.5325,11.55,0.0
1425,42.68,0.0,30.93,0.0,11.75,0.5325,0.0,0.0
1426,44.2,8.6,35.6,0.0,0.0,0.1,0.0,0.0
1427,45.44,4.51,39.8,0.0,0.0,0.1,1.13,0.0
1428,46.36,12.86,33.51,0.0,0.0,0.1,0.0,0.0
1429,46.93,12.64,34.29,0.0,0.0,0.1,0.0,0.0
1430,47.12,19.38,27.74,0.0,0.0,0.1,0.0,0.0
1431,46.93,18.38,28.55,0.0,0.0,0.1,0.0,0.0
1432,46.36,28.43,17.93,0.0,0.0,0.1,0.0,0.0
1433,45.44,16.59,10.33,0.0,0.0,0.1,18.52,0.0
1434,44.2,23.23,0.0,0.0,0.0,0.1,20.96,0.0
1435,42.68,30.21,0.0,0.0,0.0,0.1,12.47,0.0
1436,40.95,27.35,0.0,0.0,0.0,0.1,13.6,0.0
1437,39.08,47.67,0.0,8.59,0.0,0.1,0.0,0.0
1438,37.12,38.24,0.0,1.12,0.0,0.3854,0.0,0.0
1439,37.12,37.12,0.0,0.0,0.0,0.4224,0.0,0.0
1440,37.15,41.11,0.0,3.96,0.0,0.4224,0.0,0.0
1441,37.15,45.8,0.0,8.65,0.0,0.5539,0.0,0.0
1442,37.15,35.04,0.0,0.0,0.0,0.8413,2.1,0.0
1443,37.15,18.93,0.0,0.0,0.0,0.8413,18.22,0.0
1444,37.15,33.59,0.0,0.0,3.55,0.8413,0.0,0.0
1445,37.15,20.87,0.0,0.0,0.0,0.7105,16.28,0.0
1446,37.15,19.53,0.0,0.0,16.59,0.7105,1.03,0.0
1447,39.1,27.96,9.53,0.0,0.0,0.1,1.61,0.0
1448,40.97,32.0,8.97,0.0,0.0,0.1,0.0,0.0
1449,42.7,14.21,28.49,0.0,0.0,0.1,0.0,0.0
1450,44.22,6.19,38.03,0.0,0.0,0.1,0.0,0.0
1451,45.46,31.98,13.48,0.0,0.0,0.1,0.0,0.0
1452,46.39,17.26,29.13,0.0,0.0,0.1,0.0,0.0
1453,46.95,40.84,6.12,0.0,0.0,0.1,0.0,0.0
1454,47.15,21.78,25.37,0.0,0.0,0.1,0.0,0.0
1455,46.95,0.44,28.48,0.0,0.0,0.1,18.04,0.0
1456,46.39,27.23,19.16,0.0,0.0,0.1,0.0,0.0
1457,45.46,25.94,8.6,0.0,0.0,0.1,10.92,0.0
1458,44.22,37.43,0.0,0.0,0.0,0.1,6.78,0.0
1459,42.7,33.91,0.0,0.0,0.0,0.1,8.79,0.0
1460,40.97,28.29,0.0,0.0,0.0,0.1,12.68,0.0
1461,39.1,19.64,0.0,0.0,0.0,0.1,19.45,0.0
1462,37.15,31.2,0.0,0.0,0.0,0.1,5.94,0.0
1463,37.15,25.87,0.0,0.0,0.0,0.1,11.28,0.0
1464,37.17,28.72,0.0,0.0,0.0,0.1,8.45,0.0
1465,37.17,39.89,0.0,2.72,0.0,0.1,0.0,0.0
1466,37.17,49.56,0.0,12.39,0.0,0.1905,0.0,0.0
1467,37.17,35.44,0.0,0.0,0.0,0.602,1.73,0.0
1468,37.17,17.74,0.0,0.0,0.0,0.602,19.43,0.0
1469,37.17,31.51,0.0,0.0,0.0,0.602,5.65,0.0
1470,37.17,36.37,0.0,0.0,0.0,0.602,0.8,0.0
1471,39.12,16.04,8.89,0.0,13.64,0.602,0.55,0.0
1472,41.0,18.35,21.03,0.0,0.0,0.1,1.62,0.0
1473,42.72,12.97,29.75,0.0,0.0,0.1,0.0,0.0
1474,44.24,8.33,35.9,0.0,0.0,0.1,0.0,0.0
1475,45.48,3.11,42.38,0.0,0.0,0.1,0.0,0.0
1476,46.41,3.22,43.19,0.0,0.0,0.1,0.0,0.0
1477,46.98,19.21,27.77,0.0,0.0,0.1,0.0,0.0
1478,47.17,7.32,36.66,0.0,0.0,0.1,3.18,0.0
1479,46.98,13.32,29.92,0.0,0.0,0.1,3.74,0.0
1480,46.41,26.78,20.49,0.86,0.0,0.1,0.0,0.0
1481,45.48,18.37,10.67,0.0,0.0,0.1287,16.44,0.0
1482,44.24,41.59,0.0,0.0,0.0,0.1287,2.65,0.0
1483,42.72,23.2,0.0,0.0,0.0,0.1287,19.52,0.0
1484,41.0,31.72,0.0,0.0,0.0,0.1287,9.27,0.0
1485,39.12,40.73,0.0,21.75,0.0,0.1287,20.13,0.0
1486,37.17,19.15,0.0,0.0,0.0,0.851,18.02,0.0
1487,37.17,16.76,0.0,0.0,20.41,0.851,0.0,0.0
1488,37.19,19.27,0.0,0.0,0.0,0.1,17.92,0.0
1489,37.19,46.38,0.0,9.19,0.0,0.1,0.0,0.0
1490,37.19,27.53,0.0,0.0,8.3,0.4053,1.36,0.0
1491,37.19,56.59,0.0,19.4,0.0,0.1,0.0,0.0
1492,37.19,23.81,0.0,0.0,13.38,0.7444,0.0,0.0
1493,37.19,28.81,0.0,0.0,0.0,0.2519,8.38,0.0
1494,37.19,37.19,0.0,0.0,0.0,0.2519,0.0,0.0
1495,39.14,39.14,0.0,0.0,0.0,0.2519,0.0,0.0
1496,41.02,19.35,21.67,0.0,0.0,0.2519,0.0,0.0
1497,42.75,29.38,13.37,0.0,0.0,0.2519,0.0,0.0
1498,44.26,26.0,18.26,0.0,0.0,0.2519,0.0,0.0
1499,45.5,20.76,24.74,0.0,0.0,0.2519,0.0,0.0
1500,46.43,22.26,24.17,0.0,0.0,0.2519,0.0,0.0
1501,47.0,4.31,42.69,0.0,0.0,0.2519,0.0,0.0
1502,47.19,7.86,35.79,0.0,0.0,0.2519,3.54,0.0
1503,47.0,17.45,29.45,0.0,0.0,0.2519,0.1,0.0
1504,46.43,17.84,20.71,0.0,0.0,0.2519,7.88,0.0
1505,45.5,17.43,10.22,0.0,0.0,0.2519,17.86,0.0
1506,44.26,31.3,0.0,0.0,0.0,0.2519,12.96,0.0
1507,42.75,36.39,0.0,0.0,0.0,0.2519,6.35,0.0
1508,41.02,30.23,0.0,0.0,0.0,0.2519,10.78,0.0
1509,39.14,45.95,0.0,6.81,0.0,0.2519,0.0,0.0
1510,37.19,21.73,0.0,12.7,0.0,0.4781,28.17,0.0
1511,37.19,32.04,0.0,0.0,0.0,0.9,5.15,0.0
1512,37.21,27.08,0.0,0.0,0.0,0.9,10.13,0.0
1513,37.21,15.43,0.0,0.0,21.74,0.9,0.05,0.0
1514,37.21,32.0,0.0,0.0,0.0,0.1,5.21,0.0
1515,37.21,30.05,0.0,0.0,0.0,0.1,7.16,0.0
1516,37.21,44.11,0.0,24.08,0.0,0.1,17.18,0.0
1517,37.21,33.05,0.0,0.0,0.0,0.9,4.16,0.0
1518,37.21,14.21,0.0,0.0,18.4,0.9,4.6,0.0
1519,39.16,39.16,0.0,0.0,0.0,0.2228,0.0,0.0
1520,41.04,31.39,9.65,0.0,0.0,0.2228,0.0,0.0
1521,42.77,11.98,30.79,0.0,0.0,0.2228,0.0,0.0
1522,44.28,8.46,35.82,0.0,0.0,0.2228,0.0,0.0
1523,45.52,5.34,40.19,0.0,0.0,0.2228,0.0,0.0
1524,46.45,10.78,35.67,0.0,0.0,0.2228,0.0,0.0
1525,47.02,25.5,21.52,0.0,0.0,0.2228,0.0,0.0
1526,47.21,34.32,12.89,0.0,0.0,0.2228,0.0,0.0
1527,47.02,32.52,14.49,0.0,0.0,0.2228,0.0,0.0
1528,46.45,14.56,19.68,0.0,0.0,0.2228,12.22,0.0
1529,45.52,10.72,10.97,0.0,0.0,0.2228,23.84,0.0
1530,44.28,25.68,0.0,0.0,0.0,0.2228,18.6,0.0
1531,42.77,9.43,0.0,0.0,3.34,0.2228,30.0,0.0
1532,41.04,32.4,0.0,0.0,0.0,0.1,8.64,0.0
1533,39.16,29.8,0.0,0.0,0.0,0.1,9.36,0.0
1534,37.21,28.23,0.0,0.0,0.0,0.1,8.98,0.0
1535,37.21,18.1,0.0,0.0,0.0,0.1,19.11,0.0
1536,37.23,37.23,0.0,0.0,0.0,0.1,0.0,0.0
1537,37.23,28.41,0.0,21.18,0.0,0.1,30.0,0.0
1538,37.23,21.15,0.0,0.0,0.0,0.8034,16.08,0.0
1539,37.23,2.82,0.0,0.0,19.11,0.8034,15.29,0.0
1540,37.23,28.79,0.0,0.0,0.0,0.1,8.44,0.0
1541,37.23,44.14,0.0,6.91,0.0,0.1,0.0,0.0
1542,37.23,40.5,0.0,3.27,0.0,0.3295,0.0,0.0
1543,39.18,17.09,9.01,0.0,9.18,0.438,3.89,0.0
1544,41.06,13.29,21.56,0.0,0.0,0.1,6.21,0.0
1545,42.79,21.79,20.99,0.0,0.0,0.1,0.0,0.0
1546,44.3,5.79,36.51,0.0,0.0,0.1,2.01,0.0
1547,45.54,2.6,42.94,0.0,0.0,0.1,0.0,0.0
1548,46.47,21.84,24.63,0.0,0.0,0.1,0.0,0.0
1549,47.04,26.71,20.33,0.0,0.0,0.1,0.0,0.0
1550,47.23,14.63,32.6,0.0,0.0,0.1,0.0,0.0
1551,47.04,15.17,31.5,0.0,0.0,0.1,0.36,0.0
1552,46.47,10.57,20.67,0.0,0.0,0.1,15.22,0.0
1553,45.54,13.45,11.06,0.0,0.0,0.1,21.03,0.0
1554,44.3,21.91,0.0,0.0,0.0,0.1,22.39,0.0
1555,42.79,30.31,0.0,0.0,0.0,0.1,12.48,0.0
1556,41.06,38.06,0.0,0.0,0.0,0.1,3.0,0.0
1557,39.18,23.2,0.0,0.0,0.0,0.1,15.99,0.0
1558,37.23,47.36,0.0,10.13,0.0,0.1,0.0,0.0
1559,37.23,30.98,0.0,0.0,6.25,0.4366,0.0,0.0
1560,37.25,33.62,0.0,0.0,0.0,0.2067,3.62,0.0
1561,37.25,26.14,0.0,0.0,2.9,0.2067,8.21,0.0
1562,37.25,8.65,0.0,0.0,0.0,0.1,28.6,0.0
1563,37.25,37.25,0.0,0.0,0.0,0.1,0.0,0.0
1564,37.25,36.17,0.0,0.0,0.0,0.1,1.08,0.0
1565,37.25,23.77,0.0,0.0,0.0,0.1,13.48,0.0
1566,37.25,24.65,0.0,0.0,0.0,0.1,12.6,0.0
1567,39.2,26.52,11.12,0.0,0.0,0.1,1.56,0.0
1568,41.08,3.68,21.11,0.0,0.0,0.1,16.29,0.0
1569,42.8,11.82,29.81,0.0,0.0,0.1,1.18,0.0
1570,44.32,23.28,36.82,15.79,0.0,0.1,0.0,0.0
1571,45.56,2.13,41.63,0.0,1.8,0.6244,0.0,0.0
1572,46.49,1.99,44.5,0.0,0.0,0.5582,0.0,0.0
1573,47.06,1.12,40.94,0.0,5.0,0.5582,0.0,0.0
1574,47.25,9.07,38.18,0.0,0.0,0.3742,0.0,0.0
1575,47.06,16.29,30.77,0.0,0.0,0.3742,0.0,0.0
1576,46.49,3.17,20.86,0.0,7.45,0.3742,15.01,0.0
1577,45.56,32.91,9.08,0.0,0.0,0.1,3.57,0.0
1578,44.32,16.76,0.0,0.0,0.0,0.1,27.56,0.0
1579,42.8,18.56,0.0,0.0,0.0,0.1,24.24,0.0
1580,41.08,30.89,0.0,0.0,0.0,0.1,10.19,0.0
1581,39.2,39.2,0.0,0.0,0.0,0.1,0.0,0.0
1582,37.25,22.51,0.0,0.0,0.0,0.1,14.73,0.0
1583,37.25,34.11,0.0,0.0,0.0,0.1,3.14,0.0
1584,37.27,37.9,0.0,0.64,0.0,0.1,0.0,0.0
1585,37.27,40.17,0.0,10.48,0.0,0.1211,7.58,0.0
1586,37.27,34.1,0.0,0.0,0.0,0.4693,3.17,0.0
1587,37.27,27.18,0.0,0.0,0.0,0.4693,10.08,0.0
1588,37.27,20.61,0.0,0.0,0.0,0.4693,16.66,0.0
1589,37.27,27.23,0.0,0.0,10.03,0.4693,0.0,0.0
1590,37.27,13.28,0.0,6.01,0.0,0.1,30.0,0.0
1591,39.22,0.0,9.54,0.0,5.43,0.2997,24.25,0.0
1592,41.09,23.21,20.77,2.89,0.0,0.1,0.0,0.0
1593,42.82,25.77,17.05,0.0,0.0,0.1959,0.0,0.0
1594,44.34,0.0,38.24,0.0,2.61,0.1959,3.49,0.0
1595,45.58,3.85,41.74,0.0,0.0,0.1,0.0,0.0
1596,46.51,2.63,43.88,0.0,0.0,0.1,0.0,0.0
1597,47.08,34.58,12.49,0.0,0.0,0.1,0.0,0.0
1598,47.27,15.51,31.75,0.0,0.0,0.1,0.0,0.0
1599,47.08,9.71,30.12,0.0,0.0,0.1,7.25,0.0
1600,46.51,17.11,21.22,0.0,0.0,0.1,8.17,0.0
1601,45.58,34.82,10.76,0.0,0.0,0.1,0.0,0.0
1602,44.34,17.48,0.0,0.0,0.0,0.1,26.86,0.0
1603,42.82,18.52,0.0,0.0,0.0,0.1,24.31,0.0
1604,41.09,24.01,0.0,0.0,0.0,0.1,17.09,0.0
1605,39.22,21.41,0.0,0.0,0.0,0.1,17.81,0.0
1606,37.27,33.57,0.0,0.0,0.0,0.1,3.7,0.0
1607,37.27,49.34,0.0,12.07,0.0,0.1,0.0,0.0
1608,37.29,36.71,0.0,0.0,0.0,0.5011,0.58,0.0
1609,37.29,30.71,0.0,0.0,0.0,0.5011,6.58,0.0
1610,37.29,29.34,0.0,0.0,0.0,0.5011,7.95,0.0
1611,37.29,15.25,0.0,0.0,0.0,0.5011,22.03,0.0
1612,37.29,37.29,0.0,0.0,0.0,0.5011,0.0,0.0
1613,37.29,25.46,0.0,0.0,0.0,0.5011,11.82,0.0
1614,37.29,21.91,0.0,0.0,10.9,0.5011,4.48,0.0
1615,39.24,28.23,11.01,0.0,0.0,0.1,0.0,0.0
1616,41.11,20.56,20.55,0.0,0.0,0.1,0.0,0.0
1617,42.84,9.32,31.69,0.0,0.0,0.1,1.83,0.0
1618,44.36,7.05,37.31,0.0,0.0,0.1,0.0,0.0
1619,45.6,25.48,20.12,0.0,0.0,0.1,0.0,0.0
1620,46.52,14.95,31.57,0.0,0.0,0.1,0.0,0.0
1621,47.09,0.01,43.58,0.0,0.0,0.1,3.5,0.0
1622,47.29,24.21,23.08,0.0,0.0,0.1,0.0,0.0
1623,47.09,10.14,29.41,0.0,0.0,0.1,7.54,0.0
1624,46.52,37.2,21.64,12.32,0.0,0.1,0.0,0.0
1625,45.6,31.77,9.49,0.0,0.0,0.5092,4.34,0.0
1626,44.36,19.28,0.0,0.0,0.0,0.5092,25.08,0.0
1627,42.84,38.84,0.0,0.0,0.0,0.5092,4.0,0.0
1628,41.11,29.27,0.0,0.0,0.0,0.5092,11.84,0.0
1629,39.24,39.04,0.0,0.0,0.0,0.5092,0.2,0.0
1630,37.29,36.98,0.0,0.0,0.0,0.5092,0.3,0.0
1631,37.29,24.86,0.0,0.0,0.0,0.5092,12.43,0.0
1632,37.3,27.04,0.0,0.0,10.27,0.5092,0.0,0.0
1633,37.3,43.18,0.0,6.87,0.0,0.1314,1.0,0.0
1634,37.3,28.76,0.0,0.0,0.0,0.3597,8.55,0.0
1635,37.3,26.51,0.0,0.0,0.0,0.3597,10.79,0.0
1636,37.3,19.05,0.0,0.0,0.0,0.3597,18.26,0.0
1637,37.3,30.25,0.0,0.0,7.06,0.3597,0.0,0.0
1638,37.3,43.83,0.0,6.53,0.0,0.1,0.0,0.0
1639,39.25,10.47,9.28,0.0,0.0,0.3169,19.5,0.0
1640,41.13,18.84,22.13,0.0,0.0,0.3169,0.16,0.0
1641,42.86,30.47,12.39,0.0,0.0,0.3169,0.0,0.0
1642,44.37,7.3,37.08,0.0,0.0,0.3169,0.0,0.0
1643,45.62,18.47,27.15,0.0,0.0,0.3169,0.0,0.0
1644,46.54,2.65,43.9,0.0,0.0,0.3169,0.0,0.0
1645,47.11,18.23,28.88,0.0,0.0,0.3169,0.0,0.0
1646,47.3,13.16,34.14,0.0,0.0,0.3169,0.0,0.0
1647,47.11,26.27,20.84,0.0,0.0,0.3169,0.0,0.0
1648,46.54,23.79,22.75,0.0,0.0,0.3169,0.0,0.0
1649,45.62,35.87,9.74,0.0,0.0,0.3169,0.0,0.0
1650,44.37,29.23,0.0,0.0,0.0,0.3169,15.14,0.0
1651,42.86,29.28,0.0,0.0,0.0,0.3169,13.58,0.0
1652,41.13,30.36,0.0,0.0,0.0,0.3169,10.77,0.0
1653,39.25,27.01,0.0,0.0,0.0,0.3169,12.24,0.0
1654,37.3,35.39,0.0,0.0,1.92,0.3169,0.0,0.0
1655,37.3,30.13,0.0,0.0,0.0,0.2464,7.17,0.0
1656,37.32,34.87,0.0,0.0,0.0,0.2464,2.44,0.0
1657,37.32,45.85,0.0,8.53,0.0,0.2464,0.0,0.0
1658,37.32,21.99,0.0,0.0,0.0,0.5298,15.33,0.0
1659,37.32,37.32,0.0,0.0,0.0,0.5298,0.0,0.0
1660,37.32,41.26,0.0,11.14,0.0,0.5298,7.2,0.0
1661,37.32,24.76,0.0,0.0,0.0,0.9,12.56,0.0
1662,37.32,2.48,0.0,0.0,9.01,0.9,25.83,0.0
1663,39.27,14.84,11.7,0.0,12.73,0.5685,0.0,0.0
1664,41.15,31.22,9.93,0.0,0.0,0.1,0.0,0.0
1665,42.87,10.78,32.09,0.0,0.0,0.1,0.0,0.0
1666,44.39,5.01,37.09,0.0,0.0,0.1,2.3,0.0
1667,45.63,2.93,42.7,0.0,0.0,0.1,0.0,0.0
1668,46.56,2.35,44.2,0.0,0.0,0.1,0.0,0.0
1669,47.13,19.24,27.88,0.0,0.0,0.1,0.0,0.0
1670,47.32,10.44,36.88,0.0,0.0,0.1,0.0,0.0
1671,47.13,12.8,30.05,0.0,0.0,0.1,4.28,0.0
1672,46.56,14.59,20.99,0.0,0.0,0.1,10.98,0.0
1673,45.63,11.74,9.84,0.0,0.0,0.1,24.05,0.0
1674,44.39,39.27,0.0,0.0,0.0,0.1,5.12,0.0
1675,42.87,22.74,0.0,0.0,0.0,0.1,20.13,0.0
1676,41.15,40.28,0.0,0.0,0.0,0.1,0.87,0.0
1677,39.27,45.31,0.0,6.04,0.0,0.1,0.0,0.0
1678,37.32,41.72,0.0,4.41,0.0,0.3006,0.0,0.0
1679,37.32,28.63,0.0,0.0,0.0,0.447,8.69,0.0
1680,37.33,37.03,0.0,0.0,0.3,0.447,0.0,0.0
1681,37.33,32.48,0.0,0.0,0.0,0.4359,4.85,0.0
1682,37.33,22.84,0.0,0.0,0.0,0.4359,14.49,0.0
1683,37.33,33.37,0.0,0.0,0.0,0.4359,3.97,0.0
1684,37.33,16.53,0.0,0.0,0.0,0.4359,20.81,0.0
1685,37.33,37.33,0.0,0.0,0.0,0.4359,0.0,0.0
1686,37.33,18.64,0.0,0.0,0.0,0.4359,18.7,0.0
1687,39.29,22.64,9.47,0.0,0.0,0.4359,7.17,0.0
1688,41.16,21.08,22.97,2.88,0.0,0.4359,0.0,0.0
1689,42.89,13.05,29.84,0.0,0.0,0.5316,0.0,0.0
1690,44.41,20.46,23.94,0.0,0.0,0.5316,0.0,0.0
1691,45.65,3.93,41.72,0.0,0.0,0.5316,0.0,0.0
1692,46.57,21.95,24.63,0.0,0.0,0.5316,0.0,0.0
1693,47.14,0.45,43.59,0.0,0.0,0.5316,3.11,0.0
1694,47.33,15.93,31.4,0.0,0.0,0.5316,0.0,0.0
1695,47.14,35.34,11.8,0.0,0.0,0.5316,0.0,0.0
1696,46.57,8.44,22.78,0.0,0.0,0.5316,15.35,0.0
1697,45.65,13.99,9.5,0.0,0.0,0.5316,22.16,0.0
1698,44.41,28.27,0.0,0.0,0.0,0.5316,16.13,0.0
1699,42.89,27.53,0.0,0.0,1.83,0.5316,13.53,0.0
1700,41.16,31.59,0.0,0.0,0.0,0.4643,9.57,0.0
1701,39.29,34.99,0.0,0.0,4.3,0.4643,0.0,0.0
1702,37.33,37.99,0.0,0.65,0.0,0.3062,0.0,0.0
1703,37.33,43.65,0.0,6.31,0.0,0.3279,0.0,0.0
1704,37.35,36.93,0.0,0.0,0.42,0.5376,0.0,0.0
1705,37.35,30.19,0.0,0.0,0.0,0.5223,7.16,0.0
1706,37.35,37.35,0.0,0.0,0.0,0.5223,0.0,0.0
1707,37.35,48.72,0.0,11.37,0.0,0.5223,0.0,0.0
1708,37.35,26.67,0.0,0.0,10.68,0.9,0.0,0.0
1709,37.35,16.01,0.0,0.0,0.0,0.5069,21.34,0.0
1710,37.35,33.95,0.0,0.0,3.4,0.5069,0.0,0.0
1711,39.3,19.32,9.13,0.0,0.0,0.3819,10.85,0.0
1712,41.18,0.0,20.84,0.0,0.0,0.3819,20.34,0.0
1713,42.91,10.69,32.22,0.0,0.0,0.3819,0.0,0.0
1714,44.42,5.18,39.24,0.0,0.0,0.3819,0.0,0.0
1715,45.66,2.96,42.7,0.0,0.0,0.3819,0.0,0.0
1716,46.59,16.48,30.11,0.0,0.0,0.3819,0.0,0.0
1717,47.16,15.42,31.74,0.0,0.0,0.3819,0.0,0.0
1718,47.35,21.51,25.84,0.0,0.0,0.3819,0.0,0.0
1719,47.16,11.8,31.13,0.0,0.0,0.3819,4.22,0.0
1720,46.59,23.18,20.53,0.0,0.0,0.3819,2.87,0.0
1721,45.66,17.95,11.26,0.0,0.0,0.3819,16.45,0.0
1722,44.42,30.33,0.0,0.0,0.0,0.3819,14.09,0.0
1723,42.91,31.66,0.0,0.0,0.0,0.3819,11.25,0.0
1724,41.18,18.77,0.0,0.0,0.0,0.3819,22.41,0.0
1725,39.3,39.3,0.0,0.0,0.0,0.3819,0.0,0.0
1726,37.35,26.3,0.0,0.0,0.0,0.3819,11.05,0.0
1727,37.35,37.35,0.0,0.0,0.0,0.3819,0.0,0.0
1728,37.36,36.36,0.0,0.0,0.0,0.3819,1.01,0.0
1729,37.36,50.5,0.0,13.14,0.0,0.3819,0.0,0.0
1730,37.36,29.22,0.0,0.0,0.0,0.8183,8.14,0.0
1731,37.36,26.42,0.0,0.0,0.0,0.8183,10.95,0.0
1732,37.36,27.63,0.0,0.0,0.0,0.8183,9.74,0.0
1733,37.36,22.46,0.0,0.0,0.0,0.8183,14.91,0.0
1734,37.36,30.77,0.0,0.0,0.0,0.8183,6.59,0.0
1735,39.31,4.43,11.69,0.0,0.0,0.8183,23.19,0.0
1736,41.19,7.6,22.95,0.0,10.64,0.8183,0.0,0.0
1737,42.92,5.42,30.23,0.0,0.0,0.4265,7.27,0.0
1738,44.44,23.72,20.71,0.0,0.0,0.4265,0.0,0.0
1739,45.68,30.23,15.45,0.0,0.0,0.4265,0.0,0.0
1740,46.6,1.27,45.33,0.0,0.0,0.4265,0.0,0.0
1741,47.17,4.6,42.57,0.0,0.0,0.4265,0.0,0.0
1742,47.36,15.06,32.31,0.0,0.0,0.4265,0.0,0.0
1743,47.17,16.97,30.2,0.0,0.0,0.4265,0.0,0.0
1744,46.6,8.84,21.32,0.0,0.0,0.4265,16.44,0.0
1745,45.68,22.69,9.35,0.0,0.0,0.4265,13.63,0.0
1746,44.44,32.49,0.0,0.0,0.0,0.4265,11.94,0.0
1747,42.92,30.38,0.0,0.0,0.0,0.4265,12.54,0.0
1748,41.19,29.68,0.0,0.0,0.0,0.4265,11.51,0.0
1749,39.31,39.71,0.0,0.4,0.0,0.4265,0.0,0.0
1750,37.36,4.81,0.0,0.0,9.23,0.4397,23.33,0.0
1751,37.36,37.36,0.0,0.0,0.0,0.1,0.0,0.0
1752,37.38,26.14,0.0,0.0,0.0,0.1,11.24,0.0
1753,37.38,14.22,0.0,0.0,0.0,0.1,23.16,0.0
1754,37.38,36.29,0.0,0.0,0.0,0.1,1.09,0.0
1755,37.38,43.22,0.0,5.84,0.0,0.1,0.0,0.0
1756,37.38,26.3,0.0,0.0,5.27,0.294,5.8,0.0
1757,37.38,34.66,0.0,0.0,0.0,0.1,2.72,0.0
1758,37.38,37.38,0.0,0.0,0.0,0.1,0.0,0.0
1759,39.33,29.7,9.62,0.0,0.0,0.1,0.0,0.0
1760,41.2,33.96,7.25,0.0,0.0,0.1,0.0,0.0
1761,42.93,11.15,31.78,0.0,0.0,0.1,0.0,0.0
1762,44.45,14.95,29.5,0.0,0.0,0.1,0.0,0.0
1763,45.69,0.0,42.87,0.0,0.0,0.1,2.82,0.0
1764,46.62,1.13,45.49,0.0,0.0,0.1,0.0,0.0
1765,47.19,2.07,45.12,0.0,0.0,0.1,0.0,0.0
1766,47.38,35.58,11.8,0.0,0.0,0.1,0.0,0.0
1767,47.19,14.04,32.42,0.0,0.0,0.1,0.73,0.0
1768,46.62,19.02,23.13,0.0,0.0,0.1,4.46,0.0
1769,45.69,25.61,10.49,0.0,0.0,0.1,9.59,0.0
1770,44.45,23.16,0.0,0.0,0.0,0.1,21.29,0.0
1771,42.93,41.97,0.0,0.0,0.0,0.1,0.96,0.0
1772,41.2,21.53,0.0,0.0,0.0,0.1,19.68,0.0
1773,39.33,31.61,0.0,0.0,0.0,0.1,7.72,0.0
1774,37.38,23.95,0.0,0.0,0.0,0.1,13.43,0.0
1775,37.38,19.25,0.0,0.0,0.0,0.1,18.13,0.0
1776,37.39,26.39,0.0,0.0,0.0,0.1,11.0,0.0
1777,37.39,31.72,0.0,0.0,0.0,0.1,5.67,0.0
1778,37.39,26.87,0.0,0.0,0.0,0.1,10.52,0.0
1779,37.39,22.72,0.0,0.0,0.0,0.1,14.67,0.0
1780,37.39,13.65,0.0,0.0,0.0,0.1,23.74,0.0
1781,37.39,24.3,0.0,0.0,0.0,0.1,13.09,0.0
1782,37.39,7.76,0.0,0.0,0.0,0.1,29.63,0.0
1783,39.34,27.51,11.63,0.0,0.0,0.1,0.2,0.0
1784,41.22,18.46,22.09,0.0,0.0,0.1,0.67,0.0
1785,42.95,1.26,31.33,0.0,0.0,0.1,10.35,0.0
1786,44.46,4.31,40.16,0.0,0.0,0.1,0.0,0.0
1787,45.71,5.66,40.05,0.0,0.0,0.1,0.0,0.0
1788,46.63,0.0,46.63,0.0,0.0,0.1,0.0,0.0
1789,47.2,26.26,20.94,0.0,0.0,0.1,0.0,0.0
1790,47.39,0.0,40.14,0.0,0.0,0.1,7.25,0.0
1791,47.2,16.74,32.4,1.94,0.0,0.1,0.0,0.0
1792,46.63,16.07,21.43,0.0,1.75,0.1645,7.38,0.0
1793,45.71,26.63,9.52,0.0,0.0,0.1,9.55,0.0
1794,44.46,24.67,0.0,0.0,0.0,0.1,19.79,0.0
1795,42.95,17.72,0.0,0.0,0.0,0.1,25.23,0.0
1796,41.22,24.35,0.0,13.14,0.0,0.1,30.0,0.0
1797,39.34,21.7,0.0,0.0,11.85,0.5363,5.79,0.0
1798,37.39,41.69,0.0,4.3,0.0,0.1,0.0,0.0
1799,37.39,32.29,0.0,0.0,0.0,0.2429,5.1,0.0
1800,37.4,50.97,0.0,13.57,0.0,0.2429,0.0,0.0
1801,37.4,31.32,0.0,0.0,0.0,0.6936,6.08,0.0
1802,37.4,23.96,0.0,0.0,0.0,0.6936,13.44,0.0
1803,37.4,14.47,0.0,0.0,0.0,0.6936,22.94,0.0
1804,37.4,9.58,0.0,0.0,0.0,0.6936,27.82,0.0
1805,37.4,9.36,0.0,0.0,0.0,0.6936,28.04,0.0
1806,37.4,25.04,0.0,0.0,0.0,0.6936,12.36,0.0
1807,39.35,24.87,9.87,0.0,0.0,0.6936,4.62,0.0
1808,41.23,1.92,22.72,0.0,16.13,0.6936,0.47,0.0
1809,42.96,12.41,30.55,0.0,0.0,0.1,0.0,0.0
1810,44.47,3.87,40.6,0.0,0.0,0.1,0.0,0.0
1811,45.72,0.89,44.83,0.0,0.0,0.1,0.0,0.0
1812,46.64,28.44,18.21,0.0,0.0,0.1,0.0,0.0
1813,47.21,21.73,25.48,0.0,0.0,0.1,0.0,0.0
1814,47.4,11.24,36.16,0.0,0.0,0.1,0.0,0.0
1815,47.21,6.67,30.95,0.0,0.0,0.1,9.58,0.0
1816,46.64,0.0,22.76,0.0,0.0,0.1,23.88,0.0
1817,45.72,12.78,10.67,0.0,0.0,0.1,22.27,0.0
1818,44.47,20.33,0.0,0.0,0.0,0.1,24.14,0.0
1819,42.96,15.24,0.0,0.0,0.0,0.1,27.72,0.0
1820,41.23,26.04,0.0,0.0,0.0,0.1,15.19,0.0
1821,39.35,30.13,0.0,0.0,0.0,0.1,9.23,0.0
1822,37.4,28.72,0.0,0.0,0.0,0.1,8.68,0.0
1823,37.4,25.52,0.0,0.0,0.0,0.1,11.88,0.0
1824,37.41,33.75,0.0,0.0,0.0,0.1,3.66,0.0
1825,37.41,36.11,0.0,0.0,0.0,0.1,1.31,0.0
1826,37.41,20.04,0.0,0.0,0.0,0.1,17.38,0.0
1827,37.41,43.1,0.0,12.43,0.0,0.1,6.74,0.0
1828,37.41,26.2,0.0,0.0,11.22,0.5128,0.0,0.0
1829,37.41,24.98,0.0,0.0,0.0,0.1,12.44,0.0
1830,37.41,29.22,0.0,5.72,0.0,0.1,13.92,0.0
1831,39.37,21.99,11.77,0.0,0.0,0.2902,5.6,0.0
1832,41.24,26.71,14.53,0.0,0.0,0.2902,0.0,0.0
1833,42.97,10.64,32.33,0.0,0.0,0.2902,0.0,0.0
1834,44.49,5.18,39.31,0.0,0.0,0.2902,0.0,0.0
1835,45.73,2.85,42.87,0.0,0.0,0.2902,0.0,0.0
1836,46.65,1.14,45.51,0.0,0.0,0.2902,0.0,0.0
1837,47.22,4.12,43.1,0.0,0.0,0.2902,0.0,0.0
1838,47.41,8.55,38.86,0.0,0.0,0.2902,0.0,0.0
1839,47.22,13.23,30.89,0.0,0.0,0.2902,3.1,0.0
1840,46.65,16.06,22.25,0.0,0.0,0.2902,8.35,0.0
1841,45.73,1.17,9.39,0.0,5.17,0.2902,30.0,0.0
1842,44.49,16.84,0.0,0.0,0.0,0.1,27.64,0.0
1843,42.97,25.71,0.0,0.0,0.0,0.1,17.26,0.0
1844,41.24,28.74,0.0,0.0,0.0,0.1,12.5,0.0
1845,39.37,19.09,0.0,0.0,0.0,0.1,20.28,0.0
1846,37.41,43.23,0.0,5.82,0.0,0.1,0.0,0.0
1847,37.41,23.23,0.0,0.0,0.0,0.2933,14.19,0.0
1848,37.43,37.43,0.0,0.0,0.0,0.2933,0.0,0.0
1849,37.43,35.8,0.0,0.0,0.0,0.2933,1.63,0.0
1850,37.43,24.25,0.0,0.0,0.0,0.2933,13.18,0.0
1851,37.43,46.52,0.0,9.1,0.0,0.2933,0.0,0.0
1852,37.43,15.25,0.0,0.0,0.0,0.5954,22.17,0.0
1853,37.43,33.68,0.0,0.0,3.75,0.5954,0.0,0.0
1854,37.43,31.93,0.0,0.0,0.0,0.4576,5.49,0.0
1855,39.38,12.93,12.16,0.0,0.0,0.4576,14.29,0.0
1856,41.25,30.87,10.38,0.0,0.0,0.4576,0.0,0.0
1857,42.98,11.83,31.15,0.0,0.0,0.4576,0.0,0.0
1858,44.5,3.82,40.68,0.0,0.0,0.4576,0.0,0.0
1859,45.74,2.25,43.49,0.0,0.0,0.4576,0.0,0.0
1860,46.66,0.11,46.55,0.0,0.0,0.4576,0.0,0.0
1861,47.23,20.55,26.68,0.0,0.0,0.4576,0.0,0.0
1862,47.43,21.37,26.06,0.0,0.0,0.4576,0.0,0.0
1863,47.23,0.0,30.86,0.0,0.0,0.4576,16.37,0.0
1864,46.66,30.0,22.05,5.39,0.0,0.4576,0.0,0.0
1865,45.74,3.17,9.69,0.0,2.89,0.6366,30.0,0.0
1866,44.5,32.25,0.0,0.0,0.0,0.5304,12.25,0.0
1867,42.98,35.72,0.0,0.0,0.0,0.5304,7.26,0.0
1868,41.25,16.26,0.0,5.01,0.0,0.5304,30.0,0.0
1869,39.38,25.0,0.0,0.0,0.0,0.6968,14.38,0.0
1870,37.43,19.72,0.0,0.0,16.22,0.6968,1.49,0.0
1871,37.43,29.48,0.0,0.0,0.0,0.1,7.95,0.0
1872,37.44,28.73,0.0,0.0,0.0,0.1,8.71,0.0
1873,37.44,39.1,0.0,1.67,0.0,0.1,0.0,0.0
1874,37.44,43.34,0.0,5.91,0.0,0.1554,0.0,0.0
1875,37.44,42.62,0.0,5.18,0.0,0.3516,0.0,0.0
1876,37.44,21.3,0.0,0.0,0.0,0.5238,16.13,0.0
1877,37.44,22.41,0.0,0.0,0.0,0.5238,15.03,0.0
1878,37.44,5.34,0.0,0.0,11.52,0.5238,20.58,0.0
1879,39.39,11.43,11.3,0.0,0.0,0.1,16.65,0.0
1880,41.26,26.49,14.77,0.0,0.0,0.1,0.0,0.0
1881,42.99,30.86,12.13,0.0,0.0,0.1,0.0,0.0
1882,44.51,1.24,38.84,0.0,0.0,0.1,4.43,0.0
1883,45.75,6.57,39.18,0.0,0.0,0.1,0.0,0.0
1884,46.67,11.81,34.86,0.0,0.0,0.1,0.0,0.0
1885,47.24,15.17,32.08,0.0,0.0,0.1,0.0,0.0
1886,47.44,5.42,39.16,0.0,0.0,0.1,2.85,0.0
1887,47.24,19.13,32.12,4.0,0.0,0.1,0.0,0.0
1888,46.67,12.33,21.78,0.0,0.0,0.233,12.57,0.0
1889,45.75,19.23,11.48,0.0,0.0,0.233,15.04,0.0
1890,44.51,27.3,0.0,0.0,3.61,0.233,13.6,0.0
1891,42.99,24.53,0.0,0.0,0.0,0.1,18.46,0.0
1892,41.26,22.54,0.0,0.0,0.0,0.1,18.72,0.0
1893,39.39,27.8,0.0,0.0,0.0,0.1,11.59,0.0
1894,37.44,29.57,0.0,0.0,0.0,0.1,7.86,0.0
1895,37.44,27.78,0.0,0.0,0.0,0.1,9.65,0.0
1896,37.44,29.05,0.0,0.0,0.0,0.1,8.4,0.0
1897,37.44,47.0,0.0,9.56,0.0,0.1,0.0,0.0
1898,37.44,35.8,0.0,0.0,0.0,0.4174,1.64,0.0
1899,37.44,25.8,0.0,0.0,0.0,0.4174,11.64,0.0
1900,37.44,33.54,0.0,0.0,0.0,0.4174,3.91,0.0
1901,37.44,21.01,0.0,0.0,0.0,0.4174,16.43,0.0
1902,37.44,33.3,0.0,0.0,0.0,0.4174,4.14,0.0
1903,39.4,22.84,11.62,0.0,0.0,0.4174,4.93,0.0
1904,41.27,15.77,21.64,0.0,3.86,0.4174,0.0,0.0
1905,43.0,19.2,32.27,8.47,0.0,0.2752,0.0,0.0
1906,44.52,0.0,40.53,0.0,1.91,0.5566,2.08,0.0
1907,45.76,1.15,43.5,0.0,0.0,0.4863,1.11,0.0
1908,46.68,0.15,45.02,0.0,0.0,0.4863,1.52,0.0
1909,47.25,1.48,45.77,0.0,0.0,0.4863,0.0,0.0
1910,47.44,30.28,17.16,0.0,0.0,0.4863,0.0,0.0
1911,47.25,15.11,32.14,0.0,0.0,0.4863,0.0,0.0
1912,46.68,23.11,21.34,0.0,0.0,0.4863,2.23,0.0
1913,45.76,24.13,11.53,0.0,0.0,0.4863,10.09,0.0
1914,44.52,4.02,0.0,0.0,10.5,0.4863,30.0,0.0
1915,43.0,18.96,0.0,0.0,0.0,0.1,24.04,0.0
1916,41.27,18.92,0.0,0.0,0.0,0.1,22.35,0.0
1917,39.4,22.6,0.0,9.78,0.0,0.1,26.57,0.0
1918,37.44,28.62,0.0,0.0,8.82,0.4247,0.0,0.0
1919,37.44,26.61,0.0,0.0,0.0,0.1,10.83,0.0
1920,37.45,11.94,0.0,0.0,0.0,0.1,25.51,0.0
1921,37.45,37.45,0.0,0.0,0.0,0.1,0.0,0.0
1922,37.45,19.55,0.0,0.0,0.0,0.1,17.9,0.0
1923,37.45,30.9,0.0,0.0,0.0,0.1,6.55,0.0
1924,37.45,46.93,0.0,9.47,0.0,0.1,0.0,0.0
1925,37.45,15.08,0.0,0.0,0.0,0.4147,22.37,0.0
1926,37.45,0.0,0.0,0.0,7.45,0.4147,30.0,0.0
1927,39.4,16.22,12.45,0.0,0.0,0.1404,10.73,0.0
1928,41.28,18.5,22.78,0.0,0.0,0.1404,0.0,0.0
1929,43.01,33.9,9.1,0.0,0.0,0.1404,0.0,0.0
1930,44.52,0.95,39.86,0.0,0.0,0.1404,3.71,0.0
1931,45.77,16.97,28.8,0.0,0.0,0.1404,0.0,0.0
1932,46.69,0.52,46.17,0.0,0.0,0.1404,0.0,0.0
1933,47.26,2.6,44.66,0.0,0.0,0.1404,0.0,0.0
1934,47.45,39.09,8.36,0.0,0.0,0.1404,0.0,0.0
1935,47.26,0.0,31.34,0.0,0.0,0.1404,15.92,0.0
1936,46.69,19.16,21.57,0.0,0.0,0.1404,5.96,0.0
1937,45.77,23.64,11.24,0.0,0.0,0.1404,10.89,0.0
1938,44.52,32.28,0.0,0.0,0.0,0.1404,12.25,0.0
1939,43.01,25.1,0.0,12.09,0.0,0.1404,30.0,0.0
1940,41.28,29.54,0.0,0.0,0.0,0.542,11.74,0.0
1941,39.4,24.69,0.0,0.0,0.0,0.542,14.71,0.0
1942,37.45,32.76,0.0,0.0,0.0,0.542,4.69,0.0
1943,37.45,27.72,0.0,0.0,0.0,0.542,9.74,0.0
1944,37.46,37.38,0.0,0.0,0.0,0.542,0.08,0.0
1945,37.46,27.29,0.0,0.0,0.0,0.542,10.17,0.0
1946,37.46,33.66,0.0,0.0,2.64,0.542,1.16,0.0
1947,37.46,28.09,0.0,0.0,9.37,0.4448,0.0,0.0
1948,37.46,37.43,0.0,24.08,0.0,0.1,24.12,0.0
1949,37.46,23.46,0.0,0.0,14.0,0.9,0.0,0.0
1950,37.46,3.96,0.0,0.0,7.74,0.3847,25.76,0.0
1951,39.41,31.29,12.24,4.12,0.0,0.1,0.0,0.0
1952,41.29,7.58,22.7,0.0,3.72,0.2369,7.28,0.0
1953,43.02,8.02,33.59,0.0,0.0,0.1,1.41,0.0
1954,44.53,4.78,39.75,0.0,0.0,0.1,0.0,0.0
1955,45.78,0.74,45.04,0.0,0.0,0.1,0.0,0.0
1956,46.7,0.0,46.56,0.0,0.0,0.1,0.14,0.0
1957,47.27,42.8,4.47,0.0,0.0,0.1,0.0,0.0
1958,47.46,23.29,24.17,0.0,0.0,0.1,0.0,0.0
1959,47.27,13.32,33.95,0.0,0.0,0.1,0.0,0.0
1960,46.7,15.96,22.94,0.0,0.0,0.1,7.8,0.0
1961,45.78,21.68,11.62,0.0,0.0,0.1,12.47,0.0
1962,44.53,26.55,0.0,0.0,0.0,0.1,17.98,0.0
1963,43.02,30.32,0.0,0.0,0.0,0.1,12.7,0.0
1964,41.29,31.81,0.0,0.0,0.0,0.1,9.48,0.0
1965,39.41,29.26,0.0,0.0,0.0,0.1,10.15,0.0
1966,37.46,28.0,0.0,0.0,0.0,0.1,9.46,0.0
1967,37.46,29.44,0.0,0.0,0.0,0.1,8.02,0.0
1968,37.47,29.18,0.0,0.0,0.0,0.1,8.29,0.0
1969,37.47,41.92,0.0,8.28,0.0,0.1,3.82,0.0
1970,37.47,35.62,0.0,0.0,0.0,0.3749,1.85,0.0
1971,37.47,0.0,0.0,0.0,7.47,0.3749,30.0,0.0
1972,37.47,32.63,0.0,0.0,0.0,0.1,4.84,0.0
1973,37.47,25.72,0.0,0.0,0.0,0.1,11.75,0.0
1974,37.47,21.07,0.0,0.0,0.0,0.1,16.4,0.0
1975,39.42,14.88,10.44,0.0,0.0,0.1,14.1,0.0
1976,41.3,27.4,13.9,0.0,0.0,0.1,0.0,0.0
1977,43.02,23.62,19.41,0.0,0.0,0.1,0.0,0.0
1978,44.54,2.7,41.84,0.0,0.0,0.1,0.0,0.0
1979,45.78,15.75,30.03,0.0,0.0,0.1,0.0,0.0
1980,46.71,0.0,46.71,0.0,0.0,0.1,0.0,0.0
1981,47.28,0.0,44.66,0.0,0.0,0.1,2.62,0.0
1982,47.47,6.56,40.91,0.0,0.0,0.1,0.0,0.0
1983,47.28,22.78,24.5,0.0,0.0,0.1,0.0,0.0
1984,46.71,25.71,21.6,0.61,0.0,0.1,0.0,0.0
1985,45.78,23.76,11.56,0.0,0.0,0.1202,10.47,0.0
1986,44.54,28.39,0.0,0.0,0.0,0.1202,16.15,0.0
1987,43.02,28.88,0.0,0.0,0.0,0.1202,14.14,0.0
1988,41.3,19.86,0.0,0.0,0.0,0.1202,21.44,0.0
1989,39.42,32.47,0.0,0.0,0.0,0.1202,6.95,0.0
1990,37.47,37.47,0.0,0.0,0.0,0.1202,0.0,0.0
1991,37.47,38.19,0.0,0.72,0.0,0.1202,0.0,0.0
1992,37.47,42.63,0.0,5.16,0.0,0.1441,0.0,0.0
1993,37.47,37.57,0.0,0.09,0.0,0.3155,0.0,0.0
1994,37.47,33.07,0.0,0.0,0.0,0.3186,4.4,0.0
1995,37.47,38.58,0.0,1.11,0.0,0.3186,0.0,0.0
1996,37.47,25.75,0.0,0.0,6.94,0.3554,4.79,0.0
1997,37.47,14.95,0.0,0.0,0.0,0.1,22.52,0.0
1998,37.47,19.48,0.0,0.0,0.0,0.1,18.0,0.0
1999,39.43,11.2,12.33,0.0,0.0,0.1,15.89,0.0
2000,41.3,9.51,23.12,0.0,0.0,0.1,8.67,0.0
2001,43.03,12.7,33.31,2.98,0.0,0.1,0.0,0.0
2002,44.55,4.76,42.14,2.35,0.0,0.199,0.0,0.0
2003,45.79,8.54,44.46,7.21,0.0,0.2769,0.0,0.0
2004,46.71,0.0,46.71,0.0,0.0,0.5164,0.0,0.0
2005,47.28,2.51,44.78,0.0,0.0,0.5164,0.0,0.0
2006,47.47,7.23,40.24,0.0,0.0,0.5164,0.0,0.0
2007,47.28,6.08,33.46,0.0,0.0,0.5164,7.74,0.0
2008,46.71,22.65,22.87,0.0,0.0,0.5164,1.2,0.0
2009,45.79,27.77,12.24,0.0,0.0,0.5164,5.78,0.0
2010,44.55,5.26,0.0,0.0,11.31,0.5164,27.98,0.0
2011,43.03,16.12,0.0,0.0,0.0,0.1,26.91,0.0
2012,41.3,18.43,0.0,0.0,0.0,0.1,22.87,0.0
2013,39.43,18.79,0.0,0.0,0.0,0.1,20.63,0.0
2014,37.47,37.47,0.0,0.0,0.0,0.1,0.0,0.0
2015,37.47,28.69,0.0,0.0,0.0,0.1,8.79,0.0
2016,37.48,28.16,0.0,0.0,0.0,0.1,9.32,0.0
2017,37.48,10.7,0.0,0.0,0.0,0.1,26.78,0.0
2018,37.48,35.7,0.0,0.0,0.0,0.1,1.78,0.0
2019,37.48,15.68,0.0,0.0,0.0,0.1,21.8,0.0
2020,37.48,26.43,0.0,0.0,0.0,0.1,11.05,0.0
2021,37.48,26.2,0.0,0.0,0.0,0.1,11.29,0.0
2022,37.48,34.31,0.0,0.0,0.0,0.1,3.17,0.0
2023,39.43,5.48,11.05,0.0,0.0,0.1,22.9,0.0
2024,41.31,0.0,21.97,0.0,0.0,0.1,19.34,0.0
2025,43.04,10.62,32.42,0.0,0.0,0.1,0.0,0.0
2026,44.55,30.12,14.44,0.0,0.0,0.1,0.0,0.0
2027,45.8,23.6,22.19,0.0,0.0,0.1,0.0,0.0
2028,46.72,0.0,46.72,0.0,0.0,0.1,0.0,0.0
2029,47.29,1.67,45.62,0.0,0.0,0.1,0.0,0.0
2030,47.48,20.34,27.14,0.0,0.0,0.1,0.0,0.0
2031,47.29,4.37,34.39,0.0,0.0,0.1,8.53,0.0
2032,46.72,20.68,22.59,0.0,0.0,0.1,3.45,0.0
2033,45.8,23.34,12.39,0.0,0.0,0.1,10.06,0.0
2034,44.55,31.35,0.0,0.0,0.0,0.1,13.2,0.0
2035,43.04,50.63,0.0,7.6,0.0,0.1,0.0,0.0
2036,41.31,29.7,0.0,0.0,0.0,0.3524,11.61,0.0
2037,39.43,22.87,0.0,0.0,0.0,0.3524,16.56,0.0
2038,37.48,29.19,0.0,0.0,0.0,0.3524,8.29,0.0
2039,37.48,13.01,0.0,0.0,0.0,0.3524,24.47,0.0
2040,37.49,23.75,0.0,0.0,0.0,0.3524,13.73,0.0
2041,37.49,26.23,0.0,0.0,0.0,0.3524,11.26,0.0
2042,37.49,24.11,0.0,0.0,0.0,0.3524,13.37,0.0
2043,37.49,29.21,0.0,0.0,6.86,0.3524,1.42,0.0
2044,37.49,17.57,0.0,0.0,0.0,0.1,19.91,0.0
2045,37.49,34.33,0.0,0.0,0.0,0.1,3.15,0.0
2046,37.49,20.75,0.0,0.0,0.0,0.1,16.74,0.0
2047,39.44,18.11,11.6,0.0,0.0,0.1,9.73,0.0
2048,41.31,12.6,23.05,0.0,0.0,0.1,5.67,0.0
2049,43.04,9.63,33.41,0.0,0.0,0.1,0.0,0.0
2050,44.56,4.43,40.13,0.0,0.0,0.1,0.0,0.0
2051,45.8,0.46,45.34,0.0,0.0,0.1,0.0,0.0
2052,46.72,0.34,46.39,0.0,0.0,0.1,0.0,0.0
2053,47.29,0.45,46.84,0.0,0.0,0.1,0.0,0.0
2054,47.49,0.0,42.13,0.0,0.0,0.1,5.35,0.0
2055,47.29,5.72,34.17,0.0,0.0,0.1,7.4,0.0
2056,46.72,11.14,22.62,0.0,0.0,0.1,12.97,0.0
2057,45.8,26.81,11.97,0.0,0.0,0.1,7.02,0.0
2058,44.56,23.33,0.0,0.0,0.0,0.1,21.22,0.0
2059,43.04,25.2,0.0,0.0,0.0,0.1,17.84,0.0
2060,41.31,34.05,0.0,0.0,0.0,0.1,7.26,0.0
2061,39.44,26.36,0.0,0.0,0.0,0.1,13.08,0.0
2062,37.49,33.12,0.0,0.0,0.0,0.1,4.37,0.0
2063,37.49,29.24,0.0,0.0,0.0,0.1,8.24,0.0
2064,37.49,33.04,0.0,24.08,0.0,0.1,28.54,0.0
2065,37.49,24.35,0.0,0.0,8.07,0.9,5.07,0.0
2066,37.49,5.09,0.0,0.0,2.4,0.603,30.0,0.0
2067,37.49,26.22,0.0,0.0,11.27,0.5148,0.0,0.0
2068,37.49,37.49,0.0,0.0,0.0,0.1,0.0,0.0
2069,37.49,32.25,0.0,0.37,0.0,0.1,5.61,0.0
2070,37.49,30.08,0.0,22.59,0.0,0.1122,30.0,0.0
2071,39.44,27.68,11.76,0.0,0.0,0.8627,0.0,0.0
2072,41.32,16.53,22.25,0.0,0.0,0.8627,2.53,0.0
2073,43.05,8.72,34.33,0.0,0.0,0.8627,0.0,0.0
2074,44.56,3.98,40.58,0.0,0.0,0.8627,0.0,0.0
2075,45.8,0.0,45.8,0.0,0.0,0.8627,0.0,0.0
2076,46.73,16.8,29.93,0.0,0.0,0.8627,0.0,0.0
2077,47.3,22.92,24.38,0.0,0.0,0.8627,0.0,0.0
2078,47.49,10.68,36.81,0.0,0.0,0.8627,0.0,0.0
2079,47.3,9.19,34.84,0.0,0.0,0.8627,3.27,0.0
2080,46.73,15.66,24.3,0.0,0.0,0.8627,6.76,0.0
2081,45.8,23.95,12.7,0.0,0.0,0.8627,9.15,0.0
2082,44.56,6.36,0.0,0.0,8.2,0.8627,30.0,0.0
2083,43.05,0.52,0.0,0.0,12.52,0.561,30.0,0.0
2084,41.32,20.08,0.0,0.0,0.0,0.1,21.24,0.0
2085,39.44,15.52,0.0,0.0,0.0,0.1,23.92,0.0
2086,37.49,24.1,0.0,0.0,0.0,0.1,13.39,0.0
2087,37.49,28.63,0.0,0.0,0.0,0.1,8.86,0.0
2088,37.49,25.79,0.0,0.0,0.0,0.1,11.7,0.0
2089,37.49,44.22,0.0,6.73,0.0,0.1,0.0,0.0
2090,37.49,32.15,0.0,0.0,0.0,0.3234,5.34,0.0
2091,37.49,30.33,0.0,0.0,0.0,0.3234,7.16,0.0
2092,37.49,31.46,0.0,5.55,0.0,0.3234,11.59,0.0
2093,37.49,11.75,0.0,0.0,0.0,0.5078,25.75,0.0
2094,37.49,30.64,0.0,0.0,0.0,0.5078,6.85,0.0
2095,39.44,17.12,11.25,0.0,11.08,0.5078,0.0,0.0
2096,41.32,22.09,22.33,3.35,0.0,0.1,0.25,0.0
2097,43.05,2.9,34.05,0.0,0.0,0.2112,6.11,0.0
2098,44.56,0.0,40.98,0.0,0.0,0.2112,3.58,0.0
2099,45.81,0.47,45.33,0.0,0.0,0.2112,0.0,0.0
2100,46.73,14.27,32.46,0.0,0.0,0.2112,0.0,0.0
2101,47.3,0.0,47.3,0.0,0.0,0.2112,0.0,0.0
2102,47.49,3.32,41.3,0.0,0.0,0.2112,2.87,0.0
2103,47.3,12.75,34.55,0.0,0.0,0.2112,0.0,0.0
2104,46.73,3.78,22.4,0.0,0.0,0.2112,20.56,0.0
2105,45.81,34.03,11.6,0.0,0.0,0.2112,0.18,0.0
2106,44.56,11.54,0.0,0.0,3.02,0.2112,30.0,0.0
2107,43.05,29.24,0.0,0.0,0.0,0.1,13.81,0.0
2108,41.32,22.1,0.0,0.0,0.0,0.1,19.22,0.0
2109,39.44,33.31,0.0,0.0,0.0,0.1,6.13,0.0
2110,37.49,23.58,0.0,0.0,0.0,0.1,13.91,0.0
2111,37.49,28.32,0.0,0.0,0.0,0.1,9.18,0.0
2112,37.5,30.49,0.0,0.0,0.0,0.1,7.01,0.0
2113,37.5,19.88,0.0,0.0,0.0,0.1,17.61,0.0
2114,37.5,36.06,0.0,8.31,0.0,0.1,9.74,0.0
2115,37.5,22.15,0.0,0.0,0.0,0.3759,15.35,0.0
2116,37.5,22.91,0.0,0.0,0.0,0.3759,14.58,0.0
2117,37.5,13.0,0.0,0.0,0.0,0.3759,24.5,0.0
2118,37.5,0.0,0.0,0.0,7.5,0.3759,30.0,0.0
2119,39.45,15.81,10.03,0.0,0.0,0.1,13.61,0.0
2120,41.32,39.07,2.25,0.0,0.0,0.1,0.0,0.0
2121,43.05,9.31,33.75,0.0,0.0,0.1,0.0,0.0
2122,44.57,3.61,40.96,0.0,0.0,0.1,0.0,0.0
2123,45.81,0.0,45.81,0.0,0.0,0.1,0.0,0.0
2124,46.73,0.0,46.73,0.0,0.0,0.1,0.0,0.0
2125,47.3,16.12,31.19,0.0,0.0,0.1,0.0,0.0
2126,47.5,0.09,40.14,0.0,0.0,0.1,7.27,0.0
2127,47.3,12.57,34.74,0.0,0.0,0.1,0.0,0.0
2128,46.73,22.35,24.38,0.0,0.0,0.1,0.0,0.0
2129,45.81,24.76,11.51,0.0,0.0,0.1,9.54,0.0
2130,44.57,24.56,0.0,0.0,0.0,0.1,20.01,0.0
2131,43.05,22.98,0.0,0.0,0.0,0.1,20.07,0.0
2132,41.32,31.79,0.0,0.0,0.0,0.1,9.53,0.0
2133,39.45,33.03,0.0,0.0,0.0,0.1,6.42,0.0
2134,37.5,25.28,0.0,14.84,0.0,0.1,27.05,0.0
2135,37.5,24.1,0.0,0.0,13.39,0.5929,0.0,0.0
2136,37.5,30.92,0.0,0.0,0.0,0.1,6.58,0.0
2137,37.5,44.83,0.0,23.38,0.0,0.1,16.04,0.0
2138,37.5,16.4,0.0,0.0,21.1,0.8766,0.0,0.0
2139,37.5,12.59,0.0,0.0,0.0,0.1,24.91,0.0
2140,37.5,26.62,0.0,17.42,0.0,0.1,28.3,0.0
2141,37.5,23.12,0.0,0.0,0.0,0.6786,14.38,0.0
2142,37.5,21.78,0.0,0.0,15.72,0.6786,0.0,0.0
2143,39.45,19.93,10.23,7.65,0.0,0.1,16.94,0.0
2144,41.32,12.95,23.09,0.0,0.0,0.3541,5.28,0.0
2145,43.05,10.54,32.52,0.0,0.0,0.3541,0.0,0.0
2146,44.57,0.0,43.18,0.0,0.0,0.3541,1.39,0.0
2147,45.81,2.41,43.41,0.0,0.0,0.3541,0.0,0.0
2148,46.74,0.0,46.74,0.0,0.0,0.3541,0.0,0.0
2149,47.31,0.0,46.95,0.0,0.0,0.3541,0.35,0.0
2150,47.5,5.59,41.91,0.0,0.0,0.3541,0.0,0.0
2151,47.31,29.47,17.84,0.0,0.0,0.3541,0.0,0.0
2152,46.74,15.35,23.54,0.0,0.0,0.3541,7.84,0.0
2153,45.81,19.8,11.63,0.0,0.0,0.3541,14.39,0.0
2154,44.57,7.67,0.0,0.0,6.9,0.3541,30.0,0.0
2155,43.05,16.55,0.0,0.0,0.0,0.1,26.5,0.0
2156,41.32,21.3,0.0,0.0,0.0,0.1,20.02,0.0
2157,39.45,23.91,0.0,0.0,0.0,0.1,15.54,0.0
2158,37.5,41.22,0.0,3.72,0.0,0.1,0.0,0.0
2159,37.5,35.07,0.0,0.0,0.0,0.2235,2.43,0.0
2160,37.5,18.81,0.0,0.0,0.0,0.2235,18.69,0.0
2161,37.5,31.84,0.0,0.0,0.0,0.2235,5.66,0.0
2162,37.5,33.33,0.0,0.0,0.0,0.2235,4.17,0.0
2163,37.5,38.09,0.0,0.59,0.0,0.2235,0.0,0.0
2164,37.5,37.5,0.0,0.0,0.0,0.2431,0.0,0.0
2165,37.5,12.46,0.0,0.0,0.0,0.2431,25.04,0.0
2166,37.5,11.92,0.0,0.0,0.0,0.2431,25.58,0.0
2167,39.45,4.97,12.52,0.0,0.0,0.2431,21.96,0.0
2168,41.33,12.68,25.04,0.0,0.0,0.2431,3.61,0.0
2169,43.06,8.3,34.75,0.0,0.0,0.2431,0.0,0.0
2170,44.57,21.1,23.47,0.0,0.0,0.2431,0.0,0.0
2171,45.81,0.0,45.81,0.0,0.0,0.2431,0.0,0.0
2172,46.74,0.0,46.74,0.0,0.0,0.2431,0.0,0.0
2173,47.31,0.54,46.77,0.0,0.0,0.2431,0.0,0.0
2174,47.5,3.15,41.07,0.0,0.0,0.2431,3.27,0.0
2175,47.31,14.8,32.5,0.0,0.0,0.2431,0.0,0.0
2176,46.74,0.0,23.18,0.0,0.0,0.2431,23.56,0.0
2177,45.81,19.17,11.97,0.0,0.0,0.2431,14.67,0.0
2178,44.57,39.83,0.0,0.0,0.0,0.2431,4.75,0.0
2179,43.06,22.52,0.0,0.0,0.0,0.2431,20.54,0.0
2180,41.33,22.95,0.0,0.0,0.0,0.2431,18.37,0.0
2181,39.45,23.34,0.0,0.0,0.0,0.2431,16.11,0.0
2182,37.5,26.65,0.0,0.0,0.0,0.2431,10.85,0.0
2183,37.5,42.93,0.0,5.43,0.0,0.2431,0.0,0.0
2184,37.5,7.8,0.0,0.0,0.0,0.4234,29.7,0.0
2185,37.5,44.34,0.0,6.84,0.0,0.4234,0.0,0.0
2186,37.5,14.24,0.0,0.0,0.0,0.6506,23.26,0.0
2187,37.5,24.07,0.0,0.0,0.0,0.6506,13.43,0.0
2188,37.5,20.43,0.0,0.0,14.96,0.6506,2.11,0.0
2189,37.5,28.08,0.0,14.08,0.0,0.1,23.51,0.0
2190,37.5,4.0,0.0,0.0,3.5,0.5677,30.0,0.0
2191,39.45,21.74,12.02,0.0,5.7,0.4389,0.0,0.0
2192,41.33,34.74,6.59,0.0,0.0,0.2291,0.0,0.0
2193,43.06,0.0,33.92,0.0,0.0,0.2291,9.14,0.0
2194,44.57,2.42,42.15,0.0,0.0,0.2291,0.0,0.0
2195,45.81,0.0,45.81,0.0,0.0,0.2291,0.0,0.0
2196,46.74,14.08,32.66,0.0,0.0,0.2291,0.0,0.0
2197,47.31,0.0,47.31,0.0,0.0,0.2291,0.0,0.0
2198,47.5,4.89,41.96,0.0,0.0,0.2291,0.65,0.0
2199,47.31,12.52,34.79,0.0,0.0,0.2291,0.0,0.0
2200,46.74,22.04,24.7,0.0,0.0,0.2291,0.0,0.0
2201,45.81,15.31,10.58,0.0,0.0,0.2291,19.93,0.0
2202,44.57,26.82,0.0,0.0,0.0,0.2291,17.75,0.0
2203,43.06,9.55,0.0,0.0,3.51,0.2291,30.0,0.0
2204,41.33,15.24,0.0,0.0,0.0,0.1,26.09,0.0
2205,39.45,31.35,0.0,0.0,0.0,0.1,8.11,0.0
2206,37.5,42.87,0.0,5.37,0.0,0.1,0.0,0.0
2207,37.5,32.74,0.0,0.0,0.0,0.2784,4.76,0.0
2208,37.5,26.33,0.0,0.0,0.0,0.2784,11.17,0.0
2209,37.5,29.07,0.0,0.0,0.0,0.2784,8.43,0.0
2210,37.5,15.78,0.0,0.0,0.0,0.2784,21.72,0.0
2211,37.5,32.48,0.0,0.0,0.0,0.2784,5.02,0.0
2212,37.5,33.17,0.0,0.0,0.0,0.2784,4.33,0.0
2213,37.5,17.66,0.0,0.0,0.0,0.2784,19.84,0.0
2214,37.5,14.94,0.0,0.0,0.0,0.2784,22.56,0.0
2215,39.45,19.63,11.62,0.0,0.0,0.2784,8.2,0.0
2216,41.33,10.34,25.1,0.0,4.85,0.2784,1.04,0.0
2217,43.06,8.19,34.87,0.0,0.0,0.1,0.0,0.0
2218,44.57,31.71,12.86,0.0,0.0,0.1,0.0,0.0
2219,45.81,0.0,45.81,0.0,0.0,0.1,0.0,0.0
2220,46.74,0.0,46.74,0.0,0.0,0.1,0.0,0.0
2221,47.31,0.0,47.31,0.0,0.0,0.1,0.0,0.0
2222,47.5,18.36,29.14,0.0,0.0,0.1,0.0,0.0
2223,47.31,10.82,34.44,0.0,0.0,0.1,2.05,0.0
2224,46.74,8.25,24.19,0.0,0.0,0.1,14.3,0.0
2225,45.81,30.02,11.83,0.0,0.0,0.1,3.96,0.0
2226,44.57,33.54,0.0,18.97,0.0,0.1,30.0,0.0
2227,43.06,16.2,0.0,3.14,0.0,0.7301,30.0,0.0
2228,41.33,6.11,0.0,0.0,19.96,0.8346,15.26,0.0
2229,39.45,36.44,0.0,0.0,0.0,0.1,3.01,0.0
2230,37.5,21.35,0.0,0.0,0.0,0.1,16.15,0.0
2231,37.5,36.86,0.0,0.0,0.0,0.1,0.64,0.0
2232,37.5,9.84,0.0,0.0,0.0,0.1,27.66,0.0
2233,37.5,37.5,0.0,0.0,0.0,0.1,0.0,0.0
2234,37.5,16.0,0.0,0.0,0.0,0.1,21.5,0.0
2235,37.5,33.55,0.0,0.0,0.0,0.1,3.95,0.0
2236,37.5,24.46,0.0,0.0,0.0,0.1,13.04,0.0
2237,37.5,12.55,0.0,0.0,0.0,0.1,24.95,0.0
2238,37.5,15.39,0.0,0.0,0.0,0.1,22.11,0.0
2239,39.45,23.6,11.54,0.0,0.0,0.1,4.3,0.0
2240,41.33,15.51,25.01,1.44,0.0,0.1,2.24,0.0
2241,43.05,10.03,33.02,0.0,0.0,0.1477,0.0,0.0
2242,44.57,30.33,14.24,0.0,0.0,0.1477,0.0,0.0
2243,45.81,0.0,45.81,0.0,0.0,0.1477,0.0,0.0
2244,46.74,25.47,21.27,0.0,0.0,0.1477,0.0,0.0
2245,47.31,0.0,47.31,0.0,0.0,0.1477,0.0,0.0
2246,47.5,2.02,43.65,0.0,0.0,0.1477,1.83,0.0
2247,47.31,0.0,33.2,0.0,0.0,0.1477,14.11,0.0
2248,46.74,12.61,22.56,0.0,0.0,0.1477,11.57,0.0
2249,45.81,25.92,11.53,0.0,0.0,0.1477,8.37,0.0
2250,44.57,18.14,0.0,0.0,0.0,0.1477,26.43,0.0
2251,43.05,36.82,0.0,0.0,0.0,0.1477,6.23,0.0
2252,41.33,10.03,0.0,0.0,1.3,0.1477,30.0,0.0
2253,39.45,26.24,0.0,0.0,0.0,0.1,13.21,0.0
2254,37.5,15.59,0.0,0.0,0.0,0.1,21.91,0.0
2255,37.5,32.48,0.0,0.0,0.0,0.1,5.01,0.0
2256,37.5,37.8,0.0,5.97,0.0,0.1,5.66,0.0
2257,37.5,24.59,0.0,0.0,0.0,0.2982,12.91,0.0
2258,37.5,2.11,0.0,0.0,5.39,0.2982,30.0,0.0
2259,37.5,28.15,0.0,0.0,0.0,0.1,9.35,0.0
2260,37.5,28.45,0.0,0.0,0.0,0.1,9.05,0.0
2261,37.5,25.75,0.0,0.0,0.0,0.1,11.74,0.0
2262,37.5,31.39,0.0,0.0,0.0,0.1,6.11,0.0
2263,39.45,6.13,10.94,0.0,0.0,0.1,22.38,0.0
2264,41.32,16.15,25.18,0.0,0.0,0.1,0.0,0.0
2265,43.05,9.89,33.16,0.0,0.0,0.1,0.0,0.0
2266,44.57,0.0,42.72,0.0,0.0,0.1,1.84,0.0
2267,45.81,0.0,45.81,0.0,0.0,0.1,0.0,0.0
2268,46.74,0.0,46.74,0.0,0.0,0.1,0.0,0.0
2269,47.31,0.0,47.31,0.0,0.0,0.1,0.0,0.0
2270,47.5,14.12,33.38,0.0,0.0,0.1,0.0,0.0
2271,47.31,7.47,34.7,0.0,0.0,0.1,5.14,0.0
2272,46.74,7.65,24.54,0.0,0.0,0.1,14.55,0.0
2273,45.81,17.01,12.67,13.87,0.0,0.1,30.0,0.0
2274,44.57,8.52,0.0,0.0,6.43,0.5609,29.62,0.0
2275,43.05,11.08,0.0,0.0,1.97,0.3244,30.0,0.0
2276,41.32,30.84,0.0,19.51,0.0,0.2519,30.0,0.0
2277,39.45,14.88,0.0,0.0,21.74,0.9,2.84,0.0
2278,37.5,34.31,0.0,0.0,0.0,0.1,3.19,0.0
2279,37.5,33.29,0.0,0.0,0.0,0.1,4.21,0.0
2280,37.49,11.91,0.0,0.0,0.0,0.1,25.59,0.0
2281,37.49,21.89,0.0,0.0,0.0,0.1,15.6,0.0
2282,37.49,39.34,0.0,1.84,0.0,0.1,0.0,0.0
2283,37.49,16.36,0.0,0.0,0.0,0.1612,21.14,0.0
2284,37.49,19.41,0.0,0.0,0.0,0.1612,18.09,0.0
2285,37.49,26.15,0.0,10.04,0.0,0.1612,21.38,0.0
2286,37.49,26.77,0.0,0.0,10.73,0.4948,0.0,0.0
2287,39.45,14.03,10.77,0.0,0.0,0.1,14.64,0.0
2288,41.32,8.25,23.42,0.0,0.0,0.1,9.65,0.0
2289,43.05,26.1,16.95,0.0,0.0,0.1,0.0,0.0
2290,44.57,27.65,16.92,0.0,0.0,0.1,0.0,0.0
2291,45.81,19.18,26.63,0.0,0.0,0.1,0.0,0.0
2292,46.73,0.0,46.73,0.0,0.0,0.1,0.0,0.0
2293,47.3,0.0,47.3,0.0,0.0,0.1,0.0,0.0
2294,47.49,2.35,44.17,0.0,0.0,0.1,0.98,0.0
2295,47.3,17.24,33.65,3.59,0.0,0.1,0.0,0.0
2296,46.73,18.25,23.11,0.0,0.0,0.2192,5.38,0.0
2297,45.81,30.31,11.77,0.0,0.0,0.2192,3.74,0.0
2298,44.57,25.46,0.0,10.89,0.0,0.2192,30.0,0.0
2299,43.05,6.81,0.0,0.0,6.25,0.581,30.0,0.0
2300,41.32,34.33,0.0,7.61,0.0,0.3512,14.6,0.0
2301,39.45,16.19,0.0,0.0,0.0,0.604,23.25,0.0
2302,37.49,23.8,0.0,0.0,13.69,0.604,0.0,0.0
2303,37.49,31.03,0.0,0.0,0.0,0.1,6.47,0.0
2304,37.49,48.38,0.0,10.89,0.0,0.1,0.0,0.0
2305,37.49,50.69,0.0,13.2,0.0,0.4617,0.0,0.0
2306,37.49,33.39,0.0,0.0,0.0,0.9,4.11,0.0
2307,37.49,24.04,0.0,0.0,0.0,0.9,13.45,0.0
2308,37.49,29.07,0.0,0.0,8.42,0.9,0.0,0.0
2309,37.49,30.17,0.0,0.0,7.01,0.5901,0.3,0.0
2310,37.49,15.73,0.0,0.0,0.0,0.332,21.76,0.0
2311,39.44,34.01,10.78,5.35,0.0,0.332,0.0,0.0
2312,41.32,16.23,22.71,0.0,0.0,0.5097,2.38,0.0
2313,43.05,7.41,35.64,0.0,0.0,0.5097,0.0,0.0
2314,44.56,1.22,43.34,0.0,0.0,0.5097,0.0,0.0
2315,45.81,13.53,32.28,0.0,0.0,0.5097,0.0,0.0
2316,46.73,17.3,29.43,0.0,0.0,0.5097,0.0,0.0
2317,47.3,0.0,47.3,0.0,0.0,0.5097,0.0,0.0
2318,47.49,4.86,41.79,0.0,0.0,0.5097,0.84,0.0
2319,47.3,1.09,35.57,0.0,0.0,0.5097,10.63,0.0
2320,46.73,18.29,24.13,0.0,0.0,0.5097,4.31,0.0
2321,45.81,24.01,12.89,0.0,0.0,0.5097,8.91,0.0
2322,44.56,23.39,0.0,0.0,0.0,0.5097,21.17,0.0
2323,43.05,37.92,0.0,0.0,5.13,0.5097,0.0,0.0
2324,41.32,23.75,0.0,0.0,0.0,0.321,17.56,0.0
2325,39.44,32.43,0.0,0.0,0.0,0.321,7.01,0.0
2326,37.49,16.66,0.0,0.0,0.0,0.321,20.83,0.0
2327,37.49,24.59,0.0,0.0,0.0,0.321,12.91,0.0
2328,37.49,35.41,0.0,0.0,0.0,0.321,2.08,0.0
2329,37.49,36.59,0.0,0.0,0.0,0.321,0.9,0.0
2330,37.49,24.35,0.0,0.0,0.0,0.321,13.14,0.0
2331,37.49,24.97,0.0,0.0,0.0,0.321,12.51,0.0
2332,37.49,8.7,0.0,0.0,0.0,0.321,28.79,0.0
2333,37.49,17.75,0.0,0.0,0.0,0.321,19.74,0.0
2334,37.49,27.48,0.0,0.0,0.0,0.321,10.0,0.0
2335,39.44,21.83,12.43,0.0,5.18,0.321,0.0,0.0
2336,41.31,18.72,22.59,0.0,0.0,0.1305,0.0,0.0
2337,43.04,7.02,36.02,0.0,0.0,0.1305,0.0,0.0
2338,44.56,10.26,34.3,0.0,0.0,0.1305,0.0,0.0
2339,45.8,0.0,45.8,0.0,0.0,0.1305,0.0,0.0
2340,46.73,15.75,30.97,0.0,0.0,0.1305,0.0,0.0
2341,47.3,0.0,47.3,0.0,0.0,0.1305,0.0,0.0
2342,47.49,15.04,32.45,0.0,0.0,0.1305,0.0,0.0
2343,47.3,6.58,34.6,0.0,0.0,0.1305,6.12,0.0
2344,46.73,0.0,23.22,0.0,0.0,0.1305,23.5,0.0
2345,45.8,26.97,12.97,0.0,0.0,0.1305,5.86,0.0
2346,44.56,14.0,0.0,0.0,0.56,0.1305,30.0,0.0
2347,43.04,12.77,0.0,0.0,0.27,0.11,30.0,0.0
2348,41.31,30.47,0.0,0.0,0.0,0.1,10.85,0.0
2349,39.44,21.82,0.0,0.0,0.0,0.1,17.62,0.0
2350,37.49,37.49,0.0,0.0,0.0,0.1,0.0,0.0
2351,37.49,34.3,0.0,0.0,0.0,0.1,3.19,0.0
2352,37.48,35.12,0.0,0.0,0.0,0.1,2.36,0.0
2353,37.48,14.61,0.0,7.13,0.0,0.1,30.0,0.0
2354,37.48,39.01,0.0,4.6,0.0,0.3368,3.08,0.0
2355,37.48,28.08,0.0,0.0,0.0,0.4897,9.4,0.0
2356,37.48,19.84,0.0,12.35,0.0,0.4897,30.0,0.0
2357,37.48,22.51,0.0,0.0,0.0,0.9,14.97,0.0
2358,37.48,1.06,0.0,0.0,20.26,0.9,16.16,0.0
2359,39.43,20.02,13.15,0.0,0.0,0.1543,6.26,0.0
2360,41.31,3.49,25.08,0.0,0.0,0.1543,12.73,0.0
2361,43.04,0.0,36.42,0.0,0.0,0.1543,6.62,0.0
2362,44.55,0.0,44.17,0.0,0.0,0.1543,0.39,0.0
2363,45.8,0.0,45.8,0.0,0.0,0.1543,0.0,0.0
2364,46.72,0.0,46.72,0.0,0.0,0.1543,0.0,0.0
2365,47.29,24.14,23.15,0.0,0.0,0.1543,0.0,0.0
2366,47.48,4.75,42.74,0.0,0.0,0.1543,0.0,0.0
2367,47.29,0.0,35.79,0.0,0.0,0.1543,11.5,0.0
2368,46.72,2.63,23.56,0.0,0.0,0.1543,20.53,0.0
2369,45.8,28.17,11.64,0.0,0.0,0.1543,5.99,0.0
2370,44.55,17.01,0.0,0.0,0.0,0.1543,27.54,0.0
2371,43.04,15.7,0.0,0.0,0.0,0.1543,27.34,0.0
2372,41.31,25.05,0.0,0.0,0.0,0.1543,16.26,0.0
2373,39.43,30.45,0.0,0.0,0.0,0.1543,8.98,0.0
2374,37.48,38.08,0.0,0.59,0.0,0.1543,0.0,0.0
2375,37.48,42.32,0.0,4.84,0.0,0.174,0.0,0.0
2376,37.48,24.68,0.0,0.0,0.0,0.3347,12.79,0.0
2377,37.48,14.84,0.0,0.0,0.0,0.3347,22.64,0.0
2378,37.48,22.84,0.0,0.0,0.0,0.3347,14.64,0.0
2379,37.48,27.91,0.0,0.0,0.0,0.3347,9.57,0.0
2380,37.48,13.82,0.0,0.0,0.0,0.3347,23.66,0.0
2381,37.48,11.51,0.0,0.0,0.0,0.3347,25.97,0.0
2382,37.48,21.77,0.0,0.0,0.0,0.3347,15.71,0.0
2383,39.43,15.35,10.83,0.0,0.0,0.3347,13.25,0.0
2384,41.3,13.78,25.76,0.0,0.0,0.3347,1.76,0.0
2385,43.03,3.95,35.26,0.0,0.0,0.3347,3.82,0.0
2386,44.55,1.32,43.23,0.0,0.0,0.3347,0.0,0.0
2387,45.79,0.0,45.79,0.0,0.0,0.3347,0.0,0.0
2388,46.72,0.0,46.72,0.0,0.0,0.3347,0.0,0.0
2389,47.29,19.06,28.22,0.0,0.0,0.3347,0.0,0.0
2390,47.48,0.0,44.96,0.0,0.0,0.3347,2.51,0.0
2391,47.29,2.27,34.64,0.0,0.0,0.3347,10.38,0.0
2392,46.72,0.0,25.88,0.0,0.0,0.3347,20.83,0.0
2393,45.79,9.43,12.05,0.0,0.0,0.3347,24.31,0.0
2394,44.55,17.56,0.0,0.0,0.0,0.3347,26.99,0.0
2395,43.03,6.66,0.0,0.0,6.38,0.3347,30.0,0.0
2396,41.3,14.23,0.0,0.0,0.0,0.1,27.08,0.0
2397,39.43,15.46,0.0,0.0,0.0,0.1,23.97,0.0
2398,37.48,28.95,0.0,0.0,0.0,0.1,8.53,0.0
2399,37.48,28.57,0.0,0.0,0.0,0.1,8.9,0.0
2400,37.47,20.95,0.0,0.0,0.0,0.1,16.52,0.0
2401,37.47,29.46,0.0,0.0,0.0,0.1,8.01,0.0
2402,37.47,21.36,0.0,0.0,0.0,0.1,16.11,0.0
2403,37.47,22.5,0.0,0.0,0.0,0.1,14.97,0.0
2404,37.47,39.61,0.0,2.28,0.0,0.1,0.14,0.0
2405,37.47,33.96,0.0,0.0,0.0,0.1756,3.51,0.0
2406,37.47,5.42,0.0,0.0,2.05,0.1756,30.0,0.0
2407,39.42,23.83,13.29,0.0,0.0,0.1,2.3,0.0
2408,41.3,21.28,23.42,5.9,0.0,0.1,2.5,0.0
2409,43.03,0.0,36.78,0.0,0.0,0.296,6.25,0.0
2410,44.54,1.76,42.78,0.0,0.0,0.296,0.0,0.0
2411,45.79,23.84,21.94,0.0,0.0,0.296,0.0,0.0
2412,46.71,0.0,46.71,0.0,0.0,0.296,0.0,0.0
2413,47.28,0.0,47.28,0.0,0.0,0.296,0.0,0.0
2414,47.47,19.71,27.77,0.0,0.0,0.296,0.0,0.0
2415,47.28,11.25,36.03,0.0,0.0,0.296,0.0,0.0
2416,46.71,18.72,25.94,0.0,0.0,0.296,2.05,0.0
2417,45.79,19.02,13.15,0.0,0.0,0.296,13.62,0.0
2418,44.54,22.06,0.0,0.0,0.0,0.296,22.48,0.0
2419,43.03,7.7,0.0,0.0,5.33,0.296,30.0,0.0
2420,41.3,33.45,0.0,0.0,0.0,0.1,7.85,0.0
2421,39.42,36.69,0.0,0.0,0.0,0.1,2.73,0.0
2422,37.47,24.48,0.0,5.83,0.0,0.1,18.82,0.0
2423,37.47,27.3,0.0,0.0,0.0,0.2936,10.18,0.0
2424,37.46,12.82,0.0,0.0,0.0,0.2936,24.65,0.0
2425,37.46,32.62,0.0,0.0,0.0,0.2936,4.85,0.0
2426,37.46,32.2,0.0,0.0,5.26,0.2936,0.0,0.0
2427,37.46,24.4,0.0,15.36,0.0,0.1,28.43,0.0
2428,37.46,34.04,0.0,0.0,0.0,0.6101,3.43,0.0
2429,37.46,17.31,0.0,0.0,0.0,0.6101,20.16,0.0
2430,37.46,23.6,0.0,0.0,13.86,0.6101,0.0,0.0
2431,39.42,5.46,11.95,0.0,0.0,0.1,22.01,0.0
2432,41.29,12.89,24.36,0.0,0.0,0.1,4.04,0.0
2433,43.02,6.63,36.39,0.0,0.0,0.1,0.0,0.0
2434,44.54,1.68,42.85,0.0,0.0,0.1,0.0,0.0
2435,45.78,4.9,40.88,0.0,0.0,0.1,0.0,0.0
2436,46.7,0.0,46.7,0.0,0.0,0.1,0.0,0.0
2437,47.27,16.67,30.6,0.0,0.0,0.1,0.0,0.0
2438,47.46,4.9,42.56,0.0,0.0,0.1,0.0,0.0
2439,47.27,0.0,36.2,0.0,0.0,0.1,11.08,0.0
2440,46.7,30.35,23.39,10.21,0.0,0.1,3.17,0.0
2441,45.78,29.1,11.65,0.0,0.0,0.4391,5.04,0.0
2442,44.54,5.32,0.0,0.0,9.21,0.4391,30.0,0.0
2443,43.02,27.38,0.0,0.0,0.0,0.1,15.64,0.0
2444,41.29,18.02,0.0,0.0,0.0,0.1,23.28,0.0
2445,39.42,27.6,0.0,0.0,0.0,0.1,11.81,0.0
2446,37.46,29.47,0.0,0.0,0.0,0.1,8.0,0.0
2447,37.46,25.25,0.0,0.0,0.0,0.1,12.22,0.0
2448,37.46,20.01,0.0,0.0,0.0,0.1,17.45,0.0
2449,37.46,20.59,0.0,0.0,0.0,0.1,16.87,0.0
2450,37.46,17.39,0.0,0.0,0.0,0.1,20.07,0.0
2451,37.46,16.65,0.0,4.61,0.0,0.1,25.42,0.0
2452,37.46,22.14,0.0,0.0,0.0,0.2533,15.32,0.0
2453,37.46,13.38,0.0,0.0,0.0,0.2533,24.08,0.0
2454,37.46,24.59,0.0,0.0,0.0,0.2533,12.86,0.0
2455,39.41,26.98,12.42,0.0,0.0,0.2533,0.0,0.0
2456,41.28,7.25,24.81,0.0,0.0,0.2533,9.22,0.0
2457,43.01,7.8,35.21,0.0,0.0,0.2533,0.0,0.0
2458,44.53,1.62,42.9,0.0,0.0,0.2533,0.0,0.0
2459,45.77,13.02,32.76,0.0,0.0,0.2533,0.0,0.0
2460,46.7,0.0,46.7,0.0,0.0,0.2533,0.0,0.0
2461,47.27,15.68,31.58,0.0,0.0,0.2533,0.0,0.0
2462,47.46,14.1,33.36,0.0,0.0,0.2533,0.0,0.0
2463,47.27,0.0,35.3,0.0,0.0,0.2533,11.97,0.0
2464,46.7,21.51,25.18,0.0,0.0,0.2533,0.0,0.0
2465,45.77,24.07,12.09,0.0,0.0,0.2533,9.61,0.0
2466,44.53,10.36,0.0,0.0,4.16,0.2533,30.0,0.0
2467,43.01,20.8,0.0,0.0,0.0,0.1,22.21,0.0
2468,41.28,29.53,0.0,0.54,0.0,0.1,12.3,0.0
2469,39.41,22.78,0.0,0.0,0.0,0.118,16.63,0.0
2470,37.46,36.97,0.0,0.0,0.49,0.118,0.0,0.0
2471,37.46,50.66,0.0,13.2,0.0,0.1,0.0,0.0
2472,37.45,19.82,0.0,0.0,0.0,0.5386,17.63,0.0
2473,37.45,13.63,0.0,0.0,0.0,0.5386,23.82,0.0
2474,37.45,29.23,0.0,10.88,0.0,0.5386,19.1,0.0
2475,37.45,31.78,0.0,0.0,5.67,0.9,0.0,0.0
2476,37.45,20.36,0.0,0.0,0.0,0.6913,17.09,0.0
2477,37.45,34.57,0.0,0.0,0.0,0.6913,2.88,0.0
2478,37.45,4.53,0.0,0.0,16.07,0.6913,16.85,0.0
2479,39.4,21.99,12.68,4.14,0.0,0.1,8.87,0.0
2480,41.28,6.83,26.11,0.0,0.0,0.2376,8.34,0.0
2481,43.0,7.72,35.29,0.0,0.0,0.2376,0.0,0.0
2482,44.52,28.8,15.72,0.0,0.0,0.2376,0.0,0.0
2483,45.76,0.0,45.76,0.0,0.0,0.2376,0.0,0.0
2484,46.69,0.0,46.69,0.0,0.0,0.2376,0.0,0.0
2485,47.26,16.67,30.59,0.0,0.0,0.2376,0.0,0.0
2486,47.45,1.9,45.55,0.0,0.0,0.2376,0.0,0.0
2487,47.26,10.3,34.35,0.0,0.0,0.2376,2.6,0.0
2488,46.69,13.04,25.2,0.0,0.0,0.2376,8.44,0.0
2489,45.76,0.0,12.02,0.0,3.74,0.2376,30.0,0.0
2490,44.52,17.58,0.0,0.0,0.0,0.1,26.94,0.0
2491,43.0,13.47,0.0,0.0,0.0,0.1,29.53,0.0
2492,41.28,17.78,0.0,0.0,0.0,0.1,23.5,0.0
2493,39.4,38.89,0.0,0.0,0.0,0.1,0.51,0.0
2494,37.45,13.87,0.0,0.0,0.0,0.1,23.58,0.0
2495,37.45,35.23,0.0,0.0,0.0,0.1,2.22,0.0
2496,37.44,24.65,0.0,0.0,0.0,0.1,12.79,0.0
2497,37.44,24.3,0.0,0.0,0.0,0.1,13.14,0.0
2498,37.44,33.85,0.0,0.0,0.0,0.1,3.59,0.0
2499,37.44,27.86,0.0,0.0,0.0,0.1,9.58,0.0
2500,37.44,28.09,0.0,0.0,0.0,0.1,9.35,0.0
2501,37.44,29.63,0.0,0.0,0.0,0.1,7.81,0.0
2502,37.44,14.29,0.0,0.0,0.0,0.1,23.15,0.0
2503,39.39,8.97,11.42,0.0,0.0,0.1,19.0,0.0
2504,41.27,1.94,23.95,0.0,0.0,0.1,15.37,0.0
2505,43.0,2.46,36.12,0.0,0.0,0.1,4.42,0.0
2506,44.51,38.06,6.46,0.0,0.0,0.1,0.0,0.0
2507,45.75,20.29,25.46,0.0,0.0,0.1,0.0,0.0
2508,46.68,0.0,46.68,0.0,0.0,0.1,0.0,0.0
2509,47.25,0.0,47.25,0.0,0.0,0.1,0.0,0.0
2510,47.44,13.76,33.68,0.0,0.0,0.1,0.0,0.0
2511,47.25,12.38,34.87,0.0,0.0,0.1,0.0,0.0
2512,46.68,18.03,24.45,0.0,0.0,0.1,4.2,0.0
2513,45.75,12.49,12.9,0.0,0.0,0.1,20.37,0.0
2514,44.51,16.31,0.0,0.0,0.0,0.1,28.2,0.0
2515,43.0,23.32,0.0,0.0,0.0,0.1,19.67,0.0
2516,41.27,23.32,0.0,7.46,0.0,0.1,25.41,0.0
2517,39.39,2.66,0.0,0.0,6.73,0.3478,30.0,0.0
2518,37.44,23.81,0.0,0.0,0.0,0.1,13.63,0.0
2519,37.44,18.67,0.0,0.0,0.0,0.1,18.77,0.0
2520,37.43,28.95,0.0,0.0,0.0,0.1,8.48,0.0
2521,37.43,56.28,0.0,18.85,0.0,0.1,0.0,0.0
2522,37.43,29.53,0.0,0.0,7.9,0.7262,0.0,0.0
2523,37.43,21.26,0.0,0.0,0.0,0.4353,16.17,0.0
2524,37.43,31.38,0.0,13.99,0.0,0.4353,20.04,0.0
2525,37.43,24.68,0.0,0.0,0.0,0.9,12.75,0.0
2526,37.43,21.52,0.0,0.0,12.35,0.9,3.56,0.0
2527,39.38,20.81,10.95,0.0,0.0,0.4454,7.62,0.0
2528,41.26,16.14,25.12,0.0,0.0,0.4454,0.0,0.0
2529,42.99,0.0,34.84,0.0,0.0,0.4454,8.14,0.0
2530,44.5,0.64,43.86,0.0,0.0,0.4454,0.0,0.0
2531,45.74,0.0,45.74,0.0,0.0,0.4454,0.0,0.0
2532,46.67,13.01,33.66,0.0,0.0,0.4454,0.0,0.0
2533,47.24,0.0,47.24,0.0,0.0,0.4454,0.0,0.0
2534,47.43,4.75,42.68,0.0,0.0,0.4454,0.0,0.0
2535,47.24,7.52,36.89,0.0,0.0,0.4454,2.84,0.0
2536,46.67,22.07,24.6,0.0,0.0,0.4454,0.0,0.0
2537,45.74,23.88,13.1,0.0,0.0,0.4454,8.77,0.0
2538,44.5,5.12,0.0,0.0,9.38,0.4454,30.0,0.0
2539,42.99,20.47,0.0,0.0,0.0,0.1,22.52,0.0
2540,41.26,15.32,0.0,0.0,0.0,0.1,25.94,0.0
2541,39.38,11.95,0.0,0.0,0.0,0.1,27.43,0.0
2542,37.43,23.77,0.0,0.0,0.0,0.1,13.66,0.0
2543,37.43,23.85,0.0,0.0,0.0,0.1,13.58,0.0
2544,37.42,50.95,0.0,13.53,0.0,0.1,0.0,0.0
2545,37.42,30.99,0.0,0.0,0.0,0.5496,6.43,0.0
2546,37.42,12.18,0.0,0.0,0.0,0.5496,25.24,0.0
2547,37.42,18.62,0.0,0.0,0.0,0.5496,18.8,0.0
2548,37.42,32.2,0.0,0.0,0.0,0.5496,5.22,0.0
2549,37.42,37.42,0.0,0.0,0.0,0.5496,0.0,0.0
2550,37.42,1.6,0.0,0.0,12.22,0.5496,23.6,0.0
2551,39.37,0.0,10.82,0.0,0.0,0.1,28.55,0.0
2552,41.25,30.72,10.53,0.0,0.0,0.1,0.0,0.0
2553,42.98,6.21,36.76,0.0,0.0,0.1,0.0,0.0
2554,44.49,0.14,43.53,0.0,0.0,0.1,0.82,0.0
2555,45.73,12.97,32.76,0.0,0.0,0.1,0.0,0.0
2556,46.66,0.0,46.66,0.0,0.0,0.1,0.0,0.0
2557,47.23,0.0,47.23,0.0,0.0,0.1,0.0,0.0
2558,47.42,3.58,43.84,0.0,0.0,0.1,0.0,0.0
2559,47.23,10.49,36.74,0.0,0.0,0.1,0.0,0.0
2560,46.66,2.31,24.42,0.0,0.0,0.1,19.93,0.0
2561,45.73,15.51,12.06,11.84,0.0,0.1,30.0,0.0
2562,44.49,8.11,0.0,0.0,8.96,0.4932,27.43,0.0
2563,42.98,22.28,0.0,9.3,0.0,0.1635,30.0,0.0
2564,41.25,13.33,0.0,2.08,0.0,0.4725,30.0,0.0
2565,39.37,20.16,0.0,10.79,0.0,0.5416,30.0,0.0
2566,37.42,15.94,0.0,0.0,8.58,0.9,12.9,0.0
2567,37.42,33.14,0.0,0.0,0.0,0.5842,4.28,0.0
2568,37.41,35.35,0.0,0.0,0.0,0.5842,2.06,0.0
2569,37.41,24.25,0.0,0.0,13.15,0.5842,0.0,0.0
2570,37.41,25.96,0.0,0.0,0.0,0.1,11.45,0.0
2571,37.41,9.75,0.0,0.0,0.0,0.1,27.65,0.0
2572,37.41,19.03,0.0,0.0,0.0,0.1,18.38,0.0
2573,37.41,19.11,0.0,0.0,0.0,0.1,18.3,0.0
2574,37.41,42.86,0.0,11.54,0.0,0.1,6.09,0.0
2575,39.36,3.56,13.73,0.0,0.0,0.4833,22.08,0.0
2576,41.24,15.11,26.13,0.0,0.0,0.4833,0.0,0.0
2577,42.96,19.91,23.06,0.0,0.0,0.4833,0.0,0.0
2578,44.48,11.29,33.19,0.0,0.0,0.4833,0.0,0.0
2579,45.72,24.86,20.87,0.0,0.0,0.4833,0.0,0.0
2580,46.65,0.0,46.65,0.0,0.0,0.4833,0.0,0.0
2581,47.22,0.0,47.22,0.0,0.0,0.4833,0.0,0.0
2582,47.41,3.59,43.82,0.0,0.0,0.4833,0.0,0.0
2583,47.22,22.14,25.08,0.0,0.0,0.4833,0.0,0.0
2584,46.65,22.93,23.72,0.0,0.0,0.4833,0.0,0.0
2585,45.72,8.35,13.2,0.0,0.0,0.4833,24.18,0.0
2586,44.48,4.07,0.0,0.0,10.41,0.4833,30.0,0.0
2587,42.96,17.6,0.0,0.0,0.0,0.1,25.36,0.0
2588,41.24,14.1,0.0,0.0,0.0,0.1,27.14,0.0
2589,39.36,23.39,0.0,0.0,0.0,0.1,15.97,0.0
2590,37.41,37.41,0.0,0.0,0.0,0.1,0.0,0.0
2591,37.41,22.06,0.0,0.0,0.0,0.1,15.35,0.0
2592,37.4,26.31,0.0,6.28,0.0,0.1,17.36,0.0
2593,37.4,26.97,0.0,0.0,0.0,0.3085,10.42,0.0
2594,37.4,33.77,0.0,0.0,0.0,0.3085,3.63,0.0
2595,37.4,1.73,0.0,0.0,5.67,0.3085,30.0,0.0
2596,37.4,15.84,0.0,0.0,0.0,0.1,21.56,0.0
2597,37.4,21.52,0.0,0.0,0.0,0.1,15.88,0.0
2598,37.4,28.71,0.0,0.0,0.0,0.1,8.69,0.0
2599,39.35,9.5,13.72,13.88,0.0,0.1,30.0,0.0
2600,41.22,0.0,25.69,0.0,12.52,0.5609,3.01,0.0
2601,42.95,5.44,37.51,0.0,0.0,0.1,0.0,0.0
2602,44.47,0.0,44.47,0.0,0.0,0.1,0.0,0.0
2603,45.71,0.0,45.71,0.0,0.0,0.1,0.0,0.0
2604,46.64,0.9,45.74,0.0,0.0,0.1,0.0,0.0
2605,47.2,0.0,47.2,0.0,0.0,0.1,0.0,0.0
2606,47.4,2.41,44.46,0.0,0.0,0.1,0.52,0.0
2607,47.2,0.0,35.77,0.0,0.0,0.1,11.44,0.0
2608,46.64,20.8,25.59,24.08,0.0,0.1,24.33,0.0
2609,45.71,26.89,13.17,0.0,0.0,0.9,5.64,0.0
2610,44.47,23.31,0.0,0.0,0.0,0.9,21.16,0.0
2611,42.95,8.24,0.0,0.0,21.74,0.9,12.98,0.0
2612,41.22,19.83,0.0,0.0,0.0,0.1,21.39,0.0
2613,39.35,23.79,0.0,0.0,0.0,0.1,15.56,0.0
2614,37.4,31.31,0.0,0.0,0.0,0.1,6.08,0.0
2615,37.4,32.98,0.0,0.0,0.0,0.1,4.42,0.0
2616,37.38,19.35,0.0,0.0,0.0,0.1,18.04,0.0
2617,37.38,27.05,0.0,0.0,0.0,0.1,10.34,0.0
2618,37.38,29.76,0.0,0.0,0.0,0.1,7.63,0.0
2619,37.38,37.38,0.0,0.0,0.0,0.1,0.0,0.0
2620,37.38,28.59,0.0,0.0,0.0,0.1,8.8,0.0
2621,37.38,27.05,0.0,0.0,0.0,0.1,10.34,0.0
2622,37.38,17.55,0.0,0.0,0.0,0.1,19.83,0.0
2623,39.34,28.07,12.2,0.94,0.0,0.1,0.0,0.0
2624,41.21,15.84,25.7,0.33,0.0,0.1311,0.0,0.0
2625,42.94,1.29,35.92,0.0,0.0,0.1419,5.73,0.0
2626,44.46,0.22,44.24,0.0,0.0,0.1419,0.0,0.0
2627,45.7,14.09,31.61,0.0,0.0,0.1419,0.0,0.0
2628,46.62,0.0,46.62,0.0,0.0,0.1419,0.0,0.0
2629,47.19,0.0,47.19,0.0,0.0,0.1419,0.0,0.0
2630,47.38,1.14,46.25,0.0,0.0,0.1419,0.0,0.0
2631,47.19,11.39,35.8,0.0,0.0,0.1419,0.0,0.0
2632,46.62,13.75,26.39,0.0,0.0,0.1419,6.49,0.0
2633,45.7,17.25,13.66,0.0,0.0,0.1419,14.8,0.0
2634,44.46,33.47,0.0,0.0,0.0,0.1419,10.99,0.0
2635,42.94,29.83,0.0,0.0,0.0,0.1419,13.11,0.0
2636,41.21,23.53,0.0,0.0,0.0,0.1419,17.68,0.0
2637,39.34,32.96,0.0,0.0,0.0,0.1419,6.38,0.0
2638,37.38,15.09,0.0,0.0,0.0,0.1419,22.29,0.0
2639,37.38,30.16,0.0,0.0,0.0,0.1419,7.23,0.0
2640,37.37,44.23,0.0,6.86,0.0,0.1419,0.0,0.0
2641,37.37,23.93,0.0,0.0,0.0,0.3696,13.44,0.0
2642,37.37,16.75,0.0,0.0,0.0,0.3696,20.62,0.0
2643,37.37,17.11,0.0,0.0,7.33,0.3696,12.94,0.0
2644,37.37,10.76,0.0,0.0,0.0,0.1,26.61,0.0
2645,37.37,11.39,0.0,2.82,0.0,0.1,28.8,0.0
2646,37.37,12.92,0.0,0.0,0.0,0.1937,24.45,0.0
2647,39.32,0.18,13.94,0.0,0.0,0.1937,25.21,0.0
2648,41.2,11.8,25.39,0.0,0.0,0.1937,4.01,0.0
2649,42.93,5.6,37.32,0.0,0.0,0.1937,0.0,0.0
2650,44.44,0.0,44.35,0.0,0.0,0.1937,0.09,0.0
2651,45.69,22.02,23.67,0.0,0.0,0.1937,0.0,0.0
2652,46.61,0.0,46.61,0.0,0.0,0.1937,0.0,0.0
2653,47.18,17.2,29.97,0.0,0.0,0.1937,0.0,0.0
2654,47.37,0.74,46.64,0.0,0.0,0.1937,0.0,0.0
2655,47.18,9.63,37.55,0.0,0.0,0.1937,0.0,0.0
2656,46.61,0.89,24.92,0.0,0.0,0.1937,20.79,0.0
2657,45.69,22.78,13.81,0.0,0.0,0.1937,9.1,0.0
2658,44.44,18.26,0.0,0.0,0.0,0.1937,26.18,0.0
2659,42.93,24.56,0.0,0.0,0.0,0.1937,18.36,0.0
2660,41.2,9.92,0.0,0.0,1.28,0.1937,30.0,0.0
2661,39.32,14.72,0.0,0.0,0.0,0.1465,24.6,0.0
2662,37.37,30.97,0.0,0.0,0.0,0.1465,6.4,0.0
2663,37.37,16.74,0.0,0.0,0.0,0.1465,20.63,0.0
2664,37.36,30.81,0.0,0.0,0.0,0.1465,6.54,0.0
2665,37.36,12.46,0.0,0.0,0.0,0.1465,24.9,0.0
2666,37.36,33.28,0.0,0.0,0.0,0.1465,4.07,0.0
2667,37.36,11.23,0.0,0.0,0.0,0.1465,26.12,0.0
2668,37.36,26.77,0.0,0.0,0.0,0.1465,10.59,0.0
2669,37.36,25.12,0.0,0.0,0.0,0.1465,12.24,0.0
2670,37.36,9.55,0.0,0.0,0.0,0.1465,27.81,0.0
2671,39.31,19.59,11.82,0.0,0.0,0.1465,7.89,0.0
2672,41.18,14.05,24.21,0.0,0.0,0.1465,2.92,0.0
2673,42.91,4.14,35.6,0.0,0.0,0.1465,3.18,0.0
2674,44.43,0.0,44.43,0.0,0.0,0.1465,0.0,0.0
2675,45.67,0.0,45.67,0.0,0.0,0.1465,0.0,0.0
2676,46.6,0.0,46.6,0.0,0.0,0.1465,0.0,0.0
2677,47.16,0.0,47.16,0.0,0.0,0.1465,0.0,0.0
2678,47.36,1.96,45.4,0.0,0.0,0.1465,0.0,0.0
2679,47.16,6.85,36.43,0.0,0.0,0.1465,3.88,0.0
2680,46.6,18.17,26.79,0.0,0.0,0.1465,1.63,0.0
2681,45.67,10.89,12.83,0.0,0.0,0.1465,21.96,0.0
2682,44.43,13.16,0.0,0.0,1.26,0.1465,30.0,0.0
2683,42.91,26.16,0.0,0.0,0.0,0.1,16.75,0.0
2684,41.18,24.63,0.0,0.0,0.0,0.1,16.55,0.0
2685,39.31,26.48,0.0,0.0,0.0,0.1,12.83,0.0
2686,37.36,29.55,0.0,0.0,0.0,0.1,7.8,0.0
2687,37.36,10.8,0.0,0.0,0.0,0.1,26.56,0.0
2688,37.34,33.54,0.0,0.0,0.0,0.1,3.8,0.0
2689,37.34,31.79,0.0,0.0,0.0,0.1,5.55,0.0
2690,37.34,14.76,0.0,0.0,0.0,0.1,22.58,0.0
2691,37.34,20.81,0.0,0.0,0.0,0.1,16.54,0.0
2692,37.34,20.78,0.0,0.0,0.0,0.1,16.56,0.0
2693,37.34,17.47,0.0,0.0,0.0,0.1,19.87,0.0
2694,37.34,19.54,0.0,0.0,0.0,0.1,17.81,0.0
2695,39.29,27.79,13.28,1.78,0.0,0.1,0.0,0.0
2696,41.17,21.98,24.46,5.26,0.0,0.1592,0.0,0.0
2697,42.9,0.0,36.73,0.0,5.47,0.334,0.71,0.0
2698,44.41,0.0,44.41,0.0,0.0,0.1329,0.0,0.0
2699,45.66,19.82,25.83,0.0,0.0,0.1329,0.0,0.0
2700,46.58,0.0,46.58,0.0,0.0,0.1329,0.0,0.0
2701,47.15,17.48,29.67,0.0,0.0,0.1329,0.0,0.0
2702,47.34,27.53,19.81,0.0,0.0,0.1329,0.0,0.0
2703,47.15,9.37,37.78,0.0,0.0,0.1329,0.0,0.0
2704,46.58,13.78,26.84,0.0,0.0,0.1329,5.96,0.0
2705,45.66,23.99,12.29,0.0,0.0,0.1329,9.38,0.0
2706,44.41,17.67,0.0,0.0,0.0,0.1329,26.74,0.0
2707,42.9,19.03,0.0,0.0,0.0,0.1329,23.87,0.0
2708,41.17,17.71,0.0,0.0,0.0,0.1329,23.46,0.0
2709,39.29,38.6,0.0,0.0,0.0,0.1329,0.69,0.0
2710,37.34,16.72,0.0,0.0,0.0,0.1329,20.63,0.0
2711,37.34,37.34,0.0,0.0,0.0,0.1329,0.0,0.0
2712,37.33,30.86,0.0,0.0,0.0,0.1329,6.47,0.0
2713,37.33,11.82,0.0,4.5,0.0,0.1329,30.0,0.0
2714,37.33,28.24,0.0,0.0,0.0,0.2822,9.09,0.0
2715,37.33,2.38,0.0,0.0,4.95,0.2822,30.0,0.0
2716,37.33,27.17,0.0,0.0,0.0,0.1,10.16,0.0
2717,37.33,27.35,0.0,0.0,0.0,0.1,9.97,0.0
2718,37.33,10.26,0.0,0.0,0.0,0.1,27.07,0.0
2719,39.28,14.76,12.87,0.0,0.0,0.1,11.65,0.0
2720,41.15,14.5,26.66,0.0,0.0,0.1,0.0,0.0
2721,42.88,4.15,37.86,0.0,0.0,0.1,0.87,0.0
2722,44.4,0.0,44.4,0.0,0.0,0.1,0.0,0.0
2723,45.64,21.17,24.47,0.0,0.0,0.1,0.0,0.0
2724,46.57,25.57,21.0,0.0,0.0,0.1,0.0,0.0
2725,47.13,0.0,47.13,0.0,0.0,0.1,0.0,0.0
2726,47.33,17.52,29.8,0.0,0.0,0.1,0.0,0.0
2727,47.13,22.34,24.8,0.0,0.0,0.1,0.0,0.0
2728,46.57,3.86,25.57,0.0,0.0,0.1,17.14,0.0
2729,45.64,8.76,11.92,0.0,0.0,0.1,24.96,0.0
2730,44.4,28.21,0.0,0.0,0.0,0.1,16.19,0.0
2731,42.88,35.23,0.0,0.0,0.0,0.1,7.65,0.0
2732,41.15,26.55,0.0,0.0,0.0,0.1,14.6,0.0
2733,39.28,14.39,0.0,0.0,0.0,0.1,24.89,0.0
2734,37.33,44.18,0.0,6.85,0.0,0.1,0.0,0.0
2735,37.33,20.37,0.0,0.0,0.0,0.3276,16.95,0.0
2736,37.31,22.48,0.0,0.0,6.18,0.3276,8.65,0.0
2737,37.31,28.81,0.0,0.0,0.0,0.1,8.5,0.0
2738,37.31,37.31,0.0,0.0,0.0,0.1,0.0,0.0
2739,37.31,31.3,0.0,0.0,0.0,0.1,6.01,0.0
2740,37.31,24.94,0.0,0.0,0.0,0.1,12.37,0.0
2741,37.31,23.04,0.0,0.0,0.0,0.1,14.27,0.0
2742,37.31,16.36,0.0,0.0,0.0,0.1,20.95,0.0
2743,39.26,18.88,11.94,0.0,0.0,0.1,8.45,0.0
2744,41.14,0.0,25.63,0.0,0.0,0.1,15.51,0.0
2745,42.87,6.05,35.96,0.0,0.0,0.1,0.86,0.0
2746,44.38,9.78,34.6,0.0,0.0,0.1,0.0,0.0
2747,45.63,0.0,45.63,0.0,0.0,0.1,0.0,0.0
2748,46.55,0.0,46.55,0.0,0.0,0.1,0.0,0.0
2749,47.12,0.0,47.12,0.0,0.0,0.1,0.0,0.0
2750,47.31,24.69,22.62,0.0,0.0,0.1,0.0,0.0
2751,47.12,24.46,22.66,0.0,0.0,0.1,0.0,0.0
2752,46.55,6.42,26.44,0.0,0.0,0.1,13.69,0.0
2753,45.63,11.9,13.87,0.0,0.0,0.1,19.85,0.0
2754,44.38,15.2,0.0,0.0,0.0,0.1,29.18,0.0
2755,42.87,14.03,0.0,0.0,0.0,0.1,28.83,0.0
2756,41.14,22.78,0.0,0.0,0.0,0.1,18.36,0.0
2757,39.26,15.43,0.0,0.0,0.0,0.1,23.83,0.0
2758,37.31,13.33,0.0,0.0,0.0,0.1,23.98,0.0
2759,37.31,31.57,0.0,0.0,0.0,0.1,5.74,0.0
2760,37.29,31.82,0.0,0.0,0.0,0.1,5.47,0.0
2761,37.29,17.37,0.0,0.0,0.0,0.1,19.93,0.0
2762,37.29,33.12,0.0,0.0,0.0,0.1,4.18,0.0
2763,37.29,16.52,0.0,0.0,0.0,0.1,20.77,0.0
2764,37.29,23.19,0.0,15.9,0.0,0.1,30.0,0.0
2765,37.29,26.4,0.0,0.0,0.0,0.6281,10.89,0.0
2766,37.29,15.45,0.0,0.0,14.35,0.6281,7.5,0.0
2767,39.24,17.71,11.77,0.0,0.0,0.1,9.77,0.0
2768,41.12,5.77,26.77,0.0,0.0,0.1,8.58,0.0
2769,42.85,6.88,36.63,0.66,0.0,0.1,0.0,0.0
2770,44.37,5.22,44.69,5.54,0.0,0.122,0.0,0.0
2771,45.61,0.0,45.61,0.0,0.0,0.3061,0.0,0.0
2772,46.53,0.0,46.53,0.0,0.0,0.3061,0.0,0.0
2773,47.1,0.0,47.1,0.0,0.0,0.3061,0.0,0.0
2774,47.29,2.41,44.88,0.0,0.0,0.3061,0.0,0.0
2775,47.1,6.01,37.18,0.0,0.0,0.3061,3.91,0.0
2776,46.53,8.33,26.77,0.0,0.0,0.3061,11.43,0.0
2777,45.61,10.85,13.07,0.0,0.0,0.3061,21.68,0.0
2778,44.37,15.17,0.0,0.0,5.6,0.3061,23.6,0.0
2779,42.85,23.05,0.0,0.0,0.0,0.1,19.8,0.0
2780,41.12,29.31,0.0,0.0,0.0,0.1,11.81,0.0
2781,39.24,16.34,0.0,0.0,0.0,0.1,22.9,0.0
2782,37.29,12.46,0.0,0.0,0.0,0.1,24.84,0.0
2783,37.29,15.03,0.0,0.0,0.0,0.1,22.27,0.0
2784,37.28,20.67,0.0,0.0,0.0,0.1,16.61,0.0
2785,37.28,21.67,0.0,0.0,0.0,0.1,15.61,0.0
2786,37.28,16.57,0.0,0.0,0.0,0.1,20.71,0.0
2787,37.28,9.82,0.0,0.0,0.0,0.1,27.45,0.0
2788,37.28,16.05,0.0,0.0,0.0,0.1,21.22,0.0
2789,37.28,19.96,0.0,0.0,0.0,0.1,17.32,0.0
2790,37.28,21.48,0.0,0.0,0.0,0.1,15.8,0.0
2791,39.23,7.59,14.05,0.0,0.0,0.1,17.59,0.0
2792,41.1,6.63,25.22,0.0,0.0,0.1,9.25,0.0
2793,42.83,0.0,38.42,0.0,0.0,0.1,4.41,0.0
2794,44.35,6.79,37.56,0.0,0.0,0.1,0.0,0.0
2795,45.59,0.0,45.59,0.0,0.0,0.1,0.0,0.0
2796,46.52,0.0,46.52,0.0,0.0,0.1,0.0,0.0
2797,47.08,0.0,47.08,0.0,0.0,0.1,0.0,0.0
2798,47.28,1.39,45.89,0.0,0.0,0.1,0.0,0.0
2799,47.08,8.66,38.42,0.0,0.0,0.1,0.0,0.0
2800,46.52,12.51,26.06,0.0,0.0,0.1,7.95,0.0
2801,45.59,39.59,11.65,5.64,0.0,0.1,0.0,0.0
2802,44.35,19.07,0.0,0.0,0.0,0.2875,25.28,0.0
2803,42.83,8.28,0.0,0.0,4.55,0.2875,30.0,0.0
2804,41.1,19.6,0.0,8.5,0.0,0.1201,30.0,0.0
2805,39.23,5.1,0.0,0.0,8.22,0.4025,25.91,0.0
2806,37.28,23.35,0.0,0.0,0.0,0.1,13.92,0.0
2807,37.28,16.93,0.0,0.0,0.0,0.1,20.35,0.0
2808,37.26,34.33,0.0,0.0,0.0,0.1,2.93,0.0
2809,37.26,19.57,0.0,0.0,0.0,0.1,17.69,0.0
2810,37.26,22.84,0.0,0.0,0.0,0.1,14.41,0.0
2811,37.26,16.17,0.0,0.0,0.0,0.1,21.09,0.0
2812,37.26,37.26,0.0,0.0,0.0,0.1,0.0,0.0
2813,37.26,14.85,0.0,7.6,0.0,0.1,30.0,0.0
2814,37.26,33.51,0.0,0.0,3.75,0.3523,0.0,0.0
2815,39.21,20.94,13.37,0.0,0.0,0.2143,4.9,0.0
2816,41.09,14.66,26.43,0.0,0.0,0.2143,0.0,0.0
2817,42.81,4.35,38.46,0.0,0.0,0.2143,0.0,0.0
2818,44.33,0.0,44.33,0.0,0.0,0.2143,0.0,0.0
2819,45.57,0.0,45.57,0.0,0.0,0.2143,0.0,0.0
2820,46.5,0.0,46.5,0.0,0.0,0.2143,0.0,0.0
2821,47.07,0.0,47.07,0.0,0.0,0.2143,0.0,0.0
2822,47.26,1.95,45.31,0.0,0.0,0.2143,0.0,0.0
2823,47.07,0.0,38.61,0.0,0.0,0.2143,8.45,0.0
2824,46.5,10.03,26.02,0.0,0.0,0.2143,10.45,0.0
2825,45.57,29.7,12.54,0.0,0.0,0.2143,3.34,0.0
2826,44.33,27.74,0.0,0.0,0.0,0.2143,16.59,0.0
2827,42.81,17.41,0.0,0.0,0.0,0.2143,25.41,0.0
2828,41.09,29.76,0.0,0.0,0.0,0.2143,11.33,0.0
2829,39.21,18.82,0.0,0.0,0.0,0.2143,20.39,0.0
2830,37.26,7.22,0.0,0.0,3.11,0.2143,26.93,0.0
2831,37.26,15.88,0.0,0.0,0.0,0.1,21.38,0.0
2832,37.24,37.24,0.0,0.0,0.0,0.1,0.0,0.0
2833,37.24,22.13,0.0,0.0,0.0,0.1,15.11,0.0
2834,37.24,21.45,0.0,0.0,0.0,0.1,15.79,0.0
2835,37.24,19.33,0.0,0.0,0.0,0.1,17.91,0.0
2836,37.24,37.24,0.0,0.0,0.0,0.1,0.0,0.0
2837,37.24,33.87,0.0,0.0,0.0,0.1,3.37,0.0
2838,37.24,37.16,0.0,0.0,0.0,0.1,0.08,0.0
2839,39.19,11.2,11.72,0.0,0.0,0.1,16.27,0.0
2840,41.07,13.3,26.6,6.76,0.0,0.1,7.92,0.0
2841,42.8,0.0,38.75,0.0,0.0,0.3245,4.04,0.0
2842,44.31,0.0,44.31,0.0,0.0,0.3245,0.0,0.0
2843,45.55,0.0,45.55,0.0,0.0,0.3245,0.0,0.0
2844,46.48,0.0,46.48,0.0,0.0,0.3245,0.0,0.0
2845,47.05,0.0,47.05,0.0,0.0,0.3245,0.0,0.0
2846,47.24,0.99,46.25,0.0,0.0,0.3245,0.0,0.0
2847,47.05,0.11,37.05,0.0,0.0,0.3245,9.89,0.0
2848,46.48,4.41,25.37,0.0,0.0,0.3245,16.7,0.0
2849,45.55,7.46,14.27,0.0,0.0,0.3245,23.82,0.0
2850,44.31,9.92,0.0,0.0,4.39,0.3245,30.0,0.0
2851,42.8,26.07,0.0,0.0,0.0,0.1628,16.73,0.0
2852,41.07,9.36,0.0,0.0,1.71,0.1628,30.0,0.0
2853,39.19,24.45,0.0,0.0,0.0,0.1,14.74,0.0
2854,37.24,35.83,0.0,0.0,0.0,0.1,1.41,0.0
2855,37.24,19.77,0.0,0.0,0.0,0.1,17.47,0.0
2856,37.22,17.94,0.0,10.72,0.0,0.1,30.0,0.0
2857,37.22,22.4,0.0,0.0,0.0,0.4561,14.82,0.0
2858,37.22,35.31,0.0,0.0,0.0,0.4561,1.91,0.0
2859,37.22,24.04,0.0,0.0,6.77,0.4561,6.42,0.0
2860,37.22,14.86,0.0,0.0,0.0,0.207,22.36,0.0
2861,37.22,22.48,0.0,0.0,0.0,0.207,14.74,0.0
2862,37.22,4.31,0.0,0.0,2.91,0.207,30.0,0.0
2863,39.17,19.32,13.86,0.0,0.0,0.1,5.99,0.0
2864,41.05,14.26,26.41,4.65,0.0,0.1,5.02,0.0
2865,42.78,5.17,37.6,0.0,0.0,0.2546,0.0,0.0
2866,44.29,0.0,44.29,0.0,0.0,0.2546,0.0,0.0
2867,45.53,0.0,45.53,0.0,0.0,0.2546,0.0,0.0
2868,46.46,10.58,35.87,0.0,0.0,0.2546,0.0,0.0
2869,47.03,17.75,29.27,0.0,0.0,0.2546,0.0,0.0
2870,47.22,0.36,46.86,0.0,0.0,0.2546,0.0,0.0
2871,47.03,9.05,37.98,0.0,0.0,0.2546,0.0,0.0
2872,46.46,0.0,26.54,0.0,0.0,0.2546,19.91,0.0
2873,45.53,6.86,14.14,0.0,0.0,0.2546,24.53,0.0
2874,44.29,14.86,0.0,0.0,0.0,0.2546,29.43,0.0
2875,42.78,8.76,0.0,0.0,4.02,0.2546,30.0,0.0
2876,41.05,10.87,0.0,0.0,0.18,0.1066,30.0,0.0
2877,39.17,15.55,0.0,0.0,0.0,0.1,23.62,0.0
2878,37.22,26.57,0.0,0.0,0.0,0.1,10.65,0.0
2879,37.22,22.83,0.0,8.79,0.0,0.1,23.18,0.0
2880,37.2,2.82,0.0,0.0,4.38,0.3919,30.0,0.0
2881,37.2,3.65,0.0,0.0,3.55,0.2308,30.0,0.0
2882,37.2,17.57,0.0,7.98,0.0,0.1,27.61,0.0
2883,37.2,26.48,0.0,0.0,0.0,0.365,10.72,0.0
2884,37.2,0.0,0.0,0.0,7.2,0.365,30.0,0.0
2885,37.2,12.64,0.0,0.0,0.0,0.1,24.56,0.0
2886,37.2,9.83,0.0,0.0,0.0,0.1,27.37,0.0
2887,39.15,26.14,14.4,2.31,0.0,0.1,0.93,0.0
2888,41.03,6.3,25.67,0.0,0.0,0.1768,9.06,0.0
2889,42.76,4.85,37.91,0.0,0.0,0.1768,0.0,0.0
2890,44.27,7.88,36.39,0.0,0.0,0.1768,0.0,0.0
2891,45.51,0.0,45.51,0.0,0.0,0.1768,0.0,0.0
2892,46.44,0.0,46.44,0.0,0.0,0.1768,0.0,0.0
2893,47.01,0.0,47.01,0.0,0.0,0.1768,0.0,0.0
2894,47.2,0.0,47.2,0.0,0.0,0.1768,0.0,0.0
2895,47.01,9.97,37.04,0.0,0.0,0.1768,0.0,0.0
2896,46.44,0.0,25.9,0.0,0.0,0.1768,20.54,0.0
2897,45.51,29.45,12.42,0.0,0.0,0.1768,3.65,0.0
2898,44.27,12.18,0.0,0.0,2.09,0.1768,30.0,0.0
2899,42.76,20.39,0.0,0.0,0.0,0.1,22.36,0.0
2900,41.03,19.49,0.0,8.46,0.0,0.1,30.0,0.0
2901,39.15,17.8,0.0,0.0,7.64,0.3811,13.71,0.0
2902,37.2,17.93,0.0,10.73,0.0,0.1,30.0,0.0
2903,37.2,27.77,0.0,0.0,0.0,0.4564,9.43,0.0
2904,37.18,9.77,0.0,0.0,0.0,0.4564,27.4,0.0
2905,37.18,31.77,0.0,0.0,0.0,0.4564,5.41,0.0
2906,37.18,19.29,0.0,2.81,0.0,0.4564,20.69,0.0
2907,37.18,10.7,0.0,0.0,0.0,0.5497,26.48,0.0
2908,37.18,15.36,0.0,0.0,0.0,0.5497,21.82,0.0
2909,37.18,29.79,0.0,0.0,0.0,0.5497,7.39,0.0
2910,37.18,9.6,0.0,0.0,0.0,0.5497,27.58,0.0
2911,39.13,15.85,12.37,0.0,10.92,0.5497,0.0,0.0
2912,41.01,2.75,26.83,0.0,0.0,0.1479,11.43,0.0
2913,42.73,4.0,38.73,0.0,0.0,0.1479,0.0,0.0
2914,44.25,0.0,44.25,0.0,0.0,0.1479,0.0,0.0
2915,45.49,23.56,21.94,0.0,0.0,0.1479,0.0,0.0
2916,46.42,0.0,46.42,0.0,0.0,0.1479,0.0,0.0
2917,46.99,0.0,46.99,0.0,0.0,0.1479,0.0,0.0
2918,47.18,0.42,46.76,0.0,0.0,0.1479,0.0,0.0
2919,46.99,20.66,26.32,0.0,0.0,0.1479,0.0,0.0
2920,46.42,2.87,27.15,0.0,0.0,0.1479,16.4,0.0
2921,45.49,19.65,11.8,0.0,0.0,0.1479,14.04,0.0
2922,44.25,12.95,0.0,0.0,1.3,0.1479,30.0,0.0
2923,42.73,16.78,0.0,0.0,0.0,0.1,25.95,0.0
2924,41.01,20.69,0.0,0.0,0.0,0.1,20.31,0.0
2925,39.13,24.31,0.0,0.0,0.0,0.1,14.82,0.0
2926,37.18,22.25,0.0,0.0,0.0,0.1,14.93,0.0
2927,37.18,26.49,0.0,0.0,0.0,0.1,10.69,0.0
2928,37.16,40.1,0.0,2.94,0.0,0.1,0.0,0.0
2929,37.16,33.93,0.0,0.0,0.0,0.1978,3.23,0.0
2930,37.16,31.8,0.0,12.36,0.0,0.1978,17.72,0.0
2931,37.16,17.2,0.0,0.0,0.0,0.6084,19.96,0.0
2932,37.16,10.89,0.0,0.0,0.0,0.6084,26.27,0.0
2933,37.16,26.67,0.0,0.0,0.0,0.6084,10.49,0.0
2934,37.16,23.34,0.0,0.0,13.81,0.6084,0.0,0.0
2935,39.11,26.67,12.44,0.0,0.0,0.1,0.0,0.0
2936,40.98,3.85,27.75,0.0,0.0,0.1,9.39,0.0
2937,42.71,5.5,37.22,0.0,0.0,0.1,0.0,0.0
2938,44.23,0.0,44.23,0.0,0.0,0.1,0.0,0.0
2939,45.47,0.0,45.47,0.0,0.0,0.1,0.0,0.0
2940,46.4,14.69,31.71,0.0,0.0,0.1,0.0,0.0
2941,46.97,0.0,46.97,0.0,0.0,0.1,0.0,0.0
2942,47.16,0.0,47.16,0.0,0.0,0.1,0.0,0.0
2943,46.97,5.88,37.06,0.0,0.0,0.1,4.03,0.0
2944,46.4,12.99,27.72,17.16,0.0,0.1,22.85,0.0
2945,45.47,0.87,11.82,0.0,2.78,0.6701,30.0,0.0
2946,44.23,15.56,0.0,0.0,0.0,0.5679,28.67,0.0
2947,42.71,0.0,0.0,0.0,12.71,0.5679,30.0,0.0
2948,40.98,17.8,0.0,3.86,0.0,0.1,27.04,0.0
2949,39.11,5.63,0.0,0.0,3.48,0.2281,30.0,0.0
2950,37.16,35.12,0.0,0.0,0.0,0.1,2.04,0.0
2951,37.16,31.88,0.0,0.0,0.0,0.1,5.28,0.0
2952,37.14,29.01,0.0,0.0,0.0,0.1,8.12,0.0
2953,37.14,39.06,0.0,1.92,0.0,0.1,0.0,0.0
2954,37.14,13.76,0.0,0.0,0.0,0.1639,23.38,0.0
2955,37.14,37.14,0.0,0.0,0.0,0.1639,0.0,0.0
2956,37.14,28.67,0.0,0.0,0.0,0.1639,8.46,0.0
2957,37.14,14.79,0.0,0.0,0.0,0.1639,22.34,0.0
2958,37.14,25.75,0.0,18.62,0.0,0.1639,30.0,0.0
2959,39.09,1.13,12.74,0.0,13.95,0.7823,11.26,0.0
2960,40.96,1.53,27.0,0.0,0.0,0.269,12.43,0.0
2961,42.69,1.62,36.99,0.0,0.0,0.269,4.08,0.0
2962,44.21,0.0,44.21,0.0,0.0,0.269,0.0,0.0
2963,45.45,0.0,45.45,0.0,0.0,0.269,0.0,0.0
2964,46.37,16.77,29.6,0.0,0.0,0.269,0.0,0.0
2965,46.94,0.0,46.94,0.0,0.0,0.269,0.0,0.0
2966,47.14,0.0,47.14,0.0,0.0,0.269,0.0,0.0
2967,46.94,2.0,36.93,0.0,0.0,0.269,8.02,0.0
2968,46.37,0.0,25.36,0.0,0.0,0.269,21.02,0.0
2969,45.45,14.68,13.14,12.37,0.0,0.269,30.0,0.0
2970,44.21,0.0,0.0,0.0,14.21,0.6799,30.0,0.0
2971,42.69,16.45,0.0,3.75,0.0,0.157,30.0,0.0
2972,40.96,6.02,0.0,0.0,4.94,0.2817,30.0,0.0
2973,39.09,41.1,0.0,5.61,0.0,0.1,3.6,0.0
2974,37.14,32.07,0.0,0.0,5.06,0.2864,0.0,0.0
2975,37.14,25.12,0.0,0.0,0.0,0.1,12.01,0.0
2976,37.11,36.72,0.0,0.0,0.0,0.1,0.4,0.0
2977,37.11,15.61,0.0,0.0,0.0,0.1,21.51,0.0
2978,37.11,28.31,0.0,10.11,0.0,0.1,18.92,0.0
2979,37.11,23.36,0.0,0.0,0.0,0.4359,13.75,0.0
2980,37.11,21.95,0.0,0.0,0.0,0.4359,15.16,0.0
2981,37.11,29.5,0.0,0.0,0.0,0.4359,7.61,0.0
2982,37.11,21.64,0.0,0.0,0.0,0.4359,15.47,0.0
2983,39.06,14.72,12.22,0.0,0.0,0.4359,12.13,0.0
2984,40.94,0.0,25.96,0.0,0.0,0.4359,14.98,0.0
2985,42.67,0.0,38.13,0.0,0.0,0.4359,4.54,0.0
2986,44.18,4.7,39.49,0.0,0.0,0.4359,0.0,0.0
2987,45.43,5.84,39.59,0.0,0.0,0.4359,0.0,0.0
2988,46.35,0.0,46.35,0.0,0.0,0.4359,0.0,0.0
2989,46.92,28.66,18.26,0.0,0.0,0.4359,0.0,0.0
2990,47.11,20.83,26.28,0.0,0.0,0.4359,0.0,0.0
2991,46.92,8.54,38.38,0.0,0.0,0.4359,0.0,0.0
2992,46.35,10.22,27.09,0.0,0.0,0.4359,9.05,0.0
2993,45.43,9.79,13.09,0.0,0.0,0.4359,22.55,0.0
2994,44.18,5.06,0.0,0.0,9.13,0.4359,30.0,0.0
2995,42.67,17.74,0.0,0.0,0.0,0.1,24.93,0.0
2996,40.94,21.89,0.0,0.0,0.0,0.1,19.05,0.0
2997,39.06,9.17,0.0,0.0,0.0,0.1,29.9,0.0
2998,37.11,26.25,0.0,0.0,0.0,0.1,10.87,0.0
2999,37.11,22.41,0.0,1.93,0.0,0.1,16.63,0.0
3000,37.09,5.35,0.0,0.0,1.74,0.1641,30.0,0.0
3001,37.09,15.33,0.0,0.0,0.0,0.1,21.76,0.0
3002,37.09,18.74,0.0,0.0,0.0,0.1,18.35,0.0
3003,37.09,37.09,0.0,0.0,0.0,0.1,0.0,0.0
3004,37.09,24.69,0.0,3.77,0.0,0.1,16.17,0.0
3005,37.09,3.69,0.0,0.0,3.4,0.2252,30.0,0.0
3006,37.09,19.07,0.0,7.15,0.0,0.1,25.17,0.0
3007,39.04,0.0,14.59,0.0,0.0,0.3376,24.45,0.0
3008,40.92,13.33,27.59,0.0,0.0,0.3376,0.0,0.0
3009,42.65,2.69,37.27,0.0,0.0,0.3376,2.69,0.0
3010,44.16,4.84,39.32,0.0,0.0,0.3376,0.0,0.0
3011,45.4,17.83,27.57,0.0,0.0,0.3376,0.0,0.0
3012,46.33,0.0,46.33,0.0,0.0,0.3376,0.0,0.0
3013,46.9,0.0,46.9,0.0,0.0,0.3376,0.0,0.0
3014,47.09,0.0,47.09,0.0,0.0,0.3376,0.0,0.0
3015,46.9,7.5,39.39,0.0,0.0,0.3376,0.0,0.0
3016,46.33,0.0,25.33,0.0,0.0,0.3376,21.0,0.0
3017,45.4,0.0,13.26,0.0,2.14,0.3376,30.0,0.0
3018,44.16,9.85,0.0,0.0,4.32,0.2588,30.0,0.0
3019,42.65,22.27,0.0,0.0,0.0,0.1,20.38,0.0
3020,40.92,31.03,0.0,0.0,0.0,0.1,9.89,0.0
3021,39.04,16.69,0.0,7.65,0.0,0.1,30.0,0.0
3022,37.09,18.76,0.0,0.0,0.0,0.354,18.33,0.0
3023,37.09,35.16,0.0,0.0,0.0,0.354,1.93,0.0
3024,37.07,5.58,0.0,0.0,6.9,0.354,24.58,0.0
3025,37.07,19.83,0.0,12.77,0.0,0.1,30.0,0.0
3026,37.07,24.55,0.0,0.0,11.52,0.524,1.0,0.0
3027,37.07,25.53,0.0,18.46,0.0,0.1,30.0,0.0
3028,37.07,14.05,0.0,5.62,0.0,0.7133,28.64,0.0
3029,37.07,17.03,0.0,0.0,0.0,0.9,20.03,0.0
3030,37.07,0.0,0.0,0.0,21.74,0.9,15.33,0.0
3031,39.02,5.12,14.67,9.07,0.0,0.1,28.3,0.0
3032,40.89,13.69,26.84,0.0,0.0,0.4014,0.36,0.0
3033,42.62,0.0,37.15,0.0,0.0,0.4014,5.47,0.0
3034,44.14,0.0,44.14,0.0,0.0,0.4014,0.0,0.0
3035,45.38,0.0,45.38,0.0,0.0,0.4014,0.0,0.0
3036,46.3,0.0,46.3,0.0,0.0,0.4014,0.0,0.0
3037,46.87,0.0,46.87,0.0,0.0,0.4014,0.0,0.0
3038,47.07,0.0,47.07,0.0,0.0,0.4014,0.0,0.0
3039,46.87,5.15,39.2,0.0,0.0,0.4014,2.52,0.0
3040,46.3,15.23,27.35,0.0,0.0,0.4014,3.72,0.0
3041,45.38,13.14,12.17,0.0,0.0,0.4014,20.06,0.0
3042,44.14,8.37,0.0,0.0,5.77,0.4014,30.0,0.0
3043,42.62,18.9,0.0,6.28,0.0,0.1892,30.0,0.0
3044,40.89,26.1,0.0,0.0,0.0,0.3978,14.79,0.0
3045,39.02,0.93,0.0,0.0,8.09,0.3978,30.0,0.0
3046,37.07,34.08,0.0,0.0,0.0,0.1,2.98,0.0
3047,37.07,20.35,0.0,0.0,0.0,0.1,16.72,0.0
3048,37.04,28.04,0.0,0.0,0.0,0.1,9.0,0.0
3049,37.04,35.3,0.0,0.0,0.0,0.1,1.74,0.0
3050,37.04,9.03,0.0,0.0,0.0,0.1,28.01,0.0
3051,37.04,13.98,0.0,0.0,0.0,0.1,23.06,0.0
3052,37.04,16.09,0.0,0.0,0.0,0.1,20.95,0.0
3053,37.04,8.84,0.0,0.0,0.0,0.1,28.2,0.0
3054,37.04,31.09,0.0,0.0,0.0,0.1,5.95,0.0
3055,38.99,3.02,11.81,0.0,0.0,0.1,24.16,0.0
3056,40.87,3.61,25.7,0.0,0.0,0.1,11.55,0.0
3057,42.6,3.71,38.88,0.0,0.0,0.1,0.0,0.0
3058,44.11,0.0,44.11,0.0,0.0,0.1,0.0,0.0
3059,45.36,0.6,44.75,0.0,0.0,0.1,0.0,0.0
3060,46.28,0.0,46.28,0.0,0.0,0.1,0.0,0.0
3061,46.85,0.0,46.85,0.0,0.0,0.1,0.0,0.0
3062,47.04,0.25,46.79,0.0,0.0,0.1,0.0,0.0
3063,46.85,1.83,38.62,0.0,0.0,0.1,6.39,0.0
3064,46.28,0.0,27.12,0.0,0.0,0.1,19.16,0.0
3065,45.36,14.63,12.54,0.0,0.0,0.1,18.19,0.0
3066,44.11,31.28,0.0,0.0,0.0,0.1,12.83,0.0
3067,42.6,16.74,0.0,0.0,0.0,0.1,25.86,0.0
3068,40.87,21.15,0.0,0.0,0.0,0.1,19.72,0.0
3069,38.99,27.79,0.0,0.0,0.0,0.1,11.2,0.0
3070,37.04,10.04,0.0,0.0,0.0,0.1,27.01,0.0
3071,37.04,37.04,0.0,0.0,0.0,0.1,0.0,0.0
3072,37.02,25.71,0.0,0.0,0.0,0.1,11.31,0.0
3073,37.02,37.02,0.0,0.0,0.0,0.1,0.0,0.0
3074,37.02,15.18,0.0,0.0,0.0,0.1,21.84,0.0
3075,37.02,37.02,0.0,0.0,0.0,0.1,0.0,0.0
3076,37.02,26.42,0.0,19.04,0.0,0.1,29.64,0.0
3077,37.02,21.86,0.0,0.0,0.0,0.7326,15.15,0.0
3078,37.02,16.17,0.0,0.0,0.0,0.7326,20.84,0.0
3079,38.97,8.87,13.73,0.0,0.0,0.7326,16.36,0.0
3080,40.84,14.96,25.88,0.0,0.0,0.7326,0.0,0.0
3081,42.57,4.45,38.12,0.0,0.0,0.7326,0.0,0.0
3082,44.09,0.0,44.09,0.0,0.0,0.7326,0.0,0.0
3083,45.33,0.0,45.33,0.0,0.0,0.7326,0.0,0.0
3084,46.25,2.19,44.06,0.0,0.0,0.7326,0.0,0.0
3085,46.82,0.0,46.82,0.0,0.0,0.7326,0.0,0.0
3086,47.02,0.45,46.57,0.0,0.0,0.7326,0.0,0.0
3087,46.82,7.82,39.0,0.0,0.0,0.7326,0.0,0.0
3088,46.25,0.0,26.83,0.0,0.0,0.7326,19.42,0.0
3089,45.33,12.73,12.42,0.0,0.0,0.7326,20.18,0.0
3090,44.09,0.0,0.0,0.0,14.09,0.7326,30.0,0.0
3091,42.57,23.9,0.0,0.0,0.0,0.2141,18.67,0.0
3092,40.84,17.86,0.0,0.0,0.0,0.2141,22.98,0.0
3093,38.97,24.96,0.0,0.0,0.0,0.2141,14.0,0.0
3094,37.02,13.89,0.0,0.0,0.0,0.2141,23.13,0.0
3095,37.02,35.98,0.0,0.0,0.0,0.2141,1.04,0.0
3096,36.99,33.84,0.0,0.0,0.0,0.2141,3.16,0.0
3097,36.99,28.99,0.0,0.0,0.0,0.2141,8.0,0.0
3098,36.99,20.98,0.0,0.0,0.0,0.2141,16.01,0.0
3099,36.99,26.4,0.0,0.0,0.0,0.2141,10.59,0.0
3100,36.99,11.7,0.0,0.0,0.0,0.2141,25.29,0.0
3101,36.99,24.71,0.0,0.0,0.0,0.2141,12.29,0.0
3102,36.99,29.97,0.0,0.0,0.0,0.2141,7.02,0.0
3103,38.94,21.73,12.57,0.0,0.0,0.2141,4.64,0.0
3104,40.82,1.63,27.55,0.0,0.0,0.2141,11.64,0.0
3105,42.55,2.48,40.06,0.0,0.0,0.2141,0.0,0.0
3106,44.06,0.0,44.06,0.0,0.0,0.2141,0.0,0.0
3107,45.31,0.0,45.31,0.0,0.0,0.2141,0.0,0.0
3108,46.23,0.0,46.23,0.0,0.0,0.2141,0.0,0.0
3109,46.8,0.0,46.8,0.0,0.0,0.2141,0.0,0.0
3110,46.99,0.0,46.84,0.0,0.0,0.2141,0.15,0.0
3111,46.8,3.98,37.93,0.0,0.0,0.2141,4.88,0.0
3112,46.23,5.85,26.41,0.0,0.0,0.2141,13.97,0.0
3113,45.31,0.0,12.2,0.0,3.1,0.2141,30.0,0.0
3114,44.06,17.56,0.0,0.0,0.0,0.1,26.5,0.0
3115,42.55,18.76,0.0,0.0,0.0,0.1,23.79,0.0
3116,40.82,16.74,0.0,0.0,0.0,0.1,24.07,0.0
3117,38.94,13.25,0.0,0.0,0.0,0.1,25.69,0.0
3118,36.99,32.58,0.0,0.0,0.0,0.1,4.41,0.0
3119,36.99,36.99,0.0,0.0,0.0,0.1,0.0,0.0
3120,36.96,18.68,0.0,0.0,0.0,0.1,18.28,0.0
3121,36.96,17.08,0.0,0.0,0.0,0.1,19.88,0.0
3122,36.96,26.96,0.0,0.0,0.0,0.1,10.0,0.0
3123,36.96,17.04,0.0,0.0,0.0,0.1,19.93,0.0
3124,36.96,17.15,0.0,0.0,0.0,0.1,19.81,0.0
3125,36.96,23.43,0.0,16.47,0.0,0.1,30.0,0.0
3126,36.96,0.0,0.0,0.0,14.22,0.6469,22.74,0.0
3127,38.92,24.03,14.75,0.0,0.0,0.1235,0.14,0.0
3128,40.79,9.39,27.29,0.0,0.0,0.1235,4.11,0.0
3129,42.52,2.09,40.43,0.0,0.0,0.1235,0.0,0.0
3130,44.04,4.19,39.84,0.0,0.0,0.1235,0.0,0.0
3131,45.28,3.72,41.56,0.0,0.0,0.1235,0.0,0.0
3132,46.2,0.0,46.2,0.0,0.0,0.1235,0.0,0.0
3133,46.77,18.81,27.96,0.0,0.0,0.1235,0.0,0.0
3134,46.96,0.0,46.96,0.0,0.0,0.1235,0.0,0.0
3135,46.77,6.4,40.37,0.0,0.0,0.1235,0.0,0.0
3136,46.2,18.05,27.52,0.0,0.0,0.1235,0.64,0.0
3137,45.28,1.0,13.64,0.0,0.64,0.1235,30.0,0.0
3138,44.04,18.26,0.0,0.0,0.0,0.1,25.77,0.0
3139,42.52,13.51,0.0,0.0,0.0,0.1,29.01,0.0
3140,40.79,26.86,0.0,9.88,0.0,0.1,23.81,0.0
3141,38.92,0.0,0.0,0.0,8.92,0.4281,30.0,0.0
3142,36.96,21.15,0.0,0.0,0.0,0.1,15.81,0.0
3143,36.96,17.17,0.0,0.0,0.0,0.1,19.79,0.0
3144,36.94,27.57,0.0,0.0,0.0,0.1,9.37,0.0
3145,36.94,27.6,0.0,0.0,0.0,0.1,9.33,0.0
3146,36.94,15.03,0.0,0.0,0.0,0.1,21.91,0.0
3147,36.94,13.42,0.0,0.0,0.0,0.1,23.52,0.0
3148,36.94,17.3,0.0,0.0,0.0,0.1,19.64,0.0
3149,36.94,7.19,0.0,0.0,0.0,0.1,29.75,0.0
3150,36.94,21.76,0.0,14.82,0.0,0.1,30.0,0.0
3151,38.89,7.28,12.26,0.0,13.37,0.5923,5.97,0.0
3152,40.76,0.0,27.37,0.0,0.0,0.1,13.39,0.0
3153,42.49,2.82,38.9,19.75,0.0,0.1,20.52,0.0
3154,44.01,0.0,44.01,0.0,0.0,0.756,0.0,0.0
3155,45.25,0.0,45.25,0.0,0.0,0.756,0.0,0.0
3156,46.18,0.0,46.18,0.0,0.0,0.756,0.0,0.0
3157,46.75,0.0,46.75,0.0,0.0,0.756,0.0,0.0
3158,46.94,18.02,28.92,0.0,0.0,0.756,0.0,0.0
3159,46.75,9.59,37.16,0.0,0.0,0.756,0.0,0.0
3160,46.18,2.57,28.25,0.0,0.0,0.756,15.36,0.0
3161,45.25,15.41,13.88,0.0,0.0,0.756,15.97,0.0
3162,44.01,8.95,0.0,0.0,5.06,0.756,30.0,0.0
3163,42.49,9.18,0.0,0.0,3.32,0.5697,30.0,0.0
3164,40.76,7.02,0.0,0.0,3.74,0.4476,30.0,0.0
3165,38.89,3.18,0.0,0.0,5.71,0.31,30.0,0.0
3166,36.94,18.15,0.0,0.0,0.0,0.1,18.78,0.0
3167,36.94,24.53,0.0,0.0,0.0,0.1,12.4,0.0
3168,36.91,22.23,0.0,0.0,0.0,0.1,14.68,0.0
3169,36.91,18.75,0.0,11.84,0.0,0.1,30.0,0.0
3170,36.91,12.55,0.0,5.64,0.0,0.4933,30.0,0.0
3171,36.91,26.29,0.0,0.0,10.62,0.6808,0.0,0.0
3172,36.91,5.29,0.0,0.0,5.16,0.2898,26.46,0.0
3173,36.91,23.53,0.0,16.62,0.0,0.1,30.0,0.0
3174,36.91,3.47,0.0,0.0,3.44,0.6519,30.0,0.0
3175,38.86,3.38,13.62,0.0,0.0,0.5253,21.86,0.0
3176,40.74,0.0,27.83,0.0,11.56,0.5253,1.35,0.0
3177,42.47,1.44,38.76,0.0,0.0,0.1,2.27,0.0
3178,43.98,0.0,43.98,0.0,0.0,0.1,0.0,0.0
3179,45.22,0.0,45.22,0.0,0.0,0.1,0.0,0.0
3180,46.15,0.0,46.15,0.0,0.0,0.1,0.0,0.0
3181,46.72,0.0,46.72,0.0,0.0,0.1,0.0,0.0
3182,46.91,0.0,46.91,0.0,0.0,0.1,0.0,0.0
3183,46.72,3.12,40.59,0.0,0.0,0.1,3.01,0.0
3184,46.15,0.73,28.34,0.0,0.0,0.1,17.07,0.0
3185,45.22,23.89,14.56,23.22,0.0,0.1,30.0,0.0
3186,43.98,1.55,0.0,0.0,20.96,0.8714,21.47,0.0
3187,42.47,24.68,0.0,0.61,0.0,0.1,18.39,0.0
3188,40.74,27.05,0.0,0.0,0.0,0.1202,13.69,0.0
3189,38.86,38.31,0.0,0.0,0.55,0.1202,0.0,0.0
3190,36.91,17.83,0.0,0.0,0.0,0.1,19.08,0.0
3191,36.91,29.86,0.0,0.0,0.0,0.1,7.05,0.0
3192,36.88,45.52,0.0,24.08,0.0,0.1,15.45,0.0
3193,36.88,16.64,0.0,0.0,0.0,0.9,20.24,0.0
3194,36.88,6.62,0.0,0.0,0.26,0.9,30.0,0.0
3195,36.88,1.66,0.0,0.0,5.22,0.8904,30.0,0.0
3196,36.88,25.15,0.0,0.0,3.5,0.6983,8.24,0.0
3197,36.88,0.0,0.0,0.0,6.88,0.5696,30.0,0.0
3198,36.88,9.54,0.0,2.66,0.0,0.3163,30.0,0.0
3199,38.83,14.97,12.3,0.0,0.0,0.4047,11.57,0.0
3200,40.71,10.11,27.94,0.0,0.0,0.4047,2.66,0.0
3201,42.44,3.91,38.53,0.0,0.0,0.4047,0.0,0.0
3202,43.95,0.0,43.95,0.0,0.0,0.4047,0.0,0.0
3203,45.2,16.29,28.91,0.0,0.0,0.4047,0.0,0.0
3204,46.12,0.0,46.12,0.0,0.0,0.4047,0.0,0.0
3205,46.69,0.0,46.69,0.0,0.0,0.4047,0.0,0.0
3206,46.88,0.0,46.88,0.0,0.0,0.4047,0.0,0.0
3207,46.69,7.42,39.27,0.0,0.0,0.4047,0.0,0.0
3208,46.12,17.15,27.28,0.0,0.0,0.4047,1.69,0.0
3209,45.2,15.1,14.83,0.0,0.0,0.4047,15.26,0.0
3210,43.95,24.86,0.0,0.0,0.0,0.4047,19.09,0.0
3211,42.44,4.16,0.0,0.0,8.28,0.4047,30.0,0.0
3212,40.71,34.55,0.0,0.0,0.0,0.1,6.16,0.0
3213,38.83,35.17,0.0,8.76,0.0,0.1,12.42,0.0
3214,36.88,28.98,0.0,0.0,7.9,0.3909,0.0,0.0
3215,36.88,40.26,0.0,3.38,0.0,0.1,0.0,0.0
3216,36.85,6.62,0.0,0.0,3.05,0.2122,27.19,0.0
3217,36.85,17.43,0.0,0.0,0.0,0.1,19.42,0.0
3218,36.85,14.37,0.0,0.0,0.0,0.1,22.48,0.0
3219,36.85,27.15,0.0,0.0,0.0,0.1,9.71,0.0
3220,36.85,7.67,0.0,0.0,0.0,0.1,29.19,0.0
3221,36.85,23.09,0.0,0.0,0.0,0.1,13.77,0.0
3222,36.85,26.58,0.0,0.0,0.0,0.1,10.28,0.0
3223,38.8,17.38,14.71,0.0,0.0,0.1,6.71,0.0
3224,40.68,10.95,28.83,0.0,0.0,0.1,0.9,0.0
3225,42.41,0.0,40.87,0.0,0.0,0.1,1.54,0.0
3226,43.92,0.0,43.92,0.0,0.0,0.1,0.0,0.0
3227,45.17,15.87,29.29,0.0,0.0,0.1,0.0,0.0
3228,46.09,0.0,46.09,0.0,0.0,0.1,0.0,0.0
3229,46.66,0.0,46.66,0.0,0.0,0.1,0.0,0.0
3230,46.85,0.0,46.85,0.0,0.0,0.1,0.0,0.0
3231,46.66,0.0,37.96,21.3,0.0,0.1,30.0,0.0
3232,46.09,0.0,27.57,0.0,0.0,0.8074,18.52,0.0
3233,45.17,29.35,12.56,2.79,0.0,0.8074,6.05,0.0
3234,43.92,0.48,0.0,0.0,21.74,0.9,21.71,0.0
3235,42.41,17.5,0.0,0.0,0.0,0.1,24.91,0.0
3236,40.68,27.92,0.0,1.24,0.0,0.1,13.99,0.0
3237,38.8,7.69,0.0,0.0,1.12,0.1411,30.0,0.0
3238,36.85,23.43,0.0,0.0,0.0,0.1,13.43,0.0
3239,36.85,31.83,0.0,15.4,0.0,0.1,20.43,0.0
3240,36.82,22.93,0.0,0.0,13.9,0.6115,0.0,0.0
3241,36.82,50.71,0.0,13.88,0.0,0.1,0.0,0.0
3242,36.82,5.06,0.0,0.0,1.77,0.5612,30.0,0.0
3243,36.82,30.34,0.0,12.16,0.0,0.4961,18.64,0.0
3244,36.82,16.18,0.0,0.0,0.0,0.9,20.65,0.0
3245,36.82,23.11,0.0,0.0,0.0,0.9,13.72,0.0
3246,36.82,17.3,0.0,0.0,0.0,0.9,19.52,0.0
3247,38.77,3.19,13.41,0.0,15.61,0.9,6.56,0.0
3248,40.65,10.29,26.04,0.0,0.0,0.3253,4.32,0.0
3249,42.38,0.0,40.01,0.0,0.0,0.3253,2.37,0.0
3250,43.89,0.0,43.89,0.0,0.0,0.3253,0.0,0.0
3251,45.14,0.0,45.14,0.0,0.0,0.3253,0.0,0.0
3252,46.06,0.0,46.06,0.0,0.0,0.3253,0.0,0.0
3253,46.63,0.0,46.63,0.0,0.0,0.3253,0.0,0.0
3254,46.82,0.0,46.82,0.0,0.0,0.3253,0.0,0.0
3255,46.63,7.45,39.18,0.0,0.0,0.3253,0.0,0.0
3256,46.06,0.0,26.02,0.0,0.0,0.3253,20.04,0.0
3257,45.14,3.4,12.13,0.0,0.0,0.3253,29.61,0.0
3258,43.89,24.64,0.0,0.0,0.0,0.3253,19.25,0.0
3259,42.38,29.65,0.0,0.0,0.0,0.3253,12.73,0.0
3260,40.65,15.54,0.0,0.0,0.0,0.3253,25.12,0.0
3261,38.77,20.37,0.0,0.0,0.0,0.3253,18.4,0.0
3262,36.82,12.58,0.0,0.0,0.0,0.3253,24.25,0.0
3263,36.82,34.01,0.0,0.0,0.0,0.3253,2.81,0.0
3264,36.79,29.23,0.0,0.0,0.0,0.3253,7.56,0.0
3265,36.79,41.46,0.0,4.66,0.0,0.3253,0.0,0.0
3266,36.79,12.71,0.0,0.0,0.0,0.4802,24.08,0.0
3267,36.79,16.07,0.0,0.0,0.0,0.4802,20.72,0.0
3268,36.79,20.04,0.0,0.0,0.0,0.4802,16.76,0.0
3269,36.79,21.75,0.0,0.0,0.0,0.4802,15.05,0.0
3270,36.79,10.71,0.0,3.92,0.0,0.4802,30.0,0.0
3271,38.75,1.69,14.83,0.0,0.0,0.6103,22.23,0.0
3272,40.62,13.16,27.46,0.0,0.0,0.6103,0.0,0.0
3273,42.35,2.59,39.76,0.0,0.0,0.6103,0.0,0.0
3274,43.87,0.0,43.87,0.0,0.0,0.6103,0.0,0.0
3275,45.11,16.67,28.44,0.0,0.0,0.6103,0.0,0.0
3276,46.03,0.0,46.03,0.0,0.0,0.6103,0.0,0.0
3277,46.6,0.0,46.6,0.0,0.0,0.6103,0.0,0.0
3278,46.79,0.0,46.79,0.0,0.0,0.6103,0.0,0.0
3279,46.6,6.76,39.84,0.0,0.0,0.6103,0.0,0.0
3280,46.03,0.0,26.52,0.0,0.0,0.6103,19.52,0.0
3281,45.11,10.58,12.73,0.0,0.0,0.6103,21.8,0.0
3282,43.87,0.0,0.0,0.0,13.87,0.6103,30.0,0.0
3283,42.35,24.01,0.0,11.66,0.0,0.1,30.0,0.0
3284,40.62,2.38,0.0,0.0,10.52,0.4874,27.71,0.0
3285,38.75,34.6,0.0,0.0,0.0,0.1,4.15,0.0
3286,36.79,18.11,0.0,0.0,0.0,0.1,18.68,0.0
3287,36.79,20.26,0.0,0.0,0.0,0.1,16.53,0.0
3288,36.76,16.38,0.0,0.0,0.0,0.1,20.38,0.0
3289,36.76,19.39,0.0,0.0,0.0,0.1,17.38,0.0
3290,36.76,35.21,0.0,24.08,0.0,0.1,25.64,0.0
3291,36.76,0.0,0.0,0.0,21.74,0.9,15.03,0.0
3292,36.76,30.21,0.0,6.57,0.0,0.1,13.13,0.0
3293,36.76,18.59,0.0,0.0,0.0,0.3184,18.17,0.0
3294,36.76,0.83,0.0,0.0,5.93,0.3184,30.0,0.0
3295,38.71,0.0,13.17,0.0,0.0,0.1,25.54,0.0
3296,40.59,24.3,16.29,0.0,0.0,0.1,0.0,0.0
3297,42.32,0.0,39.6,0.0,0.0,0.1,2.72,0.0
3298,43.84,0.0,43.84,0.0,0.0,0.1,0.0,0.0
3299,45.08,14.4,30.68,0.0,0.0,0.1,0.0,0.0
3300,46.0,0.0,46.0,0.0,0.0,0.1,0.0,0.0
3301,46.57,0.0,46.57,0.0,0.0,0.1,0.0,0.0
3302,46.76,0.0,46.76,0.0,0.0,0.1,0.0,0.0
3303,46.57,0.0,39.91,0.0,0.0,0.1,6.67,0.0
3304,46.0,18.63,27.01,0.0,0.0,0.1,0.37,0.0
3305,45.08,20.62,13.7,0.0,0.0,0.1,10.76,0.0
3306,43.84,17.95,0.0,0.0,0.0,0.1,25.88,0.0
3307,42.32,18.82,0.0,0.0,0.0,0.1,23.5,0.0
3308,40.59,34.98,0.0,0.0,0.0,0.1,5.61,0.0
3309,38.71,19.67,0.0,0.0,0.0,0.1,19.04,0.0
3310,36.76,9.6,0.0,0.0,0.0,0.1,27.16,0.0
3311,36.76,26.65,0.0,0.0,0.0,0.1,10.11,0.0
3312,36.73,42.98,0.0,6.25,0.0,0.1,0.0,0.0
3313,36.73,12.11,0.0,0.0,0.0,0.3075,24.62,0.0
3314,36.73,17.56,0.0,0.0,0.0,0.3075,19.17,0.0
3315,36.73,23.66,0.0,0.0,0.0,0.3075,13.08,0.0
3316,36.73,16.99,0.0,0.0,0.0,0.3075,19.75,0.0
3317,36.73,5.47,0.0,0.0,5.64,0.3075,25.62,0.0
3318,36.73,23.64,0.0,0.0,0.0,0.1,13.09,0.0
3319,38.68,32.89,13.5,7.7,0.0,0.1,0.0,0.0
3320,40.56,9.6,26.49,0.0,4.47,0.3559,0.0,0.0
3321,42.29,0.0,38.76,0.0,0.0,0.1914,3.53,0.0
3322,43.8,0.0,43.8,0.0,0.0,0.1914,0.0,0.0
3323,45.05,5.63,39.42,0.0,0.0,0.1914,0.0,0.0
3324,45.97,0.0,45.97,0.0,0.0,0.1914,0.0,0.0
3325,46.54,0.0,46.54,0.0,0.0,0.1914,0.0,0.0
3326,46.73,0.0,46.73,0.0,0.0,0.1914,0.0,0.0
3327,46.54,0.0,41.0,0.0,0.0,0.1914,5.54,0.0
3328,45.97,0.0,27.95,10.87,0.0,0.1914,28.88,0.0
3329,45.05,18.27,14.13,0.0,0.0,0.5523,12.65,0.0
3330,43.8,21.59,0.0,0.0,0.0,0.5523,22.21,0.0
3331,42.29,0.0,0.0,0.0,12.29,0.5523,30.0,0.0
3332,40.56,33.17,0.0,0.0,0.0,0.1,7.39,0.0
3333,38.68,25.21,0.0,0.36,0.0,0.1,13.84,0.0
3334,36.73,34.9,0.0,0.0,0.0,0.1121,1.83,0.0
3335,36.73,8.89,0.0,0.0,0.0,0.1121,27.84,0.0
3336,36.7,8.88,0.0,2.18,0.0,0.1121,30.0,0.0
3337,36.7,20.52,0.0,13.82,0.0,0.1843,30.0,0.0
3338,36.7,25.96,0.0,0.0,0.0,0.6434,10.75,0.0
3339,36.7,36.7,0.0,0.0,0.0,0.6434,0.0,0.0
3340,36.7,24.35,0.0,0.0,0.0,0.6434,12.35,0.0
3341,36.7,12.64,0.0,5.94,0.0,0.6434,30.0,0.0
3342,36.7,2.37,0.0,0.0,4.33,0.8406,30.0,0.0
3343,38.65,22.04,14.08,0.0,0.0,0.6813,2.54,0.0
3344,40.53,0.0,28.53,0.0,0.0,0.6813,12.0,0.0
3345,42.26,1.18,41.07,0.0,0.0,0.6813,0.0,0.0
3346,43.77,0.0,43.77,0.0,0.0,0.6813,0.0,0.0
3347,45.02,18.63,26.39,0.0,0.0,0.6813,0.0,0.0
3348,45.94,0.0,45.94,0.0,0.0,0.6813,0.0,0.0
3349,46.51,0.0,46.51,0.0,0.0,0.6813,0.0,0.0
3350,46.7,0.0,46.7,0.0,0.0,0.6813,0.0,0.0
3351,46.51,2.16,39.53,0.0,0.0,0.6813,4.81,0.0
3352,45.94,11.77,28.84,0.0,0.0,0.6813,5.33,0.0
3353,45.02,10.69,13.61,0.0,0.0,0.6813,20.71,0.0
3354,43.77,6.63,0.0,0.0,7.14,0.6813,30.0,0.0
3355,42.26,13.4,0.0,0.0,0.0,0.4185,28.86,0.0
3356,40.53,18.18,0.0,0.0,0.0,0.4185,22.35,0.0
3357,38.65,0.0,0.0,0.0,8.65,0.4185,30.0,0.0
3358,36.7,25.52,0.0,6.14,0.0,0.1,17.32,0.0
3359,36.7,12.34,0.0,0.0,0.0,0.3038,24.36,0.0
3360,36.67,10.86,0.0,0.0,0.0,0.3038,25.82,0.0
3361,36.67,5.26,0.0,0.0,1.41,0.3038,30.0,0.0
3362,36.67,3.23,0.0,0.0,3.44,0.252,30.0,0.0
3363,36.67,5.98,0.0,0.0,0.69,0.1253,30.0,0.0
3364,36.67,10.31,0.0,0.0,0.0,0.1,26.36,0.0
3365,36.67,34.14,0.0,19.85,0.0,0.1,22.37,0.0
3366,36.67,7.19,0.0,0.0,0.0,0.7593,29.48,0.0
3367,38.62,11.57,12.48,0.0,14.57,0.7593,0.0,0.0
3368,40.5,11.38,27.3,0.0,0.0,0.2229,1.81,0.0
3369,42.23,3.23,39.0,0.0,0.0,0.2229,0.0,0.0
3370,43.74,0.0,43.74,0.0,0.0,0.2229,0.0,0.0
3371,44.98,0.0,44.98,0.0,0.0,0.2229,0.0,0.0
3372,45.91,16.8,29.1,0.0,0.0,0.2229,0.0,0.0
3373,46.48,20.65,25.83,0.0,0.0,0.2229,0.0,0.0
3374,46.67,0.0,46.67,0.0,0.0,0.2229,0.0,0.0
3375,46.48,0.0,40.58,0.0,0.0,0.2229,5.9,0.0
3376,45.91,4.69,28.86,0.0,0.0,0.2229,12.36,0.0
3377,44.98,0.32,12.55,0.0,2.11,0.2229,30.0,0.0
3378,43.74,17.35,0.0,3.6,0.0,0.1453,30.0,0.0
3379,42.23,7.74,0.0,0.0,4.48,0.265,30.0,0.0
3380,40.5,38.6,0.0,0.0,0.0,0.1,1.89,0.0
3381,38.62,31.05,0.0,0.0,0.0,0.1,7.57,0.0
3382,36.67,22.98,0.0,0.0,0.0,0.1,13.69,0.0
3383,36.67,31.99,0.0,0.0,0.0,0.1,4.68,0.0
3384,36.64,32.99,0.0,0.0,0.0,0.1,3.65,0.0
3385,36.64,16.21,0.0,9.57,0.0,0.1,30.0,0.0
3386,36.64,12.74,0.0,0.0,0.0,0.418,23.89,0.0
3387,36.64,19.98,0.0,0.0,0.0,0.418,16.65,0.0
3388,36.64,25.66,0.0,0.0,0.0,0.418,10.98,0.0
3389,36.64,16.17,0.0,5.67,0.0,0.418,26.13,0.0
3390,36.64,0.0,0.0,0.0,6.64,0.6062,30.0,0.0
3391,38.59,1.8,12.71,0.0,0.0,0.3618,24.08,0.0
3392,40.46,6.6,27.77,0.0,0.0,0.3618,6.1,0.0
3393,42.19,1.72,40.47,0.0,0.0,0.3618,0.0,0.0
3394,43.71,23.15,20.56,0.0,0.0,0.3618,0.0,0.0
3395,44.95,0.0,44.95,0.0,0.0,0.3618,0.0,0.0
3396,45.88,0.0,45.88,0.0,0.0,0.3618,0.0,0.0
3397,46.45,17.4,29.04,0.0,0.0,0.3618,0.0,0.0
3398,46.64,26.09,20.55,0.0,0.0,0.3618,0.0,0.0
3399,46.45,1.31,40.31,0.0,0.0,0.3618,4.83,0.0
3400,45.88,12.17,27.46,0.0,0.0,0.3618,6.25,0.0
3401,44.95,15.31,12.18,0.0,0.0,0.3618,17.46,0.0
3402,43.71,14.18,0.0,0.0,0.0,0.3618,29.53,0.0
3403,42.19,13.83,0.0,1.63,0.0,0.3618,30.0,0.0
3404,40.46,21.47,0.0,0.0,0.0,0.4161,19.0,0.0
3405,38.59,0.0,0.0,0.0,8.59,0.4161,30.0,0.0
3406,36.64,27.49,0.0,0.0,0.0,0.1,9.14,0.0
3407,36.64,23.0,0.0,0.0,0.0,0.1,13.63,0.0
3408,36.61,19.8,0.0,0.0,0.0,0.1,16.81,0.0
3409,36.61,41.8,0.0,23.79,0.0,0.1,18.59,0.0
3410,36.61,14.02,0.0,0.0,0.0,0.8902,22.58,0.0
3411,36.61,15.14,0.0,0.0,21.47,0.8902,0.0,0.0
3412,36.61,36.67,0.0,0.12,0.0,0.1,0.05,0.0
3413,36.61,6.5,0.0,0.0,0.11,0.1039,30.0,0.0
3414,36.61,6.73,0.0,0.0,0.0,0.1,29.88,0.0
3415,38.56,8.15,14.1,0.0,0.0,0.1,16.31,0.0
3416,40.43,11.32,29.11,0.0,0.0,0.1,0.0,0.0
3417,42.16,1.93,40.23,0.0,0.0,0.1,0.0,0.0
3418,43.68,0.0,43.68,0.0,0.0,0.1,0.0,0.0
3419,44.92,0.0,44.92,0.0,0.0,0.1,0.0,0.0
3420,45.84,0.0,45.84,0.0,0.0,0.1,0.0,0.0
3421,46.41,0.0,46.41,0.0,0.0,0.1,0.0,0.0
3422,46.61,0.0,46.61,0.0,0.0,0.1,0.0,0.0
3423,46.41,5.2,41.21,0.0,0.0,0.1,0.0,0.0
3424,45.84,0.0,27.61,0.0,0.0,0.1,18.23,0.0
3425,44.92,20.07,13.75,0.0,0.0,0.1,11.1,0.0
3426,43.68,14.63,0.0,0.0,0.0,0.1,29.05,0.0
3427,42.16,28.32,0.0,0.0,0.0,0.1,13.84,0.0
3428,40.43,21.44,0.0,0.0,0.0,0.1,18.99,0.0
3429,38.56,29.95,0.0,10.58,0.0,0.1,19.19,0.0
3430,36.61,25.26,0.0,0.0,0.0,0.4515,11.34,0.0
3431,36.61,34.91,0.0,0.0,0.0,0.4515,1.7,0.0
3432,36.57,27.02,0.0,0.0,9.55,0.4515,0.0,0.0
3433,36.57,20.58,0.0,0.0,0.0,0.1,15.99,0.0
3434,36.57,42.93,0.0,24.08,0.0,0.1,17.72,0.0
3435,36.57,27.75,0.0,0.0,0.0,0.9,8.82,0.0
3436,36.57,22.61,0.0,0.0,0.0,0.9,13.97,0.0
3437,36.57,2.02,0.0,0.0,14.88,0.9,19.68,0.0
3438,36.57,0.0,0.0,0.0,6.57,0.3525,30.0,0.0
3439,38.52,12.37,13.8,17.64,0.0,0.1106,30.0,0.0
3440,40.4,8.54,27.42,0.0,0.0,0.6967,4.44,0.0
3441,42.13,0.0,39.82,0.0,0.0,0.6967,2.3,0.0
3442,43.64,4.9,38.75,0.0,0.0,0.6967,0.0,0.0
3443,44.89,18.17,26.72,0.0,0.0,0.6967,0.0,0.0
3444,45.81,0.0,45.81,0.0,0.0,0.6967,0.0,0.0
3445,46.38,0.0,46.38,0.0,0.0,0.6967,0.0,0.0
3446,46.57,0.0,46.57,0.0,0.0,0.6967,0.0,0.0
3447,46.38,0.0,41.09,0.0,0.0,0.6967,5.29,0.0
3448,45.81,3.3,29.35,0.0,0.0,0.6967,13.16,0.0
3449,44.89,5.41,14.55,0.0,0.0,0.6967,24.92,0.0
3450,43.64,7.33,0.0,0.0,6.31,0.6967,30.0,0.0
3451,42.13,2.23,0.0,0.0,9.9,0.4644,30.0,0.0
3452,40.4,15.7,0.0,2.33,0.0,0.1,27.03,0.0
3453,38.52,13.48,0.0,4.95,0.0,0.1773,30.0,0.0
3454,36.57,0.0,0.0,0.0,6.57,0.3419,30.0,0.0
3455,36.57,41.76,0.0,5.19,0.0,0.1,0.0,0.0
3456,36.54,32.49,0.0,0.0,4.04,0.2722,0.0,0.0
3457,36.54,17.73,0.0,0.0,0.0,0.1234,18.8,0.0
3458,36.54,20.64,0.0,2.61,0.0,0.1234,18.51,0.0
3459,36.54,7.36,0.0,0.0,0.0,0.2101,29.18,0.0
3460,36.54,33.55,0.0,0.0,2.99,0.2101,0.0,0.0
3461,36.54,33.16,0.0,24.08,0.0,0.1,27.47,0.0
3462,36.54,13.47,0.0,0.0,21.74,0.9,1.33,0.0
3463,38.49,19.46,14.03,0.0,0.0,0.1,5.0,0.0
3464,40.37,8.73,27.74,0.0,0.0,0.1,3.89,0.0
3465,42.09,0.0,38.81,0.0,0.0,0.1,3.28,0.0
3466,43.61,0.0,43.61,0.0,0.0,0.1,0.0,0.0
3467,44.85,3.72,41.13,0.0,0.0,0.1,0.0,0.0
3468,45.78,0.0,45.78,0.0,0.0,0.1,0.0,0.0
3469,46.35,0.0,46.35,0.0,0.0,0.1,0.0,0.0
3470,46.54,0.0,46.54,0.0,0.0,0.1,0.0,0.0
3471,46.35,4.17,41.57,24.08,0.0,0.1,24.68,0.0
3472,45.78,7.52,27.35,0.0,0.0,0.9,10.91,0.0
3473,44.85,0.0,12.69,0.0,2.16,0.9,30.0,0.0
3474,43.61,4.87,0.0,0.0,9.31,0.8203,29.43,0.0
3475,42.09,1.83,0.0,0.0,10.26,0.4777,30.0,0.0
3476,40.37,26.48,0.0,16.11,0.0,0.1,30.0,0.0
3477,38.49,0.0,0.0,0.0,14.54,0.6353,23.95,0.0
3478,36.54,31.81,0.0,7.45,0.0,0.1,12.17,0.0
3479,36.54,35.09,0.0,0.0,0.0,0.3473,1.45,0.0
3480,36.5,18.7,0.0,12.19,0.0,0.3473,30.0,0.0
3481,36.5,0.0,0.0,0.0,6.5,0.7523,30.0,0.0
3482,36.5,16.8,0.0,0.0,0.0,0.513,19.71,0.0
3483,36.5,18.16,0.0,11.65,0.0,0.513,30.0,0.0
3484,36.5,6.8,0.0,0.0,21.74,0.9,7.97,0.0
3485,36.5,9.3,0.0,0.0,0.0,0.1,27.2,0.0
3486,36.5,26.89,0.0,0.0,0.0,0.1,9.61,0.0
3487,38.45,15.82,13.32,0.0,0.0,0.1,9.31,0.0
3488,40.33,0.0,27.55,0.0,0.0,0.1,12.78,0.0
3489,42.06,0.0,41.42,0.0,0.0,0.1,0.64,0.0
3490,43.58,0.08,43.49,0.0,0.0,0.1,0.0,0.0
3491,44.82,0.22,44.6,0.0,0.0,0.1,0.0,0.0
3492,45.74,0.0,45.74,0.0,0.0,0.1,0.0,0.0
3493,46.31,0.0,46.31,0.0,0.0,0.1,0.0,0.0
3494,46.5,0.0,46.5,0.0,0.0,0.1,0.0,0.0
3495,46.31,23.92,22.4,0.0,0.0,0.1,0.0,0.0
3496,45.74,14.93,27.78,24.08,0.0,0.1,27.11,0.0
3497,44.82,8.8,13.1,0.0,0.0,0.9,22.92,0.0
3498,43.58,10.02,0.0,0.0,20.54,0.9,13.01,0.0
3499,42.06,10.86,0.0,0.0,1.2,0.144,30.0,0.0
3500,40.33,28.37,0.0,0.0,0.0,0.1,11.96,0.0
3501,38.45,12.61,0.0,0.0,0.0,0.1,25.84,0.0
3502,36.5,20.8,0.0,0.0,0.0,0.1,15.71,0.0
3503,36.5,21.84,0.0,0.0,0.0,0.1,14.66,0.0
3504,36.47,16.63,0.0,8.79,0.0,0.1,28.62,0.0
3505,36.47,7.72,0.0,0.0,0.0,0.3918,28.75,0.0
3506,36.47,23.43,0.0,0.0,0.0,0.3918,13.04,0.0
3507,36.47,18.09,0.0,0.0,0.0,0.3918,18.38,0.0
3508,36.47,21.57,0.0,0.0,0.0,0.3918,14.9,0.0
3509,36.47,9.02,0.0,0.0,0.0,0.3918,27.45,0.0
3510,36.47,23.74,0.0,0.0,0.0,0.3918,12.72,0.0
3511,38.42,0.55,13.07,5.19,0.0,0.3918,30.0,0.0
3512,40.3,13.24,27.06,0.0,0.0,0.5642,0.0,0.0
3513,42.03,0.0,39.22,0.0,0.0,0.5642,2.81,0.0
3514,43.54,0.0,43.54,0.0,0.0,0.5642,0.0,0.0
3515,44.78,0.0,44.78,0.0,0.0,0.5642,0.0,0.0
3516,45.71,0.0,45.71,0.0,0.0,0.5642,0.0,0.0
3517,46.28,0.0,46.28,0.0,0.0,0.5642,0.0,0.0
3518,46.47,15.8,30.67,0.0,0.0,0.5642,0.0,0.0
3519,46.28,0.0,41.42,0.0,0.0,0.5642,4.86,0.0
3520,45.71,11.75,28.56,0.0,0.0,0.5642,5.4,0.0
3521,44.78,0.0,15.18,0.0,0.0,0.5642,29.61,0.0
3522,43.54,2.22,0.0,0.0,11.32,0.5642,30.0,0.0
3523,42.03,30.31,0.0,0.0,0.0,0.1475,11.71,0.0
3524,40.3,10.92,0.0,0.0,0.0,0.1475,29.38,0.0
3525,38.42,7.13,0.0,0.0,1.29,0.1475,30.0,0.0
3526,36.47,18.3,0.0,0.0,0.0,0.1,18.17,0.0
3527,36.47,41.59,0.0,24.08,0.0,0.1,18.96,0.0
3528,36.43,3.44,0.0,0.0,21.74,0.9,11.26,0.0
3529,36.43,10.79,0.0,0.0,0.0,0.1,25.65,0.0
3530,36.43,34.9,0.0,0.0,0.0,0.1,1.54,0.0
3531,36.43,36.88,0.0,24.08,0.0,0.1,23.64,0.0
3532,36.43,15.53,0.0,0.0,0.0,0.9,20.9,0.0
3533,36.43,1.98,0.0,0.0,21.74,0.9,12.72,0.0
3534,36.43,32.26,0.0,0.0,0.0,0.1,4.17,0.0
3535,38.39,24.78,13.04,0.0,0.0,0.1,0.57,0.0
3536,40.26,11.73,28.53,0.0,0.0,0.1,0.0,0.0
3537,41.99,0.0,40.66,0.0,0.0,0.1,1.34,0.0
3538,43.51,2.62,40.89,0.0,0.0,0.1,0.0,0.0
3539,44.75,0.54,44.21,0.0,0.0,0.1,0.0,0.0
3540,45.67,0.0,45.67,0.0,0.0,0.1,0.0,0.0
3541,46.24,0.0,46.24,0.0,0.0,0.1,0.0,0.0
3542,46.43,0.0,46.43,0.0,0.0,0.1,0.0,0.0
3543,46.24,0.0,39.98,0.0,0.0,0.1,6.27,0.0
3544,45.67,20.26,29.56,4.14,0.0,0.1,0.0,0.0
3545,44.75,12.16,14.92,0.0,3.74,0.2376,13.93,0.0
3546,43.51,18.39,0.0,0.0,0.0,0.1,25.11,0.0
3547,41.99,28.61,0.0,5.97,0.0,0.1,19.35,0.0
3548,40.26,5.61,0.0,0.0,4.66,0.2983,30.0,0.0
3549,38.39,18.24,0.0,0.0,0.0,0.127,20.15,0.0
3550,36.43,14.92,0.0,0.0,0.0,0.127,21.51,0.0
3551,36.43,5.7,0.0,0.0,0.73,0.127,30.0,0.0
3552,36.4,24.79,0.0,0.0,0.0,0.1,11.61,0.0
3553,36.4,45.77,0.0,9.37,0.0,0.1,0.0,0.0
3554,36.4,1.94,0.0,0.0,8.46,0.4112,26.0,0.0
3555,36.4,18.17,0.0,0.0,0.0,0.1,18.22,0.0
3556,36.4,22.76,0.0,0.0,0.0,0.1,13.64,0.0
3557,36.4,15.29,0.0,0.0,0.0,0.1,21.11,0.0
3558,36.4,10.42,0.0,0.0,0.0,0.1,25.98,0.0
3559,38.35,0.0,13.91,5.39,0.0,0.1,29.83,0.0
3560,40.23,8.9,28.52,0.0,0.0,0.2792,2.81,0.0
3561,41.95,0.0,40.75,0.0,0.0,0.2792,1.21,0.0
3562,43.47,0.0,43.47,0.0,0.0,0.2792,0.0,0.0
3563,44.71,13.78,30.93,0.0,0.0,0.2792,0.0,0.0
3564,45.64,0.0,45.64,0.0,0.0,0.2792,0.0,0.0
3565,46.21,0.0,46.21,0.0,0.0,0.2792,0.0,0.0
3566,46.4,0.0,46.4,0.0,0.0,0.2792,0.0,0.0
3567,46.21,5.4,40.81,0.0,0.0,0.2792,0.0,0.0
3568,45.64,8.82,28.18,0.0,0.0,0.2792,8.64,0.0
3569,44.71,17.88,13.07,0.0,0.0,0.2792,13.76,0.0
3570,43.47,8.6,0.0,0.0,4.87,0.2792,30.0,0.0
3571,41.95,27.0,0.0,0.0,0.0,0.1,14.96,0.0
3572,40.23,19.61,0.0,0.0,0.0,0.1,20.61,0.0
3573,38.35,20.4,0.0,0.0,0.0,0.1,17.95,0.0
3574,36.4,7.55,0.0,0.0,0.0,0.1,28.85,0.0
3575,36.4,23.87,0.0,0.0,0.0,0.1,12.53,0.0
3576,36.36,13.09,0.0,0.0,0.0,0.1,23.27,0.0
3577,36.36,14.66,0.0,0.0,0.0,0.1,21.7,0.0
3578,36.36,11.94,0.0,0.0,0.0,0.1,24.43,0.0
3579,36.36,7.9,0.0,0.0,0.0,0.1,28.46,0.0
3580,36.36,37.28,0.0,4.97,0.0,0.1,4.05,0.0
3581,36.36,27.09,0.0,0.0,0.0,0.2651,9.27,0.0
3582,36.36,30.34,0.0,0.0,0.0,0.2651,6.02,0.0
3583,38.31,0.0,13.47,0.0,0.0,0.2651,24.84,0.0
3584,40.19,7.22,28.59,0.0,0.0,0.2651,4.38,0.0
3585,41.92,0.0,41.18,0.0,0.0,0.2651,0.74,0.0
3586,43.43,0.0,43.43,0.0,0.0,0.2651,0.0,0.0
3587,44.68,0.0,44.68,0.0,0.0,0.2651,0.0,0.0
3588,45.6,0.0,45.6,0.0,0.0,0.2651,0.0,0.0
3589,46.17,0.0,46.17,0.0,0.0,0.2651,0.0,0.0
3590,46.36,0.0,46.36,0.0,0.0,0.2651,0.0,0.0
3591,46.17,4.29,41.88,0.0,0.0,0.2651,0.0,0.0
3592,45.6,17.67,27.93,0.0,0.0,0.2651,0.0,0.0
3593,44.68,0.0,13.6,0.0,1.07,0.2651,30.0,0.0
3594,43.43,23.84,0.0,0.0,0.0,0.2256,19.6,0.0
3595,41.92,25.27,0.0,0.0,0.0,0.2256,16.65,0.0
3596,40.19,6.78,0.0,0.0,3.41,0.2256,30.0,0.0
3597,38.31,28.31,0.0,20.0,0.0,0.1,30.0,0.0
3598,36.36,23.27,0.0,0.36,0.0,0.7644,13.45,0.0
3599,36.36,18.71,0.0,0.0,0.0,0.7762,17.66,0.0
3600,36.33,13.08,0.0,0.0,0.0,0.7762,23.25,0.0
3601,36.33,13.78,0.0,0.0,0.0,0.7762,22.55,0.0
3602,36.33,40.05,0.0,3.73,0.0,0.7762,0.0,0.0
3603,36.33,18.31,0.0,0.0,0.0,0.9,18.01,0.0
3604,36.33,23.97,0.0,0.0,12.36,0.9,0.0,0.0
3605,36.33,6.11,0.0,0.0,0.22,0.4452,30.0,0.0
3606,36.33,3.67,0.0,0.0,9.16,0.4371,23.5,0.0
3607,38.28,19.45,13.85,0.0,0.0,0.1,4.98,0.0
3608,40.15,0.0,27.94,14.77,0.0,0.1,26.98,0.0
3609,41.88,0.3,39.12,0.0,0.0,0.5907,2.47,0.0
3610,43.4,3.16,40.24,0.0,0.0,0.5907,0.0,0.0
3611,44.64,2.93,41.71,0.0,0.0,0.5907,0.0,0.0
3612,45.57,0.0,45.57,0.0,0.0,0.5907,0.0,0.0
3613,46.13,0.0,46.13,0.0,0.0,0.5907,0.0,0.0
3614,46.33,0.0,46.33,0.0,0.0,0.5907,0.0,0.0
3615,46.13,4.28,41.86,0.0,0.0,0.5907,0.0,0.0
3616,45.57,0.0,28.91,0.0,0.0,0.5907,16.66,0.0
3617,44.64,6.0,14.61,0.0,0.0,0.5907,24.03,0.0
3618,43.4,23.11,0.0,0.0,0.0,0.5907,20.29,0.0
3619,41.88,22.7,0.0,0.0,0.0,0.5907,19.18,0.0
3620,40.15,2.75,0.0,0.0,7.4,0.5907,30.0,0.0
3621,38.28,21.77,0.0,0.0,0.0,0.3183,16.51,0.0
3622,36.33,0.4,0.0,0.0,5.93,0.3183,30.0,0.0
3623,36.33,21.32,0.0,0.0,0.0,0.1,15.01,0.0
3624,36.29,36.29,0.0,0.0,0.0,0.1,0.0,0.0
3625,36.29,11.44,0.0,0.0,0.0,0.1,24.86,0.0
3626,36.29,11.57,0.0,0.0,0.0,0.1,24.72,0.0
3627,36.29,25.74,0.0,19.33,0.0,0.1,29.88,0.0
3628,36.29,0.99,0.0,0.0,5.3,0.742,30.0,0.0
3629,36.29,7.58,0.0,1.29,0.0,0.5469,30.0,0.0
3630,36.29,17.13,0.0,0.0,0.0,0.5896,19.16,0.0
3631,38.24,2.46,14.86,0.0,0.0,0.5896,20.92,0.0
3632,40.12,4.01,29.7,0.0,0.0,0.5896,6.4,0.0
3633,41.85,1.64,40.2,0.0,0.0,0.5896,0.0,0.0
3634,43.36,0.0,43.36,0.0,0.0,0.5896,0.0,0.0
3635,44.6,0.0,44.6,0.0,0.0,0.5896,0.0,0.0
3636,45.53,0.0,45.53,0.0,0.0,0.5896,0.0,0.0
3637,46.1,0.0,46.1,0.0,0.0,0.5896,0.0,0.0
3638,46.29,0.0,46.29,0.0,0.0,0.5896,0.0,0.0
3639,46.1,8.8,37.29,0.0,0.0,0.5896,0.0,0.0
3640,45.53,1.44,28.19,0.0,0.0,0.5896,15.9,0.0
3641,44.6,6.91,12.55,0.0,0.0,0.5896,25.15,0.0
3642,43.36,1.51,0.0,0.0,11.85,0.5896,30.0,0.0
3643,41.85,13.46,0.0,1.62,0.0,0.1535,30.0,0.0
3644,40.12,8.2,0.0,0.0,1.92,0.2071,30.0,0.0
3645,38.24,7.25,0.0,0.0,0.99,0.1364,30.0,0.0
3646,36.29,22.33,0.0,0.0,0.0,0.1,13.96,0.0
3647,36.29,22.86,0.0,0.0,0.0,0.1,13.43,0.0
3648,36.25,28.72,0.0,14.63,0.0,0.1,22.16,0.0
3649,36.25,16.44,0.0,0.0,0.0,0.5858,19.82,0.0
3650,36.25,23.72,0.0,0.0,12.54,0.5858,0.0,0.0
3651,36.25,23.56,0.0,0.0,0.0,0.1244,12.7,0.0
3652,36.25,20.47,0.0,0.0,0.0,0.1244,15.78,0.0
3653,36.25,5.59,0.0,0.0,0.66,0.1244,30.0,0.0
3654,36.25,12.64,0.0,6.39,0.0,0.1,30.0,0.0
3655,38.2,12.21,13.54,0.0,5.68,0.3122,6.77,0.0
3656,40.08,6.32,27.64,0.0,0.0,0.1031,6.12,0.0
3657,41.81,0.0,39.32,0.0,0.0,0.1031,2.49,0.0
3658,43.32,4.23,39.1,0.0,0.0,0.1031,0.0,0.0
3659,44.57,23.44,21.12,0.0,0.0,0.1031,0.0,0.0
3660,45.49,0.0,45.49,0.0,0.0,0.1031,0.0,0.0
3661,46.06,0.0,46.06,0.0,0.0,0.1031,0.0,0.0
3662,46.25,0.0,46.25,0.0,0.0,0.1031,0.0,0.0
3663,46.06,5.0,41.06,0.0,0.0,0.1031,0.0,0.0
3664,45.49,17.99,26.98,0.0,0.0,0.1031,0.53,0.0
3665,44.57,0.0,14.48,0.0,0.08,0.1031,30.0,0.0
3666,43.32,18.37,0.0,0.0,0.0,0.1,24.95,0.0
3667,41.81,19.53,0.0,0.0,0.0,0.1,22.28,0.0
3668,40.08,14.69,0.0,0.0,0.0,0.1,25.39,0.0
3669,38.2,21.47,0.0,0.0,0.0,0.1,16.74,0.0
3670,36.25,29.83,0.0,0.0,0.0,0.1,6.42,0.0
3671,36.25,29.27,0.0,0.0,0.0,0.1,6.98,0.0
3672,36.22,9.68,0.0,0.0,0.0,0.1,26.54,0.0
3673,36.22,28.67,0.0,0.0,0.0,0.1,7.54,0.0
3674,36.22,18.98,0.0,0.0,0.0,0.1,17.24,0.0
3675,36.22,18.77,0.0,0.0,0.0,0.1,17.45,0.0
3676,36.22,16.73,0.0,0.0,0.0,0.1,19.48,0.0
3677,36.22,12.16,0.0,0.0,0.0,0.1,24.06,0.0
3678,36.22,22.82,0.0,0.0,0.0,0.1,13.4,0.0
3679,38.17,7.72,14.55,0.0,0.0,0.1,15.9,0.0
3680,40.04,0.0,28.02,0.0,0.0,0.1,12.02,0.0
3681,41.77,0.25,40.58,0.0,0.0,0.1,0.94,0.0
3682,43.29,4.32,38.97,0.0,0.0,0.1,0.0,0.0
3683,44.53,0.0,44.53,0.0,0.0,0.1,0.0,0.0
3684,45.45,0.0,45.45,0.0,0.0,0.1,0.0,0.0
3685,46.02,0.0,46.02,0.0,0.0,0.1,0.0,0.0
3686,46.22,27.03,19.19,0.0,0.0,0.1,0.0,0.0
3687,46.02,6.73,39.29,0.0,0.0,0.1,0.0,0.0
3688,45.45,18.72,28.2,4.65,0.0,0.1,3.18,0.0
3689,44.53,7.05,12.5,0.0,0.0,0.2543,24.99,0.0
3690,43.29,16.34,0.0,0.0,0.0,0.2543,26.95,0.0
3691,41.77,21.9,0.0,0.0,0.0,0.2543,19.87,0.0
3692,40.04,28.0,0.0,0.0,0.0,0.2543,12.04,0.0
3693,38.17,28.46,0.0,0.0,0.0,0.2543,9.71,0.0
3694,36.22,28.2,0.0,0.0,0.0,0.2543,8.01,0.0
3695,36.22,17.5,0.0,0.0,0.0,0.2543,18.72,0.0
3696,36.18,15.22,0.0,0.0,0.0,0.2543,20.96,0.0
3697,36.18,23.79,0.0,0.0,0.0,0.2543,12.39,0.0
3698,36.18,28.72,0.0,0.0,0.0,0.2543,7.46,0.0
3699,36.18,15.78,0.0,0.0,0.0,0.2543,20.4,0.0
3700,36.18,26.42,0.0,0.0,0.0,0.2543,9.76,0.0
3701,36.18,27.86,0.0,0.0,0.0,0.2543,8.32,0.0
3702,36.18,1.99,0.0,0.0,4.19,0.2543,30.0,0.0
3703,38.13,0.22,13.48,0.0,0.0,0.1,24.43,0.0
3704,40.0,4.7,27.62,0.0,0.0,0.1,7.68,0.0
3705,41.73,1.95,39.78,0.0,0.0,0.1,0.0,0.0
3706,43.25,0.0,43.25,0.0,0.0,0.1,0.0,0.0
3707,44.49,14.81,29.68,0.0,0.0,0.1,0.0,0.0
3708,45.42,0.0,45.42,0.0,0.0,0.1,0.0,0.0
3709,45.99,0.0,45.99,0.0,0.0,0.1,0.0,0.0
3710,46.18,0.0,46.18,0.0,0.0,0.1,0.0,0.0
3711,45.99,0.0,39.56,0.0,0.0,0.1,6.43,0.0
3712,45.42,8.85,28.37,0.0,0.0,0.1,8.19,0.0
3713,44.49,0.0,15.04,0.0,0.0,0.1,29.46,0.0
3714,43.25,20.98,0.0,0.0,0.0,0.1,22.27,0.0
3715,41.73,12.0,0.0,0.0,0.0,0.1,29.74,0.0
3716,40.0,47.86,0.0,7.85,0.0,0.1,0.0,0.0
3717,38.13,38.13,0.0,0.0,0.0,0.3609,0.0,0.0
3718,36.18,17.75,0.0,0.0,0.0,0.3609,18.43,0.0
3719,36.18,19.47,0.0,0.0,7.09,0.3609,9.62,0.0
3720,36.14,30.58,0.0,0.0,0.0,0.1,5.56,0.0
3721,36.14,37.21,0.0,9.58,0.0,0.1,8.52,0.0
3722,36.14,3.33,0.0,0.0,2.81,0.4184,30.0,0.0
3723,36.14,0.3,0.0,0.0,5.84,0.3149,30.0,0.0
3724,36.14,9.73,0.0,0.0,0.0,0.1,26.41,0.0
3725,36.14,19.21,0.0,6.9,0.0,0.1,23.83,0.0
3726,36.14,15.82,0.0,0.0,0.0,0.3292,20.32,0.0
3727,38.09,18.91,15.09,0.0,0.0,0.3292,4.09,0.0
3728,39.97,0.0,29.51,0.0,0.0,0.3292,10.46,0.0
3729,41.7,0.0,40.81,0.0,0.0,0.3292,0.89,0.0
3730,43.21,0.0,43.21,0.0,0.0,0.3292,0.0,0.0
3731,44.45,0.0,44.45,0.0,0.0,0.3292,0.0,0.0
3732,45.38,0.0,45.38,0.0,0.0,0.3292,0.0,0.0
3733,45.95,0.0,45.95,0.0,0.0,0.3292,0.0,0.0
3734,46.14,0.0,46.14,0.0,0.0,0.3292,0.0,0.0
3735,45.95,2.76,42.23,0.0,0.0,0.3292,0.95,0.0
3736,45.38,1.5,27.56,13.68,0.0,0.3292,30.0,0.0
3737,44.45,6.81,15.43,0.0,0.0,0.7837,22.22,0.0
3738,43.21,7.28,0.0,0.0,5.93,0.7837,30.0,0.0
3739,41.7,0.2,0.0,0.0,11.49,0.5653,30.0,0.0
3740,39.97,8.81,0.0,0.0,1.15,0.1424,30.0,0.0
3741,38.09,23.02,0.0,0.0,0.0,0.1,15.07,0.0
3742,36.14,22.62,0.0,0.0,0.0,0.1,13.52,0.0
3743,36.14,22.09,0.0,6.76,0.0,0.1,20.81,0.0
3744,36.1,10.9,0.0,0.0,0.0,0.3246,25.2,0.0
3745,36.1,18.57,0.0,0.0,0.0,0.3246,17.53,0.0
3746,36.1,0.0,0.0,0.0,6.1,0.3246,30.0,0.0
3747,36.1,19.57,0.0,0.0,0.0,0.1,16.53,0.0
3748,36.1,29.84,0.0,19.33,0.0,0.1,25.59,0.0
3749,36.1,0.0,0.0,0.0,6.1,0.742,30.0,0.0
3750,36.1,5.08,0.0,0.0,1.02,0.5175,30.0,0.0
3751,38.05,11.54,13.4,0.0,0.0,0.48,13.11,0.0
3752,39.93,10.29,29.64,0.0,0.0,0.48,0.0,0.0
3753,41.66,0.0,41.06,0.0,0.0,0.48,0.6,0.0
3754,43.17,0.0,43.17,0.0,0.0,0.48,0.0,0.0
3755,44.42,0.0,44.42,0.0,0.0,0.48,0.0,0.0
3756,45.34,0.0,45.34,0.0,0.0,0.48,0.0,0.0
3757,45.91,21.45,24.46,0.0,0.0,0.48,0.0,0.0
3758,46.1,0.0,46.1,0.0,0.0,0.48,0.0,0.0
3759,45.91,3.67,39.81,0.0,0.0,0.48,2.43,0.0
3760,45.34,9.1,27.92,0.0,0.0,0.48,8.31,0.0
3761,44.42,8.19,15.45,0.0,0.0,0.48,20.77,0.0
3762,43.17,2.85,0.0,0.0,10.32,0.48,30.0,0.0
3763,41.66,21.51,0.0,0.0,0.0,0.1,20.15,0.0
3764,39.93,18.0,0.0,0.0,0.0,0.1,21.93,0.0
3765,38.05,17.99,0.0,0.0,0.0,0.1,20.07,0.0
3766,36.1,9.78,0.0,0.0,0.0,0.1,26.33,0.0
3767,36.1,33.2,0.0,0.0,0.0,0.1,2.91,0.0
3768,36.06,27.17,0.0,7.94,0.0,0.1,16.83,0.0
3769,36.06,14.84,0.0,0.0,0.0,0.3638,21.22,0.0
3770,36.06,29.17,0.0,0.0,0.0,0.3638,6.89,0.0
3771,36.06,12.84,0.0,6.78,0.0,0.3638,30.0,0.0
3772,36.06,8.0,0.0,0.0,0.0,0.5889,28.06,0.0
3773,36.06,5.85,0.0,0.0,0.22,0.5889,30.0,0.0
3774,36.06,0.0,0.0,0.0,6.06,0.581,30.0,0.0
3775,38.01,12.87,13.75,0.0,0.0,0.3579,11.39,0.0
3776,39.89,0.0,29.78,0.0,0.0,0.3579,10.11,0.0
3777,41.62,0.0,40.24,0.0,0.0,0.3579,1.38,0.0
3778,43.13,0.0,43.13,0.0,0.0,0.3579,0.0,0.0
3779,44.38,0.42,43.96,0.0,0.0,0.3579,0.0,0.0
3780,45.3,0.0,45.3,0.0,0.0,0.3579,0.0,0.0
3781,45.87,0.0,45.87,0.0,0.0,0.3579,0.0,0.0
3782,46.06,0.0,46.06,0.0,0.0,0.3579,0.0,0.0
3783,45.87,0.0,42.11,0.0,0.0,0.3579,3.76,0.0
3784,45.3,10.43,27.27,0.0,0.0,0.3579,7.6,0.0
3785,44.38,2.81,13.13,0.0,0.0,0.3579,28.44,0.0
3786,43.13,13.89,0.0,0.0,0.0,0.3579,29.24,0.0
3787,41.62,4.61,0.0,0.0,7.01,0.3579,30.0,0.0
3788,39.89,17.48,0.0,0.0,0.0,0.1,22.41,0.0
3789,38.01,30.57,0.0,0.0,0.0,0.1,7.44,0.0
3790,36.06,25.08,0.0,0.0,0.0,0.1,10.99,0.0
3791,36.06,16.23,0.0,0.0,0.0,0.1,19.83,0.0
3792,36.02,23.09,0.0,0.0,0.0,0.1,12.94,0.0
3793,36.02,17.85,0.0,0.0,0.0,0.1,18.17,0.0
3794,36.02,19.31,0.0,0.0,0.0,0.1,16.71,0.0
3795,36.02,14.46,0.0,0.0,0.0,0.1,21.56,0.0
3796,36.02,14.01,0.0,0.0,0.0,0.1,22.01,0.0
3797,36.02,15.34,0.0,5.65,0.0,0.1,26.32,0.0
3798,36.02,0.93,0.0,0.0,5.1,0.2875,30.0,0.0
3799,37.97,0.0,13.55,0.0,0.0,0.1,24.42,0.0
3800,39.85,0.0,28.2,14.49,0.0,0.1,26.14,0.0
3801,41.58,0.0,39.75,0.0,0.0,0.5812,1.83,0.0
3802,43.09,0.0,43.09,0.0,0.0,0.5812,0.0,0.0
3803,44.34,2.77,41.57,0.0,0.0,0.5812,0.0,0.0
3804,45.26,0.0,45.26,0.0,0.0,0.5812,0.0,0.0
3805,45.83,0.0,45.83,0.0,0.0,0.5812,0.0,0.0
3806,46.02,0.0,46.02,0.0,0.0,0.5812,0.0,0.0
3807,45.83,0.0,41.3,0.0,0.0,0.5812,4.53,0.0
3808,45.26,12.23,29.88,0.0,0.0,0.5812,3.15,0.0
3809,44.34,16.14,13.17,0.0,0.0,0.5812,15.02,0.0
3810,43.09,0.92,0.0,0.0,12.17,0.5812,30.0,0.0
3811,41.58,17.39,0.0,5.81,0.0,0.1333,30.0,0.0
3812,39.85,7.2,0.0,0.0,2.65,0.3264,30.0,0.0
3813,37.97,18.63,0.0,0.0,0.0,0.2288,19.34,0.0
3814,36.02,6.78,0.0,0.0,0.0,0.2288,29.24,0.0
3815,36.02,2.56,0.0,0.0,3.46,0.2288,30.0,0.0
3816,35.98,16.72,0.0,0.0,0.0,0.1015,19.27,0.0
3817,35.98,18.93,0.0,0.0,0.0,0.1015,17.05,0.0
3818,35.98,15.25,0.0,0.0,0.0,0.1015,20.73,0.0
3819,35.98,5.94,0.0,0.0,0.04,0.1015,30.0,0.0
3820,35.98,11.63,0.0,0.0,0.0,0.1,24.36,0.0
3821,35.98,15.84,0.0,0.0,0.0,0.1,20.14,0.0
3822,35.98,10.2,0.0,0.0,0.0,0.1,25.79,0.0
3823,37.93,9.89,13.33,0.0,0.0,0.1,14.72,0.0
3824,39.81,0.0,29.02,16.44,0.0,0.1,27.23,0.0
3825,41.54,1.36,40.18,0.0,0.0,0.6462,0.0,0.0
3826,43.06,0.0,43.06,0.0,0.0,0.6462,0.0,0.0
3827,44.3,0.0,44.3,0.0,0.0,0.6462,0.0,0.0
3828,45.22,0.0,45.22,0.0,0.0,0.6462,0.0,0.0
3829,45.79,0.0,45.79,0.0,0.0,0.6462,0.0,0.0
3830,45.98,0.0,45.98,0.0,0.0,0.6462,0.0,0.0
3831,45.79,0.0,41.05,0.0,0.0,0.6462,4.74,0.0
3832,45.22,15.92,28.97,0.0,0.0,0.6462,0.34,0.0
3833,44.3,0.0,13.69,0.0,0.61,0.6462,30.0,0.0
3834,43.06,1.09,0.0,0.0,11.97,0.6238,30.0,0.0
3835,41.54,9.27,0.0,0.0,2.27,0.1834,30.0,0.0
3836,39.81,27.75,0.0,0.0,0.0,0.1,12.06,0.0
3837,37.93,21.34,0.0,0.0,0.0,0.1,16.59,0.0
3838,35.98,9.64,0.0,0.0,0.0,0.1,26.35,0.0
3839,35.98,17.09,0.0,0.0,0.0,0.1,18.89,0.0
3840,35.94,14.37,0.0,0.0,0.0,0.1,21.57,0.0
3841,35.94,13.1,0.0,7.15,0.0,0.1,30.0,0.0
3842,35.94,28.74,0.0,0.0,0.0,0.3376,7.21,0.0
3843,35.94,4.03,0.0,0.0,6.45,0.3376,25.46,0.0
3844,35.94,31.34,0.0,0.0,0.0,0.1,4.61,0.0
3845,35.94,21.28,0.0,0.0,0.0,0.1,14.67,0.0
3846,35.94,21.31,0.0,0.0,0.0,0.1,14.63,0.0
3847,37.9,3.47,12.82,0.0,0.0,0.1,21.61,0.0
3848,39.77,4.18,27.56,0.0,0.0,0.1,8.04,0.0
3849,41.5,0.0,41.0,0.0,0.0,0.1,0.5,0.0
3850,43.02,0.0,43.02,0.0,0.0,0.1,0.0,0.0
3851,44.26,5.92,38.33,0.0,0.0,0.1,0.0,0.0
3852,45.18,0.0,45.18,0.0,0.0,0.1,0.0,0.0
3853,45.75,0.0,45.75,0.0,0.0,0.1,0.0,0.0
3854,45.94,0.0,45.94,0.0,0.0,0.1,0.0,0.0
3855,45.75,2.12,40.73,0.0,0.0,0.1,2.9,0.0
3856,45.18,0.0,29.66,14.47,0.0,0.1,30.0,0.0
3857,44.26,13.85,12.83,0.0,0.0,0.5808,17.58,0.0
3858,43.02,3.45,0.0,0.0,12.76,0.5808,26.81,0.0
3859,41.5,11.2,0.0,0.0,0.3,0.1111,30.0,0.0
3860,39.77,11.05,0.0,0.0,0.0,0.1,28.72,0.0
3861,37.9,9.77,0.0,0.0,0.0,0.1,28.13,0.0
3862,35.94,19.03,0.0,0.0,0.0,0.1,16.91,0.0
3863,35.94,17.96,0.0,0.0,0.0,0.1,17.98,0.0
3864,35.9,16.7,0.0,0.0,0.0,0.1,19.21,0.0
3865,35.9,12.85,0.0,0.0,0.0,0.1,23.05,0.0
3866,35.9,22.18,0.0,6.54,0.0,0.1,20.26,0.0
3867,35.9,33.75,0.0,0.0,0.0,0.3173,2.15,0.0
3868,35.9,16.81,0.0,0.0,0.0,0.3173,19.09,0.0
3869,35.9,22.87,0.0,0.0,0.0,0.3173,13.04,0.0
3870,35.9,0.0,0.0,0.0,5.9,0.3173,30.0,0.0
3871,37.86,9.52,14.33,15.99,0.0,0.1,30.0,0.0
3872,39.73,0.0,27.17,0.0,1.54,0.6311,11.02,0.0
3873,41.46,0.0,41.46,0.0,0.0,0.5745,0.0,0.0
3874,42.98,0.0,42.98,0.0,0.0,0.5745,0.0,0.0
3875,44.22,12.74,31.48,0.0,0.0,0.5745,0.0,0.0
3876,45.14,0.0,45.14,0.0,0.0,0.5745,0.0,0.0
3877,45.71,0.0,45.71,0.0,0.0,0.5745,0.0,0.0
3878,45.9,0.0,45.9,0.0,0.0,0.5745,0.0,0.0
3879,45.71,1.62,39.88,0.0,0.0,0.5745,4.22,0.0
3880,45.14,8.56,29.85,0.0,0.0,0.5745,6.73,0.0
3881,44.22,9.69,12.56,8.03,0.0,0.5745,30.0,0.0
3882,42.98,0.0,0.0,0.0,12.98,0.8413,30.0,0.0
3883,41.46,4.29,0.0,0.0,7.17,0.3637,30.0,0.0
3884,39.73,14.8,0.0,5.07,0.0,0.1,30.0,0.0
3885,37.86,22.75,0.0,14.9,0.0,0.2685,30.0,0.0
3886,35.9,0.0,0.0,0.0,18.02,0.7634,17.88,0.0
3887,35.9,18.43,0.0,0.0,0.0,0.1,17.48,0.0
3888,35.86,21.71,0.0,6.5,0.0,0.1,20.66,0.0
3889,35.86,28.33,0.0,0.0,0.0,0.3158,7.54,0.0
3890,35.86,25.8,0.0,0.0,0.0,0.3158,10.06,0.0
3891,35.86,23.15,0.0,0.0,0.0,0.3158,12.71,0.0
3892,35.86,7.5,0.0,0.0,0.0,0.3158,28.37,0.0
3893,35.86,0.0,0.0,0.0,5.86,0.3158,30.0,0.0
3894,35.86,6.58,0.0,0.0,0.0,0.1,29.28,0.0
3895,37.81,17.77,13.21,0.0,0.0,0.1,6.84,0.0
3896,39.69,19.25,20.44,0.0,0.0,0.1,0.0,0.0
3897,41.42,10.49,30.93,0.0,0.0,0.1,0.0,0.0
3898,42.94,0.0,42.94,0.0,0.0,0.1,0.0,0.0
3899,44.18,0.0,44.18,0.0,0.0,0.1,0.0,0.0
3900,45.1,0.0,45.1,0.0,0.0,0.1,0.0,0.0
3901,45.67,0.0,45.67,0.0,0.0,0.1,0.0,0.0
3902,45.86,18.36,27.51,0.0,0.0,0.1,0.0,0.0
3903,45.67,0.0,41.88,0.0,0.0,0.1,3.79,0.0
3904,45.1,21.43,29.77,13.56,0.0,0.1,7.47,0.0
3905,44.18,4.73,14.2,0.0,0.0,0.5505,25.25,0.0
3906,42.94,23.5,0.0,0.0,0.0,0.5505,19.43,0.0
3907,41.42,0.0,0.0,0.0,11.42,0.5505,30.0,0.0
3908,39.69,21.14,0.0,0.0,0.0,0.1302,18.55,0.0
3909,37.81,10.16,0.0,0.0,0.0,0.1302,27.65,0.0
3910,35.86,5.04,0.0,0.0,0.82,0.1302,30.0,0.0
3911,35.86,22.11,0.0,0.0,0.0,0.1,13.75,0.0
3912,35.82,30.18,0.0,24.08,0.0,0.1,29.73,0.0
3913,35.82,11.59,0.0,0.0,0.0,0.9,24.24,0.0
3914,35.82,4.16,0.0,0.0,2.36,0.9,29.3,0.0
3915,35.82,16.45,0.0,0.0,19.37,0.813,0.0,0.0
3916,35.82,14.46,0.0,0.65,0.0,0.1,22.02,0.0
3917,35.82,18.34,0.0,0.0,0.0,0.1217,17.48,0.0
3918,35.82,19.74,0.0,0.0,0.0,0.1217,16.08,0.0
3919,37.77,7.26,15.39,14.88,0.0,0.1217,30.0,0.0
3920,39.65,11.26,28.39,0.0,0.0,0.616,0.0,0.0
3921,41.38,0.0,41.38,0.0,0.0,0.616,0.0,0.0
3922,42.89,0.0,42.89,0.0,0.0,0.616,0.0,0.0
3923,44.14,0.0,44.14,0.0,0.0,0.616,0.0,0.0
3924,45.06,0.0,45.06,0.0,0.0,0.616,0.0,0.0
3925,45.63,0.0,45.63,0.0,0.0,0.616,0.0,0.0
3926,45.82,0.0,45.82,0.0,0.0,0.616,0.0,0.0
3927,45.63,3.73,41.91,0.0,0.0,0.616,0.0,0.0
3928,45.06,0.0,28.07,0.0,0.0,0.616,16.99,0.0
3929,44.14,9.54,12.62,0.0,0.0,0.616,21.97,0.0
3930,42.89,17.01,0.0,0.0,0.0,0.616,25.89,0.0
3931,41.38,27.99,0.0,0.0,0.0,0.616,13.39,0.0
3932,39.65,24.06,0.0,0.0,0.0,0.616,15.6,0.0
3933,37.77,24.85,0.0,0.0,0.0,0.616,12.93,0.0
3934,35.82,19.51,0.0,0.0,0.0,0.616,16.31,0.0
3935,35.82,23.73,0.0,0.0,0.0,0.616,12.1,0.0
3936,35.78,32.49,0.0,0.0,0.0,0.616,3.3,0.0
3937,35.78,6.73,0.0,0.0,0.0,0.616,29.05,0.0
3938,35.78,15.43,0.0,0.0,0.0,0.616,20.36,0.0
3939,35.78,9.7,0.0,0.0,0.0,0.616,26.09,0.0
3940,35.78,19.0,0.0,0.0,0.0,0.616,16.79,0.0
3941,35.78,25.0,0.0,0.0,0.0,0.616,10.78,0.0
3942,35.78,4.46,0.0,0.0,1.32,0.616,30.0,0.0
3943,37.73,0.0,13.01,0.0,0.0,0.5674,24.72,0.0
3944,39.61,1.36,28.1,0.0,0.0,0.5674,10.15,0.0
3945,41.34,0.0,41.34,0.0,0.0,0.5674,0.0,0.0
3946,42.85,0.0,42.85,0.0,0.0,0.5674,0.0,0.0
3947,44.1,0.0,44.1,0.0,0.0,0.5674,0.0,0.0
3948,45.02,0.0,45.02,0.0,0.0,0.5674,0.0,0.0
3949,45.59,0.0,45.59,0.0,0.0,0.5674,0.0,0.0
3950,45.78,0.0,45.78,0.0,0.0,0.5674,0.0,0.0
3951,45.59,0.0,40.89,0.0,0.0,0.5674,4.7,0.0
3952,45.02,15.68,29.34,0.0,0.0,0.5674,0.0,0.0
3953,44.1,13.41,15.05,0.0,0.0,0.5674,15.64,0.0
3954,42.85,4.62,0.0,0.0,8.23,0.5674,30.0,0.0
3955,41.34,6.87,0.0,0.0,4.47,0.2645,30.0,0.0
3956,39.61,14.35,0.0,0.0,0.0,0.1,25.26,0.0
3957,37.73,14.94,0.0,0.0,0.0,0.1,22.79,0.0
3958,35.78,29.86,0.0,0.0,0.0,0.1,5.92,0.0
3959,35.78,21.69,0.0,0.0,0.0,0.1,14.1,0.0
3960,35.74,12.93,0.0,0.0,0.0,0.1,22.81,0.0
3961,35.74,35.74,0.0,0.0,0.0,0.1,0.0,0.0
3962,35.74,19.3,0.0,0.0,0.0,0.1,16.44,0.0
3963,35.74,24.82,0.0,2.14,0.0,0.1,13.06,0.0
3964,35.74,9.22,0.0,0.0,0.0,0.1709,26.52,0.0
3965,35.74,16.41,0.0,0.0,0.0,0.1709,19.33,0.0
3966,35.74,13.35,0.0,7.61,0.0,0.1709,30.0,0.0
3967,37.69,0.0,15.03,0.0,0.0,0.4237,22.67,0.0
3968,39.57,25.21,14.36,0.0,0.0,0.4237,0.0,0.0
3969,41.3,16.03,25.26,0.0,0.0,0.4237,0.0,0.0
3970,42.81,0.0,42.81,0.0,0.0,0.4237,0.0,0.0
3971,44.06,0.0,44.06,0.0,0.0,0.4237,0.0,0.0
3972,44.98,0.0,44.98,0.0,0.0,0.4237,0.0,0.0
3973,45.55,0.0,45.55,0.0,0.0,0.4237,0.0,0.0
3974,45.74,0.0,45.74,0.0,0.0,0.4237,0.0,0.0
3975,45.55,4.84,40.71,0.0,0.0,0.4237,0.0,0.0
3976,44.98,10.35,29.1,0.0,0.0,0.4237,5.53,0.0
3977,44.06,21.99,14.96,0.0,0.0,0.4237,7.1,0.0
3978,42.81,15.88,0.0,0.0,0.0,0.4237,26.93,0.0
3979,41.3,2.5,0.0,0.0,8.79,0.4237,30.0,0.0
3980,39.57,28.63,0.0,0.0,0.0,0.1,10.94,0.0
3981,37.69,33.4,0.0,0.0,0.0,0.1,4.29,0.0
3982,35.74,49.85,0.0,14.11,0.0,0.1,0.0,0.0
3983,35.74,8.74,0.0,0.0,0.0,0.5686,27.0,0.0
3984,35.7,22.48,0.0,0.0,0.0,0.5686,13.22,0.0
3985,35.7,0.0,0.0,0.0,5.7,0.5686,30.0,0.0
3986,35.7,24.21,0.0,0.9,0.0,0.3588,12.39,0.0
3987,35.7,11.8,0.0,0.0,0.0,0.3886,23.9,0.0
3988,35.7,34.1,0.0,0.0,1.6,0.3886,0.0,0.0
3989,35.7,5.16,0.0,0.0,0.54,0.3297,30.0,0.0
3990,35.7,0.0,0.0,0.0,5.7,0.3098,30.0,0.0
3991,37.65,3.05,13.27,0.0,0.0,0.1,21.33,0.0
3992,39.53,0.0,28.35,11.57,0.0,0.1,22.74,0.0
3993,41.26,0.58,40.67,0.0,0.0,0.4844,0.0,0.0
3994,42.77,0.0,42.77,0.0,0.0,0.4844,0.0,0.0
3995,44.02,0.0,44.02,0.0,0.0,0.4844,0.0,0.0
3996,44.94,0.0,44.94,0.0,0.0,0.4844,0.0,0.0
3997,45.51,0.0,45.51,0.0,0.0,0.4844,0.0,0.0
3998,45.7,17.89,27.81,0.0,0.0,0.4844,0.0,0.0
3999,45.51,6.83,38.68,0.0,0.0,0.4844,0.0,0.0
4000,44.94,0.0,29.6,0.0,0.0,0.4844,15.34,0.0
4001,44.02,7.38,12.65,6.02,0.0,0.4844,30.0,0.0
4002,42.77,10.42,0.0,0.0,2.35,0.6844,30.0,0.0
4003,41.26,17.44,0.0,0.0,0.0,0.5977,23.82,0.0
4004,39.53,1.71,0.0,0.0,7.82,0.5977,30.0,0.0
4005,37.65,23.04,0.0,0.0,0.0,0.3098,14.62,0.0
4006,35.7,0.0,0.0,0.0,5.7,0.3098,30.0,0.0
4007,35.7,13.55,0.0,0.0,0.0,0.1,22.15,0.0
4008,35.66,15.23,0.0,0.0,0.0,0.1,20.43,0.0
4009,35.66,25.94,0.0,0.0,0.0,0.1,9.72,0.0
4010,35.66,18.94,0.0,13.28,0.0,0.1,30.0,0.0
4011,35.66,3.32,0.0,0.0,2.34,0.5412,30.0,0.0
4012,35.66,5.42,0.0,0.0,6.55,0.455,23.69,0.0
4013,35.66,14.7,0.0,9.04,0.0,0.2141,30.0,0.0
4014,35.66,9.42,0.0,0.0,0.0,0.5144,26.24,0.0
4015,37.61,1.94,13.83,0.0,0.0,0.5144,21.84,0.0
4016,39.49,0.54,29.88,0.0,0.0,0.5144,9.07,0.0
4017,41.21,10.09,31.13,0.0,0.0,0.5144,0.0,0.0
4018,42.73,0.0,42.73,0.0,0.0,0.5144,0.0,0.0
4019,43.97,0.0,43.97,0.0,0.0,0.5144,0.0,0.0
4020,44.9,21.71,23.19,0.0,0.0,0.5144,0.0,0.0
4021,45.47,0.0,45.47,0.0,0.0,0.5144,0.0,0.0
4022,45.66,0.0,45.66,0.0,0.0,0.5144,0.0,0.0
4023,45.47,5.75,39.72,0.0,0.0,0.5144,0.0,0.0
4024,44.9,0.0,29.82,0.0,0.0,0.5144,15.08,0.0
4025,43.97,4.51,13.58,0.0,0.0,0.5144,25.88,0.0
4026,42.73,2.5,0.0,0.0,10.23,0.5144,30.0,0.0
4027,41.21,10.18,0.0,0.0,1.03,0.1379,30.0,0.0
4028,39.49,30.85,0.0,6.22,0.0,0.1,14.86,0.0
4029,37.61,25.05,0.0,0.0,0.0,0.3068,12.56,0.0
4030,35.66,27.21,0.0,0.0,0.0,0.3068,8.45,0.0
4031,35.66,5.76,0.0,0.0,0.0,0.3068,29.9,0.0
4032,35.62,8.66,0.0,0.0,0.0,0.3068,26.96,0.0
4033,35.62,0.0,0.0,0.0,5.62,0.3068,30.0,0.0
4034,35.62,10.71,0.0,0.0,0.0,0.1,24.91,0.0
4035,35.62,26.53,0.0,0.0,0.0,0.1,9.09,0.0
4036,35.62,20.16,0.0,0.0,0.0,0.1,15.45,0.0
4037,35.62,10.52,0.0,0.0,0.0,0.1,25.1,0.0
4038,35.62,9.93,0.0,0.0,0.0,0.1,25.69,0.0
4039,37.57,0.82,15.51,0.0,0.0,0.1,21.24,0.0
4040,39.44,7.24,27.9,0.0,0.0,0.1,4.3,0.0
4041,41.17,0.0,41.17,0.0,0.0,0.1,0.0,0.0
4042,42.69,0.0,42.69,0.0,0.0,0.1,0.0,0.0
4043,43.93,0.0,43.93,0.0,0.0,0.1,0.0,0.0
4044,44.86,0.0,44.86,0.0,0.0,0.1,0.0,0.0
4045,45.43,0.0,45.43,0.0,0.0,0.1,0.0,0.0
4046,45.62,0.0,45.62,0.0,0.0,0.1,0.0,0.0
4047,45.43,30.9,14.53,0.0,0.0,0.1,0.0,0.0
4048,44.86,4.2,28.48,17.82,0.0,0.1,30.0,0.0
4049,43.93,11.47,13.62,0.0,0.0,0.692,18.84,0.0
4050,42.69,2.88,0.0,0.0,16.08,0.692,23.72,0.0
4051,41.17,14.48,0.0,0.0,0.0,0.1,26.69,0.0
4052,39.44,19.6,0.0,0.0,0.0,0.1,19.84,0.0
4053,37.57,19.03,0.0,11.46,0.0,0.1,30.0,0.0
4054,35.62,8.64,0.0,0.0,0.0,0.4807,26.98,0.0
4055,35.62,21.69,0.0,0.0,0.0,0.4807,13.93,0.0
4056,35.58,34.35,0.0,12.62,0.0,0.4807,13.85,0.0
4057,35.58,24.04,0.0,0.0,0.0,0.9,11.54,0.0
4058,35.58,28.11,0.0,0.0,0.0,0.9,7.47,0.0
4059,35.58,14.74,0.0,0.0,0.0,0.9,20.84,0.0
4060,35.58,22.42,0.0,0.0,0.0,0.9,13.16,0.0
4061,35.58,15.41,0.0,0.0,0.0,0.9,20.17,0.0
4062,35.58,0.75,0.0,0.0,21.74,0.9,13.09,0.0
4063,37.53,10.7,13.89,0.0,0.0,0.1,12.94,0.0
4064,39.4,0.0,29.97,0.0,0.0,0.1,9.43,0.0
4065,41.13,0.0,40.0,0.0,0.0,0.1,1.13,0.0
4066,42.65,3.45,39.2,0.0,0.0,0.1,0.0,0.0
4067,43.89,0.0,43.89,0.0,0.0,0.1,0.0,0.0
4068,44.81,0.0,44.81,0.0,0.0,0.1,0.0,0.0
4069,45.38,0.0,45.38,0.0,0.0,0.1,0.0,0.0
4070,45.58,0.0,45.58,0.0,0.0,0.1,0.0,0.0
4071,45.38,0.0,41.71,0.0,0.0,0.1,3.67,0.0
4072,44.81,0.0,29.66,14.84,0.0,0.1,30.0,0.0
4073,43.89,6.14,15.16,0.0,0.0,0.5931,22.59,0.0
4074,42.65,5.72,0.0,0.0,10.11,0.5931,26.82,0.0
4075,41.13,13.77,0.0,2.64,0.0,0.2211,30.0,0.0
4076,39.4,11.46,0.0,2.06,0.0,0.3088,30.0,0.0
4077,37.53,0.0,0.0,0.0,7.53,0.377,30.0,0.0
4078,35.58,14.81,0.0,0.0,0.0,0.1,20.76,0.0
4079,35.58,16.61,0.0,0.0,0.0,0.1,18.96,0.0
4080,35.53,26.16,0.0,0.0,0.0,0.1,9.38,0.0
4081,35.53,12.71,0.0,0.0,0.0,0.1,22.83,0.0
4082,35.53,35.13,0.0,24.08,0.0,0.1,24.49,0.0
4083,35.53,0.0,0.0,0.0,5.53,0.9,30.0,0.0
4084,35.53,27.9,0.0,0.0,6.16,0.6963,1.47,0.0
4085,35.53,10.41,0.0,4.88,0.0,0.4696,30.0,0.0
4086,35.53,18.54,0.0,0.0,0.0,0.6316,17.0,0.0
4087,37.48,8.31,14.73,0.0,14.44,0.6316,0.0,0.0
4088,39.36,11.47,27.89,0.0,0.0,0.1,0.0,0.0
4089,41.09,0.0,40.41,0.0,0.0,0.1,0.68,0.0
4090,42.6,0.0,42.6,0.0,0.0,0.1,0.0,0.0
4091,43.85,14.55,29.3,0.0,0.0,0.1,0.0,0.0
4092,44.77,0.0,44.77,0.0,0.0,0.1,0.0,0.0
4093,45.34,0.0,45.34,0.0,0.0,0.1,0.0,0.0
4094,45.53,0.0,45.53,0.0,0.0,0.1,0.0,0.0
4095,45.34,0.0,42.27,0.0,0.0,0.1,3.07,0.0
4096,44.77,11.01,29.74,24.08,0.0,0.1,28.1,0.0
4097,43.85,1.72,13.48,0.0,0.0,0.9,28.65,0.0
4098,42.6,8.77,0.0,0.0,3.83,0.9,30.0,0.0
4099,41.09,13.33,0.0,2.24,0.0,0.7589,30.0,0.0
4100,39.36,0.22,0.0,0.0,19.93,0.8334,19.21,0.0
4101,37.48,9.37,0.0,0.0,0.0,0.1,28.12,0.0
4102,35.53,31.9,0.0,0.0,0.0,0.1,3.63,0.0
4103,35.53,28.31,0.0,0.0,0.0,0.1,7.23,0.0
4104,35.49,19.27,0.0,0.0,0.0,0.1,16.23,0.0
4105,35.49,21.94,0.0,0.0,0.0,0.1,13.55,0.0
4106,35.49,15.67,0.0,7.21,0.0,0.1,27.04,0.0
4107,35.49,30.36,0.0,0.0,0.0,0.3395,5.14,0.0
4108,35.49,12.99,0.0,7.5,0.0,0.3395,30.0,0.0
4109,35.49,14.87,0.0,9.38,0.0,0.5885,30.0,0.0
4110,35.49,21.32,0.0,0.0,0.0,0.9,14.17,0.0
4111,37.44,0.0,13.58,0.0,19.48,0.9,4.38,0.0
4112,39.32,9.27,30.04,0.0,0.0,0.1829,0.0,0.0
4113,41.05,0.0,40.01,0.0,0.0,0.1829,1.04,0.0
4114,42.56,17.56,25.01,0.0,0.0,0.1829,0.0,0.0
4115,43.81,0.0,43.81,0.0,0.0,0.1829,0.0,0.0
4116,44.73,0.0,44.73,0.0,0.0,0.1829,0.0,0.0
4117,45.3,0.0,45.3,0.0,0.0,0.1829,0.0,0.0
4118,45.49,0.0,45.49,0.0,0.0,0.1829,0.0,0.0
4119,45.3,0.0,41.09,0.0,0.0,0.1829,4.21,0.0
4120,44.73,0.0,27.32,0.0,0.0,0.1829,17.41,0.0
4121,43.81,6.14,14.06,0.0,0.0,0.1829,23.61,0.0
4122,42.56,19.47,0.0,0.0,0.0,0.1829,23.1,0.0
4123,41.05,14.63,0.0,0.0,0.0,0.1829,26.42,0.0
4124,39.32,17.99,0.0,0.0,0.0,0.1829,21.33,0.0
4125,37.44,6.21,0.0,0.0,1.23,0.1829,30.0,0.0
4126,35.49,9.89,0.0,0.0,0.0,0.1377,25.6,0.0
4127,35.49,35.49,0.0,0.0,0.0,0.1377,0.0,0.0
4128,35.45,12.61,0.0,0.0,0.0,0.1377,22.84,0.0
4129,35.45,35.45,0.0,0.0,0.0,0.1377,0.0,0.0
4130,35.45,16.14,0.0,0.0,0.0,0.1377,19.31,0.0
4131,35.45,16.99,0.0,0.0,0.0,0.1377,18.46,0.0
4132,35.45,25.47,0.0,0.0,0.0,0.1377,9.98,0.0
4133,35.45,25.08,0.0,0.0,0.0,0.1377,10.37,0.0
4134,35.45,8.91,0.0,0.0,0.0,0.1377,26.53,0.0
4135,37.4,3.64,12.61,0.0,0.0,0.1377,21.15,0.0
4136,39.28,4.53,27.11,0.0,0.0,0.1377,7.63,0.0
4137,41.01,0.0,41.01,0.0,0.0,0.1377,0.0,0.0
4138,42.52,0.0,42.52,0.0,0.0,0.1377,0.0,0.0
4139,43.76,0.0,43.76,0.0,0.0,0.1377,0.0,0.0
4140,44.69,0.0,44.69,0.0,0.0,0.1377,0.0,0.0
4141,45.26,0.0,45.26,0.0,0.0,0.1377,0.0,0.0
4142,45.45,0.0,45.45,0.0,0.0,0.1377,0.0,0.0
4143,45.26,6.11,39.14,0.0,0.0,0.1377,0.0,0.0
4144,44.69,0.0,27.56,0.0,0.0,0.1377,17.13,0.0
4145,43.76,0.0,12.74,0.0,1.02,0.1377,30.0,0.0
4146,42.52,13.83,0.0,0.0,0.0,0.1,28.69,0.0
4147,41.01,11.62,0.0,0.0,0.0,0.1,29.38,0.0
4148,39.28,9.86,0.0,0.0,0.0,0.1,29.42,0.0
4149,37.4,19.37,0.0,11.96,0.0,0.1,30.0,0.0
4150,35.45,17.94,0.0,0.0,10.8,0.4974,6.71,0.0
4151,35.45,30.62,0.0,0.0,0.0,0.1,4.83,0.0
4152,35.41,20.67,0.0,0.0,0.0,0.1,14.74,0.0
4153,35.41,12.13,0.0,0.0,0.0,0.1,23.27,0.0
4154,35.41,28.25,0.0,0.0,0.0,0.1,7.16,0.0
4155,35.41,14.8,0.0,0.0,0.0,0.1,20.61,0.0
4156,35.41,20.08,0.0,2.03,0.0,0.1,17.35,0.0
4157,35.41,7.82,0.0,0.0,0.0,0.1673,27.58,0.0
4158,35.41,3.58,0.0,0.0,1.83,0.1673,30.0,0.0
4159,37.36,8.26,13.29,0.0,0.0,0.1,15.82,0.0
4160,39.23,5.18,27.99,0.0,0.0,0.1,6.07,0.0
4161,40.96,0.4,40.56,0.0,0.0,0.1,0.0,0.0
4162,42.48,0.0,42.48,0.0,0.0,0.1,0.0,0.0
4163,43.72,0.0,43.72,0.0,0.0,0.1,0.0,0.0
4164,44.65,0.0,44.65,0.0,0.0,0.1,0.0,0.0
4165,45.21,0.0,45.21,0.0,0.0,0.1,0.0,0.0
4166,45.41,0.0,45.41,0.0,0.0,0.1,0.0,0.0
4167,45.21,0.59,40.27,0.0,0.0,0.1,4.36,0.0
4168,44.65,14.77,27.79,24.08,0.0,0.1,26.17,0.0
4169,43.72,0.42,13.79,0.0,0.0,0.9,29.52,0.0
4170,42.48,0.0,0.0,0.0,12.48,0.9,30.0,0.0
4171,40.96,10.94,0.0,0.0,0.02,0.4407,30.0,0.0
4172,39.23,10.13,0.0,0.0,9.24,0.44,19.86,0.0
4173,37.36,7.43,0.0,0.0,0.0,0.1,29.93,0.0
4174,35.41,16.78,0.0,0.0,0.0,0.1,18.63,0.0
4175,35.41,24.33,0.0,0.0,0.0,0.1,11.08,0.0
4176,35.36,19.7,0.0,0.0,0.0,0.1,15.66,0.0
4177,35.36,22.48,0.0,13.42,0.0,0.1,26.3,0.0
4178,35.36,35.36,0.0,0.0,0.0,0.5457,0.0,0.0
4179,35.36,13.54,0.0,8.17,0.0,0.5457,30.0,0.0
4180,35.36,17.61,0.0,0.0,0.0,0.8172,17.75,0.0
4181,35.36,7.49,0.0,0.0,0.0,0.8172,27.88,0.0
4182,35.36,1.62,0.0,0.0,3.75,0.8172,30.0,0.0
4183,37.32,1.64,13.52,0.0,0.0,0.6793,22.15,0.0
4184,39.19,0.31,29.16,0.0,0.0,0.6793,9.71,0.0
4185,40.92,6.53,34.39,0.0,0.0,0.6793,0.0,0.0
4186,42.44,24.55,17.88,0.0,0.0,0.6793,0.0,0.0
4187,43.68,0.0,43.68,0.0,0.0,0.6793,0.0,0.0
4188,44.6,0.0,44.6,0.0,0.0,0.6793,0.0,0.0
4189,45.17,0.0,45.17,0.0,0.0,0.6793,0.0,0.0
4190,45.36,0.0,45.36,0.0,0.0,0.6793,0.0,0.0
4191,45.17,3.89,41.29,0.0,0.0,0.6793,0.0,0.0
4192,44.6,15.13,29.48,0.0,0.0,0.6793,0.0,0.0
4193,43.68,0.0,13.96,0.0,0.0,0.6793,29.72,0.0
4194,42.44,0.0,0.0,0.0,12.44,0.6793,30.0,0.0
4195,40.92,7.62,0.0,0.0,3.3,0.2216,30.0,0.0
4196,39.19,25.68,0.0,16.49,0.0,0.1,30.0,0.0
4197,37.32,1.5,0.0,0.0,9.51,0.6476,26.3,0.0
4198,35.36,0.0,0.0,0.0,5.36,0.2974,30.0,0.0
4199,35.36,25.08,0.0,0.0,0.0,0.1,10.28,0.0
4200,35.32,22.17,0.0,0.0,0.0,0.1,13.15,0.0
4201,35.32,8.7,0.0,3.38,0.0,0.1,30.0,0.0
4202,35.32,8.75,0.0,0.0,0.0,0.2123,26.57,0.0
4203,35.32,7.34,0.0,0.0,0.0,0.2123,27.98,0.0
4204,35.32,15.94,0.0,10.62,0.0,0.2123,30.0,0.0
4205,35.32,6.31,0.0,0.0,0.0,0.565,29.01,0.0
4206,35.32,14.79,0.0,8.19,0.0,0.565,28.72,0.0
4207,37.27,0.0,14.99,0.0,0.0,0.8371,22.28,0.0
4208,39.15,0.0,28.52,0.0,0.0,0.8371,10.63,0.0
4209,40.88,0.0,40.88,0.0,0.0,0.8371,0.0,0.0
4210,42.39,0.0,42.39,0.0,0.0,0.8371,0.0,0.0
4211,43.64,0.0,43.64,0.0,0.0,0.8371,0.0,0.0
4212,44.56,0.0,44.56,0.0,0.0,0.8371,0.0,0.0
4213,45.13,0.0,45.13,0.0,0.0,0.8371,0.0,0.0
4214,45.32,0.0,45.32,0.0,0.0,0.8371,0.0,0.0
4215,45.13,8.46,36.67,0.0,0.0,0.8371,0.0,0.0
4216,44.56,15.39,29.17,0.0,0.0,0.8371,0.0,0.0
4217,43.64,2.64,14.71,0.0,0.0,0.8371,26.29,0.0
4218,42.39,13.12,0.0,0.0,0.0,0.8371,29.27,0.0
4219,40.88,0.0,0.0,0.0,10.88,0.8371,30.0,0.0
4220,39.15,0.0,0.0,0.0,9.15,0.4367,30.0,0.0
4221,37.27,25.21,0.0,0.0,0.0,0.1,12.07,0.0
4222,35.32,18.4,0.0,0.0,0.0,0.1,16.92,0.0
4223,35.32,31.04,0.0,0.0,0.0,0.1,4.28,0.0
4224,35.28,6.23,0.0,0.0,0.0,0.1,29.05,0.0
4225,35.28,24.54,0.0,0.0,0.0,0.1,10.74,0.0
4226,35.28,35.28,0.0,0.0,0.0,0.1,0.0,0.0
4227,35.28,21.0,0.0,0.0,0.0,0.1,14.28,0.0
4228,35.28,17.55,0.0,12.27,0.0,0.1,30.0,0.0
4229,35.28,12.54,0.0,7.26,0.0,0.5077,30.0,0.0
4230,35.28,0.0,0.0,0.0,17.63,0.7488,17.65,0.0
4231,37.23,20.7,13.34,0.0,0.0,0.1,3.18,0.0
4232,39.11,0.0,27.2,0.0,0.0,0.1,11.9,0.0
4233,40.83,0.0,40.83,0.0,0.0,0.1,0.0,0.0
4234,42.35,0.0,42.35,0.0,0.0,0.1,0.0,0.0
4235,43.59,0.0,43.59,0.0,0.0,0.1,0.0,0.0
4236,44.52,0.0,44.52,0.0,0.0,0.1,0.0,0.0
4237,45.09,0.0,45.09,0.0,0.0,0.1,0.0,0.0
4238,45.28,0.0,45.28,0.0,0.0,0.1,0.0,0.0
4239,45.09,2.17,39.64,0.0,0.0,0.1,3.27,0.0
4240,44.52,0.0,27.55,0.0,0.0,0.1,16.97,0.0
4241,43.59,16.14,13.32,15.87,0.0,0.1,30.0,0.0
4242,42.35,4.1,0.0,0.0,14.16,0.6272,24.09,0.0
4243,40.83,19.33,0.0,0.0,0.0,0.1061,21.5,0.0
4244,39.11,15.08,0.0,5.97,0.0,0.1061,30.0,0.0
4245,37.23,1.68,0.0,0.0,5.55,0.3044,30.0,0.0
4246,35.28,20.05,0.0,0.0,0.0,0.1,15.23,0.0
4247,35.28,41.04,0.0,5.76,0.0,0.1,0.0,0.0
4248,35.24,24.59,0.0,0.0,0.0,0.2913,10.65,0.0
4249,35.24,18.83,0.0,0.0,0.0,0.2913,16.4,0.0
4250,35.24,29.0,0.0,0.0,0.0,0.2913,6.23,0.0
4251,35.24,18.93,0.0,13.69,0.0,0.2913,30.0,0.0
4252,35.24,16.87,0.0,0.0,0.0,0.746,18.36,0.0
4253,35.24,1.69,0.0,0.0,7.75,0.746,25.8,0.0
4254,35.24,12.19,0.0,6.96,0.0,0.4609,30.0,0.0
4255,37.19,17.54,15.53,0.0,0.0,0.6919,4.12,0.0
4256,39.06,0.0,27.74,0.0,0.0,0.6919,11.32,0.0
4257,40.79,1.04,39.76,0.0,0.0,0.6919,0.0,0.0
4258,42.31,0.46,41.85,0.0,0.0,0.6919,0.0,0.0
4259,43.55,0.0,43.55,0.0,0.0,0.6919,0.0,0.0
4260,44.48,0.0,44.48,0.0,0.0,0.6919,0.0,0.0
4261,45.04,0.0,45.04,0.0,0.0,0.6919,0.0,0.0
4262,45.24,0.0,45.24,0.0,0.0,0.6919,0.0,0.0
4263,45.04,0.06,41.52,0.0,0.0,0.6919,3.47,0.0
4264,44.48,4.38,27.11,0.0,0.0,0.6919,12.98,0.0
4265,43.55,12.2,12.6,0.0,0.0,0.6919,18.75,0.0
4266,42.31,12.75,0.0,0.0,0.0,0.6919,29.55,0.0
4267,40.79,0.0,0.0,0.0,10.79,0.6919,30.0,0.0
4268,39.06,3.77,0.0,0.0,5.29,0.2947,30.0,0.0
4269,37.19,26.0,0.0,1.04,0.0,0.1,12.23,0.0
4270,35.24,17.11,0.0,0.0,0.0,0.1346,18.12,0.0
4271,35.24,14.24,0.0,0.0,0.0,0.1346,20.99,0.0
4272,35.19,6.34,0.0,1.15,0.0,0.1346,30.0,0.0
4273,35.19,8.75,0.0,3.56,0.0,0.1729,30.0,0.0
4274,35.19,0.0,0.0,0.0,5.19,0.2911,30.0,0.0
4275,35.19,15.84,0.0,0.0,0.0,0.1,19.35,0.0
4276,35.19,8.91,0.0,3.71,0.0,0.1,30.0,0.0
4277,35.19,2.91,0.0,0.0,3.35,0.2233,28.94,0.0
4278,35.19,9.2,0.0,0.0,0.0,0.1,25.99,0.0
4279,37.14,10.91,14.56,0.0,0.0,0.1,11.67,0.0
4280,39.02,25.56,13.46,0.0,0.0,0.1,0.0,0.0
4281,40.75,0.0,39.91,0.0,0.0,0.1,0.84,0.0
4282,42.26,12.76,29.5,0.0,0.0,0.1,0.0,0.0
4283,43.51,0.0,43.51,0.0,0.0,0.1,0.0,0.0
4284,44.43,0.0,44.43,0.0,0.0,0.1,0.0,0.0
4285,45.0,0.0,45.0,0.0,0.0,0.1,0.0,0.0
4286,45.19,0.0,45.19,0.0,0.0,0.1,0.0,0.0
4287,45.0,4.32,40.68,0.0,0.0,0.1,0.0,0.0
4288,44.43,19.81,27.83,10.01,0.0,0.1,6.8,0.0
4289,43.51,13.29,15.47,0.0,0.0,0.4325,14.75,0.0
4290,42.26,14.88,0.0,2.62,0.0,0.4325,30.0,0.0
4291,40.75,8.19,0.0,0.0,2.56,0.5195,30.0,0.0
4292,39.02,0.19,0.0,0.0,8.83,0.4251,30.0,0.0
4293,37.14,14.78,0.0,7.64,0.0,0.1,30.0,0.0
4294,35.19,30.28,0.0,0.0,0.0,0.3538,4.91,0.0
4295,35.19,4.35,0.0,0.0,0.84,0.3538,30.0,0.0
4296,35.15,9.32,0.0,4.17,0.0,0.3227,30.0,0.0
4297,35.15,20.62,0.0,0.0,0.0,0.4612,14.53,0.0
4298,35.15,8.7,0.0,3.54,0.0,0.4612,30.0,0.0
4299,35.15,9.02,0.0,0.0,0.0,0.579,26.13,0.0
4300,35.15,10.62,0.0,5.46,0.0,0.579,30.0,0.0
4301,35.15,0.0,0.0,0.0,5.15,0.7605,30.0,0.0
4302,35.15,0.27,0.0,0.0,12.79,0.5709,22.08,0.0
4303,37.1,14.24,15.13,0.0,0.0,0.1,7.73,0.0
4304,38.98,0.0,28.87,0.0,0.0,0.1,10.1,0.0
4305,40.71,0.0,40.71,0.0,0.0,0.1,0.0,0.0
4306,42.22,0.0,42.22,0.0,0.0,0.1,0.0,0.0
4307,43.47,0.0,43.47,0.0,0.0,0.1,0.0,0.0
4308,44.39,0.0,44.39,0.0,0.0,0.1,0.0,0.0
4309,44.96,0.0,44.96,0.0,0.0,0.1,0.0,0.0
4310,45.15,0.0,45.15,0.0,0.0,0.1,0.0,0.0
4311,44.96,0.0,40.06,24.08,0.0,0.1,28.99,0.0
4312,44.39,9.81,27.46,0.0,0.0,0.9,7.12,0.0
4313,43.47,11.09,14.18,0.0,0.0,0.9,18.2,0.0
4314,42.22,5.83,0.0,0.0,21.74,0.9,14.65,0.0
4315,40.71,22.31,0.0,11.61,0.0,0.1,30.0,0.0
4316,38.98,3.69,0.0,0.0,10.48,0.4856,24.82,0.0
4317,37.1,27.93,0.0,0.0,0.0,0.1,9.17,0.0
4318,35.15,19.91,0.0,0.0,0.0,0.1,15.24,0.0
4319,35.15,16.06,0.0,0.0,0.0,0.1,19.09,0.0
4320,35.11,19.5,0.0,0.0,0.0,0.1,15.6,0.0
4321,35.11,18.31,0.0,0.0,0.0,0.1,16.8,0.0
4322,35.11,30.39,0.0,0.0,0.0,0.1,4.71,0.0
4323,35.11,6.22,0.0,0.0,0.0,0.1,28.89,0.0
4324,35.11,7.27,0.0,0.0,0.0,0.1,27.84,0.0
4325,35.11,22.61,0.0,17.5,0.0,0.1,30.0,0.0
4326,35.11,3.99,0.0,0.0,2.23,0.6812,28.89,0.0
4327,37.06,16.17,13.7,0.0,0.0,0.5992,7.19,0.0
4328,38.93,11.55,27.38,0.0,0.0,0.5992,0.0,0.0
4329,40.66,0.0,40.66,0.0,0.0,0.5992,0.0,0.0
4330,42.18,0.0,42.18,0.0,0.0,0.5992,0.0,0.0
4331,43.42,0.0,43.42,0.0,0.0,0.5992,0.0,0.0
4332,44.35,0.0,44.35,0.0,0.0,0.5992,0.0,0.0
4333,44.92,0.0,44.92,0.0,0.0,0.5992,0.0,0.0
4334,45.11,0.0,45.11,0.0,0.0,0.5992,0.0,0.0
4335,44.92,0.0,40.03,0.0,0.0,0.5992,4.89,0.0
4336,44.35,0.0,29.36,0.0,0.0,0.5992,14.99,0.0
4337,43.42,12.26,14.0,0.0,0.0,0.5992,17.16,0.0
4338,42.18,0.0,0.0,0.0,12.18,0.5992,30.0,0.0
4339,40.66,9.28,0.0,0.0,1.39,0.151,30.0,0.0
4340,38.93,24.04,0.0,9.98,0.0,0.1,24.87,0.0
4341,37.06,18.71,0.0,11.65,0.0,0.4316,30.0,0.0
4342,35.11,37.56,0.0,2.46,0.0,0.8184,0.0,0.0
4343,35.11,29.46,0.0,0.0,0.0,0.9,5.65,0.0
4344,35.06,13.26,0.0,0.0,14.47,0.9,7.33,0.0
4345,35.06,19.63,0.0,0.0,0.0,0.3672,15.44,0.0
4346,35.06,17.91,0.0,0.0,0.0,0.3672,17.16,0.0
4347,35.06,1.23,0.0,0.0,3.83,0.3672,30.0,0.0
4348,35.06,5.51,0.0,0.0,0.0,0.2262,29.55,0.0
4349,35.06,6.88,0.0,1.81,0.0,0.2262,30.0,0.0
4350,35.06,0.0,0.0,0.0,5.06,0.2864,30.0,0.0
4351,37.02,7.77,12.62,0.0,0.0,0.1,16.63,0.0
4352,38.89,2.47,29.91,0.0,0.0,0.1,6.51,0.0
4353,40.62,0.0,40.62,0.0,0.0,0.1,0.0,0.0
4354,42.14,5.3,36.83,0.0,0.0,0.1,0.0,0.0
4355,43.38,0.0,43.38,0.0,0.0,0.1,0.0,0.0
4356,44.3,0.0,44.3,0.0,0.0,0.1,0.0,0.0
4357,44.87,0.0,44.87,0.0,0.0,0.1,0.0,0.0
4358,45.06,0.0,45.06,0.0,0.0,0.1,0.0,0.0
4359,44.87,9.58,35.29,0.0,0.0,0.1,0.0,0.0
4360,44.3,7.95,29.75,0.0,0.0,0.1,6.6,0.0
4361,43.38,0.0,14.78,0.0,0.0,0.1,28.6,0.0
4362,42.14,12.57,0.0,0.0,0.0,0.1,29.56,0.0
4363,40.62,24.17,0.0,0.0,0.0,0.1,16.45,0.0
4364,38.89,8.9,0.0,0.0,0.0,0.1,29.99,0.0
4365,37.02,37.47,0.0,9.47,0.0,0.1,9.02,0.0
4366,35.06,13.2,0.0,0.0,0.0,0.4146,21.86,0.0
4367,35.06,19.68,0.0,14.61,0.0,0.4146,30.0,0.0
4368,35.02,13.07,0.0,0.0,0.0,0.9,21.95,0.0
4369,35.02,21.55,0.0,0.0,0.0,0.9,13.47,0.0
4370,35.02,1.22,0.0,0.0,21.74,0.9,12.07,0.0
4371,35.02,11.43,0.0,6.41,0.0,0.1,30.0,0.0
4372,35.02,4.02,0.0,0.0,4.97,0.3129,26.04,0.0
4373,35.02,13.73,0.0,0.0,0.0,0.13,21.3,0.0
4374,35.02,19.64,0.0,0.0,0.0,0.13,15.39,0.0
4375,36.97,13.66,14.11,20.79,0.0,0.13,30.0,0.0
4376,38.85,0.0,29.65,0.0,0.0,0.8207,9.2,0.0
4377,40.58,0.0,40.58,0.0,0.0,0.8207,0.0,0.0
4378,42.09,0.0,42.09,0.0,0.0,0.8207,0.0,0.0
4379,43.34,0.0,43.34,0.0,0.0,0.8207,0.0,0.0
4380,44.26,0.0,44.26,0.0,0.0,0.8207,0.0,0.0
4381,44.83,0.0,44.83,0.0,0.0,0.8207,0.0,0.0
4382,45.02,0.0,45.02,0.0,0.0,0.8207,0.0,0.0
4383,44.83,4.83,40.0,0.0,0.0,0.8207,0.0,0.0
4384,44.26,0.0,27.82,0.0,0.0,0.8207,16.44,0.0
4385,43.34,3.32,14.37,0.0,0.0,0.8207,25.65,0.0
4386,42.09,3.09,0.0,0.0,9.0,0.8207,30.0,0.0
4387,40.58,0.0,0.0,0.0,10.58,0.4893,30.0,0.0
4388,38.85,16.2,0.0,0.0,0.0,0.1,22.64,0.0
4389,36.97,22.57,0.0,0.0,0.0,0.1,14.4,0.0
4390,35.02,23.44,0.0,0.0,0.0,0.1,11.58,0.0
4391,35.02,27.43,0.0,22.41,0.0,0.1,30.0,0.0
4392,34.98,22.88,0.0,0.0,0.0,0.8443,12.09,0.0
4393,34.98,14.11,0.0,0.0,20.22,0.8443,0.65,0.0
4394,34.98,26.64,0.0,4.0,0.0,0.1,12.34,0.0
4395,34.98,3.44,0.0,0.0,1.54,0.233,30.0,0.0
4396,34.98,5.9,0.0,0.0,0.0,0.1765,29.08,0.0
4397,34.98,2.9,0.0,0.0,2.08,0.1765,30.0,0.0
4398,34.98,20.48,0.0,0.0,0.0,0.1,14.5,0.0
4399,36.93,16.58,12.59,22.24,0.0,0.1,30.0,0.0
4400,38.81,9.72,27.67,0.11,0.0,0.8388,1.52,0.0
4401,40.53,0.0,40.53,0.0,0.0,0.8424,0.0,0.0
4402,42.05,0.0,42.05,0.0,0.0,0.8424,0.0,0.0
4403,43.29,0.0,43.29,0.0,0.0,0.8424,0.0,0.0
4404,44.22,0.0,44.22,0.0,0.0,0.8424,0.0,0.0
4405,44.79,0.0,44.79,0.0,0.0,0.8424,0.0,0.0
4406,44.98,0.0,44.98,0.0,0.0,0.8424,0.0,0.0
4407,44.79,0.0,41.87,0.0,0.0,0.8424,2.92,0.0
4408,44.22,10.25,27.45,0.0,0.0,0.8424,6.52,0.0
4409,43.29,15.92,14.42,0.0,0.0,0.8424,12.95,0.0
4410,42.05,3.27,0.0,0.0,8.78,0.8424,30.0,0.0
4411,40.53,11.79,0.0,0.0,0.0,0.5191,28.74,0.0
4412,38.81,4.35,0.0,0.0,4.46,0.5191,30.0,0.0
4413,36.93,0.0,0.0,0.0,6.93,0.355,30.0,0.0
4414,34.98,20.35,0.0,15.37,0.0,0.1,30.0,0.0
4415,34.98,25.35,0.0,0.0,0.0,0.6104,9.63,0.0
4416,34.94,22.27,0.0,8.72,0.0,0.6104,21.38,0.0
4417,34.94,0.16,0.0,0.0,16.8,0.9,17.97,0.0
4418,34.94,14.92,0.0,0.0,0.0,0.2817,20.01,0.0
4419,34.94,0.0,0.0,0.0,4.94,0.2817,30.0,0.0
4420,34.94,28.26,0.0,12.11,0.0,0.1,18.79,0.0
4421,34.94,1.7,0.0,0.0,3.23,0.5022,30.0,0.0
4422,34.94,22.21,0.0,0.0,0.0,0.3833,12.73,0.0
4423,36.89,16.61,12.58,0.0,7.7,0.3833,0.0,0.0
4424,38.76,0.0,29.34,0.0,0.0,0.1,9.42,0.0
4425,40.49,0.0,39.39,8.42,0.0,0.1,9.52,0.0
4426,42.01,4.77,37.23,0.0,0.0,0.3798,0.0,0.0
4427,43.25,0.0,43.25,0.0,0.0,0.3798,0.0,0.0
4428,44.17,0.0,44.17,0.0,0.0,0.3798,0.0,0.0
4429,44.74,0.0,44.74,0.0,0.0,0.3798,0.0,0.0
4430,44.94,0.0,44.94,0.0,0.0,0.3798,0.0,0.0
4431,44.74,0.0,41.18,0.0,0.0,0.3798,3.56,0.0
4432,44.17,7.16,28.69,0.0,0.0,0.3798,8.33,0.0
4433,43.25,1.77,13.81,0.0,0.0,0.3798,27.67,0.0
4434,42.01,4.4,0.0,0.0,7.6,0.3798,30.0,0.0
4435,40.49,19.25,0.0,0.0,0.0,0.1,21.24,0.0
4436,38.76,26.32,0.0,0.0,0.0,0.1,12.44,0.0
4437,36.89,14.13,0.0,0.0,0.0,0.1,22.76,0.0
4438,34.94,15.02,0.0,0.0,0.0,0.1,19.91,0.0
4439,34.94,24.28,0.0,0.0,0.0,0.1,10.65,0.0
4440,34.89,6.34,0.0,0.0,0.0,0.1,28.55,0.0
4441,34.89,21.56,0.0,0.0,0.0,0.1,13.33,0.0
4442,34.89,23.81,0.0,0.0,0.0,0.1,11.08,0.0
4443,34.89,23.51,0.0,9.5,0.0,0.1,20.88,0.0
4444,34.89,0.0,0.0,0.0,4.89,0.4157,30.0,0.0
4445,34.89,4.91,0.0,0.0,0.0,0.2356,29.99,0.0
4446,34.89,1.21,0.0,0.0,3.68,0.2356,30.0,0.0
4447,36.84,8.29,14.21,13.37,0.0,0.1,27.71,0.0
4448,38.72,9.66,28.65,0.0,0.0,0.5442,0.4,0.0
4449,40.45,0.0,40.45,0.0,0.0,0.5442,0.0,0.0
4450,41.96,0.0,41.96,0.0,0.0,0.5442,0.0,0.0
4451,43.21,0.0,43.21,0.0,0.0,0.5442,0.0,0.0
4452,44.13,0.0,44.13,0.0,0.0,0.5442,0.0,0.0
4453,44.7,0.0,44.7,0.0,0.0,0.5442,0.0,0.0
4454,44.89,0.0,44.89,0.0,0.0,0.5442,0.0,0.0
4455,44.7,2.97,41.73,0.0,0.0,0.5442,0.0,0.0
4456,44.13,0.0,28.3,0.0,0.0,0.5442,15.83,0.0
4457,43.21,0.0,13.1,0.0,0.1,0.5442,30.0,0.0
4458,41.96,0.0,0.0,0.0,11.96,0.5403,30.0,0.0
4459,40.45,18.92,0.0,0.0,0.0,0.1,21.53,0.0
4460,38.72,26.48,0.0,0.0,0.0,0.1,12.24,0.0
4461,36.84,35.02,0.0,0.0,0.0,0.1,1.82,0.0
4462,34.89,26.68,0.0,0.0,0.0,0.1,8.21,0.0
4463,34.89,30.81,0.0,0.0,0.0,0.1,4.08,0.0
4464,34.85,14.0,0.0,9.15,0.0,0.1,30.0,0.0
4465,34.85,7.99,0.0,3.14,0.0,0.4039,30.0,0.0
4466,34.85,26.76,0.0,11.8,0.0,0.5081,19.89,0.0
4467,34.85,20.94,0.0,0.0,0.0,0.9,13.91,0.0
4468,34.85,15.84,0.0,0.0,0.0,0.9,19.01,0.0
4469,34.85,16.23,0.0,0.0,0.0,0.9,18.62,0.0
4470,34.85,13.05,0.0,0.0,11.36,0.9,10.45,0.0
4471,36.8,19.95,13.28,0.0,0.0,0.482,3.57,0.0
4472,38.68,8.88,29.79,0.0,0.0,0.482,0.0,0.0
4473,40.41,8.26,32.15,0.0,0.0,0.482,0.0,0.0
4474,41.92,0.0,41.92,0.0,0.0,0.482,0.0,0.0
4475,43.16,0.0,43.16,0.0,0.0,0.482,0.0,0.0
4476,44.09,0.0,44.09,0.0,0.0,0.482,0.0,0.0
4477,44.66,0.0,44.66,0.0,0.0,0.482,0.0,0.0
4478,44.85,0.0,44.85,0.0,0.0,0.482,0.0,0.0
4479,44.66,3.26,41.4,0.0,0.0,0.482,0.0,0.0
4480,44.09,0.0,29.12,0.0,0.0,0.482,14.97,0.0
4481,43.16,10.13,14.97,0.0,0.0,0.482,18.07,0.0
4482,41.92,1.54,0.0,0.0,10.38,0.482,30.0,0.0
4483,40.41,17.86,0.0,7.45,0.0,0.1,30.0,0.0
4484,38.68,14.45,0.0,5.78,0.0,0.3476,30.0,0.0
4485,36.8,1.12,0.0,0.0,11.94,0.5395,23.74,0.0
4486,34.85,22.53,0.0,0.0,0.0,0.1,12.32,0.0
4487,34.85,13.68,0.0,0.0,0.0,0.1,21.17,0.0
4488,34.81,28.4,0.0,0.0,0.0,0.1,6.41,0.0
4489,34.81,19.4,0.0,0.0,0.0,0.1,15.41,0.0
4490,34.81,22.29,0.0,0.0,0.0,0.1,12.51,0.0
4491,34.81,7.41,0.0,0.0,0.0,0.1,27.4,0.0
4492,34.81,9.0,0.0,0.0,0.0,0.1,25.81,0.0
4493,34.81,7.91,0.0,0.0,0.0,0.1,26.9,0.0
4494,34.81,18.31,0.0,0.0,0.0,0.1,16.5,0.0
4495,36.76,23.84,12.92,0.0,0.0,0.1,0.0,0.0
4496,38.63,0.0,27.16,0.0,0.0,0.1,11.48,0.0
4497,40.36,0.0,40.36,0.0,0.0,0.1,0.0,0.0
4498,41.88,0.0,41.88,0.0,0.0,0.1,0.0,0.0
4499,43.12,0.0,43.12,0.0,0.0,0.1,0.0,0.0
4500,44.05,0.0,44.05,0.0,0.0,0.1,0.0,0.0
4501,44.61,0.0,44.61,0.0,0.0,0.1,0.0,0.0
4502,44.81,0.0,44.81,0.0,0.0,0.1,0.0,0.0
4503,44.61,5.28,39.33,0.0,0.0,0.1,0.0,0.0
4504,44.05,2.84,29.57,0.0,0.0,0.1,11.63,0.0
4505,43.12,11.06,13.7,0.0,0.0,0.1,18.36,0.0
4506,41.88,16.67,0.0,0.0,0.0,0.1,25.2,0.0
4507,40.36,15.04,0.0,4.68,0.0,0.1,30.0,0.0
4508,38.63,21.27,0.0,0.0,0.0,0.2553,17.36,0.0
4509,36.76,16.15,0.0,9.39,0.0,0.2553,30.0,0.0
4510,34.81,6.71,0.0,0.0,0.0,0.5674,28.09,0.0
4511,34.81,29.8,0.0,0.0,0.0,0.5674,5.01,0.0
4512,34.76,13.93,0.0,0.0,0.0,0.5674,20.83,0.0
4513,34.76,10.19,0.0,5.42,0.0,0.5674,30.0,0.0
4514,34.76,16.66,0.0,0.0,0.0,0.7476,18.1,0.0
4515,34.76,7.86,0.0,0.0,0.0,0.7476,26.9,0.0
4516,34.76,10.7,0.0,0.0,17.59,0.7476,6.47,0.0
4517,34.76,15.82,0.0,0.32,0.0,0.1,19.26,0.0
4518,34.76,13.32,0.0,0.0,0.0,0.1107,21.44,0.0
4519,36.71,0.0,14.14,0.0,0.0,0.1107,22.57,0.0
4520,38.59,0.17,29.0,0.0,0.0,0.1107,9.42,0.0
4521,40.32,0.0,40.32,0.0,0.0,0.1107,0.0,0.0
4522,41.83,0.0,41.83,0.0,0.0,0.1107,0.0,0.0
4523,43.08,20.81,22.27,0.0,0.0,0.1107,0.0,0.0
4524,44.0,0.0,44.0,0.0,0.0,0.1107,0.0,0.0
4525,44.57,0.0,44.57,0.0,0.0,0.1107,0.0,0.0
4526,44.76,0.0,44.76,0.0,0.0,0.1107,0.0,0.0
4527,44.57,5.08,39.49,0.0,0.0,0.1107,0.0,0.0
4528,44.0,4.44,27.29,0.0,0.0,0.1107,12.27,0.0
4529,43.08,1.92,12.59,0.0,0.0,0.1107,28.57,0.0
4530,41.83,11.54,0.0,0.0,0.29,0.1107,30.0,0.0
4531,40.32,21.74,0.0,0.0,0.0,0.1,18.58,0.0
4532,38.59,19.74,0.0,0.0,0.0,0.1,18.85,0.0
4533,36.71,8.2,0.0,0.0,0.0,0.1,28.51,0.0
4534,34.76,25.73,0.0,0.0,0.0,0.1,9.04,0.0
4535,34.76,13.12,0.0,0.0,0.0,0.1,21.64,0.0
4536,34.72,21.89,0.0,0.0,0.0,0.1,12.84,0.0
4537,34.72,16.43,0.0,0.0,0.0,0.1,18.29,0.0
4538,34.72,16.28,0.0,0.0,0.0,0.1,18.44,0.0
4539,34.72,24.41,0.0,5.38,0.0,0.1,15.69,0.0
4540,34.72,4.59,0.0,0.0,0.13,0.2786,30.0,0.0
4541,34.72,31.61,0.0,0.0,0.0,0.2738,3.11,0.0
4542,34.72,0.0,0.0,0.0,4.72,0.2738,30.0,0.0
4543,36.67,1.47,14.79,8.41,0.0,0.1,28.82,0.0
4544,38.55,8.63,27.78,0.0,0.0,0.3793,2.13,0.0
4545,40.28,8.7,31.58,0.0,0.0,0.3793,0.0,0.0
4546,41.79,0.39,41.4,0.0,0.0,0.3793,0.0,0.0
4547,43.04,0.0,43.04,0.0,0.0,0.3793,0.0,0.0
4548,43.96,0.0,43.96,0.0,0.0,0.3793,0.0,0.0
4549,44.53,0.0,44.53,0.0,0.0,0.3793,0.0,0.0
4550,44.72,0.0,44.72,0.0,0.0,0.3793,0.0,0.0
4551,44.53,3.9,40.63,0.0,0.0,0.3793,0.0,0.0
4552,43.96,13.58,27.17,0.0,0.0,0.3793,3.21,0.0
4553,43.04,0.0,12.51,0.0,0.52,0.3793,30.0,0.0
4554,41.79,9.13,0.0,0.0,2.67,0.36,30.0,0.0
4555,40.28,9.5,0.0,0.0,0.78,0.2619,30.0,0.0
4556,38.55,4.93,0.0,0.0,3.62,0.2332,30.0,0.0
4557,36.67,20.41,0.0,0.0,0.0,0.1,16.26,0.0
4558,34.72,13.14,0.0,0.0,0.0,0.1,21.58,0.0
4559,34.72,25.87,0.0,0.0,0.0,0.1,8.85,0.0
4560,34.68,9.24,0.0,0.0,0.0,0.1,25.44,0.0
4561,34.68,34.68,0.0,0.0,0.0,0.1,0.0,0.0
4562,34.68,9.63,0.0,0.0,0.0,0.1,25.05,0.0
4563,34.68,19.05,0.0,0.0,0.0,0.1,15.63,0.0
4564,34.68,22.65,0.0,0.0,0.0,0.1,12.03,0.0
4565,34.68,6.86,0.0,0.0,0.0,0.1,27.82,0.0
4566,34.68,18.32,0.0,13.64,0.0,0.1,30.0,0.0
4567,36.63,0.0,13.6,0.0,12.31,0.5531,10.72,0.0
4568,38.5,19.3,19.2,0.0,0.0,0.1,0.0,0.0
4569,40.23,0.37,39.86,0.0,0.0,0.1,0.0,0.0
4570,41.75,0.0,41.75,0.0,0.0,0.1,0.0,0.0
4571,42.99,0.0,42.99,0.0,0.0,0.1,0.0,0.0
4572,43.92,0.0,43.92,0.0,0.0,0.1,0.0,0.0
4573,44.49,0.0,44.49,0.0,0.0,0.1,0.0,0.0
4574,44.68,0.0,44.68,0.0,0.0,0.1,0.0,0.0
4575,44.49,0.78,40.41,0.0,0.0,0.1,3.29,0.0
4576,43.92,0.0,27.33,13.41,0.0,0.1,30.0,0.0
4577,42.99,25.3,14.39,0.0,0.0,0.5454,3.3,0.0
4578,41.75,4.35,0.0,0.0,7.4,0.5454,30.0,0.0
4579,40.23,20.66,0.0,10.43,0.0,0.2731,30.0,0.0
4580,38.5,16.91,0.0,0.0,0.0,0.6196,21.59,0.0
4581,36.63,7.2,0.0,0.0,14.12,0.6196,15.32,0.0
4582,34.68,18.39,0.0,0.0,0.0,0.1,16.28,0.0
4583,34.68,27.16,0.0,0.0,0.0,0.1,7.52,0.0
4584,34.64,17.94,0.0,0.0,0.0,0.1,16.69,0.0
4585,34.64,31.21,0.0,0.0,0.0,0.1,3.43,0.0
4586,34.64,28.53,0.0,0.0,0.0,0.1,6.1,0.0
4587,34.64,25.96,0.0,18.37,0.0,0.1,27.05,0.0
4588,34.64,10.35,0.0,5.71,0.0,0.7103,30.0,0.0
4589,34.64,1.87,0.0,0.0,21.01,0.9,11.76,0.0
4590,34.64,3.91,0.0,0.0,0.73,0.1267,30.0,0.0
4591,36.59,9.33,14.23,0.0,0.0,0.1,13.02,0.0
4592,38.46,10.4,28.06,0.0,0.0,0.1,0.0,0.0
4593,40.19,0.0,40.19,0.0,0.0,0.1,0.0,0.0
4594,41.71,1.34,40.36,0.0,0.0,0.1,0.0,0.0
4595,42.95,2.0,40.95,0.0,0.0,0.1,0.0,0.0
4596,43.87,0.0,43.87,0.0,0.0,0.1,0.0,0.0
4597,44.44,0.0,44.44,0.0,0.0,0.1,0.0,0.0
4598,44.64,0.0,44.64,0.0,0.0,0.1,0.0,0.0
4599,44.44,3.57,40.88,0.0,0.0,0.1,0.0,0.0
4600,43.87,2.9,28.96,0.0,0.0,0.1,12.02,0.0
4601,42.95,16.63,13.16,0.0,0.0,0.1,13.15,0.0
4602,41.71,26.05,0.0,0.0,0.0,0.1,15.66,0.0
4603,40.19,25.41,0.0,15.22,0.0,0.1,30.0,0.0
4604,38.46,4.12,0.0,0.0,13.74,0.6056,20.6,0.0
4605,36.59,14.41,0.0,0.0,0.0,0.1,22.17,0.0
4606,34.64,15.08,0.0,0.0,0.0,0.1,19.56,0.0
4607,34.64,24.28,0.0,0.0,0.0,0.1,10.36,0.0
4608,34.59,26.58,0.0,5.09,0.0,0.1,13.1,0.0
4609,34.59,11.23,0.0,0.0,0.0,0.269,23.37,0.0
4610,34.59,19.17,0.0,0.0,0.0,0.269,15.42,0.0
4611,34.59,0.0,0.0,0.0,4.59,0.269,30.0,0.0
4612,34.59,29.1,0.0,14.51,0.0,0.1,20.01,0.0
4613,34.59,7.48,0.0,0.0,0.0,0.582,27.11,0.0
4614,34.59,10.53,0.0,0.0,0.0,0.582,24.07,0.0
4615,36.54,4.38,12.39,0.0,0.0,0.582,19.77,0.0
4616,38.42,9.66,28.76,0.0,0.0,0.582,0.0,0.0
4617,40.15,0.0,40.15,0.0,0.0,0.582,0.0,0.0
4618,41.66,1.29,40.38,0.0,0.0,0.582,0.0,0.0
4619,42.91,0.0,42.91,0.0,0.0,0.582,0.0,0.0
4620,43.83,0.0,43.83,0.0,0.0,0.582,0.0,0.0
4621,44.4,17.46,26.94,0.0,0.0,0.582,0.0,0.0
4622,44.59,0.0,44.59,0.0,0.0,0.582,0.0,0.0
4623,44.4,4.63,39.77,0.0,0.0,0.582,0.0,0.0
4624,43.83,8.56,27.09,0.0,0.0,0.582,8.18,0.0
4625,42.91,19.85,14.6,0.0,0.0,0.582,8.46,0.0
4626,41.66,3.41,0.0,0.0,8.26,0.582,30.0,0.0
4627,40.15,5.31,0.0,0.0,4.84,0.2781,30.0,0.0
4628,38.42,25.69,0.0,17.27,0.0,0.1,30.0,0.0
4629,36.54,21.13,0.0,0.0,0.0,0.6737,15.42,0.0
4630,34.59,3.29,0.0,0.0,9.08,0.6737,22.22,0.0
4631,34.59,14.18,0.0,9.58,0.0,0.3394,30.0,0.0
4632,34.55,23.66,0.0,0.0,0.0,0.6577,10.9,0.0
4633,34.55,27.76,0.0,0.0,0.0,0.6577,6.79,0.0
4634,34.55,11.84,0.0,7.29,0.0,0.6577,30.0,0.0
4635,34.55,0.0,0.0,0.0,4.55,0.9,30.0,0.0
4636,34.55,20.08,0.0,0.0,0.0,0.7325,14.47,0.0
4637,34.55,0.54,0.0,0.0,12.63,0.7325,21.38,0.0
4638,34.55,0.0,0.0,0.0,4.55,0.2675,30.0,0.0
4639,36.5,0.0,14.94,0.0,0.0,0.1,21.56,0.0
4640,38.38,10.06,28.31,0.0,0.0,0.1,0.0,0.0
4641,40.11,0.0,40.11,0.0,0.0,0.1,0.0,0.0
4642,41.62,0.0,41.62,0.0,0.0,0.1,0.0,0.0
4643,42.87,0.0,42.87,0.0,0.0,0.1,0.0,0.0
4644,43.79,0.0,43.79,0.0,0.0,0.1,0.0,0.0
4645,44.36,0.0,44.36,0.0,0.0,0.1,0.0,0.0
4646,44.55,0.0,44.55,0.0,0.0,0.1,0.0,0.0
4647,44.36,2.7,40.13,0.0,0.0,0.1,1.52,0.0
4648,43.79,0.0,28.99,0.0,0.0,0.1,14.8,0.0
4649,42.87,5.2,12.6,4.94,0.0,0.1,30.0,0.0
4650,41.62,7.56,0.0,0.0,4.46,0.2641,29.61,0.0
4651,40.11,18.72,0.0,0.0,0.0,0.1,21.38,0.0
4652,38.38,15.38,0.0,0.0,0.0,0.1,23.0,0.0
4653,36.5,23.11,0.0,0.0,0.0,0.1,13.4,0.0
4654,34.55,25.46,0.0,0.0,0.0,0.1,9.09,0.0
4655,34.55,40.73,0.0,6.18,0.0,0.1,0.0,0.0
4656,34.51,16.78,0.0,0.0,0.0,0.3053,17.73,0.0
4657,34.51,10.28,0.0,0.0,0.0,0.3053,24.23,0.0
4658,34.51,20.99,0.0,0.0,0.0,0.3053,13.52,0.0
4659,34.51,9.1,0.0,0.0,0.0,0.3053,25.41,0.0
4660,34.51,29.55,0.0,17.9,0.0,0.3053,22.86,0.0
4661,34.51,9.8,0.0,0.0,0.0,0.9,24.71,0.0
4662,34.51,4.47,0.0,0.0,16.69,0.9,13.35,0.0
4663,36.46,2.85,15.23,0.0,0.0,0.2858,18.38,0.0
4664,38.34,10.46,27.88,0.0,0.0,0.2858,0.0,0.0
4665,40.06,1.52,38.54,0.0,0.0,0.2858,0.0,0.0
4666,41.58,0.0,41.58,0.0,0.0,0.2858,0.0,0.0
4667,42.82,16.92,25.9,0.0,0.0,0.2858,0.0,0.0
4668,43.75,0.0,43.75,0.0,0.0,0.2858,0.0,0.0
4669,44.32,0.0,44.32,0.0,0.0,0.2858,0.0,0.0
4670,44.51,0.0,44.51,0.0,0.0,0.2858,0.0,0.0
4671,44.32,0.0,39.9,0.0,0.0,0.2858,4.42,0.0
4672,43.75,9.84,27.1,0.0,0.0,0.2858,6.81,0.0
4673,42.82,0.0,14.94,2.11,0.0,0.2858,30.0,0.0
4674,41.58,18.14,0.0,0.0,0.0,0.356,23.44,0.0
4675,40.06,3.11,0.0,0.0,6.96,0.356,30.0,0.0
4676,38.34,21.78,0.0,0.0,0.0,0.1,16.55,0.0
4677,36.46,27.89,0.0,0.0,0.0,0.1,8.57,0.0
4678,34.51,27.04,0.0,0.0,0.0,0.1,7.46,0.0
4679,34.51,22.02,0.0,0.0,0.0,0.1,12.49,0.0
4680,34.47,17.64,0.0,0.0,0.0,0.1,16.83,0.0
4681,34.47,13.91,0.0,0.0,0.0,0.1,20.56,0.0
4682,34.47,33.08,0.0,0.0,0.0,0.1,1.38,0.0
4683,34.47,10.15,0.0,5.68,0.0,0.1,30.0,0.0
4684,34.47,4.78,0.0,0.0,5.13,0.2887,24.55,0.0
4685,34.47,19.17,0.0,2.47,0.0,0.1,17.77,0.0
4686,34.47,2.23,0.0,0.0,2.23,0.1822,30.0,0.0
4687,36.42,0.0,13.27,0.0,0.0,0.1,23.15,0.0
4688,38.29,0.0,26.83,0.0,0.0,0.1,11.46,0.0
4689,40.02,0.0,40.02,0.0,0.0,0.1,0.0,0.0
4690,41.54,0.73,40.81,0.0,0.0,0.1,0.0,0.0
4691,42.78,0.0,42.78,0.0,0.0,0.1,0.0,0.0
4692,43.7,0.0,43.7,0.0,0.0,0.1,0.0,0.0
4693,44.27,0.0,44.27,0.0,0.0,0.1,0.0,0.0
4694,44.47,0.0,44.47,0.0,0.0,0.1,0.0,0.0
4695,44.27,1.16,39.43,0.0,0.0,0.1,3.69,0.0
4696,43.7,10.17,28.25,24.08,0.0,0.1,29.36,0.0
4697,42.78,20.05,14.97,0.0,7.76,0.9,0.0,0.0
4698,41.54,11.32,0.0,0.0,5.27,0.6144,24.95,0.0
4699,40.02,8.0,0.0,0.0,2.02,0.4204,30.0,0.0
4700,38.29,5.22,0.0,0.0,3.07,0.346,30.0,0.0
4701,36.42,2.81,0.0,0.0,3.61,0.2329,30.0,0.0
4702,34.47,25.16,0.0,8.99,0.0,0.1,18.3,0.0
4703,34.47,25.27,0.0,0.0,0.0,0.3987,9.19,0.0
4704,34.42,25.64,0.0,0.0,0.0,0.3987,8.78,0.0
4705,34.42,18.35,0.0,0.0,0.0,0.3987,16.07,0.0
4706,34.42,32.49,0.0,0.0,0.0,0.3987,1.94,0.0
4707,34.42,12.31,0.0,0.0,0.0,0.3987,22.12,0.0
4708,34.42,24.44,0.0,0.0,0.0,0.3987,9.99,0.0
4709,34.42,12.28,0.0,0.0,0.0,0.3987,22.15,0.0
4710,34.42,4.12,0.0,0.0,0.3,0.3987,30.0,0.0
4711,36.38,13.4,12.36,0.0,0.0,0.3876,10.62,0.0
4712,38.25,9.22,27.47,0.0,0.0,0.3876,1.56,0.0
4713,39.98,6.66,33.32,0.0,0.0,0.3876,0.0,0.0
4714,41.5,2.38,39.11,0.0,0.0,0.3876,0.0,0.0
4715,42.74,0.0,42.74,0.0,0.0,0.3876,0.0,0.0
4716,43.66,23.78,19.88,0.0,0.0,0.3876,0.0,0.0
4717,44.23,0.0,44.23,0.0,0.0,0.3876,0.0,0.0
4718,44.42,0.0,44.42,0.0,0.0,0.3876,0.0,0.0
4719,44.23,3.02,41.21,0.0,0.0,0.3876,0.0,0.0
4720,43.66,15.1,28.22,0.0,0.0,0.3876,0.34,0.0
4721,42.74,12.66,13.98,0.0,0.0,0.3876,16.1,0.0
4722,41.5,10.37,0.0,0.0,1.13,0.3876,30.0,0.0
4723,39.98,9.67,0.0,0.0,0.31,0.3461,30.0,0.0
4724,38.25,14.24,0.0,0.0,0.0,0.3346,24.02,0.0
4725,36.38,0.0,0.0,0.0,6.38,0.3346,30.0,0.0
4726,34.42,20.71,0.0,0.0,0.0,0.1,13.71,0.0
4727,34.42,14.81,0.0,0.0,0.0,0.1,19.61,0.0
4728,34.38,35.68,0.0,16.36,0.0,0.1,15.07,0.0
4729,34.38,19.85,0.0,0.0,14.53,0.6434,0.0,0.0
4730,34.38,6.97,0.0,2.59,0.0,0.1086,30.0,0.0
4731,34.38,16.62,0.0,0.0,0.0,0.1946,17.76,0.0
4732,34.38,4.77,0.0,0.0,0.0,0.1946,29.61,0.0
4733,34.38,17.36,0.0,12.98,0.0,0.1946,30.0,0.0
4734,34.38,13.01,0.0,0.0,0.0,0.6256,21.37,0.0
4735,36.33,17.03,15.01,0.0,0.0,0.6256,4.29,0.0
4736,38.21,0.0,28.05,0.0,0.0,0.6256,10.16,0.0
4737,39.94,3.52,36.41,0.0,0.0,0.6256,0.0,0.0
4738,41.45,0.0,41.45,0.0,0.0,0.6256,0.0,0.0
4739,42.7,0.0,42.7,0.0,0.0,0.6256,0.0,0.0
4740,43.62,0.0,43.62,0.0,0.0,0.6256,0.0,0.0
4741,44.19,0.0,44.19,0.0,0.0,0.6256,0.0,0.0
4742,44.38,0.0,44.38,0.0,0.0,0.6256,0.0,0.0
4743,44.19,2.74,41.45,0.0,0.0,0.6256,0.0,0.0
4744,43.62,21.02,22.6,0.0,0.0,0.6256,0.0,0.0
4745,42.7,4.8,13.8,0.0,0.0,0.6256,24.1,0.0
4746,41.45,11.52,0.0,0.0,0.0,0.6256,29.94,0.0
4747,39.94,2.01,0.0,0.0,7.93,0.6256,30.0,0.0
4748,38.21,6.52,0.0,0.0,1.68,0.3337,30.0,0.0
4749,36.33,18.08,0.0,0.0,0.0,0.2717,18.26,0.0
4750,34.38,29.55,0.0,0.0,0.0,0.2717,4.84,0.0
4751,34.38,17.14,0.0,0.0,0.0,0.2717,17.25,0.0
4752,34.34,17.72,0.0,0.0,0.0,0.2717,16.62,0.0
4753,34.34,15.7,0.0,0.0,0.0,0.2717,18.64,0.0
4754,34.34,13.46,0.0,0.0,0.0,0.2717,20.89,0.0
4755,34.34,20.06,0.0,0.0,0.0,0.2717,14.28,0.0
4756,34.34,0.38,0.0,0.0,3.97,0.2717,30.0,0.0
4757,34.34,25.35,0.0,0.0,0.0,0.1257,8.99,0.0
4758,34.34,3.64,0.0,0.0,0.7,0.1257,30.0,0.0
4759,36.29,14.75,13.11,0.0,0.0,0.1,8.43,0.0
4760,38.17,0.0,28.59,0.0,0.0,0.1,9.58,0.0
4761,39.9,0.27,39.62,0.0,0.0,0.1,0.0,0.0
4762,41.41,0.0,41.41,0.0,0.0,0.1,0.0,0.0
4763,42.66,0.0,42.66,0.0,0.0,0.1,0.0,0.0
4764,43.58,0.0,43.58,0.0,0.0,0.1,0.0,0.0
4765,44.15,0.0,44.15,0.0,0.0,0.1,0.0,0.0
4766,44.34,0.0,44.34,0.0,0.0,0.1,0.0,0.0
4767,44.15,0.74,41.08,24.08,0.0,0.1,26.41,0.0
4768,43.58,15.41,27.71,0.0,0.0,0.9,0.47,0.0
4769,42.66,15.49,13.37,0.0,0.0,0.9,13.8,0.0
4770,41.41,10.34,0.0,0.0,1.07,0.9,30.0,0.0
4771,39.9,3.14,0.0,0.0,20.67,0.8607,16.08,0.0
4772,38.17,21.47,0.0,13.3,0.0,0.1,30.0,0.0
4773,36.29,17.35,0.0,10.78,0.0,0.5419,29.72,0.0
4774,34.34,0.0,0.0,0.0,4.34,0.9,30.0,0.0
4775,34.34,27.41,0.0,0.0,0.0,0.7402,6.93,0.0
4776,34.3,19.85,0.0,0.0,0.0,0.7402,14.45,0.0
4777,34.3,31.59,0.0,0.0,0.0,0.7402,2.71,0.0
4778,34.3,7.98,0.0,3.68,0.0,0.7402,30.0,0.0
4779,34.3,0.0,0.0,0.0,4.3,0.8626,30.0,0.0
4780,34.3,17.91,0.0,0.0,0.0,0.7043,16.39,0.0
4781,34.3,15.66,0.0,0.0,0.0,0.7043,18.64,0.0
4782,34.3,0.0,0.0,0.0,4.3,0.7043,30.0,0.0
4783,36.25,0.0,15.05,0.0,0.0,0.5461,21.2,0.0
4784,38.13,10.87,27.26,0.0,0.0,0.5461,0.0,0.0
4785,39.86,0.27,38.82,0.0,0.0,0.5461,0.77,0.0
4786,41.37,0.0,41.37,0.0,0.0,0.5461,0.0,0.0
4787,42.61,0.0,42.61,0.0,0.0,0.5461,0.0,0.0
4788,43.54,0.0,43.54,0.0,0.0,0.5461,0.0,0.0
4789,44.11,0.0,44.11,0.0,0.0,0.5461,0.0,0.0
4790,44.3,0.0,44.3,0.0,0.0,0.5461,0.0,0.0
4791,44.11,0.0,38.65,0.0,0.0,0.5461,5.46,0.0
4792,43.54,4.19,26.56,0.0,0.0,0.5461,12.79,0.0
4793,42.61,10.29,15.01,0.0,0.0,0.5461,17.31,0.0
4794,41.37,8.76,0.0,0.0,2.61,0.5461,30.0,0.0
4795,39.86,0.34,0.0,0.0,9.51,0.4501,30.0,0.0
4796,38.13,19.95,0.0,11.69,0.0,0.1,29.87,0.0
4797,36.25,0.0,0.0,0.0,6.25,0.4883,30.0,0.0
4798,34.3,0.0,0.0,0.0,4.3,0.2582,30.0,0.0
4799,34.3,27.03,0.0,6.1,0.0,0.1,13.37,0.0
4800,34.26,25.13,0.0,0.0,0.0,0.3026,9.13,0.0
4801,34.26,19.23,0.0,0.0,0.0,0.3026,15.02,0.0
4802,34.26,5.08,0.0,0.0,0.0,0.3026,29.18,0.0
4803,34.26,10.28,0.0,0.0,0.0,0.3026,23.98,0.0
4804,34.26,12.62,0.0,0.0,0.0,0.3026,21.63,0.0
4805,34.26,0.0,0.0,0.0,4.26,0.3026,30.0,0.0
4806,34.26,3.01,0.0,0.0,1.25,0.1458,30.0,0.0
4807,36.21,14.16,12.35,0.0,0.0,0.1,9.69,0.0
4808,38.09,9.49,28.6,0.0,0.0,0.1,0.0,0.0
4809,39.81,0.0,39.81,0.0,0.0,0.1,0.0,0.0
4810,41.33,0.0,41.33,0.0,0.0,0.1,0.0,0.0
4811,42.57,0.0,42.57,0.0,0.0,0.1,0.0,0.0
4812,43.5,0.0,43.5,0.0,0.0,0.1,0.0,0.0
4813,44.07,0.0,44.07,0.0,0.0,0.1,0.0,0.0
4814,44.26,0.0,44.26,0.0,0.0,0.1,0.0,0.0
4815,44.07,0.89,40.79,0.0,0.0,0.1,2.39,0.0
4816,43.5,18.37,28.78,3.65,0.0,0.1,0.0,0.0
4817,42.57,0.0,14.85,0.0,0.0,0.2213,27.72,0.0
4818,41.33,16.47,0.0,0.0,0.0,0.2213,24.86,0.0
4819,39.81,10.08,0.0,0.0,0.0,0.2213,29.73,0.0
4820,38.09,13.65,0.0,0.0,0.0,0.2213,24.43,0.0
4821,36.21,15.44,0.0,0.0,0.0,0.2213,20.77,0.0
4822,34.26,10.49,0.0,0.0,0.0,0.2213,23.77,0.0
4823,34.26,19.66,0.0,0.0,0.0,0.2213,14.6,0.0
4824,34.22,19.57,0.0,0.0,0.0,0.2213,14.65,0.0
4825,34.22,22.23,0.0,0.0,0.0,0.2213,11.99,0.0
4826,34.22,19.7,0.0,15.48,0.0,0.2213,30.0,0.0
4827,34.22,25.16,0.0,0.0,0.0,0.7356,9.06,0.0
4828,34.22,24.36,0.0,0.0,0.0,0.7356,9.86,0.0
4829,34.22,2.54,0.0,0.0,1.67,0.7356,30.0,0.0
4830,34.22,18.89,0.0,0.0,0.0,0.674,15.32,0.0
4831,36.17,0.0,14.04,0.0,15.6,0.674,6.53,0.0
4832,38.04,8.8,29.25,0.0,0.0,0.1,0.0,0.0
4833,39.77,9.48,30.29,0.0,0.0,0.1,0.0,0.0
4834,41.29,0.0,41.29,0.0,0.0,0.1,0.0,0.0
4835,42.53,0.0,42.53,0.0,0.0,0.1,0.0,0.0
4836,43.46,0.0,43.46,0.0,0.0,0.1,0.0,0.0
4837,44.03,0.0,44.03,0.0,0.0,0.1,0.0,0.0
4838,44.22,0.0,44.22,0.0,0.0,0.1,0.0,0.0
4839,44.03,0.0,38.52,0.0,0.0,0.1,5.51,0.0
4840,43.46,0.0,27.63,0.0,0.0,0.1,15.83,0.0
4841,42.53,8.54,13.8,0.0,0.0,0.1,20.19,0.0
4842,41.29,17.09,0.0,0.0,0.0,0.1,24.2,0.0
4843,39.77,11.49,0.0,0.0,0.0,0.1,28.28,0.0
4844,38.04,26.75,0.0,0.0,0.0,0.1,11.3,0.0
4845,36.17,22.53,0.0,4.67,0.0,0.1,18.31,0.0
4846,34.22,0.0,0.0,0.0,4.22,0.2552,30.0,0.0
4847,34.22,14.64,0.0,0.0,0.0,0.1,19.58,0.0
4848,34.18,14.71,0.0,4.63,0.0,0.1,24.1,0.0
4849,34.18,24.62,0.0,0.0,0.0,0.2537,9.55,0.0
4850,34.18,0.0,0.0,0.0,4.18,0.2537,30.0,0.0
4851,34.18,42.45,0.0,8.28,0.0,0.1,0.0,0.0
4852,34.18,20.55,0.0,15.81,0.0,0.3749,29.44,0.0
4853,34.18,14.41,0.0,0.0,9.59,0.9,10.18,0.0
4854,34.18,22.03,0.0,0.0,12.15,0.5471,0.0,0.0
4855,36.13,22.16,13.97,0.0,0.0,0.1,0.0,0.0
4856,38.0,10.07,27.94,0.0,0.0,0.1,0.0,0.0
4857,39.73,0.58,39.16,0.0,0.0,0.1,0.0,0.0
4858,41.25,3.16,38.09,0.0,0.0,0.1,0.0,0.0
4859,42.49,0.0,42.49,0.0,0.0,0.1,0.0,0.0
4860,43.42,0.0,43.42,0.0,0.0,0.1,0.0,0.0
4861,43.98,0.0,43.98,0.0,0.0,0.1,0.0,0.0
4862,44.18,0.0,44.18,0.0,0.0,0.1,0.0,0.0
4863,43.98,0.0,39.81,0.0,0.0,0.1,4.18,0.0
4864,43.42,4.73,26.36,0.0,0.0,0.1,12.33,0.0
4865,42.49,0.0,13.91,0.0,0.0,0.1,28.58,0.0
4866,41.25,12.27,0.0,0.0,0.0,0.1,28.97,0.0
4867,39.73,12.59,0.0,0.0,0.0,0.1,27.15,0.0
4868,38.0,16.76,0.0,0.0,0.0,0.1,21.24,0.0
4869,36.13,12.22,0.0,0.0,0.0,0.1,23.91,0.0
4870,34.18,49.21,0.0,22.04,0.0,0.1,7.0,0.0
4871,34.18,33.3,0.0,0.0,0.0,0.8321,0.88,0.0
4872,34.14,8.04,0.0,0.0,0.0,0.8321,26.09,0.0
4873,34.14,22.25,0.0,0.0,0.0,0.8321,11.88,0.0
4874,34.14,12.99,0.0,0.0,0.0,0.8321,21.14,0.0
4875,34.14,7.43,0.0,0.0,0.0,0.8321,26.71,0.0
4876,34.14,2.18,0.0,0.0,1.95,0.8321,30.0,0.0
4877,34.14,17.26,0.0,0.0,0.0,0.7602,16.88,0.0
4878,34.14,3.74,0.0,0.0,0.39,0.7602,30.0,0.0
4879,36.09,17.43,14.23,0.0,0.0,0.7457,4.43,0.0
4880,37.96,9.69,28.27,0.0,0.0,0.7457,0.0,0.0
4881,39.69,0.0,39.69,0.0,0.0,0.7457,0.0,0.0
4882,41.21,0.0,41.21,0.0,0.0,0.7457,0.0,0.0
4883,42.45,0.0,42.45,0.0,0.0,0.7457,0.0,0.0
4884,43.37,0.0,43.37,0.0,0.0,0.7457,0.0,0.0
4885,43.94,0.0,43.94,0.0,0.0,0.7457,0.0,0.0
4886,44.14,0.0,44.14,0.0,0.0,0.7457,0.0,0.0
4887,43.94,5.63,38.32,0.0,0.0,0.7457,0.0,0.0
4888,43.37,7.77,26.76,0.0,0.0,0.7457,8.84,0.0
4889,42.45,14.17,14.32,0.0,0.0,0.7457,13.97,0.0
4890,41.21,2.36,0.0,0.0,8.85,0.7457,30.0,0.0
4891,39.69,1.0,0.0,0.0,8.7,0.4201,30.0,0.0
4892,37.96,9.77,0.0,0.0,0.0,0.1,28.19,0.0
4893,36.09,16.19,0.0,0.0,0.0,0.1,19.89,0.0
4894,34.14,8.5,0.0,4.36,0.0,0.1,30.0,0.0
4895,34.14,19.86,0.0,15.73,0.0,0.245,30.0,0.0
4896,34.1,3.73,0.0,0.0,3.15,0.7675,27.21,0.0
4897,34.1,8.99,0.0,0.0,0.0,0.6515,25.1,0.0
4898,34.1,25.64,0.0,0.0,0.0,0.6515,8.45,0.0
4899,34.1,23.42,0.0,0.0,0.0,0.6515,10.68,0.0
4900,34.1,11.58,0.0,7.48,0.0,0.6515,30.0,0.0
4901,34.1,3.04,0.0,0.0,1.06,0.9,30.0,0.0
4902,34.1,0.4,0.0,0.0,9.51,0.8611,24.19,0.0
4903,36.05,4.29,13.21,0.0,0.0,0.511,18.55,0.0
4904,37.92,10.0,27.92,0.0,0.0,0.511,0.0,0.0
4905,39.65,0.82,38.83,0.0,0.0,0.511,0.0,0.0
4906,41.17,0.0,41.17,0.0,0.0,0.511,0.0,0.0
4907,42.41,0.0,42.41,0.0,0.0,0.511,0.0,0.0
4908,43.33,0.0,43.33,0.0,0.0,0.511,0.0,0.0
4909,43.9,0.0,43.9,0.0,0.0,0.511,0.0,0.0
4910,44.1,0.0,44.1,0.0,0.0,0.511,0.0,0.0
4911,43.9,2.71,41.2,0.0,0.0,0.511,0.0,0.0
4912,43.33,13.73,27.34,0.0,0.0,0.511,2.26,0.0
4913,42.41,9.52,14.01,0.0,0.0,0.511,18.88,0.0
4914,41.17,0.0,0.0,0.0,11.17,0.511,30.0,0.0
4915,39.65,15.14,0.0,0.0,0.0,0.1,24.51,0.0
4916,37.92,25.9,0.0,0.0,0.0,0.1,12.03,0.0
4917,36.05,13.78,0.0,0.0,0.0,0.1,22.27,0.0
4918,34.1,32.34,0.0,0.0,0.0,0.1,1.76,0.0
4919,34.1,32.75,0.0,0.0,0.0,0.1,1.35,0.0
4920,34.06,36.8,0.0,16.68,0.0,0.1,13.94,0.0
4921,34.06,23.09,0.0,0.0,0.0,0.6541,10.97,0.0
4922,34.06,24.88,0.0,0.0,9.17,0.6541,0.0,0.0
4923,34.06,31.46,0.0,0.0,0.0,0.3165,2.6,0.0
4924,34.06,19.9,0.0,0.0,0.0,0.3165,14.15,0.0
4925,34.06,8.19,0.0,4.13,0.0,0.3165,30.0,0.0
4926,34.06,6.16,0.0,0.0,0.0,0.4538,27.9,0.0
4927,36.01,10.38,13.38,0.0,0.0,0.4538,12.25,0.0
4928,37.88,0.0,26.39,0.0,0.0,0.4538,11.49,0.0
4929,39.61,0.1,39.51,0.0,0.0,0.4538,0.0,0.0
4930,41.13,0.0,41.13,0.0,0.0,0.4538,0.0,0.0
4931,42.37,0.0,42.37,0.0,0.0,0.4538,0.0,0.0
4932,43.29,0.0,43.29,0.0,0.0,0.4538,0.0,0.0
4933,43.86,0.0,43.86,0.0,0.0,0.4538,0.0,0.0
4934,44.06,0.0,44.06,0.0,0.0,0.4538,0.0,0.0
4935,43.86,8.96,34.9,0.0,0.0,0.4538,0.0,0.0
4936,43.29,5.68,28.63,0.0,0.0,0.4538,8.98,0.0
4937,42.37,20.14,14.55,0.0,0.0,0.4538,7.68,0.0
4938,41.13,20.25,0.0,0.0,0.0,0.4538,20.88,0.0
4939,39.61,0.0,0.0,0.0,9.61,0.4538,30.0,0.0
4940,37.88,21.28,0.0,0.0,0.0,0.1,16.6,0.0
4941,36.01,15.51,0.0,0.0,0.0,0.1,20.49,0.0
4942,34.06,19.92,0.0,0.0,0.0,0.1,14.14,0.0
4943,34.06,12.92,0.0,0.0,0.0,0.1,21.14,0.0
4944,34.02,37.7,0.0,24.08,0.0,0.1,20.4,0.0
4945,34.02,30.39,0.0,0.0,0.0,0.9,3.63,0.0
4946,34.02,11.88,0.0,0.0,0.0,0.9,22.13,0.0
4947,34.02,4.46,0.0,0.0,21.74,0.9,7.82,0.0
4948,34.02,11.77,0.0,7.75,0.0,0.1,30.0,0.0
4949,34.02,17.47,0.0,0.0,6.99,0.3574,9.56,0.0
4950,34.02,13.0,0.0,1.84,0.0,0.1,22.85,0.0
4951,35.97,20.43,13.41,0.0,0.0,0.1612,2.13,0.0
4952,37.84,9.47,28.37,0.0,0.0,0.1612,0.0,0.0
4953,39.57,0.0,39.57,0.0,0.0,0.1612,0.0,0.0
4954,41.09,0.0,41.09,0.0,0.0,0.1612,0.0,0.0
4955,42.33,0.0,42.33,0.0,0.0,0.1612,0.0,0.0
4956,43.25,0.0,43.25,0.0,0.0,0.1612,0.0,0.0
4957,43.82,0.0,43.82,0.0,0.0,0.1612,0.0,0.0
4958,44.02,0.0,44.02,0.0,0.0,0.1612,0.0,0.0
4959,43.82,8.63,35.19,0.0,0.0,0.1612,0.0,0.0
4960,43.25,2.58,26.36,0.0,0.0,0.1612,14.31,0.0
4961,42.33,0.0,13.75,0.0,0.0,0.1612,28.58,0.0
4962,41.09,9.43,0.0,0.0,1.66,0.1612,30.0,0.0
4963,39.57,16.23,0.0,0.0,0.0,0.1,23.34,0.0
4964,37.84,9.11,0.0,0.0,0.0,0.1,28.74,0.0
4965,35.97,15.28,0.0,0.0,0.0,0.1,20.69,0.0
4966,34.02,9.92,0.0,0.0,0.0,0.1,24.1,0.0
4967,34.02,31.17,0.0,0.0,0.0,0.1,2.85,0.0
4968,33.98,17.65,0.0,0.0,0.0,0.1,16.32,0.0
4969,33.98,33.98,0.0,0.0,0.0,0.1,0.0,0.0
4970,33.98,33.98,0.0,0.0,0.0,0.1,0.0,0.0
4971,33.98,16.87,0.0,12.9,0.0,0.1,30.0,0.0
4972,33.98,5.7,0.0,1.73,0.0,0.5283,30.0,0.0
4973,33.98,0.0,0.0,0.0,3.98,0.5857,30.0,0.0
4974,33.98,0.0,0.0,0.0,6.7,0.4393,27.27,0.0
4975,35.93,0.0,13.5,0.0,0.0,0.1926,22.42,0.0
4976,37.8,9.19,28.61,0.0,0.0,0.1926,0.0,0.0
4977,39.53,4.89,34.65,0.0,0.0,0.1926,0.0,0.0
4978,41.05,6.02,35.03,0.0,0.0,0.1926,0.0,0.0
4979,42.29,0.0,42.29,0.0,0.0,0.1926,0.0,0.0
4980,43.22,0.0,43.22,0.0,0.0,0.1926,0.0,0.0
4981,43.78,0.0,43.78,0.0,0.0,0.1926,0.0,0.0
4982,43.98,0.0,43.98,0.0,0.0,0.1926,0.0,0.0
4983,43.78,2.3,39.16,0.0,0.0,0.1926,2.33,0.0
4984,43.22,11.35,27.98,0.0,0.0,0.1926,3.89,0.0
4985,42.29,24.26,12.22,0.0,0.0,0.1926,5.8,0.0
4986,41.05,8.53,0.0,0.0,2.52,0.1926,30.0,0.0
4987,39.53,13.94,0.0,0.0,0.0,0.1,25.59,0.0
4988,37.8,17.53,0.0,0.0,0.0,0.1,20.28,0.0
4989,35.93,41.22,0.0,5.29,0.0,0.1,0.0,0.0
4990,33.98,0.0,0.0,0.0,3.98,0.2758,30.0,0.0
4991,33.98,26.94,0.0,0.0,0.0,0.1295,7.03,0.0
4992,33.94,19.49,0.0,0.0,0.0,0.1295,14.44,0.0
4993,33.94,25.87,0.0,17.59,0.0,0.1295,25.66,0.0
4994,33.94,12.83,0.0,0.0,0.0,0.7139,21.1,0.0
4995,33.94,17.26,0.0,0.0,16.68,0.7139,0.0,0.0
4996,33.94,22.71,0.0,6.81,0.0,0.1,18.04,0.0
4997,33.94,43.97,0.0,10.04,0.0,0.3262,0.0,0.0
4998,33.94,18.73,0.0,0.0,15.2,0.6596,0.0,0.0
4999,35.89,0.0,14.85,0.0,0.0,0.1,21.04,0.0
5000,37.76,1.68,27.31,0.0,0.0,0.1,8.77,0.0
5001,39.49,0.0,39.49,0.0,0.0,0.1,0.0,0.0
5002,41.01,0.0,41.01,0.0,0.0,0.1,0.0,0.0
5003,42.25,0.0,42.25,0.0,0.0,0.1,0.0,0.0
5004,43.18,0.0,43.18,0.0,0.0,0.1,0.0,0.0
5005,43.75,0.0,43.75,0.0,0.0,0.1,0.0,0.0
5006,43.94,0.0,43.94,0.0,0.0,0.1,0.0,0.0
5007,43.75,5.25,38.5,0.0,0.0,0.1,0.0,0.0
5008,43.18,0.0,27.16,0.0,0.0,0.1,16.02,0.0
5009,42.25,6.84,12.42,0.0,0.0,0.1,22.99,0.0
5010,41.01,26.51,0.0,0.0,0.0,0.1,14.49,0.0
5011,39.49,20.55,0.0,0.0,0.0,0.1,18.94,0.0
5012,37.76,15.79,0.0,0.0,0.0,0.1,21.98,0.0
5013,35.89,15.4,0.0,4.32,0.0,0.1,24.81,0.0
5014,33.94,20.06,0.0,0.0,0.0,0.2435,13.88,0.0
5015,33.94,15.25,0.0,0.0,0.0,0.2435,18.69,0.0
5016,33.9,0.0,0.0,0.0,3.9,0.2435,30.0,0.0
5017,33.9,40.47,0.0,6.57,0.0,0.1,0.0,0.0
5018,33.9,20.91,0.0,0.0,0.0,0.3182,12.99,0.0
5019,33.9,21.73,0.0,0.0,0.0,0.3182,12.17,0.0
5020,33.9,15.2,0.0,0.0,0.0,0.3182,18.69,0.0
5021,33.9,6.16,0.0,0.0,0.0,0.3182,27.74,0.0
5022,33.9,9.02,0.0,0.0,0.0,0.3182,24.88,0.0
5023,35.85,0.0,13.18,0.0,5.85,0.3182,16.83,0.0
5024,37.73,11.75,25.97,0.0,0.0,0.1031,0.0,0.0
5025,39.45,0.0,38.49,0.0,0.0,0.1031,0.96,0.0
5026,40.97,0.0,40.97,0.0,0.0,0.1031,0.0,0.0
5027,42.21,0.0,42.21,0.0,0.0,0.1031,0.0,0.0
5028,43.14,0.0,43.14,0.0,0.0,0.1031,0.0,0.0
5029,43.71,0.0,43.71,0.0,0.0,0.1031,0.0,0.0
5030,43.9,0.0,43.9,0.0,0.0,0.1031,0.0,0.0
5031,43.71,3.97,39.74,0.0,0.0,0.1031,0.0,0.0
5032,43.14,13.13,27.21,0.0,0.0,0.1031,2.8,0.0
5033,42.21,13.6,12.32,0.0,0.0,0.1031,16.29,0.0
5034,40.97,17.9,0.0,0.0,0.0,0.1031,23.07,0.0
5035,39.45,36.97,0.0,0.0,0.0,0.1031,2.48,0.0
5036,37.73,37.29,0.0,0.0,0.0,0.1031,0.44,0.0
5037,35.85,11.05,0.0,0.0,0.0,0.1031,24.8,0.0
5038,33.9,33.9,0.0,0.0,0.0,0.1031,0.0,0.0
5039,33.9,24.13,0.0,0.0,0.0,0.1031,9.76,0.0
5040,33.86,25.69,0.0,0.0,0.0,0.1031,8.17,0.0
5041,33.86,3.78,0.0,0.0,0.08,0.1031,30.0,0.0
5042,33.86,17.78,0.0,0.0,0.0,0.1,16.08,0.0
5043,33.86,9.89,0.0,4.28,0.0,0.1,28.25,0.0
5044,33.86,24.0,0.0,0.0,0.0,0.2421,9.86,0.0
5045,33.86,24.02,0.0,0.0,0.0,0.2421,9.84,0.0
5046,33.86,0.0,0.0,0.0,3.86,0.2421,30.0,0.0
5047,35.81,8.16,14.8,0.0,0.0,0.1,12.85,0.0
5048,37.69,10.99,26.7,0.0,0.0,0.1,0.0,0.0
5049,39.42,2.13,37.29,0.0,0.0,0.1,0.0,0.0
5050,40.93,0.0,40.93,0.0,0.0,0.1,0.0,0.0
5051,42.17,0.0,42.17,0.0,0.0,0.1,0.0,0.0
5052,43.1,0.0,43.1,0.0,0.0,0.1,0.0,0.0
5053,43.67,0.0,43.67,0.0,0.0,0.1,0.0,0.0
5054,43.86,0.0,43.86,0.0,0.0,0.1,0.0,0.0
5055,43.67,0.0,39.28,0.0,0.0,0.1,4.39,0.0
5056,43.1,12.99,26.85,24.08,0.0,0.1,27.35,0.0
5057,42.17,8.57,12.15,0.0,0.0,0.9,21.45,0.0
5058,40.93,9.56,0.0,0.0,1.37,0.9,30.0,0.0
5059,39.42,9.3,0.0,0.0,20.37,0.8497,9.74,0.0
5060,37.69,12.85,0.0,0.0,0.0,0.1,24.84,0.0
5061,35.81,28.2,0.0,0.0,0.0,0.1,7.61,0.0
5062,33.86,16.15,0.0,0.0,0.0,0.1,17.71,0.0
5063,33.86,7.23,0.0,0.0,0.0,0.1,26.63,0.0
5064,33.82,28.17,0.0,0.0,0.0,0.1,5.65,0.0
5065,33.82,18.5,0.0,0.0,0.0,0.1,15.32,0.0
5066,33.82,19.84,0.0,0.0,0.0,0.1,13.98,0.0
5067,33.82,33.8,0.0,0.0,0.0,0.1,0.03,0.0
5068,33.82,15.73,0.0,0.0,0.0,0.1,18.1,0.0
5069,33.82,16.4,0.0,4.24,0.0,0.1,21.66,0.0
5070,33.82,0.0,0.0,0.0,3.82,0.2407,30.0,0.0
5071,35.77,6.3,14.36,0.0,0.0,0.1,15.12,0.0
5072,37.65,12.08,26.47,7.78,0.0,0.1,6.88,0.0
5073,39.38,0.0,38.7,0.0,0.67,0.3585,0.0,0.0
5074,40.89,4.46,36.44,0.0,0.0,0.3337,0.0,0.0
5075,42.14,2.49,39.65,0.0,0.0,0.3337,0.0,0.0
5076,43.06,0.0,43.06,0.0,0.0,0.3337,0.0,0.0
5077,43.63,0.0,43.63,0.0,0.0,0.3337,0.0,0.0
5078,43.82,0.0,43.82,0.0,0.0,0.3337,0.0,0.0
5079,43.63,3.64,39.99,0.0,0.0,0.3337,0.0,0.0
5080,43.06,0.0,26.01,0.0,0.0,0.3337,17.05,0.0
5081,42.14,9.8,14.42,0.0,0.0,0.3337,17.92,0.0
5082,40.89,11.84,0.0,0.0,0.0,0.3337,29.05,0.0
5083,39.38,3.03,0.0,0.0,6.35,0.3337,30.0,0.0
5084,37.65,25.34,0.0,0.0,0.0,0.1,12.3,0.0
5085,35.77,40.86,0.0,5.08,0.0,0.1,0.0,0.0
5086,33.82,19.37,0.0,0.0,0.0,0.2688,14.46,0.0
5087,33.82,25.49,0.0,0.0,0.0,0.2688,8.33,0.0
5088,33.78,21.77,0.0,6.09,0.0,0.2688,18.11,0.0
5089,33.78,13.57,0.0,0.0,0.0,0.4712,20.21,0.0
5090,33.78,1.69,0.0,0.0,2.1,0.4712,30.0,0.0
5091,33.78,11.1,0.0,0.0,0.0,0.3941,22.68,0.0
5092,33.78,2.31,0.0,0.0,1.48,0.3941,30.0,0.0
5093,33.78,30.41,0.0,0.0,0.0,0.3396,3.37,0.0
5094,33.78,9.95,0.0,6.17,0.0,0.3396,30.0,0.0
5095,35.74,5.13,14.32,0.0,0.0,0.5446,16.28,0.0
5096,37.61,9.75,27.86,0.0,0.0,0.5446,0.0,0.0
5097,39.34,0.0,39.09,0.0,0.0,0.5446,0.25,0.0
5098,40.86,0.0,40.86,0.0,0.0,0.5446,0.0,0.0
5099,42.1,2.25,39.85,0.0,0.0,0.5446,0.0,0.0
5100,43.02,0.0,43.02,0.0,0.0,0.5446,0.0,0.0
5101,43.59,0.0,43.59,0.0,0.0,0.5446,0.0,0.0
5102,43.78,0.0,43.78,0.0,0.0,0.5446,0.0,0.0
5103,43.59,4.9,38.7,0.0,0.0,0.5446,0.0,0.0
5104,43.02,10.11,28.21,0.0,0.0,0.5446,4.71,0.0
5105,42.1,10.52,14.73,0.0,0.0,0.5446,16.85,0.0
5106,40.86,0.95,0.0,0.0,9.91,0.5446,30.0,0.0
5107,39.34,14.09,0.0,0.0,0.0,0.1799,25.25,0.0
5108,37.61,5.44,0.0,0.0,2.17,0.1799,30.0,0.0
5109,35.74,18.85,0.0,0.0,0.0,0.1,16.89,0.0
5110,33.78,14.88,0.0,0.0,0.0,0.1,18.9,0.0
5111,33.78,45.6,0.0,11.81,0.0,0.1,0.0,0.0
5112,33.75,20.62,0.0,0.0,0.0,0.4924,13.12,0.0
5113,33.75,6.86,0.0,0.0,0.0,0.4924,26.89,0.0
5114,33.75,18.38,0.0,0.0,0.0,0.4924,15.37,0.0
5115,33.75,23.25,0.0,0.0,10.5,0.4924,0.0,0.0
5116,33.75,32.57,0.0,3.97,0.0,0.106,5.15,0.0
5117,33.75,7.92,0.0,0.0,0.0,0.2379,25.83,0.0
5118,33.75,0.0,0.0,0.0,3.75,0.2379,30.0,0.0
5119,35.7,16.67,13.47,0.0,0.0,0.1,5.57,0.0
5120,37.57,0.0,27.92,0.0,0.0,0.1,9.65,0.0
5121,39.3,0.0,38.9,0.0,0.0,0.1,0.4,0.0
5122,40.82,0.0,40.82,0.0,0.0,0.1,0.0,0.0
5123,42.06,0.98,41.09,0.0,0.0,0.1,0.0,0.0
5124,42.99,0.0,42.99,0.0,0.0,0.1,0.0,0.0
5125,43.55,0.0,43.55,0.0,0.0,0.1,0.0,0.0
5126,43.75,0.0,43.75,0.0,0.0,0.1,0.0,0.0
5127,43.55,4.07,38.68,0.0,0.0,0.1,0.81,0.0
5128,42.99,7.72,28.1,0.0,0.0,0.1,7.16,0.0
5129,42.06,9.59,14.17,0.0,0.0,0.1,18.31,0.0
5130,40.82,15.46,0.0,0.0,0.0,0.1,25.35,0.0
5131,39.3,22.03,0.0,0.0,0.0,0.1,17.28,0.0
5132,37.57,19.96,0.0,0.0,0.0,0.1,17.61,0.0
5133,35.7,22.6,0.0,0.0,0.0,0.1,13.1,0.0
5134,33.75,4.12,0.0,0.0,0.0,0.1,29.63,0.0
5135,33.75,21.18,0.0,0.0,0.0,0.1,12.57,0.0
5136,33.71,25.82,0.0,0.0,0.0,0.1,7.89,0.0
5137,33.71,27.94,0.0,0.0,0.0,0.1,5.77,0.0
5138,33.71,12.97,0.0,0.0,0.0,0.1,20.74,0.0
5139,33.71,11.73,0.0,0.0,0.0,0.1,21.98,0.0
5140,33.71,10.53,0.0,0.0,0.0,0.1,23.18,0.0
5141,33.71,19.09,0.0,0.0,0.0,0.1,14.62,0.0
5142,33.71,21.44,0.0,0.0,0.0,0.1,12.27,0.0
5143,35.66,4.7,13.05,0.0,0.0,0.1,17.91,0.0
5144,37.54,11.16,26.38,0.0,0.0,0.1,0.0,0.0
5145,39.27,5.51,33.75,0.0,0.0,0.1,0.0,0.0
5146,40.78,0.0,40.78,0.0,0.0,0.1,0.0,0.0
5147,42.02,0.0,42.02,0.0,0.0,0.1,0.0,0.0
5148,42.95,0.0,42.95,0.0,0.0,0.1,0.0,0.0
5149,43.52,0.0,43.52,0.0,0.0,0.1,0.0,0.0
5150,43.71,25.14,18.57,0.0,0.0,0.1,0.0,0.0
5151,43.52,0.0,38.71,24.08,0.0,0.1,28.89,0.0
5152,42.95,11.44,27.84,0.0,3.67,0.9,0.0,0.0
5153,42.02,3.5,12.55,4.02,0.0,0.7648,30.0,0.0
5154,40.78,2.7,0.0,0.0,21.69,0.8984,16.39,0.0
5155,39.27,13.7,0.0,0.0,0.0,0.1,25.57,0.0
5156,37.54,17.53,0.0,0.0,0.0,0.1,20.0,0.0
5157,35.66,46.95,0.0,11.29,0.0,0.1,0.0,0.0
5158,33.71,17.97,0.0,12.8,0.0,0.475,28.53,0.0
5159,33.71,9.64,0.0,0.0,0.0,0.9,24.07,0.0
5160,33.67,23.88,0.0,0.0,0.0,0.9,9.79,0.0
5161,33.67,0.43,0.0,0.0,21.74,0.9,11.51,0.0
5162,33.67,18.97,0.0,3.67,0.0,0.1,18.37,0.0
5163,33.67,18.47,0.0,0.0,0.0,0.2217,15.21,0.0
5164,33.67,24.09,0.0,20.42,0.0,0.2217,30.0,0.0
5165,33.67,23.48,0.0,0.0,0.0,0.9,10.19,0.0
5166,33.67,6.39,0.0,0.0,0.0,0.9,27.28,0.0
5167,35.62,7.32,13.0,0.0,10.6,0.9,4.71,0.0
5168,37.5,0.0,26.37,0.0,11.13,0.5097,0.0,0.0
5169,39.23,0.0,37.81,0.0,0.0,0.1,1.42,0.0
5170,40.74,5.87,34.87,0.0,0.0,0.1,0.0,0.0
5171,41.99,0.0,41.99,0.0,0.0,0.1,0.0,0.0
5172,42.91,0.0,42.91,0.0,0.0,0.1,0.0,0.0
5173,43.48,0.0,43.48,0.0,0.0,0.1,0.0,0.0
5174,43.67,0.0,43.67,0.0,0.0,0.1,0.0,0.0
5175,43.48,22.12,21.36,0.0,0.0,0.1,0.0,0.0
5176,42.91,0.0,26.02,0.0,0.0,0.1,16.89,0.0
5177,41.99,0.0,14.37,2.38,0.0,0.1,30.0,0.0
5178,40.74,10.12,0.0,0.0,2.15,0.1792,28.48,0.0
5179,39.23,14.05,0.0,0.0,0.0,0.1,25.18,0.0
5180,37.5,18.42,0.0,0.0,0.0,0.1,19.08,0.0
5181,35.62,13.91,0.0,0.0,0.0,0.1,21.71,0.0
5182,33.67,17.9,0.0,0.0,0.0,0.1,15.78,0.0
5183,33.67,24.47,0.0,0.0,0.0,0.1,9.2,0.0
5184,33.64,31.53,0.0,16.7,0.0,0.1,18.81,0.0
5185,33.64,1.7,0.0,0.0,1.94,0.6547,30.0,0.0
5186,33.64,16.33,0.0,0.0,0.0,0.5834,17.31,0.0
5187,33.64,20.5,0.0,0.0,13.13,0.5834,0.0,0.0
5188,33.64,7.32,0.0,2.89,0.0,0.1,29.2,0.0
5189,33.64,31.03,0.0,0.0,2.61,0.196,0.0,0.0
5190,33.64,5.18,0.0,0.0,0.0,0.1,28.46,0.0
5191,35.59,8.48,13.95,0.0,0.0,0.1,13.16,0.0
5192,37.46,11.99,26.57,3.73,0.0,0.1,2.63,0.0
5193,39.19,0.0,39.19,0.0,0.0,0.2238,0.0,0.0
5194,40.71,0.0,40.71,0.0,0.0,0.2238,0.0,0.0
5195,41.95,0.0,41.95,0.0,0.0,0.2238,0.0,0.0
5196,42.88,0.0,42.88,0.0,0.0,0.2238,0.0,0.0
5197,43.44,0.0,43.44,0.0,0.0,0.2238,0.0,0.0
5198,43.64,0.0,43.64,0.0,0.0,0.2238,0.0,0.0
5199,43.44,3.85,39.6,0.0,0.0,0.2238,0.0,0.0
5200,42.88,3.26,25.79,0.0,0.0,0.2238,13.83,0.0
5201,41.95,3.87,14.1,0.0,0.0,0.2238,23.99,0.0
5202,40.71,12.91,0.0,0.0,0.0,0.2238,27.8,0.0
5203,39.19,21.57,0.0,0.0,0.0,0.2238,17.62,0.0
5204,37.46,37.46,0.0,0.0,0.0,0.2238,0.0,0.0
5205,35.59,26.54,0.0,0.0,0.0,0.2238,9.04,0.0
5206,33.64,31.38,0.0,0.0,0.0,0.2238,2.25,0.0
5207,33.64,15.97,0.0,0.0,0.0,0.2238,17.67,0.0
5208,33.6,11.28,0.0,0.0,0.0,0.2238,22.32,0.0
5209,33.6,21.65,0.0,0.0,0.0,0.2238,11.95,0.0
5210,33.6,21.11,0.0,0.0,0.0,0.2238,12.49,0.0
5211,33.6,7.87,0.0,0.0,0.0,0.2238,25.73,0.0
5212,33.6,14.73,0.0,0.0,0.0,0.2238,18.87,0.0
5213,33.6,18.01,0.0,0.0,0.0,0.2238,15.59,0.0
5214,33.6,15.08,0.0,0.0,0.0,0.2238,18.52,0.0
5215,35.55,13.95,12.8,0.0,0.0,0.2238,8.8,0.0
5216,37.43,9.47,27.51,0.0,0.0,0.2238,0.45,0.0
5217,39.16,0.0,38.69,0.0,0.0,0.2238,0.47,0.0
5218,40.67,0.0,40.67,0.0,0.0,0.2238,0.0,0.0
5219,41.92,0.0,41.92,0.0,0.0,0.2238,0.0,0.0
5220,42.84,19.26,23.58,0.0,0.0,0.2238,0.0,0.0
5221,43.41,0.0,43.41,0.0,0.0,0.2238,0.0,0.0
5222,43.6,0.0,43.6,0.0,0.0,0.2238,0.0,0.0
5223,43.41,0.0,38.06,0.0,0.0,0.2238,5.35,0.0
5224,42.84,15.89,26.95,0.0,0.0,0.2238,0.0,0.0
5225,41.92,0.0,14.12,0.0,0.0,0.2238,27.8,0.0
5226,40.67,7.31,0.0,0.0,3.36,0.2238,30.0,0.0
5227,39.16,18.17,0.0,0.0,0.0,0.1,20.98,0.0
5228,37.43,22.36,0.0,0.0,0.0,0.1,15.06,0.0
5229,35.55,27.92,0.0,0.0,0.0,0.1,7.63,0.0
5230,33.6,33.6,0.0,0.0,0.0,0.1,0.0,0.0
5231,33.6,26.02,0.0,0.0,0.0,0.1,7.58,0.0
5232,33.57,11.08,0.0,0.0,0.0,0.1,22.49,0.0
5233,33.57,18.61,0.0,0.0,0.0,0.1,14.96,0.0
5234,33.57,23.18,0.0,0.0,0.0,0.1,10.38,0.0
5235,33.57,38.95,0.0,5.39,0.0,0.1,0.0,0.0
5236,33.57,2.79,0.0,0.0,4.86,0.2789,25.92,0.0
5237,33.57,26.02,0.0,0.0,0.0,0.1,7.55,0.0
5238,33.57,13.4,0.0,0.0,0.0,0.1,20.17,0.0
5239,35.52,17.33,12.1,7.06,0.0,0.1,13.15,0.0
5240,37.39,5.7,25.32,0.0,6.37,0.3345,0.0,0.0
5241,39.12,0.0,37.63,0.0,0.0,0.1,1.49,0.0
5242,40.64,0.0,40.64,0.0,0.0,0.1,0.0,0.0
5243,41.88,0.0,41.88,0.0,0.0,0.1,0.0,0.0
5244,42.8,0.0,42.8,0.0,0.0,0.1,0.0,0.0
5245,43.37,0.0,43.37,0.0,0.0,0.1,0.0,0.0
5246,43.57,0.0,43.57,0.0,0.0,0.1,0.0,0.0
5247,43.37,0.0,37.01,0.0,0.0,0.1,6.36,0.0
5248,42.8,14.77,27.71,0.0,0.0,0.1,0.33,0.0
5249,41.88,13.25,13.44,14.81,0.0,0.1,30.0,0.0
5250,40.64,2.12,0.0,0.0,13.12,0.5919,25.4,0.0
5251,39.12,8.87,0.0,0.0,0.25,0.1091,30.0,0.0
5252,37.39,11.95,0.0,1.69,0.0,0.1,27.13,0.0
5253,35.52,3.99,0.0,0.0,1.53,0.1562,30.0,0.0
5254,33.57,12.1,0.0,0.0,0.0,0.1,21.46,0.0
5255,33.57,9.97,0.0,0.0,0.0,0.1,23.59,0.0
5256,33.53,17.51,0.0,0.0,0.0,0.1,16.02,0.0
5257,33.53,13.96,0.0,0.0,0.0,0.1,19.57,0.0
5258,33.53,4.23,0.0,0.0,0.0,0.1,29.3,0.0
5259,33.53,38.6,0.0,8.97,0.0,0.1,3.9,0.0
5260,33.53,28.98,0.0,0.0,0.0,0.398,4.55,0.0
5261,33.53,6.6,0.0,0.0,0.0,0.398,26.93,0.0
5262,33.53,14.41,0.0,0.0,0.0,0.398,19.12,0.0
5263,35.48,13.29,12.1,0.0,0.0,0.398,10.1,0.0
5264,37.36,11.54,25.82,0.0,0.0,0.398,0.0,0.0
5265,39.09,0.0,37.82,0.0,0.0,0.398,1.26,0.0
5266,40.6,0.0,40.6,0.0,0.0,0.398,0.0,0.0
5267,41.85,0.0,41.85,0.0,0.0,0.398,0.0,0.0
5268,42.77,0.0,42.77,0.0,0.0,0.398,0.0,0.0
5269,43.34,0.0,43.34,0.0,0.0,0.398,0.0,0.0
5270,43.53,0.0,43.53,0.0,0.0,0.398,0.0,0.0
5271,43.34,30.24,13.1,0.0,0.0,0.398,0.0,0.0
5272,42.77,0.0,26.69,0.0,0.0,0.398,16.08,0.0
5273,41.85,16.06,12.17,0.0,0.0,0.398,13.62,0.0
5274,40.6,7.69,0.0,0.0,2.91,0.398,30.0,0.0
5275,39.09,21.99,0.0,0.0,0.0,0.2909,17.1,0.0
5276,37.36,2.17,0.0,0.0,5.19,0.2909,30.0,0.0
5277,35.48,6.25,0.0,0.0,0.0,0.1,29.23,0.0
5278,33.53,12.61,0.0,0.0,0.0,0.1,20.92,0.0
5279,33.53,22.01,0.0,0.0,0.0,0.1,11.52,0.0
5280,33.5,15.36,0.0,0.0,0.0,0.1,18.14,0.0
5281,33.5,27.82,0.0,0.0,0.0,0.1,5.67,0.0
5282,33.5,30.46,0.0,0.0,0.0,0.1,3.03,0.0
5283,33.5,24.69,0.0,0.0,0.0,0.1,8.8,0.0
5284,33.5,32.69,0.0,3.87,0.0,0.1,4.68,0.0
5285,33.5,18.47,0.0,0.0,0.0,0.2287,15.03,0.0
5286,33.5,0.0,0.0,0.0,3.5,0.2287,30.0,0.0
5287,35.45,22.7,11.57,0.0,0.0,0.1,1.18,0.0
5288,37.32,0.95,25.59,0.0,0.0,0.1,10.79,0.0
5289,39.05,0.0,39.05,0.0,0.0,0.1,0.0,0.0
5290,40.57,18.79,21.77,0.0,0.0,0.1,0.0,0.0
5291,41.81,0.0,41.81,0.0,0.0,0.1,0.0,0.0
5292,42.73,0.0,42.73,0.0,0.0,0.1,0.0,0.0
5293,43.3,0.0,43.3,0.0,0.0,0.1,0.0,0.0
5294,43.5,16.32,27.17,0.0,0.0,0.1,0.0,0.0
5295,43.3,3.2,39.66,0.0,0.0,0.1,0.44,0.0
5296,42.73,7.69,25.13,0.0,0.0,0.1,9.91,0.0
5297,41.81,16.75,12.26,0.0,0.0,0.1,12.81,0.0
5298,40.57,18.68,0.0,0.0,0.0,0.1,21.89,0.0
5299,39.05,17.12,0.0,0.0,0.0,0.1,21.93,0.0
5300,37.32,14.69,0.0,0.0,0.0,0.1,22.63,0.0
5301,35.45,15.71,0.0,0.0,0.0,0.1,19.74,0.0
5302,33.5,28.8,0.0,0.0,0.0,0.1,4.7,0.0
5303,33.5,26.79,0.0,0.0,0.0,0.1,6.71,0.0
5304,33.46,19.24,0.0,0.0,0.0,0.1,14.22,0.0
5305,33.46,32.09,0.0,0.0,0.0,0.1,1.37,0.0
5306,33.46,19.19,0.0,0.0,0.0,0.1,14.28,0.0
5307,33.46,10.51,0.0,0.0,0.0,0.1,22.96,0.0
5308,33.46,9.38,0.0,0.0,0.0,0.1,24.08,0.0
5309,33.46,4.84,0.0,0.0,0.0,0.1,28.62,0.0
5310,33.46,9.25,0.0,0.0,0.0,0.1,24.21,0.0
5311,35.41,21.53,13.51,0.0,0.0,0.1,0.38,0.0
5312,37.29,0.0,28.02,0.0,0.0,0.1,9.27,0.0
5313,39.02,2.05,36.96,0.0,0.0,0.1,0.0,0.0
5314,40.53,0.0,40.53,0.0,0.0,0.1,0.0,0.0
5315,41.78,0.0,41.78,0.0,0.0,0.1,0.0,0.0
5316,42.7,0.0,42.7,0.0,0.0,0.1,0.0,0.0
5317,43.27,0.0,43.27,0.0,0.0,0.1,0.0,0.0
5318,43.46,0.0,43.46,0.0,0.0,0.1,0.0,0.0
5319,43.27,4.67,38.6,0.0,0.0,0.1,0.0,0.0
5320,42.7,9.21,27.02,0.0,0.0,0.1,6.48,0.0
5321,41.78,0.0,12.94,0.0,0.0,0.1,28.84,0.0
5322,40.53,22.6,0.0,0.0,0.0,0.1,17.93,0.0
5323,39.02,16.55,0.0,0.0,0.0,0.1,22.47,0.0
5324,37.29,18.81,0.0,0.0,0.0,0.1,18.48,0.0
5325,35.41,18.8,0.0,0.0,0.0,0.1,16.61,0.0
5326,33.46,15.36,0.0,0.0,0.0,0.1,18.1,0.0
5327,33.46,23.58,0.0,0.0,0.0,0.1,9.88,0.0
5328,33.43,26.56,0.0,0.0,0.0,0.1,6.87,0.0
5329,33.43,4.35,0.0,0.0,0.0,0.1,29.08,0.0
5330,33.43,15.26,0.0,0.0,0.0,0.1,18.17,0.0
5331,33.43,16.49,0.0,0.0,0.0,0.1,16.94,0.0
5332,33.43,19.48,0.0,0.0,0.0,0.1,13.95,0.0
5333,33.43,26.33,0.0,0.0,0.0,0.1,7.1,0.0
5334,33.43,4.44,0.0,0.0,0.0,0.1,28.99,0.0
5335,35.38,4.58,11.84,0.0,0.0,0.1,18.96,0.0
5336,37.25,2.07,26.73,0.0,0.0,0.1,8.46,0.0
5337,38.98,0.0,38.39,0.0,0.0,0.1,0.59,0.0
5338,40.5,0.09,40.41,0.0,0.0,0.1,0.0,0.0
5339,41.74,0.0,41.74,0.0,0.0,0.1,0.0,0.0
5340,42.67,0.0,42.67,0.0,0.0,0.1,0.0,0.0
5341,43.24,0.0,43.24,0.0,0.0,0.1,0.0,0.0
5342,43.43,0.0,43.43,0.0,0.0,0.1,0.0,0.0
5343,43.24,0.0,38.46,0.0,0.0,0.1,4.78,0.0
5344,42.67,3.87,27.48,0.0,0.0,0.1,11.31,0.0
5345,41.74,25.98,14.3,24.08,0.0,0.1,25.55,0.0
5346,40.5,9.33,0.0,0.0,5.5,0.9,25.67,0.0
5347,38.98,0.0,0.0,0.0,8.98,0.6977,30.0,0.0
5348,37.25,0.0,0.0,0.0,7.25,0.367,30.0,0.0
5349,35.38,19.33,0.0,0.0,0.0,0.1,16.05,0.0
5350,33.43,26.6,0.0,0.0,0.0,0.1,6.82,0.0
5351,33.43,25.24,0.0,21.81,0.0,0.1,30.0,0.0
5352,33.39,23.64,0.0,2.27,0.0,0.8246,12.03,0.0
5353,33.39,33.1,0.0,0.0,0.0,0.9,0.3,0.0
5354,33.39,15.36,0.0,0.0,0.0,0.9,18.04,0.0
5355,33.39,27.91,0.0,0.0,0.0,0.9,5.48,0.0
5356,33.39,1.0,0.0,0.0,4.68,0.9,27.72,0.0
5357,33.39,5.78,0.0,2.39,0.0,0.7277,30.0,0.0
5358,33.39,0.0,0.0,0.0,3.39,0.807,30.0,0.0
5359,35.35,6.89,12.64,0.0,15.81,0.682,0.0,0.0
5360,37.22,6.76,25.26,0.0,0.0,0.1,5.2,0.0
5361,38.95,6.3,32.65,0.0,0.0,0.1,0.0,0.0
5362,40.47,0.0,40.47,0.0,0.0,0.1,0.0,0.0
5363,41.71,0.0,41.71,0.0,0.0,0.1,0.0,0.0
5364,42.63,0.0,42.63,0.0,0.0,0.1,0.0,0.0
5365,43.2,0.0,43.2,0.0,0.0,0.1,0.0,0.0
5366,43.39,17.04,26.36,0.0,0.0,0.1,0.0,0.0
5367,43.2,2.19,38.25,0.0,0.0,0.1,2.77,0.0
5368,42.63,2.41,26.6,0.0,0.0,0.1,13.63,0.0
5369,41.71,25.24,14.34,24.08,0.0,0.1,26.22,0.0
5370,40.47,0.0,0.0,0.0,15.45,0.9,25.02,0.0
5371,38.95,3.61,0.0,0.0,5.34,0.3315,30.0,0.0
5372,37.22,6.27,0.0,0.0,0.95,0.1349,30.0,0.0
5373,35.35,18.44,0.0,0.0,0.0,0.1,16.91,0.0
5374,33.39,24.92,0.0,0.0,0.0,0.1,8.48,0.0
5375,33.39,28.93,0.0,0.0,0.0,0.1,4.46,0.0
5376,33.36,47.42,0.0,24.08,0.0,0.1,10.03,0.0
5377,33.36,0.0,0.0,0.0,21.74,0.9,11.63,0.0
5378,33.36,26.77,0.0,0.0,0.0,0.1,6.59,0.0
5379,33.36,13.73,0.0,0.06,0.0,0.1,19.7,0.0
5380,33.36,11.4,0.0,0.0,0.0,0.1021,21.96,0.0
5381,33.36,8.7,0.0,0.0,0.0,0.1021,24.66,0.0
5382,33.36,3.31,0.0,0.0,0.06,0.1021,30.0,0.0
5383,35.31,26.29,11.6,11.56,0.0,0.1,8.98,0.0
5384,37.19,10.98,26.21,0.0,0.0,0.484,0.0,0.0
5385,38.92,2.55,36.37,0.0,0.0,0.484,0.0,0.0
5386,40.43,0.0,40.43,0.0,0.0,0.484,0.0,0.0
5387,41.68,0.0,41.68,0.0,0.0,0.484,0.0,0.0
5388,42.6,0.0,42.6,0.0,0.0,0.484,0.0,0.0
5389,43.17,0.0,43.17,0.0,0.0,0.484,0.0,0.0
5390,43.36,0.0,43.36,0.0,0.0,0.484,0.0,0.0
5391,43.17,6.88,36.29,0.0,0.0,0.484,0.0,0.0
5392,42.6,8.34,26.09,0.0,0.0,0.484,8.17,0.0
5393,41.68,11.17,11.6,0.0,0.0,0.484,18.9,0.0
5394,40.43,0.0,0.0,0.0,10.43,0.484,30.0,0.0
5395,38.92,22.71,0.0,13.79,0.0,0.1,30.0,0.0
5396,37.19,19.53,0.0,0.0,0.0,0.5581,17.65,0.0
5397,35.31,26.43,0.0,0.0,0.0,0.5581,8.88,0.0
5398,33.36,2.14,0.0,0.0,12.45,0.5581,18.77,0.0
5399,33.36,24.83,0.0,0.0,0.0,0.1,8.53,0.0
5400,33.33,10.52,0.0,0.0,0.0,0.1,22.81,0.0
5401,33.33,17.96,0.0,0.0,0.0,0.1,15.37,0.0
5402,33.33,26.15,0.0,0.0,0.0,0.1,7.18,0.0
5403,33.33,20.22,0.0,0.0,0.0,0.1,13.11,0.0
5404,33.33,8.9,0.0,0.0,0.0,0.1,24.43,0.0
5405,33.33,14.97,0.0,3.69,0.0,0.1,22.04,0.0
5406,33.33,0.0,0.0,0.0,3.33,0.2226,30.0,0.0
5407,35.28,21.14,11.91,0.0,0.0,0.1,2.22,0.0
5408,37.16,5.42,27.33,10.23,0.0,0.1,14.63,0.0
5409,38.89,1.25,37.64,0.0,0.0,0.4398,0.0,0.0
5410,40.4,0.0,40.4,0.0,0.0,0.4398,0.0,0.0
5411,41.64,0.0,41.64,0.0,0.0,0.4398,0.0,0.0
5412,42.57,0.0,42.57,0.0,0.0,0.4398,0.0,0.0
5413,43.14,0.0,43.14,0.0,0.0,0.4398,0.0,0.0
5414,43.33,0.0,43.33,0.0,0.0,0.4398,0.0,0.0
5415,43.14,5.75,37.39,0.0,0.0,0.4398,0.0,0.0
5416,42.57,3.68,26.19,0.0,0.0,0.4398,12.7,0.0
5417,41.64,0.0,12.94,0.0,0.0,0.4398,28.7,0.0
5418,40.4,6.75,0.0,0.0,3.65,0.4398,30.0,0.0
5419,38.89,3.3,0.0,0.0,5.58,0.3054,30.0,0.0
5420,37.16,17.62,0.0,3.68,0.0,0.1,23.22,0.0
5421,35.28,7.61,0.0,0.0,0.0,0.2223,27.67,0.0
5422,33.33,30.01,0.0,0.0,3.32,0.2223,0.0,0.0
5423,33.33,20.98,0.0,14.1,0.0,0.1,26.45,0.0
5424,33.3,20.58,0.0,0.0,12.72,0.5683,0.0,0.0
5425,33.3,28.45,0.0,0.0,0.0,0.1,4.85,0.0
5426,33.3,30.5,0.0,0.0,0.0,0.1,2.8,0.0
5427,33.3,19.24,0.0,0.0,0.0,0.1,14.06,0.0
5428,33.3,9.81,0.0,6.46,0.0,0.1,29.95,0.0
5429,33.3,0.0,0.0,0.0,3.3,0.3147,30.0,0.0
5430,33.3,5.72,0.0,0.0,0.0,0.1933,27.57,0.0
5431,35.25,3.85,13.48,0.0,0.0,0.1933,17.92,0.0
5432,37.12,8.61,26.17,0.0,0.0,0.1933,2.35,0.0
5433,38.85,0.54,38.31,0.0,0.0,0.1933,0.0,0.0
5434,40.37,0.0,40.37,0.0,0.0,0.1933,0.0,0.0
5435,41.61,0.0,41.61,0.0,0.0,0.1933,0.0,0.0
5436,42.54,0.0,42.54,0.0,0.0,0.1933,0.0,0.0
5437,43.11,0.0,43.11,0.0,0.0,0.1933,0.0,0.0
5438,43.3,0.0,43.3,0.0,0.0,0.1933,0.0,0.0
5439,43.11,4.93,36.94,0.0,0.0,0.1933,1.24,0.0
5440,42.54,1.63,26.26,0.0,0.0,0.1933,14.65,0.0
5441,41.61,3.7,12.05,4.13,0.0,0.1933,30.0,0.0
5442,40.37,4.1,0.0,0.0,6.26,0.3306,30.0,0.0
5443,38.85,9.7,0.0,0.0,0.0,0.1,29.15,0.0
5444,37.12,24.84,0.0,0.0,0.0,0.1,12.28,0.0
5445,35.25,17.26,0.0,0.0,0.0,0.1,17.99,0.0
5446,33.3,7.72,0.0,0.0,0.0,0.1,25.58,0.0
5447,33.3,39.4,0.0,6.1,0.0,0.1,0.0,0.0
5448,33.27,25.59,0.0,0.0,0.0,0.3026,7.68,0.0
5449,33.27,8.25,0.0,0.0,0.0,0.3026,25.01,0.0
5450,33.27,16.77,0.0,0.0,0.0,0.3026,16.5,0.0
5451,33.27,20.65,0.0,0.0,0.0,0.3026,12.62,0.0
5452,33.27,34.3,0.0,1.03,0.0,0.3026,0.0,0.0
5453,33.27,4.23,0.0,0.0,0.0,0.3369,29.03,0.0
5454,33.27,22.2,0.0,0.0,6.44,0.3369,4.62,0.0
5455,35.22,23.83,11.35,0.0,0.0,0.1,0.04,0.0
5456,37.09,1.48,25.43,0.0,0.0,0.1,10.18,0.0
5457,38.82,2.9,35.92,0.0,0.0,0.1,0.0,0.0
5458,40.34,0.0,40.34,0.0,0.0,0.1,0.0,0.0
5459,41.58,1.08,40.5,0.0,0.0,0.1,0.0,0.0
5460,42.51,0.0,42.51,0.0,0.0,0.1,0.0,0.0
5461,43.07,0.0,43.07,0.0,0.0,0.1,0.0,0.0
5462,43.27,0.0,43.27,0.0,0.0,0.1,0.0,0.0
5463,43.07,0.0,38.88,0.0,0.0,0.1,4.19,0.0
5464,42.51,0.0,26.71,0.0,0.0,0.1,15.8,0.0
5465,41.58,9.84,12.34,10.6,0.0,0.1,30.0,0.0
5466,40.34,15.49,0.0,4.71,0.0,0.4521,29.56,0.0
5467,38.82,17.6,0.0,8.78,0.0,0.6085,30.0,0.0
5468,37.09,14.3,0.0,0.0,21.74,0.9,1.06,0.0
5469,35.22,20.79,0.0,0.0,0.0,0.1,14.43,0.0
5470,33.27,36.04,0.0,2.77,0.0,0.1,0.0,0.0
5471,33.27,25.86,0.0,0.0,0.0,0.1922,7.4,0.0
5472,33.24,18.88,0.0,0.0,0.0,0.1922,14.35,0.0
5473,33.24,17.3,0.0,0.0,0.0,0.1922,15.94,0.0
5474,33.24,19.57,0.0,0.0,0.0,0.1922,13.67,0.0
5475,33.24,35.79,0.0,16.51,0.0,0.1922,13.96,0.0
5476,33.24,15.83,0.0,0.0,17.4,0.7406,0.0,0.0
5477,33.24,15.07,0.0,0.0,0.0,0.1,18.17,0.0
5478,33.24,7.97,0.0,0.0,0.0,0.1,25.27,0.0
5479,35.19,20.99,13.74,0.0,0.0,0.1,0.46,0.0
5480,37.06,11.88,25.18,0.0,0.0,0.1,0.0,0.0
5481,38.79,0.34,38.46,0.0,0.0,0.1,0.0,0.0
5482,40.31,0.0,40.31,0.0,0.0,0.1,0.0,0.0
5483,41.55,0.0,41.55,0.0,0.0,0.1,0.0,0.0
5484,42.47,0.0,42.47,0.0,0.0,0.1,0.0,0.0
5485,43.04,0.0,43.04,0.0,0.0,0.1,0.0,0.0
5486,43.24,0.0,43.24,0.0,0.0,0.1,0.0,0.0
5487,43.04,5.28,37.77,0.0,0.0,0.1,0.0,0.0
5488,42.47,0.79,26.11,0.0,0.0,0.1,15.57,0.0
5489,41.55,6.38,13.68,8.51,0.0,0.1,30.0,0.0
5490,40.31,8.67,0.0,0.0,7.68,0.3826,23.96,0.0
5491,38.79,25.32,0.0,0.0,0.0,0.1,13.47,0.0
5492,37.06,13.91,0.0,0.0,0.0,0.1,23.16,0.0
5493,35.19,40.18,0.0,4.99,0.0,0.1,0.0,0.0
5494,33.24,25.48,0.0,0.0,0.0,0.2659,7.75,0.0
5495,33.24,9.66,0.0,0.0,0.0,0.2659,23.57,0.0
5496,33.21,21.41,0.0,0.0,0.0,0.2659,11.79,0.0
5497,33.21,15.93,0.0,0.0,0.0,0.2659,17.28,0.0
5498,33.21,0.0,0.0,0.0,3.21,0.2659,30.0,0.0
5499,33.21,33.21,0.0,0.0,0.0,0.1479,0.0,0.0
5500,33.21,24.68,0.0,0.0,1.3,0.1479,7.23,0.0
5501,33.21,20.63,0.0,17.43,0.0,0.1,30.0,0.0
5502,33.21,14.46,0.0,0.0,7.39,0.6789,11.35,0.0
5503,35.16,0.0,12.04,0.0,0.0,0.4067,23.12,0.0
5504,37.03,3.15,26.71,0.0,0.0,0.4067,7.17,0.0
5505,38.76,0.07,38.69,0.0,0.0,0.4067,0.0,0.0
5506,40.28,0.0,40.28,0.0,0.0,0.4067,0.0,0.0
5507,41.52,0.0,41.52,0.0,0.0,0.4067,0.0,0.0
5508,42.44,0.0,42.44,0.0,0.0,0.4067,0.0,0.0
5509,43.01,0.0,43.01,0.0,0.0,0.4067,0.0,0.0
5510,43.21,0.0,43.21,0.0,0.0,0.4067,0.0,0.0
5511,43.01,6.26,36.75,0.0,0.0,0.4067,0.0,0.0
5512,42.44,14.19,26.07,0.0,0.0,0.4067,2.19,0.0
5513,41.52,12.83,13.93,0.0,0.0,0.4067,14.76,0.0
5514,40.28,24.6,0.0,0.0,0.0,0.4067,15.67,0.0
5515,38.76,0.43,0.0,0.0,8.33,0.4067,30.0,0.0
5516,37.03,22.72,0.0,0.0,0.0,0.1,14.31,0.0
5517,35.16,25.96,0.0,0.0,0.0,0.1,9.19,0.0
5518,33.21,9.16,0.0,0.0,0.0,0.1,24.05,0.0
5519,33.21,7.55,0.0,0.0,0.0,0.1,25.66,0.0
5520,33.18,15.46,0.0,0.0,0.0,0.1,17.72,0.0
5521,33.18,15.95,0.0,0.0,0.0,0.1,17.22,0.0
5522,33.18,28.9,0.0,0.0,0.0,0.1,4.27,0.0
5523,33.18,13.87,0.0,0.0,0.0,0.1,19.31,0.0
5524,33.18,9.45,0.0,0.0,0.0,0.1,23.73,0.0
5525,33.18,9.48,0.0,0.0,0.0,0.1,23.69,0.0
5526,33.18,23.97,0.0,0.0,0.0,0.1,9.21,0.0
5527,35.13,10.54,13.17,0.0,0.0,0.1,11.42,0.0
5528,37.0,6.27,26.9,10.44,0.0,0.1,14.27,0.0
5529,38.73,4.91,33.82,0.0,0.0,0.4468,0.0,0.0
5530,40.25,0.0,40.25,0.0,0.0,0.4468,0.0,0.0
5531,41.49,0.0,41.49,0.0,0.0,0.4468,0.0,0.0
5532,42.41,0.0,42.41,0.0,0.0,0.4468,0.0,0.0
5533,42.98,0.0,42.98,0.0,0.0,0.4468,0.0,0.0
5534,43.18,0.0,43.18,0.0,0.0,0.4468,0.0,0.0
5535,42.98,30.62,12.37,0.0,0.0,0.4468,0.0,0.0
5536,42.41,0.0,25.02,0.0,0.0,0.4468,17.39,0.0
5537,41.49,6.93,12.26,0.0,0.0,0.4468,22.31,0.0
5538,40.25,0.82,0.0,0.0,9.42,0.4468,30.0,0.0
5539,38.73,24.88,0.0,0.0,0.0,0.1,13.85,0.0
5540,37.0,34.51,0.0,0.0,0.0,0.1,2.49,0.0
5541,35.13,35.13,0.0,0.0,0.0,0.1,0.0,0.0
5542,33.18,33.18,0.0,0.0,0.0,0.1,0.0,0.0
5543,33.18,20.52,0.0,0.0,0.0,0.1,12.65,0.0
5544,33.15,19.33,0.0,0.0,0.0,0.1,13.82,0.0
5545,33.15,6.14,0.0,0.0,0.0,0.1,27.01,0.0
5546,33.15,41.65,0.0,8.51,0.0,0.1,0.0,0.0
5547,33.15,24.66,0.0,0.0,0.0,0.3825,8.49,0.0
5548,33.15,13.16,0.0,0.0,0.0,0.3825,19.99,0.0
5549,33.15,28.71,0.0,0.0,0.0,0.3825,4.44,0.0
5550,33.15,3.5,0.0,0.0,7.68,0.3825,21.97,0.0
5551,35.1,14.54,13.36,3.64,0.0,0.1,10.84,0.0
5552,36.97,6.46,24.68,0.0,0.0,0.2209,5.83,0.0
5553,38.7,2.58,36.12,0.0,0.0,0.2209,0.0,0.0
5554,40.22,3.93,36.29,0.0,0.0,0.2209,0.0,0.0
5555,41.46,0.0,41.46,0.0,0.0,0.2209,0.0,0.0
5556,42.39,0.0,42.39,0.0,0.0,0.2209,0.0,0.0
5557,42.95,0.0,42.95,0.0,0.0,0.2209,0.0,0.0
5558,43.15,0.0,43.15,0.0,0.0,0.2209,0.0,0.0
5559,42.95,5.42,37.54,0.0,0.0,0.2209,0.0,0.0
5560,42.39,0.0,24.36,0.0,0.0,0.2209,18.03,0.0
5561,41.46,10.28,13.09,0.0,0.0,0.2209,18.1,0.0
5562,40.22,6.93,0.0,0.0,3.28,0.2209,30.0,0.0
5563,38.7,22.98,0.0,0.0,0.0,0.1,15.72,0.0
5564,36.97,18.31,0.0,0.0,0.0,0.1,18.66,0.0
5565,35.1,26.84,0.0,0.0,0.0,0.1,8.26,0.0
5566,33.15,32.32,0.0,8.05,0.0,0.1,8.88,0.0
5567,33.15,29.4,0.0,0.0,3.75,0.3675,0.0,0.0
5568,33.12,25.74,0.0,0.0,0.0,0.2296,7.38,0.0
5569,33.12,12.89,0.0,0.0,0.0,0.2296,20.23,0.0
5570,33.12,21.71,0.0,0.0,0.0,0.2296,11.41,0.0
5571,33.12,14.92,0.0,0.0,0.0,0.2296,18.2,0.0
5572,33.12,14.74,0.0,0.0,0.0,0.2296,18.37,0.0
5573,33.12,12.07,0.0,8.95,0.0,0.2296,30.0,0.0
5574,33.12,3.56,0.0,0.44,0.0,0.5269,30.0,0.0
5575,35.07,0.0,12.86,0.0,0.0,0.5416,22.21,0.0
5576,36.95,1.71,26.67,0.0,0.0,0.5416,8.57,0.0
5577,38.67,0.36,38.31,0.0,0.0,0.5416,0.0,0.0
5578,40.19,0.0,40.19,0.0,0.0,0.5416,0.0,0.0
5579,41.43,3.85,37.58,0.0,0.0,0.5416,0.0,0.0
5580,42.36,22.07,20.29,0.0,0.0,0.5416,0.0,0.0
5581,42.93,0.0,42.93,0.0,0.0,0.5416,0.0,0.0
5582,43.12,20.86,22.25,0.0,0.0,0.5416,0.0,0.0
5583,42.93,6.02,36.91,0.0,0.0,0.5416,0.0,0.0
5584,42.36,17.56,24.8,0.0,0.0,0.5416,0.0,0.0
5585,41.43,3.53,12.74,0.0,0.0,0.5416,25.16,0.0
5586,40.19,6.86,0.0,0.0,3.32,0.5416,30.0,0.0
5587,38.67,0.0,0.0,0.0,8.67,0.4193,30.0,0.0
5588,36.95,29.81,0.0,0.0,0.0,0.1,7.14,0.0
5589,35.07,35.07,0.0,0.0,0.0,0.1,0.0,0.0
5590,33.12,16.29,0.0,0.0,0.0,0.1,16.83,0.0
5591,33.12,20.22,0.0,0.0,0.0,0.1,12.9,0.0
5592,33.09,15.76,0.0,0.0,0.0,0.1,17.33,0.0
5593,33.09,26.61,0.0,0.0,0.0,0.1,6.48,0.0
5594,33.09,32.94,0.0,24.08,0.0,0.1,24.24,0.0
5595,33.09,3.14,0.0,0.0,0.0,0.9,29.95,0.0
5596,33.09,22.29,0.0,0.0,0.0,0.9,10.8,0.0
5597,33.09,13.16,0.0,0.0,0.0,0.9,19.93,0.0
5598,33.09,14.45,0.0,0.0,14.2,0.9,4.44,0.0
5599,35.04,15.31,12.19,0.0,7.54,0.3775,0.0,0.0
5600,36.92,6.56,25.96,0.0,0.0,0.1,4.4,0.0
5601,38.65,5.36,33.29,0.0,0.0,0.1,0.0,0.0
5602,40.16,0.0,40.16,0.0,0.0,0.1,0.0,0.0
5603,41.4,13.38,28.02,0.0,0.0,0.1,0.0,0.0
5604,42.33,0.0,42.33,0.0,0.0,0.1,0.0,0.0
5605,42.9,0.0,42.9,0.0,0.0,0.1,0.0,0.0
5606,43.09,0.0,43.09,0.0,0.0,0.1,0.0,0.0
5607,42.9,2.65,37.16,0.0,0.0,0.1,3.09,0.0
5608,42.33,17.0,25.33,0.0,0.0,0.1,0.0,0.0
5609,41.4,11.16,11.51,0.0,0.0,0.1,18.74,0.0
5610,40.16,19.83,0.0,0.0,0.0,0.1,20.33,0.0
5611,38.65,33.28,0.0,0.0,0.0,0.1,5.37,0.0
5612,36.92,28.49,0.0,0.0,0.0,0.1,8.43,0.0
5613,35.04,21.22,0.0,3.42,0.0,0.1,17.25,0.0
5614,33.09,16.83,0.0,0.0,0.0,0.2137,16.26,0.0
5615,33.09,0.0,0.0,0.0,3.09,0.2137,30.0,0.0
5616,33.06,21.65,0.0,0.0,0.0,0.1,11.41,0.0
5617,33.06,19.77,0.0,0.0,0.0,0.1,13.3,0.0
5618,33.06,25.84,0.0,0.0,0.0,0.1,7.23,0.0
5619,33.06,18.91,0.0,0.0,0.0,0.1,14.15,0.0
5620,33.06,15.24,0.0,8.24,0.0,0.1,26.06,0.0
5621,33.06,0.0,0.0,0.0,3.06,0.3736,30.0,0.0
5622,33.06,4.21,0.0,0.0,0.0,0.2609,28.85,0.0
5623,35.01,15.61,11.1,0.0,0.0,0.2609,8.3,0.0
5624,36.89,25.44,11.45,0.0,0.0,0.2609,0.0,0.0
5625,38.62,2.1,36.52,0.0,0.0,0.2609,0.0,0.0
5626,40.13,0.0,40.13,0.0,0.0,0.2609,0.0,0.0
5627,41.38,0.0,41.38,0.0,0.0,0.2609,0.0,0.0
5628,42.3,0.0,42.3,0.0,0.0,0.2609,0.0,0.0
5629,42.87,0.0,42.87,0.0,0.0,0.2609,0.0,0.0
5630,43.06,0.0,43.06,0.0,0.0,0.2609,0.0,0.0
5631,42.87,5.77,37.1,0.0,0.0,0.2609,0.0,0.0
5632,42.3,10.04,26.21,0.0,0.0,0.2609,6.05,0.0
5633,41.38,13.86,11.59,0.0,0.0,0.2609,15.93,0.0
5634,40.13,5.76,0.0,0.0,4.37,0.2609,30.0,0.0
5635,38.62,22.98,0.0,0.0,0.0,0.1,15.64,0.0
5636,36.89,36.89,0.0,0.0,0.0,0.1,0.0,0.0
5637,35.01,10.51,0.0,0.0,0.0,0.1,24.51,0.0
5638,33.06,18.65,0.0,0.0,0.0,0.1,14.41,0.0
5639,33.06,25.26,0.0,0.0,0.0,0.1,7.81,0.0
5640,33.04,31.19,0.0,8.27,0.0,0.1,10.11,0.0
5641,33.04,17.6,0.0,0.0,0.0,0.3746,15.44,0.0
5642,33.04,0.0,0.0,0.0,3.04,0.3746,30.0,0.0
5643,33.04,33.04,0.0,0.0,0.0,0.2628,0.0,0.0
5644,33.04,26.01,0.0,0.0,0.0,0.2628,7.03,0.0
5645,33.04,0.0,0.0,0.0,3.04,0.2628,30.0,0.0
5646,33.04,7.62,0.0,0.0,0.0,0.1511,25.42,0.0
5647,34.99,26.49,8.5,0.0,0.0,0.1511,0.0,0.0
5648,36.86,11.06,25.8,0.0,0.0,0.1511,0.0,0.0
5649,38.59,1.52,37.07,0.0,0.0,0.1511,0.0,0.0
5650,40.11,0.0,40.11,0.0,0.0,0.1511,0.0,0.0
5651,41.35,0.0,41.35,0.0,0.0,0.1511,0.0,0.0
5652,42.27,0.0,42.27,0.0,0.0,0.1511,0.0,0.0
5653,42.84,0.0,42.84,0.0,0.0,0.1511,0.0,0.0
5654,43.04,0.0,43.04,0.0,0.0,0.1511,0.0,0.0
5655,42.84,0.0,35.4,0.0,0.0,0.1511,7.44,0.0
5656,42.27,17.28,25.0,0.0,0.0,0.1511,0.0,0.0
5657,41.35,10.61,13.6,0.0,0.0,0.1511,17.13,0.0
5658,40.11,27.17,0.0,0.0,0.0,0.1511,12.94,0.0
5659,38.59,9.54,0.0,0.0,0.0,0.1511,29.06,0.0
5660,36.86,17.98,0.0,0.0,0.0,0.1511,18.88,0.0
5661,34.99,11.48,0.0,0.0,0.0,0.1511,23.51,0.0
5662,33.04,22.2,0.0,0.0,0.0,0.1511,10.84,0.0
5663,33.04,8.55,0.0,0.0,0.0,0.1511,24.48,0.0
5664,33.01,18.78,0.0,0.0,0.0,0.1511,14.23,0.0
5665,33.01,9.1,0.0,0.0,0.0,0.1511,23.91,0.0
5666,33.01,29.09,0.0,0.0,0.0,0.1511,3.92,0.0
5667,33.01,27.75,0.0,0.0,0.0,0.1511,5.26,0.0
5668,33.01,1.62,0.0,0.0,1.39,0.1511,30.0,0.0
5669,33.01,29.41,0.0,0.0,0.0,0.1,3.6,0.0
5670,33.01,38.32,0.0,6.94,0.0,0.1,1.62,0.0
5671,34.96,11.64,12.41,0.0,0.0,0.3304,10.91,0.0
5672,36.84,2.5,25.82,0.0,0.0,0.3304,8.52,0.0
5673,38.57,34.58,3.99,0.0,0.0,0.3304,0.0,0.0
5674,40.08,0.0,40.08,0.0,0.0,0.3304,0.0,0.0
5675,41.32,0.0,41.32,0.0,0.0,0.3304,0.0,0.0
5676,42.25,0.0,42.25,0.0,0.0,0.3304,0.0,0.0
5677,42.82,17.47,25.35,0.0,0.0,0.3304,0.0,0.0
5678,43.01,0.0,43.01,0.0,0.0,0.3304,0.0,0.0
5679,42.82,1.86,35.91,0.0,0.0,0.3304,5.04,0.0
5680,42.25,0.0,24.07,0.0,0.0,0.3304,18.18,0.0
5681,41.32,7.82,11.29,0.0,0.0,0.3304,22.22,0.0
5682,40.08,3.82,0.0,0.0,6.26,0.3304,30.0,0.0
5683,38.57,16.75,0.0,0.0,0.0,0.1,21.81,0.0
5684,36.84,13.1,0.0,0.0,0.0,0.1,23.73,0.0
5685,34.96,5.99,0.0,0.0,0.0,0.1,28.97,0.0
5686,33.01,33.01,0.0,0.0,0.0,0.1,0.0,0.0
5687,33.01,18.34,0.0,0.0,0.0,0.1,14.67,0.0
5688,32.98,11.23,0.0,0.0,0.0,0.1,21.75,0.0
5689,32.98,21.72,0.0,0.0,0.0,0.1,11.26,0.0
5690,32.98,23.07,0.0,0.0,0.0,0.1,9.91,0.0
5691,32.98,3.64,0.0,0.0,0.0,0.1,29.35,0.0
5692,32.98,22.06,0.0,0.0,0.0,0.1,10.93,0.0
5693,32.98,6.11,0.0,0.0,0.0,0.1,26.88,0.0
5694,32.98,30.72,0.0,0.0,0.0,0.1,2.27,0.0
5695,34.93,16.48,13.72,0.0,0.0,0.1,4.73,0.0
5696,36.81,5.01,25.46,0.0,0.0,0.1,6.34,0.0
5697,38.54,0.0,36.05,0.0,0.0,0.1,2.49,0.0
5698,40.05,0.0,40.05,0.0,0.0,0.1,0.0,0.0
5699,41.3,0.0,41.3,0.0,0.0,0.1,0.0,0.0
5700,42.22,0.0,42.22,0.0,0.0,0.1,0.0,0.0
5701,42.79,0.0,42.79,0.0,0.0,0.1,0.0,0.0
5702,42.98,0.0,42.98,0.0,0.0,0.1,0.0,0.0
5703,42.79,0.96,36.3,0.0,0.0,0.1,5.53,0.0
5704,42.22,5.57,25.71,0.0,0.0,0.1,10.95,0.0
5705,41.3,0.0,13.45,0.0,0.0,0.1,27.84,0.0
5706,40.05,23.46,0.0,0.0,0.0,0.1,16.6,0.0
5707,38.54,19.36,0.0,0.0,0.0,0.1,19.18,0.0
5708,36.81,11.18,0.0,0.0,0.0,0.1,25.63,0.0
5709,34.93,34.93,0.0,0.0,0.0,0.1,0.0,0.0
5710,32.98,23.25,0.0,0.0,0.0,0.1,9.73,0.0
5711,32.98,13.18,0.0,0.0,0.0,0.1,19.81,0.0
5712,32.96,32.29,0.0,0.0,0.0,0.1,0.67,0.0
5713,32.96,27.44,0.0,0.0,0.0,0.1,5.52,0.0
5714,32.96,26.42,0.0,10.63,0.0,0.1,17.17,0.0
5715,32.96,16.78,0.0,0.0,0.0,0.4531,16.18,0.0
5716,32.96,23.36,0.0,0.0,9.59,0.4531,0.0,0.0
5717,32.96,13.98,0.0,0.0,0.0,0.1,18.98,0.0
5718,32.96,19.48,0.0,0.0,0.0,0.1,13.48,0.0
5719,34.91,0.0,12.81,0.0,0.0,0.1,22.1,0.0
5720,36.79,4.81,23.85,0.0,0.0,0.1,8.12,0.0
5721,38.51,24.0,14.51,0.0,0.0,0.1,0.0,0.0
5722,40.03,0.0,40.03,0.0,0.0,0.1,0.0,0.0
5723,41.27,0.0,41.27,0.0,0.0,0.1,0.0,0.0
5724,42.2,0.0,42.2,0.0,0.0,0.1,0.0,0.0
5725,42.77,0.0,42.77,0.0,0.0,0.1,0.0,0.0
5726,42.96,0.0,42.96,0.0,0.0,0.1,0.0,0.0
5727,42.77,4.78,37.16,0.0,0.0,0.1,0.83,0.0
5728,42.2,10.42,26.41,0.0,0.0,0.1,5.37,0.0
5729,41.27,10.94,11.35,0.0,0.0,0.1,18.98,0.0
5730,40.03,12.58,0.0,0.0,0.0,0.1,27.45,0.0
5731,38.51,16.98,0.0,0.0,0.0,0.1,21.54,0.0
5732,36.79,29.0,0.0,13.6,0.0,0.1,21.38,0.0
5733,34.91,19.09,0.0,0.0,0.0,0.5517,15.82,0.0
5734,32.96,16.88,0.0,0.0,0.0,0.5517,16.08,0.0
5735,32.96,20.75,0.0,0.0,0.0,0.5517,12.21,0.0
5736,32.93,29.7,0.0,0.0,0.0,0.5517,3.24,0.0
5737,32.93,37.56,0.0,4.62,0.0,0.5517,0.0,0.0
5738,32.93,16.49,0.0,0.0,16.45,0.7053,0.0,0.0
5739,32.93,22.08,0.0,11.67,0.0,0.1,22.52,0.0
5740,32.93,22.4,0.0,0.0,10.53,0.4877,0.0,0.0
5741,32.93,6.92,0.0,0.0,0.0,0.1,26.01,0.0
5742,32.93,14.35,0.0,0.0,0.0,0.1,18.59,0.0
5743,34.89,0.0,11.56,0.0,0.0,0.1,23.33,0.0
5744,36.76,0.0,24.77,0.0,0.0,0.1,11.99,0.0
5745,38.49,1.18,37.31,0.0,0.0,0.1,0.0,0.0
5746,40.01,1.84,38.16,0.0,0.0,0.1,0.0,0.0
5747,41.25,0.0,41.25,0.0,0.0,0.1,0.0,0.0
5748,42.17,0.0,42.17,0.0,0.0,0.1,0.0,0.0
5749,42.74,0.0,42.74,0.0,0.0,0.1,0.0,0.0
5750,42.93,0.0,42.93,0.0,0.0,0.1,0.0,0.0
5751,42.74,0.0,37.26,0.0,0.0,0.1,5.48,0.0
5752,42.17,22.92,24.17,4.92,0.0,0.1,0.0,0.0
5753,41.25,0.0,11.21,0.0,0.04,0.2634,30.0,0.0
5754,40.01,12.22,0.0,0.0,0.0,0.2619,27.79,0.0
5755,38.49,6.43,0.0,0.0,2.06,0.2619,30.0,0.0
5756,36.76,24.68,0.0,0.0,0.0,0.1862,12.08,0.0
5757,34.89,17.84,0.0,0.0,0.0,0.1862,17.04,0.0
5758,32.93,17.57,0.0,0.0,2.34,0.1862,13.03,0.0
5759,32.93,32.06,0.0,9.41,0.0,0.1,10.28,0.0
5760,32.91,24.42,0.0,0.0,8.49,0.4124,0.0,0.0
5761,32.91,28.88,0.0,0.0,0.0,0.1,4.03,0.0
5762,32.91,13.15,0.0,0.0,0.0,0.1,19.76,0.0
5763,32.91,7.42,0.0,0.0,0.0,0.1,25.49,0.0
5764,32.91,20.27,0.0,0.0,0.0,0.1,12.64,0.0
5765,32.91,13.7,0.0,0.0,0.0,0.1,19.21,0.0
5766,32.91,20.45,0.0,0.0,0.0,0.1,12.46,0.0
5767,34.86,10.95,13.13,0.0,0.0,0.1,10.78,0.0
5768,36.74,10.78,25.96,0.0,0.0,0.1,0.0,0.0
5769,38.47,0.0,35.39,0.0,0.0,0.1,3.07,0.0
5770,39.98,24.35,15.63,0.0,0.0,0.1,0.0,0.0
5771,41.22,0.0,41.22,0.0,0.0,0.1,0.0,0.0
5772,42.15,0.0,42.15,0.0,0.0,0.1,0.0,0.0
5773,42.72,0.0,42.72,0.0,0.0,0.1,0.0,0.0
5774,42.91,0.0,42.91,0.0,0.0,0.1,0.0,0.0
5775,42.72,0.0,36.61,0.0,0.0,0.1,6.11,0.0
5776,42.15,13.82,25.23,0.0,0.0,0.1,3.11,0.0
5777,41.22,8.23,11.71,0.0,0.0,0.1,21.28,0.0
5778,39.98,14.57,0.0,0.0,0.0,0.1,25.41,0.0
5779,38.47,23.71,0.0,0.0,0.0,0.1,14.76,0.0
5780,36.74,7.08,0.0,0.0,0.0,0.1,29.66,0.0
5781,34.86,14.51,0.0,0.0,0.0,0.1,20.35,0.0
5782,32.91,27.32,0.0,0.0,0.0,0.1,5.59,0.0
5783,32.91,44.45,0.0,11.54,0.0,0.1,0.0,0.0
5784,32.89,22.92,0.0,0.0,0.0,0.4835,9.97,0.0
5785,32.89,29.76,0.0,0.0,0.0,0.4835,3.13,0.0
5786,32.89,21.9,0.0,0.0,0.0,0.4835,10.98,0.0
5787,32.89,40.51,0.0,7.63,0.0,0.4835,0.0,0.0
5788,32.89,2.15,0.0,0.0,0.74,0.7368,30.0,0.0
5789,32.89,17.91,0.0,0.0,0.0,0.7097,14.98,0.0
5790,32.89,0.0,0.0,0.0,16.56,0.7097,16.32,0.0
5791,34.84,0.0,12.02,0.0,0.0,0.1,22.82,0.0
5792,36.71,10.68,26.04,0.0,0.0,0.1,0.0,0.0
5793,38.44,1.4,37.05,0.0,0.0,0.1,0.0,0.0
5794,39.96,0.0,39.96,0.0,0.0,0.1,0.0,0.0
5795,41.2,3.87,37.33,0.0,0.0,0.1,0.0,0.0
5796,42.13,35.09,7.04,0.0,0.0,0.1,0.0,0.0
5797,42.69,0.0,42.69,0.0,0.0,0.1,0.0,0.0
5798,42.89,0.0,42.89,0.0,0.0,0.1,0.0,0.0
5799,42.69,1.07,35.1,0.0,0.0,0.1,6.52,0.0
5800,42.13,12.41,25.45,0.0,0.0,0.1,4.26,0.0
5801,41.2,9.54,11.75,10.08,0.0,0.1,30.0,0.0
5802,39.96,10.39,0.0,0.0,0.0,0.4349,29.57,0.0
5803,38.44,34.89,0.0,0.0,3.56,0.4349,0.0,0.0
5804,36.71,30.94,0.0,0.0,0.0,0.3039,5.77,0.0
5805,34.84,22.74,0.0,10.61,0.0,0.3039,22.71,0.0
5806,32.89,0.27,0.0,0.0,2.62,0.6564,30.0,0.0
5807,32.89,20.39,0.0,0.0,12.5,0.5601,0.0,0.0
5808,32.86,51.03,0.0,18.17,0.0,0.1,0.0,0.0
5809,32.86,21.81,0.0,0.0,11.05,0.7034,0.0,0.0
5810,32.86,32.86,0.0,0.0,0.0,0.2967,0.0,0.0
5811,32.86,35.73,0.0,2.87,0.0,0.2967,0.0,0.0
5812,32.86,21.65,0.0,0.0,0.0,0.3919,11.21,0.0
5813,32.86,8.83,0.0,0.0,0.0,0.3919,24.03,0.0
5814,32.86,0.0,0.0,0.0,2.86,0.3919,30.0,0.0
5815,34.82,18.76,12.93,0.0,0.0,0.2865,3.12,0.0
5816,36.69,1.63,24.51,0.0,0.0,0.2865,10.55,0.0
5817,38.42,3.93,34.49,0.0,0.0,0.2865,0.0,0.0
5818,39.94,0.0,39.94,0.0,0.0,0.2865,0.0,0.0
5819,41.18,0.0,41.18,0.0,0.0,0.2865,0.0,0.0
5820,42.1,5.06,37.04,0.0,0.0,0.2865,0.0,0.0
5821,42.67,0.0,42.67,0.0,0.0,0.2865,0.0,0.0
5822,42.86,0.0,42.86,0.0,0.0,0.2865,0.0,0.0
5823,42.67,6.86,35.81,0.0,0.0,0.2865,0.0,0.0
5824,42.1,3.77,24.94,0.0,0.0,0.2865,13.38,0.0
5825,41.18,0.0,12.95,0.0,0.0,0.2865,28.23,0.0
5826,39.94,13.5,0.0,0.0,0.0,0.2865,26.44,0.0
5827,38.42,17.46,0.0,0.0,0.0,0.2865,20.96,0.0
5828,36.69,21.08,0.0,0.0,5.07,0.2865,10.55,0.0
5829,34.82,34.95,0.0,11.03,0.0,0.1,10.9,0.0
5830,32.86,20.77,0.0,0.0,0.0,0.4665,12.09,0.0
5831,32.86,22.91,0.0,0.0,9.96,0.4665,0.0,0.0
5832,32.84,13.7,0.0,0.0,0.0,0.1,19.14,0.0
5833,32.84,32.31,0.0,2.16,0.0,0.1,2.7,0.0
5834,32.84,25.06,0.0,0.0,0.0,0.1719,7.78,0.0
5835,32.84,17.55,0.0,0.0,0.0,0.1719,15.3,0.0
5836,32.84,0.89,0.0,0.0,1.95,0.1719,30.0,0.0
5837,32.84,31.49,0.0,0.23,0.0,0.1,1.59,0.0
5838,32.84,2.63,0.0,0.0,0.21,0.1077,30.0,0.0
5839,34.79,6.35,11.01,0.0,0.0,0.1,17.44,0.0
5840,36.67,13.32,23.71,0.36,0.0,0.1,0.0,0.0
5841,38.4,0.0,34.45,0.0,0.0,0.1121,3.94,0.0
5842,39.91,0.0,39.91,0.0,0.0,0.1121,0.0,0.0
5843,41.16,0.0,41.16,0.0,0.0,0.1121,0.0,0.0
5844,42.08,11.97,30.11,0.0,0.0,0.1121,0.0,0.0
5845,42.65,0.0,42.65,0.0,0.0,0.1121,0.0,0.0
5846,42.84,35.01,7.83,0.0,0.0,0.1121,0.0,0.0
5847,42.65,0.0,35.43,0.0,0.0,0.1121,7.22,0.0
5848,42.08,0.72,25.88,0.0,0.0,0.1121,15.47,0.0
5849,41.16,6.6,13.31,8.76,0.0,0.1121,30.0,0.0
5850,39.91,17.11,0.0,0.0,0.0,0.403,22.8,0.0
5851,38.4,12.64,0.0,4.24,0.0,0.403,30.0,0.0
5852,36.67,25.67,0.0,0.0,0.0,0.5438,11.0,0.0
5853,34.79,12.05,0.0,7.25,0.0,0.5438,30.0,0.0
5854,32.84,9.64,0.0,0.0,0.0,0.7847,23.2,0.0
5855,32.84,6.52,0.0,3.47,0.0,0.7847,29.79,0.0
5856,32.82,2.82,0.0,0.0,21.74,0.9,8.27,0.0
5857,32.82,19.28,0.0,0.0,0.0,0.1,13.55,0.0
5858,32.82,20.43,0.0,0.0,0.0,0.1,12.39,0.0
5859,32.82,15.61,0.0,0.0,0.0,0.1,17.21,0.0
5860,32.82,32.03,0.0,0.0,0.0,0.1,0.79,0.0
5861,32.82,29.5,0.0,0.0,0.0,0.1,3.32,0.0
5862,32.82,11.57,0.0,0.0,0.0,0.1,21.25,0.0
5863,34.77,0.0,12.66,0.0,0.0,0.1,22.11,0.0
5864,36.65,4.36,24.0,0.0,0.0,0.1,8.29,0.0
5865,38.38,2.0,36.24,0.0,0.0,0.1,0.14,0.0
5866,39.89,0.0,39.89,0.0,0.0,0.1,0.0,0.0
5867,41.14,0.0,41.14,0.0,0.0,0.1,0.0,0.0
5868,42.06,0.0,42.06,0.0,0.0,0.1,0.0,0.0
5869,42.63,0.0,42.63,0.0,0.0,0.1,0.0,0.0
5870,42.82,0.08,42.74,0.0,0.0,0.1,0.0,0.0
5871,42.63,8.49,34.14,0.0,0.0,0.1,0.0,0.0
5872,42.06,13.49,23.8,0.0,0.0,0.1,4.77,0.0
5873,41.14,3.35,11.64,3.85,0.0,0.1,30.0,0.0
5874,39.89,27.38,0.0,0.0,0.0,0.228,12.51,0.0
5875,38.38,7.77,0.0,0.0,0.69,0.228,29.92,0.0
5876,36.65,3.86,0.0,0.0,2.79,0.2026,30.0,0.0
5877,34.77,25.58,0.0,0.0,0.0,0.1,9.19,0.0
5878,32.82,15.34,0.0,1.78,0.0,0.1,19.25,0.0
5879,32.82,27.54,0.0,0.0,0.0,0.1591,5.28,0.0
5880,32.8,1.2,0.0,0.0,1.6,0.1591,30.0,0.0
5881,32.8,38.23,0.0,13.68,0.0,0.1,8.24,0.0
5882,32.8,30.16,0.0,0.0,0.0,0.5543,2.64,0.0
5883,32.8,7.2,0.0,0.0,0.0,0.5543,25.6,0.0
5884,32.8,5.38,0.0,0.0,0.0,0.5543,27.42,0.0
5885,32.8,32.8,0.0,0.0,0.0,0.5543,0.0,0.0
5886,32.8,7.75,0.0,4.95,0.0,0.5543,30.0,0.0
5887,34.75,4.25,12.43,0.0,0.0,0.7189,18.06,0.0
5888,36.63,0.0,24.56,0.0,12.06,0.7189,0.0,0.0
5889,38.36,4.6,33.76,0.0,0.0,0.2749,0.0,0.0
5890,39.87,0.0,39.87,0.0,0.0,0.2749,0.0,0.0
5891,41.11,0.0,41.11,0.0,0.0,0.2749,0.0,0.0
5892,42.04,0.0,42.04,0.0,0.0,0.2749,0.0,0.0
5893,42.61,0.0,42.61,0.0,0.0,0.2749,0.0,0.0
5894,42.8,0.0,42.8,0.0,0.0,0.2749,0.0,0.0
5895,42.61,7.77,34.84,0.0,0.0,0.2749,0.0,0.0
5896,42.04,0.0,24.21,0.0,0.0,0.2749,17.82,0.0
5897,41.11,23.11,11.46,0.0,0.0,0.2749,6.54,0.0
5898,39.87,15.38,0.0,0.0,0.0,0.2749,24.49,0.0
5899,38.36,28.31,0.0,0.0,0.0,0.2749,10.04,0.0
5900,36.63,19.25,0.0,0.0,0.0,0.2749,17.38,0.0
5901,34.75,0.0,0.0,0.0,4.75,0.2749,30.0,0.0
5902,32.8,22.04,0.0,0.0,0.0,0.1,10.76,0.0
5903,32.8,32.8,0.0,0.0,0.0,0.1,0.0,0.0
5904,32.78,16.21,0.0,0.0,0.0,0.1,16.57,0.0
5905,32.78,20.85,0.0,0.0,0.0,0.1,11.93,0.0
5906,32.78,21.96,0.0,3.08,0.0,0.1,13.9,0.0
5907,32.78,0.0,0.0,0.0,2.78,0.2023,30.0,0.0
5908,32.78,32.78,0.0,0.0,0.0,0.1,0.0,0.0
5909,32.78,8.84,0.0,0.0,0.0,0.1,23.94,0.0
5910,32.78,20.14,0.0,13.66,0.0,0.1,26.3,0.0
5911,34.73,11.76,10.64,0.0,12.33,0.5537,0.0,0.0
5912,36.61,13.23,23.37,0.0,0.0,0.1,0.0,0.0
5913,38.34,2.4,35.93,0.0,0.0,0.1,0.0,0.0
5914,39.85,0.0,39.85,0.0,0.0,0.1,0.0,0.0
5915,41.09,0.0,41.09,0.0,0.0,0.1,0.0,0.0
5916,42.02,0.0,42.02,0.0,0.0,0.1,0.0,0.0
5917,42.59,0.0,42.59,0.0,0.0,0.1,0.0,0.0
5918,42.78,0.0,42.78,0.0,0.0,0.1,0.0,0.0
5919,42.59,0.0,35.33,0.0,0.0,0.1,7.26,0.0
5920,42.02,22.57,24.47,5.02,0.0,0.1,0.0,0.0
5921,41.09,14.2,11.1,0.0,0.0,0.2667,15.79,0.0
5922,39.85,21.51,0.0,0.0,0.0,0.2667,18.34,0.0
5923,38.34,18.52,0.0,0.0,0.0,0.2667,19.82,0.0
5924,36.61,2.83,0.0,0.0,4.53,0.2667,29.24,0.0
5925,34.73,13.65,0.0,0.0,0.0,0.1,21.08,0.0
5926,32.78,30.31,0.0,0.0,0.0,0.1,2.47,0.0
5927,32.78,26.32,0.0,0.0,0.0,0.1,6.46,0.0
5928,32.76,32.76,0.0,0.0,0.0,0.1,0.0,0.0
5929,32.76,28.8,0.0,0.0,0.0,0.1,3.96,0.0
5930,32.76,14.32,0.0,0.0,0.0,0.1,18.44,0.0
5931,32.76,14.44,0.0,0.0,0.0,0.1,18.32,0.0
5932,32.76,21.25,0.0,3.06,0.0,0.1,14.57,0.0
5933,32.76,0.0,0.0,0.0,2.76,0.2016,30.0,0.0
5934,32.76,31.79,0.0,0.0,0.0,0.1,0.97,0.0
5935,34.71,17.12,11.09,3.54,0.0,0.1,10.04,0.0
5936,36.59,12.07,24.52,0.0,0.0,0.2175,0.0,0.0
5937,38.32,0.0,35.27,0.0,0.0,0.2175,3.05,0.0
5938,39.83,0.0,39.83,0.0,0.0,0.2175,0.0,0.0
5939,41.08,27.78,13.3,0.0,0.0,0.2175,0.0,0.0
5940,42.0,0.0,42.0,0.0,0.0,0.2175,0.0,0.0
5941,42.57,0.0,42.57,0.0,0.0,0.2175,0.0,0.0
5942,42.76,0.0,42.76,0.0,0.0,0.2175,0.0,0.0
5943,42.57,0.0,35.66,0.0,0.0,0.2175,6.91,0.0
5944,42.0,15.25,22.68,0.0,0.0,0.2175,4.08,0.0
5945,41.08,20.97,12.83,0.0,0.0,0.2175,7.27,0.0
5946,39.83,9.4,0.0,0.0,0.43,0.2175,30.0,0.0
5947,38.32,29.34,0.0,0.0,0.0,0.2015,8.97,0.0
5948,36.59,3.83,0.0,0.0,2.76,0.2015,30.0,0.0
5949,34.71,7.56,0.0,0.0,0.0,0.1,27.15,0.0
5950,32.76,25.19,0.0,0.0,0.0,0.1,7.57,0.0
5951,32.76,25.08,0.0,0.0,0.0,0.1,7.69,0.0
5952,32.74,18.26,0.0,0.0,0.0,0.1,14.48,0.0
5953,32.74,32.74,0.0,0.0,0.0,0.1,0.0,0.0
5954,32.74,29.22,0.0,0.0,0.0,0.1,3.52,0.0
5955,32.74,30.88,0.0,9.74,0.0,0.1,11.61,0.0
5956,32.74,19.18,0.0,0.0,0.0,0.4236,13.56,0.0
5957,32.74,23.95,0.0,0.0,8.79,0.4236,0.0,0.0
5958,32.74,11.08,0.0,0.0,0.0,0.1,21.66,0.0
5959,34.69,33.14,12.9,11.34,0.0,0.1,0.0,0.0
5960,36.57,2.55,23.53,0.0,10.24,0.4768,0.25,0.0
5961,38.3,29.23,9.06,0.0,0.0,0.1,0.0,0.0
5962,39.81,0.0,39.81,0.0,0.0,0.1,0.0,0.0
5963,41.06,0.0,41.06,0.0,0.0,0.1,0.0,0.0
5964,41.98,19.09,22.89,0.0,0.0,0.1,0.0,0.0
5965,42.55,0.0,42.55,0.0,0.0,0.1,0.0,0.0
5966,42.74,0.0,42.74,0.0,0.0,0.1,0.0,0.0
5967,42.55,20.56,21.99,0.0,0.0,0.1,0.0,0.0
5968,41.98,13.87,23.31,0.0,0.0,0.1,4.8,0.0
5969,41.06,7.09,12.22,0.0,0.0,0.1,21.75,0.0
5970,39.81,25.07,0.0,0.0,0.0,0.1,14.74,0.0
5971,38.3,18.02,0.0,0.0,0.0,0.1,20.27,0.0
5972,36.57,27.14,0.0,20.57,0.0,0.1,30.0,0.0
5973,34.69,1.23,0.0,0.0,18.57,0.7834,14.9,0.0
5974,32.74,28.4,0.0,0.0,0.0,0.1,4.35,0.0
5975,32.74,18.69,0.0,0.0,0.0,0.1,14.05,0.0
5976,32.72,41.74,0.0,9.02,0.0,0.1,0.0,0.0
5977,32.72,31.27,0.0,0.0,1.46,0.3996,0.0,0.0
5978,32.72,26.51,0.0,0.0,0.0,0.346,6.21,0.0
5979,32.72,27.37,0.0,0.0,0.0,0.346,5.35,0.0
5980,32.72,10.71,0.0,0.0,0.0,0.346,22.01,0.0
5981,32.72,34.15,0.0,1.43,0.0,0.346,0.0,0.0
5982,32.72,32.72,0.0,0.0,0.0,0.3934,0.0,0.0
5983,34.67,16.94,12.52,0.0,0.0,0.3934,5.22,0.0
5984,36.55,26.36,10.19,0.0,0.0,0.3934,0.0,0.0
5985,38.28,2.86,35.42,0.0,0.0,0.3934,0.0,0.0
5986,39.79,0.0,39.79,0.0,0.0,0.3934,0.0,0.0
5987,41.04,0.0,41.04,0.0,0.0,0.3934,0.0,0.0
5988,41.96,0.0,41.96,0.0,0.0,0.3934,0.0,0.0
5989,42.53,0.0,42.53,0.0,0.0,0.3934,0.0,0.0
5990,42.72,1.11,41.62,0.0,0.0,0.3934,0.0,0.0
5991,42.53,8.8,33.73,0.0,0.0,0.3934,0.0,0.0
5992,41.96,0.87,22.96,0.0,0.0,0.3934,18.13,0.0
5993,41.04,18.18,10.77,0.0,7.97,0.3934,4.11,0.0
5994,39.79,24.12,0.0,0.0,0.0,0.1,15.67,0.0
5995,38.28,19.86,0.0,0.0,0.0,0.1,18.42,0.0
5996,36.55,31.89,0.0,0.0,0.0,0.1,4.66,0.0
5997,34.67,10.6,0.0,0.0,0.0,0.1,24.08,0.0
5998,32.72,28.76,0.0,0.0,0.0,0.1,3.97,0.0
5999,32.72,13.61,0.0,0.0,0.0,0.1,19.11,0.0
6000,32.71,14.65,0.0,0.0,0.0,0.1,18.05,0.0
6001,32.71,19.07,0.0,0.0,0.0,0.1,13.63,0.0
6002,32.71,15.03,0.0,0.0,0.0,0.1,17.68,0.0
6003,32.71,17.34,0.0,0.0,0.0,0.1,15.36,0.0
6004,32.71,18.59,0.0,0.0,0.0,0.1,14.12,0.0
6005,32.71,26.57,0.0,23.86,0.0,0.1,30.0,0.0
6006,32.71,12.61,0.0,0.0,0.0,0.8926,20.09,0.0
6007,34.66,0.0,10.88,0.0,21.53,0.8926,2.24,0.0
6008,36.53,11.96,24.58,0.0,0.0,0.1,0.0,0.0
6009,38.26,0.57,34.83,0.0,0.0,0.1,2.86,0.0
6010,39.78,6.67,33.1,0.0,0.0,0.1,0.0,0.0
6011,41.02,10.66,30.36,0.0,0.0,0.1,0.0,0.0
6012,41.94,0.0,41.94,0.0,0.0,0.1,0.0,0.0
6013,42.51,17.04,25.47,0.0,0.0,0.1,0.0,0.0
6014,42.71,0.0,42.71,0.0,0.0,0.1,0.0,0.0
6015,42.51,0.34,33.28,0.0,0.0,0.1,8.9,0.0
6016,41.94,16.74,25.21,0.0,0.0,0.1,0.0,0.0
6017,41.02,15.14,11.12,0.0,0.0,0.1,14.76,0.0
6018,39.78,14.33,0.0,0.0,0.0,0.1,25.45,0.0
6019,38.26,27.81,0.0,0.0,0.0,0.1,10.45,0.0
6020,36.53,23.16,0.0,0.0,0.0,0.1,13.38,0.0
6021,34.66,26.67,0.0,0.0,0.0,0.1,7.99,0.0
6022,32.71,48.84,0.0,16.13,0.0,0.1,0.0,0.0
6023,32.71,22.58,0.0,0.0,0.0,0.6359,10.13,0.0
6024,32.69,22.65,0.0,0.0,0.0,0.6359,10.04,0.0
6025,32.69,26.59,0.0,0.0,0.0,0.6359,6.1,0.0
6026,32.69,32.69,0.0,0.0,0.0,0.6359,0.0,0.0
6027,32.69,8.06,0.0,0.0,0.0,0.6359,24.63,0.0
6028,32.69,1.5,0.0,0.0,1.19,0.6359,30.0,0.0
6029,32.69,12.7,0.0,0.0,0.0,0.5923,19.99,0.0
6030,32.69,0.0,0.0,0.0,2.69,0.5923,30.0,0.0
6031,34.64,9.2,11.29,0.0,10.69,0.4933,3.46,0.0
6032,36.52,15.96,23.62,3.06,0.0,0.1,0.0,0.0
6033,38.24,0.2,34.25,0.0,2.76,0.2018,1.03,0.0
6034,39.76,0.0,39.76,0.0,0.0,0.1,0.0,0.0
6035,41.0,0.0,41.0,0.0,0.0,0.1,0.0,0.0
6036,41.93,14.58,27.35,0.0,0.0,0.1,0.0,0.0
6037,42.5,0.0,42.5,0.0,0.0,0.1,0.0,0.0
6038,42.69,0.0,42.69,0.0,0.0,0.1,0.0,0.0
6039,42.5,7.46,35.03,0.0,0.0,0.1,0.0,0.0
6040,41.93,20.4,21.52,0.0,0.0,0.1,0.0,0.0
6041,41.0,25.38,10.98,0.0,0.0,0.1,4.65,0.0
6042,39.76,37.61,0.0,0.0,0.0,0.1,2.15,0.0
6043,38.24,14.98,0.0,0.0,0.0,0.1,23.27,0.0
6044,36.52,21.93,0.0,0.0,0.0,0.1,14.58,0.0
6045,34.64,18.79,0.0,0.0,0.0,0.1,15.85,0.0
6046,32.69,24.48,0.0,0.0,0.0,0.1,8.21,0.0
6047,32.69,40.53,0.0,7.84,0.0,0.1,0.0,0.0
6048,32.67,12.69,0.0,0.0,0.0,0.3606,19.98,0.0
6049,32.67,17.12,0.0,0.0,7.08,0.3606,8.47,0.0
6050,32.67,38.18,0.0,5.5,0.0,0.1,0.0,0.0
6051,32.67,33.09,0.0,0.42,0.0,0.2828,0.0,0.0
6052,32.67,17.44,0.0,0.0,5.35,0.2967,9.89,0.0
6053,32.67,27.05,0.0,0.0,0.0,0.1,5.62,0.0
6054,32.67,19.45,0.0,0.0,0.0,0.1,13.22,0.0
6055,34.62,28.31,12.73,6.41,0.0,0.1,0.0,0.0
6056,36.5,11.9,23.14,0.0,1.46,0.3131,0.0,0.0
6057,38.23,19.23,19.0,0.0,0.0,0.2594,0.0,0.0
6058,39.74,33.58,6.17,0.0,0.0,0.2594,0.0,0.0
6059,40.99,0.0,40.99,0.0,0.0,0.2594,0.0,0.0
6060,41.91,0.0,41.91,0.0,0.0,0.2594,0.0,0.0
6061,42.48,0.0,42.48,0.0,0.0,0.2594,0.0,0.0
6062,42.67,1.41,41.26,0.0,0.0,0.2594,0.0,0.0
6063,42.48,32.64,9.84,0.0,0.0,0.2594,0.0,0.0
6064,41.91,12.94,22.93,19.29,0.0,0.2594,25.33,0.0
6065,40.99,10.85,12.13,0.0,0.0,0.9,18.01,0.0
6066,39.74,7.86,0.0,0.0,21.74,0.9,10.15,0.0
6067,38.23,29.44,0.0,7.7,0.0,0.1,16.49,0.0
6068,36.5,29.55,0.0,0.0,6.95,0.3558,0.0,0.0
6069,34.62,18.16,0.0,0.0,0.0,0.1,16.47,0.0
6070,32.67,30.29,0.0,0.0,0.0,0.1,2.38,0.0
6071,32.67,10.75,0.0,0.0,0.0,0.1,21.93,0.0
6072,32.66,27.91,0.0,0.0,0.0,0.1,4.74,0.0
6073,32.66,30.22,0.0,0.0,0.0,0.1,2.44,0.0
6074,32.66,41.58,0.0,8.93,0.0,0.1,0.0,0.0
6075,32.66,15.62,0.0,0.0,0.0,0.3965,17.04,0.0
6076,32.66,8.59,0.0,0.0,0.0,0.3965,24.07,0.0
6077,32.66,9.98,0.0,0.0,0.0,0.3965,22.68,0.0
6078,32.66,3.09,0.0,0.0,8.06,0.3965,21.51,0.0
6079,34.61,26.86,7.75,0.0,0.0,0.1,0.0,0.0
6080,36.48,26.57,9.91,0.0,0.0,0.1,0.0,0.0
6081,38.21,4.97,33.24,0.0,0.0,0.1,0.0,0.0
6082,39.73,19.75,19.98,0.0,0.0,0.1,0.0,0.0
6083,40.97,0.0,40.97,0.0,0.0,0.1,0.0,0.0
6084,41.9,0.0,41.9,0.0,0.0,0.1,0.0,0.0
6085,42.47,0.0,42.47,0.0,0.0,0.1,0.0,0.0
6086,42.66,1.38,41.28,0.0,0.0,0.1,0.0,0.0
6087,42.47,0.0,33.56,0.0,0.0,0.1,8.9,0.0
6088,41.9,13.93,23.34,0.0,0.0,0.1,4.63,0.0
6089,40.97,13.3,12.14,0.0,0.0,0.1,15.53,0.0
6090,39.73,23.59,0.0,13.86,0.0,0.1,30.0,0.0
6091,38.21,19.72,0.0,0.0,12.51,0.5603,5.99,0.0
6092,36.48,19.57,0.0,13.08,0.0,0.1,30.0,0.0
6093,34.61,14.63,0.0,0.0,11.81,0.5346,8.17,0.0
6094,32.66,25.48,0.0,0.0,0.0,0.1,7.17,0.0
6095,32.66,32.66,0.0,0.0,0.0,0.1,0.0,0.0
6096,32.64,15.0,0.0,0.0,0.0,0.1,17.65,0.0
6097,32.64,26.78,0.0,0.0,0.0,0.1,5.86,0.0
6098,32.64,27.23,0.0,0.0,0.0,0.1,5.41,0.0
6099,32.64,16.3,0.0,0.0,0.0,0.1,16.34,0.0
6100,32.64,15.54,0.0,0.0,0.0,0.1,17.1,0.0
6101,32.64,21.23,0.0,18.58,0.0,0.1,30.0,0.0
6102,32.64,5.25,0.0,0.0,16.77,0.7173,10.62,0.0
6103,34.59,17.3,11.78,0.0,0.0,0.1,5.51,0.0
6104,36.47,2.67,23.46,0.0,0.0,0.1,10.34,0.0
6105,38.2,19.91,18.29,0.0,0.0,0.1,0.0,0.0
6106,39.71,30.9,8.82,0.0,0.0,0.1,0.0,0.0
6107,40.96,0.0,40.96,0.0,0.0,0.1,0.0,0.0
6108,41.88,0.0,41.88,0.0,0.0,0.1,0.0,0.0
6109,42.45,0.0,42.45,0.0,0.0,0.1,0.0,0.0
6110,42.64,18.13,24.51,0.0,0.0,0.1,0.0,0.0
6111,42.45,0.0,33.63,0.0,0.0,0.1,8.82,0.0
6112,41.88,16.22,23.72,0.0,0.0,0.1,1.95,0.0
6113,40.96,5.26,11.57,0.0,0.0,0.1,24.12,0.0
6114,39.71,14.37,0.0,0.0,0.0,0.1,25.34,0.0
6115,38.2,8.8,0.0,0.0,0.0,0.1,29.39,0.0
6116,36.47,29.43,0.0,0.0,0.0,0.1,7.04,0.0
6117,34.59,15.13,0.0,0.0,0.0,0.1,19.47,0.0
6118,32.64,30.37,0.0,19.34,0.0,0.1,21.62,0.0
6119,32.64,22.53,0.0,0.0,10.11,0.7425,0.0,0.0
6120,32.63,25.29,0.0,0.0,7.34,0.3703,0.0,0.0
6121,32.63,27.53,0.0,0.0,0.0,0.1,5.1,0.0
6122,32.63,17.59,0.0,0.0,0.0,0.1,15.04,0.0
6123,32.63,25.6,0.0,0.0,0.0,0.1,7.03,0.0
6124,32.63,32.63,0.0,0.0,0.0,0.1,0.0,0.0
6125,32.63,11.46,0.0,0.0,0.0,0.1,21.17,0.0
6126,32.63,28.1,0.0,0.0,0.0,0.1,4.52,0.0
6127,34.58,28.77,12.24,6.43,0.0,0.1,0.0,0.0
6128,36.46,3.61,24.74,0.0,5.8,0.3135,2.31,0.0
6129,38.18,0.0,32.99,0.0,0.0,0.1,5.2,0.0
6130,39.7,0.0,39.7,0.0,0.0,0.1,0.0,0.0
6131,40.94,0.0,40.94,0.0,0.0,0.1,0.0,0.0
6132,41.87,25.12,16.75,0.0,0.0,0.1,0.0,0.0
6133,42.44,0.0,42.44,0.0,0.0,0.1,0.0,0.0
6134,42.63,0.14,42.14,0.0,0.0,0.1,0.35,0.0
6135,42.44,0.0,34.89,0.0,0.0,0.1,7.55,0.0
6136,41.87,22.38,22.69,3.2,0.0,0.1,0.0,0.0
6137,40.94,8.4,10.4,0.0,0.0,0.2062,22.15,0.0
6138,39.7,17.0,0.0,0.0,0.0,0.2062,22.7,0.0
6139,38.18,28.53,0.0,0.0,0.0,0.2062,9.66,0.0
6140,36.46,16.72,0.0,0.0,0.0,0.2062,19.73,0.0
6141,34.58,23.08,0.0,0.0,2.89,0.2062,8.62,0.0
6142,32.63,24.93,0.0,0.0,0.0,0.1,7.7,0.0
6143,32.63,32.81,0.0,0.18,0.0,0.1,0.0,0.0
6144,32.62,32.39,0.0,0.0,0.0,0.1058,0.23,0.0
6145,32.62,24.07,0.0,0.0,0.0,0.1058,8.54,0.0
6146,32.62,25.88,0.0,0.0,0.0,0.1058,6.73,0.0
6147,32.62,20.03,0.0,0.0,0.0,0.1058,12.59,0.0
6148,32.62,7.1,0.0,0.0,0.0,0.1058,25.51,0.0
6149,32.62,21.81,0.0,0.0,0.0,0.1058,10.8,0.0
6150,32.62,35.36,0.0,2.74,0.0,0.1058,0.0,0.0
6151,34.57,5.48,10.54,0.0,0.0,0.1969,18.55,0.0
6152,36.44,4.2,22.95,0.0,0.0,0.1969,9.3,0.0
6153,38.17,1.19,32.23,0.0,0.0,0.1969,4.75,0.0
6154,39.69,0.0,39.69,0.0,0.0,0.1969,0.0,0.0
6155,40.93,11.63,29.3,0.0,0.0,0.1969,0.0,0.0
6156,41.85,0.0,41.85,0.0,0.0,0.1969,0.0,0.0
6157,42.42,0.0,42.42,0.0,0.0,0.1969,0.0,0.0
6158,42.62,0.51,42.11,0.0,0.0,0.1969,0.0,0.0
6159,42.42,0.0,32.54,20.12,0.0,0.1969,30.0,0.0
6160,41.85,13.22,21.94,0.0,0.0,0.8653,6.7,0.0
6161,40.93,22.76,10.26,1.05,0.0,0.8653,8.96,0.0
6162,39.69,4.41,0.0,0.0,5.28,0.9,30.0,0.0
6163,38.17,4.19,0.0,0.0,16.46,0.7058,17.52,0.0
6164,36.44,36.44,0.0,0.0,0.0,0.1,0.0,0.0
6165,34.57,17.67,0.0,0.0,0.0,0.1,16.9,0.0
6166,32.62,32.62,0.0,0.0,0.0,0.1,0.0,0.0
6167,32.62,24.72,0.0,0.0,0.0,0.1,7.89,0.0
6168,32.6,25.14,0.0,0.0,0.0,0.1,7.46,0.0
6169,32.6,30.72,0.0,0.0,0.0,0.1,1.89,0.0
6170,32.6,16.71,0.0,0.0,0.0,0.1,15.89,0.0
6171,32.6,25.16,0.0,0.0,0.0,0.1,7.45,0.0
6172,32.6,18.06,0.0,0.0,0.0,0.1,14.55,0.0
6173,32.6,6.44,0.0,0.0,0.0,0.1,26.16,0.0
6174,32.6,20.21,0.0,0.0,0.0,0.1,12.39,0.0
6175,34.55,11.75,11.1,0.0,0.0,0.1,11.71,0.0
6176,36.43,10.42,22.16,0.0,0.0,0.1,3.85,0.0
6177,38.16,0.0,33.4,0.0,0.0,0.1,4.76,0.0
6178,39.67,0.0,39.67,0.0,0.0,0.1,0.0,0.0
6179,40.92,16.01,24.91,0.0,0.0,0.1,0.0,0.0
6180,41.84,0.0,41.84,0.0,0.0,0.1,0.0,0.0
6181,42.41,0.0,42.41,0.0,0.0,0.1,0.0,0.0
6182,42.6,0.0,40.82,0.0,0.0,0.1,1.78,0.0
6183,42.41,10.46,31.95,0.0,0.0,0.1,0.0,0.0
6184,41.84,11.37,22.45,0.0,0.0,0.1,8.03,0.0
6185,40.92,6.97,10.39,0.0,0.0,0.1,23.56,0.0
6186,39.67,20.99,0.0,0.0,0.0,0.1,18.68,0.0
6187,38.16,30.93,0.0,0.0,0.0,0.1,7.23,0.0
6188,36.43,21.59,0.0,0.0,0.0,0.1,14.84,0.0
6189,34.55,34.55,0.0,0.0,0.0,0.1,0.0,0.0
6190,32.6,36.08,0.0,3.48,0.0,0.1,0.0,0.0
6191,32.6,15.8,0.0,0.0,0.0,0.2155,16.8,0.0
6192,32.59,20.27,0.0,0.0,0.0,0.2155,12.33,0.0
6193,32.59,35.99,0.0,13.39,0.0,0.2155,9.99,0.0
6194,32.59,0.0,0.0,0.0,2.59,0.6601,30.0,0.0
6195,32.59,22.54,0.0,0.0,10.05,0.5647,0.0,0.0
6196,32.59,7.89,0.0,5.3,0.0,0.195,30.0,0.0
6197,32.59,14.91,0.0,12.32,0.0,0.3709,30.0,0.0
6198,32.59,14.11,0.0,0.0,18.48,0.7801,0.0,0.0
6199,34.54,10.98,11.79,0.0,0.0,0.1,11.77,0.0
6200,36.42,6.69,24.4,0.0,0.0,0.1,5.33,0.0
6201,38.15,0.0,31.73,0.0,0.0,0.1,6.42,0.0
6202,39.66,31.09,8.57,0.0,0.0,0.1,0.0,0.0
6203,40.91,25.93,14.98,0.0,0.0,0.1,0.0,0.0
6204,41.83,0.0,41.83,0.0,0.0,0.1,0.0,0.0
6205,42.4,23.12,19.28,0.0,0.0,0.1,0.0,0.0
6206,42.59,2.41,40.18,0.0,0.0,0.1,0.0,0.0
6207,42.4,8.35,34.05,0.0,0.0,0.1,0.0,0.0
6208,41.83,11.51,23.89,0.0,0.0,0.1,6.43,0.0
6209,40.91,8.01,11.01,0.0,0.0,0.1,21.88,0.0
6210,39.66,26.74,0.0,0.0,0.0,0.1,12.92,0.0
6211,38.15,20.84,0.0,0.0,0.0,0.1,17.31,0.0
6212,36.42,17.28,0.0,0.0,0.0,0.1,19.13,0.0
6213,34.54,11.17,0.0,0.0,0.0,0.1,23.37,0.0
6214,32.59,16.78,0.0,0.0,0.0,0.1,15.81,0.0
6215,32.59,10.4,0.0,0.0,0.0,0.1,22.19,0.0
6216,32.58,27.18,0.0,0.0,0.0,0.1,5.4,0.0
6217,32.58,14.95,0.0,0.0,0.0,0.1,17.63,0.0
6218,32.58,23.13,0.0,0.0,0.0,0.1,9.45,0.0
6219,32.58,37.67,0.0,5.09,0.0,0.1,0.0,0.0
6220,32.58,32.58,0.0,0.0,0.0,0.269,0.0,0.0
6221,32.58,19.45,0.0,0.0,4.59,0.269,8.54,0.0
6222,32.58,16.36,0.0,0.0,0.0,0.1,16.22,0.0
6223,34.53,24.53,10.0,0.0,0.0,0.1,0.0,0.0
6224,36.41,13.63,22.78,0.0,0.0,0.1,0.0,0.0
6225,38.14,3.68,34.45,0.0,0.0,0.1,0.0,0.0
6226,39.65,0.0,39.65,0.0,0.0,0.1,0.0,0.0
6227,40.89,0.0,40.89,0.0,0.0,0.1,0.0,0.0
6228,41.82,15.54,26.28,0.0,0.0,0.1,0.0,0.0
6229,42.39,0.0,42.39,0.0,0.0,0.1,0.0,0.0
6230,42.58,2.23,40.35,0.0,0.0,0.1,0.0,0.0
6231,42.39,6.68,32.21,0.0,0.0,0.1,3.5,0.0
6232,41.82,10.48,23.17,0.0,0.0,0.1,8.17,0.0
6233,40.89,0.0,12.24,0.0,0.0,0.1,28.66,0.0
6234,39.65,15.03,0.0,0.0,0.0,0.1,24.62,0.0
6235,38.14,29.31,0.0,0.0,0.0,0.1,8.83,0.0
6236,36.41,15.92,0.0,0.0,0.0,0.1,20.48,0.0
6237,34.53,24.7,0.0,0.0,0.0,0.1,9.83,0.0
6238,32.58,18.3,0.0,0.0,0.0,0.1,14.28,0.0
6239,32.58,30.28,0.0,0.0,0.0,0.1,2.3,0.0
6240,32.57,25.1,0.0,0.0,0.0,0.1,7.47,0.0
6241,32.57,17.64,0.0,0.0,0.0,0.1,14.93,0.0
6242,32.57,39.03,0.0,6.46,0.0,0.1,0.0,0.0
6243,32.57,33.49,0.0,0.92,0.0,0.3145,0.0,0.0
6244,32.57,16.35,0.0,0.0,0.0,0.3451,16.22,0.0
6245,32.57,24.83,0.0,0.0,0.0,0.3451,7.74,0.0
6246,32.57,22.67,0.0,0.0,0.0,0.3451,9.9,0.0
6247,34.52,21.16,12.23,0.0,0.0,0.3451,1.13,0.0
6248,36.4,0.0,21.91,0.0,6.66,0.3451,7.83,0.0
6249,38.13,5.15,32.97,0.0,0.0,0.1,0.0,0.0
6250,39.64,0.38,39.26,0.0,0.0,0.1,0.0,0.0
6251,40.88,0.0,40.88,0.0,0.0,0.1,0.0,0.0
6252,41.81,33.51,8.3,0.0,0.0,0.1,0.0,0.0
6253,42.38,0.0,42.38,0.0,0.0,0.1,0.0,0.0
6254,42.57,3.37,39.2,0.0,0.0,0.1,0.0,0.0
6255,42.38,0.0,32.52,0.0,0.0,0.1,9.85,0.0
6256,41.81,26.14,22.27,6.6,0.0,0.1,0.0,0.0
6257,40.88,1.59,12.17,0.0,0.0,0.3193,27.12,0.0
6258,39.64,7.5,0.0,0.0,2.14,0.3193,30.0,0.0
6259,38.13,16.67,0.0,0.0,0.0,0.2406,21.46,0.0
6260,36.4,36.25,0.0,0.0,0.0,0.2406,0.15,0.0
6261,34.52,31.96,0.0,17.14,0.0,0.2406,19.71,0.0
6262,32.57,24.35,0.0,0.0,8.22,0.8101,0.0,0.0
6263,32.57,29.93,0.0,0.0,0.0,0.5078,2.64,0.0
6264,32.56,21.48,0.0,0.0,11.08,0.5078,0.0,0.0
6265,32.56,28.43,0.0,0.0,0.0,0.1,4.13,0.0
6266,32.56,26.8,0.0,0.0,0.0,0.1,5.76,0.0
6267,32.56,32.56,0.0,0.0,0.0,0.1,0.0,0.0
6268,32.56,31.99,0.0,0.0,0.0,0.1,0.57,0.0
6269,32.56,24.96,0.0,20.59,0.0,0.1,28.19,0.0
6270,32.56,13.98,0.0,0.0,18.58,0.7839,0.0,0.0
6271,34.51,22.3,10.88,0.0,0.0,0.1,1.33,0.0
6272,36.39,11.72,21.52,0.0,0.0,0.1,3.15,0.0
6273,38.12,0.0,34.15,0.0,0.0,0.1,3.96,0.0
6274,39.63,0.0,39.63,0.0,0.0,0.1,0.0,0.0
6275,40.87,0.0,40.87,0.0,0.0,0.1,0.0,0.0
6276,41.8,16.66,25.14,0.0,0.0,0.1,0.0,0.0
6277,42.37,0.0,42.37,0.0,0.0,0.1,0.0,0.0
6278,42.56,0.0,40.38,0.0,0.0,0.1,2.18,0.0
6279,42.37,11.14,32.7,1.48,0.0,0.1,0.0,0.0
6280,41.8,13.74,23.38,0.0,0.0,0.149,4.68,0.0
6281,40.87,16.83,10.53,0.0,0.0,0.149,13.51,0.0
6282,39.63,26.6,0.0,0.0,0.0,0.149,13.03,0.0
6283,38.12,30.13,0.0,0.0,0.0,0.149,7.99,0.0
6284,36.39,16.62,0.0,0.0,0.0,0.149,19.77,0.0
6285,34.51,18.44,0.0,0.0,1.33,0.149,14.74,0.0
6286,32.56,15.83,0.0,0.0,0.0,0.1,16.73,0.0
6287,32.56,32.56,0.0,0.0,0.0,0.1,0.0,0.0
6288,32.55,41.82,0.0,9.27,0.0,0.1,0.0,0.0
6289,32.55,24.12,0.0,0.0,0.0,0.408,8.43,0.0
6290,32.55,23.86,0.0,0.0,0.0,0.408,8.69,0.0
6291,32.55,39.12,0.0,6.56,0.0,0.408,0.0,0.0
6292,32.55,27.61,0.0,0.0,0.0,0.626,4.94,0.0
6293,32.55,24.56,0.0,0.0,0.0,0.626,8.0,0.0
6294,32.55,5.99,0.0,0.0,14.29,0.626,12.27,0.0
6295,34.5,21.85,11.36,0.0,0.0,0.1,1.3,0.0
6296,36.38,3.64,22.39,0.0,0.0,0.1,10.34,0.0
6297,38.11,0.0,33.29,0.0,0.0,0.1,4.82,0.0
6298,39.62,0.0,39.62,0.0,0.0,0.1,0.0,0.0
6299,40.87,0.0,40.87,0.0,0.0,0.1,0.0,0.0
6300,41.79,5.69,36.1,0.0,0.0,0.1,0.0,0.0
6301,42.36,0.0,42.36,0.0,0.0,0.1,0.0,0.0
6302,42.55,18.63,23.92,0.0,0.0,0.1,0.0,0.0
6303,42.36,21.85,20.51,0.0,0.0,0.1,0.0,0.0
6304,41.79,0.0,23.94,0.0,0.0,0.1,17.85,0.0
6305,40.87,24.8,10.64,0.0,0.0,0.1,5.43,0.0
6306,39.62,9.73,0.0,0.0,0.0,0.1,29.89,0.0
6307,38.11,28.7,0.0,0.0,0.0,0.1,9.41,0.0
6308,36.38,21.96,0.0,0.0,0.0,0.1,14.42,0.0
6309,34.5,24.96,0.0,0.0,0.0,0.1,9.54,0.0
6310,32.55,24.42,0.0,0.0,0.0,0.1,8.13,0.0
6311,32.55,39.16,0.0,6.61,0.0,0.1,0.0,0.0
6312,32.54,15.52,0.0,0.0,0.0,0.3194,17.02,0.0
6313,32.54,32.21,0.0,0.0,0.34,0.3194,0.0,0.0
6314,32.54,37.25,0.0,4.71,0.0,0.307,0.0,0.0
6315,32.54,31.89,0.0,0.0,0.0,0.4633,0.65,0.0
6316,32.54,45.69,0.0,13.15,0.0,0.4633,0.0,0.0
6317,32.54,15.22,0.0,0.0,17.32,0.9,0.0,0.0
6318,32.54,27.3,0.0,0.0,0.0,0.2624,5.24,0.0
6319,34.49,14.29,10.44,0.0,0.0,0.2624,9.77,0.0
6320,36.37,14.77,21.6,0.0,0.0,0.2624,0.0,0.0
6321,38.1,6.27,31.82,0.0,0.0,0.2624,0.0,0.0
6322,39.61,0.0,39.61,0.0,0.0,0.2624,0.0,0.0
6323,40.86,21.23,19.63,0.0,0.0,0.2624,0.0,0.0
6324,41.78,0.0,41.78,0.0,0.0,0.2624,0.0,0.0
6325,42.35,0.0,42.35,0.0,0.0,0.2624,0.0,0.0
6326,42.54,1.84,40.7,0.0,0.0,0.2624,0.0,0.0
6327,42.35,9.53,32.82,0.0,0.0,0.2624,0.0,0.0
6328,41.78,26.66,15.12,0.0,0.0,0.2624,0.0,0.0
6329,40.86,16.43,10.34,0.0,0.0,0.2624,14.09,0.0
6330,39.61,30.86,0.0,0.0,0.0,0.2624,8.76,0.0
6331,38.1,7.06,0.0,0.0,4.41,0.2624,26.63,0.0
6332,36.37,18.44,0.0,0.0,0.0,0.1,17.93,0.0
6333,34.49,22.0,0.0,0.0,0.0,0.1,12.49,0.0
6334,32.54,25.28,0.0,0.0,0.0,0.1,7.27,0.0
6335,32.54,28.22,0.0,0.0,0.0,0.1,4.33,0.0
6336,32.54,34.69,0.0,2.16,0.0,0.1,0.0,0.0
6337,32.54,23.18,0.0,0.0,0.0,0.1717,9.36,0.0
6338,32.54,27.94,0.0,12.53,0.0,0.1717,17.13,0.0
6339,32.54,24.56,0.0,0.0,0.0,0.588,7.97,0.0
6340,32.54,13.85,0.0,0.0,0.0,0.588,18.68,0.0
6341,32.54,19.48,0.0,0.0,13.06,0.588,0.0,0.0
6342,32.54,16.63,0.0,0.0,0.0,0.1073,15.9,0.0
6343,34.49,13.87,10.71,0.0,0.0,0.1073,9.91,0.0
6344,36.36,13.44,21.94,0.0,0.0,0.1073,0.99,0.0
6345,38.09,4.91,33.18,0.0,0.0,0.1073,0.0,0.0
6346,39.61,0.24,39.37,0.0,0.0,0.1073,0.0,0.0
6347,40.85,21.07,19.78,0.0,0.0,0.1073,0.0,0.0
6348,41.77,0.0,41.77,0.0,0.0,0.1073,0.0,0.0
6349,42.34,0.0,42.34,0.0,0.0,0.1073,0.0,0.0
6350,42.54,36.89,5.65,0.0,0.0,0.1073,0.0,0.0
6351,42.34,0.86,33.16,0.0,0.0,0.1073,8.32,0.0
6352,41.77,0.0,22.2,10.42,0.0,0.1073,30.0,0.0
6353,40.85,22.73,9.54,0.0,0.0,0.4536,8.58,0.0
6354,39.61,0.0,0.0,0.0,9.61,0.4536,30.0,0.0
6355,38.09,18.28,0.0,0.0,0.0,0.1,19.81,0.0
6356,36.36,44.09,0.0,7.73,0.0,0.1,0.0,0.0
6357,34.49,9.8,0.0,0.0,0.0,0.3569,24.69,0.0
6358,32.54,7.06,0.0,0.0,0.0,0.3569,25.48,0.0
6359,32.54,12.8,0.0,0.0,0.0,0.3569,19.74,0.0
6360,32.53,36.9,0.0,4.37,0.0,0.3569,0.0,0.0
6361,32.53,38.8,0.0,6.27,0.0,0.5022,0.0,0.0
6362,32.53,21.69,0.0,0.0,0.0,0.7104,10.84,0.0
6363,32.53,31.9,0.0,0.0,0.11,0.7104,0.52,0.0
6364,32.53,32.53,0.0,0.0,0.0,0.7063,0.0,0.0
6365,32.53,38.36,0.0,5.83,0.0,0.7063,0.0,0.0
6366,32.53,15.79,0.0,0.0,0.0,0.9,16.74,0.0
6367,34.48,0.0,11.68,0.0,0.0,0.9,22.8,0.0
6368,36.36,5.21,23.5,0.0,7.65,0.9,0.0,0.0
6369,38.08,5.58,32.51,0.0,0.0,0.6184,0.0,0.0
6370,39.6,0.0,39.6,0.0,0.0,0.6184,0.0,0.0
6371,40.84,0.0,40.84,0.0,0.0,0.6184,0.0,0.0
6372,41.77,19.38,22.38,0.0,0.0,0.6184,0.0,0.0
6373,42.34,21.25,21.09,0.0,0.0,0.6184,0.0,0.0
6374,42.53,1.93,40.6,0.0,0.0,0.6184,0.0,0.0
6375,42.34,9.73,32.6,0.0,0.0,0.6184,0.0,0.0
6376,41.77,16.81,23.71,0.0,0.0,0.6184,1.25,0.0
6377,40.84,16.3,10.93,0.0,0.0,0.6184,13.61,0.0
6378,39.6,27.14,0.0,0.0,0.0,0.6184,12.46,0.0
6379,38.08,21.47,0.0,0.0,14.08,0.6184,2.53,0.0
6380,36.36,43.4,0.0,7.04,0.0,0.1,0.0,0.0
6381,34.48,11.01,0.0,0.0,6.35,0.3339,17.11,0.0
6382,32.53,21.67,0.0,0.0,0.0,0.1,10.86,0.0
6383,32.53,26.48,0.0,0.0,0.0,0.1,6.05,0.0
6384,32.52,32.55,0.0,0.03,0.0,0.1,0.0,0.0
6385,32.52,40.37,0.0,7.85,0.0,0.101,0.0,0.0
6386,32.52,26.67,0.0,0.0,0.0,0.3618,5.86,0.0
6387,32.52,11.34,0.0,0.0,0.0,0.3618,21.18,0.0
6388,32.52,31.6,0.0,0.0,0.0,0.3618,0.92,0.0
6389,32.52,28.36,0.0,0.0,0.0,0.3618,4.16,0.0
6390,32.52,0.0,0.0,0.0,4.69,0.3618,27.83,0.0
6391,34.47,15.8,11.42,0.0,0.0,0.1891,7.25,0.0
6392,36.35,0.0,22.34,0.0,0.0,0.1891,14.01,0.0
6393,38.08,4.88,30.78,0.0,2.42,0.1891,0.0,0.0
6394,39.59,0.97,38.63,0.0,0.0,0.1,0.0,0.0
6395,40.84,0.0,40.84,0.0,0.0,0.1,0.0,0.0
6396,41.76,0.0,41.76,0.0,0.0,0.1,0.0,0.0
6397,42.33,0.0,42.33,0.0,0.0,0.1,0.0,0.0
6398,42.52,18.52,24.0,0.0,0.0,0.1,0.0,0.0
6399,42.33,0.0,32.39,0.0,0.0,0.1,9.94,0.0
6400,41.76,16.71,22.97,0.0,0.0,0.1,2.08,0.0
6401,40.84,7.82,10.81,0.0,0.0,0.1,22.21,0.0
6402,39.59,14.78,0.0,0.0,0.0,0.1,24.81,0.0
6403,38.08,25.89,0.0,0.0,0.0,0.1,12.18,0.0
6404,36.35,28.44,0.0,0.0,0.0,0.1,7.91,0.0
6405,34.47,38.51,0.0,4.03,0.0,0.1,0.0,0.0
6406,32.52,26.1,0.0,0.0,0.0,0.2339,6.42,0.0
6407,32.52,30.91,0.0,0.0,0.0,0.2339,1.61,0.0
6408,32.52,24.08,0.0,0.0,0.0,0.2339,8.43,0.0
6409,32.52,29.85,0.0,0.0,0.0,0.2339,2.67,0.0
6410,32.52,31.4,0.0,0.0,0.0,0.2339,1.11,0.0
6411,32.52,24.54,0.0,0.0,0.0,0.2339,7.97,0.0
6412,32.52,5.71,0.0,0.0,0.0,0.2339,26.8,0.0
6413,32.52,24.36,0.0,0.0,0.0,0.2339,8.16,0.0
6414,32.52,22.14,0.0,0.0,3.64,0.2339,6.74,0.0
6415,34.47,9.3,10.19,15.02,0.0,0.1,30.0,0.0
6416,36.34,0.98,21.02,0.0,13.56,0.599,0.79,0.0
6417,38.07,26.12,11.95,0.0,0.0,0.1,0.0,0.0
6418,39.59,14.86,24.73,0.0,0.0,0.1,0.0,0.0
6419,40.83,0.0,40.83,0.0,0.0,0.1,0.0,0.0
6420,41.76,0.0,41.76,0.0,0.0,0.1,0.0,0.0
6421,42.32,0.0,42.32,0.0,0.0,0.1,0.0,0.0
6422,42.52,22.85,19.67,0.0,0.0,0.1,0.0,0.0
6423,42.32,10.91,31.42,0.0,0.0,0.1,0.0,0.0
6424,41.76,8.21,23.43,0.0,0.0,0.1,10.12,0.0
6425,40.83,21.02,11.02,0.0,0.0,0.1,8.79,0.0
6426,39.59,10.53,0.0,0.0,0.0,0.1,29.06,0.0
6427,38.07,35.87,0.0,0.0,0.0,0.1,2.2,0.0
6428,36.34,36.34,0.0,0.0,0.0,0.1,0.0,0.0
6429,34.47,20.92,0.0,0.26,0.0,0.1,13.81,0.0
6430,32.52,20.89,0.0,0.0,0.0,0.1086,11.63,0.0
6431,32.52,2.28,0.0,0.0,0.23,0.1086,30.0,0.0
6432,32.51,13.98,0.0,0.0,0.0,0.1,18.54,0.0
6433,32.51,15.04,0.0,0.0,0.0,0.1,17.47,0.0
6434,32.51,28.57,0.0,4.13,0.0,0.1,8.07,0.0
6435,32.51,22.47,0.0,19.96,0.0,0.2371,30.0,0.0
6436,32.51,10.4,0.0,0.0,21.74,0.9,0.38,0.0
6437,32.51,18.5,0.0,0.0,0.0,0.1,14.01,0.0
6438,32.51,23.69,0.0,0.0,0.0,0.1,8.82,0.0
6439,34.46,21.37,11.86,0.0,0.0,0.1,1.24,0.0
6440,36.34,0.0,22.76,0.0,0.0,0.1,13.58,0.0
6441,38.07,6.23,31.84,0.0,0.0,0.1,0.0,0.0
6442,39.58,0.0,38.39,0.0,0.0,0.1,1.2,0.0
6443,40.83,0.0,40.83,0.0,0.0,0.1,0.0,0.0
6444,41.75,16.59,25.16,0.0,0.0,0.1,0.0,0.0
6445,42.32,0.0,42.32,0.0,0.0,0.1,0.0,0.0
6446,42.51,2.65,39.59,0.0,0.0,0.1,0.27,0.0
6447,42.32,7.21,33.14,0.0,0.0,0.1,1.97,0.0
6448,41.75,0.0,22.4,0.0,0.0,0.1,19.35,0.0
6449,40.83,19.48,11.36,0.0,0.0,0.1,9.99,0.0
6450,39.58,16.03,0.0,0.0,0.0,0.1,23.55,0.0
6451,38.07,30.82,0.0,0.0,0.0,0.1,7.25,0.0
6452,36.34,12.83,0.0,0.0,0.0,0.1,23.51,0.0
6453,34.46,19.58,0.0,0.0,0.0,0.1,14.88,0.0
6454,32.51,12.41,0.0,0.0,0.0,0.1,20.1,0.0
6455,32.51,18.34,0.0,0.0,0.0,0.1,14.17,0.0
6456,32.51,17.09,0.0,0.0,0.0,0.1,15.41,0.0
6457,32.51,38.2,0.0,5.69,0.0,0.1,0.0,0.0
6458,32.51,20.54,0.0,0.0,0.0,0.2891,11.97,0.0
6459,32.51,27.07,0.0,0.0,2.83,0.2891,2.61,0.0
6460,32.51,20.06,0.0,0.0,0.0,0.185,12.45,0.0
6461,32.51,8.94,0.0,0.0,0.0,0.185,23.57,0.0
6462,32.51,17.23,0.0,0.0,0.0,0.185,15.28,0.0
6463,34.46,22.24,9.91,0.0,2.31,0.185,0.0,0.0
6464,36.34,2.07,20.8,0.0,0.0,0.1,13.46,0.0
6465,38.06,19.89,18.17,0.0,0.0,0.1,0.0,0.0
6466,39.58,1.05,38.53,0.0,0.0,0.1,0.0,0.0
6467,40.82,0.0,40.82,0.0,0.0,0.1,0.0,0.0
6468,41.75,14.27,27.48,0.0,0.0,0.1,0.0,0.0
6469,42.32,0.0,42.32,0.0,0.0,0.1,0.0,0.0
6470,42.51,4.47,38.04,0.0,0.0,0.1,0.0,0.0
6471,42.32,8.83,32.9,24.08,0.0,0.1,24.67,0.0
6472,41.75,15.24,20.78,0.0,0.0,0.9,5.73,0.0
6473,40.82,0.0,10.52,0.0,13.03,0.9,17.28,0.0
6474,39.58,0.87,0.0,0.0,8.71,0.4205,30.0,0.0
6475,38.06,27.5,0.0,0.0,0.0,0.1,10.57,0.0
6476,36.34,34.02,0.0,0.0,0.0,0.1,2.31,0.0
6477,34.46,16.88,0.0,0.0,0.0,0.1,17.58,0.0
6478,32.51,25.01,0.0,0.0,0.0,0.1,7.5,0.0
6479,32.51,31.3,0.0,0.0,0.0,0.1,1.21,0.0
6480,32.51,32.51,0.0,0.0,0.0,0.1,0.0,0.0
6481,32.51,8.6,0.0,0.0,0.0,0.1,23.9,0.0
6482,32.51,18.86,0.0,10.82,0.0,0.1,24.46,0.0
6483,32.51,22.74,0.0,0.0,9.76,0.4593,0.0,0.0
6484,32.51,30.9,0.0,0.0,0.0,0.1,1.6,0.0
6485,32.51,46.2,0.0,24.08,0.0,0.1,10.39,0.0
6486,32.51,16.81,0.0,0.0,15.69,0.9,0.0,0.0
6487,34.46,2.66,11.02,0.0,6.04,0.3224,14.74,0.0
6488,36.33,13.87,22.46,0.0,0.0,0.1,0.0,0.0
6489,38.06,25.1,12.96,0.0,0.0,0.1,0.0,0.0
6490,39.58,0.31,39.27,0.0,0.0,0.1,0.0,0.0
6491,40.82,0.0,40.82,0.0,0.0,0.1,0.0,0.0
6492,41.74,18.64,23.1,0.0,0.0,0.1,0.0,0.0
6493,42.31,16.08,26.23,0.0,0.0,0.1,0.0,0.0
6494,42.51,0.43,37.62,0.0,0.0,0.1,4.46,0.0
6495,42.31,15.85,32.42,5.95,0.0,0.1,0.0,0.0
6496,41.74,23.95,20.81,3.02,0.0,0.2977,0.0,0.0
6497,40.82,28.14,9.91,0.0,0.0,0.3979,2.76,0.0
6498,39.58,18.4,0.0,0.0,8.09,0.3979,13.08,0.0
6499,38.06,18.08,0.0,0.0,0.0,0.1,19.98,0.0
6500,36.33,36.06,0.0,0.0,0.0,0.1,0.27,0.0
6501,34.46,14.1,0.0,0.0,0.0,0.1,20.35,0.0
6502,32.51,31.9,0.0,0.0,0.0,0.1,0.61,0.0
6503,32.51,15.08,0.0,0.0,0.0,0.1,17.43,0.0
6504,32.5,39.56,0.0,7.06,0.0,0.1,0.0,0.0
6505,32.5,26.19,0.0,0.0,0.0,0.3344,6.31,0.0
6506,32.5,40.24,0.0,7.74,0.0,0.3344,0.0,0.0
6507,32.5,31.02,0.0,0.0,0.0,0.5914,1.48,0.0
6508,32.5,12.1,0.0,0.0,0.0,0.5914,20.4,0.0
6509,32.5,32.5,0.0,0.0,0.0,0.5914,0.0,0.0
6510,32.5,32.5,0.0,0.0,0.0,0.5914,0.0,0.0
6511,34.45,25.36,9.09,0.0,0.0,0.5914,0.0,0.0
6512,36.33,6.8,20.5,0.0,9.03,0.5914,0.0,0.0
6513,38.06,6.13,31.93,0.0,0.0,0.2591,0.0,0.0
6514,39.57,0.0,39.57,0.0,0.0,0.2591,0.0,0.0
6515,40.82,0.0,40.82,0.0,0.0,0.2591,0.0,0.0
6516,41.74,26.04,15.7,0.0,0.0,0.2591,0.0,0.0
6517,42.31,0.0,42.31,0.0,0.0,0.2591,0.0,0.0
6518,42.5,0.0,39.7,0.0,0.0,0.2591,2.8,0.0
6519,42.31,15.6,32.15,5.45,0.0,0.2591,0.0,0.0
6520,41.74,10.87,21.11,0.0,0.0,0.44,9.75,0.0
6521,40.82,15.94,11.15,0.0,0.0,0.44,13.73,0.0
6522,39.57,15.6,0.0,0.0,0.0,0.44,23.98,0.0
6523,38.06,29.72,0.0,0.0,0.0,0.44,8.34,0.0
6524,36.33,35.17,0.0,0.0,0.0,0.44,1.16,0.0
6525,34.45,28.97,0.0,0.0,0.0,0.44,5.48,0.0
6526,32.5,24.41,0.0,0.0,8.09,0.44,0.0,0.0
6527,32.5,28.33,0.0,14.87,0.0,0.1421,19.05,0.0
6528,32.5,29.43,0.0,0.0,3.07,0.6361,0.0,0.0
6529,32.5,21.0,0.0,0.0,11.5,0.5232,0.0,0.0
6530,32.5,33.62,0.0,1.12,0.0,0.1,0.0,0.0
6531,32.5,30.89,0.0,0.0,0.0,0.1372,1.62,0.0
6532,32.5,39.48,0.0,6.98,0.0,0.1372,0.0,0.0
6533,32.5,34.3,0.0,1.8,0.0,0.3691,0.0,0.0
6534,32.5,12.64,0.0,0.0,8.94,0.4289,10.92,0.0
6535,34.45,24.92,9.53,0.0,0.0,0.1,0.0,0.0
6536,36.33,5.11,20.32,0.0,0.0,0.1,10.9,0.0
6537,38.06,6.76,31.3,0.0,0.0,0.1,0.0,0.0
6538,39.57,5.78,33.79,0.0,0.0,0.1,0.0,0.0
6539,40.82,0.0,40.82,0.0,0.0,0.1,0.0,0.0
6540,41.74,12.31,29.43,0.0,0.0,0.1,0.0,0.0
6541,42.31,0.0,42.31,0.0,0.0,0.1,0.0,0.0
6542,42.5,0.0,37.79,0.0,0.0,0.1,4.71,0.0
6543,42.31,10.68,32.56,6.35,0.0,0.1,5.41,0.0
6544,41.74,15.28,22.76,0.0,0.0,0.3108,3.7,0.0
6545,40.82,13.21,9.23,0.0,0.0,0.3108,18.38,0.0
6546,39.57,3.84,0.0,0.0,5.73,0.3108,30.0,0.0
6547,38.06,13.89,0.0,0.0,0.0,0.1,24.17,0.0
6548,36.33,28.17,0.0,0.0,0.0,0.1,8.16,0.0
6549,34.45,32.08,0.0,0.0,0.0,0.1,2.37,0.0
6550,32.5,27.76,0.0,0.0,0.0,0.1,4.74,0.0
6551,32.5,40.29,0.0,7.79,0.0,0.1,0.0,0.0
6552,32.5,33.32,0.0,0.82,0.0,0.3588,0.0,0.0
6553,32.5,21.71,0.0,0.0,0.0,0.3861,10.79,0.0
6554,32.5,25.33,0.0,0.0,0.0,0.3861,7.17,0.0
6555,32.5,12.71,0.0,0.0,0.0,0.3861,19.79,0.0
6556,32.5,23.42,0.0,0.0,0.0,0.3861,9.08,0.0
6557,32.5,32.5,0.0,0.0,0.0,0.3861,0.0,0.0
6558,32.5,26.31,0.0,0.0,0.0,0.3861,6.19,0.0
6559,34.45,30.82,9.55,5.92,0.0,0.3861,0.0,0.0
6560,36.33,11.66,22.96,0.0,1.7,0.5827,0.0,0.0
6561,38.06,8.0,30.06,0.0,0.0,0.5199,0.0,0.0
6562,39.57,9.13,30.44,0.0,0.0,0.5199,0.0,0.0
6563,40.81,24.54,16.27,0.0,0.0,0.5199,0.0,0.0
6564,41.74,0.0,41.74,0.0,0.0,0.5199,0.0,0.0
6565,42.31,17.02,25.29,0.0,0.0,0.5199,0.0,0.0
6566,42.5,25.56,16.94,0.0,0.0,0.5199,0.0,0.0
6567,42.31,10.35,31.96,0.0,0.0,0.5199,0.0,0.0
6568,41.74,16.79,21.78,0.0,0.0,0.5199,3.17,0.0
6569,40.81,29.58,11.23,0.0,0.0,0.5199,0.0,0.0
6570,39.57,18.25,0.0,0.0,0.0,0.5199,21.32,0.0
6571,38.06,9.11,0.0,0.0,0.0,0.5199,28.95,0.0
6572,36.33,45.58,0.0,9.26,0.0,0.5199,0.0,0.0
6573,34.45,21.9,0.0,0.0,12.55,0.8274,0.0,0.0
6574,32.5,29.65,0.0,0.0,0.0,0.3655,2.85,0.0
6575,32.5,40.45,0.0,7.95,0.0,0.3655,0.0,0.0
6576,32.5,23.59,0.0,0.0,0.0,0.6297,8.91,0.0
6577,32.5,19.32,0.0,0.0,0.0,0.6297,13.18,0.0
6578,32.5,30.76,0.0,0.0,0.0,0.6297,1.74,0.0
6579,32.5,9.04,0.0,0.0,0.0,0.6297,23.46,0.0
6580,32.5,21.82,0.0,0.0,10.68,0.6297,0.0,0.0
6581,32.5,24.69,0.0,19.97,0.0,0.2367,27.78,0.0
6582,32.5,17.08,0.0,0.0,0.0,0.9,15.42,0.0
6583,34.45,1.99,10.0,0.0,21.74,0.9,0.73,0.0
6584,36.33,30.51,5.82,0.0,0.0,0.1,0.0,0.0
6585,38.06,7.23,30.83,0.0,0.0,0.1,0.0,0.0
6586,39.57,25.3,14.27,0.0,0.0,0.1,0.0,0.0
6587,40.81,0.0,40.81,0.0,0.0,0.1,0.0,0.0
6588,41.74,0.0,41.74,0.0,0.0,0.1,0.0,0.0
6589,42.31,0.07,42.23,0.0,0.0,0.1,0.0,0.0
6590,42.5,5.31,37.19,0.0,0.0,0.1,0.0,0.0
6591,42.31,1.18,29.75,0.0,0.0,0.1,11.38,0.0
6592,41.74,29.28,22.24,9.78,0.0,0.1,0.0,0.0
6593,40.81,11.06,9.43,0.0,0.0,0.4248,20.33,0.0
6594,39.57,1.61,0.0,0.0,8.82,0.4248,29.13,0.0
6595,38.06,35.36,0.0,0.0,0.0,0.1,2.7,0.0
6596,36.33,19.69,0.0,0.0,0.0,0.1,16.64,0.0
6597,34.45,20.71,0.0,0.0,0.0,0.1,13.74,0.0
6598,32.5,10.88,0.0,0.0,0.0,0.1,21.62,0.0
6599,32.5,46.38,0.0,13.88,0.0,0.1,0.0,0.0
6600,32.5,17.05,0.0,0.0,0.0,0.5611,15.45,0.0
6601,32.5,29.99,0.0,0.0,0.0,0.5611,2.51,0.0
6602,32.5,37.41,0.0,4.91,0.0,0.5611,0.0,0.0
6603,32.5,31.02,0.0,0.0,0.0,0.7244,1.48,0.0
6604,32.5,24.24,0.0,0.0,0.0,0.7244,8.26,0.0
6605,32.5,5.7,0.0,0.0,0.0,0.7244,26.8,0.0
6606,32.5,11.93,0.0,0.0,0.0,0.7244,20.57,0.0
6607,34.45,19.2,8.96,0.0,6.28,0.7244,0.0,0.0
6608,36.33,7.23,21.29,0.0,0.0,0.4931,7.81,0.0
6609,38.06,6.38,31.68,0.0,0.0,0.4931,0.0,0.0
6610,39.57,0.32,39.25,0.0,0.0,0.4931,0.0,0.0
6611,40.82,19.87,20.95,0.0,0.0,0.4931,0.0,0.0
6612,41.74,0.0,41.74,0.0,0.0,0.4931,0.0,0.0
6613,42.31,32.02,10.29,0.0,0.0,0.4931,0.0,0.0
6614,42.5,18.93,23.57,0.0,0.0,0.4931,0.0,0.0
6615,42.31,12.27,30.04,0.0,0.0,0.4931,0.0,0.0
6616,41.74,19.84,21.9,0.0,0.0,0.4931,0.0,0.0
6617,40.82,40.64,0.17,0.0,0.0,0.4931,0.0,0.0
6618,39.57,5.74,0.0,0.0,5.76,0.4931,28.07,0.0
6619,38.06,20.23,0.0,0.0,0.0,0.281,17.82,0.0
6620,36.33,1.41,0.0,0.0,4.92,0.281,30.0,0.0
6621,34.45,28.76,0.0,0.0,0.0,0.1,5.69,0.0
6622,32.5,32.03,0.0,0.0,0.0,0.1,0.47,0.0
6623,32.5,29.03,0.0,0.0,0.0,0.1,3.47,0.0
6624,32.5,23.47,0.0,20.97,0.0,0.1,30.0,0.0
6625,32.5,9.4,0.0,0.0,18.93,0.7966,4.17,0.0
6626,32.5,32.28,0.0,0.0,0.0,0.1,0.23,0.0
6627,32.5,41.36,0.0,8.86,0.0,0.1,0.0,0.0
6628,32.5,19.18,0.0,0.0,0.0,0.3943,13.33,0.0
6629,32.5,26.95,0.0,0.0,5.55,0.3943,0.0,0.0
6630,32.5,4.63,0.0,0.0,0.0,0.1901,27.87,0.0
6631,34.45,22.03,9.58,0.0,0.0,0.1901,2.85,0.0
6632,36.33,11.28,21.35,0.0,0.0,0.1901,3.7,0.0
6633,38.06,5.6,31.02,0.0,0.0,0.1901,1.44,0.0
6634,39.57,4.06,36.45,0.93,0.0,0.1901,0.0,0.0
6635,40.82,6.69,42.88,8.75,0.0,0.2211,0.0,0.0
6636,41.74,0.0,41.74,0.0,0.0,0.5117,0.0,0.0
6637,42.31,0.0,42.31,0.0,0.0,0.5117,0.0,0.0
6638,42.5,4.73,37.77,0.0,0.0,0.5117,0.0,0.0
6639,42.31,12.7,29.2,0.0,0.0,0.5117,0.4,0.0
6640,41.74,4.33,20.77,0.0,11.19,0.5117,5.45,0.0
6641,40.82,35.21,10.75,24.08,0.0,0.1,18.94,0.0
6642,39.57,11.67,0.0,0.0,0.0,0.9,27.9,0.0
6643,38.06,16.03,0.0,0.0,21.74,0.9,0.29,0.0
6644,36.33,15.36,0.0,0.0,0.0,0.1,20.97,0.0
6645,34.45,44.74,0.0,10.29,0.0,0.1,0.0,0.0
6646,32.5,32.5,0.0,0.0,0.0,0.4417,0.0,0.0
6647,32.5,20.36,0.0,0.0,0.0,0.4417,12.14,0.0
6648,32.5,40.98,0.0,8.47,0.0,0.4417,0.0,0.0
6649,32.5,31.73,0.0,0.0,0.0,0.7232,0.78,0.0
6650,32.5,31.3,0.0,0.0,0.0,0.7232,1.2,0.0
6651,32.5,23.81,0.0,0.0,0.0,0.7232,8.69,0.0
6652,32.5,17.79,0.0,0.0,0.0,0.7232,14.72,0.0
6653,32.5,26.11,0.0,0.0,0.0,0.7232,6.39,0.0
6654,32.5,14.87,0.0,0.0,16.93,0.7232,0.7,0.0
6655,34.45,35.58,10.83,11.95,0.0,0.1,0.0,0.0
6656,36.33,2.82,20.33,0.0,9.11,0.4971,4.06,0.0
6657,38.06,28.4,9.66,0.0,0.0,0.1616,0.0,0.0
6658,39.57,10.62,28.96,0.0,0.0,0.1616,0.0,0.0
6659,40.82,0.0,40.82,0.0,0.0,0.1616,0.0,0.0
6660,41.74,18.6,23.14,0.0,0.0,0.1616,0.0,0.0
6661,42.31,0.0,42.31,0.0,0.0,0.1616,0.0,0.0
6662,42.5,20.22,22.28,0.0,0.0,0.1616,0.0,0.0
6663,42.31,0.0,30.44,0.0,0.0,0.1616,11.87,0.0
6664,41.74,8.23,22.08,0.0,0.0,0.1616,11.43,0.0
6665,40.82,8.6,11.03,0.0,0.0,0.1616,21.19,0.0
6666,39.57,7.9,0.0,0.0,1.67,0.1616,30.0,0.0
6667,38.06,20.67,0.0,0.0,0.0,0.1,17.39,0.0
6668,36.33,28.96,0.0,0.0,0.0,0.1,7.37,0.0
6669,34.45,34.12,0.0,0.0,0.0,0.1,0.33,0.0
6670,32.5,31.14,0.0,13.34,0.0,0.1,14.71,0.0
6671,32.5,23.2,0.0,0.0,0.0,0.5431,9.31,0.0
6672,32.51,33.89,0.0,1.38,0.0,0.5431,0.0,0.0
6673,32.51,31.14,0.0,0.0,0.0,0.589,1.36,0.0
6674,32.51,38.15,0.0,5.65,0.0,0.589,0.0,0.0
6675,32.51,32.51,0.0,0.0,0.0,0.7766,0.0,0.0
6676,32.51,25.63,0.0,0.0,0.0,0.7766,6.87,0.0
6677,32.51,14.12,0.0,0.0,18.38,0.7766,0.0,0.0
6678,32.51,13.98,0.0,11.48,0.0,0.1,30.0,0.0
6679,34.46,12.45,11.63,0.0,10.36,0.4812,0.02,0.0
6680,36.33,12.38,21.55,0.0,0.0,0.1,2.4,0.0
6681,38.06,9.12,28.95,0.0,0.0,0.1,0.0,0.0
6682,39.58,18.93,20.65,0.0,0.0,0.1,0.0,0.0
6683,40.82,0.0,40.82,0.0,0.0,0.1,0.0,0.0
6684,41.75,0.0,41.75,0.0,0.0,0.1,0.0,0.0
6685,42.31,1.01,41.31,0.0,0.0,0.1,0.0,0.0
6686,42.51,5.26,37.25,0.0,0.0,0.1,0.0,0.0
6687,42.31,4.34,28.81,0.0,0.0,0.1,9.16,0.0
6688,41.75,0.0,21.49,0.0,0.0,0.1,20.25,0.0
6689,40.82,11.02,11.18,0.0,0.0,0.1,18.62,0.0
6690,39.58,25.07,0.0,0.0,0.0,0.1,14.51,0.0
6691,38.06,16.04,0.0,0.0,0.0,0.1,22.02,0.0
6692,36.33,22.99,0.0,0.0,0.0,0.1,13.34,0.0
6693,34.46,31.96,0.0,14.64,0.0,0.1,17.14,0.0
6694,32.51,32.51,0.0,0.0,0.0,0.5864,0.0,0.0
6695,32.51,19.29,0.0,0.0,13.21,0.5864,0.0,0.0
6696,32.51,40.24,0.0,7.73,0.0,0.1,0.0,0.0
6697,32.51,41.19,0.0,8.68,0.0,0.3568,0.0,0.0
6698,32.51,17.98,0.0,0.0,0.0,0.645,14.53,0.0
6699,32.51,19.43,0.0,0.0,0.0,0.645,13.08,0.0
6700,32.51,37.23,0.0,4.72,0.0,0.645,0.0,0.0
6701,32.51,21.68,0.0,0.0,10.83,0.8018,0.0,0.0
6702,32.51,0.0,0.0,0.0,2.51,0.4032,30.0,0.0
6703,34.46,4.25,11.29,0.0,0.0,0.3108,18.92,0.0
6704,36.34,13.2,20.86,0.0,0.0,0.3108,2.28,0.0
6705,38.07,2.17,30.35,2.88,0.0,0.3108,8.43,0.0
6706,39.58,7.98,31.6,0.0,0.0,0.4066,0.0,0.0
6707,40.82,0.0,40.82,0.0,0.0,0.4066,0.0,0.0
6708,41.75,25.13,16.62,0.0,0.0,0.4066,0.0,0.0
6709,42.32,1.64,40.68,0.0,0.0,0.4066,0.0,0.0
6710,42.51,22.61,19.9,0.0,0.0,0.4066,0.0,0.0
6711,42.32,27.68,14.63,0.0,0.0,0.4066,0.0,0.0
6712,41.75,29.78,11.97,0.0,0.0,0.4066,0.0,0.0
6713,40.82,20.83,9.63,0.0,0.0,0.4066,10.36,0.0
6714,39.58,1.25,0.0,0.0,8.33,0.4066,30.0,0.0
6715,38.07,27.66,0.0,0.0,0.0,0.1,10.4,0.0
6716,36.34,35.82,0.0,0.0,0.0,0.1,0.51,0.0
6717,34.46,26.74,0.0,0.0,0.0,0.1,7.72,0.0
6718,32.51,46.28,0.0,13.77,0.0,0.1,0.0,0.0
6719,32.51,38.55,0.0,6.04,0.0,0.5574,0.0,0.0
6720,32.51,28.71,0.0,0.0,3.8,0.7582,0.0,0.0
6721,32.51,40.95,0.0,8.44,0.0,0.6183,0.0,0.0
6722,32.51,32.56,0.0,0.04,0.0,0.8986,0.0,0.0
6723,32.51,3.17,0.0,0.0,0.0,0.9,29.35,0.0
6724,32.51,20.76,0.0,0.0,11.76,0.9,0.0,0.0
6725,32.51,35.08,0.0,2.57,0.0,0.4672,0.0,0.0
6726,32.51,12.8,0.0,0.0,0.0,0.5525,19.72,0.0
6727,34.47,16.0,11.0,0.0,0.0,0.5525,7.46,0.0
6728,36.34,5.54,20.33,0.0,0.0,0.5525,10.48,0.0
6729,38.07,31.35,6.72,0.0,0.0,0.5525,0.0,0.0
6730,39.59,28.78,10.81,0.0,0.0,0.5525,0.0,0.0
6731,40.83,0.69,40.14,0.0,0.0,0.5525,0.0,0.0
6732,41.75,0.0,41.75,0.0,0.0,0.5525,0.0,0.0
6733,42.32,1.45,40.87,0.0,0.0,0.5525,0.0,0.0
6734,42.51,18.28,24.24,0.0,0.0,0.5525,0.0,0.0
6735,42.32,11.31,31.01,0.0,0.0,0.5525,0.0,0.0
6736,41.75,21.19,20.56,0.0,0.0,0.5525,0.0,0.0
6737,40.83,21.47,11.34,0.0,8.02,0.5525,0.0,0.0
6738,39.59,49.65,0.0,10.06,0.0,0.2573,0.0,0.0
6739,38.07,13.18,0.0,0.0,0.0,0.5915,24.89,0.0
6740,36.34,8.83,0.0,0.0,0.0,0.5915,27.51,0.0
6741,34.47,23.84,0.0,0.0,0.0,0.5915,10.63,0.0
6742,32.51,13.84,0.0,0.0,0.0,0.5915,18.68,0.0
6743,32.51,15.56,0.0,0.0,0.0,0.5915,16.95,0.0
6744,32.52,20.9,0.0,0.0,0.0,0.5915,11.62,0.0
6745,32.52,21.35,0.0,0.0,0.0,0.5915,11.17,0.0
6746,32.52,20.04,0.0,0.0,0.0,0.5915,12.48,0.0
6747,32.52,32.52,0.0,0.0,0.0,0.5915,0.0,0.0
6748,32.52,20.86,0.0,0.0,0.0,0.5915,11.66,0.0
6749,32.52,21.7,0.0,0.0,0.0,0.5915,10.82,0.0
6750,32.52,29.72,0.0,3.51,0.0,0.5915,6.31,0.0
6751,34.47,10.82,8.55,0.0,15.1,0.708,0.0,0.0
6752,36.35,13.39,19.87,0.0,0.0,0.1522,3.09,0.0
6753,38.08,9.23,28.84,0.0,0.0,0.1522,0.0,0.0
6754,39.59,0.0,35.46,0.0,0.0,0.1522,4.13,0.0
6755,40.83,0.0,40.83,0.0,0.0,0.1522,0.0,0.0
6756,41.76,0.0,41.76,0.0,0.0,0.1522,0.0,0.0
6757,42.33,16.25,26.08,0.0,0.0,0.1522,0.0,0.0
6758,42.52,32.71,9.81,0.0,0.0,0.1522,0.0,0.0
6759,42.33,12.21,30.12,0.0,0.0,0.1522,0.0,0.0
6760,41.76,20.03,21.73,0.0,0.0,0.1522,0.0,0.0
6761,40.83,16.44,11.38,0.0,0.0,0.1522,13.01,0.0
6762,39.59,23.84,0.0,0.0,0.0,0.1522,15.75,0.0
6763,38.08,38.08,0.0,0.0,0.0,0.1522,0.0,0.0
6764,36.35,4.93,0.0,0.0,1.42,0.1522,30.0,0.0
6765,34.47,31.95,0.0,0.0,0.0,0.1,2.52,0.0
6766,32.52,50.47,0.0,17.95,0.0,0.1,0.0,0.0
6767,32.52,24.83,0.0,0.0,7.69,0.6962,0.0,0.0
6768,32.53,47.18,0.0,14.65,0.0,0.4132,0.0,0.0
6769,32.53,24.4,0.0,0.0,0.0,0.9,8.13,0.0
6770,32.53,29.29,0.0,0.0,0.0,0.9,3.23,0.0
6771,32.53,28.38,0.0,0.0,4.15,0.9,0.0,0.0
6772,32.53,4.17,0.0,0.0,17.59,0.7473,10.76,0.0
6773,32.53,12.13,0.0,0.0,0.0,0.1,20.39,0.0
6774,32.53,10.29,0.0,0.0,0.0,0.1,22.24,0.0
6775,34.48,25.16,9.32,0.0,0.0,0.1,0.0,0.0
6776,36.35,24.75,11.6,0.0,0.0,0.1,0.0,0.0
6777,38.08,8.42,29.66,0.0,0.0,0.1,0.0,0.0
6778,39.6,20.67,18.92,0.0,0.0,0.1,0.0,0.0
6779,40.84,0.0,40.84,0.0,0.0,0.1,0.0,0.0
6780,41.76,23.07,18.69,0.0,0.0,0.1,0.0,0.0
6781,42.33,1.57,40.77,0.0,0.0,0.1,0.0,0.0
6782,42.53,13.13,29.4,0.0,0.0,0.1,0.0,0.0
6783,42.33,11.51,29.89,0.0,0.0,0.1,0.94,0.0
6784,41.76,22.9,21.75,2.89,0.0,0.1,0.0,0.0
6785,40.84,14.39,10.37,0.0,0.0,0.196,16.08,0.0
6786,39.6,30.7,0.0,0.0,0.0,0.196,8.9,0.0
6787,38.08,12.49,0.0,0.0,0.0,0.196,25.59,0.0
6788,36.35,15.19,0.0,0.0,0.0,0.196,21.16,0.0
6789,34.48,34.48,0.0,0.0,0.0,0.196,0.0,0.0
6790,32.53,28.74,0.0,0.0,0.0,0.196,3.79,0.0
6791,32.53,26.13,0.0,0.0,2.61,0.196,3.79,0.0
6792,32.53,39.86,0.0,7.33,0.0,0.1,0.0,0.0
6793,32.53,24.78,0.0,0.0,1.89,0.3434,5.86,0.0
6794,32.53,27.81,0.0,0.0,4.72,0.2739,0.0,0.0
6795,32.53,41.99,0.0,9.46,0.0,0.1,0.0,0.0
6796,32.53,41.33,0.0,8.8,0.0,0.4142,0.0,0.0
6797,32.53,38.36,0.0,5.83,0.0,0.7063,0.0,0.0
6798,32.53,18.47,0.0,0.0,14.06,0.9,0.0,0.0
6799,34.48,30.82,9.95,6.28,0.0,0.3826,0.0,0.0
6800,36.36,6.99,19.84,0.0,9.53,0.5913,0.0,0.0
6801,38.09,5.36,28.33,0.0,0.0,0.2404,4.39,0.0
6802,39.6,0.0,35.41,0.0,0.0,0.2404,4.2,0.0
6803,40.85,28.21,12.63,0.0,0.0,0.2404,0.0,0.0
6804,41.77,0.75,41.02,0.0,0.0,0.2404,0.0,0.0
6805,42.34,1.19,41.15,0.0,0.0,0.2404,0.0,0.0
6806,42.53,3.76,37.47,0.0,1.3,0.2404,0.0,0.0
6807,42.34,14.17,28.17,0.0,0.0,0.1927,0.0,0.0
6808,41.77,12.63,19.39,0.0,2.52,0.1927,7.23,0.0
6809,40.85,5.86,9.46,0.0,0.0,0.1,25.53,0.0
6810,39.6,25.6,0.0,0.0,0.0,0.1,14.0,0.0
6811,38.09,9.68,0.0,0.0,0.0,0.1,28.4,0.0
6812,36.36,17.93,0.0,0.0,0.0,0.1,18.43,0.0
6813,34.48,7.47,0.0,0.0,0.0,0.1,27.01,0.0
6814,32.53,15.76,0.0,0.0,0.0,0.1,16.77,0.0
6815,32.53,32.52,0.0,0.0,0.0,0.1,0.01,0.0
6816,32.54,11.92,0.0,0.0,0.0,0.1,20.62,0.0
6817,32.54,16.35,0.0,0.0,0.0,0.1,16.19,0.0
6818,32.54,29.92,0.0,0.0,0.0,0.1,2.62,0.0
6819,32.54,23.03,0.0,0.0,0.0,0.1,9.51,0.0
6820,32.54,45.95,0.0,13.41,0.0,0.1,0.0,0.0
6821,32.54,42.02,0.0,9.48,0.0,0.5456,0.0,0.0
6822,32.54,12.87,0.0,0.0,19.67,0.8606,0.0,0.0
6823,34.49,24.36,10.39,0.26,0.0,0.1368,0.0,0.0
6824,36.37,16.34,20.02,0.0,0.0,0.1454,0.0,0.0
6825,38.09,8.57,29.01,0.0,0.0,0.1454,0.51,0.0
6826,39.61,0.0,35.54,0.0,1.23,0.1454,2.84,0.0
6827,40.85,0.74,40.12,0.0,0.0,0.1,0.0,0.0
6828,41.78,9.87,31.91,0.0,0.0,0.1,0.0,0.0
6829,42.35,2.16,40.18,0.0,0.0,0.1,0.0,0.0
6830,42.54,17.25,25.29,0.0,0.0,0.1,0.0,0.0
6831,42.35,7.07,29.26,0.0,0.0,0.1,6.02,0.0
6832,41.78,5.15,19.53,0.0,0.0,0.1,17.1,0.0
6833,40.85,19.94,10.58,0.0,0.0,0.1,10.33,0.0
6834,39.61,25.22,0.0,0.0,0.0,0.1,14.39,0.0
6835,38.09,12.38,0.0,0.0,0.0,0.1,25.71,0.0
6836,36.37,35.48,0.0,0.0,0.0,0.1,0.89,0.0
6837,34.49,10.95,0.0,0.0,0.0,0.1,23.54,0.0
6838,32.54,24.25,0.0,0.0,0.0,0.1,8.29,0.0
6839,32.54,28.39,0.0,0.0,0.0,0.1,4.15,0.0
6840,32.55,25.17,0.0,0.0,0.0,0.1,7.38,0.0
6841,32.55,25.53,0.0,0.0,0.0,0.1,7.01,0.0
6842,32.55,48.53,0.0,15.99,0.0,0.1,0.0,0.0
6843,32.55,20.17,0.0,0.0,12.38,0.631,0.0,0.0
6844,32.55,50.54,0.0,18.0,0.0,0.1755,0.0,0.0
6845,32.55,28.44,0.0,0.0,4.11,0.7732,0.0,0.0
6846,32.55,22.49,0.0,0.0,10.06,0.622,0.0,0.0
6847,34.5,23.73,10.53,0.0,0.0,0.2519,0.24,0.0
6848,36.37,36.37,0.0,0.0,0.0,0.2519,0.0,0.0
6849,38.1,4.84,29.82,0.0,3.44,0.2519,0.0,0.0
6850,39.62,2.03,35.21,0.0,0.0,0.1252,2.38,0.0
6851,40.86,0.28,40.59,0.0,0.0,0.1252,0.0,0.0
6852,41.79,0.0,41.79,0.0,0.0,0.1252,0.0,0.0
6853,42.35,0.0,40.72,0.0,0.0,0.1252,1.64,0.0
6854,42.55,13.28,29.27,0.0,0.0,0.1252,0.0,0.0
6855,42.35,12.69,29.67,0.0,0.0,0.1252,0.0,0.0
6856,41.79,18.15,19.86,0.0,0.0,0.1252,3.77,0.0
6857,40.86,16.16,9.48,0.0,0.0,0.1252,15.22,0.0
6858,39.62,15.5,0.0,0.0,0.0,0.1252,24.12,0.0
6859,38.1,32.98,0.0,0.0,0.0,0.1252,5.12,0.0
6860,36.37,18.38,0.0,0.0,0.68,0.1252,17.31,0.0
6861,34.5,46.73,0.0,12.23,0.0,0.1,0.0,0.0
6862,32.55,44.4,0.0,11.86,0.0,0.5062,0.0,0.0
6863,32.55,17.96,0.0,0.0,14.59,0.9,0.0,0.0
6864,32.56,31.48,0.0,0.0,1.07,0.363,0.0,0.0
6865,32.56,41.41,0.0,8.85,0.0,0.3236,0.0,0.0
6866,32.56,41.06,0.0,8.5,0.0,0.6176,0.0,0.0
6867,32.56,20.78,0.0,0.0,0.46,0.9,11.32,0.0
6868,32.56,21.49,0.0,0.0,0.0,0.883,11.07,0.0
6869,32.56,11.28,0.0,0.0,21.27,0.883,0.0,0.0
6870,32.56,25.78,0.0,0.0,0.0,0.1,6.78,0.0
6871,34.51,25.77,9.14,0.4,0.0,0.1,0.0,0.0
6872,36.38,3.54,21.32,0.0,0.0,0.1134,11.52,0.0
6873,38.11,10.31,28.67,0.86,0.0,0.1134,0.0,0.0
6874,39.63,0.0,36.44,0.0,1.14,0.1421,2.04,0.0
6875,40.87,3.39,40.09,2.62,0.0,0.1,0.0,0.0
6876,41.79,17.33,42.72,18.25,0.0,0.1869,0.0,0.0
6877,42.36,5.02,37.34,0.0,0.0,0.7932,0.0,0.0
6878,42.56,5.23,37.32,0.0,0.0,0.7932,0.0,0.0
6879,42.36,0.0,27.81,0.0,0.0,0.7932,14.56,0.0
6880,41.79,18.67,19.12,0.0,0.0,0.7932,4.0,0.0
6881,40.87,18.77,10.44,0.0,0.0,0.7932,11.66,0.0
6882,39.63,14.57,0.0,0.0,0.0,0.7932,25.05,0.0
6883,38.11,22.44,0.0,0.0,0.0,0.7932,15.67,0.0
6884,36.38,28.45,0.0,0.0,0.0,0.7932,7.93,0.0
6885,34.51,20.69,0.0,0.0,0.0,0.7932,13.82,0.0
6886,32.56,15.74,0.0,0.0,16.81,0.7932,0.0,0.0
6887,32.56,49.04,0.0,16.48,0.0,0.1745,0.0,0.0
6888,32.56,25.53,0.0,0.0,7.04,0.722,0.0,0.0
6889,32.56,30.47,0.0,0.0,2.09,0.4629,0.0,0.0
6890,32.56,32.56,0.0,0.0,0.0,0.386,0.0,0.0
6891,32.56,32.56,0.0,0.0,0.0,0.386,0.0,0.0
6892,32.56,14.59,0.0,0.0,0.44,0.386,17.54,0.0
6893,32.56,28.89,0.0,0.0,0.0,0.37,3.67,0.0
6894,32.56,14.95,0.0,0.0,0.0,0.37,17.61,0.0
6895,34.52,14.06,8.31,0.0,0.0,0.37,12.15,0.0
6896,36.39,9.9,19.15,0.0,7.33,0.37,0.0,0.0
6897,38.12,3.87,27.63,0.0,0.0,0.1,6.62,0.0
6898,39.64,3.88,35.76,0.0,0.0,0.1,0.0,0.0
6899,40.88,0.0,40.88,0.0,0.0,0.1,0.0,0.0
6900,41.8,1.22,40.59,0.0,0.0,0.1,0.0,0.0
6901,42.37,12.95,29.42,0.0,0.0,0.1,0.0,0.0
6902,42.56,17.55,25.02,0.0,0.0,0.1,0.0,0.0
6903,42.37,10.37,29.58,0.0,0.0,0.1,2.42,0.0
6904,41.8,13.38,19.39,0.0,0.0,0.1,9.04,0.0
6905,40.88,22.2,9.92,21.24,0.0,0.1,30.0,0.0
6906,39.64,10.46,0.0,0.0,1.15,0.8055,28.03,0.0
6907,38.12,20.94,0.0,0.0,0.0,0.7631,17.18,0.0
6908,36.39,18.38,0.0,0.0,18.02,0.7631,0.0,0.0
6909,34.52,20.11,0.0,0.0,0.0,0.1,14.41,0.0
6910,32.56,9.67,0.0,0.0,0.0,0.1,22.89,0.0
6911,32.56,44.61,0.0,12.05,0.0,0.1,0.0,0.0
6912,32.57,25.17,0.0,0.0,6.31,0.5002,1.1,0.0
6913,32.57,43.05,0.0,10.47,0.0,0.268,0.0,0.0
6914,32.57,41.13,0.0,8.56,0.0,0.6158,0.0,0.0
6915,32.57,16.38,0.0,0.0,16.19,0.9,0.0,0.0
6916,32.57,16.29,0.0,0.0,5.54,0.304,10.74,0.0
6917,32.57,49.84,0.0,17.26,0.0,0.1,0.0,0.0
6918,32.57,39.32,0.0,6.75,0.0,0.6735,0.0,0.0
6919,34.53,2.69,10.17,0.0,21.67,0.8975,0.0,0.0
6920,36.4,19.69,20.18,3.47,0.0,0.1,0.0,0.0
6921,38.13,8.91,27.19,0.0,2.03,0.2153,0.0,0.0
6922,39.65,17.81,34.8,12.97,0.0,0.1406,0.0,0.0
6923,40.89,5.51,40.06,4.68,0.0,0.5713,0.0,0.0
6924,41.81,0.0,42.44,0.63,0.0,0.7268,0.0,0.0
6925,42.38,0.0,40.64,0.0,1.74,0.7475,0.0,0.0
6926,42.57,13.76,35.33,6.52,0.0,0.6834,0.0,0.0
6927,42.38,3.98,29.62,0.0,0.0,0.9,8.78,0.0
6928,41.81,16.5,20.86,0.0,0.0,0.9,4.45,0.0
6929,40.89,8.95,10.26,0.0,0.0,0.9,21.67,0.0
6930,39.65,14.38,0.0,0.0,9.2,0.9,16.07,0.0
6931,38.13,33.03,0.0,0.0,0.0,0.5615,5.1,0.0
6932,36.4,29.44,0.0,0.0,6.96,0.5615,0.0,0.0
6933,34.53,28.95,0.0,0.0,5.58,0.3053,0.0,0.0
6934,32.57,39.26,0.0,6.69,0.0,0.1,0.0,0.0
6935,32.57,32.57,0.0,0.0,0.0,0.3221,0.0,0.0
6936,32.59,46.33,0.0,13.75,0.0,0.3221,0.0,0.0
6937,32.59,27.23,0.0,0.0,0.0,0.7788,5.36,0.0
6938,32.59,26.54,0.0,0.0,0.0,0.7788,6.04,0.0
6939,32.59,16.4,0.0,0.0,16.19,0.7788,0.0,0.0
6940,32.59,22.94,0.0,0.0,0.0,0.1829,9.64,0.0
6941,32.59,34.29,0.0,1.71,0.0,0.1829,0.0,0.0
6942,32.59,35.04,0.0,2.46,0.0,0.2396,0.0,0.0
6943,34.54,29.15,8.14,2.76,0.0,0.3213,0.0,0.0
6944,36.41,0.0,18.52,0.0,0.0,0.4129,17.89,0.0
6945,38.14,8.9,29.24,0.0,0.0,0.4129,0.0,0.0
6946,39.66,0.0,34.89,0.0,4.76,0.4129,0.0,0.0
6947,40.9,21.58,19.32,0.0,0.0,0.2376,0.0,0.0
6948,41.82,0.38,41.44,0.0,0.0,0.2376,0.0,0.0
6949,42.39,19.65,22.74,0.0,0.0,0.2376,0.0,0.0
6950,42.59,0.6,34.3,0.0,0.0,0.2376,7.68,0.0
6951,42.39,26.81,15.58,0.0,0.0,0.2376,0.0,0.0
6952,41.82,2.9,20.23,0.0,0.0,0.2376,18.69,0.0
6953,40.9,13.12,8.15,0.0,0.0,0.2376,19.63,0.0
6954,39.66,12.42,0.0,0.0,0.0,0.2376,27.24,0.0
6955,38.14,7.52,0.0,0.0,3.74,0.2376,26.88,0.0
6956,36.41,28.1,0.0,0.0,0.0,0.1,8.31,0.0
6957,34.54,34.54,0.0,0.0,0.0,0.1,0.0,0.0
6958,32.59,56.67,0.0,24.08,0.0,0.1,0.0,0.0
6959,32.59,22.97,0.0,0.0,9.61,0.9,0.0,0.0
6960,32.6,43.25,0.0,10.65,0.0,0.5462,0.0,0.0
6961,32.6,32.6,0.0,0.0,0.0,0.9,0.0,0.0
6962,32.6,32.6,0.0,0.0,0.0,0.9,0.0,0.0
6963,32.6,26.0,0.0,0.0,0.0,0.9,6.6,0.0
6964,32.6,29.25,0.0,0.0,0.0,0.9,3.35,0.0
6965,32.6,30.25,0.0,0.0,2.35,0.9,0.0,0.0
6966,32.6,16.71,0.0,0.0,15.88,0.8136,0.0,0.0
6967,34.55,19.1,9.19,0.0,0.0,0.229,6.26,0.0
6968,36.42,15.65,20.77,0.0,0.0,0.229,0.0,0.0
6969,38.15,23.58,14.57,0.0,0.0,0.229,0.0,0.0
6970,39.67,3.39,34.03,0.0,0.0,0.229,2.25,0.0
6971,40.91,1.67,39.24,0.0,0.0,0.229,0.0,0.0
6972,41.84,31.39,10.45,0.0,0.0,0.229,0.0,0.0
6973,42.41,24.36,18.05,0.0,0.0,0.229,0.0,0.0
6974,42.6,27.17,15.43,0.0,0.0,0.229,0.0,0.0
6975,42.41,15.69,27.73,1.01,0.0,0.229,0.0,0.0
6976,41.84,20.65,20.26,0.0,0.0,0.2626,0.92,0.0
6977,40.91,29.73,9.11,0.0,0.0,0.2626,2.08,0.0
6978,39.67,37.77,0.0,0.0,0.0,0.2626,1.9,0.0
6979,38.15,5.74,0.0,0.0,4.42,0.2626,27.99,0.0
6980,36.42,14.38,0.0,0.0,0.0,0.1,22.04,0.0
6981,34.55,42.26,0.0,7.71,0.0,0.1,0.0,0.0
6982,32.6,28.21,0.0,0.0,0.0,0.3562,4.39,0.0
6983,32.6,25.31,0.0,0.0,6.96,0.3562,0.33,0.0
6984,32.61,20.07,0.0,0.0,0.0,0.1,12.54,0.0
6985,32.61,26.62,0.0,0.0,0.0,0.1,5.99,0.0
6986,32.61,17.29,0.0,0.0,0.0,0.1,15.32,0.0
6987,32.61,50.12,0.0,17.51,0.0,0.1,0.0,0.0
6988,32.61,27.27,0.0,0.0,5.34,0.6817,0.0,0.0
6989,32.61,24.55,0.0,0.0,8.06,0.4853,0.0,0.0
6990,32.61,28.36,0.0,0.0,0.0,0.1886,4.25,0.0
6991,34.56,29.5,5.06,0.0,0.0,0.1886,0.0,0.0
6992,36.44,26.96,9.47,0.0,0.0,0.1886,0.0,0.0
6993,38.17,26.18,11.99,0.0,0.0,0.1886,0.0,0.0
6994,39.68,5.36,34.32,0.0,0.0,0.1886,0.0,0.0
6995,40.92,10.13,30.8,0.0,0.0,0.1886,0.0,0.0
6996,41.85,20.3,21.55,0.0,0.0,0.1886,0.0,0.0
6997,42.42,7.87,34.55,0.0,0.0,0.1886,0.0,0.0
6998,42.61,13.99,28.61,0.0,0.0,0.1886,0.0,0.0
6999,42.42,14.49,27.93,0.0,0.0,0.1886,0.0,0.0
7000,41.85,25.38,16.47,0.0,0.0,0.1886,0.0,0.0
7001,40.92,2.52,9.43,0.0,0.0,0.1886,28.98,0.0
7002,39.68,29.61,0.0,0.0,0.0,0.1886,10.07,0.0
7003,38.17,22.82,0.0,0.0,0.0,0.1886,15.35,0.0
7004,36.44,34.46,0.0,0.0,1.98,0.1886,0.0,0.0
7005,34.56,34.56,0.0,0.0,0.0,0.1158,0.0,0.0
7006,32.61,32.61,0.0,0.0,0.0,0.1158,0.0,0.0
7007,32.61,32.61,0.0,0.0,0.0,0.1158,0.0,0.0
7008,32.62,32.62,0.0,0.0,0.0,0.1158,0.0,0.0
7009,32.62,32.62,0.0,0.0,0.0,0.1158,0.0,0.0
7010,32.62,32.62,0.0,0.0,0.0,0.1158,0.0,0.0
7011,32.62,30.01,0.0,0.0,0.0,0.1158,2.61,0.0
7012,32.62,32.62,0.0,0.0,0.0,0.1158,0.0,0.0
7013,32.62,32.49,0.0,0.0,0.13,0.1158,0.0,0.0
7014,32.62,19.69,0.0,0.0,0.0,0.1109,12.93,0.0
7015,34.57,24.17,8.19,0.0,0.3,0.1109,1.91,0.0
7016,36.45,16.07,20.38,0.0,0.0,0.1,0.0,0.0
7017,38.18,7.36,29.49,0.0,0.0,0.1,1.33,0.0
7018,39.69,26.91,12.78,0.0,0.0,0.1,0.0,0.0
7019,40.94,13.77,27.17,0.0,0.0,0.1,0.0,0.0
7020,41.86,33.06,8.8,0.0,0.0,0.1,0.0,0.0
7021,42.43,0.0,38.7,0.0,0.0,0.1,3.73,0.0
7022,42.62,8.73,35.08,1.19,0.0,0.1,0.0,0.0
7023,42.43,16.09,27.88,1.54,0.0,0.1394,0.0,0.0
7024,41.86,29.01,19.1,6.25,0.0,0.1906,0.0,0.0
7025,40.94,24.12,10.0,0.0,0.0,0.398,6.82,0.0
7026,39.69,25.79,0.0,0.0,8.1,0.398,5.81,0.0
7027,38.18,14.18,0.0,0.0,0.0,0.1,24.0,0.0
7028,36.45,16.27,0.0,0.0,0.0,0.1,20.18,0.0
7029,34.57,32.87,0.0,0.0,0.0,0.1,1.7,0.0
7030,32.62,17.83,0.0,0.0,0.0,0.1,14.79,0.0
7031,32.62,27.01,0.0,0.0,0.0,0.1,5.62,0.0
7032,32.64,37.67,0.0,5.03,0.0,0.1,0.0,0.0
7033,32.64,22.73,0.0,0.0,4.34,0.2672,5.56,0.0
7034,32.64,47.23,0.0,14.59,0.0,0.1075,0.0,0.0
7035,32.64,41.91,0.0,9.27,0.0,0.5921,0.0,0.0
7036,32.64,12.35,0.0,0.0,19.49,0.9,0.8,0.0
7037,32.64,16.26,0.0,0.0,0.0,0.1827,16.37,0.0
7038,32.64,0.39,0.0,0.0,2.25,0.1827,30.0,0.0
7039,34.59,12.64,8.67,0.0,0.0,0.1,13.27,0.0
7040,36.46,15.46,21.0,0.0,0.0,0.1,0.0,0.0
7041,38.19,10.84,27.35,0.0,0.0,0.1,0.0,0.0
7042,39.71,18.9,20.8,0.0,0.0,0.1,0.0,0.0
7043,40.95,0.0,38.07,0.0,0.0,0.1,2.88,0.0
7044,41.87,20.9,20.97,0.0,0.0,0.1,0.0,0.0
7045,42.44,3.56,38.88,0.0,0.0,0.1,0.0,0.0
7046,42.64,14.49,28.15,0.0,0.0,0.1,0.0,0.0
7047,42.44,13.91,28.53,0.0,0.0,0.1,0.0,0.0
7048,41.87,5.45,18.71,0.0,0.0,0.1,17.72,0.0
7049,40.95,8.99,9.37,0.0,0.0,0.1,22.58,0.0
7050,39.71,32.42,0.0,0.0,0.0,0.1,7.29,0.0
7051,38.19,29.37,0.0,0.0,0.0,0.1,8.82,0.0
7052,36.46,36.46,0.0,0.0,0.0,0.1,0.0,0.0
7053,34.59,33.05,0.0,0.0,0.0,0.1,1.54,0.0
7054,32.64,32.64,0.0,0.0,0.0,0.1,0.0,0.0
7055,32.64,15.41,0.0,0.0,0.0,0.1,17.23,0.0
7056,32.65,30.24,0.0,0.0,0.0,0.1,2.41,0.0
7057,32.65,32.29,0.0,0.0,0.0,0.1,0.36,0.0
7058,32.65,50.81,0.0,18.16,0.0,0.1,0.0,0.0
7059,32.65,28.57,0.0,0.0,4.08,0.7032,0.0,0.0
7060,32.65,43.1,0.0,10.45,0.0,0.5529,0.0,0.0
7061,32.65,31.48,0.0,0.0,0.0,0.9,1.17,0.0
7062,32.65,16.05,0.0,0.0,16.6,0.9,0.0,0.0
7063,34.6,21.66,9.67,0.0,3.27,0.289,0.0,0.0
7064,36.48,20.46,20.04,4.02,0.0,0.1686,0.0,0.0
7065,38.21,6.85,28.28,0.0,3.08,0.3019,0.0,0.0
7066,39.72,5.11,34.61,0.0,0.0,0.1886,0.0,0.0
7067,40.97,2.34,38.63,0.0,0.0,0.1886,0.0,0.0
7068,41.89,29.02,12.87,0.0,0.0,0.1886,0.0,0.0
7069,42.46,0.0,38.65,0.0,0.0,0.1886,3.81,0.0
7070,42.65,26.4,16.25,0.0,0.0,0.1886,0.0,0.0
7071,42.46,6.87,29.28,0.0,2.41,0.1886,3.9,0.0
7072,41.89,4.62,20.36,0.0,0.0,0.1,16.91,0.0
7073,40.97,32.12,8.84,0.0,0.0,0.1,0.0,0.0
7074,39.72,30.26,0.0,0.0,0.0,0.1,9.46,0.0
7075,38.21,37.95,0.0,0.0,0.0,0.1,0.25,0.0
7076,36.48,35.86,0.0,0.0,0.0,0.1,0.62,0.0
7077,34.6,50.29,0.0,15.69,0.0,0.1,0.0,0.0
7078,32.65,37.08,0.0,4.43,0.0,0.6213,0.0,0.0
7079,32.65,25.12,0.0,0.0,7.53,0.7685,0.0,0.0
7080,32.67,32.67,0.0,0.0,0.0,0.4915,0.0,0.0
7081,32.67,44.96,0.0,12.3,0.0,0.4915,0.0,0.0
7082,32.67,24.07,0.0,0.0,8.6,0.9,0.0,0.0
7083,32.67,23.76,0.0,0.0,0.0,0.5835,8.91,0.0
7084,32.67,25.09,0.0,0.0,0.0,0.5835,7.57,0.0
7085,32.67,5.04,0.0,0.0,0.0,0.5835,27.63,0.0
7086,32.67,24.57,0.0,0.0,0.0,0.5835,8.09,0.0
7087,34.62,2.09,8.72,0.0,0.0,0.5835,23.8,0.0
7088,36.49,18.81,17.68,0.0,0.0,0.5835,0.0,0.0
7089,38.22,24.77,13.45,0.0,0.0,0.5835,0.0,0.0
7090,39.74,9.99,29.75,0.0,0.0,0.5835,0.0,0.0
7091,40.98,30.21,10.77,0.0,0.0,0.5835,0.0,0.0
7092,41.9,0.0,41.07,0.0,0.0,0.5835,0.83,0.0
7093,42.47,25.43,17.04,0.0,0.0,0.5835,0.0,0.0
7094,42.67,21.33,21.33,0.0,0.0,0.5835,0.0,0.0
7095,42.47,0.0,28.31,0.0,13.14,0.5835,1.03,0.0
7096,41.9,41.9,0.0,0.0,0.0,0.1,0.0,0.0
7097,40.98,20.04,8.47,0.0,0.0,0.1,12.48,0.0
7098,39.74,14.57,0.0,0.0,0.0,0.1,25.16,0.0
7099,38.22,11.91,0.0,0.0,0.0,0.1,26.31,0.0
7100,36.49,25.97,0.0,0.0,0.0,0.1,10.52,0.0
7101,34.62,28.92,0.0,0.0,0.0,0.1,5.7,0.0
7102,32.67,32.67,0.0,0.0,0.0,0.1,0.0,0.0
7103,32.67,29.79,0.0,0.0,0.0,0.1,2.88,0.0
7104,32.68,39.45,0.0,6.77,0.0,0.1,0.0,0.0
7105,32.68,29.06,0.0,0.0,0.0,0.3248,3.62,0.0
7106,32.68,12.85,0.0,0.0,6.11,0.3248,13.73,0.0
7107,32.68,28.86,0.0,0.0,0.0,0.1,3.82,0.0
7108,32.68,4.98,0.0,0.0,0.0,0.1,27.7,0.0
7109,32.68,29.4,0.0,0.0,0.0,0.1,3.28,0.0
7110,32.68,13.73,0.0,0.0,0.0,0.1,18.95,0.0
7111,34.63,22.43,9.37,0.0,0.0,0.1,2.83,0.0
7112,36.51,31.38,5.12,0.0,0.0,0.1,0.0,0.0
7113,38.24,7.07,27.18,0.0,0.0,0.1,3.98,0.0
7114,39.75,25.29,14.46,0.0,0.0,0.1,0.0,0.0
7115,41.0,3.31,37.69,0.0,0.0,0.1,0.0,0.0
7116,41.92,30.79,11.13,0.0,0.0,0.1,0.0,0.0
7117,42.49,2.48,40.01,0.0,0.0,0.1,0.0,0.0
7118,42.68,6.57,35.15,0.0,0.0,0.1,0.97,0.0
7119,42.49,13.8,28.69,0.0,0.0,0.1,0.0,0.0
7120,41.92,14.16,19.36,0.0,0.0,0.1,8.41,0.0
7121,41.0,12.54,8.0,0.0,0.0,0.1,20.46,0.0
7122,39.75,18.67,0.0,0.0,0.0,0.1,21.09,0.0
7123,38.24,25.48,0.0,0.0,0.0,0.1,12.76,0.0
7124,36.51,41.51,0.0,5.0,0.0,0.1,0.0,0.0
7125,34.63,11.29,0.0,0.0,2.78,0.266,20.56,0.0
7126,32.68,32.12,0.0,0.0,0.0,0.1637,0.56,0.0
7127,32.68,39.03,0.0,6.35,0.0,0.1637,0.0,0.0
7128,32.7,35.28,0.0,2.58,0.0,0.3747,0.0,0.0
7129,32.7,45.93,0.0,13.23,0.0,0.4604,0.0,0.0
7130,32.7,31.32,0.0,0.0,0.0,0.9,1.38,0.0
7131,32.7,28.67,0.0,0.0,4.03,0.9,0.0,0.0
7132,32.7,34.28,0.0,1.58,0.0,0.7518,0.0,0.0
7133,32.7,27.05,0.0,0.0,5.64,0.8044,0.0,0.0
7134,32.7,19.68,0.0,0.0,0.0,0.5966,13.01,0.0
7135,34.65,26.06,8.66,0.07,0.0,0.5966,0.0,0.0
7136,36.52,12.18,18.77,0.0,0.0,0.599,5.57,0.0
7137,38.25,10.55,26.67,0.0,0.0,0.599,1.04,0.0
7138,39.77,4.58,35.19,0.0,0.0,0.599,0.0,0.0
7139,41.01,27.34,13.67,0.0,0.0,0.599,0.0,0.0
7140,41.94,0.0,39.73,0.0,2.21,0.599,0.0,0.0
7141,42.51,17.91,24.59,0.0,0.0,0.5177,0.0,0.0
7142,42.7,15.34,27.36,0.0,0.0,0.5177,0.0,0.0
7143,42.51,0.02,27.45,0.0,0.0,0.5177,15.03,0.0
7144,41.94,21.65,19.29,0.0,0.0,0.5177,0.99,0.0
7145,41.01,25.66,8.37,0.0,0.0,0.5177,6.98,0.0
7146,39.77,29.33,0.0,11.51,0.0,0.5177,21.94,0.0
7147,38.25,0.0,0.0,0.0,21.74,0.9,16.52,0.0
7148,36.52,41.9,0.0,5.38,0.0,0.1,0.0,0.0
7149,34.65,23.23,0.0,0.0,0.0,0.2786,11.42,0.0
7150,32.7,38.81,0.0,6.11,0.0,0.2786,0.0,0.0
7151,32.7,40.33,0.0,7.64,0.0,0.4817,0.0,0.0
7152,32.71,24.9,0.0,0.0,0.0,0.7354,7.82,0.0
7153,32.71,37.67,0.0,4.96,0.0,0.7354,0.0,0.0
7154,32.71,28.41,0.0,0.0,0.0,0.9,4.3,0.0
7155,32.71,10.25,0.0,0.0,6.67,0.9,15.8,0.0
7156,32.71,40.1,0.0,7.39,0.0,0.6546,0.0,0.0
7157,32.71,18.6,0.0,0.0,0.0,0.9,14.11,0.0
7158,32.71,15.27,0.0,0.0,0.0,0.9,17.45,0.0
7159,34.67,17.17,10.16,0.0,7.34,0.9,0.0,0.0
7160,36.54,16.58,19.96,0.0,0.0,0.6297,0.0,0.0
7161,38.27,11.35,26.92,0.0,0.0,0.6297,0.0,0.0
7162,39.79,5.44,34.35,0.0,0.0,0.6297,0.0,0.0
7163,41.03,0.98,38.11,0.0,0.0,0.6297,1.94,0.0
7164,41.95,2.85,39.11,0.0,0.0,0.6297,0.0,0.0
7165,42.52,3.23,39.29,0.0,0.0,0.6297,0.0,0.0
7166,42.71,33.84,8.87,0.0,0.0,0.6297,0.0,0.0
7167,42.52,13.47,29.05,0.0,0.0,0.6297,0.0,0.0
7168,41.95,29.44,12.51,0.0,0.0,0.6297,0.0,0.0
7169,41.03,21.51,7.97,0.0,0.0,0.6297,11.55,0.0
7170,39.79,18.92,0.0,0.0,0.0,0.6297,20.87,0.0
7171,38.27,23.8,0.0,0.0,14.39,0.6297,0.08,0.0
7172,36.54,26.95,0.0,0.0,0.0,0.1,9.59,0.0
7173,34.67,34.67,0.0,0.0,0.0,0.1,0.0,0.0
7174,32.71,45.74,0.0,13.03,0.0,0.1,0.0,0.0
7175,32.71,31.29,0.0,0.0,1.43,0.5327,0.0,0.0
7176,32.73,45.37,0.0,12.64,0.0,0.4803,0.0,0.0
7177,32.73,23.85,0.0,0.0,8.88,0.9,0.0,0.0
7178,32.73,28.28,0.0,0.0,0.0,0.573,4.45,0.0
7179,32.73,23.67,0.0,0.0,9.07,0.573,0.0,0.0
7180,32.73,31.85,0.0,0.0,0.0,0.2393,0.88,0.0
7181,32.73,22.85,0.0,0.0,0.0,0.2393,9.88,0.0
7182,32.73,31.02,0.0,0.0,0.0,0.2393,1.71,0.0
7183,34.68,12.12,9.75,0.0,0.0,0.2393,12.81,0.0
7184,36.56,19.34,17.22,0.0,0.0,0.2393,0.0,0.0
7185,38.29,11.53,26.76,0.0,0.0,0.2393,0.0,0.0
7186,39.8,0.0,33.62,0.0,0.0,0.2393,6.18,0.0
7187,41.05,35.21,5.83,0.0,0.0,0.2393,0.0,0.0
7188,41.97,2.3,39.67,0.0,0.0,0.2393,0.0,0.0
7189,42.54,0.0,37.68,0.0,0.0,0.2393,4.86,0.0
7190,42.73,9.58,33.16,0.0,0.0,0.2393,0.0,0.0
7191,42.54,16.03,26.51,0.0,0.0,0.2393,0.0,0.0
7192,41.97,18.11,18.45,0.0,0.0,0.2393,5.41,0.0
7193,41.05,31.05,8.9,0.0,0.0,0.2393,1.1,0.0
7194,39.8,31.2,0.0,0.0,0.0,0.2393,8.61,0.0
7195,38.29,29.32,0.0,0.0,0.0,0.2393,8.97,0.0
7196,36.56,33.19,0.0,0.0,0.0,0.2393,3.37,0.0
7197,34.68,29.77,0.0,0.0,0.0,0.2393,4.91,0.0
7198,32.73,49.84,0.0,17.11,0.0,0.2393,0.0,0.0
7199,32.73,18.78,0.0,0.0,13.95,0.8077,0.0,0.0
7200,32.75,32.75,0.0,0.0,0.0,0.2943,0.0,0.0
7201,32.75,32.75,0.0,0.0,0.0,0.2943,0.0,0.0
7202,32.75,40.52,0.0,7.77,0.0,0.2943,0.0,0.0
7203,32.75,22.64,0.0,0.0,10.11,0.5524,0.0,0.0
7204,32.75,11.75,0.0,0.0,0.0,0.1804,21.01,0.0
7205,32.75,28.08,0.0,0.0,0.0,0.1804,4.67,0.0
7206,32.75,26.76,0.0,0.0,0.0,0.1804,5.99,0.0
7207,34.7,36.11,8.96,10.36,0.0,0.1804,0.0,0.0
7208,36.58,6.56,19.46,0.0,10.56,0.5246,0.0,0.0
7209,38.31,10.13,28.18,0.0,0.0,0.1361,0.0,0.0
7210,39.82,6.72,33.1,0.0,0.0,0.1361,0.0,0.0
7211,41.07,2.43,38.63,0.0,0.0,0.1361,0.0,0.0
7212,41.99,1.13,40.86,0.0,0.0,0.1361,0.0,0.0
7213,42.56,10.47,32.09,0.0,0.0,0.1361,0.0,0.0
7214,42.75,15.6,27.15,0.0,0.0,0.1361,0.0,0.0
7215,42.56,22.58,19.98,0.0,0.0,0.1361,0.0,0.0
7216,41.99,13.24,19.31,0.0,0.0,0.1361,9.43,0.0
7217,41.07,36.75,9.2,4.88,0.0,0.1361,0.0,0.0
7218,39.82,13.02,0.0,0.0,0.0,0.2984,26.81,0.0
7219,38.31,9.41,0.0,0.0,5.39,0.2984,23.5,0.0
7220,36.58,36.58,0.0,0.0,0.0,0.1,0.0,0.0
7221,34.7,8.56,0.0,0.0,0.0,0.1,26.14,0.0
7222,32.75,30.51,0.0,0.0,0.0,0.1,2.24,0.0
7223,32.75,56.83,0.0,24.08,0.0,0.1,0.0,0.0
7224,32.77,32.77,0.0,0.0,0.0,0.9,0.0,0.0
7225,32.77,22.62,0.0,0.0,10.15,0.9,0.0,0.0
7226,32.77,32.1,0.0,0.0,0.67,0.5263,0.0,0.0
7227,32.77,30.6,0.0,0.0,2.17,0.5017,0.0,0.0
7228,32.77,30.65,0.0,0.0,2.12,0.422,0.0,0.0
7229,32.77,33.21,0.0,0.44,0.0,0.3438,0.0,0.0
7230,32.77,13.91,0.0,0.0,0.0,0.3584,18.86,0.0
7231,34.72,24.54,10.18,0.0,0.0,0.3584,0.0,0.0
7232,36.6,17.99,18.61,0.0,0.0,0.3584,0.0,0.0
7233,38.33,24.34,13.99,0.0,0.0,0.3584,0.0,0.0
7234,39.84,9.43,30.41,0.0,0.0,0.3584,0.0,0.0
7235,41.08,27.3,13.79,0.0,0.0,0.3584,0.0,0.0
7236,42.01,1.75,40.26,0.0,0.0,0.3584,0.0,0.0
7237,42.58,17.36,25.21,0.0,0.0,0.3584,0.0,0.0
7238,42.77,6.43,33.14,0.0,0.0,0.3584,3.2,0.0
7239,42.58,7.36,28.28,0.0,0.0,0.3584,6.93,0.0
7240,42.01,25.99,19.13,3.11,0.0,0.3584,0.0,0.0
7241,41.08,17.23,8.76,0.0,0.0,0.4618,15.1,0.0
7242,39.84,15.74,0.0,0.0,0.0,0.4618,24.11,0.0
7243,38.33,20.36,0.0,0.0,0.0,0.4618,17.97,0.0
7244,36.6,35.95,0.0,0.0,0.0,0.4618,0.65,0.0
7245,34.72,24.91,0.0,0.0,0.0,0.4618,9.81,0.0
7246,32.77,31.51,0.0,0.0,0.0,0.4618,1.26,0.0
7247,32.77,32.77,0.0,0.0,0.0,0.4618,0.0,0.0
7248,32.79,15.26,0.0,0.0,0.0,0.4618,17.53,0.0
7249,32.79,19.32,0.0,0.0,9.83,0.4618,3.64,0.0
7250,32.79,36.13,0.0,3.34,0.0,0.1,0.0,0.0
7251,32.79,24.0,0.0,0.0,0.0,0.2109,8.79,0.0
7252,32.79,39.62,0.0,6.83,0.0,0.2109,0.0,0.0
7253,32.79,32.79,0.0,0.0,0.0,0.4377,0.0,0.0
7254,32.79,31.37,0.0,0.0,1.42,0.4377,0.0,0.0
7255,34.74,25.66,9.08,0.0,0.0,0.3856,0.0,0.0
7256,36.62,18.55,18.07,0.0,0.0,0.3856,0.0,0.0
7257,38.35,23.72,14.63,0.0,0.0,0.3856,0.0,0.0
7258,39.86,10.01,29.85,0.0,0.0,0.3856,0.0,0.0
7259,41.1,4.45,36.66,0.0,0.0,0.3856,0.0,0.0
7260,42.03,33.98,8.05,0.0,0.0,0.3856,0.0,0.0
7261,42.6,14.9,27.7,0.0,0.0,0.3856,0.0,0.0
7262,42.79,19.57,23.22,0.0,0.0,0.3856,0.0,0.0
7263,42.6,30.71,11.88,0.0,0.0,0.3856,0.0,0.0
7264,42.03,17.92,17.86,0.0,0.0,0.3856,6.25,0.0
7265,41.1,15.28,8.45,0.0,0.0,0.3856,17.38,0.0
7266,39.86,32.9,0.0,0.0,0.0,0.3856,6.96,0.0
7267,38.35,27.61,0.0,0.0,0.0,0.3856,10.73,0.0
7268,36.62,31.02,0.0,0.0,0.0,0.3856,5.6,0.0
7269,34.74,23.04,0.0,0.0,7.76,0.3856,3.94,0.0
7270,32.79,15.91,0.0,0.0,0.0,0.1,16.88,0.0
7271,32.79,32.79,0.0,0.0,0.0,0.1,0.0,0.0
7272,32.81,43.2,0.0,10.39,0.0,0.1,0.0,0.0
7273,32.81,31.73,0.0,0.0,0.0,0.445,1.08,0.0
7274,32.81,46.51,0.0,13.7,0.0,0.445,0.0,0.0
7275,32.81,24.47,0.0,0.0,8.34,0.9,0.0,0.0
7276,32.81,18.98,0.0,0.0,0.0,0.5931,13.83,0.0
7277,32.81,26.33,0.0,0.0,6.48,0.5931,0.0,0.0
7278,32.81,23.63,0.0,0.0,0.0,0.3545,9.18,0.0
7279,34.76,29.47,9.46,4.17,0.0,0.3545,0.0,0.0
7280,36.64,11.89,18.32,0.0,0.8,0.493,5.63,0.0
7281,38.37,30.95,7.42,0.0,0.0,0.4637,0.0,0.0
7282,39.88,7.09,32.79,0.0,0.0,0.4637,0.0,0.0
7283,41.12,14.55,26.58,0.0,0.0,0.4637,0.0,0.0
7284,42.05,26.9,15.15,0.0,0.0,0.4637,0.0,0.0
7285,42.62,4.12,38.49,0.0,0.0,0.4637,0.0,0.0
7286,42.81,26.5,16.31,0.0,0.0,0.4637,0.0,0.0
7287,42.62,27.79,14.83,0.0,0.0,0.4637,0.0,0.0
7288,42.05,28.02,14.03,0.0,0.0,0.4637,0.0,0.0
7289,41.12,21.74,9.47,0.0,0.0,0.4637,9.91,0.0
7290,39.88,0.0,0.0,0.0,9.88,0.4637,30.0,0.0
7291,38.37,20.67,0.0,0.0,0.0,0.1,17.69,0.0
7292,36.64,23.2,0.0,0.0,0.0,0.1,13.44,0.0
7293,34.76,21.77,0.0,0.0,0.0,0.1,12.99,0.0
7294,32.81,34.17,0.0,1.36,0.0,0.1,0.0,0.0
7295,32.81,29.83,0.0,0.0,0.0,0.1452,2.98,0.0
7296,32.83,26.32,0.0,0.0,0.0,0.1452,6.52,0.0
7297,32.83,23.67,0.0,0.0,0.0,0.1452,9.16,0.0
7298,32.83,26.07,0.0,0.0,0.0,0.1452,6.76,0.0
7299,32.83,42.59,0.0,22.72,0.0,0.1452,12.96,0.0
7300,32.83,23.0,0.0,0.0,0.0,0.9,9.83,0.0
7301,32.83,22.07,0.0,0.0,7.76,0.9,3.0,0.0
7302,32.83,20.09,0.0,0.0,12.74,0.6142,0.0,0.0
7303,34.78,25.38,8.17,0.0,1.23,0.1454,0.0,0.0
7304,36.66,24.16,20.12,7.62,0.0,0.1,0.0,0.0
7305,38.39,0.0,27.44,0.0,6.88,0.3531,4.07,0.0
7306,39.9,6.06,33.84,0.0,0.0,0.1,0.0,0.0
7307,41.15,29.22,11.93,0.0,0.0,0.1,0.0,0.0
7308,42.07,2.35,39.72,0.0,0.0,0.1,0.0,0.0
7309,42.64,5.17,37.47,0.0,0.0,0.1,0.0,0.0
7310,42.83,8.49,34.34,0.0,0.0,0.1,0.0,0.0
7311,42.64,10.18,27.92,0.0,0.0,0.1,4.54,0.0
7312,42.07,21.87,18.3,0.0,0.0,0.1,1.9,0.0
7313,41.15,2.88,9.56,0.0,0.0,0.1,28.71,0.0
7314,39.9,13.58,0.0,0.0,0.0,0.1,26.32,0.0
7315,38.39,38.39,0.0,0.0,0.0,0.1,0.0,0.0
7316,36.66,20.37,0.0,0.0,0.0,0.1,16.29,0.0
7317,34.78,43.79,0.0,9.01,0.0,0.1,0.0,0.0
7318,32.83,32.83,0.0,0.0,0.0,0.3993,0.0,0.0
7319,32.83,16.29,0.0,0.0,0.0,0.3993,16.55,0.0
7320,32.85,40.84,0.0,7.98,0.0,0.3993,0.0,0.0
7321,32.85,32.85,0.0,0.0,0.0,0.6644,0.0,0.0
7322,32.85,28.78,0.0,0.0,4.08,0.6644,0.0,0.0
7323,32.85,34.11,0.0,1.26,0.0,0.5144,0.0,0.0
7324,32.85,32.85,0.0,0.0,0.0,0.5561,0.0,0.0
7325,32.85,32.85,0.0,0.0,0.0,0.5561,0.0,0.0
7326,32.85,36.34,0.0,3.48,0.0,0.5561,0.0,0.0
7327,34.8,26.21,8.6,0.0,0.0,0.6718,0.0,0.0
7328,36.68,6.27,19.29,0.0,0.0,0.6718,11.12,0.0
7329,38.41,10.59,27.82,0.0,0.0,0.6718,0.0,0.0
7330,39.92,5.39,34.54,0.0,0.0,0.6718,0.0,0.0
7331,41.17,22.36,18.81,0.0,0.0,0.6718,0.0,0.0
7332,42.09,38.22,3.88,0.0,0.0,0.6718,0.0,0.0
7333,42.66,28.96,13.7,0.0,0.0,0.6718,0.0,0.0
7334,42.85,18.59,24.26,0.0,0.0,0.6718,0.0,0.0
7335,42.66,16.79,25.87,0.0,0.0,0.6718,0.0,0.0
7336,42.09,19.45,19.37,0.0,0.0,0.6718,3.27,0.0
7337,41.17,5.08,8.04,0.0,0.0,0.6718,28.05,0.0
7338,39.92,24.91,0.0,0.0,0.0,0.6718,15.01,0.0
7339,38.41,38.41,0.0,0.0,0.0,0.6718,0.0,0.0
7340,36.68,23.75,0.0,0.0,1.73,0.6718,11.19,0.0
7341,34.8,34.8,0.0,0.0,0.0,0.6079,0.0,0.0
7342,32.85,41.65,0.0,8.79,0.0,0.6079,0.0,0.0
7343,32.85,25.29,0.0,0.0,0.0,0.9,7.56,0.0
7344,32.88,30.28,0.0,0.0,0.0,0.9,2.59,0.0
7345,32.88,24.37,0.0,0.0,0.0,0.9,8.51,0.0
7346,32.88,25.31,0.0,0.0,0.0,0.9,7.56,0.0
7347,32.88,19.16,0.0,0.0,0.0,0.9,13.71,0.0
7348,32.88,20.94,0.0,0.0,11.94,0.9,0.0,0.0
7349,32.88,41.4,0.0,8.53,0.0,0.4606,0.0,0.0
7350,32.88,15.87,0.0,0.0,17.01,0.7439,0.0,0.0
7351,34.83,23.58,9.58,0.0,0.0,0.1179,1.67,0.0
7352,36.7,15.01,18.23,0.0,0.0,0.1179,3.46,0.0
7353,38.43,10.24,28.19,0.0,0.0,0.1179,0.0,0.0
7354,39.95,29.26,10.68,0.0,0.0,0.1179,0.0,0.0
7355,41.19,23.88,17.31,0.0,0.0,0.1179,0.0,0.0
7356,42.11,18.05,24.07,0.0,0.0,0.1179,0.0,0.0
7357,42.68,13.1,29.59,0.0,0.0,0.1179,0.0,0.0
7358,42.88,4.62,34.16,0.0,0.0,0.1179,4.1,0.0
7359,42.68,17.12,25.56,0.0,0.0,0.1179,0.0,0.0
7360,42.11,12.48,17.0,0.0,0.49,0.1179,12.16,0.0
7361,41.19,28.87,9.18,0.0,0.0,0.1,3.15,0.0
7362,39.95,35.31,0.0,0.0,0.0,0.1,4.63,0.0
7363,38.43,21.96,0.0,0.0,0.0,0.1,16.47,0.0
7364,36.7,36.7,0.0,0.0,0.0,0.1,0.0,0.0
7365,34.83,39.37,0.0,4.54,0.0,0.1,0.0,0.0
7366,32.88,50.42,0.0,17.54,0.0,0.2508,0.0,0.0
7367,32.88,29.77,0.0,0.0,0.0,0.8335,3.11,0.0
7368,32.9,22.21,0.0,0.0,0.0,0.8335,10.69,0.0
7369,32.9,29.56,0.0,0.0,0.0,0.8335,3.34,0.0
7370,32.9,32.9,0.0,0.0,0.0,0.8335,0.0,0.0
7371,32.9,32.56,0.0,0.0,0.0,0.8335,0.34,0.0
7372,32.9,26.07,0.0,2.0,0.0,0.8335,8.83,0.0
7373,32.9,8.77,0.0,0.0,21.74,0.9,2.39,0.0
7374,32.9,29.66,0.0,0.0,0.0,0.1,3.24,0.0
7375,34.85,27.43,7.42,0.0,0.0,0.1,0.0,0.0
7376,36.73,24.67,12.05,0.0,0.0,0.1,0.0,0.0
7377,38.45,12.88,25.57,0.0,0.0,0.1,0.0,0.0
7378,39.97,22.13,17.84,0.0,0.0,0.1,0.0,0.0
7379,41.21,19.42,21.79,0.0,0.0,0.1,0.0,0.0
7380,42.14,24.35,17.79,0.0,0.0,0.1,0.0,0.0
7381,42.71,19.41,23.3,0.0,0.0,0.1,0.0,0.0
7382,42.9,10.92,31.98,0.0,0.0,0.1,0.0,0.0
7383,42.71,10.22,25.31,0.0,0.0,0.1,7.17,0.0
7384,42.14,17.65,18.44,0.0,0.0,0.1,6.05,0.0
7385,41.21,25.57,8.32,0.0,0.0,0.1,7.32,0.0
7386,39.97,21.91,0.0,0.0,0.0,0.1,18.06,0.0
7387,38.45,30.67,0.0,0.0,0.0,0.1,7.79,0.0
7388,36.73,34.27,0.0,0.0,0.0,0.1,2.46,0.0
7389,34.85,40.19,0.0,5.34,0.0,0.1,0.0,0.0
7390,32.9,46.18,0.0,13.28,0.0,0.2773,0.0,0.0
7391,32.9,35.3,0.0,2.4,0.0,0.7185,0.0,0.0
7392,32.92,22.13,0.0,0.0,10.79,0.7983,0.0,0.0
7393,32.92,31.28,0.0,0.0,0.0,0.4012,1.65,0.0
7394,32.92,32.92,0.0,0.0,0.0,0.4012,0.0,0.0
7395,32.92,14.05,0.0,0.0,0.0,0.4012,18.87,0.0
7396,32.92,43.76,0.0,10.84,0.0,0.4012,0.0,0.0
7397,32.92,29.11,0.0,0.0,3.81,0.7612,0.0,0.0
7398,32.92,28.92,0.0,0.0,4.0,0.6211,0.0,0.0
7399,34.87,36.06,9.42,10.61,0.0,0.4737,0.0,0.0
7400,36.75,14.04,16.92,0.0,0.0,0.8262,5.79,0.0
7401,38.48,23.85,14.62,0.0,0.0,0.8262,0.0,0.0
7402,39.99,8.2,31.8,0.0,0.0,0.8262,0.0,0.0
7403,41.24,4.99,36.25,0.0,0.0,0.8262,0.0,0.0
7404,42.16,3.74,38.42,0.0,0.0,0.8262,0.0,0.0
7405,42.73,32.05,10.68,0.0,0.0,0.8262,0.0,0.0
7406,42.92,12.94,29.98,0.0,0.0,0.8262,0.0,0.0
7407,42.73,15.38,27.35,0.0,0.0,0.8262,0.0,0.0
7408,42.16,1.78,18.46,0.0,19.73,0.8262,2.18,0.0
7409,41.24,34.23,8.48,1.48,0.0,0.1,0.0,0.0
7410,39.99,35.52,0.0,0.0,1.33,0.1491,3.13,0.0
7411,38.48,28.67,0.0,0.0,0.0,0.1,9.81,0.0
7412,36.75,27.85,0.0,0.0,0.0,0.1,8.9,0.0
7413,34.87,34.87,0.0,0.0,0.0,0.1,0.0,0.0
7414,32.92,47.1,0.0,14.18,0.0,0.1,0.0,0.0
7415,32.92,17.32,0.0,0.0,0.0,0.571,15.61,0.0
7416,32.95,42.85,0.0,9.9,0.0,0.571,0.0,0.0
7417,32.95,25.84,0.0,0.0,0.0,0.9,7.11,0.0
7418,32.95,32.95,0.0,0.0,0.0,0.9,0.0,0.0
7419,32.95,29.83,0.0,0.0,0.0,0.9,3.12,0.0
7420,32.95,26.01,0.0,0.0,6.94,0.9,0.0,0.0
7421,32.95,27.75,0.0,4.44,0.0,0.6447,9.64,0.0
7422,32.95,14.14,0.0,0.0,18.81,0.7922,0.0,0.0
7423,34.9,32.89,8.02,6.01,0.0,0.1,0.0,0.0
7424,36.77,2.72,19.58,0.0,5.43,0.2998,9.05,0.0
7425,38.5,23.66,27.11,12.27,0.0,0.1,0.0,0.0
7426,40.02,5.89,34.12,0.0,0.0,0.5075,0.0,0.0
7427,41.26,4.27,36.99,0.0,0.0,0.5075,0.0,0.0
7428,42.19,4.53,37.66,0.0,0.0,0.5075,0.0,0.0
7429,42.75,0.47,36.86,0.0,0.0,0.5075,5.43,0.0
7430,42.95,17.17,33.48,7.7,0.0,0.5075,0.0,0.0
7431,42.75,4.33,27.12,0.0,11.3,0.7633,0.0,0.0
7432,42.19,24.92,19.38,2.12,0.0,0.3473,0.0,0.0
7433,41.26,13.66,8.31,0.0,8.63,0.4176,10.67,0.0
7434,40.02,20.86,0.0,0.0,0.0,0.1,19.15,0.0
7435,38.5,30.75,0.0,0.0,0.0,0.1,7.76,0.0
7436,36.77,22.62,0.0,0.0,0.0,0.1,14.15,0.0
7437,34.9,31.7,0.0,0.0,0.0,0.1,3.2,0.0
7438,32.95,18.93,0.0,0.0,0.0,0.1,14.02,0.0
7439,32.95,32.95,0.0,0.0,0.0,0.1,0.0,0.0
7440,32.97,32.97,0.0,0.0,0.0,0.1,0.0,0.0
7441,32.97,32.97,0.0,0.0,0.0,0.1,0.0,0.0
7442,32.97,32.97,0.0,0.0,0.0,0.1,0.0,0.0
7443,32.97,32.97,0.0,0.0,0.0,0.1,0.0,0.0
7444,32.97,12.84,0.0,0.0,0.0,0.1,20.14,0.0
7445,32.97,42.79,0.0,9.82,0.0,0.1,0.0,0.0
7446,32.97,32.97,0.0,0.0,0.0,0.426,0.0,0.0
7447,34.92,18.13,8.92,0.0,7.87,0.426,0.0,0.0
7448,36.8,17.31,19.49,0.0,0.0,0.1363,0.0,0.0
7449,38.53,10.78,27.75,0.0,0.0,0.1363,0.0,0.0
7450,40.04,8.77,31.27,0.0,0.0,0.1363,0.0,0.0
7451,41.29,20.61,20.67,0.0,0.0,0.1363,0.0,0.0
7452,42.21,5.13,36.65,0.0,0.0,0.1363,0.43,0.0
7453,42.78,25.99,16.79,0.0,0.0,0.1363,0.0,0.0
7454,42.97,6.52,33.18,0.0,0.0,0.1363,3.27,0.0
7455,42.78,8.14,27.01,0.0,0.0,0.1363,7.62,0.0
7456,42.21,11.56,18.15,0.0,0.0,0.1363,12.49,0.0
7457,41.29,30.37,7.94,0.0,0.0,0.1363,2.97,0.0
7458,40.04,19.37,0.0,0.0,0.0,0.1363,20.67,0.0
7459,38.53,14.72,0.0,0.0,0.0,0.1363,23.81,0.0
7460,36.8,24.4,0.0,0.0,0.0,0.1363,12.4,0.0
7461,34.92,32.09,0.0,0.0,0.0,0.1363,2.83,0.0
7462,32.97,22.34,0.0,0.0,0.0,0.1363,10.63,0.0
7463,32.97,23.61,0.0,0.0,0.99,0.1363,8.37,0.0
7464,33.0,56.21,0.0,23.21,0.0,0.1,0.0,0.0
7465,33.0,26.62,0.0,0.0,6.38,0.8711,0.0,0.0
7466,33.0,30.93,0.0,0.0,0.0,0.6363,2.07,0.0
7467,33.0,28.93,0.0,0.0,0.0,0.6363,4.07,0.0
7468,33.0,26.35,0.0,0.0,0.0,0.6363,6.64,0.0
7469,33.0,33.0,0.0,0.0,0.0,0.6363,0.0,0.0
7470,33.0,34.91,0.0,1.92,0.0,0.6363,0.0,0.0
7471,34.95,20.02,8.97,0.0,0.0,0.7,5.96,0.0
7472,36.82,8.48,19.06,0.0,9.28,0.7,0.0,0.0
7473,38.55,31.17,7.39,0.0,0.0,0.3583,0.0,0.0
7474,40.07,9.06,31.01,0.0,0.0,0.3583,0.0,0.0
7475,41.31,33.11,8.21,0.0,0.0,0.3583,0.0,0.0
7476,42.24,0.0,38.74,0.0,0.0,0.3583,3.5,0.0
7477,42.8,17.99,24.81,0.0,0.0,0.3583,0.0,0.0
7478,43.0,9.72,33.28,0.0,0.0,0.3583,0.0,0.0
7479,42.8,15.14,24.87,0.0,0.0,0.3583,2.8,0.0
7480,42.24,18.44,18.36,0.0,0.0,0.3583,5.44,0.0
7481,41.31,25.94,9.01,0.0,6.36,0.3583,0.0,0.0
7482,40.07,20.08,0.0,0.0,0.0,0.1244,19.99,0.0
7483,38.55,25.06,0.0,0.0,0.0,0.1244,13.5,0.0
7484,36.82,27.18,0.0,0.0,0.0,0.1244,9.65,0.0
7485,34.95,26.36,0.0,0.0,0.66,0.1244,7.92,0.0
7486,33.0,35.28,0.0,2.28,0.0,0.1,0.0,0.0
7487,33.0,39.63,0.0,6.63,0.0,0.1759,0.0,0.0
7488,33.02,38.03,0.0,5.01,0.0,0.3962,0.0,0.0
7489,33.02,43.19,0.0,10.16,0.0,0.5624,0.0,0.0
7490,33.02,31.64,0.0,0.0,0.0,0.9,1.38,0.0
7491,33.02,25.05,0.0,0.0,0.0,0.9,7.97,0.0
7492,33.02,24.7,0.0,0.0,0.0,0.9,8.32,0.0
7493,33.02,28.28,0.0,0.0,0.0,0.9,4.74,0.0
7494,33.02,15.29,0.0,0.0,12.06,0.9,5.67,0.0
7495,34.97,18.24,9.02,0.0,0.0,0.456,7.72,0.0
7496,36.85,15.71,17.68,0.0,0.0,0.456,3.46,0.0
7497,38.58,38.58,0.0,0.0,0.0,0.456,0.0,0.0
7498,40.09,0.0,31.67,0.0,8.43,0.456,0.0,0.0
7499,41.34,5.21,36.13,0.0,0.0,0.1458,0.0,0.0
7500,42.26,32.86,9.4,0.0,0.0,0.1458,0.0,0.0
7501,42.83,17.4,25.43,0.0,0.0,0.1458,0.0,0.0
7502,43.02,24.61,18.42,0.0,0.0,0.1458,0.0,0.0
7503,42.83,19.74,23.09,0.0,0.0,0.1458,0.0,0.0
7504,42.26,14.22,19.03,0.0,0.0,0.1458,9.01,0.0
7505,41.34,1.09,9.0,0.0,1.25,0.1458,30.0,0.0
7506,40.09,27.74,0.0,0.0,0.0,0.1,12.36,0.0
7507,38.58,20.63,0.0,0.0,0.0,0.1,17.95,0.0
7508,36.85,22.76,0.0,0.0,0.0,0.1,14.09,0.0
7509,34.97,27.76,0.0,0.0,0.0,0.1,7.21,0.0
7510,33.02,33.02,0.0,0.0,0.0,0.1,0.0,0.0
7511,33.02,33.02,0.0,0.0,0.0,0.1,0.0,0.0
7512,33.05,33.05,0.0,0.0,0.0,0.1,0.0,0.0
7513,33.05,30.78,0.0,0.0,0.0,0.1,2.27,0.0
7514,33.05,22.78,0.0,0.0,0.0,0.1,10.27,0.0
7515,33.05,33.05,0.0,0.0,0.0,0.1,0.0,0.0
7516,33.05,48.32,0.0,15.27,0.0,0.1,0.0,0.0
7517,33.05,25.96,0.0,0.0,0.0,0.6074,7.09,0.0
7518,33.05,2.43,0.0,0.0,13.79,0.6074,16.84,0.0
7519,35.0,29.9,9.09,3.98,0.0,0.1,0.0,0.0
7520,36.88,30.63,17.31,11.06,0.0,0.2323,0.0,0.0
7521,38.6,3.27,24.61,0.0,10.38,0.5998,0.34,0.0
7522,40.12,8.25,31.87,0.0,0.0,0.2177,0.0,0.0
7523,41.36,20.78,20.58,0.0,0.0,0.2177,0.0,0.0
7524,42.29,15.28,27.01,0.0,0.0,0.2177,0.0,0.0
7525,42.86,7.13,35.72,0.0,0.0,0.2177,0.0,0.0
7526,43.05,27.32,15.73,0.0,0.0,0.2177,0.0,0.0
7527,42.86,14.91,27.19,0.0,0.0,0.2177,0.75,0.0
7528,42.29,6.3,16.75,0.0,0.0,0.2177,19.24,0.0
7529,41.36,3.12,8.7,0.0,0.0,0.2177,29.54,0.0
7530,40.12,38.26,0.0,0.0,0.0,0.2177,1.86,0.0
7531,38.6,34.47,0.0,0.0,0.0,0.2177,4.14,0.0
7532,36.88,31.64,0.0,0.0,0.0,0.2177,5.24,0.0
7533,35.0,28.48,0.0,0.0,0.0,0.2177,6.53,0.0
7534,33.05,29.17,0.0,0.0,0.0,0.2177,3.88,0.0
7535,33.05,24.77,0.0,0.0,0.0,0.2177,8.28,0.0
7536,33.08,31.58,0.0,0.0,0.0,0.2177,1.5,0.0
7537,33.08,14.62,0.0,0.0,0.0,0.2177,18.46,0.0
7538,33.08,27.26,0.0,0.0,0.0,0.2177,5.82,0.0
7539,33.08,29.88,0.0,0.0,3.2,0.2177,0.0,0.0
7540,33.08,36.91,0.0,3.83,0.0,0.1,0.0,0.0
7541,33.08,28.13,0.0,0.0,0.0,0.2272,4.94,0.0
7542,33.08,33.08,0.0,0.0,0.0,0.2272,0.0,0.0
7543,35.03,35.03,0.0,0.0,0.0,0.2272,0.0,0.0
7544,36.9,17.94,18.97,0.0,0.0,0.2272,0.0,0.0
7545,38.63,23.65,14.98,0.0,0.0,0.2272,0.0,0.0
7546,40.15,17.57,22.58,0.0,0.0,0.2272,0.0,0.0
7547,41.39,6.81,34.58,0.0,0.0,0.2272,0.0,0.0
7548,42.32,23.42,18.9,0.0,0.0,0.2272,0.0,0.0
7549,42.88,33.01,9.88,0.0,0.0,0.2272,0.0,0.0
7550,43.08,20.82,22.26,0.0,0.0,0.2272,0.0,0.0
7551,42.88,37.89,4.99,0.0,0.0,0.2272,0.0,0.0
7552,42.32,6.04,17.67,0.0,0.0,0.2272,18.61,0.0
7553,41.39,12.07,8.73,0.0,0.0,0.2272,20.6,0.0
7554,40.15,34.4,0.0,0.0,0.0,0.2272,5.75,0.0
7555,38.63,31.13,0.0,0.0,3.46,0.2272,4.05,0.0
7556,36.9,43.84,0.0,6.93,0.0,0.1,0.0,0.0
7557,35.03,32.79,0.0,0.0,0.0,0.3303,2.24,0.0
7558,33.08,25.96,0.0,0.0,0.0,0.3303,7.12,0.0
7559,33.08,33.08,0.0,0.0,0.0,0.3303,0.0,0.0
7560,33.1,20.86,0.0,0.0,0.0,0.3303,12.24,0.0
7561,33.1,24.51,0.0,0.0,3.97,0.3303,4.63,0.0
7562,33.1,44.21,0.0,11.1,0.0,0.1843,0.0,0.0
7563,33.1,41.66,0.0,8.56,0.0,0.5532,0.0,0.0
7564,33.1,34.61,0.0,1.5,0.0,0.8375,0.0,0.0
7565,33.1,11.71,0.0,0.0,21.39,0.8873,0.0,0.0
7566,33.1,22.58,0.0,0.0,0.0,0.1,10.52,0.0
7567,35.06,11.5,7.33,0.0,0.0,0.1,16.23,0.0
7568,36.93,32.77,4.16,0.0,0.0,0.1,0.0,0.0
7569,38.66,13.17,25.49,0.0,0.0,0.1,0.0,0.0
7570,40.18,6.89,30.99,0.0,0.0,0.1,2.29,0.0
7571,41.42,4.13,37.29,0.0,0.0,0.1,0.0,0.0
7572,42.34,5.81,36.53,0.0,0.0,0.1,0.0,0.0
7573,42.91,31.21,11.71,0.0,0.0,0.1,0.0,0.0
7574,43.1,10.35,32.36,0.0,0.0,0.1,0.39,0.0
7575,42.91,5.37,25.83,0.0,0.0,0.1,11.71,0.0
7576,42.34,0.0,17.27,0.0,0.0,0.1,25.07,0.0
7577,41.42,23.26,9.81,0.0,0.0,0.1,8.35,0.0
7578,40.18,20.58,0.0,0.0,0.0,0.1,19.6,0.0
7579,38.66,14.59,0.0,0.0,0.0,0.1,24.07,0.0
7580,36.93,42.74,0.0,5.81,0.0,0.1,0.0,0.0
7581,35.06,35.06,0.0,0.0,0.0,0.2929,0.0,0.0
7582,33.1,27.86,0.0,0.0,5.24,0.2929,0.0,0.0
7583,33.1,47.72,0.0,14.61,0.0,0.1,0.0,0.0
7584,33.13,42.6,0.0,9.47,0.0,0.5854,0.0,0.0
7585,33.13,27.64,0.0,0.0,5.49,0.9,0.0,0.0
7586,33.13,24.53,0.0,0.0,6.91,0.698,1.69,0.0
7587,33.13,41.25,0.0,8.12,0.0,0.4438,0.0,0.0
7588,33.13,35.06,0.0,1.93,0.0,0.7135,0.0,0.0
7589,33.13,30.46,0.0,0.0,0.0,0.7775,2.68,0.0
7590,33.13,17.9,0.0,0.0,15.23,0.7775,0.0,0.0
7591,35.08,29.67,8.67,3.26,0.0,0.217,0.0,0.0
7592,36.96,13.88,17.65,0.0,0.0,0.3251,5.43,0.0
7593,38.69,11.72,26.97,0.0,0.0,0.3251,0.0,0.0
7594,40.2,7.67,32.53,0.0,0.0,0.3251,0.0,0.0
7595,41.45,6.33,35.11,0.0,0.0,0.3251,0.0,0.0
7596,42.37,0.9,37.12,0.0,4.35,0.3251,0.0,0.0
7597,42.94,6.36,34.81,0.0,1.77,0.165,0.0,0.0
7598,43.13,27.5,15.63,0.0,0.0,0.1,0.0,0.0
7599,42.94,21.78,21.16,0.0,0.0,0.1,0.0,0.0
7600,42.37,20.04,16.84,0.0,0.0,0.1,5.49,0.0
7601,41.45,18.68,7.42,0.0,0.0,0.1,15.35,0.0
7602,40.2,31.01,0.0,0.0,0.0,0.1,9.19,0.0
7603,38.69,20.42,0.0,0.0,0.0,0.1,18.26,0.0
7604,36.96,34.17,0.0,0.0,0.0,0.1,2.79,0.0
7605,35.08,26.0,0.0,0.0,0.0,0.1,9.08,0.0
7606,33.13,25.92,0.0,0.0,0.0,0.1,7.21,0.0
7607,33.13,29.47,0.0,0.0,0.0,0.1,3.66,0.0
7608,33.16,32.51,0.0,0.0,0.0,0.1,0.65,0.0
7609,33.16,33.16,0.0,0.0,0.0,0.1,0.0,0.0
7610,33.16,37.21,0.0,4.04,0.0,0.1,0.0,0.0
7611,33.16,0.0,0.0,0.0,3.16,0.2344,30.0,0.0
7612,33.16,23.33,0.0,0.0,0.49,0.118,9.34,0.0
7613,33.16,25.05,0.0,0.0,0.0,0.1,8.11,0.0
7614,33.16,41.18,0.0,8.02,0.0,0.1,0.0,0.0
7615,35.11,13.18,8.49,0.0,7.24,0.3663,6.2,0.0
7616,36.99,18.42,18.57,0.0,0.0,0.1,0.0,0.0
7617,38.72,12.43,26.29,0.0,0.0,0.1,0.0,0.0
7618,40.23,4.91,32.72,0.0,0.0,0.1,2.6,0.0
7619,41.48,20.73,20.75,0.0,0.0,0.1,0.0,0.0
7620,42.4,5.04,37.36,0.0,0.0,0.1,0.0,0.0
7621,42.97,11.88,31.09,0.0,0.0,0.1,0.0,0.0
7622,43.16,9.93,30.62,0.0,0.0,0.1,2.62,0.0
7623,42.97,12.19,26.3,0.0,0.0,0.1,4.48,0.0
7624,42.4,23.78,18.62,0.0,0.0,0.1,0.0,0.0
7625,41.48,31.99,9.49,0.0,0.0,0.1,0.0,0.0
7626,40.23,37.21,0.0,0.0,0.0,0.1,3.02,0.0
7627,38.72,33.75,0.0,0.0,0.0,0.1,4.96,0.0
7628,36.99,15.47,0.0,0.0,0.0,0.1,21.52,0.0
7629,35.11,35.11,0.0,0.0,0.0,0.1,0.0,0.0
7630,33.16,45.45,0.0,12.29,0.0,0.1,0.0,0.0
7631,33.16,22.07,0.0,0.0,11.09,0.5082,0.0,0.0
7632,33.19,45.83,0.0,12.64,0.0,0.1,0.0,0.0
7633,33.19,25.42,0.0,0.0,7.77,0.52,0.0,0.0
7634,33.19,53.25,0.0,20.05,0.0,0.2338,0.0,0.0
7635,33.19,29.33,0.0,0.0,3.86,0.9,0.0,0.0
7636,33.19,20.6,0.0,0.0,0.0,0.758,12.59,0.0
7637,33.19,25.47,0.0,0.0,2.85,0.758,4.87,0.0
7638,33.19,40.62,0.0,7.43,0.0,0.6533,0.0,0.0
7639,35.14,5.94,7.5,0.0,0.0,0.9,21.71,0.0
7640,37.02,1.2,16.24,0.0,19.58,0.9,0.0,0.0
7641,38.75,20.4,18.34,0.0,0.0,0.1794,0.0,0.0
7642,40.26,7.73,32.53,0.0,0.0,0.1794,0.0,0.0
7643,41.51,5.13,36.38,0.0,0.0,0.1794,0.0,0.0
7644,42.43,25.95,16.48,0.0,0.0,0.1794,0.0,0.0
7645,43.0,11.54,31.46,0.0,0.0,0.1794,0.0,0.0
7646,43.19,0.0,31.18,0.0,0.0,0.1794,12.01,0.0
7647,43.0,39.65,3.35,0.0,0.0,0.1794,0.0,0.0
7648,42.43,11.74,18.2,0.0,0.0,0.1794,12.49,0.0
7649,41.51,13.51,8.88,0.0,0.0,0.1794,19.11,0.0
7650,40.26,37.35,0.0,0.0,0.0,0.1794,2.91,0.0
7651,38.75,25.25,0.0,0.0,0.0,0.1794,13.5,0.0
7652,37.02,30.78,0.0,0.0,2.16,0.1794,4.08,0.0
7653,35.14,35.14,0.0,0.0,0.0,0.1,0.0,0.0
7654,33.19,45.68,0.0,12.49,0.0,0.1,0.0,0.0
7655,33.19,27.23,0.0,0.0,5.96,0.5149,0.0,0.0
7656,33.22,51.42,0.0,18.2,0.0,0.2956,0.0,0.0
7657,33.22,15.09,0.0,0.0,18.13,0.9,0.0,0.0
7658,33.22,42.61,0.0,9.39,0.0,0.2327,0.0,0.0
7659,33.22,25.3,0.0,0.0,7.92,0.5447,0.0,0.0
7660,33.22,45.04,0.0,11.82,0.0,0.2533,0.0,0.0
7661,33.22,30.55,0.0,0.0,2.67,0.6459,0.0,0.0
7662,33.22,19.98,0.0,0.0,0.0,0.5477,13.24,0.0
7663,35.17,30.58,7.21,2.62,0.0,0.5477,0.0,0.0
7664,37.05,30.48,6.57,0.0,0.0,0.6348,0.0,0.0
7665,38.78,25.97,12.81,0.0,0.0,0.6348,0.0,0.0
7666,40.29,7.66,32.63,0.0,0.0,0.6348,0.0,0.0
7667,41.54,6.86,34.68,0.0,0.0,0.6348,0.0,0.0
7668,42.46,6.92,35.54,0.0,0.0,0.6348,0.0,0.0
7669,43.03,16.69,26.34,0.0,0.0,0.6348,0.0,0.0
7670,43.22,25.46,17.76,0.0,0.0,0.6348,0.0,0.0
7671,43.03,0.0,25.76,0.0,0.0,0.6348,17.27,0.0
7672,42.46,24.98,16.29,0.0,0.0,0.6348,1.2,0.0
7673,41.54,21.2,8.93,0.0,0.0,0.6348,11.4,0.0
7674,40.29,18.35,0.0,0.0,0.0,0.6348,21.94,0.0
7675,38.78,21.85,0.0,0.0,0.0,0.6348,16.93,0.0
7676,37.05,29.42,0.0,0.0,0.0,0.6348,7.63,0.0
7677,35.17,0.0,0.0,0.0,5.17,0.6348,30.0,0.0
7678,33.22,28.23,0.0,0.0,3.63,0.4444,1.36,0.0
7679,33.22,27.49,0.0,0.0,5.73,0.3108,0.0,0.0
7680,33.25,41.82,0.0,8.57,0.0,0.1,0.0,0.0
7681,33.25,28.31,0.0,0.0,4.95,0.3845,0.0,0.0
7682,33.25,30.47,0.0,0.0,2.79,0.2025,0.0,0.0
7683,33.25,44.24,0.0,10.99,0.0,0.1,0.0,0.0
7684,33.25,41.44,0.0,8.19,0.0,0.465,0.0,0.0
7685,33.25,38.16,0.0,4.91,0.0,0.737,0.0,0.0
7686,33.25,21.81,0.0,0.0,11.45,0.9,0.0,0.0
7687,35.2,28.04,7.16,0.0,0.0,0.4787,0.0,0.0
7688,37.08,19.5,16.08,0.0,1.5,0.4787,0.0,0.0
7689,38.81,14.17,24.63,0.0,0.0,0.4235,0.0,0.0
7690,40.32,10.28,30.04,0.0,0.0,0.4235,0.0,0.0
7691,41.57,6.65,34.91,0.0,0.0,0.4235,0.0,0.0
7692,42.49,31.58,10.91,0.0,0.0,0.4235,0.0,0.0
7693,43.06,15.64,27.42,0.0,0.0,0.4235,0.0,0.0
7694,43.25,24.29,18.96,0.0,0.0,0.4235,0.0,0.0
7695,43.06,17.5,25.56,0.0,0.0,0.4235,0.0,0.0
7696,42.49,25.22,17.27,0.0,0.0,0.4235,0.0,0.0
7697,41.57,10.31,8.23,0.0,0.0,0.4235,23.03,0.0
7698,40.32,31.11,0.0,0.0,7.63,0.4235,1.58,0.0
7699,38.81,37.65,0.0,0.0,1.16,0.1426,0.0,0.0
7700,37.08,40.43,0.0,3.35,0.0,0.1,0.0,0.0
7701,35.2,22.73,0.0,0.0,0.0,0.2113,12.47,0.0
7702,33.25,28.78,0.0,0.0,0.0,0.2113,4.47,0.0
7703,33.25,46.03,0.0,12.78,0.0,0.2113,0.0,0.0
7704,33.28,29.19,0.0,0.0,4.09,0.6358,0.0,0.0
7705,33.28,28.62,0.0,0.0,4.66,0.4851,0.0,0.0
7706,33.28,50.89,0.0,17.6,0.0,0.3135,0.0,0.0
7707,33.28,33.34,0.0,0.05,0.0,0.8982,0.0,0.0
7708,33.28,24.61,0.0,0.0,8.67,0.9,0.0,0.0
7709,33.28,20.75,0.0,0.0,12.53,0.5809,0.0,0.0
7710,33.28,30.12,0.0,0.0,0.0,0.1197,3.16,0.0
7711,35.23,11.17,8.58,0.0,0.0,0.1197,15.48,0.0
7712,37.11,19.49,16.12,0.0,0.0,0.1197,1.5,0.0
7713,38.84,14.9,23.94,0.0,0.0,0.1197,0.0,0.0
7714,40.35,31.11,9.24,0.0,0.0,0.1197,0.0,0.0
7715,41.6,23.91,17.69,0.0,0.0,0.1197,0.0,0.0
7716,42.52,4.87,37.65,0.0,0.0,0.1197,0.0,0.0
7717,43.09,28.94,14.15,0.0,0.0,0.1197,0.0,0.0
7718,43.28,15.37,27.91,0.0,0.0,0.1197,0.0,0.0
7719,43.09,7.72,26.47,0.0,0.0,0.1197,8.9,0.0
7720,42.52,20.23,16.48,0.0,0.0,0.1197,5.81,0.0
7721,41.6,38.46,9.25,6.11,0.0,0.1197,0.0,0.0
7722,40.35,28.47,0.0,0.0,0.0,0.3227,11.88,0.0
7723,38.84,29.52,0.0,0.0,2.94,0.3227,6.38,0.0
7724,37.11,47.89,0.0,10.78,0.0,0.2145,0.0,0.0
7725,35.23,19.71,0.0,0.0,0.0,0.5725,15.52,0.0
7726,33.28,22.71,0.0,0.0,0.0,0.5725,10.57,0.0
7727,33.28,20.45,0.0,0.0,12.84,0.5725,0.0,0.0
7728,33.31,40.47,0.0,7.16,0.0,0.1,0.0,0.0
7729,33.31,38.11,0.0,4.79,0.0,0.3378,0.0,0.0
7730,33.31,45.44,0.0,12.13,0.0,0.4971,0.0,0.0
7731,33.31,33.31,0.0,0.0,0.0,0.9,0.0,0.0
7732,33.31,27.9,0.0,0.0,0.0,0.9,5.41,0.0
7733,33.31,29.53,0.0,0.0,3.79,0.9,0.0,0.0
7734,33.31,28.12,0.0,0.0,0.0,0.7606,5.2,0.0
7735,35.26,7.95,7.69,0.0,17.95,0.7606,1.68,0.0
7736,37.14,21.02,16.12,0.0,0.0,0.1,0.0,0.0
7737,38.87,25.12,13.75,0.0,0.0,0.1,0.0,0.0
7738,40.38,20.5,19.88,0.0,0.0,0.1,0.0,0.0
7739,41.63,23.51,18.12,0.0,0.0,0.1,0.0,0.0
7740,42.55,24.1,18.45,0.0,0.0,0.1,0.0,0.0
7741,43.12,16.07,27.06,0.0,0.0,0.1,0.0,0.0
7742,43.31,12.22,31.1,0.0,0.0,0.1,0.0,0.0
7743,43.12,25.9,17.22,0.0,0.0,0.1,0.0,0.0
7744,42.55,25.83,16.72,0.0,0.0,0.1,0.0,0.0
7745,41.63,16.44,9.69,0.0,0.0,0.1,15.5,0.0
7746,40.38,40.93,0.0,0.55,0.0,0.1,0.0,0.0
7747,38.87,32.4,0.0,0.0,0.49,0.1181,5.98,0.0
7748,37.14,39.07,0.0,1.93,0.0,0.1,0.0,0.0
7749,35.26,47.63,0.0,12.36,0.0,0.164,0.0,0.0
7750,33.31,26.07,0.0,0.0,7.24,0.5746,0.0,0.0
7751,33.31,39.59,0.0,6.28,0.0,0.308,0.0,0.0
7752,33.35,44.89,0.0,11.55,0.0,0.5164,0.0,0.0
7753,33.35,29.45,0.0,0.0,0.0,0.9,3.9,0.0
7754,33.35,26.88,0.0,0.0,6.47,0.9,0.0,0.0
7755,33.35,33.35,0.0,0.0,0.0,0.6619,0.0,0.0
7756,33.35,22.58,0.0,0.0,10.76,0.6619,0.0,0.0
7757,33.35,52.44,0.0,19.09,0.0,0.2658,0.0,0.0
7758,33.35,13.22,0.0,0.0,20.13,0.9,0.0,0.0
7759,35.3,11.74,9.45,0.0,0.0,0.1592,14.1,0.0
7760,37.17,35.09,2.08,0.0,0.0,0.1592,0.0,0.0
7761,38.9,13.35,25.55,0.0,0.0,0.1592,0.0,0.0
7762,40.42,8.45,30.28,0.0,0.0,0.1592,1.69,0.0
7763,41.66,23.54,18.12,0.0,0.0,0.1592,0.0,0.0
7764,42.58,31.68,10.91,0.0,0.0,0.1592,0.0,0.0
7765,43.15,17.27,25.89,0.0,0.0,0.1592,0.0,0.0
7766,43.35,13.48,29.86,0.0,0.0,0.1592,0.0,0.0
7767,43.15,3.14,25.6,0.0,0.0,0.1592,14.41,0.0
7768,42.58,28.98,17.64,4.04,0.0,0.1592,0.0,0.0
7769,41.66,36.01,9.62,3.97,0.0,0.2933,0.0,0.0
7770,40.42,35.85,0.0,0.0,0.0,0.425,4.57,0.0
7771,38.9,27.61,0.0,0.0,0.79,0.425,10.5,0.0
7772,37.17,29.14,0.0,0.0,8.04,0.3958,0.0,0.0
7773,35.3,35.3,0.0,0.0,0.0,0.1,0.0,0.0
7774,33.35,34.37,0.0,1.03,0.0,0.1,0.0,0.0
7775,33.35,42.51,0.0,9.17,0.0,0.1341,0.0,0.0
7776,33.38,47.27,0.0,13.89,0.0,0.4386,0.0,0.0
7777,33.38,26.66,0.0,0.0,6.72,0.9,0.0,0.0
7778,33.38,33.47,0.0,0.09,0.0,0.6528,0.0,0.0
7779,33.38,24.89,0.0,0.0,8.49,0.6558,0.0,0.0
7780,33.38,28.31,0.0,0.0,0.0,0.3434,5.07,0.0
7781,33.38,39.73,0.0,6.35,0.0,0.3434,0.0,0.0
7782,33.38,28.25,0.0,0.0,5.13,0.5543,0.0,0.0
7783,35.33,25.66,9.67,0.0,0.0,0.3654,0.0,0.0
7784,37.21,20.93,16.28,0.0,0.0,0.3654,0.0,0.0
7785,38.93,14.34,24.6,0.0,0.0,0.3654,0.0,0.0
7786,40.45,19.7,20.75,0.0,0.0,0.3654,0.0,0.0
7787,41.69,11.39,30.3,0.0,0.0,0.3654,0.0,0.0
7788,42.62,16.77,25.85,0.0,0.0,0.3654,0.0,0.0
7789,43.19,28.78,14.41,0.0,0.0,0.3654,0.0,0.0
7790,43.38,19.78,23.6,0.0,0.0,0.3654,0.0,0.0
7791,43.19,12.41,24.84,0.0,0.0,0.3654,5.94,0.0
7792,42.62,13.15,17.62,0.0,0.0,0.3654,11.84,0.0
7793,41.69,20.2,9.44,0.0,0.0,0.3654,12.05,0.0
7794,40.45,27.91,0.0,0.0,0.0,0.3654,12.54,0.0
7795,38.93,38.93,0.0,0.0,0.0,0.3654,0.0,0.0
7796,37.21,18.91,0.0,0.0,7.21,0.3654,11.08,0.0
7797,35.33,31.0,0.0,0.0,0.0,0.1,4.33,0.0
7798,33.38,33.38,0.0,0.0,0.0,0.1,0.0,0.0
7799,33.38,18.64,0.0,0.0,0.0,0.1,14.74,0.0
7800,33.41,28.93,0.0,0.0,0.0,0.1,4.48,0.0
7801,33.41,30.11,0.0,0.0,0.0,0.1,3.3,0.0
7802,33.41,27.98,0.0,0.0,0.0,0.1,5.43,0.0
7803,33.41,33.41,0.0,0.0,0.0,0.1,0.0,0.0
7804,33.41,30.63,0.0,0.0,0.0,0.1,2.78,0.0
7805,33.41,24.37,0.0,0.0,0.0,0.1,9.04,0.0
7806,33.41,31.51,0.0,0.0,0.0,0.1,1.91,0.0
7807,35.36,35.36,0.0,0.0,0.0,0.1,0.0,0.0
7808,37.24,18.77,18.47,0.0,0.0,0.1,0.0,0.0
7809,38.97,1.4,23.7,0.0,0.0,0.1,13.86,0.0
7810,40.48,8.61,31.88,0.0,0.0,0.1,0.0,0.0
7811,41.73,6.93,34.79,0.0,0.0,0.1,0.0,0.0
7812,42.65,18.97,23.68,0.0,0.0,0.1,0.0,0.0
7813,43.22,13.86,29.36,0.0,0.0,0.1,0.0,0.0
7814,43.41,19.92,23.49,0.0,0.0,0.1,0.0,0.0
7815,43.22,18.46,24.76,0.0,0.0,0.1,0.0,0.0
7816,42.65,16.67,18.45,0.0,0.0,0.1,7.53,0.0
7817,41.73,15.92,6.74,0.0,0.0,0.1,19.07,0.0
7818,40.48,22.88,0.0,0.0,0.0,0.1,17.61,0.0
7819,38.97,32.15,0.0,0.0,0.0,0.1,6.82,0.0
7820,37.24,37.24,0.0,0.0,0.0,0.1,0.0,0.0
7821,35.36,42.66,0.0,7.29,0.0,0.1,0.0,0.0
7822,33.41,26.83,0.0,0.0,6.58,0.3423,0.0,0.0
7823,33.41,39.6,0.0,6.19,0.0,0.1,0.0,0.0
7824,33.44,36.4,0.0,2.96,0.0,0.3055,0.0,0.0
7825,33.44,48.38,0.0,14.94,0.0,0.4037,0.0,0.0
7826,33.44,33.44,0.0,0.0,0.0,0.9,0.0,0.0
7827,33.44,32.19,0.0,0.0,0.68,0.9,0.57,0.0
7828,33.44,34.2,0.0,0.76,0.0,0.8748,0.0,0.0
7829,33.44,18.63,0.0,0.0,14.82,0.9,0.0,0.0
7830,33.44,25.49,0.0,0.0,6.92,0.3547,1.03,0.0
7831,35.4,27.89,7.51,0.0,0.0,0.1,0.0,0.0
7832,37.27,19.57,17.7,0.0,0.0,0.1,0.0,0.0
7833,39.0,12.51,26.49,0.0,0.0,0.1,0.0,0.0
7834,40.52,8.12,32.39,0.0,0.0,0.1,0.0,0.0
7835,41.76,6.08,35.68,0.0,0.0,0.1,0.0,0.0
7836,42.68,24.48,18.2,0.0,0.0,0.1,0.0,0.0
7837,43.25,17.12,26.13,0.0,0.0,0.1,0.0,0.0
7838,43.44,16.16,27.29,0.0,0.0,0.1,0.0,0.0
7839,43.25,16.88,23.59,0.0,0.0,0.1,2.78,0.0
7840,42.68,21.86,16.03,0.0,0.0,0.1,4.8,0.0
7841,41.76,20.44,9.32,0.0,0.0,0.1,12.0,0.0
7842,40.52,33.88,0.0,0.0,0.0,0.1,6.64,0.0
7843,39.0,26.06,0.0,0.0,0.0,0.1,12.94,0.0
7844,37.27,48.01,0.0,10.73,0.0,0.1,0.0,0.0
7845,35.4,48.75,0.0,13.35,0.0,0.4565,0.0,0.0
7846,33.44,13.35,0.0,0.0,20.09,0.9,0.0,0.0
7847,33.44,33.44,0.0,0.0,0.0,0.1604,0.0,0.0
7848,33.48,30.94,0.0,0.0,0.0,0.1604,2.54,0.0
7849,33.48,33.48,0.0,0.0,0.0,0.1604,0.0,0.0
7850,33.48,55.74,0.0,22.27,0.0,0.1604,0.0,0.0
7851,33.48,31.44,0.0,0.0,1.72,0.9,0.32,0.0
7852,33.48,33.48,0.0,0.0,0.0,0.8368,0.0,0.0
7853,33.48,35.38,0.0,1.9,0.0,0.8368,0.0,0.0
7854,33.48,17.65,0.0,0.0,13.45,0.9,2.38,0.0
7855,35.43,16.54,8.36,0.0,0.0,0.4051,10.53,0.0
7856,37.31,10.71,17.56,0.0,0.0,0.4051,9.04,0.0
7857,39.03,11.82,24.56,0.0,2.66,0.4051,0.0,0.0
7858,40.55,0.0,31.99,0.0,0.0,0.3072,8.56,0.0
7859,41.79,23.36,18.44,0.0,0.0,0.3072,0.0,0.0
7860,42.72,37.88,4.84,0.0,0.0,0.3072,0.0,0.0
7861,43.29,19.45,23.84,0.0,0.0,0.3072,0.0,0.0
7862,43.48,5.03,29.74,0.0,0.0,0.3072,8.71,0.0
7863,43.29,14.21,23.44,0.0,5.63,0.3072,0.0,0.0
7864,42.72,18.06,15.78,0.0,0.0,0.1,8.87,0.0
7865,41.79,14.94,8.08,0.0,0.0,0.1,18.77,0.0
7866,40.55,35.97,0.0,0.0,0.0,0.1,4.58,0.0
7867,39.03,38.03,0.0,0.0,0.0,0.1,1.01,0.0
7868,37.31,21.05,0.0,0.0,0.0,0.1,16.26,0.0
7869,35.43,35.43,0.0,0.0,0.0,0.1,0.0,0.0
7870,33.48,33.48,0.0,0.0,0.0,0.1,0.0,0.0
7871,33.48,33.48,0.0,0.0,0.0,0.1,0.0,0.0
7872,33.51,33.51,0.0,0.0,0.0,0.1,0.0,0.0
7873,33.51,28.23,0.0,0.0,0.0,0.1,5.28,0.0
7874,33.51,33.51,0.0,0.0,0.0,0.1,0.0,0.0
7875,33.51,31.08,0.0,0.0,0.0,0.1,2.43,0.0
7876,33.51,26.7,0.0,0.0,0.0,0.1,6.82,0.0
7877,33.51,33.37,0.0,0.0,0.0,0.1,0.14,0.0
7878,33.51,21.87,0.0,0.0,0.0,0.1,11.64,0.0
7879,35.46,28.99,6.48,0.0,0.0,0.1,0.0,0.0
7880,37.34,9.69,17.52,0.0,0.0,0.1,10.13,0.0
7881,39.07,18.29,20.78,0.0,0.0,0.1,0.0,0.0
7882,40.58,31.74,8.85,0.0,0.0,0.1,0.0,0.0
7883,41.83,17.53,24.29,0.0,0.0,0.1,0.0,0.0
7884,42.75,19.15,23.6,0.0,0.0,0.1,0.0,0.0
7885,43.32,22.77,20.55,0.0,0.0,0.1,0.0,0.0
7886,43.51,30.6,12.91,0.0,0.0,0.1,0.0,0.0
7887,43.32,4.35,23.67,0.0,0.0,0.1,15.3,0.0
7888,42.75,28.44,17.34,3.03,0.0,0.1,0.0,0.0
7889,41.83,22.42,7.05,0.0,0.0,0.2005,12.36,0.0
7890,40.58,29.25,0.0,0.0,0.0,0.2005,11.34,0.0
7891,39.07,39.07,0.0,0.0,0.0,0.2005,0.0,0.0
7892,37.34,20.77,0.0,11.01,0.0,0.2005,27.58,0.0
7893,35.46,24.6,0.0,0.0,10.87,0.5664,0.0,0.0
7894,33.51,17.08,0.0,0.0,0.0,0.1664,16.44,0.0
7895,33.51,31.71,0.0,0.0,1.8,0.1664,0.0,0.0
7896,33.55,50.65,0.0,17.1,0.0,0.1,0.0,0.0
7897,33.55,33.55,0.0,0.0,0.0,0.668,0.0,0.0
7898,33.55,23.04,0.0,0.0,0.0,0.668,10.51,0.0
7899,33.55,29.89,0.0,0.0,0.0,0.668,3.66,0.0
7900,33.55,17.98,0.0,0.0,0.0,0.668,15.57,0.0
7901,33.55,19.18,0.0,0.0,14.37,0.668,0.0,0.0
7902,33.55,31.53,0.0,12.51,0.0,0.1391,14.52,0.0
7903,35.5,13.6,9.55,0.0,12.35,0.5545,0.0,0.0
7904,37.37,20.7,16.68,0.0,0.0,0.1,0.0,0.0
7905,39.1,20.04,19.06,0.0,0.0,0.1,0.0,0.0
7906,40.62,20.02,20.6,0.0,0.0,0.1,0.0,0.0
7907,41.86,6.81,35.05,0.0,0.0,0.1,0.0,0.0
7908,42.79,25.47,17.32,0.0,0.0,0.1,0.0,0.0
7909,43.36,25.91,17.45,0.0,0.0,0.1,0.0,0.0
7910,43.55,22.48,21.07,0.0,0.0,0.1,0.0,0.0
7911,43.36,17.58,25.78,0.0,0.0,0.1,0.0,0.0
7912,42.79,20.69,15.65,0.0,0.0,0.1,6.45,0.0
7913,41.86,30.5,8.54,0.0,0.0,0.1,2.83,0.0
7914,40.62,24.38,0.0,0.0,0.0,0.1,16.24,0.0
7915,39.1,30.28,0.0,0.0,0.0,0.1,8.83,0.0
7916,37.37,29.92,0.0,0.0,0.0,0.1,7.45,0.0
7917,35.5,30.17,0.0,0.0,0.0,0.1,5.33,0.0
7918,33.55,29.45,0.0,0.0,0.0,0.1,4.1,0.0
7919,33.55,41.82,0.0,8.27,0.0,0.1,0.0,0.0
7920,33.58,34.14,0.0,0.55,0.0,0.3748,0.0,0.0
7921,33.58,48.84,0.0,15.26,0.0,0.3931,0.0,0.0
7922,33.58,21.06,0.0,0.0,12.52,0.9,0.0,0.0
7923,33.58,47.46,0.0,13.87,0.0,0.4392,0.0,0.0
7924,33.58,29.59,0.0,0.0,3.99,0.9,0.0,0.0
7925,33.58,36.26,0.0,2.68,0.0,0.7531,0.0,0.0
7926,33.58,18.88,0.0,0.0,14.7,0.8422,0.0,0.0
7927,35.53,26.65,8.88,0.0,0.0,0.3011,0.0,0.0
7928,37.41,25.97,17.12,5.68,0.0,0.3011,0.0,0.0
7929,39.14,6.22,23.88,0.0,9.03,0.4898,0.0,0.0
7930,40.65,25.26,15.39,0.0,0.0,0.1574,0.0,0.0
7931,41.9,31.54,10.35,0.0,0.0,0.1574,0.0,0.0
7932,42.82,16.24,26.58,0.0,0.0,0.1574,0.0,0.0
7933,43.39,31.68,11.71,0.0,0.0,0.1574,0.0,0.0
7934,43.58,17.41,26.17,0.0,0.0,0.1574,0.0,0.0
7935,43.39,18.82,24.57,0.0,0.0,0.1574,0.0,0.0
7936,42.82,1.04,16.33,0.0,1.56,0.1574,23.89,0.0
7937,41.9,49.07,7.95,15.12,0.0,0.1,0.0,0.0
7938,40.65,40.65,0.0,0.0,0.0,0.6022,0.0,0.0
7939,39.14,27.55,0.0,0.0,0.0,0.6022,11.59,0.0
7940,37.41,13.31,0.0,0.0,2.17,0.6022,21.93,0.0
7941,35.53,35.53,0.0,0.0,0.0,0.5222,0.0,0.0
7942,33.58,22.11,0.0,0.0,11.47,0.5222,0.0,0.0
7943,33.58,41.69,0.0,8.11,0.0,0.1,0.0,0.0
7944,33.62,41.79,0.0,8.18,0.0,0.3693,0.0,0.0
7945,33.62,18.92,0.0,0.0,14.7,0.6409,0.0,0.0
7946,33.62,39.72,0.0,6.1,0.0,0.1,0.0,0.0
7947,33.62,42.79,0.0,9.17,0.0,0.3028,0.0,0.0
7948,33.62,42.43,0.0,8.81,0.0,0.6074,0.0,0.0
7949,33.62,30.53,0.0,0.0,0.0,0.9,3.09,0.0
7950,33.62,13.96,0.0,0.0,19.66,0.9,0.0,0.0
7951,35.57,34.98,8.03,7.44,0.0,0.1765,0.0,0.0
7952,37.45,20.31,16.3,0.0,0.83,0.4235,0.0,0.0
7953,39.17,7.25,23.36,0.0,7.96,0.3928,0.6,0.0
7954,40.69,32.68,8.01,0.0,0.0,0.1,0.0,0.0
7955,41.93,6.17,35.76,0.0,0.0,0.1,0.0,0.0
7956,42.86,17.65,25.21,0.0,0.0,0.1,0.0,0.0
7957,43.43,9.12,34.3,0.0,0.0,0.1,0.0,0.0
7958,43.62,20.27,23.35,0.0,0.0,0.1,0.0,0.0
7959,43.43,17.19,25.0,0.0,0.0,0.1,1.24,0.0
7960,42.86,16.77,18.11,0.0,0.0,0.1,7.98,0.0
7961,41.93,41.47,9.41,8.94,0.0,0.1,0.0,0.0
7962,40.69,20.22,0.0,0.0,0.0,0.397,20.47,0.0
7963,39.17,37.68,0.0,0.0,0.0,0.397,1.49,0.0
7964,37.45,27.31,0.0,0.0,8.07,0.397,2.06,0.0
7965,35.57,30.33,0.0,0.0,0.0,0.1,5.24,0.0
7966,33.62,46.57,0.0,12.95,0.0,0.1,0.0,0.0
7967,33.62,21.93,0.0,0.0,11.69,0.5301,0.0,0.0
7968,33.65,33.65,0.0,0.0,0.0,0.1,0.0,0.0
7969,33.65,33.65,0.0,0.0,0.0,0.1,0.0,0.0
7970,33.65,50.1,0.0,16.44,0.0,0.1,0.0,0.0
7971,33.65,41.3,0.0,7.64,0.0,0.6461,0.0,0.0
7972,33.65,26.47,0.0,0.0,7.19,0.9,0.0,0.0
7973,33.65,25.51,0.0,0.0,0.0,0.6354,8.14,0.0
7974,33.65,28.78,0.0,0.0,4.88,0.6354,0.0,0.0
7975,35.61,28.6,8.47,1.46,0.0,0.4558,0.0,0.0
7976,37.48,13.34,17.25,0.0,6.9,0.5045,0.0,0.0
7977,39.21,28.15,11.06,0.0,0.0,0.2507,0.0,0.0
7978,40.73,20.31,20.42,0.0,0.0,0.2507,0.0,0.0
7979,41.97,1.59,33.74,0.0,4.09,0.2507,2.54,0.0
7980,42.89,8.64,34.25,0.0,0.0,0.1,0.0,0.0
7981,43.46,9.75,33.72,0.0,0.0,0.1,0.0,0.0
7982,43.65,12.81,30.84,0.0,0.0,0.1,0.0,0.0
7983,43.46,39.63,3.83,0.0,0.0,0.1,0.0,0.0
7984,42.89,25.41,15.68,0.0,0.0,0.1,1.8,0.0
7985,41.97,17.16,9.34,0.0,0.0,0.1,15.46,0.0
7986,40.73,30.16,0.0,0.0,0.0,0.1,10.56,0.0
7987,39.21,27.07,0.0,0.0,0.0,0.1,12.14,0.0
7988,37.48,36.11,0.0,0.0,0.0,0.1,1.37,0.0
7989,35.61,35.61,0.0,0.0,0.0,0.1,0.0,0.0
7990,33.65,33.65,0.0,0.0,0.0,0.1,0.0,0.0
7991,33.65,33.65,0.0,0.0,0.0,0.1,0.0,0.0
7992,33.69,33.69,0.0,0.0,0.0,0.1,0.0,0.0
7993,33.69,33.69,0.0,0.0,0.0,0.1,0.0,0.0
7994,33.69,29.64,0.0,0.0,0.0,0.1,4.05,0.0
7995,33.69,33.69,0.0,0.0,0.0,0.1,0.0,0.0
7996,33.69,33.69,0.0,0.0,0.0,0.1,0.0,0.0
7997,33.69,22.41,0.0,0.0,0.0,0.1,11.29,0.0
7998,33.69,33.69,0.0,0.0,0.0,0.1,0.0,0.0
7999,35.64,27.4,8.24,0.0,0.0,0.1,0.0,0.0
8000,37.52,22.83,14.69,0.0,0.0,0.1,0.0,0.0
8001,39.25,14.43,24.82,0.0,0.0,0.1,0.0,0.0
8002,40.76,10.05,30.71,0.0,0.0,0.1,0.0,0.0
8003,42.01,25.61,16.4,0.0,0.0,0.1,0.0,0.0
8004,42.93,30.82,12.12,0.0,0.0,0.1,0.0,0.0
8005,43.5,24.19,19.31,0.0,0.0,0.1,0.0,0.0
8006,43.69,20.55,23.14,0.0,0.0,0.1,0.0,0.0
8007,43.5,35.87,7.63,0.0,0.0,0.1,0.0,0.0
8008,42.93,20.08,17.48,0.0,0.0,0.1,5.37,0.0
8009,42.01,35.68,6.33,0.0,0.0,0.1,0.0,0.0
8010,40.76,25.24,0.0,0.0,0.0,0.1,15.52,0.0
8011,39.25,34.87,0.0,0.0,0.0,0.1,4.38,0.0
8012,37.52,31.88,0.0,0.0,0.0,0.1,5.63,0.0
8013,35.64,34.49,0.0,0.0,0.0,0.1,1.15,0.0
8014,33.69,32.89,0.0,0.0,0.0,0.1,0.8,0.0
8015,33.69,50.83,0.0,17.14,0.0,0.1,0.0,0.0
8016,33.73,30.8,0.0,0.0,2.93,0.6693,0.0,0.0
8017,33.73,21.19,0.0,0.0,12.54,0.5614,0.0,0.0
8018,33.73,46.78,0.0,13.06,0.0,0.1,0.0,0.0
8019,33.73,44.76,0.0,11.03,0.0,0.5337,0.0,0.0
8020,33.73,9.61,0.0,0.0,10.81,0.9,13.31,0.0
8021,33.73,25.15,0.0,0.0,0.0,0.5023,8.58,0.0
8022,33.73,10.33,0.0,0.0,0.0,0.5023,23.4,0.0
8023,35.68,16.26,8.49,0.0,10.93,0.5023,0.0,0.0
8024,37.56,0.0,18.07,0.0,0.0,0.1,19.49,0.0
8025,39.28,19.86,25.3,5.87,0.0,0.1,0.0,0.0
8026,40.8,8.4,30.4,0.0,2.0,0.2951,0.0,0.0
8027,42.04,19.25,33.84,11.04,0.0,0.2214,0.0,0.0
8028,42.97,2.32,34.3,0.0,6.34,0.5882,0.0,0.0
8029,43.54,19.47,34.8,10.73,0.0,0.3546,0.0,0.0
8030,43.73,14.21,29.52,0.0,0.0,0.7112,0.0,0.0
8031,43.54,35.99,2.42,0.0,5.12,0.7112,0.0,0.0
8032,42.97,37.14,15.6,9.78,0.0,0.5227,0.0,0.0
8033,42.04,33.35,8.69,0.0,0.0,0.8475,0.0,0.0
8034,40.8,24.95,0.0,0.0,15.85,0.8475,0.0,0.0
8035,39.28,50.26,0.0,10.98,0.0,0.2642,0.0,0.0
8036,37.56,17.8,0.0,0.0,0.0,0.6289,19.76,0.0
8037,35.68,21.31,0.0,0.0,14.37,0.6289,0.0,0.0
8038,33.73,33.73,0.0,0.0,0.0,0.1,0.0,0.0
8039,33.73,57.81,0.0,24.08,0.0,0.1,0.0,0.0
8040,33.77,33.77,0.0,0.0,0.0,0.9,0.0,0.0
8041,33.77,33.77,0.0,0.0,0.0,0.9,0.0,0.0
8042,33.77,12.03,0.0,0.0,21.74,0.9,0.0,0.0
8043,33.77,44.25,0.0,10.49,0.0,0.1,0.0,0.0
8044,33.77,42.56,0.0,8.79,0.0,0.4484,0.0,0.0
8045,33.77,38.57,0.0,4.8,0.0,0.7404,0.0,0.0
8046,33.77,22.06,0.0,0.0,11.62,0.9,0.08,0.0
8047,35.72,18.75,7.3,0.0,9.67,0.4722,0.0,0.0
8048,37.59,10.6,15.77,0.0,0.0,0.1162,11.23,0.0
8049,39.32,22.12,24.36,7.16,0.0,0.1162,0.0,0.0
8050,40.84,9.09,31.29,0.0,0.0,0.3539,0.46,0.0
8051,42.08,7.15,32.67,0.0,0.0,0.3539,2.26,0.0
8052,43.0,14.24,35.37,6.6,0.0,0.3539,0.0,0.0
8053,43.57,13.93,33.21,3.57,0.0,0.5732,0.0,0.0
8054,43.77,14.38,29.38,0.0,0.0,0.6917,0.0,0.0
8055,43.57,25.88,23.96,6.27,0.0,0.6917,0.0,0.0
8056,43.0,24.11,17.91,0.0,0.98,0.9,0.0,0.0
8057,42.08,22.87,6.73,0.0,0.0,0.8638,12.48,0.0
8058,40.84,30.05,0.0,0.0,6.47,0.8638,4.31,0.0
8059,39.32,21.04,0.0,0.0,0.0,0.6257,18.28,0.0
8060,37.59,34.21,0.0,0.0,3.38,0.6257,0.0,0.0
8061,35.72,36.7,0.0,0.98,0.0,0.5012,0.0,0.0
8062,33.77,21.98,0.0,0.0,11.79,0.5338,0.0,0.0
8063,33.77,47.56,0.0,13.8,0.0,0.1,0.0,0.0
8064,33.8,29.5,0.0,0.0,0.0,0.5584,4.3,0.0
8065,33.8,38.73,0.0,4.93,0.0,0.5584,0.0,0.0
8066,33.8,39.16,0.0,5.35,0.0,0.7221,0.0,0.0
8067,33.8,33.8,0.0,0.0,0.0,0.9,0.0,0.0
8068,33.8,33.6,0.0,0.0,0.0,0.9,0.21,0.0
8069,33.8,27.31,0.0,0.0,6.49,0.9,0.0,0.0
8070,33.8,33.8,0.0,0.0,0.0,0.6611,0.0,0.0
8071,35.75,32.43,7.48,4.16,0.0,0.6611,0.0,0.0
8072,37.63,17.32,16.53,0.0,3.78,0.7992,0.0,0.0
8073,39.36,13.55,24.56,0.0,1.26,0.66,0.0,0.0
8074,40.87,0.0,29.3,0.0,0.0,0.6138,11.58,0.0
8075,42.12,20.34,21.78,0.0,0.0,0.6138,0.0,0.0
8076,43.04,8.74,34.3,0.0,0.0,0.6138,0.0,0.0
8077,43.61,30.01,13.6,0.0,0.0,0.6138,0.0,0.0
8078,43.8,23.34,20.46,0.0,0.0,0.6138,0.0,0.0
8079,43.61,34.51,9.1,0.0,0.0,0.6138,0.0,0.0
8080,43.04,16.55,16.5,0.0,0.0,0.6138,10.0,0.0
8081,42.12,36.99,7.63,2.51,0.0,0.6138,0.0,0.0
8082,40.87,23.13,0.0,0.0,0.0,0.6971,17.75,0.0
8083,39.36,38.54,0.0,0.0,0.0,0.6971,0.82,0.0
8084,37.63,18.9,0.0,0.0,0.0,0.6971,18.73,0.0
8085,35.75,35.75,0.0,0.0,0.0,0.6971,0.0,0.0
8086,33.8,17.32,0.0,0.0,16.22,0.6971,0.26,0.0
8087,33.8,33.8,0.0,0.0,0.0,0.1,0.0,0.0
8088,33.84,42.59,0.0,8.75,0.0,0.1,0.0,0.0
8089,33.84,32.79,0.0,0.0,1.05,0.3908,0.0,0.0
8090,33.84,26.6,0.0,0.0,0.0,0.3523,7.24,0.0
8091,33.84,43.71,0.0,9.87,0.0,0.3523,0.0,0.0
8092,33.84,32.32,0.0,0.0,0.0,0.68,1.52,0.0
8093,33.84,26.14,0.0,0.0,7.7,0.68,0.0,0.0
8094,33.84,28.83,0.0,0.0,0.0,0.3966,5.01,0.0
8095,35.79,27.8,8.0,0.0,0.0,0.3966,0.0,0.0
8096,37.67,20.9,16.77,0.0,0.0,0.3966,0.0,0.0
8097,39.4,15.14,24.26,0.0,0.0,0.3966,0.0,0.0
8098,40.91,24.18,16.74,0.0,0.0,0.3966,0.0,0.0
8099,42.16,20.54,21.61,0.0,0.0,0.3966,0.0,0.0
8100,43.08,0.0,33.91,0.0,0.0,0.3966,9.17,0.0
8101,43.65,12.22,33.79,2.36,0.0,0.3966,0.0,0.0
8102,43.84,15.16,30.08,1.4,0.0,0.4749,0.0,0.0
8103,43.65,2.99,25.38,0.0,0.0,0.5214,15.28,0.0
8104,43.08,12.1,15.91,0.0,0.0,0.5214,15.07,0.0
8105,42.16,6.36,7.25,0.0,0.0,0.5214,28.54,0.0
8106,40.91,28.04,0.0,0.0,0.0,0.5214,12.88,0.0
8107,39.4,39.02,0.0,0.0,0.0,0.5214,0.37,0.0
8108,37.67,44.23,0.0,6.57,0.0,0.5214,0.0,0.0
8109,35.79,39.46,0.0,3.67,0.0,0.7395,0.0,0.0
8110,33.84,27.46,0.0,0.0,6.39,0.8613,0.0,0.0
8111,33.84,18.9,0.0,0.0,0.0,0.6263,14.94,0.0
8112,33.88,21.04,0.0,0.0,0.0,0.6263,12.84,0.0
8113,33.88,25.51,0.0,0.0,0.0,0.6263,8.37,0.0
8114,33.88,28.27,0.0,0.0,0.0,0.6263,5.61,0.0
8115,33.88,33.88,0.0,0.0,0.0,0.6263,0.0,0.0
8116,33.88,23.43,0.0,0.0,0.0,0.6263,10.45,0.0
8117,33.88,34.38,0.0,0.5,0.0,0.6263,0.0,0.0
8118,33.88,26.2,0.0,0.0,7.43,0.6428,0.24,0.0
8119,35.83,26.05,8.32,0.0,0.0,0.3693,1.47,0.0
8120,37.71,34.79,2.91,0.0,0.0,0.3693,0.0,0.0
8121,39.44,9.91,25.74,0.0,0.0,0.3693,3.78,0.0
8122,40.95,24.09,16.86,0.0,0.0,0.3693,0.0,0.0
8123,42.19,7.22,34.98,0.0,0.0,0.3693,0.0,0.0
8124,43.12,8.88,34.24,0.0,0.0,0.3693,0.0,0.0
8125,43.69,27.7,15.99,0.0,0.0,0.3693,0.0,0.0
8126,43.88,28.62,15.26,0.0,0.0,0.3693,0.0,0.0
8127,43.69,12.21,25.26,0.0,0.0,0.3693,6.22,0.0
8128,43.12,21.78,15.42,0.0,0.0,0.3693,5.93,0.0
8129,42.19,28.71,6.53,0.0,0.0,0.3693,6.95,0.0
8130,40.95,25.8,0.0,0.0,0.0,0.3693,15.15,0.0
8131,39.44,36.8,0.0,0.0,0.0,0.3693,2.64,0.0
8132,37.71,36.18,0.0,0.0,1.52,0.3693,0.0,0.0
8133,35.83,53.5,0.0,17.67,0.0,0.3132,0.0,0.0
8134,33.88,21.95,0.0,0.0,9.2,0.9,2.73,0.0
8135,33.88,33.88,0.0,0.0,0.0,0.5614,0.0,0.0
8136,33.92,29.47,0.0,0.0,4.45,0.5614,0.0,0.0
8137,33.92,44.02,0.0,10.11,0.0,0.3976,0.0,0.0
8138,33.92,21.17,0.0,0.0,0.0,0.7333,12.75,0.0
8139,33.92,38.94,0.0,5.02,0.0,0.7333,0.0,0.0
8140,33.92,27.29,0.0,0.0,6.63,0.9,0.0,0.0
8141,33.92,23.89,0.0,0.0,10.03,0.6559,0.0,0.0
8142,33.92,14.32,0.0,0.0,0.0,0.2867,19.59,0.0
8143,35.87,21.44,9.36,0.0,0.0,0.2867,5.07,0.0
8144,37.74,20.59,17.16,0.0,0.0,0.2867,0.0,0.0
8145,39.47,21.36,18.12,0.0,0.0,0.2867,0.0,0.0
8146,40.99,10.24,30.75,0.0,0.0,0.2867,0.0,0.0
8147,42.23,35.45,6.79,0.0,0.0,0.2867,0.0,0.0
8148,43.16,21.32,21.84,0.0,0.0,0.2867,0.0,0.0
8149,43.73,10.59,33.14,0.0,0.0,0.2867,0.0,0.0
8150,43.92,24.64,19.28,0.0,0.0,0.2867,0.0,0.0
8151,43.73,16.25,25.53,0.0,0.0,0.2867,1.95,0.0
8152,43.16,18.68,17.26,0.0,0.0,0.2867,7.22,0.0
8153,42.23,11.05,7.27,0.0,0.0,0.2867,23.91,0.0
8154,40.99,37.69,0.0,0.0,0.0,0.2867,3.3,0.0
8155,39.47,27.31,0.0,0.0,0.0,0.2867,12.16,0.0
8156,37.74,35.28,0.0,0.0,0.0,0.2867,2.46,0.0
8157,35.87,25.33,0.0,0.0,5.07,0.2867,5.47,0.0
8158,33.92,41.38,0.0,7.47,0.0,0.1,0.0,0.0
8159,33.92,27.41,0.0,0.0,6.51,0.348,0.0,0.0
8160,33.96,33.96,0.0,0.0,0.0,0.1086,0.0,0.0
8161,33.96,46.79,0.0,12.83,0.0,0.1086,0.0,0.0
8162,33.96,44.95,0.0,10.99,0.0,0.5349,0.0,0.0
8163,33.96,33.96,0.0,0.0,0.0,0.9,0.0,0.0
8164,33.96,16.15,0.0,0.0,17.8,0.9,0.0,0.0
8165,33.96,33.96,0.0,0.0,0.0,0.2447,0.0,0.0
8166,33.96,33.96,0.0,0.0,0.0,0.2447,0.0,0.0
8167,35.91,33.21,2.7,0.0,0.0,0.2447,0.0,0.0
8168,37.78,16.3,17.34,0.0,0.0,0.2447,4.15,0.0
8169,39.51,14.94,24.58,0.0,0.0,0.2447,0.0,0.0
8170,41.03,11.43,29.6,0.0,0.0,0.2447,0.0,0.0
8171,42.27,31.57,10.7,0.0,0.0,0.2447,0.0,0.0
8172,43.2,21.38,21.82,0.0,0.0,0.2447,0.0,0.0
8173,43.76,11.11,32.66,0.0,0.0,0.2447,0.0,0.0
8174,43.96,15.48,28.48,0.0,0.0,0.2447,0.0,0.0
8175,43.76,19.52,24.24,0.0,0.0,0.2447,0.0,0.0
8176,43.2,25.88,17.32,0.0,0.0,0.2447,0.0,0.0
8177,42.27,41.14,1.13,0.0,0.0,0.2447,0.0,0.0
8178,41.03,36.09,0.0,19.73,0.0,0.2447,24.66,0.0
8179,39.51,28.7,0.0,0.0,0.0,0.9,10.81,0.0
8180,37.78,1.65,0.0,0.0,21.74,0.9,14.4,0.0
8181,35.91,35.91,0.0,0.0,0.0,0.1,0.0,0.0
8182,33.96,37.15,0.0,3.19,0.0,0.1,0.0,0.0
8183,33.96,39.53,0.0,5.57,0.0,0.2059,0.0,0.0
8184,34.0,39.08,0.0,5.09,0.0,0.3909,0.0,0.0
8185,34.0,21.5,0.0,0.0,12.5,0.5599,0.0,0.0
8186,34.0,37.25,0.0,3.26,0.0,0.1,0.0,0.0
8187,34.0,41.89,0.0,7.9,0.0,0.2082,0.0,0.0
8188,34.0,40.35,0.0,6.35,0.0,0.4705,0.0,0.0
8189,34.0,40.58,0.0,6.58,0.0,0.6815,0.0,0.0
8190,34.0,34.0,0.0,0.0,0.0,0.9,0.0,0.0
8191,35.95,22.12,9.26,0.0,4.57,0.9,0.0,0.0
8192,37.82,23.09,14.74,0.0,0.0,0.7319,0.0,0.0
8193,39.55,15.92,23.64,0.0,0.0,0.7319,0.0,0.0
8194,41.07,11.43,29.63,0.0,0.0,0.7319,0.0,0.0
8195,42.31,9.23,33.08,0.0,0.0,0.7319,0.0,0.0
8196,43.24,25.2,18.04,0.0,0.0,0.7319,0.0,0.0
8197,43.8,8.98,34.83,0.0,0.0,0.7319,0.0,0.0
8198,44.0,14.63,29.36,0.0,0.0,0.7319,0.0,0.0
8199,43.8,22.53,21.27,0.0,0.0,0.7319,0.0,0.0
8200,43.24,0.0,15.78,0.0,0.0,0.7319,27.45,0.0
8201,42.31,38.34,7.63,3.65,0.0,0.7319,0.0,0.0
8202,41.07,23.39,0.0,0.0,4.28,0.8533,13.4,0.0
8203,39.55,23.36,0.0,0.0,16.19,0.6958,0.0,0.0
8204,37.82,29.71,0.0,0.0,0.0,0.1,8.12,0.0
8205,35.95,31.27,0.0,0.0,0.0,0.1,4.68,0.0
8206,34.0,43.26,0.0,9.27,0.0,0.1,0.0,0.0
8207,34.0,22.86,0.0,0.0,8.36,0.4078,2.77,0.0
8208,34.04,28.01,0.0,0.0,0.0,0.1,6.03,0.0
8209,34.04,41.66,0.0,7.63,0.0,0.1,0.0,0.0
8210,34.04,42.48,0.0,8.44,0.0,0.3533,0.0,0.0
8211,34.04,42.05,0.0,8.02,0.0,0.6337,0.0,0.0
8212,34.04,25.95,0.0,0.0,2.33,0.9,5.76,0.0
8213,34.04,21.69,0.0,0.0,12.34,0.8144,0.0,0.0
8214,34.04,23.79,0.0,0.0,0.0,0.36,10.25,0.0
8215,35.99,28.59,6.83,0.0,0.57,0.36,0.0,0.0
8216,37.86,38.48,16.28,16.89,0.0,0.3389,0.0,0.0
8217,39.59,1.65,23.51,0.0,5.54,0.9,8.9,0.0
8218,41.11,18.07,29.17,6.13,0.0,0.6963,0.0,0.0
8219,42.35,6.14,33.15,0.0,3.05,0.9,0.0,0.0
8220,43.27,2.66,34.55,0.0,6.06,0.7877,0.0,0.0
8221,43.84,10.34,33.5,0.0,0.0,0.5647,0.0,0.0
8222,44.04,25.61,18.43,0.0,0.0,0.5647,0.0,0.0
8223,43.84,26.24,17.61,0.0,0.0,0.5647,0.0,0.0
8224,43.27,32.92,10.36,0.0,0.0,0.5647,0.0,0.0
8225,42.35,21.5,7.14,0.0,0.0,0.5647,13.71,0.0
8226,41.11,24.51,0.0,0.0,12.62,0.5647,3.97,0.0
8227,39.59,52.84,0.0,13.25,0.0,0.1,0.0,0.0
8228,37.86,31.27,0.0,0.0,6.59,0.5401,0.0,0.0
8229,35.99,42.97,0.0,6.99,0.0,0.2975,0.0,0.0
8230,34.04,37.36,0.0,3.33,0.0,0.5295,0.0,0.0
8231,34.04,20.09,0.0,0.0,13.95,0.6401,0.0,0.0
8232,34.08,18.55,0.0,0.0,0.73,0.1267,14.8,0.0
8233,34.08,32.65,0.0,0.0,0.0,0.1,1.43,0.0
8234,34.08,39.99,0.0,5.91,0.0,0.1,0.0,0.0
8235,34.08,43.56,0.0,9.49,0.0,0.2964,0.0,0.0
8236,34.08,42.76,0.0,8.68,0.0,0.6115,0.0,0.0
8237,34.08,21.67,0.0,0.0,12.41,0.9,0.0,0.0
8238,34.08,44.75,0.0,10.67,0.0,0.4434,0.0,0.0
8239,36.03,16.79,7.84,0.0,11.39,0.7978,0.0,0.0
8240,37.9,26.01,11.89,0.0,0.0,0.3784,0.0,0.0
8241,39.63,16.87,22.76,0.0,0.0,0.3784,0.0,0.0
8242,41.15,11.95,29.2,0.0,0.0,0.3784,0.0,0.0
8243,42.39,32.51,9.88,0.0,0.0,0.3784,0.0,0.0
8244,43.31,8.81,34.51,0.0,0.0,0.3784,0.0,0.0
8245,43.88,6.04,32.76,0.0,5.08,0.3784,0.0,0.0
8246,44.08,20.51,23.57,0.0,0.0,0.1915,0.0,0.0
8247,43.88,17.94,22.95,0.0,2.49,0.1915,0.5,0.0
8248,43.31,27.57,15.74,0.0,0.0,0.1,0.0,0.0
8249,42.39,32.95,6.57,0.0,0.0,0.1,2.87,0.0
8250,41.15,24.81,0.0,0.0,0.0,0.1,16.34,0.0
8251,39.63,20.99,0.0,11.36,0.0,0.1,30.0,0.0
8252,37.9,15.25,0.0,0.0,10.25,0.4773,12.4,0.0
8253,36.03,25.71,0.0,0.0,0.0,0.1,10.32,0.0
8254,34.08,34.08,0.0,0.0,0.0,0.1,0.0,0.0
8255,34.08,42.49,0.0,8.41,0.0,0.1,0.0,0.0
8256,34.12,49.79,0.0,15.67,0.0,0.3794,0.0,0.0
8257,34.12,34.12,0.0,0.0,0.0,0.9,0.0,0.0
8258,34.12,26.66,0.0,0.0,7.46,0.9,0.0,0.0
8259,34.12,34.12,0.0,0.0,0.0,0.6254,0.0,0.0
8260,34.12,28.72,0.0,0.0,5.4,0.6254,0.0,0.0
8261,34.12,48.37,0.0,14.25,0.0,0.4267,0.0,0.0
8262,34.12,27.04,0.0,0.0,1.34,0.9,5.74,0.0
8263,36.07,25.5,6.65,0.0,0.0,0.8506,3.92,0.0
8264,37.94,2.16,15.39,0.0,20.39,0.8506,0.0,0.0
8265,39.67,20.01,22.78,3.12,0.0,0.1,0.0,0.0
8266,41.19,28.61,28.97,16.4,0.0,0.2037,0.0,0.0
8267,42.43,8.77,33.66,0.0,0.0,0.7483,0.0,0.0
8268,43.35,8.7,34.65,0.0,0.0,0.7483,0.0,0.0
8269,43.92,27.19,16.73,0.0,0.0,0.7483,0.0,0.0
8270,44.12,5.84,29.89,0.0,6.95,0.7483,1.45,0.0
8271,43.92,32.35,23.83,12.26,0.0,0.4927,0.0,0.0
8272,43.35,18.74,15.59,0.0,0.0,0.9,9.02,0.0
8273,42.43,22.53,9.05,0.0,10.85,0.9,0.0,0.0
8274,41.19,17.83,0.0,0.0,10.88,0.5005,12.47,0.0
8275,39.67,35.17,0.0,0.0,0.0,0.1,4.5,0.0
8276,37.94,37.94,0.0,0.0,0.0,0.1,0.0,0.0
8277,36.07,36.07,0.0,0.0,0.0,0.1,0.0,0.0
8278,34.12,28.92,0.0,0.0,0.0,0.1,5.2,0.0
8279,34.12,49.59,0.0,15.47,0.0,0.1,0.0,0.0
8280,34.16,20.19,0.0,0.0,13.97,0.614,0.0,0.0
8281,34.16,46.97,0.0,12.81,0.0,0.1,0.0,0.0
8282,34.16,45.43,0.0,11.27,0.0,0.5256,0.0,0.0
8283,34.16,6.94,0.0,0.0,21.74,0.9,5.48,0.0
8284,34.16,24.0,0.0,0.0,0.0,0.1,10.16,0.0
8285,34.16,40.8,0.0,6.65,0.0,0.1,0.0,0.0
8286,34.16,30.45,0.0,0.0,3.7,0.3208,0.0,0.0
8287,36.11,16.33,8.4,0.0,0.0,0.1845,11.38,0.0
8288,37.98,17.8,17.42,0.0,0.0,0.1845,2.76,0.0
8289,39.71,3.23,24.07,0.0,0.0,0.1845,12.42,0.0
8290,41.23,11.38,29.85,0.0,0.0,0.1845,0.0,0.0
8291,42.47,10.4,32.07,0.0,0.0,0.1845,0.0,0.0
8292,43.39,27.04,16.36,0.0,0.0,0.1845,0.0,0.0
8293,43.96,11.34,32.63,0.0,0.0,0.1845,0.0,0.0
8294,44.16,15.16,29.0,0.0,0.0,0.1845,0.0,0.0
8295,43.96,32.11,11.85,0.0,0.0,0.1845,0.0,0.0
8296,43.39,43.39,0.0,0.0,0.0,0.1845,0.0,0.0
8297,42.47,30.12,6.78,0.0,2.29,0.1845,3.27,0.0
8298,41.23,27.11,0.0,0.0,0.0,0.1,14.11,0.0
8299,39.71,41.67,0.0,1.96,0.0,0.1,0.0,0.0
8300,37.98,48.19,0.0,10.21,0.0,0.1651,0.0,0.0
8301,36.11,31.19,0.0,0.0,4.91,0.5043,0.0,0.0
8302,34.16,28.08,0.0,0.0,6.07,0.3235,0.0,0.0
8303,34.16,39.84,0.0,5.68,0.0,0.1,0.0,0.0
8304,34.2,40.42,0.0,6.22,0.0,0.2886,0.0,0.0
8305,34.2,46.38,0.0,12.18,0.0,0.4953,0.0,0.0
8306,34.2,15.61,0.0,0.0,18.59,0.9,0.0,0.0
8307,34.2,54.8,0.0,20.6,0.0,0.2158,0.0,0.0
8308,34.2,27.62,0.0,0.0,6.57,0.9,0.0,0.0
8309,34.2,28.95,0.0,0.0,5.24,0.6581,0.0,0.0
8310,34.2,20.13,0.0,0.0,0.0,0.4651,14.07,0.0
8311,36.15,27.36,8.79,0.0,0.0,0.4651,0.0,0.0
8312,38.02,26.47,11.55,0.0,0.0,0.4651,0.0,0.0
8313,39.75,13.67,23.36,0.0,0.0,0.4651,2.72,0.0
8314,41.27,28.99,12.27,0.0,0.0,0.4651,0.0,0.0
8315,42.51,27.08,15.43,0.0,0.0,0.4651,0.0,0.0
8316,43.44,17.32,26.12,0.0,0.0,0.4651,0.0,0.0
8317,44.0,27.78,16.22,0.0,0.0,0.4651,0.0,0.0
8318,44.2,12.36,30.18,0.0,0.0,0.4651,1.66,0.0
8319,44.0,17.2,24.81,0.0,0.0,0.4651,2.0,0.0
8320,43.44,4.3,17.31,0.0,0.0,0.4651,21.83,0.0
8321,42.51,13.43,8.95,0.0,9.92,0.4651,10.21,0.0
8322,41.27,46.81,0.0,5.54,0.0,0.1,0.0,0.0
8323,39.75,47.72,0.0,7.97,0.0,0.2841,0.0,0.0
8324,38.02,25.83,0.0,0.0,12.2,0.5489,0.0,0.0
8325,36.15,52.35,0.0,16.2,0.0,0.1,0.0,0.0
8326,34.2,23.07,0.0,0.0,11.12,0.6381,0.0,0.0
8327,34.2,36.13,0.0,1.93,0.0,0.2287,0.0,0.0
8328,34.24,39.47,0.0,5.23,0.0,0.2928,0.0,0.0
8329,34.24,34.24,0.0,0.0,0.0,0.4666,0.0,0.0
8330,34.24,34.24,0.0,0.0,0.0,0.4666,0.0,0.0
8331,34.24,47.29,0.0,13.05,0.0,0.4666,0.0,0.0
8332,34.24,26.81,0.0,0.0,7.43,0.9,0.0,0.0
8333,34.24,34.24,0.0,0.0,0.0,0.6266,0.0,0.0
8334,34.24,39.22,0.0,4.98,0.0,0.6266,0.0,0.0
8335,36.19,30.34,9.1,3.25,0.0,0.7921,0.0,0.0
8336,38.06,14.59,18.06,0.0,5.41,0.9,0.0,0.0
8337,39.79,8.79,23.46,0.0,7.55,0.7008,0.0,0.0
8338,41.31,22.01,19.3,0.0,0.0,0.4229,0.0,0.0
8339,42.55,10.19,32.36,0.0,0.0,0.4229,0.0,0.0
8340,43.48,20.08,23.39,0.0,0.0,0.4229,0.0,0.0
8341,44.05,19.4,24.65,0.0,0.0,0.4229,0.0,0.0
8342,44.24,14.34,29.9,0.0,0.0,0.4229,0.0,0.0
8343,44.05,9.01,23.28,0.0,8.77,0.4229,2.99,0.0
8344,43.48,4.55,15.41,0.0,0.0,0.1,23.51,0.0
8345,42.55,29.79,8.34,0.0,0.0,0.1,4.42,0.0
8346,41.31,25.36,0.0,0.0,0.0,0.1,15.95,0.0
8347,39.79,34.73,0.0,0.0,0.0,0.1,5.07,0.0
8348,38.06,38.06,0.0,0.0,0.0,0.1,0.0,0.0
8349,36.19,48.67,0.0,12.48,0.0,0.1,0.0,0.0
8350,34.24,22.75,0.0,0.0,10.12,0.5146,1.36,0.0
8351,34.24,33.1,0.0,0.0,1.14,0.142,0.0,0.0
8352,34.28,34.28,0.0,0.0,0.0,0.1,0.0,0.0
8353,34.28,34.28,0.0,0.0,0.0,0.1,0.0,0.0
8354,34.28,34.28,0.0,0.0,0.0,0.1,0.0,0.0
8355,34.28,34.28,0.0,0.0,0.0,0.1,0.0,0.0
8356,34.28,33.48,0.0,0.0,0.0,0.1,0.8,0.0
8357,34.28,22.9,0.0,18.62,0.0,0.1,30.0,0.0
8358,34.28,23.56,0.0,0.0,10.2,0.7185,0.52,0.0
8359,36.23,20.73,8.89,0.0,6.6,0.3431,0.0,0.0
8360,38.11,21.53,16.58,0.0,0.0,0.1,0.0,0.0
8361,39.83,17.03,22.8,0.0,0.0,0.1,0.0,0.0
8362,41.35,7.56,30.75,0.0,0.0,0.1,3.04,0.0
8363,42.59,8.58,34.02,0.0,0.0,0.1,0.0,0.0
8364,43.52,8.38,35.14,0.0,0.0,0.1,0.0,0.0
8365,44.09,23.07,21.02,0.0,0.0,0.1,0.0,0.0
8366,44.28,26.19,18.09,0.0,0.0,0.1,0.0,0.0
8367,44.09,25.93,18.16,0.0,0.0,0.1,0.0,0.0
8368,43.52,27.65,15.87,0.0,0.0,0.1,0.0,0.0
8369,42.59,28.89,8.81,0.0,0.0,0.1,4.89,0.0
8370,41.35,25.32,0.0,0.0,0.0,0.1,16.03,0.0
8371,39.83,22.65,0.0,0.0,0.0,0.1,17.18,0.0
8372,38.11,36.5,0.0,0.0,0.0,0.1,1.61,0.0
8373,36.23,12.05,0.0,0.0,0.0,0.1,24.18,0.0
8374,34.28,34.28,0.0,0.0,0.0,0.1,0.0,0.0
8375,34.28,36.6,0.0,2.32,0.0,0.1,0.0,0.0
8376,34.32,25.58,0.0,0.0,2.1,0.1771,6.65,0.0
8377,34.32,29.54,0.0,0.0,0.0,0.1,4.78,0.0
8378,34.32,45.66,0.0,11.34,0.0,0.1,0.0,0.0
8379,34.32,34.32,0.0,0.0,0.0,0.4768,0.0,0.0
8380,34.32,34.32,0.0,0.0,0.0,0.4768,0.0,0.0
8381,34.32,34.32,0.0,0.0,0.0,0.4768,0.0,0.0
8382,34.32,30.08,0.0,0.0,4.24,0.4768,0.0,0.0
8383,36.27,38.85,7.5,10.09,0.0,0.3206,0.0,0.0
8384,38.15,25.46,16.32,3.63,0.0,0.6556,0.0,0.0
8385,39.88,7.85,23.45,0.0,8.58,0.7763,0.0,0.0
8386,41.39,13.0,28.39,0.0,0.0,0.4604,0.0,0.0
8387,42.63,23.3,19.33,0.0,0.0,0.4604,0.0,0.0
8388,43.56,13.52,30.04,0.0,0.0,0.4604,0.0,0.0
8389,44.13,7.31,33.96,0.0,2.85,0.4604,0.0,0.0
8390,44.32,24.54,19.78,0.0,0.0,0.3553,0.0,0.0
8391,44.13,21.05,23.06,0.0,0.0,0.3553,0.02,0.0
8392,43.56,39.74,3.82,0.0,0.0,0.3553,0.0,0.0
8393,42.63,23.21,9.08,0.0,6.94,0.3553,3.41,0.0
8394,41.39,20.92,0.0,0.0,0.0,0.1,20.47,0.0
8395,39.88,39.88,0.0,0.0,0.0,0.1,0.0,0.0
8396,38.15,38.15,0.0,0.0,0.0,0.1,0.0,0.0
8397,36.27,36.27,0.0,0.0,0.0,0.1,0.0,0.0
8398,34.32,44.35,0.0,10.03,0.0,0.1,0.0,0.0
8399,34.32,25.27,0.0,0.0,9.05,0.4332,0.0,0.0
8400,34.36,41.36,0.0,7.0,0.0,0.1,0.0,0.0
8401,34.36,50.19,0.0,15.83,0.0,0.3324,0.0,0.0
8402,34.36,35.62,0.0,1.26,0.0,0.8581,0.0,0.0
8403,34.36,22.55,0.0,0.0,11.81,0.9,0.0,0.0
8404,34.36,47.45,0.0,13.08,0.0,0.4654,0.0,0.0
8405,34.36,8.47,0.0,0.0,21.74,0.9,4.15,0.0
8406,34.36,49.41,0.0,15.05,0.0,0.1,0.0,0.0
8407,36.31,9.87,7.85,0.0,13.58,0.6,5.02,0.0
8408,38.19,18.11,17.61,0.0,0.0,0.1,2.46,0.0
8409,39.92,21.85,18.07,0.0,0.0,0.1,0.0,0.0
8410,41.43,12.36,29.08,0.0,0.0,0.1,0.0,0.0
8411,42.68,8.92,33.76,0.0,0.0,0.1,0.0,0.0
8412,43.6,8.95,34.65,0.0,0.0,0.1,0.0,0.0
8413,44.17,22.27,21.9,0.0,0.0,0.1,0.0,0.0
8414,44.36,14.97,29.39,0.0,0.0,0.1,0.0,0.0
8415,44.17,25.15,23.67,4.66,0.0,0.1,0.0,0.0
8416,43.6,23.65,17.83,0.0,0.0,0.2546,2.12,0.0
8417,42.68,27.58,8.12,0.0,0.0,0.2546,6.98,0.0
8418,41.43,23.8,0.0,0.0,0.0,0.2546,17.64,0.0
8419,39.92,26.74,0.0,0.0,2.97,0.2546,10.21,0.0
8420,38.19,36.96,0.0,0.0,1.23,0.1452,0.0,0.0
8421,36.31,45.46,0.0,9.15,0.0,0.1,0.0,0.0
8422,34.36,31.85,0.0,0.0,2.52,0.4039,0.0,0.0
8423,34.36,30.17,0.0,0.0,4.12,0.3113,0.08,0.0
8424,34.4,45.14,0.0,10.73,0.0,0.1598,0.0,0.0
8425,34.4,34.4,0.0,0.0,0.0,0.5163,0.0,0.0
8426,34.4,45.95,0.0,11.55,0.0,0.5163,0.0,0.0
8427,34.4,27.3,0.0,0.0,7.11,0.9,0.0,0.0
8428,34.4,16.65,0.0,0.0,0.0,0.6384,17.75,0.0
8429,34.4,26.55,0.0,0.0,0.0,0.6384,7.85,0.0
8430,34.4,21.71,0.0,0.0,11.07,0.6384,1.63,0.0
8431,36.35,25.93,7.7,0.0,0.0,0.2311,2.73,0.0
8432,38.23,18.06,16.61,0.0,3.56,0.2311,0.0,0.0
8433,39.96,16.36,23.6,0.0,0.0,0.1,0.0,0.0
8434,41.47,11.12,30.35,0.0,0.0,0.1,0.0,0.0
8435,42.72,8.02,34.7,0.0,0.0,0.1,0.0,0.0
8436,43.64,20.96,22.68,0.0,0.0,0.1,0.0,0.0
8437,44.21,21.66,22.55,0.0,0.0,0.1,0.0,0.0
8438,44.4,20.49,23.92,0.0,0.0,0.1,0.0,0.0
8439,44.21,27.32,16.89,0.0,0.0,0.1,0.0,0.0
8440,43.64,16.5,17.08,0.0,0.0,0.1,10.07,0.0
8441,42.72,40.48,9.05,6.81,0.0,0.1,0.0,0.0
8442,41.47,26.92,0.0,0.0,0.0,0.3262,14.55,0.0
8443,39.96,18.89,0.0,0.0,0.0,0.3262,21.07,0.0
8444,38.23,36.03,0.0,0.0,0.0,0.3262,2.2,0.0
8445,36.35,27.83,0.0,0.0,6.15,0.3262,2.37,0.0
8446,34.4,44.33,0.0,9.92,0.0,0.1,0.0,0.0
8447,34.4,48.56,0.0,14.16,0.0,0.4297,0.0,0.0
8448,34.45,27.56,0.0,0.0,6.88,0.9,0.0,0.0
8449,34.45,42.07,0.0,7.63,0.0,0.6466,0.0,0.0
8450,34.45,20.53,0.0,0.0,5.66,0.9,8.25,0.0
8451,34.45,40.72,0.0,6.28,0.0,0.6915,0.0,0.0
8452,34.45,25.49,0.0,0.0,5.74,0.9,3.21,0.0
8453,34.45,25.69,0.0,0.0,0.0,0.6888,8.76,0.0
8454,34.45,18.45,0.0,0.0,16.0,0.6888,0.0,0.0
8455,36.4,28.92,7.48,0.0,0.0,0.1,0.0,0.0
8456,38.27,34.28,3.99,0.0,0.0,0.1,0.0,0.0
8457,40.0,15.31,24.69,0.0,0.0,0.1,0.0,0.0
8458,41.52,12.25,28.67,0.0,0.0,0.1,0.59,0.0
8459,42.76,35.43,7.33,0.0,0.0,0.1,0.0,0.0
8460,43.68,10.39,33.3,0.0,0.0,0.1,0.0,0.0
8461,44.25,0.0,33.49,0.0,0.0,0.1,10.76,0.0
8462,44.45,25.28,29.3,10.13,0.0,0.1,0.0,0.0
8463,44.25,11.45,23.05,0.0,9.14,0.4364,0.61,0.0
8464,43.68,34.1,15.8,6.22,0.0,0.1,0.0,0.0
8465,42.76,22.99,7.52,0.0,0.0,0.3067,12.25,0.0
8466,41.52,35.23,0.0,0.0,0.0,0.3067,6.28,0.0
8467,40.0,45.64,0.0,17.8,0.0,0.3067,12.16,0.0
8468,38.27,22.31,0.0,0.0,15.96,0.8978,0.0,0.0
8469,36.4,30.68,0.0,0.0,5.72,0.3104,0.0,0.0
8470,34.45,34.45,0.0,0.0,0.0,0.1,0.0,0.0
8471,34.45,53.94,0.0,19.49,0.0,0.1,0.0,0.0
8472,34.49,32.69,0.0,0.0,1.8,0.7475,0.0,0.0
8473,34.49,32.98,0.0,0.0,1.5,0.6813,0.0,0.0
8474,34.49,42.56,0.0,8.07,0.0,0.626,0.0,0.0
8475,34.49,30.61,0.0,0.0,0.98,0.8942,2.9,0.0
8476,34.49,35.75,0.0,1.26,0.0,0.858,0.0,0.0
8477,34.49,16.6,0.0,0.0,17.89,0.9,0.0,0.0
8478,34.49,51.13,0.0,16.64,0.0,0.2416,0.0,0.0
8479,36.44,13.51,7.2,0.0,15.73,0.7944,0.0,0.0
8480,38.31,21.24,15.63,0.0,1.45,0.2154,0.0,0.0
8481,40.04,15.46,24.58,0.0,0.0,0.1619,0.0,0.0
8482,41.56,11.96,29.6,0.0,0.0,0.1619,0.0,0.0
8483,42.8,6.77,32.85,0.0,1.68,0.1619,1.5,0.0
8484,43.73,10.42,33.31,0.0,0.0,0.1,0.0,0.0
8485,44.3,27.27,17.02,0.0,0.0,0.1,0.0,0.0
8486,44.49,24.91,19.58,0.0,0.0,0.1,0.0,0.0
8487,44.3,12.67,23.65,0.0,0.0,0.1,7.98,0.0
8488,43.73,30.03,17.66,3.96,0.0,0.1,0.0,0.0
8489,42.8,19.66,8.21,0.0,0.0,0.2317,14.93,0.0
8490,41.56,41.8,0.0,0.24,0.0,0.2317,0.0,0.0
8491,40.04,22.31,0.0,0.0,0.0,0.2396,17.73,0.0
8492,38.31,33.14,0.0,0.0,3.79,0.2396,1.39,0.0
8493,36.44,30.82,0.0,0.0,0.0,0.1,5.62,0.0
8494,34.49,28.13,0.0,0.0,0.0,0.1,6.36,0.0
8495,34.49,46.13,0.0,11.65,0.0,0.1,0.0,0.0
8496,34.53,44.48,0.0,9.95,0.0,0.4869,0.0,0.0
8497,34.53,34.53,0.0,0.0,0.0,0.8173,0.0,0.0
8498,34.53,20.36,0.0,0.0,14.17,0.8173,0.0,0.0
8499,34.53,29.21,0.0,0.0,5.32,0.2959,0.0,0.0
8500,34.53,58.61,0.0,24.08,0.0,0.1,0.0,0.0
8501,34.53,22.36,0.0,0.0,12.17,0.9,0.0,0.0
8502,34.53,48.02,0.0,13.49,0.0,0.4519,0.0,0.0
8503,36.48,24.22,6.49,0.0,5.77,0.9,0.0,0.0
8504,38.36,10.93,17.87,0.0,9.56,0.6878,0.0,0.0
8505,40.09,19.39,20.7,0.0,0.0,0.336,0.0,0.0
8506,41.6,31.15,10.45,0.0,0.0,0.336,0.0,0.0
8507,42.84,9.33,33.51,0.0,0.0,0.336,0.0,0.0
8508,43.77,9.99,33.78,0.0,0.0,0.336,0.0,0.0
8509,44.34,25.69,18.64,0.0,0.0,0.336,0.0,0.0
8510,44.53,20.86,23.67,0.0,0.0,0.336,0.0,0.0
8511,44.34,19.34,25.0,0.0,0.0,0.336,0.0,0.0
8512,43.77,26.78,15.2,0.0,0.0,0.336,1.78,0.0
8513,42.84,31.53,8.48,0.0,0.0,0.336,2.83,0.0
8514,41.6,25.1,0.0,0.0,0.0,0.336,16.5,0.0
8515,40.09,34.19,0.0,0.0,0.0,0.336,5.9,0.0
8516,38.36,25.15,0.0,0.0,6.41,0.336,6.79,0.0
8517,36.48,49.01,0.0,12.53,0.0,0.1,0.0,0.0
8518,34.53,25.31,0.0,0.0,9.22,0.5161,0.0,0.0
8519,34.53,49.98,0.0,15.45,0.0,0.1768,0.0,0.0
8520,34.57,34.57,0.0,0.0,0.0,0.6902,0.0,0.0
8521,34.57,40.89,0.0,6.32,0.0,0.6902,0.0,0.0
8522,34.57,33.04,0.0,0.0,0.0,0.9,1.53,0.0
8523,34.57,26.35,0.0,0.0,8.22,0.9,0.0,0.0
8524,34.57,17.14,0.0,0.0,0.0,0.5974,17.44,0.0
8525,34.57,21.55,0.0,0.0,0.0,0.5974,13.02,0.0
8526,34.57,26.2,0.0,0.0,8.37,0.5974,0.0,0.0
8527,36.52,27.32,9.2,0.0,0.0,0.2893,0.0,0.0
8528,38.4,34.42,16.97,12.98,0.0,0.2893,0.0,0.0
8529,40.13,15.78,24.35,0.0,0.0,0.7205,0.0,0.0
8530,41.64,12.18,29.4,0.0,0.0,0.7205,0.07,0.0
8531,42.89,5.68,34.14,0.0,0.0,0.7205,3.07,0.0
8532,43.81,24.27,19.54,0.0,0.0,0.7205,0.0,0.0
8533,44.38,33.5,10.88,0.0,0.0,0.7205,0.0,0.0
8534,44.57,14.03,30.54,0.0,0.0,0.7205,0.0,0.0
8535,44.38,21.67,22.71,0.0,0.0,0.7205,0.0,0.0
8536,43.81,26.59,17.22,0.0,0.0,0.7205,0.0,0.0
8537,42.89,36.25,6.64,0.0,0.0,0.7205,0.0,0.0
8538,41.64,32.66,0.0,0.0,0.0,0.7205,8.98,0.0
8539,40.13,38.3,0.0,0.0,0.0,0.7205,1.83,0.0
8540,38.4,31.15,0.0,0.0,3.28,0.7205,3.96,0.0
8541,36.52,22.94,0.0,0.0,13.58,0.5998,0.0,0.0
8542,34.57,31.18,0.0,0.0,0.0,0.1,3.39,0.0
8543,34.57,34.57,0.0,0.0,0.0,0.1,0.0,0.0
8544,34.61,39.86,0.0,5.25,0.0,0.1,0.0,0.0
8545,34.61,53.45,0.0,18.84,0.0,0.2743,0.0,0.0
8546,34.61,22.55,0.0,0.0,12.07,0.9,0.0,0.0
8547,34.61,47.99,0.0,13.37,0.0,0.4558,0.0,0.0
8548,34.61,30.06,0.0,0.0,4.56,0.9,0.0,0.0
8549,34.61,28.9,0.0,0.0,0.0,0.7323,5.72,0.0
8550,34.61,16.33,0.0,0.0,17.18,0.7323,1.1,0.0
8551,36.57,19.56,8.41,0.0,0.0,0.1,8.59,0.0
8552,38.44,29.68,8.76,0.0,0.0,0.1,0.0,0.0
8553,40.17,22.53,17.64,0.0,0.0,0.1,0.0,0.0
8554,41.69,30.18,11.51,0.0,0.0,0.1,0.0,0.0
8555,42.93,21.69,21.24,0.0,0.0,0.1,0.0,0.0
8556,43.85,16.1,27.75,0.0,0.0,0.1,0.0,0.0
8557,44.42,10.15,34.27,0.0,0.0,0.1,0.0,0.0
8558,44.61,19.97,24.65,0.0,0.0,0.1,0.0,0.0
8559,44.42,20.42,24.0,0.0,0.0,0.1,0.0,0.0
8560,43.85,20.55,16.19,0.0,0.0,0.1,7.12,0.0
8561,42.93,33.86,6.56,0.0,0.0,0.1,2.52,0.0
8562,41.69,38.55,0.0,0.0,0.0,0.1,3.13,0.0
8563,40.17,34.02,0.0,0.0,0.0,0.1,6.15,0.0
8564,38.44,11.16,0.0,0.0,0.0,0.1,27.28,0.0
8565,36.57,36.56,0.0,0.0,0.0,0.1,0.01,0.0
8566,34.61,40.17,0.0,5.56,0.0,0.1,0.0,0.0
8567,34.61,44.12,0.0,9.51,0.0,0.2846,0.0,0.0
8568,34.66,43.68,0.0,9.02,0.0,0.6004,0.0,0.0
8569,34.66,22.0,0.0,0.0,12.66,0.9,0.0,0.0
8570,34.66,30.88,0.0,0.0,3.78,0.434,0.0,0.0
8571,34.66,40.45,0.0,5.8,0.0,0.2949,0.0,0.0
8572,34.66,34.66,0.0,0.0,0.0,0.4874,0.0,0.0
8573,34.66,43.95,0.0,9.29,0.0,0.4874,0.0,0.0
8574,34.66,28.02,0.0,0.0,6.64,0.7961,0.0,0.0
8575,36.61,27.61,9.0,0.0,0.0,0.5517,0.0,0.0
8576,38.48,24.68,15.63,1.82,0.0,0.5517,0.0,0.0
8577,40.21,12.35,25.18,0.0,2.69,0.6123,0.0,0.0
8578,41.73,0.0,30.5,0.0,11.23,0.5133,0.0,0.0
8579,42.97,21.91,32.19,11.13,0.0,0.1,0.0,0.0
8580,43.9,21.31,35.54,12.96,0.0,0.4697,0.0,0.0
8581,44.46,10.22,34.24,0.0,0.0,0.9,0.0,0.0
8582,44.66,4.98,31.1,0.0,8.58,0.9,0.0,0.0
8583,44.46,28.68,23.04,7.26,0.0,0.5841,0.0,0.0
8584,43.9,21.9,16.86,0.0,0.0,0.8252,5.14,0.0
8585,42.97,32.38,7.15,0.0,3.44,0.8252,0.0,0.0
8586,41.73,47.79,0.0,6.07,0.0,0.6985,0.0,0.0
8587,40.21,10.91,0.0,0.0,19.47,0.9,9.83,0.0
8588,38.48,27.48,0.0,0.0,0.0,0.1834,11.01,0.0
8589,36.61,34.34,0.0,0.0,2.26,0.1834,0.0,0.0
8590,34.66,52.29,0.0,17.64,0.0,0.1,0.0,0.0
8591,34.66,18.74,0.0,0.0,15.92,0.6858,0.0,0.0
8592,34.7,53.17,0.0,18.47,0.0,0.1,0.0,0.0
8593,34.7,40.31,0.0,5.61,0.0,0.7136,0.0,0.0
8594,34.7,34.7,0.0,0.0,0.0,0.9,0.0,0.0
8595,34.7,32.42,0.0,0.0,2.28,0.9,0.0,0.0
8596,34.7,30.09,0.0,0.0,4.61,0.8161,0.0,0.0
8597,34.7,42.33,0.0,7.63,0.0,0.6465,0.0,0.0
8598,34.7,18.94,0.0,0.0,15.75,0.9,0.0,0.0
8599,36.65,29.94,6.71,0.0,0.0,0.3201,0.0,0.0
8600,38.53,20.76,17.2,0.0,0.0,0.3201,0.56,0.0
8601,40.26,15.0,24.36,0.0,0.9,0.3201,0.0,0.0
8602,41.77,13.16,28.61,0.0,0.0,0.2872,0.0,0.0
8603,43.01,24.08,18.93,0.0,0.0,0.2872,0.0,0.0
8604,43.94,25.66,18.28,0.0,0.0,0.2872,0.0,0.0
8605,44.51,31.16,13.35,0.0,0.0,0.2872,0.0,0.0
8606,44.7,6.94,28.83,0.0,0.0,0.2872,8.93,0.0
8607,44.51,39.75,4.75,0.0,0.0,0.2872,0.0,0.0
8608,43.94,0.0,17.18,0.0,0.0,0.2872,26.76,0.0
8609,43.01,19.35,7.58,0.0,5.09,0.2872,11.0,0.0
8610,41.77,24.95,0.0,0.0,0.0,0.1,16.83,0.0
8611,40.26,37.74,0.0,2.07,0.0,0.1,4.58,0.0
8612,38.53,36.54,0.0,0.0,0.0,0.1687,1.99,0.0
8613,36.65,34.78,0.0,0.0,1.87,0.1687,0.0,0.0
8614,34.7,34.7,0.0,0.0,0.0,0.1,0.0,0.0
8615,34.7,29.35,0.0,0.0,0.0,0.1,5.35,0.0
8616,34.74,24.59,0.0,0.0,0.0,0.1,10.15,0.0
8617,34.74,46.15,0.0,11.4,0.0,0.1,0.0,0.0
8618,34.74,44.84,0.0,10.1,0.0,0.4788,0.0,0.0
8619,34.74,37.33,0.0,2.58,0.0,0.8142,0.0,0.0
8620,34.74,26.63,0.0,0.0,8.11,0.9,0.0,0.0
8621,34.74,34.74,0.0,0.0,0.0,0.6014,0.0,0.0
8622,34.74,26.69,0.0,0.0,8.05,0.6014,0.0,0.0
8623,36.69,36.69,0.0,0.0,0.0,0.305,0.0,0.0
8624,38.57,22.33,16.24,0.0,0.0,0.305,0.0,0.0
8625,40.3,17.58,22.72,0.0,0.0,0.305,0.0,0.0
8626,41.81,11.4,30.41,0.0,0.0,0.305,0.0,0.0
8627,43.06,29.43,13.62,0.0,0.0,0.305,0.0,0.0
8628,43.98,26.01,17.97,0.0,0.0,0.305,0.0,0.0
8629,44.55,13.24,31.32,0.0,0.0,0.305,0.0,0.0
8630,44.74,7.88,29.09,0.0,0.0,0.305,7.77,0.0
8631,44.55,19.68,25.01,0.15,0.0,0.305,0.0,0.0
8632,43.98,39.48,16.16,11.65,0.0,0.3098,0.0,0.0
8633,43.06,38.22,8.28,3.44,0.0,0.697,0.0,0.0
8634,41.81,18.53,0.0,0.48,0.0,0.8113,23.77,0.0
8635,40.3,20.53,0.0,0.0,19.76,0.8274,0.0,0.0
8636,38.57,46.96,0.0,8.39,0.0,0.1,0.0,0.0
8637,36.69,25.26,0.0,0.0,7.57,0.3786,3.86,0.0
8638,34.74,43.02,0.0,8.28,0.0,0.1,0.0,0.0
8639,34.74,27.27,0.0,0.0,7.47,0.3751,0.0,0.0
8640,34.79,44.37,0.0,9.59,0.0,0.1,0.0,0.0
8641,34.79,31.42,0.0,0.0,0.0,0.4184,3.36,0.0
8642,34.79,49.28,0.0,14.5,0.0,0.4184,0.0,0.0
8643,34.79,34.79,0.0,0.0,0.0,0.9,0.0,0.0
8644,34.79,34.79,0.0,0.0,0.0,0.9,0.0,0.0
8645,34.79,12.65,0.0,0.0,21.74,0.9,0.4,0.0
8646,34.79,7.81,0.0,0.0,0.0,0.1,26.97,0.0
8647,36.74,24.78,7.19,0.0,0.0,0.1,4.77,0.0
8648,38.61,27.01,17.84,6.23,0.0,0.1,0.0,0.0
8649,40.34,11.46,23.91,0.0,3.41,0.307,1.56,0.0
8650,41.86,10.25,29.39,0.0,2.22,0.1816,0.0,0.0
8651,43.1,10.94,32.16,0.0,0.0,0.1,0.0,0.0
8652,44.02,10.77,33.25,0.0,0.0,0.1,0.0,0.0
8653,44.59,18.63,25.96,0.0,0.0,0.1,0.0,0.0
8654,44.79,28.65,16.13,0.0,0.0,0.1,0.0,0.0
8655,44.59,10.98,22.58,0.0,0.0,0.1,11.03,0.0
8656,44.02,21.07,16.39,0.0,0.0,0.1,6.56,0.0
8657,43.1,43.18,8.87,8.95,0.0,0.1,0.0,0.0
8658,41.86,30.17,0.0,0.0,1.03,0.3972,10.66,0.0
8659,40.34,33.29,0.0,0.0,7.05,0.3595,0.0,0.0
8660,38.61,57.12,0.0,18.51,0.0,0.1,0.0,0.0
8661,36.74,20.03,0.0,0.0,16.71,0.7149,0.0,0.0
8662,34.79,38.26,0.0,3.48,0.0,0.1,0.0,0.0
8663,34.79,55.39,0.0,20.61,0.0,0.2155,0.0,0.0
8664,34.83,23.4,0.0,0.0,11.42,0.9,0.0,0.0
8665,34.83,47.49,0.0,12.66,0.0,0.4795,0.0,0.0
8666,34.83,28.37,0.0,0.0,6.46,0.9,0.0,0.0
8667,34.83,29.71,0.0,0.0,5.11,0.6623,0.0,0.0
8668,34.83,34.83,0.0,0.0,0.0,0.4741,0.0,0.0
8669,34.83,34.83,0.0,0.0,0.0,0.4741,0.0,0.0
8670,34.83,34.83,0.0,0.0,0.0,0.4741,0.0,0.0
8671,36.78,28.1,8.68,0.0,0.0,0.4741,0.0,0.0
8672,38.65,22.09,16.57,0.0,0.0,0.4741,0.0,0.0
8673,40.38,34.3,6.08,0.0,0.0,0.4741,0.0,0.0
8674,41.9,11.06,30.84,0.0,0.0,0.4741,0.0,0.0
8675,43.14,28.88,14.26,0.0,0.0,0.4741,0.0,0.0
8676,44.07,21.71,22.36,0.0,0.0,0.4741,0.0,0.0
8677,44.64,24.39,20.25,0.0,0.0,0.4741,0.0,0.0
8678,44.83,25.16,19.67,0.0,0.0,0.4741,0.0,0.0
8679,44.64,6.75,23.76,0.0,0.0,0.4741,14.12,0.0
8680,44.07,13.52,15.96,12.82,0.0,0.4741,27.4,0.0
8681,43.14,27.97,8.81,0.0,0.0,0.9,6.36,0.0
8682,41.9,12.9,0.0,0.0,21.74,0.9,7.26,0.0
8683,40.38,40.24,0.0,0.0,0.0,0.1,0.14,0.0
8684,38.65,43.02,0.0,4.36,0.0,0.1,0.0,0.0
8685,36.78,39.7,0.0,2.92,0.0,0.2449,0.0,0.0
8686,34.83,27.0,0.0,0.0,6.57,0.3417,1.26,0.0
8687,34.83,34.83,0.0,0.0,0.0,0.1,0.0,0.0
8688,34.87,34.87,0.0,0.0,0.0,0.1,0.0,0.0
8689,34.87,34.87,0.0,0.0,0.0,0.1,0.0,0.0
8690,34.87,34.87,0.0,0.0,0.0,0.1,0.0,0.0
8691,34.87,34.87,0.0,0.0,0.0,0.1,0.0,0.0
8692,34.87,34.87,0.0,0.0,0.0,0.1,0.0,0.0
8693,34.87,30.89,0.0,0.0,0.0,0.1,3.98,0.0
8694,34.87,29.18,0.0,0.0,0.0,0.1,5.69,0.0
8695,36.82,35.89,0.93,0.0,0.0,0.1,0.0,0.0
8696,38.7,23.37,15.33,0.0,0.0,0.1,0.0,0.0
8697,40.43,8.78,25.56,0.0,0.0,0.1,6.09,0.0
8698,41.94,10.83,31.11,0.0,0.0,0.1,0.0,0.0
8699,43.19,8.39,33.27,0.0,0.0,0.1,1.53,0.0
8700,44.11,35.35,8.76,0.0,0.0,0.1,0.0,0.0
8701,44.68,14.23,30.45,0.0,0.0,0.1,0.0,0.0
8702,44.87,6.79,30.06,0.0,0.0,0.1,8.02,0.0
8703,44.68,21.61,23.07,0.0,0.0,0.1,0.0,0.0
8704,44.11,41.77,2.34,0.0,0.0,0.1,0.0,0.0
8705,43.19,33.51,6.95,0.0,0.0,0.1,2.73,0.0
8706,41.94,31.54,0.0,0.0,0.0,0.1,10.4,0.0
8707,40.43,36.1,0.0,0.0,0.0,0.1,4.33,0.0
8708,38.7,48.37,0.0,9.68,0.0,0.1,0.0,0.0
8709,36.82,27.88,0.0,0.0,8.73,0.4214,0.21,0.0
8710,34.87,34.87,0.0,0.0,0.0,0.1,0.0,0.0
8711,34.87,34.58,0.0,0.0,0.0,0.1,0.3,0.0
8712,34.91,27.88,0.0,0.0,0.0,0.1,7.04,0.0
8713,34.91,34.91,0.0,0.0,0.0,0.1,0.0,0.0
8714,34.91,45.96,0.0,11.05,0.0,0.1,0.0,0.0
8715,34.91,42.07,0.0,7.16,0.0,0.4669,0.0,0.0
8716,34.91,40.8,0.0,5.88,0.0,0.7046,0.0,0.0
8717,34.91,33.52,0.0,0.0,1.39,0.9,0.0,0.0
8718,34.91,34.68,0.0,0.0,0.0,0.8487,0.23,0.0
8719,36.86,19.1,9.23,0.0,8.54,0.8487,0.0,0.0
8720,38.74,21.56,16.82,0.0,0.36,0.5345,0.0,0.0
8721,40.47,24.46,16.01,0.0,0.0,0.5212,0.0,0.0
8722,41.99,11.05,30.93,0.0,0.0,0.5212,0.0,0.0
8723,43.23,10.71,32.52,0.0,0.0,0.5212,0.0,0.0
8724,44.15,18.32,25.83,0.0,0.0,0.5212,0.0,0.0
8725,44.72,16.3,28.42,0.0,0.0,0.5212,0.0,0.0
8726,44.91,15.72,29.2,0.0,0.0,0.5212,0.0,0.0
8727,44.72,21.2,23.52,0.0,0.0,0.5212,0.0,0.0
8728,44.15,28.68,16.98,1.5,0.0,0.5212,0.0,0.0
8729,43.23,24.69,7.5,0.0,0.0,0.5712,11.05,0.0
8730,41.99,25.09,0.0,0.0,0.0,0.5712,16.9,0.0
8731,40.47,30.79,0.0,0.0,9.68,0.5712,0.0,0.0
8732,38.74,37.34,0.0,10.18,0.0,0.215,11.58,0.0
8733,36.86,17.98,0.0,0.0,0.0,0.553,18.89,0.0
8734,34.91,22.61,0.0,0.0,12.31,0.553,0.0,0.0
8735,34.91,32.77,0.0,0.0,0.0,0.1,2.14,0.0
8736,34.96,41.42,0.0,6.46,0.0,0.1,0.0,0.0
8737,34.96,34.93,0.0,0.0,0.03,0.3147,0.0,0.0
8738,34.96,52.61,0.0,17.66,0.0,0.3135,0.0,0.0
8739,34.96,21.9,0.0,0.0,3.02,0.9,10.04,0.0
8740,34.96,27.06,0.0,0.0,7.9,0.789,0.0,0.0
8741,34.96,47.05,0.0,12.09,0.0,0.4984,0.0,0.0
8742,34.96,30.83,0.0,0.0,4.13,0.9,0.0,0.0
8743,36.91,35.7,1.21,0.0,0.0,0.7479,0.0,0.0
8744,38.78,21.52,17.27,0.0,0.0,0.7479,0.0,0.0
8745,40.51,15.74,23.04,0.0,0.0,0.7479,1.73,0.0
8746,42.03,20.03,22.0,0.0,0.0,0.7479,0.0,0.0
8747,43.27,8.53,34.74,0.0,0.0,0.7479,0.0,0.0
8748,44.2,0.45,34.74,0.0,0.0,0.7479,9.01,0.0
8749,44.76,10.25,34.52,0.0,0.0,0.7479,0.0,0.0
8750,44.96,29.68,15.27,0.0,0.0,0.7479,0.0,0.0
8751,44.76,21.0,23.76,0.0,0.0,0.7479,0.0,0.0
8752,44.2,30.71,16.03,2.54,0.0,0.7479,0.0,0.0
8753,43.27,23.29,7.1,0.0,9.87,0.8325,3.01,0.0
8754,42.03,23.07,0.0,0.0,0.0,0.4691,18.95,0.0
8755,40.51,40.51,0.0,0.0,0.0,0.4691,0.0,0.0
8756,38.78,29.56,0.0,0.0,9.22,0.4691,0.0,0.0
8757,36.91,36.91,0.0,0.0,0.0,0.1297,0.0,0.0
8758,34.96,39.67,0.0,4.71,0.0,0.1297,0.0,0.0
8759,34.96,53.44,0.0,18.48,0.0,0.2862,0.0,0.0
