Hour,Load,P_WT,P_PV,P_ST_Charge,P_ST_Discharge,SOC,P_Grid_Buy,P_Grid_Sell
0,35.0,2.3,0.0,0.0,2.7,0.5,30.0,0.0
1,35.0,1.96,0.0,0.0,3.04,0.4792,30.0,0.0
2,35.0,2.31,0.0,0.0,2.69,0.4557,30.0,0.0
3,35.0,2.68,0.0,0.0,2.32,0.4349,30.0,0.0
4,35.0,1.67,0.0,0.0,3.33,0.417,30.0,0.0
5,35.0,1.55,0.0,0.0,3.45,0.3913,30.0,0.0
6,35.0,2.34,0.0,0.0,2.66,0.3646,30.0,0.0
7,36.95,1.79,7.64,2.48,0.0,0.3441,30.0,0.0
8,38.83,1.04,17.39,0.0,0.0,0.3614,20.4,0.0
9,40.56,1.45,9.51,0.41,0.0,0.3614,30.0,0.0
10,42.07,0.85,11.22,0.0,0.0,0.3642,30.0,0.0
11,43.31,0.8,34.22,0.0,0.0,0.3642,8.29,0.0
12,44.24,1.15,36.41,23.32,0.0,0.3642,30.0,0.0
13,44.81,0.06,36.31,21.57,0.0,0.5267,30.0,0.0
14,45.0,0.21,31.48,16.69,0.0,0.6769,30.0,0.0
15,44.81,0.89,24.41,10.49,0.0,0.7932,30.0,0.0
16,44.24,0.76,18.32,4.84,0.0,0.8663,30.0,0.0
17,43.31,1.56,9.23,0.0,2.52,0.9,30.0,0.0
18,42.07,1.07,0.0,0.0,11.0,0.8805,30.0,0.0
19,40.56,0.94,0.0,0.0,9.61,0.7956,30.0,0.0
20,38.83,2.54,0.0,0.0,6.29,0.7214,30.0,0.0
21,36.95,1.78,0.0,0.0,5.17,0.6729,30.0,0.0
22,35.0,2.01,0.0,0.0,2.99,0.633,30.0,0.0
23,35.0,1.3,0.0,0.0,3.7,0.6099,30.0,0.0
24,35.04,1.77,0.0,0.0,3.28,0.5814,30.0,0.0
25,35.04,2.09,0.0,0.0,2.96,0.5561,30.0,0.0
26,35.04,1.39,0.0,0.0,3.65,0.5333,30.0,0.0
27,35.04,2.09,0.0,0.0,2.95,0.5051,30.0,0.0
28,35.04,1.48,0.0,0.0,3.56,0.4823,30.0,0.0
29,35.04,1.52,0.0,0.0,3.53,0.4548,30.0,0.0
30,35.04,1.23,0.0,0.0,3.82,0.4276,30.0,0.0
31,36.99,2.35,8.43,3.79,0.0,0.3981,30.0,0.0
32,38.87,1.27,17.57,0.0,0.0,0.4245,20.03,0.0
33,40.6,0.63,9.97,0.0,0.0,0.4245,30.0,0.0
34,42.11,1.51,31.43,0.0,39.17,0.4245,0.0,30.0
35,43.36,0.42,35.56,22.62,0.0,0.1221,30.0,0.0
36,44.28,1.13,36.5,23.34,0.0,0.2797,30.0,0.0
37,44.85,0.04,33.75,18.93,0.0,0.4424,30.0,0.0
38,45.04,0.41,29.81,15.18,0.0,0.5743,30.0,0.0
39,44.85,1.27,25.18,11.6,0.0,0.68,30.0,0.0
40,44.28,1.66,16.96,4.34,0.0,0.7608,30.0,0.0
41,43.36,1.49,9.43,0.0,2.44,0.791,30.0,0.0
42,42.11,1.48,0.0,0.0,10.64,0.7722,30.0,0.0
43,40.6,1.51,0.0,0.0,9.09,0.6901,30.0,0.0
44,38.87,1.03,0.0,0.0,7.84,0.62,30.0,0.0
45,36.99,1.53,0.0,0.0,5.47,0.5595,30.0,0.0
46,35.04,1.74,0.0,0.0,3.3,0.5173,30.0,0.0
47,35.04,2.57,0.0,0.0,2.47,0.4918,30.0,0.0
48,35.09,2.22,0.0,0.0,2.86,0.4727,30.0,0.0
49,35.09,1.13,0.0,0.0,3.96,0.4506,30.0,0.0
50,35.09,2.14,0.0,0.0,2.94,0.42,30.0,0.0
51,35.09,1.7,0.0,0.0,3.39,0.3973,30.0,0.0
52,35.09,1.44,0.0,0.0,3.64,0.3712,30.0,0.0
53,35.09,1.98,0.0,0.0,28.46,0.3431,4.64,0.0
54,35.09,2.06,0.0,0.0,3.02,0.1233,30.0,0.0
55,37.04,1.88,8.85,3.69,0.0,0.1,30.0,0.0
56,38.91,0.85,17.63,0.0,0.0,0.1257,20.43,0.0
57,40.64,1.01,24.65,0.0,0.0,0.1257,14.98,0.0
58,42.16,1.26,30.06,0.0,3.33,0.1257,7.5,0.0
59,43.4,1.54,34.99,23.13,0.0,0.1,30.0,0.0
60,44.32,0.78,35.78,22.24,0.0,0.2611,30.0,0.0
61,44.89,0.95,34.75,20.8,0.0,0.416,30.0,0.0
62,45.09,0.53,30.85,16.29,0.0,0.561,30.0,0.0
63,44.89,0.56,24.67,10.34,0.0,0.6744,30.0,0.0
64,44.32,1.69,16.3,3.67,0.0,0.7464,30.0,0.0
65,43.4,2.1,9.54,0.0,1.76,0.772,30.0,0.0
66,42.16,1.5,0.0,0.0,10.66,0.7584,30.0,0.0
67,40.64,2.18,0.0,0.0,8.46,0.6761,30.0,0.0
68,38.91,1.98,0.0,0.0,6.94,0.6108,30.0,0.0
69,37.04,1.57,0.0,0.0,5.47,0.5573,30.0,0.0
70,35.09,2.16,0.0,0.0,2.92,0.515,30.0,0.0
71,35.09,2.82,0.0,0.0,2.27,0.4925,30.0,0.0
72,35.13,2.03,0.0,0.0,3.1,0.4749,30.0,0.0
73,35.13,2.83,0.0,0.0,2.3,0.451,30.0,0.0
74,35.13,0.64,0.0,0.0,4.49,0.4332,30.0,0.0
75,35.13,2.32,0.0,0.0,2.81,0.3986,30.0,0.0
76,35.13,1.83,0.0,0.0,3.29,0.3769,30.0,0.0
77,35.13,1.51,0.0,0.0,3.62,0.3514,30.0,0.0
78,35.13,1.58,0.0,0.0,3.55,0.3235,30.0,0.0
79,37.08,0.38,7.64,0.94,0.0,0.2961,30.0,0.0
80,38.96,1.17,17.97,10.18,0.0,0.3027,30.0,0.0
81,40.68,1.36,24.65,15.32,0.0,0.3736,30.0,0.0
82,42.2,1.85,10.35,0.0,0.0,0.4804,30.0,0.0
83,43.44,0.0,0.0,0.0,43.44,0.4804,0.0,0.0
84,44.37,0.61,35.03,21.27,0.0,0.145,30.0,0.0
85,44.94,0.78,34.0,19.85,0.0,0.2932,30.0,0.0
86,45.13,1.56,31.73,18.16,0.0,0.4315,30.0,0.0
87,44.94,1.34,26.68,13.09,0.0,0.558,30.0,0.0
88,44.37,1.01,18.01,4.65,0.0,0.6491,30.0,0.0
89,43.44,1.66,8.57,0.0,3.21,0.6815,30.0,0.0
90,42.2,1.58,0.0,0.0,10.62,0.6568,30.0,0.0
91,40.68,2.16,0.0,0.0,8.52,0.5748,30.0,0.0
92,38.96,1.43,0.0,0.0,7.53,0.509,30.0,0.0
93,37.08,1.73,0.0,0.0,9.13,0.4509,26.22,0.0
94,35.13,1.78,0.0,0.0,3.35,0.3804,30.0,0.0
95,35.13,1.28,0.0,0.0,3.85,0.3546,30.0,0.0
96,35.17,2.2,0.0,0.0,2.98,0.3249,30.0,0.0
97,35.17,2.16,0.0,0.0,3.01,0.3019,30.0,0.0
98,35.17,1.98,0.0,0.0,3.19,0.2786,30.0,0.0
99,35.17,1.78,0.0,0.0,3.4,0.254,30.0,0.0
100,35.17,1.07,0.0,0.0,4.11,0.2278,30.0,0.0
101,35.17,1.45,0.0,0.0,3.72,0.1961,30.0,0.0
102,35.17,1.36,0.0,0.0,3.81,0.1674,30.0,0.0
103,37.12,0.99,9.42,3.29,0.0,0.1379,30.0,0.0
104,39.0,0.0,9.0,0.0,0.0,0.1608,30.0,0.0
105,40.73,1.38,24.79,15.44,0.0,0.1608,30.0,0.0
106,42.24,2.06,30.24,0.0,0.0,0.2684,9.94,0.0
107,43.49,1.13,34.96,0.0,0.0,0.2684,7.4,0.0
108,44.41,1.15,35.31,22.05,0.0,0.2684,30.0,0.0
109,44.98,1.0,35.48,21.5,0.0,0.422,30.0,0.0
110,45.17,0.11,31.9,16.84,0.0,0.5718,30.0,0.0
111,44.98,1.16,25.75,11.93,0.0,0.6891,30.0,0.0
112,44.41,1.31,18.46,5.35,0.0,0.7722,30.0,0.0
113,43.49,0.0,7.24,0.0,6.25,0.8095,30.0,0.0
114,42.24,1.44,0.0,0.0,10.81,0.7612,30.0,0.0
115,40.73,1.82,0.0,0.0,8.91,0.6778,30.0,0.0
116,39.0,1.77,0.0,0.0,7.23,0.6091,30.0,0.0
117,37.12,1.3,0.0,0.0,5.83,0.5533,30.0,0.0
118,35.17,0.0,0.0,0.0,5.17,0.5083,30.0,0.0
119,35.17,0.0,0.0,0.0,5.17,0.4684,30.0,0.0
120,35.21,2.45,0.0,0.0,2.77,0.4285,30.0,0.0
121,35.21,1.56,0.0,0.0,3.65,0.4071,30.0,0.0
122,35.21,2.69,0.0,0.0,2.52,0.3789,30.0,0.0
123,35.21,1.18,0.0,0.0,4.04,0.3594,30.0,0.0
124,35.21,2.09,0.0,0.0,3.13,0.3283,30.0,0.0
125,35.21,2.79,0.0,0.0,2.43,0.3041,30.0,0.0
126,35.21,1.03,0.0,0.0,4.19,0.2854,30.0,0.0
127,37.17,1.11,8.08,2.02,0.0,0.2531,30.0,0.0
128,39.04,1.33,16.49,8.78,0.0,0.2672,30.0,0.0
129,40.77,0.91,25.66,0.0,0.0,0.3283,14.19,0.0
130,42.29,0.3,30.66,0.0,11.33,0.3283,0.0,0.0
131,43.53,1.07,36.24,0.0,0.0,0.2408,6.22,0.0
132,44.45,0.48,36.16,22.18,0.0,0.2408,30.0,0.0
133,45.02,1.28,34.03,20.29,0.0,0.3954,30.0,0.0
134,45.21,0.62,29.87,15.27,0.0,0.5367,30.0,0.0
135,45.02,1.96,26.65,13.59,0.0,0.6431,30.0,0.0
136,44.45,0.88,17.68,4.1,0.0,0.7378,30.0,0.0
137,43.53,1.24,0.0,0.0,12.29,0.7664,30.0,0.0
138,42.29,1.95,0.0,0.0,10.34,0.6715,30.0,0.0
139,40.77,1.04,0.0,0.0,9.74,0.5917,30.0,0.0
140,39.04,1.91,0.0,0.0,7.14,0.5165,30.0,0.0
141,37.17,2.56,0.0,0.0,4.6,0.4615,30.0,0.0
142,35.21,1.15,0.0,0.0,4.06,0.4259,30.0,0.0
143,35.21,2.12,0.0,0.0,3.09,0.3946,30.0,0.0
144,35.26,2.18,0.0,0.0,3.08,0.3707,30.0,0.0
145,35.26,2.43,0.0,0.0,2.83,0.3469,30.0,0.0
146,35.26,1.34,0.0,0.0,3.92,0.3251,30.0,0.0
147,35.26,1.22,0.0,0.0,4.04,0.2948,30.0,0.0
148,35.26,2.05,0.0,0.0,3.2,0.2637,30.0,0.0
149,35.26,1.82,0.0,0.0,3.44,0.2389,30.0,0.0
150,35.26,1.66,0.0,0.0,3.6,0.2124,30.0,0.0
151,37.21,1.58,7.42,1.79,0.0,0.1846,30.0,0.0
152,39.08,0.93,18.15,10.0,0.0,0.197,30.0,0.0
153,40.81,0.0,25.98,15.17,0.0,0.2667,30.0,0.0
154,42.33,0.0,12.33,0.0,0.0,0.3724,30.0,0.0
155,43.57,0.67,36.45,0.0,0.0,0.3724,6.45,0.0
156,44.5,1.97,36.02,23.5,0.0,0.3724,30.0,0.0
157,45.07,1.28,34.02,20.24,0.0,0.5361,30.0,0.0
158,45.26,0.48,30.82,16.04,0.0,0.6771,30.0,0.0
159,45.07,1.51,25.56,12.0,0.0,0.7888,30.0,0.0
160,44.5,0.78,17.68,3.96,0.0,0.8724,30.0,0.0
161,43.57,1.8,7.47,0.0,4.3,0.9,30.0,0.0
162,42.33,2.12,0.0,0.0,10.2,0.8668,30.0,0.0
163,40.81,1.24,0.0,0.0,9.57,0.788,30.0,0.0
164,39.08,2.28,0.0,0.0,6.8,0.7142,30.0,0.0
165,37.21,2.1,0.0,0.0,5.1,0.6616,30.0,0.0
166,35.26,2.4,0.0,0.0,2.86,0.6222,30.0,0.0
167,35.26,3.0,0.0,0.0,2.26,0.6001,30.0,0.0
168,35.3,1.92,0.0,0.0,3.38,0.5827,30.0,0.0
169,35.3,1.64,0.0,0.0,3.66,0.5566,30.0,0.0
170,35.3,1.52,0.0,0.0,3.78,0.5283,30.0,0.0
171,35.3,1.48,0.0,0.0,3.83,0.4991,30.0,0.0
172,35.3,1.75,0.0,0.0,3.55,0.4696,30.0,0.0
173,35.3,1.84,0.0,0.0,3.46,0.4422,30.0,0.0
174,35.3,1.67,0.0,0.0,3.63,0.4154,30.0,0.0
175,37.25,1.82,9.48,4.05,0.0,0.3874,30.0,0.0
176,39.13,1.28,18.83,0.0,0.0,0.4156,19.02,0.0
177,40.86,1.91,15.4,6.46,0.0,0.4156,30.0,0.0
178,42.37,0.95,31.8,20.38,0.0,0.4606,30.0,0.0
179,43.62,2.43,35.54,0.0,35.65,0.6026,0.0,30.0
180,44.54,1.34,36.41,23.21,0.0,0.3274,30.0,0.0
181,45.11,0.6,36.48,21.97,0.0,0.4891,30.0,0.0
182,45.3,0.54,32.42,17.66,0.0,0.6422,30.0,0.0
183,45.11,1.42,24.45,10.75,0.0,0.7652,30.0,0.0
184,44.54,1.16,17.62,4.24,0.0,0.8401,30.0,0.0
185,43.62,1.76,7.35,0.0,34.5,0.8697,0.0,0.0
186,42.37,1.77,0.0,0.0,10.6,0.6033,30.0,0.0
187,40.86,1.63,0.0,0.0,9.23,0.5215,30.0,0.0
188,39.13,1.35,0.0,0.0,7.77,0.4503,30.0,0.0
189,37.25,1.12,0.0,0.0,6.13,0.3903,30.0,0.0
190,35.3,1.75,0.0,0.0,3.55,0.3429,30.0,0.0
191,35.3,2.46,0.0,0.0,2.84,0.3155,30.0,0.0
192,35.34,2.15,0.0,0.0,3.19,0.2936,30.0,0.0
193,35.34,1.39,0.0,0.0,3.96,0.269,30.0,0.0
194,35.34,2.06,0.0,0.0,3.28,0.2384,30.0,0.0
195,35.34,2.09,0.0,0.0,3.25,0.2131,30.0,0.0
196,35.34,1.33,0.0,0.0,4.01,0.188,30.0,0.0
197,35.34,1.74,0.0,0.0,3.6,0.157,30.0,0.0
198,35.34,1.56,0.0,0.0,3.78,0.1292,30.0,0.0
199,37.29,0.81,9.51,3.03,0.0,0.1,30.0,0.0
200,39.17,1.46,7.71,0.0,0.0,0.1211,30.0,0.0
201,40.9,1.46,26.83,17.38,0.0,0.1211,30.0,0.0
202,42.41,1.64,10.77,0.0,0.0,0.2422,30.0,0.0
203,43.66,1.57,33.81,0.0,0.0,0.2422,8.27,0.0
204,44.58,0.31,35.83,21.56,0.0,0.2422,30.0,0.0
205,45.15,0.56,35.14,20.54,0.0,0.3924,30.0,0.0
206,45.34,1.35,32.79,18.8,0.0,0.5355,30.0,0.0
207,45.15,1.43,24.85,11.13,0.0,0.6665,30.0,0.0
208,44.58,1.54,17.05,4.0,0.0,0.744,30.0,0.0
209,43.66,3.37,9.74,0.0,0.55,0.7718,30.0,0.0
210,42.41,1.82,0.0,0.0,10.59,0.7676,30.0,0.0
211,40.9,2.24,0.0,0.0,8.66,0.6859,30.0,0.0
212,39.17,2.27,0.0,0.0,6.9,0.619,30.0,0.0
213,37.29,2.22,0.0,0.0,5.07,0.5658,30.0,0.0
214,35.34,1.81,0.0,0.0,3.53,0.5267,30.0,0.0
215,35.34,0.0,0.0,0.0,5.34,0.4994,30.0,0.0
216,35.39,1.64,0.0,0.0,3.74,0.4582,30.0,0.0
217,35.39,1.9,0.0,0.0,3.48,0.4293,30.0,0.0
218,35.39,1.72,0.0,0.0,3.66,0.4024,30.0,0.0
219,35.39,1.93,0.0,0.0,3.45,0.3741,30.0,0.0
220,35.39,0.0,0.0,0.0,5.39,0.3475,30.0,0.0
221,35.39,0.0,0.0,0.0,5.39,0.3059,30.0,0.0
222,35.39,1.88,0.0,0.0,3.51,0.2643,30.0,0.0
223,37.34,0.57,7.05,0.28,0.0,0.2373,30.0,0.0
224,39.21,1.03,0.0,0.0,8.18,0.2392,30.0,0.0
225,40.94,0.0,26.8,0.0,0.0,0.1761,14.14,0.0
226,42.46,1.12,31.72,0.0,0.0,0.1761,9.62,0.0
227,43.7,0.48,35.43,0.0,0.0,0.1761,7.79,0.0
228,44.62,0.65,37.32,23.35,0.0,0.1761,30.0,0.0
229,45.19,1.38,36.85,23.04,0.0,0.3387,30.0,0.0
230,45.39,0.71,32.42,17.74,0.0,0.4993,30.0,0.0
231,45.19,1.28,26.79,12.87,0.0,0.6229,30.0,0.0
232,44.62,1.3,18.41,5.08,0.0,0.7125,30.0,0.0
233,43.7,1.06,7.39,0.0,5.25,0.7479,30.0,0.0
234,42.46,2.63,0.0,0.0,9.83,0.7074,30.0,0.0
235,40.94,1.99,0.0,0.0,8.96,0.6315,30.0,0.0
236,39.21,0.75,0.0,0.0,8.46,0.5624,30.0,0.0
237,37.34,1.99,0.0,0.0,5.35,0.497,30.0,0.0
238,35.39,1.63,0.0,0.0,3.75,0.4557,30.0,0.0
239,35.39,2.46,0.0,0.0,2.93,0.4268,30.0,0.0
240,35.43,1.63,0.0,0.0,3.79,0.4042,30.0,0.0
241,35.43,1.96,0.0,0.0,3.47,0.3749,30.0,0.0
242,35.43,2.23,0.0,0.0,3.2,0.3481,30.0,0.0
243,35.43,2.33,0.0,0.0,3.1,0.3234,30.0,0.0
244,35.43,1.17,0.0,0.0,4.26,0.2995,30.0,0.0
245,35.43,1.49,0.0,0.0,3.94,0.2666,30.0,0.0
246,35.43,1.28,0.0,0.0,4.14,0.2362,30.0,0.0
247,37.38,1.06,8.86,2.55,0.0,0.2042,30.0,0.0
248,39.26,2.17,16.69,0.0,0.0,0.222,20.39,0.0
249,40.98,1.37,24.64,15.03,0.0,0.222,30.0,0.0
250,42.5,0.44,12.06,0.0,0.0,0.3267,30.0,0.0
251,43.74,1.5,35.69,0.0,0.0,0.3267,6.55,0.0
252,44.67,2.1,36.14,23.58,0.0,0.3267,30.0,0.0
253,45.24,1.56,35.79,22.11,0.0,0.4909,30.0,0.0
254,45.43,0.31,32.64,17.52,0.0,0.645,30.0,0.0
255,45.24,0.92,24.11,9.79,0.0,0.767,30.0,0.0
256,44.67,1.92,17.15,4.41,0.0,0.8352,30.0,0.0
257,43.74,1.03,7.23,0.0,5.48,0.8659,30.0,0.0
258,42.5,1.75,0.0,0.0,10.75,0.8236,30.0,0.0
259,40.98,2.06,0.0,0.0,8.93,0.7407,30.0,0.0
260,39.26,1.31,0.0,0.0,7.95,0.6717,30.0,0.0
261,37.38,1.86,0.0,0.0,5.52,0.6104,30.0,0.0
262,35.43,0.31,0.0,0.0,5.12,0.5678,30.0,0.0
263,35.43,1.5,0.0,0.0,3.93,0.5283,30.0,0.0
264,35.47,1.91,0.0,0.0,3.56,0.498,30.0,0.0
265,35.47,1.38,0.0,0.0,4.09,0.4705,30.0,0.0
266,35.47,2.8,0.0,0.0,2.67,0.4389,30.0,0.0
267,35.47,1.16,0.0,0.0,4.31,0.4183,30.0,0.0
268,35.47,1.56,0.0,0.0,3.91,0.385,30.0,0.0
269,35.47,1.72,0.0,0.0,3.75,0.3548,30.0,0.0
270,35.47,2.26,0.0,0.0,3.21,0.3259,30.0,0.0
271,37.42,0.66,8.82,2.06,0.0,0.3011,30.0,0.0
272,39.3,1.86,9.52,0.0,27.91,0.3155,0.0,0.0
273,41.03,1.17,9.86,0.0,0.0,0.1,30.0,0.0
274,42.54,0.0,25.73,13.19,0.0,0.1,30.0,0.0
275,43.79,1.27,36.64,24.12,0.0,0.1919,30.0,0.0
276,44.71,1.12,36.59,23.0,0.0,0.3599,30.0,0.0
277,45.28,0.72,36.23,21.68,0.0,0.5201,30.0,0.0
278,45.47,1.12,31.33,16.98,0.0,0.6712,30.0,0.0
279,45.28,0.97,27.11,12.8,0.0,0.7894,30.0,0.0
280,44.71,1.33,16.45,3.07,0.0,0.8786,30.0,0.0
281,43.79,1.73,9.9,0.0,2.15,0.9,30.0,0.0
282,42.54,2.34,0.0,0.0,10.2,0.8834,30.0,0.0
283,41.03,1.02,0.0,0.0,10.0,0.8046,30.0,0.0
284,39.3,2.87,0.0,0.0,6.42,0.7274,30.0,0.0
285,37.42,0.89,0.0,0.0,6.53,0.6778,30.0,0.0
286,35.47,1.89,0.0,0.0,3.58,0.6274,30.0,0.0
287,35.47,2.32,0.0,0.0,3.15,0.5998,30.0,0.0
288,35.51,2.18,0.0,0.0,3.33,0.5755,30.0,0.0
289,35.51,1.7,0.0,0.0,3.81,0.5497,30.0,0.0
290,35.51,1.86,0.0,0.0,3.65,0.5203,30.0,0.0
291,35.51,1.63,0.0,0.0,3.88,0.4921,30.0,0.0
292,35.51,1.48,0.0,0.0,4.03,0.4622,30.0,0.0
293,35.51,2.09,0.0,0.0,3.42,0.431,30.0,0.0
294,35.51,1.71,0.0,0.0,33.81,0.4046,0.0,0.0
295,37.46,1.04,7.03,0.61,0.0,0.1437,30.0,0.0
296,39.34,1.73,16.67,9.05,0.0,0.1479,30.0,0.0
297,41.07,0.0,11.07,0.0,0.0,0.211,30.0,0.0
298,42.58,1.5,32.99,0.0,0.0,0.211,8.1,0.0
299,43.83,1.35,35.36,0.0,0.0,0.211,7.11,0.0
300,44.75,0.59,38.49,24.33,0.0,0.211,30.0,0.0
301,45.32,0.74,34.97,20.39,0.0,0.3804,30.0,0.0
302,45.51,1.46,33.35,19.3,0.0,0.5225,30.0,0.0
303,45.32,1.47,26.99,13.14,0.0,0.657,30.0,0.0
304,44.75,1.26,18.57,5.07,0.0,0.7486,30.0,0.0
305,43.83,1.45,7.24,0.0,5.14,0.7839,30.0,0.0
306,42.58,2.18,0.0,0.0,10.41,0.7442,30.0,0.0
307,41.07,1.35,0.0,0.0,9.71,0.6639,30.0,0.0
308,39.34,2.06,0.0,0.0,14.3,0.5889,22.98,0.0
309,37.46,1.78,0.0,0.0,5.68,0.4785,30.0,0.0
310,35.51,1.86,0.0,0.0,3.66,0.4347,30.0,0.0
311,35.51,2.58,0.0,0.0,2.93,0.4064,30.0,0.0
312,35.55,2.46,0.0,0.0,3.1,0.3838,30.0,0.0
313,35.55,2.43,0.0,0.0,3.12,0.3599,30.0,0.0
314,35.55,2.63,0.0,0.0,2.92,0.3358,30.0,0.0
315,35.55,1.89,0.0,0.0,3.66,0.3132,30.0,0.0
316,35.55,2.13,0.0,0.0,3.43,0.285,30.0,0.0
317,35.55,1.5,0.0,0.0,4.06,0.2585,30.0,0.0
318,35.55,1.69,0.0,0.0,3.87,0.2272,30.0,0.0
319,37.51,1.32,8.43,2.25,0.0,0.1973,30.0,0.0
320,39.38,1.32,8.07,0.0,0.0,0.213,30.0,0.0
321,41.11,0.0,11.11,0.0,0.0,0.213,30.0,0.0
322,42.63,0.0,30.55,17.92,0.0,0.213,30.0,0.0
323,43.87,2.1,36.69,0.0,0.0,0.3379,5.08,0.0
324,44.79,0.5,38.46,24.17,0.0,0.3379,30.0,0.0
325,45.36,0.41,36.04,21.08,0.0,0.5062,30.0,0.0
326,45.55,1.67,32.29,18.4,0.0,0.6531,30.0,0.0
327,45.36,1.57,24.63,10.83,0.0,0.7813,30.0,0.0
328,44.79,1.59,19.23,6.02,0.0,0.8568,30.0,0.0
329,43.87,1.71,7.12,0.0,5.04,0.8987,30.0,0.0
330,42.63,1.52,0.0,0.0,11.11,0.8598,30.0,0.0
331,41.11,1.2,0.0,0.0,9.92,0.7741,30.0,0.0
332,39.38,1.82,0.0,0.0,7.57,0.6975,30.0,0.0
333,37.51,1.54,0.0,0.0,5.97,0.6391,30.0,0.0
334,35.55,2.46,0.0,0.0,3.09,0.5931,30.0,0.0
335,35.55,1.94,0.0,0.0,3.61,0.5692,30.0,0.0
336,35.6,1.61,0.0,0.0,3.99,0.5413,30.0,0.0
337,35.6,1.85,0.0,0.0,3.75,0.5105,30.0,0.0
338,35.6,2.17,0.0,0.0,3.42,0.4816,30.0,0.0
339,35.6,1.59,0.0,0.0,34.0,0.4552,0.0,0.0
340,35.6,1.36,0.0,0.0,4.24,0.1927,30.0,0.0
341,35.6,1.78,0.0,0.0,3.82,0.16,30.0,0.0
342,35.6,1.65,0.0,0.0,3.95,0.1305,30.0,0.0
343,37.55,1.13,8.03,1.62,0.0,0.1,30.0,0.0
344,39.42,1.02,18.5,0.0,0.0,0.1113,19.9,0.0
345,41.15,1.28,26.73,16.86,0.0,0.1113,30.0,0.0
346,42.67,0.34,32.48,0.0,0.0,0.2287,9.85,0.0
347,43.91,0.31,36.37,22.77,0.0,0.2287,30.0,0.0
348,44.84,0.64,35.96,21.76,0.0,0.3873,30.0,0.0
349,45.4,0.92,34.82,20.34,0.0,0.5389,30.0,0.0
350,45.6,1.24,31.31,16.95,0.0,0.6806,30.0,0.0
351,45.4,1.91,24.37,10.88,0.0,0.7986,30.0,0.0
352,44.84,0.0,18.04,3.2,0.0,0.8745,30.0,0.0
353,43.91,1.31,9.25,0.0,3.35,0.8968,30.0,0.0
354,42.67,1.51,0.0,0.0,11.16,0.8709,30.0,0.0
355,41.15,1.14,0.0,0.0,10.01,0.7848,30.0,0.0
356,39.42,1.77,0.0,0.0,7.66,0.7075,30.0,0.0
357,37.55,1.73,0.0,0.0,5.81,0.6484,30.0,0.0
358,35.6,2.13,0.0,0.0,3.47,0.6035,30.0,0.0
359,35.6,1.59,0.0,0.0,4.01,0.5767,30.0,0.0
360,35.64,2.3,0.0,0.0,3.34,0.5458,30.0,0.0
361,35.64,2.8,0.0,0.0,2.84,0.52,30.0,0.0
362,35.64,1.91,0.0,0.0,3.73,0.498,30.0,0.0
363,35.64,2.09,0.0,0.0,3.55,0.4692,30.0,0.0
364,35.64,2.13,0.0,0.0,3.51,0.4418,30.0,0.0
365,35.64,1.44,0.0,0.0,4.19,0.4147,30.0,0.0
366,35.64,1.63,0.0,0.0,28.13,0.3823,5.88,0.0
367,37.59,1.39,9.0,2.8,0.0,0.1652,30.0,0.0
368,39.47,0.0,9.47,0.0,0.0,0.1847,30.0,0.0
369,41.19,0.76,25.27,0.0,0.0,0.1847,15.16,0.0
370,42.71,1.09,11.62,0.0,0.0,0.1847,30.0,0.0
371,43.95,1.28,35.67,22.99,0.0,0.1847,30.0,0.0
372,44.88,1.75,38.08,24.95,0.0,0.3449,30.0,0.0
373,45.45,1.51,35.15,21.22,0.0,0.5187,30.0,0.0
374,45.64,2.18,31.18,17.71,0.0,0.6665,30.0,0.0
375,45.45,0.76,26.82,12.13,0.0,0.7899,30.0,0.0
376,44.88,1.71,16.84,3.67,0.0,0.8744,30.0,0.0
377,43.95,1.48,8.59,0.0,3.88,0.9,30.0,0.0
378,42.71,2.64,0.0,0.0,10.07,0.87,30.0,0.0
379,41.19,1.24,0.0,0.0,9.96,0.7923,30.0,0.0
380,39.47,1.34,0.0,0.0,8.12,0.7154,30.0,0.0
381,37.59,1.57,0.0,0.0,6.02,0.6527,30.0,0.0
382,35.64,0.87,0.0,0.0,4.76,0.6063,30.0,0.0
383,35.64,1.74,0.0,0.0,3.9,0.5695,30.0,0.0
384,35.68,1.64,0.0,0.0,4.04,0.5394,30.0,0.0
385,35.68,2.09,0.0,0.0,3.59,0.5082,30.0,0.0
386,35.68,2.13,0.0,0.0,3.55,0.4805,30.0,0.0
387,35.68,2.84,0.0,0.0,2.84,0.4531,30.0,0.0
388,35.68,2.26,0.0,0.0,3.42,0.4312,30.0,0.0
389,35.68,1.35,0.0,0.0,4.33,0.4048,30.0,0.0
390,35.68,1.06,0.0,0.0,4.62,0.3714,30.0,0.0
391,37.63,1.63,8.98,2.99,0.0,0.3357,30.0,0.0
392,39.51,0.0,16.5,0.0,23.01,0.3565,0.0,0.0
393,41.24,2.09,25.97,16.83,0.0,0.1789,30.0,0.0
394,42.75,1.68,32.85,7.69,0.0,0.2961,15.91,0.0
395,43.99,0.78,36.45,0.0,0.0,0.3497,6.76,0.0
396,44.92,0.13,38.25,23.45,0.0,0.3497,30.0,0.0
397,45.49,1.71,36.26,22.49,0.0,0.5131,30.0,0.0
398,45.68,1.01,33.01,18.34,0.0,0.6697,30.0,0.0
399,45.49,1.79,24.86,11.16,0.0,0.7975,30.0,0.0
400,44.92,0.44,18.02,3.55,0.0,0.8753,30.0,0.0
401,43.99,1.08,9.19,0.0,3.72,0.9,30.0,0.0
402,42.75,1.52,0.0,0.0,11.23,0.8713,30.0,0.0
403,41.24,1.67,0.0,0.0,9.56,0.7845,30.0,0.0
404,39.51,1.54,0.0,0.0,7.97,0.7107,30.0,0.0
405,37.63,2.2,0.0,0.0,5.43,0.6492,30.0,0.0
406,35.68,1.41,0.0,0.0,4.27,0.6073,30.0,0.0
407,35.68,1.94,0.0,0.0,3.74,0.5743,30.0,0.0
408,35.72,2.09,0.0,0.0,3.64,0.5454,30.0,0.0
409,35.72,2.27,0.0,0.0,3.45,0.5174,30.0,0.0
410,35.72,2.32,0.0,0.0,3.4,0.4908,30.0,0.0
411,35.72,1.3,0.0,0.0,4.42,0.4645,30.0,0.0
412,35.72,0.98,0.0,0.0,4.74,0.4304,30.0,0.0
413,35.72,2.3,0.0,0.0,3.42,0.3938,30.0,0.0
414,35.72,1.68,0.0,0.0,4.04,0.3674,30.0,0.0
415,37.67,1.0,8.18,1.51,0.0,0.3362,30.0,0.0
416,39.55,2.05,18.86,0.0,11.83,0.3467,6.81,0.0
417,41.28,1.21,27.06,0.0,0.0,0.2554,13.0,0.0
418,42.79,1.67,32.65,0.0,8.47,0.2554,0.0,0.0
419,44.04,1.05,34.97,21.99,0.0,0.19,30.0,0.0
420,44.96,2.06,37.41,24.51,0.0,0.3432,30.0,0.0
421,45.53,1.92,36.75,23.13,0.0,0.5139,30.0,0.0
422,45.72,0.94,30.8,16.03,0.0,0.675,30.0,0.0
423,45.53,1.65,25.03,11.15,0.0,0.7867,30.0,0.0
424,44.96,1.59,18.49,5.12,0.0,0.8643,30.0,0.0
425,44.04,2.08,7.05,0.0,4.9,0.9,30.0,0.0
426,42.79,1.02,0.0,0.0,11.77,0.8622,30.0,0.0
427,41.28,2.0,0.0,0.0,9.28,0.7713,30.0,0.0
428,39.55,2.31,0.0,0.0,7.24,0.6996,30.0,0.0
429,37.67,0.98,0.0,0.0,6.7,0.6438,30.0,0.0
430,35.72,1.35,0.0,0.0,4.37,0.5921,30.0,0.0
431,35.72,0.96,0.0,0.0,4.76,0.5583,30.0,0.0
432,35.76,1.88,0.0,0.0,3.88,0.5216,30.0,0.0
433,35.76,0.0,0.0,0.0,5.76,0.4917,30.0,0.0
434,35.76,2.72,0.0,0.0,3.04,0.4472,30.0,0.0
435,35.76,1.91,0.0,0.0,3.85,0.4237,30.0,0.0
436,35.76,2.6,0.0,0.0,3.16,0.394,30.0,0.0
437,35.76,0.94,0.0,0.0,4.83,0.3696,30.0,0.0
438,35.76,0.64,0.0,0.0,5.12,0.3323,30.0,0.0
439,37.71,1.35,8.74,2.38,0.0,0.2928,30.0,0.0
440,39.59,1.45,18.23,0.0,19.91,0.3093,0.0,0.0
441,41.32,1.13,26.49,0.0,0.0,0.1557,13.7,0.0
442,42.83,0.01,31.15,18.33,0.0,0.1557,30.0,0.0
443,44.08,0.97,36.9,23.79,0.0,0.2833,30.0,0.0
444,45.0,0.33,39.04,24.37,0.0,0.4491,30.0,0.0
445,45.57,1.36,34.9,20.69,0.0,0.6188,30.0,0.0
446,45.76,1.25,31.16,3.88,0.0,0.763,17.22,0.0
447,45.57,0.67,26.79,11.88,0.0,0.79,30.0,0.0
448,45.0,0.99,17.91,3.91,0.0,0.8728,30.0,0.0
449,44.08,0.0,0.0,0.0,14.08,0.9,30.0,0.0
450,42.83,0.0,0.0,0.0,12.83,0.7913,30.0,0.0
451,41.32,2.13,0.0,0.0,9.19,0.6923,30.0,0.0
452,39.59,1.26,0.0,0.0,8.33,0.6214,30.0,0.0
453,37.71,2.13,0.0,0.0,5.58,0.5571,30.0,0.0
454,35.76,1.68,0.0,0.0,4.08,0.514,30.0,0.0
455,35.76,1.6,0.0,0.0,4.16,0.4825,30.0,0.0
456,35.8,1.96,0.0,0.0,3.84,0.4504,30.0,0.0
457,35.8,1.47,0.0,0.0,4.33,0.4207,30.0,0.0
458,35.8,1.67,0.0,0.0,4.14,0.3873,30.0,0.0
459,35.8,1.26,0.0,0.0,4.55,0.3554,30.0,0.0
460,35.8,0.0,0.0,0.0,5.8,0.3203,30.0,0.0
461,35.8,1.66,0.0,0.0,4.15,0.2755,30.0,0.0
462,35.8,1.15,0.0,0.0,4.65,0.2435,30.0,0.0
463,37.75,1.48,7.46,1.19,0.0,0.2076,30.0,0.0
464,39.63,1.19,0.0,0.0,8.44,0.2159,30.0,0.0
465,41.36,1.03,10.33,0.0,0.0,0.1508,30.0,0.0
466,42.87,1.38,31.53,20.04,0.0,0.1508,30.0,0.0
467,44.12,1.4,37.45,24.74,0.0,0.2904,30.0,0.0
468,45.04,0.0,38.69,23.65,0.0,0.4627,30.0,0.0
469,45.61,0.0,35.96,20.35,0.0,0.6275,30.0,0.0
470,45.8,0.92,33.21,18.33,0.0,0.7692,30.0,0.0
471,45.61,0.0,25.52,0.0,0.0,0.8969,20.09,0.0
472,45.04,0.48,18.51,0.44,0.0,0.8969,26.5,0.0
473,44.12,2.07,9.28,0.0,2.76,0.9,30.0,0.0
474,42.87,2.35,0.0,0.0,10.53,0.8787,30.0,0.0
475,41.36,1.51,0.0,0.0,9.85,0.7974,30.0,0.0
476,39.63,2.06,0.0,0.0,7.57,0.7214,30.0,0.0
477,37.75,2.03,0.0,0.0,5.73,0.663,30.0,0.0
478,35.8,3.53,0.0,0.0,2.28,0.6188,30.0,0.0
479,35.8,2.57,0.0,0.0,3.23,0.6012,30.0,0.0
480,35.84,1.95,0.0,0.0,3.89,0.5763,30.0,0.0
481,35.84,1.51,0.0,0.0,4.33,0.5462,30.0,0.0
482,35.84,1.13,0.0,0.0,4.72,0.5128,30.0,0.0
483,35.84,1.97,0.0,0.0,3.87,0.4764,30.0,0.0
484,35.84,1.37,0.0,0.0,4.47,0.4465,30.0,0.0
485,35.84,0.91,0.0,0.0,4.93,0.412,30.0,0.0
486,35.84,1.17,0.0,0.0,4.67,0.3739,30.0,0.0
487,37.79,0.82,9.28,2.3,0.0,0.3378,30.0,0.0
488,39.67,0.0,9.67,0.0,0.0,0.3539,30.0,0.0
489,41.4,0.0,12.06,0.66,0.0,0.3539,30.0,0.0
490,42.91,1.06,11.86,0.0,0.0,0.3585,30.0,0.0
491,44.16,1.77,34.89,0.0,0.0,0.3585,7.5,0.0
492,45.08,1.03,36.5,22.45,0.0,0.3585,30.0,0.0
493,45.65,0.57,37.29,22.2,0.0,0.5148,30.0,0.0
494,45.84,1.84,34.05,20.05,0.0,0.6695,30.0,0.0
495,45.65,1.42,24.74,10.5,0.0,0.8092,30.0,0.0
496,45.08,0.72,16.9,2.53,0.0,0.8823,30.0,0.0
497,44.16,1.27,7.3,0.0,5.58,0.9,30.0,0.0
498,42.91,1.06,0.0,0.0,11.86,0.8569,30.0,0.0
499,41.4,0.93,0.0,0.0,10.47,0.7654,30.0,0.0
500,39.67,2.23,0.0,0.0,7.44,0.6845,30.0,0.0
501,37.79,2.84,0.0,0.0,4.95,0.6271,30.0,0.0
502,35.84,1.23,0.0,0.0,4.61,0.5889,30.0,0.0
503,35.84,2.29,0.0,0.0,3.56,0.5533,30.0,0.0
504,35.88,1.68,0.0,0.0,4.2,0.5259,30.0,0.0
505,35.88,1.75,0.0,0.0,4.14,0.4934,30.0,0.0
506,35.88,1.64,0.0,0.0,4.24,0.4615,30.0,0.0
507,35.88,1.42,0.0,0.0,4.46,0.4287,30.0,0.0
508,35.88,1.78,0.0,0.0,4.1,0.3943,30.0,0.0
509,35.88,1.21,0.0,0.0,4.68,0.3626,30.0,0.0
510,35.88,1.64,0.0,0.0,4.24,0.3265,30.0,0.0
511,37.84,1.34,7.52,1.03,0.0,0.2938,30.0,0.0
512,39.71,1.12,16.83,8.24,0.0,0.301,30.0,0.0
513,41.44,0.0,11.44,0.0,0.0,0.3584,30.0,0.0
514,42.96,0.0,33.09,0.0,0.0,0.3584,9.87,0.0
515,44.2,1.39,36.23,0.0,0.0,0.3584,6.58,0.0
516,45.12,1.25,38.05,24.18,0.0,0.3584,30.0,0.0
517,45.69,0.51,35.17,19.99,0.0,0.5268,30.0,0.0
518,45.88,1.11,32.91,18.13,0.0,0.666,30.0,0.0
519,45.69,1.52,26.39,12.22,0.0,0.7923,30.0,0.0
520,45.12,0.39,17.78,3.05,0.0,0.8775,30.0,0.0
521,44.2,1.65,8.94,0.0,3.61,0.8987,30.0,0.0
522,42.96,1.16,0.0,0.0,11.79,0.8709,30.0,0.0
523,41.44,1.93,0.0,0.0,9.51,0.7798,30.0,0.0
524,39.71,1.37,0.0,0.0,8.34,0.7064,30.0,0.0
525,37.84,0.94,0.0,0.0,6.89,0.642,30.0,0.0
526,35.88,1.11,0.0,0.0,4.77,0.5888,30.0,0.0
527,35.88,2.02,0.0,0.0,3.86,0.5519,30.0,0.0
528,35.92,2.14,0.0,0.0,27.84,0.5221,5.94,0.0
529,35.92,1.53,0.0,0.0,4.39,0.3072,30.0,0.0
530,35.92,2.27,0.0,0.0,3.66,0.2733,30.0,0.0
531,35.92,1.01,0.0,0.0,4.91,0.245,30.0,0.0
532,35.92,1.72,0.0,0.0,4.2,0.2071,30.0,0.0
533,35.92,1.01,0.0,0.0,4.91,0.1747,30.0,0.0
534,35.92,1.17,0.0,0.0,4.76,0.1367,30.0,0.0
535,37.88,1.39,9.05,2.57,0.0,0.1,30.0,0.0
536,39.75,0.8,19.35,10.4,0.0,0.1179,30.0,0.0
537,41.48,0.0,11.48,0.0,0.0,0.1903,30.0,0.0
538,43.0,1.57,31.97,0.0,0.0,0.1903,9.45,0.0
539,44.24,0.41,36.1,22.27,0.0,0.1903,30.0,0.0
540,45.16,1.41,38.77,25.02,0.0,0.3455,30.0,0.0
541,45.73,0.43,36.56,21.25,0.0,0.5198,30.0,0.0
542,45.92,1.33,32.57,17.97,0.0,0.6679,30.0,0.0
543,45.73,1.87,25.72,11.86,0.0,0.7931,30.0,0.0
544,45.16,0.0,18.65,3.48,0.0,0.8757,30.0,0.0
545,44.24,0.96,7.74,0.0,5.54,0.9,30.0,0.0
546,43.0,1.79,0.0,0.0,11.2,0.8572,30.0,0.0
547,41.48,1.53,0.0,0.0,9.95,0.7708,30.0,0.0
548,39.75,1.94,0.0,0.0,7.81,0.6939,30.0,0.0
549,37.88,1.55,0.0,0.0,6.32,0.6337,30.0,0.0
550,35.92,1.99,0.0,0.0,3.94,0.5849,30.0,0.0
551,35.92,1.91,0.0,0.0,4.01,0.5545,30.0,0.0
552,35.96,0.0,0.0,0.0,5.96,0.5235,30.0,0.0
553,35.96,2.12,0.0,0.0,3.84,0.4775,30.0,0.0
554,35.96,2.11,0.0,0.0,3.85,0.4478,30.0,0.0
555,35.96,1.65,0.0,0.0,4.32,0.418,30.0,0.0
556,35.96,1.5,0.0,0.0,4.46,0.3847,30.0,0.0
557,35.96,1.41,0.0,0.0,4.56,0.3503,30.0,0.0
558,35.96,1.7,0.0,0.0,4.27,0.3151,30.0,0.0
559,37.92,1.15,9.49,2.72,0.0,0.2821,30.0,0.0
560,39.79,0.0,9.79,0.0,0.0,0.3011,30.0,0.0
561,41.52,2.2,27.93,18.61,0.0,0.3011,30.0,0.0
562,43.04,1.5,31.77,0.0,9.76,0.4307,0.0,0.0
563,44.28,0.83,36.67,0.0,0.0,0.3554,6.78,0.0
564,45.2,1.6,36.93,23.32,0.0,0.3554,30.0,0.0
565,45.77,0.79,36.69,21.71,0.0,0.5178,30.0,0.0
566,45.96,0.01,34.24,18.29,0.0,0.669,30.0,0.0
567,45.77,0.62,27.6,12.44,0.0,0.7964,30.0,0.0
568,45.2,0.28,17.34,2.42,0.0,0.8831,30.0,0.0
569,44.28,1.18,8.73,0.0,4.37,0.9,30.0,0.0
570,43.04,1.5,0.0,0.0,11.53,0.8663,30.0,0.0
571,41.52,2.49,0.0,0.0,9.03,0.7773,30.0,0.0
572,39.79,1.92,0.0,0.0,7.87,0.7075,30.0,0.0
573,37.92,1.74,0.0,0.0,6.17,0.6468,30.0,0.0
574,35.96,2.36,0.0,0.0,3.6,0.5991,30.0,0.0
575,35.96,0.86,0.0,0.0,5.11,0.5713,30.0,0.0
576,36.0,2.12,0.0,0.0,3.88,0.5319,30.0,0.0
577,36.0,2.38,0.0,0.0,3.62,0.502,30.0,0.0
578,36.0,1.18,0.0,0.0,4.83,0.474,30.0,0.0
579,36.0,2.44,0.0,0.0,3.57,0.4368,30.0,0.0
580,36.0,1.92,0.0,0.0,4.08,0.4092,30.0,0.0
581,36.0,1.41,0.0,0.0,4.59,0.3777,30.0,0.0
582,36.0,1.82,0.0,0.0,4.19,0.3423,30.0,0.0
583,37.95,2.52,8.4,2.97,0.0,0.3099,30.0,0.0
584,39.83,1.33,0.0,0.0,29.88,0.3306,8.62,0.0
585,41.56,0.0,11.56,0.0,0.0,0.1,30.0,0.0
586,43.07,0.81,34.33,0.0,0.0,0.1,7.93,0.0
587,44.32,0.56,36.82,23.06,0.0,0.1,30.0,0.0
588,45.24,1.4,37.31,2.73,0.0,0.2607,9.26,0.0
589,45.81,0.56,37.67,22.42,0.0,0.2797,30.0,0.0
590,46.0,1.09,33.0,18.08,0.0,0.4359,30.0,0.0
591,45.81,0.89,26.77,11.85,0.0,0.5618,30.0,0.0
592,45.24,1.48,18.63,4.87,0.0,0.6444,30.0,0.0
593,44.32,1.53,9.92,0.0,2.87,0.6783,30.0,0.0
594,43.07,2.02,0.0,0.0,11.05,0.6561,30.0,0.0
595,41.56,1.36,0.0,0.0,10.2,0.5708,30.0,0.0
596,39.83,1.61,0.0,0.0,8.22,0.4921,30.0,0.0
597,37.95,1.35,0.0,0.0,6.6,0.4287,30.0,0.0
598,36.0,1.71,0.0,0.0,4.3,0.3777,30.0,0.0
599,36.0,2.18,0.0,0.0,3.82,0.3445,30.0,0.0
600,36.04,2.39,0.0,0.0,3.66,0.315,30.0,0.0
601,36.04,1.51,0.0,0.0,4.53,0.2868,30.0,0.0
602,36.04,2.38,0.0,0.0,3.67,0.2518,30.0,0.0
603,36.04,2.54,0.0,0.0,3.5,0.2235,30.0,0.0
604,36.04,1.96,0.0,0.0,4.09,0.1965,30.0,0.0
605,36.04,2.58,0.0,0.0,3.46,0.1649,30.0,0.0
606,36.04,1.09,0.0,0.0,4.95,0.1382,30.0,0.0
607,37.99,0.0,9.63,1.64,0.0,0.1,30.0,0.0
608,39.87,0.0,18.78,0.0,1.48,0.1114,19.61,0.0
609,41.6,1.89,27.9,18.19,0.0,0.1,30.0,0.0
610,43.11,1.38,32.48,0.0,0.0,0.2267,9.26,0.0
611,44.36,0.97,37.95,13.46,0.0,0.2267,18.9,0.0
612,45.28,1.12,38.42,24.26,0.0,0.3205,30.0,0.0
613,45.85,0.42,35.52,20.09,0.0,0.4895,30.0,0.0
614,46.04,2.3,34.47,20.72,0.0,0.6295,30.0,0.0
615,45.85,1.19,27.75,13.09,0.0,0.7738,30.0,0.0
616,45.28,1.29,19.02,5.03,0.0,0.865,30.0,0.0
617,44.36,1.73,7.38,0.0,5.25,0.9,30.0,0.0
618,43.11,1.73,0.0,0.0,37.29,0.8595,4.08,0.0
619,41.6,1.74,0.0,0.0,9.86,0.5716,30.0,0.0
620,39.87,1.34,0.0,0.0,8.53,0.4955,30.0,0.0
621,37.99,2.09,0.0,0.0,5.9,0.4296,30.0,0.0
622,36.04,2.89,0.0,0.0,3.15,0.3841,30.0,0.0
623,36.04,2.67,0.0,0.0,3.37,0.3598,30.0,0.0
624,36.08,2.81,0.0,0.0,3.27,0.3337,30.0,0.0
625,36.08,1.72,0.0,0.0,4.36,0.3085,30.0,0.0
626,36.08,1.42,0.0,0.0,4.66,0.2748,30.0,0.0
627,36.08,1.78,0.0,0.0,4.3,0.2388,30.0,0.0
628,36.08,1.77,0.0,0.0,4.31,0.2056,30.0,0.0
629,36.08,2.18,0.0,0.0,3.91,0.1723,30.0,0.0
630,36.08,0.62,0.0,0.0,5.46,0.1422,30.0,0.0
631,38.03,2.13,9.54,3.64,0.0,0.1,30.0,0.0
632,39.91,1.15,8.76,0.0,0.0,0.1254,30.0,0.0
633,41.64,0.9,25.33,4.13,0.0,0.1254,19.54,0.0
634,43.15,0.52,33.23,0.0,0.0,0.1542,9.4,0.0
635,44.4,0.14,36.53,0.0,0.0,0.1542,7.72,0.0
636,45.32,1.39,38.99,25.06,0.0,0.1542,30.0,0.0
637,45.89,1.03,35.56,20.7,0.0,0.3287,30.0,0.0
638,46.08,0.38,32.61,16.91,0.0,0.4729,30.0,0.0
639,45.89,0.46,27.7,12.27,0.0,0.5907,30.0,0.0
640,45.32,1.06,19.71,5.45,0.0,0.6762,30.0,0.0
641,44.4,2.21,7.41,0.0,4.78,0.7142,30.0,0.0
642,43.15,1.35,0.0,0.0,11.8,0.6773,30.0,0.0
643,41.64,0.85,0.0,0.0,10.79,0.5862,30.0,0.0
644,39.91,1.61,0.0,0.0,8.29,0.5029,30.0,0.0
645,38.03,1.71,0.0,0.0,6.33,0.4389,30.0,0.0
646,36.08,0.55,0.0,0.0,5.53,0.39,30.0,0.0
647,36.08,1.95,0.0,0.0,4.13,0.3473,30.0,0.0
648,36.12,1.87,0.0,0.0,4.25,0.3154,30.0,0.0
649,36.12,2.33,0.0,0.0,3.79,0.2826,30.0,0.0
650,36.12,2.87,0.0,0.0,3.25,0.2534,30.0,0.0
651,36.12,2.42,0.0,0.0,3.7,0.2283,30.0,0.0
652,36.12,1.6,0.0,0.0,4.52,0.1997,30.0,0.0
653,36.12,1.05,0.0,0.0,5.07,0.1648,30.0,0.0
654,36.12,2.8,0.0,0.0,3.32,0.1257,30.0,0.0
655,38.07,1.38,9.88,3.19,0.0,0.1,30.0,0.0
656,39.95,0.0,19.44,0.0,0.0,0.1222,20.51,0.0
657,41.68,1.11,26.35,15.78,0.0,0.1222,30.0,0.0
658,43.19,1.14,32.4,0.0,0.0,0.2322,9.66,0.0
659,44.44,0.91,36.27,0.41,0.0,0.2322,7.67,0.0
660,45.36,0.68,39.66,24.97,0.0,0.235,30.0,0.0
661,45.93,0.71,35.72,20.5,0.0,0.409,30.0,0.0
662,46.12,1.02,34.08,18.98,0.0,0.5518,30.0,0.0
663,45.93,0.84,26.56,11.47,0.0,0.684,30.0,0.0
664,45.36,0.86,18.25,3.75,0.0,0.7639,30.0,0.0
665,44.44,1.4,7.37,0.0,5.66,0.79,30.0,0.0
666,43.19,1.35,0.0,0.0,11.84,0.7463,30.0,0.0
667,41.68,2.38,0.0,0.0,9.29,0.6549,30.0,0.0
668,39.95,0.38,0.0,0.0,9.57,0.5832,30.0,0.0
669,38.07,2.4,0.0,0.0,5.67,0.5093,30.0,0.0
670,36.12,2.56,0.0,0.0,3.56,0.4655,30.0,0.0
671,36.12,0.91,0.0,0.0,5.21,0.4381,30.0,0.0
672,36.16,1.81,0.0,0.0,4.35,0.3979,30.0,0.0
673,36.16,1.78,0.0,0.0,4.38,0.3643,30.0,0.0
674,36.16,1.2,0.0,0.0,4.96,0.3305,30.0,0.0
675,36.16,1.44,0.0,0.0,4.72,0.2922,30.0,0.0
676,36.16,1.16,0.0,0.0,4.99,0.2558,30.0,0.0
677,36.16,2.51,0.0,0.0,3.65,0.2173,30.0,0.0
678,36.16,1.96,0.0,0.0,4.2,0.1891,30.0,0.0
679,38.11,1.99,9.05,2.94,0.0,0.1566,30.0,0.0
680,39.99,0.0,0.0,0.0,9.99,0.1771,30.0,0.0
681,41.71,0.54,28.26,0.0,0.0,0.1,12.92,0.0
682,43.23,0.77,33.4,20.93,0.0,0.1,30.0,0.0
683,44.47,1.23,37.47,24.23,0.0,0.2458,30.0,0.0
684,45.4,0.34,39.48,24.42,0.0,0.4146,30.0,0.0
685,45.97,1.35,35.98,21.36,0.0,0.5847,30.0,0.0
686,46.16,0.91,22.63,7.38,0.0,0.7335,30.0,0.0
687,45.97,0.92,27.11,12.07,0.0,0.7849,30.0,0.0
688,45.4,0.0,19.85,4.45,0.0,0.869,30.0,0.0
689,44.47,1.57,9.78,0.0,3.12,0.9,30.0,0.0
690,43.23,1.29,0.0,0.0,11.94,0.8759,30.0,0.0
691,41.71,2.2,0.0,0.0,9.51,0.7838,30.0,0.0
692,39.99,1.18,0.0,0.0,8.81,0.7104,30.0,0.0
693,38.11,2.15,0.0,0.0,5.96,0.6424,30.0,0.0
694,36.16,2.22,0.0,0.0,3.94,0.5964,30.0,0.0
695,36.16,1.81,0.0,0.0,4.35,0.566,30.0,0.0
696,36.2,2.15,0.0,0.0,4.05,0.5325,30.0,0.0
697,36.2,1.33,0.0,0.0,29.84,0.5012,5.03,0.0
698,36.2,2.39,0.0,0.0,3.81,0.2709,30.0,0.0
699,36.2,1.74,0.0,0.0,4.46,0.2415,30.0,0.0
700,36.2,1.46,0.0,0.0,4.74,0.2071,30.0,0.0
701,36.2,2.14,0.0,0.0,4.06,0.1706,30.0,0.0
702,36.2,1.11,0.0,0.0,5.08,0.1393,30.0,0.0
703,38.15,0.62,10.42,2.89,0.0,0.1,30.0,0.0
704,40.02,0.42,17.47,7.86,0.0,0.1201,30.0,0.0
705,41.75,1.42,28.39,0.0,0.0,0.1749,11.94,0.0
706,43.27,0.37,32.73,19.83,0.0,0.1749,30.0,0.0
707,44.51,1.88,35.95,0.0,0.0,0.3131,6.69,0.0
708,45.44,0.0,38.87,23.44,0.0,0.3131,30.0,0.0
709,46.0,1.85,38.41,24.25,0.0,0.4764,30.0,0.0
710,46.2,1.14,33.16,18.1,0.0,0.6453,30.0,0.0
711,46.0,1.06,26.64,11.7,0.0,0.7714,30.0,0.0
712,45.44,0.94,18.13,3.63,0.0,0.8529,30.0,0.0
713,44.51,1.54,9.93,0.0,3.04,0.8782,30.0,0.0
714,43.27,1.45,0.0,0.0,11.81,0.8547,30.0,0.0
715,41.75,2.17,0.0,0.0,9.58,0.7635,30.0,0.0
716,40.02,1.79,0.0,0.0,8.24,0.6895,30.0,0.0
717,38.15,1.91,0.0,0.0,6.24,0.6259,30.0,0.0
718,36.2,1.73,0.0,0.0,4.47,0.5778,30.0,0.0
719,36.2,1.94,0.0,0.0,4.26,0.5433,30.0,0.0
720,36.23,2.14,0.0,0.0,4.1,0.5104,30.0,0.0
721,36.23,1.09,0.0,0.0,5.15,0.4788,30.0,0.0
722,36.23,1.22,0.0,0.0,5.01,0.4391,30.0,0.0
723,36.23,2.21,0.0,0.0,4.02,0.4004,30.0,0.0
724,36.23,1.81,0.0,0.0,4.42,0.3693,30.0,0.0
725,36.23,1.51,0.0,0.0,4.73,0.3352,30.0,0.0
726,36.23,1.48,0.0,0.0,4.76,0.2987,30.0,0.0
727,38.19,1.51,7.46,0.79,0.0,0.262,30.0,0.0
728,40.06,0.94,19.42,0.0,0.0,0.2675,19.71,0.0
729,41.79,0.0,28.47,0.0,13.12,0.2675,0.19,0.0
730,43.31,1.13,33.52,0.0,0.0,0.1662,8.66,0.0
731,44.55,0.47,37.02,0.0,0.0,0.1662,7.05,0.0
732,45.47,1.17,39.81,25.5,0.0,0.1662,30.0,0.0
733,46.04,0.1,38.14,22.2,0.0,0.3438,30.0,0.0
734,46.23,1.55,33.38,18.7,0.0,0.4985,30.0,0.0
735,46.04,1.35,25.92,11.22,0.0,0.6287,30.0,0.0
736,45.47,1.34,17.95,3.82,0.0,0.7069,30.0,0.0
737,44.55,1.84,9.85,0.0,2.86,0.7335,30.0,0.0
738,43.31,2.32,0.0,0.0,10.99,0.7114,30.0,0.0
739,41.79,2.12,0.0,0.0,9.67,0.6266,30.0,0.0
740,40.06,0.78,0.0,0.0,9.28,0.552,30.0,0.0
741,38.19,1.18,0.0,0.0,7.01,0.4803,30.0,0.0
742,36.23,1.59,0.0,0.0,4.64,0.4262,30.0,0.0
743,36.23,1.98,0.0,0.0,4.26,0.3904,30.0,0.0
744,36.27,2.24,0.0,0.0,4.03,0.3575,30.0,0.0
745,36.27,1.59,0.0,0.0,4.69,0.3264,30.0,0.0
746,36.27,2.0,0.0,0.0,4.27,0.2902,30.0,0.0
747,36.27,1.44,0.0,0.0,4.83,0.2573,30.0,0.0
748,36.27,1.41,0.0,0.0,4.87,0.22,30.0,0.0
749,36.27,0.88,0.0,0.0,5.4,0.1824,30.0,0.0
750,36.27,0.99,0.0,0.0,5.28,0.1408,30.0,0.0
751,38.22,0.0,9.33,1.11,0.0,0.1,30.0,0.0
752,40.1,0.0,10.1,0.0,0.0,0.1077,30.0,0.0
753,41.83,1.64,26.74,16.55,0.0,0.1077,30.0,0.0
754,43.34,0.53,34.25,21.44,0.0,0.223,30.0,0.0
755,44.59,2.26,36.97,0.0,5.35,0.3724,0.0,0.0
756,45.51,1.2,40.36,26.06,0.0,0.3311,30.0,0.0
757,46.08,1.06,36.91,21.89,0.0,0.5126,30.0,0.0
758,46.27,0.58,33.43,17.74,0.0,0.6651,30.0,0.0
759,46.08,1.46,26.18,11.56,0.0,0.7887,30.0,0.0
760,45.51,0.91,19.01,4.41,0.0,0.8692,30.0,0.0
761,44.59,1.39,8.58,0.0,4.61,0.9,30.0,0.0
762,43.34,2.77,0.0,0.0,10.57,0.8644,30.0,0.0
763,41.83,1.55,0.0,0.0,10.28,0.7828,30.0,0.0
764,40.1,2.31,0.0,0.0,7.79,0.7035,30.0,0.0
765,38.22,1.47,0.0,0.0,6.76,0.6433,30.0,0.0
766,36.27,1.89,0.0,0.0,4.38,0.5912,30.0,0.0
767,36.27,2.86,0.0,0.0,3.41,0.5574,30.0,0.0
768,36.31,1.65,0.0,0.0,4.66,0.531,30.0,0.0
769,36.31,2.44,0.0,0.0,3.87,0.4951,30.0,0.0
770,36.31,2.26,0.0,0.0,4.04,0.4652,30.0,0.0
771,36.31,1.53,0.0,0.0,4.78,0.434,30.0,0.0
772,36.31,2.04,0.0,0.0,4.27,0.3971,30.0,0.0
773,36.31,2.09,0.0,0.0,4.22,0.3642,30.0,0.0
774,36.31,1.78,0.0,0.0,4.53,0.3316,30.0,0.0
775,38.26,0.52,9.48,1.74,0.0,0.2966,30.0,0.0
776,40.14,0.83,9.3,0.0,0.0,0.3088,30.0,0.0
777,41.86,0.0,28.5,0.0,0.0,0.3088,13.37,0.0
778,43.38,0.98,32.3,0.0,0.0,0.3088,10.1,0.0
779,44.62,1.28,36.86,0.0,0.0,0.3088,6.48,0.0
780,45.55,1.04,38.05,23.54,0.0,0.3088,30.0,0.0
781,46.12,0.28,37.86,22.03,0.0,0.4728,30.0,0.0
782,46.31,1.21,35.03,19.93,0.0,0.6262,30.0,0.0
783,46.12,1.41,28.73,14.02,0.0,0.7651,30.0,0.0
784,45.55,1.49,19.4,5.34,0.0,0.8628,30.0,0.0
785,44.62,1.88,7.7,0.0,5.05,0.9,30.0,0.0
786,43.38,1.89,0.0,0.0,11.49,0.861,30.0,0.0
787,41.86,1.83,0.0,0.0,10.04,0.7723,30.0,0.0
788,40.14,1.68,0.0,0.0,8.46,0.6948,30.0,0.0
789,38.26,0.97,0.0,0.0,7.29,0.6296,30.0,0.0
790,36.31,2.12,0.0,0.0,4.19,0.5733,30.0,0.0
791,36.31,2.06,0.0,0.0,4.25,0.541,30.0,0.0
792,36.35,2.1,0.0,0.0,4.24,0.5082,30.0,0.0
793,36.35,1.3,0.0,0.0,5.05,0.4755,30.0,0.0
794,36.35,1.34,0.0,0.0,5.0,0.4365,30.0,0.0
795,36.35,2.35,0.0,0.0,3.99,0.3979,30.0,0.0
796,36.35,1.69,0.0,0.0,4.66,0.3671,30.0,0.0
797,36.35,1.94,0.0,0.0,4.41,0.3311,30.0,0.0
798,36.35,1.47,0.0,0.0,4.88,0.2971,30.0,0.0
799,38.3,1.34,9.64,2.68,0.0,0.2595,30.0,0.0
800,40.17,0.0,0.0,0.0,23.08,0.2782,17.09,0.0
801,41.9,0.83,27.26,16.19,0.0,0.1,30.0,0.0
802,43.42,1.06,35.47,0.0,0.0,0.2128,6.88,0.0
803,44.66,0.72,36.96,0.0,0.0,0.2128,6.97,0.0
804,45.58,0.72,38.13,23.26,0.0,0.2128,30.0,0.0
805,46.15,0.8,37.89,22.54,0.0,0.3748,30.0,0.0
806,46.35,1.13,34.68,19.46,0.0,0.5319,30.0,0.0
807,46.15,0.85,25.9,10.6,0.0,0.6674,30.0,0.0
808,45.58,1.84,19.31,5.56,0.0,0.7413,30.0,0.0
809,44.66,0.86,8.44,0.0,5.35,0.78,30.0,0.0
810,43.42,1.36,0.0,0.0,12.06,0.7387,30.0,0.0
811,41.9,1.36,0.0,0.0,18.0,0.6456,22.54,0.0
812,40.17,2.45,0.0,0.0,7.72,0.5067,30.0,0.0
813,38.3,1.92,0.0,0.0,6.38,0.4471,30.0,0.0
814,36.35,2.43,0.0,0.0,3.92,0.3978,30.0,0.0
815,36.35,1.19,0.0,0.0,5.16,0.3676,30.0,0.0
816,36.38,2.1,0.0,0.0,4.28,0.3278,30.0,0.0
817,36.38,2.4,0.0,0.0,3.98,0.2947,30.0,0.0
818,36.38,1.93,0.0,0.0,4.45,0.264,30.0,0.0
819,36.38,2.36,0.0,0.0,4.02,0.2297,30.0,0.0
820,36.38,1.44,0.0,0.0,4.94,0.1986,30.0,0.0
821,36.38,2.3,0.0,0.0,4.08,0.1605,30.0,0.0
822,36.38,2.63,0.0,0.0,3.76,0.129,30.0,0.0
823,38.33,1.13,7.6,0.4,0.0,0.1,30.0,0.0
824,40.21,0.97,9.24,0.0,0.0,0.1028,30.0,0.0
825,41.94,1.83,26.99,0.0,0.0,0.1028,13.11,0.0
826,43.45,1.81,35.39,0.0,0.0,0.1028,6.24,0.0
827,44.7,0.69,37.5,23.49,0.0,0.1028,30.0,0.0
828,45.62,0.72,39.86,24.96,0.0,0.2664,30.0,0.0
829,46.19,0.81,36.89,21.51,0.0,0.4403,30.0,0.0
830,46.38,0.32,34.67,18.61,0.0,0.5901,30.0,0.0
831,46.19,0.62,26.16,10.59,0.0,0.7198,30.0,0.0
832,45.62,0.68,19.01,4.07,0.0,0.7935,30.0,0.0
833,44.7,0.92,9.56,0.0,4.21,0.8219,30.0,0.0
834,43.45,1.43,0.0,0.0,12.02,0.7894,30.0,0.0
835,41.94,1.7,0.0,0.0,10.23,0.6966,30.0,0.0
836,40.21,2.5,0.0,0.0,7.71,0.6176,30.0,0.0
837,38.33,1.3,0.0,0.0,7.03,0.5581,30.0,0.0
838,36.38,2.4,0.0,0.0,3.98,0.5038,30.0,0.0
839,36.38,1.83,0.0,0.0,4.55,0.473,30.0,0.0
840,36.42,1.93,0.0,0.0,4.49,0.4379,30.0,0.0
841,36.42,2.28,0.0,0.0,4.13,0.4033,30.0,0.0
842,36.42,1.31,0.0,0.0,5.1,0.3714,30.0,0.0
843,36.42,2.0,0.0,0.0,4.41,0.332,30.0,0.0
844,36.42,1.79,0.0,0.0,4.63,0.2979,30.0,0.0
845,36.42,1.83,0.0,0.0,4.59,0.2622,30.0,0.0
846,36.42,1.59,0.0,0.0,4.82,0.2268,30.0,0.0
847,38.37,2.57,10.65,4.85,0.0,0.1895,30.0,0.0
848,40.24,0.86,19.97,0.0,0.0,0.2233,19.41,0.0
849,41.97,0.81,11.16,0.0,0.0,0.2233,30.0,0.0
850,43.49,0.68,34.55,21.74,0.0,0.2233,30.0,0.0
851,44.73,0.67,37.37,0.0,0.0,0.3748,6.7,0.0
852,45.66,0.61,38.86,23.81,0.0,0.3748,30.0,0.0
853,46.22,1.56,39.63,24.96,0.0,0.5406,30.0,0.0
854,46.42,1.73,25.28,10.59,0.0,0.7145,30.0,0.0
855,46.22,0.79,27.56,12.13,0.0,0.7883,30.0,0.0
856,45.66,0.76,18.79,3.9,0.0,0.8728,30.0,0.0
857,44.73,1.55,9.43,0.0,3.75,0.9,30.0,0.0
858,43.49,1.16,0.0,0.0,34.94,0.871,7.39,0.0
859,41.97,1.9,0.0,0.0,10.07,0.6014,30.0,0.0
860,40.24,1.8,0.0,0.0,8.44,0.5236,30.0,0.0
861,38.37,1.03,0.0,0.0,7.34,0.4585,30.0,0.0
862,36.42,2.68,0.0,0.0,3.74,0.4018,30.0,0.0
863,36.42,2.86,0.0,0.0,3.56,0.373,30.0,0.0
864,36.45,1.64,0.0,0.0,4.81,0.3455,30.0,0.0
865,36.45,1.74,0.0,0.0,4.72,0.3084,30.0,0.0
866,36.45,2.03,0.0,0.0,4.42,0.272,30.0,0.0
867,36.45,1.97,0.0,0.0,4.48,0.2378,30.0,0.0
868,36.45,2.03,0.0,0.0,4.42,0.2032,30.0,0.0
869,36.45,2.6,0.0,0.0,3.85,0.1691,30.0,0.0
870,36.45,1.35,0.0,0.0,5.1,0.1394,30.0,0.0
871,38.4,0.9,8.87,1.37,0.0,0.1,30.0,0.0
872,40.28,0.48,19.24,9.44,0.0,0.1095,30.0,0.0
873,42.01,0.7,28.59,0.0,0.0,0.1753,12.71,0.0
874,43.52,0.98,35.85,0.0,0.0,0.1753,6.69,0.0
875,44.77,1.86,38.91,0.0,0.0,0.1753,3.99,0.0
876,45.69,0.66,39.53,24.5,0.0,0.1753,30.0,0.0
877,46.26,1.06,39.03,23.83,0.0,0.346,30.0,0.0
878,46.45,0.99,34.95,19.49,0.0,0.512,30.0,0.0
879,46.26,1.69,26.97,12.4,0.0,0.6477,30.0,0.0
880,45.69,2.48,18.36,5.15,0.0,0.7341,30.0,0.0
881,44.77,1.04,8.48,0.0,5.25,0.77,30.0,0.0
882,43.52,1.19,0.0,0.0,12.33,0.7295,30.0,0.0
883,42.01,2.11,0.0,0.0,9.9,0.6343,30.0,0.0
884,40.28,2.04,0.0,0.0,8.23,0.5578,30.0,0.0
885,38.4,2.75,0.0,0.0,5.66,0.4943,30.0,0.0
886,36.45,2.18,0.0,0.0,4.27,0.4506,30.0,0.0
887,36.45,1.75,0.0,0.0,4.7,0.4176,30.0,0.0
888,36.49,2.25,0.0,0.0,4.24,0.3813,30.0,0.0
889,36.49,2.5,0.0,0.0,3.99,0.3486,30.0,0.0
890,36.49,2.3,0.0,0.0,4.19,0.3178,30.0,0.0
891,36.49,2.06,0.0,0.0,4.43,0.2855,30.0,0.0
892,36.49,2.24,0.0,0.0,4.25,0.2513,30.0,0.0
893,36.49,2.17,0.0,0.0,4.32,0.2185,30.0,0.0
894,36.49,2.14,0.0,0.0,4.35,0.1851,30.0,0.0
895,38.44,1.63,10.52,3.72,0.0,0.1516,30.0,0.0
896,40.31,0.0,20.56,10.25,0.0,0.1774,30.0,0.0
897,42.04,1.15,10.89,0.0,0.0,0.2488,30.0,0.0
898,43.56,1.61,34.85,0.0,0.0,0.2488,7.1,0.0
899,44.8,0.52,40.02,0.0,0.0,0.2488,4.26,0.0
900,45.73,1.11,38.82,24.21,0.0,0.2488,30.0,0.0
901,46.29,0.74,39.51,23.96,0.0,0.4175,30.0,0.0
902,46.49,1.01,35.21,19.73,0.0,0.5844,30.0,0.0
903,46.29,1.73,28.83,14.26,0.0,0.7218,30.0,0.0
904,45.73,1.28,17.79,3.34,0.0,0.8211,30.0,0.0
905,44.8,0.0,3.43,0.0,11.37,0.8444,30.0,0.0
906,43.56,0.74,0.0,0.0,12.82,0.7566,30.0,0.0
907,42.04,0.0,0.0,0.0,12.04,0.6577,30.0,0.0
908,40.31,0.0,0.0,0.0,10.31,0.5647,30.0,0.0
909,38.44,0.0,0.0,0.0,8.44,0.4851,30.0,0.0
910,36.49,1.72,0.0,0.0,4.77,0.42,30.0,0.0
911,36.49,2.04,0.0,0.0,4.45,0.3832,30.0,0.0
912,36.52,2.07,0.0,0.0,4.45,0.3489,30.0,0.0
913,36.52,2.73,0.0,0.0,3.79,0.3145,30.0,0.0
914,36.52,1.82,0.0,0.0,4.7,0.2852,30.0,0.0
915,36.52,1.93,0.0,0.0,4.59,0.249,30.0,0.0
916,36.52,2.0,0.0,0.0,4.53,0.2135,30.0,0.0
917,36.52,1.66,0.0,0.0,4.86,0.1786,30.0,0.0
918,36.52,1.2,0.0,0.0,5.32,0.1411,30.0,0.0
919,38.47,1.4,9.26,2.18,0.0,0.1,30.0,0.0
920,40.35,0.0,19.47,0.0,0.0,0.1152,20.87,0.0
921,42.08,0.0,29.48,17.4,0.0,0.1152,30.0,0.0
922,43.59,1.05,34.52,21.98,0.0,0.2364,30.0,0.0
923,44.84,0.58,39.04,0.0,0.0,0.3895,5.22,0.0
924,45.76,1.53,41.3,27.06,0.0,0.3895,30.0,0.0
925,46.33,0.16,39.99,23.82,0.0,0.5781,30.0,0.0
926,46.52,0.0,34.78,18.26,0.0,0.744,30.0,0.0
927,46.33,1.26,15.18,0.11,0.0,0.8712,30.0,0.0
928,45.76,1.97,17.81,4.02,0.0,0.872,30.0,0.0
929,44.84,1.26,9.63,0.0,3.94,0.9,30.0,0.0
930,43.59,1.15,0.0,0.0,12.45,0.8696,30.0,0.0
931,42.08,0.0,0.0,0.0,12.08,0.7735,30.0,0.0
932,40.35,0.94,0.0,0.0,9.4,0.6803,30.0,0.0
933,38.47,0.0,0.0,0.0,8.47,0.6077,30.0,0.0
934,36.52,2.1,0.0,0.0,4.42,0.5423,30.0,0.0
935,36.52,1.67,0.0,0.0,4.85,0.5081,30.0,0.0
936,36.56,1.41,0.0,0.0,5.14,0.4707,30.0,0.0
937,36.56,2.28,0.0,0.0,4.27,0.431,30.0,0.0
938,36.56,1.99,0.0,0.0,4.56,0.398,30.0,0.0
939,36.56,1.5,0.0,0.0,5.06,0.3628,30.0,0.0
940,36.56,1.02,0.0,0.0,5.53,0.3237,30.0,0.0
941,36.56,2.0,0.0,0.0,4.55,0.281,30.0,0.0
942,36.56,1.76,0.0,0.0,4.8,0.2459,30.0,0.0
943,38.51,1.24,9.76,2.49,0.0,0.2088,30.0,0.0
944,40.38,0.0,19.87,9.49,0.0,0.2262,30.0,0.0
945,42.11,0.51,27.15,0.0,0.0,0.2923,14.44,0.0
946,43.63,0.2,35.08,0.0,0.0,0.2923,8.34,0.0
947,44.87,0.58,38.25,0.0,0.0,0.2923,6.05,0.0
948,45.79,0.89,40.13,25.23,0.0,0.2923,30.0,0.0
949,46.36,1.05,39.38,24.07,0.0,0.4681,30.0,0.0
950,46.56,0.86,36.08,20.38,0.0,0.6358,30.0,0.0
951,46.36,1.24,29.3,14.18,0.0,0.7778,30.0,0.0
952,45.79,0.53,18.19,2.93,0.0,0.8765,30.0,0.0
953,44.87,2.03,9.44,0.0,3.4,0.8969,30.0,0.0
954,43.63,1.38,0.0,0.0,12.24,0.8707,30.0,0.0
955,42.11,2.13,0.0,0.0,9.98,0.7762,30.0,0.0
956,40.38,1.85,0.0,0.0,8.53,0.6991,30.0,0.0
957,38.51,2.02,0.0,0.0,6.49,0.6333,30.0,0.0
958,36.56,2.16,0.0,0.0,4.4,0.5832,30.0,0.0
959,36.56,2.15,0.0,0.0,4.41,0.5493,30.0,0.0
960,36.59,2.26,0.0,0.0,4.33,0.5153,30.0,0.0
961,36.59,2.59,0.0,0.0,4.0,0.4818,30.0,0.0
962,36.59,1.96,0.0,0.0,4.63,0.451,30.0,0.0
963,36.59,2.14,0.0,0.0,4.45,0.4153,30.0,0.0
964,36.59,1.63,0.0,0.0,4.96,0.381,30.0,0.0
965,36.59,2.29,0.0,0.0,4.3,0.3427,30.0,0.0
966,36.59,1.07,0.0,0.0,5.52,0.3095,30.0,0.0
967,38.54,2.21,9.82,3.49,0.0,0.2669,30.0,0.0
968,40.42,1.14,19.64,10.37,0.0,0.2912,30.0,0.0
969,42.14,0.0,8.02,0.0,34.12,0.3634,0.0,0.0
970,43.66,1.04,34.85,0.0,0.0,0.1,7.77,0.0
971,44.9,0.58,38.73,8.85,0.0,0.1,14.45,0.0
972,45.83,1.34,41.36,26.87,0.0,0.1617,30.0,0.0
973,46.4,0.59,39.09,23.28,0.0,0.3489,30.0,0.0
974,46.59,0.75,34.61,18.77,0.0,0.5111,30.0,0.0
975,46.4,0.09,29.73,13.42,0.0,0.6418,30.0,0.0
976,45.83,0.93,19.43,4.53,0.0,0.7353,30.0,0.0
977,44.9,0.05,10.15,0.0,4.71,0.7669,30.0,0.0
978,43.66,0.61,0.0,0.0,13.05,0.7306,30.0,0.0
979,42.14,1.94,0.0,0.0,10.2,0.6299,30.0,0.0
980,40.42,2.08,0.0,0.0,8.34,0.5511,30.0,0.0
981,38.54,2.0,0.0,0.0,6.54,0.4867,30.0,0.0
982,36.59,1.37,0.0,0.0,5.22,0.4362,30.0,0.0
983,36.59,1.89,0.0,0.0,4.7,0.3959,30.0,0.0
984,36.62,1.92,0.0,0.0,4.7,0.3596,30.0,0.0
985,36.62,1.31,0.0,0.0,5.31,0.3233,30.0,0.0
986,36.62,2.62,0.0,0.0,4.0,0.2824,30.0,0.0
987,36.62,2.22,0.0,0.0,4.4,0.2515,30.0,0.0
988,36.62,1.56,0.0,0.0,5.07,0.2176,30.0,0.0
989,36.62,1.56,0.0,0.0,5.06,0.1785,30.0,0.0
990,36.62,1.52,0.0,0.0,5.1,0.1394,30.0,0.0
991,38.57,0.24,10.76,0.0,0.0,0.1,27.58,0.0
992,40.45,1.03,19.46,10.04,0.0,0.1,30.0,0.0
993,42.18,0.7,29.44,17.97,0.0,0.1699,30.0,0.0
994,43.69,0.46,34.63,0.0,0.0,0.2951,8.6,0.0
995,44.94,0.77,40.02,0.0,0.0,0.2951,4.15,0.0
996,45.86,1.82,40.12,26.08,0.0,0.2951,30.0,0.0
997,46.43,1.25,39.76,24.57,0.0,0.4768,30.0,0.0
998,46.62,0.68,36.61,20.66,0.0,0.648,30.0,0.0
999,46.43,1.34,23.7,8.62,0.0,0.7919,30.0,0.0
1000,45.86,1.87,20.89,6.9,0.0,0.8519,30.0,0.0
1001,44.94,1.75,9.39,0.0,3.79,0.9,30.0,0.0
1002,43.69,1.44,0.0,0.0,12.25,0.8708,30.0,0.0
1003,42.18,1.21,0.0,0.0,10.96,0.7762,30.0,0.0
1004,40.45,2.03,0.0,0.0,8.42,0.6916,30.0,0.0
1005,38.57,1.98,0.0,0.0,6.6,0.6266,30.0,0.0
1006,36.62,2.31,0.0,0.0,4.31,0.5756,30.0,0.0
1007,36.62,2.23,0.0,0.0,4.39,0.5424,30.0,0.0
1008,36.65,2.46,0.0,0.0,4.2,0.5085,30.0,0.0
1009,36.65,1.63,0.0,0.0,5.03,0.4761,30.0,0.0
1010,36.65,2.52,0.0,0.0,4.13,0.4373,30.0,0.0
1011,36.65,1.87,0.0,0.0,4.78,0.4054,30.0,0.0
1012,36.65,2.72,0.0,0.0,23.84,0.3685,10.09,0.0
1013,36.65,1.19,0.0,0.0,5.47,0.1844,30.0,0.0
1014,36.65,2.29,0.0,0.0,4.36,0.1422,30.0,0.0
1015,38.6,1.38,8.08,0.85,0.0,0.1086,30.0,0.0
1016,40.48,0.82,19.02,9.35,0.0,0.1145,30.0,0.0
1017,42.21,0.8,28.53,0.0,0.0,0.1797,12.88,0.0
1018,43.73,0.8,36.73,0.0,0.0,0.1797,6.19,0.0
1019,44.97,1.13,39.79,0.0,0.0,0.1797,4.05,0.0
1020,45.89,1.16,40.43,25.7,0.0,0.1797,30.0,0.0
1021,46.46,0.62,38.32,22.48,0.0,0.3587,30.0,0.0
1022,46.65,0.95,34.83,19.13,0.0,0.5153,30.0,0.0
1023,46.46,2.14,28.77,14.45,0.0,0.6486,30.0,0.0
1024,45.89,2.03,19.83,5.97,0.0,0.7492,30.0,0.0
1025,44.97,1.5,8.25,0.0,5.22,0.7908,30.0,0.0
1026,43.73,1.43,0.0,0.0,12.3,0.7506,30.0,0.0
1027,42.21,1.6,0.0,0.0,10.61,0.6556,30.0,0.0
1028,40.48,1.98,0.0,0.0,8.5,0.5737,30.0,0.0
1029,38.6,1.25,0.0,0.0,7.36,0.5081,30.0,0.0
1030,36.65,1.72,0.0,0.0,4.94,0.4513,30.0,0.0
1031,36.65,1.05,0.0,0.0,5.61,0.4132,30.0,0.0
1032,36.69,2.12,0.0,0.0,4.57,0.3699,30.0,0.0
1033,36.69,2.23,0.0,0.0,4.46,0.3346,30.0,0.0
1034,36.69,1.6,0.0,0.0,5.09,0.3002,30.0,0.0
1035,36.69,2.57,0.0,0.0,4.12,0.2609,30.0,0.0
1036,36.69,1.03,0.0,0.0,5.66,0.2291,30.0,0.0
1037,36.69,0.78,0.0,0.0,5.9,0.1855,30.0,0.0
1038,36.69,1.52,0.0,0.0,5.17,0.1399,30.0,0.0
1039,38.64,1.8,10.29,3.46,0.0,0.1,30.0,0.0
1040,40.51,2.01,20.85,6.12,0.0,0.1241,23.78,0.0
1041,42.24,0.8,11.44,0.0,0.0,0.1668,30.0,0.0
1042,43.76,1.51,34.79,0.0,7.45,0.1668,0.0,0.0
1043,45.0,0.89,40.21,26.1,0.0,0.1092,30.0,0.0
1044,45.92,0.8,40.53,25.41,0.0,0.2911,30.0,0.0
1045,46.49,1.36,40.25,25.12,0.0,0.4681,30.0,0.0
1046,46.69,1.29,34.09,18.7,0.0,0.643,30.0,0.0
1047,46.49,0.23,27.39,11.12,0.0,0.7733,30.0,0.0
1048,45.92,1.9,21.09,7.07,0.0,0.8508,30.0,0.0
1049,45.0,1.97,10.56,0.0,2.46,0.9,30.0,0.0
1050,43.76,1.08,0.0,0.0,12.68,0.881,30.0,0.0
1051,42.24,1.74,0.0,0.0,10.51,0.7831,30.0,0.0
1052,40.51,1.91,0.0,0.0,8.6,0.702,30.0,0.0
1053,38.64,1.9,0.0,0.0,6.74,0.6356,30.0,0.0
1054,36.69,1.56,0.0,0.0,5.12,0.5836,30.0,0.0
1055,36.69,1.55,0.0,0.0,5.13,0.544,30.0,0.0
1056,36.72,1.89,0.0,0.0,4.82,0.5044,30.0,0.0
1057,36.72,0.0,0.0,0.0,6.72,0.4672,30.0,0.0
1058,36.72,2.12,0.0,0.0,4.6,0.4153,30.0,0.0
1059,36.72,1.57,0.0,0.0,5.15,0.3798,30.0,0.0
1060,36.72,2.05,0.0,0.0,4.67,0.34,30.0,0.0
1061,36.72,0.07,0.0,0.0,6.65,0.304,30.0,0.0
1062,36.72,1.98,0.0,0.0,4.74,0.2527,30.0,0.0
1063,38.67,0.37,8.87,0.57,0.0,0.2161,30.0,0.0
1064,40.54,0.0,0.0,0.0,10.54,0.2201,30.0,0.0
1065,42.27,0.46,11.81,0.0,0.0,0.1387,30.0,0.0
1066,43.79,0.29,33.96,0.0,0.0,0.1387,9.54,0.0
1067,45.03,1.49,39.59,0.0,0.0,0.1387,3.95,0.0
1068,45.96,0.64,40.33,25.02,0.0,0.1387,30.0,0.0
1069,46.53,1.08,41.24,25.79,0.0,0.313,30.0,0.0
1070,46.72,0.93,36.8,21.01,0.0,0.4927,30.0,0.0
1071,46.53,1.28,29.92,14.67,0.0,0.6391,30.0,0.0
1072,45.96,1.18,21.35,6.57,0.0,0.7413,30.0,0.0
1073,45.03,0.61,8.19,0.0,6.23,0.7871,30.0,0.0
1074,43.79,1.9,0.0,0.0,11.88,0.739,30.0,0.0
1075,42.27,1.27,0.0,0.0,11.0,0.6472,30.0,0.0
1076,40.54,0.85,0.0,0.0,9.69,0.5623,30.0,0.0
1077,38.67,1.54,0.0,0.0,7.13,0.4876,30.0,0.0
1078,36.72,1.87,0.0,0.0,4.85,0.4325,30.0,0.0
1079,36.72,2.32,0.0,0.0,4.39,0.3951,30.0,0.0
1080,36.75,1.72,0.0,0.0,5.03,0.3612,30.0,0.0
1081,36.75,1.7,0.0,0.0,5.04,0.3224,30.0,0.0
1082,36.75,1.67,0.0,0.0,5.08,0.2834,30.0,0.0
1083,36.75,2.81,0.0,0.0,3.94,0.2442,30.0,0.0
1084,36.75,1.84,0.0,0.0,4.91,0.2138,30.0,0.0
1085,36.75,1.74,0.0,0.0,5.01,0.176,30.0,0.0
1086,36.75,1.92,0.0,0.0,4.83,0.1373,30.0,0.0
1087,38.7,1.38,8.16,0.83,0.0,0.1,30.0,0.0
1088,40.58,1.0,19.93,10.35,0.0,0.1058,30.0,0.0
1089,42.3,0.93,28.59,0.0,0.0,0.1779,12.78,0.0
1090,43.82,0.91,36.37,0.0,0.0,0.1779,6.54,0.0
1091,45.06,0.88,40.14,10.73,0.0,0.1779,14.78,0.0
1092,45.99,1.25,42.56,27.82,0.0,0.2527,30.0,0.0
1093,46.56,0.92,39.9,24.26,0.0,0.4465,30.0,0.0
1094,46.75,1.32,37.05,21.62,0.0,0.6155,30.0,0.0
1095,46.56,0.99,30.24,14.67,0.0,0.7661,30.0,0.0
1096,45.99,1.17,19.36,4.55,0.0,0.8683,30.0,0.0
1097,45.06,0.23,10.95,0.0,3.88,0.9,30.0,0.0
1098,43.82,1.86,0.0,0.0,11.96,0.8701,30.0,0.0
1099,42.3,1.7,0.0,0.0,10.61,0.7777,30.0,0.0
1100,40.58,2.16,0.0,0.0,8.42,0.6959,30.0,0.0
1101,38.7,0.27,0.0,0.0,8.43,0.6309,30.0,0.0
1102,36.75,2.9,0.0,0.0,3.85,0.5658,30.0,0.0
1103,36.75,1.81,0.0,0.0,4.94,0.5361,30.0,0.0
1104,36.78,2.46,0.0,0.0,4.32,0.498,30.0,0.0
1105,36.78,1.34,0.0,0.0,5.43,0.4646,30.0,0.0
1106,36.78,2.14,0.0,0.0,4.64,0.4227,30.0,0.0
1107,36.78,1.21,0.0,0.0,5.57,0.3869,30.0,0.0
1108,36.78,1.32,0.0,0.0,5.46,0.3439,30.0,0.0
1109,36.78,2.49,0.0,0.0,4.28,0.3017,30.0,0.0
1110,36.78,1.29,0.0,0.0,5.49,0.2686,30.0,0.0
1111,38.73,1.36,8.17,0.8,0.0,0.2262,30.0,0.0
1112,40.61,1.57,21.05,0.0,17.08,0.2318,0.91,0.0
1113,42.33,1.27,30.09,0.0,0.0,0.1,10.97,0.0
1114,43.85,1.02,35.9,23.07,0.0,0.1,30.0,0.0
1115,45.09,1.08,38.99,0.31,0.0,0.2607,5.34,0.0
1116,46.02,2.1,40.75,26.84,0.0,0.2629,30.0,0.0
1117,46.59,0.86,39.94,24.21,0.0,0.4498,30.0,0.0
1118,46.78,1.04,36.88,21.15,0.0,0.6185,30.0,0.0
1119,46.59,1.56,29.29,14.26,0.0,0.7658,30.0,0.0
1120,46.02,1.69,19.33,5.0,0.0,0.8652,30.0,0.0
1121,45.09,1.86,10.0,0.0,3.24,0.9,30.0,0.0
1122,43.85,1.71,0.0,0.0,12.14,0.875,30.0,0.0
1123,42.33,0.93,0.0,0.0,11.4,0.7813,30.0,0.0
1124,40.61,0.0,0.0,0.0,10.61,0.6933,30.0,0.0
1125,38.73,1.16,0.0,0.0,7.57,0.6114,30.0,0.0
1126,36.78,1.1,0.0,0.0,5.68,0.553,30.0,0.0
1127,36.78,1.49,0.0,0.0,5.29,0.5091,30.0,0.0
1128,36.81,1.86,0.0,0.0,4.95,0.4683,30.0,0.0
1129,36.81,2.04,0.0,0.0,4.77,0.43,30.0,0.0
1130,36.81,1.98,0.0,0.0,4.83,0.3932,30.0,0.0
1131,36.81,1.95,0.0,0.0,4.86,0.356,30.0,0.0
1132,36.81,2.46,0.0,0.0,4.35,0.3185,30.0,0.0
1133,36.81,1.74,0.0,0.0,5.07,0.2849,30.0,0.0
1134,36.81,1.25,0.0,0.0,5.56,0.2458,30.0,0.0
1135,38.76,1.74,9.95,2.93,0.0,0.2029,30.0,0.0
1136,40.64,1.73,18.77,9.86,0.0,0.2233,30.0,0.0
1137,42.36,0.0,28.77,0.0,0.0,0.2919,13.59,0.0
1138,43.88,1.24,34.48,0.0,0.0,0.2919,8.16,0.0
1139,45.12,1.24,39.14,0.0,0.0,0.2919,4.74,0.0
1140,46.05,0.71,41.23,25.89,0.0,0.2919,30.0,0.0
1141,46.62,1.59,39.04,24.01,0.0,0.4723,30.0,0.0
1142,46.81,0.86,34.43,18.48,0.0,0.6396,30.0,0.0
1143,46.62,1.08,29.95,14.41,0.0,0.7683,30.0,0.0
1144,46.05,1.03,19.51,4.49,0.0,0.8687,30.0,0.0
1145,45.12,1.25,8.34,0.0,5.53,0.9,30.0,0.0
1146,43.88,0.82,0.0,0.0,13.06,0.8573,30.0,0.0
1147,42.36,0.77,0.0,0.0,11.59,0.7565,30.0,0.0
1148,40.64,2.45,0.0,0.0,8.19,0.667,30.0,0.0
1149,38.76,1.3,0.0,0.0,7.46,0.6038,30.0,0.0
1150,36.81,1.31,0.0,0.0,5.5,0.5462,30.0,0.0
1151,36.81,0.77,0.0,0.0,6.04,0.5038,30.0,0.0
1152,36.84,1.55,0.0,0.0,5.28,0.4572,30.0,0.0
1153,36.84,1.19,0.0,0.0,5.65,0.4164,30.0,0.0
1154,36.84,2.65,0.0,0.0,4.19,0.3728,30.0,0.0
1155,36.84,2.25,0.0,0.0,4.59,0.3404,30.0,0.0
1156,36.84,1.27,0.0,0.0,5.56,0.305,30.0,0.0
1157,36.84,2.65,0.0,0.0,4.18,0.2621,30.0,0.0
1158,36.84,1.87,0.0,0.0,4.97,0.2298,30.0,0.0
1159,38.79,1.07,8.53,0.81,0.0,0.1914,30.0,0.0
1160,40.67,0.0,10.67,0.0,0.0,0.1971,30.0,0.0
1161,42.39,0.0,28.1,0.0,0.0,0.1971,14.29,0.0
1162,43.91,0.22,21.45,7.76,0.0,0.1971,30.0,0.0
1163,45.15,0.03,39.8,0.0,0.0,0.2511,5.32,0.0
1164,46.08,1.38,42.52,27.83,0.0,0.2511,30.0,0.0
1165,46.65,2.12,41.89,27.37,0.0,0.445,30.0,0.0
1166,46.84,0.0,36.96,20.12,0.0,0.6356,30.0,0.0
1167,46.65,1.3,30.77,0.0,0.0,0.7758,14.58,0.0
1168,46.08,1.42,20.62,5.96,0.0,0.7758,30.0,0.0
1169,45.15,1.67,9.72,0.0,3.76,0.8173,30.0,0.0
1170,43.91,1.76,0.0,0.0,12.15,0.7883,30.0,0.0
1171,42.39,1.65,0.0,0.0,10.75,0.6945,30.0,0.0
1172,40.67,1.68,0.0,0.0,8.99,0.6116,30.0,0.0
1173,38.79,1.7,0.0,0.0,7.09,0.5422,30.0,0.0
1174,36.84,1.43,0.0,0.0,5.41,0.4875,30.0,0.0
1175,36.84,1.72,0.0,0.0,5.12,0.4457,30.0,0.0
1176,36.87,1.01,0.0,0.0,5.86,0.4062,30.0,0.0
1177,36.87,1.81,0.0,0.0,5.06,0.361,30.0,0.0
1178,36.87,1.3,0.0,0.0,5.57,0.3219,30.0,0.0
1179,36.87,1.16,0.0,0.0,5.71,0.2789,30.0,0.0
1180,36.87,1.71,0.0,0.0,5.16,0.2349,30.0,0.0
1181,36.87,2.21,0.0,0.0,4.66,0.1951,30.0,0.0
1182,36.87,1.83,0.0,0.0,5.03,0.1591,30.0,0.0
1183,38.82,0.43,11.3,2.91,0.0,0.1202,30.0,0.0
1184,40.69,0.6,20.96,0.0,0.0,0.1405,19.13,0.0
1185,42.42,1.48,30.39,19.45,0.0,0.1405,30.0,0.0
1186,43.94,0.42,37.79,0.0,0.0,0.276,5.73,0.0
1187,45.18,0.75,41.1,0.0,0.0,0.276,3.32,0.0
1188,46.11,1.13,41.12,26.15,0.0,0.276,30.0,0.0
1189,46.68,0.37,41.26,24.96,0.0,0.4581,30.0,0.0
1190,46.87,0.97,35.63,19.73,0.0,0.632,30.0,0.0
1191,46.68,0.32,28.62,12.27,0.0,0.7695,30.0,0.0
1192,46.11,0.8,21.77,6.47,0.0,0.855,30.0,0.0
1193,45.18,1.39,8.3,0.0,5.49,0.9,30.0,0.0
1194,43.94,0.55,0.0,0.0,13.39,0.8577,30.0,0.0
1195,42.42,1.72,0.0,0.0,10.7,0.7543,30.0,0.0
1196,40.69,1.61,0.0,0.0,9.09,0.6717,30.0,0.0
1197,38.82,2.01,0.0,0.0,6.81,0.6016,30.0,0.0
1198,36.87,1.92,0.0,0.0,4.95,0.549,30.0,0.0
1199,36.87,2.56,0.0,0.0,4.31,0.5108,30.0,0.0
1200,36.9,1.93,0.0,0.0,4.96,0.4775,30.0,0.0
1201,36.9,1.63,0.0,0.0,5.26,0.4392,30.0,0.0
1202,36.9,1.86,0.0,0.0,5.03,0.3986,30.0,0.0
1203,36.9,2.0,0.0,0.0,4.9,0.3597,30.0,0.0
1204,36.9,1.64,0.0,0.0,5.26,0.3219,30.0,0.0
1205,36.9,1.51,0.0,0.0,5.39,0.2813,30.0,0.0
1206,36.9,1.0,0.0,0.0,5.9,0.2397,30.0,0.0
1207,38.85,0.89,10.46,2.5,0.0,0.1942,30.0,0.0
1208,40.72,0.38,19.3,8.96,0.0,0.2116,30.0,0.0
1209,42.45,1.89,27.98,17.41,0.0,0.274,30.0,0.0
1210,43.97,0.0,11.33,0.0,32.64,0.3953,0.0,0.0
1211,45.21,0.51,39.41,0.0,0.0,0.1434,5.3,0.0
1212,46.13,0.48,42.77,27.11,0.0,0.1434,30.0,0.0
1213,46.7,1.32,40.87,25.48,0.0,0.3322,30.0,0.0
1214,46.9,0.76,35.12,18.98,0.0,0.5098,30.0,0.0
1215,46.7,1.63,28.61,13.54,0.0,0.642,30.0,0.0
1216,46.13,0.76,21.18,5.81,0.0,0.7363,30.0,0.0
1217,45.21,1.37,11.06,0.0,2.79,0.7768,30.0,0.0
1218,43.97,0.93,0.0,0.0,13.04,0.7552,30.0,0.0
1219,42.45,2.59,0.0,0.0,9.86,0.6546,30.0,0.0
1220,40.72,1.0,0.0,0.0,9.72,0.5785,30.0,0.0
1221,38.85,1.88,0.0,0.0,6.97,0.5034,30.0,0.0
1222,36.9,2.12,0.0,0.0,4.77,0.4496,30.0,0.0
1223,36.9,2.06,0.0,0.0,4.83,0.4128,30.0,0.0
1224,36.92,1.77,0.0,0.0,5.16,0.3755,30.0,0.0
1225,36.92,1.78,0.0,0.0,5.15,0.3357,30.0,0.0
1226,36.92,1.82,0.0,0.0,5.11,0.296,30.0,0.0
1227,36.92,1.64,0.0,0.0,5.29,0.2565,30.0,0.0
1228,36.92,2.1,0.0,0.0,4.82,0.2157,30.0,0.0
1229,36.92,2.61,0.0,0.0,4.31,0.1785,30.0,0.0
1230,36.92,1.06,0.0,0.0,5.86,0.1452,30.0,0.0
1231,38.87,0.52,10.37,2.01,0.0,0.1,30.0,0.0
1232,40.75,0.0,10.75,0.0,0.0,0.114,30.0,0.0
1233,42.48,1.79,28.12,17.43,0.0,0.114,30.0,0.0
1234,43.99,0.5,13.5,0.0,0.0,0.2354,30.0,0.0
1235,45.24,1.69,39.54,0.0,0.0,0.2354,4.01,0.0
1236,46.16,1.7,43.96,29.5,0.0,0.2354,30.0,0.0
1237,46.73,0.57,40.66,24.5,0.0,0.4409,30.0,0.0
1238,46.92,1.2,37.5,21.77,0.0,0.6116,30.0,0.0
1239,46.73,1.82,30.4,15.49,0.0,0.7633,30.0,0.0
1240,46.16,0.9,19.4,4.14,0.0,0.8712,30.0,0.0
1241,45.24,1.11,9.06,0.0,5.06,0.9,30.0,0.0
1242,43.99,1.05,0.0,0.0,12.94,0.8609,30.0,0.0
1243,42.48,0.96,0.0,0.0,11.52,0.761,30.0,0.0
1244,40.75,1.27,0.0,0.0,9.48,0.6721,30.0,0.0
1245,38.87,1.09,0.0,0.0,7.79,0.599,30.0,0.0
1246,36.92,1.81,0.0,0.0,5.11,0.5388,30.0,0.0
1247,36.92,1.45,0.0,0.0,5.47,0.4994,30.0,0.0
1248,36.95,1.97,0.0,0.0,4.98,0.4571,30.0,0.0
1249,36.95,1.04,0.0,0.0,5.91,0.4187,30.0,0.0
1250,36.95,1.96,0.0,0.0,8.57,0.3731,26.42,0.0
1251,36.95,2.13,0.0,0.0,4.82,0.3069,30.0,0.0
1252,36.95,0.58,0.0,0.0,6.37,0.2697,30.0,0.0
1253,36.95,1.67,0.0,0.0,5.28,0.2205,30.0,0.0
1254,36.95,1.97,0.0,0.0,4.98,0.1797,30.0,0.0
1255,38.9,0.59,9.59,1.28,0.0,0.1413,30.0,0.0
1256,40.78,1.94,8.83,0.0,0.0,0.1502,30.0,0.0
1257,42.51,1.2,11.31,0.0,0.0,0.1502,30.0,0.0
1258,44.02,0.54,35.38,0.0,0.0,0.1502,8.11,0.0
1259,45.27,0.82,42.07,0.0,0.0,0.1502,2.37,0.0
1260,46.19,1.12,41.88,26.81,0.0,0.1502,30.0,0.0
1261,46.76,0.89,40.89,25.02,0.0,0.337,30.0,0.0
1262,46.95,1.18,37.04,21.27,0.0,0.5112,30.0,0.0
1263,46.76,0.51,29.44,13.19,0.0,0.6594,30.0,0.0
1264,46.19,1.17,21.72,6.7,0.0,0.7513,30.0,0.0
1265,45.27,0.49,9.94,0.0,4.84,0.798,30.0,0.0
1266,44.02,1.29,0.0,0.0,12.74,0.7607,30.0,0.0
1267,42.51,1.01,0.0,0.0,11.49,0.6623,30.0,0.0
1268,40.78,1.22,0.0,0.0,9.55,0.5736,30.0,0.0
1269,38.9,2.34,0.0,0.0,6.56,0.4999,30.0,0.0
1270,36.95,2.34,0.0,0.0,4.61,0.4492,30.0,0.0
1271,36.95,2.15,0.0,0.0,4.8,0.4136,30.0,0.0
1272,36.98,1.29,0.0,0.0,5.69,0.3766,30.0,0.0
1273,36.98,1.67,0.0,0.0,5.31,0.3327,30.0,0.0
1274,36.98,2.4,0.0,0.0,4.58,0.2917,30.0,0.0
1275,36.98,1.77,0.0,0.0,5.21,0.2564,30.0,0.0
1276,36.98,2.78,0.0,0.0,4.2,0.2162,30.0,0.0
1277,36.98,1.67,0.0,0.0,5.31,0.1838,30.0,0.0
1278,36.98,1.43,0.0,0.0,5.54,0.1428,30.0,0.0
1279,38.93,1.05,8.38,0.5,0.0,0.1,30.0,0.0
1280,40.8,1.15,21.33,11.67,0.0,0.1035,30.0,0.0
1281,42.53,0.9,30.03,0.0,0.0,0.1848,11.61,0.0
1282,44.05,1.26,36.8,0.0,0.0,0.1848,5.99,0.0
1283,45.29,1.33,13.96,0.0,0.0,0.1848,30.0,0.0
1284,46.22,0.42,42.95,27.16,0.0,0.1848,30.0,0.0
1285,46.79,0.16,42.08,25.45,0.0,0.374,30.0,0.0
1286,46.98,0.0,35.88,18.91,0.0,0.5513,30.0,0.0
1287,46.79,1.23,30.35,14.8,0.0,0.683,30.0,0.0
1288,46.22,0.52,21.97,6.27,0.0,0.7861,30.0,0.0
1289,45.29,0.1,11.48,0.0,3.71,0.8298,30.0,0.0
1290,44.05,1.54,0.0,0.0,12.51,0.8012,30.0,0.0
1291,42.53,2.74,0.0,0.0,9.79,0.7046,30.0,0.0
1292,40.8,1.59,0.0,0.0,9.22,0.629,30.0,0.0
1293,38.93,2.13,0.0,0.0,6.8,0.5579,30.0,0.0
1294,36.98,1.82,0.0,0.0,5.16,0.5054,30.0,0.0
1295,36.98,1.78,0.0,0.0,10.54,0.4656,24.66,0.0
1296,37.0,2.31,0.0,0.0,4.69,0.3842,30.0,0.0
1297,37.0,1.67,0.0,0.0,5.33,0.348,30.0,0.0
1298,37.0,1.91,0.0,0.0,5.09,0.3069,30.0,0.0
1299,37.0,1.86,0.0,0.0,5.15,0.2675,30.0,0.0
1300,37.0,1.24,0.0,0.0,5.76,0.2278,30.0,0.0
1301,37.0,1.97,0.0,0.0,5.03,0.1833,30.0,0.0
1302,37.0,1.24,0.0,0.0,5.76,0.1445,30.0,0.0
1303,38.95,0.81,10.99,2.85,0.0,0.1,30.0,0.0
1304,40.83,1.35,21.63,0.0,0.0,0.1198,17.85,0.0
1305,42.56,0.0,29.38,16.83,0.0,0.1198,30.0,0.0
1306,44.07,0.0,36.18,0.0,0.0,0.2371,7.89,0.0
1307,45.32,0.83,40.15,0.0,0.0,0.2371,4.34,0.0
1308,46.24,1.37,43.69,28.82,0.0,0.2371,30.0,0.0
1309,46.81,1.08,38.16,22.43,0.0,0.4378,30.0,0.0
1310,47.0,0.87,38.21,22.08,0.0,0.5941,30.0,0.0
1311,46.81,1.39,30.21,14.78,0.0,0.7479,30.0,0.0
1312,46.24,1.78,21.51,7.05,0.0,0.8509,30.0,0.0
1313,45.32,1.48,10.47,0.0,3.37,0.9,30.0,0.0
1314,44.07,1.33,0.0,0.0,12.74,0.874,30.0,0.0
1315,42.56,0.79,0.0,0.0,11.77,0.7756,30.0,0.0
1316,40.83,1.04,0.0,0.0,9.79,0.6848,30.0,0.0
1317,38.95,1.53,0.0,0.0,7.42,0.6092,30.0,0.0
1318,37.0,1.46,0.0,0.0,5.54,0.552,30.0,0.0
1319,37.0,1.73,0.0,0.0,5.28,0.5092,30.0,0.0
1320,37.03,1.86,0.0,0.0,5.17,0.4684,30.0,0.0
1321,37.03,2.09,0.0,0.0,4.94,0.4286,30.0,0.0
1322,37.03,1.73,0.0,0.0,5.3,0.3904,30.0,0.0
1323,37.03,1.93,0.0,0.0,5.1,0.3495,30.0,0.0
1324,37.03,1.61,0.0,0.0,5.42,0.3102,30.0,0.0
1325,37.03,0.44,0.0,0.0,6.58,0.2684,30.0,0.0
1326,37.03,0.84,0.0,0.0,6.19,0.2175,30.0,0.0
1327,38.98,1.12,10.45,2.59,0.0,0.1698,30.0,0.0
1328,40.86,0.45,19.47,9.06,0.0,0.1878,30.0,0.0
1329,42.58,1.27,11.32,0.0,0.0,0.2509,30.0,0.0
1330,44.1,1.66,12.44,0.0,0.0,0.2509,30.0,0.0
1331,45.34,1.45,40.79,0.0,0.0,0.2509,3.1,0.0
1332,46.27,0.48,42.19,26.4,0.0,0.2509,30.0,0.0
1333,46.84,1.59,41.64,26.39,0.0,0.4349,30.0,0.0
1334,47.03,0.96,36.04,19.97,0.0,0.6188,30.0,0.0
1335,46.84,0.79,31.15,15.1,0.0,0.7579,30.0,0.0
1336,46.27,0.0,21.56,5.3,0.0,0.8631,30.0,0.0
1337,45.34,1.03,11.54,0.0,2.77,0.9,30.0,0.0
1338,44.1,1.12,0.0,0.0,12.98,0.8787,30.0,0.0
1339,42.58,1.54,0.0,0.0,11.04,0.7785,30.0,0.0
1340,40.86,1.66,0.0,0.0,9.2,0.6933,30.0,0.0
1341,38.98,1.69,0.0,0.0,7.29,0.6223,30.0,0.0
1342,37.03,1.99,0.0,0.0,5.04,0.566,30.0,0.0
1343,37.03,2.43,0.0,0.0,4.6,0.5271,30.0,0.0
1344,37.05,2.31,0.0,0.0,4.74,0.4915,30.0,0.0
1345,37.05,1.05,0.0,0.0,6.0,0.4549,30.0,0.0
1346,37.05,0.45,0.0,0.0,6.6,0.4086,30.0,0.0
1347,37.05,2.15,0.0,0.0,4.9,0.3576,30.0,0.0
1348,37.05,0.87,0.0,0.0,6.18,0.3198,30.0,0.0
1349,37.05,1.33,0.0,0.0,5.72,0.2721,30.0,0.0
1350,37.05,0.72,0.0,0.0,6.34,0.2279,30.0,0.0
1351,39.0,0.26,9.39,0.65,0.0,0.179,30.0,0.0
1352,40.88,1.34,9.54,0.0,0.0,0.1835,30.0,0.0
1353,42.61,1.34,29.45,0.0,0.0,0.1835,11.82,0.0
1354,44.12,0.0,18.28,4.15,0.0,0.1835,30.0,0.0
1355,45.37,0.0,40.96,0.0,0.0,0.2124,4.41,0.0
1356,46.29,0.52,44.21,28.44,0.0,0.2124,30.0,0.0
1357,46.86,1.02,42.79,26.95,0.0,0.4105,30.0,0.0
1358,47.05,0.12,38.25,21.31,0.0,0.5983,30.0,0.0
1359,46.86,1.05,31.19,15.37,0.0,0.7467,30.0,0.0
1360,46.29,1.05,21.87,6.63,0.0,0.8538,30.0,0.0
1361,45.37,1.48,8.73,0.0,5.16,0.9,30.0,0.0
1362,44.12,1.38,0.0,0.0,12.75,0.8602,30.0,0.0
1363,42.61,0.95,0.0,0.0,11.66,0.7618,30.0,0.0
1364,40.88,2.18,0.0,0.0,8.7,0.6718,30.0,0.0
1365,39.0,1.6,0.0,0.0,7.41,0.6047,30.0,0.0
1366,37.05,1.74,0.0,0.0,5.31,0.5475,30.0,0.0
1367,37.05,1.33,0.0,0.0,5.72,0.5065,30.0,0.0
1368,37.08,1.59,0.0,0.0,5.49,0.4623,30.0,0.0
1369,37.08,1.35,0.0,0.0,5.73,0.42,30.0,0.0
1370,37.08,1.66,0.0,0.0,5.42,0.3757,30.0,0.0
1371,37.08,0.0,0.0,0.0,7.08,0.3339,30.0,0.0
1372,37.08,0.86,0.0,0.0,6.22,0.2793,30.0,0.0
1373,37.08,0.61,0.0,0.0,6.46,0.2313,30.0,0.0
1374,37.08,2.06,0.0,0.0,5.02,0.1814,30.0,0.0
1375,39.03,1.07,11.43,3.47,0.0,0.1427,30.0,0.0
1376,40.9,0.71,20.78,0.0,0.0,0.1669,19.42,0.0
1377,42.63,1.48,11.16,0.0,0.0,0.1669,30.0,0.0
1378,44.15,0.55,36.47,0.0,0.0,0.1669,7.13,0.0
1379,45.39,1.75,41.6,0.0,0.0,0.1669,2.05,0.0
1380,46.32,1.14,42.29,27.12,0.0,0.1669,30.0,0.0
1381,46.89,0.56,43.24,26.92,0.0,0.3558,30.0,0.0
1382,47.08,1.97,37.76,22.65,0.0,0.5434,30.0,0.0
1383,46.89,0.64,30.29,14.04,0.0,0.7012,30.0,0.0
1384,46.32,1.43,22.28,7.4,0.0,0.799,30.0,0.0
1385,45.39,1.33,9.59,0.0,4.47,0.8505,30.0,0.0
1386,44.15,1.97,0.0,0.0,12.18,0.816,30.0,0.0
1387,42.63,2.24,0.0,0.0,10.39,0.722,30.0,0.0
1388,40.9,1.58,0.0,0.0,9.32,0.6418,30.0,0.0
1389,39.03,1.28,0.0,0.0,7.74,0.5698,30.0,0.0
1390,37.08,1.99,0.0,0.0,5.09,0.51,30.0,0.0
1391,37.08,1.46,0.0,0.0,5.62,0.4707,30.0,0.0
1392,37.1,0.0,0.0,0.0,7.1,0.4273,30.0,0.0
1393,37.1,1.86,0.0,0.0,5.24,0.3725,30.0,0.0
1394,37.1,1.56,0.0,0.0,5.55,0.3321,30.0,0.0
1395,37.1,1.76,0.0,0.0,5.35,0.2893,30.0,0.0
1396,37.1,0.87,0.0,0.0,6.23,0.248,30.0,0.0
1397,37.1,0.94,0.0,0.0,6.17,0.1999,30.0,0.0
1398,37.1,1.91,0.0,0.0,5.19,0.1523,30.0,0.0
1399,39.05,0.83,9.16,0.93,0.0,0.1122,30.0,0.0
1400,40.93,0.51,19.86,9.44,0.0,0.1188,30.0,0.0
1401,42.66,1.21,29.25,0.0,0.0,0.1845,12.19,0.0
1402,44.17,1.46,12.71,0.0,0.0,0.1845,30.0,0.0
1403,45.42,0.0,15.42,0.0,0.0,0.1845,30.0,0.0
1404,46.34,1.3,45.29,30.25,0.0,0.1845,30.0,0.0
1405,46.91,0.42,41.14,24.65,0.0,0.3952,30.0,0.0
1406,47.1,0.13,37.93,20.95,0.0,0.5669,30.0,0.0
1407,46.91,1.71,29.53,14.33,0.0,0.7129,30.0,0.0
1408,46.34,0.88,21.87,6.41,0.0,0.8127,30.0,0.0
1409,45.42,0.0,9.4,0.0,6.02,0.8573,30.0,0.0
1410,44.17,1.98,0.0,0.0,12.19,0.8109,30.0,0.0
1411,42.66,1.72,0.0,0.0,10.94,0.7168,30.0,0.0
1412,40.93,1.79,0.0,0.0,9.14,0.6323,30.0,0.0
1413,39.05,0.0,0.0,0.0,9.05,0.5618,30.0,0.0
1414,37.1,1.41,0.0,0.0,5.69,0.4919,30.0,0.0
1415,37.1,2.27,0.0,0.0,4.83,0.448,30.0,0.0
1416,37.12,1.83,0.0,0.0,5.29,0.4107,30.0,0.0
1417,37.12,1.92,0.0,0.0,5.2,0.3699,30.0,0.0
1418,37.12,2.52,0.0,0.0,4.61,0.3297,30.0,0.0
1419,37.12,1.91,0.0,0.0,5.21,0.2942,30.0,0.0
1420,37.12,1.82,0.0,0.0,5.3,0.254,30.0,0.0
1421,37.12,1.97,0.0,0.0,5.15,0.213,30.0,0.0
1422,37.12,1.11,0.0,0.0,6.02,0.1733,30.0,0.0
1423,39.08,0.0,9.22,0.14,0.0,0.1268,30.0,0.0
1424,40.95,0.5,20.51,10.06,0.0,0.1278,30.0,0.0
1425,42.68,0.0,32.16,0.0,0.0,0.1979,10.52,0.0
1426,44.2,0.0,14.2,0.0,0.0,0.1979,30.0,0.0
1427,45.44,0.23,41.38,0.0,0.0,0.1979,3.82,0.0
1428,46.36,0.0,44.04,27.68,0.0,0.1979,30.0,0.0
1429,46.93,0.66,42.9,26.63,0.0,0.3907,30.0,0.0
1430,47.12,1.01,39.27,23.15,0.0,0.5762,30.0,0.0
1431,46.93,1.35,29.68,14.1,0.0,0.7375,30.0,0.0
1432,46.36,1.48,22.81,7.92,0.0,0.8357,30.0,0.0
1433,45.44,0.0,10.74,0.0,4.7,0.8909,30.0,0.0
1434,44.2,1.21,0.0,0.0,12.99,0.8546,30.0,0.0
1435,42.68,1.57,0.0,0.0,11.11,0.7544,30.0,0.0
1436,40.95,1.42,0.0,0.0,9.53,0.6686,30.0,0.0
1437,39.08,2.48,0.0,0.0,6.6,0.595,30.0,0.0
1438,37.12,1.99,0.0,0.0,5.14,0.5441,30.0,0.0
1439,37.12,2.16,0.0,0.0,4.96,0.5045,30.0,0.0
1440,37.15,2.14,0.0,0.0,5.01,0.4662,30.0,0.0
1441,37.15,0.46,0.0,0.0,6.69,0.4275,30.0,0.0
1442,37.15,0.0,0.0,0.0,7.15,0.3758,30.0,0.0
1443,37.15,0.0,0.0,0.0,7.15,0.3207,30.0,0.0
1444,37.15,0.0,0.0,0.0,7.15,0.2655,30.0,0.0
1445,37.15,0.0,0.0,0.0,7.15,0.2103,30.0,0.0
1446,37.15,0.0,0.0,0.0,7.15,0.1552,30.0,0.0
1447,39.1,1.45,9.91,2.26,0.0,0.1,30.0,0.0
1448,40.97,1.66,20.79,11.48,0.0,0.1158,30.0,0.0
1449,42.7,0.93,29.63,0.0,0.0,0.1958,12.14,0.0
1450,44.22,0.0,14.22,0.0,0.0,0.1958,30.0,0.0
1451,45.46,0.0,43.66,0.0,0.0,0.1958,1.8,0.0
1452,46.39,0.9,43.58,28.09,0.0,0.1958,30.0,0.0
1453,46.95,2.12,43.01,28.17,0.0,0.3914,30.0,0.0
1454,47.15,1.13,37.67,21.65,0.0,0.5877,30.0,0.0
1455,46.95,0.02,29.61,12.68,0.0,0.7386,30.0,0.0
1456,46.39,1.41,20.62,5.65,0.0,0.8269,30.0,0.0
1457,45.46,1.35,7.3,0.0,6.82,0.8662,30.0,0.0
1458,44.22,1.95,0.0,0.0,12.27,0.8136,30.0,0.0
1459,42.7,1.76,0.0,0.0,10.94,0.7189,30.0,0.0
1460,40.97,1.47,0.0,0.0,9.5,0.6344,30.0,0.0
1461,39.1,1.02,0.0,0.0,8.08,0.5611,30.0,0.0
1462,37.15,1.62,0.0,0.0,5.53,0.4987,30.0,0.0
1463,37.15,1.34,0.0,0.0,5.8,0.4561,30.0,0.0
1464,37.17,1.49,0.0,0.0,5.68,0.4113,30.0,0.0
1465,37.17,2.07,0.0,0.0,5.1,0.3675,30.0,0.0
1466,37.17,0.0,0.0,0.0,7.17,0.3281,30.0,0.0
1467,37.17,1.84,0.0,0.0,5.33,0.2728,30.0,0.0
1468,37.17,0.92,0.0,0.0,6.25,0.2317,30.0,0.0
1469,37.17,1.64,0.0,0.0,5.53,0.1834,30.0,0.0
1470,37.17,1.89,0.0,0.0,5.28,0.1407,30.0,0.0
1471,39.12,0.0,9.12,0.0,0.0,0.1,30.0,0.0
1472,41.0,0.95,21.87,11.82,0.0,0.1,30.0,0.0
1473,42.72,0.92,30.93,0.0,0.0,0.1824,10.87,0.0
1474,44.24,0.43,13.81,0.0,0.0,0.1824,30.0,0.0
1475,45.48,0.0,44.06,0.0,0.0,0.1824,1.42,0.0
1476,46.41,0.7,44.9,29.2,0.0,0.1824,30.0,0.0
1477,46.98,1.0,41.35,25.37,0.0,0.3858,30.0,0.0
1478,47.17,0.38,38.11,21.33,0.0,0.5625,30.0,0.0
1479,46.98,0.69,31.11,14.82,0.0,0.7111,30.0,0.0
1480,46.41,1.39,21.31,6.29,0.0,0.8144,30.0,0.0
1481,45.48,0.95,11.1,0.0,3.43,0.8582,30.0,0.0
1482,44.24,2.16,0.0,0.0,12.08,0.8317,30.0,0.0
1483,42.72,1.21,0.0,0.0,11.52,0.7384,30.0,0.0
1484,41.0,1.65,0.0,0.0,9.35,0.6495,30.0,0.0
1485,39.12,2.12,0.0,0.0,7.0,0.5774,30.0,0.0
1486,37.17,1.0,0.0,0.0,6.17,0.5233,30.0,0.0
1487,37.17,0.87,0.0,0.0,6.3,0.4757,30.0,0.0
1488,37.19,1.0,0.0,0.0,6.19,0.4271,30.0,0.0
1489,37.19,2.41,0.0,0.0,4.78,0.3793,30.0,0.0
1490,37.19,1.43,0.0,0.0,5.76,0.3424,30.0,0.0
1491,37.19,1.31,0.0,0.0,5.88,0.2979,30.0,0.0
1492,37.19,0.0,0.0,0.0,7.19,0.2526,30.0,0.0
1493,37.19,1.5,0.0,0.0,5.69,0.1971,30.0,0.0
1494,37.19,2.06,0.0,0.0,5.13,0.1531,30.0,0.0
1495,39.14,2.16,9.97,2.99,0.0,0.1135,30.0,0.0
1496,41.02,0.0,22.53,11.51,0.0,0.1343,30.0,0.0
1497,42.75,1.53,32.29,0.0,0.0,0.2145,8.93,0.0
1498,44.26,1.35,37.12,0.0,0.0,0.2145,5.79,0.0
1499,45.5,0.0,15.5,0.0,0.0,0.2145,30.0,0.0
1500,46.43,1.16,44.81,29.54,0.0,0.2145,30.0,0.0
1501,47.0,0.49,44.38,27.88,0.0,0.4203,30.0,0.0
1502,47.19,0.41,37.21,20.43,0.0,0.6145,30.0,0.0
1503,47.0,0.91,30.62,14.52,0.0,0.7568,30.0,0.0
1504,46.43,0.93,21.53,6.03,0.0,0.858,30.0,0.0
1505,45.5,0.91,10.62,0.0,3.98,0.9,30.0,0.0
1506,44.26,1.63,0.0,0.0,12.63,0.8693,30.0,0.0
1507,42.75,1.89,0.0,0.0,10.85,0.7718,30.0,0.0
1508,41.02,1.57,0.0,0.0,9.45,0.688,30.0,0.0
1509,39.14,2.39,0.0,0.0,14.85,0.6151,21.9,0.0
1510,37.19,1.13,0.0,0.0,6.06,0.5004,30.0,0.0
1511,37.19,1.67,0.0,0.0,5.52,0.4536,30.0,0.0
1512,37.21,1.41,0.0,0.0,5.8,0.411,30.0,0.0
1513,37.21,0.8,0.0,0.0,6.41,0.3662,30.0,0.0
1514,37.21,1.66,0.0,0.0,5.55,0.3167,30.0,0.0
1515,37.21,1.56,0.0,0.0,5.65,0.2739,30.0,0.0
1516,37.21,2.29,0.0,0.0,4.92,0.2303,30.0,0.0
1517,37.21,1.72,0.0,0.0,5.49,0.1924,30.0,0.0
1518,37.21,0.74,0.0,0.0,6.47,0.15,30.0,0.0
1519,39.16,2.08,9.83,2.74,0.0,0.1,30.0,0.0
1520,41.04,1.63,22.0,0.0,0.0,0.1191,17.4,0.0
1521,42.77,1.2,32.01,14.3,0.0,0.1191,23.86,0.0
1522,44.28,0.7,37.24,0.0,0.0,0.2187,6.33,0.0
1523,45.52,0.28,44.73,0.0,0.0,0.2187,0.51,0.0
1524,46.45,0.0,44.52,28.08,0.0,0.2187,30.0,0.0
1525,47.02,1.33,42.23,26.54,0.0,0.4143,30.0,0.0
1526,47.21,1.78,39.38,23.96,0.0,0.5992,30.0,0.0
1527,47.02,1.69,29.79,14.46,0.0,0.7661,30.0,0.0
1528,46.45,0.76,20.46,4.76,0.0,0.8668,30.0,0.0
1529,45.52,0.56,11.4,0.0,3.57,0.9,30.0,0.0
1530,44.28,1.33,0.0,0.0,12.95,0.8725,30.0,0.0
1531,42.77,0.49,0.0,0.0,12.28,0.7725,30.0,0.0
1532,41.04,1.68,0.0,0.0,9.35,0.6778,30.0,0.0
1533,39.16,1.55,0.0,0.0,7.61,0.6056,30.0,0.0
1534,37.21,1.47,0.0,0.0,5.74,0.5468,30.0,0.0
1535,37.21,0.94,0.0,0.0,6.27,0.5025,30.0,0.0
1536,37.23,2.03,0.0,0.0,5.2,0.4541,30.0,0.0
1537,37.23,1.48,0.0,0.0,5.75,0.4139,30.0,0.0
1538,37.23,1.1,0.0,0.0,6.13,0.3695,30.0,0.0
1539,37.23,0.15,0.0,0.0,7.08,0.3222,30.0,0.0
1540,37.23,1.5,0.0,0.0,5.73,0.2675,30.0,0.0
1541,37.23,2.29,0.0,0.0,4.94,0.2233,30.0,0.0
1542,37.23,2.1,0.0,0.0,5.13,0.1852,30.0,0.0
1543,39.18,0.89,9.37,0.0,4.54,0.1456,24.38,0.0
1544,41.06,0.69,22.42,0.0,0.0,0.1105,17.95,0.0
1545,42.79,1.13,31.91,0.0,0.0,0.1105,9.75,0.0
1546,44.3,0.3,37.96,23.96,0.0,0.1105,30.0,0.0
1547,45.54,0.91,44.65,30.02,0.0,0.2774,30.0,0.0
1548,46.47,1.13,46.47,31.14,0.0,0.4865,30.0,0.0
1549,47.04,1.39,43.87,28.22,0.0,0.7034,30.0,0.0
1550,47.23,0.0,19.56,0.0,27.67,0.9,0.0,0.0
1551,47.04,0.79,32.75,16.5,0.0,0.6864,30.0,0.0
1552,46.47,0.55,21.49,5.57,0.0,0.8014,30.0,0.0
1553,45.54,0.7,11.5,0.0,3.34,0.8402,30.0,0.0
1554,44.3,1.14,0.0,0.0,13.16,0.8144,30.0,0.0
1555,42.79,1.57,0.0,0.0,11.21,0.7128,30.0,0.0
1556,41.06,1.98,0.0,0.0,9.08,0.6263,30.0,0.0
1557,39.18,1.21,0.0,0.0,7.98,0.5562,30.0,0.0
1558,37.23,2.46,0.0,0.0,4.77,0.4946,30.0,0.0
1559,37.23,1.61,0.0,0.0,5.62,0.4578,30.0,0.0
1560,37.25,1.75,0.0,0.0,5.5,0.4144,30.0,0.0
1561,37.25,1.36,0.0,0.0,5.89,0.3719,30.0,0.0
1562,37.25,0.45,0.0,0.0,6.8,0.3265,30.0,0.0
1563,37.25,2.06,0.0,0.0,5.19,0.274,30.0,0.0
1564,37.25,1.88,0.0,0.0,5.37,0.2339,30.0,0.0
1565,37.25,1.24,0.0,0.0,6.01,0.1925,30.0,0.0
1566,37.25,1.28,0.0,0.0,5.97,0.1461,30.0,0.0
1567,39.2,1.38,11.56,3.74,0.0,0.1,30.0,0.0
1568,41.08,0.19,21.94,11.06,0.0,0.1261,30.0,0.0
1569,42.8,0.61,30.99,18.8,0.0,0.2031,30.0,0.0
1570,44.32,0.0,21.15,0.0,23.17,0.3341,0.0,0.0
1571,45.56,0.11,43.29,0.0,0.0,0.1552,2.17,0.0
1572,46.49,0.89,46.26,30.66,0.0,0.1552,30.0,0.0
1573,47.06,0.06,42.56,25.56,0.0,0.3688,30.0,0.0
1574,47.25,1.04,39.69,23.48,0.0,0.5469,30.0,0.0
1575,47.06,0.87,31.99,15.8,0.0,0.7105,30.0,0.0
1576,46.49,0.16,21.69,5.37,0.0,0.8205,30.0,0.0
1577,45.56,1.71,9.44,0.0,4.41,0.8579,30.0,0.0
1578,44.32,0.87,0.0,0.0,13.45,0.8239,30.0,0.0
1579,42.8,0.96,0.0,0.0,11.84,0.72,30.0,0.0
1580,41.08,1.6,0.0,0.0,9.47,0.6286,30.0,0.0
1581,39.2,2.2,0.0,0.0,7.0,0.5555,30.0,0.0
1582,37.25,1.17,0.0,0.0,6.08,0.5015,30.0,0.0
1583,37.25,1.77,0.0,0.0,5.48,0.4545,30.0,0.0
1584,37.27,1.97,0.0,0.0,5.3,0.4123,30.0,0.0
1585,37.27,2.09,0.0,0.0,5.18,0.3714,30.0,0.0
1586,37.27,1.77,0.0,0.0,5.5,0.3314,30.0,0.0
1587,37.27,1.41,0.0,0.0,5.85,0.289,30.0,0.0
1588,37.27,1.07,0.0,0.0,6.2,0.2438,30.0,0.0
1589,37.27,1.42,0.0,0.0,5.85,0.1959,30.0,0.0
1590,37.27,0.69,0.0,0.0,6.58,0.1508,30.0,0.0
1591,39.22,0.0,9.92,0.7,0.0,0.1,30.0,0.0
1592,41.09,1.21,21.59,0.0,0.0,0.1049,18.29,0.0
1593,42.82,1.34,30.56,10.36,0.0,0.1049,21.28,0.0
1594,44.34,0.0,39.76,0.0,0.0,0.1771,4.58,0.0
1595,45.58,0.23,43.39,0.0,0.0,0.1771,1.96,0.0
1596,46.51,1.04,45.62,30.15,0.0,0.1771,30.0,0.0
1597,47.08,1.8,45.09,29.81,0.0,0.3871,30.0,0.0
1598,47.27,0.81,39.08,22.62,0.0,0.5948,30.0,0.0
1599,47.08,0.5,31.32,14.74,0.0,0.7524,30.0,0.0
1600,46.51,0.89,22.06,6.44,0.0,0.8551,30.0,0.0
1601,45.58,1.81,11.79,0.0,1.98,0.9,30.0,0.0
1602,44.34,0.91,0.0,0.0,13.43,0.8847,30.0,0.0
1603,42.82,0.96,0.0,0.0,11.86,0.7811,30.0,0.0
1604,41.09,1.25,0.0,0.0,9.85,0.6895,30.0,0.0
1605,39.22,1.11,0.0,0.0,8.11,0.6135,30.0,0.0
1606,37.27,1.74,0.0,0.0,5.52,0.5509,30.0,0.0
1607,37.27,2.56,0.0,0.0,4.7,0.5083,30.0,0.0
1608,37.29,1.91,0.0,0.0,5.38,0.472,30.0,0.0
1609,37.29,1.6,0.0,0.0,5.69,0.4305,30.0,0.0
1610,37.29,1.52,0.0,0.0,5.76,0.3866,30.0,0.0
1611,37.29,0.79,0.0,0.0,6.49,0.3421,30.0,0.0
1612,37.29,1.94,0.0,0.0,5.35,0.292,30.0,0.0
1613,37.29,1.32,0.0,0.0,5.96,0.2507,30.0,0.0
1614,37.29,1.14,0.0,0.0,13.56,0.2047,22.59,0.0
1615,39.24,2.73,11.44,4.94,0.0,0.1,30.0,0.0
1616,41.11,1.13,9.98,0.0,0.0,0.1344,30.0,0.0
1617,42.84,0.48,32.95,0.0,0.0,0.1344,9.41,0.0
1618,44.36,0.57,38.79,0.0,0.0,0.1344,5.0,0.0
1619,45.6,1.32,43.4,6.97,0.0,0.1344,7.85,0.0
1620,46.52,0.78,45.85,30.11,0.0,0.1829,30.0,0.0
1621,47.09,0.0,45.31,28.22,0.0,0.3927,30.0,0.0
1622,47.29,1.26,38.7,22.68,0.0,0.5893,30.0,0.0
1623,47.09,0.53,30.58,14.02,0.0,0.7473,30.0,0.0
1624,46.52,1.93,22.5,7.91,0.0,0.8449,30.0,0.0
1625,45.6,1.65,9.87,0.0,4.08,0.9,30.0,0.0
1626,44.36,1.0,0.0,0.0,13.35,0.8685,30.0,0.0
1627,42.84,2.02,0.0,0.0,10.82,0.7654,30.0,0.0
1628,41.11,1.52,0.0,0.0,9.59,0.6819,30.0,0.0
1629,39.24,2.03,0.0,0.0,7.21,0.6078,30.0,0.0
1630,37.29,1.92,0.0,0.0,5.36,0.5522,30.0,0.0
1631,37.29,1.29,0.0,0.0,5.99,0.5108,30.0,0.0
1632,37.3,1.4,0.0,0.0,5.9,0.4645,30.0,0.0
1633,37.3,2.24,0.0,0.0,5.06,0.419,30.0,0.0
1634,37.3,1.49,0.0,0.0,5.81,0.3799,30.0,0.0
1635,37.3,1.38,0.0,0.0,5.92,0.3351,30.0,0.0
1636,37.3,0.99,0.0,0.0,6.31,0.2894,30.0,0.0
1637,37.3,1.57,0.0,0.0,5.73,0.2406,30.0,0.0
1638,37.3,2.28,0.0,0.0,5.02,0.1964,30.0,0.0
1639,39.25,0.54,9.65,0.94,0.0,0.1576,30.0,0.0
1640,41.13,0.98,23.0,0.0,8.32,0.1642,8.83,0.0
1641,42.86,1.58,31.94,20.66,0.0,0.1,30.0,0.0
1642,44.37,0.74,38.55,15.84,0.0,0.2439,20.93,0.0
1643,45.62,0.96,45.47,0.0,29.19,0.3543,0.0,30.0
1644,46.54,0.17,45.64,29.26,0.0,0.129,30.0,0.0
1645,47.11,0.95,43.26,27.1,0.0,0.3329,30.0,0.0
1646,47.3,0.68,38.75,22.13,0.0,0.5217,30.0,0.0
1647,47.11,1.37,30.82,15.08,0.0,0.6758,30.0,0.0
1648,46.54,1.57,23.65,8.68,0.0,0.7809,30.0,0.0
1649,45.62,2.41,10.13,0.0,3.07,0.8413,30.0,0.0
1650,44.37,1.52,0.0,0.0,12.85,0.8176,30.0,0.0
1651,42.86,1.52,0.0,0.0,11.34,0.7184,30.0,0.0
1652,41.13,1.58,0.0,0.0,9.55,0.6309,30.0,0.0
1653,39.25,1.4,0.0,0.0,7.85,0.5572,30.0,0.0
1654,37.3,1.84,0.0,0.0,5.46,0.4966,30.0,0.0
1655,37.3,1.57,0.0,0.0,5.74,0.4544,30.0,0.0
1656,37.32,1.81,0.0,0.0,5.51,0.4101,30.0,0.0
1657,37.32,2.38,0.0,0.0,4.94,0.3676,30.0,0.0
1658,37.32,1.14,0.0,0.0,6.18,0.3295,30.0,0.0
1659,37.32,2.16,0.0,0.0,5.16,0.2818,30.0,0.0
1660,37.32,2.14,0.0,0.0,5.17,0.242,30.0,0.0
1661,37.32,1.29,0.0,0.0,6.03,0.2021,30.0,0.0
1662,37.32,0.13,0.0,0.0,7.19,0.1555,30.0,0.0
1663,39.27,0.77,12.17,3.67,0.0,0.1,30.0,0.0
1664,41.15,1.62,9.52,0.0,0.0,0.1256,30.0,0.0
1665,42.87,0.84,33.37,0.0,0.0,0.1256,8.67,0.0
1666,44.39,0.26,38.56,12.13,0.0,0.1256,17.7,0.0
1667,45.63,0.46,44.4,0.0,0.78,0.2101,0.0,0.0
1668,46.56,1.13,45.96,30.53,0.0,0.2041,30.0,0.0
1669,47.13,1.0,43.02,26.89,0.0,0.4168,30.0,0.0
1670,47.32,0.65,38.34,21.67,0.0,0.6041,30.0,0.0
1671,47.13,0.66,31.24,14.78,0.0,0.7551,30.0,0.0
1672,46.56,0.76,21.82,6.02,0.0,0.8581,30.0,0.0
1673,45.63,0.61,10.23,0.0,4.79,0.9,30.0,0.0
1674,44.39,2.04,0.0,0.0,12.35,0.863,30.0,0.0
1675,42.87,1.18,0.0,0.0,11.69,0.7677,30.0,0.0
1676,41.15,2.09,0.0,0.0,9.05,0.6774,30.0,0.0
1677,39.27,0.0,0.0,0.0,9.27,0.6075,30.0,0.0
1678,37.32,2.17,0.0,0.0,5.15,0.536,30.0,0.0
1679,37.32,1.49,0.0,0.0,5.83,0.4962,30.0,0.0
1680,37.33,1.92,0.0,0.0,5.41,0.4512,30.0,0.0
1681,37.33,1.69,0.0,0.0,5.65,0.4094,30.0,0.0
1682,37.33,1.19,0.0,0.0,6.15,0.3659,30.0,0.0
1683,37.33,1.73,0.0,0.0,5.6,0.3184,30.0,0.0
1684,37.33,0.86,0.0,0.0,6.48,0.2752,30.0,0.0
1685,37.33,1.95,0.0,0.0,5.39,0.2252,30.0,0.0
1686,37.33,0.97,0.0,0.0,6.37,0.1836,30.0,0.0
1687,39.29,1.18,9.85,1.74,0.0,0.1344,30.0,0.0
1688,41.16,1.1,23.88,0.0,0.0,0.1465,16.19,0.0
1689,42.89,0.71,31.02,0.0,0.0,0.1465,11.16,0.0
1690,44.41,1.06,40.45,0.0,0.0,0.1465,2.9,0.0
1691,45.65,0.47,43.38,0.0,0.0,0.1465,1.8,0.0
1692,46.57,1.14,47.73,32.29,0.0,0.1465,30.0,0.0
1693,47.14,0.02,45.31,28.2,0.0,0.3715,30.0,0.0
1694,47.33,0.83,39.65,23.14,0.0,0.5679,30.0,0.0
1695,47.14,1.84,30.95,15.65,0.0,0.7292,30.0,0.0
1696,46.57,0.44,23.68,7.55,0.0,0.8382,30.0,0.0
1697,45.65,0.73,9.87,0.0,5.05,0.8908,30.0,0.0
1698,44.41,1.47,0.0,0.0,12.94,0.8518,30.0,0.0
1699,42.89,1.43,0.0,0.0,11.46,0.7519,30.0,0.0
1700,41.16,1.64,0.0,0.0,9.52,0.6635,30.0,0.0
1701,39.29,1.82,0.0,0.0,7.47,0.59,30.0,0.0
1702,37.33,1.97,0.0,0.0,5.36,0.5323,30.0,0.0
1703,37.33,2.27,0.0,0.0,5.07,0.4909,30.0,0.0
1704,37.35,1.92,0.0,0.0,11.55,0.4518,23.88,0.0
1705,37.35,1.57,0.0,0.0,5.78,0.3627,30.0,0.0
1706,37.35,1.99,0.0,0.0,5.36,0.3181,30.0,0.0
1707,37.35,2.53,0.0,0.0,4.82,0.2767,30.0,0.0
1708,37.35,1.39,0.0,0.0,5.96,0.2395,30.0,0.0
1709,37.35,0.83,0.0,0.0,6.52,0.1934,30.0,0.0
1710,37.35,1.76,0.0,0.0,5.59,0.1431,30.0,0.0
1711,39.3,1.0,9.49,1.2,0.0,0.1,30.0,0.0
1712,41.18,0.0,21.66,10.49,0.0,0.1083,30.0,0.0
1713,42.91,1.27,33.5,0.0,0.0,0.1814,8.14,0.0
1714,44.42,0.48,40.8,0.0,0.0,0.1814,3.14,0.0
1715,45.66,0.66,44.4,0.0,0.0,0.1814,0.61,0.0
1716,46.59,0.86,47.17,31.44,0.0,0.1814,30.0,0.0
1717,47.16,0.8,45.23,28.87,0.0,0.4004,30.0,0.0
1718,47.35,1.12,37.29,21.06,0.0,0.6015,30.0,0.0
1719,47.16,0.61,32.37,15.82,0.0,0.7482,30.0,0.0
1720,46.59,1.2,21.35,5.96,0.0,0.8584,30.0,0.0
1721,45.66,0.93,11.71,0.0,3.02,0.9,30.0,0.0
1722,44.42,1.58,0.0,0.0,12.84,0.8767,30.0,0.0
1723,42.91,1.65,0.0,0.0,11.26,0.7775,30.0,0.0
1724,41.18,0.98,0.0,0.0,10.2,0.6906,30.0,0.0
1725,39.3,2.12,0.0,0.0,7.19,0.6119,30.0,0.0
1726,37.35,1.37,0.0,0.0,5.98,0.5564,30.0,0.0
1727,37.35,2.11,0.0,0.0,5.24,0.5102,30.0,0.0
1728,37.36,1.89,0.0,0.0,5.47,0.4697,30.0,0.0
1729,37.36,2.2,0.0,0.0,5.16,0.4275,30.0,0.0
1730,37.36,1.52,0.0,0.0,5.85,0.3876,30.0,0.0
1731,37.36,1.37,0.0,0.0,5.99,0.3425,30.0,0.0
1732,37.36,1.44,0.0,0.0,5.93,0.2963,30.0,0.0
1733,37.36,1.17,0.0,0.0,6.2,0.2505,30.0,0.0
1734,37.36,1.6,0.0,0.0,5.77,0.2027,30.0,0.0
1735,39.31,0.23,12.15,3.07,0.0,0.1582,30.0,0.0
1736,41.19,0.39,10.8,0.0,0.0,0.1795,30.0,0.0
1737,42.92,0.28,31.43,0.0,0.0,0.1795,11.2,0.0
1738,44.44,1.23,40.33,27.12,0.0,0.1795,30.0,0.0
1739,45.68,1.57,44.6,0.0,29.5,0.3685,0.0,30.0
1740,46.6,0.62,47.13,31.15,0.0,0.1408,30.0,0.0
1741,47.17,0.61,44.26,27.7,0.0,0.3578,30.0,0.0
1742,47.36,0.78,39.29,22.71,0.0,0.5508,30.0,0.0
1743,47.17,1.42,31.4,15.65,0.0,0.709,30.0,0.0
1744,46.6,0.46,22.17,6.02,0.0,0.818,30.0,0.0
1745,45.68,1.18,9.72,0.0,4.78,0.86,30.0,0.0
1746,44.44,1.69,0.0,0.0,12.75,0.8231,30.0,0.0
1747,42.92,1.58,0.0,0.0,11.34,0.7247,30.0,0.0
1748,41.19,1.54,0.0,0.0,9.65,0.6372,30.0,0.0
1749,39.31,2.06,0.0,0.0,7.25,0.5627,30.0,0.0
1750,37.36,0.25,0.0,0.0,7.11,0.5067,30.0,0.0
1751,37.36,2.03,0.0,0.0,5.33,0.4518,30.0,0.0
1752,37.38,1.36,0.0,0.0,6.02,0.4106,30.0,0.0
1753,37.38,0.74,0.0,0.0,6.64,0.3642,30.0,0.0
1754,37.38,1.89,0.0,0.0,5.49,0.3129,30.0,0.0
1755,37.38,2.25,0.0,0.0,5.13,0.2705,30.0,0.0
1756,37.38,1.37,0.0,0.0,6.01,0.2309,30.0,0.0
1757,37.38,1.8,0.0,0.0,5.58,0.1845,30.0,0.0
1758,37.38,2.01,0.0,0.0,5.37,0.1415,30.0,0.0
1759,39.33,1.72,10.01,2.4,0.0,0.1,30.0,0.0
1760,41.2,1.76,7.27,0.0,2.17,0.1167,30.0,0.0
1761,42.93,0.0,19.25,6.31,0.0,0.1,30.0,0.0
1762,44.45,0.78,41.41,0.0,0.0,0.144,2.26,0.0
1763,45.69,0.0,44.57,28.88,0.0,0.144,30.0,0.0
1764,46.62,0.54,16.07,0.0,0.0,0.3452,30.0,0.0
1765,47.19,0.26,46.91,29.98,0.0,0.3452,30.0,0.0
1766,47.38,1.85,41.24,25.71,0.0,0.554,30.0,0.0
1767,47.19,0.0,33.7,16.52,0.0,0.7331,30.0,0.0
1768,46.62,0.0,24.05,7.43,0.0,0.8482,30.0,0.0
1769,45.69,1.33,10.59,0.0,3.77,0.9,30.0,0.0
1770,44.45,1.2,0.0,0.0,13.25,0.8709,30.0,0.0
1771,42.93,2.18,0.0,0.0,10.75,0.7687,30.0,0.0
1772,41.2,0.0,0.0,0.0,11.2,0.6857,30.0,0.0
1773,39.33,1.64,0.0,0.0,7.69,0.5992,30.0,0.0
1774,37.38,1.24,0.0,0.0,6.13,0.5399,30.0,0.0
1775,37.38,1.0,0.0,0.0,6.38,0.4925,30.0,0.0
1776,37.39,1.37,0.0,0.0,6.02,0.4433,30.0,0.0
1777,37.39,1.65,0.0,0.0,5.74,0.3968,30.0,0.0
1778,37.39,1.4,0.0,0.0,5.99,0.3525,30.0,0.0
1779,37.39,1.18,0.0,0.0,6.21,0.3062,30.0,0.0
1780,37.39,0.0,0.0,0.0,7.39,0.2583,30.0,0.0
1781,37.39,1.26,0.0,0.0,6.13,0.2012,30.0,0.0
1782,37.39,0.4,0.0,0.0,6.99,0.1539,30.0,0.0
1783,39.34,1.43,12.1,4.18,0.0,0.1,30.0,0.0
1784,41.22,0.96,22.97,12.71,0.0,0.1291,30.0,0.0
1785,42.95,0.07,32.58,19.7,0.0,0.2177,30.0,0.0
1786,44.46,0.57,41.75,0.0,0.0,0.3549,2.14,0.0
1787,45.71,0.0,46.96,0.0,28.75,0.3549,0.0,30.0
1788,46.63,0.82,48.48,32.68,0.0,0.133,30.0,0.0
1789,47.2,1.36,45.08,29.25,0.0,0.3606,30.0,0.0
1790,47.39,0.0,41.73,24.34,0.0,0.5644,30.0,0.0
1791,47.2,0.87,33.68,17.35,0.0,0.734,30.0,0.0
1792,46.63,0.84,22.28,6.48,0.0,0.8548,30.0,0.0
1793,45.71,1.38,9.9,0.0,4.42,0.9,30.0,0.0
1794,44.46,1.28,0.0,0.0,13.18,0.8659,30.0,0.0
1795,42.95,0.92,0.0,0.0,12.03,0.7641,30.0,0.0
1796,41.22,1.27,0.0,0.0,9.95,0.6713,30.0,0.0
1797,39.34,1.13,0.0,0.0,8.21,0.5945,30.0,0.0
1798,37.39,2.17,0.0,0.0,5.22,0.5311,30.0,0.0
1799,37.39,1.68,0.0,0.0,5.71,0.4907,30.0,0.0
1800,37.4,1.0,0.0,0.0,6.4,0.4466,30.0,0.0
1801,37.4,1.63,0.0,0.0,5.78,0.3972,30.0,0.0
1802,37.4,1.25,0.0,0.0,6.16,0.3527,30.0,0.0
1803,37.4,0.75,0.0,0.0,6.65,0.3051,30.0,0.0
1804,37.4,0.5,0.0,0.0,6.91,0.2538,30.0,0.0
1805,37.4,0.49,0.0,0.0,6.92,0.2005,30.0,0.0
1806,37.4,1.3,0.0,0.0,6.1,0.1471,30.0,0.0
1807,39.35,1.29,10.26,2.2,0.0,0.1,30.0,0.0
1808,41.23,0.1,23.62,0.0,0.0,0.1153,17.51,0.0
1809,42.96,1.26,31.76,20.06,0.0,0.1153,30.0,0.0
1810,44.47,0.47,42.21,9.17,0.0,0.2551,10.95,0.0
1811,45.72,0.75,46.61,0.0,28.36,0.3189,0.0,30.0
1812,46.64,1.48,48.07,32.91,0.0,0.1,30.0,0.0
1813,47.21,1.13,47.04,30.96,0.0,0.3293,30.0,0.0
1814,47.4,0.58,41.66,24.84,0.0,0.5449,30.0,0.0
1815,47.21,0.35,32.18,15.32,0.0,0.718,30.0,0.0
1816,46.64,0.0,23.66,7.02,0.0,0.8247,30.0,0.0
1817,45.72,0.45,11.1,0.0,4.17,0.8736,30.0,0.0
1818,44.47,1.06,0.0,0.0,13.42,0.8414,30.0,0.0
1819,42.96,0.79,0.0,0.0,12.17,0.7378,30.0,0.0
1820,41.23,1.35,0.0,0.0,9.88,0.6439,30.0,0.0
1821,39.35,1.57,0.0,0.0,7.79,0.5677,30.0,0.0
1822,37.4,1.49,0.0,0.0,5.91,0.5076,30.0,0.0
1823,37.4,1.33,0.0,0.0,6.08,0.4619,30.0,0.0
1824,37.41,1.75,0.0,0.0,5.66,0.415,30.0,0.0
1825,37.41,1.88,0.0,0.0,5.54,0.3713,30.0,0.0
1826,37.41,1.04,0.0,0.0,6.37,0.3286,30.0,0.0
1827,37.41,2.24,0.0,0.0,5.17,0.2794,30.0,0.0
1828,37.41,1.36,0.0,0.0,6.05,0.2394,30.0,0.0
1829,37.41,1.3,0.0,0.0,6.12,0.1927,30.0,0.0
1830,37.41,1.52,0.0,0.0,5.9,0.1455,30.0,0.0
1831,39.37,0.0,12.24,2.87,0.0,0.1,30.0,0.0
1832,41.24,0.0,21.48,0.0,0.0,0.12,19.76,0.0
1833,42.97,0.94,33.62,0.0,0.0,0.12,8.41,0.0
1834,44.49,0.4,40.87,0.0,0.0,0.12,3.22,0.0
1835,45.73,0.85,44.58,29.69,0.0,0.12,30.0,0.0
1836,46.65,0.06,47.32,30.73,0.0,0.3269,30.0,0.0
1837,47.22,0.0,44.81,12.97,0.0,0.5409,15.38,0.0
1838,47.41,0.7,40.4,23.68,0.0,0.6312,30.0,0.0
1839,47.22,0.0,32.12,14.9,0.0,0.7962,30.0,0.0
1840,46.65,0.83,23.13,0.0,0.0,0.9,22.69,0.0
1841,45.73,0.06,9.77,0.0,5.9,0.9,30.0,0.0
1842,44.49,0.88,0.0,0.0,13.61,0.8544,30.0,0.0
1843,42.97,1.34,0.0,0.0,11.63,0.7494,30.0,0.0
1844,41.24,1.49,0.0,0.0,9.75,0.6596,30.0,0.0
1845,39.37,0.99,0.0,0.0,8.37,0.5843,30.0,0.0
1846,37.41,2.25,0.0,0.0,5.17,0.5197,30.0,0.0
1847,37.41,1.21,0.0,0.0,6.21,0.4798,30.0,0.0
1848,37.43,2.16,0.0,0.0,5.27,0.4319,30.0,0.0
1849,37.43,1.86,0.0,0.0,5.57,0.3912,30.0,0.0
1850,37.43,1.26,0.0,0.0,6.17,0.3483,30.0,0.0
1851,37.43,2.42,0.0,0.0,5.01,0.3007,30.0,0.0
1852,37.43,0.79,0.0,0.0,6.63,0.262,30.0,0.0
1853,37.43,1.75,0.0,0.0,5.68,0.2108,30.0,0.0
1854,37.43,1.66,0.0,0.0,5.77,0.167,30.0,0.0
1855,39.38,0.67,12.64,3.94,0.0,0.1225,30.0,0.0
1856,41.25,1.6,22.26,12.61,0.0,0.1499,30.0,0.0
1857,42.98,0.0,12.98,0.0,0.0,0.2378,30.0,0.0
1858,44.5,0.85,32.28,18.64,0.0,0.2378,30.0,0.0
1859,45.74,0.79,45.21,0.0,29.74,0.3676,0.0,30.0
1860,46.66,0.57,48.4,32.3,0.0,0.1381,30.0,0.0
1861,47.23,1.07,45.95,29.79,0.0,0.3631,30.0,0.0
1862,47.43,1.11,40.92,24.6,0.0,0.5706,30.0,0.0
1863,47.23,0.0,32.09,14.86,0.0,0.742,30.0,0.0
1864,46.66,1.56,22.93,7.82,0.0,0.8455,30.0,0.0
1865,45.74,0.16,10.07,0.0,5.5,0.9,30.0,0.0
1866,44.5,1.68,0.0,0.0,12.82,0.8575,30.0,0.0
1867,42.98,1.86,0.0,0.0,11.12,0.7586,30.0,0.0
1868,41.25,0.85,0.0,0.0,10.41,0.6727,30.0,0.0
1869,39.38,1.3,0.0,0.0,8.08,0.5924,30.0,0.0
1870,37.43,1.02,0.0,0.0,6.4,0.53,30.0,0.0
1871,37.43,1.53,0.0,0.0,5.89,0.4806,30.0,0.0
1872,37.44,1.49,0.0,0.0,5.94,0.4351,30.0,0.0
1873,37.44,2.03,0.0,0.0,5.4,0.3892,30.0,0.0
1874,37.44,2.25,0.0,0.0,5.18,0.3475,30.0,0.0
1875,37.44,2.21,0.0,0.0,5.22,0.3075,30.0,0.0
1876,37.44,1.11,0.0,0.0,6.33,0.2672,30.0,0.0
1877,37.44,1.16,0.0,0.0,6.27,0.2184,30.0,0.0
1878,37.44,0.28,0.0,0.0,7.16,0.17,30.0,0.0
1879,39.39,0.59,11.75,2.96,0.0,0.1147,30.0,0.0
1880,41.26,1.38,9.89,0.0,0.0,0.1353,30.0,0.0
1881,42.99,1.6,34.34,22.95,0.0,0.1353,30.0,0.0
1882,44.51,0.06,40.38,0.0,0.0,0.2952,4.06,0.0
1883,45.75,0.34,47.02,0.0,22.03,0.2952,0.0,23.65
1884,46.67,0.61,49.0,32.94,0.0,0.1251,30.0,0.0
1885,47.24,0.79,47.41,30.95,0.0,0.3546,30.0,0.0
1886,47.44,0.28,40.72,23.56,0.0,0.5702,30.0,0.0
1887,47.24,0.99,33.39,17.14,0.0,0.7343,30.0,0.0
1888,46.67,0.64,22.64,6.61,0.0,0.8537,30.0,0.0
1889,45.75,1.0,11.94,0.0,2.81,0.8998,30.0,0.0
1890,44.51,1.42,0.0,0.0,13.09,0.8781,30.0,0.0
1891,42.99,1.27,0.0,0.0,11.72,0.7771,30.0,0.0
1892,41.26,1.17,0.0,0.0,10.09,0.6866,30.0,0.0
1893,39.39,1.44,0.0,0.0,7.94,0.6087,30.0,0.0
1894,37.44,1.54,0.0,0.0,5.9,0.5474,30.0,0.0
1895,37.44,1.44,0.0,0.0,5.99,0.5019,30.0,0.0
1896,37.44,1.51,0.0,0.0,5.94,0.4556,30.0,0.0
1897,37.44,2.44,0.0,0.0,5.0,0.4098,30.0,0.0
1898,37.44,1.86,0.0,0.0,5.58,0.3712,30.0,0.0
1899,37.44,1.34,0.0,0.0,6.1,0.3281,30.0,0.0
1900,37.44,1.74,0.0,0.0,5.7,0.281,30.0,0.0
1901,37.44,1.09,0.0,0.0,6.35,0.237,30.0,0.0
1902,37.44,1.73,0.0,0.0,5.71,0.1879,30.0,0.0
1903,39.4,1.19,12.08,3.87,0.0,0.1438,30.0,0.0
1904,41.27,0.0,11.27,0.0,0.0,0.1708,30.0,0.0
1905,43.0,0.0,33.55,0.0,0.0,0.1708,9.45,0.0
1906,44.52,0.0,42.14,27.62,0.0,0.1708,30.0,0.0
1907,45.76,0.06,45.23,0.0,30.47,0.3632,0.0,30.0
1908,46.68,0.01,46.8,30.13,0.0,0.128,30.0,0.0
1909,47.25,0.71,47.59,31.04,0.0,0.3379,30.0,0.0
1910,47.44,1.57,40.11,24.24,0.0,0.5541,30.0,0.0
1911,47.25,1.91,33.41,18.07,0.0,0.723,30.0,0.0
1912,46.68,1.2,22.19,6.71,0.0,0.8489,30.0,0.0
1913,45.76,1.25,11.99,0.0,2.51,0.8956,30.0,0.0
1914,44.52,0.21,0.0,0.0,14.31,0.8762,30.0,0.0
1915,43.0,0.99,0.0,0.0,12.02,0.7658,30.0,0.0
1916,41.27,0.98,0.0,0.0,10.29,0.6731,30.0,0.0
1917,39.4,1.17,0.0,0.0,8.22,0.5936,30.0,0.0
1918,37.44,1.49,0.0,0.0,5.96,0.5302,30.0,0.0
1919,37.44,1.38,0.0,0.0,6.06,0.4842,30.0,0.0
1920,37.45,0.62,0.0,0.0,6.83,0.4374,30.0,0.0
1921,37.45,2.0,0.0,0.0,5.45,0.3847,30.0,0.0
1922,37.45,1.02,0.0,0.0,6.44,0.3426,30.0,0.0
1923,37.45,1.61,0.0,0.0,5.85,0.2929,30.0,0.0
1924,37.45,2.44,0.0,0.0,5.01,0.2477,30.0,0.0
1925,37.45,0.78,0.0,0.0,6.67,0.209,30.0,0.0
1926,37.45,0.0,0.0,0.0,7.45,0.1575,30.0,0.0
1927,39.4,0.84,8.56,0.0,0.0,0.1,30.0,0.0
1928,41.28,1.43,23.69,13.84,0.0,0.1,30.0,0.0
1929,43.01,0.0,13.01,0.0,0.0,0.1964,30.0,0.0
1930,44.52,0.05,41.44,26.96,0.0,0.1964,30.0,0.0
1931,45.77,0.0,44.65,0.0,31.12,0.3842,0.0,30.0
1932,46.69,0.37,48.0,31.68,0.0,0.144,30.0,0.0
1933,47.26,0.57,46.43,29.74,0.0,0.3647,30.0,0.0
1934,47.45,2.03,40.46,25.04,0.0,0.5719,30.0,0.0
1935,47.26,0.0,32.58,15.32,0.0,0.7464,30.0,0.0
1936,46.69,1.0,22.42,6.73,0.0,0.8531,30.0,0.0
1937,45.77,1.23,11.68,0.0,2.86,0.9,30.0,0.0
1938,44.52,1.68,0.0,0.0,12.85,0.878,30.0,0.0
1939,43.01,1.3,0.0,0.0,11.7,0.7788,30.0,0.0
1940,41.28,1.54,0.0,0.0,9.75,0.6884,30.0,0.0
1941,39.4,1.28,0.0,0.0,8.12,0.6132,30.0,0.0
1942,37.45,1.7,0.0,0.0,5.75,0.5505,30.0,0.0
1943,37.45,1.44,0.0,0.0,6.01,0.5061,30.0,0.0
1944,37.46,1.94,0.0,0.0,5.52,0.4597,30.0,0.0
1945,37.46,1.42,0.0,0.0,6.04,0.4171,30.0,0.0
1946,37.46,1.75,0.0,0.0,5.71,0.3705,30.0,0.0
1947,37.46,1.46,0.0,0.0,6.0,0.3264,30.0,0.0
1948,37.46,1.94,0.0,0.0,5.52,0.2801,30.0,0.0
1949,37.46,1.22,0.0,0.0,6.24,0.2375,30.0,0.0
1950,37.46,0.21,0.0,0.0,7.26,0.1893,30.0,0.0
1951,39.41,1.63,12.72,4.94,0.0,0.1333,30.0,0.0
1952,41.29,0.39,23.61,0.0,0.0,0.1677,17.29,0.0
1953,43.02,0.42,34.92,22.32,0.0,0.1677,30.0,0.0
1954,44.53,0.37,41.32,0.0,28.92,0.3232,0.0,26.08
1955,45.78,1.32,46.82,0.0,0.0,0.1,0.0,2.37
1956,46.7,0.0,48.41,31.71,0.0,0.1,30.0,0.0
1957,47.27,2.22,46.71,31.66,0.0,0.3209,30.0,0.0
1958,47.46,1.21,42.59,26.34,0.0,0.5415,30.0,0.0
1959,47.27,0.0,34.42,17.15,0.0,0.725,30.0,0.0
1960,46.7,0.83,23.85,7.98,0.0,0.8444,30.0,0.0
1961,45.78,1.13,12.08,0.0,2.57,0.9,30.0,0.0
1962,44.53,1.38,0.0,0.0,13.15,0.8802,30.0,0.0
1963,43.02,1.58,0.0,0.0,11.44,0.7787,30.0,0.0
1964,41.29,1.65,0.0,0.0,9.63,0.6903,30.0,0.0
1965,39.41,1.52,0.0,0.0,7.89,0.616,30.0,0.0
1966,37.46,1.46,0.0,0.0,6.01,0.5551,30.0,0.0
1967,37.46,1.53,0.0,0.0,5.93,0.5087,30.0,0.0
1968,37.47,1.52,0.0,0.0,5.95,0.4629,30.0,0.0
1969,37.47,2.18,0.0,0.0,5.29,0.417,30.0,0.0
1970,37.47,1.85,0.0,0.0,5.62,0.3761,30.0,0.0
1971,37.47,0.0,0.0,0.0,7.47,0.3328,30.0,0.0
1972,37.47,1.7,0.0,0.0,5.77,0.2751,30.0,0.0
1973,37.47,1.34,0.0,0.0,6.13,0.2306,30.0,0.0
1974,37.47,1.09,0.0,0.0,6.37,0.1832,30.0,0.0
1975,39.42,0.77,10.86,2.21,0.0,0.134,30.0,0.0
1976,41.3,1.42,24.56,14.69,0.0,0.1495,30.0,0.0
1977,43.02,1.23,35.38,23.58,0.0,0.2518,30.0,0.0
1978,44.54,0.27,43.5,0.0,30.77,0.4161,0.0,30.0
1979,45.78,0.82,48.19,0.0,10.18,0.1785,0.0,13.4
1980,46.71,0.1,49.26,32.65,0.0,0.1,30.0,0.0
1981,47.28,0.0,46.43,29.15,0.0,0.3275,30.0,0.0
1982,47.47,0.34,43.29,26.17,0.0,0.5306,30.0,0.0
1983,47.28,1.18,35.6,19.5,0.0,0.7129,30.0,0.0
1984,46.71,1.34,22.46,7.09,0.0,0.8487,30.0,0.0
1985,45.78,1.23,12.02,0.0,2.53,0.8981,30.0,0.0
1986,44.54,1.48,0.0,0.0,13.06,0.8786,30.0,0.0
1987,43.02,1.5,0.0,0.0,11.52,0.7778,30.0,0.0
1988,41.3,1.03,0.0,0.0,10.26,0.6888,30.0,0.0
1989,39.42,1.69,0.0,0.0,7.73,0.6096,30.0,0.0
1990,37.47,1.96,0.0,0.0,5.51,0.5499,30.0,0.0
1991,37.47,1.98,0.0,0.0,5.48,0.5074,30.0,0.0
1992,37.47,2.22,0.0,0.0,5.26,0.465,30.0,0.0
1993,37.47,1.95,0.0,0.0,5.52,0.4244,30.0,0.0
1994,37.47,1.72,0.0,0.0,5.76,0.3818,30.0,0.0
1995,37.47,2.0,0.0,0.0,5.47,0.3374,30.0,0.0
1996,37.47,1.34,0.0,0.0,12.12,0.2951,24.02,0.0
1997,37.47,0.78,0.0,0.0,6.7,0.2016,30.0,0.0
1998,37.47,1.01,0.0,0.0,6.46,0.1499,30.0,0.0
1999,39.43,0.58,12.82,3.98,0.0,0.1,30.0,0.0
2000,41.3,0.49,24.03,13.23,0.0,0.1277,30.0,0.0
2001,43.03,0.0,34.63,21.6,0.0,0.2198,30.0,0.0
2002,44.55,0.25,14.3,0.0,0.0,0.3703,30.0,0.0
2003,45.79,0.0,44.18,0.0,31.61,0.3703,0.0,30.0
2004,46.71,0.0,48.6,31.89,0.0,0.1263,30.0,0.0
2005,47.28,0.0,46.55,29.27,0.0,0.3485,30.0,0.0
2006,47.47,0.65,41.84,25.02,0.0,0.5524,30.0,0.0
2007,47.28,0.32,34.79,17.82,0.0,0.7267,30.0,0.0
2008,46.71,0.0,23.77,7.06,0.0,0.8508,30.0,0.0
2009,45.79,1.44,12.72,0.0,1.62,0.9,30.0,0.0
2010,44.55,0.27,0.0,0.0,14.27,0.8875,30.0,0.0
2011,43.03,0.84,0.0,0.0,12.19,0.7773,30.0,0.0
2012,41.3,0.96,0.0,0.0,10.34,0.6832,30.0,0.0
2013,39.43,0.98,0.0,0.0,8.45,0.6033,30.0,0.0
2014,37.47,1.96,0.0,0.0,5.51,0.5381,30.0,0.0
2015,37.47,1.49,0.0,0.0,5.98,0.4956,30.0,0.0
2016,37.48,1.46,0.0,0.0,6.02,0.4494,30.0,0.0
2017,37.48,0.56,0.0,0.0,6.92,0.4029,30.0,0.0
2018,37.48,1.86,0.0,0.0,5.63,0.3495,30.0,0.0
2019,37.48,0.81,0.0,0.0,6.67,0.3061,30.0,0.0
2020,37.48,1.37,0.0,0.0,6.11,0.2546,30.0,0.0
2021,37.48,1.36,0.0,0.0,6.12,0.2075,30.0,0.0
2022,37.48,1.78,0.0,0.0,5.7,0.1602,30.0,0.0
2023,39.43,0.28,11.49,2.34,0.0,0.1162,30.0,0.0
2024,41.31,0.0,22.84,11.53,0.0,0.1326,30.0,0.0
2025,43.04,0.82,12.22,0.0,0.0,0.2129,30.0,0.0
2026,44.55,1.56,43.3,0.0,0.0,0.2129,0.0,0.31
2027,45.8,1.23,47.71,0.0,14.63,0.2129,0.0,17.77
2028,46.72,0.0,48.63,31.91,0.0,0.1,30.0,0.0
2029,47.29,0.34,47.43,30.48,0.0,0.3223,30.0,0.0
2030,47.48,1.06,42.33,25.91,0.0,0.5347,30.0,0.0
2031,47.29,0.23,35.75,18.69,0.0,0.7152,30.0,0.0
2032,46.72,1.07,23.49,7.84,0.0,0.8454,30.0,0.0
2033,45.8,1.21,12.88,0.0,1.7,0.9,30.0,0.0
2034,44.55,1.63,0.0,0.0,12.92,0.8868,30.0,0.0
2035,43.04,2.63,0.0,0.0,10.41,0.7871,30.0,0.0
2036,41.31,1.54,0.0,0.0,9.76,0.7068,30.0,0.0
2037,39.43,1.19,0.0,0.0,8.24,0.6314,30.0,0.0
2038,37.48,1.52,0.0,0.0,5.96,0.5678,30.0,0.0
2039,37.48,0.68,0.0,0.0,6.8,0.5217,30.0,0.0
2040,37.49,1.23,0.0,0.0,6.25,0.4692,30.0,0.0
2041,37.49,1.36,0.0,0.0,6.12,0.421,30.0,0.0
2042,37.49,1.25,0.0,0.0,6.23,0.3737,30.0,0.0
2043,37.49,1.52,0.0,0.0,5.97,0.3256,30.0,0.0
2044,37.49,0.91,0.0,0.0,6.57,0.2795,30.0,0.0
2045,37.49,1.78,0.0,0.0,5.7,0.2288,30.0,0.0
2046,37.49,1.08,0.0,0.0,6.41,0.1848,30.0,0.0
2047,39.44,0.94,12.06,3.56,0.0,0.1353,30.0,0.0
2048,41.31,0.65,23.96,13.3,0.0,0.1602,30.0,0.0
2049,43.04,0.0,34.73,0.0,0.0,0.2528,8.31,0.0
2050,44.56,0.0,24.22,9.66,0.0,0.2528,30.0,0.0
2051,45.8,0.14,47.14,0.0,28.52,0.3201,0.0,30.0
2052,46.72,0.23,47.26,30.77,0.0,0.1,30.0,0.0
2053,47.29,0.43,48.7,31.84,0.0,0.3144,30.0,0.0
2054,47.49,0.0,43.81,26.32,0.0,0.5362,30.0,0.0
2055,47.29,0.3,35.53,18.53,0.0,0.7195,30.0,0.0
2056,46.72,0.58,23.52,7.37,0.0,0.8486,30.0,0.0
2057,45.8,1.39,12.45,0.0,1.96,0.9,30.0,0.0
2058,44.56,1.21,0.0,0.0,13.34,0.8849,30.0,0.0
2059,43.04,1.31,0.0,0.0,11.73,0.7819,30.0,0.0
2060,41.31,1.77,0.0,0.0,9.54,0.6913,30.0,0.0
2061,39.44,1.37,0.0,0.0,8.07,0.6177,30.0,0.0
2062,37.49,1.72,0.0,0.0,5.76,0.5554,30.0,0.0
2063,37.49,1.52,0.0,0.0,5.97,0.5109,30.0,0.0
2064,37.49,1.72,0.0,0.0,5.77,0.4648,30.0,0.0
2065,37.49,1.27,0.0,0.0,6.22,0.4203,30.0,0.0
2066,37.49,0.26,0.0,0.0,7.23,0.3722,30.0,0.0
2067,37.49,1.36,0.0,0.0,6.13,0.3165,30.0,0.0
2068,37.49,2.05,0.0,0.0,5.44,0.2692,30.0,0.0
2069,37.49,1.68,0.0,0.0,5.81,0.2272,30.0,0.0
2070,37.49,1.56,0.0,0.0,5.93,0.1823,30.0,0.0
2071,39.44,1.57,12.23,4.36,0.0,0.1366,30.0,0.0
2072,41.32,0.86,23.14,12.68,0.0,0.1669,30.0,0.0
2073,43.05,0.81,35.69,0.0,0.0,0.2553,6.55,0.0
2074,44.56,0.31,20.93,6.68,0.0,0.2553,30.0,0.0
2075,45.8,0.41,49.25,0.0,26.15,0.3018,0.0,30.0
2076,46.73,0.87,48.79,32.93,0.0,0.1,30.0,0.0
2077,47.3,1.19,45.26,29.15,0.0,0.3294,30.0,0.0
2078,47.49,0.0,41.48,23.99,0.0,0.5325,30.0,0.0
2079,47.3,0.48,36.23,19.41,0.0,0.6997,30.0,0.0
2080,46.73,0.81,25.27,9.35,0.0,0.8348,30.0,0.0
2081,45.8,1.24,13.21,0.0,1.35,0.9,30.0,0.0
2082,44.56,0.33,0.0,0.0,14.23,0.8896,30.0,0.0
2083,43.05,0.03,0.0,0.0,13.02,0.7797,30.0,0.0
2084,41.32,1.04,0.0,0.0,10.27,0.6792,30.0,0.0
2085,39.44,0.81,0.0,0.0,8.63,0.5999,30.0,0.0
2086,37.49,1.25,0.0,0.0,6.24,0.5333,30.0,0.0
2087,37.49,1.49,0.0,0.0,6.0,0.4851,30.0,0.0
2088,37.49,1.34,0.0,0.0,6.15,0.4388,30.0,0.0
2089,37.49,2.3,0.0,0.0,5.2,0.3913,30.0,0.0
2090,37.49,1.67,0.0,0.0,5.82,0.3512,30.0,0.0
2091,37.49,1.58,0.0,0.0,5.92,0.3063,30.0,0.0
2092,37.49,1.63,0.0,0.0,5.86,0.2606,30.0,0.0
2093,37.49,0.61,0.0,0.0,6.88,0.2154,30.0,0.0
2094,37.49,1.59,0.0,0.0,5.9,0.1622,30.0,0.0
2095,39.44,0.89,11.69,3.14,0.0,0.1167,30.0,0.0
2096,41.32,1.15,23.21,13.04,0.0,0.1386,30.0,0.0
2097,43.05,0.15,35.4,0.0,0.0,0.2294,7.5,0.0
2098,44.56,0.0,14.56,0.0,0.0,0.2294,30.0,0.0
2099,45.81,0.98,47.13,0.0,16.76,0.2294,0.0,19.07
2100,46.73,0.74,49.58,28.83,0.0,0.1,25.24,0.0
2101,47.3,0.1,49.8,32.6,0.0,0.3009,30.0,0.0
2102,47.49,0.17,42.94,25.62,0.0,0.528,30.0,0.0
2103,47.3,1.27,35.92,19.9,0.0,0.7065,30.0,0.0
2104,46.73,0.2,23.28,6.75,0.0,0.8451,30.0,0.0
2105,45.81,1.77,12.06,0.0,1.98,0.8921,30.0,0.0
2106,44.56,0.6,0.0,0.0,13.96,0.8768,30.0,0.0
2107,43.05,1.52,0.0,0.0,11.53,0.769,30.0,0.0
2108,41.32,1.15,0.0,0.0,10.17,0.68,30.0,0.0
2109,39.44,1.73,0.0,0.0,7.71,0.6015,30.0,0.0
2110,37.49,1.23,0.0,0.0,6.27,0.5419,30.0,0.0
2111,37.49,1.47,0.0,0.0,6.02,0.4936,30.0,0.0
2112,37.5,1.58,0.0,0.0,5.91,0.4471,30.0,0.0
2113,37.5,1.03,0.0,0.0,6.46,0.4014,30.0,0.0
2114,37.5,1.87,0.0,0.0,5.62,0.3516,30.0,0.0
2115,37.5,1.15,0.0,0.0,6.35,0.3082,30.0,0.0
2116,37.5,1.19,0.0,0.0,6.31,0.2592,30.0,0.0
2117,37.5,0.68,0.0,0.0,6.82,0.2105,30.0,0.0
2118,37.5,0.0,0.0,0.0,7.5,0.1579,30.0,0.0
2119,39.45,0.82,10.43,1.8,0.0,0.1,30.0,0.0
2120,41.32,2.03,24.34,0.0,0.0,0.1126,14.95,0.0
2121,43.05,0.0,35.09,0.0,0.0,0.1126,7.97,0.0
2122,44.57,0.6,42.59,28.62,0.0,0.1126,30.0,0.0
2123,45.81,0.42,47.93,0.0,27.45,0.3119,0.0,30.0
2124,46.73,0.55,50.64,34.46,0.0,0.1,30.0,0.0
2125,47.3,0.84,49.03,32.57,0.0,0.34,30.0,0.0
2126,47.5,0.0,35.46,17.96,0.0,0.5669,30.0,0.0
2127,47.3,1.26,36.11,20.07,0.0,0.6921,30.0,0.0
2128,46.73,1.16,25.35,9.78,0.0,0.8319,30.0,0.0
2129,45.81,1.29,11.96,0.0,2.56,0.9,30.0,0.0
2130,44.57,1.28,0.0,0.0,13.29,0.8802,30.0,0.0
2131,43.05,1.19,0.0,0.0,11.86,0.7776,30.0,0.0
2132,41.32,1.65,0.0,0.0,9.67,0.6861,30.0,0.0
2133,39.45,1.72,0.0,0.0,7.73,0.6114,30.0,0.0
2134,37.5,1.31,0.0,0.0,6.18,0.5518,30.0,0.0
2135,37.5,1.25,0.0,0.0,6.24,0.504,30.0,0.0
2136,37.5,1.61,0.0,0.0,5.89,0.4559,30.0,0.0
2137,37.5,2.33,0.0,0.0,5.17,0.4104,30.0,0.0
2138,37.5,0.85,0.0,0.0,6.65,0.3705,30.0,0.0
2139,37.5,0.65,0.0,0.0,6.84,0.3192,30.0,0.0
2140,37.5,1.38,0.0,0.0,6.12,0.2664,30.0,0.0
2141,37.5,1.2,0.0,0.0,6.3,0.2191,30.0,0.0
2142,37.5,1.13,0.0,0.0,6.37,0.1705,30.0,0.0
2143,39.45,1.04,10.64,2.22,0.0,0.1214,30.0,0.0
2144,41.32,0.67,24.0,13.35,0.0,0.1369,30.0,0.0
2145,43.05,1.44,11.61,0.0,0.0,0.2299,30.0,0.0
2146,44.57,0.0,44.9,0.0,0.0,0.2299,0.0,0.33
2147,45.81,0.12,49.87,0.0,16.83,0.2299,0.0,21.01
2148,46.74,0.48,49.26,33.0,0.0,0.1,30.0,0.0
2149,47.31,0.0,48.82,31.51,0.0,0.3299,30.0,0.0
2150,47.5,0.51,43.57,26.59,0.0,0.5494,30.0,0.0
2151,47.31,1.53,36.07,20.3,0.0,0.7346,30.0,0.0
2152,46.74,0.8,19.38,3.44,0.0,0.876,30.0,0.0
2153,45.81,1.03,12.09,0.0,2.7,0.9,30.0,0.0
2154,44.57,0.4,0.0,0.0,14.17,0.8792,30.0,0.0
2155,43.05,0.86,0.0,0.0,12.19,0.7698,30.0,0.0
2156,41.32,1.11,0.0,0.0,10.22,0.6757,30.0,0.0
2157,39.45,1.24,0.0,0.0,8.21,0.5968,30.0,0.0
2158,37.5,2.14,0.0,0.0,5.36,0.5334,30.0,0.0
2159,37.5,1.82,0.0,0.0,5.68,0.4921,30.0,0.0
2160,37.5,0.98,0.0,0.0,6.52,0.4483,30.0,0.0
2161,37.5,1.65,0.0,0.0,5.84,0.3979,30.0,0.0
2162,37.5,1.73,0.0,0.0,5.77,0.3528,30.0,0.0
2163,37.5,1.98,0.0,0.0,5.52,0.3083,30.0,0.0
2164,37.5,2.1,0.0,0.0,5.4,0.2657,30.0,0.0
2165,37.5,0.65,0.0,0.0,6.85,0.224,30.0,0.0
2166,37.5,0.62,0.0,0.0,6.88,0.1711,30.0,0.0
2167,39.45,0.26,13.01,3.82,0.0,0.118,30.0,0.0
2168,41.33,0.66,10.67,0.0,0.0,0.1446,30.0,0.0
2169,43.06,0.91,12.14,0.0,0.0,0.1446,30.0,0.0
2170,44.57,0.0,14.57,0.0,0.0,0.1446,30.0,0.0
2171,45.81,0.5,49.5,0.0,5.78,0.1446,0.0,9.97
2172,46.74,0.36,48.32,31.94,0.0,0.1,30.0,0.0
2173,47.31,0.62,48.62,31.93,0.0,0.3225,30.0,0.0
2174,47.5,0.16,42.7,25.37,0.0,0.545,30.0,0.0
2175,47.31,1.74,33.79,18.23,0.0,0.7217,30.0,0.0
2176,46.74,0.0,24.1,7.36,0.0,0.8487,30.0,0.0
2177,45.81,1.0,12.45,0.0,2.37,0.9,30.0,0.0
2178,44.57,2.07,0.0,0.0,12.5,0.8817,30.0,0.0
2179,43.06,1.17,0.0,0.0,11.89,0.7852,30.0,0.0
2180,41.33,1.19,0.0,0.0,10.13,0.6935,30.0,0.0
2181,39.45,1.21,0.0,0.0,8.24,0.6152,30.0,0.0
2182,37.5,1.38,0.0,0.0,6.11,0.5517,30.0,0.0
2183,37.5,2.23,0.0,0.0,5.27,0.5045,30.0,0.0
2184,37.5,0.41,0.0,0.0,7.09,0.4638,30.0,0.0
2185,37.5,2.3,0.0,0.0,5.2,0.409,30.0,0.0
2186,37.5,0.74,0.0,0.0,6.76,0.3689,30.0,0.0
2187,37.5,1.25,0.0,0.0,6.25,0.3167,30.0,0.0
2188,37.5,1.06,0.0,0.0,6.44,0.2685,30.0,0.0
2189,37.5,1.46,0.0,0.0,6.04,0.2188,30.0,0.0
2190,37.5,0.21,0.0,0.0,7.29,0.1722,30.0,0.0
2191,39.45,1.13,12.49,4.17,0.0,0.1159,30.0,0.0
2192,41.33,1.81,9.52,0.0,0.0,0.1449,30.0,0.0
2193,43.06,0.0,35.26,22.21,0.0,0.1449,30.0,0.0
2194,44.57,0.0,14.57,0.0,0.0,0.2997,30.0,0.0
2195,45.81,0.19,49.12,0.0,25.86,0.2997,0.0,29.36
2196,46.74,0.0,50.29,33.56,0.0,0.1,30.0,0.0
2197,47.31,0.54,49.22,32.45,0.0,0.3338,30.0,0.0
2198,47.5,0.25,43.63,26.38,0.0,0.5598,30.0,0.0
2199,47.31,0.91,36.17,19.77,0.0,0.7436,30.0,0.0
2200,46.74,1.69,25.68,2.68,0.0,0.8814,22.05,0.0
2201,45.81,0.8,11.0,0.0,4.02,0.9,30.0,0.0
2202,44.57,1.39,0.0,0.0,13.18,0.869,30.0,0.0
2203,43.06,0.5,0.0,0.0,12.56,0.7673,30.0,0.0
2204,41.33,0.79,0.0,0.0,10.53,0.6703,30.0,0.0
2205,39.45,1.63,0.0,0.0,7.82,0.589,30.0,0.0
2206,37.5,2.23,0.0,0.0,5.27,0.5286,30.0,0.0
2207,37.5,1.7,0.0,0.0,5.8,0.4879,30.0,0.0
2208,37.5,1.37,0.0,0.0,6.13,0.4432,30.0,0.0
2209,37.5,1.51,0.0,0.0,5.99,0.3958,30.0,0.0
2210,37.5,0.82,0.0,0.0,6.68,0.3496,30.0,0.0
2211,37.5,1.69,0.0,0.0,5.81,0.298,30.0,0.0
2212,37.5,1.72,0.0,0.0,5.78,0.2532,30.0,0.0
2213,37.5,0.92,0.0,0.0,6.58,0.2086,30.0,0.0
2214,37.5,0.78,0.0,0.0,6.72,0.1578,30.0,0.0
2215,39.45,1.02,12.08,3.65,0.0,0.1059,30.0,0.0
2216,41.33,0.54,10.79,0.0,0.0,0.1313,30.0,0.0
2217,43.06,0.62,36.25,23.82,0.0,0.1313,30.0,0.0
2218,44.57,0.0,14.95,0.38,0.0,0.2972,30.0,0.0
2219,45.81,0.4,49.52,0.0,25.9,0.2999,0.0,30.0
2220,46.74,0.32,43.23,26.82,0.0,0.1,30.0,0.0
2221,47.31,0.19,49.92,32.8,0.0,0.2868,30.0,0.0
2222,47.5,0.95,43.87,27.32,0.0,0.5153,30.0,0.0
2223,47.31,0.56,35.81,19.06,0.0,0.7057,30.0,0.0
2224,46.74,0.43,25.15,8.84,0.0,0.8384,30.0,0.0
2225,45.81,1.56,12.3,0.0,1.95,0.9,30.0,0.0
2226,44.57,1.74,0.0,0.0,12.83,0.8849,30.0,0.0
2227,43.06,0.84,0.0,0.0,12.21,0.7859,30.0,0.0
2228,41.33,0.32,0.0,0.0,11.01,0.6916,30.0,0.0
2229,39.45,1.89,0.0,0.0,7.56,0.6066,30.0,0.0
2230,37.5,1.11,0.0,0.0,6.39,0.5483,30.0,0.0
2231,37.5,1.92,0.0,0.0,5.58,0.499,30.0,0.0
2232,37.5,0.51,0.0,0.0,6.99,0.4559,30.0,0.0
2233,37.5,1.96,0.0,0.0,5.54,0.4019,30.0,0.0
2234,37.5,0.83,0.0,0.0,6.67,0.3592,30.0,0.0
2235,37.5,1.74,0.0,0.0,5.76,0.3077,30.0,0.0
2236,37.5,1.27,0.0,0.0,6.23,0.2633,30.0,0.0
2237,37.5,0.65,0.0,0.0,6.85,0.2152,30.0,0.0
2238,37.5,0.8,0.0,0.0,6.7,0.1623,30.0,0.0
2239,39.45,1.23,12.0,3.78,0.0,0.1106,30.0,0.0
2240,41.33,0.0,11.33,0.0,0.0,0.137,30.0,0.0
2241,43.05,0.95,34.33,22.22,0.0,0.137,30.0,0.0
2242,44.57,1.58,44.98,0.0,24.85,0.2918,0.0,26.83
2243,45.81,0.0,49.38,0.0,0.0,0.1,0.0,3.57
2244,46.74,1.32,51.8,36.39,0.0,0.1,30.0,0.0
2245,47.31,0.57,49.99,33.25,0.0,0.3535,30.0,0.0
2246,47.5,0.1,45.38,27.99,0.0,0.5851,30.0,0.0
2247,47.31,0.0,34.52,17.21,0.0,0.7801,30.0,0.0
2248,46.74,0.0,16.74,0.0,0.0,0.9,30.0,0.0
2249,45.81,1.35,11.98,0.0,2.48,0.9,30.0,0.0
2250,44.57,0.94,0.0,0.0,13.63,0.8808,30.0,0.0
2251,43.05,1.91,0.0,0.0,11.14,0.7756,30.0,0.0
2252,41.33,0.52,0.0,0.0,10.8,0.6896,30.0,0.0
2253,39.45,1.36,0.0,0.0,8.09,0.6062,30.0,0.0
2254,37.5,0.81,0.0,0.0,6.69,0.5438,30.0,0.0
2255,37.5,1.69,0.0,0.0,5.81,0.4922,30.0,0.0
2256,37.5,1.96,0.0,0.0,5.53,0.4473,30.0,0.0
2257,37.5,1.28,0.0,0.0,6.22,0.4046,30.0,0.0
2258,37.5,0.11,0.0,0.0,7.39,0.3566,30.0,0.0
2259,37.5,1.46,0.0,0.0,6.03,0.2996,30.0,0.0
2260,37.5,1.48,0.0,0.0,6.02,0.253,30.0,0.0
2261,37.5,1.34,0.0,0.0,6.16,0.2066,30.0,0.0
2262,37.5,1.63,0.0,0.0,5.87,0.159,30.0,0.0
2263,39.45,0.32,11.37,2.25,0.0,0.1137,30.0,0.0
2264,41.32,1.09,26.17,15.94,0.0,0.1294,30.0,0.0
2265,43.05,1.25,11.81,0.0,0.0,0.2404,30.0,0.0
2266,44.57,0.0,44.42,0.0,0.0,0.2404,0.15,0.0
2267,45.81,0.67,51.06,0.0,18.19,0.2404,0.0,24.1
2268,46.74,0.23,50.12,33.61,0.0,0.1,30.0,0.0
2269,47.31,0.46,41.51,24.67,0.0,0.3341,30.0,0.0
2270,47.5,0.73,44.98,28.22,0.0,0.506,30.0,0.0
2271,47.31,0.39,36.08,19.16,0.0,0.7026,30.0,0.0
2272,46.74,0.4,25.51,9.18,0.0,0.8361,30.0,0.0
2273,45.81,0.88,13.18,0.0,1.75,0.9,30.0,0.0
2274,44.57,0.44,0.0,0.0,14.13,0.8865,30.0,0.0
2275,43.05,0.58,0.0,0.0,12.48,0.7774,30.0,0.0
2276,41.32,1.6,0.0,0.0,9.72,0.6811,30.0,0.0
2277,39.45,0.77,0.0,0.0,8.68,0.6061,30.0,0.0
2278,37.5,1.78,0.0,0.0,5.71,0.5391,30.0,0.0
2279,37.5,1.73,0.0,0.0,5.77,0.495,30.0,0.0
2280,37.49,0.62,0.0,0.0,6.88,0.4505,30.0,0.0
2281,37.49,1.14,0.0,0.0,6.36,0.3974,30.0,0.0
2282,37.49,2.04,0.0,0.0,5.45,0.3484,30.0,0.0
2283,37.49,0.85,0.0,0.0,6.64,0.3063,30.0,0.0
2284,37.49,1.01,0.0,0.0,6.49,0.255,30.0,0.0
2285,37.49,1.36,0.0,0.0,6.14,0.2049,30.0,0.0
2286,37.49,1.39,0.0,0.0,6.1,0.1576,30.0,0.0
2287,39.45,0.73,11.2,2.49,0.0,0.1104,30.0,0.0
2288,41.32,0.43,24.35,13.46,0.0,0.1278,30.0,0.0
2289,43.05,0.0,34.93,0.0,0.0,0.2215,8.12,0.0
2290,44.57,1.44,44.68,0.0,0.0,0.2215,0.0,1.55
2291,45.81,1.0,50.59,0.0,15.74,0.2215,0.0,21.52
2292,46.73,0.0,51.3,34.56,0.0,0.1,30.0,0.0
2293,47.3,0.08,50.31,33.09,0.0,0.3408,30.0,0.0
2294,47.49,0.12,38.68,21.31,0.0,0.5713,30.0,0.0
2295,47.3,0.9,34.99,18.58,0.0,0.7198,30.0,0.0
2296,46.73,0.0,24.02,7.29,0.0,0.8492,30.0,0.0
2297,45.81,1.57,12.23,0.0,2.0,0.9,30.0,0.0
2298,44.57,1.32,0.0,0.0,13.24,0.8846,30.0,0.0
2299,43.05,0.35,0.0,0.0,12.7,0.7823,30.0,0.0
2300,41.32,1.78,0.0,0.0,9.54,0.6843,30.0,0.0
2301,39.45,0.84,0.0,0.0,8.6,0.6107,30.0,0.0
2302,37.49,1.24,0.0,0.0,6.26,0.5443,30.0,0.0
2303,37.49,1.61,0.0,0.0,5.88,0.496,30.0,0.0
2304,37.49,2.51,0.0,0.0,4.98,0.4506,30.0,0.0
2305,37.49,3.07,0.0,0.0,4.43,0.4121,30.0,0.0
2306,37.49,1.73,0.0,0.0,5.76,0.378,30.0,0.0
2307,37.49,1.25,0.0,0.0,6.24,0.3336,30.0,0.0
2308,37.49,1.51,0.0,0.0,5.98,0.2854,30.0,0.0
2309,37.49,1.57,0.0,0.0,5.92,0.2392,30.0,0.0
2310,37.49,0.82,0.0,0.0,6.67,0.1935,30.0,0.0
2311,39.44,1.77,11.21,3.53,0.0,0.142,30.0,0.0
2312,41.32,0.84,23.62,13.14,0.0,0.1666,30.0,0.0
2313,43.05,0.87,12.17,0.0,0.0,0.2581,30.0,0.0
2314,44.56,0.88,45.06,0.0,20.48,0.2581,0.0,21.86
2315,45.81,0.7,49.46,0.0,0.0,0.1,0.0,4.35
2316,46.73,0.9,51.39,35.56,0.0,0.1,30.0,0.0
2317,47.3,0.17,41.14,24.01,0.0,0.3477,30.0,0.0
2318,47.49,0.25,43.45,26.21,0.0,0.515,30.0,0.0
2319,47.3,0.06,36.99,19.74,0.0,0.6976,30.0,0.0
2320,46.73,0.95,25.09,9.31,0.0,0.8352,30.0,0.0
2321,45.81,1.25,13.4,0.0,1.16,0.9,30.0,0.0
2322,44.56,1.22,0.0,0.0,13.35,0.8911,30.0,0.0
2323,43.05,1.97,0.0,0.0,11.08,0.788,30.0,0.0
2324,41.32,1.23,0.0,0.0,10.08,0.7025,30.0,0.0
2325,39.44,1.69,0.0,0.0,7.76,0.6247,30.0,0.0
2326,37.49,0.87,0.0,0.0,6.63,0.5648,30.0,0.0
2327,37.49,1.28,0.0,0.0,6.21,0.5137,30.0,0.0
2328,37.49,1.84,0.0,0.0,5.65,0.4657,30.0,0.0
2329,37.49,1.9,0.0,0.0,5.59,0.4221,30.0,0.0
2330,37.49,1.27,0.0,0.0,6.22,0.379,30.0,0.0
2331,37.49,1.3,0.0,0.0,6.19,0.3309,30.0,0.0
2332,37.49,0.45,0.0,0.0,7.04,0.2832,30.0,0.0
2333,37.49,0.92,0.0,0.0,6.57,0.2289,30.0,0.0
2334,37.49,1.43,0.0,0.0,6.06,0.1782,30.0,0.0
2335,39.44,1.13,12.92,4.62,0.0,0.1314,30.0,0.0
2336,41.31,0.97,24.17,13.83,0.0,0.1636,30.0,0.0
2337,43.04,0.64,37.45,0.0,0.0,0.2599,4.96,0.0
2338,44.56,0.53,45.27,0.0,20.72,0.2599,0.0,21.96
2339,45.8,0.14,50.12,0.0,0.0,0.1,0.0,4.46
2340,46.73,0.82,53.12,37.22,0.0,0.1,30.0,0.0
2341,47.3,0.0,49.66,32.36,0.0,0.3593,30.0,0.0
2342,47.49,0.0,44.04,26.56,0.0,0.5847,30.0,0.0
2343,47.3,0.34,35.65,18.7,0.0,0.7697,30.0,0.0
2344,46.73,0.0,24.14,0.0,0.0,0.9,22.58,0.0
2345,45.8,1.4,13.48,0.0,0.92,0.9,30.0,0.0
2346,44.56,0.73,0.0,0.0,13.83,0.8929,30.0,0.0
2347,43.04,0.66,0.0,0.0,12.38,0.7862,30.0,0.0
2348,41.31,1.58,0.0,0.0,9.73,0.6906,30.0,0.0
2349,39.44,1.13,0.0,0.0,8.3,0.6155,30.0,0.0
2350,37.49,1.96,0.0,0.0,5.53,0.5514,30.0,0.0
2351,37.49,1.78,0.0,0.0,5.71,0.5087,30.0,0.0
2352,37.48,1.83,0.0,0.0,5.66,0.4647,30.0,0.0
2353,37.48,0.76,0.0,0.0,6.72,0.421,30.0,0.0
2354,37.48,2.03,0.0,0.0,5.46,0.3691,30.0,0.0
2355,37.48,1.46,0.0,0.0,6.02,0.327,30.0,0.0
2356,37.48,1.03,0.0,0.0,6.45,0.2805,30.0,0.0
2357,37.48,1.17,0.0,0.0,6.31,0.2307,30.0,0.0
2358,37.48,0.06,0.0,0.0,7.43,0.1819,30.0,0.0
2359,39.43,1.04,13.67,5.28,0.0,0.1246,30.0,0.0
2360,41.31,0.18,26.08,14.95,0.0,0.1613,30.0,0.0
2361,43.04,0.0,13.04,0.0,0.0,0.2655,30.0,0.0
2362,44.55,0.0,45.92,0.0,0.0,0.2655,0.0,1.36
2363,45.8,1.04,49.26,0.0,21.44,0.2655,0.0,25.94
2364,46.72,0.13,53.79,37.2,0.0,0.1,30.0,0.0
2365,47.29,0.0,50.5,29.92,0.0,0.3591,26.72,0.0
2366,47.48,0.25,45.03,27.8,0.0,0.5676,30.0,0.0
2367,47.29,0.0,37.21,19.92,0.0,0.7612,30.0,0.0
2368,46.72,0.14,24.5,0.0,0.0,0.9,22.09,0.0
2369,45.8,1.46,12.1,0.0,2.23,0.9,30.0,0.0
2370,44.55,0.88,0.0,0.0,13.67,0.8828,30.0,0.0
2371,43.04,0.82,0.0,0.0,12.22,0.7773,30.0,0.0
2372,41.31,1.3,0.0,0.0,10.01,0.6829,30.0,0.0
2373,39.43,1.58,0.0,0.0,7.85,0.6056,30.0,0.0
2374,37.48,1.98,0.0,0.0,5.5,0.545,30.0,0.0
2375,37.48,2.2,0.0,0.0,5.28,0.5025,30.0,0.0
2376,37.48,1.28,0.0,0.0,6.2,0.4618,30.0,0.0
2377,37.48,0.77,0.0,0.0,6.71,0.4139,30.0,0.0
2378,37.48,1.19,0.0,0.0,6.29,0.3622,30.0,0.0
2379,37.48,1.45,0.0,0.0,6.03,0.3136,30.0,0.0
2380,37.48,0.72,0.0,0.0,6.76,0.2671,30.0,0.0
2381,37.48,0.6,0.0,0.0,6.88,0.2149,30.0,0.0
2382,37.48,1.13,0.0,0.0,6.35,0.1618,30.0,0.0
2383,39.43,0.8,11.26,2.63,0.0,0.1128,30.0,0.0
2384,41.3,0.72,26.78,16.19,0.0,0.1311,30.0,0.0
2385,43.03,0.21,12.83,0.0,0.0,0.2439,30.0,0.0
2386,44.55,0.39,44.94,0.0,18.64,0.2439,0.0,19.43
2387,45.79,0.0,50.22,0.0,0.0,0.1,0.0,4.42
2388,46.72,0.9,52.13,36.32,0.0,0.1,30.0,0.0
2389,47.29,0.0,51.1,30.4,0.0,0.353,26.59,0.0
2390,47.48,0.0,46.75,29.27,0.0,0.5648,30.0,0.0
2391,47.29,0.12,36.02,18.85,0.0,0.7687,30.0,0.0
2392,46.72,0.0,16.72,0.0,0.0,0.9,30.0,0.0
2393,45.79,0.49,12.53,0.0,2.78,0.9,30.0,0.0
2394,44.55,0.91,0.0,0.0,13.64,0.8786,30.0,0.0
2395,43.03,0.35,0.0,0.0,12.69,0.7733,30.0,0.0
2396,41.3,0.74,0.0,0.0,10.57,0.6754,30.0,0.0
2397,39.43,0.8,0.0,0.0,8.63,0.5938,30.0,0.0
2398,37.48,1.5,0.0,0.0,5.97,0.5272,30.0,0.0
2399,37.48,1.48,0.0,0.0,5.99,0.4811,30.0,0.0
2400,37.47,1.09,0.0,0.0,6.38,0.4349,30.0,0.0
2401,37.47,1.53,0.0,0.0,5.94,0.3856,30.0,0.0
2402,37.47,1.11,0.0,0.0,6.36,0.3397,30.0,0.0
2403,37.47,1.17,0.0,0.0,6.3,0.2906,30.0,0.0
2404,37.47,2.06,0.0,0.0,5.41,0.242,30.0,0.0
2405,37.47,1.76,0.0,0.0,5.71,0.2002,30.0,0.0
2406,37.47,0.28,0.0,0.0,7.19,0.1562,30.0,0.0
2407,39.42,1.24,13.81,5.63,0.0,0.1007,30.0,0.0
2408,41.3,0.0,24.35,0.0,0.0,0.1399,16.95,0.0
2409,43.03,0.0,38.24,25.21,0.0,0.1399,30.0,0.0
2410,44.54,0.92,44.48,0.0,5.21,0.3155,0.0,6.06
2411,45.79,1.24,51.83,0.0,22.71,0.2753,0.0,30.0
2412,46.71,0.0,54.22,37.51,0.0,0.1,30.0,0.0
2413,47.28,0.0,43.86,26.58,0.0,0.3613,30.0,0.0
2414,47.47,1.02,47.01,30.57,0.0,0.5465,30.0,0.0
2415,47.28,0.0,37.46,20.18,0.0,0.7594,30.0,0.0
2416,46.71,0.97,26.97,0.0,0.0,0.9,18.77,0.0
2417,45.79,0.99,13.67,0.0,1.13,0.9,30.0,0.0
2418,44.54,1.15,0.0,0.0,13.4,0.8913,30.0,0.0
2419,43.03,0.4,0.0,0.0,12.63,0.7879,30.0,0.0
2420,41.3,1.74,0.0,0.0,9.56,0.6904,30.0,0.0
2421,39.42,1.91,0.0,0.0,7.52,0.6166,30.0,0.0
2422,37.47,1.27,0.0,0.0,6.2,0.5586,30.0,0.0
2423,37.47,1.42,0.0,0.0,6.05,0.5108,30.0,0.0
2424,37.46,0.67,0.0,0.0,6.8,0.464,30.0,0.0
2425,37.46,1.69,0.0,0.0,5.77,0.4116,30.0,0.0
2426,37.46,1.67,0.0,0.0,5.79,0.367,30.0,0.0
2427,37.46,1.27,0.0,0.0,6.2,0.3223,30.0,0.0
2428,37.46,1.77,0.0,0.0,5.7,0.2745,30.0,0.0
2429,37.46,0.9,0.0,0.0,6.57,0.2305,30.0,0.0
2430,37.46,1.23,0.0,0.0,6.24,0.1798,30.0,0.0
2431,39.42,0.28,12.42,3.29,0.0,0.1317,30.0,0.0
2432,41.29,0.67,25.33,14.71,0.0,0.1546,30.0,0.0
2433,43.02,0.49,12.53,0.0,0.0,0.257,30.0,0.0
2434,44.54,0.61,44.55,0.0,20.34,0.257,0.0,20.97
2435,45.78,0.25,52.26,0.0,0.0,0.1,0.0,6.73
2436,46.7,0.36,51.74,35.4,0.0,0.1,30.0,0.0
2437,47.27,0.87,50.72,34.32,0.0,0.3466,30.0,0.0
2438,47.46,0.27,44.25,27.06,0.0,0.5856,30.0,0.0
2439,47.27,0.0,37.63,8.87,0.0,0.7741,18.51,0.0
2440,46.7,1.58,24.32,9.19,0.0,0.8359,30.0,0.0
2441,45.78,1.51,12.11,0.0,2.16,0.9,30.0,0.0
2442,44.54,0.28,0.0,0.0,14.26,0.8833,30.0,0.0
2443,43.02,1.42,0.0,0.0,11.6,0.7733,30.0,0.0
2444,41.29,0.94,0.0,0.0,10.36,0.6837,30.0,0.0
2445,39.42,1.43,0.0,0.0,7.98,0.6038,30.0,0.0
2446,37.46,1.53,0.0,0.0,5.93,0.5422,30.0,0.0
2447,37.46,1.31,0.0,0.0,6.15,0.4964,30.0,0.0
2448,37.46,1.04,0.0,0.0,6.42,0.4489,30.0,0.0
2449,37.46,1.07,0.0,0.0,6.39,0.3994,30.0,0.0
2450,37.46,0.9,0.0,0.0,6.55,0.3501,30.0,0.0
2451,37.46,0.87,0.0,0.0,6.59,0.2995,30.0,0.0
2452,37.46,1.15,0.0,0.0,6.31,0.2486,30.0,0.0
2453,37.46,0.7,0.0,0.0,6.76,0.1999,30.0,0.0
2454,37.46,1.28,0.0,0.0,6.18,0.1477,30.0,0.0
2455,39.41,1.56,12.92,5.07,0.0,0.1,30.0,0.0
2456,41.28,0.38,10.91,0.0,0.0,0.1353,30.0,0.0
2457,43.01,0.0,36.61,0.0,0.0,0.1353,6.4,0.0
2458,44.53,0.74,44.61,0.0,0.0,0.1353,0.0,0.82
2459,45.77,0.68,51.41,0.0,4.57,0.1353,0.0,10.88
2460,46.7,0.46,52.65,18.84,0.0,0.1,12.43,0.0
2461,47.27,0.81,50.97,34.52,0.0,0.2313,30.0,0.0
2462,47.46,0.73,47.14,30.42,0.0,0.4717,30.0,0.0
2463,47.27,0.0,36.7,19.43,0.0,0.6836,30.0,0.0
2464,46.7,1.12,27.2,11.63,0.0,0.819,30.0,0.0
2465,45.77,1.25,12.57,0.0,1.95,0.9,30.0,0.0
2466,44.53,0.54,0.0,0.0,13.99,0.885,30.0,0.0
2467,43.01,1.08,0.0,0.0,11.93,0.777,30.0,0.0
2468,41.28,1.53,0.0,0.0,9.75,0.6849,30.0,0.0
2469,39.41,1.18,0.0,0.0,8.22,0.6096,30.0,0.0
2470,37.46,1.92,0.0,0.0,5.54,0.5461,30.0,0.0
2471,37.46,2.63,0.0,0.0,4.82,0.5034,30.0,0.0
2472,37.45,1.03,0.0,0.0,6.42,0.4662,30.0,0.0
2473,37.45,0.71,0.0,0.0,6.74,0.4166,30.0,0.0
2474,37.45,1.52,0.0,0.0,5.93,0.3646,30.0,0.0
2475,37.45,1.65,0.0,0.0,5.8,0.3188,30.0,0.0
2476,37.45,1.06,0.0,0.0,6.39,0.274,30.0,0.0
2477,37.45,1.8,0.0,0.0,5.65,0.2247,30.0,0.0
2478,37.45,0.24,0.0,0.0,7.21,0.1811,30.0,0.0
2479,39.4,1.14,13.19,4.93,0.0,0.1254,30.0,0.0
2480,41.28,0.35,27.15,16.23,0.0,0.1597,30.0,0.0
2481,43.0,0.0,36.69,0.0,0.0,0.2728,6.32,0.0
2482,44.52,1.5,46.88,0.0,22.38,0.2728,0.0,26.24
2483,45.76,0.03,50.36,0.0,0.0,0.1,0.0,4.63
2484,46.69,0.13,52.99,36.43,0.0,0.1,30.0,0.0
2485,47.26,0.87,50.18,33.78,0.0,0.3538,30.0,0.0
2486,47.45,0.28,47.35,30.18,0.0,0.5891,30.0,0.0
2487,47.26,0.54,35.72,4.25,0.0,0.7994,15.25,0.0
2488,46.69,0.68,26.2,10.19,0.0,0.829,30.0,0.0
2489,45.76,0.0,12.5,0.0,3.26,0.9,30.0,0.0
2490,44.52,0.91,0.0,0.0,13.61,0.8748,30.0,0.0
2491,43.0,0.7,0.0,0.0,12.3,0.7698,30.0,0.0
2492,41.28,0.92,0.0,0.0,10.35,0.6748,30.0,0.0
2493,39.4,2.02,0.0,0.0,7.38,0.5949,30.0,0.0
2494,37.45,0.72,0.0,0.0,6.73,0.5379,30.0,0.0
2495,37.45,1.83,0.0,0.0,5.62,0.486,30.0,0.0
2496,37.44,1.28,0.0,0.0,6.16,0.4426,30.0,0.0
2497,37.44,1.26,0.0,0.0,6.18,0.3951,30.0,0.0
2498,37.44,1.76,0.0,0.0,5.68,0.3474,30.0,0.0
2499,37.44,1.45,0.0,0.0,5.99,0.3036,30.0,0.0
2500,37.44,1.46,0.0,0.0,5.98,0.2573,30.0,0.0
2501,37.44,1.54,0.0,0.0,5.9,0.2111,30.0,0.0
2502,37.44,0.74,0.0,0.0,6.7,0.1656,30.0,0.0
2503,39.39,0.47,11.88,2.95,0.0,0.1139,30.0,0.0
2504,41.27,0.1,24.91,13.74,0.0,0.1345,30.0,0.0
2505,43.0,0.13,12.87,0.0,0.0,0.2302,30.0,0.0
2506,44.51,1.98,45.98,0.0,0.0,0.2302,0.0,3.45
2507,45.75,1.05,50.6,0.0,16.86,0.2302,0.0,22.76
2508,46.68,0.0,45.18,28.5,0.0,0.1,30.0,0.0
2509,47.25,0.0,53.16,35.92,0.0,0.2985,30.0,0.0
2510,47.44,0.72,47.31,30.58,0.0,0.5487,30.0,0.0
2511,47.25,0.83,36.25,19.84,0.0,0.7618,30.0,0.0
2512,46.68,0.94,15.74,0.0,0.0,0.9,30.0,0.0
2513,45.75,0.65,13.41,0.0,1.7,0.9,30.0,0.0
2514,44.51,0.85,0.0,0.0,13.66,0.8869,30.0,0.0
2515,43.0,1.21,0.0,0.0,11.78,0.7814,30.0,0.0
2516,41.27,1.21,0.0,0.0,10.06,0.6905,30.0,0.0
2517,39.39,0.14,0.0,0.0,9.25,0.6128,30.0,0.0
2518,37.44,1.24,0.0,0.0,6.2,0.5414,30.0,0.0
2519,37.44,0.97,0.0,0.0,6.47,0.4935,30.0,0.0
2520,37.43,1.5,0.0,0.0,5.93,0.4436,30.0,0.0
2521,37.43,2.92,0.0,0.0,4.51,0.3979,30.0,0.0
2522,37.43,1.53,0.0,0.0,5.9,0.3631,30.0,0.0
2523,37.43,1.1,0.0,0.0,6.33,0.3176,30.0,0.0
2524,37.43,1.63,0.0,0.0,5.8,0.2687,30.0,0.0
2525,37.43,1.28,0.0,0.0,6.15,0.224,30.0,0.0
2526,37.43,1.12,0.0,0.0,6.31,0.1765,30.0,0.0
2527,39.38,1.08,11.38,3.08,0.0,0.1278,30.0,0.0
2528,41.26,1.7,26.12,16.56,0.0,0.1493,30.0,0.0
2529,42.99,0.0,36.23,0.0,0.0,0.2646,6.76,0.0
2530,44.5,0.7,45.6,0.0,0.0,0.2646,0.0,1.8
2531,45.74,0.0,50.47,0.0,21.33,0.2646,0.0,26.06
2532,46.67,0.68,52.92,36.93,0.0,0.1,30.0,0.0
2533,47.24,0.0,45.1,27.86,0.0,0.3573,30.0,0.0
2534,47.43,0.25,45.73,28.54,0.0,0.5513,30.0,0.0
2535,47.24,0.39,38.35,21.5,0.0,0.7502,30.0,0.0
2536,46.67,0.0,16.67,0.0,0.0,0.9,30.0,0.0
2537,45.74,1.24,13.62,0.0,0.89,0.9,30.0,0.0
2538,44.5,0.27,0.0,0.0,14.24,0.8932,30.0,0.0
2539,42.99,1.06,0.0,0.0,11.92,0.7833,30.0,0.0
2540,41.26,0.8,0.0,0.0,10.46,0.6912,30.0,0.0
2541,39.38,0.62,0.0,0.0,8.76,0.6105,30.0,0.0
2542,37.43,1.24,0.0,0.0,6.2,0.5429,30.0,0.0
2543,37.43,1.24,0.0,0.0,6.19,0.4951,30.0,0.0
2544,37.42,2.65,0.0,0.0,4.77,0.4473,30.0,0.0
2545,37.42,1.61,0.0,0.0,5.81,0.4104,30.0,0.0
2546,37.42,0.63,0.0,0.0,6.79,0.3656,30.0,0.0
2547,37.42,0.97,0.0,0.0,6.45,0.3132,30.0,0.0
2548,37.42,1.67,0.0,0.0,5.75,0.2634,30.0,0.0
2549,37.42,2.1,0.0,0.0,5.32,0.219,30.0,0.0
2550,37.42,0.08,0.0,0.0,7.34,0.1779,30.0,0.0
2551,39.37,0.0,11.25,1.88,0.0,0.1213,30.0,0.0
2552,41.25,1.6,27.27,17.62,0.0,0.1344,30.0,0.0
2553,42.98,0.0,38.22,0.0,0.0,0.2571,4.75,0.0
2554,44.49,0.01,45.26,0.0,0.0,0.2571,0.0,0.77
2555,45.73,0.67,51.61,0.0,20.35,0.2571,0.0,26.9
2556,46.66,0.0,53.94,37.28,0.0,0.1,30.0,0.0
2557,47.23,0.4,53.08,36.26,0.0,0.3597,30.0,0.0
2558,47.42,0.62,45.58,28.78,0.0,0.6123,30.0,0.0
2559,47.23,1.01,38.19,3.67,0.0,0.8128,11.7,0.0
2560,46.66,0.12,25.39,8.85,0.0,0.8384,30.0,0.0
2561,45.73,0.81,12.54,0.0,2.39,0.9,30.0,0.0
2562,44.49,0.42,0.0,0.0,14.07,0.8815,30.0,0.0
2563,42.98,1.16,0.0,0.0,11.82,0.7729,30.0,0.0
2564,41.25,0.69,0.0,0.0,10.55,0.6817,30.0,0.0
2565,39.37,1.05,0.0,0.0,8.32,0.6002,30.0,0.0
2566,37.42,0.83,0.0,0.0,6.59,0.536,30.0,0.0
2567,37.42,1.72,0.0,0.0,5.7,0.4851,30.0,0.0
2568,37.41,1.84,0.0,0.0,5.57,0.4411,30.0,0.0
2569,37.41,1.26,0.0,0.0,6.15,0.3981,30.0,0.0
2570,37.41,1.35,0.0,0.0,6.06,0.3507,30.0,0.0
2571,37.41,0.51,0.0,0.0,6.9,0.3039,30.0,0.0
2572,37.41,0.99,0.0,0.0,6.42,0.2506,30.0,0.0
2573,37.41,0.99,0.0,0.0,6.42,0.2011,30.0,0.0
2574,37.41,2.23,0.0,0.0,5.18,0.1515,30.0,0.0
2575,39.36,0.18,14.27,5.1,0.0,0.1115,30.0,0.0
2576,41.24,1.38,27.17,0.0,0.0,0.147,12.69,0.0
2577,42.96,1.03,39.34,27.41,0.0,0.147,30.0,0.0
2578,44.48,0.59,45.66,0.0,8.34,0.338,0.0,10.11
2579,45.72,1.29,51.94,0.0,22.49,0.2736,0.0,30.0
2580,46.65,0.56,53.97,37.89,0.0,0.1,30.0,0.0
2581,47.22,0.59,53.77,15.15,0.0,0.3639,8.01,0.0
2582,47.41,0.42,45.56,28.57,0.0,0.4695,30.0,0.0
2583,47.22,1.15,39.37,23.31,0.0,0.6685,30.0,0.0
2584,46.65,1.19,25.38,9.92,0.0,0.8309,30.0,0.0
2585,45.72,0.43,13.73,0.0,1.56,0.9,30.0,0.0
2586,44.48,0.21,0.0,0.0,14.27,0.8879,30.0,0.0
2587,42.96,0.91,0.0,0.0,12.05,0.7778,30.0,0.0
2588,41.24,0.73,0.0,0.0,10.5,0.6848,30.0,0.0
2589,39.36,1.22,0.0,0.0,8.14,0.6037,30.0,0.0
2590,37.41,1.96,0.0,0.0,5.45,0.5408,30.0,0.0
2591,37.41,1.15,0.0,0.0,6.26,0.4988,30.0,0.0
2592,37.4,1.37,0.0,0.0,6.03,0.4505,30.0,0.0
2593,37.4,1.4,0.0,0.0,6.0,0.4039,30.0,0.0
2594,37.4,1.75,0.0,0.0,5.64,0.3576,30.0,0.0
2595,37.4,0.09,0.0,0.0,7.31,0.3141,30.0,0.0
2596,37.4,0.82,0.0,0.0,6.57,0.2577,30.0,0.0
2597,37.4,1.12,0.0,0.0,6.28,0.2069,30.0,0.0
2598,37.4,1.49,0.0,0.0,5.91,0.1585,30.0,0.0
2599,39.35,0.49,14.27,5.41,0.0,0.1129,30.0,0.0
2600,41.22,0.0,11.22,0.0,0.0,0.1506,30.0,0.0
2601,42.95,0.0,39.0,0.0,0.0,0.1506,3.95,0.0
2602,44.47,0.11,46.82,0.0,0.0,0.1506,0.0,2.46
2603,45.71,0.0,53.22,0.0,6.56,0.1506,0.0,14.07
2604,46.64,0.05,54.59,38.0,0.0,0.1,30.0,0.0
2605,47.2,0.29,52.82,35.9,0.0,0.3647,30.0,0.0
2606,47.4,0.13,46.23,9.9,0.0,0.6148,10.95,0.0
2607,47.2,0.0,37.19,19.98,0.0,0.6838,30.0,0.0
2608,46.64,1.08,26.61,11.05,0.0,0.823,30.0,0.0
2609,45.71,1.4,13.7,0.0,0.62,0.9,30.0,0.0
2610,44.47,1.21,0.0,0.0,13.26,0.8952,30.0,0.0
2611,42.95,0.43,0.0,0.0,12.52,0.7929,30.0,0.0
2612,41.22,1.03,0.0,0.0,10.19,0.6962,30.0,0.0
2613,39.35,1.24,0.0,0.0,8.11,0.6176,30.0,0.0
2614,37.4,1.63,0.0,0.0,5.77,0.5549,30.0,0.0
2615,37.4,1.71,0.0,0.0,5.68,0.5104,30.0,0.0
2616,37.38,1.01,0.0,0.0,6.38,0.4665,30.0,0.0
2617,37.38,1.41,0.0,0.0,5.98,0.4173,30.0,0.0
2618,37.38,1.55,0.0,0.0,5.84,0.3711,30.0,0.0
2619,37.38,1.98,0.0,0.0,5.41,0.3261,30.0,0.0
2620,37.38,1.49,0.0,0.0,5.9,0.2843,30.0,0.0
2621,37.38,1.41,0.0,0.0,5.98,0.2388,30.0,0.0
2622,37.38,0.91,0.0,0.0,6.47,0.1927,30.0,0.0
2623,39.34,1.46,12.69,4.81,0.0,0.1427,30.0,0.0
2624,41.21,0.82,26.72,16.33,0.0,0.1762,30.0,0.0
2625,42.94,0.07,37.34,0.0,0.0,0.29,5.53,0.0
2626,44.46,1.14,45.99,0.0,1.52,0.29,0.0,4.2
2627,45.7,0.73,51.88,0.0,23.09,0.2782,0.0,30.0
2628,46.62,0.13,53.52,28.02,0.0,0.1,21.0,0.0
2629,47.19,0.13,51.82,34.76,0.0,0.2952,30.0,0.0
2630,47.38,0.58,48.08,31.28,0.0,0.5374,30.0,0.0
2631,47.19,0.74,37.23,20.78,0.0,0.7553,30.0,0.0
2632,46.62,0.71,27.43,0.0,0.0,0.9,18.47,0.0
2633,45.7,0.9,14.2,0.0,0.6,0.9,30.0,0.0
2634,44.46,1.74,0.0,0.0,12.72,0.8953,30.0,0.0
2635,42.94,1.55,0.0,0.0,11.39,0.7972,30.0,0.0
2636,41.21,1.22,0.0,0.0,9.99,0.7093,30.0,0.0
2637,39.34,1.71,0.0,0.0,7.62,0.6322,30.0,0.0
2638,37.38,0.78,0.0,0.0,6.6,0.5733,30.0,0.0
2639,37.38,1.57,0.0,0.0,5.82,0.5224,30.0,0.0
2640,37.37,2.3,0.0,0.0,5.07,0.4775,30.0,0.0
2641,37.37,1.24,0.0,0.0,6.13,0.4383,30.0,0.0
2642,37.37,0.87,0.0,0.0,6.5,0.391,30.0,0.0
2643,37.37,0.89,0.0,0.0,6.48,0.3408,30.0,0.0
2644,37.37,0.56,0.0,0.0,6.81,0.2908,30.0,0.0
2645,37.37,0.59,0.0,0.0,6.78,0.2382,30.0,0.0
2646,37.37,0.67,0.0,0.0,6.7,0.1859,30.0,0.0
2647,39.32,0.01,14.49,5.18,0.0,0.1342,30.0,0.0
2648,41.2,0.61,26.39,15.81,0.0,0.1702,30.0,0.0
2649,42.93,0.96,11.97,0.0,0.0,0.2804,30.0,0.0
2650,44.44,0.0,46.11,0.0,23.37,0.2804,0.0,25.04
2651,45.69,1.14,51.95,0.0,0.0,0.1,0.0,7.41
2652,46.61,0.61,54.72,38.73,0.0,0.1,30.0,0.0
2653,47.18,0.89,52.86,22.11,0.0,0.3698,15.54,0.0
2654,47.37,0.08,48.49,31.2,0.0,0.5238,30.0,0.0
2655,47.18,0.94,39.04,22.8,0.0,0.7412,30.0,0.0
2656,46.61,0.05,25.91,0.0,0.0,0.9,20.65,0.0
2657,45.69,1.18,14.35,0.0,0.15,0.9,30.0,0.0
2658,44.44,0.95,0.0,0.0,13.49,0.8989,30.0,0.0
2659,42.93,1.28,0.0,0.0,11.65,0.7947,30.0,0.0
2660,41.2,0.52,0.0,0.0,10.68,0.7048,30.0,0.0
2661,39.32,0.76,0.0,0.0,8.56,0.6223,30.0,0.0
2662,37.37,1.61,0.0,0.0,5.76,0.5563,30.0,0.0
2663,37.37,0.87,0.0,0.0,6.5,0.5118,30.0,0.0
2664,37.36,1.6,0.0,0.0,5.76,0.4616,30.0,0.0
2665,37.36,0.65,0.0,0.0,6.71,0.4172,30.0,0.0
2666,37.36,1.73,0.0,0.0,5.63,0.3654,30.0,0.0
2667,37.36,0.58,0.0,0.0,6.77,0.3219,30.0,0.0
2668,37.36,1.39,0.0,0.0,5.97,0.2697,30.0,0.0
2669,37.36,1.31,0.0,0.0,6.05,0.2236,30.0,0.0
2670,37.36,0.5,0.0,0.0,6.86,0.1769,30.0,0.0
2671,39.31,1.02,12.29,4.0,0.0,0.1239,30.0,0.0
2672,41.18,0.73,25.17,14.72,0.0,0.1518,30.0,0.0
2673,42.91,0.22,12.7,0.0,0.0,0.2544,30.0,0.0
2674,44.43,0.0,48.5,0.0,0.0,0.2544,0.0,4.07
2675,45.67,0.0,53.23,0.0,20.0,0.2544,0.0,27.56
2676,46.6,0.0,54.57,37.97,0.0,0.1,30.0,0.0
2677,47.16,0.0,52.22,35.06,0.0,0.3645,30.0,0.0
2678,47.36,0.46,47.2,30.3,0.0,0.6088,30.0,0.0
2679,47.16,0.36,37.88,11.5,0.0,0.8199,20.43,0.0
2680,46.6,0.94,27.85,0.0,0.0,0.9,17.8,0.0
2681,45.67,0.57,13.34,0.0,1.77,0.9,30.0,0.0
2682,44.43,0.68,0.0,0.0,13.74,0.8863,30.0,0.0
2683,42.91,1.36,0.0,0.0,11.55,0.7802,30.0,0.0
2684,41.18,1.28,0.0,0.0,9.9,0.6911,30.0,0.0
2685,39.31,1.38,0.0,0.0,7.93,0.6146,30.0,0.0
2686,37.36,1.54,0.0,0.0,5.82,0.5534,30.0,0.0
2687,37.36,0.56,0.0,0.0,6.8,0.5085,30.0,0.0
2688,37.34,1.74,0.0,0.0,5.6,0.456,30.0,0.0
2689,37.34,1.65,0.0,0.0,5.69,0.4128,30.0,0.0
2690,37.34,0.77,0.0,0.0,6.57,0.3689,30.0,0.0
2691,37.34,1.08,0.0,0.0,6.26,0.3181,30.0,0.0
2692,37.34,1.08,0.0,0.0,6.26,0.2698,30.0,0.0
2693,37.34,0.91,0.0,0.0,6.43,0.2214,30.0,0.0
2694,37.34,1.02,0.0,0.0,6.33,0.1718,30.0,0.0
2695,39.29,1.44,13.81,5.96,0.0,0.1229,30.0,0.0
2696,41.17,0.0,25.43,0.0,0.0,0.1645,15.74,0.0
2697,42.9,0.0,38.18,25.29,0.0,0.1645,30.0,0.0
2698,44.41,0.72,48.62,0.0,11.01,0.3406,0.0,15.93
2699,45.66,1.03,54.47,0.0,20.16,0.2556,0.0,30.0
2700,46.58,0.53,56.33,40.28,0.0,0.1,30.0,0.0
2701,47.15,0.91,52.28,36.04,0.0,0.3806,30.0,0.0
2702,47.34,1.43,42.39,26.48,0.0,0.6317,30.0,0.0
2703,47.15,0.0,39.28,0.0,0.0,0.8161,7.87,0.0
2704,46.58,0.72,27.9,12.04,0.0,0.8161,30.0,0.0
2705,45.66,1.25,12.78,0.0,1.63,0.9,30.0,0.0
2706,44.41,0.92,0.0,0.0,13.49,0.8874,30.0,0.0
2707,42.9,0.99,0.0,0.0,11.91,0.7832,30.0,0.0
2708,41.17,0.92,0.0,0.0,10.25,0.6913,30.0,0.0
2709,39.29,2.01,0.0,0.0,7.29,0.6122,30.0,0.0
2710,37.34,0.87,0.0,0.0,6.47,0.5559,30.0,0.0
2711,37.34,2.12,0.0,0.0,5.22,0.506,30.0,0.0
2712,37.33,1.6,0.0,0.0,5.72,0.4657,30.0,0.0
2713,37.33,0.61,0.0,0.0,6.71,0.4215,30.0,0.0
2714,37.33,1.47,0.0,0.0,5.86,0.3697,30.0,0.0
2715,37.33,0.12,0.0,0.0,7.2,0.3245,30.0,0.0
2716,37.33,1.41,0.0,0.0,5.91,0.2689,30.0,0.0
2717,37.33,1.42,0.0,0.0,5.91,0.2232,30.0,0.0
2718,37.33,0.53,0.0,0.0,6.79,0.1776,30.0,0.0
2719,39.28,0.77,13.38,4.87,0.0,0.1252,30.0,0.0
2720,41.15,1.58,27.71,18.14,0.0,0.1591,30.0,0.0
2721,42.88,0.0,39.37,0.0,0.0,0.2854,3.52,0.0
2722,44.4,0.0,47.26,0.0,2.36,0.2854,0.0,5.22
2723,45.64,1.1,52.87,0.0,21.67,0.2673,0.0,30.0
2724,46.57,1.33,55.36,40.12,0.0,0.1,30.0,0.0
2725,47.13,0.34,54.73,37.94,0.0,0.3795,30.0,0.0
2726,47.33,0.91,19.54,3.12,0.0,0.6438,30.0,0.0
2727,47.13,1.16,39.4,23.43,0.0,0.6656,30.0,0.0
2728,46.57,0.2,26.58,10.22,0.0,0.8288,30.0,0.0
2729,45.64,0.46,12.39,0.0,2.8,0.9,30.0,0.0
2730,44.4,1.47,0.0,0.0,12.93,0.8784,30.0,0.0
2731,42.88,1.83,0.0,0.0,11.05,0.7786,30.0,0.0
2732,41.15,1.38,0.0,0.0,9.77,0.6933,30.0,0.0
2733,39.28,0.75,0.0,0.0,8.53,0.6178,30.0,0.0
2734,37.33,2.3,0.0,0.0,5.03,0.552,30.0,0.0
2735,37.33,1.06,0.0,0.0,6.27,0.5132,30.0,0.0
2736,37.31,1.17,0.0,0.0,6.14,0.4648,30.0,0.0
2737,37.31,1.5,0.0,0.0,5.81,0.4174,30.0,0.0
2738,37.31,2.07,0.0,0.0,5.24,0.3725,30.0,0.0
2739,37.31,1.63,0.0,0.0,5.68,0.332,30.0,0.0
2740,37.31,1.3,0.0,0.0,6.01,0.2881,30.0,0.0
2741,37.31,1.2,0.0,0.0,6.11,0.2417,30.0,0.0
2742,37.31,0.85,0.0,0.0,6.46,0.1945,30.0,0.0
2743,39.26,0.98,12.41,4.13,0.0,0.1446,30.0,0.0
2744,41.14,0.0,26.65,15.51,0.0,0.1734,30.0,0.0
2745,42.87,0.31,37.38,24.83,0.0,0.2815,30.0,0.0
2746,44.38,0.51,47.34,0.0,22.31,0.4544,0.0,25.78
2747,45.63,0.0,52.02,0.0,23.61,0.2822,0.0,30.0
2748,46.55,0.51,54.4,38.36,0.0,0.1,30.0,0.0
2749,47.12,0.23,52.56,35.67,0.0,0.3673,30.0,0.0
2750,47.31,1.28,46.37,7.02,0.0,0.6158,6.67,0.0
2751,47.12,1.27,38.36,22.52,0.0,0.6646,30.0,0.0
2752,46.55,0.33,27.48,11.27,0.0,0.8215,30.0,0.0
2753,45.63,0.62,14.42,0.0,0.58,0.9,30.0,0.0
2754,44.38,0.79,0.0,0.0,13.59,0.8955,30.0,0.0
2755,42.87,0.73,0.0,0.0,12.14,0.7906,30.0,0.0
2756,41.14,1.18,0.0,0.0,9.95,0.6969,30.0,0.0
2757,39.26,0.8,0.0,0.0,8.46,0.6201,30.0,0.0
2758,37.31,0.69,0.0,0.0,6.62,0.5548,30.0,0.0
2759,37.31,1.64,0.0,0.0,5.67,0.5037,30.0,0.0
2760,37.29,1.65,0.0,0.0,5.64,0.4599,30.0,0.0
2761,37.29,0.9,0.0,0.0,6.39,0.4164,30.0,0.0
2762,37.29,1.72,0.0,0.0,5.57,0.367,30.0,0.0
2763,37.29,0.86,0.0,0.0,6.44,0.324,30.0,0.0
2764,37.29,1.21,0.0,0.0,6.09,0.2743,30.0,0.0
2765,37.29,1.37,0.0,0.0,5.92,0.2273,30.0,0.0
2766,37.29,0.8,0.0,0.0,6.49,0.1816,30.0,0.0
2767,39.24,0.92,12.23,3.91,0.0,0.1315,30.0,0.0
2768,41.12,0.3,27.83,17.01,0.0,0.1587,30.0,0.0
2769,42.85,0.36,12.49,0.0,0.0,0.2772,30.0,0.0
2770,44.37,0.27,46.46,0.0,22.96,0.2772,0.0,25.32
2771,45.61,0.0,52.22,0.0,0.0,0.1,0.0,6.61
2772,46.53,0.22,55.77,39.46,0.0,0.1,30.0,0.0
2773,47.1,0.0,52.51,35.41,0.0,0.3749,30.0,0.0
2774,47.29,0.13,47.76,30.59,0.0,0.6216,30.0,0.0
2775,47.1,0.31,38.65,9.37,0.0,0.8347,17.51,0.0
2776,46.53,0.43,16.1,0.0,0.0,0.9,30.0,0.0
2777,45.61,0.56,13.59,0.0,1.45,0.9,30.0,0.0
2778,44.37,0.79,0.0,0.0,13.58,0.8888,30.0,0.0
2779,42.85,1.2,0.0,0.0,11.65,0.784,30.0,0.0
2780,41.12,1.52,0.0,0.0,9.6,0.694,30.0,0.0
2781,39.24,0.85,0.0,0.0,8.4,0.62,30.0,0.0
2782,37.29,0.65,0.0,0.0,6.65,0.5552,30.0,0.0
2783,37.29,0.78,0.0,0.0,6.51,0.5038,30.0,0.0
2784,37.28,1.07,0.0,0.0,6.2,0.4536,30.0,0.0
2785,37.28,1.13,0.0,0.0,6.15,0.4057,30.0,0.0
2786,37.28,0.86,0.0,0.0,6.42,0.3582,30.0,0.0
2787,37.28,0.51,0.0,0.0,6.77,0.3087,30.0,0.0
2788,37.28,0.83,0.0,0.0,6.44,0.2565,30.0,0.0
2789,37.28,1.04,0.0,0.0,6.24,0.2067,30.0,0.0
2790,37.28,1.12,0.0,0.0,6.16,0.1586,30.0,0.0
2791,39.23,0.39,14.61,5.77,0.0,0.111,30.0,0.0
2792,41.1,0.0,26.22,0.0,0.0,0.1513,14.88,0.0
2793,42.83,0.0,39.95,27.12,0.0,0.1513,30.0,0.0
2794,44.35,0.35,47.64,0.0,26.35,0.3402,0.0,30.0
2795,45.59,0.0,54.54,0.0,4.76,0.1367,0.0,13.71
2796,46.52,0.59,55.2,39.27,0.0,0.1,30.0,0.0
2797,47.08,0.0,54.99,37.91,0.0,0.3736,30.0,0.0
2798,47.28,0.18,47.71,3.61,0.0,0.6377,3.0,0.0
2799,47.08,0.6,39.95,23.46,0.0,0.6628,30.0,0.0
2800,46.52,0.0,27.1,10.58,0.0,0.8263,30.0,0.0
2801,45.59,2.06,12.11,0.0,1.42,0.9,30.0,0.0
2802,44.35,0.99,0.0,0.0,13.36,0.889,30.0,0.0
2803,42.83,0.43,0.0,0.0,12.4,0.7859,30.0,0.0
2804,41.1,1.02,0.0,0.0,10.08,0.6902,30.0,0.0
2805,39.23,0.26,0.0,0.0,8.96,0.6123,30.0,0.0
2806,37.28,1.21,0.0,0.0,6.06,0.5431,30.0,0.0
2807,37.28,0.88,0.0,0.0,6.4,0.4963,30.0,0.0
2808,37.26,1.78,0.0,0.0,5.47,0.447,30.0,0.0
2809,37.26,1.02,0.0,0.0,6.24,0.4047,30.0,0.0
2810,37.26,1.19,0.0,0.0,6.07,0.3565,30.0,0.0
2811,37.26,0.84,0.0,0.0,6.42,0.3097,30.0,0.0
2812,37.26,1.95,0.0,0.0,5.31,0.2601,30.0,0.0
2813,37.26,0.77,0.0,0.0,6.49,0.2191,30.0,0.0
2814,37.26,1.74,0.0,0.0,5.52,0.1691,30.0,0.0
2815,39.21,1.09,13.9,5.78,0.0,0.1265,30.0,0.0
2816,41.09,0.79,10.29,0.0,0.0,0.1667,30.0,0.0
2817,42.81,0.63,39.99,27.8,0.0,0.1667,30.0,0.0
2818,44.33,0.56,48.43,0.0,25.34,0.3604,0.0,30.0
2819,45.57,0.0,54.01,0.0,8.4,0.1648,0.0,16.83
2820,46.5,0.15,54.57,38.22,0.0,0.1,30.0,0.0
2821,47.07,0.74,54.21,37.89,0.0,0.3663,30.0,0.0
2822,47.26,0.34,47.11,4.57,0.0,0.6302,4.38,0.0
2823,47.07,0.0,40.15,23.08,0.0,0.6621,30.0,0.0
2824,46.5,0.52,27.05,11.08,0.0,0.8228,30.0,0.0
2825,45.57,1.54,13.04,0.0,0.99,0.9,30.0,0.0
2826,44.33,1.44,0.0,0.0,12.89,0.8923,30.0,0.0
2827,42.81,0.9,0.0,0.0,11.91,0.7929,30.0,0.0
2828,41.09,1.55,0.0,0.0,9.54,0.7009,30.0,0.0
2829,39.21,0.98,0.0,0.0,8.23,0.6273,30.0,0.0
2830,37.26,0.38,0.0,0.0,6.88,0.5638,30.0,0.0
2831,37.26,0.82,0.0,0.0,6.43,0.5106,30.0,0.0
2832,37.24,2.11,0.0,0.0,5.13,0.461,30.0,0.0
2833,37.24,1.15,0.0,0.0,6.09,0.4213,30.0,0.0
2834,37.24,1.11,0.0,0.0,6.13,0.3743,30.0,0.0
2835,37.24,1.0,0.0,0.0,6.24,0.3271,30.0,0.0
2836,37.24,2.03,0.0,0.0,5.21,0.2789,30.0,0.0
2837,37.24,1.76,0.0,0.0,5.48,0.2387,30.0,0.0
2838,37.24,1.93,0.0,0.0,5.31,0.1964,30.0,0.0
2839,39.19,0.58,12.18,3.57,0.0,0.1554,30.0,0.0
2840,41.07,0.0,22.2,11.14,0.0,0.1803,30.0,0.0
2841,42.8,0.0,40.29,27.5,0.0,0.2579,30.0,0.0
2842,44.31,1.11,49.33,0.0,23.87,0.4494,0.0,30.0
2843,45.55,0.0,54.15,0.0,21.4,0.2652,0.0,30.0
2844,46.48,0.4,51.46,35.37,0.0,0.1,30.0,0.0
2845,47.05,0.0,53.94,36.89,0.0,0.3464,30.0,0.0
2846,47.24,0.05,49.63,32.44,0.0,0.6035,30.0,0.0
2847,47.05,0.01,17.04,0.0,0.0,0.8295,30.0,0.0
2848,46.48,0.23,26.37,10.13,0.0,0.8295,30.0,0.0
2849,45.55,0.39,14.84,0.0,0.33,0.9,30.0,0.0
2850,44.31,0.52,0.0,0.0,13.8,0.8975,30.0,0.0
2851,42.8,1.35,0.0,0.0,11.44,0.791,30.0,0.0
2852,41.07,0.49,0.0,0.0,10.58,0.7027,30.0,0.0
2853,39.19,1.27,0.0,0.0,7.92,0.621,30.0,0.0
2854,37.24,1.86,0.0,0.0,5.38,0.5599,30.0,0.0
2855,37.24,1.03,0.0,0.0,6.21,0.5184,30.0,0.0
2856,37.22,0.93,0.0,0.0,6.29,0.4704,30.0,0.0
2857,37.22,1.16,0.0,0.0,6.06,0.4219,30.0,0.0
2858,37.22,1.83,0.0,0.0,5.39,0.3751,30.0,0.0
2859,37.22,1.25,0.0,0.0,5.97,0.3335,30.0,0.0
2860,37.22,0.77,0.0,0.0,6.45,0.2875,30.0,0.0
2861,37.22,1.17,0.0,0.0,6.05,0.2377,30.0,0.0
2862,37.22,0.22,0.0,0.0,7.0,0.191,30.0,0.0
2863,39.17,1.0,14.41,6.24,0.0,0.137,30.0,0.0
2864,41.05,0.0,27.46,0.0,0.0,0.1804,13.59,0.0
2865,42.78,0.0,12.78,0.0,0.0,0.1804,30.0,0.0
2866,44.29,0.0,47.01,0.0,10.42,0.1804,0.0,13.14
2867,45.53,0.0,55.84,0.0,0.0,0.1,0.0,10.3
2868,46.46,0.55,56.85,40.94,0.0,0.1,30.0,0.0
2869,47.03,0.92,54.02,37.92,0.0,0.3852,30.0,0.0
2870,47.22,0.02,48.92,1.72,0.0,0.6494,0.0,0.0
2871,47.03,0.66,39.48,23.12,0.0,0.6614,30.0,0.0
2872,46.46,0.0,27.6,11.14,0.0,0.8224,30.0,0.0
2873,45.53,0.36,14.7,0.0,0.47,0.9,30.0,0.0
2874,44.29,0.77,0.0,0.0,13.52,0.8963,30.0,0.0
2875,42.78,0.46,0.0,0.0,12.32,0.792,30.0,0.0
2876,41.05,0.56,0.0,0.0,10.48,0.6969,30.0,0.0
2877,39.17,0.81,0.0,0.0,8.36,0.616,30.0,0.0
2878,37.22,1.38,0.0,0.0,5.84,0.5514,30.0,0.0
2879,37.22,1.19,0.0,0.0,6.03,0.5063,30.0,0.0
2880,37.2,0.15,0.0,0.0,7.05,0.4598,30.0,0.0
2881,37.2,0.19,0.0,0.0,7.01,0.4053,30.0,0.0
2882,37.2,0.91,0.0,0.0,6.29,0.3512,30.0,0.0
2883,37.2,1.38,0.0,0.0,5.82,0.3027,30.0,0.0
2884,37.2,0.0,0.0,0.0,7.2,0.2577,30.0,0.0
2885,37.2,0.66,0.0,0.0,6.54,0.2021,30.0,0.0
2886,37.2,0.51,0.0,0.0,6.69,0.1516,30.0,0.0
2887,39.15,1.36,14.97,7.18,0.0,0.1,30.0,0.0
2888,41.03,0.33,26.69,0.0,0.0,0.15,14.01,0.0
2889,42.76,0.61,39.41,27.27,0.0,0.15,30.0,0.0
2890,44.27,0.41,47.89,0.0,25.97,0.34,0.0,30.0
2891,45.51,0.0,54.2,0.0,5.12,0.1395,0.0,13.8
2892,46.44,0.66,57.3,9.89,0.0,0.1,0.0,1.63
2893,47.01,0.4,53.59,36.97,0.0,0.1689,30.0,0.0
2894,47.2,0.6,50.15,33.55,0.0,0.4265,30.0,0.0
2895,47.01,2.43,38.51,23.92,0.0,0.6602,30.0,0.0
2896,46.44,0.0,26.93,10.49,0.0,0.8269,30.0,0.0
2897,45.51,1.53,12.91,0.0,1.07,0.9,30.0,0.0
2898,44.27,0.63,0.0,0.0,13.64,0.8917,30.0,0.0
2899,42.76,1.06,0.0,0.0,11.7,0.7864,30.0,0.0
2900,41.03,1.01,0.0,0.0,10.01,0.6962,30.0,0.0
2901,39.15,0.92,0.0,0.0,8.23,0.6189,30.0,0.0
2902,37.2,0.93,0.0,0.0,6.27,0.5554,30.0,0.0
2903,37.2,1.44,0.0,0.0,5.76,0.507,30.0,0.0
2904,37.18,0.51,0.0,0.0,6.67,0.4625,30.0,0.0
2905,37.18,1.65,0.0,0.0,5.53,0.411,30.0,0.0
2906,37.18,1.0,0.0,0.0,6.18,0.3684,30.0,0.0
2907,37.18,0.56,0.0,0.0,6.62,0.3207,30.0,0.0
2908,37.18,0.8,0.0,0.0,6.38,0.2696,30.0,0.0
2909,37.18,1.55,0.0,0.0,5.63,0.2203,30.0,0.0
2910,37.18,0.5,0.0,0.0,6.68,0.1768,30.0,0.0
2911,39.13,0.82,12.86,4.55,0.0,0.1253,30.0,0.0
2912,41.01,0.14,27.9,17.03,0.0,0.157,30.0,0.0
2913,42.73,0.0,12.73,0.0,0.0,0.2756,30.0,0.0
2914,44.25,0.68,49.53,0.0,22.75,0.2756,0.0,28.71
2915,45.49,1.22,53.33,0.0,0.0,0.1,0.0,9.06
2916,46.42,0.17,56.17,10.31,0.0,0.1,0.39,0.0
2917,46.99,0.62,53.85,37.49,0.0,0.1718,30.0,0.0
2918,47.18,0.38,48.62,31.82,0.0,0.433,30.0,0.0
2919,46.99,1.07,39.17,23.26,0.0,0.6546,30.0,0.0
2920,46.42,0.15,28.23,11.96,0.0,0.8167,30.0,0.0
2921,45.49,1.02,12.27,0.0,2.21,0.9,30.0,0.0
2922,44.25,0.67,0.0,0.0,13.58,0.883,30.0,0.0
2923,42.73,0.87,0.0,0.0,11.86,0.7782,30.0,0.0
2924,41.01,1.08,0.0,0.0,9.93,0.6866,30.0,0.0
2925,39.13,1.26,0.0,0.0,7.87,0.6099,30.0,0.0
2926,37.18,1.16,0.0,0.0,6.02,0.5492,30.0,0.0
2927,37.18,1.38,0.0,0.0,5.8,0.5027,30.0,0.0
2928,37.16,2.08,0.0,0.0,5.07,0.4579,30.0,0.0
2929,37.16,1.76,0.0,0.0,5.39,0.4188,30.0,0.0
2930,37.16,1.65,0.0,0.0,5.51,0.3771,30.0,0.0
2931,37.16,0.89,0.0,0.0,6.26,0.3346,30.0,0.0
2932,37.16,0.57,0.0,0.0,6.59,0.2863,30.0,0.0
2933,37.16,1.39,0.0,0.0,5.77,0.2354,30.0,0.0
2934,37.16,1.21,0.0,0.0,5.94,0.1908,30.0,0.0
2935,39.11,1.39,14.65,6.93,0.0,0.1449,30.0,0.0
2936,40.98,0.0,10.98,0.0,0.0,0.1932,30.0,0.0
2937,42.71,0.29,40.53,0.0,0.0,0.1932,1.9,0.0
2938,44.23,0.0,48.9,0.0,12.07,0.1932,0.0,16.75
2939,45.47,0.07,54.34,0.0,0.0,0.1,0.0,8.94
2940,46.4,0.76,55.94,9.16,0.0,0.1,0.0,1.15
2941,46.97,0.03,53.97,37.03,0.0,0.1638,30.0,0.0
2942,47.16,0.65,50.18,33.68,0.0,0.4218,30.0,0.0
2943,46.97,0.31,38.53,21.87,0.0,0.6564,30.0,0.0
2944,46.4,0.67,28.82,13.1,0.0,0.8087,30.0,0.0
2945,45.47,0.05,12.29,0.0,3.13,0.9,30.0,0.0
2946,44.23,0.81,0.0,0.0,13.42,0.8758,30.0,0.0
2947,42.71,0.0,0.0,0.0,12.71,0.7722,30.0,0.0
2948,40.98,0.93,0.0,0.0,10.06,0.6741,30.0,0.0
2949,39.11,0.29,0.0,0.0,8.82,0.5964,30.0,0.0
2950,37.16,1.82,0.0,0.0,5.33,0.5284,30.0,0.0
2951,37.16,1.66,0.0,0.0,5.5,0.4872,30.0,0.0
2952,37.14,1.51,0.0,0.0,5.63,0.4447,30.0,0.0
2953,37.14,2.03,0.0,0.0,5.11,0.4013,30.0,0.0
2954,37.14,0.71,0.0,0.0,6.42,0.3619,30.0,0.0
2955,37.14,2.01,0.0,0.0,5.12,0.3123,30.0,0.0
2956,37.14,1.49,0.0,0.0,5.65,0.2728,30.0,0.0
2957,37.14,0.77,0.0,0.0,6.37,0.2292,30.0,0.0
2958,37.14,1.34,0.0,0.0,5.8,0.18,30.0,0.0
2959,39.09,0.06,13.25,4.22,0.0,0.1353,30.0,0.0
2960,40.96,0.08,28.07,0.0,0.0,0.1647,12.82,0.0
2961,42.69,0.08,12.61,0.0,0.0,0.1647,30.0,0.0
2962,44.21,0.04,50.06,0.0,0.0,0.1647,0.0,5.89
2963,45.45,0.0,54.95,0.0,8.38,0.1647,0.0,17.88
2964,46.37,0.87,57.8,42.3,0.0,0.1,30.0,0.0
2965,46.94,0.13,54.01,7.82,0.0,0.3946,0.62,0.0
2966,47.14,0.49,49.83,33.18,0.0,0.4491,30.0,0.0
2967,46.94,0.1,38.39,21.55,0.0,0.6803,30.0,0.0
2968,46.37,0.0,26.36,9.99,0.0,0.8304,30.0,0.0
2969,45.45,0.76,13.66,0.0,1.03,0.9,30.0,0.0
2970,44.21,0.0,0.0,0.0,14.21,0.892,30.0,0.0
2971,42.69,0.85,0.0,0.0,11.84,0.7824,30.0,0.0
2972,40.96,0.31,0.0,0.0,10.65,0.691,30.0,0.0
2973,39.09,2.14,0.0,0.0,6.95,0.6088,30.0,0.0
2974,37.14,1.67,0.0,0.0,5.47,0.5552,30.0,0.0
2975,37.14,1.31,0.0,0.0,5.83,0.5129,30.0,0.0
2976,37.11,1.91,0.0,0.0,5.21,0.4679,30.0,0.0
2977,37.11,0.81,0.0,0.0,6.3,0.4278,30.0,0.0
2978,37.11,1.47,0.0,0.0,5.64,0.3791,30.0,0.0
2979,37.11,1.21,0.0,0.0,5.9,0.3356,30.0,0.0
2980,37.11,1.14,0.0,0.0,5.97,0.29,30.0,0.0
2981,37.11,1.53,0.0,0.0,5.58,0.2439,30.0,0.0
2982,37.11,1.12,0.0,0.0,5.99,0.2008,30.0,0.0
2983,39.06,0.77,12.7,4.4,0.0,0.1546,30.0,0.0
2984,40.94,0.0,26.99,16.05,0.0,0.1853,30.0,0.0
2985,42.67,0.0,39.64,26.97,0.0,0.2971,30.0,0.0
2986,44.18,0.24,50.19,0.0,23.75,0.485,0.0,30.0
2987,45.43,0.3,56.65,0.0,18.48,0.3017,0.0,30.0
2988,46.35,0.0,57.24,0.0,3.8,0.1591,0.0,14.69
2989,46.92,1.49,55.92,40.49,0.0,0.1297,30.0,0.0
2990,47.11,1.08,50.1,34.07,0.0,0.4118,30.0,0.0
2991,46.92,0.7,39.9,23.68,0.0,0.6491,30.0,0.0
2992,46.35,0.53,28.16,12.34,0.0,0.814,30.0,0.0
2993,45.43,0.51,13.61,0.0,1.31,0.9,30.0,0.0
2994,44.18,0.26,0.0,0.0,13.92,0.8899,30.0,0.0
2995,42.67,0.92,0.0,0.0,11.75,0.7824,30.0,0.0
2996,40.94,1.14,0.0,0.0,9.8,0.6917,30.0,0.0
2997,39.06,0.48,0.0,0.0,8.59,0.6161,30.0,0.0
2998,37.11,1.36,0.0,0.0,5.75,0.5498,30.0,0.0
2999,37.11,1.16,0.0,0.0,5.95,0.5054,30.0,0.0
3000,37.09,0.28,0.0,0.0,6.81,0.4595,30.0,0.0
3001,37.09,0.8,0.0,0.0,6.29,0.4069,30.0,0.0
3002,37.09,0.97,0.0,0.0,6.12,0.3583,30.0,0.0
3003,37.09,2.07,0.0,0.0,5.02,0.3111,30.0,0.0
3004,37.09,1.28,0.0,0.0,5.81,0.2724,30.0,0.0
3005,37.09,0.19,0.0,0.0,6.9,0.2275,30.0,0.0
3006,37.09,0.99,0.0,0.0,6.1,0.1743,30.0,0.0
3007,39.04,0.0,15.17,6.13,0.0,0.1272,30.0,0.0
3008,40.92,1.04,28.68,18.81,0.0,0.1699,30.0,0.0
3009,42.65,0.14,12.51,0.0,0.0,0.3009,30.0,0.0
3010,44.16,0.25,48.54,0.0,25.37,0.3009,0.0,30.0
3011,45.4,0.93,56.4,0.0,0.66,0.1051,0.0,12.58
3012,46.33,0.0,58.16,41.83,0.0,0.1,30.0,0.0
3013,46.9,0.0,54.89,37.99,0.0,0.3914,30.0,0.0
3014,47.09,0.0,50.07,0.04,0.0,0.6561,0.0,2.95
3015,46.9,0.91,40.96,24.97,0.0,0.6563,30.0,0.0
3016,46.33,0.0,26.34,10.01,0.0,0.8303,30.0,0.0
3017,45.4,0.0,13.79,0.0,1.61,0.9,30.0,0.0
3018,44.16,0.51,0.0,0.0,13.65,0.8875,30.0,0.0
3019,42.65,1.16,0.0,0.0,11.49,0.7822,30.0,0.0
3020,40.92,1.61,0.0,0.0,9.3,0.6935,30.0,0.0
3021,39.04,0.87,0.0,0.0,8.17,0.6217,30.0,0.0
3022,37.09,0.97,0.0,0.0,6.11,0.5586,30.0,0.0
3023,37.09,1.83,0.0,0.0,5.26,0.5114,30.0,0.0
3024,37.07,0.29,0.0,0.0,6.78,0.4708,30.0,0.0
3025,37.07,1.03,0.0,0.0,6.04,0.4185,30.0,0.0
3026,37.07,1.28,0.0,0.0,5.79,0.3719,30.0,0.0
3027,37.07,1.33,0.0,0.0,5.74,0.3272,30.0,0.0
3028,37.07,0.73,0.0,0.0,6.34,0.2829,30.0,0.0
3029,37.07,0.89,0.0,0.0,6.18,0.234,30.0,0.0
3030,37.07,0.0,0.0,0.0,7.07,0.1863,30.0,0.0
3031,39.02,0.27,15.25,6.5,0.0,0.1317,30.0,0.0
3032,40.89,0.71,27.91,17.73,0.0,0.177,30.0,0.0
3033,42.62,0.0,38.63,0.0,0.0,0.3005,3.99,0.0
3034,44.14,0.32,48.05,0.0,6.11,0.3005,0.0,10.35
3035,45.38,0.47,55.05,0.0,19.86,0.2533,0.0,30.0
3036,46.3,0.05,58.4,42.14,0.0,0.1,30.0,0.0
3037,46.87,0.33,56.94,3.16,0.0,0.3936,0.0,7.24
3038,47.07,0.0,49.52,32.46,0.0,0.4156,30.0,0.0
3039,46.87,0.27,40.76,24.15,0.0,0.6417,30.0,0.0
3040,46.3,0.79,28.44,12.92,0.0,0.81,30.0,0.0
3041,45.38,0.68,12.66,0.0,2.04,0.9,30.0,0.0
3042,44.14,0.44,0.0,0.0,13.7,0.8842,30.0,0.0
3043,42.62,0.98,0.0,0.0,11.64,0.7785,30.0,0.0
3044,40.89,1.36,0.0,0.0,9.54,0.6886,30.0,0.0
3045,39.02,0.05,0.0,0.0,8.97,0.615,30.0,0.0
3046,37.07,1.77,0.0,0.0,5.29,0.5458,30.0,0.0
3047,37.07,1.06,0.0,0.0,6.01,0.5049,30.0,0.0
3048,37.04,1.46,0.0,0.0,5.58,0.4585,30.0,0.0
3049,37.04,1.83,0.0,0.0,5.21,0.4154,30.0,0.0
3050,37.04,0.47,0.0,0.0,6.57,0.3752,30.0,0.0
3051,37.04,0.73,0.0,0.0,6.31,0.3245,30.0,0.0
3052,37.04,0.84,0.0,0.0,6.21,0.2758,30.0,0.0
3053,37.04,0.46,0.0,0.0,6.58,0.2279,30.0,0.0
3054,37.04,1.62,0.0,0.0,5.43,0.1771,30.0,0.0
3055,38.99,0.16,12.28,3.44,0.0,0.1352,30.0,0.0
3056,40.87,0.19,26.72,16.04,0.0,0.1592,30.0,0.0
3057,42.6,0.0,40.43,0.0,0.0,0.2709,2.17,0.0
3058,44.11,0.0,50.99,0.0,1.92,0.2709,0.0,8.79
3059,45.36,0.03,55.1,0.0,20.23,0.2561,0.0,30.0
3060,46.28,0.38,57.82,41.92,0.0,0.1,30.0,0.0
3061,46.85,0.06,57.04,40.26,0.0,0.392,30.0,0.0
3062,47.04,0.24,48.65,0.0,2.39,0.6725,0.0,4.24
3063,46.85,0.1,40.15,23.4,0.0,0.654,30.0,0.0
3064,46.28,0.0,28.19,11.91,0.0,0.817,30.0,0.0
3065,45.36,0.76,13.04,0.0,1.56,0.9,30.0,0.0
3066,44.11,1.63,0.0,0.0,12.49,0.888,30.0,0.0
3067,42.6,0.87,0.0,0.0,11.73,0.7916,30.0,0.0
3068,40.87,1.1,0.0,0.0,9.77,0.7011,30.0,0.0
3069,38.99,1.44,0.0,0.0,7.55,0.6257,30.0,0.0
3070,37.04,0.52,0.0,0.0,6.52,0.5674,30.0,0.0
3071,37.04,2.09,0.0,0.0,4.95,0.5171,30.0,0.0
3072,37.02,1.34,0.0,0.0,5.68,0.4789,30.0,0.0
3073,37.02,2.05,0.0,0.0,4.97,0.435,30.0,0.0
3074,37.02,0.79,0.0,0.0,6.23,0.3967,30.0,0.0
3075,37.02,2.01,0.0,0.0,5.0,0.3486,30.0,0.0
3076,37.02,1.37,0.0,0.0,5.64,0.31,30.0,0.0
3077,37.02,1.14,0.0,0.0,5.88,0.2664,30.0,0.0
3078,37.02,0.84,0.0,0.0,6.18,0.221,30.0,0.0
3079,38.97,0.46,14.27,5.77,0.0,0.1734,30.0,0.0
3080,40.84,1.08,26.91,17.14,0.0,0.2136,30.0,0.0
3081,42.57,0.43,39.63,27.49,0.0,0.333,30.0,0.0
3082,44.09,0.0,50.34,0.0,23.75,0.5245,0.0,30.0
3083,45.33,0.0,54.77,0.0,20.56,0.3412,0.0,30.0
3084,46.25,0.11,58.48,42.34,0.0,0.1825,30.0,0.0
3085,46.82,0.39,55.54,0.0,11.07,0.4774,0.0,20.17
3086,47.02,0.25,48.41,31.65,0.0,0.392,30.0,0.0
3087,46.82,0.98,40.55,24.71,0.0,0.6124,30.0,0.0
3088,46.25,0.0,27.9,11.64,0.0,0.7846,30.0,0.0
3089,45.33,0.66,12.91,0.0,1.76,0.8657,30.0,0.0
3090,44.09,0.0,0.0,0.0,14.09,0.8521,30.0,0.0
3091,42.57,1.24,0.0,0.0,11.33,0.7434,30.0,0.0
3092,40.84,0.93,0.0,0.0,9.91,0.6559,30.0,0.0
3093,38.97,1.3,0.0,0.0,7.67,0.5794,30.0,0.0
3094,37.02,0.72,0.0,0.0,6.29,0.5202,30.0,0.0
3095,37.02,1.87,0.0,0.0,5.15,0.4716,30.0,0.0
3096,36.99,1.76,0.0,0.0,5.23,0.4319,30.0,0.0
3097,36.99,1.51,0.0,0.0,5.48,0.3915,30.0,0.0
3098,36.99,1.09,0.0,0.0,5.9,0.3491,30.0,0.0
3099,36.99,1.37,0.0,0.0,5.62,0.3036,30.0,0.0
3100,36.99,0.61,0.0,0.0,6.38,0.2602,30.0,0.0
3101,36.99,1.28,0.0,0.0,5.71,0.211,30.0,0.0
3102,36.99,1.56,0.0,0.0,5.43,0.1669,30.0,0.0
3103,38.94,1.13,13.07,5.26,0.0,0.125,30.0,0.0
3104,40.82,0.08,28.64,17.91,0.0,0.1616,30.0,0.0
3105,42.55,0.54,41.65,29.64,0.0,0.2863,30.0,0.0
3106,44.06,0.0,51.39,0.0,22.67,0.4928,0.0,30.0
3107,45.31,0.51,55.3,0.0,19.49,0.3179,0.0,30.0
3108,46.23,0.43,59.32,0.0,0.0,0.1674,0.0,13.52
3109,46.8,0.0,55.87,39.07,0.0,0.1674,30.0,0.0
3110,46.99,0.0,48.7,31.71,0.0,0.4396,30.0,0.0
3111,46.8,0.21,39.44,22.85,0.0,0.6605,30.0,0.0
3112,46.23,0.3,27.46,11.53,0.0,0.8197,30.0,0.0
3113,45.31,0.0,12.69,0.0,2.62,0.9,30.0,0.0
3114,44.06,0.91,0.0,0.0,13.15,0.8798,30.0,0.0
3115,42.55,0.97,0.0,0.0,11.57,0.7783,30.0,0.0
3116,40.82,0.87,0.0,0.0,9.95,0.689,30.0,0.0
3117,38.94,0.69,0.0,0.0,8.25,0.6122,30.0,0.0
3118,36.99,1.69,0.0,0.0,5.3,0.5485,30.0,0.0
3119,36.99,2.05,0.0,0.0,4.94,0.5076,30.0,0.0
3120,36.96,0.97,0.0,0.0,5.99,0.4695,30.0,0.0
3121,36.96,0.89,0.0,0.0,6.08,0.4232,30.0,0.0
3122,36.96,1.4,0.0,0.0,5.56,0.3763,30.0,0.0
3123,36.96,0.89,0.0,0.0,6.08,0.3334,30.0,0.0
3124,36.96,0.89,0.0,0.0,6.07,0.2865,30.0,0.0
3125,36.96,1.22,0.0,0.0,5.75,0.2396,30.0,0.0
3126,36.96,0.0,0.0,0.0,6.96,0.1952,30.0,0.0
3127,38.92,1.25,15.33,7.67,0.0,0.1415,30.0,0.0
3128,40.79,0.49,28.37,18.07,0.0,0.1949,30.0,0.0
3129,42.52,0.13,12.39,0.0,0.0,0.3208,30.0,0.0
3130,44.04,0.22,50.37,0.0,9.15,0.3208,0.0,15.7
3131,45.28,0.19,55.63,0.0,19.45,0.2501,0.0,30.0
3132,46.2,0.0,56.71,0.0,0.0,0.1,0.0,10.51
3133,46.77,0.98,55.8,40.01,0.0,0.1,30.0,0.0
3134,46.96,0.28,49.97,33.29,0.0,0.3787,30.0,0.0
3135,46.77,0.57,41.97,25.77,0.0,0.6106,30.0,0.0
3136,46.2,0.94,28.61,13.34,0.0,0.7901,30.0,0.0
3137,45.28,0.05,14.18,0.0,1.04,0.8831,30.0,0.0
3138,44.04,0.95,0.0,0.0,13.09,0.8751,30.0,0.0
3139,42.52,0.7,0.0,0.0,11.82,0.774,30.0,0.0
3140,40.79,1.4,0.0,0.0,9.4,0.6828,30.0,0.0
3141,38.92,0.0,0.0,0.0,8.92,0.6103,30.0,0.0
3142,36.96,1.1,0.0,0.0,5.87,0.5415,30.0,0.0
3143,36.96,0.89,0.0,0.0,6.07,0.4962,30.0,0.0
3144,36.94,1.43,0.0,0.0,5.5,0.4493,30.0,0.0
3145,36.94,1.43,0.0,0.0,5.5,0.4069,30.0,0.0
3146,36.94,0.78,0.0,0.0,6.16,0.3644,30.0,0.0
3147,36.94,0.7,0.0,0.0,6.24,0.3169,30.0,0.0
3148,36.94,0.9,0.0,0.0,6.04,0.2687,30.0,0.0
3149,36.94,0.37,0.0,0.0,6.56,0.2221,30.0,0.0
3150,36.94,1.13,0.0,0.0,5.81,0.1714,30.0,0.0
3151,38.89,0.38,12.74,4.24,0.0,0.1266,30.0,0.0
3152,40.76,0.0,28.46,17.69,0.0,0.1561,30.0,0.0
3153,42.49,0.15,40.45,28.1,0.0,0.2794,30.0,0.0
3154,44.01,0.0,50.48,0.0,23.52,0.4751,0.0,30.0
3155,45.25,0.0,55.75,0.0,19.5,0.2935,0.0,30.0
3156,46.18,0.0,58.06,0.0,0.85,0.143,0.0,12.74
3157,46.75,0.26,55.03,38.55,0.0,0.1364,30.0,0.0
3158,46.94,0.94,48.68,32.68,0.0,0.4049,30.0,0.0
3159,46.75,0.5,41.31,25.06,0.0,0.6326,30.0,0.0
3160,46.18,0.13,29.37,13.33,0.0,0.8072,30.0,0.0
3161,45.25,0.8,14.43,0.0,0.02,0.9,30.0,0.0
3162,44.01,0.46,0.0,0.0,13.54,0.8998,30.0,0.0
3163,42.49,0.48,0.0,0.0,12.02,0.7953,30.0,0.0
3164,40.76,0.37,0.0,0.0,10.4,0.7025,30.0,0.0
3165,38.89,0.17,0.0,0.0,8.72,0.6222,30.0,0.0
3166,36.94,0.94,0.0,0.0,5.99,0.5549,30.0,0.0
3167,36.94,1.27,0.0,0.0,5.66,0.5086,30.0,0.0
3168,36.91,1.16,0.0,0.0,5.75,0.4649,30.0,0.0
3169,36.91,0.97,0.0,0.0,5.94,0.4205,30.0,0.0
3170,36.91,0.65,0.0,0.0,6.26,0.3747,30.0,0.0
3171,36.91,1.37,0.0,0.0,5.54,0.3264,30.0,0.0
3172,36.91,0.27,0.0,0.0,6.63,0.2836,30.0,0.0
3173,36.91,1.22,0.0,0.0,5.69,0.2324,30.0,0.0
3174,36.91,0.18,0.0,0.0,6.73,0.1885,30.0,0.0
3175,38.86,0.18,14.16,5.48,0.0,0.1366,30.0,0.0
3176,40.74,0.0,28.94,18.2,0.0,0.1747,30.0,0.0
3177,42.47,0.07,12.39,0.0,0.0,0.3015,30.0,0.0
3178,43.98,0.75,49.23,0.0,8.02,0.3015,0.0,14.02
3179,45.22,0.46,56.68,0.0,18.08,0.2396,0.0,30.0
3180,46.15,0.68,57.45,0.36,0.0,0.1,0.0,11.62
3181,46.72,0.47,56.92,40.67,0.0,0.1025,30.0,0.0
3182,46.91,0.0,50.56,33.65,0.0,0.3859,30.0,0.0
3183,46.72,0.16,42.2,25.64,0.0,0.6203,30.0,0.0
3184,46.15,0.04,29.47,13.36,0.0,0.7989,30.0,0.0
3185,45.22,1.24,15.14,1.15,0.0,0.892,30.0,0.0
3186,43.98,0.08,0.0,0.0,13.9,0.9,30.0,0.0
3187,42.47,1.28,0.0,0.0,11.18,0.7927,30.0,0.0
3188,40.74,1.41,0.0,0.0,9.33,0.7064,30.0,0.0
3189,38.86,1.99,0.0,0.0,6.87,0.6344,30.0,0.0
3190,36.91,0.93,0.0,0.0,5.98,0.5813,30.0,0.0
3191,36.91,1.55,0.0,0.0,5.36,0.5351,30.0,0.0
3192,36.88,2.37,0.0,0.0,4.52,0.4938,30.0,0.0
3193,36.88,0.86,0.0,0.0,6.02,0.4589,30.0,0.0
3194,36.88,0.34,0.0,0.0,6.54,0.4125,30.0,0.0
3195,36.88,0.09,0.0,0.0,6.8,0.362,30.0,0.0
3196,36.88,1.31,0.0,0.0,5.57,0.3096,30.0,0.0
3197,36.88,0.0,0.0,0.0,6.88,0.2665,30.0,0.0
3198,36.88,0.5,0.0,0.0,6.39,0.2134,30.0,0.0
3199,38.83,0.78,12.79,4.73,0.0,0.1641,30.0,0.0
3200,40.71,0.0,29.05,0.0,0.0,0.1971,11.66,0.0
3201,42.44,0.54,40.06,28.16,0.0,0.1971,30.0,0.0
3202,43.95,0.36,51.02,0.0,19.96,0.3933,0.0,27.38
3203,45.2,0.85,56.31,0.0,18.04,0.2392,0.0,30.0
3204,46.12,0.0,58.44,0.0,0.0,0.1,0.0,12.32
3205,46.69,0.0,57.78,41.09,0.0,0.1,30.0,0.0
3206,46.88,0.0,50.15,33.27,0.0,0.3863,30.0,0.0
3207,46.69,0.75,40.83,24.89,0.0,0.618,30.0,0.0
3208,46.12,0.89,28.36,13.13,0.0,0.7914,30.0,0.0
3209,45.2,0.78,15.42,0.0,0.0,0.8829,28.99,0.0
3210,43.95,1.29,0.0,0.0,12.66,0.8829,30.0,0.0
3211,42.44,0.22,0.0,0.0,12.22,0.7851,30.0,0.0
3212,40.71,1.8,0.0,0.0,8.91,0.6908,30.0,0.0
3213,38.83,1.83,0.0,0.0,7.01,0.622,30.0,0.0
3214,36.88,1.51,0.0,0.0,5.38,0.5679,30.0,0.0
3215,36.88,2.09,0.0,0.0,4.79,0.5264,30.0,0.0
3216,36.85,0.34,0.0,0.0,6.51,0.4895,30.0,0.0
3217,36.85,0.91,0.0,0.0,5.95,0.4392,30.0,0.0
3218,36.85,0.75,0.0,0.0,6.11,0.3933,30.0,0.0
3219,36.85,1.41,0.0,0.0,5.44,0.3462,30.0,0.0
3220,36.85,0.4,0.0,0.0,6.45,0.3042,30.0,0.0
3221,36.85,1.2,0.0,0.0,5.65,0.2543,30.0,0.0
3222,36.85,1.38,0.0,0.0,5.47,0.2107,30.0,0.0
3223,38.8,0.9,15.29,7.39,0.0,0.1685,30.0,0.0
3224,40.68,0.57,29.97,19.86,0.0,0.22,30.0,0.0
3225,42.41,0.0,42.49,30.08,0.0,0.3583,30.0,0.0
3226,43.92,0.0,51.64,0.0,22.28,0.5679,0.0,30.0
3227,45.17,0.82,57.39,0.0,16.95,0.3959,0.0,30.0
3228,46.09,0.57,57.42,0.0,15.9,0.2651,0.0,27.79
3229,46.66,0.17,56.7,40.2,0.0,0.1423,30.0,0.0
3230,46.85,0.02,50.01,33.18,0.0,0.4224,30.0,0.0
3231,46.66,0.0,39.46,22.8,0.0,0.6535,30.0,0.0
3232,46.09,0.0,28.67,12.58,0.0,0.8124,30.0,0.0
3233,45.17,1.53,13.06,0.0,0.59,0.9,30.0,0.0
3234,43.92,0.02,0.0,0.0,13.9,0.8955,30.0,0.0
3235,42.41,0.91,0.0,0.0,11.5,0.7882,30.0,0.0
3236,40.68,1.45,0.0,0.0,9.23,0.6994,30.0,0.0
3237,38.8,0.4,0.0,0.0,8.4,0.6282,30.0,0.0
3238,36.85,1.22,0.0,0.0,5.64,0.5633,30.0,0.0
3239,36.85,1.65,0.0,0.0,5.2,0.5198,30.0,0.0
3240,36.82,1.19,0.0,0.0,5.63,0.4797,30.0,0.0
3241,36.82,2.63,0.0,0.0,4.19,0.4362,30.0,0.0
3242,36.82,0.26,0.0,0.0,6.56,0.4038,30.0,0.0
3243,36.82,1.58,0.0,0.0,5.25,0.3532,30.0,0.0
3244,36.82,0.84,0.0,0.0,5.98,0.3127,30.0,0.0
3245,36.82,1.2,0.0,0.0,5.62,0.2665,30.0,0.0
3246,36.82,0.9,0.0,0.0,5.92,0.2231,30.0,0.0
3247,38.77,0.17,13.94,5.33,0.0,0.1774,30.0,0.0
3248,40.65,0.53,27.08,16.96,0.0,0.2145,30.0,0.0
3249,42.38,0.0,41.6,29.22,0.0,0.3327,30.0,0.0
3250,43.89,0.54,50.77,0.0,22.59,0.5362,0.0,30.0
3251,45.14,0.33,56.73,0.0,18.08,0.3619,0.0,30.0
3252,46.06,0.49,58.02,0.0,15.85,0.2223,0.0,28.3
3253,46.63,0.72,57.47,41.55,0.0,0.1,30.0,0.0
3254,46.82,0.42,49.8,33.39,0.0,0.3895,30.0,0.0
3255,46.63,0.39,42.01,25.76,0.0,0.6221,30.0,0.0
3256,46.06,0.0,27.06,10.99,0.0,0.8016,30.0,0.0
3257,45.14,0.18,12.61,0.0,2.35,0.8782,30.0,0.0
3258,43.89,1.28,0.0,0.0,12.61,0.86,30.0,0.0
3259,42.38,1.54,0.0,0.0,10.84,0.7626,30.0,0.0
3260,40.65,0.81,0.0,0.0,9.84,0.679,30.0,0.0
3261,38.77,1.06,0.0,0.0,7.72,0.603,30.0,0.0
3262,36.82,0.65,0.0,0.0,6.17,0.5434,30.0,0.0
3263,36.82,1.77,0.0,0.0,5.06,0.4958,30.0,0.0
3264,36.79,1.52,0.0,0.0,5.28,0.4568,30.0,0.0
3265,36.79,2.15,0.0,0.0,4.64,0.416,30.0,0.0
3266,36.79,0.66,0.0,0.0,6.13,0.3802,30.0,0.0
3267,36.79,0.84,0.0,0.0,5.96,0.3329,30.0,0.0
3268,36.79,1.04,0.0,0.0,5.75,0.2869,30.0,0.0
3269,36.79,1.13,0.0,0.0,5.66,0.2425,30.0,0.0
3270,36.79,0.56,0.0,0.0,6.24,0.1987,30.0,0.0
3271,38.75,0.09,15.42,6.76,0.0,0.1506,30.0,0.0
3272,40.62,0.86,28.55,18.79,0.0,0.1977,30.0,0.0
3273,42.35,0.67,41.34,29.66,0.0,0.3286,30.0,0.0
3274,43.87,0.0,50.62,0.0,23.25,0.5352,0.0,30.0
3275,45.11,0.87,56.38,0.0,17.86,0.3558,0.0,30.0
3276,46.03,0.75,59.21,0.0,12.3,0.2179,0.0,26.24
3277,46.6,0.24,57.34,40.98,0.0,0.1229,30.0,0.0
3278,46.79,0.26,50.15,33.62,0.0,0.4084,30.0,0.0
3279,46.6,0.59,41.42,25.41,0.0,0.6426,30.0,0.0
3280,46.03,0.0,27.57,11.54,0.0,0.8196,30.0,0.0
3281,45.11,0.55,13.24,0.0,1.32,0.9,30.0,0.0
3282,43.87,0.0,0.0,0.0,13.87,0.8898,30.0,0.0
3283,42.35,1.25,0.0,0.0,11.1,0.7828,30.0,0.0
3284,40.62,0.12,0.0,0.0,10.5,0.6971,30.0,0.0
3285,38.75,1.8,0.0,0.0,6.95,0.616,30.0,0.0
3286,36.79,0.94,0.0,0.0,5.85,0.5624,30.0,0.0
3287,36.79,1.05,0.0,0.0,5.74,0.5172,30.0,0.0
3288,36.76,0.85,0.0,0.0,5.91,0.4729,30.0,0.0
3289,36.76,1.01,0.0,0.0,5.76,0.4273,30.0,0.0
3290,36.76,1.83,0.0,0.0,4.93,0.3828,30.0,0.0
3291,36.76,0.0,0.0,0.0,6.76,0.3447,30.0,0.0
3292,36.76,1.57,0.0,0.0,5.19,0.2925,30.0,0.0
3293,36.76,0.97,0.0,0.0,5.8,0.2524,30.0,0.0
3294,36.76,0.04,0.0,0.0,6.72,0.2077,30.0,0.0
3295,38.71,0.0,13.69,4.98,0.0,0.1558,30.0,0.0
3296,40.59,1.26,30.2,20.87,0.0,0.1905,30.0,0.0
3297,42.32,0.0,41.17,0.0,30.56,0.3359,0.0,29.4
3298,43.84,0.0,49.3,0.0,0.0,0.1,0.0,5.46
3299,45.08,0.75,57.69,0.0,0.0,0.1,0.0,13.36
3300,46.0,0.32,59.05,2.46,0.0,0.1,0.0,10.91
3301,46.57,0.0,55.89,39.32,0.0,0.1171,30.0,0.0
3302,46.76,0.33,51.54,35.1,0.0,0.391,30.0,0.0
3303,46.57,0.0,41.49,24.92,0.0,0.6356,30.0,0.0
3304,46.0,0.97,28.08,13.04,0.0,0.8091,30.0,0.0
3305,45.08,1.07,14.01,0.0,0.0,0.9,30.0,0.0
3306,43.84,0.93,0.0,0.0,12.9,0.9,30.0,0.0
3307,42.32,0.98,0.0,0.0,11.34,0.8004,30.0,0.0
3308,40.59,1.82,0.0,0.0,8.77,0.7129,30.0,0.0
3309,38.71,1.02,0.0,0.0,7.69,0.6451,30.0,0.0
3310,36.76,0.5,0.0,0.0,6.26,0.5858,30.0,0.0
3311,36.76,1.38,0.0,0.0,5.38,0.5374,30.0,0.0
3312,36.73,2.23,0.0,0.0,4.5,0.4959,30.0,0.0
3313,36.73,0.63,0.0,0.0,6.1,0.4611,30.0,0.0
3314,36.73,0.91,0.0,0.0,5.82,0.414,30.0,0.0
3315,36.73,1.23,0.0,0.0,5.5,0.3691,30.0,0.0
3316,36.73,0.88,0.0,0.0,5.85,0.3266,30.0,0.0
3317,36.73,0.28,0.0,0.0,6.45,0.2815,30.0,0.0
3318,36.73,1.23,0.0,0.0,5.5,0.2317,30.0,0.0
3319,38.68,1.71,14.03,7.06,0.0,0.1892,30.0,0.0
3320,40.56,0.5,27.54,17.48,0.0,0.2384,30.0,0.0
3321,42.29,0.0,40.3,0.0,14.86,0.3601,0.0,12.87
3322,43.8,0.0,49.45,0.0,0.0,0.2454,0.0,5.64
3323,45.05,0.29,55.92,0.0,18.84,0.2454,0.0,30.0
3324,45.97,0.71,57.49,0.23,0.0,0.1,0.0,12.0
3325,46.54,0.4,56.89,40.75,0.0,0.1016,30.0,0.0
3326,46.73,0.21,50.61,34.09,0.0,0.3855,30.0,0.0
3327,46.54,0.0,42.63,26.09,0.0,0.6229,30.0,0.0
3328,45.97,0.0,29.06,13.09,0.0,0.8046,30.0,0.0
3329,45.05,0.95,14.7,0.6,0.0,0.8958,30.0,0.0
3330,43.8,1.12,0.0,0.0,12.68,0.9,30.0,0.0
3331,42.29,0.0,0.0,0.0,12.29,0.8021,30.0,0.0
3332,40.56,1.72,0.0,0.0,8.84,0.7072,30.0,0.0
3333,38.68,1.31,0.0,0.0,7.37,0.639,30.0,0.0
3334,36.73,1.81,0.0,0.0,4.92,0.5821,30.0,0.0
3335,36.73,0.46,0.0,0.0,6.27,0.5441,30.0,0.0
3336,36.7,0.46,0.0,0.0,6.24,0.4957,30.0,0.0
3337,36.7,1.07,0.0,0.0,5.64,0.4476,30.0,0.0
3338,36.7,1.35,0.0,0.0,5.35,0.4041,30.0,0.0
3339,36.7,1.93,0.0,0.0,4.77,0.3627,30.0,0.0
3340,36.7,1.27,0.0,0.0,5.44,0.3259,30.0,0.0
3341,36.7,0.66,0.0,0.0,6.05,0.2839,30.0,0.0
3342,36.7,0.12,0.0,0.0,6.58,0.2373,30.0,0.0
3343,38.65,1.15,14.63,7.13,0.0,0.1865,30.0,0.0
3344,40.53,0.0,29.66,19.13,0.0,0.2361,30.0,0.0
3345,42.26,1.12,42.7,0.0,0.0,0.3694,0.0,1.57
3346,43.77,0.06,49.94,0.0,23.77,0.3694,0.0,30.0
3347,45.02,0.97,57.0,0.0,11.13,0.1859,0.0,24.09
3348,45.94,0.48,58.46,0.24,0.0,0.1,0.0,12.76
3349,46.51,0.08,58.44,42.01,0.0,0.1016,30.0,0.0
3350,46.7,0.0,49.93,33.22,0.0,0.3943,30.0,0.0
3351,46.51,0.11,41.1,24.71,0.0,0.6258,30.0,0.0
3352,45.94,0.61,29.99,14.66,0.0,0.7979,30.0,0.0
3353,45.02,0.56,14.15,0.0,0.31,0.9,30.0,0.0
3354,43.77,0.34,0.0,0.0,13.43,0.8976,30.0,0.0
3355,42.26,0.7,0.0,0.0,11.56,0.794,30.0,0.0
3356,40.53,0.94,0.0,0.0,9.58,0.7047,30.0,0.0
3357,38.65,0.0,0.0,0.0,8.65,0.6307,30.0,0.0
3358,36.7,1.33,0.0,0.0,5.38,0.5639,30.0,0.0
3359,36.7,0.64,0.0,0.0,6.06,0.5224,30.0,0.0
3360,36.67,0.56,0.0,0.0,6.11,0.4757,30.0,0.0
3361,36.67,0.27,0.0,0.0,6.4,0.4285,30.0,0.0
3362,36.67,0.17,0.0,0.0,6.5,0.3792,30.0,0.0
3363,36.67,0.31,0.0,0.0,6.36,0.329,30.0,0.0
3364,36.67,0.54,0.0,0.0,6.13,0.2799,30.0,0.0
3365,36.67,1.77,0.0,0.0,4.9,0.2325,30.0,0.0
3366,36.67,0.37,0.0,0.0,6.3,0.1947,30.0,0.0
3367,38.62,0.6,12.98,4.96,0.0,0.1461,30.0,0.0
3368,40.5,0.59,28.39,18.48,0.0,0.1807,30.0,0.0
3369,42.23,0.0,12.23,0.0,0.0,0.3094,30.0,0.0
3370,43.74,0.16,50.17,0.0,23.41,0.3094,0.0,30.0
3371,44.98,0.0,58.24,0.0,3.72,0.1287,0.0,16.98
3372,45.91,0.87,60.62,0.0,0.0,0.1,0.0,15.59
3373,46.48,1.07,56.75,41.35,0.0,0.1,30.0,0.0
3374,46.67,0.0,51.62,34.95,0.0,0.3881,30.0,0.0
3375,46.48,0.0,42.19,25.71,0.0,0.6315,30.0,0.0
3376,45.91,0.24,28.49,12.83,0.0,0.8106,30.0,0.0
3377,44.98,0.02,13.05,0.0,1.92,0.9,30.0,0.0
3378,43.74,0.9,0.0,0.0,12.84,0.8852,30.0,0.0
3379,42.23,0.4,0.0,0.0,11.82,0.7861,30.0,0.0
3380,40.5,2.01,0.0,0.0,8.49,0.6948,30.0,0.0
3381,38.62,1.61,0.0,0.0,7.01,0.6293,30.0,0.0
3382,36.67,1.19,0.0,0.0,5.48,0.5752,30.0,0.0
3383,36.67,1.66,0.0,0.0,5.01,0.5329,30.0,0.0
3384,36.64,1.71,0.0,0.0,4.92,0.4943,30.0,0.0
3385,36.64,0.84,0.0,0.0,5.8,0.4563,30.0,0.0
3386,36.64,0.66,0.0,0.0,5.98,0.4115,30.0,0.0
3387,36.64,1.04,0.0,0.0,5.6,0.3654,30.0,0.0
3388,36.64,1.33,0.0,0.0,5.3,0.3222,30.0,0.0
3389,36.64,0.84,0.0,0.0,5.8,0.2812,30.0,0.0
3390,36.64,0.0,0.0,0.0,6.64,0.2365,30.0,0.0
3391,38.59,0.09,13.21,4.72,0.0,0.1852,30.0,0.0
3392,40.46,0.34,28.87,18.75,0.0,0.2181,30.0,0.0
3393,42.19,0.24,42.08,0.0,29.88,0.3487,0.0,30.0
3394,43.71,1.2,52.09,0.0,0.0,0.1181,0.0,9.59
3395,44.95,0.0,55.85,0.0,2.34,0.1181,0.0,13.24
3396,45.88,0.38,59.13,0.0,0.0,0.1,0.0,13.64
3397,46.45,0.68,55.82,40.06,0.0,0.1,30.0,0.0
3398,46.64,1.36,51.22,35.94,0.0,0.3791,30.0,0.0
3399,46.45,0.07,41.91,25.53,0.0,0.6294,30.0,0.0
3400,45.88,0.63,28.55,13.31,0.0,0.8073,30.0,0.0
3401,44.95,0.8,12.66,0.0,1.5,0.9,30.0,0.0
3402,43.71,0.74,0.0,0.0,12.97,0.8885,30.0,0.0
3403,42.19,0.72,0.0,0.0,11.48,0.7883,30.0,0.0
3404,40.46,1.12,0.0,0.0,9.35,0.6997,30.0,0.0
3405,38.59,0.0,0.0,0.0,8.59,0.6276,30.0,0.0
3406,36.64,1.43,0.0,0.0,5.21,0.5613,30.0,0.0
3407,36.64,1.2,0.0,0.0,5.44,0.5211,30.0,0.0
3408,36.61,1.03,0.0,0.0,5.58,0.4791,30.0,0.0
3409,36.61,2.17,0.0,0.0,4.43,0.436,30.0,0.0
3410,36.61,0.73,0.0,0.0,5.88,0.4018,30.0,0.0
3411,36.61,0.79,0.0,0.0,5.82,0.3564,30.0,0.0
3412,36.61,1.91,0.0,0.0,4.7,0.3115,30.0,0.0
3413,36.61,0.34,0.0,0.0,6.27,0.2753,30.0,0.0
3414,36.61,0.35,0.0,0.0,6.26,0.2269,30.0,0.0
3415,38.56,0.42,14.66,6.53,0.0,0.1786,30.0,0.0
3416,40.43,0.81,30.26,20.64,0.0,0.2241,30.0,0.0
3417,42.16,0.0,41.83,0.0,0.0,0.3678,0.33,0.0
3418,43.68,0.0,51.31,0.0,22.36,0.3678,0.0,30.0
3419,44.92,0.0,58.27,0.0,12.33,0.1952,0.0,25.69
3420,45.84,0.0,58.45,0.0,0.0,0.1,0.0,12.61
3421,46.41,0.1,57.41,41.09,0.0,0.1,30.0,0.0
3422,46.61,0.41,52.11,35.91,0.0,0.3863,30.0,0.0
3423,46.41,0.48,42.84,26.91,0.0,0.6364,30.0,0.0
3424,45.84,0.0,26.76,10.92,0.0,0.8239,30.0,0.0
3425,44.92,1.04,14.3,0.0,0.0,0.9,29.58,0.0
3426,43.68,0.76,0.0,0.0,12.92,0.9,30.0,0.0
3427,42.16,1.47,0.0,0.0,10.69,0.8003,30.0,0.0
3428,40.43,1.11,0.0,0.0,9.32,0.7178,30.0,0.0
3429,38.56,1.56,0.0,0.0,7.0,0.6459,30.0,0.0
3430,36.61,1.31,0.0,0.0,5.29,0.5918,30.0,0.0
3431,36.61,1.81,0.0,0.0,4.79,0.551,30.0,0.0
3432,36.57,1.4,0.0,0.0,5.17,0.514,30.0,0.0
3433,36.57,1.07,0.0,0.0,5.5,0.4741,30.0,0.0
3434,36.57,2.23,0.0,0.0,4.34,0.4316,30.0,0.0
3435,36.57,1.44,0.0,0.0,5.13,0.3981,30.0,0.0
3436,36.57,1.17,0.0,0.0,5.4,0.3585,30.0,0.0
3437,36.57,0.1,0.0,0.0,6.47,0.3169,30.0,0.0
3438,36.57,0.0,0.0,0.0,6.57,0.2669,30.0,0.0
3439,38.52,0.64,14.35,6.47,0.0,0.2162,30.0,0.0
3440,40.4,0.44,28.5,18.55,0.0,0.2613,30.0,0.0
3441,42.13,0.0,41.4,0.0,0.0,0.3905,0.72,0.0
3442,43.64,0.25,49.99,0.0,23.39,0.3905,0.0,30.0
3443,44.89,0.94,57.41,0.0,14.24,0.2099,0.0,27.7
3444,45.81,0.47,59.24,0.0,0.0,0.1,0.0,13.9
3445,46.38,0.0,57.39,41.01,0.0,0.1,30.0,0.0
3446,46.57,0.13,48.81,32.36,0.0,0.3857,30.0,0.0
3447,46.38,0.0,42.72,26.34,0.0,0.6112,30.0,0.0
3448,45.81,0.17,30.52,14.88,0.0,0.7947,30.0,0.0
3449,44.89,0.0,15.13,0.24,0.0,0.8983,30.0,0.0
3450,43.64,0.38,0.0,0.0,13.26,0.9,30.0,0.0
3451,42.13,0.12,0.0,0.0,12.01,0.7976,30.0,0.0
3452,40.4,0.82,0.0,0.0,9.58,0.7049,30.0,0.0
3453,38.52,0.7,0.0,0.0,7.82,0.6309,30.0,0.0
3454,36.57,0.0,0.0,0.0,6.57,0.5706,30.0,0.0
3455,36.57,2.17,0.0,0.0,4.4,0.5198,30.0,0.0
3456,36.54,1.69,0.0,0.0,4.85,0.4858,30.0,0.0
3457,36.54,0.92,0.0,0.0,5.62,0.4484,30.0,0.0
3458,36.54,1.07,0.0,0.0,5.47,0.4051,30.0,0.0
3459,36.54,0.38,0.0,0.0,6.16,0.3629,30.0,0.0
3460,36.54,1.74,0.0,0.0,4.79,0.3153,30.0,0.0
3461,36.54,1.72,0.0,0.0,4.82,0.2783,30.0,0.0
3462,36.54,0.7,0.0,0.0,5.84,0.2412,30.0,0.0
3463,38.49,1.01,14.59,7.11,0.0,0.1961,30.0,0.0
3464,40.37,0.45,28.85,18.93,0.0,0.2456,30.0,0.0
3465,42.09,0.0,12.09,0.0,0.0,0.3775,30.0,0.0
3466,43.61,0.0,49.92,0.0,23.69,0.3775,0.0,30.0
3467,44.85,0.19,57.67,0.0,12.27,0.1947,0.0,25.28
3468,45.78,0.0,61.03,0.0,0.0,0.1,0.0,15.26
3469,46.35,0.01,56.15,39.81,0.0,0.1,30.0,0.0
3470,46.54,0.13,52.66,36.25,0.0,0.3774,30.0,0.0
3471,46.35,0.22,43.22,27.09,0.0,0.6299,30.0,0.0
3472,45.78,0.39,27.06,11.68,0.0,0.8187,30.0,0.0
3473,44.85,0.0,13.19,0.0,1.66,0.9,30.0,0.0
3474,43.61,0.25,0.0,0.0,13.36,0.8872,30.0,0.0
3475,42.09,0.1,0.0,0.0,12.0,0.7841,30.0,0.0
3476,40.37,1.38,0.0,0.0,8.99,0.6915,30.0,0.0
3477,38.49,0.0,0.0,0.0,8.49,0.6221,30.0,0.0
3478,36.54,1.65,0.0,0.0,4.89,0.5565,30.0,0.0
3479,36.54,1.82,0.0,0.0,4.71,0.5188,30.0,0.0
3480,36.5,0.97,0.0,0.0,5.53,0.4824,30.0,0.0
3481,36.5,0.0,0.0,0.0,6.5,0.4397,30.0,0.0
3482,36.5,0.87,0.0,0.0,5.63,0.3895,30.0,0.0
3483,36.5,0.94,0.0,0.0,5.56,0.3461,30.0,0.0
3484,36.5,0.35,0.0,0.0,6.15,0.3031,30.0,0.0
3485,36.5,0.48,0.0,0.0,6.02,0.2557,30.0,0.0
3486,36.5,1.4,0.0,0.0,5.11,0.2092,30.0,0.0
3487,38.45,0.82,13.85,6.22,0.0,0.1698,30.0,0.0
3488,40.33,0.0,28.64,0.0,0.0,0.2131,11.69,0.0
3489,42.06,0.0,43.06,0.0,0.0,0.2131,0.0,1.0
3490,43.58,0.0,52.68,0.0,14.65,0.2131,0.0,23.76
3491,44.82,0.01,58.97,0.0,0.0,0.1,0.0,14.16
3492,45.74,0.36,61.03,0.0,0.0,0.1,0.0,15.65
3493,46.31,0.0,54.34,38.03,0.0,0.1,30.0,0.0
3494,46.5,0.43,53.11,37.04,0.0,0.3649,30.0,0.0
3495,46.31,1.24,40.92,25.85,0.0,0.623,30.0,0.0
3496,45.74,0.78,28.89,13.92,0.0,0.803,30.0,0.0
3497,44.82,0.46,13.62,0.0,0.74,0.9,30.0,0.0
3498,43.58,0.52,0.0,0.0,13.05,0.8943,30.0,0.0
3499,42.06,0.56,0.0,0.0,11.5,0.7935,30.0,0.0
3500,40.33,1.47,0.0,0.0,8.86,0.7048,30.0,0.0
3501,38.45,0.66,0.0,0.0,7.8,0.6364,30.0,0.0
3502,36.5,1.08,0.0,0.0,5.42,0.5762,30.0,0.0
3503,36.5,1.13,0.0,0.0,5.37,0.5343,30.0,0.0
3504,36.47,0.86,0.0,0.0,5.61,0.4929,30.0,0.0
3505,36.47,0.4,0.0,0.0,6.07,0.4496,30.0,0.0
3506,36.47,1.22,0.0,0.0,5.25,0.4028,30.0,0.0
3507,36.47,0.94,0.0,0.0,5.53,0.3622,30.0,0.0
3508,36.47,1.12,0.0,0.0,5.35,0.3196,30.0,0.0
3509,36.47,0.47,0.0,0.0,6.0,0.2783,30.0,0.0
3510,36.47,1.23,0.0,0.0,5.24,0.2319,30.0,0.0
3511,38.42,0.03,13.58,5.19,0.0,0.1915,30.0,0.0
3512,40.3,1.23,9.07,0.0,0.0,0.2277,30.0,0.0
3513,42.03,0.0,40.77,28.75,0.0,0.2277,30.0,0.0
3514,43.54,0.39,51.48,0.0,21.67,0.428,0.0,30.0
3515,44.78,0.36,58.52,0.0,15.9,0.2607,0.0,30.0
3516,45.71,0.0,59.53,0.0,4.92,0.138,0.0,18.74
3517,46.28,0.33,54.34,38.39,0.0,0.1,30.0,0.0
3518,46.47,0.82,50.71,35.06,0.0,0.3675,30.0,0.0
3519,46.28,0.0,43.06,26.78,0.0,0.6117,30.0,0.0
3520,45.71,0.61,29.69,14.59,0.0,0.7983,30.0,0.0
3521,44.78,0.0,15.78,0.0,0.0,0.9,29.01,0.0
3522,43.54,0.12,0.0,0.0,13.43,0.9,30.0,0.0
3523,42.03,1.58,0.0,0.0,10.45,0.7964,30.0,0.0
3524,40.3,0.57,0.0,0.0,9.73,0.7157,30.0,0.0
3525,38.42,0.37,0.0,0.0,8.05,0.6406,30.0,0.0
3526,36.47,0.95,0.0,0.0,5.52,0.5785,30.0,0.0
3527,36.47,2.16,0.0,0.0,4.31,0.5359,30.0,0.0
3528,36.43,0.18,0.0,0.0,6.26,0.5026,30.0,0.0
3529,36.43,0.56,0.0,0.0,5.87,0.4543,30.0,0.0
3530,36.43,1.81,0.0,0.0,4.62,0.409,30.0,0.0
3531,36.43,1.92,0.0,0.0,4.52,0.3733,30.0,0.0
3532,36.43,0.81,0.0,0.0,5.63,0.3384,30.0,0.0
3533,36.43,0.1,0.0,0.0,6.33,0.295,30.0,0.0
3534,36.43,1.68,0.0,0.0,4.76,0.2461,30.0,0.0
3535,38.39,1.29,13.55,6.45,0.0,0.2094,30.0,0.0
3536,40.26,0.7,29.66,20.1,0.0,0.2544,30.0,0.0
3537,41.99,0.0,42.27,0.0,15.72,0.3944,0.0,16.0
3538,43.51,0.14,50.95,0.0,22.42,0.273,0.0,30.0
3539,44.75,0.03,58.98,0.0,0.0,0.1,0.0,14.26
3540,45.67,0.26,59.34,0.0,0.0,0.1,0.0,13.93
3541,46.24,0.85,53.99,38.6,0.0,0.1,30.0,0.0
3542,46.43,0.61,50.63,34.81,0.0,0.3689,30.0,0.0
3543,46.24,0.0,41.56,25.32,0.0,0.6114,30.0,0.0
3544,45.67,1.05,30.73,16.11,0.0,0.7878,30.0,0.0
3545,44.75,0.63,15.51,0.0,0.0,0.9,28.61,0.0
3546,43.51,0.96,0.0,0.0,12.55,0.9,30.0,0.0
3547,41.99,1.49,0.0,0.0,10.5,0.8031,30.0,0.0
3548,40.26,0.29,0.0,0.0,9.97,0.7221,30.0,0.0
3549,38.39,0.95,0.0,0.0,7.44,0.6451,30.0,0.0
3550,36.43,0.78,0.0,0.0,5.66,0.5877,30.0,0.0
3551,36.43,0.3,0.0,0.0,6.14,0.544,30.0,0.0
3552,36.4,1.29,0.0,0.0,5.11,0.4966,30.0,0.0
3553,36.4,2.38,0.0,0.0,4.02,0.4572,30.0,0.0
3554,36.4,0.1,0.0,0.0,6.3,0.4261,30.0,0.0
3555,36.4,0.94,0.0,0.0,5.45,0.3775,30.0,0.0
3556,36.4,1.18,0.0,0.0,5.22,0.3354,30.0,0.0
3557,36.4,0.79,0.0,0.0,5.6,0.2951,30.0,0.0
3558,36.4,0.54,0.0,0.0,5.86,0.2519,30.0,0.0
3559,38.35,0.0,14.47,6.12,0.0,0.2067,30.0,0.0
3560,40.23,0.46,29.65,19.88,0.0,0.2493,30.0,0.0
3561,41.95,0.0,42.36,0.0,0.06,0.3878,0.0,0.46
3562,43.47,0.0,51.76,0.0,21.71,0.3874,0.0,30.0
3563,44.71,0.72,58.48,0.0,15.51,0.2198,0.0,30.0
3564,45.64,0.58,59.47,0.0,0.0,0.1,0.0,14.41
3565,46.21,0.13,54.43,38.36,0.0,0.1,30.0,0.0
3566,46.4,0.27,51.48,35.35,0.0,0.3672,30.0,0.0
3567,46.21,0.79,42.43,27.01,0.0,0.6135,30.0,0.0
3568,45.64,0.46,29.3,14.12,0.0,0.8016,30.0,0.0
3569,44.71,0.93,13.59,0.0,0.2,0.9,30.0,0.0
3570,43.47,0.45,0.0,0.0,13.02,0.8985,30.0,0.0
3571,41.95,1.4,0.0,0.0,10.55,0.7979,30.0,0.0
3572,40.23,1.02,0.0,0.0,9.21,0.7165,30.0,0.0
3573,38.35,1.06,0.0,0.0,7.29,0.6454,30.0,0.0
3574,36.4,0.39,0.0,0.0,6.01,0.5892,30.0,0.0
3575,36.4,1.24,0.0,0.0,5.16,0.5428,30.0,0.0
3576,36.36,0.68,0.0,0.0,5.68,0.503,30.0,0.0
3577,36.36,0.76,0.0,0.0,5.6,0.4591,30.0,0.0
3578,36.36,0.62,0.0,0.0,5.74,0.4159,30.0,0.0
3579,36.36,0.41,0.0,0.0,5.95,0.3715,30.0,0.0
3580,36.36,1.94,0.0,0.0,4.43,0.3256,30.0,0.0
3581,36.36,1.41,0.0,0.0,4.96,0.2914,30.0,0.0
3582,36.36,1.58,0.0,0.0,4.79,0.2532,30.0,0.0
3583,38.31,0.0,14.01,5.69,0.0,0.2162,30.0,0.0
3584,40.19,0.37,29.73,19.91,0.0,0.2559,30.0,0.0
3585,41.92,0.0,42.81,0.0,29.1,0.3946,0.0,30.0
3586,43.43,0.0,52.63,0.0,0.0,0.1699,0.0,9.2
3587,44.68,0.0,58.59,0.0,9.06,0.1699,0.0,22.97
3588,45.6,0.72,59.95,0.0,0.0,0.1,0.0,15.06
3589,46.17,0.0,57.76,41.59,0.0,0.1,30.0,0.0
3590,46.36,0.7,51.35,35.68,0.0,0.3897,30.0,0.0
3591,46.17,0.54,38.25,22.62,0.0,0.6383,30.0,0.0
3592,45.6,1.52,29.04,14.95,0.0,0.7958,30.0,0.0
3593,44.68,0.0,14.14,0.0,0.53,0.9,30.0,0.0
3594,43.43,1.24,0.0,0.0,12.2,0.8959,30.0,0.0
3595,41.92,1.31,0.0,0.0,10.61,0.8017,30.0,0.0
3596,40.19,0.35,0.0,0.0,9.84,0.7199,30.0,0.0
3597,38.31,1.47,0.0,0.0,6.84,0.6439,30.0,0.0
3598,36.36,1.21,0.0,0.0,5.15,0.5911,30.0,0.0
3599,36.36,0.97,0.0,0.0,5.39,0.5513,30.0,0.0
3600,36.33,0.68,0.0,0.0,5.65,0.5097,30.0,0.0
3601,36.33,0.72,0.0,0.0,5.61,0.4661,30.0,0.0
3602,36.33,2.08,0.0,0.0,4.25,0.4228,30.0,0.0
3603,36.33,0.95,0.0,0.0,5.38,0.3901,30.0,0.0
3604,36.33,1.25,0.0,0.0,5.08,0.3486,30.0,0.0
3605,36.33,0.32,0.0,0.0,6.01,0.3093,30.0,0.0
3606,36.33,0.19,0.0,0.0,6.14,0.263,30.0,0.0
3607,38.28,1.01,14.4,7.13,0.0,0.2156,30.0,0.0
3608,40.15,0.0,29.05,18.9,0.0,0.2653,30.0,0.0
3609,41.88,0.02,40.67,28.8,0.0,0.3969,30.0,0.0
3610,43.4,0.16,50.63,0.0,22.6,0.5976,0.0,30.0
3611,44.64,0.15,56.71,0.0,17.78,0.4231,0.0,30.0
3612,45.57,0.0,59.74,0.0,15.83,0.2859,0.0,30.0
3613,46.13,0.3,57.64,41.81,0.0,0.1637,30.0,0.0
3614,46.33,0.5,51.34,21.16,0.0,0.4549,15.64,0.0
3615,46.13,0.0,43.52,27.38,0.0,0.6023,30.0,0.0
3616,45.57,0.0,30.05,14.49,0.0,0.7931,30.0,0.0
3617,44.64,0.31,15.19,0.86,0.0,0.894,30.0,0.0
3618,43.4,1.2,0.0,0.0,12.2,0.9,30.0,0.0
3619,41.88,1.18,0.0,0.0,10.7,0.8059,30.0,0.0
3620,40.15,0.14,0.0,0.0,10.01,0.7232,30.0,0.0
3621,38.28,1.13,0.0,0.0,7.15,0.646,30.0,0.0
3622,36.33,0.02,0.0,0.0,6.31,0.5908,30.0,0.0
3623,36.33,1.11,0.0,0.0,5.22,0.5421,30.0,0.0
3624,36.29,2.07,0.0,0.0,4.22,0.5018,30.0,0.0
3625,36.29,0.59,0.0,0.0,5.7,0.4692,30.0,0.0
3626,36.29,0.6,0.0,0.0,5.69,0.4253,30.0,0.0
3627,36.29,1.34,0.0,0.0,4.95,0.3814,30.0,0.0
3628,36.29,0.05,0.0,0.0,6.24,0.3431,30.0,0.0
3629,36.29,0.39,0.0,0.0,5.9,0.295,30.0,0.0
3630,36.29,0.89,0.0,0.0,5.4,0.2495,30.0,0.0
3631,38.24,0.13,15.45,7.34,0.0,0.2078,30.0,0.0
3632,40.12,0.0,30.88,0.0,0.0,0.2589,9.23,0.0
3633,41.85,0.6,41.8,0.0,20.58,0.2589,0.0,21.14
3634,43.36,0.36,53.16,0.0,0.0,0.1,0.0,10.15
3635,44.6,0.23,58.77,0.0,0.0,0.1,0.0,14.39
3636,45.53,0.0,59.6,0.0,0.0,0.1,0.0,14.07
3637,46.1,0.28,57.4,41.58,0.0,0.1,30.0,0.0
3638,46.29,0.08,50.57,34.36,0.0,0.3897,30.0,0.0
3639,46.1,0.46,40.88,25.24,0.0,0.629,30.0,0.0
3640,45.53,0.07,29.11,13.66,0.0,0.8049,30.0,0.0
3641,44.6,0.36,13.05,0.0,1.2,0.9,30.0,0.0
3642,43.36,0.08,0.0,0.0,13.28,0.8907,30.0,0.0
3643,41.85,0.7,0.0,0.0,11.15,0.7882,30.0,0.0
3644,40.12,0.43,0.0,0.0,9.69,0.7022,30.0,0.0
3645,38.24,0.38,0.0,0.0,7.86,0.6274,30.0,0.0
3646,36.29,1.16,0.0,0.0,5.13,0.5667,30.0,0.0
3647,36.29,1.19,0.0,0.0,5.1,0.5271,30.0,0.0
3648,36.25,1.49,0.0,0.0,4.76,0.4877,30.0,0.0
3649,36.25,0.85,0.0,0.0,5.4,0.4509,30.0,0.0
3650,36.25,1.23,0.0,0.0,5.02,0.4092,30.0,0.0
3651,36.25,1.22,0.0,0.0,5.03,0.3705,30.0,0.0
3652,36.25,1.06,0.0,0.0,5.19,0.3317,30.0,0.0
3653,36.25,0.29,0.0,0.0,5.96,0.2916,30.0,0.0
3654,36.25,0.66,0.0,0.0,5.6,0.2456,30.0,0.0
3655,38.2,0.63,14.08,6.51,0.0,0.2024,30.0,0.0
3656,40.08,0.33,28.73,18.98,0.0,0.2478,30.0,0.0
3657,41.81,0.0,27.66,15.85,0.0,0.38,30.0,0.0
3658,43.32,0.22,52.54,0.0,20.57,0.4904,0.0,30.0
3659,44.57,1.22,58.63,0.0,14.72,0.3316,0.0,30.0
3660,45.49,0.0,60.21,0.0,15.29,0.218,0.0,30.0
3661,46.06,0.0,59.02,42.96,0.0,0.1,30.0,0.0
3662,46.25,0.33,47.31,31.39,0.0,0.3993,30.0,0.0
3663,46.06,0.38,42.69,27.0,0.0,0.6179,30.0,0.0
3664,45.49,0.93,28.05,13.49,0.0,0.806,30.0,0.0
3665,44.57,0.0,15.06,0.0,0.0,0.9,29.51,0.0
3666,43.32,0.95,0.0,0.0,12.37,0.9,30.0,0.0
3667,41.81,1.01,0.0,0.0,10.79,0.8045,30.0,0.0
3668,40.08,0.76,0.0,0.0,9.32,0.7212,30.0,0.0
3669,38.2,1.12,0.0,0.0,7.09,0.6493,30.0,0.0
3670,36.25,1.55,0.0,0.0,4.7,0.5946,30.0,0.0
3671,36.25,1.52,0.0,0.0,4.73,0.5583,30.0,0.0
3672,36.22,0.5,0.0,0.0,5.71,0.5217,30.0,0.0
3673,36.22,1.49,0.0,0.0,4.73,0.4776,30.0,0.0
3674,36.22,0.99,0.0,0.0,5.23,0.4412,30.0,0.0
3675,36.22,0.98,0.0,0.0,5.24,0.4008,30.0,0.0
3676,36.22,0.87,0.0,0.0,5.35,0.3603,30.0,0.0
3677,36.22,0.63,0.0,0.0,5.58,0.3191,30.0,0.0
3678,36.22,1.19,0.0,0.0,5.03,0.276,30.0,0.0
3679,38.17,0.4,15.13,7.36,0.0,0.2371,30.0,0.0
3680,40.04,0.0,10.04,0.0,0.0,0.2885,30.0,0.0
3681,41.77,0.01,42.19,0.0,4.21,0.2885,0.0,4.65
3682,43.29,0.22,52.86,0.0,20.2,0.2559,0.0,30.0
3683,44.53,0.71,59.39,0.0,0.0,0.1,0.0,15.58
3684,45.45,0.37,60.87,0.0,0.0,0.1,0.0,15.79
3685,46.02,0.0,58.87,42.84,0.0,0.1,30.0,0.0
3686,46.22,1.4,46.36,31.55,0.0,0.3985,30.0,0.0
3687,46.02,0.35,41.28,25.61,0.0,0.6183,30.0,0.0
3688,45.45,0.97,29.32,14.84,0.0,0.7966,30.0,0.0
3689,44.53,0.37,12.99,0.0,1.17,0.9,30.0,0.0
3690,43.29,0.85,0.0,0.0,12.44,0.891,30.0,0.0
3691,41.77,1.14,0.0,0.0,10.63,0.795,30.0,0.0
3692,40.04,1.46,0.0,0.0,8.59,0.7129,30.0,0.0
3693,38.17,1.48,0.0,0.0,6.69,0.6466,30.0,0.0
3694,36.22,1.47,0.0,0.0,4.75,0.595,30.0,0.0
3695,36.22,0.91,0.0,0.0,5.31,0.5583,30.0,0.0
3696,36.18,0.79,0.0,0.0,5.39,0.5173,30.0,0.0
3697,36.18,1.24,0.0,0.0,4.94,0.4758,30.0,0.0
3698,36.18,1.49,0.0,0.0,4.69,0.4376,30.0,0.0
3699,36.18,0.82,0.0,0.0,5.36,0.4014,30.0,0.0
3700,36.18,1.37,0.0,0.0,4.81,0.3601,30.0,0.0
3701,36.18,1.45,0.0,0.0,4.73,0.323,30.0,0.0
3702,36.18,0.1,0.0,0.0,6.07,0.2865,30.0,0.0
3703,38.13,0.01,14.01,5.89,0.0,0.2396,30.0,0.0
3704,40.0,0.24,28.72,4.29,0.0,0.2806,15.33,0.0
3705,41.73,0.37,41.36,30.0,0.0,0.3105,30.0,0.0
3706,43.25,0.0,51.25,0.0,22.0,0.5195,0.0,30.0
3707,44.49,0.77,57.18,0.0,16.54,0.3496,0.0,30.0
3708,45.42,0.28,59.34,0.0,15.8,0.2219,0.0,30.0
3709,45.99,0.1,57.39,41.5,0.0,0.1,30.0,0.0
3710,46.18,0.0,52.95,36.77,0.0,0.3891,30.0,0.0
3711,45.99,0.0,41.13,25.14,0.0,0.6453,30.0,0.0
3712,45.42,0.46,29.5,11.42,0.0,0.8204,26.88,0.0
3713,44.49,0.0,15.63,0.0,0.0,0.9,28.86,0.0
3714,43.25,1.09,0.0,0.0,12.16,0.9,30.0,0.0
3715,41.73,0.62,0.0,0.0,11.11,0.8061,30.0,0.0
3716,40.0,2.49,0.0,0.0,7.52,0.7204,30.0,0.0
3717,38.13,2.11,0.0,0.0,6.01,0.6624,30.0,0.0
3718,36.18,0.92,0.0,0.0,5.26,0.6159,30.0,0.0
3719,36.18,1.01,0.0,0.0,5.17,0.5754,30.0,0.0
3720,36.14,1.59,0.0,0.0,4.55,0.5355,30.0,0.0
3721,36.14,1.93,0.0,0.0,4.21,0.5004,30.0,0.0
3722,36.14,0.17,0.0,0.0,5.97,0.4679,30.0,0.0
3723,36.14,0.02,0.0,0.0,6.12,0.4218,30.0,0.0
3724,36.14,0.51,0.0,0.0,5.63,0.3746,30.0,0.0
3725,36.14,1.0,0.0,0.0,5.14,0.3311,30.0,0.0
3726,36.14,0.82,0.0,0.0,5.32,0.2914,30.0,0.0
3727,38.09,0.98,15.69,8.58,0.0,0.2503,30.0,0.0
3728,39.97,0.0,30.68,20.71,0.0,0.3101,30.0,0.0
3729,41.7,0.0,42.43,0.0,25.14,0.4544,0.0,25.87
3730,43.21,0.56,51.88,0.0,20.77,0.2603,0.0,30.0
3731,44.45,0.0,59.46,0.0,0.0,0.1,0.0,15.0
3732,45.38,0.0,61.62,0.0,0.0,0.1,0.0,16.24
3733,45.95,0.15,57.8,42.0,0.0,0.1,30.0,0.0
3734,46.14,0.53,50.91,31.38,0.0,0.3926,26.08,0.0
3735,45.95,0.14,43.91,28.1,0.0,0.6112,30.0,0.0
3736,45.38,0.08,28.66,13.36,0.0,0.807,30.0,0.0
3737,44.45,0.35,16.04,0.0,0.0,0.9,28.06,0.0
3738,43.21,0.38,0.0,0.0,12.83,0.9,30.0,0.0
3739,41.7,0.01,0.0,0.0,11.68,0.8009,30.0,0.0
3740,39.97,0.46,0.0,0.0,9.51,0.7107,30.0,0.0
3741,38.09,1.2,0.0,0.0,6.89,0.6374,30.0,0.0
3742,36.14,1.18,0.0,0.0,4.96,0.5841,30.0,0.0
3743,36.14,1.15,0.0,0.0,4.99,0.5458,30.0,0.0
3744,36.1,0.57,0.0,0.0,5.53,0.5073,30.0,0.0
3745,36.1,0.97,0.0,0.0,5.14,0.4646,30.0,0.0
3746,36.1,0.0,0.0,0.0,6.1,0.4249,30.0,0.0
3747,36.1,1.02,0.0,0.0,5.08,0.3778,30.0,0.0
3748,36.1,1.55,0.0,0.0,4.55,0.3386,30.0,0.0
3749,36.1,0.0,0.0,0.0,6.1,0.3034,30.0,0.0
3750,36.1,0.26,0.0,0.0,5.84,0.2563,30.0,0.0
3751,38.05,0.6,13.93,6.48,0.0,0.2113,30.0,0.0
3752,39.93,0.95,30.82,21.84,0.0,0.2564,30.0,0.0
3753,41.66,0.0,42.69,0.0,2.49,0.4086,0.0,3.52
3754,43.17,0.0,51.27,0.0,21.9,0.3893,0.0,30.0
3755,44.42,0.0,58.84,0.0,15.58,0.2203,0.0,30.0
3756,45.34,0.11,61.99,0.0,0.0,0.1,0.0,16.76
3757,45.91,1.11,59.99,45.19,0.0,0.1,30.0,0.0
3758,46.1,0.26,43.58,27.74,0.0,0.4148,30.0,0.0
3759,45.91,0.19,41.39,25.67,0.0,0.6081,30.0,0.0
3760,45.34,0.47,29.03,14.17,0.0,0.7869,30.0,0.0
3761,44.42,0.43,16.06,2.07,0.0,0.8856,30.0,0.0
3762,43.17,0.15,0.0,0.0,13.02,0.9,30.0,0.0
3763,41.66,1.12,0.0,0.0,10.54,0.7995,30.0,0.0
3764,39.93,0.94,0.0,0.0,8.99,0.7181,30.0,0.0
3765,38.05,0.93,0.0,0.0,7.12,0.6487,30.0,0.0
3766,36.1,0.51,0.0,0.0,5.59,0.5938,30.0,0.0
3767,36.1,1.72,0.0,0.0,4.38,0.5506,30.0,0.0
3768,36.06,1.41,0.0,0.0,4.65,0.5168,30.0,0.0
3769,36.06,0.77,0.0,0.0,5.29,0.4809,30.0,0.0
3770,36.06,1.52,0.0,0.0,4.55,0.4401,30.0,0.0
3771,36.06,0.67,0.0,0.0,5.4,0.405,30.0,0.0
3772,36.06,0.42,0.0,0.0,5.65,0.3633,30.0,0.0
3773,36.06,0.3,0.0,0.0,5.76,0.3197,30.0,0.0
3774,36.06,0.0,0.0,0.0,6.06,0.2753,30.0,0.0
3775,38.01,0.67,14.3,6.96,0.0,0.2285,30.0,0.0
3776,39.89,0.0,30.96,21.07,0.0,0.2769,30.0,0.0
3777,41.62,0.0,41.84,0.0,29.78,0.4237,0.0,30.0
3778,43.13,0.0,53.72,0.0,0.0,0.1938,0.0,10.59
3779,44.38,0.02,58.34,0.0,12.16,0.1938,0.0,26.14
3780,45.3,0.0,62.08,0.0,0.0,0.1,0.0,16.78
3781,45.87,0.0,54.41,38.54,0.0,0.1,30.0,0.0
3782,46.06,0.0,50.85,34.79,0.0,0.3685,30.0,0.0
3783,45.87,0.0,43.78,27.91,0.0,0.6108,30.0,0.0
3784,45.3,0.54,28.36,13.6,0.0,0.8053,30.0,0.0
3785,44.38,0.15,13.65,0.0,0.58,0.9,30.0,0.0
3786,43.13,0.72,0.0,0.0,12.41,0.8955,30.0,0.0
3787,41.62,0.24,0.0,0.0,11.38,0.7997,30.0,0.0
3788,39.89,0.91,0.0,0.0,8.98,0.7119,30.0,0.0
3789,38.01,1.59,0.0,0.0,6.42,0.6425,30.0,0.0
3790,36.06,1.3,0.0,0.0,4.76,0.5929,30.0,0.0
3791,36.06,0.84,0.0,0.0,5.22,0.5562,30.0,0.0
3792,36.02,1.2,0.0,0.0,4.82,0.5159,30.0,0.0
3793,36.02,0.93,0.0,0.0,5.1,0.4787,30.0,0.0
3794,36.02,1.0,0.0,0.0,5.02,0.4393,30.0,0.0
3795,36.02,0.75,0.0,0.0,5.27,0.4006,30.0,0.0
3796,36.02,0.73,0.0,0.0,5.3,0.3599,30.0,0.0
3797,36.02,0.8,0.0,0.0,5.23,0.319,30.0,0.0
3798,36.02,0.05,0.0,0.0,5.98,0.2787,30.0,0.0
3799,37.97,0.0,14.09,6.11,0.0,0.2326,30.0,0.0
3800,39.85,0.0,12.52,2.67,0.0,0.2752,30.0,0.0
3801,41.58,0.0,41.32,29.74,0.0,0.2937,30.0,0.0
3802,43.09,0.0,53.31,0.0,19.78,0.5009,0.0,30.0
3803,44.34,0.14,57.77,0.0,16.43,0.3483,0.0,30.0
3804,45.26,0.0,59.53,0.0,15.73,0.2214,0.0,30.0
3805,45.83,0.33,60.01,44.5,0.0,0.1,30.0,0.0
3806,46.02,0.13,52.62,36.72,0.0,0.41,30.0,0.0
3807,45.83,0.0,33.0,17.17,0.0,0.6659,30.0,0.0
3808,45.26,0.64,31.06,16.43,0.0,0.7855,30.0,0.0
3809,44.34,0.64,13.7,0.0,0.0,0.9,30.0,0.0
3810,43.09,0.05,0.0,0.0,13.05,0.9,30.0,0.0
3811,41.58,0.9,0.0,0.0,10.68,0.7993,30.0,0.0
3812,39.85,0.37,0.0,0.0,9.48,0.7169,30.0,0.0
3813,37.97,0.97,0.0,0.0,7.01,0.6437,30.0,0.0
3814,36.02,0.35,0.0,0.0,5.67,0.5897,30.0,0.0
3815,36.02,0.13,0.0,0.0,5.89,0.5459,30.0,0.0
3816,35.98,0.87,0.0,0.0,5.12,0.5004,30.0,0.0
3817,35.98,0.98,0.0,0.0,5.0,0.4609,30.0,0.0
3818,35.98,0.79,0.0,0.0,5.19,0.4223,30.0,0.0
3819,35.98,0.31,0.0,0.0,5.68,0.3823,30.0,0.0
3820,35.98,0.6,0.0,0.0,5.38,0.3385,30.0,0.0
3821,35.98,0.82,0.0,0.0,5.16,0.2969,30.0,0.0
3822,35.98,0.53,0.0,0.0,5.45,0.2571,30.0,0.0
3823,37.93,0.51,13.86,6.44,0.0,0.215,30.0,0.0
3824,39.81,0.0,30.17,20.36,0.0,0.2598,30.0,0.0
3825,41.54,0.79,41.77,0.0,18.24,0.4017,0.0,19.27
3826,43.06,0.0,52.21,0.0,20.85,0.2609,0.0,30.0
3827,44.3,0.31,57.11,0.0,0.0,0.1,0.0,13.12
3828,45.22,0.65,60.83,0.0,0.0,0.1,0.0,16.26
3829,45.79,0.3,59.82,44.33,0.0,0.1,30.0,0.0
3830,45.98,0.01,52.0,36.02,0.0,0.4088,30.0,0.0
3831,45.79,0.0,42.68,26.89,0.0,0.6597,30.0,0.0
3832,45.22,0.83,21.99,7.6,0.0,0.8471,30.0,0.0
3833,44.3,0.0,14.23,0.0,0.06,0.9,30.0,0.0
3834,43.06,0.06,0.0,0.0,13.0,0.8995,30.0,0.0
3835,41.54,0.48,0.0,0.0,11.06,0.7992,30.0,0.0
3836,39.81,1.44,0.0,0.0,8.37,0.7138,30.0,0.0
3837,37.93,1.11,0.0,0.0,6.83,0.6492,30.0,0.0
3838,35.98,0.5,0.0,0.0,5.48,0.5965,30.0,0.0
3839,35.98,0.89,0.0,0.0,5.1,0.5542,30.0,0.0
3840,35.94,0.75,0.0,0.0,5.2,0.5149,30.0,0.0
3841,35.94,0.68,0.0,0.0,5.26,0.4747,30.0,0.0
3842,35.94,1.49,0.0,0.0,4.45,0.4341,30.0,0.0
3843,35.94,0.21,0.0,0.0,5.73,0.3998,30.0,0.0
3844,35.94,1.63,0.0,0.0,4.32,0.3555,30.0,0.0
3845,35.94,1.11,0.0,0.0,4.84,0.3222,30.0,0.0
3846,35.94,1.11,0.0,0.0,4.84,0.2848,30.0,0.0
3847,37.9,0.18,13.33,5.61,0.0,0.2475,30.0,0.0
3848,39.77,0.22,28.65,19.1,0.0,0.2866,30.0,0.0
3849,41.5,0.0,42.63,0.0,28.87,0.4196,0.0,30.0
3850,43.02,0.0,51.03,0.0,12.54,0.1968,0.0,20.55
3851,44.26,0.31,57.82,0.0,0.0,0.1,0.0,13.87
3852,45.18,0.7,61.0,0.0,0.0,0.1,0.0,16.52
3853,45.75,0.0,57.45,41.7,0.0,0.1,30.0,0.0
3854,45.94,0.0,52.34,36.4,0.0,0.3905,30.0,0.0
3855,45.75,0.11,36.73,21.08,0.0,0.6441,30.0,0.0
3856,45.18,0.0,30.83,15.65,0.0,0.791,30.0,0.0
3857,44.26,0.72,13.34,0.0,0.2,0.9,30.0,0.0
3858,43.02,0.18,0.0,0.0,12.84,0.8985,30.0,0.0
3859,41.5,0.58,0.0,0.0,10.92,0.7994,30.0,0.0
3860,39.77,0.57,0.0,0.0,9.2,0.7151,30.0,0.0
3861,37.9,0.51,0.0,0.0,7.39,0.6441,30.0,0.0
3862,35.94,0.99,0.0,0.0,4.96,0.5871,30.0,0.0
3863,35.94,0.93,0.0,0.0,5.01,0.5488,30.0,0.0
3864,35.9,0.87,0.0,0.0,5.04,0.5102,30.0,0.0
3865,35.9,0.67,0.0,0.0,5.24,0.4713,30.0,0.0
3866,35.9,1.15,0.0,0.0,4.75,0.4309,30.0,0.0
3867,35.9,1.75,0.0,0.0,4.15,0.3942,30.0,0.0
3868,35.9,0.87,0.0,0.0,5.03,0.3622,30.0,0.0
3869,35.9,1.19,0.0,0.0,4.72,0.3233,30.0,0.0
3870,35.9,0.0,0.0,0.0,5.9,0.2869,30.0,0.0
3871,37.86,0.49,14.89,7.53,0.0,0.2413,30.0,0.0
3872,39.73,0.0,28.25,18.52,0.0,0.2938,30.0,0.0
3873,41.46,0.0,43.43,0.0,28.03,0.4229,0.0,30.0
3874,42.98,0.0,51.78,0.0,0.0,0.2065,0.0,8.8
3875,44.22,0.66,58.59,0.0,13.8,0.2065,0.0,28.83
3876,45.14,0.52,60.67,0.0,0.0,0.1,0.0,16.04
3877,45.71,0.18,52.76,37.23,0.0,0.1,30.0,0.0
3878,45.9,0.0,51.34,35.44,0.0,0.3593,30.0,0.0
3879,45.71,0.08,41.46,25.83,0.0,0.6062,30.0,0.0
3880,45.14,0.44,31.03,16.34,0.0,0.7862,30.0,0.0
3881,44.22,0.5,13.06,0.0,0.66,0.9,30.0,0.0
3882,42.98,0.0,0.0,0.0,12.98,0.8949,30.0,0.0
3883,41.46,0.22,0.0,0.0,11.24,0.7948,30.0,0.0
3884,39.73,0.77,0.0,0.0,8.96,0.708,30.0,0.0
3885,37.86,1.18,0.0,0.0,6.67,0.6388,30.0,0.0
3886,35.9,0.0,0.0,0.0,5.9,0.5873,30.0,0.0
3887,35.9,0.96,0.0,0.0,4.95,0.5418,30.0,0.0
3888,35.86,1.13,0.0,0.0,4.74,0.5036,30.0,0.0
3889,35.86,1.47,0.0,0.0,4.39,0.467,30.0,0.0
3890,35.86,1.34,0.0,0.0,4.52,0.4331,30.0,0.0
3891,35.86,1.2,0.0,0.0,4.66,0.3982,30.0,0.0
3892,35.86,0.39,0.0,0.0,5.47,0.3622,30.0,0.0
3893,35.86,0.0,0.0,0.0,5.86,0.32,30.0,0.0
3894,35.86,0.34,0.0,0.0,5.52,0.2747,30.0,0.0
3895,37.81,0.92,13.74,6.85,0.0,0.2321,30.0,0.0
3896,39.69,1.0,8.69,0.0,0.0,0.2798,30.0,0.0
3897,41.42,0.54,42.94,0.0,4.12,0.2798,0.0,6.19
3898,42.94,0.32,53.45,0.0,19.17,0.2479,0.0,30.0
3899,44.18,0.24,59.5,0.0,0.0,0.1,0.0,15.56
3900,45.1,0.0,61.14,0.0,0.0,0.1,0.0,16.04
3901,45.67,0.0,49.39,33.72,0.0,0.1,30.0,0.0
3902,45.86,0.0,52.15,36.29,0.0,0.3349,30.0,0.0
3903,45.67,0.0,43.54,27.87,0.0,0.5877,30.0,0.0
3904,45.1,1.11,30.95,16.96,0.0,0.7818,30.0,0.0
3905,44.18,0.25,14.76,0.0,0.0,0.9,29.17,0.0
3906,42.94,1.22,0.0,0.0,11.71,0.9,30.0,0.0
3907,41.42,0.0,0.0,0.0,11.42,0.8096,30.0,0.0
3908,39.69,1.1,0.0,0.0,8.59,0.7214,30.0,0.0
3909,37.81,0.53,0.0,0.0,7.29,0.6551,30.0,0.0
3910,35.86,0.26,0.0,0.0,5.6,0.5989,30.0,0.0
3911,35.86,1.15,0.0,0.0,4.71,0.5556,30.0,0.0
3912,35.82,1.57,0.0,0.0,4.26,0.5192,30.0,0.0
3913,35.82,0.6,0.0,0.0,5.22,0.4864,30.0,0.0
3914,35.82,0.22,0.0,0.0,5.61,0.4461,30.0,0.0
3915,35.82,0.85,0.0,0.0,4.97,0.4028,30.0,0.0
3916,35.82,0.75,0.0,0.0,5.07,0.3644,30.0,0.0
3917,35.82,0.95,0.0,0.0,4.87,0.3253,30.0,0.0
3918,35.82,1.03,0.0,0.0,4.8,0.2877,30.0,0.0
3919,37.77,0.38,16.0,8.61,0.0,0.2507,30.0,0.0
3920,39.65,1.23,29.52,0.0,8.9,0.3106,0.0,0.0
3921,41.38,0.29,43.88,0.0,0.0,0.2419,0.0,2.8
3922,42.89,0.0,52.19,0.0,18.39,0.2419,0.0,27.69
3923,44.14,0.0,59.79,0.0,0.0,0.1,0.0,15.65
3924,45.06,0.0,60.31,0.0,0.0,0.1,0.0,15.25
3925,45.63,0.0,59.18,43.54,0.0,0.1,30.0,0.0
3926,45.82,0.59,51.77,36.54,0.0,0.4034,30.0,0.0
3927,45.63,0.42,35.85,20.63,0.0,0.6579,30.0,0.0
3928,45.06,0.0,29.19,14.12,0.0,0.8016,30.0,0.0
3929,44.14,0.5,13.12,0.0,0.52,0.9,30.0,0.0
3930,42.89,0.88,0.0,0.0,12.01,0.896,30.0,0.0
3931,41.38,1.45,0.0,0.0,9.92,0.8033,30.0,0.0
3932,39.65,1.25,0.0,0.0,8.4,0.7267,30.0,0.0
3933,37.77,1.29,0.0,0.0,6.48,0.6618,30.0,0.0
3934,35.82,1.01,0.0,0.0,4.81,0.6118,30.0,0.0
3935,35.82,1.23,0.0,0.0,4.59,0.5747,30.0,0.0
3936,35.78,1.69,0.0,0.0,4.09,0.5392,30.0,0.0
3937,35.78,0.35,0.0,0.0,5.43,0.5076,30.0,0.0
3938,35.78,0.8,0.0,0.0,4.98,0.4657,30.0,0.0
3939,35.78,0.5,0.0,0.0,5.28,0.4272,30.0,0.0
3940,35.78,0.99,0.0,0.0,4.8,0.3865,30.0,0.0
3941,35.78,1.3,0.0,0.0,4.48,0.3495,30.0,0.0
3942,35.78,0.23,0.0,0.0,5.55,0.3148,30.0,0.0
3943,37.73,0.0,13.53,5.79,0.0,0.272,30.0,0.0
3944,39.61,0.07,29.21,19.67,0.0,0.3124,30.0,0.0
3945,41.34,0.64,43.68,0.0,27.01,0.4494,0.0,30.0
3946,42.85,0.37,54.01,0.0,18.25,0.2409,0.0,29.78
3947,44.1,0.26,59.58,0.0,0.0,0.1,0.0,15.75
3948,45.02,0.0,60.26,0.0,0.0,0.1,0.0,15.24
3949,45.59,0.0,58.97,35.77,0.0,0.1,22.39,0.0
3950,45.78,0.0,52.44,36.66,0.0,0.3492,30.0,0.0
3951,45.59,0.0,42.51,26.92,0.0,0.6046,30.0,0.0
3952,45.02,0.0,30.51,15.49,0.0,0.7921,30.0,0.0
3953,44.1,0.0,15.65,0.0,0.0,0.9,28.45,0.0
3954,42.85,0.24,0.0,0.0,12.61,0.9,30.0,0.0
3955,41.34,0.36,0.0,0.0,10.98,0.8026,30.0,0.0
3956,39.61,0.75,0.0,0.0,8.86,0.7179,30.0,0.0
3957,37.73,0.78,0.0,0.0,6.96,0.6494,30.0,0.0
3958,35.78,1.55,0.0,0.0,4.23,0.5957,30.0,0.0
3959,35.78,1.13,0.0,0.0,4.66,0.5631,30.0,0.0
3960,35.74,0.67,0.0,0.0,5.07,0.5271,30.0,0.0
3961,35.74,2.0,0.0,0.0,3.75,0.488,30.0,0.0
3962,35.74,1.0,0.0,0.0,4.74,0.4591,30.0,0.0
3963,35.74,1.29,0.0,0.0,4.45,0.4225,30.0,0.0
3964,35.74,0.48,0.0,0.0,5.26,0.3882,30.0,0.0
3965,35.74,0.85,0.0,0.0,4.89,0.3475,30.0,0.0
3966,35.74,0.69,0.0,0.0,5.05,0.3098,30.0,0.0
3967,37.69,0.0,15.62,7.93,0.0,0.2708,30.0,0.0
3968,39.57,1.31,31.21,22.95,0.0,0.3261,30.0,0.0
3969,41.3,0.83,43.63,0.0,26.84,0.486,0.0,30.0
3970,42.81,0.0,52.72,0.0,7.84,0.2788,0.0,17.74
3971,44.06,0.0,58.72,0.0,15.33,0.2183,0.0,30.0
3972,44.98,0.2,61.99,0.0,0.0,0.1,0.0,17.21
3973,45.55,0.08,47.8,32.33,0.0,0.1,30.0,0.0
3974,45.74,0.27,52.46,37.0,0.0,0.3252,30.0,0.0
3975,45.55,0.27,42.33,27.05,0.0,0.583,30.0,0.0
3976,44.98,0.54,30.26,15.82,0.0,0.7714,30.0,0.0
3977,44.06,1.14,15.56,2.64,0.0,0.8816,30.0,0.0
3978,42.81,0.83,0.0,0.0,11.99,0.9,30.0,0.0
3979,41.3,0.13,0.0,0.0,11.17,0.8075,30.0,0.0
3980,39.57,1.49,0.0,0.0,8.08,0.7213,30.0,0.0
3981,37.69,1.74,0.0,0.0,5.96,0.6589,30.0,0.0
3982,35.74,2.59,0.0,0.0,3.15,0.6129,30.0,0.0
3983,35.74,0.45,0.0,0.0,5.29,0.5886,30.0,0.0
3984,35.7,1.17,0.0,0.0,4.53,0.5478,30.0,0.0
3985,35.7,0.0,0.0,0.0,5.7,0.5128,30.0,0.0
3986,35.7,1.26,0.0,0.0,4.44,0.4688,30.0,0.0
3987,35.7,0.61,0.0,0.0,5.09,0.4345,30.0,0.0
3988,35.7,1.77,0.0,0.0,3.93,0.3952,30.0,0.0
3989,35.7,0.27,0.0,0.0,5.43,0.3649,30.0,0.0
3990,35.7,0.0,0.0,0.0,5.7,0.323,30.0,0.0
3991,37.65,0.16,13.79,6.3,0.0,0.2789,30.0,0.0
3992,39.53,0.0,29.48,19.95,0.0,0.3229,30.0,0.0
3993,41.26,0.55,42.29,0.0,27.74,0.4618,0.0,29.32
3994,42.77,0.0,53.63,0.0,19.14,0.2477,0.0,30.0
3995,44.02,0.05,58.68,0.0,0.0,0.1,0.0,14.72
3996,44.94,0.0,60.83,0.0,0.0,0.1,0.0,15.89
3997,45.51,0.0,58.1,42.59,0.0,0.1,30.0,0.0
3998,45.7,0.93,51.96,37.19,0.0,0.3967,30.0,0.0
3999,45.51,0.35,42.27,27.12,0.0,0.6558,30.0,0.0
4000,44.94,0.0,22.88,7.94,0.0,0.8447,30.0,0.0
4001,44.02,0.38,13.15,0.0,0.48,0.9,30.0,0.0
4002,42.77,0.54,0.0,0.0,12.23,0.8963,30.0,0.0
4003,41.26,0.91,0.0,0.0,10.35,0.8019,30.0,0.0
4004,39.53,0.09,0.0,0.0,9.44,0.722,30.0,0.0
4005,37.65,1.2,0.0,0.0,6.45,0.6492,30.0,0.0
4006,35.7,0.0,0.0,0.0,5.7,0.5993,30.0,0.0
4007,35.7,0.7,0.0,0.0,5.0,0.5553,30.0,0.0
4008,35.66,0.79,0.0,0.0,4.87,0.5168,30.0,0.0
4009,35.66,1.35,0.0,0.0,4.31,0.4792,30.0,0.0
4010,35.66,0.98,0.0,0.0,4.67,0.4459,30.0,0.0
4011,35.66,0.17,0.0,0.0,5.49,0.4098,30.0,0.0
4012,35.66,0.28,0.0,0.0,5.38,0.3675,30.0,0.0
4013,35.66,0.76,0.0,0.0,4.9,0.326,30.0,0.0
4014,35.66,0.49,0.0,0.0,5.17,0.2882,30.0,0.0
4015,37.61,0.1,14.38,6.87,0.0,0.2483,30.0,0.0
4016,39.49,0.03,31.06,0.0,0.0,0.2961,8.4,0.0
4017,41.21,0.52,42.95,0.0,25.41,0.2961,0.0,27.67
4018,42.73,0.0,53.0,0.0,0.0,0.1,0.0,10.27
4019,43.97,0.0,59.97,0.0,0.0,0.1,0.0,15.99
4020,44.9,1.13,60.26,0.0,0.0,0.1,0.0,16.49
4021,45.47,0.0,59.84,44.37,0.0,0.1,30.0,0.0
4022,45.66,0.0,51.52,35.86,0.0,0.4091,30.0,0.0
4023,45.47,0.57,41.3,18.5,0.0,0.6589,22.1,0.0
4024,44.9,0.0,31.0,16.11,0.0,0.7878,30.0,0.0
4025,43.97,0.23,13.74,0.0,0.0,0.9,30.0,0.0
4026,42.73,0.13,0.0,0.0,12.6,0.9,30.0,0.0
4027,41.21,0.53,0.0,0.0,10.69,0.8027,30.0,0.0
4028,39.49,1.6,0.0,0.0,7.88,0.7203,30.0,0.0
4029,37.61,1.3,0.0,0.0,6.31,0.6594,30.0,0.0
4030,35.66,1.41,0.0,0.0,4.25,0.6107,30.0,0.0
4031,35.66,0.3,0.0,0.0,5.36,0.5779,30.0,0.0
4032,35.62,0.45,0.0,0.0,5.17,0.5366,30.0,0.0
4033,35.62,0.0,0.0,0.0,5.62,0.4967,30.0,0.0
4034,35.62,0.56,0.0,0.0,5.06,0.4533,30.0,0.0
4035,35.62,1.38,0.0,0.0,4.24,0.4143,30.0,0.0
4036,35.62,1.05,0.0,0.0,4.57,0.3815,30.0,0.0
4037,35.62,0.55,0.0,0.0,5.07,0.3463,30.0,0.0
4038,35.62,0.52,0.0,0.0,5.1,0.3071,30.0,0.0
4039,37.57,0.04,16.13,8.6,0.0,0.2677,30.0,0.0
4040,39.44,0.38,29.01,19.94,0.0,0.3277,30.0,0.0
4041,41.17,0.56,44.23,0.0,26.11,0.4666,0.0,29.72
4042,42.69,0.0,51.31,0.0,21.38,0.265,0.0,30.0
4043,43.93,0.19,57.4,0.0,0.0,0.1,0.0,13.65
4044,44.86,0.49,61.84,0.0,0.0,0.1,0.0,17.47
4045,45.43,0.0,60.31,44.88,0.0,0.1,30.0,0.0
4046,45.62,0.44,51.17,36.0,0.0,0.4127,30.0,0.0
4047,45.43,1.61,43.59,29.77,0.0,0.6634,30.0,0.0
4048,44.86,0.22,18.0,3.36,0.0,0.8708,30.0,0.0
4049,43.93,0.6,14.16,0.83,0.0,0.8942,30.0,0.0
4050,42.69,0.15,0.0,0.0,12.54,0.9,30.0,0.0
4051,41.17,0.75,0.0,0.0,10.42,0.8032,30.0,0.0
4052,39.44,1.02,0.0,0.0,8.43,0.7228,30.0,0.0
4053,37.57,0.99,0.0,0.0,6.58,0.6577,30.0,0.0
4054,35.62,0.45,0.0,0.0,5.17,0.6069,30.0,0.0
4055,35.62,1.13,0.0,0.0,4.49,0.5671,30.0,0.0
4056,35.58,1.79,0.0,0.0,3.79,0.5324,30.0,0.0
4057,35.58,1.25,0.0,0.0,4.33,0.5031,30.0,0.0
4058,35.58,1.46,0.0,0.0,4.12,0.4697,30.0,0.0
4059,35.58,0.77,0.0,0.0,4.81,0.438,30.0,0.0
4060,35.58,1.16,0.0,0.0,4.41,0.4008,30.0,0.0
4061,35.58,0.8,0.0,0.0,4.78,0.3668,30.0,0.0
4062,35.58,0.04,0.0,0.0,5.54,0.3299,30.0,0.0
4063,37.53,0.56,14.44,7.47,0.0,0.2872,30.0,0.0
4064,39.4,0.0,31.16,21.76,0.0,0.3392,30.0,0.0
4065,41.13,0.0,41.59,0.0,29.54,0.4908,0.0,30.0
4066,42.65,0.18,52.38,0.0,20.09,0.2627,0.0,30.0
4067,43.89,0.18,57.73,0.0,0.99,0.1077,0.0,15.02
4068,44.81,0.0,61.69,0.0,0.0,0.1,0.0,16.87
4069,45.38,0.0,57.76,42.38,0.0,0.1,30.0,0.0
4070,45.58,0.0,53.57,37.99,0.0,0.3952,30.0,0.0
4071,45.38,0.0,43.37,27.98,0.0,0.6599,30.0,0.0
4072,44.81,0.0,21.3,6.48,0.0,0.8549,30.0,0.0
4073,43.89,0.32,15.76,0.0,0.0,0.9,27.81,0.0
4074,42.65,0.3,0.0,0.0,12.35,0.9,30.0,0.0
4075,41.13,0.72,0.0,0.0,10.42,0.8047,30.0,0.0
4076,39.4,0.6,0.0,0.0,8.81,0.7243,30.0,0.0
4077,37.53,0.0,0.0,0.0,7.53,0.6563,30.0,0.0
4078,35.58,0.77,0.0,0.0,4.81,0.5982,30.0,0.0
4079,35.58,0.86,0.0,0.0,4.71,0.5611,30.0,0.0
4080,35.53,1.36,0.0,0.0,4.17,0.5247,30.0,0.0
4081,35.53,0.66,0.0,0.0,4.87,0.4925,30.0,0.0
4082,35.53,1.83,0.0,0.0,3.71,0.4549,30.0,0.0
4083,35.53,0.0,0.0,0.0,5.53,0.4262,30.0,0.0
4084,35.53,1.45,0.0,0.0,4.08,0.3835,30.0,0.0
4085,35.53,0.54,0.0,0.0,4.99,0.352,30.0,0.0
4086,35.53,0.96,0.0,0.0,4.57,0.3135,30.0,0.0
4087,37.48,0.43,15.32,8.26,0.0,0.2782,30.0,0.0
4088,39.36,0.85,28.99,20.48,0.0,0.3357,30.0,0.0
4089,41.09,0.0,42.02,0.0,28.13,0.4784,0.0,29.06
4090,42.6,0.0,51.71,0.0,20.9,0.2613,0.0,30.0
4091,43.85,0.76,58.75,0.0,0.0,0.1,0.0,15.65
4092,44.77,0.0,60.71,0.0,0.0,0.1,0.0,15.94
4093,45.34,0.14,59.37,44.17,0.0,0.1,30.0,0.0
4094,45.53,0.71,53.0,38.18,0.0,0.4077,30.0,0.0
4095,45.34,0.0,43.95,15.76,0.0,0.6737,17.15,0.0
4096,44.77,0.57,30.92,16.72,0.0,0.7835,30.0,0.0
4097,43.85,0.09,13.76,0.0,0.0,0.9,30.0,0.0
4098,42.6,0.46,0.0,0.0,12.15,0.9,30.0,0.0
4099,41.09,0.69,0.0,0.0,10.4,0.8062,30.0,0.0
4100,39.36,0.01,0.0,0.0,9.35,0.726,30.0,0.0
4101,37.48,0.49,0.0,0.0,7.0,0.6538,30.0,0.0
4102,35.53,1.66,0.0,0.0,3.88,0.5998,30.0,0.0
4103,35.53,1.47,0.0,0.0,4.06,0.5699,30.0,0.0
4104,35.49,1.0,0.0,0.0,4.49,0.5385,30.0,0.0
4105,35.49,1.14,0.0,0.0,4.35,0.5038,30.0,0.0
4106,35.49,0.81,0.0,0.0,4.68,0.4702,30.0,0.0
4107,35.49,1.58,0.0,0.0,3.91,0.4341,30.0,0.0
4108,35.49,0.67,0.0,0.0,4.82,0.4039,30.0,0.0
4109,35.49,0.77,0.0,0.0,4.72,0.3667,30.0,0.0
4110,35.49,1.11,0.0,0.0,4.38,0.3303,30.0,0.0
4111,37.44,0.0,14.12,6.68,0.0,0.2965,30.0,0.0
4112,39.32,1.06,31.24,22.98,0.0,0.343,30.0,0.0
4113,41.05,0.0,41.6,0.0,17.54,0.5031,0.0,18.09
4114,42.56,0.91,52.96,0.0,18.69,0.3677,0.0,30.0
4115,43.81,0.0,57.81,0.0,15.99,0.2235,0.0,30.0
4116,44.73,0.0,61.97,0.0,0.0,0.1,0.0,17.23
4117,45.3,0.0,58.83,43.53,0.0,0.1,30.0,0.0
4118,45.49,0.0,53.56,38.07,0.0,0.4033,30.0,0.0
4119,45.3,0.0,42.73,27.43,0.0,0.6685,30.0,0.0
4120,44.73,0.0,19.41,4.68,0.0,0.8595,30.0,0.0
4121,43.81,0.32,14.62,1.13,0.0,0.8921,30.0,0.0
4122,42.56,1.01,0.0,0.0,11.55,0.9,30.0,0.0
4123,41.05,0.76,0.0,0.0,10.29,0.8108,30.0,0.0
4124,39.32,0.93,0.0,0.0,8.38,0.7314,30.0,0.0
4125,37.44,0.32,0.0,0.0,7.12,0.6667,30.0,0.0
4126,35.49,0.51,0.0,0.0,4.98,0.6118,30.0,0.0
4127,35.49,1.94,0.0,0.0,3.56,0.5733,30.0,0.0
4128,35.45,0.66,0.0,0.0,4.79,0.5459,30.0,0.0
4129,35.45,1.86,0.0,0.0,3.59,0.5089,30.0,0.0
4130,35.45,0.84,0.0,0.0,4.61,0.4812,30.0,0.0
4131,35.45,0.88,0.0,0.0,4.57,0.4456,30.0,0.0
4132,35.45,1.32,0.0,0.0,4.13,0.4103,30.0,0.0
4133,35.45,1.3,0.0,0.0,4.15,0.3785,30.0,0.0
4134,35.45,0.46,0.0,0.0,4.99,0.3465,30.0,0.0
4135,37.4,0.19,13.11,5.9,0.0,0.308,30.0,0.0
4136,39.28,0.24,28.19,19.15,0.0,0.3491,30.0,0.0
4137,41.01,0.33,42.9,0.0,27.78,0.4825,0.0,30.0
4138,42.52,0.53,52.58,0.0,19.4,0.2681,0.0,30.0
4139,43.76,0.03,57.88,0.0,2.37,0.1183,0.0,16.51
4140,44.69,0.32,60.19,0.0,0.0,0.1,0.0,15.83
4141,45.26,0.86,58.03,43.64,0.0,0.1,30.0,0.0
4142,45.45,0.27,52.46,37.28,0.0,0.404,30.0,0.0
4143,45.26,0.32,34.89,19.95,0.0,0.6637,30.0,0.0
4144,44.69,0.0,28.65,13.97,0.0,0.8027,30.0,0.0
4145,43.76,0.0,13.25,0.0,0.52,0.9,30.0,0.0
4146,42.52,0.72,0.0,0.0,11.8,0.896,30.0,0.0
4147,41.01,0.6,0.0,0.0,10.4,0.8049,30.0,0.0
4148,39.28,0.51,0.0,0.0,8.76,0.7246,30.0,0.0
4149,37.4,1.01,0.0,0.0,6.39,0.657,30.0,0.0
4150,35.45,0.93,0.0,0.0,4.52,0.6076,30.0,0.0
4151,35.45,1.59,0.0,0.0,3.86,0.5727,30.0,0.0
4152,35.41,1.07,0.0,0.0,4.33,0.543,30.0,0.0
4153,35.41,0.63,0.0,0.0,4.78,0.5095,30.0,0.0
4154,35.41,1.47,0.0,0.0,3.94,0.4726,30.0,0.0
4155,35.41,0.77,0.0,0.0,4.64,0.4422,30.0,0.0
4156,35.41,1.04,0.0,0.0,4.36,0.4064,30.0,0.0
4157,35.41,0.41,0.0,0.0,5.0,0.3727,30.0,0.0
4158,35.41,0.19,0.0,0.0,5.22,0.3342,30.0,0.0
4159,37.36,0.43,13.81,6.88,0.0,0.2938,30.0,0.0
4160,39.23,0.27,29.1,20.13,0.0,0.3418,30.0,0.0
4161,40.96,0.4,42.17,0.0,28.39,0.482,0.0,30.0
4162,42.48,0.0,52.58,0.0,19.9,0.2629,0.0,30.0
4163,43.72,0.0,60.26,0.0,1.2,0.1093,0.0,17.74
4164,44.65,0.0,59.52,0.0,0.0,0.1,0.0,14.88
4165,45.21,0.43,57.36,42.58,0.0,0.1,30.0,0.0
4166,45.41,0.0,51.43,36.02,0.0,0.3966,30.0,0.0
4167,45.21,0.03,41.87,26.68,0.0,0.6476,30.0,0.0
4168,44.65,0.0,24.2,9.55,0.0,0.8335,30.0,0.0
4169,43.72,0.02,14.33,0.0,0.0,0.9,29.37,0.0
4170,42.48,0.0,0.0,0.0,12.48,0.9,30.0,0.0
4171,40.96,0.57,0.0,0.0,10.39,0.8037,30.0,0.0
4172,39.23,0.53,0.0,0.0,8.71,0.7234,30.0,0.0
4173,37.36,0.39,0.0,0.0,6.97,0.6562,30.0,0.0
4174,35.41,0.87,0.0,0.0,4.54,0.6024,30.0,0.0
4175,35.41,1.26,0.0,0.0,4.14,0.5674,30.0,0.0
4176,35.36,1.02,0.0,0.0,4.34,0.5354,30.0,0.0
4177,35.36,1.17,0.0,0.0,4.2,0.5019,30.0,0.0
4178,35.36,1.89,0.0,0.0,3.48,0.4695,30.0,0.0
4179,35.36,0.7,0.0,0.0,4.66,0.4427,30.0,0.0
4180,35.36,0.92,0.0,0.0,4.45,0.4067,30.0,0.0
4181,35.36,0.39,0.0,0.0,4.98,0.3724,30.0,0.0
4182,35.36,0.08,0.0,0.0,5.28,0.334,30.0,0.0
4183,37.32,0.09,14.06,6.83,0.0,0.2932,30.0,0.0
4184,39.19,0.02,30.32,21.14,0.0,0.3408,30.0,0.0
4185,40.92,0.34,43.5,0.0,27.08,0.4881,0.0,30.0
4186,42.44,1.28,52.88,0.0,18.28,0.279,0.0,30.0
4187,43.68,0.0,57.48,0.0,4.92,0.1379,0.0,18.72
4188,44.6,0.0,60.42,0.0,0.0,0.1,0.0,15.81
4189,45.17,0.0,57.33,42.16,0.0,0.1,30.0,0.0
4190,45.36,0.28,52.47,37.38,0.0,0.3937,30.0,0.0
4191,45.17,0.29,32.39,17.5,0.0,0.6541,30.0,0.0
4192,44.6,0.92,30.65,16.96,0.0,0.7761,30.0,0.0
4193,43.68,0.0,14.51,0.83,0.0,0.8942,30.0,0.0
4194,42.44,0.0,0.0,0.0,12.44,0.9,30.0,0.0
4195,40.92,0.4,0.0,0.0,10.52,0.804,30.0,0.0
4196,39.19,1.33,0.0,0.0,7.86,0.7228,30.0,0.0
4197,37.32,0.08,0.0,0.0,7.24,0.6621,30.0,0.0
4198,35.36,0.0,0.0,0.0,5.36,0.6063,30.0,0.0
4199,35.36,1.3,0.0,0.0,4.06,0.5648,30.0,0.0
4200,35.32,1.15,0.0,0.0,4.17,0.5335,30.0,0.0
4201,35.32,0.45,0.0,0.0,4.87,0.5013,30.0,0.0
4202,35.32,0.45,0.0,0.0,4.87,0.4637,30.0,0.0
4203,35.32,0.38,0.0,0.0,4.94,0.4262,30.0,0.0
4204,35.32,0.83,0.0,0.0,4.49,0.388,30.0,0.0
4205,35.32,0.33,0.0,0.0,4.99,0.3533,30.0,0.0
4206,35.32,0.77,0.0,0.0,4.55,0.3148,30.0,0.0
4207,37.27,0.0,15.59,8.31,0.0,0.2796,30.0,0.0
4208,39.15,0.0,29.65,0.0,0.0,0.3375,9.5,0.0
4209,40.88,0.0,44.01,0.0,0.0,0.3375,0.0,3.13
4210,42.39,0.0,52.56,0.0,16.85,0.3375,0.0,27.02
4211,43.64,0.0,59.71,0.0,13.92,0.2075,0.0,30.0
4212,44.56,0.41,61.87,0.0,0.0,0.1,0.0,17.72
4213,45.13,0.0,58.88,43.75,0.0,0.1,30.0,0.0
4214,45.32,0.1,52.39,37.16,0.0,0.4048,30.0,0.0
4215,45.13,0.44,42.04,15.16,0.0,0.6637,17.81,0.0
4216,44.56,1.21,30.33,16.98,0.0,0.7693,30.0,0.0
4217,43.64,0.14,15.29,1.79,0.0,0.8875,30.0,0.0
4218,42.39,0.68,0.0,0.0,11.71,0.9,30.0,0.0
4219,40.88,0.0,0.0,0.0,10.88,0.8096,30.0,0.0
4220,39.15,0.0,0.0,0.0,9.15,0.7256,30.0,0.0
4221,37.27,1.31,0.0,0.0,5.96,0.655,30.0,0.0
4222,35.32,0.96,0.0,0.0,4.37,0.609,30.0,0.0
4223,35.32,1.61,0.0,0.0,3.71,0.5753,30.0,0.0
4224,35.28,0.32,0.0,0.0,4.96,0.5467,30.0,0.0
4225,35.28,1.27,0.0,0.0,4.0,0.5084,30.0,0.0
4226,35.28,1.91,0.0,0.0,3.37,0.4775,30.0,0.0
4227,35.28,1.09,0.0,0.0,4.19,0.4515,30.0,0.0
4228,35.28,0.91,0.0,0.0,4.37,0.4192,30.0,0.0
4229,35.28,0.65,0.0,0.0,4.63,0.3855,30.0,0.0
4230,35.28,0.0,0.0,0.0,5.28,0.3498,30.0,0.0
4231,37.23,1.08,13.87,7.72,0.0,0.309,30.0,0.0
4232,39.11,0.0,9.11,0.0,0.0,0.3628,30.0,0.0
4233,40.83,0.41,43.16,0.0,12.81,0.3628,0.0,15.55
4234,42.35,0.0,51.12,0.0,21.23,0.2639,0.0,30.0
4235,43.59,0.0,58.54,0.0,0.0,0.1,0.0,14.95
4236,44.52,0.74,61.58,0.0,0.0,0.1,0.0,17.8
4237,45.09,0.0,50.38,35.29,0.0,0.1,30.0,0.0
4238,45.28,0.82,52.55,38.08,0.0,0.3459,30.0,0.0
4239,45.09,0.11,41.21,26.24,0.0,0.6112,30.0,0.0
4240,44.52,0.0,28.64,14.12,0.0,0.794,30.0,0.0
4241,43.59,0.84,13.85,1.1,0.0,0.8924,30.0,0.0
4242,42.35,0.21,0.0,0.0,12.14,0.9,30.0,0.0
4243,40.83,1.0,0.0,0.0,9.83,0.8063,30.0,0.0
4244,39.11,0.78,0.0,0.0,8.32,0.7304,30.0,0.0
4245,37.23,0.09,0.0,0.0,7.14,0.6662,30.0,0.0
4246,35.28,1.04,0.0,0.0,4.24,0.6111,30.0,0.0
4247,35.28,2.13,0.0,0.0,3.15,0.5783,30.0,0.0
4248,35.24,1.28,0.0,0.0,3.96,0.5541,30.0,0.0
4249,35.24,0.98,0.0,0.0,4.26,0.5235,30.0,0.0
4250,35.24,1.51,0.0,0.0,3.73,0.4906,30.0,0.0
4251,35.24,0.98,0.0,0.0,4.25,0.4618,30.0,0.0
4252,35.24,0.88,0.0,0.0,4.36,0.429,30.0,0.0
4253,35.24,0.09,0.0,0.0,5.15,0.3954,30.0,0.0
4254,35.24,0.63,0.0,0.0,4.6,0.3556,30.0,0.0
4255,37.19,0.91,16.15,9.87,0.0,0.3201,30.0,0.0
4256,39.06,0.0,28.84,19.78,0.0,0.3889,30.0,0.0
4257,40.79,0.88,41.33,0.0,28.58,0.5267,0.0,30.0
4258,42.31,0.02,54.05,0.0,18.24,0.3061,0.0,30.0
4259,43.55,0.0,57.91,0.0,8.46,0.1653,0.0,22.81
4260,44.48,0.51,61.66,0.0,0.0,0.1,0.0,17.7
4261,45.04,0.0,58.79,43.74,0.0,0.1,30.0,0.0
4262,45.24,0.46,51.98,37.2,0.0,0.4047,30.0,0.0
4263,45.04,0.0,34.99,19.95,0.0,0.6639,30.0,0.0
4264,44.48,0.23,28.19,13.94,0.0,0.8029,30.0,0.0
4265,43.55,0.45,13.1,0.0,0.0,0.9,30.0,0.0
4266,42.31,0.66,0.0,0.0,11.64,0.9,30.0,0.0
4267,40.79,0.0,0.0,0.0,10.79,0.8101,30.0,0.0
4268,39.06,0.2,0.0,0.0,8.87,0.7268,30.0,0.0
4269,37.19,1.35,0.0,0.0,5.84,0.6584,30.0,0.0
4270,35.24,0.89,0.0,0.0,4.35,0.6133,30.0,0.0
4271,35.24,0.74,0.0,0.0,4.5,0.5798,30.0,0.0
4272,35.19,0.33,0.0,0.0,4.86,0.5451,30.0,0.0
4273,35.19,0.45,0.0,0.0,4.74,0.5075,30.0,0.0
4274,35.19,0.0,0.0,0.0,5.19,0.4709,30.0,0.0
4275,35.19,0.82,0.0,0.0,4.37,0.4308,30.0,0.0
4276,35.19,0.46,0.0,0.0,4.73,0.3971,30.0,0.0
4277,35.19,0.15,0.0,0.0,5.04,0.3606,30.0,0.0
4278,35.19,0.48,0.0,0.0,4.72,0.3217,30.0,0.0
4279,37.14,0.57,15.14,8.56,0.0,0.2853,30.0,0.0
4280,39.02,1.33,29.49,21.8,0.0,0.3449,30.0,0.0
4281,40.75,0.0,41.5,0.0,29.25,0.4968,0.0,30.0
4282,42.26,0.66,53.0,0.0,8.65,0.271,0.0,20.05
4283,43.51,0.52,59.49,0.0,13.5,0.2042,0.0,30.0
4284,44.43,0.0,60.97,0.0,0.0,0.1,0.0,16.54
4285,45.0,0.12,50.53,35.66,0.0,0.1,30.0,0.0
4286,45.19,0.0,51.3,36.11,0.0,0.3484,30.0,0.0
4287,45.0,0.25,42.3,27.54,0.0,0.5999,30.0,0.0
4288,44.43,1.03,28.93,15.53,0.0,0.7918,30.0,0.0
4289,43.51,0.69,12.82,0.0,0.0,0.9,30.0,0.0
4290,42.26,0.77,0.0,0.0,11.49,0.9,30.0,0.0
4291,40.75,0.43,0.0,0.0,10.32,0.8113,30.0,0.0
4292,39.02,0.01,0.0,0.0,9.01,0.7316,30.0,0.0
4293,37.14,0.77,0.0,0.0,6.38,0.6621,30.0,0.0
4294,35.19,1.57,0.0,0.0,3.62,0.6128,30.0,0.0
4295,35.19,0.23,0.0,0.0,4.97,0.5849,30.0,0.0
4296,35.15,0.48,0.0,0.0,4.67,0.5466,30.0,0.0
4297,35.15,1.07,0.0,0.0,4.08,0.5105,30.0,0.0
4298,35.15,0.45,0.0,0.0,4.7,0.479,30.0,0.0
4299,35.15,0.47,0.0,0.0,4.68,0.4428,30.0,0.0
4300,35.15,0.55,0.0,0.0,4.6,0.4066,30.0,0.0
4301,35.15,0.0,0.0,0.0,5.15,0.3711,30.0,0.0
4302,35.15,0.01,0.0,0.0,5.14,0.3314,30.0,0.0
4303,37.1,0.74,15.73,9.37,0.0,0.2917,30.0,0.0
4304,38.98,0.0,8.98,0.0,0.0,0.357,30.0,0.0
4305,40.71,0.0,44.04,0.0,0.67,0.357,0.0,4.0
4306,42.22,0.0,53.94,0.0,18.29,0.3518,0.0,30.0
4307,43.47,0.39,58.74,0.0,14.33,0.2107,0.0,30.0
4308,44.39,0.0,60.56,0.0,0.0,0.1,0.0,16.17
4309,44.96,0.0,52.19,37.23,0.0,0.1,30.0,0.0
4310,45.15,0.09,51.3,36.24,0.0,0.3594,30.0,0.0
4311,44.96,0.0,41.65,26.69,0.0,0.6119,30.0,0.0
4312,44.39,0.51,28.55,14.67,0.0,0.7978,30.0,0.0
4313,43.47,0.58,12.89,0.0,0.0,0.9,30.0,0.0
4314,42.22,0.3,0.0,0.0,11.92,0.9,30.0,0.0
4315,40.71,1.16,0.0,0.0,9.55,0.808,30.0,0.0
4316,38.98,0.19,0.0,0.0,8.79,0.7343,30.0,0.0
4317,37.1,1.45,0.0,0.0,5.65,0.6665,30.0,0.0
4318,35.15,1.03,0.0,0.0,4.12,0.6229,30.0,0.0
4319,35.15,0.83,0.0,0.0,4.32,0.5911,30.0,0.0
4320,35.11,1.01,0.0,0.0,4.09,0.5578,30.0,0.0
4321,35.11,0.95,0.0,0.0,4.16,0.5262,30.0,0.0
4322,35.11,1.58,0.0,0.0,3.53,0.4941,30.0,0.0
4323,35.11,0.32,0.0,0.0,4.78,0.4669,30.0,0.0
4324,35.11,0.38,0.0,0.0,4.73,0.4299,30.0,0.0
4325,35.11,1.17,0.0,0.0,3.93,0.3934,30.0,0.0
4326,35.11,0.21,0.0,0.0,4.9,0.3631,30.0,0.0
4327,37.06,0.84,14.24,8.02,0.0,0.3252,30.0,0.0
4328,38.93,1.13,28.47,20.66,0.0,0.3811,30.0,0.0
4329,40.66,0.0,43.32,0.0,27.35,0.5251,0.0,30.0
4330,42.18,0.42,53.78,0.0,17.98,0.314,0.0,30.0
4331,43.42,0.0,59.3,0.0,9.74,0.1752,0.0,25.62
4332,44.35,0.39,60.45,0.0,0.0,0.1,0.0,16.49
4333,44.92,0.12,57.2,42.4,0.0,0.1,30.0,0.0
4334,45.11,0.31,53.54,38.74,0.0,0.3954,30.0,0.0
4335,44.92,0.0,41.62,26.7,0.0,0.6653,30.0,0.0
4336,44.35,0.0,21.34,6.99,0.0,0.8513,30.0,0.0
4337,43.42,0.64,14.55,0.0,0.0,0.9,28.23,0.0
4338,42.18,0.0,0.0,0.0,12.18,0.9,30.0,0.0
4339,40.66,0.48,0.0,0.0,10.18,0.806,30.0,0.0
4340,38.93,1.25,0.0,0.0,7.69,0.7274,30.0,0.0
4341,37.06,0.97,0.0,0.0,6.09,0.6681,30.0,0.0
4342,35.11,1.95,0.0,0.0,3.16,0.6211,30.0,0.0
4343,35.11,1.53,0.0,0.0,3.58,0.5967,30.0,0.0
4344,35.06,0.69,0.0,0.0,4.38,0.5691,30.0,0.0
4345,35.06,1.02,0.0,0.0,4.04,0.5354,30.0,0.0
4346,35.06,0.93,0.0,0.0,4.13,0.5041,30.0,0.0
4347,35.06,0.06,0.0,0.0,5.0,0.4722,30.0,0.0
4348,35.06,0.29,0.0,0.0,4.78,0.4336,30.0,0.0
4349,35.06,0.36,0.0,0.0,4.71,0.3967,30.0,0.0
4350,35.06,0.0,0.0,0.0,5.06,0.3604,30.0,0.0
4351,37.02,0.4,13.12,6.51,0.0,0.3213,30.0,0.0
4352,38.89,0.13,31.1,22.33,0.0,0.3667,30.0,0.0
4353,40.62,0.0,42.3,0.0,22.24,0.5222,0.0,23.92
4354,42.14,0.28,52.14,0.0,19.72,0.3506,0.0,30.0
4355,43.38,0.38,60.25,0.0,12.74,0.1984,0.0,30.0
4356,44.3,0.12,60.02,0.0,0.0,0.1,0.0,15.83
4357,44.87,0.0,59.47,44.6,0.0,0.1,30.0,0.0
4358,45.06,0.37,38.79,24.09,0.0,0.4107,30.0,0.0
4359,44.87,0.5,43.47,29.1,0.0,0.5786,30.0,0.0
4360,44.3,0.41,30.93,17.04,0.0,0.7813,30.0,0.0
4361,43.38,0.0,15.37,0.0,0.0,0.9,28.01,0.0
4362,42.14,0.65,0.0,0.0,11.48,0.9,30.0,0.0
4363,40.62,1.26,0.0,0.0,9.36,0.8114,30.0,0.0
4364,38.89,0.46,0.0,0.0,8.43,0.7391,30.0,0.0
4365,37.02,1.95,0.0,0.0,5.07,0.674,30.0,0.0
4366,35.06,0.69,0.0,0.0,4.38,0.6349,30.0,0.0
4367,35.06,1.02,0.0,0.0,4.04,0.6011,30.0,0.0
4368,35.02,0.68,0.0,0.0,4.34,0.5699,30.0,0.0
4369,35.02,1.12,0.0,0.0,3.9,0.5364,30.0,0.0
4370,35.02,0.06,0.0,0.0,4.96,0.5063,30.0,0.0
4371,35.02,0.59,0.0,0.0,4.43,0.468,30.0,0.0
4372,35.02,0.21,0.0,0.0,4.81,0.4338,30.0,0.0
4373,35.02,0.71,0.0,0.0,4.31,0.3967,30.0,0.0
4374,35.02,1.02,0.0,0.0,4.0,0.3634,30.0,0.0
4375,36.97,0.71,14.67,8.4,0.0,0.3325,30.0,0.0
4376,38.85,0.0,30.83,0.0,0.0,0.3911,8.02,0.0
4377,40.58,1.19,43.2,0.0,26.18,0.3911,0.0,30.0
4378,42.09,0.22,52.89,0.0,11.53,0.189,0.0,22.55
4379,43.34,0.0,58.25,0.0,0.0,0.1,0.0,14.91
4380,44.26,0.08,60.94,0.0,0.0,0.1,0.0,16.76
4381,44.83,0.11,59.36,44.64,0.0,0.1,30.0,0.0
4382,45.02,0.0,51.88,36.86,0.0,0.411,30.0,0.0
4383,44.83,0.25,42.62,28.05,0.0,0.6677,30.0,0.0
4384,44.26,0.0,28.92,5.3,0.0,0.8631,20.63,0.0
4385,43.34,0.17,14.94,0.0,0.0,0.9,28.23,0.0
4386,42.09,0.16,0.0,0.0,11.93,0.9,30.0,0.0
4387,40.58,0.0,0.0,0.0,10.58,0.8079,30.0,0.0
4388,38.85,0.84,0.0,0.0,8.01,0.7262,30.0,0.0
4389,36.97,1.17,0.0,0.0,5.8,0.6644,30.0,0.0
4390,35.02,1.22,0.0,0.0,3.8,0.6197,30.0,0.0
4391,35.02,1.43,0.0,0.0,3.6,0.5903,30.0,0.0
4392,34.98,1.19,0.0,0.0,3.79,0.5626,30.0,0.0
4393,34.98,0.73,0.0,0.0,4.25,0.5333,30.0,0.0
4394,34.98,1.38,0.0,0.0,3.59,0.5005,30.0,0.0
4395,34.98,0.18,0.0,0.0,4.8,0.4728,30.0,0.0
4396,34.98,0.31,0.0,0.0,4.67,0.4357,30.0,0.0
4397,34.98,0.15,0.0,0.0,4.83,0.3997,30.0,0.0
4398,34.98,1.06,0.0,0.0,3.91,0.3624,30.0,0.0
4399,36.93,0.86,13.09,7.02,0.0,0.3322,30.0,0.0
4400,38.81,0.51,28.77,20.47,0.0,0.3811,30.0,0.0
4401,40.53,0.7,42.78,0.0,27.05,0.5237,0.0,30.0
4402,42.05,0.0,51.25,0.0,13.3,0.3149,0.0,22.5
4403,43.29,0.2,58.56,0.0,14.54,0.2122,0.0,30.0
4404,44.22,0.0,59.25,0.0,0.0,0.1,0.0,15.03
4405,44.79,0.45,57.17,42.84,0.0,0.1,30.0,0.0
4406,44.98,0.01,53.89,25.87,0.0,0.3984,16.95,0.0
4407,44.79,0.0,43.53,28.74,0.0,0.5786,30.0,0.0
4408,44.22,0.53,28.54,14.86,0.0,0.7789,30.0,0.0
4409,43.29,0.83,14.99,2.53,0.0,0.8824,30.0,0.0
4410,42.05,0.17,0.0,0.0,11.88,0.9,30.0,0.0
4411,40.53,0.61,0.0,0.0,9.92,0.8083,30.0,0.0
4412,38.81,0.23,0.0,0.0,8.58,0.7317,30.0,0.0
4413,36.93,0.0,0.0,0.0,6.93,0.6655,30.0,0.0
4414,34.98,1.06,0.0,0.0,3.92,0.612,30.0,0.0
4415,34.98,1.32,0.0,0.0,3.66,0.5817,30.0,0.0
4416,34.94,1.16,0.0,0.0,3.78,0.5535,30.0,0.0
4417,34.94,0.01,0.0,0.0,4.93,0.5243,30.0,0.0
4418,34.94,0.78,0.0,0.0,4.16,0.4863,30.0,0.0
4419,34.94,0.0,0.0,0.0,4.94,0.4542,30.0,0.0
4420,34.94,1.47,0.0,0.0,3.47,0.4161,30.0,0.0
4421,34.94,0.09,0.0,0.0,4.85,0.3893,30.0,0.0
4422,34.94,1.15,0.0,0.0,3.78,0.3519,30.0,0.0
4423,36.89,0.86,13.08,7.05,0.0,0.3227,30.0,0.0
4424,38.76,0.0,30.51,21.74,0.0,0.3718,30.0,0.0
4425,40.49,0.0,40.96,0.0,29.53,0.5233,0.0,30.0
4426,42.01,0.25,52.94,0.0,18.82,0.2953,0.0,30.0
4427,43.25,0.0,57.26,0.0,6.48,0.1501,0.0,20.5
4428,44.17,0.05,60.3,0.0,0.0,0.1,0.0,16.18
4429,44.74,0.0,59.86,45.12,0.0,0.1,30.0,0.0
4430,44.94,0.0,53.14,38.2,0.0,0.4143,30.0,0.0
4431,44.74,0.0,30.23,15.48,0.0,0.6805,30.0,0.0
4432,44.17,0.37,29.83,16.03,0.0,0.7883,30.0,0.0
4433,43.25,0.09,14.36,0.0,0.0,0.9,28.8,0.0
4434,42.01,0.23,0.0,0.0,11.78,0.9,30.0,0.0
4435,40.49,1.0,0.0,0.0,9.49,0.8091,30.0,0.0
4436,38.76,1.37,0.0,0.0,7.39,0.7358,30.0,0.0
4437,36.89,0.73,0.0,0.0,6.15,0.6787,30.0,0.0
4438,34.94,0.78,0.0,0.0,4.15,0.6313,30.0,0.0
4439,34.94,1.26,0.0,0.0,3.67,0.5992,30.0,0.0
4440,34.89,0.33,0.0,0.0,4.56,0.5708,30.0,0.0
4441,34.89,1.12,0.0,0.0,3.77,0.5356,30.0,0.0
4442,34.89,1.24,0.0,0.0,3.65,0.5065,30.0,0.0
4443,34.89,1.22,0.0,0.0,3.67,0.4783,30.0,0.0
4444,34.89,0.0,0.0,0.0,4.89,0.4499,30.0,0.0
4445,34.89,0.25,0.0,0.0,4.64,0.4122,30.0,0.0
4446,34.89,0.06,0.0,0.0,4.83,0.3764,30.0,0.0
4447,36.84,0.43,14.78,8.36,0.0,0.3391,30.0,0.0
4448,38.72,0.5,29.79,21.57,0.0,0.3974,30.0,0.0
4449,40.45,0.92,43.4,0.0,26.14,0.5476,0.0,30.0
4450,41.96,0.0,53.21,0.0,18.62,0.3459,0.0,29.87
4451,43.21,0.0,59.97,0.0,13.24,0.2022,0.0,30.0
4452,44.13,0.59,60.18,0.0,0.0,0.1,0.0,16.64
4453,44.7,0.17,57.12,42.59,0.0,0.1,30.0,0.0
4454,44.89,0.72,51.0,36.83,0.0,0.3967,30.0,0.0
